{"back":{"_":"رجوع"},"save":{"_":"حِفظ"},"hide":{"_":"إخفاء"},"cancel":{"_":"إلغاء"},"confirm":{"_":"تأكيد"},"done":{"_":"تم"},"events":{"_":"احداث"},"edit":{"_":"حرّر"},"allday-events":{"_":"جميع أحداث اليوم"},"hint-swipe-action":{"_":"مرر بإصبعك"},"hint-swipe-to-navigate":{"_":"للتنقل بين تواريخ التقويم."},"show-today":{"_":"اليوم"},"show-month-view":{"_":"شهر"},"show-week-view":{"_":"أسبوع"},"show-day-view":{"_":"يوم"},"settings-show":{"_":"الإعدادات"},"settings-hide":{"_":"أخفِ الإعدادات"},"add-account":{"_":"أضف حساباً"},"new-event":{"_":"إضافة حدث"},"add-event-header":{"_":"حدث"},"account-header":{"_":"الحساب"},"account-list-header":{"_":"الحسابات"},"settings-header":{"_":"التقويمات"},"advanced-settings":{"_":"إعدادات التقويم"},"advanced-settings-header":{"_":"إعدادات التقويم"},"advanced-settings-personalization":{"_":"تخصيص"},"advanced-settings-reminders":{"_":"التذكيرات"},"field-user":{"placeholder":"إسم المستخدم"},"field-password":{"placeholder":"كلمة السّر"},"field-full-url":{"placeholder":"العنوان"},"modify-account-setting-up":{"_":"الرجاء الانتظار حتى يتم اعداد حسابك"},"modify-account-unable-to-sync":{"_":"غير قادر على التزامن"},"modify-account-sign-in":{"_":"تسجيل الدخول"},"preset-caldav":{"_":"CalDav"},"preset-yahoo":{"_":"Yahoo!"},"preset-google":{"_":"Google"},"preset-local":{"_":"تقويم دون متصل"},"preset-mozilla":{"_":"موزيلا زِمبرا"},"calendar-local":{"_":"تقويم دون متصل"},"event-title":{"placeholder":"العنوان"},"event-location":{"placeholder":"أين؟"},"event-description":{"placeholder":"الملاحظات"},"event-is-allday":{"_":"جميع أحداث اليوم؟"},"event-start-date":{"placeholder":"تاريخ البدء"},"event-end-date":{"placeholder":"تاريخ الإنتهاء"},"event-start-time":{"placeholder":"توقيت البدء"},"event-end-time":{"placeholder":"توقيت الإنتهاء"},"event-delete":{"_":"حذف الحدث"},"remove-account-data":{"_":"حذف البيانات المحلية"},"remove-account-dialog":{"_":"حذف الحساب"},"remove-account-dialog-details":{"_":"حذف هذا الحساب يؤدي إلى حذف كل نسخك المحلية للتقويمات و الأحداث"},"sync-frequency":{"_":"مزامنة التقويم"},"sync-frequency-manual":{"textContent":"يدوياُ"},"sync-frequency-15min":{"textContent":"١٥ دقيقة"},"sync-frequency-30min":{"textContent":"٣٠ دقيقة"},"sync-frequency-hourly":{"textContent":"كل ساعة"},"none":{"_":"لا يوجد"},"remind-me":{"_":"ذكّرني"},"from-time":{"_":"من:"},"to-time":{"_":"إلى:"},"alarm-at-event-standard":{"_":"في وقت الحدث"},"alarm-at-event-allday":{"_":"في يوم الحدث"},"alarm-start-notice":{"_":"{{title}} يبدأ {{distance}}"},"alarm-started-notice":{"_":"{{title}} بَدَأ {{distance}}"},"minutes-before":{"_":"{[ plural(value) ]}","_[zero]":"قبل 0 دقيقة","_[one]":"قبل دقيقة واحدة","_[two]":"قبل دقيقتين","_[few]":"قبل {{value}} دقائق","_[many]":"قبل {{value}} دقائق","_[other]":"قبل {{value}} دقائق"},"hours-before":{"_":"{[ plural(value) ]}","_[zero]":"قبل 0 ساعة","_[one]":"قبل ساعة واحدة","_[two]":"قبل ساعتين","_[few]":"قبل {{value}} ساعات","_[many]":"قبل {{value}} ساعة","_[other]":"قبل {{value}} ساعات"},"days-before":{"_":"{[ plural(value) ]}","_[zero]":"قبل 0 يوم","_[one]":"قبل يوم واحد","_[two]":"قبل يومين","_[few]":"قبل {{value}} أيام","_[many]":"قبل {{value}} يوم","_[other]":"قبل {{value}} يوم"},"weeks-before":{"_":"{[ plural(value) ]}","_[zero]":"قبل 0 أسابيع","_[one]":"قبل أسبوع واحد","_[two]":"قبل أسبوعين","_[few]":"قبل {{value}} أسابيع","_[many]":"قبل {{value}} أسبوع","_[other]":"قبل {{value}} أسبوع"},"months-before":{"_":"{[ plural(value) ]}","_[zero]":"قبل 0 شهر","_[one]":"قبل شهر واحد","_[two]":"قبل شهرين","_[few]":"قبل {{value}} أشهر","_[many]":"قبل {{value}} شهر","_[other]":"قبل {{value}} شهر"},"years-before":{"_":"{[ plural(value) ]}","_[zero]":"قبل 0 سنة","_[one]":"قبل سنة واحدة","_[two]":"قبل سنتين","_[few]":"قبل {{value}} سنوات","_[many]":"قبل {{value}} سنة","_[other]":"قبل {{value}} سنة"},"minutes-after":{"_":"{[ plural(value) ]}","_[zero]":"بعد 0 دقيقة","_[one]":"بعد دقيقة واحدة","_[two]":"بعد دقيقتين","_[few]":"بعد {{value}} دقائق","_[many]":"بعد {{value}} دقيقة","_[other]":"بعد {{value}} دقيقة"},"hours-after":{"_":"{[ plural(value) ]}","_[zero]":"بعد 0 ساعة","_[one]":"بعد ساعة واحدة","_[two]":"بعد ساعتين","_[few]":"بعد {{value}} ساعات","_[many]":"بعد {{value}} ساعة","_[other]":"بعد {{value}} ساعة"},"days-after":{"_":"{[ plural(value) ]}","_[zero]":"بعد 0 يوم","_[one]":"بعد يوم واحد","_[two]":"بعد يومين","_[few]":"بعد {{value}} أيام","_[many]":"بعد {{value}} يوم","_[other]":"بعد {{value}} يوم"},"weeks-after":{"_":"{[ plural(value) ]}","_[zero]":"بعد 0 أسبوع","_[one]":"بعد أسبوع واحد","_[two]":"بعد أسبوعين","_[few]":"بعد {{value}} أسابيع","_[many]":"بعد {{value}} أسبوع","_[other]":"بعد {{value}} أسبوع"},"months-after":{"_":"{[ plural(value) ]}","_[zero]":"بعد 0 شهر","_[one]":"بعد شهر واحد","_[two]":"بعد شهرين","_[few]":"بعد {{value}} أشهر","_[many]":"بعد {{value}} شهر","_[other]":"بعد {{value}} شهر"},"years-after":{"_":"{[ plural(value) ]}","_[zero]":"بعد 0 سنة","_[one]":"بعد سنة واحدة","_[two]":"بعد سنتين","_[few]":"بعد {{value}} سنوات","_[many]":"بعد {{value}} سنة","_[other]":"بعد {{value}} سنة"},"hour-format":{"_":"%I %p"},"hour-allday":{"_":"طول اليوم"},"month-view-header-format":{"_":"%B %Y"},"multi-month-view-header-format":{"_":"%b %Y"},"day-view-header-format":{"_":"%b %e, %A"},"error-start-after-end":{"_":"تاريخ الانتهاء يجب أن يكون بعد تاريخ البدء"},"error-unauthenticated":{"_":"اسم المستخدم أو كلمة السِّر غير صحيحة"},"error-no-url":{"_":"No connection. Check your Wi-Fi and try again."},"error-internal-server-error":{"_":"خطأ في الخادم. تحقق من تسجيل دخولك وحاول مرة أخرى."},"error-default":{"_":"هنالك خطأ. حاول مرة أخرى."},"error-offline":{"_":"لا يوجد اتصال. تحقق من اعدادت الشبكة وحاول مرة أخرى."},"error-account-exist":{"_":"هذا الحساب موجود مسبقاً."},"notification-error-sync-title":{"_":"خطأ في تزامن التقويم"},"notification-error-sync-description":{"_":"انقر لمزيد من المعلومات"},"weekday-0-long":{"_":"الأحد"},"weekday-1-long":{"_":"الإثنين"},"weekday-2-long":{"_":"الثلاثاء"},"weekday-3-long":{"_":"الأربعاء"},"weekday-4-long":{"_":"الخميس"},"weekday-5-long":{"_":"الجمعة"},"weekday-6-long":{"_":"السبت"},"weekday-0-short":{"_":"أحد"},"weekday-1-short":{"_":"إثنين"},"weekday-2-short":{"_":"ثلاثاء"},"weekday-3-short":{"_":"أربعاء"},"weekday-4-short":{"_":"خميس"},"weekday-5-short":{"_":"جمعة"},"weekday-6-short":{"_":"سبت"},"month-0-long":{"_":"يناير"},"month-1-long":{"_":"فبراير"},"month-2-long":{"_":"مارس"},"month-3-long":{"_":"أبريل"},"month-4-long":{"_":"مايو"},"month-5-long":{"_":"يونيو"},"month-6-long":{"_":"يوليو"},"month-7-long":{"_":"أغسطس"},"month-8-long":{"_":"سبتمبر"},"month-9-long":{"_":"أكتوبر"},"month-10-long":{"_":"نوفمبر"},"month-11-long":{"_":"ديسمبر"},"month-0-genitive":{"_":"يناير"},"month-1-genitive":{"_":"فبراير"},"month-2-genitive":{"_":"مارس"},"month-3-genitive":{"_":"أبريل"},"month-4-genitive":{"_":"مايو"},"month-5-genitive":{"_":"يونيو"},"month-6-genitive":{"_":"يوليو"},"month-7-genitive":{"_":"أغسطس"},"month-8-genitive":{"_":"سبتمبر"},"month-9-genitive":{"_":"أكتوبر"},"month-10-genitive":{"_":"نوفمبر"},"month-11-genitive":{"_":"ديسمبر"},"month-0-short":{"_":"يناير"},"month-1-short":{"_":"فبراير"},"month-2-short":{"_":"مارس"},"month-3-short":{"_":"ابريل"},"month-4-short":{"_":"مايو"},"month-5-short":{"_":"يونيو"},"month-6-short":{"_":"يوليو"},"month-7-short":{"_":"أغسطس"},"month-8-short":{"_":"سبتمبر"},"month-9-short":{"_":"أكتوبر"},"month-10-short":{"_":"نوفمبر"},"month-11-short":{"_":"ديسمبر"},"minutes-ago-long":{"_":"{[ plural(value) ]}","_[zero]":"الآن","_[one]":"منذ دقيقة","_[two]":"منذ {{value}} دقائق","_[few]":"منذ {{value}} دقائق","_[many]":"منذ {{value}} دقائق","_[other]":"منذ {{value}} دقائق"},"hours-ago-long":{"_":"{[ plural(value) ]}","_[zero]":"الآن","_[one]":"قبل ساعة واحدة","_[two]":"منذ ساعتين","_[few]":"قبل {{value}} ساعات","_[many]":"قبل {{value}} ساعة","_[other]":"قبل {{value}} ساعة"},"days-ago-long":{"_":"{[ plural(value) ]}","_[zero]":"اليوم","_[one]":"الأمس","_[two]":"قبل يومين","_[few]":"قبل {{value}} أيام","_[many]":"قبل {{value}} يوم","_[other]":"قبل {{value}} يوم"},"weeks-ago-long":{"_":"{[ plural(value) ]}","_[zero]":"هذا الأسبوع","_[one]":"الأسبوع الماضي","_[two]":"منذ {{value}} أسابيع","_[few]":"منذ {{value}} أسابيع","_[many]":"منذ {{value}} أسابيع","_[other]":"منذ {{value}} أسابيع"},"months-ago-long":{"_":"{[ plural(value) ]}","_[zero]":"هذا الشهر","_[one]":"الشهر الماضي","_[two]":"منذ {{value}} أشهر","_[few]":"منذ {{value}} أشهر","_[many]":"منذ {{value}} أشهر","_[other]":"منذ {{value}} أشهر"},"years-ago-long":{"_":"{[ plural(value) ]}","_[zero]":"هذه السنة","_[one]":"السنة الماضية","_[two]":"منذ سنتين","_[few]":"منذ {{value}} سنوات","_[many]":"منذ {{value}} سنة","_[other]":"منذ {{value}} سنة"},"minutes-until-long":{"_":"{[ plural(value) ]}","_[zero]":"الآن","_[one]":"خلال دقيقة","_[two]":"خلال دقيقتين","_[few]":"خلال {{value}} دقائق","_[many]":"خلال {{value}} دقيقة","_[other]":"خلال {{value}} دقيقة"},"hours-until-long":{"_":"{[ plural(value) ]}","_[zero]":"الآن","_[one]":"خلال ساعة","_[two]":"خلال ساعتين","_[few]":"خلال {{value}} ساعات","_[many]":"خلال {{value}} ساعة","_[other]":"خلال {{value}} ساعة"},"days-until-long":{"_":"{[ plural(value) ]}","_[zero]":"اليوم","_[one]":"غداً","_[two]":"خلال يومين","_[few]":"خلال {{value}} أيام","_[many]":"خلال {{value}} يوم","_[other]":"خلال {{value}} يوم"},"weeks-until-long":{"_":"{[ plural(value) ]}","_[zero]":"هذا الأسبوع","_[one]":"الأسبوع القادم","_[two]":"خلال اسبوعين","_[few]":"خلال {{value}} أسابيع","_[many]":"خلال {{value}} أسبوع","_[other]":"خلال {{value}} أسبوع"},"months-until-long":{"_":"{[ plural(value) ]}","_[zero]":"هذا الشهر","_[one]":"الشهر القادم","_[two]":"خلال شهرين","_[few]":"خلال {{value}} أشهر","_[many]":"خلال {{value}} شهر","_[other]":"خلال {{value}} شهر"},"years-until-long":{"_":"{[ plural(value) ]}","_[zero]":"هذه السنة","_[one]":"السنة القادمة","_[two]":"خلال سنتين","_[few]":"خلال {{value}} سنوات","_[many]":"خلال {{value}} سنة","_[other]":"خلال {{value}} سنة"},"minutes-ago-short":{"_":"{[ plural(value) ]}","_[zero]":"الآن","_[other]":"منذ {{value}} دقيقة"},"hours-ago-short":{"_":"{[ plural(value) ]}","_[zero]":"الآن","_[other]":"منذ {{value}} س"},"days-ago-short":{"_":"{[ plural(value) ]}","_[zero]":"اليوم","_[other]":"منذ {{value}} ي"},"minutes-until-short":{"_":"{[ plural(value) ]}","_[zero]":"الآن","_[other]":"خلال {{value}} د"},"hours-until-short":{"_":"{[ plural(value) ]}","_[zero]":"الآن","_[other]":"خلال {{value}} س"},"days-until-short":{"_":"{[ plural(value) ]}","_[zero]":"اليوم","_[other]":"خلال {{value}} ي"},"incorrectDate":{"_":"(تاريخ غير صحيح)"},"dateTimeFormat_%c":{"_":"%a %b %e %Y %I:%M:%S %p"},"dateTimeFormat_%x":{"_":"%m/%d/%Y"},"dateTimeFormat_%X":{"_":"%I:%M:%S %p"},"shortTimeFormat":{"_":"%I:%M %p"},"shortDateTimeFormat":{"_":"%x %I:%M %p"},"weekStartsOnMonday":{"_":"0"},"time_am":{"_":"ص"},"time_pm":{"_":"م"}}