{"back":{"_":"Назад"},"save":{"_":"Запис"},"hide":{"_":"Скриване"},"cancel":{"_":"Отказ"},"confirm":{"_":"Потвърждение"},"done":{"_":"Готово"},"events":{"_":"Събития"},"edit":{"_":"Редактиране"},"allday-events":{"_":"Целодневни събития"},"hint-swipe-action":{"_":"Плъзнете"},"hint-swipe-to-navigate":{"_":"за да навигирате между датите."},"show-today":{"_":"Днес"},"show-month-view":{"_":"Месец"},"show-week-view":{"_":"Седмица"},"show-day-view":{"_":"Ден"},"settings-show":{"_":"Настройки"},"settings-hide":{"_":"Скриване на настройките"},"add-account":{"_":"Нова регистрация"},"new-event":{"_":"Добавяне на събитие"},"add-event-header":{"_":"Събитие"},"account-header":{"_":"Регистрация"},"account-list-header":{"_":"Регистрации"},"settings-header":{"_":"Календари"},"advanced-settings":{"_":"Настройки на календара"},"advanced-settings-header":{"_":"Настройки"},"advanced-settings-personalization":{"_":"Персонализация"},"advanced-settings-reminders":{"_":"Напомняния"},"field-user":{"placeholder":"Потребителско име"},"field-password":{"placeholder":"Парола"},"field-full-url":{"placeholder":"URL"},"modify-account-setting-up":{"_":"Моля изчакайте, докато се извършва регистрацията"},"modify-account-unable-to-sync":{"_":"Неуспешна синхронизация"},"modify-account-sign-in":{"_":"Влизане"},"preset-caldav":{"_":"CalDav"},"preset-yahoo":{"_":"Yahoo!"},"preset-google":{"_":"Google"},"preset-local":{"_":"Офлайн календар"},"preset-mozilla":{"_":"Mozilla Zimbra"},"calendar-local":{"_":"Офлайн календар"},"event-title":{"placeholder":"Заглавие"},"event-location":{"placeholder":"Местоположение"},"event-description":{"placeholder":"Бележки"},"event-is-allday":{"_":"Целодневно събитие?"},"event-start-date":{"placeholder":"Начална дата"},"event-end-date":{"placeholder":"Крайна дата"},"event-start-time":{"placeholder":"Начален час"},"event-end-time":{"placeholder":"Краен час"},"event-delete":{"_":"Изтриване на събитието"},"remove-account-data":{"_":"Премахване на локалните данни"},"remove-account-dialog":{"_":"Премахване на регистрацията"},"remove-account-dialog-details":{"_":"Премахването на тази регистрация ще премахне локалните копия на свързаните календари и събития."},"sync-frequency":{"_":"Синхронизация"},"sync-frequency-manual":{"textContent":"Ръчна"},"sync-frequency-15min":{"textContent":"15 мин"},"sync-frequency-30min":{"textContent":"30 мин"},"sync-frequency-hourly":{"textContent":"На кръгъл час"},"none":{"_":"Няма"},"remind-me":{"_":"Напомняне"},"from-time":{"_":"От:"},"to-time":{"_":"До:"},"alarm-at-event-standard":{"_":"По време на събитието"},"alarm-at-event-allday":{"_":"В деня на събитието"},"alarm-start-notice":{"_":"{{title}} започва {{distance}}"},"alarm-started-notice":{"_":"{{title}} започна {{distance}}"},"minutes-before":{"_":"{[ plural(value) ]}","_[zero]":"преди 0 минути","_[one]":"преди 1 минута","_[two]":"преди {{value}} минути","_[few]":"преди {{value}} минути","_[many]":"преди {{value}} минути","_[other]":"преди {{value}} минути"},"hours-before":{"_":"{[ plural(value) ]}","_[zero]":"преди 0 часа","_[one]":"преди 1 час","_[two]":"преди {{value}} часа","_[few]":"преди {{value}} часа","_[many]":"преди {{value}} часа","_[other]":"преди {{value}} часа"},"days-before":{"_":"{[ plural(value) ]}","_[zero]":"преди 0 дни","_[one]":"преди 1 ден","_[two]":"преди {{value}} дни","_[few]":"преди {{value}} дни","_[many]":"преди {{value}} дни","_[other]":"преди {{value}} дни"},"weeks-before":{"_":"{[ plural(value) ]}","_[zero]":"преди 0 седмици","_[one]":"преди 1 седмица","_[two]":"преди {{value}} седмици","_[few]":"преди {{value}} седмици","_[many]":"преди {{value}} седмици","_[other]":"преди {{value}} седмици"},"months-before":{"_":"{[ plural(value) ]}","_[zero]":"преди 0 месеца","_[one]":"преди 1 месец","_[two]":"преди {{value}} месеца","_[few]":"преди {{value}} месеца","_[many]":"преди {{value}} месеца","_[other]":"преди {{value}} месеца"},"years-before":{"_":"{[ plural(value) ]}","_[zero]":"преди 0 години","_[one]":"преди 1 година","_[two]":"преди {{value}} години","_[few]":"преди {{value}} години","_[many]":"преди {{value}} години","_[other]":"преди {{value}} години"},"minutes-after":{"_":"{[ plural(value) ]}","_[zero]":"след 0 минути","_[one]":"след 1 минута","_[two]":"след {{value}} минути","_[few]":"след {{value}} минути","_[many]":"след {{value}} минути","_[other]":"след {{value}} минути"},"hours-after":{"_":"{[ plural(value) ]}","_[zero]":"след 0 часа","_[one]":"след 1 час","_[two]":"след {{value}} часа","_[few]":"след {{value}} часа","_[many]":"след {{value}} часа","_[other]":"след {{value}} часа"},"days-after":{"_":"{[ plural(value) ]}","_[zero]":"след 0 дни","_[one]":"след 1 ден","_[two]":"след {{value}} дни","_[few]":"след {{value}} дни","_[many]":"след {{value}} дни","_[other]":"след {{value}} дни"},"weeks-after":{"_":"{[ plural(value) ]}","_[zero]":"след 0 седмици","_[one]":"след 1 седмица","_[two]":"след {{value}} седмици","_[few]":"след {{value}} седмици","_[many]":"след {{value}} седмици","_[other]":"след {{value}} седмици"},"months-after":{"_":"{[ plural(value) ]}","_[zero]":"след 0 месеца","_[one]":"след 1 месец","_[two]":"след {{value}} месеца","_[few]":"след {{value}} месеца","_[many]":"след {{value}} месеца","_[other]":"след {{value}} месеца"},"years-after":{"_":"{[ plural(value) ]}","_[zero]":"след 0 години","_[one]":"след 1 година","_[two]":"след {{value}} години","_[few]":"след {{value}} години","_[many]":"след {{value}} години","_[other]":"след {{value}} години"},"hour-format":{"_":"%H"},"hour-allday":{"_":"Цял ден"},"month-view-header-format":{"_":"%B %Y"},"multi-month-view-header-format":{"_":"%b %Y"},"day-view-header-format":{"_":"%A, %e %B"},"error-start-after-end":{"_":"Крайната дата трябва да е след началната дата"},"error-unauthenticated":{"_":"Грешно потребителско име и/или парола"},"error-no-url":{"_":"Няма мрежова свързаност. Проверете безжичната връзка и опитайте отново."},"error-internal-server-error":{"_":"Сървърна грешка. Проверете потребителското име и парола, и опитайте отново."},"error-default":{"_":"Има грешка. Опитайте отново по-късно."},"error-offline":{"_":"Няма мрежова свързаност. Проверете мрежовите настройки и опитайте отново."},"error-account-exist":{"_":"Вече има такава регистрация."},"notification-error-sync-title":{"_":"Грешка при синхронизирането на календара"},"notification-error-sync-description":{"_":"Натиснете тук за повече информация"},"single-month-view-header-format":{"_":"%B "},"weekday-0-long":{"_":"Неделя"},"weekday-1-long":{"_":"Понеделник"},"weekday-2-long":{"_":"Вторник"},"weekday-3-long":{"_":"Сряда"},"weekday-4-long":{"_":"Четвъртък"},"weekday-5-long":{"_":"Петък"},"weekday-6-long":{"_":"Събота"},"weekday-0-short":{"_":"Нед"},"weekday-1-short":{"_":"Пон"},"weekday-2-short":{"_":"Вт"},"weekday-3-short":{"_":"Ср"},"weekday-4-short":{"_":"Чет"},"weekday-5-short":{"_":"Пет"},"weekday-6-short":{"_":"Съб"},"month-0-long":{"_":"Януари"},"month-1-long":{"_":"Февруари"},"month-2-long":{"_":"Maрт"},"month-3-long":{"_":"Aприл"},"month-4-long":{"_":"Май"},"month-5-long":{"_":"Юни"},"month-6-long":{"_":"Юли"},"month-7-long":{"_":"Август"},"month-8-long":{"_":"Септември"},"month-9-long":{"_":"Oктомври"},"month-10-long":{"_":"Ноември"},"month-11-long":{"_":"Декември"},"month-0-genitive":{"_":"Януари"},"month-1-genitive":{"_":"Февруари"},"month-2-genitive":{"_":"Maрт"},"month-3-genitive":{"_":"Aприл"},"month-4-genitive":{"_":"Май"},"month-5-genitive":{"_":"Юни"},"month-6-genitive":{"_":"Юли"},"month-7-genitive":{"_":"Август"},"month-8-genitive":{"_":"Септември"},"month-9-genitive":{"_":"Oктомври"},"month-10-genitive":{"_":"Ноември"},"month-11-genitive":{"_":"Декември"},"month-0-short":{"_":"Ян"},"month-1-short":{"_":"Фев"},"month-2-short":{"_":"Мар"},"month-3-short":{"_":"Апр"},"month-4-short":{"_":"Май"},"month-5-short":{"_":"Юни"},"month-6-short":{"_":"Юли"},"month-7-short":{"_":"Авг"},"month-8-short":{"_":"Сеп"},"month-9-short":{"_":"Окт"},"month-10-short":{"_":"Ное"},"month-11-short":{"_":"Дек"},"minutes-ago-long":{"_":"{[ plural(value) ]}","_[zero]":"в момента","_[one]":"преди минута","_[two]":"преди {{value}} минути","_[few]":"преди {{value}} минути","_[many]":"преди {{value}} минути","_[other]":"преди {{value}} минути"},"hours-ago-long":{"_":"{[ plural(value) ]}","_[zero]":"в момента","_[one]":"преди час","_[two]":"преди {{value}} часа","_[few]":"преди {{value}} часа","_[many]":"преди {{value}} часа","_[other]":"преди {{value}} часа"},"days-ago-long":{"_":"{[ plural(value) ]}","_[zero]":"днес","_[one]":"вчера","_[two]":"преди {{value}} дни","_[few]":"преди {{value}} дни","_[many]":"преди {{value}} дни","_[other]":"преди {{value}} дни"},"weeks-ago-long":{"_":"{[ plural(value) ]}","_[zero]":"тази седмица","_[one]":"миналата седмица","_[two]":"преди {{value}} седмици","_[few]":"преди {{value}} седмици","_[many]":"преди {{value}} седмици","_[other]":"преди {{value}} седмици"},"months-ago-long":{"_":"{[ plural(value) ]}","_[zero]":"този месец","_[one]":"миналия месец","_[two]":"преди {{value}} месеца","_[few]":"преди {{value}} месеца","_[many]":"преди {{value}} месеца","_[other]":"преди {{value}} месеца"},"years-ago-long":{"_":"{[ plural(value) ]}","_[zero]":"тази година","_[one]":"миналата година","_[two]":"преди {{value}} години","_[few]":"преди {{value}} години","_[many]":"преди {{value}} години","_[other]":"преди {{value}} години"},"minutes-until-long":{"_":"{[ plural(value) ]}","_[zero]":"now","_[one]":"in a minute","_[two]":"in {{value}} minutes","_[few]":"in {{value}} minutes","_[many]":"in {{value}} minutes","_[other]":"in {{value}} minutes"},"hours-until-long":{"_":"{[ plural(value) ]}","_[zero]":"сега","_[one]":"до един час","_[two]":"след {{value}} часа","_[few]":"след {{value}} часа","_[many]":"след {{value}} часа","_[other]":"след {{value}} часа"},"days-until-long":{"_":"{[ plural(value) ]}","_[zero]":"днес","_[one]":"утре","_[two]":"след {{value}} дни","_[few]":"след {{value}} дни","_[many]":"след {{value}} дни","_[other]":"след {{value}} дни"},"weeks-until-long":{"_":"{[ plural(value) ]}","_[zero]":"тази седмица","_[one]":"другата седмица","_[two]":"след {{value}} седмици","_[few]":"след {{value}} седмици","_[many]":"след {{value}} седмици","_[other]":"след {{value}} седмици"},"months-until-long":{"_":"{[ plural(value) ]}","_[zero]":"този месец","_[one]":"другия месец","_[two]":"след {{value}} месеца","_[few]":"след {{value}} месеца","_[many]":"след {{value}} месеца","_[other]":"след {{value}} месеца"},"years-until-long":{"_":"{[ plural(value) ]}","_[zero]":"тази година","_[one]":"следващата година","_[two]":"след {{value}} години","_[few]":"след {{value}} години","_[many]":"след {{value}} години","_[other]":"след {{value}} години"},"minutes-ago-short":{"_":"{[ plural(value) ]}","_[zero]":"в момента","_[other]":"преди {{value}}мин."},"hours-ago-short":{"_":"{[ plural(value) ]}","_[zero]":"в момента","_[other]":"преди {{value}}ч."},"days-ago-short":{"_":"{[ plural(value) ]}","_[zero]":"днес","_[other]":"преди {{value}}дни"},"minutes-until-short":{"_":"{[ plural(value) ]}","_[zero]":"сега","_[other]":"след {{value}}мин."},"hours-until-short":{"_":"{[ plural(value) ]}","_[zero]":"сега","_[other]":"след {{value}}ч."},"days-until-short":{"_":"{[ plural(value) ]}","_[zero]":"днес","_[other]":"след {{value}}дни"},"incorrectDate":{"_":"(невалидна дата)"},"dateTimeFormat_%c":{"_":"%a, %e %b %Y %H:%M:%S"},"dateTimeFormat_%x":{"_":"%d %m %Y"},"dateTimeFormat_%X":{"_":"%H:%M:%S"},"shortTimeFormat":{"_":"%H:%M"},"shortDateTimeFormat":{"_":"%x %H:%M"},"weekStartsOnMonday":{"_":"1"},"time_am":{"_":"AM"},"time_pm":{"_":"PM"}}