{"back":{"_":"পিছনে"},"save":{"_":"সংরক্ষণ"},"hide":{"_":"আড়াল করো"},"cancel":{"_":"বাতিল"},"confirm":{"_":"নিশ্চিত করুন"},"done":{"_":"সম্পন্ন"},"events":{"_":"ইভেন্ট"},"edit":{"_":"সম্পাদনা"},"allday-events":{"_":"দিন-ব্যাপী কর্মসূচী"},"hint-swipe-action":{"_":"সুইপ"},"hint-swipe-to-navigate":{"_":"ক্যালেন্ডারের তারিখ ন্যাভিগেট করতে।"},"show-today":{"_":"আজ"},"show-month-view":{"_":"মাস"},"show-week-view":{"_":"সপ্তাহ"},"show-day-view":{"_":"দিন"},"settings-show":{"_":"সেটিংস"},"settings-hide":{"_":"সেটিংস আড়াল করো"},"add-account":{"_":"অ্যাকাউন্ট যোগ করুন"},"new-event":{"_":"অনুষ্ঠান যোগ করো"},"add-event-header":{"_":"কর্মসূচী"},"account-header":{"_":"একাউন্ট"},"account-list-header":{"_":"একাউন্ট"},"settings-header":{"_":"ক্যালেন্ডার"},"advanced-settings":{"_":"ক্যালেন্ডার সেটিংস"},"advanced-settings-header":{"_":"ক্যালেন্ডার সেটিংস"},"advanced-settings-personalization":{"_":"নিজের মত সাজানো"},"advanced-settings-reminders":{"_":"রিমাইন্ডার"},"field-user":{"placeholder":"ব্যাবহারকারীর নাম"},"field-password":{"placeholder":"পাসওয়ার্ড"},"field-full-url":{"placeholder":"ইউআরএল"},"modify-account-setting-up":{"_":"আপনার একাউন্ট প্রস্তুত হওয়া পর্যন্ত অপেক্ষা করুন"},"modify-account-unable-to-sync":{"_":"সিঙ্ক করতে ব্যার্থ"},"modify-account-sign-in":{"_":"সাইন ইন"},"preset-caldav":{"_":"CalDav"},"preset-yahoo":{"_":"ইয়াহু!"},"preset-google":{"_":"গুগল"},"preset-local":{"_":"অফলাইন ক্যালেন্ডার"},"preset-mozilla":{"_":"মজিলা জিম্বরা"},"calendar-local":{"_":"অফলাইন ক্যালেন্ডার"},"event-title":{"placeholder":"শিরোনাম"},"event-location":{"placeholder":"কোথায়?"},"event-description":{"placeholder":"নোট"},"event-is-allday":{"_":"দিনব্যাপী কর্মসূচী?"},"event-start-date":{"placeholder":"শুরুর তারিখ"},"event-end-date":{"placeholder":"শেষের তারিখ"},"event-start-time":{"placeholder":"শুরুর সময়"},"event-end-time":{"placeholder":"সমাপ্তির সময়"},"event-delete":{"_":"ইভেন্ট অপসারণ"},"remove-account-data":{"_":"লোকাল ডাটা অপসারণ"},"remove-account-dialog":{"_":"অ্যাকাউন্ট অপসারণ"},"remove-account-dialog-details":{"_":"এই একাউন্ট অপসারণ করলে সাথে সম্পর্কিত ক্যালেন্ডার ও ইভেন্টের তথ্য ডিভাইস থেকে অপসারিত হবে।"},"sync-frequency":{"_":"ক্যালেন্ডার হালনাগাদ"},"sync-frequency-manual":{"textContent":"নিজ হাতে"},"sync-frequency-15min":{"textContent":"১৫ মিনিট"},"sync-frequency-30min":{"textContent":"৩০ মিনিট"},"sync-frequency-hourly":{"textContent":"প্রতি ঘন্টা"},"none":{"_":"কোনটি নয়"},"remind-me":{"_":"স্মরণ করাও"},"from-time":{"_":"প্রেরক: "},"to-time":{"_":"প্রাপক: "},"alarm-at-event-standard":{"_":"ইভেন্টের সময়ে"},"alarm-at-event-allday":{"_":"ইভেন্টের দিনে"},"alarm-start-notice":{"_":"{{title}} শুরু হচ্ছে {{distance}}"},"alarm-started-notice":{"_":"{{title}} শুরু {{distance}}"},"minutes-before":{"_":"{[ plural(value) ]}","_[zero]":"০ মিনিট পূর্বে","_[one]":"১ মিনিট পূর্বে","_[two]":"{{value}} মিনিট পূর্বে","_[few]":"{{value}} মিনিট পূর্বে","_[many]":"{{value}} মিনিট পূর্বে","_[other]":"{{value}} মিনিট পূর্বে"},"hours-before":{"_":"{[ plural(value) ]}","_[zero]":"০ ঘন্টা পূর্বে","_[one]":"১ ঘন্টা পূর্বে","_[two]":"{{value}} ঘন্টা পূর্বে","_[few]":"{{value}} ঘন্টা পূর্বে","_[many]":"{{value}} ঘন্টা পূর্বে","_[other]":"{{value}} ঘন্টা পূর্বে"},"days-before":{"_":"{[ plural(value) ]}","_[zero]":"০ দিন পূর্বে","_[one]":"১ দিন পূর্বে","_[two]":"{{value}} দিন পূর্বে","_[few]":"{{value}} দিন পূর্বে","_[many]":"{{value}} দিন পূর্বে","_[other]":"{{value}} দিন পূর্বে"},"weeks-before":{"_":"{[ plural(value) ]}","_[zero]":"০ সপ্তাহ পূর্বে","_[one]":"১ সপ্তাহ পূর্বে","_[two]":"{{value}} সপ্তাহ পূর্বে","_[few]":"{{value}} সপ্তাহ পূর্বে","_[many]":"{{value}} সপ্তাহ পূর্বে","_[other]":"{{value}} সপ্তাহ পূর্বে"},"months-before":{"_":"{[ plural(value) ]}","_[zero]":"০ মাস পূর্বে","_[one]":"১ মাস পূর্বে","_[two]":"{{value}} মাস পূর্বে","_[few]":"{{value}} মাস পূর্বে","_[many]":"{{value}} মাস পূর্বে","_[other]":"{{value}} মাস পূর্বে"},"years-before":{"_":"{[ plural(value) ]}","_[zero]":"০ বছর পূর্বে","_[one]":"১ বছর পূর্বে","_[two]":"{{value}} বছর পূর্বে","_[few]":"{{value}} বছর পূর্বে","_[many]":"{{value}} বছর পূর্বে","_[other]":"{{value}} বছর পূর্বে"},"minutes-after":{"_":"{[ plural(value) ]}","_[zero]":"০ মিনিট পরে","_[one]":"১ মিনিট পরে","_[two]":"{{value}} মিনিট পরে","_[few]":"{{value}} মিনিট পরে","_[many]":"{{value}} মিনিট পর","_[other]":"{{value}} মিনিট পর"},"hours-after":{"_":"{[ plural(value) ]}","_[zero]":"০ ঘন্টা পর","_[one]":"১ ঘন্টা পর","_[two]":"{{value}} ঘন্টা পর","_[few]":"{{value}} ঘন্টা পর","_[many]":"{{value}} ঘন্টা পর","_[other]":"{{value}} ঘন্টা পর"},"days-after":{"_":"{[ plural(value) ]}","_[zero]":"০ দিন পর","_[one]":"১ দিন পর","_[two]":"{{value}} দিন পর","_[few]":"{{value}} দিন পর","_[many]":"{{value}} দিন পর","_[other]":"{{value}} দিন পর"},"weeks-after":{"_":"{[ plural(value) ]}","_[zero]":"০ সপ্তাহ পর","_[one]":"১ সপ্তাহ পর","_[two]":"{{value}} সপ্তাহ পর","_[few]":"{{value}} সপ্তাহ পর","_[many]":"{{value}} সপ্তাহ পর","_[other]":"{{value}} সপ্তাহ পর"},"months-after":{"_":"{[ plural(value) ]}","_[zero]":"০ মাস পর","_[one]":"১ মাস পর","_[two]":"{{value}} মাস পর","_[few]":"{{value}} মাস পর","_[many]":"{{value}} মাস পর","_[other]":"{{value}} মাস পর"},"years-after":{"_":"{[ plural(value) ]}","_[zero]":"০ বছর পর","_[one]":"১ বছর পর","_[two]":"{{value}} বছর পর","_[few]":"{{value}} বছর পর","_[many]":"{{value}} বছর পর","_[other]":"{{value}} বছর পর"},"hour-format":{"_":"%I %p"},"hour-allday":{"_":"সারাদিন"},"month-view-header-format":{"_":"%B %Y"},"multi-month-view-header-format":{"_":"%b %Y"},"day-view-header-format":{"_":"%b %e, %A"},"error-start-after-end":{"_":"সমাপ্তির তারিখ অবশ্যই শুরুর তারিখের পর আসবে"},"error-unauthenticated":{"_":"ভুল ব্যবহারকারীর নাম/পাসওয়ার্ড"},"error-no-url":{"_":"কোন সংযোগ নেই। আপনার ওয়াই-ফাই পরীক্ষা করুন এবং আবার চেষ্টা করুন।"},"error-internal-server-error":{"_":"সার্ভারে সমস্যা। আপনার লগিন মিলিয়ে নিয়ে আবার চেষ্টা করুন।"},"error-default":{"_":"কোথাও সমস্যা হয়েছে। পরে আবার চেষ্টা করুন।"},"error-offline":{"_":"ইন্টানেট বিচ্ছিন্ন। সংযোগ পরীক্ষা করে পুনরায় চেষ্টা করুন।"},"error-account-exist":{"_":"অ্যাকাউন্টটি ইতোমধ্যে বিদ্যমান।"},"notification-error-sync-title":{"_":"ক্যালেন্ডার সিনক্রোনাইজ জনিত ত্রুটি"},"notification-error-sync-description":{"_":"আরও তথ্যের জন্য ট্যাপ করুন"},"weekday-0-long":{"_":"রবিবার"},"weekday-1-long":{"_":"সোমবার"},"weekday-2-long":{"_":"মঙ্গলবার"},"weekday-3-long":{"_":"বুধবার"},"weekday-4-long":{"_":"বৃহস্পতিবার"},"weekday-5-long":{"_":"শুক্রবার"},"weekday-6-long":{"_":"শনিবার"},"weekday-0-short":{"_":"রবি"},"weekday-1-short":{"_":"সোম"},"weekday-2-short":{"_":"মঙ্গল"},"weekday-3-short":{"_":"বুধ"},"weekday-4-short":{"_":"বৃহঃ"},"weekday-5-short":{"_":"শুক্র"},"weekday-6-short":{"_":"শনি"},"month-0-long":{"_":"জানুয়ারি"},"month-1-long":{"_":"ফেব্রুয়ারি"},"month-2-long":{"_":"মার্চ"},"month-3-long":{"_":"এপ্রিল"},"month-4-long":{"_":"মে"},"month-5-long":{"_":"জুন"},"month-6-long":{"_":"জুলাই"},"month-7-long":{"_":"আগস্ট"},"month-8-long":{"_":"সেপ্টেম্বর"},"month-9-long":{"_":"অক্টোবর"},"month-10-long":{"_":"নভেম্বর"},"month-11-long":{"_":"ডিসেম্বর"},"month-0-genitive":{"_":"জানুয়ারি"},"month-1-genitive":{"_":"ফেব্রুয়ারি"},"month-2-genitive":{"_":"মার্চ"},"month-3-genitive":{"_":"এপ্রিল"},"month-4-genitive":{"_":"মে"},"month-5-genitive":{"_":"জুন"},"month-6-genitive":{"_":"জুলাই"},"month-7-genitive":{"_":"আগস্ট"},"month-8-genitive":{"_":"সেপ্টেম্বর"},"month-9-genitive":{"_":"অক্টোবর"},"month-10-genitive":{"_":"নভেম্বর"},"month-11-genitive":{"_":"ডিসেম্বর"},"month-0-short":{"_":"জানু"},"month-1-short":{"_":"ফেব্রু"},"month-2-short":{"_":"মার্চ"},"month-3-short":{"_":"এপ্রিল"},"month-4-short":{"_":"মে"},"month-5-short":{"_":"জুন"},"month-6-short":{"_":"জুলাই"},"month-7-short":{"_":"আগস্ট"},"month-8-short":{"_":"সেপ্ট"},"month-9-short":{"_":"অক্টো"},"month-10-short":{"_":"নভে"},"month-11-short":{"_":"ডিসে"},"minutes-ago-long":{"_":"{[ plural(value) ]}","_[zero]":"এইমাত্র","_[one]":"১ মিনিট পূর্বে","_[two]":"{{value}} মিনিট পূর্বে","_[few]":"{{value}} মিনিট পূর্বে","_[many]":"{{value}} মিনিট পূর্বে","_[other]":"{{value}} মিনিট পূর্বে"},"hours-ago-long":{"_":"{[ plural(value) ]}","_[zero]":"এইমাত্র","_[one]":"১ ঘন্টা পূর্বে","_[two]":"{{value}} ঘন্টা পূর্বে","_[few]":"{{value}} ঘন্টা পূর্বে","_[many]":"{{value}} ঘন্টা পূর্বে","_[other]":"{{value}} ঘন্টা পূর্বে"},"days-ago-long":{"_":"{[ plural(value) ]}","_[zero]":"আজ","_[one]":"গতকাল","_[two]":"{{value}} দিন পূর্বে","_[few]":"{{value}} দিন পূর্বে","_[many]":"{{value}} দিন পূর্বে","_[other]":"{{value}} দিন পূর্বে"},"weeks-ago-long":{"_":"{[ plural(value) ]}","_[zero]":"এই সপ্তাহে","_[one]":"গত সপ্তাহ","_[two]":"{{value}} সপ্তাহ পূর্বে","_[few]":"{{value}} সপ্তাহ পূর্বে","_[many]":"{{value}} সপ্তাহ পূর্বে","_[other]":"{{value}} সপ্তাহ পূর্বে"},"months-ago-long":{"_":"{[ plural(value) ]}","_[zero]":"চলতি মাস","_[one]":"গত মাস","_[two]":"{{value}} মাস পূর্বে","_[few]":"{{value}} মাস পূর্বে","_[many]":"{{value}} মাস পূর্বে","_[other]":"{{value}} মাস পূর্বে"},"years-ago-long":{"_":"{[ plural(value) ]}","_[zero]":"এই বছর","_[one]":"গত বছর","_[two]":"{{value}} বছর আগে","_[few]":"{{value}} বছর পূর্বে","_[many]":"{{value}} বছর পূর্বে","_[other]":"{{value}} বছর পূর্বে"},"minutes-until-long":{"_":"{[ plural(value) ]}","_[zero]":"এখন","_[one]":"এক মিনিটের মধ্যে","_[two]":"{{value}} মিনিটের মধ্যে","_[few]":"{{value}} মিনিটের মধ্যে","_[many]":"{{value}} মিনিটের মধ্যে","_[other]":"{{value}} মিনিটের মধ্যে"},"hours-until-long":{"_":"{[ plural(value) ]}","_[zero]":"এখন","_[one]":"এক ঘন্টার মধ্যে","_[two]":"{{value}} ঘন্টার মধ্যে","_[few]":"{{value}} ঘন্টার মধ্যে","_[many]":"{{value}} ঘন্টার মধ্যে","_[other]":"{{value}} ঘন্টার মধ্যে"},"days-until-long":{"_":"{[ plural(value) ]}","_[zero]":"আজ","_[one]":"আগামীকাল","_[two]":"{{value}} দিনের মধ্যে","_[few]":"{{value}} দিনের মধ্যে","_[many]":"{{value}} দিনের মধ্যে","_[other]":"{{value}} দিনের মধ্যে"},"weeks-until-long":{"_":"{[ plural(value) ]}","_[zero]":"চলতি সপ্তাহ","_[one]":"পরবর্তী সপ্তাহ","_[two]":"{{value}} সপ্তাহের মধ্যে","_[few]":"{{value}} সপ্তাহের মধ্যে","_[many]":"{{value}} সপ্তাহের মধ্যে","_[other]":"{{value}} সপ্তাহের মধ্যে"},"months-until-long":{"_":"{[ plural(value) ]}","_[zero]":"এই মাস","_[one]":"পরবর্তী মাস","_[two]":"{{value}} মাসের মধ্যে","_[few]":"{{value}} মাসের মধ্যে","_[many]":"{{value}} মাসের মধ্যে","_[other]":"{{value}} মাসের মধ্যে"},"years-until-long":{"_":"{[ plural(value) ]}","_[zero]":"এই বছর","_[one]":"আগামী বছর","_[two]":"{{value}} বছরের মধ্যে","_[few]":"{{value}} বছরের মধ্যে","_[many]":"{{value}} বছরের মধ্যে","_[other]":"{{value}} বছরের মধ্যে"},"minutes-ago-short":{"_":"{[ plural(value) ]}","_[zero]":"এইমাত্র","_[other]":"{{value}}মি. পূর্বে"},"hours-ago-short":{"_":"{[ plural(value) ]}","_[zero]":"এইমাত্র","_[other]":"{{value}}ঘ. পূর্বে"},"days-ago-short":{"_":"{[ plural(value) ]}","_[zero]":"আজ","_[other]":"{{value}}দিন পূর্বে"},"minutes-until-short":{"_":"{[ plural(value) ]}","_[zero]":"এখন","_[other]":"{{value}} মিনিটের মধ্যে"},"hours-until-short":{"_":"{[ plural(value) ]}","_[zero]":"এখন","_[other]":"{{value}}ঘন্টার মধ্যে"},"days-until-short":{"_":"{[ plural(value) ]}","_[zero]":"আজ","_[other]":"{{value}}দিনের মধ্যে"},"incorrectDate":{"_":"(ভুল তারিখ)"},"dateTimeFormat_%c":{"_":"%a %b %e %Y %I:%M:%S %p"},"dateTimeFormat_%x":{"_":"%m/%d/%Y"},"dateTimeFormat_%X":{"_":"%I:%M:%S %p"},"shortTimeFormat":{"_":"%I:%M %p"},"shortDateTimeFormat":{"_":"%x %I:%M %p"},"weekStartsOnMonday":{"_":"0"},"time_am":{"_":"AM"},"time_pm":{"_":"PM"}}