{"back":{"_":"Enrere"},"save":{"_":"Desa"},"hide":{"_":"Amaga"},"cancel":{"_":"Cancel·la"},"confirm":{"_":"Confirma"},"done":{"_":"Fet"},"events":{"_":"Cites"},"edit":{"_":"Edita"},"allday-events":{"_":"Cites de tot el dia"},"hint-swipe-action":{"_":"Feu lliscar el dit"},"hint-swipe-to-navigate":{"_":"per navegar per les dates del calendari."},"show-today":{"_":"Avui"},"show-month-view":{"_":"Mes"},"show-week-view":{"_":"Setmana"},"show-day-view":{"_":"Dia"},"settings-show":{"_":"Paràmetres"},"settings-hide":{"_":"Amaga els paràmetres"},"add-account":{"_":"Afegeix un compte"},"new-event":{"_":"Afegeix una cita"},"add-event-header":{"_":"Cita"},"account-header":{"_":"Compte"},"account-list-header":{"_":"Comptes"},"settings-header":{"_":"Calendaris"},"advanced-settings":{"_":"Paràmetres del calendari"},"advanced-settings-header":{"_":"Paràm. calendaris"},"advanced-settings-personalization":{"_":"Personalització"},"advanced-settings-reminders":{"_":"Recordatoris"},"field-user":{"placeholder":"Nom d'usuari"},"field-password":{"placeholder":"Contrasenya"},"field-full-url":{"placeholder":"URL"},"modify-account-setting-up":{"_":"Espereu mentre es configura el compte"},"modify-account-unable-to-sync":{"_":"No s'ha pogut sincronitzar"},"modify-account-sign-in":{"_":"Inicia la sessió"},"preset-caldav":{"_":"CalDav"},"preset-yahoo":{"_":"Yahoo!"},"preset-google":{"_":"Google"},"preset-local":{"_":"Calendari fora de línia"},"preset-mozilla":{"_":"Mozilla Zimbra"},"calendar-local":{"_":"Calendari fora de línia"},"event-title":{"placeholder":"Títol"},"event-location":{"placeholder":"On?"},"event-description":{"placeholder":"Notes"},"event-is-allday":{"_":"Cita de tot el dia?"},"event-start-date":{"placeholder":"Inici"},"event-end-date":{"placeholder":"Final"},"event-start-time":{"placeholder":"Hora d'inici"},"event-end-time":{"placeholder":"Hora de finalització"},"event-delete":{"_":"Elimina la cita"},"remove-account-data":{"_":"Elimina les dades locals"},"remove-account-dialog":{"_":"Elimina el compte"},"remove-account-dialog-details":{"_":"En eliminar el compte, també s'eliminarà la còpia local dels calendaris i cites associats."},"sync-frequency":{"_":"Sincronitza el calendari"},"sync-frequency-manual":{"textContent":"Manualment"},"sync-frequency-15min":{"textContent":"15 min"},"sync-frequency-30min":{"textContent":"30 min"},"sync-frequency-hourly":{"textContent":"Cada hora"},"none":{"_":"Cap"},"remind-me":{"_":"Recorda'm-ho"},"from-time":{"_":"De: "},"to-time":{"_":"A: "},"alarm-at-event-standard":{"_":"A l'hora de la cita"},"alarm-at-event-allday":{"_":"El dia de la cita"},"alarm-start-notice":{"_":"{{title}} s'iniciarà {{distance}}"},"alarm-started-notice":{"_":"{{title}} s'ha iniciat {{distance}}"},"minutes-before":{"_":"{[ plural(value) ]}","_[zero]":"0 minuts abans","_[one]":"1 minut abans","_[two]":"{{value}} minuts abans","_[few]":"{{value}} minuts abans","_[many]":"{{value}} minuts abans","_[other]":"{{value}} minuts abans"},"hours-before":{"_":"{[ plural(value) ]}","_[zero]":"0 hores abans","_[one]":"1 hora abans","_[two]":"{{value}} hores abans","_[few]":"{{value}} hores abans","_[many]":"{{value}} hores abans","_[other]":"{{value}} hores abans"},"days-before":{"_":"{[ plural(value) ]}","_[zero]":"0 dies abans","_[one]":"1 dia abans","_[two]":"{{value}} dies abans","_[few]":"{{value}} dies abans","_[many]":"{{value}} dies abans","_[other]":"{{value}} dies abans"},"weeks-before":{"_":"{[ plural(value) ]}","_[zero]":"0 setmanes abans","_[one]":"1 setmana abans","_[two]":"{{value}} setmanes abans","_[few]":"{{value}} setmanes abans","_[many]":"{{value}} setmanes abans","_[other]":"{{value}} setmanes abans"},"months-before":{"_":"{[ plural(value) ]}","_[zero]":"0 mesos abans","_[one]":"1 mes abans","_[two]":"{{value}} mesos abans","_[few]":"{{value}} mesos abans","_[many]":"{{value}} mesos abans","_[other]":"{{value}} mesos abans"},"years-before":{"_":"{[ plural(value) ]}","_[zero]":"0 anys abans","_[one]":"1 any abans","_[two]":"{{value}} anys abans","_[few]":"{{value}} anys abans","_[many]":"{{value}} anys abans","_[other]":"{{value}} anys abans"},"minutes-after":{"_":"{[ plural(value) ]}","_[zero]":"0 minuts després","_[one]":"1 minut després","_[two]":"{{value}} minuts després","_[few]":"{{value}} minuts després","_[many]":"{{value}} minuts després","_[other]":"{{value}} minuts després"},"hours-after":{"_":"{[ plural(value) ]}","_[zero]":"0 hores després","_[one]":"1 hora després","_[two]":"{{value}} hores després","_[few]":"{{value}} hores després","_[many]":"{{value}} hores després","_[other]":"{{value}} hores després"},"days-after":{"_":"{[ plural(value) ]}","_[zero]":"0 dies després","_[one]":"1 dia després","_[two]":"{{value}} dies després","_[few]":"{{value}} dies després","_[many]":"{{value}} dies després","_[other]":"{{value}} dies després"},"weeks-after":{"_":"{[ plural(value) ]}","_[zero]":"0 setmanes després","_[one]":"1 setmana després","_[two]":"{{value}} setmanes després","_[few]":"{{value}} setmanes després","_[many]":"{{value}} setmanes després","_[other]":"{{value}} setmanes després"},"months-after":{"_":"{[ plural(value) ]}","_[zero]":"0 mesos després","_[one]":"1 mes després","_[two]":"{{value}} mesos després","_[few]":"{{value}} mesos després","_[many]":"{{value}} mesos després","_[other]":"{{value}} mesos després"},"years-after":{"_":"{[ plural(value) ]}","_[zero]":"0 anys després","_[one]":"1 any després","_[two]":"{{value}} anys després","_[few]":"{{value}} anys després","_[many]":"{{value}} anys després","_[other]":"{{value}} anys després"},"hour-format":{"_":"%H"},"hour-allday":{"_":"tot el dia"},"month-view-header-format":{"_":"%B %Y"},"multi-month-view-header-format":{"_":"%b %Y"},"day-view-header-format":{"_":"%a %e %Eb"},"error-start-after-end":{"_":"La data de finalització ha de ser posterior a la data d'inici"},"error-unauthenticated":{"_":"Nom d'usuari i/o contrasenya incorrectes"},"error-no-url":{"_":"No s'ha pogut connectar. Comproveu la connexió Wi-Fi i torneu-ho a provar."},"error-internal-server-error":{"_":"Error del servidor. Comproveu l'inici de sessió i torneu-ho a provar."},"error-default":{"_":"Hi ha hagut un problema. Torneu-ho a provar més tard."},"error-offline":{"_":"No hi ha connexió. Comproveu la configuració de la xarxa i torneu-ho a provar."},"error-account-exist":{"_":"Aquest compte ja existeix."},"notification-error-sync-title":{"_":"Error de sincronització del calendari"},"notification-error-sync-description":{"_":"Toqueu per veure més informació"},"weekday-0-long":{"_":"diumenge"},"weekday-1-long":{"_":"dilluns"},"weekday-2-long":{"_":"dimarts"},"weekday-3-long":{"_":"dimecres"},"weekday-4-long":{"_":"dijous"},"weekday-5-long":{"_":"divendres"},"weekday-6-long":{"_":"dissabte"},"weekday-0-short":{"_":"dg"},"weekday-1-short":{"_":"dl"},"weekday-2-short":{"_":"dt"},"weekday-3-short":{"_":"dc"},"weekday-4-short":{"_":"dj"},"weekday-5-short":{"_":"dv"},"weekday-6-short":{"_":"ds"},"month-0-long":{"_":"gener"},"month-1-long":{"_":"febrer"},"month-2-long":{"_":"març"},"month-3-long":{"_":"abril"},"month-4-long":{"_":"maig"},"month-5-long":{"_":"juny"},"month-6-long":{"_":"juliol"},"month-7-long":{"_":"agost"},"month-8-long":{"_":"setembre"},"month-9-long":{"_":"octubre"},"month-10-long":{"_":"novembre"},"month-11-long":{"_":"desembre"},"month-0-genitive":{"_":"de gener"},"month-1-genitive":{"_":"de febrer"},"month-2-genitive":{"_":"de març"},"month-3-genitive":{"_":"d'abril"},"month-4-genitive":{"_":"de maig"},"month-5-genitive":{"_":"de juny"},"month-6-genitive":{"_":"de juliol"},"month-7-genitive":{"_":"d'agost"},"month-8-genitive":{"_":"de setembre"},"month-9-genitive":{"_":"d'octubre"},"month-10-genitive":{"_":"de novembre"},"month-11-genitive":{"_":"de desembre"},"month-0-short":{"_":"gen"},"month-1-short":{"_":"febr"},"month-2-short":{"_":"març"},"month-3-short":{"_":"abr"},"month-4-short":{"_":"maig"},"month-5-short":{"_":"juny"},"month-6-short":{"_":"jul"},"month-7-short":{"_":"ag"},"month-8-short":{"_":"set"},"month-9-short":{"_":"oct"},"month-10-short":{"_":"nov"},"month-11-short":{"_":"des"},"minutes-ago-long":{"_":"{[ plural(value) ]}","_[zero]":"ara","_[one]":"fa un minut","_[two]":"fa {{value}} minuts","_[few]":"fa {{value}} minuts","_[many]":"fa {{value}} minuts","_[other]":"fa {{value}} minuts"},"hours-ago-long":{"_":"{[ plural(value) ]}","_[zero]":"ara","_[one]":"fa una hora","_[two]":"fa {{value}} hores","_[few]":"fa {{value}} hores","_[many]":"fa {{value}} hores","_[other]":"fa {{value}} hores"},"days-ago-long":{"_":"{[ plural(value) ]}","_[zero]":"avui","_[one]":"ahir","_[two]":"fa {{value}} dies","_[few]":"fa {{value}} dies","_[many]":"fa {{value}} dies","_[other]":"fa {{value}} dies"},"weeks-ago-long":{"_":"{[ plural(value) ]}","_[zero]":"aquesta setmana","_[one]":"la setmana passada","_[two]":"fa {{value}} setmanes","_[few]":"fa {{value}} setmanes","_[many]":"fa {{value}} setmanes","_[other]":"fa {{value}} setmanes"},"months-ago-long":{"_":"{[ plural(value) ]}","_[zero]":"aquest mes","_[one]":"el mes passat","_[two]":"fa {{value}} mesos","_[few]":"fa {{value}} mesos","_[many]":"fa {{value}} mesos","_[other]":"fa {{value}} mesos"},"years-ago-long":{"_":"{[ plural(value) ]}","_[zero]":"enguany","_[one]":"l'any passat","_[two]":"fa {{value}} anys","_[few]":"fa {{value}} anys","_[many]":"fa {{value}} anys","_[other]":"fa {{value}} anys"},"minutes-until-long":{"_":"{[ plural(value) ]}","_[zero]":"ara","_[one]":"d'aquí un minut","_[two]":"d'aquí {{value}} minuts","_[few]":"d'aquí {{value}} minuts","_[many]":"d'aquí {{value}} minuts","_[other]":"d'aquí {{value}} minuts"},"hours-until-long":{"_":"{[ plural(value) ]}","_[zero]":"ara","_[one]":"d'aquí una hora","_[two]":"d'aquí {{value}} hores","_[few]":"d'aquí {{value}} hores","_[many]":"d'aquí {{value}} hores","_[other]":"d'aquí {{value}} hores"},"days-until-long":{"_":"{[ plural(value) ]}","_[zero]":"avui","_[one]":"demà","_[two]":"d'aquí {{value}} dies","_[few]":"d'aquí {{value}} dies","_[many]":"d'aquí {{value}} dies","_[other]":"d'aquí {{value}} dies"},"weeks-until-long":{"_":"{[ plural(value) ]}","_[zero]":"aquesta setmana","_[one]":"la setmana que ve","_[two]":"d'aquí {{value}} setmanes","_[few]":"d'aquí {{value}} setmanes","_[many]":"d'aquí {{value}} setmanes","_[other]":"d'aquí {{value}} setmanes"},"months-until-long":{"_":"{[ plural(value) ]}","_[zero]":"aquest mes","_[one]":"el mes que ve","_[two]":"d'aquí {{value}} mesos","_[few]":"d'aquí {{value}} mesos","_[many]":"d'aquí {{value}} mesos","_[other]":"d'aquí {{value}} mesos"},"years-until-long":{"_":"{[ plural(value) ]}","_[zero]":"enguany","_[one]":"l'any que ve","_[two]":"d'aquí {{value}} anys","_[few]":"d'aquí {{value}} anys","_[many]":"d'aquí {{value}} anys","_[other]":"d'aquí {{value}} anys"},"minutes-ago-short":{"_":"{[ plural(value) ]}","_[zero]":"ara","_[other]":"fa {{value}} m"},"hours-ago-short":{"_":"{[ plural(value) ]}","_[zero]":"ara","_[other]":"fa {{value}} h"},"days-ago-short":{"_":"{[ plural(value) ]}","_[zero]":"avui","_[other]":"fa {{value}} d"},"minutes-until-short":{"_":"{[ plural(value) ]}","_[zero]":"ara","_[other]":"d'aquí {{value}} m"},"hours-until-short":{"_":"{[ plural(value) ]}","_[zero]":"ara","_[other]":"d'aquí {{value}} h"},"days-until-short":{"_":"{[ plural(value) ]}","_[zero]":"avui","_[other]":"d'aquí {{value}} d"},"incorrectDate":{"_":"(data no vàlida)"},"dateTimeFormat_%c":{"_":"%a %e %Eb, %Y %H:%M:%S"},"dateTimeFormat_%x":{"_":"%d/%m/%Y"},"dateTimeFormat_%X":{"_":"%H:%M:%S"},"shortTimeFormat":{"_":"%H:%M"},"shortDateTimeFormat":{"_":"%x %H:%M"},"weekStartsOnMonday":{"_":"1"},"time_am":{"_":"am"},"time_pm":{"_":"pm"}}