{"back":{"_":"Zpět"},"save":{"_":"Uložit"},"hide":{"_":"Skrýt"},"cancel":{"_":"Zrušit"},"confirm":{"_":"Potvrdit"},"done":{"_":"Hotovo"},"events":{"_":"Události"},"edit":{"_":"Upravit"},"allday-events":{"_":"Celodenní události"},"hint-swipe-action":{"_":"Přejížděním"},"hint-swipe-to-navigate":{"_":"přecházíte mezi daty v kalendáři."},"show-today":{"_":"Dnes"},"show-month-view":{"_":"Měsíc"},"show-week-view":{"_":"Týden"},"show-day-view":{"_":"Den"},"settings-show":{"_":"Nastavení"},"settings-hide":{"_":"Skrýt nastavení"},"add-account":{"_":"Přidání účtu"},"new-event":{"_":"Přidat událost"},"add-event-header":{"_":"Událost"},"account-header":{"_":"Účet"},"account-list-header":{"_":"Účty"},"settings-header":{"_":"Kalendáře"},"advanced-settings":{"_":"Nastavení kalendáře"},"advanced-settings-header":{"_":"Nastavení"},"advanced-settings-personalization":{"_":"Personalizace"},"advanced-settings-reminders":{"_":"Upozornění"},"field-user":{"placeholder":"Uživatelské jméno"},"field-password":{"placeholder":"Heslo"},"field-full-url":{"placeholder":"URL"},"modify-account-setting-up":{"_":"Počkejte prosím na dokončení nastavení svého účtu"},"modify-account-unable-to-sync":{"_":"Synchronizace se nezdařila"},"modify-account-sign-in":{"_":"Přihlášení"},"preset-caldav":{"_":"CalDav"},"preset-yahoo":{"_":"Yahoo!"},"preset-google":{"_":"Google"},"preset-local":{"_":"Offline kalendář"},"preset-mozilla":{"_":"Mozilla Zimbra"},"calendar-local":{"_":"Offline kalendář"},"event-title":{"placeholder":"Název"},"event-location":{"placeholder":"Kde?"},"event-description":{"placeholder":"Poznámky"},"event-is-allday":{"_":"Celodenní událost?"},"event-start-date":{"placeholder":"Datum počátku"},"event-end-date":{"placeholder":"Datum konce"},"event-start-time":{"placeholder":"Čas počátku"},"event-end-time":{"placeholder":"Čas konce"},"event-delete":{"_":"Smazat události"},"remove-account-data":{"_":"Odebrat místní data"},"remove-account-dialog":{"_":"Odebrat účet"},"remove-account-dialog-details":{"_":"Odebráním účtu odeberete rovněž přidružené kalendáře a události."},"sync-frequency":{"_":"Synchronizace"},"sync-frequency-manual":{"textContent":"Manuálně"},"sync-frequency-15min":{"textContent":"15 min"},"sync-frequency-30min":{"textContent":"30 min"},"sync-frequency-hourly":{"textContent":"Každou hodinu"},"none":{"_":"Žádné"},"remind-me":{"_":"Upozorni mě"},"from-time":{"_":"Od: "},"to-time":{"_":"Do: "},"alarm-at-event-standard":{"_":"V čase události"},"alarm-at-event-allday":{"_":"V den události"},"alarm-start-notice":{"_":"{{title}} začne za {{distance}}"},"alarm-started-notice":{"_":"{{title}} začal {{distance}}"},"minutes-before":{"_":"{[ plural(value) ]}","_[zero]":"0 minut před","_[one]":"1 minutu před","_[two]":"{{value}} minuty před","_[few]":"{{value}} minuty před","_[many]":"{{value}} minut před","_[other]":"{{value}} minut před"},"hours-before":{"_":"{[ plural(value) ]}","_[zero]":"0 hodin před","_[one]":"1 hodinu před","_[two]":"{{value}} hodiny před","_[few]":"{{value}} hodiny před","_[many]":"{{value}} hodin před","_[other]":"{{value}} hodin před"},"days-before":{"_":"{[ plural(value) ]}","_[zero]":"0 dní před","_[one]":"1 den před","_[two]":"{{value}} dny před","_[few]":"{{value}} dny před","_[many]":"{{value}} dní před","_[other]":"{{value}} dní před"},"weeks-before":{"_":"{[ plural(value) ]}","_[zero]":"0 týdnů před","_[one]":"1 týden před","_[two]":"{{value}} týdny před","_[few]":"{{value}} týdny před","_[many]":"{{value}} týdnů před","_[other]":"{{value}} týdnů před"},"months-before":{"_":"{[ plural(value) ]}","_[zero]":"0 měsíců před","_[one]":"1 měsíc před","_[two]":"{{value}} měsíce před","_[few]":"{{value}} měsíce před","_[many]":"{{value}} měsíců před","_[other]":"{{value}} měsíců před"},"years-before":{"_":"{[ plural(value) ]}","_[zero]":"0 roků před","_[one]":"1 rok před","_[two]":"{{value}} roky před","_[few]":"{{value}} roky před","_[many]":"{{value}} roků před","_[other]":"{{value}} roků před"},"minutes-after":{"_":"{[ plural(value) ]}","_[zero]":"0 minut poté","_[one]":"1 minutu poté","_[two]":"{{value}} minuty poté","_[few]":"{{value}} minuty poté","_[many]":"{{value}} minut poté","_[other]":"{{value}} minut poté"},"hours-after":{"_":"{[ plural(value) ]}","_[zero]":"0 hodin poté","_[one]":"1 hodinu poté","_[two]":"{{value}} hodiny poté","_[few]":"{{value}} hodiny poté","_[many]":"{{value}} hodin poté","_[other]":"{{value}} hodin poté"},"days-after":{"_":"{[ plural(value) ]}","_[zero]":"0 dní poté","_[one]":"1 den poté","_[two]":"{{value}} dny poté","_[few]":"{{value}} dny poté","_[many]":"{{value}} dní poté","_[other]":"{{value}} dní poté"},"weeks-after":{"_":"{[ plural(value) ]}","_[zero]":"0 týdnů poté","_[one]":"1 týden poté","_[two]":"{{value}} týdny poté","_[few]":"{{value}} týdny poté","_[many]":"{{value}} týdnů poté","_[other]":"{{value}} týdnů poté"},"months-after":{"_":"{[ plural(value) ]}","_[zero]":"0 měsíců poté","_[one]":"1 měsíc poté","_[two]":"{{value}} měsíce poté","_[few]":"{{value}} měsíce poté","_[many]":"{{value}} měsíců poté","_[other]":"{{value}} měsíců poté"},"years-after":{"_":"{[ plural(value) ]}","_[zero]":"0 roků poté","_[one]":"1 rok poté","_[two]":"{{value}} roky poté","_[few]":"{{value}} roky poté","_[many]":"{{value}} roků poté","_[other]":"{{value}} roků poté"},"hour-format":{"_":"%H"},"hour-allday":{"_":"Celý den"},"month-view-header-format":{"_":"%B %Y"},"multi-month-view-header-format":{"_":"%b %Y "},"day-view-header-format":{"_":"%A %e. %B"},"error-start-after-end":{"_":"Datum konce musí být po datu začátku"},"error-unauthenticated":{"_":"Chybné uživatelské jméno nebo heslo"},"error-no-url":{"_":"Chyba připojení. Zkontrolujte Wi-Fi a zkuste to znovu."},"error-internal-server-error":{"_":"Chyba serveru. Zkontrolujte přihlášení a zkuste to znovu."},"error-default":{"_":"Neznámá chyba. Zkuste to znovu později."},"error-offline":{"_":"Není připojení. Zkontrolujte nastavení sítě a zkuste to znovu."},"error-account-exist":{"_":"Tento účet již existuje."},"notification-error-sync-title":{"_":"Chyba při synchronizaci kalendáře"},"notification-error-sync-description":{"_":"Klepněte pro více informací"},"weekday-0-long":{"_":"Neděle"},"weekday-1-long":{"_":"Pondělí"},"weekday-2-long":{"_":"Úterý"},"weekday-3-long":{"_":"Středa"},"weekday-4-long":{"_":"Čtvrtek"},"weekday-5-long":{"_":"Pátek"},"weekday-6-long":{"_":"Sobota"},"weekday-0-short":{"_":"Ne"},"weekday-1-short":{"_":"Po"},"weekday-2-short":{"_":"Út"},"weekday-3-short":{"_":"St"},"weekday-4-short":{"_":"Čt"},"weekday-5-short":{"_":"Pá"},"weekday-6-short":{"_":"So"},"month-0-long":{"_":"Leden"},"month-1-long":{"_":"Únor"},"month-2-long":{"_":"Březen"},"month-3-long":{"_":"Duben"},"month-4-long":{"_":"Květen"},"month-5-long":{"_":"Červen"},"month-6-long":{"_":"Červenec"},"month-7-long":{"_":"Srpen"},"month-8-long":{"_":"Září"},"month-9-long":{"_":"Říjen"},"month-10-long":{"_":"Listopad"},"month-11-long":{"_":"Prosinec"},"month-0-genitive":{"_":"Leden"},"month-1-genitive":{"_":"Únor"},"month-2-genitive":{"_":"Březen"},"month-3-genitive":{"_":"Duben"},"month-4-genitive":{"_":"Květen"},"month-5-genitive":{"_":"Červen"},"month-6-genitive":{"_":"Červenec"},"month-7-genitive":{"_":"Srpen"},"month-8-genitive":{"_":"Září"},"month-9-genitive":{"_":"Říjen"},"month-10-genitive":{"_":"Listopad"},"month-11-genitive":{"_":"Prosinec"},"month-0-short":{"_":"leden"},"month-1-short":{"_":"únor"},"month-2-short":{"_":"březen"},"month-3-short":{"_":"duben"},"month-4-short":{"_":"květen"},"month-5-short":{"_":"červen"},"month-6-short":{"_":"červenec"},"month-7-short":{"_":"srpen"},"month-8-short":{"_":"září"},"month-9-short":{"_":"říjen"},"month-10-short":{"_":"listopad"},"month-11-short":{"_":"prosinec"},"minutes-ago-long":{"_":"{[ plural(value) ]}","_[zero]":"právě teď","_[one]":"před minutou","_[two]":"před 2 minutami","_[few]":"před {{value}} minutami","_[many]":"před {{value}} minutami","_[other]":"před {{value}} minutami"},"hours-ago-long":{"_":"{[ plural(value) ]}","_[zero]":"právě teď","_[one]":"před hodinou","_[two]":"před 2 hodinami","_[few]":"před {{value}} hodinami","_[many]":"před {{value}} hodinami","_[other]":"před {{value}} hodinami"},"days-ago-long":{"_":"{[ plural(value) ]}","_[zero]":"dnes","_[one]":"včera","_[two]":"předevčírem","_[few]":"před {{value}} dny","_[many]":"před {{value}} dny","_[other]":"před {{value}} dny"},"weeks-ago-long":{"_":"{[ plural(value) ]}","_[zero]":"tento týden","_[one]":"minutý týden","_[two]":"před {{value}} týdny","_[few]":"před {{value}} týdny","_[many]":"před {{value}} týdny","_[other]":"před {{value}} týdny"},"months-ago-long":{"_":"{[ plural(value) ]}","_[zero]":"tento měsíc","_[one]":"minulý měsíc","_[two]":"před {{value}} měsíci","_[few]":"před {{value}} měsíci","_[many]":"před {{value}} měsíci","_[other]":"před {{value}} měsíci"},"years-ago-long":{"_":"{[ plural(value) ]}","_[zero]":"tento rok","_[one]":"minulý rok","_[two]":"před {{value}} roky","_[few]":"před {{value}} roky","_[many]":"před {{value}} roky","_[other]":"před {{value}} roky"},"minutes-until-long":{"_":"{[ plural(value) ]}","_[zero]":"nyní","_[one]":"za minutu","_[two]":"za 2 minuty","_[few]":"za {{value}} minuty","_[many]":"za {{value}} minut","_[other]":"za {{value}} minut"},"hours-until-long":{"_":"{[ plural(value) ]}","_[zero]":"nyní","_[one]":"za hodinu","_[two]":"za 2 hodiny","_[few]":"za {{value}} hodiny","_[many]":"za {{value}} hodin","_[other]":"za {{value}} hodin"},"days-until-long":{"_":"{[ plural(value) ]}","_[zero]":"dnes","_[one]":"zítra","_[two]":"pozítří","_[few]":"za {{value}} dny","_[many]":"za {{value}} dnů","_[other]":"za {{value}} dnů"},"weeks-until-long":{"_":"{[ plural(value) ]}","_[zero]":"tento týden","_[one]":"příští týden","_[two]":"za {{value}} týdny","_[few]":"za {{value}} týdny","_[many]":"za {{value}} týdnů","_[other]":"za {{value}} týdnů"},"months-until-long":{"_":"{[ plural(value) ]}","_[zero]":"tento měsíc","_[one]":"příští měsíc","_[two]":"za {{value}} měsíce","_[few]":"za {{value}} měsíce","_[many]":"za {{value}} měsíců","_[other]":"za {{value}} měsíců"},"years-until-long":{"_":"{[ plural(value) ]}","_[zero]":"tento rok","_[one]":"příští rok","_[two]":"za {{value}} roky","_[few]":"za {{value}} roky","_[many]":"za {{value}} roků","_[other]":"za {{value}} roků"},"minutes-ago-short":{"_":"{[ plural(value) ]}","_[zero]":"právě teď","_[other]":"před {{value}} min"},"hours-ago-short":{"_":"{[ plural(value) ]}","_[zero]":"právě teď","_[other]":"před {{value}} hod"},"days-ago-short":{"_":"{[ plural(value) ]}","_[zero]":"dnes","_[other]":"před {{value}} dny"},"minutes-until-short":{"_":"{[ plural(value) ]}","_[zero]":"nyní","_[other]":"za {{value}} min"},"hours-until-short":{"_":"{[ plural(value) ]}","_[zero]":"nyní","_[other]":"za {{value}} hod"},"days-until-short":{"_":"{[ plural(value) ]}","_[zero]":"dnes","_[other]":"za {{value}} dny"},"incorrectDate":{"_":"(neplatné datum)"},"dateTimeFormat_%c":{"_":"%a %e. %b %Y %H:%M:%S"},"dateTimeFormat_%x":{"_":"%e. %m. %Y"},"dateTimeFormat_%X":{"_":"%H:%M:%S"},"shortTimeFormat":{"_":"%H:%M"},"shortDateTimeFormat":{"_":"%x %H:%M"},"weekStartsOnMonday":{"_":"1"},"time_am":{"_":"AM"},"time_pm":{"_":"PM"}}