{"back":{"_":"Tilbage"},"save":{"_":"Gem"},"hide":{"_":"Skjul"},"cancel":{"_":"Annuller"},"confirm":{"_":"Bekræft"},"done":{"_":"Færdig"},"events":{"_":"Begivenheder"},"edit":{"_":"Rediger"},"allday-events":{"_":"Heldagsbegivenheder"},"hint-swipe-action":{"_":"Stryg"},"hint-swipe-to-navigate":{"_":"for at navigere mellem datoer."},"show-today":{"_":"I dag"},"show-month-view":{"_":"Måned"},"show-week-view":{"_":"Uge"},"show-day-view":{"_":"Dag"},"settings-show":{"_":"Indstillinger"},"settings-hide":{"_":"Skjul indstillinger"},"add-account":{"_":"Tilføj en konto"},"new-event":{"_":"Tilføj en begivenhed"},"add-event-header":{"_":"Begivenhed"},"account-header":{"_":"Konto"},"account-list-header":{"_":"Konti"},"settings-header":{"_":"Kalendere"},"advanced-settings":{"_":"Indstillinger for kalender"},"advanced-settings-header":{"_":"Kalender"},"advanced-settings-personalization":{"_":"Tilpasninger"},"advanced-settings-reminders":{"_":"Påmindelser"},"field-user":{"placeholder":"Brugernavn"},"field-password":{"placeholder":"Adgangskode"},"field-full-url":{"placeholder":"URL"},"modify-account-setting-up":{"_":"Vent mens kontoen opsættes"},"modify-account-unable-to-sync":{"_":"Kunne ikke synkronisere"},"modify-account-sign-in":{"_":"Log ind"},"preset-caldav":{"_":"CalDav"},"preset-yahoo":{"_":"Yahoo!"},"preset-google":{"_":"Google"},"preset-local":{"_":"Offline-kalender"},"preset-mozilla":{"_":"Mozilla Zimbra"},"calendar-local":{"_":"Offline-kalender"},"event-title":{"placeholder":"Titel"},"event-location":{"placeholder":"Sted"},"event-description":{"placeholder":"Notater"},"event-is-allday":{"_":"Hele dagen?"},"event-start-date":{"placeholder":"Startdato"},"event-end-date":{"placeholder":"Slutdato"},"event-start-time":{"placeholder":"Starttid"},"event-end-time":{"placeholder":"Sluttid"},"event-delete":{"_":"Slet begivenhed"},"remove-account-data":{"_":"Fjern lokale data"},"remove-account-dialog":{"_":"Fjern konto"},"remove-account-dialog-details":{"_":"Hvis du fjerner denne konto, vil du også fjerne lokale kopier af tilknyttede kalendere og begivenheder."},"sync-frequency":{"_":"Synkroniser kalender"},"sync-frequency-manual":{"textContent":"Manuelt"},"sync-frequency-15min":{"textContent":"Hvert 15. min."},"sync-frequency-30min":{"textContent":"Hvert 30. min."},"sync-frequency-hourly":{"textContent":"Hver time"},"none":{"_":"Ingen"},"remind-me":{"_":"Påmindelser"},"from-time":{"_":"Fra:"},"to-time":{"_":"Til:"},"alarm-at-event-standard":{"_":"Ved start"},"alarm-at-event-allday":{"_":"Ved start"},"alarm-start-notice":{"_":"{{title}} begynder {{distance}}"},"alarm-started-notice":{"_":"{{title}} begyndte {{distance}}"},"minutes-before":{"_":"{[ plural(value) ]}","_[zero]":"0 minutter før","_[one]":"1 minut før","_[two]":"{{value}} minutter før","_[few]":"{{value}} minutter før","_[many]":"{{value}} minutter før","_[other]":"{{value}} minutter før"},"hours-before":{"_":"{[ plural(value) ]}","_[zero]":"0 timer før","_[one]":"1 time før","_[two]":"{{value}} timer før","_[few]":"{{value}} timer før","_[many]":"{{value}} timer før","_[other]":"{{value}} timer før"},"days-before":{"_":"{[ plural(value) ]}","_[zero]":"0 dage før","_[one]":"1 dag før","_[two]":"{{value}} dage før","_[few]":"{{value}} dage før","_[many]":"{{value}} dage før","_[other]":"{{value}} dage før"},"weeks-before":{"_":"{[ plural(value) ]}","_[zero]":"0 uger før","_[one]":"1 uge før","_[two]":"{{value}} uger før","_[few]":"{{value}} uger før","_[many]":"{{value}} uger før","_[other]":"{{value}} uger før"},"months-before":{"_":"{[ plural(value) ]}","_[zero]":"0 måneder før","_[one]":"1 måned før","_[two]":"{{value}} måneder før","_[few]":"{{value}} måneder før","_[many]":"{{value}} måneder før","_[other]":"{{value}} måneder før"},"years-before":{"_":"{[ plural(value) ]}","_[zero]":"0 år før","_[one]":"1 år før","_[two]":"{{value}} år før","_[few]":"{{value}} år før","_[many]":"{{value}} år før","_[other]":"{{value}} år før"},"minutes-after":{"_":"{[ plural(value) ]}","_[zero]":"0 minutter efter","_[one]":"1 minut efter","_[two]":"{{value}} minutter efter","_[few]":"{{value}} minutter efter","_[many]":"{{value}} minutter efter","_[other]":"{{value}} minutter efter"},"hours-after":{"_":"{[ plural(value) ]}","_[zero]":"0 timer efter","_[one]":"1 time efter","_[two]":"{{value}} timer efter","_[few]":"{{value}} timer efter","_[many]":"{{value}} timer efter","_[other]":"{{value}} timer efter"},"days-after":{"_":"{[ plural(value) ]}","_[zero]":"0 dage efter","_[one]":"1 dag efter","_[two]":"{{value}} dage efter","_[few]":"{{value}} dage efter","_[many]":"{{value}} dage efter","_[other]":"{{value}} dage efter"},"weeks-after":{"_":"{[ plural(value) ]}","_[zero]":"0 uger efter","_[one]":"1 uge efter","_[two]":"{{value}} uger efter","_[few]":"{{value}} uger efter","_[many]":"{{value}} uger efter","_[other]":"{{value}} uger efter"},"months-after":{"_":"{[ plural(value) ]}","_[zero]":"0 måneder efter","_[one]":"1 måned efter","_[two]":"{{value}} måneder efter","_[few]":"{{value}} måneder efter","_[many]":"{{value}} måneder efter","_[other]":"{{value}} måneder efter"},"years-after":{"_":"{[ plural(value) ]}","_[zero]":"0 år efter","_[one]":"1 år efter","_[two]":"{{value}} år efter","_[few]":"{{value}} år efter","_[many]":"{{value}} år efter","_[other]":"{{value}} år efter"},"hour-format":{"_":"%H"},"hour-allday":{"_":"Hele dagen"},"month-view-header-format":{"_":"%B %Y"},"multi-month-view-header-format":{"_":"%b %Y"},"day-view-header-format":{"_":"%A d. %e. %B"},"error-start-after-end":{"_":"Slutdato skal være efter startdato"},"error-unauthenticated":{"_":"Brugernavn eller adgangskode er forkert"},"error-no-url":{"_":"No connection. Check your Wi-Fi and try again."},"error-internal-server-error":{"_":"Serverfejl. Kontroller din login og prøv igen."},"error-default":{"_":"Der opstod en fejl. Prøv igen senere."},"error-offline":{"_":"Ingen forbindelse. Kontroller opsætningen af dit netværk og prøv igen."},"error-account-exist":{"_":"Denne konto findes allerede."},"notification-error-sync-title":{"_":"Synkronisering af kalender mislykkedes"},"notification-error-sync-description":{"_":"Tryk for mere info"},"weekday-0-long":{"_":"Søndag"},"weekday-1-long":{"_":"Mandag"},"weekday-2-long":{"_":"Tirsdag"},"weekday-3-long":{"_":"Onsdag"},"weekday-4-long":{"_":"Torsdag"},"weekday-5-long":{"_":"Fredag"},"weekday-6-long":{"_":"Lørdag"},"weekday-0-short":{"_":"Søn"},"weekday-1-short":{"_":"Man"},"weekday-2-short":{"_":"Tir"},"weekday-3-short":{"_":"Ons"},"weekday-4-short":{"_":"Tor"},"weekday-5-short":{"_":"Fre"},"weekday-6-short":{"_":"Lør"},"month-0-long":{"_":"Januar"},"month-1-long":{"_":"Februar"},"month-2-long":{"_":"Marts"},"month-3-long":{"_":"April"},"month-4-long":{"_":"Maj"},"month-5-long":{"_":"Juni"},"month-6-long":{"_":"Juli"},"month-7-long":{"_":"August"},"month-8-long":{"_":"September"},"month-9-long":{"_":"Oktober"},"month-10-long":{"_":"November"},"month-11-long":{"_":"December"},"month-0-genitive":{"_":"januar"},"month-1-genitive":{"_":"februar"},"month-2-genitive":{"_":"marts"},"month-3-genitive":{"_":"april"},"month-4-genitive":{"_":"maj"},"month-5-genitive":{"_":"juni"},"month-6-genitive":{"_":"juli"},"month-7-genitive":{"_":"august"},"month-8-genitive":{"_":"september"},"month-9-genitive":{"_":"oktober"},"month-10-genitive":{"_":"november"},"month-11-genitive":{"_":"december"},"month-0-short":{"_":"Jan"},"month-1-short":{"_":"Feb"},"month-2-short":{"_":"Mar"},"month-3-short":{"_":"Apr"},"month-4-short":{"_":"Maj"},"month-5-short":{"_":"Jun"},"month-6-short":{"_":"Jul"},"month-7-short":{"_":"Aug"},"month-8-short":{"_":"Sep"},"month-9-short":{"_":"Okt"},"month-10-short":{"_":"Nov"},"month-11-short":{"_":"Dec"},"minutes-ago-long":{"_":"{[ plural(value) ]}","_[zero]":"nu","_[one]":"for et minut siden","_[two]":"for {{value}} minutter siden","_[few]":"for {{value}} minutter siden","_[many]":"for {{value}} minutter siden","_[other]":"for {{value}} minutter siden"},"hours-ago-long":{"_":"{[ plural(value) ]}","_[zero]":"nu","_[one]":"for en time siden","_[two]":"for {{value}} timer siden","_[few]":"for {{value}} timer siden","_[many]":"for {{value}} timer siden","_[other]":"for {{value}} timer siden"},"days-ago-long":{"_":"{[ plural(value) ]}","_[zero]":"i dag","_[one]":"i går","_[two]":"for {{value}} dage siden","_[few]":"for {{value}} dage siden","_[many]":"for {{value}} dage siden","_[other]":"for {{value}} dage siden"},"weeks-ago-long":{"_":"{[ plural(value) ]}","_[zero]":"denne uge","_[one]":"sidste uge","_[two]":"for {{value}} uger siden","_[few]":"for {{value}} uger siden","_[many]":"for {{value}} uger siden","_[other]":"for {{value}} uger siden"},"months-ago-long":{"_":"{[ plural(value) ]}","_[zero]":"denne måned","_[one]":"sidste måned","_[two]":"for {{value}} måneder siden","_[few]":"for {{value}} måneder siden","_[many]":"for {{value}} måneder siden","_[other]":"for {{value}} måneder siden"},"years-ago-long":{"_":"{[ plural(value) ]}","_[zero]":"dette år","_[one]":"sidste år","_[two]":"for {{value}} år siden","_[few]":"for {{value}} år siden","_[many]":"for {{value}} år siden","_[other]":"for {{value}} år siden"},"minutes-until-long":{"_":"{[ plural(value) ]}","_[zero]":"nu","_[one]":"om et minut","_[two]":"om {{value}} minutter","_[few]":"om {{value}} minutter","_[many]":"om {{value}} minutter","_[other]":"om {{value}} minutter"},"hours-until-long":{"_":"{[ plural(value) ]}","_[zero]":"nu","_[one]":"om en time","_[two]":"om {{value}} timer","_[few]":"om {{value}} timer","_[many]":"om {{value}} timer","_[other]":"om {{value}} timer"},"days-until-long":{"_":"{[ plural(value) ]}","_[zero]":"i dag","_[one]":"i morgen","_[two]":"om {{value}} dage","_[few]":"om {{value}} dage","_[many]":"om {{value}} dage","_[other]":"om {{value}} dage"},"weeks-until-long":{"_":"{[ plural(value) ]}","_[zero]":"denne uge","_[one]":"næste uge","_[two]":"om {{value}} uger","_[few]":"om {{value}} uger","_[many]":"om {{value}} uger","_[other]":"om {{value}} uger"},"months-until-long":{"_":"{[ plural(value) ]}","_[zero]":"denne måned","_[one]":"næste måned","_[two]":"om {{value}} måneder","_[few]":"om {{value}} måneder","_[many]":"om {{value}} måneder","_[other]":"om {{value}} måneder"},"years-until-long":{"_":"{[ plural(value) ]}","_[zero]":"i år","_[one]":"næste år","_[two]":"om {{value}} år","_[few]":"om {{value}} år","_[many]":"om {{value}} år","_[other]":"om {{value}} år"},"minutes-ago-short":{"_":"{[ plural(value) ]}","_[zero]":"nu","_[other]":"{{value}}m siden"},"hours-ago-short":{"_":"{[ plural(value) ]}","_[zero]":"nu","_[other]":"{{value}}t siden"},"days-ago-short":{"_":"{[ plural(value) ]}","_[zero]":"i dag","_[other]":"{{value}}d siden"},"minutes-until-short":{"_":"{[ plural(value) ]}","_[zero]":"nu","_[other]":"om {{value}}m"},"hours-until-short":{"_":"{[ plural(value) ]}","_[zero]":"nu","_[other]":"om {{value}}t"},"days-until-short":{"_":"{[ plural(value) ]}","_[zero]":"i dag","_[other]":"om {{value}}d"},"incorrectDate":{"_":"(forkert dato)"},"dateTimeFormat_%c":{"_":"%a d. %e. %b %Y %H:%M:%S"},"dateTimeFormat_%x":{"_":"%d-%m-%Y"},"dateTimeFormat_%X":{"_":"%H:%M:%S"},"shortTimeFormat":{"_":"%H:%M"},"shortDateTimeFormat":{"_":"%x %H:%M"},"weekStartsOnMonday":{"_":"1"},"time_am":{"_":"AM"},"time_pm":{"_":"PM"}}