{"back":{"_":"Zurück"},"save":{"_":"Speichern"},"hide":{"_":"Ausblenden"},"cancel":{"_":"Abbrechen"},"confirm":{"_":"Bestätigen"},"done":{"_":"Fertig"},"events":{"_":"Termine"},"edit":{"_":"Bearbeiten"},"allday-events":{"_":"Ganztägige Termine"},"hint-swipe-action":{"_":"Wischen"},"hint-swipe-to-navigate":{"_":"Sie seitlich, um zeitlich zu blättern."},"show-today":{"_":"Heute"},"show-month-view":{"_":"Monat"},"show-week-view":{"_":"Woche"},"show-day-view":{"_":"Tag"},"settings-show":{"_":"Einstellungen"},"settings-hide":{"_":"Einstellungen ausblenden"},"add-account":{"_":"Konto hinzufügen"},"new-event":{"_":"Termin hinzufügen"},"add-event-header":{"_":"Termin"},"account-header":{"_":"Konto"},"account-list-header":{"_":"Konten"},"settings-header":{"_":"Kalender"},"advanced-settings":{"_":"Kalender-Einstellungen"},"advanced-settings-header":{"_":"Einstellungen"},"advanced-settings-personalization":{"_":"Personalisierung"},"advanced-settings-reminders":{"_":"Erinnerungen"},"field-user":{"placeholder":"Benutzername"},"field-password":{"placeholder":"Passwort"},"field-full-url":{"placeholder":"Adresse"},"modify-account-setting-up":{"_":"Bitte warten Sie, während Ihr Konto eingerichtet wird…"},"modify-account-unable-to-sync":{"_":"Synchronisation kann nicht vorgenommen werden"},"modify-account-sign-in":{"_":"Anmelden"},"preset-caldav":{"_":"CalDav"},"preset-yahoo":{"_":"Yahoo!"},"preset-google":{"_":"Google"},"preset-local":{"_":"Offline-Kalender"},"preset-mozilla":{"_":"Mozilla Zimbra"},"calendar-local":{"_":"Offline-Kalender"},"event-title":{"placeholder":"Titel"},"event-location":{"placeholder":"Ort"},"event-description":{"placeholder":"Bemerkungen"},"event-is-allday":{"_":"Ganztägig"},"event-start-date":{"placeholder":"Anfangsdatum"},"event-end-date":{"placeholder":"Enddatum"},"event-start-time":{"placeholder":"Anfangszeit"},"event-end-time":{"placeholder":"Endzeit"},"event-delete":{"_":"Termin löschen"},"remove-account-data":{"_":"Lokale Daten löschen"},"remove-account-dialog":{"_":"Konto löschen"},"remove-account-dialog-details":{"_":"Das Löschen dieses Kontos entfernt auch die damit verbundenen lokal gespeicherten Kopien der Kalender und Termine."},"sync-frequency":{"_":"Synchronisieren"},"sync-frequency-manual":{"textContent":"Manuell"},"sync-frequency-15min":{"textContent":"Alle 15 Minuten"},"sync-frequency-30min":{"textContent":"Alle 30 Minuten"},"sync-frequency-hourly":{"textContent":"Jede Stunde"},"none":{"_":"Keine"},"remind-me":{"_":"Erinnerung"},"from-time":{"_":"Von: "},"to-time":{"_":"Bis: "},"alarm-at-event-standard":{"_":"Sobald der Termin beginnt"},"alarm-at-event-allday":{"_":"Am Tag des Termins"},"alarm-start-notice":{"_":"{{title}} beginnt {{distance}}"},"alarm-started-notice":{"_":"{{title}} begann {{distance}}"},"minutes-before":{"_":"{[ plural(value) ]}","_[zero]":"0 Minuten vorher","_[one]":"1 Minute vorher","_[two]":"{{value}} Minuten vorher","_[few]":"{{value}} Minuten vorher","_[many]":"{{value}} Minuten vorher","_[other]":"{{value}} Minuten vorher"},"hours-before":{"_":"{[ plural(value) ]}","_[zero]":"0 Stunden vorher","_[one]":"1 Stunde vorher","_[two]":"{{value}} Stunden vorher","_[few]":"{{value}} Stunden vorher","_[many]":"{{value}} Stunden vorher","_[other]":"{{value}} Stunden vorher"},"days-before":{"_":"{[ plural(value) ]}","_[zero]":"0 Tage vorher","_[one]":"1 Tag vorher","_[two]":"{{value}} Tage vorher","_[few]":"{{value}} Tage vorher","_[many]":"{{value}} Tage vorher","_[other]":"{{value}} Tage vorher"},"weeks-before":{"_":"{[ plural(value) ]}","_[zero]":"0 Wochen vorher","_[one]":"1 Woche vorher","_[two]":"{{value}} Wochen vorher","_[few]":"{{value}} Wochen vorher","_[many]":"{{value}} Wochen vorher","_[other]":"{{value}} Wochen vorher"},"months-before":{"_":"{[ plural(value) ]}","_[zero]":"0 Monate vorher","_[one]":"1 Monat vorher","_[two]":"{{value}} Monate vorher","_[few]":"{{value}} Monate vorher","_[many]":"{{value}} Monate vorher","_[other]":"{{value}} Monate vorher"},"years-before":{"_":"{[ plural(value) ]}","_[zero]":"0 Jahre vorher","_[one]":"1 Jahr vorher","_[two]":"{{value}} Jahre vorher","_[few]":"{{value}} Jahre vorher","_[many]":"{{value}} Jahre vorher","_[other]":"{{value}} Jahre vorher"},"minutes-after":{"_":"{[ plural(value) ]}","_[zero]":"0 Minuten danach","_[one]":"1 Minute danach","_[two]":"{{value}} Minuten danach","_[few]":"{{value}} Minuten danach","_[many]":"{{value}} Minuten danach","_[other]":"{{value}} Minuten danach"},"hours-after":{"_":"{[ plural(value) ]}","_[zero]":"0 Stunden danach","_[one]":"1 Stunde danach","_[two]":"{{value}} Stunden danach","_[few]":"{{value}} Stunden danach","_[many]":"{{value}} Stunden danach","_[other]":"{{value}} Stunden danach"},"days-after":{"_":"{[ plural(value) ]}","_[zero]":"0 Tage danach","_[one]":"1 Tag danach","_[two]":"{{value}} Tage danach","_[few]":"{{value}} Tage danach","_[many]":"{{value}} Tage danach","_[other]":"{{value}} Tage danach"},"weeks-after":{"_":"{[ plural(value) ]}","_[zero]":"0 Wochen danach","_[one]":"1 Woche danach","_[two]":"{{value}} Wochen danach","_[few]":"{{value}} Wochen danach","_[many]":"{{value}} Wochen danach","_[other]":"{{value}} Wochen danach"},"months-after":{"_":"{[ plural(value) ]}","_[zero]":"0 Monate danach","_[one]":"1 Monat danach","_[two]":"{{value}} Monate danach","_[few]":"{{value}} Monate danach","_[many]":"{{value}} Monate danach","_[other]":"{{value}} Monate danach"},"years-after":{"_":"{[ plural(value) ]}","_[zero]":"0 Jahre danach","_[one]":"1 Jahr danach","_[two]":"{{value}} Jahre danach","_[few]":"{{value}} Jahre danach","_[many]":"{{value}} Jahre danach","_[other]":"{{value}} Jahre danach"},"hour-format":{"_":"%H"},"hour-allday":{"_":"Ganztags"},"month-view-header-format":{"_":"%B %Y"},"multi-month-view-header-format":{"_":"%b %Y"},"day-view-header-format":{"_":"%a %e. %b %Y"},"error-start-after-end":{"_":"Terminende muss nach Terminanfang liegen"},"error-unauthenticated":{"_":"Benutzername oder Passwort ungültig"},"error-no-url":{"_":"No connection. Check your Wi-Fi and try again."},"error-internal-server-error":{"_":"Serverfehler. Überprüfen Sie die Anmeldedaten und versuchen Sie es erneut."},"error-default":{"_":"Ein unbekannter Fehler trat auf. Bitte versuchen Sie es später noch einmal."},"error-offline":{"_":"Keine Verbindung. Überprüfen Sie Ihre Netzwerkeinstellungen und versuchen Sie es erneut."},"error-account-exist":{"_":"Dieses Konto existiert bereits."},"notification-error-sync-title":{"_":"Kalender-Synchronisation: Fehler"},"notification-error-sync-description":{"_":"Antippen für mehr Informationen"},"weekday-0-long":{"_":"Sonntag"},"weekday-1-long":{"_":"Montag"},"weekday-2-long":{"_":"Dienstag"},"weekday-3-long":{"_":"Mittwoch"},"weekday-4-long":{"_":"Donnerstag"},"weekday-5-long":{"_":"Freitag"},"weekday-6-long":{"_":"Samstag"},"weekday-0-short":{"_":"So"},"weekday-1-short":{"_":"Mo"},"weekday-2-short":{"_":"Di"},"weekday-3-short":{"_":"Mi"},"weekday-4-short":{"_":"Do"},"weekday-5-short":{"_":"Fr"},"weekday-6-short":{"_":"Sa"},"month-0-long":{"_":"Januar"},"month-1-long":{"_":"Februar"},"month-2-long":{"_":"März"},"month-3-long":{"_":"April"},"month-4-long":{"_":"Mai"},"month-5-long":{"_":"Juni"},"month-6-long":{"_":"Juli"},"month-7-long":{"_":"August"},"month-8-long":{"_":"September"},"month-9-long":{"_":"Oktober"},"month-10-long":{"_":"November"},"month-11-long":{"_":"Dezember"},"month-0-genitive":{"_":"Januar"},"month-1-genitive":{"_":"Februar"},"month-2-genitive":{"_":"März"},"month-3-genitive":{"_":"April"},"month-4-genitive":{"_":"Mai"},"month-5-genitive":{"_":"Juni"},"month-6-genitive":{"_":"Juli"},"month-7-genitive":{"_":"August"},"month-8-genitive":{"_":"September"},"month-9-genitive":{"_":"Oktober"},"month-10-genitive":{"_":"November"},"month-11-genitive":{"_":"Dezember"},"month-0-short":{"_":"Jan"},"month-1-short":{"_":"Feb"},"month-2-short":{"_":"Mär"},"month-3-short":{"_":"Apr"},"month-4-short":{"_":"Mai"},"month-5-short":{"_":"Jun"},"month-6-short":{"_":"Jul"},"month-7-short":{"_":"Aug"},"month-8-short":{"_":"Sep"},"month-9-short":{"_":"Okt"},"month-10-short":{"_":"Nov"},"month-11-short":{"_":"Dez"},"minutes-ago-long":{"_":"{[ plural(value) ]}","_[zero]":"gerade eben","_[one]":"vor 1 Minute","_[two]":"vor {{value}} Minuten","_[few]":"vor {{value}} Minuten","_[many]":"vor {{value}} Minuten","_[other]":"vor {{value}} Minuten"},"hours-ago-long":{"_":"{[ plural(value) ]}","_[zero]":"gerade eben","_[one]":"vor 1 Stunde","_[two]":"vor {{value}} Stunden","_[few]":"vor {{value}} Stunden","_[many]":"vor {{value}} Stunden","_[other]":"vor {{value}} Stunden"},"days-ago-long":{"_":"{[ plural(value) ]}","_[zero]":"heute","_[one]":"gestern","_[two]":"vor {{value}} Tagen","_[few]":"vor {{value}} Tagen","_[many]":"vor {{value}} Tagen","_[other]":"vor {{value}} Tagen"},"weeks-ago-long":{"_":"{[ plural(value) ]}","_[zero]":"diese Woche","_[one]":"letzte Woche","_[two]":"vor {{value}} Wochen","_[few]":"vor {{value}} Wochen","_[many]":"vor {{value}} Wochen","_[other]":"vor {{value}} Wochen"},"months-ago-long":{"_":"{[ plural(value) ]}","_[zero]":"diesen Monat","_[one]":"letzten Monat","_[two]":"vor {{value}} Monaten","_[few]":"vor {{value}} Monaten","_[many]":"vor {{value}} Monaten","_[other]":"vor {{value}} Monaten"},"years-ago-long":{"_":"{[ plural(value) ]}","_[zero]":"dieses Jahr","_[one]":"letztes Jahr","_[two]":"vor {{value}} Jahren","_[few]":"vor {{value}} Jahren","_[many]":"vor {{value}} Jahren","_[other]":"vor {{value}} Jahren"},"minutes-until-long":{"_":"{[ plural(value) ]}","_[zero]":"jetzt","_[one]":"in 1 Minute","_[two]":"in {{value}} Minuten","_[few]":"in {{value}} Minuten","_[many]":"in {{value}} Minuten","_[other]":"in {{value}} Minuten"},"hours-until-long":{"_":"{[ plural(value) ]}","_[zero]":"jetzt","_[one]":"in einer Stunde","_[two]":"in {{value}} Stunden","_[few]":"in {{value}} Stunden","_[many]":"in {{value}} Stunden","_[other]":"in {{value}} Stunden"},"days-until-long":{"_":"{[ plural(value) ]}","_[zero]":"heute","_[one]":"morgen","_[two]":"in {{value}} Tagen","_[few]":"in {{value}} Tagen","_[many]":"in {{value}} Tagen","_[other]":"in {{value}} Tagen"},"weeks-until-long":{"_":"{[ plural(value) ]}","_[zero]":"diese Woche","_[one]":"nächste Woche","_[two]":"in {{value}} Wochen","_[few]":"in {{value}} Wochen","_[many]":"in {{value}} Wochen","_[other]":"in {{value}} Wochen"},"months-until-long":{"_":"{[ plural(value) ]}","_[zero]":"diesen Monat","_[one]":"nächsten Monat","_[two]":"in {{value}} Monaten","_[few]":"in {{value}} Monaten","_[many]":"in {{value}} Monaten","_[other]":"in {{value}} Monaten"},"years-until-long":{"_":"{[ plural(value) ]}","_[zero]":"dieses Jahr","_[one]":"nächstes Jahr","_[two]":"in {{value}} Jahren","_[few]":"in {{value}} Jahren","_[many]":"in {{value}} Jahren","_[other]":"in {{value}} Jahren"},"minutes-ago-short":{"_":"{[ plural(value) ]}","_[zero]":"jetzt","_[other]":"vor {{value}} m"},"hours-ago-short":{"_":"{[ plural(value) ]}","_[zero]":"jetzt","_[other]":"vor {{value}} h"},"days-ago-short":{"_":"{[ plural(value) ]}","_[zero]":"heute","_[other]":"vor {{value}} d"},"minutes-until-short":{"_":"{[ plural(value) ]}","_[zero]":"jetzt","_[other]":"in {{value}} m"},"hours-until-short":{"_":"{[ plural(value) ]}","_[zero]":"jetzt","_[other]":"in {{value}} h"},"days-until-short":{"_":"{[ plural(value) ]}","_[zero]":"heute","_[other]":"in {{value}} d"},"incorrectDate":{"_":"(ungültiges Datum)"},"dateTimeFormat_%c":{"_":"%a, %e. %b %Y %H:%M:%S"},"dateTimeFormat_%x":{"_":"%d.%m.%Y"},"dateTimeFormat_%X":{"_":"%H:%M:%S"},"shortTimeFormat":{"_":"%H:%M"},"shortDateTimeFormat":{"_":"%x %H:%M"},"weekStartsOnMonday":{"_":"1"},"time_am":{"_":"AM"},"time_pm":{"_":"PM"}}