{"back":{"_":"Πίσω"},"save":{"_":"Αποθήκευση"},"hide":{"_":"Απόκρυψη"},"cancel":{"_":"Ακύρωση"},"confirm":{"_":"Επιβεβαίωση"},"done":{"_":"ΟΚ"},"events":{"_":"Δραστηριότητες"},"edit":{"_":"Επεξεργασία"},"allday-events":{"_":"Ολοήμερες δραστηριότητες"},"hint-swipe-action":{"_":"Σύρετε"},"hint-swipe-to-navigate":{"_":"για να πλοηγηθείτε σε διαφορετικές ημερομηνίες."},"show-today":{"_":"Σήμερα"},"show-month-view":{"_":"Μήνας"},"show-week-view":{"_":"Εβδομάδα"},"show-day-view":{"_":"Ημέρα"},"settings-show":{"_":"Ρυθμίσεις"},"settings-hide":{"_":"Απόκρυψη ρυθμίσεων"},"add-account":{"_":"Προσθήκη λογαριασμού"},"new-event":{"_":"Προσθήκη δραστηριότητας"},"add-event-header":{"_":"Δραστηριότητα"},"account-header":{"_":"Λογαριασμός"},"account-list-header":{"_":"Λογαριασμοί"},"settings-header":{"_":"Ημερολόγια"},"advanced-settings":{"_":"Ρυθμίσεις ημερολογίου"},"advanced-settings-header":{"_":"Ρυθμίσεις"},"advanced-settings-personalization":{"_":"Εξατομίκευση"},"advanced-settings-reminders":{"_":"Υπενθυμίσεις"},"field-user":{"placeholder":"Όνομα χρήστη"},"field-password":{"placeholder":"Κωδικός πρόσβασης"},"field-full-url":{"placeholder":"URL"},"modify-account-setting-up":{"_":"Παρακαλούμε περιμένετε καθώς ο λογαριασμός σας ετοιμάζεται"},"modify-account-unable-to-sync":{"_":"Αδυναμία συγχρονισμού"},"modify-account-sign-in":{"_":"Σύνδεση"},"preset-caldav":{"_":"CalDav"},"preset-yahoo":{"_":"Yahoo!"},"preset-google":{"_":"Google"},"preset-local":{"_":"Τοπικό ημερολόγιο"},"preset-mozilla":{"_":"Mozilla Zimbra"},"calendar-local":{"_":"Τοπικό ημερολόγιο"},"event-title":{"placeholder":"Τίτλος"},"event-location":{"placeholder":"Πού;"},"event-description":{"placeholder":"Σημειώσεις"},"event-is-allday":{"_":"Ολοήμερη δραστηριότητα;"},"event-start-date":{"placeholder":"Ημερομηνία έναρξης"},"event-end-date":{"placeholder":"Ημερομηνία λήξης"},"event-start-time":{"placeholder":"Ώρα έναρξης"},"event-end-time":{"placeholder":"Ώρα λήξης"},"event-delete":{"_":"Διαγραφή δραστηριότητας"},"remove-account-data":{"_":"Διαγραφή τοπικών δεδομένων"},"remove-account-dialog":{"_":"Διαγραφή λογαριασμού"},"remove-account-dialog-details":{"_":"Η διαγραφή αυτού του λογαριασμού θα διαγράψει και τα τοπικά αντίγραφα σχετιζομένων ημερολογίων και δραστηριοτήτων."},"sync-frequency":{"_":"Συγχρονισμός ημερολογίου"},"sync-frequency-manual":{"textContent":"Χειροκίνητα"},"sync-frequency-15min":{"textContent":"15 λεπτά"},"sync-frequency-30min":{"textContent":"30 λεπτά"},"sync-frequency-hourly":{"textContent":"Κάθε ώρα"},"none":{"_":"Καμία"},"remind-me":{"_":"Υπενθύμιση"},"from-time":{"_":"Από: "},"to-time":{"_":"Ως:"},"alarm-at-event-standard":{"_":"Την ώρα της δραστηριότητας"},"alarm-at-event-allday":{"_":"Την ημέρα της δραστηριότητας"},"alarm-start-notice":{"_":"{{title}} ξεκινά {{distance}}"},"alarm-started-notice":{"_":"{{title}} ξεκίνησε {{distance}}"},"minutes-before":{"_":"{[ plural(value) ]}","_[zero]":"0 λεπτά πριν","_[one]":"1 λεπτό πριν","_[two]":"{{value}} λεπτά πριν","_[few]":"{{value}} λεπτά πριν","_[many]":"{{value}} λεπτά πριν","_[other]":"{{value}} λεπτά πριν"},"hours-before":{"_":"{[ plural(value) ]}","_[zero]":"0 ώρες πριν","_[one]":"1 ώρα πριν","_[two]":"{{value}} ώρες πριν","_[few]":"{{value}} ώρες πριν","_[many]":"{{value}} ώρες πριν","_[other]":"{{value}} ώρες πριν"},"days-before":{"_":"{[ plural(value) ]}","_[zero]":"0 ημέρες πριν","_[one]":"1 ημέρα πριν","_[two]":"{{value}} ημέρες πριν","_[few]":"{{value}} ημέρες πριν","_[many]":"{{value}} ημέρες πριν","_[other]":"{{value}} ημέρες πριν"},"weeks-before":{"_":"{[ plural(value) ]}","_[zero]":"0 εβδομάδες πριν","_[one]":"1 εβδομάδα πριν","_[two]":"{{value}} εβδομάδες πριν","_[few]":"{{value}} εβδομάδες πριν","_[many]":"{{value}} εβδομάδες πριν","_[other]":"{{value}} εβδομάδες πριν"},"months-before":{"_":"{[ plural(value) ]}","_[zero]":"0 μήνες πριν","_[one]":"1 μήνα πριν","_[two]":"{{value}} μήνες πριν","_[few]":"{{value}} μήνες πριν","_[many]":"{{value}} μήνες πριν","_[other]":"{{value}} μήνες πριν"},"years-before":{"_":"{[ plural(value) ]}","_[zero]":"0 έτη πριν","_[one]":"1 έτος πριν","_[two]":"{{value}} έτη πριν","_[few]":"{{value}} έτη πριν","_[many]":"{{value}} έτη πριν","_[other]":"{{value}} έτη πριν"},"minutes-after":{"_":"{[ plural(value) ]}","_[zero]":"0 λεπτά μετά","_[one]":"1 λεπτό μετά","_[two]":"{{value}} λεπτά μετά","_[few]":"{{value}} λεπτά μετά","_[many]":"{{value}} λεπτά μετά","_[other]":"{{value}} λεπτά μετά"},"hours-after":{"_":"{[ plural(value) ]}","_[zero]":"0 ώρες μετά","_[one]":"1 ώρα μετά","_[two]":"{{value}} ώρες μετά","_[few]":"{{value}} ώρες μετά","_[many]":"{{value}} ώρες μετά","_[other]":"{{value}} ώρες μετά"},"days-after":{"_":"{[ plural(value) ]}","_[zero]":"0 ημέρες μετά","_[one]":"1 ημέρα μετά","_[two]":"{{value}} ημέρες μετά","_[few]":"{{value}} ημέρες μετά","_[many]":"{{value}} ημέρες μετά","_[other]":"{{value}} ημέρες μετά"},"weeks-after":{"_":"{[ plural(value) ]}","_[zero]":"0 εβδομάδες μετά","_[one]":"1 εβδομάδα μετά","_[two]":"{{value}} εβδομάδες μετά","_[few]":"{{value}} εβδομάδες μετά","_[many]":"{{value}} εβδομάδες μετά","_[other]":"{{value}} εβδομάδες μετά"},"months-after":{"_":"{[ plural(value) ]}","_[zero]":"0 μήνες μετά","_[one]":"1 μήνα μετά","_[two]":"{{value}} μήνες μετά","_[few]":"{{value}} μήνες μετά","_[many]":"{{value}} μήνες μετά","_[other]":"{{value}} μήνες μετά"},"years-after":{"_":"{[ plural(value) ]}","_[zero]":"0 έτη μετά","_[one]":"1 έτος μετά","_[two]":"{{value}} έτη μετά","_[few]":"{{value}} έτη μετά","_[many]":"{{value}} έτη μετά","_[other]":"{{value}} έτη μετά"},"hour-format":{"_":"%H"},"hour-allday":{"_":"Όλη μέρα"},"month-view-header-format":{"_":"%B %Y"},"multi-month-view-header-format":{"_":"%b %Y"},"day-view-header-format":{"_":"%A, %d/%m/%y"},"error-start-after-end":{"_":"Η ημερομηνία λήξης πρέπει να είναι μετά την ημερομηνία έναρξης"},"error-unauthenticated":{"_":"Λάθος όνομα χρήστη ή/και κωδικός πρόσβασης"},"error-no-url":{"_":"Δεν υπάρχει σύνδεση. Ελέγξτε τη σύνδεση σας και ξαναπροσπαθήστε."},"error-internal-server-error":{"_":"Σφάλμα διακομιστή. Ελέγξτε την εγγραφή σας και προσπαθήστε ξανά."},"error-default":{"_":"Υπήρξε κάποιο λάθος. Προσπαθήστε ξανά αργότερα."},"error-offline":{"_":"Δεν υπάρχει σύνδεση. Ελέγξτε τις ρυθμίσεις σύνδεσης σας και ξαναπροσπαθήστε."},"error-account-exist":{"_":"Αυτός ο λογαριασμός υπάρχει ήδη."},"notification-error-sync-title":{"_":"Αδυναμία συγχρονισμού ημερολογίου"},"notification-error-sync-description":{"_":"Πατήστε για περισσότερες πληροφορίες"},"single-month-view-header-format":{"_":"%b/"},"weekday-0-long":{"_":"Κυριακή"},"weekday-1-long":{"_":"Δευτέρα"},"weekday-2-long":{"_":"Τρίτη"},"weekday-3-long":{"_":"Τετάρτη"},"weekday-4-long":{"_":"Πέμπτη"},"weekday-5-long":{"_":"Παρασκευή"},"weekday-6-long":{"_":"Σάββατο"},"weekday-0-short":{"_":"Κυρ"},"weekday-1-short":{"_":"Δευ"},"weekday-2-short":{"_":"Τρι"},"weekday-3-short":{"_":"Τετ"},"weekday-4-short":{"_":"Πεμ"},"weekday-5-short":{"_":"Παρ"},"weekday-6-short":{"_":"Σαβ"},"month-0-long":{"_":"Ιανουάριος"},"month-1-long":{"_":"Φεβρουάριος"},"month-2-long":{"_":"Μάρτιος"},"month-3-long":{"_":"Απρίλιος"},"month-4-long":{"_":"Μάιος"},"month-5-long":{"_":"Ιούνιος"},"month-6-long":{"_":"Ιούλιος"},"month-7-long":{"_":"Αύγουστος"},"month-8-long":{"_":"Σεπτέμβριος"},"month-9-long":{"_":"Οκτώβριος"},"month-10-long":{"_":"Νοέμβριος"},"month-11-long":{"_":"Δεκέμβριος"},"month-0-genitive":{"_":"Ιανουαρίου"},"month-1-genitive":{"_":"Φεβρουαρίου"},"month-2-genitive":{"_":"Μαρτίου"},"month-3-genitive":{"_":"Απριλίου"},"month-4-genitive":{"_":"Μαΐου"},"month-5-genitive":{"_":"Ιουνίου"},"month-6-genitive":{"_":"Ιουλίου"},"month-7-genitive":{"_":"Αυγούστου"},"month-8-genitive":{"_":"Σεπτεμβρίου"},"month-9-genitive":{"_":"Οκτωβρίου"},"month-10-genitive":{"_":"Νοεμβρίου"},"month-11-genitive":{"_":"Δεκεμβρίου"},"month-0-short":{"_":"Ιαν"},"month-1-short":{"_":"Φεβ"},"month-2-short":{"_":"Μαρ"},"month-3-short":{"_":"Απρ"},"month-4-short":{"_":"Μάι"},"month-5-short":{"_":"Ιουν"},"month-6-short":{"_":"Ιουλ"},"month-7-short":{"_":"Αυγ"},"month-8-short":{"_":"Σεπ"},"month-9-short":{"_":"Οκτ"},"month-10-short":{"_":"Νοε"},"month-11-short":{"_":"Δεκ"},"minutes-ago-long":{"_":"{[ plural(value) ]}","_[zero]":"μόλις τώρα","_[one]":"πριν από ένα λεπτό","_[two]":"πριν από {{value}} λεπτά","_[few]":"πριν από {{value}} λεπτά","_[many]":"πριν από {{value}} λεπτά","_[other]":"πριν από {{value}} λεπτά"},"hours-ago-long":{"_":"{[ plural(value) ]}","_[zero]":"μόλις τώρα","_[one]":"πριν από μία ώρα","_[two]":"πριν από {{value}} ώρες","_[few]":"πριν από {{value}} ώρες","_[many]":"πριν από {{value}} ώρες","_[other]":"πριν από {{value}} ώρες"},"days-ago-long":{"_":"{[ plural(value) ]}","_[zero]":"σήμερα","_[one]":"χθες","_[two]":"πριν από {{value}} ημέρες","_[few]":"πριν από {{value}} ημέρες","_[many]":"πριν από {{value}} ημέρες","_[other]":"πριν από {{value}} ημέρες"},"weeks-ago-long":{"_":"{[ plural(value) ]}","_[zero]":"αυτή την εβδομάδα","_[one]":"την τελευταία εβδομάδα","_[two]":"πριν από {{value}} εβδομάδες","_[few]":"πριν από {{value}} εβδομάδες","_[many]":"πριν από {{value}} εβδομάδες","_[other]":"πριν από {{value}} εβδομάδες"},"months-ago-long":{"_":"{[ plural(value) ]}","_[zero]":"αυτό τον μήνα","_[one]":"τον τελευταίο μήνα","_[two]":"πριν από {{value}} μήνες","_[few]":"πριν από {{value}} μήνες","_[many]":"πριν από {{value}} μήνες","_[other]":"πριν από {{value}} μήνες"},"years-ago-long":{"_":"{[ plural(value) ]}","_[zero]":"αυτό το έτος","_[one]":"το περασμένο έτος","_[two]":"πριν από {{value}} χρόνια","_[few]":"πριν από {{value}} χρόνια","_[many]":"πριν από {{value}} χρόνια","_[other]":"πριν από {{value}} χρόνια"},"minutes-until-long":{"_":"{[ plural(value) ]}","_[zero]":"τώρα","_[one]":"σε ένα λεπτό","_[two]":"σε {{value}} λεπτά","_[few]":"σε {{value}} λεπτά","_[many]":"σε {{value}} λεπτά","_[other]":"σε {{value}} λεπτά"},"hours-until-long":{"_":"{[ plural(value) ]}","_[zero]":"τώρα","_[one]":"σε μία ώρα","_[two]":"σε {{value}} ώρες","_[few]":"σε {{value}} ώρες","_[many]":"σε {{value}} ώρες","_[other]":"σε {{value}} ώρες"},"days-until-long":{"_":"{[ plural(value) ]}","_[zero]":"σήμερα","_[one]":"αύριο","_[two]":"σε {{value}} ημέρες","_[few]":"σε {{value}} ημέρες","_[many]":"σε {{value}} ημέρες","_[other]":"σε {{value}} ημέρες"},"weeks-until-long":{"_":"{[ plural(value) ]}","_[zero]":"αυτή την εβδομάδα","_[one]":"την επόμενη εβδομάδα","_[two]":"σε {{value}} εβδομάδες","_[few]":"σε {{value}} εβδομάδες","_[many]":"σε {{value}} εβδομάδες","_[other]":"σε {{value}} εβδομάδες"},"months-until-long":{"_":"{[ plural(value) ]}","_[zero]":"αυτό τον μήνα","_[one]":"στον επόμενο μήνα","_[two]":"σε {{value}} μήνες","_[few]":"σε {{value}} μήνες","_[many]":"σε {{value}} μήνες","_[other]":"σε {{value}} μήνες"},"years-until-long":{"_":"{[ plural(value) ]}","_[zero]":"αυτό το έτος","_[one]":"επόμενο έτος","_[two]":"σε {{value}} έτη","_[few]":"σε {{value}} έτη","_[many]":"σε {{value}} έτη","_[other]":"σε {{value}} έτη"},"minutes-ago-short":{"_":"{[ plural(value) ]}","_[zero]":"τώρα","_[other]":"πριν {{value}}′"},"hours-ago-short":{"_":"{[ plural(value) ]}","_[zero]":"τώρα","_[other]":"πριν {{value}} ώρ."},"days-ago-short":{"_":"{[ plural(value) ]}","_[zero]":"σήμερα","_[other]":"πριν {{value}} ημ."},"minutes-until-short":{"_":"{[ plural(value) ]}","_[zero]":"τώρα","_[other]":"σε {{value}}′"},"hours-until-short":{"_":"{[ plural(value) ]}","_[zero]":"τώρα","_[other]":"σε {{value}} ώρ."},"days-until-short":{"_":"{[ plural(value) ]}","_[zero]":"σήμερα","_[other]":"σε {{value}} ημ."},"incorrectDate":{"_":"(λάθος ημερομηνία)"},"dateTimeFormat_%c":{"_":"%a, %e %Eb %Y, %H:%M:%S"},"dateTimeFormat_%x":{"_":"%d/%m/%Y"},"dateTimeFormat_%X":{"_":"%H:%M:%S"},"shortTimeFormat":{"_":"%H:%M"},"shortDateTimeFormat":{"_":"%x %H:%M"},"weekStartsOnMonday":{"_":"0"},"time_am":{"_":"AM"},"time_pm":{"_":"PM"}}