{"back":{"_":"Atrás"},"save":{"_":"Guardar"},"hide":{"_":"Ocultar"},"cancel":{"_":"Cancelar"},"confirm":{"_":"Confirmar"},"done":{"_":"Hecho"},"events":{"_":"Eventos"},"edit":{"_":"Editar"},"allday-events":{"_":"Eventos de todo el día"},"hint-swipe-action":{"_":"Deslice"},"hint-swipe-to-navigate":{"_":"para navegar entre fechas del calendario."},"show-today":{"_":"Hoy"},"show-month-view":{"_":"Mes"},"show-week-view":{"_":"Semana"},"show-day-view":{"_":"Día"},"settings-show":{"_":"Ajustes"},"settings-hide":{"_":"Ocultar ajustes"},"add-account":{"_":"Agregar una cuenta"},"new-event":{"_":"Agregar evento"},"add-event-header":{"_":"Evento"},"account-header":{"_":"Cuenta"},"account-list-header":{"_":"Cuentas"},"settings-header":{"_":"Calendarios"},"advanced-settings":{"_":"Ajustes"},"advanced-settings-header":{"_":"Ajustes"},"advanced-settings-personalization":{"_":"Personalización"},"advanced-settings-reminders":{"_":"Recordatorios"},"field-user":{"placeholder":"Usuario/a"},"field-password":{"placeholder":"Contraseña"},"field-full-url":{"placeholder":"URL"},"modify-account-setting-up":{"_":"Espere mientras su cuenta se configura"},"modify-account-unable-to-sync":{"_":"Imposible sincronizar"},"modify-account-sign-in":{"_":"Identificarse"},"preset-caldav":{"_":"CalDav"},"preset-yahoo":{"_":"Yahoo!"},"preset-google":{"_":"Google"},"preset-local":{"_":"Calendario interno"},"preset-mozilla":{"_":"Mozilla Zimbra"},"calendar-local":{"_":"Calendario sin conexión"},"event-title":{"placeholder":"Título"},"event-location":{"placeholder":"¿En qué lugar?"},"event-description":{"placeholder":"Notas"},"event-is-allday":{"_":"¿Todo el día?"},"event-start-date":{"placeholder":"Fecha inicial"},"event-end-date":{"placeholder":"Fecha final"},"event-start-time":{"placeholder":"Hora inicial"},"event-end-time":{"placeholder":"Hora final"},"event-delete":{"_":"Borrar evento"},"remove-account-data":{"_":"Eliminar datos locales"},"remove-account-dialog":{"_":"Eliminar cuenta"},"remove-account-dialog-details":{"_":"Al eliminar esta cuenta también eliminará su copia local de los calendarios y eventos asociados."},"sync-frequency":{"_":"sincronizar calendario"},"sync-frequency-manual":{"textContent":"Manualmente"},"sync-frequency-15min":{"textContent":"15 min"},"sync-frequency-30min":{"textContent":"30 min"},"sync-frequency-hourly":{"textContent":"Cada hora"},"none":{"_":"Ninguna"},"remind-me":{"_":"Recordarme"},"from-time":{"_":"De:"},"to-time":{"_":"Para:"},"alarm-at-event-standard":{"_":"A la hora del evento"},"alarm-at-event-allday":{"_":"El día del evento"},"alarm-start-notice":{"_":"{{title}} comenzando {{distance}}"},"alarm-started-notice":{"_":"{{title}} comenzado {{distance}}"},"minutes-before":{"_":"{[ plural(value) ]}","_[zero]":"0 minutos antes","_[one]":"1 minuto antes","_[two]":"{{value}} minutos antes","_[few]":"{{value}} minutos antes","_[many]":"{{value}} minutos antes","_[other]":"{{value}} minutos antes"},"hours-before":{"_":"{[ plural(value) ]}","_[zero]":"0 horas antes","_[one]":"1 hora antes","_[two]":"{{value}} horas antes","_[few]":"{{value}} horas antes","_[many]":"{{value}} horas antes","_[other]":"{{value}} horas antes"},"days-before":{"_":"{[ plural(value) ]}","_[zero]":"0 días antes","_[one]":"1 día antes","_[two]":"{{value}} días antes","_[few]":"{{value}} días antes","_[many]":"{{value}} días antes","_[other]":"{{value}} días antes"},"weeks-before":{"_":"{[ plural(value) ]}","_[zero]":"0 semanas antes","_[one]":"1 semana antes","_[two]":"{{value}} semanas antes","_[few]":"{{value}} semanas antes","_[many]":"{{value}} semanas antes","_[other]":"{{value}} semanas antes"},"months-before":{"_":"{[ plural(value) ]}","_[zero]":"0 meses antes","_[one]":"1 mes antes","_[two]":"{{value}} meses antes","_[few]":"{{value}} meses antes","_[many]":"{{value}} meses antes","_[other]":"{{value}} meses antes"},"years-before":{"_":"{[ plural(value) ]}","_[zero]":"0 años antes","_[one]":"1 año antes","_[two]":"{{value}} años antes","_[few]":"{{value}} años antes","_[many]":"{{value}} años antes","_[other]":"{{value}} años antes"},"minutes-after":{"_":"{[ plural(value) ]}","_[zero]":"0 minutos después","_[one]":"1 minuto después","_[two]":"{{value}} minutos después","_[few]":"{{value}} minutos después","_[many]":"{{value}} minutos después","_[other]":"{{value}} minutos después"},"hours-after":{"_":"{[ plural(value) ]}","_[zero]":"0 horas después","_[one]":"1 hora después","_[two]":"{{value}} horas después","_[few]":"{{value}} horas después","_[many]":"{{value}} horas después","_[other]":"{{value}} horas después"},"days-after":{"_":"{[ plural(value) ]}","_[zero]":"0 días después","_[one]":"1 día después","_[two]":"{{value}} días después","_[few]":"{{value}} días después","_[many]":"{{value}} días después","_[other]":"{{value}} días después"},"weeks-after":{"_":"{[ plural(value) ]}","_[zero]":"0 semanas después","_[one]":"1 semana después","_[two]":"{{value}} semanas después","_[few]":"{{value}} semanas después","_[many]":"{{value}} semanas después","_[other]":"{{value}} semanas después"},"months-after":{"_":"{[ plural(value) ]}","_[zero]":"0 meses después","_[one]":"1 mes después","_[two]":"{{value}} meses después","_[few]":"{{value}} meses después","_[many]":"{{value}} meses después","_[other]":"{{value}} meses después"},"years-after":{"_":"{[ plural(value) ]}","_[zero]":"0 años después","_[one]":"1 año después","_[two]":"{{value}} años después","_[few]":"{{value}} años después","_[many]":"{{value}} años después","_[other]":"{{value}} años después"},"hour-format":{"_":"%H"},"hour-allday":{"_":"Todo"},"month-view-header-format":{"_":"%B %Y"},"multi-month-view-header-format":{"_":"%b %Y"},"day-view-header-format":{"_":"%A, %e de %b"},"error-start-after-end":{"_":"La fecha final debe ser posterior a la fecha inicial"},"error-unauthenticated":{"_":"Error de usuario y/o contraseña"},"error-no-url":{"_":"No hay conexión. Compruebe su wifi y pruebe de nuevo."},"error-internal-server-error":{"_":"Error del servidor. Compruebe su usuario y pruebe de nuevo."},"error-default":{"_":"Algo no salió bien. Pruebe de nuevo pasados unos minutos."},"error-offline":{"_":"No hay conexión. Compruebe la configuración de red y pruebe de nuevo."},"error-account-exist":{"_":"Esta cuenta ya existe."},"notification-error-sync-title":{"_":"Error de sincronización"},"notification-error-sync-description":{"_":"Pulse para más info."},"weekday-0-long":{"_":"domingo"},"weekday-1-long":{"_":"lunes"},"weekday-2-long":{"_":"martes"},"weekday-3-long":{"_":"miércoles"},"weekday-4-long":{"_":"jueves"},"weekday-5-long":{"_":"viernes"},"weekday-6-long":{"_":"sábado"},"weekday-0-short":{"_":"do."},"weekday-1-short":{"_":"lu."},"weekday-2-short":{"_":"ma."},"weekday-3-short":{"_":"mi."},"weekday-4-short":{"_":"ju."},"weekday-5-short":{"_":"vi."},"weekday-6-short":{"_":"sá."},"month-0-long":{"_":"enero"},"month-1-long":{"_":"febrero"},"month-2-long":{"_":"marzo"},"month-3-long":{"_":"abril"},"month-4-long":{"_":"mayo"},"month-5-long":{"_":"junio"},"month-6-long":{"_":"julio"},"month-7-long":{"_":"agosto"},"month-8-long":{"_":"septiembre"},"month-9-long":{"_":"octubre"},"month-10-long":{"_":"noviembre"},"month-11-long":{"_":"diciembre"},"month-0-genitive":{"_":"enero"},"month-1-genitive":{"_":"febrero"},"month-2-genitive":{"_":"marzo"},"month-3-genitive":{"_":"abril"},"month-4-genitive":{"_":"mayo"},"month-5-genitive":{"_":"junio"},"month-6-genitive":{"_":"julio"},"month-7-genitive":{"_":"agosto"},"month-8-genitive":{"_":"septiembre"},"month-9-genitive":{"_":"octubre"},"month-10-genitive":{"_":"noviembre"},"month-11-genitive":{"_":"diciembre"},"month-0-short":{"_":"ene."},"month-1-short":{"_":"feb."},"month-2-short":{"_":"mar."},"month-3-short":{"_":"abr."},"month-4-short":{"_":"may."},"month-5-short":{"_":"jun."},"month-6-short":{"_":"jul."},"month-7-short":{"_":"ago."},"month-8-short":{"_":"sep."},"month-9-short":{"_":"oct."},"month-10-short":{"_":"nov."},"month-11-short":{"_":"dic."},"minutes-ago-long":{"_":"{[ plural(value) ]}","_[zero]":"ahora","_[one]":"hace un minuto","_[two]":"hace {{value}} minutos","_[few]":"hace {{value}} minutos","_[many]":"hace {{value}} minutos","_[other]":"hace {{value}} minutos"},"hours-ago-long":{"_":"{[ plural(value) ]}","_[zero]":"ahora","_[one]":"hace una hora","_[two]":"hace {{value}} horas","_[few]":"hace {{value}} horas","_[many]":"hace {{value}} horas","_[other]":"hace {{value}} horas"},"days-ago-long":{"_":"{[ plural(value) ]}","_[zero]":"hoy","_[one]":"ayer","_[two]":"hace {{value}} días","_[few]":"hace {{value}} días","_[many]":"hace {{value}} días","_[other]":"hace {{value}} días"},"weeks-ago-long":{"_":"{[ plural(value) ]}","_[zero]":"esta semana","_[one]":"la semana pasada","_[two]":"hace {{value}} semanas","_[few]":"hace {{value}} semanas","_[many]":"hace {{value}} semanas","_[other]":"hace {{value}} semanas"},"months-ago-long":{"_":"{[ plural(value) ]}","_[zero]":"este mes","_[one]":"el último mes","_[two]":"hace {{value}} meses","_[few]":"hace {{value}} meses","_[many]":"hace {{value}} meses","_[other]":"hace {{value}} meses"},"years-ago-long":{"_":"{[ plural(value) ]}","_[zero]":"este año","_[one]":"último año","_[two]":"hace {{value}} años","_[few]":"hace {{value}} años","_[many]":"hace {{value}} años","_[other]":"hace {{value}} años"},"minutes-until-long":{"_":"{[ plural(value) ]}","_[zero]":"ahora","_[one]":"en un minuto","_[two]":"en {{value}} minutos","_[few]":"en {{value}} minutos","_[many]":"en {{value}} minutos","_[other]":"en {{value}} minutos"},"hours-until-long":{"_":"{[ plural(value) ]}","_[zero]":"ahora","_[one]":"en una hora","_[two]":"en {{value}} horas","_[few]":"en {{value}} horas","_[many]":"en {{value}} horas","_[other]":"en {{value}} horas"},"days-until-long":{"_":"{[ plural(value) ]}","_[zero]":"hoy","_[one]":"mañana","_[two]":"en {{value}} días","_[few]":"en {{value}} días","_[many]":"en {{value}} días","_[other]":"en {{value}} días"},"weeks-until-long":{"_":"{[ plural(value) ]}","_[zero]":"esta semana","_[one]":"la próxima semana","_[two]":"en {{value}} semanas","_[few]":"en {{value}} semanas","_[many]":"en {{value}} semanas","_[other]":"en {{value}} semanas"},"months-until-long":{"_":"{[ plural(value) ]}","_[zero]":"este mes","_[one]":"próximo mes","_[two]":"en {{value}} meses","_[few]":"en {{value}} meses","_[many]":"en {{value}} meses","_[other]":"en {{value}} meses"},"years-until-long":{"_":"{[ plural(value) ]}","_[zero]":"este año","_[one]":"próximo año","_[two]":"en {{value}} años","_[few]":"en {{value}} años","_[many]":"en {{value}} años","_[other]":"en {{value}} años"},"minutes-ago-short":{"_":"{[ plural(value) ]}","_[zero]":"ahora","_[other]":"hace {{value}} m"},"hours-ago-short":{"_":"{[ plural(value) ]}","_[zero]":"ahora","_[other]":"hace {{value}} h"},"days-ago-short":{"_":"{[ plural(value) ]}","_[zero]":"hoy","_[other]":"hace {{value}} d"},"minutes-until-short":{"_":"{[ plural(value) ]}","_[zero]":"ahora","_[other]":"en {{value}} m"},"hours-until-short":{"_":"{[ plural(value) ]}","_[zero]":"ahora","_[other]":"en {{value}} h"},"days-until-short":{"_":"{[ plural(value) ]}","_[zero]":"hoy","_[other]":"en {{value}} d"},"incorrectDate":{"_":"(fecha incorrecta)"},"dateTimeFormat_%c":{"_":"%a, %e de %b, %Y %H:%M:%S"},"dateTimeFormat_%x":{"_":"%d/%m/%Y"},"dateTimeFormat_%X":{"_":"%H:%M:%S"},"shortTimeFormat":{"_":"%H:%M"},"shortDateTimeFormat":{"_":"%x %H:%M %p"},"weekStartsOnMonday":{"_":"1"},"time_am":{"_":"AM"},"time_pm":{"_":"PM"}}