{"back":{"_":"Atzera"},"save":{"_":"Gorde"},"hide":{"_":"Ezkutatu"},"cancel":{"_":"Utzi"},"confirm":{"_":"Berretsi"},"done":{"_":"Eginda"},"events":{"_":"Gertaerak"},"edit":{"_":"Editatu"},"allday-events":{"_":"Egun osoko gertaerak"},"hint-swipe-action":{"_":"Pasatu"},"hint-swipe-to-navigate":{"_":"egutegiko egunen artean nabigatzeko."},"show-today":{"_":"Gaur"},"show-month-view":{"_":"Hilabetea"},"show-week-view":{"_":"Astea"},"show-day-view":{"_":"Eguna"},"settings-show":{"_":"Ezarpenak"},"settings-hide":{"_":"Ezkutatu ezarpenak"},"add-account":{"_":"Gehitu kontua"},"new-event":{"_":"Gehitu gertaera"},"add-event-header":{"_":"Gertaera"},"account-header":{"_":"Kontua"},"account-list-header":{"_":"Kontuak"},"settings-header":{"_":"Egutegiak"},"advanced-settings":{"_":"Egutegi-ezarpenak"},"advanced-settings-header":{"_":"Egutegi-ezarpenak"},"advanced-settings-personalization":{"_":"Pertsonalizazioa"},"advanced-settings-reminders":{"_":"Gogorarazleak"},"field-user":{"placeholder":"Erabiltzaile-izena"},"field-password":{"placeholder":"Pasahitza"},"field-full-url":{"placeholder":"URLa"},"modify-account-setting-up":{"_":"Itxoin zure kontua konfiguratu bitartean"},"modify-account-unable-to-sync":{"_":"Ezin da sinkronizatu"},"modify-account-sign-in":{"_":"Hasi saioa"},"preset-caldav":{"_":"CalDav"},"preset-yahoo":{"_":"Yahoo!"},"preset-google":{"_":"Google"},"preset-local":{"_":"Lineaz kanpoko egutegia"},"preset-mozilla":{"_":"Mozilla Zimbra"},"calendar-local":{"_":"Lineaz kanpoko egutegia"},"event-title":{"placeholder":"Izenburua"},"event-location":{"placeholder":"Non?"},"event-description":{"placeholder":"Oharrak"},"event-is-allday":{"_":"Egun osoko gertaera?"},"event-start-date":{"placeholder":"Hasiera-data"},"event-end-date":{"placeholder":"Amaiera-data"},"event-start-time":{"placeholder":"Hasiera-ordua"},"event-end-time":{"placeholder":"Amaiera-ordua"},"event-delete":{"_":"Ezabatu gertaera"},"remove-account-data":{"_":"Kendu datu lokalak"},"remove-account-dialog":{"_":"Kendu kontua"},"remove-account-dialog-details":{"_":"Kontu hau kentzean zurekin lotutako egutegi eta gertaeren kopia lokalak ere kenduko dira."},"sync-frequency":{"_":"Sinkr. egutegia"},"sync-frequency-manual":{"textContent":"Eskuz"},"sync-frequency-15min":{"textContent":"15 min"},"sync-frequency-30min":{"textContent":"30 min"},"sync-frequency-hourly":{"textContent":"Orduro"},"none":{"_":"Bat ere ez"},"remind-me":{"_":"Gogora iezadazu"},"from-time":{"_":"Noiztik: "},"to-time":{"_":"Noiz arte: "},"alarm-at-event-standard":{"_":"Gertaeraren orduan"},"alarm-at-event-allday":{"_":"Gertaeraren egunean"},"alarm-start-notice":{"_":"{{title}} {{distance}} hasiko da"},"alarm-started-notice":{"_":"{{title}} hasita {{distance}}"},"minutes-before":{"_":"{[ plural(value) ]}","_[zero]":"0 minutu lehenago","_[one]":"Minutu bat lehenago","_[two]":"{{value}} minutu lehenago","_[few]":"{{value}} minutu lehenago","_[many]":"{{value}} minutu lehenago","_[other]":"{{value}} minutu lehenago"},"hours-before":{"_":"{[ plural(value) ]}","_[zero]":"0 ordu lehenago","_[one]":"Ordubete lehenago","_[two]":"{{value}} ordu lehenago","_[few]":"{{value}} ordu lehenago","_[many]":"{{value}} ordu lehenago","_[other]":"{{value}} ordu lehenago"},"days-before":{"_":"{[ plural(value) ]}","_[zero]":"0 egun lehenago","_[one]":"Egun bat lehenago","_[two]":"{{value}} egun lehenago","_[few]":"{{value}} egun lehenago","_[many]":"{{value}} egun lehenago","_[other]":"{{value}} egun lehenago"},"weeks-before":{"_":"{[ plural(value) ]}","_[zero]":"0 aste lehenago","_[one]":"Astebete lehenago","_[two]":"{{value}} aste lehenago","_[few]":"{{value}} aste lehenago","_[many]":"{{value}} aste lehenago","_[other]":"{{value}} aste lehenago"},"months-before":{"_":"{[ plural(value) ]}","_[zero]":"0 hilabete lehenago","_[one]":"Hilabete lehenago","_[two]":"{{value}} hilabete lehenago","_[few]":"{{value}} hilabete lehenago","_[many]":"{{value}} hilabete lehenago","_[other]":"{{value}} hilabete lehenago"},"years-before":{"_":"{[ plural(value) ]}","_[zero]":"0 urte lehenago","_[one]":"Urtebete lehenago","_[two]":"{{value}} urte lehenago","_[few]":"{{value}} urte lehenago","_[many]":"{{value}} urte lehenago","_[other]":"{{value}} urte lehenago"},"minutes-after":{"_":"{[ plural(value) ]}","_[zero]":"0 minutu beranduago","_[one]":"Minutu bat beranduago","_[two]":"{{value}} minutu beranduago","_[few]":"{{value}} minutu beranduago","_[many]":"{{value}} minutu beranduago","_[other]":"{{value}} minutu beranduago"},"hours-after":{"_":"{[ plural(value) ]}","_[zero]":"0 ordu beranduago","_[one]":"Ordubete beranduago","_[two]":"{{value}} ordu beranduago","_[few]":"{{value}} ordu beranduago","_[many]":"{{value}} ordu beranduago","_[other]":"{{value}} ordu beranduago"},"days-after":{"_":"{[ plural(value) ]}","_[zero]":"0 egun beranduago","_[one]":"Egun bat beranduago","_[two]":"{{value}} egun beranduago","_[few]":"{{value}} egun beranduago","_[many]":"{{value}} egun beranduago","_[other]":"{{value}} egun beranduago"},"weeks-after":{"_":"{[ plural(value) ]}","_[zero]":"0 aste beranduago","_[one]":"Astebete beranduago","_[two]":"{{value}} aste beranduago","_[few]":"{{value}} aste beranduago","_[many]":"{{value}} aste beranduago","_[other]":"{{value}} aste beranduago"},"months-after":{"_":"{[ plural(value) ]}","_[zero]":"0 hilabete beranduago","_[one]":"Hilabete beranduago","_[two]":"{{value}} hilabete beranduago","_[few]":"{{value}} hilabete beranduago","_[many]":"{{value}} hilabete beranduago","_[other]":"{{value}} hilabete beranduago"},"years-after":{"_":"{[ plural(value) ]}","_[zero]":"0 urte beranduago","_[one]":"Urtebete beranduago","_[two]":"{{value}} urte beranduago","_[few]":"{{value}} urte beranduago","_[many]":"{{value}} urte beranduago","_[other]":"{{value}} urte beranduago"},"hour-format":{"_":"%H"},"hour-allday":{"_":"Egun osoa"},"month-view-header-format":{"_":"%Y.eko %B"},"multi-month-view-header-format":{"_":"%Y.eko %B"},"day-view-header-format":{"_":"%A, %Bk %e"},"error-start-after-end":{"_":"Amaiera-datak hasiera-data baina beranduagokoa izan behar du"},"error-unauthenticated":{"_":"Erabiltzaile-izen eta/edo pasahitz okerrak"},"error-no-url":{"_":"Konexiorik ez. Egiaztatu Wi-Fia eta saiatu berriro."},"error-internal-server-error":{"_":"Zerbitzariaren errorea. Egiaztatu erabiltzaile-izena eta saiatu berriro."},"error-default":{"_":"Zerbait oker dago. Saiatu berriro beranduago."},"error-offline":{"_":"Konexiorik ez. Egiaztatu sare-konfigurazioa eta saiatu berriro."},"error-account-exist":{"_":"Kontu hau badago lehendik ere."},"notification-error-sync-title":{"_":"Errorea egutegia sinkronizatzean"},"notification-error-sync-description":{"_":"Sakatu informazio gehiagorako"},"weekday-0-long":{"_":"igandea"},"weekday-1-long":{"_":"astelehena"},"weekday-2-long":{"_":"asteartea"},"weekday-3-long":{"_":"asteazkena"},"weekday-4-long":{"_":"osteguna"},"weekday-5-long":{"_":"ostirala"},"weekday-6-long":{"_":"larunbata"},"weekday-0-short":{"_":"ig."},"weekday-1-short":{"_":"al."},"weekday-2-short":{"_":"ar."},"weekday-3-short":{"_":"az."},"weekday-4-short":{"_":"og."},"weekday-5-short":{"_":"or."},"weekday-6-short":{"_":"lr."},"month-0-long":{"_":"urtarrila"},"month-1-long":{"_":"otsaila"},"month-2-long":{"_":"martxoa"},"month-3-long":{"_":"apirila"},"month-4-long":{"_":"maiatza"},"month-5-long":{"_":"ekaina"},"month-6-long":{"_":"uztaila"},"month-7-long":{"_":"abuztua"},"month-8-long":{"_":"iraila"},"month-9-long":{"_":"urria"},"month-10-long":{"_":"azaroa"},"month-11-long":{"_":"abendua"},"month-0-genitive":{"_":"urtarrila"},"month-1-genitive":{"_":"otsaila"},"month-2-genitive":{"_":"martxoa"},"month-3-genitive":{"_":"apirila"},"month-4-genitive":{"_":"maiatza"},"month-5-genitive":{"_":"ekaina"},"month-6-genitive":{"_":"uztaila"},"month-7-genitive":{"_":"abuztua"},"month-8-genitive":{"_":"iraila"},"month-9-genitive":{"_":"urria"},"month-10-genitive":{"_":"azaroa"},"month-11-genitive":{"_":"abendua"},"month-0-short":{"_":"urt"},"month-1-short":{"_":"ots"},"month-2-short":{"_":"mar"},"month-3-short":{"_":"api"},"month-4-short":{"_":"mai"},"month-5-short":{"_":"eka"},"month-6-short":{"_":"uzt"},"month-7-short":{"_":"abu"},"month-8-short":{"_":"ira"},"month-9-short":{"_":"urr"},"month-10-short":{"_":"aza"},"month-11-short":{"_":"abe"},"minutes-ago-long":{"_":"{[ plural(value) ]}","_[zero]":"oraintxe bertan","_[one]":"duela minutu bat","_[two]":"duela {{value}} minutu","_[few]":"duela {{value}} minutu","_[many]":"duela {{value}} minutu","_[other]":"duela {{value}} minutu"},"hours-ago-long":{"_":"{[ plural(value) ]}","_[zero]":"oraintxe bertan","_[one]":"duela ordubete","_[two]":"duela {{value}} ordu","_[few]":"duela {{value}} ordu","_[many]":"duela {{value}} ordu","_[other]":"duela {{value}} ordu"},"days-ago-long":{"_":"{[ plural(value) ]}","_[zero]":"gaur","_[one]":"atzo","_[two]":"herenegun","_[few]":"duela {{value}} egun","_[many]":"duela {{value}} egun","_[other]":"duela {{value}} egun"},"weeks-ago-long":{"_":"{[ plural(value) ]}","_[zero]":"aste honetan","_[one]":"azken astean","_[two]":"duela {{value}} aste","_[few]":"duela {{value}} aste","_[many]":"duela {{value}} aste","_[other]":"duela {{value}} aste"},"months-ago-long":{"_":"{[ plural(value) ]}","_[zero]":"hilabete honetan","_[one]":"azken hilabetean","_[two]":"duela {{value}} hilabete","_[few]":"duela {{value}} hilabete","_[many]":"duela {{value}} hilabete","_[other]":"duela {{value}} hilabete"},"years-ago-long":{"_":"{[ plural(value) ]}","_[zero]":"aurten","_[one]":"iaz","_[two]":"duela {{value}} urte","_[few]":"duela {{value}} urte","_[many]":"duela {{value}} urte","_[other]":"duela {{value}} urte"},"minutes-until-long":{"_":"{[ plural(value) ]}","_[zero]":"orain","_[one]":"minutu barru","_[two]":"{{value}} minutu barru","_[few]":"{{value}} minutu barru","_[many]":"{{value}} minutu barru","_[other]":"{{value}} minutu barru"},"hours-until-long":{"_":"{[ plural(value) ]}","_[zero]":"orain","_[one]":"ordubete barru","_[two]":"{{value}} ordu barru","_[few]":"{{value}} ordu barru","_[many]":"{{value}} ordu barru","_[other]":"{{value}} ordu barru"},"days-until-long":{"_":"{[ plural(value) ]}","_[zero]":"gaur","_[one]":"bihar","_[two]":"etzi","_[few]":"{{value}} egun barru","_[many]":"{{value}} egun barru","_[other]":"{{value}} egun barru"},"weeks-until-long":{"_":"{[ plural(value) ]}","_[zero]":"aste honetan","_[one]":"hurrengo astean","_[two]":"{{value}} aste barru","_[few]":"{{value}} aste barru","_[many]":"{{value}} aste barru","_[other]":"{{value}} aste barru"},"months-until-long":{"_":"{[ plural(value) ]}","_[zero]":"hil honetan","_[one]":"hurrengo hilean","_[two]":"{{value}} hilabete barru","_[few]":"{{value}} hilabete barru","_[many]":"{{value}} hilabete barru","_[other]":"{{value}} hilabete barru"},"years-until-long":{"_":"{[ plural(value) ]}","_[zero]":"aurten","_[one]":"hurrengo urtean","_[two]":"{{value}} urte barru","_[few]":"{{value}} urte barru","_[many]":"{{value}} urte barru","_[other]":"{{value}} urte barru"},"minutes-ago-short":{"_":"{[ plural(value) ]}","_[zero]":"oraintxe bertan","_[other]":"duela {{value}}m"},"hours-ago-short":{"_":"{[ plural(value) ]}","_[zero]":"oraintxe bertan","_[other]":"duela {{value}}h"},"days-ago-short":{"_":"{[ plural(value) ]}","_[zero]":"gaur","_[other]":"duela {{value}}eg."},"minutes-until-short":{"_":"{[ plural(value) ]}","_[zero]":"orain","_[other]":"{{value}}m barru"},"hours-until-short":{"_":"{[ plural(value) ]}","_[zero]":"orain","_[other]":"{{value}}h barru"},"days-until-short":{"_":"{[ plural(value) ]}","_[zero]":"gaur","_[other]":"{{value}}eg. barru"},"incorrectDate":{"_":"(data okerra)"},"dateTimeFormat_%c":{"_":"%a, %Y.eko %Bren %ea %H:%M:%S"},"dateTimeFormat_%x":{"_":"%Y/%m/%d"},"dateTimeFormat_%X":{"_":"%H:%M:%S"},"shortTimeFormat":{"_":"%H:%M"},"shortDateTimeFormat":{"_":"%x %H:%M"},"weekStartsOnMonday":{"_":"1"},"time_am":{"_":"AM"},"time_pm":{"_":"PM"}}