{"back":{"_":"Retour"},"save":{"_":"Enregistrer"},"hide":{"_":"Masquer"},"cancel":{"_":"Annuler"},"confirm":{"_":"Confirmer"},"done":{"_":"Fini"},"events":{"_":"Évènements"},"edit":{"_":"Modifier"},"allday-events":{"_":"Évènements sur jours entiers"},"hint-swipe-action":{"_":"Faites glisser"},"hint-swipe-to-navigate":{"_":"pour naviguer dans l’agenda."},"show-today":{"_":"Aujourd’hui"},"show-month-view":{"_":"Mois"},"show-week-view":{"_":"Semaine"},"show-day-view":{"_":"Jour"},"settings-show":{"_":"Paramètres"},"settings-hide":{"_":"Masquer les paramètres"},"add-account":{"_":"Ajouter un compte"},"new-event":{"_":"Ajouter un évènement"},"add-event-header":{"_":"Évènement"},"account-header":{"_":"Compte"},"account-list-header":{"_":"Comptes"},"settings-header":{"_":"Agendas"},"advanced-settings":{"_":"Paramètres de l’agenda"},"advanced-settings-header":{"_":"Paramètres"},"advanced-settings-personalization":{"_":"Personnalisation"},"advanced-settings-reminders":{"_":"Rappels"},"field-user":{"placeholder":"Utilisateur"},"field-password":{"placeholder":"Mot de passe"},"field-full-url":{"placeholder":"Adresse URL"},"modify-account-setting-up":{"_":"Veuillez patienter pendant la configuration de votre compte"},"modify-account-unable-to-sync":{"_":"Synchronisation impossible"},"modify-account-sign-in":{"_":"Se connecter"},"preset-caldav":{"_":"CalDav"},"preset-yahoo":{"_":"Yahoo!"},"preset-google":{"_":"Google"},"preset-local":{"_":"Agenda hors-ligne"},"preset-mozilla":{"_":"Mozilla Zimbra"},"calendar-local":{"_":"Agenda hors-ligne"},"event-title":{"placeholder":"Titre"},"event-location":{"placeholder":"Où ?"},"event-description":{"placeholder":"Notes"},"event-is-allday":{"_":"Évènement sur toute la journée ?"},"event-start-date":{"placeholder":"Date de début"},"event-end-date":{"placeholder":"Date de fin"},"event-start-time":{"placeholder":"Heure de début"},"event-end-time":{"placeholder":"Heure de fin"},"event-delete":{"_":"Supprimer l’évènement"},"remove-account-data":{"_":"Supprimer les données locales"},"remove-account-dialog":{"_":"Supprimer le compte"},"remove-account-dialog-details":{"_":"Supprimer ce compte supprimera également votre copie locale des agendas et évènements associés."},"sync-frequency":{"_":"Synchronisation de l’agenda"},"sync-frequency-manual":{"textContent":"Manuelle"},"sync-frequency-15min":{"textContent":"15 minutes"},"sync-frequency-30min":{"textContent":"30 minutes"},"sync-frequency-hourly":{"textContent":"Chaque heure"},"none":{"_":"Jamais"},"remind-me":{"_":"Me le rappeler"},"from-time":{"_":"Du : "},"to-time":{"_":"Au : "},"alarm-at-event-standard":{"_":"Lors de l’évènement"},"alarm-at-event-allday":{"_":"Le jour de l’évènement"},"alarm-start-notice":{"_":"{{title}} débutera {{distance}}"},"alarm-started-notice":{"_":"{{title}} a débuté {{distance}}"},"minutes-before":{"_":"{[ plural(value) ]}","_[zero]":"0 minutes avant","_[one]":"1 minute avant","_[two]":"{{value}} minutes avant","_[few]":"{{value}} minutes avant","_[many]":"{{value}} minutes avant","_[other]":"{{value}} minutes avant"},"hours-before":{"_":"{[ plural(value) ]}","_[zero]":"0 heures avant","_[one]":"1 heure avant","_[two]":"{{value}} heures avant","_[few]":"{{value}} heures avant","_[many]":"{{value}} heures avant","_[other]":"{{value}} heures avant"},"days-before":{"_":"{[ plural(value) ]}","_[zero]":"0 jours avant","_[one]":"1 jour avant","_[two]":"{{value}} jours avant","_[few]":"{{value}} jours avant","_[many]":"{{value}} jours avant","_[other]":"{{value}} jours avant"},"weeks-before":{"_":"{[ plural(value) ]}","_[zero]":"0 semaines avant","_[one]":"1 semaine avant","_[two]":"{{value}} semaines avant","_[few]":"{{value}} semaines avant","_[many]":"{{value}} semaines avant","_[other]":"{{value}} semaines avant"},"months-before":{"_":"{[ plural(value) ]}","_[zero]":"0 mois avant","_[one]":"1 mois avant","_[two]":"{{value}} mois avant","_[few]":"{{value}} mois avant","_[many]":"{{value}} mois avant","_[other]":"{{value}} mois avant"},"years-before":{"_":"{[ plural(value) ]}","_[zero]":"0 ans avant","_[one]":"1 an avant","_[two]":"{{value}} ans avant","_[few]":"{{value}} ans avant","_[many]":"{{value}} ans avant","_[other]":"{{value}} ans avant"},"minutes-after":{"_":"{[ plural(value) ]}","_[zero]":"0 minutes après","_[one]":"1 minute après","_[two]":"{{value}} minutes après","_[few]":"{{value}} minutes après","_[many]":"{{value}} minutes après","_[other]":"{{value}} minutes après"},"hours-after":{"_":"{[ plural(value) ]}","_[zero]":"0 heures après","_[one]":"1 heure après","_[two]":"{{value}} heures après","_[few]":"{{value}} heures après","_[many]":"{{value}} heures après","_[other]":"{{value}} heures après"},"days-after":{"_":"{[ plural(value) ]}","_[zero]":"0 jours après","_[one]":"1 jour après","_[two]":"{{value}} jours après","_[few]":"{{value}} jours après","_[many]":"{{value}} jours après","_[other]":"{{value}} jours après"},"weeks-after":{"_":"{[ plural(value) ]}","_[zero]":"0 semaines après","_[one]":"1 semaine après","_[two]":"{{value}} semaines après","_[few]":"{{value}} semaines après","_[many]":"{{value}} semaines après","_[other]":"{{value}} semaines après"},"months-after":{"_":"{[ plural(value) ]}","_[zero]":"0 mois après","_[one]":"1 mois après","_[two]":"{{value}} mois après","_[few]":"{{value}} mois après","_[many]":"{{value}} mois après","_[other]":"{{value}} mois après"},"years-after":{"_":"{[ plural(value) ]}","_[zero]":"0 ans après","_[one]":"1 an après","_[two]":"{{value}} ans après","_[few]":"{{value}} ans après","_[many]":"{{value}} ans après","_[other]":"{{value}} ans après"},"hour-format":{"_":"%Hh"},"hour-allday":{"_":"Journée"},"month-view-header-format":{"_":"%B %Y"},"multi-month-view-header-format":{"_":"%b %Y"},"day-view-header-format":{"_":"%A %e %Eb"},"error-start-after-end":{"_":"La date de fin doit être postérieure à celle de début"},"error-unauthenticated":{"_":"Mauvais nom d’utilisateur et/ou mot de passe"},"error-no-url":{"_":"No connection. Check your Wi-Fi and try again."},"error-internal-server-error":{"_":"Erreur du serveur. Vérifiez votre nom d’utilisateur et réessayez."},"error-default":{"_":"Une erreur s’est produite. Veuillez réessayer plus tard."},"error-offline":{"_":"Aucune connexion. Vérifiez la configuration réseau et réessayez."},"error-account-exist":{"_":"Ce compte existe déjà."},"notification-error-sync-title":{"_":"Erreur synchronisation agenda"},"notification-error-sync-description":{"_":"Appuyer pour plus d’informations"},"weekday-0-long":{"_":"Dimanche"},"weekday-1-long":{"_":"Lundi"},"weekday-2-long":{"_":"Mardi"},"weekday-3-long":{"_":"Mercredi"},"weekday-4-long":{"_":"Jeudi"},"weekday-5-long":{"_":"Vendredi"},"weekday-6-long":{"_":"Samedi"},"weekday-0-short":{"_":"dim"},"weekday-1-short":{"_":"lun"},"weekday-2-short":{"_":"mar"},"weekday-3-short":{"_":"mer"},"weekday-4-short":{"_":"jeu"},"weekday-5-short":{"_":"ven"},"weekday-6-short":{"_":"sam"},"month-0-long":{"_":"Janvier"},"month-1-long":{"_":"Février"},"month-2-long":{"_":"Mars"},"month-3-long":{"_":"Avril"},"month-4-long":{"_":"Mai"},"month-5-long":{"_":"Juin"},"month-6-long":{"_":"Juillet"},"month-7-long":{"_":"Août"},"month-8-long":{"_":"Septembre"},"month-9-long":{"_":"Octobre"},"month-10-long":{"_":"Novembre"},"month-11-long":{"_":"Décembre"},"month-0-genitive":{"_":"janvier"},"month-1-genitive":{"_":"février"},"month-2-genitive":{"_":"mars"},"month-3-genitive":{"_":"avril"},"month-4-genitive":{"_":"mai"},"month-5-genitive":{"_":"juin"},"month-6-genitive":{"_":"juillet"},"month-7-genitive":{"_":"août"},"month-8-genitive":{"_":"septembre"},"month-9-genitive":{"_":"octobre"},"month-10-genitive":{"_":"novembre"},"month-11-genitive":{"_":"décembre"},"month-0-short":{"_":"jan."},"month-1-short":{"_":"fév."},"month-2-short":{"_":"mars"},"month-3-short":{"_":"avr."},"month-4-short":{"_":"mai"},"month-5-short":{"_":"juin"},"month-6-short":{"_":"juil."},"month-7-short":{"_":"août"},"month-8-short":{"_":"sep."},"month-9-short":{"_":"oct."},"month-10-short":{"_":"nov."},"month-11-short":{"_":"déc."},"minutes-ago-long":{"_":"{[ plural(value) ]}","_[zero]":"à l’instant","_[one]":"il y a {{value}} minute","_[two]":"il y a {{value}} minutes","_[few]":"il y a {{value}} minutes","_[many]":"il y a {{value}} minutes","_[other]":"il y a {{value}} minutes"},"hours-ago-long":{"_":"{[ plural(value) ]}","_[zero]":"à l’instant","_[one]":"il y a {{value}} heure","_[two]":"il y a {{value}} heures","_[few]":"il y a {{value}} heures","_[many]":"il y a {{value}} heures","_[other]":"il y a {{value}} heures"},"days-ago-long":{"_":"{[ plural(value) ]}","_[zero]":"aujourd’hui","_[one]":"hier","_[two]":"il y a {{value}} jours","_[few]":"il y a {{value}} jours","_[many]":"il y a {{value}} jours","_[other]":"il y a {{value}} jours"},"weeks-ago-long":{"_":"{[ plural(value) ]}","_[zero]":"cette semaine","_[one]":"la semaine dernière","_[two]":"il y a {{value}} semaines","_[few]":"il y a {{value}} semaines","_[many]":"il y a {{value}} semaines","_[other]":"il y a {{value}} semaines"},"months-ago-long":{"_":"{[ plural(value) ]}","_[zero]":"ce mois-ci","_[one]":"le mois dernier","_[two]":"il y a {{value}} mois","_[few]":"il y a {{value}} mois","_[many]":"il y a {{value}} mois","_[other]":"il y a {{value}} mois"},"years-ago-long":{"_":"{[ plural(value) ]}","_[zero]":"cette année","_[one]":"l’année dernière","_[two]":"il y a {{value}} ans","_[few]":"il y a {{value}} ans","_[many]":"il y a {{value}} ans","_[other]":"il y a {{value}} ans"},"minutes-until-long":{"_":"{[ plural(value) ]}","_[zero]":"maintenant","_[one]":"dans {{value}} minute","_[two]":"dans {{value}} minutes","_[few]":"dans {{value}} minutes","_[many]":"dans {{value}} minutes","_[other]":"dans {{value}} minutes"},"hours-until-long":{"_":"{[ plural(value) ]}","_[zero]":"maintenant","_[one]":"dans {{value}} heure","_[two]":"dans {{value}} heures","_[few]":"dans {{value}} heures","_[many]":"dans {{value}} heures","_[other]":"dans {{value}} heures"},"days-until-long":{"_":"{[ plural(value) ]}","_[zero]":"aujourd’hui","_[one]":"demain","_[two]":"dans {{value}} jours","_[few]":"dans {{value}} jours","_[many]":"dans {{value}} jours","_[other]":"dans {{value}} jours"},"weeks-until-long":{"_":"{[ plural(value) ]}","_[zero]":"cette semaine","_[one]":"la semaine prochaine","_[two]":"dans {{value}} semaines","_[few]":"dans {{value}} semaines","_[many]":"dans {{value}} semaines","_[other]":"dans {{value}} semaines"},"months-until-long":{"_":"{[ plural(value) ]}","_[zero]":"ce mois-ci","_[one]":"le mois prochain","_[two]":"dans {{value}} mois","_[few]":"dans {{value}} mois","_[many]":"dans {{value}} mois","_[other]":"dans {{value}} mois"},"years-until-long":{"_":"{[ plural(value) ]}","_[zero]":"cette année","_[one]":"l’année prochaine","_[two]":"dans {{value}} ans","_[few]":"dans {{value}} ans","_[many]":"dans {{value}} ans","_[other]":"dans {{value}} ans"},"minutes-ago-short":{"_":"{[ plural(value) ]}","_[zero]":"à l’instant","_[other]":"il y a {{value}} min"},"hours-ago-short":{"_":"{[ plural(value) ]}","_[zero]":"à l’instant","_[other]":"il y a {{value}}h"},"days-ago-short":{"_":"{[ plural(value) ]}","_[zero]":"aujourd’hui","_[other]":"il y a {{value}}j"},"minutes-until-short":{"_":"{[ plural(value) ]}","_[zero]":"maintenant","_[other]":"dans {{value}}m"},"hours-until-short":{"_":"{[ plural(value) ]}","_[zero]":"maintenant","_[other]":"dans {{value}}h"},"days-until-short":{"_":"{[ plural(value) ]}","_[zero]":"aujourd’hui","_[other]":"dans {{value}}j"},"incorrectDate":{"_":"(date incorrecte)"},"dateTimeFormat_%c":{"_":"%a %e %b %Y %H:%M:%S"},"dateTimeFormat_%x":{"_":"%d/%m/%Y"},"dateTimeFormat_%X":{"_":"%H:%M:%S"},"shortTimeFormat":{"_":"%H:%M"},"shortDateTimeFormat":{"_":"%x %H:%M"},"weekStartsOnMonday":{"_":"1"},"time_am":{"_":"AM"},"time_pm":{"_":"PM"}}