{"back":{"_":"Atrás"},"save":{"_":"Gardar"},"hide":{"_":"Agochar"},"cancel":{"_":"Cancelar"},"confirm":{"_":"Confirmar"},"done":{"_":"Feito"},"events":{"_":"Eventos"},"edit":{"_":"Editar"},"allday-events":{"_":"Eventos para todo o día"},"hint-swipe-action":{"_":"Deslice o dedo"},"hint-swipe-to-navigate":{"_":"para navegar polas datas do calendario."},"show-today":{"_":"Hoxe"},"show-month-view":{"_":"Mes"},"show-week-view":{"_":"Semana"},"show-day-view":{"_":"Día"},"settings-show":{"_":"Axustes"},"settings-hide":{"_":"Agochar os axustes"},"add-account":{"_":"Engadir unha conta"},"new-event":{"_":"Engadir evento"},"add-event-header":{"_":"Evento"},"account-header":{"_":"Conta"},"account-list-header":{"_":"Contas"},"settings-header":{"_":"Calendarios"},"advanced-settings":{"_":"Axustes do calendario"},"advanced-settings-header":{"_":"Axustes do calendario"},"advanced-settings-personalization":{"_":"Personalización"},"advanced-settings-reminders":{"_":"Avisos"},"field-user":{"placeholder":"Nome de usuario"},"field-password":{"placeholder":"Contrasinal"},"field-full-url":{"placeholder":"URL"},"modify-account-setting-up":{"_":"Agarde mentres se configura a súa conta"},"modify-account-unable-to-sync":{"_":"Foi imposíbel sincronizar"},"modify-account-sign-in":{"_":"Identificarse"},"preset-caldav":{"_":"CalDav"},"preset-yahoo":{"_":"Yahoo!"},"preset-google":{"_":"Google"},"preset-local":{"_":"Calendario interno"},"preset-mozilla":{"_":"Mozilla Zimbra"},"calendar-local":{"_":"Calendario interno"},"event-title":{"placeholder":"Título"},"event-location":{"placeholder":"Onde?"},"event-description":{"placeholder":"Notas"},"event-is-allday":{"_":"Evento para todo o día?"},"event-start-date":{"placeholder":"Data de inicio"},"event-end-date":{"placeholder":"Data de remate"},"event-start-time":{"placeholder":"Hora de inicio"},"event-end-time":{"placeholder":"Hora de remate"},"event-delete":{"_":"Eliminar evento"},"remove-account-data":{"_":"Retirar data local"},"remove-account-dialog":{"_":"Retirar conta"},"remove-account-dialog-details":{"_":"Retirando esta conta tamén retirará a copia local dos seus calendarios e eventos."},"sync-frequency":{"_":"Sincronizar calendario"},"sync-frequency-manual":{"textContent":"Manualmente"},"sync-frequency-15min":{"textContent":"15 min"},"sync-frequency-30min":{"textContent":"30 min"},"sync-frequency-hourly":{"textContent":"Cada hora"},"none":{"_":"Ningún"},"remind-me":{"_":"Lembrarmo"},"from-time":{"_":"De: "},"to-time":{"_":"Para: "},"alarm-at-event-standard":{"_":"Á hora do evento"},"alarm-at-event-allday":{"_":"O día do evento"},"alarm-start-notice":{"_":"{{title}} iniciando {{distance}}"},"alarm-started-notice":{"_":"{{title}} iniciouse {{distance}}"},"minutes-before":{"_":"{[ plural(value) ]}","_[zero]":"0 minutos antes","_[one]":"1 minuto antes","_[two]":"{{value}} minutos antes","_[few]":"{{value}} minutos antes","_[many]":"{{value}} minutos antes","_[other]":"{{value}} minutos antes"},"hours-before":{"_":"{[ plural(value) ]}","_[zero]":"0 horas antes","_[one]":"1 hora antes","_[two]":"{{value}} horas antes","_[few]":"{{value}} horas antes","_[many]":"{{value}} horas antes","_[other]":"{{value}} horas antes"},"days-before":{"_":"{[ plural(value) ]}","_[zero]":"0 días antes","_[one]":"1 día antes","_[two]":"{{value}} días antes","_[few]":"{{value}} días antes","_[many]":"{{value}} días antes","_[other]":"{{value}} días antes"},"weeks-before":{"_":"{[ plural(value) ]}","_[zero]":"0 semanas antes","_[one]":"1 semana antes","_[two]":"{{value}} semanas antes","_[few]":"{{value}} semanas antes","_[many]":"{{value}} semanas antes","_[other]":"{{value}} semanas antes"},"months-before":{"_":"{[ plural(value) ]}","_[zero]":"0 meses antes","_[one]":"1 mes antes","_[two]":"{{value}} meses antes","_[few]":"{{value}} meses antes","_[many]":"{{value}} meses antes","_[other]":"{{value}} meses antes"},"years-before":{"_":"{[ plural(value) ]}","_[zero]":"0 anos antes","_[one]":"1 ano antes","_[two]":"{{value}} anos antes","_[few]":"{{value}} anos antes","_[many]":"{{value}} anos antes","_[other]":"{{value}} anos antes"},"minutes-after":{"_":"{[ plural(value) ]}","_[zero]":"0 minutos despois","_[one]":"1 minuto despois","_[two]":"{{value}} minutos despois","_[few]":"{{value}} minutos despois","_[many]":"{{value}} minutos despois","_[other]":"{{value}} minutos despois"},"hours-after":{"_":"{[ plural(value) ]}","_[zero]":"0 horas despois","_[one]":"1 hora despois","_[two]":"{{value}} horas despois","_[few]":"{{value}} horas despois","_[many]":"{{value}} horas despois","_[other]":"{{value}} horas despois"},"days-after":{"_":"{[ plural(value) ]}","_[zero]":"0 días despois","_[one]":"1 día despois","_[two]":"{{value}} días despois","_[few]":"{{value}} días despois","_[many]":"{{value}} días despois","_[other]":"{{value}} días despois"},"weeks-after":{"_":"{[ plural(value) ]}","_[zero]":"0 semanas despois","_[one]":"1 semana despois","_[two]":"{{value}} semanas despois","_[few]":"{{value}} semanas despois","_[many]":"{{value}} semanas despois","_[other]":"{{value}} semanas despois"},"months-after":{"_":"{[ plural(value) ]}","_[zero]":"0 meses despois","_[one]":"1 mes despois","_[two]":"{{value}} meses despois","_[few]":"{{value}} meses despois","_[many]":"{{value}} meses despois","_[other]":"{{value}} meses despois"},"years-after":{"_":"{[ plural(value) ]}","_[zero]":"0 anos despois","_[one]":"1 ano despois","_[two]":"{{value}} anos despois","_[few]":"{{value}} anos despois","_[many]":"{{value}} anos despois","_[other]":"{{value}} anos despois"},"hour-format":{"_":"%H"},"hour-allday":{"_":"Todo o día"},"month-view-header-format":{"_":"%B %Y"},"multi-month-view-header-format":{"_":"%B %Y"},"day-view-header-format":{"_":"%A, %e de %b"},"error-start-after-end":{"_":"A data de remate debe ser posterior á data de inicio"},"error-unauthenticated":{"_":"Nome de usuario e/ou contrasinal incorrectos"},"error-no-url":{"_":"No connection. Check your Wi-Fi and try again."},"error-internal-server-error":{"_":"Erro do servidor. Comprobe o seu nome de usuario e tente de novo."},"error-default":{"_":"Produciuse un erro. Tente de novo."},"error-offline":{"_":"Sen conexión. Comprobe a configuración da súa rede e tente de novo."},"error-account-exist":{"_":"Esta conta xa existe."},"notification-error-sync-title":{"_":"Erro de sincronización do calendario"},"notification-error-sync-description":{"_":"Toque para máis información"},"weekday-0-long":{"_":"Domingo"},"weekday-1-long":{"_":"Luns"},"weekday-2-long":{"_":"Martes"},"weekday-3-long":{"_":"Mércores"},"weekday-4-long":{"_":"Xoves"},"weekday-5-long":{"_":"Venres"},"weekday-6-long":{"_":"Sábado"},"weekday-0-short":{"_":"Dom"},"weekday-1-short":{"_":"Lun"},"weekday-2-short":{"_":"Mar"},"weekday-3-short":{"_":"Mer"},"weekday-4-short":{"_":"Xov"},"weekday-5-short":{"_":"Ven"},"weekday-6-short":{"_":"Sab"},"month-0-long":{"_":"Xaneiro"},"month-1-long":{"_":"Febreiro"},"month-2-long":{"_":"Marzo"},"month-3-long":{"_":"Abril"},"month-4-long":{"_":"Maio"},"month-5-long":{"_":"Xuño"},"month-6-long":{"_":"Xullo"},"month-7-long":{"_":"Agosto"},"month-8-long":{"_":"Setembro"},"month-9-long":{"_":"Outubro"},"month-10-long":{"_":"Novembro"},"month-11-long":{"_":"Decembro"},"month-0-genitive":{"_":"Xaneiro"},"month-1-genitive":{"_":"Febreiro"},"month-2-genitive":{"_":"Marzo"},"month-3-genitive":{"_":"Abril"},"month-4-genitive":{"_":"Maio"},"month-5-genitive":{"_":"Xuño"},"month-6-genitive":{"_":"Xullo"},"month-7-genitive":{"_":"Agosto"},"month-8-genitive":{"_":"Setembro"},"month-9-genitive":{"_":"Outubro"},"month-10-genitive":{"_":"Novembro"},"month-11-genitive":{"_":"Decembro"},"month-0-short":{"_":"Xan"},"month-1-short":{"_":"Feb"},"month-2-short":{"_":"Mar"},"month-3-short":{"_":"Abr"},"month-4-short":{"_":"Maio"},"month-5-short":{"_":"Xun"},"month-6-short":{"_":"Xul"},"month-7-short":{"_":"Ago"},"month-8-short":{"_":"Set"},"month-9-short":{"_":"Out"},"month-10-short":{"_":"Nov"},"month-11-short":{"_":"Dec"},"minutes-ago-long":{"_":"{[ plural(value) ]}","_[zero]":"xusto agora","_[one]":"hai un minuto","_[two]":"hai {{value}} minutos","_[few]":"hai {{value}} minutos","_[many]":"hai {{value}} minutos","_[other]":"hai {{value}} minutos"},"hours-ago-long":{"_":"{[ plural(value) ]}","_[zero]":"xusto agora","_[one]":"hai unha hora","_[two]":"hai {{value}} horas","_[few]":"hai {{value}} horas","_[many]":"hai {{value}} horas","_[other]":"hai {{value}} horas"},"days-ago-long":{"_":"{[ plural(value) ]}","_[zero]":"hoxe","_[one]":"onte","_[two]":"hai {{value}} días","_[few]":"hai {{value}} días","_[many]":"hai {{value}} días","_[other]":"hai {{value}} días"},"weeks-ago-long":{"_":"{[ plural(value) ]}","_[zero]":"esta semana","_[one]":"a semana pasada","_[two]":"hai {{value}} semanas","_[few]":"hai {{value}} semanas","_[many]":"hai {{value}} semanas","_[other]":"hai {{value}} semanas"},"months-ago-long":{"_":"{[ plural(value) ]}","_[zero]":"Este mes","_[one]":"o mes pasado","_[two]":"hai {{value}} meses","_[few]":"hai {{value}} meses","_[many]":"hai {{value}} meses","_[other]":"hai {{value}} meses"},"years-ago-long":{"_":"{[ plural(value) ]}","_[zero]":"este ano","_[one]":"o ano pasado","_[two]":"hai {{value}} anos","_[few]":"hai {{value}} anos","_[many]":"hai {{value}} anos","_[other]":"hai {{value}} anos"},"minutes-until-long":{"_":"{[ plural(value) ]}","_[zero]":"agora","_[one]":"nun minuto","_[two]":"en {{value}} minutos","_[few]":"en {{value}} minutos","_[many]":"en {{value}} minutos","_[other]":"en {{value}} minutos"},"hours-until-long":{"_":"{[ plural(value) ]}","_[zero]":"agora","_[one]":"nunha hora","_[two]":"en {{value}} horas","_[few]":"en {{value}} horas","_[many]":"en {{value}} horas","_[other]":"en {{value}} horas"},"days-until-long":{"_":"{[ plural(value) ]}","_[zero]":"hoxe","_[one]":"mañá","_[two]":"en {{value}} días","_[few]":"en {{value}} días","_[many]":"en {{value}} días","_[other]":"en {{value}} días"},"weeks-until-long":{"_":"{[ plural(value) ]}","_[zero]":"esta semana","_[one]":"a semana que ven","_[two]":"en {{value}} semanas","_[few]":"en {{value}} semanas","_[many]":"en {{value}} semanas","_[other]":"en {{value}} semanas"},"months-until-long":{"_":"{[ plural(value) ]}","_[zero]":"Este mes","_[one]":"o mes que ven","_[two]":"en {{value}} meses","_[few]":"en {{value}} meses","_[many]":"en {{value}} meses","_[other]":"en {{value}} meses"},"years-until-long":{"_":"{[ plural(value) ]}","_[zero]":"este ano","_[one]":"o ano que ven","_[two]":"en {{value}} anos","_[few]":"en {{value}} anos","_[many]":"en {{value}} anos","_[other]":"en {{value}} anos"},"minutes-ago-short":{"_":"{[ plural(value) ]}","_[zero]":"xusto agora","_[other]":"hai {{value}}min"},"hours-ago-short":{"_":"{[ plural(value) ]}","_[zero]":"xusto agora","_[other]":"hai {{value}}h"},"days-ago-short":{"_":"{[ plural(value) ]}","_[zero]":"hoxe","_[other]":"hai {{value}}d"},"minutes-until-short":{"_":"{[ plural(value) ]}","_[zero]":"agora","_[other]":"en {{value}}min"},"hours-until-short":{"_":"{[ plural(value) ]}","_[zero]":"agora","_[other]":"en {{value}}h"},"days-until-short":{"_":"{[ plural(value) ]}","_[zero]":"hoxe","_[other]":"en {{value}}d"},"incorrectDate":{"_":"(data incorrecta)"},"dateTimeFormat_%c":{"_":"%a, %e de %b, %Y %H:%M:%S"},"dateTimeFormat_%x":{"_":"%d/%m/%Y"},"dateTimeFormat_%X":{"_":"%H:%M:%S"},"shortTimeFormat":{"_":"%H:%M"},"shortDateTimeFormat":{"_":"%x %H:%M %p"},"weekStartsOnMonday":{"_":"1"},"time_am":{"_":"AM"},"time_pm":{"_":"PM"}}