{"back":{"_":"Natrag"},"save":{"_":"Spremi"},"hide":{"_":"Sakrij"},"cancel":{"_":"Otkaži"},"confirm":{"_":"Potvrdi"},"done":{"_":"Gotovo"},"events":{"_":"Događaji"},"edit":{"_":"Uredi"},"allday-events":{"_":"Cijelodnevni događaji"},"hint-swipe-action":{"_":"Povucite"},"hint-swipe-to-navigate":{"_":"za navigaciju između datuma."},"show-today":{"_":"Danas"},"show-month-view":{"_":"Mjesec"},"show-week-view":{"_":"Tjedan"},"show-day-view":{"_":"Dan"},"settings-show":{"_":"Postavke"},"settings-hide":{"_":"Sakrij postavke"},"add-account":{"_":"Dodaj korisnički račun"},"new-event":{"_":"Dodaj događaj"},"add-event-header":{"_":"Događaj"},"account-header":{"_":"Račun"},"account-list-header":{"_":"Računi"},"settings-header":{"_":"Kalendari"},"advanced-settings":{"_":"Postavke kalendara"},"advanced-settings-header":{"_":"Postavke"},"advanced-settings-personalization":{"_":"Personalizacija"},"advanced-settings-reminders":{"_":"Podsjetnici"},"field-user":{"placeholder":"Korisničko ime"},"field-password":{"placeholder":"Lozinka"},"field-full-url":{"placeholder":"URL"},"modify-account-setting-up":{"_":"Molim pričekajte dok se račun podešava"},"modify-account-unable-to-sync":{"_":"Sinkronizacija nije moguća"},"modify-account-sign-in":{"_":"Prijava"},"preset-caldav":{"_":"CalDav"},"preset-yahoo":{"_":"Yahoo!"},"preset-google":{"_":"Google"},"preset-local":{"_":"Izvanmrežni kalendar"},"preset-mozilla":{"_":"Mozilla Zimbra"},"calendar-local":{"_":"Izvanmrežni kalendar"},"event-title":{"placeholder":"Naslov"},"event-location":{"placeholder":"Gdje?"},"event-description":{"placeholder":"Bilješke"},"event-is-allday":{"_":"Cijelodnevni događaj"},"event-start-date":{"placeholder":"Datum početka"},"event-end-date":{"placeholder":"Datum kraja"},"event-start-time":{"placeholder":"Vrijeme početka"},"event-end-time":{"placeholder":"Vrijeme kraja"},"event-delete":{"_":"Obriši događaj"},"remove-account-data":{"_":"Ukloni lokalne podatke"},"remove-account-dialog":{"_":"Ukloni račun"},"remove-account-dialog-details":{"_":"Uklanjanje ovog računa će također ukloniti vašu lokalnu kopiju povezanih kalendara i događaja."},"sync-frequency":{"_":"Sinkroniziraj kalendar"},"sync-frequency-manual":{"textContent":"Ručno"},"sync-frequency-15min":{"textContent":"15 min"},"sync-frequency-30min":{"textContent":"30 min"},"sync-frequency-hourly":{"textContent":"Svaki sat"},"none":{"_":"Nema"},"remind-me":{"_":"Podsjeti me"},"from-time":{"_":"Od:"},"to-time":{"_":"Do:"},"alarm-at-event-standard":{"_":"Na vrijeme događaja"},"alarm-at-event-allday":{"_":"Na dan događaja"},"alarm-start-notice":{"_":"{{title}} počinje {{distance}}"},"alarm-started-notice":{"_":"{{title}} započeo {{distance}}"},"minutes-before":{"_":"{[ plural(value) ]}","_[zero]":"0 minuta prije","_[one]":"1 minutu prije","_[two]":"{{value}} minute prije","_[few]":"{{value}} minuta prije","_[many]":"{{value}} minuta prije","_[other]":"{{value}} minuta prije"},"hours-before":{"_":"{[ plural(value) ]}","_[zero]":"0 sati prije","_[one]":"1 sat prije","_[two]":"{{value}} sata prije","_[few]":"{{value}} sati prije","_[many]":"{{value}} sati prije","_[other]":"{{value}} sati prije"},"days-before":{"_":"{[ plural(value) ]}","_[zero]":"0 dana prije","_[one]":"1 dan prije","_[two]":"{{value}} dana prije","_[few]":"{{value}} dana prije","_[many]":"{{value}} dana prije","_[other]":"{{value}} dana prije"},"weeks-before":{"_":"{[ plural(value) ]}","_[zero]":"0 tjedana prije","_[one]":"1 tjedan prije","_[two]":"{{value}} tjedna prije","_[few]":"{{value}} tjedana prije","_[many]":"{{value}} tjedana prije","_[other]":"{{value}} tjedana prije"},"months-before":{"_":"{[ plural(value) ]}","_[zero]":"0 mjeseci prije","_[one]":"1 mjesec prije","_[two]":"{{value}} mjeseca prije","_[few]":"{{value}} mjeseci prije","_[many]":"{{value}} mjeseci prije","_[other]":"{{value}} mjeseci prije"},"years-before":{"_":"{[ plural(value) ]}","_[zero]":"0 godina prije","_[one]":"1 godinu prije","_[two]":"{{value}} godine prije","_[few]":"{{value}} godina prije","_[many]":"{{value}} godina prije","_[other]":"{{value}} godina prije"},"minutes-after":{"_":"{[ plural(value) ]}","_[zero]":"0 minuta nakon","_[one]":"1 minutu nakon","_[two]":"{{value}} minute nakon","_[few]":"{{value}} minuta nakon","_[many]":"{{value}} minuta nakon","_[other]":"{{value}} minuta nakon"},"hours-after":{"_":"{[ plural(value) ]}","_[zero]":"0 sati nakon","_[one]":"1 sat nakon","_[two]":"{{value}} sata nakon","_[few]":"{{value}} sati nakon","_[many]":"{{value}} sati nakon","_[other]":"{{value}} sati nakon"},"days-after":{"_":"{[ plural(value) ]}","_[zero]":"0 dana nakon","_[one]":"1 dan nakon","_[two]":"{{value}} dana nakon","_[few]":"{{value}} dana nakon","_[many]":"{{value}} dana nakon","_[other]":"{{value}} dana nakon"},"weeks-after":{"_":"{[ plural(value) ]}","_[zero]":"0 tjedana nakon","_[one]":"1 tjedan nakon","_[two]":"{{value}} tjedna nakon","_[few]":"{{value}} tjedana nakon","_[many]":"{{value}} tjedana nakon","_[other]":"{{value}} tjedana nakon"},"months-after":{"_":"{[ plural(value) ]}","_[zero]":"0 mjeseca nakon","_[one]":"1 mjesec nakon","_[two]":"{{value}} mjeseca nakon","_[few]":"{{value}} mjeseci nakon","_[many]":"{{value}} mjeseci nakon","_[other]":"{{value}} mjeseca nakon"},"years-after":{"_":"{[ plural(value) ]}","_[zero]":"0 godina nakon","_[one]":"1 godina nakon","_[two]":"{{value}} godine nakon","_[few]":"{{value}} godina nakon","_[many]":"{{value}} godina nakon","_[other]":"{{value}} godina nakon"},"hour-format":{"_":"%H"},"hour-allday":{"_":"Cijeli dan"},"month-view-header-format":{"_":"%B %Y"},"multi-month-view-header-format":{"_":"%b %Y"},"day-view-header-format":{"_":"%e &b, %A"},"error-start-after-end":{"_":"Datum kraja mora biti nakon datuma početka"},"error-unauthenticated":{"_":"Krivo korisničko ime i/ili lozinka"},"error-no-url":{"_":"Nema veze. Provjerite Wi-Fi postavke i pokušajte ponovno."},"error-internal-server-error":{"_":"Greška poslužitelja. Provjerite pristupne podatke i pokušajte ponovno."},"error-default":{"_":"Nešto nije u redu. Pokušajte ponovno."},"error-offline":{"_":"Nema veze. Provjerite mrežne postavke i pokušajte ponovno."},"error-account-exist":{"_":"Ovaj račun već postoji."},"notification-error-sync-title":{"_":"Greške sinkronizacije kalendara"},"notification-error-sync-description":{"_":"Pritisnite za više informacija"},"weekday-0-long":{"_":"Nedjelja"},"weekday-1-long":{"_":"Ponedjeljak"},"weekday-2-long":{"_":"Utorak"},"weekday-3-long":{"_":"Srijeda"},"weekday-4-long":{"_":"Četvrtak"},"weekday-5-long":{"_":"Petak"},"weekday-6-long":{"_":"Subota"},"weekday-0-short":{"_":"Ned"},"weekday-1-short":{"_":"Pon"},"weekday-2-short":{"_":"Uto"},"weekday-3-short":{"_":"Sri"},"weekday-4-short":{"_":"Čet"},"weekday-5-short":{"_":"Pet"},"weekday-6-short":{"_":"Sub"},"month-0-long":{"_":"Siječanj"},"month-1-long":{"_":"Veljača"},"month-2-long":{"_":"Ožujak"},"month-3-long":{"_":"Travanj"},"month-4-long":{"_":"Svibanj"},"month-5-long":{"_":"Lipanj"},"month-6-long":{"_":"Srpanj"},"month-7-long":{"_":"Kolovoz"},"month-8-long":{"_":"Rujan"},"month-9-long":{"_":"Listopad"},"month-10-long":{"_":"Studeni"},"month-11-long":{"_":"Prosinac"},"month-0-genitive":{"_":"Siječnja"},"month-1-genitive":{"_":"Veljače"},"month-2-genitive":{"_":"Ožujka"},"month-3-genitive":{"_":"Travnja"},"month-4-genitive":{"_":"Svibnja"},"month-5-genitive":{"_":"Lipnja"},"month-6-genitive":{"_":"Srpnja"},"month-7-genitive":{"_":"Kolovoza"},"month-8-genitive":{"_":"Rujna"},"month-9-genitive":{"_":"Listopada"},"month-10-genitive":{"_":"Studenoga"},"month-11-genitive":{"_":"Prosinca"},"month-0-short":{"_":"Sij"},"month-1-short":{"_":"Velj"},"month-2-short":{"_":"Ožu"},"month-3-short":{"_":"Tra"},"month-4-short":{"_":"Svi"},"month-5-short":{"_":"Lip"},"month-6-short":{"_":"Srp"},"month-7-short":{"_":"Kol"},"month-8-short":{"_":"Ruj"},"month-9-short":{"_":"Lis"},"month-10-short":{"_":"Stu"},"month-11-short":{"_":"Pro"},"minutes-ago-long":{"_":"{[ plural(value) ]}","_[zero]":"upravo","_[one]":"prije minutu","_[two]":"prije {{value}} minute","_[few]":"prije {{value}} minutes","_[many]":"prije {{value}} minuta","_[other]":"prije {{value}} minuta"},"hours-ago-long":{"_":"{[ plural(value) ]}","_[zero]":"upravo","_[one]":"prije sat vremena","_[two]":"prije {{value}} sata","_[few]":"prije {{value}} sati","_[many]":"prije {{value}} sati","_[other]":"prije {{value}} sati"},"days-ago-long":{"_":"{[ plural(value) ]}","_[zero]":"danas","_[one]":"jučer","_[two]":"prije {{value}} dana","_[few]":"prije {{value}} dana","_[many]":"prije {{value}} dana","_[other]":"prije {{value}} dana"},"weeks-ago-long":{"_":"{[ plural(value) ]}","_[zero]":"ovaj tjedan","_[one]":"prošli tjedan","_[two]":"prije {{value}} tjedna","_[few]":"prije {{value}} tjedana","_[many]":"prije {{value}} tjedana","_[other]":"prije {{value}} tjedana"},"months-ago-long":{"_":"{[ plural(value) ]}","_[zero]":"ovaj mjesec","_[one]":"prošli mjesec","_[two]":"prije {{value}} mjeseca","_[few]":"prije {{value}} mjeseci","_[many]":"prije {{value}} mjeseci","_[other]":"prije {{value}} mjeseci"},"years-ago-long":{"_":"{[ plural(value) ]}","_[zero]":"ove godine","_[one]":"prošle godine","_[two]":"prije {{value}} godine","_[few]":"prije {{value}} godina","_[many]":"prije {{value}} godina","_[other]":"prije {{value}} godina"},"minutes-until-long":{"_":"{[ plural(value) ]}","_[zero]":"upravo","_[one]":"za minutu","_[two]":"za {{value}} minute","_[few]":"za {{value}} minuta","_[many]":"za {{value}} minuta","_[other]":"za {{value}} minuta"},"hours-until-long":{"_":"{[ plural(value) ]}","_[zero]":"upravo","_[one]":"za sat vremena","_[two]":"za {{value}} sata","_[few]":"za {{value}} sati","_[many]":"za {{value}} sati","_[other]":"za {{value}} sati"},"days-until-long":{"_":"{[ plural(value) ]}","_[zero]":"danas","_[one]":"sutra","_[two]":"za {{value}} dana","_[few]":"za {{value}} dana","_[many]":"za {{value}} dana","_[other]":"za {{value}} dana"},"weeks-until-long":{"_":"{[ plural(value) ]}","_[zero]":"ovaj tjedan","_[one]":"idući tjedan","_[two]":"za {{value}} tjedna","_[few]":"za {{value}} tjedana","_[many]":"za {{value}} tjedana","_[other]":"za {{value}} tjedana"},"months-until-long":{"_":"{[ plural(value) ]}","_[zero]":"ovaj mjesec","_[one]":"idući mjesec","_[two]":"za {{value}} mjeseca","_[few]":"za {{value}} mjeseci","_[many]":"za {{value}} mjeseci","_[other]":"za {{value}} mjeseci"},"years-until-long":{"_":"{[ plural(value) ]}","_[zero]":"ove godine","_[one]":"iduće godine","_[two]":"za {{value}} godine","_[few]":"za {{value}} godina","_[many]":"za {{value}} godina","_[other]":"za {{value}} godina"},"minutes-ago-short":{"_":"{[ plural(value) ]}","_[zero]":"upravo","_[other]":"prije {{value}}m"},"hours-ago-short":{"_":"{[ plural(value) ]}","_[zero]":"upravo","_[other]":"prije {{value}}s"},"days-ago-short":{"_":"{[ plural(value) ]}","_[zero]":"danas","_[other]":"prije {{value}}d"},"minutes-until-short":{"_":"{[ plural(value) ]}","_[zero]":"sada","_[other]":"za {{value}}m"},"hours-until-short":{"_":"{[ plural(value) ]}","_[zero]":"sada","_[other]":"za {{value}}s"},"days-until-short":{"_":"{[ plural(value) ]}","_[zero]":"danas","_[other]":"za {{value}}d"},"incorrectDate":{"_":"(netočan datum)"},"dateTimeFormat_%c":{"_":"%a %e %b %Y %H:%M:%S"},"dateTimeFormat_%x":{"_":"%d.%m.%Y"},"dateTimeFormat_%X":{"_":"%H:%M:%S"},"shortTimeFormat":{"_":"%H:%M"},"shortDateTimeFormat":{"_":"%x %H:%M"},"weekStartsOnMonday":{"_":"1"},"time_am":{"_":"AM"},"time_pm":{"_":"PM"}}