{"back":{"_":"Vissza"},"save":{"_":"Mentés"},"hide":{"_":"Elrejtés"},"cancel":{"_":"Mégse"},"confirm":{"_":"Megerősítés"},"done":{"_":"Kész"},"events":{"_":"Események"},"edit":{"_":"Szerkesztés"},"allday-events":{"_":"Egész napos események"},"hint-swipe-action":{"_":"Csúsztassa az ujját"},"hint-swipe-to-navigate":{"_":"dátumok közötti navigáláshoz."},"show-today":{"_":"Ma"},"show-month-view":{"_":"Hónap"},"show-week-view":{"_":"Hét"},"show-day-view":{"_":"Nap"},"settings-show":{"_":"Beállítások"},"settings-hide":{"_":"Beállítások elrejtése"},"add-account":{"_":"Fiók hozzáadása"},"new-event":{"_":"Esemény hozzáadása"},"add-event-header":{"_":"Esemény"},"account-header":{"_":"Fiók"},"account-list-header":{"_":"Fiókok"},"settings-header":{"_":"Naptárak"},"advanced-settings":{"_":"Naptárbeállítások"},"advanced-settings-header":{"_":"Naptárbeállítások"},"advanced-settings-personalization":{"_":"Testreszabás"},"advanced-settings-reminders":{"_":"Emlékeztetők"},"field-user":{"placeholder":"Felhasználónév"},"field-password":{"placeholder":"Jelszó"},"field-full-url":{"placeholder":"URL"},"modify-account-setting-up":{"_":"Kis türelmet, amíg a fiók beállítása megtörténik"},"modify-account-unable-to-sync":{"_":"Nem lehet szinkronizálni"},"modify-account-sign-in":{"_":"Bejelentkezés"},"preset-caldav":{"_":"CalDav"},"preset-yahoo":{"_":"Yahoo!"},"preset-google":{"_":"Google"},"preset-local":{"_":"Offline naptár"},"preset-mozilla":{"_":"Mozilla Zimbra"},"calendar-local":{"_":"Offline naptár"},"event-title":{"placeholder":"Cím"},"event-location":{"placeholder":"Helyszín?"},"event-description":{"placeholder":"Megjegyzés"},"event-is-allday":{"_":"Egész napos esemény?"},"event-start-date":{"placeholder":"Kezdő dátum"},"event-end-date":{"placeholder":"Záró dátum"},"event-start-time":{"placeholder":"Kezdő időpont"},"event-end-time":{"placeholder":"Záró időpont"},"event-delete":{"_":"Esemény törlése"},"remove-account-data":{"_":"Helyi adatok eltávolítása"},"remove-account-dialog":{"_":"Fiók eltávolítása"},"remove-account-dialog-details":{"_":"A fiók eltávolításával a hozzá tartozó naptárak és események helyi másolata is eltávolításra kerül."},"sync-frequency":{"_":"Naptárszinkron"},"sync-frequency-manual":{"textContent":"Kézzel"},"sync-frequency-15min":{"textContent":"15 perc"},"sync-frequency-30min":{"textContent":"30 perc"},"sync-frequency-hourly":{"textContent":"Minden óra"},"none":{"_":"Nincs"},"remind-me":{"_":"Emlékeztessen"},"from-time":{"_":"Feladó:"},"to-time":{"_":"Címzett:"},"alarm-at-event-standard":{"_":"Az esemény kezdetekor"},"alarm-at-event-allday":{"_":"Az esemény napján"},"alarm-start-notice":{"_":"{{title}} {{distance}} kezdődik"},"alarm-started-notice":{"_":"{{title}} {{distance}} kezdődött"},"minutes-before":{"_":"{[ plural(value) ]}","_[zero]":"0 perccel előtte","_[one]":"1 perccel előtte","_[two]":"{{value}} perccel előtte","_[few]":"{{value}} perccel előtte","_[many]":"{{value}} perccel előtte","_[other]":"{{value}} perccel előtte"},"hours-before":{"_":"{[ plural(value) ]}","_[zero]":"0 órával előtte","_[one]":"1 órával előtte","_[two]":"{{value}} órával előtte","_[few]":"{{value}} órával előtte","_[many]":"{{value}} órával előtte","_[other]":"{{value}} órával előtte"},"days-before":{"_":"{[ plural(value) ]}","_[zero]":"0 nappal előtte","_[one]":"1 nappal előtte","_[two]":"{{value}} nappal előtte","_[few]":"{{value}} nappal előtte","_[many]":"{{value}} nappal előtte","_[other]":"{{value}} nappal előtte"},"weeks-before":{"_":"{[ plural(value) ]}","_[zero]":"0 héttel előtte","_[one]":"1 héttel előtte","_[two]":"{{value}} héttel előtte","_[few]":"{{value}} héttel előtte","_[many]":"{{value}} héttel előtte","_[other]":"{{value}} héttel előtte"},"months-before":{"_":"{[ plural(value) ]}","_[zero]":"0 hónappal előtte","_[one]":"1 hónappal előtte","_[two]":"{{value}} hónappal előtte","_[few]":"{{value}} hónappal előtte","_[many]":"{{value}} hónappal előtte","_[other]":"{{value}} hónappal előtte"},"years-before":{"_":"{[ plural(value) ]}","_[zero]":"0 évvel előtte","_[one]":"1 évvel előtte","_[two]":"{{value}} évvel előtte","_[few]":"{{value}} évvel előtte","_[many]":"{{value}} évvel előtte","_[other]":"{{value}} évvel előtte"},"minutes-after":{"_":"{[ plural(value) ]}","_[zero]":"0 perccel utána","_[one]":"1 perccel utána","_[two]":"{{value}} perccel utána","_[few]":"{{value}} perccel utána","_[many]":"{{value}} perccel utána","_[other]":"{{value}} perccel utána"},"hours-after":{"_":"{[ plural(value) ]}","_[zero]":"0 órával később","_[one]":"1 órával később","_[two]":"{{value}} órával később","_[few]":"{{value}} órával később","_[many]":"{{value}} órával később","_[other]":"{{value}} órával később"},"days-after":{"_":"{[ plural(value) ]}","_[zero]":"0 nappal később","_[one]":"1 nappal később","_[two]":"{{value}} nappal később","_[few]":"{{value}} nappal később","_[many]":"{{value}} nappal később","_[other]":"{{value}} nappal később"},"weeks-after":{"_":"{[ plural(value) ]}","_[zero]":"0 héttel később","_[one]":"1 héttel később","_[two]":"{{value}} héttel később","_[few]":"{{value}} héttel később","_[many]":"{{value}} héttel később","_[other]":"{{value}} héttel később"},"months-after":{"_":"{[ plural(value) ]}","_[zero]":"0 hónappal később","_[one]":"1 hónappal később","_[two]":"{{value}} hónappal később","_[few]":"{{value}} hónappal később","_[many]":"{{value}} hónappal később","_[other]":"{{value}} hónappal később"},"years-after":{"_":"{[ plural(value) ]}","_[zero]":"0 évvel később","_[one]":"1 évvel később","_[two]":"{{value}} évvel később","_[few]":"{{value}} évvel később","_[many]":"{{value}} évvel később","_[other]":"{{value}} évvel később"},"hour-format":{"_":"%H"},"hour-allday":{"_":"Egész nap"},"month-view-header-format":{"_":"%Y. %B"},"multi-month-view-header-format":{"_":"%Y %b"},"day-view-header-format":{"_":"%B %e. %A"},"error-start-after-end":{"_":"A záró dátumnak a kezdő dátum utáninak kell lennie"},"error-unauthenticated":{"_":"Rossz felhasználónév vagy jelszó"},"error-no-url":{"_":"Nincs kapcsolat. Ellenőrizze a Wi-Fi-t, és próbálja újra."},"error-internal-server-error":{"_":"Kiszolgálóhiba. Ellenőrizze a bejelentkezési adatokat majd próbálja meg újra."},"error-default":{"_":"Ismeretlen hiba. Próbálja meg később."},"error-offline":{"_":"Nincs kapcsolat. Ellenőrizze a hálózatot, és próbálja újra."},"error-account-exist":{"_":"A fiók már létezik."},"notification-error-sync-title":{"_":"Naptár-szinkronizálási hiba"},"notification-error-sync-description":{"_":"Koppintson információkért"},"weekday-0-long":{"_":"Vasárnap"},"weekday-1-long":{"_":"Hétfő"},"weekday-2-long":{"_":"Kedd"},"weekday-3-long":{"_":"Szerda"},"weekday-4-long":{"_":"Csütörtök"},"weekday-5-long":{"_":"Péntek"},"weekday-6-long":{"_":"Szombat"},"weekday-0-short":{"_":"Va."},"weekday-1-short":{"_":"Hé."},"weekday-2-short":{"_":"Ke."},"weekday-3-short":{"_":"Sze."},"weekday-4-short":{"_":"Csü."},"weekday-5-short":{"_":"Pé."},"weekday-6-short":{"_":"Szo."},"month-0-long":{"_":"Január"},"month-1-long":{"_":"Február"},"month-2-long":{"_":"Március"},"month-3-long":{"_":"Április"},"month-4-long":{"_":"Május"},"month-5-long":{"_":"Június"},"month-6-long":{"_":"Július"},"month-7-long":{"_":"Augusztus"},"month-8-long":{"_":"Szeptember"},"month-9-long":{"_":"Október"},"month-10-long":{"_":"November"},"month-11-long":{"_":"December"},"month-0-genitive":{"_":"Január"},"month-1-genitive":{"_":"Február"},"month-2-genitive":{"_":"Március"},"month-3-genitive":{"_":"Április"},"month-4-genitive":{"_":"Május"},"month-5-genitive":{"_":"Június"},"month-6-genitive":{"_":"Július"},"month-7-genitive":{"_":"Augusztus"},"month-8-genitive":{"_":"Szeptember"},"month-9-genitive":{"_":"Október"},"month-10-genitive":{"_":"November"},"month-11-genitive":{"_":"December"},"month-0-short":{"_":"Jan"},"month-1-short":{"_":"Feb"},"month-2-short":{"_":"Már"},"month-3-short":{"_":"Ápr"},"month-4-short":{"_":"Máj"},"month-5-short":{"_":"Jún"},"month-6-short":{"_":"Júl"},"month-7-short":{"_":"Aug"},"month-8-short":{"_":"Szep"},"month-9-short":{"_":"Okt"},"month-10-short":{"_":"Nov"},"month-11-short":{"_":"Dec"},"minutes-ago-long":{"_":"{[ plural(value) ]}","_[zero]":"épp most","_[one]":"egy perccel ezelőtt","_[two]":"{{value}} perccel ezelőtt","_[few]":"{{value}} perccel ezelőtt","_[many]":"{{value}} perccel ezelőtt","_[other]":"{{value}} perccel ezelőtt"},"hours-ago-long":{"_":"{[ plural(value) ]}","_[zero]":"épp most","_[one]":"egy órája","_[two]":"{{value}} órával ezelőtt","_[few]":"{{value}} órával ezelőtt","_[many]":"{{value}} órával ezelőtt","_[other]":"{{value}} órával ezelőtt"},"days-ago-long":{"_":"{[ plural(value) ]}","_[zero]":"ma","_[one]":"tegnap","_[two]":"{{value}} nappal ezelőtt","_[few]":"{{value}} nappal ezelőtt","_[many]":"{{value}} nappal ezelőtt","_[other]":"{{value}} nappal ezelőtt"},"weeks-ago-long":{"_":"{[ plural(value) ]}","_[zero]":"ez a hét","_[one]":"múlt hét","_[two]":"{{value}} héttel ezelőtt","_[few]":"{{value}} héttel ezelőtt","_[many]":"{{value}} héttel ezelőtt","_[other]":"{{value}} héttel ezelőtt"},"months-ago-long":{"_":"{[ plural(value) ]}","_[zero]":"ez a hónap","_[one]":"előző hónap","_[two]":"{{value}} hónappal ezelőtt","_[few]":"{{value}} hónappal ezelőtt","_[many]":"{{value}} hónappal ezelőtt","_[other]":"{{value}} hónappal ezelőtt"},"years-ago-long":{"_":"{[ plural(value) ]}","_[zero]":"ez az év","_[one]":"tavaly","_[two]":"{{value}} évvel ezelőtt","_[few]":"{{value}} évvel ezelőtt","_[many]":"{{value}} évvel ezelőtt","_[other]":"{{value}} évvel ezelőtt"},"minutes-until-long":{"_":"{[ plural(value) ]}","_[zero]":"most","_[one]":"egy percen belül","_[two]":"{{value}} percen belül","_[few]":"{{value}} percen belül","_[many]":"{{value}} percen belül","_[other]":"{{value}} percen belül"},"hours-until-long":{"_":"{[ plural(value) ]}","_[zero]":"most","_[one]":"egy órán belül","_[two]":"{{value}} órán belül","_[few]":"{{value}} órán belül","_[many]":"{{value}} órán belül","_[other]":"{{value}} órán belül"},"days-until-long":{"_":"{[ plural(value) ]}","_[zero]":"ma","_[one]":"holnap","_[two]":"{{value}} napon belül","_[few]":"{{value}} napon belül","_[many]":"{{value}} napon belül","_[other]":"{{value}} napon belül"},"weeks-until-long":{"_":"{[ plural(value) ]}","_[zero]":"ez a hét","_[one]":"következő hét","_[two]":"{{value}} héten belül","_[few]":"{{value}} héten belül","_[many]":"{{value}} héten belül","_[other]":"{{value}} héten belül"},"months-until-long":{"_":"{[ plural(value) ]}","_[zero]":"ez a hónap","_[one]":"következő hónap","_[two]":"{{value}} héten belül","_[few]":"{{value}} héten belül","_[many]":"{{value}} héten belül","_[other]":"{{value}} héten belül"},"years-until-long":{"_":"{[ plural(value) ]}","_[zero]":"ez az év","_[one]":"következő év","_[two]":"{{value}} éven belül","_[few]":"{{value}} éven belül","_[many]":"{{value}} éven belül","_[other]":"{{value}} éven belül"},"minutes-ago-short":{"_":"{[ plural(value) ]}","_[zero]":"épp most","_[other]":"{{value}}p ezelőtt"},"hours-ago-short":{"_":"{[ plural(value) ]}","_[zero]":"épp most","_[other]":"{{value}}ó ezelőtt"},"days-ago-short":{"_":"{[ plural(value) ]}","_[zero]":"ma","_[other]":"{{value}}n ezelőtt"},"minutes-until-short":{"_":"{[ plural(value) ]}","_[zero]":"most","_[other]":"{{value}} percen belül"},"hours-until-short":{"_":"{[ plural(value) ]}","_[zero]":"most","_[other]":"{{value}} órán belül"},"days-until-short":{"_":"{[ plural(value) ]}","_[zero]":"ma","_[other]":"{{value}} napon belül"},"incorrectDate":{"_":"(helytelen dátum)"},"dateTimeFormat_%c":{"_":"%Y. %b %d %a %H:%M:%S"},"dateTimeFormat_%x":{"_":"%Y. %m. %d."},"dateTimeFormat_%X":{"_":"%H:%M:%S"},"shortTimeFormat":{"_":"%H:%M"},"shortDateTimeFormat":{"_":"%x %H:%M"},"weekStartsOnMonday":{"_":"0"},"time_am":{"_":"DE"},"time_pm":{"_":"DU"}}