{"back":{"_":"Indietro"},"save":{"_":"Salva"},"hide":{"_":"Nascondi"},"cancel":{"_":"Annulla"},"confirm":{"_":"Conferma"},"done":{"_":"Fine"},"events":{"_":"Eventi"},"edit":{"_":"Modifica"},"allday-events":{"_":"Eventi giorno intero"},"hint-swipe-action":{"_":"Passa il dito"},"hint-swipe-to-navigate":{"_":"per cambiare la data visualizzata."},"show-today":{"_":"Oggi"},"show-month-view":{"_":"Mese"},"show-week-view":{"_":"Settimana"},"show-day-view":{"_":"Giorno"},"settings-show":{"_":"Impostazioni"},"settings-hide":{"_":"Nascondi impostazioni"},"add-account":{"_":"Aggiungi un account"},"new-event":{"_":"Aggiungi evento"},"add-event-header":{"_":"Evento"},"account-header":{"_":"Account"},"account-list-header":{"_":"Account"},"settings-header":{"_":"Calendari"},"advanced-settings":{"_":"Impostazioni agenda"},"advanced-settings-header":{"_":"Impostaz. agenda"},"advanced-settings-personalization":{"_":"Personalizzazione"},"advanced-settings-reminders":{"_":"Promemoria"},"field-user":{"placeholder":"Nome utente"},"field-password":{"placeholder":"Password"},"field-full-url":{"placeholder":"URL"},"modify-account-setting-up":{"_":"Attendere la configurazione dell’account"},"modify-account-unable-to-sync":{"_":"Impossibile sinc."},"modify-account-sign-in":{"_":"Accedi"},"preset-caldav":{"_":"CalDav"},"preset-yahoo":{"_":"Yahoo!"},"preset-google":{"_":"Google"},"preset-local":{"_":"Agenda non in linea"},"preset-mozilla":{"_":"Mozilla Zimbra"},"calendar-local":{"_":"Agenda non in linea"},"event-title":{"placeholder":"Titolo"},"event-location":{"placeholder":"Luogo"},"event-description":{"placeholder":"Note"},"event-is-allday":{"_":"Tutto il giorno?"},"event-start-date":{"placeholder":"Data inizio"},"event-end-date":{"placeholder":"Data fine"},"event-start-time":{"placeholder":"Ora inizio"},"event-end-time":{"placeholder":"Ora fine"},"event-delete":{"_":"Elimina evento"},"remove-account-data":{"_":"Elimina dati locali"},"remove-account-dialog":{"_":"Elimina account"},"remove-account-dialog-details":{"_":"Eliminando un account verranno rimosse le copie locali di eventi e calendari associati."},"sync-frequency":{"_":"Sincronizza"},"sync-frequency-manual":{"textContent":"manualmente"},"sync-frequency-15min":{"textContent":"ogni 15 min"},"sync-frequency-30min":{"textContent":"ogni 30 min"},"sync-frequency-hourly":{"textContent":"ogni ora"},"none":{"_":"Nessuno"},"remind-me":{"_":"Promemoria"},"from-time":{"_":"Da: "},"to-time":{"_":"A: "},"alarm-at-event-standard":{"_":"All’ora dell’evento"},"alarm-at-event-allday":{"_":"Il giorno dell’evento"},"alarm-start-notice":{"_":"{{title}} inizia tra {{distance}}"},"alarm-started-notice":{"_":"{{title}} è iniziato {{distance}}"},"minutes-before":{"_":"{[ plural(value) ]}","_[zero]":"0 minuti prima","_[one]":"1 minuto prima","_[two]":"{{value}} minuti prima","_[few]":"{{value}} minuti prima","_[many]":"{{value}} minuti prima","_[other]":"{{value}} minuti prima"},"hours-before":{"_":"{[ plural(value) ]}","_[zero]":"0 ore prima","_[one]":"1 ora prima","_[two]":"{{value}} ore prima","_[few]":"{{value}} ore prima","_[many]":"{{value}} ore prima","_[other]":"{{value}} ore prima"},"days-before":{"_":"{[ plural(value) ]}","_[zero]":"0 giorni prima","_[one]":"1 giorno prima","_[two]":"{{value}} giorni prima","_[few]":"{{value}} giorni prima","_[many]":"{{value}} giorni prima","_[other]":"{{value}} giorni prima"},"weeks-before":{"_":"{[ plural(value) ]}","_[zero]":"0 settimane prima","_[one]":"1 settimana prima","_[two]":"{{value}} settimane prima","_[few]":"{{value}} settimane prima","_[many]":"{{value}} settimane prima","_[other]":"{{value}} settimane prima"},"months-before":{"_":"{[ plural(value) ]}","_[zero]":"0 mesi prima","_[one]":"1 mese prima","_[two]":"{{value}} mesi prima","_[few]":"{{value}} mesi prima","_[many]":"{{value}} mesi prima","_[other]":"{{value}} mesi prima"},"years-before":{"_":"{[ plural(value) ]}","_[zero]":"0 anni prima","_[one]":"1 anno prima","_[two]":"{{value}} anni prima","_[few]":"{{value}} anni prima","_[many]":"{{value}} anni prima","_[other]":"{{value}} anni prima"},"minutes-after":{"_":"{[ plural(value) ]}","_[zero]":"0 minuti dopo","_[one]":"1 minuto dopo","_[two]":"{{value}} minuti dopo","_[few]":"{{value}} minuti dopo","_[many]":"{{value}} minuti dopo","_[other]":"{{value}} minuti dopo"},"hours-after":{"_":"{[ plural(value) ]}","_[zero]":"0 ore dopo","_[one]":"1 ora dopo","_[two]":"{{value}} ore dopo","_[few]":"{{value}} ore dopo","_[many]":"{{value}} ore dopo","_[other]":"{{value}} ore dopo"},"days-after":{"_":"{[ plural(value) ]}","_[zero]":"0 giorni dopo","_[one]":"1 giorno dopo","_[two]":"{{value}} giorni dopo","_[few]":"{{value}} giorni dopo","_[many]":"{{value}} giorni dopo","_[other]":"{{value}} giorni dopo"},"weeks-after":{"_":"{[ plural(value) ]}","_[zero]":"0 settimane dopo","_[one]":"1 settimana dopo","_[two]":"{{value}} settimane dopo","_[few]":"{{value}} settimane dopo","_[many]":"{{value}} settimane dopo","_[other]":"{{value}} settimane dopo"},"months-after":{"_":"{[ plural(value) ]}","_[zero]":"0 mesi dopo","_[one]":"1 mese dopo","_[two]":"{{value}} mesi dopo","_[few]":"{{value}} mesi dopo","_[many]":"{{value}} mesi dopo","_[other]":"{{value}} mesi dopo"},"years-after":{"_":"{[ plural(value) ]}","_[zero]":"0 anni dopo","_[one]":"1 anno dopo","_[two]":"{{value}} anni dopo","_[few]":"{{value}} anni dopo","_[many]":"{{value}} anni dopo","_[other]":"{{value}} anni dopo"},"hour-format":{"_":"%H"},"hour-allday":{"_":"Giorno int."},"month-view-header-format":{"_":"%B %Y"},"multi-month-view-header-format":{"_":"%b %Y"},"day-view-header-format":{"_":"%A %e %b"},"error-start-after-end":{"_":"La data finale deve essere successiva alla data di inizio"},"error-unauthenticated":{"_":"Utente o password errati"},"error-no-url":{"_":"No connection. Check your Wi-Fi and try again."},"error-internal-server-error":{"_":"Errore del server. Verificare i dati di accesso e riprovare."},"error-default":{"_":"Si è verificato un errore. Riprovare più tardi."},"error-offline":{"_":"Connessione non disponibile. Verificare la configurazione di rete e riprovare."},"error-account-exist":{"_":"Questo account è già presente."},"notification-error-sync-title":{"_":"Errore sinc. agenda"},"notification-error-sync-description":{"_":"Tocca per altre informazioni"},"weekday-0-long":{"_":"domenica"},"weekday-1-long":{"_":"lunedì"},"weekday-2-long":{"_":"martedì"},"weekday-3-long":{"_":"mercoledì"},"weekday-4-long":{"_":"giovedì"},"weekday-5-long":{"_":"venerdì"},"weekday-6-long":{"_":"sabato"},"weekday-0-short":{"_":"dom"},"weekday-1-short":{"_":"lun"},"weekday-2-short":{"_":"mar"},"weekday-3-short":{"_":"mer"},"weekday-4-short":{"_":"gio"},"weekday-5-short":{"_":"ven"},"weekday-6-short":{"_":"sab"},"month-0-long":{"_":"gennaio"},"month-1-long":{"_":"febbraio"},"month-2-long":{"_":"marzo"},"month-3-long":{"_":"aprile"},"month-4-long":{"_":"maggio"},"month-5-long":{"_":"giugno"},"month-6-long":{"_":"luglio"},"month-7-long":{"_":"agosto"},"month-8-long":{"_":"settembre"},"month-9-long":{"_":"ottobre"},"month-10-long":{"_":"novembre"},"month-11-long":{"_":"dicembre"},"month-0-genitive":{"_":"gennaio"},"month-1-genitive":{"_":"febbraio"},"month-2-genitive":{"_":"marzo"},"month-3-genitive":{"_":"aprile"},"month-4-genitive":{"_":"maggio"},"month-5-genitive":{"_":"giugno"},"month-6-genitive":{"_":"luglio"},"month-7-genitive":{"_":"agosto"},"month-8-genitive":{"_":"settembre"},"month-9-genitive":{"_":"ottobre"},"month-10-genitive":{"_":"novembre"},"month-11-genitive":{"_":"dicembre"},"month-0-short":{"_":"gen"},"month-1-short":{"_":"feb"},"month-2-short":{"_":"mar"},"month-3-short":{"_":"apr"},"month-4-short":{"_":"mag"},"month-5-short":{"_":"giu"},"month-6-short":{"_":"lug"},"month-7-short":{"_":"ago"},"month-8-short":{"_":"set"},"month-9-short":{"_":"ott"},"month-10-short":{"_":"nov"},"month-11-short":{"_":"dic"},"minutes-ago-long":{"_":"{[ plural(value) ]}","_[zero]":"adesso","_[one]":"un minuto fa","_[two]":"{{value}} minuti fa","_[few]":"{{value}} minuti fa","_[many]":"{{value}} minuti fa","_[other]":"{{value}} minuti fa"},"hours-ago-long":{"_":"{[ plural(value) ]}","_[zero]":"adesso","_[one]":"un’ora fa","_[two]":"{{value}} ore fa","_[few]":"{{value}} ore fa","_[many]":"{{value}} ore fa","_[other]":"{{value}} ore fa"},"days-ago-long":{"_":"{[ plural(value) ]}","_[zero]":"oggi","_[one]":"ieri","_[two]":"{{value}} giorni fa","_[few]":"{{value}} giorni fa","_[many]":"{{value}} giorni fa","_[other]":"{{value}} giorni fa"},"weeks-ago-long":{"_":"{[ plural(value) ]}","_[zero]":"questa settimana","_[one]":"settimana scorsa","_[two]":"{{value}} settimane fa","_[few]":"{{value}} settimane fa","_[many]":"{{value}} settimane fa","_[other]":"{{value}} settimane fa"},"months-ago-long":{"_":"{[ plural(value) ]}","_[zero]":"questo mese","_[one]":"mese scorso","_[two]":"{{value}} mesi fa","_[few]":"{{value}} mesi fa","_[many]":"{{value}} mesi fa","_[other]":"{{value}} mesi fa"},"years-ago-long":{"_":"{[ plural(value) ]}","_[zero]":"quest’anno","_[one]":"anno scorso","_[two]":"{{value}} anni fa","_[few]":"{{value}} anni fa","_[many]":"{{value}} anni fa","_[other]":"{{value}} anni fa"},"minutes-until-long":{"_":"{[ plural(value) ]}","_[zero]":"adesso","_[one]":"tra un minuto","_[two]":"tra {{value}} minuti","_[few]":"tra {{value}} minuti","_[many]":"tra {{value}} minuti","_[other]":"tra {{value}} minuti"},"hours-until-long":{"_":"{[ plural(value) ]}","_[zero]":"adesso","_[one]":"tra un’ora","_[two]":"tra {{value}} ore","_[few]":"tra {{value}} ore","_[many]":"tra {{value}} ore","_[other]":"tra {{value}} ore"},"days-until-long":{"_":"{[ plural(value) ]}","_[zero]":"oggi","_[one]":"domani","_[two]":"tra {{value}} giorni","_[few]":"tra {{value}} giorni","_[many]":"tra {{value}} giorni","_[other]":"tra {{value}} giorni"},"weeks-until-long":{"_":"{[ plural(value) ]}","_[zero]":"questa settimana","_[one]":"prossima settimana","_[two]":"tra {{value}} settimane","_[few]":"tra {{value}} settimane","_[many]":"tra {{value}} settimane","_[other]":"tra {{value}} settimane"},"months-until-long":{"_":"{[ plural(value) ]}","_[zero]":"questo mese","_[one]":"prossimo mese","_[two]":"in {{value}} mesi","_[few]":"tra {{value}} mesi","_[many]":"tra {{value}} mesi","_[other]":"in {{value}} mesi"},"years-until-long":{"_":"{[ plural(value) ]}","_[zero]":"quest’anno","_[one]":"prossimo anno","_[two]":"tra {{value}} anni","_[few]":"tra {{value}} anni","_[many]":"tra {{value}} anni","_[other]":"tra {{value}} anni"},"minutes-ago-short":{"_":"{[ plural(value) ]}","_[zero]":"adesso","_[other]":"{{value}}m fa"},"hours-ago-short":{"_":"{[ plural(value) ]}","_[zero]":"adesso","_[other]":"{{value}}h fa"},"days-ago-short":{"_":"{[ plural(value) ]}","_[zero]":"oggi","_[other]":"{{value}}g fa"},"minutes-until-short":{"_":"{[ plural(value) ]}","_[zero]":"adesso","_[other]":"tra {{value}}m"},"hours-until-short":{"_":"{[ plural(value) ]}","_[zero]":"adesso","_[other]":"tra {{value}}h"},"days-until-short":{"_":"{[ plural(value) ]}","_[zero]":"oggi","_[other]":"tra {{value}}d"},"incorrectDate":{"_":"(data errata)"},"dateTimeFormat_%c":{"_":"%a %e %b %Y %H:%M:%S"},"dateTimeFormat_%x":{"_":"%d/%m/%Y"},"dateTimeFormat_%X":{"_":"%H:%M:%S"},"shortTimeFormat":{"_":"%H:%M"},"shortDateTimeFormat":{"_":"%x %H:%M"},"weekStartsOnMonday":{"_":"1"},"time_am":{"_":"AM"},"time_pm":{"_":"PM"}}