{"back":{"_":"戻る"},"save":{"_":"保存"},"hide":{"_":"非表示"},"cancel":{"_":"キャンセル"},"confirm":{"_":"確認"},"done":{"_":"完了"},"events":{"_":"予定"},"edit":{"_":"編集"},"allday-events":{"_":"終日の予定"},"hint-swipe-action":{"_":"スワイプ"},"hint-swipe-to-navigate":{"_":"してカレンダーの日付を移動できます。"},"show-today":{"_":"今日"},"show-month-view":{"_":"月"},"show-week-view":{"_":"週"},"show-day-view":{"_":"日"},"settings-show":{"_":"設定"},"settings-hide":{"_":"設定を隠す"},"add-account":{"_":"アカウント追加"},"new-event":{"_":"予定追加"},"add-event-header":{"_":"予定"},"account-header":{"_":"アカウント"},"account-list-header":{"_":"アカウント一覧"},"settings-header":{"_":"カレンダー"},"advanced-settings":{"_":"カレンダー設定"},"advanced-settings-header":{"_":"カレンダー設定"},"advanced-settings-personalization":{"_":"個人設定"},"advanced-settings-reminders":{"_":"アラーム設定"},"field-user":{"placeholder":"ユーザ名"},"field-password":{"placeholder":"パスワード"},"field-full-url":{"placeholder":"URL"},"modify-account-setting-up":{"_":"アカウントを設定しています。しばらくお待ちください"},"modify-account-unable-to-sync":{"_":"同期できません"},"modify-account-sign-in":{"_":"サインイン"},"preset-caldav":{"_":"CalDav"},"preset-yahoo":{"_":"Yahoo!"},"preset-google":{"_":"Google"},"preset-local":{"_":"オフラインカレンダー"},"preset-mozilla":{"_":"Mozilla Zimbra"},"calendar-local":{"_":"オフラインカレンダー"},"event-title":{"placeholder":"タイトル"},"event-location":{"placeholder":"場所"},"event-description":{"placeholder":"メモ"},"event-is-allday":{"_":"終日の予定？"},"event-start-date":{"placeholder":"開始日"},"event-end-date":{"placeholder":"終了日"},"event-start-time":{"placeholder":"開始時刻"},"event-end-time":{"placeholder":"終了時刻"},"event-delete":{"_":"予定を削除"},"remove-account-data":{"_":"ローカルデータ削除"},"remove-account-dialog":{"_":"アカウント削除"},"remove-account-dialog-details":{"_":"このアカウントを削除すると、関連付けられたカレンダーと予定のローカルコピーも削除されます。"},"sync-frequency":{"_":"カレンダーの同期"},"sync-frequency-manual":{"textContent":"手動設定"},"sync-frequency-15min":{"textContent":"15分"},"sync-frequency-30min":{"textContent":"30分"},"sync-frequency-hourly":{"textContent":"1時間"},"none":{"_":"なし"},"remind-me":{"_":"アラーム通知する"},"from-time":{"_":"開始日: "},"to-time":{"_":"終了日: "},"alarm-at-event-standard":{"_":"予定時刻に通知"},"alarm-at-event-allday":{"_":"予定日に通知"},"alarm-start-notice":{"_":"{{title}} の開始予定まであと {{distance}}"},"alarm-started-notice":{"_":"{{title}} の開始予定から {{distance}} 経過"},"minutes-before":{"_":"{[ plural(value) ]}","_[zero]":"0分前","_[one]":"1分前","_[two]":"{{value}}分前","_[few]":"{{value}}分前","_[many]":"{{value}}分前","_[other]":"{{value}}分前"},"hours-before":{"_":"{[ plural(value) ]}","_[zero]":"0時間前","_[one]":"1時間前","_[two]":"{{value}}時間前","_[few]":"{{value}}時間前","_[many]":"{{value}}時間前","_[other]":"{{value}}時間前"},"days-before":{"_":"{[ plural(value) ]}","_[zero]":"0日前","_[one]":"1日前","_[two]":"{{value}}日前","_[few]":"{{value}}日前","_[many]":"{{value}}日前","_[other]":"{{value}}日前"},"weeks-before":{"_":"{[ plural(value) ]}","_[zero]":"0週間前","_[one]":"1週間前","_[two]":"{{value}}週間前","_[few]":"{{value}}週間前","_[many]":"{{value}}週間前","_[other]":"{{value}}週間前"},"months-before":{"_":"{[ plural(value) ]}","_[zero]":"0か月前","_[one]":"1か月前","_[two]":"{{value}}か月前","_[few]":"{{value}}か月前","_[many]":"{{value}}か月前","_[other]":"{{value}}か月前"},"years-before":{"_":"{[ plural(value) ]}","_[zero]":"0年前","_[one]":"1年前","_[two]":"{{value}}年前","_[few]":"{{value}}年前","_[many]":"{{value}}年前","_[other]":"{{value}}年前"},"minutes-after":{"_":"{[ plural(value) ]}","_[zero]":"0分後","_[one]":"1分後","_[two]":"{{value}}分後","_[few]":"{{value}}分後","_[many]":"{{value}}分後","_[other]":"{{value}}分後"},"hours-after":{"_":"{[ plural(value) ]}","_[zero]":"0時間後","_[one]":"1時間後","_[two]":"{{value}}時間後","_[few]":"{{value}}時間後","_[many]":"{{value}}時間後","_[other]":"{{value}}時間後"},"days-after":{"_":"{[ plural(value) ]}","_[zero]":"0日後","_[one]":"1日後","_[two]":"{{value}}日後","_[few]":"{{value}}日後","_[many]":"{{value}}日後","_[other]":"{{value}}日後"},"weeks-after":{"_":"{[ plural(value) ]}","_[zero]":"0週間後","_[one]":"1週間後","_[two]":"{{value}}週間後","_[few]":"{{value}}週間後","_[many]":"{{value}}週間後","_[other]":"{{value}}週間後"},"months-after":{"_":"{[ plural(value) ]}","_[zero]":"0か月後","_[one]":"1か月後","_[two]":"{{value}}か月後","_[few]":"{{value}}か月後","_[many]":"{{value}}か月後","_[other]":"{{value}}か月後"},"years-after":{"_":"{[ plural(value) ]}","_[zero]":"0年後","_[one]":"1年後","_[two]":"{{value}}年後","_[few]":"{{value}}年後","_[many]":"{{value}}年後","_[other]":"{{value}}年後"},"hour-format":{"_":"%p%I時"},"hour-allday":{"_":"終日"},"month-view-header-format":{"_":"%Y年%B"},"multi-month-view-header-format":{"_":"%Y年%B～"},"day-view-header-format":{"_":"%B%e日 %A"},"error-start-after-end":{"_":"終了日時は開始日時より後に設定してください。"},"error-unauthenticated":{"_":"ログインまたはパスワードの入力に誤りがあります。"},"error-no-url":{"_":"接続がありません。Wi-Fi の接続状態を確認して再度試してください。"},"error-internal-server-error":{"_":"サーバエラーが発生しました。ログイン状態を確認して再度試してください。"},"error-default":{"_":"エラーが発生しました。後で再度試してください。"},"error-offline":{"_":"接続がありません。ネットワーク設定を確認して再度試してください。"},"error-account-exist":{"_":"このアカウントは既に設定されています。"},"notification-error-sync-title":{"_":"カレンダー同期エラー"},"notification-error-sync-description":{"_":"タップして情報を見る"},"weekday-0-long":{"_":"日曜日"},"weekday-1-long":{"_":"月曜日"},"weekday-2-long":{"_":"火曜日"},"weekday-3-long":{"_":"水曜日"},"weekday-4-long":{"_":"木曜日"},"weekday-5-long":{"_":"金曜日"},"weekday-6-long":{"_":"土曜日"},"weekday-0-short":{"_":"日"},"weekday-1-short":{"_":"月"},"weekday-2-short":{"_":"火"},"weekday-3-short":{"_":"水"},"weekday-4-short":{"_":"木"},"weekday-5-short":{"_":"金"},"weekday-6-short":{"_":"土"},"month-0-long":{"_":"1月"},"month-1-long":{"_":"2月"},"month-2-long":{"_":"3月"},"month-3-long":{"_":"4月"},"month-4-long":{"_":"5月"},"month-5-long":{"_":"6月"},"month-6-long":{"_":"7月"},"month-7-long":{"_":"8月"},"month-8-long":{"_":"9月"},"month-9-long":{"_":"10月"},"month-10-long":{"_":"11月"},"month-11-long":{"_":"12月"},"month-0-genitive":{"_":"1月"},"month-1-genitive":{"_":"2月"},"month-2-genitive":{"_":"3月"},"month-3-genitive":{"_":"4月"},"month-4-genitive":{"_":"5月"},"month-5-genitive":{"_":"6月"},"month-6-genitive":{"_":"7月"},"month-7-genitive":{"_":"8月"},"month-8-genitive":{"_":"9月"},"month-9-genitive":{"_":"10月"},"month-10-genitive":{"_":"11月"},"month-11-genitive":{"_":"12月"},"month-0-short":{"_":"1月"},"month-1-short":{"_":"2月"},"month-2-short":{"_":"3月"},"month-3-short":{"_":"4月"},"month-4-short":{"_":"5月"},"month-5-short":{"_":"6月"},"month-6-short":{"_":"7月"},"month-7-short":{"_":"8月"},"month-8-short":{"_":"9月"},"month-9-short":{"_":"10月"},"month-10-short":{"_":"11月"},"month-11-short":{"_":"12月"},"minutes-ago-long":{"_":"{[ plural(value) ]}","_[zero]":"現在","_[one]":"1分前","_[two]":"{{value}}分前","_[few]":"{{value}}分前","_[many]":"{{value}}分前","_[other]":"{{value}}分前"},"hours-ago-long":{"_":"{[ plural(value) ]}","_[zero]":"現在","_[one]":"1時間前","_[two]":"{{value}}時間前","_[few]":"{{value}}時間前","_[many]":"{{value}}時間前","_[other]":"{{value}}時間前"},"days-ago-long":{"_":"{[ plural(value) ]}","_[zero]":"今日","_[one]":"昨日","_[two]":"{{value}}日前","_[few]":"{{value}}日前","_[many]":"{{value}}日前","_[other]":"{{value}}日前"},"weeks-ago-long":{"_":"{[ plural(value) ]}","_[zero]":"今週","_[one]":"先週","_[two]":"{{value}}週間前","_[few]":"{{value}}週間前","_[many]":"{{value}}週間前","_[other]":"{{value}}週間前"},"months-ago-long":{"_":"{[ plural(value) ]}","_[zero]":"今月","_[one]":"先月","_[two]":"{{value}}か月前","_[few]":"{{value}}か月前","_[many]":"{{value}}か月前","_[other]":"{{value}}か月前"},"years-ago-long":{"_":"{[ plural(value) ]}","_[zero]":"今年","_[one]":"昨年","_[two]":"{{value}}年前","_[few]":"{{value}}年前","_[many]":"{{value}}年前","_[other]":"{{value}}年前"},"minutes-until-long":{"_":"{[ plural(value) ]}","_[zero]":"現在","_[one]":"1分後","_[two]":"{{value}}分後","_[few]":"{{value}}分後","_[many]":"{{value}}分後","_[other]":"{{value}}分後"},"hours-until-long":{"_":"{[ plural(value) ]}","_[zero]":"現在","_[one]":"1時間後","_[two]":"{{value}}時間後","_[few]":"{{value}}時間後","_[many]":"{{value}}時間後","_[other]":"{{value}}時間後"},"days-until-long":{"_":"{[ plural(value) ]}","_[zero]":"今日","_[one]":"明日","_[two]":"{{value}}日後","_[few]":"{{value}}日後","_[many]":"{{value}}日後","_[other]":"{{value}}日後"},"weeks-until-long":{"_":"{[ plural(value) ]}","_[zero]":"今週","_[one]":"来週","_[two]":"{{value}}週間後","_[few]":"{{value}}週間後","_[many]":"{{value}}週間後","_[other]":"{{value}}週間後"},"months-until-long":{"_":"{[ plural(value) ]}","_[zero]":"今月","_[one]":"来月","_[two]":"{{value}}か月後","_[few]":"{{value}}か月後","_[many]":"{{value}}か月後","_[other]":"{{value}}か月後"},"years-until-long":{"_":"{[ plural(value) ]}","_[zero]":"今年","_[one]":"来年","_[two]":"{{value}}年後","_[few]":"{{value}}年後","_[many]":"{{value}}年後","_[other]":"{{value}}年後"},"minutes-ago-short":{"_":"{[ plural(value) ]}","_[zero]":"今","_[other]":"{{value}}分前"},"hours-ago-short":{"_":"{[ plural(value) ]}","_[zero]":"今","_[other]":"{{value}}時間前"},"days-ago-short":{"_":"{[ plural(value) ]}","_[zero]":"今日","_[other]":"{{value}}日前"},"minutes-until-short":{"_":"{[ plural(value) ]}","_[zero]":"今","_[other]":"{{value}}分後"},"hours-until-short":{"_":"{[ plural(value) ]}","_[zero]":"今","_[other]":"{{value}}時間後"},"days-until-short":{"_":"{[ plural(value) ]}","_[zero]":"今日","_[other]":"{{value}}日後"},"incorrectDate":{"_":"(日付が不正です)"},"dateTimeFormat_%c":{"_":"%Y年%b%e日(%a) %I:%M:%S %p"},"dateTimeFormat_%x":{"_":"%Y/%m/%d"},"dateTimeFormat_%X":{"_":"%I:%M:%S %p"},"shortTimeFormat":{"_":"%I:%M %p"},"shortDateTimeFormat":{"_":"%x %I:%M %p"},"weekStartsOnMonday":{"_":"0"},"time_am":{"_":"午前"},"time_pm":{"_":"午後"}}