{"back":{"_":"ថយក្រោយ"},"save":{"_":"រក្សា​​ទុក"},"hide":{"_":"លាក់"},"cancel":{"_":"បោះបង់"},"confirm":{"_":"បញ្ជាក់"},"done":{"_":"រួចរាល់"},"events":{"_":"ព្រឹត្តិការណ៍"},"edit":{"_":"កែសម្រួល"},"allday-events":{"_":"ព្រឹត្តិការណ៍​​ពេញ​មួយ​ថ្ងៃ"},"hint-swipe-action":{"_":"អូស"},"hint-swipe-to-navigate":{"_":"ដើម្បី​រកមើល​កាលបរិច្ឆេទ​ប្រតិទិន។"},"show-today":{"_":"ថ្ងៃ​នេះ"},"show-month-view":{"_":"ខែ"},"show-week-view":{"_":"សប្ដាហ៍"},"show-day-view":{"_":"ថ្ងៃ"},"settings-show":{"_":"ការ​កំណត់"},"settings-hide":{"_":"លាក់​ការ​កំណត់"},"add-account":{"_":"បន្ថែម​គណនី"},"new-event":{"_":"បន្ថែម​ព្រឹត្តិការណ៍"},"add-event-header":{"_":"ព្រឹត្តិការណ៍"},"account-header":{"_":"គណនី"},"account-list-header":{"_":"គណនី"},"settings-header":{"_":"ប្រតិទិន"},"advanced-settings":{"_":"ការ​កំណត់​ប្រតិទិន"},"advanced-settings-header":{"_":"ការ​កំណត់​ប្រតិទិន"},"advanced-settings-personalization":{"_":"កំណត់​លក្ខណៈ​ផ្ទាល់ខ្លួន"},"advanced-settings-reminders":{"_":"កម្មវិធី​រំលឹក"},"field-user":{"placeholder":"ឈ្មោះ​អ្នក​ប្រើ"},"field-password":{"placeholder":"ពាក្យ​សម្ងាត់"},"field-full-url":{"placeholder":"URL"},"modify-account-setting-up":{"_":"សូម​រង់ចាំ​​ខណៈ​ពេល​​​កំពុង​​រៀបចំ​​​គណនី​របស់​អ្នក​"},"modify-account-unable-to-sync":{"_":"មិន​អាច​ធ្វើ​សមកាលកម្ម"},"modify-account-sign-in":{"_":"ចូល"},"preset-caldav":{"_":"CalDav"},"preset-yahoo":{"_":"Yahoo!"},"preset-google":{"_":"Google"},"preset-local":{"_":"ប្រតិទិន​​ពេល​គ្មាន​អ៊ីនធឺណិត"},"preset-mozilla":{"_":"Mozilla ស៊ីមប្រា"},"calendar-local":{"_":"ប្រតិទិន​ពេល​​គ្មាន​អ៊ីនធឺណិត"},"event-title":{"placeholder":"ចំណង​ជើង"},"event-location":{"placeholder":"ឯណា?"},"event-description":{"placeholder":"ចំណាំ"},"event-is-allday":{"_":"ព្រឹត្តិការណ៍​មួយ​ថ្ងៃ​ពេញ?"},"event-start-date":{"placeholder":"កាលបរិច្ឆេទ​ចាប់ផ្តើម"},"event-end-date":{"placeholder":"កាលបរិច្ឆេទ​បញ្ចប់"},"event-start-time":{"placeholder":"ម៉ោង​ចាប់ផ្ដើម"},"event-end-time":{"placeholder":"ម៉ោង​បញ្ចប់"},"event-delete":{"_":"លុប​ព្រឹត្តិការណ៍"},"remove-account-data":{"_":"លុប​ទិន្នន័យ​ក្នុង​​មូលដ្ឋាន"},"remove-account-dialog":{"_":"យក​គណនី​ចេញ"},"remove-account-dialog-details":{"_":"ការ​យក​គណនី​នេះ​ចេញ​​ក៏​នឹង​លុប​​ច្បាប់​ចម្លង​​ប្រតិទិន និង​ព្រឹត្តិការណ៍​ដែល​ទាក់ទង​ក្នុង​​ម៉ាស៊ីន​​របស់​អ្នក​ដែរ។"},"sync-frequency":{"_":"ធ្វើ​សមកាល​ប្រតិទិន"},"sync-frequency-manual":{"textContent":"ដោយ​ដៃ"},"sync-frequency-15min":{"textContent":"15 នាទី"},"sync-frequency-30min":{"textContent":"30 នាទី"},"sync-frequency-hourly":{"textContent":"រាល់​ម៉ោង"},"none":{"_":"គ្មាន"},"remind-me":{"_":"រំលឹក​ខ្ញុំ"},"from-time":{"_":"ពី: "},"to-time":{"_":"ទៅ: "},"alarm-at-event-standard":{"_":"នៅ​អំឡុង​ពេល​ព្រឹត្តិការណ៍"},"alarm-at-event-allday":{"_":"នៅ​ថ្ងៃ​ព្រឹត្តិការណ៍"},"alarm-start-notice":{"_":"{{title}}ចាប់ផ្ដើម​នៅ {{distance}}"},"alarm-started-notice":{"_":"{{title}} ចាប់ផ្ដើម {{distance}}"},"minutes-before":{"_":"{[ plural(value) ]}","_[zero]":"0 នាទី​មុន","_[one]":"1 នាទី​មុន","_[two]":"{{value}} នាទី​មុន","_[few]":"{{value}} នាទី​មុន","_[many]":"{{value}} នាទី​មុន","_[other]":"{{value}} នាទី​មុន"},"hours-before":{"_":"{[ plural(value) ]}","_[zero]":"0 ម៉ោង​មុន","_[one]":"1 ម៉ោង​មុន","_[two]":"{{value}} ម៉ោង​មុន","_[few]":"{{value}} ម៉ោង​មុន","_[many]":"{{value}} ម៉ោង​មុន","_[other]":"{{value}} hours before"},"days-before":{"_":"{[ plural(value) ]}","_[zero]":"0 ថ្ងៃ​មុន","_[one]":"1 ថ្ងៃ​មុន","_[two]":"{{value}} ថ្ងៃ​មុន","_[few]":"{{value}} ថ្ងៃ​មុន","_[many]":"{{value}} ថ្ងៃ​មុន","_[other]":"{{value}} ថ្ងៃ​​មុន"},"weeks-before":{"_":"{[ plural(value) ]}","_[zero]":"0 សប្ដាហ៍​មុន","_[one]":"1 សប្ដាហ៍​មុន","_[two]":"{{value}} សប្ដាហ៍​មុន","_[few]":"{{value}} សប្ដាហ៍​មុន","_[many]":"{{value}} សប្ដាហ៍​មុន","_[other]":"{{value}} សប្ដាហ៍​មុន"},"months-before":{"_":"{[ plural(value) ]}","_[zero]":"0 ខែ​មុន","_[one]":"1 ខែ​មុន","_[two]":"{{value}} ខែ​មុន","_[few]":"{{value}} ខែ​មុន","_[many]":"{{value}} ខែ​មុន","_[other]":"{{value}} ខែ​មុន"},"years-before":{"_":"{[ plural(value) ]}","_[zero]":"0 ឆ្នាំ​មុន","_[one]":"1 ឆ្នាំ​មុន","_[two]":"{{value}} ឆ្នាំ​មុន","_[few]":"{{value}} ឆ្នាំ​មុន","_[many]":"{{value}} ឆ្នាំ​មុន","_[other]":"{{value}} ឆ្នាំ​មុន"},"minutes-after":{"_":"{[ plural(value) ]}","_[zero]":"0 នាទី​ក្រោយ","_[one]":"1 នាទី​ក្រោយ","_[two]":"{{value}} នាទី​ក្រោយ","_[few]":"{{value}} នាទី​ក្រោយ","_[many]":"{{value}} នាទី​​ក្រោយ","_[other]":"{{value}} នាទី​ក្រោយ"},"hours-after":{"_":"{[ plural(value) ]}","_[zero]":"0 ម៉ោង​ក្រោយ","_[one]":"1 ម៉ោង​ក្រោយ","_[two]":"{{value}} ម៉ោង​ក្រោយ","_[few]":"{{value}} ម៉ោង​ក្រោយ","_[many]":"{{value}} ម៉ោង​ក្រោយ","_[other]":"{{value}} ម៉ោង​ក្រោយ"},"days-after":{"_":"{[ plural(value) ]}","_[zero]":"0 ថ្ងៃ​ក្រោយ","_[one]":"1 ថ្ងៃ​ក្រោយ","_[two]":"{{value}} ថ្ងៃ​ក្រោយ","_[few]":"{{value}} ថ្ងៃ​ក្រោយ","_[many]":"{{value}} ថ្ងៃ​ក្រោយ","_[other]":"{{value}} ថ្ងៃ​ក្រោយ"},"weeks-after":{"_":"{[ plural(value) ]}","_[zero]":"0 សប្ដាហ៍​ក្រោយ","_[one]":"1 សប្ដាហ៍​ក្រោយ","_[two]":"{{value}} សប្ដាហ៍​ក្រោយ","_[few]":"{{value}} សប្ដាហ៍​ក្រោយ","_[many]":"{{value}} សប្ដាហ៍​ក្រោយ","_[other]":"{{value}} សប្ដាហ៍​ក្រោយ"},"months-after":{"_":"{[ plural(value) ]}","_[zero]":"0 ខែ​ក្រោយ","_[one]":"1 ខែ​ក្រោយ","_[two]":"{{value}} ខែ​ក្រោយ","_[few]":"{{value}} ខែ​​ក្រោយ","_[many]":"{{value}} ខែ​​ក្រោយ","_[other]":"{{value}} ខែ​​ក្រោយ"},"years-after":{"_":"{[ plural(value) ]}","_[zero]":"0 ឆ្នាំ​ក្រោយ","_[one]":"1 ឆ្នាំ​ក្រោយ","_[two]":"{{value}} ឆ្នាំ​ក្រោយ","_[few]":"{{value}} ឆ្នាំ​ក្រោយ","_[many]":"{{value}} ឆ្នាំ​ក្រោយ","_[other]":"{{value}} ឆ្នាំ​ក្រោយ"},"hour-format":{"_":"%I %p"},"hour-allday":{"_":"ពេញ​មួយ​ថ្ងៃ"},"month-view-header-format":{"_":"%B %Y"},"multi-month-view-header-format":{"_":"%b %Y"},"day-view-header-format":{"_":"%b %e, %A"},"error-start-after-end":{"_":"កាលបរិច្ឆេទ​បញ្ចប់​ត្រូវតែ​នៅ​បន្ទាប់​កាលបរិច្ឆេទ​ចាប់ផ្ដើម"},"error-unauthenticated":{"_":"កាល​ចូល និង/ឬ​ពាក្យ​សម្ងាត់​​ខុស"},"error-no-url":{"_":"No connection. Check your Wi-Fi and try again."},"error-internal-server-error":{"_":"កំហុស​ម៉ាស៊ីនមេ។ ពិនិត្យ​​​ការ​ចូល​របស់​អ្នក និង​ព្យាយាម​ម្ដង​ទៀត។"},"error-default":{"_":"មាន​អ្វី​មួយ​ខុស។ ព្យាយាម​ម្ដង​ទៀត​ពេល​ក្រោយ។"},"error-offline":{"_":"មិន​មាន​​​អ៊ីនធឺណិត។ សូម​ពិនិត្យមើល​ការ​កំណត់​រចនាសម្ព័ន្ធ​​បណ្ដាញ​របស់​អ្នក និង​​ព្យាយាម​ម្ដងទៀត ។"},"error-account-exist":{"_":"គណនី​នេះ​មាន​រួច​ហើយ។"},"notification-error-sync-title":{"_":"កំហុស​ធ្វើ​សមកាល​កម្ម​ប្រតិទិន"},"notification-error-sync-description":{"_":"ចុច​​មើល​​ព័ត៌មាន​បន្ថែម"},"weekday-0-long":{"_":"អាទិត្យ"},"weekday-1-long":{"_":"ច័ន្ទ"},"weekday-2-long":{"_":"អង្គារ"},"weekday-3-long":{"_":"ពុធ"},"weekday-4-long":{"_":"ព្រហស្បតិ៍"},"weekday-5-long":{"_":"សុក្រ"},"weekday-6-long":{"_":"សៅរ៍"},"weekday-0-short":{"_":"អាទិត្យ"},"weekday-1-short":{"_":"ច័ន្ទ"},"weekday-2-short":{"_":"អង្គារ"},"weekday-3-short":{"_":"ពុធ"},"weekday-4-short":{"_":"ព្រហស្បតិ៍"},"weekday-5-short":{"_":"សុក្រ"},"weekday-6-short":{"_":"សៅរ៍"},"month-0-long":{"_":"មករា"},"month-1-long":{"_":"កុម្ភៈ"},"month-2-long":{"_":"មីនា"},"month-3-long":{"_":"មេសា"},"month-4-long":{"_":"ឧសភា"},"month-5-long":{"_":"មិថុនា"},"month-6-long":{"_":"កក្កដា"},"month-7-long":{"_":"សីហា"},"month-8-long":{"_":"កញ្ញា"},"month-9-long":{"_":"តុលា"},"month-10-long":{"_":"វិច្ឆិកា"},"month-11-long":{"_":"ធ្នូ"},"month-0-genitive":{"_":"មករា"},"month-1-genitive":{"_":"កុម្ភៈ"},"month-2-genitive":{"_":"មីនា"},"month-3-genitive":{"_":"មេសា"},"month-4-genitive":{"_":"ឧសភា"},"month-5-genitive":{"_":"មិថុនា"},"month-6-genitive":{"_":"កក្កដា"},"month-7-genitive":{"_":"សីហា"},"month-8-genitive":{"_":"កញ្ញា"},"month-9-genitive":{"_":"តុលា"},"month-10-genitive":{"_":"វិច្ឆិកា"},"month-11-genitive":{"_":"ធ្នូ"},"month-0-short":{"_":"មករា"},"month-1-short":{"_":"កុម្ភៈ"},"month-2-short":{"_":"មីនា"},"month-3-short":{"_":"មេសា"},"month-4-short":{"_":"ឧសភា"},"month-5-short":{"_":"មិថុនា"},"month-6-short":{"_":"កក្កដា"},"month-7-short":{"_":"សីហា"},"month-8-short":{"_":"កញ្ញា"},"month-9-short":{"_":"តុលា"},"month-10-short":{"_":"វិច្ឆិកា"},"month-11-short":{"_":"ធ្នូ"},"minutes-ago-long":{"_":"{[ plural(value) ]}","_[zero]":"អម្បាញ់មិញនេះ","_[one]":"មួយ​នាទី​មុន","_[two]":"{{value}} នាទី​មុន","_[few]":"{{value}} នាទី​មុន","_[many]":"{{value}} នាទី​មុន","_[other]":"{{value}} នាទី​មុន"},"hours-ago-long":{"_":"{[ plural(value) ]}","_[zero]":"អម្បាញ់មិញនេះ","_[one]":"មួយ​ម៉ោង​មុន","_[two]":"{{value}} ម៉ោង​មុន","_[few]":"{{value}} ម៉ោង​មុន","_[many]":"{{value}} ម៉ោង​មុន","_[other]":"{{value}} ម៉ោង​មុន"},"days-ago-long":{"_":"{[ plural(value) ]}","_[zero]":"ថ្ងៃ​នេះ","_[one]":"ម្សិលមិញ","_[two]":"{{value}} ថ្ងៃ​មុន","_[few]":"{{value}} ថ្ងៃ​មុន","_[many]":"{{value}} ថ្ងៃ​មុន","_[other]":"{{value}} ថ្ងៃ​មុន"},"weeks-ago-long":{"_":"{[ plural(value) ]}","_[zero]":"សប្ដាហ៍​នេះ","_[one]":"សប្ដាហ៍​មុន","_[two]":"{{value}} សប្ដាហ៍​មុន","_[few]":"{{value}} សប្ដាហ៍​មុន","_[many]":"{{value}} សប្ដាហ៍​មុន","_[other]":"{{value}} សប្ដាហ៍​មុន"},"months-ago-long":{"_":"{[ plural(value) ]}","_[zero]":"ខែ​នេះ","_[one]":"ខែ​មុន","_[two]":"{{value}} ខែ​មុន","_[few]":"{{value}} ខែ​មុន","_[many]":"{{value}} ខែ​មុន","_[other]":"{{value}} ខែ​មុន"},"years-ago-long":{"_":"{[ plural(value) ]}","_[zero]":"ឆ្នាំនេះ","_[one]":"ឆ្នាំ​មុន","_[two]":"{{value}} ឆ្នាំ​មុន","_[few]":"{{value}} ឆ្នាំ​មុន","_[many]":"{{value}} ឆ្នាំ​មុន","_[other]":"{{value}} ឆ្នាំ​មុន"},"minutes-until-long":{"_":"{[ plural(value) ]}","_[zero]":"ឥឡូវ","_[one]":"ក្នុង​ពេល​មួយ​នាទី","_[two]":"ក្នុង​ពេល {{value}} នាទី","_[few]":"ក្នុង​ពេល {{value}} នាទី","_[many]":"ក្នុង​ពេល​ {{value}} នាទី​","_[other]":"ក្នុង​ពេល {{value}} នាទី"},"hours-until-long":{"_":"{[ plural(value) ]}","_[zero]":"ឥឡូវ","_[one]":"ក្នុង​រយៈពេល​១​ម៉ោង","_[two]":"ក្នុង​ពេល​​ {{value}} ម៉ោង","_[few]":"ក្នុង​ពេល​​ {{value}} ម៉ោង","_[many]":"ក្នុង​ពេល​​ {{value}} ម៉ោង","_[other]":"ក្នុង​ពេល​​ {{value}} ម៉ោង"},"days-until-long":{"_":"{[ plural(value) ]}","_[zero]":"ថ្ងៃ​នេះ","_[one]":"ថ្ងៃស្អែក","_[two]":"ក្នុង​ពេល​​ {{value}} ថ្ងៃ","_[few]":"ក្នុង​ពេល​​ {{value}} ថ្ងៃ","_[many]":"ក្នុង​ពេល​​ {{value}} ថ្ងៃ","_[other]":"ក្នុង​ពេល​​ {{value}} ថ្ងៃ"},"weeks-until-long":{"_":"{[ plural(value) ]}","_[zero]":"សប្ដាហ៍​នេះ","_[one]":"សប្ដាហ៍​ក្រោយ","_[two]":"ក្នុង​ពេល {{value}} សប្ដាហ៍","_[few]":"ក្នុង​ពេល {{value}} សប្ដាហ៍","_[many]":"ក្នុង​ពេល {{value}} សប្ដាហ៍","_[other]":"ក្នុង​ពេល {{value}} សប្ដាហ៍"},"months-until-long":{"_":"{[ plural(value) ]}","_[zero]":"ខែ​នេះ","_[one]":"ខែ​ក្រោយ","_[two]":"ក្នុង​ពេល {{value}} ខែ","_[few]":"ក្នុង​ពេល {{value}} ខែ","_[many]":"ក្នុង​ពេល {{value}} ខែ","_[other]":"ក្នុង​ពេល {{value}} ខែ"},"years-until-long":{"_":"{[ plural(value) ]}","_[zero]":"ឆ្នាំនេះ","_[one]":"ឆ្នាំ​ក្រោយ","_[two]":"ក្នុង​ពេល {{value}} ឆ្នាំ","_[few]":"ក្នុង​ពេល {{value}} ឆ្នាំ","_[many]":"ក្នុង​ពេល {{value}} ឆ្នាំ","_[other]":"ក្នុង​ពេល {{value}} ឆ្នាំ"},"minutes-ago-short":{"_":"{[ plural(value) ]}","_[zero]":"អម្បាញ់មិញនេះ","_[other]":"{{value}}នាទី​មុន"},"hours-ago-short":{"_":"{[ plural(value) ]}","_[zero]":"អម្បាញ់មិញនេះ","_[other]":"{{value}}ម៉ោង​មុន"},"days-ago-short":{"_":"{[ plural(value) ]}","_[zero]":"ថ្ងៃ​នេះ","_[other]":"{{value}}ថ្ងៃ​មុន"},"minutes-until-short":{"_":"{[ plural(value) ]}","_[zero]":"ឥឡូវ","_[other]":"ក្នុង​ពេល {{value}}នាទី"},"hours-until-short":{"_":"{[ plural(value) ]}","_[zero]":"ឥឡូវ","_[other]":"ក្នុង​ពេល {{value}}ម៉ោង"},"days-until-short":{"_":"{[ plural(value) ]}","_[zero]":"ថ្ងៃ​នេះ","_[other]":"ក្នុង​ពេល {{value}}ថ្ងៃ"},"incorrectDate":{"_":"(កាលបរិច្ឆេទ​មិន​ត្រឹមត្រូវ)"},"dateTimeFormat_%c":{"_":"%a %b %e %Y %I:%M:%S %p"},"dateTimeFormat_%x":{"_":"%m/%d/%Y"},"dateTimeFormat_%X":{"_":"%I:%M:%S %p"},"shortTimeFormat":{"_":"%I:%M %p"},"shortDateTimeFormat":{"_":"%x %I:%M %p"},"weekStartsOnMonday":{"_":"0"},"time_am":{"_":"ព្រឹក"},"time_pm":{"_":"PM"}}