{"back":{"_":"뒤로"},"save":{"_":"저장"},"hide":{"_":"숨기기"},"cancel":{"_":"취소"},"confirm":{"_":"확인"},"done":{"_":"완료"},"events":{"_":"일정"},"edit":{"_":"수정"},"allday-events":{"_":"전체 일정"},"hint-swipe-action":{"_":"옆으로 밀기"},"hint-swipe-to-navigate":{"_":"캘린더의 날짜를 이동합니다."},"show-today":{"_":"오늘"},"show-month-view":{"_":"월간"},"show-week-view":{"_":"주간"},"show-day-view":{"_":"일간"},"settings-show":{"_":"설정"},"settings-hide":{"_":"설정 숨기기"},"add-account":{"_":"계정 추가"},"new-event":{"_":"일정 추가"},"add-event-header":{"_":"일정"},"account-header":{"_":"계정"},"account-list-header":{"_":"계정 모음"},"settings-header":{"_":"캘린더"},"advanced-settings":{"_":"캘린더 설정"},"advanced-settings-header":{"_":"캘린더 설정"},"advanced-settings-personalization":{"_":"개인화"},"advanced-settings-reminders":{"_":"알림"},"field-user":{"placeholder":"사용자명"},"field-password":{"placeholder":"암호"},"field-full-url":{"placeholder":"URL"},"modify-account-setting-up":{"_":"계정이 설정되는 동안 기다려 주십시오."},"modify-account-unable-to-sync":{"_":"동기화 비활성화"},"modify-account-sign-in":{"_":"로그인"},"preset-caldav":{"_":"CalDav"},"preset-yahoo":{"_":"Yahoo!"},"preset-google":{"_":"Google"},"preset-local":{"_":"오프라인 캘린더"},"preset-mozilla":{"_":"Mozilla Zimbra"},"calendar-local":{"_":"오프라인 캘린더"},"event-title":{"placeholder":"제목"},"event-location":{"placeholder":"장소"},"event-description":{"placeholder":"메모"},"event-is-allday":{"_":"종일"},"event-start-date":{"placeholder":"시작일"},"event-end-date":{"placeholder":"종료일"},"event-start-time":{"placeholder":"시작 시간"},"event-end-time":{"placeholder":"종료 시간"},"event-delete":{"_":"일정 삭제"},"remove-account-data":{"_":"로컬 데이터 삭제"},"remove-account-dialog":{"_":"계정 삭제"},"remove-account-dialog-details":{"_":"이 계정을 삭제하면 로컬에 복사되어 있는 연결된 캘린더와 일정도 같이 삭제됩니다."},"sync-frequency":{"_":"동기화 주기"},"sync-frequency-manual":{"textContent":"수동으로"},"sync-frequency-15min":{"textContent":"15분"},"sync-frequency-30min":{"textContent":"30분"},"sync-frequency-hourly":{"textContent":"매 시간마다"},"none":{"_":"안함"},"remind-me":{"_":"미리 알림 설정"},"from-time":{"_":"시작 시간: "},"to-time":{"_":"종료 시간: "},"alarm-at-event-standard":{"_":"시작 시간"},"alarm-at-event-allday":{"_":"시작 일"},"alarm-start-notice":{"_":"{{title}} {{distance}} 시작"},"alarm-started-notice":{"_":"{{title}} {{distance}} 시작됨"},"minutes-before":{"_":"{[ plural(value) ]}","_[zero]":"0 분 전","_[one]":"1분 전","_[two]":"{{value}}분 전","_[few]":"{{value}}분 전","_[many]":"{{value}}분 전","_[other]":"{{value}}분 전"},"hours-before":{"_":"{[ plural(value) ]}","_[zero]":"0 시간 전","_[one]":"한 시간 전","_[two]":"{{value}}시간 전","_[few]":"{{value}}시간 전","_[many]":"{{value}}시간 전","_[other]":"{{value}}시간 전"},"days-before":{"_":"{[ plural(value) ]}","_[zero]":"0 일 전","_[one]":"하루 전","_[two]":"{{value}}일 전","_[few]":"{{value}}일 전","_[many]":"{{value}}일 전","_[other]":"{{value}}일 전"},"weeks-before":{"_":"{[ plural(value) ]}","_[zero]":"0주 전","_[one]":"한주 전","_[two]":"{{value}}주 전","_[few]":"{{value}}주 전","_[many]":"{{value}}주 전","_[other]":"{{value}}주 전"},"months-before":{"_":"{[ plural(value) ]}","_[zero]":"0개월 전","_[one]":"1개월 전","_[two]":"{{value}}개월 전","_[few]":"{{value}}개월 전","_[many]":"{{value}}개월 전","_[other]":"{{value}}개월 전"},"years-before":{"_":"{[ plural(value) ]}","_[zero]":"0년 전","_[one]":"1년 전","_[two]":"{{value}}년 전","_[few]":"{{value}}년 전","_[many]":"{{value}}년 전","_[other]":"{{value}}년 전"},"minutes-after":{"_":"{[ plural(value) ]}","_[zero]":"0분 후","_[one]":"1분 후","_[two]":"{{value}}분 후","_[few]":"{{value}}분 후","_[many]":"{{value}}분 후","_[other]":"{{value}}분 후"},"hours-after":{"_":"{[ plural(value) ]}","_[zero]":"0시간 후","_[one]":"한시간 후","_[two]":"{{value}}시간 후","_[few]":"{{value}}시간 후","_[many]":"{{value}}시간 후","_[other]":"{{value}}시간 후"},"days-after":{"_":"{[ plural(value) ]}","_[zero]":"0일 후","_[one]":"하루 후","_[two]":"{{value}}일 후","_[few]":"{{value}}일 후","_[many]":"{{value}}일 후","_[other]":"{{value}}일 후"},"weeks-after":{"_":"{[ plural(value) ]}","_[zero]":"0주 후","_[one]":"한주 후","_[two]":"{{value}}주 후","_[few]":"{{value}}주 후","_[many]":"{{value}}주 후","_[other]":"{{value}}주 후"},"months-after":{"_":"{[ plural(value) ]}","_[zero]":"0개월 후","_[one]":"1개월 후","_[two]":"{{value}}개월 후","_[few]":"{{value}}개월 후","_[many]":"{{value}}개월 후","_[other]":"{{value}}개월 후"},"years-after":{"_":"{[ plural(value) ]}","_[zero]":"0년 후","_[one]":"1년 후","_[two]":"{{value}}년 후","_[few]":"{{value}}년 후","_[many]":"{{value}}년 후","_[other]":"{{value}}년 후"},"hour-format":{"_":"%I %p"},"hour-allday":{"_":"종일"},"month-view-header-format":{"_":"%Y년 %B"},"multi-month-view-header-format":{"_":"%Y년 %b"},"day-view-header-format":{"_":"%B %e일 %A"},"error-start-after-end":{"_":"종료일은 시작일보다 나중이어야 함"},"error-unauthenticated":{"_":"잘못된 아이디나 암호"},"error-no-url":{"_":"연결할 수 없습니다. Wi-Fi를 확인하고 다시 시도해 보십시오."},"error-internal-server-error":{"_":"내부 서버 오류입니다. 로그인을 확인하고 다시 시도해 보십시오."},"error-default":{"_":"알 수 없는 오류입니다. 나중에 다시 시도해 보십시오."},"error-offline":{"_":"연결된 네트워크가 없습니다. 네트워크 설정을 확인해 보시고 다시 시도해 보십시오."},"error-account-exist":{"_":"이 계정은 이미 존재합니다."},"notification-error-sync-title":{"_":"캘린더 동기화 오류"},"notification-error-sync-description":{"_":"더 알아보시려면 여기를 탭하십시오"},"weekday-0-long":{"_":"일요일"},"weekday-1-long":{"_":"월요일"},"weekday-2-long":{"_":"화요일"},"weekday-3-long":{"_":"수요일"},"weekday-4-long":{"_":"목요일"},"weekday-5-long":{"_":"금요일"},"weekday-6-long":{"_":"토요일"},"weekday-0-short":{"_":"일"},"weekday-1-short":{"_":"월"},"weekday-2-short":{"_":"화"},"weekday-3-short":{"_":"수"},"weekday-4-short":{"_":"목"},"weekday-5-short":{"_":"금"},"weekday-6-short":{"_":"토"},"month-0-long":{"_":"1월"},"month-1-long":{"_":"2월"},"month-2-long":{"_":"3월"},"month-3-long":{"_":"4월"},"month-4-long":{"_":"5월"},"month-5-long":{"_":"6월"},"month-6-long":{"_":"7월"},"month-7-long":{"_":"8월"},"month-8-long":{"_":"9월"},"month-9-long":{"_":"10월"},"month-10-long":{"_":"11월"},"month-11-long":{"_":"12월"},"month-0-genitive":{"_":"1월"},"month-1-genitive":{"_":"2월"},"month-2-genitive":{"_":"3월"},"month-3-genitive":{"_":"4월"},"month-4-genitive":{"_":"5월"},"month-5-genitive":{"_":"6월"},"month-6-genitive":{"_":"7월"},"month-7-genitive":{"_":"8월"},"month-8-genitive":{"_":"9월"},"month-9-genitive":{"_":"10월"},"month-10-genitive":{"_":"11월"},"month-11-genitive":{"_":"12월"},"month-0-short":{"_":"1월"},"month-1-short":{"_":"2월"},"month-2-short":{"_":"3월"},"month-3-short":{"_":"4월"},"month-4-short":{"_":"5월"},"month-5-short":{"_":"6월"},"month-6-short":{"_":"7월"},"month-7-short":{"_":"8월"},"month-8-short":{"_":"9월"},"month-9-short":{"_":"10월"},"month-10-short":{"_":"11월"},"month-11-short":{"_":"12월"},"minutes-ago-long":{"_":"{[ plural(value) ]}","_[zero]":"지금","_[one]":"1분 전","_[two]":"{{value}}분 전","_[few]":"{{value}}분 전","_[many]":"{{value}}분 전","_[other]":"{{value}}분 전"},"hours-ago-long":{"_":"{[ plural(value) ]}","_[zero]":"지금","_[one]":"1시간 전","_[two]":"{{value}}시간 전","_[few]":"{{value}}시간 전","_[many]":"{{value}}시간 전","_[other]":"{{value}}시간 전"},"days-ago-long":{"_":"{[ plural(value) ]}","_[zero]":"오늘","_[one]":"어제","_[two]":"{{value}}일 전","_[few]":"{{value}}일 전","_[many]":"{{value}}일 전","_[other]":"{{value}}일 전"},"weeks-ago-long":{"_":"{[ plural(value) ]}","_[zero]":"이번 주","_[one]":"지난 주","_[two]":"{{value}}주 전","_[few]":"{{value}}주 전","_[many]":"{{value}}주 전","_[other]":"{{value}}주 전"},"months-ago-long":{"_":"{[ plural(value) ]}","_[zero]":"이번 달","_[one]":"지난 달","_[two]":"{{value}}개월 전","_[few]":"{{value}}개월 전","_[many]":"{{value}}개월 전","_[other]":"{{value}}개월 전"},"years-ago-long":{"_":"{[ plural(value) ]}","_[zero]":"올해","_[one]":"작년","_[two]":"{{value}}년 전","_[few]":"{{value}}년 전","_[many]":"{{value}}년 전","_[other]":"{{value}}년 전"},"minutes-until-long":{"_":"{[ plural(value) ]}","_[zero]":"지금","_[one]":"1분 후","_[two]":"{{value}}분 후","_[few]":"{{value}}분 후","_[many]":"{{value}}분 후","_[other]":"{{value}}분 후"},"hours-until-long":{"_":"{[ plural(value) ]}","_[zero]":"지금","_[one]":"한 시간 후","_[two]":"{{value}}시간 후","_[few]":"{{value}}시간 후","_[many]":"{{value}}시간 후","_[other]":"{{value}}시간 후"},"days-until-long":{"_":"{[ plural(value) ]}","_[zero]":"오늘","_[one]":"내일","_[two]":"{{value}}일 후","_[few]":"{{value}}일 후","_[many]":"{{value}}일 후","_[other]":"{{value}}일 후"},"weeks-until-long":{"_":"{[ plural(value) ]}","_[zero]":"이번 주","_[one]":"다음 주","_[two]":"{{value}}주 후","_[few]":"{{value}}주 후","_[many]":"{{value}}주 후","_[other]":"{{value}}주 후"},"months-until-long":{"_":"{[ plural(value) ]}","_[zero]":"이번 달","_[one]":"다음 달","_[two]":"{{value}}개월 후","_[few]":"{{value}}개월 후","_[many]":"{{value}}개월 후","_[other]":"{{value}}개월 후"},"years-until-long":{"_":"{[ plural(value) ]}","_[zero]":"올해","_[one]":"내년","_[two]":"{{value}}년 후","_[few]":"{{value}}년 후","_[many]":"{{value}}년 후","_[other]":"{{value}}년 후"},"minutes-ago-short":{"_":"{[ plural(value) ]}","_[zero]":"지금","_[other]":"{{value}}분 전"},"hours-ago-short":{"_":"{[ plural(value) ]}","_[zero]":"지금","_[other]":"{{value}}시간 전"},"days-ago-short":{"_":"{[ plural(value) ]}","_[zero]":"오늘","_[other]":"{{value}}일 전"},"minutes-until-short":{"_":"{[ plural(value) ]}","_[zero]":"지금","_[other]":"{{value}}분 후"},"hours-until-short":{"_":"{[ plural(value) ]}","_[zero]":"지금","_[other]":"{{value}}시간 후"},"days-until-short":{"_":"{[ plural(value) ]}","_[zero]":"오늘","_[other]":"{{value}}일 후"},"incorrectDate":{"_":"(잘못된 날짜)"},"dateTimeFormat_%c":{"_":"%Y년 %B %e일 %a %I:%M:%S %p"},"dateTimeFormat_%x":{"_":"%Y/%m/%d"},"dateTimeFormat_%X":{"_":"%I:%M:%S %p"},"shortTimeFormat":{"_":"%I:%M %p"},"shortDateTimeFormat":{"_":"%x %I:%M %p"},"weekStartsOnMonday":{"_":"0"},"time_am":{"_":"오전"},"time_pm":{"_":"오후"}}