{"back":{"_":"Atgal"},"save":{"_":"Įrašyti"},"hide":{"_":"Nerodyti"},"cancel":{"_":"Atsisakyti"},"confirm":{"_":"Patvirtinti"},"done":{"_":"Baigta"},"events":{"_":"Įvykiai"},"edit":{"_":"Taisyti"},"allday-events":{"_":"Visos dienos įvykiai"},"hint-swipe-action":{"_":"Braukite"},"hint-swipe-to-navigate":{"_":"per ekraną, kai norėsite pereiti į kitą datą."},"show-today":{"_":"Šiandiena"},"show-month-view":{"_":"Mėnuo"},"show-week-view":{"_":"Savaitė"},"show-day-view":{"_":"Diena"},"settings-show":{"_":"Nuostatos"},"settings-hide":{"_":"Slėpti nuostatas"},"add-account":{"_":"Pridėti paskyrą"},"new-event":{"_":"Pridėti įvykį"},"add-event-header":{"_":"Įvykis"},"account-header":{"_":"Paskyra"},"account-list-header":{"_":"Paskyros"},"settings-header":{"_":"Kalendorius"},"advanced-settings":{"_":"Kalendoriaus nuostatos"},"advanced-settings-header":{"_":"Kal. nuostatos"},"advanced-settings-personalization":{"_":"Individualizavimas"},"advanced-settings-reminders":{"_":"Priminimai"},"field-user":{"placeholder":"Abonento vardas"},"field-password":{"placeholder":"Slaptažodis"},"field-full-url":{"placeholder":"URL adresas"},"modify-account-setting-up":{"_":"Luktelėkite, kol paskyra bus sukonfigūruota"},"modify-account-unable-to-sync":{"_":"Sinchronizuotis nepavyko"},"modify-account-sign-in":{"_":"Prisijungti"},"preset-caldav":{"_":"CalDav"},"preset-yahoo":{"_":"Yahoo!"},"preset-google":{"_":"Google"},"preset-local":{"_":"Vietinis kalendorius"},"preset-mozilla":{"_":"Mozilla Zimbra"},"calendar-local":{"_":"Vietinis kalendorius"},"event-title":{"placeholder":"Pavadinimas"},"event-location":{"placeholder":"Vieta"},"event-description":{"placeholder":"Pastabos"},"event-is-allday":{"_":"Visos dienos įvykis?"},"event-start-date":{"placeholder":"Pradžios data"},"event-end-date":{"placeholder":"Pabaigos data"},"event-start-time":{"placeholder":"Pradžios laikas"},"event-end-time":{"placeholder":"Pabaigos laikas"},"event-delete":{"_":"Šalinti įvykį"},"remove-account-data":{"_":"Pašalinti vietinius duomenis"},"remove-account-dialog":{"_":"Paskyros šalinimas"},"remove-account-dialog-details":{"_":"Pašalinus šią paskyrą, bus pašalintos ir vietinės su ja susietų kalendorių bei įvykių kopijos."},"sync-frequency":{"_":"Kalendoriaus sinchronizavimas"},"sync-frequency-manual":{"textContent":"rankiniu būdu"},"sync-frequency-15min":{"textContent":"kas 15 minučių"},"sync-frequency-30min":{"textContent":"kas 30 minučių"},"sync-frequency-hourly":{"textContent":"kas valandą"},"none":{"_":"Nepriminti"},"remind-me":{"_":"Priminimai"},"from-time":{"_":"Nuo: "},"to-time":{"_":"Kam: "},"alarm-at-event-standard":{"_":"atėjus įvykio laikui"},"alarm-at-event-allday":{"_":"atėjus įvykio dienai"},"alarm-start-notice":{"_":"{{title}} prasideda {{distance}}"},"alarm-started-notice":{"_":"{{title}} prasidėjo {{distance}}"},"minutes-before":{"_":"{[ plural(value) ]}","_[zero]":"prieš 0 minučių","_[one]":"prieš {{value}} minutę","_[two]":"prieš {{value}} minutes","_[few]":"prieš {{value}} minutes","_[many]":"prieš {{value}} minučių","_[other]":"prieš {{value}} minučių"},"hours-before":{"_":"{[ plural(value) ]}","_[zero]":"prieš 0 valandų","_[one]":"prieš {{value}} valandą","_[two]":"prieš {{value}} valandas","_[few]":"prieš {{value}} valandas","_[many]":"prieš {{value}} valandų","_[other]":"prieš {{value}} valandų"},"days-before":{"_":"{[ plural(value) ]}","_[zero]":"prieš 0 dienų","_[one]":"prieš {{value}} dieną","_[two]":"prieš {{value}} dienas","_[few]":"prieš {{value}} dienas","_[many]":"prieš {{value}} dienų","_[other]":"prieš {{value}} dienų"},"weeks-before":{"_":"{[ plural(value) ]}","_[zero]":"prieš 0 savaičių","_[one]":"prieš {{value}} savaitę","_[two]":"prieš {{value}} savaites","_[few]":"prieš {{value}} savaites","_[many]":"prieš {{value}} savaičių","_[other]":"prieš {{value}} savaičių"},"months-before":{"_":"{[ plural(value) ]}","_[zero]":"prieš 0 mėnesių","_[one]":"prieš {{value}} mėnesį","_[two]":"prieš {{value}} mėnesius","_[few]":"prieš {{value}} mėnesius","_[many]":"prieš {{value}} mėnesių","_[other]":"prieš {{value}} mėnesių"},"years-before":{"_":"{[ plural(value) ]}","_[zero]":"prieš 0 metų","_[one]":"prieš {{value}} metus","_[two]":"prieš {{value}} metus","_[few]":"prieš {{value}} metus","_[many]":"prieš {{value}} metų","_[other]":"prieš {{value}} metų"},"minutes-after":{"_":"{[ plural(value) ]}","_[zero]":"po 0 minučių","_[one]":"po {{value}} minutės","_[two]":"po {{value}} minučių","_[few]":"po {{value}} minučių","_[many]":"po {{value}} minučių","_[other]":"po {{value}} minučių"},"hours-after":{"_":"{[ plural(value) ]}","_[zero]":"po 0 valandų","_[one]":"po {{value}} valandos","_[two]":"po {{value}} valandų","_[few]":"po {{value}} valandų","_[many]":"po {{value}} valandų","_[other]":"po {{value}} valandų"},"days-after":{"_":"{[ plural(value) ]}","_[zero]":"po 0 dienų","_[one]":"po {{value}} dienos","_[two]":"po {{value}} dienų","_[few]":"po {{value}} dienų","_[many]":"po {{value}} dienų","_[other]":"po {{value}} dienų"},"weeks-after":{"_":"{[ plural(value) ]}","_[zero]":"po 0 savaičių","_[one]":"po {{value}} savaitės","_[two]":"po {{value}} savaičių","_[few]":"po {{value}} savaičių","_[many]":"po {{value}} savaičių","_[other]":"po {{value}} savaičių"},"months-after":{"_":"{[ plural(value) ]}","_[zero]":"po 0 mėnesių","_[one]":"po {{value}} mėnesio","_[two]":"po {{value}} mėnesių","_[few]":"po {{value}} mėnesių","_[many]":"po {{value}} mėnesių","_[other]":"po {{value}} mėnesių"},"years-after":{"_":"{[ plural(value) ]}","_[zero]":"po 0 metų","_[one]":"po {{value}} metų","_[two]":"po {{value}} metų","_[few]":"po {{value}} metų","_[many]":"po {{value}} metų","_[other]":"po {{value}} metų"},"hour-format":{"_":"%H"},"hour-allday":{"_":"Visą dieną"},"month-view-header-format":{"_":"%Y m. %B"},"multi-month-view-header-format":{"_":"%Y %b"},"day-view-header-format":{"_":"%b %e, %A"},"error-start-after-end":{"_":"Pabaigos data turi būti vėlesnė nei pradžios"},"error-unauthenticated":{"_":"Neteisingas abonento vardas ir (arba) slaptažodis"},"error-no-url":{"_":"Nėra ryšio. Įsitikinkite, jog esate prisijungę prie tinklo ir bandykite dar kartą."},"error-internal-server-error":{"_":"Serverio klaida. Patikrinkite prisijungimo duomenis ir bandykite dar kartą."},"error-default":{"_":"Kažkas nutiko ne taip, kaip turėtų. Vėliau pabandykite dar kartą."},"error-offline":{"_":"Nėra ryšio. Patikrinkite tinklo parametrus ir bandykite dar kartą."},"error-account-exist":{"_":"Tokia paskyra jau egzistuoja."},"notification-error-sync-title":{"_":"Kalendoriaus sinchronizavimo klaida"},"notification-error-sync-description":{"_":"Bakstelėkite išsamesnei informacijai gauti"},"weekday-0-long":{"_":"Sekmadienis"},"weekday-1-long":{"_":"Pirmadienis"},"weekday-2-long":{"_":"Antradienis"},"weekday-3-long":{"_":"Trečiadienis"},"weekday-4-long":{"_":"Ketvirtadienis"},"weekday-5-long":{"_":"Penktadienis"},"weekday-6-long":{"_":"Šeštadienis"},"weekday-0-short":{"_":"Sk"},"weekday-1-short":{"_":"Pr"},"weekday-2-short":{"_":"An"},"weekday-3-short":{"_":"Tr"},"weekday-4-short":{"_":"Kt"},"weekday-5-short":{"_":"Pn"},"weekday-6-short":{"_":"Št"},"month-0-long":{"_":"sausis"},"month-1-long":{"_":"vasaris"},"month-2-long":{"_":"kovas"},"month-3-long":{"_":"balandis"},"month-4-long":{"_":"gegužė"},"month-5-long":{"_":"birželis"},"month-6-long":{"_":"liepa"},"month-7-long":{"_":"rugpjūtis"},"month-8-long":{"_":"rugsėjis"},"month-9-long":{"_":"spalis"},"month-10-long":{"_":"lapkritis"},"month-11-long":{"_":"gruodis"},"month-0-genitive":{"_":"sausio"},"month-1-genitive":{"_":"vasario"},"month-2-genitive":{"_":"kovo"},"month-3-genitive":{"_":"balandžio"},"month-4-genitive":{"_":"gegužės"},"month-5-genitive":{"_":"birželio"},"month-6-genitive":{"_":"liepos"},"month-7-genitive":{"_":"rugpjūčio"},"month-8-genitive":{"_":"rugsėjo"},"month-9-genitive":{"_":"spalio"},"month-10-genitive":{"_":"lapkričio"},"month-11-genitive":{"_":"gruodžio"},"month-0-short":{"_":"Sau"},"month-1-short":{"_":"Vas"},"month-2-short":{"_":"Kov"},"month-3-short":{"_":"Bal"},"month-4-short":{"_":"Geg"},"month-5-short":{"_":"Bir"},"month-6-short":{"_":"Lie"},"month-7-short":{"_":"Rgp"},"month-8-short":{"_":"Rgs"},"month-9-short":{"_":"Spa"},"month-10-short":{"_":"Lap"},"month-11-short":{"_":"Grd"},"minutes-ago-long":{"_":"{[ plural(value) ]}","_[zero]":"ką tik","_[one]":"prieš {{value}} minutę","_[two]":"prieš {{value}} minutes","_[few]":"prieš {{value}} minutes","_[many]":"prieš {{value}} minučių","_[other]":"prieš {{value}} minučių"},"hours-ago-long":{"_":"{[ plural(value) ]}","_[zero]":"ką tik","_[one]":"prieš {{value}} valandą","_[two]":"prieš {{value}} valandas","_[few]":"prieš {{value}} valandas","_[many]":"prieš {{value}} valandų","_[other]":"prieš {{value}} valandų"},"days-ago-long":{"_":"{[ plural(value) ]}","_[zero]":"šiandien","_[one]":"vakar","_[two]":"prieš {{value}} dienas","_[few]":"prieš {{value}} dienas","_[many]":"prieš {{value}} dienų","_[other]":"prieš {{value}} dienų"},"weeks-ago-long":{"_":"{[ plural(value) ]}","_[zero]":"šią savaitę","_[one]":"praėjusią savaitę","_[two]":"prieš {{value}} savaites","_[few]":"prieš {{value}} savaites","_[many]":"prieš {{value}} savaičių","_[other]":"prieš {{value}} savaičių"},"months-ago-long":{"_":"{[ plural(value) ]}","_[zero]":"šį mėnesį","_[one]":"praėjusį mėnesį","_[two]":"prieš {{value}} mėnesius","_[few]":"prieš {{value}} mėnesius","_[many]":"prieš {{value}} mėnesių","_[other]":"prieš {{value}} mėnesių"},"years-ago-long":{"_":"{[ plural(value) ]}","_[zero]":"šiemet","_[one]":"prieš {{value}} metus","_[two]":"prieš {{value}} metus","_[few]":"prieš {{value}} metus","_[many]":"prieš {{value}} metų","_[other]":"prieš {{value}} metų"},"minutes-until-long":{"_":"{[ plural(value) ]}","_[zero]":"dabar","_[one]":"už {{value}} minutės","_[two]":"už {{value}} minučių","_[few]":"už {{value}} minučių","_[many]":"už {{value}} minučių","_[other]":"už {{value}} minučių"},"hours-until-long":{"_":"{[ plural(value) ]}","_[zero]":"dabar","_[one]":"už {{value}} valandos","_[two]":"už {{value}} valandų","_[few]":"už {{value}} valandų","_[many]":"už {{value}} valandų","_[other]":"už {{value}} valandų"},"days-until-long":{"_":"{[ plural(value) ]}","_[zero]":"šiandien","_[one]":"rytoj","_[two]":"už {{value}} dienų","_[few]":"už {{value}} dienų","_[many]":"už {{value}} dienų","_[other]":"už {{value}} dienų"},"weeks-until-long":{"_":"{[ plural(value) ]}","_[zero]":"šią savaitę","_[one]":"kitą savaitę","_[two]":"už {{value}} savaičių","_[few]":"už {{value}} savaičių","_[many]":"už {{value}} savaičių","_[other]":"už {{value}} savaičių"},"months-until-long":{"_":"{[ plural(value) ]}","_[zero]":"šį mėnesį","_[one]":"kitą mėnesį","_[two]":"už {{value}} mėnesių","_[few]":"už {{value}} mėnesių","_[many]":"už {{value}} mėnesių","_[other]":"už {{value}} mėnesių"},"years-until-long":{"_":"{[ plural(value) ]}","_[zero]":"šiemet","_[one]":"kitais metais","_[two]":"už {{value}} metų","_[few]":"už {{value}} metų","_[many]":"už {{value}} metų","_[other]":"už {{value}} metų"},"minutes-ago-short":{"_":"{[ plural(value) ]}","_[zero]":"ką tik","_[other]":"prieš {{value}} min."},"hours-ago-short":{"_":"{[ plural(value) ]}","_[zero]":"ką tik","_[other]":"prieš {{value}} val."},"days-ago-short":{"_":"{[ plural(value) ]}","_[zero]":"šiandien","_[other]":"prieš {{value}} d."},"minutes-until-short":{"_":"{[ plural(value) ]}","_[zero]":"dabar","_[other]":"už {{value}} min."},"hours-until-short":{"_":"{[ plural(value) ]}","_[zero]":"dabar","_[other]":"už {{value}} val."},"days-until-short":{"_":"{[ plural(value) ]}","_[zero]":"šiandien","_[other]":"už {{value}} d."},"incorrectDate":{"_":"(negalima data)"},"dateTimeFormat_%c":{"_":"%Y m. %Eb %e d. %H:%M:%S"},"dateTimeFormat_%x":{"_":"%Y-%m-%d"},"dateTimeFormat_%X":{"_":"%H:%M:%S"},"shortTimeFormat":{"_":"%H:%M"},"shortDateTimeFormat":{"_":"%x %H:%M"},"weekStartsOnMonday":{"_":"1"},"time_am":{"_":"priešpiet"},"time_pm":{"_":"popiet"}}