{"back":{"_":"Назад"},"save":{"_":"Сними"},"hide":{"_":"Скриј"},"cancel":{"_":"Откажи"},"confirm":{"_":"Потврди"},"done":{"_":"Заврши"},"events":{"_":"Настани"},"edit":{"_":"Уреди"},"allday-events":{"_":"Целодневни настани"},"hint-swipe-action":{"_":"Влечете"},"hint-swipe-to-navigate":{"_":"за да се движите низ датумите."},"show-today":{"_":"Денес"},"show-month-view":{"_":"Месец"},"show-week-view":{"_":"Недела"},"show-day-view":{"_":"Ден"},"settings-show":{"_":"Поставки"},"settings-hide":{"_":"Скриј поставки"},"add-account":{"_":"Додај сметка"},"new-event":{"_":"Додај настан"},"add-event-header":{"_":"Настан"},"account-header":{"_":"Сметка"},"account-list-header":{"_":"Сметки"},"settings-header":{"_":"Календари"},"advanced-settings":{"_":"Поставки за календар"},"advanced-settings-header":{"_":"Поставки за календар"},"advanced-settings-personalization":{"_":"Персонализација"},"advanced-settings-reminders":{"_":"Потсетници"},"field-user":{"placeholder":"Корисничко име"},"field-password":{"placeholder":"Лозинка"},"field-full-url":{"placeholder":"URL"},"modify-account-setting-up":{"_":"Почекајте додека се поставува Вашата сметка"},"modify-account-unable-to-sync":{"_":"Не може да се синхронизира"},"modify-account-sign-in":{"_":"Пријави се"},"preset-caldav":{"_":"CalDav"},"preset-yahoo":{"_":"Yahoo!"},"preset-google":{"_":"Google"},"preset-local":{"_":"Локален календар"},"preset-mozilla":{"_":"Mozilla Zimbra"},"calendar-local":{"_":"Локален календар"},"event-title":{"placeholder":"Наслов"},"event-location":{"placeholder":"Каде?"},"event-description":{"placeholder":"Белешки"},"event-is-allday":{"_":"Целодневен настан"},"event-start-date":{"placeholder":"Почнува на"},"event-end-date":{"placeholder":"Завршува на"},"event-start-time":{"placeholder":"Почнува во"},"event-end-time":{"placeholder":"Завршува во"},"event-delete":{"_":"Избриши го настанот"},"remove-account-data":{"_":"Отстрани ги локалните податоци"},"remove-account-dialog":{"_":"Отстрани ја сметката"},"remove-account-dialog-details":{"_":"Отстранувањето на оваа сметка исто така ќе ја отстрани локалната копија од поврзаните календари и настани."},"sync-frequency":{"_":"Синхронизирање на календарот"},"sync-frequency-manual":{"textContent":"Рачно"},"sync-frequency-15min":{"textContent":"15 мин"},"sync-frequency-30min":{"textContent":"30 мин"},"sync-frequency-hourly":{"textContent":"Секој час"},"none":{"_":"Нема"},"remind-me":{"_":"Потсети ме"},"from-time":{"_":"Од:"},"to-time":{"_":"До:"},"alarm-at-event-standard":{"_":"Во времето на настанот"},"alarm-at-event-allday":{"_":"На денот на настанот"},"alarm-start-notice":{"_":"{{title}} почнува {{distance}}"},"alarm-started-notice":{"_":"{{title}} почна {{distance}}"},"minutes-before":{"_":"{[ plural(value) ]}","_[zero]":"0 минути претходно","_[one]":"1 минута претходно","_[two]":"{{value}} минути претходно","_[few]":"{{value}} минути претходно","_[many]":"{{value}} минути претходно","_[other]":"{{value}} минути претходно"},"hours-before":{"_":"{[ plural(value) ]}","_[zero]":"0 часови претходно","_[one]":"1 час претходно","_[two]":"{{value}} часа претходно","_[few]":"{{value}} часа претходно","_[many]":"{{value}} часа претходно","_[other]":"{{value}} часа претходно"},"days-before":{"_":"{[ plural(value) ]}","_[zero]":"0 денови претходно","_[one]":"1 ден претходно","_[two]":"{{value}} дена претходно","_[few]":"{{value}} дена претходно","_[many]":"{{value}} дена претходно","_[other]":"{{value}} дена претходно"},"weeks-before":{"_":"{[ plural(value) ]}","_[zero]":"0 недели претходно","_[one]":"1 недела претходно","_[two]":"{{value}} недели претходно","_[few]":"{{value}} недели претходно","_[many]":"{{value}} недели претходно","_[other]":"{{value}} недели претходно"},"months-before":{"_":"{[ plural(value) ]}","_[zero]":"0 месеци претходно","_[one]":"1 месец претходно","_[two]":"{{value}} месеци претходно","_[few]":"{{value}} месеци претходно","_[many]":"{{value}} месеци претходно","_[other]":"{{value}} месеци претходно"},"years-before":{"_":"{[ plural(value) ]}","_[zero]":"0 години претходно","_[one]":"1 година претходно","_[two]":"{{value}} години претходно","_[few]":"{{value}} години претходно","_[many]":"{{value}} години претходно","_[other]":"{{value}} години претходно"},"minutes-after":{"_":"{[ plural(value) ]}","_[zero]":"сега","_[one]":"за 1 минута","_[two]":"за {{value}} минути","_[few]":"за {{value}} минути","_[many]":"за {{value}} минути","_[other]":"за {{value}} минути"},"hours-after":{"_":"{[ plural(value) ]}","_[zero]":"сега","_[one]":"за 1 час","_[two]":"за {{value}} часа","_[few]":"за {{value}} часа","_[many]":"за {{value}} часови","_[other]":"за {{value}} часови"},"days-after":{"_":"{[ plural(value) ]}","_[zero]":"денес","_[one]":"утре","_[two]":"за {{value}} дена","_[few]":"за {{value}} дена","_[many]":"за {{value}} денови","_[other]":"за {{value}} денови"},"weeks-after":{"_":"{[ plural(value) ]}","_[zero]":"оваа седмица","_[one]":"следната седмици","_[two]":"за {{value}} седмици","_[few]":"за {{value}} седмици","_[many]":"за {{value}} седмици","_[other]":"за {{value}} седмици"},"months-after":{"_":"{[ plural(value) ]}","_[zero]":"овој месец","_[one]":"следниот месец","_[two]":"за {{value}} месеци","_[few]":"за {{value}} месеци","_[many]":"за {{value}} месеци","_[other]":"за {{value}} месеци"},"years-after":{"_":"{[ plural(value) ]}","_[zero]":"оваа година","_[one]":"следната година","_[two]":"за {{value}} години","_[few]":"за {{value}} години","_[many]":"за {{value}} години","_[other]":"за {{value}} години"},"hour-format":{"_":"%I %p"},"hour-allday":{"_":"Цел ден"},"month-view-header-format":{"_":"%B %Y"},"multi-month-view-header-format":{"_":"%b %Y"},"day-view-header-format":{"_":"%A %e %B"},"error-start-after-end":{"_":"Датумот на завршување мора да биде по датумот на почеток"},"error-unauthenticated":{"_":"Погрешно корисничко име или лозинка"},"error-no-url":{"_":"Нема интернет врска. Проверете го Вашето Wi-Fi и обидете се повторно."},"error-internal-server-error":{"_":"Грешка на серверот. Проверете го Вашето корисничко име или лозинка и обидете се повторно."},"error-default":{"_":"Нешто е погрешно. Обидете се повторно подоцна."},"error-offline":{"_":"Нема интернет врска. Проверете ја Вашата мрежна врска и обидете се повторно."},"error-account-exist":{"_":"Оваа сметка веќе постои."},"notification-error-sync-title":{"_":"Грешка во синхронизирањето на календарот"},"notification-error-sync-description":{"_":"Притиснете за повеќе информации"},"weekday-0-long":{"_":"Недела"},"weekday-1-long":{"_":"Понеделник"},"weekday-2-long":{"_":"Вторник"},"weekday-3-long":{"_":"Среда"},"weekday-4-long":{"_":"Четврток"},"weekday-5-long":{"_":"Петок"},"weekday-6-long":{"_":"Сабота"},"weekday-0-short":{"_":"Нед"},"weekday-1-short":{"_":"Пон"},"weekday-2-short":{"_":"Вто"},"weekday-3-short":{"_":"Сре"},"weekday-4-short":{"_":"Чет"},"weekday-5-short":{"_":"Пет"},"weekday-6-short":{"_":"Саб"},"month-0-long":{"_":"јануари"},"month-1-long":{"_":"февруари"},"month-2-long":{"_":"март"},"month-3-long":{"_":"април"},"month-4-long":{"_":"мај"},"month-5-long":{"_":"јуни"},"month-6-long":{"_":"јули"},"month-7-long":{"_":"август"},"month-8-long":{"_":"септември"},"month-9-long":{"_":"октомври"},"month-10-long":{"_":"ноември"},"month-11-long":{"_":"декември"},"month-0-genitive":{"_":"јануари"},"month-1-genitive":{"_":"февруари"},"month-2-genitive":{"_":"март"},"month-3-genitive":{"_":"април"},"month-4-genitive":{"_":"мај"},"month-5-genitive":{"_":"јуни"},"month-6-genitive":{"_":"јули"},"month-7-genitive":{"_":"август"},"month-8-genitive":{"_":"септември"},"month-9-genitive":{"_":"октомври"},"month-10-genitive":{"_":"ноември"},"month-11-genitive":{"_":"декември"},"month-0-short":{"_":"јан"},"month-1-short":{"_":"фев"},"month-2-short":{"_":"мар"},"month-3-short":{"_":"апр"},"month-4-short":{"_":"мај"},"month-5-short":{"_":"јун"},"month-6-short":{"_":"јул"},"month-7-short":{"_":"авг"},"month-8-short":{"_":"сеп"},"month-9-short":{"_":"окт"},"month-10-short":{"_":"ное"},"month-11-short":{"_":"дек"},"minutes-ago-long":{"_":"{[ plural(value) ]}","_[zero]":"сега","_[one]":"пред една минута","_[two]":"пред {{value}} минути","_[few]":"пред {{value}} минути","_[many]":"пред {{value}} минути","_[other]":"пред {{value}} минути"},"hours-ago-long":{"_":"{[ plural(value) ]}","_[zero]":"сега","_[one]":"пред еден час","_[two]":"пред {{value}} часа","_[few]":"пред {{value}} часа","_[many]":"пред {{value}} часови","_[other]":"пред {{value}} часови"},"days-ago-long":{"_":"{[ plural(value) ]}","_[zero]":"денес","_[one]":"вчера","_[two]":"пред {{value}} дена","_[few]":"пред {{value}} дена","_[many]":"пред {{value}} денови","_[other]":"пред {{value}} денови"},"weeks-ago-long":{"_":"{[ plural(value) ]}","_[zero]":"оваа недела","_[one]":"минатата недела","_[two]":"пред {{value}} недели","_[few]":"пред {{value}} недели","_[many]":"пред {{value}} недели","_[other]":"пред {{value}} недели"},"months-ago-long":{"_":"{[ plural(value) ]}","_[zero]":"овој месец","_[one]":"минатиот месец","_[two]":"пред {{value}} месеци","_[few]":"пред {{value}} месеци","_[many]":"пред {{value}} месеци","_[other]":"пред {{value}} месеци"},"years-ago-long":{"_":"{[ plural(value) ]}","_[zero]":"оваа година","_[one]":"минатата година","_[two]":"пред {{value}} години","_[few]":"пред {{value}} години","_[many]":"пред {{value}} години","_[other]":"пред {{value}} години"},"minutes-until-long":{"_":"{[ plural(value) ]}","_[zero]":"сега","_[one]":"за една минута","_[two]":"за {{value}} минути","_[few]":"за {{value}} минути","_[many]":"за {{value}} минути","_[other]":"за {{value}} минути"},"hours-until-long":{"_":"{[ plural(value) ]}","_[zero]":"сега","_[one]":"за еден час","_[two]":"за {{value}} часа","_[few]":"за {{value}} часа","_[many]":"за {{value}} часови","_[other]":"за {{value}} часови"},"days-until-long":{"_":"{[ plural(value) ]}","_[zero]":"денес","_[one]":"утре","_[two]":"за {{value}} дена","_[few]":"за {{value}} дена","_[many]":"за {{value}} денови","_[other]":"за {{value}} денови"},"weeks-until-long":{"_":"{[ plural(value) ]}","_[zero]":"оваа седмица","_[one]":"следната седмица","_[two]":"за {{value}} седмици","_[few]":"за {{value}} седмици","_[many]":"за {{value}} седмици","_[other]":"за {{value}} седмици"},"months-until-long":{"_":"{[ plural(value) ]}","_[zero]":"овој месец","_[one]":"следниот месец","_[two]":"за {{value}} месеци","_[few]":"за {{value}} месеци","_[many]":"за {{value}} месеци","_[other]":"за {{value}} месеци"},"years-until-long":{"_":"{[ plural(value) ]}","_[zero]":"оваа година","_[one]":"следната година","_[two]":"за {{value}} години","_[few]":"за {{value}} години","_[many]":"за {{value}} години","_[other]":"за {{value}} години"},"minutes-ago-short":{"_":"{[ plural(value) ]}","_[zero]":"сега","_[other]":"пред {{value}}m"},"hours-ago-short":{"_":"{[ plural(value) ]}","_[zero]":"сега","_[other]":"пред {{value}}h"},"days-ago-short":{"_":"{[ plural(value) ]}","_[zero]":"денес","_[other]":"пред {{value}}d"},"minutes-until-short":{"_":"{[ plural(value) ]}","_[zero]":"сега","_[other]":"за {{value}}m"},"hours-until-short":{"_":"{[ plural(value) ]}","_[zero]":"сега","_[other]":"за {{value}}h"},"days-until-short":{"_":"{[ plural(value) ]}","_[zero]":"денес","_[other]":"за {{value}}d"},"incorrectDate":{"_":"(неточен датум)"},"dateTimeFormat_%c":{"_":"%a %b %e %Y %H:%M:%S"},"dateTimeFormat_%x":{"_":"%d/%m/%Y"},"dateTimeFormat_%X":{"_":"%H:%M:%S"},"shortTimeFormat":{"_":"%H:%M"},"shortDateTimeFormat":{"_":"%x %H:%M"},"weekStartsOnMonday":{"_":"1"},"time_am":{"_":"AM"},"time_pm":{"_":"PM"}}