{"back":{"_":"Undur"},"save":{"_":"Simpan"},"hide":{"_":"Sembunyi"},"cancel":{"_":"Batal"},"confirm":{"_":"Pasti"},"done":{"_":"Selesai"},"events":{"_":"Acara"},"edit":{"_":"Sunting"},"allday-events":{"_":"Acara Sepanjang Hari"},"hint-swipe-action":{"_":"Leret"},"hint-swipe-to-navigate":{"_":"untuk navigasi antara tarikh kalendar."},"show-today":{"_":"Hari ini"},"show-month-view":{"_":"Bulan"},"show-week-view":{"_":"Minggu"},"show-day-view":{"_":"Hari"},"settings-show":{"_":"Tetapan"},"settings-hide":{"_":"Sembunyi tetapan"},"add-account":{"_":"Tambah akaun"},"new-event":{"_":"Tambah acara"},"add-event-header":{"_":"Acara"},"account-header":{"_":"Akaun"},"account-list-header":{"_":"Akaun"},"settings-header":{"_":"Kalendar"},"advanced-settings":{"_":"Tetapan kalendar"},"advanced-settings-header":{"_":"Tetapan Kalendar"},"advanced-settings-personalization":{"_":"Personalisasi"},"advanced-settings-reminders":{"_":"Peringatan"},"field-user":{"placeholder":"Nama pengguna"},"field-password":{"placeholder":"Kata laluan"},"field-full-url":{"placeholder":"URL"},"modify-account-setting-up":{"_":"Sila tunggu sementara akaun anda ditetapkan"},"modify-account-unable-to-sync":{"_":"Tidak dapat disync"},"modify-account-sign-in":{"_":"Daftar masuk"},"preset-caldav":{"_":"CalDav"},"preset-yahoo":{"_":"Yahoo!"},"preset-google":{"_":"Google"},"preset-local":{"_":"Kalendar luar talian"},"preset-mozilla":{"_":"Mozilla Zimbra"},"calendar-local":{"_":"Kalendar luar talian"},"event-title":{"placeholder":"Tajuk"},"event-location":{"placeholder":"Dimana?"},"event-description":{"placeholder":"Nota"},"event-is-allday":{"_":"Acara sepanjang hari?"},"event-start-date":{"placeholder":"Tarikh mula"},"event-end-date":{"placeholder":"Tarikh akhir"},"event-start-time":{"placeholder":"Masa mula"},"event-end-time":{"placeholder":"Masa akhir"},"event-delete":{"_":"Hapus acara"},"remove-account-data":{"_":"Hapus data tempatan"},"remove-account-dialog":{"_":"Hapus akaun"},"remove-account-dialog-details":{"_":"Menghapus akaun ini juga akan membuang salinan tempatan andayang berkaitan dengan kalendar dan acara."},"sync-frequency":{"_":"Sync Kalendar"},"sync-frequency-manual":{"textContent":"Secara Manual"},"sync-frequency-15min":{"textContent":"15 minit"},"sync-frequency-30min":{"textContent":"30 minit"},"sync-frequency-hourly":{"textContent":"Setiap jam"},"none":{"_":"Tiada"},"remind-me":{"_":"Ingatkan saya"},"from-time":{"_":"Dari: "},"to-time":{"_":"Ke: "},"alarm-at-event-standard":{"_":"Pada masa acara"},"alarm-at-event-allday":{"_":"Pada hari acara"},"alarm-start-notice":{"_":"{{title}} memulakan {{distance}}"},"alarm-started-notice":{"_":"{{title}} telah bermula {{distance}}"},"minutes-before":{"_":"{[ plural(value) ]}","_[zero]":"0 minit sebelum","_[one]":"1 minit sebelum","_[two]":"{{value}} minit sebelum","_[few]":"{{value}} minit sebelum","_[many]":"{{value}} minit sebelum","_[other]":"{{value}} minit sebelum"},"hours-before":{"_":"{[ plural(value) ]}","_[zero]":"0 jam sebelum","_[one]":"1 jam sebelum","_[two]":"{{value}} jam sebelumnya","_[few]":"{{value}} jam sebelumnya","_[many]":"{{value}} jam sebelumnya","_[other]":"{{value}} jam sebelumnya"},"days-before":{"_":"{[ plural(value) ]}","_[zero]":"0 hari sebelumnya","_[one]":"1 hari sebelumnya","_[two]":"{{value}} hari sebelumnya","_[few]":"{{value}} hari sebelumnya","_[many]":"{{value}} hari sebelumnya","_[other]":"{{value}} hari sebelumnya"},"weeks-before":{"_":"{[ plural(value) ]}","_[zero]":"0 minggu sebelumnya","_[one]":"1 minggu sebelumnya","_[two]":"{{value}} minggu sebelumnya","_[few]":"{{value}} minggu sebelumnya","_[many]":"{{value}} minggu sebelumnya","_[other]":"{{value}} minggu sebelumnya"},"months-before":{"_":"{[ plural(value) ]}","_[zero]":"0 bulan sebelumnya","_[one]":"1 bulan sebelumnya","_[two]":"{{value}} bulan sebelumnya","_[few]":"{{value}} bulan sebelumnya","_[many]":"{{value}} bulan sebelumnya","_[other]":"{{value}} bulan sebelumnya"},"years-before":{"_":"{[ plural(value) ]}","_[zero]":"0 tahun sebelumnya","_[one]":"1 tahun sebelumnya","_[two]":"{{value}} tahun sebelumnya","_[few]":"{{value}} tahun sebelumnya","_[many]":"{{value}} tahun sebelumnya","_[other]":"{{value}} tahun sebelumnya"},"minutes-after":{"_":"{[ plural(value) ]}","_[zero]":"0 minit selepas","_[one]":"1 minit selepas","_[two]":"{{value}} minit selepas","_[few]":"{{value}} minit selepas","_[many]":"{{value}} minit selepas","_[other]":"{{value}} minit selepas"},"hours-after":{"_":"{[ plural(value) ]}","_[zero]":"0 jam selepas","_[one]":"1 jam selepas","_[two]":"{{value}} jam selepas","_[few]":"{{value}} jam selepas","_[many]":"{{value}} jam selepas","_[other]":"{{value}} jam selepas"},"days-after":{"_":"{[ plural(value) ]}","_[zero]":"0 hari selepas","_[one]":"1 hari selepas","_[two]":"{{value}} hari selepas","_[few]":"{{value}} hari selepas","_[many]":"{{value}} hari selepas","_[other]":"{{value}} hari selepas"},"weeks-after":{"_":"{[ plural(value) ]}","_[zero]":"0 minggu selepas","_[one]":"1 minggu selepas","_[two]":"{{value}} minggu selepas","_[few]":"{{value}} minggu selepas","_[many]":"{{value}} minggu selepas","_[other]":"{{value}} minggu selepas"},"months-after":{"_":"{[ plural(value) ]}","_[zero]":"0 bulan selepas","_[one]":"1 bulan selepas","_[two]":"{{value}} bulan selepas","_[few]":"{{value}} bulan selepas","_[many]":"{{value}} bulan selepas","_[other]":"{{value}} bulan selepas"},"years-after":{"_":"{[ plural(value) ]}","_[zero]":"0 tahun selepas","_[one]":"1 tahun selepas","_[two]":"{{value}} tahun selepas","_[few]":"{{value}} tahun selepas","_[many]":"{{value}} tahun selepas","_[other]":"{{value}} tahun selepas"},"hour-format":{"_":"%I %p"},"hour-allday":{"_":"Sepanjang Hari"},"month-view-header-format":{"_":"%B %Y"},"multi-month-view-header-format":{"_":"%b %Y"},"day-view-header-format":{"_":"%b %e, %A"},"error-start-after-end":{"_":"Tarikh akhir mesti datang selepas tarikh mula"},"error-unauthenticated":{"_":"Salah log masuk dan/atau kata laluan"},"error-no-url":{"_":"Tiada sambungan. Periksa Wi-Fi anda dan cuba lagi."},"error-internal-server-error":{"_":"Ralat pelayan. Periksa log masuk anda dan cuba lagi."},"error-default":{"_":"Sesuatu yang tidak kena. Cuba lagi kemudian."},"error-offline":{"_":"Tiada sambungan. Periksa konfigurasi rangkaian anda dan cuba lagi."},"error-account-exist":{"_":"Akaun ini telah wujud."},"notification-error-sync-title":{"_":"Ralat sync Kalendar"},"notification-error-sync-description":{"_":"Sentuh untuk maklumat lanjut"},"weekday-0-long":{"_":"Ahad"},"weekday-1-long":{"_":"Isnin"},"weekday-2-long":{"_":"Selasa"},"weekday-3-long":{"_":"Rabu"},"weekday-4-long":{"_":"Khamis"},"weekday-5-long":{"_":"Jumaat"},"weekday-6-long":{"_":"Sabtu"},"weekday-0-short":{"_":"Ahad"},"weekday-1-short":{"_":"Isnin"},"weekday-2-short":{"_":"Selasa"},"weekday-3-short":{"_":"Rabu"},"weekday-4-short":{"_":"Khamis"},"weekday-5-short":{"_":"Jumaat"},"weekday-6-short":{"_":"Sabtu"},"month-0-long":{"_":"Januari"},"month-1-long":{"_":"Februari"},"month-2-long":{"_":"Mac"},"month-3-long":{"_":"April"},"month-4-long":{"_":"Mei"},"month-5-long":{"_":"Jun"},"month-6-long":{"_":"Julai"},"month-7-long":{"_":"Ogos"},"month-8-long":{"_":"September"},"month-9-long":{"_":"Oktober"},"month-10-long":{"_":"November"},"month-11-long":{"_":"Disember"},"month-0-genitive":{"_":"Januari"},"month-1-genitive":{"_":"Februari"},"month-2-genitive":{"_":"Mac"},"month-3-genitive":{"_":"April"},"month-4-genitive":{"_":"Mei"},"month-5-genitive":{"_":"Jun"},"month-6-genitive":{"_":"Julai"},"month-7-genitive":{"_":"Ogos"},"month-8-genitive":{"_":"September"},"month-9-genitive":{"_":"Oktober"},"month-10-genitive":{"_":"November"},"month-11-genitive":{"_":"Disember"},"month-0-short":{"_":"Jan"},"month-1-short":{"_":"Feb"},"month-2-short":{"_":"Mac"},"month-3-short":{"_":"Apr"},"month-4-short":{"_":"Mei"},"month-5-short":{"_":"Jun"},"month-6-short":{"_":"Jul"},"month-7-short":{"_":"Ogos"},"month-8-short":{"_":"Sep"},"month-9-short":{"_":"Okt"},"month-10-short":{"_":"Nov"},"month-11-short":{"_":"Dis"},"minutes-ago-long":{"_":"{[ plural(value) ]}","_[zero]":"sebentar tadi","_[one]":"satu minit lalu","_[two]":"{{value}} minit lalu","_[few]":"{{value}} minit lalu","_[many]":"{{value}} minit lalu","_[other]":"{{value}} minit lalu"},"hours-ago-long":{"_":"{[ plural(value) ]}","_[zero]":"sebentar tadi","_[one]":"sejam yang lalu","_[two]":"{{value}} jam lalu","_[few]":"{{value}} jam lalu","_[many]":"{{value}} jam lalu","_[other]":"{{value}} jam lalu"},"days-ago-long":{"_":"{[ plural(value) ]}","_[zero]":"hari ini","_[one]":"semalam","_[two]":"{{value}} hari lalu","_[few]":"{{value}} hari lalu","_[many]":"{{value}} hari lalu","_[other]":"{{value}} hari lalu"},"weeks-ago-long":{"_":"{[ plural(value) ]}","_[zero]":"minggu ini","_[one]":"minggu lalu","_[two]":"{{value}} minggu lalu","_[few]":"{{value}} minggu lalu","_[many]":"{{value}} minggu lalu","_[other]":"{{value}} minggu lalu"},"months-ago-long":{"_":"{[ plural(value) ]}","_[zero]":"bulan ini","_[one]":"bulan lalu","_[two]":"{{value}} bulan lalu","_[few]":"{{value}} bulan lalu","_[many]":"{{value}} minit lalu","_[other]":"{{value}} minit lalu"},"years-ago-long":{"_":"{[ plural(value) ]}","_[zero]":"tahun ini","_[one]":"tahun lalu","_[two]":"{{value}} tahun lalu","_[few]":"{{value}} tahun lalu","_[many]":"{{value}} tahun lalu","_[other]":"{{value}} tahun lalu"},"minutes-until-long":{"_":"{[ plural(value) ]}","_[zero]":"sekarang","_[one]":"dalam satu minit","_[two]":"dalam {{value}} minit","_[few]":"dalam {{value}} minit","_[many]":"dalam {{value}} minit","_[other]":"dalam {{value}} minit"},"hours-until-long":{"_":"{[ plural(value) ]}","_[zero]":"sekarang","_[one]":"dalam satu jam","_[two]":"dalam {{value}} jam","_[few]":"dalam {{value}} jam","_[many]":"dalam {{value}} jam","_[other]":"dalam {{value}} jam"},"days-until-long":{"_":"{[ plural(value) ]}","_[zero]":"hari ini","_[one]":"esok","_[two]":"dalam {{value}} hari","_[few]":"dalam {{value}} hari","_[many]":"dalam {{value}} hari","_[other]":"dalam {{value}} hari"},"weeks-until-long":{"_":"{[ plural(value) ]}","_[zero]":"minggu ini","_[one]":"minggu depan","_[two]":"dalam {{value}} minggu","_[few]":"dalam {{value}} minggu","_[many]":"dalam {{value}} minggu","_[other]":"dalam {{value}} minggu"},"months-until-long":{"_":"{[ plural(value) ]}","_[zero]":"bulan ini","_[one]":"bulan depan","_[two]":"dalam {{value}} bulan","_[few]":"dalam {{value}} bulan","_[many]":"dalam {{value}} bulan","_[other]":"dalam {{value}} bulan"},"years-until-long":{"_":"{[ plural(value) ]}","_[zero]":"tahun ini","_[one]":"tahun depan","_[two]":"dalam {{value}} tahun","_[few]":"dalam {{value}} tahun","_[many]":"dalam {{value}} tahun","_[other]":"dalam {{value}} tahun"},"minutes-ago-short":{"_":"{[ plural(value) ]}","_[zero]":"sebentar tadi","_[other]":"{{value}} minit lalu"},"hours-ago-short":{"_":"{[ plural(value) ]}","_[zero]":"sebentar tadi","_[other]":"{{value}} jam lalu"},"days-ago-short":{"_":"{[ plural(value) ]}","_[zero]":"hari ini","_[other]":"{{value}} hari lalu"},"minutes-until-short":{"_":"{[ plural(value) ]}","_[zero]":"sekarang","_[other]":"dalam {{value}} minit"},"hours-until-short":{"_":"{[ plural(value) ]}","_[zero]":"sekarang","_[other]":"dalam {{value}} jam"},"days-until-short":{"_":"{[ plural(value) ]}","_[zero]":"hari ini","_[other]":"dalam {{value}} hari"},"incorrectDate":{"_":"(tarikh tidak betul)"},"dateTimeFormat_%c":{"_":"%a %b %e %Y %I:%M:%S %p"},"dateTimeFormat_%x":{"_":"%m/%d/%Y"},"dateTimeFormat_%X":{"_":"%I:%M:%S %p"},"shortTimeFormat":{"_":"%I:%M %p"},"shortDateTimeFormat":{"_":"%x %I:%M %p"},"weekStartsOnMonday":{"_":"0"},"time_am":{"_":"PG"},"time_pm":{"_":"PTG"}}