{"back":{"_":"पछाडि"},"save":{"_":"बचत गर्नुहोस्"},"hide":{"_":"लुकाउनुहोस्"},"cancel":{"_":"रद्द गर्नुहोस्"},"confirm":{"_":"यकिन गर्नुहोस्"},"done":{"_":"भयो"},"events":{"_":"घटनाहरू"},"edit":{"_":"सम्पादन गर्नुहोस्"},"allday-events":{"_":"दिनका सबै घटना?"},"hint-swipe-action":{"_":"स्वाट्ट"},"hint-swipe-to-navigate":{"_":"पात्रोका मितीहरु बिच चल्नुहोस्।"},"show-today":{"_":"आज"},"show-month-view":{"_":"महिना"},"show-week-view":{"_":"हप्ता"},"show-day-view":{"_":"दिन"},"settings-show":{"_":"सेटिङहरू"},"settings-hide":{"_":"सेटिङहरू लुकाउनुहोस्"},"add-account":{"_":"खाता थप्नुहोस्"},"new-event":{"_":"घटना थप्नुहोस्"},"add-event-header":{"_":"घटना"},"account-header":{"_":"खाता"},"account-list-header":{"_":"खाताहरू"},"settings-header":{"_":"पात्रोहरू"},"advanced-settings":{"_":"पात्रोको सेटिङहरू"},"advanced-settings-header":{"_":"पात्रोको सेटिङहरू"},"advanced-settings-personalization":{"_":"निजीकरण"},"advanced-settings-reminders":{"_":"सचेतकहरु"},"field-user":{"placeholder":"प्रयोगकर्ता नाम"},"field-password":{"placeholder":"पासवर्ड"},"field-full-url":{"placeholder":"यु आर एल"},"modify-account-setting-up":{"_":"कृपया तपाईँको खाता सेट नभएसम्म प्रतिक्षा गर्नुहोस्"},"modify-account-unable-to-sync":{"_":"समक्रमण गर्न असमर्थ"},"modify-account-sign-in":{"_":"साइन इन"},"preset-caldav":{"_":"CalDav"},"preset-yahoo":{"_":"याहू!"},"preset-google":{"_":"गुगल"},"preset-local":{"_":"अफलाइन पात्रो"},"preset-mozilla":{"_":"मोजिल्ला जिम्ब्रा"},"calendar-local":{"_":"अफलाइन पात्रो"},"event-title":{"placeholder":"शीर्षक"},"event-location":{"placeholder":"कत्ता?"},"event-description":{"placeholder":"टिप्पणीहरू"},"event-is-allday":{"_":"सबै दिनका घटना?"},"event-start-date":{"placeholder":"सुरुआत मिति"},"event-end-date":{"placeholder":"अन्त्य मिति"},"event-start-time":{"placeholder":"सुरु समय"},"event-end-time":{"placeholder":"अन्तिम समय"},"event-delete":{"_":"घटना मेट्नुहोस्"},"remove-account-data":{"_":"स्थानीय डेटा हटाउनुहोस्"},"remove-account-dialog":{"_":"खाता हटाउनुहोस्"},"remove-account-dialog-details":{"_":"यो खाता हटाउँदा तपाईँको सम्बन्धित पात्रो र घटनाहरुको स्थानीय प्रतिलिपि पनि हट्नेछ।"},"sync-frequency":{"_":"पात्रो समक्रमण गर्नुहोस्"},"sync-frequency-manual":{"textContent":"म्यानुअल तरिकाले"},"sync-frequency-15min":{"textContent":"१५ मिनेट"},"sync-frequency-30min":{"textContent":"३० मिनेट"},"sync-frequency-hourly":{"textContent":"प्रत्येक घण्टा"},"none":{"_":"कुनै पनि होइन"},"remind-me":{"_":"मलाई सचेत गर्नुहोस्"},"from-time":{"_":"बाट: "},"to-time":{"_":"सम्म: "},"alarm-at-event-standard":{"_":"घटनाको समयमा"},"alarm-at-event-allday":{"_":"घटनाको दिनमा"},"alarm-start-notice":{"_":"{{distance}}मा {{title}} सुरु हुने"},"alarm-started-notice":{"_":"{{title}} सुरु गरियो {{distance}}"},"minutes-before":{"_":"{[ plural(value) ]}","_[zero]":"० मिनेट अघी","_[one]":"१ मिनेट अघी","_[two]":"{{value}} मिनेट अघी","_[few]":"{{value}} मिनेट अघी","_[many]":"{{value}} मिनेट अघी","_[other]":"{{value}} मिनेट अघी"},"hours-before":{"_":"{[ plural(value) ]}","_[zero]":"० घण्टा अघी","_[one]":"१ घण्टा अघी","_[two]":"{{value}} घण्टा अघी","_[few]":"{{value}} घण्टा अघी","_[many]":"{{value}} घण्टा अघी","_[other]":"{{value}} घण्टा अघि"},"days-before":{"_":"{[ plural(value) ]}","_[zero]":"० दिन अघि","_[one]":"१ दिन अगाडि","_[two]":"{{value}} दिन अघि","_[few]":"{{value}} दिन अगाडि","_[many]":"{{value}} दिन अगाडि","_[other]":"{{value}} दिन अगाडि"},"weeks-before":{"_":"{[ plural(value) ]}","_[zero]":"० हप्ता अगाडि","_[one]":"१ हप्ता अघि","_[two]":"{{value}} हप्ता अघी","_[few]":"{{value}} हप्ता अघी","_[many]":"{{value}} हप्ता अघी","_[other]":"{{value}} हप्ता अघी"},"months-before":{"_":"{[ plural(value) ]}","_[zero]":"० महिना अघी","_[one]":"१ महिना अघी","_[two]":"{{value}} महिना अघी","_[few]":"{{value}} महिना अगाडि","_[many]":"{{value}} महिना अगाडि","_[other]":"{{value}} महिना अगाडि"},"years-before":{"_":"{[ plural(value) ]}","_[zero]":"० वर्ष अगाडि","_[one]":"१ वर्ष अगाडि","_[two]":"{{value}} वर्ष अगाडि","_[few]":"{{value}} वर्ष अगाडि","_[many]":"{{value}} वर्ष अगाडि","_[other]":"{{value}} बर्ष अघी"},"minutes-after":{"_":"{[ plural(value) ]}","_[zero]":"० मिनेट पछी","_[one]":"१ मिनेट पछी","_[two]":"{{value}} मिनेट पछी","_[few]":"{{value}} मिनेट पछी","_[many]":"{{value}} मिनेट पछी","_[other]":"{{value}} मिनेट पछी"},"hours-after":{"_":"{[ plural(value) ]}","_[zero]":"० घण्टा पछि","_[one]":"१ घण्टा पछि","_[two]":"{{value}} घण्टा पछि","_[few]":"{{value}} घण्टा पछि","_[many]":"{{value}} घण्टा पछि","_[other]":"{{value}} घण्टा पछि"},"days-after":{"_":"{[ plural(value) ]}","_[zero]":"० दिन पछि","_[one]":"१ दिन पछि","_[two]":"{{value}} दिन पछी","_[few]":"{{value}} दिन पछी","_[many]":"{{value}} दिन पछी","_[other]":"{{value}} दिन पछी"},"weeks-after":{"_":"{[ plural(value) ]}","_[zero]":"० हप्ता पछी","_[one]":"१ हप्ता पछी","_[two]":"{{value}} हप्ता पछी","_[few]":"{{value}} हप्ता पछी","_[many]":"{{value}} हप्ता पछि","_[other]":"{{value}} हप्ता पछि"},"months-after":{"_":"{[ plural(value) ]}","_[zero]":"० महिना पछि","_[one]":"१ महिना पछि","_[two]":"{{value}} महिना पछि","_[few]":"{{value}} महिना पछि","_[many]":"{{value}} महिना पछी","_[other]":"{{value}} महिना पछी"},"years-after":{"_":"{[ plural(value) ]}","_[zero]":"० बर्ष पछी","_[one]":"१ बर्ष पछी","_[two]":"{{value}} बर्ष पछी","_[few]":"{{value}} बर्ष पछी","_[many]":"{{value}} बर्ष पछी","_[other]":"{{value}} बर्ष पछी"},"hour-format":{"_":"%I %p"},"hour-allday":{"_":"सबै दिन"},"month-view-header-format":{"_":"%B %Y"},"multi-month-view-header-format":{"_":"%b %Y"},"day-view-header-format":{"_":"%b %e, %A"},"error-start-after-end":{"_":"समाप्ति मिति सुरुआत मिति भन्दा पछि आउनुपर्छ"},"error-unauthenticated":{"_":"गलत लगइन र/वा पासवर्ड"},"error-no-url":{"_":"जडान छैन।तपाईँको वाई-फाई जाँच्नुहोस् र पुन: प्रयास गर्नुहोस् ।"},"error-internal-server-error":{"_":"सर्भर त्रुटि।तपाईँको लगइन जाँच्नुहोस् र पुन: प्रयास गर्नुहोस् ।"},"error-default":{"_":"केही कुरा गलत छ।पछि पुन: प्रयास गर्नुहोस् ।"},"error-offline":{"_":"जडान छैन।तपाईको जडान कन्फिगरेसन जाँच्नुहोस् र फेरि प्रयास गर्नुहोस्।"},"error-account-exist":{"_":"यस खाता पहिले नै अवस्थित छ।"},"notification-error-sync-title":{"_":"पात्रो समक्रमण त्रुटि"},"notification-error-sync-description":{"_":"थप जानकारीका लागि थिच्नुहोस्"},"weekday-0-long":{"_":"आइतबार"},"weekday-1-long":{"_":"सोमबार"},"weekday-2-long":{"_":"मंगलबार"},"weekday-3-long":{"_":"बुधबार"},"weekday-4-long":{"_":"बिहिबार"},"weekday-5-long":{"_":"शुक्रबार"},"weekday-6-long":{"_":"शनिबार"},"weekday-0-short":{"_":"आइत"},"weekday-1-short":{"_":"सोम"},"weekday-2-short":{"_":"मङ्गल"},"weekday-3-short":{"_":"बुध"},"weekday-4-short":{"_":"बिहि"},"weekday-5-short":{"_":"शुक्र"},"weekday-6-short":{"_":"शनि"},"month-0-long":{"_":"जनवरी"},"month-1-long":{"_":"फेब्रुअरी"},"month-2-long":{"_":"ंमार्च"},"month-3-long":{"_":"अप्रिल"},"month-4-long":{"_":"मे"},"month-5-long":{"_":"जुन"},"month-6-long":{"_":"जुलाई"},"month-7-long":{"_":"अगस्ट"},"month-8-long":{"_":"सेप्टेम्बर"},"month-9-long":{"_":"अक्टोबर"},"month-10-long":{"_":"नोभेम्बर"},"month-11-long":{"_":"डिसेम्बर"},"month-0-genitive":{"_":"जनवरी"},"month-1-genitive":{"_":"फेब्रुअरी"},"month-2-genitive":{"_":"ंमार्च"},"month-3-genitive":{"_":"अप्रिल"},"month-4-genitive":{"_":"मे"},"month-5-genitive":{"_":"जुन"},"month-6-genitive":{"_":"जुलाई"},"month-7-genitive":{"_":"अगस्ट"},"month-8-genitive":{"_":"सेप्टेम्बर"},"month-9-genitive":{"_":"अक्टोबर"},"month-10-genitive":{"_":"नोभेम्बर"},"month-11-genitive":{"_":"डिसेम्बर"},"month-0-short":{"_":"जन"},"month-1-short":{"_":"फेब"},"month-2-short":{"_":"मार्च"},"month-3-short":{"_":"अप्रिल"},"month-4-short":{"_":"मे"},"month-5-short":{"_":"जुन"},"month-6-short":{"_":"जुलाई"},"month-7-short":{"_":"अगस्ट"},"month-8-short":{"_":"सेप्टेम्वर"},"month-9-short":{"_":"अक्टुवर"},"month-10-short":{"_":"नोभेम्वर"},"month-11-short":{"_":"डिसेम्वर"},"minutes-ago-long":{"_":"{[ plural(value) ]}","_[zero]":"भर्खरै","_[one]":"एक मिनेट अगाडि","_[two]":"{{value}} मिनेट अगाडि","_[few]":"{{value}} मिनेट अगाडि","_[many]":"{{value}} मिनेट अगाडि","_[other]":"{{value}} मिनेट अगाडि"},"hours-ago-long":{"_":"{[ plural(value) ]}","_[zero]":"भर्खरै","_[one]":"एक घन्टा अगाडि","_[two]":"{{value}} घण्टा अगाडि","_[few]":"{{value}} घण्टा अगाडि","_[many]":"{{value}} घण्टा अगाडि","_[other]":"{{value}} घण्टा अगाडि"},"days-ago-long":{"_":"{[ plural(value) ]}","_[zero]":"आज","_[one]":"हिजो","_[two]":"{{value}} दिन अगाडि","_[few]":"{{value}} दिन अगाडि","_[many]":"{{value}} दिन अगाडि","_[other]":"{{value}} दिन अगाडि"},"weeks-ago-long":{"_":"{[ plural(value) ]}","_[zero]":"यो हप्ता","_[one]":"गएको हप्ता","_[two]":"{{value}} हप्ता अगाडि","_[few]":"{{value}} हप्ता अगाडि","_[many]":"{{value}} हप्ता अगाडि","_[other]":"{{value}} हप्ता अगाडि"},"months-ago-long":{"_":"{[ plural(value) ]}","_[zero]":"यो महिना","_[one]":"गएको महिना","_[two]":"{{value}} महिना अगाडि","_[few]":"{{value}} महिना अगाडि","_[many]":"{{value}} महिना अगाडि","_[other]":"{{value}} महिना अगाडि"},"years-ago-long":{"_":"{[ plural(value) ]}","_[zero]":"यो वर्ष","_[one]":"अघिल्लो वर्ष","_[two]":"{{value}} वर्ष अगाडि","_[few]":"{{value}} वर्ष अगाडि","_[many]":"{{value}} वर्ष अगाडि","_[other]":"{{value}} वर्ष अगाडि"},"minutes-until-long":{"_":"{[ plural(value) ]}","_[zero]":"अहिले","_[one]":"एक मिनेटमा","_[two]":"{{value}} मिनेटमा","_[few]":"{{value}} मिनेटमा","_[many]":"{{value}} मिनेटमा","_[other]":"{{value}} मिनेटमा"},"hours-until-long":{"_":"{[ plural(value) ]}","_[zero]":"अहिले","_[one]":"एक घण्टामा","_[two]":"{{value}} घण्टामा","_[few]":"{{value}} घण्टामा","_[many]":"{{value}} घण्टामा","_[other]":"{{value}} घण्टामा"},"days-until-long":{"_":"{[ plural(value) ]}","_[zero]":"आज","_[one]":"भोलि","_[two]":"{{value}} दिनमा","_[few]":"{{value}} दिनमा","_[many]":"{{value}} दिनमा","_[other]":"{{value}} दिनमा"},"weeks-until-long":{"_":"{[ plural(value) ]}","_[zero]":"यो हप्ता","_[one]":"पछिल्लो हप्ता","_[two]":"{{value}} हप्तामा","_[few]":"{{value}} हप्तामा","_[many]":"{{value}} हप्तामा","_[other]":"{{value}} हप्तामा"},"months-until-long":{"_":"{[ plural(value) ]}","_[zero]":"यस महिना","_[one]":"पछिल्लो महिना","_[two]":"{{value}} महिनामा","_[few]":"{{value}} महिनामा","_[many]":"{{value}} महिनामा","_[other]":"{{value}} महिनामा"},"years-until-long":{"_":"{[ plural(value) ]}","_[zero]":"यस बर्ष","_[one]":"आर्को बर्ष","_[two]":"{{value}} बर्षमा","_[few]":"{{value}} बर्षमा","_[many]":"{{value}} वर्षमा","_[other]":"{{value}} वर्षमा"},"minutes-ago-short":{"_":"{[ plural(value) ]}","_[zero]":"भर्खरै","_[other]":"{{value}}मिनेट अघि"},"hours-ago-short":{"_":"{[ plural(value) ]}","_[zero]":"भर्खरै","_[other]":"{{value}}घण्टा अघि"},"days-ago-short":{"_":"{[ plural(value) ]}","_[zero]":"आज","_[other]":"{{value}}दिन अघि"},"minutes-until-short":{"_":"{[ plural(value) ]}","_[zero]":"अहिले","_[other]":"{{value}}मिनेटमा"},"hours-until-short":{"_":"{[ plural(value) ]}","_[zero]":"अहिले","_[other]":"{{value}}घण्टामा"},"days-until-short":{"_":"{[ plural(value) ]}","_[zero]":"आज","_[other]":"{{value}}दिनमा"},"incorrectDate":{"_":"(गलत मिति)"},"dateTimeFormat_%c":{"_":"%a %b %e %Y %I:%M:%S %p"},"dateTimeFormat_%x":{"_":"%m/%d/%Y"},"dateTimeFormat_%X":{"_":"%I:%M:%S %p"},"shortTimeFormat":{"_":"%I:%M %p"},"shortDateTimeFormat":{"_":"%x %I:%M %p"},"weekStartsOnMonday":{"_":"0"},"time_am":{"_":"ए एम"},"time_pm":{"_":"पी एम"}}