{"back":{"_":"Terug"},"save":{"_":"Opslaan"},"hide":{"_":"Verbergen"},"cancel":{"_":"Annuleren"},"confirm":{"_":"Bevestigen"},"done":{"_":"Gereed"},"events":{"_":"Gebeurtenissen"},"edit":{"_":"Bewerken"},"allday-events":{"_":"De hele dag"},"hint-swipe-action":{"_":"Veeg"},"hint-swipe-to-navigate":{"_":"om tussen agendadatums te navigeren."},"show-today":{"_":"Vandaag"},"show-month-view":{"_":"Maand"},"show-week-view":{"_":"Week"},"show-day-view":{"_":"Dag"},"settings-show":{"_":"Instellingen"},"settings-hide":{"_":"Instellingen verbergen"},"add-account":{"_":"Account toevoegen"},"new-event":{"_":"Gebeurtenis toevoegen"},"add-event-header":{"_":"Gebeurtenis"},"account-header":{"_":"Account"},"account-list-header":{"_":"Accounts"},"settings-header":{"_":"Agenda’s"},"advanced-settings":{"_":"Agenda-instellingen"},"advanced-settings-header":{"_":"Instellingen"},"advanced-settings-personalization":{"_":"Personalisatie"},"advanced-settings-reminders":{"_":"Herinneringen"},"field-user":{"placeholder":"Gebruikersnaam"},"field-password":{"placeholder":"Wachtwoord"},"field-full-url":{"placeholder":"URL"},"modify-account-setting-up":{"_":"Een moment geduld, uw account wordt ingesteld"},"modify-account-unable-to-sync":{"_":"Kan niet synchroniseren"},"modify-account-sign-in":{"_":"Aanmelden"},"preset-caldav":{"_":"CalDav"},"preset-yahoo":{"_":"Yahoo!"},"preset-google":{"_":"Google"},"preset-local":{"_":"Offline-agenda"},"preset-mozilla":{"_":"Mozilla Zimbra"},"calendar-local":{"_":"Offline-agenda"},"event-title":{"placeholder":"Titel"},"event-location":{"placeholder":"Waar?"},"event-description":{"placeholder":"Notities"},"event-is-allday":{"_":"De hele dag?"},"event-start-date":{"placeholder":"Begindatum"},"event-end-date":{"placeholder":"Einddatum"},"event-start-time":{"placeholder":"Aanvangstijd"},"event-end-time":{"placeholder":"Eindtijd"},"event-delete":{"_":"Gebeurtenis verwijderen"},"remove-account-data":{"_":"Lokale gegevens verwijderen"},"remove-account-dialog":{"_":"Account verwijderen"},"remove-account-dialog-details":{"_":"Als u deze account verwijdert, wordt uw lokale versie van verbonden agenda’s en gebeurtenissen ook verwijderd."},"sync-frequency":{"_":"Agenda synchroniseren"},"sync-frequency-manual":{"textContent":"Handmatig"},"sync-frequency-15min":{"textContent":"15 min"},"sync-frequency-30min":{"textContent":"30 min"},"sync-frequency-hourly":{"textContent":"Elk uur"},"none":{"_":"Geen"},"remind-me":{"_":"Mij herinneren"},"from-time":{"_":"Van: "},"to-time":{"_":"Tot: "},"alarm-at-event-standard":{"_":"Op tijdstip van gebeurtenis"},"alarm-at-event-allday":{"_":"Op dag van gebeurtenis"},"alarm-start-notice":{"_":"{{title}} begint {{distance}}"},"alarm-started-notice":{"_":"{{title}} begon {{distance}}"},"minutes-before":{"_":"{[ plural(value) ]}","_[zero]":"0 minuten van tevoren","_[one]":"1 minuut van tevoren","_[two]":"{{value}} minuten van tevoren","_[few]":"{{value}} minuten van tevoren","_[many]":"{{value}} minuten van tevoren","_[other]":"{{value}} minuten van tevoren"},"hours-before":{"_":"{[ plural(value) ]}","_[zero]":"0 uur van tevoren","_[one]":"1 uur van tevoren","_[two]":"{{value}} uur van tevoren","_[few]":"{{value}} uur van tevoren","_[many]":"{{value}} uur van tevoren","_[other]":"{{value}} uur van tevoren"},"days-before":{"_":"{[ plural(value) ]}","_[zero]":"0 dagen van tevoren","_[one]":"1 dag van tevoren","_[two]":"{{value}} dagen van tevoren","_[few]":"{{value}} dagen van tevoren","_[many]":"{{value}} dagen van tevoren","_[other]":"{{value}} dagen van tevoren"},"weeks-before":{"_":"{[ plural(value) ]}","_[zero]":"0 weken van tevoren","_[one]":"1 week van tevoren","_[two]":"{{value}} weken van tevoren","_[few]":"{{value}} weken van tevoren","_[many]":"{{value}} weken van tevoren","_[other]":"{{value}} weken van tevoren"},"months-before":{"_":"{[ plural(value) ]}","_[zero]":"0 maanden van tevoren","_[one]":"1 maand van tevoren","_[two]":"{{value}} maanden van tevoren","_[few]":"{{value}} maanden van tevoren","_[many]":"{{value}} maanden van tevoren","_[other]":"{{value}} maanden van tevoren"},"years-before":{"_":"{[ plural(value) ]}","_[zero]":"0 jaar van tevoren","_[one]":"1 jaar van tevoren","_[two]":"{{value}} jaar van tevoren","_[few]":"{{value}} jaar van tevoren","_[many]":"{{value}} jaar van tevoren","_[other]":"{{value}} jaar van tevoren"},"minutes-after":{"_":"{[ plural(value) ]}","_[zero]":"0 minuten erna","_[one]":"1 minuut erna","_[two]":"{{value}} minuten erna","_[few]":"{{value}} minuten erna","_[many]":"{{value}} minuten erna","_[other]":"{{value}} minuten erna"},"hours-after":{"_":"{[ plural(value) ]}","_[zero]":"0 uur erna","_[one]":"1 uur erna","_[two]":"{{value}} uur erna","_[few]":"{{value}} uur erna","_[many]":"{{value}} uur erna","_[other]":"{{value}} uur erna"},"days-after":{"_":"{[ plural(value) ]}","_[zero]":"0 dagen erna","_[one]":"1 dag erna","_[two]":"{{value}} dagen erna","_[few]":"{{value}} dagen erna","_[many]":"{{value}} dagen erna","_[other]":"{{value}} dagen erna"},"weeks-after":{"_":"{[ plural(value) ]}","_[zero]":"0 weken erna","_[one]":"1 week erna","_[two]":"{{value}} weken erna","_[few]":"{{value}} weken erna","_[many]":"{{value}} weken erna","_[other]":"{{value}} weken erna"},"months-after":{"_":"{[ plural(value) ]}","_[zero]":"0 maanden erna","_[one]":"1 maand erna","_[two]":"{{value}} maanden erna","_[few]":"{{value}} maanden erna","_[many]":"{{value}} maanden erna","_[other]":"{{value}} maanden erna"},"years-after":{"_":"{[ plural(value) ]}","_[zero]":"0 jaar erna","_[one]":"1 jaar erna","_[two]":"{{value}} jaar erna","_[few]":"{{value}} jaar erna","_[many]":"{{value}} jaar erna","_[other]":"{{value}} jaar erna"},"hour-format":{"_":"%H"},"hour-allday":{"_":"Hele dag"},"month-view-header-format":{"_":"%B %Y"},"multi-month-view-header-format":{"_":"%b %Y"},"day-view-header-format":{"_":"%A %e %b"},"error-start-after-end":{"_":"Einddatum moet na begindatum liggen"},"error-unauthenticated":{"_":"Onjuiste aanmelding en/of wachtwoord"},"error-no-url":{"_":"No connection. Check your Wi-Fi and try again."},"error-internal-server-error":{"_":"Serverfout. Controleer uw aanmelding en probeer het nogmaals."},"error-default":{"_":"Er is iets mis. Probeer het later nogmaals."},"error-offline":{"_":"Geen verbinding. Controleer uw netwerkconfiguratie en probeer het nogmaals."},"error-account-exist":{"_":"Deze account bestaat al."},"notification-error-sync-title":{"_":"Fout bij agendasynchronisatie"},"notification-error-sync-description":{"_":"Tik voor meer info"},"weekday-0-long":{"_":"zondag"},"weekday-1-long":{"_":"maandag"},"weekday-2-long":{"_":"dinsdag"},"weekday-3-long":{"_":"woensdag"},"weekday-4-long":{"_":"donderdag"},"weekday-5-long":{"_":"vrijdag"},"weekday-6-long":{"_":"zaterdag"},"weekday-0-short":{"_":"zon"},"weekday-1-short":{"_":"maa"},"weekday-2-short":{"_":"din"},"weekday-3-short":{"_":"woe"},"weekday-4-short":{"_":"don"},"weekday-5-short":{"_":"vrij"},"weekday-6-short":{"_":"zat"},"month-0-long":{"_":"januari"},"month-1-long":{"_":"februari"},"month-2-long":{"_":"maart"},"month-3-long":{"_":"april"},"month-4-long":{"_":"mei"},"month-5-long":{"_":"juni"},"month-6-long":{"_":"juli"},"month-7-long":{"_":"augustus"},"month-8-long":{"_":"september"},"month-9-long":{"_":"oktober"},"month-10-long":{"_":"november"},"month-11-long":{"_":"december"},"month-0-genitive":{"_":"januari"},"month-1-genitive":{"_":"februari"},"month-2-genitive":{"_":"maart"},"month-3-genitive":{"_":"april"},"month-4-genitive":{"_":"mei"},"month-5-genitive":{"_":"juni"},"month-6-genitive":{"_":"juli"},"month-7-genitive":{"_":"augustus"},"month-8-genitive":{"_":"september"},"month-9-genitive":{"_":"oktober"},"month-10-genitive":{"_":"november"},"month-11-genitive":{"_":"december"},"month-0-short":{"_":"jan"},"month-1-short":{"_":"feb"},"month-2-short":{"_":"mrt"},"month-3-short":{"_":"apr"},"month-4-short":{"_":"mei"},"month-5-short":{"_":"jun"},"month-6-short":{"_":"jul"},"month-7-short":{"_":"aug"},"month-8-short":{"_":"sep"},"month-9-short":{"_":"okt"},"month-10-short":{"_":"nov"},"month-11-short":{"_":"dec"},"minutes-ago-long":{"_":"{[ plural(value) ]}","_[zero]":"zojuist","_[one]":"een minuut geleden","_[two]":"{{value}} minuten geleden","_[few]":"{{value}} minuten geleden","_[many]":"{{value}} minuten geleden","_[other]":"{{value}} minuten geleden"},"hours-ago-long":{"_":"{[ plural(value) ]}","_[zero]":"zojuist","_[one]":"een uur geleden","_[two]":"{{value}} uur geleden","_[few]":"{{value}} uur geleden","_[many]":"{{value}} uur geleden","_[other]":"{{value}} uur geleden"},"days-ago-long":{"_":"{[ plural(value) ]}","_[zero]":"vandaag","_[one]":"gisteren","_[two]":"{{value}} dagen geleden","_[few]":"{{value}} dagen geleden","_[many]":"{{value}} dagen geleden","_[other]":"{{value}} dagen geleden"},"weeks-ago-long":{"_":"{[ plural(value) ]}","_[zero]":"deze week","_[one]":"vorige week","_[two]":"{{value}} weken geleden","_[few]":"{{value}} weken geleden","_[many]":"{{value}} weken geleden","_[other]":"{{value}} weken geleden"},"months-ago-long":{"_":"{[ plural(value) ]}","_[zero]":"deze maand","_[one]":"vorige maand","_[two]":"{{value}} maanden geleden","_[few]":"{{value}} maanden geleden","_[many]":"{{value}} maanden geleden","_[other]":"{{value}} maanden geleden"},"years-ago-long":{"_":"{[ plural(value) ]}","_[zero]":"dit jaar","_[one]":"vorig jaar","_[two]":"{{value}} jaar geleden","_[few]":"{{value}} jaar geleden","_[many]":"{{value}} jaar geleden","_[other]":"{{value}} jaar geleden"},"minutes-until-long":{"_":"{[ plural(value) ]}","_[zero]":"nu","_[one]":"zo meteen","_[two]":"over {{value}} minuten","_[few]":"over {{value}} minuten","_[many]":"over {{value}} minuten","_[other]":"over {{value}} minuten"},"hours-until-long":{"_":"{[ plural(value) ]}","_[zero]":"nu","_[one]":"over een uur","_[two]":"over {{value}} uur","_[few]":"over {{value}} uur","_[many]":"over {{value}} uur","_[other]":"over {{value}} uur"},"days-until-long":{"_":"{[ plural(value) ]}","_[zero]":"vandaag","_[one]":"morgen","_[two]":"over {{value}} dagen","_[few]":"over {{value}} dagen","_[many]":"over {{value}} dagen","_[other]":"over {{value}} dagen"},"weeks-until-long":{"_":"{[ plural(value) ]}","_[zero]":"deze week","_[one]":"volgende week","_[two]":"over {{value}} weken","_[few]":"over {{value}} weken","_[many]":"over {{value}} weken","_[other]":"over {{value}} weken"},"months-until-long":{"_":"{[ plural(value) ]}","_[zero]":"deze maand","_[one]":"volgende maand","_[two]":"over {{value}} maanden","_[few]":"over {{value}} maanden","_[many]":"over {{value}} maanden","_[other]":"over {{value}} maanden"},"years-until-long":{"_":"{[ plural(value) ]}","_[zero]":"dit jaar","_[one]":"volgend jaar","_[two]":"over {{value}} jaar","_[few]":"over {{value}} jaar","_[many]":"over {{value}} jaar","_[other]":"over {{value}} jaar"},"minutes-ago-short":{"_":"{[ plural(value) ]}","_[zero]":"zojuist","_[other]":"{{value}}m geleden"},"hours-ago-short":{"_":"{[ plural(value) ]}","_[zero]":"zojuist","_[other]":"{{value}}h geleden"},"days-ago-short":{"_":"{[ plural(value) ]}","_[zero]":"vandaag","_[other]":"{{value}}d geleden"},"minutes-until-short":{"_":"{[ plural(value) ]}","_[zero]":"nu","_[other]":"over {{value}}m"},"hours-until-short":{"_":"{[ plural(value) ]}","_[zero]":"nu","_[other]":"over {{value}}h"},"days-until-short":{"_":"{[ plural(value) ]}","_[zero]":"vandaag","_[other]":"over {{value}}d"},"incorrectDate":{"_":"(onjuiste datum)"},"dateTimeFormat_%c":{"_":"%a %e %b %Y %H:%M:%S"},"dateTimeFormat_%x":{"_":"%d-%m-%Y"},"dateTimeFormat_%X":{"_":"%H:%M:%S"},"shortTimeFormat":{"_":"%H:%M"},"shortDateTimeFormat":{"_":"%x %H:%M"},"weekStartsOnMonday":{"_":"1"},"time_am":{"_":"AM"},"time_pm":{"_":"PM"}}