{"back":{"_":"ਪਿੱਛੇ"},"save":{"_":"ਸੰਭਾਲੋ"},"hide":{"_":"ਓਹਲੇ"},"cancel":{"_":"ਰੱਦ ਕਰੋ"},"confirm":{"_":"ਪੁਸ਼ਟੀ"},"done":{"_":"ਮੁਕੰਮਲ"},"events":{"_":"ਘਟਨਾਵਾਂ"},"edit":{"_":"ਸੋਧ"},"allday-events":{"_":"ਸਾਰਾ ਦਿਨ ਸਮਾਗਮ"},"hint-swipe-action":{"_":"ਘਸਾਓ"},"hint-swipe-to-navigate":{"_":"ਕੈਲੰਡਰ ਮਿਤੀਆਂ ਵਿੱਚ ਜਾਣ ਲਈ।"},"show-today":{"_":"ਅੱਜ"},"show-month-view":{"_":"ਮਹੀਨਾ"},"show-week-view":{"_":"ਹਫ਼ਤਾ"},"show-day-view":{"_":"ਦਿਨ"},"settings-show":{"_":"ਸੈਟਿੰਗ"},"settings-hide":{"_":"ਸੈਟਿੰਗ ਓਹਲੇ"},"add-account":{"_":"ਖਾਤਾ ਜੋੜੋ"},"new-event":{"_":"ਘਟਨਾ ਜੋੜੋ"},"add-event-header":{"_":"ਘਟਨਾ"},"account-header":{"_":"ਖਾਤਾ"},"account-list-header":{"_":"ਖਾਤੇ"},"settings-header":{"_":"ਕੈਲੰਡਰ"},"advanced-settings":{"_":"ਕੈਲੰਡਰ ਸੈਟਿੰਗ"},"advanced-settings-header":{"_":"ਕੈਲੰਡਰ ਸੈਟਿੰਗ"},"advanced-settings-personalization":{"_":"ਨਿੱਜੀ"},"advanced-settings-reminders":{"_":"ਰੀਮਾਈਡਰ"},"field-user":{"placeholder":"ਯੂਜ਼ਰ ਨਾਂ"},"field-password":{"placeholder":"ਪਾਸਵਰਡ"},"field-full-url":{"placeholder":"URL"},"modify-account-setting-up":{"_":"ਤੁਹਾਡੇ ਖਾਤੇ ਨੂੰ ਸੈਟਅੱਪ ਹੋਣ ਤੱਕ ਉਡੀਕੋ ਜੀ"},"modify-account-unable-to-sync":{"_":"ਸਿੰਕ ਕਰਨ ਅਸਮਰੱਥ"},"modify-account-sign-in":{"_":"ਸਾਇਨ ਇਨ"},"preset-caldav":{"_":"CalDav"},"preset-yahoo":{"_":"Yahoo!"},"preset-google":{"_":"Google"},"preset-local":{"_":"ਆਫਲਾਈਨ ਕੈਲੰਡਰ"},"preset-mozilla":{"_":"ਮੋਜ਼ੀਲਾ Zimbra"},"calendar-local":{"_":"ਆਫਲਾਈਨ ਕੈਲੰਡਰ"},"event-title":{"placeholder":"ਨਾਂ"},"event-location":{"placeholder":"ਕਿੱਥੇ?"},"event-description":{"placeholder":"ਸੂਚਨਾ"},"event-is-allday":{"_":"ਸਾਰੇ ਦਿਨ ਦਾ ਸਮਾਗਮ?"},"event-start-date":{"placeholder":"ਸ਼ੁਰੂ ਮਿਤੀ"},"event-end-date":{"placeholder":"ਅੰਤ ਮਿਤੀ"},"event-start-time":{"placeholder":"ਸ਼ੁਰੂ ਸਮਾਂ"},"event-end-time":{"placeholder":"ਅੰਤ ਸਮਾਂ"},"event-delete":{"_":"ਸਮਾਗਮ ਹਟਾਓ"},"remove-account-data":{"_":"ਲੋਕਲ ਡਾਟਾ ਹਟਾਓ"},"remove-account-dialog":{"_":"ਖਾਤਾ ਹਟਾਉ"},"remove-account-dialog-details":{"_":"ਇਸ ਖਾਤੇ ਨੂੰ ਹਟਾਉਣ ਨਾਲ ਸੰਬੰਧਿਤ ਕੈਲੰਡਰ ਤੇ ਸਮਾਗਮ ਦੀ ਤੁਹਾਡੀ ਲੋਕਲ ਕਾਪੀ ਵੀ ਹਟਾਈ ਜਾਵੇਗੀ।"},"sync-frequency":{"_":"ਕੈਲੰਡਰ ਸਿੰਕ ਕਰੋ"},"sync-frequency-manual":{"textContent":"ਦਸਤੀ"},"sync-frequency-15min":{"textContent":"15 ਮਿੰਟ"},"sync-frequency-30min":{"textContent":"30 ਮਿੰਟ"},"sync-frequency-hourly":{"textContent":"ਹਰ ਘੰਟੇ"},"none":{"_":"ਕੋਈ ਨਹੀਂ"},"remind-me":{"_":"ਮੈਨੂੰ ਯਾਦ ਕਰਵਾਉ"},"from-time":{"_":"ਤੋਂ: "},"to-time":{"_":"ਤੱਕ: "},"alarm-at-event-standard":{"_":"ਸਮਾਗਮ ਦੇ ਸਮੇਂ"},"alarm-at-event-allday":{"_":"ਸਮਾਗਮ ਦੇ ਦਿਨ"},"alarm-start-notice":{"_":"{{title}} ਸ਼ੁਰੂ ਹੋ ਰਿਹਾ ਹੈ {{distance}}"},"alarm-started-notice":{"_":"{{title}} ਸ਼ੁਰੂ ਹੋਇਆ {{distance}}"},"minutes-before":{"_":"{[ plural(value) ]}","_[zero]":"0 ਮਿੰਟ ਪਹਿਲਾਂ","_[one]":"1 ਮਿੰਟ ਪਹਿਲਾਂ","_[two]":"{{value}} ਮਿੰਟ ਪਹਿਲਾਂ","_[few]":"{{value}} ਮਿੰਟ ਪਹਿਲਾਂ","_[many]":"{{value}} ਮਿੰਟ ਪਹਿਲਾਂ","_[other]":"{{value}} ਮਿੰਟ ਪਹਿਲਾਂ"},"hours-before":{"_":"{[ plural(value) ]}","_[zero]":"0 ਘੰਟੇ ਪਹਿਲਾਂ","_[one]":"1 ਘੰਟਾ ਪਹਿਲਾਂ","_[two]":"{{value}} ਘੰਟੇ ਪਹਿਲਾਂ","_[few]":"{{value}} ਘੰਟੇ ਪਹਿਲਾਂ","_[many]":"{{value}} ਘੰਟੇ ਪਹਿਲਾਂ","_[other]":"{{value}} ਘੰਟੇ ਪਹਿਲਾਂ"},"days-before":{"_":"{[ plural(value) ]}","_[zero]":"0 ਦਿਨ ਪਹਿਲਾਂ","_[one]":"1 ਦਿਨ ਪਹਿਲਾਂ","_[two]":"{{value}} ਦਿਨ ਪਹਿਲਾਂ","_[few]":"{{value}} ਦਿਨ ਪਹਿਲਾਂ","_[many]":"{{value}} ਦਿਨ ਪਹਿਲਾਂ","_[other]":"{{value}} ਦਿਨ ਪਹਿਲਾਂ"},"weeks-before":{"_":"{[ plural(value) ]}","_[zero]":"0 ਹਫ਼ਤੇ ਪਹਿਲਾਂ","_[one]":"1 ਹਫ਼ਤਾ ਪਹਿਲਾਂ","_[two]":"{{value}} ਹਫ਼ਤੇ ਪਹਿਲਾਂ","_[few]":"{{value}} ਹਫ਼ਤੇ ਪਹਿਲਾਂ","_[many]":"{{value}} ਹਫ਼ਤੇ ਪਹਿਲਾਂ","_[other]":"{{value}} ਹਫ਼ਤੇ ਪਹਿਲਾਂ"},"months-before":{"_":"{[ plural(value) ]}","_[zero]":"0 ਮਹੀਨੇ ਪਹਿਲਾਂ","_[one]":"1 ਮਹੀਨੇ ਪਹਿਲਾਂ","_[two]":"{{value}} ਮਹੀਨੇ ਪਹਿਲਾਂ","_[few]":"{{value}} ਮਹੀਨੇ ਪਹਿਲਾਂ","_[many]":"{{value}} ਮਹੀਨੇ ਪਹਿਲਾਂ","_[other]":"{{value}} ਮਹੀਨੇ ਪਹਿਲਾਂ"},"years-before":{"_":"{[ plural(value) ]}","_[zero]":"0 ਸਾਲ ਪਹਿਲਾਂ","_[one]":"1 ਸਾਲ ਪਹਿਲਾਂ","_[two]":"{{value}} ਸਾਲ ਪਹਿਲਾਂ","_[few]":"{{value}} ਸਾਲ ਪਹਿਲਾਂ","_[many]":"{{value}} ਸਾਲ ਪਹਿਲਾਂ","_[other]":"{{value}} ਸਾਲ ਪਹਿਲਾਂ"},"minutes-after":{"_":"{[ plural(value) ]}","_[zero]":"0 ਮਿੰਟ ਬਾਅਦ","_[one]":"1 ਮਿੰਟ ਬਾਅਦ","_[two]":"{{value}} ਮਿੰਟ ਬਾਅਦ","_[few]":"{{value}} ਮਿੰਟ ਬਾਅਦ","_[many]":"{{value}} ਮਿੰਟ ਬਾਅਦ","_[other]":"{{value}} ਮਿੰਟ ਬਾਅਦ"},"hours-after":{"_":"{[ plural(value) ]}","_[zero]":"0 ਘੰਟੇ ਬਾਅਦ","_[one]":"1 ਘੰਟੇ ਬਾਅਦ","_[two]":"{{value}} ਘੰਟੇ ਬਾਅਦ","_[few]":"{{value}} ਘੰਟੇ ਬਾਅਦ","_[many]":"{{value}} ਘੰਟੇ ਬਾਅਦ","_[other]":"{{value}} ਘੰਟੇ ਬਾਅਦ"},"days-after":{"_":"{[ plural(value) ]}","_[zero]":"0 ਦਿਨ ਬਾਅਦ","_[one]":"1 ਦਿਨ ਬਾਅਦ","_[two]":"{{value}} ਦਿਨ ਬਾਅਦ","_[few]":"{{value}} ਦਿਨ ਬਾਅਦ","_[many]":"{{value}} ਦਿਨ ਬਾਅਦ","_[other]":"{{value}} ਦਿਨ ਬਾਅਦ"},"weeks-after":{"_":"{[ plural(value) ]}","_[zero]":"0 ਹਫ਼ਤੇ ਬਾਅਦ","_[one]":"1 ਹਫ਼ਤੇ ਬਾਅਦ","_[two]":"{{value}} ਹਫ਼ਤੇ ਬਾਅਦ","_[few]":"{{value}} ਹਫ਼ਤੇ ਬਾਅਦ","_[many]":"{{value}} ਹਫ਼ਤੇ ਬਾਅਦ","_[other]":"{{value}} ਹਫ਼ਤੇ ਬਾਅਦ"},"months-after":{"_":"{[ plural(value) ]}","_[zero]":"0 ਮਹੀਨੇ ਬਾਅਦ","_[one]":"1 ਮਹੀਨੇ ਬਾਅਦ","_[two]":"{{value}} ਮਹੀਨੇ ਬਾਅਦ","_[few]":"{{value}} ਮਹੀਨੇ ਬਾਅਦ","_[many]":"{{value}} ਮਹੀਨੇ ਬਾਅਦ","_[other]":"{{value}} ਮਹੀਨੇ ਬਾਅਦ"},"years-after":{"_":"{[ plural(value) ]}","_[zero]":"0 ਸਾਲ ਬਾਅਦ","_[one]":"1 ਸਾਲ ਬਾਅਦ","_[two]":"{{value}} ਸਾਲ ਬਾਅਦ","_[few]":"{{value}} ਸਾਲ ਬਾਅਦ","_[many]":"{{value}} ਸਾਲ ਬਾਅਦ","_[other]":"{{value}} ਸਾਲ ਬਾਅਦ"},"hour-format":{"_":"%I %p"},"hour-allday":{"_":"ਸਾਰਾ ਦਿਨ"},"month-view-header-format":{"_":"%B %Y"},"multi-month-view-header-format":{"_":"%b %Y"},"day-view-header-format":{"_":"%e %b %A"},"error-start-after-end":{"_":"ਅੰਤ ਮਿਤੀ ਸ਼ੁਰੂ ਮਿਤੀ ਦੇ ਬਾਅਦ ਹੋਣੀ ਚਾਹੀਦੀ ਹੈ"},"error-unauthenticated":{"_":"ਗਲਤ ਲਾਗਇਨ ਅਤੇ/ਜਾਂ ਪਾਸਵਰਡ"},"error-no-url":{"_":"ਕੋਈ ਕੁਨੈਕਸ਼ਨ ਨਹੀਂ। ਆਪਣਾ ਵਾਈ-ਫਾਈ ਜਾਂਚੋ ਅਤੇ ਫੇਰ ਕੋਸ਼ਿਸ਼ ਕਰੋ।"},"error-internal-server-error":{"_":"ਸਰਵਰ ਗਲਤੀ। ਆਪਣਾ ਲਾਗਇਨ ਜਾਂਚ ਤੇ ਫੇਰ ਕੋਸ਼ਿਸ਼ ਕਰੋ"},"error-default":{"_":"ਕੁਝ ਗਲਤ ਹੋ ਗਿਆ ਹੈ। ਬਾਅਦ ਵਿੱਚ ਫੇਰ ਕੋਸ਼ਿਸ਼ ਕਰੋ।"},"error-offline":{"_":"ਕੋਈ ਕੁਨੈਕਸ਼ਨ ਨਹੀਂ। ਆਪਣੀ ਨੈੱਟਵਰਕ ਸੰਰਚਨਾ ਦੀ ਜਾਂਚ ਕਰੋ ਅਤੇ ਫੇਰ ਕੋਸ਼ਿਸ਼ ਕਰੋ।"},"error-account-exist":{"_":"ਇਹ ਖਾਤਾ ਪਹਿਲਾਂ ਹੀ ਮੌਜੂਦ ਹੈ।"},"notification-error-sync-title":{"_":"ਕੈਲੰਡਰ ਸਿੰਕ ਗਲਤੀ"},"notification-error-sync-description":{"_":"ਹੋਰ ਜਾਣਕਾਰੀ ਲਈ ਛੂਹੋ"},"weekday-0-long":{"_":"ਐਤਵਾਰ"},"weekday-1-long":{"_":"ਸੋਮਵਾਰ"},"weekday-2-long":{"_":"ਮੰਗਲਵਾਰ"},"weekday-3-long":{"_":"ਬੁੱਧਵਾਰ"},"weekday-4-long":{"_":"ਵੀਰਵਾਰ"},"weekday-5-long":{"_":"ਸ਼ੁੱਕਰਵਾਰ"},"weekday-6-long":{"_":"ਸ਼ਨਿੱਚਰਵਾਰ"},"weekday-0-short":{"_":"ਐਤ"},"weekday-1-short":{"_":"ਸੋਮ"},"weekday-2-short":{"_":"ਮੰਗਲ"},"weekday-3-short":{"_":"ਬੁੱਧ"},"weekday-4-short":{"_":"ਵੀਰ"},"weekday-5-short":{"_":"ਸ਼ੁੱਕਰ"},"weekday-6-short":{"_":"ਸ਼ਨਿੱ"},"month-0-long":{"_":"ਜਨਵਰੀ"},"month-1-long":{"_":"ਫਰਵਰੀ"},"month-2-long":{"_":"ਮਾਰਚ"},"month-3-long":{"_":"ਅਪਰੈਲ"},"month-4-long":{"_":"ਮਈ"},"month-5-long":{"_":"ਜੂਨ"},"month-6-long":{"_":"ਜੁਲਾਈ"},"month-7-long":{"_":"ਅਗਸਤ"},"month-8-long":{"_":"ਸਤੰਬਰ"},"month-9-long":{"_":"ਅਕਤੂਬਰ"},"month-10-long":{"_":"ਨਵੰਬਰ"},"month-11-long":{"_":"ਦਸੰਬਰ"},"month-0-genitive":{"_":"ਜਨਵਰੀ"},"month-1-genitive":{"_":"ਫਰਵਰੀ"},"month-2-genitive":{"_":"ਮਾਰਚ"},"month-3-genitive":{"_":"ਅਪਰੈਲ"},"month-4-genitive":{"_":"ਮਈ"},"month-5-genitive":{"_":"ਜੂਨ"},"month-6-genitive":{"_":"ਜੁਲਾਈ"},"month-7-genitive":{"_":"ਅਗਸਤ"},"month-8-genitive":{"_":"ਸਤੰਬਰ"},"month-9-genitive":{"_":"ਅਕਤੂਬਰ"},"month-10-genitive":{"_":"ਨਵੰਬਰ"},"month-11-genitive":{"_":"ਦਸੰਬਰ"},"month-0-short":{"_":"ਜਨ"},"month-1-short":{"_":"ਫਰ"},"month-2-short":{"_":"ਮਾਰ"},"month-3-short":{"_":"ਅਪ"},"month-4-short":{"_":"ਮਈ"},"month-5-short":{"_":"ਜੂਨ"},"month-6-short":{"_":"ਜੁਲਾ"},"month-7-short":{"_":"ਅਗ"},"month-8-short":{"_":"ਸਤੰ"},"month-9-short":{"_":"ਅਕਤੂ"},"month-10-short":{"_":"ਨਵੰ"},"month-11-short":{"_":"ਦਸੰ"},"minutes-ago-long":{"_":"{[ plural(value) ]}","_[zero]":"ਹੁਣੇ ਹੀਂ","_[one]":"ਮਿੰਟ ਕੁ ਪਹਿਲਾਂ","_[two]":"{{value}} ਮਿੰਟ ਪਹਿਲਾਂ","_[few]":"{{value}} ਮਿੰਟ ਪਹਿਲਾਂ","_[many]":"{{value}} ਮਿੰਟ ਪਹਿਲਾਂ","_[other]":"{{value}}  ਮਿੰਟ ਪਹਿਲਾਂ"},"hours-ago-long":{"_":"{[ plural(value) ]}","_[zero]":"ਹੁਣੇ ਹੀ","_[one]":"ਘੰਟਾ ਪਹਿਲਾਂ","_[two]":"{{value}} ਘੰਟੇ ਪਹਿਲਾਂ","_[few]":"{{value}} ਘੰਟੇ ਪਹਿਲਾਂ","_[many]":"{{value}} ਘੰਟੇ ਪਹਿਲਾਂ","_[other]":"{{value}} ਘੰਟੇ ਪਹਿਲਾਂ"},"days-ago-long":{"_":"{[ plural(value) ]}","_[zero]":"ਅੱਜ","_[one]":"ਕੱਲ੍ਹ","_[two]":"{{value}} ਦਿਨ ਪਹਿਲਾਂ","_[few]":"{{value}} ਦਿਨ ਪਹਿਲਾਂ","_[many]":"{{value}} ਦਿਨ ਪਹਿਲਾਂ","_[other]":"{{value}} ਦਿਨ ਪਹਿਲਾਂ"},"weeks-ago-long":{"_":"{[ plural(value) ]}","_[zero]":"ਇਹ ਹਫ਼ਤੇ","_[one]":"ਪਿਛਲੇ ਹਫ਼ਤੇ","_[two]":"{{value}} ਹਫ਼ਤੇ ਪਹਿਲਾਂ","_[few]":"{{value}} ਹਫ਼ਤੇ ਪਹਿਲਾਂ","_[many]":"{{value}} ਹਫ਼ਤੇ ਪਹਿਲਾਂ","_[other]":"{{value}} ਹਫ਼ਤੇ ਪਹਿਲਾਂ"},"months-ago-long":{"_":"{[ plural(value) ]}","_[zero]":"ਇਹ ਮਹੀਨੇ","_[one]":"ਪਿਛਲੇ ਮਹੀਨੇ","_[two]":"{{value}} ਮਹੀਨੇ ਪਹਿਲਾਂ","_[few]":"{{value}} ਮਹੀਨੇ ਪਹਿਲਾਂ","_[many]":"{{value}} ਮਹੀਨੇ ਪਹਿਲਾਂ","_[other]":"{{value}} ਮਹੀਨੇ ਪਹਿਲਾਂ"},"years-ago-long":{"_":"{[ plural(value) ]}","_[zero]":"ਇਹ ਸਾਲ","_[one]":"ਪਿਛਲੇ ਸਾਲ","_[two]":"{{value}} ਸਾਲ ਪਹਿਲਾਂ","_[few]":"{{value}} ਸਾਲ ਪਹਿਲਾਂ","_[many]":"{{value}} ਸਾਲ ਪਹਿਲਾਂ","_[other]":"{{value}} ਸਾਲ ਪਹਿਲਾਂ"},"minutes-until-long":{"_":"{[ plural(value) ]}","_[zero]":"ਹੁਣ","_[one]":"ਮਿੰਟ ਵਿੱਚ","_[two]":"{{value}} ਮਿੰਟਾਂ ਵਿੱਚ","_[few]":"{{value}} ਮਿੰਟਾਂ ਵਿੱਚ","_[many]":"{{value}} ਮਿੰਟਾਂ ਵਿੱਚ","_[other]":"{{value}} ਮਿੰਟਾਂ ਵਿੱਚ"},"hours-until-long":{"_":"{[ plural(value) ]}","_[zero]":"ਹੁਣ","_[one]":"ਇੱਕ ਘੰਟੇ ਵਿੱਚ","_[two]":"{{value}} ਘੰਟਿਆਂ ਵਿੱਚ","_[few]":"{{value}} ਘੰਟਿਆਂ ਵਿੱਚ","_[many]":"{{value}} ਘੰਟਿਆਂ ਵਿੱਚ","_[other]":"{{value}} ਘੰਟਿਆਂ ਵਿੱਚ"},"days-until-long":{"_":"{[ plural(value) ]}","_[zero]":"ਅੱਜ","_[one]":"ਭਲਕੇ","_[two]":"{{value}} ਦਿਨਾਂ ਵਿੱਚ","_[few]":"{{value}} ਦਿਨਾਂ ਵਿੱਚ","_[many]":"{{value}} ਦਿਨਾਂ ਵਿੱਚ","_[other]":"{{value}} ਦਿਨਾਂ ਵਿੱਚ"},"weeks-until-long":{"_":"{[ plural(value) ]}","_[zero]":"ਇਸ ਹਫ਼ਤੇ","_[one]":"ਅਗਲੇ ਹਫ਼ਤੇ","_[two]":"{{value}} ਹਫ਼ਤਿਆਂ ਵਿੱਚ","_[few]":"{{value}} ਹਫ਼ਤਿਆਂ ਵਿੱਚ","_[many]":"{{value}} ਹਫ਼ਤਿਆਂ ਵਿੱਚ","_[other]":"{{value}} ਹਫ਼ਤਿਆਂ ਵਿੱਚ"},"months-until-long":{"_":"{[ plural(value) ]}","_[zero]":"ਇਸ ਮਹੀਨੇ","_[one]":"ਅਗਲੇ ਮਹੀਨੇ","_[two]":"{{value}} ਮਹੀਨਿਆਂ ਵਿੱਚ","_[few]":"{{value}} ਮਹੀਨਿਆਂ ਵਿੱਚ","_[many]":"{{value}} ਮਹੀਨਿਆਂ ਵਿੱਚ","_[other]":"{{value}} ਮਹੀਨਿਆਂ ਵਿੱਚ"},"years-until-long":{"_":"{[ plural(value) ]}","_[zero]":"ਇਸ ਸਾਲ","_[one]":"ਅਗਲੇ ਸਾਲ","_[two]":"{{value}} ਸਾਲਾਂ ਵਿੱਚ","_[few]":"{{value}} ਸਾਲਾਂ ਵਿੱਚ","_[many]":"{{value}} ਸਾਲਾਂ ਵਿੱਚ","_[other]":"{{value}} ਸਾਲਾਂ ਵਿੱਚ"},"minutes-ago-short":{"_":"{[ plural(value) ]}","_[zero]":"ਹੁਣੇ ਹੀ","_[other]":"{{value}}ਮਿੰ ਪਹਿਲਾਂ"},"hours-ago-short":{"_":"{[ plural(value) ]}","_[zero]":"ਹੁਣੇ ਹੀਂ","_[other]":"{{value}}ਘੰ ਪਹਿਲਾਂ"},"days-ago-short":{"_":"{[ plural(value) ]}","_[zero]":"ਅੱਜ","_[other]":"{{value}}ਦਿ ਪਹਿਲਾਂ"},"minutes-until-short":{"_":"{[ plural(value) ]}","_[zero]":"ਹੁਣ","_[other]":"{{value}}ਮਿੰ ਵਿੱਚ"},"hours-until-short":{"_":"{[ plural(value) ]}","_[zero]":"ਹੁਣ","_[other]":"{{value}}ਘੰ ਵਿੱਚ"},"days-until-short":{"_":"{[ plural(value) ]}","_[zero]":"ਅੱਜ","_[other]":"{{value}}ਦਿ ਵਿੱਚ"},"incorrectDate":{"_":"(ਗਲਤ ਮਿਤੀ)"},"dateTimeFormat_%c":{"_":"%a %e %b  %Y %I:%M:%S %p"},"dateTimeFormat_%x":{"_":"%d/%m/%Y"},"dateTimeFormat_%X":{"_":"%I:%M:%S %p"},"shortTimeFormat":{"_":"%I:%M %p"},"shortDateTimeFormat":{"_":"%x %I:%M %p"},"weekStartsOnMonday":{"_":"1"},"time_am":{"_":"ਸਵੇਰੇ"},"time_pm":{"_":"ਸ਼ਾਮ"}}