{"back":{"_":"Wstecz"},"save":{"_":"Zapisz"},"hide":{"_":"Ukryj"},"cancel":{"_":"Anuluj"},"confirm":{"_":"Potwierdź"},"done":{"_":"Gotowe"},"events":{"_":"Wydarzenia"},"edit":{"_":"Edytuj"},"allday-events":{"_":"Wydarzenia całodzienne"},"hint-swipe-action":{"_":"Przesuń palcem"},"hint-swipe-to-navigate":{"_":", aby przejść do innej daty."},"show-today":{"_":"Dzisiaj"},"show-month-view":{"_":"Miesiąc"},"show-week-view":{"_":"Tydzień"},"show-day-view":{"_":"Dzień"},"settings-show":{"_":"Ustawienia"},"settings-hide":{"_":"Ukryj ustawienia"},"add-account":{"_":"Dodaj konto"},"new-event":{"_":"Dodaj wydarzenie"},"add-event-header":{"_":"Wydarzenie"},"account-header":{"_":"Konto"},"account-list-header":{"_":"Konta"},"settings-header":{"_":"Kalendarze"},"advanced-settings":{"_":"Ustawienia kalendarza"},"advanced-settings-header":{"_":"Kalendarze"},"advanced-settings-personalization":{"_":"Personalizacja"},"advanced-settings-reminders":{"_":"Przypomnienia"},"field-user":{"placeholder":"Nazwa użytkownika"},"field-password":{"placeholder":"Hasło"},"field-full-url":{"placeholder":"Adres URL"},"modify-account-setting-up":{"_":"Konfigurowanie konta…"},"modify-account-unable-to-sync":{"_":"Nie udało się zsynchronizować"},"modify-account-sign-in":{"_":"Zaloguj się"},"preset-caldav":{"_":"CalDav"},"preset-yahoo":{"_":"Yahoo!"},"preset-google":{"_":"Google"},"preset-local":{"_":"Kalendarz offline"},"preset-mozilla":{"_":"Mozilla Zimbra"},"calendar-local":{"_":"Kalendarz offline"},"event-title":{"placeholder":"Nazwa"},"event-location":{"placeholder":"Miejsce"},"event-description":{"placeholder":"Notatki"},"event-is-allday":{"_":"Wydarzenie trwa cały dzień?"},"event-start-date":{"placeholder":"Data rozpoczęcia"},"event-end-date":{"placeholder":"Data zakończenia"},"event-start-time":{"placeholder":"Czas rozpoczęcia"},"event-end-time":{"placeholder":"Czas zakończenia"},"event-delete":{"_":"Usuń wydarzenie"},"remove-account-data":{"_":"Usuń lokalne dane"},"remove-account-dialog":{"_":"Usuń konto"},"remove-account-dialog-details":{"_":"Usunięcie tego konta spowoduje również usunięcie lokalnej kopii skojarzonych kalendarzy i wydarzeń."},"sync-frequency":{"_":"Synchronizuj"},"sync-frequency-manual":{"textContent":"Ręcznie"},"sync-frequency-15min":{"textContent":"Co 15 min."},"sync-frequency-30min":{"textContent":"Co 30 min."},"sync-frequency-hourly":{"textContent":"Co godzinę"},"none":{"_":"Brak"},"remind-me":{"_":"Przypomnienie"},"from-time":{"_":"Od:"},"to-time":{"_":"Do:"},"alarm-at-event-standard":{"_":"O czasie"},"alarm-at-event-allday":{"_":"W dniu wydarzenia"},"alarm-start-notice":{"_":"Wydarzenie „{{title}}” zaczyna się {{distance}}"},"alarm-started-notice":{"_":"Wydarzenie „{{title}}” zaczęło się o {{distance}}"},"minutes-before":{"_":"{[plural(value)]}","_[zero]":"0 minut przed","_[one]":"Minutę przed","_[two]":"Dwie minuty przed","_[few]":"{{value}} minuty przed","_[many]":"{{value}} minut przed","_[other]":"{{value}} minut przed"},"hours-before":{"_":"{[plural(value)]}","_[zero]":"0 godzin przed","_[one]":"Godzinę przed","_[two]":"Dwie godziny przed","_[few]":"{{value}} godziny przed","_[many]":"{{value}} godzin przed","_[other]":"{{value}} godzin przed"},"days-before":{"_":"{[plural(value)]}","_[zero]":"0 dni przed","_[one]":"Dzień przed","_[two]":"Dwa dni przed","_[few]":"{{value}} dni przed","_[many]":"{{value}} dni przed","_[other]":"{{value}} dni przed"},"weeks-before":{"_":"{[plural(value)]}","_[zero]":"0 tygodni przed","_[one]":"Tydzień przed","_[two]":"Dwa tygodnie przed","_[few]":"{{value}} tygodnie przed","_[many]":"{{value}} tygodni przed","_[other]":"{{value}} tygodni przed"},"months-before":{"_":"{[plural(value)]}","_[zero]":"0 miesięcy przed","_[one]":"Miesiąc przed","_[two]":"Dwa miesiące przed","_[few]":"{{value}} miesiące przed","_[many]":"{{value}} miesięcy przed","_[other]":"{{value}} miesięcy przed"},"years-before":{"_":"{[plural(value)]}","_[zero]":"0 lat przed","_[one]":"Rok przed","_[two]":"Dwa lata przed","_[few]":"{{value}} lata przed","_[many]":"{{value}} lat przed","_[other]":"{{value}} lat przed"},"minutes-after":{"_":"{[plural(value)]}","_[zero]":"0 minut po","_[one]":"Minutę po","_[two]":"Dwie minuty po","_[few]":"{{value}} minuty po","_[many]":"{{value}} minut po","_[other]":"{{value}} minut po"},"hours-after":{"_":"{[plural(value)]}","_[zero]":"0 godzin po","_[one]":"Godzinę po","_[two]":"Dwie godziny po","_[few]":"{{value}} godziny po","_[many]":"{{value}} godzin po","_[other]":"{{value}} godzin po"},"days-after":{"_":"{[plural(value)]}","_[zero]":"0 dni po","_[one]":"Dzień po","_[two]":"dwa dni po","_[few]":"{{value}} dni po","_[many]":"{{value}} dni po","_[other]":"{{value}} dni po"},"weeks-after":{"_":"{[plural(value)]}","_[zero]":"0 tygodni po","_[one]":"Tydzień po","_[two]":"Dwa tygodnie po","_[few]":"{{value}} tygodnie po","_[many]":"{{value}} tygodni po","_[other]":"{{value}} tygodni po"},"months-after":{"_":"{[plural(value)]}","_[zero]":"0 miesięcy po","_[one]":"Miesiąc po","_[two]":"Dwa miesiące po","_[few]":"{{value}} miesiące po","_[many]":"{{value}} miesięcy po","_[other]":"{{value}} miesięcy po"},"years-after":{"_":"{[plural(value)]}","_[zero]":"0 lat po","_[one]":"Rok po","_[two]":"Dwa lata po","_[few]":"{{value}} lata po","_[many]":"{{value}} lat po","_[other]":"{{value}} lat po"},"hour-format":{"_":"%H"},"hour-allday":{"_":"Cały dzień"},"month-view-header-format":{"_":"%B %Y"},"multi-month-view-header-format":{"_":"%b %Y"},"day-view-header-format":{"_":"%a %e %Eb"},"error-start-after-end":{"_":"Data zakończenia musi następować po dacie rozpoczęcia"},"error-unauthenticated":{"_":"Błędna nazwa użytkownika lub hasło"},"error-no-url":{"_":"Brak połączenia. Sprawdź sieć Wi-Fi i spróbuj ponownie."},"error-internal-server-error":{"_":"Błąd serwera. Sprawdź dane logowania i spróbuj ponownie."},"error-default":{"_":"Coś poszło nie tak. Spróbuj ponownie później."},"error-offline":{"_":"Brak połączenia. Sprawdź konfigurację sieci i spróbuj ponownie."},"error-account-exist":{"_":"To konto już zostało dodane."},"notification-error-sync-title":{"_":"Błąd synchronizacji kalendarza"},"notification-error-sync-description":{"_":"Więcej informacji"},"weekday-0-long":{"_":"Niedziela"},"weekday-1-long":{"_":"Poniedziałek"},"weekday-2-long":{"_":"Wtorek"},"weekday-3-long":{"_":"Środa"},"weekday-4-long":{"_":"Czwartek"},"weekday-5-long":{"_":"Piątek"},"weekday-6-long":{"_":"Sobota"},"weekday-0-short":{"_":"Nd"},"weekday-1-short":{"_":"Pn"},"weekday-2-short":{"_":"Wt"},"weekday-3-short":{"_":"Śr"},"weekday-4-short":{"_":"Cz"},"weekday-5-short":{"_":"Pt"},"weekday-6-short":{"_":"Sb"},"month-0-long":{"_":"Styczeń"},"month-1-long":{"_":"Luty"},"month-2-long":{"_":"Marzec"},"month-3-long":{"_":"Kwiecień"},"month-4-long":{"_":"Maj"},"month-5-long":{"_":"Czerwiec"},"month-6-long":{"_":"Lipiec"},"month-7-long":{"_":"Sierpień"},"month-8-long":{"_":"Wrzesień"},"month-9-long":{"_":"Październik"},"month-10-long":{"_":"Listopad"},"month-11-long":{"_":"Grudzień"},"month-0-genitive":{"_":"stycznia"},"month-1-genitive":{"_":"lutego"},"month-2-genitive":{"_":"marca"},"month-3-genitive":{"_":"kwietnia"},"month-4-genitive":{"_":"maja"},"month-5-genitive":{"_":"czerwca"},"month-6-genitive":{"_":"lipca"},"month-7-genitive":{"_":"sierpnia"},"month-8-genitive":{"_":"września"},"month-9-genitive":{"_":"października"},"month-10-genitive":{"_":"listopada"},"month-11-genitive":{"_":"grudnia"},"month-0-short":{"_":"sty"},"month-1-short":{"_":"lut"},"month-2-short":{"_":"mar"},"month-3-short":{"_":"kwi"},"month-4-short":{"_":"maj"},"month-5-short":{"_":"cze"},"month-6-short":{"_":"lip"},"month-7-short":{"_":"sie"},"month-8-short":{"_":"wrz"},"month-9-short":{"_":"paź"},"month-10-short":{"_":"lis"},"month-11-short":{"_":"gru"},"minutes-ago-long":{"_":"{[plural(value)]}","_[zero]":"w tym momencie","_[one]":"przed minutą","_[two]":"dwie minuty temu","_[few]":"{{value}} minuty temu","_[many]":"{{value}} minut temu","_[other]":"{{value}} minut temu"},"hours-ago-long":{"_":"{[plural(value)]}","_[zero]":"w tej godzinie","_[one]":"godzinę temu","_[two]":"dwie godziny temu","_[few]":"{{value}} godziny temu","_[many]":"{{value}} godzin temu","_[other]":"{{value}} godzin temu"},"days-ago-long":{"_":"{[plural(value)]}","_[zero]":"dzisiaj","_[one]":"wczoraj","_[two]":"przedwczoraj","_[few]":"{{value}} dni temu","_[many]":"{{value}} dni temu","_[other]":"{{value}} dni temu"},"weeks-ago-long":{"_":"{[plural(value)]}","_[zero]":"w tym tygodniu","_[one]":"w zeszłym tygodniu","_[two]":"dwa tygodnie temu","_[few]":"{{value}} tygodnie temu","_[many]":"{{value}} tygodni temu","_[other]":"{{value}} tygodni temu"},"months-ago-long":{"_":"{[plural(value)]}","_[zero]":"w tym miesiącu","_[one]":"w zeszłym miesiącu","_[two]":"dwa miesiące temu","_[few]":"{{value}} miesiące temu","_[many]":"{{value}} miesięcy temu","_[other]":"{{value}} miesięcy temu"},"years-ago-long":{"_":"{[plural(value)]}","_[zero]":"w tym roku","_[one]":"w zeszłym roku","_[two]":"dwa lata temu","_[few]":"{{value}} lata temu","_[many]":"{{value}} lat temu","_[other]":"{{value}} lat temu"},"minutes-until-long":{"_":"{[plural(value)]}","_[zero]":"teraz","_[one]":"za minutę","_[two]":"za dwie minuty","_[few]":"za {{value}} minuty","_[many]":"za {{value}} minut","_[other]":"za {{value}} minut"},"hours-until-long":{"_":"{[plural(value)]}","_[zero]":"teraz","_[one]":"za godzinę","_[two]":"za dwie godziny","_[few]":"za {{value}} godziny","_[many]":"za {{value}} godzin","_[other]":"za {{value}} godzin"},"days-until-long":{"_":"{[plural(value)]}","_[zero]":"dzisiaj","_[one]":"jutro","_[two]":"za dwa dni","_[few]":"za {{value}} dni","_[many]":"za {{value}} dni","_[other]":"za {{value}} dni"},"weeks-until-long":{"_":"{[plural(value)]}","_[zero]":"w tym tygodniu","_[one]":"w przyszłym tygodniu","_[two]":"za dwa tygodnie","_[few]":"za {{value}} tygodnie","_[many]":"za {{value}} tygodni","_[other]":"za {{value}} tygodni"},"months-until-long":{"_":"{[plural(value)]}","_[zero]":"w tym miesiącu","_[one]":"w przyszłym miesiącu","_[two]":"za dwa miesiące","_[few]":"za {{value}} miesiące","_[many]":"za {{value}} miesięcy","_[other]":"za {{value}} miesięcy"},"years-until-long":{"_":"{[plural(value)]}","_[zero]":"w tym roku","_[one]":"w przyszłym roku","_[two]":"za dwa lata","_[few]":"za {{value}} lata","_[many]":"za {{value}} lat","_[other]":"za {{value}} lat"},"minutes-ago-short":{"_":"{[plural(value)]}","_[zero]":"teraz","_[other]":"{{value}} min temu"},"hours-ago-short":{"_":"{[plural(value)]}","_[zero]":"teraz","_[other]":"{{value}} godz. temu"},"days-ago-short":{"_":"{[plural(value)]}","_[zero]":"dzisiaj","_[other]":"{{value}} dni temu"},"minutes-until-short":{"_":"{[plural(value)]}","_[zero]":"teraz","_[other]":"za {{value}} min"},"hours-until-short":{"_":"{[plural(value)]}","_[zero]":"teraz","_[other]":"za {{value}} godz."},"days-until-short":{"_":"{[plural(value)]}","_[zero]":"dzisiaj","_[other]":"za {{value}} dni"},"incorrectDate":{"_":"(nieprawidłowa data)"},"dateTimeFormat_%c":{"_":"%a, %e %b %Y, %H:%M:%S"},"dateTimeFormat_%x":{"_":"%e.%m.%Y"},"dateTimeFormat_%X":{"_":"%H:%M:%S"},"shortTimeFormat":{"_":"%H:%M"},"shortDateTimeFormat":{"_":"%x %H:%M"},"weekStartsOnMonday":{"_":"1"},"time_am":{"_":"AM"},"time_pm":{"_":"PM"}}