{"back":{"_":"Voltar"},"save":{"_":"Salvar"},"hide":{"_":"Ocultar"},"cancel":{"_":"Cancelar"},"confirm":{"_":"Confirmar"},"done":{"_":"Concluído"},"events":{"_":"Eventos"},"edit":{"_":"Editar"},"allday-events":{"_":"Eventos de dia todo"},"hint-swipe-action":{"_":"Arraste"},"hint-swipe-to-navigate":{"_":"para navegar entre datas."},"show-today":{"_":"Hoje"},"show-month-view":{"_":"Mês"},"show-week-view":{"_":"Semana"},"show-day-view":{"_":"Dia"},"settings-show":{"_":"Configurações"},"settings-hide":{"_":"Ocultar configurações"},"add-account":{"_":"Adicionar uma conta"},"new-event":{"_":"Adicionar evento"},"add-event-header":{"_":"Evento"},"account-header":{"_":"Conta"},"account-list-header":{"_":"Contas"},"settings-header":{"_":"Calendários"},"advanced-settings":{"_":"Configurações"},"advanced-settings-header":{"_":"Configurações"},"advanced-settings-personalization":{"_":"Personalização"},"advanced-settings-reminders":{"_":"Lembretes"},"field-user":{"placeholder":"Nome de usuário"},"field-password":{"placeholder":"Senha"},"field-full-url":{"placeholder":"URL"},"modify-account-setting-up":{"_":"Por favor, aguarde enquanto sua conta é configurada"},"modify-account-unable-to-sync":{"_":"Não foi possível sincronizar"},"modify-account-sign-in":{"_":"Identificar-me"},"preset-caldav":{"_":"CalDav"},"preset-yahoo":{"_":"Yahoo!"},"preset-google":{"_":"Google"},"preset-local":{"_":"Calendário off-line"},"preset-mozilla":{"_":"Mozilla Zimbra"},"calendar-local":{"_":"Calendário off-line"},"event-title":{"placeholder":"Título"},"event-location":{"placeholder":"Onde?"},"event-description":{"placeholder":"Observações"},"event-is-allday":{"_":"O evento dura o dia todo?"},"event-start-date":{"placeholder":"Data de início"},"event-end-date":{"placeholder":"Data de término"},"event-start-time":{"placeholder":"Hora de início"},"event-end-time":{"placeholder":"Hora de término"},"event-delete":{"_":"Apagar evento"},"remove-account-data":{"_":"Apagar dados locais"},"remove-account-dialog":{"_":"Apagar conta"},"remove-account-dialog-details":{"_":"Apagar essa conta também apagará sua cópia local de calendários e eventos associados."},"sync-frequency":{"_":"Sincronizar"},"sync-frequency-manual":{"textContent":"Manualmente"},"sync-frequency-15min":{"textContent":"A cada 15min"},"sync-frequency-30min":{"textContent":"A cada 30min"},"sync-frequency-hourly":{"textContent":"De hora em hora"},"none":{"_":"Nenhum"},"remind-me":{"_":"Lembrar-me"},"from-time":{"_":"Das:"},"to-time":{"_":"Às:"},"alarm-at-event-standard":{"_":"Na hora do evento"},"alarm-at-event-allday":{"_":"No dia do evento"},"alarm-start-notice":{"_":"{{title}} começa em {{distance}}"},"alarm-started-notice":{"_":"{{title}} começou a {{distance}}"},"minutes-before":{"_":"{[ plural(value) ]}","_[zero]":"0 minutos antes","_[one]":"1 minuto antes","_[two]":"{{value}} minutos antes","_[few]":"{{value}} minutos antes","_[many]":"{{value}} minutos antes","_[other]":"{{value}} minutos antes"},"hours-before":{"_":"{[ plural(value) ]}","_[zero]":"0 horas antes","_[one]":"1 hora antes","_[two]":"{{value}} horas antes","_[few]":"{{value}} horas antes","_[many]":"{{value}} horas antes","_[other]":"{{value}} horas antes"},"days-before":{"_":"{[ plural(value) ]}","_[zero]":"0 dias antes","_[one]":"1 dia antes","_[two]":"{{value}} dias antes","_[few]":"{{value}} dias antes","_[many]":"{{value}} dias antes","_[other]":"{{value}} dias antes"},"weeks-before":{"_":"{[ plural(value) ]}","_[zero]":"0 semanas antes","_[one]":"1 semana antes","_[two]":"{{value}} semanas antes","_[few]":"{{value}} semanas antes","_[many]":"{{value}} semanas antes","_[other]":"{{value}} semanas antes"},"months-before":{"_":"{[ plural(value) ]}","_[zero]":"0 meses antes","_[one]":"1 mês antes","_[two]":"{{value}} meses antes","_[few]":"{{value}} meses antes","_[many]":"{{value}} meses antes","_[other]":"{{value}} meses antes"},"years-before":{"_":"{[ plural(value) ]}","_[zero]":"0 anos antes","_[one]":"1 ano antes","_[two]":"{{value}} anos antes","_[few]":"{{value}} anos antes","_[many]":"{{value}} anos antes","_[other]":"{{value}} anos antes"},"minutes-after":{"_":"{[ plural(value) ]}","_[zero]":"0 minutos depois","_[one]":"1 minuto depois","_[two]":"{{value}} minutos depois","_[few]":"{{value}} minutos depois","_[many]":"{{value}} minutos depois","_[other]":"{{value}} minutos depois"},"hours-after":{"_":"{[ plural(value) ]}","_[zero]":"0 horas depois","_[one]":"1 hora depois","_[two]":"{{value}} horas depois","_[few]":"{{value}} horas depois","_[many]":"{{value}} horas depois","_[other]":"{{value}} horas depois"},"days-after":{"_":"{[ plural(value) ]}","_[zero]":"0 dias depois","_[one]":"1 dia depois","_[two]":"{{value}} dias depois","_[few]":"{{value}} dias depois","_[many]":"{{value}} dias depois","_[other]":"{{value}} dias depois"},"weeks-after":{"_":"{[ plural(value) ]}","_[zero]":"0 semanas depois","_[one]":"1 semana depois","_[two]":"{{value}} semanas depois","_[few]":"{{value}} semanas depois","_[many]":"{{value}} semanas depois","_[other]":"{{value}} semanas depois"},"months-after":{"_":"{[ plural(value) ]}","_[zero]":"0 meses depois","_[one]":"1 mês depois","_[two]":"{{value}} meses depois","_[few]":"{{value}} meses depois","_[many]":"{{value}} meses depois","_[other]":"{{value}} meses depois"},"years-after":{"_":"{[ plural(value) ]}","_[zero]":"0 anos depois","_[one]":"1 ano depois","_[two]":"{{value}} anos depois","_[few]":"{{value}} anos depois","_[many]":"{{value}} anos depois","_[other]":"{{value}} anos depois"},"hour-format":{"_":"%H"},"hour-allday":{"_":"Dia todo"},"month-view-header-format":{"_":"%B %Y"},"multi-month-view-header-format":{"_":"%b %Y"},"day-view-header-format":{"_":"%a, %e de %B"},"error-start-after-end":{"_":"A data de término deve vir após a data de início"},"error-unauthenticated":{"_":"Usuário e/ou senha incorreto"},"error-no-url":{"_":"Sem conexão. Verifique o Wi-Fi e tente novamente."},"error-internal-server-error":{"_":"Erro do servidor. Verifique suas informações e tente novamente."},"error-default":{"_":"Algo está errado. Tente novamente."},"error-offline":{"_":"Sem conexão. Verifique sua conexão e tente novamente."},"error-account-exist":{"_":"Essa conta já existe."},"notification-error-sync-title":{"_":"Erro ao sincronizar calendário"},"notification-error-sync-description":{"_":"Toque para mais informações"},"single-month-view-header-format":{"_":"%B"},"weekday-0-long":{"_":"Domingo"},"weekday-1-long":{"_":"Segunda-feira"},"weekday-2-long":{"_":"Terça-feira"},"weekday-3-long":{"_":"Quarta-feira"},"weekday-4-long":{"_":"Quinta-feira"},"weekday-5-long":{"_":"Sexta-feira"},"weekday-6-long":{"_":"Sábado"},"weekday-0-short":{"_":"Dom"},"weekday-1-short":{"_":"Seg"},"weekday-2-short":{"_":"Ter"},"weekday-3-short":{"_":"Qua"},"weekday-4-short":{"_":"Qui"},"weekday-5-short":{"_":"Sex"},"weekday-6-short":{"_":"Sáb"},"month-0-long":{"_":"Janeiro"},"month-1-long":{"_":"Fevereiro"},"month-2-long":{"_":"Março"},"month-3-long":{"_":"Abril"},"month-4-long":{"_":"Maio"},"month-5-long":{"_":"Junho"},"month-6-long":{"_":"Julho"},"month-7-long":{"_":"Agosto"},"month-8-long":{"_":"Setembro"},"month-9-long":{"_":"Outubro"},"month-10-long":{"_":"Novembro"},"month-11-long":{"_":"Dezembro"},"month-0-genitive":{"_":"Janeiro"},"month-1-genitive":{"_":"Fevereiro"},"month-2-genitive":{"_":"Março"},"month-3-genitive":{"_":"Abril"},"month-4-genitive":{"_":"Maio"},"month-5-genitive":{"_":"Junho"},"month-6-genitive":{"_":"Julho"},"month-7-genitive":{"_":"Agosto"},"month-8-genitive":{"_":"Setembro"},"month-9-genitive":{"_":"Outubro"},"month-10-genitive":{"_":"Novembro"},"month-11-genitive":{"_":"Dezembro"},"month-0-short":{"_":"Jan"},"month-1-short":{"_":"Fev"},"month-2-short":{"_":"Mar"},"month-3-short":{"_":"Abr"},"month-4-short":{"_":"Mai"},"month-5-short":{"_":"Jun"},"month-6-short":{"_":"Jul"},"month-7-short":{"_":"Ago"},"month-8-short":{"_":"Set"},"month-9-short":{"_":"Out"},"month-10-short":{"_":"Nov"},"month-11-short":{"_":"Dez"},"minutes-ago-long":{"_":"{[ plural(value) ]}","_[zero]":"há pouco","_[one]":"um minuto atrás","_[two]":"{{value}} minutos atrás","_[few]":"{{value}} minutos atrás","_[many]":"{{value}} minutos atrás","_[other]":"{{value}} minutos atrás"},"hours-ago-long":{"_":"{[ plural(value) ]}","_[zero]":"há pouco","_[one]":"uma hora atrás","_[two]":"{{value}} horas atrás","_[few]":"{{value}} horas atrás","_[many]":"{{value}} horas atrás","_[other]":"{{value}} horas atrás"},"days-ago-long":{"_":"{[ plural(value) ]}","_[zero]":"hoje","_[one]":"ontem","_[two]":"{{value}} dias atrás","_[few]":"{{value}} dias atrás","_[many]":"{{value}} dias atrás","_[other]":"{{value}} dias atrás"},"weeks-ago-long":{"_":"{[ plural(value) ]}","_[zero]":"esta semana","_[one]":"semana passada","_[two]":"{{value}} semanas atrás","_[few]":"{{value}} semanas atrás","_[many]":"{{value}} semanas atrás","_[other]":"{{value}} semanas atrás"},"months-ago-long":{"_":"{[ plural(value) ]}","_[zero]":"este mês","_[one]":"mês passado","_[two]":"{{value}} meses atrás","_[few]":"{{value}} meses atrás","_[many]":"{{value}} meses atrás","_[other]":"{{value}} meses atrás"},"years-ago-long":{"_":"{[ plural(value) ]}","_[zero]":"este ano","_[one]":"ano passado","_[two]":"{{value}} anos atrás","_[few]":"{{value}} anos atrás","_[many]":"{{value}} anos atrás","_[other]":"{{value}} anos atrás"},"minutes-until-long":{"_":"{[ plural(value) ]}","_[zero]":"agora","_[one]":"em um minuto","_[two]":"em {{value}} minutos","_[few]":"em {{value}} minutos","_[many]":"em {{value}} minutos","_[other]":"em {{value}} minutos"},"hours-until-long":{"_":"{[ plural(value) ]}","_[zero]":"agora","_[one]":"em uma hora","_[two]":"em {{value}} horas","_[few]":"em {{value}} horas","_[many]":"em {{value}} horas","_[other]":"em {{value}} horas"},"days-until-long":{"_":"{[ plural(value) ]}","_[zero]":"hoje","_[one]":"amanhã","_[two]":"em {{value}} dias","_[few]":"em {{value}} dias","_[many]":"em {{value}} dias","_[other]":"em {{value}} dias"},"weeks-until-long":{"_":"{[ plural(value) ]}","_[zero]":"esta semana","_[one]":"semana que vem","_[two]":"em {{value}} semanas","_[few]":"em {{value}} semanas","_[many]":"em {{value}} semanas","_[other]":"em {{value}} semanas"},"months-until-long":{"_":"{[ plural(value) ]}","_[zero]":"este mês","_[one]":"mês que vem","_[two]":"em {{value}} meses","_[few]":"em {{value}} meses","_[many]":"em {{value}} meses","_[other]":"em {{value}} meses"},"years-until-long":{"_":"{[ plural(value) ]}","_[zero]":"este ano","_[one]":"ano que vem","_[two]":"em {{value}} anos","_[few]":"em {{value}} anos","_[many]":"em {{value}} anos","_[other]":"em {{value}} anos"},"minutes-ago-short":{"_":"{[ plural(value) ]}","_[zero]":"há pouco","_[other]":"{{value}}min atrás"},"hours-ago-short":{"_":"{[ plural(value) ]}","_[zero]":"há pouco","_[other]":"{{value}}h atrás"},"days-ago-short":{"_":"{[ plural(value) ]}","_[zero]":"hoje","_[other]":"{{value}}d atrás"},"minutes-until-short":{"_":"{[ plural(value) ]}","_[zero]":"agora","_[other]":"em {{value}}min"},"hours-until-short":{"_":"{[ plural(value) ]}","_[zero]":"agora","_[other]":"em {{value}}h"},"days-until-short":{"_":"{[ plural(value) ]}","_[zero]":"hoje","_[other]":"em {{value}}d"},"incorrectDate":{"_":"(data incorreta)"},"dateTimeFormat_%c":{"_":"%A, %e de %B de %Y %Hh %Mmin %Ss"},"dateTimeFormat_%x":{"_":"%d/%m/%Y"},"dateTimeFormat_%X":{"_":"%Hh %Mmin %Ss"},"shortTimeFormat":{"_":"%Hh%M"},"shortDateTimeFormat":{"_":"%x %Hh%M"},"weekStartsOnMonday":{"_":"0"},"time_am":{"_":"AM"},"time_pm":{"_":"PM"}}