{"back":{"_":"Înapoi"},"save":{"_":"Salvează"},"hide":{"_":"Ascunde"},"cancel":{"_":"Renunță"},"confirm":{"_":"Confirmă"},"done":{"_":"Gata"},"events":{"_":"Evenimente"},"edit":{"_":"Editează"},"allday-events":{"_":"Evenimente toată ziua"},"hint-swipe-action":{"_":"Glisează"},"hint-swipe-to-navigate":{"_":"pentru a naviga între datele calendaristice."},"show-today":{"_":"Astăzi"},"show-month-view":{"_":"Lună"},"show-week-view":{"_":"Săptămână"},"show-day-view":{"_":"Zi"},"settings-show":{"_":"Setări"},"settings-hide":{"_":"Ascunde setările"},"add-account":{"_":"Adaugă un cont"},"new-event":{"_":"Adaugă eveniment"},"add-event-header":{"_":"Eveniment"},"account-header":{"_":"Cont"},"account-list-header":{"_":"Conturi"},"settings-header":{"_":"Calendare"},"advanced-settings":{"_":"Setări pt. calendar"},"advanced-settings-header":{"_":"Setări pt. calendar"},"advanced-settings-personalization":{"_":"Personalizare"},"advanced-settings-reminders":{"_":"Mementouri"},"field-user":{"placeholder":"Utilizator"},"field-password":{"placeholder":"Parolă"},"field-full-url":{"placeholder":"Adresă web"},"modify-account-setting-up":{"_":"Te rugăm să aștepți cât timp contul îți este configurat"},"modify-account-unable-to-sync":{"_":"Nu se poate sincroniza"},"modify-account-sign-in":{"_":"Autentificare"},"preset-caldav":{"_":"CalDav"},"preset-yahoo":{"_":"Yahoo!"},"preset-google":{"_":"Google"},"preset-local":{"_":"Calendar offline"},"preset-mozilla":{"_":"Mozilla Zimbra"},"calendar-local":{"_":"Calendar offline"},"event-title":{"placeholder":"Titlu"},"event-location":{"placeholder":"Unde?"},"event-description":{"placeholder":"Notițe"},"event-is-allday":{"_":"Eveniment toată ziua?"},"event-start-date":{"placeholder":"Data inițială"},"event-end-date":{"placeholder":"Data finală"},"event-start-time":{"placeholder":"Ora de începere"},"event-end-time":{"placeholder":"Ora de finalizare"},"event-delete":{"_":"Șterge evenimentul"},"remove-account-data":{"_":"Elimină datele locale"},"remove-account-dialog":{"_":"Elimină contul"},"remove-account-dialog-details":{"_":"Eliminarea acestui cont va elimina și copia locală a calendarelor și evenimentelor asociate."},"sync-frequency":{"_":"Sincronizează calendarul"},"sync-frequency-manual":{"textContent":"Manual"},"sync-frequency-15min":{"textContent":"15 min"},"sync-frequency-30min":{"textContent":"30 min"},"sync-frequency-hourly":{"textContent":"În fiecare oră"},"none":{"_":"Nimic"},"remind-me":{"_":"Adu-mi aminte"},"from-time":{"_":"De la:"},"to-time":{"_":"Până la:"},"alarm-at-event-standard":{"_":"La ora evenimentului"},"alarm-at-event-allday":{"_":"În ziua evenimentului"},"alarm-start-notice":{"_":"{{title}} începe {{distance}}"},"alarm-started-notice":{"_":"{{title}} a început {{distance}}"},"minutes-before":{"_":"{[ plural(value) ]}","_[zero]":"cu 0 minute înainte","_[one]":"cu 1 minut înainte","_[two]":"cu {{value}} minute înainte","_[few]":"cu {{value}} minute înainte","_[many]":"cu {{value}} minute înainte","_[other]":"cu {{value}} minute înainte"},"hours-before":{"_":"{[ plural(value) ]}","_[zero]":"cu 0 ore înainte","_[one]":"cu 1 oră înainte","_[two]":"cu {{value}} ore înainte","_[few]":"cu {{value}} ore înainte","_[many]":"cu {{value}} ore înainte","_[other]":"cu {{value}} ore înainte"},"days-before":{"_":"{[ plural(value) ]}","_[zero]":"cu 0 zile înainte","_[one]":"cu 1 zi înainte","_[two]":"cu {{value}} zile înainte","_[few]":"cu {{value}} zile înainte","_[many]":"cu {{value}} zile înainte","_[other]":"cu {{value}} zile înainte"},"weeks-before":{"_":"{[ plural(value) ]}","_[zero]":"cu 0 săptămâni înainte","_[one]":"cu 1 săptămână înainte","_[two]":"cu {{value}} săptămâni înainte","_[few]":"cu {{value}} săptămâni înainte","_[many]":"cu {{value}} săptămâni înainte","_[other]":"cu {{value}} săptămâni înainte"},"months-before":{"_":"{[ plural(value) ]}","_[zero]":"cu 0 luni înainte","_[one]":"cu 1 lună înainte","_[two]":"cu {{value}} luni înainte","_[few]":"cu {{value}} luni înainte","_[many]":"cu {{value}} luni înainte","_[other]":"cu {{value}} luni înainte"},"years-before":{"_":"{[ plural(value) ]}","_[zero]":"cu 0 ani înainte","_[one]":"cu 1 an înainte","_[two]":"cu {{value}} ani înainte","_[few]":"cu {{value}} ani înainte","_[many]":"cu {{value}} ani înainte","_[other]":"cu {{value}} ani înainte"},"minutes-after":{"_":"{[ plural(value) ]}","_[zero]":"la 0 minute după","_[one]":"la 1 minut după","_[two]":"la {{value}} minute după","_[few]":"la {{value}} minute după","_[many]":"la {{value}} minute după","_[other]":"la {{value}} minute după"},"hours-after":{"_":"{[ plural(value) ]}","_[zero]":"la 0 ore după","_[one]":"la 1 oră după","_[two]":"la {{value}} ore după","_[few]":"la {{value}} ore după","_[many]":"la {{value}} ore după","_[other]":"la {{value}} ore după"},"days-after":{"_":"{[ plural(value) ]}","_[zero]":"la 0 zile după","_[one]":"la 1 zi după","_[two]":"la {{value}} zile după","_[few]":"la {{value}} zile după","_[many]":"la {{value}} zile după","_[other]":"la {{value}} zile după"},"weeks-after":{"_":"{[ plural(value) ]}","_[zero]":"la 0 săptămâni după","_[one]":"la 1 săptămână după","_[two]":"la {{value}} săptămâni după","_[few]":"la {{value}} săptămâni după","_[many]":"la {{value}} săptămâni după","_[other]":"la {{value}} săptămâni după"},"months-after":{"_":"{[ plural(value) ]}","_[zero]":"la 0 luni după","_[one]":"la 1 lună după","_[two]":"la {{value}} luni după","_[few]":"la {{value}} luni după","_[many]":"la {{value}} luni după","_[other]":"la {{value}} luni după"},"years-after":{"_":"{[ plural(value) ]}","_[zero]":"la 0 ani după","_[one]":"la 1 an după","_[two]":"la {{value}} ani după","_[few]":"la {{value}} ani după","_[many]":"la {{value}} ani după","_[other]":"la {{value}} ani după"},"hour-format":{"_":"%H"},"hour-allday":{"_":"Toată ziua"},"month-view-header-format":{"_":"%B %Y"},"multi-month-view-header-format":{"_":"%b %Y"},"day-view-header-format":{"_":"%A, %e %B"},"error-start-after-end":{"_":"Data finală trebuie să fie după data inițială"},"error-unauthenticated":{"_":"Autentificare greșită și/sau parola"},"error-no-url":{"_":"Nicio conexiune. Verifică Wi-Fi și reîncearcă."},"error-internal-server-error":{"_":"Eroare de server. Verifică autentificarea și reîncearcă."},"error-default":{"_":"Ceva este în neregulă. Reîncearcă mai târziu."},"error-offline":{"_":"Fără conexiune. Verifică configurația rețelei și reîncearcă."},"error-account-exist":{"_":"Acest cont există deja."},"notification-error-sync-title":{"_":"Eroare la sincronizarea calendarului"},"notification-error-sync-description":{"_":"Apasă pentru mai multe informații"},"weekday-0-long":{"_":"duminică"},"weekday-1-long":{"_":"luni"},"weekday-2-long":{"_":"marți"},"weekday-3-long":{"_":"miercuri"},"weekday-4-long":{"_":"joi"},"weekday-5-long":{"_":"vineri"},"weekday-6-long":{"_":"sâmbătă"},"weekday-0-short":{"_":"dum"},"weekday-1-short":{"_":"lun"},"weekday-2-short":{"_":"mar"},"weekday-3-short":{"_":"mie"},"weekday-4-short":{"_":"joi"},"weekday-5-short":{"_":"vin"},"weekday-6-short":{"_":"sâm"},"month-0-long":{"_":"ianuarie"},"month-1-long":{"_":"februarie"},"month-2-long":{"_":"martie"},"month-3-long":{"_":"aprilie"},"month-4-long":{"_":"mai"},"month-5-long":{"_":"iunie"},"month-6-long":{"_":"iulie"},"month-7-long":{"_":"august"},"month-8-long":{"_":"septembrie"},"month-9-long":{"_":"octombrie"},"month-10-long":{"_":"noiembrie"},"month-11-long":{"_":"decembrie"},"month-0-genitive":{"_":"ianuarie"},"month-1-genitive":{"_":"februarie"},"month-2-genitive":{"_":"martie"},"month-3-genitive":{"_":"aprilie"},"month-4-genitive":{"_":"mai"},"month-5-genitive":{"_":"iunie"},"month-6-genitive":{"_":"iulie"},"month-7-genitive":{"_":"august"},"month-8-genitive":{"_":"septembrie"},"month-9-genitive":{"_":"octombrie"},"month-10-genitive":{"_":"noiembrie"},"month-11-genitive":{"_":"decembrie"},"month-0-short":{"_":"ian"},"month-1-short":{"_":"feb"},"month-2-short":{"_":"mar"},"month-3-short":{"_":"apr"},"month-4-short":{"_":"mai"},"month-5-short":{"_":"iun"},"month-6-short":{"_":"iul"},"month-7-short":{"_":"aug"},"month-8-short":{"_":"sep"},"month-9-short":{"_":"oct"},"month-10-short":{"_":"noi"},"month-11-short":{"_":"dec"},"minutes-ago-long":{"_":"{[ plural(value) ]}","_[zero]":"chiar acum","_[one]":"acum un minut","_[two]":"acum {{value}} minute","_[few]":"acum {{value}} minute","_[many]":"acum {{value}} minute","_[other]":"acum {{value}} minute"},"hours-ago-long":{"_":"{[ plural(value) ]}","_[zero]":"chiar acum","_[one]":"acum cu o oră","_[two]":"acum {{value}} ore","_[few]":"acum {{value}} ore","_[many]":"acum {{value}} ore","_[other]":"acum {{value}} ore"},"days-ago-long":{"_":"{[ plural(value) ]}","_[zero]":"astăzi","_[one]":"ieri","_[two]":"acum {{value}} zile","_[few]":"acum {{value}} zile","_[many]":"acum {{value}} zile","_[other]":"acum {{value}} zile"},"weeks-ago-long":{"_":"{[ plural(value) ]}","_[zero]":"săptămâna aceasta","_[one]":"săptămâna trecută","_[two]":"acum {{value}} săptămâni","_[few]":"acum {{value}} săptămâni","_[many]":"acum {{value}} săptămâni","_[other]":"acum {{value}} săptămâni"},"months-ago-long":{"_":"{[ plural(value) ]}","_[zero]":"luna aceasta","_[one]":"luna trecută","_[two]":"acum {{value}} luni","_[few]":"acum {{value}} luni","_[many]":"acum {{value}} luni","_[other]":"acum {{value}} luni"},"years-ago-long":{"_":"{[ plural(value) ]}","_[zero]":"anul acesta","_[one]":"anul trecut","_[two]":"acum {{value}} ani","_[few]":"acum {{value}} ani","_[many]":"acum {{value}} ani","_[other]":"acum {{value}} ani"},"minutes-until-long":{"_":"{[ plural(value) ]}","_[zero]":"acum","_[one]":"într-un minut","_[two]":"în {{value}} minute","_[few]":"în {{value}} minute","_[many]":"în {{value}} minute","_[other]":"în {{value}} minute"},"hours-until-long":{"_":"{[ plural(value) ]}","_[zero]":"acum","_[one]":"într-o oră","_[two]":"în {{value}} ore","_[few]":"în {{value}} ore","_[many]":"în {{value}} ore","_[other]":"în {{value}} ore"},"days-until-long":{"_":"{[ plural(value) ]}","_[zero]":"astăzi","_[one]":"mâine","_[two]":"în {{value}} zile","_[few]":"în {{value}} zile","_[many]":"în {{value}} zile","_[other]":"în {{value}} zile"},"weeks-until-long":{"_":"{[ plural(value) ]}","_[zero]":"săptămâna aceasta","_[one]":"săptămâna următoare","_[two]":"în {{value}} săptămâni","_[few]":"în {{value}} săptămâni","_[many]":"în {{value}} săptămâni","_[other]":"în {{value}} săptămâni"},"months-until-long":{"_":"{[ plural(value) ]}","_[zero]":"luna aceasta","_[one]":"luna următoare","_[two]":"în {{value}} luni","_[few]":"în {{value}} luni","_[many]":"în {{value}} luni","_[other]":"în {{value}} luni"},"years-until-long":{"_":"{[ plural(value) ]}","_[zero]":"anul acesta","_[one]":"anul următor","_[two]":"în {{value}} ani","_[few]":"în {{value}} ani","_[many]":"în {{value}} ani","_[other]":"în {{value}} ani"},"minutes-ago-short":{"_":"{[ plural(value) ]}","_[zero]":"chiar acum","_[other]":"acum {{value}} min."},"hours-ago-short":{"_":"{[ plural(value) ]}","_[zero]":"chiar acum","_[other]":"acum {{value}}h"},"days-ago-short":{"_":"{[ plural(value) ]}","_[zero]":"astăzi","_[other]":"acum {{value}}z"},"minutes-until-short":{"_":"{[ plural(value) ]}","_[zero]":"acum","_[other]":"în {{value}}m"},"hours-until-short":{"_":"{[ plural(value) ]}","_[zero]":"acum","_[other]":"în {{value}}h"},"days-until-short":{"_":"{[ plural(value) ]}","_[zero]":"astăzi","_[other]":"în {{value}}z"},"incorrectDate":{"_":"(dată incorectă)"},"dateTimeFormat_%c":{"_":"%a, %e %b %Y %H:%M:%S"},"dateTimeFormat_%x":{"_":"%d/%m/%Y"},"dateTimeFormat_%X":{"_":"%H:%M:%S"},"shortTimeFormat":{"_":"%H:%M"},"shortDateTimeFormat":{"_":"%x %H:%M"},"weekStartsOnMonday":{"_":"0"},"time_am":{"_":"AM"},"time_pm":{"_":"PM"}}