{"back":{"_":"Назад"},"save":{"_":"Сохранить"},"hide":{"_":"Скрыть"},"cancel":{"_":"Отмена"},"confirm":{"_":"Подтвердить"},"done":{"_":"Готово"},"events":{"_":"События"},"edit":{"_":"Изменить"},"allday-events":{"_":"События на весь день"},"hint-swipe-action":{"_":"Проведите пальцем"},"hint-swipe-to-navigate":{"_":"для перехода между календарными датами."},"show-today":{"_":"Сегодня"},"show-month-view":{"_":"Месяц"},"show-week-view":{"_":"Неделя"},"show-day-view":{"_":"День"},"settings-show":{"_":"Параметры"},"settings-hide":{"_":"Скрыть параметры"},"add-account":{"_":"Добавить уч. запись"},"new-event":{"_":"Добавить событие"},"add-event-header":{"_":"Событие"},"account-header":{"_":"Уч. запись"},"account-list-header":{"_":"Учётные записи"},"settings-header":{"_":"Календари"},"advanced-settings":{"_":"Параметры"},"advanced-settings-header":{"_":"Параметры"},"advanced-settings-personalization":{"_":"Персонализация"},"advanced-settings-reminders":{"_":"Напоминания"},"field-user":{"placeholder":"Имя пользователя"},"field-password":{"placeholder":"Пароль"},"field-full-url":{"placeholder":"URL"},"modify-account-setting-up":{"_":"Пожалуйста, подождите, пока идёт настройка вашей учётной записи"},"modify-account-unable-to-sync":{"_":"Не удалось синхронизироваться"},"modify-account-sign-in":{"_":"Войти"},"preset-caldav":{"_":"CalDav"},"preset-yahoo":{"_":"Yahoo!"},"preset-google":{"_":"Google"},"preset-local":{"_":"Офлайн-календарь"},"preset-mozilla":{"_":"Mozilla Zimbra"},"calendar-local":{"_":"Офлайн-календарь"},"event-title":{"placeholder":"Заголовок"},"event-location":{"placeholder":"Где?"},"event-description":{"placeholder":"Заметки"},"event-is-allday":{"_":"Событие на весь день?"},"event-start-date":{"placeholder":"Начальная дата"},"event-end-date":{"placeholder":"Конечная дата"},"event-start-time":{"placeholder":"Начальное время"},"event-end-time":{"placeholder":"Конечное время"},"event-delete":{"_":"Удалить событие"},"remove-account-data":{"_":"Удалить локальные данные"},"remove-account-dialog":{"_":"Удалить учётную запись"},"remove-account-dialog-details":{"_":"Удаление этой учётной записи также приведёт к удалению вашей локальной копии связанных с ней календарей и событий."},"sync-frequency":{"_":"Синхронизация календаря"},"sync-frequency-manual":{"textContent":"Вручную"},"sync-frequency-15min":{"textContent":"Каждые 15 минут"},"sync-frequency-30min":{"textContent":"Каждые 30 минут"},"sync-frequency-hourly":{"textContent":"Каждый час"},"none":{"_":"Нет"},"remind-me":{"_":"Напомнить мне"},"from-time":{"_":"С: "},"to-time":{"_":"По: "},"alarm-at-event-standard":{"_":"Во время события"},"alarm-at-event-allday":{"_":"В день события"},"alarm-start-notice":{"_":"{{title}} начинается {{distance}}"},"alarm-started-notice":{"_":"{{title}} началось {{distance}}"},"minutes-before":{"_":"{[ plural(value) ]}","_[zero]":"За 0 минут","_[one]":"За {{value}} минуту","_[two]":"За {{value}} минуты","_[few]":"За {{value}} минуты","_[many]":"За {{value}} минут","_[other]":"За {{value}} минут"},"hours-before":{"_":"{[ plural(value) ]}","_[zero]":"За 0 часов","_[one]":"За {{value}} час","_[two]":"За {{value}} часа","_[few]":"За {{value}} часа","_[many]":"За {{value}} часов","_[other]":"За {{value}} часов"},"days-before":{"_":"{[ plural(value) ]}","_[zero]":"За 0 дней","_[one]":"За {{value}} день","_[two]":"За {{value}} дня","_[few]":"За {{value}} дня","_[many]":"За {{value}} дней","_[other]":"За {{value}} дней"},"weeks-before":{"_":"{[ plural(value) ]}","_[zero]":"За 0 недель","_[one]":"За {{value}} неделю","_[two]":"За {{value}} недели","_[few]":"За {{value}} недели","_[many]":"За {{value}} недель","_[other]":"За {{value}} недель"},"months-before":{"_":"{[ plural(value) ]}","_[zero]":"За 0 месяцев","_[one]":"За {{value}} месяц","_[two]":"За {{value}} месяца","_[few]":"За {{value}} месяца","_[many]":"За {{value}} месяцев","_[other]":"За {{value}} месяцев"},"years-before":{"_":"{[ plural(value) ]}","_[zero]":"За 0 лет","_[one]":"За {{value}} год","_[two]":"За {{value}} года","_[few]":"За {{value}} года","_[many]":"За {{value}} лет","_[other]":"За {{value}} лет"},"minutes-after":{"_":"{[ plural(value) ]}","_[zero]":"Через 0 минут","_[one]":"Через {{value}} минуту","_[two]":"Через {{value}} минуты","_[few]":"Через {{value}} минуты","_[many]":"Через {{value}} минут","_[other]":"Через {{value}} минут"},"hours-after":{"_":"{[ plural(value) ]}","_[zero]":"Через 0 часов","_[one]":"Через {{value}} час","_[two]":"Через {{value}} часа","_[few]":"Через {{value}} часа","_[many]":"Через {{value}} часов","_[other]":"Через {{value}} часов"},"days-after":{"_":"{[ plural(value) ]}","_[zero]":"Через 0 дней","_[one]":"Через {{value}} день","_[two]":"Через {{value}} дня","_[few]":"Через {{value}} дня","_[many]":"Через {{value}} дней","_[other]":"Через {{value}} дней"},"weeks-after":{"_":"{[ plural(value) ]}","_[zero]":"Через 0 недель","_[one]":"Через {{value}} неделю","_[two]":"Через {{value}} недели","_[few]":"Через {{value}} недели","_[many]":"Через {{value}} недель","_[other]":"Через {{value}} недель"},"months-after":{"_":"{[ plural(value) ]}","_[zero]":"Через 0 месяцев","_[one]":"Через {{value}} месяц","_[two]":"Через {{value}} месяца","_[few]":"Через {{value}} месяца","_[many]":"Через {{value}} месяцев","_[other]":"Через {{value}} месяцев"},"years-after":{"_":"{[ plural(value) ]}","_[zero]":"Через 0 лет","_[one]":"Через {{value}} год","_[two]":"Через {{value}} года","_[few]":"Через {{value}} года","_[many]":"Через {{value}} лет","_[other]":"Через {{value}} лет"},"hour-format":{"_":"%H"},"hour-allday":{"_":"На день"},"month-view-header-format":{"_":"%B %Y"},"multi-month-view-header-format":{"_":"%b %Y"},"day-view-header-format":{"_":"%a, %e %Eb"},"error-start-after-end":{"_":"Конечная дата должна идти после начальной даты"},"error-unauthenticated":{"_":"Неверный логин и/или пароль"},"error-no-url":{"_":"Нет соединения. Проверьте ваш Wi-Fi и попробуйте снова."},"error-internal-server-error":{"_":"Ошибка сервера. Проверьте ваш логин и попробуйте снова."},"error-default":{"_":"Что-то пошло не так. Попробуйте ещё раз позже."},"error-offline":{"_":"Нет соединения. Проверьте вашу настройку сети и попробуйте снова."},"error-account-exist":{"_":"Эта уч. запись уже существует."},"notification-error-sync-title":{"_":"Ошибка синхронизации календаря"},"notification-error-sync-description":{"_":"Нажмите для подробностей"},"weekday-0-long":{"_":"Воскресенье"},"weekday-1-long":{"_":"Понедельник"},"weekday-2-long":{"_":"Вторник"},"weekday-3-long":{"_":"Среда"},"weekday-4-long":{"_":"Четверг"},"weekday-5-long":{"_":"Пятница"},"weekday-6-long":{"_":"Суббота"},"weekday-0-short":{"_":"Вс"},"weekday-1-short":{"_":"Пн"},"weekday-2-short":{"_":"Вт"},"weekday-3-short":{"_":"Ср"},"weekday-4-short":{"_":"Чт"},"weekday-5-short":{"_":"Пт"},"weekday-6-short":{"_":"Сб"},"month-0-long":{"_":"Январь"},"month-1-long":{"_":"Февраль"},"month-2-long":{"_":"Март"},"month-3-long":{"_":"Апрель"},"month-4-long":{"_":"Май"},"month-5-long":{"_":"Июнь"},"month-6-long":{"_":"Июль"},"month-7-long":{"_":"Август"},"month-8-long":{"_":"Сентябрь"},"month-9-long":{"_":"Октябрь"},"month-10-long":{"_":"Ноябрь"},"month-11-long":{"_":"Декабрь"},"month-0-genitive":{"_":"января"},"month-1-genitive":{"_":"февраля"},"month-2-genitive":{"_":"марта"},"month-3-genitive":{"_":"апреля"},"month-4-genitive":{"_":"мая"},"month-5-genitive":{"_":"июня"},"month-6-genitive":{"_":"июля"},"month-7-genitive":{"_":"августа"},"month-8-genitive":{"_":"сентября"},"month-9-genitive":{"_":"октября"},"month-10-genitive":{"_":"ноября"},"month-11-genitive":{"_":"декабря"},"month-0-short":{"_":"Январь"},"month-1-short":{"_":"Февраль"},"month-2-short":{"_":"Март"},"month-3-short":{"_":"Апрель"},"month-4-short":{"_":"Май"},"month-5-short":{"_":"Июнь"},"month-6-short":{"_":"Июль"},"month-7-short":{"_":"Август"},"month-8-short":{"_":"Сентябрь"},"month-9-short":{"_":"Октябрь"},"month-10-short":{"_":"Ноябрь"},"month-11-short":{"_":"Декабрь"},"minutes-ago-long":{"_":"{[ plural(value) ]}","_[zero]":"прямо сейчас","_[one]":"{{value}} минуту назад","_[two]":"{{value}} минуты назад","_[few]":"{{value}} минуты назад","_[many]":"{{value}} минут назад","_[other]":"{{value}} минут назад"},"hours-ago-long":{"_":"{[ plural(value) ]}","_[zero]":"прямо сейчас","_[one]":"{{value}} час назад","_[two]":"{{value}} часа назад","_[few]":"{{value}} часа назад","_[many]":"{{value}} часов назад","_[other]":"{{value}} часов назад"},"days-ago-long":{"_":"{[ plural(value) ]}","_[zero]":"сегодня","_[one]":"{{value}} день назад","_[two]":"{{value}} дня назад","_[few]":"{{value}} дня назад","_[many]":"{{value}} дней назад","_[other]":"{{value}} дней назад"},"weeks-ago-long":{"_":"{[ plural(value) ]}","_[zero]":"эта неделя","_[one]":"{{value}} неделя назад","_[two]":"{{value}} недели назад","_[few]":"{{value}} недели назад","_[many]":"{{value}} недель назад","_[other]":"{{value}} недель назад"},"months-ago-long":{"_":"{[ plural(value) ]}","_[zero]":"этот месяц","_[one]":"{{value}} месяц назад","_[two]":"{{value}} месяца назад","_[few]":"{{value}} месяца назад","_[many]":"{{value}} месяцев назад","_[other]":"{{value}} месяцев назад"},"years-ago-long":{"_":"{[ plural(value) ]}","_[zero]":"этот год","_[one]":"{{value}} год назад","_[two]":"{{value}} года назад","_[few]":"{{value}} года назад","_[many]":"{{value}} лет назад","_[other]":"{{value}} лет назад"},"minutes-until-long":{"_":"{[ plural(value) ]}","_[zero]":"сейчас","_[one]":"через {{value}} минуту","_[two]":"через {{value}} минуты","_[few]":"через {{value}} минуты","_[many]":"через {{value}} минут","_[other]":"через {{value}} минут"},"hours-until-long":{"_":"{[ plural(value) ]}","_[zero]":"сейчас","_[one]":"через {{value}} час","_[two]":"через {{value}} часа","_[few]":"через {{value}} часа","_[many]":"через {{value}} часов","_[other]":"через {{value}} часов"},"days-until-long":{"_":"{[ plural(value) ]}","_[zero]":"сегодня","_[one]":"через {{value}} день","_[two]":"через {{value}} дня","_[few]":"через {{value}} дня","_[many]":"через {{value}} дней","_[other]":"через {{value}} дней"},"weeks-until-long":{"_":"{[ plural(value) ]}","_[zero]":"эта неделя","_[one]":"через {{value}} неделю","_[two]":"через {{value}} недели","_[few]":"через {{value}} недели","_[many]":"через {{value}} недель","_[other]":"через {{value}} недель"},"months-until-long":{"_":"{[ plural(value) ]}","_[zero]":"этот месяц","_[one]":"через {{value}} месяц","_[two]":"через {{value}} месяца","_[few]":"через {{value}} месяца","_[many]":"через {{value}} месяцев","_[other]":"через {{value}} месяцев"},"years-until-long":{"_":"{[ plural(value) ]}","_[zero]":"этот год","_[one]":"через {{value}} год","_[two]":"через {{value}} года","_[few]":"через {{value}} года","_[many]":"через {{value}} лет","_[other]":"через {{value}} лет"},"minutes-ago-short":{"_":"{[ plural(value) ]}","_[zero]":"сейчас","_[other]":"{{value}}м назад"},"hours-ago-short":{"_":"{[ plural(value) ]}","_[zero]":"сейчас","_[other]":"{{value}}ч назад"},"days-ago-short":{"_":"{[ plural(value) ]}","_[zero]":"сегодня","_[other]":"{{value}}д назад"},"minutes-until-short":{"_":"{[ plural(value) ]}","_[zero]":"сейчас","_[other]":"через {{value}}м"},"hours-until-short":{"_":"{[ plural(value) ]}","_[zero]":"сейчас","_[other]":"через {{value}}ч"},"days-until-short":{"_":"{[ plural(value) ]}","_[zero]":"сегодня","_[other]":"через {{value}}д"},"incorrectDate":{"_":"(некорректная дата)"},"dateTimeFormat_%c":{"_":"%a, %e %Eb %Y, %H:%M:%S"},"dateTimeFormat_%x":{"_":"%d.%m.%Y"},"dateTimeFormat_%X":{"_":"%H:%M:%S"},"shortTimeFormat":{"_":"%H:%M"},"shortDateTimeFormat":{"_":"%x %H:%M"},"weekStartsOnMonday":{"_":"1"},"time_am":{"_":"AM"},"time_pm":{"_":"PM"}}