{"back":{"_":"Naspäť"},"save":{"_":"Uložiť"},"hide":{"_":"Skryť"},"cancel":{"_":"Zrušiť"},"confirm":{"_":"Potvrdiť"},"done":{"_":"Hotovo"},"events":{"_":"Udalosti"},"edit":{"_":"Upraviť"},"allday-events":{"_":"Celodenné udalosti"},"hint-swipe-action":{"_":"Potiahnutím prstom"},"hint-swipe-to-navigate":{"_":"prechádzate medzi jednotlivými dňami kalendára."},"show-today":{"_":"Dnes"},"show-month-view":{"_":"Mesiac"},"show-week-view":{"_":"Týždeň"},"show-day-view":{"_":"Deň"},"settings-show":{"_":"Nastavenia"},"settings-hide":{"_":"Skryť nastavenia"},"add-account":{"_":"Pridať účet"},"new-event":{"_":"Pridať udalosť"},"add-event-header":{"_":"Udalosť"},"account-header":{"_":"Účet"},"account-list-header":{"_":"Účty"},"settings-header":{"_":"Kalendáre"},"advanced-settings":{"_":"Nastavenia kalendára"},"advanced-settings-header":{"_":"Nastavenie"},"advanced-settings-personalization":{"_":"Prispôsobenie"},"advanced-settings-reminders":{"_":"Pripomienky"},"field-user":{"placeholder":"Meno používateľa"},"field-password":{"placeholder":"Heslo"},"field-full-url":{"placeholder":"Adresa URL"},"modify-account-setting-up":{"_":"Prosím, čakajte, kým váš účet bude nastavený"},"modify-account-unable-to-sync":{"_":"Synchronizácia zlyhala"},"modify-account-sign-in":{"_":"Prihlásiť"},"preset-caldav":{"_":"CalDav"},"preset-yahoo":{"_":"Yahoo!"},"preset-google":{"_":"Google"},"preset-local":{"_":"Offline kalendár"},"preset-mozilla":{"_":"Mozilla Zimbra"},"calendar-local":{"_":"Offline kalendár"},"event-title":{"placeholder":"Názov"},"event-location":{"placeholder":"Kde?"},"event-description":{"placeholder":"Poznámka"},"event-is-allday":{"_":"Celodenná udalosť?"},"event-start-date":{"placeholder":"Čas začiatku"},"event-end-date":{"placeholder":"Dátum ukončenia"},"event-start-time":{"placeholder":"Čas začiatku"},"event-end-time":{"placeholder":"Čas ukončenia"},"event-delete":{"_":"Odstrániť udalosť"},"remove-account-data":{"_":"Odstrániť lokálne údaje"},"remove-account-dialog":{"_":"Odstrániť účet"},"remove-account-dialog-details":{"_":"Odstránením tohto účtu bude odstránená lokálna kópia pridružených kalendárov a udalostí."},"sync-frequency":{"_":"Synchronizácia kalendára"},"sync-frequency-manual":{"textContent":"Manuálne"},"sync-frequency-15min":{"textContent":"15 minút"},"sync-frequency-30min":{"textContent":"30 minút"},"sync-frequency-hourly":{"textContent":"Každú hodinu"},"none":{"_":"Žiadne"},"remind-me":{"_":"Pripomienka"},"from-time":{"_":"Od: "},"to-time":{"_":"Do: "},"alarm-at-event-standard":{"_":"V čase udalosti"},"alarm-at-event-allday":{"_":"V deň udalosti"},"alarm-start-notice":{"_":"{{title}} začína {{distance}}"},"alarm-started-notice":{"_":"{{title}} začal {{distance}}"},"minutes-before":{"_":"{[ plural(value) ]}","_[zero]":"0 minút vopred","_[one]":"1 minútu vopred","_[two]":"{{value}} minúty vopred","_[few]":"{{value}} minúty vopred","_[many]":"{{value}} minút vopred","_[other]":"{{value}} minút vopred"},"hours-before":{"_":"{[ plural(value) ]}","_[zero]":"0 hodín vopred","_[one]":"1 hodinu vopred","_[two]":"{{value}} hodiny vopred","_[few]":"{{value}} hodiny vopred","_[many]":"{{value}} hodín vopred","_[other]":"{{value}} hodín vopred"},"days-before":{"_":"{[ plural(value) ]}","_[zero]":"0 dní vopred","_[one]":"1 deň vopred","_[two]":"{{value}} dni vopred","_[few]":"{{value}} dni vopred","_[many]":"{{value}} dní vopred","_[other]":"{{value}} dní vopred"},"weeks-before":{"_":"{[ plural(value) ]}","_[zero]":"0 týždňov vopred","_[one]":"1 týždeň vopred","_[two]":"{{value}} týždne vopred","_[few]":"{{value}} týždne vopred","_[many]":"{{value}} týždňov vopred","_[other]":"{{value}} týždňov vopred"},"months-before":{"_":"{[ plural(value) ]}","_[zero]":"0 mesiacov vopred","_[one]":"1 mesiac vopred","_[two]":"{{value}} mesiace vopred","_[few]":"{{value}} mesiace vopred","_[many]":"{{value}} mesiacov vopred","_[other]":"{{value}} mesiacov vopred"},"years-before":{"_":"{[ plural(value) ]}","_[zero]":"0 rokov vopred","_[one]":"1 rok vopred","_[two]":"{{value}} roky vopred","_[few]":"{{value}} roky vopred","_[many]":"{{value}} rokov vopred","_[other]":"{{value}} rokov vopred"},"minutes-after":{"_":"{[ plural(value) ]}","_[zero]":"po 0 minútach","_[one]":"po 1 minúte","_[two]":"po {{value}} minútach","_[few]":"po {{value}} minútach","_[many]":"po {{value}} minútach","_[other]":"po {{value}} minútach"},"hours-after":{"_":"{[ plural(value) ]}","_[zero]":"po 0 hodinách","_[one]":"po 1 hodine","_[two]":"po {{value}} hodinách","_[few]":"po {{value}} hodinách","_[many]":"po {{value}} hodinách","_[other]":"po {{value}} hodinách"},"days-after":{"_":"{[ plural(value) ]}","_[zero]":"po 0 dňoch","_[one]":"po 1 dni","_[two]":"po {{value}} dňoch","_[few]":"po {{value}} dňoch","_[many]":"po {{value}} dňoch","_[other]":"po {{value}} dňoch"},"weeks-after":{"_":"{[ plural(value) ]}","_[zero]":"po 0 týždňoch","_[one]":"po 1 týždni","_[two]":"po {{value}} týždňoch","_[few]":"po {{value}} týždňoch","_[many]":"po {{value}} týždňoch","_[other]":"po {{value}} týždňoch"},"months-after":{"_":"{[ plural(value) ]}","_[zero]":"po 0 mesiacoch","_[one]":"po 1 mesiaci","_[two]":"po {{value}} mesiacoch","_[few]":"po {{value}} mesiacoch","_[many]":"po {{value}} mesiacoch","_[other]":"po {{value}} mesiacoch"},"years-after":{"_":"{[ plural(value) ]}","_[zero]":"po 0 rokoch","_[one]":"po 1 roku","_[two]":"po {{value}} rokoch","_[few]":"po {{value}} rokoch","_[many]":"po {{value}} rokoch","_[other]":"po {{value}} rokoch"},"hour-format":{"_":"%H"},"hour-allday":{"_":"Celý deň"},"month-view-header-format":{"_":"%B %Y"},"multi-month-view-header-format":{"_":"%b %Y"},"day-view-header-format":{"_":"%a, %e. %Eb"},"error-start-after-end":{"_":"Dátum ukončenia musí nasledovať až po dátume začiatku"},"error-unauthenticated":{"_":"Nesprávne prihlasovacie meno/heslo"},"error-no-url":{"_":"Žiadne pripojenie. Skontrolujte vaše Wi-Fi pripojenie a skúste to znova."},"error-internal-server-error":{"_":"Chyba servera. Skontrolujte vaše prihlásenie a skúste to znova."},"error-default":{"_":"Niečo sa pokazilo. Skúste to znova neskôr."},"error-offline":{"_":"Žiadne pripojenie. Skontrolujte nastavenie siete a skúste to znova."},"error-account-exist":{"_":"Tento účet už existuje."},"notification-error-sync-title":{"_":"Chyba pri synchronizácii kalendára"},"notification-error-sync-description":{"_":"Ťuknutím zobrazíte ďalšie informácie"},"weekday-0-long":{"_":"Nedeľa"},"weekday-1-long":{"_":"Pondelok"},"weekday-2-long":{"_":"Utorok"},"weekday-3-long":{"_":"Streda"},"weekday-4-long":{"_":"Štvrtok"},"weekday-5-long":{"_":"Piatok"},"weekday-6-long":{"_":"Sobota"},"weekday-0-short":{"_":"Ne"},"weekday-1-short":{"_":"Po"},"weekday-2-short":{"_":"Ut"},"weekday-3-short":{"_":"St"},"weekday-4-short":{"_":"Št"},"weekday-5-short":{"_":"Pi"},"weekday-6-short":{"_":"So"},"month-0-long":{"_":"Január"},"month-1-long":{"_":"Február"},"month-2-long":{"_":"Marec"},"month-3-long":{"_":"Apríl"},"month-4-long":{"_":"Máj"},"month-5-long":{"_":"Jún"},"month-6-long":{"_":"Júl"},"month-7-long":{"_":"August"},"month-8-long":{"_":"September"},"month-9-long":{"_":"Október"},"month-10-long":{"_":"November"},"month-11-long":{"_":"December"},"month-0-genitive":{"_":"januára"},"month-1-genitive":{"_":"februára"},"month-2-genitive":{"_":"marca"},"month-3-genitive":{"_":"apríla"},"month-4-genitive":{"_":"mája"},"month-5-genitive":{"_":"júna"},"month-6-genitive":{"_":"júla"},"month-7-genitive":{"_":"augusta"},"month-8-genitive":{"_":"septembra"},"month-9-genitive":{"_":"októbra"},"month-10-genitive":{"_":"novembra"},"month-11-genitive":{"_":"decembra"},"month-0-short":{"_":"jan"},"month-1-short":{"_":"feb"},"month-2-short":{"_":"mar"},"month-3-short":{"_":"apr"},"month-4-short":{"_":"máj"},"month-5-short":{"_":"jún"},"month-6-short":{"_":"júl"},"month-7-short":{"_":"aug"},"month-8-short":{"_":"sep"},"month-9-short":{"_":"okt"},"month-10-short":{"_":"nov"},"month-11-short":{"_":"dec"},"minutes-ago-long":{"_":"{[ plural(value) ]}","_[zero]":"teraz","_[one]":"pred minútou","_[two]":"pred {{value}} minútami","_[few]":"pred {{value}} minútami","_[many]":"pred {{value}} minútami","_[other]":"pred {{value}} minútami"},"hours-ago-long":{"_":"{[ plural(value) ]}","_[zero]":"teraz","_[one]":"pred hodinou","_[two]":"pred {{value}} hodinami","_[few]":"pred {{value}} hodinami","_[many]":"pred {{value}} hodinami","_[other]":"pred {{value}} hodinami"},"days-ago-long":{"_":"{[ plural(value) ]}","_[zero]":"dnes","_[one]":"včera","_[two]":"pred {{value}} dňami","_[few]":"pred {{value}} dňami","_[many]":"pred {{value}} dňami","_[other]":"pred {{value}} dňami"},"weeks-ago-long":{"_":"{[ plural(value) ]}","_[zero]":"tento týždeň","_[one]":"minulý týždeň","_[two]":"pred {{value}} týždňami","_[few]":"pred {{value}} týždňami","_[many]":"pred {{value}} týždňami","_[other]":"pred {{value}} týždňami"},"months-ago-long":{"_":"{[ plural(value) ]}","_[zero]":"tento mesiac","_[one]":"minulý mesiac","_[two]":"pred {{value}} mesiacmi","_[few]":"pred {{value}} mesiacmi","_[many]":"pred {{value}} mesiacmi","_[other]":"pred {{value}} mesiacmi"},"years-ago-long":{"_":"{[ plural(value) ]}","_[zero]":"tento rok","_[one]":"minulý rok","_[two]":"pred {{value}} rokmi","_[few]":"pred {{value}} rokmi","_[many]":"pred {{value}} rokmi","_[other]":"pred {{value}} rokmi"},"minutes-until-long":{"_":"{[ plural(value) ]}","_[zero]":"teraz","_[one]":"o minútu","_[two]":"o {{value}} minúty","_[few]":"o {{value}} minúty","_[many]":"o {{value}} minút","_[other]":"o {{value}} minút"},"hours-until-long":{"_":"{[ plural(value) ]}","_[zero]":"teraz","_[one]":"o hodinu","_[two]":"o {{value}} hodiny","_[few]":"o {{value}} hodiny","_[many]":"o {{value}} hodín","_[other]":"o {{value}} hodín"},"days-until-long":{"_":"{[ plural(value) ]}","_[zero]":"dnes","_[one]":"zajtra","_[two]":"o {{value}} dni","_[few]":"o {{value}} dni","_[many]":"o {{value}} dní","_[other]":"o {{value}} dní"},"weeks-until-long":{"_":"{[ plural(value) ]}","_[zero]":"tento týždeň","_[one]":"budúci týždeň","_[two]":"o {{value}} týždne","_[few]":"o {{value}} týždne","_[many]":"o {{value}} týždňov","_[other]":"o {{value}} týždňov"},"months-until-long":{"_":"{[ plural(value) ]}","_[zero]":"tento mesiac","_[one]":"budúci mesiac","_[two]":"o {{value}} mesiace","_[few]":"o {{value}} mesiace","_[many]":"o {{value}} mesiacov","_[other]":"o {{value}} mesiacov"},"years-until-long":{"_":"{[ plural(value) ]}","_[zero]":"tento rok","_[one]":"budúci rok","_[two]":"o {{value}} roky","_[few]":"o {{value}} roky","_[many]":"o {{value}} rokov","_[other]":"o {{value}} rokov"},"minutes-ago-short":{"_":"{[ plural(value) ]}","_[zero]":"teraz","_[other]":"pred {{value}}m"},"hours-ago-short":{"_":"{[ plural(value) ]}","_[zero]":"teraz","_[other]":"pred {{value}}h"},"days-ago-short":{"_":"{[ plural(value) ]}","_[zero]":"dnes","_[other]":"pred {{value}}d"},"minutes-until-short":{"_":"{[ plural(value) ]}","_[zero]":"teraz","_[other]":"o {{value}}m"},"hours-until-short":{"_":"{[ plural(value) ]}","_[zero]":"teraz","_[other]":"o {{value}}h"},"days-until-short":{"_":"{[ plural(value) ]}","_[zero]":"dnes","_[other]":"o {{value}}d"},"incorrectDate":{"_":"(neplatný dátum)"},"dateTimeFormat_%c":{"_":"%a, %e. %b %Y %H:%M:%S"},"dateTimeFormat_%x":{"_":"%d.%m.%Y"},"dateTimeFormat_%X":{"_":"%H:%M:%S"},"shortTimeFormat":{"_":"%H:%M"},"shortDateTimeFormat":{"_":"%x %H:%M"},"weekStartsOnMonday":{"_":"1"},"time_am":{"_":"AM"},"time_pm":{"_":"PM"}}