{"back":{"_":"Mbrapsht"},"save":{"_":"Ruaje"},"hide":{"_":"Fshihe"},"cancel":{"_":"Anuloje"},"confirm":{"_":"Ripohojeni"},"done":{"_":"U bë"},"events":{"_":"Veprimtari"},"edit":{"_":"Përpunoni"},"allday-events":{"_":"Veprimtari Gjithë Ditën"},"hint-swipe-action":{"_":"Rrëshqitni gishtin"},"hint-swipe-to-navigate":{"_":"që të lëvizni nëpër data kalendari."},"show-today":{"_":"Sot"},"show-month-view":{"_":"Muaj"},"show-week-view":{"_":"Javë"},"show-day-view":{"_":"Ditë"},"settings-show":{"_":"Rregullime"},"settings-hide":{"_":"Fshihi rregullimet"},"add-account":{"_":"Shtoni llogari"},"new-event":{"_":"Shtoni ngjarje"},"add-event-header":{"_":"Ngjarje"},"account-header":{"_":"Llogari"},"account-list-header":{"_":"Llogari"},"settings-header":{"_":"Kalendarë"},"advanced-settings":{"_":"Rregullime kalendari"},"advanced-settings-header":{"_":"Rregullime Kalendari"},"advanced-settings-personalization":{"_":"Personalizim"},"advanced-settings-reminders":{"_":"Kujtues"},"field-user":{"placeholder":"Emër përdoruesi"},"field-password":{"placeholder":"Fjalëkalim"},"field-full-url":{"placeholder":"URL"},"modify-account-setting-up":{"_":"Ju lutemi, prisni, ndërkohë që rregullohet llogaria juaj"},"modify-account-unable-to-sync":{"_":"Nuk arrin të njëkohësohet"},"modify-account-sign-in":{"_":"Hyni"},"preset-caldav":{"_":"CalDav"},"preset-yahoo":{"_":"Yahoo!"},"preset-google":{"_":"Google"},"preset-local":{"_":"Kalendar jashtë linje"},"preset-mozilla":{"_":"Mozilla Zimbra"},"calendar-local":{"_":"Kalendar jashtë linje"},"event-title":{"placeholder":"Titull"},"event-location":{"placeholder":"Ku?"},"event-description":{"placeholder":"Shënime"},"event-is-allday":{"_":"Veprimtari gjithë ditën?"},"event-start-date":{"placeholder":"Datë fillimi"},"event-end-date":{"placeholder":"Datë mbarimi"},"event-start-time":{"placeholder":"Kohë fillimi"},"event-end-time":{"placeholder":"Kohë mabrimi"},"event-delete":{"_":"Fshijeni veprimtarinë"},"remove-account-data":{"_":"Hiq të dhëna vendore"},"remove-account-dialog":{"_":"Hiqe llogarinë"},"remove-account-dialog-details":{"_":"Heqja e kësaj llogarie do të heqë edhe kopjen tuaj vendore të kalendarëve dhe ngjarjeve përshoqëruar asaj."},"sync-frequency":{"_":"Njëkohësoje Kalendarin"},"sync-frequency-manual":{"textContent":"Dorazi"},"sync-frequency-15min":{"textContent":"Çdo 15 min"},"sync-frequency-30min":{"textContent":"Çdo 30 min"},"sync-frequency-hourly":{"textContent":"Çdo orë"},"none":{"_":"Asnjë"},"remind-me":{"_":"Kujtoma"},"from-time":{"_":"Nga: "},"to-time":{"_":"Deri më: "},"alarm-at-event-standard":{"_":"Në kohën e veprimtarisë"},"alarm-at-event-allday":{"_":"Ditën e veprimtarisë"},"alarm-start-notice":{"_":"{{title}} fillon për {{distance}}"},"alarm-started-notice":{"_":"{{title}} ka {{distance}} që ka filluar"},"minutes-before":{"_":"{[ plural(value) ]}","_[zero]":"0 minuta më parë","_[one]":"1 minutë më parë","_[two]":"{{value}} minuta më parë","_[few]":"{{value}} minuta më parë","_[many]":"{{value}} minuta më parë","_[other]":"{{value}} minuta më parë"},"hours-before":{"_":"{[ plural(value) ]}","_[zero]":"0 orë më parë","_[one]":"1 orë më parë","_[two]":"{{value}} orë më parë","_[few]":"{{value}} orë më parë","_[many]":"{{value}} orë më parë","_[other]":"{{value}} orë më parë"},"days-before":{"_":"{[ plural(value) ]}","_[zero]":"0 ditë më parë","_[one]":"1 ditë më parë","_[two]":"{{value}} ditë më parë","_[few]":"{{value}} ditë më parë","_[many]":"{{value}} ditë më parë","_[other]":"{{value}} ditë më parë"},"weeks-before":{"_":"{[ plural(value) ]}","_[zero]":"0 javë më parë","_[one]":"1 javë më parë","_[two]":"{{value}} javë më parë","_[few]":"{{value}} javë më parë","_[many]":"{{value}} javë më parë","_[other]":"{{value}} javë më parë"},"months-before":{"_":"{[ plural(value) ]}","_[zero]":"0 muaj më parë","_[one]":"1 muaj më parë","_[two]":"{{value}} muaj më parë","_[few]":"{{value}} muaj më parë","_[many]":"{{value}} muaj më parë","_[other]":"{{value}} muaj më parë"},"years-before":{"_":"{[ plural(value) ]}","_[zero]":"0 vjet më parë","_[one]":"1 vit më parë","_[two]":"{{value}} vjet më parë","_[few]":"{{value}} vjet më parë","_[many]":"{{value}} vjet më parë","_[other]":"{{value}} vjet më parë"},"minutes-after":{"_":"{[ plural(value) ]}","_[zero]":"0 minuta më pas","_[one]":"1 minutë më pas","_[two]":"{{value}} minuta më pas","_[few]":"{{value}} minuta më pas","_[many]":"{{value}} minuta më pas","_[other]":"{{value}} minuta më pas"},"hours-after":{"_":"{[ plural(value) ]}","_[zero]":"0 orë më pas","_[one]":"1 orë më pas","_[two]":"{{value}} orë më pas","_[few]":"{{value}} orë më pas","_[many]":"{{value}} orë më pas","_[other]":"{{value}} orë më pas"},"days-after":{"_":"{[ plural(value) ]}","_[zero]":"0 ditë më pas","_[one]":"1 ditë më pas","_[two]":"{{value}} ditë më pas","_[few]":"{{value}} ditë më pas","_[many]":"{{value}} ditë më pas","_[other]":"{{value}} ditë më pas"},"weeks-after":{"_":"{[ plural(value) ]}","_[zero]":"0 javë më pas","_[one]":"1 javë më pas","_[two]":"{{value}} javë më pas","_[few]":"{{value}} javë më pas","_[many]":"{{value}} javë më pas","_[other]":"{{value}} javë më pas"},"months-after":{"_":"{[ plural(value) ]}","_[zero]":"0 muaj më pas","_[one]":"1 muaj më pas","_[two]":"{{value}} muaj më pas","_[few]":"{{value}} muaj më pas","_[many]":"{{value}} muaj më pas","_[other]":"{{value}} muaj më pas"},"years-after":{"_":"{[ plural(value) ]}","_[zero]":"0 vjet më pas","_[one]":"1 vit më pas","_[two]":"{{value}} vjet më pas","_[few]":"{{value}} vjet më pas","_[many]":"{{value}} vjet më pas","_[other]":"{{value}} vjet më pas"},"hour-format":{"_":"%I %p"},"hour-allday":{"_":"Gjithë Ditën"},"month-view-header-format":{"_":"%B %Y"},"multi-month-view-header-format":{"_":"%b %Y"},"day-view-header-format":{"_":"%A %e %b"},"error-start-after-end":{"_":"Data e përfundimit duhet të bjerë pas datës së fillimit"},"error-unauthenticated":{"_":"Hyrje dhe/ose fjalëkalim i gabuar"},"error-no-url":{"_":"Nuk ka lidhje. Kontrolloni Wi-Fi-n tuaj dhe riprovoni."},"error-internal-server-error":{"_":"Gabim shërbyesi. Kontrolloni hyrjen tuaj dhe riprovoni."},"error-default":{"_":"Diç shkoi ters. Riprovoni më vonë."},"error-offline":{"_":"Nuk ka lidhje. Kontrolloni formësimin e rrjetit tuaj dhe riprovoni."},"error-account-exist":{"_":"Ka tashmë një llogari të tillë."},"notification-error-sync-title":{"_":"Gabim njëkohësimi kalendari"},"notification-error-sync-description":{"_":"Për më tepër info, prekeni"},"weekday-0-long":{"_":"E diel"},"weekday-1-long":{"_":"E hënë"},"weekday-2-long":{"_":"E martë"},"weekday-3-long":{"_":"E mërkurë"},"weekday-4-long":{"_":"E enjte"},"weekday-5-long":{"_":"E premte"},"weekday-6-long":{"_":"E shtunë"},"weekday-0-short":{"_":"Die"},"weekday-1-short":{"_":"Hën"},"weekday-2-short":{"_":"Mar"},"weekday-3-short":{"_":"Mër"},"weekday-4-short":{"_":"Enj"},"weekday-5-short":{"_":"Pre"},"weekday-6-short":{"_":"Sht"},"month-0-long":{"_":"Janar"},"month-1-long":{"_":"Shkurt"},"month-2-long":{"_":"Mars"},"month-3-long":{"_":"Prill"},"month-4-long":{"_":"Maj"},"month-5-long":{"_":"Qershor"},"month-6-long":{"_":"Korrik"},"month-7-long":{"_":"Gusht"},"month-8-long":{"_":"Shtator"},"month-9-long":{"_":"Tetor"},"month-10-long":{"_":"Nëntor"},"month-11-long":{"_":"Dhjetor"},"month-0-genitive":{"_":"të Janarit"},"month-1-genitive":{"_":"të Shkurtit"},"month-2-genitive":{"_":"të Marsit"},"month-3-genitive":{"_":"të Prillit"},"month-4-genitive":{"_":"të Majit"},"month-5-genitive":{"_":"të Qershorit"},"month-6-genitive":{"_":"të Korrikut"},"month-7-genitive":{"_":"të Gushtit"},"month-8-genitive":{"_":"të Shtatorit"},"month-9-genitive":{"_":"të Tetorit"},"month-10-genitive":{"_":"të Nëntorit"},"month-11-genitive":{"_":"të Dhjetorit"},"month-0-short":{"_":"Jan"},"month-1-short":{"_":"Shk"},"month-2-short":{"_":"Mar"},"month-3-short":{"_":"Pri"},"month-4-short":{"_":"Maj"},"month-5-short":{"_":"Qer"},"month-6-short":{"_":"Kor"},"month-7-short":{"_":"Gus"},"month-8-short":{"_":"Sht"},"month-9-short":{"_":"Tet"},"month-10-short":{"_":"Nën"},"month-11-short":{"_":"Dhj"},"minutes-ago-long":{"_":"{[ plural(value) ]}","_[zero]":"mu tani","_[one]":"një minutë më parë","_[two]":"{{value}} minuta më parë","_[few]":"{{value}} minuta më parë","_[many]":"{{value}} minuta më parë","_[other]":"{{value}} minuta më parë"},"hours-ago-long":{"_":"{[ plural(value) ]}","_[zero]":"mu tani","_[one]":"një orë më parë","_[two]":"{{value}} orë më parë","_[few]":"{{value}} orë më parë","_[many]":"{{value}} orë më parë","_[other]":"{{value}} orë më parë"},"days-ago-long":{"_":"{[ plural(value) ]}","_[zero]":"sot","_[one]":"dje","_[two]":"{{value}} ditë më parë","_[few]":"{{value}} ditë më parë","_[many]":"{{value}} ditë më parë","_[other]":"{{value}} ditë më parë"},"weeks-ago-long":{"_":"{[ plural(value) ]}","_[zero]":"këtë javë","_[one]":"javën e kaluar","_[two]":"{{value}} javë më parë","_[few]":"{{value}} javë më parë","_[many]":"{{value}} javë më parë","_[other]":"{{value}} javë më parë"},"months-ago-long":{"_":"{[ plural(value) ]}","_[zero]":"këtë muaj","_[one]":"muajin e kaluar","_[two]":"{{value}} muaj më parë","_[few]":"{{value}} muaj më parë","_[many]":"{{value}} muaj më parë","_[other]":"{{value}} muaj më parë"},"years-ago-long":{"_":"{[ plural(value) ]}","_[zero]":"këtë vit","_[one]":"vitin e kaluar","_[two]":"{{value}} vite më parë","_[few]":"{{value}} vite më parë","_[many]":"{{value}} vite më parë","_[other]":"{{value}} vite më parë"},"minutes-until-long":{"_":"{[ plural(value) ]}","_[zero]":"tani","_[one]":"për një minutë","_[two]":"për {{value}} minuta","_[few]":"për {{value}} minuta","_[many]":"për {{value}} minuta","_[other]":"për {{value}} minuta"},"hours-until-long":{"_":"{[ plural(value) ]}","_[zero]":"tani","_[one]":"për një orë","_[two]":"për {{value}} orë","_[few]":"për {{value}} orë","_[many]":"për {{value}} orë","_[other]":"për {{value}} orë"},"days-until-long":{"_":"{[ plural(value) ]}","_[zero]":"sot","_[one]":"nesër","_[two]":"për {{value}} ditë","_[few]":"për {{value}} ditë","_[many]":"për {{value}} ditë","_[other]":"për {{value}} ditë"},"weeks-until-long":{"_":"{[ plural(value) ]}","_[zero]":"këtë javë","_[one]":"javën pasuese","_[two]":"për {{value}} javë","_[few]":"për {{value}} javë","_[many]":"për {{value}} javë","_[other]":"për {{value}} javë"},"months-until-long":{"_":"{[ plural(value) ]}","_[zero]":"këtë muaj","_[one]":"muajin pasues","_[two]":"për {{value}} muaj","_[few]":"për {{value}} muaj","_[many]":"për {{value}} muaj","_[other]":"për {{value}} muaj"},"years-until-long":{"_":"{[ plural(value) ]}","_[zero]":"këtë vit","_[one]":"vitin pasues","_[two]":"për {{value}} vjet","_[few]":"për {{value}} vjet","_[many]":"për {{value}} vjet","_[other]":"për {{value}} vjet"},"minutes-ago-short":{"_":"{[ plural(value) ]}","_[zero]":"mu tani","_[other]":"{{value}}m më parë"},"hours-ago-short":{"_":"{[ plural(value) ]}","_[zero]":"mu tani","_[other]":"{{value}}h më parë"},"days-ago-short":{"_":"{[ plural(value) ]}","_[zero]":"sot","_[other]":"{{value}}d më parë"},"minutes-until-short":{"_":"{[ plural(value) ]}","_[zero]":"tani","_[other]":"për {{value}}m"},"hours-until-short":{"_":"{[ plural(value) ]}","_[zero]":"tani","_[other]":"për {{value}}h"},"days-until-short":{"_":"{[ plural(value) ]}","_[zero]":"sot","_[other]":"për {{value}}d"},"incorrectDate":{"_":"(datë e pasaktë)"},"dateTimeFormat_%c":{"_":"%a %e %b %Y %I:%M:%S %p"},"dateTimeFormat_%x":{"_":"%m/%d/%Y"},"dateTimeFormat_%X":{"_":"%I:%M:%S %p"},"shortTimeFormat":{"_":"%I:%M %p"},"shortDateTimeFormat":{"_":"%x %I:%M %p"},"weekStartsOnMonday":{"_":"0"},"time_am":{"_":"AM"},"time_pm":{"_":"PM"}}