{"back":{"_":"Назад"},"save":{"_":"Сними"},"hide":{"_":"Сакриј"},"cancel":{"_":"Откажи"},"confirm":{"_":"Потврди"},"done":{"_":"Завршено"},"events":{"_":"Догађаји"},"edit":{"_":"Измени"},"allday-events":{"_":"Целодневни догађаји"},"hint-swipe-action":{"_":"Превуците"},"hint-swipe-to-navigate":{"_":"да бисте се кретали између датума."},"show-today":{"_":"Данас"},"show-month-view":{"_":"Месец"},"show-week-view":{"_":"Недеља"},"show-day-view":{"_":"Дан"},"settings-show":{"_":"Поставке"},"settings-hide":{"_":"Сакриј поставке"},"add-account":{"_":"Додај налог"},"new-event":{"_":"Додај догађај"},"add-event-header":{"_":"Догађај"},"account-header":{"_":"Налог"},"account-list-header":{"_":"Налози"},"settings-header":{"_":"Календари"},"advanced-settings":{"_":"Поставке календара"},"advanced-settings-header":{"_":"Поставке"},"advanced-settings-personalization":{"_":"Персонализација"},"advanced-settings-reminders":{"_":"Подсетници"},"field-user":{"placeholder":"Корисничко име"},"field-password":{"placeholder":"Лозинка"},"field-full-url":{"placeholder":"URL"},"modify-account-setting-up":{"_":"Молим Вас сачекајте док се Ваш налог подешава"},"modify-account-unable-to-sync":{"_":"Немогуће је синхронизовати"},"modify-account-sign-in":{"_":"Пријави се"},"preset-caldav":{"_":"CalDav"},"preset-yahoo":{"_":"Yahoo!"},"preset-google":{"_":"Google"},"preset-local":{"_":"Календар ван мреже"},"preset-mozilla":{"_":"Mozilla Zimbra"},"calendar-local":{"_":"Календар ван мреже"},"event-title":{"placeholder":"Наслов"},"event-location":{"placeholder":"Где?"},"event-description":{"placeholder":"Белешке"},"event-is-allday":{"_":"Целодневни догађај?"},"event-start-date":{"placeholder":"Датум почетка"},"event-end-date":{"placeholder":"Датум завршетка"},"event-start-time":{"placeholder":"Време почетка"},"event-end-time":{"placeholder":"Време завршетка"},"event-delete":{"_":"Обриши догађај"},"remove-account-data":{"_":"Уклони локалне податке"},"remove-account-dialog":{"_":"Уклони налог"},"remove-account-dialog-details":{"_":"Уклањањем овог налога ћете такође уклонити локалну копију повезаних календара и догађаја."},"sync-frequency":{"_":"Синхронизуј календар"},"sync-frequency-manual":{"textContent":"Ручно"},"sync-frequency-15min":{"textContent":"15 мин."},"sync-frequency-30min":{"textContent":"30 мин."},"sync-frequency-hourly":{"textContent":"Сваки сат"},"none":{"_":"Ниједан"},"remind-me":{"_":"Подсети ме"},"from-time":{"_":"Од: "},"to-time":{"_":"За: "},"alarm-at-event-standard":{"_":"За време догађаја"},"alarm-at-event-allday":{"_":"На дан догађаја"},"alarm-start-notice":{"_":"{{title}} почиње за {{distance}}"},"alarm-started-notice":{"_":"{{title}} је почео {{distance}}"},"minutes-before":{"_":"{[ plural(value) ]}","_[zero]":"0 минута пре","_[one]":"1 минут пре","_[two]":"{{value}} минута пре","_[few]":"{{value}} минута пре","_[many]":"{{value}} минута пре","_[other]":"{{value}} минута пре"},"hours-before":{"_":"{[ plural(value) ]}","_[zero]":"0 сати пре","_[one]":"1 сат пре","_[two]":"{{value}} сата пре","_[few]":"{{value}} сати пре","_[many]":"{{value}} сати пре","_[other]":"{{value}} сати пре"},"days-before":{"_":"{[ plural(value) ]}","_[zero]":"0 дана пре","_[one]":"1 дан пре","_[two]":"{{value}} дана пре","_[few]":"{{value}} дана пре","_[many]":"{{value}} дана пре","_[other]":"{{value}} дана пре"},"weeks-before":{"_":"{[ plural(value) ]}","_[zero]":"0 недеља пре","_[one]":"1 недељу пре","_[two]":"{{value}} недеље пре","_[few]":"{{value}} недеља пре","_[many]":"{{value}} недеља пре","_[other]":"{{value}} недеља пре"},"months-before":{"_":"{[ plural(value) ]}","_[zero]":"0 месеци пре","_[one]":"1 месец пре","_[two]":"{{value}} месеца пре","_[few]":"{{value}} месеци пре","_[many]":"{{value}} месеци пре","_[other]":"{{value}} месеци пре"},"years-before":{"_":"{[ plural(value) ]}","_[zero]":"0 година пре","_[one]":"1 годину пре","_[two]":"{{value}} године пре","_[few]":"{{value}} година пре","_[many]":"{{value}} година пре","_[other]":"{{value}} година пре"},"minutes-after":{"_":"{[ plural(value) ]}","_[zero]":"0 минута после","_[one]":"1 минут после","_[two]":"{{value}} минута после","_[few]":"{{value}} минута после","_[many]":"{{value}} минута после","_[other]":"{{value}} минута после"},"hours-after":{"_":"{[ plural(value) ]}","_[zero]":"0 сати после","_[one]":"1 сат после","_[two]":"{{value}} сата после","_[few]":"{{value}} сати после","_[many]":"{{value}} сати после","_[other]":"{{value}} сати после"},"days-after":{"_":"{[ plural(value) ]}","_[zero]":"0 дана после","_[one]":"1 дан после","_[two]":"{{value}} дана после","_[few]":"{{value}} дана после","_[many]":"{{value}} дана после","_[other]":"{{value}} дана после"},"weeks-after":{"_":"{[ plural(value) ]}","_[zero]":"0 недеља после","_[one]":"1 недељу после","_[two]":"{{value}} недеље после","_[few]":"{{value}} недеља после","_[many]":"{{value}} недеља после","_[other]":"{{value}} недеља после"},"months-after":{"_":"{[ plural(value) ]}","_[zero]":"0 месеци после","_[one]":"1 месец после","_[two]":"{{value}} месеца после","_[few]":"{{value}} месеци после","_[many]":"{{value}} месеци после","_[other]":"{{value}} месеци после"},"years-after":{"_":"{[ plural(value) ]}","_[zero]":"0 година после","_[one]":"1 годину после","_[two]":"{{value}} године после","_[few]":"{{value}} година после","_[many]":"{{value}} година после","_[other]":"{{value}} година после"},"hour-format":{"_":"%H"},"hour-allday":{"_":"Цео дан"},"month-view-header-format":{"_":"%b %Y"},"multi-month-view-header-format":{"_":"%b %Y"},"day-view-header-format":{"_":"%a, %e %B "},"error-start-after-end":{"_":"Датум завршетка мора бити након датума почетка"},"error-unauthenticated":{"_":"Погрешно корисничко име и/или лозинка"},"error-no-url":{"_":"No connection. Check your Wi-Fi and try again."},"error-internal-server-error":{"_":"Грешка на серверу. Проверите податке за пријављивање и покушајте поново."},"error-default":{"_":"Нешто није у реду. Покушајте мало касније."},"error-offline":{"_":"Нема везе. Проверите конфигурацију Ваше мреже и покушајте поново."},"error-account-exist":{"_":"Овај налог већ постоји."},"notification-error-sync-title":{"_":"Грешка при синхронизацији календара"},"notification-error-sync-description":{"_":"Притисните за више информација"},"weekday-0-long":{"_":"Недеља"},"weekday-1-long":{"_":"Понедељак"},"weekday-2-long":{"_":"Уторак"},"weekday-3-long":{"_":"Среда"},"weekday-4-long":{"_":"Четвртак"},"weekday-5-long":{"_":"Петак"},"weekday-6-long":{"_":"Субота"},"weekday-0-short":{"_":"Нед"},"weekday-1-short":{"_":"Пон"},"weekday-2-short":{"_":"Уто"},"weekday-3-short":{"_":"Сре"},"weekday-4-short":{"_":"Чет"},"weekday-5-short":{"_":"Пет"},"weekday-6-short":{"_":"Суб"},"month-0-long":{"_":"јануар"},"month-1-long":{"_":"фебруар"},"month-2-long":{"_":"март"},"month-3-long":{"_":"април"},"month-4-long":{"_":"мај"},"month-5-long":{"_":"јун"},"month-6-long":{"_":"јул"},"month-7-long":{"_":"август"},"month-8-long":{"_":"септембар"},"month-9-long":{"_":"октобар"},"month-10-long":{"_":"новембар"},"month-11-long":{"_":"децембар"},"month-0-genitive":{"_":"јануара"},"month-1-genitive":{"_":"фебруара"},"month-2-genitive":{"_":"марта"},"month-3-genitive":{"_":"априла"},"month-4-genitive":{"_":"маја"},"month-5-genitive":{"_":"јуна"},"month-6-genitive":{"_":"јула"},"month-7-genitive":{"_":"августа"},"month-8-genitive":{"_":"септембра"},"month-9-genitive":{"_":"октобра"},"month-10-genitive":{"_":"новембра"},"month-11-genitive":{"_":"децембра"},"month-0-short":{"_":"јан"},"month-1-short":{"_":"феб"},"month-2-short":{"_":"мар"},"month-3-short":{"_":"апр"},"month-4-short":{"_":"мај"},"month-5-short":{"_":"јун"},"month-6-short":{"_":"јул"},"month-7-short":{"_":"авг"},"month-8-short":{"_":"сеп"},"month-9-short":{"_":"окт"},"month-10-short":{"_":"нов"},"month-11-short":{"_":"дец"},"minutes-ago-long":{"_":"{[ plural(value) ]}","_[zero]":"управо","_[one]":"пре минут","_[two]":"пре {{value}} минута","_[few]":"пре {{value}} минута","_[many]":"пре {{value}} минута","_[other]":"пре {{value}} минута"},"hours-ago-long":{"_":"{[ plural(value) ]}","_[zero]":"управо","_[one]":"пре сат времена","_[two]":"пре {{value}} сата","_[few]":"пре {{value}} сати","_[many]":"пре {{value}} сати","_[other]":"пре {{value}} сати"},"days-ago-long":{"_":"{[ plural(value) ]}","_[zero]":"данас","_[one]":"јуче","_[two]":"пре {{value}} дана","_[few]":"пре {{value}} дана","_[many]":"пре {{value}} дана","_[other]":"пре {{value}} дана"},"weeks-ago-long":{"_":"{[ plural(value) ]}","_[zero]":"ове недеље","_[one]":"прошле недеље","_[two]":"пре {{value}} недеље","_[few]":"пре {{value}} недеља","_[many]":"пре {{value}} недеља","_[other]":"пре {{value}} недеља"},"months-ago-long":{"_":"{[ plural(value) ]}","_[zero]":"овог месеца","_[one]":"прошлог месеца","_[two]":"пре {{value}} месеца","_[few]":"пре {{value}} месеци","_[many]":"пре {{value}} месеци","_[other]":"пре {{value}} месеци"},"years-ago-long":{"_":"{[ plural(value) ]}","_[zero]":"ове године","_[one]":"прошле године","_[two]":"пре {{value}} године","_[few]":"пре {{value}} година","_[many]":"пре {{value}} година","_[other]":"пре {{value}} година"},"minutes-until-long":{"_":"{[ plural(value) ]}","_[zero]":"управо","_[one]":"за један минут","_[two]":"за {{value}} минута","_[few]":"за {{value}} минута","_[many]":"за {{value}} минута","_[other]":"за {{value}} минута"},"hours-until-long":{"_":"{[ plural(value) ]}","_[zero]":"управо","_[one]":"за сат времена","_[two]":"за {{value}} сата","_[few]":"за {{value}} сати","_[many]":"за {{value}} сати","_[other]":"за {{value}} сати"},"days-until-long":{"_":"{[ plural(value) ]}","_[zero]":"данас","_[one]":"сутра","_[two]":"за {{value}} дана","_[few]":"за {{value}} дана","_[many]":"за {{value}} дана","_[other]":"за {{value}} дана"},"weeks-until-long":{"_":"{[ plural(value) ]}","_[zero]":"ове недеље","_[one]":"следеће недеље","_[two]":"за {{value}} недеље","_[few]":"за {{value}} недеља","_[many]":"за {{value}} недеља","_[other]":"за {{value}} недеља"},"months-until-long":{"_":"{[ plural(value) ]}","_[zero]":"овог месеца","_[one]":"следећег месеца","_[two]":"за {{value}} месеца","_[few]":"за {{value}} месеци","_[many]":"за {{value}} месеци","_[other]":"за {{value}} месеци"},"years-until-long":{"_":"{[ plural(value) ]}","_[zero]":"ове године","_[one]":"следеће године","_[two]":"за {{value}} године","_[few]":"за {{value}} година","_[many]":"за {{value}} година","_[other]":"за {{value}} година"},"minutes-ago-short":{"_":"{[ plural(value) ]}","_[zero]":"управо","_[other]":"пре {{value}}м"},"hours-ago-short":{"_":"{[ plural(value) ]}","_[zero]":"управо","_[other]":"пре {{value}}с"},"days-ago-short":{"_":"{[ plural(value) ]}","_[zero]":"данас","_[other]":"пре {{value}}д"},"minutes-until-short":{"_":"{[ plural(value) ]}","_[zero]":"управо","_[other]":"за {{value}}м"},"hours-until-short":{"_":"{[ plural(value) ]}","_[zero]":"управо","_[other]":"за {{value}}с"},"days-until-short":{"_":"{[ plural(value) ]}","_[zero]":"данас","_[other]":"за {{value}}д"},"incorrectDate":{"_":"(нетачан датум)"},"dateTimeFormat_%c":{"_":"%a %e %b %Y %H:%M:%S"},"dateTimeFormat_%x":{"_":"%d.%m.%Y"},"dateTimeFormat_%X":{"_":"%H:%M:%S"},"shortTimeFormat":{"_":"%H:%M"},"shortDateTimeFormat":{"_":"%x %H:%M"},"weekStartsOnMonday":{"_":"1"},"time_am":{"_":"AM"},"time_pm":{"_":"PM"}}