{"back":{"_":"Nazad"},"save":{"_":"Snimi"},"hide":{"_":"Sakrij"},"cancel":{"_":"Otkaži"},"confirm":{"_":"Potvrdi"},"done":{"_":"Završeno"},"events":{"_":"Događaji"},"edit":{"_":"Izmeni"},"allday-events":{"_":"Celodnevni događaji"},"hint-swipe-action":{"_":"Prevucite"},"hint-swipe-to-navigate":{"_":"da biste se kretali između datuma."},"show-today":{"_":"Danas"},"show-month-view":{"_":"Mesec"},"show-week-view":{"_":"Nedelja"},"show-day-view":{"_":"Dan"},"settings-show":{"_":"Postavke"},"settings-hide":{"_":"Sakrij postavke"},"add-account":{"_":"Dodaj nalog"},"new-event":{"_":"Dodaj događaj"},"add-event-header":{"_":"Događaj"},"account-header":{"_":"Nalog"},"account-list-header":{"_":"Nalozi"},"settings-header":{"_":"Kalendari"},"advanced-settings":{"_":"Postavke kalendara"},"advanced-settings-header":{"_":"Postavke"},"advanced-settings-personalization":{"_":"Personalizacija"},"advanced-settings-reminders":{"_":"Podsetnici"},"field-user":{"placeholder":"Korisničko ime"},"field-password":{"placeholder":"Lozinka"},"field-full-url":{"placeholder":"URL"},"modify-account-setting-up":{"_":"Molim Vas sačekajte dok se Vaš nalog podešava"},"modify-account-unable-to-sync":{"_":"Nemoguće je sinhronizovati"},"modify-account-sign-in":{"_":"Prijavi se"},"preset-caldav":{"_":"CalDav"},"preset-yahoo":{"_":"Yahoo!"},"preset-google":{"_":"Google"},"preset-local":{"_":"Kalendar van mreže"},"preset-mozilla":{"_":"Mozilla Zimbra"},"calendar-local":{"_":"Kalendar van mreže"},"event-title":{"placeholder":"Naslov"},"event-location":{"placeholder":"Gde?"},"event-description":{"placeholder":"Beleške"},"event-is-allday":{"_":"Celodnevni događaj?"},"event-start-date":{"placeholder":"Datum početka"},"event-end-date":{"placeholder":"Datum završetka"},"event-start-time":{"placeholder":"Vreme početka"},"event-end-time":{"placeholder":"Vreme završetka"},"event-delete":{"_":"Obriši događaj"},"remove-account-data":{"_":"Ukloni lokalne podatke"},"remove-account-dialog":{"_":"Ukloni nalog"},"remove-account-dialog-details":{"_":"Uklanjanjem ovog naloga ćete takođe ukloniti lokalnu kopiju povezanih kalendara i događaja."},"sync-frequency":{"_":"Sinhronizuj kalendar"},"sync-frequency-manual":{"textContent":"Ručno"},"sync-frequency-15min":{"textContent":"15 min."},"sync-frequency-30min":{"textContent":"30 min."},"sync-frequency-hourly":{"textContent":"Svaki sat"},"none":{"_":"Nijedan"},"remind-me":{"_":"Podseti me"},"from-time":{"_":"Od: "},"to-time":{"_":"Za: "},"alarm-at-event-standard":{"_":"Za vreme događaja"},"alarm-at-event-allday":{"_":"Na dan događaja"},"alarm-start-notice":{"_":"{{title}} počinje za {{distance}}"},"alarm-started-notice":{"_":"{{title}} je počeo {{distance}}"},"minutes-before":{"_":"{[ plural(value) ]}","_[zero]":"0 minuta pre","_[one]":"1 minut pre","_[two]":"{{value}} minuta pre","_[few]":"{{value}} minuta pre","_[many]":"{{value}} minuta pre","_[other]":"{{value}} minuta pre"},"hours-before":{"_":"{[ plural(value) ]}","_[zero]":"0 sati pre","_[one]":"1 sat pre","_[two]":"{{value}} sata pre","_[few]":"{{value}} sati pre","_[many]":"{{value}} sati pre","_[other]":"{{value}} sati pre"},"days-before":{"_":"{[ plural(value) ]}","_[zero]":"0 dana pre","_[one]":"1 dan pre","_[two]":"{{value}} dana pre","_[few]":"{{value}} dana pre","_[many]":"{{value}} dana pre","_[other]":"{{value}} dana pre"},"weeks-before":{"_":"{[ plural(value) ]}","_[zero]":"0 nedelja pre","_[one]":"1 nedelju pre","_[two]":"{{value}} nedelje pre","_[few]":"{{value}} nedelja pre","_[many]":"{{value}} nedelja pre","_[other]":"{{value}} nedelja pre"},"months-before":{"_":"{[ plural(value) ]}","_[zero]":"0 meseci pre","_[one]":"1 mesec pre","_[two]":"{{value}} meseca pre","_[few]":"{{value}} meseci pre","_[many]":"{{value}} meseci pre","_[other]":"{{value}} meseci pre"},"years-before":{"_":"{[ plural(value) ]}","_[zero]":"0 godina pre","_[one]":"1 godinu pre","_[two]":"{{value}} godine pre","_[few]":"{{value}} godina pre","_[many]":"{{value}} godina pre","_[other]":"{{value}} godina pre"},"minutes-after":{"_":"{[ plural(value) ]}","_[zero]":"0 minuta posle","_[one]":"1 minut posle","_[two]":"{{value}} minuta posle","_[few]":"{{value}} minuta posle","_[many]":"{{value}} minuta posle","_[other]":"{{value}} minuta posle"},"hours-after":{"_":"{[ plural(value) ]}","_[zero]":"0 sati posle","_[one]":"1 sat posle","_[two]":"{{value}} sata posle","_[few]":"{{value}} sati posle","_[many]":"{{value}} sati posle","_[other]":"{{value}} sati posle"},"days-after":{"_":"{[ plural(value) ]}","_[zero]":"0 dana posle","_[one]":"1 dan posle","_[two]":"{{value}} dana posle","_[few]":"{{value}} dana posle","_[many]":"{{value}} dana posle","_[other]":"{{value}} dana posle"},"weeks-after":{"_":"{[ plural(value) ]}","_[zero]":"0 nedelja posle","_[one]":"1 nedelju posle","_[two]":"{{value}} nedelje posle","_[few]":"{{value}} nedelja posle","_[many]":"{{value}} nedelja posle","_[other]":"{{value}} nedelja posle"},"months-after":{"_":"{[ plural(value) ]}","_[zero]":"0 meseci posle","_[one]":"1 mesec posle","_[two]":"{{value}} meseca posle","_[few]":"{{value}} meseci posle","_[many]":"{{value}} meseci posle","_[other]":"{{value}} meseci posle"},"years-after":{"_":"{[ plural(value) ]}","_[zero]":"0 godina posle","_[one]":"1 godinu posle","_[two]":"{{value}} godine posle","_[few]":"{{value}} godina posle","_[many]":"{{value}} godina posle","_[other]":"{{value}} godina posle"},"hour-format":{"_":"%H"},"hour-allday":{"_":"Ceo dan"},"month-view-header-format":{"_":"%b %Y"},"multi-month-view-header-format":{"_":"%b %Y"},"day-view-header-format":{"_":"%a, %e %B "},"error-start-after-end":{"_":"Datum završetka mora biti nakon datuma početka"},"error-unauthenticated":{"_":"Pogrešno korisničko ime i/ili lozinka"},"error-no-url":{"_":"No connection. Check your Wi-Fi and try again."},"error-internal-server-error":{"_":"Greška na serveru. Proverite podatke za prijavljivanje i pokušajte ponovo."},"error-default":{"_":"Nešto nije u redu. Pokušajte malo kasnije."},"error-offline":{"_":"Nema veze. Proverite konfiguraciju Vaše mreže i pokušajte ponovo."},"error-account-exist":{"_":"Ovaj nalog već postoji."},"notification-error-sync-title":{"_":"Greška pri sinhronizaciji kalendara"},"notification-error-sync-description":{"_":"Pritisnite za više informacija"},"weekday-0-long":{"_":"Nedelja"},"weekday-1-long":{"_":"Ponedeljak"},"weekday-2-long":{"_":"Utorak"},"weekday-3-long":{"_":"Sreda"},"weekday-4-long":{"_":"Četvrtak"},"weekday-5-long":{"_":"Petak"},"weekday-6-long":{"_":"Subota"},"weekday-0-short":{"_":"Ned"},"weekday-1-short":{"_":"Pon"},"weekday-2-short":{"_":"Uto"},"weekday-3-short":{"_":"Sre"},"weekday-4-short":{"_":"Čet"},"weekday-5-short":{"_":"Pet"},"weekday-6-short":{"_":"Sub"},"month-0-long":{"_":"januar"},"month-1-long":{"_":"februar"},"month-2-long":{"_":"mart"},"month-3-long":{"_":"april"},"month-4-long":{"_":"maj"},"month-5-long":{"_":"jun"},"month-6-long":{"_":"jul"},"month-7-long":{"_":"avgust"},"month-8-long":{"_":"septembar"},"month-9-long":{"_":"oktobar"},"month-10-long":{"_":"novembar"},"month-11-long":{"_":"decembar"},"month-0-genitive":{"_":"januara"},"month-1-genitive":{"_":"februara"},"month-2-genitive":{"_":"marta"},"month-3-genitive":{"_":"aprila"},"month-4-genitive":{"_":"maja"},"month-5-genitive":{"_":"juna"},"month-6-genitive":{"_":"jula"},"month-7-genitive":{"_":"avgusta"},"month-8-genitive":{"_":"septembra"},"month-9-genitive":{"_":"oktobra"},"month-10-genitive":{"_":"novembra"},"month-11-genitive":{"_":"decembra"},"month-0-short":{"_":"jan"},"month-1-short":{"_":"feb"},"month-2-short":{"_":"mar"},"month-3-short":{"_":"apr"},"month-4-short":{"_":"maj"},"month-5-short":{"_":"jun"},"month-6-short":{"_":"jul"},"month-7-short":{"_":"avg"},"month-8-short":{"_":"sep"},"month-9-short":{"_":"okt"},"month-10-short":{"_":"nov"},"month-11-short":{"_":"dec"},"minutes-ago-long":{"_":"{[ plural(value) ]}","_[zero]":"upravo","_[one]":"pre minut","_[two]":"pre {{value}} minuta","_[few]":"pre {{value}} minuta","_[many]":"pre {{value}} minuta","_[other]":"pre {{value}} minuta"},"hours-ago-long":{"_":"{[ plural(value) ]}","_[zero]":"upravo","_[one]":"pre sat vremena","_[two]":"pre {{value}} sata","_[few]":"pre {{value}} sati","_[many]":"pre {{value}} sati","_[other]":"pre {{value}} sati"},"days-ago-long":{"_":"{[ plural(value) ]}","_[zero]":"danas","_[one]":"juče","_[two]":"pre {{value}} dana","_[few]":"pre {{value}} dana","_[many]":"pre {{value}} dana","_[other]":"pre {{value}} dana"},"weeks-ago-long":{"_":"{[ plural(value) ]}","_[zero]":"ove nedelje","_[one]":"prošle nedelje","_[two]":"pre {{value}} nedelje","_[few]":"pre {{value}} nedelja","_[many]":"pre {{value}} nedelja","_[other]":"pre {{value}} nedelja"},"months-ago-long":{"_":"{[ plural(value) ]}","_[zero]":"ovog meseca","_[one]":"prošlog meseca","_[two]":"pre {{value}} meseca","_[few]":"pre {{value}} meseci","_[many]":"pre {{value}} meseci","_[other]":"pre {{value}} meseci"},"years-ago-long":{"_":"{[ plural(value) ]}","_[zero]":"ove godine","_[one]":"prošle godine","_[two]":"pre {{value}} godine","_[few]":"pre {{value}} godina","_[many]":"pre {{value}} godina","_[other]":"pre {{value}} godina"},"minutes-until-long":{"_":"{[ plural(value) ]}","_[zero]":"upravo","_[one]":"za jedan minut","_[two]":"za {{value}} minuta","_[few]":"za {{value}} minuta","_[many]":"za {{value}} minuta","_[other]":"za {{value}} minuta"},"hours-until-long":{"_":"{[ plural(value) ]}","_[zero]":"upravo","_[one]":"za sat vremena","_[two]":"za {{value}} sata","_[few]":"za {{value}} sati","_[many]":"za {{value}} sati","_[other]":"za {{value}} sati"},"days-until-long":{"_":"{[ plural(value) ]}","_[zero]":"danas","_[one]":"sutra","_[two]":"za {{value}} dana","_[few]":"za {{value}} dana","_[many]":"za {{value}} dana","_[other]":"za {{value}} dana"},"weeks-until-long":{"_":"{[ plural(value) ]}","_[zero]":"ove nedelje","_[one]":"sledeće nedelje","_[two]":"za {{value}} nedelje","_[few]":"za {{value}} nedelja","_[many]":"za {{value}} nedelja","_[other]":"za {{value}} nedelja"},"months-until-long":{"_":"{[ plural(value) ]}","_[zero]":"ovog meseca","_[one]":"sledećeg meseca","_[two]":"za {{value}} meseca","_[few]":"za {{value}} meseci","_[many]":"za {{value}} meseci","_[other]":"za {{value}} meseci"},"years-until-long":{"_":"{[ plural(value) ]}","_[zero]":"ove godine","_[one]":"sledeće godine","_[two]":"za {{value}} godine","_[few]":"za {{value}} godina","_[many]":"za {{value}} godina","_[other]":"za {{value}} godina"},"minutes-ago-short":{"_":"{[ plural(value) ]}","_[zero]":"upravo","_[other]":"pre {{value}}m"},"hours-ago-short":{"_":"{[ plural(value) ]}","_[zero]":"upravo","_[other]":"pre {{value}}s"},"days-ago-short":{"_":"{[ plural(value) ]}","_[zero]":"danas","_[other]":"pre {{value}}d"},"minutes-until-short":{"_":"{[ plural(value) ]}","_[zero]":"upravo","_[other]":"za {{value}}m"},"hours-until-short":{"_":"{[ plural(value) ]}","_[zero]":"upravo","_[other]":"za {{value}}s"},"days-until-short":{"_":"{[ plural(value) ]}","_[zero]":"danas","_[other]":"za {{value}}d"},"incorrectDate":{"_":"(netačan datum)"},"dateTimeFormat_%c":{"_":"%a %e %b %Y %H:%M:%S"},"dateTimeFormat_%x":{"_":"%d.%m.%Y"},"dateTimeFormat_%X":{"_":"%H:%M:%S"},"shortTimeFormat":{"_":"%H:%M"},"shortDateTimeFormat":{"_":"%x %H:%M"},"weekStartsOnMonday":{"_":"1"},"time_am":{"_":"AM"},"time_pm":{"_":"PM"}}