{"back":{"_":"Tillbaka"},"save":{"_":"Spara"},"hide":{"_":"Dölj"},"cancel":{"_":"Avbryt"},"confirm":{"_":"Bekräfta"},"done":{"_":"Klar"},"events":{"_":"Händelser"},"edit":{"_":"Redigera"},"allday-events":{"_":"Heldagshändelser"},"hint-swipe-action":{"_":"Dra"},"hint-swipe-to-navigate":{"_":"för att navigera mellan datum i kalendern."},"show-today":{"_":"Idag"},"show-month-view":{"_":"Månad"},"show-week-view":{"_":"Vecka"},"show-day-view":{"_":"Dag"},"settings-show":{"_":"Inställningar"},"settings-hide":{"_":"Dölj inställningar"},"add-account":{"_":"Lägg till ett konto"},"new-event":{"_":"Lägg till händelse"},"add-event-header":{"_":"Händelse"},"account-header":{"_":"Konto"},"account-list-header":{"_":"Konton"},"settings-header":{"_":"Kalendrar"},"advanced-settings":{"_":"Kalenderinställningar"},"advanced-settings-header":{"_":"Kalenderinställningar"},"advanced-settings-personalization":{"_":"Anpassning"},"advanced-settings-reminders":{"_":"Påminnelser"},"field-user":{"placeholder":"Användarnamn"},"field-password":{"placeholder":"Lösenord"},"field-full-url":{"placeholder":"URL"},"modify-account-setting-up":{"_":"Vänta medan ditt konto konfigureras"},"modify-account-unable-to-sync":{"_":"Kan inte synkronisera"},"modify-account-sign-in":{"_":"Logga in"},"preset-caldav":{"_":"CalDav"},"preset-yahoo":{"_":"Yahoo!"},"preset-google":{"_":"Google"},"preset-local":{"_":"Offline kalender"},"preset-mozilla":{"_":"Mozilla Zimbra"},"calendar-local":{"_":"Offline kalender"},"event-title":{"placeholder":"Titel"},"event-location":{"placeholder":"Var?"},"event-description":{"placeholder":"Anteckningar"},"event-is-allday":{"_":"Heldagsaktivitet?"},"event-start-date":{"placeholder":"Startdatum"},"event-end-date":{"placeholder":"Slutdatum"},"event-start-time":{"placeholder":"Starttid"},"event-end-time":{"placeholder":"Sluttid"},"event-delete":{"_":"Ta bort händelse"},"remove-account-data":{"_":"Ta bort lokal data"},"remove-account-dialog":{"_":"Ta bort konto"},"remove-account-dialog-details":{"_":"Borttagning av kontot kommer även ta bort din lokala kopia av tillhörande kalendrar och händelser."},"sync-frequency":{"_":"Synkronisera"},"sync-frequency-manual":{"textContent":"Manuellt"},"sync-frequency-15min":{"textContent":"15 min"},"sync-frequency-30min":{"textContent":"30 min"},"sync-frequency-hourly":{"textContent":"Varje timme"},"none":{"_":"Inga"},"remind-me":{"_":"Påminn mig"},"from-time":{"_":"Från: "},"to-time":{"_":"Till: "},"alarm-at-event-standard":{"_":"Vid tidpunkten för händelse"},"alarm-at-event-allday":{"_":"På dagen för händelse"},"alarm-start-notice":{"_":"{{title}} startar {{distance}}"},"alarm-started-notice":{"_":"{{title}} startade {{distance}}"},"minutes-before":{"_":"{[ plural(value) ]}","_[zero]":"0 minuter före","_[one]":"1 minut före","_[two]":"{{value}} minuter före","_[few]":"{{value}} minuter före","_[many]":"{{value}} minuter före","_[other]":"{{value}} minuter före"},"hours-before":{"_":"{[ plural(value) ]}","_[zero]":"0 timmar före","_[one]":"1 timme före","_[two]":"{{value}} timmar före","_[few]":"{{value}} timmar före","_[many]":"{{value}} timmar före","_[other]":"{{value}} timmar före"},"days-before":{"_":"{[ plural(value) ]}","_[zero]":"0 dagar före","_[one]":"1 dag före","_[two]":"{{value}} dagar före","_[few]":"{{value}} dagar före","_[many]":"{{value}} dagar före","_[other]":"{{value}} dagar före"},"weeks-before":{"_":"{[ plural(value) ]}","_[zero]":"0 veckor före","_[one]":"1 vecka före","_[two]":"{{value}} veckor före","_[few]":"{{value}} veckor före","_[many]":"{{value}} veckor före","_[other]":"{{value}} veckor före"},"months-before":{"_":"{[ plural(value) ]}","_[zero]":"0 månader före","_[one]":"1 månad före","_[two]":"{{value}} månader före","_[few]":"{{value}} månader före","_[many]":"{{value}} månader före","_[other]":"{{value}} månader före"},"years-before":{"_":"{[ plural(value) ]}","_[zero]":"0 år före","_[one]":"1 år före","_[two]":"{{value}} år före","_[few]":"{{value}} år före","_[many]":"{{value}} år före","_[other]":"{{value}} år före"},"minutes-after":{"_":"{[ plural(value) ]}","_[zero]":"0 minuter efter","_[one]":"1 minut efter","_[two]":"{{value}} minuter efter","_[few]":"{{value}} minuter efter","_[many]":"{{value}} minuter efter","_[other]":"{{value}} minuter efter"},"hours-after":{"_":"{[ plural(value) ]}","_[zero]":"0 timmar efter","_[one]":"1 timme efter","_[two]":"{{value}} timmar efter","_[few]":"{{value}} timmar efter","_[many]":"{{value}} timmar efter","_[other]":"{{value}} timmar efter"},"days-after":{"_":"{[ plural(value) ]}","_[zero]":"0 dagar efter","_[one]":"1 dag efter","_[two]":"{{value}} dagar efter","_[few]":"{{value}} dagar efter","_[many]":"{{value}} dagar efter","_[other]":"{{value}} dagar efter"},"weeks-after":{"_":"{[ plural(value) ]}","_[zero]":"0 veckor efter","_[one]":"1 vecka efter","_[two]":"{{value}} veckor efter","_[few]":"{{value}} veckor efter","_[many]":"{{value}} veckor efter","_[other]":"{{value}} veckor efter"},"months-after":{"_":"{[ plural(value) ]}","_[zero]":"0 månader efter","_[one]":"1 månad efter","_[two]":"{{value}} månader efter","_[few]":"{{value}} månader efter","_[many]":"{{value}} månader efter","_[other]":"{{value}} månader efter"},"years-after":{"_":"{[ plural(value) ]}","_[zero]":"0 år efter","_[one]":"1 år efter","_[two]":"{{value}} år efter","_[few]":"{{value}} år efter","_[many]":"{{value}} år efter","_[other]":"{{value}} år efter"},"hour-format":{"_":"%H"},"hour-allday":{"_":"Heldag"},"month-view-header-format":{"_":"%B %Y"},"multi-month-view-header-format":{"_":"%b %Y"},"day-view-header-format":{"_":"%A %e %B"},"error-start-after-end":{"_":"Slutdatum måste komma efter startdatum."},"error-unauthenticated":{"_":"Fel användarnamn och/eller lösenord"},"error-no-url":{"_":"No connection. Check your Wi-Fi and try again."},"error-internal-server-error":{"_":"Serverfel. Kontrollera din inloggning och försök igen."},"error-default":{"_":"Något är fel. Försök igen senare."},"error-offline":{"_":"Ingen anslutning. Kontrollera din nätverkskonfiguration och försök igen."},"error-account-exist":{"_":"Kontot finns redan."},"notification-error-sync-title":{"_":"Fel kalendersynk"},"notification-error-sync-description":{"_":"Peka här för mer information"},"weekday-0-long":{"_":"Söndag"},"weekday-1-long":{"_":"Måndag"},"weekday-2-long":{"_":"Tisdag"},"weekday-3-long":{"_":"Onsdag"},"weekday-4-long":{"_":"Torsdag"},"weekday-5-long":{"_":"Fredag"},"weekday-6-long":{"_":"Lördag"},"weekday-0-short":{"_":"Sön"},"weekday-1-short":{"_":"Mån"},"weekday-2-short":{"_":"Tis"},"weekday-3-short":{"_":"Ons"},"weekday-4-short":{"_":"Tor"},"weekday-5-short":{"_":"Fre"},"weekday-6-short":{"_":"Lör"},"month-0-long":{"_":"Januari"},"month-1-long":{"_":"Februari"},"month-2-long":{"_":"Mars"},"month-3-long":{"_":"April"},"month-4-long":{"_":"Maj"},"month-5-long":{"_":"Juni"},"month-6-long":{"_":"Juli"},"month-7-long":{"_":"Augusti"},"month-8-long":{"_":"September"},"month-9-long":{"_":"Oktober"},"month-10-long":{"_":"November"},"month-11-long":{"_":"December"},"month-0-genitive":{"_":"Januari"},"month-1-genitive":{"_":"Februari"},"month-2-genitive":{"_":"Mars"},"month-3-genitive":{"_":"April"},"month-4-genitive":{"_":"Maj"},"month-5-genitive":{"_":"Juni"},"month-6-genitive":{"_":"Juli"},"month-7-genitive":{"_":"Augusti"},"month-8-genitive":{"_":"September"},"month-9-genitive":{"_":"Oktober"},"month-10-genitive":{"_":"November"},"month-11-genitive":{"_":"December"},"month-0-short":{"_":"Jan"},"month-1-short":{"_":"Feb"},"month-2-short":{"_":"Mar"},"month-3-short":{"_":"Apr"},"month-4-short":{"_":"Maj"},"month-5-short":{"_":"Jun"},"month-6-short":{"_":"Jul"},"month-7-short":{"_":"Aug"},"month-8-short":{"_":"Sep"},"month-9-short":{"_":"Okt"},"month-10-short":{"_":"Nov"},"month-11-short":{"_":"Dec"},"minutes-ago-long":{"_":"{[ plural(value) ]}","_[zero]":"nyss","_[one]":"en minut sen","_[two]":"{{value}} minuter sen","_[few]":"{{value}} minuter sen","_[many]":"{{value}} minuter sen","_[other]":"{{value}} minuter sen"},"hours-ago-long":{"_":"{[ plural(value) ]}","_[zero]":"nyss","_[one]":"en timme sen","_[two]":"{{value}} timmar sen","_[few]":"{{value}} timmar sen","_[many]":"{{value}} timmar sen","_[other]":"{{value}} timmar sen"},"days-ago-long":{"_":"{[ plural(value) ]}","_[zero]":"idag","_[one]":"igår","_[two]":"{{value}} dagar sen","_[few]":"{{value}} dagar sen","_[many]":"{{value}} dagar sen","_[other]":"{{value}} dagar sen"},"weeks-ago-long":{"_":"{[ plural(value) ]}","_[zero]":"denna vecka","_[one]":"förra veckan","_[two]":"{{value}} veckor sen","_[few]":"{{value}} veckor sen","_[many]":"{{value}} veckor sen","_[other]":"{{value}} veckor sen"},"months-ago-long":{"_":"{[ plural(value) ]}","_[zero]":"denna månad","_[one]":"förra månaden","_[two]":"{{value}} månader sen","_[few]":"{{value}} månader sen","_[many]":"{{value}} månader sen","_[other]":"{{value}} månader sen"},"years-ago-long":{"_":"{[ plural(value) ]}","_[zero]":"detta år","_[one]":"förra året","_[two]":"{{value}} år sen","_[few]":"{{value}} år sen","_[many]":"{{value}} år sen","_[other]":"{{value}} år sen"},"minutes-until-long":{"_":"{[ plural(value) ]}","_[zero]":"nu","_[one]":"om en minut","_[two]":"om {{value}} minuter","_[few]":"om {{value}} minuter","_[many]":"om {{value}} minuter","_[other]":"om {{value}} minuter"},"hours-until-long":{"_":"{[ plural(value) ]}","_[zero]":"nu","_[one]":"om en timme","_[two]":"om {{value}} timmar","_[few]":"om {{value}} timmar","_[many]":"om {{value}} timmar","_[other]":"om {{value}} timmar"},"days-until-long":{"_":"{[ plural(value) ]}","_[zero]":"idag","_[one]":"imorgon","_[two]":"om {{value}} dagar","_[few]":"om {{value}} dagar","_[many]":"om {{value}} dagar","_[other]":"om {{value}} dagar"},"weeks-until-long":{"_":"{[ plural(value) ]}","_[zero]":"denna vecka","_[one]":"nästa vecka","_[two]":"om {{value}} veckor","_[few]":"om {{value}} veckor","_[many]":"om {{value}} veckor","_[other]":"om {{value}} veckor"},"months-until-long":{"_":"{[ plural(value) ]}","_[zero]":"denna månad","_[one]":"nästa månad","_[two]":"om {{value}} månader","_[few]":"om {{value}} månader","_[many]":"om {{value}} månader","_[other]":"om {{value}} månader"},"years-until-long":{"_":"{[ plural(value) ]}","_[zero]":"detta år","_[one]":"nästa år","_[two]":"om {{value}} år","_[few]":"om {{value}} år","_[many]":"om {{value}} år","_[other]":"om {{value}} år"},"minutes-ago-short":{"_":"{[ plural(value) ]}","_[zero]":"nyss","_[other]":"{{value}}min sen"},"hours-ago-short":{"_":"{[ plural(value) ]}","_[zero]":"nyss","_[other]":"{{value}}tim. sen"},"days-ago-short":{"_":"{[ plural(value) ]}","_[zero]":"idag","_[other]":"{{value}}dygn sen"},"minutes-until-short":{"_":"{[ plural(value) ]}","_[zero]":"nu","_[other]":"om {{value}}min"},"hours-until-short":{"_":"{[ plural(value) ]}","_[zero]":"nu","_[other]":"om {{value}}tim."},"days-until-short":{"_":"{[ plural(value) ]}","_[zero]":"idag","_[other]":"om {{value}}dygn"},"incorrectDate":{"_":"(felaktigt datum)"},"dateTimeFormat_%c":{"_":"%a %e %b %Y %H:%M:%S"},"dateTimeFormat_%x":{"_":"%d/%m/%Y"},"dateTimeFormat_%X":{"_":"%H:%M:%S"},"shortTimeFormat":{"_":"%H:%M"},"shortDateTimeFormat":{"_":"%x %H:%M"},"weekStartsOnMonday":{"_":"1"},"time_am":{"_":"AM"},"time_pm":{"_":"PM"}}