{"back":{"_":"Geri"},"save":{"_":"Kaydet"},"hide":{"_":"Gizle"},"cancel":{"_":"İptal"},"confirm":{"_":"Onayla"},"done":{"_":"Bitti"},"events":{"_":"Etkinlikler"},"edit":{"_":"Düzenle"},"allday-events":{"_":"Tam günlük etkinlikler"},"hint-swipe-action":{"_":"Kaydırarak"},"hint-swipe-to-navigate":{"_":"takvim tarihleri arasında gezinebilirsiniz."},"show-today":{"_":"Bugün"},"show-month-view":{"_":"Ay"},"show-week-view":{"_":"Hafta"},"show-day-view":{"_":"Gün"},"settings-show":{"_":"Ayarlar"},"settings-hide":{"_":"Ayarları gizle"},"add-account":{"_":"Bir hesap ekle"},"new-event":{"_":"Etkinlik ekle"},"add-event-header":{"_":"Etkinlik"},"account-header":{"_":"Hesap"},"account-list-header":{"_":"Hesaplar"},"settings-header":{"_":"Takvimler"},"advanced-settings":{"_":"Takvim ayarları"},"advanced-settings-header":{"_":"Takvim Ayarları"},"advanced-settings-personalization":{"_":"Kişiselleştirme"},"advanced-settings-reminders":{"_":"Hatırlatıcılar"},"field-user":{"placeholder":"Kullanıcı adı"},"field-password":{"placeholder":"Parola"},"field-full-url":{"placeholder":"URL"},"modify-account-setting-up":{"_":"Lütfen hesabınız ayarlanırken bekleyin"},"modify-account-unable-to-sync":{"_":"Eşitlenemedi"},"modify-account-sign-in":{"_":"Giriş"},"preset-caldav":{"_":"CalDav"},"preset-yahoo":{"_":"Yahoo!"},"preset-google":{"_":"Google"},"preset-local":{"_":"Çevrimdışı takvim"},"preset-mozilla":{"_":"Mozilla Zimbra"},"calendar-local":{"_":"Çevrimdışı takvim"},"event-title":{"placeholder":"Başlık"},"event-location":{"placeholder":"Nerede?"},"event-description":{"placeholder":"Notlar"},"event-is-allday":{"_":"Tam günlük etkinlik mi?"},"event-start-date":{"placeholder":"Başlangıç tarihi"},"event-end-date":{"placeholder":"Bitiş tarihi"},"event-start-time":{"placeholder":"Başlangıç saati"},"event-end-time":{"placeholder":"Bitiş saati"},"event-delete":{"_":"Etkinliği sil"},"remove-account-data":{"_":"Yerel verileri kaldır"},"remove-account-dialog":{"_":"Hesabı kaldır"},"remove-account-dialog-details":{"_":"Bu hesabı kaldırmak aynı zamanda ilgili takvim ve etkinliklere ait yerel kopyalarınızı da kaldıracaktır."},"sync-frequency":{"_":"Takvimi eşitle"},"sync-frequency-manual":{"textContent":"Elle"},"sync-frequency-15min":{"textContent":"15 dk"},"sync-frequency-30min":{"textContent":"30 dk"},"sync-frequency-hourly":{"textContent":"Her saat"},"none":{"_":"Yok"},"remind-me":{"_":"Bana hatırlat"},"from-time":{"_":"Başlangıç: "},"to-time":{"_":"Bitiş: "},"alarm-at-event-standard":{"_":"Etkinlik anında"},"alarm-at-event-allday":{"_":"Etkinlik gününde"},"alarm-start-notice":{"_":"{{title}} {{distance}} içinde başlıyor"},"alarm-started-notice":{"_":"{{title}} {{distance}} başladı"},"minutes-before":{"_":"{[ plural(value) ]}","_[zero]":"0 dakika önce","_[one]":"1 dakika önce","_[two]":"{{value}} dakika önce","_[few]":"{{value}} dakika önce","_[many]":"{{value}} dakika önce","_[other]":"{{value}} dakika önce"},"hours-before":{"_":"{[ plural(value) ]}","_[zero]":"0 saat önce","_[one]":"1 saat önce","_[two]":"{{value}} saat önce","_[few]":"{{value}} saat önce","_[many]":"{{value}} saat önce","_[other]":"{{value}} saat önce"},"days-before":{"_":"{[ plural(value) ]}","_[zero]":"0 gün önce","_[one]":"1 gün önce","_[two]":"{{value}} gün önce","_[few]":"{{value}} gün önce","_[many]":"{{value}} gün önce","_[other]":"{{value}} gün önce"},"weeks-before":{"_":"{[ plural(value) ]}","_[zero]":"0 hafta önce","_[one]":"1 hafta önce","_[two]":"{{value}} hafta önce","_[few]":"{{value}} hafta önce","_[many]":"{{value}} hafta önce","_[other]":"{{value}} hafta önce"},"months-before":{"_":"{[ plural(value) ]}","_[zero]":"0 ay önce","_[one]":"1 ay önce","_[two]":"{{value}} ay önce","_[few]":"{{value}} ay önce","_[many]":"{{value}} ay önce","_[other]":"{{value}} ay önce"},"years-before":{"_":"{[ plural(value) ]}","_[zero]":"0 yıl önce","_[one]":"1 yıl önce","_[two]":"{{value}} yıl önce","_[few]":"{{value}} yıl önce","_[many]":"{{value}} yıl önce","_[other]":"{{value}} yıl önce"},"minutes-after":{"_":"{[ plural(value) ]}","_[zero]":"0 dakika sonra","_[one]":"1 dakika sonra","_[two]":"{{value}} dakika sonra","_[few]":"{{value}} dakika sonra","_[many]":"{{value}} dakika sonra","_[other]":"{{value}} dakika sonra"},"hours-after":{"_":"{[ plural(value) ]}","_[zero]":"0 saat sonra","_[one]":"1 saat sonra","_[two]":"{{value}} saat sonra","_[few]":"{{value}} saat sonra","_[many]":"{{value}} saat sonra","_[other]":"{{value}} saat sonra"},"days-after":{"_":"{[ plural(value) ]}","_[zero]":"0 gün sonra","_[one]":"1 gün sonra","_[two]":"{{value}} gün sonra","_[few]":"{{value}} gün sonra","_[many]":"{{value}} gün sonra","_[other]":"{{value}} gün sonra"},"weeks-after":{"_":"{[ plural(value) ]}","_[zero]":"0 hafta sonra","_[one]":"1 hafta sonra","_[two]":"{{value}} hafta sonra","_[few]":"{{value}} hafta sonra","_[many]":"{{value}} hafta sonra","_[other]":"{{value}} hafta sonra"},"months-after":{"_":"{[ plural(value) ]}","_[zero]":"0 ay sonra","_[one]":"1 ay sonra","_[two]":"{{value}} ay sonra","_[few]":"{{value}} ay sonra","_[many]":"{{value}} ay sonra","_[other]":"{{value}} ay sonra"},"years-after":{"_":"{[ plural(value) ]}","_[zero]":"0 yıl sonra","_[one]":"1 yıl sonra","_[two]":"{{value}} yıl sonra","_[few]":"{{value}} yıl sonra","_[many]":"{{value}} yıl sonra","_[other]":"{{value}} yıl sonra"},"hour-format":{"_":"%H"},"hour-allday":{"_":"Tüm Gün"},"month-view-header-format":{"_":"%B %Y"},"multi-month-view-header-format":{"_":"%b %Y"},"day-view-header-format":{"_":"%e %b %A"},"error-start-after-end":{"_":"Bitiş tarihi başlama tarihinde sonra olmalıdır"},"error-unauthenticated":{"_":"Yanlış kullanıcı adı ve/veya parola"},"error-no-url":{"_":"Bağlantı yok. Wi-Fi'ınızı kontrol edin ve tekrar deneyin."},"error-internal-server-error":{"_":"Sunucu hatası. Giriş bilgilerinizi kontrol edip tekrar deneyin."},"error-default":{"_":"Yanlış giden bir şey var. Daha sonra tekrar deneyin."},"error-offline":{"_":"Bağlantı yok. Ağ yapılandırmanızı kontrol edin ve tekrar deneyin."},"error-account-exist":{"_":"Bu hesap zaten var."},"notification-error-sync-title":{"_":"Takvim eşitleme hatası"},"notification-error-sync-description":{"_":"Daha fazla bilgi için dokun"},"weekday-0-long":{"_":"Pazar"},"weekday-1-long":{"_":"Pazartesi"},"weekday-2-long":{"_":"Salı"},"weekday-3-long":{"_":"Çarşamba"},"weekday-4-long":{"_":"Perşembe"},"weekday-5-long":{"_":"Cuma"},"weekday-6-long":{"_":"Cumartesi"},"weekday-0-short":{"_":"Pzr"},"weekday-1-short":{"_":"Pzt"},"weekday-2-short":{"_":"Sal"},"weekday-3-short":{"_":"Çar"},"weekday-4-short":{"_":"Per"},"weekday-5-short":{"_":"Cum"},"weekday-6-short":{"_":"Cmt"},"month-0-long":{"_":"Ocak"},"month-1-long":{"_":"Şubat"},"month-2-long":{"_":"Mart"},"month-3-long":{"_":"Nisan"},"month-4-long":{"_":"Mayıs"},"month-5-long":{"_":"Haziran"},"month-6-long":{"_":"Temmuz"},"month-7-long":{"_":"Ağustos"},"month-8-long":{"_":"Eylül"},"month-9-long":{"_":"Ekim"},"month-10-long":{"_":"Kasım"},"month-11-long":{"_":"Aralık"},"month-0-genitive":{"_":"Ocak"},"month-1-genitive":{"_":"Şubat"},"month-2-genitive":{"_":"Mart"},"month-3-genitive":{"_":"Nisan"},"month-4-genitive":{"_":"Mayıs"},"month-5-genitive":{"_":"Haziran"},"month-6-genitive":{"_":"Temmuz"},"month-7-genitive":{"_":"Ağustos"},"month-8-genitive":{"_":"Eylül"},"month-9-genitive":{"_":"Ekim"},"month-10-genitive":{"_":"Kasım"},"month-11-genitive":{"_":"Aralık"},"month-0-short":{"_":"Oca"},"month-1-short":{"_":"Şub"},"month-2-short":{"_":"Mar"},"month-3-short":{"_":"Nis"},"month-4-short":{"_":"May"},"month-5-short":{"_":"Haz"},"month-6-short":{"_":"Tem"},"month-7-short":{"_":"Ağu"},"month-8-short":{"_":"Eyl"},"month-9-short":{"_":"Eki"},"month-10-short":{"_":"Kas"},"month-11-short":{"_":"Ara"},"minutes-ago-long":{"_":"{[ plural(value) ]}","_[zero]":"biraz önce","_[one]":"bir dakika önce","_[two]":"{{value}} dakika önce","_[few]":"{{value}} dakika önce","_[many]":"{{value}} dakika önce","_[other]":"{{value}} dakika önce"},"hours-ago-long":{"_":"{[ plural(value) ]}","_[zero]":"biraz önce","_[one]":"bir saat önce","_[two]":"{{value}} saat önce","_[few]":"{{value}} saat önce","_[many]":"{{value}} saat önce","_[other]":"{{value}} saat önce"},"days-ago-long":{"_":"{[ plural(value) ]}","_[zero]":"bugün","_[one]":"dün","_[two]":"{{value}} gün önce","_[few]":"{{value}} gün önce","_[many]":"{{value}} gün önce","_[other]":"{{value}} gün önce"},"weeks-ago-long":{"_":"{[ plural(value) ]}","_[zero]":"bu hafta","_[one]":"geçen hafta","_[two]":"{{value}} hafta önce","_[few]":"{{value}} hafta önce","_[many]":"{{value}} hafta önce","_[other]":"{{value}} hafta önce"},"months-ago-long":{"_":"{[ plural(value) ]}","_[zero]":"bu ay","_[one]":"geçen ay","_[two]":"{{value}} ay önce","_[few]":"{{value}} ay önce","_[many]":"{{value}} ay önce","_[other]":"{{value}} ay önce"},"years-ago-long":{"_":"{[ plural(value) ]}","_[zero]":"bu yıl","_[one]":"geçen yıl","_[two]":"{{value}} yıl önce","_[few]":"{{value}} yıl önce","_[many]":"{{value}} yıl önce","_[other]":"{{value}} yıl önce"},"minutes-until-long":{"_":"{[ plural(value) ]}","_[zero]":"şimdi","_[one]":"bir dakika önce","_[two]":"{{value}} dakika içinde","_[few]":"{{value}} dakika içinde","_[many]":"{{value}} dakika içinde","_[other]":"{{value}} dakika içinde"},"hours-until-long":{"_":"{[ plural(value) ]}","_[zero]":"şimdi","_[one]":"bir saat içinde","_[two]":"{{value}} saat içinde","_[few]":"{{value}} saat içinde","_[many]":"{{value}} saat içinde","_[other]":"{{value}} saat içinde"},"days-until-long":{"_":"{[ plural(value) ]}","_[zero]":"bugün","_[one]":"dün","_[two]":"{{value}} gün içinde","_[few]":"{{value}} gün içinde","_[many]":"{{value}} gün içinde","_[other]":"{{value}} gün içinde"},"weeks-until-long":{"_":"{[ plural(value) ]}","_[zero]":"bu hafta","_[one]":"gelecek hafta","_[two]":"{{value}} hafta içinde","_[few]":"{{value}} hafta içinde","_[many]":"{{value}} hafta içinde","_[other]":"{{value}} hafta içinde"},"months-until-long":{"_":"{[ plural(value) ]}","_[zero]":"bu ay","_[one]":"gelecek ay","_[two]":"{{value}} ay içinde","_[few]":"{{value}} ay içinde","_[many]":"{{value}} ay içinde","_[other]":"{{value}} ay içinde"},"years-until-long":{"_":"{[ plural(value) ]}","_[zero]":"bu yıl","_[one]":"gelecek yıl","_[two]":"{{value}} yıl içinde","_[few]":"{{value}} yıl içinde","_[many]":"{{value}} yıl içinde","_[other]":"{{value}} yıl içinde"},"minutes-ago-short":{"_":"{[ plural(value) ]}","_[zero]":"biraz önce","_[other]":"{{value}} dk önce"},"hours-ago-short":{"_":"{[ plural(value) ]}","_[zero]":"biraz önce","_[other]":"{{value}} saat önce"},"days-ago-short":{"_":"{[ plural(value) ]}","_[zero]":"bugün","_[other]":"{{value}} gün önce"},"minutes-until-short":{"_":"{[ plural(value) ]}","_[zero]":"şimdi","_[other]":"{{value}} dk içinde"},"hours-until-short":{"_":"{[ plural(value) ]}","_[zero]":"şimdi","_[other]":"{{value}} saat içinde"},"days-until-short":{"_":"{[ plural(value) ]}","_[zero]":"bugün","_[other]":"{{value}} gün içinde"},"incorrectDate":{"_":"(geçersiz tarih)"},"dateTimeFormat_%c":{"_":"%e %b %Y %a %H:%M:%S"},"dateTimeFormat_%x":{"_":"%d/%m/%Y"},"dateTimeFormat_%X":{"_":"%H:%M:%S"},"shortTimeFormat":{"_":"%H:%M"},"shortDateTimeFormat":{"_":"%x %H:%M"},"weekStartsOnMonday":{"_":"1"},"time_am":{"_":"ÖÖ"},"time_pm":{"_":"ÖS"}}