{"back":{"_":"后退"},"save":{"_":"保存"},"hide":{"_":"隐藏"},"cancel":{"_":"取消"},"confirm":{"_":"确认"},"done":{"_":"完成"},"events":{"_":"事件"},"edit":{"_":"编辑"},"allday-events":{"_":"全天事件"},"hint-swipe-action":{"_":"滑动"},"hint-swipe-to-navigate":{"_":"在日历不同日期之间浏览。"},"show-today":{"_":"今天"},"show-month-view":{"_":"月"},"show-week-view":{"_":"周"},"show-day-view":{"_":"日"},"settings-show":{"_":"设置"},"settings-hide":{"_":"隐藏设置"},"add-account":{"_":"添加账户"},"new-event":{"_":"新建事件"},"add-event-header":{"_":"事件"},"account-header":{"_":"账户"},"account-list-header":{"_":"账户"},"settings-header":{"_":"日历"},"advanced-settings":{"_":"日历设置"},"advanced-settings-header":{"_":"日历设置"},"advanced-settings-personalization":{"_":"个性化"},"advanced-settings-reminders":{"_":"提醒"},"field-user":{"placeholder":"用户名"},"field-password":{"placeholder":"密码"},"field-full-url":{"placeholder":"URL"},"modify-account-setting-up":{"_":"请稍候，正在设置您的账户"},"modify-account-unable-to-sync":{"_":"无法同步"},"modify-account-sign-in":{"_":"登录"},"preset-caldav":{"_":"CalDav"},"preset-yahoo":{"_":"Yahoo!"},"preset-google":{"_":"Google"},"preset-local":{"_":"离线日历"},"preset-mozilla":{"_":"Mozilla Zimbra"},"calendar-local":{"_":"离线日历"},"event-title":{"placeholder":"标题"},"event-location":{"placeholder":"位置"},"event-description":{"placeholder":"备注"},"event-is-allday":{"_":"全天事件？"},"event-start-date":{"placeholder":"开始日期"},"event-end-date":{"placeholder":"结束日期"},"event-start-time":{"placeholder":"开始时间"},"event-end-time":{"placeholder":"结束时间"},"event-delete":{"_":"删除事件"},"remove-account-data":{"_":"移除本地数据"},"remove-account-dialog":{"_":"移除账户"},"remove-account-dialog-details":{"_":"移除此账户也将从本地移除您的与之相关联的日历与事件副本。"},"sync-frequency":{"_":"同步日历"},"sync-frequency-manual":{"textContent":"手动"},"sync-frequency-15min":{"textContent":"15 分钟"},"sync-frequency-30min":{"textContent":"30 分钟"},"sync-frequency-hourly":{"textContent":"每小时"},"none":{"_":"无"},"remind-me":{"_":"提醒我"},"from-time":{"_":"从： "},"to-time":{"_":"到： "},"alarm-at-event-standard":{"_":"事件发生时"},"alarm-at-event-allday":{"_":"事件发生当日"},"alarm-start-notice":{"_":"{{title}} 开始于 {{distance}}"},"alarm-started-notice":{"_":"“{{title}}”在 {{distance}} 已开始"},"minutes-before":{"_":"{[ plural(value) ]}","_[zero]":"0 分钟前","_[one]":"1 分钟前","_[two]":"{{value}} 分钟前","_[few]":"{{value}} 分钟前","_[many]":"{{value}} 分钟前","_[other]":"{{value}} 分钟前"},"hours-before":{"_":"{[ plural(value) ]}","_[zero]":"0 小时前","_[one]":"1小时前","_[two]":"{{value}} 小时前","_[few]":"{{value}} 小时前","_[many]":"{{value}} 小时前","_[other]":"{{value}} 小时前"},"days-before":{"_":"{[ plural(value) ]}","_[zero]":"0 天前","_[one]":"1 天前","_[two]":"{{value}} 天前","_[few]":"{{value}} 天前","_[many]":"{{value}} 天前","_[other]":"{{value}} 天前"},"weeks-before":{"_":"{[ plural(value) ]}","_[zero]":"0 周前","_[one]":"1 周之前","_[two]":"{{value}} 周前","_[few]":"{{value}} 周前","_[many]":"{{value}} 周前","_[other]":"{{value}} 周前"},"months-before":{"_":"{[ plural(value) ]}","_[zero]":"0 月前","_[one]":"1 个月前","_[two]":"{{value}} 个月前","_[few]":"{{value}} 个月前","_[many]":"{{value}} 个月前","_[other]":"{{value}} 个月前"},"years-before":{"_":"{[ plural(value) ]}","_[zero]":"0 年前","_[one]":"1 年前","_[two]":"{{value}} 年前","_[few]":"{{value}} 年前","_[many]":"{{value}} 年前","_[other]":"{{value}} 年前"},"minutes-after":{"_":"{[ plural(value) ]}","_[zero]":"0 分钟后","_[one]":"1分钟后","_[two]":"{{value}} 分钟后","_[few]":"{{value}}分钟后","_[many]":"{{value}} 分钟后","_[other]":"{{value}} 分钟后"},"hours-after":{"_":"{[ plural(value) ]}","_[zero]":"0 小时后","_[one]":"1小时后","_[two]":"{{value}} 小时后","_[few]":"{{value}} 小时后","_[many]":"{{value}} 小时后","_[other]":"{{value}} 小时后"},"days-after":{"_":"{[ plural(value) ]}","_[zero]":"0 天后","_[one]":"1天后","_[two]":"{{value}} 天后","_[few]":"{{value}} 天后","_[many]":"{{value}} 天后","_[other]":"{{value}} 天后"},"weeks-after":{"_":"{[ plural(value) ]}","_[zero]":"0 周后","_[one]":"1周后","_[two]":"{{value}} 周后","_[few]":"{{value}} 周后","_[many]":"{{value}} 周后","_[other]":"{{value}} 周后"},"months-after":{"_":"{[ plural(value) ]}","_[zero]":"0 个月后","_[one]":"1 个月后","_[two]":"{{value}} 个月后","_[few]":"{{value}} 个月后","_[many]":"{{value}} 个月后","_[other]":"{{value}} 个月后"},"years-after":{"_":"{[ plural(value) ]}","_[zero]":"0 年后","_[one]":"1 年后","_[two]":"{{value}} 年后","_[few]":"{{value}} 年后","_[many]":"{{value}} 年后","_[other]":"{{value}} 年后"},"hour-format":{"_":"%H"},"hour-allday":{"_":"全天"},"month-view-header-format":{"_":"%B %Y"},"multi-month-view-header-format":{"_":"%b %Y"},"day-view-header-format":{"_":"%B %e 日 %A"},"error-start-after-end":{"_":"结束日期必须晚于开始日期"},"error-unauthenticated":{"_":"错误的登录名“和/或”密码"},"error-no-url":{"_":"No connection. Check your Wi-Fi and try again."},"error-internal-server-error":{"_":"服务器错误。请检查您的登录信息后重试。"},"error-default":{"_":"出问题了，请稍后再试。"},"error-offline":{"_":"没有连接。检查你的网络设置后再试一次。"},"error-account-exist":{"_":"此账户已存在。"},"notification-error-sync-title":{"_":"日历同步错误"},"notification-error-sync-description":{"_":"轻触获知更多信息"},"weekday-0-long":{"_":"星期日"},"weekday-1-long":{"_":"星期一"},"weekday-2-long":{"_":"星期二"},"weekday-3-long":{"_":"星期三"},"weekday-4-long":{"_":"星期四"},"weekday-5-long":{"_":"星期五"},"weekday-6-long":{"_":"星期六"},"weekday-0-short":{"_":"周日"},"weekday-1-short":{"_":"周一"},"weekday-2-short":{"_":"周二"},"weekday-3-short":{"_":"周三"},"weekday-4-short":{"_":"周四"},"weekday-5-short":{"_":"周五"},"weekday-6-short":{"_":"周六"},"month-0-long":{"_":"1 月"},"month-1-long":{"_":"2 月"},"month-2-long":{"_":"3 月"},"month-3-long":{"_":"4 月"},"month-4-long":{"_":"5 月"},"month-5-long":{"_":"6 月"},"month-6-long":{"_":"7 月"},"month-7-long":{"_":"8 月"},"month-8-long":{"_":"9 月"},"month-9-long":{"_":"10 月"},"month-10-long":{"_":"11 月"},"month-11-long":{"_":"12 月"},"month-0-genitive":{"_":"一月"},"month-1-genitive":{"_":"二月"},"month-2-genitive":{"_":"三月"},"month-3-genitive":{"_":"四月"},"month-4-genitive":{"_":"五月"},"month-5-genitive":{"_":"六月"},"month-6-genitive":{"_":"七月"},"month-7-genitive":{"_":"八月"},"month-8-genitive":{"_":"九月"},"month-9-genitive":{"_":"十月"},"month-10-genitive":{"_":"十一月"},"month-11-genitive":{"_":"十二月"},"month-0-short":{"_":"1 月"},"month-1-short":{"_":"2 月"},"month-2-short":{"_":"3 月"},"month-3-short":{"_":"4 月"},"month-4-short":{"_":"5 月"},"month-5-short":{"_":"6 月"},"month-6-short":{"_":"7 月"},"month-7-short":{"_":"8 月"},"month-8-short":{"_":"9 月"},"month-9-short":{"_":"10 月"},"month-10-short":{"_":"11 月"},"month-11-short":{"_":"12 月"},"minutes-ago-long":{"_":"{[ plural(value) ]}","_[zero]":"刚才","_[one]":"1 分钟前","_[two]":"{{ value }} 分钟前","_[few]":"{{ value }} 分钟前","_[many]":"{{ value }} 分钟前","_[other]":"{{ value }} 分钟前"},"hours-ago-long":{"_":"{[ plural(value) ]}","_[zero]":"刚才","_[one]":"1 小时前","_[two]":"{{ value }} 小时前","_[few]":"{{ value }} 小时前","_[many]":"{{ value }} 小时前","_[other]":"{{ value }} 小时前"},"days-ago-long":{"_":"{[ plural(value) ]}","_[zero]":"今天","_[one]":"昨天","_[two]":"{{value}} 天前","_[few]":"{{value}} 天前","_[many]":"{{value}} 天前","_[other]":"{{value}} 天前"},"weeks-ago-long":{"_":"{[ plural(value) ]}","_[zero]":"本周","_[one]":"上周","_[two]":"{{value}} 周前","_[few]":"{{value}} 周前","_[many]":"{{value}} 周前","_[other]":"{{value}} 周前"},"months-ago-long":{"_":"{[ plural(value) ]}","_[zero]":"本月","_[one]":"上月","_[two]":"{{value}} 个月前","_[few]":"{{value}} 个月前","_[many]":"{{value}} 个月前","_[other]":"{{value}} 个月前"},"years-ago-long":{"_":"{[ plural(value) ]}","_[zero]":"今年","_[one]":"去年","_[two]":"{{value}} 年前","_[few]":"{{value}} 年前","_[many]":"{{value}} 年前","_[other]":"{{value}} 年前"},"minutes-until-long":{"_":"{[ plural(value) ]}","_[zero]":"现在","_[one]":"1 分钟内","_[two]":"剩{{value}}分钟","_[few]":"剩{{value}}分钟","_[many]":"剩{{value}}分钟","_[other]":"剩{{value}}分钟"},"hours-until-long":{"_":"{[ plural(value) ]}","_[zero]":"现在","_[one]":"1 小时内","_[two]":"剩{{value}}小时","_[few]":"剩{{value}}小时","_[many]":"剩{{value}}小时","_[other]":"剩{{value}}小时"},"days-until-long":{"_":"{[ plural(value) ]}","_[zero]":"今天","_[one]":"明天","_[two]":"剩{{value}}天","_[few]":"剩{{value}}天","_[many]":"剩{{value}}天","_[other]":"剩{{value}}天"},"weeks-until-long":{"_":"{[ plural(value) ]}","_[zero]":"本周","_[one]":"下周","_[two]":"剩{{value}}周","_[few]":"剩{{value}}周","_[many]":"剩{{value}}周","_[other]":"剩{{value}}周"},"months-until-long":{"_":"{[ plural(value) ]}","_[zero]":"本月","_[one]":"下月","_[two]":"剩{{value}}个月","_[few]":"剩{{value}}个月","_[many]":"剩{{value}}个月","_[other]":"剩{{value}}个月"},"years-until-long":{"_":"{[ plural(value) ]}","_[zero]":"今年","_[one]":"明年","_[two]":"剩{{value}}年","_[few]":"剩{{value}}年","_[many]":"剩{{value}}年","_[other]":"剩{{value}}年"},"minutes-ago-short":{"_":"{[ plural(value) ]}","_[zero]":"刚才","_[other]":"{{value}} 分钟前"},"hours-ago-short":{"_":"{[ plural(value) ]}","_[zero]":"刚才","_[other]":"{{value}}小时前"},"days-ago-short":{"_":"{[ plural(value) ]}","_[zero]":"今天","_[other]":"{{value}} 天前"},"minutes-until-short":{"_":"{[ plural(value) ]}","_[zero]":"现在","_[other]":"剩{{value}}分钟"},"hours-until-short":{"_":"{[ plural(value) ]}","_[zero]":"现在","_[other]":"剩{{value}}小时"},"days-until-short":{"_":"{[ plural(value) ]}","_[zero]":"今天","_[other]":"剩{{value}}天"},"incorrectDate":{"_":"（日期不正确）"},"dateTimeFormat_%c":{"_":"%Y 年 %b %e 日 %a %H:%M:%S"},"dateTimeFormat_%x":{"_":"%Y/%m/%d"},"dateTimeFormat_%X":{"_":"%H:%M:%S"},"shortTimeFormat":{"_":"%H:%M"},"shortDateTimeFormat":{"_":"%x %H:%M"},"weekStartsOnMonday":{"_":"0"},"time_am":{"_":"上午"},"time_pm":{"_":"下午"}}