{"noAntenna":{"_":"ដោត​កាស​​ស្ដាប់​ចូល"},"noAntennaMsg":{"_":"វិទ្យុ FM ទាមទារ​ដោត​កាស​ស្ដាប់​ចូល​ដើម្បី​ទទួល​សញ្ញា​វិទ្យុ។"},"airplaneModeHeader":{"_":"បាន​បើក​របៀប​លើ​យន្តហោះ"},"airplaneModeMsg":{"_":"បិទ​របៀប​លើ​យន្ត​ហោះ​ដើម្បី​ប្រើវ​ិទ្យុ FM ។"}}