{"noAntenna":{"_":"हेडसेट जोड्नुहोस्"},"noAntennaMsg":{"_":"FM रेडियोलाई रेडियो सिग्नल प्राप्त गर्नका लागि हेडसेट जोडिएको हुनुपर्दछ।"},"airplaneModeHeader":{"_":"उडान शैली चालू छ"},"airplaneModeMsg":{"_":"FM रेडियो प्रयोग गर्न उडान शैली बन्द गर्नुहोस्।"}}