{"done":{"_":"تمّ"},"pick-ringtone":{"_":"إختيار نغمة الرنين"},"pick-wallpaper":{"_":"إختيار الخلفية"},"no-installed-ringtones":{"_":"لم يثبت نغمات رنين مقفله"},"no-installed-wallpaper":{"_":"لم يثبت خلفيات مغلقه"},"ok":{"_":"موافق"},"download-button":{"_":"تنزيل"},"install-button":{"_":"تثبيت"},"cancel-button":{"_":"ألغِ"},"download_error":{"_":"خطأ في التنزيل"},"install_error":{"_":"خطأ في التثبيت"},"err_descriptor_download_failed":{"_":"فشل التنزيل بسبب خطأ في الخادم"},"err_bad_descriptor":{"_":"فشل التحميل بسبب خطأ في الخادم"},"err_too_big":{"_":"حجم الملف أكبر من أن يتم تنزيله"},"err_unsupported_type":{"_":"هذا النوع من الوسائط المشتراة غير مدعوم على هاتفك"},"err_bad_type":{"_":"فشل في التنزيل بسسبب خطأ في الخادم"},"err_content_download_failed":{"_":"فشل التنزيل بسبب خطأ في الخادم "},"err_bad_drm_message":{"_":"فشل التنزيل بسبب خطأ في الخادم"},"err_bad_image":{"_":"الصورة التي انزلتها لا يستطيع هذا الجهاز عرضها"},"err_bad_audio":{"_":"هذا الجهاز لن يستطيع تشغيل الملف الذي تم تنزيله"},"err_no_space":{"_":"لا يوجد مساحة تخزين كافية لحفظ هذه الأغنية"},"err_no_sdcard":{"_":"غير قادر على حفظ الأغنية لأنه لايوجد بطاقة ذاكرة"},"err_sdcard_in_use":{"_":"غير قادر على حفظ الاغنية لأن بطاقة الذاكرة قيد الإستخدام ,افصل هاتفك ثم حاول التنزيل مجددا ."},"err_ds_save_failure":{"_":"خطأ في حفظ ملف الوسائط"},"err_db_store_failure":{"_":"خطأ في حفظ ملف الوسائط"},"success_song":{"_":"تم حفظ و تنصيب الأغنية , استخدم تطبيق الموسيقى كي تشغلها ."},"success_ringtone":{"_":"تم تنزيل و تنصيب نغمة الإتصال"},"success_wallpaper":{"_":"تم تنزيل و تنصيب الخلفية."},"ringtone-or-song-query":{"_":"هل تريد تنزيل و تنصيب الملف الصوتي كأغنية أم تغمة إتصال ؟"},"ringtone-response":{"_":"نغمة إتصال "},"song-response":{"_":"أغنية"},"download-confirmation-title-song":{"_":"هل تريد تنزيل الأغنية ؟"},"download-confirmation-title-ringtone":{"_":"هل تريد تنزيل نغمة الإتصال ؟"},"download-confirmation-title-wallpaper":{"_":"هل تريد تنزيل الخلفية ؟"},"downloading-song":{"_":"جارِتنزيل الأغنية..."},"downloading-ringtone":{"_":"جارِ تنزيل نغمة الإتصال..."},"downloading-wallpaper":{"_":"جارِ تنزيل الخلفية..."},"locked-content-advisory":{"_":"{{vendor}} حجب ملف الوسائط حتى لا تستطيع مشاركته مع الآخرين أو نقله الي جهاز جديد."},"locked-content-advisory-generic":{"_":"البائع حجب ملف الوسائط هذا حتى لا تستطيع مشاركته مع الآخرين أو نقله الي جهاز جديد."},"download-confirmation-name":{"_":"الإسم"},"download-confirmation-type":{"_":"النوع"},"download-confirmation-size":{"_":"الحجم"},"download-confirmation-vendor":{"_":"البائع"},"download-confirmation-description":{"_":"معلومات"},"download-progress-title":{"_":"جارِ التحميل"},"preview-image-title":{"_":"معاينة الصورة"},"preview-audio-title":{"_":"معاينة الصوت"},"byteUnit-B":{"_":"بايت"},"byteUnit-KB":{"_":"كيلوبايت"},"byteUnit-MB":{"_":"ميجا بايت"},"byteUnit-GB":{"_":"جيجا بايت"}}