{"done":{"_":"Готово"},"pick-ringtone":{"_":"Избор на звук за звънене"},"pick-wallpaper":{"_":"Избор на тапет"},"no-installed-ringtones":{"_":"Няма инсталирани заключени звуци за звънене"},"no-installed-wallpaper":{"_":"Няма инсталиран заключен тапет"},"ok":{"_":"Добре"},"download-button":{"_":"Сваляне"},"install-button":{"_":"Инсталиране"},"cancel-button":{"_":"Отказ"},"download_error":{"_":"Грешка при сваляне"},"install_error":{"_":"Грешка при инсталиране"},"err_descriptor_download_failed":{"_":"Свалянето беше неуспешно поради сървърна грешка."},"err_bad_descriptor":{"_":"Свалянето беше неуспешно поради сървърна грешка."},"err_too_big":{"_":"Файлът е твърде голям за сваляне."},"err_unsupported_type":{"_":"Този тип медия не е поддържан от телефона Ви."},"err_bad_type":{"_":"Свалянето беше неуспешно поради сървърна грешка."},"err_content_download_failed":{"_":"Свалянето беше неуспешно поради сървърна грешка."},"err_bad_drm_message":{"_":"Свалянето беше неуспешно поради сървърна грешка."},"err_bad_image":{"_":"Сваленото изображение не може да бъде показано на това устройство."},"err_bad_audio":{"_":"Сваленият файл не може да бъде изпълнен на това устройство."},"err_no_space":{"_":"Няма достатъчно място на устройството, за да бъде запазена тази песен."},"err_no_sdcard":{"_":"Не може да бъде запазена песента, тъй като липсва карта памет."},"err_sdcard_in_use":{"_":"Не може да бъде запазена песента, тъй като картата памет се използва. Изключете телефона от кабела и опитайте да я свалите отново."},"err_ds_save_failure":{"_":"Грешка при запазване на медиен файл."},"err_db_store_failure":{"_":"Грешка при запазване на медиен файл."},"success_song":{"_":"Песента е свалена и инсталирана. Използвайте приложението Музика, за да я чуете."},"success_ringtone":{"_":"Звукът за звънене е свален и инсталиран."},"success_wallpaper":{"_":"Тапетът е свален и инсталиран."},"ringtone-or-song-query":{"_":"Как искате да свалите и инсталирате този аудио файл - като песен или като звук за звънене?"},"ringtone-response":{"_":"Звук за звънене"},"song-response":{"_":"Песен"},"download-confirmation-title-song":{"_":"Да бъде ли свалена песента?"},"download-confirmation-title-ringtone":{"_":"Да бъде ли свален звукът за звънене?"},"download-confirmation-title-wallpaper":{"_":"Да бъде ли свален тапетът?"},"downloading-song":{"_":"Сваляне на песен…"},"downloading-ringtone":{"_":"Сваляне на звук за звънене…"},"downloading-wallpaper":{"_":"Сваляне на тапет…"},"locked-content-advisory":{"_":"{{vendor}} е заключил този медиен файл, така че той не може да бъде споделян или преместен на ново устройство."},"locked-content-advisory-generic":{"_":"Продавачът е заключил този медиен файл, така че той не може да бъде споделян или преместен на ново устройство."},"download-confirmation-name":{"_":"Име"},"download-confirmation-type":{"_":"Тип"},"download-confirmation-size":{"_":"Размер"},"download-confirmation-vendor":{"_":"Продавач"},"download-confirmation-description":{"_":"Информация"},"download-progress-title":{"_":"Сваляне"},"preview-image-title":{"_":"Прегледай изображение"},"preview-audio-title":{"_":"Прослушай аудио"},"byteUnit-B":{"_":"байта"},"byteUnit-KB":{"_":"KB"},"byteUnit-MB":{"_":"MB"},"byteUnit-GB":{"_":"GB"}}