{"done":{"_":"সম্পন্ন হয়েছে"},"pick-ringtone":{"_":"রিংটোন নির্বাচন করুন"},"pick-wallpaper":{"_":"ওয়ালপেপার নির্বাচন করুন"},"no-installed-ringtones":{"_":"কোনো লকড রিংটোন ইনস্টল হয়নি"},"no-installed-wallpaper":{"_":"কোন লক করা ওয়ালপেপার নাই"},"ok":{"_":"ঠিক আছে"},"download-button":{"_":"ডাউনলোড"},"install-button":{"_":"ইনস্টল"},"cancel-button":{"_":"বাতিল"},"download_error":{"_":"ডাউনলোডে ত্রুটি"},"install_error":{"_":"ইনস্টলেশন ত্রুটি"},"err_descriptor_download_failed":{"_":"সার্ভারে ত্রুটির কারণে ডাউনলোডটি ব্যর্থ হয়েছে।"},"err_bad_descriptor":{"_":"সার্ভারে ত্রুটির কারণে ডাউনলোডটি ব্যর্থ হয়েছে।"},"err_too_big":{"_":"ডাউনলোড করার জন্য ফাইলটির আকার অনেক বড়।"},"err_unsupported_type":{"_":"এই ধরণের ক্রয়কৃত মিডিয়া আপনার ফোন সমর্থন করে না।"},"err_bad_type":{"_":"সার্ভারে ত্রুটির ফলে ডাউনলোডে ব্যর্থ।"},"err_content_download_failed":{"_":"সার্ভারে ত্রুটির কারণে ডাউনলোডটি ব্যর্থ হয়েছে।"},"err_bad_drm_message":{"_":"সার্ভারে ত্রুটির কারণে ডাউনলোডটি ব্যর্থ হয়েছে।"},"err_bad_image":{"_":"ডাউনলোড করা ছবিটি আপনার ডিভাইসে প্রদর্শন করা যাচ্ছে না।"},"err_bad_audio":{"_":"ডাউনলোড করা ফাইলটি এই ডিভাইসে চালানো যাচ্ছে না।"},"err_no_space":{"_":"গানটি সংরক্ষনের জন্য আপনার ডিভাইস স্টোরেজে পর্যাপ্ত স্থান খালি নেই।"},"err_no_sdcard":{"_":"কোন মেমরি কার্ড না থাকায় গানটি সংরক্ষণ করা যাচ্ছে না।"},"err_sdcard_in_use":{"_":"মেমরি কার্ড ব্যস্ত থাকায় গানটি সংরক্ষণ করা যাচ্ছে না । আপনার ফোন আনপ্লাগ করুন এবং পুনরায় ডাউনলোডের চেষ্টা করুন।"},"err_ds_save_failure":{"_":"মিডিয়া ফাইল সংরক্ষণ করতে সমস্যা হচ্ছে।"},"err_db_store_failure":{"_":"মিডিয়া ফাইল সংরক্ষণ করতে সমস্যা হচ্ছে।"},"success_song":{"_":"গান ডাউনলোড এবং সংরক্ষিত হয়েছে। এটি শুনতে মিউজিক এপটি ব্যবহার করুন।"},"success_ringtone":{"_":"রিংটোন ডাউনলোড এবং ইনস্টল হয়েছে।"},"success_wallpaper":{"_":"ওয়ালপেপার ডাউনলোড এবং ইনস্টল হয়েছে।"},"ringtone-or-song-query":{"_":"আপনি কি এই অডিও ফাইলটি ডাউনলোড এবং এটি গান বা রিংটোন হিসেবে ইনস্টল করতে চান?"},"ringtone-response":{"_":"রিংটোন"},"song-response":{"_":"গান"},"download-confirmation-title-song":{"_":"গান ডাউনলোড করবেন?"},"download-confirmation-title-ringtone":{"_":"রিংটোন ডাউনলোড করবেন?"},"download-confirmation-title-wallpaper":{"_":"ওয়ালপেপার ডাউনলোড করবেন?"},"downloading-song":{"_":"গান ডাউনলোড হচ্ছে..."},"downloading-ringtone":{"_":"রিংটোন ডাউনলোড হচ্ছে…"},"downloading-wallpaper":{"_":"ওয়ালপেপার ডাউনলোড হচ্ছে..."},"locked-content-advisory":{"_":"{{vendor}} এই মিডিয়া ফাইলটি লক করে দিয়েছে যাতে এটি অন্য কারও সাথে শেয়ার বা অন্য কোন ডিভাইসে পাঠানো না যায়।"},"locked-content-advisory-generic":{"_":"বিক্রেতা এই মিডিয়া ফাইলটি লক করে দিয়েছে যেন এটি কারও সাথে শেয়ার বা অন্য কোন ডিভাইসে পাঠানো না যায়।"},"download-confirmation-name":{"_":"নাম"},"download-confirmation-type":{"_":"ধরন"},"download-confirmation-size":{"_":"আকার"},"download-confirmation-vendor":{"_":"বিক্রেতা"},"download-confirmation-description":{"_":"তথ্য"},"download-progress-title":{"_":"ডাউনলোড হচ্ছে"},"preview-image-title":{"_":"ছবি প্রিভিউ"},"preview-audio-title":{"_":"অডিও প্রিভিউ"},"byteUnit-B":{"_":"bytes"},"byteUnit-KB":{"_":"KB"},"byteUnit-MB":{"_":"MB"},"byteUnit-GB":{"_":"GB"}}