{"done":{"_":"Fet"},"pick-ringtone":{"_":"Trieu to de trucada"},"pick-wallpaper":{"_":"Trieu fons de pantalla"},"no-installed-ringtones":{"_":"No s'ha instal·lat cap to de trucada protegit"},"no-installed-wallpaper":{"_":"No s'ha instal·lat cap fons de pantalla protegit"},"ok":{"_":"D'acord"},"download-button":{"_":"Baixa"},"install-button":{"_":"Instal·la"},"cancel-button":{"_":"Cancel·la"},"download_error":{"_":"Error de baixada"},"install_error":{"_":"Error d'instal·lació"},"err_descriptor_download_failed":{"_":"La baixada ha fallat per un error del servidor."},"err_bad_descriptor":{"_":"La baixada ha fallat per un error del servidor."},"err_too_big":{"_":"El fitxer és massa gran per baixar-lo."},"err_unsupported_type":{"_":"El vostre telèfon no reconeix aquest tipus de fitxer multimèdia adquirit."},"err_bad_type":{"_":"La baixada ha fallat per un error del servidor."},"err_content_download_failed":{"_":"La baixada ha fallat per un error del servidor."},"err_bad_drm_message":{"_":"La baixada ha fallat per un error del servidor."},"err_bad_image":{"_":"La imatge baixada no es pot mostrar en el dispositiu."},"err_bad_audio":{"_":"El fitxer baixat no es pot reproduir en el dispositiu."},"err_no_space":{"_":"No hi ha suficient espai al dispositiu per desar la cançó."},"err_no_sdcard":{"_":"No es pot desar la cançó perquè no hi ha targeta de memòria."},"err_sdcard_in_use":{"_":"No es pot desar la cançó perquè la targeta de memòria és en ús. Desendolleu el vostre telèfon i proveu a baixar-la de nou."},"err_ds_save_failure":{"_":"Error en desar el fitxer multimèdia."},"err_db_store_failure":{"_":"Error en desar el fitxer multimèdia."},"success_song":{"_":"Cançó baixada i instal·lada. Utilitzeu l'aplicació Música per reproduir-la."},"success_ringtone":{"_":"S'ha baixat i instal·lat el to de trucada."},"success_wallpaper":{"_":"S'ha baixat i instal·lat el fons de pantalla."},"ringtone-or-song-query":{"_":"Voleu baixar i instal·lar el fitxer d'àudio com a cançó o com a to de trucada?"},"ringtone-response":{"_":"To de trucada"},"song-response":{"_":"Cançó"},"download-confirmation-title-song":{"_":"Voleu baixar la cançó?"},"download-confirmation-title-ringtone":{"_":"Voleu baixar el to de trucada?"},"download-confirmation-title-wallpaper":{"_":"Voleu baixar el fons de pantalla?"},"downloading-song":{"_":"S'està baixant la cançó…"},"downloading-ringtone":{"_":"S'està baixant el to de trucada…"},"downloading-wallpaper":{"_":"S'està baixant el fons de pantalla…"},"locked-content-advisory":{"_":"{{vendor}} ha bloquejat aquest fitxer multimèdia perquè no es pugui compartir amb altres o transferir-lo a un altre dispositiu."},"locked-content-advisory-generic":{"_":"El venedor ha bloquejat aquest fitxer multimèdia perquè no es pugui compartir amb altres o transferir-lo a un altre dispositiu."},"download-confirmation-name":{"_":"Nom"},"download-confirmation-type":{"_":"Tipus"},"download-confirmation-size":{"_":"Mida"},"download-confirmation-vendor":{"_":"Proveïdor"},"download-confirmation-description":{"_":"Informació"},"download-progress-title":{"_":"S'està baixant"},"preview-image-title":{"_":"Previsualitza la imatge"},"preview-audio-title":{"_":"Previsualitza l'àudio"},"byteUnit-B":{"_":"bytes"},"byteUnit-KB":{"_":"kB"},"byteUnit-MB":{"_":"MB"},"byteUnit-GB":{"_":"GB"}}