{"done":{"_":"Hotovo"},"pick-ringtone":{"_":"Vybrat vyzvánění"},"pick-wallpaper":{"_":"Vybrat tapetu"},"no-installed-ringtones":{"_":"Nejsou nainstalována žádná uzamčená vyzvánění"},"no-installed-wallpaper":{"_":"Nejsou nainstalovány žádné uzamčené tapety"},"ok":{"_":"OK"},"download-button":{"_":"Stáhnout"},"install-button":{"_":"Nainstalovat"},"cancel-button":{"_":"Zrušit"},"download_error":{"_":"Chyba stahování"},"install_error":{"_":"Chyba instalace"},"err_descriptor_download_failed":{"_":"Při stahování nastala chyba serveru."},"err_bad_descriptor":{"_":"Při stahování nastala chyba serveru."},"err_too_big":{"_":"Soubor je příliš veliký ke stažení."},"err_unsupported_type":{"_":"Tento typ zakoupeného média není na vašem telefonu podporován."},"err_bad_type":{"_":"Při stahování nastala chyba serveru."},"err_content_download_failed":{"_":"Při stahování nastala chyba serveru."},"err_bad_drm_message":{"_":"Při stahování nastala chyba serveru."},"err_bad_image":{"_":"Stažený obrázek nelze na tomto zařízení zobrazit."},"err_bad_audio":{"_":"Stažený soubor nelze na tomto zařízení přehrát."},"err_no_space":{"_":"Na vašem zařízení není dostatek volné paměti pro uložení této skladby."},"err_no_sdcard":{"_":"Skladbu nelze uložit, protože není vložena paměťová karta."},"err_sdcard_in_use":{"_":"Skladbu nelze uložit, protože paměťová karta je právě používána. Odpojte svůj telefon a zkuste ji stáhnout znovu."},"err_ds_save_failure":{"_":"Chyba při ukládání multimediálního souboru."},"err_db_store_failure":{"_":"Chyba při ukládání multimediálního souboru."},"success_song":{"_":"Skladba byla stažena a nainstalována. Pro její přehrání použijte aplikaci Hudba."},"success_ringtone":{"_":"Vyzvánění bylo staženo a nainstalováno."},"success_wallpaper":{"_":"Tapeta byla stažena a nainstalována."},"ringtone-or-song-query":{"_":"Chcete tento zvukový soubor stáhnout a nainstalovat jej jako skladbu nebo jako vyzvánění?"},"ringtone-response":{"_":"Vyzvánění"},"song-response":{"_":"Skladba"},"download-confirmation-title-song":{"_":"Stáhnout skladbu?"},"download-confirmation-title-ringtone":{"_":"Stáhnout vyzvánění?"},"download-confirmation-title-wallpaper":{"_":"Stáhnout tapetu?"},"downloading-song":{"_":"Stahování skladby…"},"downloading-ringtone":{"_":"Stahování vyzvánění…"},"downloading-wallpaper":{"_":"Stahování tapety…"},"locked-content-advisory":{"_":"Tento multimediální soubor byl uzamčen prodejcem {{vendor}}. Nelze jej tedy sdílet s ostatními nebo přenášet na nová zařízení."},"locked-content-advisory-generic":{"_":"Tento multimediální soubor byl prodejcem uzamčen a nelze jej tedy sdílet s ostatními nebo přenášet na nová zařízení."},"download-confirmation-name":{"_":"Název"},"download-confirmation-type":{"_":"Typ"},"download-confirmation-size":{"_":"Velikost"},"download-confirmation-vendor":{"_":"Prodejce"},"download-confirmation-description":{"_":"Info"},"download-progress-title":{"_":"Stahování"},"preview-image-title":{"_":"Náhled obrázku"},"preview-audio-title":{"_":"Audio ukázka"},"byteUnit-B":{"_":"bytů"},"byteUnit-KB":{"_":"KB"},"byteUnit-MB":{"_":"MB"},"byteUnit-GB":{"_":"GB"}}