{"done":{"_":"Færdig"},"pick-ringtone":{"_":"Vælg ringetone"},"pick-wallpaper":{"_":"Vælg baggrund"},"no-installed-ringtones":{"_":"Ingen låst ringetone valgt"},"no-installed-wallpaper":{"_":"Ingen låst baggrund valgt"},"ok":{"_":"OK"},"download-button":{"_":"Hent"},"install-button":{"_":"Installer"},"cancel-button":{"_":"Annuller"},"download_error":{"_":"Hentningsfejl"},"install_error":{"_":"Installationsfejl"},"err_descriptor_download_failed":{"_":"Hentningen mislykkedes på grund af en serverfejl."},"err_bad_descriptor":{"_":"Hentningen mislykkedes på grund af en serverfejl."},"err_too_big":{"_":"Filen er for stor til at hente."},"err_unsupported_type":{"_":"Denne type af købte medier understøttes ikke på din telefon."},"err_bad_type":{"_":"Hentningen mislykkedes på grund af en serverfejl."},"err_content_download_failed":{"_":"Hentningen mislykkedes på grund af en serverfejl."},"err_bad_drm_message":{"_":"Hentningen mislykkedes på grund af en serverfejl."},"err_bad_image":{"_":"Det hentede billede kan ikke vises på denne enhed."},"err_bad_audio":{"_":"Den hentede fil kan ikke afspilles på denne enhed."},"err_no_space":{"_":"Der er ikke lagerplads nok på din enhed til at gemme filen."},"err_no_sdcard":{"_":"Kan ikke gemme filen, da der ikke er noget hukommelseskort."},"err_sdcard_in_use":{"_":"Kan ikke gemme filen, da hukommelseskortet er i brug. Afkobl din telefon og prøv at hente igen."},"err_ds_save_failure":{"_":"Kunne ikke gemme mediefil."},"err_db_store_failure":{"_":"Kunne ikke gemme mediefil."},"success_song":{"_":"Musik hentet og installeret. Brug musik-app'en til at afspille den."},"success_ringtone":{"_":"Ringetone hentet og installeret."},"success_wallpaper":{"_":"Baggrund hentet og installeret."},"ringtone-or-song-query":{"_":"Vil du hente og installere denne lydfil som et stykke musik eller som en ringetone?"},"ringtone-response":{"_":"Ringetone"},"song-response":{"_":"Musik"},"download-confirmation-title-song":{"_":"Hent musik?"},"download-confirmation-title-ringtone":{"_":"Hent ringetone?"},"download-confirmation-title-wallpaper":{"_":"Hent baggrund?"},"downloading-song":{"_":"Henter musik…"},"downloading-ringtone":{"_":"Henter ringetone…"},"downloading-wallpaper":{"_":"Henter baggrund…"},"locked-content-advisory":{"_":"{{vendor}} har låst denne mediefil, så den ikke kan deles med andre eller overføres til en anden enhed."},"locked-content-advisory-generic":{"_":"Sælgeren har låst denne mediefil, så den ikke kan deles med andre eller overføres til en anden enhed."},"download-confirmation-name":{"_":"Navn"},"download-confirmation-type":{"_":"Type"},"download-confirmation-size":{"_":"Størrelse"},"download-confirmation-vendor":{"_":"Sælger"},"download-confirmation-description":{"_":"Info"},"download-progress-title":{"_":"Henter"},"preview-image-title":{"_":"Billedeksempel"},"preview-audio-title":{"_":"Lydeksempel"},"byteUnit-B":{"_":"bytes"},"byteUnit-KB":{"_":"KB"},"byteUnit-MB":{"_":"MB"},"byteUnit-GB":{"_":"GB"}}