{"done":{"_":"Fertig"},"pick-ringtone":{"_":"Klingelton auswählen"},"pick-wallpaper":{"_":"Hintergrundbild auswählen"},"no-installed-ringtones":{"_":"Keine Klingeltöne installiert"},"no-installed-wallpaper":{"_":"Keine Hintergrundbilder installiert"},"ok":{"_":"OK"},"download-button":{"_":"Herunterladen"},"install-button":{"_":"Installieren"},"cancel-button":{"_":"Abbrechen"},"download_error":{"_":"Fehler beim Herunterladen"},"install_error":{"_":"Fehler bei der Installation"},"err_descriptor_download_failed":{"_":"Der Download schlug wegen eines Fehlers auf dem Server fehl."},"err_bad_descriptor":{"_":"Der Download schlug wegen eines Fehlers auf dem Server fehl."},"err_too_big":{"_":"Die Datei ist zu groß."},"err_unsupported_type":{"_":"Dieser erworbene Medientyp wird von Ihrem Telefon nicht unterstützt."},"err_bad_type":{"_":"Der Download schlug wegen eines Fehlers auf dem Server fehl."},"err_content_download_failed":{"_":"Der Download schlug wegen eines Fehlers auf dem Server fehl."},"err_bad_drm_message":{"_":"Der Download schlug wegen eines Fehlers auf dem Server fehl."},"err_bad_image":{"_":"Die heruntergeladene Grafik kann auf diesem Gerät nicht angezeigt werden."},"err_bad_audio":{"_":"Die heruntergeladene Datei kann auf diesem Gerät nicht wiedergegeben werden."},"err_no_space":{"_":"Es steht nicht genügend Speicherplatz zum Speichern dieses Musiktitels zur Verfügung."},"err_no_sdcard":{"_":"Musiktitel kann nicht gespeichert werden, da keine Speicherkarte vorhanden ist."},"err_sdcard_in_use":{"_":"Musiktitel kann nicht gespeichert werden, da die Speicherkarte verwendet wird. Ziehen Sie das Telefon ab und versuchen Sie es erneut."},"err_ds_save_failure":{"_":"Fehler beim Speichern der Mediendatei."},"err_db_store_failure":{"_":"Fehler beim Speichern der Mediendatei."},"success_song":{"_":"Musiktitel heruntergeladen und installiert. Verwenden Sie die App Musik zur Wiedergabe."},"success_ringtone":{"_":"Klingelton heruntergeladen und installiert."},"success_wallpaper":{"_":"Hintergrundbild heruntergeladen und installiert."},"ringtone-or-song-query":{"_":"Soll diese Audio-Datei als Musiktitel oder als Klingelton heruntergeladen werden?"},"ringtone-response":{"_":"Klingelton"},"song-response":{"_":"Musiktitel"},"download-confirmation-title-song":{"_":"Titel herunterladen?"},"download-confirmation-title-ringtone":{"_":"Klingelton herunterladen?"},"download-confirmation-title-wallpaper":{"_":"Hintergrundbild herunterladen?"},"downloading-song":{"_":"Titel wird heruntergeladen…"},"downloading-ringtone":{"_":"Klingelton wird heruntergeladen…"},"downloading-wallpaper":{"_":"Hintergrundbild wird heruntergeladen…"},"locked-content-advisory":{"_":"{{vendor}} hat die Berechtigungen an dieser Mediendatei eingeschränkt, sodass sie nicht geteilt oder auf ein neues Gerät übertragen werden kann."},"locked-content-advisory-generic":{"_":"Der Verkäufer hat die Berechtigungen an dieser Mediendatei eingeschränkt, sodass sie nicht geteilt oder auf ein neues Gerät übertragen werden kann."},"download-confirmation-name":{"_":"Name"},"download-confirmation-type":{"_":"Typ"},"download-confirmation-size":{"_":"Größe"},"download-confirmation-vendor":{"_":"Verkäufer"},"download-confirmation-description":{"_":"Info"},"download-progress-title":{"_":"Wird heruntergeladen…"},"preview-image-title":{"_":"Grafik ansehen"},"preview-audio-title":{"_":"Audio anhören"},"byteUnit-B":{"_":"Bytes"},"byteUnit-KB":{"_":"KB"},"byteUnit-MB":{"_":"MB"},"byteUnit-GB":{"_":"GB"}}