{"done":{"_":"ΟΚ"},"pick-ringtone":{"_":"Επιλογή ήχου κλήσης"},"pick-wallpaper":{"_":"Επιλογή ταπετσαρίας"},"no-installed-ringtones":{"_":"Χωρίς κλειδωμένους ήχους κλήσης"},"no-installed-wallpaper":{"_":"Χωρίς κλειδωμένες ταπετσαρίες"},"ok":{"_":"ΟΚ"},"download-button":{"_":"Λήψη"},"install-button":{"_":"Εγκατάσταση"},"cancel-button":{"_":"Ακύρωση"},"download_error":{"_":"Σφάλμα λήψης"},"install_error":{"_":"Σφάλμα εγκατάστασης"},"err_descriptor_download_failed":{"_":"Η λήψη απέτυχε λόγω σφάλματος διακομιστή."},"err_bad_descriptor":{"_":"Η λήψη απέτυχε λόγω σφάλματος διακομιστή."},"err_too_big":{"_":"Πολύ μεγάλο αρχείο για λήψη."},"err_unsupported_type":{"_":"Αυτός ο τύπος πολυμέσων δεν υποστηρίζεται από τη συσκευή σας."},"err_bad_type":{"_":"Η λήψη απέτυχε λόγω σφάλματος διακομιστή."},"err_content_download_failed":{"_":"Η λήψη απέτυχε λόγω σφάλματος διακομιστή."},"err_bad_drm_message":{"_":"Η λήψη απέτυχε λόγω σφάλματος διακομιστή."},"err_bad_image":{"_":"Η συσκευή δεν μπορεί να προβάλει την ληφθείσα εικόνα."},"err_bad_audio":{"_":"Η συσκευή δεν μπορεί να αναπαράγει το ληφθέν αρχείο."},"err_no_space":{"_":"Δεν υπάρχει αρκετός χώρος στη συσκευή για την αποθήκευση του κομματιού."},"err_no_sdcard":{"_":"Δεν είναι δυνατή η αποθήκευση του κομματιού λόγω έλλειψης κάρτας μνήμης."},"err_sdcard_in_use":{"_":"Δεν είναι δυνατή η αποθήκευση του κομματιού καθώς η κάρτα μνήμης είναι απασχολημένη. Αποσυνδέστε τη συσκευή και δοκιμάστε ξανά."},"err_ds_save_failure":{"_":"Σφάλμα κατά την αποθήκευση αρχείου πολυμέσων."},"err_db_store_failure":{"_":"Σφάλμα κατά την αποθήκευση αρχείου πολυμέσων."},"success_song":{"_":"Το μουσικό κομμάτι ελήφθη και εγκαταστάθηκε. Χρησιμοποιείστε την εφαρμογή «Μουσική» για να το αναπαράγετε."},"success_ringtone":{"_":"Ο ήχος κλήσης ελήφθη και εγκαταστάθηκε."},"success_wallpaper":{"_":"Η ταπετσαρία ελήφθη και εγκαταστάθηκε."},"ringtone-or-song-query":{"_":"Θέλετε να γίνει λήψη και εγκατάσταση του αρχείου ήχου ως μουσικό κομμάτι ή ως ήχος κλήσης;"},"ringtone-response":{"_":"Ήχος κλήσης"},"song-response":{"_":"Μουσικό κομμάτι"},"download-confirmation-title-song":{"_":"Λήψη μουσικού κομματιού;"},"download-confirmation-title-ringtone":{"_":"Λήψη ήχου κλήσης;"},"download-confirmation-title-wallpaper":{"_":"Λήψη ταπετσαρίας;"},"downloading-song":{"_":"Λήψη μουσικού κομματιού…"},"downloading-ringtone":{"_":"Λήψη ήχου κλήσης…"},"downloading-wallpaper":{"_":"Λήψη ταπετσαρίας…"},"locked-content-advisory":{"_":"Ο πάροχος {{vendor}} έχει κλειδώσει αυτό τον τύπο αρχείου, έτσι δεν είναι δυνατή η μεταφορά του."},"locked-content-advisory-generic":{"_":"Ο πωλητής έχει κλειδώσει αυτό τον τύπο αρχείου, έτσι δεν είναι δυνατή η μεταφορά του."},"download-confirmation-name":{"_":"Όνομα"},"download-confirmation-type":{"_":"Τύπος"},"download-confirmation-size":{"_":"Μέγεθος"},"download-confirmation-vendor":{"_":"Πωλητής"},"download-confirmation-description":{"_":"Πληροφορίες"},"download-progress-title":{"_":"Λήψη"},"preview-image-title":{"_":"Προεπισκόπηση εικόνας"},"preview-audio-title":{"_":"Προεπισκόπηση ήχου"},"byteUnit-B":{"_":"bytes"},"byteUnit-KB":{"_":"KB"},"byteUnit-MB":{"_":"MB"},"byteUnit-GB":{"_":"GB"}}