{"done":{"_":"Done"},"pick-ringtone":{"_":"Select Ringtone"},"pick-wallpaper":{"_":"Select Wallpaper"},"no-installed-ringtones":{"_":"No Locked Ringtones Installed"},"no-installed-wallpaper":{"_":"No Locked Wallpaper Installed"},"ok":{"_":"OK"},"download-button":{"_":"Download"},"install-button":{"_":"Install"},"cancel-button":{"_":"Cancel"},"download_error":{"_":"Download Error"},"install_error":{"_":"Installation Error"},"err_descriptor_download_failed":{"_":"The download failed because of a server error."},"err_bad_descriptor":{"_":"The download failed because of a server error."},"err_too_big":{"_":"File is too large to download."},"err_unsupported_type":{"_":"This type of purchased media is not supported on your phone."},"err_bad_type":{"_":"The download failed because of a server error."},"err_content_download_failed":{"_":"The download failed because of a server error."},"err_bad_drm_message":{"_":"The download failed because of a server error."},"err_bad_image":{"_":"The downloaded image cannot be displayed on this device."},"err_bad_audio":{"_":"The downloaded file cannot be played on this device."},"err_no_space":{"_":"There is not enough storage space on your device to save this song."},"err_no_sdcard":{"_":"Cannot save song because there is no memory card."},"err_sdcard_in_use":{"_":"Cannot save song because the memory card is in use. Unplug your phone and try downloading again."},"err_ds_save_failure":{"_":"Error saving media file."},"err_db_store_failure":{"_":"Error saving media file."},"success_song":{"_":"Song downloaded and installed. Use the Music app to play it."},"success_ringtone":{"_":"Ringtone downloaded and installed."},"success_wallpaper":{"_":"Wallpaper downloaded and installed."},"ringtone-or-song-query":{"_":"Do you want to download and install this audio file as a song or as a ringtone?"},"ringtone-response":{"_":"Ringtone"},"song-response":{"_":"Song"},"download-confirmation-title-song":{"_":"Download song?"},"download-confirmation-title-ringtone":{"_":"Download ringtone?"},"download-confirmation-title-wallpaper":{"_":"Download wallpaper?"},"downloading-song":{"_":"Downloading song…"},"downloading-ringtone":{"_":"Downloading ringtone…"},"downloading-wallpaper":{"_":"Downloading wallpaper…"},"locked-content-advisory":{"_":"{{vendor}} has locked this media file so that it cannot be shared with others or transferred to a new device."},"locked-content-advisory-generic":{"_":"The seller has locked this media file so that it cannot be shared with others or transferred to a new device."},"download-confirmation-name":{"_":"Name"},"download-confirmation-type":{"_":"Type"},"download-confirmation-size":{"_":"Size"},"download-confirmation-vendor":{"_":"Vendor"},"download-confirmation-description":{"_":"Info"},"download-progress-title":{"_":"Downloading"},"preview-image-title":{"_":"Preview image"},"preview-audio-title":{"_":"Preview audio"},"byteUnit-B":{"_":"bytes"},"byteUnit-KB":{"_":"KB"},"byteUnit-MB":{"_":"MB"},"byteUnit-GB":{"_":"GB"}}