{"done":{"_":"Hecho"},"pick-ringtone":{"_":"Seleccionar tono"},"pick-wallpaper":{"_":"Seleccionar fondo"},"no-installed-ringtones":{"_":"No hay instalado ningún tono bloqueado"},"no-installed-wallpaper":{"_":"No hay instalado ningún fondo bloqueado"},"ok":{"_":"Aceptar"},"download-button":{"_":"Descargar"},"install-button":{"_":"Instalar"},"cancel-button":{"_":"Cancelar"},"download_error":{"_":"Error en descarga"},"install_error":{"_":"Error en instalación"},"err_descriptor_download_failed":{"_":"La descarga se interrumpió debido a un error del servidor."},"err_bad_descriptor":{"_":"La descarga se interrumpió debido a un error del servidor."},"err_too_big":{"_":"El archivo es demasiado grande para descargarse."},"err_unsupported_type":{"_":"El tipo de archivo multimedia adquirido no es compatible con su teléfono."},"err_bad_type":{"_":"La descarga se interrumpió debido a un error del servidor."},"err_content_download_failed":{"_":"La descarga se interrumpió debido a un error del servidor."},"err_bad_drm_message":{"_":"La descarga se interrumpió debido a un error del servidor."},"err_bad_image":{"_":"La imagen descargada no puede mostrarse en este dispositivo."},"err_bad_audio":{"_":"El archivo descargado no puede reproducirse en este dispositivo."},"err_no_space":{"_":"No hay suficiente espacio de almacenamiento en el dispositivo para guardar la canción."},"err_no_sdcard":{"_":"No podemos guardar la canción porque no hay tarjeta de memoria."},"err_sdcard_in_use":{"_":"No podemos guardar la canción porque no hay tarjeta de memoria en uso. Desconecte el teléfono y pruebe a descargarla de nuevo."},"err_ds_save_failure":{"_":"Error al guardar archivo multimedia."},"err_db_store_failure":{"_":"Error al guardar archivo multimedia."},"success_song":{"_":"Canción guardada e instalada. Use la aplicación Música para reproducirla."},"success_ringtone":{"_":"Tono de llamada descargado e instalado."},"success_wallpaper":{"_":"Fondo de pantalla descargado e instalado."},"ringtone-or-song-query":{"_":"¿Quiere descargar e instalar este archivo de audio como canción o como tono de llamada?"},"ringtone-response":{"_":"Tono de llamada"},"song-response":{"_":"Canción"},"download-confirmation-title-song":{"_":"¿Descargar canción?"},"download-confirmation-title-ringtone":{"_":"¿Descargar tono de llamada?"},"download-confirmation-title-wallpaper":{"_":"¿Descargar fondo de pantalla?"},"downloading-song":{"_":"Descargando canción..."},"downloading-ringtone":{"_":"Descargando tono de llamada..."},"downloading-wallpaper":{"_":"Descargando fondo de pantalla..."},"locked-content-advisory":{"_":"{{vendor}} ha bloqueado este archivo multimedia para que no se comparta con nadie ni se transfiera a un nuevo dispositivo."},"locked-content-advisory-generic":{"_":"El vendedor ha bloqueado este archivo multimedia para que no se comparta con nadie ni se transfiera a un nuevo dispositivo."},"download-confirmation-name":{"_":"Nombre"},"download-confirmation-type":{"_":"Tipo"},"download-confirmation-size":{"_":"Tamaño"},"download-confirmation-vendor":{"_":"Fabricante"},"download-confirmation-description":{"_":"Info"},"download-progress-title":{"_":"Descargando"},"preview-image-title":{"_":"Previsualizar imagen"},"preview-audio-title":{"_":"Escuchar muestra"},"byteUnit-B":{"_":"bytes"},"byteUnit-KB":{"_":"Kb"},"byteUnit-MB":{"_":"Mb"},"byteUnit-GB":{"_":"Gb"}}