{"done":{"_":"Eginda"},"pick-ringtone":{"_":"Hautatu txirrin-tonua"},"pick-wallpaper":{"_":"Hautatu horma-papera"},"no-installed-ringtones":{"_":"Ez dago blokeatutako txirrin-tonurik instalatuta"},"no-installed-wallpaper":{"_":"Ez dago blokeatutako horma-paperik instalatuta"},"ok":{"_":"Ados"},"download-button":{"_":"Deskargatu"},"install-button":{"_":"Instalatu"},"cancel-button":{"_":"Utzi"},"download_error":{"_":"Deskarga-errorea"},"install_error":{"_":"Instalazio-errorea"},"err_descriptor_download_failed":{"_":"Deskargak huts egin du zerbitzariaren errore bat dela eta."},"err_bad_descriptor":{"_":"Deskargak huts egin du zerbitzariaren errore bat dela eta."},"err_too_big":{"_":"Fitxategia handiegia da deskargatzeko."},"err_unsupported_type":{"_":"Zure gailuak ez du erositako multimedia mota hau onartzen."},"err_bad_type":{"_":"Deskargak huts egin du zerbitzariaren errore bat dela eta."},"err_content_download_failed":{"_":"Deskargak huts egin du zerbitzariaren errore bat dela eta."},"err_bad_drm_message":{"_":"Deskargak huts egin du zerbitzariaren errore bat dela eta."},"err_bad_image":{"_":"Ezin da deskargatutako irudia bistaratu gailu honetan."},"err_bad_audio":{"_":"Ezin da deskargatutako fitxategia erreproduzitu gailu honetan."},"err_no_space":{"_":"Ez dago abesti hau biltegiratzeko leku libre nahikorik zure gailuan."},"err_no_sdcard":{"_":"Ezin da abestia gorde memoria-txartelik ez dagoelako."},"err_sdcard_in_use":{"_":"Ezin da abestia gorde memoria-txartela erabiltzen ari delako. Desentxufatu telefonoa eta saiatu berriro deskargatzen."},"err_ds_save_failure":{"_":"Errorea multimedia-fitxategia gordetzean."},"err_db_store_failure":{"_":"Errorea multimedia-fitxategia gordetzean."},"success_song":{"_":"Abestia deskargatuta eta instalatuta. Erreproduzitzeko, erabili Musika aplikazioa."},"success_ringtone":{"_":"Txirrin-tonua deskargatuta eta instalatuta."},"success_wallpaper":{"_":"Horma-papera deskargatuta eta instalatuta."},"ringtone-or-song-query":{"_":"Audio-fitxategia abesti edo txirrin-tonu gisa deskargatu eta instalatu nahi duzu?"},"ringtone-response":{"_":"Txirrin-tonua"},"song-response":{"_":"Abestia"},"download-confirmation-title-song":{"_":"Deskargatu abestia?"},"download-confirmation-title-ringtone":{"_":"Deskargatu txirrin-tonua?"},"download-confirmation-title-wallpaper":{"_":"Deskargatu horma-papera?"},"downloading-song":{"_":"Abestia deskargatzen…"},"downloading-ringtone":{"_":"Txirrin-tonua deskargatzen…"},"downloading-wallpaper":{"_":"Horma-papera deskargatzen…"},"locked-content-advisory":{"_":"{{vendor}} hornitzaileak multimedia-fitxategia blokeatu du ezin dadin beste inorekin partekatu edo gailu berri batera transferitu."},"locked-content-advisory-generic":{"_":"Saltzaileak multimedia-fitxategia blokeatu du ezin dadin beste inorekin partekatu edo gailu berri batera transferitu."},"download-confirmation-name":{"_":"Izena"},"download-confirmation-type":{"_":"Mota"},"download-confirmation-size":{"_":"Tamaina"},"download-confirmation-vendor":{"_":"Hornitzailea"},"download-confirmation-description":{"_":"Informazioa"},"download-progress-title":{"_":"Deskargatzen"},"preview-image-title":{"_":"Aurreikusi irudia"},"preview-audio-title":{"_":"Aurreikusi audioa"},"byteUnit-B":{"_":"byte"},"byteUnit-KB":{"_":"KB"},"byteUnit-MB":{"_":"MB"},"byteUnit-GB":{"_":"GB"}}