{"done":{"_":"Terminé"},"pick-ringtone":{"_":"Choisir sonnerie"},"pick-wallpaper":{"_":"Choisir fond d’écran"},"no-installed-ringtones":{"_":"Aucune sonnerie verrouillée n’est installée"},"no-installed-wallpaper":{"_":"Aucun fond d’écran verrouillé n’est installé"},"ok":{"_":"OK"},"download-button":{"_":"Télécharger"},"install-button":{"_":"Installer"},"cancel-button":{"_":"Annuler"},"download_error":{"_":"Erreur de téléchargement"},"install_error":{"_":"Erreur d’installation"},"err_descriptor_download_failed":{"_":"Le téléchargement a échoué à cause d’une erreur du serveur."},"err_bad_descriptor":{"_":"Le téléchargement a échoué à cause d’une erreur du serveur."},"err_too_big":{"_":"Le fichier à télécharger est trop volumineux."},"err_unsupported_type":{"_":"Le type du média acheté n’est pas pris en charge par votre téléphone."},"err_bad_type":{"_":"Le téléchargement a échoué à cause d’une erreur du serveur."},"err_content_download_failed":{"_":"Le téléchargement a échoué à cause d’une erreur du serveur."},"err_bad_drm_message":{"_":"Le téléchargement a échoué à cause d’une erreur du serveur."},"err_bad_image":{"_":"L’image téléchargée ne peut pas être affichée sur cet appareil."},"err_bad_audio":{"_":"Le fichier téléchargé ne peut pas être lu sur cet appareil."},"err_no_space":{"_":"L’espace de stockage de votre appareil est insuffisant pour enregistrer cette chanson."},"err_no_sdcard":{"_":"Impossible d’enregistrer la chanson car il n’y a pas de carte mémoire."},"err_sdcard_in_use":{"_":"Impossible d’enregistrer la chanson car la carte mémoire est utilisée. Débranchez votre téléphone puis essayez de la télécharger à nouveau."},"err_ds_save_failure":{"_":"Erreur lors de l’enregistrement du fichier média."},"err_db_store_failure":{"_":"Erreur lors de l’enregistrement du fichier média."},"success_song":{"_":"Chanson téléchargée et installée. Utilisez l’application Musique pour l’écouter."},"success_ringtone":{"_":"Sonnerie téléchargée et installée."},"success_wallpaper":{"_":"Fond d’écran téléchargé et installé."},"ringtone-or-song-query":{"_":"Préférez-vous télécharger et installer ce fichier audio en tant que chanson ou bien que sonnerie ?"},"ringtone-response":{"_":"Sonnerie"},"song-response":{"_":"Chanson"},"download-confirmation-title-song":{"_":"Télécharger la chanson ?"},"download-confirmation-title-ringtone":{"_":"Télécharger la sonnerie ?"},"download-confirmation-title-wallpaper":{"_":"Télécharger le fond d’écran ?"},"downloading-song":{"_":"Téléchargement de la chanson…"},"downloading-ringtone":{"_":"Téléchargement de la sonnerie…"},"downloading-wallpaper":{"_":"Téléchargement du fond d’écran…"},"locked-content-advisory":{"_":"{{vendor}} a verrouillé ce fichier média afin qu’il ne puisse pas être partagé ou transféré sur un nouvel appareil."},"locked-content-advisory-generic":{"_":"Le marchand a verrouillé ce fichier média afin qu’il ne puisse pas être partagé ou transféré sur un nouvel appareil."},"download-confirmation-name":{"_":"Nom"},"download-confirmation-type":{"_":"Type"},"download-confirmation-size":{"_":"Taille"},"download-confirmation-vendor":{"_":"Marchand"},"download-confirmation-description":{"_":"Informations"},"download-progress-title":{"_":"Téléchargement"},"preview-image-title":{"_":"Aperçu image"},"preview-audio-title":{"_":"Aperçu audio"},"byteUnit-B":{"_":"octets"},"byteUnit-KB":{"_":"Ko"},"byteUnit-MB":{"_":"Mo"},"byteUnit-GB":{"_":"Go"}}