{"done":{"_":"Feito"},"pick-ringtone":{"_":"Seleccionar ton"},"pick-wallpaper":{"_":"Seleccionar fondo"},"no-installed-ringtones":{"_":"Ningún ton de chamada protexido instalado"},"no-installed-wallpaper":{"_":"Ningún fondo protexido instalado"},"ok":{"_":"Aceptar"},"download-button":{"_":"Descargar"},"install-button":{"_":"Instalar"},"cancel-button":{"_":"Cancelar"},"download_error":{"_":"Erro na descarga"},"install_error":{"_":"Erro de instalación"},"err_descriptor_download_failed":{"_":"A descarga fallou por un erro do servidor."},"err_bad_descriptor":{"_":"A descarga fallou por un erro do servidor."},"err_too_big":{"_":"O ficheiro é demasiado grande para descargarse."},"err_unsupported_type":{"_":"O tipo de ficheiro multimedia adquirido non é compatíbel co seu teléfono."},"err_bad_type":{"_":"A descarga fallou por un erro do servidor."},"err_content_download_failed":{"_":"A descarga fallou por un erro do servidor."},"err_bad_drm_message":{"_":"A descarga fallou por un erro do servidor."},"err_bad_image":{"_":"Non é posíbel mostrar a imaxe descargada neste dispositivo."},"err_bad_audio":{"_":"Non é posíbel reproducir o ficheiro descargado neste dispositivo."},"err_no_space":{"_":"Non hai suficiente espazo de almacenamento no dispositivo para gardar esta canción."},"err_no_sdcard":{"_":"Non é posíbel gardar a canción porque non hai tarxeta de memoria."},"err_sdcard_in_use":{"_":"Non é posíbel gardar a canción porque a tarxeta de memoria está en uso. Desconecte o teléfono e tente descargala de novo."},"err_ds_save_failure":{"_":"Produciuse un erro ao gardar o ficheiro multimedia."},"err_db_store_failure":{"_":"Produciuse un erro ao gardar o ficheiro multimedia."},"success_song":{"_":"Descargouse e instalouse a canción. Use o aplicativo Música para reproducila."},"success_ringtone":{"_":"Descargouse e instalouse o ton de chamada."},"success_wallpaper":{"_":"Descargouse e instalouse o fondo de pantalla."},"ringtone-or-song-query":{"_":"Quere descargar e instalar este ficheiro de son como unha canción ou como un ton de chamada?"},"ringtone-response":{"_":"Ton de chamada"},"song-response":{"_":"Canción"},"download-confirmation-title-song":{"_":"Descargar a canción?"},"download-confirmation-title-ringtone":{"_":"Descargar o ton de chamada?"},"download-confirmation-title-wallpaper":{"_":"Descargar o fondo de pantalla?"},"downloading-song":{"_":"Descargando a canción…"},"downloading-ringtone":{"_":"Descargando o ton de chamada…"},"downloading-wallpaper":{"_":"Descargando o fondo de pantalla…"},"locked-content-advisory":{"_":"{{vendor}} bloqueou este ficheiro multimedia para que non sexa posíbel compartilo ou transferilo a un novo dispositivo."},"locked-content-advisory-generic":{"_":"O vendedor bloqueou este ficheiro multimedia para que non sexa posíbel compartilo ou transferilo a un novo dispositivo."},"download-confirmation-name":{"_":"Nome"},"download-confirmation-type":{"_":"Tipo"},"download-confirmation-size":{"_":"Tamaño"},"download-confirmation-vendor":{"_":"Fabricante"},"download-confirmation-description":{"_":"Información"},"download-progress-title":{"_":"Descargando"},"preview-image-title":{"_":"Previsualizar imaxe"},"preview-audio-title":{"_":"Escoitar mostra"},"byteUnit-B":{"_":"bytes"},"byteUnit-KB":{"_":"KB"},"byteUnit-MB":{"_":"MB"},"byteUnit-GB":{"_":"GB"}}