{"done":{"_":"Gotovo"},"pick-ringtone":{"_":"Odaberi melodiju zvona"},"pick-wallpaper":{"_":"Odaberi pozadinsku sliku"},"no-installed-ringtones":{"_":"Nema instaliranih zaključanih melodija zvona"},"no-installed-wallpaper":{"_":"Nema instaliranih zaključanih pozadinskih slika"},"ok":{"_":"OK"},"download-button":{"_":"Preuzmi"},"install-button":{"_":"Instaliraj"},"cancel-button":{"_":"Otkaži"},"download_error":{"_":"Greška preuzimanja"},"install_error":{"_":"Greška instalacije"},"err_descriptor_download_failed":{"_":"Preuzimanje nije uspjelo zbog greške poslužitelja."},"err_bad_descriptor":{"_":"Preuzimanje nije uspjelo zbog greške poslužitelja."},"err_too_big":{"_":"Datoteka je prevelika za preuzimanje."},"err_unsupported_type":{"_":"Ova vrsta kupljenog medija nije podržana na vašem telefonu."},"err_bad_type":{"_":"Preuzimanje nije uspjelo zbog greške poslužitelja."},"err_content_download_failed":{"_":"Preuzimanje nije uspjelo zbog greške poslužitelja."},"err_bad_drm_message":{"_":"Preuzimanje nije uspjelo zbog greške poslužitelja."},"err_bad_image":{"_":"Preuzeta slika se ne može prikazati na ovom uređaju."},"err_bad_audio":{"_":"Preuzeta datoteka se ne može pokrenuti na ovom uređaju."},"err_no_space":{"_":"Na uređaju nema dovoljno prostora za spremanje ove pjesme."},"err_no_sdcard":{"_":"Pjesmu nije moguće spremiti jer nedostaje memorijska kartica."},"err_sdcard_in_use":{"_":"Pjesmu nije moguće spremiti jer je memorijska kartica u upotrebi. Odspojite svoj telefon i pokušajte ponovno preuzeti pjesmu."},"err_ds_save_failure":{"_":"Greška prilikom spremanja datoteke."},"err_db_store_failure":{"_":"Greška prilikom spremanja datoteke."},"success_song":{"_":"Pjesma je preuzeta i instalirana. Da biste je preslušali, pokrenite aplikaciju Glazba."},"success_ringtone":{"_":"Melodija zvona je preuzeta i instalirana."},"success_wallpaper":{"_":"Pozadinska slika je preuzeta i instalirana."},"ringtone-or-song-query":{"_":"Želite li preuzeti i instalirati ovu audio datoteku kao pjesmu ili melodiju zvona?"},"ringtone-response":{"_":"Melodija zvona"},"song-response":{"_":"Pjesma"},"download-confirmation-title-song":{"_":"Preuzeti pjesmu?"},"download-confirmation-title-ringtone":{"_":"Preuzeti melodiju zvona?"},"download-confirmation-title-wallpaper":{"_":"Preuzeti pozadinsku sliku?"},"downloading-song":{"_":"Preuzimanje pjesme…"},"downloading-ringtone":{"_":"Preuzimanje melodije zvona…"},"downloading-wallpaper":{"_":"Preuzimanje pozadinske slike…"},"locked-content-advisory":{"_":"{{vendor}} je zaključao ovu multimedijsku datoteku, stoga se ne može dijeliti s ostalima ili transferirati na novi uređaj."},"locked-content-advisory-generic":{"_":"Prodavač je zaključao ovu multimedijsku datoteku, stoga se ne može dijeliti s ostalima ili transferirati na novi uređaj."},"download-confirmation-name":{"_":"Naziv"},"download-confirmation-type":{"_":"Vrsta"},"download-confirmation-size":{"_":"Veličina"},"download-confirmation-vendor":{"_":"Prodavač"},"download-confirmation-description":{"_":"Informacije"},"download-progress-title":{"_":"Preuzimanje"},"preview-image-title":{"_":"Pregled slike"},"preview-audio-title":{"_":"Pregled audio datoteke"},"byteUnit-B":{"_":"bajtova"},"byteUnit-KB":{"_":"KB"},"byteUnit-MB":{"_":"MB"},"byteUnit-GB":{"_":"GB"}}