{"done":{"_":"Kész"},"pick-ringtone":{"_":"Válasszon csengőhangot"},"pick-wallpaper":{"_":"Válasszon háttérképet"},"no-installed-ringtones":{"_":"Nincs telepítve zárolt csengőhang"},"no-installed-wallpaper":{"_":"Nincs telepítve zárolt háttérkép"},"ok":{"_":"OK"},"download-button":{"_":"Letöltés"},"install-button":{"_":"Telepítés"},"cancel-button":{"_":"Mégse"},"download_error":{"_":"Letöltési hiba"},"install_error":{"_":"Telepítési hiba"},"err_descriptor_download_failed":{"_":"A letöltés kiszolgáló hiba miatt hiúsult meg."},"err_bad_descriptor":{"_":"A letöltés kiszolgáló hiba miatt hiúsult meg."},"err_too_big":{"_":"A fájl túl nagy a letöltéshez."},"err_unsupported_type":{"_":"Az ilyen típusú megvásárolt médiafájlt nem támogatja a telefonja."},"err_bad_type":{"_":"A letöltés kiszolgáló hiba miatt hiúsult meg."},"err_content_download_failed":{"_":"A letöltés kiszolgáló hiba miatt hiúsult meg."},"err_bad_drm_message":{"_":"A letöltés kiszolgáló hiba miatt hiúsult meg."},"err_bad_image":{"_":"A letöltött kép nem jeleníthető meg ezen az eszközön."},"err_bad_audio":{"_":"A letöltött fájl nem játszható le ezen az eszközön."},"err_no_space":{"_":"Nincs elegendő tárolóterület az eszközön a zene mentéséhez."},"err_no_sdcard":{"_":"A zene nem menthető el, mert nincs memóriakártya a telefonban."},"err_sdcard_in_use":{"_":"A zene nem menthető el, mert használatban van a memóriakártya. Húzza ki a telefont, és próbálja meg ismét a letöltést."},"err_ds_save_failure":{"_":"Hiba lépett fel a média-fájl mentése közben."},"err_db_store_failure":{"_":"Hiba lépett fel a média-fájl mentése közben."},"success_song":{"_":"A zene le lett töltve. A Zene app segítségével lejátszhatja azt."},"success_ringtone":{"_":"Csengőhang letöltve és telepítve."},"success_wallpaper":{"_":"Háttérkép letöltve és telepítve."},"ringtone-or-song-query":{"_":"Zeneként vagy csengőhangként szeretné használni a letölttött hangfájlt?"},"ringtone-response":{"_":"Csengőhang"},"song-response":{"_":"Zene"},"download-confirmation-title-song":{"_":"Letölti a zenét"},"download-confirmation-title-ringtone":{"_":"Letölti a csengőhangot"},"download-confirmation-title-wallpaper":{"_":"Letölti a háttérképet"},"downloading-song":{"_":"Zene letöltése…"},"downloading-ringtone":{"_":"Csengőhang letöltése…"},"downloading-wallpaper":{"_":"Háttérkép letöltése…"},"locked-content-advisory":{"_":"A(z) {{vendor}} zárolta ezt a médiafájlt, így az nem osztható másokkal és nem lehet átvinni új eszközre sem."},"locked-content-advisory-generic":{"_":"Az eladó zárolta ezt a médiafájlt, így az nem osztható másokkal és nem lehet átvinni új eszközre sem."},"download-confirmation-name":{"_":"Név"},"download-confirmation-type":{"_":"Típus"},"download-confirmation-size":{"_":"Méret"},"download-confirmation-vendor":{"_":"Kiadó"},"download-confirmation-description":{"_":"Információ"},"download-progress-title":{"_":"Letöltés"},"preview-image-title":{"_":"Kép előnézet"},"preview-audio-title":{"_":"Zene előhallgatás"},"byteUnit-B":{"_":"bájt"},"byteUnit-KB":{"_":"KB"},"byteUnit-MB":{"_":"MB"},"byteUnit-GB":{"_":"GB"}}