{"done":{"_":"Fatto"},"pick-ringtone":{"_":"Seleziona suoneria"},"pick-wallpaper":{"_":"Seleziona sfondo"},"no-installed-ringtones":{"_":"Nessuna suoneria protetta installata"},"no-installed-wallpaper":{"_":"Nessuno sfondo protetto installato"},"ok":{"_":"OK"},"download-button":{"_":"Download"},"install-button":{"_":"Installa"},"cancel-button":{"_":"Annulla"},"download_error":{"_":"Errore download"},"install_error":{"_":"Errore installazione"},"err_descriptor_download_failed":{"_":"Download non riuscito a causa di un errore del server."},"err_bad_descriptor":{"_":"Download non riuscito a causa di un errore del server."},"err_too_big":{"_":"Dimensione file eccessiva per il download."},"err_unsupported_type":{"_":"Questo tipo di file acquistato non è supportato dal telefono in uso."},"err_bad_type":{"_":"Download non riuscito a causa di un errore del server."},"err_content_download_failed":{"_":"Download non riuscito a causa di un errore del server."},"err_bad_drm_message":{"_":"Download non riuscito a causa di un errore del server."},"err_bad_image":{"_":"L’immagine scaricata non è visualizzabile su questo dispositivo."},"err_bad_audio":{"_":"Impossibile riprodurre il download su questo dispositivo."},"err_no_space":{"_":"Spazio disponibile insufficiente per il salvataggio di questa canzone."},"err_no_sdcard":{"_":"Impossibile salvare la canzone, nessuna scheda di memoria disponibile."},"err_sdcard_in_use":{"_":"Impossibile salvare il file, la scheda di memoria è in uso. Scollegare il telefono e riprovare."},"err_ds_save_failure":{"_":"Errore durante il salvataggio del file."},"err_db_store_failure":{"_":"Errore durante il salvataggio del file."},"success_song":{"_":"Canzone scaricata e installata. Utilizzare l’app Musica per riprodurla."},"success_ringtone":{"_":"Suoneria scaricata e installata."},"success_wallpaper":{"_":"Sfondo scaricato e installato."},"ringtone-or-song-query":{"_":"Scaricare e installare questo file audio come canzone o come suoneria?"},"ringtone-response":{"_":"Suoneria"},"song-response":{"_":"Canzone"},"download-confirmation-title-song":{"_":"Scaricare la canzone?"},"download-confirmation-title-ringtone":{"_":"Scaricare la suoneria?"},"download-confirmation-title-wallpaper":{"_":"Scaricare lo sfondo?"},"downloading-song":{"_":"Download canzone…"},"downloading-ringtone":{"_":"Download suoneria…"},"downloading-wallpaper":{"_":"Download sfondo…"},"locked-content-advisory":{"_":"{{vendor}} ha protetto questo file impedendone la condivisione con altri o il trasferimento a nuovi dispositivi."},"locked-content-advisory-generic":{"_":"Il venditore ha protetto questo file impedendone la condivisione con altri o il trasferimento a nuovi dispositivi."},"download-confirmation-name":{"_":"Nome"},"download-confirmation-type":{"_":"Tipo"},"download-confirmation-size":{"_":"Dimensione"},"download-confirmation-vendor":{"_":"Fornitore"},"download-confirmation-description":{"_":"Info"},"download-progress-title":{"_":"Download…"},"preview-image-title":{"_":"Anteprima immagine"},"preview-audio-title":{"_":"Anteprima audio"},"byteUnit-B":{"_":"byte"},"byteUnit-KB":{"_":"kB"},"byteUnit-MB":{"_":"MB"},"byteUnit-GB":{"_":"GB"}}