{"done":{"_":"完了"},"pick-ringtone":{"_":"着信音を選択してください"},"pick-wallpaper":{"_":"壁紙を選択してください"},"no-installed-ringtones":{"_":"ロックされた着信音はインストールされていません"},"no-installed-wallpaper":{"_":"ロックされた壁紙はインストールされていません"},"ok":{"_":"OK"},"download-button":{"_":"ダウンロード"},"install-button":{"_":"インストール"},"cancel-button":{"_":"キャンセル"},"download_error":{"_":"ダウンロードエラー"},"install_error":{"_":"インストールエラー"},"err_descriptor_download_failed":{"_":"サーバエラーのためダウンロードに失敗しました。"},"err_bad_descriptor":{"_":"サーバエラーのためダウンロードに失敗しました。"},"err_too_big":{"_":"ファイルサイズが大きすぎるためダウンロードできません。"},"err_unsupported_type":{"_":"購入されたメディアの形式はご使用の端末でサポートされていません。"},"err_bad_type":{"_":"サーバエラーのためダウンロードに失敗しました。"},"err_content_download_failed":{"_":"サーバエラーのためダウンロードに失敗しました。"},"err_bad_drm_message":{"_":"サーバエラーのためダウンロードに失敗しました。"},"err_bad_image":{"_":"ダウンロードされた画像はこの端末で表示できません。"},"err_bad_audio":{"_":"ダウンロードされたファイルはこの端末で再生できません。"},"err_no_space":{"_":"この楽曲を保存するのに必要な空き領域が足りません。"},"err_no_sdcard":{"_":"メモリーカードが挿入されていないため楽曲を保存できません。"},"err_sdcard_in_use":{"_":"メモリーカードが使用中のため楽曲を保存できません。端末からケーブルを外して再度ダウンロードしてください。"},"err_ds_save_failure":{"_":"メディアファイルの保存中にエラーが発生しました。"},"err_db_store_failure":{"_":"メディアファイルの保存中にエラーが発生しました。"},"success_song":{"_":"楽曲のダウンロードとインストールが完了しました。音楽アプリで再生してください。"},"success_ringtone":{"_":"着信音のダウンロードとインストールが完了しました。"},"success_wallpaper":{"_":"壁紙のダウンロードとインストールが完了しました。"},"ringtone-or-song-query":{"_":"この音声ファイルをダウンロードし、楽曲または着信音としてインストールしますか？"},"ringtone-response":{"_":"着信音"},"song-response":{"_":"楽曲"},"download-confirmation-title-song":{"_":"楽曲をダウンロードしますか？"},"download-confirmation-title-ringtone":{"_":"着信音をダウンロードしますか？"},"download-confirmation-title-wallpaper":{"_":"壁紙をダウンロードしますか？"},"downloading-song":{"_":"楽曲のダウンロード中…"},"downloading-ringtone":{"_":"着信音のダウンロード中…"},"downloading-wallpaper":{"_":"壁紙のダウンロード中…"},"locked-content-advisory":{"_":"このメディアファイルは {{vendor}} によりロックされているため、他者との共有や新しい端末への転送はできません。"},"locked-content-advisory-generic":{"_":"このメディアファイルは販売者によりロックされているため、他者との共有や新しい端末への転送はできません。"},"download-confirmation-name":{"_":"名前"},"download-confirmation-type":{"_":"種類"},"download-confirmation-size":{"_":"サイズ"},"download-confirmation-vendor":{"_":"ベンダ"},"download-confirmation-description":{"_":"情報"},"download-progress-title":{"_":"ダウンロード中"},"preview-image-title":{"_":"画像プレビュー"},"preview-audio-title":{"_":"音声プレビュー"},"byteUnit-B":{"_":"バイト"},"byteUnit-KB":{"_":"KB"},"byteUnit-MB":{"_":"MB"},"byteUnit-GB":{"_":"GB"}}