{"done":{"_":"រួចរាល់"},"pick-ringtone":{"_":"ជ្រើស​សំឡេង​រោទ៍"},"pick-wallpaper":{"_":"ជ្រើស​ផ្ទាំង​រូបភាព"},"no-installed-ringtones":{"_":"គ្មាន​សំឡេងរោទ៍​ជាប់​សោ​បាន​ដំឡើង"},"no-installed-wallpaper":{"_":"គ្មាន​ផ្ទាំង​រូបភាព​ជាប់សោ​បាន​ដំឡើង"},"ok":{"_":"យល់ព្រម"},"download-button":{"_":"ទាញយក"},"install-button":{"_":"ដំឡើង"},"cancel-button":{"_":"បោះបង់"},"download_error":{"_":"កំហុស​ទាញ​យក"},"install_error":{"_":"កំហុស​ការ​ដំឡើង"},"err_descriptor_download_failed":{"_":"ការ​ទាញយក​បាន​បរាជ័យ ដោយ​សារ​តែ​កំហុស​ម៉ាស៊ីន​មេ។"},"err_bad_descriptor":{"_":"ការ​ទាញ​យក​បាន​បរាជ័យ​ ដោយ​សារ​តែ​កំហុស​ម៉ាស៊ីន​មេ។"},"err_too_big":{"_":"ឯកសារ​ធំ​ពេក​ត្រូវ​ទាញ​យក។"},"err_unsupported_type":{"_":"មេឌៀ​ដែល​បាន​ទិញ​ប្រភេទ​នេះ​មិន​ត្រូវ​បានគាំទ្រ​​លើ​ទូរស័ព្ទ​របស់​អ្នក។"},"err_bad_type":{"_":"ការ​ទាញ​យក​បាន​បរាជ័យ ដោយ​សារ​តែ​កំហុស​ម៉ាស៊ីន​មេ។"},"err_content_download_failed":{"_":"ការ​ទាញយក​បាន​បរាជ័យ ដោយ​សារ​តែ​កំហុស​ម៉ាស៊ីន​មេ។"},"err_bad_drm_message":{"_":"ការទាញ​យក​បាន​បរាជ័យ​ ដោយ​សារ​តែ​កំហុស​ម៉ាស៊ីន​មេ។"},"err_bad_image":{"_":"រូបភាព​បាន​ទាញ​យក​មិន​អាច​បង្ហាញ​លើ​ឧបករណ៍​នេះ​បាន​ទេ។"},"err_bad_audio":{"_":"ឯកសារ​បាន​ទាញ​យក​មិន​អាច​បង្ហាញ​លើ​ឧបករណ៍​នេះ​បាន​ទេ។"},"err_no_space":{"_":"មិន​មាន​ទំហំ​ផ្ទុក​គ្រប់គ្រាន់​លើ​ឧបករណ៍​របស់​អ្នក ដើម្បី​រក្សាទុក​បទ​ចម្រៀង​នេះ។"},"err_no_sdcard":{"_":"មិន​អាច​រក្សាទុកបទ​ចម្រៀង ព្រោះ​មិន​មានកាត​អង្គចងចាំ។"},"err_sdcard_in_use":{"_":"មិន​អាច​រក្សាទុក​បទ​ចម្រៀង ព្រោះ​កាត​អង្គចងចាំ​កំពុង​ប្រើ។ ដក​ទូរស័ព្ទ​របស់​អ្នក ហើយ​ព្យាយាម​ទាញ​យក​ម្ដង​ទៀត។"},"err_ds_save_failure":{"_":"កំហុស​ក្នុងការ​រក្សាទុក​ឯកសារ​មេឌៀ"},"err_db_store_failure":{"_":"កំហុស​ក្នុង​ការ​រក្សាទុ​ឯកសារ​មេឌៀ។"},"success_song":{"_":"បាន​ទាញយក និង​ដំឡើង​បទ​ចម្រៀង។ ប្រើ​កម្មវិធី​តន្ត្រី​ដើម្បី​ចាក់​វា។"},"success_ringtone":{"_":"បានទាញ​យក និង​ដំឡើង​សំឡេង​រោទ៍"},"success_wallpaper":{"_":"បាន​ទាញ​យក និង​ដំឡើង​​ផ្ទាំង​រូបភាព។"},"ringtone-or-song-query":{"_":"តើ​អ្នក​ចង់​ទាញយក និង​ដំឡើង​ឯកសារ​អូឌីយ៉ូ​នេះ​ជា​បទ​ចម្រៀង ឬ​ជា​សំឡេងរោទ៍?"},"ringtone-response":{"_":"សំឡេងរោទ៍"},"song-response":{"_":"បទ​ចម្រៀង"},"download-confirmation-title-song":{"_":"ទាញ​យក​បទ​ចម្រៀង?"},"download-confirmation-title-ringtone":{"_":"ទាញ​យក​សំឡេង​រោទ៍?"},"download-confirmation-title-wallpaper":{"_":"ទាញ​យក​ផ្ទាំង​រូបភាព?"},"downloading-song":{"_":"កំពុង​ទាញយក​បទ​ចម្រៀង..."},"downloading-ringtone":{"_":"កំពុង​ទាញយក​​សំឡេង​រោទ៍..."},"downloading-wallpaper":{"_":"កំពុង​ទាញយក​ផ្ទាំង​រូបភាព..."},"locked-content-advisory":{"_":"{{vendor}} បាន​ទប់ស្កាត់​ឯកសារ​មេឌៀ ដូច្នេះ​វា​មិន​អាច​ត្រូវ​បាន​ចែករំលែក​ជា​មួយ​អ្នកផ្សេង ឬ​ផ្ទេរ​ទៅឧបករណ៍​ថ្មី​បាន​ទេ។"},"locked-content-advisory-generic":{"_":"អ្នក​លក់​បាន​ទប់ស្កាត់​ឯកសារ​មេឌៀ ដូច្នេះ​វា​មិន​អាច​ត្រូវ​បាន​ចែករំលែក​ជា​មួយ​អ្នកផ្សេង ឬ​ផ្ទេរ​ទៅ​ឧករណ៍​ថ្មីបាន​ទេ។"},"download-confirmation-name":{"_":"ឈ្មោះ​"},"download-confirmation-type":{"_":"ប្រភេទ"},"download-confirmation-size":{"_":"ទំហំ"},"download-confirmation-vendor":{"_":"ក្រុមហ៊ុនលក់"},"download-confirmation-description":{"_":"ព័ត៌មាន"},"download-progress-title":{"_":"​ទាញយក"},"preview-image-title":{"_":"មើល​រូបភាព​ជា​មុន"},"preview-audio-title":{"_":"មើល​អូឌីយ៉ូ​ជា​មុន"},"byteUnit-B":{"_":"បៃ"},"byteUnit-KB":{"_":"KB"},"byteUnit-MB":{"_":"MB"},"byteUnit-GB":{"_":"GB"}}