{"done":{"_":"완료"},"pick-ringtone":{"_":"벨소리 선택"},"pick-wallpaper":{"_":"배경화면 선택"},"no-installed-ringtones":{"_":"설치된 잠겨있는 벨소리가 없음"},"no-installed-wallpaper":{"_":"설치된 잠겨있는 배경화면이 없음"},"ok":{"_":"확인"},"download-button":{"_":"다운로드"},"install-button":{"_":"설치"},"cancel-button":{"_":"취소"},"download_error":{"_":"다운로드 오류"},"install_error":{"_":"설치 오류"},"err_descriptor_download_failed":{"_":"서버 오류로 다운로드에 실패하였습니다."},"err_bad_descriptor":{"_":"서버 오류로 다운로드에 실패하였습니다."},"err_too_big":{"_":"다운로드 하게 파일이 너무 큽니다."},"err_unsupported_type":{"_":"이러한 형태의 구매한 미디어는 이 전화기에서 지원하지 않습니다."},"err_bad_type":{"_":"서버 오류로 다운로드에 실패하였습니다."},"err_content_download_failed":{"_":"서버 오류로 다운로드에 실패하였습니다."},"err_bad_drm_message":{"_":"서버 오류로 다운로드에 실패하였습니다."},"err_bad_image":{"_":"이 기기에서 다운로드한 이미지를 표시할 수 없습니다."},"err_bad_audio":{"_":"이 기기에서 다운로드한 파일을 재생할 수 없습니다."},"err_no_space":{"_":"이 기기에 노래를 저장하기 위한 충분한 공간이 없습니다."},"err_no_sdcard":{"_":"메모리 카드가 없어서 노래를 저장할 수 없습니다."},"err_sdcard_in_use":{"_":"메모리 카드가 사용중이어서 노래를 저장할 수 없습니다. 전화기 연결을 해제하고 다시 다운로드 해 주세요."},"err_ds_save_failure":{"_":"미디어를 저장하다 오류가 발생하였습니다."},"err_db_store_failure":{"_":"미디어를 저장하다 오류가 발생하였습니다."},"success_song":{"_":"노래를 다운로드하여 설치하였습니다. 음악 앱을 애용해서 재생하세요."},"success_ringtone":{"_":"벨소리를 다운로드하여 설치하였습니다."},"success_wallpaper":{"_":"배경화면을 다운로드하여 설치하였습니다."},"ringtone-or-song-query":{"_":"오디오 파일을 다운로드하여 노래로 설치하시겠습니까? 아니면 벨소리로 설치하시겠습니까?"},"ringtone-response":{"_":"벨소리"},"song-response":{"_":"노래"},"download-confirmation-title-song":{"_":"노래를 다운로드 하시겠습니까?"},"download-confirmation-title-ringtone":{"_":"벨소리를 다운로드 하시겠습니까?"},"download-confirmation-title-wallpaper":{"_":"배경화면을 다운로드 하시겠습니까?"},"downloading-song":{"_":"노래를 다운로드 하는 중…"},"downloading-ringtone":{"_":"벨소리를 다운로드 하는 중…"},"downloading-wallpaper":{"_":"배경화면을 다운로드 하는 중…"},"locked-content-advisory":{"_":"{{vendor}}에서 이 미디어 파일을 다른 사람과 공유하거나 새 기기로 전송하지 못하도록 제한하였습니다."},"locked-content-advisory-generic":{"_":"판매자가 이 미디어 파일을 다른 사람과 공유하거나 새 기기로 전송하지 못하도록 제한하였습니다."},"download-confirmation-name":{"_":"이름"},"download-confirmation-type":{"_":"형식"},"download-confirmation-size":{"_":"크기"},"download-confirmation-vendor":{"_":"판매자"},"download-confirmation-description":{"_":"정보"},"download-progress-title":{"_":"다운로드중"},"preview-image-title":{"_":"미리보기 이미지"},"preview-audio-title":{"_":"미리보기 오디오"},"byteUnit-B":{"_":"바이트"},"byteUnit-KB":{"_":"KB"},"byteUnit-MB":{"_":"MB"},"byteUnit-GB":{"_":"GB"}}