{"done":{"_":"Atlikta"},"pick-ringtone":{"_":"Pasirinkite skambėjimo toną"},"pick-wallpaper":{"_":"Pasirinkite ekrano foną"},"no-installed-ringtones":{"_":"Nėra įdiegtų užrakintų skambėjimo tonų"},"no-installed-wallpaper":{"_":"Nėra įdiegtų užrakintų ekrano fonų"},"ok":{"_":"Gerai"},"download-button":{"_":"Parsiųsti"},"install-button":{"_":"Įdiegti"},"cancel-button":{"_":"Atsisakyti"},"download_error":{"_":"Parsiuntimo klaida"},"install_error":{"_":"Įdiegimo klaida"},"err_descriptor_download_failed":{"_":"Parsiuntimas nepavyko dėl serverio klaidos."},"err_bad_descriptor":{"_":"Parsiuntimas nepavyko dėl serverio klaidos."},"err_too_big":{"_":"Failas per didelis, jo parsiųsti negalima."},"err_unsupported_type":{"_":"Šio tipo pirkiniai šiame įrenginyje nepalaikomi."},"err_bad_type":{"_":"Parsiuntimas nepavyko dėl serverio klaidos."},"err_content_download_failed":{"_":"Parsiuntimas nepavyko dėl serverio klaidos."},"err_bad_drm_message":{"_":"Parsiuntimas nepavyko dėl serverio klaidos."},"err_bad_image":{"_":"Parsiųsto paveikslo šiame įrenginyje negalima parodyti."},"err_bad_audio":{"_":"Parsiųsto įrašo šiame įrenginyje negalima atkurti."},"err_no_space":{"_":"Jūsų įrenginyje nepakanka vietos šiai dainai įrašyti."},"err_no_sdcard":{"_":"Dainos įrašyti negalima, nes neįdėta atminties kortelė."},"err_sdcard_in_use":{"_":"Dainos įrašyti negalima, nes atminties kortelė naudojama. Atjunkite šį įrenginį nuo kitų ir bandykite dar kartą."},"err_ds_save_failure":{"_":"Klaida įrašant failą."},"err_db_store_failure":{"_":"Klaida įrašant failą."},"success_song":{"_":"Daina parsiųsta ir įdiegta. Jai groti naudokitės Muzikos programa."},"success_ringtone":{"_":"Skambėjimo tonas parsiųstas ir įdiegtas."},"success_wallpaper":{"_":"Ekrano fonas parsiųstas ir įdiegtas."},"ringtone-or-song-query":{"_":"Ar šį garso įrašą norite parsiųsti ir įdiegti kaip dainą, ar kaip skambėjimo toną?"},"ringtone-response":{"_":"Kaip skambėjimo toną"},"song-response":{"_":"Kaip dainą"},"download-confirmation-title-song":{"_":"Parsiųsti dainą?"},"download-confirmation-title-ringtone":{"_":"Parsiųsti skambėjimo toną?"},"download-confirmation-title-wallpaper":{"_":"Parsiųsti ekrano foną?"},"downloading-song":{"_":"Daina parsiunčiama…"},"downloading-ringtone":{"_":"Skambėjimo tonas parsiunčiamas…"},"downloading-wallpaper":{"_":"Ekrano fonas parsiunčiamas…"},"locked-content-advisory":{"_":"„{{vendor}}“ šį failą užrakino, kad juo negalima būtų dalintis su kitais ar perkelti į kitą įrenginį."},"locked-content-advisory-generic":{"_":"Pardavėjas šį failą užrakino, kad juo negalima būtų dalintis su kitais ar perkelti į kitą įrenginį."},"download-confirmation-name":{"_":"Pavadinimas"},"download-confirmation-type":{"_":"Tipas"},"download-confirmation-size":{"_":"Dydis"},"download-confirmation-vendor":{"_":"Pardavėjas"},"download-confirmation-description":{"_":"Informacija"},"download-progress-title":{"_":"Parsiunčiama"},"preview-image-title":{"_":"Peržiūrėti paveikslą"},"preview-audio-title":{"_":"Klausyti įrašo"},"byteUnit-B":{"_":"B"},"byteUnit-KB":{"_":"KB"},"byteUnit-MB":{"_":"MB"},"byteUnit-GB":{"_":"GB"}}