{"done":{"_":"Готово"},"pick-ringtone":{"_":"Изберете мелодија"},"pick-wallpaper":{"_":"Изберете тапет"},"no-installed-ringtones":{"_":"Нема заклучени мелодии"},"no-installed-wallpaper":{"_":"Нема заклучен тапет"},"ok":{"_":"Во ред"},"download-button":{"_":"Преземи"},"install-button":{"_":"Инсталирај"},"cancel-button":{"_":"Откажи"},"download_error":{"_":"Грешка при преземање"},"install_error":{"_":"Грешка при инсталација"},"err_descriptor_download_failed":{"_":"Преземањето не успеа заради грешка на серверот."},"err_bad_descriptor":{"_":"Преземањето не успеа заради грешка на серверот."},"err_too_big":{"_":"Датотеката за преземање е преголема."},"err_unsupported_type":{"_":"Овој тип на купени медии не е поддржан од Вашиот телефон."},"err_bad_type":{"_":"Преземањето не успеа заради грешка на серверот."},"err_content_download_failed":{"_":"Преземањето не успеа заради грешка на серверот."},"err_bad_drm_message":{"_":"Преземањето не успеа заради грешка на серверот."},"err_bad_image":{"_":"Преземената слика не може да се прикаже на овој уред."},"err_bad_audio":{"_":"Преземената датотека не може да се репродуцира на овој уред."},"err_no_space":{"_":"На Вашиот уред нема доволно простор за да се зачуваа оваа песна."},"err_no_sdcard":{"_":"Песната не може да се сними бидејќи нема мемориска картичка."},"err_sdcard_in_use":{"_":"Песната не може да се сними бидејќи мемориската картичка е зафатена. Исклучете го Вашиот телефон и обидете се да ја преземете повторно."},"err_ds_save_failure":{"_":"Грешка при снимањето на медија-датотеката."},"err_db_store_failure":{"_":"Грешка при снимањето на медија-датотеката."},"success_song":{"_":"Песната е преземена и инсталирана. Преслушајте ја во апликацијата Музика."},"success_ringtone":{"_":"Мелодијата е преземена и инсталирана."},"success_wallpaper":{"_":"Тапетот е преземен и инсталиран."},"ringtone-or-song-query":{"_":"Сакате да ја преземете и инсталирате оваа аудио-датотека како песна или како мелодија?"},"ringtone-response":{"_":"Мелодија"},"song-response":{"_":"Песна"},"download-confirmation-title-song":{"_":"Да ја преземам песната?"},"download-confirmation-title-ringtone":{"_":"Да ја преземам мелодијата?"},"download-confirmation-title-wallpaper":{"_":"Да го преземам тапетот?"},"downloading-song":{"_":"Песната се презема…"},"downloading-ringtone":{"_":"Мелодијата се презема…"},"downloading-wallpaper":{"_":"Тапетот се презема…"},"locked-content-advisory":{"_":"Оваа медија-датотека е заклучена од {{vendor}} за да не може да се споделува или пак да се пренесува на нов уред."},"locked-content-advisory-generic":{"_":"Продавачот ја заклучил оваа медија-датотека за да не може да се споделува или пак да се пренесува на нов уред."},"download-confirmation-name":{"_":"Име"},"download-confirmation-type":{"_":"Тип"},"download-confirmation-size":{"_":"Големина"},"download-confirmation-vendor":{"_":"Добавувач"},"download-confirmation-description":{"_":"Опис"},"download-progress-title":{"_":"Преземање"},"preview-image-title":{"_":"Преглед на слика"},"preview-audio-title":{"_":"Преслушување на аудио"},"byteUnit-B":{"_":"бајти"},"byteUnit-KB":{"_":"KB"},"byteUnit-MB":{"_":"MB"},"byteUnit-GB":{"_":"GB"}}