{"done":{"_":"Selesai"},"pick-ringtone":{"_":"Pilih Nada Dering"},"pick-wallpaper":{"_":"Pilih Kertas DInding"},"no-installed-ringtones":{"_":"Tiada Nada Dering Terkunci Dipasang"},"no-installed-wallpaper":{"_":"Tiada Kertas Dingding Terkunci Dipasang"},"ok":{"_":"OK"},"download-button":{"_":"Muat turun"},"install-button":{"_":"Pemasangan"},"cancel-button":{"_":"Batal"},"download_error":{"_":"Muat turun Gagal"},"install_error":{"_":"Ralat Pemasangan"},"err_descriptor_download_failed":{"_":"Muat turun gagal disebabkan ralat pelayan."},"err_bad_descriptor":{"_":"Muat turun gagal disebabkan ralat pelayan."},"err_too_big":{"_":"Fail terlalu besar untuk dimuat turun."},"err_unsupported_type":{"_":"Pembelian media jenis ini tidak disokong pada telefon anda."},"err_bad_type":{"_":"Muat turun gagal disebabkan ralat pelayan."},"err_content_download_failed":{"_":"Muat turun gagal disebabkan ralat pelayan."},"err_bad_drm_message":{"_":"Muat turun gagal disebabkan ralat pelayan."},"err_bad_image":{"_":"Imej muat turun tidak dapat dipaparkan pada peranti ini."},"err_bad_audio":{"_":"Fail dimuat turun tidak dapat dipaparkan pada peranti ini."},"err_no_space":{"_":"Tidak terdapat ruang storan yang mencukupi pada peranti anda untuk menyimpan lagu ini."},"err_no_sdcard":{"_":"Tidak dapat menyimpan lagi disebabkan tiada kad memori."},"err_sdcard_in_use":{"_":"Tidak dapat menyimpan lagu disebabkan kad memori sedang digunakan. Cabut telefon anda dan cuba lagi memuat turun."},"err_ds_save_failure":{"_":"Ralat menyimpan fail media."},"err_db_store_failure":{"_":"Ralat menyimpan fail media."},"success_song":{"_":"Lagu dimut turun dan dipasang. Gunakan app Muzik dan mainkannya."},"success_ringtone":{"_":"Nada dering dimuat turun dan dipasang."},"success_wallpaper":{"_":"Kertas dinding dimuat turun dan dipasang."},"ringtone-or-song-query":{"_":"Adakah anda ingin memuat turun dan memasang fail audio ini sebagai lagu atau nada dering?"},"ringtone-response":{"_":"Nada dering"},"song-response":{"_":"Lagu"},"download-confirmation-title-song":{"_":"Muat turun lagu?"},"download-confirmation-title-ringtone":{"_":"Muat turun nada dering?"},"download-confirmation-title-wallpaper":{"_":"Muat turun kertas dinding?"},"downloading-song":{"_":"Muat turun lagu..."},"downloading-ringtone":{"_":"Memuat turun nada dering…"},"downloading-wallpaper":{"_":"Memuat turun kertas dinding..."},"locked-content-advisory":{"_":"{{vendor}} telah mengunci fail media ini supaya ianya tidak dapat dikongsi atau dipindahkan ke peranti baru yang lain."},"locked-content-advisory-generic":{"_":"Penjual telah mengunci fail media ini supaya ianya tidak dapat dikongsi atau dipindahkan ke peranti baru yang lain."},"download-confirmation-name":{"_":"Nama"},"download-confirmation-type":{"_":"Jenis"},"download-confirmation-size":{"_":"Saiz"},"download-confirmation-vendor":{"_":"Vendor"},"download-confirmation-description":{"_":"Info"},"download-progress-title":{"_":"Memuat turun"},"preview-image-title":{"_":"Pralihat imej"},"preview-audio-title":{"_":"Pralihat audio"},"byteUnit-B":{"_":"bait"},"byteUnit-KB":{"_":"KB"},"byteUnit-MB":{"_":"MB"},"byteUnit-GB":{"_":"GB"}}