{"done":{"_":"गरियो"},"pick-ringtone":{"_":"रिङ्गटोन चयन गर्नुहोस्"},"pick-wallpaper":{"_":"वालपेपर चयन गर्नुहोस्"},"no-installed-ringtones":{"_":"ताल्चा लगाइएको रिङ्गटोनहरु स्थापना गरिएको छैन"},"no-installed-wallpaper":{"_":"ताल्चा लगाइएको वालपेपरहरु स्थापना गरिएको छैन"},"ok":{"_":"ठीक छ"},"download-button":{"_":"डाउनलोड"},"install-button":{"_":"स्थापना गर्नुहोस्"},"cancel-button":{"_":"रद्द गर्नुहोस्"},"download_error":{"_":"डाउनलोड त्रुटि"},"install_error":{"_":"स्थापना त्रुटि"},"err_descriptor_download_failed":{"_":"सर्भर त्रुटीका कारण डाउनलोड असफल भयो ।"},"err_bad_descriptor":{"_":"सर्भरको त्रुटिले गर्दा डाउनलोड असफल भयो।"},"err_too_big":{"_":"डाउनलोडको लागि फाइलको साइज ज्यादै ठूलो भयो।"},"err_unsupported_type":{"_":"यस प्रकारको किनिएको मेडिया तपाईंको फोनमा समर्थन हुँदैन।"},"err_bad_type":{"_":"सर्भरको त्रुटिले गर्दा डाउनलोड असफल भयो।"},"err_content_download_failed":{"_":"सर्भरको त्रुटिले गर्दा डाउनलोड असफल भयो।"},"err_bad_drm_message":{"_":"सर्भरको त्रुटिले गर्दा डाउनलोड असफल भयो।"},"err_bad_image":{"_":"डाउनलोड भएको छवि यस यन्त्रमा प्रदर्शन हुन सक्दैन।"},"err_bad_audio":{"_":"डाउनलोड भएको फाइल यस यन्त्रमा सन्चालन हुन सक्दैन।"},"err_no_space":{"_":"तपाईंको यन्त्रमा यो गीत बचत गर्न पर्याप्त भण्डारण छैन।"},"err_no_sdcard":{"_":"गीत बचत गर्न सकिंदैन किनभने यसमा स्मृति कार्ड छैन।"},"err_sdcard_in_use":{"_":"गीत बचत गर्न सकिंदैन किनभने स्मृति कार्डको प्रयोग भइरहेको छ। तपाईंको जोडिरहेको फोन निकाल्नु होस् र फेरि डाउनलोड गर्न ट्राइ गर्नुहोस्।"},"err_ds_save_failure":{"_":"मेडिया फाइल बचतमा त्रुटि भएको छ ।"},"err_db_store_failure":{"_":"मिडिया फाइल बचत गर्दा त्रुटि !"},"success_song":{"_":"गीत डाउनलोड र स्थापना भईसकेको छ। यसलाई बजाउन सङ्गित अनुप्रयोगको प्रयोग गर्नुहोस् ।"},"success_ringtone":{"_":"रिङ्गटोन डाउनलोड र स्थापना भईसकेको छ ।"},"success_wallpaper":{"_":"वालपेपर डाउनलोड र स्थापना भईसकेको छ ।"},"ringtone-or-song-query":{"_":"तपाईं यो अडियो फाइल कसरी डाउनलोड र स्थापना गर्न चाहनु हुन्छ - गीत वा रिङ्टोन्?"},"ringtone-response":{"_":"रिङ्टोन्"},"song-response":{"_":"गीत"},"download-confirmation-title-song":{"_":"गीत डाउनलोड गर्नुहुन्छ?"},"download-confirmation-title-ringtone":{"_":"रिङ्टोन् डाउनलोड गर्नुहुन्छ?"},"download-confirmation-title-wallpaper":{"_":"वालपेपर डाउनलोड गर्नुहुन्छ?"},"downloading-song":{"_":"गीत डाउनलोड हुँदै छ..."},"downloading-ringtone":{"_":"रिङ्टोन् डाउनलोड हुँदै छ..."},"downloading-wallpaper":{"_":"वालपेपर डाउनलोड हुँदै छ..."},"locked-content-advisory":{"_":"{{vendor}} ले यो मेडिया फाइलमा ताल्चा लगाएको हुनाले यो अरुसगँ बाँड्न वा नायाँ यन्त्रमा स्थानान्तरण गर्न मिल्दैन।"},"locked-content-advisory-generic":{"_":"यो मिडिया फाइल विक्रेताव्दारा ताल्चा लगाइएको छ त्येसैले यो फाइल कसैसंग साझेदारी तथा कुनै नँया यन्त्रलाई हस्तांतरण गर्न मिल्दैन ।"},"download-confirmation-name":{"_":"नाम"},"download-confirmation-type":{"_":"प्रकार"},"download-confirmation-size":{"_":"आकार"},"download-confirmation-vendor":{"_":"बिक्रेता"},"download-confirmation-description":{"_":"जानकारी"},"download-progress-title":{"_":"डाउनलोड हुँदैछ"},"preview-image-title":{"_":"छवि पूर्ववलोकन"},"preview-audio-title":{"_":"अडियो पूर्ववलोकन"},"byteUnit-B":{"_":"बाइट्स"},"byteUnit-KB":{"_":"किलोबाइट"},"byteUnit-MB":{"_":"मेगाबाइट"},"byteUnit-GB":{"_":"गिगाबाइट"}}