{"done":{"_":"Gereed"},"pick-ringtone":{"_":"Beltoon selecteren"},"pick-wallpaper":{"_":"Achtergrond selecteren"},"no-installed-ringtones":{"_":"Geen vergrendelde beltonen geïnstalleerd"},"no-installed-wallpaper":{"_":"Geen vergrendelde achtergrond geïnstalleerd"},"ok":{"_":"OK"},"download-button":{"_":"Downloaden"},"install-button":{"_":"Installeren"},"cancel-button":{"_":"Annuleren"},"download_error":{"_":"Downloadfout"},"install_error":{"_":"Installatiefout"},"err_descriptor_download_failed":{"_":"Het downloaden is mislukt vanwege een serverfout."},"err_bad_descriptor":{"_":"Het downloaden is mislukt vanwege een serverfout."},"err_too_big":{"_":"Bestand is te groot om te downloaden."},"err_unsupported_type":{"_":"Dit type aangeschafte media wordt niet ondersteund op uw telefoon."},"err_bad_type":{"_":"Het downloaden is mislukt vanwege een serverfout."},"err_content_download_failed":{"_":"Het downloaden is mislukt vanwege een serverfout."},"err_bad_drm_message":{"_":"Het downloaden is mislukt vanwege een serverfout."},"err_bad_image":{"_":"De gedownloade afbeelding kan niet op dit apparaat worden weergegeven."},"err_bad_audio":{"_":"Het gedownloade bestand kan niet op dit apparaat worden afgespeeld."},"err_no_space":{"_":"Er is niet genoeg opslagruimte op uw apparaat om dit nummer op te slaan."},"err_no_sdcard":{"_":"Kan nummer niet opslaan, omdat er geen geheugenkaart is."},"err_sdcard_in_use":{"_":"Kan nummer niet opslaan, omdat de geheugenkaart in gebruik is. Ontkoppel uw telefoon en probeer het nogmaals te downloaden."},"err_ds_save_failure":{"_":"Fout bij opslaan van mediabestand."},"err_db_store_failure":{"_":"Fout bij opslaan van mediabestand."},"success_song":{"_":"Nummer gedownload en geïnstalleerd. Gebruik de Muziek-app om het af te spelen."},"success_ringtone":{"_":"Beltoon gedownload en geïnstalleerd."},"success_wallpaper":{"_":"Achtergrond gedownload en geïnstalleerd."},"ringtone-or-song-query":{"_":"Wilt u dit audiobestand als een nummer of als een beltoon downloaden en installeren?"},"ringtone-response":{"_":"Beltoon"},"song-response":{"_":"Nummer"},"download-confirmation-title-song":{"_":"Nummer downloaden?"},"download-confirmation-title-ringtone":{"_":"Beltoon downloaden?"},"download-confirmation-title-wallpaper":{"_":"Achtergrond downloaden?"},"downloading-song":{"_":"Nummer downloaden…"},"downloading-ringtone":{"_":"Beltoon downloaden…"},"downloading-wallpaper":{"_":"Achtergrond downloaden…"},"locked-content-advisory":{"_":"{{vendor}} heeft dit mediabestand vergrendeld, zodat het niet met anderen kan worden gedeeld of naar een nieuw apparaat kan worden overgezet."},"locked-content-advisory-generic":{"_":"De verkoper heeft dit mediabestand vergrendeld, zodat het niet met anderen kan worden gedeeld of naar een nieuw apparaat kan worden overgezet."},"download-confirmation-name":{"_":"Naam"},"download-confirmation-type":{"_":"Type"},"download-confirmation-size":{"_":"Grootte"},"download-confirmation-vendor":{"_":"Leverancier"},"download-confirmation-description":{"_":"Info"},"download-progress-title":{"_":"Downloaden"},"preview-image-title":{"_":"Voorbeeldafbeelding"},"preview-audio-title":{"_":"Voorbeeldweergave"},"byteUnit-B":{"_":"bytes"},"byteUnit-KB":{"_":"KB"},"byteUnit-MB":{"_":"MB"},"byteUnit-GB":{"_":"GB"}}