{"done":{"_":"ਮੁਕੰਮਲ"},"pick-ringtone":{"_":"ਰਿੰਗਟੋਨ ਚੁਣੋ"},"pick-wallpaper":{"_":"ਵਾਲਪੇਪਰ ਚੁਣੋ"},"no-installed-ringtones":{"_":"ਕੋਈ ਲਾਕ ਰਿੰਗਟੋਨ ਇੰਸਟਾਲ ਨਹੀਂ ਹੈ।"},"no-installed-wallpaper":{"_":"ਕੋਈ ਲਾਕ ਵਾਲਪੇਪਰ ਇੰਸਟਾਲ ਨਹੀਂ ਹੈ।"},"ok":{"_":"ਠੀਕ ਹੈ"},"download-button":{"_":"ਡਾਊਨਲੋਡ"},"install-button":{"_":"ਇੰਸਟਾਲ"},"cancel-button":{"_":"ਰੱਦ ਕਰੋ"},"download_error":{"_":"ਡਾਊਨਲੋਡ ਗਲਤੀ"},"install_error":{"_":"ਇੰਸਟਾਲੇਸ਼ਨ ਗਲਤੀ"},"err_descriptor_download_failed":{"_":"ਡਾਊਨਲੋਡ ਫੇਲ੍ਹ ਹੋਇਆ ਹੈ, ਕਿਉਂਕਿ ਸਰਵਰ ਗਲਤ ਹੈ।"},"err_bad_descriptor":{"_":"ਡਾਊਨਲੋਡ ਫੇਲ੍ਹ ਹੋਇਆ ਹੈ, ਕਿਉਂਕਿ ਸਰਵਰ ਗਲਤ ਹੈ।"},"err_too_big":{"_":"ਫਾਇਲ ਡਾਊਨਲੋਡ ਕਰਨ ਲਈ ਬਹੁਤ ਵੱਡੀ ਹੈ।"},"err_unsupported_type":{"_":"This type of purchased media is not supported on your phone."},"err_bad_type":{"_":"ਡਾਊਨਲੋਡ ਫੇਲ੍ਹ ਹੋਇਆ ਹੈ, ਕਿਉਂਕਿ ਸਰਵਰ ਗਲਤੀ ਹੈ।"},"err_content_download_failed":{"_":"ਡਾਊਨਲੋਡ ਫੇਲ੍ਹ ਹੋਇਆ ਹੈ, ਕਿਉਂਕਿ ਸਰਵਰ ਗਲਤੀ ਹੈ।"},"err_bad_drm_message":{"_":"ਡਾਊਨਲੋਡ ਫੇਲ੍ਹ ਹੋਇਆ ਹੈ, ਕਿਉਂਕਿ ਸਰਵਰ ਗਲਤੀ ਹੈ।"},"err_bad_image":{"_":"The downloaded image cannot be displayed on this device."},"err_bad_audio":{"_":"The downloaded file cannot be played on this device."},"err_no_space":{"_":"There is not enough storage space on your device to save this song."},"err_no_sdcard":{"_":"Cannot save song because there is no memory card."},"err_sdcard_in_use":{"_":"Cannot save song because the memory card is in use. Unplug your phone and try downloading again."},"err_ds_save_failure":{"_":"ਮੀਡਿਆ ਫਾਇਲ ਸੰਭਾਲਣ ਲਈ ਗਲਤੀ ਹੈ।"},"err_db_store_failure":{"_":"ਮੀਡਿਆ ਫਾਇਲ ਸੰਭਾਲਣ ਲਈ ਗਲਤੀ ਹੈ।"},"success_song":{"_":"Song downloaded and installed. Use the Music app to play it."},"success_ringtone":{"_":"ਰਿੰਗਟੋਨ ਡਾਊਨਲ ਅਤੇ ਇੰਸਟਾਲ ਕੀਤੀ ਗਈ"},"success_wallpaper":{"_":"ਵਾਲਪੇਪਰ ਡਾਊਨਲੋਡ ਅਤੇ ਇੰਸਟਾਲ ਕੀਤਾ ਗਿਆ।"},"ringtone-or-song-query":{"_":"Do you want to download and install this audio file as a song or as a ringtone?"},"ringtone-response":{"_":"ਰਿੰਗਟੋਨ"},"song-response":{"_":"ਗੀਤ"},"download-confirmation-title-song":{"_":"ਗਾਣਾ ਡਾਊਨਲੋਡ ਕਰਨਾ ਹੈ?"},"download-confirmation-title-ringtone":{"_":"ਰਿੰਗਟੋਨ ਡਾਊਨਲੋਡ ਕਰਨੀ ਹੈ?"},"download-confirmation-title-wallpaper":{"_":"ਵਾਲਪੇਪਰ ਡਾਊਨਲੋਡ ਕਰਨਾ ਹੈ?"},"downloading-song":{"_":"…ਗਾਣਾ ਡਾਊਨਲੋਡ ਕੀਤਾ ਜਾ ਰਿਹਾ ਹੈ"},"downloading-ringtone":{"_":"…ਰਿੰਗਟੋਨ ਡਾਊਨਲੋਡ ਕੀਤੀ ਜਾ ਰਹੀ ਹੈ"},"downloading-wallpaper":{"_":"…ਵਾਲਪੇਪਰ ਡਾਊਨਲੋਡ ਕੀਤਾ ਜਾ ਰਿਹਾ ਹੈ"},"locked-content-advisory":{"_":"{{vendor}} ਨੇ ਇਹ ਮੀਡਿਆ ਲਾਕ ਕੀਤਾ ਹੈ ਤਾਂ ਕਿ ਇਸ ਨੂੰ ਹੋਰ ਨਾਲ ਸਾਂਝਾ ਜਾਂ ਨਵੇਂ ਯੰਤਰ ਉੱਤੇ ਟਰਾਂਸਫਰ ਨਾ ਕੀਤਾ ਜਾਵੇ।"},"locked-content-advisory-generic":{"_":"ਵਿਕਰੇਤਾ ਨੇ ਇਹ ਮੀਡਿਆ ਲਾਕ ਕੀਤਾ ਹੈ ਤਾਂ ਕਿ ਇਸ ਨੂੰ ਹੋਰ ਨਾਲ ਸਾਂਝਾ ਜਾਂ ਨਵੇਂ ਯੰਤਰ ਉੱਤੇ ਟਰਾਂਸਫਰ ਨਾ ਕੀਤਾ ਜਾਵੇ।"},"download-confirmation-name":{"_":"ਨਾਂ"},"download-confirmation-type":{"_":"ਕਿਸਮ"},"download-confirmation-size":{"_":"ਆਕਾਰ"},"download-confirmation-vendor":{"_":"ਵੇਂਡਰ"},"download-confirmation-description":{"_":"ਜਾਣਕਾਰੀ"},"download-progress-title":{"_":"ਡਾਊਨਲੋਡ ਜਾਰੀ"},"preview-image-title":{"_":"ਚਿੱਤਰ ਝਲਕ"},"preview-audio-title":{"_":"ਆਡੀਓ ਝਲਕ"},"byteUnit-B":{"_":"ਬਾਈਟ"},"byteUnit-KB":{"_":"KB"},"byteUnit-MB":{"_":"MB"},"byteUnit-GB":{"_":"GB"}}