{"done":{"_":"Gotowe"},"pick-ringtone":{"_":"Wybierz dzwonek"},"pick-wallpaper":{"_":"Wybierz tło ekranu"},"no-installed-ringtones":{"_":"Brak zainstalowanych zablokowanych dzwonków"},"no-installed-wallpaper":{"_":"Brak zainstalowanych zablokowanych teł ekranu"},"ok":{"_":"OK"},"download-button":{"_":"Pobierz"},"install-button":{"_":"Zainstaluj"},"cancel-button":{"_":"Anuluj"},"download_error":{"_":"Błąd pobierania"},"install_error":{"_":"Błąd instalowania"},"err_descriptor_download_failed":{"_":"Pobieranie nie powiodło się z powodu błędu serwera."},"err_bad_descriptor":{"_":"Pobieranie nie powiodło się z powodu błędu serwera."},"err_too_big":{"_":"Zbyt duży plik, aby go pobrać."},"err_unsupported_type":{"_":"Ten typ zakupionej treści nie jest obsługiwany na tym telefonie."},"err_bad_type":{"_":"Pobieranie nie powiodło się z powodu błędu serwera."},"err_content_download_failed":{"_":"Pobieranie nie powiodło się z powodu błędu serwera."},"err_bad_drm_message":{"_":"Pobieranie nie powiodło się z powodu błędu serwera."},"err_bad_image":{"_":"Pobrany obrazek nie może zostać wyświetlony na tym urządzeniu."},"err_bad_audio":{"_":"Pobrany plik nie może zostać odtworzony na tym urządzeniu."},"err_no_space":{"_":"Zbyt mało miejsca na tym urządzeniu, aby zapisać tę piosenkę."},"err_no_sdcard":{"_":"Nie można zapisać piosenki, ponieważ nie ma karty pamięci."},"err_sdcard_in_use":{"_":"Nie można zapisać piosenki, ponieważ karta pamięci jest wykorzystywana. Odepnij telefon i spróbuj pobrać ponownie."},"err_ds_save_failure":{"_":"Błąd zapisywania pliku."},"err_db_store_failure":{"_":"Błąd zapisywania pliku."},"success_song":{"_":"Piosenka pobrana i zainstalowana. Użyj aplikacji „Muzyka”, aby ją odtworzyć."},"success_ringtone":{"_":"Dzwonek pobrany i zainstalowany."},"success_wallpaper":{"_":"Tło ekranu pobrane i zainstalowane."},"ringtone-or-song-query":{"_":"Pobrać i zainstalować ten plik audio jako dzwonek czy jako piosenkę?"},"ringtone-response":{"_":"Dzwonek"},"song-response":{"_":"Piosenka"},"download-confirmation-title-song":{"_":"Pobrać piosenkę?"},"download-confirmation-title-ringtone":{"_":"Pobrać dzwonek?"},"download-confirmation-title-wallpaper":{"_":"Pobrać tło ekranu?"},"downloading-song":{"_":"Pobieranie piosenki…"},"downloading-ringtone":{"_":"Pobieranie dzwonka…"},"downloading-wallpaper":{"_":"Pobieranie tła ekranu…"},"locked-content-advisory":{"_":"Udostępnianie i przenoszenie tego pliku na inne urządzenia zostało zablokowane przez {{vendor}}."},"locked-content-advisory-generic":{"_":"Udostępnianie i przenoszenie tego pliku na inne urządzenia zostało zablokowane przez sprzedawcę."},"download-confirmation-name":{"_":"Nazwa"},"download-confirmation-type":{"_":"Typ"},"download-confirmation-size":{"_":"Rozmiar"},"download-confirmation-vendor":{"_":"Dostawca"},"download-confirmation-description":{"_":"Informacja"},"download-progress-title":{"_":"Pobieranie"},"preview-image-title":{"_":"Podgląd obrazka"},"preview-audio-title":{"_":"Odtwarzanie pliku audio"},"byteUnit-B":{"_":"B"},"byteUnit-KB":{"_":"KB"},"byteUnit-MB":{"_":"MB"},"byteUnit-GB":{"_":"GB"}}