{"done":{"_":"Concluído"},"pick-ringtone":{"_":"Selecione um toque de chamadas"},"pick-wallpaper":{"_":"Selecione um papel de parede"},"no-installed-ringtones":{"_":"Nenhum toque de chamada bloqueado instalado"},"no-installed-wallpaper":{"_":"Nenhum papel de parede bloqueado instalado"},"ok":{"_":"OK"},"download-button":{"_":"Download"},"install-button":{"_":"Instalar"},"cancel-button":{"_":"Cancelar"},"download_error":{"_":"Erro no download"},"install_error":{"_":"Erro na instalação"},"err_descriptor_download_failed":{"_":"O download falhou devido a um erro no servidor."},"err_bad_descriptor":{"_":"O download falhou devido a um erro no servidor."},"err_too_big":{"_":"O download falhou pois o arquivo é muito grande."},"err_unsupported_type":{"_":"Esse tipo de mídia não é suportado pelo seu dispositivo."},"err_bad_type":{"_":"O download falhou devido a um erro no servidor."},"err_content_download_failed":{"_":"O download falhou devido a um erro no servidor."},"err_bad_drm_message":{"_":"O download falhou devido a um erro no servidor."},"err_bad_image":{"_":"A imagem baixada não pode ser exibida nesse dispositivo."},"err_bad_audio":{"_":"O arquivo baixado não pode ser exibido nesse dispositivo."},"err_no_space":{"_":"Não há espaço suficiente no seu dispositivo para salvar essa música."},"err_no_sdcard":{"_":"Não foi possível salvar essa música pois não há um cartão de memória presente."},"err_sdcard_in_use":{"_":"Não foi possível salvar essa música porque o cartão de memória está em uso. Desconecte seu telefone do computador e tente novamente."},"err_ds_save_failure":{"_":"Erro ao salvar arquivo."},"err_db_store_failure":{"_":"Erro ao salvar arquivo."},"success_song":{"_":"Música baixada e instalada. Use o aplicativo Música para reproduzi-la."},"success_ringtone":{"_":"Toque de chamadas baixado e instalado."},"success_wallpaper":{"_":"Papel de parede baixado e instalado."},"ringtone-or-song-query":{"_":"Você desenha baixar e instalar esse arquivo de áudio como uma música ou toque de chamada?"},"ringtone-response":{"_":"Toque de chamada"},"song-response":{"_":"Música"},"download-confirmation-title-song":{"_":"Baixar música?"},"download-confirmation-title-ringtone":{"_":"Baixar toque de chamada?"},"download-confirmation-title-wallpaper":{"_":"Baixar papel de parede?"},"downloading-song":{"_":"Baixando música…"},"downloading-ringtone":{"_":"Baixando toque de chamada…"},"downloading-wallpaper":{"_":"Baixando papel de parede…"},"locked-content-advisory":{"_":"{{vendor}} bloqueou esse arquivo de forma com que ele não possa ser compartilhado com outros ou transferido para outro dispositivo."},"locked-content-advisory-generic":{"_":"O vendedor bloqueou esse arquivo de forma com que ele não possa ser compartilhado com outros ou transferido para outro dispositivo."},"download-confirmation-name":{"_":"Nome"},"download-confirmation-type":{"_":"Tipo"},"download-confirmation-size":{"_":"Tamanho"},"download-confirmation-vendor":{"_":"Vendedor"},"download-confirmation-description":{"_":"Informações"},"download-progress-title":{"_":"Baixando"},"preview-image-title":{"_":"Pré-visualizer imagem"},"preview-audio-title":{"_":"Pré-visualizer áudio"},"byteUnit-B":{"_":"bytes"},"byteUnit-KB":{"_":"KB"},"byteUnit-MB":{"_":"MB"},"byteUnit-GB":{"_":"GB"}}