{"done":{"_":"Gata"},"pick-ringtone":{"_":"Selectează tonul"},"pick-wallpaper":{"_":"Selectează fundalul"},"no-installed-ringtones":{"_":"Niciun ton blocat instalat"},"no-installed-wallpaper":{"_":"Niciun fundal blocat instalat"},"ok":{"_":"Ok"},"download-button":{"_":"Descarcă"},"install-button":{"_":"Instalează"},"cancel-button":{"_":"Renunță"},"download_error":{"_":"Eroare la descărcare"},"install_error":{"_":"Eroare la instalare"},"err_descriptor_download_failed":{"_":"Descărcarea a eșuat din cauza unei erori a serverului."},"err_bad_descriptor":{"_":"Descărcarea a eșuat din cauza unei erori a serverului."},"err_too_big":{"_":"Fișierul este prea mare pentru descărcare."},"err_unsupported_type":{"_":"Acest tip de media achiziționat nu este suportat pe telefon."},"err_bad_type":{"_":"Descărcarea a eșuat din cauza unei erori a serverului."},"err_content_download_failed":{"_":"Descărcarea a eșuat din cauza unei erori a serverului."},"err_bad_drm_message":{"_":"Descărcarea a eșuat din cauza unei erori a serverului."},"err_bad_image":{"_":"Imaginea descărcată nu poate fi afișată pe dispozitiv."},"err_bad_audio":{"_":"Fișierul descărcat nu poate fi redat pe dispozitiv."},"err_no_space":{"_":"Nu există suficient spațiu de stocare pe dispozitiv pentru a salva acest cântec."},"err_no_sdcard":{"_":"Nu se poate salva cântecul deoarece nu există card de memorie."},"err_sdcard_in_use":{"_":"Nu se poate salva cântectul deoarece cardul de memorie este în uz. Deconectează telefonul și încearcă descărcarea din nou."},"err_ds_save_failure":{"_":"Eroare la salvarea fișierului media."},"err_db_store_failure":{"_":"Eroare la salvarea fișierului media."},"success_song":{"_":"Cântec descărcat și instalat. Folosește aplicația Muzică pentru a-l reda."},"success_ringtone":{"_":"Ton de apel descărcat și instalat."},"success_wallpaper":{"_":"Imagine de fundal descărcată și instalată."},"ringtone-or-song-query":{"_":"Dorești să descarci și să instalezi acest fișier audio ca cântec sau ca ton de apel?"},"ringtone-response":{"_":"Ton de apel"},"song-response":{"_":"Cântec"},"download-confirmation-title-song":{"_":"Descarci cântecul?"},"download-confirmation-title-ringtone":{"_":"Descarci tonul de apel?"},"download-confirmation-title-wallpaper":{"_":"Descarci imaginea de fundal?"},"downloading-song":{"_":"Se descarcă cântecul…"},"downloading-ringtone":{"_":"Se descarcă tonul de apel…"},"downloading-wallpaper":{"_":"Se descarcă imaginea de fundal…"},"locked-content-advisory":{"_":"{{vendor}} a blocat acest fișier media astfel încât să nu poată fi împărtășit cu alții sau transferat către un dispozitiv nou."},"locked-content-advisory-generic":{"_":"Vânzătorul a blocat acest fișier media astfel încât să nu poată fi împărtășit cu alții sau transferat către un dispozitiv nou."},"download-confirmation-name":{"_":"Nume"},"download-confirmation-type":{"_":"Tip"},"download-confirmation-size":{"_":"Mărime"},"download-confirmation-vendor":{"_":"Producător"},"download-confirmation-description":{"_":"Informații"},"download-progress-title":{"_":"Se descarcă"},"preview-image-title":{"_":"Previzualizează imaginea"},"preview-audio-title":{"_":"Previzualizează audio"},"byteUnit-B":{"_":"bytes"},"byteUnit-KB":{"_":"KB"},"byteUnit-MB":{"_":"MB"},"byteUnit-GB":{"_":"GB"}}