{"done":{"_":"Готово"},"pick-ringtone":{"_":"Выбрать мелодию"},"pick-wallpaper":{"_":"Выбрать обои"},"no-installed-ringtones":{"_":"Защищённые от копирования мелодии не установлены"},"no-installed-wallpaper":{"_":"Защищённые от копирования обои не установлены"},"ok":{"_":"OK"},"download-button":{"_":"Загрузить"},"install-button":{"_":"Установить"},"cancel-button":{"_":"Отмена"},"download_error":{"_":"Ошибка загрузки"},"install_error":{"_":"Ошибка установки"},"err_descriptor_download_failed":{"_":"Загрузка не удалась из-за ошибки сервера."},"err_bad_descriptor":{"_":"Загрузка не удалась из-за ошибки сервера."},"err_too_big":{"_":"Размер загружаемого файла превышает максимальный."},"err_unsupported_type":{"_":"Этот тип купленного медиа не поддерживается на вашем телефоне."},"err_bad_type":{"_":"Загрузка не удалась из-за ошибки сервера."},"err_content_download_failed":{"_":"Загрузка не удалась из-за ошибки сервера."},"err_bad_drm_message":{"_":"Загрузка не удалась из-за ошибки сервера."},"err_bad_image":{"_":"Загруженное изображение не может быть просмотрено на этом устройстве."},"err_bad_audio":{"_":"Загруженный файл не может быть воспроизведен на этом устройстве."},"err_no_space":{"_":"Для сохранения этой песни на вашем устройстве недостаточно свободной памяти."},"err_no_sdcard":{"_":"Не могу сохранить песню так как отсутствует карта памяти."},"err_sdcard_in_use":{"_":"Не могу сохранить песню так как карта памяти сейчас занята. Отсоедините ваш телефон и попробуйте загрузить снова."},"err_ds_save_failure":{"_":"Ошибка сохранения медиафайла."},"err_db_store_failure":{"_":"Ошибка сохранения медиафайла."},"success_song":{"_":"Песня загружена и установлена. Для её проигрывания используйте приложение Музыка."},"success_ringtone":{"_":"Мелодия загружена и установлена."},"success_wallpaper":{"_":"Обои загружены и установлены."},"ringtone-or-song-query":{"_":"Вы хотите загрузить и установить этот аудиофайл в качестве песни или мелодии?"},"ringtone-response":{"_":"Мелодия"},"song-response":{"_":"Песня"},"download-confirmation-title-song":{"_":"Загрузить песню?"},"download-confirmation-title-ringtone":{"_":"Загрузить мелодию?"},"download-confirmation-title-wallpaper":{"_":"Загрузить обои?"},"downloading-song":{"_":"Загрузка песни…"},"downloading-ringtone":{"_":"Загрузка мелодии…"},"downloading-wallpaper":{"_":"Загрузка обоев…"},"locked-content-advisory":{"_":"{{vendor}} защитил этот медиафайл от копирования, чтобы им нельзя было поделиться с другими или перенести на новое устройство."},"locked-content-advisory-generic":{"_":"Продавец защитил этот медиафайл от копирования, чтобы им нельзя было поделиться с другими или перенести на новое устройство."},"download-confirmation-name":{"_":"Имя"},"download-confirmation-type":{"_":"Тип"},"download-confirmation-size":{"_":"Размер"},"download-confirmation-vendor":{"_":"Поставщик"},"download-confirmation-description":{"_":"Инфо"},"download-progress-title":{"_":"Загрузка"},"preview-image-title":{"_":"Предпросмотр изображения"},"preview-audio-title":{"_":"Предпросмотр аудио"},"byteUnit-B":{"_":"байт"},"byteUnit-KB":{"_":"КБ"},"byteUnit-MB":{"_":"МБ"},"byteUnit-GB":{"_":"ГБ"}}