{"done":{"_":"Hotovo"},"pick-ringtone":{"_":"Zvoľte si zvonenie"},"pick-wallpaper":{"_":"Zvoľte si tapetu"},"no-installed-ringtones":{"_":"Nie sú nainštalované žiadne zamknuté zvonenia"},"no-installed-wallpaper":{"_":"Nie sú nainštalované žiadne zamknuté tapety"},"ok":{"_":"OK"},"download-button":{"_":"Prevziať"},"install-button":{"_":"Nainštalovať"},"cancel-button":{"_":"Zrušiť"},"download_error":{"_":"Chyba pri preberaní"},"install_error":{"_":"Chyba pri inštalácii"},"err_descriptor_download_failed":{"_":"Pri preberaní súboru sa vyskytla chyba servera."},"err_bad_descriptor":{"_":"Preberanie zlyhalo kvôli chybe servera."},"err_too_big":{"_":"Súbor je príliš veľký, nie je možné ho prevziať."},"err_unsupported_type":{"_":"Tento typ média nie je vo vašom telefóne podporovaný."},"err_bad_type":{"_":"Preberanie zlyhalo kvôli chybe servera."},"err_content_download_failed":{"_":"Preberanie zlyhalo kvôli chybe servera."},"err_bad_drm_message":{"_":"Preberanie zlyhalo kvôli chybe servera."},"err_bad_image":{"_":"Prevzatý obrázok nie je možné zobraziť na tomto zariadení."},"err_bad_audio":{"_":"Prevzatý súbor nie je možné prehrať na tomto zariadení."},"err_no_space":{"_":"Na uloženie tejto skladby nie je dostatok voľného miesta v úložisku."},"err_no_sdcard":{"_":"Skladbu nie je možné uložiť, pretože nie je dostupná žiadna pamäťová karta."},"err_sdcard_in_use":{"_":"Skladbu nie je možné uložiť, pretože pamäťová karta sa práve používa. Odpojte telefón a skúste to znova."},"err_ds_save_failure":{"_":"Chyba pri ukladaní súboru média."},"err_db_store_failure":{"_":"Chyba pri ukladaní súboru média."},"success_song":{"_":"Skladba bola prevzatá a nainštalovaná. Prehráte ju pomocou aplikácie Hudba."},"success_ringtone":{"_":"Zvonenie bolo prevzaté a nainštalované."},"success_wallpaper":{"_":"Tapeta bola prevzatá a nainštalovaná."},"ringtone-or-song-query":{"_":"Chcete tento zvukový súbor prevziať a nainštalovať ako skladbu alebo ako zvonenie?"},"ringtone-response":{"_":"Zvonenie"},"song-response":{"_":"Skladba"},"download-confirmation-title-song":{"_":"Prevziať skladbu?"},"download-confirmation-title-ringtone":{"_":"Prevziať zvonenie?"},"download-confirmation-title-wallpaper":{"_":"Prevziať tapetu?"},"downloading-song":{"_":"Preberá sa skladba…"},"downloading-ringtone":{"_":"Preberá sa zvonenie…"},"downloading-wallpaper":{"_":"Preberá sa tapeta…"},"locked-content-advisory":{"_":"Predávajúci ({{vendor}}) uzamkol tento súbor s médiom, takže ho nie je možné zdieľať s ostatnými ani preniesť do iného zariadenia."},"locked-content-advisory-generic":{"_":"Predávajúci uzamkol tento súbor s médiom, takže ho nie je možné zdieľať s ostatnými ani preniesť do iného zariadenia."},"download-confirmation-name":{"_":"Názov"},"download-confirmation-type":{"_":"Typ"},"download-confirmation-size":{"_":"Veľkosť"},"download-confirmation-vendor":{"_":"Spoločnosť"},"download-confirmation-description":{"_":"Informácie"},"download-progress-title":{"_":"Preberá sa"},"preview-image-title":{"_":"Ukážka obrázka"},"preview-audio-title":{"_":"Ukážka zvuku"},"byteUnit-B":{"_":"bajtov"},"byteUnit-KB":{"_":"kB"},"byteUnit-MB":{"_":"MB"},"byteUnit-GB":{"_":"GB"}}