{"done":{"_":"U bë"},"pick-ringtone":{"_":"Përzgjidhni Zile"},"pick-wallpaper":{"_":"Përzgjidhni Sfond"},"no-installed-ringtones":{"_":"Pa Zile të Kyçura të Instaluara"},"no-installed-wallpaper":{"_":"Pa Sfonde të Kyçyr të Instaluar"},"ok":{"_":"OK"},"download-button":{"_":"Shkarkoje"},"install-button":{"_":"Instaloje"},"cancel-button":{"_":"Anuloje"},"download_error":{"_":"Gabim Shkarkimi"},"install_error":{"_":"Gabim Instalimi"},"err_descriptor_download_failed":{"_":"Shkarkimi dështoi për shkak të një gabimi shërbyesi."},"err_bad_descriptor":{"_":"Shkarkimi dështoi për shkak të një gabimi shërbyesi"},"err_too_big":{"_":"Kartela është shumë e madhe për shkarkim."},"err_unsupported_type":{"_":"Ky lloj media të blerë nuk mbulohet në telefonin tuaj."},"err_bad_type":{"_":"Shkarkimi dështoi për shkak të një gabimi shërbyesi."},"err_content_download_failed":{"_":"Shkarkimi dështoi për shkak të një gabimi shërbyesi."},"err_bad_drm_message":{"_":"Shkarkimi dështoi për shkak të një gabimi shërbyesi."},"err_bad_image":{"_":"Figura e shkarkuar nuk shfaqet dot në këtë pajisje."},"err_bad_audio":{"_":"Kartela e shkarkuar nuk luhet dot në këtë pajisje."},"err_no_space":{"_":"Nuk ka vend të mjaftueshëm depozitimi në pajisjen tuaj që të ruhet kjo këngë."},"err_no_sdcard":{"_":"Nuk ruhet dot kënga, ngaqë nuk ka kartë kujtese."},"err_sdcard_in_use":{"_":"Nuk ruhet dot kënga, ngaqë karta e kujtesës po përdoret. Shkëputeni telefonin dhe provoni ta shkarkoni sërish."},"err_ds_save_failure":{"_":"Gabim në ruajtjen e kartelës media."},"err_db_store_failure":{"_":"Gabim në ruajtjen e kartelës media."},"success_song":{"_":"Kënga u shkarkua dhe u instalua. Përdorni zbatimin e Muzikës që ta luani."},"success_ringtone":{"_":"Zilja u shkarkua dhe u instalua."},"success_wallpaper":{"_":"Sfondi u shkarkua dhe u instalua."},"ringtone-or-song-query":{"_":"Doni të shkarkohet dhe instalohet kjo kartelë audio si këngë apo si zile?"},"ringtone-response":{"_":"Zile"},"song-response":{"_":"Këngë"},"download-confirmation-title-song":{"_":"Të shkarkohet kënga?"},"download-confirmation-title-ringtone":{"_":"Të shkarkohet zilja?"},"download-confirmation-title-wallpaper":{"_":"Të shkarkohet sfondi?"},"downloading-song":{"_":"Po shkarkohet kënga…"},"downloading-ringtone":{"_":"Po shkarkohet zilja…"},"downloading-wallpaper":{"_":"Po shkarkohet sfondi…"},"locked-content-advisory":{"_":"{{vendor}} e ka kyçur këtë kartelë media që ajo të mos ndahet me të tjerë apo të shpërngulet në një pajisje të re."},"locked-content-advisory-generic":{"_":"Tregtuesi e ka kyçur këtë kartelë media që ajo të mos ndahet me të tjerë apo të shpërngulet në një pajisje të re."},"download-confirmation-name":{"_":"Emër"},"download-confirmation-type":{"_":"Lloj"},"download-confirmation-size":{"_":"Madhësi"},"download-confirmation-vendor":{"_":"Tregtues"},"download-confirmation-description":{"_":"Të dhëna"},"download-progress-title":{"_":"Shkarkim"},"preview-image-title":{"_":"Paraparje figure"},"preview-audio-title":{"_":"Paradëgjim audioje"},"byteUnit-B":{"_":"bajte"},"byteUnit-KB":{"_":"KB"},"byteUnit-MB":{"_":"MB"},"byteUnit-GB":{"_":"GB"}}