{"done":{"_":"Завршено"},"pick-ringtone":{"_":"Изабери мелодију"},"pick-wallpaper":{"_":"Изабери позадинску слику"},"no-installed-ringtones":{"_":"Нема инсталираних закључаних мелодија"},"no-installed-wallpaper":{"_":"Нема инсталираних закључаних позадинских слика"},"ok":{"_":"У реду"},"download-button":{"_":"Преузми"},"install-button":{"_":"Инсталирај"},"cancel-button":{"_":"Откажи"},"download_error":{"_":"Грешка при преузимању"},"install_error":{"_":"Грешка при инсталацији"},"err_descriptor_download_failed":{"_":"Преузимање није успело због грешке на серверу."},"err_bad_descriptor":{"_":"Преузимање није успело због грешке на серверу."},"err_too_big":{"_":"Датотека је превелика за преузимање."},"err_unsupported_type":{"_":"Ова врста купљеног медија није подржан на Вашем телефону."},"err_bad_type":{"_":"Преузимање није успело због грешке на серверу."},"err_content_download_failed":{"_":"Преузимање није успело због грешке на серверу."},"err_bad_drm_message":{"_":"Преузимање није успело због грешке на серверу."},"err_bad_image":{"_":"Преузета слика не може бити приказана на овом уређају."},"err_bad_audio":{"_":"Преузета датотека не може бити приказана на овом уређају."},"err_no_space":{"_":"Нема довољно места на Вашем уређају да би се могла сачувати ова песма."},"err_no_sdcard":{"_":"Песма се не може сачувати јер нема меморијске картице."},"err_sdcard_in_use":{"_":"Песма се не може сачувати јер је меморијска картица тренутно у употреби. Ископчајте телефон и покушајте поново да преузмете песму."},"err_ds_save_failure":{"_":"Грешка током чувања мултимедијалне датотеке."},"err_db_store_failure":{"_":"Грешка током чувања мултимедијалне датотеке."},"success_song":{"_":"Песма је преузета и инсталирана. Да би је преслушали, покрените апликацију Музика."},"success_ringtone":{"_":"Мелодија је преузета и инсталирана."},"success_wallpaper":{"_":"Позадинска слика је преузета и инсталирана."},"ringtone-or-song-query":{"_":"Да ли желите да преузмете и инсталирате ову аудио датотеку као песму или мелодију?"},"ringtone-response":{"_":"Мелодију"},"song-response":{"_":"Песму"},"download-confirmation-title-song":{"_":"Преузети песму?"},"download-confirmation-title-ringtone":{"_":"Преузети мелодију?"},"download-confirmation-title-wallpaper":{"_":"Преузети позадинску слику?"},"downloading-song":{"_":"Преузимање песме…"},"downloading-ringtone":{"_":"Преузимање мелодије…"},"downloading-wallpaper":{"_":"Преузимање позадинске слике…"},"locked-content-advisory":{"_":"{{vendor}} је закључао ову мултимедијалну датотеку да се не би могла делити са другима или пренети на нови уређај."},"locked-content-advisory-generic":{"_":"Продавац је закључао ову мултимедијалну датотеку да се не би могла делити са другима или пренети на нови уређај."},"download-confirmation-name":{"_":"Назив"},"download-confirmation-type":{"_":"Врста"},"download-confirmation-size":{"_":"Величина"},"download-confirmation-vendor":{"_":"Продавац"},"download-confirmation-description":{"_":"Информације"},"download-progress-title":{"_":"Преузимање"},"preview-image-title":{"_":"Преглед слике"},"preview-audio-title":{"_":"Преглед аудиa"},"byteUnit-B":{"_":"бајта"},"byteUnit-KB":{"_":"KB"},"byteUnit-MB":{"_":"MB"},"byteUnit-GB":{"_":"GB"}}