{"done":{"_":"Završeno"},"pick-ringtone":{"_":"Izaberi melodiju"},"pick-wallpaper":{"_":"Izaberi pozadinsku sliku"},"no-installed-ringtones":{"_":"Nema instaliranih zaključanih melodija"},"no-installed-wallpaper":{"_":"Nema instaliranih zaključanih pozadinskih slika"},"ok":{"_":"U redu"},"download-button":{"_":"Preuzmi"},"install-button":{"_":"Instaliraj"},"cancel-button":{"_":"Otkaži"},"download_error":{"_":"Greška pri preuzimanju"},"install_error":{"_":"Greška pri instalaciji"},"err_descriptor_download_failed":{"_":"Preuzimanje nije uspelo zbog greške na serveru."},"err_bad_descriptor":{"_":"Preuzimanje nije uspelo zbog greške na serveru."},"err_too_big":{"_":"Datoteka je prevelika za preuzimanje."},"err_unsupported_type":{"_":"Ova vrsta kupljenog medija nije podržan na Vašem telefonu."},"err_bad_type":{"_":"Preuzimanje nije uspelo zbog greške na serveru."},"err_content_download_failed":{"_":"Preuzimanje nije uspelo zbog greške na serveru."},"err_bad_drm_message":{"_":"Preuzimanje nije uspelo zbog greške na serveru."},"err_bad_image":{"_":"Preuzeta slika ne može biti prikazana na ovom uređaju."},"err_bad_audio":{"_":"Preuzeta datoteka ne može biti prikazana na ovom uređaju."},"err_no_space":{"_":"Nema dovoljno mesta na Vašem uređaju da bi se mogla sačuvati ova pesma."},"err_no_sdcard":{"_":"Pesma se ne može sačuvati jer nema memorijske kartice."},"err_sdcard_in_use":{"_":"Pesma se ne može sačuvati jer je memorijska kartica trenutno u upotrebi. Iskopčajte telefon i pokušajte ponovo da preuzmete pesmu."},"err_ds_save_failure":{"_":"Greška tokom čuvanja multimedijalne datoteke."},"err_db_store_failure":{"_":"Greška tokom čuvanja multimedijalne datoteke."},"success_song":{"_":"Pesma je preuzeta i instalirana. Da bi je preslušali, pokrenite aplikaciju Muzika."},"success_ringtone":{"_":"Melodija je preuzeta i instalirana."},"success_wallpaper":{"_":"Pozadinska slika je preuzeta i instalirana."},"ringtone-or-song-query":{"_":"Da li želite da preuzmete i instalirate ovu audio datoteku kao pesmu ili melodiju?"},"ringtone-response":{"_":"Melodiju"},"song-response":{"_":"Pesmu"},"download-confirmation-title-song":{"_":"Preuzeti pesmu?"},"download-confirmation-title-ringtone":{"_":"Preuzeti melodiju?"},"download-confirmation-title-wallpaper":{"_":"Preuzeti pozadinsku sliku?"},"downloading-song":{"_":"Preuzimanje pesme…"},"downloading-ringtone":{"_":"Preuzimanje melodije…"},"downloading-wallpaper":{"_":"Preuzimanje pozadinske slike…"},"locked-content-advisory":{"_":"{{vendor}} je zaključao ovu multimedijalnu datoteku da se ne bi mogla deliti sa drugima ili preneti na novi uređaj."},"locked-content-advisory-generic":{"_":"Prodavac je zaključao ovu multimedijalnu datoteku da se ne bi mogla deliti sa drugima ili preneti na novi uređaj."},"download-confirmation-name":{"_":"Naziv"},"download-confirmation-type":{"_":"Vrsta"},"download-confirmation-size":{"_":"Veličina"},"download-confirmation-vendor":{"_":"Prodavac"},"download-confirmation-description":{"_":"Informacije"},"download-progress-title":{"_":"Preuzimanje"},"preview-image-title":{"_":"Pregled slike"},"preview-audio-title":{"_":"Pregled audia"},"byteUnit-B":{"_":"bajta"},"byteUnit-KB":{"_":"KB"},"byteUnit-MB":{"_":"MB"},"byteUnit-GB":{"_":"GB"}}