{"done":{"_":"Klar"},"pick-ringtone":{"_":"Välj ringsignal"},"pick-wallpaper":{"_":"Välj bakgrundsbild"},"no-installed-ringtones":{"_":"Inga låsta ringsignaler installerade"},"no-installed-wallpaper":{"_":"Inga låsta bakgrundsbilder installerade"},"ok":{"_":"OK"},"download-button":{"_":"Hämta"},"install-button":{"_":"Installera"},"cancel-button":{"_":"Avbryt"},"download_error":{"_":"Hämtningsfel"},"install_error":{"_":"Installationsfel"},"err_descriptor_download_failed":{"_":"Hämtningen misslyckades på grund av ett serverfel."},"err_bad_descriptor":{"_":"Hämtningen misslyckades på grund av ett serverfel."},"err_too_big":{"_":"Filen är för stor för att hämta."},"err_unsupported_type":{"_":"Denna typ av köpt media stöds inte av telefonen."},"err_bad_type":{"_":"Hämtningen misslyckades på grund av ett serverfel."},"err_content_download_failed":{"_":"Hämtningen misslyckades på grund av ett serverfel."},"err_bad_drm_message":{"_":"Hämtningen misslyckades på grund av ett serverfel."},"err_bad_image":{"_":"Den nedladdade bilden kan inte visas på enheten."},"err_bad_audio":{"_":"Den nedladdade filen kan inte spelas på enheten."},"err_no_space":{"_":"Det finns inte tillräckligt med lagringsutrymme på enheten för att spara den här låten."},"err_no_sdcard":{"_":"Kan inte spara låten eftersom det inte finns något minneskort."},"err_sdcard_in_use":{"_":"Kan inte spara låten eftersom minneskortet är i bruk. Koppla ur telefonen och försök hämta igen."},"err_ds_save_failure":{"_":"Fel vid sparande av mediefil."},"err_db_store_failure":{"_":"Fel vid sparande av mediefil."},"success_song":{"_":"Låten hämtad och installerad. Använd appen Musik för att spela den."},"success_ringtone":{"_":"Ringsignal hämtad och installerad."},"success_wallpaper":{"_":"Bakgrundsbild hämtad och installerad."},"ringtone-or-song-query":{"_":"Vill du hämta och installera denna ljudfil som en låt eller som ringsignal?"},"ringtone-response":{"_":"Ringsignal"},"song-response":{"_":"Låt"},"download-confirmation-title-song":{"_":"Hämta låten?"},"download-confirmation-title-ringtone":{"_":"Hämta ringsignalen?"},"download-confirmation-title-wallpaper":{"_":"Hämta bakgrundsbild?"},"downloading-song":{"_":"Hämtar låt…"},"downloading-ringtone":{"_":"Hämtar ringsignal…"},"downloading-wallpaper":{"_":"Hämtar bakgrundsbild…"},"locked-content-advisory":{"_":"{{vendor}} har låst mediefilen så att den inte kan delas med andra eller överföras till en ny enhet."},"locked-content-advisory-generic":{"_":"Säljaren har låst mediefilen så att den inte kan delas med andra eller överföras till en ny enhet."},"download-confirmation-name":{"_":"Namn"},"download-confirmation-type":{"_":"Typ"},"download-confirmation-size":{"_":"Storlek"},"download-confirmation-vendor":{"_":"Säljare"},"download-confirmation-description":{"_":"Info"},"download-progress-title":{"_":"Hämtar"},"preview-image-title":{"_":"Förhandsgranska bild"},"preview-audio-title":{"_":"Förhandsgranska ljud"},"byteUnit-B":{"_":"bytes"},"byteUnit-KB":{"_":"kB"},"byteUnit-MB":{"_":"MB"},"byteUnit-GB":{"_":"GB"}}