{"done":{"_":"Bitti"},"pick-ringtone":{"_":"Zil sesi seçin"},"pick-wallpaper":{"_":"Duvar kâğıdı seçin"},"no-installed-ringtones":{"_":"Hiç kilitli zil sesi yüklenmemiş"},"no-installed-wallpaper":{"_":"Hiç kilitli duvar kâğıdı yüklenmemiş"},"ok":{"_":"Tamam"},"download-button":{"_":"İndir"},"install-button":{"_":"Yükle"},"cancel-button":{"_":"İptal"},"download_error":{"_":"İndirme Hatası"},"install_error":{"_":"Kurulum Hatası"},"err_descriptor_download_failed":{"_":"Sunucu hatası sebebiyle indirme başarısız oldu."},"err_bad_descriptor":{"_":"Sunucu hatası sebebiyle indirme başarısız oldu."},"err_too_big":{"_":"Dosya indirilemeyecek kadar büyük."},"err_unsupported_type":{"_":"Satın alınabilen bu medya türü telefonunuzda desteklenmiyor."},"err_bad_type":{"_":"Sunucu hatası sebebiyle indirme başarısız oldu."},"err_content_download_failed":{"_":"Sunucu hatası sebebiyle indirme başarısız oldu."},"err_bad_drm_message":{"_":"Sunucu hatası sebebiyle indirme başarısız oldu."},"err_bad_image":{"_":"İndirilen resim bu cihazda görüntülenemiyor."},"err_bad_audio":{"_":"İndirilen dosya bu aygıtta oynatılamaz."},"err_no_space":{"_":"Aygıtınızda bu şarkıyı kaydetmeye yedecek kadar yer yok."},"err_no_sdcard":{"_":"Bellek kartı olmadığı için şarkı kaydedilemiyor."},"err_sdcard_in_use":{"_":"Bellek kartı kullanımda olduğu için şarkı kaydedilemiyor. Telefonunuzun kablosunu söküp tekrar indirmeyi deneyin."},"err_ds_save_failure":{"_":"Medya dosyası kaydetme hatası."},"err_db_store_failure":{"_":"Medya dosyası kaydetme hatası."},"success_song":{"_":"Şarkı indirildi ve yüklendi. Dinlemek için Müzik uygulamasını kullanın."},"success_ringtone":{"_":"Zil sesi indirildi ve yüklendi."},"success_wallpaper":{"_":"Duvar kâğıdı indirildi ve yüklendi."},"ringtone-or-song-query":{"_":"Bu ses dosyasını indirip şarkı veya zil sesi olarak yüklemek istiyor musunuz?"},"ringtone-response":{"_":"Zil sesi"},"song-response":{"_":"Şarkı"},"download-confirmation-title-song":{"_":"Şarkı indirilsin mi?"},"download-confirmation-title-ringtone":{"_":"Zil sesi indirilsin mi?"},"download-confirmation-title-wallpaper":{"_":"Duvar kâğıdı indirilsin mi?"},"downloading-song":{"_":"Şarkı indiriliyor…"},"downloading-ringtone":{"_":"Zil sesi indiriliyor…"},"downloading-wallpaper":{"_":"Duvar kâğıdı indiriliyor…"},"locked-content-advisory":{"_":"Bu medya dosyası {{vendor}} tarafından kilitlendiği için başkalarıyla paylaşılamaz veya başka bir aygıta aktarılamaz."},"locked-content-advisory-generic":{"_":"Bu medya dosyası satıcı tarafından kilitlendiği için başkalarıyla paylaşılamaz veya başka bir aygıta aktarılamaz."},"download-confirmation-name":{"_":"Ad"},"download-confirmation-type":{"_":"Tür"},"download-confirmation-size":{"_":"Boyut"},"download-confirmation-vendor":{"_":"Sağlayıcı"},"download-confirmation-description":{"_":"Bilgi"},"download-progress-title":{"_":"İndiriliyor"},"preview-image-title":{"_":"Resmi ön izle"},"preview-audio-title":{"_":"Sesi ön izle"},"byteUnit-B":{"_":"bayt"},"byteUnit-KB":{"_":"KB"},"byteUnit-MB":{"_":"MB"},"byteUnit-GB":{"_":"GB"}}