{"done":{"_":"完成"},"pick-ringtone":{"_":"选择铃声"},"pick-wallpaper":{"_":"选择壁纸"},"no-installed-ringtones":{"_":"未安装锁定时的铃声"},"no-installed-wallpaper":{"_":"未安装锁定时的壁纸"},"ok":{"_":"确定"},"download-button":{"_":"下载"},"install-button":{"_":"安装"},"cancel-button":{"_":"取消"},"download_error":{"_":"下载错误"},"install_error":{"_":"安装错误"},"err_descriptor_download_failed":{"_":"因为服务器出错，下载失败。"},"err_bad_descriptor":{"_":"因为服务器出错，下载失败。"},"err_too_big":{"_":"文件太大，无法下载"},"err_unsupported_type":{"_":"您的手机不支持已购买的此类型媒体。"},"err_bad_type":{"_":"因为服务器出错，下载失败。"},"err_content_download_failed":{"_":"因为服务器出错，下载失败。"},"err_bad_drm_message":{"_":"因为服务器出错，下载失败。"},"err_bad_image":{"_":"已下载的图片无法在此设备上显示。"},"err_bad_audio":{"_":"已下载的文件无法在此设备上播放。"},"err_no_space":{"_":"您的设备上没有足够的存储空间以保存此歌曲。"},"err_no_sdcard":{"_":"由于没有存储卡，无法保存歌曲。"},"err_sdcard_in_use":{"_":"存储卡正在使用因而无法保存歌曲，拔出手机后再尝试下载。"},"err_ds_save_failure":{"_":"保存媒体文件时出错。"},"err_db_store_failure":{"_":"保存媒体文件时出错。"},"success_song":{"_":"已下载并安置歌曲。使用“音乐”应用播放。"},"success_ringtone":{"_":"已下载并安装铃声。"},"success_wallpaper":{"_":"已下载并安装壁纸。"},"ringtone-or-song-query":{"_":"您想将这个音频文件下载安装为歌曲还是铃声？"},"ringtone-response":{"_":"铃声"},"song-response":{"_":"歌曲"},"download-confirmation-title-song":{"_":"下载歌曲？"},"download-confirmation-title-ringtone":{"_":"下载铃声？"},"download-confirmation-title-wallpaper":{"_":"下载壁纸？"},"downloading-song":{"_":"正在下载歌曲…"},"downloading-ringtone":{"_":"正在下载铃声…"},"downloading-wallpaper":{"_":"正在下载壁纸…"},"locked-content-advisory":{"_":"{{vendor}} 已经锁定了这个媒体文件，因而它不能分享给其他人或者传输到新的设备上。"},"locked-content-advisory-generic":{"_":"销售者已经锁定了这个媒体文件，因而它不能分享给其他人或者传输到新的设备上。"},"download-confirmation-name":{"_":"类别"},"download-confirmation-type":{"_":"类型"},"download-confirmation-size":{"_":"大小"},"download-confirmation-vendor":{"_":"厂商"},"download-confirmation-description":{"_":"信息"},"download-progress-title":{"_":"下载中"},"preview-image-title":{"_":"预览图片"},"preview-audio-title":{"_":"预览音频"},"byteUnit-B":{"_":"字节"},"byteUnit-KB":{"_":"kB"},"byteUnit-MB":{"_":"MB"},"byteUnit-GB":{"_":"GB"}}