{"done":{"_":"完成"},"pick-ringtone":{"_":"選擇鈴聲"},"pick-wallpaper":{"_":"選擇桌面背景"},"no-installed-ringtones":{"_":"未安裝已鎖定的鈴聲"},"no-installed-wallpaper":{"_":"未安裝已鎖定的桌面背景"},"ok":{"_":"確定"},"download-button":{"_":"下載"},"install-button":{"_":"安裝"},"cancel-button":{"_":"取消"},"download_error":{"_":"下載錯誤"},"install_error":{"_":"安裝錯誤"},"err_descriptor_download_failed":{"_":"因為伺服器錯誤，下載失敗。"},"err_bad_descriptor":{"_":"因為伺服器錯誤，下載失敗。"},"err_too_big":{"_":"檔案太大，無法下載。"},"err_unsupported_type":{"_":"您的手機不支援此類型的已購買媒體。"},"err_bad_type":{"_":"因為伺服器錯誤，下載失敗。"},"err_content_download_failed":{"_":"因為伺服器錯誤，下載失敗。"},"err_bad_drm_message":{"_":"因為伺服器錯誤，下載失敗。"},"err_bad_image":{"_":"已下載的圖片無法在此裝置上顯示。"},"err_bad_audio":{"_":"已下載的檔案無法在此裝置上播放。"},"err_no_space":{"_":"您的裝置上沒有足夠的儲存空間可儲存此歌曲。"},"err_no_sdcard":{"_":"由於沒有記憶卡，無法儲存歌曲。"},"err_sdcard_in_use":{"_":"由於記憶卡正在使用中，無法儲存歌曲。請拔除手機傳輸線並重新下載。"},"err_ds_save_failure":{"_":"儲存媒體檔案時發生錯誤。"},"err_db_store_failure":{"_":"儲存媒體檔案時發生錯誤。"},"success_song":{"_":"已下載安裝歌曲。使用音樂應用程式播放。"},"success_ringtone":{"_":"已下載安裝鈴聲。"},"success_wallpaper":{"_":"已下載安裝桌面背景。"},"ringtone-or-song-query":{"_":"您想要將此音樂檔下載為歌曲或鈴聲？"},"ringtone-response":{"_":"鈴聲"},"song-response":{"_":"歌曲"},"download-confirmation-title-song":{"_":"下載歌曲？"},"download-confirmation-title-ringtone":{"_":"下載鈴聲？"},"download-confirmation-title-wallpaper":{"_":"下載桌面背景？"},"downloading-song":{"_":"正在下載歌曲…"},"downloading-ringtone":{"_":"正在下載鈴聲…"},"downloading-wallpaper":{"_":"正在下載桌面背景…"},"locked-content-advisory":{"_":"{{vendor}} 已鎖定此媒體檔案，您不能與其他人分享，或將其轉移至新裝置。"},"locked-content-advisory-generic":{"_":"您的手機廠商已鎖定此媒體檔案，您不能與其他人分享，或將其轉移至新裝置。"},"download-confirmation-name":{"_":"名稱"},"download-confirmation-type":{"_":"類型"},"download-confirmation-size":{"_":"大小"},"download-confirmation-vendor":{"_":"廠商"},"download-confirmation-description":{"_":"資訊"},"download-progress-title":{"_":"下載中"},"preview-image-title":{"_":"預覽圖片"},"preview-audio-title":{"_":"預覽音訊"},"byteUnit-B":{"_":"位元組"},"byteUnit-KB":{"_":"KB"},"byteUnit-MB":{"_":"MB"},"byteUnit-GB":{"_":"GB"}}