{"number-selected2":{"_":"{[ plural(n) ]}","_[zero]":"Избор","_[one]":"{{ n }} избран","_[two]":"{{ n }} избрани","_[few]":"{{ n }} избрани","_[many]":"{{ n }} избрани","_[other]":"{{ n }} избрани"},"delete-n-items?":{"_":"{[ plural(n) ]}","_[zero]":"Няма избрано","_[one]":"Изтриване на избраното?","_[two]":"Изтриване на {{ n }} видеа?","_[few]":"Изтриване на {{ n }} видеа?","_[many]":"Изтриване на {{ n }} видеа?","_[other]":"Изтриване на {{ n }} видеа?"},"share-noprovider":{"_":"Споделяйте само по едно видео."},"videos":{"_":"видеа"},"empty-title":{"_":"Видео библиотека"},"empty-text":{"_":"Зареждане на видео от картата с памет."},"nocard2-title":{"_":"Не е намерена карта с памет"},"nocard3-text":{"_":"Insert a memory card to watch videos."},"pluggedin-title":{"_":"Видеото не може да бъде гледано, докато сте закачен."},"pluggedin-text":{"_":"Откачете телефона, за да гледате видеото."},"upgrade-title":{"_":"Database Upgrade"},"upgrade-text":{"_":"Please wait while Video updates its database."},"confirm-delete":{"_":"Сигурен ли сте, че искате да изтриете:"},"delete-video":{"label":"Изтриване на видеото?"},"pick-title":{"_":"Избор на видео"},"save":{"_":"Запазване"},"saved":{"_":"Запазване на {{title}} във Видео-библиотеката"},"error-network":{"_":"A network error caused the video failed to download."},"error-unsupported":{"_":"Video cannot be played: either because the server or network failed or because the format is not supported."},"error-unknown":{"_":"An unknown video error occurred."},"overlay-cancel-button":{"_":"Cancel"},"overlay-camera-button":{"_":"Go to Camera"},"name-label":{"_":"Name"},"length-label":{"_":"Length"},"size-label":{"_":"Size"},"video-type-label":{"_":"Video Type"},"date-taken-label":{"_":"Date Taken"},"resolution-label":{"_":"Resolution"},"close-button":{"_":"Close"},"byteUnit-B":{"_":"Bytes"},"byteUnit-KB":{"_":"KB"},"byteUnit-MB":{"_":"MB"},"byteUnit-GB":{"_":"GB"},"byteUnit-TB":{"_":"TB"},"byteUnit-PB":{"_":"PB"},"byteUnit-EB":{"_":"EB"},"byteUnit-ZB":{"_":"ZB"},"byteUnit-YB":{"_":"YB"},"date-group-header":{"_":"%B %Y"},"nocard2-text":{"_":"Вмъкнете карта с памет, за да гледате видео или изберете настройки алтернативно местоположение за медия."},"storage-setting-button":{"_":"Media storage settings"},"weekday-0-long":{"_":"Неделя"},"weekday-1-long":{"_":"Понеделник"},"weekday-2-long":{"_":"Вторник"},"weekday-3-long":{"_":"Сряда"},"weekday-4-long":{"_":"Четвъртък"},"weekday-5-long":{"_":"Петък"},"weekday-6-long":{"_":"Събота"},"weekday-0-short":{"_":"Нед"},"weekday-1-short":{"_":"Пон"},"weekday-2-short":{"_":"Вт"},"weekday-3-short":{"_":"Ср"},"weekday-4-short":{"_":"Чет"},"weekday-5-short":{"_":"Пет"},"weekday-6-short":{"_":"Съб"},"month-0-long":{"_":"Януари"},"month-1-long":{"_":"Февруари"},"month-2-long":{"_":"Maрт"},"month-3-long":{"_":"Aприл"},"month-4-long":{"_":"Май"},"month-5-long":{"_":"Юни"},"month-6-long":{"_":"Юли"},"month-7-long":{"_":"Август"},"month-8-long":{"_":"Септември"},"month-9-long":{"_":"Oктомври"},"month-10-long":{"_":"Ноември"},"month-11-long":{"_":"Декември"},"month-0-genitive":{"_":"Януари"},"month-1-genitive":{"_":"Февруари"},"month-2-genitive":{"_":"Maрт"},"month-3-genitive":{"_":"Aприл"},"month-4-genitive":{"_":"Май"},"month-5-genitive":{"_":"Юни"},"month-6-genitive":{"_":"Юли"},"month-7-genitive":{"_":"Август"},"month-8-genitive":{"_":"Септември"},"month-9-genitive":{"_":"Oктомври"},"month-10-genitive":{"_":"Ноември"},"month-11-genitive":{"_":"Декември"},"month-0-short":{"_":"Ян"},"month-1-short":{"_":"Фев"},"month-2-short":{"_":"Мар"},"month-3-short":{"_":"Апр"},"month-4-short":{"_":"Май"},"month-5-short":{"_":"Юни"},"month-6-short":{"_":"Юли"},"month-7-short":{"_":"Авг"},"month-8-short":{"_":"Сеп"},"month-9-short":{"_":"Окт"},"month-10-short":{"_":"Ное"},"month-11-short":{"_":"Дек"},"minutes-ago-long":{"_":"{[ plural(value) ]}","_[zero]":"в момента","_[one]":"преди минута","_[two]":"преди {{value}} минути","_[few]":"преди {{value}} минути","_[many]":"преди {{value}} минути","_[other]":"преди {{value}} минути"},"hours-ago-long":{"_":"{[ plural(value) ]}","_[zero]":"в момента","_[one]":"преди час","_[two]":"преди {{value}} часа","_[few]":"преди {{value}} часа","_[many]":"преди {{value}} часа","_[other]":"преди {{value}} часа"},"days-ago-long":{"_":"{[ plural(value) ]}","_[zero]":"днес","_[one]":"вчера","_[two]":"преди {{value}} дни","_[few]":"преди {{value}} дни","_[many]":"преди {{value}} дни","_[other]":"преди {{value}} дни"},"weeks-ago-long":{"_":"{[ plural(value) ]}","_[zero]":"тази седмица","_[one]":"миналата седмица","_[two]":"преди {{value}} седмици","_[few]":"преди {{value}} седмици","_[many]":"преди {{value}} седмици","_[other]":"преди {{value}} седмици"},"months-ago-long":{"_":"{[ plural(value) ]}","_[zero]":"този месец","_[one]":"миналия месец","_[two]":"преди {{value}} месеца","_[few]":"преди {{value}} месеца","_[many]":"преди {{value}} месеца","_[other]":"преди {{value}} месеца"},"years-ago-long":{"_":"{[ plural(value) ]}","_[zero]":"тази година","_[one]":"миналата година","_[two]":"преди {{value}} години","_[few]":"преди {{value}} години","_[many]":"преди {{value}} години","_[other]":"преди {{value}} години"},"minutes-until-long":{"_":"{[ plural(value) ]}","_[zero]":"now","_[one]":"in a minute","_[two]":"in {{value}} minutes","_[few]":"in {{value}} minutes","_[many]":"in {{value}} minutes","_[other]":"in {{value}} minutes"},"hours-until-long":{"_":"{[ plural(value) ]}","_[zero]":"сега","_[one]":"до един час","_[two]":"след {{value}} часа","_[few]":"след {{value}} часа","_[many]":"след {{value}} часа","_[other]":"след {{value}} часа"},"days-until-long":{"_":"{[ plural(value) ]}","_[zero]":"днес","_[one]":"утре","_[two]":"след {{value}} дни","_[few]":"след {{value}} дни","_[many]":"след {{value}} дни","_[other]":"след {{value}} дни"},"weeks-until-long":{"_":"{[ plural(value) ]}","_[zero]":"тази седмица","_[one]":"другата седмица","_[two]":"след {{value}} седмици","_[few]":"след {{value}} седмици","_[many]":"след {{value}} седмици","_[other]":"след {{value}} седмици"},"months-until-long":{"_":"{[ plural(value) ]}","_[zero]":"този месец","_[one]":"другия месец","_[two]":"след {{value}} месеца","_[few]":"след {{value}} месеца","_[many]":"след {{value}} месеца","_[other]":"след {{value}} месеца"},"years-until-long":{"_":"{[ plural(value) ]}","_[zero]":"тази година","_[one]":"следващата година","_[two]":"след {{value}} години","_[few]":"след {{value}} години","_[many]":"след {{value}} години","_[other]":"след {{value}} години"},"minutes-ago-short":{"_":"{[ plural(value) ]}","_[zero]":"в момента","_[other]":"преди {{value}}мин."},"hours-ago-short":{"_":"{[ plural(value) ]}","_[zero]":"в момента","_[other]":"преди {{value}}ч."},"days-ago-short":{"_":"{[ plural(value) ]}","_[zero]":"днес","_[other]":"преди {{value}}дни"},"minutes-until-short":{"_":"{[ plural(value) ]}","_[zero]":"сега","_[other]":"след {{value}}мин."},"hours-until-short":{"_":"{[ plural(value) ]}","_[zero]":"сега","_[other]":"след {{value}}ч."},"days-until-short":{"_":"{[ plural(value) ]}","_[zero]":"днес","_[other]":"след {{value}}дни"},"incorrectDate":{"_":"(невалидна дата)"},"dateTimeFormat_%c":{"_":"%a, %e %b %Y %H:%M:%S"},"dateTimeFormat_%x":{"_":"%d %m %Y"},"dateTimeFormat_%X":{"_":"%H:%M:%S"},"shortTimeFormat":{"_":"%H:%M"},"shortDateTimeFormat":{"_":"%x %H:%M"},"weekStartsOnMonday":{"_":"1"},"time_am":{"_":"AM"},"time_pm":{"_":"PM"}}