{"number-selected2":{"_":"{[ plural(n) ]}","_[zero]":"নির্বাচন","_[one]":"{{ n }} টি নির্বাচিত","_[two]":"{{ n }} টি নির্বাচিত হয়েছে","_[few]":"{{ n }} টি নির্বাচিত হয়েছে","_[many]":"{{ n }} টি নির্বাচিত হয়েছে","_[other]":"{{ n }} টি নির্বাচিত হয়েছে"},"delete-n-items?":{"_":"{[ plural(n) ]}","_[zero]":"কিছুই নির্বাচিত হয়নি","_[one]":"নির্বাচিত আইটেম অপসারণ করবেন?","_[two]":"{{ n }} টি আইটেম অপসারণ করবেন?","_[few]":"{{ n }} টি আইটেম অপসারণ করবেন?","_[many]":"{{ n }} টি আইটেম অপসারণ করবেন?","_[other]":"{{ n }} টি আইটেম অপসারণ করবেন?"},"share-noprovider":{"_":"একবারে একটি ভিডিও শেয়ার করার চেষ্টা করুন।"},"videos":{"_":"ভিডিও"},"empty-title":{"_":"শুরু করতে ভিডিও যোগ করুন"},"empty-text":{"_":"মেমরি কার্ডে ভিডিও লোড করুন।"},"nocard2-title":{"_":"মেমরি কার্ড নেই"},"nocard3-text":{"_":"Insert a memory card to watch videos."},"pluggedin-title":{"_":"ইউএসবি লাগানো অবস্থায় ভিডিও দেখা যাবে না"},"pluggedin-text":{"_":"ভিডিও দেখতে ফোন থেকে ইউএসবি খুলুন।"},"upgrade-title":{"_":"ডাটাবেজ হালনাগাদ"},"upgrade-text":{"_":"ভিডিও ডাটাবেজ হালনাগাদ হওয়া পর্যন্ত অপেক্ষা করুন।"},"confirm-delete":{"_":"আপনি কি অপসারণের ব্যাপারে নিশ্চিত:"},"delete-video":{"label":"ভিডিও অপসারণ করবেন?"},"pick-title":{"_":"একটি ভিডিও নির্বাচন করুন"},"save":{"_":"সংরক্ষণ"},"saved":{"_":"{{title}} ভিডিও ফোল্ডারে সংরক্ষিত হয়েছে"},"error-network":{"_":"The video could not be downloaded because of a network error."},"error-unsupported":{"_":"ভিডিও চালানো যাচ্ছে না: কারণ হতে সার্ভার অথবা নেটওয়ার্ক ত্রুটি কিংবা অসমর্থিত ফাইল ফরম্যাট।"},"error-unknown":{"_":"একটি অজানা ভিডিও ত্রুটি দেখা দিয়েছে।"},"overlay-cancel-button":{"_":"Cancel"},"overlay-camera-button":{"_":"Go to Camera"},"name-label":{"_":"নাম"},"length-label":{"_":"ব্যাপ্তিকাল"},"size-label":{"_":"আকার"},"video-type-label":{"_":"ভিডিওর ধরন"},"date-taken-label":{"_":"ধারনের তারিখ"},"resolution-label":{"_":"রেজল্যুশন"},"close-button":{"_":"বন্ধ"},"byteUnit-B":{"_":"বাইট"},"byteUnit-KB":{"_":"KB"},"byteUnit-MB":{"_":"MB"},"byteUnit-GB":{"_":"GB"},"byteUnit-TB":{"_":"টেরাবাইট"},"byteUnit-PB":{"_":"পেটাবাইট"},"byteUnit-EB":{"_":"এক্সাবাইট"},"byteUnit-ZB":{"_":"যেট্টাবাইট"},"byteUnit-YB":{"_":"ইওট্টাবাইট"},"date-group-header":{"_":"%B %Y"},"nocard2-text":{"_":"ভিডিও দেখতে মেমরি কার্ড প্রবেশ করান অথবা সেটিংস এ বিকল্প পূর্বনির্ধারিত মিডিয়া অবস্থান নির্বাচন করুন।"},"storage-setting-button":{"_":"মিডিয়া স্টোরেজ সেটিংস"},"weekday-0-long":{"_":"রবিবার"},"weekday-1-long":{"_":"সোমবার"},"weekday-2-long":{"_":"মঙ্গলবার"},"weekday-3-long":{"_":"বুধবার"},"weekday-4-long":{"_":"বৃহস্পতিবার"},"weekday-5-long":{"_":"শুক্রবার"},"weekday-6-long":{"_":"শনিবার"},"weekday-0-short":{"_":"রবি"},"weekday-1-short":{"_":"সোম"},"weekday-2-short":{"_":"মঙ্গল"},"weekday-3-short":{"_":"বুধ"},"weekday-4-short":{"_":"বৃহঃ"},"weekday-5-short":{"_":"শুক্র"},"weekday-6-short":{"_":"শনি"},"month-0-long":{"_":"জানুয়ারি"},"month-1-long":{"_":"ফেব্রুয়ারি"},"month-2-long":{"_":"মার্চ"},"month-3-long":{"_":"এপ্রিল"},"month-4-long":{"_":"মে"},"month-5-long":{"_":"জুন"},"month-6-long":{"_":"জুলাই"},"month-7-long":{"_":"আগস্ট"},"month-8-long":{"_":"সেপ্টেম্বর"},"month-9-long":{"_":"অক্টোবর"},"month-10-long":{"_":"নভেম্বর"},"month-11-long":{"_":"ডিসেম্বর"},"month-0-genitive":{"_":"জানুয়ারি"},"month-1-genitive":{"_":"ফেব্রুয়ারি"},"month-2-genitive":{"_":"মার্চ"},"month-3-genitive":{"_":"এপ্রিল"},"month-4-genitive":{"_":"মে"},"month-5-genitive":{"_":"জুন"},"month-6-genitive":{"_":"জুলাই"},"month-7-genitive":{"_":"আগস্ট"},"month-8-genitive":{"_":"সেপ্টেম্বর"},"month-9-genitive":{"_":"অক্টোবর"},"month-10-genitive":{"_":"নভেম্বর"},"month-11-genitive":{"_":"ডিসেম্বর"},"month-0-short":{"_":"জানু"},"month-1-short":{"_":"ফেব্রু"},"month-2-short":{"_":"মার্চ"},"month-3-short":{"_":"এপ্রিল"},"month-4-short":{"_":"মে"},"month-5-short":{"_":"জুন"},"month-6-short":{"_":"জুলাই"},"month-7-short":{"_":"আগস্ট"},"month-8-short":{"_":"সেপ্ট"},"month-9-short":{"_":"অক্টো"},"month-10-short":{"_":"নভে"},"month-11-short":{"_":"ডিসে"},"minutes-ago-long":{"_":"{[ plural(value) ]}","_[zero]":"এইমাত্র","_[one]":"১ মিনিট পূর্বে","_[two]":"{{value}} মিনিট পূর্বে","_[few]":"{{value}} মিনিট পূর্বে","_[many]":"{{value}} মিনিট পূর্বে","_[other]":"{{value}} মিনিট পূর্বে"},"hours-ago-long":{"_":"{[ plural(value) ]}","_[zero]":"এইমাত্র","_[one]":"১ ঘন্টা পূর্বে","_[two]":"{{value}} ঘন্টা পূর্বে","_[few]":"{{value}} ঘন্টা পূর্বে","_[many]":"{{value}} ঘন্টা পূর্বে","_[other]":"{{value}} ঘন্টা পূর্বে"},"days-ago-long":{"_":"{[ plural(value) ]}","_[zero]":"আজ","_[one]":"গতকাল","_[two]":"{{value}} দিন পূর্বে","_[few]":"{{value}} দিন পূর্বে","_[many]":"{{value}} দিন পূর্বে","_[other]":"{{value}} দিন পূর্বে"},"weeks-ago-long":{"_":"{[ plural(value) ]}","_[zero]":"এই সপ্তাহে","_[one]":"গত সপ্তাহ","_[two]":"{{value}} সপ্তাহ পূর্বে","_[few]":"{{value}} সপ্তাহ পূর্বে","_[many]":"{{value}} সপ্তাহ পূর্বে","_[other]":"{{value}} সপ্তাহ পূর্বে"},"months-ago-long":{"_":"{[ plural(value) ]}","_[zero]":"চলতি মাস","_[one]":"গত মাস","_[two]":"{{value}} মাস পূর্বে","_[few]":"{{value}} মাস পূর্বে","_[many]":"{{value}} মাস পূর্বে","_[other]":"{{value}} মাস পূর্বে"},"years-ago-long":{"_":"{[ plural(value) ]}","_[zero]":"এই বছর","_[one]":"গত বছর","_[two]":"{{value}} বছর আগে","_[few]":"{{value}} বছর পূর্বে","_[many]":"{{value}} বছর পূর্বে","_[other]":"{{value}} বছর পূর্বে"},"minutes-until-long":{"_":"{[ plural(value) ]}","_[zero]":"এখন","_[one]":"এক মিনিটের মধ্যে","_[two]":"{{value}} মিনিটের মধ্যে","_[few]":"{{value}} মিনিটের মধ্যে","_[many]":"{{value}} মিনিটের মধ্যে","_[other]":"{{value}} মিনিটের মধ্যে"},"hours-until-long":{"_":"{[ plural(value) ]}","_[zero]":"এখন","_[one]":"এক ঘন্টার মধ্যে","_[two]":"{{value}} ঘন্টার মধ্যে","_[few]":"{{value}} ঘন্টার মধ্যে","_[many]":"{{value}} ঘন্টার মধ্যে","_[other]":"{{value}} ঘন্টার মধ্যে"},"days-until-long":{"_":"{[ plural(value) ]}","_[zero]":"আজ","_[one]":"আগামীকাল","_[two]":"{{value}} দিনের মধ্যে","_[few]":"{{value}} দিনের মধ্যে","_[many]":"{{value}} দিনের মধ্যে","_[other]":"{{value}} দিনের মধ্যে"},"weeks-until-long":{"_":"{[ plural(value) ]}","_[zero]":"চলতি সপ্তাহ","_[one]":"পরবর্তী সপ্তাহ","_[two]":"{{value}} সপ্তাহের মধ্যে","_[few]":"{{value}} সপ্তাহের মধ্যে","_[many]":"{{value}} সপ্তাহের মধ্যে","_[other]":"{{value}} সপ্তাহের মধ্যে"},"months-until-long":{"_":"{[ plural(value) ]}","_[zero]":"এই মাস","_[one]":"পরবর্তী মাস","_[two]":"{{value}} মাসের মধ্যে","_[few]":"{{value}} মাসের মধ্যে","_[many]":"{{value}} মাসের মধ্যে","_[other]":"{{value}} মাসের মধ্যে"},"years-until-long":{"_":"{[ plural(value) ]}","_[zero]":"এই বছর","_[one]":"আগামী বছর","_[two]":"{{value}} বছরের মধ্যে","_[few]":"{{value}} বছরের মধ্যে","_[many]":"{{value}} বছরের মধ্যে","_[other]":"{{value}} বছরের মধ্যে"},"minutes-ago-short":{"_":"{[ plural(value) ]}","_[zero]":"এইমাত্র","_[other]":"{{value}}মি. পূর্বে"},"hours-ago-short":{"_":"{[ plural(value) ]}","_[zero]":"এইমাত্র","_[other]":"{{value}}ঘ. পূর্বে"},"days-ago-short":{"_":"{[ plural(value) ]}","_[zero]":"আজ","_[other]":"{{value}}দিন পূর্বে"},"minutes-until-short":{"_":"{[ plural(value) ]}","_[zero]":"এখন","_[other]":"{{value}} মিনিটের মধ্যে"},"hours-until-short":{"_":"{[ plural(value) ]}","_[zero]":"এখন","_[other]":"{{value}}ঘন্টার মধ্যে"},"days-until-short":{"_":"{[ plural(value) ]}","_[zero]":"আজ","_[other]":"{{value}}দিনের মধ্যে"},"incorrectDate":{"_":"(ভুল তারিখ)"},"dateTimeFormat_%c":{"_":"%a %b %e %Y %I:%M:%S %p"},"dateTimeFormat_%x":{"_":"%m/%d/%Y"},"dateTimeFormat_%X":{"_":"%I:%M:%S %p"},"shortTimeFormat":{"_":"%I:%M %p"},"shortDateTimeFormat":{"_":"%x %I:%M %p"},"weekStartsOnMonday":{"_":"0"},"time_am":{"_":"AM"},"time_pm":{"_":"PM"}}