{"number-selected2":{"_":"{[ plural(n) ]}","_[zero]":"Hautatu","_[one]":"Bat hautatuta","_[two]":"{{ n }} hautatuta","_[few]":"{{ n }} hautatuta","_[many]":"{{ n }} hautatuta","_[other]":"{{ n }} hautatuta"},"delete-n-items?":{"_":"{[ plural(n) ]}","_[zero]":"Ez da ezer hautatu","_[one]":"Ezabatu hautatutako elementua?","_[two]":"Ezabatu {{ n }} elementu?","_[few]":"Ezabatu {{ n }} elementu?","_[many]":"Ezabatu {{ n }} elementu?","_[other]":"Ezabatu {{ n }} elementu?"},"share-noprovider":{"_":"Saiatu aldiko bideo bat partekatzen."},"videos":{"_":"Bideoak"},"empty-title":{"_":"Gehitu bideoak erabiltzen hasteko"},"empty-text":{"_":"Kargatu bideoak memoria-txartelean."},"nocard2-title":{"_":"Ez da memoria-txartelik aurkitu"},"nocard3-text":{"_":"Sartu memoria-txartela bideoak ikusteko."},"pluggedin-title":{"_":"Ezin da bideoa ikusi entxufatuta dagoen bitartean"},"pluggedin-text":{"_":"Desentxufatu telefonoa bideoak ikusteko."},"upgrade-title":{"_":"Datu-basearen bertsio-berritzea"},"upgrade-text":{"_":"Itxaron mesedez bideo-aplikazioak bere datu-basea eguneratzen duen artean."},"confirm-delete":{"_":"Ziur zaude ondorengoa ezabatu nahi duzula:"},"delete-video":{"label":"Ezabatu bideoa?"},"pick-title":{"_":"Hautatu bideoa"},"save":{"_":"Gorde"},"saved":{"_":"{{title}} bideo-aplikazioan gordeta"},"error-network":{"_":"Sareko errore batek bideoaren deskargak huts egitea eragin du."},"error-unsupported":{"_":"Ezin da bideoa erreproduzitu: zerbitzariak edo sareak huts egin du edo formatua ez da onartzen."},"error-unknown":{"_":"Bideo-errore ezezaguna gertatu da."},"overlay-cancel-button":{"_":"Utzi"},"overlay-camera-button":{"_":"Joan kamerara"},"name-label":{"_":"Izena"},"length-label":{"_":"Luzera"},"size-label":{"_":"Tamaina"},"video-type-label":{"_":"Bideo mota"},"date-taken-label":{"_":"Hartze-data"},"resolution-label":{"_":"Bereizmena"},"close-button":{"_":"Itxi"},"byteUnit-B":{"_":"Byte"},"byteUnit-KB":{"_":"KB"},"byteUnit-MB":{"_":"MB"},"byteUnit-GB":{"_":"GB"},"byteUnit-TB":{"_":"TB"},"byteUnit-PB":{"_":"PB"},"byteUnit-EB":{"_":"EB"},"byteUnit-ZB":{"_":"ZB"},"byteUnit-YB":{"_":"YB"},"date-group-header":{"_":"%Y.eko %B"},"weekday-0-long":{"_":"igandea"},"weekday-1-long":{"_":"astelehena"},"weekday-2-long":{"_":"asteartea"},"weekday-3-long":{"_":"asteazkena"},"weekday-4-long":{"_":"osteguna"},"weekday-5-long":{"_":"ostirala"},"weekday-6-long":{"_":"larunbata"},"weekday-0-short":{"_":"ig."},"weekday-1-short":{"_":"al."},"weekday-2-short":{"_":"ar."},"weekday-3-short":{"_":"az."},"weekday-4-short":{"_":"og."},"weekday-5-short":{"_":"or."},"weekday-6-short":{"_":"lr."},"month-0-long":{"_":"urtarrila"},"month-1-long":{"_":"otsaila"},"month-2-long":{"_":"martxoa"},"month-3-long":{"_":"apirila"},"month-4-long":{"_":"maiatza"},"month-5-long":{"_":"ekaina"},"month-6-long":{"_":"uztaila"},"month-7-long":{"_":"abuztua"},"month-8-long":{"_":"iraila"},"month-9-long":{"_":"urria"},"month-10-long":{"_":"azaroa"},"month-11-long":{"_":"abendua"},"month-0-genitive":{"_":"urtarrila"},"month-1-genitive":{"_":"otsaila"},"month-2-genitive":{"_":"martxoa"},"month-3-genitive":{"_":"apirila"},"month-4-genitive":{"_":"maiatza"},"month-5-genitive":{"_":"ekaina"},"month-6-genitive":{"_":"uztaila"},"month-7-genitive":{"_":"abuztua"},"month-8-genitive":{"_":"iraila"},"month-9-genitive":{"_":"urria"},"month-10-genitive":{"_":"azaroa"},"month-11-genitive":{"_":"abendua"},"month-0-short":{"_":"urt"},"month-1-short":{"_":"ots"},"month-2-short":{"_":"mar"},"month-3-short":{"_":"api"},"month-4-short":{"_":"mai"},"month-5-short":{"_":"eka"},"month-6-short":{"_":"uzt"},"month-7-short":{"_":"abu"},"month-8-short":{"_":"ira"},"month-9-short":{"_":"urr"},"month-10-short":{"_":"aza"},"month-11-short":{"_":"abe"},"minutes-ago-long":{"_":"{[ plural(value) ]}","_[zero]":"oraintxe bertan","_[one]":"duela minutu bat","_[two]":"duela {{value}} minutu","_[few]":"duela {{value}} minutu","_[many]":"duela {{value}} minutu","_[other]":"duela {{value}} minutu"},"hours-ago-long":{"_":"{[ plural(value) ]}","_[zero]":"oraintxe bertan","_[one]":"duela ordubete","_[two]":"duela {{value}} ordu","_[few]":"duela {{value}} ordu","_[many]":"duela {{value}} ordu","_[other]":"duela {{value}} ordu"},"days-ago-long":{"_":"{[ plural(value) ]}","_[zero]":"gaur","_[one]":"atzo","_[two]":"herenegun","_[few]":"duela {{value}} egun","_[many]":"duela {{value}} egun","_[other]":"duela {{value}} egun"},"weeks-ago-long":{"_":"{[ plural(value) ]}","_[zero]":"aste honetan","_[one]":"azken astean","_[two]":"duela {{value}} aste","_[few]":"duela {{value}} aste","_[many]":"duela {{value}} aste","_[other]":"duela {{value}} aste"},"months-ago-long":{"_":"{[ plural(value) ]}","_[zero]":"hilabete honetan","_[one]":"azken hilabetean","_[two]":"duela {{value}} hilabete","_[few]":"duela {{value}} hilabete","_[many]":"duela {{value}} hilabete","_[other]":"duela {{value}} hilabete"},"years-ago-long":{"_":"{[ plural(value) ]}","_[zero]":"aurten","_[one]":"iaz","_[two]":"duela {{value}} urte","_[few]":"duela {{value}} urte","_[many]":"duela {{value}} urte","_[other]":"duela {{value}} urte"},"minutes-until-long":{"_":"{[ plural(value) ]}","_[zero]":"orain","_[one]":"minutu barru","_[two]":"{{value}} minutu barru","_[few]":"{{value}} minutu barru","_[many]":"{{value}} minutu barru","_[other]":"{{value}} minutu barru"},"hours-until-long":{"_":"{[ plural(value) ]}","_[zero]":"orain","_[one]":"ordubete barru","_[two]":"{{value}} ordu barru","_[few]":"{{value}} ordu barru","_[many]":"{{value}} ordu barru","_[other]":"{{value}} ordu barru"},"days-until-long":{"_":"{[ plural(value) ]}","_[zero]":"gaur","_[one]":"bihar","_[two]":"etzi","_[few]":"{{value}} egun barru","_[many]":"{{value}} egun barru","_[other]":"{{value}} egun barru"},"weeks-until-long":{"_":"{[ plural(value) ]}","_[zero]":"aste honetan","_[one]":"hurrengo astean","_[two]":"{{value}} aste barru","_[few]":"{{value}} aste barru","_[many]":"{{value}} aste barru","_[other]":"{{value}} aste barru"},"months-until-long":{"_":"{[ plural(value) ]}","_[zero]":"hil honetan","_[one]":"hurrengo hilean","_[two]":"{{value}} hilabete barru","_[few]":"{{value}} hilabete barru","_[many]":"{{value}} hilabete barru","_[other]":"{{value}} hilabete barru"},"years-until-long":{"_":"{[ plural(value) ]}","_[zero]":"aurten","_[one]":"hurrengo urtean","_[two]":"{{value}} urte barru","_[few]":"{{value}} urte barru","_[many]":"{{value}} urte barru","_[other]":"{{value}} urte barru"},"minutes-ago-short":{"_":"{[ plural(value) ]}","_[zero]":"oraintxe bertan","_[other]":"duela {{value}}m"},"hours-ago-short":{"_":"{[ plural(value) ]}","_[zero]":"oraintxe bertan","_[other]":"duela {{value}}h"},"days-ago-short":{"_":"{[ plural(value) ]}","_[zero]":"gaur","_[other]":"duela {{value}}eg."},"minutes-until-short":{"_":"{[ plural(value) ]}","_[zero]":"orain","_[other]":"{{value}}m barru"},"hours-until-short":{"_":"{[ plural(value) ]}","_[zero]":"orain","_[other]":"{{value}}h barru"},"days-until-short":{"_":"{[ plural(value) ]}","_[zero]":"gaur","_[other]":"{{value}}eg. barru"},"incorrectDate":{"_":"(data okerra)"},"dateTimeFormat_%c":{"_":"%a, %Y.eko %Bren %ea %H:%M:%S"},"dateTimeFormat_%x":{"_":"%Y/%m/%d"},"dateTimeFormat_%X":{"_":"%H:%M:%S"},"shortTimeFormat":{"_":"%H:%M"},"shortDateTimeFormat":{"_":"%x %H:%M"},"weekStartsOnMonday":{"_":"1"},"time_am":{"_":"AM"},"time_pm":{"_":"PM"}}