{"number-selected2":{"_":"{[ plural(n) ]}","_[zero]":"Kiválasztás","_[one]":"{{ n }} kijelölt","_[two]":"{{ n }} kijelölt","_[few]":"{{ n }} kijelölt","_[many]":"{{ n }} kijelölt","_[other]":"{{ n }} kijelölt"},"delete-n-items?":{"_":"{[ plural(n) ]}","_[zero]":"Nincs kiválasztva","_[one]":"Törli a kiválasztott elemet?","_[two]":"{{ n }} elem törlése?","_[few]":"{{ n }} elem törlése?","_[many]":"{{ n }} elem törlése?","_[other]":"{{ n }} elem törlése?"},"share-noprovider":{"_":"Érdemes egyszerre csak egy videót megosztani."},"videos":{"_":"Videók"},"empty-title":{"_":"A kezdéshez vegyen fel videókat"},"empty-text":{"_":"Töltsön fel videókat a memóriakártyára."},"nocard2-title":{"_":"Nem található memóriakártya"},"nocard3-text":{"_":"Videónézéshez tegye be a memóriakártyát."},"pluggedin-title":{"_":"A Videók nem használható bedugott állapotban"},"pluggedin-text":{"_":"Húzza ki a telefont a videók megnézéséhez."},"upgrade-title":{"_":"Adatbázis-frissítés"},"upgrade-text":{"_":"Kis türelmet a Videó adatbázisának frissítéséig."},"confirm-delete":{"_":"Biztos benne, hogy törli a következőt:"},"delete-video":{"label":"Videó törlése?"},"pick-title":{"_":"Videó kiválasztása"},"save":{"_":"Mentés"},"saved":{"_":"{{title}} mentése a Videók közé megtörtént"},"error-network":{"_":"A videó letöltése hálózati hiba miatt meghiúsult."},"error-unsupported":{"_":"A videó nem játszható le: a kiszolgáló vagy a hálózat hibája miatt, vagy a formátum nem támogatott."},"error-unknown":{"_":"Ismeretlen videohiba történt."},"overlay-cancel-button":{"_":"Mégse"},"overlay-camera-button":{"_":"Ugrás a Kamerára"},"name-label":{"_":"Név"},"length-label":{"_":"Hossz"},"size-label":{"_":"Méret"},"video-type-label":{"_":"Videotípus"},"date-taken-label":{"_":"Készítés dátuma"},"resolution-label":{"_":"Felbontás"},"close-button":{"_":"Bezárás"},"byteUnit-B":{"_":"Bájt"},"byteUnit-KB":{"_":"KB"},"byteUnit-MB":{"_":"MB"},"byteUnit-GB":{"_":"GB"},"byteUnit-TB":{"_":"TB"},"byteUnit-PB":{"_":"PB"},"byteUnit-EB":{"_":"EB"},"byteUnit-ZB":{"_":"ZB"},"byteUnit-YB":{"_":"YB"},"date-group-header":{"_":"%Y. %B"},"weekday-0-long":{"_":"Vasárnap"},"weekday-1-long":{"_":"Hétfő"},"weekday-2-long":{"_":"Kedd"},"weekday-3-long":{"_":"Szerda"},"weekday-4-long":{"_":"Csütörtök"},"weekday-5-long":{"_":"Péntek"},"weekday-6-long":{"_":"Szombat"},"weekday-0-short":{"_":"Va."},"weekday-1-short":{"_":"Hé."},"weekday-2-short":{"_":"Ke."},"weekday-3-short":{"_":"Sze."},"weekday-4-short":{"_":"Csü."},"weekday-5-short":{"_":"Pé."},"weekday-6-short":{"_":"Szo."},"month-0-long":{"_":"Január"},"month-1-long":{"_":"Február"},"month-2-long":{"_":"Március"},"month-3-long":{"_":"Április"},"month-4-long":{"_":"Május"},"month-5-long":{"_":"Június"},"month-6-long":{"_":"Július"},"month-7-long":{"_":"Augusztus"},"month-8-long":{"_":"Szeptember"},"month-9-long":{"_":"Október"},"month-10-long":{"_":"November"},"month-11-long":{"_":"December"},"month-0-genitive":{"_":"Január"},"month-1-genitive":{"_":"Február"},"month-2-genitive":{"_":"Március"},"month-3-genitive":{"_":"Április"},"month-4-genitive":{"_":"Május"},"month-5-genitive":{"_":"Június"},"month-6-genitive":{"_":"Július"},"month-7-genitive":{"_":"Augusztus"},"month-8-genitive":{"_":"Szeptember"},"month-9-genitive":{"_":"Október"},"month-10-genitive":{"_":"November"},"month-11-genitive":{"_":"December"},"month-0-short":{"_":"Jan"},"month-1-short":{"_":"Feb"},"month-2-short":{"_":"Már"},"month-3-short":{"_":"Ápr"},"month-4-short":{"_":"Máj"},"month-5-short":{"_":"Jún"},"month-6-short":{"_":"Júl"},"month-7-short":{"_":"Aug"},"month-8-short":{"_":"Szep"},"month-9-short":{"_":"Okt"},"month-10-short":{"_":"Nov"},"month-11-short":{"_":"Dec"},"minutes-ago-long":{"_":"{[ plural(value) ]}","_[zero]":"épp most","_[one]":"egy perccel ezelőtt","_[two]":"{{value}} perccel ezelőtt","_[few]":"{{value}} perccel ezelőtt","_[many]":"{{value}} perccel ezelőtt","_[other]":"{{value}} perccel ezelőtt"},"hours-ago-long":{"_":"{[ plural(value) ]}","_[zero]":"épp most","_[one]":"egy órája","_[two]":"{{value}} órával ezelőtt","_[few]":"{{value}} órával ezelőtt","_[many]":"{{value}} órával ezelőtt","_[other]":"{{value}} órával ezelőtt"},"days-ago-long":{"_":"{[ plural(value) ]}","_[zero]":"ma","_[one]":"tegnap","_[two]":"{{value}} nappal ezelőtt","_[few]":"{{value}} nappal ezelőtt","_[many]":"{{value}} nappal ezelőtt","_[other]":"{{value}} nappal ezelőtt"},"weeks-ago-long":{"_":"{[ plural(value) ]}","_[zero]":"ez a hét","_[one]":"múlt hét","_[two]":"{{value}} héttel ezelőtt","_[few]":"{{value}} héttel ezelőtt","_[many]":"{{value}} héttel ezelőtt","_[other]":"{{value}} héttel ezelőtt"},"months-ago-long":{"_":"{[ plural(value) ]}","_[zero]":"ez a hónap","_[one]":"előző hónap","_[two]":"{{value}} hónappal ezelőtt","_[few]":"{{value}} hónappal ezelőtt","_[many]":"{{value}} hónappal ezelőtt","_[other]":"{{value}} hónappal ezelőtt"},"years-ago-long":{"_":"{[ plural(value) ]}","_[zero]":"ez az év","_[one]":"tavaly","_[two]":"{{value}} évvel ezelőtt","_[few]":"{{value}} évvel ezelőtt","_[many]":"{{value}} évvel ezelőtt","_[other]":"{{value}} évvel ezelőtt"},"minutes-until-long":{"_":"{[ plural(value) ]}","_[zero]":"most","_[one]":"egy percen belül","_[two]":"{{value}} percen belül","_[few]":"{{value}} percen belül","_[many]":"{{value}} percen belül","_[other]":"{{value}} percen belül"},"hours-until-long":{"_":"{[ plural(value) ]}","_[zero]":"most","_[one]":"egy órán belül","_[two]":"{{value}} órán belül","_[few]":"{{value}} órán belül","_[many]":"{{value}} órán belül","_[other]":"{{value}} órán belül"},"days-until-long":{"_":"{[ plural(value) ]}","_[zero]":"ma","_[one]":"holnap","_[two]":"{{value}} napon belül","_[few]":"{{value}} napon belül","_[many]":"{{value}} napon belül","_[other]":"{{value}} napon belül"},"weeks-until-long":{"_":"{[ plural(value) ]}","_[zero]":"ez a hét","_[one]":"következő hét","_[two]":"{{value}} héten belül","_[few]":"{{value}} héten belül","_[many]":"{{value}} héten belül","_[other]":"{{value}} héten belül"},"months-until-long":{"_":"{[ plural(value) ]}","_[zero]":"ez a hónap","_[one]":"következő hónap","_[two]":"{{value}} héten belül","_[few]":"{{value}} héten belül","_[many]":"{{value}} héten belül","_[other]":"{{value}} héten belül"},"years-until-long":{"_":"{[ plural(value) ]}","_[zero]":"ez az év","_[one]":"következő év","_[two]":"{{value}} éven belül","_[few]":"{{value}} éven belül","_[many]":"{{value}} éven belül","_[other]":"{{value}} éven belül"},"minutes-ago-short":{"_":"{[ plural(value) ]}","_[zero]":"épp most","_[other]":"{{value}}p ezelőtt"},"hours-ago-short":{"_":"{[ plural(value) ]}","_[zero]":"épp most","_[other]":"{{value}}ó ezelőtt"},"days-ago-short":{"_":"{[ plural(value) ]}","_[zero]":"ma","_[other]":"{{value}}n ezelőtt"},"minutes-until-short":{"_":"{[ plural(value) ]}","_[zero]":"most","_[other]":"{{value}} percen belül"},"hours-until-short":{"_":"{[ plural(value) ]}","_[zero]":"most","_[other]":"{{value}} órán belül"},"days-until-short":{"_":"{[ plural(value) ]}","_[zero]":"ma","_[other]":"{{value}} napon belül"},"incorrectDate":{"_":"(helytelen dátum)"},"dateTimeFormat_%c":{"_":"%Y. %b %d %a %H:%M:%S"},"dateTimeFormat_%x":{"_":"%Y. %m. %d."},"dateTimeFormat_%X":{"_":"%H:%M:%S"},"shortTimeFormat":{"_":"%H:%M"},"shortDateTimeFormat":{"_":"%x %H:%M"},"weekStartsOnMonday":{"_":"0"},"time_am":{"_":"DE"},"time_pm":{"_":"DU"}}