{"number-selected2":{"_":"{[ plural(n) ]}","_[zero]":"ជ្រើស","_[one]":"បាន​ជ្រើស {{ n }}","_[two]":"បាន​ជ្រើស {{ n }}","_[few]":"បាន​ជ្រើស {{ n }}","_[many]":"បាន​ជ្រើស {{ n }}","_[other]":"បាន​ជ្រើស {{ n }}"},"delete-n-items?":{"_":"{[ plural(n) ]}","_[zero]":"មិន​បាន​ជ្រើស​អ្វី​មួយ","_[one]":"លុប​ធាតុ​ដែល​បាន​ជ្រើស​ឬ?","_[two]":"លុប​ធាតុ {{ n }} ឬ?","_[few]":"លុប​ធាតុ {{ n }} ឬ?","_[many]":"លុប​ធាតុ {{ n }} ឬ?","_[other]":"លុប​ធាតុ {{ n }} ឬ?"},"share-noprovider":{"_":"ព្យាយាម​ចែករំលែក​វីដេអូ​មួយ​នៅ​ពេល​នេះ។"},"videos":{"_":"វីដេអូ"},"empty-title":{"_":"បន្ថែម​វីដេអូ​ដើម្បី​ចាប់ផ្ដើម"},"empty-text":{"_":"ផ្ទុក​វីដេអូ​​ឡើង​​ទៅ​កាត​អង្គចងចាំ។"},"nocard2-title":{"_":"រក​មិន​ឃើញ​កាត​អង្គ​ចងចាំ"},"nocard3-text":{"_":"បញ្ចូល​កាត​អង្គ​ចងចាំ​ដើម្បី​មើល​វីដេអូ។"},"pluggedin-title":{"_":"មិន​អាច​មើល​វីដេអូ​អំឡុង​ពេល​បាន​​ដោត​ចូល"},"pluggedin-text":{"_":"ដក​ចេញ​ទូរស័ព្ទ​ដើម្បី​មើល​វីដេអូ។"},"upgrade-title":{"_":"ធ្វើ​ឲ្យ​មូលដ្ឋាន​ទិន្នន័យ​ទាន់​សម័យ"},"upgrade-text":{"_":"សូម​រង់ចាំ​ខណៈ​ពេល​ការ​ធ្វើ​បច្ចុប្បន្នភាព​វីដេអូ​មូលដ្ឋាន​ទិន្នន័យ​របស់​វា។"},"confirm-delete":{"_":"តើ​អ្នក​ប្រាកដ​​​ជា​ចង់​លុប​ឬ៖"},"delete-video":{"label":"លុប​វីដេអូ​ឬ?"},"pick-title":{"_":"ជ្រើស​វីដេអូ​មួយ"},"save":{"_":"រក្សា​​ទុក"},"saved":{"_":"បាន​រក្សាទុក {{title}} ទៅ​វីដេអូ"},"error-network":{"_":"មិន​អាច​ទាញ​យក​វីដេអូ​បាន​ទេ​ពីព្រោះ​កំហុស​បណ្ដាញ។"},"error-unsupported":{"_":"មិន​អាច​ចាក់​វីដេអូ៖ ពី​ព្រោះ​ម៉ាស៊ីន​មេ ឬ​បណ្ដាញ​បាន​បរាជ័យ ឬ​ទ្រង់ទ្រាយ​មិន​ត្រូវ​បាន​គាំទ្រ។"},"error-unknown":{"_":"កំហុស​​វីដេអូ​ដែល​មិន​ស្គាល់​បាន​កើត​ឡើង។"},"overlay-cancel-button":{"_":"បោះបង់"},"overlay-camera-button":{"_":"ទៅ​កាន់​ម៉ាស៊ីន​ថត"},"name-label":{"_":"ឈ្មោះ"},"length-label":{"_":"ប្រវែង"},"size-label":{"_":"ទំហំ"},"video-type-label":{"_":"ប្រភេទ​​វីដេអូ"},"date-taken-label":{"_":"កាលបរិច្ឆេទ​ថត"},"resolution-label":{"_":"​គុណភាព​បង្ហាញ"},"close-button":{"_":"បិទ"},"byteUnit-B":{"_":"បៃ"},"byteUnit-KB":{"_":"KB"},"byteUnit-MB":{"_":"MB"},"byteUnit-GB":{"_":"GB"},"byteUnit-TB":{"_":"TB"},"byteUnit-PB":{"_":"PB"},"byteUnit-EB":{"_":"EB"},"byteUnit-ZB":{"_":"ZB"},"byteUnit-YB":{"_":"YB"},"date-group-header":{"_":"%B %Y"},"weekday-0-long":{"_":"អាទិត្យ"},"weekday-1-long":{"_":"ច័ន្ទ"},"weekday-2-long":{"_":"អង្គារ"},"weekday-3-long":{"_":"ពុធ"},"weekday-4-long":{"_":"ព្រហស្បតិ៍"},"weekday-5-long":{"_":"សុក្រ"},"weekday-6-long":{"_":"សៅរ៍"},"weekday-0-short":{"_":"អាទិត្យ"},"weekday-1-short":{"_":"ច័ន្ទ"},"weekday-2-short":{"_":"អង្គារ"},"weekday-3-short":{"_":"ពុធ"},"weekday-4-short":{"_":"ព្រហស្បតិ៍"},"weekday-5-short":{"_":"សុក្រ"},"weekday-6-short":{"_":"សៅរ៍"},"month-0-long":{"_":"មករា"},"month-1-long":{"_":"កុម្ភៈ"},"month-2-long":{"_":"មីនា"},"month-3-long":{"_":"មេសា"},"month-4-long":{"_":"ឧសភា"},"month-5-long":{"_":"មិថុនា"},"month-6-long":{"_":"កក្កដា"},"month-7-long":{"_":"សីហា"},"month-8-long":{"_":"កញ្ញា"},"month-9-long":{"_":"តុលា"},"month-10-long":{"_":"វិច្ឆិកា"},"month-11-long":{"_":"ធ្នូ"},"month-0-genitive":{"_":"មករា"},"month-1-genitive":{"_":"កុម្ភៈ"},"month-2-genitive":{"_":"មីនា"},"month-3-genitive":{"_":"មេសា"},"month-4-genitive":{"_":"ឧសភា"},"month-5-genitive":{"_":"មិថុនា"},"month-6-genitive":{"_":"កក្កដា"},"month-7-genitive":{"_":"សីហា"},"month-8-genitive":{"_":"កញ្ញា"},"month-9-genitive":{"_":"តុលា"},"month-10-genitive":{"_":"វិច្ឆិកា"},"month-11-genitive":{"_":"ធ្នូ"},"month-0-short":{"_":"មករា"},"month-1-short":{"_":"កុម្ភៈ"},"month-2-short":{"_":"មីនា"},"month-3-short":{"_":"មេសា"},"month-4-short":{"_":"ឧសភា"},"month-5-short":{"_":"មិថុនា"},"month-6-short":{"_":"កក្កដា"},"month-7-short":{"_":"សីហា"},"month-8-short":{"_":"កញ្ញា"},"month-9-short":{"_":"តុលា"},"month-10-short":{"_":"វិច្ឆិកា"},"month-11-short":{"_":"ធ្នូ"},"minutes-ago-long":{"_":"{[ plural(value) ]}","_[zero]":"អម្បាញ់មិញនេះ","_[one]":"មួយ​នាទី​មុន","_[two]":"{{value}} នាទី​មុន","_[few]":"{{value}} នាទី​មុន","_[many]":"{{value}} នាទី​មុន","_[other]":"{{value}} នាទី​មុន"},"hours-ago-long":{"_":"{[ plural(value) ]}","_[zero]":"អម្បាញ់មិញនេះ","_[one]":"មួយ​ម៉ោង​មុន","_[two]":"{{value}} ម៉ោង​មុន","_[few]":"{{value}} ម៉ោង​មុន","_[many]":"{{value}} ម៉ោង​មុន","_[other]":"{{value}} ម៉ោង​មុន"},"days-ago-long":{"_":"{[ plural(value) ]}","_[zero]":"ថ្ងៃ​នេះ","_[one]":"ម្សិលមិញ","_[two]":"{{value}} ថ្ងៃ​មុន","_[few]":"{{value}} ថ្ងៃ​មុន","_[many]":"{{value}} ថ្ងៃ​មុន","_[other]":"{{value}} ថ្ងៃ​មុន"},"weeks-ago-long":{"_":"{[ plural(value) ]}","_[zero]":"សប្ដាហ៍​នេះ","_[one]":"សប្ដាហ៍​មុន","_[two]":"{{value}} សប្ដាហ៍​មុន","_[few]":"{{value}} សប្ដាហ៍​មុន","_[many]":"{{value}} សប្ដាហ៍​មុន","_[other]":"{{value}} សប្ដាហ៍​មុន"},"months-ago-long":{"_":"{[ plural(value) ]}","_[zero]":"ខែ​នេះ","_[one]":"ខែ​មុន","_[two]":"{{value}} ខែ​មុន","_[few]":"{{value}} ខែ​មុន","_[many]":"{{value}} ខែ​មុន","_[other]":"{{value}} ខែ​មុន"},"years-ago-long":{"_":"{[ plural(value) ]}","_[zero]":"ឆ្នាំនេះ","_[one]":"ឆ្នាំ​មុន","_[two]":"{{value}} ឆ្នាំ​មុន","_[few]":"{{value}} ឆ្នាំ​មុន","_[many]":"{{value}} ឆ្នាំ​មុន","_[other]":"{{value}} ឆ្នាំ​មុន"},"minutes-until-long":{"_":"{[ plural(value) ]}","_[zero]":"ឥឡូវ","_[one]":"ក្នុង​ពេល​មួយ​នាទី","_[two]":"ក្នុង​ពេល {{value}} នាទី","_[few]":"ក្នុង​ពេល {{value}} នាទី","_[many]":"ក្នុង​ពេល​ {{value}} នាទី​","_[other]":"ក្នុង​ពេល {{value}} នាទី"},"hours-until-long":{"_":"{[ plural(value) ]}","_[zero]":"ឥឡូវ","_[one]":"ក្នុង​រយៈពេល​១​ម៉ោង","_[two]":"ក្នុង​ពេល​​ {{value}} ម៉ោង","_[few]":"ក្នុង​ពេល​​ {{value}} ម៉ោង","_[many]":"ក្នុង​ពេល​​ {{value}} ម៉ោង","_[other]":"ក្នុង​ពេល​​ {{value}} ម៉ោង"},"days-until-long":{"_":"{[ plural(value) ]}","_[zero]":"ថ្ងៃ​នេះ","_[one]":"ថ្ងៃស្អែក","_[two]":"ក្នុង​ពេល​​ {{value}} ថ្ងៃ","_[few]":"ក្នុង​ពេល​​ {{value}} ថ្ងៃ","_[many]":"ក្នុង​ពេល​​ {{value}} ថ្ងៃ","_[other]":"ក្នុង​ពេល​​ {{value}} ថ្ងៃ"},"weeks-until-long":{"_":"{[ plural(value) ]}","_[zero]":"សប្ដាហ៍​នេះ","_[one]":"សប្ដាហ៍​ក្រោយ","_[two]":"ក្នុង​ពេល {{value}} សប្ដាហ៍","_[few]":"ក្នុង​ពេល {{value}} សប្ដាហ៍","_[many]":"ក្នុង​ពេល {{value}} សប្ដាហ៍","_[other]":"ក្នុង​ពេល {{value}} សប្ដាហ៍"},"months-until-long":{"_":"{[ plural(value) ]}","_[zero]":"ខែ​នេះ","_[one]":"ខែ​ក្រោយ","_[two]":"ក្នុង​ពេល {{value}} ខែ","_[few]":"ក្នុង​ពេល {{value}} ខែ","_[many]":"ក្នុង​ពេល {{value}} ខែ","_[other]":"ក្នុង​ពេល {{value}} ខែ"},"years-until-long":{"_":"{[ plural(value) ]}","_[zero]":"ឆ្នាំនេះ","_[one]":"ឆ្នាំ​ក្រោយ","_[two]":"ក្នុង​ពេល {{value}} ឆ្នាំ","_[few]":"ក្នុង​ពេល {{value}} ឆ្នាំ","_[many]":"ក្នុង​ពេល {{value}} ឆ្នាំ","_[other]":"ក្នុង​ពេល {{value}} ឆ្នាំ"},"minutes-ago-short":{"_":"{[ plural(value) ]}","_[zero]":"អម្បាញ់មិញនេះ","_[other]":"{{value}}នាទី​មុន"},"hours-ago-short":{"_":"{[ plural(value) ]}","_[zero]":"អម្បាញ់មិញនេះ","_[other]":"{{value}}ម៉ោង​មុន"},"days-ago-short":{"_":"{[ plural(value) ]}","_[zero]":"ថ្ងៃ​នេះ","_[other]":"{{value}}ថ្ងៃ​មុន"},"minutes-until-short":{"_":"{[ plural(value) ]}","_[zero]":"ឥឡូវ","_[other]":"ក្នុង​ពេល {{value}}នាទី"},"hours-until-short":{"_":"{[ plural(value) ]}","_[zero]":"ឥឡូវ","_[other]":"ក្នុង​ពេល {{value}}ម៉ោង"},"days-until-short":{"_":"{[ plural(value) ]}","_[zero]":"ថ្ងៃ​នេះ","_[other]":"ក្នុង​ពេល {{value}}ថ្ងៃ"},"incorrectDate":{"_":"(កាលបរិច្ឆេទ​មិន​ត្រឹមត្រូវ)"},"dateTimeFormat_%c":{"_":"%a %b %e %Y %I:%M:%S %p"},"dateTimeFormat_%x":{"_":"%m/%d/%Y"},"dateTimeFormat_%X":{"_":"%I:%M:%S %p"},"shortTimeFormat":{"_":"%I:%M %p"},"shortDateTimeFormat":{"_":"%x %I:%M %p"},"weekStartsOnMonday":{"_":"0"},"time_am":{"_":"ព្រឹក"},"time_pm":{"_":"PM"}}