{"number-selected2":{"_":"{[ plural(n) ]}","_[zero]":"선택","_[one]":"{{ n }}개 선택됨","_[two]":"{{ n }}개 선택됨","_[few]":"{{ n }}개 선택됨","_[many]":"{{ n }}개 선택됨","_[other]":"{{ n }}개 선택됨"},"delete-n-items?":{"_":"{[ plural(n) ]}","_[zero]":"선택된 항목 없음","_[one]":"선택된 항목을 삭제하시겠습니가?","_[two]":"{{ n }}개를 삭제하시겠습니까?","_[few]":"{{ n }}개를 삭제하시겠습니까?","_[many]":"{{ n }}개를 삭제하시겠습니까?","_[other]":"{{ n }}개를 삭제하시겠습니까?"},"share-noprovider":{"_":"한번에 하나의 동영상을 공유할 수 있습니다."},"videos":{"_":"동영상"},"empty-title":{"_":"동영상 시작하기"},"empty-text":{"_":"동영상을 메모리 카드로 읽어들입니다."},"nocard2-title":{"_":"메모리 카드를 찾지 못함"},"nocard3-text":{"_":"동영상을 보기위해 메모리 카드를 삽입하세요."},"pluggedin-title":{"_":"폰이 꽂혀있으면 동영상을 볼 수 없음"},"pluggedin-text":{"_":"동영상을 보려면 폰을 빼십시오."},"upgrade-title":{"_":"데이터베이스 업그레이드"},"upgrade-text":{"_":"동영상 데이터베이스를 갱신하고 있습니다. 잠시 기다려 주세요."},"confirm-delete":{"_":"삭제 확인:"},"delete-video":{"label":"동영상을 삭제하시겠습니까?"},"pick-title":{"_":"동영상 선택"},"save":{"_":"저장"},"saved":{"_":"{{title}} 동영상을 저장함"},"error-network":{"_":"네트워크 오류가 발생하여 동영상을 다운받지 못하였습니다."},"error-unsupported":{"_":"동영상을 재상할 수 없음: 서버나 네트워크에 오류가 있거나 지원되지 않는 형식입니다."},"error-unknown":{"_":"알 수 없는 동영상 오류가 발생하였습니다."},"overlay-cancel-button":{"_":"취소"},"overlay-camera-button":{"_":"카메라"},"name-label":{"_":"이름"},"length-label":{"_":"길이"},"size-label":{"_":"크기"},"video-type-label":{"_":"동영상 형식"},"date-taken-label":{"_":"촬영 날짜"},"resolution-label":{"_":"해상도"},"close-button":{"_":"닫기"},"byteUnit-B":{"_":"바이트"},"byteUnit-KB":{"_":"KB"},"byteUnit-MB":{"_":"MB"},"byteUnit-GB":{"_":"GB"},"byteUnit-TB":{"_":"TB"},"byteUnit-PB":{"_":"PB"},"byteUnit-EB":{"_":"EB"},"byteUnit-ZB":{"_":"ZB"},"byteUnit-YB":{"_":"YB"},"date-group-header":{"_":"%B %Y"},"weekday-0-long":{"_":"일요일"},"weekday-1-long":{"_":"월요일"},"weekday-2-long":{"_":"화요일"},"weekday-3-long":{"_":"수요일"},"weekday-4-long":{"_":"목요일"},"weekday-5-long":{"_":"금요일"},"weekday-6-long":{"_":"토요일"},"weekday-0-short":{"_":"일"},"weekday-1-short":{"_":"월"},"weekday-2-short":{"_":"화"},"weekday-3-short":{"_":"수"},"weekday-4-short":{"_":"목"},"weekday-5-short":{"_":"금"},"weekday-6-short":{"_":"토"},"month-0-long":{"_":"1월"},"month-1-long":{"_":"2월"},"month-2-long":{"_":"3월"},"month-3-long":{"_":"4월"},"month-4-long":{"_":"5월"},"month-5-long":{"_":"6월"},"month-6-long":{"_":"7월"},"month-7-long":{"_":"8월"},"month-8-long":{"_":"9월"},"month-9-long":{"_":"10월"},"month-10-long":{"_":"11월"},"month-11-long":{"_":"12월"},"month-0-genitive":{"_":"1월"},"month-1-genitive":{"_":"2월"},"month-2-genitive":{"_":"3월"},"month-3-genitive":{"_":"4월"},"month-4-genitive":{"_":"5월"},"month-5-genitive":{"_":"6월"},"month-6-genitive":{"_":"7월"},"month-7-genitive":{"_":"8월"},"month-8-genitive":{"_":"9월"},"month-9-genitive":{"_":"10월"},"month-10-genitive":{"_":"11월"},"month-11-genitive":{"_":"12월"},"month-0-short":{"_":"1월"},"month-1-short":{"_":"2월"},"month-2-short":{"_":"3월"},"month-3-short":{"_":"4월"},"month-4-short":{"_":"5월"},"month-5-short":{"_":"6월"},"month-6-short":{"_":"7월"},"month-7-short":{"_":"8월"},"month-8-short":{"_":"9월"},"month-9-short":{"_":"10월"},"month-10-short":{"_":"11월"},"month-11-short":{"_":"12월"},"minutes-ago-long":{"_":"{[ plural(value) ]}","_[zero]":"지금","_[one]":"1분 전","_[two]":"{{value}}분 전","_[few]":"{{value}}분 전","_[many]":"{{value}}분 전","_[other]":"{{value}}분 전"},"hours-ago-long":{"_":"{[ plural(value) ]}","_[zero]":"지금","_[one]":"1시간 전","_[two]":"{{value}}시간 전","_[few]":"{{value}}시간 전","_[many]":"{{value}}시간 전","_[other]":"{{value}}시간 전"},"days-ago-long":{"_":"{[ plural(value) ]}","_[zero]":"오늘","_[one]":"어제","_[two]":"{{value}}일 전","_[few]":"{{value}}일 전","_[many]":"{{value}}일 전","_[other]":"{{value}}일 전"},"weeks-ago-long":{"_":"{[ plural(value) ]}","_[zero]":"이번 주","_[one]":"지난 주","_[two]":"{{value}}주 전","_[few]":"{{value}}주 전","_[many]":"{{value}}주 전","_[other]":"{{value}}주 전"},"months-ago-long":{"_":"{[ plural(value) ]}","_[zero]":"이번 달","_[one]":"지난 달","_[two]":"{{value}}개월 전","_[few]":"{{value}}개월 전","_[many]":"{{value}}개월 전","_[other]":"{{value}}개월 전"},"years-ago-long":{"_":"{[ plural(value) ]}","_[zero]":"올해","_[one]":"작년","_[two]":"{{value}}년 전","_[few]":"{{value}}년 전","_[many]":"{{value}}년 전","_[other]":"{{value}}년 전"},"minutes-until-long":{"_":"{[ plural(value) ]}","_[zero]":"지금","_[one]":"1분 후","_[two]":"{{value}}분 후","_[few]":"{{value}}분 후","_[many]":"{{value}}분 후","_[other]":"{{value}}분 후"},"hours-until-long":{"_":"{[ plural(value) ]}","_[zero]":"지금","_[one]":"한 시간 후","_[two]":"{{value}}시간 후","_[few]":"{{value}}시간 후","_[many]":"{{value}}시간 후","_[other]":"{{value}}시간 후"},"days-until-long":{"_":"{[ plural(value) ]}","_[zero]":"오늘","_[one]":"내일","_[two]":"{{value}}일 후","_[few]":"{{value}}일 후","_[many]":"{{value}}일 후","_[other]":"{{value}}일 후"},"weeks-until-long":{"_":"{[ plural(value) ]}","_[zero]":"이번 주","_[one]":"다음 주","_[two]":"{{value}}주 후","_[few]":"{{value}}주 후","_[many]":"{{value}}주 후","_[other]":"{{value}}주 후"},"months-until-long":{"_":"{[ plural(value) ]}","_[zero]":"이번 달","_[one]":"다음 달","_[two]":"{{value}}개월 후","_[few]":"{{value}}개월 후","_[many]":"{{value}}개월 후","_[other]":"{{value}}개월 후"},"years-until-long":{"_":"{[ plural(value) ]}","_[zero]":"올해","_[one]":"내년","_[two]":"{{value}}년 후","_[few]":"{{value}}년 후","_[many]":"{{value}}년 후","_[other]":"{{value}}년 후"},"minutes-ago-short":{"_":"{[ plural(value) ]}","_[zero]":"지금","_[other]":"{{value}}분 전"},"hours-ago-short":{"_":"{[ plural(value) ]}","_[zero]":"지금","_[other]":"{{value}}시간 전"},"days-ago-short":{"_":"{[ plural(value) ]}","_[zero]":"오늘","_[other]":"{{value}}일 전"},"minutes-until-short":{"_":"{[ plural(value) ]}","_[zero]":"지금","_[other]":"{{value}}분 후"},"hours-until-short":{"_":"{[ plural(value) ]}","_[zero]":"지금","_[other]":"{{value}}시간 후"},"days-until-short":{"_":"{[ plural(value) ]}","_[zero]":"오늘","_[other]":"{{value}}일 후"},"incorrectDate":{"_":"(잘못된 날짜)"},"dateTimeFormat_%c":{"_":"%Y년 %B %e일 %a %I:%M:%S %p"},"dateTimeFormat_%x":{"_":"%Y/%m/%d"},"dateTimeFormat_%X":{"_":"%I:%M:%S %p"},"shortTimeFormat":{"_":"%I:%M %p"},"shortDateTimeFormat":{"_":"%x %I:%M %p"},"weekStartsOnMonday":{"_":"0"},"time_am":{"_":"오전"},"time_pm":{"_":"오후"}}