{"number-selected2":{"_":"{[ plural(n) ]}","_[zero]":"Избери","_[one]":"{{ n }} избрано","_[two]":"{{ n }} избрани","_[few]":"{{ n }} избрани","_[many]":"{{ n }} избрани","_[other]":"{{ n }} избрани"},"delete-n-items?":{"_":"{[ plural(n) ]}","_[zero]":"Ништо не е избрано","_[one]":"Избриши ја избраната ставка?","_[two]":"Избриши {{ n }} ставки?","_[few]":"Избриши {{ n }} ставки?","_[many]":"Избриши {{ n }} ставки?","_[other]":"Избриши {{ n }} ставки?"},"share-noprovider":{"_":"Споделувајте по едно видео."},"videos":{"_":"Видеа"},"empty-title":{"_":"Додајте видео за да започнето"},"empty-text":{"_":"Се вчитуваат видеата од мемориската картичка."},"nocard2-title":{"_":"Нема мемориска картичка"},"nocard3-text":{"_":"Внесете мемориска картичка да гледате видеа."},"pluggedin-title":{"_":"Не може да гледате видео додека телефонот е вклучен"},"pluggedin-text":{"_":"Извадете го кабелот за да слушате музика."},"upgrade-title":{"_":"Надградба на база"},"upgrade-text":{"_":"Ве молам почекајте додека Видео ја ажурира својата база на податоци."},"confirm-delete":{"_":"Дали сигурно сакате да го избришете:"},"delete-video":{"label":"Избриши го видеото?"},"pick-title":{"_":"Избери видео"},"save":{"_":"Сними"},"saved":{"_":"{{title}} е снимено во видео."},"error-network":{"_":"Мрежна грешка спречи видеото да биде преземено."},"error-unsupported":{"_":"Видеото не може да се пушти. Или серверот или мрежата не работат или формато не е поддржан."},"error-unknown":{"_":"Се случи непозната грешка."},"overlay-cancel-button":{"_":"Откажи"},"overlay-camera-button":{"_":"Оди на камера"},"name-label":{"_":"Име"},"length-label":{"_":"Времетраење"},"size-label":{"_":"Зафатнина"},"video-type-label":{"_":"Тип на видео"},"date-taken-label":{"_":"Датум на снимање"},"resolution-label":{"_":"Резолуција"},"close-button":{"_":"Затвори"},"byteUnit-B":{"_":"бајти"},"byteUnit-KB":{"_":"КБ"},"byteUnit-MB":{"_":"МБ"},"byteUnit-GB":{"_":"ГБ"},"byteUnit-TB":{"_":"ТБ"},"byteUnit-PB":{"_":"ПБ"},"byteUnit-EB":{"_":"ЕБ"},"byteUnit-ZB":{"_":"ЗБ"},"byteUnit-YB":{"_":"ЈБ"},"date-group-header":{"_":"%B %Y"},"weekday-0-long":{"_":"Недела"},"weekday-1-long":{"_":"Понеделник"},"weekday-2-long":{"_":"Вторник"},"weekday-3-long":{"_":"Среда"},"weekday-4-long":{"_":"Четврток"},"weekday-5-long":{"_":"Петок"},"weekday-6-long":{"_":"Сабота"},"weekday-0-short":{"_":"Нед"},"weekday-1-short":{"_":"Пон"},"weekday-2-short":{"_":"Вто"},"weekday-3-short":{"_":"Сре"},"weekday-4-short":{"_":"Чет"},"weekday-5-short":{"_":"Пет"},"weekday-6-short":{"_":"Саб"},"month-0-long":{"_":"јануари"},"month-1-long":{"_":"февруари"},"month-2-long":{"_":"март"},"month-3-long":{"_":"април"},"month-4-long":{"_":"мај"},"month-5-long":{"_":"јуни"},"month-6-long":{"_":"јули"},"month-7-long":{"_":"август"},"month-8-long":{"_":"септември"},"month-9-long":{"_":"октомври"},"month-10-long":{"_":"ноември"},"month-11-long":{"_":"декември"},"month-0-genitive":{"_":"јануари"},"month-1-genitive":{"_":"февруари"},"month-2-genitive":{"_":"март"},"month-3-genitive":{"_":"април"},"month-4-genitive":{"_":"мај"},"month-5-genitive":{"_":"јуни"},"month-6-genitive":{"_":"јули"},"month-7-genitive":{"_":"август"},"month-8-genitive":{"_":"септември"},"month-9-genitive":{"_":"октомври"},"month-10-genitive":{"_":"ноември"},"month-11-genitive":{"_":"декември"},"month-0-short":{"_":"јан"},"month-1-short":{"_":"фев"},"month-2-short":{"_":"мар"},"month-3-short":{"_":"апр"},"month-4-short":{"_":"мај"},"month-5-short":{"_":"јун"},"month-6-short":{"_":"јул"},"month-7-short":{"_":"авг"},"month-8-short":{"_":"сеп"},"month-9-short":{"_":"окт"},"month-10-short":{"_":"ное"},"month-11-short":{"_":"дек"},"minutes-ago-long":{"_":"{[ plural(value) ]}","_[zero]":"сега","_[one]":"пред една минута","_[two]":"пред {{value}} минути","_[few]":"пред {{value}} минути","_[many]":"пред {{value}} минути","_[other]":"пред {{value}} минути"},"hours-ago-long":{"_":"{[ plural(value) ]}","_[zero]":"сега","_[one]":"пред еден час","_[two]":"пред {{value}} часа","_[few]":"пред {{value}} часа","_[many]":"пред {{value}} часови","_[other]":"пред {{value}} часови"},"days-ago-long":{"_":"{[ plural(value) ]}","_[zero]":"денес","_[one]":"вчера","_[two]":"пред {{value}} дена","_[few]":"пред {{value}} дена","_[many]":"пред {{value}} денови","_[other]":"пред {{value}} денови"},"weeks-ago-long":{"_":"{[ plural(value) ]}","_[zero]":"оваа недела","_[one]":"минатата недела","_[two]":"пред {{value}} недели","_[few]":"пред {{value}} недели","_[many]":"пред {{value}} недели","_[other]":"пред {{value}} недели"},"months-ago-long":{"_":"{[ plural(value) ]}","_[zero]":"овој месец","_[one]":"минатиот месец","_[two]":"пред {{value}} месеци","_[few]":"пред {{value}} месеци","_[many]":"пред {{value}} месеци","_[other]":"пред {{value}} месеци"},"years-ago-long":{"_":"{[ plural(value) ]}","_[zero]":"оваа година","_[one]":"минатата година","_[two]":"пред {{value}} години","_[few]":"пред {{value}} години","_[many]":"пред {{value}} години","_[other]":"пред {{value}} години"},"minutes-until-long":{"_":"{[ plural(value) ]}","_[zero]":"сега","_[one]":"за една минута","_[two]":"за {{value}} минути","_[few]":"за {{value}} минути","_[many]":"за {{value}} минути","_[other]":"за {{value}} минути"},"hours-until-long":{"_":"{[ plural(value) ]}","_[zero]":"сега","_[one]":"за еден час","_[two]":"за {{value}} часа","_[few]":"за {{value}} часа","_[many]":"за {{value}} часови","_[other]":"за {{value}} часови"},"days-until-long":{"_":"{[ plural(value) ]}","_[zero]":"денес","_[one]":"утре","_[two]":"за {{value}} дена","_[few]":"за {{value}} дена","_[many]":"за {{value}} денови","_[other]":"за {{value}} денови"},"weeks-until-long":{"_":"{[ plural(value) ]}","_[zero]":"оваа седмица","_[one]":"следната седмица","_[two]":"за {{value}} седмици","_[few]":"за {{value}} седмици","_[many]":"за {{value}} седмици","_[other]":"за {{value}} седмици"},"months-until-long":{"_":"{[ plural(value) ]}","_[zero]":"овој месец","_[one]":"следниот месец","_[two]":"за {{value}} месеци","_[few]":"за {{value}} месеци","_[many]":"за {{value}} месеци","_[other]":"за {{value}} месеци"},"years-until-long":{"_":"{[ plural(value) ]}","_[zero]":"оваа година","_[one]":"следната година","_[two]":"за {{value}} години","_[few]":"за {{value}} години","_[many]":"за {{value}} години","_[other]":"за {{value}} години"},"minutes-ago-short":{"_":"{[ plural(value) ]}","_[zero]":"сега","_[other]":"пред {{value}}m"},"hours-ago-short":{"_":"{[ plural(value) ]}","_[zero]":"сега","_[other]":"пред {{value}}h"},"days-ago-short":{"_":"{[ plural(value) ]}","_[zero]":"денес","_[other]":"пред {{value}}d"},"minutes-until-short":{"_":"{[ plural(value) ]}","_[zero]":"сега","_[other]":"за {{value}}m"},"hours-until-short":{"_":"{[ plural(value) ]}","_[zero]":"сега","_[other]":"за {{value}}h"},"days-until-short":{"_":"{[ plural(value) ]}","_[zero]":"денес","_[other]":"за {{value}}d"},"incorrectDate":{"_":"(неточен датум)"},"dateTimeFormat_%c":{"_":"%a %b %e %Y %H:%M:%S"},"dateTimeFormat_%x":{"_":"%d/%m/%Y"},"dateTimeFormat_%X":{"_":"%H:%M:%S"},"shortTimeFormat":{"_":"%H:%M"},"shortDateTimeFormat":{"_":"%x %H:%M"},"weekStartsOnMonday":{"_":"1"},"time_am":{"_":"AM"},"time_pm":{"_":"PM"}}