{"number-selected2":{"_":"{[ plural(n) ]}","_[zero]":"चयन गर्नुहोस्","_[one]":"{{ n }} चयन गरिएको","_[two]":"{{ n }} चयन गरिएको","_[few]":"{{ n }} चयन गरिएको","_[many]":"{{ n }} चयन गरिएको","_[other]":"{{ n }} चयन गरिएको"},"delete-n-items?":{"_":"{[ plural(n) ]}","_[zero]":"केही पनि चयन गरिएको छैन","_[one]":"चयन गरिएको वस्तु मेटाउनुहोस्?","_[two]":"{{ n }} वटा वस्तुहरु मेटाउनुहोस्?","_[few]":"{{ n }} वटा वस्तुहरु मेटाउनुहोस्? ","_[many]":"{{ n }} वटा वस्तुहरु मेटाउनुहोस्?","_[other]":"{{ n }} वटा वस्तुहरु मेटाउनुहोस्?"},"share-noprovider":{"_":"एक पटकमा एउटा भिडियो साझेदारी गरी हेर्नुहोस्।"},"videos":{"_":"भिडियोहरु"},"empty-title":{"_":"सुरु गर्न भिडियोहरु थप्नुहोस्"},"empty-text":{"_":"भिडियोहरु मेमोरी कार्डमा लोड गर्नुहोस"},"nocard2-title":{"_":"मेमोरी कार्ड भेटिएन"},"nocard3-text":{"_":"भिडियोहरु हेर्नका लागि मेमोरी कार्ड घुसाउनुहोस्"},"pluggedin-title":{"_":"जोडिएको बेलामा भिडियोहरु हेर्न सकिदैन"},"pluggedin-text":{"_":"भिडियोहरु हेर्नका लागि फोन निकाल्नुहोस्"},"upgrade-title":{"_":"डेटाबेस स्तरवृद्धि"},"upgrade-text":{"_":"कृपया भिडियोको डेटाबेस अद्यावधिक हुँदै गर्दा प्रतिक्षा गर्नुहोस्।"},"confirm-delete":{"_":"के तपाई मेट्ने कुरामा ढुक्क हुनुहुन्छ: "},"delete-video":{"label":"भिडियो मेटाउने?"},"pick-title":{"_":"भिडियो चयन गर्नुहोस्"},"save":{"_":"बचत गर्नुहोस्"},"saved":{"_":"{{title}} भिडियोमा बचत गरियो"},"error-network":{"_":"सञ्जाल त्रुटिका कारण भिडियो डाउनलोड हुनसकेन।"},"error-unsupported":{"_":"भिडियो प्ले हुन सकेन: किनभने सर्भर वा सञ्जाल असफल हुन पुग्यो वा स्वरूप समर्थित छैन।"},"error-unknown":{"_":"एउटा अज्ञात भिडियो त्रुटि देखापर्यो।"},"overlay-cancel-button":{"_":"रद्द गर्नुहोस्"},"overlay-camera-button":{"_":"क्यामेरामा जानुहोस्"},"name-label":{"_":"नाम"},"length-label":{"_":"लम्बाइ"},"size-label":{"_":"आकार"},"video-type-label":{"_":"भिडियोको प्रकार"},"date-taken-label":{"_":"लिइएको मिति"},"resolution-label":{"_":"रिजोल्युसन"},"close-button":{"_":"बन्द"},"byteUnit-B":{"_":"बाइटहरू"},"byteUnit-KB":{"_":"किलो बाइट"},"byteUnit-MB":{"_":"मेगाबाइट"},"byteUnit-GB":{"_":"गिगा बाइट"},"byteUnit-TB":{"_":"टेरा बाइट"},"byteUnit-PB":{"_":"पेटा बाइट"},"byteUnit-EB":{"_":"एग्जा बाइट"},"byteUnit-ZB":{"_":"जेटा बाइट"},"byteUnit-YB":{"_":"योटा बाइट"},"date-group-header":{"_":"%B %Y"},"weekday-0-long":{"_":"आइतबार"},"weekday-1-long":{"_":"सोमबार"},"weekday-2-long":{"_":"मंगलबार"},"weekday-3-long":{"_":"बुधबार"},"weekday-4-long":{"_":"बिहिबार"},"weekday-5-long":{"_":"शुक्रबार"},"weekday-6-long":{"_":"शनिबार"},"weekday-0-short":{"_":"आइत"},"weekday-1-short":{"_":"सोम"},"weekday-2-short":{"_":"मङ्गल"},"weekday-3-short":{"_":"बुध"},"weekday-4-short":{"_":"बिहि"},"weekday-5-short":{"_":"शुक्र"},"weekday-6-short":{"_":"शनि"},"month-0-long":{"_":"जनवरी"},"month-1-long":{"_":"फेब्रुअरी"},"month-2-long":{"_":"ंमार्च"},"month-3-long":{"_":"अप्रिल"},"month-4-long":{"_":"मे"},"month-5-long":{"_":"जुन"},"month-6-long":{"_":"जुलाई"},"month-7-long":{"_":"अगस्ट"},"month-8-long":{"_":"सेप्टेम्बर"},"month-9-long":{"_":"अक्टोबर"},"month-10-long":{"_":"नोभेम्बर"},"month-11-long":{"_":"डिसेम्बर"},"month-0-genitive":{"_":"जनवरी"},"month-1-genitive":{"_":"फेब्रुअरी"},"month-2-genitive":{"_":"ंमार्च"},"month-3-genitive":{"_":"अप्रिल"},"month-4-genitive":{"_":"मे"},"month-5-genitive":{"_":"जुन"},"month-6-genitive":{"_":"जुलाई"},"month-7-genitive":{"_":"अगस्ट"},"month-8-genitive":{"_":"सेप्टेम्बर"},"month-9-genitive":{"_":"अक्टोबर"},"month-10-genitive":{"_":"नोभेम्बर"},"month-11-genitive":{"_":"डिसेम्बर"},"month-0-short":{"_":"जन"},"month-1-short":{"_":"फेब"},"month-2-short":{"_":"मार्च"},"month-3-short":{"_":"अप्रिल"},"month-4-short":{"_":"मे"},"month-5-short":{"_":"जुन"},"month-6-short":{"_":"जुलाई"},"month-7-short":{"_":"अगस्ट"},"month-8-short":{"_":"सेप्टेम्वर"},"month-9-short":{"_":"अक्टुवर"},"month-10-short":{"_":"नोभेम्वर"},"month-11-short":{"_":"डिसेम्वर"},"minutes-ago-long":{"_":"{[ plural(value) ]}","_[zero]":"भर्खरै","_[one]":"एक मिनेट अगाडि","_[two]":"{{value}} मिनेट अगाडि","_[few]":"{{value}} मिनेट अगाडि","_[many]":"{{value}} मिनेट अगाडि","_[other]":"{{value}} मिनेट अगाडि"},"hours-ago-long":{"_":"{[ plural(value) ]}","_[zero]":"भर्खरै","_[one]":"एक घन्टा अगाडि","_[two]":"{{value}} घण्टा अगाडि","_[few]":"{{value}} घण्टा अगाडि","_[many]":"{{value}} घण्टा अगाडि","_[other]":"{{value}} घण्टा अगाडि"},"days-ago-long":{"_":"{[ plural(value) ]}","_[zero]":"आज","_[one]":"हिजो","_[two]":"{{value}} दिन अगाडि","_[few]":"{{value}} दिन अगाडि","_[many]":"{{value}} दिन अगाडि","_[other]":"{{value}} दिन अगाडि"},"weeks-ago-long":{"_":"{[ plural(value) ]}","_[zero]":"यो हप्ता","_[one]":"गएको हप्ता","_[two]":"{{value}} हप्ता अगाडि","_[few]":"{{value}} हप्ता अगाडि","_[many]":"{{value}} हप्ता अगाडि","_[other]":"{{value}} हप्ता अगाडि"},"months-ago-long":{"_":"{[ plural(value) ]}","_[zero]":"यो महिना","_[one]":"गएको महिना","_[two]":"{{value}} महिना अगाडि","_[few]":"{{value}} महिना अगाडि","_[many]":"{{value}} महिना अगाडि","_[other]":"{{value}} महिना अगाडि"},"years-ago-long":{"_":"{[ plural(value) ]}","_[zero]":"यो वर्ष","_[one]":"अघिल्लो वर्ष","_[two]":"{{value}} वर्ष अगाडि","_[few]":"{{value}} वर्ष अगाडि","_[many]":"{{value}} वर्ष अगाडि","_[other]":"{{value}} वर्ष अगाडि"},"minutes-until-long":{"_":"{[ plural(value) ]}","_[zero]":"अहिले","_[one]":"एक मिनेटमा","_[two]":"{{value}} मिनेटमा","_[few]":"{{value}} मिनेटमा","_[many]":"{{value}} मिनेटमा","_[other]":"{{value}} मिनेटमा"},"hours-until-long":{"_":"{[ plural(value) ]}","_[zero]":"अहिले","_[one]":"एक घण्टामा","_[two]":"{{value}} घण्टामा","_[few]":"{{value}} घण्टामा","_[many]":"{{value}} घण्टामा","_[other]":"{{value}} घण्टामा"},"days-until-long":{"_":"{[ plural(value) ]}","_[zero]":"आज","_[one]":"भोलि","_[two]":"{{value}} दिनमा","_[few]":"{{value}} दिनमा","_[many]":"{{value}} दिनमा","_[other]":"{{value}} दिनमा"},"weeks-until-long":{"_":"{[ plural(value) ]}","_[zero]":"यो हप्ता","_[one]":"पछिल्लो हप्ता","_[two]":"{{value}} हप्तामा","_[few]":"{{value}} हप्तामा","_[many]":"{{value}} हप्तामा","_[other]":"{{value}} हप्तामा"},"months-until-long":{"_":"{[ plural(value) ]}","_[zero]":"यस महिना","_[one]":"पछिल्लो महिना","_[two]":"{{value}} महिनामा","_[few]":"{{value}} महिनामा","_[many]":"{{value}} महिनामा","_[other]":"{{value}} महिनामा"},"years-until-long":{"_":"{[ plural(value) ]}","_[zero]":"यस बर्ष","_[one]":"आर्को बर्ष","_[two]":"{{value}} बर्षमा","_[few]":"{{value}} बर्षमा","_[many]":"{{value}} वर्षमा","_[other]":"{{value}} वर्षमा"},"minutes-ago-short":{"_":"{[ plural(value) ]}","_[zero]":"भर्खरै","_[other]":"{{value}}मिनेट अघि"},"hours-ago-short":{"_":"{[ plural(value) ]}","_[zero]":"भर्खरै","_[other]":"{{value}}घण्टा अघि"},"days-ago-short":{"_":"{[ plural(value) ]}","_[zero]":"आज","_[other]":"{{value}}दिन अघि"},"minutes-until-short":{"_":"{[ plural(value) ]}","_[zero]":"अहिले","_[other]":"{{value}}मिनेटमा"},"hours-until-short":{"_":"{[ plural(value) ]}","_[zero]":"अहिले","_[other]":"{{value}}घण्टामा"},"days-until-short":{"_":"{[ plural(value) ]}","_[zero]":"आज","_[other]":"{{value}}दिनमा"},"incorrectDate":{"_":"(गलत मिति)"},"dateTimeFormat_%c":{"_":"%a %b %e %Y %I:%M:%S %p"},"dateTimeFormat_%x":{"_":"%m/%d/%Y"},"dateTimeFormat_%X":{"_":"%I:%M:%S %p"},"shortTimeFormat":{"_":"%I:%M %p"},"shortDateTimeFormat":{"_":"%x %I:%M %p"},"weekStartsOnMonday":{"_":"0"},"time_am":{"_":"ए एम"},"time_pm":{"_":"पी एम"}}