{"number-selected2":{"_":"{[ plural(n) ]}","_[zero]":"Означи","_[one]":"{{ n }} је означен","_[two]":"{{ n }} су означена","_[few]":"{{ n }} je означенo","_[many]":"{{ n }} је означено","_[other]":"{{ n }} је означено"},"delete-n-items?":{"_":"{[ plural(n) ]}","_[zero]":"Ништа није означено","_[one]":"Обрисати изабрани снимак?","_[two]":"Обрисати {{ n }} снимка?","_[few]":"Обрисати {{ n }} снимака?","_[many]":"Обрисати {{ n }} снимака?","_[other]":"Обрисати {{ n }} снимака?"},"share-noprovider":{"_":"Пробајте да сваки снимак посебно делите."},"videos":{"_":"Видео"},"empty-title":{"_":"Да бисте започели, додајте видео снимке"},"empty-text":{"_":"Учитајте видео снимке са меморијскe картицe."},"nocard2-title":{"_":"Нема меморијске картице"},"nocard3-text":{"_":"Уметните меморијску картицу да бисте гледали снимке."},"pluggedin-title":{"_":"Видео снимак се не може погледати док је телефон повезан каблом"},"pluggedin-text":{"_":"Извадите кабел из телефона да бисте погледали видео."},"upgrade-title":{"_":"Надоградња базе података"},"upgrade-text":{"_":"Молим Вас сачекајте док се база података ажурира."},"confirm-delete":{"_":"Да ли сте сигурни да желите да обришете:"},"delete-video":{"label":"Обрисати видео снимак?"},"pick-title":{"_":"Одаберите видео снимак"},"save":{"_":"Сними"},"saved":{"_":"{{title}} је снимљен"},"error-network":{"_":"Видео снимак није преузет због грешке на мрежи."},"error-unsupported":{"_":"Видео снимак не може бити репродукован: дошло је до грешке на мрежи или серверу или формат снимка није подржан."},"error-unknown":{"_":"Дошло је до непознате грешке."},"overlay-cancel-button":{"_":"Откажи"},"overlay-camera-button":{"_":"Камера"},"name-label":{"_":"Назив"},"length-label":{"_":"Дужина"},"size-label":{"_":"Величина"},"video-type-label":{"_":"Врста видеа"},"date-taken-label":{"_":"Снимљено"},"resolution-label":{"_":"Резолуција"},"close-button":{"_":"Затвори"},"byteUnit-B":{"_":"бајта"},"byteUnit-KB":{"_":"KB"},"byteUnit-MB":{"_":"MB"},"byteUnit-GB":{"_":"GB"},"byteUnit-TB":{"_":"TB"},"byteUnit-PB":{"_":"PB"},"byteUnit-EB":{"_":"EB"},"byteUnit-ZB":{"_":"ZB"},"byteUnit-YB":{"_":"YB"},"date-group-header":{"_":"%B %Y"},"weekday-0-long":{"_":"Недеља"},"weekday-1-long":{"_":"Понедељак"},"weekday-2-long":{"_":"Уторак"},"weekday-3-long":{"_":"Среда"},"weekday-4-long":{"_":"Четвртак"},"weekday-5-long":{"_":"Петак"},"weekday-6-long":{"_":"Субота"},"weekday-0-short":{"_":"Нед"},"weekday-1-short":{"_":"Пон"},"weekday-2-short":{"_":"Уто"},"weekday-3-short":{"_":"Сре"},"weekday-4-short":{"_":"Чет"},"weekday-5-short":{"_":"Пет"},"weekday-6-short":{"_":"Суб"},"month-0-long":{"_":"јануар"},"month-1-long":{"_":"фебруар"},"month-2-long":{"_":"март"},"month-3-long":{"_":"април"},"month-4-long":{"_":"мај"},"month-5-long":{"_":"јун"},"month-6-long":{"_":"јул"},"month-7-long":{"_":"август"},"month-8-long":{"_":"септембар"},"month-9-long":{"_":"октобар"},"month-10-long":{"_":"новембар"},"month-11-long":{"_":"децембар"},"month-0-genitive":{"_":"јануара"},"month-1-genitive":{"_":"фебруара"},"month-2-genitive":{"_":"марта"},"month-3-genitive":{"_":"априла"},"month-4-genitive":{"_":"маја"},"month-5-genitive":{"_":"јуна"},"month-6-genitive":{"_":"јула"},"month-7-genitive":{"_":"августа"},"month-8-genitive":{"_":"септембра"},"month-9-genitive":{"_":"октобра"},"month-10-genitive":{"_":"новембра"},"month-11-genitive":{"_":"децембра"},"month-0-short":{"_":"јан"},"month-1-short":{"_":"феб"},"month-2-short":{"_":"мар"},"month-3-short":{"_":"апр"},"month-4-short":{"_":"мај"},"month-5-short":{"_":"јун"},"month-6-short":{"_":"јул"},"month-7-short":{"_":"авг"},"month-8-short":{"_":"сеп"},"month-9-short":{"_":"окт"},"month-10-short":{"_":"нов"},"month-11-short":{"_":"дец"},"minutes-ago-long":{"_":"{[ plural(value) ]}","_[zero]":"управо","_[one]":"пре минут","_[two]":"пре {{value}} минута","_[few]":"пре {{value}} минута","_[many]":"пре {{value}} минута","_[other]":"пре {{value}} минута"},"hours-ago-long":{"_":"{[ plural(value) ]}","_[zero]":"управо","_[one]":"пре сат времена","_[two]":"пре {{value}} сата","_[few]":"пре {{value}} сати","_[many]":"пре {{value}} сати","_[other]":"пре {{value}} сати"},"days-ago-long":{"_":"{[ plural(value) ]}","_[zero]":"данас","_[one]":"јуче","_[two]":"пре {{value}} дана","_[few]":"пре {{value}} дана","_[many]":"пре {{value}} дана","_[other]":"пре {{value}} дана"},"weeks-ago-long":{"_":"{[ plural(value) ]}","_[zero]":"ове недеље","_[one]":"прошле недеље","_[two]":"пре {{value}} недеље","_[few]":"пре {{value}} недеља","_[many]":"пре {{value}} недеља","_[other]":"пре {{value}} недеља"},"months-ago-long":{"_":"{[ plural(value) ]}","_[zero]":"овог месеца","_[one]":"прошлог месеца","_[two]":"пре {{value}} месеца","_[few]":"пре {{value}} месеци","_[many]":"пре {{value}} месеци","_[other]":"пре {{value}} месеци"},"years-ago-long":{"_":"{[ plural(value) ]}","_[zero]":"ове године","_[one]":"прошле године","_[two]":"пре {{value}} године","_[few]":"пре {{value}} година","_[many]":"пре {{value}} година","_[other]":"пре {{value}} година"},"minutes-until-long":{"_":"{[ plural(value) ]}","_[zero]":"управо","_[one]":"за један минут","_[two]":"за {{value}} минута","_[few]":"за {{value}} минута","_[many]":"за {{value}} минута","_[other]":"за {{value}} минута"},"hours-until-long":{"_":"{[ plural(value) ]}","_[zero]":"управо","_[one]":"за сат времена","_[two]":"за {{value}} сата","_[few]":"за {{value}} сати","_[many]":"за {{value}} сати","_[other]":"за {{value}} сати"},"days-until-long":{"_":"{[ plural(value) ]}","_[zero]":"данас","_[one]":"сутра","_[two]":"за {{value}} дана","_[few]":"за {{value}} дана","_[many]":"за {{value}} дана","_[other]":"за {{value}} дана"},"weeks-until-long":{"_":"{[ plural(value) ]}","_[zero]":"ове недеље","_[one]":"следеће недеље","_[two]":"за {{value}} недеље","_[few]":"за {{value}} недеља","_[many]":"за {{value}} недеља","_[other]":"за {{value}} недеља"},"months-until-long":{"_":"{[ plural(value) ]}","_[zero]":"овог месеца","_[one]":"следећег месеца","_[two]":"за {{value}} месеца","_[few]":"за {{value}} месеци","_[many]":"за {{value}} месеци","_[other]":"за {{value}} месеци"},"years-until-long":{"_":"{[ plural(value) ]}","_[zero]":"ове године","_[one]":"следеће године","_[two]":"за {{value}} године","_[few]":"за {{value}} година","_[many]":"за {{value}} година","_[other]":"за {{value}} година"},"minutes-ago-short":{"_":"{[ plural(value) ]}","_[zero]":"управо","_[other]":"пре {{value}}м"},"hours-ago-short":{"_":"{[ plural(value) ]}","_[zero]":"управо","_[other]":"пре {{value}}с"},"days-ago-short":{"_":"{[ plural(value) ]}","_[zero]":"данас","_[other]":"пре {{value}}д"},"minutes-until-short":{"_":"{[ plural(value) ]}","_[zero]":"управо","_[other]":"за {{value}}м"},"hours-until-short":{"_":"{[ plural(value) ]}","_[zero]":"управо","_[other]":"за {{value}}с"},"days-until-short":{"_":"{[ plural(value) ]}","_[zero]":"данас","_[other]":"за {{value}}д"},"incorrectDate":{"_":"(нетачан датум)"},"dateTimeFormat_%c":{"_":"%a %e %b %Y %H:%M:%S"},"dateTimeFormat_%x":{"_":"%d.%m.%Y"},"dateTimeFormat_%X":{"_":"%H:%M:%S"},"shortTimeFormat":{"_":"%H:%M"},"shortDateTimeFormat":{"_":"%x %H:%M"},"weekStartsOnMonday":{"_":"1"},"time_am":{"_":"AM"},"time_pm":{"_":"PM"}}