{"number-selected2":{"_":"{[ plural(n) ]}","_[zero]":"选择","_[one]":"已选择 {{ n }} 个","_[two]":"已选择 {{ n }} 个","_[few]":"已选择 {{ n }} 个","_[many]":"已选择 {{ n }} 个","_[other]":"已选择 {{ n }} 个"},"delete-n-items?":{"_":"{[ plural(n) ]}","_[zero]":"未选择","_[one]":"要删除所选的项目吗？","_[two]":"要删除所选的  {{ n }} 个项目吗？","_[few]":"要删除所选的  {{ n }} 个项目吗？","_[many]":"要删除所选的  {{ n }} 个项目吗？","_[other]":"要删除所选的  {{ n }} 个项目吗？"},"share-noprovider":{"_":"试试在同一时间分享一个视频。"},"videos":{"_":"视频"},"empty-title":{"_":"添加视频以开始使用"},"empty-text":{"_":"将视频传输至存储卡。"},"nocard2-title":{"_":"没有找到存储卡"},"nocard3-text":{"_":"请插入存储卡以观看视频。"},"pluggedin-title":{"_":"手机在插接时无法播放视频"},"pluggedin-text":{"_":"拔出手机以播放视频。"},"upgrade-title":{"_":"数据库升级"},"upgrade-text":{"_":"视频数据库在更新，请稍等。"},"confirm-delete":{"_":"您是否确定要删除："},"delete-video":{"label":"要删除视频吗？"},"pick-title":{"_":"选择一个视频"},"save":{"_":"保存"},"saved":{"_":"{{title}} 已保存到视频"},"error-network":{"_":"网络错误导致视频下载失败。"},"error-unsupported":{"_":"无法播放视频：服务器或网络失败，或者格式不支持。"},"error-unknown":{"_":"视频出现未知错误。"},"overlay-cancel-button":{"_":"取消"},"overlay-camera-button":{"_":"前往相机"},"name-label":{"_":"类别"},"length-label":{"_":"长度"},"size-label":{"_":"大小"},"video-type-label":{"_":"视频类型"},"date-taken-label":{"_":"拍摄日期"},"resolution-label":{"_":"分辨率"},"close-button":{"_":"关闭"},"byteUnit-B":{"_":"字节"},"byteUnit-KB":{"_":"kB"},"byteUnit-MB":{"_":"MB"},"byteUnit-GB":{"_":"GB"},"byteUnit-TB":{"_":"TB"},"byteUnit-PB":{"_":"PB"},"byteUnit-EB":{"_":"EB"},"byteUnit-ZB":{"_":"ZB"},"byteUnit-YB":{"_":"YB"},"date-group-header":{"_":"%Y年%m月"},"weekday-0-long":{"_":"星期日"},"weekday-1-long":{"_":"星期一"},"weekday-2-long":{"_":"星期二"},"weekday-3-long":{"_":"星期三"},"weekday-4-long":{"_":"星期四"},"weekday-5-long":{"_":"星期五"},"weekday-6-long":{"_":"星期六"},"weekday-0-short":{"_":"周日"},"weekday-1-short":{"_":"周一"},"weekday-2-short":{"_":"周二"},"weekday-3-short":{"_":"周三"},"weekday-4-short":{"_":"周四"},"weekday-5-short":{"_":"周五"},"weekday-6-short":{"_":"周六"},"month-0-long":{"_":"1 月"},"month-1-long":{"_":"2 月"},"month-2-long":{"_":"3 月"},"month-3-long":{"_":"4 月"},"month-4-long":{"_":"5 月"},"month-5-long":{"_":"6 月"},"month-6-long":{"_":"7 月"},"month-7-long":{"_":"8 月"},"month-8-long":{"_":"9 月"},"month-9-long":{"_":"10 月"},"month-10-long":{"_":"11 月"},"month-11-long":{"_":"12 月"},"month-0-genitive":{"_":"一月"},"month-1-genitive":{"_":"二月"},"month-2-genitive":{"_":"三月"},"month-3-genitive":{"_":"四月"},"month-4-genitive":{"_":"五月"},"month-5-genitive":{"_":"六月"},"month-6-genitive":{"_":"七月"},"month-7-genitive":{"_":"八月"},"month-8-genitive":{"_":"九月"},"month-9-genitive":{"_":"十月"},"month-10-genitive":{"_":"十一月"},"month-11-genitive":{"_":"十二月"},"month-0-short":{"_":"1 月"},"month-1-short":{"_":"2 月"},"month-2-short":{"_":"3 月"},"month-3-short":{"_":"4 月"},"month-4-short":{"_":"5 月"},"month-5-short":{"_":"6 月"},"month-6-short":{"_":"7 月"},"month-7-short":{"_":"8 月"},"month-8-short":{"_":"9 月"},"month-9-short":{"_":"10 月"},"month-10-short":{"_":"11 月"},"month-11-short":{"_":"12 月"},"minutes-ago-long":{"_":"{[ plural(value) ]}","_[zero]":"刚才","_[one]":"1 分钟前","_[two]":"{{ value }} 分钟前","_[few]":"{{ value }} 分钟前","_[many]":"{{ value }} 分钟前","_[other]":"{{ value }} 分钟前"},"hours-ago-long":{"_":"{[ plural(value) ]}","_[zero]":"刚才","_[one]":"1 小时前","_[two]":"{{ value }} 小时前","_[few]":"{{ value }} 小时前","_[many]":"{{ value }} 小时前","_[other]":"{{ value }} 小时前"},"days-ago-long":{"_":"{[ plural(value) ]}","_[zero]":"今天","_[one]":"昨天","_[two]":"{{value}} 天前","_[few]":"{{value}} 天前","_[many]":"{{value}} 天前","_[other]":"{{value}} 天前"},"weeks-ago-long":{"_":"{[ plural(value) ]}","_[zero]":"本周","_[one]":"上周","_[two]":"{{value}} 周前","_[few]":"{{value}} 周前","_[many]":"{{value}} 周前","_[other]":"{{value}} 周前"},"months-ago-long":{"_":"{[ plural(value) ]}","_[zero]":"本月","_[one]":"上月","_[two]":"{{value}} 个月前","_[few]":"{{value}} 个月前","_[many]":"{{value}} 个月前","_[other]":"{{value}} 个月前"},"years-ago-long":{"_":"{[ plural(value) ]}","_[zero]":"今年","_[one]":"去年","_[two]":"{{value}} 年前","_[few]":"{{value}} 年前","_[many]":"{{value}} 年前","_[other]":"{{value}} 年前"},"minutes-until-long":{"_":"{[ plural(value) ]}","_[zero]":"现在","_[one]":"1 分钟内","_[two]":"剩{{value}}分钟","_[few]":"剩{{value}}分钟","_[many]":"剩{{value}}分钟","_[other]":"剩{{value}}分钟"},"hours-until-long":{"_":"{[ plural(value) ]}","_[zero]":"现在","_[one]":"1 小时内","_[two]":"剩{{value}}小时","_[few]":"剩{{value}}小时","_[many]":"剩{{value}}小时","_[other]":"剩{{value}}小时"},"days-until-long":{"_":"{[ plural(value) ]}","_[zero]":"今天","_[one]":"明天","_[two]":"剩{{value}}天","_[few]":"剩{{value}}天","_[many]":"剩{{value}}天","_[other]":"剩{{value}}天"},"weeks-until-long":{"_":"{[ plural(value) ]}","_[zero]":"本周","_[one]":"下周","_[two]":"剩{{value}}周","_[few]":"剩{{value}}周","_[many]":"剩{{value}}周","_[other]":"剩{{value}}周"},"months-until-long":{"_":"{[ plural(value) ]}","_[zero]":"本月","_[one]":"下月","_[two]":"剩{{value}}个月","_[few]":"剩{{value}}个月","_[many]":"剩{{value}}个月","_[other]":"剩{{value}}个月"},"years-until-long":{"_":"{[ plural(value) ]}","_[zero]":"今年","_[one]":"明年","_[two]":"剩{{value}}年","_[few]":"剩{{value}}年","_[many]":"剩{{value}}年","_[other]":"剩{{value}}年"},"minutes-ago-short":{"_":"{[ plural(value) ]}","_[zero]":"刚才","_[other]":"{{value}} 分钟前"},"hours-ago-short":{"_":"{[ plural(value) ]}","_[zero]":"刚才","_[other]":"{{value}}小时前"},"days-ago-short":{"_":"{[ plural(value) ]}","_[zero]":"今天","_[other]":"{{value}} 天前"},"minutes-until-short":{"_":"{[ plural(value) ]}","_[zero]":"现在","_[other]":"剩{{value}}分钟"},"hours-until-short":{"_":"{[ plural(value) ]}","_[zero]":"现在","_[other]":"剩{{value}}小时"},"days-until-short":{"_":"{[ plural(value) ]}","_[zero]":"今天","_[other]":"剩{{value}}天"},"incorrectDate":{"_":"（日期不正确）"},"dateTimeFormat_%c":{"_":"%Y 年 %b %e 日 %a %H:%M:%S"},"dateTimeFormat_%x":{"_":"%Y/%m/%d"},"dateTimeFormat_%X":{"_":"%H:%M:%S"},"shortTimeFormat":{"_":"%H:%M"},"shortDateTimeFormat":{"_":"%x %H:%M"},"weekStartsOnMonday":{"_":"0"},"time_am":{"_":"上午"},"time_pm":{"_":"下午"}}