{"number-selected2":{"_":"{[ plural(n) ]}","_[zero]":"選取","_[one]":"已選擇 {{ n }} 段","_[two]":"已選擇 {{ n }} 段","_[few]":"已選擇 {{ n }} 段","_[many]":"已選擇 {{ n }} 段","_[other]":"已選擇 {{ n }} 段"},"delete-n-items?":{"_":"{[ plural(n) ]}","_[zero]":"未選取項目","_[one]":"刪除選取的項目？","_[two]":"刪除這 {{ n }} 項？","_[few]":"刪除這 {{ n }} 項？","_[many]":"刪除這 {{ n }} 項？","_[other]":"刪除這 {{ n }} 項？"},"share-noprovider":{"_":"試著一次分享一段影片。"},"videos":{"_":"影片"},"empty-title":{"_":"加入影片以開始使用"},"empty-text":{"_":"傳送影片到記憶卡中。"},"nocard2-title":{"_":"找不到記憶卡"},"nocard3-text":{"_":"插入記憶卡以觀賞影片。"},"pluggedin-title":{"_":"連接到電腦時無法看影片"},"pluggedin-text":{"_":"拔除連接線以觀賞影片。"},"upgrade-title":{"_":"資料庫升級"},"upgrade-text":{"_":"影片資料庫升級中，請稍候。"},"confirm-delete":{"_":"您確定要刪除："},"delete-video":{"label":"刪除影片？"},"pick-title":{"_":"選擇一段影片"},"save":{"_":"儲存"},"saved":{"_":"已將 {{title}} 儲存至影片庫"},"error-network":{"_":"發生網路錯誤造成影片無法下載。"},"error-unsupported":{"_":"無法播放影片：可能是伺服器或網路問題，或檔案格式不支援。"},"error-unknown":{"_":"發生未知的影片錯誤。"},"overlay-cancel-button":{"_":"取消"},"overlay-camera-button":{"_":"前往相機"},"name-label":{"_":"名稱"},"length-label":{"_":"長度"},"size-label":{"_":"大小"},"video-type-label":{"_":"視訊類型"},"date-taken-label":{"_":"拍攝日期"},"resolution-label":{"_":"解析度"},"close-button":{"_":"關閉"},"byteUnit-B":{"_":"位元組"},"byteUnit-KB":{"_":"KB"},"byteUnit-MB":{"_":"MB"},"byteUnit-GB":{"_":"GB"},"byteUnit-TB":{"_":"TB"},"byteUnit-PB":{"_":"PB"},"byteUnit-EB":{"_":"EB"},"byteUnit-ZB":{"_":"ZB"},"byteUnit-YB":{"_":"YB"},"date-group-header":{"_":"%Y 年 %b"},"weekday-0-long":{"_":"星期日"},"weekday-1-long":{"_":"星期一"},"weekday-2-long":{"_":"星期二"},"weekday-3-long":{"_":"星期三"},"weekday-4-long":{"_":"星期四"},"weekday-5-long":{"_":"星期五"},"weekday-6-long":{"_":"星期六"},"weekday-0-short":{"_":"週日"},"weekday-1-short":{"_":"週一"},"weekday-2-short":{"_":"週二"},"weekday-3-short":{"_":"週三"},"weekday-4-short":{"_":"週四"},"weekday-5-short":{"_":"週五"},"weekday-6-short":{"_":"週六"},"month-0-long":{"_":"一月"},"month-1-long":{"_":"二月"},"month-2-long":{"_":"三月"},"month-3-long":{"_":"四月"},"month-4-long":{"_":"五月"},"month-5-long":{"_":"六月"},"month-6-long":{"_":"七月"},"month-7-long":{"_":"八月"},"month-8-long":{"_":"九月"},"month-9-long":{"_":"十月"},"month-10-long":{"_":"十一月"},"month-11-long":{"_":"十二月"},"month-0-genitive":{"_":"1 月"},"month-1-genitive":{"_":"2 月"},"month-2-genitive":{"_":"3 月"},"month-3-genitive":{"_":"4 月"},"month-4-genitive":{"_":"5 月"},"month-5-genitive":{"_":"6 月"},"month-6-genitive":{"_":"7 月"},"month-7-genitive":{"_":"8 月"},"month-8-genitive":{"_":"9 月"},"month-9-genitive":{"_":"10 月"},"month-10-genitive":{"_":"11 月"},"month-11-genitive":{"_":"12 月"},"month-0-short":{"_":"1 月"},"month-1-short":{"_":"2 月"},"month-2-short":{"_":"3 月"},"month-3-short":{"_":"4 月"},"month-4-short":{"_":"5 月"},"month-5-short":{"_":"6 月"},"month-6-short":{"_":"7 月"},"month-7-short":{"_":"8 月"},"month-8-short":{"_":"9 月"},"month-9-short":{"_":"10 月"},"month-10-short":{"_":"11 月"},"month-11-short":{"_":"12 月"},"minutes-ago-long":{"_":"{[ plural(value) ]}","_[zero]":"剛剛","_[one]":"1 分鐘前","_[two]":"{{value}} 分鐘前","_[few]":"{{value}} 分鐘前","_[many]":"{{value}} 分鐘前","_[other]":"{{value}} 分鐘前"},"hours-ago-long":{"_":"{[ plural(value) ]}","_[zero]":"剛剛","_[one]":"1 小時前","_[two]":"{{value}} 小時前","_[few]":"{{value}} 小時前","_[many]":"{{value}} 小時前","_[other]":"{{value}} 小時前"},"days-ago-long":{"_":"{[ plural(value) ]}","_[zero]":"今天","_[one]":"昨天","_[two]":"{{value}} 天前","_[few]":"{{value}} 天前","_[many]":"{{value}} 天前","_[other]":"{{value}} 天前"},"weeks-ago-long":{"_":"{[ plural(value) ]}","_[zero]":"本週","_[one]":"上週","_[two]":"{{value}} 週前","_[few]":"{{value}} 週前","_[many]":"{{value}} 週前","_[other]":"{{value}} 週前"},"months-ago-long":{"_":"{[ plural(value) ]}","_[zero]":"本月","_[one]":"上月","_[two]":"{{value}} 月前","_[few]":"{{value}} 月前","_[many]":"{{value}} 月前","_[other]":"{{value}} 月前"},"years-ago-long":{"_":"{[ plural(value) ]}","_[zero]":"今年","_[one]":"去年","_[two]":"{{value}} 年前","_[few]":"{{value}} 年前","_[many]":"{{value}} 年前","_[other]":"{{value}} 年前"},"minutes-until-long":{"_":"{[ plural(value) ]}","_[zero]":"現在","_[one]":"1 分鐘內","_[two]":"{{value}} 分鐘內","_[few]":"{{value}} 分鐘內","_[many]":"{{value}} 分鐘內","_[other]":"{{value}} 分鐘內"},"hours-until-long":{"_":"{[ plural(value) ]}","_[zero]":"現在","_[one]":"1 小時內","_[two]":"{{value}} 小時前","_[few]":"{{value}} 小時前","_[many]":"{{value}} 小時前","_[other]":"{{value}} 小時前"},"days-until-long":{"_":"{[ plural(value) ]}","_[zero]":"今天","_[one]":"明天","_[two]":"{{value}} 天內","_[few]":"{{value}} 天內","_[many]":"{{value}} 天內","_[other]":"{{value}} 天內"},"weeks-until-long":{"_":"{[ plural(value) ]}","_[zero]":"本週","_[one]":"下週","_[two]":"{{value}} 週內","_[few]":"{{value}} 週內","_[many]":"{{value}} 週內","_[other]":"{{value}} 週內"},"months-until-long":{"_":"{[ plural(value) ]}","_[zero]":"本月","_[one]":"下月","_[two]":"{{value}} 月內","_[few]":"{{value}} 月內","_[many]":"{{value}} 月內","_[other]":"{{value}} 月內"},"years-until-long":{"_":"{[ plural(value) ]}","_[zero]":"今年","_[one]":"明年","_[two]":"{{value}} 年內","_[few]":"{{value}} 年內","_[many]":"{{value}} 年內","_[other]":"{{value}} 年內"},"minutes-ago-short":{"_":"{[ plural(value) ]}","_[zero]":"剛剛","_[other]":"{{value}} 分前"},"hours-ago-short":{"_":"{[ plural(value) ]}","_[zero]":"剛剛","_[other]":"{{value}} 時前"},"days-ago-short":{"_":"{[ plural(value) ]}","_[zero]":"今天","_[other]":"{{value}} 天前"},"minutes-until-short":{"_":"{[ plural(value) ]}","_[zero]":"現在","_[other]":"{{value}} 分內"},"hours-until-short":{"_":"{[ plural(value) ]}","_[zero]":"現在","_[other]":"{{value}} 時內"},"days-until-short":{"_":"{[ plural(value) ]}","_[zero]":"今天","_[other]":"{{value}} 天內"},"incorrectDate":{"_":"（日期不正確）"},"dateTimeFormat_%c":{"_":"%Y年%b%d日 %a %p %I:%M:%S"},"dateTimeFormat_%x":{"_":"%Y/%m/%d"},"dateTimeFormat_%X":{"_":"%p %I:%M:%S"},"shortTimeFormat":{"_":"%p %I:%M"},"shortDateTimeFormat":{"_":"%x %p %I:%M"},"weekStartsOnMonday":{"_":"1"},"time_am":{"_":"上午"},"time_pm":{"_":"下午"}}