{"setup-app-name-header":{"_":"بريد"},"setup-empty-account-prompt":{"_":"أنت غير مٌعدّ لإرسال أو استقبال البريد الإلكتروني. ترغب في القيام بذلك الآن ؟"},"setup-pick-service":{"_":"لإرسال واستقبال البريد الإلكتروني، تحتاج لإعداد حساب."},"setup-account-header3":{"_":"حساب جديد"},"setup-info-name":{"placeholder":"اسمك"},"setup-info-email":{"placeholder":"someone@example.com"},"setup-info-password":{"placeholder":"كلمة السِّر"},"setup-info-next":{"_":"التالي"},"setup-progress-wait-msg":{"_":"اعدّ حساب"},"setup-completed-header":{"_":"إعداد حساب بريد"},"setup-completed-label":{"_":"تم!"},"setup-add-another-account":{"_":"إضافة حساب آخر"},"setup-show-mail":{"_":"المواصلة للبريد"},"setup-error-offline":{"_":"الجهاز حاليا غير متصل. اتصل بالشبكة وحاول مرة اخرى."},"setup-error-bad-user-or-pass2":{"_":"اسم المستخدم وكلمة السِّر غير معرّفة"},"setup-error-bad-address":{"_":"عنوان البريد الإلكتروني غير صحيح. تحقق من الأخطاء المطبعية."},"setup-error-not-authorized":{"_":"غير مصرح لك بإنشاء حساب"},"setup-error-pop-server-not-great":{"_":"الخادم غير معتمد. خادم POP3 لا تنفذ الميزات المطلوبة."},"setup-error-unknown2":{"_":"حدث خطأ غير معروف. تحقق من اتصال الشبكة أو حاول باستخدام خيار الاعداد اليدوي."},"setup-error-needs-app-pass":{"_":"يتوجب عليك استخدام كلمة السّر الخاصة بالتطبيق لحسابات two-factor الخاصة بالجيميل"},"setup-error-imap-disabled":{"_":"يجب عليك تفعيل الـ IMAP في حساب الجيميل الخاص بك"},"setup-error-pop3-disabled":{"_":"يجب عليك تفعيل الـ POP3 في حساب الجيميل الخاص بك"},"setup-error-bad-security":{"_":"غير قادر على تأسيس اتصال آمن مع \"{{server}}\". قد تكون هناك مشكلة مع الشبكة أو الخادم."},"setup-error-unresponsive-server":{"_":"غير قادر على تأسيس اتصال مع \"{{server}}\".  قد تكون هناك مشكلة مع الشبكة.."},"setup-error-server-problem":{"_":"يوجد مشكلة مع الخادم \"{{server}}\". حاول مرة اخرى لاحقا."},"setup-error-no-config-info":{"_":"غير قادر على إعداد حسابك تلقائيا. صحح بريدك الالكتروني أو حاول باستخدام خيار الاعداد اليدوي."},"setup-error-server-maintenance":{"_":"الخادم \"{{server}}\" غير متصل للصيانة. حاول مرة اخرى لاحقا."},"setup-error-account-already-exists":{"_":"هذا الحساب معد مسبقا."},"setup-manual-config2":{"_":"إعداد يدوي"},"setup-manual-config-header":{"_":"إعداد يدوي"},"setup-manual-account-type":{"_":"نوع الحساب"},"setup-manual-imap-header":{"_":"إعدادات IMAP"},"setup-manual-pop3-header":{"_":"إعدادات خادم POP3"},"setup-manual-smtp-header":{"_":"إعدادات SMTP"},"setup-manual-activesync-header":{"_":"إعدادات ActiveSync"},"setup-manual-next":{"_":"التالي"},"setup-manual-socket":{"_":"نوع المقبس"},"setup-manual-socket-ssl":{"_":"SSL"},"setup-manual-socket-starttls":{"_":"STARTTLS"},"setup-manual-hostname":{"placeholder":"اسم المضيف"},"setup-manual-port":{"placeholder":"رقم المنفذ"},"setup-manual-username":{"placeholder":"اسم المستخدم"},"setup-bad-password-header":{"_":"كلمة سرّ خاطئة"},"setup-bad-password":{"_":"لا يمكننا تسجيل الدخول إلى الخادم. قد تكون كلمة السِّر خاطئة؟"},"setup-new-password":{"placeholder":"كلمة سِر جديدة"},"setup-fix-password":{"_":"حاول بكلمة سرّ جديدة"},"setup-gmail-twofactor-header":{"_":"تم تفعيل Two-Factor"},"setup-gmail-twofactor-message":{"_":"أدخل كلمة السّر الخاصة بالتطبيق أدناه"},"setup-gmail-twofactor-fix":{"_":"استخدم كلمة السّر الخاصة بالتطبيق"},"setup-gmail-imap-header":{"_":"IMAP معطّل"},"setup-gmail-imap-message":{"_":"يجب تفعيل IMAP في حساب الجيميل الخاص بك "},"setup-gmail-imap-retry":{"_":"محاولة مرة أخرى"},"setup-gmail-pop3-header":{"_":"POP3 غير مُفعّل"},"setup-gmail-pop3-message":{"_":"يجب تفعيل POP3 في حساب الجيميل الخاص بك "},"setup-gmail-pop3-retry":{"_":"أعد المحاولة"},"settings-main-header":{"_":"إعدادات البريد"},"settings-sub-header-account":{"_":"الحساب"},"settings-account-name":{"_":"اسمك"},"settings-account-display-notifications":{"_":"عرض إشعارات عند وجود رسائل جديدة"},"settings-sub-header-data":{"_":"بيانات"},"settings-account-check-mail":{"_":"التحقق من وجود رسائل جديدة"},"settings-sub-header-server":{"_":"إعدادات الخادم"},"settings-account-userpass":{"_":"إسم المستخدم وكلمة المرور"},"fld-account-picker-last-sync":{"_":"آخر تزامن:"},"settings-done":{"_":"تم"},"settings-account-section":{"_":"حسابات"},"settings-account-add":{"_":"أضف حسابا"},"settings-account-delete":{"_":"حذف حساب"},"settings-account-delete-prompt":{"_":"هل أنت متأكد من حذف حساب البريد الخاص بك {{account}}؟ يتوجب عليك إعادة تنزيل بريدك اذا تم إعادة إنشاءه مرة أخرى."},"settings-account-delete-cancel":{"_":"ألغِ"},"settings-account-delete-confirm":{"_":"حذف"},"settings-about-section":{"_":"عن"},"settings-general-section":{"_":"إعدادات عامة"},"settings-check-mail":{"_":"التحقق من البريد"},"settings-show-images":{"_":"إعرض الصور دائما"},"settings-download-attachments":{"_":"تنزيل المرفقات"},"settings-notify-mail":{"_":"تنبيه للرسائل جديدة"},"settings-check-every-3min":{"_":"كل 3 دقائق"},"settings-check-every-5min":{"_":"كل 5 دقائق"},"settings-check-every-10min":{"_":"كل 10 دقائق"},"settings-check-every-15min":{"_":"كل 15 دقيقة"},"settings-check-every-30min":{"_":"كل 30 دقيقة"},"settings-check-every-60min":{"_":"كل ساعة"},"settings-check-every-manual":{"_":"يدوياُ"},"settings-check-dynamic":{"_":"{[ plural(n) ]}","_[zero]":"ثواني","_[one]":"ثانية واحدة","_[two]":"ثانيتان","_[few]":"{{ n }} ثواني","_[many]":"{{ n }} ثانية","_[other]":"{{ n }} ثانية"},"settings-default-account":{"_":"تعيينه كبريد إلكتروني إفتراضي"},"settings-account-type":{"_":"نوع الحساب"},"settings-account-credentials":{"_":"بيانات الاعتماد"},"settings-activesync-label":{"_":"إعدادات ActiveSync "},"settings-imap-label":{"_":"إعدادات IMAP "},"settings-pop3-label":{"_":"إعدادات خادم POP3"},"settings-smtp-label":{"_":"إعدادات SMTP "},"settings-hostname":{"_":"اسم المضيف"},"settings-port":{"_":"المنفذ"},"settings-username":{"_":"اسم المستخدم"},"settings-password":{"_":"كلمة السِّر"},"settings-save":{"_":"حفظ"},"settings-password-empty":{"_":"لا يجب أن تكون كلمة السِّر فارغة"},"settings-account-synchronize-window":{"_":"أيام لمزامنة"},"settings-synchronize-auto":{"_":"تلقائي"},"settings-synchronize-one-day":{"_":"يوم واحد"},"settings-synchronize-three-days":{"_":"3 أيام"},"settings-synchronize-one-week":{"_":"أسبوع واحد"},"settings-synchronize-two-weeks":{"_":"أسبوعان"},"settings-synchronize-one-month":{"_":"شهر واحد"},"settings-synchronize-all":{"_":"كل الرسائل"},"accounts-header":{"_":"حسابات"},"accounts-button":{"_":"حسابات"},"envelope-from":{"_":"من"},"envelope-to":{"_":"إلى"},"envelope-cc":{"_":"cc"},"envelope-bcc":{"_":"bcc"},"reader-header":{"_":"قراءة"},"compose-header":{"_":"إنشاء رسالة"},"compose-header-short":{"_":"إنشاء"},"compose-send":{"_":"إرسال"},"compose-to":{"_":"إلى"},"compose-cc":{"_":"cc"},"compose-bcc":{"_":"bcc"},"compose-attachments":{"_":"{[ plural(n) ]}","_[zero]":"مرففات","_[one]":"{{ n }} مرفق","_[two]":"{{ n }} مرفق","_[few]":"{{ n }} مرفق","_[many]":"{{ n }} مرفق","_[other]":"{{ n }} مرفق"},"compose-subject":{"_":"الموضوع"},"compose-draft-save":{"_":"حفظ في المسودات"},"compose-discard-message":{"_":"تجاهل البريد الإلكتروني؟"},"compose-discard-confirm":{"_":"تجاهل"},"compose-sending-message":{"_":"جارِ إرسال البريد الالكتروني"},"compose-send-message-failed":{"_":"تعذر إرسال البريد الالكتروني"},"composer-attachment-large":{"_":"الملف المرفق كبير جدا"},"composer-attachments-large":{"_":"الملفات المرفقة كبيرة جداً"},"compose-attchment-size-exceeded":{"_":"الملف المرفق أكبر من أن يتم إرساله مع هذه الرسالة"},"compose-attchments-size-exceeded":{"_":"الملفات المرفقة كبيرة جدا ليتم إرسالها مع هذه الرسالة. حاول إرفاق ملفات أقل."},"dialog-button-ok":{"_":"موافق"},"default-attachment-filename":{"_":"المرفق {{ n }}"},"attachment-size-kib":{"_":"{{kilobytes}}K"},"message-attachment-view":{"textContent":"عرض"},"message-no-subject":{"_":"(بلا موضوع)"},"message-edit-menu-star":{"_":"ميزها بنجمة"},"message-edit-menu-unstar":{"_":"إلغاء التمييز بنجمة"},"message-edit-menu-mark-read":{"_":"جعل الرسالة كمقروءة"},"message-edit-menu-mark-unread":{"_":"جعل الرسالة كغير مقروءة"},"message-edit-menu-move":{"_":"نقل"},"message-edit-menu-delete":{"_":"حذف"},"message-edit-delete-confirm":{"_":"حذف الرسالة؟"},"message-send-attachment-disabled-confirm":{"_":"لا يمكن إعادة إرسال الملف المرفق"},"message-multiedit-header":{"_":"{[ plural(n) ]}","_[zero]":"تعديل","_[one]":"{{ n }} مُختارة","_[two]":"{{ n }} مُختارة","_[few]":"{{ n }} مُختارة","_[many]":"{{ n }} مُختارة","_[other]":"{{ n }} مُختارة"},"browse-to-url-prompt":{"_":"تصفَّح إلى العنوان؟: {{ url }}"},"message-download-images":{"_":"{[ plural(n) ]}","_[one]":"هذه الرسالة تحوي صورة واحدة، اضغط لتحميلها.","_[two]":"هذه الرسالة تحوي {{ n }} صور، اضغط لتحميلها.","_[few]":"هذه الرسالة تحوي {{ n }} صور، اضغط لتحميلها.","_[many]":"هذه الرسالة تحوي {{ n }} صور، اضغط لتحميلها.","_[other]":"هذه الرسالة تحوي {{ n }} صور، اضغط لتحميلها."},"message-show-external-images":{"_":"عرض الصور الخارجية"},"message-multiedit-cancel":{"_":"إلغاء"},"message-multiedit-delete-confirm":{"_":"{[ plural(n) ]}","_[one]":"هل تريد حذف هذه الرسالة؟","_[two]":"هل تريد حذف {{ n }} من الرسائل؟","_[few]":"هل تريد حذف {{ n }} رسالة؟","_[many]":"حذف  {{ n }} رسائل؟","_[other]":"حذف  {{ n }} رسالة؟"},"message-large-message-cancel":{"_":"ألغِ"},"message-large-message-ok":{"_":"المتابعة"},"message-large-message-confirm":{"_":"هذه الرسالة هي كبيرة وربما تستغرق بعض الوقت للتحميل."},"message-search-from":{"_":"من"},"message-search-to":{"_":"إلى"},"message-search-subject":{"_":"الموضوع"},"message-search-body":{"_":"الرسالة"},"message-search-all":{"_":"الكل"},"message-search-input":{"placeholder":"إبجث في البريد"},"message-search-cancel-accessible":{"_":"ألغِ البحث"},"messages-syncing":{"_":"جارِ تحميل الرسائل"},"messages-sync-more":{"_":"تحميل المزيد من الرسائل من الخادم"},"messages-folder-empty":{"_":"لا توجد رسائل في هذا المجلد"},"messages-search-empty":{"_":"لم يتم العثور على نتائج في الرسائل المخزنة محليا"},"messages-folder-select":{"_":"اختر مجلد"},"message-contact-menu-create":{"_":"حفظ جهة اتصال جديدة"},"message-contact-menu-add-existing":{"_":"إضافة إلى جهة اتصال موجوده"},"message-contact-menu-view":{"_":"عرض الإسم"},"message-contact-menu-reply":{"_":"رد"},"message-contact-menu-new":{"_":"أرسل بريد جديد"},"message-reply-menu-reply":{"_":"رُد"},"message-reply-menu-reply-all":{"_":"الرد على الكل"},"message-reply-menu-forward":{"_":"إعادة توجيه"},"message-reply-menu-cancel":{"_":"ألغِ"},"folder-list-header":{"_":"مجلدات"},"account-last-synced-label":{"_":"آخر تزامن:"},"account-never-synced":{"_":"أبداً"},"reply-quoting-wrote":{"_":"كتب {name } "},"forward-original-message":{"_":"الرسالة الأصلية"},"forward-header-subject":{"_":"الموضوع"},"forward-header-date":{"_":"تاريخ"},"forward-header-from":{"_":"من"},"forward-header-reply-to":{"_":"رد على"},"forward-header-to":{"_":"إلى"},"forward-header-cc":{"_":"CC"},"folder-inbox":{"_":"الوارد"},"folder-sent":{"_":"المرسل"},"folder-drafts":{"_":"المسودات"},"folder-trash":{"_":"المهملات"},"folder-queue":{"_":"غير مُرسَل"},"folder-junk":{"_":"غير مرغوب به"},"folder-archives":{"_":"الأرشيف"},"folder-localdrafts":{"_":"المسودات المحلية"},"toaster-undo":{"_":"تراجع"},"toaster-retry":{"_":"حاول مرة أخرى"},"toaster-message-star":{"_":"{[ plural(n) ]}","_[one]":"وضع علامة على رسالة واحدة","_[two]":"{{ n }} messages flag set","_[few]":"{{ n }} messages flag set","_[many]":"{{ n }} messages flag set","_[other]":"{{ n }} messages flag set"},"toaster-message-unstar":{"_":"{[ plural(n) ]}","_[one]":"حذف العلامة من رسالة واحدة","_[two]":"{{ n }} messages flag removed","_[few]":"{{ n }} messages flag removed","_[many]":"{{ n }} messages flag removed","_[other]":"{{ n }} messages flag removed"},"toaster-message-read":{"_":"{[ plural(n) ]}","_[one]":"رسالة واحدة مُعلّمة كمقروءة","_[two]":"تم تحديد {{ n }} كرسالة كمقروءة","_[few]":"تم تعليم {{ n }} رسالة كمقروءة","_[many]":"تم تعليم {{ n }} رسالة كمقروءة","_[other]":"{{ n }} رسالة مُعلّمة كمقروءة"},"toaster-message-unread":{"_":"{[ plural(n) ]}","_[one]":"رسالة واحدة مُعلّمة كغيرمقروءة","_[two]":"تم تعليم {{ n }} رسالة كغير مقروءة","_[few]":"تم تعليم {{ n }} رسالة كغير مقروءة","_[many]":"تم تعليم {{ n }} رسالة كغير مقروءة","_[other]":"{{ n }} رسالة مُعلّمة كغير مقروءة"},"toaster-message-move":{"_":"{[ plural(n) ]}","_[one]":"رسالة واحدة منقولة","_[two]":"تم نقل {{ n }} رسالة","_[few]":"تم نقل {{ n }} رسالة","_[many]":"تم نقل {{ n }} رسالة","_[other]":"{{ n }} رسالة منقولة"},"toaster-message-delete":{"_":"{[ plural(n) ]}","_[one]":"رسالة واحدة محذوفة","_[two]":"تم حذف {{ n }} رسالة","_[few]":"تم حذف {{ n }} رسالة","_[many]":"تم حذف {{ n }} رسالة","_[other]":"{{ n }} رسالة محذوفة"},"toaster-retryable-syncfailed":{"_":"فشل الإتصال مع الخادم"},"form-clear-input":{"_":"إحذف النص"},"confirm-dialog-title":{"_":"تأكيد"},"senders-separation-sign":{"_":","},"new-emails":{"_":"{[ plural(n) ]}","_[one]":"بريد جديد","_[two]":"رسالتان جديدتان","_[few]":"{{ n }} رسائل إلكترونية جديدة","_[many]":"{{ n }} رسالة إلكترونية جديدة","_[other]":"{{ n }} رسالة إلكترونية جديدة"},"new-emails-notify-one-account":{"_":"{[ plural(n) ]}","_[one]":"بريد إلكتروني جديد","_[two]":"رسالتان إلكترونيتان جديدتان","_[few]":"{{ n }} رسائل إلكترونية جديدة","_[many]":"{{ n }} رسالة إلكترونية جديدة","_[other]":"{{ n }} رسالة إلكترونية جديدة"},"new-emails-notify-multiple-accounts":{"_":"{[ plural(n) ]}","_[one]":"بريد إلكتروني جديد ({{ accountName }})","_[two]":"بريدين إلكترونيين جديدين ({{ accountName }})","_[few]":"{{ n }} رسائل إلكترونية جديدة ({{ accountName }})","_[many]":"{{ n }} بريد إلكتروني جديد ({{accountName}})","_[other]":"{{ n }} بريد إلكتروني جديد ({{accountName}})"},"new-emails-notify-multiple-accounts-body":{"_":"{{ from }} “{{ subject }}”"},"weekday-0-long":{"_":"الأحد"},"weekday-1-long":{"_":"الإثنين"},"weekday-2-long":{"_":"الثلاثاء"},"weekday-3-long":{"_":"الأربعاء"},"weekday-4-long":{"_":"الخميس"},"weekday-5-long":{"_":"الجمعة"},"weekday-6-long":{"_":"السبت"},"weekday-0-short":{"_":"أحد"},"weekday-1-short":{"_":"إثنين"},"weekday-2-short":{"_":"ثلاثاء"},"weekday-3-short":{"_":"أربعاء"},"weekday-4-short":{"_":"خميس"},"weekday-5-short":{"_":"جمعة"},"weekday-6-short":{"_":"سبت"},"month-0-long":{"_":"يناير"},"month-1-long":{"_":"فبراير"},"month-2-long":{"_":"مارس"},"month-3-long":{"_":"أبريل"},"month-4-long":{"_":"مايو"},"month-5-long":{"_":"يونيو"},"month-6-long":{"_":"يوليو"},"month-7-long":{"_":"أغسطس"},"month-8-long":{"_":"سبتمبر"},"month-9-long":{"_":"أكتوبر"},"month-10-long":{"_":"نوفمبر"},"month-11-long":{"_":"ديسمبر"},"month-0-genitive":{"_":"يناير"},"month-1-genitive":{"_":"فبراير"},"month-2-genitive":{"_":"مارس"},"month-3-genitive":{"_":"أبريل"},"month-4-genitive":{"_":"مايو"},"month-5-genitive":{"_":"يونيو"},"month-6-genitive":{"_":"يوليو"},"month-7-genitive":{"_":"أغسطس"},"month-8-genitive":{"_":"سبتمبر"},"month-9-genitive":{"_":"أكتوبر"},"month-10-genitive":{"_":"نوفمبر"},"month-11-genitive":{"_":"ديسمبر"},"month-0-short":{"_":"يناير"},"month-1-short":{"_":"فبراير"},"month-2-short":{"_":"مارس"},"month-3-short":{"_":"ابريل"},"month-4-short":{"_":"مايو"},"month-5-short":{"_":"يونيو"},"month-6-short":{"_":"يوليو"},"month-7-short":{"_":"أغسطس"},"month-8-short":{"_":"سبتمبر"},"month-9-short":{"_":"أكتوبر"},"month-10-short":{"_":"نوفمبر"},"month-11-short":{"_":"ديسمبر"},"minutes-ago-long":{"_":"{[ plural(value) ]}","_[zero]":"الآن","_[one]":"منذ دقيقة","_[two]":"منذ {{value}} دقائق","_[few]":"منذ {{value}} دقائق","_[many]":"منذ {{value}} دقائق","_[other]":"منذ {{value}} دقائق"},"hours-ago-long":{"_":"{[ plural(value) ]}","_[zero]":"الآن","_[one]":"قبل ساعة واحدة","_[two]":"منذ ساعتين","_[few]":"قبل {{value}} ساعات","_[many]":"قبل {{value}} ساعة","_[other]":"قبل {{value}} ساعة"},"days-ago-long":{"_":"{[ plural(value) ]}","_[zero]":"اليوم","_[one]":"الأمس","_[two]":"قبل يومين","_[few]":"قبل {{value}} أيام","_[many]":"قبل {{value}} يوم","_[other]":"قبل {{value}} يوم"},"weeks-ago-long":{"_":"{[ plural(value) ]}","_[zero]":"هذا الأسبوع","_[one]":"الأسبوع الماضي","_[two]":"منذ {{value}} أسابيع","_[few]":"منذ {{value}} أسابيع","_[many]":"منذ {{value}} أسابيع","_[other]":"منذ {{value}} أسابيع"},"months-ago-long":{"_":"{[ plural(value) ]}","_[zero]":"هذا الشهر","_[one]":"الشهر الماضي","_[two]":"منذ {{value}} أشهر","_[few]":"منذ {{value}} أشهر","_[many]":"منذ {{value}} أشهر","_[other]":"منذ {{value}} أشهر"},"years-ago-long":{"_":"{[ plural(value) ]}","_[zero]":"هذه السنة","_[one]":"السنة الماضية","_[two]":"منذ سنتين","_[few]":"منذ {{value}} سنوات","_[many]":"منذ {{value}} سنة","_[other]":"منذ {{value}} سنة"},"minutes-until-long":{"_":"{[ plural(value) ]}","_[zero]":"الآن","_[one]":"خلال دقيقة","_[two]":"خلال دقيقتين","_[few]":"خلال {{value}} دقائق","_[many]":"خلال {{value}} دقيقة","_[other]":"خلال {{value}} دقيقة"},"hours-until-long":{"_":"{[ plural(value) ]}","_[zero]":"الآن","_[one]":"خلال ساعة","_[two]":"خلال ساعتين","_[few]":"خلال {{value}} ساعات","_[many]":"خلال {{value}} ساعة","_[other]":"خلال {{value}} ساعة"},"days-until-long":{"_":"{[ plural(value) ]}","_[zero]":"اليوم","_[one]":"غداً","_[two]":"خلال يومين","_[few]":"خلال {{value}} أيام","_[many]":"خلال {{value}} يوم","_[other]":"خلال {{value}} يوم"},"weeks-until-long":{"_":"{[ plural(value) ]}","_[zero]":"هذا الأسبوع","_[one]":"الأسبوع القادم","_[two]":"خلال اسبوعين","_[few]":"خلال {{value}} أسابيع","_[many]":"خلال {{value}} أسبوع","_[other]":"خلال {{value}} أسبوع"},"months-until-long":{"_":"{[ plural(value) ]}","_[zero]":"هذا الشهر","_[one]":"الشهر القادم","_[two]":"خلال شهرين","_[few]":"خلال {{value}} أشهر","_[many]":"خلال {{value}} شهر","_[other]":"خلال {{value}} شهر"},"years-until-long":{"_":"{[ plural(value) ]}","_[zero]":"هذه السنة","_[one]":"السنة القادمة","_[two]":"خلال سنتين","_[few]":"خلال {{value}} سنوات","_[many]":"خلال {{value}} سنة","_[other]":"خلال {{value}} سنة"},"minutes-ago-short":{"_":"{[ plural(value) ]}","_[zero]":"الآن","_[other]":"منذ {{value}} دقيقة"},"hours-ago-short":{"_":"{[ plural(value) ]}","_[zero]":"الآن","_[other]":"منذ {{value}} س"},"days-ago-short":{"_":"{[ plural(value) ]}","_[zero]":"اليوم","_[other]":"منذ {{value}} ي"},"minutes-until-short":{"_":"{[ plural(value) ]}","_[zero]":"الآن","_[other]":"خلال {{value}} د"},"hours-until-short":{"_":"{[ plural(value) ]}","_[zero]":"الآن","_[other]":"خلال {{value}} س"},"days-until-short":{"_":"{[ plural(value) ]}","_[zero]":"اليوم","_[other]":"خلال {{value}} ي"},"incorrectDate":{"_":"(تاريخ غير صحيح)"},"dateTimeFormat_%c":{"_":"%a %b %e %Y %I:%M:%S %p"},"dateTimeFormat_%x":{"_":"%m/%d/%Y"},"dateTimeFormat_%X":{"_":"%I:%M:%S %p"},"shortTimeFormat":{"_":"%I:%M %p"},"shortDateTimeFormat":{"_":"%x %I:%M %p"},"weekStartsOnMonday":{"_":"0"},"time_am":{"_":"ص"},"time_pm":{"_":"م"}}