{"setup-app-name-header":{"_":"Ел. поща"},"setup-empty-account-prompt":{"_":"Няма настройки за получаване и изпращане на ел. поща. Искате ли да въведете настройките сега?"},"setup-pick-service":{"_":"За да получавате и изпращате поща, трябва да зададете акаунт."},"setup-account-header3":{"_":"Нов акаунт"},"setup-info-name":{"placeholder":"Име"},"setup-info-email":{"placeholder":"someone@example.com"},"setup-info-password":{"placeholder":"Парола"},"setup-info-next":{"_":"Напред"},"setup-progress-wait-msg":{"_":"Настройка на акаунт"},"setup-completed-header":{"_":"Настройка на ел. поща"},"setup-completed-label":{"_":"Всичко е готово!"},"setup-add-another-account":{"_":"Добавяне на друг акаунт"},"setup-show-mail":{"_":"Продължаване към Ел. поща"},"setup-error-offline":{"_":"Няма връзка с интернет. Свържете се към мрежа и опитайте отново."},"setup-error-bad-user-or-pass2":{"_":"Грешно потребителско име или парола. Проверете за грешки."},"setup-error-bad-address":{"_":"Invalid e-mail address. Check for typos."},"setup-error-not-authorized":{"_":"Сървърът каза, че нямате достъп за създаване на акаунт"},"setup-error-pop-server-not-great":{"_":"Този сървър не се поддържа. POP3 сървърът не поддържа нужните функционалности."},"setup-error-unknown2":{"_":"Непозната грешка. Проверете мрежовата свързаност или опитайте да настроите ръчно."},"setup-error-needs-app-pass":{"_":"Трябва да използвате специфична парола за приложението, за двуфакторни Gmail акаунти"},"setup-error-imap-disabled":{"_":"Трябва да включите IMAP за Вашия Gmail акаунт"},"setup-error-pop3-disabled":{"_":"Трябва да включите POP3 за Вашия Gmail акаунт"},"setup-error-bad-security":{"_":"Неуспешно сигурно свързване с \"{{server}}\". Възможен е проблем с Вашате мрежа или със сървъра."},"setup-error-unresponsive-server":{"_":"Неуспешно свързване с \"{{server}}\". Възможен е проблем с мрежата."},"setup-error-server-problem":{"_":"Има проблем с \"{{server}}\". Опитайте по-късно."},"setup-error-no-config-info":{"_":"Неуспешно автоматично конфигуриране. Поправете адреса на ел.поща или опитайте да настроите ръчно."},"setup-error-server-maintenance":{"_":"Сървърът \"{{server}}\" iе изключен за поддръжка. Опитайте по-късно."},"setup-error-account-already-exists":{"_":"Този акаунт вече е конфигуриран"},"setup-manual-config2":{"_":"Ръчна настройка"},"setup-manual-config-header":{"_":"Ръчна настройка"},"setup-manual-account-type":{"_":"Тип акаунт"},"setup-manual-imap-header":{"_":"IMAP настройки"},"setup-manual-pop3-header":{"_":"POP3 настройки"},"setup-manual-smtp-header":{"_":"SMTP настройки"},"setup-manual-activesync-header":{"_":"ActiveSync настройки"},"setup-manual-next":{"_":"Напред"},"setup-manual-socket":{"_":"Тип сокет"},"setup-manual-socket-ssl":{"_":"SSL"},"setup-manual-socket-starttls":{"_":"STARTTLS"},"setup-manual-hostname":{"placeholder":"Hostname"},"setup-manual-port":{"placeholder":"Номер на порт"},"setup-manual-username":{"placeholder":"Потребителско име"},"setup-bad-password-header":{"_":"Грешна парола!"},"setup-bad-password":{"_":"Неуспешно влизане на сървъра. Възможно е паролата да е сгрешена."},"setup-new-password":{"placeholder":"Нова парола"},"setup-fix-password":{"_":"Опитайте отново с нова парола"},"setup-gmail-twofactor-header":{"_":"Включена е двуфакторна проверка"},"setup-gmail-twofactor-message":{"_":"Трябва да въведете специфична парола за приложението."},"setup-gmail-twofactor-fix":{"_":"Използвайте парола за приложението"},"setup-gmail-imap-header":{"_":"IMAP изключен"},"setup-gmail-imap-message":{"_":"Трябва да включите IMAP в своя Gmail акаунт"},"setup-gmail-imap-retry":{"_":"Отново"},"setup-gmail-pop3-header":{"_":"POP3 изключен "},"setup-gmail-pop3-message":{"_":"Трябва да включите POP3 в своя Gmail акаунт"},"setup-gmail-pop3-retry":{"_":"Отново"},"settings-main-header":{"_":"Настройки на Ел.поща"},"settings-sub-header-account":{"_":"Акаунт"},"settings-account-name":{"_":"Вашето име"},"settings-account-display-notifications":{"_":"Показване на известия за нови съобщения"},"settings-sub-header-data":{"_":"Данни"},"settings-account-check-mail":{"_":"Проверка за нови съобщения"},"settings-sub-header-server":{"_":"Сървърни настройки"},"settings-account-userpass":{"_":"Потребителско име и парола"},"fld-account-picker-last-sync":{"_":"Последна синхронизация:"},"settings-done":{"_":"Готово"},"settings-account-section":{"_":"Акаунти"},"settings-account-add":{"_":"Добавяне на акаунт"},"settings-account-delete":{"_":"Изтриване на акаунт"},"settings-account-delete-prompt":{"_":"Сигурни ли сте, че искате да изтриете своя {{account}} пощенски акаунт? Ще трябва да свалите отново пощата си, ако създадете акаунта наново."},"settings-account-delete-cancel":{"_":"Отказ"},"settings-account-delete-confirm":{"_":"Изтриване"},"settings-about-section":{"_":"Относно"},"settings-general-section":{"_":"Общи настройки"},"settings-check-mail":{"_":"Проверяване на поща"},"settings-show-images":{"_":"Винаги показвай картинки"},"settings-download-attachments":{"_":"Сваляне на притурки"},"settings-notify-mail":{"_":"Известяване за нова поща"},"settings-check-every-3min":{"_":"3 минути"},"settings-check-every-5min":{"_":"5 минути"},"settings-check-every-10min":{"_":"10 минути"},"settings-check-every-15min":{"_":"15 минути"},"settings-check-every-30min":{"_":"30 минути"},"settings-check-every-60min":{"_":"60 минути"},"settings-check-every-manual":{"_":"Ръчно"},"settings-check-dynamic":{"_":"{[ plural(n) ]}","_[zero]":"секунди","_[one]":"{{ n }} секунда","_[two]":"{{ n }} секунди","_[few]":"{{ n }} секунди","_[many]":"{{ n }} секунди","_[other]":"{{ n }} секунди"},"settings-default-account":{"_":"Акаунт по подразбиране"},"settings-account-type":{"_":"Тип акаунт"},"settings-account-credentials":{"_":"Акредитации"},"settings-activesync-label":{"_":"ActiveSync настройки"},"settings-imap-label":{"_":"IMAP настройки"},"settings-pop3-label":{"_":"POP3 настройки"},"settings-smtp-label":{"_":"SMTP настройки"},"settings-hostname":{"_":"Hostname"},"settings-port":{"_":"Порт"},"settings-username":{"_":"Потребителско име"},"settings-password":{"_":"Парола"},"settings-save":{"_":"Запазване"},"settings-password-empty":{"_":"Полето за парола не трябва да е празно"},"settings-account-synchronize-window":{"_":"Дни за синхронизация"},"settings-synchronize-auto":{"_":"Автоматично"},"settings-synchronize-one-day":{"_":"1 ден"},"settings-synchronize-three-days":{"_":"3 дни"},"settings-synchronize-one-week":{"_":"1 седмица"},"settings-synchronize-two-weeks":{"_":"2 седмици"},"settings-synchronize-one-month":{"_":"1 месец"},"settings-synchronize-all":{"_":"Всички съобщения"},"accounts-header":{"_":"Акаунти"},"accounts-button":{"_":"Акаунти"},"envelope-from":{"_":"От"},"envelope-to":{"_":"До"},"envelope-cc":{"_":"Копие"},"envelope-bcc":{"_":"Скрито"},"reader-header":{"_":"Прочитане"},"compose-header":{"_":"Създаване на съобщение"},"compose-header-short":{"_":"Създаване"},"compose-send":{"_":"Изпращане"},"compose-to":{"_":"До"},"compose-cc":{"_":"копие"},"compose-bcc":{"_":"скрито"},"compose-attachments":{"_":"{[ plural(n) ]}","_[zero]":"Притурки","_[one]":"{{ n }} притурка","_[two]":"{{ n }} притурки","_[few]":"{{ n }} притурки","_[many]":"{{ n }} притурки","_[other]":"{{ n }} притурки"},"compose-subject":{"_":"Тема"},"compose-draft-save":{"_":"Запазване в Чернови"},"compose-discard-message":{"_":"Отказване на ел. поща?"},"compose-discard-confirm":{"_":"Отказване"},"compose-sending-message":{"_":"Изпращане на ел. поща"},"compose-send-message-failed":{"_":"Неуспешно изпращане на ел. поща"},"composer-attachment-large":{"_":"Притурката е твърде голяма"},"composer-attachments-large":{"_":"Притурките са твърде големи"},"compose-attchment-size-exceeded":{"_":"Избраната притурка е твърде голяма, за да бъде изпратена с това съобщение."},"compose-attchments-size-exceeded":{"_":"Избраните притурки са твърде големи, за да бъдат изпратени с това съобщение. Опитайте да изберете по-малко файлове."},"dialog-button-ok":{"_":"Добре"},"default-attachment-filename":{"_":"attachment{{ n }}"},"attachment-size-kib":{"_":"{{kilobytes}}K"},"message-attachment-view":{"textContent":"Преглед"},"message-no-subject":{"_":"(без тема)"},"message-edit-menu-star":{"_":"Звезда"},"message-edit-menu-unstar":{"_":"Премахване на звезда"},"message-edit-menu-mark-read":{"_":"Маркиране като прочетено"},"message-edit-menu-mark-unread":{"_":"Маркиране като непрочетено"},"message-edit-menu-move":{"_":"Преместване"},"message-edit-menu-delete":{"_":"Изтриване"},"message-edit-delete-confirm":{"_":"Изтриване на съобщението?"},"message-send-attachment-disabled-confirm":{"_":"Притурки не могат да бъдат препращани."},"message-multiedit-header":{"_":"{[ plural(n) ]}","_[zero]":"Редактиране","_[one]":"{{ n }} избрано","_[two]":"{{ n }} избрани","_[few]":"{{ n }} избрани","_[many]":"{{ n }} избрани","_[other]":"{{ n }} избрани"},"browse-to-url-prompt":{"_":"Отиване на URL?: {{ url }}"},"message-download-images":{"_":"{[ plural(n) ]}","_[one]":"Тази ел. поща съдържа едно изображение. Натиснете за сваляне.","_[two]":"Тази ел. поща съдържа {{ n }} изображения. Натиснете за сваляне.","_[few]":"Тази ел. поща съдържа {{ n }} изображения. Натиснете за сваляне.","_[many]":"Тази ел. поща съдържа {{ n }} изображения. Натиснете за сваляне.","_[other]":"Тази ел. поща съдържа {{ n }} изображения. Натиснете за сваляне."},"message-show-external-images":{"_":"Показване на външни изображения"},"message-multiedit-cancel":{"_":"Отказ"},"message-multiedit-delete-confirm":{"_":"{[ plural(n) ]}","_[one]":"Изтриване на тази ел. поща?","_[two]":"Изтриване на {{ n }} ел. пощи?","_[few]":"Изтриване на {{ n }} ел. пощи?","_[many]":"Изтриване на {{ n }} ел. пощи?","_[other]":"Изтриване на {{ n }} ел. пощи?"},"message-large-message-cancel":{"_":"Отказ"},"message-large-message-ok":{"_":"Продължаване"},"message-large-message-confirm":{"_":"Съобщението е голямо и може да отнеме известно време, за да се свали."},"message-search-from":{"_":"От"},"message-search-to":{"_":"До"},"message-search-subject":{"_":"Тема"},"message-search-body":{"_":"Текст"},"message-search-all":{"_":"Всички"},"message-search-input":{"placeholder":"Търсене на поща"},"message-search-cancel-accessible":{"_":"Отказ от търсенето"},"messages-syncing":{"_":"ареждане на съобщения"},"messages-sync-more":{"_":"Зареждане на още съобщения от сървъра"},"messages-folder-empty":{"_":"Липсва поща в тази папка"},"messages-search-empty":{"_":"Няма съответствия в локално запазените съобщения"},"messages-folder-select":{"_":"Избиране на папка"},"message-contact-menu-create":{"_":"Запазване на нов контакт"},"message-contact-menu-add-existing":{"_":"Добавяне към съществуващ контакт"},"message-contact-menu-view":{"_":"Разглеждане на контакт"},"message-contact-menu-reply":{"_":"Отговор"},"message-contact-menu-new":{"_":"Изпращане на нова поща"},"message-reply-menu-reply":{"_":"Отговор"},"message-reply-menu-reply-all":{"_":"Отговор до всички"},"message-reply-menu-forward":{"_":"Препращане"},"message-reply-menu-cancel":{"_":"Отказ"},"folder-list-header":{"_":"Папки"},"account-last-synced-label":{"_":"Последна синхронизация: "},"account-never-synced":{"_":"Никога"},"reply-quoting-wrote":{"_":"{name} написа"},"forward-original-message":{"_":"Оригинално съобщение"},"forward-header-subject":{"_":"Тема"},"forward-header-date":{"_":"Дата"},"forward-header-from":{"_":"От"},"forward-header-reply-to":{"_":"Отговор до"},"forward-header-to":{"_":"До"},"forward-header-cc":{"_":"Копие"},"folder-inbox":{"_":"Пощенска кутия"},"folder-sent":{"_":"Изпратени писма"},"folder-drafts":{"_":"Чернови"},"folder-trash":{"_":"Кошче"},"folder-queue":{"_":"Неизпратени"},"folder-junk":{"_":"Нежелана поща"},"folder-archives":{"_":"Архиви"},"folder-localdrafts":{"_":"Локални чернови"},"toaster-undo":{"_":"Отмяна"},"toaster-retry":{"_":"Отново"},"toaster-message-star":{"_":"{[ plural(n) ]}","_[one]":"1 зададен флаг","_[two]":"{{ n }} зададени флага","_[few]":"{{ n }} зададени флага","_[many]":"{{ n }} зададени флага","_[other]":"{{ n }} зададени флага"},"toaster-message-unstar":{"_":"{[ plural(n) ]}","_[one]":"1 премахнат флаг","_[two]":"{{ n }} премахнати флага","_[few]":"{{ n }} премахнати флага","_[many]":"{{ n }} премахнати флага","_[other]":"{{ n }} премахнати флага"},"toaster-message-read":{"_":"{[ plural(n) ]}","_[one]":"1 съобщение маркирано като прочетено","_[two]":"{{ n }} съобщения маркирани като прочетени","_[few]":"{{ n }} съобщения маркирани като прочетени","_[many]":"{{ n }} съобщения маркирани като прочетени","_[other]":"{{ n }} съобщения маркирани като прочетени"},"toaster-message-unread":{"_":"{[ plural(n) ]}","_[one]":"1 съобщение маркирано като непрочетено","_[two]":"{{ n }} съобщения маркирани като непрочетени","_[few]":"{{ n }} съобщения маркирани като непрочетени","_[many]":"{{ n }} съобщения маркирани като непрочетени","_[other]":"{{ n }} съобщения маркирани като непрочетени"},"toaster-message-move":{"_":"{[ plural(n) ]}","_[one]":"1 преместено съобщение","_[two]":"{{ n }} преместени съобщения","_[few]":"{{ n }} преместени съобщения","_[many]":"{{ n }} преместени съобщения","_[other]":"{{ n }} преместени съобщения"},"toaster-message-delete":{"_":"{[ plural(n) ]}","_[one]":"1 изтрито съобщение","_[two]":"{{ n }} изтрити съобщения","_[few]":"{{ n }} изтрити съобщения","_[many]":"{{ n }} изтрити съобщения","_[other]":"{{ n }} изтрити съобщения"},"toaster-retryable-syncfailed":{"_":"Грешка при свързването със сървъра"},"form-clear-input":{"_":"Премахване на текст"},"confirm-dialog-title":{"_":"Потвърждение"},"senders-separation-sign":{"_":", "},"new-emails":{"_":"{[ plural(n) ]}","_[one]":"1 нова ел. поща","_[two]":"{{ n }} нови ел. пощи","_[few]":"{{ n }} нови ел. пощи","_[many]":"{{ n }} нови ел. пощи","_[other]":"{{ n }} нови ел. пощи"},"new-emails-notify-one-account":{"_":"{[ plural(n) ]}","_[one]":"1 нова ел. поща","_[two]":"{{ n }} нови ел. пощи","_[few]":"{{ n }} нови ел. пощи","_[many]":"{{ n }} нови ел. пощи","_[other]":"{{ n }} нови ел. пощи"},"new-emails-notify-multiple-accounts":{"_":"{[ plural(n) ]}","_[one]":"1 нова ел. поща ({{ accountName }})","_[two]":"{{ n }} нови ел. пощи ({{ accountName }})","_[few]":"{{ n }} нови ел. пощи ({{ accountName }})","_[many]":"{{ n }} нови ел. пощи ({{ accountName }})","_[other]":"{{ n }} нови ел. пощи ({{ accountName }})"},"new-emails-notify-multiple-accounts-body":{"_":"{{ from }} “{{ subject }}”"},"setup-info-header":{"_":"Вашата входна информация"},"default-attachment-name":{"_":"{[ plural(n) ]}","_[one]":"притурка1","_[two]":"притурка{{ n }}","_[few]":"притурка{{ n }}","_[many]":"притурка{{ n }}","_[other]":"притурка{{ n }}"},"weekday-0-long":{"_":"Неделя"},"weekday-1-long":{"_":"Понеделник"},"weekday-2-long":{"_":"Вторник"},"weekday-3-long":{"_":"Сряда"},"weekday-4-long":{"_":"Четвъртък"},"weekday-5-long":{"_":"Петък"},"weekday-6-long":{"_":"Събота"},"weekday-0-short":{"_":"Нед"},"weekday-1-short":{"_":"Пон"},"weekday-2-short":{"_":"Вт"},"weekday-3-short":{"_":"Ср"},"weekday-4-short":{"_":"Чет"},"weekday-5-short":{"_":"Пет"},"weekday-6-short":{"_":"Съб"},"month-0-long":{"_":"Януари"},"month-1-long":{"_":"Февруари"},"month-2-long":{"_":"Maрт"},"month-3-long":{"_":"Aприл"},"month-4-long":{"_":"Май"},"month-5-long":{"_":"Юни"},"month-6-long":{"_":"Юли"},"month-7-long":{"_":"Август"},"month-8-long":{"_":"Септември"},"month-9-long":{"_":"Oктомври"},"month-10-long":{"_":"Ноември"},"month-11-long":{"_":"Декември"},"month-0-genitive":{"_":"Януари"},"month-1-genitive":{"_":"Февруари"},"month-2-genitive":{"_":"Maрт"},"month-3-genitive":{"_":"Aприл"},"month-4-genitive":{"_":"Май"},"month-5-genitive":{"_":"Юни"},"month-6-genitive":{"_":"Юли"},"month-7-genitive":{"_":"Август"},"month-8-genitive":{"_":"Септември"},"month-9-genitive":{"_":"Oктомври"},"month-10-genitive":{"_":"Ноември"},"month-11-genitive":{"_":"Декември"},"month-0-short":{"_":"Ян"},"month-1-short":{"_":"Фев"},"month-2-short":{"_":"Мар"},"month-3-short":{"_":"Апр"},"month-4-short":{"_":"Май"},"month-5-short":{"_":"Юни"},"month-6-short":{"_":"Юли"},"month-7-short":{"_":"Авг"},"month-8-short":{"_":"Сеп"},"month-9-short":{"_":"Окт"},"month-10-short":{"_":"Ное"},"month-11-short":{"_":"Дек"},"minutes-ago-long":{"_":"{[ plural(value) ]}","_[zero]":"в момента","_[one]":"преди минута","_[two]":"преди {{value}} минути","_[few]":"преди {{value}} минути","_[many]":"преди {{value}} минути","_[other]":"преди {{value}} минути"},"hours-ago-long":{"_":"{[ plural(value) ]}","_[zero]":"в момента","_[one]":"преди час","_[two]":"преди {{value}} часа","_[few]":"преди {{value}} часа","_[many]":"преди {{value}} часа","_[other]":"преди {{value}} часа"},"days-ago-long":{"_":"{[ plural(value) ]}","_[zero]":"днес","_[one]":"вчера","_[two]":"преди {{value}} дни","_[few]":"преди {{value}} дни","_[many]":"преди {{value}} дни","_[other]":"преди {{value}} дни"},"weeks-ago-long":{"_":"{[ plural(value) ]}","_[zero]":"тази седмица","_[one]":"миналата седмица","_[two]":"преди {{value}} седмици","_[few]":"преди {{value}} седмици","_[many]":"преди {{value}} седмици","_[other]":"преди {{value}} седмици"},"months-ago-long":{"_":"{[ plural(value) ]}","_[zero]":"този месец","_[one]":"миналия месец","_[two]":"преди {{value}} месеца","_[few]":"преди {{value}} месеца","_[many]":"преди {{value}} месеца","_[other]":"преди {{value}} месеца"},"years-ago-long":{"_":"{[ plural(value) ]}","_[zero]":"тази година","_[one]":"миналата година","_[two]":"преди {{value}} години","_[few]":"преди {{value}} години","_[many]":"преди {{value}} години","_[other]":"преди {{value}} години"},"minutes-until-long":{"_":"{[ plural(value) ]}","_[zero]":"now","_[one]":"in a minute","_[two]":"in {{value}} minutes","_[few]":"in {{value}} minutes","_[many]":"in {{value}} minutes","_[other]":"in {{value}} minutes"},"hours-until-long":{"_":"{[ plural(value) ]}","_[zero]":"сега","_[one]":"до един час","_[two]":"след {{value}} часа","_[few]":"след {{value}} часа","_[many]":"след {{value}} часа","_[other]":"след {{value}} часа"},"days-until-long":{"_":"{[ plural(value) ]}","_[zero]":"днес","_[one]":"утре","_[two]":"след {{value}} дни","_[few]":"след {{value}} дни","_[many]":"след {{value}} дни","_[other]":"след {{value}} дни"},"weeks-until-long":{"_":"{[ plural(value) ]}","_[zero]":"тази седмица","_[one]":"другата седмица","_[two]":"след {{value}} седмици","_[few]":"след {{value}} седмици","_[many]":"след {{value}} седмици","_[other]":"след {{value}} седмици"},"months-until-long":{"_":"{[ plural(value) ]}","_[zero]":"този месец","_[one]":"другия месец","_[two]":"след {{value}} месеца","_[few]":"след {{value}} месеца","_[many]":"след {{value}} месеца","_[other]":"след {{value}} месеца"},"years-until-long":{"_":"{[ plural(value) ]}","_[zero]":"тази година","_[one]":"следващата година","_[two]":"след {{value}} години","_[few]":"след {{value}} години","_[many]":"след {{value}} години","_[other]":"след {{value}} години"},"minutes-ago-short":{"_":"{[ plural(value) ]}","_[zero]":"в момента","_[other]":"преди {{value}}мин."},"hours-ago-short":{"_":"{[ plural(value) ]}","_[zero]":"в момента","_[other]":"преди {{value}}ч."},"days-ago-short":{"_":"{[ plural(value) ]}","_[zero]":"днес","_[other]":"преди {{value}}дни"},"minutes-until-short":{"_":"{[ plural(value) ]}","_[zero]":"сега","_[other]":"след {{value}}мин."},"hours-until-short":{"_":"{[ plural(value) ]}","_[zero]":"сега","_[other]":"след {{value}}ч."},"days-until-short":{"_":"{[ plural(value) ]}","_[zero]":"днес","_[other]":"след {{value}}дни"},"incorrectDate":{"_":"(невалидна дата)"},"dateTimeFormat_%c":{"_":"%a, %e %b %Y %H:%M:%S"},"dateTimeFormat_%x":{"_":"%d %m %Y"},"dateTimeFormat_%X":{"_":"%H:%M:%S"},"shortTimeFormat":{"_":"%H:%M"},"shortDateTimeFormat":{"_":"%x %H:%M"},"weekStartsOnMonday":{"_":"1"},"time_am":{"_":"AM"},"time_pm":{"_":"PM"}}