{"setup-app-name-header":{"_":"মেইল"},"setup-empty-account-prompt":{"_":"আপনি পাঠানো বা গ্রহনের জন্য ইমেইল সেটআপ করেননি। আপনি কি এখন তা করতে চান?"},"setup-pick-service":{"_":"মেইল পাঠাতে এবং গ্রহন করতে, আপনাকে একটি আ্যাকাউন্ট তৈরী করতে হবে।"},"setup-account-header3":{"_":"নতুন অ্যাকাউন্ট"},"setup-info-name":{"placeholder":"আপনার নাম"},"setup-info-email":{"placeholder":"someone@example.com"},"setup-info-password":{"placeholder":"পাসওয়ার্ড"},"setup-info-next":{"_":"পরবর্তী"},"setup-progress-wait-msg":{"_":"অ্যাকাউন্ট সেটিং করুন"},"setup-completed-header":{"_":"মেইল অ্যাকাউন্ট সেটআপ"},"setup-completed-label":{"_":"সব সম্পন্ন!"},"setup-add-another-account":{"_":"আরেকটি অ্যাকাউন্ট যোগ করুন"},"setup-show-mail":{"_":"মেইল পড়ুন"},"setup-error-offline":{"_":"ডিভাইসটি বর্তমানে অফলাইনে আছে। নেটওয়ার্কে সংযুক্ত হোন এবং পুনরায় চেষ্টা করুন।"},"setup-error-bad-user-or-pass2":{"_":"ব্যবহারকারীর নাম বা পাসওয়ার্ড কার্যকর নয়। বানান পরীক্ষা করুন।"},"setup-error-bad-address":{"_":"Invalid e-mail address. Check for typos."},"setup-error-not-authorized":{"_":"The server said you’re not authorized to create an account"},"setup-error-pop-server-not-great":{"_":"সার্ভার অসমর্থিত। POP3 সার্ভার অপরিহার্য বৈশিষ্ট্য গুলো সম্পাদন করে না।"},"setup-error-unknown2":{"_":"একটি অজ্ঞাত ভুল হয়েছে। আপনার নেটওয়ার্ক সংযোগ পরীক্ষা করুন বা ম্যানুয়াল কনফিগারেশন অপশনে চেষ্টা করুন।"},"setup-error-needs-app-pass":{"_":"২ ফ্যাক্টর জিমেইল অ্যাকাউন্টের জন্য আপনাকে অবশ্যই একটা এপ্লিকেশন এর জন্য নির্দিষ্ট পাসওয়ার্ড ব্যাবহার করতে হবে"},"setup-error-imap-disabled":{"_":"জিমেইল একাউন্টের জন্য আপনাকে অবশ্যই IMAP চালু করতে হবে"},"setup-error-pop3-disabled":{"_":"জিমেইল একাউন্টের জন্য আপনাকে অবশ্যই POP3 চালু করতে হবে"},"setup-error-bad-security":{"_":"\"{{server}}\"এর সাথে নিরাপদ সংযোগ স্থাপন করা যাচ্ছে না। এটি আপনার নেটওয়ার্ক বা সার্ভারের সমস্যা হতে পারে।"},"setup-error-unresponsive-server":{"_":"\"{{server}}\"এর সাথে নিরাপদ সংযোগ স্থাপন করা যাচ্ছে না। এটি আপনার নেটওয়ার্কের সমস্যা হতে পারে।"},"setup-error-server-problem":{"_":"\"{{server}}\" সার্ভারে কিছু একটা সমস্যা হয়েছে। পরে আবার চেষ্টা করুন।"},"setup-error-no-config-info":{"_":"স্বয়ংক্রিয়ভাবে আপনার একাউন্টটি কনফিগার করা সম্ভব হচ্ছে না। আপনার ইমেইল ঠিকানাটি ঠিক করুন অথবা ম্যানুয়াল কনফিগারেশন অপশনটি চেষ্টা করে দেখুন।"},"setup-error-server-maintenance":{"_":"সার্ভারটি \"{{server}}\" মেরামত কাজের জন্য অফলাইন আছে। কিছুক্ষণ পর আবার চেষ্টা করুন।"},"setup-error-account-already-exists":{"_":"একাউন্টটি ইতোমধ্যে সংগঠিত"},"setup-manual-config2":{"_":"ম্যানুয়াল সেটআপ"},"setup-manual-config-header":{"_":"ম্যানুয়াল সেটআপ"},"setup-manual-account-type":{"_":"অ্যাকাউন্টের ধরন"},"setup-manual-imap-header":{"_":"IMAP সেটিংসমূহ"},"setup-manual-pop3-header":{"_":"POP3 সেটিংস"},"setup-manual-smtp-header":{"_":"SMTP সেটিংস"},"setup-manual-activesync-header":{"_":"একটিভসিঙ্ক সেটিংস"},"setup-manual-next":{"_":"পরবর্তী"},"setup-manual-socket":{"_":"সকেটের ধরণ"},"setup-manual-socket-ssl":{"_":"SSL"},"setup-manual-socket-starttls":{"_":"STARTTLS"},"setup-manual-hostname":{"placeholder":"হোস্ট নাম"},"setup-manual-port":{"placeholder":"পোর্ট নম্বর"},"setup-manual-username":{"placeholder":"ব্যবহারকারীর নাম"},"setup-bad-password-header":{"_":"ত্রুটিযুক্ত পাসওয়ার্ড!"},"setup-bad-password":{"_":"আমরা সার্ভারে সাইন-ইন করতে পারছি না। আপনার পাসওয়ার্ডটি কি ভুল?"},"setup-new-password":{"placeholder":"নতুন গোপনশব্দ"},"setup-fix-password":{"_":"নতুন পাসওয়ার্ড দিয়ে আবার চেষ্টা করুন"},"setup-gmail-twofactor-header":{"_":"টু-ফেক্টর সক্রিয়"},"setup-gmail-twofactor-message":{"_":"আপনাকে এপ্লিকেশন-সংশ্লিষ্ট একটি পাসওয়ার্ড দিতে হবে।"},"setup-gmail-twofactor-fix":{"_":"এপ্লিকেশন পাসওয়ার্ড ব্যবহার করুন"},"setup-gmail-imap-header":{"_":"IMAP বন্ধ"},"setup-gmail-imap-message":{"_":"জিমেইল একাউন্টের জন্য আপনাকে অবশ্যই IMAP চালু করতে হবে"},"setup-gmail-imap-retry":{"_":"পুনরায় চেষ্টা করুন"},"setup-gmail-pop3-header":{"_":"POP3 নিষ্ক্রিয়"},"setup-gmail-pop3-message":{"_":"জিমেইল একাউন্টের জন্য আপনাকে অবশ্যই POP3 চালু করতে হবে"},"setup-gmail-pop3-retry":{"_":"পুনরায় চেষ্টা"},"settings-main-header":{"_":"মেইল সেটিং"},"settings-sub-header-account":{"_":"একাউন্ট"},"settings-account-name":{"_":"আপনার নাম"},"settings-account-display-notifications":{"_":"নতুন বার্তার জন্যে বিজ্ঞপ্তি প্রদর্শন কর"},"settings-sub-header-data":{"_":"ডাটা"},"settings-account-check-mail":{"_":"নতুন বার্তার খোজ কর"},"settings-sub-header-server":{"_":"সার্ভার সেটিংস"},"settings-account-userpass":{"_":"ইউজারনেম ও পাসওয়ার্ড"},"fld-account-picker-last-sync":{"_":"সর্বশেষ সিঙ্ক:"},"settings-done":{"_":"সম্পন্ন"},"settings-account-section":{"_":"অ্যাকাউন্ট"},"settings-account-add":{"_":"অ্যাকাউন্ট যোগ করুন"},"settings-account-delete":{"_":"অ্যাকাউন্ট অপসারণ"},"settings-account-delete-prompt":{"_":"আপনি কি নিশ্চিত যে আপনি আপনার {{account}} মেইল একাউন্টটি ডিলিট করতে চান? আপনি যদি পুনরায় একাউন্টটি যোগ করেন তাহলে আপনার মেইলগুলো আবারও ডাউনলোড করতে হবে।"},"settings-account-delete-cancel":{"_":"বাতিল"},"settings-account-delete-confirm":{"_":"অপসারণ"},"settings-about-section":{"_":"সম্বন্ধে"},"settings-general-section":{"_":"সাধারণ সেটিংসমূহ"},"settings-check-mail":{"_":"মেইল দেখুন"},"settings-show-images":{"_":"সর্বদা ছবিগুলি প্রদর্শন করা হবে"},"settings-download-attachments":{"_":"এটাচমেন্টগুলি ডাউনলোড করুন"},"settings-notify-mail":{"_":"নতুন মেইল অবহিতকরণ"},"settings-check-every-3min":{"_":"প্রতি ৩ মিনিট"},"settings-check-every-5min":{"_":"প্রতি ৫ মিনিট"},"settings-check-every-10min":{"_":"প্রতি ১০ মিনিটে"},"settings-check-every-15min":{"_":"প্রতি ১৫ মিনিটে"},"settings-check-every-30min":{"_":"প্রতি ৩০ মিনিটে"},"settings-check-every-60min":{"_":"প্রতি ঘন্টায়"},"settings-check-every-manual":{"_":"নিজ হাতে"},"settings-check-dynamic":{"_":"{[ plural(n) ]}","_[zero]":"সেকেন্ড","_[one]":"{{ n }} সেকেন্ড","_[two]":"{{ n }} সেকেন্ড","_[few]":"{{ n }} সেকেন্ড","_[many]":"{{ n }} সেকেন্ড","_[other]":"{{ n }} সেকেন্ড"},"settings-default-account":{"_":"পূর্বনির্ধারিত ইমেইল হিসাবে নির্ধারণ করুন"},"settings-account-type":{"_":"অ্যাকাউন্টের ধরন"},"settings-account-credentials":{"_":"প্রমান পত্র"},"settings-activesync-label":{"_":"ActiveSync সেটিংস"},"settings-imap-label":{"_":"IMAP সেটিং"},"settings-pop3-label":{"_":"POP3 সেটিংস"},"settings-smtp-label":{"_":"SMTP সেটিংসমূহ"},"settings-hostname":{"_":"হোস্টনেম"},"settings-port":{"_":"পোর্ট"},"settings-username":{"_":"ব্যবহারকারীর নাম"},"settings-password":{"_":"পাসওয়ার্ড"},"settings-save":{"_":"সংরক্ষণ"},"settings-password-empty":{"_":"পাসওয়ার্ড ঘর খালি রাখা যাবে না"},"settings-account-synchronize-window":{"_":"সিংক্রোনাইজ করার দিন"},"settings-synchronize-auto":{"_":"স্বয়ংক্রিয়"},"settings-synchronize-one-day":{"_":"১ দিন"},"settings-synchronize-three-days":{"_":"৩ দিন"},"settings-synchronize-one-week":{"_":"১ সপ্তাহ"},"settings-synchronize-two-weeks":{"_":"২ সপ্তাহ"},"settings-synchronize-one-month":{"_":"১ মাস"},"settings-synchronize-all":{"_":"সব বার্তা"},"accounts-header":{"_":"অ্যাকাউন্ট"},"accounts-button":{"_":"অ্যাকাউন্ট"},"envelope-from":{"_":"প্রেরক"},"envelope-to":{"_":"প্রাপক"},"envelope-cc":{"_":"Cc"},"envelope-bcc":{"_":"Bcc"},"reader-header":{"_":"পড়ুন"},"compose-header":{"_":"বার্তা লিখন"},"compose-header-short":{"_":"কম্পোজ"},"compose-send":{"_":"প্রেরণ করুন"},"compose-to":{"_":"প্রাপক"},"compose-cc":{"_":"cc"},"compose-bcc":{"_":"bcc"},"compose-attachments":{"_":"{[ plural(n) ]}","_[zero]":"সংযুক্তিসমূহ","_[one]":"{{ n }} সংযুক্তি","_[two]":"{{ n }} সংযুক্তিসমূহ","_[few]":"{{ n }} সংযুক্তিসমূহ","_[many]":"{{ n }} সংযুক্তিসমূহ","_[other]":"{{ n }} সংযুক্তিসমূহ"},"compose-subject":{"_":"বিষয়"},"compose-draft-save":{"_":"স্থানীয় খসড়াতে সংরক্ষণ করুন"},"compose-discard-message":{"_":"ইমেইলটি বাতিল করবেন?"},"compose-discard-confirm":{"_":"বাতিল"},"compose-sending-message":{"_":"ই-মেইল প্রেরণ করা হচ্ছে"},"compose-send-message-failed":{"_":"ইমেইল পাঠাতে ব্যার্থ"},"composer-attachment-large":{"_":"সংযুক্তির আকার অনেক বড়"},"composer-attachments-large":{"_":"সংযুক্তিসমূহের আকার অনেক বড়"},"compose-attchment-size-exceeded":{"_":"বার্তার সাথে পাঠানোর জন্য নির্বাচিত সংযুক্তির আকার অনেক বড়।"},"compose-attchments-size-exceeded":{"_":"বার্তার সাথে পাঠানোর জন্য নির্বাচিত সংযুক্তিসমূহের আকার অনেক বড়। কম ফাইল নির্বাচন করে চেষ্টা করুন।"},"dialog-button-ok":{"_":"ঠিক আছে"},"default-attachment-filename":{"_":"attachment{{ n }}"},"attachment-size-kib":{"_":"{{kilobytes}}কিলো"},"message-attachment-view":{"textContent":"প্রদর্শন"},"message-no-subject":{"_":"(কোনো বিষয় নেই)"},"message-edit-menu-star":{"_":"তারকা"},"message-edit-menu-unstar":{"_":"তারকা বিহীন"},"message-edit-menu-mark-read":{"_":"পঠিত হিসাবে চিহ্নিত কর"},"message-edit-menu-mark-unread":{"_":"অপঠিত হিসাবে চিহ্নিত কর"},"message-edit-menu-move":{"_":"সরাও"},"message-edit-menu-delete":{"_":"অপসারণ"},"message-edit-delete-confirm":{"_":"মেইল বার্তাগুলি অপসারণ করবেন?"},"message-send-attachment-disabled-confirm":{"_":"সংযুক্তিসমূহ ফরওয়ার্ড করা যাবে না।"},"message-multiedit-header":{"_":"{[ plural(n) ]}","_[zero]":"সম্পাদনা","_[one]":"{{ n }} নির্বাচিত","_[two]":"{{ n }} নির্বাচিত","_[few]":"{{ n }} নির্বাচিত","_[many]":"{{ n }} নির্বাচিত","_[other]":"{{ n }} নির্বাচিত"},"browse-to-url-prompt":{"_":"এই ইউআরএল এ ব্রাউজ করা হবে?: {{ url }}"},"message-download-images":{"_":"{[ plural(n) ]}","_[one]":"এই ইমেইলটিতে একটি ছবি আছে। ডাউনলোড করার জন্য ক্লিক করুন।","_[two]":"এই ইমেইলটিতে {{ n }} টি ছবি আছে। ডাউনলোড করার জন্য ক্লিক করুন।","_[few]":"এই ইমেইলটিতে {{ n }} টি ছবি আছে। ডাউনলোড করার জন্য ক্লিক করুন।","_[many]":"এই ইমেইলটিতে {{ n }} টি ছবি আছে। ডাউনলোড করার জন্য ক্লিক করুন।","_[other]":"এই ইমেইলটিতে {{ n }} টি ছবি আছে। ডাউনলোড করার জন্য ক্লিক করুন।"},"message-show-external-images":{"_":"বাইরের ছবি প্রদর্শন"},"message-multiedit-cancel":{"_":"বাতিল"},"message-multiedit-delete-confirm":{"_":"{[ plural(n) ]}","_[one]":"এই মেইলের বার্তা অপসারণ করবেন?","_[two]":"{{ n }} ইমেইল বার্তা অপসারণ করবেন?","_[few]":"{{ n }} ইমেইল বার্তাসমূহ অপসারণ করবেন?","_[many]":"{{ n }} ইমেইল বার্তাসমূহ অপসারণ করবেন?","_[other]":"{{ n }} ইমেইল বার্তাসমূহ অপসারণ করবেন?"},"message-large-message-cancel":{"_":"বাতিল"},"message-large-message-ok":{"_":"চালিয়ে যান"},"message-large-message-confirm":{"_":"এই বার্তাটি বিশাল তাই এটি ডাউনলোড হতে কিছু সময় লাগবে।"},"message-search-from":{"_":"প্রেরক"},"message-search-to":{"_":"প্রাপক"},"message-search-subject":{"_":"বিষয়"},"message-search-body":{"_":"বার্তা"},"message-search-all":{"_":"সব"},"message-search-input":{"placeholder":"মেইল অনুসন্ধান করুন"},"message-search-cancel-accessible":{"_":"অনুসন্ধান বাতিল করুন"},"messages-syncing":{"_":"বার্তাসমূহ লোড করা হচ্ছে"},"messages-sync-more":{"_":"সার্ভার থেকে আরও বার্তা লোড কর"},"messages-folder-empty":{"_":"এই ফোল্ডারে কোন বার্তা নেই"},"messages-search-empty":{"_":"স্থানীয়ভাবে ক্যাশকৃত বার্তার সাথে মিল পাওয়া যায়নি"},"messages-folder-select":{"_":"ফোল্ডার নির্বাচন করুন"},"message-contact-menu-create":{"_":"নতুন পরিচিতি সংরক্ষণ করুন"},"message-contact-menu-add-existing":{"_":"বিদ্যমান পরিচিতিতে যুক্ত করুন"},"message-contact-menu-view":{"_":"পরিচিতি দেখুন"},"message-contact-menu-reply":{"_":"জবাব"},"message-contact-menu-new":{"_":"নতুন ইমেইল প্রেরণ"},"message-reply-menu-reply":{"_":"জবাব"},"message-reply-menu-reply-all":{"_":"সকলের প্রতি উত্তর"},"message-reply-menu-forward":{"_":"ফরওয়ার্ড"},"message-reply-menu-cancel":{"_":"বাতিল"},"folder-list-header":{"_":"ফোল্ডার"},"account-last-synced-label":{"_":"সর্বশেষ সিঙ্ক:"},"account-never-synced":{"_":"কখনো নয়"},"reply-quoting-wrote":{"_":"{name} লিখেছেন"},"forward-original-message":{"_":"আসল বার্তা"},"forward-header-subject":{"_":"বিষয়"},"forward-header-date":{"_":"তারিখ"},"forward-header-from":{"_":"প্রেরক"},"forward-header-reply-to":{"_":"উত্তর - প্রাপক"},"forward-header-to":{"_":"প্রাপক"},"forward-header-cc":{"_":"Cc"},"folder-inbox":{"_":"ইনবক্স"},"folder-sent":{"_":"প্রেরিত"},"folder-drafts":{"_":"খসড়াসমূহ"},"folder-trash":{"_":"আবর্জনা"},"folder-queue":{"_":"অপ্রেরিত"},"folder-junk":{"_":"অপ্রয়োজনীয়"},"folder-archives":{"_":"আর্কাইভ"},"folder-localdrafts":{"_":"স্থানীয় খসড়া"},"toaster-undo":{"_":"পূর্বাবস্থায় ফিরে যান"},"toaster-retry":{"_":"পুনরায় চেষ্টা করুন"},"toaster-message-star":{"_":"{[ plural(n) ]}","_[one]":"১টি বার্তা ফ্লাগ সেট করা হয়েছে","_[two]":"{{ n }} টি বার্তা ফ্লাগ করা হয়েছে","_[few]":"{{ n }} টি বার্তা ফ্লাগ করা হয়েছে","_[many]":"{{ n }} টি বার্তা ফ্লাগ করা হয়েছে","_[other]":"{{ n }} টি বার্তা ফ্লাগ করা হয়েছে"},"toaster-message-unstar":{"_":"{[ plural(n) ]}","_[one]":"১ র্বার্তা পতাকা অপসারিত","_[two]":"{{ n }} টি বার্তা ফ্লাগ অপসারিত হয়েছে","_[few]":"{{ n }} টি বার্তা ফ্লাগ অপসারিত হয়েছে","_[many]":"{{ n }} টি বার্তা ফ্লাগ অপসারিত হয়েছে","_[other]":"{{ n }} টি বার্তা ফ্লাগ অপসারিত হয়েছে"},"toaster-message-read":{"_":"{[ plural(n) ]}","_[one]":"১টি বার্তা পঠিত হিসাবে চিহ্নিত হয়েছে","_[two]":"{{ n }} টি বার্তা পঠিত হিসাবে চিহ্নিত হয়েছে","_[few]":"{{ n }} টি বার্তা পঠিত হিসাবে চিহ্নিত হয়েছে","_[many]":"{{ n }} টি বার্তা পঠিত হিসাবে চিহ্নিত হয়েছে","_[other]":"{{ n }} টি বার্তা পঠিত হিসাবে চিহ্নিত হয়েছে"},"toaster-message-unread":{"_":"{[ plural(n) ]}","_[one]":"১টি বার্তা অপঠিত হিসাবে চিহ্নিত হয়েছে","_[two]":"অপঠিত হিসেবে {{ n }} টি বার্তা চিহ্নিত করা হয়েছে","_[few]":"অপঠিত হিসেবে {{ n }} টি বার্তা চিহ্নিত করা হয়েছে","_[many]":"অপঠিত হিসেবে {{ n }} টি বার্তা চিহ্নিত করা হয়েছে","_[other]":"অপঠিত হিসেবে {{ n }} টি বার্তা চিহ্নিত করা হয়েছে"},"toaster-message-move":{"_":"{[ plural(n) ]}","_[one]":"১টি বার্তা সরানো হয়েছে","_[two]":"{{ n }} টি বার্তা সরানো হয়েছে","_[few]":"{{ n }} টি বার্তা সরানো হয়েছে","_[many]":"{{ n }} টি বার্তা সরানো হয়েছে","_[other]":"{{ n }} টি বার্তা সরানো হয়েছে"},"toaster-message-delete":{"_":"{[ plural(n) ]}","_[one]":"১ টি বার্তা অপসারিত হয়েছে","_[two]":"{{ n }} টি বার্তা অপসারিত হয়েছে","_[few]":"{{ n }} টি বার্তা অপসারিত হয়েছে","_[many]":"{{ n }} টি বার্তা অপসারিত হয়েছে","_[other]":"{{ n }} টি বার্তা অপসারিত হয়েছে"},"toaster-retryable-syncfailed":{"_":"সার্ভারের সাথে সংযোগ স্থাপন করা যায়নি"},"form-clear-input":{"_":"লেখা অপসারণ করুন"},"confirm-dialog-title":{"_":"নিশ্চিতকরণ"},"senders-separation-sign":{"_":", "},"new-emails":{"_":"{[ plural(n) ]}","_[one]":"১ টি নতুন ইমেইল","_[two]":"{{ n }} টি নতুন ইমেইল","_[few]":"{{ n }} টি নতুন ইমেইল","_[many]":"{{ n }} টি নতুন ইমেইল","_[other]":"{{ n }} টি নতুন ইমেইল"},"new-emails-notify-one-account":{"_":"{[ plural(n) ]}","_[one]":"১ টি নতুন ইমেইল","_[two]":"{{ n }} টি নতুন ইমেইল","_[few]":"{{ n }} টি নতুন ইমেইল","_[many]":"{{ n }} টি নতুন ইমেইল","_[other]":"{{ n }} টি নতুন ইমেইল"},"new-emails-notify-multiple-accounts":{"_":"{[ plural(n) ]}","_[one]":"১টি নতুন ই-মেইল ({{ accountName }})","_[two]":"{{ n }} টি নতুন ই-মেইল ({{ accountName }})","_[few]":"{{ n }} টি নতুন ইমেইল ({{ accountName }})","_[many]":"{{ n }} টি নতুন ই-মেইল ({{ accountName }})","_[other]":"{{ n }} টি নতুন ই-মেইল ({{ accountName }})"},"new-emails-notify-multiple-accounts-body":{"_":"{{ from }} “{{ subject }}”"},"weekday-0-long":{"_":"রবিবার"},"weekday-1-long":{"_":"সোমবার"},"weekday-2-long":{"_":"মঙ্গলবার"},"weekday-3-long":{"_":"বুধবার"},"weekday-4-long":{"_":"বৃহস্পতিবার"},"weekday-5-long":{"_":"শুক্রবার"},"weekday-6-long":{"_":"শনিবার"},"weekday-0-short":{"_":"রবি"},"weekday-1-short":{"_":"সোম"},"weekday-2-short":{"_":"মঙ্গল"},"weekday-3-short":{"_":"বুধ"},"weekday-4-short":{"_":"বৃহঃ"},"weekday-5-short":{"_":"শুক্র"},"weekday-6-short":{"_":"শনি"},"month-0-long":{"_":"জানুয়ারি"},"month-1-long":{"_":"ফেব্রুয়ারি"},"month-2-long":{"_":"মার্চ"},"month-3-long":{"_":"এপ্রিল"},"month-4-long":{"_":"মে"},"month-5-long":{"_":"জুন"},"month-6-long":{"_":"জুলাই"},"month-7-long":{"_":"আগস্ট"},"month-8-long":{"_":"সেপ্টেম্বর"},"month-9-long":{"_":"অক্টোবর"},"month-10-long":{"_":"নভেম্বর"},"month-11-long":{"_":"ডিসেম্বর"},"month-0-genitive":{"_":"জানুয়ারি"},"month-1-genitive":{"_":"ফেব্রুয়ারি"},"month-2-genitive":{"_":"মার্চ"},"month-3-genitive":{"_":"এপ্রিল"},"month-4-genitive":{"_":"মে"},"month-5-genitive":{"_":"জুন"},"month-6-genitive":{"_":"জুলাই"},"month-7-genitive":{"_":"আগস্ট"},"month-8-genitive":{"_":"সেপ্টেম্বর"},"month-9-genitive":{"_":"অক্টোবর"},"month-10-genitive":{"_":"নভেম্বর"},"month-11-genitive":{"_":"ডিসেম্বর"},"month-0-short":{"_":"জানু"},"month-1-short":{"_":"ফেব্রু"},"month-2-short":{"_":"মার্চ"},"month-3-short":{"_":"এপ্রিল"},"month-4-short":{"_":"মে"},"month-5-short":{"_":"জুন"},"month-6-short":{"_":"জুলাই"},"month-7-short":{"_":"আগস্ট"},"month-8-short":{"_":"সেপ্ট"},"month-9-short":{"_":"অক্টো"},"month-10-short":{"_":"নভে"},"month-11-short":{"_":"ডিসে"},"minutes-ago-long":{"_":"{[ plural(value) ]}","_[zero]":"এইমাত্র","_[one]":"১ মিনিট পূর্বে","_[two]":"{{value}} মিনিট পূর্বে","_[few]":"{{value}} মিনিট পূর্বে","_[many]":"{{value}} মিনিট পূর্বে","_[other]":"{{value}} মিনিট পূর্বে"},"hours-ago-long":{"_":"{[ plural(value) ]}","_[zero]":"এইমাত্র","_[one]":"১ ঘন্টা পূর্বে","_[two]":"{{value}} ঘন্টা পূর্বে","_[few]":"{{value}} ঘন্টা পূর্বে","_[many]":"{{value}} ঘন্টা পূর্বে","_[other]":"{{value}} ঘন্টা পূর্বে"},"days-ago-long":{"_":"{[ plural(value) ]}","_[zero]":"আজ","_[one]":"গতকাল","_[two]":"{{value}} দিন পূর্বে","_[few]":"{{value}} দিন পূর্বে","_[many]":"{{value}} দিন পূর্বে","_[other]":"{{value}} দিন পূর্বে"},"weeks-ago-long":{"_":"{[ plural(value) ]}","_[zero]":"এই সপ্তাহে","_[one]":"গত সপ্তাহ","_[two]":"{{value}} সপ্তাহ পূর্বে","_[few]":"{{value}} সপ্তাহ পূর্বে","_[many]":"{{value}} সপ্তাহ পূর্বে","_[other]":"{{value}} সপ্তাহ পূর্বে"},"months-ago-long":{"_":"{[ plural(value) ]}","_[zero]":"চলতি মাস","_[one]":"গত মাস","_[two]":"{{value}} মাস পূর্বে","_[few]":"{{value}} মাস পূর্বে","_[many]":"{{value}} মাস পূর্বে","_[other]":"{{value}} মাস পূর্বে"},"years-ago-long":{"_":"{[ plural(value) ]}","_[zero]":"এই বছর","_[one]":"গত বছর","_[two]":"{{value}} বছর আগে","_[few]":"{{value}} বছর পূর্বে","_[many]":"{{value}} বছর পূর্বে","_[other]":"{{value}} বছর পূর্বে"},"minutes-until-long":{"_":"{[ plural(value) ]}","_[zero]":"এখন","_[one]":"এক মিনিটের মধ্যে","_[two]":"{{value}} মিনিটের মধ্যে","_[few]":"{{value}} মিনিটের মধ্যে","_[many]":"{{value}} মিনিটের মধ্যে","_[other]":"{{value}} মিনিটের মধ্যে"},"hours-until-long":{"_":"{[ plural(value) ]}","_[zero]":"এখন","_[one]":"এক ঘন্টার মধ্যে","_[two]":"{{value}} ঘন্টার মধ্যে","_[few]":"{{value}} ঘন্টার মধ্যে","_[many]":"{{value}} ঘন্টার মধ্যে","_[other]":"{{value}} ঘন্টার মধ্যে"},"days-until-long":{"_":"{[ plural(value) ]}","_[zero]":"আজ","_[one]":"আগামীকাল","_[two]":"{{value}} দিনের মধ্যে","_[few]":"{{value}} দিনের মধ্যে","_[many]":"{{value}} দিনের মধ্যে","_[other]":"{{value}} দিনের মধ্যে"},"weeks-until-long":{"_":"{[ plural(value) ]}","_[zero]":"চলতি সপ্তাহ","_[one]":"পরবর্তী সপ্তাহ","_[two]":"{{value}} সপ্তাহের মধ্যে","_[few]":"{{value}} সপ্তাহের মধ্যে","_[many]":"{{value}} সপ্তাহের মধ্যে","_[other]":"{{value}} সপ্তাহের মধ্যে"},"months-until-long":{"_":"{[ plural(value) ]}","_[zero]":"এই মাস","_[one]":"পরবর্তী মাস","_[two]":"{{value}} মাসের মধ্যে","_[few]":"{{value}} মাসের মধ্যে","_[many]":"{{value}} মাসের মধ্যে","_[other]":"{{value}} মাসের মধ্যে"},"years-until-long":{"_":"{[ plural(value) ]}","_[zero]":"এই বছর","_[one]":"আগামী বছর","_[two]":"{{value}} বছরের মধ্যে","_[few]":"{{value}} বছরের মধ্যে","_[many]":"{{value}} বছরের মধ্যে","_[other]":"{{value}} বছরের মধ্যে"},"minutes-ago-short":{"_":"{[ plural(value) ]}","_[zero]":"এইমাত্র","_[other]":"{{value}}মি. পূর্বে"},"hours-ago-short":{"_":"{[ plural(value) ]}","_[zero]":"এইমাত্র","_[other]":"{{value}}ঘ. পূর্বে"},"days-ago-short":{"_":"{[ plural(value) ]}","_[zero]":"আজ","_[other]":"{{value}}দিন পূর্বে"},"minutes-until-short":{"_":"{[ plural(value) ]}","_[zero]":"এখন","_[other]":"{{value}} মিনিটের মধ্যে"},"hours-until-short":{"_":"{[ plural(value) ]}","_[zero]":"এখন","_[other]":"{{value}}ঘন্টার মধ্যে"},"days-until-short":{"_":"{[ plural(value) ]}","_[zero]":"আজ","_[other]":"{{value}}দিনের মধ্যে"},"incorrectDate":{"_":"(ভুল তারিখ)"},"dateTimeFormat_%c":{"_":"%a %b %e %Y %I:%M:%S %p"},"dateTimeFormat_%x":{"_":"%m/%d/%Y"},"dateTimeFormat_%X":{"_":"%I:%M:%S %p"},"shortTimeFormat":{"_":"%I:%M %p"},"shortDateTimeFormat":{"_":"%x %I:%M %p"},"weekStartsOnMonday":{"_":"0"},"time_am":{"_":"AM"},"time_pm":{"_":"PM"}}