{"setup-app-name-header":{"_":"Correu"},"setup-empty-account-prompt":{"_":"La vostra configuració no permet enviar ni rebre correu. Voleu canviar-la ara?"},"setup-pick-service":{"_":"Per enviar o rebre correu cal que configureu un compte."},"setup-account-header3":{"_":"Compte nou"},"setup-info-name":{"placeholder":"El vostre nom"},"setup-info-email":{"placeholder":"usuari@exemple.com"},"setup-info-password":{"placeholder":"Contrasenya"},"setup-info-next":{"_":"Següent"},"setup-progress-wait-msg":{"_":"S'està configurant el compte"},"setup-completed-header":{"_":"Config. del compte"},"setup-completed-label":{"_":"Això és tot!"},"setup-add-another-account":{"_":"Afegeix un altre compte"},"setup-show-mail":{"_":"Vés al correu"},"setup-error-offline":{"_":"Actualment aquest dispositiu està fora de línia. Connecteu-vos a una xarxa i torneu-ho a provar."},"setup-error-bad-user-or-pass2":{"_":"Nom d'usuari o contrasenya no vàlids. Comproveu si hi ha errors."},"setup-error-bad-address":{"_":"Adreça electrònica no vàlida. Comproveu si hi ha errors."},"setup-error-not-authorized":{"_":"El servidor diu que no esteu autoritzat per crear un compte"},"setup-error-pop-server-not-great":{"_":"El servidor és incompatible. El servidor POP3 no implementa les funcions necessàries."},"setup-error-unknown2":{"_":"S'ha produït un error desconegut. Comproveu la connexió de xarxa o proveu l'opció de configuració manual."},"setup-error-needs-app-pass":{"_":"Heu d'utilitzar una contrasenya específica de l'aplicació per als comptes de Gmail amb verificació en dos passos"},"setup-error-imap-disabled":{"_":"Heu d'activar l'IMAP al vostre compte Gmail"},"setup-error-pop3-disabled":{"_":"Heu d'activar el POP3 al vostre compte Gmail"},"setup-error-bad-security":{"_":"No es pot establir una connexió segura amb «{{server}}». Pot haver-hi un problema de xarxa o del servidor."},"setup-error-unresponsive-server":{"_":"No es pot establir una connexió amb «{{server}}». Pot haver-hi un problema de xarxa."},"setup-error-server-problem":{"_":"Hi ha un problema amb el servidor «{{server}}». Torneu-ho a provar més tard."},"setup-error-no-config-info":{"_":"No es pot configurar el compte automàticament. Corregiu l'adreça electrònica o proveu l'opció de configuració manual."},"setup-error-server-maintenance":{"_":"El servidor «{{server}}» està fora de línia per manteniment. Torneu-ho a provar més tard."},"setup-error-account-already-exists":{"_":"Aquest compte ja està configurat."},"setup-manual-config2":{"_":"Configuració manual"},"setup-manual-config-header":{"_":"Config. manual"},"setup-manual-account-type":{"_":"Tipus de compte"},"setup-manual-imap-header":{"_":"Paràmetres d'IMAP"},"setup-manual-pop3-header":{"_":"Paràmetres de POP3"},"setup-manual-smtp-header":{"_":"Paràmetres de SMTP"},"setup-manual-activesync-header":{"_":"Paràmetres de l'ActiveSync"},"setup-manual-next":{"_":"Següent"},"setup-manual-socket":{"_":"Tipus de sòcol"},"setup-manual-socket-ssl":{"_":"SSL"},"setup-manual-socket-starttls":{"_":"STARTTLS"},"setup-manual-hostname":{"placeholder":"Nom del servidor"},"setup-manual-port":{"placeholder":"Número de port"},"setup-manual-username":{"placeholder":"Nom d'usuari"},"setup-bad-password-header":{"_":"Contrasenya no vàlida"},"setup-bad-password":{"_":"No s'ha pogut iniciar la sessió al servidor. Potser la contrasenya no és vàlida?"},"setup-new-password":{"placeholder":"Contrasenya nova"},"setup-fix-password":{"_":"Torneu-ho a provar amb una contrasenya nova"},"setup-gmail-twofactor-header":{"_":"Verificació en dos passos activada"},"setup-gmail-twofactor-message":{"_":"Heu d'introduïr una contrasenya específica per a l'aplicació a continuació."},"setup-gmail-twofactor-fix":{"_":"Utilitza la contrasenya d'aplicació"},"setup-gmail-imap-header":{"_":"IMAP desactivat"},"setup-gmail-imap-message":{"_":"Heu d'activar l'IMAP al vostre compte Gmail"},"setup-gmail-imap-retry":{"_":"Reintenta"},"setup-gmail-pop3-header":{"_":"POP3 desactivat"},"setup-gmail-pop3-message":{"_":"Heu d'activar el POP3 al vostre compte Gmail"},"setup-gmail-pop3-retry":{"_":"Reintenta"},"settings-main-header":{"_":"Paràmetres correu"},"settings-sub-header-account":{"_":"Compte"},"settings-account-name":{"_":"El vostre nom"},"settings-account-display-notifications":{"_":"Mostra notificacions dels missatges nous"},"settings-sub-header-data":{"_":"Dades"},"settings-account-check-mail":{"_":"Cerca si hi ha missatges nous"},"settings-sub-header-server":{"_":"Paràmetres del servidor"},"settings-account-userpass":{"_":"Nom d'usuari i contrasenya"},"fld-account-picker-last-sync":{"_":"Última sinc.:"},"settings-done":{"_":"Fet"},"settings-account-section":{"_":"Comptes"},"settings-account-add":{"_":"Afegeix un compte"},"settings-account-delete":{"_":"Elimina el compte"},"settings-account-delete-prompt":{"_":"Segur que voleu eliminar el compte de correu {{account}}? Si torneu a crear el compte, s'haurà de tornar a baixar el correu."},"settings-account-delete-cancel":{"_":"Cancel·la"},"settings-account-delete-confirm":{"_":"Elimina"},"settings-about-section":{"_":"Quant a"},"settings-general-section":{"_":"Paràmetres generals"},"settings-check-mail":{"_":"Comprova el correu"},"settings-show-images":{"_":"Mostra sempre les imatges"},"settings-download-attachments":{"_":"Baixa els adjunts"},"settings-notify-mail":{"_":"Notifica'm si hi ha correu nou"},"settings-check-every-3min":{"_":"Cada 3 minuts"},"settings-check-every-5min":{"_":"Cada 5 minuts"},"settings-check-every-10min":{"_":"Cada 10 minuts"},"settings-check-every-15min":{"_":"Cada 15 minuts"},"settings-check-every-30min":{"_":"Cada 30 minuts"},"settings-check-every-60min":{"_":"Cada hora"},"settings-check-every-manual":{"_":"Manualment"},"settings-check-dynamic":{"_":"{[ plural(n) ]}","_[zero]":"segons","_[one]":"{{ n }} segons","_[two]":"{{ n }} segons","_[few]":"{{ n }} segons","_[many]":"{{ n }} segons","_[other]":"{{ n }} segons"},"settings-default-account":{"_":"Compte per defecte"},"settings-account-type":{"_":"Tipus de compte"},"settings-account-credentials":{"_":"Credencials"},"settings-activesync-label":{"_":"Paràmetres de l'ActiveSync"},"settings-imap-label":{"_":"Paràmetres d'IMAP"},"settings-pop3-label":{"_":"Paràmetres de POP3"},"settings-smtp-label":{"_":"Paràmetres de SMTP"},"settings-hostname":{"_":"Nom del servidor"},"settings-port":{"_":"Port"},"settings-username":{"_":"Nom d'usuari"},"settings-password":{"_":"Contrasenya"},"settings-save":{"_":"Desa"},"settings-password-empty":{"_":"El camp de contrasenya no pot estar buit"},"settings-account-synchronize-window":{"_":"Dies per sincronitzar"},"settings-synchronize-auto":{"_":"Automàtic"},"settings-synchronize-one-day":{"_":"1 dia"},"settings-synchronize-three-days":{"_":"3 dies"},"settings-synchronize-one-week":{"_":"1 setmana"},"settings-synchronize-two-weeks":{"_":"2 setmanes"},"settings-synchronize-one-month":{"_":"1 mes"},"settings-synchronize-all":{"_":"Tots els missatges"},"accounts-header":{"_":"Comptes"},"accounts-button":{"_":"Comptes"},"envelope-from":{"_":"De"},"envelope-to":{"_":"A"},"envelope-cc":{"_":"Cc"},"envelope-bcc":{"_":"Cco"},"reader-header":{"_":"Llegeix"},"compose-header":{"_":"Redacta un missatge"},"compose-header-short":{"_":"Redacta"},"compose-send":{"_":"Envia"},"compose-to":{"_":"A"},"compose-cc":{"_":"cc"},"compose-bcc":{"_":"cco"},"compose-attachments":{"_":"{[ plural(n) ]}","_[zero]":"Adjuncions","_[one]":"{{ n }} adjunció","_[two]":"{{ n }} adjuncions","_[few]":"{{ n }} adjuncions","_[many]":"{{ n }} adjuncions","_[other]":"{{ n }} adjuncions"},"compose-subject":{"_":"Assumpte"},"compose-draft-save":{"_":"Desa als esborranys locals"},"compose-discard-message":{"_":"Voleu descartar el correu?"},"compose-discard-confirm":{"_":"Descarta"},"compose-sending-message":{"_":"S'està enviant el correu"},"compose-send-message-failed":{"_":"No s'ha pogut enviar el correu"},"composer-attachment-large":{"_":"L'adjunció és massa gran"},"composer-attachments-large":{"_":"Les adjuncions són massa grans"},"compose-attchment-size-exceeded":{"_":"L'adjunció seleccionada és massa gran per enviar-la amb el missatge."},"compose-attchments-size-exceeded":{"_":"Les adjuncions seleccionades són massa grans per enviar-la amb el missatge. Proveu de seleccionar menys fitxers."},"dialog-button-ok":{"_":"D'acord"},"default-attachment-filename":{"_":"fitxer_adjunt{{ n }}"},"attachment-size-kib":{"_":"{{kilobytes}} K"},"message-attachment-view":{"textContent":"Obre"},"message-no-subject":{"_":"(sense assumpte)"},"message-edit-menu-star":{"_":"Destaca"},"message-edit-menu-unstar":{"_":"No destaquis"},"message-edit-menu-mark-read":{"_":"Marca com a llegit"},"message-edit-menu-mark-unread":{"_":"Marca com a no llegit"},"message-edit-menu-move":{"_":"Mou"},"message-edit-menu-delete":{"_":"Elimina"},"message-edit-delete-confirm":{"_":"Voleu eliminar el missatge de correu?"},"message-send-attachment-disabled-confirm":{"_":"No es poden reenviar les adjuncions."},"message-multiedit-header":{"_":"{[ plural(n) ]}","_[zero]":"Edita","_[one]":"{{ n }} seleccionat","_[two]":"{{ n }} seleccionats","_[few]":"{{ n }} seleccionats","_[many]":"{{ n }} seleccionats","_[other]":"{{ n }} seleccionats"},"browse-to-url-prompt":{"_":"Voleu obrir l'URL?: {{ url }}"},"message-download-images":{"_":"{[ plural(n) ]}","_[one]":"El correu té una imatge. Toqueu per baixar-la.","_[two]":"El correu té {{ n }} imatges. Toqueu per baixar-les.","_[few]":"El correu té {{ n }} imatges. Toqueu per baixar-les.","_[many]":"El correu té {{ n }} imatges. Toqueu per baixar-les.","_[other]":"El correu té {{ n }} imatges. Toqueu per baixar-les."},"message-show-external-images":{"_":"Mostra les imatges externes"},"message-multiedit-cancel":{"_":"Cancel·la"},"message-multiedit-delete-confirm":{"_":"{[ plural(n) ]}","_[one]":"Voleu eliminar aquest missatge de correu?","_[two]":"Voleu eliminar {{ n }} missatges de correu?","_[few]":"Voleu eliminar {{ n }} missatges de correu?","_[many]":"Voleu eliminar {{ n }} missatges de correu?","_[other]":"Voleu eliminar {{ n }} missatges de correu?"},"message-large-message-cancel":{"_":"Cancel·la"},"message-large-message-ok":{"_":"Continua"},"message-large-message-confirm":{"_":"Aquest missatge és llarg i pot trigar a baixar-se."},"message-search-from":{"_":"De"},"message-search-to":{"_":"A"},"message-search-subject":{"_":"Assum."},"message-search-body":{"_":"Cos"},"message-search-all":{"_":"Tot"},"message-search-input":{"placeholder":"Cerca al correu"},"message-search-cancel-accessible":{"_":"Cancel·la la cerca"},"messages-syncing":{"_":"S'estan carregant els missatges"},"messages-sync-more":{"_":"Carrega més missatges del servidor"},"messages-folder-empty":{"_":"No s'ha trobat correu en aquesta carpeta"},"messages-search-empty":{"_":"No hi ha coincidències als missatges de la memòria cau local"},"messages-folder-select":{"_":"Trieu una carpeta"},"message-contact-menu-create":{"_":"Desa com a contacte nou"},"message-contact-menu-add-existing":{"_":"Afegeix a un contacte existent"},"message-contact-menu-view":{"_":"Mostra el contacte"},"message-contact-menu-reply":{"_":"Respon"},"message-contact-menu-new":{"_":"Envia-li un correu nou"},"message-reply-menu-reply":{"_":"Respon"},"message-reply-menu-reply-all":{"_":"Respon a tots"},"message-reply-menu-forward":{"_":"Reenvia"},"message-reply-menu-cancel":{"_":"Cancel·la"},"folder-list-header":{"_":"Carpetes"},"account-last-synced-label":{"_":"Última sinc.:"},"account-never-synced":{"_":"Mai"},"reply-quoting-wrote":{"_":"{name} ha escrit"},"forward-original-message":{"_":"Missatge original"},"forward-header-subject":{"_":"Assumpte"},"forward-header-date":{"_":"Data"},"forward-header-from":{"_":"De"},"forward-header-reply-to":{"_":"Respon a"},"forward-header-to":{"_":"A"},"forward-header-cc":{"_":"Cc"},"folder-inbox":{"_":"Safata d'entrada"},"folder-sent":{"_":"Enviats"},"folder-drafts":{"_":"Esborranys"},"folder-trash":{"_":"Paperera"},"folder-queue":{"_":"Per enviar"},"folder-junk":{"_":"Correu brossa"},"folder-archives":{"_":"Arxiu"},"folder-localdrafts":{"_":"Esborranys locals"},"toaster-undo":{"_":"Desfés"},"toaster-retry":{"_":"Reintenta"},"toaster-message-star":{"_":"{[ plural(n) ]}","_[one]":"S'ha destacat 1 missatge","_[two]":"S'han destacat {{ n }} missatges","_[few]":"S'han destacat {{ n }} missatges","_[many]":"S'han destacat {{ n }} missatges","_[other]":"S'han destacat {{ n }} missatges"},"toaster-message-unstar":{"_":"{[ plural(n) ]}","_[one]":"S'ha deixat de destacar 1 missatge","_[two]":"S'han deixat de destacar {{ n }} missatges","_[few]":"S'han deixat de destacar {{ n }} missatges","_[many]":"S'han deixat de destacar {{ n }} missatges","_[other]":"S'han deixat de destacar {{ n }} missatges"},"toaster-message-read":{"_":"{[ plural(n) ]}","_[one]":"S'ha marcat 1 missatge com a llegit","_[two]":"S'han marcat {{ n }} missatges com a llegits","_[few]":"S'han marcat {{ n }} missatges com a llegits","_[many]":"S'han marcat {{ n }} missatges com a llegits","_[other]":"S'han marcat {{ n }} missatges com a llegits"},"toaster-message-unread":{"_":"{[ plural(n) ]}","_[one]":"S'ha marcat 1 missatge com a no llegit","_[two]":"S'han marcat {{ n }} missatges com a no llegits","_[few]":"S'han marcat {{ n }} missatges com a no llegits","_[many]":"S'han marcat {{ n }} missatges com a no llegits","_[other]":"S'han marcat {{ n }} missatges com a no llegits"},"toaster-message-move":{"_":"{[ plural(n) ]}","_[one]":"S'ha mogut 1 missatge","_[two]":"S'han mogut {{ n }} missatges","_[few]":"S'han mogut {{ n }} missatges","_[many]":"S'han mogut {{ n }} missatges","_[other]":"S'han mogut {{ n }} missatges"},"toaster-message-delete":{"_":"{[ plural(n) ]}","_[one]":"S'ha eliminat 1 missatge","_[two]":"S'han eliminat {{ n }} missatges","_[few]":"S'han eliminat {{ n }} missatges","_[many]":"S'han eliminat {{ n }} missatges","_[other]":"S'han eliminat {{ n }} missatges"},"toaster-retryable-syncfailed":{"_":"No es pot connectar amb el servidor"},"form-clear-input":{"_":"Elimina el text"},"confirm-dialog-title":{"_":"Confirmació"},"senders-separation-sign":{"_":", "},"new-emails":{"_":"{[ plural(n) ]}","_[one]":"1 correu nou","_[two]":"{{ n }} correus nous","_[few]":"{{ n }} correus nous","_[many]":"{{ n }} correus nous","_[other]":"{{ n }} correus nous"},"new-emails-notify-one-account":{"_":"{[ plural(n) ]}","_[one]":"1 correu nou","_[two]":"{{ n }} correus nous","_[few]":"{{ n }} correus nous","_[many]":"{{ n }} correus nous","_[other]":"{{ n }} correus nous"},"new-emails-notify-multiple-accounts":{"_":"{[ plural(n) ]}","_[one]":"1 missatge nou ({{ accountName }})","_[two]":"{{ n }} missatges nous ({{ accountName }})","_[few]":"{{ n }} missatges nous ({{ accountName }})","_[many]":"{{ n }} missatges nous ({{ accountName }})","_[other]":"{{ n }} missatges nous ({{ accountName }})"},"new-emails-notify-multiple-accounts-body":{"_":"{{ from }} «{{ subject }}»"},"weekday-0-long":{"_":"diumenge"},"weekday-1-long":{"_":"dilluns"},"weekday-2-long":{"_":"dimarts"},"weekday-3-long":{"_":"dimecres"},"weekday-4-long":{"_":"dijous"},"weekday-5-long":{"_":"divendres"},"weekday-6-long":{"_":"dissabte"},"weekday-0-short":{"_":"dg"},"weekday-1-short":{"_":"dl"},"weekday-2-short":{"_":"dt"},"weekday-3-short":{"_":"dc"},"weekday-4-short":{"_":"dj"},"weekday-5-short":{"_":"dv"},"weekday-6-short":{"_":"ds"},"month-0-long":{"_":"gener"},"month-1-long":{"_":"febrer"},"month-2-long":{"_":"març"},"month-3-long":{"_":"abril"},"month-4-long":{"_":"maig"},"month-5-long":{"_":"juny"},"month-6-long":{"_":"juliol"},"month-7-long":{"_":"agost"},"month-8-long":{"_":"setembre"},"month-9-long":{"_":"octubre"},"month-10-long":{"_":"novembre"},"month-11-long":{"_":"desembre"},"month-0-genitive":{"_":"de gener"},"month-1-genitive":{"_":"de febrer"},"month-2-genitive":{"_":"de març"},"month-3-genitive":{"_":"d'abril"},"month-4-genitive":{"_":"de maig"},"month-5-genitive":{"_":"de juny"},"month-6-genitive":{"_":"de juliol"},"month-7-genitive":{"_":"d'agost"},"month-8-genitive":{"_":"de setembre"},"month-9-genitive":{"_":"d'octubre"},"month-10-genitive":{"_":"de novembre"},"month-11-genitive":{"_":"de desembre"},"month-0-short":{"_":"gen"},"month-1-short":{"_":"febr"},"month-2-short":{"_":"març"},"month-3-short":{"_":"abr"},"month-4-short":{"_":"maig"},"month-5-short":{"_":"juny"},"month-6-short":{"_":"jul"},"month-7-short":{"_":"ag"},"month-8-short":{"_":"set"},"month-9-short":{"_":"oct"},"month-10-short":{"_":"nov"},"month-11-short":{"_":"des"},"minutes-ago-long":{"_":"{[ plural(value) ]}","_[zero]":"ara","_[one]":"fa un minut","_[two]":"fa {{value}} minuts","_[few]":"fa {{value}} minuts","_[many]":"fa {{value}} minuts","_[other]":"fa {{value}} minuts"},"hours-ago-long":{"_":"{[ plural(value) ]}","_[zero]":"ara","_[one]":"fa una hora","_[two]":"fa {{value}} hores","_[few]":"fa {{value}} hores","_[many]":"fa {{value}} hores","_[other]":"fa {{value}} hores"},"days-ago-long":{"_":"{[ plural(value) ]}","_[zero]":"avui","_[one]":"ahir","_[two]":"fa {{value}} dies","_[few]":"fa {{value}} dies","_[many]":"fa {{value}} dies","_[other]":"fa {{value}} dies"},"weeks-ago-long":{"_":"{[ plural(value) ]}","_[zero]":"aquesta setmana","_[one]":"la setmana passada","_[two]":"fa {{value}} setmanes","_[few]":"fa {{value}} setmanes","_[many]":"fa {{value}} setmanes","_[other]":"fa {{value}} setmanes"},"months-ago-long":{"_":"{[ plural(value) ]}","_[zero]":"aquest mes","_[one]":"el mes passat","_[two]":"fa {{value}} mesos","_[few]":"fa {{value}} mesos","_[many]":"fa {{value}} mesos","_[other]":"fa {{value}} mesos"},"years-ago-long":{"_":"{[ plural(value) ]}","_[zero]":"enguany","_[one]":"l'any passat","_[two]":"fa {{value}} anys","_[few]":"fa {{value}} anys","_[many]":"fa {{value}} anys","_[other]":"fa {{value}} anys"},"minutes-until-long":{"_":"{[ plural(value) ]}","_[zero]":"ara","_[one]":"d'aquí un minut","_[two]":"d'aquí {{value}} minuts","_[few]":"d'aquí {{value}} minuts","_[many]":"d'aquí {{value}} minuts","_[other]":"d'aquí {{value}} minuts"},"hours-until-long":{"_":"{[ plural(value) ]}","_[zero]":"ara","_[one]":"d'aquí una hora","_[two]":"d'aquí {{value}} hores","_[few]":"d'aquí {{value}} hores","_[many]":"d'aquí {{value}} hores","_[other]":"d'aquí {{value}} hores"},"days-until-long":{"_":"{[ plural(value) ]}","_[zero]":"avui","_[one]":"demà","_[two]":"d'aquí {{value}} dies","_[few]":"d'aquí {{value}} dies","_[many]":"d'aquí {{value}} dies","_[other]":"d'aquí {{value}} dies"},"weeks-until-long":{"_":"{[ plural(value) ]}","_[zero]":"aquesta setmana","_[one]":"la setmana que ve","_[two]":"d'aquí {{value}} setmanes","_[few]":"d'aquí {{value}} setmanes","_[many]":"d'aquí {{value}} setmanes","_[other]":"d'aquí {{value}} setmanes"},"months-until-long":{"_":"{[ plural(value) ]}","_[zero]":"aquest mes","_[one]":"el mes que ve","_[two]":"d'aquí {{value}} mesos","_[few]":"d'aquí {{value}} mesos","_[many]":"d'aquí {{value}} mesos","_[other]":"d'aquí {{value}} mesos"},"years-until-long":{"_":"{[ plural(value) ]}","_[zero]":"enguany","_[one]":"l'any que ve","_[two]":"d'aquí {{value}} anys","_[few]":"d'aquí {{value}} anys","_[many]":"d'aquí {{value}} anys","_[other]":"d'aquí {{value}} anys"},"minutes-ago-short":{"_":"{[ plural(value) ]}","_[zero]":"ara","_[other]":"fa {{value}} m"},"hours-ago-short":{"_":"{[ plural(value) ]}","_[zero]":"ara","_[other]":"fa {{value}} h"},"days-ago-short":{"_":"{[ plural(value) ]}","_[zero]":"avui","_[other]":"fa {{value}} d"},"minutes-until-short":{"_":"{[ plural(value) ]}","_[zero]":"ara","_[other]":"d'aquí {{value}} m"},"hours-until-short":{"_":"{[ plural(value) ]}","_[zero]":"ara","_[other]":"d'aquí {{value}} h"},"days-until-short":{"_":"{[ plural(value) ]}","_[zero]":"avui","_[other]":"d'aquí {{value}} d"},"incorrectDate":{"_":"(data no vàlida)"},"dateTimeFormat_%c":{"_":"%a %e %Eb, %Y %H:%M:%S"},"dateTimeFormat_%x":{"_":"%d/%m/%Y"},"dateTimeFormat_%X":{"_":"%H:%M:%S"},"shortTimeFormat":{"_":"%H:%M"},"shortDateTimeFormat":{"_":"%x %H:%M"},"weekStartsOnMonday":{"_":"1"},"time_am":{"_":"am"},"time_pm":{"_":"pm"}}