{"setup-app-name-header":{"_":"Pošta"},"setup-empty-account-prompt":{"_":"Nemáte nastaveno příjímání a odesílání e-mailů. Chcete ho nyní nastavit?"},"setup-pick-service":{"_":"Pro přímání a odesílání e-mailů potřebujete nastavit poštovní účet."},"setup-account-header3":{"_":"Nový účet"},"setup-info-name":{"placeholder":"Vaše jméno"},"setup-info-email":{"placeholder":"vase@adresa.cz"},"setup-info-password":{"placeholder":"Heslo"},"setup-info-next":{"_":"Další"},"setup-progress-wait-msg":{"_":"Nastavování účtu"},"setup-completed-header":{"_":"Nastavení účtu"},"setup-completed-label":{"_":"Vše hotovo!"},"setup-add-another-account":{"_":"Přidat další účet"},"setup-show-mail":{"_":"Přejít do pošty"},"setup-error-offline":{"_":"Toto zařízení je aktuálně offline. Připojte ho k síti a zkuste to znovu."},"setup-error-bad-user-or-pass2":{"_":"Neplatné uživatelské jméno nebo heslo"},"setup-error-bad-address":{"_":"Neplatná e-mailová adresa. Proveďte kontrolu na překlepy."},"setup-error-not-authorized":{"_":"Dle odpovědi serveru nejste autorizováni vytvořit účet"},"setup-error-pop-server-not-great":{"_":"Server není podporován. POP3 server neimplementuje požadované funkce."},"setup-error-unknown2":{"_":"Nastala neznámá chyba. Zkontrolujte připojení k síti a nebo zkuste manuální nastavení. "},"setup-error-needs-app-pass":{"_":"Pro účet Gmail s dvoufázovým ověřením je nutné použít aplikační heslo"},"setup-error-imap-disabled":{"_":"V účtu Gmail je potřeba povolit IMAP"},"setup-error-pop3-disabled":{"_":"U svého účtu Gmail musíte povolit POP3."},"setup-error-bad-security":{"_":"Nepodařilo se navázat spojení s „{{server}}“. Pravděpodobně se jedná o problémy sítě nebo serveru."},"setup-error-unresponsive-server":{"_":"Nepodařilo se navázat spojení s „{{server}}“. Pravděpodobně se jedná o problémy sítě."},"setup-error-server-problem":{"_":"Vyskytl se problém s „{{server}}“. Zkuste to znovu později."},"setup-error-no-config-info":{"_":"Váš účet se nepodařilo automaticky nastavit. Opravte svoji e-mailovou adresu nebo použijte manuální nastavení."},"setup-error-server-maintenance":{"_":"Server „{{server}}“ je offline z důvodů údržby. Zkuste to znovu později."},"setup-error-account-already-exists":{"_":"Tento účet je již nakonfigurován."},"setup-manual-config2":{"_":"Manuální nastavení"},"setup-manual-config-header":{"_":"Manuální nastavení"},"setup-manual-account-type":{"_":"Typ účtu"},"setup-manual-imap-header":{"_":"Nastavení IMAP"},"setup-manual-pop3-header":{"_":"Nastavení POP3"},"setup-manual-smtp-header":{"_":"Nastavení SMTP"},"setup-manual-activesync-header":{"_":"Nastavení ActiveSync"},"setup-manual-next":{"_":"Další"},"setup-manual-socket":{"_":"Typ soketu"},"setup-manual-socket-ssl":{"_":"SSL"},"setup-manual-socket-starttls":{"_":"STARTTLS"},"setup-manual-hostname":{"placeholder":"Server"},"setup-manual-port":{"placeholder":"Číslo portu"},"setup-manual-username":{"placeholder":"Uživatelské jméno"},"setup-bad-password-header":{"_":"Chybné heslo!"},"setup-bad-password":{"_":"Přihlášení k serveru se nezdařilo. Možná je chybné heslo?"},"setup-new-password":{"placeholder":"Nové heslo"},"setup-fix-password":{"_":"Opakujte s novým heslem"},"setup-gmail-twofactor-header":{"_":"Povolen two-factor"},"setup-gmail-twofactor-message":{"_":"Je nutné vložit aplikační heslo."},"setup-gmail-twofactor-fix":{"_":"Použít aplikační heslo"},"setup-gmail-imap-header":{"_":"IMAP zakázán"},"setup-gmail-imap-message":{"_":"V účtu Gmail je nutné povolit IMAP"},"setup-gmail-imap-retry":{"_":"Opakovat"},"setup-gmail-pop3-header":{"_":"POP3 zakázáno"},"setup-gmail-pop3-message":{"_":"V účtu Gmail je nutné povolit POP3"},"setup-gmail-pop3-retry":{"_":"Opakovat"},"settings-main-header":{"_":"Nastavení pošty"},"settings-sub-header-account":{"_":"Účet"},"settings-account-name":{"_":"Vaše jméno"},"settings-account-display-notifications":{"_":"Zobrazovat upozornění na nové zprávy"},"settings-sub-header-data":{"_":"Data"},"settings-account-check-mail":{"_":"Kontrola nových zpráv"},"settings-sub-header-server":{"_":"Nastavení serveru"},"settings-account-userpass":{"_":"Uživatelské jméno a heslo"},"fld-account-picker-last-sync":{"_":"Synchronizováno:"},"settings-done":{"_":"Hotovo"},"settings-account-section":{"_":"Účty"},"settings-account-add":{"_":"Přidat účet"},"settings-account-delete":{"_":"Smazat účet"},"settings-account-delete-prompt":{"_":"Opravdu chcete smazat poštovní účet {{account}}? Při opětovném vytvoření účtu budete muset znovu stáhnout poštu."},"settings-account-delete-cancel":{"_":"Zrušit"},"settings-account-delete-confirm":{"_":"Smazat"},"settings-about-section":{"_":"O aplikaci"},"settings-general-section":{"_":"Obecné nastavení"},"settings-check-mail":{"_":"Zkontrolovat poštu"},"settings-show-images":{"_":"Vždy zobrazit obrázky"},"settings-download-attachments":{"_":"Stahovat přílohy"},"settings-notify-mail":{"_":"Upozornit na novou poštu"},"settings-check-every-3min":{"_":"Každé 3 minuty"},"settings-check-every-5min":{"_":"Každých 5 minut"},"settings-check-every-10min":{"_":"Každých 10 minut"},"settings-check-every-15min":{"_":"Každých 15 minut"},"settings-check-every-30min":{"_":"Každých 30 minut"},"settings-check-every-60min":{"_":"Každou hodinu"},"settings-check-every-manual":{"_":"Ručně"},"settings-check-dynamic":{"_":"{[ plural(n) ]}","_[zero]":"sekund","_[one]":"{{ n }} sekunda","_[two]":"{{ n }} sekundy","_[few]":"{{ n }} sekundy","_[many]":"{{ n }} sekund","_[other]":"{{ n }} sekund"},"settings-default-account":{"_":"Výchozí účet"},"settings-account-type":{"_":"Typ účtu"},"settings-account-credentials":{"_":"Přihlašovací údaje"},"settings-activesync-label":{"_":"Nastavení ActiveSync"},"settings-imap-label":{"_":"Nastavení IMAP"},"settings-pop3-label":{"_":"Nastavení POP3"},"settings-smtp-label":{"_":"Nastavení SMTP"},"settings-hostname":{"_":"Server"},"settings-port":{"_":"Port"},"settings-username":{"_":"Uživatelské jméno"},"settings-password":{"_":"Heslo"},"settings-save":{"_":"Uložit"},"settings-password-empty":{"_":"Heslo nesmí být prázdné"},"settings-account-synchronize-window":{"_":"Dny pro synchronizaci"},"settings-synchronize-auto":{"_":"Automaticky"},"settings-synchronize-one-day":{"_":"1 den"},"settings-synchronize-three-days":{"_":"3 dny"},"settings-synchronize-one-week":{"_":"1 týden"},"settings-synchronize-two-weeks":{"_":"2 týden"},"settings-synchronize-one-month":{"_":"1 měsíc"},"settings-synchronize-all":{"_":"Všechny zprávy"},"accounts-header":{"_":"Účty"},"accounts-button":{"_":"Účty"},"envelope-from":{"_":"Od"},"envelope-to":{"_":"Komu"},"envelope-cc":{"_":"Kopie"},"envelope-bcc":{"_":"Skrytá kopie"},"reader-header":{"_":"Přečíst"},"compose-header":{"_":"Vytvořit zprávu"},"compose-header-short":{"_":"Vytvoření"},"compose-send":{"_":"Poslat"},"compose-to":{"_":"Komu"},"compose-cc":{"_":"Kopie"},"compose-bcc":{"_":"Skrytá kopie"},"compose-attachments":{"_":"{[ plural(n) ]}","_[zero]":"Přílohy","_[one]":"{{ n }} příloha","_[two]":"{{ n }} přílohy","_[few]":"{{ n }} přílohy","_[many]":"{{ n }} příloh","_[other]":"{{ n }} příloh"},"compose-subject":{"_":"Předmět"},"compose-draft-save":{"_":"Uložit do Místní koncepty"},"compose-discard-message":{"_":"Zahodit e-mail?"},"compose-discard-confirm":{"_":"Zahodit"},"compose-sending-message":{"_":"Odesílání e-mailu"},"compose-send-message-failed":{"_":"Odeslání e-mailu skočilo chybou"},"composer-attachment-large":{"_":"Příloha je příliš velká"},"composer-attachments-large":{"_":"Přílohy jsou příliš velké"},"compose-attchment-size-exceeded":{"_":"Zvolená příloha je příliš velká na to, aby byla odeslána s touto zprávou."},"compose-attchments-size-exceeded":{"_":"Zvolené přílohy jsou příliš velké na to, aby byly odeslány s touto zprávou. Zvolte menší počet souborů."},"dialog-button-ok":{"_":"OK"},"default-attachment-filename":{"_":"attachment{{ n }}"},"attachment-size-kib":{"_":"{{kilobytes}}K"},"message-attachment-view":{"textContent":"Zobrazit"},"message-no-subject":{"_":"(bez předmětu)"},"message-edit-menu-star":{"_":"Přidat hvězdičku"},"message-edit-menu-unstar":{"_":"Odebrat hvězdičku"},"message-edit-menu-mark-read":{"_":"Označit jako přečtená"},"message-edit-menu-mark-unread":{"_":"Označit jako nepřečtená"},"message-edit-menu-move":{"_":"Přesunout"},"message-edit-menu-delete":{"_":"Smazat"},"message-edit-delete-confirm":{"_":"Smazat e-mailovou zprávu?"},"message-send-attachment-disabled-confirm":{"_":"Přílohy nemohou být přeposlány."},"message-multiedit-header":{"_":"{[ plural(n) ]}","_[zero]":"Úprava","_[one]":"Jedna vybrána","_[two]":"Dvě vybrány","_[few]":"{{ n }} vybrány","_[many]":"{{ n }} vybráno","_[other]":"{{ n }} vybráno"},"browse-to-url-prompt":{"_":"Přejít na adresu?: {{ url }}"},"message-download-images":{"_":"{[ plural(n) ]}","_[one]":"Tento e-mail obsahuje obrázek. Klepněte pro stažení.","_[two]":"Tento e-mail obsahuje dva obrázky. Klepněte pro stažení.","_[few]":"Tento e-mail obsahuje {{ n }} obrázky. Klepněte pro stažení.","_[many]":"Tento e-mail obsahuje {{ n }} obrázků. Klepněte pro stažení.","_[other]":"Tento e-mail obsahuje {{ n }} obrázků. Klepněte pro stažení."},"message-show-external-images":{"_":"Zobrazit externí obrázky"},"message-multiedit-cancel":{"_":"Zrušit"},"message-multiedit-delete-confirm":{"_":"{[ plural(n) ]}","_[one]":"Smazat tuto e-mailovou zprávu?","_[two]":"Smazat dvě e-mailové zprávy?","_[few]":"Smazat {{ n }} e-mailové zprávy?","_[many]":"Smazat {{ n }} e-mailových zpráv?","_[other]":"Smazat {{ n }} e-mailových zpráv?"},"message-large-message-cancel":{"_":"Zrušit"},"message-large-message-ok":{"_":"Pokračovat"},"message-large-message-confirm":{"_":"Tato zpráva je velká a její stažení může trvat nějaký čas."},"message-search-from":{"_":"Od"},"message-search-to":{"_":"Komu"},"message-search-subject":{"_":"Předmět"},"message-search-body":{"_":"Tělo"},"message-search-all":{"_":"Vše"},"message-search-input":{"placeholder":"Hledat poštu"},"message-search-cancel-accessible":{"_":"Zrušit hledání"},"messages-syncing":{"_":"Nahrávání zpráv"},"messages-sync-more":{"_":"Nahrát více zpráv ze serveru"},"messages-folder-empty":{"_":"Ve složce není žádná zpráva"},"messages-search-empty":{"_":"Ve zprávách z mezipaměti nebyla nalezena shoda"},"messages-folder-select":{"_":"Vybrat složku"},"message-contact-menu-create":{"_":"Uložit nový kontakt"},"message-contact-menu-add-existing":{"_":"Přidat k existujícímu kontaktu"},"message-contact-menu-view":{"_":"Zobrazit kontakt"},"message-contact-menu-reply":{"_":"Odpovědět"},"message-contact-menu-new":{"_":"Odeslat nový e-mail"},"message-reply-menu-reply":{"_":"Odpovědět"},"message-reply-menu-reply-all":{"_":"Odpovědět všem"},"message-reply-menu-forward":{"_":"Přeposlat"},"message-reply-menu-cancel":{"_":"Zrušit"},"folder-list-header":{"_":"Složky"},"account-last-synced-label":{"_":"Synchronizováno:"},"account-never-synced":{"_":"Nikdy"},"reply-quoting-wrote":{"_":"{name} napsal/a"},"forward-original-message":{"_":"Původní zpráva"},"forward-header-subject":{"_":"Předmět"},"forward-header-date":{"_":"Datum"},"forward-header-from":{"_":"Od"},"forward-header-reply-to":{"_":"Odpovědět"},"forward-header-to":{"_":"Komu"},"forward-header-cc":{"_":"Kopie"},"folder-inbox":{"_":"Doručená"},"folder-sent":{"_":"Odeslaná"},"folder-drafts":{"_":"Koncepty"},"folder-trash":{"_":"Koš"},"folder-queue":{"_":"Neodeslaná"},"folder-junk":{"_":"Nevyžádaná"},"folder-archives":{"_":"Archiv"},"folder-localdrafts":{"_":"Místní koncepty"},"toaster-undo":{"_":"Zpět"},"toaster-retry":{"_":"Opakovat"},"toaster-message-star":{"_":"{[ plural(n) ]}","_[one]":"U zprávy přidána hvězdička","_[two]":"U dvou zpráv přidána hvězdička","_[few]":"U {{ n }} zpráv přidána hvězdička","_[many]":"U {{ n }} zpráv přidána hvězdička","_[other]":"U {{ n }} zpráv přidána hvězdička"},"toaster-message-unstar":{"_":"{[ plural(n) ]}","_[one]":"U zprávy odebrána hvězdička","_[two]":"U dvou zpráv odebrána hvězdička","_[few]":"U {{ n }} zpráv odebrána hvězdička","_[many]":"U {{ n }} zpráv odebrána hvězdička","_[other]":"U {{ n }} zpráv odebrána hvězdička"},"toaster-message-read":{"_":"{[ plural(n) ]}","_[one]":"Zpráva označena jako přečtená","_[two]":"Dvě zprávy označeny jako přečtené","_[few]":"{{ n }} zprávy označeny jako přečtené","_[many]":"{{ n }} zpráv označeno jako přečtené","_[other]":"{{ n }} zpráv označeno jako přečtené"},"toaster-message-unread":{"_":"{[ plural(n) ]}","_[one]":"Zpráva označena jako nepřečtená","_[two]":"Dvě zprávy označeny jako nepřečtené","_[few]":"{{ n }} zprávy označeny jako nepřečtené","_[many]":"{{ n }} zpráv označeno jako nepřečtené","_[other]":"{{ n }} zpráv označeno jako nepřečtené"},"toaster-message-move":{"_":"{[ plural(n) ]}","_[one]":"Zpráva přesunuta","_[two]":"Dvě zprávy přesunuty","_[few]":"{{ n }} zprávy přesunuty","_[many]":"{{ n }} zpráv přesunuto","_[other]":"{{ n }} zpráv přesunuto"},"toaster-message-delete":{"_":"{[ plural(n) ]}","_[one]":"Zpráva smazána","_[two]":"Dvě zprávy smazány","_[few]":"{{ n }} zprávy smazány","_[many]":"{{ n }} zpráv smazáno","_[other]":"{{ n }} zpráv smazáno"},"toaster-retryable-syncfailed":{"_":"Nepodařilo se připojit k serveru"},"form-clear-input":{"_":"Odebrat text"},"confirm-dialog-title":{"_":"Potvrzení"},"senders-separation-sign":{"_":", "},"new-emails":{"_":"{[ plural(n) ]}","_[one]":"1 nový e-mail","_[two]":"{{ n }} nové e-maily","_[few]":"{{ n }} nové e-maily","_[many]":"{{ n }} nových e-mailů","_[other]":"{{ n }} nových e-mailů"},"new-emails-notify-one-account":{"_":"{[ plural(n) ]}","_[one]":"1 nový e-mail","_[two]":"{{ n }} nové e-maily","_[few]":"{{ n }} nové e-maily","_[many]":"{{ n }} nových e-mailů","_[other]":"{{ n }} nových e-mailů"},"new-emails-notify-multiple-accounts":{"_":"{[ plural(n) ]}","_[one]":"1 nový e-mail ({{ accountName }})","_[two]":"{{ n }} nové e-maily ({{ accountName }})","_[few]":"{{ n }} nové e-maily ({{ accountName }})","_[many]":"{{ n }} nových e-mailů ({{ accountName }})","_[other]":"{{ n }} nových e-mailů ({{ accountName }})"},"new-emails-notify-multiple-accounts-body":{"_":"{{ from }} “{{ subject }}”"},"weekday-0-long":{"_":"Neděle"},"weekday-1-long":{"_":"Pondělí"},"weekday-2-long":{"_":"Úterý"},"weekday-3-long":{"_":"Středa"},"weekday-4-long":{"_":"Čtvrtek"},"weekday-5-long":{"_":"Pátek"},"weekday-6-long":{"_":"Sobota"},"weekday-0-short":{"_":"Ne"},"weekday-1-short":{"_":"Po"},"weekday-2-short":{"_":"Út"},"weekday-3-short":{"_":"St"},"weekday-4-short":{"_":"Čt"},"weekday-5-short":{"_":"Pá"},"weekday-6-short":{"_":"So"},"month-0-long":{"_":"Leden"},"month-1-long":{"_":"Únor"},"month-2-long":{"_":"Březen"},"month-3-long":{"_":"Duben"},"month-4-long":{"_":"Květen"},"month-5-long":{"_":"Červen"},"month-6-long":{"_":"Červenec"},"month-7-long":{"_":"Srpen"},"month-8-long":{"_":"Září"},"month-9-long":{"_":"Říjen"},"month-10-long":{"_":"Listopad"},"month-11-long":{"_":"Prosinec"},"month-0-genitive":{"_":"Leden"},"month-1-genitive":{"_":"Únor"},"month-2-genitive":{"_":"Březen"},"month-3-genitive":{"_":"Duben"},"month-4-genitive":{"_":"Květen"},"month-5-genitive":{"_":"Červen"},"month-6-genitive":{"_":"Červenec"},"month-7-genitive":{"_":"Srpen"},"month-8-genitive":{"_":"Září"},"month-9-genitive":{"_":"Říjen"},"month-10-genitive":{"_":"Listopad"},"month-11-genitive":{"_":"Prosinec"},"month-0-short":{"_":"leden"},"month-1-short":{"_":"únor"},"month-2-short":{"_":"březen"},"month-3-short":{"_":"duben"},"month-4-short":{"_":"květen"},"month-5-short":{"_":"červen"},"month-6-short":{"_":"červenec"},"month-7-short":{"_":"srpen"},"month-8-short":{"_":"září"},"month-9-short":{"_":"říjen"},"month-10-short":{"_":"listopad"},"month-11-short":{"_":"prosinec"},"minutes-ago-long":{"_":"{[ plural(value) ]}","_[zero]":"právě teď","_[one]":"před minutou","_[two]":"před 2 minutami","_[few]":"před {{value}} minutami","_[many]":"před {{value}} minutami","_[other]":"před {{value}} minutami"},"hours-ago-long":{"_":"{[ plural(value) ]}","_[zero]":"právě teď","_[one]":"před hodinou","_[two]":"před 2 hodinami","_[few]":"před {{value}} hodinami","_[many]":"před {{value}} hodinami","_[other]":"před {{value}} hodinami"},"days-ago-long":{"_":"{[ plural(value) ]}","_[zero]":"dnes","_[one]":"včera","_[two]":"předevčírem","_[few]":"před {{value}} dny","_[many]":"před {{value}} dny","_[other]":"před {{value}} dny"},"weeks-ago-long":{"_":"{[ plural(value) ]}","_[zero]":"tento týden","_[one]":"minutý týden","_[two]":"před {{value}} týdny","_[few]":"před {{value}} týdny","_[many]":"před {{value}} týdny","_[other]":"před {{value}} týdny"},"months-ago-long":{"_":"{[ plural(value) ]}","_[zero]":"tento měsíc","_[one]":"minulý měsíc","_[two]":"před {{value}} měsíci","_[few]":"před {{value}} měsíci","_[many]":"před {{value}} měsíci","_[other]":"před {{value}} měsíci"},"years-ago-long":{"_":"{[ plural(value) ]}","_[zero]":"tento rok","_[one]":"minulý rok","_[two]":"před {{value}} roky","_[few]":"před {{value}} roky","_[many]":"před {{value}} roky","_[other]":"před {{value}} roky"},"minutes-until-long":{"_":"{[ plural(value) ]}","_[zero]":"nyní","_[one]":"za minutu","_[two]":"za 2 minuty","_[few]":"za {{value}} minuty","_[many]":"za {{value}} minut","_[other]":"za {{value}} minut"},"hours-until-long":{"_":"{[ plural(value) ]}","_[zero]":"nyní","_[one]":"za hodinu","_[two]":"za 2 hodiny","_[few]":"za {{value}} hodiny","_[many]":"za {{value}} hodin","_[other]":"za {{value}} hodin"},"days-until-long":{"_":"{[ plural(value) ]}","_[zero]":"dnes","_[one]":"zítra","_[two]":"pozítří","_[few]":"za {{value}} dny","_[many]":"za {{value}} dnů","_[other]":"za {{value}} dnů"},"weeks-until-long":{"_":"{[ plural(value) ]}","_[zero]":"tento týden","_[one]":"příští týden","_[two]":"za {{value}} týdny","_[few]":"za {{value}} týdny","_[many]":"za {{value}} týdnů","_[other]":"za {{value}} týdnů"},"months-until-long":{"_":"{[ plural(value) ]}","_[zero]":"tento měsíc","_[one]":"příští měsíc","_[two]":"za {{value}} měsíce","_[few]":"za {{value}} měsíce","_[many]":"za {{value}} měsíců","_[other]":"za {{value}} měsíců"},"years-until-long":{"_":"{[ plural(value) ]}","_[zero]":"tento rok","_[one]":"příští rok","_[two]":"za {{value}} roky","_[few]":"za {{value}} roky","_[many]":"za {{value}} roků","_[other]":"za {{value}} roků"},"minutes-ago-short":{"_":"{[ plural(value) ]}","_[zero]":"právě teď","_[other]":"před {{value}} min"},"hours-ago-short":{"_":"{[ plural(value) ]}","_[zero]":"právě teď","_[other]":"před {{value}} hod"},"days-ago-short":{"_":"{[ plural(value) ]}","_[zero]":"dnes","_[other]":"před {{value}} dny"},"minutes-until-short":{"_":"{[ plural(value) ]}","_[zero]":"nyní","_[other]":"za {{value}} min"},"hours-until-short":{"_":"{[ plural(value) ]}","_[zero]":"nyní","_[other]":"za {{value}} hod"},"days-until-short":{"_":"{[ plural(value) ]}","_[zero]":"dnes","_[other]":"za {{value}} dny"},"incorrectDate":{"_":"(neplatné datum)"},"dateTimeFormat_%c":{"_":"%a %e. %b %Y %H:%M:%S"},"dateTimeFormat_%x":{"_":"%e. %m. %Y"},"dateTimeFormat_%X":{"_":"%H:%M:%S"},"shortTimeFormat":{"_":"%H:%M"},"shortDateTimeFormat":{"_":"%x %H:%M"},"weekStartsOnMonday":{"_":"1"},"time_am":{"_":"AM"},"time_pm":{"_":"PM"}}