{"setup-app-name-header":{"_":"Mail"},"setup-empty-account-prompt":{"_":"Før du kan sende og modtage mails skal enheden opsættes. Vil du gøre det nu?"},"setup-pick-service":{"_":"Du skal opsætte en konto for at kunne sende og modtage mail."},"setup-account-header3":{"_":"Ny konto"},"setup-info-name":{"placeholder":"Dit navn"},"setup-info-email":{"placeholder":"mail@eksempel.dk"},"setup-info-password":{"placeholder":"Adgangskode"},"setup-info-next":{"_":"Næste"},"setup-progress-wait-msg":{"_":"Opsætter konto"},"setup-completed-header":{"_":"Opret mailkonto"},"setup-completed-label":{"_":"Færdig!"},"setup-add-another-account":{"_":"Tilføj en konto"},"setup-show-mail":{"_":"Fortsæt til Mail"},"setup-error-offline":{"_":"Enheden er offline. Opret forbindelse til nettet og prøv igen."},"setup-error-bad-user-or-pass2":{"_":"Ugyldigt brugernavn eller adgangskode. Kontroller for tastefejl."},"setup-error-bad-address":{"_":"Ugyldig mailadresse. Kontroller for tastefejl."},"setup-error-not-authorized":{"_":"Serveren oplyser, at du ikke har tilladelse til at oprette en konto"},"setup-error-pop-server-not-great":{"_":"Serveren er ikke understøttet. POP3-serveren gennemfører ikke de nødvendige funktioner."},"setup-error-unknown2":{"_":"En ukendt fejl opstod. Kontroller din forbindelse til nettet, eller benyt manuel opsætning."},"setup-error-needs-app-pass":{"_":"Du skal bruge en program-specifik adgangskode til Gmail-konti med totrinsbekræftelse"},"setup-error-imap-disabled":{"_":"Du skal aktivere IMAP på din Gmail-konto"},"setup-error-pop3-disabled":{"_":"Du skal aktivere POP3 på din Gmail-konto"},"setup-error-bad-security":{"_":"Kunne ikke oprette en sikker forbindelse til \"{{server}}\". Der kan være problemer med din netforbindelse eller med serveren."},"setup-error-unresponsive-server":{"_":"Kunne ikke oprette forbindelse til \"{{server}}\". Der kan være problemer med din netforbindelse."},"setup-error-server-problem":{"_":"Der opstod et problem med serveren \"{{server}}\". Prøv igen senere."},"setup-error-no-config-info":{"_":"Kunne ikke opsætte din konto automatisk. Ret din mailadresse, eller benyt manuel opsætning."},"setup-error-server-maintenance":{"_":"Serveren \"{{server}}\" er offline pga. vedligeholdelse. Prøv igen senere."},"setup-error-account-already-exists":{"_":"Denne konto er allerede oprettet."},"setup-manual-config2":{"_":"Manuel opsætning"},"setup-manual-config-header":{"_":"Manuel opsætning"},"setup-manual-account-type":{"_":"Kontotype"},"setup-manual-imap-header":{"_":"IMAP-indstillinger"},"setup-manual-pop3-header":{"_":"POP3-indstillinger"},"setup-manual-smtp-header":{"_":"SMTP-indstillinger"},"setup-manual-activesync-header":{"_":"ActiveSync-indstillinger"},"setup-manual-next":{"_":"Næste"},"setup-manual-socket":{"_":"Socket-type"},"setup-manual-socket-ssl":{"_":"SSL"},"setup-manual-socket-starttls":{"_":"STARTTLS"},"setup-manual-hostname":{"placeholder":"Værtsnavn"},"setup-manual-port":{"placeholder":"Portnummer"},"setup-manual-username":{"placeholder":"Brugernavn"},"setup-bad-password-header":{"_":"Ugyldig adgangskode!"},"setup-bad-password":{"_":"Vi kunne ikke logge ind på serveren. Måske er din adgangskode forkert??"},"setup-new-password":{"placeholder":"Ny adgangskode"},"setup-fix-password":{"_":"Prøv med en ny adgangskode"},"setup-gmail-twofactor-header":{"_":"Totrinsbekræftelse aktiveret"},"setup-gmail-twofactor-message":{"_":"Du skal indtaste en program-specifik adgangskode nedenfor."},"setup-gmail-twofactor-fix":{"_":"Brug program-specifik adgangskode"},"setup-gmail-imap-header":{"_":"IMAP deaktiveret"},"setup-gmail-imap-message":{"_":"Du skal aktivere IMAP på din Gmail-konto"},"setup-gmail-imap-retry":{"_":"Prøv igen"},"setup-gmail-pop3-header":{"_":"POP3 deaktiveret"},"setup-gmail-pop3-message":{"_":"Du skal aktivere POP3 på din Gmail-konto"},"setup-gmail-pop3-retry":{"_":"Prøv igen"},"settings-main-header":{"_":"Mailindstillinger"},"settings-sub-header-account":{"_":"Konto"},"settings-account-name":{"_":"Dit navn"},"settings-account-display-notifications":{"_":"Giv besked ved nye meddelelser"},"settings-sub-header-data":{"_":"Data"},"settings-account-check-mail":{"_":"Kontroller for nye meddelelser"},"settings-sub-header-server":{"_":"Serverindstillinger"},"settings-account-userpass":{"_":"Brugernavn og adgangskode"},"fld-account-picker-last-sync":{"_":"Seneste synkronisering:"},"settings-done":{"_":"Færdig"},"settings-account-section":{"_":"Konti"},"settings-account-add":{"_":"Tilføj konto"},"settings-account-delete":{"_":"Slet konto"},"settings-account-delete-prompt":{"_":"Er du sikker på, at du vil slette kontoen {{account}}? Du skal hente dine mails igen, hvis du senere genopretter kontoen."},"settings-account-delete-cancel":{"_":"Annuller"},"settings-account-delete-confirm":{"_":"Slet"},"settings-about-section":{"_":"Om"},"settings-general-section":{"_":"Generelle indstillinger"},"settings-check-mail":{"_":"Hent mail"},"settings-show-images":{"_":"Vis altid billeder"},"settings-download-attachments":{"_":"Hent vedhæftede filer"},"settings-notify-mail":{"_":"Giv besked ved ny mail"},"settings-check-every-3min":{"_":"Hvert 3. minut"},"settings-check-every-5min":{"_":"Hvert 5. minut"},"settings-check-every-10min":{"_":"Hvert 10. minut"},"settings-check-every-15min":{"_":"Hvert 15. minut"},"settings-check-every-30min":{"_":"Hvert 30. minut"},"settings-check-every-60min":{"_":"Hver time"},"settings-check-every-manual":{"_":"Manuelt"},"settings-check-dynamic":{"_":"{[ plural(n) ]}","_[zero]":"sekunder","_[one]":"{{ n }} sekund","_[two]":"{{ n }} sekunder","_[few]":"{{ n }} sekunder","_[many]":"{{ n }} sekunder","_[other]":"{{ n }} sekunder"},"settings-default-account":{"_":"Brug som standard til mail"},"settings-account-type":{"_":"Kontotype"},"settings-account-credentials":{"_":"Login-oplysninger"},"settings-activesync-label":{"_":"ActiveSync-indstillinger"},"settings-imap-label":{"_":"IMAP-indstillinger"},"settings-pop3-label":{"_":"POP3-indstillinger"},"settings-smtp-label":{"_":"SMTP-indstillinger"},"settings-hostname":{"_":"Værtsnavn"},"settings-port":{"_":"Port"},"settings-username":{"_":"Brugernavn"},"settings-password":{"_":"Adgangskode"},"settings-save":{"_":"Gem"},"settings-password-empty":{"_":"Adgangskodefeltet må ikke være tomt"},"settings-account-synchronize-window":{"_":"Dage til synkronisering"},"settings-synchronize-auto":{"_":"Automatisk"},"settings-synchronize-one-day":{"_":"1 dag"},"settings-synchronize-three-days":{"_":"3 dage"},"settings-synchronize-one-week":{"_":"1 uge"},"settings-synchronize-two-weeks":{"_":"2 uger"},"settings-synchronize-one-month":{"_":"1 måned"},"settings-synchronize-all":{"_":"Alle mails"},"accounts-header":{"_":"Konti"},"accounts-button":{"_":"Konti"},"envelope-from":{"_":"Fra"},"envelope-to":{"_":"Til"},"envelope-cc":{"_":"Cc"},"envelope-bcc":{"_":"Bcc"},"reader-header":{"_":"Læs"},"compose-header":{"_":"Skriv mail"},"compose-header-short":{"_":"Skriv"},"compose-send":{"_":"Send"},"compose-to":{"_":"Til"},"compose-cc":{"_":"cc"},"compose-bcc":{"_":"bcc"},"compose-attachments":{"_":"{[ plural(n) ]}","_[zero]":"Vedhæftede filer","_[one]":"{{ n }} vedhæftet fil","_[two]":"{{ n }} vedhæftede filer","_[few]":"{{ n }} vedhæftede filer","_[many]":"{{ n }} vedhæftede filer","_[other]":"{{ n }} vedhæftede filer"},"compose-subject":{"_":"Emne"},"compose-draft-save":{"_":"Gem som lokal kladde"},"compose-discard-message":{"_":"Slet mail?"},"compose-discard-confirm":{"_":"Slet"},"compose-sending-message":{"_":"Sender mail"},"compose-send-message-failed":{"_":"Afsendelse af mail mislykkedes"},"composer-attachment-large":{"_":"Den vedhæftede fil er for stor"},"composer-attachments-large":{"_":"De vedhæftede filer er for store"},"compose-attchment-size-exceeded":{"_":"Den markerede vedhæftede fil er for stor til at kunne sendes med denne mail."},"compose-attchments-size-exceeded":{"_":"De markerede vedhæftede filer er for store til at kunne sendes med denne mail. Prøv med færre filer."},"dialog-button-ok":{"_":"OK"},"default-attachment-filename":{"_":"vedhæftning{{ n }}"},"attachment-size-kib":{"_":"{{kilobytes}}K"},"message-attachment-view":{"textContent":"Vis"},"message-no-subject":{"_":"(intet emne)"},"message-edit-menu-star":{"_":"Stjernemarkering"},"message-edit-menu-unstar":{"_":"Fjern stjerne"},"message-edit-menu-mark-read":{"_":"Marker som læst"},"message-edit-menu-mark-unread":{"_":"Marker som ulæst"},"message-edit-menu-move":{"_":"Flyt"},"message-edit-menu-delete":{"_":"Slet"},"message-edit-delete-confirm":{"_":"Slet mail?"},"message-send-attachment-disabled-confirm":{"_":"Vedhæftede filer kan ikke videresendes."},"message-multiedit-header":{"_":"{[ plural(n) ]}","_[zero]":"Rediger","_[one]":"{{ n }} valgt","_[two]":"{{ n }} valgt","_[few]":"{{ n }} valgt","_[many]":"{{ n }} valgt","_[other]":"{{ n }} valgt"},"browse-to-url-prompt":{"_":"Åbn websted: {{ url }}"},"message-download-images":{"_":"{[ plural(n) ]}","_[one]":"Denne mail indeholder et billede. Klik for at hente.","_[two]":"Denne mail indeholder {{ n }} billeder. Klik for at hente.","_[few]":"Denne mail indeholder {{ n }} billeder. Klik for at hente.","_[many]":"Denne mail indeholder {{ n }} billeder. Klik for at hente.","_[other]":"Denne mail indeholder {{ n }} billeder. Klik for at hente."},"message-show-external-images":{"_":"Vis eksterne billeder"},"message-multiedit-cancel":{"_":"Annuller"},"message-multiedit-delete-confirm":{"_":"{[ plural(n) ]}","_[one]":"Slet denne mail?","_[two]":"Slet {{ n }} mails?","_[few]":"Slet {{ n }} mails?","_[many]":"Slet {{ n }} mails?","_[other]":"Slet {{ n }} mails?"},"message-large-message-cancel":{"_":"Annuller"},"message-large-message-ok":{"_":"Fortsæt"},"message-large-message-confirm":{"_":"Denne mail er stor og kan tage lidt tid at hente."},"message-search-from":{"_":"Fra"},"message-search-to":{"_":"Til"},"message-search-subject":{"_":"Emne"},"message-search-body":{"_":"Indhold"},"message-search-all":{"_":"Alt"},"message-search-input":{"placeholder":"Søg efter mail"},"message-search-cancel-accessible":{"_":"Annuller søgning"},"messages-syncing":{"_":"Indlæser mails"},"messages-sync-more":{"_":"Indlæs flere mails fra serveren"},"messages-folder-empty":{"_":"Ingen mail i denne mappe"},"messages-search-empty":{"_":"Ingen forekomster i lokalt gemte mails"},"messages-folder-select":{"_":"Vælg mappe"},"message-contact-menu-create":{"_":"Gem ny kontakt"},"message-contact-menu-add-existing":{"_":"Føj til eksisterende kontakt"},"message-contact-menu-view":{"_":"Vis kontakt"},"message-contact-menu-reply":{"_":"Svar"},"message-contact-menu-new":{"_":"Send ny mail"},"message-reply-menu-reply":{"_":"Svar"},"message-reply-menu-reply-all":{"_":"Svar alle"},"message-reply-menu-forward":{"_":"Videresend"},"message-reply-menu-cancel":{"_":"Annuller"},"folder-list-header":{"_":"Mapper"},"account-last-synced-label":{"_":"Seneste synkronisering:"},"account-never-synced":{"_":"Aldrig"},"reply-quoting-wrote":{"_":"{name} skrev"},"forward-original-message":{"_":"Oprindelig mail"},"forward-header-subject":{"_":"Subject"},"forward-header-date":{"_":"Date"},"forward-header-from":{"_":"From"},"forward-header-reply-to":{"_":"Reply-To"},"forward-header-to":{"_":"To"},"forward-header-cc":{"_":"Cc"},"folder-inbox":{"_":"Indbakke"},"folder-sent":{"_":"Sendt"},"folder-drafts":{"_":"Kladder"},"folder-trash":{"_":"Papirkurv"},"folder-queue":{"_":"Udbakke"},"folder-junk":{"_":"Spam"},"folder-archives":{"_":"Arkiv"},"folder-localdrafts":{"_":"Lokale kladder"},"toaster-undo":{"_":"Fortryd"},"toaster-retry":{"_":"Prøv igen"},"toaster-message-star":{"_":"{[ plural(n) ]}","_[one]":"1 meddelelsesflag sat","_[two]":"{{ n }} meddelelsesflag sat","_[few]":"{{ n }} meddelelsesflag sat","_[many]":"{{ n }} meddelelsesflag sat","_[other]":"{{ n }} meddelelsesflag sat"},"toaster-message-unstar":{"_":"{[ plural(n) ]}","_[one]":"1 meddelelsesflag fjernet","_[two]":"{{ n }} meddelelsesflag fjernet","_[few]":"{{ n }} meddelelsesflag fjernet","_[many]":"{{ n }} meddelelsesflag fjernet","_[other]":"{{ n }} meddelelsesflag fjernet"},"toaster-message-read":{"_":"{[ plural(n) ]}","_[one]":"1 mail markeret som læst","_[two]":"{{ n }} mails markeret som læst","_[few]":"{{ n }} mails markeret som læst","_[many]":"{{ n }} mails markeret som læst","_[other]":"{{ n }} mails markeret som læst"},"toaster-message-unread":{"_":"{[ plural(n) ]}","_[one]":"1 mail markeret som ulæst","_[two]":"{{ n }} mails markeret som ulæst","_[few]":"{{ n }} mails markeret som ulæst","_[many]":"{{ n }} mails markeret som ulæst","_[other]":"{{ n }} mails markeret som ulæst"},"toaster-message-move":{"_":"{[ plural(n) ]}","_[one]":"1 mail flyttet","_[two]":"{{ n }} mails flyttet","_[few]":"{{ n }} mails flyttet","_[many]":"{{ n }} mails flyttet","_[other]":"{{ n }} mails flyttet"},"toaster-message-delete":{"_":"{[ plural(n) ]}","_[one]":"1 mail slettet","_[two]":"{{ n }} mails slettet","_[few]":"{{ n }} mails slettet","_[many]":"{{ n }} mails slettet","_[other]":"{{ n }} mails slettet"},"toaster-retryable-syncfailed":{"_":"Kan ikke oprette forbindelse"},"form-clear-input":{"_":"Fjern tekst"},"confirm-dialog-title":{"_":"Bekræft"},"senders-separation-sign":{"_":","},"new-emails":{"_":"{[ plural(n) ]}","_[one]":"1 ny mail","_[two]":"{{ n }} nye mails","_[few]":"{{ n }} nye mails","_[many]":"{{ n }} nye mails","_[other]":"{{ n }} nye mails"},"new-emails-notify-one-account":{"_":"{[ plural(n) ]}","_[one]":"1 ny mail","_[two]":"{{ n }} nye mails","_[few]":"{{ n }} nye mails","_[many]":"{{ n }} nye mails","_[other]":"{{ n }} nye mails"},"new-emails-notify-multiple-accounts":{"_":"{[ plural(n) ]}","_[one]":"1 ny mail, ({{ accountName }})","_[two]":"{{ n }} nye mails, ({{ accountName }})","_[few]":"{{ n }} nye mails, ({{ accountName }})","_[many]":"{{ n }} nye mails, ({{ accountName }})","_[other]":"{{ n }} nye mails, ({{ accountName }})"},"new-emails-notify-multiple-accounts-body":{"_":"{{ from }} “{{ subject }}”"},"setup-manual-activesync-username":{"placeholder":"Domæne\\Brugernavn"},"settings-account-clarify-imap":{"_":"{{account-name}} (IMAP)"},"settings-account-clarify-pop3":{"_":"{{account-name}} (POP3)"},"settings-account-clarify-smtp":{"_":"{{account-name}} (SMTP)"},"message-attachment-too-large":{"_":"Denne fil er for stor til at hente."},"weekday-0-long":{"_":"Søndag"},"weekday-1-long":{"_":"Mandag"},"weekday-2-long":{"_":"Tirsdag"},"weekday-3-long":{"_":"Onsdag"},"weekday-4-long":{"_":"Torsdag"},"weekday-5-long":{"_":"Fredag"},"weekday-6-long":{"_":"Lørdag"},"weekday-0-short":{"_":"Søn"},"weekday-1-short":{"_":"Man"},"weekday-2-short":{"_":"Tir"},"weekday-3-short":{"_":"Ons"},"weekday-4-short":{"_":"Tor"},"weekday-5-short":{"_":"Fre"},"weekday-6-short":{"_":"Lør"},"month-0-long":{"_":"Januar"},"month-1-long":{"_":"Februar"},"month-2-long":{"_":"Marts"},"month-3-long":{"_":"April"},"month-4-long":{"_":"Maj"},"month-5-long":{"_":"Juni"},"month-6-long":{"_":"Juli"},"month-7-long":{"_":"August"},"month-8-long":{"_":"September"},"month-9-long":{"_":"Oktober"},"month-10-long":{"_":"November"},"month-11-long":{"_":"December"},"month-0-genitive":{"_":"januar"},"month-1-genitive":{"_":"februar"},"month-2-genitive":{"_":"marts"},"month-3-genitive":{"_":"april"},"month-4-genitive":{"_":"maj"},"month-5-genitive":{"_":"juni"},"month-6-genitive":{"_":"juli"},"month-7-genitive":{"_":"august"},"month-8-genitive":{"_":"september"},"month-9-genitive":{"_":"oktober"},"month-10-genitive":{"_":"november"},"month-11-genitive":{"_":"december"},"month-0-short":{"_":"Jan"},"month-1-short":{"_":"Feb"},"month-2-short":{"_":"Mar"},"month-3-short":{"_":"Apr"},"month-4-short":{"_":"Maj"},"month-5-short":{"_":"Jun"},"month-6-short":{"_":"Jul"},"month-7-short":{"_":"Aug"},"month-8-short":{"_":"Sep"},"month-9-short":{"_":"Okt"},"month-10-short":{"_":"Nov"},"month-11-short":{"_":"Dec"},"minutes-ago-long":{"_":"{[ plural(value) ]}","_[zero]":"nu","_[one]":"for et minut siden","_[two]":"for {{value}} minutter siden","_[few]":"for {{value}} minutter siden","_[many]":"for {{value}} minutter siden","_[other]":"for {{value}} minutter siden"},"hours-ago-long":{"_":"{[ plural(value) ]}","_[zero]":"nu","_[one]":"for en time siden","_[two]":"for {{value}} timer siden","_[few]":"for {{value}} timer siden","_[many]":"for {{value}} timer siden","_[other]":"for {{value}} timer siden"},"days-ago-long":{"_":"{[ plural(value) ]}","_[zero]":"i dag","_[one]":"i går","_[two]":"for {{value}} dage siden","_[few]":"for {{value}} dage siden","_[many]":"for {{value}} dage siden","_[other]":"for {{value}} dage siden"},"weeks-ago-long":{"_":"{[ plural(value) ]}","_[zero]":"denne uge","_[one]":"sidste uge","_[two]":"for {{value}} uger siden","_[few]":"for {{value}} uger siden","_[many]":"for {{value}} uger siden","_[other]":"for {{value}} uger siden"},"months-ago-long":{"_":"{[ plural(value) ]}","_[zero]":"denne måned","_[one]":"sidste måned","_[two]":"for {{value}} måneder siden","_[few]":"for {{value}} måneder siden","_[many]":"for {{value}} måneder siden","_[other]":"for {{value}} måneder siden"},"years-ago-long":{"_":"{[ plural(value) ]}","_[zero]":"dette år","_[one]":"sidste år","_[two]":"for {{value}} år siden","_[few]":"for {{value}} år siden","_[many]":"for {{value}} år siden","_[other]":"for {{value}} år siden"},"minutes-until-long":{"_":"{[ plural(value) ]}","_[zero]":"nu","_[one]":"om et minut","_[two]":"om {{value}} minutter","_[few]":"om {{value}} minutter","_[many]":"om {{value}} minutter","_[other]":"om {{value}} minutter"},"hours-until-long":{"_":"{[ plural(value) ]}","_[zero]":"nu","_[one]":"om en time","_[two]":"om {{value}} timer","_[few]":"om {{value}} timer","_[many]":"om {{value}} timer","_[other]":"om {{value}} timer"},"days-until-long":{"_":"{[ plural(value) ]}","_[zero]":"i dag","_[one]":"i morgen","_[two]":"om {{value}} dage","_[few]":"om {{value}} dage","_[many]":"om {{value}} dage","_[other]":"om {{value}} dage"},"weeks-until-long":{"_":"{[ plural(value) ]}","_[zero]":"denne uge","_[one]":"næste uge","_[two]":"om {{value}} uger","_[few]":"om {{value}} uger","_[many]":"om {{value}} uger","_[other]":"om {{value}} uger"},"months-until-long":{"_":"{[ plural(value) ]}","_[zero]":"denne måned","_[one]":"næste måned","_[two]":"om {{value}} måneder","_[few]":"om {{value}} måneder","_[many]":"om {{value}} måneder","_[other]":"om {{value}} måneder"},"years-until-long":{"_":"{[ plural(value) ]}","_[zero]":"i år","_[one]":"næste år","_[two]":"om {{value}} år","_[few]":"om {{value}} år","_[many]":"om {{value}} år","_[other]":"om {{value}} år"},"minutes-ago-short":{"_":"{[ plural(value) ]}","_[zero]":"nu","_[other]":"{{value}}m siden"},"hours-ago-short":{"_":"{[ plural(value) ]}","_[zero]":"nu","_[other]":"{{value}}t siden"},"days-ago-short":{"_":"{[ plural(value) ]}","_[zero]":"i dag","_[other]":"{{value}}d siden"},"minutes-until-short":{"_":"{[ plural(value) ]}","_[zero]":"nu","_[other]":"om {{value}}m"},"hours-until-short":{"_":"{[ plural(value) ]}","_[zero]":"nu","_[other]":"om {{value}}t"},"days-until-short":{"_":"{[ plural(value) ]}","_[zero]":"i dag","_[other]":"om {{value}}d"},"incorrectDate":{"_":"(forkert dato)"},"dateTimeFormat_%c":{"_":"%a d. %e. %b %Y %H:%M:%S"},"dateTimeFormat_%x":{"_":"%d-%m-%Y"},"dateTimeFormat_%X":{"_":"%H:%M:%S"},"shortTimeFormat":{"_":"%H:%M"},"shortDateTimeFormat":{"_":"%x %H:%M"},"weekStartsOnMonday":{"_":"1"},"time_am":{"_":"AM"},"time_pm":{"_":"PM"}}