{"setup-app-name-header":{"_":"E-Mail"},"setup-empty-account-prompt":{"_":"Senden und Empfangen von E-Mails wurde noch nicht eingerichtet. Soll dies jetzt vorgenommen werden?"},"setup-pick-service":{"_":"Um Nachrichten senden und empfangen zu können, müssen Sie ein Konto einrichten."},"setup-account-header3":{"_":"Neues Konto"},"setup-info-name":{"placeholder":"Ihr Name"},"setup-info-email":{"placeholder":"jemand@beispiel.example"},"setup-info-password":{"placeholder":"Passwort"},"setup-info-next":{"_":"Weiter"},"setup-progress-wait-msg":{"_":"Bitte warten Sie, Ihr Konto wird eingerichtet…"},"setup-completed-header":{"_":"E-Mail-Konto einrichten"},"setup-completed-label":{"_":"Kontoeinrichtung abgeschlossen"},"setup-add-another-account":{"_":"Weiteres Konto hinzufügen"},"setup-show-mail":{"_":"Weiter zu den Nachrichten"},"setup-error-offline":{"_":"Das Gerät ist derzeit offline. Stellen Sie eine Internetverbindung her und versuchen Sie es erneut."},"setup-error-bad-user-or-pass2":{"_":"Benutzername oder Passwort sind ungültig. Bitte überprüfen Sie die Angaben auf Tippfehler."},"setup-error-bad-address":{"_":"Ungültige E-Mail-Adresse. Bitte auf Tippfehler überprüfen."},"setup-error-not-authorized":{"_":"Laut Server verfügen Sie nicht über die Berechtigung, ein Konto anzulegen."},"setup-error-pop-server-not-great":{"_":"Dieser POP3-Server wird nicht unterstützt, da er nicht alle benötigten Funktionen bereitstellt."},"setup-error-unknown2":{"_":"Ein unbekannter Fehler trat auf. Überprüfen Sie die Internetverbindung oder versuchen Sie die manuelle Einrichtung."},"setup-error-needs-app-pass":{"_":"Sie müssen ein anwendungsspezifisches Passwort für Gmail-Konten mit Zwei-Faktor-Autorisierung verwenden."},"setup-error-imap-disabled":{"_":"Sie müssen IMAP für Ihr Gmail-Konto aktivieren."},"setup-error-pop3-disabled":{"_":"Sie müssen POP3 für Ihr Gmail-Konto aktivieren."},"setup-error-bad-security":{"_":"Es konnte keine sichere Verbindung mit \"{{server}}\" hergestellt werden. Eventuell gibt es ein Problem mit dem Netzwerk oder dem Server."},"setup-error-unresponsive-server":{"_":"Es konnte keine Verbindung mit \"{{server}}\" hergestellt werden. Eventuell gibt es ein Problem mit dem Netzwerk."},"setup-error-server-problem":{"_":"Es tritt ein Problem mit dem Server \"{{server}}\" auf. Versuchen Sie es später erneut."},"setup-error-no-config-info":{"_":"Das Konto konnte nicht automatisch eingerichtet werden. Korrigieren Sie die E-Mail-Adresse oder versuchen Sie die manuelle Einrichtung."},"setup-error-server-maintenance":{"_":"Der Server \"{{server}}\" ist wegen Wartungsarbeiten offline. Versuchen Sie es später erneut."},"setup-error-account-already-exists":{"_":"Dieses Konto wurde bereits eingerichtet."},"setup-manual-config2":{"_":"Manuelle Einrichtung"},"setup-manual-config-header":{"_":"Einrichtung"},"setup-manual-account-type":{"_":"Kontotyp"},"setup-manual-imap-header":{"_":"IMAP-Einstellungen"},"setup-manual-pop3-header":{"_":"POP3-Einstellungen"},"setup-manual-smtp-header":{"_":"SMTP-Einstellungen"},"setup-manual-activesync-header":{"_":"ActiveSync-Einstellungen"},"setup-manual-next":{"_":"Weiter"},"setup-manual-socket":{"_":"Socket-Typ"},"setup-manual-socket-ssl":{"_":"SSL"},"setup-manual-socket-starttls":{"_":"STARTTLS"},"setup-manual-hostname":{"placeholder":"Hostname"},"setup-manual-port":{"placeholder":"Port"},"setup-manual-username":{"placeholder":"Benutzername"},"setup-bad-password-header":{"_":"Falsches Passwort!"},"setup-bad-password":{"_":"Die Anmeldung am Server ist fehlgeschlagen. Vielleicht ist Ihr Passwort falsch?"},"setup-new-password":{"placeholder":"Neues Passwort"},"setup-fix-password":{"_":"Nochmal mit anderem Passwort versuchen"},"setup-gmail-twofactor-header":{"_":"Bestätigung in zwei Schritten aktiviert"},"setup-gmail-twofactor-message":{"_":"Geben Sie unten ein anwendungsspezifisches Passwort ein."},"setup-gmail-twofactor-fix":{"_":"Anwendungspasswort verwenden"},"setup-gmail-imap-header":{"_":"IMAP deaktiviert"},"setup-gmail-imap-message":{"_":"Sie müssen IMAP in Ihrem Gmail-Konto aktivieren"},"setup-gmail-imap-retry":{"_":"Erneut versuchen"},"setup-gmail-pop3-header":{"_":"POP3 deaktiviert"},"setup-gmail-pop3-message":{"_":"Sie müssen POP3 in Ihrem Gmail-Konto aktivieren"},"setup-gmail-pop3-retry":{"_":"Erneut versuchen"},"settings-main-header":{"_":"Einstellungen"},"settings-sub-header-account":{"_":"Konto"},"settings-account-name":{"_":"Ihr Name"},"settings-account-display-notifications":{"_":"Benachrichtigung über neue Nachrichten"},"settings-sub-header-data":{"_":"Daten"},"settings-account-check-mail":{"_":"Auf neue Nachrichten überprüfen"},"settings-sub-header-server":{"_":"Server-Einstellungen"},"settings-account-userpass":{"_":"Benutzername und Passwort"},"fld-account-picker-last-sync":{"_":"Letzte Synchronisation:"},"settings-done":{"_":"Fertig"},"settings-account-section":{"_":"Konten"},"settings-account-add":{"_":"Konto hinzufügen"},"settings-account-delete":{"_":"Konto löschen"},"settings-account-delete-prompt":{"_":"Soll das E-Mail-Konto {{account}} wirklich gelöscht werden? Die Nachrichten müssen erneut heruntergeladen werden, falls es wieder angelegt wird."},"settings-account-delete-cancel":{"_":"Abbrechen"},"settings-account-delete-confirm":{"_":"Löschen"},"settings-about-section":{"_":"Über"},"settings-general-section":{"_":"Allgemeine Einstellungen"},"settings-check-mail":{"_":"Nach neuen Nachrichten suchen"},"settings-show-images":{"_":"Grafiken immer anzeigen"},"settings-download-attachments":{"_":"Anhänge herunterladen"},"settings-notify-mail":{"_":"Über neue Nachrichten benachrichtigen"},"settings-check-every-3min":{"_":"Alle 3 Minuten"},"settings-check-every-5min":{"_":"Alle 5 Minuten"},"settings-check-every-10min":{"_":"Alle 10 Minuten"},"settings-check-every-15min":{"_":"Alle 15 Minuten"},"settings-check-every-30min":{"_":"Alle 30 Minuten"},"settings-check-every-60min":{"_":"Stündlich"},"settings-check-every-manual":{"_":"Manuell"},"settings-check-dynamic":{"_":"{[ plural(n) ]}","_[zero]":"Sekunden","_[one]":"Jede Sekunde","_[two]":"Alle {{ n }} Sekunden","_[few]":"Alle {{ n }} Sekunden","_[many]":"Alle {{ n }} Sekunden","_[other]":"Alle {{ n }} Sekunden"},"settings-default-account":{"_":"Standardkonto"},"settings-account-type":{"_":"Kontotyp"},"settings-account-credentials":{"_":"Zugangsdaten"},"settings-activesync-label":{"_":"ActiveSync-Einstellungen"},"settings-imap-label":{"_":"IMAP-Einstellungen"},"settings-pop3-label":{"_":"POP3-Einstellungen"},"settings-smtp-label":{"_":"SMTP-Einstellungen"},"settings-hostname":{"_":"Serveradresse"},"settings-port":{"_":"Port"},"settings-username":{"_":"Benutzername"},"settings-password":{"_":"Passwort"},"settings-save":{"_":"Speichern"},"settings-password-empty":{"_":"Das Passwort sollte nicht leer bleiben!"},"settings-account-synchronize-window":{"_":"Zu synchronisierende Tage"},"settings-synchronize-auto":{"_":"Automatisch"},"settings-synchronize-one-day":{"_":"1 Tag"},"settings-synchronize-three-days":{"_":"3 Tage"},"settings-synchronize-one-week":{"_":"1 Woche"},"settings-synchronize-two-weeks":{"_":"2 Wochen"},"settings-synchronize-one-month":{"_":"1 Monat"},"settings-synchronize-all":{"_":"Alle Nachrichten"},"accounts-header":{"_":"Konten"},"accounts-button":{"_":"Konten"},"envelope-from":{"_":"Von"},"envelope-to":{"_":"An"},"envelope-cc":{"_":"CC"},"envelope-bcc":{"_":"BCC"},"reader-header":{"_":"Lesen"},"compose-header":{"_":"Nachricht schreiben"},"compose-header-short":{"_":"Verfassen"},"compose-send":{"_":"Senden"},"compose-to":{"_":"An"},"compose-cc":{"_":"CC"},"compose-bcc":{"_":"BCC"},"compose-attachments":{"_":"{[ plural(n) ]}","_[zero]":"Anhang","_[one]":"{{ n }} Anhang","_[two]":"{{ n }} Anhänge","_[few]":"{{ n }} Anhänge","_[many]":"{{ n }} Anhänge","_[other]":"{{ n }} Anhänge"},"compose-subject":{"_":"Betreff"},"compose-draft-save":{"_":"In Lokalen Entwürfe speichern"},"compose-discard-message":{"_":"E-Mail verwerfen?"},"compose-discard-confirm":{"_":"Verwerfen"},"compose-sending-message":{"_":"E-Mail senden…"},"compose-send-message-failed":{"_":"Senden der E-Mail schlug fehl"},"composer-attachment-large":{"_":"Anhang zu groß"},"composer-attachments-large":{"_":"Anhänge zu groß"},"compose-attchment-size-exceeded":{"_":"Der gewählte Anhang ist zu groß, um mit dieser Nachricht gesendet zu werden."},"compose-attchments-size-exceeded":{"_":"Die gewählten Anhänge sind zu groß, um mit dieser Nachricht gesendet zu werden. Versuchen Sie, weniger Anhänge zu senden."},"dialog-button-ok":{"_":"OK"},"default-attachment-filename":{"_":"Anhang{{ n }}"},"attachment-size-kib":{"_":"{{kilobytes}}K"},"message-attachment-view":{"textContent":"Anzeigen"},"message-no-subject":{"_":"(Kein Betreff)"},"message-edit-menu-star":{"_":"Kennzeichnen"},"message-edit-menu-unstar":{"_":"Kennzeichnung entfernen"},"message-edit-menu-mark-read":{"_":"Als gelesen markieren"},"message-edit-menu-mark-unread":{"_":"Als ungelesen markieren"},"message-edit-menu-move":{"_":"Verschieben"},"message-edit-menu-delete":{"_":"Löschen"},"message-edit-delete-confirm":{"_":"Nachricht löschen?"},"message-send-attachment-disabled-confirm":{"_":"Anhänge können nicht weitergeleitet werden."},"message-multiedit-header":{"_":"{[ plural(n) ]}","_[zero]":"Bearbeiten","_[one]":"{{ n }} ausgewählt","_[two]":"{{ n }} ausgewählt","_[few]":"{{ n }} ausgewählt","_[many]":"{{ n }} ausgewählt","_[other]":"{{ n }} ausgewählt"},"browse-to-url-prompt":{"_":"Diese Adresse öffnen? {{ url }}"},"message-download-images":{"_":"{[ plural(n) ]}","_[one]":"Diese Nachricht enthält eine Grafik. Zum Herunterladen antippen.","_[two]":"Diese Nachricht enthält {{ n }} Grafiken. Zum Herunterladen antippen.","_[few]":"Diese Nachricht enthält {{ n }} Grafiken. Zum Herunterladen antippen.","_[many]":"Diese Nachricht enthält {{ n }} Grafiken. Zum Herunterladen antippen.","_[other]":"Diese Nachricht enthält {{ n }} Grafiken. Zum Herunterladen antippen."},"message-show-external-images":{"_":"Externe Grafiken anzeigen"},"message-multiedit-cancel":{"_":"Abbrechen"},"message-multiedit-delete-confirm":{"_":"{[ plural(n) ]}","_[one]":"Diese Nachricht löschen?","_[two]":"{{ n }} Nachrichten löschen?","_[few]":"{{ n }} Nachrichten löschen?","_[many]":"{{ n }} Nachrichten löschen?","_[other]":"{{ n }} Nachrichten löschen?"},"message-large-message-cancel":{"_":"Abbrechen"},"message-large-message-ok":{"_":"Fortsetzen"},"message-large-message-confirm":{"_":"Diese Nachricht ist sehr groß. Der Download kann einige Zeit in Anspruch nehmen."},"message-search-from":{"_":"Von"},"message-search-to":{"_":"An"},"message-search-subject":{"_":"Betreff"},"message-search-body":{"_":"Inhalt"},"message-search-all":{"_":"Alles"},"message-search-input":{"placeholder":"E-Mails suchen"},"message-search-cancel-accessible":{"_":"Suche abbrechen"},"messages-syncing":{"_":"Nachrichten laden…"},"messages-sync-more":{"_":"Weitere Nachrichten vom Server laden"},"messages-folder-empty":{"_":"Keine Nachrichten in diesem Ordner"},"messages-search-empty":{"_":"Keine Übereinstimmungen mit lokal zwischengespeicherten Nachrichten"},"messages-folder-select":{"_":"Ordner auswählen"},"message-contact-menu-create":{"_":"Als neuen Kontakt speichern"},"message-contact-menu-add-existing":{"_":"Zu bestehendem Kontakt hinzufügen"},"message-contact-menu-view":{"_":"Kontaktdaten anzeigen"},"message-contact-menu-reply":{"_":"Antworten"},"message-contact-menu-new":{"_":"Neue E-Mail schreiben"},"message-reply-menu-reply":{"_":"Antworten"},"message-reply-menu-reply-all":{"_":"Allen antworten"},"message-reply-menu-forward":{"_":"Weiterleiten"},"message-reply-menu-cancel":{"_":"Abbrechen"},"folder-list-header":{"_":"Ordner"},"account-last-synced-label":{"_":"Letzte Synchronisation: "},"account-never-synced":{"_":"Nie"},"reply-quoting-wrote":{"_":"{name} schrieb"},"forward-original-message":{"_":"Ursprüngliche Nachricht"},"forward-header-subject":{"_":"Betreff"},"forward-header-date":{"_":"Datum"},"forward-header-from":{"_":"Von"},"forward-header-reply-to":{"_":"Antwort an"},"forward-header-to":{"_":"An"},"forward-header-cc":{"_":"CC"},"folder-inbox":{"_":"Posteingang"},"folder-sent":{"_":"Gesendet"},"folder-drafts":{"_":"Entwürfe"},"folder-trash":{"_":"Papierkorb"},"folder-queue":{"_":"Postausgang"},"folder-junk":{"_":"Junk"},"folder-archives":{"_":"Archiv"},"folder-localdrafts":{"_":"Lokale Entwürfe"},"toaster-undo":{"_":"Rückgängig"},"toaster-retry":{"_":"Erneut versuchen"},"toaster-message-star":{"_":"{[ plural(n) ]}","_[one]":"1 Nachricht gekennzeichnet","_[two]":"{{ n }} Nachrichten gekennzeichnet","_[few]":"{{ n }} Nachrichten gekennzeichnet","_[many]":"{{ n }} Nachrichten gekennzeichnet","_[other]":"{{ n }} Nachrichten gekennzeichnet"},"toaster-message-unstar":{"_":"{[ plural(n) ]}","_[one]":"Kennzeichnung für 1 Nachricht entfernt","_[two]":"Kennzeichnung für {{ n }} Nachrichten entfernt","_[few]":"Kennzeichnung für {{ n }} Nachrichten entfernt","_[many]":"Kennzeichnung für {{ n }} Nachrichten entfernt","_[other]":"Kennzeichnung für {{ n }} Nachrichten entfernt"},"toaster-message-read":{"_":"{[ plural(n) ]}","_[one]":"1 Nachricht als gelesen markiert","_[two]":"{{ n }} Nachrichten als gelesen markiert","_[few]":"{{ n }} Nachrichten als gelesen markiert","_[many]":"{{ n }} Nachrichten als gelesen markiert","_[other]":"{{ n }} Nachrichten als gelesen markiert"},"toaster-message-unread":{"_":"{[ plural(n) ]}","_[one]":"1 Nachricht als ungelesen markiert","_[two]":"{{ n }} Nachrichten als ungelesen markiert","_[few]":"{{ n }} Nachrichten als ungelesen markiert","_[many]":"{{ n }} Nachrichten als ungelesen markiert","_[other]":"{{ n }} Nachrichten als ungelesen markiert"},"toaster-message-move":{"_":"{[ plural(n) ]}","_[one]":"1 Nachricht verschoben","_[two]":"{{ n }} Nachrichten verschoben","_[few]":"{{ n }} Nachrichten verschoben","_[many]":"{{ n }} Nachrichten verschoben","_[other]":"{{ n }} Nachrichten verschoben"},"toaster-message-delete":{"_":"{[ plural(n) ]}","_[one]":"1 Nachricht gelöscht","_[two]":"{{ n }} Nachrichten gelöscht","_[few]":"{{ n }} Nachrichten gelöscht","_[many]":"{{ n }} Nachrichten gelöscht","_[other]":"{{ n }} Nachrichten gelöscht"},"toaster-retryable-syncfailed":{"_":"Fehler beim Verbinden mit Server"},"form-clear-input":{"_":"Text löschen"},"confirm-dialog-title":{"_":"Bestätigung"},"senders-separation-sign":{"_":", "},"new-emails":{"_":"{[ plural(n) ]}","_[one]":"1 neue Nachricht","_[two]":"{{ n }} neue Nachrichten","_[few]":"{{ n }} neue Nachrichten","_[many]":"{{ n }} neue Nachrichten","_[other]":"{{ n }} neue Nachrichten"},"new-emails-notify-one-account":{"_":"{[ plural(n) ]}","_[one]":"1 neue Nachricht","_[two]":"{{ n }} neue Nachrichten","_[few]":"{{ n }} neue Nachrichten","_[many]":"{{ n }} neue Nachrichten","_[other]":"{{ n }} neue Nachrichten"},"new-emails-notify-multiple-accounts":{"_":"{[ plural(n) ]}","_[one]":"1 neue Nachricht ({{ accountName }})","_[two]":"{{ n }} neue Nachrichten ({{ accountName }})","_[few]":"{{ n }} neue Nachrichten ({{ accountName }})","_[many]":"{{ n }} neue Nachrichten ({{ accountName }})","_[other]":"{{ n }} neue Nachrichten ({{ accountName }})"},"new-emails-notify-multiple-accounts-body":{"_":"{{ from }} “{{ subject }}”"},"weekday-0-long":{"_":"Sonntag"},"weekday-1-long":{"_":"Montag"},"weekday-2-long":{"_":"Dienstag"},"weekday-3-long":{"_":"Mittwoch"},"weekday-4-long":{"_":"Donnerstag"},"weekday-5-long":{"_":"Freitag"},"weekday-6-long":{"_":"Samstag"},"weekday-0-short":{"_":"So"},"weekday-1-short":{"_":"Mo"},"weekday-2-short":{"_":"Di"},"weekday-3-short":{"_":"Mi"},"weekday-4-short":{"_":"Do"},"weekday-5-short":{"_":"Fr"},"weekday-6-short":{"_":"Sa"},"month-0-long":{"_":"Januar"},"month-1-long":{"_":"Februar"},"month-2-long":{"_":"März"},"month-3-long":{"_":"April"},"month-4-long":{"_":"Mai"},"month-5-long":{"_":"Juni"},"month-6-long":{"_":"Juli"},"month-7-long":{"_":"August"},"month-8-long":{"_":"September"},"month-9-long":{"_":"Oktober"},"month-10-long":{"_":"November"},"month-11-long":{"_":"Dezember"},"month-0-genitive":{"_":"Januar"},"month-1-genitive":{"_":"Februar"},"month-2-genitive":{"_":"März"},"month-3-genitive":{"_":"April"},"month-4-genitive":{"_":"Mai"},"month-5-genitive":{"_":"Juni"},"month-6-genitive":{"_":"Juli"},"month-7-genitive":{"_":"August"},"month-8-genitive":{"_":"September"},"month-9-genitive":{"_":"Oktober"},"month-10-genitive":{"_":"November"},"month-11-genitive":{"_":"Dezember"},"month-0-short":{"_":"Jan"},"month-1-short":{"_":"Feb"},"month-2-short":{"_":"Mär"},"month-3-short":{"_":"Apr"},"month-4-short":{"_":"Mai"},"month-5-short":{"_":"Jun"},"month-6-short":{"_":"Jul"},"month-7-short":{"_":"Aug"},"month-8-short":{"_":"Sep"},"month-9-short":{"_":"Okt"},"month-10-short":{"_":"Nov"},"month-11-short":{"_":"Dez"},"minutes-ago-long":{"_":"{[ plural(value) ]}","_[zero]":"gerade eben","_[one]":"vor 1 Minute","_[two]":"vor {{value}} Minuten","_[few]":"vor {{value}} Minuten","_[many]":"vor {{value}} Minuten","_[other]":"vor {{value}} Minuten"},"hours-ago-long":{"_":"{[ plural(value) ]}","_[zero]":"gerade eben","_[one]":"vor 1 Stunde","_[two]":"vor {{value}} Stunden","_[few]":"vor {{value}} Stunden","_[many]":"vor {{value}} Stunden","_[other]":"vor {{value}} Stunden"},"days-ago-long":{"_":"{[ plural(value) ]}","_[zero]":"heute","_[one]":"gestern","_[two]":"vor {{value}} Tagen","_[few]":"vor {{value}} Tagen","_[many]":"vor {{value}} Tagen","_[other]":"vor {{value}} Tagen"},"weeks-ago-long":{"_":"{[ plural(value) ]}","_[zero]":"diese Woche","_[one]":"letzte Woche","_[two]":"vor {{value}} Wochen","_[few]":"vor {{value}} Wochen","_[many]":"vor {{value}} Wochen","_[other]":"vor {{value}} Wochen"},"months-ago-long":{"_":"{[ plural(value) ]}","_[zero]":"diesen Monat","_[one]":"letzten Monat","_[two]":"vor {{value}} Monaten","_[few]":"vor {{value}} Monaten","_[many]":"vor {{value}} Monaten","_[other]":"vor {{value}} Monaten"},"years-ago-long":{"_":"{[ plural(value) ]}","_[zero]":"dieses Jahr","_[one]":"letztes Jahr","_[two]":"vor {{value}} Jahren","_[few]":"vor {{value}} Jahren","_[many]":"vor {{value}} Jahren","_[other]":"vor {{value}} Jahren"},"minutes-until-long":{"_":"{[ plural(value) ]}","_[zero]":"jetzt","_[one]":"in 1 Minute","_[two]":"in {{value}} Minuten","_[few]":"in {{value}} Minuten","_[many]":"in {{value}} Minuten","_[other]":"in {{value}} Minuten"},"hours-until-long":{"_":"{[ plural(value) ]}","_[zero]":"jetzt","_[one]":"in einer Stunde","_[two]":"in {{value}} Stunden","_[few]":"in {{value}} Stunden","_[many]":"in {{value}} Stunden","_[other]":"in {{value}} Stunden"},"days-until-long":{"_":"{[ plural(value) ]}","_[zero]":"heute","_[one]":"morgen","_[two]":"in {{value}} Tagen","_[few]":"in {{value}} Tagen","_[many]":"in {{value}} Tagen","_[other]":"in {{value}} Tagen"},"weeks-until-long":{"_":"{[ plural(value) ]}","_[zero]":"diese Woche","_[one]":"nächste Woche","_[two]":"in {{value}} Wochen","_[few]":"in {{value}} Wochen","_[many]":"in {{value}} Wochen","_[other]":"in {{value}} Wochen"},"months-until-long":{"_":"{[ plural(value) ]}","_[zero]":"diesen Monat","_[one]":"nächsten Monat","_[two]":"in {{value}} Monaten","_[few]":"in {{value}} Monaten","_[many]":"in {{value}} Monaten","_[other]":"in {{value}} Monaten"},"years-until-long":{"_":"{[ plural(value) ]}","_[zero]":"dieses Jahr","_[one]":"nächstes Jahr","_[two]":"in {{value}} Jahren","_[few]":"in {{value}} Jahren","_[many]":"in {{value}} Jahren","_[other]":"in {{value}} Jahren"},"minutes-ago-short":{"_":"{[ plural(value) ]}","_[zero]":"jetzt","_[other]":"vor {{value}} m"},"hours-ago-short":{"_":"{[ plural(value) ]}","_[zero]":"jetzt","_[other]":"vor {{value}} h"},"days-ago-short":{"_":"{[ plural(value) ]}","_[zero]":"heute","_[other]":"vor {{value}} d"},"minutes-until-short":{"_":"{[ plural(value) ]}","_[zero]":"jetzt","_[other]":"in {{value}} m"},"hours-until-short":{"_":"{[ plural(value) ]}","_[zero]":"jetzt","_[other]":"in {{value}} h"},"days-until-short":{"_":"{[ plural(value) ]}","_[zero]":"heute","_[other]":"in {{value}} d"},"incorrectDate":{"_":"(ungültiges Datum)"},"dateTimeFormat_%c":{"_":"%a, %e. %b %Y %H:%M:%S"},"dateTimeFormat_%x":{"_":"%d.%m.%Y"},"dateTimeFormat_%X":{"_":"%H:%M:%S"},"shortTimeFormat":{"_":"%H:%M"},"shortDateTimeFormat":{"_":"%x %H:%M"},"weekStartsOnMonday":{"_":"1"},"time_am":{"_":"AM"},"time_pm":{"_":"PM"}}