{"setup-app-name-header":{"_":"Email"},"setup-empty-account-prompt":{"_":"Δεν έχετε ρυθμίσει την αποστολή και λήψη email. Θα θέλατε να το κάνετε τώρα;"},"setup-pick-service":{"_":"Για να στείλετε και να λάβετε email, θα πρέπει να ρυθμίσετε έναν λογαριασμό."},"setup-account-header3":{"_":"Νέα διεύθυνση"},"setup-info-name":{"placeholder":"Το όνομά σας"},"setup-info-email":{"placeholder":"someone@example.com"},"setup-info-password":{"placeholder":"Κωδικός"},"setup-info-next":{"_":"Επόμενο"},"setup-progress-wait-msg":{"_":"Παρακαλούμε περιμένετε όσο ρυθμίζεται ο λογαριασμός σας"},"setup-completed-header":{"_":"Ρύθμιση Email"},"setup-completed-label":{"_":"Επιτυχής ρύθμιση!"},"setup-add-another-account":{"_":"Προσθέστε κι άλλο λογαριασμό"},"setup-show-mail":{"_":"Συνέχεια στο Email"},"setup-error-offline":{"_":"Δεν υπάρχει σύνδεση. Συνδεθείτε και προσπαθήστε ξανά."},"setup-error-bad-user-or-pass2":{"_":"Λάθος όνομα χρήστη ή κωδικός. Ελέγξτε για τυπογραφικά λάθη."},"setup-error-bad-address":{"_":"Invalid e-mail address. Check for typos."},"setup-error-not-authorized":{"_":"Ο διακομιστής δήλωσε ότι δεν είστε εξουσιοδοτημένος να δημιουργήσετε έναν λογαριασμό"},"setup-error-pop-server-not-great":{"_":"Δεν υποστηρίζεται ο διακομιστής. Ο εξυπηρετητής POP3 δεν υλοποιεί τις απαιτούμενες λειτουργίες."},"setup-error-unknown2":{"_":"Παρουσιάστηκε ένα άγνωστο σφάλμα. Ελέγξτε τη σύνδεσή σας ή δοκιμάστε την χειροκίνητη ρύθμιση."},"setup-error-needs-app-pass":{"_":"Για λογαριασμούς Gmail με επαλήθευση σε δύο βήματα θα πρέπει να χρησιμοποιήσετε έναν κωδικό πρόσβασης για συγκεκριμένη εφαρμογή "},"setup-error-imap-disabled":{"_":"Πρέπει να ενεργοποιήσετε το IMAP για τον Gmail λογαριασμό σας"},"setup-error-pop3-disabled":{"_":"Πρέπει να ενεργοποιήσετε POP3 στο λογαριασμό Gmail σας"},"setup-error-bad-security":{"_":"Αποτυχία δημιουργίας ασφαλούς σύνδεσης με τον διακομιστή «{{server}}». Μπορεί να υπάρχει πρόβλημα με το δίκτυο σας ή τον διακομιστή."},"setup-error-unresponsive-server":{"_":"Αποτυχία δημιουργίας ασφαλούς σύνδεσης με τον διακομιστή «{{server}}». Μπορεί να υπάρχει πρόβλημα με το δίκτυο."},"setup-error-server-problem":{"_":"Υπάρχει πρόβλημα με τον διακομιστή «{{server}}». Δοκιμάστε ξανά αργότερα."},"setup-error-no-config-info":{"_":"Αποτυχία αυτόματης ρύθμισης του λογαριασμού σας. Διορθώστε την διεύθυνση e-mail σας ή δοκιμάστε τη χειροκίνητη ρύθμιση."},"setup-error-server-maintenance":{"_":"Ο διακομιστής «{{server}}» είναι εκτός δικτύου για συντήρηση. Παρακαλούμε προσπαθήστε αργότερα."},"setup-error-account-already-exists":{"_":"Αυτός ο λογαριασμός έχει ήδη ρυθμιστεί."},"setup-manual-config2":{"_":"Χειροκίνητη εγκατάσταση"},"setup-manual-config-header":{"_":"Περισσότερα"},"setup-manual-account-type":{"_":"Τύπος λογαριασμού"},"setup-manual-imap-header":{"_":"Ρυθμίσεις IMAP"},"setup-manual-pop3-header":{"_":"Ρυθμίσεις POP3"},"setup-manual-smtp-header":{"_":"Ρυθμίσεις SMTP"},"setup-manual-activesync-header":{"_":"Ρυθμίσεις ActiveSync"},"setup-manual-next":{"_":"Επόμενο"},"setup-manual-socket":{"_":"Τύπος Socket"},"setup-manual-socket-ssl":{"_":"SSL"},"setup-manual-socket-starttls":{"_":"STARTTLS"},"setup-manual-hostname":{"placeholder":"Όνομα συστήματος"},"setup-manual-port":{"placeholder":"Αριθμός θύρας"},"setup-manual-username":{"placeholder":"Όνομα χρήστη"},"setup-bad-password-header":{"_":"Λάθος κωδικός!"},"setup-bad-password":{"_":"Δεν μπορέσαμε να συνδεθούμε στον διακομιστή. Μήπως ο κωδικός σας είναι λάθος;"},"setup-new-password":{"placeholder":"Νέος κωδικός πρόσβασης"},"setup-fix-password":{"_":"Δοκιμάστε ξανά με νέο κωδικό"},"setup-gmail-twofactor-header":{"_":"Ενεργοποιήθηκε η επαλήθευση σε δύο βήματα"},"setup-gmail-twofactor-message":{"_":"Πρέπει να εισάγετε έναν κωδικό πρόσβασης για συγκεκριμένη εφαρμογή."},"setup-gmail-twofactor-fix":{"_":"Χρησιμοποιήστε τον κωδικό πρόσβασης της εφαρμογής"},"setup-gmail-imap-header":{"_":"IMAP απενεργοποιημένο"},"setup-gmail-imap-message":{"_":"Θα πρέπει να ενεργοποιήσετε το IMAP στον Gmail λογαριασμό σας"},"setup-gmail-imap-retry":{"_":"Δοκιμάστε ξανά"},"setup-gmail-pop3-header":{"_":"POP3 απενεργοποιημένο"},"setup-gmail-pop3-message":{"_":"Πρέπει να ενεργοποιήσετε το POP3 στο λογαριασμό Gmail σας"},"setup-gmail-pop3-retry":{"_":"Επανάληψη"},"settings-main-header":{"_":"Ρυθμίσεις"},"settings-sub-header-account":{"_":"Λογαριασμός"},"settings-account-name":{"_":"Το όνομά σας"},"settings-account-display-notifications":{"_":"Εμφάνιση ενημερώσεων για νέα μηνύματα"},"settings-sub-header-data":{"_":"Δεδομένα"},"settings-account-check-mail":{"_":"Έλεγχος για νέα μηνύματα"},"settings-sub-header-server":{"_":"Ρυθμίσεις διακομιστή"},"settings-account-userpass":{"_":"Όνομα χρήστη και κωδικός "},"fld-account-picker-last-sync":{"_":"Τελευταίος συγχρονισμός:"},"settings-done":{"_":"ΟΚ"},"settings-account-section":{"_":"Λογαριασμοί"},"settings-account-add":{"_":"Προσθήκη λογαριασμού"},"settings-account-delete":{"_":"Διαγραφή λογαριασμού"},"settings-account-delete-prompt":{"_":"Είστε σίγουροι πως θέλετε να αφαιρέσετε τον {{account}} λογαριασμό σας; Θα πρέπει να κατεβάσετε ξανά όλα τα emails σας αν τον προσθέσετε ξανά."},"settings-account-delete-cancel":{"_":"Ακύρωση"},"settings-account-delete-confirm":{"_":"Διαγραφή"},"settings-about-section":{"_":"Σχετικά"},"settings-general-section":{"_":"Γενικές ρυθμίσεις"},"settings-check-mail":{"_":"Έλεγχος ταχυδρομείου"},"settings-show-images":{"_":"Πάντα εμφάνιση εικόνων"},"settings-download-attachments":{"_":"Λήψη συνημμένων"},"settings-notify-mail":{"_":"Ειδοποίηση για νέα μηνύματα"},"settings-check-every-3min":{"_":"Κάθε 3 λεπτά"},"settings-check-every-5min":{"_":"Κάθε 5 λεπτά"},"settings-check-every-10min":{"_":"Κάθε 10 λεπτά"},"settings-check-every-15min":{"_":"Κάθε 15 λεπτά"},"settings-check-every-30min":{"_":"Κάθε 30 λεπτά"},"settings-check-every-60min":{"_":"Κάθε 60 λεπτά"},"settings-check-every-manual":{"_":"Χειροκίνητα"},"settings-check-dynamic":{"_":"{[ plural(n) ]}","_[zero]":"δευτερόλεπτα","_[one]":"{{ n }} δευτερόλεπτα","_[two]":"{{ n }} δευτερόλεπτα","_[few]":"{{ n }} δευτερόλεπτα","_[many]":"{{ n }} δευτερόλεπτα","_[other]":"{{ n }} δευτερόλεπτα"},"settings-default-account":{"_":"Προεπιλεγμένος λογαριασμός"},"settings-account-type":{"_":"Τύπος λογαριασμού"},"settings-account-credentials":{"_":"Στοιχεία"},"settings-activesync-label":{"_":"Ρυθμίσεις ActiveSync"},"settings-imap-label":{"_":"Ρυθμίσεις IMAP"},"settings-pop3-label":{"_":"Ρυθμίσεις POP3"},"settings-smtp-label":{"_":"Ρυθμίσεις SMTP"},"settings-hostname":{"_":"Όνομα κεντρικού υπολογιστή"},"settings-port":{"_":"Θύρα"},"settings-username":{"_":"Όνομα χρήστη"},"settings-password":{"_":"Κωδικός"},"settings-save":{"_":"Αποθήκευση"},"settings-password-empty":{"_":"Ο κωδικός δεν μπορεί να είναι κενός!"},"settings-account-synchronize-window":{"_":"Ημέρες για συγχρονισμό"},"settings-synchronize-auto":{"_":"Αυτόματα"},"settings-synchronize-one-day":{"_":"1 ημέρα"},"settings-synchronize-three-days":{"_":"3 ημέρες"},"settings-synchronize-one-week":{"_":"1 εβδομάδα"},"settings-synchronize-two-weeks":{"_":"2 εβδομάδες"},"settings-synchronize-one-month":{"_":"1 μήνας"},"settings-synchronize-all":{"_":"Όλα τα μηνύματα"},"accounts-header":{"_":"Λογαριασμοί"},"accounts-button":{"_":"Λογαριασμοί"},"envelope-from":{"_":"Από"},"envelope-to":{"_":"Προς"},"envelope-cc":{"_":"Κοιν."},"envelope-bcc":{"_":"Κρυφή Κοιν."},"reader-header":{"_":"Ανάγνωση"},"compose-header":{"_":"Σύνταξη μηνύματος"},"compose-header-short":{"_":"Σύνταξη"},"compose-send":{"_":"Αποστολή"},"compose-to":{"_":"Προς"},"compose-cc":{"_":"Κοιν."},"compose-bcc":{"_":"Κρυφή Κοιν."},"compose-attachments":{"_":"{[ plural(n) ]}","_[zero]":"Συνημμένα","_[one]":"{{ n }} συνημμένο","_[two]":"{{ n }} συνημμένα","_[few]":"{{ n }} συνημμένα","_[many]":"{{ n }} συνημμένα","_[other]":"{{ n }} συνημμένα"},"compose-subject":{"_":"Θέμα"},"compose-draft-save":{"_":"Αποθήκευση στα Πρόχειρα"},"compose-discard-message":{"_":"Απόρριψη email;"},"compose-discard-confirm":{"_":"Απόρριψη"},"compose-sending-message":{"_":"Αποστολή email"},"compose-send-message-failed":{"_":"Η αποστολή του email απέτυχε"},"composer-attachment-large":{"_":"Υπερβολικά μεγάλο συνημμένο"},"composer-attachments-large":{"_":"Υπερβολικά μεγάλα συνημμένα"},"compose-attchment-size-exceeded":{"_":"Το συγκεκριμένο συνημμένο είναι υπερβολικά μεγάλο για να σταλεί με αυτό το μήνυμα."},"compose-attchments-size-exceeded":{"_":"Τα συγκεκριμένα συνημμένα είναι υπερβολικά μεγάλα για να σταλούν με αυτό το μήνυμα. Δοκιμάστε επιλέγοντας λιγότερα αρχεία."},"dialog-button-ok":{"_":"ΟΚ"},"default-attachment-filename":{"_":"attachment{{ n }}"},"attachment-size-kib":{"_":"{{kilobytes}}K"},"message-attachment-view":{"textContent":"Προβολή"},"message-no-subject":{"_":"(κανένα θέμα)"},"message-edit-menu-star":{"_":"Επισήμανση με αστέρι"},"message-edit-menu-unstar":{"_":"Αφαίρεση επισήμανσης με αστέρι"},"message-edit-menu-mark-read":{"_":"Σημείωση ως διαβασμένο"},"message-edit-menu-mark-unread":{"_":"Σήμανση ως μη διαβασμένο"},"message-edit-menu-move":{"_":"Μετακίνηση"},"message-edit-menu-delete":{"_":"Διαγραφή"},"message-edit-delete-confirm":{"_":"Διαγραφή μηνύματος email;"},"message-send-attachment-disabled-confirm":{"_":"Τα συνημμένα δεν μπόρεσαν να διαβιβαστούν."},"message-multiedit-header":{"_":"{[ plural(n) ]}","_[zero]":"Επεξεργασία","_[one]":"{{ n }} επιλεγμένο","_[two]":"{{ n }} επιλεγμένα","_[few]":"{{ n }} επιλεγμένα","_[many]":"{{ n }} επιλεγμένα","_[other]":"{{ n }} επιλεγμένα"},"browse-to-url-prompt":{"_":"Περιήγηση στο URL;: {{ url }}"},"message-download-images":{"_":"{[ plural(n) ]}","_[one]":"Αυτό το email περιέχει μία εικόνα. Πατήστε για να την κατεβάσετε.","_[two]":"Αυτό το email περιέχει {{ n }} εικόνες. Πατήστε για να τις κατεβάσετε.","_[few]":"Αυτό το email περιέχει {{ n }} εικόνες. Πατήστε για να τις κατεβάσετε.","_[many]":"Αυτό το email περιέχει {{ n }} εικόνες. Πατήστε για να τις κατεβάσετε.","_[other]":"Αυτό το email περιέχει {{ n }} εικόνες. Πατήστε για να τις κατεβάσετε."},"message-show-external-images":{"_":"Εμφάνιση εξωτερικών εικόνων"},"message-multiedit-cancel":{"_":"Ακύρωση"},"message-multiedit-delete-confirm":{"_":"{[ plural(n) ]}","_[one]":"Διαγραφή αυτού του μηνύματoς;","_[two]":"Διαγραφή {{ n }} μηνυμάτων;","_[few]":"Διαγραφή {{ n }} μηνυμάτων;","_[many]":"Διαγραφή {{ n }} μηνυμάτων;","_[other]":"Διαγραφή {{ n }} μηνυμάτων;"},"message-large-message-cancel":{"_":"Ακύρωση"},"message-large-message-ok":{"_":"Συνέχεια"},"message-large-message-confirm":{"_":"Αυτό το μήνυμα είναι μεγάλο και ίσως η λήψη του χρειαστεί κάποιο χρόνο."},"message-search-from":{"_":"Από"},"message-search-to":{"_":"Προς"},"message-search-subject":{"_":"Θέμα"},"message-search-body":{"_":"Σώμα"},"message-search-all":{"_":"Όλα"},"message-search-input":{"placeholder":"Αναζήτηση"},"message-search-cancel-accessible":{"_":"Ακύρωση αναζήτησης"},"messages-syncing":{"_":"Φόρτωση μηνυμάτων"},"messages-sync-more":{"_":"Φόρτωση περισσότερων μηνυμάτων από τον διακομιστή"},"messages-folder-empty":{"_":"Δεν υπάρχουν μηνύματα σε αυτόν τον φάκελο"},"messages-search-empty":{"_":"Δεν βρέθηκαν αποτελέσματα στα τοπικά αποθηκευμένα μηνύματα"},"messages-folder-select":{"_":"Επιλέξτε φάκελο"},"message-contact-menu-create":{"_":"Αποθήκευση νέας επαφής"},"message-contact-menu-add-existing":{"_":"Προσθήκη σε υπάρχουσα επαφή"},"message-contact-menu-view":{"_":"Προβολή επαφής"},"message-contact-menu-reply":{"_":"Απάντηση"},"message-contact-menu-new":{"_":"Αποστολή νέου email"},"message-reply-menu-reply":{"_":"Απάντηση"},"message-reply-menu-reply-all":{"_":"Απάντηση σε όλους"},"message-reply-menu-forward":{"_":"Προώθηση"},"message-reply-menu-cancel":{"_":"Ακύρωση"},"folder-list-header":{"_":"Φάκελοι"},"account-last-synced-label":{"_":"Τελευταίος συγχρονισμός:"},"account-never-synced":{"_":"Πότε"},"reply-quoting-wrote":{"_":"Ο χρήστης {name} έγραψε"},"forward-original-message":{"_":"Αρχικό μήνυμα"},"forward-header-subject":{"_":"Θέμα"},"forward-header-date":{"_":"Ημερομηνία"},"forward-header-from":{"_":"Από"},"forward-header-reply-to":{"_":"Απάντηση προς"},"forward-header-to":{"_":"Προς"},"forward-header-cc":{"_":"Κοιν."},"folder-inbox":{"_":"Εισερχόμενα"},"folder-sent":{"_":"Απεσταλμένα"},"folder-drafts":{"_":"Πρόχειρα"},"folder-trash":{"_":"Ανεπιθύμητα"},"folder-queue":{"_":"Μη απεσταλμένα"},"folder-junk":{"_":"Κάδος απορριμμάτων"},"folder-archives":{"_":"Αρχείο"},"folder-localdrafts":{"_":"Τοπικά πρόχειρα"},"toaster-undo":{"_":"Αναίρεση"},"toaster-retry":{"_":"Προσπαθήστε ξανά"},"toaster-message-star":{"_":"{[ plural(n) ]}","_[one]":"1 μήνυμα επισημάνθηκε","_[two]":"{{ n }} μηνύματα επισημάνθηκαν","_[few]":"{{ n }} μηνύματα επισημάνθηκαν","_[many]":"{{ n }} μηνύματα επισημάνθηκαν","_[other]":"{{ n }} μηνύματα επισημάνθηκαν"},"toaster-message-unstar":{"_":"{[ plural(n) ]}","_[one]":"1 επισήμανση μηνύματος αφαιρέθηκε","_[two]":"{{ n }} επισημάνσεις μηνυμάτων αφαιρέθηκαν","_[few]":"{{ n }} επισημάνσεις μηνυμάτων αφαιρέθηκαν","_[many]":"{{ n }} επισημάνσεις μηνυμάτων αφαιρέθηκαν","_[other]":"{{ n }} επισημάνσεις μηνυμάτων αφαιρέθηκαν"},"toaster-message-read":{"_":"{[ plural(n) ]}","_[one]":"1 μήνυμα επισημάνθηκε ως διαβασμένο","_[two]":"{{ n }} μηνύματα επισημάνθηκαν ως διαβασμένα","_[few]":"{{ n }} μηνύματα επισημάνθηκαν ως διαβασμένα","_[many]":"{{ n }} μηνύματα επισημάνθηκαν ως διαβασμένα","_[other]":"{{ n }} μηνύματα επισημάνθηκαν ως διαβασμένα"},"toaster-message-unread":{"_":"{[ plural(n) ]}","_[one]":"1 μήνυμα επισημάνθηκε ως μη διαβασμένο","_[two]":"{{ n }} μηνύματα επισημάνθηκαν ως μη διαβασμένα","_[few]":"{{ n }} μηνύματα επισημάνθηκαν ως μη διαβασμένα","_[many]":"{{ n }} μηνύματα επισημάνθηκαν ως μη διαβασμένα","_[other]":"{{ n }} μηνύματα επισημάνθηκαν ως μη διαβασμένα"},"toaster-message-move":{"_":"{[ plural(n) ]}","_[one]":"1 μήνυμα μετακινήθηκε","_[two]":"{{ n }} μηνύματα μετακινήθηκαν","_[few]":"{{ n }} μηνύματα μετακινήθηκαν","_[many]":"{{ n }} μηνύματα μετακινήθηκαν","_[other]":"{{ n }} μηνύματα μετακινήθηκαν"},"toaster-message-delete":{"_":"{[ plural(n) ]}","_[one]":"1 μήνυμα διαγράφηκε","_[two]":"{{ n }} μηνύματα διαγράφηκαν","_[few]":"{{ n }} μηνύματα διαγράφηκαν","_[many]":"{{ n }} μηνύματα διαγράφηκαν","_[other]":"{{ n }} μηνύματα διαγράφηκαν"},"toaster-retryable-syncfailed":{"_":"Δεν ήταν δυνατή η σύνδεση με τον διακομιστή"},"form-clear-input":{"_":"Αφαίρεση κειμένου"},"confirm-dialog-title":{"_":"Επιβεβαίωση"},"senders-separation-sign":{"_":", "},"new-emails":{"_":"{[ plural(n) ]}","_[one]":"1 Νέο Email","_[two]":"{{ n }} Νέα Email","_[few]":"{{ n }} Νέα Email","_[many]":"{{ n }} Νέα Email","_[other]":"{{ n }} Νέα Email"},"new-emails-notify-one-account":{"_":"{[ plural(n) ]}","_[one]":"1 Νέο Email","_[two]":"{{ n }} Νέα Email","_[few]":"{{ n }} Νέα Email","_[many]":"{{ n }} Νέα Email","_[other]":"{{ n }} Νέα Email"},"new-emails-notify-multiple-accounts":{"_":"{[ plural(n) ]}","_[one]":"1 Νέο Email ({{ accountName }})","_[two]":"{{ n }} Νέα Email ({{ accountName }})","_[few]":"{{ n }} Νέα Email ({{ accountName }})","_[many]":"{{ n }} Νέα Email ({{ accountName }})","_[other]":"{{ n }} Νέα Email ({{ accountName }})"},"new-emails-notify-multiple-accounts-body":{"_":"{{ from }} «{{ subject }}»"},"setup-info-header":{"_":"Τα στοιχεία σύνδεσής σας"},"default-attachment-name":{"_":"{[ plural(n) ]}","_[one]":"επισύναψη1","_[two]":"επισύναψη{{ n }}","_[few]":"επισύναψη{{ n }}","_[many]":"επισύναψη{{ n }}","_[other]":"επισύναψη{{ n }}"},"weekday-0-long":{"_":"Κυριακή"},"weekday-1-long":{"_":"Δευτέρα"},"weekday-2-long":{"_":"Τρίτη"},"weekday-3-long":{"_":"Τετάρτη"},"weekday-4-long":{"_":"Πέμπτη"},"weekday-5-long":{"_":"Παρασκευή"},"weekday-6-long":{"_":"Σάββατο"},"weekday-0-short":{"_":"Κυρ"},"weekday-1-short":{"_":"Δευ"},"weekday-2-short":{"_":"Τρι"},"weekday-3-short":{"_":"Τετ"},"weekday-4-short":{"_":"Πεμ"},"weekday-5-short":{"_":"Παρ"},"weekday-6-short":{"_":"Σαβ"},"month-0-long":{"_":"Ιανουάριος"},"month-1-long":{"_":"Φεβρουάριος"},"month-2-long":{"_":"Μάρτιος"},"month-3-long":{"_":"Απρίλιος"},"month-4-long":{"_":"Μάιος"},"month-5-long":{"_":"Ιούνιος"},"month-6-long":{"_":"Ιούλιος"},"month-7-long":{"_":"Αύγουστος"},"month-8-long":{"_":"Σεπτέμβριος"},"month-9-long":{"_":"Οκτώβριος"},"month-10-long":{"_":"Νοέμβριος"},"month-11-long":{"_":"Δεκέμβριος"},"month-0-genitive":{"_":"Ιανουαρίου"},"month-1-genitive":{"_":"Φεβρουαρίου"},"month-2-genitive":{"_":"Μαρτίου"},"month-3-genitive":{"_":"Απριλίου"},"month-4-genitive":{"_":"Μαΐου"},"month-5-genitive":{"_":"Ιουνίου"},"month-6-genitive":{"_":"Ιουλίου"},"month-7-genitive":{"_":"Αυγούστου"},"month-8-genitive":{"_":"Σεπτεμβρίου"},"month-9-genitive":{"_":"Οκτωβρίου"},"month-10-genitive":{"_":"Νοεμβρίου"},"month-11-genitive":{"_":"Δεκεμβρίου"},"month-0-short":{"_":"Ιαν"},"month-1-short":{"_":"Φεβ"},"month-2-short":{"_":"Μαρ"},"month-3-short":{"_":"Απρ"},"month-4-short":{"_":"Μάι"},"month-5-short":{"_":"Ιουν"},"month-6-short":{"_":"Ιουλ"},"month-7-short":{"_":"Αυγ"},"month-8-short":{"_":"Σεπ"},"month-9-short":{"_":"Οκτ"},"month-10-short":{"_":"Νοε"},"month-11-short":{"_":"Δεκ"},"minutes-ago-long":{"_":"{[ plural(value) ]}","_[zero]":"μόλις τώρα","_[one]":"πριν από ένα λεπτό","_[two]":"πριν από {{value}} λεπτά","_[few]":"πριν από {{value}} λεπτά","_[many]":"πριν από {{value}} λεπτά","_[other]":"πριν από {{value}} λεπτά"},"hours-ago-long":{"_":"{[ plural(value) ]}","_[zero]":"μόλις τώρα","_[one]":"πριν από μία ώρα","_[two]":"πριν από {{value}} ώρες","_[few]":"πριν από {{value}} ώρες","_[many]":"πριν από {{value}} ώρες","_[other]":"πριν από {{value}} ώρες"},"days-ago-long":{"_":"{[ plural(value) ]}","_[zero]":"σήμερα","_[one]":"χθες","_[two]":"πριν από {{value}} ημέρες","_[few]":"πριν από {{value}} ημέρες","_[many]":"πριν από {{value}} ημέρες","_[other]":"πριν από {{value}} ημέρες"},"weeks-ago-long":{"_":"{[ plural(value) ]}","_[zero]":"αυτή την εβδομάδα","_[one]":"την τελευταία εβδομάδα","_[two]":"πριν από {{value}} εβδομάδες","_[few]":"πριν από {{value}} εβδομάδες","_[many]":"πριν από {{value}} εβδομάδες","_[other]":"πριν από {{value}} εβδομάδες"},"months-ago-long":{"_":"{[ plural(value) ]}","_[zero]":"αυτό τον μήνα","_[one]":"τον τελευταίο μήνα","_[two]":"πριν από {{value}} μήνες","_[few]":"πριν από {{value}} μήνες","_[many]":"πριν από {{value}} μήνες","_[other]":"πριν από {{value}} μήνες"},"years-ago-long":{"_":"{[ plural(value) ]}","_[zero]":"αυτό το έτος","_[one]":"το περασμένο έτος","_[two]":"πριν από {{value}} χρόνια","_[few]":"πριν από {{value}} χρόνια","_[many]":"πριν από {{value}} χρόνια","_[other]":"πριν από {{value}} χρόνια"},"minutes-until-long":{"_":"{[ plural(value) ]}","_[zero]":"τώρα","_[one]":"σε ένα λεπτό","_[two]":"σε {{value}} λεπτά","_[few]":"σε {{value}} λεπτά","_[many]":"σε {{value}} λεπτά","_[other]":"σε {{value}} λεπτά"},"hours-until-long":{"_":"{[ plural(value) ]}","_[zero]":"τώρα","_[one]":"σε μία ώρα","_[two]":"σε {{value}} ώρες","_[few]":"σε {{value}} ώρες","_[many]":"σε {{value}} ώρες","_[other]":"σε {{value}} ώρες"},"days-until-long":{"_":"{[ plural(value) ]}","_[zero]":"σήμερα","_[one]":"αύριο","_[two]":"σε {{value}} ημέρες","_[few]":"σε {{value}} ημέρες","_[many]":"σε {{value}} ημέρες","_[other]":"σε {{value}} ημέρες"},"weeks-until-long":{"_":"{[ plural(value) ]}","_[zero]":"αυτή την εβδομάδα","_[one]":"την επόμενη εβδομάδα","_[two]":"σε {{value}} εβδομάδες","_[few]":"σε {{value}} εβδομάδες","_[many]":"σε {{value}} εβδομάδες","_[other]":"σε {{value}} εβδομάδες"},"months-until-long":{"_":"{[ plural(value) ]}","_[zero]":"αυτό τον μήνα","_[one]":"στον επόμενο μήνα","_[two]":"σε {{value}} μήνες","_[few]":"σε {{value}} μήνες","_[many]":"σε {{value}} μήνες","_[other]":"σε {{value}} μήνες"},"years-until-long":{"_":"{[ plural(value) ]}","_[zero]":"αυτό το έτος","_[one]":"επόμενο έτος","_[two]":"σε {{value}} έτη","_[few]":"σε {{value}} έτη","_[many]":"σε {{value}} έτη","_[other]":"σε {{value}} έτη"},"minutes-ago-short":{"_":"{[ plural(value) ]}","_[zero]":"τώρα","_[other]":"πριν {{value}}′"},"hours-ago-short":{"_":"{[ plural(value) ]}","_[zero]":"τώρα","_[other]":"πριν {{value}} ώρ."},"days-ago-short":{"_":"{[ plural(value) ]}","_[zero]":"σήμερα","_[other]":"πριν {{value}} ημ."},"minutes-until-short":{"_":"{[ plural(value) ]}","_[zero]":"τώρα","_[other]":"σε {{value}}′"},"hours-until-short":{"_":"{[ plural(value) ]}","_[zero]":"τώρα","_[other]":"σε {{value}} ώρ."},"days-until-short":{"_":"{[ plural(value) ]}","_[zero]":"σήμερα","_[other]":"σε {{value}} ημ."},"incorrectDate":{"_":"(λάθος ημερομηνία)"},"dateTimeFormat_%c":{"_":"%a, %e %Eb %Y, %H:%M:%S"},"dateTimeFormat_%x":{"_":"%d/%m/%Y"},"dateTimeFormat_%X":{"_":"%H:%M:%S"},"shortTimeFormat":{"_":"%H:%M"},"shortDateTimeFormat":{"_":"%x %H:%M"},"weekStartsOnMonday":{"_":"0"},"time_am":{"_":"AM"},"time_pm":{"_":"PM"}}