{"setup-app-name-header":{"_":"Mail"},"setup-empty-account-prompt":{"_":"You are not set up to send or receive email. Would you like to do that now?"},"setup-pick-service":{"_":"To send and receive email, you will need to set up an account."},"setup-account-header3":{"_":"New Account"},"setup-info-name":{"placeholder":"Your name"},"setup-info-email":{"placeholder":"someone@example.com"},"setup-info-password":{"placeholder":"Password"},"setup-info-next":{"_":"Next"},"setup-progress-wait-msg":{"_":"Setting up account"},"setup-completed-header":{"_":"Mail account setup"},"setup-completed-label":{"_":"All done!"},"setup-add-another-account":{"_":"Add another account"},"setup-show-mail":{"_":"Continue to Mail"},"setup-error-offline":{"_":"This device is currently offline. Connect to a network and try again."},"setup-error-bad-user-or-pass2":{"_":"Invalid username or password. Check for typos."},"setup-error-bad-address":{"_":"Invalid e-mail address. Check for typos."},"setup-error-not-authorized":{"_":"The server said you’re not authorized to create an account"},"setup-error-pop-server-not-great":{"_":"Server unsupported. The POP3 server does not implement required features."},"setup-error-unknown2":{"_":"An unknown error occurred. Check your network connection or try the manual configuration option."},"setup-error-needs-app-pass":{"_":"You must use an application specific password for two-factor Gmail accounts"},"setup-error-imap-disabled":{"_":"You must enable IMAP for your Gmail account"},"setup-error-pop3-disabled":{"_":"You must enable POP3 for your Gmail account"},"setup-error-bad-security":{"_":"Unable to establish a secure connection with \"{{server}}\". There may be a problem with your network or the server."},"setup-error-unresponsive-server":{"_":"Unable to establish a connection with \"{{server}}\". There may be a problem with the network."},"setup-error-server-problem":{"_":"There is a problem with the server \"{{server}}\". Try again later."},"setup-error-no-config-info":{"_":"Unable to automatically configure your account. Correct your e-mail address or try the manual configuration option."},"setup-error-server-maintenance":{"_":"The server \"{{server}}\" is offline for maintenance. Try again later."},"setup-error-account-already-exists":{"_":"This account is already configured."},"setup-manual-config2":{"_":"Manual setup"},"setup-manual-config-header":{"_":"Manual Setup"},"setup-manual-account-type":{"_":"Account type"},"setup-manual-imap-header":{"_":"IMAP settings"},"setup-manual-pop3-header":{"_":"POP3 settings"},"setup-manual-smtp-header":{"_":"SMTP settings"},"setup-manual-activesync-header":{"_":"ActiveSync settings"},"setup-manual-next":{"_":"Next"},"setup-manual-socket":{"_":"Socket Type"},"setup-manual-socket-ssl":{"_":"SSL"},"setup-manual-socket-starttls":{"_":"STARTTLS"},"setup-manual-hostname":{"placeholder":"Hostname"},"setup-manual-port":{"placeholder":"Port Number"},"setup-manual-username":{"placeholder":"Username"},"setup-bad-password-header":{"_":"Bad password!"},"setup-bad-password":{"_":"We could not sign in to the server. Maybe your password is wrong?"},"setup-new-password":{"placeholder":"New password"},"setup-fix-password":{"_":"Retry with new password"},"setup-gmail-twofactor-header":{"_":"Two-Factor Enabled"},"setup-gmail-twofactor-message":{"_":"You need to enter an application-specific password below."},"setup-gmail-twofactor-fix":{"_":"Use application password"},"setup-gmail-imap-header":{"_":"IMAP Disabled"},"setup-gmail-imap-message":{"_":"You must enable IMAP on your Gmail account"},"setup-gmail-imap-retry":{"_":"Retry"},"setup-gmail-pop3-header":{"_":"POP3 Disabled"},"setup-gmail-pop3-message":{"_":"You must enable POP3 on your Gmail account"},"setup-gmail-pop3-retry":{"_":"Retry"},"settings-main-header":{"_":"Mail Settings"},"settings-sub-header-account":{"_":"Account"},"settings-account-name":{"_":"Your name"},"settings-account-display-notifications":{"_":"Display notifications for new messages"},"settings-sub-header-data":{"_":"Data"},"settings-account-check-mail":{"_":"Check for new messages"},"settings-sub-header-server":{"_":"Server settings"},"settings-account-userpass":{"_":"Username and password"},"fld-account-picker-last-sync":{"_":"Last sync:"},"settings-done":{"_":"Done"},"settings-account-section":{"_":"Accounts"},"settings-account-add":{"_":"Add Account"},"settings-account-delete":{"_":"Delete account"},"settings-account-delete-prompt":{"_":"Are you sure you want to delete your {{account}} mail account? You will have to re-download your mail if you re-create the account."},"settings-account-delete-cancel":{"_":"Cancel"},"settings-account-delete-confirm":{"_":"Delete"},"settings-about-section":{"_":"About"},"settings-general-section":{"_":"General settings"},"settings-check-mail":{"_":"Check mail"},"settings-show-images":{"_":"Always show images"},"settings-download-attachments":{"_":"Download attachments"},"settings-notify-mail":{"_":"Notify of new mail"},"settings-check-every-3min":{"_":"Every 3 minutes"},"settings-check-every-5min":{"_":"Every 5 minutes"},"settings-check-every-10min":{"_":"Every 10 minutes"},"settings-check-every-15min":{"_":"Every 15 minutes"},"settings-check-every-30min":{"_":"Every 30 minutes"},"settings-check-every-60min":{"_":"Every hour"},"settings-check-every-manual":{"_":"Manually"},"settings-check-dynamic":{"_":"{[ plural(n) ]}","_[zero]":"seconds","_[one]":"{{ n }} seconds","_[two]":"{{ n }} seconds","_[few]":"{{ n }} seconds","_[many]":"{{ n }} seconds","_[other]":"{{ n }} seconds"},"settings-default-account":{"_":"Set as default email"},"settings-account-type":{"_":"Account type"},"settings-account-credentials":{"_":"Credentials"},"settings-activesync-label":{"_":"ActiveSync settings"},"settings-imap-label":{"_":"IMAP settings"},"settings-pop3-label":{"_":"POP3 settings"},"settings-smtp-label":{"_":"SMTP settings"},"settings-hostname":{"_":"Hostname"},"settings-port":{"_":"Port"},"settings-username":{"_":"Username"},"settings-password":{"_":"Password"},"settings-save":{"_":"Save"},"settings-password-empty":{"_":"Password field should not be empty"},"settings-account-synchronize-window":{"_":"Days to sync"},"settings-synchronize-auto":{"_":"Automatic"},"settings-synchronize-one-day":{"_":"1 day"},"settings-synchronize-three-days":{"_":"3 days"},"settings-synchronize-one-week":{"_":"1 week"},"settings-synchronize-two-weeks":{"_":"2 weeks"},"settings-synchronize-one-month":{"_":"1 month"},"settings-synchronize-all":{"_":"All messages"},"accounts-header":{"_":"Accounts"},"accounts-button":{"_":"Accounts"},"envelope-from":{"_":"From"},"envelope-to":{"_":"To"},"envelope-cc":{"_":"Cc"},"envelope-bcc":{"_":"Bcc"},"reader-header":{"_":"Read"},"compose-header":{"_":"Compose message"},"compose-header-short":{"_":"Compose"},"compose-send":{"_":"Send"},"compose-to":{"_":"To"},"compose-cc":{"_":"cc"},"compose-bcc":{"_":"bcc"},"compose-attachments":{"_":"{[ plural(n) ]}","_[zero]":"Attachments","_[one]":"{{ n }} attachment","_[two]":"{{ n }} attachments","_[few]":"{{ n }} attachments","_[many]":"{{ n }} attachments","_[other]":"{{ n }} attachments"},"compose-subject":{"_":"Subject"},"compose-draft-save":{"_":"Save to Local Drafts"},"compose-discard-message":{"_":"Discard email?"},"compose-discard-confirm":{"_":"Discard"},"compose-sending-message":{"_":"Sending email"},"compose-send-message-failed":{"_":"Sending email failed"},"composer-attachment-large":{"_":"Attachment too large"},"composer-attachments-large":{"_":"Attachments too large"},"compose-attchment-size-exceeded":{"_":"The selected attachment is too large to send with this message."},"compose-attchments-size-exceeded":{"_":"The selected attachments are too large to send with this message. Try selecting fewer files."},"dialog-button-ok":{"_":"OK"},"default-attachment-filename":{"_":"attachment{{ n }}"},"attachment-size-kib":{"_":"{{kilobytes}}K"},"message-attachment-view":{"textContent":"View"},"message-no-subject":{"_":"(no subject)"},"message-edit-menu-star":{"_":"Star"},"message-edit-menu-unstar":{"_":"Unstar"},"message-edit-menu-mark-read":{"_":"Mark as read"},"message-edit-menu-mark-unread":{"_":"Mark as unread"},"message-edit-menu-move":{"_":"Move"},"message-edit-menu-delete":{"_":"Delete"},"message-edit-delete-confirm":{"_":"Delete email message?"},"message-send-attachment-disabled-confirm":{"_":"Attachments can not be forwarded."},"message-multiedit-header":{"_":"{[ plural(n) ]}","_[zero]":"Edit","_[one]":"{{ n }} selected","_[two]":"{{ n }} selected","_[few]":"{{ n }} selected","_[many]":"{{ n }} selected","_[other]":"{{ n }} selected"},"browse-to-url-prompt":{"_":"Browse to URL?: {{ url }}"},"message-download-images":{"_":"{[ plural(n) ]}","_[one]":"This email contains one image. Click to download.","_[two]":"This email contains {{ n }} images. Click to download.","_[few]":"This email contains {{ n }} images. Click to download.","_[many]":"This email contains {{ n }} images. Click to download.","_[other]":"This email contains {{ n }} images. Click to download."},"message-show-external-images":{"_":"Show external images"},"message-multiedit-cancel":{"_":"Cancel"},"message-multiedit-delete-confirm":{"_":"{[ plural(n) ]}","_[one]":"Delete this email message?","_[two]":"Delete {{ n }} email messages?","_[few]":"Delete {{ n }} email messages?","_[many]":"Delete {{ n }} email messages?","_[other]":"Delete {{ n }} email messages?"},"message-large-message-cancel":{"_":"Cancel"},"message-large-message-ok":{"_":"Continue"},"message-large-message-confirm":{"_":"This message is large and may take some time to download."},"message-search-from":{"_":"From"},"message-search-to":{"_":"To"},"message-search-subject":{"_":"Subject"},"message-search-body":{"_":"Body"},"message-search-all":{"_":"All"},"message-search-input":{"placeholder":"Search Mail"},"message-search-cancel-accessible":{"_":"Cancel search"},"messages-syncing":{"_":"Loading Messages"},"messages-sync-more":{"_":"Load more messages from server"},"messages-folder-empty":{"_":"No mail in this Folder"},"messages-search-empty":{"_":"No matches in locally cached messages"},"messages-folder-select":{"_":"Select folder"},"message-contact-menu-create":{"_":"Save new contact"},"message-contact-menu-add-existing":{"_":"Add to existing contact"},"message-contact-menu-view":{"_":"View contact"},"message-contact-menu-reply":{"_":"Reply"},"message-contact-menu-new":{"_":"Send new mail"},"message-reply-menu-reply":{"_":"Reply"},"message-reply-menu-reply-all":{"_":"Reply All"},"message-reply-menu-forward":{"_":"Forward"},"message-reply-menu-cancel":{"_":"Cancel"},"folder-list-header":{"_":"Folders"},"account-last-synced-label":{"_":"Last sync:"},"account-never-synced":{"_":"Never"},"reply-quoting-wrote":{"_":"{name} wrote"},"forward-original-message":{"_":"Original message"},"forward-header-subject":{"_":"Subject"},"forward-header-date":{"_":"Date"},"forward-header-from":{"_":"From"},"forward-header-reply-to":{"_":"Reply-To"},"forward-header-to":{"_":"To"},"forward-header-cc":{"_":"Cc"},"folder-inbox":{"_":"Inbox"},"folder-sent":{"_":"Sent"},"folder-drafts":{"_":"Drafts"},"folder-trash":{"_":"Trash"},"folder-queue":{"_":"Unsent"},"folder-junk":{"_":"Junk"},"folder-archives":{"_":"Archives"},"folder-localdrafts":{"_":"Local Drafts"},"toaster-undo":{"_":"Undo"},"toaster-retry":{"_":"Retry"},"toaster-message-star":{"_":"{[ plural(n) ]}","_[one]":"1 message flag set","_[two]":"{{ n }} messages flag set","_[few]":"{{ n }} messages flag set","_[many]":"{{ n }} messages flag set","_[other]":"{{ n }} messages flag set"},"toaster-message-unstar":{"_":"{[ plural(n) ]}","_[one]":"1 message flag removed","_[two]":"{{ n }} messages flag removed","_[few]":"{{ n }} messages flag removed","_[many]":"{{ n }} messages flag removed","_[other]":"{{ n }} messages flag removed"},"toaster-message-read":{"_":"{[ plural(n) ]}","_[one]":"1 message marked as read","_[two]":"{{ n }} messages marked as read","_[few]":"{{ n }} messages marked as read","_[many]":"{{ n }} messages marked as read","_[other]":"{{ n }} messages marked as read"},"toaster-message-unread":{"_":"{[ plural(n) ]}","_[one]":"1 message marked as unread","_[two]":"{{ n }} messages marked as unread","_[few]":"{{ n }} messages marked as unread","_[many]":"{{ n }} messages marked as unread","_[other]":"{{ n }} messages marked as unread"},"toaster-message-move":{"_":"{[ plural(n) ]}","_[one]":"1 message moved","_[two]":"{{ n }} messages moved","_[few]":"{{ n }} messages moved","_[many]":"{{ n }} messages moved","_[other]":"{{ n }} messages moved"},"toaster-message-delete":{"_":"{[ plural(n) ]}","_[one]":"1 message deleted","_[two]":"{{ n }} messages deleted","_[few]":"{{ n }} messages deleted","_[many]":"{{ n }} messages deleted","_[other]":"{{ n }} messages deleted"},"toaster-retryable-syncfailed":{"_":"Unable to connect to server"},"form-clear-input":{"_":"Remove text"},"confirm-dialog-title":{"_":"Confirmation"},"senders-separation-sign":{"_":", "},"new-emails":{"_":"{[ plural(n) ]}","_[one]":"1 New Email","_[two]":"{{ n }} New Emails","_[few]":"{{ n }} New Emails","_[many]":"{{ n }} New Emails","_[other]":"{{ n }} New Emails"},"new-emails-notify-one-account":{"_":"{[ plural(n) ]}","_[one]":"1 New Email","_[two]":"{{ n }} New Emails","_[few]":"{{ n }} New Emails","_[many]":"{{ n }} New Emails","_[other]":"{{ n }} New Emails"},"new-emails-notify-multiple-accounts":{"_":"{[ plural(n) ]}","_[one]":"1 New Email ({{ accountName }})","_[two]":"{{ n }} New Emails ({{ accountName }})","_[few]":"{{ n }} New Emails ({{ accountName }})","_[many]":"{{ n }} New Emails ({{ accountName }})","_[other]":"{{ n }} New Emails ({{ accountName }})"},"new-emails-notify-multiple-accounts-body":{"_":"{{ from }} “{{ subject }}”"},"weekday-0-long":{"_":"Sunday"},"weekday-1-long":{"_":"Monday"},"weekday-2-long":{"_":"Tuesday"},"weekday-3-long":{"_":"Wednesday"},"weekday-4-long":{"_":"Thursday"},"weekday-5-long":{"_":"Friday"},"weekday-6-long":{"_":"Saturday"},"weekday-0-short":{"_":"Sun"},"weekday-1-short":{"_":"Mon"},"weekday-2-short":{"_":"Tue"},"weekday-3-short":{"_":"Wed"},"weekday-4-short":{"_":"Thu"},"weekday-5-short":{"_":"Fri"},"weekday-6-short":{"_":"Sat"},"month-0-long":{"_":"January"},"month-1-long":{"_":"February"},"month-2-long":{"_":"March"},"month-3-long":{"_":"April"},"month-4-long":{"_":"May"},"month-5-long":{"_":"June"},"month-6-long":{"_":"July"},"month-7-long":{"_":"August"},"month-8-long":{"_":"September"},"month-9-long":{"_":"October"},"month-10-long":{"_":"November"},"month-11-long":{"_":"December"},"month-0-genitive":{"_":"January"},"month-1-genitive":{"_":"February"},"month-2-genitive":{"_":"March"},"month-3-genitive":{"_":"April"},"month-4-genitive":{"_":"May"},"month-5-genitive":{"_":"June"},"month-6-genitive":{"_":"July"},"month-7-genitive":{"_":"August"},"month-8-genitive":{"_":"September"},"month-9-genitive":{"_":"October"},"month-10-genitive":{"_":"November"},"month-11-genitive":{"_":"December"},"month-0-short":{"_":"Jan"},"month-1-short":{"_":"Feb"},"month-2-short":{"_":"Mar"},"month-3-short":{"_":"Apr"},"month-4-short":{"_":"May"},"month-5-short":{"_":"Jun"},"month-6-short":{"_":"Jul"},"month-7-short":{"_":"Aug"},"month-8-short":{"_":"Sep"},"month-9-short":{"_":"Oct"},"month-10-short":{"_":"Nov"},"month-11-short":{"_":"Dec"},"minutes-ago-long":{"_":"{[ plural(value) ]}","_[zero]":"just now","_[one]":"a minute ago","_[two]":"{{value}} minutes ago","_[few]":"{{value}} minutes ago","_[many]":"{{value}} minutes ago","_[other]":"{{value}} minutes ago"},"hours-ago-long":{"_":"{[ plural(value) ]}","_[zero]":"just now","_[one]":"an hour ago","_[two]":"{{value}} hours ago","_[few]":"{{value}} hours ago","_[many]":"{{value}} hours ago","_[other]":"{{value}} hours ago"},"days-ago-long":{"_":"{[ plural(value) ]}","_[zero]":"today","_[one]":"yesterday","_[two]":"{{value}} days ago","_[few]":"{{value}} days ago","_[many]":"{{value}} days ago","_[other]":"{{value}} days ago"},"weeks-ago-long":{"_":"{[ plural(value) ]}","_[zero]":"this week","_[one]":"last week","_[two]":"{{value}} weeks ago","_[few]":"{{value}} weeks ago","_[many]":"{{value}} weeks ago","_[other]":"{{value}} weeks ago"},"months-ago-long":{"_":"{[ plural(value) ]}","_[zero]":"this month","_[one]":"last month","_[two]":"{{value}} months ago","_[few]":"{{value}} months ago","_[many]":"{{value}} months ago","_[other]":"{{value}} months ago"},"years-ago-long":{"_":"{[ plural(value) ]}","_[zero]":"this year","_[one]":"last year","_[two]":"{{value}} years ago","_[few]":"{{value}} years ago","_[many]":"{{value}} years ago","_[other]":"{{value}} years ago"},"minutes-until-long":{"_":"{[ plural(value) ]}","_[zero]":"now","_[one]":"in a minute","_[two]":"in {{value}} minutes","_[few]":"in {{value}} minutes","_[many]":"in {{value}} minutes","_[other]":"in {{value}} minutes"},"hours-until-long":{"_":"{[ plural(value) ]}","_[zero]":"now","_[one]":"in an hour","_[two]":"in {{value}} hours","_[few]":"in {{value}} hours","_[many]":"in {{value}} hours","_[other]":"in {{value}} hours"},"days-until-long":{"_":"{[ plural(value) ]}","_[zero]":"today","_[one]":"tomorrow","_[two]":"in {{value}} days","_[few]":"in {{value}} days","_[many]":"in {{value}} days","_[other]":"in {{value}} days"},"weeks-until-long":{"_":"{[ plural(value) ]}","_[zero]":"this week","_[one]":"next week","_[two]":"in {{value}} weeks","_[few]":"in {{value}} weeks","_[many]":"in {{value}} weeks","_[other]":"in {{value}} weeks"},"months-until-long":{"_":"{[ plural(value) ]}","_[zero]":"this month","_[one]":"next month","_[two]":"in {{value}} months","_[few]":"in {{value}} months","_[many]":"in {{value}} months","_[other]":"in {{value}} months"},"years-until-long":{"_":"{[ plural(value) ]}","_[zero]":"this year","_[one]":"next year","_[two]":"in {{value}} years","_[few]":"in {{value}} years","_[many]":"in {{value}} years","_[other]":"in {{value}} years"},"minutes-ago-short":{"_":"{[ plural(value) ]}","_[zero]":"just now","_[other]":"{{value}}m ago"},"hours-ago-short":{"_":"{[ plural(value) ]}","_[zero]":"just now","_[other]":"{{value}}h ago"},"days-ago-short":{"_":"{[ plural(value) ]}","_[zero]":"today","_[other]":"{{value}}d ago"},"minutes-until-short":{"_":"{[ plural(value) ]}","_[zero]":"now","_[other]":"in {{value}}m"},"hours-until-short":{"_":"{[ plural(value) ]}","_[zero]":"now","_[other]":"in {{value}}h"},"days-until-short":{"_":"{[ plural(value) ]}","_[zero]":"today","_[other]":"in {{value}}d"},"incorrectDate":{"_":"(incorrect date)"},"dateTimeFormat_%c":{"_":"%a %b %e %Y %I:%M:%S %p"},"dateTimeFormat_%x":{"_":"%m/%d/%Y"},"dateTimeFormat_%X":{"_":"%I:%M:%S %p"},"shortTimeFormat":{"_":"%I:%M %p"},"shortDateTimeFormat":{"_":"%x %I:%M %p"},"weekStartsOnMonday":{"_":"0"},"time_am":{"_":"AM"},"time_pm":{"_":"PM"}}