{"setup-app-name-header":{"_":"Correo"},"setup-empty-account-prompt":{"_":"Su configuración no permite enviar ni recibir correo. ¿Desea cambiarla ahora?"},"setup-pick-service":{"_":"Para enviar y recibir correo, necesitará configurar una cuenta."},"setup-account-header3":{"_":"Nueva cuenta"},"setup-info-name":{"placeholder":"Su nombre"},"setup-info-email":{"placeholder":"alguien@ejemplo.com"},"setup-info-password":{"placeholder":"Contraseña"},"setup-info-next":{"_":"Siguiente"},"setup-progress-wait-msg":{"_":"Configurando cuenta"},"setup-completed-header":{"_":"Config. de cuenta"},"setup-completed-label":{"_":"¡Todo listo!"},"setup-add-another-account":{"_":"Agregar otra cuenta"},"setup-show-mail":{"_":"Continuar con el correo"},"setup-error-offline":{"_":"El dispositivo está desconectado. Conéctese y pruebe de nuevo."},"setup-error-bad-user-or-pass2":{"_":"Usuario o contraseña no válido. Compruébelos."},"setup-error-bad-address":{"_":"Dirección de correo no válida. Compruébela."},"setup-error-not-authorized":{"_":"El servidor dice que no está autorizado para crear una cuenta"},"setup-error-pop-server-not-great":{"_":"Servidor no admitido. El servidor POP3 no implementa las funcionalidades requeridas."},"setup-error-unknown2":{"_":"Se produjo un error desconocido. Compruebe su conexión de red o pruebe con la configuración manual."},"setup-error-needs-app-pass":{"_":"Debe usar una contraseña específica de la aplicación para habilitar la doble identificación en las cuentas Gmail"},"setup-error-imap-disabled":{"_":"Debe activar IMAP en su cuenta Gmail"},"setup-error-pop3-disabled":{"_":"Debe activar POP3 en su cuenta Gmail"},"setup-error-bad-security":{"_":"No se pudo establecer una conexión segura con \"{{server}}\".  Habrá un problema con su red o con el servidor."},"setup-error-unresponsive-server":{"_":"No se pudo establecer una conexión con \"{{server}}\".  Habrá un problema con la red."},"setup-error-server-problem":{"_":"Hay un problema con \"{{server}}\". Pruebe de nuevo pasados unos minutos."},"setup-error-no-config-info":{"_":"No se pudo configurar automáticamente su cuenta. Corrija su dirección de correo o pruebe con la configuración manual."},"setup-error-server-maintenance":{"_":"\"{{server}}\" no tiene conexión debido a tareas de mantenimiento. Pruebe de nuevo pasados unos minutos."},"setup-error-account-already-exists":{"_":"Esta cuenta ya está configurada."},"setup-manual-config2":{"_":"Conf. manual"},"setup-manual-config-header":{"_":"Conf. manual"},"setup-manual-account-type":{"_":"Tipo de cuenta"},"setup-manual-imap-header":{"_":"Ajustes IMAP"},"setup-manual-pop3-header":{"_":"Ajustes POP3"},"setup-manual-smtp-header":{"_":"Ajustes SMTP"},"setup-manual-activesync-header":{"_":"Ajustes ActiveSync"},"setup-manual-next":{"_":"Siguiente"},"setup-manual-socket":{"_":"Tipo de socket"},"setup-manual-socket-ssl":{"_":"SSL"},"setup-manual-socket-starttls":{"_":"STARTTLS"},"setup-manual-hostname":{"placeholder":"Nombre de host"},"setup-manual-port":{"placeholder":"Número de puerto"},"setup-manual-username":{"placeholder":"Usuario/a"},"setup-bad-password-header":{"_":"¡Contraseña incorrecta!"},"setup-bad-password":{"_":"No pudimos identificarle en el servidor. ¿Tal vez esté mal su contraseña?"},"setup-new-password":{"placeholder":"Nueva contraseña"},"setup-fix-password":{"_":"Pruebe con una contraseña nueva"},"setup-gmail-twofactor-header":{"_":"Doble identificación activada"},"setup-gmail-twofactor-message":{"_":"Tiene que escribir debajo una contraseña específica de la aplicación."},"setup-gmail-twofactor-fix":{"_":"Usar contraseña de aplicaciones"},"setup-gmail-imap-header":{"_":"IMAP activado"},"setup-gmail-imap-message":{"_":"Debe activar IMAP en su cuenta de Gmail"},"setup-gmail-imap-retry":{"_":"Intentar de nuevo"},"setup-gmail-pop3-header":{"_":"POP3 desactivado"},"setup-gmail-pop3-message":{"_":"Debe activar POP3 en su cuenta Gmail"},"setup-gmail-pop3-retry":{"_":"Reintentar"},"settings-main-header":{"_":"Ajustes correo"},"settings-sub-header-account":{"_":"Cuenta"},"settings-account-name":{"_":"Su nombre"},"settings-account-display-notifications":{"_":"Mostrar notificaciones de nuevos mensajes"},"settings-sub-header-data":{"_":"Datos"},"settings-account-check-mail":{"_":"Comprobar si hay nuevos mensajes"},"settings-sub-header-server":{"_":"Ajustes del servidor"},"settings-account-userpass":{"_":"Nombre de usuario y contraseña"},"fld-account-picker-last-sync":{"_":"Últ. sincr:"},"settings-done":{"_":"Hecho"},"settings-account-section":{"_":"Cuentas"},"settings-account-add":{"_":"Agregar cuenta"},"settings-account-delete":{"_":"Borrar cuenta"},"settings-account-delete-prompt":{"_":"¿Seguro que desea borrar la cuenta de correo {{account}}? Si vuelve a crearla, tendrá que descargar todo su correo de nuevo."},"settings-account-delete-cancel":{"_":"Cancelar"},"settings-account-delete-confirm":{"_":"Borrar"},"settings-about-section":{"_":"Acerca de"},"settings-general-section":{"_":"Ajustes generales"},"settings-check-mail":{"_":"Comprobar correo"},"settings-show-images":{"_":"Mostrar imágenes siempre"},"settings-download-attachments":{"_":"Descargar adjuntos"},"settings-notify-mail":{"_":"Notificar correo nuevo"},"settings-check-every-3min":{"_":"Cada 3 minutos"},"settings-check-every-5min":{"_":"Cada 5 minutos"},"settings-check-every-10min":{"_":"Cada 10 minutos"},"settings-check-every-15min":{"_":"Cada 15 minutos"},"settings-check-every-30min":{"_":"Cada 30 minutos"},"settings-check-every-60min":{"_":"Cada hora"},"settings-check-every-manual":{"_":"Manualmente"},"settings-check-dynamic":{"_":"{[plural(n) ]}","_[zero]":"segundos","_[one]":"{{ n }} segundo","_[two]":"{{ n }} segundos","_[few]":"{{ n }} segundos","_[many]":"{{ n }} segundos","_[other]":"{{ n }} segundos"},"settings-default-account":{"_":"Establecer como predeterminado"},"settings-account-type":{"_":"Tipo de cuenta"},"settings-account-credentials":{"_":"Credenciales"},"settings-activesync-label":{"_":"Ajustes ActiveSync"},"settings-imap-label":{"_":"Ajustes IMAP"},"settings-pop3-label":{"_":"Ajustes POP3"},"settings-smtp-label":{"_":"Ajustes SMTP"},"settings-hostname":{"_":"Nombre de host"},"settings-port":{"_":"Puerto"},"settings-username":{"_":"Usuario/a"},"settings-password":{"_":"Contraseña"},"settings-save":{"_":"Guardar"},"settings-password-empty":{"_":"¡El campo Contraseña no puede estar vacío!"},"settings-account-synchronize-window":{"_":"Días para sincronizar"},"settings-synchronize-auto":{"_":"Automático"},"settings-synchronize-one-day":{"_":"1 día"},"settings-synchronize-three-days":{"_":"3 días"},"settings-synchronize-one-week":{"_":"1 semana"},"settings-synchronize-two-weeks":{"_":"2 semanas"},"settings-synchronize-one-month":{"_":"1 mes"},"settings-synchronize-all":{"_":"Todos"},"accounts-header":{"_":"Cuentas"},"accounts-button":{"_":"Cuentas"},"envelope-from":{"_":"De"},"envelope-to":{"_":"Para"},"envelope-cc":{"_":"Cc"},"envelope-bcc":{"_":"Cco"},"reader-header":{"_":"Leídos"},"compose-header":{"_":"Redactar mensaje"},"compose-header-short":{"_":"Redactar"},"compose-send":{"_":"Enviar"},"compose-to":{"_":"Para"},"compose-cc":{"_":"Cc"},"compose-bcc":{"_":"Cco"},"compose-attachments":{"_":"{[ plural(n) ]}","_[zero]":"Adjuntos","_[one]":"{{ n }} adjunto","_[two]":"{{ n }} adjuntos","_[few]":"{{ n }} adjuntos","_[many]":"{{ n }} adjuntos","_[other]":"{{ n }} adjuntos"},"compose-subject":{"_":"Asunto"},"compose-draft-save":{"_":"Guardar en borradores locales"},"compose-discard-message":{"_":"¿Descartar correo?"},"compose-discard-confirm":{"_":"Descartar"},"compose-sending-message":{"_":"Enviando correo"},"compose-send-message-failed":{"_":"Error al enviar correo"},"composer-attachment-large":{"_":"Adjunto demasiado grande"},"composer-attachments-large":{"_":"Adjuntos demasiado grandes"},"compose-attchment-size-exceeded":{"_":"El adjunto seleccionado es demasiado grande para enviarlo con este mensaje."},"compose-attchments-size-exceeded":{"_":"Los adjuntos seleccionados son demasiado grandes para enviarlos con este mensaje. Pruebe con menos archivos."},"dialog-button-ok":{"_":"Aceptar"},"default-attachment-filename":{"_":"adjunto{{ n }}"},"attachment-size-kib":{"_":"{{kilobytes}} K"},"message-attachment-view":{"textContent":"Ver"},"message-no-subject":{"_":"(sin asunto)"},"message-edit-menu-star":{"_":"Marcar estrella"},"message-edit-menu-unstar":{"_":"Desmarcar estrella"},"message-edit-menu-mark-read":{"_":"Marcar como leído"},"message-edit-menu-mark-unread":{"_":"Marcar como no leído"},"message-edit-menu-move":{"_":"Mover"},"message-edit-menu-delete":{"_":"Borrar"},"message-edit-delete-confirm":{"_":"¿Desea borrar el mensaje de correo?"},"message-send-attachment-disabled-confirm":{"_":"Los adjuntos no pueden reenviarse."},"message-multiedit-header":{"_":"{[ plural(n) ]}","_[zero]":"Editar","_[one]":"{{ n }} seleccionado","_[two]":"{{ n }} seleccionados","_[few]":"{{ n }} seleccionados","_[many]":"{{ n }} seleccionados","_[other]":"{{ n }} seleccionados"},"browse-to-url-prompt":{"_":"¿Ir a la URL?: {{ url }}"},"message-download-images":{"_":"{[ plural(n) ]}","_[one]":"Este correo contiene una imagen. Pulse para descargar.","_[two]":"Este correo contiene {{ n }} imágenes. Pulse para descargar.","_[few]":"Este correo contiene {{ n }} imágenes. Pulse para descargar.","_[many]":"Este correo contiene {{ n }} imágenes. Pulse para descargar.","_[other]":"Este correo contiene {{ n }} imágenes. Pulse para descargar."},"message-show-external-images":{"_":"Mostrar imágenes externas"},"message-multiedit-cancel":{"_":"Cancelar"},"message-multiedit-delete-confirm":{"_":"{[ plural(n) ]}","_[one]":"¿Desea borrar este mensaje de correo?","_[two]":"¿Desea borrar {{ n }} mensajes de correo?","_[few]":"¿Desea borrar {{ n }} mensajes de correo?","_[many]":"¿Desea borrar {{ n }} mensajes de correo?","_[other]":"¿Desea borrar {{ n }} mensajes de correo?"},"message-large-message-cancel":{"_":"Cancelar"},"message-large-message-ok":{"_":"Continuar"},"message-large-message-confirm":{"_":"Debido a la extensión del mensaje, puede tardar un poco en descargarse."},"message-search-from":{"_":"De"},"message-search-to":{"_":"Para"},"message-search-subject":{"_":"Asunto"},"message-search-body":{"_":"Cuerpo"},"message-search-all":{"_":"Todos"},"message-search-input":{"placeholder":"Buscar en correo"},"message-search-cancel-accessible":{"_":"Cancelar búsqueda"},"messages-syncing":{"_":"Cargando mensajes"},"messages-sync-more":{"_":"Cargar más mensajes"},"messages-folder-empty":{"_":"Carpeta vacía"},"messages-search-empty":{"_":"No hay coincidencias en los mensajes locales en caché"},"messages-folder-select":{"_":"Seleccionar carpeta"},"message-contact-menu-create":{"_":"Guardar nuevo contacto"},"message-contact-menu-add-existing":{"_":"Agregar a contacto existente"},"message-contact-menu-view":{"_":"Ver contacto"},"message-contact-menu-reply":{"_":"Responder"},"message-contact-menu-new":{"_":"Enviar nuevo correo"},"message-reply-menu-reply":{"_":"Responder"},"message-reply-menu-reply-all":{"_":"Responder a todos"},"message-reply-menu-forward":{"_":"Reenviar"},"message-reply-menu-cancel":{"_":"Cancelar"},"folder-list-header":{"_":"Carpetas"},"account-last-synced-label":{"_":"Últ. sincr:"},"account-never-synced":{"_":"Nunca"},"reply-quoting-wrote":{"_":"{name} escribió"},"forward-original-message":{"_":"Mensaje original"},"forward-header-subject":{"_":"Asunto"},"forward-header-date":{"_":"Fecha"},"forward-header-from":{"_":"De"},"forward-header-reply-to":{"_":"Responder a"},"forward-header-to":{"_":"Para"},"forward-header-cc":{"_":"Cc"},"folder-inbox":{"_":"Bandeja de entrada"},"folder-sent":{"_":"Enviados"},"folder-drafts":{"_":"Borradores"},"folder-trash":{"_":"Papelera"},"folder-queue":{"_":"Sin enviar"},"folder-junk":{"_":"Basura"},"folder-archives":{"_":"Archivos"},"folder-localdrafts":{"_":"Borradores locales"},"toaster-undo":{"_":"Deshacer"},"toaster-retry":{"_":"Intentar de nuevo"},"toaster-message-star":{"_":"{[ plural(n) ]}","_[one]":"Establecido indicador de 1 mensaje","_[two]":"Establecido indicador de {{ n }} mensajes","_[few]":"Establecido indicador de {{ n }} mensajes","_[many]":"Establecido indicador de {{ n }} mensajes","_[other]":"Establecido indicador de {{ n }} mensajes"},"toaster-message-unstar":{"_":"{[ plural(n) ]}","_[one]":"Eliminado indicador de 1 mensaje","_[two]":"Eliminado indicador de {{ n }} mensajes","_[few]":"Eliminado indicador de {{ n }} mensajes","_[many]":"Eliminado indicador de {{ n }} mensajes","_[other]":"Eliminado indicador de {{ n }} mensajes"},"toaster-message-read":{"_":"{[ plural(n) ]}","_[one]":"1 mensaje marcado como leído","_[two]":"{{ n }} mensajes marcados como leídos","_[few]":"{{ n }} mensajes marcados como leídos","_[many]":"{{ n }} mensajes marcados como leídos","_[other]":"{{ n }} mensajes marcados como leídos"},"toaster-message-unread":{"_":"{[ plural(n) ]}","_[one]":"1 mensaje marcado como no leído","_[two]":"{{ n }} mensajes marcados como no leídos","_[few]":"{{ n }} mensajes marcados como no leídos","_[many]":"{{ n }} mensajes marcados como no leídos","_[other]":"{{ n }} mensajes marcados como no leídos"},"toaster-message-move":{"_":"{[ plural(n) ]}","_[one]":"1 mensaje movido","_[two]":"{{ n }} mensajes movidos","_[few]":"{{ n }} mensajes movidos","_[many]":"{{ n }} mensajes movidos","_[other]":"{{ n }} mensajes movidos"},"toaster-message-delete":{"_":"{[ plural(n) ]}","_[one]":"1 mensaje borrado","_[two]":"{{ n }} mensajes borrados","_[few]":"{{ n }} mensajes borrados","_[many]":"{{ n }} mensajes borrados","_[other]":"{{ n }} mensajes borrados"},"toaster-retryable-syncfailed":{"_":"No se pudo conectar con el servidor"},"form-clear-input":{"_":"Eliminar texto"},"confirm-dialog-title":{"_":"Confirmación"},"senders-separation-sign":{"_":","},"new-emails":{"_":"{[plural(n) ]}","_[one]":"1 correo nuevo","_[two]":"{{ n }} correos nuevos","_[few]":"{{ n }} correos nuevos","_[many]":"{{ n }} correos nuevos","_[other]":"{{ n }} correos nuevos"},"new-emails-notify-one-account":{"_":"{[plural(n) ]}","_[one]":"1 correo nuevo","_[two]":"{{ n }} correos nuevos","_[few]":"{{ n }} correos nuevos","_[many]":"{{ n }} correos nuevos","_[other]":"{{ n }} correos nuevos"},"new-emails-notify-multiple-accounts":{"_":"{[plural(n) ]}","_[one]":"1 correo nuevo ({{ accountName }})","_[two]":"{{ n }} correos nuevos ({{ accountName }})","_[few]":"{{ n }} correos nuevos ({{ accountName }})","_[many]":"{{ n }} correos nuevos ({{ accountName }})","_[other]":"{{ n }} correos nuevos ({{ accountName }})"},"new-emails-notify-multiple-accounts-body":{"_":"{{ from }} “{{ subject }}”"},"weekday-0-long":{"_":"domingo"},"weekday-1-long":{"_":"lunes"},"weekday-2-long":{"_":"martes"},"weekday-3-long":{"_":"miércoles"},"weekday-4-long":{"_":"jueves"},"weekday-5-long":{"_":"viernes"},"weekday-6-long":{"_":"sábado"},"weekday-0-short":{"_":"do."},"weekday-1-short":{"_":"lu."},"weekday-2-short":{"_":"ma."},"weekday-3-short":{"_":"mi."},"weekday-4-short":{"_":"ju."},"weekday-5-short":{"_":"vi."},"weekday-6-short":{"_":"sá."},"month-0-long":{"_":"enero"},"month-1-long":{"_":"febrero"},"month-2-long":{"_":"marzo"},"month-3-long":{"_":"abril"},"month-4-long":{"_":"mayo"},"month-5-long":{"_":"junio"},"month-6-long":{"_":"julio"},"month-7-long":{"_":"agosto"},"month-8-long":{"_":"septiembre"},"month-9-long":{"_":"octubre"},"month-10-long":{"_":"noviembre"},"month-11-long":{"_":"diciembre"},"month-0-genitive":{"_":"enero"},"month-1-genitive":{"_":"febrero"},"month-2-genitive":{"_":"marzo"},"month-3-genitive":{"_":"abril"},"month-4-genitive":{"_":"mayo"},"month-5-genitive":{"_":"junio"},"month-6-genitive":{"_":"julio"},"month-7-genitive":{"_":"agosto"},"month-8-genitive":{"_":"septiembre"},"month-9-genitive":{"_":"octubre"},"month-10-genitive":{"_":"noviembre"},"month-11-genitive":{"_":"diciembre"},"month-0-short":{"_":"ene."},"month-1-short":{"_":"feb."},"month-2-short":{"_":"mar."},"month-3-short":{"_":"abr."},"month-4-short":{"_":"may."},"month-5-short":{"_":"jun."},"month-6-short":{"_":"jul."},"month-7-short":{"_":"ago."},"month-8-short":{"_":"sep."},"month-9-short":{"_":"oct."},"month-10-short":{"_":"nov."},"month-11-short":{"_":"dic."},"minutes-ago-long":{"_":"{[ plural(value) ]}","_[zero]":"ahora","_[one]":"hace un minuto","_[two]":"hace {{value}} minutos","_[few]":"hace {{value}} minutos","_[many]":"hace {{value}} minutos","_[other]":"hace {{value}} minutos"},"hours-ago-long":{"_":"{[ plural(value) ]}","_[zero]":"ahora","_[one]":"hace una hora","_[two]":"hace {{value}} horas","_[few]":"hace {{value}} horas","_[many]":"hace {{value}} horas","_[other]":"hace {{value}} horas"},"days-ago-long":{"_":"{[ plural(value) ]}","_[zero]":"hoy","_[one]":"ayer","_[two]":"hace {{value}} días","_[few]":"hace {{value}} días","_[many]":"hace {{value}} días","_[other]":"hace {{value}} días"},"weeks-ago-long":{"_":"{[ plural(value) ]}","_[zero]":"esta semana","_[one]":"la semana pasada","_[two]":"hace {{value}} semanas","_[few]":"hace {{value}} semanas","_[many]":"hace {{value}} semanas","_[other]":"hace {{value}} semanas"},"months-ago-long":{"_":"{[ plural(value) ]}","_[zero]":"este mes","_[one]":"el último mes","_[two]":"hace {{value}} meses","_[few]":"hace {{value}} meses","_[many]":"hace {{value}} meses","_[other]":"hace {{value}} meses"},"years-ago-long":{"_":"{[ plural(value) ]}","_[zero]":"este año","_[one]":"último año","_[two]":"hace {{value}} años","_[few]":"hace {{value}} años","_[many]":"hace {{value}} años","_[other]":"hace {{value}} años"},"minutes-until-long":{"_":"{[ plural(value) ]}","_[zero]":"ahora","_[one]":"en un minuto","_[two]":"en {{value}} minutos","_[few]":"en {{value}} minutos","_[many]":"en {{value}} minutos","_[other]":"en {{value}} minutos"},"hours-until-long":{"_":"{[ plural(value) ]}","_[zero]":"ahora","_[one]":"en una hora","_[two]":"en {{value}} horas","_[few]":"en {{value}} horas","_[many]":"en {{value}} horas","_[other]":"en {{value}} horas"},"days-until-long":{"_":"{[ plural(value) ]}","_[zero]":"hoy","_[one]":"mañana","_[two]":"en {{value}} días","_[few]":"en {{value}} días","_[many]":"en {{value}} días","_[other]":"en {{value}} días"},"weeks-until-long":{"_":"{[ plural(value) ]}","_[zero]":"esta semana","_[one]":"la próxima semana","_[two]":"en {{value}} semanas","_[few]":"en {{value}} semanas","_[many]":"en {{value}} semanas","_[other]":"en {{value}} semanas"},"months-until-long":{"_":"{[ plural(value) ]}","_[zero]":"este mes","_[one]":"próximo mes","_[two]":"en {{value}} meses","_[few]":"en {{value}} meses","_[many]":"en {{value}} meses","_[other]":"en {{value}} meses"},"years-until-long":{"_":"{[ plural(value) ]}","_[zero]":"este año","_[one]":"próximo año","_[two]":"en {{value}} años","_[few]":"en {{value}} años","_[many]":"en {{value}} años","_[other]":"en {{value}} años"},"minutes-ago-short":{"_":"{[ plural(value) ]}","_[zero]":"ahora","_[other]":"hace {{value}} m"},"hours-ago-short":{"_":"{[ plural(value) ]}","_[zero]":"ahora","_[other]":"hace {{value}} h"},"days-ago-short":{"_":"{[ plural(value) ]}","_[zero]":"hoy","_[other]":"hace {{value}} d"},"minutes-until-short":{"_":"{[ plural(value) ]}","_[zero]":"ahora","_[other]":"en {{value}} m"},"hours-until-short":{"_":"{[ plural(value) ]}","_[zero]":"ahora","_[other]":"en {{value}} h"},"days-until-short":{"_":"{[ plural(value) ]}","_[zero]":"hoy","_[other]":"en {{value}} d"},"incorrectDate":{"_":"(fecha incorrecta)"},"dateTimeFormat_%c":{"_":"%a, %e de %b, %Y %H:%M:%S"},"dateTimeFormat_%x":{"_":"%d/%m/%Y"},"dateTimeFormat_%X":{"_":"%H:%M:%S"},"shortTimeFormat":{"_":"%H:%M"},"shortDateTimeFormat":{"_":"%x %H:%M %p"},"weekStartsOnMonday":{"_":"1"},"time_am":{"_":"AM"},"time_pm":{"_":"PM"}}