{"setup-app-name-header":{"_":"Posta"},"setup-empty-account-prompt":{"_":"Posta elektronikoa ez daukazu konfiguratuta. Orain egin nahi duzu?"},"setup-pick-service":{"_":"Posta bidali eta jasotzeko kontu bat konfiguratu beharko duzu."},"setup-account-header3":{"_":"Kontu berria"},"setup-info-name":{"placeholder":"Zure izena"},"setup-info-email":{"placeholder":"norbait@adibidea.com"},"setup-info-password":{"placeholder":"Pasahitza"},"setup-info-next":{"_":"Hurrengoa"},"setup-progress-wait-msg":{"_":"Kontua konfiguratzen"},"setup-completed-header":{"_":"Posta-kontuaren konfigurazioa"},"setup-completed-label":{"_":"Dena eginda!"},"setup-add-another-account":{"_":"Gehitu beste kontu bat"},"setup-show-mail":{"_":"Jarraitu postara"},"setup-error-offline":{"_":"Une honetan gailua lineaz kanpo dago. Konektatu sare batera eta saiatu berriro."},"setup-error-bad-user-or-pass2":{"_":"Erabiltzaile-izen edo pasahitz baliogabea. Egiaztatu ondo idatzi duzula."},"setup-error-bad-address":{"_":"Helbide elektroniko baliogabea. Egiaztatu ondo idatzi duzula."},"setup-error-not-authorized":{"_":"Zerbitzariak dio ez daukazula kontu bat sortzeko baimenik"},"setup-error-pop-server-not-great":{"_":"Ez da zerbitzaria onartzen. POP3 zerbitzariak ez ditu beharrezko eginbideak inplementatzen."},"setup-error-unknown2":{"_":"Errore ezezaguna gertatu da. Egiaztatu sareko konexioa edo saiatu eskuzko konfigurazioaren aukera."},"setup-error-needs-app-pass":{"_":"Aplikazioarentzat espezifikoa den pasahitza erabili behar duzu bi faktoreko autentifikaziodun Gmail kontuetarako"},"setup-error-imap-disabled":{"_":"IMAP gaitu behar duzu zure Gmail kontuarentzako"},"setup-error-pop3-disabled":{"_":"POP3 gaitu behar duzu zure Gmail kontuarentzako"},"setup-error-bad-security":{"_":"Ezin da konexio segurua ezarri \"{{server}}\" zerbitzariarekin. Sarearekin edo zerbitzariarekin arazoak egon litezke."},"setup-error-unresponsive-server":{"_":"Ezin da konexio segurua ezarri \"{{server}}\" zerbitzariarekin. Sarearekin arazoak egon litezke."},"setup-error-server-problem":{"_":"Arazo bat dago \"{{server}}\" zerbitzariarekin. Saiatu berriro beranduago."},"setup-error-no-config-info":{"_":"Ezin da zure kontua automatikoki konfiguratu. Zuzendu helbide elektronikoa edo saiatu eskuzko konfigurazioaren aukera."},"setup-error-server-maintenance":{"_":"\"{{server}}\" zerbitzaria lineaz kanpo dago mantenu-lanengatik. Saiatu berriro beranduago."},"setup-error-account-already-exists":{"_":"Kontu hau konfiguratuta dago dagoeneko."},"setup-manual-config2":{"_":"Eskuzko konfigurazioa"},"setup-manual-config-header":{"_":"Eskuzko konfigurazioa"},"setup-manual-account-type":{"_":"Kontu mota"},"setup-manual-imap-header":{"_":"IMAP ezarpenak"},"setup-manual-pop3-header":{"_":"POP3 ezarpenak"},"setup-manual-smtp-header":{"_":"SMTP ezarpenak"},"setup-manual-activesync-header":{"_":"ActiveSync ezarpenak"},"setup-manual-next":{"_":"Hurrengoa"},"setup-manual-socket":{"_":"Socket mota"},"setup-manual-socket-ssl":{"_":"SSL"},"setup-manual-socket-starttls":{"_":"STARTTLS"},"setup-manual-hostname":{"placeholder":"Ostalari-izena"},"setup-manual-port":{"placeholder":"Ataka zenbakia"},"setup-manual-username":{"placeholder":"Erabiltzaile-izena"},"setup-bad-password-header":{"_":"Pasahitz okerra!"},"setup-bad-password":{"_":"Ezin izan da zerbitzarian saioa hasi. Zure pasahitza okerra da?"},"setup-new-password":{"placeholder":"Pasahitz berria"},"setup-fix-password":{"_":"Saiatu berriro pasahitz berriarekin"},"setup-gmail-twofactor-header":{"_":"Bi faktoreko autentifikazioa gaituta"},"setup-gmail-twofactor-message":{"_":"Aplikazioarentzat espezifikoa den pasahitza idatzi behar duzu azpian."},"setup-gmail-twofactor-fix":{"_":"Erabili aplikazio-pasahitza"},"setup-gmail-imap-header":{"_":"IMAP desgaituta"},"setup-gmail-imap-message":{"_":"IMAP gaitu behar duzu zure Gmail kontuan"},"setup-gmail-imap-retry":{"_":"Saiatu berriro"},"setup-gmail-pop3-header":{"_":"POP3 desgaituta"},"setup-gmail-pop3-message":{"_":"POP3 gaitu behar duzu zure Gmail kontuan"},"setup-gmail-pop3-retry":{"_":"Saiatu berriro"},"settings-main-header":{"_":"Posta-ezarpenak"},"settings-sub-header-account":{"_":"Kontua"},"settings-account-name":{"_":"Zure izena"},"settings-account-display-notifications":{"_":"Bistaratu mezu berrien jakinarazpenak"},"settings-sub-header-data":{"_":"Datuak"},"settings-account-check-mail":{"_":"Begiratu mezu berririk dagoen"},"settings-sub-header-server":{"_":"Zerbitzariaren ezarpenak"},"settings-account-userpass":{"_":"Erabiltzaile-izena eta pasahitza"},"fld-account-picker-last-sync":{"_":"Azken sinkronizazioa:"},"settings-done":{"_":"Eginda"},"settings-account-section":{"_":"Kontuak"},"settings-account-add":{"_":"Gehitu kontua"},"settings-account-delete":{"_":"Ezabatu kontua"},"settings-account-delete-prompt":{"_":"Ziur zaude zure {{account}} posta-kontua ezabatu nahi duzula? Posta berriro deskargatu beharko duzu kontua berriro sortuz gero."},"settings-account-delete-cancel":{"_":"Utzi"},"settings-account-delete-confirm":{"_":"Ezabatu"},"settings-about-section":{"_":"Honi buruz"},"settings-general-section":{"_":"Ezarpen orokorrak"},"settings-check-mail":{"_":"Egiaztatu posta"},"settings-show-images":{"_":"Erakutsi beti irudiak"},"settings-download-attachments":{"_":"Deskargatu eranskinak"},"settings-notify-mail":{"_":"Jakinarazi posta berria iristean"},"settings-check-every-3min":{"_":"3 minuturo"},"settings-check-every-5min":{"_":"5 minuturo"},"settings-check-every-10min":{"_":"10 minuturo"},"settings-check-every-15min":{"_":"15 minuturo"},"settings-check-every-30min":{"_":"30 minuturo"},"settings-check-every-60min":{"_":"Orduro"},"settings-check-every-manual":{"_":"Eskuz"},"settings-check-dynamic":{"_":"{[ plural(n) ]}","_[zero]":"segundo","_[one]":"{{ n }} segundo","_[two]":"{{ n }} segundo","_[few]":"{{ n }} segundo","_[many]":"{{ n }} segundo","_[other]":"{{ n }} segundo"},"settings-default-account":{"_":"Kontu lehentsia"},"settings-account-type":{"_":"Kontu mota"},"settings-account-credentials":{"_":"Kredentzialak"},"settings-activesync-label":{"_":"ActiveSync ezarpenak"},"settings-imap-label":{"_":"IMAP ezarpenak"},"settings-pop3-label":{"_":"POP3 ezarpenak"},"settings-smtp-label":{"_":"SMTP ezarpenak"},"settings-hostname":{"_":"Ostalari-izena"},"settings-port":{"_":"Ataka"},"settings-username":{"_":"Erabiltzaile-izena"},"settings-password":{"_":"Pasahitza"},"settings-save":{"_":"Gorde"},"settings-password-empty":{"_":"Pasahitzaren eremuak ezin du hutsik egon"},"settings-account-synchronize-window":{"_":"Sinkronizatzeko egunak"},"settings-synchronize-auto":{"_":"Automatikoa"},"settings-synchronize-one-day":{"_":"egun bat"},"settings-synchronize-three-days":{"_":"3 egun"},"settings-synchronize-one-week":{"_":"astebete"},"settings-synchronize-two-weeks":{"_":"bi aste"},"settings-synchronize-one-month":{"_":"hilabete"},"settings-synchronize-all":{"_":"Mezu guztiak"},"accounts-header":{"_":"Kontuak"},"accounts-button":{"_":"Kontuak"},"envelope-from":{"_":"Nork"},"envelope-to":{"_":"Nori"},"envelope-cc":{"_":"Cc"},"envelope-bcc":{"_":"Bcc"},"reader-header":{"_":"Irakurriak"},"compose-header":{"_":"Idatzi mezua"},"compose-header-short":{"_":"Idatzi"},"compose-send":{"_":"Bidali"},"compose-to":{"_":"Nori"},"compose-cc":{"_":"cc"},"compose-bcc":{"_":"bcc"},"compose-attachments":{"_":"{[ plural(n) ]}","_[zero]":"Eranskinak","_[one]":"Eranskin bat","_[two]":"{{ n }} eranskin","_[few]":"{{ n }} eranskin","_[many]":"{{ n }} eranskin","_[other]":"{{ n }} eranskin"},"compose-subject":{"_":"Gaia"},"compose-draft-save":{"_":"Gorde zirriborro lokaletan"},"compose-discard-message":{"_":"Baztertu mezua?"},"compose-discard-confirm":{"_":"Baztertu"},"compose-sending-message":{"_":"Mezuak bidaltzea"},"compose-send-message-failed":{"_":"Huts egin du mezua bidaltzean"},"composer-attachment-large":{"_":"Eranskina handiegia da"},"composer-attachments-large":{"_":"Eranskinak handiegiak dira"},"compose-attchment-size-exceeded":{"_":"Hautatutako eranskina handiegia da mezu honekin bidaltzeko."},"compose-attchments-size-exceeded":{"_":"Hautatutako eranskinak handiegiak dira mezu honekin bidaltzeko. Saiatu fitxategi gutxiago hautatzen."},"dialog-button-ok":{"_":"Ados"},"default-attachment-filename":{"_":"{{ n }}. eranskina"},"attachment-size-kib":{"_":"{{kilobytes}}K"},"message-attachment-view":{"textContent":"Ikusi"},"message-no-subject":{"_":"(gairik ez)"},"message-edit-menu-star":{"_":"Gehitu izarra"},"message-edit-menu-unstar":{"_":"Kendu izarra"},"message-edit-menu-mark-read":{"_":"Markatu irakurritako gisa"},"message-edit-menu-mark-unread":{"_":"Markatu irakurri gabeko gisa"},"message-edit-menu-move":{"_":"Eraman"},"message-edit-menu-delete":{"_":"Ezabatu"},"message-edit-delete-confirm":{"_":"Ezabatu mezua?"},"message-send-attachment-disabled-confirm":{"_":"Eranskinak ezin dira birbidali."},"message-multiedit-header":{"_":"{[ plural(n) ]}","_[zero]":"Editatu","_[one]":"Bat hautatuta","_[two]":"{{ n }} hautatuta","_[few]":"{{ n }} hautatuta","_[many]":"{{ n }} hautatuta","_[other]":"{{ n }} hautatuta"},"browse-to-url-prompt":{"_":"Nabigatu URLra?: {{ url }}"},"message-download-images":{"_":"{[ plural(n) ]}","_[one]":"Mezu honek irudi bat dauka. Egin klik deskargatzeko.","_[two]":"Mezu honek {{ n }} irudi dauzka. Egin klik deskargatzeko.","_[few]":"Mezu honek {{ n }} irudi dauzka. Egin klik deskargatzeko.","_[many]":"Mezu honek {{ n }} irudi dauzka. Egin klik deskargatzeko.","_[other]":"Mezu honek {{ n }} irudi dauzka. Egin klik deskargatzeko."},"message-show-external-images":{"_":"Erakutsi kanpoko irudiak"},"message-multiedit-cancel":{"_":"Utzi"},"message-multiedit-delete-confirm":{"_":"{[ plural(n) ]}","_[one]":"Ezabatu mezu hau?","_[two]":"Ezabatu {{ n }} mezu?","_[few]":"Ezabatu {{ n }} mezu?","_[many]":"Ezabatu {{ n }} mezu?","_[other]":"Ezabatu {{ n }} mezu?"},"message-large-message-cancel":{"_":"Utzi"},"message-large-message-ok":{"_":"Jarraitu"},"message-large-message-confirm":{"_":"Mezu hau handia da eta denbora pixka bat har lezake deskargatzeko."},"message-search-from":{"_":"Nork"},"message-search-to":{"_":"Nori"},"message-search-subject":{"_":"Gaia"},"message-search-body":{"_":"Gorputza"},"message-search-all":{"_":"Denak"},"message-search-input":{"placeholder":"Bilatu mezuak"},"message-search-cancel-accessible":{"_":"Utzi bilaketa"},"messages-syncing":{"_":"Mezuak kargatzen"},"messages-sync-more":{"_":"Kargatu mezu gehiago zerbitzaritik"},"messages-folder-empty":{"_":"Mezurik ez karpeta honetan"},"messages-search-empty":{"_":"Bat datorrenik ez cache lokaleko mezuetan"},"messages-folder-select":{"_":"Hautatu karpeta"},"message-contact-menu-create":{"_":"Gorde kontaktu berria"},"message-contact-menu-add-existing":{"_":"Gehitu badagoen kontaktuari"},"message-contact-menu-view":{"_":"Ikusi kontaktua"},"message-contact-menu-reply":{"_":"Erantzun"},"message-contact-menu-new":{"_":"Bidali mezu berria"},"message-reply-menu-reply":{"_":"Erantzun"},"message-reply-menu-reply-all":{"_":"Erantzun denei"},"message-reply-menu-forward":{"_":"Birbidali"},"message-reply-menu-cancel":{"_":"Utzi"},"folder-list-header":{"_":"Karpetak"},"account-last-synced-label":{"_":"Azken sinkronizazioa: "},"account-never-synced":{"_":"Inoiz ez"},"reply-quoting-wrote":{"_":"{name} igorleak idatzi zuen"},"forward-original-message":{"_":"Jatorrizko mezua"},"forward-header-subject":{"_":"Gaia"},"forward-header-date":{"_":"Data"},"forward-header-from":{"_":"Nork"},"forward-header-reply-to":{"_":"Erantzun honi"},"forward-header-to":{"_":"Nori"},"forward-header-cc":{"_":"Cc"},"folder-inbox":{"_":"Sarrera-ontzia"},"folder-sent":{"_":"Bidalitakoak"},"folder-drafts":{"_":"Zirriborroak"},"folder-trash":{"_":"Zakarrontzia"},"folder-queue":{"_":"Bidali gabekoak"},"folder-junk":{"_":"Spama"},"folder-archives":{"_":"Artxiboak"},"folder-localdrafts":{"_":"Zirriborro lokalak"},"toaster-undo":{"_":"Desegin"},"toaster-retry":{"_":"Saiatu berriro"},"toaster-message-star":{"_":"{[ plural(n) ]}","_[one]":"Mezu-marka bat ezarrita","_[two]":"{{ n }} mezu-marka ezarrita","_[few]":"{{ n }} mezu-marka ezarrita","_[many]":"{{ n }} mezu-marka ezarrita","_[other]":"{{ n }} mezu-marka ezarrita"},"toaster-message-unstar":{"_":"{[ plural(n) ]}","_[one]":"Mezu-marka bat kenduta","_[two]":"{{ n }} mezu-marka kenduta","_[few]":"{{ n }} mezu-marka kenduta","_[many]":"{{ n }} mezu-marka kenduta","_[other]":"{{ n }} mezu-marka kenduta"},"toaster-message-read":{"_":"{[ plural(n) ]}","_[one]":"Mezu bat irakurritako gisa markatuta","_[two]":"{{ n }} mezu irakurritako gisa markatuta","_[few]":"{{ n }} mezu irakurritako gisa markatuta","_[many]":"{{ n }} mezu irakurritako gisa markatuta","_[other]":"{{ n }} mezu irakurritako gisa markatuta"},"toaster-message-unread":{"_":"{[ plural(n) ]}","_[one]":"Mezu bat irakurri gabeko gisa markatuta","_[two]":"{{ n }} mezu irakurri gabeko gisa markatuta","_[few]":"{{ n }} mezu irakurri gabeko gisa markatuta","_[many]":"{{ n }} mezu irakurri gabeko gisa markatuta","_[other]":"{{ n }} mezu irakurri gabeko gisa markatuta"},"toaster-message-move":{"_":"{[ plural(n) ]}","_[one]":"Mezu bat lekuz aldatuta","_[two]":"{{ n }} mezu lekuz aldatuta","_[few]":"{{ n }} mezu lekuz aldatuta","_[many]":"{{ n }} mezu lekuz aldatuta","_[other]":"{{ n }} mezu lekuz aldatuta"},"toaster-message-delete":{"_":"{[ plural(n) ]}","_[one]":"Mezu bat ezabatuta","_[two]":"{{ n }} mezu ezabatuta","_[few]":"{{ n }} mezu ezabatuta","_[many]":"{{ n }} mezu ezabatuta","_[other]":"{{ n }} mezu ezabatuta"},"toaster-retryable-syncfailed":{"_":"Ezin da zerbitzariarekin konektatu"},"form-clear-input":{"_":"Kendu testua"},"confirm-dialog-title":{"_":"Berrespena"},"senders-separation-sign":{"_":", "},"new-emails":{"_":"{[ plural(n) ]}","_[one]":"Mezu berri bat","_[two]":"{{ n }} mezu berri","_[few]":"{{ n }} mezu berri","_[many]":"{{ n }} mezu berri","_[other]":"{{ n }} mezu berri"},"new-emails-notify-one-account":{"_":"{[ plural(n) ]}","_[one]":"Mezu berri bat","_[two]":"{{ n }} mezu berri","_[few]":"{{ n }} mezu berri","_[many]":"{{ n }} mezu berri","_[other]":"{{ n }} mezu berri"},"new-emails-notify-multiple-accounts":{"_":"{[ plural(n) ]}","_[one]":"Mezu berri bat ({{ accountName }})","_[two]":"{{ n }} mezu berri ({{ accountName }})","_[few]":"{{ n }} mezu berri ({{ accountName }})","_[many]":"{{ n }} mezu berri ({{ accountName }})","_[other]":"{{ n }} mezu berri ({{ accountName }})"},"new-emails-notify-multiple-accounts-body":{"_":"{{ from }} “{{ subject }}”"},"weekday-0-long":{"_":"igandea"},"weekday-1-long":{"_":"astelehena"},"weekday-2-long":{"_":"asteartea"},"weekday-3-long":{"_":"asteazkena"},"weekday-4-long":{"_":"osteguna"},"weekday-5-long":{"_":"ostirala"},"weekday-6-long":{"_":"larunbata"},"weekday-0-short":{"_":"ig."},"weekday-1-short":{"_":"al."},"weekday-2-short":{"_":"ar."},"weekday-3-short":{"_":"az."},"weekday-4-short":{"_":"og."},"weekday-5-short":{"_":"or."},"weekday-6-short":{"_":"lr."},"month-0-long":{"_":"urtarrila"},"month-1-long":{"_":"otsaila"},"month-2-long":{"_":"martxoa"},"month-3-long":{"_":"apirila"},"month-4-long":{"_":"maiatza"},"month-5-long":{"_":"ekaina"},"month-6-long":{"_":"uztaila"},"month-7-long":{"_":"abuztua"},"month-8-long":{"_":"iraila"},"month-9-long":{"_":"urria"},"month-10-long":{"_":"azaroa"},"month-11-long":{"_":"abendua"},"month-0-genitive":{"_":"urtarrila"},"month-1-genitive":{"_":"otsaila"},"month-2-genitive":{"_":"martxoa"},"month-3-genitive":{"_":"apirila"},"month-4-genitive":{"_":"maiatza"},"month-5-genitive":{"_":"ekaina"},"month-6-genitive":{"_":"uztaila"},"month-7-genitive":{"_":"abuztua"},"month-8-genitive":{"_":"iraila"},"month-9-genitive":{"_":"urria"},"month-10-genitive":{"_":"azaroa"},"month-11-genitive":{"_":"abendua"},"month-0-short":{"_":"urt"},"month-1-short":{"_":"ots"},"month-2-short":{"_":"mar"},"month-3-short":{"_":"api"},"month-4-short":{"_":"mai"},"month-5-short":{"_":"eka"},"month-6-short":{"_":"uzt"},"month-7-short":{"_":"abu"},"month-8-short":{"_":"ira"},"month-9-short":{"_":"urr"},"month-10-short":{"_":"aza"},"month-11-short":{"_":"abe"},"minutes-ago-long":{"_":"{[ plural(value) ]}","_[zero]":"oraintxe bertan","_[one]":"duela minutu bat","_[two]":"duela {{value}} minutu","_[few]":"duela {{value}} minutu","_[many]":"duela {{value}} minutu","_[other]":"duela {{value}} minutu"},"hours-ago-long":{"_":"{[ plural(value) ]}","_[zero]":"oraintxe bertan","_[one]":"duela ordubete","_[two]":"duela {{value}} ordu","_[few]":"duela {{value}} ordu","_[many]":"duela {{value}} ordu","_[other]":"duela {{value}} ordu"},"days-ago-long":{"_":"{[ plural(value) ]}","_[zero]":"gaur","_[one]":"atzo","_[two]":"herenegun","_[few]":"duela {{value}} egun","_[many]":"duela {{value}} egun","_[other]":"duela {{value}} egun"},"weeks-ago-long":{"_":"{[ plural(value) ]}","_[zero]":"aste honetan","_[one]":"azken astean","_[two]":"duela {{value}} aste","_[few]":"duela {{value}} aste","_[many]":"duela {{value}} aste","_[other]":"duela {{value}} aste"},"months-ago-long":{"_":"{[ plural(value) ]}","_[zero]":"hilabete honetan","_[one]":"azken hilabetean","_[two]":"duela {{value}} hilabete","_[few]":"duela {{value}} hilabete","_[many]":"duela {{value}} hilabete","_[other]":"duela {{value}} hilabete"},"years-ago-long":{"_":"{[ plural(value) ]}","_[zero]":"aurten","_[one]":"iaz","_[two]":"duela {{value}} urte","_[few]":"duela {{value}} urte","_[many]":"duela {{value}} urte","_[other]":"duela {{value}} urte"},"minutes-until-long":{"_":"{[ plural(value) ]}","_[zero]":"orain","_[one]":"minutu barru","_[two]":"{{value}} minutu barru","_[few]":"{{value}} minutu barru","_[many]":"{{value}} minutu barru","_[other]":"{{value}} minutu barru"},"hours-until-long":{"_":"{[ plural(value) ]}","_[zero]":"orain","_[one]":"ordubete barru","_[two]":"{{value}} ordu barru","_[few]":"{{value}} ordu barru","_[many]":"{{value}} ordu barru","_[other]":"{{value}} ordu barru"},"days-until-long":{"_":"{[ plural(value) ]}","_[zero]":"gaur","_[one]":"bihar","_[two]":"etzi","_[few]":"{{value}} egun barru","_[many]":"{{value}} egun barru","_[other]":"{{value}} egun barru"},"weeks-until-long":{"_":"{[ plural(value) ]}","_[zero]":"aste honetan","_[one]":"hurrengo astean","_[two]":"{{value}} aste barru","_[few]":"{{value}} aste barru","_[many]":"{{value}} aste barru","_[other]":"{{value}} aste barru"},"months-until-long":{"_":"{[ plural(value) ]}","_[zero]":"hil honetan","_[one]":"hurrengo hilean","_[two]":"{{value}} hilabete barru","_[few]":"{{value}} hilabete barru","_[many]":"{{value}} hilabete barru","_[other]":"{{value}} hilabete barru"},"years-until-long":{"_":"{[ plural(value) ]}","_[zero]":"aurten","_[one]":"hurrengo urtean","_[two]":"{{value}} urte barru","_[few]":"{{value}} urte barru","_[many]":"{{value}} urte barru","_[other]":"{{value}} urte barru"},"minutes-ago-short":{"_":"{[ plural(value) ]}","_[zero]":"oraintxe bertan","_[other]":"duela {{value}}m"},"hours-ago-short":{"_":"{[ plural(value) ]}","_[zero]":"oraintxe bertan","_[other]":"duela {{value}}h"},"days-ago-short":{"_":"{[ plural(value) ]}","_[zero]":"gaur","_[other]":"duela {{value}}eg."},"minutes-until-short":{"_":"{[ plural(value) ]}","_[zero]":"orain","_[other]":"{{value}}m barru"},"hours-until-short":{"_":"{[ plural(value) ]}","_[zero]":"orain","_[other]":"{{value}}h barru"},"days-until-short":{"_":"{[ plural(value) ]}","_[zero]":"gaur","_[other]":"{{value}}eg. barru"},"incorrectDate":{"_":"(data okerra)"},"dateTimeFormat_%c":{"_":"%a, %Y.eko %Bren %ea %H:%M:%S"},"dateTimeFormat_%x":{"_":"%Y/%m/%d"},"dateTimeFormat_%X":{"_":"%H:%M:%S"},"shortTimeFormat":{"_":"%H:%M"},"shortDateTimeFormat":{"_":"%x %H:%M"},"weekStartsOnMonday":{"_":"1"},"time_am":{"_":"AM"},"time_pm":{"_":"PM"}}