{"setup-app-name-header":{"_":"Correo"},"setup-empty-account-prompt":{"_":"A súa conta non está configurada para enviar ou recibir correo. Desexa configurala agora?"},"setup-pick-service":{"_":"Para enviar e recibir correos, necesitará configurar unha conta."},"setup-account-header3":{"_":"Nova conta"},"setup-info-name":{"placeholder":"O seu nome"},"setup-info-email":{"placeholder":"vostede@exemplo.com"},"setup-info-password":{"placeholder":"Contrasinal"},"setup-info-next":{"_":"Seguinte"},"setup-progress-wait-msg":{"_":"Configurando conta"},"setup-completed-header":{"_":"Configuración da conta"},"setup-completed-label":{"_":"Todo feito!"},"setup-add-another-account":{"_":"Engadir outra conta"},"setup-show-mail":{"_":"Ver o correo"},"setup-error-offline":{"_":"Este dispositivo está desconectado. Conéctese a unha rede e tente de novo."},"setup-error-bad-user-or-pass2":{"_":"Usuario ou contrasinal incorrecto. Compróbeos."},"setup-error-bad-address":{"_":"Enderezo de correo incorrecto. Compróbeo."},"setup-error-not-authorized":{"_":"O servidor responde que non está autorizado para crear unha conta"},"setup-error-pop-server-not-great":{"_":"Servidor incompatíbel. O servidor POP3 non ten as funcionalidades requiridas."},"setup-error-unknown2":{"_":"Produciuse un erro descoñecido. Comprobe a conexión de rede ou tente coa configuración manual."},"setup-error-needs-app-pass":{"_":"Debe usar un contrasinal específico do aplicativo para a comprobación de dous pasos das contas de Gmail"},"setup-error-imap-disabled":{"_":"Debe activar IMAP na súa conta de Gmail"},"setup-error-pop3-disabled":{"_":"Debe activar POP3 na súa conta de Gmail"},"setup-error-bad-security":{"_":"Non é posíbel estabelecer unha conexión segura con \"{{server}}\". Pode haber un problema coa súa rede ou co servidor."},"setup-error-unresponsive-server":{"_":"Non é posíbel estabelecer unha conexión con \"{{server}}\". Pode haber un problema coa rede."},"setup-error-server-problem":{"_":"Hai un problema co servidor \"{{server}}\". Tente de novo máis tarde."},"setup-error-no-config-info":{"_":"Foi imposíbel configurar automaticamente a súa conta. Corrixa o seu enderezo de correo ou tente coa configuración manual."},"setup-error-server-maintenance":{"_":"O servidor \"{{server}}\" non está dispoñíbel por mantemento. Tente de novo máis tarde."},"setup-error-account-already-exists":{"_":"Esta conta xa está configurada."},"setup-manual-config2":{"_":"Configuración manual"},"setup-manual-config-header":{"_":"Config. manual"},"setup-manual-account-type":{"_":"Tipo de conta"},"setup-manual-imap-header":{"_":"Axustes IMAP"},"setup-manual-pop3-header":{"_":"Axustes POP3"},"setup-manual-smtp-header":{"_":"Axustes SMTP"},"setup-manual-activesync-header":{"_":"Axustes ActiveSync"},"setup-manual-next":{"_":"Seguinte"},"setup-manual-socket":{"_":"Tipo de sócket"},"setup-manual-socket-ssl":{"_":"SSL"},"setup-manual-socket-starttls":{"_":"STARTTLS"},"setup-manual-hostname":{"placeholder":"Nome do servidor"},"setup-manual-port":{"placeholder":"Número de porto"},"setup-manual-username":{"placeholder":"Nome de usuario"},"setup-bad-password-header":{"_":"Contrasinal incorrecta!"},"setup-bad-password":{"_":"Non foi posíbel identificarse no servidor. Quizais o contrasinal non é correcto?"},"setup-new-password":{"placeholder":"Novo contrasinal"},"setup-fix-password":{"_":"Probe con outro contrasinal"},"setup-gmail-twofactor-header":{"_":"Comprobación en dous pasos activada"},"setup-gmail-twofactor-message":{"_":"Precisa escribir un contrasinal específico do aplicativo a continuación."},"setup-gmail-twofactor-fix":{"_":"Usar o contrasinal do aplicativo"},"setup-gmail-imap-header":{"_":"IMAP desactivado"},"setup-gmail-imap-message":{"_":"Debe activar IMAP na súa conta de Gmail"},"setup-gmail-imap-retry":{"_":"Tentar de novo"},"setup-gmail-pop3-header":{"_":"POP3 desactivado"},"setup-gmail-pop3-message":{"_":"Debe activar POP3 na súa conta de Gmail"},"setup-gmail-pop3-retry":{"_":"Tentar de novo"},"settings-main-header":{"_":"Axustes correo"},"settings-sub-header-account":{"_":"Conta"},"settings-account-name":{"_":"O seu nome"},"settings-account-display-notifications":{"_":"Amosar notificacións de novas mensaxes"},"settings-sub-header-data":{"_":"Datos"},"settings-account-check-mail":{"_":"Comprobar se hai novas mensaxes"},"settings-sub-header-server":{"_":"Axustes do servidor"},"settings-account-userpass":{"_":"Nome de usuario e contrasinal"},"fld-account-picker-last-sync":{"_":"Última sinc.:"},"settings-done":{"_":"Feito"},"settings-account-section":{"_":"Contas"},"settings-account-add":{"_":"Engadir conta"},"settings-account-delete":{"_":"Eliminar conta"},"settings-account-delete-prompt":{"_":"Confirma que quere eliminar a súa conta de correo {{account}}? Se volve crear a conta terá que volver descargar o seu correo."},"settings-account-delete-cancel":{"_":"Cancelar"},"settings-account-delete-confirm":{"_":"Eliminar"},"settings-about-section":{"_":"Sobre"},"settings-general-section":{"_":"Axustes xerais"},"settings-check-mail":{"_":"Comprobar correo"},"settings-show-images":{"_":"Amosar sempre as imaxes"},"settings-download-attachments":{"_":"Descargar os anexos"},"settings-notify-mail":{"_":"Avisarme de correo novo"},"settings-check-every-3min":{"_":"Cada 3 minutos"},"settings-check-every-5min":{"_":"Cada 5 minutos"},"settings-check-every-10min":{"_":"Cada 10 minutos"},"settings-check-every-15min":{"_":"Cada 15 minutos"},"settings-check-every-30min":{"_":"Cada 30 minutos"},"settings-check-every-60min":{"_":"Cada ora"},"settings-check-every-manual":{"_":"Manualmente"},"settings-check-dynamic":{"_":"{[ plural(n) ]}","_[zero]":"segundos","_[one]":"{{ n }} segundo","_[two]":"{{ n }} segundos","_[few]":"{{ n }} segundos","_[many]":"{{ n }} segundos","_[other]":"{{ n }} segundos"},"settings-default-account":{"_":"Estabelecer como predeterminado"},"settings-account-type":{"_":"Tipo de conta"},"settings-account-credentials":{"_":"Credenciais"},"settings-activesync-label":{"_":"Axustes ActiveSync"},"settings-imap-label":{"_":"Axustes IMAP"},"settings-pop3-label":{"_":"Axustes POP3"},"settings-smtp-label":{"_":"Axustes SMTP"},"settings-hostname":{"_":"Nome do servidor"},"settings-port":{"_":"Porto"},"settings-username":{"_":"Nome de usuario"},"settings-password":{"_":"Contrasinal"},"settings-save":{"_":"Gardar"},"settings-password-empty":{"_":"O campo do contrasinal non pode estar baleiro"},"settings-account-synchronize-window":{"_":"Días para sincronizar"},"settings-synchronize-auto":{"_":"Automático"},"settings-synchronize-one-day":{"_":"1 día"},"settings-synchronize-three-days":{"_":"3 días"},"settings-synchronize-one-week":{"_":"1 semana"},"settings-synchronize-two-weeks":{"_":"2 semanas"},"settings-synchronize-one-month":{"_":"1 mes"},"settings-synchronize-all":{"_":"Todas as mensaxes"},"accounts-header":{"_":"Contas"},"accounts-button":{"_":"Contas"},"envelope-from":{"_":"De"},"envelope-to":{"_":"Para"},"envelope-cc":{"_":"CC"},"envelope-bcc":{"_":"Cco"},"reader-header":{"_":"Lidos"},"compose-header":{"_":"Redactar"},"compose-header-short":{"_":"Redactar"},"compose-send":{"_":"Enviar"},"compose-to":{"_":"Para"},"compose-cc":{"_":"Cc"},"compose-bcc":{"_":"Cco"},"compose-attachments":{"_":"{[ plural(n) ]}","_[zero]":"Anexos","_[one]":"{{ n }} anexo","_[two]":"{{ n }} anexos","_[few]":"{{ n }} anexos","_[many]":"{{ n }} anexos","_[other]":"{{ n }} anexos"},"compose-subject":{"_":"Asunto"},"compose-draft-save":{"_":"Gardar en borradores locais"},"compose-discard-message":{"_":"Descartar o correo?"},"compose-discard-confirm":{"_":"Descartar"},"compose-sending-message":{"_":"Enviando correo"},"compose-send-message-failed":{"_":"Fallou o envío do correo"},"composer-attachment-large":{"_":"Anexo demasiado grande"},"composer-attachments-large":{"_":"Anexos demasiado grandes"},"compose-attchment-size-exceeded":{"_":"O anexo seleccionado é demasiado grande para envialo con esta mensaxe."},"compose-attchments-size-exceeded":{"_":"Os anexos seleccionados son demasiado grandes para envialos con esta mensaxe. Tente con menos ficheiros."},"dialog-button-ok":{"_":"Aceptar"},"default-attachment-filename":{"_":"anexo{{ n }}"},"attachment-size-kib":{"_":"{{kilobytes}}K"},"message-attachment-view":{"textContent":"Ver"},"message-no-subject":{"_":"(sen asunto)"},"message-edit-menu-star":{"_":"Favorito"},"message-edit-menu-unstar":{"_":"Non favorito"},"message-edit-menu-mark-read":{"_":"Marcar como lido"},"message-edit-menu-mark-unread":{"_":"Marcar como non lido"},"message-edit-menu-move":{"_":"Mover"},"message-edit-menu-delete":{"_":"Eliminar"},"message-edit-delete-confirm":{"_":"Eliminar a mensaxe de correo?"},"message-send-attachment-disabled-confirm":{"_":"Non é posíbel reenviar os anexos."},"message-multiedit-header":{"_":"{[ plural(n) ]}","_[zero]":"Editar","_[one]":"{{ n }} seleccionada","_[two]":"{{ n }} seleccionadas","_[few]":"{{ n }} seleccionadas","_[many]":"{{ n }} seleccionadas","_[other]":"{{ n }} seleccionadas"},"browse-to-url-prompt":{"_":"Examinar o URL?: {{ url }}"},"message-download-images":{"_":"{[ plural(n) ]}","_[one]":"Este correo contén unha imaxe. Prema para descargala.","_[two]":"Este correo contén {{ n }} imaxes. Prema para descargalas.","_[few]":"Este correo contén {{ n }} imaxes. Prema para descargalas.","_[many]":"Este correo contén {{ n }} imaxes. Prema para descargalas.","_[other]":"Este correo contén {{ n }} imaxes. Prema para descargalas."},"message-show-external-images":{"_":"Amosar imaxes externas"},"message-multiedit-cancel":{"_":"Cancelar"},"message-multiedit-delete-confirm":{"_":"{[ plural(n) ]}","_[one]":"Eliminar esta mensaxe de correo?","_[two]":"Eliminar {{ n }} mensaxes de correo?","_[few]":"Eliminar {{ n }} mensaxes de correo?","_[many]":"Eliminar {{ n }} mensaxes de correo?","_[other]":"Eliminar {{ n }} mensaxes de correo?"},"message-large-message-cancel":{"_":"Cancelar"},"message-large-message-ok":{"_":"Continuar"},"message-large-message-confirm":{"_":"Esta mensaxe é grande e pode levarlle algún tempo a descarga."},"message-search-from":{"_":"De"},"message-search-to":{"_":"Para"},"message-search-subject":{"_":"Asunto"},"message-search-body":{"_":"Corpo"},"message-search-all":{"_":"Todas"},"message-search-input":{"placeholder":"Buscar correo"},"message-search-cancel-accessible":{"_":"Cancelar busca"},"messages-syncing":{"_":"Cargando as mensaxes"},"messages-sync-more":{"_":"Cargar máis mensaxes do servidor"},"messages-folder-empty":{"_":"Ningún correo neste cartafol"},"messages-search-empty":{"_":"Non hai coincidencias nas mensaxes locais na caché"},"messages-folder-select":{"_":"Seleccionar cartafol"},"message-contact-menu-create":{"_":"Gardar novo contacto"},"message-contact-menu-add-existing":{"_":"Engadir a un contacto existente"},"message-contact-menu-view":{"_":"Ver contacto"},"message-contact-menu-reply":{"_":"Responder"},"message-contact-menu-new":{"_":"Enviar un correo novo"},"message-reply-menu-reply":{"_":"Responder"},"message-reply-menu-reply-all":{"_":"Responder a todos"},"message-reply-menu-forward":{"_":"Reenviar"},"message-reply-menu-cancel":{"_":"Cancelar"},"folder-list-header":{"_":"Cartafoles"},"account-last-synced-label":{"_":"Última sinc.:"},"account-never-synced":{"_":"Nunca"},"reply-quoting-wrote":{"_":"{name} escribiu"},"forward-original-message":{"_":"Mensaxe orixinal"},"forward-header-subject":{"_":"Asunto"},"forward-header-date":{"_":"Data"},"forward-header-from":{"_":"De"},"forward-header-reply-to":{"_":"Responder a"},"forward-header-to":{"_":"Para"},"forward-header-cc":{"_":"CC"},"folder-inbox":{"_":"Caixa de entrada"},"folder-sent":{"_":"Enviados"},"folder-drafts":{"_":"Borradores"},"folder-trash":{"_":"Papeleira"},"folder-queue":{"_":"Non enviadas"},"folder-junk":{"_":"Correo lixo"},"folder-archives":{"_":"Arquivos"},"folder-localdrafts":{"_":"Borradores locais"},"toaster-undo":{"_":"Desfacer"},"toaster-retry":{"_":"Tentar de novo"},"toaster-message-star":{"_":"{[ plural(n) ]}","_[one]":"1 mensaxe marcada como seguida","_[two]":"{{ n }} mensaxes marcadas como seguidas","_[few]":"{{ n }} mensaxes marcadas como seguidas","_[many]":"{{ n }} mensaxes marcadas como seguidas","_[other]":"{{ n }} mensaxes marcadas como seguidas"},"toaster-message-unstar":{"_":"{[ plural(n) ]}","_[one]":"1 mensaxe marcada como non seguida","_[two]":"{{ n }} mensaxes marcadas como non seguidas","_[few]":"{{ n }} mensaxes marcadas como non seguidas","_[many]":"{{ n }} mensaxes marcadas como non seguidas","_[other]":"{{ n }} mensaxes marcadas como non seguidas"},"toaster-message-read":{"_":"{[ plural(n) ]}","_[one]":"1 mensaxe marcada como lida","_[two]":"{{ n }} mensaxes marcadas como lidas","_[few]":"{{ n }} mensaxes marcadas como lidas","_[many]":"{{ n }} mensaxes marcadas como lidas","_[other]":"{{ n }} mensaxes marcadas como lidas"},"toaster-message-unread":{"_":"{[ plural(n) ]}","_[one]":"1 mensaxe marcada como non lida","_[two]":"{{ n }} mensaxes marcadas como non lidas","_[few]":"{{ n }} mensaxes marcadas como non lidas","_[many]":"{{ n }} mensaxes marcadas como non lidas","_[other]":"{{ n }} mensaxes marcadas como non lidas"},"toaster-message-move":{"_":"{[ plural(n) ]}","_[one]":"moveuse 1 mensaxe","_[two]":"movéronse {{ n }} mensaxes","_[few]":"movéronse {{ n }} mensaxes","_[many]":"movéronse {{ n }} mensaxes","_[other]":"movéronse {{ n }} mensaxes"},"toaster-message-delete":{"_":"{[ plural(n) ]}","_[one]":"eliminouse 1 mensaxe","_[two]":"elimináronse {{ n }} mensaxes","_[few]":"elimináronse {{ n }} mensaxes","_[many]":"elimináronse {{ n }} mensaxes","_[other]":"elimináronse {{ n }} mensaxes"},"toaster-retryable-syncfailed":{"_":"Foi imposíbel conectar co servidor"},"form-clear-input":{"_":"Retirar texto"},"confirm-dialog-title":{"_":"Confirmación"},"senders-separation-sign":{"_":", "},"new-emails":{"_":"{[ plural(n) ]}","_[one]":"1 nova mensaxe ","_[two]":"{{ n }} novas mensaxes","_[few]":"{{ n }} novas mensaxes","_[many]":"{{ n }} novas mensaxes","_[other]":"{{ n }} novas mensaxes"},"new-emails-notify-one-account":{"_":"{[ plural(n) ]}","_[one]":"1 nova mensaxe ","_[two]":"{{ n }} novas mensaxes","_[few]":"{{ n }} novas mensaxes","_[many]":"{{ n }} novas mensaxes","_[other]":"{{ n }} novas mensaxes"},"new-emails-notify-multiple-accounts":{"_":"{[ plural(n) ]}","_[one]":"1 nova mensaxe ({{ accountName }})","_[two]":"{{ n }} novas mensaxes ({{ accountName }})","_[few]":"{{ n }} novas mensaxes ({{ accountName }})","_[many]":"{{ n }} novas mensaxes ({{ accountName }})","_[other]":"{{ n }} novas mensaxes ({{ accountName }})"},"new-emails-notify-multiple-accounts-body":{"_":"{{ from }} “{{ subject }}”"},"setup-manual-activesync-username":{"placeholder":"Dominio\\Nome usuario"},"settings-account-clarify-imap":{"_":"{{account-name}} (IMAP)"},"settings-account-clarify-pop3":{"_":"{{account-name}} (POP3)"},"settings-account-clarify-smtp":{"_":"{{account-name}} (SMTP)"},"message-attachment-too-large":{"_":"Este ficheiro é demasiado grande para descargarse."},"weekday-0-long":{"_":"Domingo"},"weekday-1-long":{"_":"Luns"},"weekday-2-long":{"_":"Martes"},"weekday-3-long":{"_":"Mércores"},"weekday-4-long":{"_":"Xoves"},"weekday-5-long":{"_":"Venres"},"weekday-6-long":{"_":"Sábado"},"weekday-0-short":{"_":"Dom"},"weekday-1-short":{"_":"Lun"},"weekday-2-short":{"_":"Mar"},"weekday-3-short":{"_":"Mer"},"weekday-4-short":{"_":"Xov"},"weekday-5-short":{"_":"Ven"},"weekday-6-short":{"_":"Sab"},"month-0-long":{"_":"Xaneiro"},"month-1-long":{"_":"Febreiro"},"month-2-long":{"_":"Marzo"},"month-3-long":{"_":"Abril"},"month-4-long":{"_":"Maio"},"month-5-long":{"_":"Xuño"},"month-6-long":{"_":"Xullo"},"month-7-long":{"_":"Agosto"},"month-8-long":{"_":"Setembro"},"month-9-long":{"_":"Outubro"},"month-10-long":{"_":"Novembro"},"month-11-long":{"_":"Decembro"},"month-0-genitive":{"_":"Xaneiro"},"month-1-genitive":{"_":"Febreiro"},"month-2-genitive":{"_":"Marzo"},"month-3-genitive":{"_":"Abril"},"month-4-genitive":{"_":"Maio"},"month-5-genitive":{"_":"Xuño"},"month-6-genitive":{"_":"Xullo"},"month-7-genitive":{"_":"Agosto"},"month-8-genitive":{"_":"Setembro"},"month-9-genitive":{"_":"Outubro"},"month-10-genitive":{"_":"Novembro"},"month-11-genitive":{"_":"Decembro"},"month-0-short":{"_":"Xan"},"month-1-short":{"_":"Feb"},"month-2-short":{"_":"Mar"},"month-3-short":{"_":"Abr"},"month-4-short":{"_":"Maio"},"month-5-short":{"_":"Xun"},"month-6-short":{"_":"Xul"},"month-7-short":{"_":"Ago"},"month-8-short":{"_":"Set"},"month-9-short":{"_":"Out"},"month-10-short":{"_":"Nov"},"month-11-short":{"_":"Dec"},"minutes-ago-long":{"_":"{[ plural(value) ]}","_[zero]":"xusto agora","_[one]":"hai un minuto","_[two]":"hai {{value}} minutos","_[few]":"hai {{value}} minutos","_[many]":"hai {{value}} minutos","_[other]":"hai {{value}} minutos"},"hours-ago-long":{"_":"{[ plural(value) ]}","_[zero]":"xusto agora","_[one]":"hai unha hora","_[two]":"hai {{value}} horas","_[few]":"hai {{value}} horas","_[many]":"hai {{value}} horas","_[other]":"hai {{value}} horas"},"days-ago-long":{"_":"{[ plural(value) ]}","_[zero]":"hoxe","_[one]":"onte","_[two]":"hai {{value}} días","_[few]":"hai {{value}} días","_[many]":"hai {{value}} días","_[other]":"hai {{value}} días"},"weeks-ago-long":{"_":"{[ plural(value) ]}","_[zero]":"esta semana","_[one]":"a semana pasada","_[two]":"hai {{value}} semanas","_[few]":"hai {{value}} semanas","_[many]":"hai {{value}} semanas","_[other]":"hai {{value}} semanas"},"months-ago-long":{"_":"{[ plural(value) ]}","_[zero]":"Este mes","_[one]":"o mes pasado","_[two]":"hai {{value}} meses","_[few]":"hai {{value}} meses","_[many]":"hai {{value}} meses","_[other]":"hai {{value}} meses"},"years-ago-long":{"_":"{[ plural(value) ]}","_[zero]":"este ano","_[one]":"o ano pasado","_[two]":"hai {{value}} anos","_[few]":"hai {{value}} anos","_[many]":"hai {{value}} anos","_[other]":"hai {{value}} anos"},"minutes-until-long":{"_":"{[ plural(value) ]}","_[zero]":"agora","_[one]":"nun minuto","_[two]":"en {{value}} minutos","_[few]":"en {{value}} minutos","_[many]":"en {{value}} minutos","_[other]":"en {{value}} minutos"},"hours-until-long":{"_":"{[ plural(value) ]}","_[zero]":"agora","_[one]":"nunha hora","_[two]":"en {{value}} horas","_[few]":"en {{value}} horas","_[many]":"en {{value}} horas","_[other]":"en {{value}} horas"},"days-until-long":{"_":"{[ plural(value) ]}","_[zero]":"hoxe","_[one]":"mañá","_[two]":"en {{value}} días","_[few]":"en {{value}} días","_[many]":"en {{value}} días","_[other]":"en {{value}} días"},"weeks-until-long":{"_":"{[ plural(value) ]}","_[zero]":"esta semana","_[one]":"a semana que ven","_[two]":"en {{value}} semanas","_[few]":"en {{value}} semanas","_[many]":"en {{value}} semanas","_[other]":"en {{value}} semanas"},"months-until-long":{"_":"{[ plural(value) ]}","_[zero]":"Este mes","_[one]":"o mes que ven","_[two]":"en {{value}} meses","_[few]":"en {{value}} meses","_[many]":"en {{value}} meses","_[other]":"en {{value}} meses"},"years-until-long":{"_":"{[ plural(value) ]}","_[zero]":"este ano","_[one]":"o ano que ven","_[two]":"en {{value}} anos","_[few]":"en {{value}} anos","_[many]":"en {{value}} anos","_[other]":"en {{value}} anos"},"minutes-ago-short":{"_":"{[ plural(value) ]}","_[zero]":"xusto agora","_[other]":"hai {{value}}min"},"hours-ago-short":{"_":"{[ plural(value) ]}","_[zero]":"xusto agora","_[other]":"hai {{value}}h"},"days-ago-short":{"_":"{[ plural(value) ]}","_[zero]":"hoxe","_[other]":"hai {{value}}d"},"minutes-until-short":{"_":"{[ plural(value) ]}","_[zero]":"agora","_[other]":"en {{value}}min"},"hours-until-short":{"_":"{[ plural(value) ]}","_[zero]":"agora","_[other]":"en {{value}}h"},"days-until-short":{"_":"{[ plural(value) ]}","_[zero]":"hoxe","_[other]":"en {{value}}d"},"incorrectDate":{"_":"(data incorrecta)"},"dateTimeFormat_%c":{"_":"%a, %e de %b, %Y %H:%M:%S"},"dateTimeFormat_%x":{"_":"%d/%m/%Y"},"dateTimeFormat_%X":{"_":"%H:%M:%S"},"shortTimeFormat":{"_":"%H:%M"},"shortDateTimeFormat":{"_":"%x %H:%M %p"},"weekStartsOnMonday":{"_":"1"},"time_am":{"_":"AM"},"time_pm":{"_":"PM"}}