{"setup-app-name-header":{"_":"E-pošta"},"setup-empty-account-prompt":{"_":"Nemate podešen račun za slanje ili primanje e-pošte. Želite li ga podesiti sada?"},"setup-pick-service":{"_":"Da biste mogli slati i primati e-poštu, trebate podesiti račun."},"setup-account-header3":{"_":"Novi račun"},"setup-info-name":{"placeholder":"Vaše ime"},"setup-info-email":{"placeholder":"korisnik@domena.com"},"setup-info-password":{"placeholder":"Lozinka"},"setup-info-next":{"_":"Naprijed"},"setup-progress-wait-msg":{"_":"Podešavanje računa"},"setup-completed-header":{"_":"Podešavanje e-pošte"},"setup-completed-label":{"_":"Gotovo!"},"setup-add-another-account":{"_":"Dodaj novi račun"},"setup-show-mail":{"_":"Pokreni E-poštu"},"setup-error-offline":{"_":"Ovaj uređaj trenutno nije umrežen. Spojite se na mrežu i pokušajte ponovno."},"setup-error-bad-user-or-pass2":{"_":"Netočno korisničko ime ili lozinka. Provjerite jeste točno upisali podatke."},"setup-error-bad-address":{"_":"Invalid e-mail address. Check for typos."},"setup-error-not-authorized":{"_":"The server said you’re not authorized to create an account"},"setup-error-pop-server-not-great":{"_":"Poslužitelj nije podržan. POP3 poslužitelj ne podržava traženo."},"setup-error-unknown2":{"_":"Došlo je do nepoznate greške. Provjerite svoju mrežnu vezu ili pokušajte ručno podešavanje."},"setup-error-needs-app-pass":{"_":"Za Gmail račune s dvostrukom metodom prijave trebate koristiti posebne lozinke za aplikacije"},"setup-error-imap-disabled":{"_":"Morate omogućiti IMAP za svoj Gmail račun"},"setup-error-pop3-disabled":{"_":"Morate omogućiti POP3 za svoj Gmail račun"},"setup-error-bad-security":{"_":"Nije moguće uspostaviti sigurnu vezu sa \"{{server}}\". Možda postoji problem s vašom mrežom ili poslužiteljem."},"setup-error-unresponsive-server":{"_":"Nije moguće uspostaviti vezu sa \"{{server}}\". Možda postoji problem s mrežom."},"setup-error-server-problem":{"_":"Postoji problem s poslužiteljem \"{{server}}\". Pokušajte ponovno kasnije."},"setup-error-no-config-info":{"_":"Automatsko podešavanje računa nije moguće. Ispravite svoju adresu e-pošte ili pokušajte ručnu konfiguraciju."},"setup-error-server-maintenance":{"_":"U tijeku je održavanje poslužitelja \"{{server}}\". Pokušajte ponovno kasnije."},"setup-error-account-already-exists":{"_":"Ovaj korisnički račun je već postavljen."},"setup-manual-config2":{"_":"Ručno podešavanje"},"setup-manual-config-header":{"_":"Podešavanje"},"setup-manual-account-type":{"_":"Vrsta računa"},"setup-manual-imap-header":{"_":"IMAP postavke"},"setup-manual-pop3-header":{"_":"POP3 postavke"},"setup-manual-smtp-header":{"_":"SMTP postavke"},"setup-manual-activesync-header":{"_":"ActiveSync postavke"},"setup-manual-next":{"_":"Naprijed"},"setup-manual-socket":{"_":"Vrsta priključka"},"setup-manual-socket-ssl":{"_":"SSL"},"setup-manual-socket-starttls":{"_":"STARTTLS"},"setup-manual-hostname":{"placeholder":"Adresa poslužitelja"},"setup-manual-port":{"placeholder":"Port"},"setup-manual-username":{"placeholder":"Korisničko ime"},"setup-bad-password-header":{"_":"Kriva lozinka!"},"setup-bad-password":{"_":"Prijava na poslužitelj nije uspjela. Možda ste upisali krivu lozinku?"},"setup-new-password":{"placeholder":"Nova lozinka"},"setup-fix-password":{"_":"Pokušaj ponovno s novom lozinkom"},"setup-gmail-twofactor-header":{"_":"Dvostruka metoda prijave uključena"},"setup-gmail-twofactor-message":{"_":"Ispod trebate upisati lozinku izdanu za ovu aplikaciju."},"setup-gmail-twofactor-fix":{"_":"Koristi posebnu lozinku za ovu aplikaciju"},"setup-gmail-imap-header":{"_":"IMAP onemogućen"},"setup-gmail-imap-message":{"_":"Morate uključiti IMAP za svoj Gmail račun"},"setup-gmail-imap-retry":{"_":"Pokušaj ponovno"},"setup-gmail-pop3-header":{"_":"POP3 onemogućen"},"setup-gmail-pop3-message":{"_":"Morate uključiti POP3 za svoj Gmail račun"},"setup-gmail-pop3-retry":{"_":"Pokušaj ponovno"},"settings-main-header":{"_":"Postavke e-pošte"},"settings-sub-header-account":{"_":"Račun"},"settings-account-name":{"_":"Vaše ime"},"settings-account-display-notifications":{"_":"Prikazuj obavijesti za nove poruke"},"settings-sub-header-data":{"_":"Podaci"},"settings-account-check-mail":{"_":"Provjeri za nove poruke"},"settings-sub-header-server":{"_":"Postavke poslužitelja"},"settings-account-userpass":{"_":"Korisničko ime i lozinka"},"fld-account-picker-last-sync":{"_":"Zadnja sinkronizacija:"},"settings-done":{"_":"Gotovo"},"settings-account-section":{"_":"Računi"},"settings-account-add":{"_":"Dodaj račun"},"settings-account-delete":{"_":"Obriši račun"},"settings-account-delete-prompt":{"_":"Jeste li sigurni da želite obrisati {{account}} račun e-pošte? Ako ponovno stvorite isti račun, trebat ćete ponovno preuzeti sve poruke."},"settings-account-delete-cancel":{"_":"Otkaži"},"settings-account-delete-confirm":{"_":"Obriši"},"settings-about-section":{"_":"Informacije"},"settings-general-section":{"_":"Opće postavke"},"settings-check-mail":{"_":"Provjeri poštu"},"settings-show-images":{"_":"Uvijek prikaži slike"},"settings-download-attachments":{"_":"Preuzmi privitke"},"settings-notify-mail":{"_":"Obavijesti kada stigne nova pošta"},"settings-check-every-3min":{"_":"Svake 3 minute"},"settings-check-every-5min":{"_":"Svakih 5 minuta"},"settings-check-every-10min":{"_":"Svakih 10 minuta"},"settings-check-every-15min":{"_":"Svakih 15 minuta"},"settings-check-every-30min":{"_":"Svakih 30 minuta"},"settings-check-every-60min":{"_":"Svaki sat"},"settings-check-every-manual":{"_":"Ručno"},"settings-check-dynamic":{"_":"{[ plural(n) ]}","_[zero]":"sekundi","_[one]":"{{ n }} sekunda","_[two]":"{{ n }} sekunde","_[few]":"{{ n }} sekundi","_[many]":"{{ n }} sekundi","_[other]":"{{ n }} sekundi"},"settings-default-account":{"_":"Zadani račun"},"settings-account-type":{"_":"Vrsta računa"},"settings-account-credentials":{"_":"Pristupni podaci"},"settings-activesync-label":{"_":"ActiveSync postavke"},"settings-imap-label":{"_":"IMAP postavke"},"settings-pop3-label":{"_":"POP3 postavke"},"settings-smtp-label":{"_":"SMTP postavke"},"settings-hostname":{"_":"Adresa poslužitelja"},"settings-port":{"_":"Port"},"settings-username":{"_":"Korisničko ime"},"settings-password":{"_":"Lozinka"},"settings-save":{"_":"Spremi"},"settings-password-empty":{"_":"Polje lozinke ne bi smijelo biti prazno"},"settings-account-synchronize-window":{"_":"Sinkronizacija prema danima"},"settings-synchronize-auto":{"_":"Automatski"},"settings-synchronize-one-day":{"_":"1 dan"},"settings-synchronize-three-days":{"_":"3 dana"},"settings-synchronize-one-week":{"_":"1 tjedan"},"settings-synchronize-two-weeks":{"_":"2 tjedna"},"settings-synchronize-one-month":{"_":"1 mjesec"},"settings-synchronize-all":{"_":"Sve poruke"},"accounts-header":{"_":"Računi"},"accounts-button":{"_":"Računi"},"envelope-from":{"_":"Šalje"},"envelope-to":{"_":"Prima"},"envelope-cc":{"_":"Cc"},"envelope-bcc":{"_":"Bcc"},"reader-header":{"_":"Pročitaj"},"compose-header":{"_":"Sastavi poruku"},"compose-header-short":{"_":"Sastavi"},"compose-send":{"_":"Pošalji"},"compose-to":{"_":"Prima"},"compose-cc":{"_":"cc"},"compose-bcc":{"_":"bcc"},"compose-attachments":{"_":"{[ plural(n) ]}","_[zero]":"Privici","_[one]":"{{ n }} privitak","_[two]":"{{ n }} privitka","_[few]":"{{ n }} privitaka","_[many]":"{{ n }} privitaka","_[other]":"{{ n }} privitaka"},"compose-subject":{"_":"Naslov"},"compose-draft-save":{"_":"Spremi u Lokalne skice"},"compose-discard-message":{"_":"Obrisati poruku?"},"compose-discard-confirm":{"_":"Obriši"},"compose-sending-message":{"_":"Slanje e-pošte"},"compose-send-message-failed":{"_":"Slanje e-pošte nije uspjelo"},"composer-attachment-large":{"_":"Priložena datoteka je prevelika"},"composer-attachments-large":{"_":"Priložene datoteke su prevelike"},"compose-attchment-size-exceeded":{"_":"Odabrani priložak je prevelik za slanje pomoću ove poruke."},"compose-attchments-size-exceeded":{"_":"Odabrani prilošci su preveliki za slanje pomoću ove poruke. Pokušaj odabrati manje datoteka."},"dialog-button-ok":{"_":"OK"},"default-attachment-filename":{"_":"attachment{{ n }}"},"attachment-size-kib":{"_":"{{kilobytes}}K"},"message-attachment-view":{"textContent":"Prikaži"},"message-no-subject":{"_":"(bez naslova)"},"message-edit-menu-star":{"_":"Označi zvijezdicom"},"message-edit-menu-unstar":{"_":"Ukloni zvijezdicu"},"message-edit-menu-mark-read":{"_":"Označi kao pročitano"},"message-edit-menu-mark-unread":{"_":"Označi kao nepročitano"},"message-edit-menu-move":{"_":"Premjesti"},"message-edit-menu-delete":{"_":"Obriši"},"message-edit-delete-confirm":{"_":"Obrisati poruku?"},"message-send-attachment-disabled-confirm":{"_":"Priložak ne može biti prosljeđen."},"message-multiedit-header":{"_":"{[ plural(n) ]}","_[zero]":"Uredi","_[one]":"{{ n }} odabranu","_[two]":"{{ n }} odabrane","_[few]":"{{ n }} odabranih","_[many]":"{{ n }} odabranih","_[other]":"{{ n }} odabranih"},"browse-to-url-prompt":{"_":"Posjetiti adresu?: {{ url }}"},"message-download-images":{"_":"{[ plural(n) ]}","_[one]":"Ova poruka sadrži jednu sliku. Pritisnite za preuzimanje.","_[two]":"Ova poruka sadrži {{ n }} slike. Kliknite za preuzimanje.","_[few]":"Ova poruka sadrži {{ n }} slika. Pritisnite za preuzimanje.","_[many]":"Ova poruka sadrži {{ n }} slika. Pritisnite za preuzimanje.","_[other]":"Ova poruka sadrži {{ n }} slika. Pritisnite za preuzimanje."},"message-show-external-images":{"_":"Prikaži vanjske slike"},"message-multiedit-cancel":{"_":"Otkaži"},"message-multiedit-delete-confirm":{"_":"{[ plural(n) ]}","_[one]":"Obrisati ovu poruku?","_[two]":"Obrisati {{ n }} poruke?","_[few]":"Obrisati {{ n }} poruka?","_[many]":"Obrisati {{ n }} poruka?","_[other]":"Obrisati {{ n }} poruka?"},"message-large-message-cancel":{"_":"Otkaži"},"message-large-message-ok":{"_":"Nastavi"},"message-large-message-confirm":{"_":"Ova poruka je velika i možda će se preuzimati duže vrijeme."},"message-search-from":{"_":"Šalje"},"message-search-to":{"_":"Prima"},"message-search-subject":{"_":"Naslov"},"message-search-body":{"_":"Tekst"},"message-search-all":{"_":"Sve"},"message-search-input":{"placeholder":"Pretraži poruke"},"message-search-cancel-accessible":{"_":"Otkaži pretraživanje"},"messages-syncing":{"_":"Učitavanje poruka"},"messages-sync-more":{"_":"Učitaj više poruka s poslužitelja"},"messages-folder-empty":{"_":"Nema poruka u ovoj mapi"},"messages-search-empty":{"_":"Nema rezultata u lokalno spremljenim porukama"},"messages-folder-select":{"_":"Odaberi mapu"},"message-contact-menu-create":{"_":"Spremi novi kontakt"},"message-contact-menu-add-existing":{"_":"Dodaj postojećem kontaktu"},"message-contact-menu-view":{"_":"Prikaži kontakt"},"message-contact-menu-reply":{"_":"Odgovori"},"message-contact-menu-new":{"_":"Pošalji novu e-poštu"},"message-reply-menu-reply":{"_":"Odgovori"},"message-reply-menu-reply-all":{"_":"Odgovori svima"},"message-reply-menu-forward":{"_":"Proslijedi"},"message-reply-menu-cancel":{"_":"Otkaži"},"folder-list-header":{"_":"Mape"},"account-last-synced-label":{"_":"Zadnja sinkronizacija:"},"account-never-synced":{"_":"Nikad"},"reply-quoting-wrote":{"_":"{name} je napisao/la"},"forward-original-message":{"_":"Izvorna poruka"},"forward-header-subject":{"_":"Subject"},"forward-header-date":{"_":"Date"},"forward-header-from":{"_":"From"},"forward-header-reply-to":{"_":"Reply-To"},"forward-header-to":{"_":"To"},"forward-header-cc":{"_":"Cc"},"folder-inbox":{"_":"Primljena pošta"},"folder-sent":{"_":"Poslana pošta"},"folder-drafts":{"_":"Skice"},"folder-trash":{"_":"Smeće"},"folder-queue":{"_":"Odlazna pošta"},"folder-junk":{"_":"Neželjena pošta"},"folder-archives":{"_":"Arhiva"},"folder-localdrafts":{"_":"Lokalne skice"},"toaster-undo":{"_":"Vrati"},"toaster-retry":{"_":"Pokušaj ponovno"},"toaster-message-star":{"_":"{[ plural(n) ]}","_[one]":"Postavljena 1 oznaka poruke","_[two]":"Postavljene {{ n }} oznake poruka","_[few]":"Postavljeno {{ n }} oznaka poruka","_[many]":"Postavljeno {{ n }} oznaka poruka","_[other]":"Postavljeno {{ n }} oznaka poruka"},"toaster-message-unstar":{"_":"{[ plural(n) ]}","_[one]":"Uklonjena 1 oznaka poruke","_[two]":"Uklonjene {{ n }} oznake poruka","_[few]":"Uklonjeno {{ n }} oznaka poruka","_[many]":"Uklonjeno {{ n }} oznaka poruka","_[other]":"Uklonjeno {{ n }} oznaka poruka"},"toaster-message-read":{"_":"{[ plural(n) ]}","_[one]":"1 poruka označena kao pročitana","_[two]":"{{ n }} poruke označene kao pročitane","_[few]":"{{ n }} poruka označeno kao pročitano","_[many]":"{{ n }} poruka označeno kao pročitano","_[other]":"{{ n }} poruka označeno kao pročitano"},"toaster-message-unread":{"_":"{[ plural(n) ]}","_[one]":"1 poruka označena kao nepročitana","_[two]":"{{ n }} poruke označene kao nepročitane","_[few]":"{{ n }} poruka označeno kao nepročitano","_[many]":"{{ n }} poruka označeno kao nepročitano","_[other]":"{{ n }} poruka označeno kao nepročitano"},"toaster-message-move":{"_":"{[ plural(n) ]}","_[one]":"Premještena 1 poruka","_[two]":"Premještene {{ n }} poruke","_[few]":"Premješteno {{ n }} poruka","_[many]":"Premješteno {{ n }} poruka","_[other]":"Premješteno {{ n }} poruka"},"toaster-message-delete":{"_":"{[ plural(n) ]}","_[one]":"Obrisana 1 poruka","_[two]":"Obrisane {{ n }} poruke","_[few]":"Obrisano {{ n }} poruka","_[many]":"Obrisano {{ n }} poruka","_[other]":"Obrisano {{ n }} poruka"},"toaster-retryable-syncfailed":{"_":"Povezivanje na poslužitelj nije uspjelo"},"form-clear-input":{"_":"Ukloni tekst"},"confirm-dialog-title":{"_":"Potvrda"},"senders-separation-sign":{"_":", "},"new-emails":{"_":"{[ plural(n) ]}","_[one]":"1 nova e-pošta","_[two]":"{{ n }} nove e-pošte","_[few]":"{{ n }} novih e-pošti","_[many]":"{{ n }} novih e-pošti","_[other]":"{{ n }} novih e-pošti"},"new-emails-notify-one-account":{"_":"{[ plural(n) ]}","_[one]":"1 nova e-pošta","_[two]":"{{ n }} nove e-pošte","_[few]":"{{ n }} novih e-pošti","_[many]":"{{ n }} novih e-pošti","_[other]":"{{ n }} novih e-pošti"},"new-emails-notify-multiple-accounts":{"_":"{[ plural(n) ]}","_[one]":"1 nova e-pošta ({{ accountName }})","_[two]":"{{ n }} nove e-pošte ({{ accountName }})","_[few]":"{{ n }} novih e-pošta ({{ accountName }})","_[many]":"{{ n }} novih e-pošta ({{ accountName }})","_[other]":"{{ n }} novih e-pošta ({{ accountName }})"},"new-emails-notify-multiple-accounts-body":{"_":"{{ from }} “{{ subject }}”"},"weekday-0-long":{"_":"Nedjelja"},"weekday-1-long":{"_":"Ponedjeljak"},"weekday-2-long":{"_":"Utorak"},"weekday-3-long":{"_":"Srijeda"},"weekday-4-long":{"_":"Četvrtak"},"weekday-5-long":{"_":"Petak"},"weekday-6-long":{"_":"Subota"},"weekday-0-short":{"_":"Ned"},"weekday-1-short":{"_":"Pon"},"weekday-2-short":{"_":"Uto"},"weekday-3-short":{"_":"Sri"},"weekday-4-short":{"_":"Čet"},"weekday-5-short":{"_":"Pet"},"weekday-6-short":{"_":"Sub"},"month-0-long":{"_":"Siječanj"},"month-1-long":{"_":"Veljača"},"month-2-long":{"_":"Ožujak"},"month-3-long":{"_":"Travanj"},"month-4-long":{"_":"Svibanj"},"month-5-long":{"_":"Lipanj"},"month-6-long":{"_":"Srpanj"},"month-7-long":{"_":"Kolovoz"},"month-8-long":{"_":"Rujan"},"month-9-long":{"_":"Listopad"},"month-10-long":{"_":"Studeni"},"month-11-long":{"_":"Prosinac"},"month-0-genitive":{"_":"Siječnja"},"month-1-genitive":{"_":"Veljače"},"month-2-genitive":{"_":"Ožujka"},"month-3-genitive":{"_":"Travnja"},"month-4-genitive":{"_":"Svibnja"},"month-5-genitive":{"_":"Lipnja"},"month-6-genitive":{"_":"Srpnja"},"month-7-genitive":{"_":"Kolovoza"},"month-8-genitive":{"_":"Rujna"},"month-9-genitive":{"_":"Listopada"},"month-10-genitive":{"_":"Studenoga"},"month-11-genitive":{"_":"Prosinca"},"month-0-short":{"_":"Sij"},"month-1-short":{"_":"Velj"},"month-2-short":{"_":"Ožu"},"month-3-short":{"_":"Tra"},"month-4-short":{"_":"Svi"},"month-5-short":{"_":"Lip"},"month-6-short":{"_":"Srp"},"month-7-short":{"_":"Kol"},"month-8-short":{"_":"Ruj"},"month-9-short":{"_":"Lis"},"month-10-short":{"_":"Stu"},"month-11-short":{"_":"Pro"},"minutes-ago-long":{"_":"{[ plural(value) ]}","_[zero]":"upravo","_[one]":"prije minutu","_[two]":"prije {{value}} minute","_[few]":"prije {{value}} minutes","_[many]":"prije {{value}} minuta","_[other]":"prije {{value}} minuta"},"hours-ago-long":{"_":"{[ plural(value) ]}","_[zero]":"upravo","_[one]":"prije sat vremena","_[two]":"prije {{value}} sata","_[few]":"prije {{value}} sati","_[many]":"prije {{value}} sati","_[other]":"prije {{value}} sati"},"days-ago-long":{"_":"{[ plural(value) ]}","_[zero]":"danas","_[one]":"jučer","_[two]":"prije {{value}} dana","_[few]":"prije {{value}} dana","_[many]":"prije {{value}} dana","_[other]":"prije {{value}} dana"},"weeks-ago-long":{"_":"{[ plural(value) ]}","_[zero]":"ovaj tjedan","_[one]":"prošli tjedan","_[two]":"prije {{value}} tjedna","_[few]":"prije {{value}} tjedana","_[many]":"prije {{value}} tjedana","_[other]":"prije {{value}} tjedana"},"months-ago-long":{"_":"{[ plural(value) ]}","_[zero]":"ovaj mjesec","_[one]":"prošli mjesec","_[two]":"prije {{value}} mjeseca","_[few]":"prije {{value}} mjeseci","_[many]":"prije {{value}} mjeseci","_[other]":"prije {{value}} mjeseci"},"years-ago-long":{"_":"{[ plural(value) ]}","_[zero]":"ove godine","_[one]":"prošle godine","_[two]":"prije {{value}} godine","_[few]":"prije {{value}} godina","_[many]":"prije {{value}} godina","_[other]":"prije {{value}} godina"},"minutes-until-long":{"_":"{[ plural(value) ]}","_[zero]":"upravo","_[one]":"za minutu","_[two]":"za {{value}} minute","_[few]":"za {{value}} minuta","_[many]":"za {{value}} minuta","_[other]":"za {{value}} minuta"},"hours-until-long":{"_":"{[ plural(value) ]}","_[zero]":"upravo","_[one]":"za sat vremena","_[two]":"za {{value}} sata","_[few]":"za {{value}} sati","_[many]":"za {{value}} sati","_[other]":"za {{value}} sati"},"days-until-long":{"_":"{[ plural(value) ]}","_[zero]":"danas","_[one]":"sutra","_[two]":"za {{value}} dana","_[few]":"za {{value}} dana","_[many]":"za {{value}} dana","_[other]":"za {{value}} dana"},"weeks-until-long":{"_":"{[ plural(value) ]}","_[zero]":"ovaj tjedan","_[one]":"idući tjedan","_[two]":"za {{value}} tjedna","_[few]":"za {{value}} tjedana","_[many]":"za {{value}} tjedana","_[other]":"za {{value}} tjedana"},"months-until-long":{"_":"{[ plural(value) ]}","_[zero]":"ovaj mjesec","_[one]":"idući mjesec","_[two]":"za {{value}} mjeseca","_[few]":"za {{value}} mjeseci","_[many]":"za {{value}} mjeseci","_[other]":"za {{value}} mjeseci"},"years-until-long":{"_":"{[ plural(value) ]}","_[zero]":"ove godine","_[one]":"iduće godine","_[two]":"za {{value}} godine","_[few]":"za {{value}} godina","_[many]":"za {{value}} godina","_[other]":"za {{value}} godina"},"minutes-ago-short":{"_":"{[ plural(value) ]}","_[zero]":"upravo","_[other]":"prije {{value}}m"},"hours-ago-short":{"_":"{[ plural(value) ]}","_[zero]":"upravo","_[other]":"prije {{value}}s"},"days-ago-short":{"_":"{[ plural(value) ]}","_[zero]":"danas","_[other]":"prije {{value}}d"},"minutes-until-short":{"_":"{[ plural(value) ]}","_[zero]":"sada","_[other]":"za {{value}}m"},"hours-until-short":{"_":"{[ plural(value) ]}","_[zero]":"sada","_[other]":"za {{value}}s"},"days-until-short":{"_":"{[ plural(value) ]}","_[zero]":"danas","_[other]":"za {{value}}d"},"incorrectDate":{"_":"(netočan datum)"},"dateTimeFormat_%c":{"_":"%a %e %b %Y %H:%M:%S"},"dateTimeFormat_%x":{"_":"%d.%m.%Y"},"dateTimeFormat_%X":{"_":"%H:%M:%S"},"shortTimeFormat":{"_":"%H:%M"},"shortDateTimeFormat":{"_":"%x %H:%M"},"weekStartsOnMonday":{"_":"1"},"time_am":{"_":"AM"},"time_pm":{"_":"PM"}}