{"setup-app-name-header":{"_":"Levelező"},"setup-empty-account-prompt":{"_":"Az e-mailek küldése és fogadása nincs beállítva. Szeretné ezt most elvégezni?"},"setup-pick-service":{"_":"Az e-mailek küldéséhez és fogadásához be kell állítania egy fiókot."},"setup-account-header3":{"_":"Új postafiók"},"setup-info-name":{"placeholder":"Az Ön neve"},"setup-info-email":{"placeholder":"valaki@példa.hu"},"setup-info-password":{"placeholder":"Jelszó"},"setup-info-next":{"_":"Tovább"},"setup-progress-wait-msg":{"_":"Kis türelmet, amíg a fiók beállítása megtörténik"},"setup-completed-header":{"_":"Postafiók beállítása"},"setup-completed-label":{"_":"Elkészült!"},"setup-add-another-account":{"_":"Másik fiók hozzáadása"},"setup-show-mail":{"_":"Tovább a Levelezőbe"},"setup-error-offline":{"_":"Az eszköz nincs kapcsolódva. Csatlakozzon egy hálózathoz, és próbálja újra."},"setup-error-bad-user-or-pass2":{"_":"Érvénytelen felhasználónév vagy jelszó, ellenőrizze."},"setup-error-bad-address":{"_":"Érvénytelen e-mail cím, ellenőrizze."},"setup-error-not-authorized":{"_":"A kiszolgáló szerint Ön nem hozhat létre fiókot"},"setup-error-pop-server-not-great":{"_":"A kiszolgáló nem támogatott. A POP3 kiszolgáló nem valósít meg szükséges funkciókat."},"setup-error-unknown2":{"_":"Ismeretlen hiba történt. Ellenőrizze a hálózati kapcsolatot, vagy próbálja meg a kézi beállítási lehetőséget."},"setup-error-needs-app-pass":{"_":"Az alkalmazáshoz tartozó jelszót kell megadnia a kétfaktorú Gmail fiókokhoz"},"setup-error-imap-disabled":{"_":"Engedélyeznie kell az IMAP protokollt a Gmail fiók használatához"},"setup-error-pop3-disabled":{"_":"Engedélyeznie kell a POP3 protokollt a Gmail fiók használatához"},"setup-error-bad-security":{"_":"Nem hozható létre biztonságos kapcsolat ehhez: „{{server}}”. Probléma lehet a hálózattal vagy a kiszolgálóval."},"setup-error-unresponsive-server":{"_":"Nem hozható létre kapcsolat ehhez: „{{server}}”. Probléma lehet a kiszolgálóval."},"setup-error-server-problem":{"_":"Probléma van ezzel a kiszolgálóval: „{{server}}”. Próbálja újra később."},"setup-error-no-config-info":{"_":"Nem lehet automatikusan beállítani a fiókját. Javítsa e-mail címét, vagy próbálja a kézi beállítási lehetőséget."},"setup-error-server-maintenance":{"_":"A(z) „{{server}}” karbantartás miatt nem érhető el. Próbálja újra később."},"setup-error-account-already-exists":{"_":"A fiók már be van állítva."},"setup-manual-config2":{"_":"Kézi beállítás"},"setup-manual-config-header":{"_":"Kézi beállítás"},"setup-manual-account-type":{"_":"Fióktípus"},"setup-manual-imap-header":{"_":"IMAP-beállítások"},"setup-manual-pop3-header":{"_":"POP3-beállítások"},"setup-manual-smtp-header":{"_":"SMTP-beállítások"},"setup-manual-activesync-header":{"_":"ActiveSync beállítások"},"setup-manual-next":{"_":"Tovább"},"setup-manual-socket":{"_":"Foglalattípus"},"setup-manual-socket-ssl":{"_":"SSL"},"setup-manual-socket-starttls":{"_":"STARTTLS"},"setup-manual-hostname":{"placeholder":"Gép neve"},"setup-manual-port":{"placeholder":"Portszám"},"setup-manual-username":{"placeholder":"Felhasználónév"},"setup-bad-password-header":{"_":"Hibás jelszó!"},"setup-bad-password":{"_":"Nem sikerült bejelentkezni a kiszolgálóra. Nem lehet, hogy hibás a jelszó?"},"setup-new-password":{"placeholder":"Új jelszó"},"setup-fix-password":{"_":"Újra másik jelszóval"},"setup-gmail-twofactor-header":{"_":"Kétfaktorú hitelesítés engedélyezve"},"setup-gmail-twofactor-message":{"_":"Az alkalmazáshoz tartozó jelszót kell megadnia."},"setup-gmail-twofactor-fix":{"_":"Használja az alkalmazás jelszavát"},"setup-gmail-imap-header":{"_":"IMAP letiltva"},"setup-gmail-imap-message":{"_":"Engedélyezze az IMAP-ot a Gmail fiókjához"},"setup-gmail-imap-retry":{"_":"Újra"},"setup-gmail-pop3-header":{"_":"POP3 letiltva"},"setup-gmail-pop3-message":{"_":"Engedélyezze a POP3-at a Gmail fiókjához"},"setup-gmail-pop3-retry":{"_":"Próbálja újra"},"settings-main-header":{"_":"Levelezés"},"settings-sub-header-account":{"_":"Fiók"},"settings-account-name":{"_":"Az Ön neve"},"settings-account-display-notifications":{"_":"Figyelmeztetés új üzenet érkezésekor"},"settings-sub-header-data":{"_":"Adatok"},"settings-account-check-mail":{"_":"Új üzenet keresése"},"settings-sub-header-server":{"_":"Beállítások"},"settings-account-userpass":{"_":"Felhasználónév és jelszó"},"fld-account-picker-last-sync":{"_":"Utolsó szinkronizálás"},"settings-done":{"_":"Kész"},"settings-account-section":{"_":"Fiókok"},"settings-account-add":{"_":"Fiók hozzáadása"},"settings-account-delete":{"_":"Fiók törlése"},"settings-account-delete-prompt":{"_":"Biztos benne, hogy törli a következő fiókot: {{account}}? Ha újra létrehozza a fiókot az összes levelet ismét le kell majd töltenie."},"settings-account-delete-cancel":{"_":"Mégse"},"settings-account-delete-confirm":{"_":"Törlés"},"settings-about-section":{"_":"Névjegy"},"settings-general-section":{"_":"Általános beállítások"},"settings-check-mail":{"_":"Levelek keresése"},"settings-show-images":{"_":"Képek megjelenítése mindig"},"settings-download-attachments":{"_":"Mellékletek letöltése"},"settings-notify-mail":{"_":"Értesítés új levélről"},"settings-check-every-3min":{"_":"3 percenként"},"settings-check-every-5min":{"_":"5 percenként"},"settings-check-every-10min":{"_":"10 percenként"},"settings-check-every-15min":{"_":"15 percenként"},"settings-check-every-30min":{"_":"30 percenként"},"settings-check-every-60min":{"_":"Óránként"},"settings-check-every-manual":{"_":"Kézzel"},"settings-check-dynamic":{"_":"{[ plural(n) ]}","_[zero]":"másodperc","_[one]":"{{ n }} másodperc","_[two]":"{{ n }} másodperc","_[few]":"{{ n }} másodperc","_[many]":"{{ n }} másodperc","_[other]":"{{ n }} másodperc"},"settings-default-account":{"_":"Alapértelmezett fiók"},"settings-account-type":{"_":"Fióktípus"},"settings-account-credentials":{"_":"Hitelesítési adatok"},"settings-activesync-label":{"_":"ActiveSync beállítások"},"settings-imap-label":{"_":"IMAP-beállítások"},"settings-pop3-label":{"_":"POP3-beállítások"},"settings-smtp-label":{"_":"SMTP-beállítások"},"settings-hostname":{"_":"Gép neve"},"settings-port":{"_":"Port"},"settings-username":{"_":"Felhasználónév"},"settings-password":{"_":"Jelszó"},"settings-save":{"_":"Mentés"},"settings-password-empty":{"_":"A jelszó nem lehet üres!"},"settings-account-synchronize-window":{"_":"Szinkronizálandó napok száma"},"settings-synchronize-auto":{"_":"Automatikus"},"settings-synchronize-one-day":{"_":"1 nap"},"settings-synchronize-three-days":{"_":"3 nap"},"settings-synchronize-one-week":{"_":"1 hét"},"settings-synchronize-two-weeks":{"_":"2 hét"},"settings-synchronize-one-month":{"_":"1 hónap"},"settings-synchronize-all":{"_":"Minden üzenet"},"accounts-header":{"_":"Fiókok"},"accounts-button":{"_":"Fiókok"},"envelope-from":{"_":"Feladó"},"envelope-to":{"_":"Címzett"},"envelope-cc":{"_":"Másolat"},"envelope-bcc":{"_":"Rejtett másolat"},"reader-header":{"_":"Olvasott"},"compose-header":{"_":"Üzenet írása"},"compose-header-short":{"_":"Írás"},"compose-send":{"_":"Küldés"},"compose-to":{"_":"Címzett"},"compose-cc":{"_":"Másolat"},"compose-bcc":{"_":"Rejtett másolat"},"compose-attachments":{"_":"{[ plural(n) ]}","_[zero]":"Mellékletek","_[one]":"{{ n }} melléklet","_[two]":"{{ n }} melléklet","_[few]":"{{ n }} melléklet","_[many]":"{{ n }} melléklet","_[other]":"{{ n }} melléklet"},"compose-subject":{"_":"Tárgy"},"compose-draft-save":{"_":"Mentés helyi piszkozatként"},"compose-discard-message":{"_":"Eltávolítja a levelet?"},"compose-discard-confirm":{"_":"Eldobás"},"compose-sending-message":{"_":"Levél küldése"},"compose-send-message-failed":{"_":"A levélküldés meghiúsult"},"composer-attachment-large":{"_":"A melléklet túl nagy"},"composer-attachments-large":{"_":"A mellékletek túl nagyok"},"compose-attchment-size-exceeded":{"_":"A kiválasztott melléklet túl nagy ahhoz, hogy ehhez az üzenethez csatolni lehessen."},"compose-attchments-size-exceeded":{"_":"A kiválasztott mellékletek túl nagyok ehhez az üzenethez. Érdemes megpróbálni kevesebb fájllal."},"dialog-button-ok":{"_":"OK"},"default-attachment-filename":{"_":"melleklet{{ n }}"},"attachment-size-kib":{"_":"{{kilobytes}}K"},"message-attachment-view":{"textContent":"Megjelenítés"},"message-no-subject":{"_":"(nincs tárgy)"},"message-edit-menu-star":{"_":"Csillag"},"message-edit-menu-unstar":{"_":"Csillag törlése"},"message-edit-menu-mark-read":{"_":"Megjelölés olvasottként"},"message-edit-menu-mark-unread":{"_":"Megjelölés olvasatlanként"},"message-edit-menu-move":{"_":"Áthelyezés"},"message-edit-menu-delete":{"_":"Törlés"},"message-edit-delete-confirm":{"_":"Törli az e-mailt?"},"message-send-attachment-disabled-confirm":{"_":"A mellékletek nem továbbíthatók."},"message-multiedit-header":{"_":"{[ plural(n) ]}","_[zero]":"Szerkesztés","_[one]":"{{ n }} kijelölve","_[two]":"{{ n }} kijelölve","_[few]":"{{ n }} kijelölve","_[many]":"{{ n }} kijelölve","_[other]":"{{ n }} kijelölve"},"browse-to-url-prompt":{"_":"Megnyitja az URL-t: {{ url }}?"},"message-download-images":{"_":"{[ plural(n) ]}","_[one]":"Ez az e-mail egy képet tartalmaz. Kattintson a letöltéshez.","_[two]":"Ez az e-mail {{ n }} képet tartalmaz. Kattintson a letöltéshez.","_[few]":"Ez az e-mail {{ n }} képet tartalmaz. Kattintson a letöltéshez.","_[many]":"Ez az e-mail {{ n }} képet tartalmaz. Kattintson a letöltéshez.","_[other]":"Ez az e-mail {{ n }} képet tartalmaz. Kattintson a letöltéshez."},"message-show-external-images":{"_":"Külső képek megjelenítése"},"message-multiedit-cancel":{"_":"Mégse"},"message-multiedit-delete-confirm":{"_":"{[ plural(n) ]}","_[one]":"Törli ezt az e-mailt?","_[two]":"Töröl {{ n }} e-mailt?","_[few]":"Töröl {{ n }} e-mailt?","_[many]":"Töröl {{ n }} e-mailt?","_[other]":"Töröl {{ n }} e-mailt?"},"message-large-message-cancel":{"_":"Mégse"},"message-large-message-ok":{"_":"Folytatás"},"message-large-message-confirm":{"_":"Ez az üzenet nagy, és letöltése sokáig tarthat."},"message-search-from":{"_":"Feladó"},"message-search-to":{"_":"Cím"},"message-search-subject":{"_":"Tárgy"},"message-search-body":{"_":"Szöveg"},"message-search-all":{"_":"Mind"},"message-search-input":{"placeholder":"Levelek keresése"},"message-search-cancel-accessible":{"_":"Keresés megszakítása"},"messages-syncing":{"_":"Üzenetek betöltése"},"messages-sync-more":{"_":"További üzenetek betöltése a kiszolgálóról"},"messages-folder-empty":{"_":"Nincsenek levelek ebben a mappában"},"messages-search-empty":{"_":"Nincs találat a helyileg tárolt üzenetekben"},"messages-folder-select":{"_":"Válasszon mappát"},"message-contact-menu-create":{"_":"Új névjegy mentése"},"message-contact-menu-add-existing":{"_":"Hozzáadás meglévő névjegyhez"},"message-contact-menu-view":{"_":"Névjegy megtekintése"},"message-contact-menu-reply":{"_":"Válasz"},"message-contact-menu-new":{"_":"Új levél küldése"},"message-reply-menu-reply":{"_":"Válasz"},"message-reply-menu-reply-all":{"_":"Válasz mindenkinek"},"message-reply-menu-forward":{"_":"Továbbítás"},"message-reply-menu-cancel":{"_":"Mégse"},"folder-list-header":{"_":"Mappák"},"account-last-synced-label":{"_":"Utolsó szinkronizálás"},"account-never-synced":{"_":"Soha"},"reply-quoting-wrote":{"_":"{name} írta"},"forward-original-message":{"_":"Eredeti üzenet"},"forward-header-subject":{"_":"Tárgy"},"forward-header-date":{"_":"Dátum"},"forward-header-from":{"_":"Feladó"},"forward-header-reply-to":{"_":"Válaszcím"},"forward-header-to":{"_":"Címzett"},"forward-header-cc":{"_":"CC"},"folder-inbox":{"_":"Beérkezett"},"folder-sent":{"_":"Elküldött"},"folder-drafts":{"_":"Piszkozatok"},"folder-trash":{"_":"Törölt elemek"},"folder-queue":{"_":"Postázandó"},"folder-junk":{"_":"Szemét"},"folder-archives":{"_":"Archívum"},"folder-localdrafts":{"_":"Helyi piszkozatok"},"toaster-undo":{"_":"Visszavonás"},"toaster-retry":{"_":"Próbálja újra"},"toaster-message-star":{"_":"{[ plural(n) ]}","_[one]":"1 üzenetjelző beállítva","_[two]":"{{ n }} üzenetjelző beállítva","_[few]":"{{ n }} üzenetjelző beállítva","_[many]":"{{ n }} üzenetjelző beállítva","_[other]":"{{ n }} üzenetjelző beállítva"},"toaster-message-unstar":{"_":"{[ plural(n) ]}","_[one]":"1 üzenetjelző eltávolítva","_[two]":"{{ n }} üzenetjelző eltávolítva","_[few]":"{{ n }} üzenetjelző eltávolítva","_[many]":"{{ n }} üzenetjelző eltávolítva","_[other]":"{{ n }} üzenetjelző eltávolítva"},"toaster-message-read":{"_":"{[ plural(n) ]}","_[one]":"1 üzenet megjelölve olvasottként","_[two]":"{{ n }} üzenet megjelölve olvasottként","_[few]":"{{ n }} üzenet megjelölve olvasottként","_[many]":"{{ n }} üzenet megjelölve olvasottként","_[other]":"{{ n }} üzenet megjelölve olvasottként"},"toaster-message-unread":{"_":"{[ plural(n) ]}","_[one]":"1 üzenet megjelölve olvasatlanként","_[two]":"{{ n }} üzenet megjelölve olvasatlanként","_[few]":"{{ n }} üzenet megjelölve olvasatlanként","_[many]":"{{ n }} üzenet megjelölve olvasatlanként","_[other]":"{{ n }} üzenet megjelölve olvasatlanként"},"toaster-message-move":{"_":"{[ plural(n) ]}","_[one]":"1 üzenet áthelyezve","_[two]":"{{ n }} üzenet áthelyezve","_[few]":"{{ n }} üzenet áthelyezve","_[many]":"{{ n }} üzenet áthelyezve","_[other]":"{{ n }} üzenet áthelyezve"},"toaster-message-delete":{"_":"{[ plural(n) ]}","_[one]":"1 üzenet törölve","_[two]":"{{ n }} üzenet törölve","_[few]":"{{ n }} üzenet törölve","_[many]":"{{ n }} üzenet törölve","_[other]":"{{ n }} üzenet törölve"},"toaster-retryable-syncfailed":{"_":"Nem lehet csatlakozni a kiszolgálóhoz"},"form-clear-input":{"_":"Szöveg eltávolítása"},"confirm-dialog-title":{"_":"Megerősítés"},"senders-separation-sign":{"_":","},"new-emails":{"_":"{[ plural(n) ]}","_[one]":"1 új e-mail","_[two]":"{{n}} új e-mail","_[few]":"{{n}} új e-mail","_[many]":"{{n}} új e-mail","_[other]":"{{n}} új e-mail"},"new-emails-notify-one-account":{"_":"{[ plural(n) ]}","_[one]":"1 új e-mail","_[two]":"{{n}} új e-mail","_[few]":"{{n}} új e-mail","_[many]":"{{n}} új e-mail","_[other]":"{{n}} új e-mail"},"new-emails-notify-multiple-accounts":{"_":"{[ plural(n) ]}","_[one]":"1 új üzenet ({{ accountName }})","_[two]":"{{ n }} új üzenet ({{ accountName }})","_[few]":"{{ n }} új üzenet ({{ accountName }})","_[many]":"{{ n }} új üzenet ({{ accountName }})","_[other]":"{{ n }} új üzenet ({{ accountName }})"},"new-emails-notify-multiple-accounts-body":{"_":"{{ from }} „{{ subject }}”"},"weekday-0-long":{"_":"Vasárnap"},"weekday-1-long":{"_":"Hétfő"},"weekday-2-long":{"_":"Kedd"},"weekday-3-long":{"_":"Szerda"},"weekday-4-long":{"_":"Csütörtök"},"weekday-5-long":{"_":"Péntek"},"weekday-6-long":{"_":"Szombat"},"weekday-0-short":{"_":"Va."},"weekday-1-short":{"_":"Hé."},"weekday-2-short":{"_":"Ke."},"weekday-3-short":{"_":"Sze."},"weekday-4-short":{"_":"Csü."},"weekday-5-short":{"_":"Pé."},"weekday-6-short":{"_":"Szo."},"month-0-long":{"_":"Január"},"month-1-long":{"_":"Február"},"month-2-long":{"_":"Március"},"month-3-long":{"_":"Április"},"month-4-long":{"_":"Május"},"month-5-long":{"_":"Június"},"month-6-long":{"_":"Július"},"month-7-long":{"_":"Augusztus"},"month-8-long":{"_":"Szeptember"},"month-9-long":{"_":"Október"},"month-10-long":{"_":"November"},"month-11-long":{"_":"December"},"month-0-genitive":{"_":"Január"},"month-1-genitive":{"_":"Február"},"month-2-genitive":{"_":"Március"},"month-3-genitive":{"_":"Április"},"month-4-genitive":{"_":"Május"},"month-5-genitive":{"_":"Június"},"month-6-genitive":{"_":"Július"},"month-7-genitive":{"_":"Augusztus"},"month-8-genitive":{"_":"Szeptember"},"month-9-genitive":{"_":"Október"},"month-10-genitive":{"_":"November"},"month-11-genitive":{"_":"December"},"month-0-short":{"_":"Jan"},"month-1-short":{"_":"Feb"},"month-2-short":{"_":"Már"},"month-3-short":{"_":"Ápr"},"month-4-short":{"_":"Máj"},"month-5-short":{"_":"Jún"},"month-6-short":{"_":"Júl"},"month-7-short":{"_":"Aug"},"month-8-short":{"_":"Szep"},"month-9-short":{"_":"Okt"},"month-10-short":{"_":"Nov"},"month-11-short":{"_":"Dec"},"minutes-ago-long":{"_":"{[ plural(value) ]}","_[zero]":"épp most","_[one]":"egy perccel ezelőtt","_[two]":"{{value}} perccel ezelőtt","_[few]":"{{value}} perccel ezelőtt","_[many]":"{{value}} perccel ezelőtt","_[other]":"{{value}} perccel ezelőtt"},"hours-ago-long":{"_":"{[ plural(value) ]}","_[zero]":"épp most","_[one]":"egy órája","_[two]":"{{value}} órával ezelőtt","_[few]":"{{value}} órával ezelőtt","_[many]":"{{value}} órával ezelőtt","_[other]":"{{value}} órával ezelőtt"},"days-ago-long":{"_":"{[ plural(value) ]}","_[zero]":"ma","_[one]":"tegnap","_[two]":"{{value}} nappal ezelőtt","_[few]":"{{value}} nappal ezelőtt","_[many]":"{{value}} nappal ezelőtt","_[other]":"{{value}} nappal ezelőtt"},"weeks-ago-long":{"_":"{[ plural(value) ]}","_[zero]":"ez a hét","_[one]":"múlt hét","_[two]":"{{value}} héttel ezelőtt","_[few]":"{{value}} héttel ezelőtt","_[many]":"{{value}} héttel ezelőtt","_[other]":"{{value}} héttel ezelőtt"},"months-ago-long":{"_":"{[ plural(value) ]}","_[zero]":"ez a hónap","_[one]":"előző hónap","_[two]":"{{value}} hónappal ezelőtt","_[few]":"{{value}} hónappal ezelőtt","_[many]":"{{value}} hónappal ezelőtt","_[other]":"{{value}} hónappal ezelőtt"},"years-ago-long":{"_":"{[ plural(value) ]}","_[zero]":"ez az év","_[one]":"tavaly","_[two]":"{{value}} évvel ezelőtt","_[few]":"{{value}} évvel ezelőtt","_[many]":"{{value}} évvel ezelőtt","_[other]":"{{value}} évvel ezelőtt"},"minutes-until-long":{"_":"{[ plural(value) ]}","_[zero]":"most","_[one]":"egy percen belül","_[two]":"{{value}} percen belül","_[few]":"{{value}} percen belül","_[many]":"{{value}} percen belül","_[other]":"{{value}} percen belül"},"hours-until-long":{"_":"{[ plural(value) ]}","_[zero]":"most","_[one]":"egy órán belül","_[two]":"{{value}} órán belül","_[few]":"{{value}} órán belül","_[many]":"{{value}} órán belül","_[other]":"{{value}} órán belül"},"days-until-long":{"_":"{[ plural(value) ]}","_[zero]":"ma","_[one]":"holnap","_[two]":"{{value}} napon belül","_[few]":"{{value}} napon belül","_[many]":"{{value}} napon belül","_[other]":"{{value}} napon belül"},"weeks-until-long":{"_":"{[ plural(value) ]}","_[zero]":"ez a hét","_[one]":"következő hét","_[two]":"{{value}} héten belül","_[few]":"{{value}} héten belül","_[many]":"{{value}} héten belül","_[other]":"{{value}} héten belül"},"months-until-long":{"_":"{[ plural(value) ]}","_[zero]":"ez a hónap","_[one]":"következő hónap","_[two]":"{{value}} héten belül","_[few]":"{{value}} héten belül","_[many]":"{{value}} héten belül","_[other]":"{{value}} héten belül"},"years-until-long":{"_":"{[ plural(value) ]}","_[zero]":"ez az év","_[one]":"következő év","_[two]":"{{value}} éven belül","_[few]":"{{value}} éven belül","_[many]":"{{value}} éven belül","_[other]":"{{value}} éven belül"},"minutes-ago-short":{"_":"{[ plural(value) ]}","_[zero]":"épp most","_[other]":"{{value}}p ezelőtt"},"hours-ago-short":{"_":"{[ plural(value) ]}","_[zero]":"épp most","_[other]":"{{value}}ó ezelőtt"},"days-ago-short":{"_":"{[ plural(value) ]}","_[zero]":"ma","_[other]":"{{value}}n ezelőtt"},"minutes-until-short":{"_":"{[ plural(value) ]}","_[zero]":"most","_[other]":"{{value}} percen belül"},"hours-until-short":{"_":"{[ plural(value) ]}","_[zero]":"most","_[other]":"{{value}} órán belül"},"days-until-short":{"_":"{[ plural(value) ]}","_[zero]":"ma","_[other]":"{{value}} napon belül"},"incorrectDate":{"_":"(helytelen dátum)"},"dateTimeFormat_%c":{"_":"%Y. %b %d %a %H:%M:%S"},"dateTimeFormat_%x":{"_":"%Y. %m. %d."},"dateTimeFormat_%X":{"_":"%H:%M:%S"},"shortTimeFormat":{"_":"%H:%M"},"shortDateTimeFormat":{"_":"%x %H:%M"},"weekStartsOnMonday":{"_":"0"},"time_am":{"_":"DE"},"time_pm":{"_":"DU"}}