{"setup-app-name-header":{"_":"Posta"},"setup-empty-account-prompt":{"_":"Non è presente la configurazione per inviare e ricevere la posta. Iniziare la configurazione adesso?"},"setup-pick-service":{"_":"Per inviare e ricevere email è necessario configurare un account."},"setup-account-header3":{"_":"Nuovo account"},"setup-info-name":{"placeholder":"Nome"},"setup-info-email":{"placeholder":"nome@example.com"},"setup-info-password":{"placeholder":"Password"},"setup-info-next":{"_":"Avanti"},"setup-progress-wait-msg":{"_":"Configurazione account"},"setup-completed-header":{"_":"Config. account"},"setup-completed-label":{"_":"Completato."},"setup-add-another-account":{"_":"Aggiungi un altro account"},"setup-show-mail":{"_":"Entra in Posta"},"setup-error-offline":{"_":"Il dispositivo è attualmente non in linea. Connetterlo a una rete e riprovare."},"setup-error-bad-user-or-pass2":{"_":"Nome utente o password non corretti. Verificare eventuali errori."},"setup-error-bad-address":{"_":"Indirizzo email non corretto. Verificare eventuali errori."},"setup-error-not-authorized":{"_":"Risposta del server: non si possiedono i permessi per creare un account"},"setup-error-pop-server-not-great":{"_":"Server non supportato. Il server POP3 non implementa le caratteristiche richieste."},"setup-error-unknown2":{"_":"Si è verificato un errore sconosciuto. Controllare la connessione di rete o riprovare con la configurazione manuale."},"setup-error-needs-app-pass":{"_":"È necessario indicare una password specifica per l’applicazione per account Gmail con verifica in due passaggi"},"setup-error-imap-disabled":{"_":"È necessario attivare IMAP nell’account Gmail"},"setup-error-pop3-disabled":{"_":"È necessario attivare POP3 nell’account Gmail"},"setup-error-bad-security":{"_":"Impossibile stabilire una connessione sicura con “{{server}}”. Potrebbe trattarsi di un problema della rete oppure del server."},"setup-error-unresponsive-server":{"_":"Impossibile stabilire una connessione con “{{server}}”. Potrebbe trattarsi di un problema della rete."},"setup-error-server-problem":{"_":"Si è verificato un problema con il server “{{server}}”. Riprovare più tardi."},"setup-error-no-config-info":{"_":"Impossibile configurare automaticamente l’account. Verificare l’indirizzo email o riprovare con la configurazione manuale."},"setup-error-server-maintenance":{"_":"Il server “{{server}}” non è disponibile per manutenzione. Riprovare più tardi."},"setup-error-account-already-exists":{"_":"Questo account è già configurato."},"setup-manual-config2":{"_":"Configurazione manuale"},"setup-manual-config-header":{"_":"Impost. manuale"},"setup-manual-account-type":{"_":"Tipo account"},"setup-manual-imap-header":{"_":"Impostazioni IMAP"},"setup-manual-pop3-header":{"_":"Impostazioni POP3"},"setup-manual-smtp-header":{"_":"Impostazioni SMTP"},"setup-manual-activesync-header":{"_":"Impostazioni ActiveSync"},"setup-manual-next":{"_":"Avanti"},"setup-manual-socket":{"_":"Tipo socket"},"setup-manual-socket-ssl":{"_":"SSL"},"setup-manual-socket-starttls":{"_":"STARTTLS"},"setup-manual-hostname":{"placeholder":"Server"},"setup-manual-port":{"placeholder":"Numero porta"},"setup-manual-username":{"placeholder":"Nome utente"},"setup-bad-password-header":{"_":"Password errata."},"setup-bad-password":{"_":"Impossibile collegarsi al server. Probabilmente la password è errata."},"setup-new-password":{"placeholder":"Nuova password"},"setup-fix-password":{"_":"Riprova con una nuova password"},"setup-gmail-twofactor-header":{"_":"Autenticazione in due passaggi attivata"},"setup-gmail-twofactor-message":{"_":"Indicare di seguito una password specifica per l’applicazione."},"setup-gmail-twofactor-fix":{"_":"Utilizza password applicazione"},"setup-gmail-imap-header":{"_":"IMAP disattivato"},"setup-gmail-imap-message":{"_":"È necessario attivare IMAP nell’account Gmail"},"setup-gmail-imap-retry":{"_":"Riprova"},"setup-gmail-pop3-header":{"_":"POP3 disattivato"},"setup-gmail-pop3-message":{"_":"È necessario attivare POP3 nell’account Gmail"},"setup-gmail-pop3-retry":{"_":"Riprova"},"settings-main-header":{"_":"Impostazioni email"},"settings-sub-header-account":{"_":"Account"},"settings-account-name":{"_":"Nome"},"settings-account-display-notifications":{"_":"Visualizza notifiche per nuovi messaggi"},"settings-sub-header-data":{"_":"Dati"},"settings-account-check-mail":{"_":"Controlla nuovi messaggi"},"settings-sub-header-server":{"_":"Impostazioni server"},"settings-account-userpass":{"_":"Nome utente e password"},"fld-account-picker-last-sync":{"_":"Ultima sinc.:"},"settings-done":{"_":"Fine"},"settings-account-section":{"_":"Account"},"settings-account-add":{"_":"Aggiungi account"},"settings-account-delete":{"_":"Elimina account"},"settings-account-delete-prompt":{"_":"Eliminare l’account email {{account}}? Sarà necessario riscaricare i messaggi se si crea nuovamente l’account."},"settings-account-delete-cancel":{"_":"Annulla"},"settings-account-delete-confirm":{"_":"Elimina"},"settings-about-section":{"_":"About"},"settings-general-section":{"_":"Impostazioni generali"},"settings-check-mail":{"_":"Check mail"},"settings-show-images":{"_":"Visualizza sempre le immagini"},"settings-download-attachments":{"_":"Scarica allegati"},"settings-notify-mail":{"_":"Notify of new mail"},"settings-check-every-3min":{"_":"Every 3 minutes"},"settings-check-every-5min":{"_":"Ogni 5 minuti"},"settings-check-every-10min":{"_":"Ogni 10 minuti"},"settings-check-every-15min":{"_":"Ogni 15 minuti"},"settings-check-every-30min":{"_":"Ogni 30 minuti"},"settings-check-every-60min":{"_":"Ogni ora"},"settings-check-every-manual":{"_":"Manualmente"},"settings-check-dynamic":{"_":"{[ plural(n) ]}","_[zero]":"secondi","_[one]":"{{ n }} secondi","_[two]":"{{ n }} secondi","_[few]":"{{ n }} secondi","_[many]":"{{ n }} secondi","_[other]":"{{ n }} secondi"},"settings-default-account":{"_":"Imposta come predefinito"},"settings-account-type":{"_":"Tipo di account"},"settings-account-credentials":{"_":"Credenziali"},"settings-activesync-label":{"_":"Impostazioni ActiveSync"},"settings-imap-label":{"_":"Impostazioni IMAP"},"settings-pop3-label":{"_":"Impostazioni POP3"},"settings-smtp-label":{"_":"Impostazioni SMTP"},"settings-hostname":{"_":"Indirizzo server"},"settings-port":{"_":"Porta"},"settings-username":{"_":"Nome utente"},"settings-password":{"_":"Password"},"settings-save":{"_":"Salva"},"settings-password-empty":{"_":"È necessario inserire una password"},"settings-account-synchronize-window":{"_":"Giorni da sincronizzare"},"settings-synchronize-auto":{"_":"Automatico"},"settings-synchronize-one-day":{"_":"1 giorno"},"settings-synchronize-three-days":{"_":"3 giorni"},"settings-synchronize-one-week":{"_":"1 settimana"},"settings-synchronize-two-weeks":{"_":"2 settimane"},"settings-synchronize-one-month":{"_":"1 mese"},"settings-synchronize-all":{"_":"Tutti i messaggi"},"accounts-header":{"_":"Accounts"},"accounts-button":{"_":"Accounts"},"envelope-from":{"_":"Da"},"envelope-to":{"_":"A"},"envelope-cc":{"_":"Cc"},"envelope-bcc":{"_":"Ccn"},"reader-header":{"_":"Letto"},"compose-header":{"_":"Scrivi messaggio"},"compose-header-short":{"_":"Componi"},"compose-send":{"_":"Invia"},"compose-to":{"_":"A"},"compose-cc":{"_":"Cc"},"compose-bcc":{"_":"Ccn"},"compose-attachments":{"_":"{[ plural(n) ]}","_[zero]":"Allegati","_[one]":"{{ n }} allegato","_[two]":"{{ n }} allegati","_[few]":"{{ n }} allegati","_[many]":"{{ n }} allegati","_[other]":"{{ n }} allegati"},"compose-subject":{"_":"Oggetto"},"compose-draft-save":{"_":"Salva in bozze locali"},"compose-discard-message":{"_":"Rimuovere email?"},"compose-discard-confirm":{"_":"Rimuovi"},"compose-sending-message":{"_":"Invio email"},"compose-send-message-failed":{"_":"Invio email non riuscito"},"composer-attachment-large":{"_":"Dimensione allegato eccessiva"},"composer-attachments-large":{"_":"Dimensione allegati eccessiva"},"compose-attchment-size-exceeded":{"_":"La dimensione dell’allegato selezionato è eccessiva per l’invio in questo messaggio."},"compose-attchments-size-exceeded":{"_":"La dimensione degli allegati selezionati è eccessiva per l’invio in questo messaggio. Provare a selezionare meno file."},"dialog-button-ok":{"_":"OK"},"default-attachment-filename":{"_":"allegato{{ n }}"},"attachment-size-kib":{"_":"{{kilobytes}}K"},"message-attachment-view":{"textContent":"Visualizza"},"message-no-subject":{"_":"(nessun oggetto)"},"message-edit-menu-star":{"_":"Star"},"message-edit-menu-unstar":{"_":"Unstar"},"message-edit-menu-mark-read":{"_":"Mark as read"},"message-edit-menu-mark-unread":{"_":"Mark as unread"},"message-edit-menu-move":{"_":"Move"},"message-edit-menu-delete":{"_":"Elimina"},"message-edit-delete-confirm":{"_":"Eliminare il messaggio?"},"message-send-attachment-disabled-confirm":{"_":"Impossibile inoltrare gli allegati."},"message-multiedit-header":{"_":"{[ plural(n) ]}","_[zero]":"Modifica","_[one]":"{{ n }} selezionato","_[two]":"{{ n }} selezionati","_[few]":"{{ n }} selezionati","_[many]":"{{ n }} selezionati","_[other]":"{{ n }} selezionati"},"browse-to-url-prompt":{"_":"Aprire URL?: {{ url }}"},"message-download-images":{"_":"{[ plural(n) ]}","_[one]":"Questa email contiene un’immagine. Toccare per scaricarla.","_[two]":"Questa email contiene {{ n }} immagini. Toccare per scaricarle.","_[few]":"Questa email contiene {{ n }} immagini. Toccare per scaricarle.","_[many]":"Questa email contiene {{ n }} immagini. Toccare per scaricarle.","_[other]":"Questa email contiene {{ n }} immagini. Toccare per scaricarle."},"message-show-external-images":{"_":"Mostra immagini esterne"},"message-multiedit-cancel":{"_":"Annulla"},"message-multiedit-delete-confirm":{"_":"{[ plural(n) ]}","_[one]":"Eliminare questo messaggio?","_[two]":"Eliminare {{ n }} messaggi?","_[few]":"Eliminare {{ n }} messaggi?","_[many]":"Eliminare {{ n }} messaggi?","_[other]":"Eliminare {{ n }} messaggi?"},"message-large-message-cancel":{"_":"Annulla"},"message-large-message-ok":{"_":"Continua"},"message-large-message-confirm":{"_":"A causa delle dimensioni il download di questo messaggio potrebbe richiedere tempo."},"message-search-from":{"_":"Da"},"message-search-to":{"_":"A"},"message-search-subject":{"_":"Ogg."},"message-search-body":{"_":"Corpo"},"message-search-all":{"_":"Tutto"},"message-search-input":{"placeholder":"Cerca messaggio"},"message-search-cancel-accessible":{"_":"Annulla ricerca"},"messages-syncing":{"_":"Caricamento messaggi"},"messages-sync-more":{"_":"Carica altri messaggi dal server"},"messages-folder-empty":{"_":"Nessun messaggio in questa cartella"},"messages-search-empty":{"_":"Nessuna corrispondenza nei messaggi salvati sul dispositivo"},"messages-folder-select":{"_":"Seleziona cartella"},"message-contact-menu-create":{"_":"Salva nuovo contatto"},"message-contact-menu-add-existing":{"_":"Aggiungi a contatto esistente"},"message-contact-menu-view":{"_":"Visualizza contatto"},"message-contact-menu-reply":{"_":"Rispondi"},"message-contact-menu-new":{"_":"Invia nuova email"},"message-reply-menu-reply":{"_":"Rispondi"},"message-reply-menu-reply-all":{"_":"Rispondi a tutti"},"message-reply-menu-forward":{"_":"Inoltra"},"message-reply-menu-cancel":{"_":"Annulla"},"folder-list-header":{"_":"Cartelle"},"account-last-synced-label":{"_":"Ultima sinc.:"},"account-never-synced":{"_":"Mai"},"reply-quoting-wrote":{"_":"{name} ha scritto"},"forward-original-message":{"_":"Messaggio originale"},"forward-header-subject":{"_":"Oggetto"},"forward-header-date":{"_":"Data"},"forward-header-from":{"_":"Da"},"forward-header-reply-to":{"_":"Rispondi a"},"forward-header-to":{"_":"A"},"forward-header-cc":{"_":"Cc"},"folder-inbox":{"_":"Posta in arrivo"},"folder-sent":{"_":"Posta inviata"},"folder-drafts":{"_":"Bozze"},"folder-trash":{"_":"Cestino"},"folder-queue":{"_":"Posta in uscita"},"folder-junk":{"_":"Spam"},"folder-archives":{"_":"Archivio"},"folder-localdrafts":{"_":"Bozze locali"},"toaster-undo":{"_":"Annulla"},"toaster-retry":{"_":"Riprova"},"toaster-message-star":{"_":"{[ plural(n) ]}","_[one]":"1 contrassegno impostato","_[two]":"{{ n }} contrassegni impostati","_[few]":"{{ n }} contrassegni impostati","_[many]":"{{ n }} contrassegni impostati","_[other]":"{{ n }} contrassegni impostati"},"toaster-message-unstar":{"_":"{[ plural(n) ]}","_[one]":"{{ n }} contrassegno eliminato","_[two]":"{{ n }} contrassegni eliminati","_[few]":"{{ n }} contrassegni eliminati","_[many]":"{{ n }} contrassegni eliminati","_[other]":"{{ n }} contrassegni eliminati"},"toaster-message-read":{"_":"{[ plural(n) ]}","_[one]":"1 messaggio segnato come letto","_[two]":"{{ n }} messaggi segnati come letti","_[few]":"{{ n }} messaggi segnati come letti","_[many]":"{{ n }} messaggi segnati come letti","_[other]":"{{ n }} messaggi segnati come letti"},"toaster-message-unread":{"_":"{[ plural(n) ]}","_[one]":"1 messaggio segnato come non letto","_[two]":"{{ n }} messaggi segnati come non letti","_[few]":"{{ n }} messaggi segnati come non letti","_[many]":"{{ n }} messaggi segnati come non letti","_[other]":"{{ n }} messaggi segnati come non letti"},"toaster-message-move":{"_":"{[ plural(n) ]}","_[one]":"Eliminato 1 messaggio","_[two]":"{{ n }} messaggi spostati","_[few]":"{{ n }} messaggi spostati","_[many]":"{{ n }} messaggi spostati","_[other]":"Eliminati {{ n }} messaggi"},"toaster-message-delete":{"_":"{[ plural(n) ]}","_[one]":"Eliminato 1 messaggio","_[two]":"{{ n }} messaggi eliminati","_[few]":"{{ n }} messaggi eliminati","_[many]":"{{ n }} messaggi eliminati","_[other]":"Eliminati {{ n }} messaggi"},"toaster-retryable-syncfailed":{"_":"Impossibile contattare il server"},"form-clear-input":{"_":"Rimuovi testo"},"confirm-dialog-title":{"_":"Conferma"},"senders-separation-sign":{"_":", "},"new-emails":{"_":"{[ plural(n) ]}","_[one]":"1 nuova email","_[two]":"{{ n }} nuove email","_[few]":"{{ n }} nuove email","_[many]":"{{ n }} nuove email","_[other]":"{{ n }} nuove email"},"new-emails-notify-one-account":{"_":"{[ plural(n) ]}","_[one]":"1 nuova email","_[two]":"{{ n }} nuove email","_[few]":"{{ n }} nuove email","_[many]":"{{ n }} nuove email","_[other]":"{{ n }} nuove email"},"new-emails-notify-multiple-accounts":{"_":"{[ plural(n) ]}","_[one]":"1 nuova email ({{ accountName }})","_[two]":"{{ n }} nuove email ({{ accountName }})","_[few]":"{{ n }} nuove email ({{ accountName }})","_[many]":"{{ n }} nuove email ({{ accountName }})","_[other]":"{{ n }} nuove email ({{ accountName }})"},"new-emails-notify-multiple-accounts-body":{"_":"{{ from }} “{{ subject }}”"},"setup-manual-activesync-username":{"placeholder":"Dominio\\Nome utente"},"settings-account-clarify-imap":{"_":"{{account-name}} (IMAP)"},"settings-account-clarify-pop3":{"_":"{{account-name}} (POP3)"},"settings-account-clarify-smtp":{"_":"{{account-name}} (SMTP)"},"message-attachment-too-large":{"_":"File troppo grande per essere scaricato."},"weekday-0-long":{"_":"domenica"},"weekday-1-long":{"_":"lunedì"},"weekday-2-long":{"_":"martedì"},"weekday-3-long":{"_":"mercoledì"},"weekday-4-long":{"_":"giovedì"},"weekday-5-long":{"_":"venerdì"},"weekday-6-long":{"_":"sabato"},"weekday-0-short":{"_":"dom"},"weekday-1-short":{"_":"lun"},"weekday-2-short":{"_":"mar"},"weekday-3-short":{"_":"mer"},"weekday-4-short":{"_":"gio"},"weekday-5-short":{"_":"ven"},"weekday-6-short":{"_":"sab"},"month-0-long":{"_":"gennaio"},"month-1-long":{"_":"febbraio"},"month-2-long":{"_":"marzo"},"month-3-long":{"_":"aprile"},"month-4-long":{"_":"maggio"},"month-5-long":{"_":"giugno"},"month-6-long":{"_":"luglio"},"month-7-long":{"_":"agosto"},"month-8-long":{"_":"settembre"},"month-9-long":{"_":"ottobre"},"month-10-long":{"_":"novembre"},"month-11-long":{"_":"dicembre"},"month-0-genitive":{"_":"gennaio"},"month-1-genitive":{"_":"febbraio"},"month-2-genitive":{"_":"marzo"},"month-3-genitive":{"_":"aprile"},"month-4-genitive":{"_":"maggio"},"month-5-genitive":{"_":"giugno"},"month-6-genitive":{"_":"luglio"},"month-7-genitive":{"_":"agosto"},"month-8-genitive":{"_":"settembre"},"month-9-genitive":{"_":"ottobre"},"month-10-genitive":{"_":"novembre"},"month-11-genitive":{"_":"dicembre"},"month-0-short":{"_":"gen"},"month-1-short":{"_":"feb"},"month-2-short":{"_":"mar"},"month-3-short":{"_":"apr"},"month-4-short":{"_":"mag"},"month-5-short":{"_":"giu"},"month-6-short":{"_":"lug"},"month-7-short":{"_":"ago"},"month-8-short":{"_":"set"},"month-9-short":{"_":"ott"},"month-10-short":{"_":"nov"},"month-11-short":{"_":"dic"},"minutes-ago-long":{"_":"{[ plural(value) ]}","_[zero]":"adesso","_[one]":"un minuto fa","_[two]":"{{value}} minuti fa","_[few]":"{{value}} minuti fa","_[many]":"{{value}} minuti fa","_[other]":"{{value}} minuti fa"},"hours-ago-long":{"_":"{[ plural(value) ]}","_[zero]":"adesso","_[one]":"un’ora fa","_[two]":"{{value}} ore fa","_[few]":"{{value}} ore fa","_[many]":"{{value}} ore fa","_[other]":"{{value}} ore fa"},"days-ago-long":{"_":"{[ plural(value) ]}","_[zero]":"oggi","_[one]":"ieri","_[two]":"{{value}} giorni fa","_[few]":"{{value}} giorni fa","_[many]":"{{value}} giorni fa","_[other]":"{{value}} giorni fa"},"weeks-ago-long":{"_":"{[ plural(value) ]}","_[zero]":"questa settimana","_[one]":"settimana scorsa","_[two]":"{{value}} settimane fa","_[few]":"{{value}} settimane fa","_[many]":"{{value}} settimane fa","_[other]":"{{value}} settimane fa"},"months-ago-long":{"_":"{[ plural(value) ]}","_[zero]":"questo mese","_[one]":"mese scorso","_[two]":"{{value}} mesi fa","_[few]":"{{value}} mesi fa","_[many]":"{{value}} mesi fa","_[other]":"{{value}} mesi fa"},"years-ago-long":{"_":"{[ plural(value) ]}","_[zero]":"quest’anno","_[one]":"anno scorso","_[two]":"{{value}} anni fa","_[few]":"{{value}} anni fa","_[many]":"{{value}} anni fa","_[other]":"{{value}} anni fa"},"minutes-until-long":{"_":"{[ plural(value) ]}","_[zero]":"adesso","_[one]":"tra un minuto","_[two]":"tra {{value}} minuti","_[few]":"tra {{value}} minuti","_[many]":"tra {{value}} minuti","_[other]":"tra {{value}} minuti"},"hours-until-long":{"_":"{[ plural(value) ]}","_[zero]":"adesso","_[one]":"tra un’ora","_[two]":"tra {{value}} ore","_[few]":"tra {{value}} ore","_[many]":"tra {{value}} ore","_[other]":"tra {{value}} ore"},"days-until-long":{"_":"{[ plural(value) ]}","_[zero]":"oggi","_[one]":"domani","_[two]":"tra {{value}} giorni","_[few]":"tra {{value}} giorni","_[many]":"tra {{value}} giorni","_[other]":"tra {{value}} giorni"},"weeks-until-long":{"_":"{[ plural(value) ]}","_[zero]":"questa settimana","_[one]":"prossima settimana","_[two]":"tra {{value}} settimane","_[few]":"tra {{value}} settimane","_[many]":"tra {{value}} settimane","_[other]":"tra {{value}} settimane"},"months-until-long":{"_":"{[ plural(value) ]}","_[zero]":"questo mese","_[one]":"prossimo mese","_[two]":"in {{value}} mesi","_[few]":"tra {{value}} mesi","_[many]":"tra {{value}} mesi","_[other]":"in {{value}} mesi"},"years-until-long":{"_":"{[ plural(value) ]}","_[zero]":"quest’anno","_[one]":"prossimo anno","_[two]":"tra {{value}} anni","_[few]":"tra {{value}} anni","_[many]":"tra {{value}} anni","_[other]":"tra {{value}} anni"},"minutes-ago-short":{"_":"{[ plural(value) ]}","_[zero]":"adesso","_[other]":"{{value}}m fa"},"hours-ago-short":{"_":"{[ plural(value) ]}","_[zero]":"adesso","_[other]":"{{value}}h fa"},"days-ago-short":{"_":"{[ plural(value) ]}","_[zero]":"oggi","_[other]":"{{value}}g fa"},"minutes-until-short":{"_":"{[ plural(value) ]}","_[zero]":"adesso","_[other]":"tra {{value}}m"},"hours-until-short":{"_":"{[ plural(value) ]}","_[zero]":"adesso","_[other]":"tra {{value}}h"},"days-until-short":{"_":"{[ plural(value) ]}","_[zero]":"oggi","_[other]":"tra {{value}}d"},"incorrectDate":{"_":"(data errata)"},"dateTimeFormat_%c":{"_":"%a %e %b %Y %H:%M:%S"},"dateTimeFormat_%x":{"_":"%d/%m/%Y"},"dateTimeFormat_%X":{"_":"%H:%M:%S"},"shortTimeFormat":{"_":"%H:%M"},"shortDateTimeFormat":{"_":"%x %H:%M"},"weekStartsOnMonday":{"_":"1"},"time_am":{"_":"AM"},"time_pm":{"_":"PM"}}