{"setup-app-name-header":{"_":"メール"},"setup-empty-account-prompt":{"_":"メールアカウントが設定されていません。今すぐ設定しますか？"},"setup-pick-service":{"_":"メールを送受信するにはアカウントを設定する必要があります"},"setup-account-header3":{"_":"新規アカウント"},"setup-info-name":{"placeholder":"お名前"},"setup-info-email":{"placeholder":"someone@example.jp"},"setup-info-password":{"placeholder":"パスワード"},"setup-info-next":{"_":"次へ"},"setup-progress-wait-msg":{"_":"アカウントを設定中です"},"setup-completed-header":{"_":"メールアカウントの設定"},"setup-completed-label":{"_":"設定完了しました"},"setup-add-another-account":{"_":"他のアカウントを追加"},"setup-show-mail":{"_":"メールを受信する"},"setup-error-offline":{"_":"この端末は現在オフラインです。ネットワークに接続して再度試してください。"},"setup-error-bad-user-or-pass2":{"_":"ユーザ名またはパスワードが違います。入力を確認してください。"},"setup-error-bad-address":{"_":"メールアドレスが正しくありません。入力を確認してください。"},"setup-error-not-authorized":{"_":"アカウントを作成する権限がありません。"},"setup-error-pop-server-not-great":{"_":"サーバがサポートされていません。POP3 サーバが必要な機能を実装していません。"},"setup-error-unknown2":{"_":"原因不明のエラーが発生しました。ネットワーク接続を確認するか手動で設定してください。"},"setup-error-needs-app-pass":{"_":"2 段階認証の Gmail アカウントにはアプリ固有のパスワードを使用してください。"},"setup-error-imap-disabled":{"_":"Gmail のアカウント設定で IMAP を有効にしてください。"},"setup-error-pop3-disabled":{"_":"Gmail のアカウント設定で POP3 を有効にしてください。"},"setup-error-bad-security":{"_":"\"{{server}}\" サーバとの安全な接続を確立できません。ネットワークまたはサーバに問題がある可能性があります。"},"setup-error-unresponsive-server":{"_":"\"{{server}}\" サーバとの安全な接続を確立できません。ネットワークに問題がある可能性があります。"},"setup-error-server-problem":{"_":"\"{{server}}\" サーバに問題があります。後で再度試してください。"},"setup-error-no-config-info":{"_":"アカウントの自動設定ができません。メールアドレスを正しく入力するか手動で設定してください。"},"setup-error-server-maintenance":{"_":"\"{{server}}\" サーバがメンテナンス中のためオフラインです。後で再度試してください。"},"setup-error-account-already-exists":{"_":"このアカウントは既に設定されています。"},"setup-manual-config2":{"_":"手動設定"},"setup-manual-config-header":{"_":"手動設定"},"setup-manual-account-type":{"_":"アカウントの種類"},"setup-manual-imap-header":{"_":"IMAP 設定"},"setup-manual-pop3-header":{"_":"POP3 設定"},"setup-manual-smtp-header":{"_":"SMTP 設定"},"setup-manual-activesync-header":{"_":"ActiveSync 設定"},"setup-manual-next":{"_":"次へ"},"setup-manual-socket":{"_":"ソケットの種類"},"setup-manual-socket-ssl":{"_":"SSL"},"setup-manual-socket-starttls":{"_":"STARTTLS"},"setup-manual-hostname":{"placeholder":"ホスト名"},"setup-manual-port":{"placeholder":"ポート番号"},"setup-manual-username":{"placeholder":"ユーザ名"},"setup-bad-password-header":{"_":"パスワードが違います"},"setup-bad-password":{"_":"サーバにサインインできません。パスワードが間違っていませんか？"},"setup-new-password":{"placeholder":"新しいパスワード"},"setup-fix-password":{"_":"新しいパスワードを入力してください"},"setup-gmail-twofactor-header":{"_":"2 段階認証が有効です"},"setup-gmail-twofactor-message":{"_":"以下にアプリ固有のパスワードを入力する必要があります。"},"setup-gmail-twofactor-fix":{"_":"アプリのパスワードを使用"},"setup-gmail-imap-header":{"_":"IMAP が無効です"},"setup-gmail-imap-message":{"_":"Gmail のアカウント設定で IMAP を有効にしてください。"},"setup-gmail-imap-retry":{"_":"再試行"},"setup-gmail-pop3-header":{"_":"POP3 が無効です"},"setup-gmail-pop3-message":{"_":"Gmail のアカウント設定で POP3 を有効にしてください。"},"setup-gmail-pop3-retry":{"_":"再試行"},"settings-main-header":{"_":"メール設定"},"settings-sub-header-account":{"_":"アカウント"},"settings-account-name":{"_":"お名前"},"settings-account-display-notifications":{"_":"新着メッセージの通知を表示する"},"settings-sub-header-data":{"_":"データ通信"},"settings-account-check-mail":{"_":"新着メッセージの確認"},"settings-sub-header-server":{"_":"サーバ設定"},"settings-account-userpass":{"_":"ユーザ名とパスワード"},"fld-account-picker-last-sync":{"_":"最終同期日:"},"settings-done":{"_":"完了"},"settings-account-section":{"_":"アカウント"},"settings-account-add":{"_":"アカウントを追加"},"settings-account-delete":{"_":"アカウントを削除"},"settings-account-delete-prompt":{"_":"本当に {{account}} のアカウントを削除してもよろしいですか？ アカウントを再作成した場合はメールをダウンロードし直す必要があります。"},"settings-account-delete-cancel":{"_":"キャンセル"},"settings-account-delete-confirm":{"_":"削除"},"settings-about-section":{"_":"概要"},"settings-general-section":{"_":"全般設定"},"settings-check-mail":{"_":"新着メールを確認"},"settings-show-images":{"_":"常に画像を表示する"},"settings-download-attachments":{"_":"添付ファイルのダウンロード"},"settings-notify-mail":{"_":"新着メール受信時に通知する"},"settings-check-every-3min":{"_":"3分ごと"},"settings-check-every-5min":{"_":"5分ごと"},"settings-check-every-10min":{"_":"10分ごと"},"settings-check-every-15min":{"_":"15分ごと"},"settings-check-every-30min":{"_":"30分ごと"},"settings-check-every-60min":{"_":"1時間ごと"},"settings-check-every-manual":{"_":"手動設定"},"settings-check-dynamic":{"_":"{[ plural(n) ]}","_[zero]":"秒","_[one]":"{{ n }}秒","_[two]":"{{ n }}秒","_[few]":"{{ n }}秒","_[many]":"{{ n }}秒","_[other]":"{{ n }}秒"},"settings-default-account":{"_":"既定のアカウントに設定"},"settings-account-type":{"_":"アカウント種別"},"settings-account-credentials":{"_":"証明書"},"settings-activesync-label":{"_":"ActiveSync 設定"},"settings-imap-label":{"_":"IMAP 設定"},"settings-pop3-label":{"_":"POP3 設定"},"settings-smtp-label":{"_":"SMTP 設定"},"settings-hostname":{"_":"ホスト名"},"settings-port":{"_":"ポート番号"},"settings-username":{"_":"ユーザ名"},"settings-password":{"_":"パスワード"},"settings-save":{"_":"保存"},"settings-password-empty":{"_":"パスワードを空にすることはできません"},"settings-account-synchronize-window":{"_":"同期する日数"},"settings-synchronize-auto":{"_":"自動"},"settings-synchronize-one-day":{"_":"1日分"},"settings-synchronize-three-days":{"_":"3日分"},"settings-synchronize-one-week":{"_":"1週間分"},"settings-synchronize-two-weeks":{"_":"2週間分"},"settings-synchronize-one-month":{"_":"1か月分"},"settings-synchronize-all":{"_":"すべてのメッセージ"},"accounts-header":{"_":"アカウント"},"accounts-button":{"_":"アカウント"},"envelope-from":{"_":"差出人"},"envelope-to":{"_":"宛先"},"envelope-cc":{"_":"Cc"},"envelope-bcc":{"_":"Bcc"},"reader-header":{"_":"既読"},"compose-header":{"_":"メッセージ作成"},"compose-header-short":{"_":"作成"},"compose-send":{"_":"送信"},"compose-to":{"_":"宛先"},"compose-cc":{"_":"Cc"},"compose-bcc":{"_":"Bcc"},"compose-attachments":{"_":"{[ plural(n) ]}","_[zero]":"添付なし","_[one]":"添付{{ n }}個","_[two]":"添付{{ n }}個","_[few]":"添付{{ n }}個","_[many]":"添付{{ n }}個","_[other]":"添付{{ n }}個"},"compose-subject":{"_":"件名"},"compose-draft-save":{"_":"ローカルの下書きに保存"},"compose-discard-message":{"_":"編集中のメールを破棄しますか？"},"compose-discard-confirm":{"_":"破棄"},"compose-sending-message":{"_":"メール送信"},"compose-send-message-failed":{"_":"メールの送信に失敗しました"},"composer-attachment-large":{"_":"添付ファイルのサイズが大き過ぎます"},"composer-attachments-large":{"_":"添付ファイルのサイズが大き過ぎます"},"compose-attchment-size-exceeded":{"_":"選択された添付ファイルのサイズが大き過ぎるため、このメッセージは送信できません。"},"compose-attchments-size-exceeded":{"_":"選択された添付ファイルのサイズが大き過ぎるため、このメッセージは送信できません。ファイルの数を減らしてみてください。"},"dialog-button-ok":{"_":"OK"},"default-attachment-filename":{"_":"attachment{{ n }}"},"attachment-size-kib":{"_":"{{kilobytes}}K"},"message-attachment-view":{"textContent":"表示"},"message-no-subject":{"_":"(件名なし)"},"message-edit-menu-star":{"_":"スターを付ける"},"message-edit-menu-unstar":{"_":"スターをはずす"},"message-edit-menu-mark-read":{"_":"既読にする"},"message-edit-menu-mark-unread":{"_":"未読にする"},"message-edit-menu-move":{"_":"移動"},"message-edit-menu-delete":{"_":"削除"},"message-edit-delete-confirm":{"_":"メッセージを削除してもよろしいですか？"},"message-send-attachment-disabled-confirm":{"_":"添付ファイルは転送されません。"},"message-multiedit-header":{"_":"{[ plural(n) ]}","_[zero]":"編集","_[one]":"{{ n }}件選択","_[two]":"{{ n }}件選択","_[few]":"{{ n }}件選択","_[many]":"{{ n }}件選択","_[other]":"{{ n }}件選択"},"browse-to-url-prompt":{"_":"URL をブラウザで開きますか？: {{ url }}"},"message-download-images":{"_":"{[ plural(n) ]}","_[one]":"このメールには画像が含まれています。クリックでダウンロードを開始します。","_[two]":"このメールには{{ n }}枚の画像が含まれています。クリックでダウンロードを開始します。","_[few]":"このメールには{{ n }}枚の画像が含まれています。クリックでダウンロードを開始します。","_[many]":"このメールには{{ n }}枚の画像が含まれています。クリックでダウンロードを開始します。","_[other]":"このメールには{{ n }}枚の画像が含まれています。クリックでダウンロードを開始します。"},"message-show-external-images":{"_":"SD カードから写真を表示"},"message-multiedit-cancel":{"_":"キャンセル"},"message-multiedit-delete-confirm":{"_":"{[ plural(n) ]}","_[one]":"このメッセージを削除しますか？","_[two]":"{{ n }}件のメッセージを削除しますか？","_[few]":"{{ n }}件のメッセージを削除しますか？","_[many]":"{{ n }}件のメッセージを削除しますか？","_[other]":"{{ n }}件のメッセージを削除しますか？"},"message-large-message-cancel":{"_":"キャンセル"},"message-large-message-ok":{"_":"続行"},"message-large-message-confirm":{"_":"メッセージのサイズが大きいためダウンロードに時間がかかります。"},"message-search-from":{"_":"差出人"},"message-search-to":{"_":"宛先"},"message-search-subject":{"_":"件名"},"message-search-body":{"_":"本文"},"message-search-all":{"_":"すべて"},"message-search-input":{"placeholder":"メールを検索"},"message-search-cancel-accessible":{"_":"検索中止"},"messages-syncing":{"_":"メッセージ読み込み中"},"messages-sync-more":{"_":"メッセージをさらに表示"},"messages-folder-empty":{"_":"このフォルダにメールはありません"},"messages-search-empty":{"_":"ローカルにキャッシュされたメッセージに一致するものはありません"},"messages-folder-select":{"_":"フォルダを選択してください"},"message-contact-menu-create":{"_":"連絡先を保存"},"message-contact-menu-add-existing":{"_":"既存の連絡先に追加"},"message-contact-menu-view":{"_":"連絡先の詳細"},"message-contact-menu-reply":{"_":"返信"},"message-contact-menu-new":{"_":"メッセージを作成"},"message-reply-menu-reply":{"_":"返信"},"message-reply-menu-reply-all":{"_":"全員に返信"},"message-reply-menu-forward":{"_":"転送"},"message-reply-menu-cancel":{"_":"キャンセル"},"folder-list-header":{"_":"フォルダ"},"account-last-synced-label":{"_":"最終同期日:"},"account-never-synced":{"_":"未同期"},"reply-quoting-wrote":{"_":"{name} wrote"},"forward-original-message":{"_":"Original message"},"forward-header-subject":{"_":"Subject"},"forward-header-date":{"_":"Date"},"forward-header-from":{"_":"From"},"forward-header-reply-to":{"_":"Reply-To"},"forward-header-to":{"_":"To"},"forward-header-cc":{"_":"Cc"},"folder-inbox":{"_":"受信トレイ"},"folder-sent":{"_":"送信済みトレイ"},"folder-drafts":{"_":"下書き"},"folder-trash":{"_":"ごみ箱"},"folder-queue":{"_":"未送信トレイ"},"folder-junk":{"_":"迷惑メール"},"folder-archives":{"_":"アーカイブ"},"folder-localdrafts":{"_":"下書き(ローカル)"},"toaster-undo":{"_":"元に戻す"},"toaster-retry":{"_":"再試行"},"toaster-message-star":{"_":"{[ plural(n) ]}","_[one]":"メッセージにスターを付けました","_[two]":"{{ n }}件のメッセージにスターを付けました","_[few]":"{{ n }}件のメッセージにスターを付けました","_[many]":"{{ n }}件のメッセージにスターを付けました","_[other]":"{{ n }}件のメッセージにスターを付けました"},"toaster-message-unstar":{"_":"{[ plural(n) ]}","_[one]":"メッセージからスターを外しました","_[two]":"{{ n }}件のメッセージからスターを外しました","_[few]":"{{ n }}件のメッセージからスターを外しました","_[many]":"{{ n }}件のメッセージからスターを外しました","_[other]":"{{ n }}件のメッセージからスターを外しました"},"toaster-message-read":{"_":"{[ plural(n) ]}","_[one]":"メッセージを既読にしました","_[two]":"{{ n }}件のメッセージを既読にしました","_[few]":"{{ n }}件のメッセージを既読にしました","_[many]":"{{ n }}件のメッセージを既読にしました","_[other]":"{{ n }}件のメッセージを既読にしました"},"toaster-message-unread":{"_":"{[ plural(n) ]}","_[one]":"メッセージを未読にしました","_[two]":"{{ n }}件のメッセージを未読にしました","_[few]":"{{ n }}件のメッセージを未読にしました","_[many]":"{{ n }}件のメッセージを未読にしました","_[other]":"{{ n }}件のメッセージを未読にしました"},"toaster-message-move":{"_":"{[ plural(n) ]}","_[one]":"メッセージを移動しました","_[two]":"{{ n }}件のメッセージを移動しました","_[few]":"{{ n }}件のメッセージを移動しました","_[many]":"{{ n }}件のメッセージを移動しました","_[other]":"{{ n }}件のメッセージを移動しました"},"toaster-message-delete":{"_":"{[ plural(n) ]}","_[one]":"メッセージを削除しました","_[two]":"{{ n }}件のメッセージを削除しました","_[few]":"{{ n }}件のメッセージを削除しました","_[many]":"{{ n }}件のメッセージを削除しました","_[other]":"{{ n }}件のメッセージを削除しました"},"toaster-retryable-syncfailed":{"_":"サーバに接続できません"},"form-clear-input":{"_":"テキストを削除"},"confirm-dialog-title":{"_":"確認"},"senders-separation-sign":{"_":", "},"new-emails":{"_":"{[ plural(n) ]}","_[one]":"1件の新着メールがあります","_[two]":"{{ n }}件の新着メールがあります","_[few]":"{{ n }}件の新着メールがあります","_[many]":"{{ n }}件の新着メールがあります","_[other]":"{{ n }}件の新着メールがあります"},"new-emails-notify-one-account":{"_":"{[ plural(n) ]}","_[one]":"1件の新着メールがあります","_[two]":"{{ n }}件の新着メールがあります","_[few]":"{{ n }}件の新着メールがあります","_[many]":"{{ n }}件の新着メールがあります","_[other]":"{{ n }}件の新着メールがあります"},"new-emails-notify-multiple-accounts":{"_":"{[ plural(n) ]}","_[one]":"1 New Email ({{ accountName }})","_[two]":"{{ n }}件の新着メールがあります ({{ accountName }})","_[few]":"{{ n }}件の新着メールがあります ({{ accountName }})","_[many]":"{{ n }}件の新着メールがあります ({{ accountName }})","_[other]":"{{ n }}件の新着メールがあります ({{ accountName }})"},"new-emails-notify-multiple-accounts-body":{"_":"{{ from }} “{{ subject }}”"},"weekday-0-long":{"_":"日曜日"},"weekday-1-long":{"_":"月曜日"},"weekday-2-long":{"_":"火曜日"},"weekday-3-long":{"_":"水曜日"},"weekday-4-long":{"_":"木曜日"},"weekday-5-long":{"_":"金曜日"},"weekday-6-long":{"_":"土曜日"},"weekday-0-short":{"_":"日"},"weekday-1-short":{"_":"月"},"weekday-2-short":{"_":"火"},"weekday-3-short":{"_":"水"},"weekday-4-short":{"_":"木"},"weekday-5-short":{"_":"金"},"weekday-6-short":{"_":"土"},"month-0-long":{"_":"1月"},"month-1-long":{"_":"2月"},"month-2-long":{"_":"3月"},"month-3-long":{"_":"4月"},"month-4-long":{"_":"5月"},"month-5-long":{"_":"6月"},"month-6-long":{"_":"7月"},"month-7-long":{"_":"8月"},"month-8-long":{"_":"9月"},"month-9-long":{"_":"10月"},"month-10-long":{"_":"11月"},"month-11-long":{"_":"12月"},"month-0-genitive":{"_":"1月"},"month-1-genitive":{"_":"2月"},"month-2-genitive":{"_":"3月"},"month-3-genitive":{"_":"4月"},"month-4-genitive":{"_":"5月"},"month-5-genitive":{"_":"6月"},"month-6-genitive":{"_":"7月"},"month-7-genitive":{"_":"8月"},"month-8-genitive":{"_":"9月"},"month-9-genitive":{"_":"10月"},"month-10-genitive":{"_":"11月"},"month-11-genitive":{"_":"12月"},"month-0-short":{"_":"1月"},"month-1-short":{"_":"2月"},"month-2-short":{"_":"3月"},"month-3-short":{"_":"4月"},"month-4-short":{"_":"5月"},"month-5-short":{"_":"6月"},"month-6-short":{"_":"7月"},"month-7-short":{"_":"8月"},"month-8-short":{"_":"9月"},"month-9-short":{"_":"10月"},"month-10-short":{"_":"11月"},"month-11-short":{"_":"12月"},"minutes-ago-long":{"_":"{[ plural(value) ]}","_[zero]":"現在","_[one]":"1分前","_[two]":"{{value}}分前","_[few]":"{{value}}分前","_[many]":"{{value}}分前","_[other]":"{{value}}分前"},"hours-ago-long":{"_":"{[ plural(value) ]}","_[zero]":"現在","_[one]":"1時間前","_[two]":"{{value}}時間前","_[few]":"{{value}}時間前","_[many]":"{{value}}時間前","_[other]":"{{value}}時間前"},"days-ago-long":{"_":"{[ plural(value) ]}","_[zero]":"今日","_[one]":"昨日","_[two]":"{{value}}日前","_[few]":"{{value}}日前","_[many]":"{{value}}日前","_[other]":"{{value}}日前"},"weeks-ago-long":{"_":"{[ plural(value) ]}","_[zero]":"今週","_[one]":"先週","_[two]":"{{value}}週間前","_[few]":"{{value}}週間前","_[many]":"{{value}}週間前","_[other]":"{{value}}週間前"},"months-ago-long":{"_":"{[ plural(value) ]}","_[zero]":"今月","_[one]":"先月","_[two]":"{{value}}か月前","_[few]":"{{value}}か月前","_[many]":"{{value}}か月前","_[other]":"{{value}}か月前"},"years-ago-long":{"_":"{[ plural(value) ]}","_[zero]":"今年","_[one]":"昨年","_[two]":"{{value}}年前","_[few]":"{{value}}年前","_[many]":"{{value}}年前","_[other]":"{{value}}年前"},"minutes-until-long":{"_":"{[ plural(value) ]}","_[zero]":"現在","_[one]":"1分後","_[two]":"{{value}}分後","_[few]":"{{value}}分後","_[many]":"{{value}}分後","_[other]":"{{value}}分後"},"hours-until-long":{"_":"{[ plural(value) ]}","_[zero]":"現在","_[one]":"1時間後","_[two]":"{{value}}時間後","_[few]":"{{value}}時間後","_[many]":"{{value}}時間後","_[other]":"{{value}}時間後"},"days-until-long":{"_":"{[ plural(value) ]}","_[zero]":"今日","_[one]":"明日","_[two]":"{{value}}日後","_[few]":"{{value}}日後","_[many]":"{{value}}日後","_[other]":"{{value}}日後"},"weeks-until-long":{"_":"{[ plural(value) ]}","_[zero]":"今週","_[one]":"来週","_[two]":"{{value}}週間後","_[few]":"{{value}}週間後","_[many]":"{{value}}週間後","_[other]":"{{value}}週間後"},"months-until-long":{"_":"{[ plural(value) ]}","_[zero]":"今月","_[one]":"来月","_[two]":"{{value}}か月後","_[few]":"{{value}}か月後","_[many]":"{{value}}か月後","_[other]":"{{value}}か月後"},"years-until-long":{"_":"{[ plural(value) ]}","_[zero]":"今年","_[one]":"来年","_[two]":"{{value}}年後","_[few]":"{{value}}年後","_[many]":"{{value}}年後","_[other]":"{{value}}年後"},"minutes-ago-short":{"_":"{[ plural(value) ]}","_[zero]":"今","_[other]":"{{value}}分前"},"hours-ago-short":{"_":"{[ plural(value) ]}","_[zero]":"今","_[other]":"{{value}}時間前"},"days-ago-short":{"_":"{[ plural(value) ]}","_[zero]":"今日","_[other]":"{{value}}日前"},"minutes-until-short":{"_":"{[ plural(value) ]}","_[zero]":"今","_[other]":"{{value}}分後"},"hours-until-short":{"_":"{[ plural(value) ]}","_[zero]":"今","_[other]":"{{value}}時間後"},"days-until-short":{"_":"{[ plural(value) ]}","_[zero]":"今日","_[other]":"{{value}}日後"},"incorrectDate":{"_":"(日付が不正です)"},"dateTimeFormat_%c":{"_":"%Y年%b%e日(%a) %I:%M:%S %p"},"dateTimeFormat_%x":{"_":"%Y/%m/%d"},"dateTimeFormat_%X":{"_":"%I:%M:%S %p"},"shortTimeFormat":{"_":"%I:%M %p"},"shortDateTimeFormat":{"_":"%x %I:%M %p"},"weekStartsOnMonday":{"_":"0"},"time_am":{"_":"午前"},"time_pm":{"_":"午後"}}