{"setup-app-name-header":{"_":"សំបុត្រ"},"setup-empty-account-prompt":{"_":"អ្នក​មិន​បាន​កំណត់​ការ​ផ្ញើ ឬ​ទទួល​អ៊ីមែល។ តើ​អ្នក​ចង់​កំណត់​ឥឡូវ​ឬ?"},"setup-pick-service":{"_":"ដើម្បី​ផ្ញើ និង​ទទួល​អ៊ីមែល អ្នក​​ត្រូវ​បង្កើត​គណនី​មួយ។"},"setup-account-header3":{"_":"គណនី​ថ្មី"},"setup-info-name":{"placeholder":"ឈ្មោះ​របស់​អ្នក"},"setup-info-email":{"placeholder":"someone@example.com"},"setup-info-password":{"placeholder":"ពាក្យ​សម្ងាត់"},"setup-info-next":{"_":"បន្ទាប់"},"setup-progress-wait-msg":{"_":"បង្កើត​គណនី"},"setup-completed-header":{"_":"ការ​បង្កើត​គណនី​អ៊ីមែល"},"setup-completed-label":{"_":"ធ្វើ​រួច​ទាំងអស់!"},"setup-add-another-account":{"_":"បន្ថែម​គណនី​ផ្សេង"},"setup-show-mail":{"_":"បន្ត​​ទៅ​​អ៊ីមែល"},"setup-error-offline":{"_":"ឥឡូវ​ឧបករណ៍​នេះ​មិន​ភ្ជាប់​អ៊ីនធឺណិត។ ភ្ជាប់​ទៅ​អ៊ីនធឺណិត និង​ព្យាយាម​ម្ដង​ទៀត។"},"setup-error-bad-user-or-pass2":{"_":"ឈ្មោះ​អ្នក​ប្រើ និង​ពាក្យ​សម្ងាត់​មិន​ត្រឹមត្រូវ។ ពិនិត្យ​ការ​វាយ។"},"setup-error-bad-address":{"_":"អាសយដ្ឋាន​អ៊ីមែល​មិន​ត្រឹមត្រូវ។ ពិនិត្យ​អក្ខរាវិរុទ្ធ។"},"setup-error-not-authorized":{"_":"ម៉ាស៊ីន​មេ​​បង្ហាញ​​​ថា​អ្នក​មិន​ត្រូវ​បាន​​អនុញ្ញាត​ឲ្យ​បង្កើត​គណនី​ឡើយ"},"setup-error-pop-server-not-great":{"_":"ម៉ាស៊ីន​មេ​មិន​គាំទ្រ។ ម៉ាស៊ីនមេ POP3 មិន​អនុវត្ត​លក្ខណៈ​ដែល​បាន​ទាមទារ។"},"setup-error-unknown2":{"_":"កំហុស​មិន​ស្គាល់​​បាន​កើត​ឡើង។ ពិនិត្យ​ការ​ភ្ជាប់​បណ្ដាញ​របស់​អ្នក ឬ​ព្យាយាម​ជម្រើស​​ការ​កំណត់​រចនាសម្ព័ន្ធ​ដោយ​ដៃ"},"setup-error-needs-app-pass":{"_":"អ្នក​ត្រូវតែ​ប្រើ​ពាក្យ​សម្ងាត់​តាម​កម្មវិធី​ជាក់​លាក់​សម្រាប់​គណនី Gmail ដែល​មាន​ពីរ​កត្តា"},"setup-error-imap-disabled":{"_":"អ្នក​ត្រូវតែ​បើក IMAP សម្រាប់​គណនី Gmail របស់​អ្នក"},"setup-error-pop3-disabled":{"_":"អ្នក​ត្រូវតែ​បើក POP3 សម្រាប់​គណនី Gmail របស់​អ្នក"},"setup-error-bad-security":{"_":"មិន​អាច​បង្កើត​ការ​តភ្ជាប់​សុវត្ថិភាព​ជាមួយ \"{{server}}\"។ ប្រហែល​មាន​បញ្ហា​ជាមួយ​បណ្ដាញ ឬ​ម៉ាស៊ីន​មេ​របស់​អ្នក។"},"setup-error-unresponsive-server":{"_":"មិន​អាច​បង្កើត​ការ​តភ្ជាប់​​ជាមួយ \"{{server}}\"។ ប្រហែល​មាន​បញ្ហា​ជាមួយ​បណ្ដាញ។"},"setup-error-server-problem":{"_":"មាន​បញ្ហា​ជាមួយ​ម៉ាស៊ីន​មេ \"{{server}}\"។ ព្យាយាម​ម្ដង​ទៀត​ពេល​ក្រោយ។"},"setup-error-no-config-info":{"_":"មិន​អាច​កំណត់​រចនាសម្ព័ន្ធ​​គណនី​របស់​អ្នក​ស្វ័យប្រវត្តិ​ទេ។ កែ​អាសយដ្ឋាន​អ៊ីមែល​របស់​អ្នក ឬ​ព្យាយាម​ជម្រើស​កំណត់​រចនាសម្ព័ន្ធ​​ដោយ​ដៃ។"},"setup-error-server-maintenance":{"_":"ម៉ាស៊ីនមេ \"{{server}}\" គឺ​នៅ​ក្រៅ​បណ្ដាញ​សម្រាប់​ការថែទាំ។ ព្យាយាម​ម្ដង​ទៀត​ពេល​ក្រោយ។"},"setup-error-account-already-exists":{"_":"គណនី​នេះ​បាន​កំណត់​រចនាសម្ព័ន្ធ​រួចហើយ។"},"setup-manual-config2":{"_":"រៀបចំ​ដោយ​ដៃ"},"setup-manual-config-header":{"_":"រៀបចំ​ដោយ​ដៃ"},"setup-manual-account-type":{"_":"ប្រភេទ​គណនី"},"setup-manual-imap-header":{"_":"ការ​កំណត់ IMAP"},"setup-manual-pop3-header":{"_":"ការ​កំណត់ POP3"},"setup-manual-smtp-header":{"_":"ការកំណត់​ SMTP"},"setup-manual-activesync-header":{"_":"ការ​កំណត់​ ActiveSync"},"setup-manual-next":{"_":"បន្ទាប់"},"setup-manual-socket":{"_":"ប្រភេទ​រន្ធ"},"setup-manual-socket-ssl":{"_":"SSL"},"setup-manual-socket-starttls":{"_":"STARTTLS"},"setup-manual-hostname":{"placeholder":"ឈ្មោះ​ម៉ាស៊ីន​បង្ហោះ"},"setup-manual-port":{"placeholder":"លេខ​ច្រក"},"setup-manual-username":{"placeholder":"ឈ្មោះ​អ្នក​ប្រើ"},"setup-bad-password-header":{"_":"ពាក្យ​សម្ងាត់​មិន​ល្អ!"},"setup-bad-password":{"_":"យើង​មិន​អាច​ចូល​ទៅ​កាន់​ម៉ាស៊ីន​មេ​បាន​ទេ។ ប្រហែល​ពាក្យ​សម្ងាត់​របស់​អ្នក​មិន​ត្រឹមត្រូវ?"},"setup-new-password":{"placeholder":"ពាក្យ​សម្ងាត់​ថ្មី"},"setup-fix-password":{"_":"ព្យាយាម​ឡើងវិញ​ជាមួយ​ពាក្យ​សម្ងាត់​ថ្មី"},"setup-gmail-twofactor-header":{"_":"បាន​បើក​ពីរ​កត្តា"},"setup-gmail-twofactor-message":{"_":"អ្នក​ត្រូវ​បញ្ចូល​ពាក្យ​សម្ងាត់​តាម​កម្មវិធី​ជាក់លាក់​ខាង​ក្រោម។"},"setup-gmail-twofactor-fix":{"_":"ប្រើ​ពាក្យ​សម្ងាត់​តាម​កម្មវិធី"},"setup-gmail-imap-header":{"_":"បាន​បិទ IMAP"},"setup-gmail-imap-message":{"_":"អ្នក​ត្រូវតែ​បើក IMAP លើ​គណនី Gmail របស់​អ្នក"},"setup-gmail-imap-retry":{"_":"ព្យាយាម​ម្តង​ទៀត"},"setup-gmail-pop3-header":{"_":"បាន​បិទ POP3"},"setup-gmail-pop3-message":{"_":"អ្នក​ត្រូវតែ​បើក POP3 លើ​គណនី Gmail របស់​អ្នក"},"setup-gmail-pop3-retry":{"_":"ព្យាយាម​ម្តង​ទៀត"},"settings-main-header":{"_":"ការ​កំណត់​សំបុត្រ"},"settings-sub-header-account":{"_":"គណនី"},"settings-account-name":{"_":"ឈ្មោះ​របស់​អ្នក"},"settings-account-display-notifications":{"_":"បង្ហាញ​ការ​ជូន​ដំណឹង​សម្រាប់​សារ​ថ្មី"},"settings-sub-header-data":{"_":"កាល​បរិច្ឆេទ"},"settings-account-check-mail":{"_":"ពិនិត្យ​សារ​ថ្មី"},"settings-sub-header-server":{"_":"ការកំណត់ម៉ាស៊ីនមេ"},"settings-account-userpass":{"_":"ឈ្មោះ​អ្នកប្រើ និង​ពាក្យ​សម្ងាត់​"},"fld-account-picker-last-sync":{"_":"សមកាល​ចុង​ក្រោយ៖"},"settings-done":{"_":"ធ្វើ​រួច"},"settings-account-section":{"_":"គណនី"},"settings-account-add":{"_":"បន្ថែម​គណនី"},"settings-account-delete":{"_":"លុប​គណនី"},"settings-account-delete-prompt":{"_":"តើ​អ្នក​ប្រាកដ​ចង់​លុប​គណនី​អ៊ីមែល {{account}} របស់​អ្នក​ឬ? អ្នក​នឹង​ត្រូវ​ទាញយក​សារ​ឡើងវិញ បើ​អ្នក​​បង្កើត​គណនី​ឡើង​វិញ។"},"settings-account-delete-cancel":{"_":"បោះបង់"},"settings-account-delete-confirm":{"_":"លុប"},"settings-about-section":{"_":"អំពី"},"settings-general-section":{"_":"ការ​កំណត់​ទូទៅ"},"settings-check-mail":{"_":"ពិនិត្យ​សំបុត្រ"},"settings-show-images":{"_":"បង្ហាញ​រូបភាព​ជានិច្ច"},"settings-download-attachments":{"_":"ទាញយក​ឯកសារ​ភ្ជាប់"},"settings-notify-mail":{"_":"ជូន​ដំណឹង​ពេល​មាន​សារ​ថ្មី"},"settings-check-every-3min":{"_":"រៀងរាល់ 3 ​នាទី"},"settings-check-every-5min":{"_":"រៀងរាល់ 5 នាទី"},"settings-check-every-10min":{"_":"រៀងរាល់ 10 ​នាទី"},"settings-check-every-15min":{"_":"រៀងរាល់ 15 នាទី"},"settings-check-every-30min":{"_":"រៀងរាល់ 30 ​នាទី"},"settings-check-every-60min":{"_":"រាល់ម៉ោង"},"settings-check-every-manual":{"_":"ដោយ​ដៃ"},"settings-check-dynamic":{"_":"{[ plural(n) ]}","_[zero]":"វិនាទី","_[one]":"{{ n }} វិនាទី","_[two]":"{{ n }} វិនាទី","_[few]":"{{ n }} វិនាទី","_[many]":"{{ n }} វិនាទី","_[other]":"{{ n }} វិនាទី"},"settings-default-account":{"_":"កំណត់​ជា​អ៊ីមែល​លំនាំដើម"},"settings-account-type":{"_":"ប្រភេទ​គណនី"},"settings-account-credentials":{"_":"លិខិត​សម្គាល់"},"settings-activesync-label":{"_":"ការ​កំណត់​សមកាល​សកម្ម"},"settings-imap-label":{"_":"ការ​កំណត់ IMAP"},"settings-pop3-label":{"_":"ការ​កំណត់ POP3"},"settings-smtp-label":{"_":"ការកំណត់​ SMTP"},"settings-hostname":{"_":"ឈ្មោះ​ម៉ាស៊ីន​បង្ហោះ"},"settings-port":{"_":"ច្រក"},"settings-username":{"_":"ឈ្មោះ​អ្នក​ប្រើ"},"settings-password":{"_":"ពាក្យ​សម្ងាត់"},"settings-save":{"_":"រក្សា​​ទុក"},"settings-password-empty":{"_":"ប្រឡោះ​ពាក្យ​សម្ងាត់​មិន​គួរ​ទុក​ឲ្យ​ទទេ"},"settings-account-synchronize-window":{"_":"ថ្ងៃ​ត្រូវ​ធ្វើ​សមកាលកម្ម"},"settings-synchronize-auto":{"_":"ស្វ័យ​ប្រវត្តិ"},"settings-synchronize-one-day":{"_":"1 ថ្ងៃ"},"settings-synchronize-three-days":{"_":"3 ថ្ងៃ"},"settings-synchronize-one-week":{"_":"1 សប្ដាហ៍"},"settings-synchronize-two-weeks":{"_":"2 សប្ដាហ៍"},"settings-synchronize-one-month":{"_":"1 ខែ"},"settings-synchronize-all":{"_":"សារ​ទាំងអស់"},"accounts-header":{"_":"គណនី"},"accounts-button":{"_":"គណនី"},"envelope-from":{"_":"ពី"},"envelope-to":{"_":"ជូន​ចំពោះ"},"envelope-cc":{"_":"ចម្លង​ជូន"},"envelope-bcc":{"_":"ចម្លង​ជាសម្ងាត់​ជូន"},"reader-header":{"_":"អាន"},"compose-header":{"_":"តែង​សារ"},"compose-header-short":{"_":"តែង"},"compose-send":{"_":"ផ្ញើ"},"compose-to":{"_":"ជូន​ចំពោះ"},"compose-cc":{"_":"ចម្លង​ជូន"},"compose-bcc":{"_":"ចម្លង​ជា​សម្ងាត់​ជូន"},"compose-attachments":{"_":"{[ plural(n) ]}","_[zero]":"ឯកសារ​ភ្ជាប់","_[one]":"{{ n }} ឯកសារ​ភ្ជាប់","_[two]":"{{ n }} ឯកសារ​ភ្ជាប់","_[few]":"{{ n }} ឯកសារ​ភ្ជាប់","_[many]":"{{ n }} ឯកសារ​ភ្ជាប់","_[other]":"{{ n }} ឯកសារ​ភ្ជាប់"},"compose-subject":{"_":"ប្រធានបទ"},"compose-draft-save":{"_":"រក្សាទុក​ទៅ​សេចក្ដី​ព្រាង​មូលដ្ឋាន"},"compose-discard-message":{"_":"បោះបង់​ចោល​អ៊ីមែល?"},"compose-discard-confirm":{"_":"បោះបង់ចោល"},"compose-sending-message":{"_":"ផ្ញើ​អ៊ីមែល"},"compose-send-message-failed":{"_":"បាន​បរាជ័យ​​ផ្ញើ​អ៊ីមែល"},"composer-attachment-large":{"_":"ឯកសារ​ភ្ជាប់​ធំ​ពេក"},"composer-attachments-large":{"_":"ឯកសារ​ភ្ជាប់​ធំ​ពេក"},"compose-attchment-size-exceeded":{"_":"ឯកសារ​ភ្ជាប់​ដែល​បាន​ជ្រើស​ដើម្បី​ផ្ញើ​ជាមួយ​សារ​នេះ​គឺ​ធំ​ពេក។"},"compose-attchments-size-exceeded":{"_":"ឯកសារ​ភ្ជាប់​ដែល​បាន​ជ្រើស​ដើម្បី​ផ្ញើ​ជាមួយ​សារ​នេះ​គឺ​ធំ​ពេក។ សាកល្បង​ជ្រើស​ឯកសារ​តិច​ជាង​នេះ។"},"dialog-button-ok":{"_":"យល់​ព្រម"},"default-attachment-filename":{"_":"attachment{{ n }}"},"attachment-size-kib":{"_":"{{kilobytes}}K"},"message-attachment-view":{"textContent":"មើល"},"message-no-subject":{"_":"(គ្មាន​ប្រធានបទ)"},"message-edit-menu-star":{"_":"ផ្កាយ"},"message-edit-menu-unstar":{"_":"ដក​ផ្កាយ"},"message-edit-menu-mark-read":{"_":"សម្គាល់​ថា​អាន​រួច"},"message-edit-menu-mark-unread":{"_":"សម្គាល់​ថា​មិន​ទាន់​បាន​អាន"},"message-edit-menu-move":{"_":"ផ្លាស់ទី"},"message-edit-menu-delete":{"_":"លុប"},"message-edit-delete-confirm":{"_":"លុប​​សារ​អ៊ីមែល​ឬ?"},"message-send-attachment-disabled-confirm":{"_":"ឯកសារ​ភ្ជាប់​មិន​អាច​បញ្ជូន​បន្ត​បាន​ទេ។"},"message-multiedit-header":{"_":"{[ plural(n) ]}","_[zero]":"កែសម្រួល","_[one]":"បាន​ជ្រើស {{ n }}","_[two]":"បាន​ជ្រើស {{ n }}","_[few]":"បាន​ជ្រើស {{ n }}","_[many]":"បាន​ជ្រើស {{ n }}","_[other]":"បាន​ជ្រើស {{ n }}"},"browse-to-url-prompt":{"_":"រុករក​ទៅ​កាន់ URL?: {{ url }}"},"message-download-images":{"_":"{[ plural(n) ]}","_[one]":"អ៊ីមែល​នេះ​មាន​រូបភាព​មួយ។ ចុច​ដើម្បី​ទាញ​យក។","_[two]":"អ៊ីមែល​នេះ​មាន​រូបភាព​ {{ n }} ។ ចុច​ដើម្បី​ទាញយក។","_[few]":"អ៊ីមែល​នេះ​មាន​រូបភាព​ {{ n }} ។ ចុច​ដើម្បី​ទាញយក។","_[many]":"អ៊ីមែល​នេះ​មាន​រូបភាព​ {{ n }} ។ ចុច​ដើម្បី​ទាញយក។","_[other]":"អ៊ីមែល​នេះ​មាន​រូបភាព​ {{ n }} ។ ចុច​ដើម្បី​ទាញយក។"},"message-show-external-images":{"_":"បង្ហាញ​រូបភាព​ខាង​ក្រៅ"},"message-multiedit-cancel":{"_":"បោះបង់"},"message-multiedit-delete-confirm":{"_":"{[ plural(n) ]}","_[one]":"លុប​សារ​អ៊ីមែល​នេះ​ឬ?","_[two]":"លុប​សារ​អ៊ីមែល {{ n }} ឬ?","_[few]":"លុប​សារ​អ៊ីមែល {{ n }} ឬ?","_[many]":"លុប​សារ​អ៊ីមែល {{ n }} ឬ?","_[other]":"លុប​សារ​អ៊ីមែល {{ n }} ឬ?"},"message-large-message-cancel":{"_":"បោះបង់"},"message-large-message-ok":{"_":"បន្ត"},"message-large-message-confirm":{"_":"សារ​នេះ​ធំពេក និង​អាច​ចំណាយ​ពេល​ខ្លះ​ដើម្បី​ទាញយក។"},"message-search-from":{"_":"ពី"},"message-search-to":{"_":"ជូន​ចំពោះ"},"message-search-subject":{"_":"ប្រធានបទ"},"message-search-body":{"_":"តួសេចក្ដី"},"message-search-all":{"_":"ទាំងអស់"},"message-search-input":{"placeholder":"ស្វែងរក​សារ"},"message-search-cancel-accessible":{"_":"បោះបង់​ការ​ស្វែងរក"},"messages-syncing":{"_":"ផ្ទុក​សារ"},"messages-sync-more":{"_":"ផ្ទុក​សារ​ច្រើន​ទៀត​ពី​ម៉ាស៊ីន​មេ"},"messages-folder-empty":{"_":"គ្មាន​សារ​​នៅ​ក្នុង​ថត​នេះ"},"messages-search-empty":{"_":"គ្មាន​សារ​ត្រូវគ្នា​ក្នុង​ឃ្លាំង​​​សារ​​ដែល​បាន​លាក់​ខាង​ក្នុង"},"messages-folder-select":{"_":"ជ្រើស​ថត"},"message-contact-menu-create":{"_":"រក្សាទុក​ទំនាក់ទំនង​ថ្មី"},"message-contact-menu-add-existing":{"_":"បន្ថែម​ទៅ​ទំនាក់ទំនង​ដែល​មាន​ស្រាប់"},"message-contact-menu-view":{"_":"មើល​ទំនាក់ទំនង"},"message-contact-menu-reply":{"_":"ឆ្លើយតប"},"message-contact-menu-new":{"_":"ផ្ញើ​សារ​ថ្មី"},"message-reply-menu-reply":{"_":"ឆ្លើយតប"},"message-reply-menu-reply-all":{"_":"ឆ្លើយតបទៅទាំងអស់គ្នា"},"message-reply-menu-forward":{"_":"បញ្ជូន​បន្ត"},"message-reply-menu-cancel":{"_":"បោះបង់"},"folder-list-header":{"_":"ថត"},"account-last-synced-label":{"_":"សមកាល​ចុង​ក្រោយ៖"},"account-never-synced":{"_":"មិនដែល"},"reply-quoting-wrote":{"_":"{name} បាន​សរសេរ"},"forward-original-message":{"_":"សារ​ដើម"},"forward-header-subject":{"_":"ប្រធាន​បទ"},"forward-header-date":{"_":"កាល​បរិច្ឆេទ"},"forward-header-from":{"_":"ពី"},"forward-header-reply-to":{"_":"ឆ្លើយ​តប​ទៅ"},"forward-header-to":{"_":"ជូន​ចំពោះ"},"forward-header-cc":{"_":"ចម្លង​ជូន"},"folder-inbox":{"_":"ប្រអប់​ទទួល"},"folder-sent":{"_":"បាន​ផ្ញើ"},"folder-drafts":{"_":"សេចក្ដី​ព្រាង"},"folder-trash":{"_":"ធុងសំរាម"},"folder-queue":{"_":"មិន​បាន​ផ្ញើ"},"folder-junk":{"_":"ឥត​បាន​ការ"},"folder-archives":{"_":"ប័ណ្ណសារ"},"folder-localdrafts":{"_":"សេចក្ដី​ព្រាង​មូលដ្ឋាន"},"toaster-undo":{"_":"មិនធ្វើ​វិញ"},"toaster-retry":{"_":"ព្យាយាម​ម្តង​ទៀត"},"toaster-message-star":{"_":"{[ plural(n) ]}","_[one]":"បាន​កំណត់​ទង់​​ឲ្យ​សារ​ 1","_[two]":"{{ n }} កំណត់ទង់សារ","_[few]":"{{ n }} កំណត់​ទង់សារ","_[many]":"{{ n }} កំណត់​ទង់សារ","_[other]":"{{ n }} កំណត់ទង់សារ"},"toaster-message-unstar":{"_":"{[ plural(n) ]}","_[one]":"បាន​យក​ទង់​ចេញ​​​​ពី​សារ 1","_[two]":"{{ n }} បាន​ដកទង់សារ​​ចេញ","_[few]":"{{ n }} បាន​ដក​ទង់​សារ​ចេញ","_[many]":"{{ n }} បាន​ដកទង់សារ​ចេញ","_[other]":"{{ n }} បាន​ដក​ទង់សារ​ចេញ"},"toaster-message-read":{"_":"{[ plural(n) ]}","_[one]":"បាន​សម្គាល់​សារ 1 ថា​អាន​រួច","_[two]":"បាន​សម្គាល់​សារ {{ n }} ថា​អាន​រួច","_[few]":"បាន​សម្គាល់​សារ {{ n }} ថា​អាន​រួច","_[many]":"បាន​សម្គាល់​សារ {{ n }} ថា​អាន​រួច","_[other]":"បាន​សម្គាល់​សារ {{ n }} ថា​អាន​រួច"},"toaster-message-unread":{"_":"{[ plural(n) ]}","_[one]":"បាន​សម្គាល់​សារ 1 ថា​​មិន​ទាន់​អាន","_[two]":"បាន​សម្គាល់​សារ {{ n }} ថា​​មិន​ទាន់​អាន","_[few]":"បាន​សម្គាល់​សារ {{ n }} ថា​​មិន​ទាន់​អាន","_[many]":"បាន​សម្គាល់​សារ {{ n }} ថា​​មិន​ទាន់​អាន","_[other]":"បាន​សម្គាល់​សារ {{ n }} ថា​​មិន​ទាន់​អាន"},"toaster-message-move":{"_":"{[ plural(n) ]}","_[one]":"បាន​ផ្លាស់ទី​សារ 1","_[two]":"បាន​ផ្លាស់ទី​សារ {{ n }}","_[few]":"បាន​ផ្លាស់ទី​សារ {{ n }}","_[many]":"បាន​ផ្លាស់ទី​សារ {{ n }}","_[other]":"បាន​ផ្លាស់ទី​សារ {{ n }}"},"toaster-message-delete":{"_":"{[ plural(n) ]}","_[one]":"បាន​លុប​សារ 1","_[two]":"បាន​លុប​សារ {{ n }}","_[few]":"បាន​លុប​សារ {{ n }}","_[many]":"បាន​លុប​សារ {{ n }}","_[other]":"បាន​លុប​សារ {{ n }}"},"toaster-retryable-syncfailed":{"_":"មិន​អាច​ភ្ជាប់​ទៅ​កាន់​ម៉ាស៊ីន​មេ"},"form-clear-input":{"_":"យក​អត្ថបទ​ចេញ"},"confirm-dialog-title":{"_":"ការ​បញ្ជាក់"},"senders-separation-sign":{"_":", "},"new-emails":{"_":"{[ plural(n) ]}","_[one]":"មាន​​អ៊ីមែល​ថ្មី 1","_[two]":"មាន​អ៊ីមែល​ថ្មី {{ n }}","_[few]":"មាន​អ៊ីមែល​ថ្មី {{ n }}","_[many]":"មាន​អ៊ីមែល​ថ្មី {{ n }}","_[other]":"មាន​អ៊ីមែល​ថ្មី {{ n }}"},"new-emails-notify-one-account":{"_":"{[ plural(n) ]}","_[one]":"មាន​អ៊ីមែល​ថ្មី 1","_[two]":"មាន​អ៊ីមែល​ថ្មី {{ n }}","_[few]":"មាន​អ៊ីមែល​ថ្មី {{ n }}","_[many]":"មាន​អ៊ីមែល​ថ្មី {{ n }}","_[other]":"អ៊ីមែល​ថ្មី {{ n }}"},"new-emails-notify-multiple-accounts":{"_":"{[ plural(n) ]}","_[one]":"អ៊ីមែលថ្មី 1 ({{ accountName }})","_[two]":"អ៊ីមែល​ថ្មី {{ n }} ({{ accountName }})","_[few]":"អ៊ីមែល​ថ្មី {{ n }} ({{ accountName }})","_[many]":"{{ n }} អ៊ីមែល​ថ្មី ({{ accountName }})","_[other]":"{{ n }} អ៊ីមែល​ថ្មី ({{ accountName }})"},"new-emails-notify-multiple-accounts-body":{"_":"{{ from }} “{{ subject }}”"},"setup-manual-activesync-username":{"placeholder":"ដែន\\\u0000ame"},"settings-account-clarify-imap":{"_":"{{account-name}} (IMAP)"},"settings-account-clarify-pop3":{"_":"{{account-name}} (POP3)"},"settings-account-clarify-smtp":{"_":"{{account-name}} (SMTP)"},"message-attachment-too-large":{"_":"ឯកសារ​ធំ​ពេក​ត្រូវ​ទាញយក។"},"weekday-0-long":{"_":"អាទិត្យ"},"weekday-1-long":{"_":"ច័ន្ទ"},"weekday-2-long":{"_":"អង្គារ"},"weekday-3-long":{"_":"ពុធ"},"weekday-4-long":{"_":"ព្រហស្បតិ៍"},"weekday-5-long":{"_":"សុក្រ"},"weekday-6-long":{"_":"សៅរ៍"},"weekday-0-short":{"_":"អាទិត្យ"},"weekday-1-short":{"_":"ច័ន្ទ"},"weekday-2-short":{"_":"អង្គារ"},"weekday-3-short":{"_":"ពុធ"},"weekday-4-short":{"_":"ព្រហស្បតិ៍"},"weekday-5-short":{"_":"សុក្រ"},"weekday-6-short":{"_":"សៅរ៍"},"month-0-long":{"_":"មករា"},"month-1-long":{"_":"កុម្ភៈ"},"month-2-long":{"_":"មីនា"},"month-3-long":{"_":"មេសា"},"month-4-long":{"_":"ឧសភា"},"month-5-long":{"_":"មិថុនា"},"month-6-long":{"_":"កក្កដា"},"month-7-long":{"_":"សីហា"},"month-8-long":{"_":"កញ្ញា"},"month-9-long":{"_":"តុលា"},"month-10-long":{"_":"វិច្ឆិកា"},"month-11-long":{"_":"ធ្នូ"},"month-0-genitive":{"_":"មករា"},"month-1-genitive":{"_":"កុម្ភៈ"},"month-2-genitive":{"_":"មីនា"},"month-3-genitive":{"_":"មេសា"},"month-4-genitive":{"_":"ឧសភា"},"month-5-genitive":{"_":"មិថុនា"},"month-6-genitive":{"_":"កក្កដា"},"month-7-genitive":{"_":"សីហា"},"month-8-genitive":{"_":"កញ្ញា"},"month-9-genitive":{"_":"តុលា"},"month-10-genitive":{"_":"វិច្ឆិកា"},"month-11-genitive":{"_":"ធ្នូ"},"month-0-short":{"_":"មករា"},"month-1-short":{"_":"កុម្ភៈ"},"month-2-short":{"_":"មីនា"},"month-3-short":{"_":"មេសា"},"month-4-short":{"_":"ឧសភា"},"month-5-short":{"_":"មិថុនា"},"month-6-short":{"_":"កក្កដា"},"month-7-short":{"_":"សីហា"},"month-8-short":{"_":"កញ្ញា"},"month-9-short":{"_":"តុលា"},"month-10-short":{"_":"វិច្ឆិកា"},"month-11-short":{"_":"ធ្នូ"},"minutes-ago-long":{"_":"{[ plural(value) ]}","_[zero]":"អម្បាញ់មិញនេះ","_[one]":"មួយ​នាទី​មុន","_[two]":"{{value}} នាទី​មុន","_[few]":"{{value}} នាទី​មុន","_[many]":"{{value}} នាទី​មុន","_[other]":"{{value}} នាទី​មុន"},"hours-ago-long":{"_":"{[ plural(value) ]}","_[zero]":"អម្បាញ់មិញនេះ","_[one]":"មួយ​ម៉ោង​មុន","_[two]":"{{value}} ម៉ោង​មុន","_[few]":"{{value}} ម៉ោង​មុន","_[many]":"{{value}} ម៉ោង​មុន","_[other]":"{{value}} ម៉ោង​មុន"},"days-ago-long":{"_":"{[ plural(value) ]}","_[zero]":"ថ្ងៃ​នេះ","_[one]":"ម្សិលមិញ","_[two]":"{{value}} ថ្ងៃ​មុន","_[few]":"{{value}} ថ្ងៃ​មុន","_[many]":"{{value}} ថ្ងៃ​មុន","_[other]":"{{value}} ថ្ងៃ​មុន"},"weeks-ago-long":{"_":"{[ plural(value) ]}","_[zero]":"សប្ដាហ៍​នេះ","_[one]":"សប្ដាហ៍​មុន","_[two]":"{{value}} សប្ដាហ៍​មុន","_[few]":"{{value}} សប្ដាហ៍​មុន","_[many]":"{{value}} សប្ដាហ៍​មុន","_[other]":"{{value}} សប្ដាហ៍​មុន"},"months-ago-long":{"_":"{[ plural(value) ]}","_[zero]":"ខែ​នេះ","_[one]":"ខែ​មុន","_[two]":"{{value}} ខែ​មុន","_[few]":"{{value}} ខែ​មុន","_[many]":"{{value}} ខែ​មុន","_[other]":"{{value}} ខែ​មុន"},"years-ago-long":{"_":"{[ plural(value) ]}","_[zero]":"ឆ្នាំនេះ","_[one]":"ឆ្នាំ​មុន","_[two]":"{{value}} ឆ្នាំ​មុន","_[few]":"{{value}} ឆ្នាំ​មុន","_[many]":"{{value}} ឆ្នាំ​មុន","_[other]":"{{value}} ឆ្នាំ​មុន"},"minutes-until-long":{"_":"{[ plural(value) ]}","_[zero]":"ឥឡូវ","_[one]":"ក្នុង​ពេល​មួយ​នាទី","_[two]":"ក្នុង​ពេល {{value}} នាទី","_[few]":"ក្នុង​ពេល {{value}} នាទី","_[many]":"ក្នុង​ពេល​ {{value}} នាទី​","_[other]":"ក្នុង​ពេល {{value}} នាទី"},"hours-until-long":{"_":"{[ plural(value) ]}","_[zero]":"ឥឡូវ","_[one]":"ក្នុង​រយៈពេល​១​ម៉ោង","_[two]":"ក្នុង​ពេល​​ {{value}} ម៉ោង","_[few]":"ក្នុង​ពេល​​ {{value}} ម៉ោង","_[many]":"ក្នុង​ពេល​​ {{value}} ម៉ោង","_[other]":"ក្នុង​ពេល​​ {{value}} ម៉ោង"},"days-until-long":{"_":"{[ plural(value) ]}","_[zero]":"ថ្ងៃ​នេះ","_[one]":"ថ្ងៃស្អែក","_[two]":"ក្នុង​ពេល​​ {{value}} ថ្ងៃ","_[few]":"ក្នុង​ពេល​​ {{value}} ថ្ងៃ","_[many]":"ក្នុង​ពេល​​ {{value}} ថ្ងៃ","_[other]":"ក្នុង​ពេល​​ {{value}} ថ្ងៃ"},"weeks-until-long":{"_":"{[ plural(value) ]}","_[zero]":"សប្ដាហ៍​នេះ","_[one]":"សប្ដាហ៍​ក្រោយ","_[two]":"ក្នុង​ពេល {{value}} សប្ដាហ៍","_[few]":"ក្នុង​ពេល {{value}} សប្ដាហ៍","_[many]":"ក្នុង​ពេល {{value}} សប្ដាហ៍","_[other]":"ក្នុង​ពេល {{value}} សប្ដាហ៍"},"months-until-long":{"_":"{[ plural(value) ]}","_[zero]":"ខែ​នេះ","_[one]":"ខែ​ក្រោយ","_[two]":"ក្នុង​ពេល {{value}} ខែ","_[few]":"ក្នុង​ពេល {{value}} ខែ","_[many]":"ក្នុង​ពេល {{value}} ខែ","_[other]":"ក្នុង​ពេល {{value}} ខែ"},"years-until-long":{"_":"{[ plural(value) ]}","_[zero]":"ឆ្នាំនេះ","_[one]":"ឆ្នាំ​ក្រោយ","_[two]":"ក្នុង​ពេល {{value}} ឆ្នាំ","_[few]":"ក្នុង​ពេល {{value}} ឆ្នាំ","_[many]":"ក្នុង​ពេល {{value}} ឆ្នាំ","_[other]":"ក្នុង​ពេល {{value}} ឆ្នាំ"},"minutes-ago-short":{"_":"{[ plural(value) ]}","_[zero]":"អម្បាញ់មិញនេះ","_[other]":"{{value}}នាទី​មុន"},"hours-ago-short":{"_":"{[ plural(value) ]}","_[zero]":"អម្បាញ់មិញនេះ","_[other]":"{{value}}ម៉ោង​មុន"},"days-ago-short":{"_":"{[ plural(value) ]}","_[zero]":"ថ្ងៃ​នេះ","_[other]":"{{value}}ថ្ងៃ​មុន"},"minutes-until-short":{"_":"{[ plural(value) ]}","_[zero]":"ឥឡូវ","_[other]":"ក្នុង​ពេល {{value}}នាទី"},"hours-until-short":{"_":"{[ plural(value) ]}","_[zero]":"ឥឡូវ","_[other]":"ក្នុង​ពេល {{value}}ម៉ោង"},"days-until-short":{"_":"{[ plural(value) ]}","_[zero]":"ថ្ងៃ​នេះ","_[other]":"ក្នុង​ពេល {{value}}ថ្ងៃ"},"incorrectDate":{"_":"(កាលបរិច្ឆេទ​មិន​ត្រឹមត្រូវ)"},"dateTimeFormat_%c":{"_":"%a %b %e %Y %I:%M:%S %p"},"dateTimeFormat_%x":{"_":"%m/%d/%Y"},"dateTimeFormat_%X":{"_":"%I:%M:%S %p"},"shortTimeFormat":{"_":"%I:%M %p"},"shortDateTimeFormat":{"_":"%x %I:%M %p"},"weekStartsOnMonday":{"_":"0"},"time_am":{"_":"ព្រឹក"},"time_pm":{"_":"PM"}}