{"setup-app-name-header":{"_":"메일"},"setup-empty-account-prompt":{"_":"이메일을 보내거나 받을 설정이 되어있지 않습니다. 지금 하시겠습니까?"},"setup-pick-service":{"_":"계정을 설정하면 이메일을 보내고 받을 수 있습니다."},"setup-account-header3":{"_":"신규 설정"},"setup-info-name":{"placeholder":"이름"},"setup-info-email":{"placeholder":"someone@example.com"},"setup-info-password":{"placeholder":"암호"},"setup-info-next":{"_":"다음"},"setup-progress-wait-msg":{"_":"계정 설정 중..."},"setup-completed-header":{"_":"계정 설정 완료"},"setup-completed-label":{"_":"모두 완료!"},"setup-add-another-account":{"_":"다른 계정 추가"},"setup-show-mail":{"_":"메일 보기"},"setup-error-offline":{"_":"이 기기는 현재 오프라인입니다. 네트워크에 연결하고 다시 시도해 주십시오."},"setup-error-bad-user-or-pass2":{"_":"사용자명이나 암호가 유효하지 않습니다. 오타가 있는지 확인해 보십시오."},"setup-error-bad-address":{"_":"유효하지 않는 메일 주소입니다. 오자가 없는지 확인해 주십시오."},"setup-error-not-authorized":{"_":"사용자가 계정을 만들 허가를 받지 않았다고 서버에서 응답함"},"setup-error-pop-server-not-great":{"_":"지원하지 않는 서버입니다. POP3 서버로서 요구 기능을 가지고 있지 않습니다."},"setup-error-unknown2":{"_":"알 수 없는 오류가 발생했습니다. 네트워크 연결을 확인해보시거나 수동으로 설정해 보십시오."},"setup-error-needs-app-pass":{"_":"Gmail 계정에서 기기 인증 암호를 넣어야 함"},"setup-error-imap-disabled":{"_":"Gmail 계정에 IMAP 기능을 사용해야 함"},"setup-error-pop3-disabled":{"_":"Gmail 계정에 POP3 기능을 사용해야 함"},"setup-error-bad-security":{"_":"\"{{server}}\"와 보안 연결을 할 수 없습니다. 네트워크나 서버의 문제일 수 있습니다."},"setup-error-unresponsive-server":{"_":"\"{{server}}\"와 연결을 할 수 없습니다. 네트워크나 서버의 문제일 수 있습니다."},"setup-error-server-problem":{"_":"\"{{server}}\"와 연결하는 데 문제가 있습니다. 나중에 다시 시도해 보십시오."},"setup-error-no-config-info":{"_":"계정을 자동으로 설정할 수 없습니다. 이메일 주소를 올바르게 고치거나 수동으로 설정해 보십시오."},"setup-error-server-maintenance":{"_":"\"{{server}}\" 서버가 점검을 위해 오프라인입니다. 나중에 다시 시도해 보십시오."},"setup-error-account-already-exists":{"_":"이 계정은 이미 설정되어있는 계정입니다."},"setup-manual-config2":{"_":"수동으로 설정"},"setup-manual-config-header":{"_":"수동 설정"},"setup-manual-account-type":{"_":"계정 종류"},"setup-manual-imap-header":{"_":"IMAP 설정"},"setup-manual-pop3-header":{"_":"POP3 설정"},"setup-manual-smtp-header":{"_":"SMTP 설정"},"setup-manual-activesync-header":{"_":"ActiveSync 설정"},"setup-manual-next":{"_":"다음"},"setup-manual-socket":{"_":"소켓 형식"},"setup-manual-socket-ssl":{"_":"SSL"},"setup-manual-socket-starttls":{"_":"STARTTLS"},"setup-manual-hostname":{"placeholder":"호스트명"},"setup-manual-port":{"placeholder":"포트 번호"},"setup-manual-username":{"placeholder":"사용자명"},"setup-bad-password-header":{"_":"잘못된 암호!"},"setup-bad-password":{"_":"서버에 로그인을 하지 못했습니다. 올바른 암호입니까?"},"setup-new-password":{"placeholder":"새 암호"},"setup-fix-password":{"_":"새 암호로 재시도"},"setup-gmail-twofactor-header":{"_":"기기 인증 설정"},"setup-gmail-twofactor-message":{"_":"애플리케이션 특정 암호를 아래에 입력하십시오."},"setup-gmail-twofactor-fix":{"_":"애플리케이션 특정 암호 사용"},"setup-gmail-imap-header":{"_":"IMAP 꺼짐"},"setup-gmail-imap-message":{"_":"Gmail 계정에서 IMAP을 켜야 합니다."},"setup-gmail-imap-retry":{"_":"다시 시도"},"setup-gmail-pop3-header":{"_":"POP3 꺼짐"},"setup-gmail-pop3-message":{"_":"Gmail 계정에서 POP3를 켜야 합니다."},"setup-gmail-pop3-retry":{"_":"다시 시도"},"settings-main-header":{"_":"메일 설정"},"settings-sub-header-account":{"_":"계정"},"settings-account-name":{"_":"이름"},"settings-account-display-notifications":{"_":"새 메일 알림 표시"},"settings-sub-header-data":{"_":"데이터"},"settings-account-check-mail":{"_":"새 메일 확인"},"settings-sub-header-server":{"_":"서버 설정"},"settings-account-userpass":{"_":"사용자 계정과 암호"},"fld-account-picker-last-sync":{"_":"마지막 동기화:"},"settings-done":{"_":"완료"},"settings-account-section":{"_":"계정"},"settings-account-add":{"_":"계정 추가"},"settings-account-delete":{"_":"계정 삭제"},"settings-account-delete-prompt":{"_":"정말 {{account}} 메일 계정을 삭제하시겠습니까? 계정을 다시 만들면 메일을 모두 다시 다운로드 해야 합니다."},"settings-account-delete-cancel":{"_":"취소"},"settings-account-delete-confirm":{"_":"삭제"},"settings-about-section":{"_":"소개"},"settings-general-section":{"_":"일반 설정"},"settings-check-mail":{"_":"메일 확인"},"settings-show-images":{"_":"이미지 항상 보기"},"settings-download-attachments":{"_":"첨부 파일 다운로드"},"settings-notify-mail":{"_":"새 메일 알림"},"settings-check-every-3min":{"_":"3분마다"},"settings-check-every-5min":{"_":"5분마다"},"settings-check-every-10min":{"_":"10분마다"},"settings-check-every-15min":{"_":"15분마다"},"settings-check-every-30min":{"_":"30분마다"},"settings-check-every-60min":{"_":"60분마다"},"settings-check-every-manual":{"_":"수동으로"},"settings-check-dynamic":{"_":"{[ plural(n) ]}","_[zero]":"초","_[one]":"{{ n }}초","_[two]":"{{ n }}초","_[few]":"{{ n }}초","_[many]":"{{ n }}초","_[other]":"{{ n }}초"},"settings-default-account":{"_":"기본 계정"},"settings-account-type":{"_":"계정 형식"},"settings-account-credentials":{"_":"보증서"},"settings-activesync-label":{"_":"ActiveSync 설정"},"settings-imap-label":{"_":"IMAP 설정"},"settings-pop3-label":{"_":"POP3 설정"},"settings-smtp-label":{"_":"SMTP 설정"},"settings-hostname":{"_":"호스트명"},"settings-port":{"_":"포트"},"settings-username":{"_":"사용자명"},"settings-password":{"_":"암호"},"settings-save":{"_":"저장"},"settings-password-empty":{"_":"암호 비어있음"},"settings-account-synchronize-window":{"_":"동기화 주기"},"settings-synchronize-auto":{"_":"자동"},"settings-synchronize-one-day":{"_":"매일"},"settings-synchronize-three-days":{"_":"삼일"},"settings-synchronize-one-week":{"_":"한 주"},"settings-synchronize-two-weeks":{"_":"두 주"},"settings-synchronize-one-month":{"_":"한 달"},"settings-synchronize-all":{"_":"메시지 전체"},"accounts-header":{"_":"계정 정보"},"accounts-button":{"_":"계정"},"envelope-from":{"_":"보낸 사람"},"envelope-to":{"_":"받는 사람"},"envelope-cc":{"_":"참조"},"envelope-bcc":{"_":"숨은 참조"},"reader-header":{"_":"읽음"},"compose-header":{"_":"메시지 쓰기"},"compose-header-short":{"_":"쓰기"},"compose-send":{"_":"보내기"},"compose-to":{"_":"받는 사람"},"compose-cc":{"_":"참조"},"compose-bcc":{"_":"숨은 참조"},"compose-attachments":{"_":"{[ plural(n) ]}","_[zero]":"첨부","_[one]":"{{ n }}개 첨부됨","_[two]":"{{ n }}개 첨부됨","_[few]":"{{ n }}개 첨부됨","_[many]":"{{ n }}개 첨부됨","_[other]":"{{ n }}개 첨부됨"},"compose-subject":{"_":"제목"},"compose-draft-save":{"_":"임시 저장"},"compose-discard-message":{"_":"이메일을 취소하시겠습니까?"},"compose-discard-confirm":{"_":"취소"},"compose-sending-message":{"_":"이메일 보내기"},"compose-send-message-failed":{"_":"이메일 보내기 실패"},"composer-attachment-large":{"_":"첨부 파일 너무 큼"},"composer-attachments-large":{"_":"첨부 파일 너무 큼"},"compose-attchment-size-exceeded":{"_":"선택한 첨부 파일이 너무 커서 이메일을 보낼 수 없습니다."},"compose-attchments-size-exceeded":{"_":"선택한 첨부 파일이 너무 커서 이메일을 보낼 수 없습니다. 파일 개수를 줄여 보세요."},"dialog-button-ok":{"_":"예"},"default-attachment-filename":{"_":"첨부파일-{{ n }}"},"attachment-size-kib":{"_":"{{kilobytes}}K"},"message-attachment-view":{"textContent":"보기"},"message-no-subject":{"_":"(제목 없음)"},"message-edit-menu-star":{"_":"별표"},"message-edit-menu-unstar":{"_":"별표 지우기"},"message-edit-menu-mark-read":{"_":"읽은 메일로 표시"},"message-edit-menu-mark-unread":{"_":"읽지 않은 메일로 표시"},"message-edit-menu-move":{"_":"이동"},"message-edit-menu-delete":{"_":"삭제"},"message-edit-delete-confirm":{"_":"이메일 메시지를 삭제하시겠습니까?"},"message-send-attachment-disabled-confirm":{"_":"첨부 파일을 전달 할 수 없습니다."},"message-multiedit-header":{"_":"{[ plural(n) ]}","_[zero]":"편집","_[one]":"{{ n }}개 선택됨","_[two]":"{{ n }}개 선택됨","_[few]":"{{ n }}개 선택됨","_[many]":"{{ n }}개 선택됨","_[other]":"{{ n }}개 선택됨"},"browse-to-url-prompt":{"_":"다음 URL을 브라우저로 여시겠습니까?: {{ url }}"},"message-download-images":{"_":"{[ plural(n) ]}","_[one]":"이메일에는 이미지가 한 장 있습니다. 누르면 다운로드됩니다.","_[two]":"이메일에는 이미지가 {{ n }}장 있습니다. 누르면 다운로드됩니다.","_[few]":"이메일에는 이미지가 {{ n }}장 있습니다. 누르면 다운로드됩니다.","_[many]":"이메일에는 이미지가 {{ n }}장 있습니다. 누르면 다운로드됩니다.","_[other]":"이메일에는 이미지가 {{ n }}장 있습니다. 누르면 다운로드됩니다."},"message-show-external-images":{"_":"외부 이미지 보이기"},"message-multiedit-cancel":{"_":"취소"},"message-multiedit-delete-confirm":{"_":"{[ plural(n) ]}","_[one]":"이메일 메시지를 삭제하시겠습니까?","_[two]":"이메일 메시지 두 개를 삭제하시겠습니까?","_[few]":"이메일 메시지 {{ n }}개를 삭제하시겠습니까?","_[many]":"이메일 메시지 {{ n }}개를 삭제하시겠습니까?","_[other]":"이메일 메시지 {{ n }}개를 삭제하시겠습니까?"},"message-large-message-cancel":{"_":"취소"},"message-large-message-ok":{"_":"계속"},"message-large-message-confirm":{"_":"현재 메시지는 너무 커서 다운로드하는데 시간이 걸립니다."},"message-search-from":{"_":"보낸 사람"},"message-search-to":{"_":"받는 사람"},"message-search-subject":{"_":"제목"},"message-search-body":{"_":"본문"},"message-search-all":{"_":"모두"},"message-search-input":{"placeholder":"메일 검색"},"message-search-cancel-accessible":{"_":"검색 취소"},"messages-syncing":{"_":"메시지를 읽어오는 중"},"messages-sync-more":{"_":"서버에서 메시지 더 읽어오기"},"messages-folder-empty":{"_":"메일이 없는 폴더"},"messages-search-empty":{"_":"로컬에 캐쉬된 메시지 가운데 일치하는 것 없음"},"messages-folder-select":{"_":"폴더 선택"},"message-contact-menu-create":{"_":"새 연락처 저장"},"message-contact-menu-add-existing":{"_":"기존 연락처에 추가"},"message-contact-menu-view":{"_":"연락처 보기"},"message-contact-menu-reply":{"_":"회신"},"message-contact-menu-new":{"_":"새 메일 보내기"},"message-reply-menu-reply":{"_":"답장"},"message-reply-menu-reply-all":{"_":"모두에게 답장"},"message-reply-menu-forward":{"_":"전달"},"message-reply-menu-cancel":{"_":"취소"},"folder-list-header":{"_":"폴더"},"account-last-synced-label":{"_":"마지막 동기화: "},"account-never-synced":{"_":"시작 안함"},"reply-quoting-wrote":{"_":"{name} 씀"},"forward-original-message":{"_":"원본 메시지"},"forward-header-subject":{"_":"제목"},"forward-header-date":{"_":"날짜"},"forward-header-from":{"_":"보낸 사람"},"forward-header-reply-to":{"_":"회신 주소"},"forward-header-to":{"_":"받는 사람"},"forward-header-cc":{"_":"참조"},"folder-inbox":{"_":"Inbox"},"folder-sent":{"_":"Sent"},"folder-drafts":{"_":"Drafts"},"folder-trash":{"_":"Trash"},"folder-queue":{"_":"Unsent"},"folder-junk":{"_":"Junk"},"folder-archives":{"_":"Archives"},"folder-localdrafts":{"_":"Local Drafts"},"toaster-undo":{"_":"실행 취소"},"toaster-retry":{"_":"다시 시도"},"toaster-message-star":{"_":"{[ plural(n) ]}","_[one]":"메시지 한 개를 표시함","_[two]":"메시지 {{ n }}개를 표시함","_[few]":"메시지 {{ n }}개를 표시함","_[many]":"메시지 {{ n }}개를 표시함","_[other]":"메시지 {{ n }}개를 표시함"},"toaster-message-unstar":{"_":"{[ plural(n) ]}","_[one]":"메시지 한 개의 표시를 삭제함","_[two]":"메시지 {{ n }}개의 표시를 삭제함","_[few]":"메시지 {{ n }}개의 표시를 삭제함","_[many]":"메시지 {{ n }}개의 표시를 삭제함","_[other]":"메시지 {{ n }}개의 표시를 삭제함"},"toaster-message-read":{"_":"{[ plural(n) ]}","_[one]":"메시지 한 개를 읽은 것으로 표시함","_[two]":"메시지 {{ n }}개를 읽은 것으로 표시함","_[few]":"메시지 {{ n }}개를 읽은 것으로 표시함","_[many]":"메시지 {{ n }}개를 읽은 것으로 표시함","_[other]":"메시지 {{ n }}개를 읽은 것으로 표시함"},"toaster-message-unread":{"_":"{[ plural(n) ]}","_[one]":"메시지 한 개를 읽지 않은 것으로 표시함","_[two]":"메시지 {{ n }}개를 읽지 않은 것으로 표시함","_[few]":"메시지 {{ n }}개를 읽지 않은 것으로 표시함","_[many]":"메시지 {{ n }}개를 읽지 않은 것으로 표시함","_[other]":"메시지 {{ n }}개를 읽지 않은 것으로 표시함"},"toaster-message-move":{"_":"{[ plural(n) ]}","_[one]":"메시지 한 개 옮김","_[two]":"메시지 {{ n }}개 옮김","_[few]":"메시지 {{ n }}개 옮김","_[many]":"메시지 {{ n }}개 옮김","_[other]":"메시지 {{ n }}개 옮김"},"toaster-message-delete":{"_":"{[ plural(n) ]}","_[one]":"메시지 한 개 삭제함","_[two]":"메시지 {{ n }}개 삭제함","_[few]":"메시지 {{ n }}개 삭제함","_[many]":"메시지 {{ n }}개 삭제함","_[other]":"메시지 {{ n }}개 삭제함"},"toaster-retryable-syncfailed":{"_":"서버에 연결할 수 없음"},"form-clear-input":{"_":"글 지우기"},"confirm-dialog-title":{"_":"확인"},"senders-separation-sign":{"_":", "},"new-emails":{"_":"{[ plural(n) ]}","_[one]":"새 메일 1개","_[two]":"새 메일 {{ n }}개 ","_[few]":"새 메일 {{ n }}개","_[many]":"새 메일 {{ n }}개","_[other]":"새 메일 {{ n }}개"},"new-emails-notify-one-account":{"_":"{[ plural(n) ]}","_[one]":"새 메일 한개 ","_[two]":"새 메일 {{ n }}개","_[few]":"새 메일 {{ n }}개","_[many]":"새 메일 {{ n }}개","_[other]":"새 메일 {{ n }}개"},"new-emails-notify-multiple-accounts":{"_":"{[ plural(n) ]}","_[one]":"새 메일 한 개({{ accountName }})","_[two]":"새 메일 {{ n }}개 ({{ accountName }})","_[few]":"새 메일 {{ n }}개 ({{ accountName }})","_[many]":"새 메일 {{ n }}개 ({{ accountName }})","_[other]":"새 메일 {{ n }}개 ({{ accountName }})"},"new-emails-notify-multiple-accounts-body":{"_":"{{ from }} “{{ subject }}”"},"weekday-0-long":{"_":"일요일"},"weekday-1-long":{"_":"월요일"},"weekday-2-long":{"_":"화요일"},"weekday-3-long":{"_":"수요일"},"weekday-4-long":{"_":"목요일"},"weekday-5-long":{"_":"금요일"},"weekday-6-long":{"_":"토요일"},"weekday-0-short":{"_":"일"},"weekday-1-short":{"_":"월"},"weekday-2-short":{"_":"화"},"weekday-3-short":{"_":"수"},"weekday-4-short":{"_":"목"},"weekday-5-short":{"_":"금"},"weekday-6-short":{"_":"토"},"month-0-long":{"_":"1월"},"month-1-long":{"_":"2월"},"month-2-long":{"_":"3월"},"month-3-long":{"_":"4월"},"month-4-long":{"_":"5월"},"month-5-long":{"_":"6월"},"month-6-long":{"_":"7월"},"month-7-long":{"_":"8월"},"month-8-long":{"_":"9월"},"month-9-long":{"_":"10월"},"month-10-long":{"_":"11월"},"month-11-long":{"_":"12월"},"month-0-genitive":{"_":"1월"},"month-1-genitive":{"_":"2월"},"month-2-genitive":{"_":"3월"},"month-3-genitive":{"_":"4월"},"month-4-genitive":{"_":"5월"},"month-5-genitive":{"_":"6월"},"month-6-genitive":{"_":"7월"},"month-7-genitive":{"_":"8월"},"month-8-genitive":{"_":"9월"},"month-9-genitive":{"_":"10월"},"month-10-genitive":{"_":"11월"},"month-11-genitive":{"_":"12월"},"month-0-short":{"_":"1월"},"month-1-short":{"_":"2월"},"month-2-short":{"_":"3월"},"month-3-short":{"_":"4월"},"month-4-short":{"_":"5월"},"month-5-short":{"_":"6월"},"month-6-short":{"_":"7월"},"month-7-short":{"_":"8월"},"month-8-short":{"_":"9월"},"month-9-short":{"_":"10월"},"month-10-short":{"_":"11월"},"month-11-short":{"_":"12월"},"minutes-ago-long":{"_":"{[ plural(value) ]}","_[zero]":"지금","_[one]":"1분 전","_[two]":"{{value}}분 전","_[few]":"{{value}}분 전","_[many]":"{{value}}분 전","_[other]":"{{value}}분 전"},"hours-ago-long":{"_":"{[ plural(value) ]}","_[zero]":"지금","_[one]":"1시간 전","_[two]":"{{value}}시간 전","_[few]":"{{value}}시간 전","_[many]":"{{value}}시간 전","_[other]":"{{value}}시간 전"},"days-ago-long":{"_":"{[ plural(value) ]}","_[zero]":"오늘","_[one]":"어제","_[two]":"{{value}}일 전","_[few]":"{{value}}일 전","_[many]":"{{value}}일 전","_[other]":"{{value}}일 전"},"weeks-ago-long":{"_":"{[ plural(value) ]}","_[zero]":"이번 주","_[one]":"지난 주","_[two]":"{{value}}주 전","_[few]":"{{value}}주 전","_[many]":"{{value}}주 전","_[other]":"{{value}}주 전"},"months-ago-long":{"_":"{[ plural(value) ]}","_[zero]":"이번 달","_[one]":"지난 달","_[two]":"{{value}}개월 전","_[few]":"{{value}}개월 전","_[many]":"{{value}}개월 전","_[other]":"{{value}}개월 전"},"years-ago-long":{"_":"{[ plural(value) ]}","_[zero]":"올해","_[one]":"작년","_[two]":"{{value}}년 전","_[few]":"{{value}}년 전","_[many]":"{{value}}년 전","_[other]":"{{value}}년 전"},"minutes-until-long":{"_":"{[ plural(value) ]}","_[zero]":"지금","_[one]":"1분 후","_[two]":"{{value}}분 후","_[few]":"{{value}}분 후","_[many]":"{{value}}분 후","_[other]":"{{value}}분 후"},"hours-until-long":{"_":"{[ plural(value) ]}","_[zero]":"지금","_[one]":"한 시간 후","_[two]":"{{value}}시간 후","_[few]":"{{value}}시간 후","_[many]":"{{value}}시간 후","_[other]":"{{value}}시간 후"},"days-until-long":{"_":"{[ plural(value) ]}","_[zero]":"오늘","_[one]":"내일","_[two]":"{{value}}일 후","_[few]":"{{value}}일 후","_[many]":"{{value}}일 후","_[other]":"{{value}}일 후"},"weeks-until-long":{"_":"{[ plural(value) ]}","_[zero]":"이번 주","_[one]":"다음 주","_[two]":"{{value}}주 후","_[few]":"{{value}}주 후","_[many]":"{{value}}주 후","_[other]":"{{value}}주 후"},"months-until-long":{"_":"{[ plural(value) ]}","_[zero]":"이번 달","_[one]":"다음 달","_[two]":"{{value}}개월 후","_[few]":"{{value}}개월 후","_[many]":"{{value}}개월 후","_[other]":"{{value}}개월 후"},"years-until-long":{"_":"{[ plural(value) ]}","_[zero]":"올해","_[one]":"내년","_[two]":"{{value}}년 후","_[few]":"{{value}}년 후","_[many]":"{{value}}년 후","_[other]":"{{value}}년 후"},"minutes-ago-short":{"_":"{[ plural(value) ]}","_[zero]":"지금","_[other]":"{{value}}분 전"},"hours-ago-short":{"_":"{[ plural(value) ]}","_[zero]":"지금","_[other]":"{{value}}시간 전"},"days-ago-short":{"_":"{[ plural(value) ]}","_[zero]":"오늘","_[other]":"{{value}}일 전"},"minutes-until-short":{"_":"{[ plural(value) ]}","_[zero]":"지금","_[other]":"{{value}}분 후"},"hours-until-short":{"_":"{[ plural(value) ]}","_[zero]":"지금","_[other]":"{{value}}시간 후"},"days-until-short":{"_":"{[ plural(value) ]}","_[zero]":"오늘","_[other]":"{{value}}일 후"},"incorrectDate":{"_":"(잘못된 날짜)"},"dateTimeFormat_%c":{"_":"%Y년 %B %e일 %a %I:%M:%S %p"},"dateTimeFormat_%x":{"_":"%Y/%m/%d"},"dateTimeFormat_%X":{"_":"%I:%M:%S %p"},"shortTimeFormat":{"_":"%I:%M %p"},"shortDateTimeFormat":{"_":"%x %I:%M %p"},"weekStartsOnMonday":{"_":"0"},"time_am":{"_":"오전"},"time_pm":{"_":"오후"}}