{"setup-app-name-header":{"_":"El. paštas"},"setup-empty-account-prompt":{"_":"Kol kas elektroninio pašto siuntimas ir gavimas nenustatytas. Ar norite tai padaryti dabar?"},"setup-pick-service":{"_":"Norėdami siųsti ir gauti elektroninį paštą, turite užregistruoti paskyrą."},"setup-account-header3":{"_":"Nauja paskyra"},"setup-info-name":{"placeholder":"Jūsų vardas"},"setup-info-email":{"placeholder":"v.pavarde@pvz.lt"},"setup-info-password":{"placeholder":"Slaptažodis"},"setup-info-next":{"_":"Toliau"},"setup-progress-wait-msg":{"_":"Paskyra kuriama"},"setup-completed-header":{"_":"Pašto paskyros kūrimas"},"setup-completed-label":{"_":"Atlikta!"},"setup-add-another-account":{"_":"Kurti naują paskyrą"},"setup-show-mail":{"_":"Eiti į gautųjų aplanką"},"setup-error-offline":{"_":"Šiuo metu neprisijungta prie interneto. Prisijunkite ir bandykite dar kartą."},"setup-error-bad-user-or-pass2":{"_":"Neteisingas abonento vardas arba slaptažodis. Patikslinkite ir bandykite dar kartą."},"setup-error-bad-address":{"_":"Neteisingas el. pašto adresas. Patikrinkite, ar jame nėra klaidų."},"setup-error-not-authorized":{"_":"Serveris informavo, jog jums neleista kurti paskyros"},"setup-error-pop-server-not-great":{"_":"Šis POP3 serveris nepalaikomas, nes jame nėra realizuotos visos reikalaujamos funkcijos."},"setup-error-unknown2":{"_":"Įvyko nežinoma klaida. Patikrinkite ryšį su internetu arba bandykite paskyrą suderinti rankiniu būdu."},"setup-error-needs-app-pass":{"_":"Su „Gmail“ paskyromis, reikalaujančiomis dviejų faktorių tapatybės tikrinimo, būtina naudoti specifinį programos slaptažodį"},"setup-error-imap-disabled":{"_":"Jūsų „Gmail“ paskyrai reikia įjungti IMAP palaikymą"},"setup-error-pop3-disabled":{"_":"Jūsų „Gmail“ paskyrai reikia įjungti POP3 palaikymą"},"setup-error-bad-security":{"_":"Su serveriu {{server}} nepavyko užmegzti šifruoto ryšio. Gali būti, jog tai – jūsų tinklo arba serverio problema."},"setup-error-unresponsive-server":{"_":"Su serveriu {{server}} nepavyko užmegzti ryšio. Gali būti, jog tai – jūsų tinklo problema."},"setup-error-server-problem":{"_":"Užmezgant ryšį su serveriu {{server}}, iškilo problema. Bandykite jungtis vėliau."},"setup-error-no-config-info":{"_":"Jūsų paskyos automatiškai sukonfigūruoti nepavyko. Patikslinkite savo el. pašto adresą arba bandykite paskyrą suderinti rankiniu būdu."},"setup-error-server-maintenance":{"_":"Serveris {{server}} šiuo metu atjungtas nuo tinklo ir tvarkomas. Bandykite jungtis vėliau."},"setup-error-account-already-exists":{"_":"Ši paskyra jau sukonfigūruota."},"setup-manual-config2":{"_":"Rankinis derinimas"},"setup-manual-config-header":{"_":"Rankinis derinimas"},"setup-manual-account-type":{"_":"Paskyros tipas"},"setup-manual-imap-header":{"_":"IMAP nuostatos"},"setup-manual-pop3-header":{"_":"POP3 nuostatos"},"setup-manual-smtp-header":{"_":"SMTP nuostatos"},"setup-manual-activesync-header":{"_":"„ActiveSync“ nuostatos"},"setup-manual-next":{"_":"Toliau"},"setup-manual-socket":{"_":"Prievado tipas"},"setup-manual-socket-ssl":{"_":"SSL"},"setup-manual-socket-starttls":{"_":"STARTTLS"},"setup-manual-hostname":{"placeholder":"Serverio vardas"},"setup-manual-port":{"placeholder":"Prievado numeris"},"setup-manual-username":{"placeholder":"Abonento vardas"},"setup-bad-password-header":{"_":"Blogas slaptažodis!"},"setup-bad-password":{"_":"Prie serverio prisijungti nepavyko. Galbūt įvedėte blogą slaptažodį?"},"setup-new-password":{"placeholder":"Naujas slaptažodis"},"setup-fix-password":{"_":"Bandyti su nauju slaptažodžiu"},"setup-gmail-twofactor-header":{"_":"Įgalintas dviejų faktorių tapatybės tikrinimas"},"setup-gmail-twofactor-message":{"_":"Žemiau privalote įvesti specifinį šios programos slaptažodį."},"setup-gmail-twofactor-fix":{"_":"Naudoti programos slaptažodį"},"setup-gmail-imap-header":{"_":"IMAP neįjungtas"},"setup-gmail-imap-message":{"_":"Savo „Gmail“ paskyroje privalote įjungti IMAP protokolo palaikymą"},"setup-gmail-imap-retry":{"_":"Bandyti vėl"},"setup-gmail-pop3-header":{"_":"POP3 neįjungtas"},"setup-gmail-pop3-message":{"_":"Savo „Gmail“ paskyroje privalote įjungti POP3 protokolo palaikymą"},"setup-gmail-pop3-retry":{"_":"Bandyti vėl"},"settings-main-header":{"_":"Pašto nuostatos"},"settings-sub-header-account":{"_":"Paskyra"},"settings-account-name":{"_":"Jūsų vardas"},"settings-account-display-notifications":{"_":"Pranešti apie naujus laiškus"},"settings-sub-header-data":{"_":"Duomenų perdavimas"},"settings-account-check-mail":{"_":"Tikrinti, ar yra naujų laiškų"},"settings-sub-header-server":{"_":"Serverio nuostatos"},"settings-account-userpass":{"_":"Abonento vardas ir slaptažodis"},"fld-account-picker-last-sync":{"_":"Sinchronizuota"},"settings-done":{"_":"Baigta"},"settings-account-section":{"_":"Paskyros"},"settings-account-add":{"_":"Kurti paskyrą"},"settings-account-delete":{"_":"Šalinti paskyrą"},"settings-account-delete-prompt":{"_":"Ar tikrai norite pašalinti {{account}} el. pašto paskyrą? Jeigu ją sukursite iš naujo, laiškus turėsite atsisiųsti pakartotinai."},"settings-account-delete-cancel":{"_":"Atsisakyti"},"settings-account-delete-confirm":{"_":"Šalinti"},"settings-about-section":{"_":"Apie"},"settings-general-section":{"_":"Bendrosios nuostatos"},"settings-check-mail":{"_":"Atsiųsti laiškus"},"settings-show-images":{"_":"Visada rodyti paveikslus"},"settings-download-attachments":{"_":"Parsiųsti priedus"},"settings-notify-mail":{"_":"Pranešti apie naujus laiškus"},"settings-check-every-3min":{"_":"Kas 3 minutes"},"settings-check-every-5min":{"_":"Kas 5 minutes"},"settings-check-every-10min":{"_":"Kas 10 minučių"},"settings-check-every-15min":{"_":"Kas 15 minučių"},"settings-check-every-30min":{"_":"Kas 30 minučių"},"settings-check-every-60min":{"_":"Kas valandą"},"settings-check-every-manual":{"_":"Rankiniu būdu"},"settings-check-dynamic":{"_":"{[ plural(n) ]}","_[zero]":"Sekundės","_[one]":"Kas {{ n }} sekundę","_[two]":"Kas {{ n }} sekundes","_[few]":"Kas {{ n }} sekundes","_[many]":"Kas {{ n }} sekundžių","_[other]":"Kas {{ n }} sekundžių"},"settings-default-account":{"_":"Skirti numatytąja el. pašto paskyra"},"settings-account-type":{"_":"Paskyros tipas"},"settings-account-credentials":{"_":"Kredencialai"},"settings-activesync-label":{"_":"„ActiveSync“ nuostatos"},"settings-imap-label":{"_":"IMAP nuostatos"},"settings-pop3-label":{"_":"POP3 nuostatos"},"settings-smtp-label":{"_":"SMTP nuostatos"},"settings-hostname":{"_":"Serverio vardas"},"settings-port":{"_":"Prievadas"},"settings-username":{"_":"Abonento vardas"},"settings-password":{"_":"Slaptažodis"},"settings-save":{"_":"Įrašyti"},"settings-password-empty":{"_":"Slaptažodžio laukas negali būti tuščias"},"settings-account-synchronize-window":{"_":"Sinchronizuojamas laikotarpis"},"settings-synchronize-auto":{"_":"Parinkti automatiškai"},"settings-synchronize-one-day":{"_":"1 diena"},"settings-synchronize-three-days":{"_":"3 dienos"},"settings-synchronize-one-week":{"_":"1 savaitė"},"settings-synchronize-two-weeks":{"_":"2 savaitės"},"settings-synchronize-one-month":{"_":"1 mėnuo"},"settings-synchronize-all":{"_":"Visi laiškai"},"accounts-header":{"_":"Paskyros"},"accounts-button":{"_":"Paskyros"},"envelope-from":{"_":"Nuo"},"envelope-to":{"_":"Kam"},"envelope-cc":{"_":"Kopija"},"envelope-bcc":{"_":"Slapta kopija"},"reader-header":{"_":"Skaitomas laiškas"},"compose-header":{"_":"Rašomas laiškas"},"compose-header-short":{"_":"Rašomas"},"compose-send":{"_":"Siųsti"},"compose-to":{"_":"Kam"},"compose-cc":{"_":"Kopija"},"compose-bcc":{"_":"Slaptai"},"compose-attachments":{"_":"{[ plural(n) ]}","_[zero]":"Priedai","_[one]":"{{ n }} priedas","_[two]":"{{ n }} priedai","_[few]":"{{ n }} priedai","_[many]":"{{ n }} priedų","_[other]":"{{ n }} priedų"},"compose-subject":{"_":"Tema"},"compose-draft-save":{"_":"Įrašyti kaip vietinį juodraštį"},"compose-discard-message":{"_":"Išmesti laišką?"},"compose-discard-confirm":{"_":"Išmesti"},"compose-sending-message":{"_":"Laiškas siunčiamas"},"compose-send-message-failed":{"_":"Laiško išsiųsti nepavyko"},"composer-attachment-large":{"_":"Priedas per didelis"},"composer-attachments-large":{"_":"Priedai per dideli"},"compose-attchment-size-exceeded":{"_":"Pasirinktasis priedas yra per didelis siuntimui su šiuo laišku."},"compose-attchments-size-exceeded":{"_":"Pasirinktieji priedai yra per dideli siuntimui su šiuo laišku. Pabandykite pasirinkti mažiau failų."},"dialog-button-ok":{"_":"Gerai"},"default-attachment-filename":{"_":"priedas{{ n }}"},"attachment-size-kib":{"_":"{{kilobytes}} KB"},"message-attachment-view":{"textContent":"Rodyti"},"message-no-subject":{"_":"(be temos)"},"message-edit-menu-star":{"_":"Žymėti žvaigždute"},"message-edit-menu-unstar":{"_":"Pašalinti žvaigždutę"},"message-edit-menu-mark-read":{"_":"Žymėti kaip skaitytą"},"message-edit-menu-mark-unread":{"_":"Žymėti kaip neskaitytą"},"message-edit-menu-move":{"_":"Perkelti"},"message-edit-menu-delete":{"_":"Šalinti"},"message-edit-delete-confirm":{"_":"Pašalinti laišką?"},"message-send-attachment-disabled-confirm":{"_":"Priedai nebus persiųsti."},"message-multiedit-header":{"_":"{[ plural(n) ]}","_[zero]":"Pažymėkite laišką","_[one]":"{{ n }} pažymėtas laiškas","_[two]":"{{ n }} pažymėti laiškai","_[few]":"{{ n }} pažymėti laiškai","_[many]":"{{ n }} pažymėtų laiškų","_[other]":"{{ n }} pažymėtų laiškų"},"browse-to-url-prompt":{"_":"Atverti URL?: {{ url }}"},"message-download-images":{"_":"{[ plural(n) ]}","_[one]":"Prie šio laiško pridėtas {{ n }} paveikslas. Bakstelėkite jam parsiųsti.","_[two]":"Prie šio laiško pridėti {{ n }} paveikslai. Bakstelėkite jiems parsiųsti.","_[few]":"Prie šio laiško pridėti {{ n }} paveikslai. Bakstelėkite jiems parsiųsti.","_[many]":"Prie šio laiško pridėta {{ n }} paveikslų. Bakstelėkite jiems parsiųsti.","_[other]":"Prie šio laiško pridėta {{ n }} paveikslų. Bakstelėkite jiems parsiųsti."},"message-show-external-images":{"_":"Rodyti paveikslus iš interneto"},"message-multiedit-cancel":{"_":"Atsisakyti"},"message-multiedit-delete-confirm":{"_":"{[ plural(n) ]}","_[one]":"Pašalinti {{ n }} laišką?","_[two]":"Pašalinti {{ n }} laiškus?","_[few]":"Pašalinti {{ n }} laiškus?","_[many]":"Pašalinti {{ n }} laiškų?","_[other]":"Pašalinti {{ n }} laiškų?"},"message-large-message-cancel":{"_":"Atsisakyti"},"message-large-message-ok":{"_":"Tęsti"},"message-large-message-confirm":{"_":"Šis laiškas yra gan didelis, jo parsiuntimas gali kiek užtrukti."},"message-search-from":{"_":"Nuo"},"message-search-to":{"_":"Kam"},"message-search-subject":{"_":"Tema"},"message-search-body":{"_":"Tekstas"},"message-search-all":{"_":"Visur"},"message-search-input":{"placeholder":"Ieškoti laiškų"},"message-search-cancel-accessible":{"_":"Nutraukti paiešką"},"messages-syncing":{"_":"Laiškai įkeliami"},"messages-sync-more":{"_":"Įkelti daugiau laiškų iš serverio"},"messages-folder-empty":{"_":"Šiame aplanke laiškų nėra"},"messages-search-empty":{"_":"Atitikmenų tarp laiškų, esančių vietiniame podėlyje, neaptikta"},"messages-folder-select":{"_":"Pasirinkite aplanką"},"message-contact-menu-create":{"_":"Kurti naują adresatą"},"message-contact-menu-add-existing":{"_":"Papildyti esamą adresatą"},"message-contact-menu-view":{"_":"Rodyti adresatą"},"message-contact-menu-reply":{"_":"Atsakyti"},"message-contact-menu-new":{"_":"Rašyti naują laišką"},"message-reply-menu-reply":{"_":"Atsakyti"},"message-reply-menu-reply-all":{"_":"Atsakyti visiems"},"message-reply-menu-forward":{"_":"Persiųsti"},"message-reply-menu-cancel":{"_":"Atsisakyti"},"folder-list-header":{"_":"Aplankai"},"account-last-synced-label":{"_":"Sinchronizuota:"},"account-never-synced":{"_":"niekada"},"reply-quoting-wrote":{"_":"{name} rašė"},"forward-original-message":{"_":"Persiųstas laiškas"},"forward-header-subject":{"_":"Tema"},"forward-header-date":{"_":"Data"},"forward-header-from":{"_":"Autorius"},"forward-header-reply-to":{"_":"Atgalinis adresas"},"forward-header-to":{"_":"Kam"},"forward-header-cc":{"_":"Kopija"},"folder-inbox":{"_":"Gautieji"},"folder-sent":{"_":"Išsiųstieji"},"folder-drafts":{"_":"Juodraščiai"},"folder-trash":{"_":"Šiukšlinė"},"folder-queue":{"_":"Neišsiųsti"},"folder-junk":{"_":"Brukalas"},"folder-archives":{"_":"Archyvas"},"folder-localdrafts":{"_":"Vietiniai juodraščiai"},"toaster-undo":{"_":"Atšaukti"},"toaster-retry":{"_":"Bandyti vėl"},"toaster-message-star":{"_":"{[ plural(n) ]}","_[one]":"{{ n }} laiškas pažymėtas žvaigždute","_[two]":"{{ n }} laiškai pažymėti žvaigždute","_[few]":"{{ n }} laiškai pažymėti žvaigždute","_[many]":"{{ n }} laiškų pažymėta žvaigždute","_[other]":"{{ n }} laiškų pažymėta žvaigždute"},"toaster-message-unstar":{"_":"{[ plural(n) ]}","_[one]":"Nuo {{ n }} laiško pašalinta žvaigždutė","_[two]":"Nuo {{ n }} laiškų pašalintos žvaigždutės","_[few]":"Nuo {{ n }} laiškų pašalintis žvaigždutės","_[many]":"Nuo {{ n }} laiškų pašalintos žvaigždutės","_[other]":"Nuo {{ n }} laiškų pašalintos žvaigždutės"},"toaster-message-read":{"_":"{[ plural(n) ]}","_[one]":"{{ n }} laiškas pažymėtas kaip skaitytas","_[two]":"{{ n }} laiškai pažymėti kaip skaityti","_[few]":"{{ n }} laiškai pažymėti kaip skaityti","_[many]":"{{ n }} laiškų pažymėti kaip skaityti","_[other]":"{{ n }} laiškų pažymėti kaip skaityti"},"toaster-message-unread":{"_":"{[ plural(n) ]}","_[one]":"{{ n }} laiškas pažymėtas kaip neskaitytas","_[two]":"{{ n }} laiškai pažymėti kaip neskaityti","_[few]":"{{ n }} laiškai pažymėti kaip neskaityti","_[many]":"{{ n }} laiškų pažymėti kaip neskaityti","_[other]":"{{ n }} laiškų pažymėti kaip neskaityti"},"toaster-message-move":{"_":"{[ plural(n) ]}","_[one]":"{{ n }} laiškas perkeltas","_[two]":"{{ n }} laiškai perkelti","_[few]":"{{ n }} laiškai perkelti","_[many]":"{{ n }} laiškų perkelti","_[other]":"{{ n }} laiškų perkelti"},"toaster-message-delete":{"_":"{[ plural(n) ]}","_[one]":"{{ n }} laiškas pašalintas","_[two]":"{{ n }} laiškai pašalinti","_[few]":"{{ n }} laiškai pašalinti","_[many]":"{{ n }} laiškų pašalinti","_[other]":"{{ n }} laiškų pašalinti"},"toaster-retryable-syncfailed":{"_":"Nepavyko prisijungti prie serverio"},"form-clear-input":{"_":"Pašalinti tekstą"},"confirm-dialog-title":{"_":"Patvirtinkite"},"senders-separation-sign":{"_":", "},"new-emails":{"_":"{[ plural(n) ]}","_[one]":"{{ n }} naujas laiškas","_[two]":"{{ n }} nauji laiškai","_[few]":"{{ n }} nauji laiškai","_[many]":"{{ n }} naujų laiškų","_[other]":"{{ n }} naujų laiškų"},"new-emails-notify-one-account":{"_":"{[ plural(n) ]}","_[one]":"{{ n }} naujas laiškas","_[two]":"{{ n }} nauji laiškai","_[few]":"{{ n }} nauji laiškai","_[many]":"{{ n }} naujų laiškų","_[other]":"{{ n }} naujų laiškų"},"new-emails-notify-multiple-accounts":{"_":"{[ plural(n) ]}","_[one]":"{{ n }} naujas laiškas ({{ accountName }})","_[two]":"{{ n }} nauji laiškai ({{ accountName }})","_[few]":"{{ n }} nauji laiškai ({{ accountName }})","_[many]":"{{ n }} naujų laiškų ({{ accountName }})","_[other]":"{{ n }} naujų laiškų ({{ accountName }})"},"new-emails-notify-multiple-accounts-body":{"_":"{{ from }}: „{{ subject }}“"},"weekday-0-long":{"_":"Sekmadienis"},"weekday-1-long":{"_":"Pirmadienis"},"weekday-2-long":{"_":"Antradienis"},"weekday-3-long":{"_":"Trečiadienis"},"weekday-4-long":{"_":"Ketvirtadienis"},"weekday-5-long":{"_":"Penktadienis"},"weekday-6-long":{"_":"Šeštadienis"},"weekday-0-short":{"_":"Sk"},"weekday-1-short":{"_":"Pr"},"weekday-2-short":{"_":"An"},"weekday-3-short":{"_":"Tr"},"weekday-4-short":{"_":"Kt"},"weekday-5-short":{"_":"Pn"},"weekday-6-short":{"_":"Št"},"month-0-long":{"_":"sausis"},"month-1-long":{"_":"vasaris"},"month-2-long":{"_":"kovas"},"month-3-long":{"_":"balandis"},"month-4-long":{"_":"gegužė"},"month-5-long":{"_":"birželis"},"month-6-long":{"_":"liepa"},"month-7-long":{"_":"rugpjūtis"},"month-8-long":{"_":"rugsėjis"},"month-9-long":{"_":"spalis"},"month-10-long":{"_":"lapkritis"},"month-11-long":{"_":"gruodis"},"month-0-genitive":{"_":"sausio"},"month-1-genitive":{"_":"vasario"},"month-2-genitive":{"_":"kovo"},"month-3-genitive":{"_":"balandžio"},"month-4-genitive":{"_":"gegužės"},"month-5-genitive":{"_":"birželio"},"month-6-genitive":{"_":"liepos"},"month-7-genitive":{"_":"rugpjūčio"},"month-8-genitive":{"_":"rugsėjo"},"month-9-genitive":{"_":"spalio"},"month-10-genitive":{"_":"lapkričio"},"month-11-genitive":{"_":"gruodžio"},"month-0-short":{"_":"Sau"},"month-1-short":{"_":"Vas"},"month-2-short":{"_":"Kov"},"month-3-short":{"_":"Bal"},"month-4-short":{"_":"Geg"},"month-5-short":{"_":"Bir"},"month-6-short":{"_":"Lie"},"month-7-short":{"_":"Rgp"},"month-8-short":{"_":"Rgs"},"month-9-short":{"_":"Spa"},"month-10-short":{"_":"Lap"},"month-11-short":{"_":"Grd"},"minutes-ago-long":{"_":"{[ plural(value) ]}","_[zero]":"ką tik","_[one]":"prieš {{value}} minutę","_[two]":"prieš {{value}} minutes","_[few]":"prieš {{value}} minutes","_[many]":"prieš {{value}} minučių","_[other]":"prieš {{value}} minučių"},"hours-ago-long":{"_":"{[ plural(value) ]}","_[zero]":"ką tik","_[one]":"prieš {{value}} valandą","_[two]":"prieš {{value}} valandas","_[few]":"prieš {{value}} valandas","_[many]":"prieš {{value}} valandų","_[other]":"prieš {{value}} valandų"},"days-ago-long":{"_":"{[ plural(value) ]}","_[zero]":"šiandien","_[one]":"vakar","_[two]":"prieš {{value}} dienas","_[few]":"prieš {{value}} dienas","_[many]":"prieš {{value}} dienų","_[other]":"prieš {{value}} dienų"},"weeks-ago-long":{"_":"{[ plural(value) ]}","_[zero]":"šią savaitę","_[one]":"praėjusią savaitę","_[two]":"prieš {{value}} savaites","_[few]":"prieš {{value}} savaites","_[many]":"prieš {{value}} savaičių","_[other]":"prieš {{value}} savaičių"},"months-ago-long":{"_":"{[ plural(value) ]}","_[zero]":"šį mėnesį","_[one]":"praėjusį mėnesį","_[two]":"prieš {{value}} mėnesius","_[few]":"prieš {{value}} mėnesius","_[many]":"prieš {{value}} mėnesių","_[other]":"prieš {{value}} mėnesių"},"years-ago-long":{"_":"{[ plural(value) ]}","_[zero]":"šiemet","_[one]":"prieš {{value}} metus","_[two]":"prieš {{value}} metus","_[few]":"prieš {{value}} metus","_[many]":"prieš {{value}} metų","_[other]":"prieš {{value}} metų"},"minutes-until-long":{"_":"{[ plural(value) ]}","_[zero]":"dabar","_[one]":"už {{value}} minutės","_[two]":"už {{value}} minučių","_[few]":"už {{value}} minučių","_[many]":"už {{value}} minučių","_[other]":"už {{value}} minučių"},"hours-until-long":{"_":"{[ plural(value) ]}","_[zero]":"dabar","_[one]":"už {{value}} valandos","_[two]":"už {{value}} valandų","_[few]":"už {{value}} valandų","_[many]":"už {{value}} valandų","_[other]":"už {{value}} valandų"},"days-until-long":{"_":"{[ plural(value) ]}","_[zero]":"šiandien","_[one]":"rytoj","_[two]":"už {{value}} dienų","_[few]":"už {{value}} dienų","_[many]":"už {{value}} dienų","_[other]":"už {{value}} dienų"},"weeks-until-long":{"_":"{[ plural(value) ]}","_[zero]":"šią savaitę","_[one]":"kitą savaitę","_[two]":"už {{value}} savaičių","_[few]":"už {{value}} savaičių","_[many]":"už {{value}} savaičių","_[other]":"už {{value}} savaičių"},"months-until-long":{"_":"{[ plural(value) ]}","_[zero]":"šį mėnesį","_[one]":"kitą mėnesį","_[two]":"už {{value}} mėnesių","_[few]":"už {{value}} mėnesių","_[many]":"už {{value}} mėnesių","_[other]":"už {{value}} mėnesių"},"years-until-long":{"_":"{[ plural(value) ]}","_[zero]":"šiemet","_[one]":"kitais metais","_[two]":"už {{value}} metų","_[few]":"už {{value}} metų","_[many]":"už {{value}} metų","_[other]":"už {{value}} metų"},"minutes-ago-short":{"_":"{[ plural(value) ]}","_[zero]":"ką tik","_[other]":"prieš {{value}} min."},"hours-ago-short":{"_":"{[ plural(value) ]}","_[zero]":"ką tik","_[other]":"prieš {{value}} val."},"days-ago-short":{"_":"{[ plural(value) ]}","_[zero]":"šiandien","_[other]":"prieš {{value}} d."},"minutes-until-short":{"_":"{[ plural(value) ]}","_[zero]":"dabar","_[other]":"už {{value}} min."},"hours-until-short":{"_":"{[ plural(value) ]}","_[zero]":"dabar","_[other]":"už {{value}} val."},"days-until-short":{"_":"{[ plural(value) ]}","_[zero]":"šiandien","_[other]":"už {{value}} d."},"incorrectDate":{"_":"(negalima data)"},"dateTimeFormat_%c":{"_":"%Y m. %Eb %e d. %H:%M:%S"},"dateTimeFormat_%x":{"_":"%Y-%m-%d"},"dateTimeFormat_%X":{"_":"%H:%M:%S"},"shortTimeFormat":{"_":"%H:%M"},"shortDateTimeFormat":{"_":"%x %H:%M"},"weekStartsOnMonday":{"_":"1"},"time_am":{"_":"priešpiet"},"time_pm":{"_":"popiet"}}