{"setup-app-name-header":{"_":"Пошта"},"setup-empty-account-prompt":{"_":"Не сте наместени за праќање и примање на пошта. Дали сега сакате да го сторите тоа?"},"setup-pick-service":{"_":"За да праќате и примате пошта, треба да поставите сметка."},"setup-account-header3":{"_":"Нова сметка"},"setup-info-name":{"placeholder":"Вашето име"},"setup-info-email":{"placeholder":"someone@example.com"},"setup-info-password":{"placeholder":"Лозинка"},"setup-info-next":{"_":"Следно"},"setup-progress-wait-msg":{"_":"Поставување на сметка"},"setup-completed-header":{"_":"Поставување на сметка"},"setup-completed-label":{"_":"Готово!"},"setup-add-another-account":{"_":"Додај друга сметка"},"setup-show-mail":{"_":"Продолжи кон поштата"},"setup-error-offline":{"_":"Овој уред моментално нема пристап на интернет. Поврзете се на мрежа и обидете се повторно."},"setup-error-bad-user-or-pass2":{"_":"Погрешно корисничко име или лозинка. Проверете за грешки."},"setup-error-bad-address":{"_":"Непостои оваа адреса за е-пошта. Проверете за печатни грешки."},"setup-error-not-authorized":{"_":"Серверот вели дека немате дозвола да создадете сметка"},"setup-error-pop-server-not-great":{"_":"Неподржан сервер. POP3 серверот не ги има имплементирано потребните можности."},"setup-error-unknown2":{"_":"Настана непозната грешка. Проверете ја мрежната врска или обидете се со рачна конфигурација."},"setup-error-needs-app-pass":{"_":"За сметките на Gmail со двојна проверка мора да користите посебна лозинка за оваа апликација"},"setup-error-imap-disabled":{"_":"За активната сметка на Gmail мора да овозможите IMAP"},"setup-error-pop3-disabled":{"_":"POP3 мора да биде овозможено на вашата Gmail сметка"},"setup-error-bad-security":{"_":"Со \"{{server}}\" не може да се воспостави безбедна врска. Можеби има проблем со серверот или со мрежата."},"setup-error-unresponsive-server":{"_":"Со \"{{server}}\" не може да се воспостави врска. Можеби има проблем со мрежата."},"setup-error-server-problem":{"_":"Има проблем со серверот \"{{server}}\". Подоцна обидете се повторно."},"setup-error-no-config-info":{"_":"Вашата сметка не може автоматски да се конфигурира. Поправета ја Вашата адреса за е-пошта и обидете се повторно."},"setup-error-server-maintenance":{"_":"Серверот \"{{server}}\" е недостапен заради одржување. Подоцна обидете се повторно."},"setup-error-account-already-exists":{"_":"Оваа сметка веќе е конфигурирана."},"setup-manual-config2":{"_":"Рачно поставување"},"setup-manual-config-header":{"_":"Рачно поставување"},"setup-manual-account-type":{"_":"Тип на сметка"},"setup-manual-imap-header":{"_":"Поставки за IMAP"},"setup-manual-pop3-header":{"_":"POP3 поставки"},"setup-manual-smtp-header":{"_":"Поставки за SMTP"},"setup-manual-activesync-header":{"_":"Поставки за ActiveSync"},"setup-manual-next":{"_":"Следно"},"setup-manual-socket":{"_":"Тип на сокет"},"setup-manual-socket-ssl":{"_":"SSL"},"setup-manual-socket-starttls":{"_":"STARTTLS"},"setup-manual-hostname":{"placeholder":"Име на домаќин"},"setup-manual-port":{"placeholder":"Број на порта"},"setup-manual-username":{"placeholder":"Корисничко име"},"setup-bad-password-header":{"_":"Погрешна лозинка!"},"setup-bad-password":{"_":"Не можеме да се пријавиме на серверот. Можеби внесовте погрешна лозинка?"},"setup-new-password":{"placeholder":"Нова лозинка"},"setup-fix-password":{"_":"Обиди се со новата лозинка"},"setup-gmail-twofactor-header":{"_":"Овозможена е двојна проверка"},"setup-gmail-twofactor-message":{"_":"Треба да внесете посебна лозинка за оваа апликација."},"setup-gmail-twofactor-fix":{"_":"Користи лозинка за апликација"},"setup-gmail-imap-header":{"_":"IMAP е оневмозжен"},"setup-gmail-imap-message":{"_":"Мора да овозможите IMAP на Вашата Gmail сметка "},"setup-gmail-imap-retry":{"_":"Обиди се повторно"},"setup-gmail-pop3-header":{"_":"Исклучен POP3"},"setup-gmail-pop3-message":{"_":"Мора да овозоможите POP3 на вашата Gmail сметка"},"setup-gmail-pop3-retry":{"_":"Повторно"},"settings-main-header":{"_":"Поставки за пошта"},"settings-sub-header-account":{"_":"Сметка"},"settings-account-name":{"_":"Вашето име"},"settings-account-display-notifications":{"_":"Прикажи известувања за нови пораки"},"settings-sub-header-data":{"_":"Податоци"},"settings-account-check-mail":{"_":"Провери за нови пораки"},"settings-sub-header-server":{"_":"Серверски поставки"},"settings-account-userpass":{"_":"Корисничко име и лозинка"},"fld-account-picker-last-sync":{"_":"Последно ажурирање:"},"settings-done":{"_":"Заврши"},"settings-account-section":{"_":"Сметки"},"settings-account-add":{"_":"Додај сметка"},"settings-account-delete":{"_":"Избриши сметка"},"settings-account-delete-prompt":{"_":"Сигурно сакате да ја избришете Вашата сметка за пошта на {{account}}? Ако истата ја креирате повторно, ќе треба одново да ја симнувате целата пошта."},"settings-account-delete-cancel":{"_":"Откажи"},"settings-account-delete-confirm":{"_":"Избриши"},"settings-about-section":{"_":"За"},"settings-general-section":{"_":"Општи поставки"},"settings-check-mail":{"_":"Провери пошта"},"settings-show-images":{"_":"Секогаш прикажувај слики"},"settings-download-attachments":{"_":"Преземи прилози"},"settings-notify-mail":{"_":"Извести за нова пошта"},"settings-check-every-3min":{"_":"Секои 3 минути"},"settings-check-every-5min":{"_":"Секои 5 минути"},"settings-check-every-10min":{"_":"Секои 10 минути"},"settings-check-every-15min":{"_":"Секои 15 минути"},"settings-check-every-30min":{"_":"Секои 30 минути"},"settings-check-every-60min":{"_":"Секој час"},"settings-check-every-manual":{"_":"На барање"},"settings-check-dynamic":{"_":"{[ plural(n) ]}","_[zero]":"секунди","_[one]":"{{ n }} секунди","_[two]":"{{ n }} секунди","_[few]":"{{ n }} секунди","_[many]":"{{ n }} секунди","_[other]":"{{ n }} секунди"},"settings-default-account":{"_":"Основна сметка"},"settings-account-type":{"_":"Тип на сметка"},"settings-account-credentials":{"_":"Генералии"},"settings-activesync-label":{"_":"Поставки за ActiveSync"},"settings-imap-label":{"_":"Поставки за IMAP"},"settings-pop3-label":{"_":"POP3 поставки"},"settings-smtp-label":{"_":"Поставки за SMTP"},"settings-hostname":{"_":"Име на домаќин"},"settings-port":{"_":"Порта"},"settings-username":{"_":"Корисичко име"},"settings-password":{"_":"Лозинка"},"settings-save":{"_":"Сними"},"settings-password-empty":{"_":"Полето за лозинка не треба да бире празно"},"settings-account-synchronize-window":{"_":"Ажурирани денови"},"settings-synchronize-auto":{"_":"Автоматски"},"settings-synchronize-one-day":{"_":"1 ден"},"settings-synchronize-three-days":{"_":"3 дена"},"settings-synchronize-one-week":{"_":"1 недела"},"settings-synchronize-two-weeks":{"_":"2 недели"},"settings-synchronize-one-month":{"_":"1 месец"},"settings-synchronize-all":{"_":"Сите пораки"},"accounts-header":{"_":"Сметки"},"accounts-button":{"_":"Сметки"},"envelope-from":{"_":"Од"},"envelope-to":{"_":"До"},"envelope-cc":{"_":"Копија"},"envelope-bcc":{"_":"Слепа копија"},"reader-header":{"_":"Читај"},"compose-header":{"_":"Состави порака"},"compose-header-short":{"_":"Состави"},"compose-send":{"_":"Испрати"},"compose-to":{"_":"До"},"compose-cc":{"_":"Копија"},"compose-bcc":{"_":"Слепа копија"},"compose-attachments":{"_":"{[ plural(n) ]}","_[zero]":"Прилози","_[one]":"{{ n }} Прилог","_[two]":"{{ n }} Прилози","_[few]":"{{ n }} Прилози","_[many]":"{{ n }} Прилози","_[other]":"{{ n }} Прилози"},"compose-subject":{"_":"Предмет"},"compose-draft-save":{"_":"Сними го локалните скици"},"compose-discard-message":{"_":"Заборави ја поштата?"},"compose-discard-confirm":{"_":"Заборави"},"compose-sending-message":{"_":"Поштата се праќа"},"compose-send-message-failed":{"_":"Испраќањето не успеа"},"composer-attachment-large":{"_":"Прилогот е премногу голем"},"composer-attachments-large":{"_":"Прилозите се премногу големи"},"compose-attchment-size-exceeded":{"_":"Избраниот прилог е премногу голем за да се испрати со оваа порака."},"compose-attchments-size-exceeded":{"_":"Избраните прилози се премногу големи за да се испрати со оваа порака. Изберете помалку датотеки."},"dialog-button-ok":{"_":"Во ред"},"default-attachment-filename":{"_":"приврзок{{ n }}"},"attachment-size-kib":{"_":"{{kilobytes}}K"},"message-attachment-view":{"textContent":"Прикажи"},"message-no-subject":{"_":"(no subject)"},"message-edit-menu-star":{"_":"Важна"},"message-edit-menu-unstar":{"_":"Неважна"},"message-edit-menu-mark-read":{"_":"Прочитана"},"message-edit-menu-mark-unread":{"_":"Непрочитана"},"message-edit-menu-move":{"_":"Премести"},"message-edit-menu-delete":{"_":"Избриши"},"message-edit-delete-confirm":{"_":"Избриши ја пораката?"},"message-send-attachment-disabled-confirm":{"_":"Прилозите не може да се препраќаат."},"message-multiedit-header":{"_":"{[ plural(n) ]}","_[zero]":"Уреди","_[one]":"{{ n }} избран","_[two]":"{{ n }} избрани","_[few]":"{{ n }} избрани","_[many]":"{{ n }} избрани","_[other]":"{{ n }} избрани"},"browse-to-url-prompt":{"_":"Сурфај на URL?: {{ url }}"},"message-download-images":{"_":"{[ plural(n) ]}","_[one]":"Оваа порака содржи една слика. Кликнете за да ја преземете.","_[two]":"Оваа порака содржи {{ n }} слики. Кликнете за да ги преземете.","_[few]":"Оваа порака содржи {{ n }} слики. Кликнете за да ги преземете.","_[many]":"Оваа порака содржи {{ n }} слики. Кликнете за да ги преземете.","_[other]":"Оваа порака содржи {{ n }} слики. Кликнете за да ги преземете."},"message-show-external-images":{"_":"Прикажи надворешни слики"},"message-multiedit-cancel":{"_":"Откажи"},"message-multiedit-delete-confirm":{"_":"{[ plural(n) ]}","_[one]":"Избриши ја оваа порака?","_[two]":"Избриши {{ n }} пораки?","_[few]":"Избриши {{ n }} пораки?","_[many]":"Избриши {{ n }} пораки?","_[other]":"Избриши {{ n }} пораки?"},"message-large-message-cancel":{"_":"Откажи"},"message-large-message-ok":{"_":"Продолжи"},"message-large-message-confirm":{"_":"Ова порака е голема и може да треба повеќе време за преземање"},"message-search-from":{"_":"Од"},"message-search-to":{"_":"До"},"message-search-subject":{"_":"Предмет"},"message-search-body":{"_":"Тело"},"message-search-all":{"_":"Сѐ"},"message-search-input":{"placeholder":"Барај пошта"},"message-search-cancel-accessible":{"_":"Откажи пребарување"},"messages-syncing":{"_":"Вчитување на пораки"},"messages-sync-more":{"_":"Вчитување на пораки од серверот"},"messages-folder-empty":{"_":"Во оваа папка нема пошта"},"messages-search-empty":{"_":"Ништо пронајдено во пораките складирани локално"},"messages-folder-select":{"_":"Избери папка"},"message-contact-menu-create":{"_":"Сними нов контакт"},"message-contact-menu-add-existing":{"_":"Додај во постоечки контакт"},"message-contact-menu-view":{"_":"Прикажи контакт"},"message-contact-menu-reply":{"_":"Одовори"},"message-contact-menu-new":{"_":"Испрати нова пошта"},"message-reply-menu-reply":{"_":"Одговори"},"message-reply-menu-reply-all":{"_":"Одговори на сите"},"message-reply-menu-forward":{"_":"Препрати"},"message-reply-menu-cancel":{"_":"Откажи"},"folder-list-header":{"_":"Папки"},"account-last-synced-label":{"_":"Последно синхронизирање: "},"account-never-synced":{"_":"Никогаш"},"reply-quoting-wrote":{"_":"{name} напиша"},"forward-original-message":{"_":"Оригинална порака"},"forward-header-subject":{"_":"Subject"},"forward-header-date":{"_":"Date"},"forward-header-from":{"_":"From"},"forward-header-reply-to":{"_":"Reply-To"},"forward-header-to":{"_":"To"},"forward-header-cc":{"_":"Cc"},"folder-inbox":{"_":"Сандаче"},"folder-sent":{"_":"Испратени"},"folder-drafts":{"_":"Скици"},"folder-trash":{"_":"Ѓубре"},"folder-queue":{"_":"Непратени"},"folder-junk":{"_":"Отпад"},"folder-archives":{"_":"Архиви"},"folder-localdrafts":{"_":"Локални скици"},"toaster-undo":{"_":"Врати"},"toaster-retry":{"_":"Повтори"},"toaster-message-star":{"_":"{[ plural(n) ]}","_[one]":"1 порака означена","_[two]":"{{ n }} пораки означени","_[few]":"{{ n }} пораки означени","_[many]":"{{ n }} пораки означени","_[other]":"{{ n }} пораки означени"},"toaster-message-unstar":{"_":"{[ plural(n) ]}","_[one]":"1 порака без ознака","_[two]":"{{ n }} пораки без ознака","_[few]":"{{ n }} пораки без ознака","_[many]":"{{ n }} пораки без ознака","_[other]":"{{ n }} пораки без ознака"},"toaster-message-read":{"_":"{[ plural(n) ]}","_[one]":"1 порака означена како прочитана","_[two]":"{{ n }} пораки означени како прочитани","_[few]":"{{ n }} пораки означени како прочитани","_[many]":"{{ n }} пораки означени како прочитани","_[other]":"{{ n }} пораки означени како прочитани"},"toaster-message-unread":{"_":"{[ plural(n) ]}","_[one]":"1 порака означена како непрочитана","_[two]":"{{ n }} пораки означени како непрочитани","_[few]":"{{ n }} пораки означени како непрочитани","_[many]":"{{ n }} пораки означени како непрочитани","_[other]":"{{ n }} пораки означени како непрочитани"},"toaster-message-move":{"_":"{[ plural(n) ]}","_[one]":"1 преместена порака","_[two]":"{{ n }} преместени пораки","_[few]":"{{ n }} преместени пораки","_[many]":"{{ n }} преместени пораки","_[other]":"{{ n }} преместени пораки"},"toaster-message-delete":{"_":"{[ plural(n) ]} преместени пораки","_[one]":"1 избришана порака","_[two]":"{{ n }} избришани пораки","_[few]":"{{ n }} избришани пораки","_[many]":"{{ n }} избришани пораки","_[other]":"{{ n }} избришани пораки"},"toaster-retryable-syncfailed":{"_":"Не можам да се поврзам со серверот"},"form-clear-input":{"_":"Отстрани текст"},"confirm-dialog-title":{"_":"Потврда"},"senders-separation-sign":{"_":", "},"new-emails":{"_":"{[ plural(n) ]}","_[one]":"1 нова порака","_[two]":"{{ n }} нови пораки","_[few]":"{{ n }} нови пораки","_[many]":"{{ n }} нови пораки","_[other]":"{{ n }} нови пораки"},"new-emails-notify-one-account":{"_":"{[ plural(n) ]}","_[one]":"1 нова порака","_[two]":"{{ n }} нови пораки","_[few]":"{{ n }} нови пораки","_[many]":"{{ n }} нови пораки","_[other]":"{{ n }} нови пораки"},"new-emails-notify-multiple-accounts":{"_":"{[ plural(n) ]}","_[one]":"1 нова порака ({{ accountName }})","_[two]":"{{ n }} нови пораки ({{ accountName }})","_[few]":"{{ n }} нови пораки ({{ accountName }})","_[many]":"{{ n }} нови пораки ({{ accountName }})","_[other]":"{{ n }} нови пораки ({{ accountName }})"},"new-emails-notify-multiple-accounts-body":{"_":"{{ from }} “{{ subject }}”"},"weekday-0-long":{"_":"Недела"},"weekday-1-long":{"_":"Понеделник"},"weekday-2-long":{"_":"Вторник"},"weekday-3-long":{"_":"Среда"},"weekday-4-long":{"_":"Четврток"},"weekday-5-long":{"_":"Петок"},"weekday-6-long":{"_":"Сабота"},"weekday-0-short":{"_":"Нед"},"weekday-1-short":{"_":"Пон"},"weekday-2-short":{"_":"Вто"},"weekday-3-short":{"_":"Сре"},"weekday-4-short":{"_":"Чет"},"weekday-5-short":{"_":"Пет"},"weekday-6-short":{"_":"Саб"},"month-0-long":{"_":"јануари"},"month-1-long":{"_":"февруари"},"month-2-long":{"_":"март"},"month-3-long":{"_":"април"},"month-4-long":{"_":"мај"},"month-5-long":{"_":"јуни"},"month-6-long":{"_":"јули"},"month-7-long":{"_":"август"},"month-8-long":{"_":"септември"},"month-9-long":{"_":"октомври"},"month-10-long":{"_":"ноември"},"month-11-long":{"_":"декември"},"month-0-genitive":{"_":"јануари"},"month-1-genitive":{"_":"февруари"},"month-2-genitive":{"_":"март"},"month-3-genitive":{"_":"април"},"month-4-genitive":{"_":"мај"},"month-5-genitive":{"_":"јуни"},"month-6-genitive":{"_":"јули"},"month-7-genitive":{"_":"август"},"month-8-genitive":{"_":"септември"},"month-9-genitive":{"_":"октомври"},"month-10-genitive":{"_":"ноември"},"month-11-genitive":{"_":"декември"},"month-0-short":{"_":"јан"},"month-1-short":{"_":"фев"},"month-2-short":{"_":"мар"},"month-3-short":{"_":"апр"},"month-4-short":{"_":"мај"},"month-5-short":{"_":"јун"},"month-6-short":{"_":"јул"},"month-7-short":{"_":"авг"},"month-8-short":{"_":"сеп"},"month-9-short":{"_":"окт"},"month-10-short":{"_":"ное"},"month-11-short":{"_":"дек"},"minutes-ago-long":{"_":"{[ plural(value) ]}","_[zero]":"сега","_[one]":"пред една минута","_[two]":"пред {{value}} минути","_[few]":"пред {{value}} минути","_[many]":"пред {{value}} минути","_[other]":"пред {{value}} минути"},"hours-ago-long":{"_":"{[ plural(value) ]}","_[zero]":"сега","_[one]":"пред еден час","_[two]":"пред {{value}} часа","_[few]":"пред {{value}} часа","_[many]":"пред {{value}} часови","_[other]":"пред {{value}} часови"},"days-ago-long":{"_":"{[ plural(value) ]}","_[zero]":"денес","_[one]":"вчера","_[two]":"пред {{value}} дена","_[few]":"пред {{value}} дена","_[many]":"пред {{value}} денови","_[other]":"пред {{value}} денови"},"weeks-ago-long":{"_":"{[ plural(value) ]}","_[zero]":"оваа недела","_[one]":"минатата недела","_[two]":"пред {{value}} недели","_[few]":"пред {{value}} недели","_[many]":"пред {{value}} недели","_[other]":"пред {{value}} недели"},"months-ago-long":{"_":"{[ plural(value) ]}","_[zero]":"овој месец","_[one]":"минатиот месец","_[two]":"пред {{value}} месеци","_[few]":"пред {{value}} месеци","_[many]":"пред {{value}} месеци","_[other]":"пред {{value}} месеци"},"years-ago-long":{"_":"{[ plural(value) ]}","_[zero]":"оваа година","_[one]":"минатата година","_[two]":"пред {{value}} години","_[few]":"пред {{value}} години","_[many]":"пред {{value}} години","_[other]":"пред {{value}} години"},"minutes-until-long":{"_":"{[ plural(value) ]}","_[zero]":"сега","_[one]":"за една минута","_[two]":"за {{value}} минути","_[few]":"за {{value}} минути","_[many]":"за {{value}} минути","_[other]":"за {{value}} минути"},"hours-until-long":{"_":"{[ plural(value) ]}","_[zero]":"сега","_[one]":"за еден час","_[two]":"за {{value}} часа","_[few]":"за {{value}} часа","_[many]":"за {{value}} часови","_[other]":"за {{value}} часови"},"days-until-long":{"_":"{[ plural(value) ]}","_[zero]":"денес","_[one]":"утре","_[two]":"за {{value}} дена","_[few]":"за {{value}} дена","_[many]":"за {{value}} денови","_[other]":"за {{value}} денови"},"weeks-until-long":{"_":"{[ plural(value) ]}","_[zero]":"оваа седмица","_[one]":"следната седмица","_[two]":"за {{value}} седмици","_[few]":"за {{value}} седмици","_[many]":"за {{value}} седмици","_[other]":"за {{value}} седмици"},"months-until-long":{"_":"{[ plural(value) ]}","_[zero]":"овој месец","_[one]":"следниот месец","_[two]":"за {{value}} месеци","_[few]":"за {{value}} месеци","_[many]":"за {{value}} месеци","_[other]":"за {{value}} месеци"},"years-until-long":{"_":"{[ plural(value) ]}","_[zero]":"оваа година","_[one]":"следната година","_[two]":"за {{value}} години","_[few]":"за {{value}} години","_[many]":"за {{value}} години","_[other]":"за {{value}} години"},"minutes-ago-short":{"_":"{[ plural(value) ]}","_[zero]":"сега","_[other]":"пред {{value}}m"},"hours-ago-short":{"_":"{[ plural(value) ]}","_[zero]":"сега","_[other]":"пред {{value}}h"},"days-ago-short":{"_":"{[ plural(value) ]}","_[zero]":"денес","_[other]":"пред {{value}}d"},"minutes-until-short":{"_":"{[ plural(value) ]}","_[zero]":"сега","_[other]":"за {{value}}m"},"hours-until-short":{"_":"{[ plural(value) ]}","_[zero]":"сега","_[other]":"за {{value}}h"},"days-until-short":{"_":"{[ plural(value) ]}","_[zero]":"денес","_[other]":"за {{value}}d"},"incorrectDate":{"_":"(неточен датум)"},"dateTimeFormat_%c":{"_":"%a %b %e %Y %H:%M:%S"},"dateTimeFormat_%x":{"_":"%d/%m/%Y"},"dateTimeFormat_%X":{"_":"%H:%M:%S"},"shortTimeFormat":{"_":"%H:%M"},"shortDateTimeFormat":{"_":"%x %H:%M"},"weekStartsOnMonday":{"_":"1"},"time_am":{"_":"AM"},"time_pm":{"_":"PM"}}