{"setup-app-name-header":{"_":"Mel"},"setup-empty-account-prompt":{"_":"Anda tidak bersedia untuk menghantar dan menerima emel. Adakah anda mahukan sekarang?"},"setup-pick-service":{"_":"Untuk menghantar dan menerima emel, anda perlu menyediakan satu akaun."},"setup-account-header3":{"_":"Akaun Baru"},"setup-info-name":{"placeholder":"Nama Anda"},"setup-info-email":{"placeholder":"seseorang@contoh.com"},"setup-info-password":{"placeholder":"Kata laluan"},"setup-info-next":{"_":"Maju"},"setup-progress-wait-msg":{"_":"Menetapkan akaun"},"setup-completed-header":{"_":"Penyediaan akaun mel"},"setup-completed-label":{"_":"Semua selesai!"},"setup-add-another-account":{"_":"Tambah akaun lain"},"setup-show-mail":{"_":"Teruskan ke Mel"},"setup-error-offline":{"_":"Peranti ini berada di luar talian. Sila sambungkan ke rangkaian dan cuba lagi."},"setup-error-bad-user-or-pass2":{"_":"Nama pengguna atau kata laluan tidak sah. Periksa kesilapan ejaan."},"setup-error-bad-address":{"_":"Alamat emel tidak sah. Sila semak ejaan."},"setup-error-not-authorized":{"_":"Menurut server, anda tidak mempunyai kebenaran untuk membuat akaun "},"setup-error-pop-server-not-great":{"_":"Pelayan tidak disokong. Pelayan POP3 tidak mengimplemen ciri yang diperlukan."},"setup-error-unknown2":{"_":"Kesilapan yang tidak diketahui telah berlaku, sila periksa sambungan talian anda atau cuba pilih konfigurasi manual."},"setup-error-needs-app-pass":{"_":"Anda mesti gunakan pengaplikasian kata laluan spesifik untuk akaun Gmail dua fakor"},"setup-error-imap-disabled":{"_":"Anda mesti bolehkan IMAP pada akaun Gmail anda"},"setup-error-pop3-disabled":{"_":"Anda mesti bolehkan POP3 pada akaun Gmail anda"},"setup-error-bad-security":{"_":"Tidak dapat menubuhkan sambungan selamat ke \"{{server}}\". Mungkin terdapat masalah pada rangkaian atau pelayan anda."},"setup-error-unresponsive-server":{"_":"Tidak dapat menubuhkan sambungan ke \"{{server}}\". Mungkin terdapat masalah pada rangkaian atau pelayan anda."},"setup-error-server-problem":{"_":"Terdapat masalah dengan pelayan \"{{server}}\". Cuba lagi nanti."},"setup-error-no-config-info":{"_":"Tidak dapat mengkonfigur akaun anda secara automatik. Betulkan alamat email atau cuba pilih konfigurasi manual."},"setup-error-server-maintenance":{"_":"Pelayan \"{{server}}\" diluar talian kerana penyelenggaraan. Cuba lagi nanti."},"setup-error-account-already-exists":{"_":"Akaun ini telah pun dikonfigur."},"setup-manual-config2":{"_":"Penetapan manual"},"setup-manual-config-header":{"_":"Penetapan Manual"},"setup-manual-account-type":{"_":"Jenis akaun"},"setup-manual-imap-header":{"_":"Tetapan IMAP"},"setup-manual-pop3-header":{"_":"Tetapan POP3"},"setup-manual-smtp-header":{"_":"Tetapan SMTP"},"setup-manual-activesync-header":{"_":"Tetapan ActiveSync"},"setup-manual-next":{"_":"Maju"},"setup-manual-socket":{"_":"Jenis Soket"},"setup-manual-socket-ssl":{"_":"SSL"},"setup-manual-socket-starttls":{"_":"STARTTLS"},"setup-manual-hostname":{"placeholder":"Nama hos"},"setup-manual-port":{"placeholder":"Nombor Port"},"setup-manual-username":{"placeholder":"Nama pengguna"},"setup-bad-password-header":{"_":"Kata laluan buruk!"},"setup-bad-password":{"_":"Kami tidak dapat log masuk anda ke pelayan. Mungkin kata laluan anda salah?"},"setup-new-password":{"placeholder":"Kata laluan baru"},"setup-fix-password":{"_":"Cuba semua dengan kata laluan baru"},"setup-gmail-twofactor-header":{"_":"Dua-Faktor Dibolehkan"},"setup-gmail-twofactor-message":{"_":"Anda perlu memasukkan katalaluan spesifik-aplikasi di bawah."},"setup-gmail-twofactor-fix":{"_":"Gunakan katalaluan aplikasi"},"setup-gmail-imap-header":{"_":"IMAP Dilumpuhkan"},"setup-gmail-imap-message":{"_":"Anda mesti bolehkan IMAP pada akaun Gmail anda"},"setup-gmail-imap-retry":{"_":"Cuba lagi"},"setup-gmail-pop3-header":{"_":"POP3 Dilumpuhkan"},"setup-gmail-pop3-message":{"_":"Anda mesti bolehkan POP3 pada akaun Gmail anda"},"setup-gmail-pop3-retry":{"_":"Cuba lagi"},"settings-main-header":{"_":"Tetapan Mel"},"settings-sub-header-account":{"_":"Akaun"},"settings-account-name":{"_":"Nama Anda"},"settings-account-display-notifications":{"_":"Paparkan nitifikasi untuk mesej baru"},"settings-sub-header-data":{"_":"Data"},"settings-account-check-mail":{"_":"Periksa mesej baru"},"settings-sub-header-server":{"_":"Tetapan pelayan"},"settings-account-userpass":{"_":"Nama pengguna dan kata laluan"},"fld-account-picker-last-sync":{"_":"Sync terakhir:"},"settings-done":{"_":"Selesai"},"settings-account-section":{"_":"Akaun"},"settings-account-add":{"_":"Tambah akaun"},"settings-account-delete":{"_":"Hapus akaun"},"settings-account-delete-prompt":{"_":"Anda pasti untuk menghapus akaun mail {{account}} anda? Anda perlu memuat turun semula mel anda jika anda mencipta semula akaun."},"settings-account-delete-cancel":{"_":"Batal"},"settings-account-delete-confirm":{"_":"Hapus"},"settings-about-section":{"_":"Perihal"},"settings-general-section":{"_":"Tetapan Umum"},"settings-check-mail":{"_":"Periksa mel"},"settings-show-images":{"_":"Sentiasa tunjuk imej"},"settings-download-attachments":{"_":"Muat turun kepilan"},"settings-notify-mail":{"_":"Notis mel baru"},"settings-check-every-3min":{"_":"Setiap 3 minit"},"settings-check-every-5min":{"_":"Setiap 5 minit"},"settings-check-every-10min":{"_":"Setiap 10 minit"},"settings-check-every-15min":{"_":"Setiap 15 minit"},"settings-check-every-30min":{"_":"Setiap 30 minit"},"settings-check-every-60min":{"_":"Setiap jam"},"settings-check-every-manual":{"_":"Secara Manual"},"settings-check-dynamic":{"_":"{[ plural(n) ]}","_[zero]":"saat","_[one]":"{{ n }} saat","_[two]":"{{ n }} saat","_[few]":"{{ n }} saat","_[many]":"{{ n }} saat","_[other]":"{{ n }} saat"},"settings-default-account":{"_":"Tetapkan sebagai email lalai"},"settings-account-type":{"_":"Jenis akaun"},"settings-account-credentials":{"_":"Tauliah"},"settings-activesync-label":{"_":"Tetapan ActiveSync"},"settings-imap-label":{"_":"Tetapan IMAP"},"settings-pop3-label":{"_":"Tetapan POP3"},"settings-smtp-label":{"_":"Tetapan SMTP"},"settings-hostname":{"_":"Nama hos"},"settings-port":{"_":"Port"},"settings-username":{"_":"Nama pengguna"},"settings-password":{"_":"Kata laluan"},"settings-save":{"_":"Simpan"},"settings-password-empty":{"_":"Medan kata laluan tidak boleh kosong"},"settings-account-synchronize-window":{"_":"Hari untuk sync"},"settings-synchronize-auto":{"_":"Automatik"},"settings-synchronize-one-day":{"_":"1 hari"},"settings-synchronize-three-days":{"_":"3 hari"},"settings-synchronize-one-week":{"_":"1 minggu"},"settings-synchronize-two-weeks":{"_":"2 minggu"},"settings-synchronize-one-month":{"_":"1 bulan"},"settings-synchronize-all":{"_":"Semua mesej"},"accounts-header":{"_":"Akaun"},"accounts-button":{"_":"Akaun"},"envelope-from":{"_":"Daripada"},"envelope-to":{"_":"Kepada"},"envelope-cc":{"_":"Cc"},"envelope-bcc":{"_":"Bcc"},"reader-header":{"_":"Baca"},"compose-header":{"_":"Karang mesej"},"compose-header-short":{"_":"Karang"},"compose-send":{"_":"Hantar"},"compose-to":{"_":"Kepada"},"compose-cc":{"_":"cc"},"compose-bcc":{"_":"bcc"},"compose-attachments":{"_":"{[ plural(n) ]}","_[zero]":"Kepilan","_[one]":"{{ n }} kepilan","_[two]":"{{ n }} kepilan","_[few]":"{{ n }} kepilan","_[many]":"{{ n }} kepilan","_[other]":"{{ n }} kepilan"},"compose-subject":{"_":"Subjek"},"compose-draft-save":{"_":"Simpan pada Draf Lokal"},"compose-discard-message":{"_":"Buang email?"},"compose-discard-confirm":{"_":"Buang"},"compose-sending-message":{"_":"Menghantar email"},"compose-send-message-failed":{"_":"Menghantar email gagal"},"composer-attachment-large":{"_":"Kepilan terlalu besar"},"composer-attachments-large":{"_":"Kepilan terlalu besar"},"compose-attchment-size-exceeded":{"_":"Kepilan dipilih terlalu besar untuk dihantar dengan mesej ini."},"compose-attchments-size-exceeded":{"_":"Kepilan dipilih terlalu besar untuk dihantar dengan mesej ini. Cuba pilihan yang kurang baris."},"dialog-button-ok":{"_":"OK"},"default-attachment-filename":{"_":"kepilan{{ n }}"},"attachment-size-kib":{"_":"{{kilobytes}}K"},"message-attachment-view":{"textContent":"Lihat"},"message-no-subject":{"_":"(tiada subjek)"},"message-edit-menu-star":{"_":"Bintang"},"message-edit-menu-unstar":{"_":"Nyahbintang"},"message-edit-menu-mark-read":{"_":"Tanda sebagai baca"},"message-edit-menu-mark-unread":{"_":"Tanda sebagai belum baca"},"message-edit-menu-move":{"_":"Pindah"},"message-edit-menu-delete":{"_":"Hapus"},"message-edit-delete-confirm":{"_":"Hapus mesej email?"},"message-send-attachment-disabled-confirm":{"_":"Kepilan tidak dapat dimajukan."},"message-multiedit-header":{"_":"{[ plural(n) ]}","_[zero]":"Sunting","_[one]":"{{ n }} dipilih","_[two]":"{{ n }} dipilih","_[few]":"{{ n }} dipilih","_[many]":"{{ n }} dipilih","_[other]":"{{ n }} dipilih"},"browse-to-url-prompt":{"_":"Layari URL?: {{ url }}"},"message-download-images":{"_":"{[ plural(n) ]}","_[one]":"Email ini mengandungi satu imej. Klik untuk muat turun.","_[two]":"Email ini mengandungi {{ n }} imej. Klik untuk muat turun.","_[few]":"Email ini mengandungi {{ n }} imej. Klik untuk muat turun.","_[many]":"Email ini mengandungi {{ n }} imej. Klik untuk muat turun.","_[other]":"Email ini mengandungi {{ n }} imej. Klik untuk muat turun."},"message-show-external-images":{"_":"Tunjuk imej luaran"},"message-multiedit-cancel":{"_":"Batal"},"message-multiedit-delete-confirm":{"_":"{[ plural(n) ]}","_[one]":"Hapus mesej email ini?","_[two]":"Hapus {{ n }} mesej email?","_[few]":"Hapus {{ n }} mesej email?","_[many]":"Hapus {{ n }} mesej email?","_[other]":"Hapus {{ n }} mesej email?"},"message-large-message-cancel":{"_":"Batal"},"message-large-message-ok":{"_":"Teruskan"},"message-large-message-confirm":{"_":"Mesej ini besar dan akan mengambil sedikit masa untuk dimuat turun."},"message-search-from":{"_":"Daripada"},"message-search-to":{"_":"Kepada"},"message-search-subject":{"_":"Subjek"},"message-search-body":{"_":"Badan"},"message-search-all":{"_":"Semua"},"message-search-input":{"placeholder":"Carian Mel"},"message-search-cancel-accessible":{"_":"Batal carian"},"messages-syncing":{"_":"Memuat Mesej"},"messages-sync-more":{"_":"Muatkan lebih mesej daripada pelayan"},"messages-folder-empty":{"_":"Tiada mel dalam Folder ini"},"messages-search-empty":{"_":"Tiada padanan dalam mesej yang dicached lokal"},"messages-folder-select":{"_":"Pilih folder"},"message-contact-menu-create":{"_":"Simpan kenalan baru"},"message-contact-menu-add-existing":{"_":"Tambah kepada kenalan sedia ada"},"message-contact-menu-view":{"_":"Lihat kenalan"},"message-contact-menu-reply":{"_":"Balas"},"message-contact-menu-new":{"_":"Hantar mel baru"},"message-reply-menu-reply":{"_":"Balas"},"message-reply-menu-reply-all":{"_":"Balas Semua"},"message-reply-menu-forward":{"_":"Majukan"},"message-reply-menu-cancel":{"_":"Batal"},"folder-list-header":{"_":"Folder"},"account-last-synced-label":{"_":"Sync terakhir:"},"account-never-synced":{"_":"Tidak sekali"},"reply-quoting-wrote":{"_":"{name} menulis"},"forward-original-message":{"_":"Mesej asal"},"forward-header-subject":{"_":"Subjek"},"forward-header-date":{"_":"Tarikh"},"forward-header-from":{"_":"Daripada"},"forward-header-reply-to":{"_":"Balasan Kepada"},"forward-header-to":{"_":"Kepada"},"forward-header-cc":{"_":"Cc"},"folder-inbox":{"_":"Inbox"},"folder-sent":{"_":"Hantar"},"folder-drafts":{"_":"Draf"},"folder-trash":{"_":"Tong"},"folder-queue":{"_":"Belum hantar"},"folder-junk":{"_":"Sampah"},"folder-archives":{"_":"Arkib"},"folder-localdrafts":{"_":"Draf Lokal"},"toaster-undo":{"_":"Buat asal"},"toaster-retry":{"_":"Cubaan"},"toaster-message-star":{"_":"{[ plural(n) ]}","_[one]":"1 mesej dibendera","_[two]":"{{ n }} mesej dibendera","_[few]":"{{ n }} mesej dibendera","_[many]":"{{ n }} mesej dibendera","_[other]":"{{ n }} mesej dibendera"},"toaster-message-unstar":{"_":"{[ plural(n) ]}","_[one]":"1 mesej bendera disingkir","_[two]":"{{ n }} mesej bendera disingkir","_[few]":"{{ n }} mesej bendera disingkir","_[many]":"{{ n }} mesej bendera disingkir","_[other]":"{{ n }} mesej bendera disingkir"},"toaster-message-read":{"_":"{[ plural(n) ]}","_[one]":"1 mesej ditanda sebagai baca","_[two]":"{{ n }} mesej ditanda sebagai baca","_[few]":"{{ n }} mesej ditanda sebagai baca","_[many]":"{{ n }} mesej ditanda sebagai baca","_[other]":"{{ n }} mesej ditanda sebagai baca"},"toaster-message-unread":{"_":"{[ plural(n) ]}","_[one]":"1 mesej ditanda sebagai belum baca","_[two]":"{{ n }} mesej ditanda sebagai belum baca","_[few]":"{{ n }} mesej ditanda sebagai belum baca","_[many]":"{{ n }} mesej ditanda sebagai belum baca","_[other]":"{{ n }} mesej ditanda sebagai belum baca"},"toaster-message-move":{"_":"{[ plural(n) ]}","_[one]":"1 mesej dipindah","_[two]":"{{ n }} mesej dipindah","_[few]":"{{ n }} mesej dipindah","_[many]":"{{ n }} mesej dipindah","_[other]":"{{ n }} mesej dipindah"},"toaster-message-delete":{"_":"{[ plural(n) ]}","_[one]":"1 mesej diphapus","_[two]":"{{ n }} mesej dihapus","_[few]":"{{ n }} mesej dihapus","_[many]":"{{ n }} mesej dihapus","_[other]":"{{ n }} mesej dihapus"},"toaster-retryable-syncfailed":{"_":"Tidak dapat menyambung ke pelayan"},"form-clear-input":{"_":"Singkir teks"},"confirm-dialog-title":{"_":"Pengesahan"},"senders-separation-sign":{"_":", "},"new-emails":{"_":"{[ plural(n) ]}","_[one]":"1 Emel Baru","_[two]":"{{ n }} Emel Baru","_[few]":"{{ n }} Emel Baru","_[many]":"{{ n }} Emel Baru","_[other]":"{{ n }} Emel Baru"},"new-emails-notify-one-account":{"_":"{[ plural(n) ]}","_[one]":"1 Emel Baru","_[two]":"{{ n }} Emel Baru","_[few]":"{{ n }} Emel Baru","_[many]":"{{ n }} Emel Baru","_[other]":"{{ n }} Emel Baru"},"new-emails-notify-multiple-accounts":{"_":"{[ plural(n) ]}","_[one]":"1 Emel Baru ({{ accountName }})","_[two]":"{{ n }} Emel Baru ({{ accountName }})","_[few]":"{{ n }} Emel Baru ({{ accountName }})","_[many]":"{{ n }} Emel Baru ({{ accountName }})","_[other]":"{{ n }} Emel Baru ({{ accountName }})"},"new-emails-notify-multiple-accounts-body":{"_":"{{ from }} “{{ subject }}”"},"weekday-0-long":{"_":"Ahad"},"weekday-1-long":{"_":"Isnin"},"weekday-2-long":{"_":"Selasa"},"weekday-3-long":{"_":"Rabu"},"weekday-4-long":{"_":"Khamis"},"weekday-5-long":{"_":"Jumaat"},"weekday-6-long":{"_":"Sabtu"},"weekday-0-short":{"_":"Ahad"},"weekday-1-short":{"_":"Isnin"},"weekday-2-short":{"_":"Selasa"},"weekday-3-short":{"_":"Rabu"},"weekday-4-short":{"_":"Khamis"},"weekday-5-short":{"_":"Jumaat"},"weekday-6-short":{"_":"Sabtu"},"month-0-long":{"_":"Januari"},"month-1-long":{"_":"Februari"},"month-2-long":{"_":"Mac"},"month-3-long":{"_":"April"},"month-4-long":{"_":"Mei"},"month-5-long":{"_":"Jun"},"month-6-long":{"_":"Julai"},"month-7-long":{"_":"Ogos"},"month-8-long":{"_":"September"},"month-9-long":{"_":"Oktober"},"month-10-long":{"_":"November"},"month-11-long":{"_":"Disember"},"month-0-genitive":{"_":"Januari"},"month-1-genitive":{"_":"Februari"},"month-2-genitive":{"_":"Mac"},"month-3-genitive":{"_":"April"},"month-4-genitive":{"_":"Mei"},"month-5-genitive":{"_":"Jun"},"month-6-genitive":{"_":"Julai"},"month-7-genitive":{"_":"Ogos"},"month-8-genitive":{"_":"September"},"month-9-genitive":{"_":"Oktober"},"month-10-genitive":{"_":"November"},"month-11-genitive":{"_":"Disember"},"month-0-short":{"_":"Jan"},"month-1-short":{"_":"Feb"},"month-2-short":{"_":"Mac"},"month-3-short":{"_":"Apr"},"month-4-short":{"_":"Mei"},"month-5-short":{"_":"Jun"},"month-6-short":{"_":"Jul"},"month-7-short":{"_":"Ogos"},"month-8-short":{"_":"Sep"},"month-9-short":{"_":"Okt"},"month-10-short":{"_":"Nov"},"month-11-short":{"_":"Dis"},"minutes-ago-long":{"_":"{[ plural(value) ]}","_[zero]":"sebentar tadi","_[one]":"satu minit lalu","_[two]":"{{value}} minit lalu","_[few]":"{{value}} minit lalu","_[many]":"{{value}} minit lalu","_[other]":"{{value}} minit lalu"},"hours-ago-long":{"_":"{[ plural(value) ]}","_[zero]":"sebentar tadi","_[one]":"sejam yang lalu","_[two]":"{{value}} jam lalu","_[few]":"{{value}} jam lalu","_[many]":"{{value}} jam lalu","_[other]":"{{value}} jam lalu"},"days-ago-long":{"_":"{[ plural(value) ]}","_[zero]":"hari ini","_[one]":"semalam","_[two]":"{{value}} hari lalu","_[few]":"{{value}} hari lalu","_[many]":"{{value}} hari lalu","_[other]":"{{value}} hari lalu"},"weeks-ago-long":{"_":"{[ plural(value) ]}","_[zero]":"minggu ini","_[one]":"minggu lalu","_[two]":"{{value}} minggu lalu","_[few]":"{{value}} minggu lalu","_[many]":"{{value}} minggu lalu","_[other]":"{{value}} minggu lalu"},"months-ago-long":{"_":"{[ plural(value) ]}","_[zero]":"bulan ini","_[one]":"bulan lalu","_[two]":"{{value}} bulan lalu","_[few]":"{{value}} bulan lalu","_[many]":"{{value}} minit lalu","_[other]":"{{value}} minit lalu"},"years-ago-long":{"_":"{[ plural(value) ]}","_[zero]":"tahun ini","_[one]":"tahun lalu","_[two]":"{{value}} tahun lalu","_[few]":"{{value}} tahun lalu","_[many]":"{{value}} tahun lalu","_[other]":"{{value}} tahun lalu"},"minutes-until-long":{"_":"{[ plural(value) ]}","_[zero]":"sekarang","_[one]":"dalam satu minit","_[two]":"dalam {{value}} minit","_[few]":"dalam {{value}} minit","_[many]":"dalam {{value}} minit","_[other]":"dalam {{value}} minit"},"hours-until-long":{"_":"{[ plural(value) ]}","_[zero]":"sekarang","_[one]":"dalam satu jam","_[two]":"dalam {{value}} jam","_[few]":"dalam {{value}} jam","_[many]":"dalam {{value}} jam","_[other]":"dalam {{value}} jam"},"days-until-long":{"_":"{[ plural(value) ]}","_[zero]":"hari ini","_[one]":"esok","_[two]":"dalam {{value}} hari","_[few]":"dalam {{value}} hari","_[many]":"dalam {{value}} hari","_[other]":"dalam {{value}} hari"},"weeks-until-long":{"_":"{[ plural(value) ]}","_[zero]":"minggu ini","_[one]":"minggu depan","_[two]":"dalam {{value}} minggu","_[few]":"dalam {{value}} minggu","_[many]":"dalam {{value}} minggu","_[other]":"dalam {{value}} minggu"},"months-until-long":{"_":"{[ plural(value) ]}","_[zero]":"bulan ini","_[one]":"bulan depan","_[two]":"dalam {{value}} bulan","_[few]":"dalam {{value}} bulan","_[many]":"dalam {{value}} bulan","_[other]":"dalam {{value}} bulan"},"years-until-long":{"_":"{[ plural(value) ]}","_[zero]":"tahun ini","_[one]":"tahun depan","_[two]":"dalam {{value}} tahun","_[few]":"dalam {{value}} tahun","_[many]":"dalam {{value}} tahun","_[other]":"dalam {{value}} tahun"},"minutes-ago-short":{"_":"{[ plural(value) ]}","_[zero]":"sebentar tadi","_[other]":"{{value}} minit lalu"},"hours-ago-short":{"_":"{[ plural(value) ]}","_[zero]":"sebentar tadi","_[other]":"{{value}} jam lalu"},"days-ago-short":{"_":"{[ plural(value) ]}","_[zero]":"hari ini","_[other]":"{{value}} hari lalu"},"minutes-until-short":{"_":"{[ plural(value) ]}","_[zero]":"sekarang","_[other]":"dalam {{value}} minit"},"hours-until-short":{"_":"{[ plural(value) ]}","_[zero]":"sekarang","_[other]":"dalam {{value}} jam"},"days-until-short":{"_":"{[ plural(value) ]}","_[zero]":"hari ini","_[other]":"dalam {{value}} hari"},"incorrectDate":{"_":"(tarikh tidak betul)"},"dateTimeFormat_%c":{"_":"%a %b %e %Y %I:%M:%S %p"},"dateTimeFormat_%x":{"_":"%m/%d/%Y"},"dateTimeFormat_%X":{"_":"%I:%M:%S %p"},"shortTimeFormat":{"_":"%I:%M %p"},"shortDateTimeFormat":{"_":"%x %I:%M %p"},"weekStartsOnMonday":{"_":"0"},"time_am":{"_":"PG"},"time_pm":{"_":"PTG"}}