{"setup-app-name-header":{"_":"पत्र"},"setup-empty-account-prompt":{"_":"तपाई इमेल पठाउन वा पाउनका लागि व्यवस्थित हुनुहुन्न। के तपाई अहिले गर्न चाहनुहुन्छ?"},"setup-pick-service":{"_":"इमेल पठाउन र पाउनका लागि तपाईले एउटा खाताको स्थापना गर्नु पर्छ।"},"setup-account-header3":{"_":"नयाँ खाता"},"setup-info-name":{"placeholder":"तपाईंको नाम"},"setup-info-email":{"placeholder":"someone@example.com"},"setup-info-password":{"placeholder":"पासवर्ड"},"setup-info-next":{"_":"पछिल्लो"},"setup-progress-wait-msg":{"_":"खाता स्थापना गर्दै"},"setup-completed-header":{"_":"मेल खाता स्थापना"},"setup-completed-label":{"_":"सबै गरियो !"},"setup-add-another-account":{"_":"अर्को खाता थप्नुहोस्"},"setup-show-mail":{"_":"Continue to Mail"},"setup-error-offline":{"_":"यो यन्त्र अहिले अफलाइन छ।कुनै सञ्जालमा जडान गरी पुन प्रयास गर्नुहोस्।"},"setup-error-bad-user-or-pass2":{"_":"अमान्य प्रयोगकर्ता नाम वा पासवर्ड | त्रुटीहरु जाँच्नुहोस् |"},"setup-error-bad-address":{"_":"अवैध इमेल ठेगाना। टाईपसको लागि जाँच गर्नुहोस्।"},"setup-error-not-authorized":{"_":"सर्भरले तपाईसँग खाता सृजना गर्नका लागि अधिकार छैन भनेर भन्यो"},"setup-error-pop-server-not-great":{"_":"सर्भर असमर्थित। यस POP3 सर्भरले आवश्यक सुविधाहरु लागू गर्दैन।"},"setup-error-unknown2":{"_":"अज्ञात त्रुटि आउन पुग्यो | तपाईको सञ्जाल जडान जाँच्नुहोस् वा आफैँले सञ्जाल जडान  मिलाउन कोसिस गर्नुहोस् |"},"setup-error-needs-app-pass":{"_":"You must use an application specific password for two-factor Gmail accounts"},"setup-error-imap-disabled":{"_":"तपाईँको जीमेल खाताका लागि तपाईँले IMAP सक्षम पार्नुपर्दछ"},"setup-error-pop3-disabled":{"_":"तपाईँको जीमेल खाताका लागि तपाईँले POP3 सक्षम पार्नुपर्दछ"},"setup-error-bad-security":{"_":"\"{{server}}\"सँग सुरक्षित जडान गर्न असफल | तपाईको सञ्जाल वा सर्भरमा समस्या हुन सक्छ |"},"setup-error-unresponsive-server":{"_":"\"{{server}}\"सँग जडान गर्न असफल | तपाईको सञ्जालमा समस्या हुन सक्छ |"},"setup-error-server-problem":{"_":"\"{{server}}\"मा समस्या छ | पुन प्रयास गर्नुहोस् |"},"setup-error-no-config-info":{"_":"तपाईको खाता स्वतह मिलाउन असक्षम | तपाईको आफ्नो ईमेल ठेगाना मिलाउनुस् वा आफै वैकलकिप मिलाउन कोसिस गर्नुहोस् |"},"setup-error-server-maintenance":{"_":"यस सरभर \"{{server}}\" सुधार्नका लागि अफलाइन छ | पछि पुन प्रयास गर्नुहोस् |"},"setup-error-account-already-exists":{"_":"यो खाता पाहिले नै कन्फिगर छ।"},"setup-manual-config2":{"_":"हाते स्थापना"},"setup-manual-config-header":{"_":"हाते स्थापना"},"setup-manual-account-type":{"_":"खाताको प्रकार"},"setup-manual-imap-header":{"_":"IMAP सेटिङहरू"},"setup-manual-pop3-header":{"_":"POP3 सेटिङहरू"},"setup-manual-smtp-header":{"_":"SMTP सेटिङहरू"},"setup-manual-activesync-header":{"_":"ActiveSync सेटिङहरू"},"setup-manual-next":{"_":"अर्को"},"setup-manual-socket":{"_":"सकेटको प्रकार"},"setup-manual-socket-ssl":{"_":"SSL"},"setup-manual-socket-starttls":{"_":"STARTTLS"},"setup-manual-hostname":{"placeholder":"होस्टनाम"},"setup-manual-port":{"placeholder":"पोर्ट नम्बर"},"setup-manual-username":{"placeholder":"प्रयोगकर्ताको नाम"},"setup-bad-password-header":{"_":"खराब पासवर्ड!"},"setup-bad-password":{"_":"हामीले सर्भरमा साइन-इन गर्न सकेनौ। शायद तपाईको पासवर्ड गलत छ कि?"},"setup-new-password":{"placeholder":"नयाँ पासवर्ड"},"setup-fix-password":{"_":"नँया पासवर्डले पुन: प्रयास गर्नुहोस्"},"setup-gmail-twofactor-header":{"_":"दुई-फ्याक्टर सक्षम पारियो"},"setup-gmail-twofactor-message":{"_":"तपाईले तल एप्लिकेसन-विशेष पासवर्ड प्रविष्ट गर्नुपर्दछ।"},"setup-gmail-twofactor-fix":{"_":"एप्लिकेसन पासवर्ड प्रयोग गर्नुहोस्"},"setup-gmail-imap-header":{"_":"IMAP अक्षम पारिएको"},"setup-gmail-imap-message":{"_":"तपाईंको आफ्नो जीमेल खातामा तपाईंले IMAP सक्षम पार्नुपर्दछ"},"setup-gmail-imap-retry":{"_":"पुन: प्रयास गर्नुहोस्"},"setup-gmail-pop3-header":{"_":"POP3 अक्षम पारियो"},"setup-gmail-pop3-message":{"_":"तपाईंले आफ्नो जीमेल खातामा POP3 सक्षम पार्नुपर्छ"},"setup-gmail-pop3-retry":{"_":"पुन: प्रयास गर्नुहोस्"},"settings-main-header":{"_":"मेल सेटिङहरू"},"settings-sub-header-account":{"_":"खाता"},"settings-account-name":{"_":"तपाईंको नाम"},"settings-account-display-notifications":{"_":"नयाँ सन्देशहारुको लागि सूचनाहरु प्रदर्शन गर्नुहोस्"},"settings-sub-header-data":{"_":"डेटा"},"settings-account-check-mail":{"_":"नयाँ सन्देशहरुको लागि जाँच्नुहोस्"},"settings-sub-header-server":{"_":"सर्भर सेटिङहरू"},"settings-account-userpass":{"_":"प्रयोगकर्ताको नाम र पासवर्ड"},"fld-account-picker-last-sync":{"_":"अन्तिम सिङ्क:"},"settings-done":{"_":"गरियो"},"settings-account-section":{"_":"खाताहरू"},"settings-account-add":{"_":"खाता थप्नुहोस्"},"settings-account-delete":{"_":"खाता मेटाउनेहोस्"},"settings-account-delete-prompt":{"_":"के तपाई अाफ्नो {{account}} मेल खाता मेटाउने बारे निश्चित हुनुहुन्छ? यदि तपाईले खातालाई पुन: सृजना गर्नुभयो भने तपाईले आफ्नो मेल पुन: डाउनलोड गर्नुपर्नेछ।"},"settings-account-delete-cancel":{"_":"रद्द गर्नुहोस्"},"settings-account-delete-confirm":{"_":"मेट्नुहोस्"},"settings-about-section":{"_":"बारेमा"},"settings-general-section":{"_":"साधारण सेटिङ्गहरु"},"settings-check-mail":{"_":"मेल जाँच गर्नुहोस्"},"settings-show-images":{"_":"सधै छविहरु देखाउनुहोस्"},"settings-download-attachments":{"_":"संलगितहरु डाउनलोड गर्नुहोस्"},"settings-notify-mail":{"_":"नयाँ मेल बारे सुचित गर्ने"},"settings-check-every-3min":{"_":"प्रत्येक ३ मिनेटमा"},"settings-check-every-5min":{"_":"प्रत्येक ५ मिनेटमा"},"settings-check-every-10min":{"_":"प्रत्येक १० मिनेटमा"},"settings-check-every-15min":{"_":"प्रत्येक १५ मिनेटमा"},"settings-check-every-30min":{"_":"प्रत्येक ३० मिनेटमा"},"settings-check-every-60min":{"_":"प्रत्येक घण्टा"},"settings-check-every-manual":{"_":"म्यानुअल तरिकाले"},"settings-check-dynamic":{"_":"{[ plural(n) ]}","_[zero]":"सेकेण्ड","_[one]":"{{ n }} सेकेण्ड","_[two]":"{{ n }} सेकेण्ड","_[few]":"{{ n }} सेकेण्ड","_[many]":"{{ n }} सेकेण्ड","_[other]":"{{ n }} सेकेन्ड्स्"},"settings-default-account":{"_":"पूर्वनिर्धारित इमेलको रूपमा सेट गर्नुहोस्"},"settings-account-type":{"_":"खाता प्रकार"},"settings-account-credentials":{"_":"कागजात"},"settings-activesync-label":{"_":"ActiveSync सेटिङहरू"},"settings-imap-label":{"_":"IMAP सेटिङहरू"},"settings-pop3-label":{"_":"POP3 सेटिङहरू"},"settings-smtp-label":{"_":"SMTP सेटिङहरू"},"settings-hostname":{"_":"होस्टनाम"},"settings-port":{"_":"पोर्ट"},"settings-username":{"_":"प्रयोगकर्ता नाम"},"settings-password":{"_":"पासवर्ड"},"settings-save":{"_":"बचत गर्नुहोस्"},"settings-password-empty":{"_":"पासवर्ड फाँट खाली हुनु हुँदैनन"},"settings-account-synchronize-window":{"_":"समक्रमण गर्न दिनहरु"},"settings-synchronize-auto":{"_":"स्वचालित"},"settings-synchronize-one-day":{"_":"१ दिन"},"settings-synchronize-three-days":{"_":"३ दिनहरू"},"settings-synchronize-one-week":{"_":"१ हप्ता"},"settings-synchronize-two-weeks":{"_":"२ हप्ता"},"settings-synchronize-one-month":{"_":"१ महिना"},"settings-synchronize-all":{"_":"सबै सन्देशहरू"},"accounts-header":{"_":"खाताहरू"},"accounts-button":{"_":"खाताहरू"},"envelope-from":{"_":"बाट"},"envelope-to":{"_":"लाई"},"envelope-cc":{"_":"बोधार्थ"},"envelope-bcc":{"_":"गुप्त बोधार्थ"},"reader-header":{"_":"पढ्नुहोस्"},"compose-header":{"_":"सन्देश रचना गर्नुहोस्"},"compose-header-short":{"_":"रचना गर्नुहोस्"},"compose-send":{"_":"पठाउँनुहोस्"},"compose-to":{"_":"लाई"},"compose-cc":{"_":"बोधार्थ"},"compose-bcc":{"_":"bcc"},"compose-attachments":{"_":"{[ plural(n) ]}","_[zero]":"संलग्न फाइलहरू","_[one]":"{{ n }} संलग्न फाइलहरू","_[two]":"{{ n }} संलग्न फाइलहरू","_[few]":"{{ n }} संलग्न फाइलहरू","_[many]":"{{ n }} संलग्न फाइलहरू","_[other]":"{{ n }} संलग्न फाइलहरू"},"compose-subject":{"_":"विषय"},"compose-draft-save":{"_":"स्थानीय ड्राफ्टसमा बचत गर्नुहोस"},"compose-discard-message":{"_":"इमेल छोड्न चाहनुहुन्छ?"},"compose-discard-confirm":{"_":"छाड्नुहोस्"},"compose-sending-message":{"_":"इमेल पठाउँदै"},"compose-send-message-failed":{"_":"इमेल पठाउन असफल भयो"},"composer-attachment-large":{"_":"संलग्न धेरै ठुलो भयो"},"composer-attachments-large":{"_":"संलग्नहरु धेरै ठूला भए"},"compose-attchment-size-exceeded":{"_":"चयन गरिएको संलग्न यस सन्देशमा पठाउन धेरै ठूलो छ।"},"compose-attchments-size-exceeded":{"_":"चयन गरिएका संलग्नहरु यस सन्देशमा पठाउन धेरै ठूला छन्। कम फाइलहरु चयन गर्न खोज्नुहोस्।"},"dialog-button-ok":{"_":"ठीक छ"},"default-attachment-filename":{"_":"बधीएको{{ n }}"},"attachment-size-kib":{"_":"{{kilobytes}}K"},"message-attachment-view":{"textContent":"दृश्य गर्नुहोस्"},"message-no-subject":{"_":"(विषय नभएको)"},"message-edit-menu-star":{"_":"तारा"},"message-edit-menu-unstar":{"_":"तारा हटाउनु"},"message-edit-menu-mark-read":{"_":"पढेको रूपमा चिन्ह लगाउनुहोस्"},"message-edit-menu-mark-unread":{"_":"नपढेको रूपमा चिन्ह लगाउनुहोस्"},"message-edit-menu-move":{"_":"सार्नुहोस्"},"message-edit-menu-delete":{"_":"मेट्नुहोस्"},"message-edit-delete-confirm":{"_":"इमेल सन्देश मेट्नुहुन्छ?"},"message-send-attachment-disabled-confirm":{"_":"संलग्नहरु फरवार्ड गर्न साकिदैन।"},"message-multiedit-header":{"_":"{[ plural(n) ]}","_[zero]":"सम्पादन गर्नुहोस्","_[one]":"{{ n }} वटा चयन गरिएको","_[two]":"{{ n }} वटा चयन गरिएको","_[few]":"{{ n }} वटा चयन गरिएको","_[many]":"{{ n }} वटा चयन गरिएको","_[other]":"{{ n }} वटा चयन गरिएको"},"browse-to-url-prompt":{"_":"यो URL ब्राउज गर्ने?: {{ url }}"},"message-download-images":{"_":"{[ plural(n) ]}","_[one]":"यो इमेल मा एउटा छवि शामिल छ। डाउनलोड गर्न क्लिक गर्नुहोस्।","_[two]":"यो इमेलमा {{ n }} वटा छविहरु शामिल छन्। डाउनलोड गर्न क्लिक गर्नुहोस्।","_[few]":"यो इमेलमा {{ n }} वटा छविहरु शामिल छन्। डाउनलोड गर्न क्लिक गर्नुहोस्।","_[many]":"यो इमेलमा {{ n }} वटा छविहरु शामिल छन्। डाउनलोड गर्न क्लिक गर्नुहोस्।","_[other]":"यो इमेलमा {{ n }} वटा छविहरु समाविष्ट छन्। डाउनलोड गर्न क्लिक गर्नुहोस्।"},"message-show-external-images":{"_":"बाह्य तस्वीरहरु देखाउनुहोस्"},"message-multiedit-cancel":{"_":"रद्द गर्नुहोस्"},"message-multiedit-delete-confirm":{"_":"{[ plural(n) ]}","_[one]":"यो इमेल सन्देश मेटाउने?","_[two]":"{{ n }} वटा इमेल सन्देशहरु मेटाउने?","_[few]":"{{ n }} वटा इमेल सन्देशहरु मेटाउने?","_[many]":"{{ n }} वटा इमेल सन्देशहरु मेटाउने?","_[other]":"{{ n }} वटा इमेल सन्देशहरु मेटाउने?"},"message-large-message-cancel":{"_":"रद्द गर्नुहोस्"},"message-large-message-ok":{"_":"जारी राख्नुहोस्"},"message-large-message-confirm":{"_":"यो सन्देश ठूलो छ र डाउनलोड हुन केहि समय लाग्नसक्छ।"},"message-search-from":{"_":"बाट"},"message-search-to":{"_":"लागि"},"message-search-subject":{"_":"विषय"},"message-search-body":{"_":"मुख्य भाग"},"message-search-all":{"_":"सबै"},"message-search-input":{"placeholder":"मेल खोजी गर्नुहोस्"},"message-search-cancel-accessible":{"_":"खोजी रद्द गर्नुहोस्"},"messages-syncing":{"_":"सन्देशहरु लोड हुँदैछ"},"messages-sync-more":{"_":"सर्भरबाट बढि सन्देशहरू लोड गर्नुहोस्"},"messages-folder-empty":{"_":"यस फोल्डरमा मेल छैन"},"messages-search-empty":{"_":"स्थानीय क्याचे गरिएका सन्देशहरुमा जोडा फेला परेन"},"messages-folder-select":{"_":"फोल्डर चयन गर्नुहोस्"},"message-contact-menu-create":{"_":"नयाँ सम्पर्क बचत गर्नुहोस्"},"message-contact-menu-add-existing":{"_":"अवस्थित सम्पर्कमा थप्नुहोस्"},"message-contact-menu-view":{"_":"सम्पर्क हेर्नुहोस्"},"message-contact-menu-reply":{"_":"जवाफ पठाउनुहोस्"},"message-contact-menu-new":{"_":"नयाँ पत्र पठाउनुहोस्"},"message-reply-menu-reply":{"_":"जवाफ पठाउनुहोस्"},"message-reply-menu-reply-all":{"_":"सबैलाई जवाफ दिनुहोस्"},"message-reply-menu-forward":{"_":"अगाडि"},"message-reply-menu-cancel":{"_":"रद्द गर्नुहोस्"},"folder-list-header":{"_":"फोल्डरहरू"},"account-last-synced-label":{"_":"अन्तिम सिङ्क:"},"account-never-synced":{"_":"कहिल्यै पनि"},"reply-quoting-wrote":{"_":"{name}ले लेख्यो"},"forward-original-message":{"_":"मौलिक सन्देश"},"forward-header-subject":{"_":"विषय"},"forward-header-date":{"_":"मिति"},"forward-header-from":{"_":"बाट"},"forward-header-reply-to":{"_":"लाई-जवाफ"},"forward-header-to":{"_":"लाई"},"forward-header-cc":{"_":"बोधार्थ"},"folder-inbox":{"_":"प्राप्तिमञ्जूषा"},"folder-sent":{"_":"पठाइयो"},"folder-drafts":{"_":"ड्राफ्टहरू"},"folder-trash":{"_":"रद्दीटोकरी"},"folder-queue":{"_":"नपठाइएको"},"folder-junk":{"_":"जङ्क"},"folder-archives":{"_":"सङ्ग्रह"},"folder-localdrafts":{"_":"स्थानीय ड्राफ्टस"},"toaster-undo":{"_":"पूर्वस्थितिमा फर्काउनुहोस्"},"toaster-retry":{"_":"पुन:प्रयास गर्नुहोस्"},"toaster-message-star":{"_":"{[ plural(n) ]}","_[one]":"१ सन्देश ध्वजा स्थापित","_[two]":"{{ n }} सन्देश ध्वजाहरु स्थापित","_[few]":"{{ n }} सन्देश ध्वजाहरु स्थापित","_[many]":"{{ n }} सन्देश ध्वजाहरु स्थापित","_[other]":"{{ n }} सन्देश ध्वजाहरु स्थापित"},"toaster-message-unstar":{"_":"{[ plural(n) ]}","_[one]":"१ सन्देश ध्वजा हटाइयो","_[two]":"{{ n }} सन्देशहरुबाट ध्वजा हटाइयो","_[few]":"{{ n }} सन्देशहरुबाट ध्वजा हटाइयो","_[many]":"{{ n }} सन्देशहरुबाट ध्वजा हटाइयो","_[other]":"{{ n }} सन्देशहरुबाट ध्वजा हटाइयो"},"toaster-message-read":{"_":"{{ n }} सन्देशहरुबाट ध्वजा हटाइयो","_[one]":"१ सन्देश पढिएको रुपमा चिन्ह लगाइयो","_[two]":"{{ n }} सन्देशहरू पढिएको रुपमा चिन्ह लगाइयो","_[few]":"{{ n }} सन्देशहरू पढिएको रुपमा चिन्ह लगाइयो","_[many]":"{{ n }} सन्देशहरू पढिएको रुपमा चिन्ह लगाइयो","_[other]":"{{ n }} सन्देशहरू पढिएको रुपमा चिन्ह लगाइयो"},"toaster-message-unread":{"_":"{[ plural(n) ]}","_[one]":"१ सन्देश पढिएको रुपमा चिन्ह लगाइयो","_[two]":"{{ n }} सन्देशहरू नपढिएको रुपमा चिन्ह लगाइयो","_[few]":"{{ n }} सन्देशहरू नपढिएको रुपमा चिन्ह लगाइयो","_[many]":"{{ n }} सन्देशहरू नपढिएको रुपमा चिन्ह लगाइयो","_[other]":"{{ n }} सन्देशहरू नपढिएको रुपमा चिन्ह लगाइयो"},"toaster-message-move":{"_":"{[ plural(n) ]}","_[one]":"१ सन्देश सारियो","_[two]":"{{ n }} सन्देशहरू सारिए","_[few]":"{{ n }} सन्देशहरू सारिए","_[many]":"{{ n }} सन्देशहरू सारियो","_[other]":"{{ n }} सन्देशहरू सारियो"},"toaster-message-delete":{"_":"{[ plural(n) ]}","_[one]":"१ सन्देश मेटाइयो","_[two]":"{{ n }} सन्देशहरू मेटाइयो","_[few]":"{{ n }} सन्देशहरू मेटाइए","_[many]":"{{ n }} सन्देशहरू मेटाइयो","_[other]":"{{ n }} सन्देशहरू मेटाइयो"},"toaster-retryable-syncfailed":{"_":"सर्भरमा जडान गर्न अक्षम भयो"},"form-clear-input":{"_":"पाठ हटाउनुहोस्"},"confirm-dialog-title":{"_":"पुष्टि गर्नुहोस्"},"senders-separation-sign":{"_":", "},"new-emails":{"_":"{[ plural(n) ]}","_[one]":"१ नयाँ इमेल","_[two]":"{{ n }} वटा नयाँ इमेलहरु","_[few]":"{{ n }} वटा नयाँ इमेलहरु","_[many]":"{{ n }} वटा नयाँ इमेलहरु","_[other]":"{{ n }} वटा नयाँ इमेलहरु"},"new-emails-notify-one-account":{"_":"{[ plural(n) ]}","_[one]":"१ नयाँ इमेल","_[two]":"{{ n }} नयाँ इमेलहरु","_[few]":"{{ n }} नयाँ इमेलहरु","_[many]":"{{ n }} नयाँ इमेलहरु","_[other]":"{{ n }} नयाँ इमेलहरु"},"new-emails-notify-multiple-accounts":{"_":"{[ plural(n) ]}","_[one]":"१ नँया इमेल ({{ accountName }})","_[two]":"{{ n }} नँया इमेलहरु ({{ accountName }})","_[few]":"{{ n }} नँया इमेलहरु ({{ accountName }})","_[many]":"{{ n }} नँया इमेलहरु ({{ accountName }})","_[other]":"{{ n }} नँया इमेलहरु ({{ accountName }})"},"new-emails-notify-multiple-accounts-body":{"_":"{{ बाट }} “{{ विषय}}”"},"weekday-0-long":{"_":"आइतबार"},"weekday-1-long":{"_":"सोमबार"},"weekday-2-long":{"_":"मंगलबार"},"weekday-3-long":{"_":"बुधबार"},"weekday-4-long":{"_":"बिहिबार"},"weekday-5-long":{"_":"शुक्रबार"},"weekday-6-long":{"_":"शनिबार"},"weekday-0-short":{"_":"आइत"},"weekday-1-short":{"_":"सोम"},"weekday-2-short":{"_":"मङ्गल"},"weekday-3-short":{"_":"बुध"},"weekday-4-short":{"_":"बिहि"},"weekday-5-short":{"_":"शुक्र"},"weekday-6-short":{"_":"शनि"},"month-0-long":{"_":"जनवरी"},"month-1-long":{"_":"फेब्रुअरी"},"month-2-long":{"_":"ंमार्च"},"month-3-long":{"_":"अप्रिल"},"month-4-long":{"_":"मे"},"month-5-long":{"_":"जुन"},"month-6-long":{"_":"जुलाई"},"month-7-long":{"_":"अगस्ट"},"month-8-long":{"_":"सेप्टेम्बर"},"month-9-long":{"_":"अक्टोबर"},"month-10-long":{"_":"नोभेम्बर"},"month-11-long":{"_":"डिसेम्बर"},"month-0-genitive":{"_":"जनवरी"},"month-1-genitive":{"_":"फेब्रुअरी"},"month-2-genitive":{"_":"ंमार्च"},"month-3-genitive":{"_":"अप्रिल"},"month-4-genitive":{"_":"मे"},"month-5-genitive":{"_":"जुन"},"month-6-genitive":{"_":"जुलाई"},"month-7-genitive":{"_":"अगस्ट"},"month-8-genitive":{"_":"सेप्टेम्बर"},"month-9-genitive":{"_":"अक्टोबर"},"month-10-genitive":{"_":"नोभेम्बर"},"month-11-genitive":{"_":"डिसेम्बर"},"month-0-short":{"_":"जन"},"month-1-short":{"_":"फेब"},"month-2-short":{"_":"मार्च"},"month-3-short":{"_":"अप्रिल"},"month-4-short":{"_":"मे"},"month-5-short":{"_":"जुन"},"month-6-short":{"_":"जुलाई"},"month-7-short":{"_":"अगस्ट"},"month-8-short":{"_":"सेप्टेम्वर"},"month-9-short":{"_":"अक्टुवर"},"month-10-short":{"_":"नोभेम्वर"},"month-11-short":{"_":"डिसेम्वर"},"minutes-ago-long":{"_":"{[ plural(value) ]}","_[zero]":"भर्खरै","_[one]":"एक मिनेट अगाडि","_[two]":"{{value}} मिनेट अगाडि","_[few]":"{{value}} मिनेट अगाडि","_[many]":"{{value}} मिनेट अगाडि","_[other]":"{{value}} मिनेट अगाडि"},"hours-ago-long":{"_":"{[ plural(value) ]}","_[zero]":"भर्खरै","_[one]":"एक घन्टा अगाडि","_[two]":"{{value}} घण्टा अगाडि","_[few]":"{{value}} घण्टा अगाडि","_[many]":"{{value}} घण्टा अगाडि","_[other]":"{{value}} घण्टा अगाडि"},"days-ago-long":{"_":"{[ plural(value) ]}","_[zero]":"आज","_[one]":"हिजो","_[two]":"{{value}} दिन अगाडि","_[few]":"{{value}} दिन अगाडि","_[many]":"{{value}} दिन अगाडि","_[other]":"{{value}} दिन अगाडि"},"weeks-ago-long":{"_":"{[ plural(value) ]}","_[zero]":"यो हप्ता","_[one]":"गएको हप्ता","_[two]":"{{value}} हप्ता अगाडि","_[few]":"{{value}} हप्ता अगाडि","_[many]":"{{value}} हप्ता अगाडि","_[other]":"{{value}} हप्ता अगाडि"},"months-ago-long":{"_":"{[ plural(value) ]}","_[zero]":"यो महिना","_[one]":"गएको महिना","_[two]":"{{value}} महिना अगाडि","_[few]":"{{value}} महिना अगाडि","_[many]":"{{value}} महिना अगाडि","_[other]":"{{value}} महिना अगाडि"},"years-ago-long":{"_":"{[ plural(value) ]}","_[zero]":"यो वर्ष","_[one]":"अघिल्लो वर्ष","_[two]":"{{value}} वर्ष अगाडि","_[few]":"{{value}} वर्ष अगाडि","_[many]":"{{value}} वर्ष अगाडि","_[other]":"{{value}} वर्ष अगाडि"},"minutes-until-long":{"_":"{[ plural(value) ]}","_[zero]":"अहिले","_[one]":"एक मिनेटमा","_[two]":"{{value}} मिनेटमा","_[few]":"{{value}} मिनेटमा","_[many]":"{{value}} मिनेटमा","_[other]":"{{value}} मिनेटमा"},"hours-until-long":{"_":"{[ plural(value) ]}","_[zero]":"अहिले","_[one]":"एक घण्टामा","_[two]":"{{value}} घण्टामा","_[few]":"{{value}} घण्टामा","_[many]":"{{value}} घण्टामा","_[other]":"{{value}} घण्टामा"},"days-until-long":{"_":"{[ plural(value) ]}","_[zero]":"आज","_[one]":"भोलि","_[two]":"{{value}} दिनमा","_[few]":"{{value}} दिनमा","_[many]":"{{value}} दिनमा","_[other]":"{{value}} दिनमा"},"weeks-until-long":{"_":"{[ plural(value) ]}","_[zero]":"यो हप्ता","_[one]":"पछिल्लो हप्ता","_[two]":"{{value}} हप्तामा","_[few]":"{{value}} हप्तामा","_[many]":"{{value}} हप्तामा","_[other]":"{{value}} हप्तामा"},"months-until-long":{"_":"{[ plural(value) ]}","_[zero]":"यस महिना","_[one]":"पछिल्लो महिना","_[two]":"{{value}} महिनामा","_[few]":"{{value}} महिनामा","_[many]":"{{value}} महिनामा","_[other]":"{{value}} महिनामा"},"years-until-long":{"_":"{[ plural(value) ]}","_[zero]":"यस बर्ष","_[one]":"आर्को बर्ष","_[two]":"{{value}} बर्षमा","_[few]":"{{value}} बर्षमा","_[many]":"{{value}} वर्षमा","_[other]":"{{value}} वर्षमा"},"minutes-ago-short":{"_":"{[ plural(value) ]}","_[zero]":"भर्खरै","_[other]":"{{value}}मिनेट अघि"},"hours-ago-short":{"_":"{[ plural(value) ]}","_[zero]":"भर्खरै","_[other]":"{{value}}घण्टा अघि"},"days-ago-short":{"_":"{[ plural(value) ]}","_[zero]":"आज","_[other]":"{{value}}दिन अघि"},"minutes-until-short":{"_":"{[ plural(value) ]}","_[zero]":"अहिले","_[other]":"{{value}}मिनेटमा"},"hours-until-short":{"_":"{[ plural(value) ]}","_[zero]":"अहिले","_[other]":"{{value}}घण्टामा"},"days-until-short":{"_":"{[ plural(value) ]}","_[zero]":"आज","_[other]":"{{value}}दिनमा"},"incorrectDate":{"_":"(गलत मिति)"},"dateTimeFormat_%c":{"_":"%a %b %e %Y %I:%M:%S %p"},"dateTimeFormat_%x":{"_":"%m/%d/%Y"},"dateTimeFormat_%X":{"_":"%I:%M:%S %p"},"shortTimeFormat":{"_":"%I:%M %p"},"shortDateTimeFormat":{"_":"%x %I:%M %p"},"weekStartsOnMonday":{"_":"0"},"time_am":{"_":"ए एम"},"time_pm":{"_":"पी एम"}}