{"setup-app-name-header":{"_":"E-mail"},"setup-empty-account-prompt":{"_":"U hebt nog niets ingesteld voor het verzenden of ontvangen van e-mail. Wilt u dat nu doen?"},"setup-pick-service":{"_":"Om e-mail te verzenden en te ontvangen dient u een account in te stellen."},"setup-account-header3":{"_":"Nieuwe account"},"setup-info-name":{"placeholder":"Uw naam"},"setup-info-email":{"placeholder":"iemand@voorbeeld.com"},"setup-info-password":{"placeholder":"Wachtwoord"},"setup-info-next":{"_":"Volgende"},"setup-progress-wait-msg":{"_":"Account wordt ingesteld"},"setup-completed-header":{"_":"E-mailaccount instellen"},"setup-completed-label":{"_":"Alles gereed!"},"setup-add-another-account":{"_":"Nog een account toevoegen"},"setup-show-mail":{"_":"Doorgaan naar E-mail"},"setup-error-offline":{"_":"Dit apparaat is momenteel offline. Maak verbinding met een netwerk en probeer het nogmaals."},"setup-error-bad-user-or-pass2":{"_":"Ongeldige gebruikersnaam of wachtwoord. Controleer op typefouten."},"setup-error-bad-address":{"_":"Ongeldig e-mailadres. Controleer op typefouten."},"setup-error-not-authorized":{"_":"De server meldde dat u niet gemachtigd bent om een account aan te maken"},"setup-error-pop-server-not-great":{"_":"Server niet ondersteund. De POP3-server implementeert vereiste functies niet."},"setup-error-unknown2":{"_":"Er is een onbekende fout opgetreden. Controleer uw netwerkverbinding of probeer de optie voor handmatige configuratie."},"setup-error-needs-app-pass":{"_":"U moet een applicatiespecifiek wachtwoord gebruiken voor twee-factor-Gmail-accounts"},"setup-error-imap-disabled":{"_":"U moet IMAP inschakelen voor uw Gmail-account"},"setup-error-pop3-disabled":{"_":"U moet POP3 inschakelen voor uw Gmail-account"},"setup-error-bad-security":{"_":"Kan geen beveiligde verbinding met “{{server}}” opzetten. Er is mogelijk een probleem met uw netwerk of de server."},"setup-error-unresponsive-server":{"_":"Kan geen verbinding met “{{server}}” opzetten. Er is mogelijk een probleem met het netwerk."},"setup-error-server-problem":{"_":"Er is een probleem met de server “{{server}}”. Probeer het later nog eens."},"setup-error-no-config-info":{"_":"Kan uw account niet automatisch configureren. Corrigeer uw e-mailadres of probeer de optie voor handmatige configuratie."},"setup-error-server-maintenance":{"_":"De server “{{server}}” is offline voor onderhoud. Probeer het later nog eens."},"setup-error-account-already-exists":{"_":"Deze account is al geconfigureerd."},"setup-manual-config2":{"_":"Handmatig instellen"},"setup-manual-config-header":{"_":"Instellen"},"setup-manual-account-type":{"_":"Accounttype"},"setup-manual-imap-header":{"_":"IMAP-instellingen"},"setup-manual-pop3-header":{"_":"POP3-instellingen"},"setup-manual-smtp-header":{"_":"SMTP-instellingen"},"setup-manual-activesync-header":{"_":"ActiveSync-instellingen"},"setup-manual-next":{"_":"Volgende"},"setup-manual-socket":{"_":"Sockettype"},"setup-manual-socket-ssl":{"_":"SSL"},"setup-manual-socket-starttls":{"_":"STARTTLS"},"setup-manual-hostname":{"placeholder":"Hostnaam"},"setup-manual-port":{"placeholder":"Poortnummer"},"setup-manual-username":{"placeholder":"Gebruikersnaam"},"setup-bad-password-header":{"_":"Onjuist wachtwoord!"},"setup-bad-password":{"_":"Aanmelden bij de server is niet gelukt. Misschien is uw wachtwoord onjuist?"},"setup-new-password":{"placeholder":"Nieuw wachtwoord"},"setup-fix-password":{"_":"Opnieuw proberen met nieuw wachtwoord"},"setup-gmail-twofactor-header":{"_":"Twee-factor ingeschakeld"},"setup-gmail-twofactor-message":{"_":"U dient hieronder een applicatiespecifiek wachtwoord in te voeren."},"setup-gmail-twofactor-fix":{"_":"Applicatiewachtwoord gebruiken"},"setup-gmail-imap-header":{"_":"IMAP uitgeschakeld"},"setup-gmail-imap-message":{"_":"U moet IMAP inschakelen bij uw Gmail-account "},"setup-gmail-imap-retry":{"_":"Opnieuw proberen"},"setup-gmail-pop3-header":{"_":"POP3 uitgeschakeld"},"setup-gmail-pop3-message":{"_":"U moet POP3 inschakelen bij uw Gmail-account"},"setup-gmail-pop3-retry":{"_":"Opnieuw proberen"},"settings-main-header":{"_":"E-mailinstellingen"},"settings-sub-header-account":{"_":"Account"},"settings-account-name":{"_":"Uw naam"},"settings-account-display-notifications":{"_":"Meldingen voor nieuwe berichten weergeven"},"settings-sub-header-data":{"_":"Gegevens"},"settings-account-check-mail":{"_":"Controleren op nieuwe berichten"},"settings-sub-header-server":{"_":"Serverinstellingen"},"settings-account-userpass":{"_":"Gebruikersnaam en wachtwoord"},"fld-account-picker-last-sync":{"_":"Laatste synchr.:"},"settings-done":{"_":"Gereed"},"settings-account-section":{"_":"Accounts"},"settings-account-add":{"_":"Account toevoegen"},"settings-account-delete":{"_":"Account verwijderen"},"settings-account-delete-prompt":{"_":"Weet u zeker dat u uw {{account}}-mailaccount wilt verwijderen? U zult uw mail opnieuw moeten downloaden als u de account opnieuw aanmaakt."},"settings-account-delete-cancel":{"_":"Annuleren"},"settings-account-delete-confirm":{"_":"Verwijderen"},"settings-about-section":{"_":"About"},"settings-general-section":{"_":"Algemene instellingen"},"settings-check-mail":{"_":"Check mail"},"settings-show-images":{"_":"Afbeeldingen altijd tonen"},"settings-download-attachments":{"_":"Bijlagen downloaden"},"settings-notify-mail":{"_":"Notify of new mail"},"settings-check-every-3min":{"_":"Every 3 minutes"},"settings-check-every-5min":{"_":"Elke 5 minuten"},"settings-check-every-10min":{"_":"Elke 10 minuten"},"settings-check-every-15min":{"_":"Elke 15 minuten"},"settings-check-every-30min":{"_":"Elke 30 minuten"},"settings-check-every-60min":{"_":"Elk uur"},"settings-check-every-manual":{"_":"Handmatig"},"settings-check-dynamic":{"_":"{[ plural(n) ]}","_[zero]":"seconden","_[one]":"{{ n }} seconde","_[two]":"{{ n }} seconden","_[few]":"{{ n }} seconden","_[many]":"{{ n }} seconden","_[other]":"{{ n }} seconden"},"settings-default-account":{"_":"Instellen als standaard"},"settings-account-type":{"_":"Accounttype"},"settings-account-credentials":{"_":"Verificatiegegevens"},"settings-activesync-label":{"_":"ActiveSync-instellingen"},"settings-imap-label":{"_":"IMAP-instellingen"},"settings-pop3-label":{"_":"POP3-instellingen"},"settings-smtp-label":{"_":"SMTP-instellingen"},"settings-hostname":{"_":"Hostnaam"},"settings-port":{"_":"Poort"},"settings-username":{"_":"Gebruikersnaam"},"settings-password":{"_":"Wachtwoord"},"settings-save":{"_":"Opslaan"},"settings-password-empty":{"_":"Wachtwoordveld mag niet leeg zijn"},"settings-account-synchronize-window":{"_":"Te synchroniseren dagen"},"settings-synchronize-auto":{"_":"Automatisch"},"settings-synchronize-one-day":{"_":"1 dag"},"settings-synchronize-three-days":{"_":"3 dagen"},"settings-synchronize-one-week":{"_":"1 week"},"settings-synchronize-two-weeks":{"_":"2 weken"},"settings-synchronize-one-month":{"_":"1 maand"},"settings-synchronize-all":{"_":"Alle berichten"},"accounts-header":{"_":"Accounts"},"accounts-button":{"_":"Accounts"},"envelope-from":{"_":"Van"},"envelope-to":{"_":"Aan"},"envelope-cc":{"_":"Cc"},"envelope-bcc":{"_":"Bcc"},"reader-header":{"_":"Lezen"},"compose-header":{"_":"Bericht opstellen"},"compose-header-short":{"_":"Opstellen"},"compose-send":{"_":"Verzenden"},"compose-to":{"_":"Aan"},"compose-cc":{"_":"cc"},"compose-bcc":{"_":"bcc"},"compose-attachments":{"_":"{[ plural(n) ]}","_[zero]":"Bijlagen","_[one]":"{{ n }} bijlage","_[two]":"{{ n }} bijlagen","_[few]":"{{ n }} bijlagen","_[many]":"{{ n }} bijlagen","_[other]":"{{ n }} bijlagen"},"compose-subject":{"_":"Onderwerp"},"compose-draft-save":{"_":"Opslaan in Lokale concepten"},"compose-discard-message":{"_":"E-mail verwijderen?"},"compose-discard-confirm":{"_":"Verwijderen"},"compose-sending-message":{"_":"E-mail verzenden"},"compose-send-message-failed":{"_":"Verzenden van e-mail is mislukt"},"composer-attachment-large":{"_":"Bijlage te groot"},"composer-attachments-large":{"_":"Bijlagen te groot"},"compose-attchment-size-exceeded":{"_":"De geselecteerde bijlage is te groot om met dit bericht te verzenden."},"compose-attchments-size-exceeded":{"_":"De geselecteerde bijlagen zijn te groot om met dit bericht te verzenden. Probeer minder bestanden te selecteren."},"dialog-button-ok":{"_":"OK"},"default-attachment-filename":{"_":"bijlage{{ n }}"},"attachment-size-kib":{"_":"{{kilobytes}}K"},"message-attachment-view":{"textContent":"Bekijken"},"message-no-subject":{"_":"(geen onderwerp)"},"message-edit-menu-star":{"_":"Star"},"message-edit-menu-unstar":{"_":"Unstar"},"message-edit-menu-mark-read":{"_":"Mark as read"},"message-edit-menu-mark-unread":{"_":"Mark as unread"},"message-edit-menu-move":{"_":"Move"},"message-edit-menu-delete":{"_":"Verwijderen"},"message-edit-delete-confirm":{"_":"E-mailbericht verwijderen?"},"message-send-attachment-disabled-confirm":{"_":"Bijlagen kunnen niet worden doorgestuurd."},"message-multiedit-header":{"_":"{[ plural(n) ]}","_[zero]":"Bewerken","_[one]":"{{ n }} geselecteerd","_[two]":"{{ n }} geselecteerd","_[few]":"{{ n }} geselecteerd","_[many]":"{{ n }} geselecteerd","_[other]":"{{ n }} geselecteerd"},"browse-to-url-prompt":{"_":"Bladeren naar URL?: {{ url }}"},"message-download-images":{"_":"{[ plural(n) ]}","_[one]":"Deze e-mail bevat één afbeelding. Klik om deze te downloaden.","_[two]":"Deze e-mail bevat {{ n }} afbeeldingen. Klik om deze te downloaden.","_[few]":"Deze e-mail bevat {{ n }} afbeeldingen. Klik om deze te downloaden.","_[many]":"Deze e-mail bevat {{ n }} afbeeldingen. Klik om deze te downloaden.","_[other]":"Deze e-mail bevat {{ n }} afbeeldingen. Klik om deze te downloaden."},"message-show-external-images":{"_":"Externe afbeeldingen tonen"},"message-multiedit-cancel":{"_":"Annuleren"},"message-multiedit-delete-confirm":{"_":"{[ plural(n) ]}","_[one]":"Dit e-mailbericht verwijderen?","_[two]":"{{ n }} e-mailberichten verwijderen?","_[few]":"{{ n }} e-mailberichten verwijderen?","_[many]":"{{ n }} e-mailberichten verwijderen?","_[other]":"{{ n }} e-mailberichten verwijderen?"},"message-large-message-cancel":{"_":"Annuleren"},"message-large-message-ok":{"_":"Doorgaan"},"message-large-message-confirm":{"_":"Dit bericht is groot en het downloaden ervan kan even duren."},"message-search-from":{"_":"Van"},"message-search-to":{"_":"Aan"},"message-search-subject":{"_":"Ond."},"message-search-body":{"_":"Tekst"},"message-search-all":{"_":"Alles"},"message-search-input":{"placeholder":"E-mail doorzoeken"},"message-search-cancel-accessible":{"_":"Zoeken annuleren"},"messages-syncing":{"_":"Berichten laden"},"messages-sync-more":{"_":"Meer berichten van server laden"},"messages-folder-empty":{"_":"Geen e-mail in deze map"},"messages-search-empty":{"_":"Geen overeenkomsten in lokaal gebufferde berichten"},"messages-folder-select":{"_":"Map selecteren"},"message-contact-menu-create":{"_":"Nieuw contact opslaan"},"message-contact-menu-add-existing":{"_":"Toevoegen aan bestaand contact"},"message-contact-menu-view":{"_":"Contact bekijken"},"message-contact-menu-reply":{"_":"Antwoorden"},"message-contact-menu-new":{"_":"Nieuwe e-mail verzenden"},"message-reply-menu-reply":{"_":"Beantwoorden"},"message-reply-menu-reply-all":{"_":"Allen beantwoorden"},"message-reply-menu-forward":{"_":"Doorsturen"},"message-reply-menu-cancel":{"_":"Annuleren"},"folder-list-header":{"_":"Mappen"},"account-last-synced-label":{"_":"Laatste synchr.: "},"account-never-synced":{"_":"Nooit"},"reply-quoting-wrote":{"_":"{name} schreef"},"forward-original-message":{"_":"Originele bericht"},"forward-header-subject":{"_":"Onderwerp"},"forward-header-date":{"_":"Datum"},"forward-header-from":{"_":"Van"},"forward-header-reply-to":{"_":"Antwoord-naar"},"forward-header-to":{"_":"Aan"},"forward-header-cc":{"_":"Cc"},"folder-inbox":{"_":"Postvak IN"},"folder-sent":{"_":"Verzonden"},"folder-drafts":{"_":"Concepten"},"folder-trash":{"_":"Prullenbak"},"folder-queue":{"_":"Niet verzonden"},"folder-junk":{"_":"Ongewenst"},"folder-archives":{"_":"Archieven"},"folder-localdrafts":{"_":"Lokale concepten"},"toaster-undo":{"_":"Ongedaan maken"},"toaster-retry":{"_":"Opnieuw proberen"},"toaster-message-star":{"_":"{[ plural(n) ]}","_[one]":"1 berichtvlag ingesteld","_[two]":"{{ n }} berichtvlaggen ingesteld","_[few]":"{{ n }} berichtvlaggen ingesteld","_[many]":"{{ n }} berichtvlaggen ingesteld","_[other]":"{{ n }} berichtvlaggen ingesteld"},"toaster-message-unstar":{"_":"{[ plural(n) ]}","_[one]":"1 berichtvlag verwijderd","_[two]":"{{ n }} berichtvlaggen verwijderd","_[few]":"{{ n }} berichtvlaggen verwijderd","_[many]":"{{ n }} berichtvlaggen verwijderd","_[other]":"{{ n }} berichtvlaggen verwijderd"},"toaster-message-read":{"_":"{[ plural(n) ]}","_[one]":"1 bericht gemarkeerd als gelezen","_[two]":"{{ n }} berichten gemarkeerd als gelezen","_[few]":"{{ n }} berichten gemarkeerd als gelezen","_[many]":"{{ n }} berichten gemarkeerd als gelezen","_[other]":"{{ n }} berichten gemarkeerd als gelezen"},"toaster-message-unread":{"_":"{[ plural(n) ]}","_[one]":"1 bericht gemarkeerd als ongelezen","_[two]":"{{ n }} berichten gemarkeerd als ongelezen","_[few]":"{{ n }} berichten gemarkeerd als ongelezen","_[many]":"{{ n }} berichten gemarkeerd als ongelezen","_[other]":"{{ n }} berichten gemarkeerd als ongelezen"},"toaster-message-move":{"_":"{[ plural(n) ]}","_[one]":"1 bericht verplaatst","_[two]":"{{ n }} berichten verplaatst","_[few]":"{{ n }} berichten verplaatst","_[many]":"{{ n }} berichten verplaatst","_[other]":"{{ n }} berichten verplaatst"},"toaster-message-delete":{"_":"{[ plural(n) ]}","_[one]":"1 bericht verwijderd","_[two]":"{{ n }} berichten verwijderd","_[few]":"{{ n }} berichten verwijderd","_[many]":"{{ n }} berichten verwijderd","_[other]":"{{ n }} berichten verwijderd"},"toaster-retryable-syncfailed":{"_":"Kan geen verbinding maken met server"},"form-clear-input":{"_":"Tekst verwijderen"},"confirm-dialog-title":{"_":"Bevestiging"},"senders-separation-sign":{"_":", "},"new-emails":{"_":"{[ plural(n) ]}","_[one]":"1 nieuwe e-mail","_[two]":"{{ n }} nieuwe e-mails","_[few]":"{{ n }} nieuwe e-mails","_[many]":"{{ n }} nieuwe e-mails","_[other]":"{{ n }} nieuwe e-mails"},"new-emails-notify-one-account":{"_":"{[ plural(n) ]}","_[one]":"1 nieuwe e-mail","_[two]":"{{ n }} nieuwe e-mails","_[few]":"{{ n }} nieuwe e-mails","_[many]":"{{ n }} nieuwe e-mails","_[other]":"{{ n }} nieuwe e-mails"},"new-emails-notify-multiple-accounts":{"_":"{[ plural(n) ]}","_[one]":"1 nieuwe e-mail ({{ accountName }})","_[two]":"{{ n }} nieuwe e-mails ({{ accountName }})","_[few]":"{{ n }} nieuwe e-mails ({{ accountName }})","_[many]":"{{ n }} nieuwe e-mails ({{ accountName }})","_[other]":"{{ n }} nieuwe e-mails ({{ accountName }})"},"new-emails-notify-multiple-accounts-body":{"_":"{{ from }} “{{ subject }}”"},"setup-manual-activesync-username":{"placeholder":"Domein\\Gebruikersnaam"},"settings-account-clarify-imap":{"_":"{{account-name}} (IMAP)"},"settings-account-clarify-pop3":{"_":"{{account-name}} (POP3)"},"settings-account-clarify-smtp":{"_":"{{account-name}} (SMTP)"},"message-attachment-too-large":{"_":"Dit bestand is te groot om te downloaden."},"weekday-0-long":{"_":"zondag"},"weekday-1-long":{"_":"maandag"},"weekday-2-long":{"_":"dinsdag"},"weekday-3-long":{"_":"woensdag"},"weekday-4-long":{"_":"donderdag"},"weekday-5-long":{"_":"vrijdag"},"weekday-6-long":{"_":"zaterdag"},"weekday-0-short":{"_":"zon"},"weekday-1-short":{"_":"maa"},"weekday-2-short":{"_":"din"},"weekday-3-short":{"_":"woe"},"weekday-4-short":{"_":"don"},"weekday-5-short":{"_":"vrij"},"weekday-6-short":{"_":"zat"},"month-0-long":{"_":"januari"},"month-1-long":{"_":"februari"},"month-2-long":{"_":"maart"},"month-3-long":{"_":"april"},"month-4-long":{"_":"mei"},"month-5-long":{"_":"juni"},"month-6-long":{"_":"juli"},"month-7-long":{"_":"augustus"},"month-8-long":{"_":"september"},"month-9-long":{"_":"oktober"},"month-10-long":{"_":"november"},"month-11-long":{"_":"december"},"month-0-genitive":{"_":"januari"},"month-1-genitive":{"_":"februari"},"month-2-genitive":{"_":"maart"},"month-3-genitive":{"_":"april"},"month-4-genitive":{"_":"mei"},"month-5-genitive":{"_":"juni"},"month-6-genitive":{"_":"juli"},"month-7-genitive":{"_":"augustus"},"month-8-genitive":{"_":"september"},"month-9-genitive":{"_":"oktober"},"month-10-genitive":{"_":"november"},"month-11-genitive":{"_":"december"},"month-0-short":{"_":"jan"},"month-1-short":{"_":"feb"},"month-2-short":{"_":"mrt"},"month-3-short":{"_":"apr"},"month-4-short":{"_":"mei"},"month-5-short":{"_":"jun"},"month-6-short":{"_":"jul"},"month-7-short":{"_":"aug"},"month-8-short":{"_":"sep"},"month-9-short":{"_":"okt"},"month-10-short":{"_":"nov"},"month-11-short":{"_":"dec"},"minutes-ago-long":{"_":"{[ plural(value) ]}","_[zero]":"zojuist","_[one]":"een minuut geleden","_[two]":"{{value}} minuten geleden","_[few]":"{{value}} minuten geleden","_[many]":"{{value}} minuten geleden","_[other]":"{{value}} minuten geleden"},"hours-ago-long":{"_":"{[ plural(value) ]}","_[zero]":"zojuist","_[one]":"een uur geleden","_[two]":"{{value}} uur geleden","_[few]":"{{value}} uur geleden","_[many]":"{{value}} uur geleden","_[other]":"{{value}} uur geleden"},"days-ago-long":{"_":"{[ plural(value) ]}","_[zero]":"vandaag","_[one]":"gisteren","_[two]":"{{value}} dagen geleden","_[few]":"{{value}} dagen geleden","_[many]":"{{value}} dagen geleden","_[other]":"{{value}} dagen geleden"},"weeks-ago-long":{"_":"{[ plural(value) ]}","_[zero]":"deze week","_[one]":"vorige week","_[two]":"{{value}} weken geleden","_[few]":"{{value}} weken geleden","_[many]":"{{value}} weken geleden","_[other]":"{{value}} weken geleden"},"months-ago-long":{"_":"{[ plural(value) ]}","_[zero]":"deze maand","_[one]":"vorige maand","_[two]":"{{value}} maanden geleden","_[few]":"{{value}} maanden geleden","_[many]":"{{value}} maanden geleden","_[other]":"{{value}} maanden geleden"},"years-ago-long":{"_":"{[ plural(value) ]}","_[zero]":"dit jaar","_[one]":"vorig jaar","_[two]":"{{value}} jaar geleden","_[few]":"{{value}} jaar geleden","_[many]":"{{value}} jaar geleden","_[other]":"{{value}} jaar geleden"},"minutes-until-long":{"_":"{[ plural(value) ]}","_[zero]":"nu","_[one]":"zo meteen","_[two]":"over {{value}} minuten","_[few]":"over {{value}} minuten","_[many]":"over {{value}} minuten","_[other]":"over {{value}} minuten"},"hours-until-long":{"_":"{[ plural(value) ]}","_[zero]":"nu","_[one]":"over een uur","_[two]":"over {{value}} uur","_[few]":"over {{value}} uur","_[many]":"over {{value}} uur","_[other]":"over {{value}} uur"},"days-until-long":{"_":"{[ plural(value) ]}","_[zero]":"vandaag","_[one]":"morgen","_[two]":"over {{value}} dagen","_[few]":"over {{value}} dagen","_[many]":"over {{value}} dagen","_[other]":"over {{value}} dagen"},"weeks-until-long":{"_":"{[ plural(value) ]}","_[zero]":"deze week","_[one]":"volgende week","_[two]":"over {{value}} weken","_[few]":"over {{value}} weken","_[many]":"over {{value}} weken","_[other]":"over {{value}} weken"},"months-until-long":{"_":"{[ plural(value) ]}","_[zero]":"deze maand","_[one]":"volgende maand","_[two]":"over {{value}} maanden","_[few]":"over {{value}} maanden","_[many]":"over {{value}} maanden","_[other]":"over {{value}} maanden"},"years-until-long":{"_":"{[ plural(value) ]}","_[zero]":"dit jaar","_[one]":"volgend jaar","_[two]":"over {{value}} jaar","_[few]":"over {{value}} jaar","_[many]":"over {{value}} jaar","_[other]":"over {{value}} jaar"},"minutes-ago-short":{"_":"{[ plural(value) ]}","_[zero]":"zojuist","_[other]":"{{value}}m geleden"},"hours-ago-short":{"_":"{[ plural(value) ]}","_[zero]":"zojuist","_[other]":"{{value}}h geleden"},"days-ago-short":{"_":"{[ plural(value) ]}","_[zero]":"vandaag","_[other]":"{{value}}d geleden"},"minutes-until-short":{"_":"{[ plural(value) ]}","_[zero]":"nu","_[other]":"over {{value}}m"},"hours-until-short":{"_":"{[ plural(value) ]}","_[zero]":"nu","_[other]":"over {{value}}h"},"days-until-short":{"_":"{[ plural(value) ]}","_[zero]":"vandaag","_[other]":"over {{value}}d"},"incorrectDate":{"_":"(onjuiste datum)"},"dateTimeFormat_%c":{"_":"%a %e %b %Y %H:%M:%S"},"dateTimeFormat_%x":{"_":"%d-%m-%Y"},"dateTimeFormat_%X":{"_":"%H:%M:%S"},"shortTimeFormat":{"_":"%H:%M"},"shortDateTimeFormat":{"_":"%x %H:%M"},"weekStartsOnMonday":{"_":"1"},"time_am":{"_":"AM"},"time_pm":{"_":"PM"}}