{"setup-app-name-header":{"_":"ਮੇਲ"},"setup-empty-account-prompt":{"_":"You are not set up to send or receive email. Would you like to do that now?"},"setup-pick-service":{"_":"ਵੱਲ send and receive email, you will need to set up an account."},"setup-account-header3":{"_":"ਨਵਾਂ ਖਾਤਾ"},"setup-info-name":{"placeholder":"ਤੁਹਾਡਾ ਨਾਂ"},"setup-info-email":{"placeholder":"someone@example.com"},"setup-info-password":{"placeholder":"ਪਾਸਵਰਡ"},"setup-info-next":{"_":"ਅੱਗੇ"},"setup-progress-wait-msg":{"_":"ਖਾਤਾ ਸੈਟਅੱਪ"},"setup-completed-header":{"_":"ਮੇਲ ਖਾਤਾ ਸੈਟਅੱਪ"},"setup-completed-label":{"_":"ਸਭ ਮੁਕੰਮਲ!"},"setup-add-another-account":{"_":"ਹੋਰ ਖਾਤਾ ਸ਼ਾਮਿਲ ਕਰੋ"},"setup-show-mail":{"_":"ਜਾਰੀ ਰੱਖੋ to Mail"},"setup-error-offline":{"_":"This device is currently offline. Connect to a network and try again."},"setup-error-bad-user-or-pass2":{"_":"Invalid username or password. Check for typos."},"setup-error-bad-address":{"_":"Invalid e-mail address. Check for typos."},"setup-error-not-authorized":{"_":"The server said you’re not authorized to create an account"},"setup-error-pop-server-not-great":{"_":"Server unsupported. The POP3 server does not implement required features."},"setup-error-unknown2":{"_":"An unknown error occurred. Check your network connection or try the manual configuration option."},"setup-error-needs-app-pass":{"_":"You must use an application specific password for two-factor Gmail accounts"},"setup-error-imap-disabled":{"_":"You must enable IMAP for your Gmail account"},"setup-error-pop3-disabled":{"_":"You must enable POP3 for your Gmail account"},"setup-error-bad-security":{"_":"Unable to establish a secure connection with \"{{server}}\". There may be a problem with your network or the server."},"setup-error-unresponsive-server":{"_":"Unable to establish a connection with \"{{server}}\". There may be a problem with the network."},"setup-error-server-problem":{"_":"There is a problem with the server \"{{server}}\". Try again later."},"setup-error-no-config-info":{"_":"Unable to automatically configure your account. Correct your e-mail address or try the manual configuration option."},"setup-error-server-maintenance":{"_":"The server \"{{server}}\" is offline for maintenance. Try again later."},"setup-error-account-already-exists":{"_":"ਇਹ ਖਾਤਾ ਪਹਿਲਾਂ ਹੀ ਸੰਰਚਿਤ ਹੈ।"},"setup-manual-config2":{"_":"ਦਸਤੀ ਸੈਟਅੱਪ"},"setup-manual-config-header":{"_":"ਦਸਤੀ ਸੈਟਅੱਪ"},"setup-manual-account-type":{"_":"ਖਾਤਾ ਕਿਸਮ"},"setup-manual-imap-header":{"_":"IMAP ਸੈਟਿੰਗ"},"setup-manual-pop3-header":{"_":"POP3 ਸੈਟਿੰਗ"},"setup-manual-smtp-header":{"_":"SMTP ਸੈਟਿੰਗ"},"setup-manual-activesync-header":{"_":"ActiveSync ਸੈਟਿੰਗ"},"setup-manual-next":{"_":"ਅੱਗੇ"},"setup-manual-socket":{"_":"Socket Type"},"setup-manual-socket-ssl":{"_":"SSL"},"setup-manual-socket-starttls":{"_":"STARTTLS"},"setup-manual-hostname":{"placeholder":"Hostname"},"setup-manual-port":{"placeholder":"ਪੋਰਟ ਨੰਬਰ"},"setup-manual-username":{"placeholder":"ਯੂਜ਼ਰ"},"setup-bad-password-header":{"_":"ਗਲਤ ਪਾਸਵਰਡ!"},"setup-bad-password":{"_":"We could not sign in to the server. Maybe your password is wrong?"},"setup-new-password":{"placeholder":"ਨਵਾਂ ਪਾਸਵਰਡ"},"setup-fix-password":{"_":"Retry with new password"},"setup-gmail-twofactor-header":{"_":"Two-Factor Enabled"},"setup-gmail-twofactor-message":{"_":"You need to enter an application-specific password below."},"setup-gmail-twofactor-fix":{"_":"Use application password"},"setup-gmail-imap-header":{"_":"IMAP Disabled"},"setup-gmail-imap-message":{"_":"You must enable IMAP on your Gmail account"},"setup-gmail-imap-retry":{"_":"ਮੁੜ-ਕੋਸ਼ਿਸ਼"},"setup-gmail-pop3-header":{"_":"POP3 Disabled"},"setup-gmail-pop3-message":{"_":"You must enable POP3 on your Gmail account"},"setup-gmail-pop3-retry":{"_":"ਮੁੜ-ਕੋਸ਼ਿਸ਼"},"settings-main-header":{"_":"ਮੇਲ ਸੈਟਿੰਗ"},"settings-sub-header-account":{"_":"ਖਾਤਾ"},"settings-account-name":{"_":"ਤੁਹਾਡਾ ਨਾਂ"},"settings-account-display-notifications":{"_":"ਨਵੇਂ ਸੁਨੇਹਿਆਂ ਲਈ ਸੂਚਨਾ ਵਿਖਾਓ"},"settings-sub-header-data":{"_":"ਡਾਟਾ"},"settings-account-check-mail":{"_":"ਨਵੇਂ ਸੁਨੇਹੇ ਲਈ ਜਾਂਚ ਕਰੋ"},"settings-sub-header-server":{"_":"ਸਰਵਰ ਸੈਟਿੰਗ"},"settings-account-userpass":{"_":"ਯੂਜ਼ਰ-ਨਾਂ ਅਤੇ ਪਾਸਵਰਡ"},"fld-account-picker-last-sync":{"_":"ਆਖਰੀ ਸਿੰਕ:"},"settings-done":{"_":"Done"},"settings-account-section":{"_":"ਖਾਤੇ"},"settings-account-add":{"_":"ਖਾਤਾ ਸ਼ਾਮਿਲ"},"settings-account-delete":{"_":"ਖਾਤਾ ਹਟਾਓ"},"settings-account-delete-prompt":{"_":"Are you sure you want to delete your {{account}} mail account? You will have to re-download your mail if you re-create the account."},"settings-account-delete-cancel":{"_":"ਰੱਦ ਕਰੋ"},"settings-account-delete-confirm":{"_":"ਹਟਾਓ"},"settings-about-section":{"_":"ਇਸ ਬਾਰੇ"},"settings-general-section":{"_":"ਆਮ ਸੈਟਿੰਗ"},"settings-check-mail":{"_":"ਮੇਲ ਚੈੱਕ ਕਰੋ"},"settings-show-images":{"_":"ਹਮੇਸ਼ਾ ਚਿੱਤਰ ਵੇਖਾਓ"},"settings-download-attachments":{"_":"ਨੱਥੀ ਡਾਊਨਲੋਡ ਕਰੋ"},"settings-notify-mail":{"_":"ਨਵੀਂ ਮੇਲ ਲਈ ਸੂਚਨਾ"},"settings-check-every-3min":{"_":"ਹਰ 3 ਮਿੰਟ"},"settings-check-every-5min":{"_":"ਹਰ 5 ਮਿੰਟ"},"settings-check-every-10min":{"_":"ਹਰ 10 ਮਿੰਟ"},"settings-check-every-15min":{"_":"ਹਰ 15 ਮਿੰਟ"},"settings-check-every-30min":{"_":"ਹਰ 30 ਮਿੰਟ"},"settings-check-every-60min":{"_":"ਹਰ ਘੰਟੇ"},"settings-check-every-manual":{"_":"ਦਸਤੀ"},"settings-check-dynamic":{"_":"{[ plural(n) ]}","_[zero]":"ਸਕਿੰਟ","_[one]":"{{ n }} ਸਕਿੰਟ","_[two]":"{{ n }} ਸਕਿੰਟ","_[few]":"{{ n }} ਸਕਿੰਟ","_[many]":"{{ n }} ਸਕਿੰਟ","_[other]":"{{ n }} ਸਕਿੰਟ"},"settings-default-account":{"_":"Set as default email"},"settings-account-type":{"_":"ਖਾਤਾ ਕਿਸਮ"},"settings-account-credentials":{"_":"ਸਨਦ"},"settings-activesync-label":{"_":"ActiveSync ਸੈਟਿੰਗ"},"settings-imap-label":{"_":"IMAP ਸੈਟਿੰਗ"},"settings-pop3-label":{"_":"POP3 ਸੈਟਿੰਗ"},"settings-smtp-label":{"_":"SMTP ਸੈਟਿੰਗ"},"settings-hostname":{"_":"Hostname"},"settings-port":{"_":"ਪੋਰਟ"},"settings-username":{"_":"ਯੂਜ਼ਰ-ਨਾਂ"},"settings-password":{"_":"ਪਾਸਵਰਡ"},"settings-save":{"_":"ਸੰਭਾਲੋ"},"settings-password-empty":{"_":"ਪਾਸਵਰਡ ਖੇਤਰ ਖਾਲੀ ਨਹੀਂ ਹੋ ਸਕਦਾ ਹੈ"},"settings-account-synchronize-window":{"_":"ਸਿੰਕ ਕਰਨ ਲਈ ਦਿਨ"},"settings-synchronize-auto":{"_":"ਆਟੋਮੈਟਿਕ"},"settings-synchronize-one-day":{"_":"1 ਦਿਨ"},"settings-synchronize-three-days":{"_":"3 ਦਿਨ"},"settings-synchronize-one-week":{"_":"1 ਹਫ਼ਤਾ"},"settings-synchronize-two-weeks":{"_":"2 ਹਫ਼ਤੇ"},"settings-synchronize-one-month":{"_":"1 ਮਹੀਨਾ"},"settings-synchronize-all":{"_":"ਸਭ ਸੁਨੇਹੇ"},"accounts-header":{"_":"ਖਾਤੇ"},"accounts-button":{"_":"ਖਾਤੇ"},"envelope-from":{"_":"ਵਲੋਂ"},"envelope-to":{"_":"ਵੱਲ"},"envelope-cc":{"_":"Cc"},"envelope-bcc":{"_":"Bcc"},"reader-header":{"_":"ਪੜ੍ਹੇ"},"compose-header":{"_":"ਸੁਨੇਹਾ ਲਿਖੋ"},"compose-header-short":{"_":"ਲਿਖੋ"},"compose-send":{"_":"ਭੇਜੋ"},"compose-to":{"_":"ਵੱਲ"},"compose-cc":{"_":"cc"},"compose-bcc":{"_":"bcc"},"compose-attachments":{"_":"{[ plural(n) ]}","_[zero]":"ਨੱਥੀ","_[one]":"{{ n }} ਨੱਥੀ","_[two]":"{{ n }} ਨੱਥੀ","_[few]":"{{ n }} ਨੱਥੀ","_[many]":"{{ n }} ਨੱਥੀ","_[other]":"{{ n }} ਨੱਥੀ"},"compose-subject":{"_":"ਵਿਸ਼ਾ"},"compose-draft-save":{"_":"ਲੋਕਲ ਫੋਲਡਰ ਵਿੱਚ ਸੰਭਾਲੋ"},"compose-discard-message":{"_":"Discard email?"},"compose-discard-confirm":{"_":"Discard"},"compose-sending-message":{"_":"ਈਮੇਲ ਭੇਜੀ ਜਾ ਰਹੀ ਹੈ"},"compose-send-message-failed":{"_":"Sending email failed"},"composer-attachment-large":{"_":"Attachment too large"},"composer-attachments-large":{"_":"Attachments too large"},"compose-attchment-size-exceeded":{"_":"The selected attachment is too large to send with this message."},"compose-attchments-size-exceeded":{"_":"The selected attachments are too large to send with this message. Try selecting fewer files."},"dialog-button-ok":{"_":"ਠੀਕ ਹੈ"},"default-attachment-filename":{"_":"ਨੱਥੀ{{ n }}"},"attachment-size-kib":{"_":"{{kilobytes}}K"},"message-attachment-view":{"textContent":"ਵੇਖੋ"},"message-no-subject":{"_":"(ਕੋਈ ਵਿਸ਼ਾ ਨਹੀਂ)"},"message-edit-menu-star":{"_":"Star"},"message-edit-menu-unstar":{"_":"Unstar"},"message-edit-menu-mark-read":{"_":"Mark as read"},"message-edit-menu-mark-unread":{"_":"Mark as unread"},"message-edit-menu-move":{"_":"ਭੇਜੋ"},"message-edit-menu-delete":{"_":"ਹਟਾਓ"},"message-edit-delete-confirm":{"_":"Delete email message?"},"message-send-attachment-disabled-confirm":{"_":"Attachments can not be forwarded."},"message-multiedit-header":{"_":"{[ plural(n) ]}","_[zero]":"ਸੋਧ","_[one]":"{{ n }} ਚੁਣੀ","_[two]":"{{ n }} ਚੁਣੀਆਂ","_[few]":"{{ n }} ਚੁਣੀਆਂ","_[many]":"{{ n }} ਚੁਣੀਆਂ","_[other]":"{{ n }} ਚੁਣੀਆਂ"},"browse-to-url-prompt":{"_":"Browse to URL?: {{ url }}"},"message-download-images":{"_":"{[ plural(n) ]}","_[one]":"ਇਸ ਈਮੇਲ ਵਿੱਚ ਇੱਕ ਚਿੱਤਰ ਹੈ। ਡਾਊਨਲੋਡ ਕਰਨ ਲਈ ਕਲਿੱਕ ਕਰੋ।","_[two]":"ਇਸ ਈਮੇਲ ਵਿੱਚ {{ n }} ਚਿੱਤਰ ਹਨ। ਡਾਊਨਲੋਡ ਕਰਨ ਲਈ ਕਲਿੱਕ ਕਰੋ।","_[few]":"ਇਸ ਈਮੇਲ ਵਿੱਚ {{ n }} ਚਿੱਤਰ ਹਨ। ਡਾਊਨਲੋਡ ਕਰਨ ਲਈ ਕਲਿੱਕ ਕਰੋ।","_[many]":"ਇਸ ਈਮੇਲ ਵਿੱਚ {{ n }} ਚਿੱਤਰ ਹਨ। ਡਾਊਨਲੋਡ ਕਰਨ ਲਈ ਕਲਿੱਕ ਕਰੋ।","_[other]":"ਇਸ ਈਮੇਲ ਵਿੱਚ {{ n }} ਚਿੱਤਰ ਹਨ। ਡਾਊਨਲੋਡ ਕਰਨ ਲਈ ਕਲਿੱਕ ਕਰੋ।"},"message-show-external-images":{"_":"Show external images"},"message-multiedit-cancel":{"_":"ਰੱਦ ਕਰੋ"},"message-multiedit-delete-confirm":{"_":"{[ plural(n) ]}","_[one]":"ਇਹ ਈਮੇਲ ਸੁਨੇਹਾ ਹਟਾਉਣਾ ਹੈ?","_[two]":"{{ n }} ਈਮੇਲ ਸੁਨੇਹੇ ਹਟਾਉਣੇ ਹਨ?","_[few]":"{{ n }} ਈਮੇਲ ਸੁਨੇਹੇ ਹਟਾਉਣੇ ਹਨ?","_[many]":"{{ n }} ਈਮੇਲ ਸੁਨੇਹੇ ਹਟਾਉਣੇ ਹਨ?","_[other]":"{{ n }} ਈਮੇਲ ਸੁਨੇਹੇ ਹਟਾਉਣੇ ਹਨ?"},"message-large-message-cancel":{"_":"ਰੱਦ ਕਰੋ"},"message-large-message-ok":{"_":"ਜਾਰੀ ਰੱਖੋ"},"message-large-message-confirm":{"_":"This message is large and may take some time to download."},"message-search-from":{"_":"ਵਲੋਂ"},"message-search-to":{"_":"ਵੱਲ"},"message-search-subject":{"_":"ਵਿਸ਼ਾ"},"message-search-body":{"_":"ਮੁੱਖ ਭਾਗ"},"message-search-all":{"_":"ਸਭ"},"message-search-input":{"placeholder":"ਮੇਲ ਖੋਜ"},"message-search-cancel-accessible":{"_":"ਖੋਜ ਰੱਦ ਕਰੋ"},"messages-syncing":{"_":"ਸੁਨੇਹੇ ਲੋਡ ਕੀਤੇ ਜਾ ਰਹੇ ਹਨ"},"messages-sync-more":{"_":"Load more messages from server"},"messages-folder-empty":{"_":"No mail in this Folder"},"messages-search-empty":{"_":"No matches in locally cached messages"},"messages-folder-select":{"_":"ਫੋਲਡਰ ਚੁਣੋ"},"message-contact-menu-create":{"_":"ਨਵਾਂ ਸੰਪਰਕ ਸੰਭਾਲੋ"},"message-contact-menu-add-existing":{"_":"ਮੌਜੂਦਾ ਸੰਪਰਕ ਵਿੱਚ ਜੋੜੋ"},"message-contact-menu-view":{"_":"ਸੰਪਰਕ ਵੇਖੋ"},"message-contact-menu-reply":{"_":"ਜਵਾਬ"},"message-contact-menu-new":{"_":"ਨਵੀਂ ਮੇਲ ਭੇਜੋ"},"message-reply-menu-reply":{"_":"ਜਵਾਬ"},"message-reply-menu-reply-all":{"_":"ਸਭ ਨੂੰ ਜਵਾਬ"},"message-reply-menu-forward":{"_":"ਅੱਗੇ ਭੇਜੋ"},"message-reply-menu-cancel":{"_":"ਰੱਦ ਕਰੋ"},"folder-list-header":{"_":"Folders"},"account-last-synced-label":{"_":"ਆਖਰੀ ਸਿੰਕ:"},"account-never-synced":{"_":"ਕਦੇ ਨਹੀਂ"},"reply-quoting-wrote":{"_":"{name} ਨੇ ਲਿਖਿਆ"},"forward-original-message":{"_":"ਅਸਲੀ ਸੁਨੇਹਾ"},"forward-header-subject":{"_":"ਵਿਸ਼ਾ"},"forward-header-date":{"_":"ਮਿਤੀ"},"forward-header-from":{"_":"ਵਲੋਂ"},"forward-header-reply-to":{"_":"Reply-To"},"forward-header-to":{"_":"ਵੱਲ"},"forward-header-cc":{"_":"Cc"},"folder-inbox":{"_":"ਇਨਬਾਕਸ"},"folder-sent":{"_":"ਭੇਜੇ"},"folder-drafts":{"_":"ਡਰਾਫਟ"},"folder-trash":{"_":"ਰੱਦੀ"},"folder-queue":{"_":"ਨਾ-ਭੇਜੇ"},"folder-junk":{"_":"ਜੰਕ"},"folder-archives":{"_":"ਅਕਾਇਵ"},"folder-localdrafts":{"_":"ਲੋਕਲ ਡਰਾਫ਼ਤ"},"toaster-undo":{"_":"ਵਾਪਿਸ ਕਰੋ"},"toaster-retry":{"_":"ਮੁੜ-ਕੋਸ਼ਿਸ਼"},"toaster-message-star":{"_":"{[ plural(n) ]}","_[one]":"1 message flag set","_[two]":"{{ n }} messages flag set","_[few]":"{{ n }} messages flag set","_[many]":"{{ n }} messages flag set","_[other]":"{{ n }} messages flag set"},"toaster-message-unstar":{"_":"{[ plural(n) ]}","_[one]":"1 message flag removed","_[two]":"{{ n }} messages flag removed","_[few]":"{{ n }} messages flag removed","_[many]":"{{ n }} messages flag removed","_[other]":"{{ n }} messages flag removed"},"toaster-message-read":{"_":"{[ plural(n) ]}","_[one]":"1 message marked as read","_[two]":"{{ n }} messages marked as read","_[few]":"{{ n }} messages marked as read","_[many]":"{{ n }} messages marked as read","_[other]":"{{ n }} messages marked as read"},"toaster-message-unread":{"_":"{[ plural(n) ]}","_[one]":"1 message marked as unread","_[two]":"{{ n }} messages marked as unread","_[few]":"{{ n }} messages marked as unread","_[many]":"{{ n }} messages marked as unread","_[other]":"{{ n }} messages marked as unread"},"toaster-message-move":{"_":"{[ plural(n) ]}","_[one]":"1 ਸੁਨੇਹੇ ਭੇਜਿਆ","_[two]":"{{ n }} ਸੁਨੇਹੇ ਭੇਜੇ","_[few]":"{{ n }} ਸੁਨੇਹੇ ਭੇਜੇ","_[many]":"{{ n }} ਸੁਨੇਹੇ ਭੇਜੇ","_[other]":"{{ n }} ਸੁਨੇਹੇ ਭੇਜੇ"},"toaster-message-delete":{"_":"{[ plural(n) ]}","_[one]":"1 ਸੁਨੇਹਾ ਹਟਾਇਆ","_[two]":"{{ n }} ਸੁਨੇਹੇ ਹਟਾਏ","_[few]":"{{ n }} ਸੁਨੇਹੇ ਹਟਾਏ","_[many]":"{{ n }} ਸੁਨੇਹੇ ਹਟਾਏ","_[other]":"{{ n }} ਸੁਨੇਹੇ ਹਟਾਏ"},"toaster-retryable-syncfailed":{"_":"Unable to connect to server"},"form-clear-input":{"_":"ਟੈਕਸਟ ਹਟਾਓ"},"confirm-dialog-title":{"_":"ਪੁਸ਼ਟੀ"},"senders-separation-sign":{"_":", "},"new-emails":{"_":"{[ plural(n) ]}","_[one]":"1 ਨਵੀਂ ਈਮੇਲ","_[two]":"{{ n }} ਨਵੀਆਂ ਈਮੇਲਾਂ","_[few]":"{{ n }} ਨਵੀਆਂ ਈਮੇਲਾਂ","_[many]":"{{ n }} ਨਵੀਆਂ ਈਮੇਲਾਂ","_[other]":"{{ n }} ਨਵੀਆਂ ਈਮੇਲਾਂ"},"new-emails-notify-one-account":{"_":"{[ plural(n) ]}","_[one]":"1 ਨਵੀਂ ਈਮੇਲ","_[two]":"{{ n }} ਨਵੀਆਂ ਈਮੇਲਾਂ","_[few]":"{{ n }} ਨਵੀਆਂ ਈਮੇਲਾਂ","_[many]":"{{ n }} ਨਵੀਆਂ ਈਮੇਲਾਂ","_[other]":"{{ n }} ਨਵੀਆਂ ਈਮੇਲਾਂ"},"new-emails-notify-multiple-accounts":{"_":"{[ plural(n) ]}","_[one]":"1 ਨਵੀਂ ਈਮੇਲ ({{ accountName }})","_[two]":"{{ n }} ਨਵੀਆਂ ਈਮੇਲਾਂ ({{ accountName }})","_[few]":"{{ n }} ਨਵੀਆਂ ਈਮੇਲਾਂ ({{ accountName }})","_[many]":"{{ n }} ਨਵੀਆਂ ਈਮੇਲਾਂ ({{ accountName }})","_[other]":"{{ n }} ਨਵੀਆਂ ਈਮੇਲਾਂ ({{ accountName }})"},"new-emails-notify-multiple-accounts-body":{"_":"{{ from }} “{{ subject }}”"},"weekday-0-long":{"_":"ਐਤਵਾਰ"},"weekday-1-long":{"_":"ਸੋਮਵਾਰ"},"weekday-2-long":{"_":"ਮੰਗਲਵਾਰ"},"weekday-3-long":{"_":"ਬੁੱਧਵਾਰ"},"weekday-4-long":{"_":"ਵੀਰਵਾਰ"},"weekday-5-long":{"_":"ਸ਼ੁੱਕਰਵਾਰ"},"weekday-6-long":{"_":"ਸ਼ਨਿੱਚਰਵਾਰ"},"weekday-0-short":{"_":"ਐਤ"},"weekday-1-short":{"_":"ਸੋਮ"},"weekday-2-short":{"_":"ਮੰਗਲ"},"weekday-3-short":{"_":"ਬੁੱਧ"},"weekday-4-short":{"_":"ਵੀਰ"},"weekday-5-short":{"_":"ਸ਼ੁੱਕਰ"},"weekday-6-short":{"_":"ਸ਼ਨਿੱ"},"month-0-long":{"_":"ਜਨਵਰੀ"},"month-1-long":{"_":"ਫਰਵਰੀ"},"month-2-long":{"_":"ਮਾਰਚ"},"month-3-long":{"_":"ਅਪਰੈਲ"},"month-4-long":{"_":"ਮਈ"},"month-5-long":{"_":"ਜੂਨ"},"month-6-long":{"_":"ਜੁਲਾਈ"},"month-7-long":{"_":"ਅਗਸਤ"},"month-8-long":{"_":"ਸਤੰਬਰ"},"month-9-long":{"_":"ਅਕਤੂਬਰ"},"month-10-long":{"_":"ਨਵੰਬਰ"},"month-11-long":{"_":"ਦਸੰਬਰ"},"month-0-genitive":{"_":"ਜਨਵਰੀ"},"month-1-genitive":{"_":"ਫਰਵਰੀ"},"month-2-genitive":{"_":"ਮਾਰਚ"},"month-3-genitive":{"_":"ਅਪਰੈਲ"},"month-4-genitive":{"_":"ਮਈ"},"month-5-genitive":{"_":"ਜੂਨ"},"month-6-genitive":{"_":"ਜੁਲਾਈ"},"month-7-genitive":{"_":"ਅਗਸਤ"},"month-8-genitive":{"_":"ਸਤੰਬਰ"},"month-9-genitive":{"_":"ਅਕਤੂਬਰ"},"month-10-genitive":{"_":"ਨਵੰਬਰ"},"month-11-genitive":{"_":"ਦਸੰਬਰ"},"month-0-short":{"_":"ਜਨ"},"month-1-short":{"_":"ਫਰ"},"month-2-short":{"_":"ਮਾਰ"},"month-3-short":{"_":"ਅਪ"},"month-4-short":{"_":"ਮਈ"},"month-5-short":{"_":"ਜੂਨ"},"month-6-short":{"_":"ਜੁਲਾ"},"month-7-short":{"_":"ਅਗ"},"month-8-short":{"_":"ਸਤੰ"},"month-9-short":{"_":"ਅਕਤੂ"},"month-10-short":{"_":"ਨਵੰ"},"month-11-short":{"_":"ਦਸੰ"},"minutes-ago-long":{"_":"{[ plural(value) ]}","_[zero]":"ਹੁਣੇ ਹੀਂ","_[one]":"ਮਿੰਟ ਕੁ ਪਹਿਲਾਂ","_[two]":"{{value}} ਮਿੰਟ ਪਹਿਲਾਂ","_[few]":"{{value}} ਮਿੰਟ ਪਹਿਲਾਂ","_[many]":"{{value}} ਮਿੰਟ ਪਹਿਲਾਂ","_[other]":"{{value}}  ਮਿੰਟ ਪਹਿਲਾਂ"},"hours-ago-long":{"_":"{[ plural(value) ]}","_[zero]":"ਹੁਣੇ ਹੀ","_[one]":"ਘੰਟਾ ਪਹਿਲਾਂ","_[two]":"{{value}} ਘੰਟੇ ਪਹਿਲਾਂ","_[few]":"{{value}} ਘੰਟੇ ਪਹਿਲਾਂ","_[many]":"{{value}} ਘੰਟੇ ਪਹਿਲਾਂ","_[other]":"{{value}} ਘੰਟੇ ਪਹਿਲਾਂ"},"days-ago-long":{"_":"{[ plural(value) ]}","_[zero]":"ਅੱਜ","_[one]":"ਕੱਲ੍ਹ","_[two]":"{{value}} ਦਿਨ ਪਹਿਲਾਂ","_[few]":"{{value}} ਦਿਨ ਪਹਿਲਾਂ","_[many]":"{{value}} ਦਿਨ ਪਹਿਲਾਂ","_[other]":"{{value}} ਦਿਨ ਪਹਿਲਾਂ"},"weeks-ago-long":{"_":"{[ plural(value) ]}","_[zero]":"ਇਹ ਹਫ਼ਤੇ","_[one]":"ਪਿਛਲੇ ਹਫ਼ਤੇ","_[two]":"{{value}} ਹਫ਼ਤੇ ਪਹਿਲਾਂ","_[few]":"{{value}} ਹਫ਼ਤੇ ਪਹਿਲਾਂ","_[many]":"{{value}} ਹਫ਼ਤੇ ਪਹਿਲਾਂ","_[other]":"{{value}} ਹਫ਼ਤੇ ਪਹਿਲਾਂ"},"months-ago-long":{"_":"{[ plural(value) ]}","_[zero]":"ਇਹ ਮਹੀਨੇ","_[one]":"ਪਿਛਲੇ ਮਹੀਨੇ","_[two]":"{{value}} ਮਹੀਨੇ ਪਹਿਲਾਂ","_[few]":"{{value}} ਮਹੀਨੇ ਪਹਿਲਾਂ","_[many]":"{{value}} ਮਹੀਨੇ ਪਹਿਲਾਂ","_[other]":"{{value}} ਮਹੀਨੇ ਪਹਿਲਾਂ"},"years-ago-long":{"_":"{[ plural(value) ]}","_[zero]":"ਇਹ ਸਾਲ","_[one]":"ਪਿਛਲੇ ਸਾਲ","_[two]":"{{value}} ਸਾਲ ਪਹਿਲਾਂ","_[few]":"{{value}} ਸਾਲ ਪਹਿਲਾਂ","_[many]":"{{value}} ਸਾਲ ਪਹਿਲਾਂ","_[other]":"{{value}} ਸਾਲ ਪਹਿਲਾਂ"},"minutes-until-long":{"_":"{[ plural(value) ]}","_[zero]":"ਹੁਣ","_[one]":"ਮਿੰਟ ਵਿੱਚ","_[two]":"{{value}} ਮਿੰਟਾਂ ਵਿੱਚ","_[few]":"{{value}} ਮਿੰਟਾਂ ਵਿੱਚ","_[many]":"{{value}} ਮਿੰਟਾਂ ਵਿੱਚ","_[other]":"{{value}} ਮਿੰਟਾਂ ਵਿੱਚ"},"hours-until-long":{"_":"{[ plural(value) ]}","_[zero]":"ਹੁਣ","_[one]":"ਇੱਕ ਘੰਟੇ ਵਿੱਚ","_[two]":"{{value}} ਘੰਟਿਆਂ ਵਿੱਚ","_[few]":"{{value}} ਘੰਟਿਆਂ ਵਿੱਚ","_[many]":"{{value}} ਘੰਟਿਆਂ ਵਿੱਚ","_[other]":"{{value}} ਘੰਟਿਆਂ ਵਿੱਚ"},"days-until-long":{"_":"{[ plural(value) ]}","_[zero]":"ਅੱਜ","_[one]":"ਭਲਕੇ","_[two]":"{{value}} ਦਿਨਾਂ ਵਿੱਚ","_[few]":"{{value}} ਦਿਨਾਂ ਵਿੱਚ","_[many]":"{{value}} ਦਿਨਾਂ ਵਿੱਚ","_[other]":"{{value}} ਦਿਨਾਂ ਵਿੱਚ"},"weeks-until-long":{"_":"{[ plural(value) ]}","_[zero]":"ਇਸ ਹਫ਼ਤੇ","_[one]":"ਅਗਲੇ ਹਫ਼ਤੇ","_[two]":"{{value}} ਹਫ਼ਤਿਆਂ ਵਿੱਚ","_[few]":"{{value}} ਹਫ਼ਤਿਆਂ ਵਿੱਚ","_[many]":"{{value}} ਹਫ਼ਤਿਆਂ ਵਿੱਚ","_[other]":"{{value}} ਹਫ਼ਤਿਆਂ ਵਿੱਚ"},"months-until-long":{"_":"{[ plural(value) ]}","_[zero]":"ਇਸ ਮਹੀਨੇ","_[one]":"ਅਗਲੇ ਮਹੀਨੇ","_[two]":"{{value}} ਮਹੀਨਿਆਂ ਵਿੱਚ","_[few]":"{{value}} ਮਹੀਨਿਆਂ ਵਿੱਚ","_[many]":"{{value}} ਮਹੀਨਿਆਂ ਵਿੱਚ","_[other]":"{{value}} ਮਹੀਨਿਆਂ ਵਿੱਚ"},"years-until-long":{"_":"{[ plural(value) ]}","_[zero]":"ਇਸ ਸਾਲ","_[one]":"ਅਗਲੇ ਸਾਲ","_[two]":"{{value}} ਸਾਲਾਂ ਵਿੱਚ","_[few]":"{{value}} ਸਾਲਾਂ ਵਿੱਚ","_[many]":"{{value}} ਸਾਲਾਂ ਵਿੱਚ","_[other]":"{{value}} ਸਾਲਾਂ ਵਿੱਚ"},"minutes-ago-short":{"_":"{[ plural(value) ]}","_[zero]":"ਹੁਣੇ ਹੀ","_[other]":"{{value}}ਮਿੰ ਪਹਿਲਾਂ"},"hours-ago-short":{"_":"{[ plural(value) ]}","_[zero]":"ਹੁਣੇ ਹੀਂ","_[other]":"{{value}}ਘੰ ਪਹਿਲਾਂ"},"days-ago-short":{"_":"{[ plural(value) ]}","_[zero]":"ਅੱਜ","_[other]":"{{value}}ਦਿ ਪਹਿਲਾਂ"},"minutes-until-short":{"_":"{[ plural(value) ]}","_[zero]":"ਹੁਣ","_[other]":"{{value}}ਮਿੰ ਵਿੱਚ"},"hours-until-short":{"_":"{[ plural(value) ]}","_[zero]":"ਹੁਣ","_[other]":"{{value}}ਘੰ ਵਿੱਚ"},"days-until-short":{"_":"{[ plural(value) ]}","_[zero]":"ਅੱਜ","_[other]":"{{value}}ਦਿ ਵਿੱਚ"},"incorrectDate":{"_":"(ਗਲਤ ਮਿਤੀ)"},"dateTimeFormat_%c":{"_":"%a %e %b  %Y %I:%M:%S %p"},"dateTimeFormat_%x":{"_":"%d/%m/%Y"},"dateTimeFormat_%X":{"_":"%I:%M:%S %p"},"shortTimeFormat":{"_":"%I:%M %p"},"shortDateTimeFormat":{"_":"%x %I:%M %p"},"weekStartsOnMonday":{"_":"1"},"time_am":{"_":"ਸਵੇਰੇ"},"time_pm":{"_":"ਸ਼ਾਮ"}}