{"setup-app-name-header":{"_":"Poczta"},"setup-empty-account-prompt":{"_":"Wysyłanie i odbieranie wiadomości e-mail wymaga konfiguracji. Zrobić to teraz?"},"setup-pick-service":{"_":"Aby wysyłać i odbierać wiadomości e-mail, należy skonfigurować konto."},"setup-account-header3":{"_":"Nowe konto"},"setup-info-name":{"placeholder":"Imię i nazwisko / pseudonim"},"setup-info-email":{"placeholder":"inazwisko@jakasdomena.pl"},"setup-info-password":{"placeholder":"Hasło"},"setup-info-next":{"_":"Dalej"},"setup-progress-wait-msg":{"_":"Konfigurowanie konta…"},"setup-completed-header":{"_":"Konfiguracja konta"},"setup-completed-label":{"_":"Wszystko przygotowane!"},"setup-add-another-account":{"_":"Dodaj kolejne konto"},"setup-show-mail":{"_":"Przejdź do poczty"},"setup-error-offline":{"_":"Urządzenie nie ma połączenia z Internetem. Połącz się z siecią i spróbuj ponownie."},"setup-error-bad-user-or-pass2":{"_":"Nieprawidłowa nazwa użytkownika lub hasło - może wkradła się literówka?"},"setup-error-bad-address":{"_":"Nieprawidłowy adres e-mail, sprawdź go pod kątem literówek."},"setup-error-not-authorized":{"_":"Serwer twierdzi, że nie masz uprawnień do tworzenia kont pocztowych"},"setup-error-pop-server-not-great":{"_":"Nieobsługiwany typ serwera. Serwer POP3 nie udostępnia wymaganych funkcji."},"setup-error-unknown2":{"_":"Wystąpił nieznany błąd. Sprawdź połączenie z siecią lub skorzystaj z ręcznej konfiguracji."},"setup-error-needs-app-pass":{"_":"Należy użyć hasła specyficznego dla danego programu dla kont Gmail z weryfikacją dwuetapową"},"setup-error-imap-disabled":{"_":"Należy włączyć IMAP w ustawieniach konta Gmail"},"setup-error-pop3-disabled":{"_":"Należy włączyć POP3 w ustawieniach konta Gmail"},"setup-error-bad-security":{"_":"Nie udało się nawiązać bezpiecznego połączenia z serwerem „{{server}}”. Może to być winą połączenia sieciowego lub serwera."},"setup-error-unresponsive-server":{"_":"Nie udało się nawiązać połączenia z serwerem „{{server}}”. Może to być winą połączenia sieciowego."},"setup-error-server-problem":{"_":"Serwer „{{server}}” ma problemy. Spróbuj ponownie później."},"setup-error-no-config-info":{"_":"Nie udało się automatycznie skonfigurować konta. Popraw adres e-mail lub skorzystaj z ręcznej konfiguracji."},"setup-error-server-maintenance":{"_":"Serwer „{{server}}” jest niedostępny z powodu konserwacji. Spróbuj ponownie później."},"setup-error-account-already-exists":{"_":"To konto już zostało dodane."},"setup-manual-config2":{"_":"Ręczna konfiguracja"},"setup-manual-config-header":{"_":"Zaawansowane"},"setup-manual-account-type":{"_":"Typ konta"},"setup-manual-imap-header":{"_":"Ustawienia IMAP"},"setup-manual-pop3-header":{"_":"Ustawienia POP3"},"setup-manual-smtp-header":{"_":"Ustawienia SMTP"},"setup-manual-activesync-header":{"_":"Ustawienia ActiveSync"},"setup-manual-next":{"_":"Dalej"},"setup-manual-socket":{"_":"Typ połączenia"},"setup-manual-socket-ssl":{"_":"SSL"},"setup-manual-socket-starttls":{"_":"STARTTLS"},"setup-manual-hostname":{"placeholder":"Adres serwera"},"setup-manual-port":{"placeholder":"Numer portu"},"setup-manual-username":{"placeholder":"Nazwa użytkownika"},"setup-bad-password-header":{"_":"Nieprawidłowe hasło!"},"setup-bad-password":{"_":"Nie można było zalogować się na serwerze - może hasło jest nieprawidłowe?"},"setup-new-password":{"placeholder":"Nowe hasło"},"setup-fix-password":{"_":"Spróbuj z nowym hasłem"},"setup-gmail-twofactor-header":{"_":"Włączona weryfikacja dwuetapowa"},"setup-gmail-twofactor-message":{"_":"Poniżej należy wprowadzić hasło specyficzne dla aplikacji."},"setup-gmail-twofactor-fix":{"_":"Użyj hasła aplikacji"},"setup-gmail-imap-header":{"_":"Wyłączony protokół IMAP"},"setup-gmail-imap-message":{"_":"Należy włączyć IMAP w ustawieniach konta Gmail"},"setup-gmail-imap-retry":{"_":"Ponów"},"setup-gmail-pop3-header":{"_":"Wyłączony protokół POP3"},"setup-gmail-pop3-message":{"_":"Należy włączyć POP3 w ustawieniach konta Gmail"},"setup-gmail-pop3-retry":{"_":"Ponów"},"settings-main-header":{"_":"Ustawienia"},"settings-sub-header-account":{"_":"Konto"},"settings-account-name":{"_":"Nazwa nadawcy"},"settings-account-display-notifications":{"_":"Wyświetlaj powiadomienia o nowych wiadomościach"},"settings-sub-header-data":{"_":"Dane"},"settings-account-check-mail":{"_":"Sprawdzaj nową pocztę"},"settings-sub-header-server":{"_":"Ustawienia serwera"},"settings-account-userpass":{"_":"Nazwa użytkownika i hasło"},"fld-account-picker-last-sync":{"_":"Ostatnia synchronizacja:"},"settings-done":{"_":"Gotowe"},"settings-account-section":{"_":"Konta"},"settings-account-add":{"_":"Dodaj konto"},"settings-account-delete":{"_":"Usuń konto"},"settings-account-delete-prompt":{"_":"Czy na pewno usunąć konto pocztowe „{{account}}”? Wszystkie wiadomości trzeba będzie pobrać ponownie w przypadku jego ponownej konfiguracji."},"settings-account-delete-cancel":{"_":"Anuluj"},"settings-account-delete-confirm":{"_":"Usuń"},"settings-about-section":{"_":"O …"},"settings-general-section":{"_":"Ogólne ustawienia"},"settings-check-mail":{"_":"Sprawdzaj pocztę"},"settings-show-images":{"_":"Wyświetlaj obrazki"},"settings-download-attachments":{"_":"Pobieraj załączniki"},"settings-notify-mail":{"_":"Powiadamiaj o nowych wiadomościach"},"settings-check-every-3min":{"_":"Co 3 minuty"},"settings-check-every-5min":{"_":"Co 5 minut"},"settings-check-every-10min":{"_":"Co 10 minut"},"settings-check-every-15min":{"_":"Co 15 minut"},"settings-check-every-30min":{"_":"Co 30 minut"},"settings-check-every-60min":{"_":"Co godzinę"},"settings-check-every-manual":{"_":"Ręcznie"},"settings-check-dynamic":{"_":"{[plural(n)]}","_[zero]":"sekund","_[one]":"{{n}} sekunda","_[two]":"{{n}} sekundy","_[few]":"{{n}} sekundy","_[many]":"{{n}} sekund","_[other]":"{{ n }} seconds"},"settings-default-account":{"_":"Domyślne konto"},"settings-account-type":{"_":"Typ konta"},"settings-account-credentials":{"_":"Dane konta"},"settings-activesync-label":{"_":"Ustawienia ActiveSync"},"settings-imap-label":{"_":"Ustawienia IMAP"},"settings-pop3-label":{"_":"Ustawienia POP3"},"settings-smtp-label":{"_":"Ustawienia SMTP"},"settings-hostname":{"_":"Nazwa hosta"},"settings-port":{"_":"Port"},"settings-username":{"_":"Nazwa użytkownika"},"settings-password":{"_":"Hasło"},"settings-save":{"_":"Zapisz"},"settings-password-empty":{"_":"Pole hasła nie powinno być puste!"},"settings-account-synchronize-window":{"_":"Dni do synchronizacji"},"settings-synchronize-auto":{"_":"automatycznie"},"settings-synchronize-one-day":{"_":"ostatni dzień"},"settings-synchronize-three-days":{"_":"ostatnie 3 dni"},"settings-synchronize-one-week":{"_":"ostatni tydzień"},"settings-synchronize-two-weeks":{"_":"ostatnie 2 tygodnie"},"settings-synchronize-one-month":{"_":"ostatni miesiąc"},"settings-synchronize-all":{"_":"wszystkie wiadomości"},"accounts-header":{"_":"Konta"},"accounts-button":{"_":"Konta"},"envelope-from":{"_":"Od"},"envelope-to":{"_":"Do"},"envelope-cc":{"_":"Kopia"},"envelope-bcc":{"_":"Ukryta kopia"},"reader-header":{"_":"Wiadomość"},"compose-header":{"_":"Utwórz wiadomość"},"compose-header-short":{"_":"Utwórz"},"compose-send":{"_":"Wyślij"},"compose-to":{"_":"Do"},"compose-cc":{"_":"Kopia"},"compose-bcc":{"_":"Ukryta kopia"},"compose-attachments":{"_":"{[plural(n)]}","_[zero]":"Załączniki","_[one]":"{{n}} załącznik","_[two]":"{{n}} załączniki","_[few]":"{{n}} załączniki","_[many]":"{{n}} załączników","_[other]":"{{n}} załączników"},"compose-subject":{"_":"Temat"},"compose-draft-save":{"_":"Zapisz w Szkice lokalne"},"compose-discard-message":{"_":"Porzucić wiadomość?"},"compose-discard-confirm":{"_":"Porzuć"},"compose-sending-message":{"_":"Wysyłanie wiadomości"},"compose-send-message-failed":{"_":"Wysyłanie wiadomości nie powiodło się"},"composer-attachment-large":{"_":"Za duży załącznik"},"composer-attachments-large":{"_":"Za duże załączniki"},"compose-attchment-size-exceeded":{"_":"Wybrany załącznik jest zbyt duży, aby wysłać go z tą wiadomością."},"compose-attchments-size-exceeded":{"_":"Wybrane załączniki są zbyt duże, aby wysłać je z tą wiadomością. Spróbuj zaznaczyć mniej plików."},"dialog-button-ok":{"_":"OK"},"default-attachment-filename":{"_":"plik{{n}}"},"attachment-size-kib":{"_":"{{kilobytes}}KB"},"message-attachment-view":{"textContent":"Wyświetl"},"message-no-subject":{"_":"(brak tematu)"},"message-edit-menu-star":{"_":"Oznacz gwiazdką"},"message-edit-menu-unstar":{"_":"Usuń oznaczenie gwiazdką"},"message-edit-menu-mark-read":{"_":"Oznacz jako przeczytaną"},"message-edit-menu-mark-unread":{"_":"Oznacz jako nieprzeczytaną"},"message-edit-menu-move":{"_":"Przenieś"},"message-edit-menu-delete":{"_":"Usuń"},"message-edit-delete-confirm":{"_":"Usunąć wiadomość?"},"message-send-attachment-disabled-confirm":{"_":"Załączniki nie mogą być przekazywane."},"message-multiedit-header":{"_":"{[plural(n)]}","_[zero]":"Edytuj","_[one]":"{{n}} zaznaczona","_[two]":"{{n}} zaznaczone","_[few]":"{{n}} zaznaczone","_[many]":"{{n}} zaznaczonych","_[other]":"{{n}} zaznaczonych"},"browse-to-url-prompt":{"_":"Przejść do adresu: {{url}}?"},"message-download-images":{"_":"{[plural(n)]}","_[one]":"Ta wiadomość zawiera jeden obrazek. Pobierz","_[two]":"Ta wiadomość zawiera {{n}} obrazki. Pobierz","_[few]":"Ta wiadomość zawiera {{n}} obrazki. Pobierz","_[many]":"Ta wiadomość zawiera {{n}} obrazków. Pobierz","_[other]":"This email contains {{ n }} images. Click to download."},"message-show-external-images":{"_":"Wyświetl zewnętrzne obrazki"},"message-multiedit-cancel":{"_":"Anuluj"},"message-multiedit-delete-confirm":{"_":"{[plural(n)]}","_[one]":"Usunąć tę wiadomość?","_[two]":"Usunąć {{n}} wiadomości?","_[few]":"Usunąć {{n}} wiadomości?","_[many]":"Usunąć {{n}} wiadomości?","_[other]":"Usunąć {{n}} wiadomości?"},"message-large-message-cancel":{"_":"Anuluj"},"message-large-message-ok":{"_":"Kontynuuj"},"message-large-message-confirm":{"_":"Wiadomość jest duża i pobranie jej może chwilę zająć."},"message-search-from":{"_":"Od"},"message-search-to":{"_":"Do"},"message-search-subject":{"_":"Temat"},"message-search-body":{"_":"Treść"},"message-search-all":{"_":"Całość"},"message-search-input":{"placeholder":"Wyszukaj wiadomości"},"message-search-cancel-accessible":{"_":"anuluj wyszukiwanie"},"messages-syncing":{"_":"Wczytywanie wiadomości"},"messages-sync-more":{"_":"Wczytaj więcej wiadomości z serwera"},"messages-folder-empty":{"_":"Brak wiadomości w tym folderze"},"messages-search-empty":{"_":"Brak pasujących lokalnie pobranych wiadomości"},"messages-folder-select":{"_":"Wybierz folder"},"message-contact-menu-create":{"_":"Utwórz nowy kontakt"},"message-contact-menu-add-existing":{"_":"Dodaj do istniejącego kontaktu"},"message-contact-menu-view":{"_":"Wyświetl kontakt"},"message-contact-menu-reply":{"_":"Odpowiedz"},"message-contact-menu-new":{"_":"Wyślij nową wiadomość"},"message-reply-menu-reply":{"_":"Odpowiedz"},"message-reply-menu-reply-all":{"_":"Odp. wszystkim"},"message-reply-menu-forward":{"_":"Przekaż"},"message-reply-menu-cancel":{"_":"Anuluj"},"folder-list-header":{"_":"Foldery"},"account-last-synced-label":{"_":"Ostatnia synchronizacja:"},"account-never-synced":{"_":"nigdy"},"reply-quoting-wrote":{"_":"{name} pisze"},"forward-original-message":{"_":"Oryginalna wiadomość"},"forward-header-subject":{"_":"Temat"},"forward-header-date":{"_":"Data"},"forward-header-from":{"_":"Od"},"forward-header-reply-to":{"_":"Odpowiedź-do"},"forward-header-to":{"_":"Do"},"forward-header-cc":{"_":"Kopia"},"folder-inbox":{"_":"Odebrane"},"folder-sent":{"_":"Wysłane"},"folder-drafts":{"_":"Szkice"},"folder-trash":{"_":"Kosz"},"folder-queue":{"_":"Niewysłane"},"folder-junk":{"_":"Niechciane"},"folder-archives":{"_":"Archiwum"},"folder-localdrafts":{"_":"Szkice lokalne"},"toaster-undo":{"_":"Cofnij"},"toaster-retry":{"_":"Spróbuj ponownie"},"toaster-message-star":{"_":"{[plural(n)]}","_[one]":"Ustawiono flagę wiadomości","_[two]":"Ustawiono {{n}} flagi wiadomości","_[few]":"Ustawiono {{n}} flagi wiadomości","_[many]":"Ustawiono {{n}} flag wiadomości","_[other]":"Ustawiono {{n}} flagi wiadomości"},"toaster-message-unstar":{"_":"{[plural(n)]}","_[one]":"Usunięto flagę wiadomości","_[two]":"Usunięto {{n}} flagi wiadomości","_[few]":"Usunięto {{n}} flagi wiadomości","_[many]":"Usunięto {{n}} flag wiadomości","_[other]":"Usunięto {{n}} flagi wiadomości"},"toaster-message-read":{"_":"{[plural(n)]}","_[one]":"Wiadomość oznaczona jako przeczytana","_[two]":"{{n}} wiadomości oznaczone jako przeczytane","_[few]":"{{n}} wiadomości oznaczone jako przeczytane","_[many]":"{{n}} wiadomości oznaczonych jako przeczytane","_[other]":"{{n}} wiadomości oznaczone jako przeczytane"},"toaster-message-unread":{"_":"{[plural(n)]}","_[one]":"Wiadomość oznaczona jako nieprzeczytana","_[two]":"{{n}} wiadomości oznaczone jako nieprzeczytane","_[few]":"{{n}} wiadomości oznaczone jako nieprzeczytane","_[many]":"{{n}} wiadomości oznaczonych jako nieprzeczytane","_[other]":"{{n}} wiadomości oznaczone jako nieprzeczytane"},"toaster-message-move":{"_":"{[plural(n)]}","_[one]":"Przeniesiono wiadomość","_[two]":"Przeniesiono {{n}} wiadomości","_[few]":"Przeniesiono {{n}} wiadomości","_[many]":"Przeniesiono {{n}} wiadomości","_[other]":"Przeniesiono {{n}} wiadomości"},"toaster-message-delete":{"_":"{[plural(n)]}","_[one]":"Usunięto wiadomość","_[two]":"Usunięto {{n}} wiadomości","_[few]":"Usunięto {{n}} wiadomości","_[many]":"Usunięto {{n}} wiadomości","_[other]":"Usunięto {{n}} wiadomości"},"toaster-retryable-syncfailed":{"_":"Nie można było połączyć się z serwerem"},"form-clear-input":{"_":"Wyczyść tekst"},"confirm-dialog-title":{"_":"Potwierdzenie"},"senders-separation-sign":{"_":","},"new-emails":{"_":"{[plural(n)]}","_[one]":"Nowa wiadomość","_[two]":"Dwie nowe wiadomości","_[few]":"{{n}} nowe wiadomości","_[many]":"{{n}} nowych wiadomości","_[other]":"{{ n }} New Emails"},"new-emails-notify-one-account":{"_":"{[plural(n)]}","_[one]":"Nowa wiadomość","_[two]":"{{n}} nowe wiadomości","_[few]":"{{n}} nowe wiadomości","_[many]":"{{n}} nowych wiadomości","_[other]":"{{ n }} New Emails"},"new-emails-notify-multiple-accounts":{"_":"{[plural(n)]}","_[one]":"Nowa wiadomość - {{accountName}}","_[two]":"{{n}} nowe wiadomości - {{accountName}}","_[few]":"{{n}} nowe wiadomości - {{accountName}}","_[many]":"{{n}} nowych wiadomości - {{accountName}}","_[other]":"{{ n }} New Emails ({{ accountName }})"},"new-emails-notify-multiple-accounts-body":{"_":"{{from}} „{{subject}}”"},"weekday-0-long":{"_":"Niedziela"},"weekday-1-long":{"_":"Poniedziałek"},"weekday-2-long":{"_":"Wtorek"},"weekday-3-long":{"_":"Środa"},"weekday-4-long":{"_":"Czwartek"},"weekday-5-long":{"_":"Piątek"},"weekday-6-long":{"_":"Sobota"},"weekday-0-short":{"_":"Nd"},"weekday-1-short":{"_":"Pn"},"weekday-2-short":{"_":"Wt"},"weekday-3-short":{"_":"Śr"},"weekday-4-short":{"_":"Cz"},"weekday-5-short":{"_":"Pt"},"weekday-6-short":{"_":"Sb"},"month-0-long":{"_":"Styczeń"},"month-1-long":{"_":"Luty"},"month-2-long":{"_":"Marzec"},"month-3-long":{"_":"Kwiecień"},"month-4-long":{"_":"Maj"},"month-5-long":{"_":"Czerwiec"},"month-6-long":{"_":"Lipiec"},"month-7-long":{"_":"Sierpień"},"month-8-long":{"_":"Wrzesień"},"month-9-long":{"_":"Październik"},"month-10-long":{"_":"Listopad"},"month-11-long":{"_":"Grudzień"},"month-0-genitive":{"_":"stycznia"},"month-1-genitive":{"_":"lutego"},"month-2-genitive":{"_":"marca"},"month-3-genitive":{"_":"kwietnia"},"month-4-genitive":{"_":"maja"},"month-5-genitive":{"_":"czerwca"},"month-6-genitive":{"_":"lipca"},"month-7-genitive":{"_":"sierpnia"},"month-8-genitive":{"_":"września"},"month-9-genitive":{"_":"października"},"month-10-genitive":{"_":"listopada"},"month-11-genitive":{"_":"grudnia"},"month-0-short":{"_":"sty"},"month-1-short":{"_":"lut"},"month-2-short":{"_":"mar"},"month-3-short":{"_":"kwi"},"month-4-short":{"_":"maj"},"month-5-short":{"_":"cze"},"month-6-short":{"_":"lip"},"month-7-short":{"_":"sie"},"month-8-short":{"_":"wrz"},"month-9-short":{"_":"paź"},"month-10-short":{"_":"lis"},"month-11-short":{"_":"gru"},"minutes-ago-long":{"_":"{[plural(value)]}","_[zero]":"w tym momencie","_[one]":"przed minutą","_[two]":"dwie minuty temu","_[few]":"{{value}} minuty temu","_[many]":"{{value}} minut temu","_[other]":"{{value}} minut temu"},"hours-ago-long":{"_":"{[plural(value)]}","_[zero]":"w tej godzinie","_[one]":"godzinę temu","_[two]":"dwie godziny temu","_[few]":"{{value}} godziny temu","_[many]":"{{value}} godzin temu","_[other]":"{{value}} godzin temu"},"days-ago-long":{"_":"{[plural(value)]}","_[zero]":"dzisiaj","_[one]":"wczoraj","_[two]":"przedwczoraj","_[few]":"{{value}} dni temu","_[many]":"{{value}} dni temu","_[other]":"{{value}} dni temu"},"weeks-ago-long":{"_":"{[plural(value)]}","_[zero]":"w tym tygodniu","_[one]":"w zeszłym tygodniu","_[two]":"dwa tygodnie temu","_[few]":"{{value}} tygodnie temu","_[many]":"{{value}} tygodni temu","_[other]":"{{value}} tygodni temu"},"months-ago-long":{"_":"{[plural(value)]}","_[zero]":"w tym miesiącu","_[one]":"w zeszłym miesiącu","_[two]":"dwa miesiące temu","_[few]":"{{value}} miesiące temu","_[many]":"{{value}} miesięcy temu","_[other]":"{{value}} miesięcy temu"},"years-ago-long":{"_":"{[plural(value)]}","_[zero]":"w tym roku","_[one]":"w zeszłym roku","_[two]":"dwa lata temu","_[few]":"{{value}} lata temu","_[many]":"{{value}} lat temu","_[other]":"{{value}} lat temu"},"minutes-until-long":{"_":"{[plural(value)]}","_[zero]":"teraz","_[one]":"za minutę","_[two]":"za dwie minuty","_[few]":"za {{value}} minuty","_[many]":"za {{value}} minut","_[other]":"za {{value}} minut"},"hours-until-long":{"_":"{[plural(value)]}","_[zero]":"teraz","_[one]":"za godzinę","_[two]":"za dwie godziny","_[few]":"za {{value}} godziny","_[many]":"za {{value}} godzin","_[other]":"za {{value}} godzin"},"days-until-long":{"_":"{[plural(value)]}","_[zero]":"dzisiaj","_[one]":"jutro","_[two]":"za dwa dni","_[few]":"za {{value}} dni","_[many]":"za {{value}} dni","_[other]":"za {{value}} dni"},"weeks-until-long":{"_":"{[plural(value)]}","_[zero]":"w tym tygodniu","_[one]":"w przyszłym tygodniu","_[two]":"za dwa tygodnie","_[few]":"za {{value}} tygodnie","_[many]":"za {{value}} tygodni","_[other]":"za {{value}} tygodni"},"months-until-long":{"_":"{[plural(value)]}","_[zero]":"w tym miesiącu","_[one]":"w przyszłym miesiącu","_[two]":"za dwa miesiące","_[few]":"za {{value}} miesiące","_[many]":"za {{value}} miesięcy","_[other]":"za {{value}} miesięcy"},"years-until-long":{"_":"{[plural(value)]}","_[zero]":"w tym roku","_[one]":"w przyszłym roku","_[two]":"za dwa lata","_[few]":"za {{value}} lata","_[many]":"za {{value}} lat","_[other]":"za {{value}} lat"},"minutes-ago-short":{"_":"{[plural(value)]}","_[zero]":"teraz","_[other]":"{{value}} min temu"},"hours-ago-short":{"_":"{[plural(value)]}","_[zero]":"teraz","_[other]":"{{value}} godz. temu"},"days-ago-short":{"_":"{[plural(value)]}","_[zero]":"dzisiaj","_[other]":"{{value}} dni temu"},"minutes-until-short":{"_":"{[plural(value)]}","_[zero]":"teraz","_[other]":"za {{value}} min"},"hours-until-short":{"_":"{[plural(value)]}","_[zero]":"teraz","_[other]":"za {{value}} godz."},"days-until-short":{"_":"{[plural(value)]}","_[zero]":"dzisiaj","_[other]":"za {{value}} dni"},"incorrectDate":{"_":"(nieprawidłowa data)"},"dateTimeFormat_%c":{"_":"%a, %e %b %Y, %H:%M:%S"},"dateTimeFormat_%x":{"_":"%e.%m.%Y"},"dateTimeFormat_%X":{"_":"%H:%M:%S"},"shortTimeFormat":{"_":"%H:%M"},"shortDateTimeFormat":{"_":"%x %H:%M"},"weekStartsOnMonday":{"_":"1"},"time_am":{"_":"AM"},"time_pm":{"_":"PM"}}