{"setup-app-name-header":{"_":"E-mail"},"setup-empty-account-prompt":{"_":"Você ainda não está pronto para enviar ou receber e-mails. Gostaria de resolver isso agora?"},"setup-pick-service":{"_":"Para enviar e receber e-mails, você precisa configurar uma conta."},"setup-account-header3":{"_":"Nova conta"},"setup-info-name":{"placeholder":"Seu nome"},"setup-info-email":{"placeholder":"e-mail@exemplo.com"},"setup-info-password":{"placeholder":"Senha"},"setup-info-next":{"_":"Avançar"},"setup-progress-wait-msg":{"_":"Configurando sua conta"},"setup-completed-header":{"_":"Configuração de e-mail"},"setup-completed-label":{"_":"Tudo pronto!"},"setup-add-another-account":{"_":"Adicionar outra conta"},"setup-show-mail":{"_":"Ver minhas mensagens"},"setup-error-offline":{"_":"Este aparelho está desconectado. Conecte-se a uma rede e tente novamente."},"setup-error-bad-user-or-pass2":{"_":"Nome de usuário ou senha inválido."},"setup-error-bad-address":{"_":"Invalid e-mail address. Check for typos."},"setup-error-not-authorized":{"_":"O servidor informou que você não está autorizado a criar uma conta"},"setup-error-pop-server-not-great":{"_":"Servidor não suportado. O servidor POP3 não possui as funções necessárias."},"setup-error-unknown2":{"_":"Ocorreu um erro desconhecido. Verifique sua conexão de rede ou tente a configuração manual."},"setup-error-needs-app-pass":{"_":"Você deve usar uma senha específica para aplicativos em contas Gmail com verificação dupla"},"setup-error-imap-disabled":{"_":"Você deve ativar o protocolo IMAP da sua conta Gmail"},"setup-error-pop3-disabled":{"_":"Você deve ativar o protocolo POP3 da sua conta Gmail"},"setup-error-bad-security":{"_":"Não foi possível estabelecer uma conexão segura com \"{{server}}\". Pode haver um problema na sua rede ou no servidor."},"setup-error-unresponsive-server":{"_":"Não foi possível estabelecer uma conexão com \"{{server}}\". Pode haver um problema na sua rede."},"setup-error-server-problem":{"_":"Há um problema no servidor \"{{server}}\". Tente novamente mais tarde."},"setup-error-no-config-info":{"_":"Não foi possível configurar automaticamente sua conta. Corrija seu endereço de e-mail ou tente a configuração manual."},"setup-error-server-maintenance":{"_":"O servidor \"{{server}}\" está em manutenção. Tente novamente mais tarde."},"setup-error-account-already-exists":{"_":"Esta conta já está configurada."},"setup-manual-config2":{"_":"Configuração manual"},"setup-manual-config-header":{"_":"Configuração manual"},"setup-manual-account-type":{"_":"Tipo de conta"},"setup-manual-imap-header":{"_":"Configurações IMAP"},"setup-manual-pop3-header":{"_":"Configurações POP3"},"setup-manual-smtp-header":{"_":"Configurações SMTP"},"setup-manual-activesync-header":{"_":"Configurações ActiveSync"},"setup-manual-next":{"_":"Avançar"},"setup-manual-socket":{"_":"Tipo de socket"},"setup-manual-socket-ssl":{"_":"SSL"},"setup-manual-socket-starttls":{"_":"STARTTLS"},"setup-manual-hostname":{"placeholder":"Endereço"},"setup-manual-port":{"placeholder":"Número da porta"},"setup-manual-username":{"placeholder":"Nome de usuário"},"setup-bad-password-header":{"_":"Senha incorreta!"},"setup-bad-password":{"_":"Não foi possível acessar seu servidor. Você digitou a senha correta?"},"setup-new-password":{"placeholder":"Nova senha"},"setup-fix-password":{"_":"Tentar com nova senha"},"setup-gmail-twofactor-header":{"_":"Verificação dupla ativada"},"setup-gmail-twofactor-message":{"_":"Você deve inserir uma senha específica para os aplicativos abaixo."},"setup-gmail-twofactor-fix":{"_":"Usar senha de aplicativos"},"setup-gmail-imap-header":{"_":"IMAP desativado"},"setup-gmail-imap-message":{"_":"Você deve ativar o protocolo IMAP da sua conta Gmail"},"setup-gmail-imap-retry":{"_":"Tentar novamente"},"setup-gmail-pop3-header":{"_":"POP3 desativado"},"setup-gmail-pop3-message":{"_":"Você deve ativar o protocolo POP3 da sua conta Gmail"},"setup-gmail-pop3-retry":{"_":"Tentar novamente"},"settings-main-header":{"_":"Configurações"},"settings-sub-header-account":{"_":"Conta"},"settings-account-name":{"_":"Seu nome"},"settings-account-display-notifications":{"_":"Mostrar notificações para novas mensagens"},"settings-sub-header-data":{"_":"Dados"},"settings-account-check-mail":{"_":"Checar atualizações"},"settings-sub-header-server":{"_":"Configurações do servidor"},"settings-account-userpass":{"_":"Usuário e senha"},"fld-account-picker-last-sync":{"_":"Última sincronização:"},"settings-done":{"_":"Concluído"},"settings-account-section":{"_":"Contas"},"settings-account-add":{"_":"Adicionar conta"},"settings-account-delete":{"_":"Apagar conta"},"settings-account-delete-prompt":{"_":"Tem certeza de que deseja apagar sua conta {{account}}? Você terá que baixar suas mensagens novamente caso queira reconfigurá-la."},"settings-account-delete-cancel":{"_":"Cancelar"},"settings-account-delete-confirm":{"_":"Apagar"},"settings-about-section":{"_":"Sobre"},"settings-general-section":{"_":"Configurações gerais"},"settings-check-mail":{"_":"Verificar mensagens"},"settings-show-images":{"_":"Sempre exibir imagens"},"settings-download-attachments":{"_":"Baixar anexos"},"settings-notify-mail":{"_":"Notificar novas mensagens"},"settings-check-every-3min":{"_":"A cada 3 minutos"},"settings-check-every-5min":{"_":"A cada 5 minutos"},"settings-check-every-10min":{"_":"A cada 10 minutos"},"settings-check-every-15min":{"_":"A cada 15 minutos"},"settings-check-every-30min":{"_":"A cada 30 minutos"},"settings-check-every-60min":{"_":"A cada hora"},"settings-check-every-manual":{"_":"Manualmente"},"settings-check-dynamic":{"_":"{[ plural(n) ]}","_[zero]":"segundos","_[one]":"{{ n }} segundo","_[two]":"{{ n }} segundos","_[few]":"{{ n }} segundos","_[many]":"{{ n }} segundos","_[other]":"{{ n }} segundos"},"settings-default-account":{"_":"Conta padrão"},"settings-account-type":{"_":"Tipo de conta"},"settings-account-credentials":{"_":"Dados de acesso"},"settings-activesync-label":{"_":"Configurações ActiveSync"},"settings-imap-label":{"_":"Configurações IMAP"},"settings-pop3-label":{"_":"Configurações POP3"},"settings-smtp-label":{"_":"Configurações SMTP"},"settings-hostname":{"_":"Endereço"},"settings-port":{"_":"Porta"},"settings-username":{"_":"Nome de usuário"},"settings-password":{"_":"Senha"},"settings-save":{"_":"Salvar"},"settings-password-empty":{"_":"A senha não deve ficar em branco"},"settings-account-synchronize-window":{"_":"Número de dias sincronizados"},"settings-synchronize-auto":{"_":"Automática"},"settings-synchronize-one-day":{"_":"1 dia"},"settings-synchronize-three-days":{"_":"3 dias"},"settings-synchronize-one-week":{"_":"1 semana"},"settings-synchronize-two-weeks":{"_":"2 semanas"},"settings-synchronize-one-month":{"_":"1 mês"},"settings-synchronize-all":{"_":"Todas as mensagens"},"accounts-header":{"_":"Contas"},"accounts-button":{"_":"Contas"},"envelope-from":{"_":"De"},"envelope-to":{"_":"Para"},"envelope-cc":{"_":"Cc"},"envelope-bcc":{"_":"Cco"},"reader-header":{"_":"Ler"},"compose-header":{"_":"Nova mensagem"},"compose-header-short":{"_":"Escrever"},"compose-send":{"_":"Enviar"},"compose-to":{"_":"Para"},"compose-cc":{"_":"Cc"},"compose-bcc":{"_":"Cco"},"compose-attachments":{"_":"{[ plural(n) ]}","_[zero]":"Anexos","_[one]":"{{ n }} anexo","_[two]":"{{ n }} anexos","_[few]":"{{ n }} anexos","_[many]":"{{ n }} anexos","_[other]":"{{ n }} anexos"},"compose-subject":{"_":"Assunto"},"compose-draft-save":{"_":"Salvar nos rascunhos"},"compose-discard-message":{"_":"Descartar mensagem?"},"compose-discard-confirm":{"_":"Descartar"},"compose-sending-message":{"_":"Enviando mensagem"},"compose-send-message-failed":{"_":"Falha ao enviar mensagem"},"composer-attachment-large":{"_":"Anexo muito grande"},"composer-attachments-large":{"_":"Anexos muito grandes"},"compose-attchment-size-exceeded":{"_":"O anexo selecionado é muito grande para ser enviado com essa mensagem."},"compose-attchments-size-exceeded":{"_":"Os anexos selecionados são muito grandes para serem enviados com essa mensagem. Tente selecionar menos arquivos."},"dialog-button-ok":{"_":"OK"},"default-attachment-filename":{"_":"attachment{{ n }}"},"attachment-size-kib":{"_":"{{kilobytes}} kB"},"message-attachment-view":{"textContent":"Ver"},"message-no-subject":{"_":"(sem assunto)"},"message-edit-menu-star":{"_":"Com estrela"},"message-edit-menu-unstar":{"_":"Sem estrela"},"message-edit-menu-mark-read":{"_":"Marcar como lida"},"message-edit-menu-mark-unread":{"_":"Marcar como não lida"},"message-edit-menu-move":{"_":"Mover"},"message-edit-menu-delete":{"_":"Apagar"},"message-edit-delete-confirm":{"_":"Apagar mensagem?"},"message-send-attachment-disabled-confirm":{"_":"Anexos não podem ser encaminhados."},"message-multiedit-header":{"_":"{[ plural(n) ]}","_[zero]":"Editar","_[one]":"{{ n }} selecionada","_[two]":"{{ n }} selecionadas","_[few]":"{{ n }} selecionadas","_[many]":"{{ n }} selecionadas","_[other]":"{{ n }} selecionadas"},"browse-to-url-prompt":{"_":"Visitar a URL {{ url }}?"},"message-download-images":{"_":"{[ plural(n) ]}","_[one]":"Esta mensagem contém uma imagem. Toque para baixá-la.","_[two]":"Esta mensagem contém {{ n }} imagens. Toque para baixá-las.","_[few]":"Esta mensagem contém {{ n }} imagens. Toque para baixá-las.","_[many]":"Esta mensagem contém {{ n }} imagens. Toque para baixá-las.","_[other]":"Esta mensagem contém {{ n }} imagens. Toque para baixá-las."},"message-show-external-images":{"_":"Exibir imagens externas"},"message-multiedit-cancel":{"_":"Cancelar"},"message-multiedit-delete-confirm":{"_":"{[ plural(n) ]}","_[one]":"Apagar esta mensagem?","_[two]":"Apagar as {{ n }} mensagens?","_[few]":"Apagar as {{ n }} mensagens?","_[many]":"Apagar as {{ n }} mensagens?","_[other]":"Apagar as {{ n }} mensagens?"},"message-large-message-cancel":{"_":"Cancelar"},"message-large-message-ok":{"_":"Continuar"},"message-large-message-confirm":{"_":"Essa mensagem é grande e pode demorar para ser carregada."},"message-search-from":{"_":"De"},"message-search-to":{"_":"Para"},"message-search-subject":{"_":"Assunto"},"message-search-body":{"_":"Corpo"},"message-search-all":{"_":"Tudo"},"message-search-input":{"placeholder":"Pesquisar mensagens"},"message-search-cancel-accessible":{"_":"Cancelar pesquisa"},"messages-syncing":{"_":"Carregando mensagens"},"messages-sync-more":{"_":"Carregar mais mensagens do servidor"},"messages-folder-empty":{"_":"Nenhuma mensagem nesta pasta"},"messages-search-empty":{"_":"Nenhum resultado nas mensagens locais"},"messages-folder-select":{"_":"Selecionar pasta"},"message-contact-menu-create":{"_":"Criar novo contato"},"message-contact-menu-add-existing":{"_":"Adicionar a um contato"},"message-contact-menu-view":{"_":"Ver contato"},"message-contact-menu-reply":{"_":"Responder"},"message-contact-menu-new":{"_":"Enviar nova mensagem"},"message-reply-menu-reply":{"_":"Responder"},"message-reply-menu-reply-all":{"_":"Responder para todos"},"message-reply-menu-forward":{"_":"Encaminhar"},"message-reply-menu-cancel":{"_":"Cancelar"},"folder-list-header":{"_":"Pastas"},"account-last-synced-label":{"_":"Última sincronização:"},"account-never-synced":{"_":"Nunca"},"reply-quoting-wrote":{"_":"{name} escreveu"},"forward-original-message":{"_":"Mensagem original"},"forward-header-subject":{"_":"Assunto"},"forward-header-date":{"_":"Data"},"forward-header-from":{"_":"De"},"forward-header-reply-to":{"_":"Responder a"},"forward-header-to":{"_":"Para"},"forward-header-cc":{"_":"Cc"},"folder-inbox":{"_":"Entrada"},"folder-sent":{"_":"Enviadas"},"folder-drafts":{"_":"Rascunhos"},"folder-trash":{"_":"Lixeira"},"folder-queue":{"_":"Saída"},"folder-junk":{"_":"Spam"},"folder-archives":{"_":"Arquivos"},"folder-localdrafts":{"_":"Rascunhos"},"toaster-undo":{"_":"Desfazer"},"toaster-retry":{"_":"Tentar novamente"},"toaster-message-star":{"_":"{[ plural(n) ]}","_[one]":"1 mensagem marcada com estrela","_[two]":"{{ n }} mensagens marcadas com estrela","_[few]":"{{ n }} mensagens marcadas com estrela","_[many]":"{{ n }} mensagens marcadas com estrela","_[other]":"{{ n }} mensagens marcadas com estrela"},"toaster-message-unstar":{"_":"{[ plural(n) ]}","_[one]":"1 mensagem desmarcada com estrela","_[two]":"{{ n }} mensagens desmarcadas com estrela","_[few]":"{{ n }} mensagens desmarcadas com estrela","_[many]":"{{ n }} mensagens desmarcadas com estrela","_[other]":"{{ n }} mensagens desmarcadas com estrela"},"toaster-message-read":{"_":"{[ plural(n) ]}","_[one]":"1 mensagem marcada como lida","_[two]":"{{ n }} mensagens marcadas como lidas","_[few]":"{{ n }} mensagens marcadas como lidas","_[many]":"{{ n }} mensagens marcadas como lidas","_[other]":"{{ n }} mensagens marcadas como lidas"},"toaster-message-unread":{"_":"{[ plural(n) ]}","_[one]":"1 mensagem marcada como não lida","_[two]":"{{ n }} mensagens marcadas como não lidas","_[few]":"{{ n }} mensagens marcadas como não lidas","_[many]":"{{ n }} mensagens marcadas como não lidas","_[other]":"{{ n }} mensagens marcadas como não lidas"},"toaster-message-move":{"_":"{[ plural(n) ]}","_[one]":"1 mensagem movida","_[two]":"{{ n }} mensagens movidas","_[few]":"{{ n }} mensagens movidas","_[many]":"{{ n }} mensagens movidas","_[other]":"{{ n }} mensagens movidas"},"toaster-message-delete":{"_":"{[ plural(n) ]}","_[one]":"1 mensagem apagada","_[two]":"{{ n }} mensagens apagadas","_[few]":"{{ n }} mensagens apagadas","_[many]":"{{ n }} mensagens apagadas","_[other]":"{{ n }} mensagens apagadas"},"toaster-retryable-syncfailed":{"_":"Não foi possível conectar-se ao servidor"},"form-clear-input":{"_":"Limpar texto"},"confirm-dialog-title":{"_":"Confirmação"},"senders-separation-sign":{"_":", "},"new-emails":{"_":"{[ plural(n) ]}","_[one]":"1 e-mail novo","_[two]":"{{ n }} e-mails novos","_[few]":"{{ n }} e-mails novos","_[many]":"{{ n }} e-mails novos","_[other]":"{{ n }} e-mails novos"},"new-emails-notify-one-account":{"_":"{[ plural(n) ]}","_[one]":"1 novo e-mail","_[two]":"{{ n }} novos emails","_[few]":"{{ n }} novos emails","_[many]":"{{ n }} novos emails","_[other]":"{{ n }} novos emails"},"new-emails-notify-multiple-accounts":{"_":"{[ plural(n) ]}","_[one]":"1 novo email ({{ accountName }})","_[two]":"{{ n }} novos emails ({{ accountName }})","_[few]":"{{ n }} novos emails ({{ accountName }})","_[many]":"{{ n }} novos emails ({{ accountName }})","_[other]":"{{ n }} novos emails ({{ accountName }})"},"new-emails-notify-multiple-accounts-body":{"_":"{{ from }} “{{ subject }}”"},"setup-info-header":{"_":"Suas informações de acesso"},"default-attachment-name":{"_":"{[ plural(n) ]}","_[one]":"anexo1","_[two]":"anexo{{ n }}","_[few]":"anexo{{ n }}","_[many]":"anexo{{ n }}","_[other]":"anexo{{ n }}"},"weekday-0-long":{"_":"Domingo"},"weekday-1-long":{"_":"Segunda-feira"},"weekday-2-long":{"_":"Terça-feira"},"weekday-3-long":{"_":"Quarta-feira"},"weekday-4-long":{"_":"Quinta-feira"},"weekday-5-long":{"_":"Sexta-feira"},"weekday-6-long":{"_":"Sábado"},"weekday-0-short":{"_":"Dom"},"weekday-1-short":{"_":"Seg"},"weekday-2-short":{"_":"Ter"},"weekday-3-short":{"_":"Qua"},"weekday-4-short":{"_":"Qui"},"weekday-5-short":{"_":"Sex"},"weekday-6-short":{"_":"Sáb"},"month-0-long":{"_":"Janeiro"},"month-1-long":{"_":"Fevereiro"},"month-2-long":{"_":"Março"},"month-3-long":{"_":"Abril"},"month-4-long":{"_":"Maio"},"month-5-long":{"_":"Junho"},"month-6-long":{"_":"Julho"},"month-7-long":{"_":"Agosto"},"month-8-long":{"_":"Setembro"},"month-9-long":{"_":"Outubro"},"month-10-long":{"_":"Novembro"},"month-11-long":{"_":"Dezembro"},"month-0-genitive":{"_":"Janeiro"},"month-1-genitive":{"_":"Fevereiro"},"month-2-genitive":{"_":"Março"},"month-3-genitive":{"_":"Abril"},"month-4-genitive":{"_":"Maio"},"month-5-genitive":{"_":"Junho"},"month-6-genitive":{"_":"Julho"},"month-7-genitive":{"_":"Agosto"},"month-8-genitive":{"_":"Setembro"},"month-9-genitive":{"_":"Outubro"},"month-10-genitive":{"_":"Novembro"},"month-11-genitive":{"_":"Dezembro"},"month-0-short":{"_":"Jan"},"month-1-short":{"_":"Fev"},"month-2-short":{"_":"Mar"},"month-3-short":{"_":"Abr"},"month-4-short":{"_":"Mai"},"month-5-short":{"_":"Jun"},"month-6-short":{"_":"Jul"},"month-7-short":{"_":"Ago"},"month-8-short":{"_":"Set"},"month-9-short":{"_":"Out"},"month-10-short":{"_":"Nov"},"month-11-short":{"_":"Dez"},"minutes-ago-long":{"_":"{[ plural(value) ]}","_[zero]":"há pouco","_[one]":"um minuto atrás","_[two]":"{{value}} minutos atrás","_[few]":"{{value}} minutos atrás","_[many]":"{{value}} minutos atrás","_[other]":"{{value}} minutos atrás"},"hours-ago-long":{"_":"{[ plural(value) ]}","_[zero]":"há pouco","_[one]":"uma hora atrás","_[two]":"{{value}} horas atrás","_[few]":"{{value}} horas atrás","_[many]":"{{value}} horas atrás","_[other]":"{{value}} horas atrás"},"days-ago-long":{"_":"{[ plural(value) ]}","_[zero]":"hoje","_[one]":"ontem","_[two]":"{{value}} dias atrás","_[few]":"{{value}} dias atrás","_[many]":"{{value}} dias atrás","_[other]":"{{value}} dias atrás"},"weeks-ago-long":{"_":"{[ plural(value) ]}","_[zero]":"esta semana","_[one]":"semana passada","_[two]":"{{value}} semanas atrás","_[few]":"{{value}} semanas atrás","_[many]":"{{value}} semanas atrás","_[other]":"{{value}} semanas atrás"},"months-ago-long":{"_":"{[ plural(value) ]}","_[zero]":"este mês","_[one]":"mês passado","_[two]":"{{value}} meses atrás","_[few]":"{{value}} meses atrás","_[many]":"{{value}} meses atrás","_[other]":"{{value}} meses atrás"},"years-ago-long":{"_":"{[ plural(value) ]}","_[zero]":"este ano","_[one]":"ano passado","_[two]":"{{value}} anos atrás","_[few]":"{{value}} anos atrás","_[many]":"{{value}} anos atrás","_[other]":"{{value}} anos atrás"},"minutes-until-long":{"_":"{[ plural(value) ]}","_[zero]":"agora","_[one]":"em um minuto","_[two]":"em {{value}} minutos","_[few]":"em {{value}} minutos","_[many]":"em {{value}} minutos","_[other]":"em {{value}} minutos"},"hours-until-long":{"_":"{[ plural(value) ]}","_[zero]":"agora","_[one]":"em uma hora","_[two]":"em {{value}} horas","_[few]":"em {{value}} horas","_[many]":"em {{value}} horas","_[other]":"em {{value}} horas"},"days-until-long":{"_":"{[ plural(value) ]}","_[zero]":"hoje","_[one]":"amanhã","_[two]":"em {{value}} dias","_[few]":"em {{value}} dias","_[many]":"em {{value}} dias","_[other]":"em {{value}} dias"},"weeks-until-long":{"_":"{[ plural(value) ]}","_[zero]":"esta semana","_[one]":"semana que vem","_[two]":"em {{value}} semanas","_[few]":"em {{value}} semanas","_[many]":"em {{value}} semanas","_[other]":"em {{value}} semanas"},"months-until-long":{"_":"{[ plural(value) ]}","_[zero]":"este mês","_[one]":"mês que vem","_[two]":"em {{value}} meses","_[few]":"em {{value}} meses","_[many]":"em {{value}} meses","_[other]":"em {{value}} meses"},"years-until-long":{"_":"{[ plural(value) ]}","_[zero]":"este ano","_[one]":"ano que vem","_[two]":"em {{value}} anos","_[few]":"em {{value}} anos","_[many]":"em {{value}} anos","_[other]":"em {{value}} anos"},"minutes-ago-short":{"_":"{[ plural(value) ]}","_[zero]":"há pouco","_[other]":"{{value}}min atrás"},"hours-ago-short":{"_":"{[ plural(value) ]}","_[zero]":"há pouco","_[other]":"{{value}}h atrás"},"days-ago-short":{"_":"{[ plural(value) ]}","_[zero]":"hoje","_[other]":"{{value}}d atrás"},"minutes-until-short":{"_":"{[ plural(value) ]}","_[zero]":"agora","_[other]":"em {{value}}min"},"hours-until-short":{"_":"{[ plural(value) ]}","_[zero]":"agora","_[other]":"em {{value}}h"},"days-until-short":{"_":"{[ plural(value) ]}","_[zero]":"hoje","_[other]":"em {{value}}d"},"incorrectDate":{"_":"(data incorreta)"},"dateTimeFormat_%c":{"_":"%A, %e de %B de %Y %Hh %Mmin %Ss"},"dateTimeFormat_%x":{"_":"%d/%m/%Y"},"dateTimeFormat_%X":{"_":"%Hh %Mmin %Ss"},"shortTimeFormat":{"_":"%Hh%M"},"shortDateTimeFormat":{"_":"%x %Hh%M"},"weekStartsOnMonday":{"_":"0"},"time_am":{"_":"AM"},"time_pm":{"_":"PM"}}