{"setup-app-name-header":{"_":"Mail"},"setup-empty-account-prompt":{"_":"Nu ai configurat niciun cont pentru a trimite și a primi e-mailuri. Dorești să o faci acum?"},"setup-pick-service":{"_":"Pentru a trimite și a primi e-mailuri, va trebui să configurezi un cont."},"setup-account-header3":{"_":"Cont nou"},"setup-info-name":{"placeholder":"Numele tău"},"setup-info-email":{"placeholder":"cineva@exemplu.ro"},"setup-info-password":{"placeholder":"Parolă"},"setup-info-next":{"_":"Înainte"},"setup-progress-wait-msg":{"_":"Te rugăm să aștepți cât timp contul este configurat"},"setup-completed-header":{"_":"Configurarea contului"},"setup-completed-label":{"_":"Totul a fost finalizat!"},"setup-add-another-account":{"_":"Adaugă alt cont"},"setup-show-mail":{"_":"Continuă pe mail"},"setup-error-offline":{"_":"Acest dispozitiv este în prezent offline. Conectează-te la o rețea și reîncearcă."},"setup-error-bad-user-or-pass2":{"_":"Nume de utilizator sau parolă invalide. Verifică greșelile."},"setup-error-bad-address":{"_":"Adresă de email invalidă. Verifică greșelile."},"setup-error-not-authorized":{"_":"Serverul a spus că nu ești autorizat să îți creezi un cont"},"setup-error-pop-server-not-great":{"_":"Server nesuportat. Serverul POP3 nu implementează funcțiile necesare."},"setup-error-unknown2":{"_":"S-a produs o eroare necunoscută. Verifică conexiunea la rețea sau încearcă opțiunea de configurare manuală."},"setup-error-needs-app-pass":{"_":"Trebuie să folosești o parolă specifică aplicației pe două niveluri pentru conturile Gmail"},"setup-error-imap-disabled":{"_":"Trebuie să activezi IMAP pentru contul tău de Gmail"},"setup-error-pop3-disabled":{"_":"Trebuie să activezi POP3 pentru contul tău de Gmail"},"setup-error-bad-security":{"_":"Nu s-a putut stabili o conexiune securizată cu „{{server}}”. S-ar putea să fie o problemă cu rețeaua ta sau serverul."},"setup-error-unresponsive-server":{"_":"Nu s-a putut stabili o conexiune cu „{{server}}”. S-ar putea să fie o problemă cu rețeaua."},"setup-error-server-problem":{"_":"Este o problemă cu serverul „{{server}}”. Reîncearcă mai târziu."},"setup-error-no-config-info":{"_":"Nu s-a putut configura în mod automat contul tău. Corectează adresa de email sau încearcă opțiunea de configurare manuală."},"setup-error-server-maintenance":{"_":"Serverul „{{server}}” este offline pentru mentenanță. Reîncearcă mai târziu."},"setup-error-account-already-exists":{"_":"Acest cont este deja configurat."},"setup-manual-config2":{"_":"Setare manuală"},"setup-manual-config-header":{"_":"Setare manuală"},"setup-manual-account-type":{"_":"Tip de cont"},"setup-manual-imap-header":{"_":"Setări IMAP"},"setup-manual-pop3-header":{"_":"Setări POP3"},"setup-manual-smtp-header":{"_":"Setări SMTP"},"setup-manual-activesync-header":{"_":"Setări ActiveSync"},"setup-manual-next":{"_":"Înainte"},"setup-manual-socket":{"_":"Tipul socketului"},"setup-manual-socket-ssl":{"_":"SSL"},"setup-manual-socket-starttls":{"_":"STARTTLS"},"setup-manual-hostname":{"placeholder":"Nume gazdă"},"setup-manual-port":{"placeholder":"Numărul de port"},"setup-manual-username":{"placeholder":"Utilizator"},"setup-bad-password-header":{"_":"Parolă greșită!"},"setup-bad-password":{"_":"Nu ne-am putut autentifica pe server. Posibil ca parola să fie greșită?"},"setup-new-password":{"placeholder":"Parolă nouă"},"setup-fix-password":{"_":"Reîncearcă cu parola nouă"},"setup-gmail-twofactor-header":{"_":"Autentificarea pe două niveluri activată"},"setup-gmail-twofactor-message":{"_":"Trebuie să introduci o parolă specifică aplicației mai jos."},"setup-gmail-twofactor-fix":{"_":"Folosește parola aplicației"},"setup-gmail-imap-header":{"_":"IMAP dezactivat"},"setup-gmail-imap-message":{"_":"Trebuie să activezi IMAP pe contul tău de Gmail"},"setup-gmail-imap-retry":{"_":"Reîncearcă"},"setup-gmail-pop3-header":{"_":"POP3 dezactivat"},"setup-gmail-pop3-message":{"_":"Trebuie să activezi POP3 pe contul tău de Gmail"},"setup-gmail-pop3-retry":{"_":"Reîncearcă"},"settings-main-header":{"_":"Setări de mail"},"settings-sub-header-account":{"_":"Cont"},"settings-account-name":{"_":"Numele tău"},"settings-account-display-notifications":{"_":"Afișează notificări pentru mesaje noi"},"settings-sub-header-data":{"_":"Date"},"settings-account-check-mail":{"_":"Caută mesaje noi"},"settings-sub-header-server":{"_":"Setări pt. server"},"settings-account-userpass":{"_":"Utilizator și parolă"},"fld-account-picker-last-sync":{"_":"Ultima sincronizare:"},"settings-done":{"_":"Gata"},"settings-account-section":{"_":"Conturi"},"settings-account-add":{"_":"Adaugă cont"},"settings-account-delete":{"_":"Șterge contul"},"settings-account-delete-prompt":{"_":"Sigur dorești să stergi contul de mail {{account}}? Va trebui să redescarci mailul dacă recreezi contul."},"settings-account-delete-cancel":{"_":"Renunță"},"settings-account-delete-confirm":{"_":"Șterge"},"settings-about-section":{"_":"Despre"},"settings-general-section":{"_":"Setări generale"},"settings-check-mail":{"_":"Verifică mailul"},"settings-show-images":{"_":"Arată mereu imaginile"},"settings-download-attachments":{"_":"Descarcă atașamentele"},"settings-notify-mail":{"_":"Notifică-mă la apariția unui mail nou"},"settings-check-every-3min":{"_":"La fiecare 3 minute"},"settings-check-every-5min":{"_":"La fiecare 5 minute"},"settings-check-every-10min":{"_":"La fiecare 10 minute"},"settings-check-every-15min":{"_":"La fiecare 15 minute"},"settings-check-every-30min":{"_":"La fiecare 30 de minute"},"settings-check-every-60min":{"_":"În fiecare oră"},"settings-check-every-manual":{"_":"Manual"},"settings-check-dynamic":{"_":"{[ plural(n) ]}","_[zero]":"secunde","_[one]":"{{ n }} secunde","_[two]":"{{ n }} secunde","_[few]":"{{ n }} secunde","_[many]":"{{ n }} secunde","_[other]":"{{ n }} secunde"},"settings-default-account":{"_":"Setează ca email implicit"},"settings-account-type":{"_":"Tip de cont"},"settings-account-credentials":{"_":"Acreditări"},"settings-activesync-label":{"_":"Setări ActiveSync"},"settings-imap-label":{"_":"Setări IMAP"},"settings-pop3-label":{"_":"Setări POP3"},"settings-smtp-label":{"_":"Setări SMTP"},"settings-hostname":{"_":"Nume gazdă"},"settings-port":{"_":"Port"},"settings-username":{"_":"Utilizator"},"settings-password":{"_":"Parolă"},"settings-save":{"_":"Salvează"},"settings-password-empty":{"_":"Câmpul destinat parolei nu ar trebui să fie gol"},"settings-account-synchronize-window":{"_":"Zile pentru sincronizare"},"settings-synchronize-auto":{"_":"Automat"},"settings-synchronize-one-day":{"_":"1 zi"},"settings-synchronize-three-days":{"_":"3 zile"},"settings-synchronize-one-week":{"_":"1 săptămână"},"settings-synchronize-two-weeks":{"_":"2 săptămâni"},"settings-synchronize-one-month":{"_":"1 lună"},"settings-synchronize-all":{"_":"Toate mesajele"},"accounts-header":{"_":"Conturi"},"accounts-button":{"_":"Conturi"},"envelope-from":{"_":"De la"},"envelope-to":{"_":"Către"},"envelope-cc":{"_":"CC"},"envelope-bcc":{"_":"Bcc"},"reader-header":{"_":"Citit"},"compose-header":{"_":"Compune mesajul"},"compose-header-short":{"_":"Compune"},"compose-send":{"_":"Trimite"},"compose-to":{"_":"Către"},"compose-cc":{"_":"CC"},"compose-bcc":{"_":"bcc"},"compose-attachments":{"_":"{[ plural(n) ]}","_[zero]":"Atașamente","_[one]":"{{ n }} atașament","_[two]":"{{ n }} atașamente","_[few]":"{{ n }} atașamente","_[many]":"{{ n }} atașamente","_[other]":"{{ n }} atașamente"},"compose-subject":{"_":"Subiect"},"compose-draft-save":{"_":"Salvează în mesaje nefinalizate local"},"compose-discard-message":{"_":"Înlături emailul?"},"compose-discard-confirm":{"_":"Înlătură"},"compose-sending-message":{"_":"Se trimite emailul"},"compose-send-message-failed":{"_":"Trimiterea emailului a eșuat"},"composer-attachment-large":{"_":"Atașament prea mare"},"composer-attachments-large":{"_":"Atașamente prea mari"},"compose-attchment-size-exceeded":{"_":"Atașamentul selectat este prea mare pentru a fi trimis cu acest mesaj."},"compose-attchments-size-exceeded":{"_":"Atașamentele selectate sunt prea mari pentru a fi trimise cu acest mesaj. Încearcă să selectezi mai puține fișiere."},"dialog-button-ok":{"_":"Ok"},"default-attachment-filename":{"_":"atașament{{ n }}"},"attachment-size-kib":{"_":"{{kilobytes}}K"},"message-attachment-view":{"textContent":"Vezi"},"message-no-subject":{"_":"(fără subiect)"},"message-edit-menu-star":{"_":"Marchează cu steluță"},"message-edit-menu-unstar":{"_":"Scoate marcajul cu steluță"},"message-edit-menu-mark-read":{"_":"Marchează ca citit"},"message-edit-menu-mark-unread":{"_":"Marchează ca necitit"},"message-edit-menu-move":{"_":"Mută"},"message-edit-menu-delete":{"_":"Șterge"},"message-edit-delete-confirm":{"_":"Ștergi emailul?"},"message-send-attachment-disabled-confirm":{"_":"Atașamentele nu pot fi redirecționate."},"message-multiedit-header":{"_":"{[ plural(n) ]}","_[zero]":"Editează","_[one]":"{{ n }} selectate","_[two]":"{{ n }} selectate","_[few]":"{{ n }} selectate","_[many]":"{{ n }} selectate","_[other]":"{{ n }} selectate"},"browse-to-url-prompt":{"_":"Navighezi la adresa web?: {{ url }}"},"message-download-images":{"_":"{[ plural(n) ]}","_[one]":"Acest email conține o imagine. Clic pentru a descărca.","_[two]":"Acest email conține {{ n }} imagini. Clic pentru a descărca.","_[few]":"Acest email conține {{ n }} imagini. Clic pentru a descărca.","_[many]":"Acest email conține {{ n }} imagini. Clic pentru a descărca.","_[other]":"Acest email conține {{ n }} imagini. Clic pentru a descărca."},"message-show-external-images":{"_":"Arată imaginile externe"},"message-multiedit-cancel":{"_":"Renunță"},"message-multiedit-delete-confirm":{"_":"{[ plural(n) ]}","_[one]":"Ștergi acest email?","_[two]":"Ștergi cele {{ n }} e-mailuri?","_[few]":"Ștergi cele {{ n }} e-mailuri?","_[many]":"Ștergi cele {{ n }} e-mailuri?","_[other]":"Ștergi cele {{ n }} e-mailuri?"},"message-large-message-cancel":{"_":"Renunță"},"message-large-message-ok":{"_":"Continuă"},"message-large-message-confirm":{"_":"Acest mesaj este mare și poate lua ceva timp pentru a-l descărca."},"message-search-from":{"_":"De la"},"message-search-to":{"_":"Către"},"message-search-subject":{"_":"Subiect"},"message-search-body":{"_":"Corp"},"message-search-all":{"_":"Toate"},"message-search-input":{"placeholder":"Caută mail"},"message-search-cancel-accessible":{"_":"Anulează căutarea"},"messages-syncing":{"_":"Se încarcă mesajele"},"messages-sync-more":{"_":"Încarcă mai multe mesaje de pe server"},"messages-folder-empty":{"_":"Niciun mail în acest dosar"},"messages-search-empty":{"_":"Nicio potrivire în mesajele stocate local"},"messages-folder-select":{"_":"Selectează dosarul"},"message-contact-menu-create":{"_":"Salvează contactul nou"},"message-contact-menu-add-existing":{"_":"Adaugă la contactul existent"},"message-contact-menu-view":{"_":"Vezi contactul"},"message-contact-menu-reply":{"_":"Răspunde"},"message-contact-menu-new":{"_":"Trimite un e-mail nou"},"message-reply-menu-reply":{"_":"Răspunde"},"message-reply-menu-reply-all":{"_":"Răspunde la toate"},"message-reply-menu-forward":{"_":"Redirecționare"},"message-reply-menu-cancel":{"_":"Renunță"},"folder-list-header":{"_":"Dosare"},"account-last-synced-label":{"_":"Ultima sincronizare:"},"account-never-synced":{"_":"Niciodată"},"reply-quoting-wrote":{"_":"{name} a scris"},"forward-original-message":{"_":"Mesaj original"},"forward-header-subject":{"_":"Subiect"},"forward-header-date":{"_":"Dată"},"forward-header-from":{"_":"De la"},"forward-header-reply-to":{"_":"Răspuns către"},"forward-header-to":{"_":"Către"},"forward-header-cc":{"_":"CC"},"folder-inbox":{"_":"Mesaje primite"},"folder-sent":{"_":"Mesaje trimise"},"folder-drafts":{"_":"Mesaje nefinalizate"},"folder-trash":{"_":"Coș de gunoi"},"folder-queue":{"_":"Mesaje netrimise"},"folder-junk":{"_":"Mesaje nesolicitate"},"folder-archives":{"_":"Arhive"},"folder-localdrafts":{"_":"Nefinalizate local"},"toaster-undo":{"_":"Revocă acțiunea"},"toaster-retry":{"_":"Reîncearcă"},"toaster-message-star":{"_":"{[ plural(n) ]}","_[one]":"Marcaj stabilit pentru 1 mesaj","_[two]":"Marcaj stabilit pentru {{ n }} mesaje","_[few]":"Marcaj stabilit pentru {{ n }} mesaje","_[many]":"Marcaj stabilit pentru {{ n }} mesaje","_[other]":"Marcaj stabilit pentru {{ n }} mesaje"},"toaster-message-unstar":{"_":"{[ plural(n) ]}","_[one]":"Marcaj eliminat pentru 1 mesaj","_[two]":"Marcaj eliminat pentru {{ n }} mesaje","_[few]":"Marcaj eliminat pentru {{ n }} mesaje","_[many]":"Marcaj eliminat pentru {{ n }} mesaje","_[other]":"Marcaj eliminat pentru {{ n }} mesaje"},"toaster-message-read":{"_":"{[ plural(n) ]}","_[one]":"1 mesaj marcat ca citit","_[two]":"{{ n }} mesaje marcate ca citite","_[few]":"{{ n }} mesaje marcate ca citite","_[many]":"{{ n }} mesaje marcate ca citite","_[other]":"{{ n }} mesaje marcate ca citite"},"toaster-message-unread":{"_":"{[ plural(n) ]}","_[one]":"1 mesaj marcat ca necitit","_[two]":"{{ n }} mesaje marcate ca necitite","_[few]":"{{ n }} mesaje marcate ca necitite","_[many]":"{{ n }} mesaje marcate ca necitite","_[other]":"{{ n }} mesaje marcate ca necitite"},"toaster-message-move":{"_":"{[ plural(n) ]}","_[one]":"1 mesaj mutat","_[two]":"{{ n }} mesaje mutate","_[few]":"{{ n }} mesaje mutate","_[many]":"{{ n }} mesaje mutate","_[other]":"{{ n }} mesaje mutate"},"toaster-message-delete":{"_":"{[ plural(n) ]}","_[one]":"1 mesaj șters","_[two]":"{{ n }} mesaje șterse","_[few]":"{{ n }} mesaje șterse","_[many]":"{{ n }} mesaje șterse","_[other]":"{{ n }} mesaje șterse"},"toaster-retryable-syncfailed":{"_":"Nu se poate conecta la server"},"form-clear-input":{"_":"Elimină textul"},"confirm-dialog-title":{"_":"Confirmare"},"senders-separation-sign":{"_":", "},"new-emails":{"_":"{[ plural(n) ]}","_[one]":"1 e-mail nou","_[two]":"{{ n }} e-mailuri noi","_[few]":"{{ n }} e-mailuri noi","_[many]":"{{ n }} e-mailuri noi","_[other]":"{{ n }} e-mailuri noi"},"new-emails-notify-one-account":{"_":"{[ plural(n) ]}","_[one]":"1 e-mail nou","_[two]":"{{ n }} e-mailuri noi","_[few]":"{{ n }} e-mailuri noi","_[many]":"{{ n }} e-mailuri noi","_[other]":"{{ n }} e-mailuri noi"},"new-emails-notify-multiple-accounts":{"_":"{[ plural(n) ]}","_[one]":"1 email nou ({{ accountName }})","_[two]":"{{ n }} emailuri noi ({{ accountName }})","_[few]":"{{ n }} emailuri noi ({{ accountName }})","_[many]":"{{ n }} emailuri noi ({{ accountName }})","_[other]":"{{ n }} emailuri noi ({{ accountName }})"},"new-emails-notify-multiple-accounts-body":{"_":"{{ from }} „{{ subject }}”"},"weekday-0-long":{"_":"duminică"},"weekday-1-long":{"_":"luni"},"weekday-2-long":{"_":"marți"},"weekday-3-long":{"_":"miercuri"},"weekday-4-long":{"_":"joi"},"weekday-5-long":{"_":"vineri"},"weekday-6-long":{"_":"sâmbătă"},"weekday-0-short":{"_":"dum"},"weekday-1-short":{"_":"lun"},"weekday-2-short":{"_":"mar"},"weekday-3-short":{"_":"mie"},"weekday-4-short":{"_":"joi"},"weekday-5-short":{"_":"vin"},"weekday-6-short":{"_":"sâm"},"month-0-long":{"_":"ianuarie"},"month-1-long":{"_":"februarie"},"month-2-long":{"_":"martie"},"month-3-long":{"_":"aprilie"},"month-4-long":{"_":"mai"},"month-5-long":{"_":"iunie"},"month-6-long":{"_":"iulie"},"month-7-long":{"_":"august"},"month-8-long":{"_":"septembrie"},"month-9-long":{"_":"octombrie"},"month-10-long":{"_":"noiembrie"},"month-11-long":{"_":"decembrie"},"month-0-genitive":{"_":"ianuarie"},"month-1-genitive":{"_":"februarie"},"month-2-genitive":{"_":"martie"},"month-3-genitive":{"_":"aprilie"},"month-4-genitive":{"_":"mai"},"month-5-genitive":{"_":"iunie"},"month-6-genitive":{"_":"iulie"},"month-7-genitive":{"_":"august"},"month-8-genitive":{"_":"septembrie"},"month-9-genitive":{"_":"octombrie"},"month-10-genitive":{"_":"noiembrie"},"month-11-genitive":{"_":"decembrie"},"month-0-short":{"_":"ian"},"month-1-short":{"_":"feb"},"month-2-short":{"_":"mar"},"month-3-short":{"_":"apr"},"month-4-short":{"_":"mai"},"month-5-short":{"_":"iun"},"month-6-short":{"_":"iul"},"month-7-short":{"_":"aug"},"month-8-short":{"_":"sep"},"month-9-short":{"_":"oct"},"month-10-short":{"_":"noi"},"month-11-short":{"_":"dec"},"minutes-ago-long":{"_":"{[ plural(value) ]}","_[zero]":"chiar acum","_[one]":"acum un minut","_[two]":"acum {{value}} minute","_[few]":"acum {{value}} minute","_[many]":"acum {{value}} minute","_[other]":"acum {{value}} minute"},"hours-ago-long":{"_":"{[ plural(value) ]}","_[zero]":"chiar acum","_[one]":"acum cu o oră","_[two]":"acum {{value}} ore","_[few]":"acum {{value}} ore","_[many]":"acum {{value}} ore","_[other]":"acum {{value}} ore"},"days-ago-long":{"_":"{[ plural(value) ]}","_[zero]":"astăzi","_[one]":"ieri","_[two]":"acum {{value}} zile","_[few]":"acum {{value}} zile","_[many]":"acum {{value}} zile","_[other]":"acum {{value}} zile"},"weeks-ago-long":{"_":"{[ plural(value) ]}","_[zero]":"săptămâna aceasta","_[one]":"săptămâna trecută","_[two]":"acum {{value}} săptămâni","_[few]":"acum {{value}} săptămâni","_[many]":"acum {{value}} săptămâni","_[other]":"acum {{value}} săptămâni"},"months-ago-long":{"_":"{[ plural(value) ]}","_[zero]":"luna aceasta","_[one]":"luna trecută","_[two]":"acum {{value}} luni","_[few]":"acum {{value}} luni","_[many]":"acum {{value}} luni","_[other]":"acum {{value}} luni"},"years-ago-long":{"_":"{[ plural(value) ]}","_[zero]":"anul acesta","_[one]":"anul trecut","_[two]":"acum {{value}} ani","_[few]":"acum {{value}} ani","_[many]":"acum {{value}} ani","_[other]":"acum {{value}} ani"},"minutes-until-long":{"_":"{[ plural(value) ]}","_[zero]":"acum","_[one]":"într-un minut","_[two]":"în {{value}} minute","_[few]":"în {{value}} minute","_[many]":"în {{value}} minute","_[other]":"în {{value}} minute"},"hours-until-long":{"_":"{[ plural(value) ]}","_[zero]":"acum","_[one]":"într-o oră","_[two]":"în {{value}} ore","_[few]":"în {{value}} ore","_[many]":"în {{value}} ore","_[other]":"în {{value}} ore"},"days-until-long":{"_":"{[ plural(value) ]}","_[zero]":"astăzi","_[one]":"mâine","_[two]":"în {{value}} zile","_[few]":"în {{value}} zile","_[many]":"în {{value}} zile","_[other]":"în {{value}} zile"},"weeks-until-long":{"_":"{[ plural(value) ]}","_[zero]":"săptămâna aceasta","_[one]":"săptămâna următoare","_[two]":"în {{value}} săptămâni","_[few]":"în {{value}} săptămâni","_[many]":"în {{value}} săptămâni","_[other]":"în {{value}} săptămâni"},"months-until-long":{"_":"{[ plural(value) ]}","_[zero]":"luna aceasta","_[one]":"luna următoare","_[two]":"în {{value}} luni","_[few]":"în {{value}} luni","_[many]":"în {{value}} luni","_[other]":"în {{value}} luni"},"years-until-long":{"_":"{[ plural(value) ]}","_[zero]":"anul acesta","_[one]":"anul următor","_[two]":"în {{value}} ani","_[few]":"în {{value}} ani","_[many]":"în {{value}} ani","_[other]":"în {{value}} ani"},"minutes-ago-short":{"_":"{[ plural(value) ]}","_[zero]":"chiar acum","_[other]":"acum {{value}} min."},"hours-ago-short":{"_":"{[ plural(value) ]}","_[zero]":"chiar acum","_[other]":"acum {{value}}h"},"days-ago-short":{"_":"{[ plural(value) ]}","_[zero]":"astăzi","_[other]":"acum {{value}}z"},"minutes-until-short":{"_":"{[ plural(value) ]}","_[zero]":"acum","_[other]":"în {{value}}m"},"hours-until-short":{"_":"{[ plural(value) ]}","_[zero]":"acum","_[other]":"în {{value}}h"},"days-until-short":{"_":"{[ plural(value) ]}","_[zero]":"astăzi","_[other]":"în {{value}}z"},"incorrectDate":{"_":"(dată incorectă)"},"dateTimeFormat_%c":{"_":"%a, %e %b %Y %H:%M:%S"},"dateTimeFormat_%x":{"_":"%d/%m/%Y"},"dateTimeFormat_%X":{"_":"%H:%M:%S"},"shortTimeFormat":{"_":"%H:%M"},"shortDateTimeFormat":{"_":"%x %H:%M"},"weekStartsOnMonday":{"_":"0"},"time_am":{"_":"AM"},"time_pm":{"_":"PM"}}