{"setup-app-name-header":{"_":"Почта"},"setup-empty-account-prompt":{"_":"Отправка или получение почты не настроены. Вы хотите сделать это сейчас?"},"setup-pick-service":{"_":"Для отправки и получения почты вам необходимо настроить учётную запись."},"setup-account-header3":{"_":"Учётная запись"},"setup-info-name":{"placeholder":"Ваше имя"},"setup-info-email":{"placeholder":"someone@example.ru"},"setup-info-password":{"placeholder":"Пароль"},"setup-info-next":{"_":"Далее"},"setup-progress-wait-msg":{"_":"Настройка уч. записи"},"setup-completed-header":{"_":"Настройка уч. записи"},"setup-completed-label":{"_":"Всё готово!"},"setup-add-another-account":{"_":"Добавить другую учётную запись"},"setup-show-mail":{"_":"Перейти в Почту"},"setup-error-offline":{"_":"Это устройство сейчас не подключено к сети. Подключитесь к сети и попробуйте снова."},"setup-error-bad-user-or-pass2":{"_":"Неверное имя пользователя или пароль. Проверьте, нет ли опечаток."},"setup-error-bad-address":{"_":"Некорректный адрес эл. почты. Проверьте на опечатки."},"setup-error-not-authorized":{"_":"Сервер сообщил, что вам не разрешено создавать учётную запись"},"setup-error-pop-server-not-great":{"_":"Сервер не поддерживается. Сервер POP3 не поддерживает необходимые функции."},"setup-error-unknown2":{"_":"Произошла неизвестная ошибка. Проверьте подключение к сети или попробуйте настроить вручную."},"setup-error-needs-app-pass":{"_":"Вы должны использовать пароль, специфичный для приложения, для учётных записей Gmail использующих двухэтапную аутентификацию"},"setup-error-imap-disabled":{"_":"Вы должны включить IMAP для вашей учётной записи Gmail"},"setup-error-pop3-disabled":{"_":"Вы должны включить POP3 для вашей учётной записи Gmail"},"setup-error-bad-security":{"_":"Не удалось установить защищённое соединение с \"{{server}}\". Возможно, возникла проблема с вашей сетью или с сервером."},"setup-error-unresponsive-server":{"_":"Не удалось установить соединение с \"{{server}}\". Возможно, возникла проблема с сетью."},"setup-error-server-problem":{"_":"Возникла проблема с сервером \"{{server}}\". Повторите попытку позже."},"setup-error-no-config-info":{"_":"Не удалось автоматически настроить вашу учётную запись. Исправьте ваш адрес эл. почты или попробуйте настроить вручную."},"setup-error-server-maintenance":{"_":"Сервер \"{{server}}\" отключён для проведения технического обслуживания. Повторите попытку позже."},"setup-error-account-already-exists":{"_":"Эта учетная запись уже настроена."},"setup-manual-config2":{"_":"Вручную"},"setup-manual-config-header":{"_":"Вручную"},"setup-manual-account-type":{"_":"Тип учётной записи"},"setup-manual-imap-header":{"_":"Параметры IMAP"},"setup-manual-pop3-header":{"_":"Параметры POP3"},"setup-manual-smtp-header":{"_":"Параметры SMTP"},"setup-manual-activesync-header":{"_":"Параметры ActiveSync"},"setup-manual-next":{"_":"Далее"},"setup-manual-socket":{"_":"Защита соединения"},"setup-manual-socket-ssl":{"_":"SSL"},"setup-manual-socket-starttls":{"_":"STARTTLS"},"setup-manual-hostname":{"placeholder":"Имя сервера"},"setup-manual-port":{"placeholder":"Номер порта"},"setup-manual-username":{"placeholder":"Имя пользователя"},"setup-bad-password-header":{"_":"Неверный пароль!"},"setup-bad-password":{"_":"Не удалось войти на сервер. Может быть, вы ввели неверный пароль?"},"setup-new-password":{"placeholder":"Новый пароль"},"setup-fix-password":{"_":"Попробуйте с новым паролем"},"setup-gmail-twofactor-header":{"_":"Включена двухэтапная аутентификация"},"setup-gmail-twofactor-message":{"_":"Вам нужно ввести ниже пароль, специфичный для приложения."},"setup-gmail-twofactor-fix":{"_":"Используйте пароль приложения"},"setup-gmail-imap-header":{"_":"IMAP отключён"},"setup-gmail-imap-message":{"_":"Вы должны включить IMAP в вашей учётной записи Gmail"},"setup-gmail-imap-retry":{"_":"Повторить"},"setup-gmail-pop3-header":{"_":"POP3 отключён"},"setup-gmail-pop3-message":{"_":"Вы должны включить POP3 для вашей учётной записи Gmail"},"setup-gmail-pop3-retry":{"_":"Повторить"},"settings-main-header":{"_":"Параметры"},"settings-sub-header-account":{"_":"Уч. запись"},"settings-account-name":{"_":"Ваше имя"},"settings-account-display-notifications":{"_":"Отображать уведомления для новых сообщений"},"settings-sub-header-data":{"_":"Данные"},"settings-account-check-mail":{"_":"Проверка новых сообщений"},"settings-sub-header-server":{"_":"Параметры сервера"},"settings-account-userpass":{"_":"Имя пользователя и пароль"},"fld-account-picker-last-sync":{"_":"Посл. синхронизация:"},"settings-done":{"_":"Готово"},"settings-account-section":{"_":"Учётные записи"},"settings-account-add":{"_":"Добавить учётную запись"},"settings-account-delete":{"_":"Удалить учётную запись"},"settings-account-delete-prompt":{"_":"Вы уверены, что хотите удалить вашу учётную запись эл. почты {{account}}? Если вы снова создадите эту учётную запись, вам придётся повторно загрузить вашу почту."},"settings-account-delete-cancel":{"_":"Отмена"},"settings-account-delete-confirm":{"_":"Удалить"},"settings-about-section":{"_":"О программе"},"settings-general-section":{"_":"Основные параметры"},"settings-check-mail":{"_":"Проверять почту"},"settings-show-images":{"_":"Всегда показывать изображения"},"settings-download-attachments":{"_":"Загружать вложения "},"settings-notify-mail":{"_":"Уведомлять меня о новой почте"},"settings-check-every-3min":{"_":"Каждые 3 минуты"},"settings-check-every-5min":{"_":"Каждые 5 минут"},"settings-check-every-10min":{"_":"Каждые 10 минут"},"settings-check-every-15min":{"_":"Каждые 15 минут"},"settings-check-every-30min":{"_":"Каждые 30 минут"},"settings-check-every-60min":{"_":"Каждый час"},"settings-check-every-manual":{"_":"Вручную"},"settings-check-dynamic":{"_":"{[ plural(n) ]}","_[zero]":"секунд","_[one]":"{{ n }} секунда","_[two]":"{{ n }} секунды","_[few]":"{{ n }} секунды","_[many]":"{{ n }} секунд","_[other]":"{{ n }} секунд"},"settings-default-account":{"_":"Уч. запись по умолчанию"},"settings-account-type":{"_":"Тип учётной записи"},"settings-account-credentials":{"_":"Учётные данные"},"settings-activesync-label":{"_":"Параметры ActiveSync"},"settings-imap-label":{"_":"Параметры IMAP"},"settings-pop3-label":{"_":"Параметры POP3"},"settings-smtp-label":{"_":"Параметры SMTP"},"settings-hostname":{"_":"Имя сервера:"},"settings-port":{"_":"Порт"},"settings-username":{"_":"Имя пользователя"},"settings-password":{"_":"Пароль"},"settings-save":{"_":"Сохранить"},"settings-password-empty":{"_":"Пароль не должен быть пустым"},"settings-account-synchronize-window":{"_":"Синхронизировать почту"},"settings-synchronize-auto":{"_":"Автоматически"},"settings-synchronize-one-day":{"_":"за 1 день"},"settings-synchronize-three-days":{"_":"за 3 дня"},"settings-synchronize-one-week":{"_":"за 1 неделю"},"settings-synchronize-two-weeks":{"_":"за 2 недели"},"settings-synchronize-one-month":{"_":"за 1 месяц"},"settings-synchronize-all":{"_":"Все сообщения"},"accounts-header":{"_":"Аккаунты"},"accounts-button":{"_":"Аккаунты"},"envelope-from":{"_":"От"},"envelope-to":{"_":"Кому"},"envelope-cc":{"_":"Копия"},"envelope-bcc":{"_":"Скрытая копия"},"reader-header":{"_":"Чтение"},"compose-header":{"_":"Составить сообщение"},"compose-header-short":{"_":"Составить"},"compose-send":{"_":"Послать"},"compose-to":{"_":"Кому"},"compose-cc":{"_":"Копия"},"compose-bcc":{"_":"Скрытая копия"},"compose-attachments":{"_":"{[ plural(n) ]}","_[zero]":"Вложения","_[one]":"{{ n }} вложение","_[two]":"{{ n }} вложения","_[few]":"{{ n }} вложения","_[many]":"{{ n }} вложений","_[other]":"{{ n }} вложений"},"compose-subject":{"_":"Тема"},"compose-draft-save":{"_":"Сохранить в Локальные Черновики"},"compose-discard-message":{"_":"Выбросить черновик письма?"},"compose-discard-confirm":{"_":"Выбросить черновик"},"compose-sending-message":{"_":"Отправка почты"},"compose-send-message-failed":{"_":"Отправка почты не удалась"},"composer-attachment-large":{"_":"Слишком большое вложение"},"composer-attachments-large":{"_":"Слишком большие вложения"},"compose-attchment-size-exceeded":{"_":"Выбранное вложение слишком велико для отправки с этим сообщением."},"compose-attchments-size-exceeded":{"_":"Выбранные вложения слишком велики для отправки с этим сообщением. Попробуйте выбрать меньше файлов."},"dialog-button-ok":{"_":"OK"},"default-attachment-filename":{"_":"вложение{{ n }}"},"attachment-size-kib":{"_":"{{kilobytes}}K"},"message-attachment-view":{"textContent":"Просмотр"},"message-no-subject":{"_":"(без темы)"},"message-edit-menu-star":{"_":"Отметить звёздочкой"},"message-edit-menu-unstar":{"_":"Снять звёздочку"},"message-edit-menu-mark-read":{"_":"Отметить как прочитанное"},"message-edit-menu-mark-unread":{"_":"Отметить как непрочитанное"},"message-edit-menu-move":{"_":"Переместить"},"message-edit-menu-delete":{"_":"Удалить"},"message-edit-delete-confirm":{"_":"Удалить сообщение эл. почты?"},"message-send-attachment-disabled-confirm":{"_":"Вложения не могут быть пересланы."},"message-multiedit-header":{"_":"{[ plural(n) ]}","_[zero]":"Изменить","_[one]":"{{ n }} выделен","_[two]":"{{ n }} выделено","_[few]":"{{ n }} выделено","_[many]":"{{ n }} выделено","_[other]":"{{ n }} выделено"},"browse-to-url-prompt":{"_":"Перейти к URL?: {{ url }}"},"message-download-images":{"_":"{[ plural(n) ]}","_[one]":"Письмо содержит {{ n }} изображение. Нажмите, чтобы загрузить.","_[two]":"Письмо содержит {{ n }} изображения. Нажмите, чтобы загрузить.","_[few]":"Письмо содержит {{ n }} изображения. Нажмите, чтобы загрузить.","_[many]":"Письмо содержит {{ n }} изображений. Нажмите, чтобы загрузить.","_[other]":"Письмо содержит {{ n }} изображений. Нажмите, чтобы загрузить."},"message-show-external-images":{"_":"Показать внешние изображения"},"message-multiedit-cancel":{"_":"Отмена"},"message-multiedit-delete-confirm":{"_":"{[ plural(n) ]}","_[one]":"Удалить {{ n }} сообщение эл. почты?","_[two]":"Удалить {{ n }} сообщения эл. почты?","_[few]":"Удалить {{ n }} сообщения эл. почты?","_[many]":"Удалить {{ n }} сообщений эл. почты?","_[other]":"Удалить {{ n }} сообщений эл. почты?"},"message-large-message-cancel":{"_":"Отмена"},"message-large-message-ok":{"_":"Продолжить"},"message-large-message-confirm":{"_":"Это сообщение довольно большое и его загрузка может занять некоторое время."},"message-search-from":{"_":"От"},"message-search-to":{"_":"Кому"},"message-search-subject":{"_":"Тема"},"message-search-body":{"_":"Тело"},"message-search-all":{"_":"Всё"},"message-search-input":{"placeholder":"Поиск в почте"},"message-search-cancel-accessible":{"_":"Отменить поиск"},"messages-syncing":{"_":"Загрузка сообщений"},"messages-sync-more":{"_":"Загрузить больше сообщений"},"messages-folder-empty":{"_":"В папке нет почты"},"messages-search-empty":{"_":"Нет совпадений в локально закэшированных сообщениях"},"messages-folder-select":{"_":"Выбрать папку"},"message-contact-menu-create":{"_":"Сохранить новый контакт"},"message-contact-menu-add-existing":{"_":"Добавить в существующий контакт"},"message-contact-menu-view":{"_":"Просмотр контакта"},"message-contact-menu-reply":{"_":"Ответить"},"message-contact-menu-new":{"_":"Послать новое сообщение"},"message-reply-menu-reply":{"_":"Ответить"},"message-reply-menu-reply-all":{"_":"Ответить всем"},"message-reply-menu-forward":{"_":"Переслать"},"message-reply-menu-cancel":{"_":"Отмена"},"folder-list-header":{"_":"Папки"},"account-last-synced-label":{"_":"Посл. синхронизация:"},"account-never-synced":{"_":"Никогда"},"reply-quoting-wrote":{"_":"{name} написал"},"forward-original-message":{"_":"Исходное сообщение"},"forward-header-subject":{"_":"Тема"},"forward-header-date":{"_":"Дата"},"forward-header-from":{"_":"От"},"forward-header-reply-to":{"_":"Обратный адрес"},"forward-header-to":{"_":"Кому"},"forward-header-cc":{"_":"Копия"},"folder-inbox":{"_":"Входящие"},"folder-sent":{"_":"Отправленные"},"folder-drafts":{"_":"Черновики"},"folder-trash":{"_":"Удалённые"},"folder-queue":{"_":"Исходящие"},"folder-junk":{"_":"Спам"},"folder-archives":{"_":"Архивы"},"folder-localdrafts":{"_":"Локальные Черновики"},"toaster-undo":{"_":"Отменить"},"toaster-retry":{"_":"Повторить"},"toaster-message-star":{"_":"{[ plural(n) ]}","_[one]":"Установлен флаг для {{ n }} сообщения","_[two]":"Установлен флаг для {{ n }} сообщений","_[few]":"Установлен флаг для {{ n }} сообщений","_[many]":"Установлен флаг для {{ n }} сообщений","_[other]":"Установлен флаг для {{ n }} сообщений"},"toaster-message-unstar":{"_":"{[ plural(n) ]}","_[one]":"Удалён флаг для {{ n }} сообщения","_[two]":"Удалён флаг для {{ n }} сообщений","_[few]":"Удалён флаг для {{ n }} сообщений","_[many]":"Удалён флаг для {{ n }} сообщений","_[other]":"Удалён флаг для {{ n }} сообщений"},"toaster-message-read":{"_":"{[ plural(n) ]}","_[one]":"{{ n }} сообщение отмечено как прочитанное","_[two]":"{{ n }} сообщения отмечено как прочитанные","_[few]":"{{ n }} сообщения отмечено как прочитанные","_[many]":"{{ n }} сообщений отмечены как прочитанные","_[other]":"{{ n }} сообщений отмечены как прочитанные"},"toaster-message-unread":{"_":"{[ plural(n) ]}","_[one]":"{{ n }} сообщение отмечено как непрочитанное","_[two]":"{{ n }} сообщения отмечено как непрочитанные","_[few]":"{{ n }} сообщения отмечено как непрочитанные","_[many]":"{{ n }} сообщений отмечены как непрочитанные","_[other]":"{{ n }} сообщений отмечены как непрочитанные"},"toaster-message-move":{"_":"{[ plural(n) ]}","_[one]":"{{ n }} сообщение перемещено","_[two]":"{{ n }} сообщения перемещено","_[few]":"{{ n }} сообщения перемещено","_[many]":"{{ n }} сообщений перемещены","_[other]":"{{ n }} сообщений перемещены"},"toaster-message-delete":{"_":"{[ plural(n) ]}","_[one]":"{{ n }} сообщение удалено","_[two]":"{{ n }} сообщения удалено","_[few]":"{{ n }} сообщения удалено","_[many]":"{{ n }} сообщений удалены","_[other]":"{{ n }} сообщений удалены"},"toaster-retryable-syncfailed":{"_":"Не удалось соединиться с сервером"},"form-clear-input":{"_":"Удалить текст"},"confirm-dialog-title":{"_":"Подтверждение"},"senders-separation-sign":{"_":", "},"new-emails":{"_":"{[ plural(n) ]}","_[one]":"{{ n }} новое письмо","_[two]":"{{ n }} новых письма","_[few]":"{{ n }} новых письма","_[many]":"{{ n }} новых писем","_[other]":"{{ n }} новых писем"},"new-emails-notify-one-account":{"_":"{[ plural(n) ]}","_[one]":"{{ n }} новое письмо","_[two]":"{{ n }} новых письма","_[few]":"{{ n }} новых письма","_[many]":"{{ n }} новых писем","_[other]":"{{ n }} новых писем"},"new-emails-notify-multiple-accounts":{"_":"{[ plural(n) ]}","_[one]":"{{ n }} новое письмо ({{ accountName }})","_[two]":"{{ n }} новых письма ({{ accountName }})","_[few]":"{{ n }} новых письма ({{ accountName }})","_[many]":"{{ n }} новых писем ({{ accountName }})","_[other]":"{{ n }} новых писем ({{ accountName }})"},"new-emails-notify-multiple-accounts-body":{"_":"{{ from }} “{{ subject }}”"},"weekday-0-long":{"_":"Воскресенье"},"weekday-1-long":{"_":"Понедельник"},"weekday-2-long":{"_":"Вторник"},"weekday-3-long":{"_":"Среда"},"weekday-4-long":{"_":"Четверг"},"weekday-5-long":{"_":"Пятница"},"weekday-6-long":{"_":"Суббота"},"weekday-0-short":{"_":"Вс"},"weekday-1-short":{"_":"Пн"},"weekday-2-short":{"_":"Вт"},"weekday-3-short":{"_":"Ср"},"weekday-4-short":{"_":"Чт"},"weekday-5-short":{"_":"Пт"},"weekday-6-short":{"_":"Сб"},"month-0-long":{"_":"Январь"},"month-1-long":{"_":"Февраль"},"month-2-long":{"_":"Март"},"month-3-long":{"_":"Апрель"},"month-4-long":{"_":"Май"},"month-5-long":{"_":"Июнь"},"month-6-long":{"_":"Июль"},"month-7-long":{"_":"Август"},"month-8-long":{"_":"Сентябрь"},"month-9-long":{"_":"Октябрь"},"month-10-long":{"_":"Ноябрь"},"month-11-long":{"_":"Декабрь"},"month-0-genitive":{"_":"января"},"month-1-genitive":{"_":"февраля"},"month-2-genitive":{"_":"марта"},"month-3-genitive":{"_":"апреля"},"month-4-genitive":{"_":"мая"},"month-5-genitive":{"_":"июня"},"month-6-genitive":{"_":"июля"},"month-7-genitive":{"_":"августа"},"month-8-genitive":{"_":"сентября"},"month-9-genitive":{"_":"октября"},"month-10-genitive":{"_":"ноября"},"month-11-genitive":{"_":"декабря"},"month-0-short":{"_":"Январь"},"month-1-short":{"_":"Февраль"},"month-2-short":{"_":"Март"},"month-3-short":{"_":"Апрель"},"month-4-short":{"_":"Май"},"month-5-short":{"_":"Июнь"},"month-6-short":{"_":"Июль"},"month-7-short":{"_":"Август"},"month-8-short":{"_":"Сентябрь"},"month-9-short":{"_":"Октябрь"},"month-10-short":{"_":"Ноябрь"},"month-11-short":{"_":"Декабрь"},"minutes-ago-long":{"_":"{[ plural(value) ]}","_[zero]":"прямо сейчас","_[one]":"{{value}} минуту назад","_[two]":"{{value}} минуты назад","_[few]":"{{value}} минуты назад","_[many]":"{{value}} минут назад","_[other]":"{{value}} минут назад"},"hours-ago-long":{"_":"{[ plural(value) ]}","_[zero]":"прямо сейчас","_[one]":"{{value}} час назад","_[two]":"{{value}} часа назад","_[few]":"{{value}} часа назад","_[many]":"{{value}} часов назад","_[other]":"{{value}} часов назад"},"days-ago-long":{"_":"{[ plural(value) ]}","_[zero]":"сегодня","_[one]":"{{value}} день назад","_[two]":"{{value}} дня назад","_[few]":"{{value}} дня назад","_[many]":"{{value}} дней назад","_[other]":"{{value}} дней назад"},"weeks-ago-long":{"_":"{[ plural(value) ]}","_[zero]":"эта неделя","_[one]":"{{value}} неделя назад","_[two]":"{{value}} недели назад","_[few]":"{{value}} недели назад","_[many]":"{{value}} недель назад","_[other]":"{{value}} недель назад"},"months-ago-long":{"_":"{[ plural(value) ]}","_[zero]":"этот месяц","_[one]":"{{value}} месяц назад","_[two]":"{{value}} месяца назад","_[few]":"{{value}} месяца назад","_[many]":"{{value}} месяцев назад","_[other]":"{{value}} месяцев назад"},"years-ago-long":{"_":"{[ plural(value) ]}","_[zero]":"этот год","_[one]":"{{value}} год назад","_[two]":"{{value}} года назад","_[few]":"{{value}} года назад","_[many]":"{{value}} лет назад","_[other]":"{{value}} лет назад"},"minutes-until-long":{"_":"{[ plural(value) ]}","_[zero]":"сейчас","_[one]":"через {{value}} минуту","_[two]":"через {{value}} минуты","_[few]":"через {{value}} минуты","_[many]":"через {{value}} минут","_[other]":"через {{value}} минут"},"hours-until-long":{"_":"{[ plural(value) ]}","_[zero]":"сейчас","_[one]":"через {{value}} час","_[two]":"через {{value}} часа","_[few]":"через {{value}} часа","_[many]":"через {{value}} часов","_[other]":"через {{value}} часов"},"days-until-long":{"_":"{[ plural(value) ]}","_[zero]":"сегодня","_[one]":"через {{value}} день","_[two]":"через {{value}} дня","_[few]":"через {{value}} дня","_[many]":"через {{value}} дней","_[other]":"через {{value}} дней"},"weeks-until-long":{"_":"{[ plural(value) ]}","_[zero]":"эта неделя","_[one]":"через {{value}} неделю","_[two]":"через {{value}} недели","_[few]":"через {{value}} недели","_[many]":"через {{value}} недель","_[other]":"через {{value}} недель"},"months-until-long":{"_":"{[ plural(value) ]}","_[zero]":"этот месяц","_[one]":"через {{value}} месяц","_[two]":"через {{value}} месяца","_[few]":"через {{value}} месяца","_[many]":"через {{value}} месяцев","_[other]":"через {{value}} месяцев"},"years-until-long":{"_":"{[ plural(value) ]}","_[zero]":"этот год","_[one]":"через {{value}} год","_[two]":"через {{value}} года","_[few]":"через {{value}} года","_[many]":"через {{value}} лет","_[other]":"через {{value}} лет"},"minutes-ago-short":{"_":"{[ plural(value) ]}","_[zero]":"сейчас","_[other]":"{{value}}м назад"},"hours-ago-short":{"_":"{[ plural(value) ]}","_[zero]":"сейчас","_[other]":"{{value}}ч назад"},"days-ago-short":{"_":"{[ plural(value) ]}","_[zero]":"сегодня","_[other]":"{{value}}д назад"},"minutes-until-short":{"_":"{[ plural(value) ]}","_[zero]":"сейчас","_[other]":"через {{value}}м"},"hours-until-short":{"_":"{[ plural(value) ]}","_[zero]":"сейчас","_[other]":"через {{value}}ч"},"days-until-short":{"_":"{[ plural(value) ]}","_[zero]":"сегодня","_[other]":"через {{value}}д"},"incorrectDate":{"_":"(некорректная дата)"},"dateTimeFormat_%c":{"_":"%a, %e %Eb %Y, %H:%M:%S"},"dateTimeFormat_%x":{"_":"%d.%m.%Y"},"dateTimeFormat_%X":{"_":"%H:%M:%S"},"shortTimeFormat":{"_":"%H:%M"},"shortDateTimeFormat":{"_":"%x %H:%M"},"weekStartsOnMonday":{"_":"1"},"time_am":{"_":"AM"},"time_pm":{"_":"PM"}}