{"setup-app-name-header":{"_":"Pošta"},"setup-empty-account-prompt":{"_":"Nemáte nastavený účet, aby ste mohli prijímať a odosielať správy. Chcete tak spraviť teraz?"},"setup-pick-service":{"_":"Ak chcete odosielať a prijímať správy, musíte mať nastavený svoj účet."},"setup-account-header3":{"_":"Nový účet"},"setup-info-name":{"placeholder":"Vaše meno"},"setup-info-email":{"placeholder":"priklad@priklad.sk"},"setup-info-password":{"placeholder":"Heslo"},"setup-info-next":{"_":"Ďalej"},"setup-progress-wait-msg":{"_":"Účet sa nastavuje"},"setup-completed-header":{"_":"Poštový účet"},"setup-completed-label":{"_":"Hotovo"},"setup-add-another-account":{"_":"Pridať ďalší účet"},"setup-show-mail":{"_":"Prejsť na Poštu"},"setup-error-offline":{"_":"Zariadenie pracuje v režime offline. Pripojte sa k sieti a skúste to znova."},"setup-error-bad-user-or-pass2":{"_":"Neplatné používateľské meno alebo heslo. Overte ich platnosť."},"setup-error-bad-address":{"_":"Neplatná e-mailová adresa. Skontrolujte možné preklepy."},"setup-error-not-authorized":{"_":"Nemáte dostatočné práva na vytvorenie účtu"},"setup-error-pop-server-not-great":{"_":"Server nie je podporovaný. Server POP3 nemá implementované požadované funkcie."},"setup-error-unknown2":{"_":"Vyskytla sa neznáma chyba. Skontrolujte pripojenie k sieti alebo skúste účet nastaviť manuálne."},"setup-error-needs-app-pass":{"_":"Na prihlásenie pomocou verifikácie v dvoch krokoch na účte služby Gmail musíte zadať heslo aplikácie"},"setup-error-imap-disabled":{"_":"Na svojom účte služby Gmail musíte povoliť IMAP"},"setup-error-pop3-disabled":{"_":"Na svojom účte služby Gmail musíte povoliť POP3"},"setup-error-bad-security":{"_":"Nie je možné vytvoriť zabezpečené spojenie so serverom \"{{server}}\". Problém môže byť na strane servera alebo v sieti."},"setup-error-unresponsive-server":{"_":"Nie je možné vytvoriť spojenie so serverom \"{{server}}\". Skontrolujte pripojenie k sieti."},"setup-error-server-problem":{"_":"Pri komunikácii so serverom \"{{server}}\" sa vyskytla chyba. Skúste to neskôr."},"setup-error-no-config-info":{"_":"Automatické nastavenie účtu zlyhalo. Skontrolujte správnosť zadanej e-mailovej adresy alebo skúste účet nastaviť manuálne."},"setup-error-server-maintenance":{"_":"Práve prebieha údržba servera \"{{server}}\". Skúste to neskôr."},"setup-error-account-already-exists":{"_":"Tento účet je už nastavený."},"setup-manual-config2":{"_":"Manuálne nastavenie"},"setup-manual-config-header":{"_":"Zadajte údaje"},"setup-manual-account-type":{"_":"Typ účtu"},"setup-manual-imap-header":{"_":"Nastavenia IMAP"},"setup-manual-pop3-header":{"_":"Nastavenia POP3"},"setup-manual-smtp-header":{"_":"Nastavenia SMTP"},"setup-manual-activesync-header":{"_":"Nastavenia ActiveSync"},"setup-manual-next":{"_":"Ďalej"},"setup-manual-socket":{"_":"Typ socketu"},"setup-manual-socket-ssl":{"_":"SSL"},"setup-manual-socket-starttls":{"_":"STARTTLS"},"setup-manual-hostname":{"placeholder":"Server"},"setup-manual-port":{"placeholder":"Číslo portu"},"setup-manual-username":{"placeholder":"Používateľské meno"},"setup-bad-password-header":{"_":"Neplatné heslo"},"setup-bad-password":{"_":"Prihlásenie na server zlyhalo. Použili ste správne heslo?"},"setup-new-password":{"placeholder":"Nové heslo"},"setup-fix-password":{"_":"Skúsiť znova s novým heslom"},"setup-gmail-twofactor-header":{"_":"Prihlásenie pomocou verifikácie v dvoch krokoch zapnuté"},"setup-gmail-twofactor-message":{"_":"Musíte zadať heslo aplikácie."},"setup-gmail-twofactor-fix":{"_":"Použiť heslo aplikácie"},"setup-gmail-imap-header":{"_":"IMAP nie je povolený"},"setup-gmail-imap-message":{"_":"Na svojom účte služby Gmail musíte povoliť IMAP "},"setup-gmail-imap-retry":{"_":"Znova"},"setup-gmail-pop3-header":{"_":"POP3 je vypnuté"},"setup-gmail-pop3-message":{"_":"Na svojom účte služby Gmail musíte povoliť POP3"},"setup-gmail-pop3-retry":{"_":"Znova"},"settings-main-header":{"_":"Nastavenie pošty"},"settings-sub-header-account":{"_":"Účet"},"settings-account-name":{"_":"Vaše meno"},"settings-account-display-notifications":{"_":"Zobrazovať upozornenia na nové správy"},"settings-sub-header-data":{"_":"Údaje"},"settings-account-check-mail":{"_":"Vyhľadávať nové správy"},"settings-sub-header-server":{"_":"Nastavenia servera"},"settings-account-userpass":{"_":"Používateľské meno a heslo"},"fld-account-picker-last-sync":{"_":"Synchronizované:"},"settings-done":{"_":"Hotovo"},"settings-account-section":{"_":"Účty"},"settings-account-add":{"_":"Pridať účet"},"settings-account-delete":{"_":"Odstrániť účet"},"settings-account-delete-prompt":{"_":"Naozaj chcete odstrániť poštový účet {{account}}? Ak následne účet znova vytvoríte, budete musieť opätovne prevziať všetky e-mailové správy."},"settings-account-delete-cancel":{"_":"Zrušiť"},"settings-account-delete-confirm":{"_":"Odstrániť"},"settings-about-section":{"_":"Čo je"},"settings-general-section":{"_":"Všeobecné nastavenia"},"settings-check-mail":{"_":"Kontrolovať poštu"},"settings-show-images":{"_":"Vždy zobrazovať obrázky"},"settings-download-attachments":{"_":"Prevziať prílohy"},"settings-notify-mail":{"_":"Upozornenie na novú správu"},"settings-check-every-3min":{"_":"každé 3 minúty"},"settings-check-every-5min":{"_":"každých 5 minút"},"settings-check-every-10min":{"_":"každých 10 minút"},"settings-check-every-15min":{"_":"každých 15 minút"},"settings-check-every-30min":{"_":"každých 30 minút"},"settings-check-every-60min":{"_":"každú hodinu"},"settings-check-every-manual":{"_":"manuálne"},"settings-check-dynamic":{"_":"{[ plural(n) ]}","_[zero]":"sekúnd","_[one]":"{{ n }} sekundu","_[two]":"{{ n }} sekundy","_[few]":"{{ n }} sekundy","_[many]":"{{ n }} sekúnd","_[other]":"{{ n }} sekúnd"},"settings-default-account":{"_":"Nastaviť ako predvolený účet"},"settings-account-type":{"_":"Typ účtu"},"settings-account-credentials":{"_":"Prihlasovacie údaje"},"settings-activesync-label":{"_":"Nastavenia ActiveSync"},"settings-imap-label":{"_":"Nastavenia IMAP"},"settings-pop3-label":{"_":"Nastavenia POP3"},"settings-smtp-label":{"_":"Nastavenia SMTP"},"settings-hostname":{"_":"Server"},"settings-port":{"_":"Port"},"settings-username":{"_":"Používateľské meno"},"settings-password":{"_":"Heslo"},"settings-save":{"_":"Uložiť"},"settings-password-empty":{"_":"Pole s heslom nesmie byť prázdne"},"settings-account-synchronize-window":{"_":"Obdobie na synchronizáciu"},"settings-synchronize-auto":{"_":"Automaticky"},"settings-synchronize-one-day":{"_":"1 deň"},"settings-synchronize-three-days":{"_":"3 dni"},"settings-synchronize-one-week":{"_":"1 týždeň"},"settings-synchronize-two-weeks":{"_":"2 týždne"},"settings-synchronize-one-month":{"_":"1 mesiac"},"settings-synchronize-all":{"_":"Všetky správy"},"accounts-header":{"_":"Účty"},"accounts-button":{"_":"Účty"},"envelope-from":{"_":"Od"},"envelope-to":{"_":"Komu"},"envelope-cc":{"_":"Kópia"},"envelope-bcc":{"_":"Skrytá kópia"},"reader-header":{"_":"Čítanie"},"compose-header":{"_":"Vytvorenie správy"},"compose-header-short":{"_":"Nová správa"},"compose-send":{"_":"Odoslať"},"compose-to":{"_":"Komu"},"compose-cc":{"_":"Kópia"},"compose-bcc":{"_":"Skrytá kópia"},"compose-attachments":{"_":"{[ plural(n) ]}","_[zero]":"Prílohy","_[one]":"{{ n }} príloha","_[two]":"{{ n }} prílohy","_[few]":"{{ n }} prílohy","_[many]":"{{ n }} príloh","_[other]":"{{ n }} príloh"},"compose-subject":{"_":"Predmet"},"compose-draft-save":{"_":"Uložiť medzi Lokálne návrhy"},"compose-discard-message":{"_":"Zahodiť správu?"},"compose-discard-confirm":{"_":"Zahodiť"},"compose-sending-message":{"_":"Odosiela sa správa"},"compose-send-message-failed":{"_":"Odoslania správy zlyhalo"},"composer-attachment-large":{"_":"Príloha je príliš veľká"},"composer-attachments-large":{"_":"Prílohy sú príliš veľké"},"compose-attchment-size-exceeded":{"_":"Zvolená príloha je príliš veľká, aby mohla byť odoslaná v tejto správe."},"compose-attchments-size-exceeded":{"_":"Zvolené prílohy sú príliš veľké, aby mohli byť odoslané v tejto správe. Skúste priložiť menej súborov."},"dialog-button-ok":{"_":"OK"},"default-attachment-filename":{"_":"attachment{{ n }}"},"attachment-size-kib":{"_":"{{kilobytes}} kB"},"message-attachment-view":{"textContent":"Zobraziť"},"message-no-subject":{"_":"(bez predmetu)"},"message-edit-menu-star":{"_":"Označiť hviezdou"},"message-edit-menu-unstar":{"_":"Zrušiť označenie hviezdou"},"message-edit-menu-mark-read":{"_":"Označiť ako prečítané"},"message-edit-menu-mark-unread":{"_":"Označiť ako neprečítané"},"message-edit-menu-move":{"_":"Presunúť"},"message-edit-menu-delete":{"_":"Odstrániť"},"message-edit-delete-confirm":{"_":"Odstrániť e-mailovú správu?"},"message-send-attachment-disabled-confirm":{"_":"Prílohy nie je možné odoslať ďalej."},"message-multiedit-header":{"_":"{[ plural(n) ]}","_[zero]":"Upraviť","_[one]":"{{ n }} označená","_[two]":"{{ n }} označené","_[few]":"{{ n }} označené","_[many]":"{{ n }} označených","_[other]":"{{ n }} označených"},"browse-to-url-prompt":{"_":"Prejsť na adresu: {{ url }}"},"message-download-images":{"_":"{[ plural(n) ]}","_[one]":"Táto správa obsahuje jeden obrázok. Ťuknutím sem ho prevezmete.","_[two]":"Táto správa obsahuje {{ n }} obrázky. Ťuknutím sem ich prevezmete.","_[few]":"Táto správa obsahuje {{ n }} obrázky. Ťuknutím sem ich prevezmete.","_[many]":"Táto správa obsahuje {{ n }} obrázkov. Ťuknutím sem ich prevezmete.","_[other]":"Táto správa obsahuje {{ n }} obrázkov. Ťuknutím sem ich prevezmete."},"message-show-external-images":{"_":"Zobraziť externé obrázky"},"message-multiedit-cancel":{"_":"Zrušiť"},"message-multiedit-delete-confirm":{"_":"{[ plural(n) ]}","_[one]":"Naozaj chcete odstrániť túto e-mailovú správu?","_[two]":"Naozaj chcete odstrániť {{ n }} e-mailové správy?","_[few]":"Naozaj chcete odstrániť {{ n }} e-mailové správy?","_[many]":"Naozaj chcete odstrániť {{ n }} e-mailových správ?","_[other]":"Naozaj chcete odstrániť {{ n }} e-mailových správ?"},"message-large-message-cancel":{"_":"Zrušiť"},"message-large-message-ok":{"_":"Pokračovať"},"message-large-message-confirm":{"_":"Táto správa je veľká a jej prevzatie môže trvať dlhšie."},"message-search-from":{"_":"Od"},"message-search-to":{"_":"Komu"},"message-search-subject":{"_":"Predmet"},"message-search-body":{"_":"Telo"},"message-search-all":{"_":"Všetko"},"message-search-input":{"placeholder":"Prehľadávať správy"},"message-search-cancel-accessible":{"_":"Zrušiť vyhľadávanie"},"messages-syncing":{"_":"Načítavajú sa správy"},"messages-sync-more":{"_":"Načítať ďalšie správy zo servera"},"messages-folder-empty":{"_":"V tomto priečinku sa nenachádza žiadna správa"},"messages-search-empty":{"_":"Žiadne zhodné správy v lokálnej vyrovnávacej pamäti"},"messages-folder-select":{"_":"Zvoliť priečinok"},"message-contact-menu-create":{"_":"Uložiť nový kontakt"},"message-contact-menu-add-existing":{"_":"Pridať k existujúcemu kontaktu"},"message-contact-menu-view":{"_":"Zobraziť kontakt"},"message-contact-menu-reply":{"_":"Odpovedať"},"message-contact-menu-new":{"_":"Odoslať novú správu"},"message-reply-menu-reply":{"_":"Odpovedať"},"message-reply-menu-reply-all":{"_":"Odpovedať všetkým"},"message-reply-menu-forward":{"_":"Poslať ďalej"},"message-reply-menu-cancel":{"_":"Zrušiť"},"folder-list-header":{"_":"Priečinky"},"account-last-synced-label":{"_":"Synchronizované: "},"account-never-synced":{"_":"Nikdy"},"reply-quoting-wrote":{"_":"{name} napísal"},"forward-original-message":{"_":"Pôvodná správa"},"forward-header-subject":{"_":"Predmet"},"forward-header-date":{"_":"Dátum"},"forward-header-from":{"_":"Od"},"forward-header-reply-to":{"_":"Odpoveď na"},"forward-header-to":{"_":"Komu"},"forward-header-cc":{"_":"Kópia"},"folder-inbox":{"_":"Doručená pošta"},"folder-sent":{"_":"Odoslaná pošta"},"folder-drafts":{"_":"Návrhy"},"folder-trash":{"_":"Odpadkový kôš"},"folder-queue":{"_":"Pošta na odoslanie"},"folder-junk":{"_":"Spam"},"folder-archives":{"_":"Archívy"},"folder-localdrafts":{"_":"Lokálne návrhy"},"toaster-undo":{"_":"Späť"},"toaster-retry":{"_":"Znova"},"toaster-message-star":{"_":"{[ plural(n) ]}","_[one]":"1 správa bola označená hviezdou","_[two]":"{{ n }} správy boli označené hviezdou","_[few]":"{{ n }} správy boli označené hviezdou","_[many]":"{{ n }} správ bolo označených hviezdou","_[other]":"{{ n }} správ bolo označených hviezdou"},"toaster-message-unstar":{"_":"{[ plural(n) ]}","_[one]":"Označenie hviezdou bolo odstránené pre 1 správu","_[two]":"Označenie hviezdou bolo odstránené pre {{ n }} správy","_[few]":"Označenie hviezdou bolo odstránené pre {{ n }} správy","_[many]":"Označenie hviezdou bolo odstránené pre {{ n }} správ","_[other]":"Označenie hviezdou bolo odstránené pre {{ n }} správ"},"toaster-message-read":{"_":"{[ plural(n) ]}","_[one]":"1 správa bola označená ako prečítaná","_[two]":"{{ n }} správy boli označené ako prečítané","_[few]":"{{ n }} správy boli označené ako prečítané","_[many]":"{{ n }} správ bolo označených ako prečítané","_[other]":"{{ n }} správ bolo označených ako prečítané"},"toaster-message-unread":{"_":"{[ plural(n) ]}","_[one]":"1 správa bola označená ako neprečítaná","_[two]":"{{ n }} správy boli označené ako neprečítané","_[few]":"{{ n }} správy boli označené ako neprečítané","_[many]":"{{ n }} správ bolo označených ako neprečítané","_[other]":"{{ n }} správ bolo označených ako neprečítané"},"toaster-message-move":{"_":"{[ plural(n) ]}","_[one]":"1 správa bola presunutá","_[two]":"{{ n }} správy boli presunuté","_[few]":"{{ n }} správy boli presunuté","_[many]":"{{ n }} správ bolo presunutých","_[other]":"{{ n }} správ bolo presunutých"},"toaster-message-delete":{"_":"{[ plural(n) ]}","_[one]":"1 správa bola odstránená","_[two]":"{{ n }} správy boli odstránené","_[few]":"{{ n }} správy boli odstránené","_[many]":"{{ n }} správ bolo odstránených","_[other]":"{{ n }} správ bolo odstránených"},"toaster-retryable-syncfailed":{"_":"Pripojenie k serveru zlyhalo"},"form-clear-input":{"_":"Odstrániť text"},"confirm-dialog-title":{"_":"Potvrdenie"},"senders-separation-sign":{"_":", "},"new-emails":{"_":"{[ plural(n) ]}","_[one]":"1 nová e-mailová správa","_[two]":"{{ n }} nové e-mailové správy","_[few]":"{{ n }} nové e-mailové správy","_[many]":"{{ n }} nových e-mailových správ","_[other]":"{{ n }} nových e-mailových správ"},"new-emails-notify-one-account":{"_":"{[ plural(n) ]}","_[one]":"1 nová e-mailová správa","_[two]":"{{ n }} nové e-mailové správy","_[few]":"{{ n }} nové e-mailové správy","_[many]":"{{ n }} nových e-mailových správ","_[other]":"{{ n }} nových e-mailových správ"},"new-emails-notify-multiple-accounts":{"_":"{[ plural(n) ]}","_[one]":"1 nová e-mailová správa ({{ accountName }})","_[two]":"{{ n }} nové e-mailové správy ({{ accountName }})","_[few]":"{{ n }} nové e-mailové správy ({{ accountName }})","_[many]":"{{ n }} nových e-mailových správ ({{ accountName }})","_[other]":"{{ n }} nových e-mailových správ ({{ accountName }})"},"new-emails-notify-multiple-accounts-body":{"_":"{{ from }} “{{ subject }}”"},"weekday-0-long":{"_":"Nedeľa"},"weekday-1-long":{"_":"Pondelok"},"weekday-2-long":{"_":"Utorok"},"weekday-3-long":{"_":"Streda"},"weekday-4-long":{"_":"Štvrtok"},"weekday-5-long":{"_":"Piatok"},"weekday-6-long":{"_":"Sobota"},"weekday-0-short":{"_":"Ne"},"weekday-1-short":{"_":"Po"},"weekday-2-short":{"_":"Ut"},"weekday-3-short":{"_":"St"},"weekday-4-short":{"_":"Št"},"weekday-5-short":{"_":"Pi"},"weekday-6-short":{"_":"So"},"month-0-long":{"_":"Január"},"month-1-long":{"_":"Február"},"month-2-long":{"_":"Marec"},"month-3-long":{"_":"Apríl"},"month-4-long":{"_":"Máj"},"month-5-long":{"_":"Jún"},"month-6-long":{"_":"Júl"},"month-7-long":{"_":"August"},"month-8-long":{"_":"September"},"month-9-long":{"_":"Október"},"month-10-long":{"_":"November"},"month-11-long":{"_":"December"},"month-0-genitive":{"_":"januára"},"month-1-genitive":{"_":"februára"},"month-2-genitive":{"_":"marca"},"month-3-genitive":{"_":"apríla"},"month-4-genitive":{"_":"mája"},"month-5-genitive":{"_":"júna"},"month-6-genitive":{"_":"júla"},"month-7-genitive":{"_":"augusta"},"month-8-genitive":{"_":"septembra"},"month-9-genitive":{"_":"októbra"},"month-10-genitive":{"_":"novembra"},"month-11-genitive":{"_":"decembra"},"month-0-short":{"_":"jan"},"month-1-short":{"_":"feb"},"month-2-short":{"_":"mar"},"month-3-short":{"_":"apr"},"month-4-short":{"_":"máj"},"month-5-short":{"_":"jún"},"month-6-short":{"_":"júl"},"month-7-short":{"_":"aug"},"month-8-short":{"_":"sep"},"month-9-short":{"_":"okt"},"month-10-short":{"_":"nov"},"month-11-short":{"_":"dec"},"minutes-ago-long":{"_":"{[ plural(value) ]}","_[zero]":"teraz","_[one]":"pred minútou","_[two]":"pred {{value}} minútami","_[few]":"pred {{value}} minútami","_[many]":"pred {{value}} minútami","_[other]":"pred {{value}} minútami"},"hours-ago-long":{"_":"{[ plural(value) ]}","_[zero]":"teraz","_[one]":"pred hodinou","_[two]":"pred {{value}} hodinami","_[few]":"pred {{value}} hodinami","_[many]":"pred {{value}} hodinami","_[other]":"pred {{value}} hodinami"},"days-ago-long":{"_":"{[ plural(value) ]}","_[zero]":"dnes","_[one]":"včera","_[two]":"pred {{value}} dňami","_[few]":"pred {{value}} dňami","_[many]":"pred {{value}} dňami","_[other]":"pred {{value}} dňami"},"weeks-ago-long":{"_":"{[ plural(value) ]}","_[zero]":"tento týždeň","_[one]":"minulý týždeň","_[two]":"pred {{value}} týždňami","_[few]":"pred {{value}} týždňami","_[many]":"pred {{value}} týždňami","_[other]":"pred {{value}} týždňami"},"months-ago-long":{"_":"{[ plural(value) ]}","_[zero]":"tento mesiac","_[one]":"minulý mesiac","_[two]":"pred {{value}} mesiacmi","_[few]":"pred {{value}} mesiacmi","_[many]":"pred {{value}} mesiacmi","_[other]":"pred {{value}} mesiacmi"},"years-ago-long":{"_":"{[ plural(value) ]}","_[zero]":"tento rok","_[one]":"minulý rok","_[two]":"pred {{value}} rokmi","_[few]":"pred {{value}} rokmi","_[many]":"pred {{value}} rokmi","_[other]":"pred {{value}} rokmi"},"minutes-until-long":{"_":"{[ plural(value) ]}","_[zero]":"teraz","_[one]":"o minútu","_[two]":"o {{value}} minúty","_[few]":"o {{value}} minúty","_[many]":"o {{value}} minút","_[other]":"o {{value}} minút"},"hours-until-long":{"_":"{[ plural(value) ]}","_[zero]":"teraz","_[one]":"o hodinu","_[two]":"o {{value}} hodiny","_[few]":"o {{value}} hodiny","_[many]":"o {{value}} hodín","_[other]":"o {{value}} hodín"},"days-until-long":{"_":"{[ plural(value) ]}","_[zero]":"dnes","_[one]":"zajtra","_[two]":"o {{value}} dni","_[few]":"o {{value}} dni","_[many]":"o {{value}} dní","_[other]":"o {{value}} dní"},"weeks-until-long":{"_":"{[ plural(value) ]}","_[zero]":"tento týždeň","_[one]":"budúci týždeň","_[two]":"o {{value}} týždne","_[few]":"o {{value}} týždne","_[many]":"o {{value}} týždňov","_[other]":"o {{value}} týždňov"},"months-until-long":{"_":"{[ plural(value) ]}","_[zero]":"tento mesiac","_[one]":"budúci mesiac","_[two]":"o {{value}} mesiace","_[few]":"o {{value}} mesiace","_[many]":"o {{value}} mesiacov","_[other]":"o {{value}} mesiacov"},"years-until-long":{"_":"{[ plural(value) ]}","_[zero]":"tento rok","_[one]":"budúci rok","_[two]":"o {{value}} roky","_[few]":"o {{value}} roky","_[many]":"o {{value}} rokov","_[other]":"o {{value}} rokov"},"minutes-ago-short":{"_":"{[ plural(value) ]}","_[zero]":"teraz","_[other]":"pred {{value}}m"},"hours-ago-short":{"_":"{[ plural(value) ]}","_[zero]":"teraz","_[other]":"pred {{value}}h"},"days-ago-short":{"_":"{[ plural(value) ]}","_[zero]":"dnes","_[other]":"pred {{value}}d"},"minutes-until-short":{"_":"{[ plural(value) ]}","_[zero]":"teraz","_[other]":"o {{value}}m"},"hours-until-short":{"_":"{[ plural(value) ]}","_[zero]":"teraz","_[other]":"o {{value}}h"},"days-until-short":{"_":"{[ plural(value) ]}","_[zero]":"dnes","_[other]":"o {{value}}d"},"incorrectDate":{"_":"(neplatný dátum)"},"dateTimeFormat_%c":{"_":"%a, %e. %b %Y %H:%M:%S"},"dateTimeFormat_%x":{"_":"%d.%m.%Y"},"dateTimeFormat_%X":{"_":"%H:%M:%S"},"shortTimeFormat":{"_":"%H:%M"},"shortDateTimeFormat":{"_":"%x %H:%M"},"weekStartsOnMonday":{"_":"1"},"time_am":{"_":"AM"},"time_pm":{"_":"PM"}}