{"setup-app-name-header":{"_":"Posta"},"setup-empty-account-prompt":{"_":"Nuk keni rregulluar dërgimin ose marrjen e email-eve. Do të donit ta bënit këtë tani?"},"setup-pick-service":{"_":"Që të dërgoni dhe merrni email, do t'ju duhet të rregulloni një llogari."},"setup-account-header3":{"_":"Llogari e Re"},"setup-info-name":{"placeholder":"Emri juaj"},"setup-info-email":{"placeholder":"dikush@shembull.com"},"setup-info-password":{"placeholder":"Fjalëkalim"},"setup-info-next":{"_":"Pasuesi"},"setup-progress-wait-msg":{"_":"Po rregullohet llogaria"},"setup-completed-header":{"_":"Rregullim llogarie poste"},"setup-completed-label":{"_":"Kaq qe!"},"setup-add-another-account":{"_":"Shtoni një llogari tjetër"},"setup-show-mail":{"_":"Vazhdoni te Posta"},"setup-error-offline":{"_":"Kjo pajisje tani është e palidhur. Lidhuni te një rrjet dhe riprovoni."},"setup-error-bad-user-or-pass2":{"_":"Emër përdoruesi ose fjalëkalim i pavlefshëm. Kontrollojini për gabime shkrimi."},"setup-error-bad-address":{"_":"Adresë e-mail e pavlefshme. Kontrollojeni për gabime."},"setup-error-not-authorized":{"_":"Shërbyesi u përgjigj se nuk jeni të autorizuar të krijoni llogari"},"setup-error-pop-server-not-great":{"_":"Shërbyes që nuk mbulohet. Shërbyesi POP3 nuk i ka të sendërtuara veçoritë e kërkuara."},"setup-error-unknown2":{"_":"Ndodhi një gabim i panjohur. Kontrolloni lidhjen tuaj në rrjet ose provoni mundësinë e formësimit dorazi."},"setup-error-needs-app-pass":{"_":"Për llogari Gmail two-factor duhet të përdorni një fjalëkalim specifik për zbatimin"},"setup-error-imap-disabled":{"_":"Për llogarinë tuaj Gmail duhet të aktivizoni IMAP-in"},"setup-error-pop3-disabled":{"_":"Për llogarinë tuaj Gmail duhet të aktivizoni POP3-shin"},"setup-error-bad-security":{"_":"Nuk arrin të vendosë një lidhje të sigurt me \"{{server}}\". Mund të ketë ndonjë problem me rrjetin ose shërbyesin tuaj."},"setup-error-unresponsive-server":{"_":"Nuk arrin të vendosë një lidhje me \"{{server}}\". Mund të ketë ndonjë problem me rrjetin."},"setup-error-server-problem":{"_":"Ka një problem me shërbyesin \"{{server}}\". Riprovoni më vonë."},"setup-error-no-config-info":{"_":"Nuk arrin të formësojë vetvetiu llogarinë tuaj. Saktësoni adresën tuaj e-mail ose provoni mundësinë e formësimit dorazi."},"setup-error-server-maintenance":{"_":"Shërbyesi \"{{server}}\" është jashtë funksionimi, për mirëmbajtje. Riprovoni më vonë."},"setup-error-account-already-exists":{"_":"Kjo llogari është e formësuar tashmë."},"setup-manual-config2":{"_":"Rregullim dorazi"},"setup-manual-config-header":{"_":"Rregullim Dorazi"},"setup-manual-account-type":{"_":"Lloj llogarie"},"setup-manual-imap-header":{"_":"Rregullime IMAP-i"},"setup-manual-pop3-header":{"_":"Rregullime POP3-shi"},"setup-manual-smtp-header":{"_":"Rregullime SMTP-je"},"setup-manual-activesync-header":{"_":"Rregullime ActiveSync-u"},"setup-manual-next":{"_":"Pasuesi"},"setup-manual-socket":{"_":"Lloj Socket-i"},"setup-manual-socket-ssl":{"_":"SSL"},"setup-manual-socket-starttls":{"_":"STARTTLS"},"setup-manual-hostname":{"placeholder":"Strehëemër"},"setup-manual-port":{"placeholder":"Numër Porte"},"setup-manual-username":{"placeholder":"Emër përdoruesi"},"setup-bad-password-header":{"_":"Fjalëkalim i gabuar!"},"setup-bad-password":{"_":"Nuk hymë dot te shërbyesi.  Mos ndoshta fjalëkalimi juaj është gabim?"},"setup-new-password":{"placeholder":"Fjalëkalim i ri"},"setup-fix-password":{"_":"Riprovoni me fjalëkalimin e ri"},"setup-gmail-twofactor-header":{"_":"Two-Factor Aktiv"},"setup-gmail-twofactor-message":{"_":"Lypset të jepni më poshtë një fjalëkalim specifik për zbatimin."},"setup-gmail-twofactor-fix":{"_":"Përdor fjalëkalim zbatimi"},"setup-gmail-imap-header":{"_":"IMAP i Çaktivizuar"},"setup-gmail-imap-message":{"_":"Duhet të aktivizoni IMAP-in te llogaria juaj Gmail "},"setup-gmail-imap-retry":{"_":"Riprovoni"},"setup-gmail-pop3-header":{"_":"POP3 i Çaktivizuar"},"setup-gmail-pop3-message":{"_":"Duhet të aktivizoni POP3-shin te llogaria juaj Gmail"},"setup-gmail-pop3-retry":{"_":"Riprovoni"},"settings-main-header":{"_":"Rregullime Poste"},"settings-sub-header-account":{"_":"Llogari"},"settings-account-name":{"_":"Emri juaj"},"settings-account-display-notifications":{"_":"Shfaq njoftime për mesazhe të reja"},"settings-sub-header-data":{"_":"Të dhëna"},"settings-account-check-mail":{"_":"Kontrollo për mesazhe të reja"},"settings-sub-header-server":{"_":"Rregullime shërbyesi"},"settings-account-userpass":{"_":"Emër përdoruesi dhe fjalëkalim"},"fld-account-picker-last-sync":{"_":"Njëkohësimi më i ri:"},"settings-done":{"_":"U bë"},"settings-account-section":{"_":"Llogari"},"settings-account-add":{"_":"Shtoni Llogari"},"settings-account-delete":{"_":"Fshini llogari"},"settings-account-delete-prompt":{"_":"Jeni i sigurt se doni të fshihet llogaria juaj e postës {{account}}? Nëse e rikrijoni llogarinë, do t'ju duhet të rishkarkoni postën tuaj."},"settings-account-delete-cancel":{"_":"Anuloje"},"settings-account-delete-confirm":{"_":"Fshije"},"settings-about-section":{"_":"Rreth"},"settings-general-section":{"_":"Rregullime të përgjithshme"},"settings-check-mail":{"_":"Kontrollo për postë"},"settings-show-images":{"_":"Figurat shfaqi përherë"},"settings-download-attachments":{"_":"Bashkëngjitjet shkarkoji"},"settings-notify-mail":{"_":"Njoftomë për postë të re"},"settings-check-every-3min":{"_":"Çdo 3 minuta"},"settings-check-every-5min":{"_":"Çdo 5 minuta"},"settings-check-every-10min":{"_":"Çdo 10 minuta"},"settings-check-every-15min":{"_":"Çdo 15 minuta"},"settings-check-every-30min":{"_":"Çdo 3o minuta"},"settings-check-every-60min":{"_":"Çdo orë"},"settings-check-every-manual":{"_":"Dorazi"},"settings-check-dynamic":{"_":"{[ plural(n) ]}","_[zero]":"sekonda","_[one]":"{{ n }} sekondë","_[two]":"{{ n }} sekonda","_[few]":"{{ n }} sekonda","_[many]":"{{ n }} sekonda","_[other]":"{{ n }} sekonda"},"settings-default-account":{"_":"Caktoje si email parazgjedhje"},"settings-account-type":{"_":"Lloj llogarie"},"settings-account-credentials":{"_":"Kredenciale"},"settings-activesync-label":{"_":"Rregullime ActiveSync-u"},"settings-imap-label":{"_":"Rregullime IMAP-i"},"settings-pop3-label":{"_":"Rregullime POP3-shi"},"settings-smtp-label":{"_":"Rregullime SMTP-je"},"settings-hostname":{"_":"Strehëemër"},"settings-port":{"_":"Portë"},"settings-username":{"_":"Emër përdoruesi"},"settings-password":{"_":"Fjalëkalim"},"settings-save":{"_":"Ruaje"},"settings-password-empty":{"_":"Fjalëkalimi nuk duhet lënë i zbrazët"},"settings-account-synchronize-window":{"_":"Ditë për njëkohësim"},"settings-synchronize-auto":{"_":"Vetvetiu"},"settings-synchronize-one-day":{"_":"1 ditë"},"settings-synchronize-three-days":{"_":"3 ditë"},"settings-synchronize-one-week":{"_":"1 javë"},"settings-synchronize-two-weeks":{"_":"2 javë"},"settings-synchronize-one-month":{"_":"1 muaj"},"settings-synchronize-all":{"_":"Krejt mesazhet"},"accounts-header":{"_":"Llogari"},"accounts-button":{"_":"Llogari"},"envelope-from":{"_":"Nga"},"envelope-to":{"_":"Për"},"envelope-cc":{"_":"Cc"},"envelope-bcc":{"_":"Bcc"},"reader-header":{"_":"Lexoni"},"compose-header":{"_":"Hartoni mesazh"},"compose-header-short":{"_":"Hartoni"},"compose-send":{"_":"Dërgoje"},"compose-to":{"_":"Për"},"compose-cc":{"_":"Cc"},"compose-bcc":{"_":"Bcc"},"compose-attachments":{"_":"{[ plural(n) ]}","_[zero]":"Bashkëngjitje","_[one]":"{{ n }} bashkëngjitje","_[two]":"{{ n }} bashkëngjitje","_[few]":"{{ n }} bashkëngjitje","_[many]":"{{ n }} bashkëngjitje","_[other]":"{{ n }} bashkëngjitje"},"compose-subject":{"_":"Subjekt"},"compose-draft-save":{"_":"Ruaje te Skicat Vendore"},"compose-discard-message":{"_":"Të hidhet tej email-i?"},"compose-discard-confirm":{"_":"Hidhe tej"},"compose-sending-message":{"_":"Email-i po dërgohet"},"compose-send-message-failed":{"_":"Dërgimi i email-it dështoi"},"composer-attachment-large":{"_":"Bashkëngjitje shumë e madhe"},"composer-attachments-large":{"_":"Bashkëngjitje shumë të mëdha"},"compose-attchment-size-exceeded":{"_":"Bashkëngjitja e përzgjedhur është shumë e madhe për dërgim me këtë mesazh."},"compose-attchments-size-exceeded":{"_":"Bashkëngjitjet e përzgjedhura janë shumë të mëdha për dërgim me këtë mesazh. Provoni të përzgjidhni më pak kartela."},"dialog-button-ok":{"_":"OK"},"default-attachment-filename":{"_":"bashkëngjitje{{ n }}"},"attachment-size-kib":{"_":"{{kilobytes}}K"},"message-attachment-view":{"textContent":"Shiheni"},"message-no-subject":{"_":"(pa subjekt)"},"message-edit-menu-star":{"_":"Vëri yll"},"message-edit-menu-unstar":{"_":"Hiqja yllin"},"message-edit-menu-mark-read":{"_":"Shënoje si të lexuar"},"message-edit-menu-mark-unread":{"_":"Shënoje si të palexuar"},"message-edit-menu-move":{"_":"Lëvize"},"message-edit-menu-delete":{"_":"Fshije"},"message-edit-delete-confirm":{"_":"Të fshihet mesazhi email?"},"message-send-attachment-disabled-confirm":{"_":"Bashkëngjitjet nuk mund të përcillen."},"message-multiedit-header":{"_":"{[ plural(n) ]}","_[zero]":"Përpuno","_[one]":"{{ n }} i përzgjedhur","_[two]":"{{ n }} të përzgjedhur","_[few]":"{{ n }} të përzgjedhur","_[many]":"{{ n }} të përzgjedhur","_[other]":"{{ n }} të përzgjedhur"},"browse-to-url-prompt":{"_":"Të shfletohet te URL-ja?: {{ url }}"},"message-download-images":{"_":"{[ plural(n) ]}","_[one]":"Ky email përmban një figurë. Klikoni që të shkarkohet.","_[two]":"Ky email përmban {{ n }} figura. Klikoni që të shkarkohen","_[few]":"Ky email përmban {{ n }} figura. Klikoni që të shkarkohen","_[many]":"Ky email përmban {{ n }} figura. Klikoni që të shkarkohen","_[other]":"Ky email përmban {{ n }} figura. Klikoni që të shkarkohen"},"message-show-external-images":{"_":"Shfaq figura të jashtme"},"message-multiedit-cancel":{"_":"Anuloje"},"message-multiedit-delete-confirm":{"_":"{[ plural(n) ]}","_[one]":"Të fshihet ky mesazh email?","_[two]":"Të fshihen {{ n }} mesazhet email?","_[few]":"Të fshihen {{ n }} mesazhet email?","_[many]":"Të fshihen {{ n }} mesazhet email?","_[other]":"Të fshihen {{ n }} mesazhet email?"},"message-large-message-cancel":{"_":"Anuloje"},"message-large-message-ok":{"_":"Vazhdo"},"message-large-message-confirm":{"_":"Ky mesazh është i madh dhe mund të dojë ca kohë të shkarkohet."},"message-search-from":{"_":"Nga"},"message-search-to":{"_":"Për"},"message-search-subject":{"_":"Subjekti"},"message-search-body":{"_":"Lënda"},"message-search-all":{"_":"Krejt"},"message-search-input":{"placeholder":"Kërkoni te Posta"},"message-search-cancel-accessible":{"_":"Anuloje kërkimin"},"messages-syncing":{"_":"Po ngarkohen mesazhet"},"messages-sync-more":{"_":"Ngarko më tepër mesazhe prej shërbyesit"},"messages-folder-empty":{"_":"Nuk ka postë në këtë Dosje"},"messages-search-empty":{"_":"Pa përputhje te mesazhe të ruajtur në fshehtinë vendore"},"messages-folder-select":{"_":"Përzgjidhni dosje"},"message-contact-menu-create":{"_":"Ruaje kontaktin e ri"},"message-contact-menu-add-existing":{"_":"Shtoje te kontakt ekzistues"},"message-contact-menu-view":{"_":"Shihni kontaktin"},"message-contact-menu-reply":{"_":"Përgjigjjuni"},"message-contact-menu-new":{"_":"Dërgoni postë të re"},"message-reply-menu-reply":{"_":"Përgjigjiuni"},"message-reply-menu-reply-all":{"_":"Përgjigjiuni të Tërëve"},"message-reply-menu-forward":{"_":"Përcille"},"message-reply-menu-cancel":{"_":"Anuloje"},"folder-list-header":{"_":"Dosje"},"account-last-synced-label":{"_":"Njëkohësuar së fundmi:"},"account-never-synced":{"_":"Kurrë"},"reply-quoting-wrote":{"_":"{name} shkroi"},"forward-original-message":{"_":"Mesazhi origjinal"},"forward-header-subject":{"_":"Subjekt"},"forward-header-date":{"_":"Datë"},"forward-header-from":{"_":"Nga"},"forward-header-reply-to":{"_":"Përgjigjuni-Te"},"forward-header-to":{"_":"Për"},"forward-header-cc":{"_":"Cc"},"folder-inbox":{"_":"Të marra"},"folder-sent":{"_":"Të dërguara"},"folder-drafts":{"_":"Skica"},"folder-trash":{"_":"Hedhurina"},"folder-queue":{"_":"Të padërguara"},"folder-junk":{"_":"Të pavlera"},"folder-archives":{"_":"Arkiva"},"folder-localdrafts":{"_":"Skica Vendore"},"toaster-undo":{"_":"Zhbëje"},"toaster-retry":{"_":"Riprovoni"},"toaster-message-star":{"_":"{[ plural(n) ]}","_[one]":"Iu vu shenjë 1 mesazhi","_[two]":"Iu vu shenjë {{ n }} mesazheve","_[few]":"Iu vu shenjë {{ n }} mesazheve","_[many]":"Iu vu shenjë {{ n }} mesazheve","_[other]":"Iu vu shenjë {{ n }} mesazheve"},"toaster-message-unstar":{"_":"{[ plural(n) ]}","_[one]":"Iu hoq shenja 1 mesazhi","_[two]":"Iu hoq shenja {{ n }} mesazheve","_[few]":"Iu hoq shenja {{ n }} mesazheve","_[many]":"Iu hoq shenja {{ n }} mesazheve","_[other]":"Iu hoq shenja {{ n }} mesazheve"},"toaster-message-read":{"_":"{[ plural(n) ]}","_[one]":"U shënua si i lexuar 1 mesazh","_[two]":"U shënuan si të lexuar {{ n }} mesazhe","_[few]":"U shënuan si të lexuar {{ n }} mesazhe","_[many]":"U shënuan si të lexuar {{ n }} mesazhe","_[other]":"U shënuan si të lexuar {{ n }} mesazhe"},"toaster-message-unread":{"_":"{[ plural(n) ]}","_[one]":"U shënua si i palexuar 1 mesazh","_[two]":"U shënuan si të palexuar {{ n }} mesazhe","_[few]":"U shënuan si të palexuar {{ n }} mesazhe","_[many]":"U shënuan si të palexuar {{ n }} mesazhe","_[other]":"U shënuan si të palexuar {{ n }} mesazhe"},"toaster-message-move":{"_":"{[ plural(n) ]}","_[one]":"U hoq 1 mesazh","_[two]":"U hoqën {{ n }} mesazhe","_[few]":"U hoqën {{ n }} mesazhe","_[many]":"U hoqën {{ n }} mesazhe","_[other]":"U hoqën {{ n }} mesazhe"},"toaster-message-delete":{"_":"{[ plural(n) ]}","_[one]":"U fshi 1 mesazh","_[two]":"U fshinë {{ n }} mesazhe","_[few]":"U fshinë {{ n }} mesazhe","_[many]":"U fshinë {{ n }} mesazhe","_[other]":"U fshinë {{ n }} mesazhe"},"toaster-retryable-syncfailed":{"_":"Nuk arrin të lidhet me shërbyesin"},"form-clear-input":{"_":"Hiqe tekstin"},"confirm-dialog-title":{"_":"Ripohim"},"senders-separation-sign":{"_":", "},"new-emails":{"_":"{[ plural(n) ]}","_[one]":"1 Email i Ri","_[two]":"{{ n }} Email-e të Rinj","_[few]":"{{ n }} Email-e të Rinj","_[many]":"{{ n }} Email-e të Rinj","_[other]":"{{ n }} Email-e të Rinj"},"new-emails-notify-one-account":{"_":"{[ plural(n) ]}","_[one]":"1 Email i Ri","_[two]":"{{ n }} Email-e të Rinj","_[few]":"{{ n }} Email-e të Rinj","_[many]":"{{ n }} Email-e të Rinj","_[other]":"{{ n }} Email-e të Rinj"},"new-emails-notify-multiple-accounts":{"_":"{[ plural(n) ]}","_[one]":"1 Email i Ri te ({{ accountName }})","_[two]":"{{ n }} Email-e të Rinj ({{ accountName }})","_[few]":"{{ n }} Email-e të Rinj ({{ accountName }})","_[many]":"{{ n }} Email-e të Rinj ({{ accountName }})","_[other]":"{{ n }} Email-e të Rinj ({{ accountName }})"},"new-emails-notify-multiple-accounts-body":{"_":"{{ from }} “{{ subject }}”"},"weekday-0-long":{"_":"E diel"},"weekday-1-long":{"_":"E hënë"},"weekday-2-long":{"_":"E martë"},"weekday-3-long":{"_":"E mërkurë"},"weekday-4-long":{"_":"E enjte"},"weekday-5-long":{"_":"E premte"},"weekday-6-long":{"_":"E shtunë"},"weekday-0-short":{"_":"Die"},"weekday-1-short":{"_":"Hën"},"weekday-2-short":{"_":"Mar"},"weekday-3-short":{"_":"Mër"},"weekday-4-short":{"_":"Enj"},"weekday-5-short":{"_":"Pre"},"weekday-6-short":{"_":"Sht"},"month-0-long":{"_":"Janar"},"month-1-long":{"_":"Shkurt"},"month-2-long":{"_":"Mars"},"month-3-long":{"_":"Prill"},"month-4-long":{"_":"Maj"},"month-5-long":{"_":"Qershor"},"month-6-long":{"_":"Korrik"},"month-7-long":{"_":"Gusht"},"month-8-long":{"_":"Shtator"},"month-9-long":{"_":"Tetor"},"month-10-long":{"_":"Nëntor"},"month-11-long":{"_":"Dhjetor"},"month-0-genitive":{"_":"të Janarit"},"month-1-genitive":{"_":"të Shkurtit"},"month-2-genitive":{"_":"të Marsit"},"month-3-genitive":{"_":"të Prillit"},"month-4-genitive":{"_":"të Majit"},"month-5-genitive":{"_":"të Qershorit"},"month-6-genitive":{"_":"të Korrikut"},"month-7-genitive":{"_":"të Gushtit"},"month-8-genitive":{"_":"të Shtatorit"},"month-9-genitive":{"_":"të Tetorit"},"month-10-genitive":{"_":"të Nëntorit"},"month-11-genitive":{"_":"të Dhjetorit"},"month-0-short":{"_":"Jan"},"month-1-short":{"_":"Shk"},"month-2-short":{"_":"Mar"},"month-3-short":{"_":"Pri"},"month-4-short":{"_":"Maj"},"month-5-short":{"_":"Qer"},"month-6-short":{"_":"Kor"},"month-7-short":{"_":"Gus"},"month-8-short":{"_":"Sht"},"month-9-short":{"_":"Tet"},"month-10-short":{"_":"Nën"},"month-11-short":{"_":"Dhj"},"minutes-ago-long":{"_":"{[ plural(value) ]}","_[zero]":"mu tani","_[one]":"një minutë më parë","_[two]":"{{value}} minuta më parë","_[few]":"{{value}} minuta më parë","_[many]":"{{value}} minuta më parë","_[other]":"{{value}} minuta më parë"},"hours-ago-long":{"_":"{[ plural(value) ]}","_[zero]":"mu tani","_[one]":"një orë më parë","_[two]":"{{value}} orë më parë","_[few]":"{{value}} orë më parë","_[many]":"{{value}} orë më parë","_[other]":"{{value}} orë më parë"},"days-ago-long":{"_":"{[ plural(value) ]}","_[zero]":"sot","_[one]":"dje","_[two]":"{{value}} ditë më parë","_[few]":"{{value}} ditë më parë","_[many]":"{{value}} ditë më parë","_[other]":"{{value}} ditë më parë"},"weeks-ago-long":{"_":"{[ plural(value) ]}","_[zero]":"këtë javë","_[one]":"javën e kaluar","_[two]":"{{value}} javë më parë","_[few]":"{{value}} javë më parë","_[many]":"{{value}} javë më parë","_[other]":"{{value}} javë më parë"},"months-ago-long":{"_":"{[ plural(value) ]}","_[zero]":"këtë muaj","_[one]":"muajin e kaluar","_[two]":"{{value}} muaj më parë","_[few]":"{{value}} muaj më parë","_[many]":"{{value}} muaj më parë","_[other]":"{{value}} muaj më parë"},"years-ago-long":{"_":"{[ plural(value) ]}","_[zero]":"këtë vit","_[one]":"vitin e kaluar","_[two]":"{{value}} vite më parë","_[few]":"{{value}} vite më parë","_[many]":"{{value}} vite më parë","_[other]":"{{value}} vite më parë"},"minutes-until-long":{"_":"{[ plural(value) ]}","_[zero]":"tani","_[one]":"për një minutë","_[two]":"për {{value}} minuta","_[few]":"për {{value}} minuta","_[many]":"për {{value}} minuta","_[other]":"për {{value}} minuta"},"hours-until-long":{"_":"{[ plural(value) ]}","_[zero]":"tani","_[one]":"për një orë","_[two]":"për {{value}} orë","_[few]":"për {{value}} orë","_[many]":"për {{value}} orë","_[other]":"për {{value}} orë"},"days-until-long":{"_":"{[ plural(value) ]}","_[zero]":"sot","_[one]":"nesër","_[two]":"për {{value}} ditë","_[few]":"për {{value}} ditë","_[many]":"për {{value}} ditë","_[other]":"për {{value}} ditë"},"weeks-until-long":{"_":"{[ plural(value) ]}","_[zero]":"këtë javë","_[one]":"javën pasuese","_[two]":"për {{value}} javë","_[few]":"për {{value}} javë","_[many]":"për {{value}} javë","_[other]":"për {{value}} javë"},"months-until-long":{"_":"{[ plural(value) ]}","_[zero]":"këtë muaj","_[one]":"muajin pasues","_[two]":"për {{value}} muaj","_[few]":"për {{value}} muaj","_[many]":"për {{value}} muaj","_[other]":"për {{value}} muaj"},"years-until-long":{"_":"{[ plural(value) ]}","_[zero]":"këtë vit","_[one]":"vitin pasues","_[two]":"për {{value}} vjet","_[few]":"për {{value}} vjet","_[many]":"për {{value}} vjet","_[other]":"për {{value}} vjet"},"minutes-ago-short":{"_":"{[ plural(value) ]}","_[zero]":"mu tani","_[other]":"{{value}}m më parë"},"hours-ago-short":{"_":"{[ plural(value) ]}","_[zero]":"mu tani","_[other]":"{{value}}h më parë"},"days-ago-short":{"_":"{[ plural(value) ]}","_[zero]":"sot","_[other]":"{{value}}d më parë"},"minutes-until-short":{"_":"{[ plural(value) ]}","_[zero]":"tani","_[other]":"për {{value}}m"},"hours-until-short":{"_":"{[ plural(value) ]}","_[zero]":"tani","_[other]":"për {{value}}h"},"days-until-short":{"_":"{[ plural(value) ]}","_[zero]":"sot","_[other]":"për {{value}}d"},"incorrectDate":{"_":"(datë e pasaktë)"},"dateTimeFormat_%c":{"_":"%a %e %b %Y %I:%M:%S %p"},"dateTimeFormat_%x":{"_":"%m/%d/%Y"},"dateTimeFormat_%X":{"_":"%I:%M:%S %p"},"shortTimeFormat":{"_":"%I:%M %p"},"shortDateTimeFormat":{"_":"%x %I:%M %p"},"weekStartsOnMonday":{"_":"0"},"time_am":{"_":"AM"},"time_pm":{"_":"PM"}}