{"setup-app-name-header":{"_":"Е-пошта"},"setup-empty-account-prompt":{"_":"Нисте подесили слање и пријем е-поште. Да ли желите то учинити сада?"},"setup-pick-service":{"_":"Да бисте слали и примали e-пошту, требате подесити налог."},"setup-account-header3":{"_":"Нов налог"},"setup-info-name":{"placeholder":"Ваше име"},"setup-info-email":{"placeholder":"korisnik@domen.com"},"setup-info-password":{"placeholder":"Лозинка"},"setup-info-next":{"_":"Следеће"},"setup-progress-wait-msg":{"_":"Подешавање налога"},"setup-completed-header":{"_":"Подешавање налога"},"setup-completed-label":{"_":"Готово!"},"setup-add-another-account":{"_":"Додај нови налог"},"setup-show-mail":{"_":"Настави на е-пошту"},"setup-error-offline":{"_":"Овај уређај је тренутно ван мреже. Прикључите се на мрежу и покушајте поново."},"setup-error-bad-user-or-pass2":{"_":"Неисправно корисничко име или лозинка. Проверите има ли грешака у писању."},"setup-error-bad-address":{"_":"Неисправна е-пошта. Проверите има ли грешака у писању."},"setup-error-not-authorized":{"_":"Сервер јавља да нисте овлашћени за прављење налога"},"setup-error-pop-server-not-great":{"_":"Сервер није подржан. POP3 сервер не садржи захтеване могућности."},"setup-error-unknown2":{"_":"Десила се непозната грешка. Проверите своју мрежну везу или покушајте ручно подешавање."},"setup-error-needs-app-pass":{"_":"Морате користити посебну лозинку за апликације код Gmail налога."},"setup-error-imap-disabled":{"_":"Морате омогућити IMAP протокол за Ваш Gmail налог"},"setup-error-pop3-disabled":{"_":"Морате омогућити POP3 за Ваш Gmail налог"},"setup-error-bad-security":{"_":"Није могуће успоставити безбедну везу са „{{server}}“. Можда имате потешкоћа са мрежом или сервером."},"setup-error-unresponsive-server":{"_":"Неуспешно успостављање везе са „{{server}}“. Можда постоји проблем са мрежом."},"setup-error-server-problem":{"_":"Сервер „{{server}}“ има потешкоће. Покушајте поново касније."},"setup-error-no-config-info":{"_":"Аутоматско подешавање Вашег налога није успело. Исправите адресу е-поште или покушајте са могућношћу ручног подешавања."},"setup-error-server-maintenance":{"_":"Сервер „{{server}}“ је ван мреже због одржавања. Покушајте поново касније."},"setup-error-account-already-exists":{"_":"Овај налог је већ подешен."},"setup-manual-config2":{"_":"Ручно подешавање"},"setup-manual-config-header":{"_":"Подешавање"},"setup-manual-account-type":{"_":"Врста налога"},"setup-manual-imap-header":{"_":"IMAP поставке"},"setup-manual-pop3-header":{"_":"POP3 поставке"},"setup-manual-smtp-header":{"_":"SMTP поставке"},"setup-manual-activesync-header":{"_":"ActiveSync поставке"},"setup-manual-next":{"_":"Даље"},"setup-manual-socket":{"_":"Врста прикључка"},"setup-manual-socket-ssl":{"_":"SSL"},"setup-manual-socket-starttls":{"_":"STARTTLS"},"setup-manual-hostname":{"placeholder":"Назив host-а"},"setup-manual-port":{"placeholder":"Порт"},"setup-manual-username":{"placeholder":"Корисничко име"},"setup-bad-password-header":{"_":"Неисправна лозинка!"},"setup-bad-password":{"_":"Пријава на сервер није успела. Да ли је лозинка исправна?"},"setup-new-password":{"placeholder":"Нова лозинка"},"setup-fix-password":{"_":"Покушајте поново са новом лозинком"},"setup-gmail-twofactor-header":{"_":"Two-Factor омогућен"},"setup-gmail-twofactor-message":{"_":"Испод треба унети лозинку издану за ову апликацију."},"setup-gmail-twofactor-fix":{"_":"Употребите лозинку апликације"},"setup-gmail-imap-header":{"_":"IMAP је онемогућен"},"setup-gmail-imap-message":{"_":"Морате омогућити IMAP на Вашем Gmail налогу"},"setup-gmail-imap-retry":{"_":"Покушај поново"},"setup-gmail-pop3-header":{"_":"POP3 онемогућен"},"setup-gmail-pop3-message":{"_":"Морате омогућити POP3 на Вашем Gmail налогу"},"setup-gmail-pop3-retry":{"_":"Покушај поново"},"settings-main-header":{"_":"Подешавања"},"settings-sub-header-account":{"_":"Налог"},"settings-account-name":{"_":"Ваше име"},"settings-account-display-notifications":{"_":"Прикажи обавештења за нове поруке"},"settings-sub-header-data":{"_":"Подаци"},"settings-account-check-mail":{"_":"Провери за нове поруке"},"settings-sub-header-server":{"_":"Поставке сервера"},"settings-account-userpass":{"_":"Корисничко име и лозинка"},"fld-account-picker-last-sync":{"_":"Задња синхронизација:"},"settings-done":{"_":"Завршено"},"settings-account-section":{"_":"Налози"},"settings-account-add":{"_":"Додај налог"},"settings-account-delete":{"_":"Обриши налог"},"settings-account-delete-prompt":{"_":"Да ли сте сигурни да желите обрисати {{account}} налог e-поште? Мораћете опет преузети све поруке ако поново правите налог."},"settings-account-delete-cancel":{"_":"Откажи"},"settings-account-delete-confirm":{"_":"Обриши"},"settings-about-section":{"_":"О програму"},"settings-general-section":{"_":"Опште поставке"},"settings-check-mail":{"_":"Провери пошту"},"settings-show-images":{"_":"Увек приказуј слике"},"settings-download-attachments":{"_":"Преузимај прилоге"},"settings-notify-mail":{"_":"Обавештавај о новој пошти"},"settings-check-every-3min":{"_":"Свака 3 минута"},"settings-check-every-5min":{"_":"Сваких 5 минута"},"settings-check-every-10min":{"_":"Сваких 10 минута"},"settings-check-every-15min":{"_":"Сваких 15 минута"},"settings-check-every-30min":{"_":"Сваких 30 минута"},"settings-check-every-60min":{"_":"Сваки сат"},"settings-check-every-manual":{"_":"Ручно"},"settings-check-dynamic":{"_":"{[ plural(n) ]}","_[zero]":"секунди","_[one]":"{{ n }} секунда","_[two]":"{{ n }} секунде","_[few]":"{{ n }} секунди","_[many]":"{{ n }} секунди","_[other]":"{{ n }} секунди"},"settings-default-account":{"_":"Подразумевани налог"},"settings-account-type":{"_":"Врста налога"},"settings-account-credentials":{"_":"Акредитиви"},"settings-activesync-label":{"_":"АctiveSync поставке"},"settings-imap-label":{"_":"IMAP поставке"},"settings-pop3-label":{"_":"POP3 поставке"},"settings-smtp-label":{"_":"SMTP поставке"},"settings-hostname":{"_":"Назив host-а"},"settings-port":{"_":"Порт"},"settings-username":{"_":"Корисничко име"},"settings-password":{"_":"Лозинка"},"settings-save":{"_":"Сачувај"},"settings-password-empty":{"_":"Поља за унос лозинке не смеју бити празна"},"settings-account-synchronize-window":{"_":"Дани за синхронизацију"},"settings-synchronize-auto":{"_":"Аутоматски"},"settings-synchronize-one-day":{"_":"1 дан"},"settings-synchronize-three-days":{"_":"3 дана"},"settings-synchronize-one-week":{"_":"1 недеља"},"settings-synchronize-two-weeks":{"_":"2 недеље"},"settings-synchronize-one-month":{"_":"1 месец"},"settings-synchronize-all":{"_":"Све поруке"},"accounts-header":{"_":"Налози"},"accounts-button":{"_":"Налози"},"envelope-from":{"_":"Од"},"envelope-to":{"_":"За"},"envelope-cc":{"_":"Cc"},"envelope-bcc":{"_":"Bcc"},"reader-header":{"_":"Прочитај"},"compose-header":{"_":"Састави поруку"},"compose-header-short":{"_":"Састави"},"compose-send":{"_":"Пошаљи"},"compose-to":{"_":"За"},"compose-cc":{"_":"Cc"},"compose-bcc":{"_":"Bcc"},"compose-attachments":{"_":"{[ plural(n) ]}","_[zero]":"Прилога","_[one]":"{{ n }} прилог","_[two]":"{{ n }} прилога","_[few]":"{{ n }} прилога","_[many]":"{{ n }} прилога","_[other]":"{{ n }} прилога"},"compose-subject":{"_":"Тема"},"compose-draft-save":{"_":"Сними у фасцикли Недовршене"},"compose-discard-message":{"_":"Обрисати поруку?"},"compose-discard-confirm":{"_":"Обриши"},"compose-sending-message":{"_":"Слање е-поште"},"compose-send-message-failed":{"_":"Слање е-поште није успело"},"composer-attachment-large":{"_":"Прилог је превелик"},"composer-attachments-large":{"_":"Прилози су превелики"},"compose-attchment-size-exceeded":{"_":"Одабрани прилог је превелик за поруку."},"compose-attchments-size-exceeded":{"_":"Одабрани прилози су превелики за ову поруку. Одаберите мање датотека."},"dialog-button-ok":{"_":"У реду"},"default-attachment-filename":{"_":"прилог{{ n }}"},"attachment-size-kib":{"_":"{{kilobytes}}K"},"message-attachment-view":{"textContent":"Прикажи"},"message-no-subject":{"_":"(без теме)"},"message-edit-menu-star":{"_":"Стави звездицу"},"message-edit-menu-unstar":{"_":"Уклони звездицу"},"message-edit-menu-mark-read":{"_":"Означи као прочитано"},"message-edit-menu-mark-unread":{"_":"Означи да није прочитано"},"message-edit-menu-move":{"_":"Премести"},"message-edit-menu-delete":{"_":"Обриши"},"message-edit-delete-confirm":{"_":"Обрисати поруку?"},"message-send-attachment-disabled-confirm":{"_":"Прилози не могу бити прослеђени."},"message-multiedit-header":{"_":"{[ plural(n) ]}","_[zero]":"Уреди","_[one]":"{{ n }} одабрану","_[two]":"{{ n }} одабране","_[few]":"{{ n }} одабраних","_[many]":"{{ n }} одабраних","_[other]":"{{ n }} одабраних"},"browse-to-url-prompt":{"_":"Посетити адресу?: {{ url }}"},"message-download-images":{"_":"{[ plural(n) ]}","_[one]":"Ова порука садржи једну слику. Притисните за преузимање.","_[two]":"Ова порука садржи {{ n }} слике. Притисните за преузимање.","_[few]":"Ова порука садржи {{ n }} слика. Притисните за преузимање.","_[many]":"Ова порука садржи {{ n }} слика. Притисните за преузимање.","_[other]":"Ова порука садржи {{ n }} слика. Притисните за преузимање."},"message-show-external-images":{"_":"Приказуј спољне слике"},"message-multiedit-cancel":{"_":"Откажи"},"message-multiedit-delete-confirm":{"_":"{[ plural(n) ]}","_[one]":"Обрисати ову поруку?","_[two]":"Обрисати {{ n }} поруке?","_[few]":"Обрисати {{ n }} порука?","_[many]":"Обрисати {{ n }} порука?","_[other]":"Обрисати {{ n }} порука?"},"message-large-message-cancel":{"_":"Откажи"},"message-large-message-ok":{"_":"Настави"},"message-large-message-confirm":{"_":"Ова порука је велика и може потрајати док се не преузме."},"message-search-from":{"_":"Од"},"message-search-to":{"_":"За"},"message-search-subject":{"_":"Тема"},"message-search-body":{"_":"Текст"},"message-search-all":{"_":"Све"},"message-search-input":{"placeholder":"Претражи поруке"},"message-search-cancel-accessible":{"_":"Откажи претрагу"},"messages-syncing":{"_":"Учитавање порука"},"messages-sync-more":{"_":"Учитај још порука од сервера"},"messages-folder-empty":{"_":"Нема порука у овој фасцикли"},"messages-search-empty":{"_":"Нема поклапања у локално кешираним порукама"},"messages-folder-select":{"_":"Изабери фасциклу"},"message-contact-menu-create":{"_":"Запамти нови контакт"},"message-contact-menu-add-existing":{"_":"Додај у постојећи контакт"},"message-contact-menu-view":{"_":"Погледај контакт"},"message-contact-menu-reply":{"_":"Одговори"},"message-contact-menu-new":{"_":"Пошаљи нову е-пошту"},"message-reply-menu-reply":{"_":"Одговори"},"message-reply-menu-reply-all":{"_":"Одговори свима"},"message-reply-menu-forward":{"_":"Проследи"},"message-reply-menu-cancel":{"_":"Откажи"},"folder-list-header":{"_":"Фасцикле"},"account-last-synced-label":{"_":"Задња синхронизација:"},"account-never-synced":{"_":"Никад"},"reply-quoting-wrote":{"_":"{name} пише"},"forward-original-message":{"_":"Изворна порука"},"forward-header-subject":{"_":"Тема"},"forward-header-date":{"_":"Датум"},"forward-header-from":{"_":"Од"},"forward-header-reply-to":{"_":"Одговорити"},"forward-header-to":{"_":"За"},"forward-header-cc":{"_":"Cc"},"folder-inbox":{"_":"Пријемно сандуче"},"folder-sent":{"_":"Послато"},"folder-drafts":{"_":"Недовршене"},"folder-trash":{"_":"Смеће"},"folder-queue":{"_":"Непослато"},"folder-junk":{"_":"Отпад"},"folder-archives":{"_":"Складиште"},"folder-localdrafts":{"_":"Недовршене"},"toaster-undo":{"_":"Назад"},"toaster-retry":{"_":"Покушај поново"},"toaster-message-star":{"_":"{[ plural(n) ]}","_[one]":"1 порука са постављеном ознаком","_[two]":"{{ n }} поруке са постављеном ознаком","_[few]":"{{ n }} порука са постављеном ознаком","_[many]":"{{ n }} порука са постављеном ознаком","_[other]":"{{ n }} порука са постављеном ознаком"},"toaster-message-unstar":{"_":"{[ plural(n) ]}","_[one]":"Уклоњена 1 ознака поруке","_[two]":"Уклоњене {{ n }} ознаке поруке","_[few]":"Уклоњено {{ n }} ознака поруке","_[many]":"Уклоњено {{ n }} ознака поруке","_[other]":"Уклоњено {{ n }} ознака поруке"},"toaster-message-read":{"_":"{[ plural(n) ]}","_[one]":"1 порука је означена као прочитана","_[two]":"{{ n }} поруке су означене као прочитане","_[few]":"{{ n }} порукa је означенo као прочитано","_[many]":"{{ n }} порука је означено као прочитано","_[other]":"{{ n }} порука је означено као прочитано"},"toaster-message-unread":{"_":"{[ plural(n) ]}","_[one]":"1 порука је означена као непрочитана","_[two]":"{{ n }} поруке су означене као непрочитане","_[few]":"{{ n }} порукa је означено као непрочитанo","_[many]":"{{ n }} порука је означено као непрочитанo","_[other]":"{{ n }} порука је означено као непрочитанo"},"toaster-message-move":{"_":"{[ plural(n) ]}","_[one]":"1 порука је премештена","_[two]":"{{ n }} поруке су премештене","_[few]":"{{ n }} порукa је премештено","_[many]":"{{ n }} порука је премештено","_[other]":"{{ n }} порука је премештено"},"toaster-message-delete":{"_":"{[ plural(n) ]}","_[one]":"1 порука је обрисана","_[two]":"{{ n }} поруке су обрисане","_[few]":"{{ n }} порукa је обрисано","_[many]":"{{ n }} порука је обрисано","_[other]":"{{ n }} порука је обрисано"},"toaster-retryable-syncfailed":{"_":"Неуспешно повезивање са сервером"},"form-clear-input":{"_":"Уклони текст"},"confirm-dialog-title":{"_":"Потврда"},"senders-separation-sign":{"_":", "},"new-emails":{"_":"{[ plural(n) ]}","_[one]":"1 нова е-пошта","_[two]":"{{ n }} нове е-поште","_[few]":"{{ n }} нових е-пошти","_[many]":"{{ n }} нових е-пошти","_[other]":"{{ n }} нових е-пошти"},"new-emails-notify-one-account":{"_":"{[ plural(n) ]}","_[one]":"1 нова е-пошта","_[two]":"{{ n }} нове е-поште","_[few]":"{{ n }} нових е-пошти","_[many]":"{{ n }} нових е-пошти","_[other]":"{{ n }} нових е-пошти"},"new-emails-notify-multiple-accounts":{"_":"{[ plural(n) ]}","_[one]":"1 нова е-пошта за ({{ accountName }})","_[two]":"{{ n }} нове е-поште за ({{ accountName }})","_[few]":"{{ n }} нових е-пошти за ({{ accountName }})","_[many]":"{{ n }} нових е-пошти за ({{ accountName }})","_[other]":"{{ n }} нових е-пошти за ({{ accountName }})"},"new-emails-notify-multiple-accounts-body":{"_":"{{ from }} “{{ subject }}”"},"setup-manual-activesync-username":{"placeholder":"Домен\\Корисничко име"},"settings-account-clarify-imap":{"_":"{{account-name}} (IMAP)"},"settings-account-clarify-pop3":{"_":"{{account-name}} (POP3)"},"settings-account-clarify-smtp":{"_":"{{account-name}} (SMTP)"},"message-attachment-too-large":{"_":"Датотека је превелика да би се преузела."},"weekday-0-long":{"_":"Недеља"},"weekday-1-long":{"_":"Понедељак"},"weekday-2-long":{"_":"Уторак"},"weekday-3-long":{"_":"Среда"},"weekday-4-long":{"_":"Четвртак"},"weekday-5-long":{"_":"Петак"},"weekday-6-long":{"_":"Субота"},"weekday-0-short":{"_":"Нед"},"weekday-1-short":{"_":"Пон"},"weekday-2-short":{"_":"Уто"},"weekday-3-short":{"_":"Сре"},"weekday-4-short":{"_":"Чет"},"weekday-5-short":{"_":"Пет"},"weekday-6-short":{"_":"Суб"},"month-0-long":{"_":"јануар"},"month-1-long":{"_":"фебруар"},"month-2-long":{"_":"март"},"month-3-long":{"_":"април"},"month-4-long":{"_":"мај"},"month-5-long":{"_":"јун"},"month-6-long":{"_":"јул"},"month-7-long":{"_":"август"},"month-8-long":{"_":"септембар"},"month-9-long":{"_":"октобар"},"month-10-long":{"_":"новембар"},"month-11-long":{"_":"децембар"},"month-0-genitive":{"_":"јануара"},"month-1-genitive":{"_":"фебруара"},"month-2-genitive":{"_":"марта"},"month-3-genitive":{"_":"априла"},"month-4-genitive":{"_":"маја"},"month-5-genitive":{"_":"јуна"},"month-6-genitive":{"_":"јула"},"month-7-genitive":{"_":"августа"},"month-8-genitive":{"_":"септембра"},"month-9-genitive":{"_":"октобра"},"month-10-genitive":{"_":"новембра"},"month-11-genitive":{"_":"децембра"},"month-0-short":{"_":"јан"},"month-1-short":{"_":"феб"},"month-2-short":{"_":"мар"},"month-3-short":{"_":"апр"},"month-4-short":{"_":"мај"},"month-5-short":{"_":"јун"},"month-6-short":{"_":"јул"},"month-7-short":{"_":"авг"},"month-8-short":{"_":"сеп"},"month-9-short":{"_":"окт"},"month-10-short":{"_":"нов"},"month-11-short":{"_":"дец"},"minutes-ago-long":{"_":"{[ plural(value) ]}","_[zero]":"управо","_[one]":"пре минут","_[two]":"пре {{value}} минута","_[few]":"пре {{value}} минута","_[many]":"пре {{value}} минута","_[other]":"пре {{value}} минута"},"hours-ago-long":{"_":"{[ plural(value) ]}","_[zero]":"управо","_[one]":"пре сат времена","_[two]":"пре {{value}} сата","_[few]":"пре {{value}} сати","_[many]":"пре {{value}} сати","_[other]":"пре {{value}} сати"},"days-ago-long":{"_":"{[ plural(value) ]}","_[zero]":"данас","_[one]":"јуче","_[two]":"пре {{value}} дана","_[few]":"пре {{value}} дана","_[many]":"пре {{value}} дана","_[other]":"пре {{value}} дана"},"weeks-ago-long":{"_":"{[ plural(value) ]}","_[zero]":"ове недеље","_[one]":"прошле недеље","_[two]":"пре {{value}} недеље","_[few]":"пре {{value}} недеља","_[many]":"пре {{value}} недеља","_[other]":"пре {{value}} недеља"},"months-ago-long":{"_":"{[ plural(value) ]}","_[zero]":"овог месеца","_[one]":"прошлог месеца","_[two]":"пре {{value}} месеца","_[few]":"пре {{value}} месеци","_[many]":"пре {{value}} месеци","_[other]":"пре {{value}} месеци"},"years-ago-long":{"_":"{[ plural(value) ]}","_[zero]":"ове године","_[one]":"прошле године","_[two]":"пре {{value}} године","_[few]":"пре {{value}} година","_[many]":"пре {{value}} година","_[other]":"пре {{value}} година"},"minutes-until-long":{"_":"{[ plural(value) ]}","_[zero]":"управо","_[one]":"за један минут","_[two]":"за {{value}} минута","_[few]":"за {{value}} минута","_[many]":"за {{value}} минута","_[other]":"за {{value}} минута"},"hours-until-long":{"_":"{[ plural(value) ]}","_[zero]":"управо","_[one]":"за сат времена","_[two]":"за {{value}} сата","_[few]":"за {{value}} сати","_[many]":"за {{value}} сати","_[other]":"за {{value}} сати"},"days-until-long":{"_":"{[ plural(value) ]}","_[zero]":"данас","_[one]":"сутра","_[two]":"за {{value}} дана","_[few]":"за {{value}} дана","_[many]":"за {{value}} дана","_[other]":"за {{value}} дана"},"weeks-until-long":{"_":"{[ plural(value) ]}","_[zero]":"ове недеље","_[one]":"следеће недеље","_[two]":"за {{value}} недеље","_[few]":"за {{value}} недеља","_[many]":"за {{value}} недеља","_[other]":"за {{value}} недеља"},"months-until-long":{"_":"{[ plural(value) ]}","_[zero]":"овог месеца","_[one]":"следећег месеца","_[two]":"за {{value}} месеца","_[few]":"за {{value}} месеци","_[many]":"за {{value}} месеци","_[other]":"за {{value}} месеци"},"years-until-long":{"_":"{[ plural(value) ]}","_[zero]":"ове године","_[one]":"следеће године","_[two]":"за {{value}} године","_[few]":"за {{value}} година","_[many]":"за {{value}} година","_[other]":"за {{value}} година"},"minutes-ago-short":{"_":"{[ plural(value) ]}","_[zero]":"управо","_[other]":"пре {{value}}м"},"hours-ago-short":{"_":"{[ plural(value) ]}","_[zero]":"управо","_[other]":"пре {{value}}с"},"days-ago-short":{"_":"{[ plural(value) ]}","_[zero]":"данас","_[other]":"пре {{value}}д"},"minutes-until-short":{"_":"{[ plural(value) ]}","_[zero]":"управо","_[other]":"за {{value}}м"},"hours-until-short":{"_":"{[ plural(value) ]}","_[zero]":"управо","_[other]":"за {{value}}с"},"days-until-short":{"_":"{[ plural(value) ]}","_[zero]":"данас","_[other]":"за {{value}}д"},"incorrectDate":{"_":"(нетачан датум)"},"dateTimeFormat_%c":{"_":"%a %e %b %Y %H:%M:%S"},"dateTimeFormat_%x":{"_":"%d.%m.%Y"},"dateTimeFormat_%X":{"_":"%H:%M:%S"},"shortTimeFormat":{"_":"%H:%M"},"shortDateTimeFormat":{"_":"%x %H:%M"},"weekStartsOnMonday":{"_":"1"},"time_am":{"_":"AM"},"time_pm":{"_":"PM"}}