{"setup-app-name-header":{"_":"E-pošta"},"setup-empty-account-prompt":{"_":"Niste podesili slanje i prijem e-pošte. Da li želite to učiniti sada?"},"setup-pick-service":{"_":"Da biste slali i primali e-poštu, trebate podesiti nalog."},"setup-account-header3":{"_":"Nov nalog"},"setup-info-name":{"placeholder":"Vaše ime"},"setup-info-email":{"placeholder":"korisnik@domen.com"},"setup-info-password":{"placeholder":"Lozinka"},"setup-info-next":{"_":"Sledeće"},"setup-progress-wait-msg":{"_":"Podešavanje naloga"},"setup-completed-header":{"_":"Podešavanje naloga"},"setup-completed-label":{"_":"Gotovo!"},"setup-add-another-account":{"_":"Dodaj novi nalog"},"setup-show-mail":{"_":"Nastavi na e-poštu"},"setup-error-offline":{"_":"Ovaj uređaj je trenutno van mreže. Priključite se na mrežu i pokušajte ponovo."},"setup-error-bad-user-or-pass2":{"_":"Neispravno korisničko ime ili lozinka. Proverite ima li grešaka u pisanju."},"setup-error-bad-address":{"_":"Neispravna e-pošta. Proverite ima li grešaka u pisanju."},"setup-error-not-authorized":{"_":"Server javlja da niste ovlašćeni za pravljenje naloga"},"setup-error-pop-server-not-great":{"_":"Server nije podržan. POP3 server ne sadrži zahtevane mogućnosti."},"setup-error-unknown2":{"_":"Desila se nepoznata greška. Proverite svoju mrežnu vezu ili pokušajte ručno podešavanje."},"setup-error-needs-app-pass":{"_":"Morate koristiti posebnu lozinku za aplikacije kod Gmail naloga."},"setup-error-imap-disabled":{"_":"Morate omogućiti IMAP protokol za Vaš Gmail nalog"},"setup-error-pop3-disabled":{"_":"Morate omogućiti POP3 za Vaš Gmail nalog"},"setup-error-bad-security":{"_":"Nije moguće uspostaviti bezbednu vezu sa „{{server}}“. Možda imate poteškoća sa mrežom ili serverom."},"setup-error-unresponsive-server":{"_":"Neuspešno uspostavljanje veze sa „{{server}}“. Možda postoji problem sa mrežom."},"setup-error-server-problem":{"_":"Server „{{server}}“ ima poteškoće. Pokušajte ponovo kasnije."},"setup-error-no-config-info":{"_":"Automatsko podešavanje Vašeg naloga nije uspelo. Ispravite adresu e-pošte ili pokušajte sa mogućnošću ručnog podešavanja."},"setup-error-server-maintenance":{"_":"Server „{{server}}“ je van mreže zbog održavanja. Pokušajte ponovo kasnije."},"setup-error-account-already-exists":{"_":"Ovaj nalog je već podešen."},"setup-manual-config2":{"_":"Ručno podešavanje"},"setup-manual-config-header":{"_":"Podešavanje"},"setup-manual-account-type":{"_":"Vrsta naloga"},"setup-manual-imap-header":{"_":"IMAP postavke"},"setup-manual-pop3-header":{"_":"POP3 postavke"},"setup-manual-smtp-header":{"_":"SMTP postavke"},"setup-manual-activesync-header":{"_":"ActiveSync postavke"},"setup-manual-next":{"_":"Dalje"},"setup-manual-socket":{"_":"Vrsta priključka"},"setup-manual-socket-ssl":{"_":"SSL"},"setup-manual-socket-starttls":{"_":"STARTTLS"},"setup-manual-hostname":{"placeholder":"Naziv host-a"},"setup-manual-port":{"placeholder":"Port"},"setup-manual-username":{"placeholder":"Korisničko ime"},"setup-bad-password-header":{"_":"Neispravna lozinka!"},"setup-bad-password":{"_":"Prijava na server nije uspela. Da li je lozinka ispravna?"},"setup-new-password":{"placeholder":"Nova lozinka"},"setup-fix-password":{"_":"Pokušajte ponovo sa novom lozinkom"},"setup-gmail-twofactor-header":{"_":"Two-Factor omogućen"},"setup-gmail-twofactor-message":{"_":"Ispod treba uneti lozinku izdanu za ovu aplikaciju."},"setup-gmail-twofactor-fix":{"_":"Upotrebite lozinku aplikacije"},"setup-gmail-imap-header":{"_":"IMAP je onemogućen"},"setup-gmail-imap-message":{"_":"Morate omogućiti IMAP na Vašem Gmail nalogu"},"setup-gmail-imap-retry":{"_":"Pokušaj ponovo"},"setup-gmail-pop3-header":{"_":"POP3 onemogućen"},"setup-gmail-pop3-message":{"_":"Morate omogućiti POP3 na Vašem Gmail nalogu"},"setup-gmail-pop3-retry":{"_":"Pokušaj ponovo"},"settings-main-header":{"_":"Podešavanja"},"settings-sub-header-account":{"_":"Nalog"},"settings-account-name":{"_":"Vaše ime"},"settings-account-display-notifications":{"_":"Prikaži obaveštenja za nove poruke"},"settings-sub-header-data":{"_":"Podaci"},"settings-account-check-mail":{"_":"Proveri za nove poruke"},"settings-sub-header-server":{"_":"Postavke servera"},"settings-account-userpass":{"_":"Korisničko ime i lozinka"},"fld-account-picker-last-sync":{"_":"Zadnja sinhronizacija:"},"settings-done":{"_":"Završeno"},"settings-account-section":{"_":"Nalozi"},"settings-account-add":{"_":"Dodaj nalog"},"settings-account-delete":{"_":"Obriši nalog"},"settings-account-delete-prompt":{"_":"Da li ste sigurni da želite obrisati {{account}} nalog e-pošte? Moraćete opet preuzeti sve poruke ako ponovo pravite nalog."},"settings-account-delete-cancel":{"_":"Otkaži"},"settings-account-delete-confirm":{"_":"Obriši"},"settings-about-section":{"_":"O programu"},"settings-general-section":{"_":"Opšte postavke"},"settings-check-mail":{"_":"Proveri poštu"},"settings-show-images":{"_":"Uvek prikazuj slike"},"settings-download-attachments":{"_":"Preuzimaj priloge"},"settings-notify-mail":{"_":"Obaveštavaj o novoj pošti"},"settings-check-every-3min":{"_":"Svaka 3 minuta"},"settings-check-every-5min":{"_":"Svakih 5 minuta"},"settings-check-every-10min":{"_":"Svakih 10 minuta"},"settings-check-every-15min":{"_":"Svakih 15 minuta"},"settings-check-every-30min":{"_":"Svakih 30 minuta"},"settings-check-every-60min":{"_":"Svaki sat"},"settings-check-every-manual":{"_":"Ručno"},"settings-check-dynamic":{"_":"{[ plural(n) ]}","_[zero]":"sekundi","_[one]":"{{ n }} sekunda","_[two]":"{{ n }} sekunde","_[few]":"{{ n }} sekundi","_[many]":"{{ n }} sekundi","_[other]":"{{ n }} sekundi"},"settings-default-account":{"_":"Podrazumevani nalog"},"settings-account-type":{"_":"Vrsta naloga"},"settings-account-credentials":{"_":"Akreditivi"},"settings-activesync-label":{"_":"ActiveSync postavke"},"settings-imap-label":{"_":"IMAP postavke"},"settings-pop3-label":{"_":"POP3 postavke"},"settings-smtp-label":{"_":"SMTP postavke"},"settings-hostname":{"_":"Naziv host-a"},"settings-port":{"_":"Port"},"settings-username":{"_":"Korisničko ime"},"settings-password":{"_":"Lozinka"},"settings-save":{"_":"Sačuvaj"},"settings-password-empty":{"_":"Polja za unos lozinke ne smeju biti prazna"},"settings-account-synchronize-window":{"_":"Dani za sinhronizaciju"},"settings-synchronize-auto":{"_":"Automatski"},"settings-synchronize-one-day":{"_":"1 dan"},"settings-synchronize-three-days":{"_":"3 dana"},"settings-synchronize-one-week":{"_":"1 nedelja"},"settings-synchronize-two-weeks":{"_":"2 nedelje"},"settings-synchronize-one-month":{"_":"1 mesec"},"settings-synchronize-all":{"_":"Sve poruke"},"accounts-header":{"_":"Nalozi"},"accounts-button":{"_":"Nalozi"},"envelope-from":{"_":"Od"},"envelope-to":{"_":"Za"},"envelope-cc":{"_":"Cc"},"envelope-bcc":{"_":"Bcc"},"reader-header":{"_":"Pročitaj"},"compose-header":{"_":"Sastavi poruku"},"compose-header-short":{"_":"Sastavi"},"compose-send":{"_":"Pošalji"},"compose-to":{"_":"Za"},"compose-cc":{"_":"Cc"},"compose-bcc":{"_":"Bcc"},"compose-attachments":{"_":"{[ plural(n) ]}","_[zero]":"Priloga","_[one]":"{{ n }} prilog","_[two]":"{{ n }} priloga","_[few]":"{{ n }} priloga","_[many]":"{{ n }} priloga","_[other]":"{{ n }} priloga"},"compose-subject":{"_":"Tema"},"compose-draft-save":{"_":"Snimi u fascikli Nedovršene"},"compose-discard-message":{"_":"Obrisati poruku?"},"compose-discard-confirm":{"_":"Obriši"},"compose-sending-message":{"_":"Slanje e-pošte"},"compose-send-message-failed":{"_":"Slanje e-pošte nije uspelo"},"composer-attachment-large":{"_":"Prilog je prevelik"},"composer-attachments-large":{"_":"Prilozi su preveliki"},"compose-attchment-size-exceeded":{"_":"Odabrani prilog je prevelik za poruku."},"compose-attchments-size-exceeded":{"_":"Odabrani prilozi su preveliki za ovu poruku. Odaberite manje datoteka."},"dialog-button-ok":{"_":"U redu"},"default-attachment-filename":{"_":"prilog{{ n }}"},"attachment-size-kib":{"_":"{{kilobytes}}K"},"message-attachment-view":{"textContent":"Prikaži"},"message-no-subject":{"_":"(bez teme)"},"message-edit-menu-star":{"_":"Stavi zvezdicu"},"message-edit-menu-unstar":{"_":"Ukloni zvezdicu"},"message-edit-menu-mark-read":{"_":"Označi kao pročitano"},"message-edit-menu-mark-unread":{"_":"Označi da nije pročitano"},"message-edit-menu-move":{"_":"Premesti"},"message-edit-menu-delete":{"_":"Obriši"},"message-edit-delete-confirm":{"_":"Obrisati poruku?"},"message-send-attachment-disabled-confirm":{"_":"Prilozi ne mogu biti prosleđeni."},"message-multiedit-header":{"_":"{[ plural(n) ]}","_[zero]":"Uredi","_[one]":"{{ n }} odabranu","_[two]":"{{ n }} odabrane","_[few]":"{{ n }} odabranih","_[many]":"{{ n }} odabranih","_[other]":"{{ n }} odabranih"},"browse-to-url-prompt":{"_":"Posetiti adresu?: {{ url }}"},"message-download-images":{"_":"{[ plural(n) ]}","_[one]":"Ova poruka sadrži jednu sliku. Pritisnite za preuzimanje.","_[two]":"Ova poruka sadrži {{ n }} slike. Pritisnite za preuzimanje.","_[few]":"Ova poruka sadrži {{ n }} slika. Pritisnite za preuzimanje.","_[many]":"Ova poruka sadrži {{ n }} slika. Pritisnite za preuzimanje.","_[other]":"Ova poruka sadrži {{ n }} slika. Pritisnite za preuzimanje."},"message-show-external-images":{"_":"Prikazuj spoljne slike"},"message-multiedit-cancel":{"_":"Otkaži"},"message-multiedit-delete-confirm":{"_":"{[ plural(n) ]}","_[one]":"Obrisati ovu poruku?","_[two]":"Obrisati {{ n }} poruke?","_[few]":"Obrisati {{ n }} poruka?","_[many]":"Obrisati {{ n }} poruka?","_[other]":"Obrisati {{ n }} poruka?"},"message-large-message-cancel":{"_":"Otkaži"},"message-large-message-ok":{"_":"Nastavi"},"message-large-message-confirm":{"_":"Ova poruka je velika i može potrajati dok se ne preuzme."},"message-search-from":{"_":"Od"},"message-search-to":{"_":"Za"},"message-search-subject":{"_":"Tema"},"message-search-body":{"_":"Tekst"},"message-search-all":{"_":"Sve"},"message-search-input":{"placeholder":"Pretraži poruke"},"message-search-cancel-accessible":{"_":"Otkaži pretragu"},"messages-syncing":{"_":"Učitavanje poruka"},"messages-sync-more":{"_":"Učitaj još poruka od servera"},"messages-folder-empty":{"_":"Nema poruka u ovoj fascikli"},"messages-search-empty":{"_":"Nema poklapanja u lokalno keširanim porukama"},"messages-folder-select":{"_":"Izaberi fasciklu"},"message-contact-menu-create":{"_":"Zapamti novi kontakt"},"message-contact-menu-add-existing":{"_":"Dodaj u postojeći kontakt"},"message-contact-menu-view":{"_":"Pogledaj kontakt"},"message-contact-menu-reply":{"_":"Odgovori"},"message-contact-menu-new":{"_":"Pošalji novu e-poštu"},"message-reply-menu-reply":{"_":"Odgovori"},"message-reply-menu-reply-all":{"_":"Odgovori svima"},"message-reply-menu-forward":{"_":"Prosledi"},"message-reply-menu-cancel":{"_":"Otkaži"},"folder-list-header":{"_":"Fascikle"},"account-last-synced-label":{"_":"Zadnja sinhronizacija:"},"account-never-synced":{"_":"Nikad"},"reply-quoting-wrote":{"_":"{name} piše"},"forward-original-message":{"_":"Izvorna poruka"},"forward-header-subject":{"_":"Tema"},"forward-header-date":{"_":"Datum"},"forward-header-from":{"_":"Od"},"forward-header-reply-to":{"_":"Odgovoriti"},"forward-header-to":{"_":"Za"},"forward-header-cc":{"_":"Cc"},"folder-inbox":{"_":"Prijemno sanduče"},"folder-sent":{"_":"Poslato"},"folder-drafts":{"_":"Nedovršene"},"folder-trash":{"_":"Smeće"},"folder-queue":{"_":"Neposlato"},"folder-junk":{"_":"Otpad"},"folder-archives":{"_":"Skladište"},"folder-localdrafts":{"_":"Nedovršene"},"toaster-undo":{"_":"Nazad"},"toaster-retry":{"_":"Pokušaj ponovo"},"toaster-message-star":{"_":"{[ plural(n) ]}","_[one]":"1 poruka sa postavljenom oznakom","_[two]":"{{ n }} poruke sa postavljenom oznakom","_[few]":"{{ n }} poruka sa postavljenom oznakom","_[many]":"{{ n }} poruka sa postavljenom oznakom","_[other]":"{{ n }} poruka sa postavljenom oznakom"},"toaster-message-unstar":{"_":"{[ plural(n) ]}","_[one]":"Uklonjena 1 oznaka poruke","_[two]":"Uklonjene {{ n }} oznake poruke","_[few]":"Uklonjeno {{ n }} oznaka poruke","_[many]":"Uklonjeno {{ n }} oznaka poruke","_[other]":"Uklonjeno {{ n }} oznaka poruke"},"toaster-message-read":{"_":"{[ plural(n) ]}","_[one]":"1 poruka je označena kao pročitana","_[two]":"{{ n }} poruke su označene kao pročitane","_[few]":"{{ n }} poruka je označeno kao pročitano","_[many]":"{{ n }} poruka je označeno kao pročitano","_[other]":"{{ n }} poruka je označeno kao pročitano"},"toaster-message-unread":{"_":"{[ plural(n) ]}","_[one]":"1 poruka je označena kao nepročitana","_[two]":"{{ n }} poruke su označene kao nepročitane","_[few]":"{{ n }} poruka je označeno kao nepročitano","_[many]":"{{ n }} poruka je označeno kao nepročitano","_[other]":"{{ n }} poruka je označeno kao nepročitano"},"toaster-message-move":{"_":"{[ plural(n) ]}","_[one]":"1 poruka je premeštena","_[two]":"{{ n }} poruke su premeštene","_[few]":"{{ n }} poruka je premešteno","_[many]":"{{ n }} poruka je premešteno","_[other]":"{{ n }} poruka je premešteno"},"toaster-message-delete":{"_":"{[ plural(n) ]}","_[one]":"1 poruka je obrisana","_[two]":"{{ n }} poruke su obrisane","_[few]":"{{ n }} poruka je obrisano","_[many]":"{{ n }} poruka je obrisano","_[other]":"{{ n }} poruka je obrisano"},"toaster-retryable-syncfailed":{"_":"Neuspešno povezivanje sa serverom"},"form-clear-input":{"_":"Ukloni tekst"},"confirm-dialog-title":{"_":"Potvrda"},"senders-separation-sign":{"_":", "},"new-emails":{"_":"{[ plural(n) ]}","_[one]":"1 nova e-pošta","_[two]":"{{ n }} nove e-pošte","_[few]":"{{ n }} novih e-pošti","_[many]":"{{ n }} novih e-pošti","_[other]":"{{ n }} novih e-pošti"},"new-emails-notify-one-account":{"_":"{[ plural(n) ]}","_[one]":"1 nova e-pošta","_[two]":"{{ n }} nove e-pošte","_[few]":"{{ n }} novih e-pošti","_[many]":"{{ n }} novih e-pošti","_[other]":"{{ n }} novih e-pošti"},"new-emails-notify-multiple-accounts":{"_":"{[ plural(n) ]}","_[one]":"1 nova e-pošta za ({{ accountName }})","_[two]":"{{ n }} nove e-pošte za ({{ accountName }})","_[few]":"{{ n }} novih e-pošti za ({{ accountName }})","_[many]":"{{ n }} novih e-pošti za ({{ accountName }})","_[other]":"{{ n }} novih e-pošti za ({{ accountName }})"},"new-emails-notify-multiple-accounts-body":{"_":"{{ from }} “{{ subject }}”"},"setup-manual-activesync-username":{"placeholder":"Domen\\Korisničko ime"},"settings-account-clarify-imap":{"_":"{{account-name}} (IMAP)"},"settings-account-clarify-pop3":{"_":"{{account-name}} (POP3)"},"settings-account-clarify-smtp":{"_":"{{account-name}} (SMTP)"},"message-attachment-too-large":{"_":"Datoteka je prevelika da bi se preuzela."},"weekday-0-long":{"_":"Nedelja"},"weekday-1-long":{"_":"Ponedeljak"},"weekday-2-long":{"_":"Utorak"},"weekday-3-long":{"_":"Sreda"},"weekday-4-long":{"_":"Četvrtak"},"weekday-5-long":{"_":"Petak"},"weekday-6-long":{"_":"Subota"},"weekday-0-short":{"_":"Ned"},"weekday-1-short":{"_":"Pon"},"weekday-2-short":{"_":"Uto"},"weekday-3-short":{"_":"Sre"},"weekday-4-short":{"_":"Čet"},"weekday-5-short":{"_":"Pet"},"weekday-6-short":{"_":"Sub"},"month-0-long":{"_":"januar"},"month-1-long":{"_":"februar"},"month-2-long":{"_":"mart"},"month-3-long":{"_":"april"},"month-4-long":{"_":"maj"},"month-5-long":{"_":"jun"},"month-6-long":{"_":"jul"},"month-7-long":{"_":"avgust"},"month-8-long":{"_":"septembar"},"month-9-long":{"_":"oktobar"},"month-10-long":{"_":"novembar"},"month-11-long":{"_":"decembar"},"month-0-genitive":{"_":"januara"},"month-1-genitive":{"_":"februara"},"month-2-genitive":{"_":"marta"},"month-3-genitive":{"_":"aprila"},"month-4-genitive":{"_":"maja"},"month-5-genitive":{"_":"juna"},"month-6-genitive":{"_":"jula"},"month-7-genitive":{"_":"avgusta"},"month-8-genitive":{"_":"septembra"},"month-9-genitive":{"_":"oktobra"},"month-10-genitive":{"_":"novembra"},"month-11-genitive":{"_":"decembra"},"month-0-short":{"_":"jan"},"month-1-short":{"_":"feb"},"month-2-short":{"_":"mar"},"month-3-short":{"_":"apr"},"month-4-short":{"_":"maj"},"month-5-short":{"_":"jun"},"month-6-short":{"_":"jul"},"month-7-short":{"_":"avg"},"month-8-short":{"_":"sep"},"month-9-short":{"_":"okt"},"month-10-short":{"_":"nov"},"month-11-short":{"_":"dec"},"minutes-ago-long":{"_":"{[ plural(value) ]}","_[zero]":"upravo","_[one]":"pre minut","_[two]":"pre {{value}} minuta","_[few]":"pre {{value}} minuta","_[many]":"pre {{value}} minuta","_[other]":"pre {{value}} minuta"},"hours-ago-long":{"_":"{[ plural(value) ]}","_[zero]":"upravo","_[one]":"pre sat vremena","_[two]":"pre {{value}} sata","_[few]":"pre {{value}} sati","_[many]":"pre {{value}} sati","_[other]":"pre {{value}} sati"},"days-ago-long":{"_":"{[ plural(value) ]}","_[zero]":"danas","_[one]":"juče","_[two]":"pre {{value}} dana","_[few]":"pre {{value}} dana","_[many]":"pre {{value}} dana","_[other]":"pre {{value}} dana"},"weeks-ago-long":{"_":"{[ plural(value) ]}","_[zero]":"ove nedelje","_[one]":"prošle nedelje","_[two]":"pre {{value}} nedelje","_[few]":"pre {{value}} nedelja","_[many]":"pre {{value}} nedelja","_[other]":"pre {{value}} nedelja"},"months-ago-long":{"_":"{[ plural(value) ]}","_[zero]":"ovog meseca","_[one]":"prošlog meseca","_[two]":"pre {{value}} meseca","_[few]":"pre {{value}} meseci","_[many]":"pre {{value}} meseci","_[other]":"pre {{value}} meseci"},"years-ago-long":{"_":"{[ plural(value) ]}","_[zero]":"ove godine","_[one]":"prošle godine","_[two]":"pre {{value}} godine","_[few]":"pre {{value}} godina","_[many]":"pre {{value}} godina","_[other]":"pre {{value}} godina"},"minutes-until-long":{"_":"{[ plural(value) ]}","_[zero]":"upravo","_[one]":"za jedan minut","_[two]":"za {{value}} minuta","_[few]":"za {{value}} minuta","_[many]":"za {{value}} minuta","_[other]":"za {{value}} minuta"},"hours-until-long":{"_":"{[ plural(value) ]}","_[zero]":"upravo","_[one]":"za sat vremena","_[two]":"za {{value}} sata","_[few]":"za {{value}} sati","_[many]":"za {{value}} sati","_[other]":"za {{value}} sati"},"days-until-long":{"_":"{[ plural(value) ]}","_[zero]":"danas","_[one]":"sutra","_[two]":"za {{value}} dana","_[few]":"za {{value}} dana","_[many]":"za {{value}} dana","_[other]":"za {{value}} dana"},"weeks-until-long":{"_":"{[ plural(value) ]}","_[zero]":"ove nedelje","_[one]":"sledeće nedelje","_[two]":"za {{value}} nedelje","_[few]":"za {{value}} nedelja","_[many]":"za {{value}} nedelja","_[other]":"za {{value}} nedelja"},"months-until-long":{"_":"{[ plural(value) ]}","_[zero]":"ovog meseca","_[one]":"sledećeg meseca","_[two]":"za {{value}} meseca","_[few]":"za {{value}} meseci","_[many]":"za {{value}} meseci","_[other]":"za {{value}} meseci"},"years-until-long":{"_":"{[ plural(value) ]}","_[zero]":"ove godine","_[one]":"sledeće godine","_[two]":"za {{value}} godine","_[few]":"za {{value}} godina","_[many]":"za {{value}} godina","_[other]":"za {{value}} godina"},"minutes-ago-short":{"_":"{[ plural(value) ]}","_[zero]":"upravo","_[other]":"pre {{value}}m"},"hours-ago-short":{"_":"{[ plural(value) ]}","_[zero]":"upravo","_[other]":"pre {{value}}s"},"days-ago-short":{"_":"{[ plural(value) ]}","_[zero]":"danas","_[other]":"pre {{value}}d"},"minutes-until-short":{"_":"{[ plural(value) ]}","_[zero]":"upravo","_[other]":"za {{value}}m"},"hours-until-short":{"_":"{[ plural(value) ]}","_[zero]":"upravo","_[other]":"za {{value}}s"},"days-until-short":{"_":"{[ plural(value) ]}","_[zero]":"danas","_[other]":"za {{value}}d"},"incorrectDate":{"_":"(netačan datum)"},"dateTimeFormat_%c":{"_":"%a %e %b %Y %H:%M:%S"},"dateTimeFormat_%x":{"_":"%d.%m.%Y"},"dateTimeFormat_%X":{"_":"%H:%M:%S"},"shortTimeFormat":{"_":"%H:%M"},"shortDateTimeFormat":{"_":"%x %H:%M"},"weekStartsOnMonday":{"_":"1"},"time_am":{"_":"AM"},"time_pm":{"_":"PM"}}