{"setup-app-name-header":{"_":"E-post"},"setup-empty-account-prompt":{"_":"Du har inte skapat ett konto för att skicka och ta emot e-post. Vill du göra det nu?"},"setup-pick-service":{"_":"För att skicka och ta emot e-post, måste du skapa ett konto."},"setup-account-header3":{"_":"Nytt konto"},"setup-info-name":{"placeholder":"Ditt namn"},"setup-info-email":{"placeholder":"someone@example.com"},"setup-info-password":{"placeholder":"Lösenord"},"setup-info-next":{"_":"Nästa"},"setup-progress-wait-msg":{"_":"Konfigurerar konto"},"setup-completed-header":{"_":"Kontoinställningar e-post"},"setup-completed-label":{"_":"Allt klart!"},"setup-add-another-account":{"_":"Lägg till ett annat konto"},"setup-show-mail":{"_":"Fortsätt till e-post"},"setup-error-offline":{"_":"Denna enhet är för närvarande offline. Anslut till internet och försök igen."},"setup-error-bad-user-or-pass2":{"_":"Ogiltigt användarnamn eller lösenord. Kontrollera skrivfel."},"setup-error-bad-address":{"_":"Ogiltig e-postadress. Kontrollera skrivfel."},"setup-error-not-authorized":{"_":"Servern sa att du inte har behörighet att skapa ett konto"},"setup-error-pop-server-not-great":{"_":"Servern stöds ej. POP3-servern tillämpar inte nödvändiga funktioner."},"setup-error-unknown2":{"_":"Ett okänt fel uppstod. Kontrollera din nätverksanslutning eller prova alternativet manuell konfiguration."},"setup-error-needs-app-pass":{"_":"Du måste använda ett programspecifikt lösenord för att tvåstegsverifiera Gmail-konto"},"setup-error-imap-disabled":{"_":"Du måste aktivera IMAP för ditt Gmail-konto"},"setup-error-pop3-disabled":{"_":"Du måste aktivera POP3 för ditt Gmail-konto"},"setup-error-bad-security":{"_":"Det gick inte att upprätta en säker anslutning med \"{{server}}\". Det kan vara problem med nätverket eller servern."},"setup-error-unresponsive-server":{"_":"Det gick inte att upprätta en anslutning med \"{{server}}\". Det kan finnas ett problem med nätverket."},"setup-error-server-problem":{"_":"Det finns ett problem med servern \"{{server}}\". Försök igen senare."},"setup-error-no-config-info":{"_":"Det gick inte att automatiskt konfigurera ditt konto. Rätta till din e-postadress eller prova alternativet manuell konfiguration."},"setup-error-server-maintenance":{"_":"Servern \"{{server}}\" är offline för underhåll. Försök igen senare."},"setup-error-account-already-exists":{"_":"Kontot är redan konfigurerat."},"setup-manual-config2":{"_":"Manuell konfiguration"},"setup-manual-config-header":{"_":"Manuell konfiguration"},"setup-manual-account-type":{"_":"Kontotyp"},"setup-manual-imap-header":{"_":"IMAP inställningar"},"setup-manual-pop3-header":{"_":"POP3 inställningar"},"setup-manual-smtp-header":{"_":"SMTP inställningar"},"setup-manual-activesync-header":{"_":"ActiveSync inställningar"},"setup-manual-next":{"_":"Nästa"},"setup-manual-socket":{"_":"Socket typ"},"setup-manual-socket-ssl":{"_":"SSL"},"setup-manual-socket-starttls":{"_":"STARTTLS"},"setup-manual-hostname":{"placeholder":"Värdnamn"},"setup-manual-port":{"placeholder":"Portnummer"},"setup-manual-username":{"placeholder":"Användarnamn"},"setup-bad-password-header":{"_":"Felaktigt lösenord!"},"setup-bad-password":{"_":"Vi kunde inte logga in på servern. Kanske är ditt lösenord fel?"},"setup-new-password":{"placeholder":"Nytt lösenord"},"setup-fix-password":{"_":"Försök igen med nytt lösenord"},"setup-gmail-twofactor-header":{"_":"Tvåvägsverifiering aktiverad"},"setup-gmail-twofactor-message":{"_":"Du måste ange ett programspecifikt lösenord nedan."},"setup-gmail-twofactor-fix":{"_":"Använd programspecifikt lösenord"},"setup-gmail-imap-header":{"_":"IMAP inaktiverat"},"setup-gmail-imap-message":{"_":"Du måste aktivera IMAP på ditt Gmail-konto"},"setup-gmail-imap-retry":{"_":"Försök igen"},"setup-gmail-pop3-header":{"_":"POP3 inaktiverad"},"setup-gmail-pop3-message":{"_":"Du måste aktivera POP3 på ditt Gmail-konto"},"setup-gmail-pop3-retry":{"_":"Försök igen"},"settings-main-header":{"_":"E-postinställningar"},"settings-sub-header-account":{"_":"Konto"},"settings-account-name":{"_":"Ditt namn"},"settings-account-display-notifications":{"_":"Visa aviseringar om nya meddelanden"},"settings-sub-header-data":{"_":"Data"},"settings-account-check-mail":{"_":"Hämta nya meddelanden"},"settings-sub-header-server":{"_":"Serverinställningar"},"settings-account-userpass":{"_":"Användarnamn och lösenord"},"fld-account-picker-last-sync":{"_":"Senaste synk:"},"settings-done":{"_":"Klar"},"settings-account-section":{"_":"Konton"},"settings-account-add":{"_":"Lägg till konto"},"settings-account-delete":{"_":"Ta bort konto"},"settings-account-delete-prompt":{"_":"Är du säker på att du vill ta bort ditt e-postkonto {{konto}}? Du måste hämta din e-post igen om du återskapar kontot. "},"settings-account-delete-cancel":{"_":"Avbryt"},"settings-account-delete-confirm":{"_":"Ta bort"},"settings-about-section":{"_":"About"},"settings-general-section":{"_":"Allmänna inställningar"},"settings-check-mail":{"_":"Check mail"},"settings-show-images":{"_":"Visa alltid bilder"},"settings-download-attachments":{"_":"Ladda ner bilagor"},"settings-notify-mail":{"_":"Notify of new mail"},"settings-check-every-3min":{"_":"Every 3 minutes"},"settings-check-every-5min":{"_":"Var 5:e minut"},"settings-check-every-10min":{"_":"Var 10:e minut"},"settings-check-every-15min":{"_":"Var 15:e minut"},"settings-check-every-30min":{"_":"Var 30:e minut"},"settings-check-every-60min":{"_":"Varje timme"},"settings-check-every-manual":{"_":"Manuellt"},"settings-check-dynamic":{"_":"{[ plural(n) ]}","_[zero]":"sekunder","_[one]":"{{ n }} sekunder","_[two]":"{{ n }} sekunder","_[few]":"{{ n }} sekunder","_[many]":"{{ n }} sekunder","_[other]":"{{ n }} sekunder"},"settings-default-account":{"_":"Standardkonto"},"settings-account-type":{"_":"Kontotyp"},"settings-account-credentials":{"_":"Inloggningsuppgifter"},"settings-activesync-label":{"_":"ActiveSync inställningar"},"settings-imap-label":{"_":"IMAP inställningar"},"settings-pop3-label":{"_":"POP3 inställningar"},"settings-smtp-label":{"_":"SMTP inställningar"},"settings-hostname":{"_":"Värdnamn"},"settings-port":{"_":"Port"},"settings-username":{"_":"Användarnamn"},"settings-password":{"_":"Lösenord"},"settings-save":{"_":"Spara"},"settings-password-empty":{"_":"Lösenordet bör inte vara tomt"},"settings-account-synchronize-window":{"_":"Dagar till synk"},"settings-synchronize-auto":{"_":"Automatisk"},"settings-synchronize-one-day":{"_":"1 dag"},"settings-synchronize-three-days":{"_":"3 dagar"},"settings-synchronize-one-week":{"_":"1 vecka"},"settings-synchronize-two-weeks":{"_":"2 veckor"},"settings-synchronize-one-month":{"_":"1 månad"},"settings-synchronize-all":{"_":"Alla meddelanden"},"accounts-header":{"_":"Accounts"},"accounts-button":{"_":"Accounts"},"envelope-from":{"_":"Från"},"envelope-to":{"_":"Till"},"envelope-cc":{"_":"Kopia"},"envelope-bcc":{"_":"Dold kopia"},"reader-header":{"_":"Läs"},"compose-header":{"_":"Skapa meddelande"},"compose-header-short":{"_":"Skriv"},"compose-send":{"_":"Skicka"},"compose-to":{"_":"Till"},"compose-cc":{"_":"kopia"},"compose-bcc":{"_":"dold kopia"},"compose-attachments":{"_":"{[ plural(n) ]}","_[zero]":"Bilagor","_[one]":"{{ n }} bilaga","_[two]":"{{ n }} bilagor","_[few]":"{{ n }} bilagor","_[many]":"{{ n }} bilagor","_[other]":"{{ n }} bilagor"},"compose-subject":{"_":"Ämne"},"compose-draft-save":{"_":"Spara till lokala utkast"},"compose-discard-message":{"_":"Släng e-post?"},"compose-discard-confirm":{"_":"Släng"},"compose-sending-message":{"_":"Skickar e-post"},"compose-send-message-failed":{"_":"Skicka e-post misslyckades"},"composer-attachment-large":{"_":"Bilagan är för stor"},"composer-attachments-large":{"_":"Bilagorna är för stora"},"compose-attchment-size-exceeded":{"_":"Vald bilaga är för stor för att skicka med meddelandet."},"compose-attchments-size-exceeded":{"_":"Valda bilagor är för stora att skicka med meddelandet. Prova att välja färre filer."},"dialog-button-ok":{"_":"OK"},"default-attachment-filename":{"_":"bilaga{{ n }}"},"attachment-size-kib":{"_":"{{kilobytes}}kB"},"message-attachment-view":{"textContent":"Visa"},"message-no-subject":{"_":"(inget ämne)"},"message-edit-menu-star":{"_":"Star"},"message-edit-menu-unstar":{"_":"Unstar"},"message-edit-menu-mark-read":{"_":"Mark as read"},"message-edit-menu-mark-unread":{"_":"Mark as unread"},"message-edit-menu-move":{"_":"Move"},"message-edit-menu-delete":{"_":"Ta bort"},"message-edit-delete-confirm":{"_":"Ta bort e-postmeddelande?"},"message-send-attachment-disabled-confirm":{"_":"Bilagor kan inte vidarebefordras."},"message-multiedit-header":{"_":"{[ plural(n) ]}","_[zero]":"Redigera","_[one]":"{{ n }} markerad","_[two]":"{{ n }} markerade","_[few]":"{{ n }} markerade","_[many]":"{{ n }} markerade","_[other]":"{{ n }} markerade"},"browse-to-url-prompt":{"_":"Surfa till URL?: {{ url }}"},"message-download-images":{"_":"{[ plural(n) ]}","_[one]":"E-postmeddelandet innehåller en bild. Klicka för att hämta.","_[two]":"E-postmeddelandet innehåller {{ n }} bilder. Klicka för att hämta.","_[few]":"E-postmeddelandet innehåller {{ n }} bilder. Klicka för att hämta.","_[many]":"E-postmeddelandet innehåller {{ n }} bilder. Klicka för att hämta.","_[other]":"E-postmeddelandet innehåller {{ n }} bilder. Klicka för att hämta."},"message-show-external-images":{"_":"Visa externa bilder"},"message-multiedit-cancel":{"_":"Avbryt"},"message-multiedit-delete-confirm":{"_":"{[ plural(n) ]}","_[one]":"Ta bort e-postmeddelandet?","_[two]":"Ta bort {{ n }} e-postmeddelanden?","_[few]":"Ta bort {{ n }} e-postmeddelanden?","_[many]":"Ta bort {{ n }} e-postmeddelanden?","_[other]":"Ta bort {{ n }} e-postmeddelanden?"},"message-large-message-cancel":{"_":"Avbryt"},"message-large-message-ok":{"_":"Fortsätt"},"message-large-message-confirm":{"_":"Meddelandet är stort och kan ta lite tid att hämta."},"message-search-from":{"_":"Från"},"message-search-to":{"_":"Till"},"message-search-subject":{"_":"Ämne"},"message-search-body":{"_":"Meddelandetext"},"message-search-all":{"_":"Alla"},"message-search-input":{"placeholder":"Sök e-post"},"message-search-cancel-accessible":{"_":"Avbryt sökning"},"messages-syncing":{"_":"Hämtar meddelanden"},"messages-sync-more":{"_":"Hämta fler meddelanden från servern"},"messages-folder-empty":{"_":"Inga e-post i mappen"},"messages-search-empty":{"_":"Ingen träff i lokalt lagrade meddelanden"},"messages-folder-select":{"_":"Välj mapp"},"message-contact-menu-create":{"_":"Spara ny kontakt"},"message-contact-menu-add-existing":{"_":"Lägg till i befintlig kontakt"},"message-contact-menu-view":{"_":"Visa kontakt"},"message-contact-menu-reply":{"_":"Svara"},"message-contact-menu-new":{"_":"Skicka ny e-post"},"message-reply-menu-reply":{"_":"Svara"},"message-reply-menu-reply-all":{"_":"Svara alla"},"message-reply-menu-forward":{"_":"Vidarebefordra"},"message-reply-menu-cancel":{"_":"Avbryt"},"folder-list-header":{"_":"Mappar"},"account-last-synced-label":{"_":"Senaste synk:"},"account-never-synced":{"_":"Aldrig"},"reply-quoting-wrote":{"_":"{name} skrev"},"forward-original-message":{"_":"Ursprungligt meddelande"},"forward-header-subject":{"_":"Ämne"},"forward-header-date":{"_":"Datum"},"forward-header-from":{"_":"Från"},"forward-header-reply-to":{"_":"Svar-till"},"forward-header-to":{"_":"Till"},"forward-header-cc":{"_":"Kopia"},"folder-inbox":{"_":"Inkorgen"},"folder-sent":{"_":"Skickat"},"folder-drafts":{"_":"Utkast"},"folder-trash":{"_":"Papperskorgen"},"folder-queue":{"_":"Utkorgen"},"folder-junk":{"_":"Skräp"},"folder-archives":{"_":"Arkiv"},"folder-localdrafts":{"_":"Lokala utkast"},"toaster-undo":{"_":"Ångra"},"toaster-retry":{"_":"Försök igen"},"toaster-message-star":{"_":"{[ plural(n) ]}","_[one]":"1 meddelande märkt","_[two]":"{{ n }} meddelanden märkt","_[few]":"{{ n }} meddelanden märkt","_[many]":"{{ n }} meddelanden märkt","_[other]":"{{ n }} meddelanden märkt"},"toaster-message-unstar":{"_":"{[ plural(n) ]}","_[one]":"1 meddelande ej märkt","_[two]":"{{ n }} meddelanden ej märkta","_[few]":"{{ n }} meddelanden ej märkta","_[many]":"{{ n }} meddelanden ej märkta","_[other]":"{{ n }} meddelanden ej märkta"},"toaster-message-read":{"_":"{[ plural(n) ]}","_[one]":"1 meddelande markerat som läst","_[two]":"{{ n }} meddelanden markerade som lästa","_[few]":"{{ n }} meddelanden markerade som lästa","_[many]":"{{ n }} meddelanden markerade som lästa","_[other]":"{{ n }} meddelanden markerade som lästa"},"toaster-message-unread":{"_":"{[ plural(n) ]}","_[one]":"1 meddelande markerat som oläst","_[two]":"{{ n }} meddelanden markerade som olästa","_[few]":"{{ n }} meddelanden markerade som olästa","_[many]":"{{ n }} meddelanden markerade som olästa","_[other]":"{{ n }} meddelanden markerade som olästa"},"toaster-message-move":{"_":"{[ plural(n) ]}","_[one]":"1 meddelande flyttat","_[two]":"{{ n }} meddelanden flyttade","_[few]":"{{ n }} meddelanden flyttade","_[many]":"{{ n }} meddelanden flyttade","_[other]":"{{ n }} meddelanden flyttade"},"toaster-message-delete":{"_":"{[ plural(n) ]}","_[one]":"1 meddelande raderat","_[two]":"{{ n }} meddelanden raderade","_[few]":"{{ n }} meddelanden raderade","_[many]":"{{ n }} meddelanden raderade","_[other]":"{{ n }} meddelanden raderade"},"toaster-retryable-syncfailed":{"_":"Kan inte ansluta till servern"},"form-clear-input":{"_":"Ta bort text"},"confirm-dialog-title":{"_":"Bekräftelse"},"senders-separation-sign":{"_":", "},"new-emails":{"_":"{[ plural(n) ]}","_[one]":"1 nytt e-postmeddelande","_[two]":"{{ n }} nya e-postmeddelanden","_[few]":"{{ n }} nya e-postmeddelanden","_[many]":"{{ n }} nya e-postmeddelanden","_[other]":"{{ n }} nya e-postmeddelanden"},"new-emails-notify-one-account":{"_":"{[ plural(n) ]}","_[one]":"1 nytt e-postmeddelande","_[two]":"{{ n }} nya e-postmeddelanden","_[few]":"{{ n }} nya e-postmeddelanden","_[many]":"{{ n }} nya e-postmeddelanden","_[other]":"{{ n }} nya e-postmeddelanden"},"new-emails-notify-multiple-accounts":{"_":"{[ plural(n) ]}","_[one]":"1 nytt e-postmeddelande ({{ accountName }})","_[two]":"{{ n }} nya e-postmeddelanden ({{ accountName }})","_[few]":"{{ n }} nya e-postmeddelanden ({{ accountName }})","_[many]":"{{ n }} nya e-postmeddelanden ({{ accountName }})","_[other]":"{{ n }} nya e-postmeddelanden ({{ accountName }})"},"new-emails-notify-multiple-accounts-body":{"_":"{{ from }} “{{ subject }}”"},"setup-manual-activesync-username":{"placeholder":"Domän\\Användarnamn"},"settings-account-clarify-imap":{"_":"{{account-name}} (IMAP)"},"settings-account-clarify-pop3":{"_":"{{account-name}} (POP3)"},"settings-account-clarify-smtp":{"_":"{{account-name}} (SMTP)"},"weekday-0-long":{"_":"Söndag"},"weekday-1-long":{"_":"Måndag"},"weekday-2-long":{"_":"Tisdag"},"weekday-3-long":{"_":"Onsdag"},"weekday-4-long":{"_":"Torsdag"},"weekday-5-long":{"_":"Fredag"},"weekday-6-long":{"_":"Lördag"},"weekday-0-short":{"_":"Sön"},"weekday-1-short":{"_":"Mån"},"weekday-2-short":{"_":"Tis"},"weekday-3-short":{"_":"Ons"},"weekday-4-short":{"_":"Tor"},"weekday-5-short":{"_":"Fre"},"weekday-6-short":{"_":"Lör"},"month-0-long":{"_":"Januari"},"month-1-long":{"_":"Februari"},"month-2-long":{"_":"Mars"},"month-3-long":{"_":"April"},"month-4-long":{"_":"Maj"},"month-5-long":{"_":"Juni"},"month-6-long":{"_":"Juli"},"month-7-long":{"_":"Augusti"},"month-8-long":{"_":"September"},"month-9-long":{"_":"Oktober"},"month-10-long":{"_":"November"},"month-11-long":{"_":"December"},"month-0-genitive":{"_":"Januari"},"month-1-genitive":{"_":"Februari"},"month-2-genitive":{"_":"Mars"},"month-3-genitive":{"_":"April"},"month-4-genitive":{"_":"Maj"},"month-5-genitive":{"_":"Juni"},"month-6-genitive":{"_":"Juli"},"month-7-genitive":{"_":"Augusti"},"month-8-genitive":{"_":"September"},"month-9-genitive":{"_":"Oktober"},"month-10-genitive":{"_":"November"},"month-11-genitive":{"_":"December"},"month-0-short":{"_":"Jan"},"month-1-short":{"_":"Feb"},"month-2-short":{"_":"Mar"},"month-3-short":{"_":"Apr"},"month-4-short":{"_":"Maj"},"month-5-short":{"_":"Jun"},"month-6-short":{"_":"Jul"},"month-7-short":{"_":"Aug"},"month-8-short":{"_":"Sep"},"month-9-short":{"_":"Okt"},"month-10-short":{"_":"Nov"},"month-11-short":{"_":"Dec"},"minutes-ago-long":{"_":"{[ plural(value) ]}","_[zero]":"nyss","_[one]":"en minut sen","_[two]":"{{value}} minuter sen","_[few]":"{{value}} minuter sen","_[many]":"{{value}} minuter sen","_[other]":"{{value}} minuter sen"},"hours-ago-long":{"_":"{[ plural(value) ]}","_[zero]":"nyss","_[one]":"en timme sen","_[two]":"{{value}} timmar sen","_[few]":"{{value}} timmar sen","_[many]":"{{value}} timmar sen","_[other]":"{{value}} timmar sen"},"days-ago-long":{"_":"{[ plural(value) ]}","_[zero]":"idag","_[one]":"igår","_[two]":"{{value}} dagar sen","_[few]":"{{value}} dagar sen","_[many]":"{{value}} dagar sen","_[other]":"{{value}} dagar sen"},"weeks-ago-long":{"_":"{[ plural(value) ]}","_[zero]":"denna vecka","_[one]":"förra veckan","_[two]":"{{value}} veckor sen","_[few]":"{{value}} veckor sen","_[many]":"{{value}} veckor sen","_[other]":"{{value}} veckor sen"},"months-ago-long":{"_":"{[ plural(value) ]}","_[zero]":"denna månad","_[one]":"förra månaden","_[two]":"{{value}} månader sen","_[few]":"{{value}} månader sen","_[many]":"{{value}} månader sen","_[other]":"{{value}} månader sen"},"years-ago-long":{"_":"{[ plural(value) ]}","_[zero]":"detta år","_[one]":"förra året","_[two]":"{{value}} år sen","_[few]":"{{value}} år sen","_[many]":"{{value}} år sen","_[other]":"{{value}} år sen"},"minutes-until-long":{"_":"{[ plural(value) ]}","_[zero]":"nu","_[one]":"om en minut","_[two]":"om {{value}} minuter","_[few]":"om {{value}} minuter","_[many]":"om {{value}} minuter","_[other]":"om {{value}} minuter"},"hours-until-long":{"_":"{[ plural(value) ]}","_[zero]":"nu","_[one]":"om en timme","_[two]":"om {{value}} timmar","_[few]":"om {{value}} timmar","_[many]":"om {{value}} timmar","_[other]":"om {{value}} timmar"},"days-until-long":{"_":"{[ plural(value) ]}","_[zero]":"idag","_[one]":"imorgon","_[two]":"om {{value}} dagar","_[few]":"om {{value}} dagar","_[many]":"om {{value}} dagar","_[other]":"om {{value}} dagar"},"weeks-until-long":{"_":"{[ plural(value) ]}","_[zero]":"denna vecka","_[one]":"nästa vecka","_[two]":"om {{value}} veckor","_[few]":"om {{value}} veckor","_[many]":"om {{value}} veckor","_[other]":"om {{value}} veckor"},"months-until-long":{"_":"{[ plural(value) ]}","_[zero]":"denna månad","_[one]":"nästa månad","_[two]":"om {{value}} månader","_[few]":"om {{value}} månader","_[many]":"om {{value}} månader","_[other]":"om {{value}} månader"},"years-until-long":{"_":"{[ plural(value) ]}","_[zero]":"detta år","_[one]":"nästa år","_[two]":"om {{value}} år","_[few]":"om {{value}} år","_[many]":"om {{value}} år","_[other]":"om {{value}} år"},"minutes-ago-short":{"_":"{[ plural(value) ]}","_[zero]":"nyss","_[other]":"{{value}}min sen"},"hours-ago-short":{"_":"{[ plural(value) ]}","_[zero]":"nyss","_[other]":"{{value}}tim. sen"},"days-ago-short":{"_":"{[ plural(value) ]}","_[zero]":"idag","_[other]":"{{value}}dygn sen"},"minutes-until-short":{"_":"{[ plural(value) ]}","_[zero]":"nu","_[other]":"om {{value}}min"},"hours-until-short":{"_":"{[ plural(value) ]}","_[zero]":"nu","_[other]":"om {{value}}tim."},"days-until-short":{"_":"{[ plural(value) ]}","_[zero]":"idag","_[other]":"om {{value}}dygn"},"incorrectDate":{"_":"(felaktigt datum)"},"dateTimeFormat_%c":{"_":"%a %e %b %Y %H:%M:%S"},"dateTimeFormat_%x":{"_":"%d/%m/%Y"},"dateTimeFormat_%X":{"_":"%H:%M:%S"},"shortTimeFormat":{"_":"%H:%M"},"shortDateTimeFormat":{"_":"%x %H:%M"},"weekStartsOnMonday":{"_":"1"},"time_am":{"_":"AM"},"time_pm":{"_":"PM"}}