{"setup-app-name-header":{"_":"Posta"},"setup-empty-account-prompt":{"_":"E-posta göndermek ve almak kurulum yapmadınız. Bunu şimdi yapmak ister misiniz?"},"setup-pick-service":{"_":"E-posta göndermek ve almak için bir hesap kurmanız gerekir."},"setup-account-header3":{"_":"Yeni Hesap"},"setup-info-name":{"placeholder":"Adınız"},"setup-info-email":{"placeholder":"birisi@ornek.com"},"setup-info-password":{"placeholder":"Parola"},"setup-info-next":{"_":"İleri"},"setup-progress-wait-msg":{"_":"Hesap kuruluyor"},"setup-completed-header":{"_":"Posta hesabı kurulumu"},"setup-completed-label":{"_":"İşlem tamam!"},"setup-add-another-account":{"_":"Başka bir hesap ekle"},"setup-show-mail":{"_":"Posta'ya devam et"},"setup-error-offline":{"_":"Bu aygıt şu anda çevrimdışı. Bir ağa bağlanıp tekrar deneyin."},"setup-error-bad-user-or-pass2":{"_":"Geçersiz kullanıcı adı veya parola. Yazım hatalarını denetleyin."},"setup-error-bad-address":{"_":"Geçersiz e-posta adresi. Yazım hatalarını kontrol edin."},"setup-error-not-authorized":{"_":"Sunucu bir hesap oluşturmaya izniniz olmadığını bildirdi"},"setup-error-pop-server-not-great":{"_":"Sunucu desteklenmiyor. POP3 sunucusu gerekli özelliklere sahip değil."},"setup-error-unknown2":{"_":"Bilinmeyen bir hata oluştu. Ağ bağlantınızı denetleyin veya elle yapılandırma seçeneğini deneyin."},"setup-error-needs-app-pass":{"_":"İki faktörlü Gmail hesapları için uygulamaya özel bir parola kullanmalısınız"},"setup-error-imap-disabled":{"_":"Gmail hesabınız için IMAP'i etkinleştirmelisiniz"},"setup-error-pop3-disabled":{"_":"Gmail hesabınız için POP3'ü etkinleştirmelisiniz"},"setup-error-bad-security":{"_":"\"{{server}}\" ile güvenli bir bağlantı kurulamadı. Ağınızla veya sunucunuzla ilgili bir sorun olabilir."},"setup-error-unresponsive-server":{"_":"\"{{server}}\" ile güvenli bir bağlantı kurulamadı. Ağ ile ilgili bir sorun olabilir."},"setup-error-server-problem":{"_":"\"{{server}}\" sunucusuyla ilgili bir sorun var. Daha sonra tekrar deneyin."},"setup-error-no-config-info":{"_":"Hesabınız otomatik olarak yapılandırılamadı. E-posta adresinizi düzeltin veya elle yapılandırma seçeneğini deneyin."},"setup-error-server-maintenance":{"_":"\"{{server}}\" sunucusu bakım nedeniyle çevrimdışı. Daha sonra tekrar deneyin."},"setup-error-account-already-exists":{"_":"Bu hesap zaten yapılandırılmış."},"setup-manual-config2":{"_":"Elle kurulum"},"setup-manual-config-header":{"_":"Elle Kurulum"},"setup-manual-account-type":{"_":"Hesap türü"},"setup-manual-imap-header":{"_":"IMAP ayarları"},"setup-manual-pop3-header":{"_":"POP3 ayarları"},"setup-manual-smtp-header":{"_":"SMTP ayarları"},"setup-manual-activesync-header":{"_":"ActiveSync ayarları"},"setup-manual-next":{"_":"İleri"},"setup-manual-socket":{"_":"Soket Türü"},"setup-manual-socket-ssl":{"_":"SSL"},"setup-manual-socket-starttls":{"_":"STARTTLS"},"setup-manual-hostname":{"placeholder":"Sunucu adı"},"setup-manual-port":{"placeholder":"Port Numarası"},"setup-manual-username":{"placeholder":"Kullanıcı adı"},"setup-bad-password-header":{"_":"Yanlış parola!"},"setup-bad-password":{"_":"Sunucuya giriş yapamadık. Parolanız yanlış olabilir mi?"},"setup-new-password":{"placeholder":"Yeni parola"},"setup-fix-password":{"_":"Yeni parola ile tekrar dene"},"setup-gmail-twofactor-header":{"_":"İki Faktör Etkin"},"setup-gmail-twofactor-message":{"_":"Aşağıya uygulamaya özel bir parola girmeniz gerekiyor."},"setup-gmail-twofactor-fix":{"_":"Uygulama parolası kullan"},"setup-gmail-imap-header":{"_":"IMAP devre dışı"},"setup-gmail-imap-message":{"_":"Gmail hesabınızda IMAP'i etkinleştirmelisiniz "},"setup-gmail-imap-retry":{"_":"Tekrar dene"},"setup-gmail-pop3-header":{"_":"POP3 devre dışı"},"setup-gmail-pop3-message":{"_":"Gmail hesabınızda POP3'ü etkinleştirmelisiniz"},"setup-gmail-pop3-retry":{"_":"Yeniden dene"},"settings-main-header":{"_":"Posta Ayarları"},"settings-sub-header-account":{"_":"Hesap"},"settings-account-name":{"_":"Adınız"},"settings-account-display-notifications":{"_":"Yeni ileti alındığında bildirim göster"},"settings-sub-header-data":{"_":"Veri"},"settings-account-check-mail":{"_":"Yeni iletileri denetle"},"settings-sub-header-server":{"_":"Sunucu ayarları"},"settings-account-userpass":{"_":"Kullanıcı adı ve parola"},"fld-account-picker-last-sync":{"_":"Son eşitleme: "},"settings-done":{"_":"Bitti"},"settings-account-section":{"_":"Hesaplar"},"settings-account-add":{"_":"Hesap ekle"},"settings-account-delete":{"_":"Hesabı sil"},"settings-account-delete-prompt":{"_":"{{account}} e-posta hesabınızı silmek istediğinizden emin misiniz? Eğer hesabı tekrar oluşturursanız postalarınızı yeniden indirmek zorunda kalacaksınız."},"settings-account-delete-cancel":{"_":"İptal"},"settings-account-delete-confirm":{"_":"Sil"},"settings-about-section":{"_":"Hakkında"},"settings-general-section":{"_":"Genel ayarlar"},"settings-check-mail":{"_":"Postayı denetle"},"settings-show-images":{"_":"Resimleri her zaman göster"},"settings-download-attachments":{"_":"Ekleri indir"},"settings-notify-mail":{"_":"Yeni postaları bildir"},"settings-check-every-3min":{"_":"3 dakikada bir"},"settings-check-every-5min":{"_":"5 dakikada bir"},"settings-check-every-10min":{"_":"10 dakikada bir"},"settings-check-every-15min":{"_":"15 dakikada bir"},"settings-check-every-30min":{"_":"30 dakikada bir"},"settings-check-every-60min":{"_":"Saatte bir"},"settings-check-every-manual":{"_":"Elle"},"settings-check-dynamic":{"_":"{[ plural(n) ]}","_[zero]":"saniye","_[one]":"{{ n }} saniye","_[two]":"{{ n }} saniye","_[few]":"{{ n }} saniye","_[many]":"{{ n }} saniye","_[other]":"{{ n }} saniye"},"settings-default-account":{"_":"Varsayılan e-posta olarak ata"},"settings-account-type":{"_":"Hesap türü"},"settings-account-credentials":{"_":"Kimlik bilgileri"},"settings-activesync-label":{"_":"ActiveSync ayarları"},"settings-imap-label":{"_":"IMAP ayarları"},"settings-pop3-label":{"_":"POP3 ayarları"},"settings-smtp-label":{"_":"SMTP ayarları"},"settings-hostname":{"_":"Sunucu adı"},"settings-port":{"_":"Port"},"settings-username":{"_":"Kullanıcı adı"},"settings-password":{"_":"Parola"},"settings-save":{"_":"Kaydet"},"settings-password-empty":{"_":"Parola alanı boş olamaz"},"settings-account-synchronize-window":{"_":"Eşitlenecek gün sayısı"},"settings-synchronize-auto":{"_":"Otomatik"},"settings-synchronize-one-day":{"_":"1 gün"},"settings-synchronize-three-days":{"_":"3 gün"},"settings-synchronize-one-week":{"_":"1 hafta"},"settings-synchronize-two-weeks":{"_":"2 hafta"},"settings-synchronize-one-month":{"_":"1 ay"},"settings-synchronize-all":{"_":"Tüm iletiler"},"accounts-header":{"_":"Hesaplar"},"accounts-button":{"_":"Hesaplar"},"envelope-from":{"_":"Kimden"},"envelope-to":{"_":"Kime"},"envelope-cc":{"_":"Cc"},"envelope-bcc":{"_":"Bcc"},"reader-header":{"_":"Oku"},"compose-header":{"_":"Yeni ileti yaz"},"compose-header-short":{"_":"Yaz"},"compose-send":{"_":"Gönder"},"compose-to":{"_":"Kime"},"compose-cc":{"_":"cc"},"compose-bcc":{"_":"bcc"},"compose-attachments":{"_":"{[ plural(n) ]}","_[zero]":"Ekler","_[one]":"{{ n }} ek","_[two]":"{{ n }} ek","_[few]":"{{ n }} ek","_[many]":"{{ n }} ek","_[other]":"{{ n }} ek"},"compose-subject":{"_":"Konu"},"compose-draft-save":{"_":"Yerel Taslaklar'a kaydet"},"compose-discard-message":{"_":"E-posta yok sayılsın mı?"},"compose-discard-confirm":{"_":"Yok say"},"compose-sending-message":{"_":"E-posta gönderiliyor"},"compose-send-message-failed":{"_":"E-posta gönderimi başarısız"},"composer-attachment-large":{"_":"Ek çok büyük"},"composer-attachments-large":{"_":"Ekler çok büyük"},"compose-attchment-size-exceeded":{"_":"Seçilen ek, bu mesajla gönderilemeyecek kadar büyük."},"compose-attchments-size-exceeded":{"_":"Seçilen ekler bu mesajla gönderilemeyecek kadar büyük. Daha az dosya seçmeyi deneyin."},"dialog-button-ok":{"_":"Tamam"},"default-attachment-filename":{"_":"ek{{ n }}"},"attachment-size-kib":{"_":"{{kilobytes}} K"},"message-attachment-view":{"textContent":"Göster"},"message-no-subject":{"_":"(konu yok)"},"message-edit-menu-star":{"_":"Yıldız ekle"},"message-edit-menu-unstar":{"_":"Yıldızı kaldır"},"message-edit-menu-mark-read":{"_":"Okundu olarak işaretle"},"message-edit-menu-mark-unread":{"_":"Okunmadı olarak işaretle"},"message-edit-menu-move":{"_":"Taşı"},"message-edit-menu-delete":{"_":"Sil"},"message-edit-delete-confirm":{"_":"E-posta iletisi silinsin mi?"},"message-send-attachment-disabled-confirm":{"_":"Ekler iletilemiyor."},"message-multiedit-header":{"_":"{[ plural(n) ]}","_[zero]":"Düzenle","_[one]":"{{ n }} seçildi","_[two]":"{{ n }} seçildi","_[few]":"{{ n }} seçildi","_[many]":"{{ n }} seçildi","_[other]":"{{ n }} seçildi"},"browse-to-url-prompt":{"_":"Adrese git?: {{ url }}"},"message-download-images":{"_":"{[ plural(n) ]}","_[one]":"Bu e-posta bir resim içeriyor. İndirmek için dokunun.","_[two]":"Bu e-posta {{ n }} resim içeriyor. İndirmek için dokunun.","_[few]":"Bu e-posta {{ n }} resim içeriyor. İndirmek için dokunun.","_[many]":"Bu e-posta {{ n }} resim içeriyor. İndirmek için dokunun.","_[other]":"Bu e-posta {{ n }} resim içeriyor. İndirmek için dokunun."},"message-show-external-images":{"_":"Harici resimleri göster"},"message-multiedit-cancel":{"_":"İptal"},"message-multiedit-delete-confirm":{"_":"{[ plural(n) ]}","_[one]":"Bu e-posta iletisi silinsin mi?","_[two]":"{{ n }} e-posta iletisi silinsin mi?","_[few]":"{{ n }} e-posta iletisi silinsin mi?","_[many]":"{{ n }} e-posta iletisi silinsin mi?","_[other]":"{{ n }} e-posta iletisi silinsin mi?"},"message-large-message-cancel":{"_":"İptal"},"message-large-message-ok":{"_":"Devam et"},"message-large-message-confirm":{"_":"Bu mesaj büyük olduğu için indirilmesi biraz zaman alabilir."},"message-search-from":{"_":"Kimden"},"message-search-to":{"_":"Kime"},"message-search-subject":{"_":"Konu"},"message-search-body":{"_":"Gövde"},"message-search-all":{"_":"Tümü"},"message-search-input":{"placeholder":"E-posta ara"},"message-search-cancel-accessible":{"_":"Aramayı iptal et"},"messages-syncing":{"_":"İletiler yükleniyor"},"messages-sync-more":{"_":"Sunucudan daha fazla ileti yükle"},"messages-folder-empty":{"_":"Bu klasörde posta yok"},"messages-search-empty":{"_":"Yerel önbellekteki iletilerde eşleşme bulunamadı"},"messages-folder-select":{"_":"Klasör seçin"},"message-contact-menu-create":{"_":"Yeni kişi kaydet"},"message-contact-menu-add-existing":{"_":"Mevcut kişiye ekle"},"message-contact-menu-view":{"_":"Kişiyi gör"},"message-contact-menu-reply":{"_":"Yanıtla"},"message-contact-menu-new":{"_":"Yeni posta gönder"},"message-reply-menu-reply":{"_":"Yanıtla"},"message-reply-menu-reply-all":{"_":"Tümüne yanıtla"},"message-reply-menu-forward":{"_":"İlet"},"message-reply-menu-cancel":{"_":"İptal"},"folder-list-header":{"_":"Klasörler"},"account-last-synced-label":{"_":"Son eşitleme: "},"account-never-synced":{"_":"Hiçbir zaman"},"reply-quoting-wrote":{"_":"{name} şunu yazdı"},"forward-original-message":{"_":"Özgün ileti"},"forward-header-subject":{"_":"Konu"},"forward-header-date":{"_":"Tarih"},"forward-header-from":{"_":"Kimden"},"forward-header-reply-to":{"_":"Reply-To"},"forward-header-to":{"_":"Kime"},"forward-header-cc":{"_":"Cc"},"folder-inbox":{"_":"Gelen Kutusu"},"folder-sent":{"_":"Gönderilen"},"folder-drafts":{"_":"Taslaklar"},"folder-trash":{"_":"Çöp Kutusu"},"folder-queue":{"_":"Gönderilmemiş"},"folder-junk":{"_":"Önemsiz"},"folder-archives":{"_":"Arşiv"},"folder-localdrafts":{"_":"Yerel Taslaklar"},"toaster-undo":{"_":"Geri al"},"toaster-retry":{"_":"Tekrar dene"},"toaster-message-star":{"_":"{[ plural(n) ]}","_[one]":"1 ileti işaretlendi","_[two]":"{{ n }} ileti işaretlendi","_[few]":"{{ n }} ileti işaretlendi","_[many]":"{{ n }} ileti işaretlendi","_[other]":"{{ n }} ileti işaretlendi"},"toaster-message-unstar":{"_":"{[ plural(n) ]}","_[one]":"1 iletinin işareti kaldırıldı","_[two]":"{{ n }} iletinin işareti kaldırıldı","_[few]":"{{ n }} iletinin işareti kaldırıldı","_[many]":"{{ n }} iletinin işareti kaldırıldı","_[other]":"{{ n }} iletinin işareti kaldırıldı"},"toaster-message-read":{"_":"{[ plural(n) ]}","_[one]":"1 ileti okundu olarak işaretlendi","_[two]":"{{ n }} ileti okundu olarak işaretlendi","_[few]":"{{ n }} ileti okundu olarak işaretlendi","_[many]":"{{ n }} ileti okundu olarak işaretlendi","_[other]":"{{ n }} ileti okundu olarak işaretlendi"},"toaster-message-unread":{"_":"{[ plural(n) ]}","_[one]":"1 ileti okunmadı olarak işaretlendi","_[two]":"{{ n }} ileti okunmadı olarak işaretlendi","_[few]":"{{ n }} ileti okunmadı olarak işaretlendi","_[many]":"{{ n }} ileti okunmadı olarak işaretlendi","_[other]":"{{ n }} ileti okunmadı olarak işaretlendi"},"toaster-message-move":{"_":"{[ plural(n) ]}","_[one]":"1 ileti taşındı","_[two]":"{{ n }} ileti taşındı","_[few]":"{{ n }} ileti taşındı","_[many]":"{{ n }} ileti taşındı","_[other]":"{{ n }} ileti taşındı"},"toaster-message-delete":{"_":"{[ plural(n) ]}","_[one]":"1 ileti silindi","_[two]":"{{ n }} ileti silindi","_[few]":"{{ n }} ileti silindi","_[many]":"{{ n }} ileti silindi","_[other]":"{{ n }} ileti silindi"},"toaster-retryable-syncfailed":{"_":"Sunucuya bağlanılamadı"},"form-clear-input":{"_":"Metni kaldır"},"confirm-dialog-title":{"_":"Onay"},"senders-separation-sign":{"_":", "},"new-emails":{"_":"{[ plural(n) ]}","_[one]":"1 yeni e-posta","_[two]":"{{ n }} yeni e-posta","_[few]":"{{ n }} yeni e-posta","_[many]":"{{ n }} yeni e-posta","_[other]":"{{ n }} yeni e-posta"},"new-emails-notify-one-account":{"_":"{[ plural(n) ]}","_[one]":"1 yeni e-posta","_[two]":"{{ n }} yeni e-posta","_[few]":"{{ n }} yeni e-posta","_[many]":"{{ n }} yeni e-posta","_[other]":"{{ n }} yeni e-posta"},"new-emails-notify-multiple-accounts":{"_":"{[ plural(n) ]}","_[one]":"1 yeni e-posta ({{ accountName }})","_[two]":"{{ n }} yeni e-posta ({{ accountName }})","_[few]":"{{ n }} yeni e-posta ({{ accountName }})","_[many]":"{{ n }} yeni e-posta ({{ accountName }})","_[other]":"{{ n }} yeni e-posta ({{ accountName }})"},"new-emails-notify-multiple-accounts-body":{"_":"{{ from }} “{{ subject }}”"},"weekday-0-long":{"_":"Pazar"},"weekday-1-long":{"_":"Pazartesi"},"weekday-2-long":{"_":"Salı"},"weekday-3-long":{"_":"Çarşamba"},"weekday-4-long":{"_":"Perşembe"},"weekday-5-long":{"_":"Cuma"},"weekday-6-long":{"_":"Cumartesi"},"weekday-0-short":{"_":"Pzr"},"weekday-1-short":{"_":"Pzt"},"weekday-2-short":{"_":"Sal"},"weekday-3-short":{"_":"Çar"},"weekday-4-short":{"_":"Per"},"weekday-5-short":{"_":"Cum"},"weekday-6-short":{"_":"Cmt"},"month-0-long":{"_":"Ocak"},"month-1-long":{"_":"Şubat"},"month-2-long":{"_":"Mart"},"month-3-long":{"_":"Nisan"},"month-4-long":{"_":"Mayıs"},"month-5-long":{"_":"Haziran"},"month-6-long":{"_":"Temmuz"},"month-7-long":{"_":"Ağustos"},"month-8-long":{"_":"Eylül"},"month-9-long":{"_":"Ekim"},"month-10-long":{"_":"Kasım"},"month-11-long":{"_":"Aralık"},"month-0-genitive":{"_":"Ocak"},"month-1-genitive":{"_":"Şubat"},"month-2-genitive":{"_":"Mart"},"month-3-genitive":{"_":"Nisan"},"month-4-genitive":{"_":"Mayıs"},"month-5-genitive":{"_":"Haziran"},"month-6-genitive":{"_":"Temmuz"},"month-7-genitive":{"_":"Ağustos"},"month-8-genitive":{"_":"Eylül"},"month-9-genitive":{"_":"Ekim"},"month-10-genitive":{"_":"Kasım"},"month-11-genitive":{"_":"Aralık"},"month-0-short":{"_":"Oca"},"month-1-short":{"_":"Şub"},"month-2-short":{"_":"Mar"},"month-3-short":{"_":"Nis"},"month-4-short":{"_":"May"},"month-5-short":{"_":"Haz"},"month-6-short":{"_":"Tem"},"month-7-short":{"_":"Ağu"},"month-8-short":{"_":"Eyl"},"month-9-short":{"_":"Eki"},"month-10-short":{"_":"Kas"},"month-11-short":{"_":"Ara"},"minutes-ago-long":{"_":"{[ plural(value) ]}","_[zero]":"biraz önce","_[one]":"bir dakika önce","_[two]":"{{value}} dakika önce","_[few]":"{{value}} dakika önce","_[many]":"{{value}} dakika önce","_[other]":"{{value}} dakika önce"},"hours-ago-long":{"_":"{[ plural(value) ]}","_[zero]":"biraz önce","_[one]":"bir saat önce","_[two]":"{{value}} saat önce","_[few]":"{{value}} saat önce","_[many]":"{{value}} saat önce","_[other]":"{{value}} saat önce"},"days-ago-long":{"_":"{[ plural(value) ]}","_[zero]":"bugün","_[one]":"dün","_[two]":"{{value}} gün önce","_[few]":"{{value}} gün önce","_[many]":"{{value}} gün önce","_[other]":"{{value}} gün önce"},"weeks-ago-long":{"_":"{[ plural(value) ]}","_[zero]":"bu hafta","_[one]":"geçen hafta","_[two]":"{{value}} hafta önce","_[few]":"{{value}} hafta önce","_[many]":"{{value}} hafta önce","_[other]":"{{value}} hafta önce"},"months-ago-long":{"_":"{[ plural(value) ]}","_[zero]":"bu ay","_[one]":"geçen ay","_[two]":"{{value}} ay önce","_[few]":"{{value}} ay önce","_[many]":"{{value}} ay önce","_[other]":"{{value}} ay önce"},"years-ago-long":{"_":"{[ plural(value) ]}","_[zero]":"bu yıl","_[one]":"geçen yıl","_[two]":"{{value}} yıl önce","_[few]":"{{value}} yıl önce","_[many]":"{{value}} yıl önce","_[other]":"{{value}} yıl önce"},"minutes-until-long":{"_":"{[ plural(value) ]}","_[zero]":"şimdi","_[one]":"bir dakika önce","_[two]":"{{value}} dakika içinde","_[few]":"{{value}} dakika içinde","_[many]":"{{value}} dakika içinde","_[other]":"{{value}} dakika içinde"},"hours-until-long":{"_":"{[ plural(value) ]}","_[zero]":"şimdi","_[one]":"bir saat içinde","_[two]":"{{value}} saat içinde","_[few]":"{{value}} saat içinde","_[many]":"{{value}} saat içinde","_[other]":"{{value}} saat içinde"},"days-until-long":{"_":"{[ plural(value) ]}","_[zero]":"bugün","_[one]":"dün","_[two]":"{{value}} gün içinde","_[few]":"{{value}} gün içinde","_[many]":"{{value}} gün içinde","_[other]":"{{value}} gün içinde"},"weeks-until-long":{"_":"{[ plural(value) ]}","_[zero]":"bu hafta","_[one]":"gelecek hafta","_[two]":"{{value}} hafta içinde","_[few]":"{{value}} hafta içinde","_[many]":"{{value}} hafta içinde","_[other]":"{{value}} hafta içinde"},"months-until-long":{"_":"{[ plural(value) ]}","_[zero]":"bu ay","_[one]":"gelecek ay","_[two]":"{{value}} ay içinde","_[few]":"{{value}} ay içinde","_[many]":"{{value}} ay içinde","_[other]":"{{value}} ay içinde"},"years-until-long":{"_":"{[ plural(value) ]}","_[zero]":"bu yıl","_[one]":"gelecek yıl","_[two]":"{{value}} yıl içinde","_[few]":"{{value}} yıl içinde","_[many]":"{{value}} yıl içinde","_[other]":"{{value}} yıl içinde"},"minutes-ago-short":{"_":"{[ plural(value) ]}","_[zero]":"biraz önce","_[other]":"{{value}} dk önce"},"hours-ago-short":{"_":"{[ plural(value) ]}","_[zero]":"biraz önce","_[other]":"{{value}} saat önce"},"days-ago-short":{"_":"{[ plural(value) ]}","_[zero]":"bugün","_[other]":"{{value}} gün önce"},"minutes-until-short":{"_":"{[ plural(value) ]}","_[zero]":"şimdi","_[other]":"{{value}} dk içinde"},"hours-until-short":{"_":"{[ plural(value) ]}","_[zero]":"şimdi","_[other]":"{{value}} saat içinde"},"days-until-short":{"_":"{[ plural(value) ]}","_[zero]":"bugün","_[other]":"{{value}} gün içinde"},"incorrectDate":{"_":"(geçersiz tarih)"},"dateTimeFormat_%c":{"_":"%e %b %Y %a %H:%M:%S"},"dateTimeFormat_%x":{"_":"%d/%m/%Y"},"dateTimeFormat_%X":{"_":"%H:%M:%S"},"shortTimeFormat":{"_":"%H:%M"},"shortDateTimeFormat":{"_":"%x %H:%M"},"weekStartsOnMonday":{"_":"1"},"time_am":{"_":"ÖÖ"},"time_pm":{"_":"ÖS"}}