{"setup-app-name-header":{"_":"邮件"},"setup-empty-account-prompt":{"_":"您还没有设置发送或接收电子邮件。要现在设置吗？"},"setup-pick-service":{"_":"要发送与接收电子邮件，您需要设置一个账户。"},"setup-account-header3":{"_":"新建账户"},"setup-info-name":{"placeholder":"您的名称（作为发件人名称）"},"setup-info-email":{"placeholder":"someone@example.com"},"setup-info-password":{"placeholder":"密码"},"setup-info-next":{"_":"下一步"},"setup-progress-wait-msg":{"_":"正在设置账户"},"setup-completed-header":{"_":"邮件账户设置"},"setup-completed-label":{"_":"完成！"},"setup-add-another-account":{"_":"添加其他账户"},"setup-show-mail":{"_":"进入收件箱"},"setup-error-offline":{"_":"此装置目前处于离线状态。连接到网络然后重试。"},"setup-error-bad-user-or-pass2":{"_":"无效的用户名或密码。请检查是否输入有误。"},"setup-error-bad-address":{"_":"无效的电子邮件地址。请检查是否输入有误。"},"setup-error-not-authorized":{"_":"服务器说您没有权限创建账户"},"setup-error-pop-server-not-great":{"_":"服务器不支持。POP3 服务器没有实现所需的功能特性。"},"setup-error-unknown2":{"_":"发生未知错误。请检查您的网络连接，或尝试手动配置选项。"},"setup-error-needs-app-pass":{"_":"您必须为两步验证的 Gmail 账户使用特定于应用程序的密码"},"setup-error-imap-disabled":{"_":"您必须为您的 Gmail 账户启用 IMAP"},"setup-error-pop3-disabled":{"_":"你必须在你的 Gmail 账户中启用 POP3"},"setup-error-bad-security":{"_":"无法与“{{server}}”建立安全连接。这可能是您的网络，或者该服务器的问题。"},"setup-error-unresponsive-server":{"_":"无法与“{{server}}”建立连接。这可能是网络问题。"},"setup-error-server-problem":{"_":"与服务器“{{server}}”有一个问题。请稍后重试。"},"setup-error-no-config-info":{"_":"无法自动配置您的账户。请更正您的电子邮件地址，或尝试手动配置选项。"},"setup-error-server-maintenance":{"_":"服务器“{{server}}”处于离线状态以便维护。请稍后重试。"},"setup-error-account-already-exists":{"_":"此账户已经配置。"},"setup-manual-config2":{"_":"手动设置"},"setup-manual-config-header":{"_":"手动设置"},"setup-manual-account-type":{"_":"账户类型"},"setup-manual-imap-header":{"_":"IMAP 设置"},"setup-manual-pop3-header":{"_":"POP3 设置"},"setup-manual-smtp-header":{"_":"SMTP 设置"},"setup-manual-activesync-header":{"_":"ActiveSync 设置"},"setup-manual-next":{"_":"下一步"},"setup-manual-socket":{"_":"套接字类型"},"setup-manual-socket-ssl":{"_":"SSL"},"setup-manual-socket-starttls":{"_":"STARTTLS"},"setup-manual-hostname":{"placeholder":"主机名"},"setup-manual-port":{"placeholder":"端口号"},"setup-manual-username":{"placeholder":"用户名"},"setup-bad-password-header":{"_":"密码错误！"},"setup-bad-password":{"_":"未能登录到服务器，是您的密码错误吗？"},"setup-new-password":{"placeholder":"新密码"},"setup-fix-password":{"_":"使用新密码尝试"},"setup-gmail-twofactor-header":{"_":"启用两步验证"},"setup-gmail-twofactor-message":{"_":"您需要在下面输入一组特定于应用程序的密码。"},"setup-gmail-twofactor-fix":{"_":"使用应用程序密码"},"setup-gmail-imap-header":{"_":"停用 IMAP"},"setup-gmail-imap-message":{"_":"您必须在您的 Gmail 账户中启用 IMAP"},"setup-gmail-imap-retry":{"_":"重试"},"setup-gmail-pop3-header":{"_":"POP3 已禁用"},"setup-gmail-pop3-message":{"_":"你必须在你的 Gmail 账户中启用 POP3"},"setup-gmail-pop3-retry":{"_":"重试"},"settings-main-header":{"_":"邮件设置"},"settings-sub-header-account":{"_":"账户"},"settings-account-name":{"_":"您的名称（作为发件人名称）"},"settings-account-display-notifications":{"_":"收到新消息时显示通知"},"settings-sub-header-data":{"_":"数据"},"settings-account-check-mail":{"_":"检查新消息"},"settings-sub-header-server":{"_":"服务器设置"},"settings-account-userpass":{"_":"用户名和密码"},"fld-account-picker-last-sync":{"_":"最近同步："},"settings-done":{"_":"完成"},"settings-account-section":{"_":"账户"},"settings-account-add":{"_":"添加账户"},"settings-account-delete":{"_":"删除账户"},"settings-account-delete-prompt":{"_":"确定要删除您的“{{account}}”邮件账户吗？如果您重新创建此账户，您将不得不重新下载您的邮件。"},"settings-account-delete-cancel":{"_":"取消"},"settings-account-delete-confirm":{"_":"删除"},"settings-about-section":{"_":"关于"},"settings-general-section":{"_":"通用设置"},"settings-check-mail":{"_":"检查邮件"},"settings-show-images":{"_":"始终显示图像"},"settings-download-attachments":{"_":"下载附件"},"settings-notify-mail":{"_":"新邮件通知"},"settings-check-every-3min":{"_":"每 3 分钟"},"settings-check-every-5min":{"_":"每 5 分钟"},"settings-check-every-10min":{"_":"每 10 分钟"},"settings-check-every-15min":{"_":"每 15 分钟"},"settings-check-every-30min":{"_":"每 30 分钟"},"settings-check-every-60min":{"_":"每小时"},"settings-check-every-manual":{"_":"手动"},"settings-check-dynamic":{"_":"{[ plural(n) ]}","_[zero]":"秒","_[one]":"{{ n }} 秒","_[two]":"{{ n }} 秒","_[few]":"{{ n }} 秒","_[many]":"{{ n }} 秒","_[other]":"{{ n }} 秒"},"settings-default-account":{"_":"设为默认账户"},"settings-account-type":{"_":"账户类型"},"settings-account-credentials":{"_":"登录凭据"},"settings-activesync-label":{"_":"ActiveSync 设置"},"settings-imap-label":{"_":"IMAP 设置"},"settings-pop3-label":{"_":"POP3 设置"},"settings-smtp-label":{"_":"SMTP 设置"},"settings-hostname":{"_":"主机名"},"settings-port":{"_":"端口"},"settings-username":{"_":"用户名"},"settings-password":{"_":"密码"},"settings-save":{"_":"保存"},"settings-password-empty":{"_":"密码不能为空！"},"settings-account-synchronize-window":{"_":"要同步的天数"},"settings-synchronize-auto":{"_":"自动"},"settings-synchronize-one-day":{"_":"1 天"},"settings-synchronize-three-days":{"_":"3 天"},"settings-synchronize-one-week":{"_":"1 周"},"settings-synchronize-two-weeks":{"_":"2 周"},"settings-synchronize-one-month":{"_":"1 个月"},"settings-synchronize-all":{"_":"所有邮件"},"accounts-header":{"_":"账户"},"accounts-button":{"_":"账户"},"envelope-from":{"_":"发件人"},"envelope-to":{"_":"收件人"},"envelope-cc":{"_":"抄送"},"envelope-bcc":{"_":"密送"},"reader-header":{"_":"已读"},"compose-header":{"_":"撰写邮件"},"compose-header-short":{"_":"编写"},"compose-send":{"_":"发送"},"compose-to":{"_":"收件人"},"compose-cc":{"_":"抄送"},"compose-bcc":{"_":"密送"},"compose-attachments":{"_":"{[ plural(n) ]}","_[zero]":"附件","_[one]":"{{ n }} 附件","_[two]":"{{ n }} 附件","_[few]":"{{ n }} 附件","_[many]":"{{ n }} 附件","_[other]":"{{ n }} 附件"},"compose-subject":{"_":"主题"},"compose-draft-save":{"_":"保存到本地草稿箱"},"compose-discard-message":{"_":"丢弃邮件？"},"compose-discard-confirm":{"_":"丢弃"},"compose-sending-message":{"_":"正在发送邮件"},"compose-send-message-failed":{"_":"发送邮件失败"},"composer-attachment-large":{"_":"附件太大"},"composer-attachments-large":{"_":"附件太大"},"compose-attchment-size-exceeded":{"_":"为此消息选择发送的附件太大。"},"compose-attchments-size-exceeded":{"_":"为此消息选择发送的附件太大。请选择小一些的文件。"},"dialog-button-ok":{"_":"确定"},"default-attachment-filename":{"_":"附件{{ n }}"},"attachment-size-kib":{"_":"{{kilobytes}}K"},"message-attachment-view":{"textContent":"查看"},"message-no-subject":{"_":"（无主题）"},"message-edit-menu-star":{"_":"星标"},"message-edit-menu-unstar":{"_":"取消星标"},"message-edit-menu-mark-read":{"_":"标记为已读"},"message-edit-menu-mark-unread":{"_":"标记为未读"},"message-edit-menu-move":{"_":"移动"},"message-edit-menu-delete":{"_":"删除"},"message-edit-delete-confirm":{"_":"要删除邮件吗？"},"message-send-attachment-disabled-confirm":{"_":"附件不能被转发。"},"message-multiedit-header":{"_":"{[ plural(n) ]}","_[zero]":"编辑","_[one]":"已选择 {{ n }} 封","_[two]":"已选择 {{ n }} 封","_[few]":"已选择 {{ n }} 封","_[many]":"已选择 {{ n }} 封","_[other]":"已选择 {{ n }} 封"},"browse-to-url-prompt":{"_":"浏览网址?: {{ url }}"},"message-download-images":{"_":"{[ plural(n) ]}","_[one]":"此封邮件包含 1 张图片。点击以下载。","_[two]":"此封邮件包含 {{ n }} 张图片。轻触以开始下载。","_[few]":"此封邮件包含 {{ n }} 张图片。轻触以开始下载。","_[many]":"此封邮件包含 {{ n }} 张图片。轻触以开始下载。","_[other]":"此封邮件包含 {{ n }} 张图片。轻触以开始下载。"},"message-show-external-images":{"_":"显示外部图像"},"message-multiedit-cancel":{"_":"取消"},"message-multiedit-delete-confirm":{"_":"{[ plural(n) ]}","_[one]":"要删除此封邮件吗？","_[two]":"要删除所选的 {{ n }} 封邮件吗？","_[few]":"要删除所选的 {{ n }} 封邮件吗？","_[many]":"要删除所选的 {{ n }} 封邮件吗？","_[other]":"要删除所选的 {{ n }} 封邮件吗？"},"message-large-message-cancel":{"_":"取消"},"message-large-message-ok":{"_":"继续"},"message-large-message-confirm":{"_":"此消息很大，可能需要一些时间才能下载。"},"message-search-from":{"_":"发件人"},"message-search-to":{"_":"收件人"},"message-search-subject":{"_":"主题"},"message-search-body":{"_":"正文"},"message-search-all":{"_":"全部"},"message-search-input":{"placeholder":"搜索邮件"},"message-search-cancel-accessible":{"_":"取消搜索"},"messages-syncing":{"_":"正在载入邮件"},"messages-sync-more":{"_":"从服务器上载入更多邮件"},"messages-folder-empty":{"_":"此文件夹中没有邮件"},"messages-search-empty":{"_":"本地缓存信息中没有匹配的内容"},"messages-folder-select":{"_":"选择文件夹"},"message-contact-menu-create":{"_":"保存新联系人"},"message-contact-menu-add-existing":{"_":"添加到现有联系人"},"message-contact-menu-view":{"_":"查看联系人"},"message-contact-menu-reply":{"_":"回复"},"message-contact-menu-new":{"_":"发送新邮件"},"message-reply-menu-reply":{"_":"回复"},"message-reply-menu-reply-all":{"_":"全部回复"},"message-reply-menu-forward":{"_":"转发"},"message-reply-menu-cancel":{"_":"取消"},"folder-list-header":{"_":"文件夹"},"account-last-synced-label":{"_":"最近同步："},"account-never-synced":{"_":"从未"},"reply-quoting-wrote":{"_":"“{name}”写道"},"forward-original-message":{"_":"原始邮件"},"forward-header-subject":{"_":"主题"},"forward-header-date":{"_":"日期"},"forward-header-from":{"_":"发件人"},"forward-header-reply-to":{"_":"回复地址"},"forward-header-to":{"_":"收件人"},"forward-header-cc":{"_":"抄送"},"folder-inbox":{"_":"收件箱"},"folder-sent":{"_":"发送"},"folder-drafts":{"_":"草稿"},"folder-trash":{"_":"废件箱"},"folder-queue":{"_":"未发送"},"folder-junk":{"_":"垃圾"},"folder-archives":{"_":"归档"},"folder-localdrafts":{"_":"本地草稿箱"},"toaster-undo":{"_":"撤销"},"toaster-retry":{"_":"重试"},"toaster-message-star":{"_":"{[ plural(n) ]}","_[one]":"已为 1 封邮件添加旗标","_[two]":"已为 {{ n }} 封邮件添加旗标","_[few]":"已为 {{ n }} 封邮件添加旗标","_[many]":"已为 {{ n }} 封邮件添加旗标","_[other]":"已为 {{ n }} 封邮件添加旗标"},"toaster-message-unstar":{"_":"{[ plural(n) ]}","_[one]":"已移除 1 封邮件的旗标","_[two]":"已移除 {{ n }} 封邮件的旗标","_[few]":"已移除 {{ n }} 封邮件的旗标","_[many]":"已移除 {{ n }} 封邮件的旗标","_[other]":"已移除 {{ n }} 封邮件的旗标"},"toaster-message-read":{"_":"{[ plural(n) ]}","_[one]":"已标记 1 封邮件为已读","_[two]":"已标记 {{ n }} 封邮件为已读","_[few]":"已标记 {{ n }} 封邮件为已读","_[many]":"已标记 {{ n }} 封邮件为已读","_[other]":"已标记 {{ n }} 封邮件为已读"},"toaster-message-unread":{"_":"{[ plural(n) ]}","_[one]":"已标记 1 封邮件为未读","_[two]":"已标记 {{ n }} 封邮件为未读","_[few]":"已标记 {{ n }} 封邮件为未读","_[many]":"已标记 {{ n }} 封邮件为未读","_[other]":"已标记 {{ n }} 封邮件为未读"},"toaster-message-move":{"_":"{[ plural(n) ]}","_[one]":"已移动 1 封邮件","_[two]":"已移动 {{ n }} 封邮件","_[few]":"已移动 {{ n }} 封邮件","_[many]":"已移动 {{ n }} 封邮件","_[other]":"已移动 {{ n }} 封邮件"},"toaster-message-delete":{"_":"{[ plural(n) ]}","_[one]":"已删除 1 封邮件","_[two]":"已删除 {{ n }} 封邮件","_[few]":"已删除 {{ n }} 封邮件","_[many]":"已删除 {{ n }} 封邮件","_[other]":"已删除 {{ n }} 封邮件"},"toaster-retryable-syncfailed":{"_":"无法连接服务器"},"form-clear-input":{"_":"删除文本"},"confirm-dialog-title":{"_":"确认"},"senders-separation-sign":{"_":", "},"new-emails":{"_":"{[ plural(n) ]}","_[one]":"1封新邮件","_[two]":"{{ n }}封新邮件","_[few]":"{{ n }}封新邮件","_[many]":"{{ n }}封新邮件","_[other]":"{{ n }}封新邮件"},"new-emails-notify-one-account":{"_":"{[ plural(n) ]}","_[one]":"1 封新邮件","_[two]":"{{ n }} 封新邮件","_[few]":"{{ n }} 封新邮件","_[many]":"{{ n }} 封新邮件","_[other]":"{{ n }} 封新邮件"},"new-emails-notify-multiple-accounts":{"_":"{[ plural(n) ]}","_[one]":"1 封新邮件 ({{ accountName }})","_[two]":"{{ n }} 封新邮件 ({{ accountName }})","_[few]":"{{ n }} 封新邮件 ({{ accountName }})","_[many]":"{{ n }} 封新邮件 ({{ accountName }})","_[other]":"{{ n }} 封新邮件 ({{ accountName }})"},"new-emails-notify-multiple-accounts-body":{"_":"{{ from }} “{{ subject }}”"},"setup-manual-activesync-username":{"placeholder":"域\\用户名"},"settings-account-clarify-imap":{"_":"{{account-name}} (IMAP)"},"settings-account-clarify-pop3":{"_":"{{account-name}} (POP3)"},"settings-account-clarify-smtp":{"_":"{{account-name}} (SMTP)"},"message-attachment-too-large":{"_":"这个文件太大而无法下载。"},"weekday-0-long":{"_":"星期日"},"weekday-1-long":{"_":"星期一"},"weekday-2-long":{"_":"星期二"},"weekday-3-long":{"_":"星期三"},"weekday-4-long":{"_":"星期四"},"weekday-5-long":{"_":"星期五"},"weekday-6-long":{"_":"星期六"},"weekday-0-short":{"_":"周日"},"weekday-1-short":{"_":"周一"},"weekday-2-short":{"_":"周二"},"weekday-3-short":{"_":"周三"},"weekday-4-short":{"_":"周四"},"weekday-5-short":{"_":"周五"},"weekday-6-short":{"_":"周六"},"month-0-long":{"_":"1 月"},"month-1-long":{"_":"2 月"},"month-2-long":{"_":"3 月"},"month-3-long":{"_":"4 月"},"month-4-long":{"_":"5 月"},"month-5-long":{"_":"6 月"},"month-6-long":{"_":"7 月"},"month-7-long":{"_":"8 月"},"month-8-long":{"_":"9 月"},"month-9-long":{"_":"10 月"},"month-10-long":{"_":"11 月"},"month-11-long":{"_":"12 月"},"month-0-genitive":{"_":"一月"},"month-1-genitive":{"_":"二月"},"month-2-genitive":{"_":"三月"},"month-3-genitive":{"_":"四月"},"month-4-genitive":{"_":"五月"},"month-5-genitive":{"_":"六月"},"month-6-genitive":{"_":"七月"},"month-7-genitive":{"_":"八月"},"month-8-genitive":{"_":"九月"},"month-9-genitive":{"_":"十月"},"month-10-genitive":{"_":"十一月"},"month-11-genitive":{"_":"十二月"},"month-0-short":{"_":"1 月"},"month-1-short":{"_":"2 月"},"month-2-short":{"_":"3 月"},"month-3-short":{"_":"4 月"},"month-4-short":{"_":"5 月"},"month-5-short":{"_":"6 月"},"month-6-short":{"_":"7 月"},"month-7-short":{"_":"8 月"},"month-8-short":{"_":"9 月"},"month-9-short":{"_":"10 月"},"month-10-short":{"_":"11 月"},"month-11-short":{"_":"12 月"},"minutes-ago-long":{"_":"{[ plural(value) ]}","_[zero]":"刚才","_[one]":"1 分钟前","_[two]":"{{ value }} 分钟前","_[few]":"{{ value }} 分钟前","_[many]":"{{ value }} 分钟前","_[other]":"{{ value }} 分钟前"},"hours-ago-long":{"_":"{[ plural(value) ]}","_[zero]":"刚才","_[one]":"1 小时前","_[two]":"{{ value }} 小时前","_[few]":"{{ value }} 小时前","_[many]":"{{ value }} 小时前","_[other]":"{{ value }} 小时前"},"days-ago-long":{"_":"{[ plural(value) ]}","_[zero]":"今天","_[one]":"昨天","_[two]":"{{value}} 天前","_[few]":"{{value}} 天前","_[many]":"{{value}} 天前","_[other]":"{{value}} 天前"},"weeks-ago-long":{"_":"{[ plural(value) ]}","_[zero]":"本周","_[one]":"上周","_[two]":"{{value}} 周前","_[few]":"{{value}} 周前","_[many]":"{{value}} 周前","_[other]":"{{value}} 周前"},"months-ago-long":{"_":"{[ plural(value) ]}","_[zero]":"本月","_[one]":"上月","_[two]":"{{value}} 个月前","_[few]":"{{value}} 个月前","_[many]":"{{value}} 个月前","_[other]":"{{value}} 个月前"},"years-ago-long":{"_":"{[ plural(value) ]}","_[zero]":"今年","_[one]":"去年","_[two]":"{{value}} 年前","_[few]":"{{value}} 年前","_[many]":"{{value}} 年前","_[other]":"{{value}} 年前"},"minutes-until-long":{"_":"{[ plural(value) ]}","_[zero]":"现在","_[one]":"1 分钟内","_[two]":"剩{{value}}分钟","_[few]":"剩{{value}}分钟","_[many]":"剩{{value}}分钟","_[other]":"剩{{value}}分钟"},"hours-until-long":{"_":"{[ plural(value) ]}","_[zero]":"现在","_[one]":"1 小时内","_[two]":"剩{{value}}小时","_[few]":"剩{{value}}小时","_[many]":"剩{{value}}小时","_[other]":"剩{{value}}小时"},"days-until-long":{"_":"{[ plural(value) ]}","_[zero]":"今天","_[one]":"明天","_[two]":"剩{{value}}天","_[few]":"剩{{value}}天","_[many]":"剩{{value}}天","_[other]":"剩{{value}}天"},"weeks-until-long":{"_":"{[ plural(value) ]}","_[zero]":"本周","_[one]":"下周","_[two]":"剩{{value}}周","_[few]":"剩{{value}}周","_[many]":"剩{{value}}周","_[other]":"剩{{value}}周"},"months-until-long":{"_":"{[ plural(value) ]}","_[zero]":"本月","_[one]":"下月","_[two]":"剩{{value}}个月","_[few]":"剩{{value}}个月","_[many]":"剩{{value}}个月","_[other]":"剩{{value}}个月"},"years-until-long":{"_":"{[ plural(value) ]}","_[zero]":"今年","_[one]":"明年","_[two]":"剩{{value}}年","_[few]":"剩{{value}}年","_[many]":"剩{{value}}年","_[other]":"剩{{value}}年"},"minutes-ago-short":{"_":"{[ plural(value) ]}","_[zero]":"刚才","_[other]":"{{value}} 分钟前"},"hours-ago-short":{"_":"{[ plural(value) ]}","_[zero]":"刚才","_[other]":"{{value}}小时前"},"days-ago-short":{"_":"{[ plural(value) ]}","_[zero]":"今天","_[other]":"{{value}} 天前"},"minutes-until-short":{"_":"{[ plural(value) ]}","_[zero]":"现在","_[other]":"剩{{value}}分钟"},"hours-until-short":{"_":"{[ plural(value) ]}","_[zero]":"现在","_[other]":"剩{{value}}小时"},"days-until-short":{"_":"{[ plural(value) ]}","_[zero]":"今天","_[other]":"剩{{value}}天"},"incorrectDate":{"_":"（日期不正确）"},"dateTimeFormat_%c":{"_":"%Y 年 %b %e 日 %a %H:%M:%S"},"dateTimeFormat_%x":{"_":"%Y/%m/%d"},"dateTimeFormat_%X":{"_":"%H:%M:%S"},"shortTimeFormat":{"_":"%H:%M"},"shortDateTimeFormat":{"_":"%x %H:%M"},"weekStartsOnMonday":{"_":"0"},"time_am":{"_":"上午"},"time_pm":{"_":"下午"}}