{"setup-app-name-header":{"_":"郵件"},"setup-empty-account-prompt":{"_":"您還沒有設定好傳送或接收電子郵件的方式。想要現在設定嗎？"},"setup-pick-service":{"_":"您需要設定好帳號才能收發電子郵件。"},"setup-account-header3":{"_":"新增帳號"},"setup-info-name":{"placeholder":"您的姓名"},"setup-info-email":{"placeholder":"someone@example.com"},"setup-info-password":{"placeholder":"密碼"},"setup-info-next":{"_":"下一步"},"setup-progress-wait-msg":{"_":"請稍待您的帳號設定完成"},"setup-completed-header":{"_":"郵件帳號設定"},"setup-completed-label":{"_":"已完成！"},"setup-add-another-account":{"_":"新增其他帳號"},"setup-show-mail":{"_":"繼續到郵件程式"},"setup-error-offline":{"_":"此裝置目前已離線，請連線到網路再試一次。"},"setup-error-bad-user-or-pass2":{"_":"無效的使用者名稱或密碼，請檢查有沒有打錯。"},"setup-error-bad-address":{"_":"無效的電子郵件地址，請檢查是否輸入錯誤。"},"setup-error-not-authorized":{"_":"伺服器回應您未被授權建立帳號"},"setup-error-pop-server-not-great":{"_":"伺服器不支援。該 POP3 伺服器並未實作必需的功能。"},"setup-error-unknown2":{"_":"發生未知錯誤，請檢查您的網路連線或嘗試手動設定。"},"setup-error-needs-app-pass":{"_":"您必須為啟用兩步驟驗證的 Gmail 帳號使用應用程式專用密碼"},"setup-error-imap-disabled":{"_":"您必須啟用您 Gmail 帳號的 IMAP 服務。"},"setup-error-pop3-disabled":{"_":"您必須開啟您 Gmail 帳號的 POP3 存取功能"},"setup-error-bad-security":{"_":"無法與「{{server}}」建立安全連線。您的網路或該伺服器可能有問題。"},"setup-error-unresponsive-server":{"_":"無法與「{{server}}」建立連線，您的網路可能有問題。"},"setup-error-server-problem":{"_":"「{{server}}」有點問題，請稍後再試試看。"},"setup-error-no-config-info":{"_":"無法自動設定您的帳號，請修正您的電子郵件地址，或嘗試手動設定。"},"setup-error-server-maintenance":{"_":"「{{server}}」伺服器離線維護中，請稍後再試一次。"},"setup-error-account-already-exists":{"_":"此帳號已經設定完成。"},"setup-manual-config2":{"_":"手動設定"},"setup-manual-config-header":{"_":"手動設定"},"setup-manual-account-type":{"_":"帳號類型"},"setup-manual-imap-header":{"_":"IMAP 選項"},"setup-manual-pop3-header":{"_":"POP3 選項"},"setup-manual-smtp-header":{"_":"SMTP 選項"},"setup-manual-activesync-header":{"_":"ActiveSync 選項"},"setup-manual-next":{"_":"下一步"},"setup-manual-socket":{"_":"Socket 類型"},"setup-manual-socket-ssl":{"_":"SSL"},"setup-manual-socket-starttls":{"_":"STARTTLS"},"setup-manual-hostname":{"placeholder":"主機名稱"},"setup-manual-port":{"placeholder":"Port 號碼"},"setup-manual-username":{"placeholder":"使用者名稱"},"setup-bad-password-header":{"_":"密碼錯誤！"},"setup-bad-password":{"_":"我們無法登入至伺服器。也許您的密碼錯了？"},"setup-new-password":{"placeholder":"新密碼"},"setup-fix-password":{"_":"輸入新密碼並重試"},"setup-gmail-twofactor-header":{"_":"已啟用雙因素驗證"},"setup-gmail-twofactor-message":{"_":"您必須在下面輸入應用程式密碼。"},"setup-gmail-twofactor-fix":{"_":"使用者應用程式密碼"},"setup-gmail-imap-header":{"_":"IMAP 已停用"},"setup-gmail-imap-message":{"_":"您必須啟用您 Gmail 帳號的 IMAP 服務"},"setup-gmail-imap-retry":{"_":"重試"},"setup-gmail-pop3-header":{"_":"已停用 POP3"},"setup-gmail-pop3-message":{"_":"您必須開啟您 Gmail 帳號的 POP3 存取功能"},"setup-gmail-pop3-retry":{"_":"重試"},"settings-main-header":{"_":"郵件設定"},"settings-sub-header-account":{"_":"帳號"},"settings-account-name":{"_":"您的姓名"},"settings-account-display-notifications":{"_":"收到新訊息時顯示通知"},"settings-sub-header-data":{"_":"數據"},"settings-account-check-mail":{"_":"檢查新訊息"},"settings-sub-header-server":{"_":"伺服器設定"},"settings-account-userpass":{"_":"帳號與密碼"},"fld-account-picker-last-sync":{"_":"上次同步："},"settings-done":{"_":"完成"},"settings-account-section":{"_":"帳號"},"settings-account-add":{"_":"新增帳號"},"settings-account-delete":{"_":"刪除帳號"},"settings-account-delete-prompt":{"_":"您確定要刪除您的 {{account}} 信箱帳號嗎？如果這樣做的話，當您重新建立這個帳號時必須重新下載郵件。"},"settings-account-delete-cancel":{"_":"取消"},"settings-account-delete-confirm":{"_":"刪除"},"settings-about-section":{"_":"關於"},"settings-general-section":{"_":"一般設定"},"settings-check-mail":{"_":"檢查郵件"},"settings-show-images":{"_":"總是顯示圖片"},"settings-download-attachments":{"_":"下載附件"},"settings-notify-mail":{"_":"新郵件通知"},"settings-check-every-3min":{"_":"每 3 分鐘"},"settings-check-every-5min":{"_":"每 5 分鐘"},"settings-check-every-10min":{"_":"每 10 分鐘"},"settings-check-every-15min":{"_":"每 15 分鐘"},"settings-check-every-30min":{"_":"每 30 分鐘"},"settings-check-every-60min":{"_":"每小時"},"settings-check-every-manual":{"_":"手動"},"settings-check-dynamic":{"_":"{[ plural(n) ]}","_[zero]":"秒","_[one]":"{{ n }} 秒","_[two]":"{{ n }} 秒","_[few]":"{{ n }} 秒","_[many]":"{{ n }} 秒","_[other]":"{{ n }} 秒"},"settings-default-account":{"_":"設為預設帳號"},"settings-account-type":{"_":"帳號類型"},"settings-account-credentials":{"_":"憑證"},"settings-activesync-label":{"_":"ActiveSync 選項"},"settings-imap-label":{"_":"IMAP 選項"},"settings-pop3-label":{"_":"POP3 選項"},"settings-smtp-label":{"_":"SMTP 選項"},"settings-hostname":{"_":"主機名稱"},"settings-port":{"_":"埠"},"settings-username":{"_":"使用者名稱"},"settings-password":{"_":"密碼"},"settings-save":{"_":"儲存"},"settings-password-empty":{"_":"密碼欄位不應該空白"},"settings-account-synchronize-window":{"_":"要同步的天數"},"settings-synchronize-auto":{"_":"自動"},"settings-synchronize-one-day":{"_":"1 天"},"settings-synchronize-three-days":{"_":"3 天"},"settings-synchronize-one-week":{"_":"1 週"},"settings-synchronize-two-weeks":{"_":"2 週"},"settings-synchronize-one-month":{"_":"1 個月"},"settings-synchronize-all":{"_":"所有訊息"},"accounts-header":{"_":"帳號"},"accounts-button":{"_":"帳號"},"envelope-from":{"_":"寄件者"},"envelope-to":{"_":"收件者"},"envelope-cc":{"_":"副本"},"envelope-bcc":{"_":"密件副本"},"reader-header":{"_":"讀取"},"compose-header":{"_":"撰寫訊息"},"compose-header-short":{"_":"撰寫"},"compose-send":{"_":"傳送"},"compose-to":{"_":"到"},"compose-cc":{"_":"副本"},"compose-bcc":{"_":"密件副本"},"compose-attachments":{"_":"{[ plural(n) ]}","_[zero]":"附件","_[one]":"{{ n }} 個附件","_[two]":"{{ n }} 個附件","_[few]":"{{ n }} 個附件","_[many]":"{{ n }} 個附件","_[other]":"{{ n }} 個附件"},"compose-subject":{"_":"主旨"},"compose-draft-save":{"_":"儲存為本機草稿"},"compose-discard-message":{"_":"捨棄電子郵件？"},"compose-discard-confirm":{"_":"捨棄"},"compose-sending-message":{"_":"正在寄出電子郵件"},"compose-send-message-failed":{"_":"郵件寄送失敗"},"composer-attachment-large":{"_":"附件太大"},"composer-attachments-large":{"_":"附件太大"},"compose-attchment-size-exceeded":{"_":"所選的附件太大，無法與此訊息一起傳送。"},"compose-attchments-size-exceeded":{"_":"預設媒體位置"},"dialog-button-ok":{"_":"確定"},"default-attachment-filename":{"_":"附件 {{n}}"},"attachment-size-kib":{"_":"{{kilobytes}}K"},"message-attachment-view":{"textContent":"檢視"},"message-no-subject":{"_":"(無主旨)"},"message-edit-menu-star":{"_":"打上星號"},"message-edit-menu-unstar":{"_":"取消星號"},"message-edit-menu-mark-read":{"_":"標示為已閱讀"},"message-edit-menu-mark-unread":{"_":"標示為未閱讀"},"message-edit-menu-move":{"_":"移動"},"message-edit-menu-delete":{"_":"刪除"},"message-edit-delete-confirm":{"_":"刪除電子郵件訊息？"},"message-send-attachment-disabled-confirm":{"_":"無法轉寄附件。"},"message-multiedit-header":{"_":"{[ plural(n) ]}","_[zero]":"編輯","_[one]":"已選擇 {{ n }} 封","_[two]":"已選擇 {{ n }} 封","_[few]":"已選擇 {{ n }} 封","_[many]":"已選擇 {{ n }} 封","_[other]":"已選擇 {{ n }} 封"},"browse-to-url-prompt":{"_":"瀏覽網址：{{ url }} ？"},"message-download-images":{"_":"{[ plural(n) ]}","_[one]":"此郵件包含 1 張圖片。點一下以下載。","_[two]":"此郵件包含 {{ n }} 張圖片。點一下以下載。","_[few]":"此郵件包含 {{ n }} 張圖片。點一下以下載。","_[many]":"此郵件包含 {{ n }} 張圖片。點一下以下載。","_[other]":"此郵件包含 {{ n }} 張圖片。點一下以下載。"},"message-show-external-images":{"_":"顯示外部圖片"},"message-multiedit-cancel":{"_":"取消"},"message-multiedit-delete-confirm":{"_":"{[ plural(n) ]}","_[one]":"刪除此電子郵件訊息？","_[two]":"刪除 {{ n }} 封電子郵件訊息？","_[few]":"刪除 {{ n }} 封電子郵件訊息？","_[many]":"刪除 {{ n }} 封電子郵件訊息？","_[other]":"刪除 {{ n }} 封電子郵件訊息？"},"message-large-message-cancel":{"_":"取消"},"message-large-message-ok":{"_":"繼續"},"message-large-message-confirm":{"_":"這封訊息比較大，可能需要一點時間下載。"},"message-search-from":{"_":"從"},"message-search-to":{"_":"到"},"message-search-subject":{"_":"主旨"},"message-search-body":{"_":"內文"},"message-search-all":{"_":"全部"},"message-search-input":{"placeholder":"搜尋郵件"},"message-search-cancel-accessible":{"_":"取消搜尋"},"messages-syncing":{"_":"正在載入訊息"},"messages-sync-more":{"_":"從伺服器載入更多訊息"},"messages-folder-empty":{"_":"此資料夾中沒有郵件"},"messages-search-empty":{"_":"無法在本機快取訊息中找到"},"messages-folder-select":{"_":"選擇資料夾"},"message-contact-menu-create":{"_":"儲存為新聯絡人"},"message-contact-menu-add-existing":{"_":"新增到現有聯絡人資料"},"message-contact-menu-view":{"_":"檢視聯絡人"},"message-contact-menu-reply":{"_":"回覆"},"message-contact-menu-new":{"_":"傳送新郵件"},"message-reply-menu-reply":{"_":"回覆"},"message-reply-menu-reply-all":{"_":"回覆全部"},"message-reply-menu-forward":{"_":"轉寄"},"message-reply-menu-cancel":{"_":"取消"},"folder-list-header":{"_":"資料夾"},"account-last-synced-label":{"_":"上次同步："},"account-never-synced":{"_":"從未"},"reply-quoting-wrote":{"_":"{name} 提道"},"forward-original-message":{"_":"原始訊息"},"forward-header-subject":{"_":"主旨"},"forward-header-date":{"_":"日期"},"forward-header-from":{"_":"寄件者"},"forward-header-reply-to":{"_":"回函位址"},"forward-header-to":{"_":"收件者"},"forward-header-cc":{"_":"副本"},"folder-inbox":{"_":"收件匣"},"folder-sent":{"_":"寄件備份"},"folder-drafts":{"_":"草稿"},"folder-trash":{"_":"垃圾桶"},"folder-queue":{"_":"未寄出"},"folder-junk":{"_":"垃圾郵件"},"folder-archives":{"_":"備存"},"folder-localdrafts":{"_":"本機草稿"},"toaster-undo":{"_":"復原"},"toaster-retry":{"_":"重試"},"toaster-message-star":{"_":"{[ plural(n) ]}","_[one]":"已為一封訊息加上標示","_[two]":"已為 {{ n }} 封訊息加上標示","_[few]":"已為 {{ n }} 封訊息加上標示","_[many]":"已為 {{ n }} 封訊息加上標示","_[other]":"已為 {{ n }} 封訊息加上標示"},"toaster-message-unstar":{"_":"{[ plural(n) ]}","_[one]":"已為一封訊息移除標示","_[two]":"已為 {{ n }} 封訊息移除標示","_[few]":"已為 {{ n }} 封訊息移除標示","_[many]":"已為 {{ n }} 封訊息移除標示","_[other]":"已為 {{ n }} 封訊息移除標示"},"toaster-message-read":{"_":"{[ plural(n) ]}","_[one]":"已將一封訊息標為已讀","_[two]":"已將 {{ n }} 封訊息標為已讀","_[few]":"已將 {{ n }} 封訊息標為已讀","_[many]":"已將 {{ n }} 封訊息標為已讀","_[other]":"已將 {{ n }} 封訊息標為已讀"},"toaster-message-unread":{"_":"{[ plural(n) ]}","_[one]":"已將一封訊息標為未讀","_[two]":"已將 {{ n }} 封訊息標為未讀","_[few]":"已將 {{ n }} 封訊息標為未讀","_[many]":"已將 {{ n }} 封訊息標為未讀","_[other]":"已將 {{ n }} 封訊息標為未讀"},"toaster-message-move":{"_":"{[ plural(n) ]}","_[one]":"已移動一封訊息","_[two]":"已移動 {{ n }} 封訊息","_[few]":"已移動 {{ n }} 封訊息","_[many]":"已移動 {{ n }} 封訊息","_[other]":"已移動 {{ n }} 封訊息"},"toaster-message-delete":{"_":"{[ plural(n) ]}","_[one]":"已刪除一封訊息","_[two]":"已刪除 {{ n }} 封訊息","_[few]":"已刪除 {{ n }} 封訊息","_[many]":"已刪除 {{ n }} 封訊息","_[other]":"已刪除 {{ n }} 封訊息"},"toaster-retryable-syncfailed":{"_":"無法連接伺服器"},"form-clear-input":{"_":"移除文字"},"confirm-dialog-title":{"_":"確認"},"senders-separation-sign":{"_":", "},"new-emails":{"_":"{[ plural(n) ]}","_[one]":"1 封新郵件","_[two]":"{{ n }} 封新郵件","_[few]":"{{ n }} 封新郵件","_[many]":"{{ n }} 封新郵件","_[other]":"{{ n }} 封新郵件"},"new-emails-notify-one-account":{"_":"{[ plural(n) ]}","_[one]":"1 封新郵件","_[two]":"{{ n }} 封新郵件","_[few]":"{{ n }} 封新郵件","_[many]":"{{ n }} 封新郵件","_[other]":"{{ n }} 封新郵件"},"new-emails-notify-multiple-accounts":{"_":"{[ plural(n) ]}","_[one]":"1 封新郵件 ({{ accountName }})","_[two]":"{{ n }} 封新郵件 ({{ accountName }})","_[few]":"{{ n }} 封新郵件 ({{ accountName }})","_[many]":"{{ n }} 封新郵件 ({{ accountName }})","_[other]":"{{ n }} 封新郵件 ({{ accountName }})"},"new-emails-notify-multiple-accounts-body":{"_":"{{ from }} “{{ subject }}”"},"setup-manual-activesync-username":{"placeholder":"網域\\使用者名稱"},"settings-account-clarify-imap":{"_":"{{account-name}} (IMAP)"},"settings-account-clarify-pop3":{"_":"{{account-name}} (POP3)"},"settings-account-clarify-smtp":{"_":"{{account-name}} (SMTP)"},"message-attachment-too-large":{"_":"檔案太大，無法下載。"},"weekday-0-long":{"_":"星期日"},"weekday-1-long":{"_":"星期一"},"weekday-2-long":{"_":"星期二"},"weekday-3-long":{"_":"星期三"},"weekday-4-long":{"_":"星期四"},"weekday-5-long":{"_":"星期五"},"weekday-6-long":{"_":"星期六"},"weekday-0-short":{"_":"週日"},"weekday-1-short":{"_":"週一"},"weekday-2-short":{"_":"週二"},"weekday-3-short":{"_":"週三"},"weekday-4-short":{"_":"週四"},"weekday-5-short":{"_":"週五"},"weekday-6-short":{"_":"週六"},"month-0-long":{"_":"一月"},"month-1-long":{"_":"二月"},"month-2-long":{"_":"三月"},"month-3-long":{"_":"四月"},"month-4-long":{"_":"五月"},"month-5-long":{"_":"六月"},"month-6-long":{"_":"七月"},"month-7-long":{"_":"八月"},"month-8-long":{"_":"九月"},"month-9-long":{"_":"十月"},"month-10-long":{"_":"十一月"},"month-11-long":{"_":"十二月"},"month-0-genitive":{"_":"1 月"},"month-1-genitive":{"_":"2 月"},"month-2-genitive":{"_":"3 月"},"month-3-genitive":{"_":"4 月"},"month-4-genitive":{"_":"5 月"},"month-5-genitive":{"_":"6 月"},"month-6-genitive":{"_":"7 月"},"month-7-genitive":{"_":"8 月"},"month-8-genitive":{"_":"9 月"},"month-9-genitive":{"_":"10 月"},"month-10-genitive":{"_":"11 月"},"month-11-genitive":{"_":"12 月"},"month-0-short":{"_":"1 月"},"month-1-short":{"_":"2 月"},"month-2-short":{"_":"3 月"},"month-3-short":{"_":"4 月"},"month-4-short":{"_":"5 月"},"month-5-short":{"_":"6 月"},"month-6-short":{"_":"7 月"},"month-7-short":{"_":"8 月"},"month-8-short":{"_":"9 月"},"month-9-short":{"_":"10 月"},"month-10-short":{"_":"11 月"},"month-11-short":{"_":"12 月"},"minutes-ago-long":{"_":"{[ plural(value) ]}","_[zero]":"剛剛","_[one]":"1 分鐘前","_[two]":"{{value}} 分鐘前","_[few]":"{{value}} 分鐘前","_[many]":"{{value}} 分鐘前","_[other]":"{{value}} 分鐘前"},"hours-ago-long":{"_":"{[ plural(value) ]}","_[zero]":"剛剛","_[one]":"1 小時前","_[two]":"{{value}} 小時前","_[few]":"{{value}} 小時前","_[many]":"{{value}} 小時前","_[other]":"{{value}} 小時前"},"days-ago-long":{"_":"{[ plural(value) ]}","_[zero]":"今天","_[one]":"昨天","_[two]":"{{value}} 天前","_[few]":"{{value}} 天前","_[many]":"{{value}} 天前","_[other]":"{{value}} 天前"},"weeks-ago-long":{"_":"{[ plural(value) ]}","_[zero]":"本週","_[one]":"上週","_[two]":"{{value}} 週前","_[few]":"{{value}} 週前","_[many]":"{{value}} 週前","_[other]":"{{value}} 週前"},"months-ago-long":{"_":"{[ plural(value) ]}","_[zero]":"本月","_[one]":"上月","_[two]":"{{value}} 月前","_[few]":"{{value}} 月前","_[many]":"{{value}} 月前","_[other]":"{{value}} 月前"},"years-ago-long":{"_":"{[ plural(value) ]}","_[zero]":"今年","_[one]":"去年","_[two]":"{{value}} 年前","_[few]":"{{value}} 年前","_[many]":"{{value}} 年前","_[other]":"{{value}} 年前"},"minutes-until-long":{"_":"{[ plural(value) ]}","_[zero]":"現在","_[one]":"1 分鐘內","_[two]":"{{value}} 分鐘內","_[few]":"{{value}} 分鐘內","_[many]":"{{value}} 分鐘內","_[other]":"{{value}} 分鐘內"},"hours-until-long":{"_":"{[ plural(value) ]}","_[zero]":"現在","_[one]":"1 小時內","_[two]":"{{value}} 小時前","_[few]":"{{value}} 小時前","_[many]":"{{value}} 小時前","_[other]":"{{value}} 小時前"},"days-until-long":{"_":"{[ plural(value) ]}","_[zero]":"今天","_[one]":"明天","_[two]":"{{value}} 天內","_[few]":"{{value}} 天內","_[many]":"{{value}} 天內","_[other]":"{{value}} 天內"},"weeks-until-long":{"_":"{[ plural(value) ]}","_[zero]":"本週","_[one]":"下週","_[two]":"{{value}} 週內","_[few]":"{{value}} 週內","_[many]":"{{value}} 週內","_[other]":"{{value}} 週內"},"months-until-long":{"_":"{[ plural(value) ]}","_[zero]":"本月","_[one]":"下月","_[two]":"{{value}} 月內","_[few]":"{{value}} 月內","_[many]":"{{value}} 月內","_[other]":"{{value}} 月內"},"years-until-long":{"_":"{[ plural(value) ]}","_[zero]":"今年","_[one]":"明年","_[two]":"{{value}} 年內","_[few]":"{{value}} 年內","_[many]":"{{value}} 年內","_[other]":"{{value}} 年內"},"minutes-ago-short":{"_":"{[ plural(value) ]}","_[zero]":"剛剛","_[other]":"{{value}} 分前"},"hours-ago-short":{"_":"{[ plural(value) ]}","_[zero]":"剛剛","_[other]":"{{value}} 時前"},"days-ago-short":{"_":"{[ plural(value) ]}","_[zero]":"今天","_[other]":"{{value}} 天前"},"minutes-until-short":{"_":"{[ plural(value) ]}","_[zero]":"現在","_[other]":"{{value}} 分內"},"hours-until-short":{"_":"{[ plural(value) ]}","_[zero]":"現在","_[other]":"{{value}} 時內"},"days-until-short":{"_":"{[ plural(value) ]}","_[zero]":"今天","_[other]":"{{value}} 天內"},"incorrectDate":{"_":"（日期不正確）"},"dateTimeFormat_%c":{"_":"%Y年%b%d日 %a %p %I:%M:%S"},"dateTimeFormat_%x":{"_":"%Y/%m/%d"},"dateTimeFormat_%X":{"_":"%p %I:%M:%S"},"shortTimeFormat":{"_":"%p %I:%M"},"shortDateTimeFormat":{"_":"%x %p %I:%M"},"weekStartsOnMonday":{"_":"1"},"time_am":{"_":"上午"},"time_pm":{"_":"下午"}}