{"topup-confirmation-title2":{"_":"الاستخدام"},"topup-confirmation-message":{"_":"تم تأكيد شحن الرصيد."},"topup-incorrectcode-title2":{"_":"الاستخدام"},"topup-incorrectcode-message3":{"_":"الرمز المدخل خاطئ"},"updating":{"_":"تحديث"},"updating-ellipsis":{"_":"جار التحديث..."},"yesterday":{"_":"الأمس"},"today":{"_":"اليوم"},"never":{"_":"أبداً"},"magnitude":{"_":"{{value}} {{unit}}"},"currency":{"_":"{{currency}}{{value}}"},"widget":{"_":"اداة المُستخدم"},"widget-authed-sim-heading":{"_":"تم ادخال SIM جديدة لـ {{carrier}}"},"widget-authed-sim-meta":{"_":"انقر لتتبع استخدامك لهاتفك وللإنترنت."},"widget-nonauthed-sim-heading":{"_":"تم إدخال SIM جديدة"},"widget-nonauthed-sim-meta":{"_":"انقر لتتبع استخدامك للإنترنت."},"widget-no-sim2-heading":{"_":"لا توجد بطاقة SIM مُدخلة"},"widget-no-sim2-meta":{"_":"آدخل شريحة إتصال للتشغيل"},"widget-sim-locked-heading":{"_":"شريحة SIM مقفلة"},"widget-sim-locked-meta":{"_":"قم بإلغاء قفل شريحتك لتشغيل الإستخدام"},"fte":{"_":"تجربة المُستخدم لاول مرة"},"fte-authed-sim":{"_":"وفِّر المال عن طريق تتبع استخدامك لهاتفك وللإنترنت."},"fte-nonauthed-sim":{"_":"وفِّر المال عن طريق تتبع استخدامك للإنترنت."},"fte-no-sim":{"_":"اِحصل على معلومات واضحة عن مدى استخدامك للإنترنت."},"fte-sim-info2":{"_":"المعلومات التي تظهر على خدمة كم الإستخدام تأتي مباشرة من هذا الجهاز. تحقق مع موفر خدمة الهاتف المحمول للحصول على معلومات مفصلة حول حسابك."},"fte-plantype-title":{"_":"نوع العقد"},"fte-plantype-hint":{"_":"اختر نوع عقدك مع مُزود خدمة الجوّال"},"fte-prepaid2-title":{"_":"تنبيه رصيد منخفض"},"fte-prepaid2-hint":{"_":"أعِّد تنبيه لتجنب نفاذ رصيدك."},"fte-prepaid3-title":{"_":"تقرير البيانات والتنبيهات"},"fte-prepaid3-hint":{"_":"إحصُل على تقارير استخدام الانترنت وأعِّد تنبيه لتجنب استخدامها بصورة كبيرة."},"fte-postpaid2-title":{"_":"تقرير الاتصال والبيانات"},"fte-postpaid2-hint":{"_":"إحصُل على تقارير استخدام الانترنت."},"fte-postpaid3-title":{"_":"تنبيه البيانات"},"fte-postpaid3-hint":{"_":"أعِّد تنبيه لتجنب استخدام البيانات بصورة كبيرة."},"fte-onlydata2-title":{"_":"تقرير البيانات"},"fte-onlydata2-hint":{"_":"إحصُل على تقارير استخدام الانترنت."},"fte-onlydata3-title":{"_":"تنبيه البيانات"},"fte-onlydata3-hint":{"_":"أعِّد تنبيه لتجنب استخدام البيانات بصورة كبيرة."},"phone-activity":{"_":"نشاطات الجوّال"},"balance":{"_":"رصيد الحساب"},"on-roaming-message2":{"_":"التجوال : لا يوجد تحدث تلقائي للرصيد . يجب عليك تعبئة الرصيد للتحديث اليدوي"},"balance-error-message2":{"_":"لم يتم تحديث الرصيد بشكل تلقائي. حاول بالتحديث اليدوي."},"airplane-mode-error-message2":{"_":"ألغِ وضع الطيران لتُحدِّث رصيدك او لاضافة رصيد."},"disable-airplane-mode":{"_":"هل تريد إيقاف وضع الطيران للتحديث أو اضافة رصيد جديد؟"},"no-coverage-error-message2":{"_":"تحتاج للتغطية لتحديث رصيدك او لتعبئته."},"top-up":{"_":"شحن الرصيد"},"enter-top-up-code":{"_":"أدخل كود شحن الرصيد"},"top-up-code-explanation2":{"_":"ابحث عنها في بطاقة الشحن او الفاتورة"},"wait-for-confirmation":{"_":"سوف تتلقى رسالة تأكيد"},"incorrect-code2":{"_":"تأكد من صحة الرمز وحاول مرة أخرى"},"topup-error2":{"_":"حدث خطأ أثناء إرسال الرمز. رجاءا حاول مرة أخرى."},"application-error-title":{"_":"الخدمة غير متوفرة"},"application-error-message":{"_":"الاتصال بممثل الشركة."},"service-unavailable-title":{"_":"الخدمة غير متوفرة"},"service-unavailable-message":{"_":"التحديث وشحن الرصيد غير ممكنان حاليا. رجاء حاول لاحقا."},"data-usage":{"_":"استخدام البيانات"},"update-button":{"_":"تحديث"},"topup-button2":{"_":"إستخدم رمز الشحن"},"topup-ussd-button2":{"_":"فتح قائمة الشحن"},"ok":{"_":"حسنا"},"top-up-in-progress2":{"_":"جارِ معالجة شحن الرصيد"},"top-up-timed-out2":{"_":"حدث رصيدك للتاكيد. اذا لم يتحدث رصيدك حاول التعبئة مرة اخرى."},"on-topup-not-confirmed-title":{"_":"لم يتم تأكيد شحن الرصيد."},"on-topup-not-confirmed-message":{"_":"حاول تحديث رصيدك أو أعد شحنه مجددا."},"send":{"_":"إرسال"},"plantype-setup-title":{"_":"خطة هاتفي واتصالي بالإنترنت هي"},"prepaid":{"_":"مدفوع مسبقا"},"postpaid":{"_":"الدفع مؤجلا"},"phoneactivity":{"_":"نشاطات الجوّال"},"short-date-format":{"_":"%b, %d"},"sms-sent":{"_":"رسالة مُرسلة"},"call-made":{"_":"تم الإتصال"},"settings":{"_":"الإعدادات"},"low-balance-alert":{"_":"تنبيه رصيد منخفض"},"low-balance-explanation2":{"_":"عندما يكون رصيدك اقل من"},"phone-and-internet-data-report":{"_":"تقرير بيانات الجوّال والإنترنت"},"starting-on":{"_":"ابتداء من"},"cancel":{"_":"إلغاء"},"set":{"_":"ضبط"},"set-day":{"_":"ضبط اليوم"},"set-date":{"_":"ضبط التاريخ"},"monthly":{"_":"شهريا"},"weekly":{"_":"أسبوعيا"},"monday":{"_":"الإثنين"},"tuesday":{"_":"الثلاثاء"},"wednesday":{"_":"الأربعاء"},"thursday":{"_":"الخميس"},"friday":{"_":"الجمعة"},"saturday":{"_":"السبت"},"sunday":{"_":"الأحد"},"monday-abbr":{"_":"إثنين"},"tuesday-abbr":{"_":"ثلاثاء"},"wednesday-abbr":{"_":"أربعاء"},"thursday-abbr":{"_":"خميس"},"friday-abbr":{"_":"جمعة"},"saturday-abbr":{"_":"سبت"},"sunday-abbr":{"_":"أحد"},"billing-cycle-ends":{"_":"دورة الفوترة تنتهي"},"tracking-will-reset":{"_":"سيتم استرداد التتبع إلى تاريخ"},"yes":{"_":"نعم"},"done":{"_":"تم"},"confirmation":{"_":"تأكيد"},"reset-confirmation-warning":{"_":"سيتم حذف كل البيانات الحالية، هل أنت متأكد من الاسترداد؟"},"reset":{"_":"إعادة ضبط"},"reset-wifi":{"_":"تصفير عداد الواي-فاي"},"reset-mobile":{"_":"تصفير عداد حزمة البيانات"},"reset-all-data-usage":{"_":"إعادة تعيين البيانات المتنقلة وخدمة الواي فاي"},"not-set":{"_":"غير محددة"},"used":{"_":"مُستعمل"},"limit-passed":{"_":"تم تجاوز الحدّ"},"limit":{"_":"الحد"},"data-limit-header":{"_":"حد إستخدام البيانات"},"data-limit-alert":{"_":"تنبيه إستخدام المعلومات"},"data-limit-value2":{"_":"عندما يكون الأستخدام أكثر من"},"data-limit-dialog-title2":{"_":"أدخل تنبيه حد البيانات"},"data-limit-dialog-explanation2":{"_":"سيتم تخفيض سرعة الاتصال عند وصول الحد. تحقق من موزد بياناتك لوضع الحد المناسب للتنبيه."},"wifi-usage":{"_":"استخدام الواي فاي"},"mobile-usage":{"_":"استخدام الجوّال"},"wifi-usage-settings":{"_":"استخدام الواي فاي"},"mobile-usage-settings":{"_":"استخدام الجوّال"},"im-prepaid":{"_":"مدفوع مسبقا"},"im-postpaid":{"_":"الدفع مؤجلا"},"reset-data-usage":{"_":"إعادة تعيين حزمة البيانات"},"reset-report":{"_":"استرداد التقرير"},"next":{"_":"التالي"},"back":{"_":"العودة"},"lets-go":{"_":"هيا بنا!"},"alert":{"_":"تنبيه"},"alert-limit":{"_":"حد التنبيه"},"fte-welcome-title":{"_":"مرحبا"},"data-limit-notification-title2":{"_":"{{limit}} من البيانات المستخدمة"},"data-limit-notification-text2":{"_":"قد وصلت الى الحد الذي حددته"},"low-balance-notification-title":{"_":"رصيد منخفض"},"low-balance-notification-text":{"_":"{{remaining}} رصيد متبقي"},"zero-balance-message":{"_":"رصيدك صفر، لا يوجد رصيد في جوّالك"},"not-available":{"_":"غير متوفر"},"usage":{"_":"الاستخدام"},"internet":{"_":"انترنت"},"phone":{"_":"الهاتف"},"loading-interface-data":{"_":"جارِ تحميل واجهة البيانات. يرجى إعادة المحاولة بعد حين."},"chart-date-format":{"_":"%b %e"},"verbose-chart-date-format":{"_":"{{em-month}} {{monthday-number}}"},"day-hour-format":{"_":"{{day}}, {{time}}"},"B":{"_":"B"},"KB":{"_":"كيلو بايت"},"MB":{"_":"ميغا بايت"},"GB":{"_":"جيجا بايت"},"weekday-0-long":{"_":"الأحد"},"weekday-1-long":{"_":"الإثنين"},"weekday-2-long":{"_":"الثلاثاء"},"weekday-3-long":{"_":"الأربعاء"},"weekday-4-long":{"_":"الخميس"},"weekday-5-long":{"_":"الجمعة"},"weekday-6-long":{"_":"السبت"},"weekday-0-short":{"_":"أحد"},"weekday-1-short":{"_":"إثنين"},"weekday-2-short":{"_":"ثلاثاء"},"weekday-3-short":{"_":"أربعاء"},"weekday-4-short":{"_":"خميس"},"weekday-5-short":{"_":"جمعة"},"weekday-6-short":{"_":"سبت"},"month-0-long":{"_":"يناير"},"month-1-long":{"_":"فبراير"},"month-2-long":{"_":"مارس"},"month-3-long":{"_":"أبريل"},"month-4-long":{"_":"مايو"},"month-5-long":{"_":"يونيو"},"month-6-long":{"_":"يوليو"},"month-7-long":{"_":"أغسطس"},"month-8-long":{"_":"سبتمبر"},"month-9-long":{"_":"أكتوبر"},"month-10-long":{"_":"نوفمبر"},"month-11-long":{"_":"ديسمبر"},"month-0-genitive":{"_":"يناير"},"month-1-genitive":{"_":"فبراير"},"month-2-genitive":{"_":"مارس"},"month-3-genitive":{"_":"أبريل"},"month-4-genitive":{"_":"مايو"},"month-5-genitive":{"_":"يونيو"},"month-6-genitive":{"_":"يوليو"},"month-7-genitive":{"_":"أغسطس"},"month-8-genitive":{"_":"سبتمبر"},"month-9-genitive":{"_":"أكتوبر"},"month-10-genitive":{"_":"نوفمبر"},"month-11-genitive":{"_":"ديسمبر"},"month-0-short":{"_":"يناير"},"month-1-short":{"_":"فبراير"},"month-2-short":{"_":"مارس"},"month-3-short":{"_":"ابريل"},"month-4-short":{"_":"مايو"},"month-5-short":{"_":"يونيو"},"month-6-short":{"_":"يوليو"},"month-7-short":{"_":"أغسطس"},"month-8-short":{"_":"سبتمبر"},"month-9-short":{"_":"أكتوبر"},"month-10-short":{"_":"نوفمبر"},"month-11-short":{"_":"ديسمبر"},"minutes-ago-long":{"_":"{[ plural(value) ]}","_[zero]":"الآن","_[one]":"منذ دقيقة","_[two]":"منذ {{value}} دقائق","_[few]":"منذ {{value}} دقائق","_[many]":"منذ {{value}} دقائق","_[other]":"منذ {{value}} دقائق"},"hours-ago-long":{"_":"{[ plural(value) ]}","_[zero]":"الآن","_[one]":"قبل ساعة واحدة","_[two]":"منذ ساعتين","_[few]":"قبل {{value}} ساعات","_[many]":"قبل {{value}} ساعة","_[other]":"قبل {{value}} ساعة"},"days-ago-long":{"_":"{[ plural(value) ]}","_[zero]":"اليوم","_[one]":"الأمس","_[two]":"قبل يومين","_[few]":"قبل {{value}} أيام","_[many]":"قبل {{value}} يوم","_[other]":"قبل {{value}} يوم"},"weeks-ago-long":{"_":"{[ plural(value) ]}","_[zero]":"هذا الأسبوع","_[one]":"الأسبوع الماضي","_[two]":"منذ {{value}} أسابيع","_[few]":"منذ {{value}} أسابيع","_[many]":"منذ {{value}} أسابيع","_[other]":"منذ {{value}} أسابيع"},"months-ago-long":{"_":"{[ plural(value) ]}","_[zero]":"هذا الشهر","_[one]":"الشهر الماضي","_[two]":"منذ {{value}} أشهر","_[few]":"منذ {{value}} أشهر","_[many]":"منذ {{value}} أشهر","_[other]":"منذ {{value}} أشهر"},"years-ago-long":{"_":"{[ plural(value) ]}","_[zero]":"هذه السنة","_[one]":"السنة الماضية","_[two]":"منذ سنتين","_[few]":"منذ {{value}} سنوات","_[many]":"منذ {{value}} سنة","_[other]":"منذ {{value}} سنة"},"minutes-until-long":{"_":"{[ plural(value) ]}","_[zero]":"الآن","_[one]":"خلال دقيقة","_[two]":"خلال دقيقتين","_[few]":"خلال {{value}} دقائق","_[many]":"خلال {{value}} دقيقة","_[other]":"خلال {{value}} دقيقة"},"hours-until-long":{"_":"{[ plural(value) ]}","_[zero]":"الآن","_[one]":"خلال ساعة","_[two]":"خلال ساعتين","_[few]":"خلال {{value}} ساعات","_[many]":"خلال {{value}} ساعة","_[other]":"خلال {{value}} ساعة"},"days-until-long":{"_":"{[ plural(value) ]}","_[zero]":"اليوم","_[one]":"غداً","_[two]":"خلال يومين","_[few]":"خلال {{value}} أيام","_[many]":"خلال {{value}} يوم","_[other]":"خلال {{value}} يوم"},"weeks-until-long":{"_":"{[ plural(value) ]}","_[zero]":"هذا الأسبوع","_[one]":"الأسبوع القادم","_[two]":"خلال اسبوعين","_[few]":"خلال {{value}} أسابيع","_[many]":"خلال {{value}} أسبوع","_[other]":"خلال {{value}} أسبوع"},"months-until-long":{"_":"{[ plural(value) ]}","_[zero]":"هذا الشهر","_[one]":"الشهر القادم","_[two]":"خلال شهرين","_[few]":"خلال {{value}} أشهر","_[many]":"خلال {{value}} شهر","_[other]":"خلال {{value}} شهر"},"years-until-long":{"_":"{[ plural(value) ]}","_[zero]":"هذه السنة","_[one]":"السنة القادمة","_[two]":"خلال سنتين","_[few]":"خلال {{value}} سنوات","_[many]":"خلال {{value}} سنة","_[other]":"خلال {{value}} سنة"},"minutes-ago-short":{"_":"{[ plural(value) ]}","_[zero]":"الآن","_[other]":"منذ {{value}} دقيقة"},"hours-ago-short":{"_":"{[ plural(value) ]}","_[zero]":"الآن","_[other]":"منذ {{value}} س"},"days-ago-short":{"_":"{[ plural(value) ]}","_[zero]":"اليوم","_[other]":"منذ {{value}} ي"},"minutes-until-short":{"_":"{[ plural(value) ]}","_[zero]":"الآن","_[other]":"خلال {{value}} د"},"hours-until-short":{"_":"{[ plural(value) ]}","_[zero]":"الآن","_[other]":"خلال {{value}} س"},"days-until-short":{"_":"{[ plural(value) ]}","_[zero]":"اليوم","_[other]":"خلال {{value}} ي"},"incorrectDate":{"_":"(تاريخ غير صحيح)"},"dateTimeFormat_%c":{"_":"%a %b %e %Y %I:%M:%S %p"},"dateTimeFormat_%x":{"_":"%m/%d/%Y"},"dateTimeFormat_%X":{"_":"%I:%M:%S %p"},"shortTimeFormat":{"_":"%I:%M %p"},"shortDateTimeFormat":{"_":"%x %I:%M %p"},"weekStartsOnMonday":{"_":"0"},"time_am":{"_":"ص"},"time_pm":{"_":"م"}}