{"topup-confirmation-title2":{"_":"Употреба"},"topup-confirmation-message":{"_":"Потвърдено презареждане"},"topup-incorrectcode-title2":{"_":"Употреба"},"topup-incorrectcode-message3":{"_":"Грешен код за презареждане."},"updating":{"_":"Обновяване"},"updating-ellipsis":{"_":"Обновяване…"},"yesterday":{"_":"Вчера"},"today":{"_":"Днес"},"never":{"_":"Никога"},"magnitude":{"_":"{{value}} {{unit}}"},"currency":{"_":"{{currency}}{{value}}"},"widget":{"_":"Употреба Блок"},"widget-authed-sim-heading":{"_":"Сложена е нова SIM карта от {{provider}}"},"widget-authed-sim-meta":{"_":"Натиснете, за да следите употребата ѝ"},"widget-nonauthed-sim-heading":{"_":"Сложена е нова SIM карта"},"widget-nonauthed-sim-meta":{"_":"Натиснете, за да следите употребата ѝ"},"widget-no-sim2-heading":{"_":"Липсва SIM карта"},"widget-no-sim2-meta":{"_":"Сложете SIM, за да ползвате Употреба"},"widget-sim-locked-heading":{"_":"Заключена SIM карта"},"widget-sim-locked-meta":{"_":"Отключете я, за да ползвате Употреба"},"fte":{"_":"Първи стъпки в Употреба"},"fte-authed-sim":{"_":"Спестете пари, като следите използването на своя телефон и интернет трафик."},"fte-nonauthed-sim":{"_":"Спестете пари, като следите използването на интернет трафик."},"fte-no-sim":{"_":"Получете ясна информация, за това колко трафик използвате."},"fte-sim-info2":{"_":"Информацията показана в Употреба идва директно от устройството. Свържете се с оператор, за подробна информация."},"fte-plantype-title":{"_":"Тип договор"},"fte-plantype-hint":{"_":"Изберете типа договор, който имате с оператора."},"fte-prepaid2-title":{"_":"Предупреждение за нисък баланс"},"fte-prepaid2-hint":{"_":"Задайте предупреждение, за да избегнете изчерпването на сметката."},"fte-prepaid3-title":{"_":"Отчет за данни и предупреждение"},"fte-prepaid3-hint":{"_":"Получавайте отчет за използването на Интернет и задайте предупреждение, за да избегнете прекалено използване."},"fte-postpaid2-title":{"_":"Телефон и отчет за данни"},"fte-postpaid2-hint":{"_":"Получавайте отчети за използването своя телефон и Интернет."},"fte-postpaid3-title":{"_":"Използване на данни"},"fte-postpaid3-hint":{"_":"Задайте предупреждение, за да избегнете използването на прекалено много данни."},"fte-onlydata2-title":{"_":"Отчет за данни"},"fte-onlydata2-hint":{"_":"Получавайте отчет за своето използване на Интернет."},"fte-onlydata3-title":{"_":"Използване на данни"},"fte-onlydata3-hint":{"_":"Задайте предупреждение, за да избегнете използването на прекалено много данни."},"phone-activity":{"_":"Телефонна активност"},"balance":{"_":"Баланс"},"on-roaming-message2":{"_":"Роуминг: липсва автоматично обновление на баланса. Може да бъдете таксуван, за ръчно обновление."},"balance-error-message2":{"_":"Балансът не беше обновен правилно. Опитайте ръчно обновление."},"airplane-mode-error-message2":{"_":"Изключете самолетния режим, за да обновите своя баланс или да презаредите. "},"disable-airplane-mode":{"_":"Искате ли да изключите самолетния режим, за да обновите своя баланс или да презаредите?"},"no-coverage-error-message2":{"_":"Имате нужда от обхват, за да обновите своя баланс или да презаредите."},"top-up":{"_":"Презареждане"},"enter-top-up-code":{"_":"Въведете кода за презареждане"},"top-up-code-explanation2":{"_":"Намерете го на скреч картата или върху касовата бележка."},"wait-for-confirmation":{"_":"Ще получите потвърждение"},"incorrect-code2":{"_":"Проверете кода и опитайте отново."},"topup-error2":{"_":"Възникна проблем при изпращането на кода. Моля, опитайте отново."},"application-error-title":{"_":"Услугата е недостъпна"},"application-error-message":{"_":"Свържете се с оператор"},"service-unavailable-title":{"_":"Услугата е недостъпна"},"service-unavailable-message":{"_":"В момента не е възможно обновление или презареждане. Моля, опитайте по-късно."},"data-usage":{"_":"Използване на данни"},"update-button":{"_":"Обновление"},"topup-button2":{"_":"Използване на код за презареждане"},"topup-ussd-button2":{"_":"Отваряне на меню за презареждане"},"ok":{"_":"Добре"},"top-up-in-progress2":{"_":"В момента се осъществява презаредането."},"top-up-timed-out2":{"_":"Обновете баланса си, за да потвърдите. Ако балансът е непроменен, опитайте да презаредите отново. "},"on-topup-not-confirmed-title":{"_":"Презареждането не е потвърдено"},"on-topup-not-confirmed-message":{"_":"Опитайте да обновите баланса си или повторете презареждането."},"send":{"_":"изпращане"},"plantype-setup-title":{"_":"Моите телефон и Интернет план са"},"prepaid":{"_":"Предплатен"},"postpaid":{"_":"Договор"},"phoneactivity":{"_":"Телефонна активност"},"short-date-format":{"_":"%b, %d"},"sms-sent":{"_":"Изпратени SMS"},"call-made":{"_":"Направени обаждания"},"settings":{"_":"Настройки"},"low-balance-alert":{"_":"Предупреждение за нисък баланс"},"low-balance-explanation2":{"_":"Когато балансът е под"},"phone-and-internet-data-report":{"_":"Телефонен и Интернет отчет за данни"},"starting-on":{"_":"Започва на"},"cancel":{"_":"Отказ"},"set":{"_":"Задаване"},"set-day":{"_":"Задаване на ден"},"set-date":{"_":"Задаване на дата"},"monthly":{"_":"Месечно"},"weekly":{"_":"Седмично"},"monday":{"_":"Понеделник"},"tuesday":{"_":"Вторник"},"wednesday":{"_":"Сряда"},"thursday":{"_":"Четвъртък"},"friday":{"_":"Петък"},"saturday":{"_":"Събота"},"sunday":{"_":"Неделя"},"monday-abbr":{"_":"Пон"},"tuesday-abbr":{"_":"Вт"},"wednesday-abbr":{"_":"Ср"},"thursday-abbr":{"_":"Чет"},"friday-abbr":{"_":"Пет"},"saturday-abbr":{"_":"Съб"},"sunday-abbr":{"_":"Нед"},"billing-cycle-ends":{"_":"Периодът на таксуване приключва"},"tracking-will-reset":{"_":"Следенето ще се нулира на тази дата"},"yes":{"_":"Да"},"done":{"_":"Готово"},"confirmation":{"_":"Потвърждение"},"reset-confirmation-warning":{"_":"Настоящите данни ще бъдат изтрити. Сигурни ли сте, че искате да нулирате?"},"reset":{"_":"Нулиране"},"reset-wifi":{"_":"Нулиране на Wi-Fi потребление"},"reset-mobile":{"_":"Нулиране на потребление на мобилни данни"},"reset-all-data-usage":{"_":"Нулиране на потребление на мобилни и Wi-Fi данни"},"not-set":{"_":"Не е зададено"},"used":{"_":"Използвани"},"limit-passed":{"_":"Лимитът е преминат"},"limit":{"_":"Лимит"},"data-limit-header":{"_":"Лимит на данни"},"data-limit-alert":{"_":"Предупреждение за използването на данни"},"data-limit-value2":{"_":"Когато използването е над"},"data-limit-dialog-title2":{"_":"Задайте предупреждение за лимит на мобилни данни"},"data-limit-dialog-explanation2":{"_":"Скоростта на трансфер се намалява след като лимита е достигнат. Проверете при оператор, за да зададете правилно ниво за предупреждение."},"wifi-usage":{"_":"Wi-Fi трафик"},"mobile-usage":{"_":"Мобилен трафик"},"wifi-usage-settings":{"_":"Wi-Fi usage"},"mobile-usage-settings":{"_":"Mobile usage"},"im-prepaid":{"_":"Предплатен"},"im-postpaid":{"_":"Договор"},"reset-data-usage":{"_":"Нулиране на потреблението на данни"},"reset-report":{"_":"Нилиране на отчет"},"next":{"_":"Напред"},"back":{"_":"Назад"},"lets-go":{"_":"Да започнем!"},"alert":{"_":"Предупреждение"},"alert-limit":{"_":"Предупреждение за лимит"},"fte-welcome-title":{"_":"Добре дошли"},"data-limit-notification-title2":{"_":"{{limit}} на използвани данни"},"data-limit-notification-text2":{"_":"Достигнахте избрания лимит"},"low-balance-notification-title":{"_":"Нисък баланс"},"low-balance-notification-text":{"_":"{{remaining}} оставащ кредит"},"zero-balance-message":{"_":"Балансът достигна нула, няма повече кредит."},"not-available":{"_":"Не е наличен"},"usage":{"_":"Употреба"},"internet":{"_":"Интернет"},"phone":{"_":"Телефон"},"loading-interface-data":{"_":"Зареждане на интерфейсни данни. Моля опитайте пак по-късно."},"chart-date-format":{"_":"%e %b"},"verbose-chart-date-format":{"_":"{{em-month}} {{monthday-number}}"},"day-hour-format":{"_":"{{day}}, {{time}}"},"B":{"_":"B"},"KB":{"_":"KB"},"MB":{"_":"MB"},"GB":{"_":"GB"},"telephony":{"_":"Телефония"},"tracking-period-setup-title":{"_":"Нулиране на следенето"},"weekday-reset-setup-title":{"_":"Избор на начален ден за периода"},"reset-monthday-setup-title":{"_":"Избор на начална дата за периода"},"3g-data-usage":{"_":"3G данни"},"3g-usage":{"_":"3G"},"select-plan-type":{"_":"Изберете тип на Вашия план"},"im-prepaid-controle":{"_":"Предплатен / Контролиран"},"set-balance-reminders":{"_":"Задаване на напомняния за баланс"},"set-internet-report":{"_":"Задаване на Интернет отчет и напомняния"},"set-internet-reminders":{"_":"Задаване на Интернет напомняния"},"set-a-data-use-reminder":{"_":"Задаване на напомняне за използването на данни"},"set-data-report-and-reminder":{"_":"Задаване на отчет за данни и напомняне"},"set-internet-data-report":{"_":"Задаване на отчет за интернет данни"},"reset-tracking":{"_":"Нулиране на следене"},"fte-welcome-message":{"_":"Започнете да следите активността на своя телефон и своите данни."},"new-sim-inserted":{"_":"Сложена е нова SIM карта"},"new-sim-inserted-carrier":{"_":"Сложена е нова SIM карта на {{carrier}}"},"new-sim-inserted-all-available":{"_":"Настройте отчет за телефона и данните"},"new-sim-inserted-only-data-available":{"_":"Недостъпен отчет за телефона, настройте отчет за данни"},"em-month-0":{"_":"ЯНУ"},"em-month-1":{"_":"ФЕВ"},"em-month-2":{"_":"МАР"},"em-month-3":{"_":"АПР"},"em-month-4":{"_":"МАЙ"},"em-month-5":{"_":"ЮНИ"},"em-month-6":{"_":"ЮЛИ"},"em-month-7":{"_":"АВГ"},"em-month-8":{"_":"СЕП"},"em-month-9":{"_":"ОКТ"},"em-month-10":{"_":"НОЕ"},"em-month-11":{"_":"ДЕК"},"weekday-0-long":{"_":"Неделя"},"weekday-1-long":{"_":"Понеделник"},"weekday-2-long":{"_":"Вторник"},"weekday-3-long":{"_":"Сряда"},"weekday-4-long":{"_":"Четвъртък"},"weekday-5-long":{"_":"Петък"},"weekday-6-long":{"_":"Събота"},"weekday-0-short":{"_":"Нед"},"weekday-1-short":{"_":"Пон"},"weekday-2-short":{"_":"Вт"},"weekday-3-short":{"_":"Ср"},"weekday-4-short":{"_":"Чет"},"weekday-5-short":{"_":"Пет"},"weekday-6-short":{"_":"Съб"},"month-0-long":{"_":"Януари"},"month-1-long":{"_":"Февруари"},"month-2-long":{"_":"Maрт"},"month-3-long":{"_":"Aприл"},"month-4-long":{"_":"Май"},"month-5-long":{"_":"Юни"},"month-6-long":{"_":"Юли"},"month-7-long":{"_":"Август"},"month-8-long":{"_":"Септември"},"month-9-long":{"_":"Oктомври"},"month-10-long":{"_":"Ноември"},"month-11-long":{"_":"Декември"},"month-0-genitive":{"_":"Януари"},"month-1-genitive":{"_":"Февруари"},"month-2-genitive":{"_":"Maрт"},"month-3-genitive":{"_":"Aприл"},"month-4-genitive":{"_":"Май"},"month-5-genitive":{"_":"Юни"},"month-6-genitive":{"_":"Юли"},"month-7-genitive":{"_":"Август"},"month-8-genitive":{"_":"Септември"},"month-9-genitive":{"_":"Oктомври"},"month-10-genitive":{"_":"Ноември"},"month-11-genitive":{"_":"Декември"},"month-0-short":{"_":"Ян"},"month-1-short":{"_":"Фев"},"month-2-short":{"_":"Мар"},"month-3-short":{"_":"Апр"},"month-4-short":{"_":"Май"},"month-5-short":{"_":"Юни"},"month-6-short":{"_":"Юли"},"month-7-short":{"_":"Авг"},"month-8-short":{"_":"Сеп"},"month-9-short":{"_":"Окт"},"month-10-short":{"_":"Ное"},"month-11-short":{"_":"Дек"},"minutes-ago-long":{"_":"{[ plural(value) ]}","_[zero]":"в момента","_[one]":"преди минута","_[two]":"преди {{value}} минути","_[few]":"преди {{value}} минути","_[many]":"преди {{value}} минути","_[other]":"преди {{value}} минути"},"hours-ago-long":{"_":"{[ plural(value) ]}","_[zero]":"в момента","_[one]":"преди час","_[two]":"преди {{value}} часа","_[few]":"преди {{value}} часа","_[many]":"преди {{value}} часа","_[other]":"преди {{value}} часа"},"days-ago-long":{"_":"{[ plural(value) ]}","_[zero]":"днес","_[one]":"вчера","_[two]":"преди {{value}} дни","_[few]":"преди {{value}} дни","_[many]":"преди {{value}} дни","_[other]":"преди {{value}} дни"},"weeks-ago-long":{"_":"{[ plural(value) ]}","_[zero]":"тази седмица","_[one]":"миналата седмица","_[two]":"преди {{value}} седмици","_[few]":"преди {{value}} седмици","_[many]":"преди {{value}} седмици","_[other]":"преди {{value}} седмици"},"months-ago-long":{"_":"{[ plural(value) ]}","_[zero]":"този месец","_[one]":"миналия месец","_[two]":"преди {{value}} месеца","_[few]":"преди {{value}} месеца","_[many]":"преди {{value}} месеца","_[other]":"преди {{value}} месеца"},"years-ago-long":{"_":"{[ plural(value) ]}","_[zero]":"тази година","_[one]":"миналата година","_[two]":"преди {{value}} години","_[few]":"преди {{value}} години","_[many]":"преди {{value}} години","_[other]":"преди {{value}} години"},"minutes-until-long":{"_":"{[ plural(value) ]}","_[zero]":"now","_[one]":"in a minute","_[two]":"in {{value}} minutes","_[few]":"in {{value}} minutes","_[many]":"in {{value}} minutes","_[other]":"in {{value}} minutes"},"hours-until-long":{"_":"{[ plural(value) ]}","_[zero]":"сега","_[one]":"до един час","_[two]":"след {{value}} часа","_[few]":"след {{value}} часа","_[many]":"след {{value}} часа","_[other]":"след {{value}} часа"},"days-until-long":{"_":"{[ plural(value) ]}","_[zero]":"днес","_[one]":"утре","_[two]":"след {{value}} дни","_[few]":"след {{value}} дни","_[many]":"след {{value}} дни","_[other]":"след {{value}} дни"},"weeks-until-long":{"_":"{[ plural(value) ]}","_[zero]":"тази седмица","_[one]":"другата седмица","_[two]":"след {{value}} седмици","_[few]":"след {{value}} седмици","_[many]":"след {{value}} седмици","_[other]":"след {{value}} седмици"},"months-until-long":{"_":"{[ plural(value) ]}","_[zero]":"този месец","_[one]":"другия месец","_[two]":"след {{value}} месеца","_[few]":"след {{value}} месеца","_[many]":"след {{value}} месеца","_[other]":"след {{value}} месеца"},"years-until-long":{"_":"{[ plural(value) ]}","_[zero]":"тази година","_[one]":"следващата година","_[two]":"след {{value}} години","_[few]":"след {{value}} години","_[many]":"след {{value}} години","_[other]":"след {{value}} години"},"minutes-ago-short":{"_":"{[ plural(value) ]}","_[zero]":"в момента","_[other]":"преди {{value}}мин."},"hours-ago-short":{"_":"{[ plural(value) ]}","_[zero]":"в момента","_[other]":"преди {{value}}ч."},"days-ago-short":{"_":"{[ plural(value) ]}","_[zero]":"днес","_[other]":"преди {{value}}дни"},"minutes-until-short":{"_":"{[ plural(value) ]}","_[zero]":"сега","_[other]":"след {{value}}мин."},"hours-until-short":{"_":"{[ plural(value) ]}","_[zero]":"сега","_[other]":"след {{value}}ч."},"days-until-short":{"_":"{[ plural(value) ]}","_[zero]":"днес","_[other]":"след {{value}}дни"},"incorrectDate":{"_":"(невалидна дата)"},"dateTimeFormat_%c":{"_":"%a, %e %b %Y %H:%M:%S"},"dateTimeFormat_%x":{"_":"%d %m %Y"},"dateTimeFormat_%X":{"_":"%H:%M:%S"},"shortTimeFormat":{"_":"%H:%M"},"shortDateTimeFormat":{"_":"%x %H:%M"},"weekStartsOnMonday":{"_":"1"},"time_am":{"_":"AM"},"time_pm":{"_":"PM"}}