{"topup-confirmation-title2":{"_":"ব্যবহার"},"topup-confirmation-message":{"_":"রিচার্জ নিশ্চিৎ"},"topup-incorrectcode-title2":{"_":"ব্যবহার"},"topup-incorrectcode-message3":{"_":"ভুল টপ-আপ কোড দেওয়া হয়েছে।"},"updating":{"_":"হালনাগাদ করা হচ্ছে"},"updating-ellipsis":{"_":"হালনাগাদ করা হচ্ছে..."},"yesterday":{"_":"গতকাল"},"today":{"_":"আজ"},"never":{"_":"কখনো নয়"},"magnitude":{"_":"{{value}} {{unit}}"},"currency":{"_":"{{currency}}{{value}}"},"widget":{"_":"ব্যবহার প্রদর্শনকারী উইজেট"},"widget-authed-sim-heading":{"_":"{{provider}} সিম প্রবেশ করান হয়েছে"},"widget-authed-sim-meta":{"_":"আপনার ফোন এবং ইন্টারনেট ব্যবহার ট্র্যাক করতে ট্যাপ করুন।"},"widget-nonauthed-sim-heading":{"_":"New SIM inserted"},"widget-nonauthed-sim-meta":{"_":"ইন্টারনেট ব্যবহার ট্র্যাক করতে ট্যাপ করুন।"},"widget-no-sim2-heading":{"_":"কোন সিম ব্যবহার করা হয়নি"},"widget-no-sim2-meta":{"_":"ব্যবহার সক্রিয় করতে একটি সিম প্রবেশ করান।"},"widget-sim-locked-heading":{"_":"লকড সিম কার্ড"},"widget-sim-locked-meta":{"_":"ব্যবহার সক্রিয় করতে আপনার সিম আনলক করুন।"},"fte":{"_":"প্রথম ব্যবহারের অভিজ্ঞতা"},"fte-authed-sim":{"_":"আপনার ফোন এবং ইন্টারনেট ব্যবহারের উপর নজর রেখে টাকা বাঁচান।"},"fte-nonauthed-sim":{"_":"আপনার ইন্টারনেট ব্যবহারের উপর নজর রেখে টাকা বাঁচান।"},"fte-no-sim":{"_":"Get clear information about how much internet you’re using."},"fte-sim-info2":{"_":"ফোন এবং ইন্টারনেট ব্যবহারের তথ্যগুলো এই ফোন থেকে নেওয়া হয়। অ্যাকাউন্টের বিস্তারিত তথ্যের জন্য মোবাইল অপারেটরের সাথে যোগাযোগ করুন।"},"fte-plantype-title":{"_":"চুক্তির ধরন"},"fte-plantype-hint":{"_":"মোবাইল সার্ভিস প্রোভাইডার এর সাথে আপনার চুক্তির ধরন নির্বাচন করুন।"},"fte-prepaid2-title":{"_":"নিম্ন ব্যালেন্স সতর্কতা"},"fte-prepaid2-hint":{"_":"ক্রেডিট হারানো এড়াতে একটি সতর্কতা সেট করুন।"},"fte-prepaid3-title":{"_":"ডাটা প্রতিবেদন ও সতর্কতা"},"fte-prepaid3-hint":{"_":"ইন্টারনেট ব্যবহার সম্পর্কিত প্রতিবেদন দেখুন এবং অত্যাধিক ব্যবহার এড়াতে একটি সতর্কতা সেট করুন।"},"fte-postpaid2-title":{"_":"ফোন ও ডাটা প্রতিবেদন"},"fte-postpaid2-hint":{"_":"আপনার ফোন ও ইন্টারনেট ব্যবহারের প্রতিবেদন গ্রহন করুন।"},"fte-postpaid3-title":{"_":"ডাটা সতর্কতা"},"fte-postpaid3-hint":{"_":"অত্যাধিক ডাটা ব্যবহার এড়াতে একটি সতর্কতা সেট করুন।"},"fte-onlydata2-title":{"_":"ডাটা প্রতিবেদন"},"fte-onlydata2-hint":{"_":"আপনার ইন্টারনেট ব্যবহারের প্রতিবেদন দেখুন।"},"fte-onlydata3-title":{"_":"ডাটা সতর্কতা"},"fte-onlydata3-hint":{"_":"অত্যাধিক ডাটা ব্যবহার এড়াতে একটি সতর্কতা সেট করুন।"},"phone-activity":{"_":"ফোন কার্যকারিতা"},"balance":{"_":"ব্যালেন্স"},"on-roaming-message2":{"_":"রোমিং: স্বয়ংক্রিয় ব্যালেন্স হালনাগাদ নাই। হাতে হালনাগাদ করার কারনে আপনাকে চার্জ করা হতে পারে।"},"balance-error-message2":{"_":"ব্যালেন্স সঠিকভাবে হালনাগাদ হয়নি। নিজহাতে হালনাগাদের চেষ্টা করুন।"},"airplane-mode-error-message2":{"_":"আপনার ব্যালেন্স বা টপ-আপ হালনাগাদ করতে এরোপ্লেন মোড বন্ধ করুন।"},"disable-airplane-mode":{"_":"হালনাগাদ বা টপ-আপ করতে আপনি কি এরোপ্লেন মোড নিস্ক্রিয় করতে চান?"},"no-coverage-error-message2":{"_":"আপনার ব্যালেন্স অথবা টপ আপ আপডেট করতে ফোনের কাভারেজ প্রয়োজন।"},"top-up":{"_":"টপ আপ"},"enter-top-up-code":{"_":"টপ-আপ কোড প্রবেশ করান"},"top-up-code-explanation2":{"_":"আপনার স্ক্র্যাচ কার্ড বা সরাসরি রসিদ থেকে এটি খুঁজে বের করুন।"},"wait-for-confirmation":{"_":"আপনি একটি নিশ্চিতকরণ বার্তা পাবেন"},"incorrect-code2":{"_":"সঠিক কোড নিশ্চিত করুন এবং পুনরায় চেষ্টা করুন।"},"topup-error2":{"_":"কোড পাঠানোর সময় একটি সমস্যা হয়েছে। অনুগ্রহ করে, পুনরায় চেষ্টা করুন।"},"application-error-title":{"_":"সার্ভিস বিদ্যমান নয়"},"application-error-message":{"_":"আপনার কোম্পানির প্রতিনিধির সাথে যোগাযোগ করুন"},"service-unavailable-title":{"_":"সার্ভিস বিদ্যমান নয়"},"service-unavailable-message":{"_":"আপডেট বা টপ-আপ কোনটি এই মূহুর্তে সম্ভব নয়। অনুগ্রহ করে পরে চেষ্টা করুন।"},"data-usage":{"_":"ব্যবহৃত ডাটা"},"update-button":{"_":"হালনাগাদ"},"topup-button2":{"_":"টপ আপ কোড ব্যবহার করুন"},"topup-ussd-button2":{"_":"টপ আপ মেনু খুলুন"},"ok":{"_":"ঠিক আছে"},"top-up-in-progress2":{"_":"আপনার টপ আপ প্রক্রিয়াধীন আছে।"},"top-up-timed-out2":{"_":"নিশ্চিত হতে আপনার ব্যালেন্স হালনাগাদ করুন। যদি ব্যালেন্স অপরিবর্তিত থাকে, পুনরায় টপ-আপ করার চেষ্টা করুন।"},"on-topup-not-confirmed-title":{"_":"টপ-আপ নিশ্চিত হয়নি"},"on-topup-not-confirmed-message":{"_":"আপনার ব্যালেন্স হালনাগাদ করার চেষ্টা করুন অথবা আবার টপ-আপ করার চেষ্টা করুন।"},"send":{"_":"প্রেরণ করুন"},"plantype-setup-title":{"_":"আমার ফোন এবং ইন্টারনেট ব্যবহার পরিকল্পনা"},"prepaid":{"_":"প্রি-পেইড"},"postpaid":{"_":"পোস্ট-পেইড"},"phoneactivity":{"_":"ফোন কার্যকারিতা"},"short-date-format":{"_":"%b, %d"},"sms-sent":{"_":"বার্তা প্রেরণ"},"call-made":{"_":"কল করা হয়েছে"},"settings":{"_":"সেটিংসমূহ"},"low-balance-alert":{"_":"নিম্ন ব্যালেন্স সতর্কতা"},"low-balance-explanation2":{"_":"যখন ব্যালেন্স স্বল্প"},"phone-and-internet-data-report":{"_":"ফোন ও ইন্টারনেট ডাটার প্রতিবেদন"},"starting-on":{"_":"শুরু হচ্ছে"},"cancel":{"_":"বাতিল"},"set":{"_":"নির্ধারণ করুন"},"set-day":{"_":"দিন নির্ধারণ করুন"},"set-date":{"_":"তারিখ নির্ধারণ করুন"},"monthly":{"_":"মাসিক"},"weekly":{"_":"সাপ্তাহিক"},"monday":{"_":"সোমবার"},"tuesday":{"_":"মঙ্গলবার"},"wednesday":{"_":"বুধবার"},"thursday":{"_":"বুধবার"},"friday":{"_":"শুক্রবার"},"saturday":{"_":"শনিবার"},"sunday":{"_":"রবিবার"},"monday-abbr":{"_":"সোম"},"tuesday-abbr":{"_":"মঙ্গল"},"wednesday-abbr":{"_":"বুধ"},"thursday-abbr":{"_":"বৃহঃ"},"friday-abbr":{"_":"শুক্র"},"saturday-abbr":{"_":"শনি"},"sunday-abbr":{"_":"রবি"},"billing-cycle-ends":{"_":"বিলিং চক্র শেষ"},"tracking-will-reset":{"_":"ট্র্যাকিং এই তারিখে রিসেট হবে"},"yes":{"_":"হ্যাঁ"},"done":{"_":"সম্পন্ন"},"confirmation":{"_":"নিশ্চিতকরণ"},"reset-confirmation-warning":{"_":"সব বর্তমান ডাটা অপসারণ করা হবে। আপনি কি আসলেই রিসেট করতে চান?"},"reset":{"_":"রিসেট"},"reset-wifi":{"_":"ওয়াই ফাই ব্যবহার পুনরায় সেট করুন"},"reset-mobile":{"_":"মোবাইল ব্যবহার পুনরায় সেট করুন"},"reset-all-data-usage":{"_":"মোবাইল এবং ওয়ই-ফাই ডাটা পুনরায় সেট করুন"},"not-set":{"_":"নির্ধারিত হয়নি"},"used":{"_":"ব্যবহৃত"},"limit-passed":{"_":"সীমা অতিক্রান্ত হয়েছে"},"limit":{"_":"সীমা"},"data-limit-header":{"_":"তথ্য ব্যবহারের সীমা"},"data-limit-alert":{"_":"ডাটা ব্যবহারের সতর্কতা"},"data-limit-value2":{"_":"ব্যবহারসীমা পার হলে"},"data-limit-dialog-title2":{"_":"সতর্ক করতে মোবাইল ডাটা সীমা দিন"},"data-limit-dialog-explanation2":{"_":"সীমাতে পৌঁছানোর পরে সংযোগ গতি কমে যায়। একটি উপযুক্ত সতর্কতা স্তর নির্ধারণ করতে আপনার ডাটা প্রদানকারীর সাথে যোগাযোগ করুন।"},"wifi-usage":{"_":"Wi-Fi usage"},"mobile-usage":{"_":"Mobile usage"},"wifi-usage-settings":{"_":"Wi-Fi usage"},"mobile-usage-settings":{"_":"Mobile usage"},"im-prepaid":{"_":"আমি প্রিপেইড"},"im-postpaid":{"_":"আমি পোস্টপেইড"},"reset-data-usage":{"_":"ডাটা ব্যবহার পুনরায় সেট করুন"},"reset-report":{"_":"প্রতিবেদন রিসেট করুন"},"next":{"_":"পরবর্তী"},"back":{"_":"পিছনে"},"lets-go":{"_":"চলুন তাহলে!"},"alert":{"_":"সতর্ক"},"alert-limit":{"_":"সতর্কতা সীমা"},"fte-welcome-title":{"_":"স্বাগতম"},"data-limit-notification-title2":{"_":"{{limit}} ডাটা ব্যবহৃত হয়েছে"},"data-limit-notification-text2":{"_":"You’ve reached the limit you selected"},"low-balance-notification-title":{"_":"স্বল্প ব্যালেন্স"},"low-balance-notification-text":{"_":"ফোনে {{remaining}} ক্রেডিট বাকি আছে"},"zero-balance-message":{"_":"ব্যলেন্স শুন্য, ফোনে কোনো ক্রেডিট নেই।"},"not-available":{"_":"বিদ্যমান নেই"},"usage":{"_":"ব্যবহার"},"internet":{"_":"ইন্টারনেট"},"phone":{"_":"ফোন"},"loading-interface-data":{"_":"ইনটারফেস ডাটা লোড হচ্ছে। কিছুক্ষণ পর পুনরায় চেষ্টা করুন।"},"chart-date-format":{"_":"%b %e"},"verbose-chart-date-format":{"_":"{{em-month}} {{monthday-number}}"},"day-hour-format":{"_":"{{day}}, {{time}}"},"B":{"_":"B"},"KB":{"_":"KB"},"MB":{"_":"MB"},"GB":{"_":"GB"},"em-month-0":{"_":"জানু"},"em-month-1":{"_":"ফেব্রু"},"em-month-2":{"_":"মার্চ"},"em-month-3":{"_":"এপ্রি"},"em-month-4":{"_":"মে"},"em-month-5":{"_":"জুন"},"em-month-6":{"_":"জুলা"},"em-month-7":{"_":"আগ"},"em-month-8":{"_":"সেপ্টে"},"em-month-9":{"_":"অক্টো"},"em-month-10":{"_":"নভে"},"em-month-11":{"_":"ডিসে"},"weekday-0-long":{"_":"রবিবার"},"weekday-1-long":{"_":"সোমবার"},"weekday-2-long":{"_":"মঙ্গলবার"},"weekday-3-long":{"_":"বুধবার"},"weekday-4-long":{"_":"বৃহস্পতিবার"},"weekday-5-long":{"_":"শুক্রবার"},"weekday-6-long":{"_":"শনিবার"},"weekday-0-short":{"_":"রবি"},"weekday-1-short":{"_":"সোম"},"weekday-2-short":{"_":"মঙ্গল"},"weekday-3-short":{"_":"বুধ"},"weekday-4-short":{"_":"বৃহঃ"},"weekday-5-short":{"_":"শুক্র"},"weekday-6-short":{"_":"শনি"},"month-0-long":{"_":"জানুয়ারি"},"month-1-long":{"_":"ফেব্রুয়ারি"},"month-2-long":{"_":"মার্চ"},"month-3-long":{"_":"এপ্রিল"},"month-4-long":{"_":"মে"},"month-5-long":{"_":"জুন"},"month-6-long":{"_":"জুলাই"},"month-7-long":{"_":"আগস্ট"},"month-8-long":{"_":"সেপ্টেম্বর"},"month-9-long":{"_":"অক্টোবর"},"month-10-long":{"_":"নভেম্বর"},"month-11-long":{"_":"ডিসেম্বর"},"month-0-genitive":{"_":"জানুয়ারি"},"month-1-genitive":{"_":"ফেব্রুয়ারি"},"month-2-genitive":{"_":"মার্চ"},"month-3-genitive":{"_":"এপ্রিল"},"month-4-genitive":{"_":"মে"},"month-5-genitive":{"_":"জুন"},"month-6-genitive":{"_":"জুলাই"},"month-7-genitive":{"_":"আগস্ট"},"month-8-genitive":{"_":"সেপ্টেম্বর"},"month-9-genitive":{"_":"অক্টোবর"},"month-10-genitive":{"_":"নভেম্বর"},"month-11-genitive":{"_":"ডিসেম্বর"},"month-0-short":{"_":"জানু"},"month-1-short":{"_":"ফেব্রু"},"month-2-short":{"_":"মার্চ"},"month-3-short":{"_":"এপ্রিল"},"month-4-short":{"_":"মে"},"month-5-short":{"_":"জুন"},"month-6-short":{"_":"জুলাই"},"month-7-short":{"_":"আগস্ট"},"month-8-short":{"_":"সেপ্ট"},"month-9-short":{"_":"অক্টো"},"month-10-short":{"_":"নভে"},"month-11-short":{"_":"ডিসে"},"minutes-ago-long":{"_":"{[ plural(value) ]}","_[zero]":"এইমাত্র","_[one]":"১ মিনিট পূর্বে","_[two]":"{{value}} মিনিট পূর্বে","_[few]":"{{value}} মিনিট পূর্বে","_[many]":"{{value}} মিনিট পূর্বে","_[other]":"{{value}} মিনিট পূর্বে"},"hours-ago-long":{"_":"{[ plural(value) ]}","_[zero]":"এইমাত্র","_[one]":"১ ঘন্টা পূর্বে","_[two]":"{{value}} ঘন্টা পূর্বে","_[few]":"{{value}} ঘন্টা পূর্বে","_[many]":"{{value}} ঘন্টা পূর্বে","_[other]":"{{value}} ঘন্টা পূর্বে"},"days-ago-long":{"_":"{[ plural(value) ]}","_[zero]":"আজ","_[one]":"গতকাল","_[two]":"{{value}} দিন পূর্বে","_[few]":"{{value}} দিন পূর্বে","_[many]":"{{value}} দিন পূর্বে","_[other]":"{{value}} দিন পূর্বে"},"weeks-ago-long":{"_":"{[ plural(value) ]}","_[zero]":"এই সপ্তাহে","_[one]":"গত সপ্তাহ","_[two]":"{{value}} সপ্তাহ পূর্বে","_[few]":"{{value}} সপ্তাহ পূর্বে","_[many]":"{{value}} সপ্তাহ পূর্বে","_[other]":"{{value}} সপ্তাহ পূর্বে"},"months-ago-long":{"_":"{[ plural(value) ]}","_[zero]":"চলতি মাস","_[one]":"গত মাস","_[two]":"{{value}} মাস পূর্বে","_[few]":"{{value}} মাস পূর্বে","_[many]":"{{value}} মাস পূর্বে","_[other]":"{{value}} মাস পূর্বে"},"years-ago-long":{"_":"{[ plural(value) ]}","_[zero]":"এই বছর","_[one]":"গত বছর","_[two]":"{{value}} বছর আগে","_[few]":"{{value}} বছর পূর্বে","_[many]":"{{value}} বছর পূর্বে","_[other]":"{{value}} বছর পূর্বে"},"minutes-until-long":{"_":"{[ plural(value) ]}","_[zero]":"এখন","_[one]":"এক মিনিটের মধ্যে","_[two]":"{{value}} মিনিটের মধ্যে","_[few]":"{{value}} মিনিটের মধ্যে","_[many]":"{{value}} মিনিটের মধ্যে","_[other]":"{{value}} মিনিটের মধ্যে"},"hours-until-long":{"_":"{[ plural(value) ]}","_[zero]":"এখন","_[one]":"এক ঘন্টার মধ্যে","_[two]":"{{value}} ঘন্টার মধ্যে","_[few]":"{{value}} ঘন্টার মধ্যে","_[many]":"{{value}} ঘন্টার মধ্যে","_[other]":"{{value}} ঘন্টার মধ্যে"},"days-until-long":{"_":"{[ plural(value) ]}","_[zero]":"আজ","_[one]":"আগামীকাল","_[two]":"{{value}} দিনের মধ্যে","_[few]":"{{value}} দিনের মধ্যে","_[many]":"{{value}} দিনের মধ্যে","_[other]":"{{value}} দিনের মধ্যে"},"weeks-until-long":{"_":"{[ plural(value) ]}","_[zero]":"চলতি সপ্তাহ","_[one]":"পরবর্তী সপ্তাহ","_[two]":"{{value}} সপ্তাহের মধ্যে","_[few]":"{{value}} সপ্তাহের মধ্যে","_[many]":"{{value}} সপ্তাহের মধ্যে","_[other]":"{{value}} সপ্তাহের মধ্যে"},"months-until-long":{"_":"{[ plural(value) ]}","_[zero]":"এই মাস","_[one]":"পরবর্তী মাস","_[two]":"{{value}} মাসের মধ্যে","_[few]":"{{value}} মাসের মধ্যে","_[many]":"{{value}} মাসের মধ্যে","_[other]":"{{value}} মাসের মধ্যে"},"years-until-long":{"_":"{[ plural(value) ]}","_[zero]":"এই বছর","_[one]":"আগামী বছর","_[two]":"{{value}} বছরের মধ্যে","_[few]":"{{value}} বছরের মধ্যে","_[many]":"{{value}} বছরের মধ্যে","_[other]":"{{value}} বছরের মধ্যে"},"minutes-ago-short":{"_":"{[ plural(value) ]}","_[zero]":"এইমাত্র","_[other]":"{{value}}মি. পূর্বে"},"hours-ago-short":{"_":"{[ plural(value) ]}","_[zero]":"এইমাত্র","_[other]":"{{value}}ঘ. পূর্বে"},"days-ago-short":{"_":"{[ plural(value) ]}","_[zero]":"আজ","_[other]":"{{value}}দিন পূর্বে"},"minutes-until-short":{"_":"{[ plural(value) ]}","_[zero]":"এখন","_[other]":"{{value}} মিনিটের মধ্যে"},"hours-until-short":{"_":"{[ plural(value) ]}","_[zero]":"এখন","_[other]":"{{value}}ঘন্টার মধ্যে"},"days-until-short":{"_":"{[ plural(value) ]}","_[zero]":"আজ","_[other]":"{{value}}দিনের মধ্যে"},"incorrectDate":{"_":"(ভুল তারিখ)"},"dateTimeFormat_%c":{"_":"%a %b %e %Y %I:%M:%S %p"},"dateTimeFormat_%x":{"_":"%m/%d/%Y"},"dateTimeFormat_%X":{"_":"%I:%M:%S %p"},"shortTimeFormat":{"_":"%I:%M %p"},"shortDateTimeFormat":{"_":"%x %I:%M %p"},"weekStartsOnMonday":{"_":"0"},"time_am":{"_":"AM"},"time_pm":{"_":"PM"}}