{"topup-confirmation-title2":{"_":"Consum"},"topup-confirmation-message":{"_":"Recàrrega confirmada"},"topup-incorrectcode-title2":{"_":"Consum"},"topup-incorrectcode-message3":{"_":"S'ha introduït un codi de recàrrega incorrecte."},"updating":{"_":"S'està actualitzant"},"updating-ellipsis":{"_":"S'està actualitzant…"},"yesterday":{"_":"Ahir"},"today":{"_":"Avui"},"never":{"_":"Mai"},"magnitude":{"_":"{{value}} {{unit}}"},"currency":{"_":"{{value}} {{currency}}"},"widget":{"_":"Giny Consum"},"widget-authed-sim-heading":{"_":"S'ha inserit una SIM de {{provider}} nova"},"widget-authed-sim-meta":{"_":"Controleu el consum del telèfon i Internet"},"widget-nonauthed-sim-heading":{"_":"S'ha inserit una SIM nova"},"widget-nonauthed-sim-meta":{"_":"Controleu el consum d'Internet"},"widget-no-sim2-heading":{"_":"No s'ha inserit cap SIM"},"widget-no-sim2-meta":{"_":"Inseriu una SIM per veure el consum"},"widget-sim-locked-heading":{"_":"Targeta SIM bloquejada"},"widget-sim-locked-meta":{"_":"Desbloquegeu la SIM per veure el consum"},"fte":{"_":"Consum: Primer ús"},"fte-authed-sim":{"_":"Estalvieu controlant el consum del telèfon i d'Internet."},"fte-nonauthed-sim":{"_":"Estalvieu controlant el consum d'Internet."},"fte-no-sim":{"_":"Vegeu informació precisa de la quantitat de dades d'Internet que consumiu."},"fte-sim-info2":{"_":"La informació que es mostra del consum prové directament del dispositiu. Consulteu el vostre proveïdor per obtenir una informació més detallada."},"fte-plantype-title":{"_":"Tipus de contracte"},"fte-plantype-hint":{"_":"Trieu el tipus de contracte que teniu amb el proveïdor de servei mòbil."},"fte-prepaid2-title":{"_":"Alerta de saldo baix"},"fte-prepaid2-hint":{"_":"Definiu una alerta per evitar quedar-vos sense crèdit."},"fte-prepaid3-title":{"_":"Informe i alerta de dades"},"fte-prepaid3-hint":{"_":"Rebeu informes del vostre consum d'Internet i definiu una alerta per evitar un consum excessiu."},"fte-postpaid2-title":{"_":"Informe del telèfon i de dades"},"fte-postpaid2-hint":{"_":"Rebeu informes del vostre consum de telèfon i d'Internet."},"fte-postpaid3-title":{"_":"Alerta de dades"},"fte-postpaid3-hint":{"_":"Definiu una alerta per evitar un consum excessiu de dades."},"fte-onlydata2-title":{"_":"Informe de dades"},"fte-onlydata2-hint":{"_":"Rebeu informes del vostre consum d'Internet."},"fte-onlydata3-title":{"_":"Alerta de dades"},"fte-onlydata3-hint":{"_":"Definiu una alerta per evitar un consum excessiu de dades."},"phone-activity":{"_":"Activitat del telèfon"},"balance":{"_":"Saldo"},"on-roaming-message2":{"_":"Itinerància: el saldo no s'actualitza automàticament. Actualitzar-lo manualment pot comportar despeses addicionals."},"balance-error-message2":{"_":"El saldo no s'ha actualitzat correctament. Proveu d'actualitzar-lo manualment."},"airplane-mode-error-message2":{"_":"Desactiveu el mode d'avió per actualitzar el saldo o recarregar."},"disable-airplane-mode":{"_":"Voleu desactivar el mode d'avió per actualitzar o recarregar?"},"no-coverage-error-message2":{"_":"Cal que tingueu cobertura telefònica per actualitzar el saldo o recarregar."},"top-up":{"_":"Recàrrega"},"enter-top-up-code":{"_":"Inseriu el codi de recàrrega"},"top-up-code-explanation2":{"_":"El trobareu al requadre per rascar o directament a la factura."},"wait-for-confirmation":{"_":"Rebreu un missatge de confirmació"},"incorrect-code2":{"_":"Assegureu-vos que el codi és correcte i torneu-ho a provar."},"topup-error2":{"_":"S'ha produït un problema en enviar el codi. Torneu-ho a provar."},"application-error-title":{"_":"Servei no disponible"},"application-error-message":{"_":"Contacteu amb el vostre proveïdor"},"service-unavailable-title":{"_":"Servei no disponible"},"service-unavailable-message":{"_":"No és possible cap actualització ni recàrrega en aquest moment. Proveu-ho més tard."},"data-usage":{"_":"Consum de dades"},"update-button":{"_":"Actualitza"},"topup-button2":{"_":"Utilitza el codi de recàrrega"},"topup-ussd-button2":{"_":"Obre el menú de recàrrega"},"ok":{"_":"D'acord"},"top-up-in-progress2":{"_":"S'està processant la recàrrega."},"top-up-timed-out2":{"_":"Actualitzeu el vostre saldo per confirmar. Si el saldo no canvia, proveu de tornar a recarregar."},"on-topup-not-confirmed-title":{"_":"No s'ha confirmat la recàrrega"},"on-topup-not-confirmed-message":{"_":"Proveu d'actualitzar el saldo o de tornar a fer una recàrrega."},"send":{"_":"envia"},"plantype-setup-title":{"_":"El meu pla de telèfon i Internet és"},"prepaid":{"_":"Prepagament"},"postpaid":{"_":"Contracte"},"phoneactivity":{"_":"Activitat del telèfon"},"short-date-format":{"_":"%e %b"},"sms-sent":{"_":"SMS enviats"},"call-made":{"_":"Trucades fetes"},"settings":{"_":"Paràmetres"},"low-balance-alert":{"_":"Alerta de saldo baix"},"low-balance-explanation2":{"_":"Si el saldo és menys de"},"phone-and-internet-data-report":{"_":"Informe de dades de telèfon i Internet"},"starting-on":{"_":"A partir del dia"},"cancel":{"_":"Cancel·la"},"set":{"_":"Ajusta"},"set-day":{"_":"Trieu el dia"},"set-date":{"_":"Trieu una data"},"monthly":{"_":"Mensualment"},"weekly":{"_":"Setmanalment"},"monday":{"_":"Dilluns"},"tuesday":{"_":"Dimarts"},"wednesday":{"_":"Dimecres"},"thursday":{"_":"Dijous"},"friday":{"_":"Divendres"},"saturday":{"_":"Dissabte"},"sunday":{"_":"Diumenge"},"monday-abbr":{"_":"dl"},"tuesday-abbr":{"_":"dt"},"wednesday-abbr":{"_":"dc"},"thursday-abbr":{"_":"dj"},"friday-abbr":{"_":"dv"},"saturday-abbr":{"_":"ds"},"sunday-abbr":{"_":"dg"},"billing-cycle-ends":{"_":"El cicle de facturació finalitza el"},"tracking-will-reset":{"_":"El seguiment es reiniciarà en aquesta data"},"yes":{"_":"Sí"},"done":{"_":"Fet"},"confirmation":{"_":"Confirmació"},"reset-confirmation-warning":{"_":"S'eliminaran totes les dades actuals. Voleu continuar?"},"reset":{"_":"Reinicia"},"reset-wifi":{"_":"Reinicia l'ús de Wi-Fi"},"reset-mobile":{"_":"Reinicia l'ús del mòbil"},"reset-all-data-usage":{"_":"Reinicia les dades de mòbil i Wi-Fi"},"not-set":{"_":"No definit"},"used":{"_":"Consumits"},"limit-passed":{"_":"Límit excedit"},"limit":{"_":"Límit"},"data-limit-header":{"_":"Límit de dades"},"data-limit-alert":{"_":"Alerta de consum de dades"},"data-limit-value2":{"_":"Si el consum supera"},"data-limit-dialog-title2":{"_":"Introduïu una alerta de límit de dades mòbils"},"data-limit-dialog-explanation2":{"_":"Normalment, la velocitat de la connexió es redueix quan s'arriba al límit. Consulteu amb el proveïdor de dades per definir un nivell d'alerta adequat."},"wifi-usage":{"_":"Ús de Wi-Fi"},"mobile-usage":{"_":"Ús del mòbil"},"wifi-usage-settings":{"_":"Ús de Wi-Fi"},"mobile-usage-settings":{"_":"Ús del mòbil"},"im-prepaid":{"_":"Sóc de prepagament"},"im-postpaid":{"_":"Sóc de contracte"},"reset-data-usage":{"_":"Reinicia el consum de dades"},"reset-report":{"_":"Reinicia l'informe"},"next":{"_":"Següent"},"back":{"_":"Enrere"},"lets-go":{"_":"Som-hi!"},"alert":{"_":"Alerta"},"alert-limit":{"_":"Límit d'alerta"},"fte-welcome-title":{"_":"Benvinguts"},"data-limit-notification-title2":{"_":"{{limit}} de consum de dades"},"data-limit-notification-text2":{"_":"Heu arribat al límit que vau definir"},"low-balance-notification-title":{"_":"Saldo baix"},"low-balance-notification-text":{"_":"{{remaining}} de crèdit restant al telèfon"},"zero-balance-message":{"_":"El saldo és zero; no us queda crèdit al telèfon."},"not-available":{"_":"No disponible"},"usage":{"_":"Consum"},"internet":{"_":"Internet"},"phone":{"_":"Telèfon"},"loading-interface-data":{"_":"S'estan carregant les dades de la interfície. Torneu-ho a provar més tard."},"chart-date-format":{"_":"%e %b"},"verbose-chart-date-format":{"_":"{{monthday-number}} {{em-month}}"},"day-hour-format":{"_":"{{day}}, {{time}}"},"B":{"_":"B"},"KB":{"_":"kB"},"MB":{"_":"MB"},"GB":{"_":"GB"},"weekday-0-long":{"_":"diumenge"},"weekday-1-long":{"_":"dilluns"},"weekday-2-long":{"_":"dimarts"},"weekday-3-long":{"_":"dimecres"},"weekday-4-long":{"_":"dijous"},"weekday-5-long":{"_":"divendres"},"weekday-6-long":{"_":"dissabte"},"weekday-0-short":{"_":"dg"},"weekday-1-short":{"_":"dl"},"weekday-2-short":{"_":"dt"},"weekday-3-short":{"_":"dc"},"weekday-4-short":{"_":"dj"},"weekday-5-short":{"_":"dv"},"weekday-6-short":{"_":"ds"},"month-0-long":{"_":"gener"},"month-1-long":{"_":"febrer"},"month-2-long":{"_":"març"},"month-3-long":{"_":"abril"},"month-4-long":{"_":"maig"},"month-5-long":{"_":"juny"},"month-6-long":{"_":"juliol"},"month-7-long":{"_":"agost"},"month-8-long":{"_":"setembre"},"month-9-long":{"_":"octubre"},"month-10-long":{"_":"novembre"},"month-11-long":{"_":"desembre"},"month-0-genitive":{"_":"de gener"},"month-1-genitive":{"_":"de febrer"},"month-2-genitive":{"_":"de març"},"month-3-genitive":{"_":"d'abril"},"month-4-genitive":{"_":"de maig"},"month-5-genitive":{"_":"de juny"},"month-6-genitive":{"_":"de juliol"},"month-7-genitive":{"_":"d'agost"},"month-8-genitive":{"_":"de setembre"},"month-9-genitive":{"_":"d'octubre"},"month-10-genitive":{"_":"de novembre"},"month-11-genitive":{"_":"de desembre"},"month-0-short":{"_":"gen"},"month-1-short":{"_":"febr"},"month-2-short":{"_":"març"},"month-3-short":{"_":"abr"},"month-4-short":{"_":"maig"},"month-5-short":{"_":"juny"},"month-6-short":{"_":"jul"},"month-7-short":{"_":"ag"},"month-8-short":{"_":"set"},"month-9-short":{"_":"oct"},"month-10-short":{"_":"nov"},"month-11-short":{"_":"des"},"minutes-ago-long":{"_":"{[ plural(value) ]}","_[zero]":"ara","_[one]":"fa un minut","_[two]":"fa {{value}} minuts","_[few]":"fa {{value}} minuts","_[many]":"fa {{value}} minuts","_[other]":"fa {{value}} minuts"},"hours-ago-long":{"_":"{[ plural(value) ]}","_[zero]":"ara","_[one]":"fa una hora","_[two]":"fa {{value}} hores","_[few]":"fa {{value}} hores","_[many]":"fa {{value}} hores","_[other]":"fa {{value}} hores"},"days-ago-long":{"_":"{[ plural(value) ]}","_[zero]":"avui","_[one]":"ahir","_[two]":"fa {{value}} dies","_[few]":"fa {{value}} dies","_[many]":"fa {{value}} dies","_[other]":"fa {{value}} dies"},"weeks-ago-long":{"_":"{[ plural(value) ]}","_[zero]":"aquesta setmana","_[one]":"la setmana passada","_[two]":"fa {{value}} setmanes","_[few]":"fa {{value}} setmanes","_[many]":"fa {{value}} setmanes","_[other]":"fa {{value}} setmanes"},"months-ago-long":{"_":"{[ plural(value) ]}","_[zero]":"aquest mes","_[one]":"el mes passat","_[two]":"fa {{value}} mesos","_[few]":"fa {{value}} mesos","_[many]":"fa {{value}} mesos","_[other]":"fa {{value}} mesos"},"years-ago-long":{"_":"{[ plural(value) ]}","_[zero]":"enguany","_[one]":"l'any passat","_[two]":"fa {{value}} anys","_[few]":"fa {{value}} anys","_[many]":"fa {{value}} anys","_[other]":"fa {{value}} anys"},"minutes-until-long":{"_":"{[ plural(value) ]}","_[zero]":"ara","_[one]":"d'aquí un minut","_[two]":"d'aquí {{value}} minuts","_[few]":"d'aquí {{value}} minuts","_[many]":"d'aquí {{value}} minuts","_[other]":"d'aquí {{value}} minuts"},"hours-until-long":{"_":"{[ plural(value) ]}","_[zero]":"ara","_[one]":"d'aquí una hora","_[two]":"d'aquí {{value}} hores","_[few]":"d'aquí {{value}} hores","_[many]":"d'aquí {{value}} hores","_[other]":"d'aquí {{value}} hores"},"days-until-long":{"_":"{[ plural(value) ]}","_[zero]":"avui","_[one]":"demà","_[two]":"d'aquí {{value}} dies","_[few]":"d'aquí {{value}} dies","_[many]":"d'aquí {{value}} dies","_[other]":"d'aquí {{value}} dies"},"weeks-until-long":{"_":"{[ plural(value) ]}","_[zero]":"aquesta setmana","_[one]":"la setmana que ve","_[two]":"d'aquí {{value}} setmanes","_[few]":"d'aquí {{value}} setmanes","_[many]":"d'aquí {{value}} setmanes","_[other]":"d'aquí {{value}} setmanes"},"months-until-long":{"_":"{[ plural(value) ]}","_[zero]":"aquest mes","_[one]":"el mes que ve","_[two]":"d'aquí {{value}} mesos","_[few]":"d'aquí {{value}} mesos","_[many]":"d'aquí {{value}} mesos","_[other]":"d'aquí {{value}} mesos"},"years-until-long":{"_":"{[ plural(value) ]}","_[zero]":"enguany","_[one]":"l'any que ve","_[two]":"d'aquí {{value}} anys","_[few]":"d'aquí {{value}} anys","_[many]":"d'aquí {{value}} anys","_[other]":"d'aquí {{value}} anys"},"minutes-ago-short":{"_":"{[ plural(value) ]}","_[zero]":"ara","_[other]":"fa {{value}} m"},"hours-ago-short":{"_":"{[ plural(value) ]}","_[zero]":"ara","_[other]":"fa {{value}} h"},"days-ago-short":{"_":"{[ plural(value) ]}","_[zero]":"avui","_[other]":"fa {{value}} d"},"minutes-until-short":{"_":"{[ plural(value) ]}","_[zero]":"ara","_[other]":"d'aquí {{value}} m"},"hours-until-short":{"_":"{[ plural(value) ]}","_[zero]":"ara","_[other]":"d'aquí {{value}} h"},"days-until-short":{"_":"{[ plural(value) ]}","_[zero]":"avui","_[other]":"d'aquí {{value}} d"},"incorrectDate":{"_":"(data no vàlida)"},"dateTimeFormat_%c":{"_":"%a %e %Eb, %Y %H:%M:%S"},"dateTimeFormat_%x":{"_":"%d/%m/%Y"},"dateTimeFormat_%X":{"_":"%H:%M:%S"},"shortTimeFormat":{"_":"%H:%M"},"shortDateTimeFormat":{"_":"%x %H:%M"},"weekStartsOnMonday":{"_":"1"},"time_am":{"_":"am"},"time_pm":{"_":"pm"}}