{"topup-confirmation-title2":{"_":"Využití"},"topup-confirmation-message":{"_":"Placená služba potvrzena"},"topup-incorrectcode-title2":{"_":"Využití"},"topup-incorrectcode-message3":{"_":"Vložen chybný kód. "},"updating":{"_":"Aktualizace"},"updating-ellipsis":{"_":"Probíhá aktualizace…"},"yesterday":{"_":"Včera"},"today":{"_":"Dnes"},"never":{"_":"Nikdy"},"magnitude":{"_":"{{value}} {{unit}}"},"currency":{"_":"{{currency}}{{value}}"},"widget":{"_":"Widget Využití"},"widget-authed-sim-heading":{"_":"Vložena nová SIM od {{provider}}"},"widget-authed-sim-meta":{"_":"Klepněte pro sledování využití vašeho telefonu a internetu."},"widget-nonauthed-sim-heading":{"_":"Vložena nová SIM"},"widget-nonauthed-sim-meta":{"_":"Klepněte pro sledování využití dat. "},"widget-no-sim2-heading":{"_":"Nebyla vložena žádná SIM "},"widget-no-sim2-meta":{"_":"Pro povolení aplikace Využití vložte SIM."},"widget-sim-locked-heading":{"_":"SIM karta uzamčena"},"widget-sim-locked-meta":{"_":"Pro povolení Využití odblokujte SIM."},"fte":{"_":"Úvodní nastavení aplikace Využití"},"fte-authed-sim":{"_":"Šetřete peníze sledováním využití připojení k internetu. "},"fte-nonauthed-sim":{"_":"Šetřete peníze sledováním využití svého připojení k internetu."},"fte-no-sim":{"_":"Získejte jasné informace o tom, jak využíváte internet."},"fte-sim-info2":{"_":"Informace zobrazují přenos dat, který jde přímo z tohoto zařízení. Detailní informace o účtu konzultujte se svým operátorem mobilních služeb. "},"fte-plantype-title":{"_":"Typ služby"},"fte-plantype-hint":{"_":"Vyberte typ služby, kterou používáte u svého mobilního operátora."},"fte-prepaid2-title":{"_":"Upozornění na nízký zůstatek "},"fte-prepaid2-hint":{"_":"Nastavte upozornění na nízký stav kreditu. "},"fte-prepaid3-title":{"_":"Hlášení a upozornění o datech"},"fte-prepaid3-hint":{"_":"Získávání hlášení o vašem internetovém přípojení a nastavení upozornění o tom, že je moc využíváte."},"fte-postpaid2-title":{"_":"Hlášení o telefonu a datech"},"fte-postpaid2-hint":{"_":"Získávání hlášení o vašem telefonu a využívání internetu."},"fte-postpaid3-title":{"_":"Upozornění na data"},"fte-postpaid3-hint":{"_":"Nastavení na upozornění o přílišném využívání dat."},"fte-onlydata2-title":{"_":"Hlášení o datech"},"fte-onlydata2-hint":{"_":"Získávání hlášení o využití internetového připojení."},"fte-onlydata3-title":{"_":"Upozornění na data"},"fte-onlydata3-hint":{"_":"Nastavení na upozornění o přílišném využívání dat."},"phone-activity":{"_":"Aktivita telefonu"},"balance":{"_":"Zůstatek"},"on-roaming-message2":{"_":"Roaming: Automatické aktualizace zůstatku jsou vypnuty. Ruční aktualizace mohou být zpoplatněny."},"balance-error-message2":{"_":"Chyba při aktualizaci zůstatku. Zkuste to znovu ručně. "},"airplane-mode-error-message2":{"_":"Pro aktualizaci zůstatku vypněte režim V letadle. "},"disable-airplane-mode":{"_":"Chcete pro aktualizaci nebo předplacené služby zakázat režim V letadle? "},"no-coverage-error-message2":{"_":"Pro aktualizaci zůstatku potřebujete pokrytí nebo předplacení. "},"top-up":{"_":"Předplacení"},"enter-top-up-code":{"_":"Vložte kód pro předplacení"},"top-up-code-explanation2":{"_":"Obvykle jej naleznete na seškrabávacím místě karty či přímo na účtence."},"wait-for-confirmation":{"_":"Obdržíte potvrzující zprávu"},"incorrect-code2":{"_":"Ujistěte se, že váš kód je správný a zkuste to znovu."},"topup-error2":{"_":"Při odesílání kódu se vyskytl problém. Zkuste to prosím znovu."},"application-error-title":{"_":"Služba není dostupná"},"application-error-message":{"_":"Obraťte se na zástupce společnosti"},"service-unavailable-title":{"_":"Služba není dostupná"},"service-unavailable-message":{"_":"Žádné aktualizace či přeplacené služby nejsou v současné době dostupné. Zkuste to prosím později. "},"data-usage":{"_":"Využití dat"},"update-button":{"_":"Aktualizace"},"topup-button2":{"_":"Použít předplacený kód"},"topup-ussd-button2":{"_":"Otevření nabídky předplacených služeb "},"ok":{"_":"OK"},"top-up-in-progress2":{"_":"Probíhá předplacená služba."},"top-up-timed-out2":{"_":"Čas předplacení vypršel. Aktualizujte zůstatek nebo opakujte předplacenou službu. "},"on-topup-not-confirmed-title":{"_":"Předplacení nepotvrzeno"},"on-topup-not-confirmed-message":{"_":"Zkuste aktualizovat zůstatek nebo opakujte předplacenou službu."},"send":{"_":"odeslat"},"plantype-setup-title":{"_":"Můj telefon a data jsou"},"prepaid":{"_":"Předplacené"},"postpaid":{"_":"Vyúčtované"},"phoneactivity":{"_":"Aktivita telefonu"},"short-date-format":{"_":"%b, %d"},"sms-sent":{"_":"Poslané SMS"},"call-made":{"_":"Uskutečněné hovory"},"settings":{"_":"Nastavení"},"low-balance-alert":{"_":"Upozornění na nízký zůstatek"},"low-balance-explanation2":{"_":"Když je zůstatek pod "},"phone-and-internet-data-report":{"_":"Hlášení o využití telefonu a internetu"},"starting-on":{"_":"Začátek"},"cancel":{"_":"Zrušit"},"set":{"_":"Nastavení"},"set-day":{"_":"Nastavení dne"},"set-date":{"_":"Nastavení data"},"monthly":{"_":"Měsíčně"},"weekly":{"_":"Týdně"},"monday":{"_":"Pondělí"},"tuesday":{"_":"Úterý"},"wednesday":{"_":"Středa"},"thursday":{"_":"Čtvrtek"},"friday":{"_":"Pátek"},"saturday":{"_":"Sobota"},"sunday":{"_":"Neděle"},"monday-abbr":{"_":"Po"},"tuesday-abbr":{"_":"Út"},"wednesday-abbr":{"_":"St"},"thursday-abbr":{"_":"Čt"},"friday-abbr":{"_":"Pá"},"saturday-abbr":{"_":"So"},"sunday-abbr":{"_":"Ne"},"billing-cycle-ends":{"_":"Konec platebního období"},"tracking-will-reset":{"_":"Sledování bude k tomuto dni vynulováno. "},"yes":{"_":"Ano"},"done":{"_":"Hotovo"},"confirmation":{"_":"Potvrzení"},"reset-confirmation-warning":{"_":"Všechna aktuální data budou smazána. Jste ji jist(a), že chcete pokračovat? "},"reset":{"_":"Obnovit"},"reset-wifi":{"_":"Obnovit využití Wi-Fi"},"reset-mobile":{"_":"Obnovit využití mobilních dat"},"reset-all-data-usage":{"_":"Obnovit využití mobilních dat a Wi-Fi"},"not-set":{"_":"Není nastaveno"},"used":{"_":"Využití"},"limit-passed":{"_":"Limit vypršel"},"limit":{"_":"Limit"},"data-limit-header":{"_":"Datový limit"},"data-limit-alert":{"_":"Upozornění na přenos dat"},"data-limit-value2":{"_":"Když je využití nad"},"data-limit-dialog-title2":{"_":"Vložte limit mobilních dat pro upozornění "},"data-limit-dialog-explanation2":{"_":"Rychlost připojení je po dosažení limitu snížena. Poraďte se s poskytovatelem dat, jaký vhodný limit nastavit."},"wifi-usage":{"_":"Využití Wi-Fi"},"mobile-usage":{"_":"Využití mobilních dat"},"wifi-usage-settings":{"_":"Využití Wi-Fi"},"mobile-usage-settings":{"_":"Využití mobilních dat"},"im-prepaid":{"_":"Předplacená"},"im-postpaid":{"_":"Vyúčtovaná"},"reset-data-usage":{"_":"Hlášení o datech"},"reset-report":{"_":"Vynulovat hlášení"},"next":{"_":"Další"},"back":{"_":"Zpět"},"lets-go":{"_":"Začít"},"alert":{"_":"Upozornění"},"alert-limit":{"_":"Upozornění na limit"},"fte-welcome-title":{"_":"Vítejte"},"data-limit-notification-title2":{"_":"Dosažen datový limit {{limit}}"},"data-limit-notification-text2":{"_":"Dosáhl(a) jste limitu, který jste zvolil(a)"},"low-balance-notification-title":{"_":"Nízký zůstatek"},"low-balance-notification-text":{"_":"Zbývající kredit telefonu je {{remaining}}"},"zero-balance-message":{"_":"Zůstatek dosáhl nuly. Již není dostupný žádný kredit.  "},"not-available":{"_":"Není dostupné"},"usage":{"_":"Využití"},"internet":{"_":"Internet"},"phone":{"_":"Telefon"},"loading-interface-data":{"_":"Probíhá načítání dat rozhraní. Zkuste to znovu za chvíli. "},"chart-date-format":{"_":"%e. %b"},"verbose-chart-date-format":{"_":"{{em-month}} {{monthday-number}}"},"day-hour-format":{"_":"{{day}}, {{time}}"},"B":{"_":"B"},"KB":{"_":"KB"},"MB":{"_":"MB"},"GB":{"_":"GB"},"weekday-0-long":{"_":"Neděle"},"weekday-1-long":{"_":"Pondělí"},"weekday-2-long":{"_":"Úterý"},"weekday-3-long":{"_":"Středa"},"weekday-4-long":{"_":"Čtvrtek"},"weekday-5-long":{"_":"Pátek"},"weekday-6-long":{"_":"Sobota"},"weekday-0-short":{"_":"Ne"},"weekday-1-short":{"_":"Po"},"weekday-2-short":{"_":"Út"},"weekday-3-short":{"_":"St"},"weekday-4-short":{"_":"Čt"},"weekday-5-short":{"_":"Pá"},"weekday-6-short":{"_":"So"},"month-0-long":{"_":"Leden"},"month-1-long":{"_":"Únor"},"month-2-long":{"_":"Březen"},"month-3-long":{"_":"Duben"},"month-4-long":{"_":"Květen"},"month-5-long":{"_":"Červen"},"month-6-long":{"_":"Červenec"},"month-7-long":{"_":"Srpen"},"month-8-long":{"_":"Září"},"month-9-long":{"_":"Říjen"},"month-10-long":{"_":"Listopad"},"month-11-long":{"_":"Prosinec"},"month-0-genitive":{"_":"Leden"},"month-1-genitive":{"_":"Únor"},"month-2-genitive":{"_":"Březen"},"month-3-genitive":{"_":"Duben"},"month-4-genitive":{"_":"Květen"},"month-5-genitive":{"_":"Červen"},"month-6-genitive":{"_":"Červenec"},"month-7-genitive":{"_":"Srpen"},"month-8-genitive":{"_":"Září"},"month-9-genitive":{"_":"Říjen"},"month-10-genitive":{"_":"Listopad"},"month-11-genitive":{"_":"Prosinec"},"month-0-short":{"_":"leden"},"month-1-short":{"_":"únor"},"month-2-short":{"_":"březen"},"month-3-short":{"_":"duben"},"month-4-short":{"_":"květen"},"month-5-short":{"_":"červen"},"month-6-short":{"_":"červenec"},"month-7-short":{"_":"srpen"},"month-8-short":{"_":"září"},"month-9-short":{"_":"říjen"},"month-10-short":{"_":"listopad"},"month-11-short":{"_":"prosinec"},"minutes-ago-long":{"_":"{[ plural(value) ]}","_[zero]":"právě teď","_[one]":"před minutou","_[two]":"před 2 minutami","_[few]":"před {{value}} minutami","_[many]":"před {{value}} minutami","_[other]":"před {{value}} minutami"},"hours-ago-long":{"_":"{[ plural(value) ]}","_[zero]":"právě teď","_[one]":"před hodinou","_[two]":"před 2 hodinami","_[few]":"před {{value}} hodinami","_[many]":"před {{value}} hodinami","_[other]":"před {{value}} hodinami"},"days-ago-long":{"_":"{[ plural(value) ]}","_[zero]":"dnes","_[one]":"včera","_[two]":"předevčírem","_[few]":"před {{value}} dny","_[many]":"před {{value}} dny","_[other]":"před {{value}} dny"},"weeks-ago-long":{"_":"{[ plural(value) ]}","_[zero]":"tento týden","_[one]":"minutý týden","_[two]":"před {{value}} týdny","_[few]":"před {{value}} týdny","_[many]":"před {{value}} týdny","_[other]":"před {{value}} týdny"},"months-ago-long":{"_":"{[ plural(value) ]}","_[zero]":"tento měsíc","_[one]":"minulý měsíc","_[two]":"před {{value}} měsíci","_[few]":"před {{value}} měsíci","_[many]":"před {{value}} měsíci","_[other]":"před {{value}} měsíci"},"years-ago-long":{"_":"{[ plural(value) ]}","_[zero]":"tento rok","_[one]":"minulý rok","_[two]":"před {{value}} roky","_[few]":"před {{value}} roky","_[many]":"před {{value}} roky","_[other]":"před {{value}} roky"},"minutes-until-long":{"_":"{[ plural(value) ]}","_[zero]":"nyní","_[one]":"za minutu","_[two]":"za 2 minuty","_[few]":"za {{value}} minuty","_[many]":"za {{value}} minut","_[other]":"za {{value}} minut"},"hours-until-long":{"_":"{[ plural(value) ]}","_[zero]":"nyní","_[one]":"za hodinu","_[two]":"za 2 hodiny","_[few]":"za {{value}} hodiny","_[many]":"za {{value}} hodin","_[other]":"za {{value}} hodin"},"days-until-long":{"_":"{[ plural(value) ]}","_[zero]":"dnes","_[one]":"zítra","_[two]":"pozítří","_[few]":"za {{value}} dny","_[many]":"za {{value}} dnů","_[other]":"za {{value}} dnů"},"weeks-until-long":{"_":"{[ plural(value) ]}","_[zero]":"tento týden","_[one]":"příští týden","_[two]":"za {{value}} týdny","_[few]":"za {{value}} týdny","_[many]":"za {{value}} týdnů","_[other]":"za {{value}} týdnů"},"months-until-long":{"_":"{[ plural(value) ]}","_[zero]":"tento měsíc","_[one]":"příští měsíc","_[two]":"za {{value}} měsíce","_[few]":"za {{value}} měsíce","_[many]":"za {{value}} měsíců","_[other]":"za {{value}} měsíců"},"years-until-long":{"_":"{[ plural(value) ]}","_[zero]":"tento rok","_[one]":"příští rok","_[two]":"za {{value}} roky","_[few]":"za {{value}} roky","_[many]":"za {{value}} roků","_[other]":"za {{value}} roků"},"minutes-ago-short":{"_":"{[ plural(value) ]}","_[zero]":"právě teď","_[other]":"před {{value}} min"},"hours-ago-short":{"_":"{[ plural(value) ]}","_[zero]":"právě teď","_[other]":"před {{value}} hod"},"days-ago-short":{"_":"{[ plural(value) ]}","_[zero]":"dnes","_[other]":"před {{value}} dny"},"minutes-until-short":{"_":"{[ plural(value) ]}","_[zero]":"nyní","_[other]":"za {{value}} min"},"hours-until-short":{"_":"{[ plural(value) ]}","_[zero]":"nyní","_[other]":"za {{value}} hod"},"days-until-short":{"_":"{[ plural(value) ]}","_[zero]":"dnes","_[other]":"za {{value}} dny"},"incorrectDate":{"_":"(neplatné datum)"},"dateTimeFormat_%c":{"_":"%a %e. %b %Y %H:%M:%S"},"dateTimeFormat_%x":{"_":"%e. %m. %Y"},"dateTimeFormat_%X":{"_":"%H:%M:%S"},"shortTimeFormat":{"_":"%H:%M"},"shortDateTimeFormat":{"_":"%x %H:%M"},"weekStartsOnMonday":{"_":"1"},"time_am":{"_":"AM"},"time_pm":{"_":"PM"}}