{"topup-confirmation-title2":{"_":"Forbrug"},"topup-confirmation-message":{"_":"Optankning bekræftet"},"topup-incorrectcode-title2":{"_":"Forbrug"},"topup-incorrectcode-message3":{"_":"Ugyldig kode til optankning."},"updating":{"_":"Opdaterer"},"updating-ellipsis":{"_":"Opdaterer…"},"yesterday":{"_":"I går"},"today":{"_":"I dag"},"never":{"_":"Aldrig"},"magnitude":{"_":"{{value}} {{unit}}"},"currency":{"_":"{{currency}}{{value}}"},"widget":{"_":"Forbrugs-widget"},"widget-authed-sim-heading":{"_":"Nyt simkort fra {{provider}} er indsat"},"widget-authed-sim-meta":{"_":"Tryk for at følge dit telefoni- og dataforbrug."},"widget-nonauthed-sim-heading":{"_":"Nyt simkort indsat"},"widget-nonauthed-sim-meta":{"_":"Tryk for at følge dit dataforbrug."},"widget-no-sim2-heading":{"_":"Intet simkort"},"widget-no-sim2-meta":{"_":"Indsæt et simkort for at aktivere Forbrug."},"widget-sim-locked-heading":{"_":"Låst simkort"},"widget-sim-locked-meta":{"_":"Lås dit simkort op for at aktivere Forbrug."},"fte":{"_":"Forbrug - kom godt i gang"},"fte-authed-sim":{"_":"Spar penge ved at følge dit forbrug af telefoni og internet."},"fte-nonauthed-sim":{"_":"Spar penge ved at følge dit forbrug af internet."},"fte-no-sim":{"_":"Få tydelig information om dit dataforbrug."},"fte-sim-info2":{"_":"Informationen i Forbrug stammer fra denne enhed. Få mere detaljeret information hos din operatør."},"fte-plantype-title":{"_":"Abonnementstype"},"fte-plantype-hint":{"_":"Vælg den type abonnement, du har hos din operatør."},"fte-prepaid2-title":{"_":"Advarsel om kreditgrænse"},"fte-prepaid2-hint":{"_":"Opsæt en advarsel for at undgå at løbe tør for kredit."},"fte-prepaid3-title":{"_":"Dataforbrug og advarsel"},"fte-prepaid3-hint":{"_":"Modtag rapporter om dit dataforbrug, og opsæt en advarsel for at undgå et for stort dataforbrug."},"fte-postpaid2-title":{"_":"Telefoni- og datarapporter"},"fte-postpaid2-hint":{"_":"Modtag rapporter om dit telefoni- og dataforbrug."},"fte-postpaid3-title":{"_":"Dataadvarsel"},"fte-postpaid3-hint":{"_":"Opsæt en advarsel for at undgå et for stort dataforbrug."},"fte-onlydata2-title":{"_":"Datarapport"},"fte-onlydata2-hint":{"_":"Modtag rapporter om dit dataforbrug."},"fte-onlydata3-title":{"_":"Dataadvarsel"},"fte-onlydata3-hint":{"_":"Opsæt en advarsel for at undgå et for stort dataforbrug."},"phone-activity":{"_":"Telefoniaktivitet"},"balance":{"_":"Saldo"},"on-roaming-message2":{"_":"Roaming: Ingen automatisk opdatering af saldo. Du kan blive opkrævet for manuel opdatering."},"balance-error-message2":{"_":"Din saldo blev ikke opdateret korrekt. Prøv at opdatere manuelt."},"airplane-mode-error-message2":{"_":"Slå flytilstand fra for at opdatere din saldo eller for at tanke op."},"disable-airplane-mode":{"_":"Vil du slå flytilstand fra for at opdatere eller tanke op?"},"no-coverage-error-message2":{"_":"Du skal have telefonforbindelse for at kunne opdatere din saldo eller tanke op."},"top-up":{"_":"Tank op"},"enter-top-up-code":{"_":"Indtast kode til optankning"},"top-up-code-explanation2":{"_":"Find koden på dit skrabekort eller din kvittering."},"wait-for-confirmation":{"_":"Du vil få tilsendt en bekræftelse"},"incorrect-code2":{"_":"Kontrollér, at koden er korrekt, og prøv igen."},"topup-error2":{"_":"Det lykkedes ikke at sende koden. Prøv igen."},"application-error-title":{"_":"Tjenesten er ikke tilgængelig"},"application-error-message":{"_":"Kontakt din operatør"},"service-unavailable-title":{"_":"Tjenesten er ikke tilgængelig"},"service-unavailable-message":{"_":"Hverken opdatering eller optankning er muligt i øjeblikket. Prøv igen senere."},"data-usage":{"_":"Dataforbrug"},"update-button":{"_":"Opdater"},"topup-button2":{"_":"Brug kode til optankning"},"topup-ussd-button2":{"_":"Åbn menuen til optankning"},"ok":{"_":"OK"},"top-up-in-progress2":{"_":"Din optankning behandles."},"top-up-timed-out2":{"_":"Opdatér din saldo for at kontrollere. Hvis saldoen er uændret, så prøv at tanke op igen."},"on-topup-not-confirmed-title":{"_":"Optankning ikke bekræftet"},"on-topup-not-confirmed-message":{"_":"Prøv at opdatere din saldo eller prøv at tanke op igen."},"send":{"_":"send"},"plantype-setup-title":{"_":"Mit telefoni- og internetabonnement er"},"prepaid":{"_":"Forudbetalt"},"postpaid":{"_":"Efterbetalt"},"phoneactivity":{"_":"Telefoniaktivitet"},"short-date-format":{"_":"%d. %b"},"sms-sent":{"_":"Sendte SMS'er"},"call-made":{"_":"Udgående opkald"},"settings":{"_":"Indstillinger"},"low-balance-alert":{"_":"Advarsel ved lav saldo"},"low-balance-explanation2":{"_":"Når saldo er under"},"phone-and-internet-data-report":{"_":"Telefoni- og internetrapport"},"starting-on":{"_":"Begyndende den"},"cancel":{"_":"Annuller"},"set":{"_":"Udfør"},"set-day":{"_":"Angiv dag"},"set-date":{"_":"Angiv dato"},"monthly":{"_":"Månedlig"},"weekly":{"_":"Ugentlig"},"monday":{"_":"Mandag"},"tuesday":{"_":"Tirsdag"},"wednesday":{"_":"Onsdag"},"thursday":{"_":"Torsdag"},"friday":{"_":"Fredag"},"saturday":{"_":"Lørdag"},"sunday":{"_":"Søndag"},"monday-abbr":{"_":"Man"},"tuesday-abbr":{"_":"Tir"},"wednesday-abbr":{"_":"Ons"},"thursday-abbr":{"_":"Tor"},"friday-abbr":{"_":"Fre"},"saturday-abbr":{"_":"Lør"},"sunday-abbr":{"_":"Søn"},"billing-cycle-ends":{"_":"Regningsperiode slutter"},"tracking-will-reset":{"_":"Sporing vil blive nulstillet på denne dato"},"yes":{"_":"Ja"},"done":{"_":"Færdig"},"confirmation":{"_":"Bekræft"},"reset-confirmation-warning":{"_":"Alle gemte data vil blive slettet. Er du sikker på, at du vil nulstille?"},"reset":{"_":"Nulstil"},"reset-wifi":{"_":"Nulstil Wi-Fi-forbrug"},"reset-mobile":{"_":"Nulstil mobil-brug"},"reset-all-data-usage":{"_":"Nulstil mobil- og data-brug"},"not-set":{"_":"Ikke sat"},"used":{"_":"Brugt"},"limit-passed":{"_":"Grænsen passeret"},"limit":{"_":"Grænse"},"data-limit-header":{"_":"Dataforbrug"},"data-limit-alert":{"_":"Advarsel om dataforbrug"},"data-limit-value2":{"_":"Når der er brugt mere end"},"data-limit-dialog-title2":{"_":"Indtast en grænse for alarm ved dataforbrug"},"data-limit-dialog-explanation2":{"_":"Reduceret hastighed når grænsen er overskredet. Kontroller info fra din operatør for at finde en passende grænse."},"wifi-usage":{"_":"Wi-Fi-brug"},"mobile-usage":{"_":"Mobil-brug"},"wifi-usage-settings":{"_":"Wi-Fi-brug"},"mobile-usage-settings":{"_":"Mobil-brug"},"im-prepaid":{"_":"Jeg betaler forud"},"im-postpaid":{"_":"Jeg betaler bagud"},"reset-data-usage":{"_":"Nulstil data-brug"},"reset-report":{"_":"Nulstil rapporter"},"next":{"_":"Næste"},"back":{"_":"Tilbage"},"lets-go":{"_":"Lad os starte!"},"alert":{"_":"Advarsel"},"alert-limit":{"_":"Advarsel, grænse"},"fte-welcome-title":{"_":"Velkommen"},"data-limit-notification-title2":{"_":"Du har brugt {{limit}} data"},"data-limit-notification-text2":{"_":"Du har nået den angivne datagrænse"},"low-balance-notification-title":{"_":"Lav saldo"},"low-balance-notification-text":{"_":"{{remaining}} tilbage til telefoni"},"zero-balance-message":{"_":"Din saldo er nul, du har ikke mere tilbage til telefoni."},"not-available":{"_":"Ikke tilgængelig"},"usage":{"_":"Forbrug"},"internet":{"_":"Internet"},"phone":{"_":"Telefoni"},"loading-interface-data":{"_":"Indlæser data til brugerfladen. Prøv igen om lidt."},"chart-date-format":{"_":"%e. %b"},"verbose-chart-date-format":{"_":"{{monthday-number}}. {{em-month}}"},"day-hour-format":{"_":"{{day}}, {{time}}"},"B":{"_":"B"},"KB":{"_":"KB"},"MB":{"_":"MB"},"GB":{"_":"GB"},"widget-airplane-mode-heading":{"_":"Flytilstand"},"widget-airplane-mode-meta":{"_":"Slå flytilstand fra for at aktivere Forbrug."},"weekday-0-long":{"_":"Søndag"},"weekday-1-long":{"_":"Mandag"},"weekday-2-long":{"_":"Tirsdag"},"weekday-3-long":{"_":"Onsdag"},"weekday-4-long":{"_":"Torsdag"},"weekday-5-long":{"_":"Fredag"},"weekday-6-long":{"_":"Lørdag"},"weekday-0-short":{"_":"Søn"},"weekday-1-short":{"_":"Man"},"weekday-2-short":{"_":"Tir"},"weekday-3-short":{"_":"Ons"},"weekday-4-short":{"_":"Tor"},"weekday-5-short":{"_":"Fre"},"weekday-6-short":{"_":"Lør"},"month-0-long":{"_":"Januar"},"month-1-long":{"_":"Februar"},"month-2-long":{"_":"Marts"},"month-3-long":{"_":"April"},"month-4-long":{"_":"Maj"},"month-5-long":{"_":"Juni"},"month-6-long":{"_":"Juli"},"month-7-long":{"_":"August"},"month-8-long":{"_":"September"},"month-9-long":{"_":"Oktober"},"month-10-long":{"_":"November"},"month-11-long":{"_":"December"},"month-0-genitive":{"_":"januar"},"month-1-genitive":{"_":"februar"},"month-2-genitive":{"_":"marts"},"month-3-genitive":{"_":"april"},"month-4-genitive":{"_":"maj"},"month-5-genitive":{"_":"juni"},"month-6-genitive":{"_":"juli"},"month-7-genitive":{"_":"august"},"month-8-genitive":{"_":"september"},"month-9-genitive":{"_":"oktober"},"month-10-genitive":{"_":"november"},"month-11-genitive":{"_":"december"},"month-0-short":{"_":"Jan"},"month-1-short":{"_":"Feb"},"month-2-short":{"_":"Mar"},"month-3-short":{"_":"Apr"},"month-4-short":{"_":"Maj"},"month-5-short":{"_":"Jun"},"month-6-short":{"_":"Jul"},"month-7-short":{"_":"Aug"},"month-8-short":{"_":"Sep"},"month-9-short":{"_":"Okt"},"month-10-short":{"_":"Nov"},"month-11-short":{"_":"Dec"},"minutes-ago-long":{"_":"{[ plural(value) ]}","_[zero]":"nu","_[one]":"for et minut siden","_[two]":"for {{value}} minutter siden","_[few]":"for {{value}} minutter siden","_[many]":"for {{value}} minutter siden","_[other]":"for {{value}} minutter siden"},"hours-ago-long":{"_":"{[ plural(value) ]}","_[zero]":"nu","_[one]":"for en time siden","_[two]":"for {{value}} timer siden","_[few]":"for {{value}} timer siden","_[many]":"for {{value}} timer siden","_[other]":"for {{value}} timer siden"},"days-ago-long":{"_":"{[ plural(value) ]}","_[zero]":"i dag","_[one]":"i går","_[two]":"for {{value}} dage siden","_[few]":"for {{value}} dage siden","_[many]":"for {{value}} dage siden","_[other]":"for {{value}} dage siden"},"weeks-ago-long":{"_":"{[ plural(value) ]}","_[zero]":"denne uge","_[one]":"sidste uge","_[two]":"for {{value}} uger siden","_[few]":"for {{value}} uger siden","_[many]":"for {{value}} uger siden","_[other]":"for {{value}} uger siden"},"months-ago-long":{"_":"{[ plural(value) ]}","_[zero]":"denne måned","_[one]":"sidste måned","_[two]":"for {{value}} måneder siden","_[few]":"for {{value}} måneder siden","_[many]":"for {{value}} måneder siden","_[other]":"for {{value}} måneder siden"},"years-ago-long":{"_":"{[ plural(value) ]}","_[zero]":"dette år","_[one]":"sidste år","_[two]":"for {{value}} år siden","_[few]":"for {{value}} år siden","_[many]":"for {{value}} år siden","_[other]":"for {{value}} år siden"},"minutes-until-long":{"_":"{[ plural(value) ]}","_[zero]":"nu","_[one]":"om et minut","_[two]":"om {{value}} minutter","_[few]":"om {{value}} minutter","_[many]":"om {{value}} minutter","_[other]":"om {{value}} minutter"},"hours-until-long":{"_":"{[ plural(value) ]}","_[zero]":"nu","_[one]":"om en time","_[two]":"om {{value}} timer","_[few]":"om {{value}} timer","_[many]":"om {{value}} timer","_[other]":"om {{value}} timer"},"days-until-long":{"_":"{[ plural(value) ]}","_[zero]":"i dag","_[one]":"i morgen","_[two]":"om {{value}} dage","_[few]":"om {{value}} dage","_[many]":"om {{value}} dage","_[other]":"om {{value}} dage"},"weeks-until-long":{"_":"{[ plural(value) ]}","_[zero]":"denne uge","_[one]":"næste uge","_[two]":"om {{value}} uger","_[few]":"om {{value}} uger","_[many]":"om {{value}} uger","_[other]":"om {{value}} uger"},"months-until-long":{"_":"{[ plural(value) ]}","_[zero]":"denne måned","_[one]":"næste måned","_[two]":"om {{value}} måneder","_[few]":"om {{value}} måneder","_[many]":"om {{value}} måneder","_[other]":"om {{value}} måneder"},"years-until-long":{"_":"{[ plural(value) ]}","_[zero]":"i år","_[one]":"næste år","_[two]":"om {{value}} år","_[few]":"om {{value}} år","_[many]":"om {{value}} år","_[other]":"om {{value}} år"},"minutes-ago-short":{"_":"{[ plural(value) ]}","_[zero]":"nu","_[other]":"{{value}}m siden"},"hours-ago-short":{"_":"{[ plural(value) ]}","_[zero]":"nu","_[other]":"{{value}}t siden"},"days-ago-short":{"_":"{[ plural(value) ]}","_[zero]":"i dag","_[other]":"{{value}}d siden"},"minutes-until-short":{"_":"{[ plural(value) ]}","_[zero]":"nu","_[other]":"om {{value}}m"},"hours-until-short":{"_":"{[ plural(value) ]}","_[zero]":"nu","_[other]":"om {{value}}t"},"days-until-short":{"_":"{[ plural(value) ]}","_[zero]":"i dag","_[other]":"om {{value}}d"},"incorrectDate":{"_":"(forkert dato)"},"dateTimeFormat_%c":{"_":"%a d. %e. %b %Y %H:%M:%S"},"dateTimeFormat_%x":{"_":"%d-%m-%Y"},"dateTimeFormat_%X":{"_":"%H:%M:%S"},"shortTimeFormat":{"_":"%H:%M"},"shortDateTimeFormat":{"_":"%x %H:%M"},"weekStartsOnMonday":{"_":"1"},"time_am":{"_":"AM"},"time_pm":{"_":"PM"}}