{"topup-confirmation-title2":{"_":"Nutzung"},"topup-confirmation-message":{"_":"Guthabenaufladung bestätigt"},"topup-incorrectcode-title2":{"_":"Nutzung"},"topup-incorrectcode-message3":{"_":"Ungültiger Guthaben-Code eingegeben."},"updating":{"_":"Aktualisiert"},"updating-ellipsis":{"_":"Wird aktualisiert…"},"yesterday":{"_":"Gestern"},"today":{"_":"Heute"},"never":{"_":"Nie"},"magnitude":{"_":"{{value}} {{unit}}"},"currency":{"_":"{{currency}} {{value}}"},"widget":{"_":"Nutzungs-Widget"},"widget-authed-sim-heading":{"_":"Neue {{provider}}-SIM-Karte eingelegt"},"widget-authed-sim-meta":{"_":"Antippen, um Umfang der Telefon- und Internetnutzung aufzuzeichnen"},"widget-nonauthed-sim-heading":{"_":"Neue SIM-Karte eingelegt"},"widget-nonauthed-sim-meta":{"_":"Antippen: Datenvolumen aufzeichnen"},"widget-no-sim2-heading":{"_":"Keine SIM-Karte eingelegt"},"widget-no-sim2-meta":{"_":"Zur Benutzung eine Karte einlegen"},"widget-sim-locked-heading":{"_":"Gesperrte SIM-Karte"},"widget-sim-locked-meta":{"_":"App Nutzung benötigt entsperrte SIM"},"fte":{"_":"Nutzung - Erste Schritte"},"fte-authed-sim":{"_":"Sparen Sie Geld, indem Sie den Umfang Ihrer Telefon- und Internetnutzung aufzeichnen."},"fte-nonauthed-sim":{"_":"Sparen Sie Geld, indem Sie den Umfang Ihrer Internetnutzung aufzeichnen."},"fte-no-sim":{"_":"Erhalten Sie eindeutige Informationen, wie viel Daten Sie aus dem Internet abrufen."},"fte-sim-info2":{"_":"Die in Nutzung dargestellten Informationen kommen direkt von diesem Gerät. Detaillierte Abrechnungsinformationen stellt Ihr Mobilfunkanbieter zur Verfügung."},"fte-plantype-title":{"_":"Vertragsart"},"fte-plantype-hint":{"_":"Wählen Sie die mit Ihrem Mobilfunkanbieter geschlossene Vertragsart."},"fte-prepaid2-title":{"_":"Alarm über niedriges Guthaben"},"fte-prepaid2-hint":{"_":"Stellen Sie einen Alarm ein, um ein Aufbrauchen des Guthabens zu verhindern."},"fte-prepaid3-title":{"_":"Datenbericht und -alarm"},"fte-prepaid3-hint":{"_":"Erhalten Sie Berichte über Ihre Internetnutzung und stellen Sie einen Alarm ein, um zu hohe Datennutzung zu verhindern."},"fte-postpaid2-title":{"_":"Anruf- und Datenbericht"},"fte-postpaid2-hint":{"_":"Erhalten Sie Berichte über Ihre Anruf- und Internetnutzung."},"fte-postpaid3-title":{"_":"Datenalarm"},"fte-postpaid3-hint":{"_":"Stellen Sie einen Alarm ein, um zu hohe Datennutzung zu verhindern."},"fte-onlydata2-title":{"_":"Datenbericht"},"fte-onlydata2-hint":{"_":"Erhalten Sie Berichte über Ihre Internetnutzung."},"fte-onlydata3-title":{"_":"Datenalarm"},"fte-onlydata3-hint":{"_":"Stellen Sie einen Alarm ein, um zu hohe Datennutzung zu verhindern."},"phone-activity":{"_":"Telefonnutzung"},"balance":{"_":"Guthaben"},"on-roaming-message2":{"_":"Roaming: Keine automatische Guthabenaktualisierung. Für die manuelle Aktualisierung können Gebühren anfallen."},"balance-error-message2":{"_":"Der Guthabenstand wurde nicht korrekt aktualisiert. Bitte versuchen Sie es manuell."},"airplane-mode-error-message2":{"_":"Deaktivieren Sie den Flugmodus, um Ihren Guthabenstand zu aktualisieren oder Guthaben aufzuladen. "},"disable-airplane-mode":{"_":"Soll der Flugmodus für Guthabenaktualisierung oder Guthabenaufladung deaktiviert werden?"},"no-coverage-error-message2":{"_":"Sie benötigen Netzverbindung zum Aktualisieren Ihres Guthabenstandes oder zum Aufladen."},"top-up":{"_":"Guthabenaufladung"},"enter-top-up-code":{"_":"Geben Sie den Code zum Aufladen des Guthabens ein"},"top-up-code-explanation2":{"_":"Rubbeln Sie ihn auf der Karte frei oder finden Sie ihn direkt auf dem Rechnungsbon."},"wait-for-confirmation":{"_":"Ihnen wird eine Bestätigungsnachricht geschickt"},"incorrect-code2":{"_":"Überprüfen Sie, dass der Code korrekt ist, und versuchen Sie es erneut."},"topup-error2":{"_":"Beim Senden des Codes trat ein Problem auf. Bitte versuchen Sie es erneut."},"application-error-title":{"_":"Dienst nicht verfügbar"},"application-error-message":{"_":"Kontaktieren Sie Ihren Firmenverantwortlichen"},"service-unavailable-title":{"_":"Dienst nicht verfügbar"},"service-unavailable-message":{"_":"Weder Guthabenaktualisierung noch Guthabenaufladung ist im Moment möglich. Bitte versuchen Sie es später erneut."},"data-usage":{"_":"Datennutzung"},"update-button":{"_":"Aktualisieren"},"topup-button2":{"_":"Guthaben-Code einlösen"},"topup-ussd-button2":{"_":"Aufladen-Menü öffnen"},"ok":{"_":"OK"},"top-up-in-progress2":{"_":"Guthabenaufladung wird durchgeführt"},"top-up-timed-out2":{"_":"Aktualisieren Sie zur Bestätigung Ihren Guthabenstand. Falls er unverändert ist, so versuchen Sie erneut aufzuladen. "},"on-topup-not-confirmed-title":{"_":"Guthabenaufladung nicht bestätigt"},"on-topup-not-confirmed-message":{"_":"Versuchen Sie, Ihren Guthabenstand zu aktualisieren oder Ihr Guthaben erneut aufzuladen."},"send":{"_":"Senden"},"plantype-setup-title":{"_":"Mein Anruf- und Internettarif"},"prepaid":{"_":"Guthabenkarte (Prepaid)"},"postpaid":{"_":"Rechnung (Postpaid)"},"phoneactivity":{"_":"Anrufaktivität"},"short-date-format":{"_":"%d. %b"},"sms-sent":{"_":"SMS versandt"},"call-made":{"_":"Getätigte Anrufe"},"settings":{"_":"Einstellungen"},"low-balance-alert":{"_":"Alarm über niedriges Guthaben"},"low-balance-explanation2":{"_":"Bei Guthaben von weniger als"},"phone-and-internet-data-report":{"_":"Anruf- und Internetdatennutzungsbericht"},"starting-on":{"_":"Beginnt am"},"cancel":{"_":"Abbrechen"},"set":{"_":"Festlegen"},"set-day":{"_":"Tag festlegen"},"set-date":{"_":"Datum festlegen"},"monthly":{"_":"Monatlich"},"weekly":{"_":"Wöchentlich"},"monday":{"_":"Montag"},"tuesday":{"_":"Dienstag"},"wednesday":{"_":"Mittwoch"},"thursday":{"_":"Donnerstag"},"friday":{"_":"Freitag"},"saturday":{"_":"Samstag"},"sunday":{"_":"Sonntag"},"monday-abbr":{"_":"Mo"},"tuesday-abbr":{"_":"Di"},"wednesday-abbr":{"_":"Mi"},"thursday-abbr":{"_":"Do"},"friday-abbr":{"_":"Fr"},"saturday-abbr":{"_":"Sa"},"sunday-abbr":{"_":"So"},"billing-cycle-ends":{"_":"Rechnungszeitraum endet"},"tracking-will-reset":{"_":"Die Abrechnung wird an diesem Datum zurückgesetzt"},"yes":{"_":"Ja"},"done":{"_":"Fertig"},"confirmation":{"_":"Bestätigung"},"reset-confirmation-warning":{"_":"Alle derzeitigen Daten werden gelöscht. Soll wirklich zurückgesetzt werden?"},"reset":{"_":"Zurücksetzen"},"reset-wifi":{"_":"WLAN-Nutzung"},"reset-mobile":{"_":"Telefonnetznutzung"},"reset-all-data-usage":{"_":"Telefonnetz- und WLAN-Nutzung"},"not-set":{"_":"Nicht festgelegt"},"used":{"_":"Verbraucht"},"limit-passed":{"_":"Grenze überschritten"},"limit":{"_":"Grenze"},"data-limit-header":{"_":"Datengrenze"},"data-limit-alert":{"_":"Alarm für Datennutzung"},"data-limit-value2":{"_":"Bei Nutzung über"},"data-limit-dialog-title2":{"_":"Grenze für Alarm für mobile Datennutzung eingeben"},"data-limit-dialog-explanation2":{"_":"Die Verbindungsgeschwindigkeit wird nach dem Überschreiten dieser Grenze reduziert. Überprüfen Sie diese bei Ihrem Anbieter, um eine passende Alarmgrenze einzurichten."},"wifi-usage":{"_":"WLAN"},"mobile-usage":{"_":"Telefonnetz"},"wifi-usage-settings":{"_":"WLAN"},"mobile-usage-settings":{"_":"Telefonnetz"},"im-prepaid":{"_":"Guthabenkarte (Prepaid)"},"im-postpaid":{"_":"Rechnung"},"reset-data-usage":{"_":"Datennutzung zurücksetzen"},"reset-report":{"_":"Bericht zurücksetzen"},"next":{"_":"Weiter"},"back":{"_":"Zurück"},"lets-go":{"_":"Los geht's!"},"alert":{"_":"Alarm"},"alert-limit":{"_":"Alarmgrenze"},"fte-welcome-title":{"_":"Willkommen"},"data-limit-notification-title2":{"_":"{{limit}} Daten verbraucht"},"data-limit-notification-text2":{"_":"Die Datennutzung hat das von Ihnen festgelegte Niveau erreicht"},"low-balance-notification-title":{"_":"Niedriges Guthaben"},"low-balance-notification-text":{"_":"{{remaining}} verbleibendes Guthaben"},"zero-balance-message":{"_":"Guthaben ist bei 0 angelangt, kein Telefonguthaben verbleibend."},"not-available":{"_":"Nicht verfügbar"},"usage":{"_":"Nutzung"},"internet":{"_":"Internet"},"phone":{"_":"Telefon"},"loading-interface-data":{"_":"Benutzeroberfläche wird geladen. Bitte versuchen Sie es später noch einmal."},"chart-date-format":{"_":"%e. %b"},"verbose-chart-date-format":{"_":"{{monthday-number}}. {{em-month}}"},"day-hour-format":{"_":"{{day}} {{time}}"},"B":{"_":"Bytes"},"KB":{"_":"KB"},"MB":{"_":"MB"},"GB":{"_":"GB"},"weekday-0-long":{"_":"Sonntag"},"weekday-1-long":{"_":"Montag"},"weekday-2-long":{"_":"Dienstag"},"weekday-3-long":{"_":"Mittwoch"},"weekday-4-long":{"_":"Donnerstag"},"weekday-5-long":{"_":"Freitag"},"weekday-6-long":{"_":"Samstag"},"weekday-0-short":{"_":"So"},"weekday-1-short":{"_":"Mo"},"weekday-2-short":{"_":"Di"},"weekday-3-short":{"_":"Mi"},"weekday-4-short":{"_":"Do"},"weekday-5-short":{"_":"Fr"},"weekday-6-short":{"_":"Sa"},"month-0-long":{"_":"Januar"},"month-1-long":{"_":"Februar"},"month-2-long":{"_":"März"},"month-3-long":{"_":"April"},"month-4-long":{"_":"Mai"},"month-5-long":{"_":"Juni"},"month-6-long":{"_":"Juli"},"month-7-long":{"_":"August"},"month-8-long":{"_":"September"},"month-9-long":{"_":"Oktober"},"month-10-long":{"_":"November"},"month-11-long":{"_":"Dezember"},"month-0-genitive":{"_":"Januar"},"month-1-genitive":{"_":"Februar"},"month-2-genitive":{"_":"März"},"month-3-genitive":{"_":"April"},"month-4-genitive":{"_":"Mai"},"month-5-genitive":{"_":"Juni"},"month-6-genitive":{"_":"Juli"},"month-7-genitive":{"_":"August"},"month-8-genitive":{"_":"September"},"month-9-genitive":{"_":"Oktober"},"month-10-genitive":{"_":"November"},"month-11-genitive":{"_":"Dezember"},"month-0-short":{"_":"Jan"},"month-1-short":{"_":"Feb"},"month-2-short":{"_":"Mär"},"month-3-short":{"_":"Apr"},"month-4-short":{"_":"Mai"},"month-5-short":{"_":"Jun"},"month-6-short":{"_":"Jul"},"month-7-short":{"_":"Aug"},"month-8-short":{"_":"Sep"},"month-9-short":{"_":"Okt"},"month-10-short":{"_":"Nov"},"month-11-short":{"_":"Dez"},"minutes-ago-long":{"_":"{[ plural(value) ]}","_[zero]":"gerade eben","_[one]":"vor 1 Minute","_[two]":"vor {{value}} Minuten","_[few]":"vor {{value}} Minuten","_[many]":"vor {{value}} Minuten","_[other]":"vor {{value}} Minuten"},"hours-ago-long":{"_":"{[ plural(value) ]}","_[zero]":"gerade eben","_[one]":"vor 1 Stunde","_[two]":"vor {{value}} Stunden","_[few]":"vor {{value}} Stunden","_[many]":"vor {{value}} Stunden","_[other]":"vor {{value}} Stunden"},"days-ago-long":{"_":"{[ plural(value) ]}","_[zero]":"heute","_[one]":"gestern","_[two]":"vor {{value}} Tagen","_[few]":"vor {{value}} Tagen","_[many]":"vor {{value}} Tagen","_[other]":"vor {{value}} Tagen"},"weeks-ago-long":{"_":"{[ plural(value) ]}","_[zero]":"diese Woche","_[one]":"letzte Woche","_[two]":"vor {{value}} Wochen","_[few]":"vor {{value}} Wochen","_[many]":"vor {{value}} Wochen","_[other]":"vor {{value}} Wochen"},"months-ago-long":{"_":"{[ plural(value) ]}","_[zero]":"diesen Monat","_[one]":"letzten Monat","_[two]":"vor {{value}} Monaten","_[few]":"vor {{value}} Monaten","_[many]":"vor {{value}} Monaten","_[other]":"vor {{value}} Monaten"},"years-ago-long":{"_":"{[ plural(value) ]}","_[zero]":"dieses Jahr","_[one]":"letztes Jahr","_[two]":"vor {{value}} Jahren","_[few]":"vor {{value}} Jahren","_[many]":"vor {{value}} Jahren","_[other]":"vor {{value}} Jahren"},"minutes-until-long":{"_":"{[ plural(value) ]}","_[zero]":"jetzt","_[one]":"in 1 Minute","_[two]":"in {{value}} Minuten","_[few]":"in {{value}} Minuten","_[many]":"in {{value}} Minuten","_[other]":"in {{value}} Minuten"},"hours-until-long":{"_":"{[ plural(value) ]}","_[zero]":"jetzt","_[one]":"in einer Stunde","_[two]":"in {{value}} Stunden","_[few]":"in {{value}} Stunden","_[many]":"in {{value}} Stunden","_[other]":"in {{value}} Stunden"},"days-until-long":{"_":"{[ plural(value) ]}","_[zero]":"heute","_[one]":"morgen","_[two]":"in {{value}} Tagen","_[few]":"in {{value}} Tagen","_[many]":"in {{value}} Tagen","_[other]":"in {{value}} Tagen"},"weeks-until-long":{"_":"{[ plural(value) ]}","_[zero]":"diese Woche","_[one]":"nächste Woche","_[two]":"in {{value}} Wochen","_[few]":"in {{value}} Wochen","_[many]":"in {{value}} Wochen","_[other]":"in {{value}} Wochen"},"months-until-long":{"_":"{[ plural(value) ]}","_[zero]":"diesen Monat","_[one]":"nächsten Monat","_[two]":"in {{value}} Monaten","_[few]":"in {{value}} Monaten","_[many]":"in {{value}} Monaten","_[other]":"in {{value}} Monaten"},"years-until-long":{"_":"{[ plural(value) ]}","_[zero]":"dieses Jahr","_[one]":"nächstes Jahr","_[two]":"in {{value}} Jahren","_[few]":"in {{value}} Jahren","_[many]":"in {{value}} Jahren","_[other]":"in {{value}} Jahren"},"minutes-ago-short":{"_":"{[ plural(value) ]}","_[zero]":"jetzt","_[other]":"vor {{value}} m"},"hours-ago-short":{"_":"{[ plural(value) ]}","_[zero]":"jetzt","_[other]":"vor {{value}} h"},"days-ago-short":{"_":"{[ plural(value) ]}","_[zero]":"heute","_[other]":"vor {{value}} d"},"minutes-until-short":{"_":"{[ plural(value) ]}","_[zero]":"jetzt","_[other]":"in {{value}} m"},"hours-until-short":{"_":"{[ plural(value) ]}","_[zero]":"jetzt","_[other]":"in {{value}} h"},"days-until-short":{"_":"{[ plural(value) ]}","_[zero]":"heute","_[other]":"in {{value}} d"},"incorrectDate":{"_":"(ungültiges Datum)"},"dateTimeFormat_%c":{"_":"%a, %e. %b %Y %H:%M:%S"},"dateTimeFormat_%x":{"_":"%d.%m.%Y"},"dateTimeFormat_%X":{"_":"%H:%M:%S"},"shortTimeFormat":{"_":"%H:%M"},"shortDateTimeFormat":{"_":"%x %H:%M"},"weekStartsOnMonday":{"_":"1"},"time_am":{"_":"AM"},"time_pm":{"_":"PM"}}