{"topup-confirmation-title2":{"_":"Χρήση"},"topup-confirmation-message":{"_":"Η επέκταση επιβεβαιώθηκε"},"topup-incorrectcode-title2":{"_":"Χρήση"},"topup-incorrectcode-message3":{"_":"Εισήχθη λανθασμένος κωδικός επέκτασης."},"updating":{"_":"Ενημέρωση"},"updating-ellipsis":{"_":"Ενημέρωση…"},"yesterday":{"_":"Χθες"},"today":{"_":"Σήμερα"},"never":{"_":"Ποτέ"},"magnitude":{"_":"{{value}} {{unit}}"},"currency":{"_":"{{currency}}{{value}}"},"widget":{"_":"Widget χρήσης δεδομένων"},"widget-authed-sim-heading":{"_":"Νέα κάρτα SIM {{provider}}"},"widget-authed-sim-meta":{"_":"Πατήστε εδώ, για καταγραφή χρήσης της."},"widget-nonauthed-sim-heading":{"_":"Νέα κάρτα SIM"},"widget-nonauthed-sim-meta":{"_":"Πατήστε εδώ, για καταγραφή χρήσης της."},"widget-no-sim2-heading":{"_":"Δεν έχει εισαχθεί κάρτα SIM"},"widget-no-sim2-meta":{"_":"Εισάγετε SIM, για καταγραφή χρήσης της."},"widget-sim-locked-heading":{"_":"Κλειδωμένη κάρτα SIM"},"widget-sim-locked-meta":{"_":"Ξεκλειδώστε, για καταγραφή χρήσης της."},"fte":{"_":"Πρώτη εμπειρία χρήσης"},"fte-authed-sim":{"_":"Εξοικονομήστε χρήματα καταγράφοντας τη δραστηριότητα σας στο τηλέφωνο και στο διαδίκτυο."},"fte-nonauthed-sim":{"_":"Εξοικονομήστε χρήματα καταγράφοντας τη δραστηριότητα σας στο διαδίκτυο."},"fte-no-sim":{"_":"Λάβετε σαφείς πληροφορίες σχετικά με την ποσότητα της διαδικτυακής σας κίνησης."},"fte-sim-info2":{"_":"Οι πληροφορίες που εμφανίζονται στη Χρήση προέρχονται απευθείας από αυτή τη συσκευή. Επικοινωνήστε με τον πάροχο σας για λεπτομερείς πληροφορίες σχετικά με το λογαριασμό σας."},"fte-plantype-title":{"_":"Είδος Συμβολαίου"},"fte-plantype-hint":{"_":"Επιλέξτε το είδος του συμβολαίου που έχετε συνάψει με τον πάροχο σας."},"fte-prepaid2-title":{"_":"Ειδοποίηση Χαμηλού Υπολοίπου"},"fte-prepaid2-hint":{"_":"Ορίστε μια ειδοποίηση για να αποφύγετε να ξεμείνετε από μονάδες."},"fte-prepaid3-title":{"_":"Αναφορά και Ειδοποίηση Δεδομένων"},"fte-prepaid3-hint":{"_":"Λάβετε αναφορές για τη χρήση του διαδικτύου και ορίστε μια ειδοποίηση για να αποτρέψετε την υπέρμετρη χρήση του."},"fte-postpaid2-title":{"_":"Αναφορά Τηλεφώνου και Δεδομένων"},"fte-postpaid2-hint":{"_":"Λάβετε πληροφορίες για τη χρήση του τηλεφώνου και του διαδικτύου."},"fte-postpaid3-title":{"_":"Ειδοποίηση Δεδομένων"},"fte-postpaid3-hint":{"_":"Ορίστε μια ειδοποίηση για να αποφύγετε τη χρήση υπέρμετρου όγκου δεδομένων."},"fte-onlydata2-title":{"_":"Αναφορά Δεδομένων"},"fte-onlydata2-hint":{"_":"Λάβετε αναφορές σχετικά με τη χρήση του διαδικτύου."},"fte-onlydata3-title":{"_":"Ειδοποίηση Δεδομένων"},"fte-onlydata3-hint":{"_":"Ορίστε μια ειδοποίηση για να αποφύγετε τη χρήση υπέρμετρου όγκου δεδομένων."},"phone-activity":{"_":"Δραστηριότητα Τηλεφώνου"},"balance":{"_":"Υπόλοιπο"},"on-roaming-message2":{"_":"Περιαγωγή: καμία αυτόματη ενημέρωση υπολοίπου. Ενδέχεται να ισχύουν χρεώσεις για χειροκίνητη ενημέρωση."},"balance-error-message2":{"_":"Το υπόλοιπο δεν ενημερώθηκε σωστά. Δοκιμάστε να ανανεώσετε χειροκίνητα."},"airplane-mode-error-message2":{"_":"Απενεργοποιήστε τη λειτουργία πτήσης για να κάνετε ενημέρωση ή επέκταση υπολοίπου."},"disable-airplane-mode":{"_":"Θέλετε να απενεργοποιήσετε τη λειτουργία πτήσης ώστε να ανανεώσετε ή να κάνετε επέκταση υπολοίπου;"},"no-coverage-error-message2":{"_":"Χρειάζεστε κάλυψη δικτύου για να ενημερώσετε ή να επεκτείνετε το υπόλοιπο σας."},"top-up":{"_":"Επέκταση"},"enter-top-up-code":{"_":"Εισάγετε τον κωδικό για την επέκταση υπολοίπου"},"top-up-code-explanation2":{"_":"Βρείτε το στην κάρτα SIM ή απευθείας στο συμβόλαιο σας."},"wait-for-confirmation":{"_":"Θα λάβετε ένα μήνυμα επιβεβαίωσης"},"incorrect-code2":{"_":"Βεβαιωθείτε πως ο κωδικός είναι σωστός και δοκιμάστε ξανά."},"topup-error2":{"_":"Παρουσιάστηκε κάποιο πρόβλημα κατά την αποστολή του κωδικού. Παρακαλούμε, προσπαθήστε ξανά."},"application-error-title":{"_":"Η υπηρεσία δεν είναι διαθέσιμη"},"application-error-message":{"_":"Επικοινωνήστε με εκπρόσωπο της εταιρείας σας."},"service-unavailable-title":{"_":"Η υπηρεσία δεν είναι διαθέσιμη"},"service-unavailable-message":{"_":"Δεν είναι δυνατή αυτή τη στιγμή η ενημέρωση ή επέκταση του υπολοίπου σας. Παρακαλούμε δοκιμάστε αργότερα."},"data-usage":{"_":"Χρήση δεδομένων"},"update-button":{"_":"Ενημέρωση"},"topup-button2":{"_":"Χρήση κωδικού επέκτασης"},"topup-ussd-button2":{"_":"Άνοιγμα καταλόγου επέκτασης"},"ok":{"_":"ΟΚ"},"top-up-in-progress2":{"_":"Η επέκταση υπολοίπου σας βρίσκεται σε επεξεργασία."},"top-up-timed-out2":{"_":"Ενημερώστε το υπόλοιπο σας για επιβεβαίωση. Αν το υπόλοιπο σας δεν έχει μεταβληθεί, δοκιμάστε την επέκταση υπολοίπου ξανά."},"on-topup-not-confirmed-title":{"_":"Η επέκταση δεν επιβεβαιώθηκε"},"on-topup-not-confirmed-message":{"_":"Δοκιμάστε να ανανεώσετε το υπόλοιπο σας ή ξαναδοκιμάστε την επέκταση υπολοίπου"},"send":{"_":"αποστολή"},"plantype-setup-title":{"_":"Το πρόγραμμα μου για το τηλέφωνο και το διαδίκτυο είναι"},"prepaid":{"_":"Καρτοκινητής"},"postpaid":{"_":"Συμβολαίου"},"phoneactivity":{"_":"Δραστηριότητα τηλεφώνου"},"short-date-format":{"_":"%b %d"},"sms-sent":{"_":"Το μήνυμα εστάλη"},"call-made":{"_":"Εξερχόμενες κλήσεις"},"settings":{"_":"Ρυθμίσεις"},"low-balance-alert":{"_":"Ειδοποίηση χαμηλού υπολοίπου"},"low-balance-explanation2":{"_":"Όταν το υπόλοιπο είναι κάτω από"},"phone-and-internet-data-report":{"_":"Αναφορές δεδομένων τηλεφώνου και διαδικτύου"},"starting-on":{"_":"Έναρξη την"},"cancel":{"_":"Ακύρωση"},"set":{"_":"Ρύθμιση"},"set-day":{"_":"Ρυθμίστε την ημέρα"},"set-date":{"_":"Ρυθμίστε την ημερομηνία"},"monthly":{"_":"Μηνιαία"},"weekly":{"_":"Εβδομαδιαία"},"monday":{"_":"Δευτέρα"},"tuesday":{"_":"Τρίτη"},"wednesday":{"_":"Τετάρτη"},"thursday":{"_":"Πέμπτη"},"friday":{"_":"Παρασκευή"},"saturday":{"_":"Σάββατο"},"sunday":{"_":"Κυριακή"},"monday-abbr":{"_":"Δευ"},"tuesday-abbr":{"_":"Τρι"},"wednesday-abbr":{"_":"Τετ"},"thursday-abbr":{"_":"Πεμ"},"friday-abbr":{"_":"Παρ"},"saturday-abbr":{"_":"Σαβ"},"sunday-abbr":{"_":"Κυρ"},"billing-cycle-ends":{"_":"Μια περίοδος πληρωμής τελειώνει"},"tracking-will-reset":{"_":"Θα γίνει επαναφορά της καταγραφής σε αυτή την ημερομηνία"},"yes":{"_":"Ναι"},"done":{"_":"ΟΚ"},"confirmation":{"_":"Επιβεβαίωση"},"reset-confirmation-warning":{"_":"Όλα τα τρέχοντα δεδομένα θα διαγραφούν. Είστε βέβαιοι ότι θέλετε να γίνει επανεκκίνηση;"},"reset":{"_":"Επανεκκίνηση"},"reset-wifi":{"_":"Επαναφορά χρήσης Wi-Fi"},"reset-mobile":{"_":"Επαναφορά χρήσης κινητής"},"reset-all-data-usage":{"_":"Επαναφορά δεδομένων κινητής & Wi-Fi"},"not-set":{"_":"Μη ορισμένο"},"used":{"_":"Σε χρήση"},"limit-passed":{"_":"Το όριο παρήλθε"},"limit":{"_":"Όριο"},"data-limit-header":{"_":"Όριο χρήσης"},"data-limit-alert":{"_":"Ειδοποίηση χρήσης δεδομένων"},"data-limit-value2":{"_":"Για χρήση πάνω από"},"data-limit-dialog-title2":{"_":"Ενεργοποίηση της ειδοποίησης υπέρβασης όριου των δεδομένων δικτύου"},"data-limit-dialog-explanation2":{"_":"Οι ταχύτητες της σύνδεσης μειώνονται μόλις το όριο ξεπεραστεί. Επικοινωνήστε με τον πάροχο σας για να καθορίσετε ένα κατάλληλο επίπεδο ειδοποίησης."},"wifi-usage":{"_":"Χρήση Wi-Fi"},"mobile-usage":{"_":"Χρήση δεδομένων"},"wifi-usage-settings":{"_":"Wi-Fi usage"},"mobile-usage-settings":{"_":"Mobile usage"},"im-prepaid":{"_":"Είμαι χρήστης καρτοκινητής"},"im-postpaid":{"_":"Είμαι συνδρομητής συμβολαίου"},"reset-data-usage":{"_":"Επαναφορά χρήσης δεδομένων"},"reset-report":{"_":"Επανεκκίνηση αναφοράς"},"next":{"_":"Επόμενο"},"back":{"_":"Πίσω"},"lets-go":{"_":"Έναρξη!"},"alert":{"_":"Ειδοποίηση"},"alert-limit":{"_":"Όριο ειδοποίησης"},"fte-welcome-title":{"_":"Καλώς ήρθατε"},"data-limit-notification-title2":{"_":"{{limit}} χρήσης δεδομένων"},"data-limit-notification-text2":{"_":"Έχετε φθάσει στο όριο που επιλέξατε"},"low-balance-notification-title":{"_":"Χαμηλό υπόλοιπο"},"low-balance-notification-text":{"_":"απομένουν {{remaining}} τηλεφωνικές μονάδες"},"zero-balance-message":{"_":"Το υπόλοιπο σας εξαντλήθηκε, δεν υπολείπονται μονάδες"},"not-available":{"_":"Μη διαθέσιμο"},"usage":{"_":"Χρήση"},"internet":{"_":"Διαδίκτυο"},"phone":{"_":"Τηλέφωνο"},"loading-interface-data":{"_":"Φόρτωση δεδομένων. Παρακαλώ προσπαθήστε ξανά σε λίγο."},"chart-date-format":{"_":"%e %b"},"verbose-chart-date-format":{"_":"{{monthday-number}} {{em-month}}"},"day-hour-format":{"_":"{{day}}, {{time}}"},"B":{"_":"B"},"KB":{"_":"KB"},"MB":{"_":"MB"},"GB":{"_":"GB"},"telephony":{"_":"Τηλεφωνία"},"tracking-period-setup-title":{"_":"Επαναφορά της καταγραφής"},"weekday-reset-setup-title":{"_":"Επιλέξτε την ημέρα έναρξης της περιόδου"},"reset-monthday-setup-title":{"_":"Επιλέξτε την ημερομηνία έναρξης της περιόδου"},"3g-data-usage":{"_":"Χρήση δεδομένων 3G"},"3g-usage":{"_":"Χρήση 3G"},"select-plan-type":{"_":"Επιλέξτε τον τύπο του προγράμματος σας"},"im-prepaid-controle":{"_":"Είμαι συνδρομητής καρτοσυμβολαίου"},"set-balance-reminders":{"_":"Ορίστε υπενθυμίσεις υπολοίπου"},"set-internet-report":{"_":"Ορίστε αναφορές και υπενθυμίσεις μέσω διαδικτύου"},"set-internet-reminders":{"_":"Ορίστε υπενθυμίσεις μέσω διαδικτύου"},"set-a-data-use-reminder":{"_":"Ορίστε μια υπενθύμιση χρήσης δεδομένων"},"set-data-report-and-reminder":{"_":"Ορίστε αναφορά δεδομένων και υπενθύμιση"},"set-internet-data-report":{"_":"Ορίστε αναφορά δεδομένων διαδικτύου"},"reset-tracking":{"_":"Επαναφορά καταγραφής"},"fte-welcome-message":{"_":"Ξεκινήστε την καταγραφή της δραστηριότητας του τηλεφώνου και των δεδομένων σας."},"new-sim-inserted":{"_":"Νέα κάρτα SIM"},"new-sim-inserted-carrier":{"_":"Νέα κάρτα SIM {{carrier}}"},"new-sim-inserted-all-available":{"_":"Ρύθμιση αναφορών τηλεφώνου και δεδομένων"},"new-sim-inserted-only-data-available":{"_":"Η αναφορά τηλεφώνου δεν είναι διαθέσιμη, ρυθμίστε την αναφορά δεδομένων"},"em-month-0":{"_":"ΙΑΝ"},"em-month-1":{"_":"ΦΕΒ"},"em-month-2":{"_":"ΜΑΡ"},"em-month-3":{"_":"ΑΠΡ"},"em-month-4":{"_":"ΜΑΙ"},"em-month-5":{"_":"ΙΟΥΝ"},"em-month-6":{"_":"ΙΟΥΛ"},"em-month-7":{"_":"ΑΥΓ"},"em-month-8":{"_":"ΣΕΠ"},"em-month-9":{"_":"ΟΚΤ"},"em-month-10":{"_":"ΝΟΕ"},"em-month-11":{"_":"ΔΕΚ"},"weekday-0-long":{"_":"Κυριακή"},"weekday-1-long":{"_":"Δευτέρα"},"weekday-2-long":{"_":"Τρίτη"},"weekday-3-long":{"_":"Τετάρτη"},"weekday-4-long":{"_":"Πέμπτη"},"weekday-5-long":{"_":"Παρασκευή"},"weekday-6-long":{"_":"Σάββατο"},"weekday-0-short":{"_":"Κυρ"},"weekday-1-short":{"_":"Δευ"},"weekday-2-short":{"_":"Τρι"},"weekday-3-short":{"_":"Τετ"},"weekday-4-short":{"_":"Πεμ"},"weekday-5-short":{"_":"Παρ"},"weekday-6-short":{"_":"Σαβ"},"month-0-long":{"_":"Ιανουάριος"},"month-1-long":{"_":"Φεβρουάριος"},"month-2-long":{"_":"Μάρτιος"},"month-3-long":{"_":"Απρίλιος"},"month-4-long":{"_":"Μάιος"},"month-5-long":{"_":"Ιούνιος"},"month-6-long":{"_":"Ιούλιος"},"month-7-long":{"_":"Αύγουστος"},"month-8-long":{"_":"Σεπτέμβριος"},"month-9-long":{"_":"Οκτώβριος"},"month-10-long":{"_":"Νοέμβριος"},"month-11-long":{"_":"Δεκέμβριος"},"month-0-genitive":{"_":"Ιανουαρίου"},"month-1-genitive":{"_":"Φεβρουαρίου"},"month-2-genitive":{"_":"Μαρτίου"},"month-3-genitive":{"_":"Απριλίου"},"month-4-genitive":{"_":"Μαΐου"},"month-5-genitive":{"_":"Ιουνίου"},"month-6-genitive":{"_":"Ιουλίου"},"month-7-genitive":{"_":"Αυγούστου"},"month-8-genitive":{"_":"Σεπτεμβρίου"},"month-9-genitive":{"_":"Οκτωβρίου"},"month-10-genitive":{"_":"Νοεμβρίου"},"month-11-genitive":{"_":"Δεκεμβρίου"},"month-0-short":{"_":"Ιαν"},"month-1-short":{"_":"Φεβ"},"month-2-short":{"_":"Μαρ"},"month-3-short":{"_":"Απρ"},"month-4-short":{"_":"Μάι"},"month-5-short":{"_":"Ιουν"},"month-6-short":{"_":"Ιουλ"},"month-7-short":{"_":"Αυγ"},"month-8-short":{"_":"Σεπ"},"month-9-short":{"_":"Οκτ"},"month-10-short":{"_":"Νοε"},"month-11-short":{"_":"Δεκ"},"minutes-ago-long":{"_":"{[ plural(value) ]}","_[zero]":"μόλις τώρα","_[one]":"πριν από ένα λεπτό","_[two]":"πριν από {{value}} λεπτά","_[few]":"πριν από {{value}} λεπτά","_[many]":"πριν από {{value}} λεπτά","_[other]":"πριν από {{value}} λεπτά"},"hours-ago-long":{"_":"{[ plural(value) ]}","_[zero]":"μόλις τώρα","_[one]":"πριν από μία ώρα","_[two]":"πριν από {{value}} ώρες","_[few]":"πριν από {{value}} ώρες","_[many]":"πριν από {{value}} ώρες","_[other]":"πριν από {{value}} ώρες"},"days-ago-long":{"_":"{[ plural(value) ]}","_[zero]":"σήμερα","_[one]":"χθες","_[two]":"πριν από {{value}} ημέρες","_[few]":"πριν από {{value}} ημέρες","_[many]":"πριν από {{value}} ημέρες","_[other]":"πριν από {{value}} ημέρες"},"weeks-ago-long":{"_":"{[ plural(value) ]}","_[zero]":"αυτή την εβδομάδα","_[one]":"την τελευταία εβδομάδα","_[two]":"πριν από {{value}} εβδομάδες","_[few]":"πριν από {{value}} εβδομάδες","_[many]":"πριν από {{value}} εβδομάδες","_[other]":"πριν από {{value}} εβδομάδες"},"months-ago-long":{"_":"{[ plural(value) ]}","_[zero]":"αυτό τον μήνα","_[one]":"τον τελευταίο μήνα","_[two]":"πριν από {{value}} μήνες","_[few]":"πριν από {{value}} μήνες","_[many]":"πριν από {{value}} μήνες","_[other]":"πριν από {{value}} μήνες"},"years-ago-long":{"_":"{[ plural(value) ]}","_[zero]":"αυτό το έτος","_[one]":"το περασμένο έτος","_[two]":"πριν από {{value}} χρόνια","_[few]":"πριν από {{value}} χρόνια","_[many]":"πριν από {{value}} χρόνια","_[other]":"πριν από {{value}} χρόνια"},"minutes-until-long":{"_":"{[ plural(value) ]}","_[zero]":"τώρα","_[one]":"σε ένα λεπτό","_[two]":"σε {{value}} λεπτά","_[few]":"σε {{value}} λεπτά","_[many]":"σε {{value}} λεπτά","_[other]":"σε {{value}} λεπτά"},"hours-until-long":{"_":"{[ plural(value) ]}","_[zero]":"τώρα","_[one]":"σε μία ώρα","_[two]":"σε {{value}} ώρες","_[few]":"σε {{value}} ώρες","_[many]":"σε {{value}} ώρες","_[other]":"σε {{value}} ώρες"},"days-until-long":{"_":"{[ plural(value) ]}","_[zero]":"σήμερα","_[one]":"αύριο","_[two]":"σε {{value}} ημέρες","_[few]":"σε {{value}} ημέρες","_[many]":"σε {{value}} ημέρες","_[other]":"σε {{value}} ημέρες"},"weeks-until-long":{"_":"{[ plural(value) ]}","_[zero]":"αυτή την εβδομάδα","_[one]":"την επόμενη εβδομάδα","_[two]":"σε {{value}} εβδομάδες","_[few]":"σε {{value}} εβδομάδες","_[many]":"σε {{value}} εβδομάδες","_[other]":"σε {{value}} εβδομάδες"},"months-until-long":{"_":"{[ plural(value) ]}","_[zero]":"αυτό τον μήνα","_[one]":"στον επόμενο μήνα","_[two]":"σε {{value}} μήνες","_[few]":"σε {{value}} μήνες","_[many]":"σε {{value}} μήνες","_[other]":"σε {{value}} μήνες"},"years-until-long":{"_":"{[ plural(value) ]}","_[zero]":"αυτό το έτος","_[one]":"επόμενο έτος","_[two]":"σε {{value}} έτη","_[few]":"σε {{value}} έτη","_[many]":"σε {{value}} έτη","_[other]":"σε {{value}} έτη"},"minutes-ago-short":{"_":"{[ plural(value) ]}","_[zero]":"τώρα","_[other]":"πριν {{value}}′"},"hours-ago-short":{"_":"{[ plural(value) ]}","_[zero]":"τώρα","_[other]":"πριν {{value}} ώρ."},"days-ago-short":{"_":"{[ plural(value) ]}","_[zero]":"σήμερα","_[other]":"πριν {{value}} ημ."},"minutes-until-short":{"_":"{[ plural(value) ]}","_[zero]":"τώρα","_[other]":"σε {{value}}′"},"hours-until-short":{"_":"{[ plural(value) ]}","_[zero]":"τώρα","_[other]":"σε {{value}} ώρ."},"days-until-short":{"_":"{[ plural(value) ]}","_[zero]":"σήμερα","_[other]":"σε {{value}} ημ."},"incorrectDate":{"_":"(λάθος ημερομηνία)"},"dateTimeFormat_%c":{"_":"%a, %e %Eb %Y, %H:%M:%S"},"dateTimeFormat_%x":{"_":"%d/%m/%Y"},"dateTimeFormat_%X":{"_":"%H:%M:%S"},"shortTimeFormat":{"_":"%H:%M"},"shortDateTimeFormat":{"_":"%x %H:%M"},"weekStartsOnMonday":{"_":"0"},"time_am":{"_":"AM"},"time_pm":{"_":"PM"}}