{"topup-confirmation-title2":{"_":"Consumos"},"topup-confirmation-message":{"_":"Recarga confirmada"},"topup-incorrectcode-title2":{"_":"Consumos"},"topup-incorrectcode-message3":{"_":"Código de recarga incorrecto."},"updating":{"_":"Actualizando"},"updating-ellipsis":{"_":"Actualizando…"},"yesterday":{"_":"Ayer"},"today":{"_":"Hoy"},"never":{"_":"Nunca"},"magnitude":{"_":"{{value}} {{unit}}"},"currency":{"_":"{{currency}}{{value}}"},"widget":{"_":"Widget Consumos"},"widget-authed-sim-heading":{"_":"Nueva SIM de {{provider}} insertada"},"widget-authed-sim-meta":{"_":"Pulse para monitorizar el consumo del teléfono e Internet."},"widget-nonauthed-sim-heading":{"_":"Nueva SIM insertada"},"widget-nonauthed-sim-meta":{"_":"Pulse para ver el consumo de Internet."},"widget-no-sim2-heading":{"_":"No hay SIM insertada"},"widget-no-sim2-meta":{"_":"Inserte SIM para activar Consumos."},"widget-sim-locked-heading":{"_":"Tarjeta SIM bloqueada"},"widget-sim-locked-meta":{"_":"Desbloquee la SIM para activar Consumos."},"fte":{"_":"Primera experiencia con Consumos"},"fte-authed-sim":{"_":"Ahorre dinero monitorizando el consumo del teléfono e Internet."},"fte-nonauthed-sim":{"_":"Ahorre dinero monitorizando el consumo de Internet."},"fte-no-sim":{"_":"Obtenga información clara sobre cuántos datos está usando."},"fte-sim-info2":{"_":"La información que se muestra en Consumos procede directamente de este dispositivo. Solicite más información sobre su cuenta a su proveedor de servicios móviles."},"fte-plantype-title":{"_":"Tipo de contrato"},"fte-plantype-hint":{"_":"Seleccione el tipo de contrato que tiene con su proveedor de servicios móviles."},"fte-prepaid2-title":{"_":"Alerta de saldo bajo"},"fte-prepaid2-hint":{"_":"Configure una alerta para evitar quedarse sin crédito."},"fte-prepaid3-title":{"_":"Informe de datos y alerta"},"fte-prepaid3-hint":{"_":"Reciba informes sobre el consumo de Internet y configure una alerta para evitar un uso excesivo."},"fte-postpaid2-title":{"_":"Informe de datos y teléfono"},"fte-postpaid2-hint":{"_":"Reciba informes sobre el consumo del teléfono e Internet."},"fte-postpaid3-title":{"_":"Alerta de datos"},"fte-postpaid3-hint":{"_":"Configure una alerta para evitar el consumo excesivo de datos."},"fte-onlydata2-title":{"_":"Informe de datos"},"fte-onlydata2-hint":{"_":"Reciba informes sobre el consumo de Internet."},"fte-onlydata3-title":{"_":"Alerta de datos"},"fte-onlydata3-hint":{"_":"Configure una alerta para evitar el consumo excesivo de datos."},"phone-activity":{"_":"Actividad del teléfono"},"balance":{"_":"Saldo"},"on-roaming-message2":{"_":"Itinerancia: su saldo no se actualiza automáticamente. Puede ser que le cobren por actualizarlo manualmente."},"balance-error-message2":{"_":"El saldo no se actualizó correctamente. Pruebe a hacerlo manualmente."},"airplane-mode-error-message2":{"_":"Desactive el modo avión para actualizar su saldo o recargar."},"disable-airplane-mode":{"_":"¿Desea desactivar el modo avión para actualizar o recargar?"},"no-coverage-error-message2":{"_":"Necesita tener cobertura para actualizar su saldo o recargar."},"top-up":{"_":"Recargar"},"enter-top-up-code":{"_":"Escriba el código de recarga"},"top-up-code-explanation2":{"_":"Lo verá en el rasca de la tarjeta o directamente en su factura."},"wait-for-confirmation":{"_":"Recibirá un mensaje de confirmación"},"incorrect-code2":{"_":"Asegúrese de que el código es correcto y pruebe de nuevo."},"topup-error2":{"_":"Hubo un problema al enviar el código. Inténtelo más tarde."},"application-error-title":{"_":"Servicio no disponible"},"application-error-message":{"_":"Contacte con el representante de su operador"},"service-unavailable-title":{"_":"Servicio no disponible"},"service-unavailable-message":{"_":"En este momento no es posible actualizar ni recargar. Inténtelo más tarde."},"data-usage":{"_":"Uso de datos"},"update-button":{"_":"Actualizar"},"topup-button2":{"_":"Usar código de recarga"},"topup-ussd-button2":{"_":"Abrir menú de recargas"},"ok":{"_":"Aceptar"},"top-up-in-progress2":{"_":"Se está procesando su recarga."},"top-up-timed-out2":{"_":"Actualice su saldo para confirmar. Si el saldo no varía, pruebe a recargar de nuevo."},"on-topup-not-confirmed-title":{"_":"Recarga sin confirmar"},"on-topup-not-confirmed-message":{"_":"Pruebe a actualizar su saldo o a recargar de nuevo."},"send":{"_":"enviar"},"plantype-setup-title":{"_":"El plan de mi teléfono e Internet es"},"prepaid":{"_":"Prepago"},"postpaid":{"_":"Pospago"},"phoneactivity":{"_":"Actividad del teléfono"},"short-date-format":{"_":"%d de %b"},"sms-sent":{"_":"SMS enviados"},"call-made":{"_":"Llamadas realizadas"},"settings":{"_":"Ajustes"},"low-balance-alert":{"_":"Alerta de saldo bajo"},"low-balance-explanation2":{"_":"Cuando el saldo sea inferior a"},"phone-and-internet-data-report":{"_":"Informe de datos y teléfono"},"starting-on":{"_":"A partir del"},"cancel":{"_":"Cancelar"},"set":{"_":"Establecer"},"set-day":{"_":"Establecer día"},"set-date":{"_":"Establecer fecha"},"monthly":{"_":"Mes"},"weekly":{"_":"Semana"},"monday":{"_":"lunes"},"tuesday":{"_":"martes"},"wednesday":{"_":"miércoles"},"thursday":{"_":"jueves"},"friday":{"_":"viernes"},"saturday":{"_":"sábado"},"sunday":{"_":"domingo"},"monday-abbr":{"_":"lu"},"tuesday-abbr":{"_":"ma"},"wednesday-abbr":{"_":"mi"},"thursday-abbr":{"_":"ju"},"friday-abbr":{"_":"vi"},"saturday-abbr":{"_":"sá"},"sunday-abbr":{"_":"do"},"billing-cycle-ends":{"_":"El ciclo de facturación termina"},"tracking-will-reset":{"_":"El seguimiento se restablecerá en esta fecha"},"yes":{"_":"Sí"},"done":{"_":"Hecho"},"confirmation":{"_":"Confirmación"},"reset-confirmation-warning":{"_":"Se eliminarán todos los datos actuales. ¿Seguro que desea restablecer?"},"reset":{"_":"Restablecer"},"reset-wifi":{"_":"Restablecer consumo wifi"},"reset-mobile":{"_":"Restablecer consumo móvil"},"reset-all-data-usage":{"_":"Restablecer datos wifi y móviles"},"not-set":{"_":"No establecido"},"used":{"_":"Utilizado"},"limit-passed":{"_":"Límite superado"},"limit":{"_":"Límite"},"data-limit-header":{"_":"Límite de uso"},"data-limit-alert":{"_":"Alerta sobre uso de datos"},"data-limit-value2":{"_":"Cuando el uso sea superior a"},"data-limit-dialog-title2":{"_":"Límite de alerta de datos móviles"},"data-limit-dialog-explanation2":{"_":"La velocidad de conexión se suele reducir cuando se llega al límite. Compruebe con su proveedor de datos el nivel de alerta apropiado."},"wifi-usage":{"_":"Uso de wifi"},"mobile-usage":{"_":"Uso móvil"},"wifi-usage-settings":{"_":"Uso de wifi"},"mobile-usage-settings":{"_":"Uso móvil"},"im-prepaid":{"_":"Soy de prepago"},"im-postpaid":{"_":"Soy de pospago"},"reset-data-usage":{"_":"Restablecer consumo de datos"},"reset-report":{"_":"Restablecer informe"},"next":{"_":"Siguiente"},"back":{"_":"Atrás"},"lets-go":{"_":"¡Adelante!"},"alert":{"_":"Alerta"},"alert-limit":{"_":"Límite de alerta"},"fte-welcome-title":{"_":"Bienvenido"},"data-limit-notification-title2":{"_":"{{limit}} de datos usados"},"data-limit-notification-text2":{"_":"Ha alcanzado el límite establecido"},"low-balance-notification-title":{"_":"Saldo bajo"},"low-balance-notification-text":{"_":"Le quedan {{remaining}} de crédito"},"zero-balance-message":{"_":"El saldo ha llegado a cero, no le queda crédito."},"not-available":{"_":"No disponible"},"usage":{"_":"Consumos"},"internet":{"_":"Internet"},"phone":{"_":"Teléfono"},"loading-interface-data":{"_":"Cargando datos de interfaz. Vuelva a intentarlo pasados unos minutos."},"chart-date-format":{"_":"%e %b"},"verbose-chart-date-format":{"_":"{{monthday-number}}-{{em-month}}"},"day-hour-format":{"_":"{{day}}, {{time}}"},"B":{"_":"B"},"KB":{"_":"Kb"},"MB":{"_":"Mb"},"GB":{"_":"Gb"},"weekday-0-long":{"_":"domingo"},"weekday-1-long":{"_":"lunes"},"weekday-2-long":{"_":"martes"},"weekday-3-long":{"_":"miércoles"},"weekday-4-long":{"_":"jueves"},"weekday-5-long":{"_":"viernes"},"weekday-6-long":{"_":"sábado"},"weekday-0-short":{"_":"do."},"weekday-1-short":{"_":"lu."},"weekday-2-short":{"_":"ma."},"weekday-3-short":{"_":"mi."},"weekday-4-short":{"_":"ju."},"weekday-5-short":{"_":"vi."},"weekday-6-short":{"_":"sá."},"month-0-long":{"_":"enero"},"month-1-long":{"_":"febrero"},"month-2-long":{"_":"marzo"},"month-3-long":{"_":"abril"},"month-4-long":{"_":"mayo"},"month-5-long":{"_":"junio"},"month-6-long":{"_":"julio"},"month-7-long":{"_":"agosto"},"month-8-long":{"_":"septiembre"},"month-9-long":{"_":"octubre"},"month-10-long":{"_":"noviembre"},"month-11-long":{"_":"diciembre"},"month-0-genitive":{"_":"enero"},"month-1-genitive":{"_":"febrero"},"month-2-genitive":{"_":"marzo"},"month-3-genitive":{"_":"abril"},"month-4-genitive":{"_":"mayo"},"month-5-genitive":{"_":"junio"},"month-6-genitive":{"_":"julio"},"month-7-genitive":{"_":"agosto"},"month-8-genitive":{"_":"septiembre"},"month-9-genitive":{"_":"octubre"},"month-10-genitive":{"_":"noviembre"},"month-11-genitive":{"_":"diciembre"},"month-0-short":{"_":"ene."},"month-1-short":{"_":"feb."},"month-2-short":{"_":"mar."},"month-3-short":{"_":"abr."},"month-4-short":{"_":"may."},"month-5-short":{"_":"jun."},"month-6-short":{"_":"jul."},"month-7-short":{"_":"ago."},"month-8-short":{"_":"sep."},"month-9-short":{"_":"oct."},"month-10-short":{"_":"nov."},"month-11-short":{"_":"dic."},"minutes-ago-long":{"_":"{[ plural(value) ]}","_[zero]":"ahora","_[one]":"hace un minuto","_[two]":"hace {{value}} minutos","_[few]":"hace {{value}} minutos","_[many]":"hace {{value}} minutos","_[other]":"hace {{value}} minutos"},"hours-ago-long":{"_":"{[ plural(value) ]}","_[zero]":"ahora","_[one]":"hace una hora","_[two]":"hace {{value}} horas","_[few]":"hace {{value}} horas","_[many]":"hace {{value}} horas","_[other]":"hace {{value}} horas"},"days-ago-long":{"_":"{[ plural(value) ]}","_[zero]":"hoy","_[one]":"ayer","_[two]":"hace {{value}} días","_[few]":"hace {{value}} días","_[many]":"hace {{value}} días","_[other]":"hace {{value}} días"},"weeks-ago-long":{"_":"{[ plural(value) ]}","_[zero]":"esta semana","_[one]":"la semana pasada","_[two]":"hace {{value}} semanas","_[few]":"hace {{value}} semanas","_[many]":"hace {{value}} semanas","_[other]":"hace {{value}} semanas"},"months-ago-long":{"_":"{[ plural(value) ]}","_[zero]":"este mes","_[one]":"el último mes","_[two]":"hace {{value}} meses","_[few]":"hace {{value}} meses","_[many]":"hace {{value}} meses","_[other]":"hace {{value}} meses"},"years-ago-long":{"_":"{[ plural(value) ]}","_[zero]":"este año","_[one]":"último año","_[two]":"hace {{value}} años","_[few]":"hace {{value}} años","_[many]":"hace {{value}} años","_[other]":"hace {{value}} años"},"minutes-until-long":{"_":"{[ plural(value) ]}","_[zero]":"ahora","_[one]":"en un minuto","_[two]":"en {{value}} minutos","_[few]":"en {{value}} minutos","_[many]":"en {{value}} minutos","_[other]":"en {{value}} minutos"},"hours-until-long":{"_":"{[ plural(value) ]}","_[zero]":"ahora","_[one]":"en una hora","_[two]":"en {{value}} horas","_[few]":"en {{value}} horas","_[many]":"en {{value}} horas","_[other]":"en {{value}} horas"},"days-until-long":{"_":"{[ plural(value) ]}","_[zero]":"hoy","_[one]":"mañana","_[two]":"en {{value}} días","_[few]":"en {{value}} días","_[many]":"en {{value}} días","_[other]":"en {{value}} días"},"weeks-until-long":{"_":"{[ plural(value) ]}","_[zero]":"esta semana","_[one]":"la próxima semana","_[two]":"en {{value}} semanas","_[few]":"en {{value}} semanas","_[many]":"en {{value}} semanas","_[other]":"en {{value}} semanas"},"months-until-long":{"_":"{[ plural(value) ]}","_[zero]":"este mes","_[one]":"próximo mes","_[two]":"en {{value}} meses","_[few]":"en {{value}} meses","_[many]":"en {{value}} meses","_[other]":"en {{value}} meses"},"years-until-long":{"_":"{[ plural(value) ]}","_[zero]":"este año","_[one]":"próximo año","_[two]":"en {{value}} años","_[few]":"en {{value}} años","_[many]":"en {{value}} años","_[other]":"en {{value}} años"},"minutes-ago-short":{"_":"{[ plural(value) ]}","_[zero]":"ahora","_[other]":"hace {{value}} m"},"hours-ago-short":{"_":"{[ plural(value) ]}","_[zero]":"ahora","_[other]":"hace {{value}} h"},"days-ago-short":{"_":"{[ plural(value) ]}","_[zero]":"hoy","_[other]":"hace {{value}} d"},"minutes-until-short":{"_":"{[ plural(value) ]}","_[zero]":"ahora","_[other]":"en {{value}} m"},"hours-until-short":{"_":"{[ plural(value) ]}","_[zero]":"ahora","_[other]":"en {{value}} h"},"days-until-short":{"_":"{[ plural(value) ]}","_[zero]":"hoy","_[other]":"en {{value}} d"},"incorrectDate":{"_":"(fecha incorrecta)"},"dateTimeFormat_%c":{"_":"%a, %e de %b, %Y %H:%M:%S"},"dateTimeFormat_%x":{"_":"%d/%m/%Y"},"dateTimeFormat_%X":{"_":"%H:%M:%S"},"shortTimeFormat":{"_":"%H:%M"},"shortDateTimeFormat":{"_":"%x %H:%M %p"},"weekStartsOnMonday":{"_":"1"},"time_am":{"_":"AM"},"time_pm":{"_":"PM"}}