{"topup-confirmation-title2":{"_":"Kontsumoa"},"topup-confirmation-message":{"_":"Karga berretsita"},"topup-incorrectcode-title2":{"_":"Kontsumoa"},"topup-incorrectcode-message3":{"_":"Kargatzeko kode okerra sartu da."},"updating":{"_":"Eguneratzen"},"updating-ellipsis":{"_":"Eguneratzen…"},"yesterday":{"_":"Atzo"},"today":{"_":"Gaur"},"never":{"_":"Inoiz ez"},"magnitude":{"_":"{{value}} {{unit}}"},"currency":{"_":"{{value}}{{currency}}"},"widget":{"_":"Kontsumoaren widgeta"},"widget-authed-sim-heading":{"_":"{{provider}} SIM berria sartuta"},"widget-authed-sim-meta":{"_":"Sakatu zure telefono- eta Internet-kontsumoaren jarraipena egiteko."},"widget-nonauthed-sim-heading":{"_":"SIM berria sartuta"},"widget-nonauthed-sim-meta":{"_":"Sakatu zure Internet-kontsumoaren jarraipena egiteko."},"widget-no-sim2-heading":{"_":"SIMik ez sartuta"},"widget-no-sim2-meta":{"_":"Sartu SIMa kontsumoa gaitzeko"},"widget-sim-locked-heading":{"_":"SIM txartela blokeatuta"},"widget-sim-locked-meta":{"_":"Desblokeatu zure SIMa kontsumoa gaitzeko."},"fte":{"_":"Kontsumoaren lehen aldiko esperientzia"},"fte-authed-sim":{"_":"Aurreztu dirua zure telefono- eta Internet-kontsumoaren jarraipena eginez."},"fte-nonauthed-sim":{"_":"Aurreztu dirua zure Internet-kontsumoaren jarraipena eginez."},"fte-no-sim":{"_":"Eskuratu erabiltzen duzun Internet datu kopuruaren informazio zehatza."},"fte-sim-info2":{"_":"Erakutsitako kontsumo-informazioa gailu honetatik dator zuzenean. Kontu-informazio xehetuak eskuratzeko egiaztatu zure mugikorreko zerbitzu-hornitzailearekin."},"fte-plantype-title":{"_":"Kontratu mota"},"fte-plantype-hint":{"_":"Hautatu zure mugikorreko zerbitzu-hornitzailearekin daukazun kontratu mota."},"fte-prepaid2-title":{"_":"Saldo baxuaren alerta"},"fte-prepaid2-hint":{"_":"Ezarri alerta krediturik gabe geratzea saihesteko."},"fte-prepaid3-title":{"_":"Datuen txostena eta alerta"},"fte-prepaid3-hint":{"_":"Jaso zure Internet-kontsumoaren inguruko txostenak eta ezarri alerta datu gehiegi erabiltzea saihesteko."},"fte-postpaid2-title":{"_":"Telefonoaren eta datuen txostena"},"fte-postpaid2-hint":{"_":"Jaso zure telefono- eta Internet-kontsumoaren inguruko txostenak."},"fte-postpaid3-title":{"_":"Datuen alerta"},"fte-postpaid3-hint":{"_":"Ezarri alerta datu gehiegi erabiltzea saihesteko."},"fte-onlydata2-title":{"_":"Datuen txostena"},"fte-onlydata2-hint":{"_":"Jaso zure Internet-kontsumoaren inguruko txostenak."},"fte-onlydata3-title":{"_":"Datuen alerta"},"fte-onlydata3-hint":{"_":"Ezarri alerta datu gehiegi erabiltzea saihesteko."},"phone-activity":{"_":"Telefonoaren jarduera"},"balance":{"_":"Balantzea"},"on-roaming-message2":{"_":"Ibiltaritza: balantzearen eguneraketa automatikorik ez. Eskuz eguneratzeagatik kobratuko zaizu agian."},"balance-error-message2":{"_":"Balantzea ez da ondo eguneratu. Saiatu eskuz eguneratzen."},"airplane-mode-error-message2":{"_":"Itzali hegazkin modua zure balantzea eguneratzeko edo kargatzeko."},"disable-airplane-mode":{"_":"Hegazkin modua desgaitu nahi duzu eguneratzeko edo kargatzeko?"},"no-coverage-error-message2":{"_":"Telefono-estaldura behar duzu zure balantzea eguneratzeko edo kargatzeko."},"top-up":{"_":"Karga"},"enter-top-up-code":{"_":"Sartu kargatzeko kodea"},"top-up-code-explanation2":{"_":"Arraskatzeko txartelean edo ordainagirian aurkituko duzu."},"wait-for-confirmation":{"_":"Berrespen-mezua jasoko duzu"},"incorrect-code2":{"_":"Ziurtatu kodea zuzenda dela eta saiatu berriro."},"topup-error2":{"_":"Arazo bat egon da kodea bidaltzean. Saiatu berriro mesedez."},"application-error-title":{"_":"Zerbitzua ez dago erabilgarri"},"application-error-message":{"_":"Jarri harremanetan zure konpainiako arduradunarekin"},"service-unavailable-title":{"_":"Zerbitzua ez dago erabilgarri"},"service-unavailable-message":{"_":"Une honetan ezin da eguneraketarik ezta kargarik ere burutu. Saiatu beranduago."},"data-usage":{"_":"Datu-kontsumoa"},"update-button":{"_":"Eguneratu"},"topup-button2":{"_":"Erabili kargatzeko kodea"},"topup-ussd-button2":{"_":"Ireki kargatzeko menua"},"ok":{"_":"Ados"},"top-up-in-progress2":{"_":"Zure karga prozesatzen ari da."},"top-up-timed-out2":{"_":"Berresteko, eguneratu zure balantzea. Balantzea ez bada aldatu, saiatu berriro kargatzen."},"on-topup-not-confirmed-title":{"_":"Karga berretsi gabe"},"on-topup-not-confirmed-message":{"_":"Saiatu balantzea eguneratzen edo saiatu berriro kargatzen."},"send":{"_":"bidali"},"plantype-setup-title":{"_":"Nire telefono- eta Internet-plana ondorengoa da:"},"prepaid":{"_":"Aurrez ordaindutakoa"},"postpaid":{"_":"Kontratua"},"phoneactivity":{"_":"Telefonoaren jarduera"},"short-date-format":{"_":"%b, %d"},"sms-sent":{"_":"SMSa bidalita"},"call-made":{"_":"Egindako deiak"},"settings":{"_":"Ezarpenak"},"low-balance-alert":{"_":"Saldo baxuaren alerta"},"low-balance-explanation2":{"_":"Balantzea honen azpitik dagoenean"},"phone-and-internet-data-report":{"_":"Telefonoaren eta Internet datuen txostena"},"starting-on":{"_":"Hasiera-data"},"cancel":{"_":"Utzi"},"set":{"_":"Ezarri"},"set-day":{"_":"Ezarri eguna"},"set-date":{"_":"Ezarri data"},"monthly":{"_":"Hilero"},"weekly":{"_":"Astero"},"monday":{"_":"astelehena"},"tuesday":{"_":"asteartea"},"wednesday":{"_":"asteazkena"},"thursday":{"_":"osteguna"},"friday":{"_":"ostirala"},"saturday":{"_":"larunbata"},"sunday":{"_":"igandea"},"monday-abbr":{"_":"al."},"tuesday-abbr":{"_":"ar."},"wednesday-abbr":{"_":"az."},"thursday-abbr":{"_":"og."},"friday-abbr":{"_":"or."},"saturday-abbr":{"_":"lr."},"sunday-abbr":{"_":"ig."},"billing-cycle-ends":{"_":"Fakturazio-zikloa amaitzen da"},"tracking-will-reset":{"_":"Jarraipena data honetan berrezarriko da"},"yes":{"_":"Bai"},"done":{"_":"Eginda"},"confirmation":{"_":"Berrespena"},"reset-confirmation-warning":{"_":"Uneko datu guztiak ezabatu egingo dira. Ziru zaude berrezarri egin nahi duzula?"},"reset":{"_":"Berrezarri"},"reset-wifi":{"_":"Berrezarri Wi-Fi kontsumoa"},"reset-mobile":{"_":"Berrezarri mugikorraren kontsumoa"},"reset-all-data-usage":{"_":"Berrezarri mugikorraren eta Wi-Fiaren datuak"},"not-set":{"_":"Ezarri gabe"},"used":{"_":"Erabilita"},"limit-passed":{"_":"Muga gaindituta"},"limit":{"_":"Muga"},"data-limit-header":{"_":"Datu-kontsumoaren muga"},"data-limit-alert":{"_":"Datu-kontsumoaren alerta"},"data-limit-value2":{"_":"Kontsumoa honen gainetik dagoenean"},"data-limit-dialog-title2":{"_":"Sartu mugikorraren datu-mugaren alerta"},"data-limit-dialog-explanation2":{"_":"Konexio-abiadurak moteldu egiten dira mugara heltzean. Egiaztatu zure datu-hornitzailearekin alerta-maila egokia ezartzeko."},"wifi-usage":{"_":"Wi-Fi kontsumoa"},"mobile-usage":{"_":"Mugikorraren kontsumoa"},"wifi-usage-settings":{"_":"Wi-Fi kontsumoa"},"mobile-usage-settings":{"_":"Mugikorraren kontsumoa"},"im-prepaid":{"_":"Aurrez ordaindutakoa"},"im-postpaid":{"_":"Kontratua"},"reset-data-usage":{"_":"Berrezarri datu-kontsumoa"},"reset-report":{"_":"Berrezarri txostena"},"next":{"_":"Hurrengoa"},"back":{"_":"Atzera"},"lets-go":{"_":"Goazen!"},"alert":{"_":"Alerta"},"alert-limit":{"_":"Alertaren muga"},"fte-welcome-title":{"_":"Ongi etorri"},"data-limit-notification-title2":{"_":"datuen {{limit}} erabilita"},"data-limit-notification-text2":{"_":"Hautatutako mugara heldu zara"},"low-balance-notification-title":{"_":"Balantze baxua"},"low-balance-notification-text":{"_":"{{remaining}} geratzen da"},"zero-balance-message":{"_":"Balantzea zerora heldu da, ez da telefono-krediturik geratzen."},"not-available":{"_":"Ez dago erabilgarri"},"usage":{"_":"Kontsumoa"},"internet":{"_":"Internet"},"phone":{"_":"Telefonoa"},"loading-interface-data":{"_":"Interfazearen datuak kargatzen. Saiatu berriro beranduago."},"chart-date-format":{"_":"%b %e"},"verbose-chart-date-format":{"_":"{{em-month}} {{monthday-number}}"},"day-hour-format":{"_":"{{day}}, {{time}}"},"B":{"_":"B"},"KB":{"_":"KB"},"MB":{"_":"MB"},"GB":{"_":"GB"},"weekday-0-long":{"_":"igandea"},"weekday-1-long":{"_":"astelehena"},"weekday-2-long":{"_":"asteartea"},"weekday-3-long":{"_":"asteazkena"},"weekday-4-long":{"_":"osteguna"},"weekday-5-long":{"_":"ostirala"},"weekday-6-long":{"_":"larunbata"},"weekday-0-short":{"_":"ig."},"weekday-1-short":{"_":"al."},"weekday-2-short":{"_":"ar."},"weekday-3-short":{"_":"az."},"weekday-4-short":{"_":"og."},"weekday-5-short":{"_":"or."},"weekday-6-short":{"_":"lr."},"month-0-long":{"_":"urtarrila"},"month-1-long":{"_":"otsaila"},"month-2-long":{"_":"martxoa"},"month-3-long":{"_":"apirila"},"month-4-long":{"_":"maiatza"},"month-5-long":{"_":"ekaina"},"month-6-long":{"_":"uztaila"},"month-7-long":{"_":"abuztua"},"month-8-long":{"_":"iraila"},"month-9-long":{"_":"urria"},"month-10-long":{"_":"azaroa"},"month-11-long":{"_":"abendua"},"month-0-genitive":{"_":"urtarrila"},"month-1-genitive":{"_":"otsaila"},"month-2-genitive":{"_":"martxoa"},"month-3-genitive":{"_":"apirila"},"month-4-genitive":{"_":"maiatza"},"month-5-genitive":{"_":"ekaina"},"month-6-genitive":{"_":"uztaila"},"month-7-genitive":{"_":"abuztua"},"month-8-genitive":{"_":"iraila"},"month-9-genitive":{"_":"urria"},"month-10-genitive":{"_":"azaroa"},"month-11-genitive":{"_":"abendua"},"month-0-short":{"_":"urt"},"month-1-short":{"_":"ots"},"month-2-short":{"_":"mar"},"month-3-short":{"_":"api"},"month-4-short":{"_":"mai"},"month-5-short":{"_":"eka"},"month-6-short":{"_":"uzt"},"month-7-short":{"_":"abu"},"month-8-short":{"_":"ira"},"month-9-short":{"_":"urr"},"month-10-short":{"_":"aza"},"month-11-short":{"_":"abe"},"minutes-ago-long":{"_":"{[ plural(value) ]}","_[zero]":"oraintxe bertan","_[one]":"duela minutu bat","_[two]":"duela {{value}} minutu","_[few]":"duela {{value}} minutu","_[many]":"duela {{value}} minutu","_[other]":"duela {{value}} minutu"},"hours-ago-long":{"_":"{[ plural(value) ]}","_[zero]":"oraintxe bertan","_[one]":"duela ordubete","_[two]":"duela {{value}} ordu","_[few]":"duela {{value}} ordu","_[many]":"duela {{value}} ordu","_[other]":"duela {{value}} ordu"},"days-ago-long":{"_":"{[ plural(value) ]}","_[zero]":"gaur","_[one]":"atzo","_[two]":"herenegun","_[few]":"duela {{value}} egun","_[many]":"duela {{value}} egun","_[other]":"duela {{value}} egun"},"weeks-ago-long":{"_":"{[ plural(value) ]}","_[zero]":"aste honetan","_[one]":"azken astean","_[two]":"duela {{value}} aste","_[few]":"duela {{value}} aste","_[many]":"duela {{value}} aste","_[other]":"duela {{value}} aste"},"months-ago-long":{"_":"{[ plural(value) ]}","_[zero]":"hilabete honetan","_[one]":"azken hilabetean","_[two]":"duela {{value}} hilabete","_[few]":"duela {{value}} hilabete","_[many]":"duela {{value}} hilabete","_[other]":"duela {{value}} hilabete"},"years-ago-long":{"_":"{[ plural(value) ]}","_[zero]":"aurten","_[one]":"iaz","_[two]":"duela {{value}} urte","_[few]":"duela {{value}} urte","_[many]":"duela {{value}} urte","_[other]":"duela {{value}} urte"},"minutes-until-long":{"_":"{[ plural(value) ]}","_[zero]":"orain","_[one]":"minutu barru","_[two]":"{{value}} minutu barru","_[few]":"{{value}} minutu barru","_[many]":"{{value}} minutu barru","_[other]":"{{value}} minutu barru"},"hours-until-long":{"_":"{[ plural(value) ]}","_[zero]":"orain","_[one]":"ordubete barru","_[two]":"{{value}} ordu barru","_[few]":"{{value}} ordu barru","_[many]":"{{value}} ordu barru","_[other]":"{{value}} ordu barru"},"days-until-long":{"_":"{[ plural(value) ]}","_[zero]":"gaur","_[one]":"bihar","_[two]":"etzi","_[few]":"{{value}} egun barru","_[many]":"{{value}} egun barru","_[other]":"{{value}} egun barru"},"weeks-until-long":{"_":"{[ plural(value) ]}","_[zero]":"aste honetan","_[one]":"hurrengo astean","_[two]":"{{value}} aste barru","_[few]":"{{value}} aste barru","_[many]":"{{value}} aste barru","_[other]":"{{value}} aste barru"},"months-until-long":{"_":"{[ plural(value) ]}","_[zero]":"hil honetan","_[one]":"hurrengo hilean","_[two]":"{{value}} hilabete barru","_[few]":"{{value}} hilabete barru","_[many]":"{{value}} hilabete barru","_[other]":"{{value}} hilabete barru"},"years-until-long":{"_":"{[ plural(value) ]}","_[zero]":"aurten","_[one]":"hurrengo urtean","_[two]":"{{value}} urte barru","_[few]":"{{value}} urte barru","_[many]":"{{value}} urte barru","_[other]":"{{value}} urte barru"},"minutes-ago-short":{"_":"{[ plural(value) ]}","_[zero]":"oraintxe bertan","_[other]":"duela {{value}}m"},"hours-ago-short":{"_":"{[ plural(value) ]}","_[zero]":"oraintxe bertan","_[other]":"duela {{value}}h"},"days-ago-short":{"_":"{[ plural(value) ]}","_[zero]":"gaur","_[other]":"duela {{value}}eg."},"minutes-until-short":{"_":"{[ plural(value) ]}","_[zero]":"orain","_[other]":"{{value}}m barru"},"hours-until-short":{"_":"{[ plural(value) ]}","_[zero]":"orain","_[other]":"{{value}}h barru"},"days-until-short":{"_":"{[ plural(value) ]}","_[zero]":"gaur","_[other]":"{{value}}eg. barru"},"incorrectDate":{"_":"(data okerra)"},"dateTimeFormat_%c":{"_":"%a, %Y.eko %Bren %ea %H:%M:%S"},"dateTimeFormat_%x":{"_":"%Y/%m/%d"},"dateTimeFormat_%X":{"_":"%H:%M:%S"},"shortTimeFormat":{"_":"%H:%M"},"shortDateTimeFormat":{"_":"%x %H:%M"},"weekStartsOnMonday":{"_":"1"},"time_am":{"_":"AM"},"time_pm":{"_":"PM"}}