{"topup-confirmation-title2":{"_":"Consumos"},"topup-confirmation-message":{"_":"Confirmouse a recarga"},"topup-incorrectcode-title2":{"_":"Consumos"},"topup-incorrectcode-message3":{"_":"Introduciuse un código de recarga incorrecto."},"updating":{"_":"Actualizando"},"updating-ellipsis":{"_":"Actualizando…"},"yesterday":{"_":"Onte"},"today":{"_":"Hoxe"},"never":{"_":"Nunca"},"magnitude":{"_":"{{value}} {{unit}}"},"currency":{"_":"{{currency}}{{value}}"},"widget":{"_":"Trebello de control de custes"},"widget-authed-sim-heading":{"_":"Inseriuse unha nova SIM de {{provider}}"},"widget-authed-sim-meta":{"_":"Toque para ver o consumo do teléfono e da Internet."},"widget-nonauthed-sim-heading":{"_":"Inseriuse unha nova SIM"},"widget-nonauthed-sim-meta":{"_":"Toque para ver o consumo da Internet."},"widget-no-sim2-heading":{"_":"Sen tarxeta SIM"},"widget-no-sim2-meta":{"_":"Insira unha SIM para activar Consumos."},"widget-sim-locked-heading":{"_":"Tarxeta SIM bloqueada"},"widget-sim-locked-meta":{"_":"Desbloquee a SIM para activar Consumos."},"fte":{"_":"Titorial sobre Consumos"},"fte-authed-sim":{"_":"Aforre controlando o consumo do teléfono e da Internet."},"fte-nonauthed-sim":{"_":"Aforre controlando o consumo da Internet."},"fte-no-sim":{"_":"Obteña información detallada sobre o seu uso da Internet."},"fte-sim-info2":{"_":"A información que se mostra en Consumos provén do seu dispositivo. Consulte ao seu fornecedor para obter unha información máis detallada."},"fte-plantype-title":{"_":"Tipo de contrato"},"fte-plantype-hint":{"_":"Seleccione o tipo de contrato que vostede ten co seu fornecedor de servizo móbil."},"fte-prepaid2-title":{"_":"Alerta de saldo baixo"},"fte-prepaid2-hint":{"_":"Estabelece unha alerta para evitar quedar sen saldo."},"fte-prepaid3-title":{"_":"Informe de datos e alerta"},"fte-prepaid3-hint":{"_":"Recibir informes sobre o consumo dos datos e estabelecer unha alerta para evitar excesos."},"fte-postpaid2-title":{"_":"Informe do teléfono e dos datos"},"fte-postpaid2-hint":{"_":"Recibir informes sobre o consumo do teléfono e da Internet."},"fte-postpaid3-title":{"_":"Alerta dos datos"},"fte-postpaid3-hint":{"_":"Estabelece unha alerta para evitar consumir datos de máis."},"fte-onlydata2-title":{"_":"Informe dos datos"},"fte-onlydata2-hint":{"_":"Recibir informes sobre o consumo da Internet."},"fte-onlydata3-title":{"_":"Alerta dos datos"},"fte-onlydata3-hint":{"_":"Estabelece unha alerta para evitar consumir datos de máis."},"phone-activity":{"_":"Actividade do teléfono"},"balance":{"_":"Saldo"},"on-roaming-message2":{"_":"O saldo non se actualiza automaticamente. Actualizalo manualmente pode supor cargos."},"balance-error-message2":{"_":"O saldo non se actualizou correctamente. Tente facelo manualmente."},"airplane-mode-error-message2":{"_":"Desactive o modo avión para actualizar o seu saldo ou recargar."},"disable-airplane-mode":{"_":"Desexa desactivar o modo avión para actualizar ou recargar?"},"no-coverage-error-message2":{"_":"Precisa ter cobertura para actualizar o seu saldo ou recargar."},"top-up":{"_":"Estase procesando a recarga"},"enter-top-up-code":{"_":"Introduza o código da recarga"},"top-up-code-explanation2":{"_":"Atopase na tarxeta de rascar ou directamente no recibo."},"wait-for-confirmation":{"_":"Recibirá unha mensaxe de confirmación"},"incorrect-code2":{"_":"Asegúrese de que o código é correcto e tente de novo."},"topup-error2":{"_":"Produciuse un problema ao enviar o código. Tente de novo."},"application-error-title":{"_":"Servizo non dispoñíbel"},"application-error-message":{"_":"Contacte co seu fornecedor"},"service-unavailable-title":{"_":"Servizo non dispoñíbel"},"service-unavailable-message":{"_":"Non é posíbel a actualización ou a recarga neste momento. Tente máis tarde."},"data-usage":{"_":"Consumo de datos"},"update-button":{"_":"Actualizar"},"topup-button2":{"_":"Usar código de recarga"},"topup-ussd-button2":{"_":"Abrir o menú de recarga"},"ok":{"_":"Aceptar"},"top-up-in-progress2":{"_":"Estase procesando a recarga."},"top-up-timed-out2":{"_":"Actualice o seu saldo para confirmar. Se o saldo non cambiou, tente recargar de novo."},"on-topup-not-confirmed-title":{"_":"Non se confirmou a recarga"},"on-topup-not-confirmed-message":{"_":"Tente actualizar o seu saldo ou reintente a recarga."},"send":{"_":"enviar"},"plantype-setup-title":{"_":"A miña tarifa de teléfono e Internet é"},"prepaid":{"_":"Prepago"},"postpaid":{"_":"Contrato"},"phoneactivity":{"_":"Actividade do teléfono"},"short-date-format":{"_":"%d de %b"},"sms-sent":{"_":"SMS enviados"},"call-made":{"_":"Chamadas realizadas"},"settings":{"_":"Axustes"},"low-balance-alert":{"_":"Alerta de saldo baixo"},"low-balance-explanation2":{"_":"Cando o saldo é menor de"},"phone-and-internet-data-report":{"_":"Informe de datos e teléfono"},"starting-on":{"_":"A partir do"},"cancel":{"_":"Cancelar"},"set":{"_":"Estabelecer"},"set-day":{"_":"Estabelecer día"},"set-date":{"_":"Estabelecer data"},"monthly":{"_":"Mensualmente"},"weekly":{"_":"Semanalmente"},"monday":{"_":"Luns"},"tuesday":{"_":"Martes"},"wednesday":{"_":"Mércores"},"thursday":{"_":"Xoves"},"friday":{"_":"Venres"},"saturday":{"_":"Sábado"},"sunday":{"_":"Domingo"},"monday-abbr":{"_":"Lun"},"tuesday-abbr":{"_":"Mar"},"wednesday-abbr":{"_":"Mer"},"thursday-abbr":{"_":"Xov"},"friday-abbr":{"_":"Ven"},"saturday-abbr":{"_":"Sab"},"sunday-abbr":{"_":"Dom"},"billing-cycle-ends":{"_":"O ciclo de facturación remata o"},"tracking-will-reset":{"_":"O seguimento restabelecerase nesta data"},"yes":{"_":"Si"},"done":{"_":"Feito"},"confirmation":{"_":"Confirmación"},"reset-confirmation-warning":{"_":"Elimináranse todos os datos actuais. Confirma que quere restabelecer?"},"reset":{"_":"Restabelecer"},"reset-wifi":{"_":"Restabelecer consumo Wi-Fi"},"reset-mobile":{"_":"Restabelecer consumo móbil"},"reset-all-data-usage":{"_":"Restabelecer os datos do móbil e Wi-Fi"},"not-set":{"_":"Sen estabelecer"},"used":{"_":"Consumido"},"limit-passed":{"_":"Pasouse o límite"},"limit":{"_":"Límite"},"data-limit-header":{"_":"Límite dos datos"},"data-limit-alert":{"_":"Alerta do consumo de datos"},"data-limit-value2":{"_":"Cando o consumo supere"},"data-limit-dialog-title2":{"_":"Introduza unha alerta de límite de datos móbiles"},"data-limit-dialog-explanation2":{"_":"A velocidade de conexión redúcese unha vez alcanzado o límite. Comprobe co seu fornecedor de datos o nivel de alerta apropiado."},"wifi-usage":{"_":"Consumo da Wi-Fi"},"mobile-usage":{"_":"Consumo do móbil"},"wifi-usage-settings":{"_":"Consumo da Wi-Fi"},"mobile-usage-settings":{"_":"Consumo do móbil"},"im-prepaid":{"_":"Son de prepago"},"im-postpaid":{"_":"Son de contrato"},"reset-data-usage":{"_":"Restabelecer consumo datos"},"reset-report":{"_":"Restabelecer informe"},"next":{"_":"Seguinte"},"back":{"_":"Atrás"},"lets-go":{"_":"Adiante!"},"alert":{"_":"Alerta"},"alert-limit":{"_":"Límite da alerta"},"fte-welcome-title":{"_":"Benvida"},"data-limit-notification-title2":{"_":"{{limit}} de consumo de datos"},"data-limit-notification-text2":{"_":"Alcanzou o límite estabelecido"},"low-balance-notification-title":{"_":"Saldo baixo"},"low-balance-notification-text":{"_":"{{remaining}} de saldo de teléfono restante"},"zero-balance-message":{"_":"O saldo chegou a cero, non lle resta saldo de teléfono. "},"not-available":{"_":"Non dispoñíbel"},"usage":{"_":"Consumos"},"internet":{"_":"Internet"},"phone":{"_":"Teléfono"},"loading-interface-data":{"_":"Cargando os datos da interface. Tente de novo máis tarde."},"chart-date-format":{"_":"%e %b"},"verbose-chart-date-format":{"_":"{{monthday-number}} {{em-month}}"},"day-hour-format":{"_":"{{day}}, {{time}}"},"B":{"_":"B"},"KB":{"_":"KB"},"MB":{"_":"MB"},"GB":{"_":"GB"},"widget-airplane-mode-heading":{"_":"Modo avión"},"widget-airplane-mode-meta":{"_":"Desactive o modo avión para activar Consumos."},"weekday-0-long":{"_":"Domingo"},"weekday-1-long":{"_":"Luns"},"weekday-2-long":{"_":"Martes"},"weekday-3-long":{"_":"Mércores"},"weekday-4-long":{"_":"Xoves"},"weekday-5-long":{"_":"Venres"},"weekday-6-long":{"_":"Sábado"},"weekday-0-short":{"_":"Dom"},"weekday-1-short":{"_":"Lun"},"weekday-2-short":{"_":"Mar"},"weekday-3-short":{"_":"Mer"},"weekday-4-short":{"_":"Xov"},"weekday-5-short":{"_":"Ven"},"weekday-6-short":{"_":"Sab"},"month-0-long":{"_":"Xaneiro"},"month-1-long":{"_":"Febreiro"},"month-2-long":{"_":"Marzo"},"month-3-long":{"_":"Abril"},"month-4-long":{"_":"Maio"},"month-5-long":{"_":"Xuño"},"month-6-long":{"_":"Xullo"},"month-7-long":{"_":"Agosto"},"month-8-long":{"_":"Setembro"},"month-9-long":{"_":"Outubro"},"month-10-long":{"_":"Novembro"},"month-11-long":{"_":"Decembro"},"month-0-genitive":{"_":"Xaneiro"},"month-1-genitive":{"_":"Febreiro"},"month-2-genitive":{"_":"Marzo"},"month-3-genitive":{"_":"Abril"},"month-4-genitive":{"_":"Maio"},"month-5-genitive":{"_":"Xuño"},"month-6-genitive":{"_":"Xullo"},"month-7-genitive":{"_":"Agosto"},"month-8-genitive":{"_":"Setembro"},"month-9-genitive":{"_":"Outubro"},"month-10-genitive":{"_":"Novembro"},"month-11-genitive":{"_":"Decembro"},"month-0-short":{"_":"Xan"},"month-1-short":{"_":"Feb"},"month-2-short":{"_":"Mar"},"month-3-short":{"_":"Abr"},"month-4-short":{"_":"Maio"},"month-5-short":{"_":"Xun"},"month-6-short":{"_":"Xul"},"month-7-short":{"_":"Ago"},"month-8-short":{"_":"Set"},"month-9-short":{"_":"Out"},"month-10-short":{"_":"Nov"},"month-11-short":{"_":"Dec"},"minutes-ago-long":{"_":"{[ plural(value) ]}","_[zero]":"xusto agora","_[one]":"hai un minuto","_[two]":"hai {{value}} minutos","_[few]":"hai {{value}} minutos","_[many]":"hai {{value}} minutos","_[other]":"hai {{value}} minutos"},"hours-ago-long":{"_":"{[ plural(value) ]}","_[zero]":"xusto agora","_[one]":"hai unha hora","_[two]":"hai {{value}} horas","_[few]":"hai {{value}} horas","_[many]":"hai {{value}} horas","_[other]":"hai {{value}} horas"},"days-ago-long":{"_":"{[ plural(value) ]}","_[zero]":"hoxe","_[one]":"onte","_[two]":"hai {{value}} días","_[few]":"hai {{value}} días","_[many]":"hai {{value}} días","_[other]":"hai {{value}} días"},"weeks-ago-long":{"_":"{[ plural(value) ]}","_[zero]":"esta semana","_[one]":"a semana pasada","_[two]":"hai {{value}} semanas","_[few]":"hai {{value}} semanas","_[many]":"hai {{value}} semanas","_[other]":"hai {{value}} semanas"},"months-ago-long":{"_":"{[ plural(value) ]}","_[zero]":"Este mes","_[one]":"o mes pasado","_[two]":"hai {{value}} meses","_[few]":"hai {{value}} meses","_[many]":"hai {{value}} meses","_[other]":"hai {{value}} meses"},"years-ago-long":{"_":"{[ plural(value) ]}","_[zero]":"este ano","_[one]":"o ano pasado","_[two]":"hai {{value}} anos","_[few]":"hai {{value}} anos","_[many]":"hai {{value}} anos","_[other]":"hai {{value}} anos"},"minutes-until-long":{"_":"{[ plural(value) ]}","_[zero]":"agora","_[one]":"nun minuto","_[two]":"en {{value}} minutos","_[few]":"en {{value}} minutos","_[many]":"en {{value}} minutos","_[other]":"en {{value}} minutos"},"hours-until-long":{"_":"{[ plural(value) ]}","_[zero]":"agora","_[one]":"nunha hora","_[two]":"en {{value}} horas","_[few]":"en {{value}} horas","_[many]":"en {{value}} horas","_[other]":"en {{value}} horas"},"days-until-long":{"_":"{[ plural(value) ]}","_[zero]":"hoxe","_[one]":"mañá","_[two]":"en {{value}} días","_[few]":"en {{value}} días","_[many]":"en {{value}} días","_[other]":"en {{value}} días"},"weeks-until-long":{"_":"{[ plural(value) ]}","_[zero]":"esta semana","_[one]":"a semana que ven","_[two]":"en {{value}} semanas","_[few]":"en {{value}} semanas","_[many]":"en {{value}} semanas","_[other]":"en {{value}} semanas"},"months-until-long":{"_":"{[ plural(value) ]}","_[zero]":"Este mes","_[one]":"o mes que ven","_[two]":"en {{value}} meses","_[few]":"en {{value}} meses","_[many]":"en {{value}} meses","_[other]":"en {{value}} meses"},"years-until-long":{"_":"{[ plural(value) ]}","_[zero]":"este ano","_[one]":"o ano que ven","_[two]":"en {{value}} anos","_[few]":"en {{value}} anos","_[many]":"en {{value}} anos","_[other]":"en {{value}} anos"},"minutes-ago-short":{"_":"{[ plural(value) ]}","_[zero]":"xusto agora","_[other]":"hai {{value}}min"},"hours-ago-short":{"_":"{[ plural(value) ]}","_[zero]":"xusto agora","_[other]":"hai {{value}}h"},"days-ago-short":{"_":"{[ plural(value) ]}","_[zero]":"hoxe","_[other]":"hai {{value}}d"},"minutes-until-short":{"_":"{[ plural(value) ]}","_[zero]":"agora","_[other]":"en {{value}}min"},"hours-until-short":{"_":"{[ plural(value) ]}","_[zero]":"agora","_[other]":"en {{value}}h"},"days-until-short":{"_":"{[ plural(value) ]}","_[zero]":"hoxe","_[other]":"en {{value}}d"},"incorrectDate":{"_":"(data incorrecta)"},"dateTimeFormat_%c":{"_":"%a, %e de %b, %Y %H:%M:%S"},"dateTimeFormat_%x":{"_":"%d/%m/%Y"},"dateTimeFormat_%X":{"_":"%H:%M:%S"},"shortTimeFormat":{"_":"%H:%M"},"shortDateTimeFormat":{"_":"%x %H:%M %p"},"weekStartsOnMonday":{"_":"1"},"time_am":{"_":"AM"},"time_pm":{"_":"PM"}}