{"topup-confirmation-title2":{"_":"Potrošnja"},"topup-confirmation-message":{"_":"Nadoplata potvrđena"},"topup-incorrectcode-title2":{"_":"Potrošnja"},"topup-incorrectcode-message3":{"_":"Upisan je neispravan kôd za nadoplatu."},"updating":{"_":"Ažuriranje"},"updating-ellipsis":{"_":"Ažuriram…"},"yesterday":{"_":"Jučer"},"today":{"_":"Danas"},"never":{"_":"Nikad"},"magnitude":{"_":"{{value}} {{unit}}"},"currency":{"_":"{{currency}}{{value}}"},"widget":{"_":"Widget potrošnje"},"widget-authed-sim-heading":{"_":"Umetnuta nova {{provider}} SIM kartica"},"widget-authed-sim-meta":{"_":"Pritisnite za pregled korištenja telefona i Interneta."},"widget-nonauthed-sim-heading":{"_":"New SIM inserted"},"widget-nonauthed-sim-meta":{"_":"Pritisnite za pregled korištenja Interneta."},"widget-no-sim2-heading":{"_":"SIM kartica nije umetnuta"},"widget-no-sim2-meta":{"_":"Umetnite SIM karticu za korištenje"},"widget-sim-locked-heading":{"_":"Zaključana SIM kartica"},"widget-sim-locked-meta":{"_":"Otključajte SIM za pregled potrošnje"},"fte":{"_":"Prvo iskustvo praćenja potrošnje"},"fte-authed-sim":{"_":"Štedite novac praćenjem upotrebe telefona i Interneta."},"fte-nonauthed-sim":{"_":"Štedite novac praćenjem upotrebe Interneta."},"fte-no-sim":{"_":"Get clear information about how much internet you’re using."},"fte-sim-info2":{"_":"Prikazane informacije prikupljene su izravno na ovom uređaju. Detaljan pregled potrošnje provjerite s pružateljem usluge."},"fte-plantype-title":{"_":"Vrsta ugovora"},"fte-plantype-hint":{"_":"Odaberite vrstu ugovora s vašim mobilnim operaterom."},"fte-prepaid2-title":{"_":"Upozorenje niskog salda"},"fte-prepaid2-hint":{"_":"Postavite upozorenje kako ne biste ostali bez sredstava na računu."},"fte-prepaid3-title":{"_":"Izvještaj o podatkovnom prometu i upozorenje"},"fte-prepaid3-hint":{"_":"Primajte izvještaje o vašem Internet prometu, te postavite upozorenje kako ne biste potrošili previše prometa."},"fte-postpaid2-title":{"_":"Telefon i izvještaj o podatkovnom prometu"},"fte-postpaid2-hint":{"_":"Primajte izvještaje o upotrebi telefona i Interneta."},"fte-postpaid3-title":{"_":"Upozorenje podatkovnog prometa"},"fte-postpaid3-hint":{"_":"Postavite upozorenje kako ne biste potrošili previše podatkovnog prometa."},"fte-onlydata2-title":{"_":"Izvještaj pod. prometa"},"fte-onlydata2-hint":{"_":"Primajte izvještaj o potrošnji Internet prometa."},"fte-onlydata3-title":{"_":"Upozor. pod. prometa"},"fte-onlydata3-hint":{"_":"Postavite upozorenje kako ne biste potrošili previše podatkovnog prometa."},"phone-activity":{"_":"Aktivnost telefona"},"balance":{"_":"Stanje računa"},"on-roaming-message2":{"_":"Roaming: nema automatskog ažuriranja stanja računa. Za ažuriranje stanja se može naplaćivati naknada."},"balance-error-message2":{"_":"Stanje računa se nije ispravno ažuriralo. Pokušajte ručno ažurirati."},"airplane-mode-error-message2":{"_":"Isključite zrakoplovni način rada da biste ažurirali stanje računa ili obavili nadoplatu."},"disable-airplane-mode":{"_":"Želite li isključiti zrakoplovni način rada za ažuriranje ili nadoplatu računa?"},"no-coverage-error-message2":{"_":"Za ažuriranje stanja ili nadoplatu računa je potreban signal mobilne mreže."},"top-up":{"_":"Nadoplata"},"enter-top-up-code":{"_":"Upišite kôd za nadoplatu"},"top-up-code-explanation2":{"_":"Pronađite ga na bonu ili izravno na računu."},"wait-for-confirmation":{"_":"Primit ćete poruku potvrde"},"incorrect-code2":{"_":"Provjerite da je kôd ispravan i pokušajte ponovno."},"topup-error2":{"_":"Došlo je do problema pri slanju kôda. Molim pokušajte ponovno."},"application-error-title":{"_":"Usluga nije dostupna"},"application-error-message":{"_":"Kontaktirajte podršku"},"service-unavailable-title":{"_":"Usluga nije dostupna"},"service-unavailable-message":{"_":"Ažuriranje i nadoplata trenutno nisu mogući. Molim pokušajte kasnije."},"data-usage":{"_":"Potrošnja Internet prometa"},"update-button":{"_":"Ažuriraj"},"topup-button2":{"_":"Nadoplati s bonom"},"topup-ussd-button2":{"_":"Otvori izbornik nadoplate"},"ok":{"_":"U redu"},"top-up-in-progress2":{"_":"Nadoplata se obrađuje."},"top-up-timed-out2":{"_":"Ažurirajte stanje na računu da biste potvrdili. Ako je stanje nepromijenjeno, pokušajte ponovno nadoplatiti."},"on-topup-not-confirmed-title":{"_":"Nadoplata nije potvrđena"},"on-topup-not-confirmed-message":{"_":"Pokušajte ažurirati stanje računa ili pokušajte ponovno nadoplatiti."},"send":{"_":"pošalji"},"plantype-setup-title":{"_":"Moja mobilna i Internet tarifa je"},"prepaid":{"_":"Prepaid"},"postpaid":{"_":"Pretplata"},"phoneactivity":{"_":"Aktivnost telefona"},"short-date-format":{"_":"%d. %b"},"sms-sent":{"_":"Poslano SMS-ova"},"call-made":{"_":"Broj poziva"},"settings":{"_":"Postavke"},"low-balance-alert":{"_":"Upozorenje niskog stanja na računu"},"low-balance-explanation2":{"_":"Kada je stanje ispod"},"phone-and-internet-data-report":{"_":"Podatkovni izvještaj telefona i Interneta"},"starting-on":{"_":"Početak"},"cancel":{"_":"Otkaži"},"set":{"_":"Postavi"},"set-day":{"_":"Postavi dan"},"set-date":{"_":"Postavi datum"},"monthly":{"_":"Mjesečno"},"weekly":{"_":"Tjedno"},"monday":{"_":"Ponedjeljak"},"tuesday":{"_":"Utorak"},"wednesday":{"_":"Srijeda"},"thursday":{"_":"Četvrtak"},"friday":{"_":"Petak"},"saturday":{"_":"Subota"},"sunday":{"_":"Nedjelja"},"monday-abbr":{"_":"Pon"},"tuesday-abbr":{"_":"Uto"},"wednesday-abbr":{"_":"Sri"},"thursday-abbr":{"_":"Čet"},"friday-abbr":{"_":"Pet"},"saturday-abbr":{"_":"Sub"},"sunday-abbr":{"_":"Ned"},"billing-cycle-ends":{"_":"Razdoblje naplate završava"},"tracking-will-reset":{"_":"Praćenje će se poništiti na ovaj datum"},"yes":{"_":"Da"},"done":{"_":"Gotovo"},"confirmation":{"_":"Potvrda"},"reset-confirmation-warning":{"_":"Svi trenutni podaci će biti obrisani. Jeste li sigurni da želite obrisati?"},"reset":{"_":"Poništi"},"reset-wifi":{"_":"Resetiraj Wi-Fi potrošnju"},"reset-mobile":{"_":"Resetiraj podatkovnu potrošnju"},"reset-all-data-usage":{"_":"Resetiraj podatkovnu i Wi-Fi potrošnju"},"not-set":{"_":"Nije postavljeno"},"used":{"_":"Iskorišteno"},"limit-passed":{"_":"Ograničenje prekoračen"},"limit":{"_":"Ograničenje"},"data-limit-header":{"_":"Ogranič. potr."},"data-limit-alert":{"_":"Upozorenje Internet potrošnje"},"data-limit-value2":{"_":"Kada je potrošnja iznad"},"data-limit-dialog-title2":{"_":"Upišite limit upozorenja za potrošnju Internet prometa"},"data-limit-dialog-explanation2":{"_":"Brzina veze se smanjuje nakon dosegnutog limita. Provjerite s pružateljem usluge kako biste postavili prikladan limit za upozorenja."},"wifi-usage":{"_":"Wi-Fi usage"},"mobile-usage":{"_":"Mobile usage"},"wifi-usage-settings":{"_":"Wi-Fi usage"},"mobile-usage-settings":{"_":"Mobile usage"},"im-prepaid":{"_":"Prepaid"},"im-postpaid":{"_":"Pretplata"},"reset-data-usage":{"_":"Resetiraj podatkovnu potrošnju"},"reset-report":{"_":"Poništi izvješće"},"next":{"_":"Naprijed"},"back":{"_":"Natrag"},"lets-go":{"_":"Idemo!"},"alert":{"_":"Upozorenje"},"alert-limit":{"_":"Upozorenje ograničenja"},"fte-welcome-title":{"_":"Dobrodošli"},"data-limit-notification-title2":{"_":"{{limit}} potrošenog podatkovnog prometa"},"data-limit-notification-text2":{"_":"You’ve reached the limit you selected"},"low-balance-notification-title":{"_":"Nisko stanje na računu"},"low-balance-notification-text":{"_":"Preostalo na računu: {{remaining}} "},"zero-balance-message":{"_":"Stanje na računu je doseglo nulu."},"not-available":{"_":"Nije dostupno"},"usage":{"_":"Potrošnja"},"internet":{"_":"Internet"},"phone":{"_":"Telefon"},"loading-interface-data":{"_":"Učitavam podatke sučelja. Pokušajte kasnije."},"chart-date-format":{"_":"%e %b"},"verbose-chart-date-format":{"_":"{{em-month}} {{monthday-number}}"},"day-hour-format":{"_":"{{day}}, {{time}}"},"B":{"_":"B"},"KB":{"_":"KB"},"MB":{"_":"MB"},"GB":{"_":"GB"},"em-month-0":{"_":"Sij"},"em-month-1":{"_":"Velj"},"em-month-2":{"_":"Ožu"},"em-month-3":{"_":"Tra"},"em-month-4":{"_":"Svi"},"em-month-5":{"_":"Lip"},"em-month-6":{"_":"Srp"},"em-month-7":{"_":"Kol"},"em-month-8":{"_":"Ruj"},"em-month-9":{"_":"Lis"},"em-month-10":{"_":"Stu"},"em-month-11":{"_":"DEC"},"weekday-0-long":{"_":"Nedjelja"},"weekday-1-long":{"_":"Ponedjeljak"},"weekday-2-long":{"_":"Utorak"},"weekday-3-long":{"_":"Srijeda"},"weekday-4-long":{"_":"Četvrtak"},"weekday-5-long":{"_":"Petak"},"weekday-6-long":{"_":"Subota"},"weekday-0-short":{"_":"Ned"},"weekday-1-short":{"_":"Pon"},"weekday-2-short":{"_":"Uto"},"weekday-3-short":{"_":"Sri"},"weekday-4-short":{"_":"Čet"},"weekday-5-short":{"_":"Pet"},"weekday-6-short":{"_":"Sub"},"month-0-long":{"_":"Siječanj"},"month-1-long":{"_":"Veljača"},"month-2-long":{"_":"Ožujak"},"month-3-long":{"_":"Travanj"},"month-4-long":{"_":"Svibanj"},"month-5-long":{"_":"Lipanj"},"month-6-long":{"_":"Srpanj"},"month-7-long":{"_":"Kolovoz"},"month-8-long":{"_":"Rujan"},"month-9-long":{"_":"Listopad"},"month-10-long":{"_":"Studeni"},"month-11-long":{"_":"Prosinac"},"month-0-genitive":{"_":"Siječnja"},"month-1-genitive":{"_":"Veljače"},"month-2-genitive":{"_":"Ožujka"},"month-3-genitive":{"_":"Travnja"},"month-4-genitive":{"_":"Svibnja"},"month-5-genitive":{"_":"Lipnja"},"month-6-genitive":{"_":"Srpnja"},"month-7-genitive":{"_":"Kolovoza"},"month-8-genitive":{"_":"Rujna"},"month-9-genitive":{"_":"Listopada"},"month-10-genitive":{"_":"Studenoga"},"month-11-genitive":{"_":"Prosinca"},"month-0-short":{"_":"Sij"},"month-1-short":{"_":"Velj"},"month-2-short":{"_":"Ožu"},"month-3-short":{"_":"Tra"},"month-4-short":{"_":"Svi"},"month-5-short":{"_":"Lip"},"month-6-short":{"_":"Srp"},"month-7-short":{"_":"Kol"},"month-8-short":{"_":"Ruj"},"month-9-short":{"_":"Lis"},"month-10-short":{"_":"Stu"},"month-11-short":{"_":"Pro"},"minutes-ago-long":{"_":"{[ plural(value) ]}","_[zero]":"upravo","_[one]":"prije minutu","_[two]":"prije {{value}} minute","_[few]":"prije {{value}} minutes","_[many]":"prije {{value}} minuta","_[other]":"prije {{value}} minuta"},"hours-ago-long":{"_":"{[ plural(value) ]}","_[zero]":"upravo","_[one]":"prije sat vremena","_[two]":"prije {{value}} sata","_[few]":"prije {{value}} sati","_[many]":"prije {{value}} sati","_[other]":"prije {{value}} sati"},"days-ago-long":{"_":"{[ plural(value) ]}","_[zero]":"danas","_[one]":"jučer","_[two]":"prije {{value}} dana","_[few]":"prije {{value}} dana","_[many]":"prije {{value}} dana","_[other]":"prije {{value}} dana"},"weeks-ago-long":{"_":"{[ plural(value) ]}","_[zero]":"ovaj tjedan","_[one]":"prošli tjedan","_[two]":"prije {{value}} tjedna","_[few]":"prije {{value}} tjedana","_[many]":"prije {{value}} tjedana","_[other]":"prije {{value}} tjedana"},"months-ago-long":{"_":"{[ plural(value) ]}","_[zero]":"ovaj mjesec","_[one]":"prošli mjesec","_[two]":"prije {{value}} mjeseca","_[few]":"prije {{value}} mjeseci","_[many]":"prije {{value}} mjeseci","_[other]":"prije {{value}} mjeseci"},"years-ago-long":{"_":"{[ plural(value) ]}","_[zero]":"ove godine","_[one]":"prošle godine","_[two]":"prije {{value}} godine","_[few]":"prije {{value}} godina","_[many]":"prije {{value}} godina","_[other]":"prije {{value}} godina"},"minutes-until-long":{"_":"{[ plural(value) ]}","_[zero]":"upravo","_[one]":"za minutu","_[two]":"za {{value}} minute","_[few]":"za {{value}} minuta","_[many]":"za {{value}} minuta","_[other]":"za {{value}} minuta"},"hours-until-long":{"_":"{[ plural(value) ]}","_[zero]":"upravo","_[one]":"za sat vremena","_[two]":"za {{value}} sata","_[few]":"za {{value}} sati","_[many]":"za {{value}} sati","_[other]":"za {{value}} sati"},"days-until-long":{"_":"{[ plural(value) ]}","_[zero]":"danas","_[one]":"sutra","_[two]":"za {{value}} dana","_[few]":"za {{value}} dana","_[many]":"za {{value}} dana","_[other]":"za {{value}} dana"},"weeks-until-long":{"_":"{[ plural(value) ]}","_[zero]":"ovaj tjedan","_[one]":"idući tjedan","_[two]":"za {{value}} tjedna","_[few]":"za {{value}} tjedana","_[many]":"za {{value}} tjedana","_[other]":"za {{value}} tjedana"},"months-until-long":{"_":"{[ plural(value) ]}","_[zero]":"ovaj mjesec","_[one]":"idući mjesec","_[two]":"za {{value}} mjeseca","_[few]":"za {{value}} mjeseci","_[many]":"za {{value}} mjeseci","_[other]":"za {{value}} mjeseci"},"years-until-long":{"_":"{[ plural(value) ]}","_[zero]":"ove godine","_[one]":"iduće godine","_[two]":"za {{value}} godine","_[few]":"za {{value}} godina","_[many]":"za {{value}} godina","_[other]":"za {{value}} godina"},"minutes-ago-short":{"_":"{[ plural(value) ]}","_[zero]":"upravo","_[other]":"prije {{value}}m"},"hours-ago-short":{"_":"{[ plural(value) ]}","_[zero]":"upravo","_[other]":"prije {{value}}s"},"days-ago-short":{"_":"{[ plural(value) ]}","_[zero]":"danas","_[other]":"prije {{value}}d"},"minutes-until-short":{"_":"{[ plural(value) ]}","_[zero]":"sada","_[other]":"za {{value}}m"},"hours-until-short":{"_":"{[ plural(value) ]}","_[zero]":"sada","_[other]":"za {{value}}s"},"days-until-short":{"_":"{[ plural(value) ]}","_[zero]":"danas","_[other]":"za {{value}}d"},"incorrectDate":{"_":"(netočan datum)"},"dateTimeFormat_%c":{"_":"%a %e %b %Y %H:%M:%S"},"dateTimeFormat_%x":{"_":"%d.%m.%Y"},"dateTimeFormat_%X":{"_":"%H:%M:%S"},"shortTimeFormat":{"_":"%H:%M"},"shortDateTimeFormat":{"_":"%x %H:%M"},"weekStartsOnMonday":{"_":"1"},"time_am":{"_":"AM"},"time_pm":{"_":"PM"}}