{"topup-confirmation-title2":{"_":"Költségek"},"topup-confirmation-message":{"_":"Feltöltés megerősítve."},"topup-incorrectcode-title2":{"_":"Költségek"},"topup-incorrectcode-message3":{"_":"A megadott feltöltőkód helytelen."},"updating":{"_":"Frissítés"},"updating-ellipsis":{"_":"Frissítés…"},"yesterday":{"_":"Tegnap"},"today":{"_":"Ma"},"never":{"_":"Soha"},"magnitude":{"_":"{{value}} {{unit}}"},"currency":{"_":"{{value}}{{currency}}"},"widget":{"_":"Felhasználás elem"},"widget-authed-sim-heading":{"_":"Új {{provider}} SIM behelyezve"},"widget-authed-sim-meta":{"_":"Koppintson a telefonos- és adatforgalom követéséhez."},"widget-nonauthed-sim-heading":{"_":"Új SIM behelyezve"},"widget-nonauthed-sim-meta":{"_":"Koppintson az adatforgalom követéséhez."},"widget-no-sim2-heading":{"_":"Nincs behelyezve SIM kártya"},"widget-no-sim2-meta":{"_":"A használati adatokhoz SIM kártya kell."},"widget-sim-locked-heading":{"_":"SIM kártya zárolva"},"widget-sim-locked-meta":{"_":"A SIM-et feloldva indítható a Költségek."},"fte":{"_":"Első találkozás a használati adatokkal"},"fte-authed-sim":{"_":"Spóroljon a telefonos- és adatforgalom követésével."},"fte-nonauthed-sim":{"_":"Spóroljon az adatforgalom követésével."},"fte-no-sim":{"_":"Kapjon pontos információkat az internethasználatáról."},"fte-sim-info2":{"_":"A Költségek által megjelenített információk közvetlenül az eszközről jönnek. Részletes számlainformációkért keresse meg szolgáltatóját."},"fte-plantype-title":{"_":"Szerződés típusa"},"fte-plantype-hint":{"_":"Válassza ki a mobilszolgáltatóval fennálló szerződés típusát."},"fte-prepaid2-title":{"_":"Alacsony egyenleg riasztás"},"fte-prepaid2-hint":{"_":"Állítson be riasztást az egyenleg elfogyása ellen."},"fte-prepaid3-title":{"_":"Adatjelentés és riasztás"},"fte-prepaid3-hint":{"_":"Jelentések az internethasználatról és riasztás beállítása a túlzott használat ellen."},"fte-postpaid2-title":{"_":"Telefon- és adatjelentés"},"fte-postpaid2-hint":{"_":"Jelentések a telefon- és internethasználatáról."},"fte-postpaid3-title":{"_":"Adathasználati riasztás"},"fte-postpaid3-hint":{"_":"Riasztás beállításával elkerülheti a túlzott adathasználatot."},"fte-onlydata2-title":{"_":"Adatjelentés"},"fte-onlydata2-hint":{"_":"Jelentések az internethasználatáról."},"fte-onlydata3-title":{"_":"Adathasználati riasztás"},"fte-onlydata3-hint":{"_":"Riasztás beállításával elkerülheti a túlzott adathasználatot."},"phone-activity":{"_":"Telefon aktivitása"},"balance":{"_":"Egyenleg"},"on-roaming-message2":{"_":"Roaming: nincs automatikus egyenlegfrissítés. A kézi frissítést díjak terhelhetik."},"balance-error-message2":{"_":"Az egyenleg nem frissült megfelelően. Próbálja saját kezűleg frissíteni."},"airplane-mode-error-message2":{"_":"Kapcsolja ki a repülő módot az egyenlegfrissítéshez vagy feltöltéshez."},"disable-airplane-mode":{"_":"Kikapcsolja a repülő módot a frissítéshez vagy feltöltéshez?"},"no-coverage-error-message2":{"_":"Az egyenleg frissítéséhez vagy feltöltéséhez lefedettség szükséges."},"top-up":{"_":"Feltöltés"},"enter-top-up-code":{"_":"Adja meg a feltöltőkódot"},"top-up-code-explanation2":{"_":"Ez a feltöltőkártyán vagy a blokkon található."},"wait-for-confirmation":{"_":"Kapni fog egy megerősítő üzenetet"},"incorrect-code2":{"_":"Győződjön meg róla, hogy a kód helyes, és próbálja újra."},"topup-error2":{"_":"Hiba történt a kód küldésekor. Próbálja újra."},"application-error-title":{"_":"A szolgáltatás elérhetetlen"},"application-error-message":{"_":"Keresse meg a cég képviselőjét."},"service-unavailable-title":{"_":"A szolgáltatás elérhetetlen"},"service-unavailable-message":{"_":"Jelenleg sem a frissítés, sem a feltöltés nem lehetséges. Próbálja meg újra később."},"data-usage":{"_":"Adathasználat"},"update-button":{"_":"Frissítés"},"topup-button2":{"_":"Feltöltőkód használata"},"topup-ussd-button2":{"_":"Feltöltés menü megnyitása"},"ok":{"_":"OK"},"top-up-in-progress2":{"_":"A feltöltés feldolgozása folyamatban."},"top-up-timed-out2":{"_":"Frissítse egyenlegét a megerősítéshez. Ha az egyenleg nem változik, töltse fel újra."},"on-topup-not-confirmed-title":{"_":"A feltöltés nem lett megerősítve."},"on-topup-not-confirmed-message":{"_":"Próbálja frissíteni egyenlegét, vagy próbálja újra feltölteni."},"send":{"_":"küldés"},"plantype-setup-title":{"_":"Telefonos és internetes csomagom"},"prepaid":{"_":"Előre fizetett"},"postpaid":{"_":"Utólag fizetett"},"phoneactivity":{"_":"Telefonos tevékenység"},"short-date-format":{"_":"%b, %d"},"sms-sent":{"_":"SMS küldés"},"call-made":{"_":"Hívás"},"settings":{"_":"Beállítások"},"low-balance-alert":{"_":"Alacsony egyenleg riasztás"},"low-balance-explanation2":{"_":"Ha az egyenleg ez alatt:"},"phone-and-internet-data-report":{"_":"Telefonos és internetes adatjelentés"},"starting-on":{"_":"Kezdve ekkor:"},"cancel":{"_":"Mégse"},"set":{"_":"Beállítás"},"set-day":{"_":"Nap beállítása"},"set-date":{"_":"Dátum beállítása"},"monthly":{"_":"Havonta"},"weekly":{"_":"Hetente"},"monday":{"_":"Hétfő"},"tuesday":{"_":"Kedd"},"wednesday":{"_":"Szerda"},"thursday":{"_":"Csütörtök"},"friday":{"_":"Péntek"},"saturday":{"_":"Szombat"},"sunday":{"_":"Vasárnap"},"monday-abbr":{"_":"Hé."},"tuesday-abbr":{"_":"Ke."},"wednesday-abbr":{"_":"Sze."},"thursday-abbr":{"_":"Csü."},"friday-abbr":{"_":"Pé."},"saturday-abbr":{"_":"Szo."},"sunday-abbr":{"_":"Va."},"billing-cycle-ends":{"_":"Számlázási időszak vége"},"tracking-will-reset":{"_":"A követés ezen a dátumon törlésre kerül"},"yes":{"_":"Igen"},"done":{"_":"Kész"},"confirmation":{"_":"Megerősítés"},"reset-confirmation-warning":{"_":"Minden jelenlegi adat törlésre kerül. Biztosan alaphelyzetbe állítja?"},"reset":{"_":"Törlés"},"reset-wifi":{"_":"Wi-Fi használat törlése"},"reset-mobile":{"_":"Mobilhasználat törlése"},"reset-all-data-usage":{"_":"Mobil és Wi-Fi adatok törlése"},"not-set":{"_":"Nincs beállítva"},"used":{"_":"Felhasznált"},"limit-passed":{"_":"Korlát túllépve"},"limit":{"_":"Korlát"},"data-limit-header":{"_":"Adatkorlátozás"},"data-limit-alert":{"_":"Adathasználati riasztás"},"data-limit-value2":{"_":"Ha a használat elérte:"},"data-limit-dialog-title2":{"_":"Adja meg az adatkorlát-riasztás szintjét"},"data-limit-dialog-explanation2":{"_":"A kapcsolat sebessége csökken a szint elérése után. Keresse meg szolgáltatóját a megfelelő riasztási szint beállításához."},"wifi-usage":{"_":"Wi-Fi használat"},"mobile-usage":{"_":"Mobilhasználat"},"wifi-usage-settings":{"_":"Wi-Fi használat"},"mobile-usage-settings":{"_":"Mobilhasználat"},"im-prepaid":{"_":"Kártyás"},"im-postpaid":{"_":"Számlás"},"reset-data-usage":{"_":"Adathasználat törlése"},"reset-report":{"_":"Jelentés alaphelyzetbe"},"next":{"_":"Tovább"},"back":{"_":"Vissza"},"lets-go":{"_":"Gyerünk!"},"alert":{"_":"Riasztás"},"alert-limit":{"_":"Riasztási szint"},"fte-welcome-title":{"_":"Üdvözöljük"},"data-limit-notification-title2":{"_":"{{limit}} adat felhasználva"},"data-limit-notification-text2":{"_":"A kiválasztott korlát elérve"},"low-balance-notification-title":{"_":"Alacsony egyenleg"},"low-balance-notification-text":{"_":"{{remaining}} telefonos beszélgetés van hátra"},"zero-balance-message":{"_":"Az egyenleg nulla, nincs több telefonos beszélgetés."},"not-available":{"_":"Nem érhető el"},"usage":{"_":"Költségek"},"internet":{"_":"Internet"},"phone":{"_":"Telefonszám"},"loading-interface-data":{"_":"Felületadatok betöltése. Próbálja újra később."},"chart-date-format":{"_":"%b %e"},"verbose-chart-date-format":{"_":"{{em-month}} {{monthday-number}}"},"day-hour-format":{"_":"{{day}}, {{time}}"},"B":{"_":"B"},"KB":{"_":"KB"},"MB":{"_":"MB"},"GB":{"_":"GB"},"weekday-0-long":{"_":"Vasárnap"},"weekday-1-long":{"_":"Hétfő"},"weekday-2-long":{"_":"Kedd"},"weekday-3-long":{"_":"Szerda"},"weekday-4-long":{"_":"Csütörtök"},"weekday-5-long":{"_":"Péntek"},"weekday-6-long":{"_":"Szombat"},"weekday-0-short":{"_":"Va."},"weekday-1-short":{"_":"Hé."},"weekday-2-short":{"_":"Ke."},"weekday-3-short":{"_":"Sze."},"weekday-4-short":{"_":"Csü."},"weekday-5-short":{"_":"Pé."},"weekday-6-short":{"_":"Szo."},"month-0-long":{"_":"Január"},"month-1-long":{"_":"Február"},"month-2-long":{"_":"Március"},"month-3-long":{"_":"Április"},"month-4-long":{"_":"Május"},"month-5-long":{"_":"Június"},"month-6-long":{"_":"Július"},"month-7-long":{"_":"Augusztus"},"month-8-long":{"_":"Szeptember"},"month-9-long":{"_":"Október"},"month-10-long":{"_":"November"},"month-11-long":{"_":"December"},"month-0-genitive":{"_":"Január"},"month-1-genitive":{"_":"Február"},"month-2-genitive":{"_":"Március"},"month-3-genitive":{"_":"Április"},"month-4-genitive":{"_":"Május"},"month-5-genitive":{"_":"Június"},"month-6-genitive":{"_":"Július"},"month-7-genitive":{"_":"Augusztus"},"month-8-genitive":{"_":"Szeptember"},"month-9-genitive":{"_":"Október"},"month-10-genitive":{"_":"November"},"month-11-genitive":{"_":"December"},"month-0-short":{"_":"Jan"},"month-1-short":{"_":"Feb"},"month-2-short":{"_":"Már"},"month-3-short":{"_":"Ápr"},"month-4-short":{"_":"Máj"},"month-5-short":{"_":"Jún"},"month-6-short":{"_":"Júl"},"month-7-short":{"_":"Aug"},"month-8-short":{"_":"Szep"},"month-9-short":{"_":"Okt"},"month-10-short":{"_":"Nov"},"month-11-short":{"_":"Dec"},"minutes-ago-long":{"_":"{[ plural(value) ]}","_[zero]":"épp most","_[one]":"egy perccel ezelőtt","_[two]":"{{value}} perccel ezelőtt","_[few]":"{{value}} perccel ezelőtt","_[many]":"{{value}} perccel ezelőtt","_[other]":"{{value}} perccel ezelőtt"},"hours-ago-long":{"_":"{[ plural(value) ]}","_[zero]":"épp most","_[one]":"egy órája","_[two]":"{{value}} órával ezelőtt","_[few]":"{{value}} órával ezelőtt","_[many]":"{{value}} órával ezelőtt","_[other]":"{{value}} órával ezelőtt"},"days-ago-long":{"_":"{[ plural(value) ]}","_[zero]":"ma","_[one]":"tegnap","_[two]":"{{value}} nappal ezelőtt","_[few]":"{{value}} nappal ezelőtt","_[many]":"{{value}} nappal ezelőtt","_[other]":"{{value}} nappal ezelőtt"},"weeks-ago-long":{"_":"{[ plural(value) ]}","_[zero]":"ez a hét","_[one]":"múlt hét","_[two]":"{{value}} héttel ezelőtt","_[few]":"{{value}} héttel ezelőtt","_[many]":"{{value}} héttel ezelőtt","_[other]":"{{value}} héttel ezelőtt"},"months-ago-long":{"_":"{[ plural(value) ]}","_[zero]":"ez a hónap","_[one]":"előző hónap","_[two]":"{{value}} hónappal ezelőtt","_[few]":"{{value}} hónappal ezelőtt","_[many]":"{{value}} hónappal ezelőtt","_[other]":"{{value}} hónappal ezelőtt"},"years-ago-long":{"_":"{[ plural(value) ]}","_[zero]":"ez az év","_[one]":"tavaly","_[two]":"{{value}} évvel ezelőtt","_[few]":"{{value}} évvel ezelőtt","_[many]":"{{value}} évvel ezelőtt","_[other]":"{{value}} évvel ezelőtt"},"minutes-until-long":{"_":"{[ plural(value) ]}","_[zero]":"most","_[one]":"egy percen belül","_[two]":"{{value}} percen belül","_[few]":"{{value}} percen belül","_[many]":"{{value}} percen belül","_[other]":"{{value}} percen belül"},"hours-until-long":{"_":"{[ plural(value) ]}","_[zero]":"most","_[one]":"egy órán belül","_[two]":"{{value}} órán belül","_[few]":"{{value}} órán belül","_[many]":"{{value}} órán belül","_[other]":"{{value}} órán belül"},"days-until-long":{"_":"{[ plural(value) ]}","_[zero]":"ma","_[one]":"holnap","_[two]":"{{value}} napon belül","_[few]":"{{value}} napon belül","_[many]":"{{value}} napon belül","_[other]":"{{value}} napon belül"},"weeks-until-long":{"_":"{[ plural(value) ]}","_[zero]":"ez a hét","_[one]":"következő hét","_[two]":"{{value}} héten belül","_[few]":"{{value}} héten belül","_[many]":"{{value}} héten belül","_[other]":"{{value}} héten belül"},"months-until-long":{"_":"{[ plural(value) ]}","_[zero]":"ez a hónap","_[one]":"következő hónap","_[two]":"{{value}} héten belül","_[few]":"{{value}} héten belül","_[many]":"{{value}} héten belül","_[other]":"{{value}} héten belül"},"years-until-long":{"_":"{[ plural(value) ]}","_[zero]":"ez az év","_[one]":"következő év","_[two]":"{{value}} éven belül","_[few]":"{{value}} éven belül","_[many]":"{{value}} éven belül","_[other]":"{{value}} éven belül"},"minutes-ago-short":{"_":"{[ plural(value) ]}","_[zero]":"épp most","_[other]":"{{value}}p ezelőtt"},"hours-ago-short":{"_":"{[ plural(value) ]}","_[zero]":"épp most","_[other]":"{{value}}ó ezelőtt"},"days-ago-short":{"_":"{[ plural(value) ]}","_[zero]":"ma","_[other]":"{{value}}n ezelőtt"},"minutes-until-short":{"_":"{[ plural(value) ]}","_[zero]":"most","_[other]":"{{value}} percen belül"},"hours-until-short":{"_":"{[ plural(value) ]}","_[zero]":"most","_[other]":"{{value}} órán belül"},"days-until-short":{"_":"{[ plural(value) ]}","_[zero]":"ma","_[other]":"{{value}} napon belül"},"incorrectDate":{"_":"(helytelen dátum)"},"dateTimeFormat_%c":{"_":"%Y. %b %d %a %H:%M:%S"},"dateTimeFormat_%x":{"_":"%Y. %m. %d."},"dateTimeFormat_%X":{"_":"%H:%M:%S"},"shortTimeFormat":{"_":"%H:%M"},"shortDateTimeFormat":{"_":"%x %H:%M"},"weekStartsOnMonday":{"_":"0"},"time_am":{"_":"DE"},"time_pm":{"_":"DU"}}