{"topup-confirmation-title2":{"_":"Utilizzo"},"topup-confirmation-message":{"_":"Ricarica confermata."},"topup-incorrectcode-title2":{"_":"Utilizzo"},"topup-incorrectcode-message3":{"_":"Codice di ricarica non valido."},"updating":{"_":"Aggiornamento"},"updating-ellipsis":{"_":"Aggiornamento…"},"yesterday":{"_":"Ieri"},"today":{"_":"Oggi"},"never":{"_":"Mai"},"magnitude":{"_":"{{value}} {{unit}}"},"currency":{"_":"{{value}}{{currency}}"},"widget":{"_":"Widget Costi"},"widget-authed-sim-heading":{"_":"Inserita nuova SIM {{provider}}"},"widget-authed-sim-meta":{"_":"Tocca per gestire traffico e dati"},"widget-nonauthed-sim-heading":{"_":"Inserita nuova SIM"},"widget-nonauthed-sim-meta":{"_":"Tocca per gestire l’uso di Internet"},"widget-no-sim2-heading":{"_":"SIM non presente"},"widget-no-sim2-meta":{"_":"Inserire una SIM per attivare i controlli."},"widget-sim-locked-heading":{"_":"Scheda SIM bloccata"},"widget-sim-locked-meta":{"_":"Sbloccare la SIM per attivare i controlli."},"fte":{"_":"Primo utilizzo Costi"},"fte-authed-sim":{"_":"Risparmia tenendo sotto controllo il traffico telefonico e la connessione dati."},"fte-nonauthed-sim":{"_":"Risparmia tenendo sotto controllo l’utilizzo di Internet."},"fte-no-sim":{"_":"Informazioni precise sull’utilizzo di Internet."},"fte-sim-info2":{"_":"Le informazioni sull’utilizzo dei dati provengono direttamente da questo dispositivo. Consultare il proprio fornitore di servizi per informazioni dettagliate sul conto."},"fte-plantype-title":{"_":"Tipo di contratto"},"fte-plantype-hint":{"_":"Selezionare il tipo di contratto in uso con il proprio gestore."},"fte-prepaid2-title":{"_":"Avviso credito scarso"},"fte-prepaid2-hint":{"_":"Imposta un avviso per evitare di esaurire il credito."},"fte-prepaid3-title":{"_":"Rapporto dati e avvisi"},"fte-prepaid3-hint":{"_":"Ricevi rapporti sull’utilizzo di Internet e imposta un avviso per evitare consumi eccessivi."},"fte-postpaid2-title":{"_":"Rapporto dati e telefono"},"fte-postpaid2-hint":{"_":"Ricevi rapporti sull’utilizzo del telefono e di Internet."},"fte-postpaid3-title":{"_":"Avviso dati"},"fte-postpaid3-hint":{"_":"Imposta un avviso per evitare un consumo eccessivo di dati."},"fte-onlydata2-title":{"_":"Rapporto dati"},"fte-onlydata2-hint":{"_":"Ricevi rapporti sull’utilizzo di Internet."},"fte-onlydata3-title":{"_":"Avviso dati"},"fte-onlydata3-hint":{"_":"Imposta un avviso per evitare consumi eccessivi."},"phone-activity":{"_":"Traffico telefonico"},"balance":{"_":"Saldo"},"on-roaming-message2":{"_":"Roaming: nessun aggiornamento automatico del credito. L’aggiornamento manuale potrebbe comportare costi aggiuntivi."},"balance-error-message2":{"_":"Il credito non è stato aggiornato correttamente. Provare ad aggiornarlo manualmente."},"airplane-mode-error-message2":{"_":"Disattivare la modalità aereo per aggiornare credito o ricariche."},"disable-airplane-mode":{"_":"Disattivare la modalità aereo per aggiornare o ricaricare?"},"no-coverage-error-message2":{"_":"È necessario avere copertura telefonica per aggiornare credito e ricariche."},"top-up":{"_":"Ricarica"},"enter-top-up-code":{"_":"Inserire il codice di ricarica"},"top-up-code-explanation2":{"_":"È disponibile sulla scheda da grattare oppure nella ricevuta."},"wait-for-confirmation":{"_":"Riceverai un messaggio di conferma."},"incorrect-code2":{"_":"Assicurarsi che il codice sia corretto e riprovare."},"topup-error2":{"_":"Si è verificato un problema con l’invio del codice. Riprovare nuovamente."},"application-error-title":{"_":"Servizio non disponibile"},"application-error-message":{"_":"Contattare l’operatore telefonico."},"service-unavailable-title":{"_":"Servizio non disponibile"},"service-unavailable-message":{"_":"Nessun aggiornamento o ricarica sono possibili al momento. Riprovare più tardi."},"data-usage":{"_":"Utilizzo dati"},"update-button":{"_":"Aggiorna"},"topup-button2":{"_":"Utilizza codice ricarica"},"topup-ussd-button2":{"_":"Apri menu ricarica"},"ok":{"_":"OK"},"top-up-in-progress2":{"_":"La ricarica è in fase di elaborazione."},"top-up-timed-out2":{"_":"Aggiornare il credito per confermare. Se il credito rimane invariato, provare nuovamente la ricarica."},"on-topup-not-confirmed-title":{"_":"Ricarica non confermata."},"on-topup-not-confirmed-message":{"_":"Provare ad aggiornare il credito o riprovare la ricarica."},"send":{"_":"invia"},"plantype-setup-title":{"_":"Il telefono e il piano dati sono"},"prepaid":{"_":"prepagati"},"postpaid":{"_":"in abbonamento"},"phoneactivity":{"_":"Traffico telefonico"},"short-date-format":{"_":"%d %b"},"sms-sent":{"_":"SMS inviato"},"call-made":{"_":"Chiamate effettuate"},"settings":{"_":"Impostazioni"},"low-balance-alert":{"_":"Avviso credito in esaurimento"},"low-balance-explanation2":{"_":"Quando il credito è inferiore a"},"phone-and-internet-data-report":{"_":"Rapporti utilizzo telefono e Internet"},"starting-on":{"_":"Inizia dal giorno"},"cancel":{"_":"Annulla"},"set":{"_":"Imposta"},"set-day":{"_":"Imposta giorno"},"set-date":{"_":"Imposta data"},"monthly":{"_":"Ogni mese"},"weekly":{"_":"Ogni settimana"},"monday":{"_":"lunedì"},"tuesday":{"_":"martedì"},"wednesday":{"_":"mercoledì"},"thursday":{"_":"giovedì"},"friday":{"_":"venerdì"},"saturday":{"_":"sabato"},"sunday":{"_":"domenica"},"monday-abbr":{"_":"lun"},"tuesday-abbr":{"_":"mar"},"wednesday-abbr":{"_":"mer"},"thursday-abbr":{"_":"gio"},"friday-abbr":{"_":"ven"},"saturday-abbr":{"_":"sab"},"sunday-abbr":{"_":"dom"},"billing-cycle-ends":{"_":"Il ciclo di fatturazione termina"},"tracking-will-reset":{"_":"Il registro verrà azzerato in questa data"},"yes":{"_":"Sì"},"done":{"_":"Fine"},"confirmation":{"_":"Conferma"},"reset-confirmation-warning":{"_":"Tutti i dati verranno eliminati. Procedere con l’azzeramento?"},"reset":{"_":"Azzera"},"reset-wifi":{"_":"Reimposta utilizzo Wi-Fi"},"reset-mobile":{"_":"Reimposta utilizzo mobile"},"reset-all-data-usage":{"_":"Reimposta dati mobile e Wi-Fi"},"not-set":{"_":"Non impostato"},"used":{"_":"Utilizzato"},"limit-passed":{"_":"Oltrepassato limite"},"limit":{"_":"Limite"},"data-limit-header":{"_":"Limite utilizzo dati"},"data-limit-alert":{"_":"Avviso utilizzo dati"},"data-limit-value2":{"_":"Quando l’utilizzo supera"},"data-limit-dialog-title2":{"_":"Inserire un limite per l’avviso di utilizzo dati"},"data-limit-dialog-explanation2":{"_":"La velocità di connessione viene ridotta una volta raggiunto il limite. Contattare il proprio gestore per determinare un limite adeguato."},"wifi-usage":{"_":"Utilizzo Wi-Fi"},"mobile-usage":{"_":"Utilizzo dati"},"wifi-usage-settings":{"_":"Utilizzo Wi-Fi"},"mobile-usage-settings":{"_":"Utilizzo dati"},"im-prepaid":{"_":"Ricaricabile"},"im-postpaid":{"_":"Abbonamento"},"reset-data-usage":{"_":"Reimposta utilizzo dati"},"reset-report":{"_":"Reimposta rapporto"},"next":{"_":"Avanti"},"back":{"_":"Indietro"},"lets-go":{"_":"Inizia"},"alert":{"_":"Avviso"},"alert-limit":{"_":"Limite avviso"},"fte-welcome-title":{"_":"Benvenuto"},"data-limit-notification-title2":{"_":"{{limit}} di dati utilizzati"},"data-limit-notification-text2":{"_":"È stato raggiunto il limite selezionato"},"low-balance-notification-title":{"_":"Credito basso"},"low-balance-notification-text":{"_":"{{remaining}} credito telefonico rimanente"},"zero-balance-message":{"_":"Credito telefonico esaurito."},"not-available":{"_":"Non disponibile"},"usage":{"_":"Utilizzo"},"internet":{"_":"Internet"},"phone":{"_":"Telefono"},"loading-interface-data":{"_":"Caricamento dati interfaccia. Riprovare in seguito."},"chart-date-format":{"_":"%e %b"},"verbose-chart-date-format":{"_":"{{em-month}} {{monthday-number}}"},"day-hour-format":{"_":"{{day}}, {{time}}"},"B":{"_":"B"},"KB":{"_":"kB"},"MB":{"_":"MB"},"GB":{"_":"GB"},"widget-airplane-mode-heading":{"_":"Modalità aereo"},"widget-airplane-mode-meta":{"_":"Disattivare la modalità aereo per utilizzare Costi."},"weekday-0-long":{"_":"domenica"},"weekday-1-long":{"_":"lunedì"},"weekday-2-long":{"_":"martedì"},"weekday-3-long":{"_":"mercoledì"},"weekday-4-long":{"_":"giovedì"},"weekday-5-long":{"_":"venerdì"},"weekday-6-long":{"_":"sabato"},"weekday-0-short":{"_":"dom"},"weekday-1-short":{"_":"lun"},"weekday-2-short":{"_":"mar"},"weekday-3-short":{"_":"mer"},"weekday-4-short":{"_":"gio"},"weekday-5-short":{"_":"ven"},"weekday-6-short":{"_":"sab"},"month-0-long":{"_":"gennaio"},"month-1-long":{"_":"febbraio"},"month-2-long":{"_":"marzo"},"month-3-long":{"_":"aprile"},"month-4-long":{"_":"maggio"},"month-5-long":{"_":"giugno"},"month-6-long":{"_":"luglio"},"month-7-long":{"_":"agosto"},"month-8-long":{"_":"settembre"},"month-9-long":{"_":"ottobre"},"month-10-long":{"_":"novembre"},"month-11-long":{"_":"dicembre"},"month-0-genitive":{"_":"gennaio"},"month-1-genitive":{"_":"febbraio"},"month-2-genitive":{"_":"marzo"},"month-3-genitive":{"_":"aprile"},"month-4-genitive":{"_":"maggio"},"month-5-genitive":{"_":"giugno"},"month-6-genitive":{"_":"luglio"},"month-7-genitive":{"_":"agosto"},"month-8-genitive":{"_":"settembre"},"month-9-genitive":{"_":"ottobre"},"month-10-genitive":{"_":"novembre"},"month-11-genitive":{"_":"dicembre"},"month-0-short":{"_":"gen"},"month-1-short":{"_":"feb"},"month-2-short":{"_":"mar"},"month-3-short":{"_":"apr"},"month-4-short":{"_":"mag"},"month-5-short":{"_":"giu"},"month-6-short":{"_":"lug"},"month-7-short":{"_":"ago"},"month-8-short":{"_":"set"},"month-9-short":{"_":"ott"},"month-10-short":{"_":"nov"},"month-11-short":{"_":"dic"},"minutes-ago-long":{"_":"{[ plural(value) ]}","_[zero]":"adesso","_[one]":"un minuto fa","_[two]":"{{value}} minuti fa","_[few]":"{{value}} minuti fa","_[many]":"{{value}} minuti fa","_[other]":"{{value}} minuti fa"},"hours-ago-long":{"_":"{[ plural(value) ]}","_[zero]":"adesso","_[one]":"un’ora fa","_[two]":"{{value}} ore fa","_[few]":"{{value}} ore fa","_[many]":"{{value}} ore fa","_[other]":"{{value}} ore fa"},"days-ago-long":{"_":"{[ plural(value) ]}","_[zero]":"oggi","_[one]":"ieri","_[two]":"{{value}} giorni fa","_[few]":"{{value}} giorni fa","_[many]":"{{value}} giorni fa","_[other]":"{{value}} giorni fa"},"weeks-ago-long":{"_":"{[ plural(value) ]}","_[zero]":"questa settimana","_[one]":"settimana scorsa","_[two]":"{{value}} settimane fa","_[few]":"{{value}} settimane fa","_[many]":"{{value}} settimane fa","_[other]":"{{value}} settimane fa"},"months-ago-long":{"_":"{[ plural(value) ]}","_[zero]":"questo mese","_[one]":"mese scorso","_[two]":"{{value}} mesi fa","_[few]":"{{value}} mesi fa","_[many]":"{{value}} mesi fa","_[other]":"{{value}} mesi fa"},"years-ago-long":{"_":"{[ plural(value) ]}","_[zero]":"quest’anno","_[one]":"anno scorso","_[two]":"{{value}} anni fa","_[few]":"{{value}} anni fa","_[many]":"{{value}} anni fa","_[other]":"{{value}} anni fa"},"minutes-until-long":{"_":"{[ plural(value) ]}","_[zero]":"adesso","_[one]":"tra un minuto","_[two]":"tra {{value}} minuti","_[few]":"tra {{value}} minuti","_[many]":"tra {{value}} minuti","_[other]":"tra {{value}} minuti"},"hours-until-long":{"_":"{[ plural(value) ]}","_[zero]":"adesso","_[one]":"tra un’ora","_[two]":"tra {{value}} ore","_[few]":"tra {{value}} ore","_[many]":"tra {{value}} ore","_[other]":"tra {{value}} ore"},"days-until-long":{"_":"{[ plural(value) ]}","_[zero]":"oggi","_[one]":"domani","_[two]":"tra {{value}} giorni","_[few]":"tra {{value}} giorni","_[many]":"tra {{value}} giorni","_[other]":"tra {{value}} giorni"},"weeks-until-long":{"_":"{[ plural(value) ]}","_[zero]":"questa settimana","_[one]":"prossima settimana","_[two]":"tra {{value}} settimane","_[few]":"tra {{value}} settimane","_[many]":"tra {{value}} settimane","_[other]":"tra {{value}} settimane"},"months-until-long":{"_":"{[ plural(value) ]}","_[zero]":"questo mese","_[one]":"prossimo mese","_[two]":"in {{value}} mesi","_[few]":"tra {{value}} mesi","_[many]":"tra {{value}} mesi","_[other]":"in {{value}} mesi"},"years-until-long":{"_":"{[ plural(value) ]}","_[zero]":"quest’anno","_[one]":"prossimo anno","_[two]":"tra {{value}} anni","_[few]":"tra {{value}} anni","_[many]":"tra {{value}} anni","_[other]":"tra {{value}} anni"},"minutes-ago-short":{"_":"{[ plural(value) ]}","_[zero]":"adesso","_[other]":"{{value}}m fa"},"hours-ago-short":{"_":"{[ plural(value) ]}","_[zero]":"adesso","_[other]":"{{value}}h fa"},"days-ago-short":{"_":"{[ plural(value) ]}","_[zero]":"oggi","_[other]":"{{value}}g fa"},"minutes-until-short":{"_":"{[ plural(value) ]}","_[zero]":"adesso","_[other]":"tra {{value}}m"},"hours-until-short":{"_":"{[ plural(value) ]}","_[zero]":"adesso","_[other]":"tra {{value}}h"},"days-until-short":{"_":"{[ plural(value) ]}","_[zero]":"oggi","_[other]":"tra {{value}}d"},"incorrectDate":{"_":"(data errata)"},"dateTimeFormat_%c":{"_":"%a %e %b %Y %H:%M:%S"},"dateTimeFormat_%x":{"_":"%d/%m/%Y"},"dateTimeFormat_%X":{"_":"%H:%M:%S"},"shortTimeFormat":{"_":"%H:%M"},"shortDateTimeFormat":{"_":"%x %H:%M"},"weekStartsOnMonday":{"_":"1"},"time_am":{"_":"AM"},"time_pm":{"_":"PM"}}