{"topup-confirmation-title2":{"_":"Usage"},"topup-confirmation-message":{"_":"チャージを確認しました"},"topup-incorrectcode-title2":{"_":"Usage"},"topup-incorrectcode-message3":{"_":"入力されたチャージコードが正しくありません。"},"updating":{"_":"更新中"},"updating-ellipsis":{"_":"更新中…"},"yesterday":{"_":"昨日"},"today":{"_":"今日"},"never":{"_":"繰り返しなし"},"magnitude":{"_":"{{value}} {{unit}}"},"currency":{"_":"{{currency}}{{value}}"},"widget":{"_":"Usage ウィジェット"},"widget-authed-sim-heading":{"_":"新しい {{provider}} の SIM カードが挿入されました"},"widget-authed-sim-meta":{"_":"通話時間とデータ通信量を追跡するにはタップしてください。"},"widget-nonauthed-sim-heading":{"_":"新しい SIM カードが挿入されました"},"widget-nonauthed-sim-meta":{"_":"データ通信量を追跡するにはタップしてください。"},"widget-no-sim2-heading":{"_":"SIM カードが挿入されていません"},"widget-no-sim2-meta":{"_":"Usage を有効にするには SIM カードを挿入してください。"},"widget-sim-locked-heading":{"_":"SIM カードがロックされています"},"widget-sim-locked-meta":{"_":"Usage を有効にするには SIM カードのロックを解除してください。"},"fte":{"_":"Usage 初回案内"},"fte-authed-sim":{"_":"通話時間とデータ通信量を追跡して料金を節約しましょう。"},"fte-nonauthed-sim":{"_":"データ通信量を追跡して料金を節約しましょう。"},"fte-no-sim":{"_":"インターネットの使用量についての明確な情報を得てください。"},"fte-sim-info2":{"_":"Usage に表示される情報は、この端末から直接得られたものです。アカウント情報の詳細は、ご利用の携帯サービス事業者に確認してください。"},"fte-plantype-title":{"_":"契約プラン"},"fte-plantype-hint":{"_":"ご利用の携帯サービス事業者と契約している料金プランを選択します。"},"fte-prepaid2-title":{"_":"残高不足警告"},"fte-prepaid2-hint":{"_":"クレジットの残高不足を避けるための警告をセットします。"},"fte-prepaid3-title":{"_":"データレポートと警告"},"fte-prepaid3-hint":{"_":"インターネットのデータ通信量についてのレポートを受け取り、過多を避けるための警告をセットします。"},"fte-postpaid2-title":{"_":"通話料とデータレポート"},"fte-postpaid2-hint":{"_":"通話料とインターネットのデータ通信量についてのレポートを受け取ります。"},"fte-postpaid3-title":{"_":"データ警告"},"fte-postpaid3-hint":{"_":"データ通信量の過多を避けるための警告をセットします。"},"fte-onlydata2-title":{"_":"データレポート"},"fte-onlydata2-hint":{"_":"インターネットのデータ通信量についてのレポートを受け取ります。"},"fte-onlydata3-title":{"_":"データ警告"},"fte-onlydata3-hint":{"_":"データ通信量の過多を避けるための警告をセットします。"},"phone-activity":{"_":"端末の使用状況"},"balance":{"_":"残高"},"on-roaming-message2":{"_":"ローミング: 残高は自動更新されません。手動で更新するとチャージ分が適用されます。"},"balance-error-message2":{"_":"残高を正しく更新できませんでした。手動で更新してください。"},"airplane-mode-error-message2":{"_":"残高を更新やチャージをするには機内モードを OFF にしてください。"},"disable-airplane-mode":{"_":"更新またはチャージするために機内モードを OFF にしますか？"},"no-coverage-error-message2":{"_":"残高の更新やチャージをするには通話圏内に移動する必要があります。"},"top-up":{"_":"チャージ"},"enter-top-up-code":{"_":"チャージコードを入力してください"},"top-up-code-explanation2":{"_":"コードはスクラッチカードまたはレシートに直接書かれています。"},"wait-for-confirmation":{"_":"確認メッセージを受信してください"},"incorrect-code2":{"_":"コードが正しいか確認して再度試してください。"},"topup-error2":{"_":"コードの送信時に問題が発生しました。再度試してください。"},"application-error-title":{"_":"サービスが利用できません"},"application-error-message":{"_":"ご利用の代理店にお問い合わせください"},"service-unavailable-title":{"_":"サービスが利用できません"},"service-unavailable-message":{"_":"現在、更新もチャージもできません。後で再度試してください。"},"data-usage":{"_":"データ使用状況"},"update-button":{"_":"更新"},"topup-button2":{"_":"チャージコードを使用"},"topup-ussd-button2":{"_":"チャージメニューを開く"},"ok":{"_":"OK"},"top-up-in-progress2":{"_":"チャージ処理中です。"},"top-up-timed-out2":{"_":"確認するには残高を更新してください。残高が変わらない場合は、チャージを再度試してください。"},"on-topup-not-confirmed-title":{"_":"チャージが確認できません"},"on-topup-not-confirmed-message":{"_":"残高を更新するかチャージを再度試してください。"},"send":{"_":"送信"},"plantype-setup-title":{"_":"携帯電話とインターネットのプラン"},"prepaid":{"_":"プリペイド"},"postpaid":{"_":"後払い"},"phoneactivity":{"_":"通話の使用状況"},"short-date-format":{"_":"%b, %d"},"sms-sent":{"_":"SMS 送信"},"call-made":{"_":"通話回数"},"settings":{"_":"設定"},"low-balance-alert":{"_":"残高警告"},"low-balance-explanation2":{"_":"残高が次の値未満の時"},"phone-and-internet-data-report":{"_":"通話とインターネットデータのレポート"},"starting-on":{"_":"開始日"},"cancel":{"_":"キャンセル"},"set":{"_":"セット"},"set-day":{"_":"曜日指定"},"set-date":{"_":"日付指定"},"monthly":{"_":"毎月"},"weekly":{"_":"毎週"},"monday":{"_":"月曜日"},"tuesday":{"_":"火曜日"},"wednesday":{"_":"水曜日"},"thursday":{"_":"木曜日"},"friday":{"_":"金曜日"},"saturday":{"_":"土曜日"},"sunday":{"_":"日曜日"},"monday-abbr":{"_":"月"},"tuesday-abbr":{"_":"火"},"wednesday-abbr":{"_":"水"},"thursday-abbr":{"_":"木"},"friday-abbr":{"_":"金"},"saturday-abbr":{"_":"土"},"sunday-abbr":{"_":"日"},"billing-cycle-ends":{"_":"請求締日"},"tracking-will-reset":{"_":"請求期間はこの日にリセットされます"},"yes":{"_":"はい"},"done":{"_":"完了"},"confirmation":{"_":"確認"},"reset-confirmation-warning":{"_":"現在のすべてのデータが削除されます。本当にリセットしてもよろしいですか？"},"reset":{"_":"リセット"},"reset-wifi":{"_":"Wi-Fi 使用量をリセット"},"reset-mobile":{"_":"Mobile 使用量をリセット"},"reset-all-data-usage":{"_":"Mobile と Wi-Fi のデータをリセット"},"not-set":{"_":"未指定"},"used":{"_":"使用"},"limit-passed":{"_":"制限超過"},"limit":{"_":"制限"},"data-limit-header":{"_":"データ通信量制限"},"data-limit-alert":{"_":"データ通信量警告"},"data-limit-value2":{"_":"通信量が次の値以上の時"},"data-limit-dialog-title2":{"_":"データ通信量の制限サイズを入力してください"},"data-limit-dialog-explanation2":{"_":"制限サイズに達すると接続速度が低下します。データプロバイダで確認して適切な警告レベルをセットしてください。"},"wifi-usage":{"_":"Wi-Fi 使用量"},"mobile-usage":{"_":"モバイル通信使用量"},"wifi-usage-settings":{"_":"Wi-Fi 使用量"},"mobile-usage-settings":{"_":"モバイル通信使用量"},"im-prepaid":{"_":"プリペイド (前払い) です"},"im-postpaid":{"_":"後払いです"},"reset-data-usage":{"_":"データ通信使用量をリセット"},"reset-report":{"_":"レポートをリセット"},"next":{"_":"次へ"},"back":{"_":"戻る"},"lets-go":{"_":"開始！"},"alert":{"_":"警告"},"alert-limit":{"_":"警告する通信制限量"},"fte-welcome-title":{"_":"ようこそ"},"data-limit-notification-title2":{"_":"データ通信を {{limit}} 使用しました"},"data-limit-notification-text2":{"_":"指定した限度に達しました"},"low-balance-notification-title":{"_":"残高が少なくなっています"},"low-balance-notification-text":{"_":"通話クレジットは残り {{remaining}} です"},"zero-balance-message":{"_":"残高が 0 になりました。通話クレジットは残っていません。"},"not-available":{"_":"利用不可"},"usage":{"_":"使用量"},"internet":{"_":"インターネット"},"phone":{"_":"通話"},"loading-interface-data":{"_":"インターフェースデータの読み込み中です。しばらく後に再度お試しください。"},"chart-date-format":{"_":"%b%e日"},"verbose-chart-date-format":{"_":"{{em-month}}{{monthday-number}}"},"day-hour-format":{"_":"{{day}}, {{time}}"},"B":{"_":"B"},"KB":{"_":"KB"},"MB":{"_":"MB"},"GB":{"_":"GB"},"weekday-0-long":{"_":"日曜日"},"weekday-1-long":{"_":"月曜日"},"weekday-2-long":{"_":"火曜日"},"weekday-3-long":{"_":"水曜日"},"weekday-4-long":{"_":"木曜日"},"weekday-5-long":{"_":"金曜日"},"weekday-6-long":{"_":"土曜日"},"weekday-0-short":{"_":"日"},"weekday-1-short":{"_":"月"},"weekday-2-short":{"_":"火"},"weekday-3-short":{"_":"水"},"weekday-4-short":{"_":"木"},"weekday-5-short":{"_":"金"},"weekday-6-short":{"_":"土"},"month-0-long":{"_":"1月"},"month-1-long":{"_":"2月"},"month-2-long":{"_":"3月"},"month-3-long":{"_":"4月"},"month-4-long":{"_":"5月"},"month-5-long":{"_":"6月"},"month-6-long":{"_":"7月"},"month-7-long":{"_":"8月"},"month-8-long":{"_":"9月"},"month-9-long":{"_":"10月"},"month-10-long":{"_":"11月"},"month-11-long":{"_":"12月"},"month-0-genitive":{"_":"1月"},"month-1-genitive":{"_":"2月"},"month-2-genitive":{"_":"3月"},"month-3-genitive":{"_":"4月"},"month-4-genitive":{"_":"5月"},"month-5-genitive":{"_":"6月"},"month-6-genitive":{"_":"7月"},"month-7-genitive":{"_":"8月"},"month-8-genitive":{"_":"9月"},"month-9-genitive":{"_":"10月"},"month-10-genitive":{"_":"11月"},"month-11-genitive":{"_":"12月"},"month-0-short":{"_":"1月"},"month-1-short":{"_":"2月"},"month-2-short":{"_":"3月"},"month-3-short":{"_":"4月"},"month-4-short":{"_":"5月"},"month-5-short":{"_":"6月"},"month-6-short":{"_":"7月"},"month-7-short":{"_":"8月"},"month-8-short":{"_":"9月"},"month-9-short":{"_":"10月"},"month-10-short":{"_":"11月"},"month-11-short":{"_":"12月"},"minutes-ago-long":{"_":"{[ plural(value) ]}","_[zero]":"現在","_[one]":"1分前","_[two]":"{{value}}分前","_[few]":"{{value}}分前","_[many]":"{{value}}分前","_[other]":"{{value}}分前"},"hours-ago-long":{"_":"{[ plural(value) ]}","_[zero]":"現在","_[one]":"1時間前","_[two]":"{{value}}時間前","_[few]":"{{value}}時間前","_[many]":"{{value}}時間前","_[other]":"{{value}}時間前"},"days-ago-long":{"_":"{[ plural(value) ]}","_[zero]":"今日","_[one]":"昨日","_[two]":"{{value}}日前","_[few]":"{{value}}日前","_[many]":"{{value}}日前","_[other]":"{{value}}日前"},"weeks-ago-long":{"_":"{[ plural(value) ]}","_[zero]":"今週","_[one]":"先週","_[two]":"{{value}}週間前","_[few]":"{{value}}週間前","_[many]":"{{value}}週間前","_[other]":"{{value}}週間前"},"months-ago-long":{"_":"{[ plural(value) ]}","_[zero]":"今月","_[one]":"先月","_[two]":"{{value}}か月前","_[few]":"{{value}}か月前","_[many]":"{{value}}か月前","_[other]":"{{value}}か月前"},"years-ago-long":{"_":"{[ plural(value) ]}","_[zero]":"今年","_[one]":"昨年","_[two]":"{{value}}年前","_[few]":"{{value}}年前","_[many]":"{{value}}年前","_[other]":"{{value}}年前"},"minutes-until-long":{"_":"{[ plural(value) ]}","_[zero]":"現在","_[one]":"1分後","_[two]":"{{value}}分後","_[few]":"{{value}}分後","_[many]":"{{value}}分後","_[other]":"{{value}}分後"},"hours-until-long":{"_":"{[ plural(value) ]}","_[zero]":"現在","_[one]":"1時間後","_[two]":"{{value}}時間後","_[few]":"{{value}}時間後","_[many]":"{{value}}時間後","_[other]":"{{value}}時間後"},"days-until-long":{"_":"{[ plural(value) ]}","_[zero]":"今日","_[one]":"明日","_[two]":"{{value}}日後","_[few]":"{{value}}日後","_[many]":"{{value}}日後","_[other]":"{{value}}日後"},"weeks-until-long":{"_":"{[ plural(value) ]}","_[zero]":"今週","_[one]":"来週","_[two]":"{{value}}週間後","_[few]":"{{value}}週間後","_[many]":"{{value}}週間後","_[other]":"{{value}}週間後"},"months-until-long":{"_":"{[ plural(value) ]}","_[zero]":"今月","_[one]":"来月","_[two]":"{{value}}か月後","_[few]":"{{value}}か月後","_[many]":"{{value}}か月後","_[other]":"{{value}}か月後"},"years-until-long":{"_":"{[ plural(value) ]}","_[zero]":"今年","_[one]":"来年","_[two]":"{{value}}年後","_[few]":"{{value}}年後","_[many]":"{{value}}年後","_[other]":"{{value}}年後"},"minutes-ago-short":{"_":"{[ plural(value) ]}","_[zero]":"今","_[other]":"{{value}}分前"},"hours-ago-short":{"_":"{[ plural(value) ]}","_[zero]":"今","_[other]":"{{value}}時間前"},"days-ago-short":{"_":"{[ plural(value) ]}","_[zero]":"今日","_[other]":"{{value}}日前"},"minutes-until-short":{"_":"{[ plural(value) ]}","_[zero]":"今","_[other]":"{{value}}分後"},"hours-until-short":{"_":"{[ plural(value) ]}","_[zero]":"今","_[other]":"{{value}}時間後"},"days-until-short":{"_":"{[ plural(value) ]}","_[zero]":"今日","_[other]":"{{value}}日後"},"incorrectDate":{"_":"(日付が不正です)"},"dateTimeFormat_%c":{"_":"%Y年%b%e日(%a) %I:%M:%S %p"},"dateTimeFormat_%x":{"_":"%Y/%m/%d"},"dateTimeFormat_%X":{"_":"%I:%M:%S %p"},"shortTimeFormat":{"_":"%I:%M %p"},"shortDateTimeFormat":{"_":"%x %I:%M %p"},"weekStartsOnMonday":{"_":"0"},"time_am":{"_":"午前"},"time_pm":{"_":"午後"}}