{"topup-confirmation-title2":{"_":"ការ​ប្រើប្រាស់"},"topup-confirmation-message":{"_":"បាន​អះអាង​ពេញ​លេញ"},"topup-incorrectcode-title2":{"_":"ការ​ប្រើប្រាស់"},"topup-incorrectcode-message3":{"_":"បាន​បញ្ចូល​លេខ​កូដ​បំពេញ​មិន​ត្រឹមត្រូវ។"},"updating":{"_":"ធ្វើ​បច្ចុប្បន្នភាព"},"updating-ellipsis":{"_":"កំពុង​ធ្វើ​បច្ចុប្បន្នភាព..."},"yesterday":{"_":"ម្សិលមិញ"},"today":{"_":"ថ្ងៃ​នេះ"},"never":{"_":"មិនដែល"},"magnitude":{"_":"{{value}} {{unit}}"},"currency":{"_":"{{currency}}{{value}}"},"widget":{"_":"ការ​ប្រើ​ធាតុ​ក្រាហ្វិក"},"widget-authed-sim-heading":{"_":"បាន​បញ្ចូល SIM {{provider}} ថ្មី"},"widget-authed-sim-meta":{"_":"ចុច​ដើម្បី​តាមដាន​ការ​ប្រើ​ទូរស័ព្ទ និង​​​អ៊ីនធឺណិត​របស់​អ្នក។"},"widget-nonauthed-sim-heading":{"_":"បាន​បញ្ចូល​ SIM ថ្មី"},"widget-nonauthed-sim-meta":{"_":"ចុច​ដើម្បី​តាមដាន​ការ​ប្រើ​អ៊ីនធឺណិត​របស់​អ្នក។"},"widget-no-sim2-heading":{"_":"មិន​បាន​បញ្ចូល SIM"},"widget-no-sim2-meta":{"_":"បញ្ចូល​ SIM កាត​ដើម្បី​អាច​ប្រើ​បាន។"},"widget-sim-locked-heading":{"_":"បាន​ចាក់សោ​ SIM"},"widget-sim-locked-meta":{"_":"ដោះ​សោ​ SIM កាត​របស់​អ្នក​ដើម្បី​អាច​ប្រើ​បាន។"},"fte":{"_":"ប្រើប្រាស់ First Time Experience"},"fte-authed-sim":{"_":"សន្សំ​ប្រាក់​ដោយ​បន្ត​តាមដាន​ការ​ប្រើប្រាស់​ទូរស័ព្ទ និង​អ៊ីនធឺណិត​របស់​អ្នក។"},"fte-nonauthed-sim":{"_":"សន្សំ​ប្រាក់​ដោយ​បន្ត​តាមដាន​ការ​ប្រើប្រាស់​អ៊ីនធឺណិត​របស់​អ្នក។"},"fte-no-sim":{"_":"ទទួល​បាន​ព័ត៌មាន​ច្បាស់​អំពី​ចំនួន​​អ៊ីនធឺណិត​ដែល​អ្នក​កំពុង​ប្រើ។"},"fte-sim-info2":{"_":"ព័ត៌មាន​​​​​ពី​ការ​ប្រើប្រាស់​ដែល​បាន​បង្ហាញ​​យក​ចេញ​ផ្ទាល់​ពី​ឧបករណ៍​នេះ។ ពិនិត្យ​​ជាមួយ​ក្រុមហ៊ុន​ផ្ដល់​សេវា​ទូរស័ព្ទ​របស់​អ្នក​សម្រាប់​ព័ត៌មាន​លម្អិត​​អំពី​គណនី។"},"fte-plantype-title":{"_":"ប្រភេទ​នៃ​កិច្ចសន្យា"},"fte-plantype-hint":{"_":"ជ្រើស​ប្រភេទ​នៃ​កិច្ចសន្យា​ដែល​អ្នក​មាន​ជាមួយ​ក្រុមហ៊ុន​ផ្ដល់​សេវា​ទូរស័ព្ទ​របស់​អ្នក។"},"fte-prepaid2-title":{"_":"ជូនដំណឹង​ពេល​​សមតុល្យ​កម្រិត"},"fte-prepaid2-hint":{"_":"ផ្ញើ​ការ​ជូនដំណឹង​ដើម្បី​ជៀសវាង​​​​ពេល​អស់​ប្រាក់។"},"fte-prepaid3-title":{"_":"របាយការណ៍ និង​ការ​ជូន​ដំណឹង​ទិន្នន័យ"},"fte-prepaid3-hint":{"_":"ទទួល​បាន​របាយការណ៍​អំពី​ការ​ប្រើប្រាស់​អ៊ីនធឺណិត​របស់​អ្នក និង​កំណត់​ការ​ជូនដំណឹង​ដើម្បី​ជៀសវាង​ការ​ប្រើ​ច្រើន​ពេក។"},"fte-postpaid2-title":{"_":"របាយការណ៍​ទូរស័ព្ទ និង​ទិន្នន័យ"},"fte-postpaid2-hint":{"_":"ទទួល​របាយការណ៍​អំពី​ការ​ប្រើប្រាស់​ទូរស័ព្ទ និង​អ៊ីនធឺណិត​របស់​អ្នក។"},"fte-postpaid3-title":{"_":"ជូនដំណឹង​​អំពី​​ទិន្នន័យ"},"fte-postpaid3-hint":{"_":"កំណត់​​ការ​ជូនដំណឹង​ដើម្បី​ជៀសវាង​ការ​ប្រើ​ទិន្នន័យ​ច្រើន​ពេក។"},"fte-onlydata2-title":{"_":"របាយការណ៍​ទិន្នន័យ"},"fte-onlydata2-hint":{"_":"ទទួល​របាយការណ៍​អំពី​ការ​ប្រើប្រាស់​អ៊ីនធឺណិត​របស់​អ្នក។"},"fte-onlydata3-title":{"_":"ការ​ជូនដំណឹង​​អំពី​ទិន្នន័យ"},"fte-onlydata3-hint":{"_":"កំណត់​​ការ​ជូនដំណឹង​ដើម្បី​ជៀសវាង​ការ​ប្រើ​ទិន្នន័យ​ច្រើន​ពេក។"},"phone-activity":{"_":"សកម្មភាព​ទូរស័ព្ទ"},"balance":{"_":"សមតុល្យ"},"on-roaming-message2":{"_":"រ៉ូមីង៖ គ្មាន​បច្ចុប្បន្នភាព​​សមតុល្យ​​​ស្វ័យប្រវត្តិ​ទេ។ អ្នក​អាច​នឹង​ត្រូវ​បាន​ផ្លាស់ប្ដូរ​សម្រាប់​​ការ​ធ្វើ​បច្ចុប្បន្នភាព​ដោយ​ដៃ។"},"balance-error-message2":{"_":"សមតុល្យ​​មិន​បាន​ធ្វើ​បច្ចុប្បន្នភាព​ត្រឹមត្រូវ។ ព្យាយាម​ធ្វើ​បច្ចុប្បន្នភាព​ដោយ​ដៃ។"},"airplane-mode-error-message2":{"_":"បិទ​របៀប​​ជិះ​យន្តហោះ​ដើម្បី​ធ្វើ​បច្ចុប្បន្នភាពសមតុល្យ ឬ​ការ​បំពេញ​របស់​អ្នក។"},"disable-airplane-mode":{"_":"តើ​អ្នក​ចង់​បិទ​របៀប​លើ​យន្តហោះ​ដើម្បី​ធ្វើ​បច្ចុប្បន្នភាព ឬ​បំពេញ​មែនទេ?"},"no-coverage-error-message2":{"_":"អ្នក​ត្រូវ​មាន​សេវា​ទូរស័ព្ទ​ដើម្បី​ធ្វើ​បច្ចុប្បន្នភាព​សមតុល្យ​ ឬ​ការ​បំពេញ​របស់​អ្នក។"},"top-up":{"_":"បំពេញ"},"enter-top-up-code":{"_":"បញ្ចូល​លេខ​កូដ​បំពេញ"},"top-up-code-explanation2":{"_":"រក​ឃើញ​​វា​​នៅ​​លើ​​កាត​​ឆូត ឬ​​ឃើញ​​ផ្ទាល់​​នៅ​ក្នុង​​​បង្កាន់​ដៃ​របស់​​អ្នក។"},"wait-for-confirmation":{"_":"អ្នក​នឹង​ទទួល​បាន​សារ​ដើម្បី​បញ្ជាក់"},"incorrect-code2":{"_":"ប្រាកដ​ថា​លេខ​កូដ​ត្រឹមត្រូវ និង​ព្យាយាម​ម្ដង​ទៀត។"},"topup-error2":{"_":"មាន​បញ្ហា​ពេល​ផ្ញើ​លេខ​កូដ។ សូម​ព្យាយាម​ម្ដង​ទៀត។"},"application-error-title":{"_":"មិន​មាន​សេវាកម្ម​ទេ"},"application-error-message":{"_":"ទាក់ទង​អ្នក​តំណាង​ក្រុមហ៊ុន​របស់​អ្នក"},"service-unavailable-title":{"_":"មិន​មាន​សេវាកម្ម​ទេ"},"service-unavailable-message":{"_":"មិន​មាន​បច្ចុប្បន្នភាព ឬ​ការ​បំពេញ​​ដែល​អាច​ធ្វើ​បាន​នៅ​ពេល​នេះ។ សូម​ព្យាយាម​ម្ដង​ទៀ។"},"data-usage":{"_":"ការ​ប្រើប្រាស់​ទិន្នន័យ"},"update-button":{"_":"ធ្វើបច្ចុប្បន្នភាព"},"topup-button2":{"_":"ប្រើ​លេខ​កូដ​បំពេញ"},"topup-ussd-button2":{"_":"បើក​ម៉ឺនុយ​បំពេញ"},"ok":{"_":"យល់​ព្រម"},"top-up-in-progress2":{"_":"ការ​បំពេញ​របស់​អ្នក​កំពុង​ដំណើរការ។"},"top-up-timed-out2":{"_":"ធ្វើ​បច្ចុប្បន្នភាព​សមតុល្យ​របស់​អ្នក​ដើម្បី​បញ្ជាក់។ ប្រសិន​បើ​សមតុល្យ​មិន​ត្រូវ​បាន​ផ្លាស់ប្ដូរ ព្យាយាម​បញ្ចូល​ទឹកប្រាក់​ម្ដង​ទៀត។"},"on-topup-not-confirmed-title":{"_":"មិន​បាន​បញ្ជាក់​ការ​បំពេញ"},"on-topup-not-confirmed-message":{"_":"ព្យាយាម​ធ្វើ​បច្ចុប្បន្នភាព​​សមតុល្យ​​របស់​អ្នក ឬ​ព្យាយាម​បំពេញ​ឡើងវិញ។"},"send":{"_":"ផ្ញើ"},"plantype-setup-title":{"_":"ផែនការ​ទូរស័ព្ទ និង​អ៊ីនធឺណិត​របស់​ខ្ញុំ​គឺ"},"prepaid":{"_":"បង់​មុន"},"postpaid":{"_":"បង់​ពេល​ក្រោយ"},"phoneactivity":{"_":"សកម្មភាព​ទូរស័ព្ទ"},"short-date-format":{"_":"%b, %d"},"sms-sent":{"_":"បាន​ផ្ញើ​​សារ SMS"},"call-made":{"_":"បាន​ធ្វើ​ការ​ហៅ"},"settings":{"_":"ការ​កំណត់"},"low-balance-alert":{"_":"ជូនដំណឹង​​ពេល​សមតុល្យ​​​​មាន​កម្រិត​ទាប"},"low-balance-explanation2":{"_":"នៅ​ពេល​​សមតុល្យ​នៅ​ក្រោម"},"phone-and-internet-data-report":{"_":"របាយការណ៍​ទិន្នន័យ​​ទូរស័ព្ទ និង​អ៊ីនធឺណិត"},"starting-on":{"_":"ចាប់ផ្ដើមនៅ"},"cancel":{"_":"បោះបង់"},"set":{"_":"កំណត់"},"set-day":{"_":"កំណត់​ថ្ងៃ"},"set-date":{"_":"កំណត់​កាលបរិច្ឆេទ"},"monthly":{"_":"រាល់ខែ"},"weekly":{"_":"រាល់​សប្ដាហ៍"},"monday":{"_":"ច័ន្ទ"},"tuesday":{"_":"អង្គារ"},"wednesday":{"_":"ពុធ"},"thursday":{"_":"ព្រហស្បតិ៍"},"friday":{"_":"សុក្រ"},"saturday":{"_":"សៅរ៍"},"sunday":{"_":"អាទិត្យ"},"monday-abbr":{"_":"ច័ន្ទ"},"tuesday-abbr":{"_":"អង្គារ៍"},"wednesday-abbr":{"_":"ពុធ"},"thursday-abbr":{"_":"ព្រហស្បតិ៍"},"friday-abbr":{"_":"សុក្រ"},"saturday-abbr":{"_":"សៅរ៍"},"sunday-abbr":{"_":"អាទិត្យ"},"billing-cycle-ends":{"_":"Billing cycle ends"},"tracking-will-reset":{"_":"ការ​តាមដាន​នឹង​កំណត់​​ឡើងវិញ​នៅ​​ថ្ងៃ​នេះ"},"yes":{"_":"បាទ/ចាស"},"done":{"_":"ធ្វើ​រួច"},"confirmation":{"_":"ការ​អះអាង"},"reset-confirmation-warning":{"_":"ទិន្នន័យ​បច្ចុប្បន្ន​ទាំងអស់​នឹង​ត្រូវ​បាន​លុប។ តើ​អ្នក​ប្រាកដ​ចង់​កំណត់​ឡើងវិញ​ឬ?"},"reset":{"_":"កំណត់​ឡើង​វិញ"},"reset-wifi":{"_":"កំណត់​ការ​ប្រើ​វ៉ាយហ្វាយ​ឡើង​វិញ"},"reset-mobile":{"_":"កំណត់​ការ​ប្រើ​ទិន្នន័យ​ចល័ត​ឡើងវិញ"},"reset-all-data-usage":{"_":"កំណត់​ទិន្នន័យ​ចល័ត & វ៉ាយហ្វាយ​ឡើងវិញ"},"not-set":{"_":"មិន​កំណត់"},"used":{"_":"បាន​ប្រើ"},"limit-passed":{"_":"បាន​ឆ្លង់កាត់​​តាម​កំណត់"},"limit":{"_":"តាម​កំណត់"},"data-limit-header":{"_":"ការ​ប្រើ​ទិន្នន័យ​មាន​កំណត់"},"data-limit-alert":{"_":"ជូន​ដំណឹង​ការ​ប្រើ​ទិន្នន័យ"},"data-limit-value2":{"_":"នៅ​ពេល​ប្រើ​​នៅ​ខាង​លើ"},"data-limit-dialog-title2":{"_":"បញ្ចូល​​ទិន្នន័យ​ទូរស័ព្ទ​​ការ​ជូន​ដំណឹង​មាន​កំណត់"},"data-limit-dialog-explanation2":{"_":"ល្បឿន​ការ​ភ្ជាប់​កាត់បន្ថយ​បន្ទាប់​ពី​​ឈាន​ដល់​កម្រិត​កំណត់។ ពិនិត្យ​ជាមួយ​​អ្នក​ផ្ដល់​ទិន្នន័យ​របស់​អ្នក​ដើម្បី​កំណត់​កម្រិត​ជូនដំណឹង​សមរម្យ​មួយ។"},"wifi-usage":{"_":"ការ​ប្រើ​វ៉ាយហ្វាយ"},"mobile-usage":{"_":"ការ​ប្រើ​​​​ទូរស័ព្ទ"},"wifi-usage-settings":{"_":"ការ​ប្រើ​វ៉ាយហ្វាយ"},"mobile-usage-settings":{"_":"ការ​ប្រើ​​​ទូរស័ព្ទ"},"im-prepaid":{"_":"ខ្ញុំ​យក​ការ​បង់​មុន"},"im-postpaid":{"_":"ខ្ញុំ​យក​ការ​បង់​ក្រោយ"},"reset-data-usage":{"_":"កំណត់​ការ​ប្រើ​ទិន្នន័យ​ឡើងវិញ"},"reset-report":{"_":"របាយការណ៍​កំណត់​ឡើងវិញ"},"next":{"_":"បន្ទាប់"},"back":{"_":"ថយក្រោយ"},"lets-go":{"_":"តោះ​ទៅ!"},"alert":{"_":"ជូន​ដំណឹង"},"alert-limit":{"_":"ជូន​ដំណឹង​តាម​កំណត់"},"fte-welcome-title":{"_":"សូម​ស្វាគមន៍"},"data-limit-notification-title2":{"_":"បាន​ប្រើ {{limit}} នៃ​ទិន្នន័យ"},"data-limit-notification-text2":{"_":"អ្នក​បាន​ឈាន​ដល់​កំណត់​ដែល​អ្នក​បាន​ជ្រើស"},"low-balance-notification-title":{"_":"សមតុល្យ​​ទាប"},"low-balance-notification-text":{"_":"ប្រាក់​ក្នុង​ទូរស័ព្ទ​នៅ​សល់ {{remaining}}"},"zero-balance-message":{"_":"សមតុល្យ​ក្នុង​គណនី​អស់​ហើយ គ្មាន​ទឹកប្រាក់​ក្នុង​ទូរស័ព្ទ​នៅ​សល់​ទេ។"},"not-available":{"_":"មិន​អាច​ប្រើ​បាន"},"usage":{"_":"ការ​ប្រើប្រាស់"},"internet":{"_":"អ៊ីនធឺណិត"},"phone":{"_":"ទូរស័ព្ទ"},"loading-interface-data":{"_":"ផ្ទុក​​ទិន្នន័យ​ចំណុច​ប្រទាក់។ សូម​ព្យាយាម​ឡើងវិញ។"},"chart-date-format":{"_":"%b %e"},"verbose-chart-date-format":{"_":"{{em-month}} {{monthday-number}}"},"day-hour-format":{"_":"{{day}}, {{time}}"},"B":{"_":"B"},"KB":{"_":"KB"},"MB":{"_":"MB"},"GB":{"_":"GB"},"widget-airplane-mode-heading":{"_":"នៅ​ពេល​ជិះ​យន្ដហោះ"},"widget-airplane-mode-meta":{"_":"សូម​បិទ​របៀប​ពេល​ជិះយន្តហៅ​ដើម្បីបើក​ការ​ប្រើប្រាស់"},"weekday-0-long":{"_":"អាទិត្យ"},"weekday-1-long":{"_":"ច័ន្ទ"},"weekday-2-long":{"_":"អង្គារ"},"weekday-3-long":{"_":"ពុធ"},"weekday-4-long":{"_":"ព្រហស្បតិ៍"},"weekday-5-long":{"_":"សុក្រ"},"weekday-6-long":{"_":"សៅរ៍"},"weekday-0-short":{"_":"អាទិត្យ"},"weekday-1-short":{"_":"ច័ន្ទ"},"weekday-2-short":{"_":"អង្គារ"},"weekday-3-short":{"_":"ពុធ"},"weekday-4-short":{"_":"ព្រហស្បតិ៍"},"weekday-5-short":{"_":"សុក្រ"},"weekday-6-short":{"_":"សៅរ៍"},"month-0-long":{"_":"មករា"},"month-1-long":{"_":"កុម្ភៈ"},"month-2-long":{"_":"មីនា"},"month-3-long":{"_":"មេសា"},"month-4-long":{"_":"ឧសភា"},"month-5-long":{"_":"មិថុនា"},"month-6-long":{"_":"កក្កដា"},"month-7-long":{"_":"សីហា"},"month-8-long":{"_":"កញ្ញា"},"month-9-long":{"_":"តុលា"},"month-10-long":{"_":"វិច្ឆិកា"},"month-11-long":{"_":"ធ្នូ"},"month-0-genitive":{"_":"មករា"},"month-1-genitive":{"_":"កុម្ភៈ"},"month-2-genitive":{"_":"មីនា"},"month-3-genitive":{"_":"មេសា"},"month-4-genitive":{"_":"ឧសភា"},"month-5-genitive":{"_":"មិថុនា"},"month-6-genitive":{"_":"កក្កដា"},"month-7-genitive":{"_":"សីហា"},"month-8-genitive":{"_":"កញ្ញា"},"month-9-genitive":{"_":"តុលា"},"month-10-genitive":{"_":"វិច្ឆិកា"},"month-11-genitive":{"_":"ធ្នូ"},"month-0-short":{"_":"មករា"},"month-1-short":{"_":"កុម្ភៈ"},"month-2-short":{"_":"មីនា"},"month-3-short":{"_":"មេសា"},"month-4-short":{"_":"ឧសភា"},"month-5-short":{"_":"មិថុនា"},"month-6-short":{"_":"កក្កដា"},"month-7-short":{"_":"សីហា"},"month-8-short":{"_":"កញ្ញា"},"month-9-short":{"_":"តុលា"},"month-10-short":{"_":"វិច្ឆិកា"},"month-11-short":{"_":"ធ្នូ"},"minutes-ago-long":{"_":"{[ plural(value) ]}","_[zero]":"អម្បាញ់មិញនេះ","_[one]":"មួយ​នាទី​មុន","_[two]":"{{value}} នាទី​មុន","_[few]":"{{value}} នាទី​មុន","_[many]":"{{value}} នាទី​មុន","_[other]":"{{value}} នាទី​មុន"},"hours-ago-long":{"_":"{[ plural(value) ]}","_[zero]":"អម្បាញ់មិញនេះ","_[one]":"មួយ​ម៉ោង​មុន","_[two]":"{{value}} ម៉ោង​មុន","_[few]":"{{value}} ម៉ោង​មុន","_[many]":"{{value}} ម៉ោង​មុន","_[other]":"{{value}} ម៉ោង​មុន"},"days-ago-long":{"_":"{[ plural(value) ]}","_[zero]":"ថ្ងៃ​នេះ","_[one]":"ម្សិលមិញ","_[two]":"{{value}} ថ្ងៃ​មុន","_[few]":"{{value}} ថ្ងៃ​មុន","_[many]":"{{value}} ថ្ងៃ​មុន","_[other]":"{{value}} ថ្ងៃ​មុន"},"weeks-ago-long":{"_":"{[ plural(value) ]}","_[zero]":"សប្ដាហ៍​នេះ","_[one]":"សប្ដាហ៍​មុន","_[two]":"{{value}} សប្ដាហ៍​មុន","_[few]":"{{value}} សប្ដាហ៍​មុន","_[many]":"{{value}} សប្ដាហ៍​មុន","_[other]":"{{value}} សប្ដាហ៍​មុន"},"months-ago-long":{"_":"{[ plural(value) ]}","_[zero]":"ខែ​នេះ","_[one]":"ខែ​មុន","_[two]":"{{value}} ខែ​មុន","_[few]":"{{value}} ខែ​មុន","_[many]":"{{value}} ខែ​មុន","_[other]":"{{value}} ខែ​មុន"},"years-ago-long":{"_":"{[ plural(value) ]}","_[zero]":"ឆ្នាំនេះ","_[one]":"ឆ្នាំ​មុន","_[two]":"{{value}} ឆ្នាំ​មុន","_[few]":"{{value}} ឆ្នាំ​មុន","_[many]":"{{value}} ឆ្នាំ​មុន","_[other]":"{{value}} ឆ្នាំ​មុន"},"minutes-until-long":{"_":"{[ plural(value) ]}","_[zero]":"ឥឡូវ","_[one]":"ក្នុង​ពេល​មួយ​នាទី","_[two]":"ក្នុង​ពេល {{value}} នាទី","_[few]":"ក្នុង​ពេល {{value}} នាទី","_[many]":"ក្នុង​ពេល​ {{value}} នាទី​","_[other]":"ក្នុង​ពេល {{value}} នាទី"},"hours-until-long":{"_":"{[ plural(value) ]}","_[zero]":"ឥឡូវ","_[one]":"ក្នុង​រយៈពេល​១​ម៉ោង","_[two]":"ក្នុង​ពេល​​ {{value}} ម៉ោង","_[few]":"ក្នុង​ពេល​​ {{value}} ម៉ោង","_[many]":"ក្នុង​ពេល​​ {{value}} ម៉ោង","_[other]":"ក្នុង​ពេល​​ {{value}} ម៉ោង"},"days-until-long":{"_":"{[ plural(value) ]}","_[zero]":"ថ្ងៃ​នេះ","_[one]":"ថ្ងៃស្អែក","_[two]":"ក្នុង​ពេល​​ {{value}} ថ្ងៃ","_[few]":"ក្នុង​ពេល​​ {{value}} ថ្ងៃ","_[many]":"ក្នុង​ពេល​​ {{value}} ថ្ងៃ","_[other]":"ក្នុង​ពេល​​ {{value}} ថ្ងៃ"},"weeks-until-long":{"_":"{[ plural(value) ]}","_[zero]":"សប្ដាហ៍​នេះ","_[one]":"សប្ដាហ៍​ក្រោយ","_[two]":"ក្នុង​ពេល {{value}} សប្ដាហ៍","_[few]":"ក្នុង​ពេល {{value}} សប្ដាហ៍","_[many]":"ក្នុង​ពេល {{value}} សប្ដាហ៍","_[other]":"ក្នុង​ពេល {{value}} សប្ដាហ៍"},"months-until-long":{"_":"{[ plural(value) ]}","_[zero]":"ខែ​នេះ","_[one]":"ខែ​ក្រោយ","_[two]":"ក្នុង​ពេល {{value}} ខែ","_[few]":"ក្នុង​ពេល {{value}} ខែ","_[many]":"ក្នុង​ពេល {{value}} ខែ","_[other]":"ក្នុង​ពេល {{value}} ខែ"},"years-until-long":{"_":"{[ plural(value) ]}","_[zero]":"ឆ្នាំនេះ","_[one]":"ឆ្នាំ​ក្រោយ","_[two]":"ក្នុង​ពេល {{value}} ឆ្នាំ","_[few]":"ក្នុង​ពេល {{value}} ឆ្នាំ","_[many]":"ក្នុង​ពេល {{value}} ឆ្នាំ","_[other]":"ក្នុង​ពេល {{value}} ឆ្នាំ"},"minutes-ago-short":{"_":"{[ plural(value) ]}","_[zero]":"អម្បាញ់មិញនេះ","_[other]":"{{value}}នាទី​មុន"},"hours-ago-short":{"_":"{[ plural(value) ]}","_[zero]":"អម្បាញ់មិញនេះ","_[other]":"{{value}}ម៉ោង​មុន"},"days-ago-short":{"_":"{[ plural(value) ]}","_[zero]":"ថ្ងៃ​នេះ","_[other]":"{{value}}ថ្ងៃ​មុន"},"minutes-until-short":{"_":"{[ plural(value) ]}","_[zero]":"ឥឡូវ","_[other]":"ក្នុង​ពេល {{value}}នាទី"},"hours-until-short":{"_":"{[ plural(value) ]}","_[zero]":"ឥឡូវ","_[other]":"ក្នុង​ពេល {{value}}ម៉ោង"},"days-until-short":{"_":"{[ plural(value) ]}","_[zero]":"ថ្ងៃ​នេះ","_[other]":"ក្នុង​ពេល {{value}}ថ្ងៃ"},"incorrectDate":{"_":"(កាលបរិច្ឆេទ​មិន​ត្រឹមត្រូវ)"},"dateTimeFormat_%c":{"_":"%a %b %e %Y %I:%M:%S %p"},"dateTimeFormat_%x":{"_":"%m/%d/%Y"},"dateTimeFormat_%X":{"_":"%I:%M:%S %p"},"shortTimeFormat":{"_":"%I:%M %p"},"shortDateTimeFormat":{"_":"%x %I:%M %p"},"weekStartsOnMonday":{"_":"0"},"time_am":{"_":"ព្រឹក"},"time_pm":{"_":"PM"}}