{"topup-confirmation-title2":{"_":"사용량"},"topup-confirmation-message":{"_":"충전 확인됨"},"topup-incorrectcode-title2":{"_":"사용량"},"topup-incorrectcode-message3":{"_":"올바르지 않은 코드입니다."},"updating":{"_":"업데이트 중"},"updating-ellipsis":{"_":"업데이트 중…"},"yesterday":{"_":"어제"},"today":{"_":"오늘"},"never":{"_":"설정 안함"},"magnitude":{"_":"{{value}} {{unit}}"},"currency":{"_":"{{currency}}{{value}}"},"widget":{"_":"사용량 위젯"},"widget-authed-sim-heading":{"_":"새 {{provider}} SIM 넣음"},"widget-authed-sim-meta":{"_":"여기를 누르면 인터넷 사용량을 추적합니다."},"widget-nonauthed-sim-heading":{"_":"새 SIM 넣음"},"widget-nonauthed-sim-meta":{"_":"여기를 누르면 인터넷 사용량을 추적합니다."},"widget-no-sim2-heading":{"_":"SIM 없음"},"widget-no-sim2-meta":{"_":"사용량을 보려면 SIM을 넣으십시오"},"widget-sim-locked-heading":{"_":"SIM카드 잠김"},"widget-sim-locked-meta":{"_":"사용량을 확인하기 위해 SIM카드를 잠금해제 하십시오."},"fte":{"_":"사용량 추적"},"fte-authed-sim":{"_":"전화와 인터넷 사용량을 추적해서 요금을 절약합니다."},"fte-nonauthed-sim":{"_":"인터넷 사용량을 추적해서 요금을 절약합니다."},"fte-no-sim":{"_":"인터넷을 얼마나 사용하는지 살펴 봅니다."},"fte-sim-info2":{"_":"현재 사용량 정보는 기기에서 측정된 것입니다. 보다 자세한 계정 정보는 모바일 서비스 제공사에 문의해 보십시오."},"fte-plantype-title":{"_":"요금제 종류"},"fte-plantype-hint":{"_":"통신사에서 제공하는 요금제를 선택하십시오."},"fte-prepaid2-title":{"_":"잔액 부족 알림 "},"fte-prepaid2-hint":{"_":"잔액 부족을 막기 위해 알림을 설정하십시오."},"fte-prepaid3-title":{"_":"데이터 사용량 보고와 알림"},"fte-prepaid3-hint":{"_":"인터넷 사용량을 보고받고 너무 많이 사용하지 않도록 알림을 설정하십시오."},"fte-postpaid2-title":{"_":"전화와 데이터 보고"},"fte-postpaid2-hint":{"_":"전화와 인터넷 사용량에 대해 보고를 받으시오."},"fte-postpaid3-title":{"_":"데이터 알림"},"fte-postpaid3-hint":{"_":"데이터를 너무 많이 사용하지 않도록 알림을 설정하십시오."},"fte-onlydata2-title":{"_":"데이터 보고"},"fte-onlydata2-hint":{"_":"인터넷 사용량에 대해 보고를 받으십시오."},"fte-onlydata3-title":{"_":"데이터 알림"},"fte-onlydata3-hint":{"_":"데이터를 너무 많이 사용하지 않도록 알림을 설정하십시오."},"phone-activity":{"_":"전화 사용"},"balance":{"_":"잔액"},"on-roaming-message2":{"_":"로밍: 잔액 업데이트를 자동으로 하지 않습니다. 업데이트를 수동으로 진행할 경우 요금이 추가로 부과될 수 있습니다."},"balance-error-message2":{"_":"잔액을 업데이트하는 중 오류가 발생했습니다. 직접 다시 시도해 보십시오."},"airplane-mode-error-message2":{"_":"잔액 업데이트와 충전을 위해서 비행기 모드를 꺼 주십시오."},"disable-airplane-mode":{"_":"비행기 모드를 꺼서 업데이트하거나 충전하시겠습니까?"},"no-coverage-error-message2":{"_":"잔액 업데이트와 충전을 하기 위해서 수신지역으로 이동해 주십시오."},"top-up":{"_":"충전"},"enter-top-up-code":{"_":"충전 코드 입력"},"top-up-code-explanation2":{"_":"스크래치 카드나 영수증에서 충전 코드를 찾을 수 있습니다."},"wait-for-confirmation":{"_":"확인 메시지를 받을 것입니다"},"incorrect-code2":{"_":"코드가 올바르지 않습니다. 다시 시도해 주십시오."},"topup-error2":{"_":"코드를 보내는데 문제가 있습니다. 다시 시도해 주십시오."},"application-error-title":{"_":"서비스 이용 불가"},"application-error-message":{"_":"서비스를 제공하는 회사의 고객센터에 연락해 보십시오."},"service-unavailable-title":{"_":"서비스 이용 불가"},"service-unavailable-message":{"_":"업데이트나 충전을 일시적으로 할 수 없습니다. 잠시 후 다시 시도해주십시오."},"data-usage":{"_":"데이터 사용량"},"update-button":{"_":"새로 고침"},"topup-button2":{"_":"코드로 충전"},"topup-ussd-button2":{"_":"충전 메뉴 열기"},"ok":{"_":"확인"},"top-up-in-progress2":{"_":"충전중입니다."},"top-up-timed-out2":{"_":"충전이 완료되었습니다. 잔액이 변하지 않았다면 다시 한번 충전 해 보십시오."},"on-topup-not-confirmed-title":{"_":"충전이 확인되지 않았습니다."},"on-topup-not-confirmed-message":{"_":"잔액을 업데이트한 후 다시 충전해보십시오."},"send":{"_":"보내기"},"plantype-setup-title":{"_":"이 전화의 인터넷 요금제:"},"prepaid":{"_":"선불"},"postpaid":{"_":"후불"},"phoneactivity":{"_":"전화 사용"},"short-date-format":{"_":"%b %d일"},"sms-sent":{"_":"보낸 SMS"},"call-made":{"_":"전화 걸기"},"settings":{"_":"설정"},"low-balance-alert":{"_":"잔액 부족 알림"},"low-balance-explanation2":{"_":"잔액이 부족할 경우"},"phone-and-internet-data-report":{"_":"전화와 인터넷 데이터 보고"},"starting-on":{"_":"시작"},"cancel":{"_":"취소"},"set":{"_":"설정"},"set-day":{"_":"요일 설정"},"set-date":{"_":"일 설정"},"monthly":{"_":"월별"},"weekly":{"_":"주별"},"monday":{"_":"월요일"},"tuesday":{"_":"화요일"},"wednesday":{"_":"수요일"},"thursday":{"_":"목요일"},"friday":{"_":"금요일"},"saturday":{"_":"토요일"},"sunday":{"_":"일요일"},"monday-abbr":{"_":"월"},"tuesday-abbr":{"_":"화"},"wednesday-abbr":{"_":"수"},"thursday-abbr":{"_":"목"},"friday-abbr":{"_":"금"},"saturday-abbr":{"_":"토"},"sunday-abbr":{"_":"일"},"billing-cycle-ends":{"_":"결제 주기 완료"},"tracking-will-reset":{"_":"해당 날짜에 추적 정보가 재설정됩니다."},"yes":{"_":"예"},"done":{"_":"완료"},"confirmation":{"_":"확인"},"reset-confirmation-warning":{"_":"현재 데이터가 모두 삭제됩니다. 그래도 재설정하시겠습니까?"},"reset":{"_":"재설정"},"reset-wifi":{"_":"Wi-Fi 사용량 재설정"},"reset-mobile":{"_":"모바일 사용량 재설정"},"reset-all-data-usage":{"_":"모바일 및 Wi-Fi 사용량 재설정"},"not-set":{"_":"설정 안됨"},"used":{"_":"사용량"},"limit-passed":{"_":"제한 한도 초과"},"limit":{"_":"제한량"},"data-limit-header":{"_":"데이터 사용 제한"},"data-limit-alert":{"_":"데이터 사용 알림"},"data-limit-value2":{"_":"데이터 사용시 알림"},"data-limit-dialog-title2":{"_":"모바일 데이터 이용 제한량 입력"},"data-limit-dialog-explanation2":{"_":"제한량에 도달하면 알림과 함께 연결 속도를 내립니다. 올바른 알림 등급이 설정되어 있는지 데이터 제공자에 확인해 보십시오."},"wifi-usage":{"_":"Wi-Fi 사용량"},"mobile-usage":{"_":"모바일 사용량"},"wifi-usage-settings":{"_":"Wi-Fi 사용량"},"mobile-usage-settings":{"_":"모바일 사용량"},"im-prepaid":{"_":"선불"},"im-postpaid":{"_":"선불"},"reset-data-usage":{"_":"데이터 사용량 초기화"},"reset-report":{"_":"보고 재설정"},"next":{"_":"다음"},"back":{"_":"뒤로"},"lets-go":{"_":"시작!"},"alert":{"_":"알림"},"alert-limit":{"_":"제한 알림"},"fte-welcome-title":{"_":"환영합니다"},"data-limit-notification-title2":{"_":"{{limit}} 데이터 사용"},"data-limit-notification-text2":{"_":"설정된 데이터 제한에 도달함"},"low-balance-notification-title":{"_":"잔액이 얼마 없음"},"low-balance-notification-text":{"_":"잔액이 {{remaining}} 남음"},"zero-balance-message":{"_":"잔액이 없습니다. 전화에 충전할 금액이 남아있지 않습니다."},"not-available":{"_":"사용할 수 없음"},"usage":{"_":"사용량"},"internet":{"_":"인터넷"},"phone":{"_":"전화"},"loading-interface-data":{"_":"데이터 인터페이스 가져오는 중. 잠시 후 재시도하십시오."},"chart-date-format":{"_":"%B %e일"},"verbose-chart-date-format":{"_":"{{em-month}} {{monthday-number}}"},"day-hour-format":{"_":"{{day}}, {{time}}"},"B":{"_":"B"},"KB":{"_":"KB"},"MB":{"_":"MB"},"GB":{"_":"GB"},"weekday-0-long":{"_":"일요일"},"weekday-1-long":{"_":"월요일"},"weekday-2-long":{"_":"화요일"},"weekday-3-long":{"_":"수요일"},"weekday-4-long":{"_":"목요일"},"weekday-5-long":{"_":"금요일"},"weekday-6-long":{"_":"토요일"},"weekday-0-short":{"_":"일"},"weekday-1-short":{"_":"월"},"weekday-2-short":{"_":"화"},"weekday-3-short":{"_":"수"},"weekday-4-short":{"_":"목"},"weekday-5-short":{"_":"금"},"weekday-6-short":{"_":"토"},"month-0-long":{"_":"1월"},"month-1-long":{"_":"2월"},"month-2-long":{"_":"3월"},"month-3-long":{"_":"4월"},"month-4-long":{"_":"5월"},"month-5-long":{"_":"6월"},"month-6-long":{"_":"7월"},"month-7-long":{"_":"8월"},"month-8-long":{"_":"9월"},"month-9-long":{"_":"10월"},"month-10-long":{"_":"11월"},"month-11-long":{"_":"12월"},"month-0-genitive":{"_":"1월"},"month-1-genitive":{"_":"2월"},"month-2-genitive":{"_":"3월"},"month-3-genitive":{"_":"4월"},"month-4-genitive":{"_":"5월"},"month-5-genitive":{"_":"6월"},"month-6-genitive":{"_":"7월"},"month-7-genitive":{"_":"8월"},"month-8-genitive":{"_":"9월"},"month-9-genitive":{"_":"10월"},"month-10-genitive":{"_":"11월"},"month-11-genitive":{"_":"12월"},"month-0-short":{"_":"1월"},"month-1-short":{"_":"2월"},"month-2-short":{"_":"3월"},"month-3-short":{"_":"4월"},"month-4-short":{"_":"5월"},"month-5-short":{"_":"6월"},"month-6-short":{"_":"7월"},"month-7-short":{"_":"8월"},"month-8-short":{"_":"9월"},"month-9-short":{"_":"10월"},"month-10-short":{"_":"11월"},"month-11-short":{"_":"12월"},"minutes-ago-long":{"_":"{[ plural(value) ]}","_[zero]":"지금","_[one]":"1분 전","_[two]":"{{value}}분 전","_[few]":"{{value}}분 전","_[many]":"{{value}}분 전","_[other]":"{{value}}분 전"},"hours-ago-long":{"_":"{[ plural(value) ]}","_[zero]":"지금","_[one]":"1시간 전","_[two]":"{{value}}시간 전","_[few]":"{{value}}시간 전","_[many]":"{{value}}시간 전","_[other]":"{{value}}시간 전"},"days-ago-long":{"_":"{[ plural(value) ]}","_[zero]":"오늘","_[one]":"어제","_[two]":"{{value}}일 전","_[few]":"{{value}}일 전","_[many]":"{{value}}일 전","_[other]":"{{value}}일 전"},"weeks-ago-long":{"_":"{[ plural(value) ]}","_[zero]":"이번 주","_[one]":"지난 주","_[two]":"{{value}}주 전","_[few]":"{{value}}주 전","_[many]":"{{value}}주 전","_[other]":"{{value}}주 전"},"months-ago-long":{"_":"{[ plural(value) ]}","_[zero]":"이번 달","_[one]":"지난 달","_[two]":"{{value}}개월 전","_[few]":"{{value}}개월 전","_[many]":"{{value}}개월 전","_[other]":"{{value}}개월 전"},"years-ago-long":{"_":"{[ plural(value) ]}","_[zero]":"올해","_[one]":"작년","_[two]":"{{value}}년 전","_[few]":"{{value}}년 전","_[many]":"{{value}}년 전","_[other]":"{{value}}년 전"},"minutes-until-long":{"_":"{[ plural(value) ]}","_[zero]":"지금","_[one]":"1분 후","_[two]":"{{value}}분 후","_[few]":"{{value}}분 후","_[many]":"{{value}}분 후","_[other]":"{{value}}분 후"},"hours-until-long":{"_":"{[ plural(value) ]}","_[zero]":"지금","_[one]":"한 시간 후","_[two]":"{{value}}시간 후","_[few]":"{{value}}시간 후","_[many]":"{{value}}시간 후","_[other]":"{{value}}시간 후"},"days-until-long":{"_":"{[ plural(value) ]}","_[zero]":"오늘","_[one]":"내일","_[two]":"{{value}}일 후","_[few]":"{{value}}일 후","_[many]":"{{value}}일 후","_[other]":"{{value}}일 후"},"weeks-until-long":{"_":"{[ plural(value) ]}","_[zero]":"이번 주","_[one]":"다음 주","_[two]":"{{value}}주 후","_[few]":"{{value}}주 후","_[many]":"{{value}}주 후","_[other]":"{{value}}주 후"},"months-until-long":{"_":"{[ plural(value) ]}","_[zero]":"이번 달","_[one]":"다음 달","_[two]":"{{value}}개월 후","_[few]":"{{value}}개월 후","_[many]":"{{value}}개월 후","_[other]":"{{value}}개월 후"},"years-until-long":{"_":"{[ plural(value) ]}","_[zero]":"올해","_[one]":"내년","_[two]":"{{value}}년 후","_[few]":"{{value}}년 후","_[many]":"{{value}}년 후","_[other]":"{{value}}년 후"},"minutes-ago-short":{"_":"{[ plural(value) ]}","_[zero]":"지금","_[other]":"{{value}}분 전"},"hours-ago-short":{"_":"{[ plural(value) ]}","_[zero]":"지금","_[other]":"{{value}}시간 전"},"days-ago-short":{"_":"{[ plural(value) ]}","_[zero]":"오늘","_[other]":"{{value}}일 전"},"minutes-until-short":{"_":"{[ plural(value) ]}","_[zero]":"지금","_[other]":"{{value}}분 후"},"hours-until-short":{"_":"{[ plural(value) ]}","_[zero]":"지금","_[other]":"{{value}}시간 후"},"days-until-short":{"_":"{[ plural(value) ]}","_[zero]":"오늘","_[other]":"{{value}}일 후"},"incorrectDate":{"_":"(잘못된 날짜)"},"dateTimeFormat_%c":{"_":"%Y년 %B %e일 %a %I:%M:%S %p"},"dateTimeFormat_%x":{"_":"%Y/%m/%d"},"dateTimeFormat_%X":{"_":"%I:%M:%S %p"},"shortTimeFormat":{"_":"%I:%M %p"},"shortDateTimeFormat":{"_":"%x %I:%M %p"},"weekStartsOnMonday":{"_":"0"},"time_am":{"_":"오전"},"time_pm":{"_":"오후"}}