{"topup-confirmation-title2":{"_":"Skaitikliai"},"topup-confirmation-message":{"_":"Papildymas patvirtintas"},"topup-incorrectcode-title2":{"_":"Skaitikliai"},"topup-incorrectcode-message3":{"_":"Įvestas neteisingas papildymo kodas."},"updating":{"_":"Atnaujinama"},"updating-ellipsis":{"_":"Atnaujinama…"},"yesterday":{"_":"Vakar"},"today":{"_":"Šiandien"},"never":{"_":"Niekada"},"magnitude":{"_":"{{value}} {{unit}}"},"currency":{"_":"{{currency}} {{value}}"},"widget":{"_":"Skaitikliai"},"widget-authed-sim-heading":{"_":"Įdėta nauja „{{provider}}“ SIM kortelė"},"widget-authed-sim-meta":{"_":"Bakstelėkite naudojimui apskaityti."},"widget-nonauthed-sim-heading":{"_":"Įdėta nauja SIM kortelė"},"widget-nonauthed-sim-meta":{"_":"Bakstelėkite duomenims apskaityti."},"widget-no-sim2-heading":{"_":"Neįdėta SIM kortelė"},"widget-no-sim2-meta":{"_":"Įdėję, galėsite apskaityti naudojimą."},"widget-sim-locked-heading":{"_":"Užrakinta SIM kortelė"},"widget-sim-locked-meta":{"_":"Atrakinę, galėsite apskaityti naudojimą."},"fte":{"_":"Skaitikliai – pirmoji paleistis"},"fte-authed-sim":{"_":"Sutaupykite, stebėdami savo pokalbių trukmę ir parsiunčiamų duomenų kiekį."},"fte-nonauthed-sim":{"_":"Sutaupykite, stebėdami savo parsiunčiamų duomenų kiekį."},"fte-no-sim":{"_":"Gaukite aiškią informaciją apie savo parsiunčiamų duomenų kiekį."},"fte-sim-info2":{"_":"Ši programa pateikia šio įrenginio sukauptą informaciją. Išsamesnės naudojimo statistikos teiraukitės savo mobiliojo ryšio operatoriaus."},"fte-plantype-title":{"_":"Sutarties tipas"},"fte-plantype-hint":{"_":"Pasirinkite savo mobiliojo ryšio sutarties tipą."},"fte-prepaid2-title":{"_":"Senkanti sąskaita"},"fte-prepaid2-hint":{"_":"Užsisakykite įspėjimą, kad išvengtumėte ištuštėjusios sąskaitos."},"fte-prepaid3-title":{"_":"Duomenų ataskaita"},"fte-prepaid3-hint":{"_":"Gaukite parsiunčiamų duomenų kiekio ataskaitą ir užsisakykite įspėjimą, kad neparsisiųstumėte per daug."},"fte-postpaid2-title":{"_":"Pok. ir duom. ataskaitos"},"fte-postpaid2-hint":{"_":"Gaukite ataskaitas apie prakalbėtą laiką ir parsiųstų duomenų kiekį."},"fte-postpaid3-title":{"_":"Duomenų kiekis"},"fte-postpaid3-hint":{"_":"Užsisakykite įspėjimą, kad neparsisiųstumėte per daug duomenų."},"fte-onlydata2-title":{"_":"Duomenų ataskaita"},"fte-onlydata2-hint":{"_":"Gaukite ataskaitas apie parsiųstų duomenų kiekį."},"fte-onlydata3-title":{"_":"Duomenų kiekis"},"fte-onlydata3-hint":{"_":"Užsisakykite įspėjimą, kad neparsisiųstumėte per daug duomenų."},"phone-activity":{"_":"Telefono aktyvumas"},"balance":{"_":"Balansas"},"on-roaming-message2":{"_":"Naudojamasi tarptinkliniu ryšiu, todėl balansas neatnaujinamas automatiškai. Už balanso atnaujinimo užklausas gali būti imamas papildomas mokestis."},"balance-error-message2":{"_":"Balanso nepavyko atnaujinti. Pabandykite jį atnaujinti rankiniu būdu."},"airplane-mode-error-message2":{"_":"Kad galėtumėte atnaujinti balansą ar papildyti sąskaitą, turite išjungti skrydžio veikseną."},"disable-airplane-mode":{"_":"Ar išjungti skrydžio veikseną, kad galėtumėte papildyti sąskaitą arba atnaujinti balansą?"},"no-coverage-error-message2":{"_":"Kad galėtumėte atnaujinti balansą ar papildyti sąskaitą, turite būti mobiliojo ryšio signalo zonoje."},"top-up":{"_":"Papildymas"},"enter-top-up-code":{"_":"Įveskite papildymo kodą"},"top-up-code-explanation2":{"_":"Jis paprastai randamas po nutrinamuoju kortelės sluoksniu arba čekyje."},"wait-for-confirmation":{"_":"Netrukus gausite patvirtinimo žinutę"},"incorrect-code2":{"_":"Įsitikinkite, jog kodas teisingas, ir bandykite vėl."},"topup-error2":{"_":"Išsiunčiant kodą, iškilo problema. Pabandykite dar kartą."},"application-error-title":{"_":"Paslauga negalima"},"application-error-message":{"_":"Susisiekite su savo mobiliojo ryšio operatoriaus atstovu"},"service-unavailable-title":{"_":"Paslauga negalima"},"service-unavailable-message":{"_":"Šiuo metu negalima nei atnaujinti balanso, nei papildyti sąskaitos. Pabandykite tai atlikti vėliau."},"data-usage":{"_":"Duomenų naudojimas"},"update-button":{"_":"Atnaujinti"},"topup-button2":{"_":"Naudoti papildymo kodą"},"topup-ussd-button2":{"_":"Atverti papildymo meniu"},"ok":{"_":"Gerai"},"top-up-in-progress2":{"_":"Jūsų papildymas apdorojamas."},"top-up-timed-out2":{"_":"Atnaujinkite balansą ir patikrinkite, ar papildymas sėkmingas. Jeigu balansas nepasikeitė, bandykite papildyti dar kartą."},"on-topup-not-confirmed-title":{"_":"Papildymas nepatvirtintas"},"on-topup-not-confirmed-message":{"_":"Bandykite tnaujinti savo balansą arba atlikti papildymą dar kartą."},"send":{"_":"siųsti"},"plantype-setup-title":{"_":"Mano telefono ir interneto planas yra"},"prepaid":{"_":"Išankstinio apmokėjimo"},"postpaid":{"_":"Apmokamas pagal sąskaitą"},"phoneactivity":{"_":"Telefono aktyvumas"},"short-date-format":{"_":"%b %e"},"sms-sent":{"_":"Išsiųstos SMS"},"call-made":{"_":"Atlikti skambučiai"},"settings":{"_":"Nuostatos"},"low-balance-alert":{"_":"Senkančios sąskaitos įspėjimas"},"low-balance-explanation2":{"_":"Kai balansas mažesnis negu"},"phone-and-internet-data-report":{"_":"Pokalbių ir duomenų ataskaita"},"starting-on":{"_":"Periodo pradžia"},"cancel":{"_":"Atsisakyti"},"set":{"_":"Nustatyti"},"set-day":{"_":"Nustatyti dieną"},"set-date":{"_":"Nustatyti datą"},"monthly":{"_":"Kas mėnesį"},"weekly":{"_":"Kas savaitę"},"monday":{"_":"Pirmadienis"},"tuesday":{"_":"Antradienis"},"wednesday":{"_":"Trečiadienis"},"thursday":{"_":"Ketvirtadienis"},"friday":{"_":"Penktadienis"},"saturday":{"_":"Šeštadienis"},"sunday":{"_":"Sekmadienis"},"monday-abbr":{"_":"Pr"},"tuesday-abbr":{"_":"An"},"wednesday-abbr":{"_":"Tr"},"thursday-abbr":{"_":"Kt"},"friday-abbr":{"_":"Pn"},"saturday-abbr":{"_":"Št"},"sunday-abbr":{"_":"Sk"},"billing-cycle-ends":{"_":"Sąskaitos periodas baigiasi"},"tracking-will-reset":{"_":"Šią dieną bus pradėta skaičiuoti iš naujo"},"yes":{"_":"Taip"},"done":{"_":"Baigta"},"confirmation":{"_":"Patvirtinkite"},"reset-confirmation-warning":{"_":"Visi esami duomenys bus pašalinti. Ar norite tęsti?"},"reset":{"_":"Atstatyti"},"reset-wifi":{"_":"Nulinti belaidžio tinklo skaitiklį"},"reset-mobile":{"_":"Nulinti mobiliųjų duomenų skaitiklį"},"reset-all-data-usage":{"_":"Nulinti bel. tinklo ir mob. duom. skaitiklius"},"not-set":{"_":"Nenurodyta"},"used":{"_":"Išnaudota"},"limit-passed":{"_":"Viršyta riba"},"limit":{"_":"Riba"},"data-limit-header":{"_":"Duom. kiekio riba"},"data-limit-alert":{"_":"Duomenų kiekio įspėjimas"},"data-limit-value2":{"_":"Kai išnaudota daugiau negu"},"data-limit-dialog-title2":{"_":"Įveskite mobiliųjų duomenų parsiuntimo ribą"},"data-limit-dialog-explanation2":{"_":"Pasiekus šią ribą, ryšys bus sulėtintas. Dėl tinkamo ribos dydžio pasitarkite su savo mobiliojo ryšio operatoriumi."},"wifi-usage":{"_":"Belaidis tinklas"},"mobile-usage":{"_":"Mobilieji duomenys"},"wifi-usage-settings":{"_":"Belaidis tinklas"},"mobile-usage-settings":{"_":"Mobilieji duomenys"},"im-prepaid":{"_":"Aš moku iš anksto"},"im-postpaid":{"_":"Aš moku pagal sąskaitą"},"reset-data-usage":{"_":"Skaitiklių nulinimas"},"reset-report":{"_":"Ataskaitos nulinimas"},"next":{"_":"Toliau"},"back":{"_":"Grįžti"},"lets-go":{"_":"Atlikta"},"alert":{"_":"Įspėjimas"},"alert-limit":{"_":"Įspėjimo riba"},"fte-welcome-title":{"_":"Sveiki!"},"data-limit-notification-title2":{"_":"Išnaudota {{limit}} duomenų"},"data-limit-notification-text2":{"_":"Jūs pasiekėte savo pasirinktą ribą"},"low-balance-notification-title":{"_":"Sąskaita senka"},"low-balance-notification-text":{"_":"Jūsų telefono sąskaitoje liko {{remaining}}"},"zero-balance-message":{"_":"Jūsų telefono sąskaitoje neliko pinigų."},"not-available":{"_":"Negalima"},"usage":{"_":"Skaitikliai"},"internet":{"_":"Internetas"},"phone":{"_":"Telefonas"},"loading-interface-data":{"_":"Įkeliami sąsajos duomenys. Pabandykite truputį vėliau."},"chart-date-format":{"_":"%b %e"},"verbose-chart-date-format":{"_":"{{em-month}} {{monthday-number}}"},"day-hour-format":{"_":"{{day}}, {{time}}"},"B":{"_":"B"},"KB":{"_":"KB"},"MB":{"_":"MB"},"GB":{"_":"GB"},"weekday-0-long":{"_":"Sekmadienis"},"weekday-1-long":{"_":"Pirmadienis"},"weekday-2-long":{"_":"Antradienis"},"weekday-3-long":{"_":"Trečiadienis"},"weekday-4-long":{"_":"Ketvirtadienis"},"weekday-5-long":{"_":"Penktadienis"},"weekday-6-long":{"_":"Šeštadienis"},"weekday-0-short":{"_":"Sk"},"weekday-1-short":{"_":"Pr"},"weekday-2-short":{"_":"An"},"weekday-3-short":{"_":"Tr"},"weekday-4-short":{"_":"Kt"},"weekday-5-short":{"_":"Pn"},"weekday-6-short":{"_":"Št"},"month-0-long":{"_":"sausis"},"month-1-long":{"_":"vasaris"},"month-2-long":{"_":"kovas"},"month-3-long":{"_":"balandis"},"month-4-long":{"_":"gegužė"},"month-5-long":{"_":"birželis"},"month-6-long":{"_":"liepa"},"month-7-long":{"_":"rugpjūtis"},"month-8-long":{"_":"rugsėjis"},"month-9-long":{"_":"spalis"},"month-10-long":{"_":"lapkritis"},"month-11-long":{"_":"gruodis"},"month-0-genitive":{"_":"sausio"},"month-1-genitive":{"_":"vasario"},"month-2-genitive":{"_":"kovo"},"month-3-genitive":{"_":"balandžio"},"month-4-genitive":{"_":"gegužės"},"month-5-genitive":{"_":"birželio"},"month-6-genitive":{"_":"liepos"},"month-7-genitive":{"_":"rugpjūčio"},"month-8-genitive":{"_":"rugsėjo"},"month-9-genitive":{"_":"spalio"},"month-10-genitive":{"_":"lapkričio"},"month-11-genitive":{"_":"gruodžio"},"month-0-short":{"_":"Sau"},"month-1-short":{"_":"Vas"},"month-2-short":{"_":"Kov"},"month-3-short":{"_":"Bal"},"month-4-short":{"_":"Geg"},"month-5-short":{"_":"Bir"},"month-6-short":{"_":"Lie"},"month-7-short":{"_":"Rgp"},"month-8-short":{"_":"Rgs"},"month-9-short":{"_":"Spa"},"month-10-short":{"_":"Lap"},"month-11-short":{"_":"Grd"},"minutes-ago-long":{"_":"{[ plural(value) ]}","_[zero]":"ką tik","_[one]":"prieš {{value}} minutę","_[two]":"prieš {{value}} minutes","_[few]":"prieš {{value}} minutes","_[many]":"prieš {{value}} minučių","_[other]":"prieš {{value}} minučių"},"hours-ago-long":{"_":"{[ plural(value) ]}","_[zero]":"ką tik","_[one]":"prieš {{value}} valandą","_[two]":"prieš {{value}} valandas","_[few]":"prieš {{value}} valandas","_[many]":"prieš {{value}} valandų","_[other]":"prieš {{value}} valandų"},"days-ago-long":{"_":"{[ plural(value) ]}","_[zero]":"šiandien","_[one]":"vakar","_[two]":"prieš {{value}} dienas","_[few]":"prieš {{value}} dienas","_[many]":"prieš {{value}} dienų","_[other]":"prieš {{value}} dienų"},"weeks-ago-long":{"_":"{[ plural(value) ]}","_[zero]":"šią savaitę","_[one]":"praėjusią savaitę","_[two]":"prieš {{value}} savaites","_[few]":"prieš {{value}} savaites","_[many]":"prieš {{value}} savaičių","_[other]":"prieš {{value}} savaičių"},"months-ago-long":{"_":"{[ plural(value) ]}","_[zero]":"šį mėnesį","_[one]":"praėjusį mėnesį","_[two]":"prieš {{value}} mėnesius","_[few]":"prieš {{value}} mėnesius","_[many]":"prieš {{value}} mėnesių","_[other]":"prieš {{value}} mėnesių"},"years-ago-long":{"_":"{[ plural(value) ]}","_[zero]":"šiemet","_[one]":"prieš {{value}} metus","_[two]":"prieš {{value}} metus","_[few]":"prieš {{value}} metus","_[many]":"prieš {{value}} metų","_[other]":"prieš {{value}} metų"},"minutes-until-long":{"_":"{[ plural(value) ]}","_[zero]":"dabar","_[one]":"už {{value}} minutės","_[two]":"už {{value}} minučių","_[few]":"už {{value}} minučių","_[many]":"už {{value}} minučių","_[other]":"už {{value}} minučių"},"hours-until-long":{"_":"{[ plural(value) ]}","_[zero]":"dabar","_[one]":"už {{value}} valandos","_[two]":"už {{value}} valandų","_[few]":"už {{value}} valandų","_[many]":"už {{value}} valandų","_[other]":"už {{value}} valandų"},"days-until-long":{"_":"{[ plural(value) ]}","_[zero]":"šiandien","_[one]":"rytoj","_[two]":"už {{value}} dienų","_[few]":"už {{value}} dienų","_[many]":"už {{value}} dienų","_[other]":"už {{value}} dienų"},"weeks-until-long":{"_":"{[ plural(value) ]}","_[zero]":"šią savaitę","_[one]":"kitą savaitę","_[two]":"už {{value}} savaičių","_[few]":"už {{value}} savaičių","_[many]":"už {{value}} savaičių","_[other]":"už {{value}} savaičių"},"months-until-long":{"_":"{[ plural(value) ]}","_[zero]":"šį mėnesį","_[one]":"kitą mėnesį","_[two]":"už {{value}} mėnesių","_[few]":"už {{value}} mėnesių","_[many]":"už {{value}} mėnesių","_[other]":"už {{value}} mėnesių"},"years-until-long":{"_":"{[ plural(value) ]}","_[zero]":"šiemet","_[one]":"kitais metais","_[two]":"už {{value}} metų","_[few]":"už {{value}} metų","_[many]":"už {{value}} metų","_[other]":"už {{value}} metų"},"minutes-ago-short":{"_":"{[ plural(value) ]}","_[zero]":"ką tik","_[other]":"prieš {{value}} min."},"hours-ago-short":{"_":"{[ plural(value) ]}","_[zero]":"ką tik","_[other]":"prieš {{value}} val."},"days-ago-short":{"_":"{[ plural(value) ]}","_[zero]":"šiandien","_[other]":"prieš {{value}} d."},"minutes-until-short":{"_":"{[ plural(value) ]}","_[zero]":"dabar","_[other]":"už {{value}} min."},"hours-until-short":{"_":"{[ plural(value) ]}","_[zero]":"dabar","_[other]":"už {{value}} val."},"days-until-short":{"_":"{[ plural(value) ]}","_[zero]":"šiandien","_[other]":"už {{value}} d."},"incorrectDate":{"_":"(negalima data)"},"dateTimeFormat_%c":{"_":"%Y m. %Eb %e d. %H:%M:%S"},"dateTimeFormat_%x":{"_":"%Y-%m-%d"},"dateTimeFormat_%X":{"_":"%H:%M:%S"},"shortTimeFormat":{"_":"%H:%M"},"shortDateTimeFormat":{"_":"%x %H:%M"},"weekStartsOnMonday":{"_":"1"},"time_am":{"_":"priešpiet"},"time_pm":{"_":"popiet"}}