{"topup-confirmation-title2":{"_":"Потрошено"},"topup-confirmation-message":{"_":"Дополнување потврдено"},"topup-incorrectcode-title2":{"_":"Потрошено"},"topup-incorrectcode-message3":{"_":"Неправилен код за дополнување."},"updating":{"_":"Ажурирање"},"updating-ellipsis":{"_":"Ажурирање…"},"yesterday":{"_":"Вчера"},"today":{"_":"Денес"},"never":{"_":"Никогаш"},"magnitude":{"_":"{{value}} {{unit}}"},"currency":{"_":"{{currency}}{{value}}"},"widget":{"_":"Елемент Потрошено"},"widget-authed-sim-heading":{"_":"Нова {{provider}} SIM внесена"},"widget-authed-sim-meta":{"_":"Притиснете да ја следите искористеноста на телефонот и интернет."},"widget-nonauthed-sim-heading":{"_":"Нова SIM внесена"},"widget-nonauthed-sim-meta":{"_":"Притиснете да ја следите интернет искористеноста."},"widget-no-sim2-heading":{"_":"Нема внесено SIM"},"widget-no-sim2-meta":{"_":"Внесете SIM да се овозможи Потрошено."},"widget-sim-locked-heading":{"_":"Заклучена SIM картичка"},"widget-sim-locked-meta":{"_":"Отклучете ја вашата SIM да се овозможи Потрошено."},"fte":{"_":"Искуство за прва пат на Потрошено"},"fte-authed-sim":{"_":"Заштедете пари следејќи ја искористеноста на вашиот телефон и интернет."},"fte-nonauthed-sim":{"_":"Заштедете пари следејќи ја искористеноста на интернет."},"fte-no-sim":{"_":"Добијте чиста слика колку интернет трошите."},"fte-sim-info2":{"_":"Информациите прикажани на Потрошено се директно од овој уред. Проверете кај Вашиот мобилен оператор за детални информации за сметката."},"fte-plantype-title":{"_":"Тип на договор"},"fte-plantype-hint":{"_":"Изберете го типот на договорот кој го имате со вашиот мобилен оператор."},"fte-prepaid2-title":{"_":"Аларм за мал баланс"},"fte-prepaid2-hint":{"_":"Поставете аларм за да избегнете да Ви се потроши кредитот."},"fte-prepaid3-title":{"_":"Извештај за податоци и Аларм"},"fte-prepaid3-hint":{"_":"Примите извештаи за искористеноста на интернет и поставете аларми за да избегнете непланирани трошоци."},"fte-postpaid2-title":{"_":"Извештај за телефон и податоци"},"fte-postpaid2-hint":{"_":"Примите извештаи за искористеноста на вашиот телефон и интернет сообраќај."},"fte-postpaid3-title":{"_":"Аларм за податоци"},"fte-postpaid3-hint":{"_":"Поставете аларм за да избегнете непланирани трошоци."},"fte-onlydata2-title":{"_":"Извештај за податоци"},"fte-onlydata2-hint":{"_":"Примите податоци за искористеноста на вашиот интернет сообраќај."},"fte-onlydata3-title":{"_":"Аларм за податоци"},"fte-onlydata3-hint":{"_":"Поставете аларм за да избегнете непланирани трошоци."},"phone-activity":{"_":"Активност на телефонот"},"balance":{"_":"Состојба"},"on-roaming-message2":{"_":"Роаминг: без автоматско ажурирање на состојбата. Може да Ви се наплати при рачно ажурирање."},"balance-error-message2":{"_":"Состојбата не се ажурираше правилно. Пробајте рачно ажурирање."},"airplane-mode-error-message2":{"_":"Исклучете го авионскиот режим за да ја ажурирате вашата состојба или дополнување кредит."},"disable-airplane-mode":{"_":"Дали сакате да го исклучите авионскиот режим за да ажурирате или дополните кредит?"},"no-coverage-error-message2":{"_":"Потребно е мрежно покривање за да ја ажурирате состојбата или дополнување кредит."},"top-up":{"_":"Дополнување"},"enter-top-up-code":{"_":"Внесете го кодот за дополнување"},"top-up-code-explanation2":{"_":"Најдете го на грепката или на Вашата сметка."},"wait-for-confirmation":{"_":"Ќе добиете порака за потврда"},"incorrect-code2":{"_":"Осигурајте се дека кодот е точен и пробајте повторно."},"topup-error2":{"_":"Имаше проблем при праќање на кодот. Ве молам пробајте повторно."},"application-error-title":{"_":"Недостапен сервис"},"application-error-message":{"_":"Контактирајте го преставникот на вашиот оператор."},"service-unavailable-title":{"_":"Недостапен сервис"},"service-unavailable-message":{"_":"Ниту ажурирање ниту дополнување не е можно во моментов. Ве молам пробајте повторно."},"data-usage":{"_":"Искористеност на податоци"},"update-button":{"_":"Ажурирај"},"topup-button2":{"_":"Користете код за дополнување"},"topup-ussd-button2":{"_":"Отворете го мените за дополнување"},"ok":{"_":"Во ред"},"top-up-in-progress2":{"_":"Вашето барање за дополнување се процесира."},"top-up-timed-out2":{"_":"Ажурирајте ја состојбата за да потврдите. Ако состојбата е непроменета, пробајте со дополнување повторно."},"on-topup-not-confirmed-title":{"_":"Дополнувањето не е потврдено"},"on-topup-not-confirmed-message":{"_":"Пробајте да ја ажурирате состојбата или повторите го дополнувањето."},"send":{"_":"прати"},"plantype-setup-title":{"_":"Мојот телефонски и интернет договор е"},"prepaid":{"_":"Припејд"},"postpaid":{"_":"Постпејд"},"phoneactivity":{"_":"Активност на телефон"},"short-date-format":{"_":"%b, %d"},"sms-sent":{"_":"SMS пратена"},"call-made":{"_":"Направени повици"},"settings":{"_":"Поставки"},"low-balance-alert":{"_":"Аларм за мала состојба"},"low-balance-explanation2":{"_":"Кога состојбата е под"},"phone-and-internet-data-report":{"_":"Извештај за искористеност на телефон и интернет"},"starting-on":{"_":"Започнување на"},"cancel":{"_":"Откажи"},"set":{"_":"Постави"},"set-day":{"_":"Постави ден"},"set-date":{"_":"Постави датум"},"monthly":{"_":"Месечно"},"weekly":{"_":"Седмично"},"monday":{"_":"Понеделник"},"tuesday":{"_":"Вторник"},"wednesday":{"_":"Среда"},"thursday":{"_":"Четврток"},"friday":{"_":"Петок"},"saturday":{"_":"Сабота"},"sunday":{"_":"Недела"},"monday-abbr":{"_":"Пон"},"tuesday-abbr":{"_":"Вто"},"wednesday-abbr":{"_":"Сре"},"thursday-abbr":{"_":"Чет"},"friday-abbr":{"_":"Пет"},"saturday-abbr":{"_":"Саб"},"sunday-abbr":{"_":"Нед"},"billing-cycle-ends":{"_":"Циклусот за фактурирање завршува"},"tracking-will-reset":{"_":"Следењето ќе се ресетира на овој датум"},"yes":{"_":"Да"},"done":{"_":"Готово"},"confirmation":{"_":"Потврда"},"reset-confirmation-warning":{"_":"Сите моментални податоци ќе бидат избришани. Дали сте сигурни дека сакате да ресетирате?"},"reset":{"_":"Ресетирај"},"reset-wifi":{"_":"Ресетирај искористеност на Wi-Fi"},"reset-mobile":{"_":"Ресетирај искористеност на мобилен"},"reset-all-data-usage":{"_":"Ресетирај податоци за мобилен и Wi-Fi"},"not-set":{"_":"Не е поставено"},"used":{"_":"Искористено"},"limit-passed":{"_":"Поминат лимит"},"limit":{"_":"Лимит"},"data-limit-header":{"_":"Лимит за податоци"},"data-limit-alert":{"_":"Алерт за податоци"},"data-limit-value2":{"_":"Кога искористеноста е над"},"data-limit-dialog-title2":{"_":"Внесете аларм за лимит на мобилен"},"data-limit-dialog-explanation2":{"_":"Брзината на поврзување се намалува по достигнување на лимитот. Проверете со вашиот оператор за да поставите соодветно ниво за аларм."},"wifi-usage":{"_":"Wi-Fi искористеност"},"mobile-usage":{"_":"Искористеност на говор"},"wifi-usage-settings":{"_":"Wi-Fi искористеност"},"mobile-usage-settings":{"_":"Искористеност на мобилен"},"im-prepaid":{"_":"Јас сум припејд"},"im-postpaid":{"_":"Јас сум постпејд"},"reset-data-usage":{"_":"Ресетирај искористеност на податоци"},"reset-report":{"_":"Ресетирај извештај"},"next":{"_":"Следно"},"back":{"_":"Назад"},"lets-go":{"_":"Ајде!"},"alert":{"_":"Аларм"},"alert-limit":{"_":"Аларм лимит"},"fte-welcome-title":{"_":"Добредојдовте"},"data-limit-notification-title2":{"_":"{{limit}} податоци искористено"},"data-limit-notification-text2":{"_":"Го стигнавте лимитот кој го избравте"},"low-balance-notification-title":{"_":"Низок баланс"},"low-balance-notification-text":{"_":"{{remaining}} телефонски кредити остануваат"},"zero-balance-message":{"_":"Балансот е на нула, нема останато телефонски кредити."},"not-available":{"_":"Не е достапно"},"usage":{"_":"Потрошено"},"internet":{"_":"Интернет"},"phone":{"_":"Телефон"},"loading-interface-data":{"_":"Се вчитува интерфејсот. Ве молам пробајте повторно подоцна."},"chart-date-format":{"_":"%b %e"},"verbose-chart-date-format":{"_":"{{em-month}} {{monthday-number}}"},"day-hour-format":{"_":"{{day}}, {{time}}"},"B":{"_":"Б"},"KB":{"_":"КБ"},"MB":{"_":"МБ"},"GB":{"_":"ГБ"},"weekday-0-long":{"_":"Недела"},"weekday-1-long":{"_":"Понеделник"},"weekday-2-long":{"_":"Вторник"},"weekday-3-long":{"_":"Среда"},"weekday-4-long":{"_":"Четврток"},"weekday-5-long":{"_":"Петок"},"weekday-6-long":{"_":"Сабота"},"weekday-0-short":{"_":"Нед"},"weekday-1-short":{"_":"Пон"},"weekday-2-short":{"_":"Вто"},"weekday-3-short":{"_":"Сре"},"weekday-4-short":{"_":"Чет"},"weekday-5-short":{"_":"Пет"},"weekday-6-short":{"_":"Саб"},"month-0-long":{"_":"јануари"},"month-1-long":{"_":"февруари"},"month-2-long":{"_":"март"},"month-3-long":{"_":"април"},"month-4-long":{"_":"мај"},"month-5-long":{"_":"јуни"},"month-6-long":{"_":"јули"},"month-7-long":{"_":"август"},"month-8-long":{"_":"септември"},"month-9-long":{"_":"октомври"},"month-10-long":{"_":"ноември"},"month-11-long":{"_":"декември"},"month-0-genitive":{"_":"јануари"},"month-1-genitive":{"_":"февруари"},"month-2-genitive":{"_":"март"},"month-3-genitive":{"_":"април"},"month-4-genitive":{"_":"мај"},"month-5-genitive":{"_":"јуни"},"month-6-genitive":{"_":"јули"},"month-7-genitive":{"_":"август"},"month-8-genitive":{"_":"септември"},"month-9-genitive":{"_":"октомври"},"month-10-genitive":{"_":"ноември"},"month-11-genitive":{"_":"декември"},"month-0-short":{"_":"јан"},"month-1-short":{"_":"фев"},"month-2-short":{"_":"мар"},"month-3-short":{"_":"апр"},"month-4-short":{"_":"мај"},"month-5-short":{"_":"јун"},"month-6-short":{"_":"јул"},"month-7-short":{"_":"авг"},"month-8-short":{"_":"сеп"},"month-9-short":{"_":"окт"},"month-10-short":{"_":"ное"},"month-11-short":{"_":"дек"},"minutes-ago-long":{"_":"{[ plural(value) ]}","_[zero]":"сега","_[one]":"пред една минута","_[two]":"пред {{value}} минути","_[few]":"пред {{value}} минути","_[many]":"пред {{value}} минути","_[other]":"пред {{value}} минути"},"hours-ago-long":{"_":"{[ plural(value) ]}","_[zero]":"сега","_[one]":"пред еден час","_[two]":"пред {{value}} часа","_[few]":"пред {{value}} часа","_[many]":"пред {{value}} часови","_[other]":"пред {{value}} часови"},"days-ago-long":{"_":"{[ plural(value) ]}","_[zero]":"денес","_[one]":"вчера","_[two]":"пред {{value}} дена","_[few]":"пред {{value}} дена","_[many]":"пред {{value}} денови","_[other]":"пред {{value}} денови"},"weeks-ago-long":{"_":"{[ plural(value) ]}","_[zero]":"оваа недела","_[one]":"минатата недела","_[two]":"пред {{value}} недели","_[few]":"пред {{value}} недели","_[many]":"пред {{value}} недели","_[other]":"пред {{value}} недели"},"months-ago-long":{"_":"{[ plural(value) ]}","_[zero]":"овој месец","_[one]":"минатиот месец","_[two]":"пред {{value}} месеци","_[few]":"пред {{value}} месеци","_[many]":"пред {{value}} месеци","_[other]":"пред {{value}} месеци"},"years-ago-long":{"_":"{[ plural(value) ]}","_[zero]":"оваа година","_[one]":"минатата година","_[two]":"пред {{value}} години","_[few]":"пред {{value}} години","_[many]":"пред {{value}} години","_[other]":"пред {{value}} години"},"minutes-until-long":{"_":"{[ plural(value) ]}","_[zero]":"сега","_[one]":"за една минута","_[two]":"за {{value}} минути","_[few]":"за {{value}} минути","_[many]":"за {{value}} минути","_[other]":"за {{value}} минути"},"hours-until-long":{"_":"{[ plural(value) ]}","_[zero]":"сега","_[one]":"за еден час","_[two]":"за {{value}} часа","_[few]":"за {{value}} часа","_[many]":"за {{value}} часови","_[other]":"за {{value}} часови"},"days-until-long":{"_":"{[ plural(value) ]}","_[zero]":"денес","_[one]":"утре","_[two]":"за {{value}} дена","_[few]":"за {{value}} дена","_[many]":"за {{value}} денови","_[other]":"за {{value}} денови"},"weeks-until-long":{"_":"{[ plural(value) ]}","_[zero]":"оваа седмица","_[one]":"следната седмица","_[two]":"за {{value}} седмици","_[few]":"за {{value}} седмици","_[many]":"за {{value}} седмици","_[other]":"за {{value}} седмици"},"months-until-long":{"_":"{[ plural(value) ]}","_[zero]":"овој месец","_[one]":"следниот месец","_[two]":"за {{value}} месеци","_[few]":"за {{value}} месеци","_[many]":"за {{value}} месеци","_[other]":"за {{value}} месеци"},"years-until-long":{"_":"{[ plural(value) ]}","_[zero]":"оваа година","_[one]":"следната година","_[two]":"за {{value}} години","_[few]":"за {{value}} години","_[many]":"за {{value}} години","_[other]":"за {{value}} години"},"minutes-ago-short":{"_":"{[ plural(value) ]}","_[zero]":"сега","_[other]":"пред {{value}}m"},"hours-ago-short":{"_":"{[ plural(value) ]}","_[zero]":"сега","_[other]":"пред {{value}}h"},"days-ago-short":{"_":"{[ plural(value) ]}","_[zero]":"денес","_[other]":"пред {{value}}d"},"minutes-until-short":{"_":"{[ plural(value) ]}","_[zero]":"сега","_[other]":"за {{value}}m"},"hours-until-short":{"_":"{[ plural(value) ]}","_[zero]":"сега","_[other]":"за {{value}}h"},"days-until-short":{"_":"{[ plural(value) ]}","_[zero]":"денес","_[other]":"за {{value}}d"},"incorrectDate":{"_":"(неточен датум)"},"dateTimeFormat_%c":{"_":"%a %b %e %Y %H:%M:%S"},"dateTimeFormat_%x":{"_":"%d/%m/%Y"},"dateTimeFormat_%X":{"_":"%H:%M:%S"},"shortTimeFormat":{"_":"%H:%M"},"shortDateTimeFormat":{"_":"%x %H:%M"},"weekStartsOnMonday":{"_":"1"},"time_am":{"_":"AM"},"time_pm":{"_":"PM"}}