{"topup-confirmation-title2":{"_":"Penggunaan"},"topup-confirmation-message":{"_":"Isian semula berjaya"},"topup-incorrectcode-title2":{"_":"Penggunaan"},"topup-incorrectcode-message3":{"_":"Kos isian semula yang salah telah dimasukkan."},"updating":{"_":"Mengemaskini"},"updating-ellipsis":{"_":"Mengemaskini…"},"yesterday":{"_":"Semalam"},"today":{"_":"Hari ini"},"never":{"_":"Tidak sekali"},"magnitude":{"_":"{{value}} {{unit}}"},"currency":{"_":"{{currency}}{{value}}"},"widget":{"_":"Widget Penggunaan"},"widget-authed-sim-heading":{"_":"SIM {{provider}} baru telah diamsukkan"},"widget-authed-sim-meta":{"_":"Tap untuk menjejak penggunaan telefon dan internet anda."},"widget-nonauthed-sim-heading":{"_":"SIM baru telah dimasukkan"},"widget-nonauthed-sim-meta":{"_":"Tap untuk menjejak penggunaan internet anda."},"widget-no-sim2-heading":{"_":"Tiada SIM dimasukkan"},"widget-no-sim2-meta":{"_":"Masukkan SIM dan bolehkan Penggunaan."},"widget-sim-locked-heading":{"_":"SIM kad dikunci"},"widget-sim-locked-meta":{"_":"Buka kunci SIM anda untuk bolehkan Penggunaan."},"fte":{"_":"Pengalaman Kali Pertama Penggunaan"},"fte-authed-sim":{"_":"Jimatkan wang dengan menjejak penggunaan telefon dan internet anda."},"fte-nonauthed-sim":{"_":"Jimatkan wang dengan menjejak penggunaan internet anda."},"fte-no-sim":{"_":"Dapatkan maklumat sebenar perihal sebanyak mana anda menggunakan internet."},"fte-sim-info2":{"_":"Maklumat ditunjukkan pada Penggunaan datang secara terus daripada peranti ini. Periksa penyedia perkhidmatan telefon bimbit anda untuk perincian info akaun."},"fte-plantype-title":{"_":"Jenis Kontrak"},"fte-plantype-hint":{"_":"Pilih jenis kontrak yang anda miliki dengan penyedia perkhidmatan selular anda."},"fte-prepaid2-title":{"_":"Waspada Baki Rendah"},"fte-prepaid2-hint":{"_":"Hantar waspada bagi mengelakkan kehabisan kredit."},"fte-prepaid3-title":{"_":"Data Laporan dan Waspada"},"fte-prepaid3-hint":{"_":"Terima laporan perihal penggunaan Internet anda dan tetapkan waspada bagi mengelakkan penggunaan berlebihan."},"fte-postpaid2-title":{"_":"Laporan Telefon dan Data"},"fte-postpaid2-hint":{"_":"Terima lasporan perihal penggunaan telefon dan Internet anda."},"fte-postpaid3-title":{"_":"Data Waspada"},"fte-postpaid3-hint":{"_":"Tetapkan waspada bagi mengelakkan penggunaan data yang berlebihan."},"fte-onlydata2-title":{"_":"Laporan Data"},"fte-onlydata2-hint":{"_":"Terima laporan perihal penggunaan internet anda."},"fte-onlydata3-title":{"_":"Data Waspada"},"fte-onlydata3-hint":{"_":"Tetapkan waspada bagi mengelakkan penggunaan data yang berlebihan."},"phone-activity":{"_":"Aktiviti Telefon"},"balance":{"_":"Baki"},"on-roaming-message2":{"_":"Perantauan: tiada baki automatik dikemaskini. Anda mungkin dikenakan cas untuk mengemaskini secara manual."},"balance-error-message2":{"_":"Baki tidak dikemaskini dengan betul. Cuba mengemaskini secara manual."},"airplane-mode-error-message2":{"_":"Matikan mod pesawat untuk mengemaskini baki anda atau isian semula."},"disable-airplane-mode":{"_":"Adakan anda ingin melumpuhkan mod Pesawat untuk mengemaskini atau isian semula?"},"no-coverage-error-message2":{"_":"Anda memerlukan liputan telefon untuk mengemaskini baki anda atau isian semula."},"top-up":{"_":"Isian Semula"},"enter-top-up-code":{"_":"Masukkan kod isian semula"},"top-up-code-explanation2":{"_":"Carinya pada kad gores atau secara terus dalam resit anda."},"wait-for-confirmation":{"_":"Anda akan menerima mesej pengesahan"},"incorrect-code2":{"_":"Pastikan kod adalah betul dan cuba lagi."},"topup-error2":{"_":"Terdapat masalah menghantar kod. Sila cuba lagi."},"application-error-title":{"_":"Tiada perkhidmatan"},"application-error-message":{"_":"Hubungi wakil syariakt anda"},"service-unavailable-title":{"_":"Tiada perkhidmatan"},"service-unavailable-message":{"_":"Tidak dapat mengemaskini atau isian semula pada ketika ini. Sila cuba lagi."},"data-usage":{"_":"Penggunaan data"},"update-button":{"_":"Kemaskini"},"topup-button2":{"_":"Gunakan kod isian semula"},"topup-ussd-button2":{"_":"Buka menu isian semula"},"ok":{"_":"OK"},"top-up-in-progress2":{"_":"Isian semula anda sedang diproses."},"top-up-timed-out2":{"_":"Kemaskini baki anda untuk kepastian. Jika baki tidak berubah, cuba lagi untuk membuat isian semula."},"on-topup-not-confirmed-title":{"_":"Isian semula tidak pasti"},"on-topup-not-confirmed-message":{"_":"Cuba mengemaskini baki anda atau cubaan pengisian semula."},"send":{"_":"hantar"},"plantype-setup-title":{"_":"Pelan telefon dan Internet saya adalah "},"prepaid":{"_":"Pra bayar"},"postpaid":{"_":"Pasca bayar"},"phoneactivity":{"_":"Aktiviti Telefon"},"short-date-format":{"_":"%b, %d"},"sms-sent":{"_":"Hantar SMS"},"call-made":{"_":"Panggilan dibuat"},"settings":{"_":"Tetapan"},"low-balance-alert":{"_":"Waspada baki rendah"},"low-balance-explanation2":{"_":"Apabila baki di bawah"},"phone-and-internet-data-report":{"_":"Laporan data telefon dan Internet"},"starting-on":{"_":"Dimulakan pada"},"cancel":{"_":"Batal"},"set":{"_":"Tetapkan"},"set-day":{"_":"Hari ditetapkan"},"set-date":{"_":"Tarikh ditetapkan"},"monthly":{"_":"Bulanan"},"weekly":{"_":"Mingguan"},"monday":{"_":"Isnin"},"tuesday":{"_":"Selasa"},"wednesday":{"_":"Rabu"},"thursday":{"_":"Khamis"},"friday":{"_":"Jumaat"},"saturday":{"_":"Sabtu"},"sunday":{"_":"Ahad"},"monday-abbr":{"_":"Isn"},"tuesday-abbr":{"_":"Sel"},"wednesday-abbr":{"_":"Rab"},"thursday-abbr":{"_":"Kha"},"friday-abbr":{"_":"Jum"},"saturday-abbr":{"_":"Sab"},"sunday-abbr":{"_":"Aha"},"billing-cycle-ends":{"_":"Kitaran bil berakhir"},"tracking-will-reset":{"_":"Penjejakan akan diulang tetap pada tarikh ini"},"yes":{"_":"Ya"},"done":{"_":"Selesai"},"confirmation":{"_":"Pengesahan"},"reset-confirmation-warning":{"_":"Semua data semasa akan dihapuskan. Adakah anda pastu untuk mengulang tetap?"},"reset":{"_":"Ulang tetap"},"reset-wifi":{"_":"Ulang tetap penggunaan Wi-Fi"},"reset-mobile":{"_":"Ulang tetap penggunaan telefon"},"reset-all-data-usage":{"_":"Ulang tetap data telefon dan Wi-Fi"},"not-set":{"_":"Tidak ditetapkan"},"used":{"_":"Digunakan"},"limit-passed":{"_":"Had terlepas"},"limit":{"_":"Had"},"data-limit-header":{"_":"Had penggunaan data"},"data-limit-alert":{"_":"Waspada penggunaan data"},"data-limit-value2":{"_":"Apabila penggunaan di atas"},"data-limit-dialog-title2":{"_":"Masukkan waspada had data telefon"},"data-limit-dialog-explanation2":{"_":"Kelajuan sambungan dikurangkan selepas mencecah had. Periksa dengan penyedia data anda untuk menetapkan paras waspada yang sepatutnya."},"wifi-usage":{"_":"Penggunaan Wi-Fi"},"mobile-usage":{"_":"Penggunaan telefon"},"wifi-usage-settings":{"_":"Penggunaan Wi-Fi"},"mobile-usage-settings":{"_":"Penggunaan telefon"},"im-prepaid":{"_":"Saya gunakan Pra-bayar"},"im-postpaid":{"_":"Saya gunakan Pasca-bayar"},"reset-data-usage":{"_":"Ulang tetap penggunaan data"},"reset-report":{"_":"Ulang tetap laporan"},"next":{"_":"Maju"},"back":{"_":"Undur"},"lets-go":{"_":"Mari!"},"alert":{"_":"Waspada"},"alert-limit":{"_":"Had Waspada"},"fte-welcome-title":{"_":"Selamat Datang"},"data-limit-notification-title2":{"_":"{{limit}} daripada data digunakan"},"data-limit-notification-text2":{"_":"Anda teleh mencecah had yang dipilih"},"low-balance-notification-title":{"_":"Baki rendah"},"low-balance-notification-text":{"_":"{{remaining}} kredit telefon yang tinggal"},"zero-balance-message":{"_":"Baki mencecah kosong, tiada lagi kredit yang tinggal."},"not-available":{"_":"Tiada"},"usage":{"_":"Penggunaan"},"internet":{"_":"Internet"},"phone":{"_":"Telefon"},"loading-interface-data":{"_":"Memuat data antaramuka. Sila cuba seketika nanti."},"chart-date-format":{"_":"%b %e"},"verbose-chart-date-format":{"_":"{{em-month}} {{monthday-number}}"},"day-hour-format":{"_":"{{day}}, {{time}}"},"B":{"_":"B"},"KB":{"_":"KB"},"MB":{"_":"MB"},"GB":{"_":"GB"},"weekday-0-long":{"_":"Ahad"},"weekday-1-long":{"_":"Isnin"},"weekday-2-long":{"_":"Selasa"},"weekday-3-long":{"_":"Rabu"},"weekday-4-long":{"_":"Khamis"},"weekday-5-long":{"_":"Jumaat"},"weekday-6-long":{"_":"Sabtu"},"weekday-0-short":{"_":"Ahad"},"weekday-1-short":{"_":"Isnin"},"weekday-2-short":{"_":"Selasa"},"weekday-3-short":{"_":"Rabu"},"weekday-4-short":{"_":"Khamis"},"weekday-5-short":{"_":"Jumaat"},"weekday-6-short":{"_":"Sabtu"},"month-0-long":{"_":"Januari"},"month-1-long":{"_":"Februari"},"month-2-long":{"_":"Mac"},"month-3-long":{"_":"April"},"month-4-long":{"_":"Mei"},"month-5-long":{"_":"Jun"},"month-6-long":{"_":"Julai"},"month-7-long":{"_":"Ogos"},"month-8-long":{"_":"September"},"month-9-long":{"_":"Oktober"},"month-10-long":{"_":"November"},"month-11-long":{"_":"Disember"},"month-0-genitive":{"_":"Januari"},"month-1-genitive":{"_":"Februari"},"month-2-genitive":{"_":"Mac"},"month-3-genitive":{"_":"April"},"month-4-genitive":{"_":"Mei"},"month-5-genitive":{"_":"Jun"},"month-6-genitive":{"_":"Julai"},"month-7-genitive":{"_":"Ogos"},"month-8-genitive":{"_":"September"},"month-9-genitive":{"_":"Oktober"},"month-10-genitive":{"_":"November"},"month-11-genitive":{"_":"Disember"},"month-0-short":{"_":"Jan"},"month-1-short":{"_":"Feb"},"month-2-short":{"_":"Mac"},"month-3-short":{"_":"Apr"},"month-4-short":{"_":"Mei"},"month-5-short":{"_":"Jun"},"month-6-short":{"_":"Jul"},"month-7-short":{"_":"Ogos"},"month-8-short":{"_":"Sep"},"month-9-short":{"_":"Okt"},"month-10-short":{"_":"Nov"},"month-11-short":{"_":"Dis"},"minutes-ago-long":{"_":"{[ plural(value) ]}","_[zero]":"sebentar tadi","_[one]":"satu minit lalu","_[two]":"{{value}} minit lalu","_[few]":"{{value}} minit lalu","_[many]":"{{value}} minit lalu","_[other]":"{{value}} minit lalu"},"hours-ago-long":{"_":"{[ plural(value) ]}","_[zero]":"sebentar tadi","_[one]":"sejam yang lalu","_[two]":"{{value}} jam lalu","_[few]":"{{value}} jam lalu","_[many]":"{{value}} jam lalu","_[other]":"{{value}} jam lalu"},"days-ago-long":{"_":"{[ plural(value) ]}","_[zero]":"hari ini","_[one]":"semalam","_[two]":"{{value}} hari lalu","_[few]":"{{value}} hari lalu","_[many]":"{{value}} hari lalu","_[other]":"{{value}} hari lalu"},"weeks-ago-long":{"_":"{[ plural(value) ]}","_[zero]":"minggu ini","_[one]":"minggu lalu","_[two]":"{{value}} minggu lalu","_[few]":"{{value}} minggu lalu","_[many]":"{{value}} minggu lalu","_[other]":"{{value}} minggu lalu"},"months-ago-long":{"_":"{[ plural(value) ]}","_[zero]":"bulan ini","_[one]":"bulan lalu","_[two]":"{{value}} bulan lalu","_[few]":"{{value}} bulan lalu","_[many]":"{{value}} minit lalu","_[other]":"{{value}} minit lalu"},"years-ago-long":{"_":"{[ plural(value) ]}","_[zero]":"tahun ini","_[one]":"tahun lalu","_[two]":"{{value}} tahun lalu","_[few]":"{{value}} tahun lalu","_[many]":"{{value}} tahun lalu","_[other]":"{{value}} tahun lalu"},"minutes-until-long":{"_":"{[ plural(value) ]}","_[zero]":"sekarang","_[one]":"dalam satu minit","_[two]":"dalam {{value}} minit","_[few]":"dalam {{value}} minit","_[many]":"dalam {{value}} minit","_[other]":"dalam {{value}} minit"},"hours-until-long":{"_":"{[ plural(value) ]}","_[zero]":"sekarang","_[one]":"dalam satu jam","_[two]":"dalam {{value}} jam","_[few]":"dalam {{value}} jam","_[many]":"dalam {{value}} jam","_[other]":"dalam {{value}} jam"},"days-until-long":{"_":"{[ plural(value) ]}","_[zero]":"hari ini","_[one]":"esok","_[two]":"dalam {{value}} hari","_[few]":"dalam {{value}} hari","_[many]":"dalam {{value}} hari","_[other]":"dalam {{value}} hari"},"weeks-until-long":{"_":"{[ plural(value) ]}","_[zero]":"minggu ini","_[one]":"minggu depan","_[two]":"dalam {{value}} minggu","_[few]":"dalam {{value}} minggu","_[many]":"dalam {{value}} minggu","_[other]":"dalam {{value}} minggu"},"months-until-long":{"_":"{[ plural(value) ]}","_[zero]":"bulan ini","_[one]":"bulan depan","_[two]":"dalam {{value}} bulan","_[few]":"dalam {{value}} bulan","_[many]":"dalam {{value}} bulan","_[other]":"dalam {{value}} bulan"},"years-until-long":{"_":"{[ plural(value) ]}","_[zero]":"tahun ini","_[one]":"tahun depan","_[two]":"dalam {{value}} tahun","_[few]":"dalam {{value}} tahun","_[many]":"dalam {{value}} tahun","_[other]":"dalam {{value}} tahun"},"minutes-ago-short":{"_":"{[ plural(value) ]}","_[zero]":"sebentar tadi","_[other]":"{{value}} minit lalu"},"hours-ago-short":{"_":"{[ plural(value) ]}","_[zero]":"sebentar tadi","_[other]":"{{value}} jam lalu"},"days-ago-short":{"_":"{[ plural(value) ]}","_[zero]":"hari ini","_[other]":"{{value}} hari lalu"},"minutes-until-short":{"_":"{[ plural(value) ]}","_[zero]":"sekarang","_[other]":"dalam {{value}} minit"},"hours-until-short":{"_":"{[ plural(value) ]}","_[zero]":"sekarang","_[other]":"dalam {{value}} jam"},"days-until-short":{"_":"{[ plural(value) ]}","_[zero]":"hari ini","_[other]":"dalam {{value}} hari"},"incorrectDate":{"_":"(tarikh tidak betul)"},"dateTimeFormat_%c":{"_":"%a %b %e %Y %I:%M:%S %p"},"dateTimeFormat_%x":{"_":"%m/%d/%Y"},"dateTimeFormat_%X":{"_":"%I:%M:%S %p"},"shortTimeFormat":{"_":"%I:%M %p"},"shortDateTimeFormat":{"_":"%x %I:%M %p"},"weekStartsOnMonday":{"_":"0"},"time_am":{"_":"PG"},"time_pm":{"_":"PTG"}}