{"topup-confirmation-title2":{"_":"प्रयोग"},"topup-confirmation-message":{"_":"Top-up पुष्टि भयो"},"topup-incorrectcode-title2":{"_":"प्रयोग"},"topup-incorrectcode-message3":{"_":"गलत top-up कोड प्रविष्ट गर्नुभयो।"},"updating":{"_":"अद्याबधिक गर्दै"},"updating-ellipsis":{"_":"अद्यावधिक गर्दै..."},"yesterday":{"_":"हिजो"},"today":{"_":"आज"},"never":{"_":"कहिले पनि होइन"},"magnitude":{"_":"{{value}} {{unit}}"},"currency":{"_":"{{currency}}{{value}}"},"widget":{"_":"प्रयोग विजेट"},"widget-authed-sim-heading":{"_":"नयाँ {{provider}} SIM घुसाइयो"},"widget-authed-sim-meta":{"_":"तपाईको फोन र इन्टरनेट प्रयोग थाहा पाउनका लागि थिच्नुहोस् |"},"widget-nonauthed-sim-heading":{"_":"नयाँ SIM घुसाइयो"},"widget-nonauthed-sim-meta":{"_":"तपाईको इन्टरनेट प्रयोग थाहा पाउनका लागि थिच्नुहोस् |"},"widget-no-sim2-heading":{"_":"कुनै सिम घुसाइएको छैन"},"widget-no-sim2-meta":{"_":"प्रयोग सक्षम पार्नका लागि SIM घुसाउनुहोस्।"},"widget-sim-locked-heading":{"_":"सिम कार्ड ताल्चा लगाइयो"},"widget-sim-locked-meta":{"_":"प्रयोग सक्षम पार्न तपाईँको SIMबाट ताल्चा हटाउनुहोस्।"},"fte":{"_":"प्रयोगको पहिलो अनुभव"},"fte-authed-sim":{"_":"तपाईको फोन र इन्टरनेट प्रयोग थाहा पाएर पैसा बचत गर्नुहोस् |"},"fte-nonauthed-sim":{"_":"तपाईको इन्टरनेट प्रयोग थाहा पाएर पैसा बचत गर्नुहोस् |"},"fte-no-sim":{"_":"तपाईले कतिको इन्टरनेट प्रयोग गर्नुभाकोछ भन्ने बारेमा स्पष्ट जानकारी पाउनुहोस् |"},"fte-sim-info2":{"_":"प्रयोगमा देखाइएको सूचनाहरु सिधै यस यन्त्रबाट आउछ | खाताको बिस्तृत जानकारीका लागि तपाईको मोबाइल सेवा प्रदायकसँग जाँच्नुहोस् |"},"fte-plantype-title":{"_":"समझौताका प्रकार"},"fte-plantype-hint":{"_":"तपाईको मोबाइल सेवा प्रदायकसंग भएको समझौताको प्रकार चयन गर्नुहोस्।"},"fte-prepaid2-title":{"_":"कम ब्यालेन्स सतर्कता"},"fte-prepaid2-hint":{"_":"कम श्रेय हुनबाट बच्न सतर्कता सेट गर्नहोस्।"},"fte-prepaid3-title":{"_":"डाटा प्रतिवेदन र सतर्कता"},"fte-prepaid3-hint":{"_":"तपाईको इन्टरनेट प्रयोगबारे प्रतिवेदन पाउनुहोस् र धेरै चलाउनबाट बच्न सतर्कता सेट गर्नहोस्।"},"fte-postpaid2-title":{"_":"फोन र डाटा प्रतिवेदन"},"fte-postpaid2-hint":{"_":"तपाईको फोन र इन्टरनेट प्रयोगबारे प्रतिवेदन पाउनुहोस्।"},"fte-postpaid3-title":{"_":"डाटा सतर्कता"},"fte-postpaid3-hint":{"_":"धेरै डाटा चलाउनबाट बच्न सतर्कता सेट गर्नहोस्।"},"fte-onlydata2-title":{"_":"डाटा प्रतिवेदन"},"fte-onlydata2-hint":{"_":"तपाईको इन्टरनेट प्रयोगबारे प्रतिवेदन पाउनुहोस्।"},"fte-onlydata3-title":{"_":"डाटा सतर्कता"},"fte-onlydata3-hint":{"_":"धेरै डाटा चलाउनबाट बच्न सतर्कता सेट गर्नहोस्।"},"phone-activity":{"_":"फोन क्रियाकलाप"},"balance":{"_":"सन्तुलन"},"on-roaming-message2":{"_":"रोमीङ: स्वत: ब्यालेन्स अपडेट उपलब्ध छैन। आफै अपडेट गरेमा तपाईलाई शुल्क लाग्न सक्छ।"},"balance-error-message2":{"_":"ब्यालेन्स ठिक तवरले अपडेट हुन सकेन। आफै अपडेट गर्न कोसिस गर्नुहोस्।"},"airplane-mode-error-message2":{"_":"तपाईको ब्यालेन्स वा टप अप अद्यावधिक गर्न उडान शैली बन्द गर्नुहोस्।"},"disable-airplane-mode":{"_":"के तपाई अपडेट वा टप-अप गर्न उडान शैली अक्षम पार्न चाहनुहुन्छ?"},"no-coverage-error-message2":{"_":"तपाईको ब्यालेन्स वा टप अप अपडेट गर्न फोनले बेहोरेको हुनुपर्छ।"},"top-up":{"_":"टप अप"},"enter-top-up-code":{"_":"कृपया टप-अप कोड प्रविष्ट गर्नुहोस्"},"top-up-code-explanation2":{"_":"तपाईको स्क्र्याच कार्ड वा सिधै रसिदमा खोज्नुहोस्।"},"wait-for-confirmation":{"_":"तपाईले एउटा पुष्टिकरण सन्देश प्राप्त गर्नुहुनेछ"},"incorrect-code2":{"_":"कोड सहि छ भन्नेमा निश्चित गर्नुहोस् र फेरि प्रयास गर्नुहोस् ।"},"topup-error2":{"_":"कोड पठाँउदा एउटा समस्या आयो।कृपया फेरि प्रयास गर्नुहोस्।"},"application-error-title":{"_":"सेवा अनुपलब्ध"},"application-error-message":{"_":"तपाईको कम्पनीको प्रतिनिधिलाई सम्पर्क गर्नुहोस्"},"service-unavailable-title":{"_":"सेवा उपलब्ध छैन"},"service-unavailable-message":{"_":"अपडेट र टप-अप दुबै यस क्षणमा सम्भव छैन। कृपया केहि क्षण पछि पुन: प्रयास गर्नुहोस्।"},"data-usage":{"_":"डाटा प्रयोग"},"update-button":{"_":"अद्यावधिक गर्नुहोस्"},"topup-button2":{"_":"टप-अप कोड पर्योग गर्नुहोस्"},"topup-ussd-button2":{"_":"टप-अप मेनु खोल्नुहोस्"},"ok":{"_":"ठीक छ"},"top-up-in-progress2":{"_":"तपईको टप-अप मेनु प्रशोधन हुदैछ।"},"top-up-timed-out2":{"_":"तपाईको ब्यालेन्स अद्यावधिक गर्न पुष्टि गर्नुहोस्। ब्यालेन्स अपरिवर्तित भए, फेरि टप अप गर्न  प्रयास गर्नुहोस्।"},"on-topup-not-confirmed-title":{"_":"टप-अप पुष्टि हुन सकेन"},"on-topup-not-confirmed-message":{"_":"ब्यालेन्स रिचार्ज गर्ने प्रयास गर्नुहोस्।"},"send":{"_":"पठाउनुहोस्"},"plantype-setup-title":{"_":"मेरो फोन र इन्टरनेट योजना"},"prepaid":{"_":"प्रिपेड"},"postpaid":{"_":"पोष्टपेड"},"phoneactivity":{"_":"फोन क्रियाकलाप"},"short-date-format":{"_":"%b %d"},"sms-sent":{"_":"SMS पठाइयो"},"call-made":{"_":"गरिएका कलहरु"},"settings":{"_":"सेटिङहरू"},"low-balance-alert":{"_":"कम ब्यालेन्स चेतावनी"},"low-balance-explanation2":{"_":"जब ब्यालेन्स कम हुन्छ"},"phone-and-internet-data-report":{"_":"फोन र इन्टरनेट डाटा प्रतिवेदन"},"starting-on":{"_":"सुरु गर्दै"},"cancel":{"_":"रद्द गर्नुहोस्"},"set":{"_":"सेट गर्नुहोस्"},"set-day":{"_":"दिन सेट गर्नुहोस्"},"set-date":{"_":"मिति सेट गर्नुहोस्"},"monthly":{"_":"मासिक"},"weekly":{"_":"साप्ताहिक"},"monday":{"_":"सोमबार"},"tuesday":{"_":"मंगलबार"},"wednesday":{"_":"बुधबार"},"thursday":{"_":"बिहिबार"},"friday":{"_":"शुक्रबार"},"saturday":{"_":"शनीबार"},"sunday":{"_":"आइतबार"},"monday-abbr":{"_":"सोम"},"tuesday-abbr":{"_":"मङ्गल"},"wednesday-abbr":{"_":"बुध"},"thursday-abbr":{"_":"बिहि"},"friday-abbr":{"_":"शुक्र"},"saturday-abbr":{"_":"शनि"},"sunday-abbr":{"_":"आइत"},"billing-cycle-ends":{"_":"बिलिङ्ग चक्र समाप्त"},"tracking-will-reset":{"_":"Tracking will reset on this date"},"yes":{"_":"ठीक"},"done":{"_":"भयो"},"confirmation":{"_":"यकिन गर्नुहोस्"},"reset-confirmation-warning":{"_":"अहिलेका सम्पूर्ण डाटाहरु मेटिनेछन्। के तपाई रिसेट गर्ने कुरामा निश्चित हुनुहुन्छ?"},"reset":{"_":"रिसेट गर्नुहोस्"},"reset-wifi":{"_":"वाई-फाई प्रयोग रिसेट गर्नुहोस्"},"reset-mobile":{"_":"मोबाइल प्रयोग रिसेट गर्नुहोस्"},"reset-all-data-usage":{"_":"मोबाइल र वाई-फाईको डाटा रिसेट गर्नुहोस्"},"not-set":{"_":"सेट गरिएको छैन"},"used":{"_":"प्रयोग गरिएको"},"limit-passed":{"_":"सीमा कट्यो"},"limit":{"_":"सीमा"},"data-limit-header":{"_":"डाटा प्रयोग सीमा"},"data-limit-alert":{"_":"डाटा प्रयोग चेतावनी"},"data-limit-value2":{"_":"जब प्रयोग माथि छ"},"data-limit-dialog-title2":{"_":"सिमित मोबाइल डाटा प्रविष्ट सचेत गर्नुहोस्"},"data-limit-dialog-explanation2":{"_":"जडान गति सिमित पुगेपछी घट्नेछ । उचित सिमित बनाउन आफ्नो डाटा प्रदातासंग जांच गर्नुहोस । "},"wifi-usage":{"_":"वाई-फाई प्रयोग"},"mobile-usage":{"_":"मोबाइल प्रयोग"},"wifi-usage-settings":{"_":"वाई-फाई प्रयोग"},"mobile-usage-settings":{"_":"मोबाइल प्रयोग"},"im-prepaid":{"_":"मेरो प्रि-पेड"},"im-postpaid":{"_":"मेरो पोस्ट-पेड"},"reset-data-usage":{"_":"डाटा प्रयोग रिसेट गर्नुहोस्"},"reset-report":{"_":"रेसेट प्रतिवेदन"},"next":{"_":"अर्को"},"back":{"_":"पछाडि"},"lets-go":{"_":"जाऊँ!"},"alert":{"_":"सावधानी"},"alert-limit":{"_":"सावधानी सीमा"},"fte-welcome-title":{"_":"स्वागतम"},"data-limit-notification-title2":{"_":"{{limit}}को डाटा प्रयोग गरियो"},"data-limit-notification-text2":{"_":"तपाईँ आफूले चयन गर्नुभएको सीमा पुग्नुभएको छ"},"low-balance-notification-title":{"_":"ब्यालेन्स कम"},"low-balance-notification-text":{"_":"{{remaining}} बाँकी फोन उधारो"},"zero-balance-message":{"_":"ब्यालेन्स शून्यमा पुग्यो, फोने उधारो बाकि छैन।"},"not-available":{"_":"उपलब्ध छैन"},"usage":{"_":"प्रयोग"},"internet":{"_":"इन्टरनेट"},"phone":{"_":"फोन"},"loading-interface-data":{"_":"इन्टरफेस डाटा लोड हुँदैछ। कृपया केहि क्षणपछि पुन:प्रयास गर्नुहोस्।"},"chart-date-format":{"_":"%b %e"},"verbose-chart-date-format":{"_":"{{em-month}} {{monthday-number}}"},"day-hour-format":{"_":"{{day}}, {{time}}"},"B":{"_":"B"},"KB":{"_":"किलो बाइट"},"MB":{"_":"मेगाबाइट"},"GB":{"_":"गिगाबाइट"},"weekday-0-long":{"_":"आइतबार"},"weekday-1-long":{"_":"सोमबार"},"weekday-2-long":{"_":"मंगलबार"},"weekday-3-long":{"_":"बुधबार"},"weekday-4-long":{"_":"बिहिबार"},"weekday-5-long":{"_":"शुक्रबार"},"weekday-6-long":{"_":"शनिबार"},"weekday-0-short":{"_":"आइत"},"weekday-1-short":{"_":"सोम"},"weekday-2-short":{"_":"मङ्गल"},"weekday-3-short":{"_":"बुध"},"weekday-4-short":{"_":"बिहि"},"weekday-5-short":{"_":"शुक्र"},"weekday-6-short":{"_":"शनि"},"month-0-long":{"_":"जनवरी"},"month-1-long":{"_":"फेब्रुअरी"},"month-2-long":{"_":"ंमार्च"},"month-3-long":{"_":"अप्रिल"},"month-4-long":{"_":"मे"},"month-5-long":{"_":"जुन"},"month-6-long":{"_":"जुलाई"},"month-7-long":{"_":"अगस्ट"},"month-8-long":{"_":"सेप्टेम्बर"},"month-9-long":{"_":"अक्टोबर"},"month-10-long":{"_":"नोभेम्बर"},"month-11-long":{"_":"डिसेम्बर"},"month-0-genitive":{"_":"जनवरी"},"month-1-genitive":{"_":"फेब्रुअरी"},"month-2-genitive":{"_":"ंमार्च"},"month-3-genitive":{"_":"अप्रिल"},"month-4-genitive":{"_":"मे"},"month-5-genitive":{"_":"जुन"},"month-6-genitive":{"_":"जुलाई"},"month-7-genitive":{"_":"अगस्ट"},"month-8-genitive":{"_":"सेप्टेम्बर"},"month-9-genitive":{"_":"अक्टोबर"},"month-10-genitive":{"_":"नोभेम्बर"},"month-11-genitive":{"_":"डिसेम्बर"},"month-0-short":{"_":"जन"},"month-1-short":{"_":"फेब"},"month-2-short":{"_":"मार्च"},"month-3-short":{"_":"अप्रिल"},"month-4-short":{"_":"मे"},"month-5-short":{"_":"जुन"},"month-6-short":{"_":"जुलाई"},"month-7-short":{"_":"अगस्ट"},"month-8-short":{"_":"सेप्टेम्वर"},"month-9-short":{"_":"अक्टुवर"},"month-10-short":{"_":"नोभेम्वर"},"month-11-short":{"_":"डिसेम्वर"},"minutes-ago-long":{"_":"{[ plural(value) ]}","_[zero]":"भर्खरै","_[one]":"एक मिनेट अगाडि","_[two]":"{{value}} मिनेट अगाडि","_[few]":"{{value}} मिनेट अगाडि","_[many]":"{{value}} मिनेट अगाडि","_[other]":"{{value}} मिनेट अगाडि"},"hours-ago-long":{"_":"{[ plural(value) ]}","_[zero]":"भर्खरै","_[one]":"एक घन्टा अगाडि","_[two]":"{{value}} घण्टा अगाडि","_[few]":"{{value}} घण्टा अगाडि","_[many]":"{{value}} घण्टा अगाडि","_[other]":"{{value}} घण्टा अगाडि"},"days-ago-long":{"_":"{[ plural(value) ]}","_[zero]":"आज","_[one]":"हिजो","_[two]":"{{value}} दिन अगाडि","_[few]":"{{value}} दिन अगाडि","_[many]":"{{value}} दिन अगाडि","_[other]":"{{value}} दिन अगाडि"},"weeks-ago-long":{"_":"{[ plural(value) ]}","_[zero]":"यो हप्ता","_[one]":"गएको हप्ता","_[two]":"{{value}} हप्ता अगाडि","_[few]":"{{value}} हप्ता अगाडि","_[many]":"{{value}} हप्ता अगाडि","_[other]":"{{value}} हप्ता अगाडि"},"months-ago-long":{"_":"{[ plural(value) ]}","_[zero]":"यो महिना","_[one]":"गएको महिना","_[two]":"{{value}} महिना अगाडि","_[few]":"{{value}} महिना अगाडि","_[many]":"{{value}} महिना अगाडि","_[other]":"{{value}} महिना अगाडि"},"years-ago-long":{"_":"{[ plural(value) ]}","_[zero]":"यो वर्ष","_[one]":"अघिल्लो वर्ष","_[two]":"{{value}} वर्ष अगाडि","_[few]":"{{value}} वर्ष अगाडि","_[many]":"{{value}} वर्ष अगाडि","_[other]":"{{value}} वर्ष अगाडि"},"minutes-until-long":{"_":"{[ plural(value) ]}","_[zero]":"अहिले","_[one]":"एक मिनेटमा","_[two]":"{{value}} मिनेटमा","_[few]":"{{value}} मिनेटमा","_[many]":"{{value}} मिनेटमा","_[other]":"{{value}} मिनेटमा"},"hours-until-long":{"_":"{[ plural(value) ]}","_[zero]":"अहिले","_[one]":"एक घण्टामा","_[two]":"{{value}} घण्टामा","_[few]":"{{value}} घण्टामा","_[many]":"{{value}} घण्टामा","_[other]":"{{value}} घण्टामा"},"days-until-long":{"_":"{[ plural(value) ]}","_[zero]":"आज","_[one]":"भोलि","_[two]":"{{value}} दिनमा","_[few]":"{{value}} दिनमा","_[many]":"{{value}} दिनमा","_[other]":"{{value}} दिनमा"},"weeks-until-long":{"_":"{[ plural(value) ]}","_[zero]":"यो हप्ता","_[one]":"पछिल्लो हप्ता","_[two]":"{{value}} हप्तामा","_[few]":"{{value}} हप्तामा","_[many]":"{{value}} हप्तामा","_[other]":"{{value}} हप्तामा"},"months-until-long":{"_":"{[ plural(value) ]}","_[zero]":"यस महिना","_[one]":"पछिल्लो महिना","_[two]":"{{value}} महिनामा","_[few]":"{{value}} महिनामा","_[many]":"{{value}} महिनामा","_[other]":"{{value}} महिनामा"},"years-until-long":{"_":"{[ plural(value) ]}","_[zero]":"यस बर्ष","_[one]":"आर्को बर्ष","_[two]":"{{value}} बर्षमा","_[few]":"{{value}} बर्षमा","_[many]":"{{value}} वर्षमा","_[other]":"{{value}} वर्षमा"},"minutes-ago-short":{"_":"{[ plural(value) ]}","_[zero]":"भर्खरै","_[other]":"{{value}}मिनेट अघि"},"hours-ago-short":{"_":"{[ plural(value) ]}","_[zero]":"भर्खरै","_[other]":"{{value}}घण्टा अघि"},"days-ago-short":{"_":"{[ plural(value) ]}","_[zero]":"आज","_[other]":"{{value}}दिन अघि"},"minutes-until-short":{"_":"{[ plural(value) ]}","_[zero]":"अहिले","_[other]":"{{value}}मिनेटमा"},"hours-until-short":{"_":"{[ plural(value) ]}","_[zero]":"अहिले","_[other]":"{{value}}घण्टामा"},"days-until-short":{"_":"{[ plural(value) ]}","_[zero]":"आज","_[other]":"{{value}}दिनमा"},"incorrectDate":{"_":"(गलत मिति)"},"dateTimeFormat_%c":{"_":"%a %b %e %Y %I:%M:%S %p"},"dateTimeFormat_%x":{"_":"%m/%d/%Y"},"dateTimeFormat_%X":{"_":"%I:%M:%S %p"},"shortTimeFormat":{"_":"%I:%M %p"},"shortDateTimeFormat":{"_":"%x %I:%M %p"},"weekStartsOnMonday":{"_":"0"},"time_am":{"_":"ए एम"},"time_pm":{"_":"पी एम"}}