{"topup-confirmation-title2":{"_":"Gebruik"},"topup-confirmation-message":{"_":"Opwaarderen bevestigd"},"topup-incorrectcode-title2":{"_":"Gebruik"},"topup-incorrectcode-message3":{"_":"Onjuiste opwaardeercode ingevoerd."},"updating":{"_":"Bijwerken"},"updating-ellipsis":{"_":"Bijwerken…"},"yesterday":{"_":"Gisteren"},"today":{"_":"Vandaag"},"never":{"_":"Nooit"},"magnitude":{"_":"{{value}} {{unit}}"},"currency":{"_":"{{currency}}{{value}}"},"widget":{"_":"Gebruikswidget"},"widget-authed-sim-heading":{"_":"Nieuwe {{provider}}-simkaart geplaatst"},"widget-authed-sim-meta":{"_":"Tik om uw telefoon- en internetgebruik bij te houden."},"widget-nonauthed-sim-heading":{"_":"Nieuwe simkaart geplaatst"},"widget-nonauthed-sim-meta":{"_":"Tik om uw internetgebruik bij te houden."},"widget-no-sim2-heading":{"_":"Geen simkaart geplaatst"},"widget-no-sim2-meta":{"_":"Plaats een simkaart om Gebruik in te schakelen."},"widget-sim-locked-heading":{"_":"Vergrendelde simkaart"},"widget-sim-locked-meta":{"_":"Ontgrendel uw simkaart om Gebruik in te schakelen."},"fte":{"_":"Gebruik: eerste gebruikerservaring"},"fte-authed-sim":{"_":"Bespaar geld door uw telefoon- en internetgebruik bij te houden."},"fte-nonauthed-sim":{"_":"Bespaar geld door uw internetgebruik bij te houden."},"fte-no-sim":{"_":"Ontvang duidelijke informatie over uw internetgebruik."},"fte-sim-info2":{"_":"Getoonde gegevens bij Gebruik komen rechtstreeks van dit apparaat. Controleer gedetailleerde accountgegevens bij uw mobiele provider."},"fte-plantype-title":{"_":"Contracttype"},"fte-plantype-hint":{"_":"Selecteer het type contract dat u hebt bij uw mobiele provider."},"fte-prepaid2-title":{"_":"Laag-saldomelding "},"fte-prepaid2-hint":{"_":"Stel een melding in om te voorkomen dat uw saldo opraakt."},"fte-prepaid3-title":{"_":"Gegevensrapport en -melding"},"fte-prepaid3-hint":{"_":"Ontvang rapporten over uw internetgebruik en stel een melding in om te voorkomen dat u te veel gebruikt."},"fte-postpaid2-title":{"_":"Telefoon- en gegevensrapport"},"fte-postpaid2-hint":{"_":"Ontvang rapporten over uw telefoon- en internetgebruik."},"fte-postpaid3-title":{"_":"Gegevensmelding"},"fte-postpaid3-hint":{"_":"Stel een melding in om te voorkomen dat u te veel gegevens gebruikt."},"fte-onlydata2-title":{"_":"Gegevensrapport"},"fte-onlydata2-hint":{"_":"Ontvang rapporten over uw internetgebruik."},"fte-onlydata3-title":{"_":"Gegevensmelding"},"fte-onlydata3-hint":{"_":"Stel een melding in om te voorkomen dat u te veel gegevens gebruikt."},"phone-activity":{"_":"Telefoonactiviteit"},"balance":{"_":"Saldo"},"on-roaming-message2":{"_":"Roaming: niet automatisch saldo bijwerken. Voor handmatig bijwerken kunnen extra kosten gelden."},"balance-error-message2":{"_":"Saldo is niet goed bijgewerkt. Probeer handmatig bij te werken."},"airplane-mode-error-message2":{"_":"Zet de vliegtuigmodus uit om uw saldo bij te werken of op te waarderen."},"disable-airplane-mode":{"_":"Wilt u de vliegtuigmodus uitschakelen om saldo bij te werken of op te waarderen?"},"no-coverage-error-message2":{"_":"U hebt netwerkdekking nodig om uw saldo bij te werken of op te waarderen."},"top-up":{"_":"Opwaarderen"},"enter-top-up-code":{"_":"Voer de opwaardeercode in"},"top-up-code-explanation2":{"_":"Deze vindt u op de kraskaart of direct op uw kassabon."},"wait-for-confirmation":{"_":"U ontvangt daarna een bevestigingsbericht"},"incorrect-code2":{"_":"Controleer of de code juist is en probeer het nogmaals."},"topup-error2":{"_":"Er was een probleem bij het verzenden van de code. Probeer het nogmaals."},"application-error-title":{"_":"Service niet beschikbaar"},"application-error-message":{"_":"Neem contact op met de vertegenwoordiger van uw bedrijf"},"service-unavailable-title":{"_":"Service niet beschikbaar"},"service-unavailable-message":{"_":"Noch bijwerken noch opwaarderen is op dit moment mogelijk. Probeer het later."},"data-usage":{"_":"Gegevensgebruik"},"update-button":{"_":"Bijwerken"},"topup-button2":{"_":"Opwaardeercode gebruiken"},"topup-ussd-button2":{"_":"Opwaardeermenu openen"},"ok":{"_":"OK"},"top-up-in-progress2":{"_":"Het opwaarderen wordt uitgevoerd."},"top-up-timed-out2":{"_":"Werk uw saldo bij om te bevestigen. Als het saldo niet is gewijzigd, probeer dan nogmaals op te waarderen."},"on-topup-not-confirmed-title":{"_":"Opwaarderen niet bevestigd"},"on-topup-not-confirmed-message":{"_":"Probeer uw saldo bij te werken of nogmaals op te waarderen."},"send":{"_":"verzenden"},"plantype-setup-title":{"_":"Mijn telefoon- en internetabonnement is"},"prepaid":{"_":"Prepaid"},"postpaid":{"_":"Postpaid"},"phoneactivity":{"_":"Telefoonactiviteit"},"short-date-format":{"_":"%d %b"},"sms-sent":{"_":"Verzonden sms"},"call-made":{"_":"Gemaakte oproepen"},"settings":{"_":"Instellingen"},"low-balance-alert":{"_":"Laag-saldomelding"},"low-balance-explanation2":{"_":"Als saldo lager is dan"},"phone-and-internet-data-report":{"_":"Telefoon- en internetgegevensrapport"},"starting-on":{"_":"Begint op"},"cancel":{"_":"Annuleren"},"set":{"_":"Instellen"},"set-day":{"_":"Dag instellen"},"set-date":{"_":"Datum instellen"},"monthly":{"_":"Maandelijks"},"weekly":{"_":"Wekelijks"},"monday":{"_":"maandag"},"tuesday":{"_":"dinsdag"},"wednesday":{"_":"woensdag"},"thursday":{"_":"donderdag"},"friday":{"_":"vrijdag"},"saturday":{"_":"zaterdag"},"sunday":{"_":"zondag"},"monday-abbr":{"_":"maa"},"tuesday-abbr":{"_":"din"},"wednesday-abbr":{"_":"woe"},"thursday-abbr":{"_":"don"},"friday-abbr":{"_":"vrij"},"saturday-abbr":{"_":"zat"},"sunday-abbr":{"_":"zon"},"billing-cycle-ends":{"_":"Facturatieperiode eindigt"},"tracking-will-reset":{"_":"Bijhouden wordt op deze datum geherinitialiseerd"},"yes":{"_":"Ja"},"done":{"_":"Gereed"},"confirmation":{"_":"Bevestiging"},"reset-confirmation-warning":{"_":"Alle huidige gegevens worden verwijderd. Weet u zeker dat u wilt herinitialiseren?"},"reset":{"_":"Herinitialiseren"},"reset-wifi":{"_":"Wifi-gebruik herinitialiseren"},"reset-mobile":{"_":"Mobiel gebruik herinitialiseren"},"reset-all-data-usage":{"_":"Mobiele en wifi-gegevens herinitialiseren"},"not-set":{"_":"Niet ingesteld"},"used":{"_":"Gebruikt"},"limit-passed":{"_":"Limiet overschreden"},"limit":{"_":"Limiet"},"data-limit-header":{"_":"Limiet voor gegevensgebruik"},"data-limit-alert":{"_":"Melding voor gegevensgebruik"},"data-limit-value2":{"_":"Als gebruik meer is dan"},"data-limit-dialog-title2":{"_":"Voer een melding voor mobielegegevenslimiet in"},"data-limit-dialog-explanation2":{"_":"Verbindingssnelheden gaan omlaag nadat de limiet is bereikt. Controleer deze bij uw gegevensprovider om een passend meldingsniveau in te stellen."},"wifi-usage":{"_":"Wifi-gebruik"},"mobile-usage":{"_":"Mobielgebruik"},"wifi-usage-settings":{"_":"Wifi-gebruik"},"mobile-usage-settings":{"_":"Mobielgebruik"},"im-prepaid":{"_":"Ik ben prepaid"},"im-postpaid":{"_":"Ik ben postpaid"},"reset-data-usage":{"_":"Gegevensgebruik herinitialiseren"},"reset-report":{"_":"Rapport herinitialiseren"},"next":{"_":"Volgende"},"back":{"_":"Terug"},"lets-go":{"_":"Beginnen!"},"alert":{"_":"Melding"},"alert-limit":{"_":"Meldingslimiet"},"fte-welcome-title":{"_":"Welkom"},"data-limit-notification-title2":{"_":"{{limit}} aan gegevens gebruikt"},"data-limit-notification-text2":{"_":"U hebt uw geselecteerde limiet bereikt"},"low-balance-notification-title":{"_":"Laag saldo"},"low-balance-notification-text":{"_":"{{remaining}} telefoontegoed resterend"},"zero-balance-message":{"_":"Saldo heeft nul bereikt, geen telefoontegoed resterend."},"not-available":{"_":"Niet beschikbaar"},"usage":{"_":"Gebruik"},"internet":{"_":"Internet"},"phone":{"_":"Telefoon"},"loading-interface-data":{"_":"Interfacegegevens worden geladen. Probeer het later nog eens."},"chart-date-format":{"_":"%e %b"},"verbose-chart-date-format":{"_":"{{monthday-number}} {{em-month}}"},"day-hour-format":{"_":"{{day}}, {{time}}"},"B":{"_":"B"},"KB":{"_":"KB"},"MB":{"_":"MB"},"GB":{"_":"GB"},"widget-airplane-mode-heading":{"_":"Vliegtuigmodus"},"widget-airplane-mode-meta":{"_":"Zet de vliegtuigmodus uit om Gebruik in te schakelen."},"weekday-0-long":{"_":"zondag"},"weekday-1-long":{"_":"maandag"},"weekday-2-long":{"_":"dinsdag"},"weekday-3-long":{"_":"woensdag"},"weekday-4-long":{"_":"donderdag"},"weekday-5-long":{"_":"vrijdag"},"weekday-6-long":{"_":"zaterdag"},"weekday-0-short":{"_":"zon"},"weekday-1-short":{"_":"maa"},"weekday-2-short":{"_":"din"},"weekday-3-short":{"_":"woe"},"weekday-4-short":{"_":"don"},"weekday-5-short":{"_":"vrij"},"weekday-6-short":{"_":"zat"},"month-0-long":{"_":"januari"},"month-1-long":{"_":"februari"},"month-2-long":{"_":"maart"},"month-3-long":{"_":"april"},"month-4-long":{"_":"mei"},"month-5-long":{"_":"juni"},"month-6-long":{"_":"juli"},"month-7-long":{"_":"augustus"},"month-8-long":{"_":"september"},"month-9-long":{"_":"oktober"},"month-10-long":{"_":"november"},"month-11-long":{"_":"december"},"month-0-genitive":{"_":"januari"},"month-1-genitive":{"_":"februari"},"month-2-genitive":{"_":"maart"},"month-3-genitive":{"_":"april"},"month-4-genitive":{"_":"mei"},"month-5-genitive":{"_":"juni"},"month-6-genitive":{"_":"juli"},"month-7-genitive":{"_":"augustus"},"month-8-genitive":{"_":"september"},"month-9-genitive":{"_":"oktober"},"month-10-genitive":{"_":"november"},"month-11-genitive":{"_":"december"},"month-0-short":{"_":"jan"},"month-1-short":{"_":"feb"},"month-2-short":{"_":"mrt"},"month-3-short":{"_":"apr"},"month-4-short":{"_":"mei"},"month-5-short":{"_":"jun"},"month-6-short":{"_":"jul"},"month-7-short":{"_":"aug"},"month-8-short":{"_":"sep"},"month-9-short":{"_":"okt"},"month-10-short":{"_":"nov"},"month-11-short":{"_":"dec"},"minutes-ago-long":{"_":"{[ plural(value) ]}","_[zero]":"zojuist","_[one]":"een minuut geleden","_[two]":"{{value}} minuten geleden","_[few]":"{{value}} minuten geleden","_[many]":"{{value}} minuten geleden","_[other]":"{{value}} minuten geleden"},"hours-ago-long":{"_":"{[ plural(value) ]}","_[zero]":"zojuist","_[one]":"een uur geleden","_[two]":"{{value}} uur geleden","_[few]":"{{value}} uur geleden","_[many]":"{{value}} uur geleden","_[other]":"{{value}} uur geleden"},"days-ago-long":{"_":"{[ plural(value) ]}","_[zero]":"vandaag","_[one]":"gisteren","_[two]":"{{value}} dagen geleden","_[few]":"{{value}} dagen geleden","_[many]":"{{value}} dagen geleden","_[other]":"{{value}} dagen geleden"},"weeks-ago-long":{"_":"{[ plural(value) ]}","_[zero]":"deze week","_[one]":"vorige week","_[two]":"{{value}} weken geleden","_[few]":"{{value}} weken geleden","_[many]":"{{value}} weken geleden","_[other]":"{{value}} weken geleden"},"months-ago-long":{"_":"{[ plural(value) ]}","_[zero]":"deze maand","_[one]":"vorige maand","_[two]":"{{value}} maanden geleden","_[few]":"{{value}} maanden geleden","_[many]":"{{value}} maanden geleden","_[other]":"{{value}} maanden geleden"},"years-ago-long":{"_":"{[ plural(value) ]}","_[zero]":"dit jaar","_[one]":"vorig jaar","_[two]":"{{value}} jaar geleden","_[few]":"{{value}} jaar geleden","_[many]":"{{value}} jaar geleden","_[other]":"{{value}} jaar geleden"},"minutes-until-long":{"_":"{[ plural(value) ]}","_[zero]":"nu","_[one]":"zo meteen","_[two]":"over {{value}} minuten","_[few]":"over {{value}} minuten","_[many]":"over {{value}} minuten","_[other]":"over {{value}} minuten"},"hours-until-long":{"_":"{[ plural(value) ]}","_[zero]":"nu","_[one]":"over een uur","_[two]":"over {{value}} uur","_[few]":"over {{value}} uur","_[many]":"over {{value}} uur","_[other]":"over {{value}} uur"},"days-until-long":{"_":"{[ plural(value) ]}","_[zero]":"vandaag","_[one]":"morgen","_[two]":"over {{value}} dagen","_[few]":"over {{value}} dagen","_[many]":"over {{value}} dagen","_[other]":"over {{value}} dagen"},"weeks-until-long":{"_":"{[ plural(value) ]}","_[zero]":"deze week","_[one]":"volgende week","_[two]":"over {{value}} weken","_[few]":"over {{value}} weken","_[many]":"over {{value}} weken","_[other]":"over {{value}} weken"},"months-until-long":{"_":"{[ plural(value) ]}","_[zero]":"deze maand","_[one]":"volgende maand","_[two]":"over {{value}} maanden","_[few]":"over {{value}} maanden","_[many]":"over {{value}} maanden","_[other]":"over {{value}} maanden"},"years-until-long":{"_":"{[ plural(value) ]}","_[zero]":"dit jaar","_[one]":"volgend jaar","_[two]":"over {{value}} jaar","_[few]":"over {{value}} jaar","_[many]":"over {{value}} jaar","_[other]":"over {{value}} jaar"},"minutes-ago-short":{"_":"{[ plural(value) ]}","_[zero]":"zojuist","_[other]":"{{value}}m geleden"},"hours-ago-short":{"_":"{[ plural(value) ]}","_[zero]":"zojuist","_[other]":"{{value}}h geleden"},"days-ago-short":{"_":"{[ plural(value) ]}","_[zero]":"vandaag","_[other]":"{{value}}d geleden"},"minutes-until-short":{"_":"{[ plural(value) ]}","_[zero]":"nu","_[other]":"over {{value}}m"},"hours-until-short":{"_":"{[ plural(value) ]}","_[zero]":"nu","_[other]":"over {{value}}h"},"days-until-short":{"_":"{[ plural(value) ]}","_[zero]":"vandaag","_[other]":"over {{value}}d"},"incorrectDate":{"_":"(onjuiste datum)"},"dateTimeFormat_%c":{"_":"%a %e %b %Y %H:%M:%S"},"dateTimeFormat_%x":{"_":"%d-%m-%Y"},"dateTimeFormat_%X":{"_":"%H:%M:%S"},"shortTimeFormat":{"_":"%H:%M"},"shortDateTimeFormat":{"_":"%x %H:%M"},"weekStartsOnMonday":{"_":"1"},"time_am":{"_":"AM"},"time_pm":{"_":"PM"}}