{"topup-confirmation-title2":{"_":"ਵਰਤੋਂ"},"topup-confirmation-message":{"_":"ਟਾਪ-ਅੱਪ ਪੁਸ਼ਟੀ ਕੀਤੀ"},"topup-incorrectcode-title2":{"_":"ਵਰਤੋਂ"},"topup-incorrectcode-message3":{"_":"ਗਲਤ ਟਾਪ-ਅੱਪ ਕੋਡ ਦਿੱਤਾ"},"updating":{"_":"ਅੱਪਡੇਟ ਜਾਰੀ"},"updating-ellipsis":{"_":"…ਅੱਪਡੇਟ ਕੀਤਾ ਜਾ ਰਿਹਾ ਹੈ"},"yesterday":{"_":"ਕੱਲ੍ਹ"},"today":{"_":"ਅੱਜ"},"never":{"_":"ਕਦੇ ਨਹੀਂ"},"magnitude":{"_":"{{value}} {{unit}}"},"currency":{"_":"{{currency}}{{value}}"},"widget":{"_":"ਵਰਤੋਂ ਵਿਦਜੈਟ"},"widget-authed-sim-heading":{"_":"ਨਵਾਂ {{provider}} ਸਿਮ ਪਾਇਆ"},"widget-authed-sim-meta":{"_":"ਆਪਣੇ ਫੋਨ ਅਤੇ ਇੰਟਰਨੈੱਟ ਵਰਤੋਂ ਬਾਰੇ ਧਿਆਨ ਰੱਖਣ ਲਈ ਛੂਹੋ"},"widget-nonauthed-sim-heading":{"_":"ਨਵਾਂ ਸਿਮ ਪਾਇਆ"},"widget-nonauthed-sim-meta":{"_":"ਆਪਣੇ ਇੰਟਰਨੈੱਟ ਦੀ ਵਰਤੋਂ ਦਾ ਧਿਆਨ ਰੱਖਣ ਲਈ ਛੂਹੋ"},"widget-no-sim2-heading":{"_":"ਕੋਈ SIM ਨਹੀਂ ਪਾਇਆ"},"widget-no-sim2-meta":{"_":"ਵਰਤੋਂ ਸ਼ੁਰੂ ਕਰਨ ਲਈ SIM ਪਾਉ ਜੀ।"},"widget-sim-locked-heading":{"_":"ਲਾਕ ਕੀਤਾ ਸਿਮ ਕਾਰਡ"},"widget-sim-locked-meta":{"_":"ਵਰਤੋਂ ਕਰਨ ਲਈ ਆਪਣਾ ਸਿਮ ਅਣ-ਲਾਕ ਕਰੋ।"},"fte":{"_":"ਪਹਿਲੀ ਵਾਰ ਤਜਰਬਾ ਵਰਤੋਂ"},"fte-authed-sim":{"_":"Save money by keeping track of your phone and internet usage."},"fte-nonauthed-sim":{"_":"Save money by keeping track of your internet usage."},"fte-no-sim":{"_":"Get clear information about how much internet you’re using."},"fte-sim-info2":{"_":"Information shown on Usage comes directly from this device. Check with your mobile service provider for detailed account information."},"fte-plantype-title":{"_":"ਇਕਰਾਰ ਦੀ ਕਿਸਮ"},"fte-plantype-hint":{"_":"Select the type of contract you have with your mobile service provider."},"fte-prepaid2-title":{"_":"ਘੱਟ ਬੈਲਨਸ ਚੇਤਾਵਨੀ"},"fte-prepaid2-hint":{"_":"Set an alert to avoid running out of credit."},"fte-prepaid3-title":{"_":"ਡਾਟਾ ਰਿਪੋਰਟ ਅਤੇ ਚੇਤਾਵਨੀ"},"fte-prepaid3-hint":{"_":"Receive reports about your Internet usage and set an alert to avoid using too much."},"fte-postpaid2-title":{"_":"ਫੋਨ ਤੇ ਡਾਟਾ ਰਿਪੋਰਟ"},"fte-postpaid2-hint":{"_":"Receive reports about your phone and Internet usage."},"fte-postpaid3-title":{"_":"ਡਾਟਾ ਚੇਤਾਵਨੀ"},"fte-postpaid3-hint":{"_":"Set an alert to avoid using too much data."},"fte-onlydata2-title":{"_":"ਡਾਟਾ ਰਿਪੋਰਟ"},"fte-onlydata2-hint":{"_":"Receive reports about your internet usage."},"fte-onlydata3-title":{"_":"ਡਾਟਾ ਚੇਤਾਵਨੀ"},"fte-onlydata3-hint":{"_":"Set an alert to avoid using too much data."},"phone-activity":{"_":"ਫੋਨ ਸਰਗਰਮੀ"},"balance":{"_":"Balance"},"on-roaming-message2":{"_":"Roaming: no automatic balance update. You might be charged for updating manually."},"balance-error-message2":{"_":"Balance didn’t update correctly. Try updating manually."},"airplane-mode-error-message2":{"_":"Turn off airplane mode to update your balance or top up."},"disable-airplane-mode":{"_":"Do you want to disable Airplane mode to update or top up?"},"no-coverage-error-message2":{"_":"You need phone coverage to update your balance or top up."},"top-up":{"_":"Top Up"},"enter-top-up-code":{"_":"ਟਾਪ-ਅੱਪ ਕੋਡ ਦਿਉ"},"top-up-code-explanation2":{"_":"Find it on the scratch card or directly in your receipt."},"wait-for-confirmation":{"_":"You will receive a confirmation message"},"incorrect-code2":{"_":"Make sure the code is correct and try again."},"topup-error2":{"_":"There was a problem sending the code. Please, try again."},"application-error-title":{"_":"ਸੇਵਾ ਉਪਲੱਬਧ ਨਹੀਂ ਹੈ"},"application-error-message":{"_":"Contact your company representative"},"service-unavailable-title":{"_":"ਸੇਵਾ ਨਾ-ਉਪਲੱਬਧ"},"service-unavailable-message":{"_":"Neither update nor top-up is possible at the moment. Please try later."},"data-usage":{"_":"ਡਾਟਾ ਵਰਤੋਂ"},"update-button":{"_":"ਅੱਪਡੇਟ"},"topup-button2":{"_":"ਟਾਪ-ਅੱਪ ਕੋਡ ਵਰਤੋਂ"},"topup-ussd-button2":{"_":"ਟਾਪ-ਅੱਪ ਮੇਨੂ ਖੋਲ੍ਹੋ"},"ok":{"_":"ਠੀਕ ਹੈ"},"top-up-in-progress2":{"_":"Your top-up is being processed."},"top-up-timed-out2":{"_":"Update your balance to confirm. If balance is unchanged, try topping up again."},"on-topup-not-confirmed-title":{"_":"Top-up not confirmed"},"on-topup-not-confirmed-message":{"_":"Try updating your balance or retry top-up."},"send":{"_":"ਭੇਜੋ"},"plantype-setup-title":{"_":"ਮੇਰਾ ਫੋਨ ਅਤੇ ਇੰਟਰਨੈੱਟ ਸਕੀਮ ਹੈ"},"prepaid":{"_":"ਪ੍ਰੀਪੇਡ"},"postpaid":{"_":"ਪੋਸਟਪੇਡ"},"phoneactivity":{"_":"ਫੋਨ ਸਰਗਰਮੀ"},"short-date-format":{"_":"%b, %d"},"sms-sent":{"_":"ਭੇਜੇ SMS"},"call-made":{"_":"ਕੀਤੀਆ ਕਾਲਾਂ"},"settings":{"_":"ਸੈਟਿੰਗ"},"low-balance-alert":{"_":"ਘੱਟ ਬੈਲਨਸ ਚੇਤਾਵਨੀ"},"low-balance-explanation2":{"_":"ਜਦੋਂ ਬੈਲਨਸ ਇਸ ਤੋਂ ਘੱਟ ਹੋਵੇ"},"phone-and-internet-data-report":{"_":"ਫੋਨ ਤੇ ਇੰਟਰਨੈੱਟ ਡਾਟਾ ਰਿਪੋਰਟ"},"starting-on":{"_":"ਸ਼ੁਰੂ ਹੁੰਦਾ ਹੈ"},"cancel":{"_":"ਰੱਦ ਕਰੋ"},"set":{"_":"ਸੈੱਟ"},"set-day":{"_":"ਦਿਨ ਦਿਓ"},"set-date":{"_":"ਮਿਤੀ ਦਿਓ"},"monthly":{"_":"ਮਹੀਨੇਵਾਰ"},"weekly":{"_":"ਹਫ਼ਤੇਵਾਰ"},"monday":{"_":"ਸੋਮਵਾਰ"},"tuesday":{"_":"ਮੰਗਲਵਾਰ"},"wednesday":{"_":"ਬੁੱਧਵਰ"},"thursday":{"_":"ਵੀਰਵਾਰ"},"friday":{"_":"ਸ਼ੁੱਕਰਵਾਰ"},"saturday":{"_":"ਸ਼ਨਿੱਚਰਵਾਰ"},"sunday":{"_":"ਐਤਵਾਰ"},"monday-abbr":{"_":"ਸੋਮ"},"tuesday-abbr":{"_":"ਮੰਗਲ"},"wednesday-abbr":{"_":"ਬੁੱਧ"},"thursday-abbr":{"_":"ਵੀਰ"},"friday-abbr":{"_":"ਸ਼ੁੱਕਰ"},"saturday-abbr":{"_":"ਸ਼ਨਿੱਚਰ"},"sunday-abbr":{"_":"ਐਤ"},"billing-cycle-ends":{"_":"ਬਿੱਲ ਸਾਈਕਲ ਖਤਮ ਹੁੰਦਾ ਹੈ"},"tracking-will-reset":{"_":"ਇਸ ਮਿਤੀ ਨੂੰ ਟਰੈਕਿੰਗ ਮੁੜ-ਸੈੱਟ ਹੋਵੇਗੀ।"},"yes":{"_":"ਹਾਂ"},"done":{"_":"ਮੁਕੰਮਲ"},"confirmation":{"_":"ਪੁਸ਼ਟੀ"},"reset-confirmation-warning":{"_":"ਸਾਰਾ ਮੌਜੂਦਾ ਡਾਟਾ ਹਟਾਇਆ ਜਾਵੇਗਾ। ਕੀ ਤੁਸੀਂ ਮੁੜ-ਸੈੱਟ ਕਰਨਾ ਚਾਹੁੰਦੇ ਹੋ?"},"reset":{"_":"ਮੁੜ-ਸੈੱਟ"},"reset-wifi":{"_":"ਵਾਈ-ਫਾਈ ਵਰਤੋਂ ਮੁੜ-ਸੈੱਟ"},"reset-mobile":{"_":"ਮੋਬਾਇਲ ਵਰਤੋਂ ਮੁੜ-ਸੈੱਟ"},"reset-all-data-usage":{"_":"ਮੋਬਾਇਲ ਤੇ ਵਾਈ-ਫਾਈ ਡਾਟਾ ਮੁੜ-ਸੈੱਟ"},"not-set":{"_":"ਸੈੱਟ ਨਹੀਂ"},"used":{"_":"ਵਰਤਿਆ"},"limit-passed":{"_":"ਹੱਦ ਲੰਘੀ"},"limit":{"_":"ਹੱਦ"},"data-limit-header":{"_":"ਡਾਟਾ ਵਰਤੋਂ ਹੱਦ"},"data-limit-alert":{"_":"ਡਾਟਾ ਵਰਤੋਂ ਚੇਤਾਵਨੀ"},"data-limit-value2":{"_":"ਜਦੋਂ ਵਰਤੋਂ ਵੱਧ ਜਾਵੇ"},"data-limit-dialog-title2":{"_":"ਮੋਬਾਇਲ ਡਾਟਾ ਹੱਦ ਚੇਤਾਵਨੀ ਸੈੱਟ ਕਰੋ"},"data-limit-dialog-explanation2":{"_":"Connection speeds reduce after the limit is reached. Check with your data provider to set an appropriate alert level."},"wifi-usage":{"_":"ਵਾਈ-ਫਾਈ ਵਰਤੋਂ"},"mobile-usage":{"_":"ਮੋਬਾਇਲ ਵਰਤੋਂ"},"wifi-usage-settings":{"_":"ਵਾਈ-ਫਾਈ ਵਰਤੋਂ"},"mobile-usage-settings":{"_":"ਮੋਬਾਇਲ ਵਰਤੋਂ"},"im-prepaid":{"_":"ਮੈਂ ਪ੍ਰੀ-ਪੇਡ ਹਾਂ"},"im-postpaid":{"_":"ਮੈਂ ਪੋਸਟ-ਪੇਡ ਹਾਂ"},"reset-data-usage":{"_":"ਡਾਟਾ ਵਰਤੋਂ ਮੁੜ-ਸੈੱਟ"},"reset-report":{"_":"ਰਿਪੋਰਟ ਮੁੜ-ਸੈੱਟ"},"next":{"_":"ਅੱਗੇ"},"back":{"_":"ਪਿੱਛੇ"},"lets-go":{"_":"ਆਓ ਚੱਲੀਏ!"},"alert":{"_":"ਚੇਤਾਵਨੀ"},"alert-limit":{"_":"ਚੇਤਾਵਨੀ ਹੱਦ"},"fte-welcome-title":{"_":"ਜੀ ਆਇਆਂ ਨੂੰ"},"data-limit-notification-title2":{"_":"{{limit}} ਡਾਟਾ ਵਰਤਿਆ"},"data-limit-notification-text2":{"_":"ਤੁਸੀਂ ਆਪਣੀ ਚੁਣੀ ਹੱਦ ਤੱਕ ਪਹੁੰਚ ਗਏ ਹੋ"},"low-balance-notification-title":{"_":"ਘੱਟ ਬੈਲਨਸ"},"low-balance-notification-text":{"_":"{{remaining}} ਫੋਨ ਕਰੈਡਿਟ ਬਾਕੀ ਹੈ"},"zero-balance-message":{"_":"ਬੈਲਨਸ ਸਿਫ਼ਰ ਹੋ ਗਿਆ ਹੈ, ਕੋਈ ਫੋਨ ਕਰੈਡਿਟ ਬਾਕੀ ਨਹੀਂ ਬਚਿਆ।"},"not-available":{"_":"ਉਪਲੱਬਧ ਨਹੀਂ"},"usage":{"_":"ਵਰਤੋਂ"},"internet":{"_":"ਇੰਟਰਨੈੱਟ"},"phone":{"_":"ਫੋਨ"},"loading-interface-data":{"_":"ਇੰਟਰਫੇਸ ਲੋਡ ਕੀਤਾ ਜਾ ਰਿਹਾ ਹੈ। ਕੁਝ ਕੁ ਪਲਾਂ ਵਿੱਚ ਫੇਰ ਕੋਸ਼ਿਸ਼ ਕਰੋ ਜੀ।"},"chart-date-format":{"_":"%b %e"},"verbose-chart-date-format":{"_":"{{em-month}} {{monthday-number}}"},"day-hour-format":{"_":"{{day}}, {{time}}"},"B":{"_":"B"},"KB":{"_":"KB"},"MB":{"_":"MB"},"GB":{"_":"GB"},"weekday-0-long":{"_":"ਐਤਵਾਰ"},"weekday-1-long":{"_":"ਸੋਮਵਾਰ"},"weekday-2-long":{"_":"ਮੰਗਲਵਾਰ"},"weekday-3-long":{"_":"ਬੁੱਧਵਾਰ"},"weekday-4-long":{"_":"ਵੀਰਵਾਰ"},"weekday-5-long":{"_":"ਸ਼ੁੱਕਰਵਾਰ"},"weekday-6-long":{"_":"ਸ਼ਨਿੱਚਰਵਾਰ"},"weekday-0-short":{"_":"ਐਤ"},"weekday-1-short":{"_":"ਸੋਮ"},"weekday-2-short":{"_":"ਮੰਗਲ"},"weekday-3-short":{"_":"ਬੁੱਧ"},"weekday-4-short":{"_":"ਵੀਰ"},"weekday-5-short":{"_":"ਸ਼ੁੱਕਰ"},"weekday-6-short":{"_":"ਸ਼ਨਿੱ"},"month-0-long":{"_":"ਜਨਵਰੀ"},"month-1-long":{"_":"ਫਰਵਰੀ"},"month-2-long":{"_":"ਮਾਰਚ"},"month-3-long":{"_":"ਅਪਰੈਲ"},"month-4-long":{"_":"ਮਈ"},"month-5-long":{"_":"ਜੂਨ"},"month-6-long":{"_":"ਜੁਲਾਈ"},"month-7-long":{"_":"ਅਗਸਤ"},"month-8-long":{"_":"ਸਤੰਬਰ"},"month-9-long":{"_":"ਅਕਤੂਬਰ"},"month-10-long":{"_":"ਨਵੰਬਰ"},"month-11-long":{"_":"ਦਸੰਬਰ"},"month-0-genitive":{"_":"ਜਨਵਰੀ"},"month-1-genitive":{"_":"ਫਰਵਰੀ"},"month-2-genitive":{"_":"ਮਾਰਚ"},"month-3-genitive":{"_":"ਅਪਰੈਲ"},"month-4-genitive":{"_":"ਮਈ"},"month-5-genitive":{"_":"ਜੂਨ"},"month-6-genitive":{"_":"ਜੁਲਾਈ"},"month-7-genitive":{"_":"ਅਗਸਤ"},"month-8-genitive":{"_":"ਸਤੰਬਰ"},"month-9-genitive":{"_":"ਅਕਤੂਬਰ"},"month-10-genitive":{"_":"ਨਵੰਬਰ"},"month-11-genitive":{"_":"ਦਸੰਬਰ"},"month-0-short":{"_":"ਜਨ"},"month-1-short":{"_":"ਫਰ"},"month-2-short":{"_":"ਮਾਰ"},"month-3-short":{"_":"ਅਪ"},"month-4-short":{"_":"ਮਈ"},"month-5-short":{"_":"ਜੂਨ"},"month-6-short":{"_":"ਜੁਲਾ"},"month-7-short":{"_":"ਅਗ"},"month-8-short":{"_":"ਸਤੰ"},"month-9-short":{"_":"ਅਕਤੂ"},"month-10-short":{"_":"ਨਵੰ"},"month-11-short":{"_":"ਦਸੰ"},"minutes-ago-long":{"_":"{[ plural(value) ]}","_[zero]":"ਹੁਣੇ ਹੀਂ","_[one]":"ਮਿੰਟ ਕੁ ਪਹਿਲਾਂ","_[two]":"{{value}} ਮਿੰਟ ਪਹਿਲਾਂ","_[few]":"{{value}} ਮਿੰਟ ਪਹਿਲਾਂ","_[many]":"{{value}} ਮਿੰਟ ਪਹਿਲਾਂ","_[other]":"{{value}}  ਮਿੰਟ ਪਹਿਲਾਂ"},"hours-ago-long":{"_":"{[ plural(value) ]}","_[zero]":"ਹੁਣੇ ਹੀ","_[one]":"ਘੰਟਾ ਪਹਿਲਾਂ","_[two]":"{{value}} ਘੰਟੇ ਪਹਿਲਾਂ","_[few]":"{{value}} ਘੰਟੇ ਪਹਿਲਾਂ","_[many]":"{{value}} ਘੰਟੇ ਪਹਿਲਾਂ","_[other]":"{{value}} ਘੰਟੇ ਪਹਿਲਾਂ"},"days-ago-long":{"_":"{[ plural(value) ]}","_[zero]":"ਅੱਜ","_[one]":"ਕੱਲ੍ਹ","_[two]":"{{value}} ਦਿਨ ਪਹਿਲਾਂ","_[few]":"{{value}} ਦਿਨ ਪਹਿਲਾਂ","_[many]":"{{value}} ਦਿਨ ਪਹਿਲਾਂ","_[other]":"{{value}} ਦਿਨ ਪਹਿਲਾਂ"},"weeks-ago-long":{"_":"{[ plural(value) ]}","_[zero]":"ਇਹ ਹਫ਼ਤੇ","_[one]":"ਪਿਛਲੇ ਹਫ਼ਤੇ","_[two]":"{{value}} ਹਫ਼ਤੇ ਪਹਿਲਾਂ","_[few]":"{{value}} ਹਫ਼ਤੇ ਪਹਿਲਾਂ","_[many]":"{{value}} ਹਫ਼ਤੇ ਪਹਿਲਾਂ","_[other]":"{{value}} ਹਫ਼ਤੇ ਪਹਿਲਾਂ"},"months-ago-long":{"_":"{[ plural(value) ]}","_[zero]":"ਇਹ ਮਹੀਨੇ","_[one]":"ਪਿਛਲੇ ਮਹੀਨੇ","_[two]":"{{value}} ਮਹੀਨੇ ਪਹਿਲਾਂ","_[few]":"{{value}} ਮਹੀਨੇ ਪਹਿਲਾਂ","_[many]":"{{value}} ਮਹੀਨੇ ਪਹਿਲਾਂ","_[other]":"{{value}} ਮਹੀਨੇ ਪਹਿਲਾਂ"},"years-ago-long":{"_":"{[ plural(value) ]}","_[zero]":"ਇਹ ਸਾਲ","_[one]":"ਪਿਛਲੇ ਸਾਲ","_[two]":"{{value}} ਸਾਲ ਪਹਿਲਾਂ","_[few]":"{{value}} ਸਾਲ ਪਹਿਲਾਂ","_[many]":"{{value}} ਸਾਲ ਪਹਿਲਾਂ","_[other]":"{{value}} ਸਾਲ ਪਹਿਲਾਂ"},"minutes-until-long":{"_":"{[ plural(value) ]}","_[zero]":"ਹੁਣ","_[one]":"ਮਿੰਟ ਵਿੱਚ","_[two]":"{{value}} ਮਿੰਟਾਂ ਵਿੱਚ","_[few]":"{{value}} ਮਿੰਟਾਂ ਵਿੱਚ","_[many]":"{{value}} ਮਿੰਟਾਂ ਵਿੱਚ","_[other]":"{{value}} ਮਿੰਟਾਂ ਵਿੱਚ"},"hours-until-long":{"_":"{[ plural(value) ]}","_[zero]":"ਹੁਣ","_[one]":"ਇੱਕ ਘੰਟੇ ਵਿੱਚ","_[two]":"{{value}} ਘੰਟਿਆਂ ਵਿੱਚ","_[few]":"{{value}} ਘੰਟਿਆਂ ਵਿੱਚ","_[many]":"{{value}} ਘੰਟਿਆਂ ਵਿੱਚ","_[other]":"{{value}} ਘੰਟਿਆਂ ਵਿੱਚ"},"days-until-long":{"_":"{[ plural(value) ]}","_[zero]":"ਅੱਜ","_[one]":"ਭਲਕੇ","_[two]":"{{value}} ਦਿਨਾਂ ਵਿੱਚ","_[few]":"{{value}} ਦਿਨਾਂ ਵਿੱਚ","_[many]":"{{value}} ਦਿਨਾਂ ਵਿੱਚ","_[other]":"{{value}} ਦਿਨਾਂ ਵਿੱਚ"},"weeks-until-long":{"_":"{[ plural(value) ]}","_[zero]":"ਇਸ ਹਫ਼ਤੇ","_[one]":"ਅਗਲੇ ਹਫ਼ਤੇ","_[two]":"{{value}} ਹਫ਼ਤਿਆਂ ਵਿੱਚ","_[few]":"{{value}} ਹਫ਼ਤਿਆਂ ਵਿੱਚ","_[many]":"{{value}} ਹਫ਼ਤਿਆਂ ਵਿੱਚ","_[other]":"{{value}} ਹਫ਼ਤਿਆਂ ਵਿੱਚ"},"months-until-long":{"_":"{[ plural(value) ]}","_[zero]":"ਇਸ ਮਹੀਨੇ","_[one]":"ਅਗਲੇ ਮਹੀਨੇ","_[two]":"{{value}} ਮਹੀਨਿਆਂ ਵਿੱਚ","_[few]":"{{value}} ਮਹੀਨਿਆਂ ਵਿੱਚ","_[many]":"{{value}} ਮਹੀਨਿਆਂ ਵਿੱਚ","_[other]":"{{value}} ਮਹੀਨਿਆਂ ਵਿੱਚ"},"years-until-long":{"_":"{[ plural(value) ]}","_[zero]":"ਇਸ ਸਾਲ","_[one]":"ਅਗਲੇ ਸਾਲ","_[two]":"{{value}} ਸਾਲਾਂ ਵਿੱਚ","_[few]":"{{value}} ਸਾਲਾਂ ਵਿੱਚ","_[many]":"{{value}} ਸਾਲਾਂ ਵਿੱਚ","_[other]":"{{value}} ਸਾਲਾਂ ਵਿੱਚ"},"minutes-ago-short":{"_":"{[ plural(value) ]}","_[zero]":"ਹੁਣੇ ਹੀ","_[other]":"{{value}}ਮਿੰ ਪਹਿਲਾਂ"},"hours-ago-short":{"_":"{[ plural(value) ]}","_[zero]":"ਹੁਣੇ ਹੀਂ","_[other]":"{{value}}ਘੰ ਪਹਿਲਾਂ"},"days-ago-short":{"_":"{[ plural(value) ]}","_[zero]":"ਅੱਜ","_[other]":"{{value}}ਦਿ ਪਹਿਲਾਂ"},"minutes-until-short":{"_":"{[ plural(value) ]}","_[zero]":"ਹੁਣ","_[other]":"{{value}}ਮਿੰ ਵਿੱਚ"},"hours-until-short":{"_":"{[ plural(value) ]}","_[zero]":"ਹੁਣ","_[other]":"{{value}}ਘੰ ਵਿੱਚ"},"days-until-short":{"_":"{[ plural(value) ]}","_[zero]":"ਅੱਜ","_[other]":"{{value}}ਦਿ ਵਿੱਚ"},"incorrectDate":{"_":"(ਗਲਤ ਮਿਤੀ)"},"dateTimeFormat_%c":{"_":"%a %e %b  %Y %I:%M:%S %p"},"dateTimeFormat_%x":{"_":"%d/%m/%Y"},"dateTimeFormat_%X":{"_":"%I:%M:%S %p"},"shortTimeFormat":{"_":"%I:%M %p"},"shortDateTimeFormat":{"_":"%x %I:%M %p"},"weekStartsOnMonday":{"_":"1"},"time_am":{"_":"ਸਵੇਰੇ"},"time_pm":{"_":"ਸ਼ਾਮ"}}