{"topup-confirmation-title2":{"_":"Koszty"},"topup-confirmation-message":{"_":"Doładowanie potwierdzone."},"topup-incorrectcode-title2":{"_":"Koszty"},"topup-incorrectcode-message3":{"_":"Wprowadzono nieprawidłowy kod doładowania."},"updating":{"_":"Aktualizowanie"},"updating-ellipsis":{"_":"Aktualizowanie…"},"yesterday":{"_":"Wczoraj"},"today":{"_":"Dzisiaj"},"never":{"_":"Nigdy"},"magnitude":{"_":"{{value}} {{unit}}"},"currency":{"_":"{{value}} {{currency}}"},"widget":{"_":"Koszty"},"widget-authed-sim-heading":{"_":"Wykryto nową kartę SIM powiązaną z operatorem {{provider}}"},"widget-authed-sim-meta":{"_":"Włącz śledzenie ilości połączeń i przesyłanych danych"},"widget-nonauthed-sim-heading":{"_":"Wykryto nową kartę SIM"},"widget-nonauthed-sim-meta":{"_":"Włącz śledzenie ilości przesyłanych danych"},"widget-no-sim2-heading":{"_":"Brak karty SIM"},"widget-no-sim2-meta":{"_":"Włóż kartę SIM, by monitorować koszty"},"widget-sim-locked-heading":{"_":"Zablokowana karta SIM"},"widget-sim-locked-meta":{"_":"Odblokuj kartę SIM, by monitorować koszty"},"fte":{"_":"Asystent wstępnej konfiguracji kosztów"},"fte-authed-sim":{"_":"Oszczędzaj pieniądze, monitorując użycie połączeń telefonicznych oraz ilość przesyłanych danych."},"fte-nonauthed-sim":{"_":"Oszczędzaj pieniądze, monitorując ilość przesyłanych danych."},"fte-no-sim":{"_":"Uzyskaj jasne informacje o tym, jak dużo przesyłasz danych."},"fte-sim-info2":{"_":"Informacje wyświetlane w Kosztach pochodzą bezpośrednio z tego urządzenia. Dokładniejsze informacje mogą być dostępne u operatora usług."},"fte-plantype-title":{"_":"Typ umowy"},"fte-plantype-hint":{"_":"Wybierz typ umowy zawartej z operatorem sieci komórkowej."},"fte-prepaid2-title":{"_":"Alarm niskiego stanu konta"},"fte-prepaid2-hint":{"_":"Ustaw powiadomienie, aby uniknąć wykorzystania wszystkich dostępnych środków."},"fte-prepaid3-title":{"_":"Alarm i raport danych"},"fte-prepaid3-hint":{"_":"Monitoruj ilość przesyłanych danych i ustaw powiadomienie, aby uniknąć przesyłania zbyt dużej ich ilości."},"fte-postpaid2-title":{"_":"Raport połączeń i danych"},"fte-postpaid2-hint":{"_":"Monitorowanie wykorzystania telefonu i przesyłanych danych."},"fte-postpaid3-title":{"_":"Alarm danych"},"fte-postpaid3-hint":{"_":"Ustaw powiadomienie, aby uniknąć przesyłania zbyt dużej ilości danych."},"fte-onlydata2-title":{"_":"Raport danych"},"fte-onlydata2-hint":{"_":"Monitorowanie ilości przesyłanych danych."},"fte-onlydata3-title":{"_":"Alarm danych"},"fte-onlydata3-hint":{"_":"Ustaw powiadomienie, aby uniknąć przesyłania zbyt dużej ilości danych."},"phone-activity":{"_":"Aktywność telefonu"},"balance":{"_":"Saldo"},"on-roaming-message2":{"_":"Automatyczne uaktualnienia stanu konta zostały wyłączone z powodu roamingu. Ręczna aktualizacja może skutkować dodatkowymi opłatami."},"balance-error-message2":{"_":"Wystąpił błąd podczas uaktualniania stanu konta. Spróbuj ponownie."},"airplane-mode-error-message2":{"_":"Wyłącz tryb lotu, aby uaktualnić stan konta lub doładować."},"disable-airplane-mode":{"_":"Wyłączyć tryb lotu, aby uaktualnić lub doładować?"},"no-coverage-error-message2":{"_":"Telefon musi być w zasięgu sieci, aby uaktualnić stan konta lub doładować."},"top-up":{"_":"Doładowanie"},"enter-top-up-code":{"_":"Wprowadź kod doładowania"},"top-up-code-explanation2":{"_":"Kod doładowania znajduje się na karcie zdrapce lub bezpośrednio na paragonie."},"wait-for-confirmation":{"_":"Otrzymasz wiadomość z potwierdzeniem"},"incorrect-code2":{"_":"Upewnij się, że kod jest prawidłowy i spróbuj ponownie."},"topup-error2":{"_":"Wystąpił problem podczas doładowywania. Spróbuj ponownie."},"application-error-title":{"_":"Usługa niedostępna"},"application-error-message":{"_":"Skontaktuj się z operatorem."},"service-unavailable-title":{"_":"Usługa niedostępna"},"service-unavailable-message":{"_":"Nie można uaktualnić ani doładować w tym momencie. Proszę spróbować później."},"data-usage":{"_":"Przesłane dane"},"update-button":{"_":"Uaktualnij"},"topup-button2":{"_":"Doładuj kodem"},"topup-ussd-button2":{"_":"Otwórz menu doładowywania"},"ok":{"_":"OK"},"top-up-in-progress2":{"_":"Doładowywanie jest przetwarzane."},"top-up-timed-out2":{"_":"Uaktualnij stan konta, aby potwierdzić. Jeśli stan konta nie zmienił się, spróbuj doładować ponownie."},"on-topup-not-confirmed-title":{"_":"Doładowanie nie zostało potwierdzone"},"on-topup-not-confirmed-message":{"_":"Spróbuj uaktualnić stan konta lub doładować ponownie."},"send":{"_":"Wyślij"},"plantype-setup-title":{"_":"Telefon i plan internetowy jest"},"prepaid":{"_":"przedpłacony"},"postpaid":{"_":"opłacany w ramach abonamentu"},"phoneactivity":{"_":"Aktywność telefonu"},"short-date-format":{"_":"%e %b"},"sms-sent":{"_":"Wysłane SMSy"},"call-made":{"_":"Wykonane połączenia"},"settings":{"_":"Ustawienia"},"low-balance-alert":{"_":"Alarm niskiego stanu konta"},"low-balance-explanation2":{"_":"Gdy stan konta spadnie poniżej"},"phone-and-internet-data-report":{"_":"Raport połączeń i danych"},"starting-on":{"_":"Rozpoczynaj od"},"cancel":{"_":"Anuluj"},"set":{"_":"Ustaw"},"set-day":{"_":"Wybierz dzień"},"set-date":{"_":"Wybierz datę"},"monthly":{"_":"Co miesiąc"},"weekly":{"_":"Co tydzień"},"monday":{"_":"Poniedziałek"},"tuesday":{"_":"Wtorek"},"wednesday":{"_":"Środa"},"thursday":{"_":"Czwartek"},"friday":{"_":"Piątek"},"saturday":{"_":"Sobota"},"sunday":{"_":"Niedziela"},"monday-abbr":{"_":"Pn"},"tuesday-abbr":{"_":"Wt"},"wednesday-abbr":{"_":"Śr"},"thursday-abbr":{"_":"Cz"},"friday-abbr":{"_":"Pt"},"saturday-abbr":{"_":"Sb"},"sunday-abbr":{"_":"Nd"},"billing-cycle-ends":{"_":"Koniec okresu rozliczeniowego"},"tracking-will-reset":{"_":"Monitorowanie zostanie zresetowane tego dnia"},"yes":{"_":"Tak"},"done":{"_":"Gotowe"},"confirmation":{"_":"Potwierdzenie"},"reset-confirmation-warning":{"_":"Wszystkie zebrane dane zostaną usunięte. Czy na pewno zresetować?"},"reset":{"_":"Resetuj"},"reset-wifi":{"_":"Resetuj użycie Wi-Fi"},"reset-mobile":{"_":"Resetuj użycie sieci komórkowej"},"reset-all-data-usage":{"_":"Resetuj użycie danych"},"not-set":{"_":"Nie ustawiono"},"used":{"_":"Użyto"},"limit-passed":{"_":"Przekroczono limit"},"limit":{"_":"Limit"},"data-limit-header":{"_":"Limit danych"},"data-limit-alert":{"_":"Alarm wykorzystania danych"},"data-limit-value2":{"_":"Po przekroczeniu"},"data-limit-dialog-title2":{"_":"Określ limit wykorzystania danych"},"data-limit-dialog-explanation2":{"_":"Przepustowość połączeń może zostać zmniejszona po osiągnięciu limitu. Informację o rzeczywistym limicie można uzyskać od operatora."},"wifi-usage":{"_":"Sieć Wi-Fi"},"mobile-usage":{"_":"Sieć komórkowa"},"wifi-usage-settings":{"_":"Sieć Wi-Fi"},"mobile-usage-settings":{"_":"Sieć komórkowa"},"im-prepaid":{"_":"przedpłacony"},"im-postpaid":{"_":"opłacany w ramach abonamentu"},"reset-data-usage":{"_":"Resetuj użycie danych"},"reset-report":{"_":"Resetuj raport"},"next":{"_":"Dalej"},"back":{"_":"Wstecz"},"lets-go":{"_":"Gotowe!"},"alert":{"_":"Alarm"},"alert-limit":{"_":"Alarm limitu"},"fte-welcome-title":{"_":"Monitorowanie kosztów"},"data-limit-notification-title2":{"_":"Przesłano {{limit}} danych"},"data-limit-notification-text2":{"_":"Osiągnięto ustawiony poziom ilości przesłanych danych"},"low-balance-notification-title":{"_":"Niski stan konta"},"low-balance-notification-text":{"_":"Pozostałe środki: {{remaining}}"},"zero-balance-message":{"_":"Brak dostępnych do wykorzystania środków na koncie."},"not-available":{"_":"Niedostępny"},"usage":{"_":"Użycie"},"internet":{"_":"Internet"},"phone":{"_":"Połączenia"},"loading-interface-data":{"_":"Wczytywanie danych. Proszę spróbować za chwilę."},"chart-date-format":{"_":"%e %b"},"verbose-chart-date-format":{"_":"{{monthday-number}} {{em-month}}"},"day-hour-format":{"_":"{{day}}, {{time}}"},"B":{"_":"B"},"KB":{"_":"KB"},"MB":{"_":"MB"},"GB":{"_":"GB"},"weekday-0-long":{"_":"Niedziela"},"weekday-1-long":{"_":"Poniedziałek"},"weekday-2-long":{"_":"Wtorek"},"weekday-3-long":{"_":"Środa"},"weekday-4-long":{"_":"Czwartek"},"weekday-5-long":{"_":"Piątek"},"weekday-6-long":{"_":"Sobota"},"weekday-0-short":{"_":"Nd"},"weekday-1-short":{"_":"Pn"},"weekday-2-short":{"_":"Wt"},"weekday-3-short":{"_":"Śr"},"weekday-4-short":{"_":"Cz"},"weekday-5-short":{"_":"Pt"},"weekday-6-short":{"_":"Sb"},"month-0-long":{"_":"Styczeń"},"month-1-long":{"_":"Luty"},"month-2-long":{"_":"Marzec"},"month-3-long":{"_":"Kwiecień"},"month-4-long":{"_":"Maj"},"month-5-long":{"_":"Czerwiec"},"month-6-long":{"_":"Lipiec"},"month-7-long":{"_":"Sierpień"},"month-8-long":{"_":"Wrzesień"},"month-9-long":{"_":"Październik"},"month-10-long":{"_":"Listopad"},"month-11-long":{"_":"Grudzień"},"month-0-genitive":{"_":"stycznia"},"month-1-genitive":{"_":"lutego"},"month-2-genitive":{"_":"marca"},"month-3-genitive":{"_":"kwietnia"},"month-4-genitive":{"_":"maja"},"month-5-genitive":{"_":"czerwca"},"month-6-genitive":{"_":"lipca"},"month-7-genitive":{"_":"sierpnia"},"month-8-genitive":{"_":"września"},"month-9-genitive":{"_":"października"},"month-10-genitive":{"_":"listopada"},"month-11-genitive":{"_":"grudnia"},"month-0-short":{"_":"sty"},"month-1-short":{"_":"lut"},"month-2-short":{"_":"mar"},"month-3-short":{"_":"kwi"},"month-4-short":{"_":"maj"},"month-5-short":{"_":"cze"},"month-6-short":{"_":"lip"},"month-7-short":{"_":"sie"},"month-8-short":{"_":"wrz"},"month-9-short":{"_":"paź"},"month-10-short":{"_":"lis"},"month-11-short":{"_":"gru"},"minutes-ago-long":{"_":"{[plural(value)]}","_[zero]":"w tym momencie","_[one]":"przed minutą","_[two]":"dwie minuty temu","_[few]":"{{value}} minuty temu","_[many]":"{{value}} minut temu","_[other]":"{{value}} minut temu"},"hours-ago-long":{"_":"{[plural(value)]}","_[zero]":"w tej godzinie","_[one]":"godzinę temu","_[two]":"dwie godziny temu","_[few]":"{{value}} godziny temu","_[many]":"{{value}} godzin temu","_[other]":"{{value}} godzin temu"},"days-ago-long":{"_":"{[plural(value)]}","_[zero]":"dzisiaj","_[one]":"wczoraj","_[two]":"przedwczoraj","_[few]":"{{value}} dni temu","_[many]":"{{value}} dni temu","_[other]":"{{value}} dni temu"},"weeks-ago-long":{"_":"{[plural(value)]}","_[zero]":"w tym tygodniu","_[one]":"w zeszłym tygodniu","_[two]":"dwa tygodnie temu","_[few]":"{{value}} tygodnie temu","_[many]":"{{value}} tygodni temu","_[other]":"{{value}} tygodni temu"},"months-ago-long":{"_":"{[plural(value)]}","_[zero]":"w tym miesiącu","_[one]":"w zeszłym miesiącu","_[two]":"dwa miesiące temu","_[few]":"{{value}} miesiące temu","_[many]":"{{value}} miesięcy temu","_[other]":"{{value}} miesięcy temu"},"years-ago-long":{"_":"{[plural(value)]}","_[zero]":"w tym roku","_[one]":"w zeszłym roku","_[two]":"dwa lata temu","_[few]":"{{value}} lata temu","_[many]":"{{value}} lat temu","_[other]":"{{value}} lat temu"},"minutes-until-long":{"_":"{[plural(value)]}","_[zero]":"teraz","_[one]":"za minutę","_[two]":"za dwie minuty","_[few]":"za {{value}} minuty","_[many]":"za {{value}} minut","_[other]":"za {{value}} minut"},"hours-until-long":{"_":"{[plural(value)]}","_[zero]":"teraz","_[one]":"za godzinę","_[two]":"za dwie godziny","_[few]":"za {{value}} godziny","_[many]":"za {{value}} godzin","_[other]":"za {{value}} godzin"},"days-until-long":{"_":"{[plural(value)]}","_[zero]":"dzisiaj","_[one]":"jutro","_[two]":"za dwa dni","_[few]":"za {{value}} dni","_[many]":"za {{value}} dni","_[other]":"za {{value}} dni"},"weeks-until-long":{"_":"{[plural(value)]}","_[zero]":"w tym tygodniu","_[one]":"w przyszłym tygodniu","_[two]":"za dwa tygodnie","_[few]":"za {{value}} tygodnie","_[many]":"za {{value}} tygodni","_[other]":"za {{value}} tygodni"},"months-until-long":{"_":"{[plural(value)]}","_[zero]":"w tym miesiącu","_[one]":"w przyszłym miesiącu","_[two]":"za dwa miesiące","_[few]":"za {{value}} miesiące","_[many]":"za {{value}} miesięcy","_[other]":"za {{value}} miesięcy"},"years-until-long":{"_":"{[plural(value)]}","_[zero]":"w tym roku","_[one]":"w przyszłym roku","_[two]":"za dwa lata","_[few]":"za {{value}} lata","_[many]":"za {{value}} lat","_[other]":"za {{value}} lat"},"minutes-ago-short":{"_":"{[plural(value)]}","_[zero]":"teraz","_[other]":"{{value}} min temu"},"hours-ago-short":{"_":"{[plural(value)]}","_[zero]":"teraz","_[other]":"{{value}} godz. temu"},"days-ago-short":{"_":"{[plural(value)]}","_[zero]":"dzisiaj","_[other]":"{{value}} dni temu"},"minutes-until-short":{"_":"{[plural(value)]}","_[zero]":"teraz","_[other]":"za {{value}} min"},"hours-until-short":{"_":"{[plural(value)]}","_[zero]":"teraz","_[other]":"za {{value}} godz."},"days-until-short":{"_":"{[plural(value)]}","_[zero]":"dzisiaj","_[other]":"za {{value}} dni"},"incorrectDate":{"_":"(nieprawidłowa data)"},"dateTimeFormat_%c":{"_":"%a, %e %b %Y, %H:%M:%S"},"dateTimeFormat_%x":{"_":"%e.%m.%Y"},"dateTimeFormat_%X":{"_":"%H:%M:%S"},"shortTimeFormat":{"_":"%H:%M"},"shortDateTimeFormat":{"_":"%x %H:%M"},"weekStartsOnMonday":{"_":"1"},"time_am":{"_":"AM"},"time_pm":{"_":"PM"}}