{"topup-confirmation-title2":{"_":"Uso de Saldo"},"topup-confirmation-message":{"_":"Recarga confirmada."},"topup-incorrectcode-title2":{"_":"Uso de Saldo"},"topup-incorrectcode-message3":{"_":"Código incorreto inserido."},"updating":{"_":"Atualizando"},"updating-ellipsis":{"_":"Atualizando…"},"yesterday":{"_":"Ontem"},"today":{"_":"Hoje"},"never":{"_":"Nunca"},"magnitude":{"_":"{{value}} {{unit}}"},"currency":{"_":"{{currency}}{{value}}"},"widget":{"_":"Uso de Saldo"},"widget-authed-sim-heading":{"_":"Novo SIM {{provider}} inserido"},"widget-authed-sim-meta":{"_":"Monitore suas chamadas e Internet"},"widget-nonauthed-sim-heading":{"_":"Novo SIM inserido"},"widget-nonauthed-sim-meta":{"_":"Monitore seu uso de Internet"},"widget-no-sim2-heading":{"_":"Nenhum SIM inserido"},"widget-no-sim2-meta":{"_":"Insira um SIM e monitore seu uso"},"widget-sim-locked-heading":{"_":"Chip SIM bloqueado"},"widget-sim-locked-meta":{"_":"Desbloqueie o SIM para ver estatísticas."},"fte":{"_":"Uso de Saldo"},"fte-authed-sim":{"_":"Economize dinheiro monitorando suas chamadas e uso de Internet."},"fte-nonauthed-sim":{"_":"Economize dinheiro monitorando seu uso de Internet."},"fte-no-sim":{"_":"Tenha informações claras sobre seu uso de Internet."},"fte-sim-info2":{"_":"A informação de Uso exibida vem diretamente deste aparelho. Confira com seu provedor de serviços para informações detalhadas da conta."},"fte-plantype-title":{"_":"Tipo de contrato"},"fte-plantype-hint":{"_":"Selecione o tipo de contrato que você tem com sua operadora."},"fte-prepaid2-title":{"_":"Alerta de saldo"},"fte-prepaid2-hint":{"_":"Configure um alerta para evitar ficar sem créditos."},"fte-prepaid3-title":{"_":"Relatório e alerta de dados"},"fte-prepaid3-hint":{"_":"Receba relatórios do seu uso de Internet e configure um alarme."},"fte-postpaid2-title":{"_":"Relatório de chamadas e dados"},"fte-postpaid2-hint":{"_":"Receba relatórios do seu uso de Internet e chamadas."},"fte-postpaid3-title":{"_":"Alerta de dados"},"fte-postpaid3-hint":{"_":"Configure um alarme de uso da Internet."},"fte-onlydata2-title":{"_":"Relatório de dados"},"fte-onlydata2-hint":{"_":"Receba relatórios do seu uso de Internet."},"fte-onlydata3-title":{"_":"Alerta de dados"},"fte-onlydata3-hint":{"_":"Configure um alarme de uso da Internet."},"phone-activity":{"_":"Atividade do aparelho"},"balance":{"_":"Saldo"},"on-roaming-message2":{"_":"Roaming: atualização automática do saldo desativada. Você pode ser cobrado ao atualizar manualmente."},"balance-error-message2":{"_":"Seu saldo não foi atualizado corretamente; tente novamente manualmente."},"airplane-mode-error-message2":{"_":"Desative o modo avião para atualizar seu saldo."},"disable-airplane-mode":{"_":"Deseja desativar o modo avião para atualizar seu saldo ou realizar uma recarga?"},"no-coverage-error-message2":{"_":"Você precisa estar em uma área com cobertura (sinal) para atualizar seu saldo ou realizar uma recarga."},"top-up":{"_":"Recarga"},"enter-top-up-code":{"_":"Insira o código de recarga"},"top-up-code-explanation2":{"_":"Encontre-o no cartão de raspar ou diretamente no seu recibo."},"wait-for-confirmation":{"_":"Você receberá uma mensagem de confirmação"},"incorrect-code2":{"_":"Certifique-se de que o código está correto e tente novamente."},"topup-error2":{"_":"Houve um problema ao enviar o código. Por favor, tente novamente."},"application-error-title":{"_":"Serviço indisponível"},"application-error-message":{"_":"Entre em contato com o representante da sua empresa."},"service-unavailable-title":{"_":"Serviço indisponível"},"service-unavailable-message":{"_":"Não é possível atualizar seu saldo ou efetuar sua recarga nesse momento. Por favor, tente mais tarde."},"data-usage":{"_":"Uso de dados"},"update-button":{"_":"Atualizar"},"topup-button2":{"_":"Usar código de recarga"},"topup-ussd-button2":{"_":"Abrir menu de recarga"},"ok":{"_":"OK"},"top-up-in-progress2":{"_":"Sua recarga está sendo processada."},"top-up-timed-out2":{"_":"Atualize seu saldo para confirmar. Se seu saldo não tiver sido alterado, tente efetuar a recarga novamente."},"on-topup-not-confirmed-title":{"_":"Recarga não confirmada."},"on-topup-not-confirmed-message":{"_":"Tente atualizar seu saldo ou tente novamente."},"send":{"_":"enviar"},"plantype-setup-title":{"_":"O meu plano de voz e dados é"},"prepaid":{"_":"Pré-pago"},"postpaid":{"_":"Pós-pago"},"phoneactivity":{"_":"Atividade do telefone"},"short-date-format":{"_":"%e de %b"},"sms-sent":{"_":"Mensagem enviada"},"call-made":{"_":"Chamadas efetuadas"},"settings":{"_":"Configurações"},"low-balance-alert":{"_":"Alerta de saldo baixo"},"low-balance-explanation2":{"_":"Abaixo de"},"phone-and-internet-data-report":{"_":"Relatório de voz e dados"},"starting-on":{"_":"Começando em"},"cancel":{"_":"Cancelar"},"set":{"_":"Ajustar"},"set-day":{"_":"Ajustar dia"},"set-date":{"_":"Ajustar data"},"monthly":{"_":"Mês"},"weekly":{"_":"Semana"},"monday":{"_":"Segunda"},"tuesday":{"_":"Terça"},"wednesday":{"_":"Quarta"},"thursday":{"_":"Quinta"},"friday":{"_":"Sexta"},"saturday":{"_":"Sábado"},"sunday":{"_":"Domingo"},"monday-abbr":{"_":"Seg"},"tuesday-abbr":{"_":"Ter"},"wednesday-abbr":{"_":"Qua"},"thursday-abbr":{"_":"Qui"},"friday-abbr":{"_":"Sex"},"saturday-abbr":{"_":"Sáb"},"sunday-abbr":{"_":"Dom"},"billing-cycle-ends":{"_":"O ciclo de faturamento termina em"},"tracking-will-reset":{"_":"O contador será reiniciado nessa data"},"yes":{"_":"Sim"},"done":{"_":"Concluído"},"confirmation":{"_":"Confirmação"},"reset-confirmation-warning":{"_":"Todos os dados atuais serão apagados. Tem certeza de que deseja reiniciar?"},"reset":{"_":"Reiniciar"},"reset-wifi":{"_":"Reiniciar uso de Wi-Fi"},"reset-mobile":{"_":"Reiniciar uso de conexões de dados"},"reset-all-data-usage":{"_":"Reiniciar uso de Wi-Fi e conexões de dados"},"not-set":{"_":"Não definido"},"used":{"_":"Usados"},"limit-passed":{"_":"Limite ultrapassado"},"limit":{"_":"Limite"},"data-limit-header":{"_":"Limite de uso"},"data-limit-alert":{"_":"Uso de dados"},"data-limit-value2":{"_":"Acima de"},"data-limit-dialog-title2":{"_":"Alerta de limite de uso de dados móveis"},"data-limit-dialog-explanation2":{"_":"As velocidades são reduzidas quando o limite é atingido. Verifique com sua operadora para ajustar um nível adequado."},"wifi-usage":{"_":"Uso do Wi-Fi"},"mobile-usage":{"_":"Uso do telefone"},"wifi-usage-settings":{"_":"Wi-Fi usage"},"mobile-usage-settings":{"_":"Mobile usage"},"im-prepaid":{"_":"Pré-pago"},"im-postpaid":{"_":"Pós-pago"},"reset-data-usage":{"_":"Reiniciar uso de dados"},"reset-report":{"_":"Relatórios a cada"},"next":{"_":"Avançar"},"back":{"_":"Voltar"},"lets-go":{"_":"Vamos lá!"},"alert":{"_":"Alerta"},"alert-limit":{"_":"Limite do alerta"},"fte-welcome-title":{"_":"Bem-vindo"},"data-limit-notification-title2":{"_":"{{limit}} de uso de dados"},"data-limit-notification-text2":{"_":"Você alcançou o limite definido por você"},"low-balance-notification-title":{"_":"Saldo baixo"},"low-balance-notification-text":{"_":"{{remaining}} de créditos restantes"},"zero-balance-message":{"_":"Seu saldo chegou a zero, não há créditos restantes."},"not-available":{"_":"Não disponível"},"usage":{"_":"Uso"},"internet":{"_":"Internet"},"phone":{"_":"Aparelho"},"loading-interface-data":{"_":"Carregando dados da interface. Tente novamente mais tarde."},"chart-date-format":{"_":"%b %e"},"verbose-chart-date-format":{"_":"{{monthday-number}} de {{em-month}}"},"day-hour-format":{"_":"{{day}}, {{time}}"},"B":{"_":"B"},"KB":{"_":"KB"},"MB":{"_":"MB"},"GB":{"_":"GB"},"telephony":{"_":"Telefonia"},"tracking-period-setup-title":{"_":"Reiniciar contador todo(a)"},"weekday-reset-setup-title":{"_":"Selecione o dia de início do período"},"reset-monthday-setup-title":{"_":"Selecione a data de início do período"},"3g-data-usage":{"_":"Uso de dados 3G"},"3g-usage":{"_":"Uso do 3G"},"select-plan-type":{"_":"Selecione seu tipo de plano"},"im-prepaid-controle":{"_":"Pré-pago / Controle"},"set-balance-reminders":{"_":"Definir lembretes de saldo"},"set-internet-report":{"_":"Definir relatório e lembretes de Internet"},"set-internet-reminders":{"_":"Definir lembretes"},"set-a-data-use-reminder":{"_":"Definir um lembrete de uso de dados"},"set-data-report-and-reminder":{"_":"Definir relatório e lembrete de dados"},"set-internet-data-report":{"_":"Relatório de dados"},"reset-tracking":{"_":"Reiniciar contador"},"fte-welcome-message":{"_":"Comece a manter o controle de seu telefone e atividade de dados."},"new-sim-inserted":{"_":"Novo chip inserido"},"new-sim-inserted-carrier":{"_":"Novo chip {{carrier}} inserido"},"new-sim-inserted-all-available":{"_":"Configurar relatório de voz e dados"},"new-sim-inserted-only-data-available":{"_":"Relatório de voz indisponível, configurar relatório de dados"},"em-month-0":{"_":"JAN"},"em-month-1":{"_":"FEV"},"em-month-2":{"_":"MAR"},"em-month-3":{"_":"ABR"},"em-month-4":{"_":"MAI"},"em-month-5":{"_":"JUN"},"em-month-6":{"_":"JUL"},"em-month-7":{"_":"AGO"},"em-month-8":{"_":"SET"},"em-month-9":{"_":"OUT"},"em-month-10":{"_":"NOV"},"em-month-11":{"_":"DEZ"},"weekday-0-long":{"_":"Domingo"},"weekday-1-long":{"_":"Segunda-feira"},"weekday-2-long":{"_":"Terça-feira"},"weekday-3-long":{"_":"Quarta-feira"},"weekday-4-long":{"_":"Quinta-feira"},"weekday-5-long":{"_":"Sexta-feira"},"weekday-6-long":{"_":"Sábado"},"weekday-0-short":{"_":"Dom"},"weekday-1-short":{"_":"Seg"},"weekday-2-short":{"_":"Ter"},"weekday-3-short":{"_":"Qua"},"weekday-4-short":{"_":"Qui"},"weekday-5-short":{"_":"Sex"},"weekday-6-short":{"_":"Sáb"},"month-0-long":{"_":"Janeiro"},"month-1-long":{"_":"Fevereiro"},"month-2-long":{"_":"Março"},"month-3-long":{"_":"Abril"},"month-4-long":{"_":"Maio"},"month-5-long":{"_":"Junho"},"month-6-long":{"_":"Julho"},"month-7-long":{"_":"Agosto"},"month-8-long":{"_":"Setembro"},"month-9-long":{"_":"Outubro"},"month-10-long":{"_":"Novembro"},"month-11-long":{"_":"Dezembro"},"month-0-genitive":{"_":"Janeiro"},"month-1-genitive":{"_":"Fevereiro"},"month-2-genitive":{"_":"Março"},"month-3-genitive":{"_":"Abril"},"month-4-genitive":{"_":"Maio"},"month-5-genitive":{"_":"Junho"},"month-6-genitive":{"_":"Julho"},"month-7-genitive":{"_":"Agosto"},"month-8-genitive":{"_":"Setembro"},"month-9-genitive":{"_":"Outubro"},"month-10-genitive":{"_":"Novembro"},"month-11-genitive":{"_":"Dezembro"},"month-0-short":{"_":"Jan"},"month-1-short":{"_":"Fev"},"month-2-short":{"_":"Mar"},"month-3-short":{"_":"Abr"},"month-4-short":{"_":"Mai"},"month-5-short":{"_":"Jun"},"month-6-short":{"_":"Jul"},"month-7-short":{"_":"Ago"},"month-8-short":{"_":"Set"},"month-9-short":{"_":"Out"},"month-10-short":{"_":"Nov"},"month-11-short":{"_":"Dez"},"minutes-ago-long":{"_":"{[ plural(value) ]}","_[zero]":"há pouco","_[one]":"um minuto atrás","_[two]":"{{value}} minutos atrás","_[few]":"{{value}} minutos atrás","_[many]":"{{value}} minutos atrás","_[other]":"{{value}} minutos atrás"},"hours-ago-long":{"_":"{[ plural(value) ]}","_[zero]":"há pouco","_[one]":"uma hora atrás","_[two]":"{{value}} horas atrás","_[few]":"{{value}} horas atrás","_[many]":"{{value}} horas atrás","_[other]":"{{value}} horas atrás"},"days-ago-long":{"_":"{[ plural(value) ]}","_[zero]":"hoje","_[one]":"ontem","_[two]":"{{value}} dias atrás","_[few]":"{{value}} dias atrás","_[many]":"{{value}} dias atrás","_[other]":"{{value}} dias atrás"},"weeks-ago-long":{"_":"{[ plural(value) ]}","_[zero]":"esta semana","_[one]":"semana passada","_[two]":"{{value}} semanas atrás","_[few]":"{{value}} semanas atrás","_[many]":"{{value}} semanas atrás","_[other]":"{{value}} semanas atrás"},"months-ago-long":{"_":"{[ plural(value) ]}","_[zero]":"este mês","_[one]":"mês passado","_[two]":"{{value}} meses atrás","_[few]":"{{value}} meses atrás","_[many]":"{{value}} meses atrás","_[other]":"{{value}} meses atrás"},"years-ago-long":{"_":"{[ plural(value) ]}","_[zero]":"este ano","_[one]":"ano passado","_[two]":"{{value}} anos atrás","_[few]":"{{value}} anos atrás","_[many]":"{{value}} anos atrás","_[other]":"{{value}} anos atrás"},"minutes-until-long":{"_":"{[ plural(value) ]}","_[zero]":"agora","_[one]":"em um minuto","_[two]":"em {{value}} minutos","_[few]":"em {{value}} minutos","_[many]":"em {{value}} minutos","_[other]":"em {{value}} minutos"},"hours-until-long":{"_":"{[ plural(value) ]}","_[zero]":"agora","_[one]":"em uma hora","_[two]":"em {{value}} horas","_[few]":"em {{value}} horas","_[many]":"em {{value}} horas","_[other]":"em {{value}} horas"},"days-until-long":{"_":"{[ plural(value) ]}","_[zero]":"hoje","_[one]":"amanhã","_[two]":"em {{value}} dias","_[few]":"em {{value}} dias","_[many]":"em {{value}} dias","_[other]":"em {{value}} dias"},"weeks-until-long":{"_":"{[ plural(value) ]}","_[zero]":"esta semana","_[one]":"semana que vem","_[two]":"em {{value}} semanas","_[few]":"em {{value}} semanas","_[many]":"em {{value}} semanas","_[other]":"em {{value}} semanas"},"months-until-long":{"_":"{[ plural(value) ]}","_[zero]":"este mês","_[one]":"mês que vem","_[two]":"em {{value}} meses","_[few]":"em {{value}} meses","_[many]":"em {{value}} meses","_[other]":"em {{value}} meses"},"years-until-long":{"_":"{[ plural(value) ]}","_[zero]":"este ano","_[one]":"ano que vem","_[two]":"em {{value}} anos","_[few]":"em {{value}} anos","_[many]":"em {{value}} anos","_[other]":"em {{value}} anos"},"minutes-ago-short":{"_":"{[ plural(value) ]}","_[zero]":"há pouco","_[other]":"{{value}}min atrás"},"hours-ago-short":{"_":"{[ plural(value) ]}","_[zero]":"há pouco","_[other]":"{{value}}h atrás"},"days-ago-short":{"_":"{[ plural(value) ]}","_[zero]":"hoje","_[other]":"{{value}}d atrás"},"minutes-until-short":{"_":"{[ plural(value) ]}","_[zero]":"agora","_[other]":"em {{value}}min"},"hours-until-short":{"_":"{[ plural(value) ]}","_[zero]":"agora","_[other]":"em {{value}}h"},"days-until-short":{"_":"{[ plural(value) ]}","_[zero]":"hoje","_[other]":"em {{value}}d"},"incorrectDate":{"_":"(data incorreta)"},"dateTimeFormat_%c":{"_":"%A, %e de %B de %Y %Hh %Mmin %Ss"},"dateTimeFormat_%x":{"_":"%d/%m/%Y"},"dateTimeFormat_%X":{"_":"%Hh %Mmin %Ss"},"shortTimeFormat":{"_":"%Hh%M"},"shortDateTimeFormat":{"_":"%x %Hh%M"},"weekStartsOnMonday":{"_":"0"},"time_am":{"_":"AM"},"time_pm":{"_":"PM"}}