{"topup-confirmation-title2":{"_":"Utilizare"},"topup-confirmation-message":{"_":"Reîncărcarea cartelei confirmată."},"topup-incorrectcode-title2":{"_":"Utilizare"},"topup-incorrectcode-message3":{"_":"Codul introdus de reîncărcare al cartelei este incorect."},"updating":{"_":"Se actualizează"},"updating-ellipsis":{"_":"Se actualizează…"},"yesterday":{"_":"Ieri"},"today":{"_":"Astăzi"},"never":{"_":"Niciodată"},"magnitude":{"_":"{{value}} {{unit}}"},"currency":{"_":"{{currency}}{{value}}"},"widget":{"_":"Widgeturi de utilizare"},"widget-authed-sim-heading":{"_":"Cartelă SIM nouă {{provider}} inserată"},"widget-authed-sim-meta":{"_":"Apasă pt. a monitoriza utilizarea de net și telefon."},"widget-nonauthed-sim-heading":{"_":"Cartelă SIM nouă inserată"},"widget-nonauthed-sim-meta":{"_":"Apasă pt. a monitoriza utilizarea de net."},"widget-no-sim2-heading":{"_":"Nicio cartelă SIM inserată"},"widget-no-sim2-meta":{"_":"Inserează o cartelă pt. a activa Utilizare."},"widget-sim-locked-heading":{"_":"Cartelă SIM blocată"},"widget-sim-locked-meta":{"_":"Deblochează cartela pt. a activa Utilizare."},"fte":{"_":"Utilizarea primei experiențe"},"fte-authed-sim":{"_":"Economisește bani prin monitorizarea utilizării netului și telefonului."},"fte-nonauthed-sim":{"_":"Economisește bani prin monitorizarea utilizării de net."},"fte-no-sim":{"_":"Obține informații clare despre cât de mult net utilizezi."},"fte-sim-info2":{"_":"Informațiile afișate în Utilizare provin direct de la acest dispozitiv. Consultă furnizorul de servicii mobile pentru informații detaliate ale contului."},"fte-plantype-title":{"_":"Tipul contractului"},"fte-plantype-hint":{"_":"Selectează tipul contractului pe care îl ai cu furnizorul de servicii mobile."},"fte-prepaid2-title":{"_":"Alertă de sold scăzut"},"fte-prepaid2-hint":{"_":"Setează o alertă pentru a evita epuizarea creditului."},"fte-prepaid3-title":{"_":"Alertă și raport de date"},"fte-prepaid3-hint":{"_":"Recepționează raporturi despre utilizarea de net și setează o alertă pentru a evita utilizarea prea ridicată."},"fte-postpaid2-title":{"_":"Raport de date și telefon"},"fte-postpaid2-hint":{"_":"Recepționează raporturi privind utilizarea de net și telefon."},"fte-postpaid3-title":{"_":"Alertă de date"},"fte-postpaid3-hint":{"_":"Setează o alertă pentru a evita folosirea de prea mult trafic."},"fte-onlydata2-title":{"_":"Raport de date"},"fte-onlydata2-hint":{"_":"Recepționează raporturi despre utilizarea de net."},"fte-onlydata3-title":{"_":"Alertă de date"},"fte-onlydata3-hint":{"_":"Setează o alertă pentru a evita folosirea de prea mult trafic."},"phone-activity":{"_":"Activitate pe telefon"},"balance":{"_":"Sold"},"on-roaming-message2":{"_":"Roaming: fără actualizarea automată a soldului. Ai putea fi taxat pentru actualizarea manuală."},"balance-error-message2":{"_":"Soldul nu s-a actualizat corect. Încearcă actualizarea manuală."},"airplane-mode-error-message2":{"_":"Oprește modul avion pentru a actualiza soldul sau a reîncărca cartela."},"disable-airplane-mode":{"_":"Dorești să dezactivezi modul avion pentru a actualiza sau a reîncărca cartela?"},"no-coverage-error-message2":{"_":"Ai nevoie de acoperire la telefon pentru a actualiza soldul sau a reîncărca cartela."},"top-up":{"_":"Reîncarcă cartela"},"enter-top-up-code":{"_":"Introdu codul de reîncărcare"},"top-up-code-explanation2":{"_":"Găsește-l pe cartela de reîncărcare sau direct pe chitanță."},"wait-for-confirmation":{"_":"Vei primi un mesaj de confirmare"},"incorrect-code2":{"_":"Asigură-te că codul este corect și reîncearcă."},"topup-error2":{"_":"A apărut o problemă la trimiterea codului. Te rugăm încearcă mai târziu."},"application-error-title":{"_":"Serviciu indisponibil"},"application-error-message":{"_":"Contactează reprezentatul companiei."},"service-unavailable-title":{"_":"Serviciu indisponibil"},"service-unavailable-message":{"_":"Nici actualizarea, nici reîncărcarea cartelei nu este posibilă în acest moment. Te rugăm încearcă mai târziu."},"data-usage":{"_":"Utilizare de date"},"update-button":{"_":"Actualizează"},"topup-button2":{"_":"Folosește codul de reîncărcare"},"topup-ussd-button2":{"_":"Deschide meniul de reîncărcare"},"ok":{"_":"Ok"},"top-up-in-progress2":{"_":"Reîncărcarea cartelei e procesată."},"top-up-timed-out2":{"_":"Actualizează soldul pentru a confirma. Dacă soldul este neschimbat, încearcă reîncărcarea din nou."},"on-topup-not-confirmed-title":{"_":"Reîncărcarea cartelei neconfirmată"},"on-topup-not-confirmed-message":{"_":"Încearcă actualizarea soldului sau încearcă din nou reîncărcarea cartelei."},"send":{"_":"trimite"},"plantype-setup-title":{"_":"Telefonul meu și planul de internet este"},"prepaid":{"_":"Preplătită"},"postpaid":{"_":"Postplătită"},"phoneactivity":{"_":"Activitate pe telefon"},"short-date-format":{"_":"%b, %d"},"sms-sent":{"_":"SMS trimis"},"call-made":{"_":"Apeluri efectuate"},"settings":{"_":"Setări"},"low-balance-alert":{"_":"Alertă de sold scăzut"},"low-balance-explanation2":{"_":"Când soldul este sub"},"phone-and-internet-data-report":{"_":"Raport de trafic de date și telefon"},"starting-on":{"_":"Începând din"},"cancel":{"_":"Renunță"},"set":{"_":"Setează"},"set-day":{"_":"Setează ziua"},"set-date":{"_":"Setează data"},"monthly":{"_":"Lunar"},"weekly":{"_":"Săptămânal"},"monday":{"_":"luni"},"tuesday":{"_":"marți"},"wednesday":{"_":"miercuri"},"thursday":{"_":"joi"},"friday":{"_":"vineri"},"saturday":{"_":"sâmbătă"},"sunday":{"_":"duminică"},"monday-abbr":{"_":"lun"},"tuesday-abbr":{"_":"mar"},"wednesday-abbr":{"_":"mie"},"thursday-abbr":{"_":"joi"},"friday-abbr":{"_":"vin"},"saturday-abbr":{"_":"sâm"},"sunday-abbr":{"_":"dum"},"billing-cycle-ends":{"_":"Cliclul de facturare se încheie"},"tracking-will-reset":{"_":"Monitorizarea se va reseta la această dată"},"yes":{"_":"Da"},"done":{"_":"Gata"},"confirmation":{"_":"Confirmare"},"reset-confirmation-warning":{"_":"Toate datele actuale vor fi șterse. Sigur dorești să resetezi?"},"reset":{"_":"Resetează"},"reset-wifi":{"_":"Resetează utilizarea Wi-Fi"},"reset-mobile":{"_":"Resetează utilizarea de date mobile"},"reset-all-data-usage":{"_":"Resetează datele mobile și Wi-Fi"},"not-set":{"_":"Nesetat"},"used":{"_":"Folosit"},"limit-passed":{"_":"Limită depășită"},"limit":{"_":"Limită"},"data-limit-header":{"_":"Limita de utilizare a datelor"},"data-limit-alert":{"_":"Alertă de trafic de date"},"data-limit-value2":{"_":"Când traficul este peste"},"data-limit-dialog-title2":{"_":"Introdu o alertă de limită pentru datele mobile"},"data-limit-dialog-explanation2":{"_":"Viteza conexiunii este redusă după ce limita s-a atins. Adresează-te furnizorului de date pentru a seta un nivel de alertă potrivit."},"wifi-usage":{"_":"Utilizare Wi-Fi"},"mobile-usage":{"_":"Util. de date mobile"},"wifi-usage-settings":{"_":"Utilizare Wi-Fi"},"mobile-usage-settings":{"_":"Utilizare mobilă"},"im-prepaid":{"_":"Am cartelă preplătită"},"im-postpaid":{"_":"Am cartelă postplătită"},"reset-data-usage":{"_":"Resetează utilizarea de date"},"reset-report":{"_":"Resetează raportul"},"next":{"_":"Înainte"},"back":{"_":"Înapoi"},"lets-go":{"_":"Să începem!"},"alert":{"_":"Alertă"},"alert-limit":{"_":"Limită de alertă"},"fte-welcome-title":{"_":"Bun venit"},"data-limit-notification-title2":{"_":"{{limit}} de date folosite"},"data-limit-notification-text2":{"_":"Ai atins limita selectată"},"low-balance-notification-title":{"_":"Sold scăzut"},"low-balance-notification-text":{"_":"{{remaining}} credit rămas pe telefon"},"zero-balance-message":{"_":"Soldul a ajuns la zero, nu mai ai credit pe telefon."},"not-available":{"_":"Indisponibil"},"usage":{"_":"Utilizare"},"internet":{"_":"Internet"},"phone":{"_":"Telefon"},"loading-interface-data":{"_":"Se încarcă datele din interfață. Te rugăm reîncearcă în scurt timp."},"chart-date-format":{"_":"%e %b"},"verbose-chart-date-format":{"_":"{{em-month}} {{monthday-number}}"},"day-hour-format":{"_":"{{day}}, {{time}}"},"B":{"_":"B"},"KB":{"_":"KB"},"MB":{"_":"MB"},"GB":{"_":"GB"},"weekday-0-long":{"_":"duminică"},"weekday-1-long":{"_":"luni"},"weekday-2-long":{"_":"marți"},"weekday-3-long":{"_":"miercuri"},"weekday-4-long":{"_":"joi"},"weekday-5-long":{"_":"vineri"},"weekday-6-long":{"_":"sâmbătă"},"weekday-0-short":{"_":"dum"},"weekday-1-short":{"_":"lun"},"weekday-2-short":{"_":"mar"},"weekday-3-short":{"_":"mie"},"weekday-4-short":{"_":"joi"},"weekday-5-short":{"_":"vin"},"weekday-6-short":{"_":"sâm"},"month-0-long":{"_":"ianuarie"},"month-1-long":{"_":"februarie"},"month-2-long":{"_":"martie"},"month-3-long":{"_":"aprilie"},"month-4-long":{"_":"mai"},"month-5-long":{"_":"iunie"},"month-6-long":{"_":"iulie"},"month-7-long":{"_":"august"},"month-8-long":{"_":"septembrie"},"month-9-long":{"_":"octombrie"},"month-10-long":{"_":"noiembrie"},"month-11-long":{"_":"decembrie"},"month-0-genitive":{"_":"ianuarie"},"month-1-genitive":{"_":"februarie"},"month-2-genitive":{"_":"martie"},"month-3-genitive":{"_":"aprilie"},"month-4-genitive":{"_":"mai"},"month-5-genitive":{"_":"iunie"},"month-6-genitive":{"_":"iulie"},"month-7-genitive":{"_":"august"},"month-8-genitive":{"_":"septembrie"},"month-9-genitive":{"_":"octombrie"},"month-10-genitive":{"_":"noiembrie"},"month-11-genitive":{"_":"decembrie"},"month-0-short":{"_":"ian"},"month-1-short":{"_":"feb"},"month-2-short":{"_":"mar"},"month-3-short":{"_":"apr"},"month-4-short":{"_":"mai"},"month-5-short":{"_":"iun"},"month-6-short":{"_":"iul"},"month-7-short":{"_":"aug"},"month-8-short":{"_":"sep"},"month-9-short":{"_":"oct"},"month-10-short":{"_":"noi"},"month-11-short":{"_":"dec"},"minutes-ago-long":{"_":"{[ plural(value) ]}","_[zero]":"chiar acum","_[one]":"acum un minut","_[two]":"acum {{value}} minute","_[few]":"acum {{value}} minute","_[many]":"acum {{value}} minute","_[other]":"acum {{value}} minute"},"hours-ago-long":{"_":"{[ plural(value) ]}","_[zero]":"chiar acum","_[one]":"acum cu o oră","_[two]":"acum {{value}} ore","_[few]":"acum {{value}} ore","_[many]":"acum {{value}} ore","_[other]":"acum {{value}} ore"},"days-ago-long":{"_":"{[ plural(value) ]}","_[zero]":"astăzi","_[one]":"ieri","_[two]":"acum {{value}} zile","_[few]":"acum {{value}} zile","_[many]":"acum {{value}} zile","_[other]":"acum {{value}} zile"},"weeks-ago-long":{"_":"{[ plural(value) ]}","_[zero]":"săptămâna aceasta","_[one]":"săptămâna trecută","_[two]":"acum {{value}} săptămâni","_[few]":"acum {{value}} săptămâni","_[many]":"acum {{value}} săptămâni","_[other]":"acum {{value}} săptămâni"},"months-ago-long":{"_":"{[ plural(value) ]}","_[zero]":"luna aceasta","_[one]":"luna trecută","_[two]":"acum {{value}} luni","_[few]":"acum {{value}} luni","_[many]":"acum {{value}} luni","_[other]":"acum {{value}} luni"},"years-ago-long":{"_":"{[ plural(value) ]}","_[zero]":"anul acesta","_[one]":"anul trecut","_[two]":"acum {{value}} ani","_[few]":"acum {{value}} ani","_[many]":"acum {{value}} ani","_[other]":"acum {{value}} ani"},"minutes-until-long":{"_":"{[ plural(value) ]}","_[zero]":"acum","_[one]":"într-un minut","_[two]":"în {{value}} minute","_[few]":"în {{value}} minute","_[many]":"în {{value}} minute","_[other]":"în {{value}} minute"},"hours-until-long":{"_":"{[ plural(value) ]}","_[zero]":"acum","_[one]":"într-o oră","_[two]":"în {{value}} ore","_[few]":"în {{value}} ore","_[many]":"în {{value}} ore","_[other]":"în {{value}} ore"},"days-until-long":{"_":"{[ plural(value) ]}","_[zero]":"astăzi","_[one]":"mâine","_[two]":"în {{value}} zile","_[few]":"în {{value}} zile","_[many]":"în {{value}} zile","_[other]":"în {{value}} zile"},"weeks-until-long":{"_":"{[ plural(value) ]}","_[zero]":"săptămâna aceasta","_[one]":"săptămâna următoare","_[two]":"în {{value}} săptămâni","_[few]":"în {{value}} săptămâni","_[many]":"în {{value}} săptămâni","_[other]":"în {{value}} săptămâni"},"months-until-long":{"_":"{[ plural(value) ]}","_[zero]":"luna aceasta","_[one]":"luna următoare","_[two]":"în {{value}} luni","_[few]":"în {{value}} luni","_[many]":"în {{value}} luni","_[other]":"în {{value}} luni"},"years-until-long":{"_":"{[ plural(value) ]}","_[zero]":"anul acesta","_[one]":"anul următor","_[two]":"în {{value}} ani","_[few]":"în {{value}} ani","_[many]":"în {{value}} ani","_[other]":"în {{value}} ani"},"minutes-ago-short":{"_":"{[ plural(value) ]}","_[zero]":"chiar acum","_[other]":"acum {{value}} min."},"hours-ago-short":{"_":"{[ plural(value) ]}","_[zero]":"chiar acum","_[other]":"acum {{value}}h"},"days-ago-short":{"_":"{[ plural(value) ]}","_[zero]":"astăzi","_[other]":"acum {{value}}z"},"minutes-until-short":{"_":"{[ plural(value) ]}","_[zero]":"acum","_[other]":"în {{value}}m"},"hours-until-short":{"_":"{[ plural(value) ]}","_[zero]":"acum","_[other]":"în {{value}}h"},"days-until-short":{"_":"{[ plural(value) ]}","_[zero]":"astăzi","_[other]":"în {{value}}z"},"incorrectDate":{"_":"(dată incorectă)"},"dateTimeFormat_%c":{"_":"%a, %e %b %Y %H:%M:%S"},"dateTimeFormat_%x":{"_":"%d/%m/%Y"},"dateTimeFormat_%X":{"_":"%H:%M:%S"},"shortTimeFormat":{"_":"%H:%M"},"shortDateTimeFormat":{"_":"%x %H:%M"},"weekStartsOnMonday":{"_":"0"},"time_am":{"_":"AM"},"time_pm":{"_":"PM"}}