{"topup-confirmation-title2":{"_":"Трафик"},"topup-confirmation-message":{"_":"Пополнение подтверждено"},"topup-incorrectcode-title2":{"_":"Трафик"},"topup-incorrectcode-message3":{"_":"Введён некорректный код пополнения."},"updating":{"_":"Обновление"},"updating-ellipsis":{"_":"Обновление…"},"yesterday":{"_":"Вчера"},"today":{"_":"Сегодня"},"never":{"_":"Никогда"},"magnitude":{"_":"{{value}} {{unit}}"},"currency":{"_":"{{currency}}{{value}}"},"widget":{"_":"Виджет \"Трафик\""},"widget-authed-sim-heading":{"_":"Вставлена новая SIM-карта {{provider}}"},"widget-authed-sim-meta":{"_":"Нажмите для учёта звонков и сети."},"widget-nonauthed-sim-heading":{"_":"Вставлена новая SIM-карта"},"widget-nonauthed-sim-meta":{"_":"Нажмите для учёта расхода интернета."},"widget-no-sim2-heading":{"_":"Не вставлена SIM-карта"},"widget-no-sim2-meta":{"_":"Вставьте SIM, чтобы включить Трафик."},"widget-sim-locked-heading":{"_":"SIM-карта заблокирована"},"widget-sim-locked-meta":{"_":"Разблокируйте для включения Трафика."},"fte":{"_":"Знакомство с приложением \"Трафик\""},"fte-authed-sim":{"_":"Экономьте деньги, ведя учёт использования вами телефона и Интернета."},"fte-nonauthed-sim":{"_":"Экономьте деньги, ведя учёт использования вами Интернета."},"fte-no-sim":{"_":"Получайте чёткую информацию о том, сколько интернета вы используете."},"fte-sim-info2":{"_":"Информация, отображаемая в \"Трафике\", поступает напрямую с этого устройства. Для получения подробной информации о счетё свяжитесь с вашим оператором мобильной связи."},"fte-plantype-title":{"_":"Тип контракта"},"fte-plantype-hint":{"_":"Выберите тип контракта, который вы заключили с вашим оператором мобильной связи."},"fte-prepaid2-title":{"_":"Низкий баланс"},"fte-prepaid2-hint":{"_":"Установить предупреждение о низком балансе."},"fte-prepaid3-title":{"_":"Уведомление и отчёт"},"fte-prepaid3-hint":{"_":"Получать отчёты об использовании вами Интернета, и установить предупреждение, чтобы избежать перерасхода."},"fte-postpaid2-title":{"_":"Отчёт(звонки/трафик)"},"fte-postpaid2-hint":{"_":"Получать отчёты об использовании вами телефона и Интернета."},"fte-postpaid3-title":{"_":"Перерасход трафика"},"fte-postpaid3-hint":{"_":"Установить предупреждение, чтобы избежать перерасхода трафика."},"fte-onlydata2-title":{"_":"Отчёт(трафик)"},"fte-onlydata2-hint":{"_":"Получать отчёты об использовании вами Интернета."},"fte-onlydata3-title":{"_":"Перерасход трафика"},"fte-onlydata3-hint":{"_":"Установить предупреждение, чтобы избежать перерасхода трафика."},"phone-activity":{"_":"Активность телефона"},"balance":{"_":"Баланс"},"on-roaming-message2":{"_":"Роуминг: нет автоматического обновления баланса. С вас могут взять плату за обновление вручную."},"balance-error-message2":{"_":"Баланс не обновился корректно. Попробуйте обновить вручную."},"airplane-mode-error-message2":{"_":"Отключите режим полета, чтобы обновить или пополнить баланс."},"disable-airplane-mode":{"_":"Вы хотите отключить Режим Полёта, чтобы обновить баланс или пополнить счёт?"},"no-coverage-error-message2":{"_":"Вам нужно быть в зоне покрытия, чтобы обновить или пополнить баланс."},"top-up":{"_":"Пополнение"},"enter-top-up-code":{"_":"Введите код пополнения"},"top-up-code-explanation2":{"_":"Вы можете найти его на скретч-карте или прямо в вашем чеке."},"wait-for-confirmation":{"_":"Вы получите сообщение подтверждения"},"incorrect-code2":{"_":"Убедитесь, что код верен и попробуйте снова."},"topup-error2":{"_":"При отправке кода возникла проблема. Пожалуйста, попробуйте снова."},"application-error-title":{"_":"Сервис недоступен"},"application-error-message":{"_":"Свяжитесь с представителем вашей компании"},"service-unavailable-title":{"_":"Сервис недоступен"},"service-unavailable-message":{"_":"В данный момент недоступны ни обновление, ни пополнение. Попробуйте позже."},"data-usage":{"_":"Загружено данных"},"update-button":{"_":"Обновить"},"topup-button2":{"_":"Использовать код пополнения"},"topup-ussd-button2":{"_":"Открыть меню пополнения"},"ok":{"_":"OK"},"top-up-in-progress2":{"_":"Идёт обработка вашего пополнения."},"top-up-timed-out2":{"_":"Обновите ваш баланс для подтверждения. Если баланс не изменился, попробуйте пополнить снова."},"on-topup-not-confirmed-title":{"_":"Пополнение не подтверждено."},"on-topup-not-confirmed-message":{"_":"Попробуйте обновить свой баланс или повторить пополнение."},"send":{"_":"послать"},"plantype-setup-title":{"_":"Мой тариф на телефон и интернет -"},"prepaid":{"_":"Предоплаченный"},"postpaid":{"_":"В кредит (Postpaid)"},"phoneactivity":{"_":"Активность телефона"},"short-date-format":{"_":"%d %Eb"},"sms-sent":{"_":"Отправлен SMS"},"call-made":{"_":"Сделан звонок"},"settings":{"_":"Параметры"},"low-balance-alert":{"_":"Предупреждение о низком балансе"},"low-balance-explanation2":{"_":"Когда баланс ниже"},"phone-and-internet-data-report":{"_":"Отчёт об использовании телефона и Интернета"},"starting-on":{"_":"Начало периода"},"cancel":{"_":"Отмена"},"set":{"_":"Установить"},"set-day":{"_":"Установить день"},"set-date":{"_":"Установить дату"},"monthly":{"_":"Ежемесячно"},"weekly":{"_":"Еженедельно"},"monday":{"_":"Понедельник"},"tuesday":{"_":"Вторник"},"wednesday":{"_":"Среда"},"thursday":{"_":"Четверг"},"friday":{"_":"Пятница"},"saturday":{"_":"Суббота"},"sunday":{"_":"Воскресенье"},"monday-abbr":{"_":"Пн"},"tuesday-abbr":{"_":"Вт"},"wednesday-abbr":{"_":"Ср"},"thursday-abbr":{"_":"Чт"},"friday-abbr":{"_":"Пт"},"saturday-abbr":{"_":"Сб"},"sunday-abbr":{"_":"Вс"},"billing-cycle-ends":{"_":"Цикл биллинга заканчивается"},"tracking-will-reset":{"_":"В этот день отслеживание будет сброшено"},"yes":{"_":"Да"},"done":{"_":"Готово"},"confirmation":{"_":"Подтверждение"},"reset-confirmation-warning":{"_":"Все текущие данные будут удалены. Вы уверены, что хотите произвести сброс?"},"reset":{"_":"Сбросить"},"reset-wifi":{"_":"Сбросить трафик Wi-Fi"},"reset-mobile":{"_":"Сбросить мобильный трафик"},"reset-all-data-usage":{"_":"Сбросить мобильный и Wi-Fi трафик"},"not-set":{"_":"Не установлен"},"used":{"_":"Использовано"},"limit-passed":{"_":"Лимит превышен"},"limit":{"_":"Лимит"},"data-limit-header":{"_":"Лимит трафика"},"data-limit-alert":{"_":"Предупреждение о расходе трафика"},"data-limit-value2":{"_":"Если расход выше"},"data-limit-dialog-title2":{"_":"Введите предупреждение о лимите мобильного трафика"},"data-limit-dialog-explanation2":{"_":"После превышения лимита скорость уменьшается. Для установки подходящего уровня предупреждения свяжитесь с вашим провайдером."},"wifi-usage":{"_":"по Wi-Fi"},"mobile-usage":{"_":"по сотовой сети"},"wifi-usage-settings":{"_":"Трафик Wi-Fi"},"mobile-usage-settings":{"_":"Трафик сотовой сети"},"im-prepaid":{"_":"Я на предоплате"},"im-postpaid":{"_":"Я на кредитном плане"},"reset-data-usage":{"_":"Сбросить расход трафика"},"reset-report":{"_":"Сброс отчёта"},"next":{"_":"Далее"},"back":{"_":"Назад"},"lets-go":{"_":"Вперёд!"},"alert":{"_":"Предупреждение"},"alert-limit":{"_":"Предупреждение о лимите"},"fte-welcome-title":{"_":"Добро пожаловать"},"data-limit-notification-title2":{"_":"Израсходовано {{limit}} трафика"},"data-limit-notification-text2":{"_":"Вы достигли выбранного вами лимита"},"low-balance-notification-title":{"_":"Низкий баланс"},"low-balance-notification-text":{"_":"осталось {{remaining}} кредита на телефоне"},"zero-balance-message":{"_":"Баланс достиг нуля, кредита на телефоне не осталось."},"not-available":{"_":"Недоступно"},"usage":{"_":"Трафик"},"internet":{"_":"Интернет"},"phone":{"_":"Телефон"},"loading-interface-data":{"_":"Загрузка данных интерфейса. Повторите попытку через некоторое время."},"chart-date-format":{"_":"%e %Eb"},"verbose-chart-date-format":{"_":"{{monthday-number}} {{em-month}}"},"day-hour-format":{"_":"{{day}}, {{time}}"},"B":{"_":"байт"},"KB":{"_":"КБ"},"MB":{"_":"МБ"},"GB":{"_":"ГБ"},"weekday-0-long":{"_":"Воскресенье"},"weekday-1-long":{"_":"Понедельник"},"weekday-2-long":{"_":"Вторник"},"weekday-3-long":{"_":"Среда"},"weekday-4-long":{"_":"Четверг"},"weekday-5-long":{"_":"Пятница"},"weekday-6-long":{"_":"Суббота"},"weekday-0-short":{"_":"Вс"},"weekday-1-short":{"_":"Пн"},"weekday-2-short":{"_":"Вт"},"weekday-3-short":{"_":"Ср"},"weekday-4-short":{"_":"Чт"},"weekday-5-short":{"_":"Пт"},"weekday-6-short":{"_":"Сб"},"month-0-long":{"_":"Январь"},"month-1-long":{"_":"Февраль"},"month-2-long":{"_":"Март"},"month-3-long":{"_":"Апрель"},"month-4-long":{"_":"Май"},"month-5-long":{"_":"Июнь"},"month-6-long":{"_":"Июль"},"month-7-long":{"_":"Август"},"month-8-long":{"_":"Сентябрь"},"month-9-long":{"_":"Октябрь"},"month-10-long":{"_":"Ноябрь"},"month-11-long":{"_":"Декабрь"},"month-0-genitive":{"_":"января"},"month-1-genitive":{"_":"февраля"},"month-2-genitive":{"_":"марта"},"month-3-genitive":{"_":"апреля"},"month-4-genitive":{"_":"мая"},"month-5-genitive":{"_":"июня"},"month-6-genitive":{"_":"июля"},"month-7-genitive":{"_":"августа"},"month-8-genitive":{"_":"сентября"},"month-9-genitive":{"_":"октября"},"month-10-genitive":{"_":"ноября"},"month-11-genitive":{"_":"декабря"},"month-0-short":{"_":"Январь"},"month-1-short":{"_":"Февраль"},"month-2-short":{"_":"Март"},"month-3-short":{"_":"Апрель"},"month-4-short":{"_":"Май"},"month-5-short":{"_":"Июнь"},"month-6-short":{"_":"Июль"},"month-7-short":{"_":"Август"},"month-8-short":{"_":"Сентябрь"},"month-9-short":{"_":"Октябрь"},"month-10-short":{"_":"Ноябрь"},"month-11-short":{"_":"Декабрь"},"minutes-ago-long":{"_":"{[ plural(value) ]}","_[zero]":"прямо сейчас","_[one]":"{{value}} минуту назад","_[two]":"{{value}} минуты назад","_[few]":"{{value}} минуты назад","_[many]":"{{value}} минут назад","_[other]":"{{value}} минут назад"},"hours-ago-long":{"_":"{[ plural(value) ]}","_[zero]":"прямо сейчас","_[one]":"{{value}} час назад","_[two]":"{{value}} часа назад","_[few]":"{{value}} часа назад","_[many]":"{{value}} часов назад","_[other]":"{{value}} часов назад"},"days-ago-long":{"_":"{[ plural(value) ]}","_[zero]":"сегодня","_[one]":"{{value}} день назад","_[two]":"{{value}} дня назад","_[few]":"{{value}} дня назад","_[many]":"{{value}} дней назад","_[other]":"{{value}} дней назад"},"weeks-ago-long":{"_":"{[ plural(value) ]}","_[zero]":"эта неделя","_[one]":"{{value}} неделя назад","_[two]":"{{value}} недели назад","_[few]":"{{value}} недели назад","_[many]":"{{value}} недель назад","_[other]":"{{value}} недель назад"},"months-ago-long":{"_":"{[ plural(value) ]}","_[zero]":"этот месяц","_[one]":"{{value}} месяц назад","_[two]":"{{value}} месяца назад","_[few]":"{{value}} месяца назад","_[many]":"{{value}} месяцев назад","_[other]":"{{value}} месяцев назад"},"years-ago-long":{"_":"{[ plural(value) ]}","_[zero]":"этот год","_[one]":"{{value}} год назад","_[two]":"{{value}} года назад","_[few]":"{{value}} года назад","_[many]":"{{value}} лет назад","_[other]":"{{value}} лет назад"},"minutes-until-long":{"_":"{[ plural(value) ]}","_[zero]":"сейчас","_[one]":"через {{value}} минуту","_[two]":"через {{value}} минуты","_[few]":"через {{value}} минуты","_[many]":"через {{value}} минут","_[other]":"через {{value}} минут"},"hours-until-long":{"_":"{[ plural(value) ]}","_[zero]":"сейчас","_[one]":"через {{value}} час","_[two]":"через {{value}} часа","_[few]":"через {{value}} часа","_[many]":"через {{value}} часов","_[other]":"через {{value}} часов"},"days-until-long":{"_":"{[ plural(value) ]}","_[zero]":"сегодня","_[one]":"через {{value}} день","_[two]":"через {{value}} дня","_[few]":"через {{value}} дня","_[many]":"через {{value}} дней","_[other]":"через {{value}} дней"},"weeks-until-long":{"_":"{[ plural(value) ]}","_[zero]":"эта неделя","_[one]":"через {{value}} неделю","_[two]":"через {{value}} недели","_[few]":"через {{value}} недели","_[many]":"через {{value}} недель","_[other]":"через {{value}} недель"},"months-until-long":{"_":"{[ plural(value) ]}","_[zero]":"этот месяц","_[one]":"через {{value}} месяц","_[two]":"через {{value}} месяца","_[few]":"через {{value}} месяца","_[many]":"через {{value}} месяцев","_[other]":"через {{value}} месяцев"},"years-until-long":{"_":"{[ plural(value) ]}","_[zero]":"этот год","_[one]":"через {{value}} год","_[two]":"через {{value}} года","_[few]":"через {{value}} года","_[many]":"через {{value}} лет","_[other]":"через {{value}} лет"},"minutes-ago-short":{"_":"{[ plural(value) ]}","_[zero]":"сейчас","_[other]":"{{value}}м назад"},"hours-ago-short":{"_":"{[ plural(value) ]}","_[zero]":"сейчас","_[other]":"{{value}}ч назад"},"days-ago-short":{"_":"{[ plural(value) ]}","_[zero]":"сегодня","_[other]":"{{value}}д назад"},"minutes-until-short":{"_":"{[ plural(value) ]}","_[zero]":"сейчас","_[other]":"через {{value}}м"},"hours-until-short":{"_":"{[ plural(value) ]}","_[zero]":"сейчас","_[other]":"через {{value}}ч"},"days-until-short":{"_":"{[ plural(value) ]}","_[zero]":"сегодня","_[other]":"через {{value}}д"},"incorrectDate":{"_":"(некорректная дата)"},"dateTimeFormat_%c":{"_":"%a, %e %Eb %Y, %H:%M:%S"},"dateTimeFormat_%x":{"_":"%d.%m.%Y"},"dateTimeFormat_%X":{"_":"%H:%M:%S"},"shortTimeFormat":{"_":"%H:%M"},"shortDateTimeFormat":{"_":"%x %H:%M"},"weekStartsOnMonday":{"_":"1"},"time_am":{"_":"AM"},"time_pm":{"_":"PM"}}