{"topup-confirmation-title2":{"_":"Využitie"},"topup-confirmation-message":{"_":"Platená služba potvrdená"},"topup-incorrectcode-title2":{"_":"Využitie"},"topup-incorrectcode-message3":{"_":"Zadaný chybný kód platenej služby. "},"updating":{"_":"Aktualizácia"},"updating-ellipsis":{"_":"Aktualizuje sa…"},"yesterday":{"_":"včera"},"today":{"_":"dnes"},"never":{"_":"Nikdy"},"magnitude":{"_":"{{value}} {{unit}}"},"currency":{"_":"{{value}} {{currency}}"},"widget":{"_":"Využitie služieb"},"widget-authed-sim-heading":{"_":"Vložená nová karta SIM od {{provider}}"},"widget-authed-sim-meta":{"_":"Ťuknite a môžete sledovať vašu spotrebu"},"widget-nonauthed-sim-heading":{"_":"Vložená nová karta SIM"},"widget-nonauthed-sim-meta":{"_":"Ťuknite a môžete sledovať vašu spotrebu"},"widget-no-sim2-heading":{"_":"Nebola vložená žiadna karta SIM"},"widget-no-sim2-meta":{"_":"Vložte kartu SIM a sledujte vašu spotrebu"},"widget-sim-locked-heading":{"_":"Uzamknutá karta SIM"},"widget-sim-locked-meta":{"_":"Odblokujte kartu a sledujte vašu spotrebu"},"fte":{"_":"Úvodné nastavenie aplikácie Využitie služieb"},"fte-authed-sim":{"_":"Šetrite peniaze sledovaním využitia pripojenia k internetu. "},"fte-nonauthed-sim":{"_":"Šetrite peniaze sledovaním využitia svojho pripojenia k internetu."},"fte-no-sim":{"_":"Získajte jasné informácie o tom, ako využívate internet. "},"fte-sim-info2":{"_":"Informácie zobrazujú dátové prenosy zaznamenané týmto zariadením. Detailnejšie informácie o stave účtu si overte u vášho operátora mobilných služieb. "},"fte-plantype-title":{"_":"Typ služby"},"fte-plantype-hint":{"_":"Vyberte typ služby, ktorú používate u svojho mobilného operátora."},"fte-prepaid2-title":{"_":"Upozornenie na nízky zostatok "},"fte-prepaid2-hint":{"_":"Nastavte upozornenie na nízky stav kreditu. "},"fte-prepaid3-title":{"_":"Hlásenia a upozornenia o dátach"},"fte-prepaid3-hint":{"_":"Získava údaje o vašom internetovom pripojení a upozorní, ak ho využívate príliš."},"fte-postpaid2-title":{"_":"Hlásenia o telefóne a dátach"},"fte-postpaid2-hint":{"_":"Získava údaje o vašom telefóne a využívaní internetového pripojenia."},"fte-postpaid3-title":{"_":"Upozornenie na dáta"},"fte-postpaid3-hint":{"_":"Upozorní na zvýšené využívanie dát."},"fte-onlydata2-title":{"_":"Hlásenia o dátach"},"fte-onlydata2-hint":{"_":"Získava údaje o využívaní internetového pripojenia."},"fte-onlydata3-title":{"_":"Upozornenie na dáta"},"fte-onlydata3-hint":{"_":"Upozorní na zvýšené využívanie dát."},"phone-activity":{"_":"Aktivita telefónu"},"balance":{"_":"Zostatok"},"on-roaming-message2":{"_":"Roaming: automatické aktualizácie zostatku sú vypnuté. Manuálne aktualizácie môžu byť spoplatnené."},"balance-error-message2":{"_":"Zostatok nebol korektne aktualizovaný. Skúste to znova ručne. "},"airplane-mode-error-message2":{"_":"Ak chcete aktualizovať zostatok alebo dobiť kredit, vypnite režim V lietadle."},"disable-airplane-mode":{"_":"Chcete kvôli aktualizácii zostatku alebo dobitiu kreditu vypnúť režim V lietadle? "},"no-coverage-error-message2":{"_":"Ak chcete aktualizovať zostatok alebo dobiť kredit, musíte sa nachádzať v pokrytí sieťou. "},"top-up":{"_":"Dobitie kreditu"},"enter-top-up-code":{"_":"Zadajte kód pre dobitie kreditu"},"top-up-code-explanation2":{"_":"Nájdete ho na stieracom mieste karty alebo priamo na doklade o platbe."},"wait-for-confirmation":{"_":"Obdržíte potvrdzujúcu správu"},"incorrect-code2":{"_":"Zadajte správny kód a skúste to znova."},"topup-error2":{"_":"Pri odosielaní kódu sa vyskytla chyba. Skúste to znova neskôr."},"application-error-title":{"_":"Služba nie je dostupná"},"application-error-message":{"_":"Kontaktujte zástupcu spoločnosti"},"service-unavailable-title":{"_":"Služba nie je dostupná"},"service-unavailable-message":{"_":"Žiadne aktualizácie ani predplatené služby nie sú momentálne dostupné. Skúste to neskôr. "},"data-usage":{"_":"Využitie dát"},"update-button":{"_":"Aktualizácie"},"topup-button2":{"_":"Použiť kód dobitia"},"topup-ussd-button2":{"_":"Otvoriť ponuku dobitia "},"ok":{"_":"OK"},"top-up-in-progress2":{"_":"Vaše dobitie sa práve spracováva."},"top-up-timed-out2":{"_":"Na potvrdenie dobitia si aktualizujte zostatok. Ak sa nezmenil, skúste dobitie zopakovať."},"on-topup-not-confirmed-title":{"_":"Dobitie kreditu nepotvrdené"},"on-topup-not-confirmed-message":{"_":"Skúste aktualizovať zostatok, alebo opakujte dobíjanie."},"send":{"_":"odoslať"},"plantype-setup-title":{"_":"Môj telefón a dáta sú"},"prepaid":{"_":"predplatené"},"postpaid":{"_":"účtované"},"phoneactivity":{"_":"Aktivita telefónu"},"short-date-format":{"_":"%d. %b"},"sms-sent":{"_":"Odoslané SMS"},"call-made":{"_":"Uskutočnené hovory"},"settings":{"_":"Nastavenia"},"low-balance-alert":{"_":"Upozornenie na nízky zostatok"},"low-balance-explanation2":{"_":"Ak je zostatok pod"},"phone-and-internet-data-report":{"_":"Hlásenia o využívaní telefónu a internetového pripojenia"},"starting-on":{"_":"Začiatok"},"cancel":{"_":"Zrušiť"},"set":{"_":"Nastavenie"},"set-day":{"_":"Nastavenie dňa"},"set-date":{"_":"Nastavenie dátumu"},"monthly":{"_":"Raz mesačne"},"weekly":{"_":"Raz týždenne"},"monday":{"_":"Pondelok"},"tuesday":{"_":"Utorok"},"wednesday":{"_":"Streda"},"thursday":{"_":"Štvrtok"},"friday":{"_":"Piatok"},"saturday":{"_":"Sobota"},"sunday":{"_":"Nedeľa"},"monday-abbr":{"_":"Po"},"tuesday-abbr":{"_":"Ut"},"wednesday-abbr":{"_":"St"},"thursday-abbr":{"_":"Št"},"friday-abbr":{"_":"Pi"},"saturday-abbr":{"_":"So"},"sunday-abbr":{"_":"Ne"},"billing-cycle-ends":{"_":"Koniec platobného obdobia"},"tracking-will-reset":{"_":"Sledovanie bude k tomuto dňu vynulované. "},"yes":{"_":"Áno"},"done":{"_":"Hotovo"},"confirmation":{"_":"Potvrdenie"},"reset-confirmation-warning":{"_":"Všetky aktuálne údaje budú odstránené. Naozaj chcete pokračovať? "},"reset":{"_":"Vynulovať"},"reset-wifi":{"_":"Vynulovať Wi-Fi"},"reset-mobile":{"_":"Vynulovať mobilné dáta"},"reset-all-data-usage":{"_":"Vynulovať mobilné dáta a Wi-Fi"},"not-set":{"_":"Nie je nastavené"},"used":{"_":"Využité"},"limit-passed":{"_":"Limit vypršal"},"limit":{"_":"Limit"},"data-limit-header":{"_":"Dátový limit"},"data-limit-alert":{"_":"Upozorniť na prenosy dát"},"data-limit-value2":{"_":"Ak je využitie nad"},"data-limit-dialog-title2":{"_":"Zadajte váš limit pre mobilné dáta "},"data-limit-dialog-explanation2":{"_":"Rýchlosť pripojenia je zvyčajne po presiahnutí limitu znížená. Ak neviete, aký limit je pre vás najvhodnejší, poraďte sa s vašim poskytovateľom dát."},"wifi-usage":{"_":"Wi-Fi"},"mobile-usage":{"_":"Mobilné dáta"},"wifi-usage-settings":{"_":"Využívanie Wi-Fi"},"mobile-usage-settings":{"_":"Využívanie mobilných dát"},"im-prepaid":{"_":"Predplatená"},"im-postpaid":{"_":"Účtovaná"},"reset-data-usage":{"_":"Vynulovanie počítadla dát"},"reset-report":{"_":"Vynulovať hlásenia"},"next":{"_":"Ďalej"},"back":{"_":"Naspäť"},"lets-go":{"_":"Začať"},"alert":{"_":"Upozornenie"},"alert-limit":{"_":"Upozornenie na limit"},"fte-welcome-title":{"_":"Vitajte"},"data-limit-notification-title2":{"_":"Dosiahnutý limit {{limit}}"},"data-limit-notification-text2":{"_":"Dosiahli ste vami nastavený dátový limit"},"low-balance-notification-title":{"_":"Nízky zostatok"},"low-balance-notification-text":{"_":"Zostávajúci kredit telefónu je {{remaining}}"},"zero-balance-message":{"_":"Zostatok klesol na nulu. Už nemáte dostupný žiadny kredit.  "},"not-available":{"_":"Nie je dostupné"},"usage":{"_":"Využitie"},"internet":{"_":"Internet"},"phone":{"_":"Telefón"},"loading-interface-data":{"_":"Načítavajú sa údaje rozhrania. Skúste to znova o chvíľu."},"chart-date-format":{"_":"%e. %b"},"verbose-chart-date-format":{"_":"{{monthday-number}}.{{em-month}} "},"day-hour-format":{"_":"{{day}}, {{time}}"},"B":{"_":"b"},"KB":{"_":"kB"},"MB":{"_":"MB"},"GB":{"_":"GB"},"weekday-0-long":{"_":"Nedeľa"},"weekday-1-long":{"_":"Pondelok"},"weekday-2-long":{"_":"Utorok"},"weekday-3-long":{"_":"Streda"},"weekday-4-long":{"_":"Štvrtok"},"weekday-5-long":{"_":"Piatok"},"weekday-6-long":{"_":"Sobota"},"weekday-0-short":{"_":"Ne"},"weekday-1-short":{"_":"Po"},"weekday-2-short":{"_":"Ut"},"weekday-3-short":{"_":"St"},"weekday-4-short":{"_":"Št"},"weekday-5-short":{"_":"Pi"},"weekday-6-short":{"_":"So"},"month-0-long":{"_":"Január"},"month-1-long":{"_":"Február"},"month-2-long":{"_":"Marec"},"month-3-long":{"_":"Apríl"},"month-4-long":{"_":"Máj"},"month-5-long":{"_":"Jún"},"month-6-long":{"_":"Júl"},"month-7-long":{"_":"August"},"month-8-long":{"_":"September"},"month-9-long":{"_":"Október"},"month-10-long":{"_":"November"},"month-11-long":{"_":"December"},"month-0-genitive":{"_":"januára"},"month-1-genitive":{"_":"februára"},"month-2-genitive":{"_":"marca"},"month-3-genitive":{"_":"apríla"},"month-4-genitive":{"_":"mája"},"month-5-genitive":{"_":"júna"},"month-6-genitive":{"_":"júla"},"month-7-genitive":{"_":"augusta"},"month-8-genitive":{"_":"septembra"},"month-9-genitive":{"_":"októbra"},"month-10-genitive":{"_":"novembra"},"month-11-genitive":{"_":"decembra"},"month-0-short":{"_":"jan"},"month-1-short":{"_":"feb"},"month-2-short":{"_":"mar"},"month-3-short":{"_":"apr"},"month-4-short":{"_":"máj"},"month-5-short":{"_":"jún"},"month-6-short":{"_":"júl"},"month-7-short":{"_":"aug"},"month-8-short":{"_":"sep"},"month-9-short":{"_":"okt"},"month-10-short":{"_":"nov"},"month-11-short":{"_":"dec"},"minutes-ago-long":{"_":"{[ plural(value) ]}","_[zero]":"teraz","_[one]":"pred minútou","_[two]":"pred {{value}} minútami","_[few]":"pred {{value}} minútami","_[many]":"pred {{value}} minútami","_[other]":"pred {{value}} minútami"},"hours-ago-long":{"_":"{[ plural(value) ]}","_[zero]":"teraz","_[one]":"pred hodinou","_[two]":"pred {{value}} hodinami","_[few]":"pred {{value}} hodinami","_[many]":"pred {{value}} hodinami","_[other]":"pred {{value}} hodinami"},"days-ago-long":{"_":"{[ plural(value) ]}","_[zero]":"dnes","_[one]":"včera","_[two]":"pred {{value}} dňami","_[few]":"pred {{value}} dňami","_[many]":"pred {{value}} dňami","_[other]":"pred {{value}} dňami"},"weeks-ago-long":{"_":"{[ plural(value) ]}","_[zero]":"tento týždeň","_[one]":"minulý týždeň","_[two]":"pred {{value}} týždňami","_[few]":"pred {{value}} týždňami","_[many]":"pred {{value}} týždňami","_[other]":"pred {{value}} týždňami"},"months-ago-long":{"_":"{[ plural(value) ]}","_[zero]":"tento mesiac","_[one]":"minulý mesiac","_[two]":"pred {{value}} mesiacmi","_[few]":"pred {{value}} mesiacmi","_[many]":"pred {{value}} mesiacmi","_[other]":"pred {{value}} mesiacmi"},"years-ago-long":{"_":"{[ plural(value) ]}","_[zero]":"tento rok","_[one]":"minulý rok","_[two]":"pred {{value}} rokmi","_[few]":"pred {{value}} rokmi","_[many]":"pred {{value}} rokmi","_[other]":"pred {{value}} rokmi"},"minutes-until-long":{"_":"{[ plural(value) ]}","_[zero]":"teraz","_[one]":"o minútu","_[two]":"o {{value}} minúty","_[few]":"o {{value}} minúty","_[many]":"o {{value}} minút","_[other]":"o {{value}} minút"},"hours-until-long":{"_":"{[ plural(value) ]}","_[zero]":"teraz","_[one]":"o hodinu","_[two]":"o {{value}} hodiny","_[few]":"o {{value}} hodiny","_[many]":"o {{value}} hodín","_[other]":"o {{value}} hodín"},"days-until-long":{"_":"{[ plural(value) ]}","_[zero]":"dnes","_[one]":"zajtra","_[two]":"o {{value}} dni","_[few]":"o {{value}} dni","_[many]":"o {{value}} dní","_[other]":"o {{value}} dní"},"weeks-until-long":{"_":"{[ plural(value) ]}","_[zero]":"tento týždeň","_[one]":"budúci týždeň","_[two]":"o {{value}} týždne","_[few]":"o {{value}} týždne","_[many]":"o {{value}} týždňov","_[other]":"o {{value}} týždňov"},"months-until-long":{"_":"{[ plural(value) ]}","_[zero]":"tento mesiac","_[one]":"budúci mesiac","_[two]":"o {{value}} mesiace","_[few]":"o {{value}} mesiace","_[many]":"o {{value}} mesiacov","_[other]":"o {{value}} mesiacov"},"years-until-long":{"_":"{[ plural(value) ]}","_[zero]":"tento rok","_[one]":"budúci rok","_[two]":"o {{value}} roky","_[few]":"o {{value}} roky","_[many]":"o {{value}} rokov","_[other]":"o {{value}} rokov"},"minutes-ago-short":{"_":"{[ plural(value) ]}","_[zero]":"teraz","_[other]":"pred {{value}}m"},"hours-ago-short":{"_":"{[ plural(value) ]}","_[zero]":"teraz","_[other]":"pred {{value}}h"},"days-ago-short":{"_":"{[ plural(value) ]}","_[zero]":"dnes","_[other]":"pred {{value}}d"},"minutes-until-short":{"_":"{[ plural(value) ]}","_[zero]":"teraz","_[other]":"o {{value}}m"},"hours-until-short":{"_":"{[ plural(value) ]}","_[zero]":"teraz","_[other]":"o {{value}}h"},"days-until-short":{"_":"{[ plural(value) ]}","_[zero]":"dnes","_[other]":"o {{value}}d"},"incorrectDate":{"_":"(neplatný dátum)"},"dateTimeFormat_%c":{"_":"%a, %e. %b %Y %H:%M:%S"},"dateTimeFormat_%x":{"_":"%d.%m.%Y"},"dateTimeFormat_%X":{"_":"%H:%M:%S"},"shortTimeFormat":{"_":"%H:%M"},"shortDateTimeFormat":{"_":"%x %H:%M"},"weekStartsOnMonday":{"_":"1"},"time_am":{"_":"AM"},"time_pm":{"_":"PM"}}