{"topup-confirmation-title2":{"_":"Përdorim"},"topup-confirmation-message":{"_":"Rimbushja u konfirmua"},"topup-incorrectcode-title2":{"_":"Përdorim"},"topup-incorrectcode-message3":{"_":"U dha kod i pasaktë rimbushjeje."},"updating":{"_":"Përditësim"},"updating-ellipsis":{"_":"Përditësim…"},"yesterday":{"_":"Dje"},"today":{"_":"Sot"},"never":{"_":"Kurrë"},"magnitude":{"_":"{{value}} {{unit}}"},"currency":{"_":"{{value}}{{currency}}"},"widget":{"_":"Widget Përdorimi"},"widget-authed-sim-heading":{"_":"U fut kartë SIM {{provider}} e re "},"widget-authed-sim-meta":{"_":"Ndiqni përdorim telefoni dhe interneti."},"widget-nonauthed-sim-heading":{"_":"U fut SIM e re"},"widget-nonauthed-sim-meta":{"_":"Ndiqni përdorim interneti."},"widget-no-sim2-heading":{"_":"Nuk u fut SIM"},"widget-no-sim2-meta":{"_":"Futni një SIM që të aktivizohet Përdorimi."},"widget-sim-locked-heading":{"_":"Kartë SIM e kyçur"},"widget-sim-locked-meta":{"_":"Çkyçni SIM-in që të aktivizohet Përdorimi."},"fte":{"_":"Përdorimi Për Herë të Parë"},"fte-authed-sim":{"_":"Kurseni para duke ndjekur përdorimin tuaj të telefonit dhe internetit."},"fte-nonauthed-sim":{"_":"Kurseni para duke ndjekur përdorimin tuaj të internetit."},"fte-no-sim":{"_":"Merrni të dhëna të qarta se sa internet përdorni."},"fte-sim-info2":{"_":"Të dhënat e treguara te Përdorimin vijnë drejt e nga kjo pajisje. Për të dhëna të hollësishme llogarie, sqarohuni me operatorin e shërbimit tuaj celular."},"fte-plantype-title":{"_":"Lloj Kontrate"},"fte-plantype-hint":{"_":"Përzgjidhni llojin e kontratës që keni me mundësuesin e shërbimit tuaj celular."},"fte-prepaid2-title":{"_":"Sinjalizim Bilanci të Ulët"},"fte-prepaid2-hint":{"_":"Caktoni një sinjalizim që të shmangni mbetjen pa kredit."},"fte-prepaid3-title":{"_":"Njoftim të Dhënash dhe Sinjalizim"},"fte-prepaid3-hint":{"_":"Merrni njoftime mbi përdorimin tuaj të Internetit dhe caktoni një sinjalizim për të shmangur përdorimin e shumtë."},"fte-postpaid2-title":{"_":"Njoftim të Dhënash dhe Telefoni"},"fte-postpaid2-hint":{"_":"Merrni njoftime mbi përdorimin tuaj të Internetit dhe telefonit."},"fte-postpaid3-title":{"_":"Sinjalizim të Dhënash"},"fte-postpaid3-hint":{"_":"Caktoni një sinjalizim që të shmangni përdorimin e shumtë të të dhënave."},"fte-onlydata2-title":{"_":"Njoftim të Dhënash"},"fte-onlydata2-hint":{"_":"Merrni njoftime mbi përdorimin tuaj të telefonit."},"fte-onlydata3-title":{"_":"Sinjalizim të Dhënash"},"fte-onlydata3-hint":{"_":"Caktoni një sinjalizim që të shmangni përdorimin e shumtë të të dhënave."},"phone-activity":{"_":"Veprimtari Telefoni"},"balance":{"_":"Balance"},"on-roaming-message2":{"_":"Roaming: pa përditësim të vetvetishëm të bilancit. Përditësimi dorazi mund të jetë me pagesë."},"balance-error-message2":{"_":"Bilanci nuk u përditësua saktë. Provoni ta përditësoni dorazi."},"airplane-mode-error-message2":{"_":"Çaktivizoni mënyrën aeroplan që të përditësoni bilancin ose të bëni rimbushje."},"disable-airplane-mode":{"_":"Dëshironi të çaktivizohet mënyra aeroplan që të përditësoni ose të bëni rimbushje?"},"no-coverage-error-message2":{"_":"Lypset mbulim telefonik i zonës që të përditësoni bilancin tuaj ose të bëni rimbushje."},"top-up":{"_":"Rimbusheni"},"enter-top-up-code":{"_":"Jepni kod rimbushjeje"},"top-up-code-explanation2":{"_":"Gjendet te karta e rimbushjes ose drejt e te fatura juaj."},"wait-for-confirmation":{"_":"Do të merrni një mesazh ripohimi"},"incorrect-code2":{"_":"Sigurohuni që kodi është i saktë dhe riprovoni."},"topup-error2":{"_":"Pati një problem me dërgimin e kodit. Ju lutemi, riprovoni."},"application-error-title":{"_":"Shërbim i pakapshëm"},"application-error-message":{"_":"Lidhuni me përfaqësuesin e kompanisë"},"service-unavailable-title":{"_":"Shërbim i pakapshëm"},"service-unavailable-message":{"_":"Këtë çast nuk është i mundur as përditësimi, as rimbushja. Ju lutemi, riprovoni më vonë."},"data-usage":{"_":"Përdorim të dhënash"},"update-button":{"_":"Përditësojeni"},"topup-button2":{"_":"Përdor kod rimbushjeje"},"topup-ussd-button2":{"_":"Hap menu rimbushjeje"},"ok":{"_":"OK"},"top-up-in-progress2":{"_":"Rimbushja juaj po kryhet."},"top-up-timed-out2":{"_":"Përditësoni bilancin që ta konfirmoni. Nëse bilanci është i pandryshuar, provoni rimbushjen."},"on-topup-not-confirmed-title":{"_":"Rimbushja nuk u konfirmua."},"on-topup-not-confirmed-message":{"_":"Provoni të përditësoni kreditin ose riprovoni rimbushjen."},"send":{"_":"dërgoje"},"plantype-setup-title":{"_":"Paketa ime për telefon dhe Internet është"},"prepaid":{"_":"E parapaguar"},"postpaid":{"_":"E paguar me postë"},"phoneactivity":{"_":"Veprimtari telefoni"},"short-date-format":{"_":"%d, %b"},"sms-sent":{"_":"SMS të dërguara"},"call-made":{"_":"Thirrje të kryera"},"settings":{"_":"Rregullime"},"low-balance-alert":{"_":"Sinjalizim bilanci të ulët"},"low-balance-explanation2":{"_":"Kur bilanci është më poshtë se"},"phone-and-internet-data-report":{"_":"Njoftim të dhënash telefoni dhe Interneti"},"starting-on":{"_":"Duke filluar nga"},"cancel":{"_":"Anuloje"},"set":{"_":"Caktoje"},"set-day":{"_":"Caktoni ditë"},"set-date":{"_":"Caktoni datë"},"monthly":{"_":"I përmuajshëm"},"weekly":{"_":"I përjavshëm"},"monday":{"_":"E hënë"},"tuesday":{"_":"E martë"},"wednesday":{"_":"E mërkurë"},"thursday":{"_":"E enjte"},"friday":{"_":"E premte"},"saturday":{"_":"E shtunë"},"sunday":{"_":"E diel"},"monday-abbr":{"_":"Hën"},"tuesday-abbr":{"_":"Mar"},"wednesday-abbr":{"_":"Mër"},"thursday-abbr":{"_":"Enj"},"friday-abbr":{"_":"Pre"},"saturday-abbr":{"_":"Sht"},"sunday-abbr":{"_":"Die"},"billing-cycle-ends":{"_":"Cikli i pagesës përfundon"},"tracking-will-reset":{"_":"Ndjekja do të rifillojë në këtë datë"},"yes":{"_":"Po"},"done":{"_":"U bë"},"confirmation":{"_":"Ripohim"},"reset-confirmation-warning":{"_":"Krejt të dhënat e tanishme do të fshihen. Jeni i sigurt se doni të rifillohet?"},"reset":{"_":"Rifilloje"},"reset-wifi":{"_":"Ndiq nga e para përdorimin e Wi-Fi-it"},"reset-mobile":{"_":"Ndiq nga e para përdorimin e celularit"},"reset-all-data-usage":{"_":"Ndiq nga e para të dhëna celulari & Wi-Fi-je"},"not-set":{"_":"E pacaktuar"},"used":{"_":"E përdorur"},"limit-passed":{"_":"U tejkalua kufiri"},"limit":{"_":"Kufi"},"data-limit-header":{"_":"Kufi përdorimi"},"data-limit-alert":{"_":"Sinjalizim përdorimi të dhënash"},"data-limit-value2":{"_":"Kur përdorimi është mbi"},"data-limit-dialog-title2":{"_":"Jepni sinjalizim për kufi të dhënash në celular"},"data-limit-dialog-explanation2":{"_":"Shpejtësia e lidhjeve zvogëlohet, pasi arrihet kufiri. Lidhuni me mundësuesin tuaj të të dhënave që të caktoni një nivel sinjalizimi të përshtatshëm."},"wifi-usage":{"_":"Përdorim Wi-Fi-je"},"mobile-usage":{"_":"Përdorim celulari"},"wifi-usage-settings":{"_":"Përdorim Wi-Fi-je"},"mobile-usage-settings":{"_":"Përdorim celulari"},"im-prepaid":{"_":"Me parapagesë"},"im-postpaid":{"_":"Me paspagesë"},"reset-data-usage":{"_":"Ndiq nga e para përdorim të dhënash"},"reset-report":{"_":"Rifilloje njoftimin nga e para"},"next":{"_":"Pasuesi"},"back":{"_":"Mbrapsht"},"lets-go":{"_":"Shkojmë!"},"alert":{"_":"Sinjalizim"},"alert-limit":{"_":"Kufi Sinjalizimi"},"fte-welcome-title":{"_":"Mirë se vini"},"data-limit-notification-title2":{"_":"Janë përdorur {{limit}} e të dhënave"},"data-limit-notification-text2":{"_":"Keni kapur kufirin që përzgjodhët"},"low-balance-notification-title":{"_":"Bilanc i ulët"},"low-balance-notification-text":{"_":"Ju mbetet ende {{remaining}} kredit telefoni"},"zero-balance-message":{"_":"Bilanci mbërriti në zero, nuk ka më kredit."},"not-available":{"_":"Jo të passhme"},"usage":{"_":"Përdorim"},"internet":{"_":"Internet"},"phone":{"_":"Telefon"},"loading-interface-data":{"_":"Po ngarkohen të dhëna ndërfaqeje. Ju lutemi, riprovoni pas pak."},"chart-date-format":{"_":"%b %e"},"verbose-chart-date-format":{"_":"{{monthday-number}} {{em-month}}"},"day-hour-format":{"_":"{{day}}, {{time}}"},"B":{"_":"B"},"KB":{"_":"KB"},"MB":{"_":"MB"},"GB":{"_":"GB"},"weekday-0-long":{"_":"E diel"},"weekday-1-long":{"_":"E hënë"},"weekday-2-long":{"_":"E martë"},"weekday-3-long":{"_":"E mërkurë"},"weekday-4-long":{"_":"E enjte"},"weekday-5-long":{"_":"E premte"},"weekday-6-long":{"_":"E shtunë"},"weekday-0-short":{"_":"Die"},"weekday-1-short":{"_":"Hën"},"weekday-2-short":{"_":"Mar"},"weekday-3-short":{"_":"Mër"},"weekday-4-short":{"_":"Enj"},"weekday-5-short":{"_":"Pre"},"weekday-6-short":{"_":"Sht"},"month-0-long":{"_":"Janar"},"month-1-long":{"_":"Shkurt"},"month-2-long":{"_":"Mars"},"month-3-long":{"_":"Prill"},"month-4-long":{"_":"Maj"},"month-5-long":{"_":"Qershor"},"month-6-long":{"_":"Korrik"},"month-7-long":{"_":"Gusht"},"month-8-long":{"_":"Shtator"},"month-9-long":{"_":"Tetor"},"month-10-long":{"_":"Nëntor"},"month-11-long":{"_":"Dhjetor"},"month-0-genitive":{"_":"të Janarit"},"month-1-genitive":{"_":"të Shkurtit"},"month-2-genitive":{"_":"të Marsit"},"month-3-genitive":{"_":"të Prillit"},"month-4-genitive":{"_":"të Majit"},"month-5-genitive":{"_":"të Qershorit"},"month-6-genitive":{"_":"të Korrikut"},"month-7-genitive":{"_":"të Gushtit"},"month-8-genitive":{"_":"të Shtatorit"},"month-9-genitive":{"_":"të Tetorit"},"month-10-genitive":{"_":"të Nëntorit"},"month-11-genitive":{"_":"të Dhjetorit"},"month-0-short":{"_":"Jan"},"month-1-short":{"_":"Shk"},"month-2-short":{"_":"Mar"},"month-3-short":{"_":"Pri"},"month-4-short":{"_":"Maj"},"month-5-short":{"_":"Qer"},"month-6-short":{"_":"Kor"},"month-7-short":{"_":"Gus"},"month-8-short":{"_":"Sht"},"month-9-short":{"_":"Tet"},"month-10-short":{"_":"Nën"},"month-11-short":{"_":"Dhj"},"minutes-ago-long":{"_":"{[ plural(value) ]}","_[zero]":"mu tani","_[one]":"një minutë më parë","_[two]":"{{value}} minuta më parë","_[few]":"{{value}} minuta më parë","_[many]":"{{value}} minuta më parë","_[other]":"{{value}} minuta më parë"},"hours-ago-long":{"_":"{[ plural(value) ]}","_[zero]":"mu tani","_[one]":"një orë më parë","_[two]":"{{value}} orë më parë","_[few]":"{{value}} orë më parë","_[many]":"{{value}} orë më parë","_[other]":"{{value}} orë më parë"},"days-ago-long":{"_":"{[ plural(value) ]}","_[zero]":"sot","_[one]":"dje","_[two]":"{{value}} ditë më parë","_[few]":"{{value}} ditë më parë","_[many]":"{{value}} ditë më parë","_[other]":"{{value}} ditë më parë"},"weeks-ago-long":{"_":"{[ plural(value) ]}","_[zero]":"këtë javë","_[one]":"javën e kaluar","_[two]":"{{value}} javë më parë","_[few]":"{{value}} javë më parë","_[many]":"{{value}} javë më parë","_[other]":"{{value}} javë më parë"},"months-ago-long":{"_":"{[ plural(value) ]}","_[zero]":"këtë muaj","_[one]":"muajin e kaluar","_[two]":"{{value}} muaj më parë","_[few]":"{{value}} muaj më parë","_[many]":"{{value}} muaj më parë","_[other]":"{{value}} muaj më parë"},"years-ago-long":{"_":"{[ plural(value) ]}","_[zero]":"këtë vit","_[one]":"vitin e kaluar","_[two]":"{{value}} vite më parë","_[few]":"{{value}} vite më parë","_[many]":"{{value}} vite më parë","_[other]":"{{value}} vite më parë"},"minutes-until-long":{"_":"{[ plural(value) ]}","_[zero]":"tani","_[one]":"për një minutë","_[two]":"për {{value}} minuta","_[few]":"për {{value}} minuta","_[many]":"për {{value}} minuta","_[other]":"për {{value}} minuta"},"hours-until-long":{"_":"{[ plural(value) ]}","_[zero]":"tani","_[one]":"për një orë","_[two]":"për {{value}} orë","_[few]":"për {{value}} orë","_[many]":"për {{value}} orë","_[other]":"për {{value}} orë"},"days-until-long":{"_":"{[ plural(value) ]}","_[zero]":"sot","_[one]":"nesër","_[two]":"për {{value}} ditë","_[few]":"për {{value}} ditë","_[many]":"për {{value}} ditë","_[other]":"për {{value}} ditë"},"weeks-until-long":{"_":"{[ plural(value) ]}","_[zero]":"këtë javë","_[one]":"javën pasuese","_[two]":"për {{value}} javë","_[few]":"për {{value}} javë","_[many]":"për {{value}} javë","_[other]":"për {{value}} javë"},"months-until-long":{"_":"{[ plural(value) ]}","_[zero]":"këtë muaj","_[one]":"muajin pasues","_[two]":"për {{value}} muaj","_[few]":"për {{value}} muaj","_[many]":"për {{value}} muaj","_[other]":"për {{value}} muaj"},"years-until-long":{"_":"{[ plural(value) ]}","_[zero]":"këtë vit","_[one]":"vitin pasues","_[two]":"për {{value}} vjet","_[few]":"për {{value}} vjet","_[many]":"për {{value}} vjet","_[other]":"për {{value}} vjet"},"minutes-ago-short":{"_":"{[ plural(value) ]}","_[zero]":"mu tani","_[other]":"{{value}}m më parë"},"hours-ago-short":{"_":"{[ plural(value) ]}","_[zero]":"mu tani","_[other]":"{{value}}h më parë"},"days-ago-short":{"_":"{[ plural(value) ]}","_[zero]":"sot","_[other]":"{{value}}d më parë"},"minutes-until-short":{"_":"{[ plural(value) ]}","_[zero]":"tani","_[other]":"për {{value}}m"},"hours-until-short":{"_":"{[ plural(value) ]}","_[zero]":"tani","_[other]":"për {{value}}h"},"days-until-short":{"_":"{[ plural(value) ]}","_[zero]":"sot","_[other]":"për {{value}}d"},"incorrectDate":{"_":"(datë e pasaktë)"},"dateTimeFormat_%c":{"_":"%a %e %b %Y %I:%M:%S %p"},"dateTimeFormat_%x":{"_":"%m/%d/%Y"},"dateTimeFormat_%X":{"_":"%I:%M:%S %p"},"shortTimeFormat":{"_":"%I:%M %p"},"shortDateTimeFormat":{"_":"%x %I:%M %p"},"weekStartsOnMonday":{"_":"0"},"time_am":{"_":"AM"},"time_pm":{"_":"PM"}}