{"topup-confirmation-title2":{"_":"Контрола трошкова"},"topup-confirmation-message":{"_":"Допуна кодом потврђена"},"topup-incorrectcode-title2":{"_":"Контрола трошкова"},"topup-incorrectcode-message3":{"_":"Унели сте неисправан код за допуну"},"updating":{"_":"Ажурирање"},"updating-ellipsis":{"_":"Ажурирам…"},"yesterday":{"_":"Јуче"},"today":{"_":"Данас"},"never":{"_":"Никад"},"magnitude":{"_":"{{value}} {{unit}}"},"currency":{"_":"{{value}} {{currency}}"},"widget":{"_":"Widget контроле трошкова"},"widget-authed-sim-heading":{"_":"Нова {{provider}} SIM картица је убачена"},"widget-authed-sim-meta":{"_":"Отпочни праћење телефона и пренос података на интернету."},"widget-nonauthed-sim-heading":{"_":"Нова SIM картица је убачена"},"widget-nonauthed-sim-meta":{"_":"Почни праћење преноса података."},"widget-no-sim2-heading":{"_":"Нема SIM картице"},"widget-no-sim2-meta":{"_":"Убаците SIM картицу."},"widget-sim-locked-heading":{"_":"Закључана SIM картица"},"widget-sim-locked-meta":{"_":"Откључајте SIM картицу."},"fte":{"_":"Први утисци о апликацији"},"fte-authed-sim":{"_":"Уштедите новац пратећи коришћење телефона и интернета."},"fte-nonauthed-sim":{"_":"Уштедите новац пратећи коришћење интернета."},"fte-no-sim":{"_":"Сазнајте колико тачно користите интернет."},"fte-sim-info2":{"_":"Информације приказане у конторли трошкова долазе директно са уређаја који користите. За детаљније информације контактирајте свог мрежног оператера."},"fte-plantype-title":{"_":"Врста уговора"},"fte-plantype-hint":{"_":"Изаберите врсту уговора са Вашим мрежним оператером."},"fte-prepaid2-title":{"_":"Упозорење о стању на рачуну"},"fte-prepaid2-hint":{"_":"Поставите упозорење како не бисте остали без средстава на рачуну."},"fte-prepaid3-title":{"_":"Извештаји и упозорења о размени података"},"fte-prepaid3-hint":{"_":"Примајте извештаје о употреби интернета и поставите упозорења за избегавање прекомерне употребе."},"fte-postpaid2-title":{"_":"Извештај о употреби телефона и података"},"fte-postpaid2-hint":{"_":"Примај извештаје о употреби телефона и интернета."},"fte-postpaid3-title":{"_":"Упозорење размене података"},"fte-postpaid3-hint":{"_":"Поставите упозорење да бисте избегли прекомерну размену података."},"fte-onlydata2-title":{"_":"Извештај података"},"fte-onlydata2-hint":{"_":"Примајте извештаје о употреби интернета."},"fte-onlydata3-title":{"_":"Упозорење података"},"fte-onlydata3-hint":{"_":"Поставите упозорење да бисте избегли прекомерну размену података."},"phone-activity":{"_":"Активност телефона"},"balance":{"_":"Стање рачуна"},"on-roaming-message2":{"_":"Роминг: нема аутоматске провере стања на рачуну. Постоји могућност да ће доћи до наплате уколико проверите ручно."},"balance-error-message2":{"_":"Стање на рачуну није успешно утврђено. Покушајте ручно."},"airplane-mode-error-message2":{"_":"Искључите режим рада у авиону да бисте проверили стање или допунили кредит."},"disable-airplane-mode":{"_":"Да ли желите да онемогућите режим рада у авиону како бисте проверили стање или допунили рачун?"},"no-coverage-error-message2":{"_":"Потребна је мобилна мрежа да бисте проверили или допунили кредит."},"top-up":{"_":"Допуна кредитом"},"enter-top-up-code":{"_":"Унесите код за допуну"},"top-up-code-explanation2":{"_":"Пронађите га на греб-греб картици или на рачуну који сте добили."},"wait-for-confirmation":{"_":"Добићете поруку као потврду"},"incorrect-code2":{"_":"Проверите исправност кода и покушајте поново."},"topup-error2":{"_":"Дошло је до грешке приликом слања кода. Молим Вас да покушате поново."},"application-error-title":{"_":"Услуга није доступна"},"application-error-message":{"_":"Контактирајте подршку"},"service-unavailable-title":{"_":"Услуга није доступна"},"service-unavailable-message":{"_":"Ажурирање и допуна кодом тренутно нису могући. Молим Вас покушајте касније."},"data-usage":{"_":"Количина преузетих података"},"update-button":{"_":"Ажурирај"},"topup-button2":{"_":"Користите код за допуну"},"topup-ussd-button2":{"_":"Отворите мени за допуну"},"ok":{"_":"У реду"},"top-up-in-progress2":{"_":"Ваша допуна се процесира."},"top-up-timed-out2":{"_":"Допуните кредит како бисте потврдили. Уколико немате кредита, покушајте га поново допунити."},"on-topup-not-confirmed-title":{"_":"Допуна није потврђена"},"on-topup-not-confirmed-message":{"_":"Покушајте да ажурирате Ваше стање, или поново допуните Ваш телефон."},"send":{"_":"пошаљи"},"plantype-setup-title":{"_":"Мој телефон и интернет пакет је"},"prepaid":{"_":"Припејд"},"postpaid":{"_":"Постпејд"},"phoneactivity":{"_":"Активност телефона"},"short-date-format":{"_":"%d %b "},"sms-sent":{"_":"Послата SMS порука"},"call-made":{"_":"Обављени позиви"},"settings":{"_":"Поставке"},"low-balance-alert":{"_":"Упозорење о кредиту"},"low-balance-explanation2":{"_":"Када је стање на рачуну испод"},"phone-and-internet-data-report":{"_":"Извештај о употреби телефона и интернета"},"starting-on":{"_":"Почетак"},"cancel":{"_":"Откажи"},"set":{"_":"Подеси"},"set-day":{"_":"Подеси дан"},"set-date":{"_":"Подеси датум"},"monthly":{"_":"Месечно"},"weekly":{"_":"Недељно"},"monday":{"_":"Понедељак"},"tuesday":{"_":"Уторак"},"wednesday":{"_":"Среда"},"thursday":{"_":"Четвртак"},"friday":{"_":"Петак"},"saturday":{"_":"Субота"},"sunday":{"_":"Недеља"},"monday-abbr":{"_":"Пон"},"tuesday-abbr":{"_":"Уто"},"wednesday-abbr":{"_":"Сре"},"thursday-abbr":{"_":"Чет"},"friday-abbr":{"_":"Пет"},"saturday-abbr":{"_":"Суб"},"sunday-abbr":{"_":"Нед"},"billing-cycle-ends":{"_":"Наплата се завршава"},"tracking-will-reset":{"_":"Праћење се обнавља овог датума"},"yes":{"_":"Да"},"done":{"_":"Завршено"},"confirmation":{"_":"Потврда"},"reset-confirmation-warning":{"_":"Сви тренутни подаци ће бити избрисани. Да ли сте сигурни да желите да обришете?"},"reset":{"_":"Ресетуј"},"reset-wifi":{"_":"Ресетуј Wi-Fi потрошњу"},"reset-mobile":{"_":"Ресетуј потрошњу мобилних података"},"reset-all-data-usage":{"_":"Ресетуј потрошње моб. & Wi-Fi података"},"not-set":{"_":"Није подешено"},"used":{"_":"Искоришћено"},"limit-passed":{"_":"Ограничење је прекорачено"},"limit":{"_":"Ограничење"},"data-limit-header":{"_":"Ограничење"},"data-limit-alert":{"_":"Упозорење употребе података"},"data-limit-value2":{"_":"Када прекорачим"},"data-limit-dialog-title2":{"_":"Унесите ограничење мобилних података за упозорење"},"data-limit-dialog-explanation2":{"_":"Брзина везе се смањује после досезања ограничења. Проверите са оператером како да наместите ниво узбуне."},"wifi-usage":{"_":"Wi-Fi"},"mobile-usage":{"_":"Мобилне мреже"},"wifi-usage-settings":{"_":"Wi-Fi"},"mobile-usage-settings":{"_":"Мобилне мреже"},"im-prepaid":{"_":"Припејд"},"im-postpaid":{"_":"Постпејд "},"reset-data-usage":{"_":"Ресетуј праћење"},"reset-report":{"_":"Ресетуј извештај"},"next":{"_":"Следеће"},"back":{"_":"Прeтходно"},"lets-go":{"_":"Идемо!"},"alert":{"_":"Упозорење"},"alert-limit":{"_":"Упозорење ограничења"},"fte-welcome-title":{"_":"Добродошли"},"data-limit-notification-title2":{"_":"{{limit}} података искоришћено"},"data-limit-notification-text2":{"_":"Достигли сте ограничење"},"low-balance-notification-title":{"_":"Понестаје Вам кредита"},"low-balance-notification-text":{"_":"{{remaining}} кредита је преостало"},"zero-balance-message":{"_":"Немате више кредита."},"not-available":{"_":"Није доступно"},"usage":{"_":"Контрола трошкова"},"internet":{"_":"Интернет"},"phone":{"_":"Телефон"},"loading-interface-data":{"_":"Учитавам податке интерфејса. Молим Вас покушајте касније."},"chart-date-format":{"_":"%e %b"},"verbose-chart-date-format":{"_":"{{em-month}} {{monthday-number}} "},"day-hour-format":{"_":"{{day}}, {{time}}"},"B":{"_":"B"},"KB":{"_":"KB"},"MB":{"_":"MB"},"GB":{"_":"GB"},"widget-airplane-mode-heading":{"_":"Режим у авиону"},"widget-airplane-mode-meta":{"_":"Молимо Вас, искључите режим рада у авиону да бисте користили контролу трошкова."},"weekday-0-long":{"_":"Недеља"},"weekday-1-long":{"_":"Понедељак"},"weekday-2-long":{"_":"Уторак"},"weekday-3-long":{"_":"Среда"},"weekday-4-long":{"_":"Четвртак"},"weekday-5-long":{"_":"Петак"},"weekday-6-long":{"_":"Субота"},"weekday-0-short":{"_":"Нед"},"weekday-1-short":{"_":"Пон"},"weekday-2-short":{"_":"Уто"},"weekday-3-short":{"_":"Сре"},"weekday-4-short":{"_":"Чет"},"weekday-5-short":{"_":"Пет"},"weekday-6-short":{"_":"Суб"},"month-0-long":{"_":"јануар"},"month-1-long":{"_":"фебруар"},"month-2-long":{"_":"март"},"month-3-long":{"_":"април"},"month-4-long":{"_":"мај"},"month-5-long":{"_":"јун"},"month-6-long":{"_":"јул"},"month-7-long":{"_":"август"},"month-8-long":{"_":"септембар"},"month-9-long":{"_":"октобар"},"month-10-long":{"_":"новембар"},"month-11-long":{"_":"децембар"},"month-0-genitive":{"_":"јануара"},"month-1-genitive":{"_":"фебруара"},"month-2-genitive":{"_":"марта"},"month-3-genitive":{"_":"априла"},"month-4-genitive":{"_":"маја"},"month-5-genitive":{"_":"јуна"},"month-6-genitive":{"_":"јула"},"month-7-genitive":{"_":"августа"},"month-8-genitive":{"_":"септембра"},"month-9-genitive":{"_":"октобра"},"month-10-genitive":{"_":"новембра"},"month-11-genitive":{"_":"децембра"},"month-0-short":{"_":"јан"},"month-1-short":{"_":"феб"},"month-2-short":{"_":"мар"},"month-3-short":{"_":"апр"},"month-4-short":{"_":"мај"},"month-5-short":{"_":"јун"},"month-6-short":{"_":"јул"},"month-7-short":{"_":"авг"},"month-8-short":{"_":"сеп"},"month-9-short":{"_":"окт"},"month-10-short":{"_":"нов"},"month-11-short":{"_":"дец"},"minutes-ago-long":{"_":"{[ plural(value) ]}","_[zero]":"управо","_[one]":"пре минут","_[two]":"пре {{value}} минута","_[few]":"пре {{value}} минута","_[many]":"пре {{value}} минута","_[other]":"пре {{value}} минута"},"hours-ago-long":{"_":"{[ plural(value) ]}","_[zero]":"управо","_[one]":"пре сат времена","_[two]":"пре {{value}} сата","_[few]":"пре {{value}} сати","_[many]":"пре {{value}} сати","_[other]":"пре {{value}} сати"},"days-ago-long":{"_":"{[ plural(value) ]}","_[zero]":"данас","_[one]":"јуче","_[two]":"пре {{value}} дана","_[few]":"пре {{value}} дана","_[many]":"пре {{value}} дана","_[other]":"пре {{value}} дана"},"weeks-ago-long":{"_":"{[ plural(value) ]}","_[zero]":"ове недеље","_[one]":"прошле недеље","_[two]":"пре {{value}} недеље","_[few]":"пре {{value}} недеља","_[many]":"пре {{value}} недеља","_[other]":"пре {{value}} недеља"},"months-ago-long":{"_":"{[ plural(value) ]}","_[zero]":"овог месеца","_[one]":"прошлог месеца","_[two]":"пре {{value}} месеца","_[few]":"пре {{value}} месеци","_[many]":"пре {{value}} месеци","_[other]":"пре {{value}} месеци"},"years-ago-long":{"_":"{[ plural(value) ]}","_[zero]":"ове године","_[one]":"прошле године","_[two]":"пре {{value}} године","_[few]":"пре {{value}} година","_[many]":"пре {{value}} година","_[other]":"пре {{value}} година"},"minutes-until-long":{"_":"{[ plural(value) ]}","_[zero]":"управо","_[one]":"за један минут","_[two]":"за {{value}} минута","_[few]":"за {{value}} минута","_[many]":"за {{value}} минута","_[other]":"за {{value}} минута"},"hours-until-long":{"_":"{[ plural(value) ]}","_[zero]":"управо","_[one]":"за сат времена","_[two]":"за {{value}} сата","_[few]":"за {{value}} сати","_[many]":"за {{value}} сати","_[other]":"за {{value}} сати"},"days-until-long":{"_":"{[ plural(value) ]}","_[zero]":"данас","_[one]":"сутра","_[two]":"за {{value}} дана","_[few]":"за {{value}} дана","_[many]":"за {{value}} дана","_[other]":"за {{value}} дана"},"weeks-until-long":{"_":"{[ plural(value) ]}","_[zero]":"ове недеље","_[one]":"следеће недеље","_[two]":"за {{value}} недеље","_[few]":"за {{value}} недеља","_[many]":"за {{value}} недеља","_[other]":"за {{value}} недеља"},"months-until-long":{"_":"{[ plural(value) ]}","_[zero]":"овог месеца","_[one]":"следећег месеца","_[two]":"за {{value}} месеца","_[few]":"за {{value}} месеци","_[many]":"за {{value}} месеци","_[other]":"за {{value}} месеци"},"years-until-long":{"_":"{[ plural(value) ]}","_[zero]":"ове године","_[one]":"следеће године","_[two]":"за {{value}} године","_[few]":"за {{value}} година","_[many]":"за {{value}} година","_[other]":"за {{value}} година"},"minutes-ago-short":{"_":"{[ plural(value) ]}","_[zero]":"управо","_[other]":"пре {{value}}м"},"hours-ago-short":{"_":"{[ plural(value) ]}","_[zero]":"управо","_[other]":"пре {{value}}с"},"days-ago-short":{"_":"{[ plural(value) ]}","_[zero]":"данас","_[other]":"пре {{value}}д"},"minutes-until-short":{"_":"{[ plural(value) ]}","_[zero]":"управо","_[other]":"за {{value}}м"},"hours-until-short":{"_":"{[ plural(value) ]}","_[zero]":"управо","_[other]":"за {{value}}с"},"days-until-short":{"_":"{[ plural(value) ]}","_[zero]":"данас","_[other]":"за {{value}}д"},"incorrectDate":{"_":"(нетачан датум)"},"dateTimeFormat_%c":{"_":"%a %e %b %Y %H:%M:%S"},"dateTimeFormat_%x":{"_":"%d.%m.%Y"},"dateTimeFormat_%X":{"_":"%H:%M:%S"},"shortTimeFormat":{"_":"%H:%M"},"shortDateTimeFormat":{"_":"%x %H:%M"},"weekStartsOnMonday":{"_":"1"},"time_am":{"_":"AM"},"time_pm":{"_":"PM"}}