{"topup-confirmation-title2":{"_":"Kontrola troškova"},"topup-confirmation-message":{"_":"Dopuna kodom potvrđena"},"topup-incorrectcode-title2":{"_":"Kontrola troškova"},"topup-incorrectcode-message3":{"_":"Uneli ste neispravan kod za dopunu"},"updating":{"_":"Ažuriranje"},"updating-ellipsis":{"_":"Ažuriram…"},"yesterday":{"_":"Juče"},"today":{"_":"Danas"},"never":{"_":"Nikad"},"magnitude":{"_":"{{value}} {{unit}}"},"currency":{"_":"{{value}} {{currency}}"},"widget":{"_":"Widget kontrole troškova"},"widget-authed-sim-heading":{"_":"Nova {{provider}} SIM kartica je ubačena"},"widget-authed-sim-meta":{"_":"Otpočni praćenje telefona i prenos podataka na internetu."},"widget-nonauthed-sim-heading":{"_":"Nova SIM kartica je ubačena"},"widget-nonauthed-sim-meta":{"_":"Počni praćenje prenosa podataka."},"widget-no-sim2-heading":{"_":"Nema SIM kartice"},"widget-no-sim2-meta":{"_":"Ubacite SIM karticu."},"widget-sim-locked-heading":{"_":"Zaključana SIM kartica"},"widget-sim-locked-meta":{"_":"Otključajte SIM karticu."},"fte":{"_":"Prvi utisci o aplikaciji"},"fte-authed-sim":{"_":"Uštedite novac prateći korišćenje telefona i interneta."},"fte-nonauthed-sim":{"_":"Uštedite novac prateći korišćenje interneta."},"fte-no-sim":{"_":"Saznajte koliko tačno koristite internet."},"fte-sim-info2":{"_":"Informacije prikazane u kontorli troškova dolaze direktno sa uređaja koji koristite. Za detaljnije informacije kontaktirajte svog mrežnog operatera."},"fte-plantype-title":{"_":"Vrsta ugovora"},"fte-plantype-hint":{"_":"Izaberite vrstu ugovora sa Vašim mrežnim operaterom."},"fte-prepaid2-title":{"_":"Upozorenje o stanju na računu"},"fte-prepaid2-hint":{"_":"Postavite upozorenje kako ne biste ostali bez sredstava na računu."},"fte-prepaid3-title":{"_":"Izveštaji i upozorenja o razmeni podataka"},"fte-prepaid3-hint":{"_":"Primajte izveštaje o upotrebi interneta i postavite upozorenja za izbegavanje prekomerne upotrebe."},"fte-postpaid2-title":{"_":"Izveštaj o upotrebi telefona i podataka"},"fte-postpaid2-hint":{"_":"Primaj izveštaje o upotrebi telefona i interneta."},"fte-postpaid3-title":{"_":"Upozorenje razmene podataka"},"fte-postpaid3-hint":{"_":"Postavite upozorenje da biste izbegli prekomernu razmenu podataka."},"fte-onlydata2-title":{"_":"Izveštaj podataka"},"fte-onlydata2-hint":{"_":"Primajte izveštaje o upotrebi interneta."},"fte-onlydata3-title":{"_":"Upozorenje podataka"},"fte-onlydata3-hint":{"_":"Postavite upozorenje da biste izbegli prekomernu razmenu podataka."},"phone-activity":{"_":"Aktivnost telefona"},"balance":{"_":"Stanje računa"},"on-roaming-message2":{"_":"Roming: nema automatske provere stanja na računu. Postoji mogućnost da će doći do naplate ukoliko proverite ručno."},"balance-error-message2":{"_":"Stanje na računu nije uspešno utvrđeno. Pokušajte ručno."},"airplane-mode-error-message2":{"_":"Isključite režim rada u avionu da biste proverili stanje ili dopunili kredit."},"disable-airplane-mode":{"_":"Da li želite da onemogućite režim rada u avionu kako biste proverili stanje ili dopunili račun?"},"no-coverage-error-message2":{"_":"Potrebna je mobilna mreža da biste proverili ili dopunili kredit."},"top-up":{"_":"Dopuna kreditom"},"enter-top-up-code":{"_":"Unesite kod za dopunu"},"top-up-code-explanation2":{"_":"Pronađite ga na greb-greb kartici ili na računu koji ste dobili."},"wait-for-confirmation":{"_":"Dobićete poruku kao potvrdu"},"incorrect-code2":{"_":"Proverite ispravnost koda i pokušajte ponovo."},"topup-error2":{"_":"Došlo je do greške prilikom slanja koda. Molim Vas da pokušate ponovo."},"application-error-title":{"_":"Usluga nije dostupna"},"application-error-message":{"_":"Kontaktirajte podršku"},"service-unavailable-title":{"_":"Usluga nije dostupna"},"service-unavailable-message":{"_":"Ažuriranje i dopuna kodom trenutno nisu mogući. Molim Vas pokušajte kasnije."},"data-usage":{"_":"Količina preuzetih podataka"},"update-button":{"_":"Ažuriraj"},"topup-button2":{"_":"Koristite kod za dopunu"},"topup-ussd-button2":{"_":"Otvorite meni za dopunu"},"ok":{"_":"U redu"},"top-up-in-progress2":{"_":"Vaša dopuna se procesira."},"top-up-timed-out2":{"_":"Dopunite kredit kako biste potvrdili. Ukoliko nemate kredita, pokušajte ga ponovo dopuniti."},"on-topup-not-confirmed-title":{"_":"Dopuna nije potvrđena"},"on-topup-not-confirmed-message":{"_":"Pokušajte da ažurirate Vaše stanje, ili ponovo dopunite Vaš telefon."},"send":{"_":"pošalji"},"plantype-setup-title":{"_":"Moj telefon i internet paket je"},"prepaid":{"_":"Pripejd"},"postpaid":{"_":"Postpejd"},"phoneactivity":{"_":"Aktivnost telefona"},"short-date-format":{"_":"%d %b "},"sms-sent":{"_":"Poslata SMS poruka"},"call-made":{"_":"Obavljeni pozivi"},"settings":{"_":"Postavke"},"low-balance-alert":{"_":"Upozorenje o kreditu"},"low-balance-explanation2":{"_":"Kada je stanje na računu ispod"},"phone-and-internet-data-report":{"_":"Izveštaj o upotrebi telefona i interneta"},"starting-on":{"_":"Početak"},"cancel":{"_":"Otkaži"},"set":{"_":"Podesi"},"set-day":{"_":"Podesi dan"},"set-date":{"_":"Podesi datum"},"monthly":{"_":"Mesečno"},"weekly":{"_":"Nedeljno"},"monday":{"_":"Ponedeljak"},"tuesday":{"_":"Utorak"},"wednesday":{"_":"Sreda"},"thursday":{"_":"Četvrtak"},"friday":{"_":"Petak"},"saturday":{"_":"Subota"},"sunday":{"_":"Nedelja"},"monday-abbr":{"_":"Pon"},"tuesday-abbr":{"_":"Uto"},"wednesday-abbr":{"_":"Sre"},"thursday-abbr":{"_":"Čet"},"friday-abbr":{"_":"Pet"},"saturday-abbr":{"_":"Sub"},"sunday-abbr":{"_":"Ned"},"billing-cycle-ends":{"_":"Naplata se završava"},"tracking-will-reset":{"_":"Praćenje se obnavlja ovog datuma"},"yes":{"_":"Da"},"done":{"_":"Završeno"},"confirmation":{"_":"Potvrda"},"reset-confirmation-warning":{"_":"Svi trenutni podaci će biti izbrisani. Da li ste sigurni da želite da obrišete?"},"reset":{"_":"Resetuj"},"reset-wifi":{"_":"Resetuj Wi-Fi potrošnju"},"reset-mobile":{"_":"Resetuj potrošnju mobilnih podataka"},"reset-all-data-usage":{"_":"Resetuj potrošnje mob. & Wi-Fi podataka"},"not-set":{"_":"Nije podešeno"},"used":{"_":"Iskorišćeno"},"limit-passed":{"_":"Ograničenje je prekoračeno"},"limit":{"_":"Ograničenje"},"data-limit-header":{"_":"Ograničenje"},"data-limit-alert":{"_":"Upozorenje upotrebe podataka"},"data-limit-value2":{"_":"Kada prekoračim"},"data-limit-dialog-title2":{"_":"Unesite ograničenje mobilnih podataka za upozorenje"},"data-limit-dialog-explanation2":{"_":"Brzina veze se smanjuje posle dosezanja ograničenja. Proverite sa operaterom kako da namestite nivo uzbune."},"wifi-usage":{"_":"Wi-Fi"},"mobile-usage":{"_":"Mobilne mreže"},"wifi-usage-settings":{"_":"Wi-Fi"},"mobile-usage-settings":{"_":"Mobilne mreže"},"im-prepaid":{"_":"Pripejd"},"im-postpaid":{"_":"Postpejd "},"reset-data-usage":{"_":"Resetuj praćenje"},"reset-report":{"_":"Resetuj izveštaj"},"next":{"_":"Sledeće"},"back":{"_":"Prethodno"},"lets-go":{"_":"Idemo!"},"alert":{"_":"Upozorenje"},"alert-limit":{"_":"Upozorenje ograničenja"},"fte-welcome-title":{"_":"Dobrodošli"},"data-limit-notification-title2":{"_":"{{limit}} podataka iskorišćeno"},"data-limit-notification-text2":{"_":"Dostigli ste ograničenje"},"low-balance-notification-title":{"_":"Ponestaje Vam kredita"},"low-balance-notification-text":{"_":"{{remaining}} kredita je preostalo"},"zero-balance-message":{"_":"Nemate više kredita."},"not-available":{"_":"Nije dostupno"},"usage":{"_":"Kontrola troškova"},"internet":{"_":"Internet"},"phone":{"_":"Telefon"},"loading-interface-data":{"_":"Učitavam podatke interfejsa. Molim Vas pokušajte kasnije."},"chart-date-format":{"_":"%e %b"},"verbose-chart-date-format":{"_":"{{em-month}} {{monthday-number}} "},"day-hour-format":{"_":"{{day}}, {{time}}"},"B":{"_":"B"},"KB":{"_":"KB"},"MB":{"_":"MB"},"GB":{"_":"GB"},"widget-airplane-mode-heading":{"_":"Režim u avionu"},"widget-airplane-mode-meta":{"_":"Molimo Vas, isključite režim rada u avionu da biste koristili kontrolu troškova."},"weekday-0-long":{"_":"Nedelja"},"weekday-1-long":{"_":"Ponedeljak"},"weekday-2-long":{"_":"Utorak"},"weekday-3-long":{"_":"Sreda"},"weekday-4-long":{"_":"Četvrtak"},"weekday-5-long":{"_":"Petak"},"weekday-6-long":{"_":"Subota"},"weekday-0-short":{"_":"Ned"},"weekday-1-short":{"_":"Pon"},"weekday-2-short":{"_":"Uto"},"weekday-3-short":{"_":"Sre"},"weekday-4-short":{"_":"Čet"},"weekday-5-short":{"_":"Pet"},"weekday-6-short":{"_":"Sub"},"month-0-long":{"_":"januar"},"month-1-long":{"_":"februar"},"month-2-long":{"_":"mart"},"month-3-long":{"_":"april"},"month-4-long":{"_":"maj"},"month-5-long":{"_":"jun"},"month-6-long":{"_":"jul"},"month-7-long":{"_":"avgust"},"month-8-long":{"_":"septembar"},"month-9-long":{"_":"oktobar"},"month-10-long":{"_":"novembar"},"month-11-long":{"_":"decembar"},"month-0-genitive":{"_":"januara"},"month-1-genitive":{"_":"februara"},"month-2-genitive":{"_":"marta"},"month-3-genitive":{"_":"aprila"},"month-4-genitive":{"_":"maja"},"month-5-genitive":{"_":"juna"},"month-6-genitive":{"_":"jula"},"month-7-genitive":{"_":"avgusta"},"month-8-genitive":{"_":"septembra"},"month-9-genitive":{"_":"oktobra"},"month-10-genitive":{"_":"novembra"},"month-11-genitive":{"_":"decembra"},"month-0-short":{"_":"jan"},"month-1-short":{"_":"feb"},"month-2-short":{"_":"mar"},"month-3-short":{"_":"apr"},"month-4-short":{"_":"maj"},"month-5-short":{"_":"jun"},"month-6-short":{"_":"jul"},"month-7-short":{"_":"avg"},"month-8-short":{"_":"sep"},"month-9-short":{"_":"okt"},"month-10-short":{"_":"nov"},"month-11-short":{"_":"dec"},"minutes-ago-long":{"_":"{[ plural(value) ]}","_[zero]":"upravo","_[one]":"pre minut","_[two]":"pre {{value}} minuta","_[few]":"pre {{value}} minuta","_[many]":"pre {{value}} minuta","_[other]":"pre {{value}} minuta"},"hours-ago-long":{"_":"{[ plural(value) ]}","_[zero]":"upravo","_[one]":"pre sat vremena","_[two]":"pre {{value}} sata","_[few]":"pre {{value}} sati","_[many]":"pre {{value}} sati","_[other]":"pre {{value}} sati"},"days-ago-long":{"_":"{[ plural(value) ]}","_[zero]":"danas","_[one]":"juče","_[two]":"pre {{value}} dana","_[few]":"pre {{value}} dana","_[many]":"pre {{value}} dana","_[other]":"pre {{value}} dana"},"weeks-ago-long":{"_":"{[ plural(value) ]}","_[zero]":"ove nedelje","_[one]":"prošle nedelje","_[two]":"pre {{value}} nedelje","_[few]":"pre {{value}} nedelja","_[many]":"pre {{value}} nedelja","_[other]":"pre {{value}} nedelja"},"months-ago-long":{"_":"{[ plural(value) ]}","_[zero]":"ovog meseca","_[one]":"prošlog meseca","_[two]":"pre {{value}} meseca","_[few]":"pre {{value}} meseci","_[many]":"pre {{value}} meseci","_[other]":"pre {{value}} meseci"},"years-ago-long":{"_":"{[ plural(value) ]}","_[zero]":"ove godine","_[one]":"prošle godine","_[two]":"pre {{value}} godine","_[few]":"pre {{value}} godina","_[many]":"pre {{value}} godina","_[other]":"pre {{value}} godina"},"minutes-until-long":{"_":"{[ plural(value) ]}","_[zero]":"upravo","_[one]":"za jedan minut","_[two]":"za {{value}} minuta","_[few]":"za {{value}} minuta","_[many]":"za {{value}} minuta","_[other]":"za {{value}} minuta"},"hours-until-long":{"_":"{[ plural(value) ]}","_[zero]":"upravo","_[one]":"za sat vremena","_[two]":"za {{value}} sata","_[few]":"za {{value}} sati","_[many]":"za {{value}} sati","_[other]":"za {{value}} sati"},"days-until-long":{"_":"{[ plural(value) ]}","_[zero]":"danas","_[one]":"sutra","_[two]":"za {{value}} dana","_[few]":"za {{value}} dana","_[many]":"za {{value}} dana","_[other]":"za {{value}} dana"},"weeks-until-long":{"_":"{[ plural(value) ]}","_[zero]":"ove nedelje","_[one]":"sledeće nedelje","_[two]":"za {{value}} nedelje","_[few]":"za {{value}} nedelja","_[many]":"za {{value}} nedelja","_[other]":"za {{value}} nedelja"},"months-until-long":{"_":"{[ plural(value) ]}","_[zero]":"ovog meseca","_[one]":"sledećeg meseca","_[two]":"za {{value}} meseca","_[few]":"za {{value}} meseci","_[many]":"za {{value}} meseci","_[other]":"za {{value}} meseci"},"years-until-long":{"_":"{[ plural(value) ]}","_[zero]":"ove godine","_[one]":"sledeće godine","_[two]":"za {{value}} godine","_[few]":"za {{value}} godina","_[many]":"za {{value}} godina","_[other]":"za {{value}} godina"},"minutes-ago-short":{"_":"{[ plural(value) ]}","_[zero]":"upravo","_[other]":"pre {{value}}m"},"hours-ago-short":{"_":"{[ plural(value) ]}","_[zero]":"upravo","_[other]":"pre {{value}}s"},"days-ago-short":{"_":"{[ plural(value) ]}","_[zero]":"danas","_[other]":"pre {{value}}d"},"minutes-until-short":{"_":"{[ plural(value) ]}","_[zero]":"upravo","_[other]":"za {{value}}m"},"hours-until-short":{"_":"{[ plural(value) ]}","_[zero]":"upravo","_[other]":"za {{value}}s"},"days-until-short":{"_":"{[ plural(value) ]}","_[zero]":"danas","_[other]":"za {{value}}d"},"incorrectDate":{"_":"(netačan datum)"},"dateTimeFormat_%c":{"_":"%a %e %b %Y %H:%M:%S"},"dateTimeFormat_%x":{"_":"%d.%m.%Y"},"dateTimeFormat_%X":{"_":"%H:%M:%S"},"shortTimeFormat":{"_":"%H:%M"},"shortDateTimeFormat":{"_":"%x %H:%M"},"weekStartsOnMonday":{"_":"1"},"time_am":{"_":"AM"},"time_pm":{"_":"PM"}}