{"topup-confirmation-title2":{"_":"Förbrukning"},"topup-confirmation-message":{"_":"Påfyllning bekräftad"},"topup-incorrectcode-title2":{"_":"Förbrukning"},"topup-incorrectcode-message3":{"_":"Felaktig påfyllnadskod angiven."},"updating":{"_":"Uppdaterar"},"updating-ellipsis":{"_":"Uppdaterar…"},"yesterday":{"_":"Igår"},"today":{"_":"Idag"},"never":{"_":"Aldrig"},"magnitude":{"_":"{{value}} {{unit}}"},"currency":{"_":"{{currency}}{{value}}"},"widget":{"_":"Förbruknings widget"},"widget-authed-sim-heading":{"_":"Nytt SIM-kort från {{provider}} insatt"},"widget-authed-sim-meta":{"_":"Peka här för att följa din telefon- och internetanvändning"},"widget-nonauthed-sim-heading":{"_":"Nytt SIM-kort insatt"},"widget-nonauthed-sim-meta":{"_":"Peka här för att följa din internetanvändning."},"widget-no-sim2-heading":{"_":"Inget SIM-kort insatt."},"widget-no-sim2-meta":{"_":"Sätt in SIM-kortet för att aktivera appen Förbrukning"},"widget-sim-locked-heading":{"_":"Låst SIM-kort"},"widget-sim-locked-meta":{"_":"Lås upp SIM-kortet för att aktivera appen Förbrukning"},"fte":{"_":"Förbrukning: första gången erfarenhet"},"fte-authed-sim":{"_":"Spara pengar genom att hålla koll på telefon- och internetanvändning."},"fte-nonauthed-sim":{"_":"Spara pengar genom att hålla koll på din internetanvändning."},"fte-no-sim":{"_":"Få tydlig information om hur mycket internet du använder."},"fte-sim-info2":{"_":"Information som visas i Förbrukning kommer direkt från enheten. Kontrollera med din mobiloperatör för detaljerad kontoinformation."},"fte-plantype-title":{"_":"Typ av avtal"},"fte-plantype-hint":{"_":"Välj den typ av avtal du har med din mobiloperatör."},"fte-prepaid2-title":{"_":"Varning lågt saldo"},"fte-prepaid2-hint":{"_":"Ställ in en varning för att undvika att få slut på pengar."},"fte-prepaid3-title":{"_":"Datarapport och varning"},"fte-prepaid3-hint":{"_":"Ta emot rapporter om din internetanvändning och ställ in en varning för att undvika hög dataförbrukning."},"fte-postpaid2-title":{"_":"Samtal och datarapport"},"fte-postpaid2-hint":{"_":"Ta emot rapporter om telefon- och internetanvändning."},"fte-postpaid3-title":{"_":"Varning data"},"fte-postpaid3-hint":{"_":"Ställ in en varning för att undvika hög dataförbrukning."},"fte-onlydata2-title":{"_":"Datarapport"},"fte-onlydata2-hint":{"_":"Ta emot rapporter om din internetanvändning."},"fte-onlydata3-title":{"_":"Varning data"},"fte-onlydata3-hint":{"_":"Ställ in en varning för att undvika hög dataförbrukning."},"phone-activity":{"_":"Telefonaktivitet"},"balance":{"_":"Saldo"},"on-roaming-message2":{"_":"Roaming: ingen automatisk saldouppdatering. Du kan debiteras för att uppdatera manuellt."},"balance-error-message2":{"_":"Saldo uppdaterades inte korrekt. Prova att uppdatera manuellt."},"airplane-mode-error-message2":{"_":"Inaktivera flygplansläge för att uppdatera ditt saldo eller fylla på."},"disable-airplane-mode":{"_":"Vill du inaktivera flygplansläge för att uppdatera eller fylla på?"},"no-coverage-error-message2":{"_":"Telefonen behöver täckning för att uppdatera ditt saldo eller fylla på."},"top-up":{"_":"Påfyllning"},"enter-top-up-code":{"_":"Ange påfyllnadskoden"},"top-up-code-explanation2":{"_":"Hitta den på värdebeviset eller direkt i kvittot."},"wait-for-confirmation":{"_":"Du får ett bekräftelsemeddelande"},"incorrect-code2":{"_":"Kontrollera att koden är korrekt och försök igen."},"topup-error2":{"_":"Det gick inte att skicka koden. Vänligen, försök igen."},"application-error-title":{"_":"Tjänsten otillgänglig"},"application-error-message":{"_":"Kontakta din företagsrepresentant"},"service-unavailable-title":{"_":"Tjänsten otillgänglig"},"service-unavailable-message":{"_":"Varken uppdatering eller påfyllning är möjlig för tillfället. Försök igen senare."},"data-usage":{"_":"Dataanvändning"},"update-button":{"_":"Uppdatera"},"topup-button2":{"_":"Använd påfyllnadskod"},"topup-ussd-button2":{"_":"Öppna meny för påfyllning"},"ok":{"_":"OK"},"top-up-in-progress2":{"_":"Din påfyllning behandlas."},"top-up-timed-out2":{"_":"Uppdatera ditt saldo för att bekräfta. Om saldot är oförändrat, försök fylla på igen."},"on-topup-not-confirmed-title":{"_":"Påfyllning inte bekräftad"},"on-topup-not-confirmed-message":{"_":"Prova att uppdatera ditt saldo eller försök med påfyllning."},"send":{"_":"skicka"},"plantype-setup-title":{"_":"Min telefon och internetbetalning är"},"prepaid":{"_":"Kontantkort"},"postpaid":{"_":"Abonnemang"},"phoneactivity":{"_":"Telefonaktivitet"},"short-date-format":{"_":"%d, %b"},"sms-sent":{"_":"SMS skickade"},"call-made":{"_":"Samtal ringda"},"settings":{"_":"Inställningar"},"low-balance-alert":{"_":"Varning lågt saldo"},"low-balance-explanation2":{"_":"När saldo är under"},"phone-and-internet-data-report":{"_":"Datarapport telefon och internet"},"starting-on":{"_":"Börjar den"},"cancel":{"_":"Avbryt"},"set":{"_":"Ställ in"},"set-day":{"_":"Ange dag"},"set-date":{"_":"Ange datum"},"monthly":{"_":"Månadsvis"},"weekly":{"_":"Veckovis"},"monday":{"_":"Måndag"},"tuesday":{"_":"Tisdag"},"wednesday":{"_":"Onsdag"},"thursday":{"_":"Torsdag"},"friday":{"_":"Fredag"},"saturday":{"_":"Lördag"},"sunday":{"_":"Söndag"},"monday-abbr":{"_":"Mån"},"tuesday-abbr":{"_":"Tis"},"wednesday-abbr":{"_":"Ons"},"thursday-abbr":{"_":"Tor"},"friday-abbr":{"_":"Fre"},"saturday-abbr":{"_":"Lör"},"sunday-abbr":{"_":"Sön"},"billing-cycle-ends":{"_":"Faktureringsperiod slutar"},"tracking-will-reset":{"_":"Spårning återställs denna dag"},"yes":{"_":"Ja"},"done":{"_":"Klar"},"confirmation":{"_":"Bekräftelse"},"reset-confirmation-warning":{"_":"All nuvarande data kommer att raderas. Är du säker på att du vill återställa?"},"reset":{"_":"Återställ"},"reset-wifi":{"_":"Återställ Wi-Fi-användning"},"reset-mobile":{"_":"Återställ mobilanvändning"},"reset-all-data-usage":{"_":"Återställ mobil & Wi-Fi data"},"not-set":{"_":"Inte satt"},"used":{"_":"Använt"},"limit-passed":{"_":"Gräns passerad"},"limit":{"_":"Gräns"},"data-limit-header":{"_":"Gräns dataanvändning"},"data-limit-alert":{"_":"Varning dataanvändning"},"data-limit-value2":{"_":"När använd data är över"},"data-limit-dialog-title2":{"_":"Ange en varningsnivå för mobil data"},"data-limit-dialog-explanation2":{"_":"Uppkopplingshastigheter minskar när gränsen är nådd. Kontrollera med din dataleverantör för att fastställa en lämplig varningsnivå."},"wifi-usage":{"_":"Wi-Fi förbrukning"},"mobile-usage":{"_":"Mobil förbrukning"},"wifi-usage-settings":{"_":"Wi-Fi förbrukning"},"mobile-usage-settings":{"_":"Mobil förbrukning"},"im-prepaid":{"_":"Jag har kontantkort"},"im-postpaid":{"_":"Jag har abonnemang"},"reset-data-usage":{"_":"Återställ dataanvändning"},"reset-report":{"_":"Återställ rapport"},"next":{"_":"Nästa"},"back":{"_":"Tillbaka"},"lets-go":{"_":"Låt oss börja!"},"alert":{"_":"Varning"},"alert-limit":{"_":"Varningsnivå"},"fte-welcome-title":{"_":"Välkommen"},"data-limit-notification-title2":{"_":"{{limit}} av data som använts"},"data-limit-notification-text2":{"_":"Du har nått den gräns du valde"},"low-balance-notification-title":{"_":"Lågt saldo"},"low-balance-notification-text":{"_":"{{remaining}} återstående kredit"},"zero-balance-message":{"_":"Saldot har nått noll, ingen kredit kvar."},"not-available":{"_":"Ej tillgänglig"},"usage":{"_":"Förbrukning"},"internet":{"_":"Internet"},"phone":{"_":"Telefon"},"loading-interface-data":{"_":"Laddar gränssnittsdata. Försök igen om en stund."},"chart-date-format":{"_":"%e %b"},"verbose-chart-date-format":{"_":"{{em-month}} {{monthday-number}}"},"day-hour-format":{"_":"{{day}}, {{time}}"},"B":{"_":"B"},"KB":{"_":"kB"},"MB":{"_":"MB"},"GB":{"_":"GB"},"widget-airplane-mode-heading":{"_":"Flygplansläge "},"widget-airplane-mode-meta":{"_":"Stäng av flygplansläge för att aktivera Förbrukning."},"weekday-0-long":{"_":"Söndag"},"weekday-1-long":{"_":"Måndag"},"weekday-2-long":{"_":"Tisdag"},"weekday-3-long":{"_":"Onsdag"},"weekday-4-long":{"_":"Torsdag"},"weekday-5-long":{"_":"Fredag"},"weekday-6-long":{"_":"Lördag"},"weekday-0-short":{"_":"Sön"},"weekday-1-short":{"_":"Mån"},"weekday-2-short":{"_":"Tis"},"weekday-3-short":{"_":"Ons"},"weekday-4-short":{"_":"Tor"},"weekday-5-short":{"_":"Fre"},"weekday-6-short":{"_":"Lör"},"month-0-long":{"_":"Januari"},"month-1-long":{"_":"Februari"},"month-2-long":{"_":"Mars"},"month-3-long":{"_":"April"},"month-4-long":{"_":"Maj"},"month-5-long":{"_":"Juni"},"month-6-long":{"_":"Juli"},"month-7-long":{"_":"Augusti"},"month-8-long":{"_":"September"},"month-9-long":{"_":"Oktober"},"month-10-long":{"_":"November"},"month-11-long":{"_":"December"},"month-0-genitive":{"_":"Januari"},"month-1-genitive":{"_":"Februari"},"month-2-genitive":{"_":"Mars"},"month-3-genitive":{"_":"April"},"month-4-genitive":{"_":"Maj"},"month-5-genitive":{"_":"Juni"},"month-6-genitive":{"_":"Juli"},"month-7-genitive":{"_":"Augusti"},"month-8-genitive":{"_":"September"},"month-9-genitive":{"_":"Oktober"},"month-10-genitive":{"_":"November"},"month-11-genitive":{"_":"December"},"month-0-short":{"_":"Jan"},"month-1-short":{"_":"Feb"},"month-2-short":{"_":"Mar"},"month-3-short":{"_":"Apr"},"month-4-short":{"_":"Maj"},"month-5-short":{"_":"Jun"},"month-6-short":{"_":"Jul"},"month-7-short":{"_":"Aug"},"month-8-short":{"_":"Sep"},"month-9-short":{"_":"Okt"},"month-10-short":{"_":"Nov"},"month-11-short":{"_":"Dec"},"minutes-ago-long":{"_":"{[ plural(value) ]}","_[zero]":"nyss","_[one]":"en minut sen","_[two]":"{{value}} minuter sen","_[few]":"{{value}} minuter sen","_[many]":"{{value}} minuter sen","_[other]":"{{value}} minuter sen"},"hours-ago-long":{"_":"{[ plural(value) ]}","_[zero]":"nyss","_[one]":"en timme sen","_[two]":"{{value}} timmar sen","_[few]":"{{value}} timmar sen","_[many]":"{{value}} timmar sen","_[other]":"{{value}} timmar sen"},"days-ago-long":{"_":"{[ plural(value) ]}","_[zero]":"idag","_[one]":"igår","_[two]":"{{value}} dagar sen","_[few]":"{{value}} dagar sen","_[many]":"{{value}} dagar sen","_[other]":"{{value}} dagar sen"},"weeks-ago-long":{"_":"{[ plural(value) ]}","_[zero]":"denna vecka","_[one]":"förra veckan","_[two]":"{{value}} veckor sen","_[few]":"{{value}} veckor sen","_[many]":"{{value}} veckor sen","_[other]":"{{value}} veckor sen"},"months-ago-long":{"_":"{[ plural(value) ]}","_[zero]":"denna månad","_[one]":"förra månaden","_[two]":"{{value}} månader sen","_[few]":"{{value}} månader sen","_[many]":"{{value}} månader sen","_[other]":"{{value}} månader sen"},"years-ago-long":{"_":"{[ plural(value) ]}","_[zero]":"detta år","_[one]":"förra året","_[two]":"{{value}} år sen","_[few]":"{{value}} år sen","_[many]":"{{value}} år sen","_[other]":"{{value}} år sen"},"minutes-until-long":{"_":"{[ plural(value) ]}","_[zero]":"nu","_[one]":"om en minut","_[two]":"om {{value}} minuter","_[few]":"om {{value}} minuter","_[many]":"om {{value}} minuter","_[other]":"om {{value}} minuter"},"hours-until-long":{"_":"{[ plural(value) ]}","_[zero]":"nu","_[one]":"om en timme","_[two]":"om {{value}} timmar","_[few]":"om {{value}} timmar","_[many]":"om {{value}} timmar","_[other]":"om {{value}} timmar"},"days-until-long":{"_":"{[ plural(value) ]}","_[zero]":"idag","_[one]":"imorgon","_[two]":"om {{value}} dagar","_[few]":"om {{value}} dagar","_[many]":"om {{value}} dagar","_[other]":"om {{value}} dagar"},"weeks-until-long":{"_":"{[ plural(value) ]}","_[zero]":"denna vecka","_[one]":"nästa vecka","_[two]":"om {{value}} veckor","_[few]":"om {{value}} veckor","_[many]":"om {{value}} veckor","_[other]":"om {{value}} veckor"},"months-until-long":{"_":"{[ plural(value) ]}","_[zero]":"denna månad","_[one]":"nästa månad","_[two]":"om {{value}} månader","_[few]":"om {{value}} månader","_[many]":"om {{value}} månader","_[other]":"om {{value}} månader"},"years-until-long":{"_":"{[ plural(value) ]}","_[zero]":"detta år","_[one]":"nästa år","_[two]":"om {{value}} år","_[few]":"om {{value}} år","_[many]":"om {{value}} år","_[other]":"om {{value}} år"},"minutes-ago-short":{"_":"{[ plural(value) ]}","_[zero]":"nyss","_[other]":"{{value}}min sen"},"hours-ago-short":{"_":"{[ plural(value) ]}","_[zero]":"nyss","_[other]":"{{value}}tim. sen"},"days-ago-short":{"_":"{[ plural(value) ]}","_[zero]":"idag","_[other]":"{{value}}dygn sen"},"minutes-until-short":{"_":"{[ plural(value) ]}","_[zero]":"nu","_[other]":"om {{value}}min"},"hours-until-short":{"_":"{[ plural(value) ]}","_[zero]":"nu","_[other]":"om {{value}}tim."},"days-until-short":{"_":"{[ plural(value) ]}","_[zero]":"idag","_[other]":"om {{value}}dygn"},"incorrectDate":{"_":"(felaktigt datum)"},"dateTimeFormat_%c":{"_":"%a %e %b %Y %H:%M:%S"},"dateTimeFormat_%x":{"_":"%d/%m/%Y"},"dateTimeFormat_%X":{"_":"%H:%M:%S"},"shortTimeFormat":{"_":"%H:%M"},"shortDateTimeFormat":{"_":"%x %H:%M"},"weekStartsOnMonday":{"_":"1"},"time_am":{"_":"AM"},"time_pm":{"_":"PM"}}