{"topup-confirmation-title2":{"_":"Kullanım"},"topup-confirmation-message":{"_":"Kontör yükleme onaylandı"},"topup-incorrectcode-title2":{"_":"Kullanım"},"topup-incorrectcode-message3":{"_":"Yanlış kontör kodu girildi."},"updating":{"_":"Güncelliyor"},"updating-ellipsis":{"_":"Güncelleniyor..."},"yesterday":{"_":"Dün"},"today":{"_":"Bugün"},"never":{"_":"Hiçbir zaman"},"magnitude":{"_":"{{value}} {{unit}}"},"currency":{"_":"{{currency}} {{value}}"},"widget":{"_":"Kullanım Aracı"},"widget-authed-sim-heading":{"_":"Yeni {{provider}} SIM'i takıldı"},"widget-authed-sim-meta":{"_":"Telefon ve internet kullanımınızı izlemek için dokunun."},"widget-nonauthed-sim-heading":{"_":"Yeni SIM takıldı"},"widget-nonauthed-sim-meta":{"_":"İnternet kullanımını izlemek için dokunun."},"widget-no-sim2-heading":{"_":"SIM takılı değil"},"widget-no-sim2-meta":{"_":"Kullanım'ı etkinleştirmek için bir SIM takın."},"widget-sim-locked-heading":{"_":"Kilitli SIM kart"},"widget-sim-locked-meta":{"_":"Kullanım'ı etkinleştirmek için kilidi açın."},"fte":{"_":"Kullanım İlk Deneyimi"},"fte-authed-sim":{"_":"Telefon ve internet kullanımınızı izleyerek para tasarrufu yapın."},"fte-nonauthed-sim":{"_":"İnternet kullanımınızı izleyerek para tasarrufu yapın."},"fte-no-sim":{"_":"Ne kadar internet kullandığınız hakkında net bilgi alın."},"fte-sim-info2":{"_":"Kullanım'da görünen bilgiler doğrudan bu aygıttan alınır. Daha ayrıntılı hesap bilgileriniz için mobil servis sağlayıcınıza başvurun."},"fte-plantype-title":{"_":"Sözleşme Türü"},"fte-plantype-hint":{"_":"Mobil servis sağlayıcınızla aranızdaki sözleşme türünü seçin."},"fte-prepaid2-title":{"_":"Düşük Bakiye Uyarısı"},"fte-prepaid2-hint":{"_":"Bakiyesiz kalmamak için bir uyarı ayarlayın."},"fte-prepaid3-title":{"_":"Veri Raporu ve Uyarısı"},"fte-prepaid3-hint":{"_":"İnternet kullanımınız hakkında raporlar alın ve aşırı kullanımı engelleyin."},"fte-postpaid2-title":{"_":"Telefon ve Veri Raporu"},"fte-postpaid2-hint":{"_":"Telefon ve internet kullanımınız hakkında raporlar alın."},"fte-postpaid3-title":{"_":"Veri Uyarısı"},"fte-postpaid3-hint":{"_":"Aşırı veri kullanımını engellemek için bir uyarı ayarlayın."},"fte-onlydata2-title":{"_":"Veri Raporu"},"fte-onlydata2-hint":{"_":"İnternet kullanımınız hakkında raporlar alın."},"fte-onlydata3-title":{"_":"Veri Uyarısı"},"fte-onlydata3-hint":{"_":"Aşırı veri kullanımını engellemek için bir uyarı ayarlayın."},"phone-activity":{"_":"Telefon Etkinliği"},"balance":{"_":"Bakiye"},"on-roaming-message2":{"_":"Dolaşım: Bakiye otomatik güncellenmez. Elle güncelleme için ücret ödemeniz gerekebilir."},"balance-error-message2":{"_":"Bakiye doğru şekilde güncellenemedi. Elle güncellemeyi deneyin."},"airplane-mode-error-message2":{"_":"Bakiyenizi güncellemek veya kontör yüklemek için uçak modunu kapatın."},"disable-airplane-mode":{"_":"Güncellemek veya kontör yüklemek için Uçak modunu devre dışı bırakmak ister misiniz?"},"no-coverage-error-message2":{"_":"Bakiyenizi güncellemek veya kontör yüklemek için telefonunuz kapsama alanı içinde olmalıdır."},"top-up":{"_":"Kontör yükle"},"enter-top-up-code":{"_":"Yükleme kodunu girin"},"top-up-code-explanation2":{"_":"Genellikle kazınabilir bir kartta veya fişinizin üzerinde bulunur."},"wait-for-confirmation":{"_":"Bir onay mesajı alacaksınız"},"incorrect-code2":{"_":"Kodun doğru olduğundan emin olun ve tekrar deneyin."},"topup-error2":{"_":"Kodu gönderirken bir hata oluştu. Lütfen tekrar deneyin."},"application-error-title":{"_":"Hizmet kullanılamıyor"},"application-error-message":{"_":"Müşteri temsilcinizle iletişim kurun"},"service-unavailable-title":{"_":"Hizmet kullanılamıyor"},"service-unavailable-message":{"_":"Güncelleme ve kontör yükleme şu anda kullanılamıyor. Lütfen daha sonra tekrar deneyin."},"data-usage":{"_":"Veri kullanımı"},"update-button":{"_":"Güncelle"},"topup-button2":{"_":"Kontör kodu kullan"},"topup-ussd-button2":{"_":"Kontör yükleme menüsünü aç"},"ok":{"_":"Tamam"},"top-up-in-progress2":{"_":"Kontör yüklemeniz işleniyor."},"top-up-timed-out2":{"_":"Doğrulamak için bakiyenizi güncelleyin. Bakiye değişmemişse yeniden yüklemeyi deneyin."},"on-topup-not-confirmed-title":{"_":"Kontör yükleme onaylanmadı"},"on-topup-not-confirmed-message":{"_":"Bakiyenizi güncelleyin veya kontör yüklemeyi tekrar deneyin."},"send":{"_":"gönder"},"plantype-setup-title":{"_":"Telefon ve internet paketim"},"prepaid":{"_":"Ön ödemeli"},"postpaid":{"_":"Faturalı"},"phoneactivity":{"_":"Telefon etkinliği"},"short-date-format":{"_":"%d %b"},"sms-sent":{"_":"Gönderilen SMS'ler"},"call-made":{"_":"Yapılan aramalar"},"settings":{"_":"Ayarlar"},"low-balance-alert":{"_":"Düşük bakiye uyarısı"},"low-balance-explanation2":{"_":"Bakiye alt limiti"},"phone-and-internet-data-report":{"_":"Telefon ve internet verisi raporu"},"starting-on":{"_":"Başlangıç"},"cancel":{"_":"İptal"},"set":{"_":"Ayarla"},"set-day":{"_":"Günü ayarla"},"set-date":{"_":"Tarihi ayarla"},"monthly":{"_":"Her ay"},"weekly":{"_":"Her hafta"},"monday":{"_":"Pazartesi"},"tuesday":{"_":"Salı"},"wednesday":{"_":"Çarşamba"},"thursday":{"_":"Perşembe"},"friday":{"_":"Cuma"},"saturday":{"_":"Cumartesi"},"sunday":{"_":"Pazar"},"monday-abbr":{"_":"Pzt"},"tuesday-abbr":{"_":"Sal"},"wednesday-abbr":{"_":"Çrş"},"thursday-abbr":{"_":"Prş"},"friday-abbr":{"_":"Cum"},"saturday-abbr":{"_":"Cmt"},"sunday-abbr":{"_":"Pzr"},"billing-cycle-ends":{"_":"Fatura dönemi bitişi"},"tracking-will-reset":{"_":"İzleme bu tarihte sıfırlanacaktır"},"yes":{"_":"Evet"},"done":{"_":"Bitti"},"confirmation":{"_":"Onay"},"reset-confirmation-warning":{"_":"Tüm mevcut veriler silinecektir. Sıfırlamak istediğinizden emin misiniz?"},"reset":{"_":"Sıfırla"},"reset-wifi":{"_":"Wi-Fi kullanımını sıfırla"},"reset-mobile":{"_":"Mobil kullanımı sıfırla"},"reset-all-data-usage":{"_":"Mobil ve Wi-Fi verilerini sıfırla"},"not-set":{"_":"Ayarlanmadı"},"used":{"_":"Kullanılan"},"limit-passed":{"_":"Aşılan sınır"},"limit":{"_":"Sınır"},"data-limit-header":{"_":"Veri kullanım sınırı"},"data-limit-alert":{"_":"Veri kullanım uyarısı"},"data-limit-value2":{"_":"Kullanım üst limiti"},"data-limit-dialog-title2":{"_":"Bir mobil veri sınırı girin"},"data-limit-dialog-explanation2":{"_":"Sınır aşıldığında bağlantı hızları düşer. Uygun bir uyarı seviyesi ayarlamak için servis sağlayıcınızdan bilgi alın."},"wifi-usage":{"_":"Wi-Fi kullanımı"},"mobile-usage":{"_":"Mobil kullanımı"},"wifi-usage-settings":{"_":"Wi-Fi kullanımı"},"mobile-usage-settings":{"_":"Mobil kullanımı"},"im-prepaid":{"_":"Ön ödemeliyim"},"im-postpaid":{"_":"Faturalıyım"},"reset-data-usage":{"_":"Veri kullanımını sıfırla"},"reset-report":{"_":"Raporu sıfırla"},"next":{"_":"İleri"},"back":{"_":"Geri"},"lets-go":{"_":"Başlayalım!"},"alert":{"_":"Uyarı"},"alert-limit":{"_":"Uyarı Sınırı"},"fte-welcome-title":{"_":"Hoş geldiniz"},"data-limit-notification-title2":{"_":"{{limit}} veri kullanıldı"},"data-limit-notification-text2":{"_":"Belirlediğiniz limiti aştınız"},"low-balance-notification-title":{"_":"Düşük bakiye"},"low-balance-notification-text":{"_":"{{remaining}} telefon kredisi kaldı"},"zero-balance-message":{"_":"Bakiye sıfıra düştü, hiç telefon kredisi kalmadı."},"not-available":{"_":"Kullanılamaz"},"usage":{"_":"Kullanım"},"internet":{"_":"İnternet"},"phone":{"_":"Telefon"},"loading-interface-data":{"_":"Arayüz verileri yükleniyor. Lütfen birazdan tekrar deneyin."},"chart-date-format":{"_":"%e %b"},"verbose-chart-date-format":{"_":"{{monthday-number}} {{em-month}}"},"day-hour-format":{"_":"{{day}}, {{time}}"},"B":{"_":"B"},"KB":{"_":"KB"},"MB":{"_":"MB"},"GB":{"_":"GB"},"weekday-0-long":{"_":"Pazar"},"weekday-1-long":{"_":"Pazartesi"},"weekday-2-long":{"_":"Salı"},"weekday-3-long":{"_":"Çarşamba"},"weekday-4-long":{"_":"Perşembe"},"weekday-5-long":{"_":"Cuma"},"weekday-6-long":{"_":"Cumartesi"},"weekday-0-short":{"_":"Pzr"},"weekday-1-short":{"_":"Pzt"},"weekday-2-short":{"_":"Sal"},"weekday-3-short":{"_":"Çar"},"weekday-4-short":{"_":"Per"},"weekday-5-short":{"_":"Cum"},"weekday-6-short":{"_":"Cmt"},"month-0-long":{"_":"Ocak"},"month-1-long":{"_":"Şubat"},"month-2-long":{"_":"Mart"},"month-3-long":{"_":"Nisan"},"month-4-long":{"_":"Mayıs"},"month-5-long":{"_":"Haziran"},"month-6-long":{"_":"Temmuz"},"month-7-long":{"_":"Ağustos"},"month-8-long":{"_":"Eylül"},"month-9-long":{"_":"Ekim"},"month-10-long":{"_":"Kasım"},"month-11-long":{"_":"Aralık"},"month-0-genitive":{"_":"Ocak"},"month-1-genitive":{"_":"Şubat"},"month-2-genitive":{"_":"Mart"},"month-3-genitive":{"_":"Nisan"},"month-4-genitive":{"_":"Mayıs"},"month-5-genitive":{"_":"Haziran"},"month-6-genitive":{"_":"Temmuz"},"month-7-genitive":{"_":"Ağustos"},"month-8-genitive":{"_":"Eylül"},"month-9-genitive":{"_":"Ekim"},"month-10-genitive":{"_":"Kasım"},"month-11-genitive":{"_":"Aralık"},"month-0-short":{"_":"Oca"},"month-1-short":{"_":"Şub"},"month-2-short":{"_":"Mar"},"month-3-short":{"_":"Nis"},"month-4-short":{"_":"May"},"month-5-short":{"_":"Haz"},"month-6-short":{"_":"Tem"},"month-7-short":{"_":"Ağu"},"month-8-short":{"_":"Eyl"},"month-9-short":{"_":"Eki"},"month-10-short":{"_":"Kas"},"month-11-short":{"_":"Ara"},"minutes-ago-long":{"_":"{[ plural(value) ]}","_[zero]":"biraz önce","_[one]":"bir dakika önce","_[two]":"{{value}} dakika önce","_[few]":"{{value}} dakika önce","_[many]":"{{value}} dakika önce","_[other]":"{{value}} dakika önce"},"hours-ago-long":{"_":"{[ plural(value) ]}","_[zero]":"biraz önce","_[one]":"bir saat önce","_[two]":"{{value}} saat önce","_[few]":"{{value}} saat önce","_[many]":"{{value}} saat önce","_[other]":"{{value}} saat önce"},"days-ago-long":{"_":"{[ plural(value) ]}","_[zero]":"bugün","_[one]":"dün","_[two]":"{{value}} gün önce","_[few]":"{{value}} gün önce","_[many]":"{{value}} gün önce","_[other]":"{{value}} gün önce"},"weeks-ago-long":{"_":"{[ plural(value) ]}","_[zero]":"bu hafta","_[one]":"geçen hafta","_[two]":"{{value}} hafta önce","_[few]":"{{value}} hafta önce","_[many]":"{{value}} hafta önce","_[other]":"{{value}} hafta önce"},"months-ago-long":{"_":"{[ plural(value) ]}","_[zero]":"bu ay","_[one]":"geçen ay","_[two]":"{{value}} ay önce","_[few]":"{{value}} ay önce","_[many]":"{{value}} ay önce","_[other]":"{{value}} ay önce"},"years-ago-long":{"_":"{[ plural(value) ]}","_[zero]":"bu yıl","_[one]":"geçen yıl","_[two]":"{{value}} yıl önce","_[few]":"{{value}} yıl önce","_[many]":"{{value}} yıl önce","_[other]":"{{value}} yıl önce"},"minutes-until-long":{"_":"{[ plural(value) ]}","_[zero]":"şimdi","_[one]":"bir dakika önce","_[two]":"{{value}} dakika içinde","_[few]":"{{value}} dakika içinde","_[many]":"{{value}} dakika içinde","_[other]":"{{value}} dakika içinde"},"hours-until-long":{"_":"{[ plural(value) ]}","_[zero]":"şimdi","_[one]":"bir saat içinde","_[two]":"{{value}} saat içinde","_[few]":"{{value}} saat içinde","_[many]":"{{value}} saat içinde","_[other]":"{{value}} saat içinde"},"days-until-long":{"_":"{[ plural(value) ]}","_[zero]":"bugün","_[one]":"dün","_[two]":"{{value}} gün içinde","_[few]":"{{value}} gün içinde","_[many]":"{{value}} gün içinde","_[other]":"{{value}} gün içinde"},"weeks-until-long":{"_":"{[ plural(value) ]}","_[zero]":"bu hafta","_[one]":"gelecek hafta","_[two]":"{{value}} hafta içinde","_[few]":"{{value}} hafta içinde","_[many]":"{{value}} hafta içinde","_[other]":"{{value}} hafta içinde"},"months-until-long":{"_":"{[ plural(value) ]}","_[zero]":"bu ay","_[one]":"gelecek ay","_[two]":"{{value}} ay içinde","_[few]":"{{value}} ay içinde","_[many]":"{{value}} ay içinde","_[other]":"{{value}} ay içinde"},"years-until-long":{"_":"{[ plural(value) ]}","_[zero]":"bu yıl","_[one]":"gelecek yıl","_[two]":"{{value}} yıl içinde","_[few]":"{{value}} yıl içinde","_[many]":"{{value}} yıl içinde","_[other]":"{{value}} yıl içinde"},"minutes-ago-short":{"_":"{[ plural(value) ]}","_[zero]":"biraz önce","_[other]":"{{value}} dk önce"},"hours-ago-short":{"_":"{[ plural(value) ]}","_[zero]":"biraz önce","_[other]":"{{value}} saat önce"},"days-ago-short":{"_":"{[ plural(value) ]}","_[zero]":"bugün","_[other]":"{{value}} gün önce"},"minutes-until-short":{"_":"{[ plural(value) ]}","_[zero]":"şimdi","_[other]":"{{value}} dk içinde"},"hours-until-short":{"_":"{[ plural(value) ]}","_[zero]":"şimdi","_[other]":"{{value}} saat içinde"},"days-until-short":{"_":"{[ plural(value) ]}","_[zero]":"bugün","_[other]":"{{value}} gün içinde"},"incorrectDate":{"_":"(geçersiz tarih)"},"dateTimeFormat_%c":{"_":"%e %b %Y %a %H:%M:%S"},"dateTimeFormat_%x":{"_":"%d/%m/%Y"},"dateTimeFormat_%X":{"_":"%H:%M:%S"},"shortTimeFormat":{"_":"%H:%M"},"shortDateTimeFormat":{"_":"%x %H:%M"},"weekStartsOnMonday":{"_":"1"},"time_am":{"_":"ÖÖ"},"time_pm":{"_":"ÖS"}}