{"topup-confirmation-title2":{"_":"使用情况"},"topup-confirmation-message":{"_":"充值已确认。"},"topup-incorrectcode-title2":{"_":"使用情况"},"topup-incorrectcode-message3":{"_":"输入的充值码不正确。"},"updating":{"_":"正在更新"},"updating-ellipsis":{"_":"正在更新…"},"yesterday":{"_":"昨天"},"today":{"_":"今天"},"never":{"_":"从未"},"magnitude":{"_":"{{value}} {{unit}}"},"currency":{"_":"{{currency}}{{value}}"},"widget":{"_":"使用量工具"},"widget-authed-sim-heading":{"_":"插入了新的 {{provider}} SIM 卡"},"widget-authed-sim-meta":{"_":"点按以跟踪你的通话和网络使用量。"},"widget-nonauthed-sim-heading":{"_":"已插入新 SIM 卡"},"widget-nonauthed-sim-meta":{"_":"点按以跟踪你的网络使用量。"},"widget-no-sim2-heading":{"_":"无 SIM 卡"},"widget-no-sim2-meta":{"_":"插入一张 SIM 卡启用用量统计"},"widget-sim-locked-heading":{"_":"已锁定的 SIM 卡"},"widget-sim-locked-meta":{"_":"解锁您的 SIM 卡使其恢复。"},"fte":{"_":"首次访问使用量工具"},"fte-authed-sim":{"_":"持续跟踪你的通话和网络使用量以节约支出。"},"fte-nonauthed-sim":{"_":"持续跟踪你的网络使用量以节约支出。"},"fte-no-sim":{"_":"清晰呈现你的网络流量。"},"fte-sim-info2":{"_":"使用量界面显示的信息来自这台设备自身，如果要获取账户相关的详细信息，请联系你的移动服务提供商。"},"fte-plantype-title":{"_":"联系人类别"},"fte-plantype-hint":{"_":"请选择您与移动服务提供商所签订的合约类型。"},"fte-prepaid2-title":{"_":"余额不足警告"},"fte-prepaid2-hint":{"_":"设置预警以避免额度用尽。"},"fte-prepaid3-title":{"_":"数据报告和警报"},"fte-prepaid3-hint":{"_":"收集您的互联网使用情况报告，并设置提醒，避免使用过多流量。"},"fte-postpaid2-title":{"_":"电话和数据报告"},"fte-postpaid2-hint":{"_":"收集有关您的手机和互联网的使用情况的报告。"},"fte-postpaid3-title":{"_":"数据警告"},"fte-postpaid3-hint":{"_":"设置一项警报以避免使用过多数据流量。"},"fte-onlydata2-title":{"_":"数据报告"},"fte-onlydata2-hint":{"_":"接收有关您互联网使用量的报告。"},"fte-onlydata3-title":{"_":"数据警告"},"fte-onlydata3-hint":{"_":"设置一项警报以避免使用过多数据流量。"},"phone-activity":{"_":"通话活动"},"balance":{"_":"余额"},"on-roaming-message2":{"_":"漫游时：不会自动更新余额，充值后请手动更新。"},"balance-error-message2":{"_":"余额未能正确更新，试试手动更新。"},"airplane-mode-error-message2":{"_":"关闭飞行模式以便更新余额或充值。"},"disable-airplane-mode":{"_":"是否希望停用飞行模式以更新或充值？"},"no-coverage-error-message2":{"_":"需要有手机信号覆盖才能更新余额或充值。"},"top-up":{"_":"充值"},"enter-top-up-code":{"_":"输入充值代码"},"top-up-code-explanation2":{"_":"在充值卡上或者直接在收据里可以找到他。"},"wait-for-confirmation":{"_":"您会收到一条确认短信"},"incorrect-code2":{"_":"请确认您输入的充值代码是否正确，然后再尝试一次。"},"topup-error2":{"_":"发送充值码的过程中出现了点问题。请再试一次。"},"application-error-title":{"_":"服务不可用"},"application-error-message":{"_":"联系您的公司代表。"},"service-unavailable-title":{"_":"服务不可用"},"service-unavailable-message":{"_":"现在即不能更新也不能充值。请稍后再试。"},"data-usage":{"_":"数据用量"},"update-button":{"_":"更新"},"topup-button2":{"_":"使用充值代码"},"topup-ussd-button2":{"_":"打开充值代码菜单"},"ok":{"_":"确定"},"top-up-in-progress2":{"_":"正在充值中。"},"top-up-timed-out2":{"_":"请刷新您的余额以确认。如果您的余额显示并没有改变，请尝试再次充值。"},"on-topup-not-confirmed-title":{"_":"充值未确认。"},"on-topup-not-confirmed-message":{"_":"尝试更新您的余额或者重试一次充值。"},"send":{"_":"发送"},"plantype-setup-title":{"_":"我的通话与互联网套餐是"},"prepaid":{"_":"预付费"},"postpaid":{"_":"后付费"},"phoneactivity":{"_":"通话活动"},"short-date-format":{"_":"%b %e 日"},"sms-sent":{"_":"发送短信"},"call-made":{"_":"已拨打的电话"},"settings":{"_":"设置"},"low-balance-alert":{"_":"余额不足警告"},"low-balance-explanation2":{"_":"当余额低于"},"phone-and-internet-data-report":{"_":"通话和互联网数据报告"},"starting-on":{"_":"开始"},"cancel":{"_":"取消"},"set":{"_":"设置"},"set-day":{"_":"设置天"},"set-date":{"_":"设置日期"},"monthly":{"_":"每月"},"weekly":{"_":"每周"},"monday":{"_":"星期一"},"tuesday":{"_":"星期二"},"wednesday":{"_":"星期三"},"thursday":{"_":"星期四"},"friday":{"_":"星期五"},"saturday":{"_":"星期六"},"sunday":{"_":"星期日"},"monday-abbr":{"_":"周一"},"tuesday-abbr":{"_":"周二"},"wednesday-abbr":{"_":"周三"},"thursday-abbr":{"_":"周四"},"friday-abbr":{"_":"周五"},"saturday-abbr":{"_":"周六"},"sunday-abbr":{"_":"周日"},"billing-cycle-ends":{"_":"账单周期结束"},"tracking-will-reset":{"_":"跟踪将会在此日期重置"},"yes":{"_":"是"},"done":{"_":"完成"},"confirmation":{"_":"确认"},"reset-confirmation-warning":{"_":"当前所有数据都将被删除，确定要重置吗？"},"reset":{"_":"重置"},"reset-wifi":{"_":"重置 Wi-Fi 使用情况"},"reset-mobile":{"_":"重置移动网络使用情况"},"reset-all-data-usage":{"_":"重置移动网络和 Wi-Fi 的数据流量使用情况"},"not-set":{"_":"未设置"},"used":{"_":"已使用"},"limit-passed":{"_":"允许的限额"},"limit":{"_":"限制"},"data-limit-header":{"_":"数据使用限额"},"data-limit-alert":{"_":"数据使用警告"},"data-limit-value2":{"_":"当使用超过"},"data-limit-dialog-title2":{"_":"输入一个移动数据限额警示"},"data-limit-dialog-explanation2":{"_":"达到限额后连接速率将会降低，查询你的数据服务以设置一个合适的警示级别。"},"wifi-usage":{"_":"Wi-Fi 用量"},"mobile-usage":{"_":"手机使用"},"wifi-usage-settings":{"_":"Wi-Fi 用量"},"mobile-usage-settings":{"_":"手机使用"},"im-prepaid":{"_":"我是预付费用户"},"im-postpaid":{"_":"我是后付费用户"},"reset-data-usage":{"_":"重置数据流量使用情况"},"reset-report":{"_":"重置报告"},"next":{"_":"下一步"},"back":{"_":"上一步"},"lets-go":{"_":"出发！"},"alert":{"_":"警告"},"alert-limit":{"_":"警告限制"},"fte-welcome-title":{"_":"欢迎"},"data-limit-notification-title2":{"_":"已使用 {{limit}} 的数据流量"},"data-limit-notification-text2":{"_":"您已达到了您选择的限制"},"low-balance-notification-title":{"_":"低余额"},"low-balance-notification-text":{"_":"剩余通话余额 {{remaining}}"},"zero-balance-message":{"_":"余额已尽，手机没有通话余额了。"},"not-available":{"_":"不可用"},"usage":{"_":"使用情况"},"internet":{"_":"互联网"},"phone":{"_":"通话"},"loading-interface-data":{"_":"正在载入接口数据。请稍等一会。"},"chart-date-format":{"_":"%b %e"},"verbose-chart-date-format":{"_":"{{em-month}} {{monthday-number}}"},"day-hour-format":{"_":"{{day}}, {{time}}"},"B":{"_":"B"},"KB":{"_":"kB"},"MB":{"_":"MB"},"GB":{"_":"GB"},"widget-airplane-mode-heading":{"_":"飞行模式"},"widget-airplane-mode-meta":{"_":"请关闭飞行模式以便开启使用量统计。"},"weekday-0-long":{"_":"星期日"},"weekday-1-long":{"_":"星期一"},"weekday-2-long":{"_":"星期二"},"weekday-3-long":{"_":"星期三"},"weekday-4-long":{"_":"星期四"},"weekday-5-long":{"_":"星期五"},"weekday-6-long":{"_":"星期六"},"weekday-0-short":{"_":"周日"},"weekday-1-short":{"_":"周一"},"weekday-2-short":{"_":"周二"},"weekday-3-short":{"_":"周三"},"weekday-4-short":{"_":"周四"},"weekday-5-short":{"_":"周五"},"weekday-6-short":{"_":"周六"},"month-0-long":{"_":"1 月"},"month-1-long":{"_":"2 月"},"month-2-long":{"_":"3 月"},"month-3-long":{"_":"4 月"},"month-4-long":{"_":"5 月"},"month-5-long":{"_":"6 月"},"month-6-long":{"_":"7 月"},"month-7-long":{"_":"8 月"},"month-8-long":{"_":"9 月"},"month-9-long":{"_":"10 月"},"month-10-long":{"_":"11 月"},"month-11-long":{"_":"12 月"},"month-0-genitive":{"_":"一月"},"month-1-genitive":{"_":"二月"},"month-2-genitive":{"_":"三月"},"month-3-genitive":{"_":"四月"},"month-4-genitive":{"_":"五月"},"month-5-genitive":{"_":"六月"},"month-6-genitive":{"_":"七月"},"month-7-genitive":{"_":"八月"},"month-8-genitive":{"_":"九月"},"month-9-genitive":{"_":"十月"},"month-10-genitive":{"_":"十一月"},"month-11-genitive":{"_":"十二月"},"month-0-short":{"_":"1 月"},"month-1-short":{"_":"2 月"},"month-2-short":{"_":"3 月"},"month-3-short":{"_":"4 月"},"month-4-short":{"_":"5 月"},"month-5-short":{"_":"6 月"},"month-6-short":{"_":"7 月"},"month-7-short":{"_":"8 月"},"month-8-short":{"_":"9 月"},"month-9-short":{"_":"10 月"},"month-10-short":{"_":"11 月"},"month-11-short":{"_":"12 月"},"minutes-ago-long":{"_":"{[ plural(value) ]}","_[zero]":"刚才","_[one]":"1 分钟前","_[two]":"{{ value }} 分钟前","_[few]":"{{ value }} 分钟前","_[many]":"{{ value }} 分钟前","_[other]":"{{ value }} 分钟前"},"hours-ago-long":{"_":"{[ plural(value) ]}","_[zero]":"刚才","_[one]":"1 小时前","_[two]":"{{ value }} 小时前","_[few]":"{{ value }} 小时前","_[many]":"{{ value }} 小时前","_[other]":"{{ value }} 小时前"},"days-ago-long":{"_":"{[ plural(value) ]}","_[zero]":"今天","_[one]":"昨天","_[two]":"{{value}} 天前","_[few]":"{{value}} 天前","_[many]":"{{value}} 天前","_[other]":"{{value}} 天前"},"weeks-ago-long":{"_":"{[ plural(value) ]}","_[zero]":"本周","_[one]":"上周","_[two]":"{{value}} 周前","_[few]":"{{value}} 周前","_[many]":"{{value}} 周前","_[other]":"{{value}} 周前"},"months-ago-long":{"_":"{[ plural(value) ]}","_[zero]":"本月","_[one]":"上月","_[two]":"{{value}} 个月前","_[few]":"{{value}} 个月前","_[many]":"{{value}} 个月前","_[other]":"{{value}} 个月前"},"years-ago-long":{"_":"{[ plural(value) ]}","_[zero]":"今年","_[one]":"去年","_[two]":"{{value}} 年前","_[few]":"{{value}} 年前","_[many]":"{{value}} 年前","_[other]":"{{value}} 年前"},"minutes-until-long":{"_":"{[ plural(value) ]}","_[zero]":"现在","_[one]":"1 分钟内","_[two]":"剩{{value}}分钟","_[few]":"剩{{value}}分钟","_[many]":"剩{{value}}分钟","_[other]":"剩{{value}}分钟"},"hours-until-long":{"_":"{[ plural(value) ]}","_[zero]":"现在","_[one]":"1 小时内","_[two]":"剩{{value}}小时","_[few]":"剩{{value}}小时","_[many]":"剩{{value}}小时","_[other]":"剩{{value}}小时"},"days-until-long":{"_":"{[ plural(value) ]}","_[zero]":"今天","_[one]":"明天","_[two]":"剩{{value}}天","_[few]":"剩{{value}}天","_[many]":"剩{{value}}天","_[other]":"剩{{value}}天"},"weeks-until-long":{"_":"{[ plural(value) ]}","_[zero]":"本周","_[one]":"下周","_[two]":"剩{{value}}周","_[few]":"剩{{value}}周","_[many]":"剩{{value}}周","_[other]":"剩{{value}}周"},"months-until-long":{"_":"{[ plural(value) ]}","_[zero]":"本月","_[one]":"下月","_[two]":"剩{{value}}个月","_[few]":"剩{{value}}个月","_[many]":"剩{{value}}个月","_[other]":"剩{{value}}个月"},"years-until-long":{"_":"{[ plural(value) ]}","_[zero]":"今年","_[one]":"明年","_[two]":"剩{{value}}年","_[few]":"剩{{value}}年","_[many]":"剩{{value}}年","_[other]":"剩{{value}}年"},"minutes-ago-short":{"_":"{[ plural(value) ]}","_[zero]":"刚才","_[other]":"{{value}} 分钟前"},"hours-ago-short":{"_":"{[ plural(value) ]}","_[zero]":"刚才","_[other]":"{{value}}小时前"},"days-ago-short":{"_":"{[ plural(value) ]}","_[zero]":"今天","_[other]":"{{value}} 天前"},"minutes-until-short":{"_":"{[ plural(value) ]}","_[zero]":"现在","_[other]":"剩{{value}}分钟"},"hours-until-short":{"_":"{[ plural(value) ]}","_[zero]":"现在","_[other]":"剩{{value}}小时"},"days-until-short":{"_":"{[ plural(value) ]}","_[zero]":"今天","_[other]":"剩{{value}}天"},"incorrectDate":{"_":"（日期不正确）"},"dateTimeFormat_%c":{"_":"%Y 年 %b %e 日 %a %H:%M:%S"},"dateTimeFormat_%x":{"_":"%Y/%m/%d"},"dateTimeFormat_%X":{"_":"%H:%M:%S"},"shortTimeFormat":{"_":"%H:%M"},"shortDateTimeFormat":{"_":"%x %H:%M"},"weekStartsOnMonday":{"_":"0"},"time_am":{"_":"上午"},"time_pm":{"_":"下午"}}