{"weekday-0-long":{"_":"الأحد"},"weekday-1-long":{"_":"الإثنين"},"weekday-2-long":{"_":"الثلاثاء"},"weekday-3-long":{"_":"الأربعاء"},"weekday-4-long":{"_":"الخميس"},"weekday-5-long":{"_":"الجمعة"},"weekday-6-long":{"_":"السبت"},"weekday-0-short":{"_":"أحد"},"weekday-1-short":{"_":"إثنين"},"weekday-2-short":{"_":"ثلاثاء"},"weekday-3-short":{"_":"أربعاء"},"weekday-4-short":{"_":"خميس"},"weekday-5-short":{"_":"جمعة"},"weekday-6-short":{"_":"سبت"},"month-0-long":{"_":"يناير"},"month-1-long":{"_":"فبراير"},"month-2-long":{"_":"مارس"},"month-3-long":{"_":"أبريل"},"month-4-long":{"_":"مايو"},"month-5-long":{"_":"يونيو"},"month-6-long":{"_":"يوليو"},"month-7-long":{"_":"أغسطس"},"month-8-long":{"_":"سبتمبر"},"month-9-long":{"_":"أكتوبر"},"month-10-long":{"_":"نوفمبر"},"month-11-long":{"_":"ديسمبر"},"month-0-genitive":{"_":"يناير"},"month-1-genitive":{"_":"فبراير"},"month-2-genitive":{"_":"مارس"},"month-3-genitive":{"_":"أبريل"},"month-4-genitive":{"_":"مايو"},"month-5-genitive":{"_":"يونيو"},"month-6-genitive":{"_":"يوليو"},"month-7-genitive":{"_":"أغسطس"},"month-8-genitive":{"_":"سبتمبر"},"month-9-genitive":{"_":"أكتوبر"},"month-10-genitive":{"_":"نوفمبر"},"month-11-genitive":{"_":"ديسمبر"},"month-0-short":{"_":"يناير"},"month-1-short":{"_":"فبراير"},"month-2-short":{"_":"مارس"},"month-3-short":{"_":"ابريل"},"month-4-short":{"_":"مايو"},"month-5-short":{"_":"يونيو"},"month-6-short":{"_":"يوليو"},"month-7-short":{"_":"أغسطس"},"month-8-short":{"_":"سبتمبر"},"month-9-short":{"_":"أكتوبر"},"month-10-short":{"_":"نوفمبر"},"month-11-short":{"_":"ديسمبر"},"minutes-ago-long":{"_":"{[ plural(value) ]}","_[zero]":"الآن","_[one]":"منذ دقيقة","_[two]":"منذ {{value}} دقائق","_[few]":"منذ {{value}} دقائق","_[many]":"منذ {{value}} دقائق","_[other]":"منذ {{value}} دقائق"},"hours-ago-long":{"_":"{[ plural(value) ]}","_[zero]":"الآن","_[one]":"قبل ساعة واحدة","_[two]":"منذ ساعتين","_[few]":"قبل {{value}} ساعات","_[many]":"قبل {{value}} ساعة","_[other]":"قبل {{value}} ساعة"},"days-ago-long":{"_":"{[ plural(value) ]}","_[zero]":"اليوم","_[one]":"الأمس","_[two]":"قبل يومين","_[few]":"قبل {{value}} أيام","_[many]":"قبل {{value}} يوم","_[other]":"قبل {{value}} يوم"},"weeks-ago-long":{"_":"{[ plural(value) ]}","_[zero]":"هذا الأسبوع","_[one]":"الأسبوع الماضي","_[two]":"منذ {{value}} أسابيع","_[few]":"منذ {{value}} أسابيع","_[many]":"منذ {{value}} أسابيع","_[other]":"منذ {{value}} أسابيع"},"months-ago-long":{"_":"{[ plural(value) ]}","_[zero]":"هذا الشهر","_[one]":"الشهر الماضي","_[two]":"منذ {{value}} أشهر","_[few]":"منذ {{value}} أشهر","_[many]":"منذ {{value}} أشهر","_[other]":"منذ {{value}} أشهر"},"years-ago-long":{"_":"{[ plural(value) ]}","_[zero]":"هذه السنة","_[one]":"السنة الماضية","_[two]":"منذ سنتين","_[few]":"منذ {{value}} سنوات","_[many]":"منذ {{value}} سنة","_[other]":"منذ {{value}} سنة"},"minutes-until-long":{"_":"{[ plural(value) ]}","_[zero]":"الآن","_[one]":"خلال دقيقة","_[two]":"خلال دقيقتين","_[few]":"خلال {{value}} دقائق","_[many]":"خلال {{value}} دقيقة","_[other]":"خلال {{value}} دقيقة"},"hours-until-long":{"_":"{[ plural(value) ]}","_[zero]":"الآن","_[one]":"خلال ساعة","_[two]":"خلال ساعتين","_[few]":"خلال {{value}} ساعات","_[many]":"خلال {{value}} ساعة","_[other]":"خلال {{value}} ساعة"},"days-until-long":{"_":"{[ plural(value) ]}","_[zero]":"اليوم","_[one]":"غداً","_[two]":"خلال يومين","_[few]":"خلال {{value}} أيام","_[many]":"خلال {{value}} يوم","_[other]":"خلال {{value}} يوم"},"weeks-until-long":{"_":"{[ plural(value) ]}","_[zero]":"هذا الأسبوع","_[one]":"الأسبوع القادم","_[two]":"خلال اسبوعين","_[few]":"خلال {{value}} أسابيع","_[many]":"خلال {{value}} أسبوع","_[other]":"خلال {{value}} أسبوع"},"months-until-long":{"_":"{[ plural(value) ]}","_[zero]":"هذا الشهر","_[one]":"الشهر القادم","_[two]":"خلال شهرين","_[few]":"خلال {{value}} أشهر","_[many]":"خلال {{value}} شهر","_[other]":"خلال {{value}} شهر"},"years-until-long":{"_":"{[ plural(value) ]}","_[zero]":"هذه السنة","_[one]":"السنة القادمة","_[two]":"خلال سنتين","_[few]":"خلال {{value}} سنوات","_[many]":"خلال {{value}} سنة","_[other]":"خلال {{value}} سنة"},"minutes-ago-short":{"_":"{[ plural(value) ]}","_[zero]":"الآن","_[other]":"منذ {{value}} دقيقة"},"hours-ago-short":{"_":"{[ plural(value) ]}","_[zero]":"الآن","_[other]":"منذ {{value}} س"},"days-ago-short":{"_":"{[ plural(value) ]}","_[zero]":"اليوم","_[other]":"منذ {{value}} ي"},"minutes-until-short":{"_":"{[ plural(value) ]}","_[zero]":"الآن","_[other]":"خلال {{value}} د"},"hours-until-short":{"_":"{[ plural(value) ]}","_[zero]":"الآن","_[other]":"خلال {{value}} س"},"days-until-short":{"_":"{[ plural(value) ]}","_[zero]":"اليوم","_[other]":"خلال {{value}} ي"},"incorrectDate":{"_":"(تاريخ غير صحيح)"},"dateTimeFormat_%c":{"_":"%a %b %e %Y %I:%M:%S %p"},"dateTimeFormat_%x":{"_":"%m/%d/%Y"},"dateTimeFormat_%X":{"_":"%I:%M:%S %p"},"shortTimeFormat":{"_":"%I:%M %p"},"shortDateTimeFormat":{"_":"%x %I:%M %p"},"weekStartsOnMonday":{"_":"0"},"time_am":{"_":"ص"},"time_pm":{"_":"م"},"reset":{"_":"إعادة ضبط"},"start":{"_":"بدء"},"stop":{"_":"إيقاف"},"cancel":{"_":"إلغاء"},"hour":{"_":"ساعة"},"hours":{"_":"ساعات"},"minute":{"_":"دقيقة"},"minutes":{"_":"دقائق"},"enable":{"_":"تفعيل"},"back":{"_":"رجوع"},"label":{"_":"مُلصق"},"alarm":{"_":"المنبه"},"timer":{"_":"مُؤقِّت"},"stopwatch":{"_":"ساعة التوقيف"},"alarmName":{"placeholder":"إسم المنبه"},"newAlarm":{"_":"New alarm"},"editAlarm":{"_":"تعديل منبه"},"pause":{"_":"إيقاف مؤقت"},"resume":{"_":"استمرار"},"lap":{"_":"دورة"},"lap-number":{"_":"دورة {{n}}"},"delete":{"_":"حذف"},"time":{"_":"الوقت"},"snooze-label":{"_":"غفوة"},"snooze-button":{"_":"غفوة"},"repeat":{"_":"تكرار"},"vibrate":{"_":"إهتزاز"},"close":{"_":"Close"},"save":{"_":"حِفظ"},"done":{"_":"تم"},"default":{"_":"إفتراضي"},"color":{"_":"اللون"},"sound":{"_":"الصوت"},"noSound":{"_":"بلا صوت"},"everyday":{"_":"كل يوم"},"weekdays":{"_":"أيام الأسبوع"},"weekends":{"_":"عطلة نهاية الأسبوع"},"never":{"_":"أبداً"},"vibrateOn":{"_":"فعَال"},"vibrateOff":{"_":"معطّل"},"plusMinute":{"_":"+1 دقيقة"},"dateFormat":{"_":"%A, %B %e"},"countdown-lessThanAnHour":{"_":"تم ضبط المنبه خلال <strong>{{minutes}}</strong> من الآن ."},"countdown-moreThanAnHour":{"_":"تم ضبط المنبه خلال {{hours}} {{minutes}} من الآن ."},"countdown-moreThanADay":{"_":"تم ضبط المنبه خلال {{hours}} {{minutes}} من الآن ."},"nMinutes":{"_":"{[ plural(n) ]}","_[zero]":"أقل من دقيقة","_[one]":"one minute","_[two]":"{{n}} دقيقتين.","_[few]":"{{n}} دقائق .","_[many]":"{{n}} دقائق .","_[other]":"{{n}} دقائق ."},"nHours":{"_":"{[ plural(n) ]}","_[one]":"<strong>{{n}} ساعة</strong>","_[two]":"<strong>{{n}} ساعتين</strong>","_[few]":"<strong>{{n}} ساعات</strong>","_[many]":"<strong>{{n}} ساعات</strong>","_[other]":"<strong>{{n}} ساعات</strong>","_[zero]":"اقل من ساعة"},"nAndRemainHours":{"_":"{[ plural(n) ]}","_[one]":"و <strong>{{n}} ساعة</strong>","_[two]":"و <strong>{{n}} ساعات</strong>","_[few]":"و <strong>{{n}} ساعات</strong>","_[many]":"و <strong>{{n}} ساعات</strong>","_[other]":"و <strong>{{n}} ساعات</strong>","_[zero]":"ساعة مُتبقية"},"nRemainDays":{"_":"{[ plural(n) ]}","_[one]":"<strong>{{n}} ايام</strong>","_[two]":"<strong>{{n}} أيام</strong>","_[few]":"<strong>{{n}} أيام</strong>","_[many]":"<strong>{{n}} يوم</strong>","_[other]":"<strong>{{n}} يوم</strong>","_[zero]":"يوم مُتبقي"},"nRemainMinutes":{"_":"{[ plural(n) ]}","_[one]":"و <strong>{{n}} دقيقة</strong>","_[two]":"و <strong>{{n}} دقائق</strong>","_[few]":"و <strong>{{n}} دقائق</strong>","_[many]":"و <strong>{{n}} دقائق</strong>","_[other]":"و <strong>{{n}} دقائق</strong>","_[zero]":"دقيقة مُتبقية"},"ac_classic_clock_alarm_opus":{"_":"طنين كلاسيكي"},"ac_classic_clock_alarm_prog_opus2":{"_":"ذبذبة تدريجية"},"ac_classic_clock_radio_opus":{"_":"نبض كلاسيكي"},"ac_normal_gem_echoes_opus":{"_":"جوهرة الاصداء"},"ac_soft_smooth_strings_opus":{"_":"Smooth Strings"},"ac_soft_humming_waves_opus":{"_":"موجات متلألئه"},"ac_normal_ringing_strings_opus":{"_":"Ringing Strings"},"ac_soft_into_the_void_opus":{"_":"في الفراغ"}}