{"weekday-0-long":{"_":"Неделя"},"weekday-1-long":{"_":"Понеделник"},"weekday-2-long":{"_":"Вторник"},"weekday-3-long":{"_":"Сряда"},"weekday-4-long":{"_":"Четвъртък"},"weekday-5-long":{"_":"Петък"},"weekday-6-long":{"_":"Събота"},"weekday-0-short":{"_":"Нед"},"weekday-1-short":{"_":"Пон"},"weekday-2-short":{"_":"Вт"},"weekday-3-short":{"_":"Ср"},"weekday-4-short":{"_":"Чет"},"weekday-5-short":{"_":"Пет"},"weekday-6-short":{"_":"Съб"},"month-0-long":{"_":"Януари"},"month-1-long":{"_":"Февруари"},"month-2-long":{"_":"Maрт"},"month-3-long":{"_":"Aприл"},"month-4-long":{"_":"Май"},"month-5-long":{"_":"Юни"},"month-6-long":{"_":"Юли"},"month-7-long":{"_":"Август"},"month-8-long":{"_":"Септември"},"month-9-long":{"_":"Oктомври"},"month-10-long":{"_":"Ноември"},"month-11-long":{"_":"Декември"},"month-0-genitive":{"_":"Януари"},"month-1-genitive":{"_":"Февруари"},"month-2-genitive":{"_":"Maрт"},"month-3-genitive":{"_":"Aприл"},"month-4-genitive":{"_":"Май"},"month-5-genitive":{"_":"Юни"},"month-6-genitive":{"_":"Юли"},"month-7-genitive":{"_":"Август"},"month-8-genitive":{"_":"Септември"},"month-9-genitive":{"_":"Oктомври"},"month-10-genitive":{"_":"Ноември"},"month-11-genitive":{"_":"Декември"},"month-0-short":{"_":"Ян"},"month-1-short":{"_":"Фев"},"month-2-short":{"_":"Мар"},"month-3-short":{"_":"Апр"},"month-4-short":{"_":"Май"},"month-5-short":{"_":"Юни"},"month-6-short":{"_":"Юли"},"month-7-short":{"_":"Авг"},"month-8-short":{"_":"Сеп"},"month-9-short":{"_":"Окт"},"month-10-short":{"_":"Ное"},"month-11-short":{"_":"Дек"},"minutes-ago-long":{"_":"{[ plural(value) ]}","_[zero]":"в момента","_[one]":"преди минута","_[two]":"преди {{value}} минути","_[few]":"преди {{value}} минути","_[many]":"преди {{value}} минути","_[other]":"преди {{value}} минути"},"hours-ago-long":{"_":"{[ plural(value) ]}","_[zero]":"в момента","_[one]":"преди час","_[two]":"преди {{value}} часа","_[few]":"преди {{value}} часа","_[many]":"преди {{value}} часа","_[other]":"преди {{value}} часа"},"days-ago-long":{"_":"{[ plural(value) ]}","_[zero]":"днес","_[one]":"вчера","_[two]":"преди {{value}} дни","_[few]":"преди {{value}} дни","_[many]":"преди {{value}} дни","_[other]":"преди {{value}} дни"},"weeks-ago-long":{"_":"{[ plural(value) ]}","_[zero]":"тази седмица","_[one]":"миналата седмица","_[two]":"преди {{value}} седмици","_[few]":"преди {{value}} седмици","_[many]":"преди {{value}} седмици","_[other]":"преди {{value}} седмици"},"months-ago-long":{"_":"{[ plural(value) ]}","_[zero]":"този месец","_[one]":"миналия месец","_[two]":"преди {{value}} месеца","_[few]":"преди {{value}} месеца","_[many]":"преди {{value}} месеца","_[other]":"преди {{value}} месеца"},"years-ago-long":{"_":"{[ plural(value) ]}","_[zero]":"тази година","_[one]":"миналата година","_[two]":"преди {{value}} години","_[few]":"преди {{value}} години","_[many]":"преди {{value}} години","_[other]":"преди {{value}} години"},"minutes-until-long":{"_":"{[ plural(value) ]}","_[zero]":"now","_[one]":"in a minute","_[two]":"in {{value}} minutes","_[few]":"in {{value}} minutes","_[many]":"in {{value}} minutes","_[other]":"in {{value}} minutes"},"hours-until-long":{"_":"{[ plural(value) ]}","_[zero]":"сега","_[one]":"до един час","_[two]":"след {{value}} часа","_[few]":"след {{value}} часа","_[many]":"след {{value}} часа","_[other]":"след {{value}} часа"},"days-until-long":{"_":"{[ plural(value) ]}","_[zero]":"днес","_[one]":"утре","_[two]":"след {{value}} дни","_[few]":"след {{value}} дни","_[many]":"след {{value}} дни","_[other]":"след {{value}} дни"},"weeks-until-long":{"_":"{[ plural(value) ]}","_[zero]":"тази седмица","_[one]":"другата седмица","_[two]":"след {{value}} седмици","_[few]":"след {{value}} седмици","_[many]":"след {{value}} седмици","_[other]":"след {{value}} седмици"},"months-until-long":{"_":"{[ plural(value) ]}","_[zero]":"този месец","_[one]":"другия месец","_[two]":"след {{value}} месеца","_[few]":"след {{value}} месеца","_[many]":"след {{value}} месеца","_[other]":"след {{value}} месеца"},"years-until-long":{"_":"{[ plural(value) ]}","_[zero]":"тази година","_[one]":"следващата година","_[two]":"след {{value}} години","_[few]":"след {{value}} години","_[many]":"след {{value}} години","_[other]":"след {{value}} години"},"minutes-ago-short":{"_":"{[ plural(value) ]}","_[zero]":"в момента","_[other]":"преди {{value}}мин."},"hours-ago-short":{"_":"{[ plural(value) ]}","_[zero]":"в момента","_[other]":"преди {{value}}ч."},"days-ago-short":{"_":"{[ plural(value) ]}","_[zero]":"днес","_[other]":"преди {{value}}дни"},"minutes-until-short":{"_":"{[ plural(value) ]}","_[zero]":"сега","_[other]":"след {{value}}мин."},"hours-until-short":{"_":"{[ plural(value) ]}","_[zero]":"сега","_[other]":"след {{value}}ч."},"days-until-short":{"_":"{[ plural(value) ]}","_[zero]":"днес","_[other]":"след {{value}}дни"},"incorrectDate":{"_":"(невалидна дата)"},"dateTimeFormat_%c":{"_":"%a, %e %b %Y %H:%M:%S"},"dateTimeFormat_%x":{"_":"%d %m %Y"},"dateTimeFormat_%X":{"_":"%H:%M:%S"},"shortTimeFormat":{"_":"%H:%M"},"shortDateTimeFormat":{"_":"%x %H:%M"},"weekStartsOnMonday":{"_":"1"},"time_am":{"_":"AM"},"time_pm":{"_":"PM"},"reset":{"_":"Анулиране"},"start":{"_":"Старт"},"stop":{"_":"Стоп"},"cancel":{"_":"Отказ"},"hour":{"_":"Час"},"hours":{"_":"Часове"},"minute":{"_":"Минута"},"minutes":{"_":"Минути"},"enable":{"_":"Разрешаване"},"back":{"_":"Връщане"},"label":{"_":"Етикет"},"alarm":{"_":"Аларма"},"timer":{"_":"Таймер"},"stopwatch":{"_":"Хронометър"},"alarmName":{"placeholder":"Име на алармата"},"newAlarm":{"_":"Нова аларма"},"editAlarm":{"_":"Промяна"},"pause":{"_":"Пауза"},"resume":{"_":"Продължение"},"lap":{"_":"Обиколка"},"lap-number":{"_":"Обиколка {{n}}"},"delete":{"_":"Изтриване"},"time":{"_":"Време"},"snooze-label":{"_":"Snooze"},"snooze-button":{"_":"Snooze"},"repeat":{"_":"Повтаряне"},"vibrate":{"_":"Вибрация"},"close":{"_":"Затваряне"},"save":{"_":"Запазване"},"done":{"_":"Готово"},"default":{"_":"По подразбиране"},"color":{"_":"Цвят"},"sound":{"_":"Звук"},"noSound":{"_":"Без звук"},"everyday":{"_":"Всеки ден"},"weekdays":{"_":"Делници"},"weekends":{"_":"Събота и неделя"},"never":{"_":"Никога"},"vibrateOn":{"_":"Включена"},"vibrateOff":{"_":"Изключена"},"plusMinute":{"_":"+1 Min"},"dateFormat":{"_":"%A, %e %B"},"countdown-lessThanAnHour":{"_":"Алармата е настроена за след <strong>{{minutes}}</strong>."},"countdown-moreThanAnHour":{"_":"Алармата е настроена за след {{hours}} {{minutes}}."},"countdown-moreThanADay":{"_":"Алармата е настроена за след {{days}} {{hours}}."},"nMinutes":{"_":"{[ plural(n) ]}","_[zero]":"по-малко от минута","_[one]":"една минута","_[two]":"{{n}} минути","_[few]":"{{n}} минути","_[many]":"{{n}} минути","_[other]":"{{n}} минути"},"nHours":{"_":"{[ plural(n) ]}","_[one]":"<strong>{{n}} час</strong>","_[two]":"<strong>{{n}} часа</strong>","_[few]":"<strong>{{n}} часа</strong>","_[many]":"<strong>{{n}} часа</strong>","_[other]":"<strong>{{n}} часа</strong>"},"nAndRemainHours":{"_":"{[ plural(n) ]}","_[one]":"<strong>{{n}} час</strong>","_[two]":"<strong>{{n}} часа</strong>","_[few]":"<strong>{{n}} часа</strong>","_[many]":"<strong>{{n}} часове</strong>","_[other]":"<strong>{{n}} часа</strong>"},"nRemainDays":{"_":"{[ plural(n) ]}","_[one]":"<strong>{{n}} ден</strong>","_[two]":"<strong>{{n}} дни</strong>","_[few]":"<strong>{{n}} дни</strong>","_[many]":"<strong>{{n}} дни</strong>","_[other]":"<strong>{{n}} дни</strong>"},"nRemainMinutes":{"_":"{[ plural(n) ]}","_[one]":"and <strong>{{n}} минута</strong>","_[two]":"and <strong>{{n}} минути</strong>","_[few]":"and <strong>{{n}} минути</strong>","_[many]":"and <strong>{{n}} минути</strong>","_[other]":"and <strong>{{n}} минути</strong>"},"ac_classic_clock_alarm_opus":{"_":"Classic Buzz"},"ac_classic_clock_alarm_prog_opus2":{"_":"Pulse Progressive"},"ac_classic_clock_radio_opus":{"_":"Classic Pulse"},"ac_normal_gem_echoes_opus":{"_":"Gem Echoes"},"ac_soft_smooth_strings_opus":{"_":"Smooth Strings"},"ac_soft_humming_waves_opus":{"_":"Shimmering Waves"},"ac_normal_ringing_strings_opus":{"_":"Ringing Strings"},"ac_soft_into_the_void_opus":{"_":"Into the Void"},"ac_classic_clock_alarm_prog_opus":{"_":"Classic Pulse Progressive"},"snooze":{"_":"Отлагане"}}