{"weekday-0-long":{"_":"রবিবার"},"weekday-1-long":{"_":"সোমবার"},"weekday-2-long":{"_":"মঙ্গলবার"},"weekday-3-long":{"_":"বুধবার"},"weekday-4-long":{"_":"বৃহস্পতিবার"},"weekday-5-long":{"_":"শুক্রবার"},"weekday-6-long":{"_":"শনিবার"},"weekday-0-short":{"_":"রবি"},"weekday-1-short":{"_":"সোম"},"weekday-2-short":{"_":"মঙ্গল"},"weekday-3-short":{"_":"বুধ"},"weekday-4-short":{"_":"বৃহঃ"},"weekday-5-short":{"_":"শুক্র"},"weekday-6-short":{"_":"শনি"},"month-0-long":{"_":"জানুয়ারি"},"month-1-long":{"_":"ফেব্রুয়ারি"},"month-2-long":{"_":"মার্চ"},"month-3-long":{"_":"এপ্রিল"},"month-4-long":{"_":"মে"},"month-5-long":{"_":"জুন"},"month-6-long":{"_":"জুলাই"},"month-7-long":{"_":"আগস্ট"},"month-8-long":{"_":"সেপ্টেম্বর"},"month-9-long":{"_":"অক্টোবর"},"month-10-long":{"_":"নভেম্বর"},"month-11-long":{"_":"ডিসেম্বর"},"month-0-genitive":{"_":"জানুয়ারি"},"month-1-genitive":{"_":"ফেব্রুয়ারি"},"month-2-genitive":{"_":"মার্চ"},"month-3-genitive":{"_":"এপ্রিল"},"month-4-genitive":{"_":"মে"},"month-5-genitive":{"_":"জুন"},"month-6-genitive":{"_":"জুলাই"},"month-7-genitive":{"_":"আগস্ট"},"month-8-genitive":{"_":"সেপ্টেম্বর"},"month-9-genitive":{"_":"অক্টোবর"},"month-10-genitive":{"_":"নভেম্বর"},"month-11-genitive":{"_":"ডিসেম্বর"},"month-0-short":{"_":"জানু"},"month-1-short":{"_":"ফেব্রু"},"month-2-short":{"_":"মার্চ"},"month-3-short":{"_":"এপ্রিল"},"month-4-short":{"_":"মে"},"month-5-short":{"_":"জুন"},"month-6-short":{"_":"জুলাই"},"month-7-short":{"_":"আগস্ট"},"month-8-short":{"_":"সেপ্ট"},"month-9-short":{"_":"অক্টো"},"month-10-short":{"_":"নভে"},"month-11-short":{"_":"ডিসে"},"minutes-ago-long":{"_":"{[ plural(value) ]}","_[zero]":"এইমাত্র","_[one]":"১ মিনিট পূর্বে","_[two]":"{{value}} মিনিট পূর্বে","_[few]":"{{value}} মিনিট পূর্বে","_[many]":"{{value}} মিনিট পূর্বে","_[other]":"{{value}} মিনিট পূর্বে"},"hours-ago-long":{"_":"{[ plural(value) ]}","_[zero]":"এইমাত্র","_[one]":"১ ঘন্টা পূর্বে","_[two]":"{{value}} ঘন্টা পূর্বে","_[few]":"{{value}} ঘন্টা পূর্বে","_[many]":"{{value}} ঘন্টা পূর্বে","_[other]":"{{value}} ঘন্টা পূর্বে"},"days-ago-long":{"_":"{[ plural(value) ]}","_[zero]":"আজ","_[one]":"গতকাল","_[two]":"{{value}} দিন পূর্বে","_[few]":"{{value}} দিন পূর্বে","_[many]":"{{value}} দিন পূর্বে","_[other]":"{{value}} দিন পূর্বে"},"weeks-ago-long":{"_":"{[ plural(value) ]}","_[zero]":"এই সপ্তাহে","_[one]":"গত সপ্তাহ","_[two]":"{{value}} সপ্তাহ পূর্বে","_[few]":"{{value}} সপ্তাহ পূর্বে","_[many]":"{{value}} সপ্তাহ পূর্বে","_[other]":"{{value}} সপ্তাহ পূর্বে"},"months-ago-long":{"_":"{[ plural(value) ]}","_[zero]":"চলতি মাস","_[one]":"গত মাস","_[two]":"{{value}} মাস পূর্বে","_[few]":"{{value}} মাস পূর্বে","_[many]":"{{value}} মাস পূর্বে","_[other]":"{{value}} মাস পূর্বে"},"years-ago-long":{"_":"{[ plural(value) ]}","_[zero]":"এই বছর","_[one]":"গত বছর","_[two]":"{{value}} বছর আগে","_[few]":"{{value}} বছর পূর্বে","_[many]":"{{value}} বছর পূর্বে","_[other]":"{{value}} বছর পূর্বে"},"minutes-until-long":{"_":"{[ plural(value) ]}","_[zero]":"এখন","_[one]":"এক মিনিটের মধ্যে","_[two]":"{{value}} মিনিটের মধ্যে","_[few]":"{{value}} মিনিটের মধ্যে","_[many]":"{{value}} মিনিটের মধ্যে","_[other]":"{{value}} মিনিটের মধ্যে"},"hours-until-long":{"_":"{[ plural(value) ]}","_[zero]":"এখন","_[one]":"এক ঘন্টার মধ্যে","_[two]":"{{value}} ঘন্টার মধ্যে","_[few]":"{{value}} ঘন্টার মধ্যে","_[many]":"{{value}} ঘন্টার মধ্যে","_[other]":"{{value}} ঘন্টার মধ্যে"},"days-until-long":{"_":"{[ plural(value) ]}","_[zero]":"আজ","_[one]":"আগামীকাল","_[two]":"{{value}} দিনের মধ্যে","_[few]":"{{value}} দিনের মধ্যে","_[many]":"{{value}} দিনের মধ্যে","_[other]":"{{value}} দিনের মধ্যে"},"weeks-until-long":{"_":"{[ plural(value) ]}","_[zero]":"চলতি সপ্তাহ","_[one]":"পরবর্তী সপ্তাহ","_[two]":"{{value}} সপ্তাহের মধ্যে","_[few]":"{{value}} সপ্তাহের মধ্যে","_[many]":"{{value}} সপ্তাহের মধ্যে","_[other]":"{{value}} সপ্তাহের মধ্যে"},"months-until-long":{"_":"{[ plural(value) ]}","_[zero]":"এই মাস","_[one]":"পরবর্তী মাস","_[two]":"{{value}} মাসের মধ্যে","_[few]":"{{value}} মাসের মধ্যে","_[many]":"{{value}} মাসের মধ্যে","_[other]":"{{value}} মাসের মধ্যে"},"years-until-long":{"_":"{[ plural(value) ]}","_[zero]":"এই বছর","_[one]":"আগামী বছর","_[two]":"{{value}} বছরের মধ্যে","_[few]":"{{value}} বছরের মধ্যে","_[many]":"{{value}} বছরের মধ্যে","_[other]":"{{value}} বছরের মধ্যে"},"minutes-ago-short":{"_":"{[ plural(value) ]}","_[zero]":"এইমাত্র","_[other]":"{{value}}মি. পূর্বে"},"hours-ago-short":{"_":"{[ plural(value) ]}","_[zero]":"এইমাত্র","_[other]":"{{value}}ঘ. পূর্বে"},"days-ago-short":{"_":"{[ plural(value) ]}","_[zero]":"আজ","_[other]":"{{value}}দিন পূর্বে"},"minutes-until-short":{"_":"{[ plural(value) ]}","_[zero]":"এখন","_[other]":"{{value}} মিনিটের মধ্যে"},"hours-until-short":{"_":"{[ plural(value) ]}","_[zero]":"এখন","_[other]":"{{value}}ঘন্টার মধ্যে"},"days-until-short":{"_":"{[ plural(value) ]}","_[zero]":"আজ","_[other]":"{{value}}দিনের মধ্যে"},"incorrectDate":{"_":"(ভুল তারিখ)"},"dateTimeFormat_%c":{"_":"%a %b %e %Y %I:%M:%S %p"},"dateTimeFormat_%x":{"_":"%m/%d/%Y"},"dateTimeFormat_%X":{"_":"%I:%M:%S %p"},"shortTimeFormat":{"_":"%I:%M %p"},"shortDateTimeFormat":{"_":"%x %I:%M %p"},"weekStartsOnMonday":{"_":"0"},"time_am":{"_":"AM"},"time_pm":{"_":"PM"},"reset":{"_":"রিসেট"},"start":{"_":"শুরু"},"stop":{"_":"থামুন"},"cancel":{"_":"বাতিল"},"hour":{"_":"ঘন্টা"},"hours":{"_":"ঘন্টা"},"minute":{"_":"মিনিট"},"minutes":{"_":"মিনিট"},"enable":{"_":"সক্রিয়"},"back":{"_":"পিছনে"},"label":{"_":"লেবেল"},"alarm":{"_":"অ্যালার্ম"},"timer":{"_":"টাইমার"},"stopwatch":{"_":"স্টপওয়াচ"},"alarmName":{"placeholder":"অ্যালার্মের নাম"},"newAlarm":{"_":"নতুন অ্যালার্ম"},"editAlarm":{"_":"অ্যালার্ম সম্পাদনা"},"pause":{"_":"বিরতি"},"resume":{"_":"পুনরায় আরম্ভ"},"lap":{"_":"ল্যাপ"},"lap-number":{"_":"ল্যাপ {{n}}"},"delete":{"_":"অপসারণ"},"time":{"_":"সময়"},"snooze-label":{"_":"Snooze"},"snooze-button":{"_":"Snooze"},"repeat":{"_":"পুনরাবৃত্তি"},"vibrate":{"_":"ভাইব্রেট"},"close":{"_":"বন্ধ"},"save":{"_":"সংরক্ষণ"},"done":{"_":"সম্পন্ন"},"default":{"_":"পূর্বনির্ধারিত"},"color":{"_":"রঙ"},"sound":{"_":"শব্দ"},"noSound":{"_":"নিঃশব্দ"},"everyday":{"_":"প্রতিদিন"},"weekdays":{"_":"কর্মদিবস"},"weekends":{"_":"ছুটির দিন"},"never":{"_":"কখনও না"},"vibrateOn":{"_":"চালু"},"vibrateOff":{"_":"বন্ধ"},"plusMinute":{"_":"+1 Min"},"dateFormat":{"_":"%A, %B %e"},"countdown-lessThanAnHour":{"_":"এই অ্যালার্মটি এখন থেকে <strong>{{minutes}}</strong> মিনিট পর বেজে উঠবে।"},"countdown-moreThanAnHour":{"_":"এই অ্যালার্মটি এখন থেকে {{hours}} {{minutes}} পর বেজে উঠবে।"},"countdown-moreThanADay":{"_":"অ্যালার্ম এখন থেকে {{days}} {{hours}} পর বেজে উঠবে।"},"nMinutes":{"_":"{[ plural(n) ]}","_[zero]":"এক মিনিটেরও কম","_[one]":"এক মিনিট","_[two]":"{{n}} মিনিট","_[few]":"{{n}} মিনিট","_[many]":"{{n}} মিনিট","_[other]":"{{n}} মিনিট"},"nHours":{"_":"{[ plural(n) ]}","_[one]":"<strong>{{n}} ঘন্টা</strong>","_[two]":"<strong>{{n}} ঘণ্টা</strong>","_[few]":"<strong>{{n}} ঘণ্টা</strong>","_[many]":"<strong>{{n}} ঘণ্টা</strong>","_[other]":"<strong>{{n}} ঘণ্টা</strong>"},"nAndRemainHours":{"_":"{[ plural(n) ]}","_[one]":"এবং <strong>{{n}} ঘন্টা</strong>","_[two]":"এবং <strong>{{n}} ঘন্টা</strong>","_[few]":"এবং <strong>{{n}} ঘন্টা</strong>","_[many]":"এবং <strong>{{n}} ঘন্টা</strong>","_[other]":"এবং <strong>{{n}} ঘন্টা</strong>"},"nRemainDays":{"_":"{[ plural(n) ]}","_[one]":"<strong>{{n}} দিন</strong>","_[two]":"<strong>{{n}} দিন</strong>","_[few]":"<strong>{{n}} দিন</strong>","_[many]":"<strong>{{n}} দিন</strong>","_[other]":"<strong>{{n}} দিন</strong>"},"nRemainMinutes":{"_":"{[ plural(n) ]}","_[one]":"এবং <strong>{{n}} মিনিট</strong>","_[two]":"এবং <strong>{{n}} মিনিট</strong>","_[few]":"এবং <strong>{{n}} মিনিট</strong>","_[many]":"এবং <strong>{{n}} মিনিট</strong>","_[other]":"এবং <strong>{{n}} মিনিট</strong>"},"ac_classic_clock_alarm_opus":{"_":"ক্লাসিক বাজ"},"ac_classic_clock_alarm_prog_opus2":{"_":"Pulse Progressive"},"ac_classic_clock_radio_opus":{"_":"ক্লাসিক পাল্স"},"ac_normal_gem_echoes_opus":{"_":"জেম ইকোস"},"ac_soft_smooth_strings_opus":{"_":"স্মুথ স্ট্রিংস"},"ac_soft_humming_waves_opus":{"_":"শিমেরিং ওয়েভস"},"ac_normal_ringing_strings_opus":{"_":"রিঙ্গিং স্ট্রিং"},"ac_soft_into_the_void_opus":{"_":"ইনটও দ্যা ভয়েড"}}