{"weekday-0-long":{"_":"diumenge"},"weekday-1-long":{"_":"dilluns"},"weekday-2-long":{"_":"dimarts"},"weekday-3-long":{"_":"dimecres"},"weekday-4-long":{"_":"dijous"},"weekday-5-long":{"_":"divendres"},"weekday-6-long":{"_":"dissabte"},"weekday-0-short":{"_":"dg"},"weekday-1-short":{"_":"dl"},"weekday-2-short":{"_":"dt"},"weekday-3-short":{"_":"dc"},"weekday-4-short":{"_":"dj"},"weekday-5-short":{"_":"dv"},"weekday-6-short":{"_":"ds"},"month-0-long":{"_":"gener"},"month-1-long":{"_":"febrer"},"month-2-long":{"_":"març"},"month-3-long":{"_":"abril"},"month-4-long":{"_":"maig"},"month-5-long":{"_":"juny"},"month-6-long":{"_":"juliol"},"month-7-long":{"_":"agost"},"month-8-long":{"_":"setembre"},"month-9-long":{"_":"octubre"},"month-10-long":{"_":"novembre"},"month-11-long":{"_":"desembre"},"month-0-genitive":{"_":"de gener"},"month-1-genitive":{"_":"de febrer"},"month-2-genitive":{"_":"de març"},"month-3-genitive":{"_":"d'abril"},"month-4-genitive":{"_":"de maig"},"month-5-genitive":{"_":"de juny"},"month-6-genitive":{"_":"de juliol"},"month-7-genitive":{"_":"d'agost"},"month-8-genitive":{"_":"de setembre"},"month-9-genitive":{"_":"d'octubre"},"month-10-genitive":{"_":"de novembre"},"month-11-genitive":{"_":"de desembre"},"month-0-short":{"_":"gen"},"month-1-short":{"_":"febr"},"month-2-short":{"_":"març"},"month-3-short":{"_":"abr"},"month-4-short":{"_":"maig"},"month-5-short":{"_":"juny"},"month-6-short":{"_":"jul"},"month-7-short":{"_":"ag"},"month-8-short":{"_":"set"},"month-9-short":{"_":"oct"},"month-10-short":{"_":"nov"},"month-11-short":{"_":"des"},"minutes-ago-long":{"_":"{[ plural(value) ]}","_[zero]":"ara","_[one]":"fa un minut","_[two]":"fa {{value}} minuts","_[few]":"fa {{value}} minuts","_[many]":"fa {{value}} minuts","_[other]":"fa {{value}} minuts"},"hours-ago-long":{"_":"{[ plural(value) ]}","_[zero]":"ara","_[one]":"fa una hora","_[two]":"fa {{value}} hores","_[few]":"fa {{value}} hores","_[many]":"fa {{value}} hores","_[other]":"fa {{value}} hores"},"days-ago-long":{"_":"{[ plural(value) ]}","_[zero]":"avui","_[one]":"ahir","_[two]":"fa {{value}} dies","_[few]":"fa {{value}} dies","_[many]":"fa {{value}} dies","_[other]":"fa {{value}} dies"},"weeks-ago-long":{"_":"{[ plural(value) ]}","_[zero]":"aquesta setmana","_[one]":"la setmana passada","_[two]":"fa {{value}} setmanes","_[few]":"fa {{value}} setmanes","_[many]":"fa {{value}} setmanes","_[other]":"fa {{value}} setmanes"},"months-ago-long":{"_":"{[ plural(value) ]}","_[zero]":"aquest mes","_[one]":"el mes passat","_[two]":"fa {{value}} mesos","_[few]":"fa {{value}} mesos","_[many]":"fa {{value}} mesos","_[other]":"fa {{value}} mesos"},"years-ago-long":{"_":"{[ plural(value) ]}","_[zero]":"enguany","_[one]":"l'any passat","_[two]":"fa {{value}} anys","_[few]":"fa {{value}} anys","_[many]":"fa {{value}} anys","_[other]":"fa {{value}} anys"},"minutes-until-long":{"_":"{[ plural(value) ]}","_[zero]":"ara","_[one]":"d'aquí un minut","_[two]":"d'aquí {{value}} minuts","_[few]":"d'aquí {{value}} minuts","_[many]":"d'aquí {{value}} minuts","_[other]":"d'aquí {{value}} minuts"},"hours-until-long":{"_":"{[ plural(value) ]}","_[zero]":"ara","_[one]":"d'aquí una hora","_[two]":"d'aquí {{value}} hores","_[few]":"d'aquí {{value}} hores","_[many]":"d'aquí {{value}} hores","_[other]":"d'aquí {{value}} hores"},"days-until-long":{"_":"{[ plural(value) ]}","_[zero]":"avui","_[one]":"demà","_[two]":"d'aquí {{value}} dies","_[few]":"d'aquí {{value}} dies","_[many]":"d'aquí {{value}} dies","_[other]":"d'aquí {{value}} dies"},"weeks-until-long":{"_":"{[ plural(value) ]}","_[zero]":"aquesta setmana","_[one]":"la setmana que ve","_[two]":"d'aquí {{value}} setmanes","_[few]":"d'aquí {{value}} setmanes","_[many]":"d'aquí {{value}} setmanes","_[other]":"d'aquí {{value}} setmanes"},"months-until-long":{"_":"{[ plural(value) ]}","_[zero]":"aquest mes","_[one]":"el mes que ve","_[two]":"d'aquí {{value}} mesos","_[few]":"d'aquí {{value}} mesos","_[many]":"d'aquí {{value}} mesos","_[other]":"d'aquí {{value}} mesos"},"years-until-long":{"_":"{[ plural(value) ]}","_[zero]":"enguany","_[one]":"l'any que ve","_[two]":"d'aquí {{value}} anys","_[few]":"d'aquí {{value}} anys","_[many]":"d'aquí {{value}} anys","_[other]":"d'aquí {{value}} anys"},"minutes-ago-short":{"_":"{[ plural(value) ]}","_[zero]":"ara","_[other]":"fa {{value}} m"},"hours-ago-short":{"_":"{[ plural(value) ]}","_[zero]":"ara","_[other]":"fa {{value}} h"},"days-ago-short":{"_":"{[ plural(value) ]}","_[zero]":"avui","_[other]":"fa {{value}} d"},"minutes-until-short":{"_":"{[ plural(value) ]}","_[zero]":"ara","_[other]":"d'aquí {{value}} m"},"hours-until-short":{"_":"{[ plural(value) ]}","_[zero]":"ara","_[other]":"d'aquí {{value}} h"},"days-until-short":{"_":"{[ plural(value) ]}","_[zero]":"avui","_[other]":"d'aquí {{value}} d"},"incorrectDate":{"_":"(data no vàlida)"},"dateTimeFormat_%c":{"_":"%a %e %Eb, %Y %H:%M:%S"},"dateTimeFormat_%x":{"_":"%d/%m/%Y"},"dateTimeFormat_%X":{"_":"%H:%M:%S"},"shortTimeFormat":{"_":"%H:%M"},"shortDateTimeFormat":{"_":"%x %H:%M"},"weekStartsOnMonday":{"_":"1"},"time_am":{"_":"am"},"time_pm":{"_":"pm"},"reset":{"_":"Reinicia"},"start":{"_":"Inicia"},"stop":{"_":"Atura"},"cancel":{"_":"Cancel·la"},"hour":{"_":"Hora"},"hours":{"_":"Hores"},"minute":{"_":"Minut"},"minutes":{"_":"Minuts"},"enable":{"_":"Activa"},"back":{"_":"Enrere"},"label":{"_":"Etiqueta"},"alarm":{"_":"Alarma"},"timer":{"_":"Temporitzador"},"stopwatch":{"_":"Cronòmetre"},"alarmName":{"placeholder":"Nom de l'alarma"},"newAlarm":{"_":"Alarma nova"},"editAlarm":{"_":"Edita l'alarma"},"pause":{"_":"Pausa"},"resume":{"_":"Reprèn"},"lap":{"_":"Volta"},"lap-number":{"_":"Volta {{n}}"},"delete":{"_":"Elimina"},"time":{"_":"Hora"},"snooze-label":{"_":"Ajorna"},"snooze-button":{"_":"Ajorna"},"repeat":{"_":"Repeteix"},"vibrate":{"_":"Vibració"},"close":{"_":"Tanca"},"save":{"_":"Desa"},"done":{"_":"Fet"},"default":{"_":"Per defecte"},"color":{"_":"Color"},"sound":{"_":"So"},"noSound":{"_":"Sense so"},"everyday":{"_":"Cada dia"},"weekdays":{"_":"Feiners"},"weekends":{"_":"Caps de setmana"},"never":{"_":"Mai"},"vibrateOn":{"_":"Activada"},"vibrateOff":{"_":"Desactivada"},"plusMinute":{"_":"+1 min."},"dateFormat":{"_":"%A %e %Eb"},"countdown-lessThanAnHour":{"_":"L'alarma sonarà d'aquí <strong>{{minutes}}</strong>."},"countdown-moreThanAnHour":{"_":"L'alarma sonarà d'aquí {{hours}} {{minutes}}."},"countdown-moreThanADay":{"_":"L'alarma sonarà d'aquí {{days}} {{hours}}."},"nMinutes":{"_":"{[ plural(n) ]}","_[zero]":"menys d'un minut","_[one]":"un minut","_[two]":"{{n}} minuts","_[few]":"{{n}} minuts","_[many]":"{{n}} minuts","_[other]":"{{n}} minuts"},"nHours":{"_":"{[ plural(n) ]}","_[one]":"<strong>{{n}} hora</strong>","_[two]":"<strong>{{n}} hores</strong>","_[few]":"<strong>{{n}} hores</strong>","_[many]":"<strong>{{n}} hores</strong>","_[other]":"<strong>{{n}} hores</strong>"},"nAndRemainHours":{"_":"{[ plural(n) ]}","_[one]":"i <strong>{{n}} hora</strong>","_[two]":"i <strong>{{n}} hores</strong>","_[few]":"i <strong>{{n}} hores</strong>","_[many]":"i <strong>{{n}} hores</strong>","_[other]":"i <strong>{{n}} hores</strong>"},"nRemainDays":{"_":"{[ plural(n) ]}","_[one]":"<strong>{{n}} dia</strong>","_[two]":"<strong>{{n}} dies</strong>","_[few]":"<strong>{{n}} dies</strong>","_[many]":"<strong>{{n}} dies</strong>","_[other]":"<strong>{{n}} dies</strong>"},"nRemainMinutes":{"_":"{[ plural(n) ]}","_[one]":"i <strong>{{n}} minut</strong>","_[two]":"i <strong>{{n}} minuts</strong>","_[few]":"i <strong>{{n}} minuts</strong>","_[many]":"i <strong>{{n}} minuts</strong>","_[other]":"i <strong>{{n}} minuts</strong>"},"ac_classic_clock_alarm_opus":{"_":"Brunzit clàssic"},"ac_classic_clock_alarm_prog_opus2":{"_":"Pols progressiu"},"ac_classic_clock_radio_opus":{"_":"Pols clàssic"},"ac_normal_gem_echoes_opus":{"_":"Ecos de gemmes"},"ac_soft_smooth_strings_opus":{"_":"Cadenes suaus"},"ac_soft_humming_waves_opus":{"_":"Ones brillants"},"ac_normal_ringing_strings_opus":{"_":"Cadenes sonores"},"ac_soft_into_the_void_opus":{"_":"En el buit"}}