{"weekday-0-long":{"_":"Neděle"},"weekday-1-long":{"_":"Pondělí"},"weekday-2-long":{"_":"Úterý"},"weekday-3-long":{"_":"Středa"},"weekday-4-long":{"_":"Čtvrtek"},"weekday-5-long":{"_":"Pátek"},"weekday-6-long":{"_":"Sobota"},"weekday-0-short":{"_":"Ne"},"weekday-1-short":{"_":"Po"},"weekday-2-short":{"_":"Út"},"weekday-3-short":{"_":"St"},"weekday-4-short":{"_":"Čt"},"weekday-5-short":{"_":"Pá"},"weekday-6-short":{"_":"So"},"month-0-long":{"_":"Leden"},"month-1-long":{"_":"Únor"},"month-2-long":{"_":"Březen"},"month-3-long":{"_":"Duben"},"month-4-long":{"_":"Květen"},"month-5-long":{"_":"Červen"},"month-6-long":{"_":"Červenec"},"month-7-long":{"_":"Srpen"},"month-8-long":{"_":"Září"},"month-9-long":{"_":"Říjen"},"month-10-long":{"_":"Listopad"},"month-11-long":{"_":"Prosinec"},"month-0-genitive":{"_":"Leden"},"month-1-genitive":{"_":"Únor"},"month-2-genitive":{"_":"Březen"},"month-3-genitive":{"_":"Duben"},"month-4-genitive":{"_":"Květen"},"month-5-genitive":{"_":"Červen"},"month-6-genitive":{"_":"Červenec"},"month-7-genitive":{"_":"Srpen"},"month-8-genitive":{"_":"Září"},"month-9-genitive":{"_":"Říjen"},"month-10-genitive":{"_":"Listopad"},"month-11-genitive":{"_":"Prosinec"},"month-0-short":{"_":"leden"},"month-1-short":{"_":"únor"},"month-2-short":{"_":"březen"},"month-3-short":{"_":"duben"},"month-4-short":{"_":"květen"},"month-5-short":{"_":"červen"},"month-6-short":{"_":"červenec"},"month-7-short":{"_":"srpen"},"month-8-short":{"_":"září"},"month-9-short":{"_":"říjen"},"month-10-short":{"_":"listopad"},"month-11-short":{"_":"prosinec"},"minutes-ago-long":{"_":"{[ plural(value) ]}","_[zero]":"právě teď","_[one]":"před minutou","_[two]":"před 2 minutami","_[few]":"před {{value}} minutami","_[many]":"před {{value}} minutami","_[other]":"před {{value}} minutami"},"hours-ago-long":{"_":"{[ plural(value) ]}","_[zero]":"právě teď","_[one]":"před hodinou","_[two]":"před 2 hodinami","_[few]":"před {{value}} hodinami","_[many]":"před {{value}} hodinami","_[other]":"před {{value}} hodinami"},"days-ago-long":{"_":"{[ plural(value) ]}","_[zero]":"dnes","_[one]":"včera","_[two]":"předevčírem","_[few]":"před {{value}} dny","_[many]":"před {{value}} dny","_[other]":"před {{value}} dny"},"weeks-ago-long":{"_":"{[ plural(value) ]}","_[zero]":"tento týden","_[one]":"minutý týden","_[two]":"před {{value}} týdny","_[few]":"před {{value}} týdny","_[many]":"před {{value}} týdny","_[other]":"před {{value}} týdny"},"months-ago-long":{"_":"{[ plural(value) ]}","_[zero]":"tento měsíc","_[one]":"minulý měsíc","_[two]":"před {{value}} měsíci","_[few]":"před {{value}} měsíci","_[many]":"před {{value}} měsíci","_[other]":"před {{value}} měsíci"},"years-ago-long":{"_":"{[ plural(value) ]}","_[zero]":"tento rok","_[one]":"minulý rok","_[two]":"před {{value}} roky","_[few]":"před {{value}} roky","_[many]":"před {{value}} roky","_[other]":"před {{value}} roky"},"minutes-until-long":{"_":"{[ plural(value) ]}","_[zero]":"nyní","_[one]":"za minutu","_[two]":"za 2 minuty","_[few]":"za {{value}} minuty","_[many]":"za {{value}} minut","_[other]":"za {{value}} minut"},"hours-until-long":{"_":"{[ plural(value) ]}","_[zero]":"nyní","_[one]":"za hodinu","_[two]":"za 2 hodiny","_[few]":"za {{value}} hodiny","_[many]":"za {{value}} hodin","_[other]":"za {{value}} hodin"},"days-until-long":{"_":"{[ plural(value) ]}","_[zero]":"dnes","_[one]":"zítra","_[two]":"pozítří","_[few]":"za {{value}} dny","_[many]":"za {{value}} dnů","_[other]":"za {{value}} dnů"},"weeks-until-long":{"_":"{[ plural(value) ]}","_[zero]":"tento týden","_[one]":"příští týden","_[two]":"za {{value}} týdny","_[few]":"za {{value}} týdny","_[many]":"za {{value}} týdnů","_[other]":"za {{value}} týdnů"},"months-until-long":{"_":"{[ plural(value) ]}","_[zero]":"tento měsíc","_[one]":"příští měsíc","_[two]":"za {{value}} měsíce","_[few]":"za {{value}} měsíce","_[many]":"za {{value}} měsíců","_[other]":"za {{value}} měsíců"},"years-until-long":{"_":"{[ plural(value) ]}","_[zero]":"tento rok","_[one]":"příští rok","_[two]":"za {{value}} roky","_[few]":"za {{value}} roky","_[many]":"za {{value}} roků","_[other]":"za {{value}} roků"},"minutes-ago-short":{"_":"{[ plural(value) ]}","_[zero]":"právě teď","_[other]":"před {{value}} min"},"hours-ago-short":{"_":"{[ plural(value) ]}","_[zero]":"právě teď","_[other]":"před {{value}} hod"},"days-ago-short":{"_":"{[ plural(value) ]}","_[zero]":"dnes","_[other]":"před {{value}} dny"},"minutes-until-short":{"_":"{[ plural(value) ]}","_[zero]":"nyní","_[other]":"za {{value}} min"},"hours-until-short":{"_":"{[ plural(value) ]}","_[zero]":"nyní","_[other]":"za {{value}} hod"},"days-until-short":{"_":"{[ plural(value) ]}","_[zero]":"dnes","_[other]":"za {{value}} dny"},"incorrectDate":{"_":"(neplatné datum)"},"dateTimeFormat_%c":{"_":"%a %e. %b %Y %H:%M:%S"},"dateTimeFormat_%x":{"_":"%e. %m. %Y"},"dateTimeFormat_%X":{"_":"%H:%M:%S"},"shortTimeFormat":{"_":"%H:%M"},"shortDateTimeFormat":{"_":"%x %H:%M"},"weekStartsOnMonday":{"_":"1"},"time_am":{"_":"AM"},"time_pm":{"_":"PM"},"reset":{"_":"Obnovit"},"start":{"_":"Spustit"},"stop":{"_":"Ukončit"},"cancel":{"_":"Zrušit"},"hour":{"_":"Hodina"},"hours":{"_":"Hodiny"},"minute":{"_":"Minuta"},"minutes":{"_":"Minuty"},"enable":{"_":"Povolit"},"back":{"_":"Zrušit"},"label":{"_":"Název"},"alarm":{"_":"Budík"},"timer":{"_":"Časovač"},"stopwatch":{"_":"Stopky"},"alarmName":{"placeholder":"Název budíku"},"newAlarm":{"_":"Nový budík"},"editAlarm":{"_":"Úprava budíku"},"pause":{"_":"Pozastavit"},"resume":{"_":"Pokračovat"},"lap":{"_":"Kolo"},"lap-number":{"_":"Kolo {{n}}"},"delete":{"_":"Smazat"},"time":{"_":"Čas"},"snooze-label":{"_":"Odložit"},"snooze-button":{"_":"Odložit"},"repeat":{"_":"Opakovat"},"vibrate":{"_":"Vibrace"},"close":{"_":"Zavřít"},"save":{"_":"Uložit"},"done":{"_":"Hotovo"},"default":{"_":"Výchozí"},"color":{"_":"Barva"},"sound":{"_":"Zvuk"},"noSound":{"_":"Bez zvuku"},"everyday":{"_":"Každý den"},"weekdays":{"_":"Pracovní dny"},"weekends":{"_":"Víkend"},"never":{"_":"Nikdy"},"vibrateOn":{"_":"Zapnuty"},"vibrateOff":{"_":"Vypnuty"},"plusMinute":{"_":"+1 Min"},"dateFormat":{"_":"%A %e. %B "},"countdown-lessThanAnHour":{"_":"Budík se spustí za <strong>{{minutes}}</strong>."},"countdown-moreThanAnHour":{"_":"Budík se spustí za {{hours}} {{minutes}}."},"countdown-moreThanADay":{"_":"Budík se spustí za {{days}} {{hours}}."},"nMinutes":{"_":"{[ plural(n) ]}","_[zero]":"méně než minutu","_[one]":"minutu","_[two]":"dvě minuty","_[few]":"{{n}} minuty","_[many]":"{{n}} minut","_[other]":"{{n}} minut"},"nHours":{"_":"{[ plural(n) ]}","_[one]":"<strong>{{n}} hodina</strong>","_[two]":"<strong>{{n}} hodiny</strong>","_[few]":"<strong>{{n}} hodiny</strong>","_[many]":"<strong>{{n}} hodin</strong>","_[other]":"<strong>{{n}} hodin</strong>"},"nAndRemainHours":{"_":"{[ plural(n) ]}","_[one]":"a <strong>hodinu</strong>","_[two]":"a <strong>dvě hodiny</strong>","_[few]":"a <strong>{{n}} hodiny</strong>","_[many]":"a <strong>{{n}} hodin</strong>","_[other]":"a <strong>{{n}} hodin</strong>"},"nRemainDays":{"_":"{[ plural(n) ]}","_[one]":"<strong>{{n}} den</strong>","_[two]":"<strong>{{n}} dny</strong>","_[few]":"<strong>{{n}} dny</strong>","_[many]":"<strong>{{n}} dní</strong>","_[other]":"<strong>{{n}} dní</strong>"},"nRemainMinutes":{"_":"{[ plural(n) ]}","_[one]":"a <strong>minutu</strong>","_[two]":"a <strong>dvě minuty</strong>","_[few]":"a <strong>{{n}} minuty</strong>","_[many]":"a <strong>{{n}} minuty</strong>","_[other]":"a <strong>{{n}} minut</strong>"},"ac_classic_clock_alarm_opus":{"_":"Klasický bzučák"},"ac_classic_clock_alarm_prog_opus2":{"_":"Progresivní pulz"},"ac_classic_clock_radio_opus":{"_":"Klasický pulz"},"ac_normal_gem_echoes_opus":{"_":"Ozvěny krystalů"},"ac_soft_smooth_strings_opus":{"_":"Jemné struny"},"ac_soft_humming_waves_opus":{"_":"Chvějící se vlny"},"ac_normal_ringing_strings_opus":{"_":"Drnkající struny"},"ac_soft_into_the_void_opus":{"_":"Do nicoty"}}