{"weekday-0-long":{"_":"Søndag"},"weekday-1-long":{"_":"Mandag"},"weekday-2-long":{"_":"Tirsdag"},"weekday-3-long":{"_":"Onsdag"},"weekday-4-long":{"_":"Torsdag"},"weekday-5-long":{"_":"Fredag"},"weekday-6-long":{"_":"Lørdag"},"weekday-0-short":{"_":"Søn"},"weekday-1-short":{"_":"Man"},"weekday-2-short":{"_":"Tir"},"weekday-3-short":{"_":"Ons"},"weekday-4-short":{"_":"Tor"},"weekday-5-short":{"_":"Fre"},"weekday-6-short":{"_":"Lør"},"month-0-long":{"_":"Januar"},"month-1-long":{"_":"Februar"},"month-2-long":{"_":"Marts"},"month-3-long":{"_":"April"},"month-4-long":{"_":"Maj"},"month-5-long":{"_":"Juni"},"month-6-long":{"_":"Juli"},"month-7-long":{"_":"August"},"month-8-long":{"_":"September"},"month-9-long":{"_":"Oktober"},"month-10-long":{"_":"November"},"month-11-long":{"_":"December"},"month-0-genitive":{"_":"januar"},"month-1-genitive":{"_":"februar"},"month-2-genitive":{"_":"marts"},"month-3-genitive":{"_":"april"},"month-4-genitive":{"_":"maj"},"month-5-genitive":{"_":"juni"},"month-6-genitive":{"_":"juli"},"month-7-genitive":{"_":"august"},"month-8-genitive":{"_":"september"},"month-9-genitive":{"_":"oktober"},"month-10-genitive":{"_":"november"},"month-11-genitive":{"_":"december"},"month-0-short":{"_":"Jan"},"month-1-short":{"_":"Feb"},"month-2-short":{"_":"Mar"},"month-3-short":{"_":"Apr"},"month-4-short":{"_":"Maj"},"month-5-short":{"_":"Jun"},"month-6-short":{"_":"Jul"},"month-7-short":{"_":"Aug"},"month-8-short":{"_":"Sep"},"month-9-short":{"_":"Okt"},"month-10-short":{"_":"Nov"},"month-11-short":{"_":"Dec"},"minutes-ago-long":{"_":"{[ plural(value) ]}","_[zero]":"nu","_[one]":"for et minut siden","_[two]":"for {{value}} minutter siden","_[few]":"for {{value}} minutter siden","_[many]":"for {{value}} minutter siden","_[other]":"for {{value}} minutter siden"},"hours-ago-long":{"_":"{[ plural(value) ]}","_[zero]":"nu","_[one]":"for en time siden","_[two]":"for {{value}} timer siden","_[few]":"for {{value}} timer siden","_[many]":"for {{value}} timer siden","_[other]":"for {{value}} timer siden"},"days-ago-long":{"_":"{[ plural(value) ]}","_[zero]":"i dag","_[one]":"i går","_[two]":"for {{value}} dage siden","_[few]":"for {{value}} dage siden","_[many]":"for {{value}} dage siden","_[other]":"for {{value}} dage siden"},"weeks-ago-long":{"_":"{[ plural(value) ]}","_[zero]":"denne uge","_[one]":"sidste uge","_[two]":"for {{value}} uger siden","_[few]":"for {{value}} uger siden","_[many]":"for {{value}} uger siden","_[other]":"for {{value}} uger siden"},"months-ago-long":{"_":"{[ plural(value) ]}","_[zero]":"denne måned","_[one]":"sidste måned","_[two]":"for {{value}} måneder siden","_[few]":"for {{value}} måneder siden","_[many]":"for {{value}} måneder siden","_[other]":"for {{value}} måneder siden"},"years-ago-long":{"_":"{[ plural(value) ]}","_[zero]":"dette år","_[one]":"sidste år","_[two]":"for {{value}} år siden","_[few]":"for {{value}} år siden","_[many]":"for {{value}} år siden","_[other]":"for {{value}} år siden"},"minutes-until-long":{"_":"{[ plural(value) ]}","_[zero]":"nu","_[one]":"om et minut","_[two]":"om {{value}} minutter","_[few]":"om {{value}} minutter","_[many]":"om {{value}} minutter","_[other]":"om {{value}} minutter"},"hours-until-long":{"_":"{[ plural(value) ]}","_[zero]":"nu","_[one]":"om en time","_[two]":"om {{value}} timer","_[few]":"om {{value}} timer","_[many]":"om {{value}} timer","_[other]":"om {{value}} timer"},"days-until-long":{"_":"{[ plural(value) ]}","_[zero]":"i dag","_[one]":"i morgen","_[two]":"om {{value}} dage","_[few]":"om {{value}} dage","_[many]":"om {{value}} dage","_[other]":"om {{value}} dage"},"weeks-until-long":{"_":"{[ plural(value) ]}","_[zero]":"denne uge","_[one]":"næste uge","_[two]":"om {{value}} uger","_[few]":"om {{value}} uger","_[many]":"om {{value}} uger","_[other]":"om {{value}} uger"},"months-until-long":{"_":"{[ plural(value) ]}","_[zero]":"denne måned","_[one]":"næste måned","_[two]":"om {{value}} måneder","_[few]":"om {{value}} måneder","_[many]":"om {{value}} måneder","_[other]":"om {{value}} måneder"},"years-until-long":{"_":"{[ plural(value) ]}","_[zero]":"i år","_[one]":"næste år","_[two]":"om {{value}} år","_[few]":"om {{value}} år","_[many]":"om {{value}} år","_[other]":"om {{value}} år"},"minutes-ago-short":{"_":"{[ plural(value) ]}","_[zero]":"nu","_[other]":"{{value}}m siden"},"hours-ago-short":{"_":"{[ plural(value) ]}","_[zero]":"nu","_[other]":"{{value}}t siden"},"days-ago-short":{"_":"{[ plural(value) ]}","_[zero]":"i dag","_[other]":"{{value}}d siden"},"minutes-until-short":{"_":"{[ plural(value) ]}","_[zero]":"nu","_[other]":"om {{value}}m"},"hours-until-short":{"_":"{[ plural(value) ]}","_[zero]":"nu","_[other]":"om {{value}}t"},"days-until-short":{"_":"{[ plural(value) ]}","_[zero]":"i dag","_[other]":"om {{value}}d"},"incorrectDate":{"_":"(forkert dato)"},"dateTimeFormat_%c":{"_":"%a d. %e. %b %Y %H:%M:%S"},"dateTimeFormat_%x":{"_":"%d-%m-%Y"},"dateTimeFormat_%X":{"_":"%H:%M:%S"},"shortTimeFormat":{"_":"%H:%M"},"shortDateTimeFormat":{"_":"%x %H:%M"},"weekStartsOnMonday":{"_":"1"},"time_am":{"_":"AM"},"time_pm":{"_":"PM"},"reset":{"_":"Nulstil"},"start":{"_":"Start"},"stop":{"_":"Stop"},"cancel":{"_":"Annuller"},"hour":{"_":"Time"},"hours":{"_":"Timer"},"minute":{"_":"Minut"},"minutes":{"_":"Minutter"},"enable":{"_":"Aktiver"},"back":{"_":"Tilbage"},"label":{"_":"Etikette"},"alarm":{"_":"Alarm"},"timer":{"_":"Minutur"},"stopwatch":{"_":"Stopur"},"alarmName":{"placeholder":"Alarmnavn"},"newAlarm":{"_":"Ny alarm"},"editAlarm":{"_":"Rediger alarm"},"pause":{"_":"Pause"},"resume":{"_":"Fortsæt"},"lap":{"_":"Mellemtid"},"lap-number":{"_":"Mellemtid {{n}}"},"delete":{"_":"Slet"},"time":{"_":"Tidspunkt"},"snooze-label":{"_":"Udsæt"},"snooze-button":{"_":"Udsæt"},"repeat":{"_":"Gentag"},"vibrate":{"_":"Vibrer"},"close":{"_":"Luk"},"save":{"_":"Gem"},"done":{"_":"Færdig"},"default":{"_":"Standard"},"color":{"_":"Farve"},"sound":{"_":"Lyd"},"noSound":{"_":"Ingen lyd"},"everyday":{"_":"Hver dag"},"weekdays":{"_":"Ugedage"},"weekends":{"_":"Weekender"},"never":{"_":"Aldrig"},"vibrateOn":{"_":"Aktiveret"},"vibrateOff":{"_":"Deaktiveret"},"plusMinute":{"_":"+1 min."},"dateFormat":{"_":"%A, %e. %B"},"countdown-lessThanAnHour":{"_":"Alarmen er indstillet til <strong>{{minutes}}</strong> fra nu."},"countdown-moreThanAnHour":{"_":"Alarmen er indstillet til {{hours}} {{minutes}} fra nu."},"countdown-moreThanADay":{"_":"Alarmen er indstillet til {{days}} {{hours}} fra nu."},"nMinutes":{"_":"{[ plural(n) ]}","_[zero]":"mindre end et minut","_[one]":"et minut","_[two]":"{{n}} minutter","_[few]":"{{n}} minutter","_[many]":"{{n}} minutter","_[other]":"{{n}} minutter"},"nHours":{"_":"{[ plural(n) ]}","_[one]":"<strong>{{n}} time</strong>","_[two]":"<strong>{{n}} timer</strong>","_[few]":"<strong>{{n}} timer</strong>","_[many]":"<strong>{{n}} timer</strong>","_[other]":"<strong>{{n}} timer</strong>"},"nAndRemainHours":{"_":"{[ plural(n) ]}","_[one]":"og <strong>{{n}} time</strong>","_[two]":"og <strong>{{n}} timer</strong>","_[few]":"og <strong>{{n}} timer</strong>","_[many]":"og <strong>{{n}} timer</strong>","_[other]":"og <strong>{{n}} timer</strong>"},"nRemainDays":{"_":"{[ plural(n) ]}","_[one]":"<strong>{{n}} dag</strong>","_[two]":"<strong>{{n}} dage</strong>","_[few]":"<strong>{{n}} dage</strong>","_[many]":"<strong>{{n}} dage</strong>","_[other]":"<strong>{{n}} dage</strong>"},"nRemainMinutes":{"_":"{[ plural(n) ]}","_[one]":"og <strong>{{n}} minut</strong>","_[two]":"og <strong>{{n}} minutter</strong>","_[few]":"og <strong>{{n}} minutter</strong>","_[many]":"og <strong>{{n}} minutter</strong>","_[other]":"og <strong>{{n}} minutter</strong>"},"ac_classic_clock_alarm_opus":{"_":"Dobbelt-bip"},"ac_classic_clock_alarm_prog_opus2":{"_":"Pulse Progressive"},"ac_classic_clock_radio_opus":{"_":"Dobbelt-buzz"},"ac_normal_gem_echoes_opus":{"_":"Ædelstensekko"},"ac_soft_smooth_strings_opus":{"_":"Blød strengeleg"},"ac_soft_humming_waves_opus":{"_":"Simrende bølger"},"ac_normal_ringing_strings_opus":{"_":"Strengeleg"},"ac_soft_into_the_void_opus":{"_":"Ind i intetheden"},"closeButton":{"ariaLabel":"Luk"},"newAlarmButton":{"ariaLabel":"Ny alarm"},"alarm-volume-label":{"_":"Lydstyrke for systemalarm"},"nSpinnerSeconds":{"_":"{[ plural(n) ]}","_[zero]":"nul sekunder","_[one]":"et sekund","_[two]":"{{n}} sekunder","_[few]":"{{n}} sekunder","_[many]":"{{n}} sekunder","_[other]":"{{n}} sekunder"},"nSpinnerMinutes":{"_":"{[ plural(n) ]}","_[zero]":"nul minutter","_[one]":"et minut","_[two]":"{{n}} minutter","_[few]":"{{n}} minutter","_[many]":"{{n}} minutter","_[other]":"{{n}} minutter"},"nSpinnerHours":{"_":"{[ plural(n) ]}","_[zero]":"nul timer","_[one]":"{{n}} time","_[two]":"{{n}} timer","_[few]":"{{n}} timer","_[many]":"{{n}} timer","_[other]":"{{n}} timer"}}