{"weekday-0-long":{"_":"Sonntag"},"weekday-1-long":{"_":"Montag"},"weekday-2-long":{"_":"Dienstag"},"weekday-3-long":{"_":"Mittwoch"},"weekday-4-long":{"_":"Donnerstag"},"weekday-5-long":{"_":"Freitag"},"weekday-6-long":{"_":"Samstag"},"weekday-0-short":{"_":"So"},"weekday-1-short":{"_":"Mo"},"weekday-2-short":{"_":"Di"},"weekday-3-short":{"_":"Mi"},"weekday-4-short":{"_":"Do"},"weekday-5-short":{"_":"Fr"},"weekday-6-short":{"_":"Sa"},"month-0-long":{"_":"Januar"},"month-1-long":{"_":"Februar"},"month-2-long":{"_":"März"},"month-3-long":{"_":"April"},"month-4-long":{"_":"Mai"},"month-5-long":{"_":"Juni"},"month-6-long":{"_":"Juli"},"month-7-long":{"_":"August"},"month-8-long":{"_":"September"},"month-9-long":{"_":"Oktober"},"month-10-long":{"_":"November"},"month-11-long":{"_":"Dezember"},"month-0-genitive":{"_":"Januar"},"month-1-genitive":{"_":"Februar"},"month-2-genitive":{"_":"März"},"month-3-genitive":{"_":"April"},"month-4-genitive":{"_":"Mai"},"month-5-genitive":{"_":"Juni"},"month-6-genitive":{"_":"Juli"},"month-7-genitive":{"_":"August"},"month-8-genitive":{"_":"September"},"month-9-genitive":{"_":"Oktober"},"month-10-genitive":{"_":"November"},"month-11-genitive":{"_":"Dezember"},"month-0-short":{"_":"Jan"},"month-1-short":{"_":"Feb"},"month-2-short":{"_":"Mär"},"month-3-short":{"_":"Apr"},"month-4-short":{"_":"Mai"},"month-5-short":{"_":"Jun"},"month-6-short":{"_":"Jul"},"month-7-short":{"_":"Aug"},"month-8-short":{"_":"Sep"},"month-9-short":{"_":"Okt"},"month-10-short":{"_":"Nov"},"month-11-short":{"_":"Dez"},"minutes-ago-long":{"_":"{[ plural(value) ]}","_[zero]":"gerade eben","_[one]":"vor 1 Minute","_[two]":"vor {{value}} Minuten","_[few]":"vor {{value}} Minuten","_[many]":"vor {{value}} Minuten","_[other]":"vor {{value}} Minuten"},"hours-ago-long":{"_":"{[ plural(value) ]}","_[zero]":"gerade eben","_[one]":"vor 1 Stunde","_[two]":"vor {{value}} Stunden","_[few]":"vor {{value}} Stunden","_[many]":"vor {{value}} Stunden","_[other]":"vor {{value}} Stunden"},"days-ago-long":{"_":"{[ plural(value) ]}","_[zero]":"heute","_[one]":"gestern","_[two]":"vor {{value}} Tagen","_[few]":"vor {{value}} Tagen","_[many]":"vor {{value}} Tagen","_[other]":"vor {{value}} Tagen"},"weeks-ago-long":{"_":"{[ plural(value) ]}","_[zero]":"diese Woche","_[one]":"letzte Woche","_[two]":"vor {{value}} Wochen","_[few]":"vor {{value}} Wochen","_[many]":"vor {{value}} Wochen","_[other]":"vor {{value}} Wochen"},"months-ago-long":{"_":"{[ plural(value) ]}","_[zero]":"diesen Monat","_[one]":"letzten Monat","_[two]":"vor {{value}} Monaten","_[few]":"vor {{value}} Monaten","_[many]":"vor {{value}} Monaten","_[other]":"vor {{value}} Monaten"},"years-ago-long":{"_":"{[ plural(value) ]}","_[zero]":"dieses Jahr","_[one]":"letztes Jahr","_[two]":"vor {{value}} Jahren","_[few]":"vor {{value}} Jahren","_[many]":"vor {{value}} Jahren","_[other]":"vor {{value}} Jahren"},"minutes-until-long":{"_":"{[ plural(value) ]}","_[zero]":"jetzt","_[one]":"in 1 Minute","_[two]":"in {{value}} Minuten","_[few]":"in {{value}} Minuten","_[many]":"in {{value}} Minuten","_[other]":"in {{value}} Minuten"},"hours-until-long":{"_":"{[ plural(value) ]}","_[zero]":"jetzt","_[one]":"in einer Stunde","_[two]":"in {{value}} Stunden","_[few]":"in {{value}} Stunden","_[many]":"in {{value}} Stunden","_[other]":"in {{value}} Stunden"},"days-until-long":{"_":"{[ plural(value) ]}","_[zero]":"heute","_[one]":"morgen","_[two]":"in {{value}} Tagen","_[few]":"in {{value}} Tagen","_[many]":"in {{value}} Tagen","_[other]":"in {{value}} Tagen"},"weeks-until-long":{"_":"{[ plural(value) ]}","_[zero]":"diese Woche","_[one]":"nächste Woche","_[two]":"in {{value}} Wochen","_[few]":"in {{value}} Wochen","_[many]":"in {{value}} Wochen","_[other]":"in {{value}} Wochen"},"months-until-long":{"_":"{[ plural(value) ]}","_[zero]":"diesen Monat","_[one]":"nächsten Monat","_[two]":"in {{value}} Monaten","_[few]":"in {{value}} Monaten","_[many]":"in {{value}} Monaten","_[other]":"in {{value}} Monaten"},"years-until-long":{"_":"{[ plural(value) ]}","_[zero]":"dieses Jahr","_[one]":"nächstes Jahr","_[two]":"in {{value}} Jahren","_[few]":"in {{value}} Jahren","_[many]":"in {{value}} Jahren","_[other]":"in {{value}} Jahren"},"minutes-ago-short":{"_":"{[ plural(value) ]}","_[zero]":"jetzt","_[other]":"vor {{value}} m"},"hours-ago-short":{"_":"{[ plural(value) ]}","_[zero]":"jetzt","_[other]":"vor {{value}} h"},"days-ago-short":{"_":"{[ plural(value) ]}","_[zero]":"heute","_[other]":"vor {{value}} d"},"minutes-until-short":{"_":"{[ plural(value) ]}","_[zero]":"jetzt","_[other]":"in {{value}} m"},"hours-until-short":{"_":"{[ plural(value) ]}","_[zero]":"jetzt","_[other]":"in {{value}} h"},"days-until-short":{"_":"{[ plural(value) ]}","_[zero]":"heute","_[other]":"in {{value}} d"},"incorrectDate":{"_":"(ungültiges Datum)"},"dateTimeFormat_%c":{"_":"%a, %e. %b %Y %H:%M:%S"},"dateTimeFormat_%x":{"_":"%d.%m.%Y"},"dateTimeFormat_%X":{"_":"%H:%M:%S"},"shortTimeFormat":{"_":"%H:%M"},"shortDateTimeFormat":{"_":"%x %H:%M"},"weekStartsOnMonday":{"_":"1"},"time_am":{"_":"AM"},"time_pm":{"_":"PM"},"reset":{"_":"Zurücksetzen"},"start":{"_":"Starten"},"stop":{"_":"Anhalten"},"cancel":{"_":"Abbrechen"},"hour":{"_":"Stunde"},"hours":{"_":"Stunden"},"minute":{"_":"Minute"},"minutes":{"_":"Minuten"},"enable":{"_":"Aktivieren"},"back":{"_":"Zurück"},"label":{"_":"Titel"},"alarm":{"_":"Alarm"},"timer":{"_":"Countdown"},"stopwatch":{"_":"Stoppuhr"},"alarmName":{"placeholder":"Alarmtitel"},"newAlarm":{"_":"Neuer Alarm"},"editAlarm":{"_":"Alarm bearbeiten"},"pause":{"_":"Anhalten"},"resume":{"_":"Fortsetzen"},"lap":{"_":"Runde"},"lap-number":{"_":"Runde {{n}}"},"delete":{"_":"Löschen"},"time":{"_":"Zeit"},"snooze-label":{"_":"Verzögerungsintervall"},"snooze-button":{"_":"Später erinnern"},"repeat":{"_":"Wiederholen"},"vibrate":{"_":"Vibration"},"close":{"_":"Schließen"},"save":{"_":"Speichern"},"done":{"_":"Fertig"},"default":{"_":"Standard"},"color":{"_":"Farbe"},"sound":{"_":"Ton"},"noSound":{"_":"Lautlos"},"everyday":{"_":"Täglich"},"weekdays":{"_":"In der Woche"},"weekends":{"_":"An Wochenenden"},"never":{"_":"Nie"},"vibrateOn":{"_":"An"},"vibrateOff":{"_":"Aus"},"plusMinute":{"_":"+1 Min"},"dateFormat":{"_":"%A, %e. %B"},"countdown-lessThanAnHour":{"_":"Der Alarm wird in <strong>{{minutes}}</strong> ausgelöst."},"countdown-moreThanAnHour":{"_":"Der Alarm wird in {{hours}} {{minutes}} ausgelöst."},"countdown-moreThanADay":{"_":"Der Alarm wird in {{days}} {{hours}} ausgelöst."},"nMinutes":{"_":"{[ plural(n) ]}","_[zero]":"weniger als einer Minute","_[one]":"einer Minute","_[two]":"{{n}} Minuten","_[few]":"{{n}} Minuten","_[many]":"{{n}} Minuten","_[other]":"{{n}} Minuten"},"nHours":{"_":"{[ plural(n) ]}","_[one]":"<strong>{{n}} Stunde</strong>","_[two]":"<strong>{{n}} Stunden</strong>","_[few]":"<strong>{{n}} Stunden</strong>","_[many]":"<strong>{{n}} Stunden</strong>","_[other]":"<strong>{{n}} Stunden</strong>"},"nAndRemainHours":{"_":"{[ plural(n) ]}","_[one]":"und <strong>{{n}} Stunde</strong>","_[two]":"und <strong>{{n}} Stunden</strong>","_[few]":"und <strong>{{n}} Stunden</strong>","_[many]":"und <strong>{{n}} Stunden</strong>","_[other]":"und <strong>{{n}} Stunden</strong>"},"nRemainDays":{"_":"{[ plural(n) ]}","_[one]":"<strong>{{n}} Tag</strong>","_[two]":"<strong>{{n}} Tagen</strong>","_[few]":"<strong>{{n}} Tagen</strong>","_[many]":"<strong>{{n}} Tagen</strong>","_[other]":"<strong>{{n}} Tagen</strong>"},"nRemainMinutes":{"_":"{[ plural(n) ]}","_[one]":"und <strong>{{n}} Minute</strong>","_[two]":"und <strong>{{n}} Minuten</strong>","_[few]":"und <strong>{{n}} Minuten</strong>","_[many]":"und <strong>{{n}} Minuten</strong>","_[other]":"und <strong>{{n}} Minuten</strong>"},"ac_classic_clock_alarm_opus":{"_":"Classic Buzz"},"ac_classic_clock_alarm_prog_opus2":{"_":"Pulse Progressive"},"ac_classic_clock_radio_opus":{"_":"Classic Pulse"},"ac_normal_gem_echoes_opus":{"_":"Gem Echoes"},"ac_soft_smooth_strings_opus":{"_":"Smooth Strings"},"ac_soft_humming_waves_opus":{"_":"Shimmering Waves"},"ac_normal_ringing_strings_opus":{"_":"Ringing Strings"},"ac_soft_into_the_void_opus":{"_":"Into the Void"}}