{"weekday-0-long":{"_":"Κυριακή"},"weekday-1-long":{"_":"Δευτέρα"},"weekday-2-long":{"_":"Τρίτη"},"weekday-3-long":{"_":"Τετάρτη"},"weekday-4-long":{"_":"Πέμπτη"},"weekday-5-long":{"_":"Παρασκευή"},"weekday-6-long":{"_":"Σάββατο"},"weekday-0-short":{"_":"Κυρ"},"weekday-1-short":{"_":"Δευ"},"weekday-2-short":{"_":"Τρι"},"weekday-3-short":{"_":"Τετ"},"weekday-4-short":{"_":"Πεμ"},"weekday-5-short":{"_":"Παρ"},"weekday-6-short":{"_":"Σαβ"},"month-0-long":{"_":"Ιανουάριος"},"month-1-long":{"_":"Φεβρουάριος"},"month-2-long":{"_":"Μάρτιος"},"month-3-long":{"_":"Απρίλιος"},"month-4-long":{"_":"Μάιος"},"month-5-long":{"_":"Ιούνιος"},"month-6-long":{"_":"Ιούλιος"},"month-7-long":{"_":"Αύγουστος"},"month-8-long":{"_":"Σεπτέμβριος"},"month-9-long":{"_":"Οκτώβριος"},"month-10-long":{"_":"Νοέμβριος"},"month-11-long":{"_":"Δεκέμβριος"},"month-0-genitive":{"_":"Ιανουαρίου"},"month-1-genitive":{"_":"Φεβρουαρίου"},"month-2-genitive":{"_":"Μαρτίου"},"month-3-genitive":{"_":"Απριλίου"},"month-4-genitive":{"_":"Μαΐου"},"month-5-genitive":{"_":"Ιουνίου"},"month-6-genitive":{"_":"Ιουλίου"},"month-7-genitive":{"_":"Αυγούστου"},"month-8-genitive":{"_":"Σεπτεμβρίου"},"month-9-genitive":{"_":"Οκτωβρίου"},"month-10-genitive":{"_":"Νοεμβρίου"},"month-11-genitive":{"_":"Δεκεμβρίου"},"month-0-short":{"_":"Ιαν"},"month-1-short":{"_":"Φεβ"},"month-2-short":{"_":"Μαρ"},"month-3-short":{"_":"Απρ"},"month-4-short":{"_":"Μάι"},"month-5-short":{"_":"Ιουν"},"month-6-short":{"_":"Ιουλ"},"month-7-short":{"_":"Αυγ"},"month-8-short":{"_":"Σεπ"},"month-9-short":{"_":"Οκτ"},"month-10-short":{"_":"Νοε"},"month-11-short":{"_":"Δεκ"},"minutes-ago-long":{"_":"{[ plural(value) ]}","_[zero]":"μόλις τώρα","_[one]":"πριν από ένα λεπτό","_[two]":"πριν από {{value}} λεπτά","_[few]":"πριν από {{value}} λεπτά","_[many]":"πριν από {{value}} λεπτά","_[other]":"πριν από {{value}} λεπτά"},"hours-ago-long":{"_":"{[ plural(value) ]}","_[zero]":"μόλις τώρα","_[one]":"πριν από μία ώρα","_[two]":"πριν από {{value}} ώρες","_[few]":"πριν από {{value}} ώρες","_[many]":"πριν από {{value}} ώρες","_[other]":"πριν από {{value}} ώρες"},"days-ago-long":{"_":"{[ plural(value) ]}","_[zero]":"σήμερα","_[one]":"χθες","_[two]":"πριν από {{value}} ημέρες","_[few]":"πριν από {{value}} ημέρες","_[many]":"πριν από {{value}} ημέρες","_[other]":"πριν από {{value}} ημέρες"},"weeks-ago-long":{"_":"{[ plural(value) ]}","_[zero]":"αυτή την εβδομάδα","_[one]":"την τελευταία εβδομάδα","_[two]":"πριν από {{value}} εβδομάδες","_[few]":"πριν από {{value}} εβδομάδες","_[many]":"πριν από {{value}} εβδομάδες","_[other]":"πριν από {{value}} εβδομάδες"},"months-ago-long":{"_":"{[ plural(value) ]}","_[zero]":"αυτό τον μήνα","_[one]":"τον τελευταίο μήνα","_[two]":"πριν από {{value}} μήνες","_[few]":"πριν από {{value}} μήνες","_[many]":"πριν από {{value}} μήνες","_[other]":"πριν από {{value}} μήνες"},"years-ago-long":{"_":"{[ plural(value) ]}","_[zero]":"αυτό το έτος","_[one]":"το περασμένο έτος","_[two]":"πριν από {{value}} χρόνια","_[few]":"πριν από {{value}} χρόνια","_[many]":"πριν από {{value}} χρόνια","_[other]":"πριν από {{value}} χρόνια"},"minutes-until-long":{"_":"{[ plural(value) ]}","_[zero]":"τώρα","_[one]":"σε ένα λεπτό","_[two]":"σε {{value}} λεπτά","_[few]":"σε {{value}} λεπτά","_[many]":"σε {{value}} λεπτά","_[other]":"σε {{value}} λεπτά"},"hours-until-long":{"_":"{[ plural(value) ]}","_[zero]":"τώρα","_[one]":"σε μία ώρα","_[two]":"σε {{value}} ώρες","_[few]":"σε {{value}} ώρες","_[many]":"σε {{value}} ώρες","_[other]":"σε {{value}} ώρες"},"days-until-long":{"_":"{[ plural(value) ]}","_[zero]":"σήμερα","_[one]":"αύριο","_[two]":"σε {{value}} ημέρες","_[few]":"σε {{value}} ημέρες","_[many]":"σε {{value}} ημέρες","_[other]":"σε {{value}} ημέρες"},"weeks-until-long":{"_":"{[ plural(value) ]}","_[zero]":"αυτή την εβδομάδα","_[one]":"την επόμενη εβδομάδα","_[two]":"σε {{value}} εβδομάδες","_[few]":"σε {{value}} εβδομάδες","_[many]":"σε {{value}} εβδομάδες","_[other]":"σε {{value}} εβδομάδες"},"months-until-long":{"_":"{[ plural(value) ]}","_[zero]":"αυτό τον μήνα","_[one]":"στον επόμενο μήνα","_[two]":"σε {{value}} μήνες","_[few]":"σε {{value}} μήνες","_[many]":"σε {{value}} μήνες","_[other]":"σε {{value}} μήνες"},"years-until-long":{"_":"{[ plural(value) ]}","_[zero]":"αυτό το έτος","_[one]":"επόμενο έτος","_[two]":"σε {{value}} έτη","_[few]":"σε {{value}} έτη","_[many]":"σε {{value}} έτη","_[other]":"σε {{value}} έτη"},"minutes-ago-short":{"_":"{[ plural(value) ]}","_[zero]":"τώρα","_[other]":"πριν {{value}}′"},"hours-ago-short":{"_":"{[ plural(value) ]}","_[zero]":"τώρα","_[other]":"πριν {{value}} ώρ."},"days-ago-short":{"_":"{[ plural(value) ]}","_[zero]":"σήμερα","_[other]":"πριν {{value}} ημ."},"minutes-until-short":{"_":"{[ plural(value) ]}","_[zero]":"τώρα","_[other]":"σε {{value}}′"},"hours-until-short":{"_":"{[ plural(value) ]}","_[zero]":"τώρα","_[other]":"σε {{value}} ώρ."},"days-until-short":{"_":"{[ plural(value) ]}","_[zero]":"σήμερα","_[other]":"σε {{value}} ημ."},"incorrectDate":{"_":"(λάθος ημερομηνία)"},"dateTimeFormat_%c":{"_":"%a, %e %Eb %Y, %H:%M:%S"},"dateTimeFormat_%x":{"_":"%d/%m/%Y"},"dateTimeFormat_%X":{"_":"%H:%M:%S"},"shortTimeFormat":{"_":"%H:%M"},"shortDateTimeFormat":{"_":"%x %H:%M"},"weekStartsOnMonday":{"_":"0"},"time_am":{"_":"AM"},"time_pm":{"_":"PM"},"reset":{"_":"Επαναφορά"},"start":{"_":"Εκκίνηση"},"stop":{"_":"Λήξη"},"cancel":{"_":"Ακύρωση"},"hour":{"_":"Ώρα"},"hours":{"_":"Ώρες"},"minute":{"_":"Λεπτό"},"minutes":{"_":"Λεπτά"},"enable":{"_":"Ενεργοποίηση"},"back":{"_":"Πίσω"},"label":{"_":"Ετικέτα"},"alarm":{"_":"Ειδοποιήσεις"},"timer":{"_":"Χρονοδιακόπτης"},"stopwatch":{"_":"Χρονόμετρο"},"alarmName":{"placeholder":"Όνομα ειδοποίησης"},"newAlarm":{"_":"Νέα ειδοποίηση"},"editAlarm":{"_":"Επεξεργασία"},"pause":{"_":"Παύση"},"resume":{"_":"Συνέχεια"},"lap":{"_":"Γύρος"},"lap-number":{"_":"{{n}}ος γύρος"},"delete":{"_":"Διαγραφή"},"time":{"_":"Ώρα"},"snooze-label":{"_":"Snooze"},"snooze-button":{"_":"Snooze"},"repeat":{"_":"Επανάληψη"},"vibrate":{"_":"Δόνηση"},"close":{"_":"Κλείσιμο"},"save":{"_":"Αποθήκευση"},"done":{"_":"ΟΚ"},"default":{"_":"Προεπιλογή"},"color":{"_":"Χρώμα"},"sound":{"_":"Ήχος"},"noSound":{"_":"Χωρίς ήχο"},"everyday":{"_":"Κάθε μέρα"},"weekdays":{"_":"Καθημερινές"},"weekends":{"_":"Σαββατοκύριακα"},"never":{"_":"Ποτέ"},"vibrateOn":{"_":"Ενεργή"},"vibrateOff":{"_":"Μη ενεργή"},"plusMinute":{"_":"+1 Min"},"dateFormat":{"_":"%a, %e %Eb"},"countdown-lessThanAnHour":{"_":"Η ειδοποίηση ορίστηκε σε <strong>{{minutes}}</strong> από τώρα."},"countdown-moreThanAnHour":{"_":"Η ειδοποίηση ορίστηκε σε {{hours}} και {{minutes}} από τώρα."},"countdown-moreThanADay":{"_":"Η ειδοποίηση ορίστηκε σε {{days}} και {{hours}} από τώρα."},"nMinutes":{"_":"{[ plural(n) ]}","_[zero]":"λιγότερο από ένα λεπτό","_[one]":"ένα λεπτό","_[two]":"{{n}} λεπτά","_[few]":"{{n}} λεπτά","_[many]":"{{n}} λεπτά","_[other]":"{{n}} λεπτά"},"nHours":{"_":"{[ plural(n) ]}","_[one]":"<strong>{{n}} ώρα</strong>","_[two]":"<strong>{{n}} ώρες</strong>","_[few]":"<strong>{{n}} ώρες</strong>","_[many]":"<strong>{{n}} ώρες</strong>","_[other]":"<strong>{{n}} ώρες</strong>"},"nAndRemainHours":{"_":"{[ plural(n) ]}","_[one]":"και <strong>{{n}} ώρα</strong>","_[two]":"και <strong>{{n}} ώρες</strong>","_[few]":"και <strong>{{n}} ώρες</strong>","_[many]":"και <strong>{{n}} ώρες</strong>","_[other]":"και <strong>{{n}} ώρες</strong>"},"nRemainDays":{"_":"{[ plural(n) ]}","_[one]":"<strong>{{n}} ημέρα</strong>","_[two]":"<strong>{{n}} ημέρες</strong>","_[few]":"<strong>{{n}} ημέρες</strong>","_[many]":"<strong>{{n}} ημέρες</strong>","_[other]":"<strong>{{n}} ημέρες</strong>"},"nRemainMinutes":{"_":"{[ plural(n) ]}","_[one]":"και <strong>{{n}} λεπτό</strong>","_[two]":"και <strong>{{n}} λεπτά</strong>","_[few]":"και <strong>{{n}} λεπτά</strong>","_[many]":"και <strong>{{n}} λεπτά</strong>","_[other]":"και <strong>{{n}} λεπτά</strong>"},"ac_classic_clock_alarm_opus":{"_":"Classic Buzz"},"ac_classic_clock_alarm_prog_opus2":{"_":"Pulse Progressive"},"ac_classic_clock_radio_opus":{"_":"Classic Pulse"},"ac_normal_gem_echoes_opus":{"_":"Gem Echoes"},"ac_soft_smooth_strings_opus":{"_":"Smooth Strings"},"ac_soft_humming_waves_opus":{"_":"Shimmering Waves"},"ac_normal_ringing_strings_opus":{"_":"Ringing Strings"},"ac_soft_into_the_void_opus":{"_":"Into the Void"},"ac_classic_clock_alarm_prog_opus":{"_":"Classic Pulse Progressive"},"snooze":{"_":"Αναβολή"}}