{"weekday-0-long":{"_":"domingo"},"weekday-1-long":{"_":"lunes"},"weekday-2-long":{"_":"martes"},"weekday-3-long":{"_":"miércoles"},"weekday-4-long":{"_":"jueves"},"weekday-5-long":{"_":"viernes"},"weekday-6-long":{"_":"sábado"},"weekday-0-short":{"_":"do."},"weekday-1-short":{"_":"lu."},"weekday-2-short":{"_":"ma."},"weekday-3-short":{"_":"mi."},"weekday-4-short":{"_":"ju."},"weekday-5-short":{"_":"vi."},"weekday-6-short":{"_":"sá."},"month-0-long":{"_":"enero"},"month-1-long":{"_":"febrero"},"month-2-long":{"_":"marzo"},"month-3-long":{"_":"abril"},"month-4-long":{"_":"mayo"},"month-5-long":{"_":"junio"},"month-6-long":{"_":"julio"},"month-7-long":{"_":"agosto"},"month-8-long":{"_":"septiembre"},"month-9-long":{"_":"octubre"},"month-10-long":{"_":"noviembre"},"month-11-long":{"_":"diciembre"},"month-0-genitive":{"_":"enero"},"month-1-genitive":{"_":"febrero"},"month-2-genitive":{"_":"marzo"},"month-3-genitive":{"_":"abril"},"month-4-genitive":{"_":"mayo"},"month-5-genitive":{"_":"junio"},"month-6-genitive":{"_":"julio"},"month-7-genitive":{"_":"agosto"},"month-8-genitive":{"_":"septiembre"},"month-9-genitive":{"_":"octubre"},"month-10-genitive":{"_":"noviembre"},"month-11-genitive":{"_":"diciembre"},"month-0-short":{"_":"ene."},"month-1-short":{"_":"feb."},"month-2-short":{"_":"mar."},"month-3-short":{"_":"abr."},"month-4-short":{"_":"may."},"month-5-short":{"_":"jun."},"month-6-short":{"_":"jul."},"month-7-short":{"_":"ago."},"month-8-short":{"_":"sep."},"month-9-short":{"_":"oct."},"month-10-short":{"_":"nov."},"month-11-short":{"_":"dic."},"minutes-ago-long":{"_":"{[ plural(value) ]}","_[zero]":"ahora","_[one]":"hace un minuto","_[two]":"hace {{value}} minutos","_[few]":"hace {{value}} minutos","_[many]":"hace {{value}} minutos","_[other]":"hace {{value}} minutos"},"hours-ago-long":{"_":"{[ plural(value) ]}","_[zero]":"ahora","_[one]":"hace una hora","_[two]":"hace {{value}} horas","_[few]":"hace {{value}} horas","_[many]":"hace {{value}} horas","_[other]":"hace {{value}} horas"},"days-ago-long":{"_":"{[ plural(value) ]}","_[zero]":"hoy","_[one]":"ayer","_[two]":"hace {{value}} días","_[few]":"hace {{value}} días","_[many]":"hace {{value}} días","_[other]":"hace {{value}} días"},"weeks-ago-long":{"_":"{[ plural(value) ]}","_[zero]":"esta semana","_[one]":"la semana pasada","_[two]":"hace {{value}} semanas","_[few]":"hace {{value}} semanas","_[many]":"hace {{value}} semanas","_[other]":"hace {{value}} semanas"},"months-ago-long":{"_":"{[ plural(value) ]}","_[zero]":"este mes","_[one]":"el último mes","_[two]":"hace {{value}} meses","_[few]":"hace {{value}} meses","_[many]":"hace {{value}} meses","_[other]":"hace {{value}} meses"},"years-ago-long":{"_":"{[ plural(value) ]}","_[zero]":"este año","_[one]":"último año","_[two]":"hace {{value}} años","_[few]":"hace {{value}} años","_[many]":"hace {{value}} años","_[other]":"hace {{value}} años"},"minutes-until-long":{"_":"{[ plural(value) ]}","_[zero]":"ahora","_[one]":"en un minuto","_[two]":"en {{value}} minutos","_[few]":"en {{value}} minutos","_[many]":"en {{value}} minutos","_[other]":"en {{value}} minutos"},"hours-until-long":{"_":"{[ plural(value) ]}","_[zero]":"ahora","_[one]":"en una hora","_[two]":"en {{value}} horas","_[few]":"en {{value}} horas","_[many]":"en {{value}} horas","_[other]":"en {{value}} horas"},"days-until-long":{"_":"{[ plural(value) ]}","_[zero]":"hoy","_[one]":"mañana","_[two]":"en {{value}} días","_[few]":"en {{value}} días","_[many]":"en {{value}} días","_[other]":"en {{value}} días"},"weeks-until-long":{"_":"{[ plural(value) ]}","_[zero]":"esta semana","_[one]":"la próxima semana","_[two]":"en {{value}} semanas","_[few]":"en {{value}} semanas","_[many]":"en {{value}} semanas","_[other]":"en {{value}} semanas"},"months-until-long":{"_":"{[ plural(value) ]}","_[zero]":"este mes","_[one]":"próximo mes","_[two]":"en {{value}} meses","_[few]":"en {{value}} meses","_[many]":"en {{value}} meses","_[other]":"en {{value}} meses"},"years-until-long":{"_":"{[ plural(value) ]}","_[zero]":"este año","_[one]":"próximo año","_[two]":"en {{value}} años","_[few]":"en {{value}} años","_[many]":"en {{value}} años","_[other]":"en {{value}} años"},"minutes-ago-short":{"_":"{[ plural(value) ]}","_[zero]":"ahora","_[other]":"hace {{value}} m"},"hours-ago-short":{"_":"{[ plural(value) ]}","_[zero]":"ahora","_[other]":"hace {{value}} h"},"days-ago-short":{"_":"{[ plural(value) ]}","_[zero]":"hoy","_[other]":"hace {{value}} d"},"minutes-until-short":{"_":"{[ plural(value) ]}","_[zero]":"ahora","_[other]":"en {{value}} m"},"hours-until-short":{"_":"{[ plural(value) ]}","_[zero]":"ahora","_[other]":"en {{value}} h"},"days-until-short":{"_":"{[ plural(value) ]}","_[zero]":"hoy","_[other]":"en {{value}} d"},"incorrectDate":{"_":"(fecha incorrecta)"},"dateTimeFormat_%c":{"_":"%a, %e de %b, %Y %H:%M:%S"},"dateTimeFormat_%x":{"_":"%d/%m/%Y"},"dateTimeFormat_%X":{"_":"%H:%M:%S"},"shortTimeFormat":{"_":"%H:%M"},"shortDateTimeFormat":{"_":"%x %H:%M %p"},"weekStartsOnMonday":{"_":"1"},"time_am":{"_":"AM"},"time_pm":{"_":"PM"},"reset":{"_":"Restablecer"},"start":{"_":"Iniciar"},"stop":{"_":"Parar"},"cancel":{"_":"Cancelar"},"hour":{"_":"Hora"},"hours":{"_":"Horas"},"minute":{"_":"Minuto"},"minutes":{"_":"Minutos"},"enable":{"_":"Activar"},"back":{"_":"Atrás"},"label":{"_":"Etiqueta"},"alarm":{"_":"Alarma"},"timer":{"_":"Temporizador"},"stopwatch":{"_":"Cronómetro"},"alarmName":{"placeholder":"Nombre de la alarma"},"newAlarm":{"_":"Nueva alarma"},"editAlarm":{"_":"Editar alarma"},"pause":{"_":"Pausar"},"resume":{"_":"Continuar"},"lap":{"_":"Intermedio"},"lap-number":{"_":"Intermedio {{n}}"},"delete":{"_":"Borrar"},"time":{"_":"Hora"},"snooze-label":{"_":"Posponer"},"snooze-button":{"_":"Posponer"},"repeat":{"_":"Repetir"},"vibrate":{"_":"Vibrar"},"close":{"_":"Cerrar"},"save":{"_":"Guardar"},"done":{"_":"Hecho"},"default":{"_":"Predeterminados"},"color":{"_":"Color"},"sound":{"_":"Sonido"},"noSound":{"_":"Sin sonido"},"everyday":{"_":"Todos los días"},"weekdays":{"_":"Laborables"},"weekends":{"_":"Fines de semana"},"never":{"_":"Nunca"},"vibrateOn":{"_":"Activar"},"vibrateOff":{"_":"Desactivar"},"plusMinute":{"_":"+1 min"},"dateFormat":{"_":"%A, %e de %B"},"countdown-lessThanAnHour":{"_":"La alarma sonará dentro de <strong>{{minutes}}</strong>."},"countdown-moreThanAnHour":{"_":"La alarma sonará dentro de {{hours}} {{minutes}}."},"countdown-moreThanADay":{"_":"La alarma sonará dentro de {{days}} {{hours}}."},"nMinutes":{"_":"{[plural(n) ]}","_[zero]":"menos de un minuto","_[one]":"un minuto","_[two]":"{{n}} minutos","_[few]":"{{n}} minutos","_[many]":"{{n}} minutos","_[other]":"{{n}} minutos"},"nHours":{"_":"{[plural(n) ]}","_[one]":"<strong>{{n}} hora</strong>","_[two]":"<strong>{{n}} horas</strong>","_[few]":"<strong>{{n}} horas</strong>","_[many]":"<strong>{{n}} horas</strong>","_[other]":"<strong>{{n}} horas</strong>"},"nAndRemainHours":{"_":"{[plural(n) ]}","_[one]":"y <strong>{{n}} hora</strong>","_[two]":"y <strong>{{n}} horas</strong>","_[few]":"y <strong>{{n}} horas</strong>","_[many]":"y <strong>{{n}} horas</strong>","_[other]":"y <strong>{{n}} horas</strong>"},"nRemainDays":{"_":"{[plural(n) ]}","_[one]":"<strong>{{n}} día</strong>","_[two]":"<strong>{{n}} días</strong>","_[few]":"<strong>{{n}} días</strong>","_[many]":"<strong>{{n}} días</strong>","_[other]":"<strong>{{n}} días</strong>"},"nRemainMinutes":{"_":"{[plural(n) ]}","_[one]":"y <strong>{{n}} minuto</strong>","_[two]":"y <strong>{{n}} minutos</strong>","_[few]":"y <strong>{{n}} minutos</strong>","_[many]":"y <strong>{{n}} minutos</strong>","_[other]":"y <strong>{{n}} minutos</strong>"},"ac_classic_clock_alarm_opus":{"_":"Classic Buzz"},"ac_classic_clock_alarm_prog_opus2":{"_":"Pulse Progressive"},"ac_classic_clock_radio_opus":{"_":"Classic Pulse"},"ac_normal_gem_echoes_opus":{"_":"Gem Echoes"},"ac_soft_smooth_strings_opus":{"_":"Smooth Strings"},"ac_soft_humming_waves_opus":{"_":"Shimmering Waves"},"ac_normal_ringing_strings_opus":{"_":"Ringing Strings"},"ac_soft_into_the_void_opus":{"_":"Into the Void"}}