{"weekday-0-long":{"_":"Dimanche"},"weekday-1-long":{"_":"Lundi"},"weekday-2-long":{"_":"Mardi"},"weekday-3-long":{"_":"Mercredi"},"weekday-4-long":{"_":"Jeudi"},"weekday-5-long":{"_":"Vendredi"},"weekday-6-long":{"_":"Samedi"},"weekday-0-short":{"_":"dim"},"weekday-1-short":{"_":"lun"},"weekday-2-short":{"_":"mar"},"weekday-3-short":{"_":"mer"},"weekday-4-short":{"_":"jeu"},"weekday-5-short":{"_":"ven"},"weekday-6-short":{"_":"sam"},"month-0-long":{"_":"Janvier"},"month-1-long":{"_":"Février"},"month-2-long":{"_":"Mars"},"month-3-long":{"_":"Avril"},"month-4-long":{"_":"Mai"},"month-5-long":{"_":"Juin"},"month-6-long":{"_":"Juillet"},"month-7-long":{"_":"Août"},"month-8-long":{"_":"Septembre"},"month-9-long":{"_":"Octobre"},"month-10-long":{"_":"Novembre"},"month-11-long":{"_":"Décembre"},"month-0-genitive":{"_":"janvier"},"month-1-genitive":{"_":"février"},"month-2-genitive":{"_":"mars"},"month-3-genitive":{"_":"avril"},"month-4-genitive":{"_":"mai"},"month-5-genitive":{"_":"juin"},"month-6-genitive":{"_":"juillet"},"month-7-genitive":{"_":"août"},"month-8-genitive":{"_":"septembre"},"month-9-genitive":{"_":"octobre"},"month-10-genitive":{"_":"novembre"},"month-11-genitive":{"_":"décembre"},"month-0-short":{"_":"jan."},"month-1-short":{"_":"fév."},"month-2-short":{"_":"mars"},"month-3-short":{"_":"avr."},"month-4-short":{"_":"mai"},"month-5-short":{"_":"juin"},"month-6-short":{"_":"juil."},"month-7-short":{"_":"août"},"month-8-short":{"_":"sep."},"month-9-short":{"_":"oct."},"month-10-short":{"_":"nov."},"month-11-short":{"_":"déc."},"minutes-ago-long":{"_":"{[ plural(value) ]}","_[zero]":"à l’instant","_[one]":"il y a {{value}} minute","_[two]":"il y a {{value}} minutes","_[few]":"il y a {{value}} minutes","_[many]":"il y a {{value}} minutes","_[other]":"il y a {{value}} minutes"},"hours-ago-long":{"_":"{[ plural(value) ]}","_[zero]":"à l’instant","_[one]":"il y a {{value}} heure","_[two]":"il y a {{value}} heures","_[few]":"il y a {{value}} heures","_[many]":"il y a {{value}} heures","_[other]":"il y a {{value}} heures"},"days-ago-long":{"_":"{[ plural(value) ]}","_[zero]":"aujourd’hui","_[one]":"hier","_[two]":"il y a {{value}} jours","_[few]":"il y a {{value}} jours","_[many]":"il y a {{value}} jours","_[other]":"il y a {{value}} jours"},"weeks-ago-long":{"_":"{[ plural(value) ]}","_[zero]":"cette semaine","_[one]":"la semaine dernière","_[two]":"il y a {{value}} semaines","_[few]":"il y a {{value}} semaines","_[many]":"il y a {{value}} semaines","_[other]":"il y a {{value}} semaines"},"months-ago-long":{"_":"{[ plural(value) ]}","_[zero]":"ce mois-ci","_[one]":"le mois dernier","_[two]":"il y a {{value}} mois","_[few]":"il y a {{value}} mois","_[many]":"il y a {{value}} mois","_[other]":"il y a {{value}} mois"},"years-ago-long":{"_":"{[ plural(value) ]}","_[zero]":"cette année","_[one]":"l’année dernière","_[two]":"il y a {{value}} ans","_[few]":"il y a {{value}} ans","_[many]":"il y a {{value}} ans","_[other]":"il y a {{value}} ans"},"minutes-until-long":{"_":"{[ plural(value) ]}","_[zero]":"maintenant","_[one]":"dans {{value}} minute","_[two]":"dans {{value}} minutes","_[few]":"dans {{value}} minutes","_[many]":"dans {{value}} minutes","_[other]":"dans {{value}} minutes"},"hours-until-long":{"_":"{[ plural(value) ]}","_[zero]":"maintenant","_[one]":"dans {{value}} heure","_[two]":"dans {{value}} heures","_[few]":"dans {{value}} heures","_[many]":"dans {{value}} heures","_[other]":"dans {{value}} heures"},"days-until-long":{"_":"{[ plural(value) ]}","_[zero]":"aujourd’hui","_[one]":"demain","_[two]":"dans {{value}} jours","_[few]":"dans {{value}} jours","_[many]":"dans {{value}} jours","_[other]":"dans {{value}} jours"},"weeks-until-long":{"_":"{[ plural(value) ]}","_[zero]":"cette semaine","_[one]":"la semaine prochaine","_[two]":"dans {{value}} semaines","_[few]":"dans {{value}} semaines","_[many]":"dans {{value}} semaines","_[other]":"dans {{value}} semaines"},"months-until-long":{"_":"{[ plural(value) ]}","_[zero]":"ce mois-ci","_[one]":"le mois prochain","_[two]":"dans {{value}} mois","_[few]":"dans {{value}} mois","_[many]":"dans {{value}} mois","_[other]":"dans {{value}} mois"},"years-until-long":{"_":"{[ plural(value) ]}","_[zero]":"cette année","_[one]":"l’année prochaine","_[two]":"dans {{value}} ans","_[few]":"dans {{value}} ans","_[many]":"dans {{value}} ans","_[other]":"dans {{value}} ans"},"minutes-ago-short":{"_":"{[ plural(value) ]}","_[zero]":"à l’instant","_[other]":"il y a {{value}} min"},"hours-ago-short":{"_":"{[ plural(value) ]}","_[zero]":"à l’instant","_[other]":"il y a {{value}}h"},"days-ago-short":{"_":"{[ plural(value) ]}","_[zero]":"aujourd’hui","_[other]":"il y a {{value}}j"},"minutes-until-short":{"_":"{[ plural(value) ]}","_[zero]":"maintenant","_[other]":"dans {{value}}m"},"hours-until-short":{"_":"{[ plural(value) ]}","_[zero]":"maintenant","_[other]":"dans {{value}}h"},"days-until-short":{"_":"{[ plural(value) ]}","_[zero]":"aujourd’hui","_[other]":"dans {{value}}j"},"incorrectDate":{"_":"(date incorrecte)"},"dateTimeFormat_%c":{"_":"%a %e %b %Y %H:%M:%S"},"dateTimeFormat_%x":{"_":"%d/%m/%Y"},"dateTimeFormat_%X":{"_":"%H:%M:%S"},"shortTimeFormat":{"_":"%H:%M"},"shortDateTimeFormat":{"_":"%x %H:%M"},"weekStartsOnMonday":{"_":"1"},"time_am":{"_":"AM"},"time_pm":{"_":"PM"},"reset":{"_":"Remettre à zéro"},"start":{"_":"Démarrer"},"stop":{"_":"Arrêter"},"cancel":{"_":"Annuler"},"hour":{"_":"Heure"},"hours":{"_":"Heures"},"minute":{"_":"Minute"},"minutes":{"_":"Minutes"},"enable":{"_":"Activer"},"back":{"_":"Retour"},"label":{"_":"Étiquette"},"alarm":{"_":"Alarme"},"timer":{"_":"Minuteur"},"stopwatch":{"_":"Chronomètre"},"alarmName":{"placeholder":"Nom de l’alarme"},"newAlarm":{"_":"Nouvelle alarme"},"editAlarm":{"_":"Modifier l’alarme"},"pause":{"_":"Pause"},"resume":{"_":"Reprendre"},"lap":{"_":"Tour"},"lap-number":{"_":"Tour {{n}}"},"delete":{"_":"Supprimer"},"time":{"_":"Heure"},"snooze-label":{"_":"Rappel"},"snooze-button":{"_":"Reporter"},"repeat":{"_":"Répétition"},"vibrate":{"_":"Vibreur"},"close":{"_":"Arrêter"},"save":{"_":"Enregistrer"},"done":{"_":"Terminé"},"default":{"_":"Par défaut"},"color":{"_":"Couleur"},"sound":{"_":"Sonnerie"},"noSound":{"_":"Aucune sonnerie"},"everyday":{"_":"Tous les jours"},"weekdays":{"_":"Les jours de la semaine"},"weekends":{"_":"Les weekends"},"never":{"_":"Jamais"},"vibrateOn":{"_":"Activé"},"vibrateOff":{"_":"Désactivé"},"plusMinute":{"_":"+1 min"},"dateFormat":{"_":"%A %e %Eb"},"countdown-lessThanAnHour":{"_":"L’alarme est réglée pour dans <strong>{{minutes}}</strong>."},"countdown-moreThanAnHour":{"_":"L’alarme est réglée pour dans {{hours}} {{minutes}}."},"countdown-moreThanADay":{"_":"L’alarme est réglée pour dans {{days}} {{hours}}."},"nMinutes":{"_":"{[ plural(n) ]}","_[zero]":"moins d’une minute","_[one]":"une minute","_[two]":"{{n}} minutes","_[few]":"{{n}} minutes","_[many]":"{{n}} minutes","_[other]":"{{n}} minutes"},"nHours":{"_":"{[ plural(n) ]}","_[one]":"<strong>{{n}} heure</strong>","_[two]":"<strong>{{n}} heures</strong>","_[few]":"<strong>{{n}} heures</strong>","_[many]":"<strong>{{n}} heures</strong>","_[other]":"<strong>{{n}} heures</strong>"},"nAndRemainHours":{"_":"{[ plural(n) ]}","_[one]":"et <strong>{{n}} heure</strong>","_[two]":"et <strong>{{n}} heures</strong>","_[few]":"et <strong>{{n}} heures</strong>","_[many]":"et <strong>{{n}} heures</strong>","_[other]":"et <strong>{{n}} heures</strong>"},"nRemainDays":{"_":"{[ plural(n) ]}","_[one]":"<strong>{{n}} jour</strong>","_[two]":"<strong>{{n}} jours</strong>","_[few]":"<strong>{{n}} jours</strong>","_[many]":"<strong>{{n}} jours</strong>","_[other]":"<strong>{{n}} jours</strong>"},"nRemainMinutes":{"_":"{[ plural(n) ]}","_[one]":"et <strong>{{n}} minute</strong>","_[two]":"et <strong>{{n}} minutes</strong>","_[few]":"et <strong>{{n}} minutes</strong>","_[many]":"et <strong>{{n}} minutes</strong>","_[other]":"et <strong>{{n}} minutes</strong>"},"ac_classic_clock_alarm_opus":{"_":"Buzzer"},"ac_classic_clock_alarm_prog_opus2":{"_":"Pulsation progressive"},"ac_classic_clock_radio_opus":{"_":"Pulsation"},"ac_normal_gem_echoes_opus":{"_":"Échos cristallins"},"ac_soft_smooth_strings_opus":{"_":"Cordes classiques"},"ac_soft_humming_waves_opus":{"_":"Ondes"},"ac_normal_ringing_strings_opus":{"_":"Cordes énergiques"},"ac_soft_into_the_void_opus":{"_":"Vide interstellaire"},"closeButton":{"ariaLabel":"Fermer"},"newAlarmButton":{"ariaLabel":"Nouvelle alarme"},"nSpinnerSeconds":{"_":"{[ plural(n) ]}","_[zero]":"zéro secondes","_[one]":"une seconde","_[two]":"{{n}} secondes","_[few]":"{{n}} secondes","_[many]":"{{n}} secondes","_[other]":"{{n}} secondes"},"nSpinnerMinutes":{"_":"{[ plural(n) ]}","_[zero]":"zéro minutes","_[one]":"une minute","_[two]":"{{n}} minutes","_[few]":"{{n}} minutes","_[many]":"{{n}} minutes","_[other]":"{{n}} minutes"},"nSpinnerHours":{"_":"{[ plural(n) ]}","_[zero]":"zéro heures","_[one]":"{{n}} heure","_[two]":"{{n}} heures","_[few]":"{{n}} heures","_[many]":"{{n}} heures","_[other]":"{{n}} heures"}}