{"weekday-0-long":{"_":"Domingo"},"weekday-1-long":{"_":"Luns"},"weekday-2-long":{"_":"Martes"},"weekday-3-long":{"_":"Mércores"},"weekday-4-long":{"_":"Xoves"},"weekday-5-long":{"_":"Venres"},"weekday-6-long":{"_":"Sábado"},"weekday-0-short":{"_":"Dom"},"weekday-1-short":{"_":"Lun"},"weekday-2-short":{"_":"Mar"},"weekday-3-short":{"_":"Mer"},"weekday-4-short":{"_":"Xov"},"weekday-5-short":{"_":"Ven"},"weekday-6-short":{"_":"Sab"},"month-0-long":{"_":"Xaneiro"},"month-1-long":{"_":"Febreiro"},"month-2-long":{"_":"Marzo"},"month-3-long":{"_":"Abril"},"month-4-long":{"_":"Maio"},"month-5-long":{"_":"Xuño"},"month-6-long":{"_":"Xullo"},"month-7-long":{"_":"Agosto"},"month-8-long":{"_":"Setembro"},"month-9-long":{"_":"Outubro"},"month-10-long":{"_":"Novembro"},"month-11-long":{"_":"Decembro"},"month-0-genitive":{"_":"Xaneiro"},"month-1-genitive":{"_":"Febreiro"},"month-2-genitive":{"_":"Marzo"},"month-3-genitive":{"_":"Abril"},"month-4-genitive":{"_":"Maio"},"month-5-genitive":{"_":"Xuño"},"month-6-genitive":{"_":"Xullo"},"month-7-genitive":{"_":"Agosto"},"month-8-genitive":{"_":"Setembro"},"month-9-genitive":{"_":"Outubro"},"month-10-genitive":{"_":"Novembro"},"month-11-genitive":{"_":"Decembro"},"month-0-short":{"_":"Xan"},"month-1-short":{"_":"Feb"},"month-2-short":{"_":"Mar"},"month-3-short":{"_":"Abr"},"month-4-short":{"_":"Maio"},"month-5-short":{"_":"Xun"},"month-6-short":{"_":"Xul"},"month-7-short":{"_":"Ago"},"month-8-short":{"_":"Set"},"month-9-short":{"_":"Out"},"month-10-short":{"_":"Nov"},"month-11-short":{"_":"Dec"},"minutes-ago-long":{"_":"{[ plural(value) ]}","_[zero]":"xusto agora","_[one]":"hai un minuto","_[two]":"hai {{value}} minutos","_[few]":"hai {{value}} minutos","_[many]":"hai {{value}} minutos","_[other]":"hai {{value}} minutos"},"hours-ago-long":{"_":"{[ plural(value) ]}","_[zero]":"xusto agora","_[one]":"hai unha hora","_[two]":"hai {{value}} horas","_[few]":"hai {{value}} horas","_[many]":"hai {{value}} horas","_[other]":"hai {{value}} horas"},"days-ago-long":{"_":"{[ plural(value) ]}","_[zero]":"hoxe","_[one]":"onte","_[two]":"hai {{value}} días","_[few]":"hai {{value}} días","_[many]":"hai {{value}} días","_[other]":"hai {{value}} días"},"weeks-ago-long":{"_":"{[ plural(value) ]}","_[zero]":"esta semana","_[one]":"a semana pasada","_[two]":"hai {{value}} semanas","_[few]":"hai {{value}} semanas","_[many]":"hai {{value}} semanas","_[other]":"hai {{value}} semanas"},"months-ago-long":{"_":"{[ plural(value) ]}","_[zero]":"Este mes","_[one]":"o mes pasado","_[two]":"hai {{value}} meses","_[few]":"hai {{value}} meses","_[many]":"hai {{value}} meses","_[other]":"hai {{value}} meses"},"years-ago-long":{"_":"{[ plural(value) ]}","_[zero]":"este ano","_[one]":"o ano pasado","_[two]":"hai {{value}} anos","_[few]":"hai {{value}} anos","_[many]":"hai {{value}} anos","_[other]":"hai {{value}} anos"},"minutes-until-long":{"_":"{[ plural(value) ]}","_[zero]":"agora","_[one]":"nun minuto","_[two]":"en {{value}} minutos","_[few]":"en {{value}} minutos","_[many]":"en {{value}} minutos","_[other]":"en {{value}} minutos"},"hours-until-long":{"_":"{[ plural(value) ]}","_[zero]":"agora","_[one]":"nunha hora","_[two]":"en {{value}} horas","_[few]":"en {{value}} horas","_[many]":"en {{value}} horas","_[other]":"en {{value}} horas"},"days-until-long":{"_":"{[ plural(value) ]}","_[zero]":"hoxe","_[one]":"mañá","_[two]":"en {{value}} días","_[few]":"en {{value}} días","_[many]":"en {{value}} días","_[other]":"en {{value}} días"},"weeks-until-long":{"_":"{[ plural(value) ]}","_[zero]":"esta semana","_[one]":"a semana que ven","_[two]":"en {{value}} semanas","_[few]":"en {{value}} semanas","_[many]":"en {{value}} semanas","_[other]":"en {{value}} semanas"},"months-until-long":{"_":"{[ plural(value) ]}","_[zero]":"Este mes","_[one]":"o mes que ven","_[two]":"en {{value}} meses","_[few]":"en {{value}} meses","_[many]":"en {{value}} meses","_[other]":"en {{value}} meses"},"years-until-long":{"_":"{[ plural(value) ]}","_[zero]":"este ano","_[one]":"o ano que ven","_[two]":"en {{value}} anos","_[few]":"en {{value}} anos","_[many]":"en {{value}} anos","_[other]":"en {{value}} anos"},"minutes-ago-short":{"_":"{[ plural(value) ]}","_[zero]":"xusto agora","_[other]":"hai {{value}}min"},"hours-ago-short":{"_":"{[ plural(value) ]}","_[zero]":"xusto agora","_[other]":"hai {{value}}h"},"days-ago-short":{"_":"{[ plural(value) ]}","_[zero]":"hoxe","_[other]":"hai {{value}}d"},"minutes-until-short":{"_":"{[ plural(value) ]}","_[zero]":"agora","_[other]":"en {{value}}min"},"hours-until-short":{"_":"{[ plural(value) ]}","_[zero]":"agora","_[other]":"en {{value}}h"},"days-until-short":{"_":"{[ plural(value) ]}","_[zero]":"hoxe","_[other]":"en {{value}}d"},"incorrectDate":{"_":"(data incorrecta)"},"dateTimeFormat_%c":{"_":"%a, %e de %b, %Y %H:%M:%S"},"dateTimeFormat_%x":{"_":"%d/%m/%Y"},"dateTimeFormat_%X":{"_":"%H:%M:%S"},"shortTimeFormat":{"_":"%H:%M"},"shortDateTimeFormat":{"_":"%x %H:%M %p"},"weekStartsOnMonday":{"_":"1"},"time_am":{"_":"AM"},"time_pm":{"_":"PM"},"reset":{"_":"Restabelecer"},"start":{"_":"Inicio"},"stop":{"_":"Deter"},"cancel":{"_":"Cancelar"},"hour":{"_":"Hora"},"hours":{"_":"Horas"},"minute":{"_":"Minuto"},"minutes":{"_":"Minutos"},"enable":{"_":"Activar"},"back":{"_":"Atrás"},"label":{"_":"Etiqueta"},"alarm":{"_":"Alarma"},"timer":{"_":"Temporizador"},"stopwatch":{"_":"Cronómetro"},"alarmName":{"placeholder":"Nome da alarma"},"newAlarm":{"_":"Nova alarma"},"editAlarm":{"_":"Editar alarma"},"pause":{"_":"Pausa"},"resume":{"_":"Retomar"},"lap":{"_":"Volta"},"lap-number":{"_":"Volta {{n}}"},"delete":{"_":"Eliminar"},"time":{"_":"Hora"},"snooze-label":{"_":"Suspender"},"snooze-button":{"_":"Suspender"},"repeat":{"_":"Repetir"},"vibrate":{"_":"Vibración"},"close":{"_":"Pechar"},"save":{"_":"Gardar"},"done":{"_":"Feito"},"default":{"_":"Predeterminado"},"color":{"_":"Cor"},"sound":{"_":"Son"},"noSound":{"_":"Sen son"},"everyday":{"_":"Cada día"},"weekdays":{"_":"Días da semana"},"weekends":{"_":"Fin de semana"},"never":{"_":"Nunca"},"vibrateOn":{"_":"Activada"},"vibrateOff":{"_":"Desactivada"},"plusMinute":{"_":"+1 min"},"dateFormat":{"_":"%A, %e de %B"},"countdown-lessThanAnHour":{"_":"A alarma estabeleceuse para dentro de <strong>{{minutes}}</strong>."},"countdown-moreThanAnHour":{"_":"A alarma estabeleceuse para dentro de {{hours}} {{minutes}}."},"countdown-moreThanADay":{"_":"A alarma estabeleceuse para dentro {{days}} {{hours}}."},"nMinutes":{"_":"{[ plural(n) ]}","_[zero]":"menos dun minuto","_[one]":"un minuto","_[two]":"{{n}} minutos","_[few]":"{{n}} minutos","_[many]":"{{n}} minutos","_[other]":"{{n}} minutos"},"nHours":{"_":"{[ plural(n) ]}","_[one]":"<strong>{{n}} hora</strong>","_[two]":"<strong>{{n}} horas</strong>","_[few]":"<strong>{{n}} horas</strong>","_[many]":"<strong>{{n}} horas</strong>","_[other]":"<strong>{{n}} horas</strong>"},"nAndRemainHours":{"_":"{[ plural(n) ]}","_[one]":"e <strong>{{n}} hora</strong>","_[two]":"e <strong>{{n}} horas</strong>","_[few]":"e <strong>{{n}} horas</strong>","_[many]":"e <strong>{{n}} horas</strong>","_[other]":"e <strong>{{n}} horas</strong>"},"nRemainDays":{"_":"{[ plural(n) ]}","_[one]":"<strong>{{n}} día</strong>","_[two]":"<strong>{{n}} días</strong>","_[few]":"<strong>{{n}} días</strong>","_[many]":"<strong>{{n}} días</strong>","_[other]":"<strong>{{n}} días</strong>"},"nRemainMinutes":{"_":"{[ plural(n) ]}","_[one]":"e <strong>{{n}} minuto</strong>","_[two]":"e <strong>{{n}} minutos</strong>","_[few]":"e <strong>{{n}} minutos</strong>","_[many]":"e <strong>{{n}} minutos</strong>","_[other]":"e <strong>{{n}} minutos</strong>"},"ac_classic_clock_alarm_opus":{"_":"Zunido clásico"},"ac_classic_clock_alarm_prog_opus2":{"_":"Pulso progresivo"},"ac_classic_clock_radio_opus":{"_":"Pulso clásico"},"ac_normal_gem_echoes_opus":{"_":"Ecos cristalinos"},"ac_soft_smooth_strings_opus":{"_":"Cordas suaves"},"ac_soft_humming_waves_opus":{"_":"Ondas"},"ac_normal_ringing_strings_opus":{"_":"Cordas de guitarra"},"ac_soft_into_the_void_opus":{"_":"Baleiro interestelar"},"closeButton":{"ariaLabel":"Pechar"},"newAlarmButton":{"ariaLabel":"Nova alarma"},"alarm-volume-label":{"_":"Volume alarma do sistema"},"nSpinnerSeconds":{"_":"{[ plural(n) ]}","_[zero]":"cero segundos","_[one]":"1 segundo","_[two]":"{{n}} segundos","_[few]":"{{n}} segundos","_[many]":"{{n}} segundos","_[other]":"{{n}} segundos"},"nSpinnerMinutes":{"_":"{[ plural(n) ]}","_[zero]":"cero minutos","_[one]":"un minuto","_[two]":"{{n}} minutos","_[few]":"{{n}} minutos","_[many]":"{{n}} minutos","_[other]":"{{n}} minutos"},"nSpinnerHours":{"_":"{[ plural(n) ]}","_[zero]":"cero horas","_[one]":"{{n}} hora","_[two]":"{{n}} horas","_[few]":"{{n}} horas","_[many]":"{{n}} horas","_[other]":"{{n}} horas"}}