{"weekday-0-long":{"_":"Nedjelja"},"weekday-1-long":{"_":"Ponedjeljak"},"weekday-2-long":{"_":"Utorak"},"weekday-3-long":{"_":"Srijeda"},"weekday-4-long":{"_":"Četvrtak"},"weekday-5-long":{"_":"Petak"},"weekday-6-long":{"_":"Subota"},"weekday-0-short":{"_":"Ned"},"weekday-1-short":{"_":"Pon"},"weekday-2-short":{"_":"Uto"},"weekday-3-short":{"_":"Sri"},"weekday-4-short":{"_":"Čet"},"weekday-5-short":{"_":"Pet"},"weekday-6-short":{"_":"Sub"},"month-0-long":{"_":"Siječanj"},"month-1-long":{"_":"Veljača"},"month-2-long":{"_":"Ožujak"},"month-3-long":{"_":"Travanj"},"month-4-long":{"_":"Svibanj"},"month-5-long":{"_":"Lipanj"},"month-6-long":{"_":"Srpanj"},"month-7-long":{"_":"Kolovoz"},"month-8-long":{"_":"Rujan"},"month-9-long":{"_":"Listopad"},"month-10-long":{"_":"Studeni"},"month-11-long":{"_":"Prosinac"},"month-0-genitive":{"_":"Siječnja"},"month-1-genitive":{"_":"Veljače"},"month-2-genitive":{"_":"Ožujka"},"month-3-genitive":{"_":"Travnja"},"month-4-genitive":{"_":"Svibnja"},"month-5-genitive":{"_":"Lipnja"},"month-6-genitive":{"_":"Srpnja"},"month-7-genitive":{"_":"Kolovoza"},"month-8-genitive":{"_":"Rujna"},"month-9-genitive":{"_":"Listopada"},"month-10-genitive":{"_":"Studenoga"},"month-11-genitive":{"_":"Prosinca"},"month-0-short":{"_":"Sij"},"month-1-short":{"_":"Velj"},"month-2-short":{"_":"Ožu"},"month-3-short":{"_":"Tra"},"month-4-short":{"_":"Svi"},"month-5-short":{"_":"Lip"},"month-6-short":{"_":"Srp"},"month-7-short":{"_":"Kol"},"month-8-short":{"_":"Ruj"},"month-9-short":{"_":"Lis"},"month-10-short":{"_":"Stu"},"month-11-short":{"_":"Pro"},"minutes-ago-long":{"_":"{[ plural(value) ]}","_[zero]":"upravo","_[one]":"prije minutu","_[two]":"prije {{value}} minute","_[few]":"prije {{value}} minutes","_[many]":"prije {{value}} minuta","_[other]":"prije {{value}} minuta"},"hours-ago-long":{"_":"{[ plural(value) ]}","_[zero]":"upravo","_[one]":"prije sat vremena","_[two]":"prije {{value}} sata","_[few]":"prije {{value}} sati","_[many]":"prije {{value}} sati","_[other]":"prije {{value}} sati"},"days-ago-long":{"_":"{[ plural(value) ]}","_[zero]":"danas","_[one]":"jučer","_[two]":"prije {{value}} dana","_[few]":"prije {{value}} dana","_[many]":"prije {{value}} dana","_[other]":"prije {{value}} dana"},"weeks-ago-long":{"_":"{[ plural(value) ]}","_[zero]":"ovaj tjedan","_[one]":"prošli tjedan","_[two]":"prije {{value}} tjedna","_[few]":"prije {{value}} tjedana","_[many]":"prije {{value}} tjedana","_[other]":"prije {{value}} tjedana"},"months-ago-long":{"_":"{[ plural(value) ]}","_[zero]":"ovaj mjesec","_[one]":"prošli mjesec","_[two]":"prije {{value}} mjeseca","_[few]":"prije {{value}} mjeseci","_[many]":"prije {{value}} mjeseci","_[other]":"prije {{value}} mjeseci"},"years-ago-long":{"_":"{[ plural(value) ]}","_[zero]":"ove godine","_[one]":"prošle godine","_[two]":"prije {{value}} godine","_[few]":"prije {{value}} godina","_[many]":"prije {{value}} godina","_[other]":"prije {{value}} godina"},"minutes-until-long":{"_":"{[ plural(value) ]}","_[zero]":"upravo","_[one]":"za minutu","_[two]":"za {{value}} minute","_[few]":"za {{value}} minuta","_[many]":"za {{value}} minuta","_[other]":"za {{value}} minuta"},"hours-until-long":{"_":"{[ plural(value) ]}","_[zero]":"upravo","_[one]":"za sat vremena","_[two]":"za {{value}} sata","_[few]":"za {{value}} sati","_[many]":"za {{value}} sati","_[other]":"za {{value}} sati"},"days-until-long":{"_":"{[ plural(value) ]}","_[zero]":"danas","_[one]":"sutra","_[two]":"za {{value}} dana","_[few]":"za {{value}} dana","_[many]":"za {{value}} dana","_[other]":"za {{value}} dana"},"weeks-until-long":{"_":"{[ plural(value) ]}","_[zero]":"ovaj tjedan","_[one]":"idući tjedan","_[two]":"za {{value}} tjedna","_[few]":"za {{value}} tjedana","_[many]":"za {{value}} tjedana","_[other]":"za {{value}} tjedana"},"months-until-long":{"_":"{[ plural(value) ]}","_[zero]":"ovaj mjesec","_[one]":"idući mjesec","_[two]":"za {{value}} mjeseca","_[few]":"za {{value}} mjeseci","_[many]":"za {{value}} mjeseci","_[other]":"za {{value}} mjeseci"},"years-until-long":{"_":"{[ plural(value) ]}","_[zero]":"ove godine","_[one]":"iduće godine","_[two]":"za {{value}} godine","_[few]":"za {{value}} godina","_[many]":"za {{value}} godina","_[other]":"za {{value}} godina"},"minutes-ago-short":{"_":"{[ plural(value) ]}","_[zero]":"upravo","_[other]":"prije {{value}}m"},"hours-ago-short":{"_":"{[ plural(value) ]}","_[zero]":"upravo","_[other]":"prije {{value}}s"},"days-ago-short":{"_":"{[ plural(value) ]}","_[zero]":"danas","_[other]":"prije {{value}}d"},"minutes-until-short":{"_":"{[ plural(value) ]}","_[zero]":"sada","_[other]":"za {{value}}m"},"hours-until-short":{"_":"{[ plural(value) ]}","_[zero]":"sada","_[other]":"za {{value}}s"},"days-until-short":{"_":"{[ plural(value) ]}","_[zero]":"danas","_[other]":"za {{value}}d"},"incorrectDate":{"_":"(netočan datum)"},"dateTimeFormat_%c":{"_":"%a %e %b %Y %H:%M:%S"},"dateTimeFormat_%x":{"_":"%d.%m.%Y"},"dateTimeFormat_%X":{"_":"%H:%M:%S"},"shortTimeFormat":{"_":"%H:%M"},"shortDateTimeFormat":{"_":"%x %H:%M"},"weekStartsOnMonday":{"_":"1"},"time_am":{"_":"AM"},"time_pm":{"_":"PM"},"reset":{"_":"Poništi"},"start":{"_":"Započni"},"stop":{"_":"Zaustavi"},"cancel":{"_":"Otkaži"},"hour":{"_":"Sat"},"hours":{"_":"Sati"},"minute":{"_":"Minuta"},"minutes":{"_":"Minuta"},"enable":{"_":"Omogući"},"back":{"_":"Natrag"},"label":{"_":"Naslov"},"alarm":{"_":"Alarm"},"timer":{"_":"Odbrojavanje"},"stopwatch":{"_":"Štoperica"},"alarmName":{"placeholder":"Alarm"},"newAlarm":{"_":"Novi alarm"},"editAlarm":{"_":"Uredi alarm"},"pause":{"_":"Pauziraj"},"resume":{"_":"Nastavi"},"lap":{"_":"Krug"},"lap-number":{"_":"Krug {{n}}"},"delete":{"_":"Obriši"},"time":{"_":"Vrijeme"},"snooze-label":{"_":"Snooze"},"snooze-button":{"_":"Snooze"},"repeat":{"_":"Ponovi"},"vibrate":{"_":"Vibriraj"},"close":{"_":"Zatvori"},"save":{"_":"Spremi"},"done":{"_":"Gotovo"},"default":{"_":"Zadano"},"color":{"_":"Boja"},"sound":{"_":"Zvuk"},"noSound":{"_":"Bez zvuka"},"everyday":{"_":"Svaki dan"},"weekdays":{"_":"Radnim danom"},"weekends":{"_":"Vikendom"},"never":{"_":"Nikad"},"vibrateOn":{"_":"Uključi"},"vibrateOff":{"_":"Isključi"},"plusMinute":{"_":"+1 Min"},"dateFormat":{"_":"%A, %e %B"},"countdown-lessThanAnHour":{"_":"Alarm je namješten za <strong>{{minutes}}</strong>."},"countdown-moreThanAnHour":{"_":"Alarm je namješten za {{hours}} {{minutes}}."},"countdown-moreThanADay":{"_":"Alarm će se aktivirati za {{days}} {{hours}}."},"nMinutes":{"_":"{[ plural(n) ]}","_[zero]":"manje od minute","_[one]":"jedna minuta","_[two]":"{{n}} minute","_[few]":"{{n}} minuta","_[many]":"{{n}} minuta","_[other]":"{{n}} minuta"},"nHours":{"_":"{[ plural(n) ]}","_[one]":"<strong>{{n}} sat</strong>","_[two]":"<strong>{{n}} sata</strong>","_[few]":"<strong>{{n}} sati</strong>","_[many]":"<strong>{{n}} sati</strong>","_[other]":"<strong>{{n}} sati</strong>","_[zero]":"Sati"},"nAndRemainHours":{"_":"{[ plural(n) ]}","_[one]":"i <strong>{{n}} sat</strong>","_[two]":"i <strong>{{n}} sati</strong>","_[few]":"i <strong>{{n}} sati</strong>","_[many]":"i <strong>{{n}} sati</strong>","_[other]":"i <strong>{{n}} sati</strong>","_[zero]":" "},"nRemainDays":{"_":"{[ plural(n) ]}","_[one]":"<strong>{{n}} dan</strong>","_[two]":"<strong>{{n}} dana</strong>","_[few]":"<strong>{{n}} dana</strong>","_[many]":"<strong>{{n}} dana</strong>","_[other]":"<strong>{{n}} dana</strong>","_[zero]":" "},"nRemainMinutes":{"_":"{[ plural(n) ]}","_[one]":"i <strong>{{n}} minuta</strong>","_[two]":"i <strong>{{n}} minute</strong>","_[few]":"i <strong>{{n}} minuta</strong>","_[many]":"i <strong>{{n}} minuta</strong>","_[other]":"i <strong>{{n}} minuta</strong>","_[zero]":" "},"ac_classic_clock_alarm_opus":{"_":"Klasično zujanje"},"ac_classic_clock_alarm_prog_opus2":{"_":"Pulse Progressive"},"ac_classic_clock_radio_opus":{"_":"Klasično pulsiranje"},"ac_normal_gem_echoes_opus":{"_":"Jeka dragulja"},"ac_soft_smooth_strings_opus":{"_":"Glatke žice"},"ac_soft_humming_waves_opus":{"_":"Svjetlucavi valovi"},"ac_normal_ringing_strings_opus":{"_":"Zvoneće žice"},"ac_soft_into_the_void_opus":{"_":"U prazninu"}}