{"weekday-0-long":{"_":"Vasárnap"},"weekday-1-long":{"_":"Hétfő"},"weekday-2-long":{"_":"Kedd"},"weekday-3-long":{"_":"Szerda"},"weekday-4-long":{"_":"Csütörtök"},"weekday-5-long":{"_":"Péntek"},"weekday-6-long":{"_":"Szombat"},"weekday-0-short":{"_":"Va."},"weekday-1-short":{"_":"Hé."},"weekday-2-short":{"_":"Ke."},"weekday-3-short":{"_":"Sze."},"weekday-4-short":{"_":"Csü."},"weekday-5-short":{"_":"Pé."},"weekday-6-short":{"_":"Szo."},"month-0-long":{"_":"Január"},"month-1-long":{"_":"Február"},"month-2-long":{"_":"Március"},"month-3-long":{"_":"Április"},"month-4-long":{"_":"Május"},"month-5-long":{"_":"Június"},"month-6-long":{"_":"Július"},"month-7-long":{"_":"Augusztus"},"month-8-long":{"_":"Szeptember"},"month-9-long":{"_":"Október"},"month-10-long":{"_":"November"},"month-11-long":{"_":"December"},"month-0-genitive":{"_":"Január"},"month-1-genitive":{"_":"Február"},"month-2-genitive":{"_":"Március"},"month-3-genitive":{"_":"Április"},"month-4-genitive":{"_":"Május"},"month-5-genitive":{"_":"Június"},"month-6-genitive":{"_":"Július"},"month-7-genitive":{"_":"Augusztus"},"month-8-genitive":{"_":"Szeptember"},"month-9-genitive":{"_":"Október"},"month-10-genitive":{"_":"November"},"month-11-genitive":{"_":"December"},"month-0-short":{"_":"Jan"},"month-1-short":{"_":"Feb"},"month-2-short":{"_":"Már"},"month-3-short":{"_":"Ápr"},"month-4-short":{"_":"Máj"},"month-5-short":{"_":"Jún"},"month-6-short":{"_":"Júl"},"month-7-short":{"_":"Aug"},"month-8-short":{"_":"Szep"},"month-9-short":{"_":"Okt"},"month-10-short":{"_":"Nov"},"month-11-short":{"_":"Dec"},"minutes-ago-long":{"_":"{[ plural(value) ]}","_[zero]":"épp most","_[one]":"egy perccel ezelőtt","_[two]":"{{value}} perccel ezelőtt","_[few]":"{{value}} perccel ezelőtt","_[many]":"{{value}} perccel ezelőtt","_[other]":"{{value}} perccel ezelőtt"},"hours-ago-long":{"_":"{[ plural(value) ]}","_[zero]":"épp most","_[one]":"egy órája","_[two]":"{{value}} órával ezelőtt","_[few]":"{{value}} órával ezelőtt","_[many]":"{{value}} órával ezelőtt","_[other]":"{{value}} órával ezelőtt"},"days-ago-long":{"_":"{[ plural(value) ]}","_[zero]":"ma","_[one]":"tegnap","_[two]":"{{value}} nappal ezelőtt","_[few]":"{{value}} nappal ezelőtt","_[many]":"{{value}} nappal ezelőtt","_[other]":"{{value}} nappal ezelőtt"},"weeks-ago-long":{"_":"{[ plural(value) ]}","_[zero]":"ez a hét","_[one]":"múlt hét","_[two]":"{{value}} héttel ezelőtt","_[few]":"{{value}} héttel ezelőtt","_[many]":"{{value}} héttel ezelőtt","_[other]":"{{value}} héttel ezelőtt"},"months-ago-long":{"_":"{[ plural(value) ]}","_[zero]":"ez a hónap","_[one]":"előző hónap","_[two]":"{{value}} hónappal ezelőtt","_[few]":"{{value}} hónappal ezelőtt","_[many]":"{{value}} hónappal ezelőtt","_[other]":"{{value}} hónappal ezelőtt"},"years-ago-long":{"_":"{[ plural(value) ]}","_[zero]":"ez az év","_[one]":"tavaly","_[two]":"{{value}} évvel ezelőtt","_[few]":"{{value}} évvel ezelőtt","_[many]":"{{value}} évvel ezelőtt","_[other]":"{{value}} évvel ezelőtt"},"minutes-until-long":{"_":"{[ plural(value) ]}","_[zero]":"most","_[one]":"egy percen belül","_[two]":"{{value}} percen belül","_[few]":"{{value}} percen belül","_[many]":"{{value}} percen belül","_[other]":"{{value}} percen belül"},"hours-until-long":{"_":"{[ plural(value) ]}","_[zero]":"most","_[one]":"egy órán belül","_[two]":"{{value}} órán belül","_[few]":"{{value}} órán belül","_[many]":"{{value}} órán belül","_[other]":"{{value}} órán belül"},"days-until-long":{"_":"{[ plural(value) ]}","_[zero]":"ma","_[one]":"holnap","_[two]":"{{value}} napon belül","_[few]":"{{value}} napon belül","_[many]":"{{value}} napon belül","_[other]":"{{value}} napon belül"},"weeks-until-long":{"_":"{[ plural(value) ]}","_[zero]":"ez a hét","_[one]":"következő hét","_[two]":"{{value}} héten belül","_[few]":"{{value}} héten belül","_[many]":"{{value}} héten belül","_[other]":"{{value}} héten belül"},"months-until-long":{"_":"{[ plural(value) ]}","_[zero]":"ez a hónap","_[one]":"következő hónap","_[two]":"{{value}} héten belül","_[few]":"{{value}} héten belül","_[many]":"{{value}} héten belül","_[other]":"{{value}} héten belül"},"years-until-long":{"_":"{[ plural(value) ]}","_[zero]":"ez az év","_[one]":"következő év","_[two]":"{{value}} éven belül","_[few]":"{{value}} éven belül","_[many]":"{{value}} éven belül","_[other]":"{{value}} éven belül"},"minutes-ago-short":{"_":"{[ plural(value) ]}","_[zero]":"épp most","_[other]":"{{value}}p ezelőtt"},"hours-ago-short":{"_":"{[ plural(value) ]}","_[zero]":"épp most","_[other]":"{{value}}ó ezelőtt"},"days-ago-short":{"_":"{[ plural(value) ]}","_[zero]":"ma","_[other]":"{{value}}n ezelőtt"},"minutes-until-short":{"_":"{[ plural(value) ]}","_[zero]":"most","_[other]":"{{value}} percen belül"},"hours-until-short":{"_":"{[ plural(value) ]}","_[zero]":"most","_[other]":"{{value}} órán belül"},"days-until-short":{"_":"{[ plural(value) ]}","_[zero]":"ma","_[other]":"{{value}} napon belül"},"incorrectDate":{"_":"(helytelen dátum)"},"dateTimeFormat_%c":{"_":"%Y. %b %d %a %H:%M:%S"},"dateTimeFormat_%x":{"_":"%Y. %m. %d."},"dateTimeFormat_%X":{"_":"%H:%M:%S"},"shortTimeFormat":{"_":"%H:%M"},"shortDateTimeFormat":{"_":"%x %H:%M"},"weekStartsOnMonday":{"_":"0"},"time_am":{"_":"DE"},"time_pm":{"_":"DU"},"reset":{"_":"Alaphelyzet"},"start":{"_":"Kezdés"},"stop":{"_":"Leállítás"},"cancel":{"_":"Mégse"},"hour":{"_":"Óra"},"hours":{"_":"Óra"},"minute":{"_":"Perc"},"minutes":{"_":"Perc"},"enable":{"_":"Engedélyezés"},"back":{"_":"Vissza"},"label":{"_":"Címke"},"alarm":{"_":"Ébresztés"},"timer":{"_":"Időzítő"},"stopwatch":{"_":"Stopper"},"alarmName":{"placeholder":"Ébresztés neve"},"newAlarm":{"_":"Új ébresztés"},"editAlarm":{"_":"Ébresztés"},"pause":{"_":"Szünet"},"resume":{"_":"Folytatás"},"lap":{"_":"Kör"},"lap-number":{"_":"Kör {{n}}"},"delete":{"_":"Törlés"},"time":{"_":"Idő"},"snooze-label":{"_":"Szundi"},"snooze-button":{"_":"Szundi"},"repeat":{"_":"Ismétlődés"},"vibrate":{"_":"Rezgés"},"close":{"_":"Bezárás"},"save":{"_":"Mentés"},"done":{"_":"Kész"},"default":{"_":"Alapértelmezett"},"color":{"_":"Szín"},"sound":{"_":"Hang"},"noSound":{"_":"Hang nélkül"},"everyday":{"_":"Minden nap"},"weekdays":{"_":"Hétköznap"},"weekends":{"_":"Hétvégente"},"never":{"_":"Soha"},"vibrateOn":{"_":"Be"},"vibrateOff":{"_":"Ki"},"plusMinute":{"_":"+1 perc"},"dateFormat":{"_":"%B %d. %A"},"countdown-lessThanAnHour":{"_":"Ébresztés beállítva mostantól ennyire: <strong>{{minutes}}</strong>."},"countdown-moreThanAnHour":{"_":"Ébresztés beállítva mostantól ennyire: {{hours}} {{minutes}}."},"countdown-moreThanADay":{"_":"Ébresztés beállítva mostantól ennyire: {{days}} {{hours}}"},"nMinutes":{"_":"{[ plural(n) ]}","_[zero]":"egy percen belül","_[one]":"egy perc","_[two]":"{{n}} perc","_[few]":"{{n}} perc","_[many]":"{{n}} perc","_[other]":"{{n}} perc"},"nHours":{"_":"{[ plural(n) ]}","_[one]":"<strong>{{n}} óra</strong>","_[two]":"<strong>{{n}} óra</strong>","_[few]":"<strong>{{n}} óra</strong>","_[many]":"<strong>{{n}} óra</strong>","_[other]":"<strong>{{n}} óra</strong>"},"nAndRemainHours":{"_":"{[ plural(n) ]}","_[one]":"<strong>{{n}} óra</strong>","_[two]":"<strong>{{n}} óra</strong>","_[few]":"<strong>{{n}} óra</strong>","_[many]":"<strong>{{n}} óra</strong>","_[other]":"<strong>{{n}} óra</strong>"},"nRemainDays":{"_":"{[ plural(n) ]}","_[one]":"<strong>{{n}} nap</strong>","_[two]":"<strong>{{n}} nap</strong>","_[few]":"<strong>{{n}} nap</strong>","_[many]":"<strong>{{n}} nap</strong>","_[other]":"<strong>{{n}} nap</strong>"},"nRemainMinutes":{"_":"{[ plural(n) ]}","_[one]":"és <strong>{{n}} perc</strong>","_[two]":"és <strong>{{n}} perc</strong>","_[few]":"és <strong>{{n}} perc</strong>","_[many]":"és <strong>{{n}} perc</strong>","_[other]":"és <strong>{{n}} perc</strong>"},"ac_classic_clock_alarm_opus":{"_":"Klasszikus zümmögés"},"ac_classic_clock_alarm_prog_opus2":{"_":"Erősödő zúgás"},"ac_classic_clock_radio_opus":{"_":"Klasszikus zúgás"},"ac_normal_gem_echoes_opus":{"_":"Drágakövek"},"ac_soft_smooth_strings_opus":{"_":"Lágy húrok"},"ac_soft_humming_waves_opus":{"_":"Remegő hullámok"},"ac_normal_ringing_strings_opus":{"_":"Csengő húrok"},"ac_soft_into_the_void_opus":{"_":"A semmibe"}}