{"weekday-0-long":{"_":"domenica"},"weekday-1-long":{"_":"lunedì"},"weekday-2-long":{"_":"martedì"},"weekday-3-long":{"_":"mercoledì"},"weekday-4-long":{"_":"giovedì"},"weekday-5-long":{"_":"venerdì"},"weekday-6-long":{"_":"sabato"},"weekday-0-short":{"_":"dom"},"weekday-1-short":{"_":"lun"},"weekday-2-short":{"_":"mar"},"weekday-3-short":{"_":"mer"},"weekday-4-short":{"_":"gio"},"weekday-5-short":{"_":"ven"},"weekday-6-short":{"_":"sab"},"month-0-long":{"_":"gennaio"},"month-1-long":{"_":"febbraio"},"month-2-long":{"_":"marzo"},"month-3-long":{"_":"aprile"},"month-4-long":{"_":"maggio"},"month-5-long":{"_":"giugno"},"month-6-long":{"_":"luglio"},"month-7-long":{"_":"agosto"},"month-8-long":{"_":"settembre"},"month-9-long":{"_":"ottobre"},"month-10-long":{"_":"novembre"},"month-11-long":{"_":"dicembre"},"month-0-genitive":{"_":"gennaio"},"month-1-genitive":{"_":"febbraio"},"month-2-genitive":{"_":"marzo"},"month-3-genitive":{"_":"aprile"},"month-4-genitive":{"_":"maggio"},"month-5-genitive":{"_":"giugno"},"month-6-genitive":{"_":"luglio"},"month-7-genitive":{"_":"agosto"},"month-8-genitive":{"_":"settembre"},"month-9-genitive":{"_":"ottobre"},"month-10-genitive":{"_":"novembre"},"month-11-genitive":{"_":"dicembre"},"month-0-short":{"_":"gen"},"month-1-short":{"_":"feb"},"month-2-short":{"_":"mar"},"month-3-short":{"_":"apr"},"month-4-short":{"_":"mag"},"month-5-short":{"_":"giu"},"month-6-short":{"_":"lug"},"month-7-short":{"_":"ago"},"month-8-short":{"_":"set"},"month-9-short":{"_":"ott"},"month-10-short":{"_":"nov"},"month-11-short":{"_":"dic"},"minutes-ago-long":{"_":"{[ plural(value) ]}","_[zero]":"adesso","_[one]":"un minuto fa","_[two]":"{{value}} minuti fa","_[few]":"{{value}} minuti fa","_[many]":"{{value}} minuti fa","_[other]":"{{value}} minuti fa"},"hours-ago-long":{"_":"{[ plural(value) ]}","_[zero]":"adesso","_[one]":"un’ora fa","_[two]":"{{value}} ore fa","_[few]":"{{value}} ore fa","_[many]":"{{value}} ore fa","_[other]":"{{value}} ore fa"},"days-ago-long":{"_":"{[ plural(value) ]}","_[zero]":"oggi","_[one]":"ieri","_[two]":"{{value}} giorni fa","_[few]":"{{value}} giorni fa","_[many]":"{{value}} giorni fa","_[other]":"{{value}} giorni fa"},"weeks-ago-long":{"_":"{[ plural(value) ]}","_[zero]":"questa settimana","_[one]":"settimana scorsa","_[two]":"{{value}} settimane fa","_[few]":"{{value}} settimane fa","_[many]":"{{value}} settimane fa","_[other]":"{{value}} settimane fa"},"months-ago-long":{"_":"{[ plural(value) ]}","_[zero]":"questo mese","_[one]":"mese scorso","_[two]":"{{value}} mesi fa","_[few]":"{{value}} mesi fa","_[many]":"{{value}} mesi fa","_[other]":"{{value}} mesi fa"},"years-ago-long":{"_":"{[ plural(value) ]}","_[zero]":"quest’anno","_[one]":"anno scorso","_[two]":"{{value}} anni fa","_[few]":"{{value}} anni fa","_[many]":"{{value}} anni fa","_[other]":"{{value}} anni fa"},"minutes-until-long":{"_":"{[ plural(value) ]}","_[zero]":"adesso","_[one]":"tra un minuto","_[two]":"tra {{value}} minuti","_[few]":"tra {{value}} minuti","_[many]":"tra {{value}} minuti","_[other]":"tra {{value}} minuti"},"hours-until-long":{"_":"{[ plural(value) ]}","_[zero]":"adesso","_[one]":"tra un’ora","_[two]":"tra {{value}} ore","_[few]":"tra {{value}} ore","_[many]":"tra {{value}} ore","_[other]":"tra {{value}} ore"},"days-until-long":{"_":"{[ plural(value) ]}","_[zero]":"oggi","_[one]":"domani","_[two]":"tra {{value}} giorni","_[few]":"tra {{value}} giorni","_[many]":"tra {{value}} giorni","_[other]":"tra {{value}} giorni"},"weeks-until-long":{"_":"{[ plural(value) ]}","_[zero]":"questa settimana","_[one]":"prossima settimana","_[two]":"tra {{value}} settimane","_[few]":"tra {{value}} settimane","_[many]":"tra {{value}} settimane","_[other]":"tra {{value}} settimane"},"months-until-long":{"_":"{[ plural(value) ]}","_[zero]":"questo mese","_[one]":"prossimo mese","_[two]":"in {{value}} mesi","_[few]":"tra {{value}} mesi","_[many]":"tra {{value}} mesi","_[other]":"in {{value}} mesi"},"years-until-long":{"_":"{[ plural(value) ]}","_[zero]":"quest’anno","_[one]":"prossimo anno","_[two]":"tra {{value}} anni","_[few]":"tra {{value}} anni","_[many]":"tra {{value}} anni","_[other]":"tra {{value}} anni"},"minutes-ago-short":{"_":"{[ plural(value) ]}","_[zero]":"adesso","_[other]":"{{value}}m fa"},"hours-ago-short":{"_":"{[ plural(value) ]}","_[zero]":"adesso","_[other]":"{{value}}h fa"},"days-ago-short":{"_":"{[ plural(value) ]}","_[zero]":"oggi","_[other]":"{{value}}g fa"},"minutes-until-short":{"_":"{[ plural(value) ]}","_[zero]":"adesso","_[other]":"tra {{value}}m"},"hours-until-short":{"_":"{[ plural(value) ]}","_[zero]":"adesso","_[other]":"tra {{value}}h"},"days-until-short":{"_":"{[ plural(value) ]}","_[zero]":"oggi","_[other]":"tra {{value}}d"},"incorrectDate":{"_":"(data errata)"},"dateTimeFormat_%c":{"_":"%a %e %b %Y %H:%M:%S"},"dateTimeFormat_%x":{"_":"%d/%m/%Y"},"dateTimeFormat_%X":{"_":"%H:%M:%S"},"shortTimeFormat":{"_":"%H:%M"},"shortDateTimeFormat":{"_":"%x %H:%M"},"weekStartsOnMonday":{"_":"1"},"time_am":{"_":"AM"},"time_pm":{"_":"PM"},"reset":{"_":"Azzera"},"start":{"_":"Avvia"},"stop":{"_":"Blocca"},"cancel":{"_":"Annulla"},"hour":{"_":"Ora"},"hours":{"_":"Ore"},"minute":{"_":"Minuto"},"minutes":{"_":"Minuti"},"enable":{"_":"Attiva"},"back":{"_":"Indietro"},"label":{"_":"Etichetta"},"alarm":{"_":"Allarme"},"timer":{"_":"Timer"},"stopwatch":{"_":"Cronometro"},"alarmName":{"placeholder":"Nome allarme"},"newAlarm":{"_":"Nuovo allarme"},"editAlarm":{"_":"Modifica allarme"},"pause":{"_":"Pausa"},"resume":{"_":"Riprendi"},"lap":{"_":"Giro"},"lap-number":{"_":"Giro {{n}}"},"delete":{"_":"Elimina"},"time":{"_":"Ora"},"snooze-label":{"_":"Posponi"},"snooze-button":{"_":"Posponi"},"repeat":{"_":"Ripeti"},"vibrate":{"_":"Vibrazione"},"close":{"_":"Chiudi"},"save":{"_":"Salva"},"done":{"_":"Fine"},"default":{"_":"Predefinito"},"color":{"_":"Colore"},"sound":{"_":"Suono"},"noSound":{"_":"Nessun suono"},"everyday":{"_":"Ogni giorno"},"weekdays":{"_":"Giorni lavorativi"},"weekends":{"_":"Fine settimana"},"never":{"_":"Mai"},"vibrateOn":{"_":"Attiva"},"vibrateOff":{"_":"Disattivata"},"plusMinute":{"_":"+1 min"},"dateFormat":{"_":"%A %e %B"},"countdown-lessThanAnHour":{"_":"L’allarme sarà attivato tra <strong>{{minutes}}</strong>."},"countdown-moreThanAnHour":{"_":"L’allarme sarà attivato tra {{hours}} {{minutes}}."},"countdown-moreThanADay":{"_":"L’allarme sarà attivato tra {{days}} {{hours}}."},"nMinutes":{"_":"{[ plural(n) ]}","_[zero]":"meno di un minuto","_[one]":"un minuto","_[two]":"{{n}} minuti","_[few]":"{{n}} minuti","_[many]":"{{n}} minuti","_[other]":"{{n}} minuti"},"nHours":{"_":"{[ plural(n) ]}","_[one]":"<strong>{{n}} ora</strong>","_[two]":"<strong>{{n}} ore</strong>","_[few]":"<strong>{{n}} ore</strong>","_[many]":"<strong>{{n}} ore</strong>","_[other]":"<strong>{{n}} ore</strong>","_[zero]":" "},"nAndRemainHours":{"_":"{[ plural(n) ]}","_[one]":"e <strong>{{n}} ora</strong>","_[two]":"e <strong>{{n}} ore</strong>","_[few]":"e <strong>{{n}} ore</strong>","_[many]":"e <strong>{{n}} ore</strong>","_[other]":"e <strong>{{n}} ore</strong>","_[zero]":" "},"nRemainDays":{"_":"{[ plural(n) ]}","_[one]":"<strong>{{n}} giorno</strong>","_[two]":"<strong>{{n}} giorni</strong>","_[few]":"<strong>{{n}} giorni</strong>","_[many]":"<strong>{{n}} giorni</strong>","_[other]":"<strong>{{n}} giorni</strong>","_[zero]":" "},"nRemainMinutes":{"_":"{[ plural(n) ]}","_[one]":"e <strong>{{n}} minuto</strong>","_[two]":"e <strong>{{n}} minuti</strong>","_[few]":"e <strong>{{n}} minuti</strong>","_[many]":"e <strong>{{n}} minuti</strong>","_[other]":"e <strong>{{n}} minuti</strong>","_[zero]":" "},"ac_classic_clock_alarm_opus":{"_":"Classic Buzz"},"ac_classic_clock_alarm_prog_opus2":{"_":"Pulse Progressive"},"ac_classic_clock_radio_opus":{"_":"Classic Pulse"},"ac_normal_gem_echoes_opus":{"_":"Gem Echoes"},"ac_soft_smooth_strings_opus":{"_":"Smooth Strings"},"ac_soft_humming_waves_opus":{"_":"Shimmering Waves"},"ac_normal_ringing_strings_opus":{"_":"Ringing Strings"},"ac_soft_into_the_void_opus":{"_":"Into the Void"},"alarm-volume-label":{"_":"Volume allarmi di sistema"},"closeButton":{"ariaLabel":"Chiudi"},"newAlarmButton":{"ariaLabel":"Nuovo allarme"},"nSpinnerSeconds":{"_":"{[ plural(n) ]}","_[zero]":"zero secondi","_[one]":"{{n}} secondo","_[two]":"{{n}} secondi","_[few]":"{{n}} secondi","_[many]":"{{n}} secondi","_[other]":"{{n}} secondi"},"nSpinnerMinutes":{"_":"{[ plural(n) ]}","_[zero]":"zero minuti","_[one]":"{{n}} minuto","_[two]":"{{n}} minuti","_[few]":"{{n}} minuti","_[many]":"{{n}} minuti","_[other]":"{{n}} minuti"},"nSpinnerHours":{"_":"{[ plural(n) ]}","_[zero]":"zero ore","_[one]":"{{n}} ora","_[two]":"{{n}} ore","_[few]":"{{n}} ore","_[many]":"{{n}} ore","_[other]":"{{n}} ore"}}