{"weekday-0-long":{"_":"日曜日"},"weekday-1-long":{"_":"月曜日"},"weekday-2-long":{"_":"火曜日"},"weekday-3-long":{"_":"水曜日"},"weekday-4-long":{"_":"木曜日"},"weekday-5-long":{"_":"金曜日"},"weekday-6-long":{"_":"土曜日"},"weekday-0-short":{"_":"日"},"weekday-1-short":{"_":"月"},"weekday-2-short":{"_":"火"},"weekday-3-short":{"_":"水"},"weekday-4-short":{"_":"木"},"weekday-5-short":{"_":"金"},"weekday-6-short":{"_":"土"},"month-0-long":{"_":"1月"},"month-1-long":{"_":"2月"},"month-2-long":{"_":"3月"},"month-3-long":{"_":"4月"},"month-4-long":{"_":"5月"},"month-5-long":{"_":"6月"},"month-6-long":{"_":"7月"},"month-7-long":{"_":"8月"},"month-8-long":{"_":"9月"},"month-9-long":{"_":"10月"},"month-10-long":{"_":"11月"},"month-11-long":{"_":"12月"},"month-0-genitive":{"_":"1月"},"month-1-genitive":{"_":"2月"},"month-2-genitive":{"_":"3月"},"month-3-genitive":{"_":"4月"},"month-4-genitive":{"_":"5月"},"month-5-genitive":{"_":"6月"},"month-6-genitive":{"_":"7月"},"month-7-genitive":{"_":"8月"},"month-8-genitive":{"_":"9月"},"month-9-genitive":{"_":"10月"},"month-10-genitive":{"_":"11月"},"month-11-genitive":{"_":"12月"},"month-0-short":{"_":"1月"},"month-1-short":{"_":"2月"},"month-2-short":{"_":"3月"},"month-3-short":{"_":"4月"},"month-4-short":{"_":"5月"},"month-5-short":{"_":"6月"},"month-6-short":{"_":"7月"},"month-7-short":{"_":"8月"},"month-8-short":{"_":"9月"},"month-9-short":{"_":"10月"},"month-10-short":{"_":"11月"},"month-11-short":{"_":"12月"},"minutes-ago-long":{"_":"{[ plural(value) ]}","_[zero]":"現在","_[one]":"1分前","_[two]":"{{value}}分前","_[few]":"{{value}}分前","_[many]":"{{value}}分前","_[other]":"{{value}}分前"},"hours-ago-long":{"_":"{[ plural(value) ]}","_[zero]":"現在","_[one]":"1時間前","_[two]":"{{value}}時間前","_[few]":"{{value}}時間前","_[many]":"{{value}}時間前","_[other]":"{{value}}時間前"},"days-ago-long":{"_":"{[ plural(value) ]}","_[zero]":"今日","_[one]":"昨日","_[two]":"{{value}}日前","_[few]":"{{value}}日前","_[many]":"{{value}}日前","_[other]":"{{value}}日前"},"weeks-ago-long":{"_":"{[ plural(value) ]}","_[zero]":"今週","_[one]":"先週","_[two]":"{{value}}週間前","_[few]":"{{value}}週間前","_[many]":"{{value}}週間前","_[other]":"{{value}}週間前"},"months-ago-long":{"_":"{[ plural(value) ]}","_[zero]":"今月","_[one]":"先月","_[two]":"{{value}}か月前","_[few]":"{{value}}か月前","_[many]":"{{value}}か月前","_[other]":"{{value}}か月前"},"years-ago-long":{"_":"{[ plural(value) ]}","_[zero]":"今年","_[one]":"昨年","_[two]":"{{value}}年前","_[few]":"{{value}}年前","_[many]":"{{value}}年前","_[other]":"{{value}}年前"},"minutes-until-long":{"_":"{[ plural(value) ]}","_[zero]":"現在","_[one]":"1分後","_[two]":"{{value}}分後","_[few]":"{{value}}分後","_[many]":"{{value}}分後","_[other]":"{{value}}分後"},"hours-until-long":{"_":"{[ plural(value) ]}","_[zero]":"現在","_[one]":"1時間後","_[two]":"{{value}}時間後","_[few]":"{{value}}時間後","_[many]":"{{value}}時間後","_[other]":"{{value}}時間後"},"days-until-long":{"_":"{[ plural(value) ]}","_[zero]":"今日","_[one]":"明日","_[two]":"{{value}}日後","_[few]":"{{value}}日後","_[many]":"{{value}}日後","_[other]":"{{value}}日後"},"weeks-until-long":{"_":"{[ plural(value) ]}","_[zero]":"今週","_[one]":"来週","_[two]":"{{value}}週間後","_[few]":"{{value}}週間後","_[many]":"{{value}}週間後","_[other]":"{{value}}週間後"},"months-until-long":{"_":"{[ plural(value) ]}","_[zero]":"今月","_[one]":"来月","_[two]":"{{value}}か月後","_[few]":"{{value}}か月後","_[many]":"{{value}}か月後","_[other]":"{{value}}か月後"},"years-until-long":{"_":"{[ plural(value) ]}","_[zero]":"今年","_[one]":"来年","_[two]":"{{value}}年後","_[few]":"{{value}}年後","_[many]":"{{value}}年後","_[other]":"{{value}}年後"},"minutes-ago-short":{"_":"{[ plural(value) ]}","_[zero]":"今","_[other]":"{{value}}分前"},"hours-ago-short":{"_":"{[ plural(value) ]}","_[zero]":"今","_[other]":"{{value}}時間前"},"days-ago-short":{"_":"{[ plural(value) ]}","_[zero]":"今日","_[other]":"{{value}}日前"},"minutes-until-short":{"_":"{[ plural(value) ]}","_[zero]":"今","_[other]":"{{value}}分後"},"hours-until-short":{"_":"{[ plural(value) ]}","_[zero]":"今","_[other]":"{{value}}時間後"},"days-until-short":{"_":"{[ plural(value) ]}","_[zero]":"今日","_[other]":"{{value}}日後"},"incorrectDate":{"_":"(日付が不正です)"},"dateTimeFormat_%c":{"_":"%Y年%b%e日(%a) %I:%M:%S %p"},"dateTimeFormat_%x":{"_":"%Y/%m/%d"},"dateTimeFormat_%X":{"_":"%I:%M:%S %p"},"shortTimeFormat":{"_":"%I:%M %p"},"shortDateTimeFormat":{"_":"%x %I:%M %p"},"weekStartsOnMonday":{"_":"0"},"time_am":{"_":"午前"},"time_pm":{"_":"午後"},"reset":{"_":"リセット"},"start":{"_":"実行"},"stop":{"_":"停止"},"cancel":{"_":"キャンセル"},"hour":{"_":"時"},"hours":{"_":"時間"},"minute":{"_":"分"},"minutes":{"_":"分"},"enable":{"_":"有効化"},"back":{"_":"戻る"},"label":{"_":"ラベル"},"alarm":{"_":"アラーム"},"timer":{"_":"タイマー"},"stopwatch":{"_":"ストップウォッチ"},"alarmName":{"placeholder":"アラーム名"},"newAlarm":{"_":"アラーム作成"},"editAlarm":{"_":"アラーム編集"},"pause":{"_":"一時停止"},"resume":{"_":"再開"},"lap":{"_":"Lap"},"lap-number":{"_":"{{n}} 周目"},"delete":{"_":"削除"},"time":{"_":"時刻"},"snooze-label":{"_":"スヌーズ"},"snooze-button":{"_":"スヌーズ"},"repeat":{"_":"繰り返し"},"vibrate":{"_":"バイブレート"},"close":{"_":"閉じる"},"save":{"_":"保存"},"done":{"_":"完了"},"default":{"_":"既定"},"color":{"_":"色"},"sound":{"_":"アラーム音"},"noSound":{"_":"音なし"},"everyday":{"_":"毎日"},"weekdays":{"_":"終日"},"weekends":{"_":"週末"},"never":{"_":"繰り返しなし"},"vibrateOn":{"_":"ON"},"vibrateOff":{"_":"OFF"},"plusMinute":{"_":"+1 分"},"dateFormat":{"_":"%B%e日(%a)"},"countdown-lessThanAnHour":{"_":"アラームを <strong>{{minutes}}</strong> に設定しました。"},"countdown-moreThanAnHour":{"_":"アラームを <strong>{{hours}}{{minutes}}後</strong> に設定しました。"},"countdown-moreThanADay":{"_":"アラームを <strong>{{days}}</strong>と<strong>{{hours}}後<strong>に設定しました。"},"nMinutes":{"_":"{[ plural(n) ]}","_[zero]":"1分以内","_[one]":"1分後","_[two]":"{{n}}分後","_[few]":"{{n}}分後","_[many]":"{{n}}分後","_[other]":"{{n}}分後"},"nHours":{"_":"{[ plural(n) ]}","_[one]":"{{n}}時間","_[two]":"{{n}}時間","_[few]":"{{n}}時間","_[many]":"{{n}}時間","_[other]":"{{n}}時間"},"nAndRemainHours":{"_":"{[ plural(n) ]}","_[one]":"{{n}}時間","_[two]":"{{n}}時間","_[few]":"{{n}}時間","_[many]":"{{n}}時間","_[other]":"{{n}}時間"},"nRemainDays":{"_":"{[ plural(n) ]}","_[one]":"{{n}}日","_[two]":"{{n}}日","_[few]":"{{n}}日","_[many]":"{{n}}日","_[other]":"{{n}}日"},"nRemainMinutes":{"_":"{[ plural(n) ]}","_[one]":"{{n}}分","_[two]":"{{n}}分","_[few]":"{{n}}分","_[many]":"{{n}}分","_[other]":"{{n}}分"},"ac_classic_clock_alarm_opus":{"_":"Classic Buzz"},"ac_classic_clock_alarm_prog_opus2":{"_":"Pulse Progressive"},"ac_classic_clock_radio_opus":{"_":"Classic Pulse"},"ac_normal_gem_echoes_opus":{"_":"Gem Echoes"},"ac_soft_smooth_strings_opus":{"_":"Smooth Strings"},"ac_soft_humming_waves_opus":{"_":"Shimmering Waves"},"ac_normal_ringing_strings_opus":{"_":"Ringing Strings"},"ac_soft_into_the_void_opus":{"_":"Into the Void"}}