{"weekday-0-long":{"_":"អាទិត្យ"},"weekday-1-long":{"_":"ច័ន្ទ"},"weekday-2-long":{"_":"អង្គារ"},"weekday-3-long":{"_":"ពុធ"},"weekday-4-long":{"_":"ព្រហស្បតិ៍"},"weekday-5-long":{"_":"សុក្រ"},"weekday-6-long":{"_":"សៅរ៍"},"weekday-0-short":{"_":"អាទិត្យ"},"weekday-1-short":{"_":"ច័ន្ទ"},"weekday-2-short":{"_":"អង្គារ"},"weekday-3-short":{"_":"ពុធ"},"weekday-4-short":{"_":"ព្រហស្បតិ៍"},"weekday-5-short":{"_":"សុក្រ"},"weekday-6-short":{"_":"សៅរ៍"},"month-0-long":{"_":"មករា"},"month-1-long":{"_":"កុម្ភៈ"},"month-2-long":{"_":"មីនា"},"month-3-long":{"_":"មេសា"},"month-4-long":{"_":"ឧសភា"},"month-5-long":{"_":"មិថុនា"},"month-6-long":{"_":"កក្កដា"},"month-7-long":{"_":"សីហា"},"month-8-long":{"_":"កញ្ញា"},"month-9-long":{"_":"តុលា"},"month-10-long":{"_":"វិច្ឆិកា"},"month-11-long":{"_":"ធ្នូ"},"month-0-genitive":{"_":"មករា"},"month-1-genitive":{"_":"កុម្ភៈ"},"month-2-genitive":{"_":"មីនា"},"month-3-genitive":{"_":"មេសា"},"month-4-genitive":{"_":"ឧសភា"},"month-5-genitive":{"_":"មិថុនា"},"month-6-genitive":{"_":"កក្កដា"},"month-7-genitive":{"_":"សីហា"},"month-8-genitive":{"_":"កញ្ញា"},"month-9-genitive":{"_":"តុលា"},"month-10-genitive":{"_":"វិច្ឆិកា"},"month-11-genitive":{"_":"ធ្នូ"},"month-0-short":{"_":"មករា"},"month-1-short":{"_":"កុម្ភៈ"},"month-2-short":{"_":"មីនា"},"month-3-short":{"_":"មេសា"},"month-4-short":{"_":"ឧសភា"},"month-5-short":{"_":"មិថុនា"},"month-6-short":{"_":"កក្កដា"},"month-7-short":{"_":"សីហា"},"month-8-short":{"_":"កញ្ញា"},"month-9-short":{"_":"តុលា"},"month-10-short":{"_":"វិច្ឆិកា"},"month-11-short":{"_":"ធ្នូ"},"minutes-ago-long":{"_":"{[ plural(value) ]}","_[zero]":"អម្បាញ់មិញនេះ","_[one]":"មួយ​នាទី​មុន","_[two]":"{{value}} នាទី​មុន","_[few]":"{{value}} នាទី​មុន","_[many]":"{{value}} នាទី​មុន","_[other]":"{{value}} នាទី​មុន"},"hours-ago-long":{"_":"{[ plural(value) ]}","_[zero]":"អម្បាញ់មិញនេះ","_[one]":"មួយ​ម៉ោង​មុន","_[two]":"{{value}} ម៉ោង​មុន","_[few]":"{{value}} ម៉ោង​មុន","_[many]":"{{value}} ម៉ោង​មុន","_[other]":"{{value}} ម៉ោង​មុន"},"days-ago-long":{"_":"{[ plural(value) ]}","_[zero]":"ថ្ងៃ​នេះ","_[one]":"ម្សិលមិញ","_[two]":"{{value}} ថ្ងៃ​មុន","_[few]":"{{value}} ថ្ងៃ​មុន","_[many]":"{{value}} ថ្ងៃ​មុន","_[other]":"{{value}} ថ្ងៃ​មុន"},"weeks-ago-long":{"_":"{[ plural(value) ]}","_[zero]":"សប្ដាហ៍​នេះ","_[one]":"សប្ដាហ៍​មុន","_[two]":"{{value}} សប្ដាហ៍​មុន","_[few]":"{{value}} សប្ដាហ៍​មុន","_[many]":"{{value}} សប្ដាហ៍​មុន","_[other]":"{{value}} សប្ដាហ៍​មុន"},"months-ago-long":{"_":"{[ plural(value) ]}","_[zero]":"ខែ​នេះ","_[one]":"ខែ​មុន","_[two]":"{{value}} ខែ​មុន","_[few]":"{{value}} ខែ​មុន","_[many]":"{{value}} ខែ​មុន","_[other]":"{{value}} ខែ​មុន"},"years-ago-long":{"_":"{[ plural(value) ]}","_[zero]":"ឆ្នាំនេះ","_[one]":"ឆ្នាំ​មុន","_[two]":"{{value}} ឆ្នាំ​មុន","_[few]":"{{value}} ឆ្នាំ​មុន","_[many]":"{{value}} ឆ្នាំ​មុន","_[other]":"{{value}} ឆ្នាំ​មុន"},"minutes-until-long":{"_":"{[ plural(value) ]}","_[zero]":"ឥឡូវ","_[one]":"ក្នុង​ពេល​មួយ​នាទី","_[two]":"ក្នុង​ពេល {{value}} នាទី","_[few]":"ក្នុង​ពេល {{value}} នាទី","_[many]":"ក្នុង​ពេល​ {{value}} នាទី​","_[other]":"ក្នុង​ពេល {{value}} នាទី"},"hours-until-long":{"_":"{[ plural(value) ]}","_[zero]":"ឥឡូវ","_[one]":"ក្នុង​រយៈពេល​១​ម៉ោង","_[two]":"ក្នុង​ពេល​​ {{value}} ម៉ោង","_[few]":"ក្នុង​ពេល​​ {{value}} ម៉ោង","_[many]":"ក្នុង​ពេល​​ {{value}} ម៉ោង","_[other]":"ក្នុង​ពេល​​ {{value}} ម៉ោង"},"days-until-long":{"_":"{[ plural(value) ]}","_[zero]":"ថ្ងៃ​នេះ","_[one]":"ថ្ងៃស្អែក","_[two]":"ក្នុង​ពេល​​ {{value}} ថ្ងៃ","_[few]":"ក្នុង​ពេល​​ {{value}} ថ្ងៃ","_[many]":"ក្នុង​ពេល​​ {{value}} ថ្ងៃ","_[other]":"ក្នុង​ពេល​​ {{value}} ថ្ងៃ"},"weeks-until-long":{"_":"{[ plural(value) ]}","_[zero]":"សប្ដាហ៍​នេះ","_[one]":"សប្ដាហ៍​ក្រោយ","_[two]":"ក្នុង​ពេល {{value}} សប្ដាហ៍","_[few]":"ក្នុង​ពេល {{value}} សប្ដាហ៍","_[many]":"ក្នុង​ពេល {{value}} សប្ដាហ៍","_[other]":"ក្នុង​ពេល {{value}} សប្ដាហ៍"},"months-until-long":{"_":"{[ plural(value) ]}","_[zero]":"ខែ​នេះ","_[one]":"ខែ​ក្រោយ","_[two]":"ក្នុង​ពេល {{value}} ខែ","_[few]":"ក្នុង​ពេល {{value}} ខែ","_[many]":"ក្នុង​ពេល {{value}} ខែ","_[other]":"ក្នុង​ពេល {{value}} ខែ"},"years-until-long":{"_":"{[ plural(value) ]}","_[zero]":"ឆ្នាំនេះ","_[one]":"ឆ្នាំ​ក្រោយ","_[two]":"ក្នុង​ពេល {{value}} ឆ្នាំ","_[few]":"ក្នុង​ពេល {{value}} ឆ្នាំ","_[many]":"ក្នុង​ពេល {{value}} ឆ្នាំ","_[other]":"ក្នុង​ពេល {{value}} ឆ្នាំ"},"minutes-ago-short":{"_":"{[ plural(value) ]}","_[zero]":"អម្បាញ់មិញនេះ","_[other]":"{{value}}នាទី​មុន"},"hours-ago-short":{"_":"{[ plural(value) ]}","_[zero]":"អម្បាញ់មិញនេះ","_[other]":"{{value}}ម៉ោង​មុន"},"days-ago-short":{"_":"{[ plural(value) ]}","_[zero]":"ថ្ងៃ​នេះ","_[other]":"{{value}}ថ្ងៃ​មុន"},"minutes-until-short":{"_":"{[ plural(value) ]}","_[zero]":"ឥឡូវ","_[other]":"ក្នុង​ពេល {{value}}នាទី"},"hours-until-short":{"_":"{[ plural(value) ]}","_[zero]":"ឥឡូវ","_[other]":"ក្នុង​ពេល {{value}}ម៉ោង"},"days-until-short":{"_":"{[ plural(value) ]}","_[zero]":"ថ្ងៃ​នេះ","_[other]":"ក្នុង​ពេល {{value}}ថ្ងៃ"},"incorrectDate":{"_":"(កាលបរិច្ឆេទ​មិន​ត្រឹមត្រូវ)"},"dateTimeFormat_%c":{"_":"%a %b %e %Y %I:%M:%S %p"},"dateTimeFormat_%x":{"_":"%m/%d/%Y"},"dateTimeFormat_%X":{"_":"%I:%M:%S %p"},"shortTimeFormat":{"_":"%I:%M %p"},"shortDateTimeFormat":{"_":"%x %I:%M %p"},"weekStartsOnMonday":{"_":"0"},"time_am":{"_":"ព្រឹក"},"time_pm":{"_":"PM"},"reset":{"_":"កំណត់​ឡើង​វិញ"},"start":{"_":"ចាប់ផ្ដើម"},"stop":{"_":"ឈប់"},"cancel":{"_":"បោះបង់"},"hour":{"_":"ម៉ោង"},"hours":{"_":"ម៉ោង"},"minute":{"_":"នាទី"},"minutes":{"_":"នាទី"},"enable":{"_":"បើក"},"back":{"_":"ថយក្រោយ"},"label":{"_":"ស្លាក"},"alarm":{"_":"សំឡេង​រោទ៍"},"timer":{"_":"កត់​ពេលវេលា"},"stopwatch":{"_":"នាឡិកា​កំណត់​ពេល"},"alarmName":{"placeholder":"ឈ្មោះ​សំឡេង​រោទ៍"},"newAlarm":{"_":"សំឡេង​រោទ៍​ថ្មី"},"editAlarm":{"_":"កែ​សំឡេង​រោទ៍"},"pause":{"_":"ផ្អាក"},"resume":{"_":"បន្ត"},"lap":{"_":"សូរ​ប៉ះ"},"lap-number":{"_":"សូរ​ប៉ះ {{n}}"},"delete":{"_":"លុប"},"time":{"_":"ពេលវេលា"},"snooze-label":{"_":"Snooze"},"snooze-button":{"_":"Snooze"},"repeat":{"_":"ធ្វើ​​ម្ដង​​ទៀត"},"vibrate":{"_":"ញ័រ"},"close":{"_":"បិទ"},"save":{"_":"រក្សាទុក"},"done":{"_":"រួចរាល់"},"default":{"_":"លំនាំដើម"},"color":{"_":"ពណ៌"},"sound":{"_":"សំឡេង"},"noSound":{"_":"គ្មាន​សំឡេង"},"everyday":{"_":"រៀងរាល់​ថ្ងៃ"},"weekdays":{"_":"ថ្ងៃ​ធ្វើការ"},"weekends":{"_":"ចុង​​សប្ដាហ៍"},"never":{"_":"មិនដែល"},"vibrateOn":{"_":"បើក"},"vibrateOff":{"_":"បិទ"},"plusMinute":{"_":"+1 Min"},"dateFormat":{"_":"%A, %B %e"},"countdown-lessThanAnHour":{"_":"បាន​កំណត់​សំឡេង​រោទ៍​ <strong>{{minutes}}</strong> ពី​ឥឡូវ។"},"countdown-moreThanAnHour":{"_":"បាន​កំណត់​សំឡេង​រោទ៍ {{hours}} {{minutes}} ពី​ឥឡូវ។"},"countdown-moreThanADay":{"_":"បាន​កំណត់​សំឡេង​រោទ៍​សម្រាប់ {{days}} {{hours}} ចាប់​ពី​​​ឥឡូវ។"},"nMinutes":{"_":"{[ plural(n) ]}","_[zero]":"តិច​ជាង​មួយ​នាទី","_[one]":"មួយ​នាទី","_[two]":"{{n}} នាទី","_[few]":"{{n}} នាទី","_[many]":"{{n}} នាទី","_[other]":"{{n}} នាទី"},"nHours":{"_":"{[ plural(n) ]}","_[one]":"<strong>{{n}} ម៉ោង</strong>","_[two]":"<strong>{{n}} ម៉ោង</strong>","_[few]":"<strong>{{n}} ម៉ោង</strong>","_[many]":"<strong>{{n}} ម៉ោង</strong>","_[other]":"<strong>{{n}} ម៉ោង</strong>"},"nAndRemainHours":{"_":"{[ plural(n) ]}","_[one]":"and <strong>{{n}} ម៉ោង</strong>","_[two]":"and <strong>{{n}} ម៉ោង</strong>","_[few]":"និង <strong>{{n}} ម៉ោង</strong>","_[many]":"និង <strong>{{n}} ម៉ោង</strong>","_[other]":"និង <strong>{{n}} ម៉ោង</strong>"},"nRemainDays":{"_":"{[ plural(n) ]}","_[one]":"<strong>{{n}} ថ្ងៃ</strong>","_[two]":"<strong>{{n}} ថ្ងៃ</strong>","_[few]":"<strong>{{n}} ថ្ងៃ</strong>","_[many]":"<strong>{{n}} ថ្ងៃ</strong>","_[other]":"<strong>{{n}} ថ្ងៃ</strong>"},"nRemainMinutes":{"_":"{[ plural(n) ]}","_[one]":"និង <strong>{{n}} នាទី</strong>","_[two]":"និង <strong>{{n}} នាទី</strong>","_[few]":"និង <strong>{{n}} នាទី</strong>","_[many]":"និង <strong>{{n}} នាទី</strong>","_[other]":"និង <strong>{{n}} នាទី</strong>"},"ac_classic_clock_alarm_opus":{"_":"ការ​​ផ្ដល់​សញ្ញា​សាមញ្ញ"},"ac_classic_clock_alarm_prog_opus2":{"_":"Pulse Progressive"},"ac_classic_clock_radio_opus":{"_":"ញ័រ​សាមញ្ញ"},"ac_normal_gem_echoes_opus":{"_":"សូរ​ខ្ទរ​​ខ្លាំង"},"ac_soft_smooth_strings_opus":{"_":"ខ្សែ​រាបស្មើ"},"ac_soft_humming_waves_opus":{"_":"រលក​ព្រឹមៗ"},"ac_normal_ringing_strings_opus":{"_":"ខ្សែ​សំឡេង​រោទ៍"},"ac_soft_into_the_void_opus":{"_":"ក្នុង​ទី​ចំហ"},"closeButton":{"ariaLabel":"បិទ"},"newAlarmButton":{"ariaLabel":"សំឡេង​រោទ៍​ថ្មី"},"alarm-volume-label":{"_":"ប្រព័ន្ធ​កម្រិត​សំឡេង​រោទ៍"},"nSpinnerSeconds":{"_":"{[ plural(n) ]}","_[zero]":"សូន្យ​វិនាទី","_[one]":"មួយ​វិនាទី","_[two]":"{{n}} វិនាទី","_[few]":"{{n}} វិនាទី","_[many]":"{{n}} វិនាទី","_[other]":"{{n}} វិនាទី"},"nSpinnerMinutes":{"_":"{[ plural(n) ]}","_[zero]":"សូន្យ​នាទី","_[two]":"{{n}} នាទី","_[few]":"{{n}} នាទី","_[many]":"{{n}} នាទី","_[other]":"{{n}} នាទី"},"nSpinnerHours":{"_":"{[ plural(n) ]}","_[zero]":"សូន្យ​ម៉ោង","_[one]":"{{n}} ម៉ោង","_[two]":"{{n}} ម៉ោង","_[few]":"{{n}} ម៉ោង","_[many]":"{{n}} ម៉ោង","_[other]":"{{n}} ម៉ោង"}}