{"weekday-0-long":{"_":"일요일"},"weekday-1-long":{"_":"월요일"},"weekday-2-long":{"_":"화요일"},"weekday-3-long":{"_":"수요일"},"weekday-4-long":{"_":"목요일"},"weekday-5-long":{"_":"금요일"},"weekday-6-long":{"_":"토요일"},"weekday-0-short":{"_":"일"},"weekday-1-short":{"_":"월"},"weekday-2-short":{"_":"화"},"weekday-3-short":{"_":"수"},"weekday-4-short":{"_":"목"},"weekday-5-short":{"_":"금"},"weekday-6-short":{"_":"토"},"month-0-long":{"_":"1월"},"month-1-long":{"_":"2월"},"month-2-long":{"_":"3월"},"month-3-long":{"_":"4월"},"month-4-long":{"_":"5월"},"month-5-long":{"_":"6월"},"month-6-long":{"_":"7월"},"month-7-long":{"_":"8월"},"month-8-long":{"_":"9월"},"month-9-long":{"_":"10월"},"month-10-long":{"_":"11월"},"month-11-long":{"_":"12월"},"month-0-genitive":{"_":"1월"},"month-1-genitive":{"_":"2월"},"month-2-genitive":{"_":"3월"},"month-3-genitive":{"_":"4월"},"month-4-genitive":{"_":"5월"},"month-5-genitive":{"_":"6월"},"month-6-genitive":{"_":"7월"},"month-7-genitive":{"_":"8월"},"month-8-genitive":{"_":"9월"},"month-9-genitive":{"_":"10월"},"month-10-genitive":{"_":"11월"},"month-11-genitive":{"_":"12월"},"month-0-short":{"_":"1월"},"month-1-short":{"_":"2월"},"month-2-short":{"_":"3월"},"month-3-short":{"_":"4월"},"month-4-short":{"_":"5월"},"month-5-short":{"_":"6월"},"month-6-short":{"_":"7월"},"month-7-short":{"_":"8월"},"month-8-short":{"_":"9월"},"month-9-short":{"_":"10월"},"month-10-short":{"_":"11월"},"month-11-short":{"_":"12월"},"minutes-ago-long":{"_":"{[ plural(value) ]}","_[zero]":"지금","_[one]":"1분 전","_[two]":"{{value}}분 전","_[few]":"{{value}}분 전","_[many]":"{{value}}분 전","_[other]":"{{value}}분 전"},"hours-ago-long":{"_":"{[ plural(value) ]}","_[zero]":"지금","_[one]":"1시간 전","_[two]":"{{value}}시간 전","_[few]":"{{value}}시간 전","_[many]":"{{value}}시간 전","_[other]":"{{value}}시간 전"},"days-ago-long":{"_":"{[ plural(value) ]}","_[zero]":"오늘","_[one]":"어제","_[two]":"{{value}}일 전","_[few]":"{{value}}일 전","_[many]":"{{value}}일 전","_[other]":"{{value}}일 전"},"weeks-ago-long":{"_":"{[ plural(value) ]}","_[zero]":"이번 주","_[one]":"지난 주","_[two]":"{{value}}주 전","_[few]":"{{value}}주 전","_[many]":"{{value}}주 전","_[other]":"{{value}}주 전"},"months-ago-long":{"_":"{[ plural(value) ]}","_[zero]":"이번 달","_[one]":"지난 달","_[two]":"{{value}}개월 전","_[few]":"{{value}}개월 전","_[many]":"{{value}}개월 전","_[other]":"{{value}}개월 전"},"years-ago-long":{"_":"{[ plural(value) ]}","_[zero]":"올해","_[one]":"작년","_[two]":"{{value}}년 전","_[few]":"{{value}}년 전","_[many]":"{{value}}년 전","_[other]":"{{value}}년 전"},"minutes-until-long":{"_":"{[ plural(value) ]}","_[zero]":"지금","_[one]":"1분 후","_[two]":"{{value}}분 후","_[few]":"{{value}}분 후","_[many]":"{{value}}분 후","_[other]":"{{value}}분 후"},"hours-until-long":{"_":"{[ plural(value) ]}","_[zero]":"지금","_[one]":"한 시간 후","_[two]":"{{value}}시간 후","_[few]":"{{value}}시간 후","_[many]":"{{value}}시간 후","_[other]":"{{value}}시간 후"},"days-until-long":{"_":"{[ plural(value) ]}","_[zero]":"오늘","_[one]":"내일","_[two]":"{{value}}일 후","_[few]":"{{value}}일 후","_[many]":"{{value}}일 후","_[other]":"{{value}}일 후"},"weeks-until-long":{"_":"{[ plural(value) ]}","_[zero]":"이번 주","_[one]":"다음 주","_[two]":"{{value}}주 후","_[few]":"{{value}}주 후","_[many]":"{{value}}주 후","_[other]":"{{value}}주 후"},"months-until-long":{"_":"{[ plural(value) ]}","_[zero]":"이번 달","_[one]":"다음 달","_[two]":"{{value}}개월 후","_[few]":"{{value}}개월 후","_[many]":"{{value}}개월 후","_[other]":"{{value}}개월 후"},"years-until-long":{"_":"{[ plural(value) ]}","_[zero]":"올해","_[one]":"내년","_[two]":"{{value}}년 후","_[few]":"{{value}}년 후","_[many]":"{{value}}년 후","_[other]":"{{value}}년 후"},"minutes-ago-short":{"_":"{[ plural(value) ]}","_[zero]":"지금","_[other]":"{{value}}분 전"},"hours-ago-short":{"_":"{[ plural(value) ]}","_[zero]":"지금","_[other]":"{{value}}시간 전"},"days-ago-short":{"_":"{[ plural(value) ]}","_[zero]":"오늘","_[other]":"{{value}}일 전"},"minutes-until-short":{"_":"{[ plural(value) ]}","_[zero]":"지금","_[other]":"{{value}}분 후"},"hours-until-short":{"_":"{[ plural(value) ]}","_[zero]":"지금","_[other]":"{{value}}시간 후"},"days-until-short":{"_":"{[ plural(value) ]}","_[zero]":"오늘","_[other]":"{{value}}일 후"},"incorrectDate":{"_":"(잘못된 날짜)"},"dateTimeFormat_%c":{"_":"%Y년 %B %e일 %a %I:%M:%S %p"},"dateTimeFormat_%x":{"_":"%Y/%m/%d"},"dateTimeFormat_%X":{"_":"%I:%M:%S %p"},"shortTimeFormat":{"_":"%I:%M %p"},"shortDateTimeFormat":{"_":"%x %I:%M %p"},"weekStartsOnMonday":{"_":"0"},"time_am":{"_":"오전"},"time_pm":{"_":"오후"},"reset":{"_":"재설정"},"start":{"_":"시작"},"stop":{"_":"중지"},"cancel":{"_":"취소"},"hour":{"_":"시간"},"hours":{"_":"시간"},"minute":{"_":"분"},"minutes":{"_":"분"},"enable":{"_":"사용함"},"back":{"_":"뒤로"},"label":{"_":"이름"},"alarm":{"_":"알람"},"timer":{"_":"타이머"},"stopwatch":{"_":"스톱워치"},"alarmName":{"placeholder":"알람 이름"},"newAlarm":{"_":"새 알람"},"editAlarm":{"_":"알람 편집"},"pause":{"_":"멈춤"},"resume":{"_":"계속"},"lap":{"_":"기록"},"lap-number":{"_":"{{n}}바퀴"},"delete":{"_":"삭제"},"time":{"_":"시간"},"snooze-label":{"_":"대기"},"snooze-button":{"_":"대기"},"repeat":{"_":"반복"},"vibrate":{"_":"진동"},"close":{"_":"닫기"},"save":{"_":"저장"},"done":{"_":"완료"},"default":{"_":"기본"},"color":{"_":"색깔"},"sound":{"_":"소리"},"noSound":{"_":"무음"},"everyday":{"_":"매일"},"weekdays":{"_":"주간"},"weekends":{"_":"주말"},"never":{"_":"안함"},"vibrateOn":{"_":"켜기"},"vibrateOff":{"_":"끄기"},"plusMinute":{"_":"1분 추가"},"dateFormat":{"_":"%B %e일 %A"},"countdown-lessThanAnHour":{"_":"지금부터 <strong>{{minutes}}</strong>뒤로 알람이 맞춰졌습니다."},"countdown-moreThanAnHour":{"_":"지금부터 {{hours}} {{minutes}}뒤로 알람이 맞춰졌습니다."},"countdown-moreThanADay":{"_":"지금부터 {{days}} {{hours}}뒤로 알람이 맞춰졌습니다."},"nMinutes":{"_":"{[ plural(n) ]}","_[zero]":"1분도 남지 않음","_[one]":"1분","_[two]":"{{n}}분","_[few]":"{{n}}분","_[many]":"{{n}}분","_[other]":"{{n}}분"},"nHours":{"_":"{[ plural(n) ]}","_[one]":"<strong>{{n}} 시간</strong>","_[two]":"<strong>{{n}} 시간</strong>","_[few]":"<strong>{{n}} 시간</strong>","_[many]":"<strong>{{n}} 시간</strong>","_[other]":"<strong>{{n}} 시간</strong>"},"nAndRemainHours":{"_":"{[ plural(n) ]}","_[one]":"과 <strong>{{n}} 시간</strong>","_[two]":"과 <strong>{{n}} 시간</strong>","_[few]":"과 <strong>{{n}} 시간</strong>","_[many]":"과 <strong>{{n}} 시간</strong>","_[other]":"과 <strong>{{n}} 시간</strong>"},"nRemainDays":{"_":"{[ plural(n) ]}","_[one]":"<strong>{{n}} 일</strong>","_[two]":"<strong>{{n}} 일</strong>","_[few]":"<strong>{{n}} 일</strong>","_[many]":"<strong>{{n}} 일</strong>","_[other]":"<strong>{{n}} 일</strong>"},"nRemainMinutes":{"_":"{[ plural(n) ]}","_[one]":"<strong> {{n}}분</strong>","_[two]":"<strong>{{n}}분</strong>","_[few]":"<strong>{{n}}분</strong>","_[many]":"<strong>{{n}}분</strong>","_[other]":"<strong> {{n}}분</strong>"},"ac_classic_clock_alarm_opus":{"_":"Classic Buzz"},"ac_classic_clock_alarm_prog_opus2":{"_":"Pulse Progressive"},"ac_classic_clock_radio_opus":{"_":"Classic Pulse"},"ac_normal_gem_echoes_opus":{"_":"Gem Echoes"},"ac_soft_smooth_strings_opus":{"_":"Smooth Strings"},"ac_soft_humming_waves_opus":{"_":"Shimmering Waves"},"ac_normal_ringing_strings_opus":{"_":"Ringing Strings"},"ac_soft_into_the_void_opus":{"_":"Into the Void"}}