{"weekday-0-long":{"_":"Sekmadienis"},"weekday-1-long":{"_":"Pirmadienis"},"weekday-2-long":{"_":"Antradienis"},"weekday-3-long":{"_":"Trečiadienis"},"weekday-4-long":{"_":"Ketvirtadienis"},"weekday-5-long":{"_":"Penktadienis"},"weekday-6-long":{"_":"Šeštadienis"},"weekday-0-short":{"_":"Sk"},"weekday-1-short":{"_":"Pr"},"weekday-2-short":{"_":"An"},"weekday-3-short":{"_":"Tr"},"weekday-4-short":{"_":"Kt"},"weekday-5-short":{"_":"Pn"},"weekday-6-short":{"_":"Št"},"month-0-long":{"_":"sausis"},"month-1-long":{"_":"vasaris"},"month-2-long":{"_":"kovas"},"month-3-long":{"_":"balandis"},"month-4-long":{"_":"gegužė"},"month-5-long":{"_":"birželis"},"month-6-long":{"_":"liepa"},"month-7-long":{"_":"rugpjūtis"},"month-8-long":{"_":"rugsėjis"},"month-9-long":{"_":"spalis"},"month-10-long":{"_":"lapkritis"},"month-11-long":{"_":"gruodis"},"month-0-genitive":{"_":"sausio"},"month-1-genitive":{"_":"vasario"},"month-2-genitive":{"_":"kovo"},"month-3-genitive":{"_":"balandžio"},"month-4-genitive":{"_":"gegužės"},"month-5-genitive":{"_":"birželio"},"month-6-genitive":{"_":"liepos"},"month-7-genitive":{"_":"rugpjūčio"},"month-8-genitive":{"_":"rugsėjo"},"month-9-genitive":{"_":"spalio"},"month-10-genitive":{"_":"lapkričio"},"month-11-genitive":{"_":"gruodžio"},"month-0-short":{"_":"Sau"},"month-1-short":{"_":"Vas"},"month-2-short":{"_":"Kov"},"month-3-short":{"_":"Bal"},"month-4-short":{"_":"Geg"},"month-5-short":{"_":"Bir"},"month-6-short":{"_":"Lie"},"month-7-short":{"_":"Rgp"},"month-8-short":{"_":"Rgs"},"month-9-short":{"_":"Spa"},"month-10-short":{"_":"Lap"},"month-11-short":{"_":"Grd"},"minutes-ago-long":{"_":"{[ plural(value) ]}","_[zero]":"ką tik","_[one]":"prieš {{value}} minutę","_[two]":"prieš {{value}} minutes","_[few]":"prieš {{value}} minutes","_[many]":"prieš {{value}} minučių","_[other]":"prieš {{value}} minučių"},"hours-ago-long":{"_":"{[ plural(value) ]}","_[zero]":"ką tik","_[one]":"prieš {{value}} valandą","_[two]":"prieš {{value}} valandas","_[few]":"prieš {{value}} valandas","_[many]":"prieš {{value}} valandų","_[other]":"prieš {{value}} valandų"},"days-ago-long":{"_":"{[ plural(value) ]}","_[zero]":"šiandien","_[one]":"vakar","_[two]":"prieš {{value}} dienas","_[few]":"prieš {{value}} dienas","_[many]":"prieš {{value}} dienų","_[other]":"prieš {{value}} dienų"},"weeks-ago-long":{"_":"{[ plural(value) ]}","_[zero]":"šią savaitę","_[one]":"praėjusią savaitę","_[two]":"prieš {{value}} savaites","_[few]":"prieš {{value}} savaites","_[many]":"prieš {{value}} savaičių","_[other]":"prieš {{value}} savaičių"},"months-ago-long":{"_":"{[ plural(value) ]}","_[zero]":"šį mėnesį","_[one]":"praėjusį mėnesį","_[two]":"prieš {{value}} mėnesius","_[few]":"prieš {{value}} mėnesius","_[many]":"prieš {{value}} mėnesių","_[other]":"prieš {{value}} mėnesių"},"years-ago-long":{"_":"{[ plural(value) ]}","_[zero]":"šiemet","_[one]":"prieš {{value}} metus","_[two]":"prieš {{value}} metus","_[few]":"prieš {{value}} metus","_[many]":"prieš {{value}} metų","_[other]":"prieš {{value}} metų"},"minutes-until-long":{"_":"{[ plural(value) ]}","_[zero]":"dabar","_[one]":"už {{value}} minutės","_[two]":"už {{value}} minučių","_[few]":"už {{value}} minučių","_[many]":"už {{value}} minučių","_[other]":"už {{value}} minučių"},"hours-until-long":{"_":"{[ plural(value) ]}","_[zero]":"dabar","_[one]":"už {{value}} valandos","_[two]":"už {{value}} valandų","_[few]":"už {{value}} valandų","_[many]":"už {{value}} valandų","_[other]":"už {{value}} valandų"},"days-until-long":{"_":"{[ plural(value) ]}","_[zero]":"šiandien","_[one]":"rytoj","_[two]":"už {{value}} dienų","_[few]":"už {{value}} dienų","_[many]":"už {{value}} dienų","_[other]":"už {{value}} dienų"},"weeks-until-long":{"_":"{[ plural(value) ]}","_[zero]":"šią savaitę","_[one]":"kitą savaitę","_[two]":"už {{value}} savaičių","_[few]":"už {{value}} savaičių","_[many]":"už {{value}} savaičių","_[other]":"už {{value}} savaičių"},"months-until-long":{"_":"{[ plural(value) ]}","_[zero]":"šį mėnesį","_[one]":"kitą mėnesį","_[two]":"už {{value}} mėnesių","_[few]":"už {{value}} mėnesių","_[many]":"už {{value}} mėnesių","_[other]":"už {{value}} mėnesių"},"years-until-long":{"_":"{[ plural(value) ]}","_[zero]":"šiemet","_[one]":"kitais metais","_[two]":"už {{value}} metų","_[few]":"už {{value}} metų","_[many]":"už {{value}} metų","_[other]":"už {{value}} metų"},"minutes-ago-short":{"_":"{[ plural(value) ]}","_[zero]":"ką tik","_[other]":"prieš {{value}} min."},"hours-ago-short":{"_":"{[ plural(value) ]}","_[zero]":"ką tik","_[other]":"prieš {{value}} val."},"days-ago-short":{"_":"{[ plural(value) ]}","_[zero]":"šiandien","_[other]":"prieš {{value}} d."},"minutes-until-short":{"_":"{[ plural(value) ]}","_[zero]":"dabar","_[other]":"už {{value}} min."},"hours-until-short":{"_":"{[ plural(value) ]}","_[zero]":"dabar","_[other]":"už {{value}} val."},"days-until-short":{"_":"{[ plural(value) ]}","_[zero]":"šiandien","_[other]":"už {{value}} d."},"incorrectDate":{"_":"(negalima data)"},"dateTimeFormat_%c":{"_":"%Y m. %Eb %e d. %H:%M:%S"},"dateTimeFormat_%x":{"_":"%Y-%m-%d"},"dateTimeFormat_%X":{"_":"%H:%M:%S"},"shortTimeFormat":{"_":"%H:%M"},"shortDateTimeFormat":{"_":"%x %H:%M"},"weekStartsOnMonday":{"_":"1"},"time_am":{"_":"priešpiet"},"time_pm":{"_":"popiet"},"reset":{"_":"Atstatyti"},"start":{"_":"Pradėti"},"stop":{"_":"Stabdyti"},"cancel":{"_":"Atsisakyti"},"hour":{"_":"Valanda"},"hours":{"_":"Valandos"},"minute":{"_":"Minutė"},"minutes":{"_":"Minutės"},"enable":{"_":"Įjungti"},"back":{"_":"Grįžti"},"label":{"_":"Pavadinimas"},"alarm":{"_":"Signalai"},"timer":{"_":"Laikmatis"},"stopwatch":{"_":"Chronometras"},"alarmName":{"placeholder":"Signalo pavadinimas"},"newAlarm":{"_":"Naujas signalas"},"editAlarm":{"_":"Taisyti signalą"},"pause":{"_":"Pristabdyti"},"resume":{"_":"Tęsti"},"lap":{"_":"Naujas etapas"},"lap-number":{"_":"{{n}}-asis etapas"},"delete":{"_":"Šalinti"},"time":{"_":"Laikas"},"snooze-label":{"_":"Atidėjimas"},"snooze-button":{"_":"Atidėti"},"repeat":{"_":"Kartojimas"},"vibrate":{"_":"Vibravimas"},"close":{"_":"Užverti"},"save":{"_":"Įrašyti"},"done":{"_":"Baigta"},"default":{"_":"Kaip numatyta"},"color":{"_":"Spalva"},"sound":{"_":"Garsas"},"noSound":{"_":"Be garso"},"everyday":{"_":"Kasdien"},"weekdays":{"_":"Darbo dienomis"},"weekends":{"_":"Savaitgaliais"},"never":{"_":"Niekada"},"vibrateOn":{"_":"Įjungtas"},"vibrateOff":{"_":"Išjungtas"},"plusMinute":{"_":"+1 min"},"dateFormat":{"_":"%A, %Eb %e d."},"countdown-lessThanAnHour":{"_":"Signalas suveiks už <strong>{{minutes}}</strong>."},"countdown-moreThanAnHour":{"_":"Signalas suveiks už {{hours}} {{minutes}}."},"countdown-moreThanADay":{"_":"Signalas suveiks už {{days}} {{hours}}."},"nMinutes":{"_":"{[ plural(n) ]}","_[zero]":"mažiau kaip minutės","_[one]":"{{n}} minutės","_[two]":"{{n}} minučių","_[few]":"{{n}} minučių","_[many]":"{{n}} minučių","_[other]":"{{n}} minučių"},"nHours":{"_":"{[ plural(n) ]}","_[one]":"<strong>{{n}} valandos</strong>","_[two]":"<strong>{{n}} valandų</strong>","_[few]":"<strong>{{n}} valandų</strong>","_[many]":"<strong>{{n}} valandų</strong>","_[other]":"<strong>{{n}} valandų</strong>"},"nAndRemainHours":{"_":"{[ plural(n) ]}","_[one]":"ir <strong>{{n}} valandos</strong>","_[two]":"ir <strong>{{n}} valandų</strong>","_[few]":"ir <strong>{{n}} valandų</strong>","_[many]":"ir <strong>{{n}} valandų</strong>","_[other]":"ir <strong>{{n}} valandų</strong>"},"nRemainDays":{"_":"{[ plural(n) ]}","_[one]":"<strong>{{n}} dienos</strong>","_[two]":"<strong>{{n}} dienų</strong>","_[few]":"<strong>{{n}} dienų</strong>","_[many]":"<strong>{{n}} dienų</strong>","_[other]":"<strong>{{n}} dienų</strong>"},"nRemainMinutes":{"_":"{[ plural(n) ]}","_[one]":"ir <strong>{{n}} minutės</strong>","_[two]":"ir <strong>{{n}} minučių</strong>","_[few]":"ir <strong>{{n}} minučių</strong>","_[many]":"ir <strong>{{n}} minučių</strong>","_[other]":"ir <strong>{{n}} minučių</strong>"},"ac_classic_clock_alarm_opus":{"_":"Klasikinis pypsėjimas"},"ac_classic_clock_alarm_prog_opus2":{"_":"Garsėjantis pypsėjimas"},"ac_classic_clock_radio_opus":{"_":"Klasikinis zyzimas"},"ac_normal_gem_echoes_opus":{"_":"Perlų aidas"},"ac_soft_smooth_strings_opus":{"_":"Ramios stygos"},"ac_soft_humming_waves_opus":{"_":"Mirguliuojančios bangos"},"ac_normal_ringing_strings_opus":{"_":"Skambios stygos"},"ac_soft_into_the_void_opus":{"_":"Į tuštumą"}}