{"weekday-0-long":{"_":"Недела"},"weekday-1-long":{"_":"Понеделник"},"weekday-2-long":{"_":"Вторник"},"weekday-3-long":{"_":"Среда"},"weekday-4-long":{"_":"Четврток"},"weekday-5-long":{"_":"Петок"},"weekday-6-long":{"_":"Сабота"},"weekday-0-short":{"_":"Нед"},"weekday-1-short":{"_":"Пон"},"weekday-2-short":{"_":"Вто"},"weekday-3-short":{"_":"Сре"},"weekday-4-short":{"_":"Чет"},"weekday-5-short":{"_":"Пет"},"weekday-6-short":{"_":"Саб"},"month-0-long":{"_":"јануари"},"month-1-long":{"_":"февруари"},"month-2-long":{"_":"март"},"month-3-long":{"_":"април"},"month-4-long":{"_":"мај"},"month-5-long":{"_":"јуни"},"month-6-long":{"_":"јули"},"month-7-long":{"_":"август"},"month-8-long":{"_":"септември"},"month-9-long":{"_":"октомври"},"month-10-long":{"_":"ноември"},"month-11-long":{"_":"декември"},"month-0-genitive":{"_":"јануари"},"month-1-genitive":{"_":"февруари"},"month-2-genitive":{"_":"март"},"month-3-genitive":{"_":"април"},"month-4-genitive":{"_":"мај"},"month-5-genitive":{"_":"јуни"},"month-6-genitive":{"_":"јули"},"month-7-genitive":{"_":"август"},"month-8-genitive":{"_":"септември"},"month-9-genitive":{"_":"октомври"},"month-10-genitive":{"_":"ноември"},"month-11-genitive":{"_":"декември"},"month-0-short":{"_":"јан"},"month-1-short":{"_":"фев"},"month-2-short":{"_":"мар"},"month-3-short":{"_":"апр"},"month-4-short":{"_":"мај"},"month-5-short":{"_":"јун"},"month-6-short":{"_":"јул"},"month-7-short":{"_":"авг"},"month-8-short":{"_":"сеп"},"month-9-short":{"_":"окт"},"month-10-short":{"_":"ное"},"month-11-short":{"_":"дек"},"minutes-ago-long":{"_":"{[ plural(value) ]}","_[zero]":"сега","_[one]":"пред една минута","_[two]":"пред {{value}} минути","_[few]":"пред {{value}} минути","_[many]":"пред {{value}} минути","_[other]":"пред {{value}} минути"},"hours-ago-long":{"_":"{[ plural(value) ]}","_[zero]":"сега","_[one]":"пред еден час","_[two]":"пред {{value}} часа","_[few]":"пред {{value}} часа","_[many]":"пред {{value}} часови","_[other]":"пред {{value}} часови"},"days-ago-long":{"_":"{[ plural(value) ]}","_[zero]":"денес","_[one]":"вчера","_[two]":"пред {{value}} дена","_[few]":"пред {{value}} дена","_[many]":"пред {{value}} денови","_[other]":"пред {{value}} денови"},"weeks-ago-long":{"_":"{[ plural(value) ]}","_[zero]":"оваа недела","_[one]":"минатата недела","_[two]":"пред {{value}} недели","_[few]":"пред {{value}} недели","_[many]":"пред {{value}} недели","_[other]":"пред {{value}} недели"},"months-ago-long":{"_":"{[ plural(value) ]}","_[zero]":"овој месец","_[one]":"минатиот месец","_[two]":"пред {{value}} месеци","_[few]":"пред {{value}} месеци","_[many]":"пред {{value}} месеци","_[other]":"пред {{value}} месеци"},"years-ago-long":{"_":"{[ plural(value) ]}","_[zero]":"оваа година","_[one]":"минатата година","_[two]":"пред {{value}} години","_[few]":"пред {{value}} години","_[many]":"пред {{value}} години","_[other]":"пред {{value}} години"},"minutes-until-long":{"_":"{[ plural(value) ]}","_[zero]":"сега","_[one]":"за една минута","_[two]":"за {{value}} минути","_[few]":"за {{value}} минути","_[many]":"за {{value}} минути","_[other]":"за {{value}} минути"},"hours-until-long":{"_":"{[ plural(value) ]}","_[zero]":"сега","_[one]":"за еден час","_[two]":"за {{value}} часа","_[few]":"за {{value}} часа","_[many]":"за {{value}} часови","_[other]":"за {{value}} часови"},"days-until-long":{"_":"{[ plural(value) ]}","_[zero]":"денес","_[one]":"утре","_[two]":"за {{value}} дена","_[few]":"за {{value}} дена","_[many]":"за {{value}} денови","_[other]":"за {{value}} денови"},"weeks-until-long":{"_":"{[ plural(value) ]}","_[zero]":"оваа седмица","_[one]":"следната седмица","_[two]":"за {{value}} седмици","_[few]":"за {{value}} седмици","_[many]":"за {{value}} седмици","_[other]":"за {{value}} седмици"},"months-until-long":{"_":"{[ plural(value) ]}","_[zero]":"овој месец","_[one]":"следниот месец","_[two]":"за {{value}} месеци","_[few]":"за {{value}} месеци","_[many]":"за {{value}} месеци","_[other]":"за {{value}} месеци"},"years-until-long":{"_":"{[ plural(value) ]}","_[zero]":"оваа година","_[one]":"следната година","_[two]":"за {{value}} години","_[few]":"за {{value}} години","_[many]":"за {{value}} години","_[other]":"за {{value}} години"},"minutes-ago-short":{"_":"{[ plural(value) ]}","_[zero]":"сега","_[other]":"пред {{value}}m"},"hours-ago-short":{"_":"{[ plural(value) ]}","_[zero]":"сега","_[other]":"пред {{value}}h"},"days-ago-short":{"_":"{[ plural(value) ]}","_[zero]":"денес","_[other]":"пред {{value}}d"},"minutes-until-short":{"_":"{[ plural(value) ]}","_[zero]":"сега","_[other]":"за {{value}}m"},"hours-until-short":{"_":"{[ plural(value) ]}","_[zero]":"сега","_[other]":"за {{value}}h"},"days-until-short":{"_":"{[ plural(value) ]}","_[zero]":"денес","_[other]":"за {{value}}d"},"incorrectDate":{"_":"(неточен датум)"},"dateTimeFormat_%c":{"_":"%a %b %e %Y %H:%M:%S"},"dateTimeFormat_%x":{"_":"%d/%m/%Y"},"dateTimeFormat_%X":{"_":"%H:%M:%S"},"shortTimeFormat":{"_":"%H:%M"},"shortDateTimeFormat":{"_":"%x %H:%M"},"weekStartsOnMonday":{"_":"1"},"time_am":{"_":"AM"},"time_pm":{"_":"PM"},"reset":{"_":"Ресетирај"},"start":{"_":"Почни"},"stop":{"_":"Заврши"},"cancel":{"_":"Откажи"},"hour":{"_":"Час"},"hours":{"_":"часови"},"minute":{"_":"Минута"},"minutes":{"_":"Минути"},"enable":{"_":"Овозможи"},"back":{"_":"Назад"},"label":{"_":"Име"},"alarm":{"_":"Аларм"},"timer":{"_":"Тајмер"},"stopwatch":{"_":"Стоперка"},"alarmName":{"placeholder":"Име на алармот"},"newAlarm":{"_":"Нов аларм"},"editAlarm":{"_":"Уреди го алармот"},"pause":{"_":"Пауза"},"resume":{"_":"Продолжи"},"lap":{"_":"Круг"},"lap-number":{"_":"Круг бр. {{n}}"},"delete":{"_":"Избриши"},"time":{"_":"Време"},"snooze-label":{"_":"Спиј"},"snooze-button":{"_":"Спиј"},"repeat":{"_":"Повтори"},"vibrate":{"_":"Вибрирај"},"close":{"_":"Затвори"},"save":{"_":"Сними"},"done":{"_":"Заврши"},"default":{"_":"Основно"},"color":{"_":"Боја"},"sound":{"_":"Звук"},"noSound":{"_":"Без звук"},"everyday":{"_":"Секој ден"},"weekdays":{"_":"Работни денови"},"weekends":{"_":"Викенди"},"never":{"_":"Никогаш"},"vibrateOn":{"_":"Да"},"vibrateOff":{"_":"Не"},"plusMinute":{"_":"+1 мин"},"dateFormat":{"_":"%A, %e %B"},"countdown-lessThanAnHour":{"_":"Алармот е поставен за <strong>{{minutes}}</strong> од сега."},"countdown-moreThanAnHour":{"_":"Алармот е поставен за {{hours}} {{minutes}} од сега."},"countdown-moreThanADay":{"_":"Алармот е поставен за {{days}} {{hours}} од сега."},"nMinutes":{"_":"{[ plural(n) ]}","_[zero]":"помалку од една минута","_[one]":"една минута","_[two]":"{{n}} минути","_[few]":"{{n}} минути","_[many]":"{{n}} минути","_[other]":"{{n}} минути"},"nHours":{"_":"{[ plural(n) ]}","_[one]":"<strong>{{n}} час</strong>","_[two]":"<strong>{{n}} часа</strong>","_[few]":"<strong>{{n}} часови</strong>","_[many]":"<strong>{{n}} часови</strong>","_[other]":"<strong>{{n}} часови</strong>","_[zero]":"<strong>{{n}} часови</strong>"},"nAndRemainHours":{"_":"{[ plural(n) ]}","_[one]":"и <strong>{{n}} час</strong>","_[two]":"и <strong>{{n}} часа</strong>","_[few]":"и <strong>{{n}} часови</strong>","_[many]":"и <strong>{{n}} часови</strong>","_[other]":"и <strong>{{n}} часови</strong>","_[zero]":"и <strong>{{n}} часови</strong>"},"nRemainDays":{"_":"{[ plural(n) ]}","_[one]":"<strong>{{n}} ден</strong>","_[two]":"<strong>{{n}} дена</strong>","_[few]":"<strong>{{n}} денови</strong>","_[many]":"<strong>{{n}} денови</strong>","_[other]":"<strong>{{n}} денови</strong>","_[zero]":"<strong>{{n}} денови</strong>"},"nRemainMinutes":{"_":"{[ plural(n) ]}","_[one]":"и <strong>{{n}} минута</strong>","_[two]":"и <strong>{{n}} минути</strong>","_[few]":"и <strong>{{n}} минути</strong>","_[many]":"и <strong>{{n}} минути</strong>","_[other]":"и <strong>{{n}} минути</strong>","_[zero]":"и <strong>{{n}} минути</strong>"},"ac_classic_clock_alarm_opus":{"_":"Обично зуење"},"ac_classic_clock_alarm_prog_opus2":{"_":"Пулсирање со прогресија"},"ac_classic_clock_radio_opus":{"_":"Пулс"},"ac_normal_gem_echoes_opus":{"_":"Ехо"},"ac_soft_smooth_strings_opus":{"_":"Нежна гитара"},"ac_soft_humming_waves_opus":{"_":"Бранови"},"ac_normal_ringing_strings_opus":{"_":"Ѕвонлива гитара"},"ac_soft_into_the_void_opus":{"_":"Во празнината"}}