{"weekday-0-long":{"_":"Ahad"},"weekday-1-long":{"_":"Isnin"},"weekday-2-long":{"_":"Selasa"},"weekday-3-long":{"_":"Rabu"},"weekday-4-long":{"_":"Khamis"},"weekday-5-long":{"_":"Jumaat"},"weekday-6-long":{"_":"Sabtu"},"weekday-0-short":{"_":"Ahad"},"weekday-1-short":{"_":"Isnin"},"weekday-2-short":{"_":"Selasa"},"weekday-3-short":{"_":"Rabu"},"weekday-4-short":{"_":"Khamis"},"weekday-5-short":{"_":"Jumaat"},"weekday-6-short":{"_":"Sabtu"},"month-0-long":{"_":"Januari"},"month-1-long":{"_":"Februari"},"month-2-long":{"_":"Mac"},"month-3-long":{"_":"April"},"month-4-long":{"_":"Mei"},"month-5-long":{"_":"Jun"},"month-6-long":{"_":"Julai"},"month-7-long":{"_":"Ogos"},"month-8-long":{"_":"September"},"month-9-long":{"_":"Oktober"},"month-10-long":{"_":"November"},"month-11-long":{"_":"Disember"},"month-0-genitive":{"_":"Januari"},"month-1-genitive":{"_":"Februari"},"month-2-genitive":{"_":"Mac"},"month-3-genitive":{"_":"April"},"month-4-genitive":{"_":"Mei"},"month-5-genitive":{"_":"Jun"},"month-6-genitive":{"_":"Julai"},"month-7-genitive":{"_":"Ogos"},"month-8-genitive":{"_":"September"},"month-9-genitive":{"_":"Oktober"},"month-10-genitive":{"_":"November"},"month-11-genitive":{"_":"Disember"},"month-0-short":{"_":"Jan"},"month-1-short":{"_":"Feb"},"month-2-short":{"_":"Mac"},"month-3-short":{"_":"Apr"},"month-4-short":{"_":"Mei"},"month-5-short":{"_":"Jun"},"month-6-short":{"_":"Jul"},"month-7-short":{"_":"Ogos"},"month-8-short":{"_":"Sep"},"month-9-short":{"_":"Okt"},"month-10-short":{"_":"Nov"},"month-11-short":{"_":"Dis"},"minutes-ago-long":{"_":"{[ plural(value) ]}","_[zero]":"sebentar tadi","_[one]":"satu minit lalu","_[two]":"{{value}} minit lalu","_[few]":"{{value}} minit lalu","_[many]":"{{value}} minit lalu","_[other]":"{{value}} minit lalu"},"hours-ago-long":{"_":"{[ plural(value) ]}","_[zero]":"sebentar tadi","_[one]":"sejam yang lalu","_[two]":"{{value}} jam lalu","_[few]":"{{value}} jam lalu","_[many]":"{{value}} jam lalu","_[other]":"{{value}} jam lalu"},"days-ago-long":{"_":"{[ plural(value) ]}","_[zero]":"hari ini","_[one]":"semalam","_[two]":"{{value}} hari lalu","_[few]":"{{value}} hari lalu","_[many]":"{{value}} hari lalu","_[other]":"{{value}} hari lalu"},"weeks-ago-long":{"_":"{[ plural(value) ]}","_[zero]":"minggu ini","_[one]":"minggu lalu","_[two]":"{{value}} minggu lalu","_[few]":"{{value}} minggu lalu","_[many]":"{{value}} minggu lalu","_[other]":"{{value}} minggu lalu"},"months-ago-long":{"_":"{[ plural(value) ]}","_[zero]":"bulan ini","_[one]":"bulan lalu","_[two]":"{{value}} bulan lalu","_[few]":"{{value}} bulan lalu","_[many]":"{{value}} minit lalu","_[other]":"{{value}} minit lalu"},"years-ago-long":{"_":"{[ plural(value) ]}","_[zero]":"tahun ini","_[one]":"tahun lalu","_[two]":"{{value}} tahun lalu","_[few]":"{{value}} tahun lalu","_[many]":"{{value}} tahun lalu","_[other]":"{{value}} tahun lalu"},"minutes-until-long":{"_":"{[ plural(value) ]}","_[zero]":"sekarang","_[one]":"dalam satu minit","_[two]":"dalam {{value}} minit","_[few]":"dalam {{value}} minit","_[many]":"dalam {{value}} minit","_[other]":"dalam {{value}} minit"},"hours-until-long":{"_":"{[ plural(value) ]}","_[zero]":"sekarang","_[one]":"dalam satu jam","_[two]":"dalam {{value}} jam","_[few]":"dalam {{value}} jam","_[many]":"dalam {{value}} jam","_[other]":"dalam {{value}} jam"},"days-until-long":{"_":"{[ plural(value) ]}","_[zero]":"hari ini","_[one]":"esok","_[two]":"dalam {{value}} hari","_[few]":"dalam {{value}} hari","_[many]":"dalam {{value}} hari","_[other]":"dalam {{value}} hari"},"weeks-until-long":{"_":"{[ plural(value) ]}","_[zero]":"minggu ini","_[one]":"minggu depan","_[two]":"dalam {{value}} minggu","_[few]":"dalam {{value}} minggu","_[many]":"dalam {{value}} minggu","_[other]":"dalam {{value}} minggu"},"months-until-long":{"_":"{[ plural(value) ]}","_[zero]":"bulan ini","_[one]":"bulan depan","_[two]":"dalam {{value}} bulan","_[few]":"dalam {{value}} bulan","_[many]":"dalam {{value}} bulan","_[other]":"dalam {{value}} bulan"},"years-until-long":{"_":"{[ plural(value) ]}","_[zero]":"tahun ini","_[one]":"tahun depan","_[two]":"dalam {{value}} tahun","_[few]":"dalam {{value}} tahun","_[many]":"dalam {{value}} tahun","_[other]":"dalam {{value}} tahun"},"minutes-ago-short":{"_":"{[ plural(value) ]}","_[zero]":"sebentar tadi","_[other]":"{{value}} minit lalu"},"hours-ago-short":{"_":"{[ plural(value) ]}","_[zero]":"sebentar tadi","_[other]":"{{value}} jam lalu"},"days-ago-short":{"_":"{[ plural(value) ]}","_[zero]":"hari ini","_[other]":"{{value}} hari lalu"},"minutes-until-short":{"_":"{[ plural(value) ]}","_[zero]":"sekarang","_[other]":"dalam {{value}} minit"},"hours-until-short":{"_":"{[ plural(value) ]}","_[zero]":"sekarang","_[other]":"dalam {{value}} jam"},"days-until-short":{"_":"{[ plural(value) ]}","_[zero]":"hari ini","_[other]":"dalam {{value}} hari"},"incorrectDate":{"_":"(tarikh tidak betul)"},"dateTimeFormat_%c":{"_":"%a %b %e %Y %I:%M:%S %p"},"dateTimeFormat_%x":{"_":"%m/%d/%Y"},"dateTimeFormat_%X":{"_":"%I:%M:%S %p"},"shortTimeFormat":{"_":"%I:%M %p"},"shortDateTimeFormat":{"_":"%x %I:%M %p"},"weekStartsOnMonday":{"_":"0"},"time_am":{"_":"PG"},"time_pm":{"_":"PTG"},"reset":{"_":"Tetapan semula"},"start":{"_":"Mula"},"stop":{"_":"Henti"},"cancel":{"_":"Batal"},"hour":{"_":"Jam"},"hours":{"_":"Jam"},"minute":{"_":"Minit"},"minutes":{"_":"Minit"},"enable":{"_":"Benarkan"},"back":{"_":"Kembali"},"label":{"_":"Label"},"alarm":{"_":"Penggera"},"timer":{"_":"Pemasa"},"stopwatch":{"_":"Jam randik"},"alarmName":{"placeholder":"Nama penggera"},"newAlarm":{"_":"Penggera baru"},"editAlarm":{"_":"Sunting penggera"},"pause":{"_":"Jeda"},"resume":{"_":"Sambung"},"lap":{"_":"Pusingan"},"lap-number":{"_":"Pusingan {{n}}"},"delete":{"_":"Hapus"},"time":{"_":"Waktu"},"snooze-label":{"_":"Tunda"},"snooze-button":{"_":"Tunda"},"repeat":{"_":"Ulang"},"vibrate":{"_":"Getar"},"close":{"_":"Tutup"},"save":{"_":"Simpan"},"done":{"_":"Selesai"},"default":{"_":"Lalai"},"color":{"_":"Warna"},"sound":{"_":"Bunyi"},"noSound":{"_":"Tiada Bunyi"},"everyday":{"_":"Setiap hari"},"weekdays":{"_":"Hari minggu"},"weekends":{"_":"Hujung Minggu"},"never":{"_":"Tidak sekali"},"vibrateOn":{"_":"Hidup"},"vibrateOff":{"_":"Mati"},"plusMinute":{"_":"+1 Min"},"dateFormat":{"_":"%A, %B %e"},"countdown-lessThanAnHour":{"_":"Penggera sedia ada untuk <strong>{{minutes}}</strong> dari sekarang."},"countdown-moreThanAnHour":{"_":"Penggera sedia ada untuk {{hours}} {{minutes}} dari sekarang."},"countdown-moreThanADay":{"_":"Penggera ditetapkan untuk {{days}} {{hours}} dari sekarang."},"nMinutes":{"_":"{[ plural(n) ]}","_[zero]":"Kurang dari seminit","_[one]":"satu minit","_[two]":"{{n}} minit","_[few]":"{{n}} minit","_[many]":"{{n}} minit","_[other]":"{{n}} minit"},"nHours":{"_":"{[ plural(n) ]}","_[one]":"<strong>{{n}} jam</strong>","_[two]":"<strong>{{n}} jam</strong>","_[few]":"<strong>{{n}} jam</strong>","_[many]":"<strong>{{n}} jam</strong>","_[other]":"<strong>{{n}} jam</strong>"},"nAndRemainHours":{"_":"{[ plural(n) ]}","_[one]":"dan <strong>{{n}} jam</strong>","_[two]":"dan <strong>{{n}} jam</strong>","_[few]":"dan <strong>{{n}} jam</strong>","_[many]":"dan <strong>{{n}} jam</strong>","_[other]":"dan <strong>{{n}} jam</strong>"},"nRemainDays":{"_":"{[ plural(n) ]}","_[one]":"<strong>{{n}} hari</strong>","_[two]":"<strong>{{n}} hari</strong>","_[few]":"<strong>{{n}} hari</strong>","_[many]":"<strong>{{n}} hari</strong>","_[other]":"<strong>{{n}} hari</strong>"},"nRemainMinutes":{"_":"{[ plural(n) ]}","_[one]":"dan <strong>{{n}} minit</strong>","_[two]":"dan <strong>{{n}} minit</strong>","_[few]":"dan <strong>{{n}} minit</strong>","_[many]":"dan <strong>{{n}} minit</strong>","_[other]":"dan <strong>{{n}} minit</strong>"},"ac_classic_clock_alarm_opus":{"_":"Klasik Buzz"},"ac_classic_clock_alarm_prog_opus2":{"_":"Denyut Progresif"},"ac_classic_clock_radio_opus":{"_":"Denyut Klasik"},"ac_normal_gem_echoes_opus":{"_":"Gema Gem"},"ac_soft_smooth_strings_opus":{"_":"String Rata"},"ac_soft_humming_waves_opus":{"_":"Kilauan Ombak"},"ac_normal_ringing_strings_opus":{"_":"String Nada"},"ac_soft_into_the_void_opus":{"_":"Ke dalam Lowong"}}