{"weekday-0-long":{"_":"आइतबार"},"weekday-1-long":{"_":"सोमबार"},"weekday-2-long":{"_":"मंगलबार"},"weekday-3-long":{"_":"बुधबार"},"weekday-4-long":{"_":"बिहिबार"},"weekday-5-long":{"_":"शुक्रबार"},"weekday-6-long":{"_":"शनिबार"},"weekday-0-short":{"_":"आइत"},"weekday-1-short":{"_":"सोम"},"weekday-2-short":{"_":"मङ्गल"},"weekday-3-short":{"_":"बुध"},"weekday-4-short":{"_":"बिहि"},"weekday-5-short":{"_":"शुक्र"},"weekday-6-short":{"_":"शनि"},"month-0-long":{"_":"जनवरी"},"month-1-long":{"_":"फेब्रुअरी"},"month-2-long":{"_":"ंमार्च"},"month-3-long":{"_":"अप्रिल"},"month-4-long":{"_":"मे"},"month-5-long":{"_":"जुन"},"month-6-long":{"_":"जुलाई"},"month-7-long":{"_":"अगस्ट"},"month-8-long":{"_":"सेप्टेम्बर"},"month-9-long":{"_":"अक्टोबर"},"month-10-long":{"_":"नोभेम्बर"},"month-11-long":{"_":"डिसेम्बर"},"month-0-genitive":{"_":"जनवरी"},"month-1-genitive":{"_":"फेब्रुअरी"},"month-2-genitive":{"_":"ंमार्च"},"month-3-genitive":{"_":"अप्रिल"},"month-4-genitive":{"_":"मे"},"month-5-genitive":{"_":"जुन"},"month-6-genitive":{"_":"जुलाई"},"month-7-genitive":{"_":"अगस्ट"},"month-8-genitive":{"_":"सेप्टेम्बर"},"month-9-genitive":{"_":"अक्टोबर"},"month-10-genitive":{"_":"नोभेम्बर"},"month-11-genitive":{"_":"डिसेम्बर"},"month-0-short":{"_":"जन"},"month-1-short":{"_":"फेब"},"month-2-short":{"_":"मार्च"},"month-3-short":{"_":"अप्रिल"},"month-4-short":{"_":"मे"},"month-5-short":{"_":"जुन"},"month-6-short":{"_":"जुलाई"},"month-7-short":{"_":"अगस्ट"},"month-8-short":{"_":"सेप्टेम्वर"},"month-9-short":{"_":"अक्टुवर"},"month-10-short":{"_":"नोभेम्वर"},"month-11-short":{"_":"डिसेम्वर"},"minutes-ago-long":{"_":"{[ plural(value) ]}","_[zero]":"भर्खरै","_[one]":"एक मिनेट अगाडि","_[two]":"{{value}} मिनेट अगाडि","_[few]":"{{value}} मिनेट अगाडि","_[many]":"{{value}} मिनेट अगाडि","_[other]":"{{value}} मिनेट अगाडि"},"hours-ago-long":{"_":"{[ plural(value) ]}","_[zero]":"भर्खरै","_[one]":"एक घन्टा अगाडि","_[two]":"{{value}} घण्टा अगाडि","_[few]":"{{value}} घण्टा अगाडि","_[many]":"{{value}} घण्टा अगाडि","_[other]":"{{value}} घण्टा अगाडि"},"days-ago-long":{"_":"{[ plural(value) ]}","_[zero]":"आज","_[one]":"हिजो","_[two]":"{{value}} दिन अगाडि","_[few]":"{{value}} दिन अगाडि","_[many]":"{{value}} दिन अगाडि","_[other]":"{{value}} दिन अगाडि"},"weeks-ago-long":{"_":"{[ plural(value) ]}","_[zero]":"यो हप्ता","_[one]":"गएको हप्ता","_[two]":"{{value}} हप्ता अगाडि","_[few]":"{{value}} हप्ता अगाडि","_[many]":"{{value}} हप्ता अगाडि","_[other]":"{{value}} हप्ता अगाडि"},"months-ago-long":{"_":"{[ plural(value) ]}","_[zero]":"यो महिना","_[one]":"गएको महिना","_[two]":"{{value}} महिना अगाडि","_[few]":"{{value}} महिना अगाडि","_[many]":"{{value}} महिना अगाडि","_[other]":"{{value}} महिना अगाडि"},"years-ago-long":{"_":"{[ plural(value) ]}","_[zero]":"यो वर्ष","_[one]":"अघिल्लो वर्ष","_[two]":"{{value}} वर्ष अगाडि","_[few]":"{{value}} वर्ष अगाडि","_[many]":"{{value}} वर्ष अगाडि","_[other]":"{{value}} वर्ष अगाडि"},"minutes-until-long":{"_":"{[ plural(value) ]}","_[zero]":"अहिले","_[one]":"एक मिनेटमा","_[two]":"{{value}} मिनेटमा","_[few]":"{{value}} मिनेटमा","_[many]":"{{value}} मिनेटमा","_[other]":"{{value}} मिनेटमा"},"hours-until-long":{"_":"{[ plural(value) ]}","_[zero]":"अहिले","_[one]":"एक घण्टामा","_[two]":"{{value}} घण्टामा","_[few]":"{{value}} घण्टामा","_[many]":"{{value}} घण्टामा","_[other]":"{{value}} घण्टामा"},"days-until-long":{"_":"{[ plural(value) ]}","_[zero]":"आज","_[one]":"भोलि","_[two]":"{{value}} दिनमा","_[few]":"{{value}} दिनमा","_[many]":"{{value}} दिनमा","_[other]":"{{value}} दिनमा"},"weeks-until-long":{"_":"{[ plural(value) ]}","_[zero]":"यो हप्ता","_[one]":"पछिल्लो हप्ता","_[two]":"{{value}} हप्तामा","_[few]":"{{value}} हप्तामा","_[many]":"{{value}} हप्तामा","_[other]":"{{value}} हप्तामा"},"months-until-long":{"_":"{[ plural(value) ]}","_[zero]":"यस महिना","_[one]":"पछिल्लो महिना","_[two]":"{{value}} महिनामा","_[few]":"{{value}} महिनामा","_[many]":"{{value}} महिनामा","_[other]":"{{value}} महिनामा"},"years-until-long":{"_":"{[ plural(value) ]}","_[zero]":"यस बर्ष","_[one]":"आर्को बर्ष","_[two]":"{{value}} बर्षमा","_[few]":"{{value}} बर्षमा","_[many]":"{{value}} वर्षमा","_[other]":"{{value}} वर्षमा"},"minutes-ago-short":{"_":"{[ plural(value) ]}","_[zero]":"भर्खरै","_[other]":"{{value}}मिनेट अघि"},"hours-ago-short":{"_":"{[ plural(value) ]}","_[zero]":"भर्खरै","_[other]":"{{value}}घण्टा अघि"},"days-ago-short":{"_":"{[ plural(value) ]}","_[zero]":"आज","_[other]":"{{value}}दिन अघि"},"minutes-until-short":{"_":"{[ plural(value) ]}","_[zero]":"अहिले","_[other]":"{{value}}मिनेटमा"},"hours-until-short":{"_":"{[ plural(value) ]}","_[zero]":"अहिले","_[other]":"{{value}}घण्टामा"},"days-until-short":{"_":"{[ plural(value) ]}","_[zero]":"आज","_[other]":"{{value}}दिनमा"},"incorrectDate":{"_":"(गलत मिति)"},"dateTimeFormat_%c":{"_":"%a %b %e %Y %I:%M:%S %p"},"dateTimeFormat_%x":{"_":"%m/%d/%Y"},"dateTimeFormat_%X":{"_":"%I:%M:%S %p"},"shortTimeFormat":{"_":"%I:%M %p"},"shortDateTimeFormat":{"_":"%x %I:%M %p"},"weekStartsOnMonday":{"_":"0"},"time_am":{"_":"ए एम"},"time_pm":{"_":"पी एम"},"reset":{"_":"रिसेट गर्नुहोस्"},"start":{"_":"सुरु गर्नुहोस्"},"stop":{"_":"रोक्नुहोस्"},"cancel":{"_":"रद्द गर"},"hour":{"_":"घण्टा"},"hours":{"_":"घण्टा"},"minute":{"_":"मिनेट"},"minutes":{"_":"मिनेट"},"enable":{"_":"सक्षम पार्नुहोस्"},"back":{"_":"पछाडि"},"label":{"_":"लेबुल"},"alarm":{"_":"संसूचक"},"timer":{"_":"समय सुचक"},"stopwatch":{"_":"रोमिघडी"},"alarmName":{"placeholder":"अलार्मको नाम "},"newAlarm":{"_":"नयाँ संसूचक"},"editAlarm":{"_":"संसूचक सम्पादन गर्नुहोस्"},"pause":{"_":"रोक्नुहोस्"},"resume":{"_":"सुचारू"},"lap":{"_":"काख"},"lap-number":{"_":"काख {{n}}"},"delete":{"_":"मेट्नुहोस्"},"time":{"_":"समय"},"snooze-label":{"_":"झपकी"},"snooze-button":{"_":"झपकी"},"repeat":{"_":"दोहोर्याउनुहोस्"},"vibrate":{"_":"थर्किनु"},"close":{"_":"बन्द गर्नुहोस्"},"save":{"_":"बचत गर्नुहोस्"},"done":{"_":"भयो"},"default":{"_":"अभाव"},"color":{"_":"रङ"},"sound":{"_":"ध्वनि"},"noSound":{"_":"ध्वनि छैन"},"everyday":{"_":"प्रतिदिन"},"weekdays":{"_":"हप्तादिनहरु"},"weekends":{"_":"सप्ताहन्त"},"never":{"_":"कहिले पनि होइन"},"vibrateOn":{"_":"चालु"},"vibrateOff":{"_":"बन्द"},"plusMinute":{"_":"थप एक मिनेट"},"dateFormat":{"_":"%A, %B %e"},"countdown-lessThanAnHour":{"_":"यो संसूचक अहिलेबाट <strong>{{minutes}}</strong>का लागि राखिएको छ।"},"countdown-moreThanAnHour":{"_":"यो संसूचक अहिलेबाट {{hours}} {{minutes}}का लागि राखिएको छ।"},"countdown-moreThanADay":{"_":"यो सचेतक अहिलेबाट {{दिन}} {{घण्टा}}का लागि राखिएको छ।"},"nMinutes":{"_":"{[ plural(n) ]}","_[zero]":"एक मिनेट भन्दा कम","_[one]":"एक मिनेट","_[two]":"{{n}} मिनेट","_[few]":"{{n}} मिनेट","_[many]":"{{n}} मिनेट","_[other]":"{{n}} मिनेट"},"nHours":{"_":"{[ plural(n) ]}","_[one]":"<strong>{{n}} घण्टा</strong>","_[two]":"<strong>{{n}} घण्टा</strong>","_[few]":"<strong>{{n}} घण्टा</strong>","_[many]":"<strong>{{n}} घण्टा</strong>","_[other]":"<strong>{{n}} घण्टा</strong>"},"nAndRemainHours":{"_":"{[ plural(n) ]}","_[one]":"र <strong>{{n}} घण्टा</strong>","_[two]":"<strong>{{n}} घण्टा</strong>","_[few]":"र <strong>{{n}} घण्टा</strong>","_[many]":"<strong>{{n}} घण्टा</strong>","_[other]":"र<strong>{{n}} घण्टा</strong>"},"nRemainDays":{"_":"{[ plural(n) ]}","_[one]":"<strong>{{n}} घण्टा</strong>","_[two]":"<strong>{{n}} दिनहरु</strong>","_[few]":"<strong>{{n}} दिनहरु</strong>","_[many]":"<strong>{{n}} घण्टा</strong>","_[other]":"<strong>{{n}} घण्टा</strong>"},"nRemainMinutes":{"_":"{[ plural(n) ]}","_[one]":"र <strong>{{n}} मिनेट</strong>","_[two]":"र <strong>{{n}} मिनेट</strong>","_[few]":"र <strong>{{n}} मिनेट</strong>","_[many]":"र <strong>{{n}} मिनेट</strong>","_[other]":"र <strong>{{n}} मिनेट</strong>"},"ac_classic_clock_alarm_opus":{"_":"शास्रीय भुनभुन"},"ac_classic_clock_alarm_prog_opus2":{"_":"प्रगतिशील पल्स"},"ac_classic_clock_radio_opus":{"_":"शास्त्रीय कम्पन"},"ac_normal_gem_echoes_opus":{"_":"Gem Echoes"},"ac_soft_smooth_strings_opus":{"_":"Smooth Strings"},"ac_soft_humming_waves_opus":{"_":"Shimmering Waves"},"ac_normal_ringing_strings_opus":{"_":"Ringing Strings"},"ac_soft_into_the_void_opus":{"_":"Into the Void"}}