{"weekday-0-long":{"_":"zondag"},"weekday-1-long":{"_":"maandag"},"weekday-2-long":{"_":"dinsdag"},"weekday-3-long":{"_":"woensdag"},"weekday-4-long":{"_":"donderdag"},"weekday-5-long":{"_":"vrijdag"},"weekday-6-long":{"_":"zaterdag"},"weekday-0-short":{"_":"zon"},"weekday-1-short":{"_":"maa"},"weekday-2-short":{"_":"din"},"weekday-3-short":{"_":"woe"},"weekday-4-short":{"_":"don"},"weekday-5-short":{"_":"vrij"},"weekday-6-short":{"_":"zat"},"month-0-long":{"_":"januari"},"month-1-long":{"_":"februari"},"month-2-long":{"_":"maart"},"month-3-long":{"_":"april"},"month-4-long":{"_":"mei"},"month-5-long":{"_":"juni"},"month-6-long":{"_":"juli"},"month-7-long":{"_":"augustus"},"month-8-long":{"_":"september"},"month-9-long":{"_":"oktober"},"month-10-long":{"_":"november"},"month-11-long":{"_":"december"},"month-0-genitive":{"_":"januari"},"month-1-genitive":{"_":"februari"},"month-2-genitive":{"_":"maart"},"month-3-genitive":{"_":"april"},"month-4-genitive":{"_":"mei"},"month-5-genitive":{"_":"juni"},"month-6-genitive":{"_":"juli"},"month-7-genitive":{"_":"augustus"},"month-8-genitive":{"_":"september"},"month-9-genitive":{"_":"oktober"},"month-10-genitive":{"_":"november"},"month-11-genitive":{"_":"december"},"month-0-short":{"_":"jan"},"month-1-short":{"_":"feb"},"month-2-short":{"_":"mrt"},"month-3-short":{"_":"apr"},"month-4-short":{"_":"mei"},"month-5-short":{"_":"jun"},"month-6-short":{"_":"jul"},"month-7-short":{"_":"aug"},"month-8-short":{"_":"sep"},"month-9-short":{"_":"okt"},"month-10-short":{"_":"nov"},"month-11-short":{"_":"dec"},"minutes-ago-long":{"_":"{[ plural(value) ]}","_[zero]":"zojuist","_[one]":"een minuut geleden","_[two]":"{{value}} minuten geleden","_[few]":"{{value}} minuten geleden","_[many]":"{{value}} minuten geleden","_[other]":"{{value}} minuten geleden"},"hours-ago-long":{"_":"{[ plural(value) ]}","_[zero]":"zojuist","_[one]":"een uur geleden","_[two]":"{{value}} uur geleden","_[few]":"{{value}} uur geleden","_[many]":"{{value}} uur geleden","_[other]":"{{value}} uur geleden"},"days-ago-long":{"_":"{[ plural(value) ]}","_[zero]":"vandaag","_[one]":"gisteren","_[two]":"{{value}} dagen geleden","_[few]":"{{value}} dagen geleden","_[many]":"{{value}} dagen geleden","_[other]":"{{value}} dagen geleden"},"weeks-ago-long":{"_":"{[ plural(value) ]}","_[zero]":"deze week","_[one]":"vorige week","_[two]":"{{value}} weken geleden","_[few]":"{{value}} weken geleden","_[many]":"{{value}} weken geleden","_[other]":"{{value}} weken geleden"},"months-ago-long":{"_":"{[ plural(value) ]}","_[zero]":"deze maand","_[one]":"vorige maand","_[two]":"{{value}} maanden geleden","_[few]":"{{value}} maanden geleden","_[many]":"{{value}} maanden geleden","_[other]":"{{value}} maanden geleden"},"years-ago-long":{"_":"{[ plural(value) ]}","_[zero]":"dit jaar","_[one]":"vorig jaar","_[two]":"{{value}} jaar geleden","_[few]":"{{value}} jaar geleden","_[many]":"{{value}} jaar geleden","_[other]":"{{value}} jaar geleden"},"minutes-until-long":{"_":"{[ plural(value) ]}","_[zero]":"nu","_[one]":"zo meteen","_[two]":"over {{value}} minuten","_[few]":"over {{value}} minuten","_[many]":"over {{value}} minuten","_[other]":"over {{value}} minuten"},"hours-until-long":{"_":"{[ plural(value) ]}","_[zero]":"nu","_[one]":"over een uur","_[two]":"over {{value}} uur","_[few]":"over {{value}} uur","_[many]":"over {{value}} uur","_[other]":"over {{value}} uur"},"days-until-long":{"_":"{[ plural(value) ]}","_[zero]":"vandaag","_[one]":"morgen","_[two]":"over {{value}} dagen","_[few]":"over {{value}} dagen","_[many]":"over {{value}} dagen","_[other]":"over {{value}} dagen"},"weeks-until-long":{"_":"{[ plural(value) ]}","_[zero]":"deze week","_[one]":"volgende week","_[two]":"over {{value}} weken","_[few]":"over {{value}} weken","_[many]":"over {{value}} weken","_[other]":"over {{value}} weken"},"months-until-long":{"_":"{[ plural(value) ]}","_[zero]":"deze maand","_[one]":"volgende maand","_[two]":"over {{value}} maanden","_[few]":"over {{value}} maanden","_[many]":"over {{value}} maanden","_[other]":"over {{value}} maanden"},"years-until-long":{"_":"{[ plural(value) ]}","_[zero]":"dit jaar","_[one]":"volgend jaar","_[two]":"over {{value}} jaar","_[few]":"over {{value}} jaar","_[many]":"over {{value}} jaar","_[other]":"over {{value}} jaar"},"minutes-ago-short":{"_":"{[ plural(value) ]}","_[zero]":"zojuist","_[other]":"{{value}}m geleden"},"hours-ago-short":{"_":"{[ plural(value) ]}","_[zero]":"zojuist","_[other]":"{{value}}h geleden"},"days-ago-short":{"_":"{[ plural(value) ]}","_[zero]":"vandaag","_[other]":"{{value}}d geleden"},"minutes-until-short":{"_":"{[ plural(value) ]}","_[zero]":"nu","_[other]":"over {{value}}m"},"hours-until-short":{"_":"{[ plural(value) ]}","_[zero]":"nu","_[other]":"over {{value}}h"},"days-until-short":{"_":"{[ plural(value) ]}","_[zero]":"vandaag","_[other]":"over {{value}}d"},"incorrectDate":{"_":"(onjuiste datum)"},"dateTimeFormat_%c":{"_":"%a %e %b %Y %H:%M:%S"},"dateTimeFormat_%x":{"_":"%d-%m-%Y"},"dateTimeFormat_%X":{"_":"%H:%M:%S"},"shortTimeFormat":{"_":"%H:%M"},"shortDateTimeFormat":{"_":"%x %H:%M"},"weekStartsOnMonday":{"_":"1"},"time_am":{"_":"AM"},"time_pm":{"_":"PM"},"reset":{"_":"Terugzetten"},"start":{"_":"Starten"},"stop":{"_":"Stoppen"},"cancel":{"_":"Annuleren"},"hour":{"_":"Uur"},"hours":{"_":"Uur"},"minute":{"_":"Minuut"},"minutes":{"_":"Minuten"},"enable":{"_":"Inschakelen"},"back":{"_":"Terug"},"label":{"_":"Label"},"alarm":{"_":"Alarm"},"timer":{"_":"Timer"},"stopwatch":{"_":"Stopwatch"},"alarmName":{"placeholder":"Alarmnaam"},"newAlarm":{"_":"Nieuw alarm"},"editAlarm":{"_":"Alarm bewerken"},"pause":{"_":"Pauzeren"},"resume":{"_":"Hervatten"},"lap":{"_":"Ronde"},"lap-number":{"_":"Ronde {{n}}"},"delete":{"_":"Verwijderen"},"time":{"_":"Tijd"},"snooze-label":{"_":"Sluimeren"},"snooze-button":{"_":"Sluimeren"},"repeat":{"_":"Herhalen"},"vibrate":{"_":"Trillen"},"close":{"_":"Sluiten"},"save":{"_":"Opslaan"},"done":{"_":"Gereed"},"default":{"_":"Standaard"},"color":{"_":"Kleur"},"sound":{"_":"Geluid"},"noSound":{"_":"Geen geluid"},"everyday":{"_":"Elke dag"},"weekdays":{"_":"Werkdagen"},"weekends":{"_":"Weekenden"},"never":{"_":"Nooit"},"vibrateOn":{"_":"Aan"},"vibrateOff":{"_":"Uit"},"plusMinute":{"_":"+1 min"},"dateFormat":{"_":"%A %e %B"},"countdown-lessThanAnHour":{"_":"Het alarm is ingesteld voor <strong>{{minutes}}</strong> vanaf nu."},"countdown-moreThanAnHour":{"_":"Het alarm is ingesteld voor {{hours}} {{minutes}} vanaf nu."},"countdown-moreThanADay":{"_":"Het alarm is ingesteld voor {{days}} {{hours}} vanaf nu."},"nMinutes":{"_":"{[ plural(n) ]}","_[zero]":"minder dan een minuut","_[one]":"een minuut","_[two]":"{{n}} minuten","_[few]":"{{n}} minuten","_[many]":"{{n}} minuten","_[other]":"{{n}} minuten"},"nHours":{"_":"{[ plural(n) ]}","_[one]":"<strong>{{n}} uur</strong>","_[two]":"<strong>{{n}} uur</strong>","_[few]":"<strong>{{n}} uur</strong>","_[many]":"<strong>{{n}} uur</strong>","_[other]":"<strong>{{n}} uur</strong>"},"nAndRemainHours":{"_":"{[ plural(n) ]}","_[one]":"en <strong>{{n}} uur</strong>","_[two]":"en <strong>{{n}} uur</strong>","_[few]":"en <strong>{{n}} uur</strong>","_[many]":"en <strong>{{n}} uur</strong>","_[other]":"en <strong>{{n}} uur</strong>"},"nRemainDays":{"_":"{[ plural(n) ]}","_[one]":"<strong>{{n}} dag</strong>","_[two]":"<strong>{{n}} dagen</strong>","_[few]":"<strong>{{n}} dagen</strong>","_[many]":"<strong>{{n}} dagen</strong>","_[other]":"<strong>{{n}} dagen</strong>"},"nRemainMinutes":{"_":"{[ plural(n) ]}","_[one]":"en <strong>{{n}} minuut</strong>","_[two]":"en <strong>{{n}} minuten</strong>","_[few]":"en <strong>{{n}} minuten</strong>","_[many]":"en <strong>{{n}} minuten</strong>","_[other]":"en <strong>{{n}} minuten</strong>"},"ac_classic_clock_alarm_opus":{"_":"Classic Buzz"},"ac_classic_clock_alarm_prog_opus2":{"_":"Pulse Progressive"},"ac_classic_clock_radio_opus":{"_":"Classic Pulse"},"ac_normal_gem_echoes_opus":{"_":"Gem Echoes"},"ac_soft_smooth_strings_opus":{"_":"Smooth Strings"},"ac_soft_humming_waves_opus":{"_":"Shimmering Waves"},"ac_normal_ringing_strings_opus":{"_":"Ringing Strings"},"ac_soft_into_the_void_opus":{"_":"Into the Void"},"closeButton":{"ariaLabel":"Sluiten"},"newAlarmButton":{"ariaLabel":"Nieuw alarm"},"alarm-volume-label":{"_":"Systeemalarmvolume"},"nSpinnerSeconds":{"_":"{[ plural(n) ]}","_[zero]":"nul seconden","_[one]":"één seconde","_[two]":"{{n}} seconden","_[few]":"{{n}} seconden","_[many]":"{{n}} seconden","_[other]":"{{n}} seconden"},"nSpinnerMinutes":{"_":"{[ plural(n) ]}","_[zero]":"nul minuten","_[one]":"één minuut","_[two]":"{{n}} minuten","_[few]":"{{n}} minuten","_[many]":"{{n}} minuten","_[other]":"{{n}} minuten"},"nSpinnerHours":{"_":"{[ plural(n) ]}","_[zero]":"nul uur","_[one]":"{{n}} uur","_[two]":"{{n}} uur","_[few]":"{{n}} uur","_[many]":"{{n}} uur","_[other]":"{{n}} uur"}}