{"weekday-0-long":{"_":"ਐਤਵਾਰ"},"weekday-1-long":{"_":"ਸੋਮਵਾਰ"},"weekday-2-long":{"_":"ਮੰਗਲਵਾਰ"},"weekday-3-long":{"_":"ਬੁੱਧਵਾਰ"},"weekday-4-long":{"_":"ਵੀਰਵਾਰ"},"weekday-5-long":{"_":"ਸ਼ੁੱਕਰਵਾਰ"},"weekday-6-long":{"_":"ਸ਼ਨਿੱਚਰਵਾਰ"},"weekday-0-short":{"_":"ਐਤ"},"weekday-1-short":{"_":"ਸੋਮ"},"weekday-2-short":{"_":"ਮੰਗਲ"},"weekday-3-short":{"_":"ਬੁੱਧ"},"weekday-4-short":{"_":"ਵੀਰ"},"weekday-5-short":{"_":"ਸ਼ੁੱਕਰ"},"weekday-6-short":{"_":"ਸ਼ਨਿੱ"},"month-0-long":{"_":"ਜਨਵਰੀ"},"month-1-long":{"_":"ਫਰਵਰੀ"},"month-2-long":{"_":"ਮਾਰਚ"},"month-3-long":{"_":"ਅਪਰੈਲ"},"month-4-long":{"_":"ਮਈ"},"month-5-long":{"_":"ਜੂਨ"},"month-6-long":{"_":"ਜੁਲਾਈ"},"month-7-long":{"_":"ਅਗਸਤ"},"month-8-long":{"_":"ਸਤੰਬਰ"},"month-9-long":{"_":"ਅਕਤੂਬਰ"},"month-10-long":{"_":"ਨਵੰਬਰ"},"month-11-long":{"_":"ਦਸੰਬਰ"},"month-0-genitive":{"_":"ਜਨਵਰੀ"},"month-1-genitive":{"_":"ਫਰਵਰੀ"},"month-2-genitive":{"_":"ਮਾਰਚ"},"month-3-genitive":{"_":"ਅਪਰੈਲ"},"month-4-genitive":{"_":"ਮਈ"},"month-5-genitive":{"_":"ਜੂਨ"},"month-6-genitive":{"_":"ਜੁਲਾਈ"},"month-7-genitive":{"_":"ਅਗਸਤ"},"month-8-genitive":{"_":"ਸਤੰਬਰ"},"month-9-genitive":{"_":"ਅਕਤੂਬਰ"},"month-10-genitive":{"_":"ਨਵੰਬਰ"},"month-11-genitive":{"_":"ਦਸੰਬਰ"},"month-0-short":{"_":"ਜਨ"},"month-1-short":{"_":"ਫਰ"},"month-2-short":{"_":"ਮਾਰ"},"month-3-short":{"_":"ਅਪ"},"month-4-short":{"_":"ਮਈ"},"month-5-short":{"_":"ਜੂਨ"},"month-6-short":{"_":"ਜੁਲਾ"},"month-7-short":{"_":"ਅਗ"},"month-8-short":{"_":"ਸਤੰ"},"month-9-short":{"_":"ਅਕਤੂ"},"month-10-short":{"_":"ਨਵੰ"},"month-11-short":{"_":"ਦਸੰ"},"minutes-ago-long":{"_":"{[ plural(value) ]}","_[zero]":"ਹੁਣੇ ਹੀਂ","_[one]":"ਮਿੰਟ ਕੁ ਪਹਿਲਾਂ","_[two]":"{{value}} ਮਿੰਟ ਪਹਿਲਾਂ","_[few]":"{{value}} ਮਿੰਟ ਪਹਿਲਾਂ","_[many]":"{{value}} ਮਿੰਟ ਪਹਿਲਾਂ","_[other]":"{{value}}  ਮਿੰਟ ਪਹਿਲਾਂ"},"hours-ago-long":{"_":"{[ plural(value) ]}","_[zero]":"ਹੁਣੇ ਹੀ","_[one]":"ਘੰਟਾ ਪਹਿਲਾਂ","_[two]":"{{value}} ਘੰਟੇ ਪਹਿਲਾਂ","_[few]":"{{value}} ਘੰਟੇ ਪਹਿਲਾਂ","_[many]":"{{value}} ਘੰਟੇ ਪਹਿਲਾਂ","_[other]":"{{value}} ਘੰਟੇ ਪਹਿਲਾਂ"},"days-ago-long":{"_":"{[ plural(value) ]}","_[zero]":"ਅੱਜ","_[one]":"ਕੱਲ੍ਹ","_[two]":"{{value}} ਦਿਨ ਪਹਿਲਾਂ","_[few]":"{{value}} ਦਿਨ ਪਹਿਲਾਂ","_[many]":"{{value}} ਦਿਨ ਪਹਿਲਾਂ","_[other]":"{{value}} ਦਿਨ ਪਹਿਲਾਂ"},"weeks-ago-long":{"_":"{[ plural(value) ]}","_[zero]":"ਇਹ ਹਫ਼ਤੇ","_[one]":"ਪਿਛਲੇ ਹਫ਼ਤੇ","_[two]":"{{value}} ਹਫ਼ਤੇ ਪਹਿਲਾਂ","_[few]":"{{value}} ਹਫ਼ਤੇ ਪਹਿਲਾਂ","_[many]":"{{value}} ਹਫ਼ਤੇ ਪਹਿਲਾਂ","_[other]":"{{value}} ਹਫ਼ਤੇ ਪਹਿਲਾਂ"},"months-ago-long":{"_":"{[ plural(value) ]}","_[zero]":"ਇਹ ਮਹੀਨੇ","_[one]":"ਪਿਛਲੇ ਮਹੀਨੇ","_[two]":"{{value}} ਮਹੀਨੇ ਪਹਿਲਾਂ","_[few]":"{{value}} ਮਹੀਨੇ ਪਹਿਲਾਂ","_[many]":"{{value}} ਮਹੀਨੇ ਪਹਿਲਾਂ","_[other]":"{{value}} ਮਹੀਨੇ ਪਹਿਲਾਂ"},"years-ago-long":{"_":"{[ plural(value) ]}","_[zero]":"ਇਹ ਸਾਲ","_[one]":"ਪਿਛਲੇ ਸਾਲ","_[two]":"{{value}} ਸਾਲ ਪਹਿਲਾਂ","_[few]":"{{value}} ਸਾਲ ਪਹਿਲਾਂ","_[many]":"{{value}} ਸਾਲ ਪਹਿਲਾਂ","_[other]":"{{value}} ਸਾਲ ਪਹਿਲਾਂ"},"minutes-until-long":{"_":"{[ plural(value) ]}","_[zero]":"ਹੁਣ","_[one]":"ਮਿੰਟ ਵਿੱਚ","_[two]":"{{value}} ਮਿੰਟਾਂ ਵਿੱਚ","_[few]":"{{value}} ਮਿੰਟਾਂ ਵਿੱਚ","_[many]":"{{value}} ਮਿੰਟਾਂ ਵਿੱਚ","_[other]":"{{value}} ਮਿੰਟਾਂ ਵਿੱਚ"},"hours-until-long":{"_":"{[ plural(value) ]}","_[zero]":"ਹੁਣ","_[one]":"ਇੱਕ ਘੰਟੇ ਵਿੱਚ","_[two]":"{{value}} ਘੰਟਿਆਂ ਵਿੱਚ","_[few]":"{{value}} ਘੰਟਿਆਂ ਵਿੱਚ","_[many]":"{{value}} ਘੰਟਿਆਂ ਵਿੱਚ","_[other]":"{{value}} ਘੰਟਿਆਂ ਵਿੱਚ"},"days-until-long":{"_":"{[ plural(value) ]}","_[zero]":"ਅੱਜ","_[one]":"ਭਲਕੇ","_[two]":"{{value}} ਦਿਨਾਂ ਵਿੱਚ","_[few]":"{{value}} ਦਿਨਾਂ ਵਿੱਚ","_[many]":"{{value}} ਦਿਨਾਂ ਵਿੱਚ","_[other]":"{{value}} ਦਿਨਾਂ ਵਿੱਚ"},"weeks-until-long":{"_":"{[ plural(value) ]}","_[zero]":"ਇਸ ਹਫ਼ਤੇ","_[one]":"ਅਗਲੇ ਹਫ਼ਤੇ","_[two]":"{{value}} ਹਫ਼ਤਿਆਂ ਵਿੱਚ","_[few]":"{{value}} ਹਫ਼ਤਿਆਂ ਵਿੱਚ","_[many]":"{{value}} ਹਫ਼ਤਿਆਂ ਵਿੱਚ","_[other]":"{{value}} ਹਫ਼ਤਿਆਂ ਵਿੱਚ"},"months-until-long":{"_":"{[ plural(value) ]}","_[zero]":"ਇਸ ਮਹੀਨੇ","_[one]":"ਅਗਲੇ ਮਹੀਨੇ","_[two]":"{{value}} ਮਹੀਨਿਆਂ ਵਿੱਚ","_[few]":"{{value}} ਮਹੀਨਿਆਂ ਵਿੱਚ","_[many]":"{{value}} ਮਹੀਨਿਆਂ ਵਿੱਚ","_[other]":"{{value}} ਮਹੀਨਿਆਂ ਵਿੱਚ"},"years-until-long":{"_":"{[ plural(value) ]}","_[zero]":"ਇਸ ਸਾਲ","_[one]":"ਅਗਲੇ ਸਾਲ","_[two]":"{{value}} ਸਾਲਾਂ ਵਿੱਚ","_[few]":"{{value}} ਸਾਲਾਂ ਵਿੱਚ","_[many]":"{{value}} ਸਾਲਾਂ ਵਿੱਚ","_[other]":"{{value}} ਸਾਲਾਂ ਵਿੱਚ"},"minutes-ago-short":{"_":"{[ plural(value) ]}","_[zero]":"ਹੁਣੇ ਹੀ","_[other]":"{{value}}ਮਿੰ ਪਹਿਲਾਂ"},"hours-ago-short":{"_":"{[ plural(value) ]}","_[zero]":"ਹੁਣੇ ਹੀਂ","_[other]":"{{value}}ਘੰ ਪਹਿਲਾਂ"},"days-ago-short":{"_":"{[ plural(value) ]}","_[zero]":"ਅੱਜ","_[other]":"{{value}}ਦਿ ਪਹਿਲਾਂ"},"minutes-until-short":{"_":"{[ plural(value) ]}","_[zero]":"ਹੁਣ","_[other]":"{{value}}ਮਿੰ ਵਿੱਚ"},"hours-until-short":{"_":"{[ plural(value) ]}","_[zero]":"ਹੁਣ","_[other]":"{{value}}ਘੰ ਵਿੱਚ"},"days-until-short":{"_":"{[ plural(value) ]}","_[zero]":"ਅੱਜ","_[other]":"{{value}}ਦਿ ਵਿੱਚ"},"incorrectDate":{"_":"(ਗਲਤ ਮਿਤੀ)"},"dateTimeFormat_%c":{"_":"%a %e %b  %Y %I:%M:%S %p"},"dateTimeFormat_%x":{"_":"%d/%m/%Y"},"dateTimeFormat_%X":{"_":"%I:%M:%S %p"},"shortTimeFormat":{"_":"%I:%M %p"},"shortDateTimeFormat":{"_":"%x %I:%M %p"},"weekStartsOnMonday":{"_":"1"},"time_am":{"_":"ਸਵੇਰੇ"},"time_pm":{"_":"ਸ਼ਾਮ"},"reset":{"_":"ਮੁੜ-ਸੈੱਟ"},"start":{"_":"ਸ਼ੁਰੂ"},"stop":{"_":"ਰੋਕੋ"},"cancel":{"_":"ਰੱਦ ਕਰੋ"},"hour":{"_":"ਘੰਟਾ"},"hours":{"_":"ਘੰਟੇ"},"minute":{"_":"ਮਿੰਟ"},"minutes":{"_":"ਮਿੰਟ"},"enable":{"_":"ਚਾਲੂ"},"back":{"_":"ਪਿੱਛੇ"},"label":{"_":"ਲੇਬਲ"},"alarm":{"_":"ਅਲਾਰਮ"},"timer":{"_":"ਟਾਈਮਰ"},"stopwatch":{"_":"ਸਟਾਪਵਾਚ"},"alarmName":{"placeholder":"ਅਲਾਰਮ ਨਾਂ"},"newAlarm":{"_":"ਨਵਾਂ ਅਲਾਰਮ"},"editAlarm":{"_":"ਅਲਾਰਮ ਸੋਧ"},"pause":{"_":"ਵਿਰਾਮ"},"resume":{"_":"ਮੁੜ-ਸ਼ੁਰੂ"},"lap":{"_":"ਲੈਪ"},"lap-number":{"_":"ਲੈਪ {{n}}"},"delete":{"_":"ਹਟਾਓ"},"time":{"_":"ਸਮਾਂ"},"snooze-label":{"_":"ਟਾਲੋ"},"snooze-button":{"_":"ਟਾਲੋ"},"repeat":{"_":"ਦੁਹਰਾਉਣਾ"},"vibrate":{"_":"ਕੰਪਨ"},"close":{"_":"ਬੰਦ ਕਰੋ"},"save":{"_":"ਸੰਭਾਲੋ"},"done":{"_":"ਮੁਕੰਮਲ"},"default":{"_":"ਮੂਲ"},"color":{"_":"ਰੰਗ"},"sound":{"_":"ਆਵਾਜ਼"},"noSound":{"_":"ਆਵਾਜ਼ ਨਹੀਂ"},"everyday":{"_":"ਹਰ ਦਿਨ"},"weekdays":{"_":"ਹਫ਼ਤੇ ਕੰਮ-ਕਾਜੀ ਦਿਨ"},"weekends":{"_":"ਹਫ਼ਤੇ ਦੇ ਅੰਤਲੇ ਦਿਨ"},"never":{"_":"ਕਦੇ ਨਹੀਂ"},"vibrateOn":{"_":"ਚਾਲੂ"},"vibrateOff":{"_":"ਬੰਦ"},"plusMinute":{"_":"+1 ਮਿੰਟ"},"dateFormat":{"_":"%A %e %B"},"countdown-lessThanAnHour":{"_":"The alarm is set for <strong>{{minutes}}</strong> from now."},"countdown-moreThanAnHour":{"_":"The alarm is set for {{hours}} {{minutes}} from now."},"countdown-moreThanADay":{"_":"The alarm is set for {{days}} {{hours}} from now."},"nMinutes":{"_":"{[ plural(n) ]}","_[zero]":"ਇੱਕ ਮਿੰਟ ਤੋਂ ਘੱਟ","_[one]":"ਇੱਕ ਮਿੰਟ","_[two]":"{{n}} ਮਿੰਟ","_[few]":"{{n}} ਮਿੰਟ","_[many]":"{{n}} ਮਿੰਟ","_[other]":"{{n}} ਮਿੰਟ"},"nHours":{"_":"{[ plural(n) ]}","_[one]":"<strong>{{n}}ਘੰਟਾ</strong>","_[two]":"<strong>{{n}}ਘੰਟੇ</strong>","_[few]":"<strong>{{n}}ਘੰਟੇ</strong>","_[many]":"<strong>{{n}}ਘੰਟੇ</strong>","_[other]":"<strong>{{n}}ਘੰਟੇ</strong>"},"nAndRemainHours":{"_":"{[ plural(n) ]}","_[one]":"ਅਤੇ <strong>{{n}}ਘੰਟਾ</strong>","_[two]":"ਅਤੇ <strong>{{n}}ਘੰਟੇ</strong>","_[few]":"ਅਤੇ <strong>{{n}}ਘੰਟੇ</strong>","_[many]":"ਅਤੇ <strong>{{n}}ਘੰਟੇ</strong>","_[other]":"ਅਤੇ <strong>{{n}}ਘੰਟੇ</strong>"},"nRemainDays":{"_":"{[ plural(n) ]}","_[one]":"<strong>{{n}} ਦਿਨ</strong>","_[two]":"<strong>{{n}} ਦਿਨ</strong>","_[few]":"<strong>{{n}} ਦਿਨ</strong>","_[many]":"<strong>{{n}} ਦਿਨ</strong>","_[other]":"<strong>{{n}} ਦਿਨ</strong>"},"nRemainMinutes":{"_":"{[ plural(n) ]}","_[one]":"ਅਤੇ <strong>{{n}} ਮਿੰਟ</strong>","_[two]":"ਅਤੇ <strong>{{n}} ਮਿੰਟ</strong>","_[few]":"ਅਤੇ <strong>{{n}} ਮਿੰਟ</strong>","_[many]":"ਅਤੇ <strong>{{n}} ਮਿੰਟ</strong>","_[other]":"ਅਤੇ <strong>{{n}} ਮਿੰਟ</strong>"},"ac_classic_clock_alarm_opus":{"_":"ਟਕਸਾਲੀ ਬੱਜ਼"},"ac_classic_clock_alarm_prog_opus2":{"_":"Pulse Progressive"},"ac_classic_clock_radio_opus":{"_":"Classic Pulse"},"ac_normal_gem_echoes_opus":{"_":"Gem Echoes"},"ac_soft_smooth_strings_opus":{"_":"Smooth Strings"},"ac_soft_humming_waves_opus":{"_":"Shimmering Waves"},"ac_normal_ringing_strings_opus":{"_":"Ringing Strings"},"ac_soft_into_the_void_opus":{"_":"Into the Void"}}