{"weekday-0-long":{"_":"Niedziela"},"weekday-1-long":{"_":"Poniedziałek"},"weekday-2-long":{"_":"Wtorek"},"weekday-3-long":{"_":"Środa"},"weekday-4-long":{"_":"Czwartek"},"weekday-5-long":{"_":"Piątek"},"weekday-6-long":{"_":"Sobota"},"weekday-0-short":{"_":"Nd"},"weekday-1-short":{"_":"Pn"},"weekday-2-short":{"_":"Wt"},"weekday-3-short":{"_":"Śr"},"weekday-4-short":{"_":"Cz"},"weekday-5-short":{"_":"Pt"},"weekday-6-short":{"_":"Sb"},"month-0-long":{"_":"Styczeń"},"month-1-long":{"_":"Luty"},"month-2-long":{"_":"Marzec"},"month-3-long":{"_":"Kwiecień"},"month-4-long":{"_":"Maj"},"month-5-long":{"_":"Czerwiec"},"month-6-long":{"_":"Lipiec"},"month-7-long":{"_":"Sierpień"},"month-8-long":{"_":"Wrzesień"},"month-9-long":{"_":"Październik"},"month-10-long":{"_":"Listopad"},"month-11-long":{"_":"Grudzień"},"month-0-genitive":{"_":"stycznia"},"month-1-genitive":{"_":"lutego"},"month-2-genitive":{"_":"marca"},"month-3-genitive":{"_":"kwietnia"},"month-4-genitive":{"_":"maja"},"month-5-genitive":{"_":"czerwca"},"month-6-genitive":{"_":"lipca"},"month-7-genitive":{"_":"sierpnia"},"month-8-genitive":{"_":"września"},"month-9-genitive":{"_":"października"},"month-10-genitive":{"_":"listopada"},"month-11-genitive":{"_":"grudnia"},"month-0-short":{"_":"sty"},"month-1-short":{"_":"lut"},"month-2-short":{"_":"mar"},"month-3-short":{"_":"kwi"},"month-4-short":{"_":"maj"},"month-5-short":{"_":"cze"},"month-6-short":{"_":"lip"},"month-7-short":{"_":"sie"},"month-8-short":{"_":"wrz"},"month-9-short":{"_":"paź"},"month-10-short":{"_":"lis"},"month-11-short":{"_":"gru"},"minutes-ago-long":{"_":"{[plural(value)]}","_[zero]":"w tym momencie","_[one]":"przed minutą","_[two]":"dwie minuty temu","_[few]":"{{value}} minuty temu","_[many]":"{{value}} minut temu","_[other]":"{{value}} minut temu"},"hours-ago-long":{"_":"{[plural(value)]}","_[zero]":"w tej godzinie","_[one]":"godzinę temu","_[two]":"dwie godziny temu","_[few]":"{{value}} godziny temu","_[many]":"{{value}} godzin temu","_[other]":"{{value}} godzin temu"},"days-ago-long":{"_":"{[plural(value)]}","_[zero]":"dzisiaj","_[one]":"wczoraj","_[two]":"przedwczoraj","_[few]":"{{value}} dni temu","_[many]":"{{value}} dni temu","_[other]":"{{value}} dni temu"},"weeks-ago-long":{"_":"{[plural(value)]}","_[zero]":"w tym tygodniu","_[one]":"w zeszłym tygodniu","_[two]":"dwa tygodnie temu","_[few]":"{{value}} tygodnie temu","_[many]":"{{value}} tygodni temu","_[other]":"{{value}} tygodni temu"},"months-ago-long":{"_":"{[plural(value)]}","_[zero]":"w tym miesiącu","_[one]":"w zeszłym miesiącu","_[two]":"dwa miesiące temu","_[few]":"{{value}} miesiące temu","_[many]":"{{value}} miesięcy temu","_[other]":"{{value}} miesięcy temu"},"years-ago-long":{"_":"{[plural(value)]}","_[zero]":"w tym roku","_[one]":"w zeszłym roku","_[two]":"dwa lata temu","_[few]":"{{value}} lata temu","_[many]":"{{value}} lat temu","_[other]":"{{value}} lat temu"},"minutes-until-long":{"_":"{[plural(value)]}","_[zero]":"teraz","_[one]":"za minutę","_[two]":"za dwie minuty","_[few]":"za {{value}} minuty","_[many]":"za {{value}} minut","_[other]":"za {{value}} minut"},"hours-until-long":{"_":"{[plural(value)]}","_[zero]":"teraz","_[one]":"za godzinę","_[two]":"za dwie godziny","_[few]":"za {{value}} godziny","_[many]":"za {{value}} godzin","_[other]":"za {{value}} godzin"},"days-until-long":{"_":"{[plural(value)]}","_[zero]":"dzisiaj","_[one]":"jutro","_[two]":"za dwa dni","_[few]":"za {{value}} dni","_[many]":"za {{value}} dni","_[other]":"za {{value}} dni"},"weeks-until-long":{"_":"{[plural(value)]}","_[zero]":"w tym tygodniu","_[one]":"w przyszłym tygodniu","_[two]":"za dwa tygodnie","_[few]":"za {{value}} tygodnie","_[many]":"za {{value}} tygodni","_[other]":"za {{value}} tygodni"},"months-until-long":{"_":"{[plural(value)]}","_[zero]":"w tym miesiącu","_[one]":"w przyszłym miesiącu","_[two]":"za dwa miesiące","_[few]":"za {{value}} miesiące","_[many]":"za {{value}} miesięcy","_[other]":"za {{value}} miesięcy"},"years-until-long":{"_":"{[plural(value)]}","_[zero]":"w tym roku","_[one]":"w przyszłym roku","_[two]":"za dwa lata","_[few]":"za {{value}} lata","_[many]":"za {{value}} lat","_[other]":"za {{value}} lat"},"minutes-ago-short":{"_":"{[plural(value)]}","_[zero]":"teraz","_[other]":"{{value}} min temu"},"hours-ago-short":{"_":"{[plural(value)]}","_[zero]":"teraz","_[other]":"{{value}} godz. temu"},"days-ago-short":{"_":"{[plural(value)]}","_[zero]":"dzisiaj","_[other]":"{{value}} dni temu"},"minutes-until-short":{"_":"{[plural(value)]}","_[zero]":"teraz","_[other]":"za {{value}} min"},"hours-until-short":{"_":"{[plural(value)]}","_[zero]":"teraz","_[other]":"za {{value}} godz."},"days-until-short":{"_":"{[plural(value)]}","_[zero]":"dzisiaj","_[other]":"za {{value}} dni"},"incorrectDate":{"_":"(nieprawidłowa data)"},"dateTimeFormat_%c":{"_":"%a, %e %b %Y, %H:%M:%S"},"dateTimeFormat_%x":{"_":"%e.%m.%Y"},"dateTimeFormat_%X":{"_":"%H:%M:%S"},"shortTimeFormat":{"_":"%H:%M"},"shortDateTimeFormat":{"_":"%x %H:%M"},"weekStartsOnMonday":{"_":"1"},"time_am":{"_":"AM"},"time_pm":{"_":"PM"},"reset":{"_":"Resetuj"},"start":{"_":"Uruchom"},"stop":{"_":"Zatrzymaj"},"cancel":{"_":"Anuluj"},"hour":{"_":"Godzina"},"hours":{"_":"Godziny"},"minute":{"_":"Minuta"},"minutes":{"_":"Minuty"},"enable":{"_":"Włącz"},"back":{"_":"Cofnij"},"label":{"_":"Etykieta"},"alarm":{"_":"Alarm"},"timer":{"_":"Minutnik"},"stopwatch":{"_":"Stoper"},"alarmName":{"placeholder":"Nazwa alarmu"},"newAlarm":{"_":"Nowy alarm"},"editAlarm":{"_":"Edytuj alarm"},"pause":{"_":"Wstrzymaj"},"resume":{"_":"Wznów"},"lap":{"_":"Runda"},"lap-number":{"_":"{{n}} runda"},"delete":{"_":"Usuń"},"time":{"_":"Godzina"},"snooze-label":{"_":"Drzemka"},"snooze-button":{"_":"Drzemka"},"repeat":{"_":"Dni tygodnia"},"vibrate":{"_":"Wibracje"},"close":{"_":"Zamknij"},"save":{"_":"Zapisz"},"done":{"_":"Gotowe"},"default":{"_":"Domyślny"},"color":{"_":"Kolor"},"sound":{"_":"Dźwięk"},"noSound":{"_":"Bez dźwięku"},"everyday":{"_":"Każdego dnia"},"weekdays":{"_":"Dni robocze"},"weekends":{"_":"Weekendy"},"never":{"_":"Nigdy"},"vibrateOn":{"_":"Włączone"},"vibrateOff":{"_":"Wyłączone"},"plusMinute":{"_":"+ 1 min"},"dateFormat":{"_":"%A, %e %Eb"},"countdown-lessThanAnHour":{"_":"Ustawiony alarm uruchomi się za <strong>{{minutes}}</strong>"},"countdown-moreThanAnHour":{"_":"Ustawiony alarm uruchomi się za {{hours}} {{minutes}}"},"countdown-moreThanADay":{"_":"Ustawiony alarm uruchomi się za {{days}} {{hours}}"},"nMinutes":{"_":"{[plural(n)]}","_[zero]":"niecałą minutę","_[one]":"minutę","_[two]":"{{n}} minuty","_[few]":"{{n}} minuty","_[many]":"{{n}} minut","_[other]":"{{n}} minuty"},"nHours":{"_":"{[plural(n)]}","_[one]":"<strong>godzinę</strong>","_[two]":"<strong>{{n}} godziny</strong>","_[few]":"<strong>{{n}} godziny</strong>","_[many]":"<strong>{{n}} godzin</strong>","_[other]":"<strong>{{n}} godziny</strong>"},"nAndRemainHours":{"_":"{[plural(n)]}","_[one]":"i <strong>godzinę</strong>","_[two]":"i <strong>{{n}} godziny</strong>","_[few]":"i <strong>{{n}} godziny</strong>","_[many]":"i <strong>{{n}} godzin</strong>","_[other]":"and <strong>{{n}} hours</strong>"},"nRemainDays":{"_":"{[plural(n)]}","_[one]":"<strong>{{n}} dzień</strong>","_[two]":"<strong>{{n}} dni</strong>","_[few]":"<strong>{{n}} dni</strong>","_[many]":"<strong>{{n}} dni</strong>","_[other]":"<strong>{{n}} days</strong>"},"nRemainMinutes":{"_":"{[plural(n)]}","_[one]":"i <strong>minutę</strong>","_[two]":"i <strong>{{n}} minuty</strong>","_[few]":"i <strong>{{n}} minuty</strong>","_[many]":"i <strong>{{n}} minut</strong>","_[other]":"and <strong>{{n}} minutes</strong>"},"ac_classic_clock_alarm_opus":{"_":"Budzik tradycyjny"},"ac_classic_clock_alarm_prog_opus2":{"_":"Narastający alarm"},"ac_classic_clock_radio_opus":{"_":"Tradycyjny alarm"},"ac_normal_gem_echoes_opus":{"_":"Kryształowe echo"},"ac_soft_smooth_strings_opus":{"_":"Delikatne struny"},"ac_soft_humming_waves_opus":{"_":"Szumiące fale"},"ac_normal_ringing_strings_opus":{"_":"Dźwięczne struny"},"ac_soft_into_the_void_opus":{"_":"Przestrzeń"}}