{"weekday-0-long":{"_":"Domingo"},"weekday-1-long":{"_":"Segunda-feira"},"weekday-2-long":{"_":"Terça-feira"},"weekday-3-long":{"_":"Quarta-feira"},"weekday-4-long":{"_":"Quinta-feira"},"weekday-5-long":{"_":"Sexta-feira"},"weekday-6-long":{"_":"Sábado"},"weekday-0-short":{"_":"Dom"},"weekday-1-short":{"_":"Seg"},"weekday-2-short":{"_":"Ter"},"weekday-3-short":{"_":"Qua"},"weekday-4-short":{"_":"Qui"},"weekday-5-short":{"_":"Sex"},"weekday-6-short":{"_":"Sáb"},"month-0-long":{"_":"Janeiro"},"month-1-long":{"_":"Fevereiro"},"month-2-long":{"_":"Março"},"month-3-long":{"_":"Abril"},"month-4-long":{"_":"Maio"},"month-5-long":{"_":"Junho"},"month-6-long":{"_":"Julho"},"month-7-long":{"_":"Agosto"},"month-8-long":{"_":"Setembro"},"month-9-long":{"_":"Outubro"},"month-10-long":{"_":"Novembro"},"month-11-long":{"_":"Dezembro"},"month-0-genitive":{"_":"Janeiro"},"month-1-genitive":{"_":"Fevereiro"},"month-2-genitive":{"_":"Março"},"month-3-genitive":{"_":"Abril"},"month-4-genitive":{"_":"Maio"},"month-5-genitive":{"_":"Junho"},"month-6-genitive":{"_":"Julho"},"month-7-genitive":{"_":"Agosto"},"month-8-genitive":{"_":"Setembro"},"month-9-genitive":{"_":"Outubro"},"month-10-genitive":{"_":"Novembro"},"month-11-genitive":{"_":"Dezembro"},"month-0-short":{"_":"Jan"},"month-1-short":{"_":"Fev"},"month-2-short":{"_":"Mar"},"month-3-short":{"_":"Abr"},"month-4-short":{"_":"Mai"},"month-5-short":{"_":"Jun"},"month-6-short":{"_":"Jul"},"month-7-short":{"_":"Ago"},"month-8-short":{"_":"Set"},"month-9-short":{"_":"Out"},"month-10-short":{"_":"Nov"},"month-11-short":{"_":"Dez"},"minutes-ago-long":{"_":"{[ plural(value) ]}","_[zero]":"há pouco","_[one]":"um minuto atrás","_[two]":"{{value}} minutos atrás","_[few]":"{{value}} minutos atrás","_[many]":"{{value}} minutos atrás","_[other]":"{{value}} minutos atrás"},"hours-ago-long":{"_":"{[ plural(value) ]}","_[zero]":"há pouco","_[one]":"uma hora atrás","_[two]":"{{value}} horas atrás","_[few]":"{{value}} horas atrás","_[many]":"{{value}} horas atrás","_[other]":"{{value}} horas atrás"},"days-ago-long":{"_":"{[ plural(value) ]}","_[zero]":"hoje","_[one]":"ontem","_[two]":"{{value}} dias atrás","_[few]":"{{value}} dias atrás","_[many]":"{{value}} dias atrás","_[other]":"{{value}} dias atrás"},"weeks-ago-long":{"_":"{[ plural(value) ]}","_[zero]":"esta semana","_[one]":"semana passada","_[two]":"{{value}} semanas atrás","_[few]":"{{value}} semanas atrás","_[many]":"{{value}} semanas atrás","_[other]":"{{value}} semanas atrás"},"months-ago-long":{"_":"{[ plural(value) ]}","_[zero]":"este mês","_[one]":"mês passado","_[two]":"{{value}} meses atrás","_[few]":"{{value}} meses atrás","_[many]":"{{value}} meses atrás","_[other]":"{{value}} meses atrás"},"years-ago-long":{"_":"{[ plural(value) ]}","_[zero]":"este ano","_[one]":"ano passado","_[two]":"{{value}} anos atrás","_[few]":"{{value}} anos atrás","_[many]":"{{value}} anos atrás","_[other]":"{{value}} anos atrás"},"minutes-until-long":{"_":"{[ plural(value) ]}","_[zero]":"agora","_[one]":"em um minuto","_[two]":"em {{value}} minutos","_[few]":"em {{value}} minutos","_[many]":"em {{value}} minutos","_[other]":"em {{value}} minutos"},"hours-until-long":{"_":"{[ plural(value) ]}","_[zero]":"agora","_[one]":"em uma hora","_[two]":"em {{value}} horas","_[few]":"em {{value}} horas","_[many]":"em {{value}} horas","_[other]":"em {{value}} horas"},"days-until-long":{"_":"{[ plural(value) ]}","_[zero]":"hoje","_[one]":"amanhã","_[two]":"em {{value}} dias","_[few]":"em {{value}} dias","_[many]":"em {{value}} dias","_[other]":"em {{value}} dias"},"weeks-until-long":{"_":"{[ plural(value) ]}","_[zero]":"esta semana","_[one]":"semana que vem","_[two]":"em {{value}} semanas","_[few]":"em {{value}} semanas","_[many]":"em {{value}} semanas","_[other]":"em {{value}} semanas"},"months-until-long":{"_":"{[ plural(value) ]}","_[zero]":"este mês","_[one]":"mês que vem","_[two]":"em {{value}} meses","_[few]":"em {{value}} meses","_[many]":"em {{value}} meses","_[other]":"em {{value}} meses"},"years-until-long":{"_":"{[ plural(value) ]}","_[zero]":"este ano","_[one]":"ano que vem","_[two]":"em {{value}} anos","_[few]":"em {{value}} anos","_[many]":"em {{value}} anos","_[other]":"em {{value}} anos"},"minutes-ago-short":{"_":"{[ plural(value) ]}","_[zero]":"há pouco","_[other]":"{{value}}min atrás"},"hours-ago-short":{"_":"{[ plural(value) ]}","_[zero]":"há pouco","_[other]":"{{value}}h atrás"},"days-ago-short":{"_":"{[ plural(value) ]}","_[zero]":"hoje","_[other]":"{{value}}d atrás"},"minutes-until-short":{"_":"{[ plural(value) ]}","_[zero]":"agora","_[other]":"em {{value}}min"},"hours-until-short":{"_":"{[ plural(value) ]}","_[zero]":"agora","_[other]":"em {{value}}h"},"days-until-short":{"_":"{[ plural(value) ]}","_[zero]":"hoje","_[other]":"em {{value}}d"},"incorrectDate":{"_":"(data incorreta)"},"dateTimeFormat_%c":{"_":"%A, %e de %B de %Y %Hh %Mmin %Ss"},"dateTimeFormat_%x":{"_":"%d/%m/%Y"},"dateTimeFormat_%X":{"_":"%Hh %Mmin %Ss"},"shortTimeFormat":{"_":"%Hh%M"},"shortDateTimeFormat":{"_":"%x %Hh%M"},"weekStartsOnMonday":{"_":"0"},"time_am":{"_":"AM"},"time_pm":{"_":"PM"},"reset":{"_":"Redefinir"},"start":{"_":"Iniciar"},"stop":{"_":"Parar"},"cancel":{"_":"Cancelar"},"hour":{"_":"Hora"},"hours":{"_":"Horas"},"minute":{"_":"Minuto"},"minutes":{"_":"Minutos"},"enable":{"_":"Ativar"},"back":{"_":"Voltar"},"label":{"_":"Rótulo"},"alarm":{"_":"Alarme"},"timer":{"_":"Temporizador"},"stopwatch":{"_":"Cronômetro"},"alarmName":{"placeholder":"Nome do alarme"},"newAlarm":{"_":"Novo alarme"},"editAlarm":{"_":"Editar alarme"},"pause":{"_":"Pausar"},"resume":{"_":"Continuar"},"lap":{"_":"Volta"},"lap-number":{"_":"Volta {{n}}"},"delete":{"_":"Apagar"},"time":{"_":"Horário"},"snooze-label":{"_":"Snooze"},"snooze-button":{"_":"Snooze"},"repeat":{"_":"Repetir"},"vibrate":{"_":"Vibração"},"close":{"_":"Fechar"},"save":{"_":"Salvar"},"done":{"_":"Concluído"},"default":{"_":"Padrão"},"color":{"_":"Cor"},"sound":{"_":"Som"},"noSound":{"_":"Sem som"},"everyday":{"_":"Todos os dias"},"weekdays":{"_":"Dias úteis"},"weekends":{"_":"Finais de semana"},"never":{"_":"Nunca"},"vibrateOn":{"_":"Ativada"},"vibrateOff":{"_":"Desativada"},"plusMinute":{"_":"+1 Min"},"dateFormat":{"_":"%a, %e de %B"},"countdown-lessThanAnHour":{"_":"Alarme ajustado para daqui a <strong>{{minutes}}</strong>."},"countdown-moreThanAnHour":{"_":"Alarme ajustado para daqui a {{hours}} {{minutes}}."},"countdown-moreThanADay":{"_":"Alarme ajustado para daqui a {{days}} {{hours}}."},"nMinutes":{"_":"{[ plural(n) ]}","_[zero]":"menos de um minuto","_[one]":"um minuto","_[two]":"{{n}} minutos","_[few]":"{{n}} minutos","_[many]":"{{n}} minutos","_[other]":"{{n}} minutos"},"nHours":{"_":"{[ plural(n) ]}","_[one]":"<strong>{{n}} hora</strong>","_[two]":"<strong>{{n}} horas</strong>","_[few]":"<strong>{{n}} horas</strong>","_[many]":"<strong>{{n}} horas</strong>","_[other]":"<strong>{{n}} horas</strong>"},"nAndRemainHours":{"_":"{[ plural(n) ]}","_[one]":"e <strong>{{n}} hora</strong>","_[two]":"e <strong>{{n}} horas</strong>","_[few]":"e <strong>{{n}} horas</strong>","_[many]":"e <strong>{{n}} horas</strong>","_[other]":"e <strong>{{n}} horas</strong>"},"nRemainDays":{"_":"{[ plural(n) ]}","_[one]":"<strong>{{n}} dia</strong>","_[two]":"<strong>{{n}} dias</strong>","_[few]":"<strong>{{n}} dias</strong>","_[many]":"<strong>{{n}} dias</strong>","_[other]":"<strong>{{n}} dias</strong>"},"nRemainMinutes":{"_":"{[ plural(n) ]}","_[one]":"e <strong>{{n}} minuto</strong>","_[two]":"e <strong>{{n}} minutos</strong>","_[few]":"e <strong>{{n}} minutos</strong>","_[many]":"e <strong>{{n}} minutos</strong>","_[other]":"e <strong>{{n}} minutos</strong>"},"ac_classic_clock_alarm_opus":{"_":"Zunido clássico"},"ac_classic_clock_alarm_prog_opus2":{"_":"Pulse Progressive"},"ac_classic_clock_radio_opus":{"_":"Pulso clássico"},"ac_normal_gem_echoes_opus":{"_":"Ecos de Cristal"},"ac_soft_smooth_strings_opus":{"_":"Acordes suaves"},"ac_soft_humming_waves_opus":{"_":"Ondas Cintilantes"},"ac_normal_ringing_strings_opus":{"_":"Acordes de violão"},"ac_soft_into_the_void_opus":{"_":"No Vazio"},"ac_classic_clock_alarm_prog_opus":{"_":"Progressivo clássico"},"snooze":{"_":"Soneca"}}