{"weekday-0-long":{"_":"duminică"},"weekday-1-long":{"_":"luni"},"weekday-2-long":{"_":"marți"},"weekday-3-long":{"_":"miercuri"},"weekday-4-long":{"_":"joi"},"weekday-5-long":{"_":"vineri"},"weekday-6-long":{"_":"sâmbătă"},"weekday-0-short":{"_":"dum"},"weekday-1-short":{"_":"lun"},"weekday-2-short":{"_":"mar"},"weekday-3-short":{"_":"mie"},"weekday-4-short":{"_":"joi"},"weekday-5-short":{"_":"vin"},"weekday-6-short":{"_":"sâm"},"month-0-long":{"_":"ianuarie"},"month-1-long":{"_":"februarie"},"month-2-long":{"_":"martie"},"month-3-long":{"_":"aprilie"},"month-4-long":{"_":"mai"},"month-5-long":{"_":"iunie"},"month-6-long":{"_":"iulie"},"month-7-long":{"_":"august"},"month-8-long":{"_":"septembrie"},"month-9-long":{"_":"octombrie"},"month-10-long":{"_":"noiembrie"},"month-11-long":{"_":"decembrie"},"month-0-genitive":{"_":"ianuarie"},"month-1-genitive":{"_":"februarie"},"month-2-genitive":{"_":"martie"},"month-3-genitive":{"_":"aprilie"},"month-4-genitive":{"_":"mai"},"month-5-genitive":{"_":"iunie"},"month-6-genitive":{"_":"iulie"},"month-7-genitive":{"_":"august"},"month-8-genitive":{"_":"septembrie"},"month-9-genitive":{"_":"octombrie"},"month-10-genitive":{"_":"noiembrie"},"month-11-genitive":{"_":"decembrie"},"month-0-short":{"_":"ian"},"month-1-short":{"_":"feb"},"month-2-short":{"_":"mar"},"month-3-short":{"_":"apr"},"month-4-short":{"_":"mai"},"month-5-short":{"_":"iun"},"month-6-short":{"_":"iul"},"month-7-short":{"_":"aug"},"month-8-short":{"_":"sep"},"month-9-short":{"_":"oct"},"month-10-short":{"_":"noi"},"month-11-short":{"_":"dec"},"minutes-ago-long":{"_":"{[ plural(value) ]}","_[zero]":"chiar acum","_[one]":"acum un minut","_[two]":"acum {{value}} minute","_[few]":"acum {{value}} minute","_[many]":"acum {{value}} minute","_[other]":"acum {{value}} minute"},"hours-ago-long":{"_":"{[ plural(value) ]}","_[zero]":"chiar acum","_[one]":"acum cu o oră","_[two]":"acum {{value}} ore","_[few]":"acum {{value}} ore","_[many]":"acum {{value}} ore","_[other]":"acum {{value}} ore"},"days-ago-long":{"_":"{[ plural(value) ]}","_[zero]":"astăzi","_[one]":"ieri","_[two]":"acum {{value}} zile","_[few]":"acum {{value}} zile","_[many]":"acum {{value}} zile","_[other]":"acum {{value}} zile"},"weeks-ago-long":{"_":"{[ plural(value) ]}","_[zero]":"săptămâna aceasta","_[one]":"săptămâna trecută","_[two]":"acum {{value}} săptămâni","_[few]":"acum {{value}} săptămâni","_[many]":"acum {{value}} săptămâni","_[other]":"acum {{value}} săptămâni"},"months-ago-long":{"_":"{[ plural(value) ]}","_[zero]":"luna aceasta","_[one]":"luna trecută","_[two]":"acum {{value}} luni","_[few]":"acum {{value}} luni","_[many]":"acum {{value}} luni","_[other]":"acum {{value}} luni"},"years-ago-long":{"_":"{[ plural(value) ]}","_[zero]":"anul acesta","_[one]":"anul trecut","_[two]":"acum {{value}} ani","_[few]":"acum {{value}} ani","_[many]":"acum {{value}} ani","_[other]":"acum {{value}} ani"},"minutes-until-long":{"_":"{[ plural(value) ]}","_[zero]":"acum","_[one]":"într-un minut","_[two]":"în {{value}} minute","_[few]":"în {{value}} minute","_[many]":"în {{value}} minute","_[other]":"în {{value}} minute"},"hours-until-long":{"_":"{[ plural(value) ]}","_[zero]":"acum","_[one]":"într-o oră","_[two]":"în {{value}} ore","_[few]":"în {{value}} ore","_[many]":"în {{value}} ore","_[other]":"în {{value}} ore"},"days-until-long":{"_":"{[ plural(value) ]}","_[zero]":"astăzi","_[one]":"mâine","_[two]":"în {{value}} zile","_[few]":"în {{value}} zile","_[many]":"în {{value}} zile","_[other]":"în {{value}} zile"},"weeks-until-long":{"_":"{[ plural(value) ]}","_[zero]":"săptămâna aceasta","_[one]":"săptămâna următoare","_[two]":"în {{value}} săptămâni","_[few]":"în {{value}} săptămâni","_[many]":"în {{value}} săptămâni","_[other]":"în {{value}} săptămâni"},"months-until-long":{"_":"{[ plural(value) ]}","_[zero]":"luna aceasta","_[one]":"luna următoare","_[two]":"în {{value}} luni","_[few]":"în {{value}} luni","_[many]":"în {{value}} luni","_[other]":"în {{value}} luni"},"years-until-long":{"_":"{[ plural(value) ]}","_[zero]":"anul acesta","_[one]":"anul următor","_[two]":"în {{value}} ani","_[few]":"în {{value}} ani","_[many]":"în {{value}} ani","_[other]":"în {{value}} ani"},"minutes-ago-short":{"_":"{[ plural(value) ]}","_[zero]":"chiar acum","_[other]":"acum {{value}} min."},"hours-ago-short":{"_":"{[ plural(value) ]}","_[zero]":"chiar acum","_[other]":"acum {{value}}h"},"days-ago-short":{"_":"{[ plural(value) ]}","_[zero]":"astăzi","_[other]":"acum {{value}}z"},"minutes-until-short":{"_":"{[ plural(value) ]}","_[zero]":"acum","_[other]":"în {{value}}m"},"hours-until-short":{"_":"{[ plural(value) ]}","_[zero]":"acum","_[other]":"în {{value}}h"},"days-until-short":{"_":"{[ plural(value) ]}","_[zero]":"astăzi","_[other]":"în {{value}}z"},"incorrectDate":{"_":"(dată incorectă)"},"dateTimeFormat_%c":{"_":"%a, %e %b %Y %H:%M:%S"},"dateTimeFormat_%x":{"_":"%d/%m/%Y"},"dateTimeFormat_%X":{"_":"%H:%M:%S"},"shortTimeFormat":{"_":"%H:%M"},"shortDateTimeFormat":{"_":"%x %H:%M"},"weekStartsOnMonday":{"_":"0"},"time_am":{"_":"AM"},"time_pm":{"_":"PM"},"reset":{"_":"Resetează"},"start":{"_":"Start"},"stop":{"_":"Stop"},"cancel":{"_":"Renunță"},"hour":{"_":"Oră"},"hours":{"_":"Ore"},"minute":{"_":"Minut"},"minutes":{"_":"Minute"},"enable":{"_":"Activează"},"back":{"_":"Înapoi"},"label":{"_":"Etichetă"},"alarm":{"_":"Alarmă"},"timer":{"_":"Temporizator"},"stopwatch":{"_":"Cronometru"},"alarmName":{"placeholder":"Numele alarmei"},"newAlarm":{"_":"Alarmă nouă"},"editAlarm":{"_":"Editează alarma"},"pause":{"_":"Pauză"},"resume":{"_":"Reia"},"lap":{"_":"Tur"},"lap-number":{"_":"Tur {{n}}"},"delete":{"_":"Șterge"},"time":{"_":"Oră"},"snooze-label":{"_":"Amână"},"snooze-button":{"_":"Amână"},"repeat":{"_":"Repetă"},"vibrate":{"_":"Vibrații"},"close":{"_":"Închide"},"save":{"_":"Salvează"},"done":{"_":"Gata"},"default":{"_":"Implicit"},"color":{"_":"Culoare"},"sound":{"_":"Sunet"},"noSound":{"_":"Fără sunet"},"everyday":{"_":"În fiecare zi"},"weekdays":{"_":"Zilele săptămânii"},"weekends":{"_":"Weekenduri"},"never":{"_":"Niciodată"},"vibrateOn":{"_":"Activat"},"vibrateOff":{"_":"Dezactivat"},"plusMinute":{"_":"+1 min"},"dateFormat":{"_":"%A, %e %B"},"countdown-lessThanAnHour":{"_":"Alarma e setată peste <strong>{{minutes}}</strong> din acest moment."},"countdown-moreThanAnHour":{"_":"Alarma e setată peste {{hours}} {{minutes}} din acest moment."},"countdown-moreThanADay":{"_":"Alarma e setată peste {{days}} {{hours}} din acest moment."},"nMinutes":{"_":"{[ plural(n) ]}","_[zero]":"mai puțin de un minut","_[one]":"un minut","_[two]":"{{n}} minute","_[few]":"{{n}} minute","_[many]":"{{n}} minute","_[other]":"{{n}} minute"},"nHours":{"_":"{[ plural(n) ]}","_[one]":"<strong>{{n}} oră</strong>","_[two]":"<strong>{{n}} ore</strong>","_[few]":"<strong>{{n}} ore</strong>","_[many]":"<strong>{{n}} ore</strong>","_[other]":"<strong>{{n}} ore</strong>"},"nAndRemainHours":{"_":"{[ plural(n) ]}","_[one]":"și <strong>{{n}} oră</strong>","_[two]":"și <strong>{{n}} ore</strong>","_[few]":"și <strong>{{n}} ore</strong>","_[many]":"și <strong>{{n}} ore</strong>","_[other]":"și <strong>{{n}} ore</strong>"},"nRemainDays":{"_":"{[ plural(n) ]}","_[one]":"<strong>{{n}} zi</strong>","_[two]":"<strong>{{n}} zile</strong>","_[few]":"<strong>{{n}} zile</strong>","_[many]":"<strong>{{n}} zile</strong>","_[other]":"<strong>{{n}} zile</strong>"},"nRemainMinutes":{"_":"{[ plural(n) ]}","_[one]":"și <strong>{{n}} minut</strong>","_[two]":"și <strong>{{n}} minute</strong>","_[few]":"și <strong>{{n}} minute</strong>","_[many]":"și <strong>{{n}} minute</strong>","_[other]":"și <strong>{{n}} minute</strong>"},"ac_classic_clock_alarm_opus":{"_":"Classic Buzz"},"ac_classic_clock_alarm_prog_opus2":{"_":"Pulse Progressive"},"ac_classic_clock_radio_opus":{"_":"Classic Pulse"},"ac_normal_gem_echoes_opus":{"_":"Gem Echoes"},"ac_soft_smooth_strings_opus":{"_":"Smooth Strings"},"ac_soft_humming_waves_opus":{"_":"Shimmering Waves"},"ac_normal_ringing_strings_opus":{"_":"Ringing Strings"},"ac_soft_into_the_void_opus":{"_":"Into the Void"}}