{"weekday-0-long":{"_":"Воскресенье"},"weekday-1-long":{"_":"Понедельник"},"weekday-2-long":{"_":"Вторник"},"weekday-3-long":{"_":"Среда"},"weekday-4-long":{"_":"Четверг"},"weekday-5-long":{"_":"Пятница"},"weekday-6-long":{"_":"Суббота"},"weekday-0-short":{"_":"Вс"},"weekday-1-short":{"_":"Пн"},"weekday-2-short":{"_":"Вт"},"weekday-3-short":{"_":"Ср"},"weekday-4-short":{"_":"Чт"},"weekday-5-short":{"_":"Пт"},"weekday-6-short":{"_":"Сб"},"month-0-long":{"_":"Январь"},"month-1-long":{"_":"Февраль"},"month-2-long":{"_":"Март"},"month-3-long":{"_":"Апрель"},"month-4-long":{"_":"Май"},"month-5-long":{"_":"Июнь"},"month-6-long":{"_":"Июль"},"month-7-long":{"_":"Август"},"month-8-long":{"_":"Сентябрь"},"month-9-long":{"_":"Октябрь"},"month-10-long":{"_":"Ноябрь"},"month-11-long":{"_":"Декабрь"},"month-0-genitive":{"_":"января"},"month-1-genitive":{"_":"февраля"},"month-2-genitive":{"_":"марта"},"month-3-genitive":{"_":"апреля"},"month-4-genitive":{"_":"мая"},"month-5-genitive":{"_":"июня"},"month-6-genitive":{"_":"июля"},"month-7-genitive":{"_":"августа"},"month-8-genitive":{"_":"сентября"},"month-9-genitive":{"_":"октября"},"month-10-genitive":{"_":"ноября"},"month-11-genitive":{"_":"декабря"},"month-0-short":{"_":"Январь"},"month-1-short":{"_":"Февраль"},"month-2-short":{"_":"Март"},"month-3-short":{"_":"Апрель"},"month-4-short":{"_":"Май"},"month-5-short":{"_":"Июнь"},"month-6-short":{"_":"Июль"},"month-7-short":{"_":"Август"},"month-8-short":{"_":"Сентябрь"},"month-9-short":{"_":"Октябрь"},"month-10-short":{"_":"Ноябрь"},"month-11-short":{"_":"Декабрь"},"minutes-ago-long":{"_":"{[ plural(value) ]}","_[zero]":"прямо сейчас","_[one]":"{{value}} минуту назад","_[two]":"{{value}} минуты назад","_[few]":"{{value}} минуты назад","_[many]":"{{value}} минут назад","_[other]":"{{value}} минут назад"},"hours-ago-long":{"_":"{[ plural(value) ]}","_[zero]":"прямо сейчас","_[one]":"{{value}} час назад","_[two]":"{{value}} часа назад","_[few]":"{{value}} часа назад","_[many]":"{{value}} часов назад","_[other]":"{{value}} часов назад"},"days-ago-long":{"_":"{[ plural(value) ]}","_[zero]":"сегодня","_[one]":"{{value}} день назад","_[two]":"{{value}} дня назад","_[few]":"{{value}} дня назад","_[many]":"{{value}} дней назад","_[other]":"{{value}} дней назад"},"weeks-ago-long":{"_":"{[ plural(value) ]}","_[zero]":"эта неделя","_[one]":"{{value}} неделя назад","_[two]":"{{value}} недели назад","_[few]":"{{value}} недели назад","_[many]":"{{value}} недель назад","_[other]":"{{value}} недель назад"},"months-ago-long":{"_":"{[ plural(value) ]}","_[zero]":"этот месяц","_[one]":"{{value}} месяц назад","_[two]":"{{value}} месяца назад","_[few]":"{{value}} месяца назад","_[many]":"{{value}} месяцев назад","_[other]":"{{value}} месяцев назад"},"years-ago-long":{"_":"{[ plural(value) ]}","_[zero]":"этот год","_[one]":"{{value}} год назад","_[two]":"{{value}} года назад","_[few]":"{{value}} года назад","_[many]":"{{value}} лет назад","_[other]":"{{value}} лет назад"},"minutes-until-long":{"_":"{[ plural(value) ]}","_[zero]":"сейчас","_[one]":"через {{value}} минуту","_[two]":"через {{value}} минуты","_[few]":"через {{value}} минуты","_[many]":"через {{value}} минут","_[other]":"через {{value}} минут"},"hours-until-long":{"_":"{[ plural(value) ]}","_[zero]":"сейчас","_[one]":"через {{value}} час","_[two]":"через {{value}} часа","_[few]":"через {{value}} часа","_[many]":"через {{value}} часов","_[other]":"через {{value}} часов"},"days-until-long":{"_":"{[ plural(value) ]}","_[zero]":"сегодня","_[one]":"через {{value}} день","_[two]":"через {{value}} дня","_[few]":"через {{value}} дня","_[many]":"через {{value}} дней","_[other]":"через {{value}} дней"},"weeks-until-long":{"_":"{[ plural(value) ]}","_[zero]":"эта неделя","_[one]":"через {{value}} неделю","_[two]":"через {{value}} недели","_[few]":"через {{value}} недели","_[many]":"через {{value}} недель","_[other]":"через {{value}} недель"},"months-until-long":{"_":"{[ plural(value) ]}","_[zero]":"этот месяц","_[one]":"через {{value}} месяц","_[two]":"через {{value}} месяца","_[few]":"через {{value}} месяца","_[many]":"через {{value}} месяцев","_[other]":"через {{value}} месяцев"},"years-until-long":{"_":"{[ plural(value) ]}","_[zero]":"этот год","_[one]":"через {{value}} год","_[two]":"через {{value}} года","_[few]":"через {{value}} года","_[many]":"через {{value}} лет","_[other]":"через {{value}} лет"},"minutes-ago-short":{"_":"{[ plural(value) ]}","_[zero]":"сейчас","_[other]":"{{value}}м назад"},"hours-ago-short":{"_":"{[ plural(value) ]}","_[zero]":"сейчас","_[other]":"{{value}}ч назад"},"days-ago-short":{"_":"{[ plural(value) ]}","_[zero]":"сегодня","_[other]":"{{value}}д назад"},"minutes-until-short":{"_":"{[ plural(value) ]}","_[zero]":"сейчас","_[other]":"через {{value}}м"},"hours-until-short":{"_":"{[ plural(value) ]}","_[zero]":"сейчас","_[other]":"через {{value}}ч"},"days-until-short":{"_":"{[ plural(value) ]}","_[zero]":"сегодня","_[other]":"через {{value}}д"},"incorrectDate":{"_":"(некорректная дата)"},"dateTimeFormat_%c":{"_":"%a, %e %Eb %Y, %H:%M:%S"},"dateTimeFormat_%x":{"_":"%d.%m.%Y"},"dateTimeFormat_%X":{"_":"%H:%M:%S"},"shortTimeFormat":{"_":"%H:%M"},"shortDateTimeFormat":{"_":"%x %H:%M"},"weekStartsOnMonday":{"_":"1"},"time_am":{"_":"AM"},"time_pm":{"_":"PM"},"reset":{"_":"Сброс"},"start":{"_":"Запустить"},"stop":{"_":"Остановить"},"cancel":{"_":"Отменить"},"hour":{"_":"Час"},"hours":{"_":"Часы"},"minute":{"_":"Минута"},"minutes":{"_":"Минуты"},"enable":{"_":"Включить"},"back":{"_":"Назад"},"label":{"_":"Метка"},"alarm":{"_":"Будильник"},"timer":{"_":"Таймер"},"stopwatch":{"_":"Секундомер"},"alarmName":{"placeholder":"Имя будильника"},"newAlarm":{"_":"Создание"},"editAlarm":{"_":"Изменение"},"pause":{"_":"Приостановить"},"resume":{"_":"Возобновить"},"lap":{"_":"Круг"},"lap-number":{"_":"Круг {{n}}"},"delete":{"_":"Удалить"},"time":{"_":"Время"},"snooze-label":{"_":"Вздремнуть"},"snooze-button":{"_":"Вздремнуть"},"repeat":{"_":"Повторять"},"vibrate":{"_":"Вибрация"},"close":{"_":"Закрыть"},"save":{"_":"Сохранить"},"done":{"_":"Готово"},"default":{"_":"По умолчанию"},"color":{"_":"Цвет"},"sound":{"_":"Звук"},"noSound":{"_":"Без звука"},"everyday":{"_":"Каждый день"},"weekdays":{"_":"Будни"},"weekends":{"_":"Выходные"},"never":{"_":"Никогда"},"vibrateOn":{"_":"Включена"},"vibrateOff":{"_":"Отключена"},"plusMinute":{"_":"+1 мин"},"dateFormat":{"_":"%A, %e %Eb"},"countdown-lessThanAnHour":{"_":"Будильник сработает через <strong>{{minutes}}</strong>."},"countdown-moreThanAnHour":{"_":"Будильник сработает через {{hours}} {{minutes}}."},"countdown-moreThanADay":{"_":"Будильник сработает через {{days}} {{hours}}."},"nMinutes":{"_":"{[ plural(n) ]}","_[zero]":"меньше чем минуту","_[one]":"{{n}} минуту","_[two]":"{{n}} минуты","_[few]":"{{n}} минуты","_[many]":"{{n}} минут","_[other]":"{{n}} минут"},"nHours":{"_":"{[ plural(n) ]}","_[one]":"<strong>{{n}} час</strong>","_[two]":"<strong>{{n}} часа</strong>","_[few]":"<strong>{{n}} часа</strong>","_[many]":"<strong>{{n}} часов</strong>","_[other]":"<strong>{{n}} часов</strong>","_[zero]":" "},"nAndRemainHours":{"_":"{[ plural(n) ]}","_[one]":"и <strong>{{n}} час</strong>","_[two]":"и <strong>{{n}} часа</strong>","_[few]":"и <strong>{{n}} часа</strong>","_[many]":"и <strong>{{n}} часов</strong>","_[other]":"и <strong>{{n}} часов</strong>","_[zero]":" "},"nRemainDays":{"_":"{[ plural(n) ]}","_[one]":"<strong>{{n}} день</strong>","_[two]":"<strong>{{n}} дня</strong>","_[few]":"<strong>{{n}} дня</strong>","_[many]":"<strong>{{n}} дней</strong>","_[other]":"<strong>{{n}} дней</strong>","_[zero]":" "},"nRemainMinutes":{"_":"{[ plural(n) ]}","_[one]":"<strong>{{n}} минуту</strong>","_[two]":"<strong>{{n}} минуты</strong>","_[few]":"<strong>{{n}} минуты</strong>","_[many]":"<strong>{{n}} минут</strong>","_[other]":"<strong>{{n}} минут</strong>","_[zero]":" "},"ac_classic_clock_alarm_opus":{"_":"Обычный гудок"},"ac_classic_clock_alarm_prog_opus2":{"_":"Нарастающий гудок"},"ac_classic_clock_radio_opus":{"_":"Зуммер"},"ac_normal_gem_echoes_opus":{"_":"Эхо самоцветов"},"ac_soft_smooth_strings_opus":{"_":"Мягкие струны"},"ac_soft_humming_waves_opus":{"_":"Мерцающие волны"},"ac_normal_ringing_strings_opus":{"_":"Звенящие струны"},"ac_soft_into_the_void_opus":{"_":"В пустоту"}}