{"weekday-0-long":{"_":"Nedeľa"},"weekday-1-long":{"_":"Pondelok"},"weekday-2-long":{"_":"Utorok"},"weekday-3-long":{"_":"Streda"},"weekday-4-long":{"_":"Štvrtok"},"weekday-5-long":{"_":"Piatok"},"weekday-6-long":{"_":"Sobota"},"weekday-0-short":{"_":"Ne"},"weekday-1-short":{"_":"Po"},"weekday-2-short":{"_":"Ut"},"weekday-3-short":{"_":"St"},"weekday-4-short":{"_":"Št"},"weekday-5-short":{"_":"Pi"},"weekday-6-short":{"_":"So"},"month-0-long":{"_":"Január"},"month-1-long":{"_":"Február"},"month-2-long":{"_":"Marec"},"month-3-long":{"_":"Apríl"},"month-4-long":{"_":"Máj"},"month-5-long":{"_":"Jún"},"month-6-long":{"_":"Júl"},"month-7-long":{"_":"August"},"month-8-long":{"_":"September"},"month-9-long":{"_":"Október"},"month-10-long":{"_":"November"},"month-11-long":{"_":"December"},"month-0-genitive":{"_":"januára"},"month-1-genitive":{"_":"februára"},"month-2-genitive":{"_":"marca"},"month-3-genitive":{"_":"apríla"},"month-4-genitive":{"_":"mája"},"month-5-genitive":{"_":"júna"},"month-6-genitive":{"_":"júla"},"month-7-genitive":{"_":"augusta"},"month-8-genitive":{"_":"septembra"},"month-9-genitive":{"_":"októbra"},"month-10-genitive":{"_":"novembra"},"month-11-genitive":{"_":"decembra"},"month-0-short":{"_":"jan"},"month-1-short":{"_":"feb"},"month-2-short":{"_":"mar"},"month-3-short":{"_":"apr"},"month-4-short":{"_":"máj"},"month-5-short":{"_":"jún"},"month-6-short":{"_":"júl"},"month-7-short":{"_":"aug"},"month-8-short":{"_":"sep"},"month-9-short":{"_":"okt"},"month-10-short":{"_":"nov"},"month-11-short":{"_":"dec"},"minutes-ago-long":{"_":"{[ plural(value) ]}","_[zero]":"teraz","_[one]":"pred minútou","_[two]":"pred {{value}} minútami","_[few]":"pred {{value}} minútami","_[many]":"pred {{value}} minútami","_[other]":"pred {{value}} minútami"},"hours-ago-long":{"_":"{[ plural(value) ]}","_[zero]":"teraz","_[one]":"pred hodinou","_[two]":"pred {{value}} hodinami","_[few]":"pred {{value}} hodinami","_[many]":"pred {{value}} hodinami","_[other]":"pred {{value}} hodinami"},"days-ago-long":{"_":"{[ plural(value) ]}","_[zero]":"dnes","_[one]":"včera","_[two]":"pred {{value}} dňami","_[few]":"pred {{value}} dňami","_[many]":"pred {{value}} dňami","_[other]":"pred {{value}} dňami"},"weeks-ago-long":{"_":"{[ plural(value) ]}","_[zero]":"tento týždeň","_[one]":"minulý týždeň","_[two]":"pred {{value}} týždňami","_[few]":"pred {{value}} týždňami","_[many]":"pred {{value}} týždňami","_[other]":"pred {{value}} týždňami"},"months-ago-long":{"_":"{[ plural(value) ]}","_[zero]":"tento mesiac","_[one]":"minulý mesiac","_[two]":"pred {{value}} mesiacmi","_[few]":"pred {{value}} mesiacmi","_[many]":"pred {{value}} mesiacmi","_[other]":"pred {{value}} mesiacmi"},"years-ago-long":{"_":"{[ plural(value) ]}","_[zero]":"tento rok","_[one]":"minulý rok","_[two]":"pred {{value}} rokmi","_[few]":"pred {{value}} rokmi","_[many]":"pred {{value}} rokmi","_[other]":"pred {{value}} rokmi"},"minutes-until-long":{"_":"{[ plural(value) ]}","_[zero]":"teraz","_[one]":"o minútu","_[two]":"o {{value}} minúty","_[few]":"o {{value}} minúty","_[many]":"o {{value}} minút","_[other]":"o {{value}} minút"},"hours-until-long":{"_":"{[ plural(value) ]}","_[zero]":"teraz","_[one]":"o hodinu","_[two]":"o {{value}} hodiny","_[few]":"o {{value}} hodiny","_[many]":"o {{value}} hodín","_[other]":"o {{value}} hodín"},"days-until-long":{"_":"{[ plural(value) ]}","_[zero]":"dnes","_[one]":"zajtra","_[two]":"o {{value}} dni","_[few]":"o {{value}} dni","_[many]":"o {{value}} dní","_[other]":"o {{value}} dní"},"weeks-until-long":{"_":"{[ plural(value) ]}","_[zero]":"tento týždeň","_[one]":"budúci týždeň","_[two]":"o {{value}} týždne","_[few]":"o {{value}} týždne","_[many]":"o {{value}} týždňov","_[other]":"o {{value}} týždňov"},"months-until-long":{"_":"{[ plural(value) ]}","_[zero]":"tento mesiac","_[one]":"budúci mesiac","_[two]":"o {{value}} mesiace","_[few]":"o {{value}} mesiace","_[many]":"o {{value}} mesiacov","_[other]":"o {{value}} mesiacov"},"years-until-long":{"_":"{[ plural(value) ]}","_[zero]":"tento rok","_[one]":"budúci rok","_[two]":"o {{value}} roky","_[few]":"o {{value}} roky","_[many]":"o {{value}} rokov","_[other]":"o {{value}} rokov"},"minutes-ago-short":{"_":"{[ plural(value) ]}","_[zero]":"teraz","_[other]":"pred {{value}}m"},"hours-ago-short":{"_":"{[ plural(value) ]}","_[zero]":"teraz","_[other]":"pred {{value}}h"},"days-ago-short":{"_":"{[ plural(value) ]}","_[zero]":"dnes","_[other]":"pred {{value}}d"},"minutes-until-short":{"_":"{[ plural(value) ]}","_[zero]":"teraz","_[other]":"o {{value}}m"},"hours-until-short":{"_":"{[ plural(value) ]}","_[zero]":"teraz","_[other]":"o {{value}}h"},"days-until-short":{"_":"{[ plural(value) ]}","_[zero]":"dnes","_[other]":"o {{value}}d"},"incorrectDate":{"_":"(neplatný dátum)"},"dateTimeFormat_%c":{"_":"%a, %e. %b %Y %H:%M:%S"},"dateTimeFormat_%x":{"_":"%d.%m.%Y"},"dateTimeFormat_%X":{"_":"%H:%M:%S"},"shortTimeFormat":{"_":"%H:%M"},"shortDateTimeFormat":{"_":"%x %H:%M"},"weekStartsOnMonday":{"_":"1"},"time_am":{"_":"AM"},"time_pm":{"_":"PM"},"reset":{"_":"Vynulovať"},"start":{"_":"Spustiť"},"stop":{"_":"Zastaviť"},"cancel":{"_":"Zrušiť"},"hour":{"_":"Hodina"},"hours":{"_":"Hodiny"},"minute":{"_":"Minúta"},"minutes":{"_":"Minúty"},"enable":{"_":"Povoliť"},"back":{"_":"Naspäť"},"label":{"_":"Názov"},"alarm":{"_":"Budík"},"timer":{"_":"Časovač"},"stopwatch":{"_":"Stopky"},"alarmName":{"placeholder":"Názov budíka"},"newAlarm":{"_":"Nový budík"},"editAlarm":{"_":"Úprava budíka"},"pause":{"_":"Pozastaviť"},"resume":{"_":"Pokračovať"},"lap":{"_":"Kolo"},"lap-number":{"_":"Kolo {{n}}"},"delete":{"_":"Odstrániť"},"time":{"_":"Čas"},"snooze-label":{"_":"Odložiť"},"snooze-button":{"_":"Odložiť"},"repeat":{"_":"Opakovať"},"vibrate":{"_":"Vibrovanie"},"close":{"_":"Zavrieť"},"save":{"_":"Uložiť"},"done":{"_":"Hotovo"},"default":{"_":"Predvolené"},"color":{"_":"Farba"},"sound":{"_":"Zvuk"},"noSound":{"_":"Bez zvuku"},"everyday":{"_":"Každý deň"},"weekdays":{"_":"Pracovné dni"},"weekends":{"_":"Víkendy"},"never":{"_":"Nikdy"},"vibrateOn":{"_":"Zapnuté"},"vibrateOff":{"_":"Vypnuté"},"plusMinute":{"_":"+1 min"},"dateFormat":{"_":"%A, %e. %Eb"},"countdown-lessThanAnHour":{"_":"Tento budík sa spustí o <strong>{{minutes}}</strong>."},"countdown-moreThanAnHour":{"_":"Tento budík sa spustí o {{hours}} {{minutes}}."},"countdown-moreThanADay":{"_":"Tento budík sa spustí o {{days}} {{hours}}."},"nMinutes":{"_":"{[ plural(n) ]}","_[zero]":"menej ako minútu","_[one]":"jednu minútu","_[two]":"{{n}} minúty","_[few]":"{{n}} minúty","_[many]":"{{n}} minút","_[other]":"{{n}} minút"},"nHours":{"_":"{[ plural(n) ]}","_[one]":"<strong>{{n}} hodinu</strong>","_[two]":"<strong>{{n}} hodiny</strong>","_[few]":"<strong>{{n}} hodiny</strong>","_[many]":"<strong>{{n}} hodín</strong>","_[other]":"<strong>{{n}} hodín</strong>"},"nAndRemainHours":{"_":"{[ plural(n) ]}","_[one]":"a <strong>{{n}} hodinu</strong>","_[two]":"a <strong>{{n}} hodiny</strong>","_[few]":"a <strong>{{n}} hodiny</strong>","_[many]":"a <strong>{{n}} hodín</strong>","_[other]":"a <strong>{{n}} hodín</strong>"},"nRemainDays":{"_":"{[ plural(n) ]}","_[one]":"<strong>{{n}} deň</strong>","_[two]":"<strong>{{n}} dni</strong>","_[few]":"<strong>{{n}} dni</strong>","_[many]":"<strong>{{n}} dní</strong>","_[other]":"<strong>{{n}} dní</strong>"},"nRemainMinutes":{"_":"{[ plural(n) ]}","_[one]":"a <strong>{{n}} minútu</strong>","_[two]":"a <strong>{{n}} minúty</strong>","_[few]":"a <strong>{{n}} minúty</strong>","_[many]":"a <strong>{{n}} minút</strong>","_[other]":"a <strong>{{n}} minút</strong>"},"ac_classic_clock_alarm_opus":{"_":"Classic Buzz"},"ac_classic_clock_alarm_prog_opus2":{"_":"Pulse Progressive"},"ac_classic_clock_radio_opus":{"_":"Classic Pulse"},"ac_normal_gem_echoes_opus":{"_":"Gem Echoes"},"ac_soft_smooth_strings_opus":{"_":"Smooth Strings"},"ac_soft_humming_waves_opus":{"_":"Shimmering Waves"},"ac_normal_ringing_strings_opus":{"_":"Ringing Strings"},"ac_soft_into_the_void_opus":{"_":"Into the Void"}}