{"weekday-0-long":{"_":"E diel"},"weekday-1-long":{"_":"E hënë"},"weekday-2-long":{"_":"E martë"},"weekday-3-long":{"_":"E mërkurë"},"weekday-4-long":{"_":"E enjte"},"weekday-5-long":{"_":"E premte"},"weekday-6-long":{"_":"E shtunë"},"weekday-0-short":{"_":"Die"},"weekday-1-short":{"_":"Hën"},"weekday-2-short":{"_":"Mar"},"weekday-3-short":{"_":"Mër"},"weekday-4-short":{"_":"Enj"},"weekday-5-short":{"_":"Pre"},"weekday-6-short":{"_":"Sht"},"month-0-long":{"_":"Janar"},"month-1-long":{"_":"Shkurt"},"month-2-long":{"_":"Mars"},"month-3-long":{"_":"Prill"},"month-4-long":{"_":"Maj"},"month-5-long":{"_":"Qershor"},"month-6-long":{"_":"Korrik"},"month-7-long":{"_":"Gusht"},"month-8-long":{"_":"Shtator"},"month-9-long":{"_":"Tetor"},"month-10-long":{"_":"Nëntor"},"month-11-long":{"_":"Dhjetor"},"month-0-genitive":{"_":"të Janarit"},"month-1-genitive":{"_":"të Shkurtit"},"month-2-genitive":{"_":"të Marsit"},"month-3-genitive":{"_":"të Prillit"},"month-4-genitive":{"_":"të Majit"},"month-5-genitive":{"_":"të Qershorit"},"month-6-genitive":{"_":"të Korrikut"},"month-7-genitive":{"_":"të Gushtit"},"month-8-genitive":{"_":"të Shtatorit"},"month-9-genitive":{"_":"të Tetorit"},"month-10-genitive":{"_":"të Nëntorit"},"month-11-genitive":{"_":"të Dhjetorit"},"month-0-short":{"_":"Jan"},"month-1-short":{"_":"Shk"},"month-2-short":{"_":"Mar"},"month-3-short":{"_":"Pri"},"month-4-short":{"_":"Maj"},"month-5-short":{"_":"Qer"},"month-6-short":{"_":"Kor"},"month-7-short":{"_":"Gus"},"month-8-short":{"_":"Sht"},"month-9-short":{"_":"Tet"},"month-10-short":{"_":"Nën"},"month-11-short":{"_":"Dhj"},"minutes-ago-long":{"_":"{[ plural(value) ]}","_[zero]":"mu tani","_[one]":"një minutë më parë","_[two]":"{{value}} minuta më parë","_[few]":"{{value}} minuta më parë","_[many]":"{{value}} minuta më parë","_[other]":"{{value}} minuta më parë"},"hours-ago-long":{"_":"{[ plural(value) ]}","_[zero]":"mu tani","_[one]":"një orë më parë","_[two]":"{{value}} orë më parë","_[few]":"{{value}} orë më parë","_[many]":"{{value}} orë më parë","_[other]":"{{value}} orë më parë"},"days-ago-long":{"_":"{[ plural(value) ]}","_[zero]":"sot","_[one]":"dje","_[two]":"{{value}} ditë më parë","_[few]":"{{value}} ditë më parë","_[many]":"{{value}} ditë më parë","_[other]":"{{value}} ditë më parë"},"weeks-ago-long":{"_":"{[ plural(value) ]}","_[zero]":"këtë javë","_[one]":"javën e kaluar","_[two]":"{{value}} javë më parë","_[few]":"{{value}} javë më parë","_[many]":"{{value}} javë më parë","_[other]":"{{value}} javë më parë"},"months-ago-long":{"_":"{[ plural(value) ]}","_[zero]":"këtë muaj","_[one]":"muajin e kaluar","_[two]":"{{value}} muaj më parë","_[few]":"{{value}} muaj më parë","_[many]":"{{value}} muaj më parë","_[other]":"{{value}} muaj më parë"},"years-ago-long":{"_":"{[ plural(value) ]}","_[zero]":"këtë vit","_[one]":"vitin e kaluar","_[two]":"{{value}} vite më parë","_[few]":"{{value}} vite më parë","_[many]":"{{value}} vite më parë","_[other]":"{{value}} vite më parë"},"minutes-until-long":{"_":"{[ plural(value) ]}","_[zero]":"tani","_[one]":"për një minutë","_[two]":"për {{value}} minuta","_[few]":"për {{value}} minuta","_[many]":"për {{value}} minuta","_[other]":"për {{value}} minuta"},"hours-until-long":{"_":"{[ plural(value) ]}","_[zero]":"tani","_[one]":"për një orë","_[two]":"për {{value}} orë","_[few]":"për {{value}} orë","_[many]":"për {{value}} orë","_[other]":"për {{value}} orë"},"days-until-long":{"_":"{[ plural(value) ]}","_[zero]":"sot","_[one]":"nesër","_[two]":"për {{value}} ditë","_[few]":"për {{value}} ditë","_[many]":"për {{value}} ditë","_[other]":"për {{value}} ditë"},"weeks-until-long":{"_":"{[ plural(value) ]}","_[zero]":"këtë javë","_[one]":"javën pasuese","_[two]":"për {{value}} javë","_[few]":"për {{value}} javë","_[many]":"për {{value}} javë","_[other]":"për {{value}} javë"},"months-until-long":{"_":"{[ plural(value) ]}","_[zero]":"këtë muaj","_[one]":"muajin pasues","_[two]":"për {{value}} muaj","_[few]":"për {{value}} muaj","_[many]":"për {{value}} muaj","_[other]":"për {{value}} muaj"},"years-until-long":{"_":"{[ plural(value) ]}","_[zero]":"këtë vit","_[one]":"vitin pasues","_[two]":"për {{value}} vjet","_[few]":"për {{value}} vjet","_[many]":"për {{value}} vjet","_[other]":"për {{value}} vjet"},"minutes-ago-short":{"_":"{[ plural(value) ]}","_[zero]":"mu tani","_[other]":"{{value}}m më parë"},"hours-ago-short":{"_":"{[ plural(value) ]}","_[zero]":"mu tani","_[other]":"{{value}}h më parë"},"days-ago-short":{"_":"{[ plural(value) ]}","_[zero]":"sot","_[other]":"{{value}}d më parë"},"minutes-until-short":{"_":"{[ plural(value) ]}","_[zero]":"tani","_[other]":"për {{value}}m"},"hours-until-short":{"_":"{[ plural(value) ]}","_[zero]":"tani","_[other]":"për {{value}}h"},"days-until-short":{"_":"{[ plural(value) ]}","_[zero]":"sot","_[other]":"për {{value}}d"},"incorrectDate":{"_":"(datë e pasaktë)"},"dateTimeFormat_%c":{"_":"%a %e %b %Y %I:%M:%S %p"},"dateTimeFormat_%x":{"_":"%m/%d/%Y"},"dateTimeFormat_%X":{"_":"%I:%M:%S %p"},"shortTimeFormat":{"_":"%I:%M %p"},"shortDateTimeFormat":{"_":"%x %I:%M %p"},"weekStartsOnMonday":{"_":"0"},"time_am":{"_":"AM"},"time_pm":{"_":"PM"},"reset":{"_":"Nga e Para"},"start":{"_":"Nise"},"stop":{"_":"Ndale"},"cancel":{"_":"Anuloje"},"hour":{"_":"Orë"},"hours":{"_":"Orë"},"minute":{"_":"Minutë"},"minutes":{"_":"Minuta"},"enable":{"_":"Aktivizoje"},"back":{"_":"Mbrapsht"},"label":{"_":"Etiketë"},"alarm":{"_":"Alarm"},"timer":{"_":"Afatmatës"},"stopwatch":{"_":"Kohëmatës"},"alarmName":{"placeholder":"Emër alarmi"},"newAlarm":{"_":"Alarm i ri"},"editAlarm":{"_":"Përpunoni alarmin"},"pause":{"_":"Pushim"},"resume":{"_":"Rinise"},"lap":{"_":"Xhiro"},"lap-number":{"_":"Xhirua {{n}}"},"delete":{"_":"Fshije"},"time":{"_":"Kohë"},"snooze-label":{"_":"Dremitje"},"snooze-button":{"_":"Dremitje"},"repeat":{"_":"Përsërite"},"vibrate":{"_":"Dridhu"},"close":{"_":"Mbylle"},"save":{"_":"Ruaje"},"done":{"_":"U bë"},"default":{"_":"Parazgjedhje"},"color":{"_":"Ngjyrë"},"sound":{"_":"Tingull"},"noSound":{"_":"Pa Tingull"},"everyday":{"_":"Përditë"},"weekdays":{"_":"Ditë jave"},"weekends":{"_":"Fundjava"},"never":{"_":"Kurrë"},"vibrateOn":{"_":"On"},"vibrateOff":{"_":"Off"},"plusMinute":{"_":"+1 Min"},"dateFormat":{"_":"%A, %e %B"},"countdown-lessThanAnHour":{"_":"Alarmi është vendosur për <strong>{{minutes}}</strong> nga tani."},"countdown-moreThanAnHour":{"_":"Alarmi është vendosur për {{hours}} {{minutes}} nga tani."},"countdown-moreThanADay":{"_":"Alarmi është vendosur për {{days}} {{hours}} nga tani."},"nMinutes":{"_":"{[ plural(n) ]}","_[zero]":"më pak se një minutë","_[one]":"një minutë","_[two]":"{{n}} minuta","_[few]":"{{n}} minuta","_[many]":"{{n}} minuta","_[other]":"{{n}} minuta"},"nHours":{"_":"{[ plural(n) ]}","_[one]":"<strong>{{n}} orë</strong>","_[two]":"<strong>{{n}} orë</strong>","_[few]":"<strong>{{n}} orë</strong>","_[many]":"<strong>{{n}} orë</strong>","_[other]":"<strong>{{n}} orë</strong>"},"nAndRemainHours":{"_":"{[ plural(n) ]}","_[one]":"edhe <strong>{{n}} orë</strong>","_[two]":"edhe <strong>{{n}} orë</strong>","_[few]":"edhe <strong>{{n}} orë</strong>","_[many]":"edhe <strong>{{n}} orë</strong>","_[other]":"edhe <strong>{{n}} orë</strong>"},"nRemainDays":{"_":"{[ plural(n) ]}","_[one]":"<strong>{{n}} ditë</strong>","_[two]":"<strong>{{n}} ditë</strong>","_[few]":"<strong>{{n}} ditë</strong>","_[many]":"<strong>{{n}} ditë</strong>","_[other]":"<strong>{{n}} ditë</strong>"},"nRemainMinutes":{"_":"{[ plural(n) ]}","_[one]":"edhe <strong>{{n}} minutë</strong>","_[two]":"edhe <strong>{{n}} minuta</strong>","_[few]":"edhe <strong>{{n}} minuta</strong>","_[many]":"edhe <strong>{{n}} minuta</strong>","_[other]":"edhe <strong>{{n}} minuta</strong>"},"ac_classic_clock_alarm_opus":{"_":"Zhurmë Klasike"},"ac_classic_clock_alarm_prog_opus2":{"_":"Pulsim Progresiv"},"ac_classic_clock_radio_opus":{"_":"Pulsim Klasik"},"ac_normal_gem_echoes_opus":{"_":"Jehonë Perlash"},"ac_soft_smooth_strings_opus":{"_":"Tela të Ëmbël"},"ac_soft_humming_waves_opus":{"_":"Valë Vezulluese"},"ac_normal_ringing_strings_opus":{"_":"Tela Tringëllues"},"ac_soft_into_the_void_opus":{"_":"Nëpër Zbrazëtirë"}}