{"weekday-0-long":{"_":"Недеља"},"weekday-1-long":{"_":"Понедељак"},"weekday-2-long":{"_":"Уторак"},"weekday-3-long":{"_":"Среда"},"weekday-4-long":{"_":"Четвртак"},"weekday-5-long":{"_":"Петак"},"weekday-6-long":{"_":"Субота"},"weekday-0-short":{"_":"Нед"},"weekday-1-short":{"_":"Пон"},"weekday-2-short":{"_":"Уто"},"weekday-3-short":{"_":"Сре"},"weekday-4-short":{"_":"Чет"},"weekday-5-short":{"_":"Пет"},"weekday-6-short":{"_":"Суб"},"month-0-long":{"_":"јануар"},"month-1-long":{"_":"фебруар"},"month-2-long":{"_":"март"},"month-3-long":{"_":"април"},"month-4-long":{"_":"мај"},"month-5-long":{"_":"јун"},"month-6-long":{"_":"јул"},"month-7-long":{"_":"август"},"month-8-long":{"_":"септембар"},"month-9-long":{"_":"октобар"},"month-10-long":{"_":"новембар"},"month-11-long":{"_":"децембар"},"month-0-genitive":{"_":"јануара"},"month-1-genitive":{"_":"фебруара"},"month-2-genitive":{"_":"марта"},"month-3-genitive":{"_":"априла"},"month-4-genitive":{"_":"маја"},"month-5-genitive":{"_":"јуна"},"month-6-genitive":{"_":"јула"},"month-7-genitive":{"_":"августа"},"month-8-genitive":{"_":"септембра"},"month-9-genitive":{"_":"октобра"},"month-10-genitive":{"_":"новембра"},"month-11-genitive":{"_":"децембра"},"month-0-short":{"_":"јан"},"month-1-short":{"_":"феб"},"month-2-short":{"_":"мар"},"month-3-short":{"_":"апр"},"month-4-short":{"_":"мај"},"month-5-short":{"_":"јун"},"month-6-short":{"_":"јул"},"month-7-short":{"_":"авг"},"month-8-short":{"_":"сеп"},"month-9-short":{"_":"окт"},"month-10-short":{"_":"нов"},"month-11-short":{"_":"дец"},"minutes-ago-long":{"_":"{[ plural(value) ]}","_[zero]":"управо","_[one]":"пре минут","_[two]":"пре {{value}} минута","_[few]":"пре {{value}} минута","_[many]":"пре {{value}} минута","_[other]":"пре {{value}} минута"},"hours-ago-long":{"_":"{[ plural(value) ]}","_[zero]":"управо","_[one]":"пре сат времена","_[two]":"пре {{value}} сата","_[few]":"пре {{value}} сати","_[many]":"пре {{value}} сати","_[other]":"пре {{value}} сати"},"days-ago-long":{"_":"{[ plural(value) ]}","_[zero]":"данас","_[one]":"јуче","_[two]":"пре {{value}} дана","_[few]":"пре {{value}} дана","_[many]":"пре {{value}} дана","_[other]":"пре {{value}} дана"},"weeks-ago-long":{"_":"{[ plural(value) ]}","_[zero]":"ове недеље","_[one]":"прошле недеље","_[two]":"пре {{value}} недеље","_[few]":"пре {{value}} недеља","_[many]":"пре {{value}} недеља","_[other]":"пре {{value}} недеља"},"months-ago-long":{"_":"{[ plural(value) ]}","_[zero]":"овог месеца","_[one]":"прошлог месеца","_[two]":"пре {{value}} месеца","_[few]":"пре {{value}} месеци","_[many]":"пре {{value}} месеци","_[other]":"пре {{value}} месеци"},"years-ago-long":{"_":"{[ plural(value) ]}","_[zero]":"ове године","_[one]":"прошле године","_[two]":"пре {{value}} године","_[few]":"пре {{value}} година","_[many]":"пре {{value}} година","_[other]":"пре {{value}} година"},"minutes-until-long":{"_":"{[ plural(value) ]}","_[zero]":"управо","_[one]":"за један минут","_[two]":"за {{value}} минута","_[few]":"за {{value}} минута","_[many]":"за {{value}} минута","_[other]":"за {{value}} минута"},"hours-until-long":{"_":"{[ plural(value) ]}","_[zero]":"управо","_[one]":"за сат времена","_[two]":"за {{value}} сата","_[few]":"за {{value}} сати","_[many]":"за {{value}} сати","_[other]":"за {{value}} сати"},"days-until-long":{"_":"{[ plural(value) ]}","_[zero]":"данас","_[one]":"сутра","_[two]":"за {{value}} дана","_[few]":"за {{value}} дана","_[many]":"за {{value}} дана","_[other]":"за {{value}} дана"},"weeks-until-long":{"_":"{[ plural(value) ]}","_[zero]":"ове недеље","_[one]":"следеће недеље","_[two]":"за {{value}} недеље","_[few]":"за {{value}} недеља","_[many]":"за {{value}} недеља","_[other]":"за {{value}} недеља"},"months-until-long":{"_":"{[ plural(value) ]}","_[zero]":"овог месеца","_[one]":"следећег месеца","_[two]":"за {{value}} месеца","_[few]":"за {{value}} месеци","_[many]":"за {{value}} месеци","_[other]":"за {{value}} месеци"},"years-until-long":{"_":"{[ plural(value) ]}","_[zero]":"ове године","_[one]":"следеће године","_[two]":"за {{value}} године","_[few]":"за {{value}} година","_[many]":"за {{value}} година","_[other]":"за {{value}} година"},"minutes-ago-short":{"_":"{[ plural(value) ]}","_[zero]":"управо","_[other]":"пре {{value}}м"},"hours-ago-short":{"_":"{[ plural(value) ]}","_[zero]":"управо","_[other]":"пре {{value}}с"},"days-ago-short":{"_":"{[ plural(value) ]}","_[zero]":"данас","_[other]":"пре {{value}}д"},"minutes-until-short":{"_":"{[ plural(value) ]}","_[zero]":"управо","_[other]":"за {{value}}м"},"hours-until-short":{"_":"{[ plural(value) ]}","_[zero]":"управо","_[other]":"за {{value}}с"},"days-until-short":{"_":"{[ plural(value) ]}","_[zero]":"данас","_[other]":"за {{value}}д"},"incorrectDate":{"_":"(нетачан датум)"},"dateTimeFormat_%c":{"_":"%a %e %b %Y %H:%M:%S"},"dateTimeFormat_%x":{"_":"%d.%m.%Y"},"dateTimeFormat_%X":{"_":"%H:%M:%S"},"shortTimeFormat":{"_":"%H:%M"},"shortDateTimeFormat":{"_":"%x %H:%M"},"weekStartsOnMonday":{"_":"1"},"time_am":{"_":"AM"},"time_pm":{"_":"PM"},"reset":{"_":"Поништи"},"start":{"_":"Почни"},"stop":{"_":"Заустави"},"cancel":{"_":"Откажи"},"hour":{"_":"Сат"},"hours":{"_":"Сата"},"minute":{"_":"Минут"},"minutes":{"_":"Минутa"},"enable":{"_":"Омогући"},"back":{"_":"Назад"},"label":{"_":"Наслов"},"alarm":{"_":"Будилник"},"timer":{"_":"Тајмер"},"stopwatch":{"_":"Штоперица"},"alarmName":{"placeholder":"Будилник"},"newAlarm":{"_":"Нови будилник"},"editAlarm":{"_":"Изменa"},"pause":{"_":"Паузирај"},"resume":{"_":"Настави"},"lap":{"_":"Круг"},"lap-number":{"_":"Круг {{n}}"},"delete":{"_":"Обриши"},"time":{"_":"Време"},"snooze-label":{"_":"Одложи"},"snooze-button":{"_":"Одложи"},"repeat":{"_":"Понови"},"vibrate":{"_":"Вибрација"},"close":{"_":"Затвори"},"save":{"_":"Сними"},"done":{"_":"Завршено"},"default":{"_":"Подразумевано"},"color":{"_":"Боја"},"sound":{"_":"Звук"},"noSound":{"_":"Без звука"},"everyday":{"_":"Сваки дан"},"weekdays":{"_":"Радним данима"},"weekends":{"_":"Викендом"},"never":{"_":"Никада"},"vibrateOn":{"_":"Укључена"},"vibrateOff":{"_":"Искључена"},"plusMinute":{"_":"+1 мин"},"dateFormat":{"_":"%A, %e %B "},"countdown-lessThanAnHour":{"_":"Будилник ће се активирати за <strong>{{minutes}}</strong> од овог тренутка."},"countdown-moreThanAnHour":{"_":"Будилник ће се активирати за {{hours}} {{minutes}} од овог тренутка."},"countdown-moreThanADay":{"_":"Будилник ће се активирати за {{days}} {{hours}} од овог тренутка."},"nMinutes":{"_":"{[ plural(n) ]}","_[zero]":"мање од минута","_[one]":"један минут","_[two]":"{{n}} минута","_[few]":"{{n}} минута","_[many]":"{{n}} минута","_[other]":"{{n}} минута"},"nHours":{"_":"{[ plural(n) ]}","_[one]":"<strong>{{n}} сат</strong>","_[two]":"<strong>{{n}} сата</strong>","_[few]":"<strong>{{n}} сати</strong>","_[many]":"<strong>{{n}} сати</strong>","_[other]":"<strong>{{n}} сати</strong>"},"nAndRemainHours":{"_":"{[ plural(n) ]}","_[one]":"и <strong>{{n}} сат</strong>","_[two]":"и <strong>{{n}} сата</strong>","_[few]":"и <strong>{{n}} сати</strong>","_[many]":"и <strong>{{n}} сати</strong>","_[other]":"и <strong>{{n}} сати</strong>"},"nRemainDays":{"_":"{[ plural(n) ]}","_[one]":"<strong>{{n}} дан</strong>","_[two]":"<strong>{{n}} дана</strong>","_[few]":"<strong>{{n}} дана</strong>","_[many]":"<strong>{{n}} дана</strong>","_[other]":"<strong>{{n}} дана</strong>"},"nRemainMinutes":{"_":"{[ plural(n) ]}","_[one]":"и <strong>{{n}} минут</strong>","_[two]":"и <strong>{{n}} минута</strong>","_[few]":"и <strong>{{n}} минута</strong>","_[many]":"и <strong>{{n}} минута</strong>","_[other]":"и <strong>{{n}} минута</strong>"},"ac_classic_clock_alarm_opus":{"_":"Classic Buzz"},"ac_classic_clock_alarm_prog_opus2":{"_":"Pulse Progressive"},"ac_classic_clock_radio_opus":{"_":"Classic Pulse"},"ac_normal_gem_echoes_opus":{"_":"Gem Echoes"},"ac_soft_smooth_strings_opus":{"_":"Smooth Strings"},"ac_soft_humming_waves_opus":{"_":"Shimmering Waves"},"ac_normal_ringing_strings_opus":{"_":"Ringing Strings"},"ac_soft_into_the_void_opus":{"_":"Into the Void"},"closeButton":{"ariaLabel":"Затвори"},"newAlarmButton":{"ariaLabel":"Нови будилник"},"alarm-volume-label":{"_":"Системски аларми"},"nSpinnerSeconds":{"_":"{[ plural(n) ]}","_[zero]":"нула секунди","_[one]":"1 секунд","_[two]":"{{n}} секунде","_[few]":"{{n}} секунди","_[many]":"{{n}} секунди","_[other]":"{{n}} секунди"},"nSpinnerMinutes":{"_":"{[ plural(n) ]}","_[zero]":"нула минута","_[one]":"1 минут","_[two]":"{{n}} минута","_[few]":"{{n}} минута","_[many]":"{{n}} минута","_[other]":"{{n}} минута"},"nSpinnerHours":{"_":"{[ plural(n) ]}","_[zero]":"нула сата","_[one]":"{{n}} сат","_[two]":"{{n}} сата","_[few]":"{{n}} сати","_[many]":"{{n}} сати","_[other]":"{{n}} сати"}}