{"weekday-0-long":{"_":"Nedelja"},"weekday-1-long":{"_":"Ponedeljak"},"weekday-2-long":{"_":"Utorak"},"weekday-3-long":{"_":"Sreda"},"weekday-4-long":{"_":"Četvrtak"},"weekday-5-long":{"_":"Petak"},"weekday-6-long":{"_":"Subota"},"weekday-0-short":{"_":"Ned"},"weekday-1-short":{"_":"Pon"},"weekday-2-short":{"_":"Uto"},"weekday-3-short":{"_":"Sre"},"weekday-4-short":{"_":"Čet"},"weekday-5-short":{"_":"Pet"},"weekday-6-short":{"_":"Sub"},"month-0-long":{"_":"januar"},"month-1-long":{"_":"februar"},"month-2-long":{"_":"mart"},"month-3-long":{"_":"april"},"month-4-long":{"_":"maj"},"month-5-long":{"_":"jun"},"month-6-long":{"_":"jul"},"month-7-long":{"_":"avgust"},"month-8-long":{"_":"septembar"},"month-9-long":{"_":"oktobar"},"month-10-long":{"_":"novembar"},"month-11-long":{"_":"decembar"},"month-0-genitive":{"_":"januara"},"month-1-genitive":{"_":"februara"},"month-2-genitive":{"_":"marta"},"month-3-genitive":{"_":"aprila"},"month-4-genitive":{"_":"maja"},"month-5-genitive":{"_":"juna"},"month-6-genitive":{"_":"jula"},"month-7-genitive":{"_":"avgusta"},"month-8-genitive":{"_":"septembra"},"month-9-genitive":{"_":"oktobra"},"month-10-genitive":{"_":"novembra"},"month-11-genitive":{"_":"decembra"},"month-0-short":{"_":"jan"},"month-1-short":{"_":"feb"},"month-2-short":{"_":"mar"},"month-3-short":{"_":"apr"},"month-4-short":{"_":"maj"},"month-5-short":{"_":"jun"},"month-6-short":{"_":"jul"},"month-7-short":{"_":"avg"},"month-8-short":{"_":"sep"},"month-9-short":{"_":"okt"},"month-10-short":{"_":"nov"},"month-11-short":{"_":"dec"},"minutes-ago-long":{"_":"{[ plural(value) ]}","_[zero]":"upravo","_[one]":"pre minut","_[two]":"pre {{value}} minuta","_[few]":"pre {{value}} minuta","_[many]":"pre {{value}} minuta","_[other]":"pre {{value}} minuta"},"hours-ago-long":{"_":"{[ plural(value) ]}","_[zero]":"upravo","_[one]":"pre sat vremena","_[two]":"pre {{value}} sata","_[few]":"pre {{value}} sati","_[many]":"pre {{value}} sati","_[other]":"pre {{value}} sati"},"days-ago-long":{"_":"{[ plural(value) ]}","_[zero]":"danas","_[one]":"juče","_[two]":"pre {{value}} dana","_[few]":"pre {{value}} dana","_[many]":"pre {{value}} dana","_[other]":"pre {{value}} dana"},"weeks-ago-long":{"_":"{[ plural(value) ]}","_[zero]":"ove nedelje","_[one]":"prošle nedelje","_[two]":"pre {{value}} nedelje","_[few]":"pre {{value}} nedelja","_[many]":"pre {{value}} nedelja","_[other]":"pre {{value}} nedelja"},"months-ago-long":{"_":"{[ plural(value) ]}","_[zero]":"ovog meseca","_[one]":"prošlog meseca","_[two]":"pre {{value}} meseca","_[few]":"pre {{value}} meseci","_[many]":"pre {{value}} meseci","_[other]":"pre {{value}} meseci"},"years-ago-long":{"_":"{[ plural(value) ]}","_[zero]":"ove godine","_[one]":"prošle godine","_[two]":"pre {{value}} godine","_[few]":"pre {{value}} godina","_[many]":"pre {{value}} godina","_[other]":"pre {{value}} godina"},"minutes-until-long":{"_":"{[ plural(value) ]}","_[zero]":"upravo","_[one]":"za jedan minut","_[two]":"za {{value}} minuta","_[few]":"za {{value}} minuta","_[many]":"za {{value}} minuta","_[other]":"za {{value}} minuta"},"hours-until-long":{"_":"{[ plural(value) ]}","_[zero]":"upravo","_[one]":"za sat vremena","_[two]":"za {{value}} sata","_[few]":"za {{value}} sati","_[many]":"za {{value}} sati","_[other]":"za {{value}} sati"},"days-until-long":{"_":"{[ plural(value) ]}","_[zero]":"danas","_[one]":"sutra","_[two]":"za {{value}} dana","_[few]":"za {{value}} dana","_[many]":"za {{value}} dana","_[other]":"za {{value}} dana"},"weeks-until-long":{"_":"{[ plural(value) ]}","_[zero]":"ove nedelje","_[one]":"sledeće nedelje","_[two]":"za {{value}} nedelje","_[few]":"za {{value}} nedelja","_[many]":"za {{value}} nedelja","_[other]":"za {{value}} nedelja"},"months-until-long":{"_":"{[ plural(value) ]}","_[zero]":"ovog meseca","_[one]":"sledećeg meseca","_[two]":"za {{value}} meseca","_[few]":"za {{value}} meseci","_[many]":"za {{value}} meseci","_[other]":"za {{value}} meseci"},"years-until-long":{"_":"{[ plural(value) ]}","_[zero]":"ove godine","_[one]":"sledeće godine","_[two]":"za {{value}} godine","_[few]":"za {{value}} godina","_[many]":"za {{value}} godina","_[other]":"za {{value}} godina"},"minutes-ago-short":{"_":"{[ plural(value) ]}","_[zero]":"upravo","_[other]":"pre {{value}}m"},"hours-ago-short":{"_":"{[ plural(value) ]}","_[zero]":"upravo","_[other]":"pre {{value}}s"},"days-ago-short":{"_":"{[ plural(value) ]}","_[zero]":"danas","_[other]":"pre {{value}}d"},"minutes-until-short":{"_":"{[ plural(value) ]}","_[zero]":"upravo","_[other]":"za {{value}}m"},"hours-until-short":{"_":"{[ plural(value) ]}","_[zero]":"upravo","_[other]":"za {{value}}s"},"days-until-short":{"_":"{[ plural(value) ]}","_[zero]":"danas","_[other]":"za {{value}}d"},"incorrectDate":{"_":"(netačan datum)"},"dateTimeFormat_%c":{"_":"%a %e %b %Y %H:%M:%S"},"dateTimeFormat_%x":{"_":"%d.%m.%Y"},"dateTimeFormat_%X":{"_":"%H:%M:%S"},"shortTimeFormat":{"_":"%H:%M"},"shortDateTimeFormat":{"_":"%x %H:%M"},"weekStartsOnMonday":{"_":"1"},"time_am":{"_":"AM"},"time_pm":{"_":"PM"},"reset":{"_":"Poništi"},"start":{"_":"Počni"},"stop":{"_":"Zaustavi"},"cancel":{"_":"Otkaži"},"hour":{"_":"Sat"},"hours":{"_":"Sata"},"minute":{"_":"Minut"},"minutes":{"_":"Minuta"},"enable":{"_":"Omogući"},"back":{"_":"Nazad"},"label":{"_":"Naslov"},"alarm":{"_":"Budilnik"},"timer":{"_":"Tajmer"},"stopwatch":{"_":"Štoperica"},"alarmName":{"placeholder":"Budilnik"},"newAlarm":{"_":"Novi budilnik"},"editAlarm":{"_":"Izmena"},"pause":{"_":"Pauziraj"},"resume":{"_":"Nastavi"},"lap":{"_":"Krug"},"lap-number":{"_":"Krug {{n}}"},"delete":{"_":"Obriši"},"time":{"_":"Vreme"},"snooze-label":{"_":"Odloži"},"snooze-button":{"_":"Odloži"},"repeat":{"_":"Ponovi"},"vibrate":{"_":"Vibracija"},"close":{"_":"Zatvori"},"save":{"_":"Snimi"},"done":{"_":"Završeno"},"default":{"_":"Podrazumevano"},"color":{"_":"Boja"},"sound":{"_":"Zvuk"},"noSound":{"_":"Bez zvuka"},"everyday":{"_":"Svaki dan"},"weekdays":{"_":"Radnim danima"},"weekends":{"_":"Vikendom"},"never":{"_":"Nikada"},"vibrateOn":{"_":"Uključena"},"vibrateOff":{"_":"Isključena"},"plusMinute":{"_":"+1 min"},"dateFormat":{"_":"%A, %e %B "},"countdown-lessThanAnHour":{"_":"Budilnik će se aktivirati za <strong>{{minutes}}</strong> od ovog trenutka."},"countdown-moreThanAnHour":{"_":"Budilnik će se aktivirati za {{hours}} {{minutes}} od ovog trenutka."},"countdown-moreThanADay":{"_":"Budilnik će se aktivirati za {{days}} {{hours}} od ovog trenutka."},"nMinutes":{"_":"{[ plural(n) ]}","_[zero]":"manje od minuta","_[one]":"jedan minut","_[two]":"{{n}} minuta","_[few]":"{{n}} minuta","_[many]":"{{n}} minuta","_[other]":"{{n}} minuta"},"nHours":{"_":"{[ plural(n) ]}","_[one]":"<strong>{{n}} sat</strong>","_[two]":"<strong>{{n}} sata</strong>","_[few]":"<strong>{{n}} sati</strong>","_[many]":"<strong>{{n}} sati</strong>","_[other]":"<strong>{{n}} sati</strong>"},"nAndRemainHours":{"_":"{[ plural(n) ]}","_[one]":"i <strong>{{n}} sat</strong>","_[two]":"i <strong>{{n}} sata</strong>","_[few]":"i <strong>{{n}} sati</strong>","_[many]":"i <strong>{{n}} sati</strong>","_[other]":"i <strong>{{n}} sati</strong>"},"nRemainDays":{"_":"{[ plural(n) ]}","_[one]":"<strong>{{n}} dan</strong>","_[two]":"<strong>{{n}} dana</strong>","_[few]":"<strong>{{n}} dana</strong>","_[many]":"<strong>{{n}} dana</strong>","_[other]":"<strong>{{n}} dana</strong>"},"nRemainMinutes":{"_":"{[ plural(n) ]}","_[one]":"i <strong>{{n}} minut</strong>","_[two]":"i <strong>{{n}} minuta</strong>","_[few]":"i <strong>{{n}} minuta</strong>","_[many]":"i <strong>{{n}} minuta</strong>","_[other]":"i <strong>{{n}} minuta</strong>"},"ac_classic_clock_alarm_opus":{"_":"Classic Buzz"},"ac_classic_clock_alarm_prog_opus2":{"_":"Pulse Progressive"},"ac_classic_clock_radio_opus":{"_":"Classic Pulse"},"ac_normal_gem_echoes_opus":{"_":"Gem Echoes"},"ac_soft_smooth_strings_opus":{"_":"Smooth Strings"},"ac_soft_humming_waves_opus":{"_":"Shimmering Waves"},"ac_normal_ringing_strings_opus":{"_":"Ringing Strings"},"ac_soft_into_the_void_opus":{"_":"Into the Void"},"closeButton":{"ariaLabel":"Zatvori"},"newAlarmButton":{"ariaLabel":"Novi budilnik"},"alarm-volume-label":{"_":"Sistemski alarmi"},"nSpinnerSeconds":{"_":"{[ plural(n) ]}","_[zero]":"nula sekundi","_[one]":"1 sekund","_[two]":"{{n}} sekunde","_[few]":"{{n}} sekundi","_[many]":"{{n}} sekundi","_[other]":"{{n}} sekundi"},"nSpinnerMinutes":{"_":"{[ plural(n) ]}","_[zero]":"nula minuta","_[one]":"1 minut","_[two]":"{{n}} minuta","_[few]":"{{n}} minuta","_[many]":"{{n}} minuta","_[other]":"{{n}} minuta"},"nSpinnerHours":{"_":"{[ plural(n) ]}","_[zero]":"nula sata","_[one]":"{{n}} sat","_[two]":"{{n}} sata","_[few]":"{{n}} sati","_[many]":"{{n}} sati","_[other]":"{{n}} sati"}}