{"weekday-0-long":{"_":"Söndag"},"weekday-1-long":{"_":"Måndag"},"weekday-2-long":{"_":"Tisdag"},"weekday-3-long":{"_":"Onsdag"},"weekday-4-long":{"_":"Torsdag"},"weekday-5-long":{"_":"Fredag"},"weekday-6-long":{"_":"Lördag"},"weekday-0-short":{"_":"Sön"},"weekday-1-short":{"_":"Mån"},"weekday-2-short":{"_":"Tis"},"weekday-3-short":{"_":"Ons"},"weekday-4-short":{"_":"Tor"},"weekday-5-short":{"_":"Fre"},"weekday-6-short":{"_":"Lör"},"month-0-long":{"_":"Januari"},"month-1-long":{"_":"Februari"},"month-2-long":{"_":"Mars"},"month-3-long":{"_":"April"},"month-4-long":{"_":"Maj"},"month-5-long":{"_":"Juni"},"month-6-long":{"_":"Juli"},"month-7-long":{"_":"Augusti"},"month-8-long":{"_":"September"},"month-9-long":{"_":"Oktober"},"month-10-long":{"_":"November"},"month-11-long":{"_":"December"},"month-0-genitive":{"_":"Januari"},"month-1-genitive":{"_":"Februari"},"month-2-genitive":{"_":"Mars"},"month-3-genitive":{"_":"April"},"month-4-genitive":{"_":"Maj"},"month-5-genitive":{"_":"Juni"},"month-6-genitive":{"_":"Juli"},"month-7-genitive":{"_":"Augusti"},"month-8-genitive":{"_":"September"},"month-9-genitive":{"_":"Oktober"},"month-10-genitive":{"_":"November"},"month-11-genitive":{"_":"December"},"month-0-short":{"_":"Jan"},"month-1-short":{"_":"Feb"},"month-2-short":{"_":"Mar"},"month-3-short":{"_":"Apr"},"month-4-short":{"_":"Maj"},"month-5-short":{"_":"Jun"},"month-6-short":{"_":"Jul"},"month-7-short":{"_":"Aug"},"month-8-short":{"_":"Sep"},"month-9-short":{"_":"Okt"},"month-10-short":{"_":"Nov"},"month-11-short":{"_":"Dec"},"minutes-ago-long":{"_":"{[ plural(value) ]}","_[zero]":"nyss","_[one]":"en minut sen","_[two]":"{{value}} minuter sen","_[few]":"{{value}} minuter sen","_[many]":"{{value}} minuter sen","_[other]":"{{value}} minuter sen"},"hours-ago-long":{"_":"{[ plural(value) ]}","_[zero]":"nyss","_[one]":"en timme sen","_[two]":"{{value}} timmar sen","_[few]":"{{value}} timmar sen","_[many]":"{{value}} timmar sen","_[other]":"{{value}} timmar sen"},"days-ago-long":{"_":"{[ plural(value) ]}","_[zero]":"idag","_[one]":"igår","_[two]":"{{value}} dagar sen","_[few]":"{{value}} dagar sen","_[many]":"{{value}} dagar sen","_[other]":"{{value}} dagar sen"},"weeks-ago-long":{"_":"{[ plural(value) ]}","_[zero]":"denna vecka","_[one]":"förra veckan","_[two]":"{{value}} veckor sen","_[few]":"{{value}} veckor sen","_[many]":"{{value}} veckor sen","_[other]":"{{value}} veckor sen"},"months-ago-long":{"_":"{[ plural(value) ]}","_[zero]":"denna månad","_[one]":"förra månaden","_[two]":"{{value}} månader sen","_[few]":"{{value}} månader sen","_[many]":"{{value}} månader sen","_[other]":"{{value}} månader sen"},"years-ago-long":{"_":"{[ plural(value) ]}","_[zero]":"detta år","_[one]":"förra året","_[two]":"{{value}} år sen","_[few]":"{{value}} år sen","_[many]":"{{value}} år sen","_[other]":"{{value}} år sen"},"minutes-until-long":{"_":"{[ plural(value) ]}","_[zero]":"nu","_[one]":"om en minut","_[two]":"om {{value}} minuter","_[few]":"om {{value}} minuter","_[many]":"om {{value}} minuter","_[other]":"om {{value}} minuter"},"hours-until-long":{"_":"{[ plural(value) ]}","_[zero]":"nu","_[one]":"om en timme","_[two]":"om {{value}} timmar","_[few]":"om {{value}} timmar","_[many]":"om {{value}} timmar","_[other]":"om {{value}} timmar"},"days-until-long":{"_":"{[ plural(value) ]}","_[zero]":"idag","_[one]":"imorgon","_[two]":"om {{value}} dagar","_[few]":"om {{value}} dagar","_[many]":"om {{value}} dagar","_[other]":"om {{value}} dagar"},"weeks-until-long":{"_":"{[ plural(value) ]}","_[zero]":"denna vecka","_[one]":"nästa vecka","_[two]":"om {{value}} veckor","_[few]":"om {{value}} veckor","_[many]":"om {{value}} veckor","_[other]":"om {{value}} veckor"},"months-until-long":{"_":"{[ plural(value) ]}","_[zero]":"denna månad","_[one]":"nästa månad","_[two]":"om {{value}} månader","_[few]":"om {{value}} månader","_[many]":"om {{value}} månader","_[other]":"om {{value}} månader"},"years-until-long":{"_":"{[ plural(value) ]}","_[zero]":"detta år","_[one]":"nästa år","_[two]":"om {{value}} år","_[few]":"om {{value}} år","_[many]":"om {{value}} år","_[other]":"om {{value}} år"},"minutes-ago-short":{"_":"{[ plural(value) ]}","_[zero]":"nyss","_[other]":"{{value}}min sen"},"hours-ago-short":{"_":"{[ plural(value) ]}","_[zero]":"nyss","_[other]":"{{value}}tim. sen"},"days-ago-short":{"_":"{[ plural(value) ]}","_[zero]":"idag","_[other]":"{{value}}dygn sen"},"minutes-until-short":{"_":"{[ plural(value) ]}","_[zero]":"nu","_[other]":"om {{value}}min"},"hours-until-short":{"_":"{[ plural(value) ]}","_[zero]":"nu","_[other]":"om {{value}}tim."},"days-until-short":{"_":"{[ plural(value) ]}","_[zero]":"idag","_[other]":"om {{value}}dygn"},"incorrectDate":{"_":"(felaktigt datum)"},"dateTimeFormat_%c":{"_":"%a %e %b %Y %H:%M:%S"},"dateTimeFormat_%x":{"_":"%d/%m/%Y"},"dateTimeFormat_%X":{"_":"%H:%M:%S"},"shortTimeFormat":{"_":"%H:%M"},"shortDateTimeFormat":{"_":"%x %H:%M"},"weekStartsOnMonday":{"_":"1"},"time_am":{"_":"AM"},"time_pm":{"_":"PM"},"reset":{"_":"Återställ"},"start":{"_":"Start"},"stop":{"_":"Stopp"},"cancel":{"_":"Avbryt"},"hour":{"_":"Timme"},"hours":{"_":"Timmar"},"minute":{"_":"Minut"},"minutes":{"_":"Minuter"},"enable":{"_":"Aktivera"},"back":{"_":"Tillbaka"},"label":{"_":"Titel"},"alarm":{"_":"Alarm"},"timer":{"_":"Timer"},"stopwatch":{"_":"Stoppur"},"alarmName":{"placeholder":"Alarmnamn"},"newAlarm":{"_":"Nytt alarm"},"editAlarm":{"_":"Redigera alarm"},"pause":{"_":"Paus"},"resume":{"_":"Fortsätt"},"lap":{"_":"Varv"},"lap-number":{"_":"Varv {{n}}"},"delete":{"_":"Ta bort"},"time":{"_":"Tid"},"snooze-label":{"_":"Snooze"},"snooze-button":{"_":"Snooze"},"repeat":{"_":"Upprepa"},"vibrate":{"_":"Vibrera"},"close":{"_":"Stäng"},"save":{"_":"Spara"},"done":{"_":"Klar"},"default":{"_":"Standard"},"color":{"_":"Färg"},"sound":{"_":"Ljud"},"noSound":{"_":"Inget ljud"},"everyday":{"_":"Dagligen"},"weekdays":{"_":"Vardagar"},"weekends":{"_":"Helger"},"never":{"_":"Aldrig"},"vibrateOn":{"_":"På"},"vibrateOff":{"_":"Av"},"plusMinute":{"_":"+1 min"},"dateFormat":{"_":"%A, %e %B"},"countdown-lessThanAnHour":{"_":"Alarmet är inställt på <strong>{{minutes}}</strong> från nu."},"countdown-moreThanAnHour":{"_":"Alarmet är inställt på {{hours}} {{minutes}} från nu."},"countdown-moreThanADay":{"_":"Alarmet är inställt på {{days}} {{hours}} från nu."},"nMinutes":{"_":"{[ plural(n) ]}","_[zero]":"mindre än en minut","_[one]":"en minut","_[two]":"{{n}} minuter","_[few]":"{{n}} minuter","_[many]":"{{n}} minuter","_[other]":"{{n}} minuter"},"nHours":{"_":"{[ plural(n) ]}","_[one]":"<strong>{{n}} timme</strong>","_[two]":"<strong>{{n}} timmar</strong>","_[few]":"<strong>{{n}} timmar</strong>","_[many]":"<strong>{{n}} timmar</strong>","_[other]":"<strong>{{n}} timmar</strong>"},"nAndRemainHours":{"_":"{[ plural(n) ]}","_[one]":"och <strong>{{n}} timme</strong>","_[two]":"och <strong>{{n}} timmar</strong>","_[few]":"och <strong>{{n}} timmar</strong>","_[many]":"och <strong>{{n}} timmar</strong>","_[other]":"och <strong>{{n}} timmar</strong>"},"nRemainDays":{"_":"{[ plural(n) ]}","_[one]":"<strong>{{n}} dag</strong>","_[two]":"<strong>{{n}} dagar</strong>","_[few]":"<strong>{{n}} dagar</strong>","_[many]":"<strong>{{n}} dagar</strong>","_[other]":"<strong>{{n}} dagar</strong>"},"nRemainMinutes":{"_":"{[ plural(n) ]}","_[one]":"och <strong>{{n}} minut</strong>","_[two]":"och <strong>{{n}} minuter</strong>","_[few]":"och <strong>{{n}} minuter</strong>","_[many]":"och <strong>{{n}} minuter</strong>","_[other]":"och <strong>{{n}} minuter</strong>"},"ac_classic_clock_alarm_opus":{"_":"Classic Buzz"},"ac_classic_clock_alarm_prog_opus2":{"_":"Pulse Progressive"},"ac_classic_clock_radio_opus":{"_":"Classic Pulse"},"ac_normal_gem_echoes_opus":{"_":"Gem Echoes"},"ac_soft_smooth_strings_opus":{"_":"Smooth Strings"},"ac_soft_humming_waves_opus":{"_":"Shimmering Waves"},"ac_normal_ringing_strings_opus":{"_":"Ringing Strings"},"ac_soft_into_the_void_opus":{"_":"Into the Void"},"closeButton":{"ariaLabel":"Stäng"},"newAlarmButton":{"ariaLabel":"Nytt alarm"},"alarm-volume-label":{"_":"Systemets alarmvolym"},"nSpinnerSeconds":{"_":"{[ plural(n) ]}","_[zero]":"noll sekunder","_[one]":"en sekund","_[two]":"{{n}} sekunder","_[few]":"{{n}} sekunder","_[many]":"{{n}} sekunder","_[other]":"{{n}} sekunder"},"nSpinnerMinutes":{"_":"{[ plural(n) ]}","_[zero]":"noll minuter","_[one]":"en minut","_[two]":"{{n}} minuter","_[few]":"{{n}} minuter","_[many]":"{{n}} minuter","_[other]":"{{n}} minuter"},"nSpinnerHours":{"_":"{[ plural(n) ]}","_[zero]":"noll timmar","_[one]":"{{n}} timme","_[two]":"{{n}} timmar","_[few]":"{{n}} timmar","_[many]":"{{n}} timmar","_[other]":"{{n}} timmar"}}