{"weekday-0-long":{"_":"Pazar"},"weekday-1-long":{"_":"Pazartesi"},"weekday-2-long":{"_":"Salı"},"weekday-3-long":{"_":"Çarşamba"},"weekday-4-long":{"_":"Perşembe"},"weekday-5-long":{"_":"Cuma"},"weekday-6-long":{"_":"Cumartesi"},"weekday-0-short":{"_":"Pzr"},"weekday-1-short":{"_":"Pzt"},"weekday-2-short":{"_":"Sal"},"weekday-3-short":{"_":"Çar"},"weekday-4-short":{"_":"Per"},"weekday-5-short":{"_":"Cum"},"weekday-6-short":{"_":"Cmt"},"month-0-long":{"_":"Ocak"},"month-1-long":{"_":"Şubat"},"month-2-long":{"_":"Mart"},"month-3-long":{"_":"Nisan"},"month-4-long":{"_":"Mayıs"},"month-5-long":{"_":"Haziran"},"month-6-long":{"_":"Temmuz"},"month-7-long":{"_":"Ağustos"},"month-8-long":{"_":"Eylül"},"month-9-long":{"_":"Ekim"},"month-10-long":{"_":"Kasım"},"month-11-long":{"_":"Aralık"},"month-0-genitive":{"_":"Ocak"},"month-1-genitive":{"_":"Şubat"},"month-2-genitive":{"_":"Mart"},"month-3-genitive":{"_":"Nisan"},"month-4-genitive":{"_":"Mayıs"},"month-5-genitive":{"_":"Haziran"},"month-6-genitive":{"_":"Temmuz"},"month-7-genitive":{"_":"Ağustos"},"month-8-genitive":{"_":"Eylül"},"month-9-genitive":{"_":"Ekim"},"month-10-genitive":{"_":"Kasım"},"month-11-genitive":{"_":"Aralık"},"month-0-short":{"_":"Oca"},"month-1-short":{"_":"Şub"},"month-2-short":{"_":"Mar"},"month-3-short":{"_":"Nis"},"month-4-short":{"_":"May"},"month-5-short":{"_":"Haz"},"month-6-short":{"_":"Tem"},"month-7-short":{"_":"Ağu"},"month-8-short":{"_":"Eyl"},"month-9-short":{"_":"Eki"},"month-10-short":{"_":"Kas"},"month-11-short":{"_":"Ara"},"minutes-ago-long":{"_":"{[ plural(value) ]}","_[zero]":"biraz önce","_[one]":"bir dakika önce","_[two]":"{{value}} dakika önce","_[few]":"{{value}} dakika önce","_[many]":"{{value}} dakika önce","_[other]":"{{value}} dakika önce"},"hours-ago-long":{"_":"{[ plural(value) ]}","_[zero]":"biraz önce","_[one]":"bir saat önce","_[two]":"{{value}} saat önce","_[few]":"{{value}} saat önce","_[many]":"{{value}} saat önce","_[other]":"{{value}} saat önce"},"days-ago-long":{"_":"{[ plural(value) ]}","_[zero]":"bugün","_[one]":"dün","_[two]":"{{value}} gün önce","_[few]":"{{value}} gün önce","_[many]":"{{value}} gün önce","_[other]":"{{value}} gün önce"},"weeks-ago-long":{"_":"{[ plural(value) ]}","_[zero]":"bu hafta","_[one]":"geçen hafta","_[two]":"{{value}} hafta önce","_[few]":"{{value}} hafta önce","_[many]":"{{value}} hafta önce","_[other]":"{{value}} hafta önce"},"months-ago-long":{"_":"{[ plural(value) ]}","_[zero]":"bu ay","_[one]":"geçen ay","_[two]":"{{value}} ay önce","_[few]":"{{value}} ay önce","_[many]":"{{value}} ay önce","_[other]":"{{value}} ay önce"},"years-ago-long":{"_":"{[ plural(value) ]}","_[zero]":"bu yıl","_[one]":"geçen yıl","_[two]":"{{value}} yıl önce","_[few]":"{{value}} yıl önce","_[many]":"{{value}} yıl önce","_[other]":"{{value}} yıl önce"},"minutes-until-long":{"_":"{[ plural(value) ]}","_[zero]":"şimdi","_[one]":"bir dakika önce","_[two]":"{{value}} dakika içinde","_[few]":"{{value}} dakika içinde","_[many]":"{{value}} dakika içinde","_[other]":"{{value}} dakika içinde"},"hours-until-long":{"_":"{[ plural(value) ]}","_[zero]":"şimdi","_[one]":"bir saat içinde","_[two]":"{{value}} saat içinde","_[few]":"{{value}} saat içinde","_[many]":"{{value}} saat içinde","_[other]":"{{value}} saat içinde"},"days-until-long":{"_":"{[ plural(value) ]}","_[zero]":"bugün","_[one]":"dün","_[two]":"{{value}} gün içinde","_[few]":"{{value}} gün içinde","_[many]":"{{value}} gün içinde","_[other]":"{{value}} gün içinde"},"weeks-until-long":{"_":"{[ plural(value) ]}","_[zero]":"bu hafta","_[one]":"gelecek hafta","_[two]":"{{value}} hafta içinde","_[few]":"{{value}} hafta içinde","_[many]":"{{value}} hafta içinde","_[other]":"{{value}} hafta içinde"},"months-until-long":{"_":"{[ plural(value) ]}","_[zero]":"bu ay","_[one]":"gelecek ay","_[two]":"{{value}} ay içinde","_[few]":"{{value}} ay içinde","_[many]":"{{value}} ay içinde","_[other]":"{{value}} ay içinde"},"years-until-long":{"_":"{[ plural(value) ]}","_[zero]":"bu yıl","_[one]":"gelecek yıl","_[two]":"{{value}} yıl içinde","_[few]":"{{value}} yıl içinde","_[many]":"{{value}} yıl içinde","_[other]":"{{value}} yıl içinde"},"minutes-ago-short":{"_":"{[ plural(value) ]}","_[zero]":"biraz önce","_[other]":"{{value}} dk önce"},"hours-ago-short":{"_":"{[ plural(value) ]}","_[zero]":"biraz önce","_[other]":"{{value}} saat önce"},"days-ago-short":{"_":"{[ plural(value) ]}","_[zero]":"bugün","_[other]":"{{value}} gün önce"},"minutes-until-short":{"_":"{[ plural(value) ]}","_[zero]":"şimdi","_[other]":"{{value}} dk içinde"},"hours-until-short":{"_":"{[ plural(value) ]}","_[zero]":"şimdi","_[other]":"{{value}} saat içinde"},"days-until-short":{"_":"{[ plural(value) ]}","_[zero]":"bugün","_[other]":"{{value}} gün içinde"},"incorrectDate":{"_":"(geçersiz tarih)"},"dateTimeFormat_%c":{"_":"%e %b %Y %a %H:%M:%S"},"dateTimeFormat_%x":{"_":"%d/%m/%Y"},"dateTimeFormat_%X":{"_":"%H:%M:%S"},"shortTimeFormat":{"_":"%H:%M"},"shortDateTimeFormat":{"_":"%x %H:%M"},"weekStartsOnMonday":{"_":"1"},"time_am":{"_":"ÖÖ"},"time_pm":{"_":"ÖS"},"reset":{"_":"Sıfırla"},"start":{"_":"Başlat"},"stop":{"_":"Durdur"},"cancel":{"_":"İptal"},"hour":{"_":"Saat"},"hours":{"_":"Saat"},"minute":{"_":"Dakika"},"minutes":{"_":"Dakika"},"enable":{"_":"Etkinleştir"},"back":{"_":"Geri"},"label":{"_":"Etiket"},"alarm":{"_":"Alarm"},"timer":{"_":"Geri sayım"},"stopwatch":{"_":"Kronometre"},"alarmName":{"placeholder":"Alarm adı"},"newAlarm":{"_":"Yeni alarm"},"editAlarm":{"_":"Alarmı düzenle"},"pause":{"_":"Duraklat"},"resume":{"_":"Devam et"},"lap":{"_":"Tur"},"lap-number":{"_":"{{n}}. tur"},"delete":{"_":"Sil"},"time":{"_":"Saat"},"snooze-label":{"_":"Ertele"},"snooze-button":{"_":"Ertele"},"repeat":{"_":"Tekrarla"},"vibrate":{"_":"Titreşim"},"close":{"_":"Kapat"},"save":{"_":"Kaydet"},"done":{"_":"Bitti"},"default":{"_":"Varsayılan"},"color":{"_":"Renk"},"sound":{"_":"Ses"},"noSound":{"_":"Ses yok"},"everyday":{"_":"Her gün"},"weekdays":{"_":"Hafta içi"},"weekends":{"_":"Hafta sonu"},"never":{"_":"Asla"},"vibrateOn":{"_":"Açık"},"vibrateOff":{"_":"Kapalı"},"plusMinute":{"_":"+1 dk."},"dateFormat":{"_":"%e %B %A"},"countdown-lessThanAnHour":{"_":"Alarm şu andan <strong>{{minutes}}</strong> sonrasına ayarlandı."},"countdown-moreThanAnHour":{"_":"Alarm şu andan {{hours}} {{minutes}} sonrasına ayarlandı."},"countdown-moreThanADay":{"_":"Alarm şu andan {{days}} {{hours}} sonrasına ayarlandı."},"nMinutes":{"_":"{[ plural(n) ]}","_[zero]":"bir dakikadan daha az","_[one]":"bir dakika","_[two]":"{{n}} dakika","_[few]":"{{n}} dakika","_[many]":"{{n}} dakika","_[other]":"{{n}} dakika"},"nHours":{"_":"{[ plural(n) ]}","_[one]":"<strong>{{n}} saat</strong>","_[two]":"<strong>{{n}} saat</strong>","_[few]":"<strong>{{n}} saat</strong>","_[many]":"<strong>{{n}} saat</strong>","_[other]":"<strong>{{n}} saat</strong>"},"nAndRemainHours":{"_":"{[ plural(n) ]}","_[one]":"<strong>{{n}} saat</strong>","_[two]":"<strong>{{n}} saat</strong>","_[few]":"<strong>{{n}} saat</strong>","_[many]":"<strong>{{n}} saat</strong>","_[other]":"<strong>{{n}} saat</strong>"},"nRemainDays":{"_":"{[ plural(n) ]}","_[one]":"<strong>{{n}} gün</strong>","_[two]":"<strong>{{n}} gün</strong>","_[few]":"<strong>{{n}} gün</strong>","_[many]":"<strong>{{n}} gün</strong>","_[other]":"<strong>{{n}} gün</strong>"},"nRemainMinutes":{"_":"{[ plural(n) ]}","_[one]":"ve <strong>{{n}} dakika</strong>","_[two]":"ve <strong>{{n}} dakika</strong>","_[few]":"ve <strong>{{n}} dakika</strong>","_[many]":"ve <strong>{{n}} dakika</strong>","_[other]":"ve <strong>{{n}} dakika</strong>"},"ac_classic_clock_alarm_opus":{"_":"Klasik Vızıltı"},"ac_classic_clock_alarm_prog_opus2":{"_":"Artan Nabız"},"ac_classic_clock_radio_opus":{"_":"Klasik Nabız"},"ac_normal_gem_echoes_opus":{"_":"Mücevher Ekosu"},"ac_soft_smooth_strings_opus":{"_":"Yumuşak Yaylar"},"ac_soft_humming_waves_opus":{"_":"Parlayan Dalgalar"},"ac_normal_ringing_strings_opus":{"_":"Çınlayan Yaylar"},"ac_soft_into_the_void_opus":{"_":"Boşluğa Doğru"}}