{"weekday-0-long":{"_":"星期日"},"weekday-1-long":{"_":"星期一"},"weekday-2-long":{"_":"星期二"},"weekday-3-long":{"_":"星期三"},"weekday-4-long":{"_":"星期四"},"weekday-5-long":{"_":"星期五"},"weekday-6-long":{"_":"星期六"},"weekday-0-short":{"_":"周日"},"weekday-1-short":{"_":"周一"},"weekday-2-short":{"_":"周二"},"weekday-3-short":{"_":"周三"},"weekday-4-short":{"_":"周四"},"weekday-5-short":{"_":"周五"},"weekday-6-short":{"_":"周六"},"month-0-long":{"_":"1 月"},"month-1-long":{"_":"2 月"},"month-2-long":{"_":"3 月"},"month-3-long":{"_":"4 月"},"month-4-long":{"_":"5 月"},"month-5-long":{"_":"6 月"},"month-6-long":{"_":"7 月"},"month-7-long":{"_":"8 月"},"month-8-long":{"_":"9 月"},"month-9-long":{"_":"10 月"},"month-10-long":{"_":"11 月"},"month-11-long":{"_":"12 月"},"month-0-genitive":{"_":"一月"},"month-1-genitive":{"_":"二月"},"month-2-genitive":{"_":"三月"},"month-3-genitive":{"_":"四月"},"month-4-genitive":{"_":"五月"},"month-5-genitive":{"_":"六月"},"month-6-genitive":{"_":"七月"},"month-7-genitive":{"_":"八月"},"month-8-genitive":{"_":"九月"},"month-9-genitive":{"_":"十月"},"month-10-genitive":{"_":"十一月"},"month-11-genitive":{"_":"十二月"},"month-0-short":{"_":"1 月"},"month-1-short":{"_":"2 月"},"month-2-short":{"_":"3 月"},"month-3-short":{"_":"4 月"},"month-4-short":{"_":"5 月"},"month-5-short":{"_":"6 月"},"month-6-short":{"_":"7 月"},"month-7-short":{"_":"8 月"},"month-8-short":{"_":"9 月"},"month-9-short":{"_":"10 月"},"month-10-short":{"_":"11 月"},"month-11-short":{"_":"12 月"},"minutes-ago-long":{"_":"{[ plural(value) ]}","_[zero]":"刚才","_[one]":"1 分钟前","_[two]":"{{ value }} 分钟前","_[few]":"{{ value }} 分钟前","_[many]":"{{ value }} 分钟前","_[other]":"{{ value }} 分钟前"},"hours-ago-long":{"_":"{[ plural(value) ]}","_[zero]":"刚才","_[one]":"1 小时前","_[two]":"{{ value }} 小时前","_[few]":"{{ value }} 小时前","_[many]":"{{ value }} 小时前","_[other]":"{{ value }} 小时前"},"days-ago-long":{"_":"{[ plural(value) ]}","_[zero]":"今天","_[one]":"昨天","_[two]":"{{value}} 天前","_[few]":"{{value}} 天前","_[many]":"{{value}} 天前","_[other]":"{{value}} 天前"},"weeks-ago-long":{"_":"{[ plural(value) ]}","_[zero]":"本周","_[one]":"上周","_[two]":"{{value}} 周前","_[few]":"{{value}} 周前","_[many]":"{{value}} 周前","_[other]":"{{value}} 周前"},"months-ago-long":{"_":"{[ plural(value) ]}","_[zero]":"本月","_[one]":"上月","_[two]":"{{value}} 个月前","_[few]":"{{value}} 个月前","_[many]":"{{value}} 个月前","_[other]":"{{value}} 个月前"},"years-ago-long":{"_":"{[ plural(value) ]}","_[zero]":"今年","_[one]":"去年","_[two]":"{{value}} 年前","_[few]":"{{value}} 年前","_[many]":"{{value}} 年前","_[other]":"{{value}} 年前"},"minutes-until-long":{"_":"{[ plural(value) ]}","_[zero]":"现在","_[one]":"1 分钟内","_[two]":"剩{{value}}分钟","_[few]":"剩{{value}}分钟","_[many]":"剩{{value}}分钟","_[other]":"剩{{value}}分钟"},"hours-until-long":{"_":"{[ plural(value) ]}","_[zero]":"现在","_[one]":"1 小时内","_[two]":"剩{{value}}小时","_[few]":"剩{{value}}小时","_[many]":"剩{{value}}小时","_[other]":"剩{{value}}小时"},"days-until-long":{"_":"{[ plural(value) ]}","_[zero]":"今天","_[one]":"明天","_[two]":"剩{{value}}天","_[few]":"剩{{value}}天","_[many]":"剩{{value}}天","_[other]":"剩{{value}}天"},"weeks-until-long":{"_":"{[ plural(value) ]}","_[zero]":"本周","_[one]":"下周","_[two]":"剩{{value}}周","_[few]":"剩{{value}}周","_[many]":"剩{{value}}周","_[other]":"剩{{value}}周"},"months-until-long":{"_":"{[ plural(value) ]}","_[zero]":"本月","_[one]":"下月","_[two]":"剩{{value}}个月","_[few]":"剩{{value}}个月","_[many]":"剩{{value}}个月","_[other]":"剩{{value}}个月"},"years-until-long":{"_":"{[ plural(value) ]}","_[zero]":"今年","_[one]":"明年","_[two]":"剩{{value}}年","_[few]":"剩{{value}}年","_[many]":"剩{{value}}年","_[other]":"剩{{value}}年"},"minutes-ago-short":{"_":"{[ plural(value) ]}","_[zero]":"刚才","_[other]":"{{value}} 分钟前"},"hours-ago-short":{"_":"{[ plural(value) ]}","_[zero]":"刚才","_[other]":"{{value}}小时前"},"days-ago-short":{"_":"{[ plural(value) ]}","_[zero]":"今天","_[other]":"{{value}} 天前"},"minutes-until-short":{"_":"{[ plural(value) ]}","_[zero]":"现在","_[other]":"剩{{value}}分钟"},"hours-until-short":{"_":"{[ plural(value) ]}","_[zero]":"现在","_[other]":"剩{{value}}小时"},"days-until-short":{"_":"{[ plural(value) ]}","_[zero]":"今天","_[other]":"剩{{value}}天"},"incorrectDate":{"_":"（日期不正确）"},"dateTimeFormat_%c":{"_":"%Y 年 %b %e 日 %a %H:%M:%S"},"dateTimeFormat_%x":{"_":"%Y/%m/%d"},"dateTimeFormat_%X":{"_":"%H:%M:%S"},"shortTimeFormat":{"_":"%H:%M"},"shortDateTimeFormat":{"_":"%x %H:%M"},"weekStartsOnMonday":{"_":"0"},"time_am":{"_":"上午"},"time_pm":{"_":"下午"},"reset":{"_":"重置"},"start":{"_":"开始"},"stop":{"_":"停止"},"cancel":{"_":"取消"},"hour":{"_":"小时"},"hours":{"_":"小时"},"minute":{"_":"分钟"},"minutes":{"_":"分钟"},"enable":{"_":"启用"},"back":{"_":"后退"},"label":{"_":"标签"},"alarm":{"_":"闹钟"},"timer":{"_":"计时器"},"stopwatch":{"_":"秒表"},"alarmName":{"placeholder":"闹钟名称"},"newAlarm":{"_":"添加闹钟"},"editAlarm":{"_":"编辑闹钟"},"pause":{"_":"暂停"},"resume":{"_":"继续"},"lap":{"_":"圈"},"lap-number":{"_":"{{n}} 圈"},"delete":{"_":"删除"},"time":{"_":"时间"},"snooze-label":{"_":"小睡"},"snooze-button":{"_":"小睡"},"repeat":{"_":"重复"},"vibrate":{"_":"振动"},"close":{"_":"关闭"},"save":{"_":"保存"},"done":{"_":"完成"},"default":{"_":"默认"},"color":{"_":"颜色"},"sound":{"_":"铃声"},"noSound":{"_":"无声"},"everyday":{"_":"每天"},"weekdays":{"_":"工作日"},"weekends":{"_":"周末"},"never":{"_":"永不"},"vibrateOn":{"_":"开"},"vibrateOff":{"_":"关"},"plusMinute":{"_":"+1 分钟"},"dateFormat":{"_":"%B %e 日 %A"},"countdown-lessThanAnHour":{"_":"距离此闹钟响起还有 <strong>{{minutes}}</strong>。"},"countdown-moreThanAnHour":{"_":"距离此闹钟响起还有 {{hours}} {{minutes}}。"},"countdown-moreThanADay":{"_":"距离此闹钟响起还有 {{days}} {{hours}}。"},"nMinutes":{"_":"{[ plural(n) ]}","_[zero]":"1 分钟不到","_[one]":"1 分钟","_[two]":"{{n}} 分钟","_[few]":"{{n}} 分钟","_[many]":"{{n}} 分钟","_[other]":"{{n}} 分钟"},"nHours":{"_":"{[ plural(n) ]}","_[one]":"<strong>{{n}} 小时</strong>","_[two]":"<strong>{{n}} 小时</strong>","_[few]":"<strong>{{n}} 小时</strong>","_[many]":"<strong>{{n}} 小时</strong>","_[other]":"<strong>{{n}} 小时</strong>"},"nAndRemainHours":{"_":"{[ plural(n) ]}","_[one]":"以及<strong>{{n}} 小时</strong>","_[two]":"以及 <strong>{{n}} 小时</strong>","_[few]":"以及 <strong>{{n}} 小时</strong>","_[many]":"以及 <strong>{{n}} 小时</strong>","_[other]":"以及 <strong>{{n}} 小时</strong>"},"nRemainDays":{"_":"{[ plural(n) ]}","_[one]":"<strong>{{n}} 天</strong>","_[two]":"<strong>{{n}} 天</strong>","_[few]":"<strong>{{n}} 天</strong>","_[many]":"<strong>{{n}} 天</strong>","_[other]":"<strong>{{n}} 天</strong>"},"nRemainMinutes":{"_":"{[ plural(n) ]}","_[one]":"<strong>{{n}} 分钟</strong>","_[two]":"<strong>{{n}} 分钟</strong>","_[few]":"<strong>{{n}} 分钟</strong>","_[many]":"<strong>{{n}} 分钟</strong>","_[other]":"<strong>{{n}} 分钟</strong>"},"ac_classic_clock_alarm_opus":{"_":"经典蜂鸣"},"ac_classic_clock_alarm_prog_opus2":{"_":"渐进脉冲"},"ac_classic_clock_radio_opus":{"_":"经典脉冲"},"ac_normal_gem_echoes_opus":{"_":"宝石回音"},"ac_soft_smooth_strings_opus":{"_":"平滑串音"},"ac_soft_humming_waves_opus":{"_":"闪烁声波"},"ac_normal_ringing_strings_opus":{"_":"串铃"},"ac_soft_into_the_void_opus":{"_":"进入虚空"},"closeButton":{"ariaLabel":"关闭"},"newAlarmButton":{"ariaLabel":"添加闹钟"},"alarm-volume-label":{"_":"系统闹钟音量"},"nSpinnerSeconds":{"_":"{[ plural(n) ]}","_[zero]":"0 秒","_[one]":"1 秒","_[two]":"{{n}} 秒","_[few]":"{{n}} 秒","_[many]":"{{n}} 秒","_[other]":"{{n}} 秒"},"nSpinnerMinutes":{"_":"{[ plural(n) ]}","_[zero]":"0 分钟","_[one]":"1 分钟","_[two]":"{{n}} 分钟","_[few]":"{{n}} 分钟","_[many]":"{{n}} 分钟","_[other]":"{{n}} 分钟"},"nSpinnerHours":{"_":"{[ plural(n) ]}","_[zero]":"0 小时","_[one]":"{{n}} 小时","_[two]":"{{n}} 小时","_[few]":"{{n}} 小时","_[many]":"{{n}} 小时","_[other]":"{{n}} 小时"}}