{"weekday-0-long":{"_":"星期日"},"weekday-1-long":{"_":"星期一"},"weekday-2-long":{"_":"星期二"},"weekday-3-long":{"_":"星期三"},"weekday-4-long":{"_":"星期四"},"weekday-5-long":{"_":"星期五"},"weekday-6-long":{"_":"星期六"},"weekday-0-short":{"_":"週日"},"weekday-1-short":{"_":"週一"},"weekday-2-short":{"_":"週二"},"weekday-3-short":{"_":"週三"},"weekday-4-short":{"_":"週四"},"weekday-5-short":{"_":"週五"},"weekday-6-short":{"_":"週六"},"month-0-long":{"_":"一月"},"month-1-long":{"_":"二月"},"month-2-long":{"_":"三月"},"month-3-long":{"_":"四月"},"month-4-long":{"_":"五月"},"month-5-long":{"_":"六月"},"month-6-long":{"_":"七月"},"month-7-long":{"_":"八月"},"month-8-long":{"_":"九月"},"month-9-long":{"_":"十月"},"month-10-long":{"_":"十一月"},"month-11-long":{"_":"十二月"},"month-0-genitive":{"_":"1 月"},"month-1-genitive":{"_":"2 月"},"month-2-genitive":{"_":"3 月"},"month-3-genitive":{"_":"4 月"},"month-4-genitive":{"_":"5 月"},"month-5-genitive":{"_":"6 月"},"month-6-genitive":{"_":"7 月"},"month-7-genitive":{"_":"8 月"},"month-8-genitive":{"_":"9 月"},"month-9-genitive":{"_":"10 月"},"month-10-genitive":{"_":"11 月"},"month-11-genitive":{"_":"12 月"},"month-0-short":{"_":"1 月"},"month-1-short":{"_":"2 月"},"month-2-short":{"_":"3 月"},"month-3-short":{"_":"4 月"},"month-4-short":{"_":"5 月"},"month-5-short":{"_":"6 月"},"month-6-short":{"_":"7 月"},"month-7-short":{"_":"8 月"},"month-8-short":{"_":"9 月"},"month-9-short":{"_":"10 月"},"month-10-short":{"_":"11 月"},"month-11-short":{"_":"12 月"},"minutes-ago-long":{"_":"{[ plural(value) ]}","_[zero]":"剛剛","_[one]":"1 分鐘前","_[two]":"{{value}} 分鐘前","_[few]":"{{value}} 分鐘前","_[many]":"{{value}} 分鐘前","_[other]":"{{value}} 分鐘前"},"hours-ago-long":{"_":"{[ plural(value) ]}","_[zero]":"剛剛","_[one]":"1 小時前","_[two]":"{{value}} 小時前","_[few]":"{{value}} 小時前","_[many]":"{{value}} 小時前","_[other]":"{{value}} 小時前"},"days-ago-long":{"_":"{[ plural(value) ]}","_[zero]":"今天","_[one]":"昨天","_[two]":"{{value}} 天前","_[few]":"{{value}} 天前","_[many]":"{{value}} 天前","_[other]":"{{value}} 天前"},"weeks-ago-long":{"_":"{[ plural(value) ]}","_[zero]":"本週","_[one]":"上週","_[two]":"{{value}} 週前","_[few]":"{{value}} 週前","_[many]":"{{value}} 週前","_[other]":"{{value}} 週前"},"months-ago-long":{"_":"{[ plural(value) ]}","_[zero]":"本月","_[one]":"上月","_[two]":"{{value}} 月前","_[few]":"{{value}} 月前","_[many]":"{{value}} 月前","_[other]":"{{value}} 月前"},"years-ago-long":{"_":"{[ plural(value) ]}","_[zero]":"今年","_[one]":"去年","_[two]":"{{value}} 年前","_[few]":"{{value}} 年前","_[many]":"{{value}} 年前","_[other]":"{{value}} 年前"},"minutes-until-long":{"_":"{[ plural(value) ]}","_[zero]":"現在","_[one]":"1 分鐘內","_[two]":"{{value}} 分鐘內","_[few]":"{{value}} 分鐘內","_[many]":"{{value}} 分鐘內","_[other]":"{{value}} 分鐘內"},"hours-until-long":{"_":"{[ plural(value) ]}","_[zero]":"現在","_[one]":"1 小時內","_[two]":"{{value}} 小時前","_[few]":"{{value}} 小時前","_[many]":"{{value}} 小時前","_[other]":"{{value}} 小時前"},"days-until-long":{"_":"{[ plural(value) ]}","_[zero]":"今天","_[one]":"明天","_[two]":"{{value}} 天內","_[few]":"{{value}} 天內","_[many]":"{{value}} 天內","_[other]":"{{value}} 天內"},"weeks-until-long":{"_":"{[ plural(value) ]}","_[zero]":"本週","_[one]":"下週","_[two]":"{{value}} 週內","_[few]":"{{value}} 週內","_[many]":"{{value}} 週內","_[other]":"{{value}} 週內"},"months-until-long":{"_":"{[ plural(value) ]}","_[zero]":"本月","_[one]":"下月","_[two]":"{{value}} 月內","_[few]":"{{value}} 月內","_[many]":"{{value}} 月內","_[other]":"{{value}} 月內"},"years-until-long":{"_":"{[ plural(value) ]}","_[zero]":"今年","_[one]":"明年","_[two]":"{{value}} 年內","_[few]":"{{value}} 年內","_[many]":"{{value}} 年內","_[other]":"{{value}} 年內"},"minutes-ago-short":{"_":"{[ plural(value) ]}","_[zero]":"剛剛","_[other]":"{{value}} 分前"},"hours-ago-short":{"_":"{[ plural(value) ]}","_[zero]":"剛剛","_[other]":"{{value}} 時前"},"days-ago-short":{"_":"{[ plural(value) ]}","_[zero]":"今天","_[other]":"{{value}} 天前"},"minutes-until-short":{"_":"{[ plural(value) ]}","_[zero]":"現在","_[other]":"{{value}} 分內"},"hours-until-short":{"_":"{[ plural(value) ]}","_[zero]":"現在","_[other]":"{{value}} 時內"},"days-until-short":{"_":"{[ plural(value) ]}","_[zero]":"今天","_[other]":"{{value}} 天內"},"incorrectDate":{"_":"（日期不正確）"},"dateTimeFormat_%c":{"_":"%Y年%b%d日 %a %p %I:%M:%S"},"dateTimeFormat_%x":{"_":"%Y/%m/%d"},"dateTimeFormat_%X":{"_":"%p %I:%M:%S"},"shortTimeFormat":{"_":"%p %I:%M"},"shortDateTimeFormat":{"_":"%x %p %I:%M"},"weekStartsOnMonday":{"_":"1"},"time_am":{"_":"上午"},"time_pm":{"_":"下午"},"reset":{"_":"重設"},"start":{"_":"開始"},"stop":{"_":"停止"},"cancel":{"_":"取消"},"hour":{"_":"時"},"hours":{"_":"時"},"minute":{"_":"分"},"minutes":{"_":"分"},"enable":{"_":"啟用"},"back":{"_":"上一頁"},"label":{"_":"標籤"},"alarm":{"_":"鬧鐘"},"timer":{"_":"計時器"},"stopwatch":{"_":"碼錶"},"alarmName":{"placeholder":"鬧鐘名稱"},"newAlarm":{"_":"新增鬧鐘"},"editAlarm":{"_":"編輯鬧鐘"},"pause":{"_":"暫停"},"resume":{"_":"繼續"},"lap":{"_":"分段"},"lap-number":{"_":"第 {{n}} 圈"},"delete":{"_":"刪除"},"time":{"_":"時間"},"snooze-label":{"_":"貪睡"},"snooze-button":{"_":"貪睡"},"repeat":{"_":"重複於"},"vibrate":{"_":"震動"},"close":{"_":"關閉"},"save":{"_":"儲存"},"done":{"_":"完成"},"default":{"_":"預設"},"color":{"_":"色彩"},"sound":{"_":"音效"},"noSound":{"_":"無聲"},"everyday":{"_":"每天"},"weekdays":{"_":"工作日"},"weekends":{"_":"周末"},"never":{"_":"永不"},"vibrateOn":{"_":"開啟"},"vibrateOff":{"_":"關閉"},"plusMinute":{"_":"+1 分"},"dateFormat":{"_":"%b %e 日 %A"},"countdown-lessThanAnHour":{"_":"鬧鐘將在 <strong>{{minutes}}</strong> 後啟動。"},"countdown-moreThanAnHour":{"_":"鬧鐘將在 {{hours}} {{minutes}} 後啟動。"},"countdown-moreThanADay":{"_":"鬧鈴已設定於 {{days}} {{hours}} 後"},"nMinutes":{"_":"{[ plural(n) ]}","_[zero]":"不到 1 分鐘","_[one]":"1 分鐘","_[two]":"{{n}} 分鐘","_[few]":"{{n}} 分鐘","_[many]":"{{n}} 分鐘","_[other]":"{{n}} 分鐘"},"nHours":{"_":"{[ plural(n) ]}","_[one]":"<strong>{{n}} 小時</strong>","_[two]":"<strong>{{n}} 小時</strong>","_[few]":"<strong>{{n}} 小時</strong>","_[many]":"<strong>{{n}} 小時</strong>","_[other]":"<strong>{{n}} 小時</strong>"},"nAndRemainHours":{"_":"{[ plural(n) ]}","_[one]":"<strong>{{n}} 小時</strong>","_[two]":"<strong>{{n}} 小時</strong>","_[few]":"<strong>{{n}} 小時</strong>","_[many]":"<strong>{{n}} 小時</strong>","_[other]":"<strong>{{n}} 小時</strong>"},"nRemainDays":{"_":"{[ plural(n) ]}","_[one]":"<strong>{{n}} 天</strong>","_[two]":"<strong>{{n}} 天</strong>","_[few]":"<strong>{{n}} 天</strong>","_[many]":"<strong>{{n}} 天</strong>","_[other]":"<strong>{{n}} 天</strong>"},"nRemainMinutes":{"_":"{[ plural(n) ]}","_[one]":"<strong>{{n}} 分鐘</strong>","_[two]":"<strong>{{n}} 分鐘</strong>","_[few]":"<strong>{{n}} 分鐘</strong>","_[many]":"<strong>{{n}} 分鐘</strong>","_[other]":"<strong>{{n}} 分鐘</strong>"},"ac_classic_clock_alarm_opus":{"_":"Classic Buzz"},"ac_classic_clock_alarm_prog_opus2":{"_":"Pulse Progressive"},"ac_classic_clock_radio_opus":{"_":"Classic Pulse"},"ac_normal_gem_echoes_opus":{"_":"Gem Echoes"},"ac_soft_smooth_strings_opus":{"_":"Smooth Strings"},"ac_soft_humming_waves_opus":{"_":"Shimmering Waves"},"ac_normal_ringing_strings_opus":{"_":"Ringing Strings"},"ac_soft_into_the_void_opus":{"_":"Into the Void"},"closeButton":{"ariaLabel":"關閉"},"newAlarmButton":{"ariaLabel":"新增鬧鐘"},"alarm-volume-label":{"_":"系統警示音量"},"nSpinnerSeconds":{"_":"{[ plural(n) ]}","_[zero]":"0 秒","_[one]":"1 秒","_[two]":"{{n}} 秒","_[few]":"{{n}} 秒","_[many]":"{{n}} 秒","_[other]":"{{n}} 秒"},"nSpinnerMinutes":{"_":"{[ plural(n) ]}","_[zero]":"0 分鐘","_[one]":"1 分鐘","_[two]":"{{n}} 分鐘","_[few]":"{{n}} 分鐘","_[many]":"{{n}} 分鐘","_[other]":"{{n}} 分鐘"},"nSpinnerHours":{"_":"{[ plural(n) ]}","_[zero]":"0 小時","_[one]":"{{n}} 小時","_[two]":"{{n}} 小時","_[few]":"{{n}} 小時","_[many]":"{{n}} 小時","_[other]":"{{n}} 小時"}}