{"brandShortName":{"_":"B2G OS"},"browserBrandShortName":{"_":"متصفح"},"browserBrandFullName":{"_":"مُتصفح موزيلا"},"ok":{"_":"موافق"},"cancel":{"_":"ألغِ"},"done":{"_":"تمّ"},"enter-search-or-address":{"placeholder":"ابحث أو أدخل عنوانا"},"history":{"_":"تأريخ"},"new-tab":{"_":"لسان جديد"},"open-in-new-tab":{"_":"افتح الوصلة في لسان جديد"},"future":{"_":"المستقبل"},"today":{"_":"اليوم"},"yesterday":{"_":"أمس"},"last-7-days":{"_":"آخر ٧ أيام"},"this-month":{"_":"هذا الشهر"},"last-6-months":{"_":"آخر ٦ أشهر"},"older-than-6-months":{"_":"أقدم من ٦ أشهر"},"month-0":{"_":"يناير"},"month-1":{"_":"فبراير"},"month-2":{"_":"مارس"},"month-3":{"_":"أبريل"},"month-4":{"_":"مايو"},"month-5":{"_":"يونيو"},"month-6":{"_":"يوليو"},"month-7":{"_":"أغسطس"},"month-8":{"_":"سبتمبر"},"month-9":{"_":"أكتوبر"},"month-10":{"_":"نوفمبر"},"month-11":{"_":"ديسمبر"},"browser":{"_":"{{browserBrandShortName}}"},"start-browsing":{"_":"أدخل مصطلح بحث أو عنوان ويب لبدء التصفح."},"top-sites-startPage":{"_":"المواقع الأكثر زيارة"},"top-sites-tab":{"_":"المواقع الأكثر زيارة"},"browser-settings":{"_":"الإعدادات"},"privacy-and-security":{"_":"الخصوصية والأمان"},"clear-browsing-history":{"_":"إحذف التأريخ"},"confirm-clear-browsing-history":{"_":"أأمسح تأريخ التصفح؟"},"clear-cookies-and-stored-data":{"_":"امسح البيانات الخاصة"},"confirm-clear-cookies-and-stored-data":{"_":"أأمسح البيانات الخاصة والمعلومات المخزنة من الجهاز؟"},"search-engines":{"_":"محركات البحث"},"default-search-engine":{"_":"محرك البحث الإفتراضي"},"bookmarks":{"_":"العلامات المرجعيه"},"bookmark":{"_":"علّم هذه الصفحة"},"unbookmark":{"_":"إزالة العلامة"},"edit-bookmark":{"_":"حرّر العلامة المرجعية"},"edit-bookmark-header":{"_":"حرّر العلامة المرجعية"},"page-title":{"_":"عنوان الصفحة"},"address":{"_":"العنوان"},"add-to-home-screen":{"_":"أضِف إلى شاشة البداية"},"username":{"_":"اسم المستخدم"},"password":{"_":"كلمة السّر"},"login":{"_":"تسجيل الدخول"},"login-to-a-website":{"_":"تسجيل الدخول إلى الموقع"},"http-authentication-message":{"_":"يتطلب منك الموقع {{host}} تسجيل الدخول."},"the-username-or-password-is-incorrect":{"_":"اسم المستخدم أو كلمة السّر غير صحيحة. "},"this-is-embarrassing":{"_":"هذا محرِج."},"not-responding":{"_":"قمنا بمحاولة عرض هذه الصفحة ولكنها لاتستجيب."},"close-tab":{"_":"أغلِق اللسان"},"reload-tab":{"_":"أعِد التحميل"},"search-for":{"_":"ابحث عن"},"save-image":{"_":"احفظ الصورة"},"image-saved":{"_":"تم حفظ الصورة في معرض الصور                                "},"error-saving-image":{"_":"خطأ أثناء حفظ الصورة"},"save-video":{"_":"حفظ الفيديو"},"video-saved":{"_":"تم حفظ الفيديو في معرض المقاطع"},"error-saving-video":{"_":"خطأ أثناء حفظ الفيديو"},"save-audio":{"_":"حفظ المقطع الصوتي"},"audio-saved":{"_":"تم حفظ المقطع الصوتي في المقاطع الصوتية"},"error-saving-audio":{"_":"خطأ أثناء حفظ المقطع الصوتي"}}