{"brandShortName":{"_":"B2G OS"},"browserBrandShortName":{"_":"Уеб браузър"},"browserBrandFullName":{"_":"Mozilla Уеб браузър"},"ok":{"_":"Добре"},"cancel":{"_":"Отказ"},"done":{"_":"Готово"},"enter-search-or-address":{"placeholder":"Въведете търсене или адрес"},"history":{"_":"История"},"new-tab":{"_":"Нов подпр."},"open-in-new-tab":{"_":"Отвори линка в нов подпрозорец"},"future":{"_":"Бъдеще"},"today":{"_":"Днес"},"yesterday":{"_":"Вчера"},"last-7-days":{"_":"Последните 7 дни"},"this-month":{"_":"Този месец"},"last-6-months":{"_":"Последните 6 месеца"},"older-than-6-months":{"_":"По-стари от 6 месеца"},"month-0":{"_":"Януари"},"month-1":{"_":"Февруари"},"month-2":{"_":"Март"},"month-3":{"_":"Април"},"month-4":{"_":"Май"},"month-5":{"_":"Юни"},"month-6":{"_":"Юли"},"month-7":{"_":"Август"},"month-8":{"_":"Септември"},"month-9":{"_":"Октомври"},"month-10":{"_":"Ноември"},"month-11":{"_":"Декември"},"browser":{"_":"{{browserBrandShortName}}"},"start-browsing":{"_":"Въведете думи за търсене или Уеб адрес, за да започнете да сърфирате."},"top-sites-startPage":{"_":"Топ сайтове"},"top-sites-tab":{"_":"Топ сайтове"},"browser-settings":{"_":"Настройки"},"privacy-and-security":{"_":"Лични данни и сигурност"},"clear-browsing-history":{"_":"Изчистване на историята на браузъра"},"confirm-clear-browsing-history":{"_":"Да бъде ли изистена историята на браузъра?"},"clear-cookies-and-stored-data":{"_":"Изтриване на бисквитките и запазените данни"},"confirm-clear-cookies-and-stored-data":{"_":"Да бъдат ли изтрити бисквитките и другите данни запазени от сайтове на това устройство?"},"search-engines":{"_":"Търсачки"},"default-search-engine":{"_":"Търсачка по подразбиране"},"bookmarks":{"_":"Отметки"},"bookmark":{"_":"Отметка"},"unbookmark":{"_":"Премахване на отметка"},"edit-bookmark":{"_":"Промяна"},"edit-bookmark-header":{"_":"Промяна на отметка"},"page-title":{"_":"Заглавие на страницата"},"address":{"_":"Адрес"},"add-to-home-screen":{"_":"Добави на началния екран"},"username":{"_":"Потребител"},"password":{"_":"Парола"},"login":{"_":"Влизане"},"login-to-a-website":{"_":"Влизане в уеб сайта"},"http-authentication-message":{"_":"Уеб сайтът {{host}} изисква да въведете потребителско име и парола."},"the-username-or-password-is-incorrect":{"_":"Грешно потребителско име или парола."},"this-is-embarrassing":{"_":"Ух, това е неприятно."},"not-responding":{"_":"Опитахме се да покажем тази уеб страница, но тя не отговаря."},"close-tab":{"_":"Затваряне"},"reload-tab":{"_":"Презареждане"},"search-for":{"_":"Търси"},"save-image":{"_":"Запазване на изображението"},"image-saved":{"_":"Изображението е запазено в Галерия"},"error-saving-image":{"_":"Грешка при запазването на изображението"},"save-video":{"_":"Запазване на видеото"},"video-saved":{"_":"Видеото е запазено във Видео"},"error-saving-video":{"_":"Грешка при запазването на видеото"},"save-audio":{"_":"Запазване на аудиото"},"audio-saved":{"_":"Аудиото е запазено в Музика"},"error-saving-audio":{"_":"Грешка при запазването на аудиото"}}