{"brandShortName":{"_":"B2G ওএস"},"browserBrandShortName":{"_":"ওয়েব ব্রাউজার"},"browserBrandFullName":{"_":"মজিলা ওয়েব ব্রাউজার"},"ok":{"_":"ঠিক আছে"},"cancel":{"_":"বাতিল"},"done":{"_":"সম্পন্ন"},"enter-search-or-address":{"placeholder":"অনুসন্ধান করুন অথবা ঠিকানা দিন"},"history":{"_":"ইতিহাস"},"new-tab":{"_":"নতুন ট্যাব"},"open-in-new-tab":{"_":"নতুন ট্যাবে লিঙ্ক খুলুন"},"future":{"_":"ভবিষ্যৎ"},"today":{"_":"আজ"},"yesterday":{"_":"গতকাল"},"last-7-days":{"_":"গত ৭ দিন"},"this-month":{"_":"চলতি মাস"},"last-6-months":{"_":"গত ৬ মাস"},"older-than-6-months":{"_":"৬ মাসের বেশি পুরনো"},"month-0":{"_":"জানুয়ারি"},"month-1":{"_":"ফেব্রুয়ারি"},"month-2":{"_":"মার্চ"},"month-3":{"_":"এপ্রিল"},"month-4":{"_":"মে"},"month-5":{"_":"জুন"},"month-6":{"_":"জুলাই"},"month-7":{"_":"আগস্ট"},"month-8":{"_":"সেপ্টেম্বর"},"month-9":{"_":"অক্টোবর"},"month-10":{"_":"নভেম্বর"},"month-11":{"_":"ডিসেম্বর"},"browser":{"_":"{{browserBrandShortName}}"},"start-browsing":{"_":"অনুসন্ধানের জন্য শব্দ দিন অথবা ব্রাউজিং করতে ওয়েব ঠিকানা দিন।"},"top-sites-startPage":{"_":"শীর্ষ সাইটসমূহ"},"top-sites-tab":{"_":"শীর্ষ সাইটসমূহ"},"browser-settings":{"_":"সেটিংস"},"privacy-and-security":{"_":"গোপনীয়তা ও নিরাপত্তা"},"clear-browsing-history":{"_":"ব্রাউজিং ইতিহাস পরিষ্কার করুন"},"confirm-clear-browsing-history":{"_":"ব্রাউজিং ইতিহাস পরিষ্কার করবেন?"},"clear-cookies-and-stored-data":{"_":"কুকি এবং সংরক্ষিত ডাটা পরিষ্কার করুন"},"confirm-clear-cookies-and-stored-data":{"_":"সাইট দ্বারা এই ডিভাইসে সংরক্ষিত কুকি এবং অন্যান্য ডাটা পরিষ্কার করতে চান?"},"search-engines":{"_":"সার্চ ইঞ্জিন"},"default-search-engine":{"_":"পূর্বনির্ধারিত সার্চ ইঞ্জিন"},"bookmarks":{"_":"বুকমার্ক"},"bookmark":{"_":"বুকমার্ক"},"unbookmark":{"_":"বুকমার্ক অপসারণ"},"edit-bookmark":{"_":"বুকমার্ক সম্পাদনা করুন"},"edit-bookmark-header":{"_":"বুকমার্ক সম্পাদনা করুন"},"page-title":{"_":"পাতার শিরোনাম"},"address":{"_":"ঠিকানা"},"add-to-home-screen":{"_":"প্রধান স্ক্রিনে যোগ করুন"},"username":{"_":"ব্যবহারকারীর নাম"},"password":{"_":"পাসওয়ার্ড"},"login":{"_":"সাইন ইন"},"login-to-a-website":{"_":"ওয়েবসাইটে সাইন ইন করুন"},"http-authentication-message":{"_":"এই ওয়েবসাইট {{host}} এ আপনার সাইন ইন করা প্রয়োজন।"},"the-username-or-password-is-incorrect":{"_":"এই ব্যবহারকারীর নাম অথবা পাসওয়ার্ড ভুল হয়েছে।"},"this-is-embarrassing":{"_":"বিব্রতকর পরিস্থিতির জন্য দুঃখিত।"},"not-responding":{"_":"We tried to display this Web page, but it’s not responding."},"close-tab":{"_":"ট্যাব বন্ধ"},"reload-tab":{"_":"রিলোড"},"search-for":{"_":"যার জন্য অনুসন্ধান"},"save-image":{"_":"ছবি সংরক্ষণ"},"image-saved":{"_":"গ্যালারিতে ছবি সংরক্ষিত হয়েছে"},"error-saving-image":{"_":"ছবি সংরক্ষণে ত্রুটি"},"save-video":{"_":"ভিডিও সংরক্ষণ"},"video-saved":{"_":"ভিডিও টি ভিডিও ফোল্ডারে সংরক্ষিত হয়েছে"},"error-saving-video":{"_":"ভিডিও সংরক্ষণে ত্রুটি"},"save-audio":{"_":"অডিও সংরক্ষণ"},"audio-saved":{"_":"অডিওটি মিউজিক ফোল্ডারে সংরক্ষিত হয়েছে"},"error-saving-audio":{"_":"অডিও সংরক্ষণে ত্রুটি"}}