{"brandShortName":{"_":"B2G OS"},"browserBrandShortName":{"_":"Navegador web"},"browserBrandFullName":{"_":"Navegador web de Mozilla"},"ok":{"_":"D'acord"},"cancel":{"_":"Cancel·la"},"done":{"_":"Fet"},"enter-search-or-address":{"placeholder":"Escriviu una cerca o adreça"},"history":{"_":"Historial"},"new-tab":{"_":"Pestanya nova"},"open-in-new-tab":{"_":"Obre l'enllaç en una pestanya nova"},"future":{"_":"Properament"},"today":{"_":"Avui"},"yesterday":{"_":"Ahir"},"last-7-days":{"_":"Darrers 7 dies"},"this-month":{"_":"Aquest mes"},"last-6-months":{"_":"Darrers 6 mesos"},"older-than-6-months":{"_":"Fa més de 6 mesos"},"month-0":{"_":"Gener"},"month-1":{"_":"Febrer"},"month-2":{"_":"Març"},"month-3":{"_":"Abril"},"month-4":{"_":"Maig"},"month-5":{"_":"Juny"},"month-6":{"_":"Juliol"},"month-7":{"_":"Agost"},"month-8":{"_":"Setembre"},"month-9":{"_":"Octubre"},"month-10":{"_":"Novembre"},"month-11":{"_":"Desembre"},"browser":{"_":"{{browserBrandShortName}}"},"start-browsing":{"_":"Introduïu una cerca o adreça web per iniciar la navegació."},"top-sites-startPage":{"_":"Destacats"},"top-sites-tab":{"_":"Destacats"},"browser-settings":{"_":"Paràmetres"},"privacy-and-security":{"_":"Privadesa i seguretat"},"clear-browsing-history":{"_":"Esborra l'historial de navegació"},"confirm-clear-browsing-history":{"_":"Voleu esborrar l'historial de navegació?"},"clear-cookies-and-stored-data":{"_":"Esborra les galetes i dades emmagatzemades"},"confirm-clear-cookies-and-stored-data":{"_":"Voleu esborrar les galetes i altres dades de llocs web emmagatzemades en aquest dispositiu?"},"search-engines":{"_":"Motors de cerca"},"default-search-engine":{"_":"Motor de cerca per defecte"},"bookmarks":{"_":"Adreces d'interès"},"bookmark":{"_":"Afegeix a les adreces d'interès"},"unbookmark":{"_":"Elimina de les adreces d'interès"},"edit-bookmark":{"_":"Edita l'adreça d'interès"},"edit-bookmark-header":{"_":"Edita adreça interès"},"page-title":{"_":"Títol de la pàgina"},"address":{"_":"Adreça"},"add-to-home-screen":{"_":"Afegeix a la pantalla d'inici"},"username":{"_":"Usuari"},"password":{"_":"Contrasenya"},"login":{"_":"Inicia la sessió"},"login-to-a-website":{"_":"Inicia la sessió al lloc web"},"http-authentication-message":{"_":"El lloc web {{host}} us demana iniciar la sessió."},"the-username-or-password-is-incorrect":{"_":"El nom d'usuari o la contrasenya no és correcte."},"this-is-embarrassing":{"_":"Bé, és lamentable."},"not-responding":{"_":"S'està intentant mostrar aquesta pàgina web, però no respon."},"close-tab":{"_":"Tanca pestanya"},"reload-tab":{"_":"Torna a carregar"},"search-for":{"_":"Cerca"},"save-image":{"_":"Desa la imatge"},"image-saved":{"_":"S'ha desat la imatge a la Galeria"},"error-saving-image":{"_":"Error en desar la imatge"},"save-video":{"_":"Desa el vídeo"},"video-saved":{"_":"S'ha desat el vídeo a Vídeo"},"error-saving-video":{"_":"Error en desar el vídeo"},"save-audio":{"_":"Desa l'àudio"},"audio-saved":{"_":"S'ha desat l'àudio a Música"},"error-saving-audio":{"_":"Error en desar l'àudio"}}