{"brandShortName":{"_":"B2G OS"},"browserBrandShortName":{"_":"Webový prohlížeč"},"browserBrandFullName":{"_":"Webový prohlížeč Mozilla"},"ok":{"_":"OK"},"cancel":{"_":"Zrušit"},"done":{"_":"Dokončit"},"enter-search-or-address":{"placeholder":"Hledat nebo vložit adresu"},"history":{"_":"Historie"},"new-tab":{"_":"Nový panel"},"open-in-new-tab":{"_":"Otevřít odkaz v novém panelu"},"future":{"_":"Budoucnost"},"today":{"_":"Dnes"},"yesterday":{"_":"Včera"},"last-7-days":{"_":"Posledních 7 dnů"},"this-month":{"_":"Tento měsíc"},"last-6-months":{"_":"Posledních 6 měsíců"},"older-than-6-months":{"_":"Starší než 6 měsíců"},"month-0":{"_":"Leden"},"month-1":{"_":"Únor"},"month-2":{"_":"Březen"},"month-3":{"_":"Duben"},"month-4":{"_":"Květen"},"month-5":{"_":"Červen"},"month-6":{"_":"Červenec"},"month-7":{"_":"Srpen"},"month-8":{"_":"Září"},"month-9":{"_":"Říjen"},"month-10":{"_":"Listopad"},"month-11":{"_":"Prosinec"},"browser":{"_":"{{browserBrandShortName}}"},"start-browsing":{"_":"Zadejte hledaný výraz nebo webovou adresu a začněte prohlížet."},"top-sites-startPage":{"_":"Oblíbené stránky"},"top-sites-tab":{"_":"Oblíbené stránky"},"browser-settings":{"_":"Nastavení"},"privacy-and-security":{"_":"Soukromí a zabezpečení"},"clear-browsing-history":{"_":"Vymazat historii prohlížení"},"confirm-clear-browsing-history":{"_":"Vymazat historii prohlížení?"},"clear-cookies-and-stored-data":{"_":"Vymazat cookies a uložená data"},"confirm-clear-cookies-and-stored-data":{"_":"Vymazat cookies a další data uložená stránkami na tomto zařízení?"},"search-engines":{"_":"Vyhledávací moduly"},"default-search-engine":{"_":"Výchozí vyhledávací modul"},"bookmarks":{"_":"Záložky"},"bookmark":{"_":"Záložka"},"unbookmark":{"_":"Odstranit záložku"},"edit-bookmark":{"_":"Upravit záložku"},"edit-bookmark-header":{"_":"Úprava záložky"},"page-title":{"_":"Název stránky"},"address":{"_":"Adresa"},"add-to-home-screen":{"_":"Přidat na domovskou obrazovku"},"username":{"_":"Uživatelské jméno"},"password":{"_":"Heslo"},"login":{"_":"Příhlásit se"},"login-to-a-website":{"_":"Příhlásit se"},"http-authentication-message":{"_":"Webová stránka {{host}} vyžaduje vaše přihlášení."},"the-username-or-password-is-incorrect":{"_":"Chybné uživatelské jméno nebo heslo."},"this-is-embarrassing":{"_":"-Ale toto je trapné."},"not-responding":{"_":"Snažili jsme se zobrazit tuto stránku, ale neodpovídá."},"close-tab":{"_":"Zavřít panel"},"reload-tab":{"_":"Obnovit"},"search-for":{"_":"Vyhledat"},"save-image":{"_":"Uložit obrázek"},"image-saved":{"_":"Obrázek uložen do aplikace Galerie"},"error-saving-image":{"_":"Při ukládání obrázku se vyskytla chyba"},"save-video":{"_":"Uložit video"},"video-saved":{"_":"Video bylo uloženo do aplikace Video"},"error-saving-video":{"_":"Při ukládání videa nastala chyba"},"save-audio":{"_":"Uložit audio"},"audio-saved":{"_":"Audio bylo uloženo do aplikace Hudba"},"error-saving-audio":{"_":"Při ukládání audia nastala chyba"}}