{"brandShortName":{"_":"B2G OS"},"browserBrandShortName":{"_":"Webbrowser"},"browserBrandFullName":{"_":"Mozilla Webbrowser"},"ok":{"_":"OK"},"cancel":{"_":"Annuller"},"done":{"_":"Færdig"},"enter-search-or-address":{"placeholder":"Søg eller indtast adresse"},"history":{"_":"Historik"},"new-tab":{"_":"Nyt faneblad"},"open-in-new-tab":{"_":"Åbn link i nyt faneblad"},"future":{"_":"Fremtid"},"today":{"_":"I dag"},"yesterday":{"_":"I går"},"last-7-days":{"_":"Seneste 7 dage"},"this-month":{"_":"Denne måned"},"last-6-months":{"_":"Seneste 6 måneder"},"older-than-6-months":{"_":"Ældre end 6 måneder"},"month-0":{"_":"Januar"},"month-1":{"_":"Februar"},"month-2":{"_":"Marts"},"month-3":{"_":"April"},"month-4":{"_":"Maj"},"month-5":{"_":"Juni"},"month-6":{"_":"Juli"},"month-7":{"_":"August"},"month-8":{"_":"September"},"month-9":{"_":"Oktober"},"month-10":{"_":"November"},"month-11":{"_":"December"},"browser":{"_":"{{browserBrandShortName}}"},"start-browsing":{"_":"Indtast en søgeterm eller en webadresse for at surfe."},"top-sites-startPage":{"_":"Topsider"},"top-sites-tab":{"_":"Topsider"},"browser-settings":{"_":"Indstillinger"},"privacy-and-security":{"_":"Privatliv og sikkerhed"},"clear-browsing-history":{"_":"Ryd historik"},"confirm-clear-browsing-history":{"_":"Ryd historik?"},"clear-cookies-and-stored-data":{"_":"Ryd cookies og gemte data"},"confirm-clear-cookies-and-stored-data":{"_":"Ryd cookies og andre data, som websteder har gemt på denne enhed?"},"search-engines":{"_":"Søgetjenester"},"default-search-engine":{"_":"Standardsøgetjeneste"},"bookmarks":{"_":"Bogmærker"},"bookmark":{"_":"Sæt bogmærke"},"unbookmark":{"_":"Fjern bogmærke"},"edit-bookmark":{"_":"Rediger bogmærke"},"edit-bookmark-header":{"_":"Rediger bogmærke"},"page-title":{"_":"Sidetitel"},"address":{"_":"Adresse"},"add-to-home-screen":{"_":"Føj til startskærmen"},"username":{"_":"Brugernavn"},"password":{"_":"Adgangskode"},"login":{"_":"Log ind"},"login-to-a-website":{"_":"Log in på websted"},"http-authentication-message":{"_":"Webstedet {{host}} kræver, at du logger ind."},"the-username-or-password-is-incorrect":{"_":"Forkert brugernavn eller adgangskode."},"this-is-embarrassing":{"_":"Se, det her er pinligt."},"not-responding":{"_":"Vi prøvede at vise denne webside, men den svarer ikke."},"close-tab":{"_":"Luk faneblad"},"reload-tab":{"_":"Genindlæs"},"search-for":{"_":"Søg efter"},"save-image":{"_":"Gem billede"},"image-saved":{"_":"Billede gemt i app'en Galleri"},"error-saving-image":{"_":"Kunne ikke gemme billede"},"save-video":{"_":"Gem video"},"video-saved":{"_":"Video gemt i app'en Video"},"error-saving-video":{"_":"Kunne ikke gemme video"},"save-audio":{"_":"Gem lyd"},"audio-saved":{"_":"Lyd gemt i app'en Musik"},"error-saving-audio":{"_":"Kunne ikke gemme lyd"}}