{"brandShortName":{"_":"B2G OS"},"browserBrandShortName":{"_":"Internet-Browser"},"browserBrandFullName":{"_":"Mozilla-Internet-Browser"},"ok":{"_":"OK"},"cancel":{"_":"Abbrechen"},"done":{"_":"Fertig"},"enter-search-or-address":{"placeholder":"Suche oder Adresse"},"history":{"_":"Chronik"},"new-tab":{"_":"Neuer Tab"},"open-in-new-tab":{"_":"Link in neuem Tab öffnen"},"future":{"_":"Zukunft"},"today":{"_":"Heute"},"yesterday":{"_":"Gestern"},"last-7-days":{"_":"Letzte 7 Tage"},"this-month":{"_":"Dieser Monat"},"last-6-months":{"_":"Letzte 6 Monate"},"older-than-6-months":{"_":"Älter als 6 Monate"},"month-0":{"_":"Januar"},"month-1":{"_":"Februar"},"month-2":{"_":"März"},"month-3":{"_":"April"},"month-4":{"_":"Mai"},"month-5":{"_":"Juni"},"month-6":{"_":"Juli"},"month-7":{"_":"August"},"month-8":{"_":"September"},"month-9":{"_":"Oktober"},"month-10":{"_":"November"},"month-11":{"_":"Dezember"},"browser":{"_":"{{browserBrandShortName}}"},"start-browsing":{"_":"Geben Sie einen Suchbegriff oder eine Internetadresse ein, um mit dem Surfen zu beginnen."},"top-sites-startPage":{"_":"Meistbesuchte Seiten"},"top-sites-tab":{"_":"Meistbesucht"},"browser-settings":{"_":"Einstellungen"},"privacy-and-security":{"_":"Datenschutz & Sicherheit"},"clear-browsing-history":{"_":"Browserchronik löschen"},"confirm-clear-browsing-history":{"_":"Browserchronik löschen?"},"clear-cookies-and-stored-data":{"_":"Cookies und gespeicherte Daten löschen"},"confirm-clear-cookies-and-stored-data":{"_":"Cookies und andere durch Websites auf diesem Gerät gespeicherte Daten löschen?"},"search-engines":{"_":"Suchmaschinen"},"default-search-engine":{"_":"Standardsuchmaschine"},"bookmarks":{"_":"Lesezeichen"},"bookmark":{"_":"Als Lesezeichen hinzufügen"},"unbookmark":{"_":"Lesezeichen entfernen"},"edit-bookmark":{"_":"Lesezeichen bearbeiten"},"edit-bookmark-header":{"_":"Bearbeiten"},"page-title":{"_":"Webseitenname"},"address":{"_":"Adresse"},"add-to-home-screen":{"_":"Zum Startbildschirm hinzufügen"},"username":{"_":"Benutzername"},"password":{"_":"Passwort"},"login":{"_":"Anmelden"},"login-to-a-website":{"_":"Anmeldung"},"http-authentication-message":{"_":"Die Website {{host}} benötigt eine Anmeldung."},"the-username-or-password-is-incorrect":{"_":"Der Benutzername oder das Passwort ist falsch."},"this-is-embarrassing":{"_":"Seite reagiert nicht"},"not-responding":{"_":"Es wurde versucht, die Webseite darzustellen, aber sie reagiert nicht."},"close-tab":{"_":"Tab schließen"},"reload-tab":{"_":"Neu laden"},"search-for":{"_":"Suchen nach"},"save-image":{"_":"Grafik speichern"},"image-saved":{"_":"Grafik in Galerie gespeichert"},"error-saving-image":{"_":"Fehler beim Speichern der Grafik"},"save-video":{"_":"Video speichern"},"video-saved":{"_":"Video in App Video gespeichert"},"error-saving-video":{"_":"Fehler beim Speichern des Videos"},"save-audio":{"_":"Audio speichern"},"audio-saved":{"_":"Audio in App Musik gespeichert"},"error-saving-audio":{"_":"Fehler beim Speichern der Audiodatei"}}