{"brandShortName":{"_":"B2G OS"},"browserBrandShortName":{"_":"Περιηγητής"},"browserBrandFullName":{"_":"Περιηγητής Mozilla"},"ok":{"_":"ΟΚ"},"cancel":{"_":"Ακύρωση"},"done":{"_":"ΟΚ"},"enter-search-or-address":{"placeholder":"Διεύθυνση ή αναζήτηση"},"history":{"_":"Ιστορικό"},"new-tab":{"_":"Νέα καρτέλα"},"open-in-new-tab":{"_":"Άνοιγμα σε νέα καρτέλα"},"future":{"_":"Μέλλον"},"today":{"_":"Σήμερα"},"yesterday":{"_":"Χθες"},"last-7-days":{"_":"Τελευταίες 7 ημέρες"},"this-month":{"_":"Αυτόν τον μήνα"},"last-6-months":{"_":"Τελευταίους 6 μήνες"},"older-than-6-months":{"_":"Παλαιότερα από 6 μήνες"},"month-0":{"_":"Ιανουαρίου"},"month-1":{"_":"Φεβρουαρίου"},"month-2":{"_":"Μαρτίου"},"month-3":{"_":"Απριλίου"},"month-4":{"_":"Μαΐου"},"month-5":{"_":"Ιουνίου"},"month-6":{"_":"Ιουλίου"},"month-7":{"_":"Αυγούστου"},"month-8":{"_":"Σεπτεμβρίου"},"month-9":{"_":"Οκτωβρίου"},"month-10":{"_":"Νοεμβρίου"},"month-11":{"_":"Δεκεμβρίου"},"browser":{"_":"{{browserBrandShortName}}"},"start-browsing":{"_":"Εισάγετε έναν όρο αναζήτησης ή διαδικτυακή διεύθυνση για να περιηγηθείτε."},"top-sites-startPage":{"_":"Δημοφιλείς σελίδες"},"top-sites-tab":{"_":"Δημοφιλείς"},"browser-settings":{"_":"Ρυθμίσεις"},"privacy-and-security":{"_":"Απόρρητο και ασφάλεια"},"clear-browsing-history":{"_":"Εκκαθάριση ιστορικού περιήγησης"},"confirm-clear-browsing-history":{"_":"Εκκαθάριση ιστορικού περιήγησης;"},"clear-cookies-and-stored-data":{"_":"Διαγραφή των cookies και των αποθηκευμένων δεδομένων"},"confirm-clear-cookies-and-stored-data":{"_":"Να γίνει διαγραφή των cookies και άλλων δεδομένων που αποθηκεύτηκαν από ιστοσελίδες στη συσκευή;"},"search-engines":{"_":"Μηχανές Αναζήτησης"},"default-search-engine":{"_":"Προεπιλεγμένη μηχανή αναζήτησης"},"bookmarks":{"_":"Σελιδοδείκτες"},"bookmark":{"_":"Σελιδοδείκτης"},"unbookmark":{"_":"Αφαίρεση από τους σελιδοδείκτες"},"edit-bookmark":{"_":"Επεξεργασία σελιδοδείκτη"},"edit-bookmark-header":{"_":"Επεξεργασία"},"page-title":{"_":"Τίτλος σελίδας"},"address":{"_":"Διεύθυνση"},"add-to-home-screen":{"_":"Προσθήκη στην αρχική οθόνη"},"username":{"_":"Όνομα χρήστη"},"password":{"_":"Κωδικός πρόσβασης"},"login":{"_":"Σύνδεση"},"login-to-a-website":{"_":"Σύνδεση στην ιστοσελίδα"},"http-authentication-message":{"_":"Η ιστοσελίδα {{host}} ζητάει να συνδεθείτε."},"the-username-or-password-is-incorrect":{"_":"Το όνομα χρήστη ή ο κωδικός είναι λάθος."},"this-is-embarrassing":{"_":"Λοιπόν, αυτό είναι ντροπιαστικό."},"not-responding":{"_":"Προσπαθήσαμε να εμφανίσουμε την ιστοσελίδα αλλά δεν ανταποκρίνεται."},"close-tab":{"_":"Κλείσιμο"},"reload-tab":{"_":"Ανανέωση"},"search-for":{"_":"Αναζήτηση για"},"save-image":{"_":"Αποθήκευση εικόνας"},"image-saved":{"_":"Η εικόνα αποθηκεύτηκε στα Πολυμέσα"},"error-saving-image":{"_":"Παρουσιάστηκε κάποιο σφάλμα κατά την αποθήκευση της εικόνας"},"save-video":{"_":"Αποθήκευση Βίντεο"},"video-saved":{"_":"Το βίντεο αποθηκεύτηκε στα Βίντεο"},"error-saving-video":{"_":"Παρουσιάστηκε κάποιο σφάλμα κατά την αποθήκευση του βίντεο"},"save-audio":{"_":"Αποθήκευση ήχου"},"audio-saved":{"_":"Ο ήχος αποθηκεύτηκε στη Μουσική"},"error-saving-audio":{"_":"Παρουσιάστηκε κάποιο σφάλμα κατά την αποθήκευση του ήχου"}}