{"brandShortName":{"_":"B2G OS"},"browserBrandShortName":{"_":"Navegador"},"browserBrandFullName":{"_":"Navegador de Mozilla"},"ok":{"_":"Aceptar"},"cancel":{"_":"Cancelar"},"done":{"_":"Hecho"},"enter-search-or-address":{"placeholder":"Busque o escriba dirección"},"history":{"_":"Historial"},"new-tab":{"_":"Nueva pestaña"},"open-in-new-tab":{"_":"Abrir enlace en una nueva pestaña"},"future":{"_":"Futuro"},"today":{"_":"Hoy"},"yesterday":{"_":"Ayer"},"last-7-days":{"_":"Últimos 7 días"},"this-month":{"_":"Este mes"},"last-6-months":{"_":"Últimos 6 meses"},"older-than-6-months":{"_":"Anterior a 6 meses"},"month-0":{"_":"enero"},"month-1":{"_":"febrero"},"month-2":{"_":"marzo"},"month-3":{"_":"abril"},"month-4":{"_":"mayo"},"month-5":{"_":"junio"},"month-6":{"_":"julio"},"month-7":{"_":"agosto"},"month-8":{"_":"septiembre"},"month-9":{"_":"octubre"},"month-10":{"_":"noviembre"},"month-11":{"_":"diciembre"},"browser":{"_":"{{browserBrandShortName}}"},"start-browsing":{"_":"Escriba un término de búsqueda o una dirección web para comenzar a navegar."},"top-sites-startPage":{"_":"Sitios destacados"},"top-sites-tab":{"_":"Sitios destacados"},"browser-settings":{"_":"Ajustes"},"privacy-and-security":{"_":"Privacidad y seguridad"},"clear-browsing-history":{"_":"Borrar historial"},"confirm-clear-browsing-history":{"_":"¿Desea borrar el historial de navegación?"},"clear-cookies-and-stored-data":{"_":"Borrar cookies y datos"},"confirm-clear-cookies-and-stored-data":{"_":"¿Desea borrar las cookies y otros datos guardados por los sitios web en este dispositivo?"},"search-engines":{"_":"Buscadores"},"default-search-engine":{"_":"Buscador por defecto"},"bookmarks":{"_":"Marcadores"},"bookmark":{"_":"Agregar marcador"},"unbookmark":{"_":"Eliminar marcador"},"edit-bookmark":{"_":"Editar marcador"},"edit-bookmark-header":{"_":"Editar marcador"},"page-title":{"_":"Título de la página"},"address":{"_":"Dirección"},"add-to-home-screen":{"_":"Agregar a pant. inicio"},"username":{"_":"Usuario/a"},"password":{"_":"Contraseña"},"login":{"_":"Identificarse"},"login-to-a-website":{"_":"Identificarse en sitio web"},"http-authentication-message":{"_":"El sitio web {{host}} requiere que se identifique."},"the-username-or-password-is-incorrect":{"_":"El nombre de usuario o la contraseña son incorrectos."},"this-is-embarrassing":{"_":"Bueno, esto es un poco incómodo."},"not-responding":{"_":"Intentamos mostrar esta página, pero no responde."},"close-tab":{"_":"Cerrar pestaña"},"reload-tab":{"_":"Recargar"},"search-for":{"_":"Buscar"},"save-image":{"_":"Guardar imagen"},"image-saved":{"_":"Imagen guardada en Galería"},"error-saving-image":{"_":"Error al guardar imagen"},"save-video":{"_":"Guardar vídeo"},"video-saved":{"_":"Vídeo guardado en Vídeo"},"error-saving-video":{"_":"Error al guardar vídeo"},"save-audio":{"_":"Guardar audio"},"audio-saved":{"_":"Audio guardado en Música"},"error-saving-audio":{"_":"Error al guardar audio"}}