{"brandShortName":{"_":"B2G SEa"},"browserBrandShortName":{"_":"Web nabigatzailea"},"browserBrandFullName":{"_":"Mozilla web nabigatzailea"},"ok":{"_":"Ados"},"cancel":{"_":"Utzi"},"done":{"_":"Eginda"},"enter-search-or-address":{"placeholder":"Idatzi bilaketa edo helbidea"},"history":{"_":"Historia"},"new-tab":{"_":"Fitxa berria"},"open-in-new-tab":{"_":"Ireki lotura fitxa berrian"},"future":{"_":"Etorkizuna"},"today":{"_":"Gaur"},"yesterday":{"_":"Atzo"},"last-7-days":{"_":"Azken 7 egunak"},"this-month":{"_":"Hilabete hau"},"last-6-months":{"_":"Azken 6 hilabeteak"},"older-than-6-months":{"_":"6 hilabete baino zaharragoa"},"month-0":{"_":"urtarrila"},"month-1":{"_":"otsaila"},"month-2":{"_":"martxoa"},"month-3":{"_":"apirila"},"month-4":{"_":"maiatza"},"month-5":{"_":"ekaina"},"month-6":{"_":"uztaila"},"month-7":{"_":"abuztua"},"month-8":{"_":"iraila"},"month-9":{"_":"urria"},"month-10":{"_":"azaroa"},"month-11":{"_":"abendua"},"browser":{"_":"{{browserBrandShortName}}"},"start-browsing":{"_":"Idatzi bilaketa-terminoa edo web helbidea nabigatzen hasteko."},"top-sites-startPage":{"_":"Erabilienak"},"top-sites-tab":{"_":"Erabilienak"},"browser-settings":{"_":"Ezarpenak"},"privacy-and-security":{"_":"Pribatutasuna eta segurtasuna"},"clear-browsing-history":{"_":"Garbitu nabigatze-historia"},"confirm-clear-browsing-history":{"_":"Nabigatze-historia garbitu?"},"clear-cookies-and-stored-data":{"_":"Garbitu cookie-ak eta gordetako datuak"},"confirm-clear-cookies-and-stored-data":{"_":"Cookie-ak eta guneek gailu honetan gordetako bestelako datuak garbitu?"},"search-engines":{"_":"Bilaketa-motorrak"},"default-search-engine":{"_":"Bilaketa-motor lehenetsia"},"bookmarks":{"_":"Laster-markak"},"bookmark":{"_":"Egin laster-marka"},"unbookmark":{"_":"Kendu laster-marka"},"edit-bookmark":{"_":"Editatu laster-marka"},"edit-bookmark-header":{"_":"Editatu laster-marka"},"page-title":{"_":"Orriaren izenburua"},"address":{"_":"Helbidea"},"add-to-home-screen":{"_":"Gehitu hasierako pantailara"},"username":{"_":"Erabiltzaile-izena"},"password":{"_":"Pasahitza"},"login":{"_":"Hasi saioa"},"login-to-a-website":{"_":"Hasi saioa webgunean"},"http-authentication-message":{"_":"{{host}} webguneak saioa hastea eskatzen du."},"the-username-or-password-is-incorrect":{"_":"Erabiltzaile-izena edo pasahitza okerra da."},"this-is-embarrassing":{"_":"Tira, pixka bat lotsagarria da hau."},"not-responding":{"_":"Web orri hau bistaratzen saiatu gara baina ez du erantzuten."},"close-tab":{"_":"Itxi fitxa"},"reload-tab":{"_":"Birkargatu"},"search-for":{"_":"Bilatu:"},"save-image":{"_":"Gorde irudia"},"image-saved":{"_":"Irudia galerian gorde da"},"error-saving-image":{"_":"Errorea irudia gordetzean"},"save-video":{"_":"Gorde bideoa"},"video-saved":{"_":"Bideoa bideoetan gorde da"},"error-saving-video":{"_":"Errorea bideoa gordetzean"},"save-audio":{"_":"Gorde audioa"},"audio-saved":{"_":"Audioa musikan gorde da"},"error-saving-audio":{"_":"Errorea audioa gordetzean"}}