{"brandShortName":{"_":"B2G OS"},"browserBrandShortName":{"_":"Navigateur web"},"browserBrandFullName":{"_":"Navigateur web de Mozilla"},"ok":{"_":"OK"},"cancel":{"_":"Annuler"},"done":{"_":"Terminé"},"enter-search-or-address":{"placeholder":"Recherche ou adresse"},"history":{"_":"Historique","style.maxWidth":"20%"},"new-tab":{"_":"Nouvel onglet"},"open-in-new-tab":{"_":"Ouvrir dans un nouvel onglet"},"future":{"_":"Futur"},"today":{"_":"Aujourd’hui"},"yesterday":{"_":"Hier"},"last-7-days":{"_":"Ces 7 derniers jours"},"this-month":{"_":"Ce mois-ci"},"last-6-months":{"_":"Ces 6 derniers mois"},"older-than-6-months":{"_":"Il y a plus de 6 mois"},"month-0":{"_":"Janvier"},"month-1":{"_":"Février"},"month-2":{"_":"Mars"},"month-3":{"_":"Avril"},"month-4":{"_":"Mai"},"month-5":{"_":"Juin"},"month-6":{"_":"Juillet"},"month-7":{"_":"Août"},"month-8":{"_":"Septembre"},"month-9":{"_":"Octobre"},"month-10":{"_":"Novembre"},"month-11":{"_":"Décembre"},"browser":{"_":"{{browserBrandShortName}}"},"start-browsing":{"_":"Pour commencer la navigation, saisissez un terme à chercher ou une adresse web."},"top-sites-startPage":{"_":"Les plus visités"},"top-sites-tab":{"_":"+ visités","style.maxWidth":"15%"},"browser-settings":{"_":"Paramètres"},"privacy-and-security":{"_":"Vie privée et sécurité"},"clear-browsing-history":{"_":"Effacer l’historique"},"confirm-clear-browsing-history":{"_":"Effacer l’historique de navigation ?"},"clear-cookies-and-stored-data":{"_":"Effacer cookies et données"},"confirm-clear-cookies-and-stored-data":{"_":"Effacer les cookies et d’autres données stockées par des sites sur cet appareil ?"},"search-engines":{"_":"Moteurs de recherche"},"default-search-engine":{"_":"Moteur de recherche par défaut"},"bookmarks":{"_":"Marque-pages","style.maxWidth":"27%"},"bookmark":{"_":"Marquer cette page"},"unbookmark":{"_":"Ne plus marquer"},"edit-bookmark":{"_":"Modifier le marque-page"},"edit-bookmark-header":{"_":"Modifier marque-page"},"page-title":{"_":"Titre de la page"},"address":{"_":"Adresse"},"add-to-home-screen":{"_":"Ajouter à l’écran d’accueil"},"username":{"_":"Nom d’utilisateur"},"password":{"_":"Mot de passe"},"login":{"_":"Connexion"},"login-to-a-website":{"_":"Connexion au site"},"http-authentication-message":{"_":"Le site {{host}} demande à ce que vous vous identifiez."},"the-username-or-password-is-incorrect":{"_":"Le nom d’utilisateur ou le mot de passe est incorrect."},"this-is-embarrassing":{"_":"Hum, c’est embarrassant."},"not-responding":{"_":"Nous avons essayé d’afficher cette page web, mais elle ne répond pas."},"close-tab":{"_":"Fermer l’onglet"},"reload-tab":{"_":"Actualiser"},"search-for":{"_":"Rechercher"},"save-image":{"_":"Enregistrer l’image"},"image-saved":{"_":"Image enregistrée dans Galerie"},"error-saving-image":{"_":"Erreur lors de l’enregistrement de l’image"},"save-video":{"_":"Enregistrer la vidéo"},"video-saved":{"_":"Vidéo enregistrée dans Vidéo"},"error-saving-video":{"_":"Erreur lors de l’enregistrement de la vidéo"},"save-audio":{"_":"Enregistrer l’audio"},"audio-saved":{"_":"Audio enregistré dans Musique"},"error-saving-audio":{"_":"Erreur lors de l’enregistrement de l’audio"}}