{"brandShortName":{"_":"B2G OS"},"browserBrandShortName":{"_":"Navegador web"},"browserBrandFullName":{"_":"Navegador web de Mozilla"},"ok":{"_":"Aceptar"},"cancel":{"_":"Cancelar"},"done":{"_":"Feito"},"enter-search-or-address":{"placeholder":"Buscar ou escribir enderezo"},"history":{"_":"Historial"},"new-tab":{"_":"Nova lapela"},"open-in-new-tab":{"_":"Abrir a ligazón nunha nova lapela"},"future":{"_":"Futuro"},"today":{"_":"Hoxe"},"yesterday":{"_":"Onte"},"last-7-days":{"_":"Últimos 7 días"},"this-month":{"_":"Este mes"},"last-6-months":{"_":"Últimos 6 meses"},"older-than-6-months":{"_":"Hai máis de 6 meses"},"month-0":{"_":"Xaneiro"},"month-1":{"_":"Febreiro"},"month-2":{"_":"Marzo"},"month-3":{"_":"Abril"},"month-4":{"_":"Maio"},"month-5":{"_":"Xuño"},"month-6":{"_":"Xullo"},"month-7":{"_":"Agosto"},"month-8":{"_":"Setembro"},"month-9":{"_":"Outubro"},"month-10":{"_":"Novembro"},"month-11":{"_":"Decembro"},"browser":{"_":"{{browserBrandShortName}}"},"start-browsing":{"_":"Escriba un termo de busca ou un enderezo web para iniciar a navegación."},"top-sites-startPage":{"_":"Sitios favoritos"},"top-sites-tab":{"_":"Sitios favoritos"},"browser-settings":{"_":"Axustes"},"privacy-and-security":{"_":"Privacidade e seguranza"},"clear-browsing-history":{"_":"Limpar o historial de navegación"},"confirm-clear-browsing-history":{"_":"Desexa limpar o historial de navegación?"},"clear-cookies-and-stored-data":{"_":"Limpar as cookies e os datos almacenados"},"confirm-clear-cookies-and-stored-data":{"_":"Desexa limpar as cookies e outros datos almacenados polos sitios neste dispositivo?"},"search-engines":{"_":"Buscadores"},"default-search-engine":{"_":"Buscador predeterminado"},"bookmarks":{"_":"Marcado"},"bookmark":{"_":"Marcador"},"unbookmark":{"_":"Eliminar marcador"},"edit-bookmark":{"_":"Editar marcador"},"edit-bookmark-header":{"_":"Editar marcador"},"page-title":{"_":"Título da páxina"},"address":{"_":"Enderezo"},"add-to-home-screen":{"_":"Engadir á pantalla inicial"},"username":{"_":"Nome de usuario"},"password":{"_":"Contrasinal"},"login":{"_":"Identificarse"},"login-to-a-website":{"_":"Acceder ao sitio web"},"http-authentication-message":{"_":"O sitio web {{host}} require que se identifique."},"the-username-or-password-is-incorrect":{"_":"O nome de usuario ou contrasinal é incorrecto."},"this-is-embarrassing":{"_":"Vaia, sentímolo."},"not-responding":{"_":"Tentouse amosar esta páxina web pero non está respondendo."},"close-tab":{"_":"Pechar a lapela"},"reload-tab":{"_":"Recargar"},"search-for":{"_":"Buscar por"},"save-image":{"_":"Gardar imaxe"},"image-saved":{"_":"Gardouse a imaxe na Galería"},"error-saving-image":{"_":"Produciuse un erro ao gardar a imaxe"},"save-video":{"_":"Gardar vídeo"},"video-saved":{"_":"Gardouse o vídeo en Vídeo"},"error-saving-video":{"_":"Produciuse un erro ao gardar o vídeo"},"save-audio":{"_":"Gardar son"},"audio-saved":{"_":"Gardouse o son en Música"},"error-saving-audio":{"_":"Produciuse un erro ao gardar o son"}}