{"brandShortName":{"_":"B2G OS"},"browserBrandShortName":{"_":"Web preglednik"},"browserBrandFullName":{"_":"Mozilla web preglednik"},"ok":{"_":"U redu"},"cancel":{"_":"Otkaži"},"done":{"_":"Gotovo"},"enter-search-or-address":{"placeholder":"Adresa ili pojam pretrage"},"history":{"_":"Povijest"},"new-tab":{"_":"Nova kartica"},"open-in-new-tab":{"_":"Otvori poveznicu u novoj kartici"},"future":{"_":"Buduće"},"today":{"_":"Danas"},"yesterday":{"_":"Jučer"},"last-7-days":{"_":"Zadnjih 7 dana"},"this-month":{"_":"Ovaj mjesec"},"last-6-months":{"_":"Zadnjih 6 mjeseci"},"older-than-6-months":{"_":"Starije od 6 mjeseci"},"month-0":{"_":"Siječanj"},"month-1":{"_":"Veljača"},"month-2":{"_":"Ožujak"},"month-3":{"_":"Travanj"},"month-4":{"_":"Svibanj"},"month-5":{"_":"Lipanj"},"month-6":{"_":"Srpanj"},"month-7":{"_":"Kolovoz"},"month-8":{"_":"Rujan"},"month-9":{"_":"Listopad"},"month-10":{"_":"Studeni"},"month-11":{"_":"Prosinac"},"browser":{"_":"{{browserBrandShortName}}"},"start-browsing":{"_":"Upišite adresu ili pojam za pretraživanje da biste započeli surfati."},"top-sites-startPage":{"_":"Popularne"},"top-sites-tab":{"_":"Popularne"},"browser-settings":{"_":"Postavke"},"privacy-and-security":{"_":"Privatnost i sigurnost"},"clear-browsing-history":{"_":"Obriši povijest pretraživanja"},"confirm-clear-browsing-history":{"_":"Obrisati povijest pretraživanja?"},"clear-cookies-and-stored-data":{"_":"Obriši kolačiće i podatke pretraživanja"},"confirm-clear-cookies-and-stored-data":{"_":"Obrisati kolačiće i podatke pretraživanja na ovom uređaju?"},"search-engines":{"_":"Tražilice"},"default-search-engine":{"_":"Zadana tražilica"},"bookmarks":{"_":"Zabilješke"},"bookmark":{"_":"Zabilješka"},"unbookmark":{"_":"Ukloni zabilješku"},"edit-bookmark":{"_":"Uredi zabilješku"},"edit-bookmark-header":{"_":"Uredi zabilješku"},"page-title":{"_":"Naslov stranice"},"address":{"_":"Adresa"},"add-to-home-screen":{"_":"Dodaj na početni zaslon"},"username":{"_":"Korisničko ime"},"password":{"_":"Lozinka"},"login":{"_":"Prijava"},"login-to-a-website":{"_":"Prijava na web stranicu"},"http-authentication-message":{"_":"Web stranica {{host}} zahtijeva da se prijavite."},"the-username-or-password-is-incorrect":{"_":"Neispravno korisničko ime ili lozinka."},"this-is-embarrassing":{"_":"Ups, ovo je sramotno."},"not-responding":{"_":"We tried to display this Web page, but it’s not responding."},"close-tab":{"_":"Zatvori karticu"},"reload-tab":{"_":"Ponovno učitaj"},"search-for":{"_":"Traži za"},"save-image":{"_":"Spremi sliku"},"image-saved":{"_":"Slika snimljena u Galeriju"},"error-saving-image":{"_":"Greška pri spremanju slike"},"save-video":{"_":"Spremi video"},"video-saved":{"_":"Video spremljen u Video"},"error-saving-video":{"_":"Greška pri spremanju videa"},"save-audio":{"_":"Spremi zvuk"},"audio-saved":{"_":"Zvuk spremljen u Glazba"},"error-saving-audio":{"_":"Greška pri spremanju zvuka"}}