{"brandShortName":{"_":"B2G OS"},"browserBrandShortName":{"_":"Webböngésző"},"browserBrandFullName":{"_":"Mozilla webböngésző"},"ok":{"_":"OK"},"cancel":{"_":"Mégse"},"done":{"_":"Kész"},"enter-search-or-address":{"placeholder":"Keresés vagy cím"},"history":{"_":"Előzmény"},"new-tab":{"_":"Új lap"},"open-in-new-tab":{"_":"Megnyitás új lapon"},"future":{"_":"Jövőben"},"today":{"_":"Ma"},"yesterday":{"_":"Tegnap"},"last-7-days":{"_":"Elmúlt 7 nap"},"this-month":{"_":"Ez a hónap"},"last-6-months":{"_":"Elmúlt 6 hónap"},"older-than-6-months":{"_":"6 hónapnál régebben"},"month-0":{"_":"Január"},"month-1":{"_":"Február"},"month-2":{"_":"Március"},"month-3":{"_":"Április"},"month-4":{"_":"Május"},"month-5":{"_":"Június"},"month-6":{"_":"Július"},"month-7":{"_":"Augusztus"},"month-8":{"_":"Szeptember"},"month-9":{"_":"Október"},"month-10":{"_":"November"},"month-11":{"_":"December"},"browser":{"_":"{{browserBrandShortName}}"},"start-browsing":{"_":"Adjon meg keresőkifejezést vagy webcímet a böngészés megkezdéséhez"},"top-sites-startPage":{"_":"Népszerű oldalak"},"top-sites-tab":{"_":"Népszerű oldalak"},"browser-settings":{"_":"Beállítások"},"privacy-and-security":{"_":"Adatvédelem és biztonság"},"clear-browsing-history":{"_":"Böngészési előzmények törlése"},"confirm-clear-browsing-history":{"_":"Törli a böngészési előzményeket?"},"clear-cookies-and-stored-data":{"_":"Sütik és eltárolt adatok törlése"},"confirm-clear-cookies-and-stored-data":{"_":"Törli a webhelyek által eltárolt sütiket és az adatokat az eszközről?"},"search-engines":{"_":"Keresőszolgáltatások"},"default-search-engine":{"_":"Alapértelmezett keresőszolgáltatás"},"bookmarks":{"_":"Könyvjelző"},"bookmark":{"_":"Könyvjelző"},"unbookmark":{"_":"Könyvjelző törlése"},"edit-bookmark":{"_":"Könyvjelző írása"},"edit-bookmark-header":{"_":"Könyvjelző írása"},"page-title":{"_":"Oldal címe"},"address":{"_":"Cím"},"add-to-home-screen":{"_":"Kezdőképernyőre"},"username":{"_":"Felhasználónév"},"password":{"_":"Jelszó"},"login":{"_":"Bejelentkezés"},"login-to-a-website":{"_":"Bejelentkezés webhelyre"},"http-authentication-message":{"_":"A(z) {{host}} webhely bejelentkezést igényel."},"the-username-or-password-is-incorrect":{"_":"A felhasználói név vagy jelszó helytelen."},"this-is-embarrassing":{"_":"Sajnálatos dolog történt"},"not-responding":{"_":"Megpróbáltuk megjeleníteni ezt a weboldalt, de az nem válaszol."},"close-tab":{"_":"Lap bezárása"},"reload-tab":{"_":"Frissítés"},"search-for":{"_":"Keresés"},"save-image":{"_":"Kép mentése"},"image-saved":{"_":"Kép mentve a Galériába"},"error-saving-image":{"_":"Hiba a kép mentésekor"},"save-video":{"_":"Videó mentése"},"video-saved":{"_":"Videó mentve a Videó appba"},"error-saving-video":{"_":"Hiba a videó mentésekor"},"save-audio":{"_":"Hang mentése"},"audio-saved":{"_":"Hang mentve a Zene appba"},"error-saving-audio":{"_":"Hiba a hang mentésekor"}}