{"brandShortName":{"_":"B2G OS"},"browserBrandShortName":{"_":"Browser web"},"browserBrandFullName":{"_":"Browser web Mozilla"},"ok":{"_":"OK"},"cancel":{"_":"Annulla"},"done":{"_":"Fine"},"enter-search-or-address":{"placeholder":"Cerca o scrivi indirizzo"},"history":{"_":"Cronologia"},"new-tab":{"_":"Nuova scheda"},"open-in-new-tab":{"_":"Apri in una nuova scheda"},"future":{"_":"Futuro"},"today":{"_":"Oggi"},"yesterday":{"_":"Ieri"},"last-7-days":{"_":"Ultimi 7 giorni"},"this-month":{"_":"Questo mese"},"last-6-months":{"_":"Ultimi 6 mesi"},"older-than-6-months":{"_":"Più vecchio di 6 mesi"},"month-0":{"_":"Gennaio"},"month-1":{"_":"Febbraio"},"month-2":{"_":"Marzo"},"month-3":{"_":"Aprile"},"month-4":{"_":"Maggio"},"month-5":{"_":"Giugno"},"month-6":{"_":"Luglio"},"month-7":{"_":"Agosto"},"month-8":{"_":"Settembre"},"month-9":{"_":"Ottobre"},"month-10":{"_":"Novembre"},"month-11":{"_":"Dicembre"},"browser":{"_":"{{browserBrandShortName}}"},"start-browsing":{"_":"Inserire un termine da cercare o un indirizzo per avviare la navigazione."},"top-sites-startPage":{"_":"Siti principali"},"top-sites-tab":{"_":"Siti principali"},"browser-settings":{"_":"Impostazioni"},"privacy-and-security":{"_":"Privacy e sicurezza"},"clear-browsing-history":{"_":"Elimina cronologia navigazione"},"confirm-clear-browsing-history":{"_":"Eliminare la cronologia di navigazione?"},"clear-cookies-and-stored-data":{"_":"Elimina cookie e dati salvati"},"confirm-clear-cookies-and-stored-data":{"_":"Eliminare i cookie e gli altri dati salvati dai siti su questo dispositivo?"},"search-engines":{"_":"Motori di ricerca"},"default-search-engine":{"_":"Motore di ricerca predefinito"},"bookmarks":{"_":"Segnalibri"},"bookmark":{"_":"Segnalibro"},"unbookmark":{"_":"Elimina segnalibro"},"edit-bookmark":{"_":"Modifica segnalibro"},"edit-bookmark-header":{"_":"Modifica"},"page-title":{"_":"Titolo della pagina"},"address":{"_":"Indirizzo"},"add-to-home-screen":{"_":"Aggiungi alla schermata principale"},"username":{"_":"Nome utente"},"password":{"_":"Password"},"login":{"_":"Accedi"},"login-to-a-website":{"_":"Accedi al sito"},"http-authentication-message":{"_":"È necessario effettuare l’accesso al sito {{host}}."},"the-username-or-password-is-incorrect":{"_":"Nome utente o password errati."},"this-is-embarrassing":{"_":"Oops, questo è imbarazzante"},"not-responding":{"_":"Impossibile visualizzare la pagina perché il sito non risponde"},"close-tab":{"_":"Chiudi scheda"},"reload-tab":{"_":"Ricarica"},"search-for":{"_":"Cerca"},"save-image":{"_":"Salva immagine"},"image-saved":{"_":"Immagine salvata in Galleria"},"error-saving-image":{"_":"Errore durante salvataggio immagine"},"save-video":{"_":"Salva video"},"video-saved":{"_":"Video salvato in Video"},"error-saving-video":{"_":"Errore durante salvataggio video"},"save-audio":{"_":"Salva audio"},"audio-saved":{"_":"Audio salvato in Musica"},"error-saving-audio":{"_":"Errore durante salvataggio audio"}}