{"brandShortName":{"_":"B2G OS"},"browserBrandShortName":{"_":"Web ブラウザ"},"browserBrandFullName":{"_":"Mozilla Web ブラウザ"},"ok":{"_":"OK"},"cancel":{"_":"キャンセル"},"done":{"_":"完了"},"enter-search-or-address":{"placeholder":"検索語か URL を入力してください"},"history":{"_":"履歴"},"new-tab":{"_":"新しいタブ"},"open-in-new-tab":{"_":"リンクを新しいタブで開く"},"future":{"_":"未来"},"today":{"_":"今日"},"yesterday":{"_":"昨日"},"last-7-days":{"_":"7日以内"},"this-month":{"_":"今月"},"last-6-months":{"_":"6か月以内"},"older-than-6-months":{"_":"6か月以前"},"month-0":{"_":"1月"},"month-1":{"_":"2月"},"month-2":{"_":"3月"},"month-3":{"_":"4月"},"month-4":{"_":"5月"},"month-5":{"_":"6月"},"month-6":{"_":"7月"},"month-7":{"_":"8月"},"month-8":{"_":"9月"},"month-9":{"_":"10月"},"month-10":{"_":"11月"},"month-11":{"_":"12月"},"browser":{"_":"{{browserBrandShortName}}"},"start-browsing":{"_":"検索語か URL を入力してください"},"top-sites-startPage":{"_":"トップサイト"},"top-sites-tab":{"_":"トップサイト"},"browser-settings":{"_":"設定"},"privacy-and-security":{"_":"プライバシーとセキュリティ"},"clear-browsing-history":{"_":"ページの表示履歴を消去"},"confirm-clear-browsing-history":{"_":"ページの表示履歴を消去してもよろしいですか？"},"clear-cookies-and-stored-data":{"_":"Cookie と保存されたデータを消去"},"confirm-clear-cookies-and-stored-data":{"_":"この端末に保存された Web サイトの Cookie とデータを消去してもよろしいですか？"},"search-engines":{"_":"検索エンジン"},"default-search-engine":{"_":"既定の検索エンジン"},"bookmarks":{"_":"ブックマーク"},"bookmark":{"_":"ブックマークに追加"},"unbookmark":{"_":"ブックマークを削除"},"edit-bookmark":{"_":"ブックマークを編集"},"edit-bookmark-header":{"_":"ブックマーク編集"},"page-title":{"_":"タイトル"},"address":{"_":"URL"},"add-to-home-screen":{"_":"ホーム画面に追加"},"username":{"_":"ユーザ名"},"password":{"_":"パスワード"},"login":{"_":"ログイン"},"login-to-a-website":{"_":"Web サイトにログイン"},"http-authentication-message":{"_":"{{host}} へのログインが必要です"},"the-username-or-password-is-incorrect":{"_":"ユーザ名もしくはパスワードが正しくありません"},"this-is-embarrassing":{"_":"ご迷惑をおかけして申し訳ありません。"},"not-responding":{"_":"表示しようとした Web ページからの応答がありません。"},"close-tab":{"_":"タブを閉じる"},"reload-tab":{"_":"再読み込み"},"search-for":{"_":"検索:"},"save-image":{"_":"画像を保存"},"image-saved":{"_":"画像をギャラリーに保存しました"},"error-saving-image":{"_":"画像の保存に失敗しました"},"save-video":{"_":"動画を保存"},"video-saved":{"_":"動画を動画フォルダに保存しました"},"error-saving-video":{"_":"動画の保存に失敗しました"},"save-audio":{"_":"音声を保存"},"audio-saved":{"_":"音声を音楽フォルダに保存しました"},"error-saving-audio":{"_":"音声の保存に失敗しました"}}