{"brandShortName":{"_":"B2G OS"},"browserBrandShortName":{"_":"កម្មវិធី​អ៊ីនធឺណិត"},"browserBrandFullName":{"_":"កម្មវិធី​អ៊ីនធឺណិត​ Mozilla"},"ok":{"_":"យល់ព្រម"},"cancel":{"_":"បោះបង់"},"done":{"_":"រួចរាល់"},"enter-search-or-address":{"placeholder":"ស្វែងរក ឬ​បញ្ចូល​អាសយដ្ឋាន"},"history":{"_":"ប្រវត្តិ"},"new-tab":{"_":"ផ្ទាំង​ថ្មី"},"open-in-new-tab":{"_":"បើក​តំណ​ក្នុង​ផ្ទាំង​ថ្មី"},"future":{"_":"អនាគត"},"today":{"_":"ថ្ងៃ​នេះ"},"yesterday":{"_":"ម្សិលមិញ"},"last-7-days":{"_":"7 ថ្ងៃ​មុន"},"this-month":{"_":"​ខែ​នេះ"},"last-6-months":{"_":"6 ខែ​មុន"},"older-than-6-months":{"_":"ជាង 6 ខែ​មុន"},"month-0":{"_":"មករា"},"month-1":{"_":"កុម្ភៈ"},"month-2":{"_":"មីនា"},"month-3":{"_":"មេសា"},"month-4":{"_":"ឧសភា"},"month-5":{"_":"មិថុនា"},"month-6":{"_":"កក្កដា"},"month-7":{"_":"សីហា"},"month-8":{"_":"កញ្ញា"},"month-9":{"_":"តុលា"},"month-10":{"_":"វិច្ឆិកា"},"month-11":{"_":"ធ្នូ"},"browser":{"_":"{{browserBrandShortName}}"},"start-browsing":{"_":"បញ្ចូលពាក្យស្វែងរក ឬអាសយដ្ឋានបណ្ដាញដើម្បីចាប់់ផ្ដើមរុករក។"},"top-sites-startPage":{"_":"តំបន់បណ្ដាញ​ពេញ​និយម"},"top-sites-tab":{"_":"តំបន់បណ្ដាញ​ពេញនិយម"},"browser-settings":{"_":"ការកំណត់"},"privacy-and-security":{"_":"ភាពឯកជន & សុវត្ថិភាព"},"clear-browsing-history":{"_":"សម្អាត​ប្រវត្តិ​រុករក"},"confirm-clear-browsing-history":{"_":"សម្អាត​ប្រវត្តិ​រុករក​ឬ?"},"clear-cookies-and-stored-data":{"_":"សម្អាត​ខូគី និង​ទិន្នន័យ​​ដែល​បាន​ផ្ទុក"},"confirm-clear-cookies-and-stored-data":{"_":"សម្អាត​ខូគី និង​ទិន្នន័យ​ផ្សេងៗ​ដែល​បាន​រក្សាទុក​​ដោយ​តំបន់​បណ្ដាញ​លើ​ឧបករណ៍​នេះ?"},"search-engines":{"_":"ម៉ាស៊ីន​ស្វែងរក"},"default-search-engine":{"_":"ម៉ាស៊ីន​ស្វែងរក​លំនាំដើម"},"bookmarks":{"_":"ចំណាំ"},"bookmark":{"_":"ចំណាំ"},"unbookmark":{"_":"មិន​ចំណាំ"},"edit-bookmark":{"_":"កែសម្រួល​ចំណាំ"},"edit-bookmark-header":{"_":"កែសម្រួល​ចំណាំ"},"page-title":{"_":"ចំណង​ជើង​ទំព័រ"},"address":{"_":"អាសយដ្ឋាន"},"add-to-home-screen":{"_":"បន្ថែមទៅអេក្រង់ដើម"},"username":{"_":"ឈ្មោះ​អ្នក​ប្រើ"},"password":{"_":"ពាក្យ​សម្ងាត់"},"login":{"_":"ចូល"},"login-to-a-website":{"_":"ចូល​ទៅ​តំបន់​បណ្ដាញ"},"http-authentication-message":{"_":"តំបន់​បណ្ដាញ {{host}} ទាមទារ​​​អ្នក​ឲ្យ​​ចូល។"},"the-username-or-password-is-incorrect":{"_":"ឈ្មោះ​អ្នក​ប្រើ ឬ​ពាក្យ​សម្ងាត់​មិន​ត្រឹមត្រូវ។"},"this-is-embarrassing":{"_":"នេះ​ពិតជា​ខ្មាស​គេ​មែន។"},"not-responding":{"_":"យើង​បាន​ព្យាយាម​​បង្ហាញ​ទំព័រ​បណ្ដាញ​នេះ តែ​​វា​មិន​ឆ្លើយតប។"},"close-tab":{"_":"បិទ​ផ្ទាំង"},"reload-tab":{"_":"ផ្ទុក​ឡើងវិញ"},"search-for":{"_":"ស្វែងរក"},"save-image":{"_":"រក្សាទុក​រូបភាព"},"image-saved":{"_":"បាន​រក្សាទុក​រូបភាព​ទៅ​វិចិត្រសាល"},"error-saving-image":{"_":"មាន​កំហុស​ក្នុង​ការ​រក្សាទុក​រូបភាព"},"save-video":{"_":"រក្សាទុក​វីដេអូ"},"video-saved":{"_":"បាន​រក្សាទុក​វីដេអូ​ទៅ​វីដេអូ"},"error-saving-video":{"_":"មាន​កំហុស​ក្នុង​ការ​រក្សាទុក​វីដេអូ"},"save-audio":{"_":"រក្សាទុក​អូឌីយ៉ូ"},"audio-saved":{"_":"បាន​រក្សាទុក​អូឌីយ៉ូ​ទៅ​តន្ត្រី"},"error-saving-audio":{"_":"មាន​កំហុស​ក្នុង​ការ​រក្សាទុក​អូឌីយ៉ូ"}}