{"brandShortName":{"_":"B2G OS"},"browserBrandShortName":{"_":"웹 브라우저"},"browserBrandFullName":{"_":"Mozilla 웹 브라우저"},"ok":{"_":"확인"},"cancel":{"_":"취소"},"done":{"_":"완료"},"enter-search-or-address":{"placeholder":"검색어 및 주소 입력"},"history":{"_":"방문 기록"},"new-tab":{"_":"새 탭"},"open-in-new-tab":{"_":"새 탭에 링크 열기"},"future":{"_":"미래"},"today":{"_":"오늘"},"yesterday":{"_":"어제"},"last-7-days":{"_":"지난 일주일"},"this-month":{"_":"이번 달"},"last-6-months":{"_":"지난 6개월전"},"older-than-6-months":{"_":"6개월 이전"},"month-0":{"_":"1월"},"month-1":{"_":"2월"},"month-2":{"_":"3월"},"month-3":{"_":"4월"},"month-4":{"_":"5월"},"month-5":{"_":"6월"},"month-6":{"_":"7월"},"month-7":{"_":"8월"},"month-8":{"_":"9월"},"month-9":{"_":"10월"},"month-10":{"_":"11월"},"month-11":{"_":"12월"},"browser":{"_":"{{browserBrandShortName}}"},"start-browsing":{"_":"검색어나 웹 주소를 입력하면 시작됩니다."},"top-sites-startPage":{"_":"자주 방문한 사이트"},"top-sites-tab":{"_":"방문순"},"browser-settings":{"_":"설정"},"privacy-and-security":{"_":"개인 정보 및 보안"},"clear-browsing-history":{"_":"방문 기록 삭제"},"confirm-clear-browsing-history":{"_":"방문 기록을 삭제하시겠습니까?"},"clear-cookies-and-stored-data":{"_":"쿠키와 저장된 데이터 삭제"},"confirm-clear-cookies-and-stored-data":{"_":"사이트에서 저장한 쿠키와 기타 데이터를 모두 삭제하시겠습니까?"},"search-engines":{"_":"검색 엔진"},"default-search-engine":{"_":"기본 검색 엔진"},"bookmarks":{"_":"북마크"},"bookmark":{"_":"북마크"},"unbookmark":{"_":"북마크 제거"},"edit-bookmark":{"_":"북마크 편집"},"edit-bookmark-header":{"_":"북마크 편집"},"page-title":{"_":"페이지 제목"},"address":{"_":"주소"},"add-to-home-screen":{"_":"홈 화면에 추가"},"username":{"_":"사용자명"},"password":{"_":"암호"},"login":{"_":"로그인"},"login-to-a-website":{"_":"웹사이트에 로그인"},"http-authentication-message":{"_":"웹사이트 {{host}}에서 로그인을 요구합니다."},"the-username-or-password-is-incorrect":{"_":"사용자명이나 암호가 잘못되었습니다."},"this-is-embarrassing":{"_":"이것 참, 말씀드리기가..."},"not-responding":{"_":"웹페이지를 보여드리고 싶지만 응답을 하질 않네요."},"close-tab":{"_":"탭 닫기"},"reload-tab":{"_":"새로 고침"},"search-for":{"_":"검색"},"save-image":{"_":"이미지 저장 "},"image-saved":{"_":"이미지 갤러리 저장 완료"},"error-saving-image":{"_":"이미지 저장 오류"},"save-video":{"_":"동영상 저장 "},"video-saved":{"_":"동영상 저장 완료"},"error-saving-video":{"_":"동영상 저장 오류"},"save-audio":{"_":"음성 저장 "},"audio-saved":{"_":"음성 저장 완료"},"error-saving-audio":{"_":"음성 저장 오류"}}