{"brandShortName":{"_":"B2G OS"},"browserBrandShortName":{"_":"Saityno naršyklė"},"browserBrandFullName":{"_":"„Mozillos“ saityno naršyklė"},"ok":{"_":"Gerai"},"cancel":{"_":"Atsisakyti"},"done":{"_":"Baigta"},"enter-search-or-address":{"placeholder":"Ieškokite arba įveskite adresą"},"history":{"_":"Žurnalas"},"new-tab":{"_":"Nauja kortelė"},"open-in-new-tab":{"_":"Atverti saitą naujoje kortelėje"},"future":{"_":"Ateitis"},"today":{"_":"Šiandiena"},"yesterday":{"_":"Vakardiena"},"last-7-days":{"_":"Pastarosios 7 dienos"},"this-month":{"_":"Šis mėnuo"},"last-6-months":{"_":"Pastarieji 6 mėnesiai"},"older-than-6-months":{"_":"Seniau nei prieš 6 mėnesius"},"month-0":{"_":"Sausis"},"month-1":{"_":"Vasaris"},"month-2":{"_":"Kovas"},"month-3":{"_":"Balandis"},"month-4":{"_":"Gegužė"},"month-5":{"_":"Birželis"},"month-6":{"_":"Liepa"},"month-7":{"_":"Rugpjūtis"},"month-8":{"_":"Rugsėjis"},"month-9":{"_":"Spalis"},"month-10":{"_":"Lapkritis"},"month-11":{"_":"Gruodis"},"browser":{"_":"{{browserBrandShortName}}"},"start-browsing":{"_":"Įveskite paieškos žodį arba saityno adresą ir pradėkite naršymą."},"top-sites-startPage":{"_":"Lankomiausi tinklalapiai"},"top-sites-tab":{"_":"Dažniausi"},"browser-settings":{"_":"Nuostatos"},"privacy-and-security":{"_":"Privatumas ir saugumas"},"clear-browsing-history":{"_":"Valyti naršymo žurnalą"},"confirm-clear-browsing-history":{"_":"Išvalyti naršymo žurnalą?"},"clear-cookies-and-stored-data":{"_":"Šalinti slapukus ir kitus įrašytus duomenis"},"confirm-clear-cookies-and-stored-data":{"_":"Pašalinti slapukus ir kitus svetainių šiame įrenginyje įrašytus duomenis?"},"search-engines":{"_":"Ieškyklės"},"default-search-engine":{"_":"Numatytoji ieškyklė"},"bookmarks":{"_":"Adresynas"},"bookmark":{"_":"Įrašyti į adresyną"},"unbookmark":{"_":"Pašalinti iš adresyno"},"edit-bookmark":{"_":"Taisyti adresyno įrašą"},"edit-bookmark-header":{"_":"Adresyno įr. taisa"},"page-title":{"_":"Tinklalapio pavadinimas"},"address":{"_":"Adresas"},"add-to-home-screen":{"_":"Įtraukti į Pradžios ekraną"},"username":{"_":"Abonento vardas"},"password":{"_":"Slaptažodis"},"login":{"_":"Jungtis"},"login-to-a-website":{"_":"Jungimasis prie svetainės"},"http-authentication-message":{"_":"Svetainė {{host}} reikalauja pateikti abonento vardą ir slaptažodį."},"the-username-or-password-is-incorrect":{"_":"Abonento vardas arba slaptažodis neteisingas."},"this-is-embarrassing":{"_":"Vaje, kaip apmaudu."},"not-responding":{"_":"Buvo bandoma atvaizduoti šį tinklalapį, bet jis nebeatsako."},"close-tab":{"_":"Užverti kortelę"},"reload-tab":{"_":"Įkelti iš naujo"},"search-for":{"_":"Ieškoti"},"save-image":{"_":"Įrašyti paveikslą"},"image-saved":{"_":"Paveikslas įrašytas Galerijoje"},"error-saving-image":{"_":"Klaida įrašant paveikslą"},"save-video":{"_":"Įrašyti klipą"},"video-saved":{"_":"Klipas įrašytas Vaizdo įrašų aplanke"},"error-saving-video":{"_":"Klaida įrašant klipą"},"save-audio":{"_":"Įrašyti garsą"},"audio-saved":{"_":"Garsas įrašytas Muzikos aplanke"},"error-saving-audio":{"_":"Klaida įrašant garsą"}}