{"brandShortName":{"_":"B2G OS"},"browserBrandShortName":{"_":"Прелистувач"},"browserBrandFullName":{"_":"Прелистувач на Mozilla"},"ok":{"_":"Во ред"},"cancel":{"_":"Откажи"},"done":{"_":"Заврши"},"enter-search-or-address":{"placeholder":"Внеси пребарување или адреса"},"history":{"_":"Историја"},"new-tab":{"_":"Ново јазиче"},"open-in-new-tab":{"_":"Отвори во ново јазиче"},"future":{"_":"Иднина"},"today":{"_":"Денес"},"yesterday":{"_":"Вчера"},"last-7-days":{"_":"Последната седмица"},"this-month":{"_":"Овој месец"},"last-6-months":{"_":"Последното полугодие"},"older-than-6-months":{"_":"Постаро од 6 месеци"},"month-0":{"_":"јануари"},"month-1":{"_":"февруари"},"month-2":{"_":"март"},"month-3":{"_":"април"},"month-4":{"_":"мај"},"month-5":{"_":"јуни"},"month-6":{"_":"јули"},"month-7":{"_":"август"},"month-8":{"_":"септември"},"month-9":{"_":"октомври"},"month-10":{"_":"ноември"},"month-11":{"_":"декември"},"browser":{"_":"{{browserBrandShortName}}"},"start-browsing":{"_":"Внесете пребарување или адреса за да почнете да сурфате."},"top-sites-startPage":{"_":"Топ-сајтови"},"top-sites-tab":{"_":"Топ-сајтови"},"browser-settings":{"_":"Поставки"},"privacy-and-security":{"_":"Приватност и безбедност"},"clear-browsing-history":{"_":"Исчисти ја сурферската историја"},"confirm-clear-browsing-history":{"_":"Потврди чистење на сурферската историја?"},"clear-cookies-and-stored-data":{"_":"Исчисти ги колачињата и снимените податоци"},"confirm-clear-cookies-and-stored-data":{"_":"Потврди чистење на колачињата и снимените податоци од мрежни места на овој уред?"},"search-engines":{"_":"Пребарувачи"},"default-search-engine":{"_":"Основен пребарувач"},"bookmarks":{"_":"Обележувачи"},"bookmark":{"_":"Обележи"},"unbookmark":{"_":"Одбележи"},"edit-bookmark":{"_":"Уреди обележувач"},"edit-bookmark-header":{"_":"Уреди обележувач"},"page-title":{"_":"Наслов на страницата"},"address":{"_":"Адреса"},"add-to-home-screen":{"_":"Додај на домашен екран"},"username":{"_":"Корисничко име"},"password":{"_":"Лозинка"},"login":{"_":"Пријави се"},"login-to-a-website":{"_":"Пријави се на мрежно место"},"http-authentication-message":{"_":"Мрежното место{{host}} бара да се пријавите."},"the-username-or-password-is-incorrect":{"_":"Корисничкото име или лозинката не се точни."},"this-is-embarrassing":{"_":"Ова е засрамувачки."},"not-responding":{"_":"Пробавме да ја прикажеме страницата, но таа не одговара."},"close-tab":{"_":"Затвори јазиче"},"reload-tab":{"_":"Вчитај отпочеток"},"search-for":{"_":"Барај за"},"save-image":{"_":"Сними ја сликата"},"image-saved":{"_":"Сликата е снимена во галеријата"},"error-saving-image":{"_":"Грешка при снимањето на сликата"},"save-video":{"_":"Сними го видеото"},"video-saved":{"_":"Видеото е снимено во видео"},"error-saving-video":{"_":"Грешка при снимањето на видеото"},"save-audio":{"_":"Сними го аудиото"},"audio-saved":{"_":"Аудиото е снимено во музика"},"error-saving-audio":{"_":"Грешка при снимањето на аудиото"}}