{"brandShortName":{"_":"B2G OS"},"browserBrandShortName":{"_":"Pelayar Web"},"browserBrandFullName":{"_":"Pelayar Web Mozilla"},"ok":{"_":"OK"},"cancel":{"_":"Batal"},"done":{"_":"Selesai"},"enter-search-or-address":{"placeholder":"Cari atau masukkan alamat"},"history":{"_":"Sejarah"},"new-tab":{"_":"Tab Baru"},"open-in-new-tab":{"_":"Buka pautan di tab baru"},"future":{"_":"Masa Hadapan"},"today":{"_":"Hari ini"},"yesterday":{"_":"Semalam"},"last-7-days":{"_":"7 hari lalu"},"this-month":{"_":"Bulan Ini"},"last-6-months":{"_":"6 bulan lepas"},"older-than-6-months":{"_":"Lebih dari 6 bulan"},"month-0":{"_":"Januari"},"month-1":{"_":"Februari"},"month-2":{"_":"Mac"},"month-3":{"_":"April"},"month-4":{"_":"Mei"},"month-5":{"_":"Jun"},"month-6":{"_":"Julai"},"month-7":{"_":"Ogos"},"month-8":{"_":"September"},"month-9":{"_":"Oktober"},"month-10":{"_":"November"},"month-11":{"_":"Disember"},"browser":{"_":"{{browserBrandShortName}}"},"start-browsing":{"_":"Masukkan terma carian atau alamat Web untuk memulakan pelayaran."},"top-sites-startPage":{"_":"Laman popular"},"top-sites-tab":{"_":"Laman popular"},"browser-settings":{"_":"Tetapan"},"privacy-and-security":{"_":"Privasi & Keselamatan"},"clear-browsing-history":{"_":"Lapangkan sejarah pelayaran"},"confirm-clear-browsing-history":{"_":"Lapangkan sejarah pelayaran?"},"clear-cookies-and-stored-data":{"_":"Lapangkan kuki dan data tersimpan"},"confirm-clear-cookies-and-stored-data":{"_":"Lapangkan kuki dan data lain yang disimpan oleh laman pada peranti ini?"},"search-engines":{"_":"Enjin Carian"},"default-search-engine":{"_":"Enjin carian lalai"},"bookmarks":{"_":"Penanda buku"},"bookmark":{"_":"Penanda buku"},"unbookmark":{"_":"Batal menanda buku"},"edit-bookmark":{"_":"Sunting penanda buku"},"edit-bookmark-header":{"_":"Sunting penanda buku"},"page-title":{"_":"Tajuk laman"},"address":{"_":"Alamat"},"add-to-home-screen":{"_":"Menambah kepada skrin utama"},"username":{"_":"Nama pengguna"},"password":{"_":"Kata laluan"},"login":{"_":"Daftar masuk"},"login-to-a-website":{"_":"Mendaftar masuk laman web"},"http-authentication-message":{"_":"Laman web {{host}} memerlukan anda mendaftar masuk."},"the-username-or-password-is-incorrect":{"_":"Nama pengguna dan kata laluan tidak betul."},"this-is-embarrassing":{"_":"Oh tidak, ini agak memalukan."},"not-responding":{"_":"Kami telah cuba untuk memaparkan laman Web ini, namun tiada balasan."},"close-tab":{"_":"Tutup tab"},"reload-tab":{"_":"Ulang muat"},"search-for":{"_":"Carian untuk"},"save-image":{"_":"Simpan Imej"},"image-saved":{"_":"Imej disimpan pada Galeri"},"error-saving-image":{"_":"Ralat menyimpan imej"},"save-video":{"_":"Simpan Video"},"video-saved":{"_":"Video disimpan pada Video"},"error-saving-video":{"_":"Ralat menyimpan video"},"save-audio":{"_":"Simpan Audio"},"audio-saved":{"_":"Audio disimpan pada Muzik"},"error-saving-audio":{"_":"Ralat menyimpan audio"}}