{"brandShortName":{"_":"बिटुजि अोएस"},"browserBrandShortName":{"_":"वेब ब्राउजर"},"browserBrandFullName":{"_":"मोजिल्ला वेब ब्राउजर"},"ok":{"_":"ठीक छ"},"cancel":{"_":"रद्द गर्नुहोस्"},"done":{"_":"सकियो"},"enter-search-or-address":{"placeholder":"खोजी वा ठेगाना राखनुहोस्।"},"history":{"_":"इतिहास"},"new-tab":{"_":"नयाँ ट्याब"},"open-in-new-tab":{"_":"नयाँ ट्याबमा लिङ्क खोल्नुहोस्"},"future":{"_":"भविष्य"},"today":{"_":"आज"},"yesterday":{"_":"हिजो"},"last-7-days":{"_":"अन्तिम ७ दिनहरु"},"this-month":{"_":"यो महिना"},"last-6-months":{"_":"अन्तिम ६ महिनाहरु"},"older-than-6-months":{"_":"६ महिना भन्दा पुरानो"},"month-0":{"_":"जनवरी"},"month-1":{"_":"फेब्रुअरी"},"month-2":{"_":"मार्च"},"month-3":{"_":"अप्रिल"},"month-4":{"_":"मे"},"month-5":{"_":"जुन"},"month-6":{"_":"जुलाई"},"month-7":{"_":"अगस्ट"},"month-8":{"_":"सेप्टेम्बर"},"month-9":{"_":"अक्टोबर"},"month-10":{"_":"नोभेम्बर"},"month-11":{"_":"डिसेम्बर"},"browser":{"_":"{{browserBrandShortName}}"},"start-browsing":{"_":"ब्राउजीङ्ग सुरु गर्नकालागि खोजीको टर्म वा वेब ठेगाना प्रविष्ट गर्नुहोस्।"},"top-sites-startPage":{"_":"शिर्ष साइटहरु"},"top-sites-tab":{"_":"शिर्ष साइटहरु"},"browser-settings":{"_":"सेटिङहरू"},"privacy-and-security":{"_":"गोपनीयता र सुरक्षा"},"clear-browsing-history":{"_":"ब्राउजिङ इतिहास खाली गर्नुहोस्"},"confirm-clear-browsing-history":{"_":"ब्राउजिङ इतिहास खाली गर्नुहुन्छ ?"},"clear-cookies-and-stored-data":{"_":"कुकिज र सङ्ग्रहित डाटा खाली पर्नुहोस्"},"confirm-clear-cookies-and-stored-data":{"_":"यो यन्त्रमा साइटहरुले सङ्ग्रह गरेका कुकिज र अरु डाटाहरु खाली पार्नुहुन्छ?"},"search-engines":{"_":"सर्च ईन्जिनहरू"},"default-search-engine":{"_":"यथावत खोजी संयन्त्र"},"bookmarks":{"_":"पुस्तकचिन्हहरु"},"bookmark":{"_":"पुस्तकचिन्ह"},"unbookmark":{"_":"पुस्तकचिनो हटाउनुहोस्"},"edit-bookmark":{"_":"पुस्तकचिनो सम्पादन गर्नुहोस्"},"edit-bookmark-header":{"_":"पुस्तकचिनो सम्पादन गर्नुहोस्"},"page-title":{"_":"पृष्ठ शीर्षक"},"address":{"_":"ठेगाना"},"add-to-home-screen":{"_":"गृह पर्दामा थप्नुहोस्"},"username":{"_":"प्रयोगकर्ता नाम"},"password":{"_":"पासवर्ड"},"login":{"_":"साईनईन"},"login-to-a-website":{"_":"वेबसाइटमा साइनइन गर्नुहोस्"},"http-authentication-message":{"_":"{{host}} वेबसाइटमा तपाईले साइन इन गर्न अावश्यक छ।"},"the-username-or-password-is-incorrect":{"_":"प्रयोगकर्ता नाम र पासवर्ड गलत छ।"},"this-is-embarrassing":{"_":"यो लज्जाजनक छ।"},"not-responding":{"_":"यो वेबपेज देखाउन प्रयास गरियो, तर कुनै प्रतिक्रिया दिइरहेको छैन।"},"close-tab":{"_":"ट्याब बन्द गर्नुहोस्"},"reload-tab":{"_":"पुन: लोड गर्नुहोस्"},"search-for":{"_":"यसको खोजी गर्नुहोस्"},"save-image":{"_":"छवि बचत गर्नुहोस्"},"image-saved":{"_":"तस्विरहरु सङ्ग्राहलयमा बचत गरियो"},"error-saving-image":{"_":"तस्विर बचत गर्दा त्रुटि भयो"},"save-video":{"_":"भिडियो बचत गर्नुहोस्"},"video-saved":{"_":"भिडियो भिडियोमा बचत गरियो"},"error-saving-video":{"_":"भिडियो बचत गर्दा त्रुटि भयो"},"save-audio":{"_":"ध्वनि बचत गर्नुहोस्"},"audio-saved":{"_":"ध्वनि सङ्गितमा बचत गरियो"},"error-saving-audio":{"_":"ध्वनि बचत गर्दा त्रुटि"}}