{"brandShortName":{"_":"B2G OS"},"browserBrandShortName":{"_":"Webbrowser"},"browserBrandFullName":{"_":"Mozilla-webbrowser"},"ok":{"_":"OK"},"cancel":{"_":"Annuleren"},"done":{"_":"Gereed"},"enter-search-or-address":{"placeholder":"Voer zoekterm of adres in"},"history":{"_":"Geschiedenis"},"new-tab":{"_":"Nieuw tabblad"},"open-in-new-tab":{"_":"Koppeling openen in nieuw tabblad"},"future":{"_":"Toekomst"},"today":{"_":"Vandaag"},"yesterday":{"_":"Gisteren"},"last-7-days":{"_":"Afgelopen 7 dagen"},"this-month":{"_":"Deze maand"},"last-6-months":{"_":"Afgelopen 6 maanden"},"older-than-6-months":{"_":"Ouder dan 6 maanden"},"month-0":{"_":"januari"},"month-1":{"_":"februari"},"month-2":{"_":"maart"},"month-3":{"_":"april"},"month-4":{"_":"mei"},"month-5":{"_":"juni"},"month-6":{"_":"juli"},"month-7":{"_":"augustus"},"month-8":{"_":"september"},"month-9":{"_":"oktober"},"month-10":{"_":"november"},"month-11":{"_":"december"},"browser":{"_":"{{browserBrandShortName}}"},"start-browsing":{"_":"Voer een zoekterm of webadres in om met browsen te beginnen."},"top-sites-startPage":{"_":"Topwebsites"},"top-sites-tab":{"_":"Topwebsites"},"browser-settings":{"_":"Instellingen"},"privacy-and-security":{"_":"Privacy & beveiliging"},"clear-browsing-history":{"_":"Navigatiegeschiedenis wissen"},"confirm-clear-browsing-history":{"_":"Navigatiegeschiedenis wissen?"},"clear-cookies-and-stored-data":{"_":"Cookies en opgeslagen gegevens wissen"},"confirm-clear-cookies-and-stored-data":{"_":"Cookies en andere door websites opgeslagen gegevens op dit apparaat wissen?"},"search-engines":{"_":"Zoekmachines"},"default-search-engine":{"_":"Standaardzoekmachine"},"bookmarks":{"_":"Bladwijzers"},"bookmark":{"_":"Bladwijzer maken"},"unbookmark":{"_":"Bladwijzer verwijderen"},"edit-bookmark":{"_":"Bladwijzer bewerken"},"edit-bookmark-header":{"_":"Bladwijzer bewerken"},"page-title":{"_":"Paginatitel"},"address":{"_":"Adres"},"add-to-home-screen":{"_":"Toevoegen aan startscherm"},"username":{"_":"Gebruikersnaam"},"password":{"_":"Wachtwoord"},"login":{"_":"Aanmelden"},"login-to-a-website":{"_":"Aanmelden bij website"},"http-authentication-message":{"_":"De website {{host}} vereist dat u zich aanmeldt."},"the-username-or-password-is-incorrect":{"_":"Gebruikersnaam of wachtwoord onjuist."},"this-is-embarrassing":{"_":"Onze excuses voor het ongemak."},"not-responding":{"_":"We hebben geprobeerd deze webpagina weer te geven, maar deze reageert niet."},"close-tab":{"_":"Tabblad sluiten"},"reload-tab":{"_":"Vernieuwen"},"search-for":{"_":"Zoeken naar"},"save-image":{"_":"Afbeelding opslaan"},"image-saved":{"_":"Afbeelding opgeslagen in Galerij"},"error-saving-image":{"_":"Fout bij opslaan van afbeelding"},"save-video":{"_":"Video opslaan"},"video-saved":{"_":"Video opgeslagen in Video"},"error-saving-video":{"_":"Fout bij opslaan van video"},"save-audio":{"_":"Audio opslaan"},"audio-saved":{"_":"Audio opgeslagen in Muziek"},"error-saving-audio":{"_":"Fout bij opslaan van audio"}}