{"brandShortName":{"_":"B2G OS"},"browserBrandShortName":{"_":"ਵੈੱਬ ਬਰਾਊਜ਼ਰ"},"browserBrandFullName":{"_":"ਮੋਜ਼ੀਲਾ ਵੈੱਬ ਬਰਾਊਜ਼ਰ"},"ok":{"_":"ਠੀਕ ਹੈ"},"cancel":{"_":"ਰੱਦ ਕਰੋ"},"done":{"_":"ਮੁਕੰਮਲ"},"enter-search-or-address":{"placeholder":"ਖੋਜੋ ਜਾਂ ਸਿਰਨਾਵਾਂ ਦਿਓ"},"history":{"_":"ਅਤੀਤ"},"new-tab":{"_":"ਨਵੀਂ ਟੈਬ"},"open-in-new-tab":{"_":"ਨਵੀਂ ਟੈਬ ਵਿਚ ਲਿੰਕ ਖੋਲ੍ਹੋ"},"future":{"_":"ਭਵਿੱਖ"},"today":{"_":"ਅੱਜ"},"yesterday":{"_":"ਕੱਲ੍ਹ"},"last-7-days":{"_":"ਪਿਛਲੇ 7 ਦਿਹ"},"this-month":{"_":"ਇਹ ਮਹੀਨਾ"},"last-6-months":{"_":"6 ਮਹੀਨੇ ਪੁਰਾਣਾ"},"older-than-6-months":{"_":"6 ਮਹੀਨਿਆਂ ਤੋਂ ਵੱਧ ਪੁਰਾਣਾ"},"month-0":{"_":"ਜਨਵਰੀ"},"month-1":{"_":"ਫਰਵਰੀ"},"month-2":{"_":"ਮਾਰਚ"},"month-3":{"_":"ਅਪਰੈਲ"},"month-4":{"_":"ਮਈ"},"month-5":{"_":"ਜੂਨ"},"month-6":{"_":"ਜੁਲਾਈ"},"month-7":{"_":"ਅਗਸਤ"},"month-8":{"_":"ਸਤੰਬਰ"},"month-9":{"_":"ਅਕਤੂਬਰ"},"month-10":{"_":"ਨਵੰਬਰ"},"month-11":{"_":"ਦਸੰਬਰ"},"browser":{"_":"{{browserBrandShortName}}"},"start-browsing":{"_":"ਬਰਾਊਜ਼ ਕਰਨ ਖੋਜ ਸ਼ਬਦ ਦਿਉ ਜਾਂ ਵੈੱਬ ਸਿਰਨਾਵਾਂ।"},"top-sites-startPage":{"_":"ਚੋਟੀਆਂ ਦੀਆਂ ਸਾਈਟਾਂ"},"top-sites-tab":{"_":"ਚੋਟੀਆਂ ਦੀਆਂ ਸਾਈਟਆਂ"},"browser-settings":{"_":"ਸੈਟਿੰਗ"},"privacy-and-security":{"_":"ਪ੍ਰਾਈਵੇਸੀ ਤੇ ਸੁਰੱਖਿਆ"},"clear-browsing-history":{"_":"ਬਰਾਊਜ਼ਿੰਗ ਅਤੀਤ ਸਾਫ਼ ਕਰੋ"},"confirm-clear-browsing-history":{"_":"ਬਰਾਊਜ਼ਿੰਗ ਅਤੀਤ ਸਾਫ਼ ਕਰਨਾ ਹੈ?"},"clear-cookies-and-stored-data":{"_":"ਕੂਕੀਜ਼ ਤੇ ਸੰਭਾਲਿਆ ਡਾਟਾ ਸਾਫ਼ ਕਰੋ"},"confirm-clear-cookies-and-stored-data":{"_":"ਕੀ ਇਸ ਯੰਤਰ ਉੱਤੇ ਸਾਈਟਾਂ ਵਲੋਂ ਸੰਭਾਲੇ ਗਏ ਕੂਕੀਜ਼ ਤੇ ਹੋਰ ਡਾਟਾ ਸਾਫ਼ ਕਰਨਾ ਹੈ?"},"search-engines":{"_":"ਖੋਜ ਇੰਜਣ"},"default-search-engine":{"_":"ਮੂਲ ਖੋਜ ਇੰਜਣ"},"bookmarks":{"_":"ਬੁੱਕਮਾਰਕ"},"bookmark":{"_":"ਬੁੱਕਮਾਰਕ"},"unbookmark":{"_":"ਬੁੱਕਮਾਰਕ ਕੱਢੋ"},"edit-bookmark":{"_":"ਬੁੱਕਮਾਰਕ ਸੋਧ"},"edit-bookmark-header":{"_":"ਬੁੱਕਮਾਰਕ ਸੋਧ"},"page-title":{"_":"ਸਫ਼ਾ ਟਾਈਟਲ"},"address":{"_":"ਸਿਰਨਾਵਾਂ"},"add-to-home-screen":{"_":"ਹੋਮ ਸਕਰੀਨ ਉੱਤੇ ਜੋੜੋ"},"username":{"_":"ਯੂਜ਼ਰ-ਨਾਂ"},"password":{"_":"ਪਾਸਵਰਡ"},"login":{"_":"ਸਾਇਨ ਇਨ"},"login-to-a-website":{"_":"ਵੈੱਬਸਾਈਟ ਵਿੱਚ ਦਾਖਲ"},"http-authentication-message":{"_":"ਵੈੱਬਸਾਈਟ {{host}} ਨੂੰ ਤੁਹਾਡੇ ਵਲੋਂ ਲਾਗਇਨ ਕਰਨ ਦੀ ਲੋੜ"},"the-username-or-password-is-incorrect":{"_":"ਯੂਜ਼ਰ ਨਾਂ ਜਾਂ ਪਾਸਵਰਡ ਗਲਤ ਹੈ।"},"this-is-embarrassing":{"_":"ਬੇਸ਼ੱਕ ਇਹ ਨਮੋਸ਼ੀ ਭਰਿਆ ਹੈ।"},"not-responding":{"_":"ਅਸੀਂ ਵੈੱਬ ਸਫ਼ਾ ਵਿਖਾਉਣ ਦੀ ਕੋਸ਼ਿਸ਼ ਕੀਤੀ, ਪਰ ਜਵਾਬ ਨਹੀਂ ਦੇ ਰਿਹਾ ਹੈ।"},"close-tab":{"_":"ਟੈਬ ਬੰਦ ਕਰੋ"},"reload-tab":{"_":"ਮੁੜ-ਲੋਡ"},"search-for":{"_":"...ਲਈ ਖੋਜ"},"save-image":{"_":"ਚਿੱਤਰ ਸੰਭਾਲੋ"},"image-saved":{"_":"Iਚਿੱਤਰ ਗੈਲਰੀ ਵਿੱਚ ਸੰਭਾਲਿਆ ਗਿਆ"},"error-saving-image":{"_":"ਚਿੱਤਰ ਸੰਭਾਲਣ ਵਿੱਚ ਗਲਤੀ"},"save-video":{"_":"ਵਿਡੀਓ ਸੰਭਾਲੋ"},"video-saved":{"_":"ਵਿਡੀਓ ਵਿਡੀਓ ਵਿੱਚ ਸੰਭਾਲੀ ਗਈ"},"error-saving-video":{"_":"ਵਿਡੀਓ ਸੰਭਾਲਣ ਲਈ ਗਲਤੀ"},"save-audio":{"_":"ਆਡੀਓ ਸੰਭਾਲੋ"},"audio-saved":{"_":"ਆਡੀਓ ਸੰਗੀਤ ਵਿੱਚ ਸੰਭਾਲੋ"},"error-saving-audio":{"_":"ਆਡੀਓ ਸੰਭਾਲਣ ਵਿੱਚ ਗਲਤੀ"}}