{"brandShortName":{"_":"B2G OS"},"browserBrandShortName":{"_":"Web Browser"},"browserBrandFullName":{"_":"Mozilla Web Browser"},"ok":{"_":"OK"},"cancel":{"_":"Anuluj"},"done":{"_":"Gotowe"},"enter-search-or-address":{"placeholder":"Wpisz zapytanie lub adres"},"history":{"_":"Historia"},"new-tab":{"_":"Nowa karta"},"open-in-new-tab":{"_":"Otwórz w nowej karcie"},"future":{"_":"Z przyszłości"},"today":{"_":"Dziś"},"yesterday":{"_":"Wczoraj"},"last-7-days":{"_":"Ostatnie 7 dni"},"this-month":{"_":"Ten miesiąc"},"last-6-months":{"_":"Ostatnie pół roku"},"older-than-6-months":{"_":"Starsze niż pół roku"},"month-0":{"_":"Styczeń"},"month-1":{"_":"Luty"},"month-2":{"_":"Marzec"},"month-3":{"_":"Kwiecień"},"month-4":{"_":"Maj"},"month-5":{"_":"Czerwiec"},"month-6":{"_":"Lipiec"},"month-7":{"_":"Sierpień"},"month-8":{"_":"Wrzesień"},"month-9":{"_":"Październik"},"month-10":{"_":"Listopad"},"month-11":{"_":"Grudzień"},"browser":{"_":"{{browserBrandShortName}}"},"start-browsing":{"_":"Wprowadź słowa do wyszukania albo adres strony, aby zacząć przeglądanie."},"top-sites-startPage":{"_":"Popularne"},"top-sites-tab":{"_":"Popularne"},"browser-settings":{"_":"Ustawienia"},"privacy-and-security":{"_":"Prywatność i bezpieczeństwo"},"clear-browsing-history":{"_":"Wyczyść historię przeglądania"},"confirm-clear-browsing-history":{"_":"Wyczyścić historię przeglądania?"},"clear-cookies-and-stored-data":{"_":"Wyczyść ciasteczka i przechowywane dane"},"confirm-clear-cookies-and-stored-data":{"_":"Wyczyścić ciasteczka i inne dane przechowywane przez strony na tym urządzeniu?"},"search-engines":{"_":"Wyszukiwarki"},"default-search-engine":{"_":"Domyślna wyszukiwarka"},"bookmarks":{"_":"Zakładki"},"bookmark":{"_":"Dodaj zakładkę"},"unbookmark":{"_":"Usuń zakładkę"},"edit-bookmark":{"_":"Edytuj zakładkę"},"edit-bookmark-header":{"_":"Edycja zakładki"},"page-title":{"_":"Tytuł strony"},"address":{"_":"Adres"},"add-to-home-screen":{"_":"Dodaj do ekranu głównego"},"username":{"_":"Nazwa użytkownika"},"password":{"_":"Hasło"},"login":{"_":"Zaloguj"},"login-to-a-website":{"_":"Zaloguj na stronie"},"http-authentication-message":{"_":"Strona {{host}} wymaga logowania"},"the-username-or-password-is-incorrect":{"_":"Błędna nazwa użytkownika lub hasło."},"this-is-embarrassing":{"_":"Cóż, to dość kłopotliwe…"},"not-responding":{"_":"Staraliśmy się wyświetlić tę stronę, ona jednak nie odpowiada."},"close-tab":{"_":"Zamknij kartę"},"reload-tab":{"_":"Odśwież"},"search-for":{"_":"Szukaj:"},"save-image":{"_":"Zapisz obrazek"},"image-saved":{"_":"Obrazek dodany do Galerii"},"error-saving-image":{"_":"Błąd zapisywania obrazka"},"save-video":{"_":"Zapisz film"},"video-saved":{"_":"Klip dodany do Filmów"},"error-saving-video":{"_":"Błąd zapisywania filmu"},"save-audio":{"_":"Zapisz plik audio"},"audio-saved":{"_":"Utwór dodany do Muzyki"},"error-saving-audio":{"_":"Błąd zapisywania pliku audio"}}