{"brandShortName":{"_":"B2G OS"},"browserBrandShortName":{"_":"Navegador da Web"},"browserBrandFullName":{"_":"Navegador da Web Mozilla"},"ok":{"_":"OK"},"cancel":{"_":"Cancelar"},"done":{"_":"Concluído"},"enter-search-or-address":{"placeholder":"Forneça um endereço ou pesquisa"},"history":{"_":"Histórico"},"new-tab":{"_":"Nova aba"},"open-in-new-tab":{"_":"Abrir em nova aba"},"future":{"_":"Futuro"},"today":{"_":"Hoje"},"yesterday":{"_":"Ontem"},"last-7-days":{"_":"Últimos 7 dias"},"this-month":{"_":"Este mês"},"last-6-months":{"_":"Últimos 6 meses"},"older-than-6-months":{"_":"Há mais de 6 meses"},"month-0":{"_":"Janeiro"},"month-1":{"_":"Fevereiro"},"month-2":{"_":"Março"},"month-3":{"_":"Abril"},"month-4":{"_":"Maio"},"month-5":{"_":"Junho"},"month-6":{"_":"Julho"},"month-7":{"_":"Agosto"},"month-8":{"_":"Setembro"},"month-9":{"_":"Outubro"},"month-10":{"_":"Novembro"},"month-11":{"_":"Dezembro"},"browser":{"_":"{{browserBrandShortName}}"},"start-browsing":{"_":"Forneça um termo de pesquisa ou um endereço para começar a navegar."},"top-sites-startPage":{"_":"Mais visitados"},"top-sites-tab":{"_":"Mais visitados"},"browser-settings":{"_":"Configurações"},"privacy-and-security":{"_":"Privacidade e segurança"},"clear-browsing-history":{"_":"Limpar dados de navegação"},"confirm-clear-browsing-history":{"_":"Limpar dados de navegação?"},"clear-cookies-and-stored-data":{"_":"Limpar dados armazenados"},"confirm-clear-cookies-and-stored-data":{"_":"Limpar cookies e outros dados armazenados por sites neste aparelho?"},"search-engines":{"_":"Mecanismos de pesquisa"},"default-search-engine":{"_":"Mecanismo de pesquisa padrão"},"bookmarks":{"_":"Favoritos"},"bookmark":{"_":"Adicionar aos favoritos"},"unbookmark":{"_":"Remover dos favoritos"},"edit-bookmark":{"_":"Editar favorito"},"edit-bookmark-header":{"_":"Editar favorito"},"page-title":{"_":"Título da página"},"address":{"_":"Endereço"},"add-to-home-screen":{"_":"Adicionar à tela inicial"},"username":{"_":"Nome de usuário"},"password":{"_":"Senha"},"login":{"_":"Identificar-me"},"login-to-a-website":{"_":"Identificar-me no site"},"http-authentication-message":{"_":"O site {{host}} exige que você se identifique."},"the-username-or-password-is-incorrect":{"_":"O nome de usuário ou senha está incorreto."},"this-is-embarrassing":{"_":"Bem, isto é constrangedor."},"not-responding":{"_":"Nós tentamos exibir essa página, mas ela não está respondendo."},"close-tab":{"_":"Fechar aba"},"reload-tab":{"_":"Recarregar"},"search-for":{"_":"Pesquisar"},"save-image":{"_":"Salvar imagem"},"image-saved":{"_":"A imagem foi salva na Galeria"},"error-saving-image":{"_":"Erro ao salvar a imagem"},"save-video":{"_":"Salvar vídeo"},"video-saved":{"_":"O vídeo foi salvo nos Vídeos"},"error-saving-video":{"_":"Erro ao salvar o vídeo"},"save-audio":{"_":"Salvar áudio"},"audio-saved":{"_":"O áudio foi salvo nas Músicas"},"error-saving-audio":{"_":"Erro ao salvar o áudio"}}