{"brandShortName":{"_":"SO B2G"},"browserBrandShortName":{"_":"Navigator web"},"browserBrandFullName":{"_":"Navigator web Mozilla"},"ok":{"_":"Ok"},"cancel":{"_":"Renunță"},"done":{"_":"Gata"},"enter-search-or-address":{"placeholder":"Caută sau introdu o adresă"},"history":{"_":"Istoric"},"new-tab":{"_":"Filă nouă"},"open-in-new-tab":{"_":"Deschide legătura în filă nouă"},"future":{"_":"Viitor"},"today":{"_":"Astăzi"},"yesterday":{"_":"Ieri"},"last-7-days":{"_":"Ultimele 7 zile"},"this-month":{"_":"Luna aceasta"},"last-6-months":{"_":"Ultimele 6 luni"},"older-than-6-months":{"_":"Mai vechi de 6 luni"},"month-0":{"_":"ianuarie"},"month-1":{"_":"februarie"},"month-2":{"_":"martie"},"month-3":{"_":"aprilie"},"month-4":{"_":"mai"},"month-5":{"_":"iunie"},"month-6":{"_":"iulie"},"month-7":{"_":"august"},"month-8":{"_":"septembrie"},"month-9":{"_":"octombrie"},"month-10":{"_":"noiembrie"},"month-11":{"_":"decembrie"},"browser":{"_":"{{browserBrandShortName}}"},"start-browsing":{"_":"Introdu un termen de căutare sau adresă web pentru a începe navigarea."},"top-sites-startPage":{"_":"Saituri populare"},"top-sites-tab":{"_":"Saituri populare"},"browser-settings":{"_":"Setări"},"privacy-and-security":{"_":"Confidențialitate și securitate"},"clear-browsing-history":{"_":"Curăță istoricul de navigare"},"confirm-clear-browsing-history":{"_":"Cureți istoricul de navigare?"},"clear-cookies-and-stored-data":{"_":"Curăță cookie-urile și datele stocate"},"confirm-clear-cookies-and-stored-data":{"_":"Cureți cookie-urile și alte date stocate de către saituri pe acest dispozitiv?"},"search-engines":{"_":"Motoare de căutare"},"default-search-engine":{"_":"Motorul de căutare implicit"},"bookmarks":{"_":"Semne de carte"},"bookmark":{"_":"Pune semn de carte"},"unbookmark":{"_":"Scoate semnul de carte"},"edit-bookmark":{"_":"Editează semnul"},"edit-bookmark-header":{"_":"Editează semnul"},"page-title":{"_":"Titlu pagină"},"address":{"_":"Adresă"},"add-to-home-screen":{"_":"Adaugă pe ecran"},"username":{"_":"Utilizator"},"password":{"_":"Parolă"},"login":{"_":"Autentificare"},"login-to-a-website":{"_":"Autentifică-te la un sait"},"http-authentication-message":{"_":"Saitul {{host}} îți solicită să te autentifici."},"the-username-or-password-is-incorrect":{"_":"Numele de utilizator sau parola sunt incorecte."},"this-is-embarrassing":{"_":"Ei, asta e jenant."},"not-responding":{"_":"Am încercat să afișăm acest sait, însă acesta nu răspunde."},"close-tab":{"_":"Închide fila"},"reload-tab":{"_":"Reîncarcă"},"search-for":{"_":"Caută după"},"save-image":{"_":"Salvează imaginea"},"image-saved":{"_":"Imagine salvată în Galerie"},"error-saving-image":{"_":"Eroare la salvarea imaginii"},"save-video":{"_":"Salvează videoclipul"},"video-saved":{"_":"Videoclip salvat în Videoclipuri"},"error-saving-video":{"_":"Eroare la salvarea videoclipului"},"save-audio":{"_":"Salvează audio"},"audio-saved":{"_":"Audio salvat în Muzică"},"error-saving-audio":{"_":"Eroare la salvarea audio"}}