{"brandShortName":{"_":"B2G OS"},"browserBrandShortName":{"_":"Веб-браузер"},"browserBrandFullName":{"_":"Веб-браузер Mozilla"},"ok":{"_":"OK"},"cancel":{"_":"Отмена"},"done":{"_":"Готово"},"enter-search-or-address":{"placeholder":"Введите запрос или адрес"},"history":{"_":"История"},"new-tab":{"_":"Новая вкладка"},"open-in-new-tab":{"_":"Открыть ссылку в новой вкладке"},"future":{"_":"В будущем"},"today":{"_":"Сегодня"},"yesterday":{"_":"Вчера"},"last-7-days":{"_":"Последние 7 дней"},"this-month":{"_":"Этот месяц"},"last-6-months":{"_":"Последние 6 месяцев"},"older-than-6-months":{"_":"Раньше 6 месяцев"},"month-0":{"_":"Январь"},"month-1":{"_":"Февраль"},"month-2":{"_":"Март"},"month-3":{"_":"Апрель"},"month-4":{"_":"Май"},"month-5":{"_":"Июнь"},"month-6":{"_":"Июль"},"month-7":{"_":"Август"},"month-8":{"_":"Сентябрь"},"month-9":{"_":"Октябрь"},"month-10":{"_":"Ноябрь"},"month-11":{"_":"Декабрь"},"browser":{"_":"{{browserBrandShortName}}"},"start-browsing":{"_":"Для начала веб-сёрфинга введите поисковый запрос или адрес сайта."},"top-sites-startPage":{"_":"Топ сайтов"},"top-sites-tab":{"_":"Топ сайтов"},"browser-settings":{"_":"Настройки"},"privacy-and-security":{"_":"Приватность и Защита"},"clear-browsing-history":{"_":"Удалить историю веб-сёрфинга"},"confirm-clear-browsing-history":{"_":"Удалить историю веб-сёрфинга?"},"clear-cookies-and-stored-data":{"_":"Удалить куки и сохранённые данные"},"confirm-clear-cookies-and-stored-data":{"_":"Удалить куки и другие данные, сохранённые сайтами на этом устройстве?"},"search-engines":{"_":"Поисковые системы"},"default-search-engine":{"_":"Поисковая система по умолчанию"},"bookmarks":{"_":"Закладки"},"bookmark":{"_":"Закладка"},"unbookmark":{"_":"Удалить"},"edit-bookmark":{"_":"Изменить"},"edit-bookmark-header":{"_":"Изменить"},"page-title":{"_":"Заголовок страницы"},"address":{"_":"Адрес"},"add-to-home-screen":{"_":"На домашний экран"},"username":{"_":"Имя пользователя"},"password":{"_":"Пароль"},"login":{"_":"Войти"},"login-to-a-website":{"_":"Вход на веб-сайт"},"http-authentication-message":{"_":"Веб-сайт {{host}} просит вас авторизоваться."},"the-username-or-password-is-incorrect":{"_":"Неверное имя пользователя или пароль."},"this-is-embarrassing":{"_":"Ой, вот ведь незадача"},"not-responding":{"_":"Мы попытались отобразить эту веб-страницу, но она не отвечает."},"close-tab":{"_":"Закрыть"},"reload-tab":{"_":"Обновить"},"search-for":{"_":"Искать"},"save-image":{"_":"Сохранить изображение"},"image-saved":{"_":"Изображение сохранено в «Галерею»"},"error-saving-image":{"_":"Ошибка сохранения изображения"},"save-video":{"_":"Сохранить видео"},"video-saved":{"_":"Видео сохранено в «Видео»"},"error-saving-video":{"_":"Ошибка сохранения видео"},"save-audio":{"_":"Сохранить аудио"},"audio-saved":{"_":"Аудио сохранено в «Музыку»"},"error-saving-audio":{"_":"Ошибка сохранения аудио"}}