{"brandShortName":{"_":"B2G OS"},"browserBrandShortName":{"_":"Webový prehliadač"},"browserBrandFullName":{"_":"Webový prehliadač Mozilla"},"ok":{"_":"OK"},"cancel":{"_":"Zrušiť"},"done":{"_":"Hotovo"},"enter-search-or-address":{"placeholder":"Zadajte adresu alebo výraz"},"history":{"_":"História"},"new-tab":{"_":"Nová karta"},"open-in-new-tab":{"_":"Otvoriť odkaz na novej karte"},"future":{"_":"Budúcnosť"},"today":{"_":"Dnes"},"yesterday":{"_":"Včera"},"last-7-days":{"_":"Posledných 7 dní"},"this-month":{"_":"Tento mesiac"},"last-6-months":{"_":"Posledných 6 mesiacov"},"older-than-6-months":{"_":"Staršie ako 6 mesiacov"},"month-0":{"_":"Január"},"month-1":{"_":"Február"},"month-2":{"_":"Marec"},"month-3":{"_":"Apríl"},"month-4":{"_":"Máj"},"month-5":{"_":"Jún"},"month-6":{"_":"Júl"},"month-7":{"_":"August"},"month-8":{"_":"September"},"month-9":{"_":"Október"},"month-10":{"_":"November"},"month-11":{"_":"December"},"browser":{"_":"{{browserBrandShortName}}"},"start-browsing":{"_":"Zadajte výraz vyhľadávania alebo adresy webovej stránky."},"top-sites-startPage":{"_":"Top stránky"},"top-sites-tab":{"_":"Top stránky"},"browser-settings":{"_":"Nastavenia"},"privacy-and-security":{"_":"Súkromie a bezpečnosť"},"clear-browsing-history":{"_":"Vymazať históriu prehliadania"},"confirm-clear-browsing-history":{"_":"Vymazať históriu prehliadania?"},"clear-cookies-and-stored-data":{"_":"Vymazať cookies a uložené údaje"},"confirm-clear-cookies-and-stored-data":{"_":"Vymazať cookies a iné údaje uložené stránkami v tomto zariadení?"},"search-engines":{"_":"Vyhľadávacie moduly"},"default-search-engine":{"_":"Predvolený vyhľadávací modul"},"bookmarks":{"_":"Záložky"},"bookmark":{"_":"Pridať medzi záložky"},"unbookmark":{"_":"Zrušiť zo záložiek"},"edit-bookmark":{"_":"Upraviť záložku"},"edit-bookmark-header":{"_":"Úprava záložky"},"page-title":{"_":"Názov stránky"},"address":{"_":"Adresa"},"add-to-home-screen":{"_":"Pridať na úvodnú obrazovku"},"username":{"_":"Používateľské meno"},"password":{"_":"Heslo"},"login":{"_":"Prihlásiť"},"login-to-a-website":{"_":"Prihlásiť sa k webovej stránke"},"http-authentication-message":{"_":"Webová stránka {{host}} vyžaduje prihlásenie."},"the-username-or-password-is-incorrect":{"_":"Používateľské meno alebo heslo sú nesprávne."},"this-is-embarrassing":{"_":"Ospravedlňujeme sa."},"not-responding":{"_":"Chceli sme zobraziť túto webovú stránku, ale neodpovedá."},"close-tab":{"_":"Zavrieť kartu"},"reload-tab":{"_":"Znova načítať"},"search-for":{"_":"Hľadať"},"save-image":{"_":"Uložiť obrázok"},"image-saved":{"_":"Obrázok uložený do Galérie"},"error-saving-image":{"_":"Chyba pri ukladaní obrázka"},"save-video":{"_":"Uložiť video"},"video-saved":{"_":"Video uložené do Video galérie"},"error-saving-video":{"_":"Chyba pri ukladaní videa"},"save-audio":{"_":"Uložiť zvuk"},"audio-saved":{"_":"Zvuk uložený medzi Hudbu"},"error-saving-audio":{"_":"Chyba pri ukladaní zvuku"}}