{"brandShortName":{"_":"B2G OS"},"browserBrandShortName":{"_":"Shfletues Web"},"browserBrandFullName":{"_":"Shfletuesi Web i Mozilla-s"},"ok":{"_":"OK"},"cancel":{"_":"Anuloje"},"done":{"_":"U bë"},"enter-search-or-address":{"placeholder":"Jepni term kërkimi ose adresë"},"history":{"_":"Historik"},"new-tab":{"_":"Skedë e re"},"open-in-new-tab":{"_":"Hape lidhjen në skedë të re"},"future":{"_":"Në të ardhmen"},"today":{"_":"Sot"},"yesterday":{"_":"Dje"},"last-7-days":{"_":"7 ditët e fundit"},"this-month":{"_":"Këtë muaj"},"last-6-months":{"_":"6 muajt e fundit"},"older-than-6-months":{"_":"Më herët se 6 muaj"},"month-0":{"_":"Janar"},"month-1":{"_":"Shkurt"},"month-2":{"_":"Mars"},"month-3":{"_":"Prill"},"month-4":{"_":"Maj"},"month-5":{"_":"Qershor"},"month-6":{"_":"Korrik"},"month-7":{"_":"Gusht"},"month-8":{"_":"Shtator"},"month-9":{"_":"Tetor"},"month-10":{"_":"Nëntor"},"month-11":{"_":"Dhjetor"},"browser":{"_":"{{browserBrandShortName}}"},"start-browsing":{"_":"Që të filloni shfletimin, jepni një term kërkimi ose një adresë Web."},"top-sites-startPage":{"_":"Sajte kryesues"},"top-sites-tab":{"_":"Sajte kryesues"},"browser-settings":{"_":"Rregullime"},"privacy-and-security":{"_":"Privatësi & Siguri"},"clear-browsing-history":{"_":"Pastroni historikun e shfletimeve"},"confirm-clear-browsing-history":{"_":"Të pastrohet historiku i shfletimeve?"},"clear-cookies-and-stored-data":{"_":"Pastroni cookie-t dhe të dhëna të depozituara"},"confirm-clear-cookies-and-stored-data":{"_":"Të pastrohen cookie-t dhe të tjera të dhëna të depozituara në këtë pajisje nga sajte?"},"search-engines":{"_":"Motorë Kërkimesh"},"default-search-engine":{"_":"Motor parazgjedhje kërkimesh"},"bookmarks":{"_":"Faqerojtës"},"bookmark":{"_":"Faqeruaje"},"unbookmark":{"_":"Shfaqeruaje"},"edit-bookmark":{"_":"Përpunoni faqerojtësin"},"edit-bookmark-header":{"_":"Përpunoni faqerojtësin"},"page-title":{"_":"Titull faqeje"},"address":{"_":"Adresë"},"add-to-home-screen":{"_":"Shtoje te skena e kreut"},"username":{"_":"Emër përdoruesi"},"password":{"_":"Fjalëkalimi"},"login":{"_":"Hyni"},"login-to-a-website":{"_":"Hyni te një sajt web"},"http-authentication-message":{"_":"Sajti web {{host}} lyp të bëni hyrje."},"the-username-or-password-is-incorrect":{"_":"Emri i përdoruesit ose fjalëkalimi është i pasaktë."},"this-is-embarrassing":{"_":"Hmmm, kjo na bën të skuqemi."},"not-responding":{"_":"Provuam ta shfaqnim këtë faqe Web, por nuk po përgjigjet."},"close-tab":{"_":"Mbylle skedën"},"reload-tab":{"_":"Ringarkoje"},"search-for":{"_":"Kërko për"},"save-image":{"_":"Ruaje Figurën"},"image-saved":{"_":"Figura u ruajt te Galeria"},"error-saving-image":{"_":"Gabim në ruajtjen e figurës"},"save-video":{"_":"Ruaje Videon"},"video-saved":{"_":"Videoja u ruajt te Videot"},"error-saving-video":{"_":"Gabim në ruajtjen e videos"},"save-audio":{"_":"Ruaje Audion"},"audio-saved":{"_":"Audioja u ruajt te Muzika"},"error-saving-audio":{"_":"Gabim në ruajtjen e audios"}}