{"brandShortName":{"_":"B2G OS"},"browserBrandShortName":{"_":"Веб прегледач"},"browserBrandFullName":{"_":"Mozilla веб прегледач"},"ok":{"_":"У реду"},"cancel":{"_":"Откажи"},"done":{"_":"Завршено"},"enter-search-or-address":{"placeholder":"Појам или адреса "},"history":{"_":"Историјат"},"new-tab":{"_":"Нови језичак"},"open-in-new-tab":{"_":"Отвори везу у новом језичку"},"future":{"_":"Будуће"},"today":{"_":"Данас"},"yesterday":{"_":"Јуче"},"last-7-days":{"_":"Последњих 7 дана"},"this-month":{"_":"Овог месеца"},"last-6-months":{"_":"Последњих 6 месеци"},"older-than-6-months":{"_":"Старије од 6 месеци"},"month-0":{"_":"Јануар"},"month-1":{"_":"Фебруар"},"month-2":{"_":"Март"},"month-3":{"_":"Април"},"month-4":{"_":"Мај"},"month-5":{"_":"Јун"},"month-6":{"_":"Јул"},"month-7":{"_":"Август"},"month-8":{"_":"Септембар"},"month-9":{"_":"Октобар"},"month-10":{"_":"Новембар"},"month-11":{"_":"Децембар"},"browser":{"_":"{{browserBrandShortName}}"},"start-browsing":{"_":"Упишите термин за претрагу или адресу да бисте започели сурфовање."},"top-sites-startPage":{"_":"Најпосећенији сајтови"},"top-sites-tab":{"_":"Омиљени"},"browser-settings":{"_":"Поставке"},"privacy-and-security":{"_":"Приватност и безбедност"},"clear-browsing-history":{"_":"Обриши историјат прегледа"},"confirm-clear-browsing-history":{"_":"Обрисати историјат прегледа?"},"clear-cookies-and-stored-data":{"_":"Обриши колачиће и снимљене податке"},"confirm-clear-cookies-and-stored-data":{"_":"Обрисати колачиће и снимљене податке на овом уређају?"},"search-engines":{"_":"Претраживачи"},"default-search-engine":{"_":"Подразумеван претраживач"},"bookmarks":{"_":"Забелешке"},"bookmark":{"_":"Забелешка"},"unbookmark":{"_":"Уклони забелешку"},"edit-bookmark":{"_":"Измени забелешку"},"edit-bookmark-header":{"_":"Изменa"},"page-title":{"_":"Наслов странице"},"address":{"_":"Адреса"},"add-to-home-screen":{"_":"Додај на почeтни екран"},"username":{"_":"Корисничко име"},"password":{"_":"Лозинка"},"login":{"_":"Пријава"},"login-to-a-website":{"_":"Пријава на веб сајт"},"http-authentication-message":{"_":"Веб сајт {{host}} захтева да се пријавите."},"the-username-or-password-is-incorrect":{"_":"Неисправно корисничко име или лозинка."},"this-is-embarrassing":{"_":"Па, ово је непријатно."},"not-responding":{"_":"Покушали смо да прикажемо веб страницу, али нема одзива."},"close-tab":{"_":"Затвори језичак"},"reload-tab":{"_":"Поново учитај"},"search-for":{"_":"Тражи"},"save-image":{"_":"Преузми слику"},"image-saved":{"_":"Слика је преузета"},"error-saving-image":{"_":"Грешка при преузимању слике"},"save-video":{"_":"Преузми видео снимак"},"video-saved":{"_":"Видео снимак је преузет"},"error-saving-video":{"_":"Грешка при преузимању видео снимка"},"save-audio":{"_":"Преузми аудио снимак"},"audio-saved":{"_":"Аудио снимак је преузет"},"error-saving-audio":{"_":"Грешка при преузимању аудио снимка"}}