{"brandShortName":{"_":"B2G OS"},"browserBrandShortName":{"_":"Veb pregledač"},"browserBrandFullName":{"_":"Mozilla veb pregledač"},"ok":{"_":"U redu"},"cancel":{"_":"Otkaži"},"done":{"_":"Završeno"},"enter-search-or-address":{"placeholder":"Pojam ili adresa "},"history":{"_":"Istorijat"},"new-tab":{"_":"Novi jezičak"},"open-in-new-tab":{"_":"Otvori vezu u novom jezičku"},"future":{"_":"Buduće"},"today":{"_":"Danas"},"yesterday":{"_":"Juče"},"last-7-days":{"_":"Poslednjih 7 dana"},"this-month":{"_":"Ovog meseca"},"last-6-months":{"_":"Poslednjih 6 meseci"},"older-than-6-months":{"_":"Starije od 6 meseci"},"month-0":{"_":"Januar"},"month-1":{"_":"Februar"},"month-2":{"_":"Mart"},"month-3":{"_":"April"},"month-4":{"_":"Maj"},"month-5":{"_":"Jun"},"month-6":{"_":"Jul"},"month-7":{"_":"Avgust"},"month-8":{"_":"Septembar"},"month-9":{"_":"Oktobar"},"month-10":{"_":"Novembar"},"month-11":{"_":"Decembar"},"browser":{"_":"{{browserBrandShortName}}"},"start-browsing":{"_":"Upišite termin za pretragu ili adresu da biste započeli surfovanje."},"top-sites-startPage":{"_":"Najposećeniji sajtovi"},"top-sites-tab":{"_":"Omiljeni"},"browser-settings":{"_":"Postavke"},"privacy-and-security":{"_":"Privatnost i bezbednost"},"clear-browsing-history":{"_":"Obriši istorijat pregleda"},"confirm-clear-browsing-history":{"_":"Obrisati istorijat pregleda?"},"clear-cookies-and-stored-data":{"_":"Obriši kolačiće i snimljene podatke"},"confirm-clear-cookies-and-stored-data":{"_":"Obrisati kolačiće i snimljene podatke na ovom uređaju?"},"search-engines":{"_":"Pretraživači"},"default-search-engine":{"_":"Podrazumevan pretraživač"},"bookmarks":{"_":"Zabeleške"},"bookmark":{"_":"Zabeleška"},"unbookmark":{"_":"Ukloni zabelešku"},"edit-bookmark":{"_":"Izmeni zabelešku"},"edit-bookmark-header":{"_":"Izmena"},"page-title":{"_":"Naslov stranice"},"address":{"_":"Adresa"},"add-to-home-screen":{"_":"Dodaj na početni ekran"},"username":{"_":"Korisničko ime"},"password":{"_":"Lozinka"},"login":{"_":"Prijava"},"login-to-a-website":{"_":"Prijava na veb sajt"},"http-authentication-message":{"_":"Veb sajt {{host}} zahteva da se prijavite."},"the-username-or-password-is-incorrect":{"_":"Neispravno korisničko ime ili lozinka."},"this-is-embarrassing":{"_":"Pa, ovo je neprijatno."},"not-responding":{"_":"Pokušali smo da prikažemo veb stranicu, ali nema odziva."},"close-tab":{"_":"Zatvori jezičak"},"reload-tab":{"_":"Ponovo učitaj"},"search-for":{"_":"Traži"},"save-image":{"_":"Preuzmi sliku"},"image-saved":{"_":"Slika je preuzeta"},"error-saving-image":{"_":"Greška pri preuzimanju slike"},"save-video":{"_":"Preuzmi video snimak"},"video-saved":{"_":"Video snimak je preuzet"},"error-saving-video":{"_":"Greška pri preuzimanju video snimka"},"save-audio":{"_":"Preuzmi audio snimak"},"audio-saved":{"_":"Audio snimak je preuzet"},"error-saving-audio":{"_":"Greška pri preuzimanju audio snimka"}}