{"brandShortName":{"_":"B2G OS"},"browserBrandShortName":{"_":"Webbläsare"},"browserBrandFullName":{"_":"Webbläsare Mozilla"},"ok":{"_":"OK"},"cancel":{"_":"Avbryt"},"done":{"_":"Klar"},"enter-search-or-address":{"placeholder":"Ange sökord eller adress"},"history":{"_":"Historik"},"new-tab":{"_":"Ny flik"},"open-in-new-tab":{"_":"Öppna länk i ny flik"},"future":{"_":"Framtid"},"today":{"_":"Idag"},"yesterday":{"_":"Igår"},"last-7-days":{"_":"Senaste 7 dagarna"},"this-month":{"_":"Denna månad"},"last-6-months":{"_":"Senaste 6 månaderna"},"older-than-6-months":{"_":"Äldre än 6 månader"},"month-0":{"_":"Januari"},"month-1":{"_":"Februari"},"month-2":{"_":"Mars"},"month-3":{"_":"April"},"month-4":{"_":"Maj"},"month-5":{"_":"Juni"},"month-6":{"_":"Juli"},"month-7":{"_":"Augusti"},"month-8":{"_":"September"},"month-9":{"_":"Oktober"},"month-10":{"_":"November"},"month-11":{"_":"December"},"browser":{"_":"{{browserBrandShortName}}"},"start-browsing":{"_":"Ange ett sökord eller webbadress för att börja surfa."},"top-sites-startPage":{"_":"Populära webbplatser"},"top-sites-tab":{"_":"Populära webbplatser"},"browser-settings":{"_":"Inställningar"},"privacy-and-security":{"_":"Integritet & säkerhet"},"clear-browsing-history":{"_":"Rensa webbhistorik"},"confirm-clear-browsing-history":{"_":"Rensa webbhistorik?"},"clear-cookies-and-stored-data":{"_":"Rensa kakor och lagrad data"},"confirm-clear-cookies-and-stored-data":{"_":"Rensa kakor och annan data som lagras av webbplatser på enheten?"},"search-engines":{"_":"Sökmotorer"},"default-search-engine":{"_":"Standardsökmotor"},"bookmarks":{"_":"Bokmärken"},"bookmark":{"_":"Bokmärke"},"unbookmark":{"_":"Ta bort bokmärke"},"edit-bookmark":{"_":"Redigera bokmärke"},"edit-bookmark-header":{"_":"Redigera bokmärke"},"page-title":{"_":"Sidrubrik"},"address":{"_":"Adress"},"add-to-home-screen":{"_":"Lägg till på startskärmen"},"username":{"_":"Användarnamn"},"password":{"_":"Lösenord"},"login":{"_":"Logga in"},"login-to-a-website":{"_":"Logga in på webbplatsen"},"http-authentication-message":{"_":"Webbplatsen {{host}} kräver att du loggar in."},"the-username-or-password-is-incorrect":{"_":"Användarnamnet eller lösenordet är felaktigt."},"this-is-embarrassing":{"_":"Nåväl, detta är pinsamt."},"not-responding":{"_":"Vi försökte att visa webbsidan, med den svarar inte."},"close-tab":{"_":"Stäng flik"},"reload-tab":{"_":"Ladda om"},"search-for":{"_":"Sök efter"},"save-image":{"_":"Spara bild"},"image-saved":{"_":"Bild sparad i Galleri"},"error-saving-image":{"_":"Fel vid sparande av bild"},"save-video":{"_":"Spara video"},"video-saved":{"_":"Video sparad till Video"},"error-saving-video":{"_":"Fel vid sparande av video"},"save-audio":{"_":"Spara ljud"},"audio-saved":{"_":"Ljud sparad till Musik"},"error-saving-audio":{"_":"Fel vid sparande av ljud"}}