{"brandShortName":{"_":"B2G OS"},"browserBrandShortName":{"_":"Web Tarayıcısı"},"browserBrandFullName":{"_":"Mozilla Web Tarayıcısı"},"ok":{"_":"Tamam"},"cancel":{"_":"İptal"},"done":{"_":"Bitti"},"enter-search-or-address":{"placeholder":"Arama yap veya adres gir"},"history":{"_":"Geçmiş"},"new-tab":{"_":"Yeni sekme"},"open-in-new-tab":{"_":"Bağlantıyı yeni sekmede aç"},"future":{"_":"Gelecek"},"today":{"_":"Bugün"},"yesterday":{"_":"Dün"},"last-7-days":{"_":"Son 7 gün"},"this-month":{"_":"Bu ay"},"last-6-months":{"_":"Son 6 ay"},"older-than-6-months":{"_":"6 aydan daha eski"},"month-0":{"_":"Ocak"},"month-1":{"_":"Şubat"},"month-2":{"_":"Mart"},"month-3":{"_":"Nisan"},"month-4":{"_":"Mayıs"},"month-5":{"_":"Haziran"},"month-6":{"_":"Temmuz"},"month-7":{"_":"Ağustos"},"month-8":{"_":"Eylül"},"month-9":{"_":"Ekim"},"month-10":{"_":"Kasım"},"month-11":{"_":"Aralık"},"browser":{"_":"{{browserBrandShortName}}"},"start-browsing":{"_":"Gezinmeye başlamak için bir arama terimi veya web adresi girin."},"top-sites-startPage":{"_":"Popüler siteler"},"top-sites-tab":{"_":"Popüler siteler"},"browser-settings":{"_":"Ayarlar"},"privacy-and-security":{"_":"Gizlilik ve Güvenlik"},"clear-browsing-history":{"_":"Tarama geçmişini temizle"},"confirm-clear-browsing-history":{"_":"Tarama geçmişi temizlensin mi?"},"clear-cookies-and-stored-data":{"_":"Çerezleri ve depolanan verileri temizle"},"confirm-clear-cookies-and-stored-data":{"_":"Siteler tarafından bu aygıtta depolanan çerezler ve diğer veriler silinsin mi?"},"search-engines":{"_":"Arama motorları"},"default-search-engine":{"_":"Varsayılan arama motoru"},"bookmarks":{"_":"Yer imleri"},"bookmark":{"_":"Yer imi"},"unbookmark":{"_":"Yer imini kaldır"},"edit-bookmark":{"_":"Yer imini düzenle"},"edit-bookmark-header":{"_":"Yer imini düzenle"},"page-title":{"_":"Sayfa başlığı"},"address":{"_":"Adres"},"add-to-home-screen":{"_":"Ana ekrana ekle"},"username":{"_":"Kullanıcı adı"},"password":{"_":"Parola"},"login":{"_":"Oturum aç"},"login-to-a-website":{"_":"Web sitesinde oturum aç"},"http-authentication-message":{"_":"{{host}} web sitesi oturum açmanızı gerektiriyor."},"the-username-or-password-is-incorrect":{"_":"Kullanıcı adı veya parola yanlış."},"this-is-embarrassing":{"_":"Üzgünüz ama..."},"not-responding":{"_":"Bu web sayfasını görüntülemeyi denedik ama sayfa yanıt vermedi."},"close-tab":{"_":"Sekmeyi kapat"},"reload-tab":{"_":"Tazele"},"search-for":{"_":"Ara"},"save-image":{"_":"Resmi kaydet"},"image-saved":{"_":"Resim Galeri'ye kaydedildi"},"error-saving-image":{"_":"Resim kaydedilirken hata oluştu"},"save-video":{"_":"Videoyu kaydet"},"video-saved":{"_":"Video kaydedildi"},"error-saving-video":{"_":"Video kaydedilirken hata oluştu"},"save-audio":{"_":"Sesi kaydet"},"audio-saved":{"_":"Ses, Müzik uygulamasına kaydedildi"},"error-saving-audio":{"_":"Ses kaydetme hatası"}}