{"brandShortName":{"_":"B2G OS"},"browserBrandShortName":{"_":"网络浏览器"},"browserBrandFullName":{"_":"Mozilla 网络浏览器"},"ok":{"_":"确定"},"cancel":{"_":"取消"},"done":{"_":"完成"},"enter-search-or-address":{"placeholder":"输入搜索或地址"},"history":{"_":"历史记录"},"new-tab":{"_":"新标签页"},"open-in-new-tab":{"_":"在新标签页中打开链接"},"future":{"_":"未来"},"today":{"_":"今天"},"yesterday":{"_":"昨天"},"last-7-days":{"_":"最近 7 天"},"this-month":{"_":"本月"},"last-6-months":{"_":"最近 6 个月"},"older-than-6-months":{"_":"早于 6 个月"},"month-0":{"_":"一月"},"month-1":{"_":"二月"},"month-2":{"_":"三月"},"month-3":{"_":"四月"},"month-4":{"_":"五月"},"month-5":{"_":"六月"},"month-6":{"_":"七月"},"month-7":{"_":"八月"},"month-8":{"_":"九月"},"month-9":{"_":"十月"},"month-10":{"_":"十一月"},"month-11":{"_":"十二月"},"browser":{"_":"{{browserBrandShortName}}"},"start-browsing":{"_":"输入搜索字词或网址开始浏览。"},"top-sites-startPage":{"_":"常用网站"},"top-sites-tab":{"_":"常用网站"},"browser-settings":{"_":"设置"},"privacy-and-security":{"_":"隐私与安全"},"clear-browsing-history":{"_":"清除浏览历史记录"},"confirm-clear-browsing-history":{"_":"清除浏览历史记录?"},"clear-cookies-and-stored-data":{"_":"清除 Cookie 和存储的数据"},"confirm-clear-cookies-and-stored-data":{"_":"要清除此设备上由网站存储的 Cookie 和其他数据吗？"},"search-engines":{"_":"搜索引擎"},"default-search-engine":{"_":"默认搜索引擎"},"bookmarks":{"_":"书签"},"bookmark":{"_":"书签"},"unbookmark":{"_":"删除书签"},"edit-bookmark":{"_":"编辑书签"},"edit-bookmark-header":{"_":"编辑书签"},"page-title":{"_":"页面标题"},"address":{"_":"地址"},"add-to-home-screen":{"_":"添加到主屏幕"},"username":{"_":"用户名"},"password":{"_":"密码"},"login":{"_":"登录"},"login-to-a-website":{"_":"登录到网站"},"http-authentication-message":{"_":"网站“{{host}}”要求您登录。"},"the-username-or-password-is-incorrect":{"_":"用户名或密码错误。"},"this-is-embarrassing":{"_":"啊呀，出了点意外。"},"not-responding":{"_":"我们尝试显示该网页但它没有响应。"},"close-tab":{"_":"关闭标签页"},"reload-tab":{"_":"重新载入"},"search-for":{"_":"搜索"},"save-image":{"_":"保存图像"},"image-saved":{"_":"图像已保存到相册"},"error-saving-image":{"_":"保存图像时出错"},"save-video":{"_":"保存视频"},"video-saved":{"_":"视频已保存到视频"},"error-saving-video":{"_":"保存视频时出错"},"save-audio":{"_":"保存音频"},"audio-saved":{"_":"音频已保存到音乐"},"error-saving-audio":{"_":"保存音频时出错"}}