{"music":{"_":"موسيقى"},"mix":{"_":"خَلط"},"playlists":{"_":"قائمة التشغيل"},"artists":{"_":"المغنيون"},"albums":{"_":"الألبومات"},"songs":{"_":"أغاني"},"more":{"_":"المزيد"},"songArtist":{"_":"المُغني"},"songAlbum":{"_":"الألبوم"},"unknownArtist":{"_":"فنان غير معروف"},"unknownAlbum":{"_":"ألبوم غير معروف"},"unknownTitle":{"_":"عنوان غير معروف"},"empty-title":{"_":"قم بإضافة موسيقى للبدء"},"empty-text":{"_":"تحميل الأغاني على بطاقة الذاكرة."},"nocard2-title":{"_":"لم يتم العثور على بطاقة الذاكرة"},"nocard3-text":{"_":"أدخل بطاقة الذاكرة للإستماع إلى الموسيقى."},"pluggedin-title":{"_":"لا يمكن الإستماع إلى الموسيقى في حالة توصيل الجوّال بجهاز آخر"},"pluggedin-text":{"_":"إفصل الجوّال للإستماع إلى الموسيقى."},"upgrade-title":{"_":"تحديث قاعدة البيانات"},"upgrade-text":{"_":"الرجاء الانتظار بينما الموسيقى تحدث قاعدة البيانات الخاصة بها."},"search-music":{"placeholder":"إبحث عن صوتيات"},"search-cancel":{"_":"ألغِ"},"search-artists":{"_":"المغنيون"},"search-albums":{"_":"الألبومات"},"search-titles":{"_":"المقطوعات"},"search-close":{"_":"أغلق"},"playlists-shuffle-all":{"_":"إخلط الكل"},"playlists-highest-rated":{"_":"الأكثر تقييما "},"playlists-recently-added":{"_":"المضافة مؤخراً"},"playlists-most-played":{"_":"الأكثر إستماعاً"},"playlists-least-played":{"_":"الأقل إستماعاً"},"picker-title":{"_":"إختر مقطوعة"},"save":{"_":"حفظ"},"saved":{"_":"تم حفظ {{title}} بقارئ الموسيقى"},"audioinvalid":{"_":"لا يمكن تشغيل هذا المقطع: امتداد غير مدعوم أو ملف معطل"},"overlay-cancel-button":{"_":"ألغِ"},"music-paused-notification":{"_":"توقفت الموسيقى أثناء المكالمة"}}