{"music":{"_":"Музика"},"mix":{"_":"Микс"},"playlists":{"_":"Плейлист"},"artists":{"_":"Изпълнители"},"albums":{"_":"Албуми"},"songs":{"_":"Песни"},"more":{"_":"Още"},"songArtist":{"_":"Изпълнител на песента"},"songAlbum":{"_":"Албум на песента"},"unknownArtist":{"_":"Непознат изпълнител"},"unknownAlbum":{"_":"Непознат албум"},"unknownTitle":{"_":"Непознато заглавие"},"empty-title":{"_":"Добавете песни, за да започнете"},"empty-text":{"_":"Добавете песни на картата памет."},"nocard2-title":{"_":"Не е намерена карта памет"},"nocard3-text":{"_":"Insert a memory card to listen to songs."},"pluggedin-title":{"_":"Музика не може да бъде слушана докато телефонът е включен на зарядно"},"pluggedin-text":{"_":"Изключете телефона от зарядното, за да пуснете музика."},"upgrade-title":{"_":"Надграждане на базата данни"},"upgrade-text":{"_":"Моля, изчакайте, докато Музика надгради своята база данни."},"search-music":{"placeholder":"Търсене на музика"},"search-cancel":{"_":"Отказ"},"search-artists":{"_":"Изпълнители"},"search-albums":{"_":"Албуми"},"search-titles":{"_":"Заглавия на песни"},"search-close":{"_":"затваряне"},"playlists-shuffle-all":{"_":"Разбъркване на всички"},"playlists-highest-rated":{"_":"Най-високо оценени"},"playlists-recently-added":{"_":"Добавени наскоро"},"playlists-most-played":{"_":"Най-често изпълнявани"},"playlists-least-played":{"_":"Най-рядко изпълнявани"},"picker-title":{"_":"Избор на песен"},"save":{"_":"Запазване"},"saved":{"_":"Запазена {{title}} в Музика"},"audioinvalid":{"_":"Аудиото не може да бъде изпълнено: форматът не е поддържан или е невалиден."},"overlay-cancel-button":{"_":"Cancel"},"music-paused-notification":{"_":"Music paused during the call"},"nocard2-text":{"_":"Сложете карта памет, за да можете да слушате песни или избрете, в настройки, алтернативно местоположение за медия."},"storage-setting-button":{"_":"Настройки на хранилището за медия"}}