{"music":{"_":"গান"},"mix":{"_":"মিক্স"},"playlists":{"_":"গানের তালিকা"},"artists":{"_":"শিল্পী"},"albums":{"_":"অ্যালবাম"},"songs":{"_":"গানসমূহ"},"more":{"_":"আরও"},"songArtist":{"_":"গানের শিল্পী"},"songAlbum":{"_":"গানের অ্যালবাম"},"unknownArtist":{"_":"অজানা শিল্পী"},"unknownAlbum":{"_":"অজানা অ্যালবাম"},"unknownTitle":{"_":"অজানা শিরোনাম"},"empty-title":{"_":"শুরু করতে সংগীত যোগ করুন"},"empty-text":{"_":"মেমরি কার্ডে সংগীত যোগ করুন।"},"nocard2-title":{"_":"মেমরি কার্ড নেই"},"nocard3-text":{"_":"Insert a memory card to listen to songs."},"pluggedin-title":{"_":"ইউএসবি লাগানো থাকলে গান শুনতে পারবেন না"},"pluggedin-text":{"_":"গান শুনতে ফোন থেকে ইউএসবি খুলুন।"},"upgrade-title":{"_":"তালিকা আপগ্রেড"},"upgrade-text":{"_":"দয়া করে গানের তালিকা আপগ্রেড হবার সময় অপেক্ষা করুন।"},"search-music":{"placeholder":"গান খুজুন"},"search-cancel":{"_":"বাতিল"},"search-artists":{"_":"শিল্পী"},"search-albums":{"_":"অ্যালবাম"},"search-titles":{"_":"ট্র্যাক"},"search-close":{"_":"বন্ধ"},"playlists-shuffle-all":{"_":"সবগুলো অদল-বদল"},"playlists-highest-rated":{"_":"সর্বোচ্চ রেট পাওয়া"},"playlists-recently-added":{"_":"সম্প্রতি রেট পাওয়া"},"playlists-most-played":{"_":"সর্বোচ্চ শোনা"},"playlists-least-played":{"_":"সর্বনিম্ন শোনা"},"picker-title":{"_":"একটি ট্র্যাক নির্বাচন করুন"},"save":{"_":"সংরক্ষণ"},"saved":{"_":"{{title}} সংগীতে সংরক্ষণ করুন"},"audioinvalid":{"_":"সংগীত চালানো সম্ভব নয়: ফাইল ফরম্যাট অসমর্থিত কিংবা ত্রুটিপূর্ণ।"},"overlay-cancel-button":{"_":"Cancel"},"music-paused-notification":{"_":"কল আসার সময় গান বন্ধ হয়েছিল"},"nocard2-text":{"_":"গান শোনার জন্য মেমরি কার্ড প্রবেশ করান অথবা সেটিংসে বিকল্প মিডিয়া ডিভাইস নির্বাচন করুন।"},"storage-setting-button":{"_":"মিডিয়া স্টোরেজ সেটিংস"}}