{"music":{"_":"Música"},"mix":{"_":"Mescla"},"playlists":{"_":"Llista reproducció"},"artists":{"_":"Artistes"},"albums":{"_":"Àlbums"},"songs":{"_":"Cançons"},"more":{"_":"Més"},"songArtist":{"_":"Artista de la cançó"},"songAlbum":{"_":"Àlbum de la cançó"},"unknownArtist":{"_":"Artista desconegut"},"unknownAlbum":{"_":"Àlbum desconegut"},"unknownTitle":{"_":"Títol desconegut"},"empty-title":{"_":"Afegiu cançons per començar"},"empty-text":{"_":"Carregueu les cançons a la targeta de memòria."},"nocard2-title":{"_":"No s'ha trobat cap targeta de memòria"},"nocard3-text":{"_":"Inseriu una targeta de memòria per escoltar música."},"pluggedin-title":{"_":"No es pot escoltar música mentre el telèfon està connectat"},"pluggedin-text":{"_":"Desconnecteu el telèfon per reproduir la música."},"upgrade-title":{"_":"Actualització de base de dades"},"upgrade-text":{"_":"Espereu mentre s'actualitza la base de dades de música."},"search-music":{"placeholder":"Cerca música"},"search-cancel":{"_":"Cancel·la"},"search-artists":{"_":"Artistes"},"search-albums":{"_":"Àlbums"},"search-titles":{"_":"Pistes"},"search-close":{"_":"tanca"},"playlists-shuffle-all":{"_":"Mode aleatori"},"playlists-highest-rated":{"_":"Més votades"},"playlists-recently-added":{"_":"Afegides recentment"},"playlists-most-played":{"_":"Més reproduïdes"},"playlists-least-played":{"_":"Menys reproduïdes"},"picker-title":{"_":"Trieu una pista"},"save":{"_":"Desa"},"saved":{"_":"S'ha desat {{title}} a Música"},"audioinvalid":{"_":"No es pot reproduir l'àudio: el format no és compatible o bé el fitxer no és vàlid."},"overlay-cancel-button":{"_":"Cancel·la"},"music-paused-notification":{"_":"La música s'ha posat en pausa durant la trucada"}}