{"music":{"_":"Hudba"},"mix":{"_":"Mixovat"},"playlists":{"_":"Seznamy skladeb"},"artists":{"_":"Umělci"},"albums":{"_":"Alba"},"songs":{"_":"Skladby"},"more":{"_":"Více"},"songArtist":{"_":"Umělec"},"songAlbum":{"_":"Album"},"unknownArtist":{"_":"Neznámý umělec"},"unknownAlbum":{"_":"Neznámé album"},"unknownTitle":{"_":"Neznámý název"},"empty-title":{"_":"Přidání písniček"},"empty-text":{"_":"Nahrajte písničky na paměťovou kartu."},"nocard2-title":{"_":"Paměťová karta nenalezena"},"nocard3-text":{"_":"Pro poslech hudby vložte paměťovou kartu."},"pluggedin-title":{"_":"Při připojení telefonu nelze program použít"},"pluggedin-text":{"_":"Pro přehrávání hudby odpojte telefon"},"upgrade-title":{"_":"Aktualizace databáze"},"upgrade-text":{"_":"Čekejte prosím, aplikace Hudba aktualizuje svou databázi."},"search-music":{"placeholder":"Hledat hudbu"},"search-cancel":{"_":"Zrušit"},"search-artists":{"_":"Umělci"},"search-albums":{"_":"Alba"},"search-titles":{"_":"Skladby"},"search-close":{"_":"zavřít"},"playlists-shuffle-all":{"_":"Zamíchat vše"},"playlists-highest-rated":{"_":"Nejvíce hodnocené"},"playlists-recently-added":{"_":"Naposledy přidané"},"playlists-most-played":{"_":"Nejhranější"},"playlists-least-played":{"_":"Naposledy hrané"},"picker-title":{"_":"Volba stopy"},"save":{"_":"Uložit"},"saved":{"_":"{{title}} uloženo do aplikace Hudba"},"audioinvalid":{"_":"Audio nemůže být přehráno: formát není podporovaný či je neplatný soubor."},"overlay-cancel-button":{"_":"Zrušit"},"music-paused-notification":{"_":"Přehrávání hudby je během hovoru pozastaveno"}}