{"music":{"_":"Musik"},"mix":{"_":"Bland"},"playlists":{"_":"Spillelister"},"artists":{"_":"Kunstnere"},"albums":{"_":"Album"},"songs":{"_":"Alle numre"},"more":{"_":"Mere"},"songArtist":{"_":"Kunstner"},"songAlbum":{"_":"Album"},"unknownArtist":{"_":"Ukendt kunstner"},"unknownAlbum":{"_":"Ukendt album"},"unknownTitle":{"_":"Ukendt titel"},"empty-title":{"_":"Tilføj musik for at komme i gang"},"empty-text":{"_":"Gem musik på hukommelseskortet"},"nocard2-title":{"_":"Hukommelseskort ikke fundet"},"nocard3-text":{"_":"Indsæt hukommelseskort for at lytte til musik."},"pluggedin-title":{"_":"Musik kan ikke afspilles, når telefonen er tilsluttet"},"pluggedin-text":{"_":"Afkobl telefonen for at spille musik."},"upgrade-title":{"_":"Databasen opdateres"},"upgrade-text":{"_":"Vent mens Musik opdaterer sin database."},"search-music":{"placeholder":"Søg efter musik"},"search-cancel":{"_":"Annuller"},"search-artists":{"_":"Kunstner"},"search-albums":{"_":"Album"},"search-titles":{"_":"Titel"},"search-close":{"_":"luk"},"playlists-shuffle-all":{"_":"Bland alle"},"playlists-highest-rated":{"_":"Højest vurderet"},"playlists-recently-added":{"_":"Tilføjet for nylig"},"playlists-most-played":{"_":"Mest spillede"},"playlists-least-played":{"_":"Mindst spillede"},"picker-title":{"_":"Vælg et nummer"},"save":{"_":"Gem"},"saved":{"_":"{{title}} er gemt i musiksamlingen"},"audioinvalid":{"_":"Kan ikke afspilles: Formatet understøttes ikke, eller filen er ikke en lydfil."},"overlay-cancel-button":{"_":"Annuller"},"music-paused-notification":{"_":"Musik er sat på pause under opkald"}}