{"music":{"_":"Musik"},"mix":{"_":"Mix"},"playlists":{"_":"Wiedergabelisten"},"artists":{"_":"Interpreten"},"albums":{"_":"Alben"},"songs":{"_":"Lieder"},"more":{"_":"Mehr"},"songArtist":{"_":"Interpret"},"songAlbum":{"_":"Album"},"unknownArtist":{"_":"Unbekannter Interpret"},"unknownAlbum":{"_":"Unbekanntes Album"},"unknownTitle":{"_":"Unbekannter Titel"},"empty-title":{"_":"Zum Starten Titel hinzufügen"},"empty-text":{"_":"Laden Sie Titel auf die Speicherkarte."},"nocard2-title":{"_":"Keine Speicherkarte gefunden"},"nocard3-text":{"_":"Legen Sie eine Speicherkarte ein, um Titel anzuhören."},"pluggedin-title":{"_":"Musik kann nicht verwendet werden, während das Telefon angesteckt ist"},"pluggedin-text":{"_":"Ziehen Sie das Telefon ab, um Musik zu verwenden."},"upgrade-title":{"_":"Datenbank-Upgrade"},"upgrade-text":{"_":"Bitte warten Sie, während Musik seine Datenbank aktualisiert."},"search-music":{"placeholder":"Musik durchsuchen"},"search-cancel":{"_":"Abbrechen"},"search-artists":{"_":"Interpreten"},"search-albums":{"_":"Alben"},"search-titles":{"_":"Titel"},"search-close":{"_":"Schließen"},"playlists-shuffle-all":{"_":"Alle, zufällige Reihenfolge"},"playlists-highest-rated":{"_":"Am höchsten bewertet"},"playlists-recently-added":{"_":"Kürzlich hinzugefügt"},"playlists-most-played":{"_":"Am häufigsten gespielt"},"playlists-least-played":{"_":"Am seltensten gespielt"},"picker-title":{"_":"Lied auswählen"},"save":{"_":"Speichern"},"saved":{"_":"{{title}} in Musik gespeichert"},"audioinvalid":{"_":"Audio kann nicht wiedergegeben werden: Format wird nicht unterstützt oder Datei ist ungültig."},"overlay-cancel-button":{"_":"Abbrechen"},"music-paused-notification":{"_":"Musikwiedergabe während des Anrufs angehalten"}}