{"music":{"_":"Μουσική"},"mix":{"_":"Μίξη"},"playlists":{"_":"Aναπαραγωγή"},"artists":{"_":"Καλλιτέχνες"},"albums":{"_":"Άλμπουμ"},"songs":{"_":"Κομμάτια"},"more":{"_":"Περισσότερα"},"songArtist":{"_":"Καλλιτέχνης"},"songAlbum":{"_":"Άλμπουμ"},"unknownArtist":{"_":"Άγνωστος καλλιτέχνης"},"unknownAlbum":{"_":"Άγνωστο άλμπουμ"},"unknownTitle":{"_":"Άγνωστος τίτλος"},"empty-title":{"_":"Προσθέστε τραγούδια για να ξεκινήσετε"},"empty-text":{"_":"Προσθέστε τραγούδια στην κάρτα μνήμης."},"nocard2-title":{"_":"Δεν βρέθηκε κάρτα μνήμης"},"nocard3-text":{"_":"Insert a memory card to listen to songs."},"pluggedin-title":{"_":"Δεν μπορείτε να ακούσετε μουσική όσο το τηλέφωνο είναι συνδεδεμένο."},"pluggedin-text":{"_":"Αποσυνδέστε το τηλέφωνο για να ακούσετε μουσική."},"upgrade-title":{"_":"Αναβάθμιση Βάσης"},"upgrade-text":{"_":"Παρακαλούμε περιμένετε καθώς η εφαρμογή «Μουσική» ενημερώνει τη βάση της."},"search-music":{"placeholder":"Αναζήτηση"},"search-cancel":{"_":"Ακύρωση"},"search-artists":{"_":"Καλλιτέχνες"},"search-albums":{"_":"Άλμπουμ"},"search-titles":{"_":"Κομμάτια"},"search-close":{"_":"Κλείσιμο"},"playlists-shuffle-all":{"_":"Τυχαία αναπαραγωγή"},"playlists-highest-rated":{"_":"Υψηλότερα βαθμολογημένα"},"playlists-recently-added":{"_":"Προστέθηκαν πρόσφατα"},"playlists-most-played":{"_":"Δημοφιλέστερα"},"playlists-least-played":{"_":"Λιγότερο δημοφιλή"},"picker-title":{"_":"Επιλογή κομματιού"},"save":{"_":"Αποθήκευση"},"saved":{"_":"{{title}} αποθηκεύτηκε στη Μουσική"},"audioinvalid":{"_":"Δεν είναι δυνατή η αναπαραγωγή του βίντεο: ο τύπος του δεν υποστηρίζεται ή το αρχείο δεν είναι έγκυρο."},"overlay-cancel-button":{"_":"Cancel"},"music-paused-notification":{"_":"Παύση της μουσικής κατά την κλήση"},"nocard2-text":{"_":"Εισάγετε μια κάρτα μνήμης για να ακούσετε μουσική ή επιλέξτε μια εναλλακτική προεπιλεγμένη τοποθεσία πολυμέσων στις ρυθμίσεις."},"storage-setting-button":{"_":"Ρυθμίσεις αποθήκευσης Πολυμέσων"}}