{"music":{"_":"Música"},"mix":{"_":"Mezcla"},"playlists":{"_":"Lista de reproducción"},"artists":{"_":"Artistas"},"albums":{"_":"Álbumes"},"songs":{"_":"Canciones"},"more":{"_":"Más"},"songArtist":{"_":"Intérprete"},"songAlbum":{"_":"Álbum de la canción"},"unknownArtist":{"_":"Artista desconocido"},"unknownAlbum":{"_":"Álbum desconocido"},"unknownTitle":{"_":"Título desconocido"},"empty-title":{"_":"Agregue canciones para comenzar"},"empty-text":{"_":"Cargue las canciones en la tarjeta de memoria."},"nocard2-title":{"_":"No se encontró ninguna tarjeta de memoria"},"nocard3-text":{"_":"Introduzca una tarjeta de memoria para escuchar música."},"pluggedin-title":{"_":"No se puede reproducir música mientras el teléfono esté conectado"},"pluggedin-text":{"_":"Desconecte el teléfono para reproducir música."},"upgrade-title":{"_":"Actualización de base de datos"},"upgrade-text":{"_":"Espere mientras la aplicación Música actualiza su base de datos."},"search-music":{"placeholder":"Buscar música"},"search-cancel":{"_":"Cancelar"},"search-artists":{"_":"Artistas"},"search-albums":{"_":"Álbumes"},"search-titles":{"_":"Pistas"},"search-close":{"_":"cerrar"},"playlists-shuffle-all":{"_":"Mezclar todas"},"playlists-highest-rated":{"_":"Mejor valoradas"},"playlists-recently-added":{"_":"Agregadas recientemente"},"playlists-most-played":{"_":"Más reproducidas"},"playlists-least-played":{"_":"Menos reproducidas"},"picker-title":{"_":"Seleccione una pista"},"save":{"_":"Guardar"},"saved":{"_":"{{title}} guardada en Música"},"audioinvalid":{"_":"El audio no puede reproducirse: el formato no es compatible o el archivo no es válido."},"overlay-cancel-button":{"_":"Cancelar"},"music-paused-notification":{"_":"Música detenida durante llamada"}}