{"music":{"_":"Musika"},"mix":{"_":"Nahasi"},"playlists":{"_":"Erreprodukzio-zerrenda"},"artists":{"_":"Artistak"},"albums":{"_":"Albumak"},"songs":{"_":"Abestiak"},"more":{"_":"Gehiago"},"songArtist":{"_":"Abestiaren artista"},"songAlbum":{"_":"Abestiaren albuma"},"unknownArtist":{"_":"Artista ezezaguna"},"unknownAlbum":{"_":"Album ezezaguna"},"unknownTitle":{"_":"Izenburu ezezaguna"},"empty-title":{"_":"Gehitu abestiak erabiltzen hasteko"},"empty-text":{"_":"Kargatu abestiak memoria-txartelean."},"nocard2-title":{"_":"Ez da memoria-txartelik aurkitu"},"nocard3-text":{"_":"Sartu memoria-txartela abestiak entzuteko."},"pluggedin-title":{"_":"Ezin da musika erabili telefonoa entxufatuta dagoen bitartean"},"pluggedin-text":{"_":"Desentxufatu telefonoa musika erreproduzitzeko."},"upgrade-title":{"_":"Datu-basearen bertsio-berritzea"},"upgrade-text":{"_":"Itxaron mesedez musika-aplikazioak bere datu-basea eguneratzen duen artean."},"search-music":{"placeholder":"Bilatu musika"},"search-cancel":{"_":"Utzi"},"search-artists":{"_":"Artistak"},"search-albums":{"_":"Albumak"},"search-titles":{"_":"Pistak"},"search-close":{"_":"itxi"},"playlists-shuffle-all":{"_":"Nahastu dena"},"playlists-highest-rated":{"_":"Puntuazio altuenak"},"playlists-recently-added":{"_":"Gehitutako azkenak"},"playlists-most-played":{"_":"Erreproduzituenak"},"playlists-least-played":{"_":"Gutxien erreproduzituak"},"picker-title":{"_":"Hautatu pista"},"save":{"_":"Gorde"},"saved":{"_":"{{title}} musika-aplikazioan gordeta"},"audioinvalid":{"_":"Audioa ezin da erreproduzitu: formatua ez da onartzen edo fitxategia baliogabea da."},"overlay-cancel-button":{"_":"Utzi"},"music-paused-notification":{"_":"Musika pausatuta deian zehar"}}