{"music":{"_":"Musique"},"mix":{"_":"Mix"},"playlists":{"_":"Liste de lecture"},"artists":{"_":"Artistes"},"albums":{"_":"Albums"},"songs":{"_":"Chansons"},"more":{"_":"Plus"},"songArtist":{"_":"Artiste"},"songAlbum":{"_":"Album"},"unknownArtist":{"_":"Artiste inconnu"},"unknownAlbum":{"_":"Album inconnu"},"unknownTitle":{"_":"Titre inconnu"},"empty-title":{"_":"Vous pouvez dès à présent commencer à ajouter des chansons"},"empty-text":{"_":"Chargez des chansons sur la carte mémoire."},"nocard2-title":{"_":"Aucune carte mémoire"},"nocard3-text":{"_":"Pour écouter de la musique, insérez une carte mémoire."},"pluggedin-title":{"_":"L’application Musique ne peut pas être utilisée tant que le téléphone est branché"},"pluggedin-text":{"_":"Pour écouter de la musique, débranchez le téléphone."},"upgrade-title":{"_":"Mise à jour base de données"},"upgrade-text":{"_":"Veuillez patienter pendant que Musique met à jour sa base de données."},"search-music":{"placeholder":"Rechercher"},"search-cancel":{"_":"Annuler"},"search-artists":{"_":"Artistes"},"search-albums":{"_":"Albums"},"search-titles":{"_":"Pistes"},"search-close":{"_":"fermer"},"playlists-shuffle-all":{"_":"Lecture aléatoire"},"playlists-highest-rated":{"_":"Les mieux notées"},"playlists-recently-added":{"_":"Ajoutées récemment"},"playlists-most-played":{"_":"Les plus écoutées"},"playlists-least-played":{"_":"Les moins écoutées"},"picker-title":{"_":"Sélectionner une piste"},"save":{"_":"Enregistrer"},"saved":{"_":"{{title}} enregistré dans Musique"},"audioinvalid":{"_":"Impossible de lire l’audio : le format n’est pas pris en charge ou le fichier n’est pas valide."},"overlay-cancel-button":{"_":"Annuler"},"music-paused-notification":{"_":"Musique mise en pause durant l’appel"}}