{"music":{"_":"Música"},"mix":{"_":"Mestura"},"playlists":{"_":"Lista de reprodución"},"artists":{"_":"Artistas"},"albums":{"_":"Álbums"},"songs":{"_":"Cancións"},"more":{"_":"Máis"},"songArtist":{"_":"Artista da canción"},"songAlbum":{"_":"Álbum da canción"},"unknownArtist":{"_":"Artista descoñecido"},"unknownAlbum":{"_":"Álbum descoñecido"},"unknownTitle":{"_":"Título descoñecido"},"empty-title":{"_":"Engadir cancións para comezar"},"empty-text":{"_":"Cargar as cancións na tarxeta de memoria."},"nocard2-title":{"_":"Non se atopou a tarxeta de memoria"},"nocard3-text":{"_":"Insira unha tarxeta de memoria para escoitar música."},"pluggedin-title":{"_":"Non é posíbel usar o aplicativo Música mentres o teléfono está conectado"},"pluggedin-text":{"_":"Desconecte o teléfono para reproducir a música."},"upgrade-title":{"_":"Anovación da base de datos"},"upgrade-text":{"_":"Agarde mentres se actualiza a base de datos de Música."},"search-music":{"placeholder":"Buscar música"},"search-cancel":{"_":"Cancelar"},"search-artists":{"_":"Artistas"},"search-albums":{"_":"Álbums"},"search-titles":{"_":"Pistas"},"search-close":{"_":"pechar"},"playlists-shuffle-all":{"_":"Modo aleatorio"},"playlists-highest-rated":{"_":"Mellor valoradas"},"playlists-recently-added":{"_":"Engadidas recentemente"},"playlists-most-played":{"_":"Máis reproducidas"},"playlists-least-played":{"_":"Menos reproducidas"},"picker-title":{"_":"Seleccionar unha pista"},"save":{"_":"Gardar"},"saved":{"_":"Gardouse {{title}} en Música"},"audioinvalid":{"_":"Non é posíbel reproducir o son: o formato non é compatíbel ou o ficheiro é incorrecto."},"overlay-cancel-button":{"_":"Cancelar"},"music-paused-notification":{"_":"Detívose a música durante a chamada"}}