{"music":{"_":"Glazba"},"mix":{"_":"Miks"},"playlists":{"_":"Popis izvođenja"},"artists":{"_":"Izvođači"},"albums":{"_":"Albumi"},"songs":{"_":"Pjesme"},"more":{"_":"Više"},"songArtist":{"_":"Izvođač pjesme"},"songAlbum":{"_":"Izvođač albuma"},"unknownArtist":{"_":"Nepoznati izvođač"},"unknownAlbum":{"_":"Nepoznati album"},"unknownTitle":{"_":"Nepoznati naziv"},"empty-title":{"_":"Da biste započeli, dodajte pjesme"},"empty-text":{"_":"Učitaj pjesme s memorijske kartice."},"nocard2-title":{"_":"Nema memorijske kartice"},"nocard3-text":{"_":"Insert a memory card to listen to songs."},"pluggedin-title":{"_":"Glazba se ne može preslušavati dok je telefon priključen na punjač"},"pluggedin-text":{"_":"Odspojite telefon s punjača da biste mogli preslušavati glazbu."},"upgrade-title":{"_":"Nadogradnja baze"},"upgrade-text":{"_":"Pričekajte dok Glazba nadograđuje svoju bazu."},"search-music":{"placeholder":"Pretraži glazbu"},"search-cancel":{"_":"Otkaži"},"search-artists":{"_":"Izvođači"},"search-albums":{"_":"Albumi"},"search-titles":{"_":"Pjesme"},"search-close":{"_":"zatvori"},"playlists-shuffle-all":{"_":"Izmiješaj sve"},"playlists-highest-rated":{"_":"Najbolje ocijenjeno"},"playlists-recently-added":{"_":"Nedavno dodano"},"playlists-most-played":{"_":"Najviše preslušavano"},"playlists-least-played":{"_":"Najmanje preslušavano"},"picker-title":{"_":"Odaberi pjesmu"},"save":{"_":"Spremi"},"saved":{"_":"Spremi {{title}} pod Muzika"},"audioinvalid":{"_":"Nije moguće pokrenuti audio: format je nepodržan ili je datoteka nevaljana. "},"overlay-cancel-button":{"_":"Cancel"},"music-paused-notification":{"_":"Glazba pauzirana tijekom poziva"},"nocard2-text":{"_":"Umetnite memorijsku karticu da biste mogli preslušati pjesme ili promijenite postavke za spremanje multimedije."},"storage-setting-button":{"_":"Postavke spremanja multimedije"}}