{"music":{"_":"Zene"},"mix":{"_":"Mix"},"playlists":{"_":"Lejátszólista"},"artists":{"_":"Előadók"},"albums":{"_":"Albumok"},"songs":{"_":"Dalok"},"more":{"_":"Több"},"songArtist":{"_":"Szám előadója"},"songAlbum":{"_":"Szám albuma"},"unknownArtist":{"_":"Ismeretlen előadó"},"unknownAlbum":{"_":"Ismeretlen album"},"unknownTitle":{"_":"Ismeretlen cím"},"empty-title":{"_":"A kezdéshez vegyen fel számokat"},"empty-text":{"_":"Töltsön fel számokat a memóriakártyára."},"nocard2-title":{"_":"Nem található memóriakártya"},"nocard3-text":{"_":"Zenehallgatáshoz tegye be a memóriakártyát."},"pluggedin-title":{"_":"A Zene nem használható bedugott állapotban"},"pluggedin-text":{"_":"Húzza ki a telefont a zenehallgatáshoz."},"upgrade-title":{"_":"Adatbázis-frissítés"},"upgrade-text":{"_":"Kis türelmet a Zene adatbázisának frissítéséig."},"search-music":{"placeholder":"Zene keresése"},"search-cancel":{"_":"Mégse"},"search-artists":{"_":"Előadók"},"search-albums":{"_":"Albumok"},"search-titles":{"_":"Számok"},"search-close":{"_":"bezárás"},"playlists-shuffle-all":{"_":"Összes véletlenszerűen"},"playlists-highest-rated":{"_":"Legjobb értékelés"},"playlists-recently-added":{"_":"Nemrég hozzáadott"},"playlists-most-played":{"_":"Legtöbb lejátszás"},"playlists-least-played":{"_":"Legkevesebb lejátszás"},"picker-title":{"_":"Szám kiválasztása"},"save":{"_":"Mentés"},"saved":{"_":"{{title}} mentése a Zenék közé megtörtént"},"audioinvalid":{"_":"Nem játszható le: a formátum nem támogatott, vagy a fájl sérült."},"overlay-cancel-button":{"_":"Mégse"},"music-paused-notification":{"_":"Zene szüneteltetve a hívás alatt"}}