{"music":{"_":"Musica"},"mix":{"_":"Mix"},"playlists":{"_":"Playlist"},"artists":{"_":"Artisti"},"albums":{"_":"Album"},"songs":{"_":"Canzoni"},"more":{"_":"Altro"},"songArtist":{"_":"Artista canzone"},"songAlbum":{"_":"Album canzone"},"unknownArtist":{"_":"Artista sconosciuto"},"unknownAlbum":{"_":"Album sconosciuto"},"unknownTitle":{"_":"Titolo sconosciuto"},"empty-title":{"_":"Aggiungi delle canzoni per iniziare"},"empty-text":{"_":"Carica delle canzoni sulla scheda di memoria."},"nocard2-title":{"_":"Scheda di memoria non disponibile"},"nocard3-text":{"_":"Inserire una scheda di memoria per ascoltare musica."},"pluggedin-title":{"_":"Impossibile utilizzare Musica quando il telefono è collegato"},"pluggedin-text":{"_":"Scollegare il telefono per ascoltare le canzoni."},"upgrade-title":{"_":"Aggiornamento database"},"upgrade-text":{"_":"Attendere l’aggiornamento del database per Musica."},"search-music":{"placeholder":"Cerca in Musica"},"search-cancel":{"_":"Annulla"},"search-artists":{"_":"Artisti"},"search-albums":{"_":"Album"},"search-titles":{"_":"Tracce"},"search-close":{"_":"chiudi"},"playlists-shuffle-all":{"_":"Ordine casuale"},"playlists-highest-rated":{"_":"Classifica"},"playlists-recently-added":{"_":"Aggiunte di recente"},"playlists-most-played":{"_":"Più ascoltate"},"playlists-least-played":{"_":"Meno ascoltate"},"picker-title":{"_":"Scegli una traccia"},"save":{"_":"Salva"},"saved":{"_":"{{title}} salvato in Musica"},"audioinvalid":{"_":"Impossibile riprodurre l’audio: formato non supportato o file danneggiato."},"overlay-cancel-button":{"_":"Annulla"},"music-paused-notification":{"_":"Musica in pausa durante chiamata"}}