{"music":{"_":"音楽"},"mix":{"_":"ミックス"},"playlists":{"_":"プレイリスト"},"artists":{"_":"アーティスト"},"albums":{"_":"アルバム"},"songs":{"_":"歌曲"},"more":{"_":"その他"},"songArtist":{"_":"アーティスト"},"songAlbum":{"_":"アルバム"},"unknownArtist":{"_":"不明なアーティスト"},"unknownAlbum":{"_":"不明なアルバム"},"unknownTitle":{"_":"不明なタイトル"},"empty-title":{"_":"はじめに曲を追加してください"},"empty-text":{"_":"メモリーカードに曲を読み込んでください。"},"nocard2-title":{"_":"メモリーカードが見つかりません"},"nocard3-text":{"_":"音楽を聴くにはメモリーカードを挿入してください。"},"pluggedin-title":{"_":"ケーブル接続している間は音楽を使用できません"},"pluggedin-text":{"_":"音楽を再生するにはケーブルを抜いてください。"},"upgrade-title":{"_":"データベースのアップグレード"},"upgrade-text":{"_":"音楽のデータベースを更新しています。しばらくお待ちください。"},"search-music":{"placeholder":"音楽を検索します"},"search-cancel":{"_":"キャンセル"},"search-artists":{"_":"アーティスト"},"search-albums":{"_":"アルバム"},"search-titles":{"_":"トラック"},"search-close":{"_":"閉じる"},"playlists-shuffle-all":{"_":"シャッフル"},"playlists-highest-rated":{"_":"評価の高い曲"},"playlists-recently-added":{"_":"最近追加された曲"},"playlists-most-played":{"_":"再生回数の多い曲"},"playlists-least-played":{"_":"再生回数の少ない曲"},"picker-title":{"_":"トラックの選択"},"save":{"_":"保存"},"saved":{"_":"{{title}} を音楽フォルダに保存しました"},"audioinvalid":{"_":"音声を再生できません: 形式がサポートされていないかファイルが正しくありません。"},"overlay-cancel-button":{"_":"キャンセル"},"music-paused-notification":{"_":"通話中のため音楽を一時停止しました"}}