{"music":{"_":"តន្ត្រី"},"mix":{"_":"ចំរុះ"},"playlists":{"_":"បញ្ជី​បទ"},"artists":{"_":"វិចិត្រករ"},"albums":{"_":"អាល់ប៊ុម"},"songs":{"_":"ចម្រៀង"},"more":{"_":"ច្រើន​ទៀត"},"songArtist":{"_":"វិចិត្រករ​ចម្រៀង"},"songAlbum":{"_":"អាល់ប៊ុម​ចម្រៀង"},"unknownArtist":{"_":"មិន​ស្គាល់​វិចិត្រករ"},"unknownAlbum":{"_":"មិន​ស្គាល់​អាល់ប៊ុម"},"unknownTitle":{"_":"មិន​ស្គាល់​ចំណងជើង"},"empty-title":{"_":"បន្ថែម​ចម្រៀង​ដើម្បី​ចាប់ផ្ដើម"},"empty-text":{"_":"ផ្ទុក​ចម្រៀង​លើ​​​កាត​​អង្គ​ចងចាំ។"},"nocard2-title":{"_":"រក​មិន​ឃើញ​កាត​អង្គ​ចងចាំ"},"nocard3-text":{"_":"បញ្ចូល​កាត​អង្គ​ចងចាំ​​ដើម្បី​ស្ដាប់​ចម្រៀង។"},"pluggedin-title":{"_":"មិន​អាច​ចាក់​តន្ត្រី​អំឡុង​ពេល​​​ដោត​សាក​ទូរស័ព្ទ"},"pluggedin-text":{"_":"ឈប់​ដោត​ទូរស័ព្ទ​ដើម្បី​ចាក់​តន្ត្រី។"},"upgrade-title":{"_":"ធ្វើ​ឲ្យ​មូលដ្ឋាន​ទិន្នន័យ​ទាន់​សម័យ"},"upgrade-text":{"_":"សូម​រង់ចាំ​ខណៈ​ពេល​ធ្វើ​បច្ចុប្បន្នភាព​តន្ត្រី​មូលដ្ឋាន​ទិន្នន័យ​របស់​វា។"},"search-music":{"placeholder":"ស្វែងរក​តន្ត្រី"},"search-cancel":{"_":"បោះបង់"},"search-artists":{"_":"វិចិត្រករ"},"search-albums":{"_":"អាល់ប៊ុម"},"search-titles":{"_":"បទ"},"search-close":{"_":"បិទ"},"playlists-shuffle-all":{"_":"សាប់​ទាំងអស់"},"playlists-highest-rated":{"_":"វាយ​តម្លៃ​ខ្ពស់​ជាង​គេ"},"playlists-recently-added":{"_":"បាន​បន្ថែម​ថ្មីៗ"},"playlists-most-played":{"_":"បាន​ចាក់​ច្រើន​បំផុត"},"playlists-least-played":{"_":"បាន​ចាក់​តិច​ជាង​គេ"},"picker-title":{"_":"ជ្រើស​​បទ​ភ្លេង"},"save":{"_":"រក្សាទុក"},"saved":{"_":"បាន​រក្សាទុក {{title}} ទៅ​តន្ត្រី"},"audioinvalid":{"_":"មិន​អាច​ចាក់​សំឡេង៖ ទ្រង់ទ្រាយ​មិន​ត្រូវ​បាន​គាំទ្រ ឬ​ឯកសារ​មិន​ត្រឹមត្រូវ។"},"overlay-cancel-button":{"_":"បោះបង់"},"music-paused-notification":{"_":"បាន​ផ្អាក​តន្ត្រី​អំឡុង​ពេល​​ហៅ"}}