{"music":{"_":"음악"},"mix":{"_":"믹스"},"playlists":{"_":"재생 목록"},"artists":{"_":"아티스트"},"albums":{"_":"앨범"},"songs":{"_":"노래"},"more":{"_":"자세히"},"songArtist":{"_":"노래 아티스트"},"songAlbum":{"_":"노래 앨범"},"unknownArtist":{"_":"알 수 없는 아티스트"},"unknownAlbum":{"_":"알 수 없는 앨범"},"unknownTitle":{"_":"알 수 없는 제목"},"empty-title":{"_":"음악 파일 가져오기"},"empty-text":{"_":"메모리 카드에서 음악 파일을 불러옵니다."},"nocard2-title":{"_":"메모리 카드 찾지 못함"},"nocard3-text":{"_":"음악를 듣기 위해 메모리카드를 삽입하십시오."},"pluggedin-title":{"_":"폰이 연결되어 있으면 음악앱 사용할수 없음"},"pluggedin-text":{"_":"음악을 재생하려면 폰을 빼주시기 바랍니다."},"upgrade-title":{"_":"데이터베이스 업그레이드"},"upgrade-text":{"_":"음악 데이터베이스를 업데이트하고 있습니다. 잠시 기다려 주세요."},"search-music":{"placeholder":"음악 검색"},"search-cancel":{"_":"취소"},"search-artists":{"_":"아티스트"},"search-albums":{"_":"앨범"},"search-titles":{"_":"제목"},"search-close":{"_":"닫기"},"playlists-shuffle-all":{"_":"모두 섞기"},"playlists-highest-rated":{"_":"별점이 높은 곡"},"playlists-recently-added":{"_":"최근 추가한 곡"},"playlists-most-played":{"_":"가장 많이 재생한 곡"},"playlists-least-played":{"_":"가장 적게 재생한 곡"},"picker-title":{"_":"노래 선택"},"save":{"_":"저장"},"saved":{"_":"음악 앱에 {{title}} 저장함"},"audioinvalid":{"_":"재생할 수 없음: 파일이 손상되었거나 지원하지 않는 형식입니다."},"overlay-cancel-button":{"_":"취소"},"music-paused-notification":{"_":"통화하는 동안 음악 잠시 멈춤"}}