{"music":{"_":"Muzika"},"mix":{"_":"Maišyti"},"playlists":{"_":"Grojaraštis"},"artists":{"_":"Atlikėjai"},"albums":{"_":"Albumai"},"songs":{"_":"Dainos"},"more":{"_":"Daugiau"},"songArtist":{"_":"Dainos atlikėjas"},"songAlbum":{"_":"Dainos albumas"},"unknownArtist":{"_":"Nežinomas atlikėjas"},"unknownAlbum":{"_":"Nežinomas albumas"},"unknownTitle":{"_":"Nežinomas kūrinys"},"empty-title":{"_":"Įrenginyje nėra dainų"},"empty-text":{"_":"Įrašykite dainų į atminties kortelę."},"nocard2-title":{"_":"Neaptikta atminties kortelė"},"nocard3-text":{"_":"Norėdami klausytis muzikos, įdėkite atminties kortelę."},"pluggedin-title":{"_":"Muzika neprieinama, kol įrenginys prijungtas"},"pluggedin-text":{"_":"Jeigu norite klausytis muzikos, atjunkite šį įrenginį nuo kitų."},"upgrade-title":{"_":"Naujinama duomenų bazė"},"upgrade-text":{"_":"Luktelėkite, kol programa atnaujins savo duomenų bazę."},"search-music":{"placeholder":"Ieškoti muzikos"},"search-cancel":{"_":"Atsisakyti"},"search-artists":{"_":"Atlikėjai"},"search-albums":{"_":"Albumai"},"search-titles":{"_":"Kūriniai"},"search-close":{"_":"užverti"},"playlists-shuffle-all":{"_":"Maišyti visus"},"playlists-highest-rated":{"_":"Geriausiai įvertinti"},"playlists-recently-added":{"_":"Paskiausiai pridėti"},"playlists-most-played":{"_":"Dažniausiai grojami"},"playlists-least-played":{"_":"Mažiausiai grojami"},"picker-title":{"_":"Pasirinkite kūrinė"},"save":{"_":"Įrašyti"},"saved":{"_":"Kūrinys „{{title}}“ įrašytas į Muzikos aplanką"},"audioinvalid":{"_":"Įrašo atkurti nepavyko – nepalaikomas jo formatas arba failas yra sugadintas."},"overlay-cancel-button":{"_":"Atsisakyti"},"music-paused-notification":{"_":"Muzika pristabdyta skambučio metu"}}