{"music":{"_":"Музика"},"mix":{"_":"Микс"},"playlists":{"_":"Список со песни"},"artists":{"_":"Изведувачи"},"albums":{"_":"Албуми"},"songs":{"_":"Песни"},"more":{"_":"Повеќе"},"songArtist":{"_":"Песна на изведувач"},"songAlbum":{"_":"Песна од албум"},"unknownArtist":{"_":"Непознат изведувач"},"unknownAlbum":{"_":"Непознат албум"},"unknownTitle":{"_":"Непознат наслов"},"empty-title":{"_":"Додајте песни за да започнете"},"empty-text":{"_":"Се вчитуваат песните од мемориската картичка."},"nocard2-title":{"_":"Нема мемориска картичка"},"nocard3-text":{"_":"Внесете мемориска картичка да слушате песни."},"pluggedin-title":{"_":"Не може да слушате музика додека телефонот е вклучен"},"pluggedin-text":{"_":"Извадете го кабелот за да слушате музика."},"upgrade-title":{"_":"Надградба на база"},"upgrade-text":{"_":"Ве молам почекајте додека Музика ја ажурира својата база на податоци."},"search-music":{"placeholder":"Пребарај за музика"},"search-cancel":{"_":"Откажи"},"search-artists":{"_":"Изведувачи"},"search-albums":{"_":"Албуми"},"search-titles":{"_":"Песни"},"search-close":{"_":"затвори"},"playlists-shuffle-all":{"_":"Измешај сѐ"},"playlists-highest-rated":{"_":"Највисоко рангирани"},"playlists-recently-added":{"_":"Скоро додадени"},"playlists-most-played":{"_":"Најчесто слушани"},"playlists-least-played":{"_":"Најмалку слушани"},"picker-title":{"_":"Избери песна"},"save":{"_":"Сними"},"saved":{"_":"{{title}} е снимено во музика"},"audioinvalid":{"_":"Аудиото не може да се пушти. Форматот не е поддржан или датотеката не е валидна."},"overlay-cancel-button":{"_":"Откажи"},"music-paused-notification":{"_":"Музиката е паузира додека е во тек повик."}}