{"music":{"_":"Muzik"},"mix":{"_":"Campur"},"playlists":{"_":"Senarai main"},"artists":{"_":"Artis"},"albums":{"_":"Album"},"songs":{"_":"Lagu"},"more":{"_":"Lagi"},"songArtist":{"_":"Artis lagu"},"songAlbum":{"_":"Album lagu"},"unknownArtist":{"_":"Artis tidak dikenali"},"unknownAlbum":{"_":"Album tidak dikenali"},"unknownTitle":{"_":"Judul tidak dikenali"},"empty-title":{"_":"Tambah lagu untuk memulakan"},"empty-text":{"_":"Memuat lagu pada kad memori."},"nocard2-title":{"_":"Kad memori tidak ditemui"},"nocard3-text":{"_":"Masukkan kad memori untuk mendengar lagu."},"pluggedin-title":{"_":"Muzik tidak boleh digunakan ketika telefon dipalam"},"pluggedin-text":{"_":"Cabut plug telefon untuk memainkan muzik."},"upgrade-title":{"_":"Naiktaraf Pangkalan Data"},"upgrade-text":{"_":"SIla tunggu sementara Muzik menaiktaraf pangkalan datanya."},"search-music":{"placeholder":"Cari Muzik"},"search-cancel":{"_":"Batal"},"search-artists":{"_":"Artis"},"search-albums":{"_":"Album"},"search-titles":{"_":"Trek"},"search-close":{"_":"tutup"},"playlists-shuffle-all":{"_":"Kocok semua"},"playlists-highest-rated":{"_":"Taraf tertinggi"},"playlists-recently-added":{"_":"Baru-baru ditambah"},"playlists-most-played":{"_":"Sering dimainkan"},"playlists-least-played":{"_":"Jarang dimainkan"},"picker-title":{"_":"Pilih trek"},"save":{"_":"Simpan"},"saved":{"_":"Simpan {{title}} kepada Muzik"},"audioinvalid":{"_":"Audio tidak dapat dimainkan: format tidak disokong atau fail tidak sah."},"overlay-cancel-button":{"_":"Batal"},"music-paused-notification":{"_":"Muzik dijeda ketika panggilan"}}