{"music":{"_":"सङ्गित"},"mix":{"_":"मिश्रण"},"playlists":{"_":"बजाऊने सुचि"},"artists":{"_":"संगीतकारहरू"},"albums":{"_":"एल्बमहरू"},"songs":{"_":"गीतहरू"},"more":{"_":"अरु"},"songArtist":{"_":"गीतकार"},"songAlbum":{"_":"गीत एल्बम"},"unknownArtist":{"_":"अज्ञात कलाकार"},"unknownAlbum":{"_":"अज्ञात एल्बम"},"unknownTitle":{"_":"अज्ञात शीर्षक"},"empty-title":{"_":"सुरु हुनका लागि गीतहरु थप्नुहोस्"},"empty-text":{"_":"गीतहरुलाई मेमोरी कार्डमा लोड गर्नुहोस्।"},"nocard2-title":{"_":"मेमोरी कार्ड भेटिएन"},"nocard3-text":{"_":"गीतहरु सुन्नका लागि मेमोरी कार्ड घुसाउनुहोस्।"},"pluggedin-title":{"_":"फोन जोडिएको बेलामा सङ्गित सुन्न सकिदैन"},"pluggedin-text":{"_":"सङ्गित सुन्नका लागि फोनलाई छुटाउनुहोस्।"},"upgrade-title":{"_":"डेटाबेस स्तरवृद्धि"},"upgrade-text":{"_":"कृपया सङ्गितको डेटाबेस अद्यावधिक हुदै गर्दा प्रतिक्षा गर्नुहोस्।"},"search-music":{"placeholder":"सङ्गित खोजी"},"search-cancel":{"_":"रद्द गर्नुहोस्"},"search-artists":{"_":"संगीतकारहरू"},"search-albums":{"_":"एल्बमहरू"},"search-titles":{"_":"ट्रयाकहरू"},"search-close":{"_":"बन्द गर्नुहोस्"},"playlists-shuffle-all":{"_":"सबै मिसाउनुहोस्"},"playlists-highest-rated":{"_":"उच्च दर"},"playlists-recently-added":{"_":"हालसालै थपिएको"},"playlists-most-played":{"_":"अधिक सुनिएको"},"playlists-least-played":{"_":"थोरै सुनिएको"},"picker-title":{"_":"एउटा ट्रयाक चयन गर्नुहोस्"},"save":{"_":"बचत गर्नुहोस्"},"saved":{"_":"{{title}} सङ्गितमा बचत गरिएको छ"},"audioinvalid":{"_":"ध्वनि बजाउन सकिएन: स्वरूप असमर्थित वा फाइल अवैधानिक।"},"overlay-cancel-button":{"_":"रद्द गर्नुहोस्"},"music-paused-notification":{"_":"कलको समयमा सङ्गित रोकिएको छ"}}