{"music":{"_":"Muziek"},"mix":{"_":"Mix"},"playlists":{"_":"Afspeellijst"},"artists":{"_":"Artiesten"},"albums":{"_":"Albums"},"songs":{"_":"Nummers"},"more":{"_":"Meer"},"songArtist":{"_":"Artiest"},"songAlbum":{"_":"Album"},"unknownArtist":{"_":"Onbekende artiest"},"unknownAlbum":{"_":"Onbekend album"},"unknownTitle":{"_":"Onbekende titel"},"empty-title":{"_":"Voeg nummers toe om te beginnen"},"empty-text":{"_":"Plaats nummers op de geheugenkaart."},"nocard2-title":{"_":"Geen geheugenkaart gevonden"},"nocard3-text":{"_":"Plaats een geheugenkaart om naar nummers te luisteren."},"pluggedin-title":{"_":"Muziek kan niet worden gebruikt bij aangesloten telefoon"},"pluggedin-text":{"_":"Ontkoppel de telefoon om muziek af te spelen."},"upgrade-title":{"_":"Database-upgrade"},"upgrade-text":{"_":"Een moment, database van Muziek wordt bijgewerkt."},"search-music":{"placeholder":"Muziek zoeken"},"search-cancel":{"_":"Annuleren"},"search-artists":{"_":"Artiesten"},"search-albums":{"_":"Albums"},"search-titles":{"_":"Nummers"},"search-close":{"_":"sluiten"},"playlists-shuffle-all":{"_":"Alles willekeurig"},"playlists-highest-rated":{"_":"Meest gewaardeerd"},"playlists-recently-added":{"_":"Onlangs toegevoegd"},"playlists-most-played":{"_":"Meest afgespeeld"},"playlists-least-played":{"_":"Minst afgespeeld"},"picker-title":{"_":"Selecteer een nummer"},"save":{"_":"Opslaan"},"saved":{"_":"{{title}} opgeslagen in Muziek"},"audioinvalid":{"_":"Audio kan niet worden afgespeeld: de indeling wordt niet ondersteund of het bestand is ongeldig."},"overlay-cancel-button":{"_":"Annuleren"},"music-paused-notification":{"_":"Muziek gepauzeerd tijdens gesprek"}}