{"music":{"_":"ਸੰਗੀਤ"},"mix":{"_":"ਰਲਵੇਂ"},"playlists":{"_":"ਪਲੇਅਲਿਸਟ"},"artists":{"_":"ਕਲਾਕਾਰ"},"albums":{"_":"ਐਲਬਮ"},"songs":{"_":"ਗੀਤ"},"more":{"_":"ਹੋਰ"},"songArtist":{"_":"ਗੀਤ ਕਲਾਕਾਰ"},"songAlbum":{"_":"ਗੀਤ ਐਲਬਮ"},"unknownArtist":{"_":"ਅਣਜਾਣ ਕਲਾਕਾਰ"},"unknownAlbum":{"_":"ਅਣਜਾਣ ਐਲਬਮ"},"unknownTitle":{"_":"ਅਣਜਾਣ ਨਾਂ"},"empty-title":{"_":"ਸ਼ੁਰੂ ਕਰਨ ਲਈ ਗੀਤ ਜੋੜੋ"},"empty-text":{"_":"ਮੈਮੋਰੀ ਕਾਰਡ ਤੋਂ ਗੀਤ ਲੋਡ ਕਰੋ।"},"nocard2-title":{"_":"ਮੈਮੋਰੀ ਕਾਰਡ ਨਹੀਂ ਲੱਭਿਆ"},"nocard3-text":{"_":"ਗਾਣੇ ਸੁਣਨ ਲਈ ਮੈਮੋਰੀ ਕਾਰਡ ਪਾਉ।"},"pluggedin-title":{"_":"ਫੋਨ ਦਾ ਪਲੱਗ ਲੱਗਾ ਹੋਣ ਦੇ ਦੌਰਾਨ ਸੰਗੀਤ ਸੁਣਿਆ ਨਹੀਂ ਜਾ ਸਕਦਾ"},"pluggedin-text":{"_":"ਸੰਗੀਤ ਸੁਣਨ ਲਈ ਫੋਨ ਦਾ ਪਲੱਗ ਕੱਢੋ।"},"upgrade-title":{"_":"ਡਾਟਾਬੇਸ ਅੱਪਗਰੇਡ"},"upgrade-text":{"_":"ਸੰਗੀਤ ਨੂੰ ਆਪਣਾ ਡਾਟਾਬੇਸ ਅੱਪਡੇਟ ਕਰਨ ਦੌਰਾਨ ਉਡੀਕੋ ਜੀ।"},"search-music":{"placeholder":"ਸੰਗੀਤ ਖੋਜ"},"search-cancel":{"_":"ਰੱਦ ਕਰੋ"},"search-artists":{"_":"ਕਲਾਕਾਰ"},"search-albums":{"_":"ਐਲਬਮ"},"search-titles":{"_":"ਟਰੈਕ"},"search-close":{"_":"ਬੰਦ ਕਰੋ"},"playlists-shuffle-all":{"_":"ਸਭ ਰਲਾਉ"},"playlists-highest-rated":{"_":"ਸਭ ਤੋਂ ਵੱਧ ਰੇਟ ਕੀਤੇ"},"playlists-recently-added":{"_":"ਤਾਜ਼ਾ ਸ਼ਾਮਿਲ ਕੀਤੇ"},"playlists-most-played":{"_":"ਸਭ ਤੋਂ ਵੱਧ ਚਲਾਏ"},"playlists-least-played":{"_":"ਸਭ ਤੋਂ ਘੱਟ ਚਲਾਏ"},"picker-title":{"_":"ਟਰੈਕ ਚੁਣੋ"},"save":{"_":"ਸੰਭਾਲੋ"},"saved":{"_":"{{title}} ਸੰਗੀਤ ਵਿੱਚ ਸੰਭਾਲਿਆ"},"audioinvalid":{"_":"ਆਡੀਓ ਚਲਾਇਆ ਨਹੀਂ ਜਾ ਸਕਦਾ: ਫਾਰਮੈਟ ਸਹਾਇਕ ਨਹੀਂ ਹੈ ਜਾਂ ਫਾਇਲ ਗਲਤ ਹੈ।"},"overlay-cancel-button":{"_":"ਰੱਦ ਕਰੋ"},"music-paused-notification":{"_":"ਕਾਲ ਦੇ ਦੌਰਾਨ ਸੰਗੀਤ ਵਿਰਾਮ ਹੁੰਦਾ ਹੈ"}}