{"music":{"_":"Muzyka"},"mix":{"_":"Pomieszane"},"playlists":{"_":"Listy"},"artists":{"_":"Artyści"},"albums":{"_":"Albumy"},"songs":{"_":"Utwory"},"more":{"_":"Więcej"},"songArtist":{"_":"Artysta"},"songAlbum":{"_":"Album"},"unknownArtist":{"_":"Nieznany artysta"},"unknownAlbum":{"_":"Nieznany album"},"unknownTitle":{"_":"Nieznany tytuł"},"empty-title":{"_":"Dodaj muzykę, aby zacząć"},"empty-text":{"_":"Wgraj pliki z muzyką na kartę pamięci."},"nocard2-title":{"_":"Brak karty pamięci"},"nocard3-text":{"_":"Aby słuchać muzyki, należy włożyć kartę pamięci."},"pluggedin-title":{"_":"Nie można słuchać muzyki podczas ładowania"},"pluggedin-text":{"_":"Należy odłączyć telefon, aby odtwarzać muzykę."},"upgrade-title":{"_":"Aktualizacja bazy danych"},"upgrade-text":{"_":"Poczekaj, aż aplikacja Muzyka uaktualni swoją bazę danych."},"search-music":{"placeholder":"Wyszukaj muzykę"},"search-cancel":{"_":"Anuluj"},"search-artists":{"_":"Artyści"},"search-albums":{"_":"Albumy"},"search-titles":{"_":"Utwory"},"search-close":{"_":"Zamknij"},"playlists-shuffle-all":{"_":"Losowe"},"playlists-highest-rated":{"_":"Najwyżej ocenione"},"playlists-recently-added":{"_":"Ostatnio dodane"},"playlists-most-played":{"_":"Najwięcej odtworzeń"},"playlists-least-played":{"_":"Najmniej odtworzeń"},"picker-title":{"_":"Zaznacz utwór"},"save":{"_":"Zapisz"},"saved":{"_":"„{{title}}” dodano do Muzyki"},"audioinvalid":{"_":"Plik audio jest nieprawidłowy lub uszkodzony i nie może zostać odtworzony."},"overlay-cancel-button":{"_":"Anuluj"},"music-paused-notification":{"_":"Odtwarzanie zatrzymane podczas rozmowy"}}