{"music":{"_":"Músicas"},"mix":{"_":"Mix"},"playlists":{"_":"Listas"},"artists":{"_":"Artistas"},"albums":{"_":"Álbuns"},"songs":{"_":"Músicas"},"more":{"_":"Mais"},"songArtist":{"_":"Artista da música"},"songAlbum":{"_":"Álbum da música"},"unknownArtist":{"_":"Artista desconhecido"},"unknownAlbum":{"_":"Álbum desconhecido"},"unknownTitle":{"_":"Título desconhecido"},"empty-title":{"_":"Adicione músicas para começar"},"empty-text":{"_":"Copie músicas para o cartão de memória."},"nocard2-title":{"_":"Nenhum cartão de memória"},"nocard3-text":{"_":"Insert a memory card to listen to songs."},"pluggedin-title":{"_":"Cartão de memória em uso"},"pluggedin-text":{"_":"Desplugue seu aparelho para usar este aplicativo."},"upgrade-title":{"_":"Atualizando dados"},"upgrade-text":{"_":"Por favor, aguarde enquanto os dados são atualizados."},"search-music":{"placeholder":"Procurar músicas"},"search-cancel":{"_":"Cancelar"},"search-artists":{"_":"Artistas"},"search-albums":{"_":"Álbums"},"search-titles":{"_":"Faixas"},"search-close":{"_":"fechar"},"playlists-shuffle-all":{"_":"Misturar tudo"},"playlists-highest-rated":{"_":"Melhor avaliadas"},"playlists-recently-added":{"_":"Adicionadas recentemente"},"playlists-most-played":{"_":"Mais tocadas"},"playlists-least-played":{"_":"Menos tocadas"},"picker-title":{"_":"Selecione uma faixa"},"save":{"_":"Salvar"},"saved":{"_":"{{title}} salva em Músicas"},"audioinvalid":{"_":"O áudio não pode ser reproduzido: o formato não é suportado ou o arquivo é inválido."},"overlay-cancel-button":{"_":"Cancel"},"music-paused-notification":{"_":"Music paused during the call"},"nocard2-text":{"_":"Insira um cartão de memória ou selecione uma localização alternativa de mídia nas configurações para ouvir músicas."},"storage-setting-button":{"_":"Configurações de armazenamento de mídia"}}