{"music":{"_":"Muzică"},"mix":{"_":"Amestec"},"playlists":{"_":"Listă de redare"},"artists":{"_":"Artiști"},"albums":{"_":"Albume"},"songs":{"_":"Melodii"},"more":{"_":"Mai multe"},"songArtist":{"_":"Artist"},"songAlbum":{"_":"Album"},"unknownArtist":{"_":"Artist necunoscut"},"unknownAlbum":{"_":"Album necunoscut"},"unknownTitle":{"_":"Titlu necunoscut"},"empty-title":{"_":"Adaugă melodii pentru a începe"},"empty-text":{"_":"Încarcă melodii de pe cardul de memorie."},"nocard2-title":{"_":"Niciun card de memorie găsit"},"nocard3-text":{"_":"Inserează un card de memorie pentru a asculta melodii."},"pluggedin-title":{"_":"Muzica nu poate fi folosită cât timp telefonul este conectat"},"pluggedin-text":{"_":"Deconectează telefonul pentru a reda muzică."},"upgrade-title":{"_":"Actualizarea bazei de date"},"upgrade-text":{"_":"Te rugăm să aștepți cât timp Muzică își actualizează baza de date."},"search-music":{"placeholder":"Caută muzică"},"search-cancel":{"_":"Renunță"},"search-artists":{"_":"Artiști"},"search-albums":{"_":"Albume"},"search-titles":{"_":"Piese"},"search-close":{"_":"închide"},"playlists-shuffle-all":{"_":"Amestecă toate piesele"},"playlists-highest-rated":{"_":"Cele mai votate"},"playlists-recently-added":{"_":"Adăugate recent"},"playlists-most-played":{"_":"Cele mai redate"},"playlists-least-played":{"_":"Cele mai puțin redate"},"picker-title":{"_":"Selectează o piesă"},"save":{"_":"Salvează"},"saved":{"_":"{{title}} salvat în Muzică"},"audioinvalid":{"_":"Audio nu poate fi redat: nu este suportat sau fișierul este invalid."},"overlay-cancel-button":{"_":"Renunță"},"music-paused-notification":{"_":"Muzică pusă pe pauză în timpul apelului"}}