{"music":{"_":"Музыка"},"mix":{"_":"Микс"},"playlists":{"_":"Плейлист"},"artists":{"_":"Исполнители"},"albums":{"_":"Альбомы"},"songs":{"_":"Песни"},"more":{"_":"Ещё"},"songArtist":{"_":"Исполнитель песни"},"songAlbum":{"_":"Альбом песни"},"unknownArtist":{"_":"Неизвестный исполнитель"},"unknownAlbum":{"_":"Неизвестный альбом"},"unknownTitle":{"_":"Неизвестное название"},"empty-title":{"_":"Для начала добавьте песни"},"empty-text":{"_":"Загрузите песни на карту памяти."},"nocard2-title":{"_":"Не найдена карта памяти"},"nocard3-text":{"_":"Для прослушивания песен вставьте карту памяти."},"pluggedin-title":{"_":"При подключении телефона к компьютеру музыка не проигрывается"},"pluggedin-text":{"_":"Для прослушивания музыки, отсоедините телефон."},"upgrade-title":{"_":"Обновление базы данных"},"upgrade-text":{"_":"Пожалуйста, подождите, пока Музыка обновляет свою базу данных."},"search-music":{"placeholder":"Поиск музыки"},"search-cancel":{"_":"Отмена"},"search-artists":{"_":"Исполнители"},"search-albums":{"_":"Альбомы"},"search-titles":{"_":"Дорожки"},"search-close":{"_":"закрыть"},"playlists-shuffle-all":{"_":"Перемешать все"},"playlists-highest-rated":{"_":"С самым высоким рейтингом"},"playlists-recently-added":{"_":"Недавно добавленные"},"playlists-most-played":{"_":"Чаще всего проигрываемые"},"playlists-least-played":{"_":"Реже всего проигрываемые"},"picker-title":{"_":"Выбрать трек"},"save":{"_":"Сохранить"},"saved":{"_":"{{title}} сохранено в Музыку"},"audioinvalid":{"_":"Звук не может быть воспроизведен: неподдерживаемый формат или некорректный файл."},"overlay-cancel-button":{"_":"Отмена"},"music-paused-notification":{"_":"На время звонка музыка на паузе"}}