{"music":{"_":"Hudba"},"mix":{"_":"Mix"},"playlists":{"_":"Zoznam skladieb"},"artists":{"_":"Interpreti"},"albums":{"_":"Albumy"},"songs":{"_":"Skladby"},"more":{"_":"Iné"},"songArtist":{"_":"Interpret skladby"},"songAlbum":{"_":"Album skladby"},"unknownArtist":{"_":"Neznámy interpret"},"unknownAlbum":{"_":"Neznámy album"},"unknownTitle":{"_":"Neznámy názov"},"empty-title":{"_":"Začnite pridaním skladieb"},"empty-text":{"_":"Načítajte skladby na pamäťovú kartu."},"nocard2-title":{"_":"Pamäťová karta sa nenašla"},"nocard3-text":{"_":"Ak chcete počúvať hudbu, vložte pamäťovú kartu."},"pluggedin-title":{"_":"Hudbu nemožno použiť, pokiaľ je telefón pripojený"},"pluggedin-text":{"_":"Pre spustenie prehrávania odpojte telefón."},"upgrade-title":{"_":"Aktualizácia databázy"},"upgrade-text":{"_":"Počkajte, kým aplikácia Hudba aktualizuje svoju databázu."},"search-music":{"placeholder":"Hľadať hudbu"},"search-cancel":{"_":"Zrušiť"},"search-artists":{"_":"Interpreti"},"search-albums":{"_":"Albumy"},"search-titles":{"_":"Skladby"},"search-close":{"_":"Zavrieť"},"playlists-shuffle-all":{"_":"Náhodne všetko"},"playlists-highest-rated":{"_":"Najvyššie hodnotené"},"playlists-recently-added":{"_":"Naposledy pridané"},"playlists-most-played":{"_":"Najviac prehrávané"},"playlists-least-played":{"_":"Najmenej prehrávané"},"picker-title":{"_":"Zvoľte skladbu"},"save":{"_":"Uložiť"},"saved":{"_":"Skladba {{title}} uložená do priečinka Hudba"},"audioinvalid":{"_":"Zvuk nie je možné prehrať: formát nie je podporovaný alebo súbor nie je platný."},"overlay-cancel-button":{"_":"Zrušiť"},"music-paused-notification":{"_":"Prehrávanie hudby počas hovoru pozastavené"}}