{"music":{"_":"Muzikë"},"mix":{"_":"Miks"},"playlists":{"_":"Luajlistë"},"artists":{"_":"Artistë"},"albums":{"_":"Albume"},"songs":{"_":"Pjesë"},"more":{"_":"Më tepër"},"songArtist":{"_":"Artisti i pjesës"},"songAlbum":{"_":"Albumi i pjesës"},"unknownArtist":{"_":"Artist i panjohur"},"unknownAlbum":{"_":"Album i panjohur"},"unknownTitle":{"_":"Titull i panjohur"},"empty-title":{"_":"Që të fillohet, shtoni pjesë"},"empty-text":{"_":"Ngarkoni pjesë te karta e kujtesës."},"nocard2-title":{"_":"Nuk u gjet kartë kujtese"},"nocard3-text":{"_":"Që të dëgjoni pjesë, futni një kartë kujtese."},"pluggedin-title":{"_":"Nuk luhet dot muzikë, kur telefoni është në prizë"},"pluggedin-text":{"_":"Hiqeni telefonin nga priza që të luhet muzikë."},"upgrade-title":{"_":"Përmirësim Baze të Dhënash"},"upgrade-text":{"_":"Ju lutemi, prisni teksa Muzika përditëson bazën e vet të të dhënave."},"search-music":{"placeholder":"Kërkoni Muzikë"},"search-cancel":{"_":"Anuloje"},"search-artists":{"_":"Artistë"},"search-albums":{"_":"Albume"},"search-titles":{"_":"Pjesë"},"search-close":{"_":"mbylle"},"playlists-shuffle-all":{"_":"Përzieji krejt"},"playlists-highest-rated":{"_":"Më të vlerësuarat"},"playlists-recently-added":{"_":"Shtuar së fundmi"},"playlists-most-played":{"_":"Më të luajturat"},"playlists-least-played":{"_":"Më pak të luajturat"},"picker-title":{"_":"Përzgjidhni një pjesë"},"save":{"_":"Ruaje"},"saved":{"_":"{{title}} u ruajt te Muzika"},"audioinvalid":{"_":"Nuk luhet dot audioja: formati është i pambuluar ose kartela është e pavlefshme."},"overlay-cancel-button":{"_":"Anuloje"},"music-paused-notification":{"_":"Me muzikë të ndalur gjatë thirrjeve"}}