{"music":{"_":"Музика"},"mix":{"_":"Микс"},"playlists":{"_":"Списак извођења"},"artists":{"_":"Извођачи"},"albums":{"_":"Албуми"},"songs":{"_":"Песме"},"more":{"_":"Још"},"songArtist":{"_":"Извођач песме"},"songAlbum":{"_":"Албум песме"},"unknownArtist":{"_":"Непознат извођач"},"unknownAlbum":{"_":"Непознат албум"},"unknownTitle":{"_":"Непознат наслов"},"empty-title":{"_":"Да бисте започели, додајте песме"},"empty-text":{"_":"Учитајте песме са меморијке картице."},"nocard2-title":{"_":"Није пронађена меморијска картица"},"nocard3-text":{"_":"Утакните меморијску картицу да бисте слушали музику."},"pluggedin-title":{"_":"Музика не може да се преслуша док је телефон прикључен каблом"},"pluggedin-text":{"_":"Извуците кабeл из телефонa да бисте пустили музику."},"upgrade-title":{"_":"Надоградња базе података"},"upgrade-text":{"_":"Молим Вас сачекајте док апликација Музика ажурира своју базу података."},"search-music":{"placeholder":"Претражи музику"},"search-cancel":{"_":"Одустани"},"search-artists":{"_":"Извођачи"},"search-albums":{"_":"Албуми"},"search-titles":{"_":"Песме"},"search-close":{"_":"затвори"},"playlists-shuffle-all":{"_":"Мешај све"},"playlists-highest-rated":{"_":"Најбоље оцењено"},"playlists-recently-added":{"_":"Скоро додато"},"playlists-most-played":{"_":"Највише слушано"},"playlists-least-played":{"_":"Најмање слушано"},"picker-title":{"_":"Одаберите песму"},"save":{"_":"Сними"},"saved":{"_":"{{title}} је сачуван"},"audioinvalid":{"_":"Звук не може бити репродукован: формат датотеке није подржан или је датотека неисправна."},"overlay-cancel-button":{"_":"Откажи"},"music-paused-notification":{"_":"Музика је паузирана током позива"}}