{"music":{"_":"Muzika"},"mix":{"_":"Miks"},"playlists":{"_":"Spisak izvođenja"},"artists":{"_":"Izvođači"},"albums":{"_":"Albumi"},"songs":{"_":"Pesme"},"more":{"_":"Još"},"songArtist":{"_":"Izvođač pesme"},"songAlbum":{"_":"Album pesme"},"unknownArtist":{"_":"Nepoznat izvođač"},"unknownAlbum":{"_":"Nepoznat album"},"unknownTitle":{"_":"Nepoznat naslov"},"empty-title":{"_":"Da biste započeli, dodajte pesme"},"empty-text":{"_":"Učitajte pesme sa memorijke kartice."},"nocard2-title":{"_":"Nije pronađena memorijska kartica"},"nocard3-text":{"_":"Utaknite memorijsku karticu da biste slušali muziku."},"pluggedin-title":{"_":"Muzika ne može da se presluša dok je telefon priključen kablom"},"pluggedin-text":{"_":"Izvucite kabel iz telefona da biste pustili muziku."},"upgrade-title":{"_":"Nadogradnja baze podataka"},"upgrade-text":{"_":"Molim Vas sačekajte dok aplikacija Muzika ažurira svoju bazu podataka."},"search-music":{"placeholder":"Pretraži muziku"},"search-cancel":{"_":"Odustani"},"search-artists":{"_":"Izvođači"},"search-albums":{"_":"Albumi"},"search-titles":{"_":"Pesme"},"search-close":{"_":"zatvori"},"playlists-shuffle-all":{"_":"Mešaj sve"},"playlists-highest-rated":{"_":"Najbolje ocenjeno"},"playlists-recently-added":{"_":"Skoro dodato"},"playlists-most-played":{"_":"Najviše slušano"},"playlists-least-played":{"_":"Najmanje slušano"},"picker-title":{"_":"Odaberite pesmu"},"save":{"_":"Snimi"},"saved":{"_":"{{title}} je sačuvan"},"audioinvalid":{"_":"Zvuk ne može biti reprodukovan: format datoteke nije podržan ili je datoteka neispravna."},"overlay-cancel-button":{"_":"Otkaži"},"music-paused-notification":{"_":"Muzika je pauzirana tokom poziva"}}