{"music":{"_":"Musik"},"mix":{"_":"Blanda"},"playlists":{"_":"Spellista"},"artists":{"_":"Artister"},"albums":{"_":"Album"},"songs":{"_":"Låtar"},"more":{"_":"Mer"},"songArtist":{"_":"Låt artist"},"songAlbum":{"_":"Låt album"},"unknownArtist":{"_":"Okänd artist"},"unknownAlbum":{"_":"Okänt album"},"unknownTitle":{"_":"Okänd titel"},"empty-title":{"_":"Lägg till låtar för att komma igång"},"empty-text":{"_":"Ladda låtar till minneskortet"},"nocard2-title":{"_":"Inget minneskort hittades"},"nocard3-text":{"_":"Sätt in ett minneskort för att lyssna på låtar."},"pluggedin-title":{"_":"Musik kan inte användas när telefonen är inkopplad"},"pluggedin-text":{"_":"Koppla ur telefonen för att spela musik."},"upgrade-title":{"_":"Databasuppgradering"},"upgrade-text":{"_":"Vänta medan musik uppdaterar sin databas."},"search-music":{"placeholder":"Sök musik"},"search-cancel":{"_":"Avbryt"},"search-artists":{"_":"Artister"},"search-albums":{"_":"Album"},"search-titles":{"_":"Låtar"},"search-close":{"_":"Stäng"},"playlists-shuffle-all":{"_":"Blanda alla"},"playlists-highest-rated":{"_":"Högst rankade"},"playlists-recently-added":{"_":"Senaste tillagda"},"playlists-most-played":{"_":"Mest spelade"},"playlists-least-played":{"_":"Minst spelade"},"picker-title":{"_":"Välj en låt"},"save":{"_":"Spara"},"saved":{"_":"Sparade {{title}} till musik"},"audioinvalid":{"_":"Ljud kan inte spelas: format stöds inte eller filen är ogiltig."},"overlay-cancel-button":{"_":"Avbryt"},"music-paused-notification":{"_":"Musik pausas under samtalet"}}