{"music":{"_":"Müzik"},"mix":{"_":"Karıştır"},"playlists":{"_":"Çalma listesi"},"artists":{"_":"Sanatçılar"},"albums":{"_":"Albümler"},"songs":{"_":"Şarkılar"},"more":{"_":"Daha fazlası"},"songArtist":{"_":"Şarkı sanatçısı"},"songAlbum":{"_":"Şarkı albümü"},"unknownArtist":{"_":"Bilinmeyen sanatçı"},"unknownAlbum":{"_":"Bilinmeyen albüm"},"unknownTitle":{"_":"Bilinmeyen başlık"},"empty-title":{"_":"Başlamak için şarkı ekleyin"},"empty-text":{"_":"Şarkıları bellek kartına yükleyin."},"nocard2-title":{"_":"Bellek kartı bulunamadı"},"nocard3-text":{"_":"Şarkı dinlemek için bir bellek kartı takın."},"pluggedin-title":{"_":"Telefon fişe takılıyken Müzik kullanılamaz"},"pluggedin-text":{"_":"Müzik çalmak için telefonun fişini çekin."},"upgrade-title":{"_":"Veritabanı Yükseltme"},"upgrade-text":{"_":"Müzik veritabanı yükseltilirken lütfen bekleyin."},"search-music":{"placeholder":"Müzik Ara"},"search-cancel":{"_":"İptal"},"search-artists":{"_":"Sanatçılar"},"search-albums":{"_":"Albümler"},"search-titles":{"_":"Parçalar"},"search-close":{"_":"kapat"},"playlists-shuffle-all":{"_":"Tümünü karıştır"},"playlists-highest-rated":{"_":"En yüksek puanlılar"},"playlists-recently-added":{"_":"Yeni eklenenler"},"playlists-most-played":{"_":"En çok çalınanlar"},"playlists-least-played":{"_":"En az çalınanlar"},"picker-title":{"_":"Parça seçin"},"save":{"_":"Kaydet"},"saved":{"_":"{{title}} Müzik'e kaydedildi            "},"audioinvalid":{"_":"Ses çalınamıyor: Biçim desteklenmiyor veya dosya geçersiz."},"overlay-cancel-button":{"_":"İptal"},"music-paused-notification":{"_":"Arama sırasında müzik duraklatıldı"}}