{"music":{"_":"音乐"},"mix":{"_":"混合"},"playlists":{"_":"播放列表"},"artists":{"_":"表演者"},"albums":{"_":"专辑"},"songs":{"_":"歌曲"},"more":{"_":"更多"},"songArtist":{"_":"表演者"},"songAlbum":{"_":"专辑"},"unknownArtist":{"_":"未知表演者"},"unknownAlbum":{"_":"未知专辑"},"unknownTitle":{"_":"未知标题"},"empty-title":{"_":"添加音乐以开始使用"},"empty-text":{"_":"将音乐传输至存储卡。"},"nocard2-title":{"_":"没有找到存储卡"},"nocard3-text":{"_":"插入存储卡以播放歌曲。"},"pluggedin-title":{"_":"手机在插接时无法播放音乐"},"pluggedin-text":{"_":"拔出手机以播放音乐。"},"upgrade-title":{"_":"数据库升级"},"upgrade-text":{"_":"音乐数据库更新，请稍等。"},"search-music":{"placeholder":"搜索音乐"},"search-cancel":{"_":"取消"},"search-artists":{"_":"艺术家"},"search-albums":{"_":"专辑"},"search-titles":{"_":"歌曲名称"},"search-close":{"_":"关闭"},"playlists-shuffle-all":{"_":"随机播放全部"},"playlists-highest-rated":{"_":"最高评价"},"playlists-recently-added":{"_":"最近添加"},"playlists-most-played":{"_":"经常播放"},"playlists-least-played":{"_":"很少播放"},"picker-title":{"_":"选择一首乐曲"},"save":{"_":"保存"},"saved":{"_":"{{title}} 已保存到音乐"},"audioinvalid":{"_":"音频无法播放：格式不支持或文件无效。"},"overlay-cancel-button":{"_":"取消"},"music-paused-notification":{"_":"通话期间暂停音乐"}}