{"music":{"_":"音樂"},"mix":{"_":"混和"},"playlists":{"_":"播放清單"},"artists":{"_":"藝術家"},"albums":{"_":"專輯"},"songs":{"_":"歌曲"},"more":{"_":"更多"},"songArtist":{"_":"歌曲藝術家"},"songAlbum":{"_":"歌曲專輯"},"unknownArtist":{"_":"未知藝術家"},"unknownAlbum":{"_":"未知專輯"},"unknownTitle":{"_":"未知標題"},"empty-title":{"_":"新增歌曲以開始使用"},"empty-text":{"_":"傳送音樂到記憶卡中。"},"nocard2-title":{"_":"找不到記憶卡"},"nocard3-text":{"_":"想聽音樂，請插入記憶卡。"},"pluggedin-title":{"_":"音樂無法在手機插入時播放"},"pluggedin-text":{"_":"拔除連接線以播放音樂。"},"upgrade-title":{"_":"資料庫升級"},"upgrade-text":{"_":"音樂資料庫升級中，請稍候。"},"search-music":{"placeholder":"搜尋音樂"},"search-cancel":{"_":"取消"},"search-artists":{"_":"藝術家"},"search-albums":{"_":"專輯"},"search-titles":{"_":"曲目"},"search-close":{"_":"關閉"},"playlists-shuffle-all":{"_":"全部隨機播放"},"playlists-highest-rated":{"_":"評分最高"},"playlists-recently-added":{"_":"最近新增"},"playlists-most-played":{"_":"最常播放"},"playlists-least-played":{"_":"最少播放"},"picker-title":{"_":"選擇一首曲目"},"save":{"_":"儲存"},"saved":{"_":"使用 USB 分享"},"audioinvalid":{"_":"無法播放音樂: 不支援的檔案格式，或檔案已毀損。"},"overlay-cancel-button":{"_":"取消"},"music-paused-notification":{"_":"通話中，暫停播放音樂"}}