{"setringtone-header":{"_":"កំណត់​ជា​សំឡេង​រោទ៍"},"setringtone-button":{"_":"កំណត់​ជា​សំឡេង​រោទ៍"},"cancel":{"_":"បោះបង់"},"settingringtone":{"_":"កំពុង​កំណត់​សំឡេង​រោទ៍..."},"cantplay":{"_":"មិន​អាច​ចាក់​ឯកសារ​អូឌីយូ​លើ​​ទូរស័ព្ទ​នេះ​ និង​មិន​អាច​ប្រើ​ជា​សំឡេង​រោទ៍​បាន​ទេ។"}}