{"setringtone-header":{"_":"रिङ्गटोनको रुपमा राख्नुहोस्"},"setringtone-button":{"_":"रिङ्गटोनको रुपमा राख्नुहोस्"},"cancel":{"_":"रद्द गर्नुहोस्"},"settingringtone":{"_":"रिङ्टोन् सेट गरिँदै..."},"cantplay":{"_":"यास फोनमा यो अडियो फाइल बजाउन तथा रिङ्गटोनका लागि राख्न सकिन्दैन ।"}}