{"setringtone-header":{"_":"ਰਿੰਗ-ਟੋਨ ਵਜੋਂ ਸੈੱਟ"},"setringtone-button":{"_":"ਰਿੰਗ-ਟੋਨ ਵਜੋਂ ਸੈੱਟ"},"cancel":{"_":"ਰੱਦ ਕਰੋ"},"settingringtone":{"_":"…ਰਿੰਗ ਟੋਨ ਸੈੱਟ ਕੀਤੀ ਜਾ ਰਹੀ ਹੈ"},"cantplay":{"_":"ਆਡੀਓ ਫਾਇਲ ਇਸ ਫੋਨ ਉੱਤੇ ਚਲਾਈ ਨਹੀਂ ਜਾ ਸਕਦੀ, ਅਤੇ ਰਿੰਗਟੋਨ ਵਜੋਂ ਵਰਤੀ ਨਹੀਂ ਜਾ ਸਕਦੀ ਹੈ।"}}