{"number-selected2":{"_":"{[ plural(n) ]}","_[zero]":"تحديد","_[one]":"{{ n }} مُختارة","_[two]":"{{ n }} مُختارة","_[few]":"{{ n }} مُختارة","_[many]":"{{ n }} مُختارة","_[other]":"{{ n }} مُختارة"},"delete-photo?":{"_":"حذف الصورة ؟"},"delete-video?":{"_":"حذف الفيديو؟"},"delete-n-items?":{"_":"{[ plural(n) ]}","_[zero]":"لاشيء محدد","_[one]":"حذف العنصر المحدد؟","_[two]":"حذف {{ n }} عناصر؟","_[few]":"حذف {{ n }} عناصر؟","_[many]":"حذف {{ n }} عناصر؟","_[other]":"حذف {{ n }} عناصر؟"},"pickoneimage2":{"_":"تحديد"},"cropimage":{"_":"قص"},"cancel":{"_":"إلغاء"},"delete":{"_":"احذف"},"ok":{"_":"موافق"},"edit":{"_":"تحرير"},"save":{"_":"حفِظ"},"done":{"_":"تمّ"},"exposure":{"_":"توسيع"},"crop":{"_":"قص"},"effects":{"_":"تأثيرات"},"borders":{"_":"حدود"},"enhance-on":{"_":"التحسين التلقائي مفعل"},"enhance-off":{"_":"التحسين التلقائي غير مفعل"},"original":{"_":"الصورة الأصلية"},"blackandwhite":{"_":"B&W"},"sepia":{"_":"بني داكن"},"freeform":{"_":"إطار حُرّ"},"portrait":{"_":"طولي"},"landscape":{"_":"عرضي"},"square":{"_":"مربع"},"emptygallery2-title":{"_":"لا يوجد صور أو فيديو"},"emptygallery2-text":{"_":"استخدم نطبيق الكاميرا للبدء"},"emptygallery2-title-pick":{"_":"لايوجد صور"},"nocard3-title":{"_":"بطاقة الذاكرة غير موجودة"},"nocard4-text":{"_":"أدخل بطاقة الذاكرة لاستخدام التطبيق"},"pluggedin2-title":{"_":"بطاقة الذاكرة قيد الاستخدام"},"pluggedin2-text":{"_":"إفصل الجوّال لاستخدام هذا التطبيق"},"scanning-title":{"_":"جارِ البحث"},"scanning-text":{"_":"جارِ البحث عن الصور والفيديوهات"},"upgrade-title":{"_":"تحديث قاعدة البيانات"},"upgrade-text":{"_":"الرجاء الانتظار ليقوم المعرض بتحديث قاعدة البيانات الخاصة به."},"share-noprovider":{"_":"لا يمكن مشاركة هذا النوع من ملفات الصور."},"memorycardfull":{"_":"لا يمكن تحرير الصور: بطاقة الذاكرة ممتلئة "},"imagetoobig":{"_":"الصورة كبيرة جدا لعرضها على هذا الجهاز."},"imageinvalid":{"_":"الصورة تحتوي على خطأ ولا يمكن عرضها."},"saved":{"_":"{{filename}} حُفِظ في المعرض"},"overlay-camera-button":{"_":"الذهاب إلى الكاميرا"},"name-label":{"_":"إسم"},"size-label":{"_":"الحجم"},"image-type-label":{"_":"نوع الصورة"},"date-taken-label":{"_":"تاريخ إلتقاط الصورة"},"resolution-label":{"_":"الدقة"},"close-button":{"_":"اغلق"},"byteUnit-B":{"_":"بايت"},"byteUnit-KB":{"_":"كيلوبايت"},"byteUnit-MB":{"_":"ميجا بايت"},"byteUnit-GB":{"_":"غيغا بايت"},"gallery":{"_":"المعرض"},"preview":{"_":"معاينة"},"date-group-header":{"_":"%B %Y"},"weekday-0-long":{"_":"الأحد"},"weekday-1-long":{"_":"الإثنين"},"weekday-2-long":{"_":"الثلاثاء"},"weekday-3-long":{"_":"الأربعاء"},"weekday-4-long":{"_":"الخميس"},"weekday-5-long":{"_":"الجمعة"},"weekday-6-long":{"_":"السبت"},"weekday-0-short":{"_":"أحد"},"weekday-1-short":{"_":"إثنين"},"weekday-2-short":{"_":"ثلاثاء"},"weekday-3-short":{"_":"أربعاء"},"weekday-4-short":{"_":"خميس"},"weekday-5-short":{"_":"جمعة"},"weekday-6-short":{"_":"سبت"},"month-0-long":{"_":"يناير"},"month-1-long":{"_":"فبراير"},"month-2-long":{"_":"مارس"},"month-3-long":{"_":"أبريل"},"month-4-long":{"_":"مايو"},"month-5-long":{"_":"يونيو"},"month-6-long":{"_":"يوليو"},"month-7-long":{"_":"أغسطس"},"month-8-long":{"_":"سبتمبر"},"month-9-long":{"_":"أكتوبر"},"month-10-long":{"_":"نوفمبر"},"month-11-long":{"_":"ديسمبر"},"month-0-genitive":{"_":"يناير"},"month-1-genitive":{"_":"فبراير"},"month-2-genitive":{"_":"مارس"},"month-3-genitive":{"_":"أبريل"},"month-4-genitive":{"_":"مايو"},"month-5-genitive":{"_":"يونيو"},"month-6-genitive":{"_":"يوليو"},"month-7-genitive":{"_":"أغسطس"},"month-8-genitive":{"_":"سبتمبر"},"month-9-genitive":{"_":"أكتوبر"},"month-10-genitive":{"_":"نوفمبر"},"month-11-genitive":{"_":"ديسمبر"},"month-0-short":{"_":"يناير"},"month-1-short":{"_":"فبراير"},"month-2-short":{"_":"مارس"},"month-3-short":{"_":"ابريل"},"month-4-short":{"_":"مايو"},"month-5-short":{"_":"يونيو"},"month-6-short":{"_":"يوليو"},"month-7-short":{"_":"أغسطس"},"month-8-short":{"_":"سبتمبر"},"month-9-short":{"_":"أكتوبر"},"month-10-short":{"_":"نوفمبر"},"month-11-short":{"_":"ديسمبر"},"minutes-ago-long":{"_":"{[ plural(value) ]}","_[zero]":"الآن","_[one]":"منذ دقيقة","_[two]":"منذ {{value}} دقائق","_[few]":"منذ {{value}} دقائق","_[many]":"منذ {{value}} دقائق","_[other]":"منذ {{value}} دقائق"},"hours-ago-long":{"_":"{[ plural(value) ]}","_[zero]":"الآن","_[one]":"قبل ساعة واحدة","_[two]":"منذ ساعتين","_[few]":"قبل {{value}} ساعات","_[many]":"قبل {{value}} ساعة","_[other]":"قبل {{value}} ساعة"},"days-ago-long":{"_":"{[ plural(value) ]}","_[zero]":"اليوم","_[one]":"الأمس","_[two]":"قبل يومين","_[few]":"قبل {{value}} أيام","_[many]":"قبل {{value}} يوم","_[other]":"قبل {{value}} يوم"},"weeks-ago-long":{"_":"{[ plural(value) ]}","_[zero]":"هذا الأسبوع","_[one]":"الأسبوع الماضي","_[two]":"منذ {{value}} أسابيع","_[few]":"منذ {{value}} أسابيع","_[many]":"منذ {{value}} أسابيع","_[other]":"منذ {{value}} أسابيع"},"months-ago-long":{"_":"{[ plural(value) ]}","_[zero]":"هذا الشهر","_[one]":"الشهر الماضي","_[two]":"منذ {{value}} أشهر","_[few]":"منذ {{value}} أشهر","_[many]":"منذ {{value}} أشهر","_[other]":"منذ {{value}} أشهر"},"years-ago-long":{"_":"{[ plural(value) ]}","_[zero]":"هذه السنة","_[one]":"السنة الماضية","_[two]":"منذ سنتين","_[few]":"منذ {{value}} سنوات","_[many]":"منذ {{value}} سنة","_[other]":"منذ {{value}} سنة"},"minutes-until-long":{"_":"{[ plural(value) ]}","_[zero]":"الآن","_[one]":"خلال دقيقة","_[two]":"خلال دقيقتين","_[few]":"خلال {{value}} دقائق","_[many]":"خلال {{value}} دقيقة","_[other]":"خلال {{value}} دقيقة"},"hours-until-long":{"_":"{[ plural(value) ]}","_[zero]":"الآن","_[one]":"خلال ساعة","_[two]":"خلال ساعتين","_[few]":"خلال {{value}} ساعات","_[many]":"خلال {{value}} ساعة","_[other]":"خلال {{value}} ساعة"},"days-until-long":{"_":"{[ plural(value) ]}","_[zero]":"اليوم","_[one]":"غداً","_[two]":"خلال يومين","_[few]":"خلال {{value}} أيام","_[many]":"خلال {{value}} يوم","_[other]":"خلال {{value}} يوم"},"weeks-until-long":{"_":"{[ plural(value) ]}","_[zero]":"هذا الأسبوع","_[one]":"الأسبوع القادم","_[two]":"خلال اسبوعين","_[few]":"خلال {{value}} أسابيع","_[many]":"خلال {{value}} أسبوع","_[other]":"خلال {{value}} أسبوع"},"months-until-long":{"_":"{[ plural(value) ]}","_[zero]":"هذا الشهر","_[one]":"الشهر القادم","_[two]":"خلال شهرين","_[few]":"خلال {{value}} أشهر","_[many]":"خلال {{value}} شهر","_[other]":"خلال {{value}} شهر"},"years-until-long":{"_":"{[ plural(value) ]}","_[zero]":"هذه السنة","_[one]":"السنة القادمة","_[two]":"خلال سنتين","_[few]":"خلال {{value}} سنوات","_[many]":"خلال {{value}} سنة","_[other]":"خلال {{value}} سنة"},"minutes-ago-short":{"_":"{[ plural(value) ]}","_[zero]":"الآن","_[other]":"منذ {{value}} دقيقة"},"hours-ago-short":{"_":"{[ plural(value) ]}","_[zero]":"الآن","_[other]":"منذ {{value}} س"},"days-ago-short":{"_":"{[ plural(value) ]}","_[zero]":"اليوم","_[other]":"منذ {{value}} ي"},"minutes-until-short":{"_":"{[ plural(value) ]}","_[zero]":"الآن","_[other]":"خلال {{value}} د"},"hours-until-short":{"_":"{[ plural(value) ]}","_[zero]":"الآن","_[other]":"خلال {{value}} س"},"days-until-short":{"_":"{[ plural(value) ]}","_[zero]":"اليوم","_[other]":"خلال {{value}} ي"},"incorrectDate":{"_":"(تاريخ غير صحيح)"},"dateTimeFormat_%c":{"_":"%a %b %e %Y %I:%M:%S %p"},"dateTimeFormat_%x":{"_":"%m/%d/%Y"},"dateTimeFormat_%X":{"_":"%I:%M:%S %p"},"shortTimeFormat":{"_":"%I:%M %p"},"shortDateTimeFormat":{"_":"%x %I:%M %p"},"weekStartsOnMonday":{"_":"0"},"time_am":{"_":"ص"},"time_pm":{"_":"م"}}