{"number-selected2":{"_":"{[ plural(n) ]}","_[zero]":"নির্বাচন করুন","_[one]":"{{ n }} টি নির্বাচিত","_[two]":"{{ n }} টি নির্বাচিত","_[few]":"{{ n }} টি নির্বাচিত","_[many]":"{{ n }} টি নির্বাচিত","_[other]":"{{ n }} টি নির্বাচিত"},"delete-photo?":{"_":"ছবি মুছবেন?"},"delete-video?":{"_":"ছবি মুছবেন?"},"delete-n-items?":{"_":"{[ plural(n) ]}","_[zero]":"কিছুই নির্বাচিত নেই","_[one]":"নির্বাচিতগুলো মুছবেন?","_[two]":"{{ n }} টি মুছবেন?","_[few]":"{{ n }} টি মুছবেন?","_[many]":"{{ n }} টি মুছবেন?","_[other]":"{{ n }} টি মুছবেন?"},"pickoneimage2":{"_":"নির্বাচন করুন"},"cropimage":{"_":"কেঁটে ছোট করা"},"cancel":{"_":"বাতিল"},"delete":{"_":"অপসারণ"},"ok":{"_":"ঠিক আছে"},"edit":{"_":"সম্পাদনা"},"save":{"_":"সংরক্ষন"},"done":{"_":"সম্পন্ন"},"exposure":{"_":"এক্সপোজার"},"crop":{"_":"কেঁটে ছোট করা"},"effects":{"_":"ইফেক্টসমূহ"},"borders":{"_":"সীমানা"},"enhance-on":{"_":"স্বতঃ উন্নয়ন চালু"},"enhance-off":{"_":"স্বতঃ উন্নয়ন বন্ধ"},"original":{"_":"আসল"},"blackandwhite":{"_":"সাদা-কালো"},"sepia":{"_":"কালচে বাদামী"},"freeform":{"_":"ফ্রী-ফর্ম"},"portrait":{"_":"লম্বালম্বি"},"landscape":{"_":"আড়াআড়ি"},"square":{"_":"বর্গাকার"},"emptygallery2-title":{"_":"ছবি বা ভিডিও নেই"},"emptygallery2-text":{"_":"ক্যামেরা অ্যাপ দিয়ে শুরু করুন।"},"emptygallery2-title-pick":{"_":"No photos"},"nocard3-title":{"_":"মেমরি কার্ড নেই"},"nocard4-text":{"_":"Insert a memory card to use this app."},"pluggedin2-title":{"_":"মেমরি কার্ড ব্যস্ত"},"pluggedin2-text":{"_":"ছবি দেখতে ফোন থেকে ইউএসবি খুলুন।"},"scanning-title":{"_":"স্ক্যানিং"},"scanning-text":{"_":"ছবি এবং ভিডিওগুলো খোঁজা হচ্ছে।"},"upgrade-title":{"_":"ডাটাবেজ হালনাগাদ"},"upgrade-text":{"_":"অনুগ্রহ করে গ্যালারীর ডাটাবেজ হালনাগাদ হওয়া পর্যন্ত অপেক্ষা করুন।"},"share-noprovider":{"_":"এই ধরনের ছবির ফাইল শেয়ার করা যাচ্ছে না।"},"memorycardfull":{"_":"ছবি সম্পাদনা করা যাচ্ছে না: মেমরি কার্ড পূর্ণ।"},"imagetoobig":{"_":"ছবিটি এতো বড়ো যে এই যন্ত্রে দেখানো সম্ভব নয়।"},"imageinvalid":{"_":"ছবিটি অচল বা নষ্ট তাই দেখানো সম্ভব নয়।"},"saved":{"_":"{{filename}} গ্যালারীতে সংরক্ষিত হয়েছে"},"overlay-camera-button":{"_":"ক্যামেরায় যাও"},"name-label":{"_":"নাম"},"size-label":{"_":"আকার"},"image-type-label":{"_":"ছবির ধরন"},"date-taken-label":{"_":"তোলার তারিখ"},"resolution-label":{"_":"রেজুলেশন"},"close-button":{"_":"বন্ধ"},"byteUnit-B":{"_":"বাইট"},"byteUnit-KB":{"_":"KB"},"byteUnit-MB":{"_":"MB"},"byteUnit-GB":{"_":"GB"},"gallery":{"_":"Gallery"},"preview":{"_":"Preview"},"date-group-header":{"_":"%B %Y"},"nocard3-text":{"_":"এই অ্যাপ ব্যবহার করতে মেমরি কার্ড প্রবেশ করান অথবা সেটিংস এ একটি বিকল্প ডিফল্ট মিডিয়া লোকেশন নির্বাচন করুন।"},"storage-setting-button":{"_":"মিডিয়া স্টোরেজ সেটিংস"},"weekday-0-long":{"_":"রবিবার"},"weekday-1-long":{"_":"সোমবার"},"weekday-2-long":{"_":"মঙ্গলবার"},"weekday-3-long":{"_":"বুধবার"},"weekday-4-long":{"_":"বৃহস্পতিবার"},"weekday-5-long":{"_":"শুক্রবার"},"weekday-6-long":{"_":"শনিবার"},"weekday-0-short":{"_":"রবি"},"weekday-1-short":{"_":"সোম"},"weekday-2-short":{"_":"মঙ্গল"},"weekday-3-short":{"_":"বুধ"},"weekday-4-short":{"_":"বৃহঃ"},"weekday-5-short":{"_":"শুক্র"},"weekday-6-short":{"_":"শনি"},"month-0-long":{"_":"জানুয়ারি"},"month-1-long":{"_":"ফেব্রুয়ারি"},"month-2-long":{"_":"মার্চ"},"month-3-long":{"_":"এপ্রিল"},"month-4-long":{"_":"মে"},"month-5-long":{"_":"জুন"},"month-6-long":{"_":"জুলাই"},"month-7-long":{"_":"আগস্ট"},"month-8-long":{"_":"সেপ্টেম্বর"},"month-9-long":{"_":"অক্টোবর"},"month-10-long":{"_":"নভেম্বর"},"month-11-long":{"_":"ডিসেম্বর"},"month-0-genitive":{"_":"জানুয়ারি"},"month-1-genitive":{"_":"ফেব্রুয়ারি"},"month-2-genitive":{"_":"মার্চ"},"month-3-genitive":{"_":"এপ্রিল"},"month-4-genitive":{"_":"মে"},"month-5-genitive":{"_":"জুন"},"month-6-genitive":{"_":"জুলাই"},"month-7-genitive":{"_":"আগস্ট"},"month-8-genitive":{"_":"সেপ্টেম্বর"},"month-9-genitive":{"_":"অক্টোবর"},"month-10-genitive":{"_":"নভেম্বর"},"month-11-genitive":{"_":"ডিসেম্বর"},"month-0-short":{"_":"জানু"},"month-1-short":{"_":"ফেব্রু"},"month-2-short":{"_":"মার্চ"},"month-3-short":{"_":"এপ্রিল"},"month-4-short":{"_":"মে"},"month-5-short":{"_":"জুন"},"month-6-short":{"_":"জুলাই"},"month-7-short":{"_":"আগস্ট"},"month-8-short":{"_":"সেপ্ট"},"month-9-short":{"_":"অক্টো"},"month-10-short":{"_":"নভে"},"month-11-short":{"_":"ডিসে"},"minutes-ago-long":{"_":"{[ plural(value) ]}","_[zero]":"এইমাত্র","_[one]":"১ মিনিট পূর্বে","_[two]":"{{value}} মিনিট পূর্বে","_[few]":"{{value}} মিনিট পূর্বে","_[many]":"{{value}} মিনিট পূর্বে","_[other]":"{{value}} মিনিট পূর্বে"},"hours-ago-long":{"_":"{[ plural(value) ]}","_[zero]":"এইমাত্র","_[one]":"১ ঘন্টা পূর্বে","_[two]":"{{value}} ঘন্টা পূর্বে","_[few]":"{{value}} ঘন্টা পূর্বে","_[many]":"{{value}} ঘন্টা পূর্বে","_[other]":"{{value}} ঘন্টা পূর্বে"},"days-ago-long":{"_":"{[ plural(value) ]}","_[zero]":"আজ","_[one]":"গতকাল","_[two]":"{{value}} দিন পূর্বে","_[few]":"{{value}} দিন পূর্বে","_[many]":"{{value}} দিন পূর্বে","_[other]":"{{value}} দিন পূর্বে"},"weeks-ago-long":{"_":"{[ plural(value) ]}","_[zero]":"এই সপ্তাহে","_[one]":"গত সপ্তাহ","_[two]":"{{value}} সপ্তাহ পূর্বে","_[few]":"{{value}} সপ্তাহ পূর্বে","_[many]":"{{value}} সপ্তাহ পূর্বে","_[other]":"{{value}} সপ্তাহ পূর্বে"},"months-ago-long":{"_":"{[ plural(value) ]}","_[zero]":"চলতি মাস","_[one]":"গত মাস","_[two]":"{{value}} মাস পূর্বে","_[few]":"{{value}} মাস পূর্বে","_[many]":"{{value}} মাস পূর্বে","_[other]":"{{value}} মাস পূর্বে"},"years-ago-long":{"_":"{[ plural(value) ]}","_[zero]":"এই বছর","_[one]":"গত বছর","_[two]":"{{value}} বছর আগে","_[few]":"{{value}} বছর পূর্বে","_[many]":"{{value}} বছর পূর্বে","_[other]":"{{value}} বছর পূর্বে"},"minutes-until-long":{"_":"{[ plural(value) ]}","_[zero]":"এখন","_[one]":"এক মিনিটের মধ্যে","_[two]":"{{value}} মিনিটের মধ্যে","_[few]":"{{value}} মিনিটের মধ্যে","_[many]":"{{value}} মিনিটের মধ্যে","_[other]":"{{value}} মিনিটের মধ্যে"},"hours-until-long":{"_":"{[ plural(value) ]}","_[zero]":"এখন","_[one]":"এক ঘন্টার মধ্যে","_[two]":"{{value}} ঘন্টার মধ্যে","_[few]":"{{value}} ঘন্টার মধ্যে","_[many]":"{{value}} ঘন্টার মধ্যে","_[other]":"{{value}} ঘন্টার মধ্যে"},"days-until-long":{"_":"{[ plural(value) ]}","_[zero]":"আজ","_[one]":"আগামীকাল","_[two]":"{{value}} দিনের মধ্যে","_[few]":"{{value}} দিনের মধ্যে","_[many]":"{{value}} দিনের মধ্যে","_[other]":"{{value}} দিনের মধ্যে"},"weeks-until-long":{"_":"{[ plural(value) ]}","_[zero]":"চলতি সপ্তাহ","_[one]":"পরবর্তী সপ্তাহ","_[two]":"{{value}} সপ্তাহের মধ্যে","_[few]":"{{value}} সপ্তাহের মধ্যে","_[many]":"{{value}} সপ্তাহের মধ্যে","_[other]":"{{value}} সপ্তাহের মধ্যে"},"months-until-long":{"_":"{[ plural(value) ]}","_[zero]":"এই মাস","_[one]":"পরবর্তী মাস","_[two]":"{{value}} মাসের মধ্যে","_[few]":"{{value}} মাসের মধ্যে","_[many]":"{{value}} মাসের মধ্যে","_[other]":"{{value}} মাসের মধ্যে"},"years-until-long":{"_":"{[ plural(value) ]}","_[zero]":"এই বছর","_[one]":"আগামী বছর","_[two]":"{{value}} বছরের মধ্যে","_[few]":"{{value}} বছরের মধ্যে","_[many]":"{{value}} বছরের মধ্যে","_[other]":"{{value}} বছরের মধ্যে"},"minutes-ago-short":{"_":"{[ plural(value) ]}","_[zero]":"এইমাত্র","_[other]":"{{value}}মি. পূর্বে"},"hours-ago-short":{"_":"{[ plural(value) ]}","_[zero]":"এইমাত্র","_[other]":"{{value}}ঘ. পূর্বে"},"days-ago-short":{"_":"{[ plural(value) ]}","_[zero]":"আজ","_[other]":"{{value}}দিন পূর্বে"},"minutes-until-short":{"_":"{[ plural(value) ]}","_[zero]":"এখন","_[other]":"{{value}} মিনিটের মধ্যে"},"hours-until-short":{"_":"{[ plural(value) ]}","_[zero]":"এখন","_[other]":"{{value}}ঘন্টার মধ্যে"},"days-until-short":{"_":"{[ plural(value) ]}","_[zero]":"আজ","_[other]":"{{value}}দিনের মধ্যে"},"incorrectDate":{"_":"(ভুল তারিখ)"},"dateTimeFormat_%c":{"_":"%a %b %e %Y %I:%M:%S %p"},"dateTimeFormat_%x":{"_":"%m/%d/%Y"},"dateTimeFormat_%X":{"_":"%I:%M:%S %p"},"shortTimeFormat":{"_":"%I:%M %p"},"shortDateTimeFormat":{"_":"%x %I:%M %p"},"weekStartsOnMonday":{"_":"0"},"time_am":{"_":"AM"},"time_pm":{"_":"PM"}}