{"number-selected2":{"_":"{[ plural(n) ]}","_[zero]":"Trieu","_[one]":"{{ n }} seleccionada","_[two]":"{{ n }} seleccionades","_[few]":"{{ n }} seleccionades","_[many]":"{{ n }} seleccionades","_[other]":"{{ n }} seleccionades"},"delete-photo?":{"_":"Voleu eliminar la foto?"},"delete-video?":{"_":"Voleu eliminar el vídeo?"},"delete-n-items?":{"_":"{[ plural(n) ]}","_[zero]":"No heu seleccionat res","_[one]":"Voleu eliminar l'element seleccionat?","_[two]":"Voleu eliminar {{ n }} elements?","_[few]":"Voleu eliminar {{ n }} elements?","_[many]":"Voleu eliminar {{ n }} elements?","_[other]":"Voleu eliminar {{ n }} elements?"},"pickoneimage2":{"_":"Trieu"},"cropimage":{"_":"Retalla"},"cancel":{"_":"Cancel·la"},"delete":{"_":"Elimina"},"ok":{"_":"D'acord"},"edit":{"_":"Edita"},"save":{"_":"Desa"},"done":{"_":"Fet"},"exposure":{"_":"Exposició"},"crop":{"_":"Retalla"},"effects":{"_":"Efectes"},"borders":{"_":"Vores"},"enhance-on":{"_":"Millora automàtica activada"},"enhance-off":{"_":"Millora automàtica desactivada"},"original":{"_":"Original"},"blackandwhite":{"_":"Blanc i negre"},"sepia":{"_":"Sèpia"},"freeform":{"_":"Forma lliure"},"portrait":{"_":"Vertical"},"landscape":{"_":"Apaïsat"},"square":{"_":"Quadrat"},"emptygallery2-title":{"_":"No hi ha fotos ni vídeos"},"emptygallery2-text":{"_":"Utilitzeu l'aplicació Càmera per començar."},"emptygallery2-title-pick":{"_":"No hi ha fotos"},"nocard3-title":{"_":"No hi ha cap targeta de memòria"},"nocard4-text":{"_":"Inseriu una targeta de memòria per utilitzar l'aplicació."},"pluggedin2-title":{"_":"La targeta de memòria és en ús"},"pluggedin2-text":{"_":"Desconnecteu el telèfon per utilitzar l'aplicació."},"scanning-title":{"_":"Escaneig"},"scanning-text":{"_":"Cerca de fotos i vídeos."},"upgrade-title":{"_":"Actualització de base de dades"},"upgrade-text":{"_":"Espereu mentre s'actualitza la base de dades de la galeria."},"share-noprovider":{"_":"No es pot compartir aquest tipus de fitxer d'imatge."},"memorycardfull":{"_":"No es poden editar les fotos: la targeta de memòria és plena."},"imagetoobig":{"_":"La imatge és massa gran per mostrar-la en el dispositiu."},"imageinvalid":{"_":"La imatge no és vàlida o està malmesa i no es pot mostrar."},"saved":{"_":"S'ha desat {{filename}} a la galeria"},"overlay-camera-button":{"_":"Vés a la Càmera"},"name-label":{"_":"Nom"},"size-label":{"_":"Mida"},"image-type-label":{"_":"Tipus d'imatge"},"date-taken-label":{"_":"Data de captura"},"resolution-label":{"_":"Resolució"},"close-button":{"_":"Tanca"},"byteUnit-B":{"_":"Bytes"},"byteUnit-KB":{"_":"kB"},"byteUnit-MB":{"_":"MB"},"byteUnit-GB":{"_":"GB"},"gallery":{"_":"Galeria"},"preview":{"_":"Previsualització"},"date-group-header":{"_":"%B de %Y"},"weekday-0-long":{"_":"diumenge"},"weekday-1-long":{"_":"dilluns"},"weekday-2-long":{"_":"dimarts"},"weekday-3-long":{"_":"dimecres"},"weekday-4-long":{"_":"dijous"},"weekday-5-long":{"_":"divendres"},"weekday-6-long":{"_":"dissabte"},"weekday-0-short":{"_":"dg"},"weekday-1-short":{"_":"dl"},"weekday-2-short":{"_":"dt"},"weekday-3-short":{"_":"dc"},"weekday-4-short":{"_":"dj"},"weekday-5-short":{"_":"dv"},"weekday-6-short":{"_":"ds"},"month-0-long":{"_":"gener"},"month-1-long":{"_":"febrer"},"month-2-long":{"_":"març"},"month-3-long":{"_":"abril"},"month-4-long":{"_":"maig"},"month-5-long":{"_":"juny"},"month-6-long":{"_":"juliol"},"month-7-long":{"_":"agost"},"month-8-long":{"_":"setembre"},"month-9-long":{"_":"octubre"},"month-10-long":{"_":"novembre"},"month-11-long":{"_":"desembre"},"month-0-genitive":{"_":"de gener"},"month-1-genitive":{"_":"de febrer"},"month-2-genitive":{"_":"de març"},"month-3-genitive":{"_":"d'abril"},"month-4-genitive":{"_":"de maig"},"month-5-genitive":{"_":"de juny"},"month-6-genitive":{"_":"de juliol"},"month-7-genitive":{"_":"d'agost"},"month-8-genitive":{"_":"de setembre"},"month-9-genitive":{"_":"d'octubre"},"month-10-genitive":{"_":"de novembre"},"month-11-genitive":{"_":"de desembre"},"month-0-short":{"_":"gen"},"month-1-short":{"_":"febr"},"month-2-short":{"_":"març"},"month-3-short":{"_":"abr"},"month-4-short":{"_":"maig"},"month-5-short":{"_":"juny"},"month-6-short":{"_":"jul"},"month-7-short":{"_":"ag"},"month-8-short":{"_":"set"},"month-9-short":{"_":"oct"},"month-10-short":{"_":"nov"},"month-11-short":{"_":"des"},"minutes-ago-long":{"_":"{[ plural(value) ]}","_[zero]":"ara","_[one]":"fa un minut","_[two]":"fa {{value}} minuts","_[few]":"fa {{value}} minuts","_[many]":"fa {{value}} minuts","_[other]":"fa {{value}} minuts"},"hours-ago-long":{"_":"{[ plural(value) ]}","_[zero]":"ara","_[one]":"fa una hora","_[two]":"fa {{value}} hores","_[few]":"fa {{value}} hores","_[many]":"fa {{value}} hores","_[other]":"fa {{value}} hores"},"days-ago-long":{"_":"{[ plural(value) ]}","_[zero]":"avui","_[one]":"ahir","_[two]":"fa {{value}} dies","_[few]":"fa {{value}} dies","_[many]":"fa {{value}} dies","_[other]":"fa {{value}} dies"},"weeks-ago-long":{"_":"{[ plural(value) ]}","_[zero]":"aquesta setmana","_[one]":"la setmana passada","_[two]":"fa {{value}} setmanes","_[few]":"fa {{value}} setmanes","_[many]":"fa {{value}} setmanes","_[other]":"fa {{value}} setmanes"},"months-ago-long":{"_":"{[ plural(value) ]}","_[zero]":"aquest mes","_[one]":"el mes passat","_[two]":"fa {{value}} mesos","_[few]":"fa {{value}} mesos","_[many]":"fa {{value}} mesos","_[other]":"fa {{value}} mesos"},"years-ago-long":{"_":"{[ plural(value) ]}","_[zero]":"enguany","_[one]":"l'any passat","_[two]":"fa {{value}} anys","_[few]":"fa {{value}} anys","_[many]":"fa {{value}} anys","_[other]":"fa {{value}} anys"},"minutes-until-long":{"_":"{[ plural(value) ]}","_[zero]":"ara","_[one]":"d'aquí un minut","_[two]":"d'aquí {{value}} minuts","_[few]":"d'aquí {{value}} minuts","_[many]":"d'aquí {{value}} minuts","_[other]":"d'aquí {{value}} minuts"},"hours-until-long":{"_":"{[ plural(value) ]}","_[zero]":"ara","_[one]":"d'aquí una hora","_[two]":"d'aquí {{value}} hores","_[few]":"d'aquí {{value}} hores","_[many]":"d'aquí {{value}} hores","_[other]":"d'aquí {{value}} hores"},"days-until-long":{"_":"{[ plural(value) ]}","_[zero]":"avui","_[one]":"demà","_[two]":"d'aquí {{value}} dies","_[few]":"d'aquí {{value}} dies","_[many]":"d'aquí {{value}} dies","_[other]":"d'aquí {{value}} dies"},"weeks-until-long":{"_":"{[ plural(value) ]}","_[zero]":"aquesta setmana","_[one]":"la setmana que ve","_[two]":"d'aquí {{value}} setmanes","_[few]":"d'aquí {{value}} setmanes","_[many]":"d'aquí {{value}} setmanes","_[other]":"d'aquí {{value}} setmanes"},"months-until-long":{"_":"{[ plural(value) ]}","_[zero]":"aquest mes","_[one]":"el mes que ve","_[two]":"d'aquí {{value}} mesos","_[few]":"d'aquí {{value}} mesos","_[many]":"d'aquí {{value}} mesos","_[other]":"d'aquí {{value}} mesos"},"years-until-long":{"_":"{[ plural(value) ]}","_[zero]":"enguany","_[one]":"l'any que ve","_[two]":"d'aquí {{value}} anys","_[few]":"d'aquí {{value}} anys","_[many]":"d'aquí {{value}} anys","_[other]":"d'aquí {{value}} anys"},"minutes-ago-short":{"_":"{[ plural(value) ]}","_[zero]":"ara","_[other]":"fa {{value}} m"},"hours-ago-short":{"_":"{[ plural(value) ]}","_[zero]":"ara","_[other]":"fa {{value}} h"},"days-ago-short":{"_":"{[ plural(value) ]}","_[zero]":"avui","_[other]":"fa {{value}} d"},"minutes-until-short":{"_":"{[ plural(value) ]}","_[zero]":"ara","_[other]":"d'aquí {{value}} m"},"hours-until-short":{"_":"{[ plural(value) ]}","_[zero]":"ara","_[other]":"d'aquí {{value}} h"},"days-until-short":{"_":"{[ plural(value) ]}","_[zero]":"avui","_[other]":"d'aquí {{value}} d"},"incorrectDate":{"_":"(data no vàlida)"},"dateTimeFormat_%c":{"_":"%a %e %Eb, %Y %H:%M:%S"},"dateTimeFormat_%x":{"_":"%d/%m/%Y"},"dateTimeFormat_%X":{"_":"%H:%M:%S"},"shortTimeFormat":{"_":"%H:%M"},"shortDateTimeFormat":{"_":"%x %H:%M"},"weekStartsOnMonday":{"_":"1"},"time_am":{"_":"am"},"time_pm":{"_":"pm"}}