{"number-selected2":{"_":"{[ plural(n) ]}","_[zero]":"Vybrat","_[one]":"Jedna vybrána","_[two]":"Dvě vybrány","_[few]":"{{ n }} vybrány","_[many]":"{{ n }} vybráno","_[other]":"{{ n }} vybráno"},"delete-photo?":{"_":"Smazat fotografii?"},"delete-video?":{"_":"Smazat video?"},"delete-n-items?":{"_":"{[ plural(n) ]}","_[zero]":"Nic není vybráno","_[one]":"Smazat vybranou položku?","_[two]":"Smazat obě vybrané položky?","_[few]":"Smazat {{ n }} položky?","_[many]":"Smazat {{ n }} položek?","_[other]":"Smazat {{ n }} položek?"},"pickoneimage2":{"_":"Vybrat"},"cropimage":{"_":"Oříznout"},"cancel":{"_":"Zrušit"},"delete":{"_":"Smazat"},"ok":{"_":"OK"},"edit":{"_":"Upravit"},"save":{"_":"Uložit"},"done":{"_":"Hotovo"},"exposure":{"_":"Expozice"},"crop":{"_":"Oříznout"},"effects":{"_":"Efekty"},"borders":{"_":"Okraje"},"enhance-on":{"_":"Automatické vylepšení zapnuto"},"enhance-off":{"_":"Automatické vylepšení vypnuto"},"original":{"_":"Originál"},"blackandwhite":{"_":"Č&B"},"sepia":{"_":"Sépie"},"freeform":{"_":"Bez omezení"},"portrait":{"_":"Na výšku"},"landscape":{"_":"Na šířku"},"square":{"_":"Čtverec"},"emptygallery2-title":{"_":"Žádné fotografie ani video"},"emptygallery2-text":{"_":"Pro začátek použijte aplikaci Fotoaparát."},"emptygallery2-title-pick":{"_":"Žádné fotografie"},"nocard3-title":{"_":"Chybí paměťová karta"},"nocard4-text":{"_":"Pro použití této aplikace vložte paměťovou kartu. "},"pluggedin2-title":{"_":"Paměťová karta se používá"},"pluggedin2-text":{"_":"Pro použití této aplikace odpojte telefon."},"scanning-title":{"_":"Prohledávání"},"scanning-text":{"_":"Hledají se fotky a videa."},"upgrade-title":{"_":"Aktualizace databáze"},"upgrade-text":{"_":"Čekejte prosím, aplikace Galerie aktualizuje svou databázi."},"share-noprovider":{"_":"Tento typ obrázku nelze sdílet."},"memorycardfull":{"_":"Fotografii nelze upravit: Paměťová karta je plná."},"imagetoobig":{"_":"Pro zobrazení na tomto zařízení je obrázek příliš velký. "},"imageinvalid":{"_":"Obrázek je neplatný či poškozený a nemůže tak být zobrazen."},"saved":{"_":"{{filename}} uložen do aplikace Galerie "},"overlay-camera-button":{"_":"Přejít na Fotoaparát"},"name-label":{"_":"Název"},"size-label":{"_":"Velikost"},"image-type-label":{"_":"Typ obrázku"},"date-taken-label":{"_":"Datum pořízení"},"resolution-label":{"_":"Rozlišení"},"close-button":{"_":"Zavřít"},"byteUnit-B":{"_":"Bajtů"},"byteUnit-KB":{"_":"KB"},"byteUnit-MB":{"_":"MB"},"byteUnit-GB":{"_":"GB"},"gallery":{"_":"Galerie"},"preview":{"_":"Náhled"},"date-group-header":{"_":"%B %Y"},"weekday-0-long":{"_":"Neděle"},"weekday-1-long":{"_":"Pondělí"},"weekday-2-long":{"_":"Úterý"},"weekday-3-long":{"_":"Středa"},"weekday-4-long":{"_":"Čtvrtek"},"weekday-5-long":{"_":"Pátek"},"weekday-6-long":{"_":"Sobota"},"weekday-0-short":{"_":"Ne"},"weekday-1-short":{"_":"Po"},"weekday-2-short":{"_":"Út"},"weekday-3-short":{"_":"St"},"weekday-4-short":{"_":"Čt"},"weekday-5-short":{"_":"Pá"},"weekday-6-short":{"_":"So"},"month-0-long":{"_":"Leden"},"month-1-long":{"_":"Únor"},"month-2-long":{"_":"Březen"},"month-3-long":{"_":"Duben"},"month-4-long":{"_":"Květen"},"month-5-long":{"_":"Červen"},"month-6-long":{"_":"Červenec"},"month-7-long":{"_":"Srpen"},"month-8-long":{"_":"Září"},"month-9-long":{"_":"Říjen"},"month-10-long":{"_":"Listopad"},"month-11-long":{"_":"Prosinec"},"month-0-genitive":{"_":"Leden"},"month-1-genitive":{"_":"Únor"},"month-2-genitive":{"_":"Březen"},"month-3-genitive":{"_":"Duben"},"month-4-genitive":{"_":"Květen"},"month-5-genitive":{"_":"Červen"},"month-6-genitive":{"_":"Červenec"},"month-7-genitive":{"_":"Srpen"},"month-8-genitive":{"_":"Září"},"month-9-genitive":{"_":"Říjen"},"month-10-genitive":{"_":"Listopad"},"month-11-genitive":{"_":"Prosinec"},"month-0-short":{"_":"leden"},"month-1-short":{"_":"únor"},"month-2-short":{"_":"březen"},"month-3-short":{"_":"duben"},"month-4-short":{"_":"květen"},"month-5-short":{"_":"červen"},"month-6-short":{"_":"červenec"},"month-7-short":{"_":"srpen"},"month-8-short":{"_":"září"},"month-9-short":{"_":"říjen"},"month-10-short":{"_":"listopad"},"month-11-short":{"_":"prosinec"},"minutes-ago-long":{"_":"{[ plural(value) ]}","_[zero]":"právě teď","_[one]":"před minutou","_[two]":"před 2 minutami","_[few]":"před {{value}} minutami","_[many]":"před {{value}} minutami","_[other]":"před {{value}} minutami"},"hours-ago-long":{"_":"{[ plural(value) ]}","_[zero]":"právě teď","_[one]":"před hodinou","_[two]":"před 2 hodinami","_[few]":"před {{value}} hodinami","_[many]":"před {{value}} hodinami","_[other]":"před {{value}} hodinami"},"days-ago-long":{"_":"{[ plural(value) ]}","_[zero]":"dnes","_[one]":"včera","_[two]":"předevčírem","_[few]":"před {{value}} dny","_[many]":"před {{value}} dny","_[other]":"před {{value}} dny"},"weeks-ago-long":{"_":"{[ plural(value) ]}","_[zero]":"tento týden","_[one]":"minutý týden","_[two]":"před {{value}} týdny","_[few]":"před {{value}} týdny","_[many]":"před {{value}} týdny","_[other]":"před {{value}} týdny"},"months-ago-long":{"_":"{[ plural(value) ]}","_[zero]":"tento měsíc","_[one]":"minulý měsíc","_[two]":"před {{value}} měsíci","_[few]":"před {{value}} měsíci","_[many]":"před {{value}} měsíci","_[other]":"před {{value}} měsíci"},"years-ago-long":{"_":"{[ plural(value) ]}","_[zero]":"tento rok","_[one]":"minulý rok","_[two]":"před {{value}} roky","_[few]":"před {{value}} roky","_[many]":"před {{value}} roky","_[other]":"před {{value}} roky"},"minutes-until-long":{"_":"{[ plural(value) ]}","_[zero]":"nyní","_[one]":"za minutu","_[two]":"za 2 minuty","_[few]":"za {{value}} minuty","_[many]":"za {{value}} minut","_[other]":"za {{value}} minut"},"hours-until-long":{"_":"{[ plural(value) ]}","_[zero]":"nyní","_[one]":"za hodinu","_[two]":"za 2 hodiny","_[few]":"za {{value}} hodiny","_[many]":"za {{value}} hodin","_[other]":"za {{value}} hodin"},"days-until-long":{"_":"{[ plural(value) ]}","_[zero]":"dnes","_[one]":"zítra","_[two]":"pozítří","_[few]":"za {{value}} dny","_[many]":"za {{value}} dnů","_[other]":"za {{value}} dnů"},"weeks-until-long":{"_":"{[ plural(value) ]}","_[zero]":"tento týden","_[one]":"příští týden","_[two]":"za {{value}} týdny","_[few]":"za {{value}} týdny","_[many]":"za {{value}} týdnů","_[other]":"za {{value}} týdnů"},"months-until-long":{"_":"{[ plural(value) ]}","_[zero]":"tento měsíc","_[one]":"příští měsíc","_[two]":"za {{value}} měsíce","_[few]":"za {{value}} měsíce","_[many]":"za {{value}} měsíců","_[other]":"za {{value}} měsíců"},"years-until-long":{"_":"{[ plural(value) ]}","_[zero]":"tento rok","_[one]":"příští rok","_[two]":"za {{value}} roky","_[few]":"za {{value}} roky","_[many]":"za {{value}} roků","_[other]":"za {{value}} roků"},"minutes-ago-short":{"_":"{[ plural(value) ]}","_[zero]":"právě teď","_[other]":"před {{value}} min"},"hours-ago-short":{"_":"{[ plural(value) ]}","_[zero]":"právě teď","_[other]":"před {{value}} hod"},"days-ago-short":{"_":"{[ plural(value) ]}","_[zero]":"dnes","_[other]":"před {{value}} dny"},"minutes-until-short":{"_":"{[ plural(value) ]}","_[zero]":"nyní","_[other]":"za {{value}} min"},"hours-until-short":{"_":"{[ plural(value) ]}","_[zero]":"nyní","_[other]":"za {{value}} hod"},"days-until-short":{"_":"{[ plural(value) ]}","_[zero]":"dnes","_[other]":"za {{value}} dny"},"incorrectDate":{"_":"(neplatné datum)"},"dateTimeFormat_%c":{"_":"%a %e. %b %Y %H:%M:%S"},"dateTimeFormat_%x":{"_":"%e. %m. %Y"},"dateTimeFormat_%X":{"_":"%H:%M:%S"},"shortTimeFormat":{"_":"%H:%M"},"shortDateTimeFormat":{"_":"%x %H:%M"},"weekStartsOnMonday":{"_":"1"},"time_am":{"_":"AM"},"time_pm":{"_":"PM"}}