{"number-selected2":{"_":"{[ plural(n) ]}","_[zero]":"Vælg","_[one]":"{{ n }} valgt","_[two]":"{{ n }} valgt","_[few]":"{{ n }} valgt","_[many]":"{{ n }} valgt","_[other]":"{{ n }} valgt"},"delete-photo?":{"_":"Slet billede?"},"delete-video?":{"_":"Slet video?"},"delete-n-items?":{"_":"{[ plural(n) ]}","_[zero]":"Intet valgt","_[one]":"Slet det valgte element?","_[two]":"Slet {{ n }} elementer?","_[few]":"Slet {{ n }} elementer?","_[many]":"Slet {{ n }} elementer?","_[other]":"Slet {{ n }} elementer?"},"pickoneimage2":{"_":"Vælg"},"cropimage":{"_":"Beskær"},"cancel":{"_":"Annuller"},"delete":{"_":"Slet"},"ok":{"_":"OK"},"edit":{"_":"Rediger"},"save":{"_":"Gem"},"done":{"_":"Færdig"},"exposure":{"_":"Eksponering"},"crop":{"_":"Beskær"},"effects":{"_":"Effekter"},"borders":{"_":"Rammer"},"enhance-on":{"_":"Automatisk forbedring: Til"},"enhance-off":{"_":"Automatisk forbedring: Fra"},"original":{"_":"Original"},"blackandwhite":{"_":"Sort/hvid"},"sepia":{"_":"Sepia"},"freeform":{"_":"Fritlagt"},"portrait":{"_":"Portræt"},"landscape":{"_":"Landskab"},"square":{"_":"Firkant"},"emptygallery2-title":{"_":"Ingen billeder eller videoer"},"emptygallery2-text":{"_":"Brug kamera-app'en for at komme i gang."},"emptygallery2-title-pick":{"_":"Ingen billeder"},"nocard3-title":{"_":"Intet hukommelseskort"},"nocard4-text":{"_":"Indsæt hukommelseskort for at bruge denne app."},"pluggedin2-title":{"_":"Hukommelseskortet er låst"},"pluggedin2-text":{"_":"Afkobl telefonen for at bruge denne app."},"scanning-title":{"_":"Skanner"},"scanning-text":{"_":"Leder efter billeder og videoer."},"upgrade-title":{"_":"Databasen opdateres"},"upgrade-text":{"_":"Vent mens Galleri opdaterer sin database."},"share-noprovider":{"_":"Kan ikke dele billeder med denne filtype."},"memorycardfull":{"_":"Kan ikke redigere billede: Ingen plads på hukommelseskortet."},"imagetoobig":{"_":"Billedet er for stort til at kunne vises på denne enhed."},"imageinvalid":{"_":"Billedet er ugyldigt eller beskadiget og kan ikke vises."},"saved":{"_":"{{filename}} er gemt i galleriet"},"overlay-camera-button":{"_":"Skift til kamera"},"name-label":{"_":"Navn"},"size-label":{"_":"Størrelse"},"image-type-label":{"_":"Billedtype"},"date-taken-label":{"_":"Taget den"},"resolution-label":{"_":"Opløsning"},"close-button":{"_":"Luk"},"byteUnit-B":{"_":"Bytes"},"byteUnit-KB":{"_":"KB"},"byteUnit-MB":{"_":"MB"},"byteUnit-GB":{"_":"GB"},"gallery":{"_":"Galleri"},"preview":{"_":"Vis prøve"},"date-group-header":{"_":"%B %Y"},"weekday-0-long":{"_":"Søndag"},"weekday-1-long":{"_":"Mandag"},"weekday-2-long":{"_":"Tirsdag"},"weekday-3-long":{"_":"Onsdag"},"weekday-4-long":{"_":"Torsdag"},"weekday-5-long":{"_":"Fredag"},"weekday-6-long":{"_":"Lørdag"},"weekday-0-short":{"_":"Søn"},"weekday-1-short":{"_":"Man"},"weekday-2-short":{"_":"Tir"},"weekday-3-short":{"_":"Ons"},"weekday-4-short":{"_":"Tor"},"weekday-5-short":{"_":"Fre"},"weekday-6-short":{"_":"Lør"},"month-0-long":{"_":"Januar"},"month-1-long":{"_":"Februar"},"month-2-long":{"_":"Marts"},"month-3-long":{"_":"April"},"month-4-long":{"_":"Maj"},"month-5-long":{"_":"Juni"},"month-6-long":{"_":"Juli"},"month-7-long":{"_":"August"},"month-8-long":{"_":"September"},"month-9-long":{"_":"Oktober"},"month-10-long":{"_":"November"},"month-11-long":{"_":"December"},"month-0-genitive":{"_":"januar"},"month-1-genitive":{"_":"februar"},"month-2-genitive":{"_":"marts"},"month-3-genitive":{"_":"april"},"month-4-genitive":{"_":"maj"},"month-5-genitive":{"_":"juni"},"month-6-genitive":{"_":"juli"},"month-7-genitive":{"_":"august"},"month-8-genitive":{"_":"september"},"month-9-genitive":{"_":"oktober"},"month-10-genitive":{"_":"november"},"month-11-genitive":{"_":"december"},"month-0-short":{"_":"Jan"},"month-1-short":{"_":"Feb"},"month-2-short":{"_":"Mar"},"month-3-short":{"_":"Apr"},"month-4-short":{"_":"Maj"},"month-5-short":{"_":"Jun"},"month-6-short":{"_":"Jul"},"month-7-short":{"_":"Aug"},"month-8-short":{"_":"Sep"},"month-9-short":{"_":"Okt"},"month-10-short":{"_":"Nov"},"month-11-short":{"_":"Dec"},"minutes-ago-long":{"_":"{[ plural(value) ]}","_[zero]":"nu","_[one]":"for et minut siden","_[two]":"for {{value}} minutter siden","_[few]":"for {{value}} minutter siden","_[many]":"for {{value}} minutter siden","_[other]":"for {{value}} minutter siden"},"hours-ago-long":{"_":"{[ plural(value) ]}","_[zero]":"nu","_[one]":"for en time siden","_[two]":"for {{value}} timer siden","_[few]":"for {{value}} timer siden","_[many]":"for {{value}} timer siden","_[other]":"for {{value}} timer siden"},"days-ago-long":{"_":"{[ plural(value) ]}","_[zero]":"i dag","_[one]":"i går","_[two]":"for {{value}} dage siden","_[few]":"for {{value}} dage siden","_[many]":"for {{value}} dage siden","_[other]":"for {{value}} dage siden"},"weeks-ago-long":{"_":"{[ plural(value) ]}","_[zero]":"denne uge","_[one]":"sidste uge","_[two]":"for {{value}} uger siden","_[few]":"for {{value}} uger siden","_[many]":"for {{value}} uger siden","_[other]":"for {{value}} uger siden"},"months-ago-long":{"_":"{[ plural(value) ]}","_[zero]":"denne måned","_[one]":"sidste måned","_[two]":"for {{value}} måneder siden","_[few]":"for {{value}} måneder siden","_[many]":"for {{value}} måneder siden","_[other]":"for {{value}} måneder siden"},"years-ago-long":{"_":"{[ plural(value) ]}","_[zero]":"dette år","_[one]":"sidste år","_[two]":"for {{value}} år siden","_[few]":"for {{value}} år siden","_[many]":"for {{value}} år siden","_[other]":"for {{value}} år siden"},"minutes-until-long":{"_":"{[ plural(value) ]}","_[zero]":"nu","_[one]":"om et minut","_[two]":"om {{value}} minutter","_[few]":"om {{value}} minutter","_[many]":"om {{value}} minutter","_[other]":"om {{value}} minutter"},"hours-until-long":{"_":"{[ plural(value) ]}","_[zero]":"nu","_[one]":"om en time","_[two]":"om {{value}} timer","_[few]":"om {{value}} timer","_[many]":"om {{value}} timer","_[other]":"om {{value}} timer"},"days-until-long":{"_":"{[ plural(value) ]}","_[zero]":"i dag","_[one]":"i morgen","_[two]":"om {{value}} dage","_[few]":"om {{value}} dage","_[many]":"om {{value}} dage","_[other]":"om {{value}} dage"},"weeks-until-long":{"_":"{[ plural(value) ]}","_[zero]":"denne uge","_[one]":"næste uge","_[two]":"om {{value}} uger","_[few]":"om {{value}} uger","_[many]":"om {{value}} uger","_[other]":"om {{value}} uger"},"months-until-long":{"_":"{[ plural(value) ]}","_[zero]":"denne måned","_[one]":"næste måned","_[two]":"om {{value}} måneder","_[few]":"om {{value}} måneder","_[many]":"om {{value}} måneder","_[other]":"om {{value}} måneder"},"years-until-long":{"_":"{[ plural(value) ]}","_[zero]":"i år","_[one]":"næste år","_[two]":"om {{value}} år","_[few]":"om {{value}} år","_[many]":"om {{value}} år","_[other]":"om {{value}} år"},"minutes-ago-short":{"_":"{[ plural(value) ]}","_[zero]":"nu","_[other]":"{{value}}m siden"},"hours-ago-short":{"_":"{[ plural(value) ]}","_[zero]":"nu","_[other]":"{{value}}t siden"},"days-ago-short":{"_":"{[ plural(value) ]}","_[zero]":"i dag","_[other]":"{{value}}d siden"},"minutes-until-short":{"_":"{[ plural(value) ]}","_[zero]":"nu","_[other]":"om {{value}}m"},"hours-until-short":{"_":"{[ plural(value) ]}","_[zero]":"nu","_[other]":"om {{value}}t"},"days-until-short":{"_":"{[ plural(value) ]}","_[zero]":"i dag","_[other]":"om {{value}}d"},"incorrectDate":{"_":"(forkert dato)"},"dateTimeFormat_%c":{"_":"%a d. %e. %b %Y %H:%M:%S"},"dateTimeFormat_%x":{"_":"%d-%m-%Y"},"dateTimeFormat_%X":{"_":"%H:%M:%S"},"shortTimeFormat":{"_":"%H:%M"},"shortDateTimeFormat":{"_":"%x %H:%M"},"weekStartsOnMonday":{"_":"1"},"time_am":{"_":"AM"},"time_pm":{"_":"PM"}}