{"number-selected2":{"_":"{[ plural(n) ]}","_[zero]":"Auswählen","_[one]":"{{ n }} ausgewählt","_[two]":"{{ n }} ausgewählt","_[few]":"{{ n }} ausgewählt","_[many]":"{{ n }} ausgewählt","_[other]":"{{ n }} ausgewählt"},"delete-photo?":{"_":"Dieses Bild löschen?"},"delete-video?":{"_":"Dieses Video löschen?"},"delete-n-items?":{"_":"{[ plural(n) ]}","_[zero]":"Nichts ausgewählt","_[one]":"Ausgewählten Eintrag löschen?","_[two]":"{{ n }} Einträge löschen?","_[few]":"{{ n }} Einträge löschen?","_[many]":"{{ n }} Einträge löschen?","_[other]":"{{ n }} Einträge löschen?"},"pickoneimage2":{"_":"Auswählen"},"cropimage":{"_":"Zuschneiden"},"cancel":{"_":"Abbrechen"},"delete":{"_":"Löschen"},"ok":{"_":"OK"},"edit":{"_":"Bearbeiten"},"save":{"_":"Speichern"},"done":{"_":"Fertig"},"exposure":{"_":"Belichtung"},"crop":{"_":"Zuschneiden"},"effects":{"_":"Effekte"},"borders":{"_":"Rahmen"},"enhance-on":{"_":"Auto-Verbesserung an"},"enhance-off":{"_":"Auto-Verbesserung aus"},"original":{"_":"Original"},"blackandwhite":{"_":"Schwarzweiß"},"sepia":{"_":"Sepia"},"freeform":{"_":"Freie Form"},"portrait":{"_":"Hochformat"},"landscape":{"_":"Querformat"},"square":{"_":"Quadrat"},"emptygallery2-title":{"_":"Keine Bilder oder Videos"},"emptygallery2-text":{"_":"Verwenden Sie die Kamera, um die App nutzen zu können."},"emptygallery2-title-pick":{"_":"Keine Bilder"},"nocard3-title":{"_":"Keine Speicherkarte"},"nocard4-text":{"_":"Legen Sie eine Speicherkarte ein, um diese App nutzen zu können."},"pluggedin2-title":{"_":"Speicherkarte in Verwendung"},"pluggedin2-text":{"_":"Ziehen Sie Ihr Telefon ab, um diese App nutzen zu können."},"scanning-title":{"_":"Suche läuft…"},"scanning-text":{"_":"Es wird nach Fotos und Videos gesucht."},"upgrade-title":{"_":"Datenbank-Upgrade"},"upgrade-text":{"_":"Bitte warten Sie, während Galerie seine Datenbank aktualisiert."},"share-noprovider":{"_":"Keine installierte App weiß mit diesem Bildtyp etwas anzufangen"},"memorycardfull":{"_":"Bilder können nicht bearbeitet werden: Die Speicherkarte ist voll."},"imagetoobig":{"_":"Das Bild ist zu groß für die Darstellung auf diesem Gerät."},"imageinvalid":{"_":"Das Bild ist ungültig oder beschädigt und kann nicht dargestellt werden."},"saved":{"_":"{{filename}} in Galerie gespeichert"},"overlay-camera-button":{"_":"Zu Kamera wechseln"},"name-label":{"_":"Name"},"size-label":{"_":"Dateigröße"},"image-type-label":{"_":"Grafiktyp"},"date-taken-label":{"_":"Aufnahmedatum"},"resolution-label":{"_":"Auflösung"},"close-button":{"_":"Schließen"},"byteUnit-B":{"_":"Bytes"},"byteUnit-KB":{"_":"KB"},"byteUnit-MB":{"_":"MB"},"byteUnit-GB":{"_":"GB"},"gallery":{"_":"Galerie"},"preview":{"_":"Vorschau"},"date-group-header":{"_":"%B %Y"},"weekday-0-long":{"_":"Sonntag"},"weekday-1-long":{"_":"Montag"},"weekday-2-long":{"_":"Dienstag"},"weekday-3-long":{"_":"Mittwoch"},"weekday-4-long":{"_":"Donnerstag"},"weekday-5-long":{"_":"Freitag"},"weekday-6-long":{"_":"Samstag"},"weekday-0-short":{"_":"So"},"weekday-1-short":{"_":"Mo"},"weekday-2-short":{"_":"Di"},"weekday-3-short":{"_":"Mi"},"weekday-4-short":{"_":"Do"},"weekday-5-short":{"_":"Fr"},"weekday-6-short":{"_":"Sa"},"month-0-long":{"_":"Januar"},"month-1-long":{"_":"Februar"},"month-2-long":{"_":"März"},"month-3-long":{"_":"April"},"month-4-long":{"_":"Mai"},"month-5-long":{"_":"Juni"},"month-6-long":{"_":"Juli"},"month-7-long":{"_":"August"},"month-8-long":{"_":"September"},"month-9-long":{"_":"Oktober"},"month-10-long":{"_":"November"},"month-11-long":{"_":"Dezember"},"month-0-genitive":{"_":"Januar"},"month-1-genitive":{"_":"Februar"},"month-2-genitive":{"_":"März"},"month-3-genitive":{"_":"April"},"month-4-genitive":{"_":"Mai"},"month-5-genitive":{"_":"Juni"},"month-6-genitive":{"_":"Juli"},"month-7-genitive":{"_":"August"},"month-8-genitive":{"_":"September"},"month-9-genitive":{"_":"Oktober"},"month-10-genitive":{"_":"November"},"month-11-genitive":{"_":"Dezember"},"month-0-short":{"_":"Jan"},"month-1-short":{"_":"Feb"},"month-2-short":{"_":"Mär"},"month-3-short":{"_":"Apr"},"month-4-short":{"_":"Mai"},"month-5-short":{"_":"Jun"},"month-6-short":{"_":"Jul"},"month-7-short":{"_":"Aug"},"month-8-short":{"_":"Sep"},"month-9-short":{"_":"Okt"},"month-10-short":{"_":"Nov"},"month-11-short":{"_":"Dez"},"minutes-ago-long":{"_":"{[ plural(value) ]}","_[zero]":"gerade eben","_[one]":"vor 1 Minute","_[two]":"vor {{value}} Minuten","_[few]":"vor {{value}} Minuten","_[many]":"vor {{value}} Minuten","_[other]":"vor {{value}} Minuten"},"hours-ago-long":{"_":"{[ plural(value) ]}","_[zero]":"gerade eben","_[one]":"vor 1 Stunde","_[two]":"vor {{value}} Stunden","_[few]":"vor {{value}} Stunden","_[many]":"vor {{value}} Stunden","_[other]":"vor {{value}} Stunden"},"days-ago-long":{"_":"{[ plural(value) ]}","_[zero]":"heute","_[one]":"gestern","_[two]":"vor {{value}} Tagen","_[few]":"vor {{value}} Tagen","_[many]":"vor {{value}} Tagen","_[other]":"vor {{value}} Tagen"},"weeks-ago-long":{"_":"{[ plural(value) ]}","_[zero]":"diese Woche","_[one]":"letzte Woche","_[two]":"vor {{value}} Wochen","_[few]":"vor {{value}} Wochen","_[many]":"vor {{value}} Wochen","_[other]":"vor {{value}} Wochen"},"months-ago-long":{"_":"{[ plural(value) ]}","_[zero]":"diesen Monat","_[one]":"letzten Monat","_[two]":"vor {{value}} Monaten","_[few]":"vor {{value}} Monaten","_[many]":"vor {{value}} Monaten","_[other]":"vor {{value}} Monaten"},"years-ago-long":{"_":"{[ plural(value) ]}","_[zero]":"dieses Jahr","_[one]":"letztes Jahr","_[two]":"vor {{value}} Jahren","_[few]":"vor {{value}} Jahren","_[many]":"vor {{value}} Jahren","_[other]":"vor {{value}} Jahren"},"minutes-until-long":{"_":"{[ plural(value) ]}","_[zero]":"jetzt","_[one]":"in 1 Minute","_[two]":"in {{value}} Minuten","_[few]":"in {{value}} Minuten","_[many]":"in {{value}} Minuten","_[other]":"in {{value}} Minuten"},"hours-until-long":{"_":"{[ plural(value) ]}","_[zero]":"jetzt","_[one]":"in einer Stunde","_[two]":"in {{value}} Stunden","_[few]":"in {{value}} Stunden","_[many]":"in {{value}} Stunden","_[other]":"in {{value}} Stunden"},"days-until-long":{"_":"{[ plural(value) ]}","_[zero]":"heute","_[one]":"morgen","_[two]":"in {{value}} Tagen","_[few]":"in {{value}} Tagen","_[many]":"in {{value}} Tagen","_[other]":"in {{value}} Tagen"},"weeks-until-long":{"_":"{[ plural(value) ]}","_[zero]":"diese Woche","_[one]":"nächste Woche","_[two]":"in {{value}} Wochen","_[few]":"in {{value}} Wochen","_[many]":"in {{value}} Wochen","_[other]":"in {{value}} Wochen"},"months-until-long":{"_":"{[ plural(value) ]}","_[zero]":"diesen Monat","_[one]":"nächsten Monat","_[two]":"in {{value}} Monaten","_[few]":"in {{value}} Monaten","_[many]":"in {{value}} Monaten","_[other]":"in {{value}} Monaten"},"years-until-long":{"_":"{[ plural(value) ]}","_[zero]":"dieses Jahr","_[one]":"nächstes Jahr","_[two]":"in {{value}} Jahren","_[few]":"in {{value}} Jahren","_[many]":"in {{value}} Jahren","_[other]":"in {{value}} Jahren"},"minutes-ago-short":{"_":"{[ plural(value) ]}","_[zero]":"jetzt","_[other]":"vor {{value}} m"},"hours-ago-short":{"_":"{[ plural(value) ]}","_[zero]":"jetzt","_[other]":"vor {{value}} h"},"days-ago-short":{"_":"{[ plural(value) ]}","_[zero]":"heute","_[other]":"vor {{value}} d"},"minutes-until-short":{"_":"{[ plural(value) ]}","_[zero]":"jetzt","_[other]":"in {{value}} m"},"hours-until-short":{"_":"{[ plural(value) ]}","_[zero]":"jetzt","_[other]":"in {{value}} h"},"days-until-short":{"_":"{[ plural(value) ]}","_[zero]":"heute","_[other]":"in {{value}} d"},"incorrectDate":{"_":"(ungültiges Datum)"},"dateTimeFormat_%c":{"_":"%a, %e. %b %Y %H:%M:%S"},"dateTimeFormat_%x":{"_":"%d.%m.%Y"},"dateTimeFormat_%X":{"_":"%H:%M:%S"},"shortTimeFormat":{"_":"%H:%M"},"shortDateTimeFormat":{"_":"%x %H:%M"},"weekStartsOnMonday":{"_":"1"},"time_am":{"_":"AM"},"time_pm":{"_":"PM"}}