{"number-selected2":{"_":"{[ plural(n) ]}","_[zero]":"Επιλογή","_[one]":"{{ n }} επιλεγμένο","_[two]":"{{ n }} επιλεγμένα","_[few]":"{{ n }} επιλεγμένα","_[many]":"{{ n }} επιλεγμένα","_[other]":"{{ n }} επιλεγμένα"},"delete-photo?":{"_":"Διαγραφή φωτογραφίας;"},"delete-video?":{"_":"Διαγραφή βίντεο;"},"delete-n-items?":{"_":"{[ plural(n) ]}","_[zero]":"Κανένα επιλεγμένο","_[one]":"Διαγραφή επιλεγμένου αντικειμένου;","_[two]":"Διαγραφή {{ n }} αντικειμένων;","_[few]":"Διαγραφή {{ n }} αντικειμένων;","_[many]":"Διαγραφή {{ n }} αντικειμένων;","_[other]":"Διαγραφή {{ n }} αντικειμένων;"},"pickoneimage2":{"_":"Επιλογή"},"cropimage":{"_":"Περικοπή"},"cancel":{"_":"Ακύρωση"},"delete":{"_":"Διαγραφή"},"ok":{"_":"ΟΚ"},"edit":{"_":"Επεξεργασία"},"save":{"_":"Αποθήκευση"},"done":{"_":"ΟΚ"},"exposure":{"_":"Έκθεση"},"crop":{"_":"Περικοπή"},"effects":{"_":"Εφέ"},"borders":{"_":"Πλαίσιο"},"enhance-on":{"_":"Αυτόματη βελτίωση ενεργή"},"enhance-off":{"_":"Αυτόματη βελτίωση ανενεργή"},"original":{"_":"Πρωτότυπο"},"blackandwhite":{"_":"Ασπρόμαυρο"},"sepia":{"_":"Σέπια"},"freeform":{"_":"Ελεύθερη μορφή"},"portrait":{"_":"Πορτραίτο"},"landscape":{"_":"Τοπίο"},"square":{"_":"Τετράγωνο"},"emptygallery2-title":{"_":"Δεν βρέθηκαν φωτογραφίες ή βίντεο"},"emptygallery2-text":{"_":"Χρησιμοποιήστε την εφαρμογή της κάμερας για να ξεκινήσετε."},"emptygallery2-title-pick":{"_":"No photos"},"nocard3-title":{"_":"Δεν βρέθηκε κάρτα μνήμης"},"nocard4-text":{"_":"Insert a memory card to use this app."},"pluggedin2-title":{"_":"Κάρτα μνήμης σε χρήση"},"pluggedin2-text":{"_":"Αποσυνδέστε το τηλέφωνο σας για να χρησιμοποιήσετε αυτή την εφαρμογή."},"scanning-title":{"_":"Σάρωση"},"scanning-text":{"_":"Γίνεται αναζήτηση για βίντεο και φωτογραφίες."},"upgrade-title":{"_":"Αναβάθμιση Βάσης"},"upgrade-text":{"_":"Παρακαλούμε περιμένετε όσο ενημερώνεται η βάση των Πολυμέσων."},"share-noprovider":{"_":"Αδυναμία διαμοιρασμού του συγκεκριμένου τύπου εικόνας."},"memorycardfull":{"_":"Δεν μπορεί να γίνει επεξεργασία εικόνων: η κάρτα μνήμης είναι γεμάτη."},"imagetoobig":{"_":"Η εικόνα είναι πολύ μεγάλη για να εμφανιστεί σε αυτή τη συσκευή."},"imageinvalid":{"_":"Η εικόνα είναι κατεστραμμένη ή μη έγκυρη και δεν μπορεί να εμφανιστεί."},"saved":{"_":"Το αρχείο {{filename}} αποθηκεύτηκε στα Πολυμέσα"},"overlay-camera-button":{"_":"Μετάβαση στην Κάμερα"},"name-label":{"_":"Όνομα"},"size-label":{"_":"Μέγεθος"},"image-type-label":{"_":"Τύπος εικόνας"},"date-taken-label":{"_":"Ημερομηνία λήψης"},"resolution-label":{"_":"Ανάλυση"},"close-button":{"_":"Κλείσιμο"},"byteUnit-B":{"_":"Bytes"},"byteUnit-KB":{"_":"KB"},"byteUnit-MB":{"_":"MB"},"byteUnit-GB":{"_":"GB"},"gallery":{"_":"Gallery"},"preview":{"_":"Preview"},"date-group-header":{"_":"%B %Y"},"nocard3-text":{"_":"Εισάγετε μια κάρτα μνήμης για να χρησιμοποιήσετε την εφαρμογή ή επιλέξτε μια άλλη τοποθεσία πολυμέσων στις ρυθμίσεις. "},"storage-setting-button":{"_":"Ρυθμίσεις αποθήκευσης πολυμέσων"},"weekday-0-long":{"_":"Κυριακή"},"weekday-1-long":{"_":"Δευτέρα"},"weekday-2-long":{"_":"Τρίτη"},"weekday-3-long":{"_":"Τετάρτη"},"weekday-4-long":{"_":"Πέμπτη"},"weekday-5-long":{"_":"Παρασκευή"},"weekday-6-long":{"_":"Σάββατο"},"weekday-0-short":{"_":"Κυρ"},"weekday-1-short":{"_":"Δευ"},"weekday-2-short":{"_":"Τρι"},"weekday-3-short":{"_":"Τετ"},"weekday-4-short":{"_":"Πεμ"},"weekday-5-short":{"_":"Παρ"},"weekday-6-short":{"_":"Σαβ"},"month-0-long":{"_":"Ιανουάριος"},"month-1-long":{"_":"Φεβρουάριος"},"month-2-long":{"_":"Μάρτιος"},"month-3-long":{"_":"Απρίλιος"},"month-4-long":{"_":"Μάιος"},"month-5-long":{"_":"Ιούνιος"},"month-6-long":{"_":"Ιούλιος"},"month-7-long":{"_":"Αύγουστος"},"month-8-long":{"_":"Σεπτέμβριος"},"month-9-long":{"_":"Οκτώβριος"},"month-10-long":{"_":"Νοέμβριος"},"month-11-long":{"_":"Δεκέμβριος"},"month-0-genitive":{"_":"Ιανουαρίου"},"month-1-genitive":{"_":"Φεβρουαρίου"},"month-2-genitive":{"_":"Μαρτίου"},"month-3-genitive":{"_":"Απριλίου"},"month-4-genitive":{"_":"Μαΐου"},"month-5-genitive":{"_":"Ιουνίου"},"month-6-genitive":{"_":"Ιουλίου"},"month-7-genitive":{"_":"Αυγούστου"},"month-8-genitive":{"_":"Σεπτεμβρίου"},"month-9-genitive":{"_":"Οκτωβρίου"},"month-10-genitive":{"_":"Νοεμβρίου"},"month-11-genitive":{"_":"Δεκεμβρίου"},"month-0-short":{"_":"Ιαν"},"month-1-short":{"_":"Φεβ"},"month-2-short":{"_":"Μαρ"},"month-3-short":{"_":"Απρ"},"month-4-short":{"_":"Μάι"},"month-5-short":{"_":"Ιουν"},"month-6-short":{"_":"Ιουλ"},"month-7-short":{"_":"Αυγ"},"month-8-short":{"_":"Σεπ"},"month-9-short":{"_":"Οκτ"},"month-10-short":{"_":"Νοε"},"month-11-short":{"_":"Δεκ"},"minutes-ago-long":{"_":"{[ plural(value) ]}","_[zero]":"μόλις τώρα","_[one]":"πριν από ένα λεπτό","_[two]":"πριν από {{value}} λεπτά","_[few]":"πριν από {{value}} λεπτά","_[many]":"πριν από {{value}} λεπτά","_[other]":"πριν από {{value}} λεπτά"},"hours-ago-long":{"_":"{[ plural(value) ]}","_[zero]":"μόλις τώρα","_[one]":"πριν από μία ώρα","_[two]":"πριν από {{value}} ώρες","_[few]":"πριν από {{value}} ώρες","_[many]":"πριν από {{value}} ώρες","_[other]":"πριν από {{value}} ώρες"},"days-ago-long":{"_":"{[ plural(value) ]}","_[zero]":"σήμερα","_[one]":"χθες","_[two]":"πριν από {{value}} ημέρες","_[few]":"πριν από {{value}} ημέρες","_[many]":"πριν από {{value}} ημέρες","_[other]":"πριν από {{value}} ημέρες"},"weeks-ago-long":{"_":"{[ plural(value) ]}","_[zero]":"αυτή την εβδομάδα","_[one]":"την τελευταία εβδομάδα","_[two]":"πριν από {{value}} εβδομάδες","_[few]":"πριν από {{value}} εβδομάδες","_[many]":"πριν από {{value}} εβδομάδες","_[other]":"πριν από {{value}} εβδομάδες"},"months-ago-long":{"_":"{[ plural(value) ]}","_[zero]":"αυτό τον μήνα","_[one]":"τον τελευταίο μήνα","_[two]":"πριν από {{value}} μήνες","_[few]":"πριν από {{value}} μήνες","_[many]":"πριν από {{value}} μήνες","_[other]":"πριν από {{value}} μήνες"},"years-ago-long":{"_":"{[ plural(value) ]}","_[zero]":"αυτό το έτος","_[one]":"το περασμένο έτος","_[two]":"πριν από {{value}} χρόνια","_[few]":"πριν από {{value}} χρόνια","_[many]":"πριν από {{value}} χρόνια","_[other]":"πριν από {{value}} χρόνια"},"minutes-until-long":{"_":"{[ plural(value) ]}","_[zero]":"τώρα","_[one]":"σε ένα λεπτό","_[two]":"σε {{value}} λεπτά","_[few]":"σε {{value}} λεπτά","_[many]":"σε {{value}} λεπτά","_[other]":"σε {{value}} λεπτά"},"hours-until-long":{"_":"{[ plural(value) ]}","_[zero]":"τώρα","_[one]":"σε μία ώρα","_[two]":"σε {{value}} ώρες","_[few]":"σε {{value}} ώρες","_[many]":"σε {{value}} ώρες","_[other]":"σε {{value}} ώρες"},"days-until-long":{"_":"{[ plural(value) ]}","_[zero]":"σήμερα","_[one]":"αύριο","_[two]":"σε {{value}} ημέρες","_[few]":"σε {{value}} ημέρες","_[many]":"σε {{value}} ημέρες","_[other]":"σε {{value}} ημέρες"},"weeks-until-long":{"_":"{[ plural(value) ]}","_[zero]":"αυτή την εβδομάδα","_[one]":"την επόμενη εβδομάδα","_[two]":"σε {{value}} εβδομάδες","_[few]":"σε {{value}} εβδομάδες","_[many]":"σε {{value}} εβδομάδες","_[other]":"σε {{value}} εβδομάδες"},"months-until-long":{"_":"{[ plural(value) ]}","_[zero]":"αυτό τον μήνα","_[one]":"στον επόμενο μήνα","_[two]":"σε {{value}} μήνες","_[few]":"σε {{value}} μήνες","_[many]":"σε {{value}} μήνες","_[other]":"σε {{value}} μήνες"},"years-until-long":{"_":"{[ plural(value) ]}","_[zero]":"αυτό το έτος","_[one]":"επόμενο έτος","_[two]":"σε {{value}} έτη","_[few]":"σε {{value}} έτη","_[many]":"σε {{value}} έτη","_[other]":"σε {{value}} έτη"},"minutes-ago-short":{"_":"{[ plural(value) ]}","_[zero]":"τώρα","_[other]":"πριν {{value}}′"},"hours-ago-short":{"_":"{[ plural(value) ]}","_[zero]":"τώρα","_[other]":"πριν {{value}} ώρ."},"days-ago-short":{"_":"{[ plural(value) ]}","_[zero]":"σήμερα","_[other]":"πριν {{value}} ημ."},"minutes-until-short":{"_":"{[ plural(value) ]}","_[zero]":"τώρα","_[other]":"σε {{value}}′"},"hours-until-short":{"_":"{[ plural(value) ]}","_[zero]":"τώρα","_[other]":"σε {{value}} ώρ."},"days-until-short":{"_":"{[ plural(value) ]}","_[zero]":"σήμερα","_[other]":"σε {{value}} ημ."},"incorrectDate":{"_":"(λάθος ημερομηνία)"},"dateTimeFormat_%c":{"_":"%a, %e %Eb %Y, %H:%M:%S"},"dateTimeFormat_%x":{"_":"%d/%m/%Y"},"dateTimeFormat_%X":{"_":"%H:%M:%S"},"shortTimeFormat":{"_":"%H:%M"},"shortDateTimeFormat":{"_":"%x %H:%M"},"weekStartsOnMonday":{"_":"0"},"time_am":{"_":"AM"},"time_pm":{"_":"PM"}}