{"number-selected2":{"_":"{[ plural(n) ]}","_[zero]":"Seleccionar","_[one]":"{{ n }} seleccionada","_[two]":"{{ n }} seleccionadas","_[few]":"{{ n }} seleccionadas","_[many]":"{{ n }} seleccionadas","_[other]":"{{ n }} seleccionadas"},"delete-photo?":{"_":"¿Borrar foto?"},"delete-video?":{"_":"¿Borrar vídeo?"},"delete-n-items?":{"_":"{[ plural(n) ]}","_[zero]":"Ninguno seleccionado","_[one]":"¿Eliminar el elemento seleccionado?","_[two]":"¿Eliminar {{n}} elementos?","_[few]":"¿Eliminar {{n}} elementos?","_[many]":"¿Eliminar {{n}} elementos?","_[other]":"¿Eliminar {{n}} elementos?"},"pickoneimage2":{"_":"Seleccionar"},"cropimage":{"_":"Recortar"},"cancel":{"_":"Cancelar"},"delete":{"_":"Borrar"},"ok":{"_":"Aceptar"},"edit":{"_":"Editar"},"save":{"_":"Guardar"},"done":{"_":"Hecho"},"exposure":{"_":"Exposición"},"crop":{"_":"Recortar"},"effects":{"_":"Efectos"},"borders":{"_":"Bordes"},"enhance-on":{"_":"Mejora automática sí"},"enhance-off":{"_":"Mejora automática no"},"original":{"_":"Original"},"blackandwhite":{"_":"B/N"},"sepia":{"_":"Sepia"},"freeform":{"_":"Forma libre"},"portrait":{"_":"Vertical"},"landscape":{"_":"Horizontal"},"square":{"_":"Cuadrada"},"emptygallery2-title":{"_":"No hay ni fotos ni vídeos"},"emptygallery2-text":{"_":"Use la aplicación Cámara para comenzar."},"emptygallery2-title-pick":{"_":"Sin fotos"},"nocard3-title":{"_":"No hay tarjeta de memoria"},"nocard4-text":{"_":"Introduzca una tarjeta de memoria para usar esta aplicación."},"pluggedin2-title":{"_":"Tarjeta de memoria en uso"},"pluggedin2-text":{"_":"Desconecte su teléfono para utilizar esta aplicación."},"scanning-title":{"_":"Examinando"},"scanning-text":{"_":"Buscando fotos y videos."},"upgrade-title":{"_":"Actualización de base de datos"},"upgrade-text":{"_":"Espere mientras la Galería actualiza su base de datos."},"share-noprovider":{"_":"No se puede compartir este tipo de archivo de imagen."},"memorycardfull":{"_":"No se pueden editar las fotos: la tarjeta de memoria está llena."},"imagetoobig":{"_":"La imagen es demasiado grande para mostrarse en este dispositivo."},"imageinvalid":{"_":"La imagen no es válida o está dañada y no puede mostrarse."},"saved":{"_":"{{filename}} guardado en la Galería"},"overlay-camera-button":{"_":"Ir a la aplicación Cámara"},"name-label":{"_":"Nombre"},"size-label":{"_":"Tamaño"},"image-type-label":{"_":"Tipo de imagen"},"date-taken-label":{"_":"Tomada el"},"resolution-label":{"_":"Resolución"},"close-button":{"_":"Cerrar"},"byteUnit-B":{"_":"Bytes"},"byteUnit-KB":{"_":"Kb"},"byteUnit-MB":{"_":"Mb"},"byteUnit-GB":{"_":"Gb"},"gallery":{"_":"Galería"},"preview":{"_":"Previsualizar"},"date-group-header":{"_":"%B %Y"},"weekday-0-long":{"_":"domingo"},"weekday-1-long":{"_":"lunes"},"weekday-2-long":{"_":"martes"},"weekday-3-long":{"_":"miércoles"},"weekday-4-long":{"_":"jueves"},"weekday-5-long":{"_":"viernes"},"weekday-6-long":{"_":"sábado"},"weekday-0-short":{"_":"do."},"weekday-1-short":{"_":"lu."},"weekday-2-short":{"_":"ma."},"weekday-3-short":{"_":"mi."},"weekday-4-short":{"_":"ju."},"weekday-5-short":{"_":"vi."},"weekday-6-short":{"_":"sá."},"month-0-long":{"_":"enero"},"month-1-long":{"_":"febrero"},"month-2-long":{"_":"marzo"},"month-3-long":{"_":"abril"},"month-4-long":{"_":"mayo"},"month-5-long":{"_":"junio"},"month-6-long":{"_":"julio"},"month-7-long":{"_":"agosto"},"month-8-long":{"_":"septiembre"},"month-9-long":{"_":"octubre"},"month-10-long":{"_":"noviembre"},"month-11-long":{"_":"diciembre"},"month-0-genitive":{"_":"enero"},"month-1-genitive":{"_":"febrero"},"month-2-genitive":{"_":"marzo"},"month-3-genitive":{"_":"abril"},"month-4-genitive":{"_":"mayo"},"month-5-genitive":{"_":"junio"},"month-6-genitive":{"_":"julio"},"month-7-genitive":{"_":"agosto"},"month-8-genitive":{"_":"septiembre"},"month-9-genitive":{"_":"octubre"},"month-10-genitive":{"_":"noviembre"},"month-11-genitive":{"_":"diciembre"},"month-0-short":{"_":"ene."},"month-1-short":{"_":"feb."},"month-2-short":{"_":"mar."},"month-3-short":{"_":"abr."},"month-4-short":{"_":"may."},"month-5-short":{"_":"jun."},"month-6-short":{"_":"jul."},"month-7-short":{"_":"ago."},"month-8-short":{"_":"sep."},"month-9-short":{"_":"oct."},"month-10-short":{"_":"nov."},"month-11-short":{"_":"dic."},"minutes-ago-long":{"_":"{[ plural(value) ]}","_[zero]":"ahora","_[one]":"hace un minuto","_[two]":"hace {{value}} minutos","_[few]":"hace {{value}} minutos","_[many]":"hace {{value}} minutos","_[other]":"hace {{value}} minutos"},"hours-ago-long":{"_":"{[ plural(value) ]}","_[zero]":"ahora","_[one]":"hace una hora","_[two]":"hace {{value}} horas","_[few]":"hace {{value}} horas","_[many]":"hace {{value}} horas","_[other]":"hace {{value}} horas"},"days-ago-long":{"_":"{[ plural(value) ]}","_[zero]":"hoy","_[one]":"ayer","_[two]":"hace {{value}} días","_[few]":"hace {{value}} días","_[many]":"hace {{value}} días","_[other]":"hace {{value}} días"},"weeks-ago-long":{"_":"{[ plural(value) ]}","_[zero]":"esta semana","_[one]":"la semana pasada","_[two]":"hace {{value}} semanas","_[few]":"hace {{value}} semanas","_[many]":"hace {{value}} semanas","_[other]":"hace {{value}} semanas"},"months-ago-long":{"_":"{[ plural(value) ]}","_[zero]":"este mes","_[one]":"el último mes","_[two]":"hace {{value}} meses","_[few]":"hace {{value}} meses","_[many]":"hace {{value}} meses","_[other]":"hace {{value}} meses"},"years-ago-long":{"_":"{[ plural(value) ]}","_[zero]":"este año","_[one]":"último año","_[two]":"hace {{value}} años","_[few]":"hace {{value}} años","_[many]":"hace {{value}} años","_[other]":"hace {{value}} años"},"minutes-until-long":{"_":"{[ plural(value) ]}","_[zero]":"ahora","_[one]":"en un minuto","_[two]":"en {{value}} minutos","_[few]":"en {{value}} minutos","_[many]":"en {{value}} minutos","_[other]":"en {{value}} minutos"},"hours-until-long":{"_":"{[ plural(value) ]}","_[zero]":"ahora","_[one]":"en una hora","_[two]":"en {{value}} horas","_[few]":"en {{value}} horas","_[many]":"en {{value}} horas","_[other]":"en {{value}} horas"},"days-until-long":{"_":"{[ plural(value) ]}","_[zero]":"hoy","_[one]":"mañana","_[two]":"en {{value}} días","_[few]":"en {{value}} días","_[many]":"en {{value}} días","_[other]":"en {{value}} días"},"weeks-until-long":{"_":"{[ plural(value) ]}","_[zero]":"esta semana","_[one]":"la próxima semana","_[two]":"en {{value}} semanas","_[few]":"en {{value}} semanas","_[many]":"en {{value}} semanas","_[other]":"en {{value}} semanas"},"months-until-long":{"_":"{[ plural(value) ]}","_[zero]":"este mes","_[one]":"próximo mes","_[two]":"en {{value}} meses","_[few]":"en {{value}} meses","_[many]":"en {{value}} meses","_[other]":"en {{value}} meses"},"years-until-long":{"_":"{[ plural(value) ]}","_[zero]":"este año","_[one]":"próximo año","_[two]":"en {{value}} años","_[few]":"en {{value}} años","_[many]":"en {{value}} años","_[other]":"en {{value}} años"},"minutes-ago-short":{"_":"{[ plural(value) ]}","_[zero]":"ahora","_[other]":"hace {{value}} m"},"hours-ago-short":{"_":"{[ plural(value) ]}","_[zero]":"ahora","_[other]":"hace {{value}} h"},"days-ago-short":{"_":"{[ plural(value) ]}","_[zero]":"hoy","_[other]":"hace {{value}} d"},"minutes-until-short":{"_":"{[ plural(value) ]}","_[zero]":"ahora","_[other]":"en {{value}} m"},"hours-until-short":{"_":"{[ plural(value) ]}","_[zero]":"ahora","_[other]":"en {{value}} h"},"days-until-short":{"_":"{[ plural(value) ]}","_[zero]":"hoy","_[other]":"en {{value}} d"},"incorrectDate":{"_":"(fecha incorrecta)"},"dateTimeFormat_%c":{"_":"%a, %e de %b, %Y %H:%M:%S"},"dateTimeFormat_%x":{"_":"%d/%m/%Y"},"dateTimeFormat_%X":{"_":"%H:%M:%S"},"shortTimeFormat":{"_":"%H:%M"},"shortDateTimeFormat":{"_":"%x %H:%M %p"},"weekStartsOnMonday":{"_":"1"},"time_am":{"_":"AM"},"time_pm":{"_":"PM"}}