{"number-selected2":{"_":"{[ plural(n) ]}","_[zero]":"Sélectionner","_[one]":"{{ n }} sélectionné","_[two]":"{{ n }} sélectionnés","_[few]":"{{ n }} sélectionnés","_[many]":"{{ n }} sélectionnés","_[other]":"{{ n }} sélectionnés"},"delete-photo?":{"_":"Supprimer la photo ?"},"delete-video?":{"_":"Supprimer la vidéo ?"},"delete-n-items?":{"_":"{[ plural(n) ]}","_[zero]":"Aucun élément sélectionné","_[one]":"Supprimer l’élément sélectionné ?","_[two]":"Supprimer {{ n }} éléments ?","_[few]":"Supprimer {{ n }} éléments ?","_[many]":"Supprimer {{ n }} éléments ?","_[other]":"Supprimer {{ n }} éléments ?"},"pickoneimage2":{"_":"Sélectionner"},"cropimage":{"_":"Rogner"},"cancel":{"_":"Annuler"},"delete":{"_":"Supprimer"},"ok":{"_":"OK"},"edit":{"_":"Modifier"},"save":{"_":"Enregistrer"},"done":{"_":"Terminé"},"exposure":{"_":"Exposition"},"crop":{"_":"Découper"},"effects":{"_":"Effets"},"borders":{"_":"Bords"},"enhance-on":{"_":"Amélioration auto. activée"},"enhance-off":{"_":"Amélioration auto. désactivée"},"original":{"_":"Original"},"blackandwhite":{"_":"Noir et blanc"},"sepia":{"_":"Sépia"},"freeform":{"_":"Forme libre"},"portrait":{"_":"Portrait"},"landscape":{"_":"Paysage"},"square":{"_":"Carré"},"emptygallery2-title":{"_":"Aucune photo ou vidéo"},"emptygallery2-text":{"_":"Pour commencer, utilisez l’application Photo."},"emptygallery2-title-pick":{"_":"Aucune photo"},"nocard3-title":{"_":"Aucune carte mémoire"},"nocard4-text":{"_":"Pour utiliser cette application, insérez une carte mémoire."},"pluggedin2-title":{"_":"Carte mémoire utilisée"},"pluggedin2-text":{"_":"Pour utiliser cette application, débranchez le téléphone."},"scanning-title":{"_":"Analyse"},"scanning-text":{"_":"Recherche de photos et de vidéos."},"upgrade-title":{"_":"Mise à jour base de données"},"upgrade-text":{"_":"Veuillez patienter pendant que Galerie met à jour sa base de données."},"share-noprovider":{"_":"Impossible de partager ce type d’image."},"memorycardfull":{"_":"Impossible de modifier des photos : la carte mémoire est pleine."},"imagetoobig":{"_":"L’image est trop volumineuse pour être affichée sur cet appareil."},"imageinvalid":{"_":"L’image n’est pas valide ou est corrompue et ne peut pas être affichée."},"saved":{"_":"{{filename}} enregistré dans Galerie"},"overlay-camera-button":{"_":"Ouvrir Photo"},"name-label":{"_":"Nom"},"size-label":{"_":"Taille"},"image-type-label":{"_":"Format du fichier"},"date-taken-label":{"_":"Date de création"},"resolution-label":{"_":"Définition"},"close-button":{"_":"Fermer"},"byteUnit-B":{"_":"octets"},"byteUnit-KB":{"_":"Ko"},"byteUnit-MB":{"_":"Mo"},"byteUnit-GB":{"_":"Go"},"gallery":{"_":"Galerie"},"preview":{"_":"Aperçu"},"date-group-header":{"_":"%B %Y"},"weekday-0-long":{"_":"Dimanche"},"weekday-1-long":{"_":"Lundi"},"weekday-2-long":{"_":"Mardi"},"weekday-3-long":{"_":"Mercredi"},"weekday-4-long":{"_":"Jeudi"},"weekday-5-long":{"_":"Vendredi"},"weekday-6-long":{"_":"Samedi"},"weekday-0-short":{"_":"dim"},"weekday-1-short":{"_":"lun"},"weekday-2-short":{"_":"mar"},"weekday-3-short":{"_":"mer"},"weekday-4-short":{"_":"jeu"},"weekday-5-short":{"_":"ven"},"weekday-6-short":{"_":"sam"},"month-0-long":{"_":"Janvier"},"month-1-long":{"_":"Février"},"month-2-long":{"_":"Mars"},"month-3-long":{"_":"Avril"},"month-4-long":{"_":"Mai"},"month-5-long":{"_":"Juin"},"month-6-long":{"_":"Juillet"},"month-7-long":{"_":"Août"},"month-8-long":{"_":"Septembre"},"month-9-long":{"_":"Octobre"},"month-10-long":{"_":"Novembre"},"month-11-long":{"_":"Décembre"},"month-0-genitive":{"_":"janvier"},"month-1-genitive":{"_":"février"},"month-2-genitive":{"_":"mars"},"month-3-genitive":{"_":"avril"},"month-4-genitive":{"_":"mai"},"month-5-genitive":{"_":"juin"},"month-6-genitive":{"_":"juillet"},"month-7-genitive":{"_":"août"},"month-8-genitive":{"_":"septembre"},"month-9-genitive":{"_":"octobre"},"month-10-genitive":{"_":"novembre"},"month-11-genitive":{"_":"décembre"},"month-0-short":{"_":"jan."},"month-1-short":{"_":"fév."},"month-2-short":{"_":"mars"},"month-3-short":{"_":"avr."},"month-4-short":{"_":"mai"},"month-5-short":{"_":"juin"},"month-6-short":{"_":"juil."},"month-7-short":{"_":"août"},"month-8-short":{"_":"sep."},"month-9-short":{"_":"oct."},"month-10-short":{"_":"nov."},"month-11-short":{"_":"déc."},"minutes-ago-long":{"_":"{[ plural(value) ]}","_[zero]":"à l’instant","_[one]":"il y a {{value}} minute","_[two]":"il y a {{value}} minutes","_[few]":"il y a {{value}} minutes","_[many]":"il y a {{value}} minutes","_[other]":"il y a {{value}} minutes"},"hours-ago-long":{"_":"{[ plural(value) ]}","_[zero]":"à l’instant","_[one]":"il y a {{value}} heure","_[two]":"il y a {{value}} heures","_[few]":"il y a {{value}} heures","_[many]":"il y a {{value}} heures","_[other]":"il y a {{value}} heures"},"days-ago-long":{"_":"{[ plural(value) ]}","_[zero]":"aujourd’hui","_[one]":"hier","_[two]":"il y a {{value}} jours","_[few]":"il y a {{value}} jours","_[many]":"il y a {{value}} jours","_[other]":"il y a {{value}} jours"},"weeks-ago-long":{"_":"{[ plural(value) ]}","_[zero]":"cette semaine","_[one]":"la semaine dernière","_[two]":"il y a {{value}} semaines","_[few]":"il y a {{value}} semaines","_[many]":"il y a {{value}} semaines","_[other]":"il y a {{value}} semaines"},"months-ago-long":{"_":"{[ plural(value) ]}","_[zero]":"ce mois-ci","_[one]":"le mois dernier","_[two]":"il y a {{value}} mois","_[few]":"il y a {{value}} mois","_[many]":"il y a {{value}} mois","_[other]":"il y a {{value}} mois"},"years-ago-long":{"_":"{[ plural(value) ]}","_[zero]":"cette année","_[one]":"l’année dernière","_[two]":"il y a {{value}} ans","_[few]":"il y a {{value}} ans","_[many]":"il y a {{value}} ans","_[other]":"il y a {{value}} ans"},"minutes-until-long":{"_":"{[ plural(value) ]}","_[zero]":"maintenant","_[one]":"dans {{value}} minute","_[two]":"dans {{value}} minutes","_[few]":"dans {{value}} minutes","_[many]":"dans {{value}} minutes","_[other]":"dans {{value}} minutes"},"hours-until-long":{"_":"{[ plural(value) ]}","_[zero]":"maintenant","_[one]":"dans {{value}} heure","_[two]":"dans {{value}} heures","_[few]":"dans {{value}} heures","_[many]":"dans {{value}} heures","_[other]":"dans {{value}} heures"},"days-until-long":{"_":"{[ plural(value) ]}","_[zero]":"aujourd’hui","_[one]":"demain","_[two]":"dans {{value}} jours","_[few]":"dans {{value}} jours","_[many]":"dans {{value}} jours","_[other]":"dans {{value}} jours"},"weeks-until-long":{"_":"{[ plural(value) ]}","_[zero]":"cette semaine","_[one]":"la semaine prochaine","_[two]":"dans {{value}} semaines","_[few]":"dans {{value}} semaines","_[many]":"dans {{value}} semaines","_[other]":"dans {{value}} semaines"},"months-until-long":{"_":"{[ plural(value) ]}","_[zero]":"ce mois-ci","_[one]":"le mois prochain","_[two]":"dans {{value}} mois","_[few]":"dans {{value}} mois","_[many]":"dans {{value}} mois","_[other]":"dans {{value}} mois"},"years-until-long":{"_":"{[ plural(value) ]}","_[zero]":"cette année","_[one]":"l’année prochaine","_[two]":"dans {{value}} ans","_[few]":"dans {{value}} ans","_[many]":"dans {{value}} ans","_[other]":"dans {{value}} ans"},"minutes-ago-short":{"_":"{[ plural(value) ]}","_[zero]":"à l’instant","_[other]":"il y a {{value}} min"},"hours-ago-short":{"_":"{[ plural(value) ]}","_[zero]":"à l’instant","_[other]":"il y a {{value}}h"},"days-ago-short":{"_":"{[ plural(value) ]}","_[zero]":"aujourd’hui","_[other]":"il y a {{value}}j"},"minutes-until-short":{"_":"{[ plural(value) ]}","_[zero]":"maintenant","_[other]":"dans {{value}}m"},"hours-until-short":{"_":"{[ plural(value) ]}","_[zero]":"maintenant","_[other]":"dans {{value}}h"},"days-until-short":{"_":"{[ plural(value) ]}","_[zero]":"aujourd’hui","_[other]":"dans {{value}}j"},"incorrectDate":{"_":"(date incorrecte)"},"dateTimeFormat_%c":{"_":"%a %e %b %Y %H:%M:%S"},"dateTimeFormat_%x":{"_":"%d/%m/%Y"},"dateTimeFormat_%X":{"_":"%H:%M:%S"},"shortTimeFormat":{"_":"%H:%M"},"shortDateTimeFormat":{"_":"%x %H:%M"},"weekStartsOnMonday":{"_":"1"},"time_am":{"_":"AM"},"time_pm":{"_":"PM"}}