{"number-selected2":{"_":"{[ plural(n) ]}","_[zero]":"Seleccionar","_[one]":"{{ n }} seleccionada","_[two]":"{{ n }} seleccionadas","_[few]":"{{ n }} seleccionadas","_[many]":"{{ n }} seleccionadas","_[other]":"{{ n }} seleccionadas"},"delete-photo?":{"_":"Quere eliminar a foto?"},"delete-video?":{"_":"Quere eliminar o vídeo?"},"delete-n-items?":{"_":"{[ plural(n) ]}","_[zero]":"Ningún elemento seleccionado","_[one]":"Quere eliminar o elemento seleccionado?","_[two]":"Quere eliminar os {{ n }} elementos?","_[few]":"Quere eliminar os {{ n }} elementos?","_[many]":"Quere eliminar os {{ n }} elementos?","_[other]":"Quere eliminar os {{ n }} elementos?"},"pickoneimage2":{"_":"Seleccionar"},"cropimage":{"_":"Recortar"},"cancel":{"_":"Cancelar"},"delete":{"_":"Eliminar"},"ok":{"_":"Aceptar"},"edit":{"_":"Editar"},"save":{"_":"Gardar"},"done":{"_":"Feito"},"exposure":{"_":"Exposición"},"crop":{"_":"Recortar"},"effects":{"_":"Efectos"},"borders":{"_":"Bordos"},"enhance-on":{"_":"Mellora automática activa"},"enhance-off":{"_":"Mellora automática desactivada"},"original":{"_":"Orixinal"},"blackandwhite":{"_":"Branco e negro"},"sepia":{"_":"Sepia"},"freeform":{"_":"Forma libre"},"portrait":{"_":"Retrato"},"landscape":{"_":"Apaisado"},"square":{"_":"Cadrado"},"emptygallery2-title":{"_":"Non hai fotos nin vídeos"},"emptygallery2-text":{"_":"Usar o aplicativo Cámara para comezar."},"emptygallery2-title-pick":{"_":"Sen fotos"},"nocard3-title":{"_":"Sen tarxeta de memoria"},"nocard4-text":{"_":"Insira unha tarxeta de memoria para usar este aplicativo."},"pluggedin2-title":{"_":"Tarxeta de memoria en uso"},"pluggedin2-text":{"_":"Desconecte o teléfono para usar este aplicativo."},"scanning-title":{"_":"Examinando"},"scanning-text":{"_":"Buscando fotos e vídeos."},"upgrade-title":{"_":"Anovación da base de datos"},"upgrade-text":{"_":"Agarde mentres se actualiza a base de datos de Galería."},"share-noprovider":{"_":"Non é posíbel compartir este tipo de ficheiro de imaxe."},"memorycardfull":{"_":"Non é posíbel editar as fotos. A tarxeta de memoria está chea."},"imagetoobig":{"_":"A imaxe é demasiado grande para amosala neste dispositivo."},"imageinvalid":{"_":"A imaxe é incorrecta ou está corrupta e non é posíbel amosala."},"saved":{"_":"Gardouse {{filename}} na Galería"},"overlay-camera-button":{"_":"Abrir Cámara"},"name-label":{"_":"Nome"},"size-label":{"_":"Tamaño"},"image-type-label":{"_":"Tipo de imaxe"},"date-taken-label":{"_":"Data de captura"},"resolution-label":{"_":"Resolución"},"close-button":{"_":"Pechar"},"byteUnit-B":{"_":"Bytes"},"byteUnit-KB":{"_":"KB"},"byteUnit-MB":{"_":"MB"},"byteUnit-GB":{"_":"GB"},"gallery":{"_":"Galería"},"preview":{"_":"Previsualizar"},"date-group-header":{"_":"%B %Y"},"weekday-0-long":{"_":"Domingo"},"weekday-1-long":{"_":"Luns"},"weekday-2-long":{"_":"Martes"},"weekday-3-long":{"_":"Mércores"},"weekday-4-long":{"_":"Xoves"},"weekday-5-long":{"_":"Venres"},"weekday-6-long":{"_":"Sábado"},"weekday-0-short":{"_":"Dom"},"weekday-1-short":{"_":"Lun"},"weekday-2-short":{"_":"Mar"},"weekday-3-short":{"_":"Mer"},"weekday-4-short":{"_":"Xov"},"weekday-5-short":{"_":"Ven"},"weekday-6-short":{"_":"Sab"},"month-0-long":{"_":"Xaneiro"},"month-1-long":{"_":"Febreiro"},"month-2-long":{"_":"Marzo"},"month-3-long":{"_":"Abril"},"month-4-long":{"_":"Maio"},"month-5-long":{"_":"Xuño"},"month-6-long":{"_":"Xullo"},"month-7-long":{"_":"Agosto"},"month-8-long":{"_":"Setembro"},"month-9-long":{"_":"Outubro"},"month-10-long":{"_":"Novembro"},"month-11-long":{"_":"Decembro"},"month-0-genitive":{"_":"Xaneiro"},"month-1-genitive":{"_":"Febreiro"},"month-2-genitive":{"_":"Marzo"},"month-3-genitive":{"_":"Abril"},"month-4-genitive":{"_":"Maio"},"month-5-genitive":{"_":"Xuño"},"month-6-genitive":{"_":"Xullo"},"month-7-genitive":{"_":"Agosto"},"month-8-genitive":{"_":"Setembro"},"month-9-genitive":{"_":"Outubro"},"month-10-genitive":{"_":"Novembro"},"month-11-genitive":{"_":"Decembro"},"month-0-short":{"_":"Xan"},"month-1-short":{"_":"Feb"},"month-2-short":{"_":"Mar"},"month-3-short":{"_":"Abr"},"month-4-short":{"_":"Maio"},"month-5-short":{"_":"Xun"},"month-6-short":{"_":"Xul"},"month-7-short":{"_":"Ago"},"month-8-short":{"_":"Set"},"month-9-short":{"_":"Out"},"month-10-short":{"_":"Nov"},"month-11-short":{"_":"Dec"},"minutes-ago-long":{"_":"{[ plural(value) ]}","_[zero]":"xusto agora","_[one]":"hai un minuto","_[two]":"hai {{value}} minutos","_[few]":"hai {{value}} minutos","_[many]":"hai {{value}} minutos","_[other]":"hai {{value}} minutos"},"hours-ago-long":{"_":"{[ plural(value) ]}","_[zero]":"xusto agora","_[one]":"hai unha hora","_[two]":"hai {{value}} horas","_[few]":"hai {{value}} horas","_[many]":"hai {{value}} horas","_[other]":"hai {{value}} horas"},"days-ago-long":{"_":"{[ plural(value) ]}","_[zero]":"hoxe","_[one]":"onte","_[two]":"hai {{value}} días","_[few]":"hai {{value}} días","_[many]":"hai {{value}} días","_[other]":"hai {{value}} días"},"weeks-ago-long":{"_":"{[ plural(value) ]}","_[zero]":"esta semana","_[one]":"a semana pasada","_[two]":"hai {{value}} semanas","_[few]":"hai {{value}} semanas","_[many]":"hai {{value}} semanas","_[other]":"hai {{value}} semanas"},"months-ago-long":{"_":"{[ plural(value) ]}","_[zero]":"Este mes","_[one]":"o mes pasado","_[two]":"hai {{value}} meses","_[few]":"hai {{value}} meses","_[many]":"hai {{value}} meses","_[other]":"hai {{value}} meses"},"years-ago-long":{"_":"{[ plural(value) ]}","_[zero]":"este ano","_[one]":"o ano pasado","_[two]":"hai {{value}} anos","_[few]":"hai {{value}} anos","_[many]":"hai {{value}} anos","_[other]":"hai {{value}} anos"},"minutes-until-long":{"_":"{[ plural(value) ]}","_[zero]":"agora","_[one]":"nun minuto","_[two]":"en {{value}} minutos","_[few]":"en {{value}} minutos","_[many]":"en {{value}} minutos","_[other]":"en {{value}} minutos"},"hours-until-long":{"_":"{[ plural(value) ]}","_[zero]":"agora","_[one]":"nunha hora","_[two]":"en {{value}} horas","_[few]":"en {{value}} horas","_[many]":"en {{value}} horas","_[other]":"en {{value}} horas"},"days-until-long":{"_":"{[ plural(value) ]}","_[zero]":"hoxe","_[one]":"mañá","_[two]":"en {{value}} días","_[few]":"en {{value}} días","_[many]":"en {{value}} días","_[other]":"en {{value}} días"},"weeks-until-long":{"_":"{[ plural(value) ]}","_[zero]":"esta semana","_[one]":"a semana que ven","_[two]":"en {{value}} semanas","_[few]":"en {{value}} semanas","_[many]":"en {{value}} semanas","_[other]":"en {{value}} semanas"},"months-until-long":{"_":"{[ plural(value) ]}","_[zero]":"Este mes","_[one]":"o mes que ven","_[two]":"en {{value}} meses","_[few]":"en {{value}} meses","_[many]":"en {{value}} meses","_[other]":"en {{value}} meses"},"years-until-long":{"_":"{[ plural(value) ]}","_[zero]":"este ano","_[one]":"o ano que ven","_[two]":"en {{value}} anos","_[few]":"en {{value}} anos","_[many]":"en {{value}} anos","_[other]":"en {{value}} anos"},"minutes-ago-short":{"_":"{[ plural(value) ]}","_[zero]":"xusto agora","_[other]":"hai {{value}}min"},"hours-ago-short":{"_":"{[ plural(value) ]}","_[zero]":"xusto agora","_[other]":"hai {{value}}h"},"days-ago-short":{"_":"{[ plural(value) ]}","_[zero]":"hoxe","_[other]":"hai {{value}}d"},"minutes-until-short":{"_":"{[ plural(value) ]}","_[zero]":"agora","_[other]":"en {{value}}min"},"hours-until-short":{"_":"{[ plural(value) ]}","_[zero]":"agora","_[other]":"en {{value}}h"},"days-until-short":{"_":"{[ plural(value) ]}","_[zero]":"hoxe","_[other]":"en {{value}}d"},"incorrectDate":{"_":"(data incorrecta)"},"dateTimeFormat_%c":{"_":"%a, %e de %b, %Y %H:%M:%S"},"dateTimeFormat_%x":{"_":"%d/%m/%Y"},"dateTimeFormat_%X":{"_":"%H:%M:%S"},"shortTimeFormat":{"_":"%H:%M"},"shortDateTimeFormat":{"_":"%x %H:%M %p"},"weekStartsOnMonday":{"_":"1"},"time_am":{"_":"AM"},"time_pm":{"_":"PM"}}