{"number-selected2":{"_":"{[ plural(n) ]}","_[zero]":"Odaberi","_[one]":"{{ n }} odabrana","_[two]":"{{ n }} odabrane","_[few]":"{{ n }} odabrano","_[many]":"{{ n }} odabrano","_[other]":"{{ n }} odabrano"},"delete-photo?":{"_":"Obrisati sliku?"},"delete-video?":{"_":"Obrisati video?"},"delete-n-items?":{"_":"{[ plural(n) ]}","_[zero]":"Ništa nije odabrano","_[one]":"Obrisati odabranu stavku?","_[two]":"Obrisati {{ n }} stavke?","_[few]":"Obrisati {{ n }} stavaka?","_[many]":"Obrisati {{ n }} stavki?","_[other]":"Obrisati {{ n }} stavki?"},"pickoneimage2":{"_":"Odaberi"},"cropimage":{"_":"Izreži"},"cancel":{"_":"Otkaži"},"delete":{"_":"Obriši"},"ok":{"_":"U redu"},"edit":{"_":"Uredi"},"save":{"_":"Spremi"},"done":{"_":"Završeno"},"exposure":{"_":"Eksponiraj"},"crop":{"_":"Izreži"},"effects":{"_":"Efekti"},"borders":{"_":"Granice"},"enhance-on":{"_":"Sa auto-poboljšanjem"},"enhance-off":{"_":"Bez auto-poboljšanja"},"original":{"_":"Original"},"blackandwhite":{"_":"CB"},"sepia":{"_":"Sepia"},"freeform":{"_":"Prostoručno"},"portrait":{"_":"Portret"},"landscape":{"_":"Pejzaž"},"square":{"_":"Kvadrat"},"emptygallery2-title":{"_":"Nema slika ili videa"},"emptygallery2-text":{"_":"Da biste započeli, upotrijebite kameru."},"emptygallery2-title-pick":{"_":"No photos"},"nocard3-title":{"_":"Nema memorijske kartice"},"nocard4-text":{"_":"Insert a memory card to use this app."},"pluggedin2-title":{"_":"Memorijska kartica u upotrebi"},"pluggedin2-text":{"_":"Trebate isključiti telefon s punjača da biste mogli koristiti ovu aplikaciju."},"scanning-title":{"_":"Skeniranje"},"scanning-text":{"_":"Pretraživanje slika i videa."},"upgrade-title":{"_":"Nadogradnja baze"},"upgrade-text":{"_":"Pričekajte dok Galerija nadograđuje svoju bazu."},"share-noprovider":{"_":"Nije moguće dijeliti ovu vrstu slike."},"memorycardfull":{"_":"Nije moguće urediti slike: memorijska kartica je puna."},"imagetoobig":{"_":"Slika je prevelika za prikaz na ovom uređaju."},"imageinvalid":{"_":"Slika je neispravna ili oštećena, te se ne može prikazati."},"saved":{"_":"{{filename}} pohranjen u Galeriju"},"overlay-camera-button":{"_":"Otvori Fotoaparat"},"name-label":{"_":"Naziv"},"size-label":{"_":"Veličina"},"image-type-label":{"_":"Vrsta slike"},"date-taken-label":{"_":"Datum snimke"},"resolution-label":{"_":"Rezolucija"},"close-button":{"_":"Zatvori"},"byteUnit-B":{"_":"Bajtova"},"byteUnit-KB":{"_":"KB"},"byteUnit-MB":{"_":"MB"},"byteUnit-GB":{"_":"GB"},"gallery":{"_":"Gallery"},"preview":{"_":"Preview"},"date-group-header":{"_":"%B %Y"},"nocard3-text":{"_":"Da biste koristili ovu aplikaciju, trebate umetnicu memorijsku karticu ili promijenite lokaciju za spremanje multimedije"},"storage-setting-button":{"_":"Postavke spremanja multimedije"},"weekday-0-long":{"_":"Nedjelja"},"weekday-1-long":{"_":"Ponedjeljak"},"weekday-2-long":{"_":"Utorak"},"weekday-3-long":{"_":"Srijeda"},"weekday-4-long":{"_":"Četvrtak"},"weekday-5-long":{"_":"Petak"},"weekday-6-long":{"_":"Subota"},"weekday-0-short":{"_":"Ned"},"weekday-1-short":{"_":"Pon"},"weekday-2-short":{"_":"Uto"},"weekday-3-short":{"_":"Sri"},"weekday-4-short":{"_":"Čet"},"weekday-5-short":{"_":"Pet"},"weekday-6-short":{"_":"Sub"},"month-0-long":{"_":"Siječanj"},"month-1-long":{"_":"Veljača"},"month-2-long":{"_":"Ožujak"},"month-3-long":{"_":"Travanj"},"month-4-long":{"_":"Svibanj"},"month-5-long":{"_":"Lipanj"},"month-6-long":{"_":"Srpanj"},"month-7-long":{"_":"Kolovoz"},"month-8-long":{"_":"Rujan"},"month-9-long":{"_":"Listopad"},"month-10-long":{"_":"Studeni"},"month-11-long":{"_":"Prosinac"},"month-0-genitive":{"_":"Siječnja"},"month-1-genitive":{"_":"Veljače"},"month-2-genitive":{"_":"Ožujka"},"month-3-genitive":{"_":"Travnja"},"month-4-genitive":{"_":"Svibnja"},"month-5-genitive":{"_":"Lipnja"},"month-6-genitive":{"_":"Srpnja"},"month-7-genitive":{"_":"Kolovoza"},"month-8-genitive":{"_":"Rujna"},"month-9-genitive":{"_":"Listopada"},"month-10-genitive":{"_":"Studenoga"},"month-11-genitive":{"_":"Prosinca"},"month-0-short":{"_":"Sij"},"month-1-short":{"_":"Velj"},"month-2-short":{"_":"Ožu"},"month-3-short":{"_":"Tra"},"month-4-short":{"_":"Svi"},"month-5-short":{"_":"Lip"},"month-6-short":{"_":"Srp"},"month-7-short":{"_":"Kol"},"month-8-short":{"_":"Ruj"},"month-9-short":{"_":"Lis"},"month-10-short":{"_":"Stu"},"month-11-short":{"_":"Pro"},"minutes-ago-long":{"_":"{[ plural(value) ]}","_[zero]":"upravo","_[one]":"prije minutu","_[two]":"prije {{value}} minute","_[few]":"prije {{value}} minutes","_[many]":"prije {{value}} minuta","_[other]":"prije {{value}} minuta"},"hours-ago-long":{"_":"{[ plural(value) ]}","_[zero]":"upravo","_[one]":"prije sat vremena","_[two]":"prije {{value}} sata","_[few]":"prije {{value}} sati","_[many]":"prije {{value}} sati","_[other]":"prije {{value}} sati"},"days-ago-long":{"_":"{[ plural(value) ]}","_[zero]":"danas","_[one]":"jučer","_[two]":"prije {{value}} dana","_[few]":"prije {{value}} dana","_[many]":"prije {{value}} dana","_[other]":"prije {{value}} dana"},"weeks-ago-long":{"_":"{[ plural(value) ]}","_[zero]":"ovaj tjedan","_[one]":"prošli tjedan","_[two]":"prije {{value}} tjedna","_[few]":"prije {{value}} tjedana","_[many]":"prije {{value}} tjedana","_[other]":"prije {{value}} tjedana"},"months-ago-long":{"_":"{[ plural(value) ]}","_[zero]":"ovaj mjesec","_[one]":"prošli mjesec","_[two]":"prije {{value}} mjeseca","_[few]":"prije {{value}} mjeseci","_[many]":"prije {{value}} mjeseci","_[other]":"prije {{value}} mjeseci"},"years-ago-long":{"_":"{[ plural(value) ]}","_[zero]":"ove godine","_[one]":"prošle godine","_[two]":"prije {{value}} godine","_[few]":"prije {{value}} godina","_[many]":"prije {{value}} godina","_[other]":"prije {{value}} godina"},"minutes-until-long":{"_":"{[ plural(value) ]}","_[zero]":"upravo","_[one]":"za minutu","_[two]":"za {{value}} minute","_[few]":"za {{value}} minuta","_[many]":"za {{value}} minuta","_[other]":"za {{value}} minuta"},"hours-until-long":{"_":"{[ plural(value) ]}","_[zero]":"upravo","_[one]":"za sat vremena","_[two]":"za {{value}} sata","_[few]":"za {{value}} sati","_[many]":"za {{value}} sati","_[other]":"za {{value}} sati"},"days-until-long":{"_":"{[ plural(value) ]}","_[zero]":"danas","_[one]":"sutra","_[two]":"za {{value}} dana","_[few]":"za {{value}} dana","_[many]":"za {{value}} dana","_[other]":"za {{value}} dana"},"weeks-until-long":{"_":"{[ plural(value) ]}","_[zero]":"ovaj tjedan","_[one]":"idući tjedan","_[two]":"za {{value}} tjedna","_[few]":"za {{value}} tjedana","_[many]":"za {{value}} tjedana","_[other]":"za {{value}} tjedana"},"months-until-long":{"_":"{[ plural(value) ]}","_[zero]":"ovaj mjesec","_[one]":"idući mjesec","_[two]":"za {{value}} mjeseca","_[few]":"za {{value}} mjeseci","_[many]":"za {{value}} mjeseci","_[other]":"za {{value}} mjeseci"},"years-until-long":{"_":"{[ plural(value) ]}","_[zero]":"ove godine","_[one]":"iduće godine","_[two]":"za {{value}} godine","_[few]":"za {{value}} godina","_[many]":"za {{value}} godina","_[other]":"za {{value}} godina"},"minutes-ago-short":{"_":"{[ plural(value) ]}","_[zero]":"upravo","_[other]":"prije {{value}}m"},"hours-ago-short":{"_":"{[ plural(value) ]}","_[zero]":"upravo","_[other]":"prije {{value}}s"},"days-ago-short":{"_":"{[ plural(value) ]}","_[zero]":"danas","_[other]":"prije {{value}}d"},"minutes-until-short":{"_":"{[ plural(value) ]}","_[zero]":"sada","_[other]":"za {{value}}m"},"hours-until-short":{"_":"{[ plural(value) ]}","_[zero]":"sada","_[other]":"za {{value}}s"},"days-until-short":{"_":"{[ plural(value) ]}","_[zero]":"danas","_[other]":"za {{value}}d"},"incorrectDate":{"_":"(netočan datum)"},"dateTimeFormat_%c":{"_":"%a %e %b %Y %H:%M:%S"},"dateTimeFormat_%x":{"_":"%d.%m.%Y"},"dateTimeFormat_%X":{"_":"%H:%M:%S"},"shortTimeFormat":{"_":"%H:%M"},"shortDateTimeFormat":{"_":"%x %H:%M"},"weekStartsOnMonday":{"_":"1"},"time_am":{"_":"AM"},"time_pm":{"_":"PM"}}