{"number-selected2":{"_":"{[ plural(n) ]}","_[zero]":"Seleziona","_[one]":"{{ n }} selezionato","_[two]":"{{ n }} selezionati","_[few]":"{{ n }} selezionati","_[many]":"{{ n }} selezionati","_[other]":"{{ n }} selezionati"},"delete-photo?":{"_":"Eliminare questa foto?"},"delete-video?":{"_":"Eliminare questo video?"},"delete-n-items?":{"_":"{[ plural(n) ]}","_[zero]":"Nessun elemento selezionato","_[one]":"Eliminare l’elemento selezionato?","_[two]":"Eliminare {{ n }} elementi?","_[few]":"Eliminare {{ n }} elementi?","_[many]":"Eliminare {{ n }} elementi?","_[other]":"Eliminare {{ n }} elementi?"},"pickoneimage2":{"_":"Seleziona"},"cropimage":{"_":"Ritaglia"},"cancel":{"_":"Annulla"},"delete":{"_":"Elimina"},"ok":{"_":"OK"},"edit":{"_":"Modifica"},"save":{"_":"Salva"},"done":{"_":"Fatto"},"exposure":{"_":"Esposizione"},"crop":{"_":"Ritaglia"},"effects":{"_":"Effetti"},"borders":{"_":"Bordi"},"enhance-on":{"_":"Correz. automatica attiva"},"enhance-off":{"_":"Correz. automatica disattivata"},"original":{"_":"Originale"},"blackandwhite":{"_":"Bianco e nero"},"sepia":{"_":"Seppia"},"freeform":{"_":"A mano libera"},"portrait":{"_":"Ritratto"},"landscape":{"_":"Panorama"},"square":{"_":"Quadrato"},"emptygallery2-title":{"_":"Nessuna foto o video"},"emptygallery2-text":{"_":"Utilizza l’applicazione Fotocamera per iniziare."},"emptygallery2-title-pick":{"_":"Nessuna foto"},"nocard3-title":{"_":"Nessuna scheda di memoria"},"nocard4-text":{"_":"Inserire una scheda di memoria per utilizzare questa applicazione."},"pluggedin2-title":{"_":"Scheda di memoria in uso"},"pluggedin2-text":{"_":"Scollegare il telefono per utilizzare questa app."},"scanning-title":{"_":"Scansione"},"scanning-text":{"_":"Ricerca di foto e video."},"upgrade-title":{"_":"Aggiornamento database"},"upgrade-text":{"_":"Attendere l’aggiornamento del database per Galleria."},"share-noprovider":{"_":"Impossibile condividere questo tipo di file immagine."},"memorycardfull":{"_":"Impossibile modificare le foto: la scheda di memoria è piena."},"imagetoobig":{"_":"L’immagine è troppo grande e non può essere visualizzata su questo dispositivo."},"imageinvalid":{"_":"L’immagine è danneggiata o non valida e non può essere visualizzata."},"saved":{"_":"{{filename}} salvato in Galleria"},"overlay-camera-button":{"_":"Vai a Fotocamera"},"name-label":{"_":"Nome"},"size-label":{"_":"Dimensione"},"image-type-label":{"_":"Formato"},"date-taken-label":{"_":"Data creazione"},"resolution-label":{"_":"Risoluzione"},"close-button":{"_":"Chiudi"},"byteUnit-B":{"_":"Byte"},"byteUnit-KB":{"_":"kB"},"byteUnit-MB":{"_":"MB"},"byteUnit-GB":{"_":"GB"},"gallery":{"_":"Galleria"},"preview":{"_":"Anteprima"},"date-group-header":{"_":"%B %Y"},"weekday-0-long":{"_":"domenica"},"weekday-1-long":{"_":"lunedì"},"weekday-2-long":{"_":"martedì"},"weekday-3-long":{"_":"mercoledì"},"weekday-4-long":{"_":"giovedì"},"weekday-5-long":{"_":"venerdì"},"weekday-6-long":{"_":"sabato"},"weekday-0-short":{"_":"dom"},"weekday-1-short":{"_":"lun"},"weekday-2-short":{"_":"mar"},"weekday-3-short":{"_":"mer"},"weekday-4-short":{"_":"gio"},"weekday-5-short":{"_":"ven"},"weekday-6-short":{"_":"sab"},"month-0-long":{"_":"gennaio"},"month-1-long":{"_":"febbraio"},"month-2-long":{"_":"marzo"},"month-3-long":{"_":"aprile"},"month-4-long":{"_":"maggio"},"month-5-long":{"_":"giugno"},"month-6-long":{"_":"luglio"},"month-7-long":{"_":"agosto"},"month-8-long":{"_":"settembre"},"month-9-long":{"_":"ottobre"},"month-10-long":{"_":"novembre"},"month-11-long":{"_":"dicembre"},"month-0-genitive":{"_":"gennaio"},"month-1-genitive":{"_":"febbraio"},"month-2-genitive":{"_":"marzo"},"month-3-genitive":{"_":"aprile"},"month-4-genitive":{"_":"maggio"},"month-5-genitive":{"_":"giugno"},"month-6-genitive":{"_":"luglio"},"month-7-genitive":{"_":"agosto"},"month-8-genitive":{"_":"settembre"},"month-9-genitive":{"_":"ottobre"},"month-10-genitive":{"_":"novembre"},"month-11-genitive":{"_":"dicembre"},"month-0-short":{"_":"gen"},"month-1-short":{"_":"feb"},"month-2-short":{"_":"mar"},"month-3-short":{"_":"apr"},"month-4-short":{"_":"mag"},"month-5-short":{"_":"giu"},"month-6-short":{"_":"lug"},"month-7-short":{"_":"ago"},"month-8-short":{"_":"set"},"month-9-short":{"_":"ott"},"month-10-short":{"_":"nov"},"month-11-short":{"_":"dic"},"minutes-ago-long":{"_":"{[ plural(value) ]}","_[zero]":"adesso","_[one]":"un minuto fa","_[two]":"{{value}} minuti fa","_[few]":"{{value}} minuti fa","_[many]":"{{value}} minuti fa","_[other]":"{{value}} minuti fa"},"hours-ago-long":{"_":"{[ plural(value) ]}","_[zero]":"adesso","_[one]":"un’ora fa","_[two]":"{{value}} ore fa","_[few]":"{{value}} ore fa","_[many]":"{{value}} ore fa","_[other]":"{{value}} ore fa"},"days-ago-long":{"_":"{[ plural(value) ]}","_[zero]":"oggi","_[one]":"ieri","_[two]":"{{value}} giorni fa","_[few]":"{{value}} giorni fa","_[many]":"{{value}} giorni fa","_[other]":"{{value}} giorni fa"},"weeks-ago-long":{"_":"{[ plural(value) ]}","_[zero]":"questa settimana","_[one]":"settimana scorsa","_[two]":"{{value}} settimane fa","_[few]":"{{value}} settimane fa","_[many]":"{{value}} settimane fa","_[other]":"{{value}} settimane fa"},"months-ago-long":{"_":"{[ plural(value) ]}","_[zero]":"questo mese","_[one]":"mese scorso","_[two]":"{{value}} mesi fa","_[few]":"{{value}} mesi fa","_[many]":"{{value}} mesi fa","_[other]":"{{value}} mesi fa"},"years-ago-long":{"_":"{[ plural(value) ]}","_[zero]":"quest’anno","_[one]":"anno scorso","_[two]":"{{value}} anni fa","_[few]":"{{value}} anni fa","_[many]":"{{value}} anni fa","_[other]":"{{value}} anni fa"},"minutes-until-long":{"_":"{[ plural(value) ]}","_[zero]":"adesso","_[one]":"tra un minuto","_[two]":"tra {{value}} minuti","_[few]":"tra {{value}} minuti","_[many]":"tra {{value}} minuti","_[other]":"tra {{value}} minuti"},"hours-until-long":{"_":"{[ plural(value) ]}","_[zero]":"adesso","_[one]":"tra un’ora","_[two]":"tra {{value}} ore","_[few]":"tra {{value}} ore","_[many]":"tra {{value}} ore","_[other]":"tra {{value}} ore"},"days-until-long":{"_":"{[ plural(value) ]}","_[zero]":"oggi","_[one]":"domani","_[two]":"tra {{value}} giorni","_[few]":"tra {{value}} giorni","_[many]":"tra {{value}} giorni","_[other]":"tra {{value}} giorni"},"weeks-until-long":{"_":"{[ plural(value) ]}","_[zero]":"questa settimana","_[one]":"prossima settimana","_[two]":"tra {{value}} settimane","_[few]":"tra {{value}} settimane","_[many]":"tra {{value}} settimane","_[other]":"tra {{value}} settimane"},"months-until-long":{"_":"{[ plural(value) ]}","_[zero]":"questo mese","_[one]":"prossimo mese","_[two]":"in {{value}} mesi","_[few]":"tra {{value}} mesi","_[many]":"tra {{value}} mesi","_[other]":"in {{value}} mesi"},"years-until-long":{"_":"{[ plural(value) ]}","_[zero]":"quest’anno","_[one]":"prossimo anno","_[two]":"tra {{value}} anni","_[few]":"tra {{value}} anni","_[many]":"tra {{value}} anni","_[other]":"tra {{value}} anni"},"minutes-ago-short":{"_":"{[ plural(value) ]}","_[zero]":"adesso","_[other]":"{{value}}m fa"},"hours-ago-short":{"_":"{[ plural(value) ]}","_[zero]":"adesso","_[other]":"{{value}}h fa"},"days-ago-short":{"_":"{[ plural(value) ]}","_[zero]":"oggi","_[other]":"{{value}}g fa"},"minutes-until-short":{"_":"{[ plural(value) ]}","_[zero]":"adesso","_[other]":"tra {{value}}m"},"hours-until-short":{"_":"{[ plural(value) ]}","_[zero]":"adesso","_[other]":"tra {{value}}h"},"days-until-short":{"_":"{[ plural(value) ]}","_[zero]":"oggi","_[other]":"tra {{value}}d"},"incorrectDate":{"_":"(data errata)"},"dateTimeFormat_%c":{"_":"%a %e %b %Y %H:%M:%S"},"dateTimeFormat_%x":{"_":"%d/%m/%Y"},"dateTimeFormat_%X":{"_":"%H:%M:%S"},"shortTimeFormat":{"_":"%H:%M"},"shortDateTimeFormat":{"_":"%x %H:%M"},"weekStartsOnMonday":{"_":"1"},"time_am":{"_":"AM"},"time_pm":{"_":"PM"}}