{"number-selected2":{"_":"{[ plural(n) ]}","_[zero]":"ជ្រើស","_[one]":"បាន​ជ្រើស {{ n }}","_[two]":"បាន​ជ្រើស {{ n }}","_[few]":"បាន​ជ្រើស {{ n }}","_[many]":"បាន​ជ្រើស {{ n }}","_[other]":"បាន​ជ្រើស {{ n }}"},"delete-photo?":{"_":"លុប​រូបថត​ឬ?"},"delete-video?":{"_":"លុប​វីដេអូ​ឬ?"},"delete-n-items?":{"_":"{[ plural(n) ]}","_[zero]":"គ្មានអ្វី​បាន​ជ្រើស","_[one]":"លុប​ធាតុ​ដែល​បាន​ជ្រើស​ឬ?","_[two]":"លុប​ធាតុ {{ n }} ឬ?","_[few]":"លុប​ធាតុ {{ n }} ឬ?","_[many]":"លុប​ធាតុ {{ n }} ឬ?","_[other]":"លុប​ធាតុ {{ n }} ឬ?"},"pickoneimage2":{"_":"ជ្រើស"},"cropimage":{"_":"ច្រឹប"},"cancel":{"_":"បោះបង់"},"delete":{"_":"​លុប"},"ok":{"_":"យល់ព្រម"},"edit":{"_":"កែសម្រួល"},"save":{"_":"រក្សា​​ទុក"},"done":{"_":"រួចរាល់"},"exposure":{"_":"កា​របង្ហាញ"},"crop":{"_":"ច្រឹប"},"effects":{"_":"បែបផែន"},"borders":{"_":"ស៊ុម"},"enhance-on":{"_":"បើក​ការ​ធ្វើ​ឲ្យ​ប្រសើរ​ឡើង​ស្វ័យប្រវត្តិ"},"enhance-off":{"_":"បិទ​ការ​ធ្វើ​ឲ្យ​ប្រសើរ​ឡើង​ដោយ​ស្វ័យ​ប្រវត្តិ"},"original":{"_":"ដើម"},"blackandwhite":{"_":"ស&ខ្មៅ"},"sepia":{"_":"ពណ៌​សូកូឡា"},"freeform":{"_":"ទម្រង់​សេរី"},"portrait":{"_":"បញ្ឈរ"},"landscape":{"_":"ផ្ដេក"},"square":{"_":"ការេ"},"emptygallery2-title":{"_":"គ្មាន​រូបថត ឬ​វីដេអូ"},"emptygallery2-text":{"_":"ប្រើ​កម្មវិធី​កាមេរ៉ា​ដើម្បី​ចាប់ផ្ដើម។"},"emptygallery2-title-pick":{"_":"គ្មាន​រូបថត"},"nocard3-title":{"_":"គ្មាន​កាត​អង្គ​ចងចាំ"},"nocard4-text":{"_":"បញ្ចូល​កាត​អង្គ​ចងចាំ​ដើម្បី​ប្រើ​កម្មវិធី​នេះ។"},"pluggedin2-title":{"_":"កាត​អង្គ​ចងចាំ​កំពុង​ប្រើ"},"pluggedin2-text":{"_":"ដក​ទូរស័ព្ទ​ដើម្បី​ប្រើ​កម្មវិធី​នេះ។"},"scanning-title":{"_":"ការ​វិភាគរក"},"scanning-text":{"_":"រក​មើល​រូបថត និង​វីដេអូ។"},"upgrade-title":{"_":"ធ្វើ​ឲ្យ​មូលដ្ឋាន​ទិន្នន័យ​ទាន់​សម័យ"},"upgrade-text":{"_":"សូម​រង់ចាំ​ខណៈ​ពេល​ធ្វើ​បច្ចុប្បន្នភាព​វិចិត្រ​​​​សាល​មូលដ្ឋាន​ទិន្នន័យ​របស់​វា។"},"share-noprovider":{"_":"មិន​អាច​ចែករំលែក​ប្រភេទ​ឯកសារ​រូបភាព​នេះ។"},"memorycardfull":{"_":"មិន​អាច​កែ​រូបថត៖ កាត​អង្គ​ចងចាំ​ពេញ។"},"imagetoobig":{"_":"រូបភាព​ធំពេក​ក្នុង​ការ​បង្ហាញ​លើ​ឧបករណ៍​នេះ។"},"imageinvalid":{"_":"រូបភាព​មិន​ត្រឹមត្រូវ ឬ​​ខូច ហើយ​មិន​អាច​បង្ហាញ​បាន​ទេ។"},"saved":{"_":"បាន​រក្សាទុក {{filename}} ទៅ​វិចិត្រសាល"},"overlay-camera-button":{"_":"ចូល​ទៅ​កាមេរ៉ា"},"name-label":{"_":"ឈ្មោះ"},"size-label":{"_":"ទំហំ"},"image-type-label":{"_":"ប្រភេទ​រូបភាព​"},"date-taken-label":{"_":"កាលបរិច្ឆេទ​ថត"},"resolution-label":{"_":"​គុណភាព​បង្ហាញ"},"close-button":{"_":"បិទ"},"byteUnit-B":{"_":"បៃ"},"byteUnit-KB":{"_":"KB"},"byteUnit-MB":{"_":"MB"},"byteUnit-GB":{"_":"GB"},"gallery":{"_":"វិចិត្រសាល"},"preview":{"_":"មើល​ជាមុន​"},"date-group-header":{"_":"%B %Y"},"weekday-0-long":{"_":"អាទិត្យ"},"weekday-1-long":{"_":"ច័ន្ទ"},"weekday-2-long":{"_":"អង្គារ"},"weekday-3-long":{"_":"ពុធ"},"weekday-4-long":{"_":"ព្រហស្បតិ៍"},"weekday-5-long":{"_":"សុក្រ"},"weekday-6-long":{"_":"សៅរ៍"},"weekday-0-short":{"_":"អាទិត្យ"},"weekday-1-short":{"_":"ច័ន្ទ"},"weekday-2-short":{"_":"អង្គារ"},"weekday-3-short":{"_":"ពុធ"},"weekday-4-short":{"_":"ព្រហស្បតិ៍"},"weekday-5-short":{"_":"សុក្រ"},"weekday-6-short":{"_":"សៅរ៍"},"month-0-long":{"_":"មករា"},"month-1-long":{"_":"កុម្ភៈ"},"month-2-long":{"_":"មីនា"},"month-3-long":{"_":"មេសា"},"month-4-long":{"_":"ឧសភា"},"month-5-long":{"_":"មិថុនា"},"month-6-long":{"_":"កក្កដា"},"month-7-long":{"_":"សីហា"},"month-8-long":{"_":"កញ្ញា"},"month-9-long":{"_":"តុលា"},"month-10-long":{"_":"វិច្ឆិកា"},"month-11-long":{"_":"ធ្នូ"},"month-0-genitive":{"_":"មករា"},"month-1-genitive":{"_":"កុម្ភៈ"},"month-2-genitive":{"_":"មីនា"},"month-3-genitive":{"_":"មេសា"},"month-4-genitive":{"_":"ឧសភា"},"month-5-genitive":{"_":"មិថុនា"},"month-6-genitive":{"_":"កក្កដា"},"month-7-genitive":{"_":"សីហា"},"month-8-genitive":{"_":"កញ្ញា"},"month-9-genitive":{"_":"តុលា"},"month-10-genitive":{"_":"វិច្ឆិកា"},"month-11-genitive":{"_":"ធ្នូ"},"month-0-short":{"_":"មករា"},"month-1-short":{"_":"កុម្ភៈ"},"month-2-short":{"_":"មីនា"},"month-3-short":{"_":"មេសា"},"month-4-short":{"_":"ឧសភា"},"month-5-short":{"_":"មិថុនា"},"month-6-short":{"_":"កក្កដា"},"month-7-short":{"_":"សីហា"},"month-8-short":{"_":"កញ្ញា"},"month-9-short":{"_":"តុលា"},"month-10-short":{"_":"វិច្ឆិកា"},"month-11-short":{"_":"ធ្នូ"},"minutes-ago-long":{"_":"{[ plural(value) ]}","_[zero]":"អម្បាញ់មិញនេះ","_[one]":"មួយ​នាទី​មុន","_[two]":"{{value}} នាទី​មុន","_[few]":"{{value}} នាទី​មុន","_[many]":"{{value}} នាទី​មុន","_[other]":"{{value}} នាទី​មុន"},"hours-ago-long":{"_":"{[ plural(value) ]}","_[zero]":"អម្បាញ់មិញនេះ","_[one]":"មួយ​ម៉ោង​មុន","_[two]":"{{value}} ម៉ោង​មុន","_[few]":"{{value}} ម៉ោង​មុន","_[many]":"{{value}} ម៉ោង​មុន","_[other]":"{{value}} ម៉ោង​មុន"},"days-ago-long":{"_":"{[ plural(value) ]}","_[zero]":"ថ្ងៃ​នេះ","_[one]":"ម្សិលមិញ","_[two]":"{{value}} ថ្ងៃ​មុន","_[few]":"{{value}} ថ្ងៃ​មុន","_[many]":"{{value}} ថ្ងៃ​មុន","_[other]":"{{value}} ថ្ងៃ​មុន"},"weeks-ago-long":{"_":"{[ plural(value) ]}","_[zero]":"សប្ដាហ៍​នេះ","_[one]":"សប្ដាហ៍​មុន","_[two]":"{{value}} សប្ដាហ៍​មុន","_[few]":"{{value}} សប្ដាហ៍​មុន","_[many]":"{{value}} សប្ដាហ៍​មុន","_[other]":"{{value}} សប្ដាហ៍​មុន"},"months-ago-long":{"_":"{[ plural(value) ]}","_[zero]":"ខែ​នេះ","_[one]":"ខែ​មុន","_[two]":"{{value}} ខែ​មុន","_[few]":"{{value}} ខែ​មុន","_[many]":"{{value}} ខែ​មុន","_[other]":"{{value}} ខែ​មុន"},"years-ago-long":{"_":"{[ plural(value) ]}","_[zero]":"ឆ្នាំនេះ","_[one]":"ឆ្នាំ​មុន","_[two]":"{{value}} ឆ្នាំ​មុន","_[few]":"{{value}} ឆ្នាំ​មុន","_[many]":"{{value}} ឆ្នាំ​មុន","_[other]":"{{value}} ឆ្នាំ​មុន"},"minutes-until-long":{"_":"{[ plural(value) ]}","_[zero]":"ឥឡូវ","_[one]":"ក្នុង​ពេល​មួយ​នាទី","_[two]":"ក្នុង​ពេល {{value}} នាទី","_[few]":"ក្នុង​ពេល {{value}} នាទី","_[many]":"ក្នុង​ពេល​ {{value}} នាទី​","_[other]":"ក្នុង​ពេល {{value}} នាទី"},"hours-until-long":{"_":"{[ plural(value) ]}","_[zero]":"ឥឡូវ","_[one]":"ក្នុង​រយៈពេល​១​ម៉ោង","_[two]":"ក្នុង​ពេល​​ {{value}} ម៉ោង","_[few]":"ក្នុង​ពេល​​ {{value}} ម៉ោង","_[many]":"ក្នុង​ពេល​​ {{value}} ម៉ោង","_[other]":"ក្នុង​ពេល​​ {{value}} ម៉ោង"},"days-until-long":{"_":"{[ plural(value) ]}","_[zero]":"ថ្ងៃ​នេះ","_[one]":"ថ្ងៃស្អែក","_[two]":"ក្នុង​ពេល​​ {{value}} ថ្ងៃ","_[few]":"ក្នុង​ពេល​​ {{value}} ថ្ងៃ","_[many]":"ក្នុង​ពេល​​ {{value}} ថ្ងៃ","_[other]":"ក្នុង​ពេល​​ {{value}} ថ្ងៃ"},"weeks-until-long":{"_":"{[ plural(value) ]}","_[zero]":"សប្ដាហ៍​នេះ","_[one]":"សប្ដាហ៍​ក្រោយ","_[two]":"ក្នុង​ពេល {{value}} សប្ដាហ៍","_[few]":"ក្នុង​ពេល {{value}} សប្ដាហ៍","_[many]":"ក្នុង​ពេល {{value}} សប្ដាហ៍","_[other]":"ក្នុង​ពេល {{value}} សប្ដាហ៍"},"months-until-long":{"_":"{[ plural(value) ]}","_[zero]":"ខែ​នេះ","_[one]":"ខែ​ក្រោយ","_[two]":"ក្នុង​ពេល {{value}} ខែ","_[few]":"ក្នុង​ពេល {{value}} ខែ","_[many]":"ក្នុង​ពេល {{value}} ខែ","_[other]":"ក្នុង​ពេល {{value}} ខែ"},"years-until-long":{"_":"{[ plural(value) ]}","_[zero]":"ឆ្នាំនេះ","_[one]":"ឆ្នាំ​ក្រោយ","_[two]":"ក្នុង​ពេល {{value}} ឆ្នាំ","_[few]":"ក្នុង​ពេល {{value}} ឆ្នាំ","_[many]":"ក្នុង​ពេល {{value}} ឆ្នាំ","_[other]":"ក្នុង​ពេល {{value}} ឆ្នាំ"},"minutes-ago-short":{"_":"{[ plural(value) ]}","_[zero]":"អម្បាញ់មិញនេះ","_[other]":"{{value}}នាទី​មុន"},"hours-ago-short":{"_":"{[ plural(value) ]}","_[zero]":"អម្បាញ់មិញនេះ","_[other]":"{{value}}ម៉ោង​មុន"},"days-ago-short":{"_":"{[ plural(value) ]}","_[zero]":"ថ្ងៃ​នេះ","_[other]":"{{value}}ថ្ងៃ​មុន"},"minutes-until-short":{"_":"{[ plural(value) ]}","_[zero]":"ឥឡូវ","_[other]":"ក្នុង​ពេល {{value}}នាទី"},"hours-until-short":{"_":"{[ plural(value) ]}","_[zero]":"ឥឡូវ","_[other]":"ក្នុង​ពេល {{value}}ម៉ោង"},"days-until-short":{"_":"{[ plural(value) ]}","_[zero]":"ថ្ងៃ​នេះ","_[other]":"ក្នុង​ពេល {{value}}ថ្ងៃ"},"incorrectDate":{"_":"(កាលបរិច្ឆេទ​មិន​ត្រឹមត្រូវ)"},"dateTimeFormat_%c":{"_":"%a %b %e %Y %I:%M:%S %p"},"dateTimeFormat_%x":{"_":"%m/%d/%Y"},"dateTimeFormat_%X":{"_":"%I:%M:%S %p"},"shortTimeFormat":{"_":"%I:%M %p"},"shortDateTimeFormat":{"_":"%x %I:%M %p"},"weekStartsOnMonday":{"_":"0"},"time_am":{"_":"ព្រឹក"},"time_pm":{"_":"PM"}}