{"number-selected2":{"_":"{[ plural(n) ]}","_[zero]":"선택","_[one]":"{{ n }}개 선택","_[two]":"{{ n }}개 선택","_[few]":"{{ n }}개 선택","_[many]":"{{ n }}개 선택","_[other]":"{{ n }}개 선택"},"delete-photo?":{"_":"사진을 삭제하시겠습니까?"},"delete-video?":{"_":"동영상을 삭제하시겠습니까?"},"delete-n-items?":{"_":"{[ plural(n) ]}","_[zero]":"선택한 것 없음","_[one]":"선택한 것을 삭제하시겠습니까?","_[two]":"선택한 {{ n }}개를 삭제하시겠습니까?","_[few]":"선택한 {{ n }}개를 삭제하시겠습니까?","_[many]":"선택한 {{ n }}개를 삭제하시겠습니까?","_[other]":"선택한 {{ n }}개를 삭제하시겠습니까?"},"pickoneimage2":{"_":"선택"},"cropimage":{"_":"자르기"},"cancel":{"_":"취소"},"delete":{"_":"삭제"},"ok":{"_":"확인"},"edit":{"_":"편집"},"save":{"_":"저장"},"done":{"_":"완료"},"exposure":{"_":"노출"},"crop":{"_":"자르기"},"effects":{"_":"효과"},"borders":{"_":"테두리"},"enhance-on":{"_":"자동 보정 켜기"},"enhance-off":{"_":"자동 보정 끄기"},"original":{"_":"원본"},"blackandwhite":{"_":"흑백"},"sepia":{"_":"세피아"},"freeform":{"_":"자유형"},"portrait":{"_":"세로"},"landscape":{"_":"가로"},"square":{"_":"정사각형"},"emptygallery2-title":{"_":"사진이나 동영상이 없음"},"emptygallery2-text":{"_":"카메라 앱을 실행해서 시작하십시오."},"emptygallery2-title-pick":{"_":"사진 없음"},"nocard3-title":{"_":"메모리 카드 없음"},"nocard4-text":{"_":"이 앱을 사용하기 위해 메모리 카드를 삽입하시오."},"pluggedin2-title":{"_":"메모리 카드 사용 중"},"pluggedin2-text":{"_":"이 앱을 사용하려면 폰을 뽑으십시오."},"scanning-title":{"_":"찾는중"},"scanning-text":{"_":"사진과 동영상을 찾고 있습니다."},"upgrade-title":{"_":"데이터베이스 업그레이드"},"upgrade-text":{"_":"갤러리 데이터베이스를 갱신하고 있습니다. 잠시만 기다려 주세요."},"share-noprovider":{"_":"이 파일 형식의 이미지를 공유할 수 없습니다."},"memorycardfull":{"_":"이미지를 편집할 수 없음: 메모리 카드가 가득 참."},"imagetoobig":{"_":"이미지가 너무 커서 이 장치에서는 볼 수 없습니다."},"imageinvalid":{"_":"이미지가 손상되어 볼 수 없습니다."},"saved":{"_":"{{filename}} 파일이 갤러리로 저장됨"},"overlay-camera-button":{"_":"카메라로 가기"},"name-label":{"_":"파일명"},"size-label":{"_":"크기"},"image-type-label":{"_":"이미지 형식"},"date-taken-label":{"_":"찍은 날짜"},"resolution-label":{"_":"해상도"},"close-button":{"_":"닫기"},"byteUnit-B":{"_":"바이트"},"byteUnit-KB":{"_":"KB"},"byteUnit-MB":{"_":"MB"},"byteUnit-GB":{"_":"GB"},"gallery":{"_":"갤러리"},"preview":{"_":"미리보기"},"date-group-header":{"_":"%Y년 %B"},"weekday-0-long":{"_":"일요일"},"weekday-1-long":{"_":"월요일"},"weekday-2-long":{"_":"화요일"},"weekday-3-long":{"_":"수요일"},"weekday-4-long":{"_":"목요일"},"weekday-5-long":{"_":"금요일"},"weekday-6-long":{"_":"토요일"},"weekday-0-short":{"_":"일"},"weekday-1-short":{"_":"월"},"weekday-2-short":{"_":"화"},"weekday-3-short":{"_":"수"},"weekday-4-short":{"_":"목"},"weekday-5-short":{"_":"금"},"weekday-6-short":{"_":"토"},"month-0-long":{"_":"1월"},"month-1-long":{"_":"2월"},"month-2-long":{"_":"3월"},"month-3-long":{"_":"4월"},"month-4-long":{"_":"5월"},"month-5-long":{"_":"6월"},"month-6-long":{"_":"7월"},"month-7-long":{"_":"8월"},"month-8-long":{"_":"9월"},"month-9-long":{"_":"10월"},"month-10-long":{"_":"11월"},"month-11-long":{"_":"12월"},"month-0-genitive":{"_":"1월"},"month-1-genitive":{"_":"2월"},"month-2-genitive":{"_":"3월"},"month-3-genitive":{"_":"4월"},"month-4-genitive":{"_":"5월"},"month-5-genitive":{"_":"6월"},"month-6-genitive":{"_":"7월"},"month-7-genitive":{"_":"8월"},"month-8-genitive":{"_":"9월"},"month-9-genitive":{"_":"10월"},"month-10-genitive":{"_":"11월"},"month-11-genitive":{"_":"12월"},"month-0-short":{"_":"1월"},"month-1-short":{"_":"2월"},"month-2-short":{"_":"3월"},"month-3-short":{"_":"4월"},"month-4-short":{"_":"5월"},"month-5-short":{"_":"6월"},"month-6-short":{"_":"7월"},"month-7-short":{"_":"8월"},"month-8-short":{"_":"9월"},"month-9-short":{"_":"10월"},"month-10-short":{"_":"11월"},"month-11-short":{"_":"12월"},"minutes-ago-long":{"_":"{[ plural(value) ]}","_[zero]":"지금","_[one]":"1분 전","_[two]":"{{value}}분 전","_[few]":"{{value}}분 전","_[many]":"{{value}}분 전","_[other]":"{{value}}분 전"},"hours-ago-long":{"_":"{[ plural(value) ]}","_[zero]":"지금","_[one]":"1시간 전","_[two]":"{{value}}시간 전","_[few]":"{{value}}시간 전","_[many]":"{{value}}시간 전","_[other]":"{{value}}시간 전"},"days-ago-long":{"_":"{[ plural(value) ]}","_[zero]":"오늘","_[one]":"어제","_[two]":"{{value}}일 전","_[few]":"{{value}}일 전","_[many]":"{{value}}일 전","_[other]":"{{value}}일 전"},"weeks-ago-long":{"_":"{[ plural(value) ]}","_[zero]":"이번 주","_[one]":"지난 주","_[two]":"{{value}}주 전","_[few]":"{{value}}주 전","_[many]":"{{value}}주 전","_[other]":"{{value}}주 전"},"months-ago-long":{"_":"{[ plural(value) ]}","_[zero]":"이번 달","_[one]":"지난 달","_[two]":"{{value}}개월 전","_[few]":"{{value}}개월 전","_[many]":"{{value}}개월 전","_[other]":"{{value}}개월 전"},"years-ago-long":{"_":"{[ plural(value) ]}","_[zero]":"올해","_[one]":"작년","_[two]":"{{value}}년 전","_[few]":"{{value}}년 전","_[many]":"{{value}}년 전","_[other]":"{{value}}년 전"},"minutes-until-long":{"_":"{[ plural(value) ]}","_[zero]":"지금","_[one]":"1분 후","_[two]":"{{value}}분 후","_[few]":"{{value}}분 후","_[many]":"{{value}}분 후","_[other]":"{{value}}분 후"},"hours-until-long":{"_":"{[ plural(value) ]}","_[zero]":"지금","_[one]":"한 시간 후","_[two]":"{{value}}시간 후","_[few]":"{{value}}시간 후","_[many]":"{{value}}시간 후","_[other]":"{{value}}시간 후"},"days-until-long":{"_":"{[ plural(value) ]}","_[zero]":"오늘","_[one]":"내일","_[two]":"{{value}}일 후","_[few]":"{{value}}일 후","_[many]":"{{value}}일 후","_[other]":"{{value}}일 후"},"weeks-until-long":{"_":"{[ plural(value) ]}","_[zero]":"이번 주","_[one]":"다음 주","_[two]":"{{value}}주 후","_[few]":"{{value}}주 후","_[many]":"{{value}}주 후","_[other]":"{{value}}주 후"},"months-until-long":{"_":"{[ plural(value) ]}","_[zero]":"이번 달","_[one]":"다음 달","_[two]":"{{value}}개월 후","_[few]":"{{value}}개월 후","_[many]":"{{value}}개월 후","_[other]":"{{value}}개월 후"},"years-until-long":{"_":"{[ plural(value) ]}","_[zero]":"올해","_[one]":"내년","_[two]":"{{value}}년 후","_[few]":"{{value}}년 후","_[many]":"{{value}}년 후","_[other]":"{{value}}년 후"},"minutes-ago-short":{"_":"{[ plural(value) ]}","_[zero]":"지금","_[other]":"{{value}}분 전"},"hours-ago-short":{"_":"{[ plural(value) ]}","_[zero]":"지금","_[other]":"{{value}}시간 전"},"days-ago-short":{"_":"{[ plural(value) ]}","_[zero]":"오늘","_[other]":"{{value}}일 전"},"minutes-until-short":{"_":"{[ plural(value) ]}","_[zero]":"지금","_[other]":"{{value}}분 후"},"hours-until-short":{"_":"{[ plural(value) ]}","_[zero]":"지금","_[other]":"{{value}}시간 후"},"days-until-short":{"_":"{[ plural(value) ]}","_[zero]":"오늘","_[other]":"{{value}}일 후"},"incorrectDate":{"_":"(잘못된 날짜)"},"dateTimeFormat_%c":{"_":"%Y년 %B %e일 %a %I:%M:%S %p"},"dateTimeFormat_%x":{"_":"%Y/%m/%d"},"dateTimeFormat_%X":{"_":"%I:%M:%S %p"},"shortTimeFormat":{"_":"%I:%M %p"},"shortDateTimeFormat":{"_":"%x %I:%M %p"},"weekStartsOnMonday":{"_":"0"},"time_am":{"_":"오전"},"time_pm":{"_":"오후"}}