{"number-selected2":{"_":"{[ plural(n) ]}","_[zero]":"Žymėkite","_[one]":"{{ n }} pažymėtas","_[two]":"{{ n }} pažymėti","_[few]":"{{ n }} pažymėti","_[many]":"{{ n }} pažymėta","_[other]":"{{ n }} pažymėta"},"delete-photo?":{"_":"Pašalinti nuotrauką?"},"delete-video?":{"_":"Pašalinti vaizdo įrašą?"},"delete-n-items?":{"_":"{[ plural(n) ]}","_[zero]":"Nepažymėta nieko","_[one]":"Pašalinti {{ n }} failą?","_[two]":"Pašalinti {{ n }} failus?","_[few]":"Pašalinti {{ n }} failus?","_[many]":"Pašalinti {{ n }} failų?","_[other]":"Pašalinti {{ n }} failų?"},"pickoneimage2":{"_":"Išsirinkite"},"cropimage":{"_":"Apkirpti"},"cancel":{"_":"Atsisakyti"},"delete":{"_":"Šalinti"},"ok":{"_":"Gerai"},"edit":{"_":"Taisyti"},"save":{"_":"Įrašyti"},"done":{"_":"Baigta"},"exposure":{"_":"Ekspozicija"},"crop":{"_":"Apkirpti"},"effects":{"_":"Efektai"},"borders":{"_":"Rėmeliai"},"enhance-on":{"_":"Automatinis gerinimas įj."},"enhance-off":{"_":"Automatinis gerinimas išj."},"original":{"_":"Originalas"},"blackandwhite":{"_":"J/B"},"sepia":{"_":"Sepija"},"freeform":{"_":"Laisva forma"},"portrait":{"_":"Portretas"},"landscape":{"_":"Peizažas"},"square":{"_":"Kvadratas"},"emptygallery2-title":{"_":"Nuotraukų ir vaizdo įrašų nėra"},"emptygallery2-text":{"_":"Jų galite sukurti, pasinaudodami kameros programa."},"emptygallery2-title-pick":{"_":"Nuotraukų nėra"},"nocard3-title":{"_":"Neaptikta atminties kortelė"},"nocard4-text":{"_":"Norėdami naudotis šia programa, įdėkite atminties kortelę."},"pluggedin2-title":{"_":"Atminties kortelė naudojama"},"pluggedin2-text":{"_":"Jei norite naudotis šia programa, atjunkite šį įrenginį nuo kitų."},"scanning-title":{"_":"Nuskaitoma"},"scanning-text":{"_":"Ieškoma nuotraukų ir vaizdo įrašų."},"upgrade-title":{"_":"Naujinama duomenų bazė"},"upgrade-text":{"_":"Luktelėkite, kol programa atnaujins savo duomenų bazę."},"share-noprovider":{"_":"Šio tipo paveikslu dalintis negalima."},"memorycardfull":{"_":"Nuotraukų redaguoti negalima – atminties kortelė pilna."},"imagetoobig":{"_":"Paveikslas per didelis atvaizdavimui šiame įrenginyje."},"imageinvalid":{"_":"Paveikslas sugadintas arba nežinomo tipo, todėl nebus atvaizduotas."},"saved":{"_":"Failas „{{filename}}“ įrašytas į Galeriją"},"overlay-camera-button":{"_":"Eiti į kameros programą"},"name-label":{"_":"Pavadinimas"},"size-label":{"_":"Dydis"},"image-type-label":{"_":"Paveikslo tipas"},"date-taken-label":{"_":"Fotografavimo data"},"resolution-label":{"_":"Raiška"},"close-button":{"_":"Užverti"},"byteUnit-B":{"_":"B"},"byteUnit-KB":{"_":"KB"},"byteUnit-MB":{"_":"MB"},"byteUnit-GB":{"_":"GB"},"gallery":{"_":"Galerija"},"preview":{"_":"Peržiūra"},"date-group-header":{"_":"%Y m. %B"},"weekday-0-long":{"_":"Sekmadienis"},"weekday-1-long":{"_":"Pirmadienis"},"weekday-2-long":{"_":"Antradienis"},"weekday-3-long":{"_":"Trečiadienis"},"weekday-4-long":{"_":"Ketvirtadienis"},"weekday-5-long":{"_":"Penktadienis"},"weekday-6-long":{"_":"Šeštadienis"},"weekday-0-short":{"_":"Sk"},"weekday-1-short":{"_":"Pr"},"weekday-2-short":{"_":"An"},"weekday-3-short":{"_":"Tr"},"weekday-4-short":{"_":"Kt"},"weekday-5-short":{"_":"Pn"},"weekday-6-short":{"_":"Št"},"month-0-long":{"_":"sausis"},"month-1-long":{"_":"vasaris"},"month-2-long":{"_":"kovas"},"month-3-long":{"_":"balandis"},"month-4-long":{"_":"gegužė"},"month-5-long":{"_":"birželis"},"month-6-long":{"_":"liepa"},"month-7-long":{"_":"rugpjūtis"},"month-8-long":{"_":"rugsėjis"},"month-9-long":{"_":"spalis"},"month-10-long":{"_":"lapkritis"},"month-11-long":{"_":"gruodis"},"month-0-genitive":{"_":"sausio"},"month-1-genitive":{"_":"vasario"},"month-2-genitive":{"_":"kovo"},"month-3-genitive":{"_":"balandžio"},"month-4-genitive":{"_":"gegužės"},"month-5-genitive":{"_":"birželio"},"month-6-genitive":{"_":"liepos"},"month-7-genitive":{"_":"rugpjūčio"},"month-8-genitive":{"_":"rugsėjo"},"month-9-genitive":{"_":"spalio"},"month-10-genitive":{"_":"lapkričio"},"month-11-genitive":{"_":"gruodžio"},"month-0-short":{"_":"Sau"},"month-1-short":{"_":"Vas"},"month-2-short":{"_":"Kov"},"month-3-short":{"_":"Bal"},"month-4-short":{"_":"Geg"},"month-5-short":{"_":"Bir"},"month-6-short":{"_":"Lie"},"month-7-short":{"_":"Rgp"},"month-8-short":{"_":"Rgs"},"month-9-short":{"_":"Spa"},"month-10-short":{"_":"Lap"},"month-11-short":{"_":"Grd"},"minutes-ago-long":{"_":"{[ plural(value) ]}","_[zero]":"ką tik","_[one]":"prieš {{value}} minutę","_[two]":"prieš {{value}} minutes","_[few]":"prieš {{value}} minutes","_[many]":"prieš {{value}} minučių","_[other]":"prieš {{value}} minučių"},"hours-ago-long":{"_":"{[ plural(value) ]}","_[zero]":"ką tik","_[one]":"prieš {{value}} valandą","_[two]":"prieš {{value}} valandas","_[few]":"prieš {{value}} valandas","_[many]":"prieš {{value}} valandų","_[other]":"prieš {{value}} valandų"},"days-ago-long":{"_":"{[ plural(value) ]}","_[zero]":"šiandien","_[one]":"vakar","_[two]":"prieš {{value}} dienas","_[few]":"prieš {{value}} dienas","_[many]":"prieš {{value}} dienų","_[other]":"prieš {{value}} dienų"},"weeks-ago-long":{"_":"{[ plural(value) ]}","_[zero]":"šią savaitę","_[one]":"praėjusią savaitę","_[two]":"prieš {{value}} savaites","_[few]":"prieš {{value}} savaites","_[many]":"prieš {{value}} savaičių","_[other]":"prieš {{value}} savaičių"},"months-ago-long":{"_":"{[ plural(value) ]}","_[zero]":"šį mėnesį","_[one]":"praėjusį mėnesį","_[two]":"prieš {{value}} mėnesius","_[few]":"prieš {{value}} mėnesius","_[many]":"prieš {{value}} mėnesių","_[other]":"prieš {{value}} mėnesių"},"years-ago-long":{"_":"{[ plural(value) ]}","_[zero]":"šiemet","_[one]":"prieš {{value}} metus","_[two]":"prieš {{value}} metus","_[few]":"prieš {{value}} metus","_[many]":"prieš {{value}} metų","_[other]":"prieš {{value}} metų"},"minutes-until-long":{"_":"{[ plural(value) ]}","_[zero]":"dabar","_[one]":"už {{value}} minutės","_[two]":"už {{value}} minučių","_[few]":"už {{value}} minučių","_[many]":"už {{value}} minučių","_[other]":"už {{value}} minučių"},"hours-until-long":{"_":"{[ plural(value) ]}","_[zero]":"dabar","_[one]":"už {{value}} valandos","_[two]":"už {{value}} valandų","_[few]":"už {{value}} valandų","_[many]":"už {{value}} valandų","_[other]":"už {{value}} valandų"},"days-until-long":{"_":"{[ plural(value) ]}","_[zero]":"šiandien","_[one]":"rytoj","_[two]":"už {{value}} dienų","_[few]":"už {{value}} dienų","_[many]":"už {{value}} dienų","_[other]":"už {{value}} dienų"},"weeks-until-long":{"_":"{[ plural(value) ]}","_[zero]":"šią savaitę","_[one]":"kitą savaitę","_[two]":"už {{value}} savaičių","_[few]":"už {{value}} savaičių","_[many]":"už {{value}} savaičių","_[other]":"už {{value}} savaičių"},"months-until-long":{"_":"{[ plural(value) ]}","_[zero]":"šį mėnesį","_[one]":"kitą mėnesį","_[two]":"už {{value}} mėnesių","_[few]":"už {{value}} mėnesių","_[many]":"už {{value}} mėnesių","_[other]":"už {{value}} mėnesių"},"years-until-long":{"_":"{[ plural(value) ]}","_[zero]":"šiemet","_[one]":"kitais metais","_[two]":"už {{value}} metų","_[few]":"už {{value}} metų","_[many]":"už {{value}} metų","_[other]":"už {{value}} metų"},"minutes-ago-short":{"_":"{[ plural(value) ]}","_[zero]":"ką tik","_[other]":"prieš {{value}} min."},"hours-ago-short":{"_":"{[ plural(value) ]}","_[zero]":"ką tik","_[other]":"prieš {{value}} val."},"days-ago-short":{"_":"{[ plural(value) ]}","_[zero]":"šiandien","_[other]":"prieš {{value}} d."},"minutes-until-short":{"_":"{[ plural(value) ]}","_[zero]":"dabar","_[other]":"už {{value}} min."},"hours-until-short":{"_":"{[ plural(value) ]}","_[zero]":"dabar","_[other]":"už {{value}} val."},"days-until-short":{"_":"{[ plural(value) ]}","_[zero]":"šiandien","_[other]":"už {{value}} d."},"incorrectDate":{"_":"(negalima data)"},"dateTimeFormat_%c":{"_":"%Y m. %Eb %e d. %H:%M:%S"},"dateTimeFormat_%x":{"_":"%Y-%m-%d"},"dateTimeFormat_%X":{"_":"%H:%M:%S"},"shortTimeFormat":{"_":"%H:%M"},"shortDateTimeFormat":{"_":"%x %H:%M"},"weekStartsOnMonday":{"_":"1"},"time_am":{"_":"priešpiet"},"time_pm":{"_":"popiet"}}