{"number-selected2":{"_":"{[ plural(n) ]}","_[zero]":"Избери","_[one]":"{{ n }} избрано","_[two]":"{{ n }} избрани","_[few]":"{{ n }} избрани","_[many]":"{{ n }} избрани","_[other]":"{{ n }} избрани"},"delete-photo?":{"_":"Избриши фотографија?"},"delete-video?":{"_":"Избриши видео?"},"delete-n-items?":{"_":"{[ plural(n) ]}","_[zero]":"Ништо не е избрано","_[one]":"Избриши ја избраната ставка?","_[two]":"Избриши {{ n }} ставки?","_[few]":"Избриши {{ n }} ставки?","_[many]":"Избриши {{ n }} ставки?","_[other]":"Избриши {{ n }} ставки?"},"pickoneimage2":{"_":"Избери"},"cropimage":{"_":"Исечи"},"cancel":{"_":"Откажи"},"delete":{"_":"Избриши"},"ok":{"_":"Во ред"},"edit":{"_":"Уреди"},"save":{"_":"Сними"},"done":{"_":"Готово"},"exposure":{"_":"Експозиција"},"crop":{"_":"Исечи"},"effects":{"_":"Ефекти"},"borders":{"_":"Граници"},"enhance-on":{"_":"Авто-подобрување вклучено"},"enhance-off":{"_":"Авто-подобрување исклучено"},"original":{"_":"Оригинал"},"blackandwhite":{"_":"Црно-бело"},"sepia":{"_":"Сепиа"},"freeform":{"_":"Слободна форма"},"portrait":{"_":"Портрет"},"landscape":{"_":"Песјаж"},"square":{"_":"Квадрат"},"emptygallery2-title":{"_":"Нема слики или видеа"},"emptygallery2-text":{"_":"Користете ја камерата за да започнете."},"emptygallery2-title-pick":{"_":"Нема фотографии"},"nocard3-title":{"_":"Нема мемориска картичка"},"nocard4-text":{"_":"Внесете мемориска картичка за да се користи оваа апликација."},"pluggedin2-title":{"_":"Мемориската картичка е во употреба"},"pluggedin2-text":{"_":"Извадете го кабелот за да ја користите оваа апликација."},"scanning-title":{"_":"Скенирам"},"scanning-text":{"_":"Пребарувам фотографии и видеа."},"upgrade-title":{"_":"Надградба на база"},"upgrade-text":{"_":"Ве молам почекајте додека Галерија ја ажурира својата база на податоци."},"share-noprovider":{"_":"Овој тип на слика не може да се сподели."},"memorycardfull":{"_":"Не може да се уредуваат сликите. Мемориската картичка е полна."},"imagetoobig":{"_":"Оваа слика е преголема за да се прикаже на овој уред."},"imageinvalid":{"_":"Оваа слика е корумпирана и не може да биде прикажана."},"saved":{"_":"{{filename}} е снимено во галеријата"},"overlay-camera-button":{"_":"Оди во Камера"},"name-label":{"_":"Име"},"size-label":{"_":"Големина"},"image-type-label":{"_":"Тип на слика"},"date-taken-label":{"_":"Снимено на датум"},"resolution-label":{"_":"Решение"},"close-button":{"_":"Затвори"},"byteUnit-B":{"_":"Бајти"},"byteUnit-KB":{"_":"КБ"},"byteUnit-MB":{"_":"МБ"},"byteUnit-GB":{"_":"ГБ"},"gallery":{"_":"Галерија"},"preview":{"_":"Преглед"},"date-group-header":{"_":"%B %Y"},"weekday-0-long":{"_":"Недела"},"weekday-1-long":{"_":"Понеделник"},"weekday-2-long":{"_":"Вторник"},"weekday-3-long":{"_":"Среда"},"weekday-4-long":{"_":"Четврток"},"weekday-5-long":{"_":"Петок"},"weekday-6-long":{"_":"Сабота"},"weekday-0-short":{"_":"Нед"},"weekday-1-short":{"_":"Пон"},"weekday-2-short":{"_":"Вто"},"weekday-3-short":{"_":"Сре"},"weekday-4-short":{"_":"Чет"},"weekday-5-short":{"_":"Пет"},"weekday-6-short":{"_":"Саб"},"month-0-long":{"_":"јануари"},"month-1-long":{"_":"февруари"},"month-2-long":{"_":"март"},"month-3-long":{"_":"април"},"month-4-long":{"_":"мај"},"month-5-long":{"_":"јуни"},"month-6-long":{"_":"јули"},"month-7-long":{"_":"август"},"month-8-long":{"_":"септември"},"month-9-long":{"_":"октомври"},"month-10-long":{"_":"ноември"},"month-11-long":{"_":"декември"},"month-0-genitive":{"_":"јануари"},"month-1-genitive":{"_":"февруари"},"month-2-genitive":{"_":"март"},"month-3-genitive":{"_":"април"},"month-4-genitive":{"_":"мај"},"month-5-genitive":{"_":"јуни"},"month-6-genitive":{"_":"јули"},"month-7-genitive":{"_":"август"},"month-8-genitive":{"_":"септември"},"month-9-genitive":{"_":"октомври"},"month-10-genitive":{"_":"ноември"},"month-11-genitive":{"_":"декември"},"month-0-short":{"_":"јан"},"month-1-short":{"_":"фев"},"month-2-short":{"_":"мар"},"month-3-short":{"_":"апр"},"month-4-short":{"_":"мај"},"month-5-short":{"_":"јун"},"month-6-short":{"_":"јул"},"month-7-short":{"_":"авг"},"month-8-short":{"_":"сеп"},"month-9-short":{"_":"окт"},"month-10-short":{"_":"ное"},"month-11-short":{"_":"дек"},"minutes-ago-long":{"_":"{[ plural(value) ]}","_[zero]":"сега","_[one]":"пред една минута","_[two]":"пред {{value}} минути","_[few]":"пред {{value}} минути","_[many]":"пред {{value}} минути","_[other]":"пред {{value}} минути"},"hours-ago-long":{"_":"{[ plural(value) ]}","_[zero]":"сега","_[one]":"пред еден час","_[two]":"пред {{value}} часа","_[few]":"пред {{value}} часа","_[many]":"пред {{value}} часови","_[other]":"пред {{value}} часови"},"days-ago-long":{"_":"{[ plural(value) ]}","_[zero]":"денес","_[one]":"вчера","_[two]":"пред {{value}} дена","_[few]":"пред {{value}} дена","_[many]":"пред {{value}} денови","_[other]":"пред {{value}} денови"},"weeks-ago-long":{"_":"{[ plural(value) ]}","_[zero]":"оваа недела","_[one]":"минатата недела","_[two]":"пред {{value}} недели","_[few]":"пред {{value}} недели","_[many]":"пред {{value}} недели","_[other]":"пред {{value}} недели"},"months-ago-long":{"_":"{[ plural(value) ]}","_[zero]":"овој месец","_[one]":"минатиот месец","_[two]":"пред {{value}} месеци","_[few]":"пред {{value}} месеци","_[many]":"пред {{value}} месеци","_[other]":"пред {{value}} месеци"},"years-ago-long":{"_":"{[ plural(value) ]}","_[zero]":"оваа година","_[one]":"минатата година","_[two]":"пред {{value}} години","_[few]":"пред {{value}} години","_[many]":"пред {{value}} години","_[other]":"пред {{value}} години"},"minutes-until-long":{"_":"{[ plural(value) ]}","_[zero]":"сега","_[one]":"за една минута","_[two]":"за {{value}} минути","_[few]":"за {{value}} минути","_[many]":"за {{value}} минути","_[other]":"за {{value}} минути"},"hours-until-long":{"_":"{[ plural(value) ]}","_[zero]":"сега","_[one]":"за еден час","_[two]":"за {{value}} часа","_[few]":"за {{value}} часа","_[many]":"за {{value}} часови","_[other]":"за {{value}} часови"},"days-until-long":{"_":"{[ plural(value) ]}","_[zero]":"денес","_[one]":"утре","_[two]":"за {{value}} дена","_[few]":"за {{value}} дена","_[many]":"за {{value}} денови","_[other]":"за {{value}} денови"},"weeks-until-long":{"_":"{[ plural(value) ]}","_[zero]":"оваа седмица","_[one]":"следната седмица","_[two]":"за {{value}} седмици","_[few]":"за {{value}} седмици","_[many]":"за {{value}} седмици","_[other]":"за {{value}} седмици"},"months-until-long":{"_":"{[ plural(value) ]}","_[zero]":"овој месец","_[one]":"следниот месец","_[two]":"за {{value}} месеци","_[few]":"за {{value}} месеци","_[many]":"за {{value}} месеци","_[other]":"за {{value}} месеци"},"years-until-long":{"_":"{[ plural(value) ]}","_[zero]":"оваа година","_[one]":"следната година","_[two]":"за {{value}} години","_[few]":"за {{value}} години","_[many]":"за {{value}} години","_[other]":"за {{value}} години"},"minutes-ago-short":{"_":"{[ plural(value) ]}","_[zero]":"сега","_[other]":"пред {{value}}m"},"hours-ago-short":{"_":"{[ plural(value) ]}","_[zero]":"сега","_[other]":"пред {{value}}h"},"days-ago-short":{"_":"{[ plural(value) ]}","_[zero]":"денес","_[other]":"пред {{value}}d"},"minutes-until-short":{"_":"{[ plural(value) ]}","_[zero]":"сега","_[other]":"за {{value}}m"},"hours-until-short":{"_":"{[ plural(value) ]}","_[zero]":"сега","_[other]":"за {{value}}h"},"days-until-short":{"_":"{[ plural(value) ]}","_[zero]":"денес","_[other]":"за {{value}}d"},"incorrectDate":{"_":"(неточен датум)"},"dateTimeFormat_%c":{"_":"%a %b %e %Y %H:%M:%S"},"dateTimeFormat_%x":{"_":"%d/%m/%Y"},"dateTimeFormat_%X":{"_":"%H:%M:%S"},"shortTimeFormat":{"_":"%H:%M"},"shortDateTimeFormat":{"_":"%x %H:%M"},"weekStartsOnMonday":{"_":"1"},"time_am":{"_":"AM"},"time_pm":{"_":"PM"}}