{"number-selected2":{"_":"{[ plural(n) ]}","_[zero]":"Pilih","_[one]":"{{ n }} dipilih","_[two]":"{{ n }} dipilih","_[few]":"{{ n }} dipilih","_[many]":"{{ n }} dipilih","_[other]":"{{ n }} dipilih"},"delete-photo?":{"_":"Hapuskan foto?"},"delete-video?":{"_":"Hapuskan video?"},"delete-n-items?":{"_":"{[ plural(n) ]}","_[zero]":"Tiada yang dipilih","_[one]":"Hapus item yang dipilih?","_[two]":"Hapus {{ n }} item?","_[few]":"Hapus {{ n }} item?","_[many]":"Hapus {{ n }} item?","_[other]":"Hapus {{ n }} item?"},"pickoneimage2":{"_":"Pilih"},"cropimage":{"_":"Cantas"},"cancel":{"_":"Batal"},"delete":{"_":"Hapus"},"ok":{"_":"OK"},"edit":{"_":"Sunting"},"save":{"_":"Simpan"},"done":{"_":"Selesai"},"exposure":{"_":"Dedahan"},"crop":{"_":"Cantas"},"effects":{"_":"Kesan"},"borders":{"_":"Sempadan"},"enhance-on":{"_":"Auto-tingkat hidup"},"enhance-off":{"_":"Auto-tingkat mati"},"original":{"_":"Asli"},"blackandwhite":{"_":"B&W"},"sepia":{"_":"Sepia"},"freeform":{"_":"Bentuk unik"},"portrait":{"_":"Potret"},"landscape":{"_":"Lanskap"},"square":{"_":"Petak"},"emptygallery2-title":{"_":"Tiada foto atau video"},"emptygallery2-text":{"_":"Guna app Kamera untuk memulakan."},"emptygallery2-title-pick":{"_":"Tiada foto"},"nocard3-title":{"_":"Tiada kad memori"},"nocard4-text":{"_":"Masukkan kad memori untuk menggunakan aplikasi ini."},"pluggedin2-title":{"_":"Kad memori sedang diguna"},"pluggedin2-text":{"_":"Cabut palam untuk telefon menggunakan app ini."},"scanning-title":{"_":"Mengimbas"},"scanning-text":{"_":"Melihat foto dan video."},"upgrade-title":{"_":"Naiktaraf Pangkalan Data"},"upgrade-text":{"_":"Sila tunggu ketika Galeri menaiktaraf pangkalan datanya."},"share-noprovider":{"_":"Tidak dapat kongsi jenis fail imej ini."},"memorycardfull":{"_":"Tidak dapat edit foto: Kad memori penuh."},"imagetoobig":{"_":"Imej terlalu besar untuk dipaparkan pada peranti ini."},"imageinvalid":{"_":"Imej tidak sah atau rosak dan tidak dapat dipaparkan."},"saved":{"_":"{{filename}} disimpan ke Galeri"},"overlay-camera-button":{"_":"Pergi ke Kamera"},"name-label":{"_":"Nama"},"size-label":{"_":"Saiz"},"image-type-label":{"_":"Jenis Imej"},"date-taken-label":{"_":"Tarikh Diambil"},"resolution-label":{"_":"Resolusi"},"close-button":{"_":"Tutup"},"byteUnit-B":{"_":"Bait"},"byteUnit-KB":{"_":"KB"},"byteUnit-MB":{"_":"MB"},"byteUnit-GB":{"_":"GB"},"gallery":{"_":"Galeri"},"preview":{"_":"Pralihat"},"date-group-header":{"_":"%B %Y"},"weekday-0-long":{"_":"Ahad"},"weekday-1-long":{"_":"Isnin"},"weekday-2-long":{"_":"Selasa"},"weekday-3-long":{"_":"Rabu"},"weekday-4-long":{"_":"Khamis"},"weekday-5-long":{"_":"Jumaat"},"weekday-6-long":{"_":"Sabtu"},"weekday-0-short":{"_":"Ahad"},"weekday-1-short":{"_":"Isnin"},"weekday-2-short":{"_":"Selasa"},"weekday-3-short":{"_":"Rabu"},"weekday-4-short":{"_":"Khamis"},"weekday-5-short":{"_":"Jumaat"},"weekday-6-short":{"_":"Sabtu"},"month-0-long":{"_":"Januari"},"month-1-long":{"_":"Februari"},"month-2-long":{"_":"Mac"},"month-3-long":{"_":"April"},"month-4-long":{"_":"Mei"},"month-5-long":{"_":"Jun"},"month-6-long":{"_":"Julai"},"month-7-long":{"_":"Ogos"},"month-8-long":{"_":"September"},"month-9-long":{"_":"Oktober"},"month-10-long":{"_":"November"},"month-11-long":{"_":"Disember"},"month-0-genitive":{"_":"Januari"},"month-1-genitive":{"_":"Februari"},"month-2-genitive":{"_":"Mac"},"month-3-genitive":{"_":"April"},"month-4-genitive":{"_":"Mei"},"month-5-genitive":{"_":"Jun"},"month-6-genitive":{"_":"Julai"},"month-7-genitive":{"_":"Ogos"},"month-8-genitive":{"_":"September"},"month-9-genitive":{"_":"Oktober"},"month-10-genitive":{"_":"November"},"month-11-genitive":{"_":"Disember"},"month-0-short":{"_":"Jan"},"month-1-short":{"_":"Feb"},"month-2-short":{"_":"Mac"},"month-3-short":{"_":"Apr"},"month-4-short":{"_":"Mei"},"month-5-short":{"_":"Jun"},"month-6-short":{"_":"Jul"},"month-7-short":{"_":"Ogos"},"month-8-short":{"_":"Sep"},"month-9-short":{"_":"Okt"},"month-10-short":{"_":"Nov"},"month-11-short":{"_":"Dis"},"minutes-ago-long":{"_":"{[ plural(value) ]}","_[zero]":"sebentar tadi","_[one]":"satu minit lalu","_[two]":"{{value}} minit lalu","_[few]":"{{value}} minit lalu","_[many]":"{{value}} minit lalu","_[other]":"{{value}} minit lalu"},"hours-ago-long":{"_":"{[ plural(value) ]}","_[zero]":"sebentar tadi","_[one]":"sejam yang lalu","_[two]":"{{value}} jam lalu","_[few]":"{{value}} jam lalu","_[many]":"{{value}} jam lalu","_[other]":"{{value}} jam lalu"},"days-ago-long":{"_":"{[ plural(value) ]}","_[zero]":"hari ini","_[one]":"semalam","_[two]":"{{value}} hari lalu","_[few]":"{{value}} hari lalu","_[many]":"{{value}} hari lalu","_[other]":"{{value}} hari lalu"},"weeks-ago-long":{"_":"{[ plural(value) ]}","_[zero]":"minggu ini","_[one]":"minggu lalu","_[two]":"{{value}} minggu lalu","_[few]":"{{value}} minggu lalu","_[many]":"{{value}} minggu lalu","_[other]":"{{value}} minggu lalu"},"months-ago-long":{"_":"{[ plural(value) ]}","_[zero]":"bulan ini","_[one]":"bulan lalu","_[two]":"{{value}} bulan lalu","_[few]":"{{value}} bulan lalu","_[many]":"{{value}} minit lalu","_[other]":"{{value}} minit lalu"},"years-ago-long":{"_":"{[ plural(value) ]}","_[zero]":"tahun ini","_[one]":"tahun lalu","_[two]":"{{value}} tahun lalu","_[few]":"{{value}} tahun lalu","_[many]":"{{value}} tahun lalu","_[other]":"{{value}} tahun lalu"},"minutes-until-long":{"_":"{[ plural(value) ]}","_[zero]":"sekarang","_[one]":"dalam satu minit","_[two]":"dalam {{value}} minit","_[few]":"dalam {{value}} minit","_[many]":"dalam {{value}} minit","_[other]":"dalam {{value}} minit"},"hours-until-long":{"_":"{[ plural(value) ]}","_[zero]":"sekarang","_[one]":"dalam satu jam","_[two]":"dalam {{value}} jam","_[few]":"dalam {{value}} jam","_[many]":"dalam {{value}} jam","_[other]":"dalam {{value}} jam"},"days-until-long":{"_":"{[ plural(value) ]}","_[zero]":"hari ini","_[one]":"esok","_[two]":"dalam {{value}} hari","_[few]":"dalam {{value}} hari","_[many]":"dalam {{value}} hari","_[other]":"dalam {{value}} hari"},"weeks-until-long":{"_":"{[ plural(value) ]}","_[zero]":"minggu ini","_[one]":"minggu depan","_[two]":"dalam {{value}} minggu","_[few]":"dalam {{value}} minggu","_[many]":"dalam {{value}} minggu","_[other]":"dalam {{value}} minggu"},"months-until-long":{"_":"{[ plural(value) ]}","_[zero]":"bulan ini","_[one]":"bulan depan","_[two]":"dalam {{value}} bulan","_[few]":"dalam {{value}} bulan","_[many]":"dalam {{value}} bulan","_[other]":"dalam {{value}} bulan"},"years-until-long":{"_":"{[ plural(value) ]}","_[zero]":"tahun ini","_[one]":"tahun depan","_[two]":"dalam {{value}} tahun","_[few]":"dalam {{value}} tahun","_[many]":"dalam {{value}} tahun","_[other]":"dalam {{value}} tahun"},"minutes-ago-short":{"_":"{[ plural(value) ]}","_[zero]":"sebentar tadi","_[other]":"{{value}} minit lalu"},"hours-ago-short":{"_":"{[ plural(value) ]}","_[zero]":"sebentar tadi","_[other]":"{{value}} jam lalu"},"days-ago-short":{"_":"{[ plural(value) ]}","_[zero]":"hari ini","_[other]":"{{value}} hari lalu"},"minutes-until-short":{"_":"{[ plural(value) ]}","_[zero]":"sekarang","_[other]":"dalam {{value}} minit"},"hours-until-short":{"_":"{[ plural(value) ]}","_[zero]":"sekarang","_[other]":"dalam {{value}} jam"},"days-until-short":{"_":"{[ plural(value) ]}","_[zero]":"hari ini","_[other]":"dalam {{value}} hari"},"incorrectDate":{"_":"(tarikh tidak betul)"},"dateTimeFormat_%c":{"_":"%a %b %e %Y %I:%M:%S %p"},"dateTimeFormat_%x":{"_":"%m/%d/%Y"},"dateTimeFormat_%X":{"_":"%I:%M:%S %p"},"shortTimeFormat":{"_":"%I:%M %p"},"shortDateTimeFormat":{"_":"%x %I:%M %p"},"weekStartsOnMonday":{"_":"0"},"time_am":{"_":"PG"},"time_pm":{"_":"PTG"}}