{"number-selected2":{"_":"{[ plural(n) ]}","_[zero]":"चयन गर्नुहोस","_[one]":"{{ n }} चयन गरिएको","_[two]":"{{ n }} चयन गरिएको","_[few]":"{{ n }} चयन गरिएको","_[many]":"{{ n }} चयन गरिएको","_[other]":"{{ n }} चयन गरिएको"},"delete-photo?":{"_":"तस्विर मेटाउने?"},"delete-video?":{"_":"भिडियो मेटाउने?"},"delete-n-items?":{"_":"{[ plural(n) ]}","_[zero]":"केही चयन गरिएको छैन","_[one]":"चयन गरिएको वस्तु मेटाउनुहुन्छ?","_[two]":"{{ n }} वटा वस्तुहरु मेटाउने?","_[few]":"{{ n }} वटा वस्तुहरु मेटाउने?","_[many]":"{{ n }} वटा वस्तुहरु मेटाउने?","_[other]":"{{ n }} वटा वस्तुहरु मेटाउने?"},"pickoneimage2":{"_":"चयन गर्नुहोस्"},"cropimage":{"_":"काटछाँट गर्नुहोस्"},"cancel":{"_":"रद्द गर्नुहोस्"},"delete":{"_":"मेटाउनुहोस्"},"ok":{"_":"ठीक छ"},"edit":{"_":"सम्पादन"},"save":{"_":"बचत गर्नुहोस्"},"done":{"_":"पूरा भयो"},"exposure":{"_":"प्रर्दशन"},"crop":{"_":"काटछाँट गर्नुहोस्"},"effects":{"_":"असरहरू"},"borders":{"_":"किनाराहरू"},"enhance-on":{"_":"स्वतः-बढाउन खुल्ला"},"enhance-off":{"_":"स्वतः-बढाउन बन्द"},"original":{"_":"वास्तविक"},"blackandwhite":{"_":"B&W"},"sepia":{"_":"गाढा कालो रङ"},"freeform":{"_":"स्वतन्त्ररुप"},"portrait":{"_":"पोर्ट्रेट"},"landscape":{"_":"ल्यान्डस्केप"},"square":{"_":"चारपाटे"},"emptygallery2-title":{"_":"तस्विर र भिडियोहरु छैन"},"emptygallery2-text":{"_":"सुरु हुनका लागि क्यामेरा एपको प्रयोग गर्नुहोस्।"},"emptygallery2-title-pick":{"_":"फोटो छैन"},"nocard3-title":{"_":"मेमोरी कार्ड छैन"},"nocard4-text":{"_":"यो एप प्रयोग गर्नका लागि मेमोरी कार्ड घुसाउनुहोस्।"},"pluggedin2-title":{"_":"मेमोरी कार्ड प्रयोगमा छ"},"pluggedin2-text":{"_":"यो एप प्रयोग गर्नका लागि फोनलाई छुटाउनुहोस्।"},"scanning-title":{"_":"स्क्यानिङ"},"scanning-text":{"_":"फोटोहरु र भिडियोहरुको खोजि हुँदै"},"upgrade-title":{"_":"डेटाबेस स्तरवृद्धि"},"upgrade-text":{"_":"कृपया ग्यालेरीले आफ्नो डेटाबेस अद्यावधिक गर्दासम्म प्रतिक्षा गर्नुहोस्।"},"share-noprovider":{"_":"यो तस्विरको फाइल प्रकारलाई बाड्न सकिदैन।"},"memorycardfull":{"_":"तस्विरहरुलाई सम्पादन गर्न सकिदैन: मेमोरी कार्ड भरिएको छ।"},"imagetoobig":{"_":"यस यन्त्रमा देखाउनका लागि छवि धरै ठूलो छ।"},"imageinvalid":{"_":"छवि अवैधानिक वा बिग्रिएको हुन सक्छ तेसैले देखाउनका सकिएन।"},"saved":{"_":"{{filename}} ग्यालरीमा बचत गरियो"},"overlay-camera-button":{"_":"क्यामेरातर्फ जानुहोस्"},"name-label":{"_":"नाम"},"size-label":{"_":"साइज"},"image-type-label":{"_":"छवि प्रकार"},"date-taken-label":{"_":"लिइएको मिति"},"resolution-label":{"_":"रिजोल्युसन"},"close-button":{"_":"बन्द गर्नुहोस्"},"byteUnit-B":{"_":"बाइटहरू"},"byteUnit-KB":{"_":"किलोबाइट"},"byteUnit-MB":{"_":"मेगाबाइट"},"byteUnit-GB":{"_":"गिगाबाइट"},"gallery":{"_":"ग्यालेरी"},"preview":{"_":"पूर्वावलोकन"},"date-group-header":{"_":"%B %Y"},"weekday-0-long":{"_":"आइतबार"},"weekday-1-long":{"_":"सोमबार"},"weekday-2-long":{"_":"मंगलबार"},"weekday-3-long":{"_":"बुधबार"},"weekday-4-long":{"_":"बिहिबार"},"weekday-5-long":{"_":"शुक्रबार"},"weekday-6-long":{"_":"शनिबार"},"weekday-0-short":{"_":"आइत"},"weekday-1-short":{"_":"सोम"},"weekday-2-short":{"_":"मङ्गल"},"weekday-3-short":{"_":"बुध"},"weekday-4-short":{"_":"बिहि"},"weekday-5-short":{"_":"शुक्र"},"weekday-6-short":{"_":"शनि"},"month-0-long":{"_":"जनवरी"},"month-1-long":{"_":"फेब्रुअरी"},"month-2-long":{"_":"ंमार्च"},"month-3-long":{"_":"अप्रिल"},"month-4-long":{"_":"मे"},"month-5-long":{"_":"जुन"},"month-6-long":{"_":"जुलाई"},"month-7-long":{"_":"अगस्ट"},"month-8-long":{"_":"सेप्टेम्बर"},"month-9-long":{"_":"अक्टोबर"},"month-10-long":{"_":"नोभेम्बर"},"month-11-long":{"_":"डिसेम्बर"},"month-0-genitive":{"_":"जनवरी"},"month-1-genitive":{"_":"फेब्रुअरी"},"month-2-genitive":{"_":"ंमार्च"},"month-3-genitive":{"_":"अप्रिल"},"month-4-genitive":{"_":"मे"},"month-5-genitive":{"_":"जुन"},"month-6-genitive":{"_":"जुलाई"},"month-7-genitive":{"_":"अगस्ट"},"month-8-genitive":{"_":"सेप्टेम्बर"},"month-9-genitive":{"_":"अक्टोबर"},"month-10-genitive":{"_":"नोभेम्बर"},"month-11-genitive":{"_":"डिसेम्बर"},"month-0-short":{"_":"जन"},"month-1-short":{"_":"फेब"},"month-2-short":{"_":"मार्च"},"month-3-short":{"_":"अप्रिल"},"month-4-short":{"_":"मे"},"month-5-short":{"_":"जुन"},"month-6-short":{"_":"जुलाई"},"month-7-short":{"_":"अगस्ट"},"month-8-short":{"_":"सेप्टेम्वर"},"month-9-short":{"_":"अक्टुवर"},"month-10-short":{"_":"नोभेम्वर"},"month-11-short":{"_":"डिसेम्वर"},"minutes-ago-long":{"_":"{[ plural(value) ]}","_[zero]":"भर्खरै","_[one]":"एक मिनेट अगाडि","_[two]":"{{value}} मिनेट अगाडि","_[few]":"{{value}} मिनेट अगाडि","_[many]":"{{value}} मिनेट अगाडि","_[other]":"{{value}} मिनेट अगाडि"},"hours-ago-long":{"_":"{[ plural(value) ]}","_[zero]":"भर्खरै","_[one]":"एक घन्टा अगाडि","_[two]":"{{value}} घण्टा अगाडि","_[few]":"{{value}} घण्टा अगाडि","_[many]":"{{value}} घण्टा अगाडि","_[other]":"{{value}} घण्टा अगाडि"},"days-ago-long":{"_":"{[ plural(value) ]}","_[zero]":"आज","_[one]":"हिजो","_[two]":"{{value}} दिन अगाडि","_[few]":"{{value}} दिन अगाडि","_[many]":"{{value}} दिन अगाडि","_[other]":"{{value}} दिन अगाडि"},"weeks-ago-long":{"_":"{[ plural(value) ]}","_[zero]":"यो हप्ता","_[one]":"गएको हप्ता","_[two]":"{{value}} हप्ता अगाडि","_[few]":"{{value}} हप्ता अगाडि","_[many]":"{{value}} हप्ता अगाडि","_[other]":"{{value}} हप्ता अगाडि"},"months-ago-long":{"_":"{[ plural(value) ]}","_[zero]":"यो महिना","_[one]":"गएको महिना","_[two]":"{{value}} महिना अगाडि","_[few]":"{{value}} महिना अगाडि","_[many]":"{{value}} महिना अगाडि","_[other]":"{{value}} महिना अगाडि"},"years-ago-long":{"_":"{[ plural(value) ]}","_[zero]":"यो वर्ष","_[one]":"अघिल्लो वर्ष","_[two]":"{{value}} वर्ष अगाडि","_[few]":"{{value}} वर्ष अगाडि","_[many]":"{{value}} वर्ष अगाडि","_[other]":"{{value}} वर्ष अगाडि"},"minutes-until-long":{"_":"{[ plural(value) ]}","_[zero]":"अहिले","_[one]":"एक मिनेटमा","_[two]":"{{value}} मिनेटमा","_[few]":"{{value}} मिनेटमा","_[many]":"{{value}} मिनेटमा","_[other]":"{{value}} मिनेटमा"},"hours-until-long":{"_":"{[ plural(value) ]}","_[zero]":"अहिले","_[one]":"एक घण्टामा","_[two]":"{{value}} घण्टामा","_[few]":"{{value}} घण्टामा","_[many]":"{{value}} घण्टामा","_[other]":"{{value}} घण्टामा"},"days-until-long":{"_":"{[ plural(value) ]}","_[zero]":"आज","_[one]":"भोलि","_[two]":"{{value}} दिनमा","_[few]":"{{value}} दिनमा","_[many]":"{{value}} दिनमा","_[other]":"{{value}} दिनमा"},"weeks-until-long":{"_":"{[ plural(value) ]}","_[zero]":"यो हप्ता","_[one]":"पछिल्लो हप्ता","_[two]":"{{value}} हप्तामा","_[few]":"{{value}} हप्तामा","_[many]":"{{value}} हप्तामा","_[other]":"{{value}} हप्तामा"},"months-until-long":{"_":"{[ plural(value) ]}","_[zero]":"यस महिना","_[one]":"पछिल्लो महिना","_[two]":"{{value}} महिनामा","_[few]":"{{value}} महिनामा","_[many]":"{{value}} महिनामा","_[other]":"{{value}} महिनामा"},"years-until-long":{"_":"{[ plural(value) ]}","_[zero]":"यस बर्ष","_[one]":"आर्को बर्ष","_[two]":"{{value}} बर्षमा","_[few]":"{{value}} बर्षमा","_[many]":"{{value}} वर्षमा","_[other]":"{{value}} वर्षमा"},"minutes-ago-short":{"_":"{[ plural(value) ]}","_[zero]":"भर्खरै","_[other]":"{{value}}मिनेट अघि"},"hours-ago-short":{"_":"{[ plural(value) ]}","_[zero]":"भर्खरै","_[other]":"{{value}}घण्टा अघि"},"days-ago-short":{"_":"{[ plural(value) ]}","_[zero]":"आज","_[other]":"{{value}}दिन अघि"},"minutes-until-short":{"_":"{[ plural(value) ]}","_[zero]":"अहिले","_[other]":"{{value}}मिनेटमा"},"hours-until-short":{"_":"{[ plural(value) ]}","_[zero]":"अहिले","_[other]":"{{value}}घण्टामा"},"days-until-short":{"_":"{[ plural(value) ]}","_[zero]":"आज","_[other]":"{{value}}दिनमा"},"incorrectDate":{"_":"(गलत मिति)"},"dateTimeFormat_%c":{"_":"%a %b %e %Y %I:%M:%S %p"},"dateTimeFormat_%x":{"_":"%m/%d/%Y"},"dateTimeFormat_%X":{"_":"%I:%M:%S %p"},"shortTimeFormat":{"_":"%I:%M %p"},"shortDateTimeFormat":{"_":"%x %I:%M %p"},"weekStartsOnMonday":{"_":"0"},"time_am":{"_":"ए एम"},"time_pm":{"_":"पी एम"}}