{"number-selected2":{"_":"{[ plural(n) ]}","_[zero]":"Selecteren","_[one]":"{{ n }} geselecteerd","_[two]":"{{ n }} geselecteerd","_[few]":"{{ n }} geselecteerd","_[many]":"{{ n }} geselecteerd","_[other]":"{{ n }} geselecteerd"},"delete-photo?":{"_":"Foto verwijderen?"},"delete-video?":{"_":"Video verwijderen?"},"delete-n-items?":{"_":"{[ plural(n) ]}","_[zero]":"Niets geselecteerd","_[one]":"Geselecteerde item verwijderen?","_[two]":"{{ n }} items verwijderen?","_[few]":"{{ n }} items verwijderen?","_[many]":"{{ n }} items verwijderen?","_[other]":"{{ n }} items verwijderen?"},"pickoneimage2":{"_":"Selecteren"},"cropimage":{"_":"Bijsnijden"},"cancel":{"_":"Annuleren"},"delete":{"_":"Verwijderen"},"ok":{"_":"OK"},"edit":{"_":"Bewerken"},"save":{"_":"Opslaan"},"done":{"_":"Gereed"},"exposure":{"_":"Belichting"},"crop":{"_":"Bijsnijden"},"effects":{"_":"Effecten"},"borders":{"_":"Randen"},"enhance-on":{"_":"Auto-verbeteren aan"},"enhance-off":{"_":"Auto-verbeteren uit"},"original":{"_":"Origineel"},"blackandwhite":{"_":"Z/W"},"sepia":{"_":"Sepia"},"freeform":{"_":"Vrije vorm"},"portrait":{"_":"Staand"},"landscape":{"_":"Liggend"},"square":{"_":"Vierkant"},"emptygallery2-title":{"_":"Geen foto’s of video’s"},"emptygallery2-text":{"_":"Gebruik de Camera-app om te beginnen."},"emptygallery2-title-pick":{"_":"Geen foto’s"},"nocard3-title":{"_":"Geen geheugenkaart"},"nocard4-text":{"_":"Plaats een geheugenkaart om deze app te gebruiken."},"pluggedin2-title":{"_":"Geheugenkaart in gebruik"},"pluggedin2-text":{"_":"Ontkoppel de telefoon om deze app te gebruiken."},"scanning-title":{"_":"Scannen"},"scanning-text":{"_":"Zoeken naar foto’s en video’s."},"upgrade-title":{"_":"Database-upgrade"},"upgrade-text":{"_":"Een moment, database van Galerij wordt bijgewerkt."},"share-noprovider":{"_":"Kan dit type afbeeldingsbestand niet delen."},"memorycardfull":{"_":"Kan geen foto’s bewerken: geheugenkaart is vol."},"imagetoobig":{"_":"Afbeelding is te groot om op dit apparaat te worden weergegeven."},"imageinvalid":{"_":"Afbeelding is ongeldig of beschadigd en kan niet worden weergegeven."},"saved":{"_":"{{filename}} opgelagen in Galerij"},"overlay-camera-button":{"_":"Naar camera"},"name-label":{"_":"Naam"},"size-label":{"_":"Grootte"},"image-type-label":{"_":"Afbeeldingstype"},"date-taken-label":{"_":"Gemaakt op"},"resolution-label":{"_":"Resolutie"},"close-button":{"_":"Sluiten"},"byteUnit-B":{"_":"Bytes"},"byteUnit-KB":{"_":"KB"},"byteUnit-MB":{"_":"MB"},"byteUnit-GB":{"_":"GB"},"gallery":{"_":"Galerij"},"preview":{"_":"Voorbeeld"},"date-group-header":{"_":"%B %Y"},"weekday-0-long":{"_":"zondag"},"weekday-1-long":{"_":"maandag"},"weekday-2-long":{"_":"dinsdag"},"weekday-3-long":{"_":"woensdag"},"weekday-4-long":{"_":"donderdag"},"weekday-5-long":{"_":"vrijdag"},"weekday-6-long":{"_":"zaterdag"},"weekday-0-short":{"_":"zon"},"weekday-1-short":{"_":"maa"},"weekday-2-short":{"_":"din"},"weekday-3-short":{"_":"woe"},"weekday-4-short":{"_":"don"},"weekday-5-short":{"_":"vrij"},"weekday-6-short":{"_":"zat"},"month-0-long":{"_":"januari"},"month-1-long":{"_":"februari"},"month-2-long":{"_":"maart"},"month-3-long":{"_":"april"},"month-4-long":{"_":"mei"},"month-5-long":{"_":"juni"},"month-6-long":{"_":"juli"},"month-7-long":{"_":"augustus"},"month-8-long":{"_":"september"},"month-9-long":{"_":"oktober"},"month-10-long":{"_":"november"},"month-11-long":{"_":"december"},"month-0-genitive":{"_":"januari"},"month-1-genitive":{"_":"februari"},"month-2-genitive":{"_":"maart"},"month-3-genitive":{"_":"april"},"month-4-genitive":{"_":"mei"},"month-5-genitive":{"_":"juni"},"month-6-genitive":{"_":"juli"},"month-7-genitive":{"_":"augustus"},"month-8-genitive":{"_":"september"},"month-9-genitive":{"_":"oktober"},"month-10-genitive":{"_":"november"},"month-11-genitive":{"_":"december"},"month-0-short":{"_":"jan"},"month-1-short":{"_":"feb"},"month-2-short":{"_":"mrt"},"month-3-short":{"_":"apr"},"month-4-short":{"_":"mei"},"month-5-short":{"_":"jun"},"month-6-short":{"_":"jul"},"month-7-short":{"_":"aug"},"month-8-short":{"_":"sep"},"month-9-short":{"_":"okt"},"month-10-short":{"_":"nov"},"month-11-short":{"_":"dec"},"minutes-ago-long":{"_":"{[ plural(value) ]}","_[zero]":"zojuist","_[one]":"een minuut geleden","_[two]":"{{value}} minuten geleden","_[few]":"{{value}} minuten geleden","_[many]":"{{value}} minuten geleden","_[other]":"{{value}} minuten geleden"},"hours-ago-long":{"_":"{[ plural(value) ]}","_[zero]":"zojuist","_[one]":"een uur geleden","_[two]":"{{value}} uur geleden","_[few]":"{{value}} uur geleden","_[many]":"{{value}} uur geleden","_[other]":"{{value}} uur geleden"},"days-ago-long":{"_":"{[ plural(value) ]}","_[zero]":"vandaag","_[one]":"gisteren","_[two]":"{{value}} dagen geleden","_[few]":"{{value}} dagen geleden","_[many]":"{{value}} dagen geleden","_[other]":"{{value}} dagen geleden"},"weeks-ago-long":{"_":"{[ plural(value) ]}","_[zero]":"deze week","_[one]":"vorige week","_[two]":"{{value}} weken geleden","_[few]":"{{value}} weken geleden","_[many]":"{{value}} weken geleden","_[other]":"{{value}} weken geleden"},"months-ago-long":{"_":"{[ plural(value) ]}","_[zero]":"deze maand","_[one]":"vorige maand","_[two]":"{{value}} maanden geleden","_[few]":"{{value}} maanden geleden","_[many]":"{{value}} maanden geleden","_[other]":"{{value}} maanden geleden"},"years-ago-long":{"_":"{[ plural(value) ]}","_[zero]":"dit jaar","_[one]":"vorig jaar","_[two]":"{{value}} jaar geleden","_[few]":"{{value}} jaar geleden","_[many]":"{{value}} jaar geleden","_[other]":"{{value}} jaar geleden"},"minutes-until-long":{"_":"{[ plural(value) ]}","_[zero]":"nu","_[one]":"zo meteen","_[two]":"over {{value}} minuten","_[few]":"over {{value}} minuten","_[many]":"over {{value}} minuten","_[other]":"over {{value}} minuten"},"hours-until-long":{"_":"{[ plural(value) ]}","_[zero]":"nu","_[one]":"over een uur","_[two]":"over {{value}} uur","_[few]":"over {{value}} uur","_[many]":"over {{value}} uur","_[other]":"over {{value}} uur"},"days-until-long":{"_":"{[ plural(value) ]}","_[zero]":"vandaag","_[one]":"morgen","_[two]":"over {{value}} dagen","_[few]":"over {{value}} dagen","_[many]":"over {{value}} dagen","_[other]":"over {{value}} dagen"},"weeks-until-long":{"_":"{[ plural(value) ]}","_[zero]":"deze week","_[one]":"volgende week","_[two]":"over {{value}} weken","_[few]":"over {{value}} weken","_[many]":"over {{value}} weken","_[other]":"over {{value}} weken"},"months-until-long":{"_":"{[ plural(value) ]}","_[zero]":"deze maand","_[one]":"volgende maand","_[two]":"over {{value}} maanden","_[few]":"over {{value}} maanden","_[many]":"over {{value}} maanden","_[other]":"over {{value}} maanden"},"years-until-long":{"_":"{[ plural(value) ]}","_[zero]":"dit jaar","_[one]":"volgend jaar","_[two]":"over {{value}} jaar","_[few]":"over {{value}} jaar","_[many]":"over {{value}} jaar","_[other]":"over {{value}} jaar"},"minutes-ago-short":{"_":"{[ plural(value) ]}","_[zero]":"zojuist","_[other]":"{{value}}m geleden"},"hours-ago-short":{"_":"{[ plural(value) ]}","_[zero]":"zojuist","_[other]":"{{value}}h geleden"},"days-ago-short":{"_":"{[ plural(value) ]}","_[zero]":"vandaag","_[other]":"{{value}}d geleden"},"minutes-until-short":{"_":"{[ plural(value) ]}","_[zero]":"nu","_[other]":"over {{value}}m"},"hours-until-short":{"_":"{[ plural(value) ]}","_[zero]":"nu","_[other]":"over {{value}}h"},"days-until-short":{"_":"{[ plural(value) ]}","_[zero]":"vandaag","_[other]":"over {{value}}d"},"incorrectDate":{"_":"(onjuiste datum)"},"dateTimeFormat_%c":{"_":"%a %e %b %Y %H:%M:%S"},"dateTimeFormat_%x":{"_":"%d-%m-%Y"},"dateTimeFormat_%X":{"_":"%H:%M:%S"},"shortTimeFormat":{"_":"%H:%M"},"shortDateTimeFormat":{"_":"%x %H:%M"},"weekStartsOnMonday":{"_":"1"},"time_am":{"_":"AM"},"time_pm":{"_":"PM"}}