{"number-selected2":{"_":"{[ plural(n) ]}","_[zero]":"ਚੁਣੋ","_[one]":"{{ n }} ਚੁਣੀਆਂ","_[two]":"{{ n }} ਚੁਣੀਆਂ","_[few]":"{{ n }} ਚੁਣੀਆਂ","_[many]":"{{ n }} ਚੁਣੀਆਂ","_[other]":"{{ n }} ਚੁਣੀਆਂ"},"delete-photo?":{"_":"ਫੋਟੋ ਹਟਾਉਣੀ ਹੈ?"},"delete-video?":{"_":"ਵਿਡੀਓ ਹਟਾਉਣੀ ਹੈ?"},"delete-n-items?":{"_":"{[ plural(n) ]}","_[zero]":"ਕੁਝ ਨਹੀਂ ਚੁਣਿਆ","_[one]":"ਚੁਣੀ ਆਈਟਮ ਹਟਾਉਣੀ ਹੈ?","_[two]":"{{ n }} ਆਈਟਮਾਂ ਹਟਾਉਣੀਆਂ ਹਨ?","_[few]":"{{ n }} ਆਈਟਮਾਂ ਹਟਾਉਣੀਆਂ ਹਨ?","_[many]":"{{ n }} ਆਈਟਮਾਂ ਹਟਾਉਣੀਆਂ ਹਨ?","_[other]":"{{ n }} ਆਈਟਮਾਂ ਹਟਾਉਣੀਆਂ ਹਨ?"},"pickoneimage2":{"_":"ਚੁਣੋ"},"cropimage":{"_":"ਕੀਤੀ ਚੋਣ ਕੱਟੋ"},"cancel":{"_":"ਰੱਦ ਕਰੋ"},"delete":{"_":"ਹਟਾਓ"},"ok":{"_":"ਠੀਕ ਹੈ"},"edit":{"_":"ਸੋਧ"},"save":{"_":"ਸੰਭਾਲੋ"},"done":{"_":"ਮੁਕੰਮਲ"},"exposure":{"_":"Exposure"},"crop":{"_":"ਕੀਤੀ ਚੋਣ ਕੱਟੋ"},"effects":{"_":"ਪ੍ਰਭਾਵ"},"borders":{"_":"ਹਾਸ਼ੀਏ"},"enhance-on":{"_":"ਆਟੋ-ਇੰਹਾਂਸ ਚਾਲੂ"},"enhance-off":{"_":"ਆਟੋ-ਇੰਹਾਂਸ ਬੰਦ"},"original":{"_":"ਅਸਲੀ"},"blackandwhite":{"_":"B&W"},"sepia":{"_":"Sepia"},"freeform":{"_":"Freeform"},"portrait":{"_":"ਪੋਰਟਰੇਟ"},"landscape":{"_":"ਲੈਂਡਸਕੇਪ"},"square":{"_":"ਵਰਗ"},"emptygallery2-title":{"_":"ਕੋਈ ਫੋਟੋ ਜਾਂ ਵਿਡੀਓ ਨਹੀਂ"},"emptygallery2-text":{"_":"ਸ਼ੁਰੂ ਕਰਨ ਲਈ ਕੈਮਰਾ ਐਪ ਵਰਤੋਂ"},"emptygallery2-title-pick":{"_":"ਕੋਈ ਫੋਟੋ ਨਹੀਂ"},"nocard3-title":{"_":"ਮੈਮੋਰੀ ਕਾਰਡ ਨਹੀਂ"},"nocard4-text":{"_":"ਇਹ ਐਪ ਵਰਤਣ ਲਈ ਮੈਮੋਰੀ ਕਾਰਡ ਪਾਉ।"},"pluggedin2-title":{"_":"ਮੈਮੋਰੀ ਕਾਰਡ ਵਰਤਿਆ ਜਾ ਰਿਹਾ ਹੈ"},"pluggedin2-text":{"_":"ਇਹ ਐਪ ਵਰਤਣ ਲਈ ਫੋਨ ਦਾ ਪਲੱਗ ਕੱਢੋ"},"scanning-title":{"_":"ਜਾਂਚ ਜਾਰੀ ਹੈ"},"scanning-text":{"_":"ਫੋਟੋ ਅਤੇ ਵਿਡੀਓ ਲੱਭੀਆਂ ਜਾ ਰਹੀਆਂ ਹਨ।"},"upgrade-title":{"_":"ਡਾਟਾਬੇਸ ਅੱਪਗਰੇਡ"},"upgrade-text":{"_":"ਗੈਲਰੀ ਨੂੰ ਆਪਣਾ ਡਾਟਾਬੇਸ ਅੱਪਡੇਟ ਕਰਨ ਤੱਕ ਉਡੀਕੋ।"},"share-noprovider":{"_":"ਇਹ ਚਿੱਤਰ ਫਾਇਲ ਕਿਸਮ ਸਾਂਝੀ ਨਹੀਂ ਕੀਤੀ ਜਾ ਸਕਦੀ।"},"memorycardfull":{"_":"ਫੋਟੋ ਸੋਧੀ ਨਹੀਂ ਜਾ ਸਕਦੀ: ਮੈਮੋਰੀ ਕਾਰਡ ਭਰ ਗਿਆ ਹੈ।"},"imagetoobig":{"_":"ਚਿੱਤਰ ਫਾਇਲ ਇਹ ਯੰਤਰ ਉੱਤੇ ਵਿਖਾਉਣ ਲਈ ਬਹੁਤ ਵੱਡੀ ਹੈ।"},"imageinvalid":{"_":"ਚਿੱਤਰ ਕਿਸਮ ਗਲਤ ਹੈ ਜਾਂ ਖ਼ਰਾਬ ਹੈ ਅਤੇ ਵਿਖਾਈ ਨਹੀਂ ਜਾ ਸਕਦੀ।"},"saved":{"_":"{{filename}} ਗੈਲਰੀ ਵਿੱਚ ਸੰਭਾਲੀ ਗਈ"},"overlay-camera-button":{"_":"ਕੈਮਰੇ ਉਤੇ ਜਾਓ"},"name-label":{"_":"ਨਾਂ"},"size-label":{"_":"ਆਕਾਰ"},"image-type-label":{"_":"ਚਿੱਤਰ ਕਿਸਮ"},"date-taken-label":{"_":"ਖਿੱਚਣ ਮਿਤੀ"},"resolution-label":{"_":"ਰੈਜ਼ੋਲੂਸ਼ਨ"},"close-button":{"_":"ਬੰਦ ਕਰੋ"},"byteUnit-B":{"_":"ਬਾਈਟ"},"byteUnit-KB":{"_":"KB"},"byteUnit-MB":{"_":"MB"},"byteUnit-GB":{"_":"GB"},"gallery":{"_":"ਗੈਲਰੀ"},"preview":{"_":"ਝਲਕ"},"date-group-header":{"_":"%B %Y"},"weekday-0-long":{"_":"ਐਤਵਾਰ"},"weekday-1-long":{"_":"ਸੋਮਵਾਰ"},"weekday-2-long":{"_":"ਮੰਗਲਵਾਰ"},"weekday-3-long":{"_":"ਬੁੱਧਵਾਰ"},"weekday-4-long":{"_":"ਵੀਰਵਾਰ"},"weekday-5-long":{"_":"ਸ਼ੁੱਕਰਵਾਰ"},"weekday-6-long":{"_":"ਸ਼ਨਿੱਚਰਵਾਰ"},"weekday-0-short":{"_":"ਐਤ"},"weekday-1-short":{"_":"ਸੋਮ"},"weekday-2-short":{"_":"ਮੰਗਲ"},"weekday-3-short":{"_":"ਬੁੱਧ"},"weekday-4-short":{"_":"ਵੀਰ"},"weekday-5-short":{"_":"ਸ਼ੁੱਕਰ"},"weekday-6-short":{"_":"ਸ਼ਨਿੱ"},"month-0-long":{"_":"ਜਨਵਰੀ"},"month-1-long":{"_":"ਫਰਵਰੀ"},"month-2-long":{"_":"ਮਾਰਚ"},"month-3-long":{"_":"ਅਪਰੈਲ"},"month-4-long":{"_":"ਮਈ"},"month-5-long":{"_":"ਜੂਨ"},"month-6-long":{"_":"ਜੁਲਾਈ"},"month-7-long":{"_":"ਅਗਸਤ"},"month-8-long":{"_":"ਸਤੰਬਰ"},"month-9-long":{"_":"ਅਕਤੂਬਰ"},"month-10-long":{"_":"ਨਵੰਬਰ"},"month-11-long":{"_":"ਦਸੰਬਰ"},"month-0-genitive":{"_":"ਜਨਵਰੀ"},"month-1-genitive":{"_":"ਫਰਵਰੀ"},"month-2-genitive":{"_":"ਮਾਰਚ"},"month-3-genitive":{"_":"ਅਪਰੈਲ"},"month-4-genitive":{"_":"ਮਈ"},"month-5-genitive":{"_":"ਜੂਨ"},"month-6-genitive":{"_":"ਜੁਲਾਈ"},"month-7-genitive":{"_":"ਅਗਸਤ"},"month-8-genitive":{"_":"ਸਤੰਬਰ"},"month-9-genitive":{"_":"ਅਕਤੂਬਰ"},"month-10-genitive":{"_":"ਨਵੰਬਰ"},"month-11-genitive":{"_":"ਦਸੰਬਰ"},"month-0-short":{"_":"ਜਨ"},"month-1-short":{"_":"ਫਰ"},"month-2-short":{"_":"ਮਾਰ"},"month-3-short":{"_":"ਅਪ"},"month-4-short":{"_":"ਮਈ"},"month-5-short":{"_":"ਜੂਨ"},"month-6-short":{"_":"ਜੁਲਾ"},"month-7-short":{"_":"ਅਗ"},"month-8-short":{"_":"ਸਤੰ"},"month-9-short":{"_":"ਅਕਤੂ"},"month-10-short":{"_":"ਨਵੰ"},"month-11-short":{"_":"ਦਸੰ"},"minutes-ago-long":{"_":"{[ plural(value) ]}","_[zero]":"ਹੁਣੇ ਹੀਂ","_[one]":"ਮਿੰਟ ਕੁ ਪਹਿਲਾਂ","_[two]":"{{value}} ਮਿੰਟ ਪਹਿਲਾਂ","_[few]":"{{value}} ਮਿੰਟ ਪਹਿਲਾਂ","_[many]":"{{value}} ਮਿੰਟ ਪਹਿਲਾਂ","_[other]":"{{value}}  ਮਿੰਟ ਪਹਿਲਾਂ"},"hours-ago-long":{"_":"{[ plural(value) ]}","_[zero]":"ਹੁਣੇ ਹੀ","_[one]":"ਘੰਟਾ ਪਹਿਲਾਂ","_[two]":"{{value}} ਘੰਟੇ ਪਹਿਲਾਂ","_[few]":"{{value}} ਘੰਟੇ ਪਹਿਲਾਂ","_[many]":"{{value}} ਘੰਟੇ ਪਹਿਲਾਂ","_[other]":"{{value}} ਘੰਟੇ ਪਹਿਲਾਂ"},"days-ago-long":{"_":"{[ plural(value) ]}","_[zero]":"ਅੱਜ","_[one]":"ਕੱਲ੍ਹ","_[two]":"{{value}} ਦਿਨ ਪਹਿਲਾਂ","_[few]":"{{value}} ਦਿਨ ਪਹਿਲਾਂ","_[many]":"{{value}} ਦਿਨ ਪਹਿਲਾਂ","_[other]":"{{value}} ਦਿਨ ਪਹਿਲਾਂ"},"weeks-ago-long":{"_":"{[ plural(value) ]}","_[zero]":"ਇਹ ਹਫ਼ਤੇ","_[one]":"ਪਿਛਲੇ ਹਫ਼ਤੇ","_[two]":"{{value}} ਹਫ਼ਤੇ ਪਹਿਲਾਂ","_[few]":"{{value}} ਹਫ਼ਤੇ ਪਹਿਲਾਂ","_[many]":"{{value}} ਹਫ਼ਤੇ ਪਹਿਲਾਂ","_[other]":"{{value}} ਹਫ਼ਤੇ ਪਹਿਲਾਂ"},"months-ago-long":{"_":"{[ plural(value) ]}","_[zero]":"ਇਹ ਮਹੀਨੇ","_[one]":"ਪਿਛਲੇ ਮਹੀਨੇ","_[two]":"{{value}} ਮਹੀਨੇ ਪਹਿਲਾਂ","_[few]":"{{value}} ਮਹੀਨੇ ਪਹਿਲਾਂ","_[many]":"{{value}} ਮਹੀਨੇ ਪਹਿਲਾਂ","_[other]":"{{value}} ਮਹੀਨੇ ਪਹਿਲਾਂ"},"years-ago-long":{"_":"{[ plural(value) ]}","_[zero]":"ਇਹ ਸਾਲ","_[one]":"ਪਿਛਲੇ ਸਾਲ","_[two]":"{{value}} ਸਾਲ ਪਹਿਲਾਂ","_[few]":"{{value}} ਸਾਲ ਪਹਿਲਾਂ","_[many]":"{{value}} ਸਾਲ ਪਹਿਲਾਂ","_[other]":"{{value}} ਸਾਲ ਪਹਿਲਾਂ"},"minutes-until-long":{"_":"{[ plural(value) ]}","_[zero]":"ਹੁਣ","_[one]":"ਮਿੰਟ ਵਿੱਚ","_[two]":"{{value}} ਮਿੰਟਾਂ ਵਿੱਚ","_[few]":"{{value}} ਮਿੰਟਾਂ ਵਿੱਚ","_[many]":"{{value}} ਮਿੰਟਾਂ ਵਿੱਚ","_[other]":"{{value}} ਮਿੰਟਾਂ ਵਿੱਚ"},"hours-until-long":{"_":"{[ plural(value) ]}","_[zero]":"ਹੁਣ","_[one]":"ਇੱਕ ਘੰਟੇ ਵਿੱਚ","_[two]":"{{value}} ਘੰਟਿਆਂ ਵਿੱਚ","_[few]":"{{value}} ਘੰਟਿਆਂ ਵਿੱਚ","_[many]":"{{value}} ਘੰਟਿਆਂ ਵਿੱਚ","_[other]":"{{value}} ਘੰਟਿਆਂ ਵਿੱਚ"},"days-until-long":{"_":"{[ plural(value) ]}","_[zero]":"ਅੱਜ","_[one]":"ਭਲਕੇ","_[two]":"{{value}} ਦਿਨਾਂ ਵਿੱਚ","_[few]":"{{value}} ਦਿਨਾਂ ਵਿੱਚ","_[many]":"{{value}} ਦਿਨਾਂ ਵਿੱਚ","_[other]":"{{value}} ਦਿਨਾਂ ਵਿੱਚ"},"weeks-until-long":{"_":"{[ plural(value) ]}","_[zero]":"ਇਸ ਹਫ਼ਤੇ","_[one]":"ਅਗਲੇ ਹਫ਼ਤੇ","_[two]":"{{value}} ਹਫ਼ਤਿਆਂ ਵਿੱਚ","_[few]":"{{value}} ਹਫ਼ਤਿਆਂ ਵਿੱਚ","_[many]":"{{value}} ਹਫ਼ਤਿਆਂ ਵਿੱਚ","_[other]":"{{value}} ਹਫ਼ਤਿਆਂ ਵਿੱਚ"},"months-until-long":{"_":"{[ plural(value) ]}","_[zero]":"ਇਸ ਮਹੀਨੇ","_[one]":"ਅਗਲੇ ਮਹੀਨੇ","_[two]":"{{value}} ਮਹੀਨਿਆਂ ਵਿੱਚ","_[few]":"{{value}} ਮਹੀਨਿਆਂ ਵਿੱਚ","_[many]":"{{value}} ਮਹੀਨਿਆਂ ਵਿੱਚ","_[other]":"{{value}} ਮਹੀਨਿਆਂ ਵਿੱਚ"},"years-until-long":{"_":"{[ plural(value) ]}","_[zero]":"ਇਸ ਸਾਲ","_[one]":"ਅਗਲੇ ਸਾਲ","_[two]":"{{value}} ਸਾਲਾਂ ਵਿੱਚ","_[few]":"{{value}} ਸਾਲਾਂ ਵਿੱਚ","_[many]":"{{value}} ਸਾਲਾਂ ਵਿੱਚ","_[other]":"{{value}} ਸਾਲਾਂ ਵਿੱਚ"},"minutes-ago-short":{"_":"{[ plural(value) ]}","_[zero]":"ਹੁਣੇ ਹੀ","_[other]":"{{value}}ਮਿੰ ਪਹਿਲਾਂ"},"hours-ago-short":{"_":"{[ plural(value) ]}","_[zero]":"ਹੁਣੇ ਹੀਂ","_[other]":"{{value}}ਘੰ ਪਹਿਲਾਂ"},"days-ago-short":{"_":"{[ plural(value) ]}","_[zero]":"ਅੱਜ","_[other]":"{{value}}ਦਿ ਪਹਿਲਾਂ"},"minutes-until-short":{"_":"{[ plural(value) ]}","_[zero]":"ਹੁਣ","_[other]":"{{value}}ਮਿੰ ਵਿੱਚ"},"hours-until-short":{"_":"{[ plural(value) ]}","_[zero]":"ਹੁਣ","_[other]":"{{value}}ਘੰ ਵਿੱਚ"},"days-until-short":{"_":"{[ plural(value) ]}","_[zero]":"ਅੱਜ","_[other]":"{{value}}ਦਿ ਵਿੱਚ"},"incorrectDate":{"_":"(ਗਲਤ ਮਿਤੀ)"},"dateTimeFormat_%c":{"_":"%a %e %b  %Y %I:%M:%S %p"},"dateTimeFormat_%x":{"_":"%d/%m/%Y"},"dateTimeFormat_%X":{"_":"%I:%M:%S %p"},"shortTimeFormat":{"_":"%I:%M %p"},"shortDateTimeFormat":{"_":"%x %I:%M %p"},"weekStartsOnMonday":{"_":"1"},"time_am":{"_":"ਸਵੇਰੇ"},"time_pm":{"_":"ਸ਼ਾਮ"}}