{"number-selected2":{"_":"{[plural(n)]}","_[zero]":"Zaznacz","_[one]":"{{n}} zaznaczony","_[two]":"{{n}} zaznaczone","_[few]":"{{n}} zaznaczone","_[many]":"{{n}} zaznaczonych","_[other]":"{{ n }} selected"},"delete-photo?":{"_":"Usunąć zdjęcie?"},"delete-video?":{"_":"Usunąć film?"},"delete-n-items?":{"_":"{[plural(n)]}","_[zero]":"Niczego nie znaznaczono","_[one]":"Usunąć zaznaczoną rzecz?","_[two]":"Usunąć obie rzeczy?","_[few]":"Usunąć {{n}} rzeczy?","_[many]":"Usunąć {{n}} rzeczy?","_[other]":"Usunąć {{n}} rzeczy?"},"pickoneimage2":{"_":"Wybierz"},"cropimage":{"_":"Przytnij"},"cancel":{"_":"Anuluj"},"delete":{"_":"Usuń"},"ok":{"_":"OK"},"edit":{"_":"Edytuj"},"save":{"_":"Zapisz"},"done":{"_":"Gotowe"},"exposure":{"_":"Ekspozycja"},"crop":{"_":"Kadrowanie"},"effects":{"_":"Efekty"},"borders":{"_":"Ramka"},"enhance-on":{"_":"Automatyczna korekcja włączona"},"enhance-off":{"_":"Automatyczna korekcja wyłączona"},"original":{"_":"Oryginał"},"blackandwhite":{"_":"Czarno-białe"},"sepia":{"_":"Sepia"},"freeform":{"_":"Dowolne"},"portrait":{"_":"Portret"},"landscape":{"_":"Pejzaż"},"square":{"_":"Kwadrat"},"emptygallery2-title":{"_":"Brak zdjęć i filmów"},"emptygallery2-text":{"_":"Skorzystaj z aparatu, aby rozpocząć."},"emptygallery2-title-pick":{"_":"Brak zdjęć"},"nocard3-title":{"_":"Brak karty pamięci"},"nocard4-text":{"_":"Aby używać tej aplikacji, należy włożyć kartę pamięci."},"pluggedin2-title":{"_":"Zajęta karta pamięci"},"pluggedin2-text":{"_":"Należy odłączyć telefon, aby używać tej aplikacji."},"scanning-title":{"_":"Skanowanie"},"scanning-text":{"_":"Wyszukiwanie zdjęć i klipów."},"upgrade-title":{"_":"Aktualizacja bazy danych"},"upgrade-text":{"_":"Poczekaj, aż aplikacja Galeria uaktualni swoją bazę danych."},"share-noprovider":{"_":"Nie można wysłać obrazka w tym formacie."},"memorycardfull":{"_":"Nie można edytować zdjęć: karta pamięci jest pełna."},"imagetoobig":{"_":"Zdjęcie jest zbyt duże, aby wyświetlić je na tym urządzeniu."},"imageinvalid":{"_":"Plik zdjęcia jest nieprawidłowy lub uszkodzony i nie może zostać wyświetlony."},"saved":{"_":"„{{filename}}” dodano do Galerii"},"overlay-camera-button":{"_":"Przejdź do Aparatu"},"name-label":{"_":"Nazwa"},"size-label":{"_":"Rozmiar"},"image-type-label":{"_":"Typ zdjęcia"},"date-taken-label":{"_":"Data utworzenia"},"resolution-label":{"_":"Rozdzielczość"},"close-button":{"_":"Zamknij"},"byteUnit-B":{"_":"B"},"byteUnit-KB":{"_":"KB"},"byteUnit-MB":{"_":"MB"},"byteUnit-GB":{"_":"GB"},"gallery":{"_":"Galeria"},"preview":{"_":"Podgląd"},"date-group-header":{"_":"%B %Y"},"weekday-0-long":{"_":"Niedziela"},"weekday-1-long":{"_":"Poniedziałek"},"weekday-2-long":{"_":"Wtorek"},"weekday-3-long":{"_":"Środa"},"weekday-4-long":{"_":"Czwartek"},"weekday-5-long":{"_":"Piątek"},"weekday-6-long":{"_":"Sobota"},"weekday-0-short":{"_":"Nd"},"weekday-1-short":{"_":"Pn"},"weekday-2-short":{"_":"Wt"},"weekday-3-short":{"_":"Śr"},"weekday-4-short":{"_":"Cz"},"weekday-5-short":{"_":"Pt"},"weekday-6-short":{"_":"Sb"},"month-0-long":{"_":"Styczeń"},"month-1-long":{"_":"Luty"},"month-2-long":{"_":"Marzec"},"month-3-long":{"_":"Kwiecień"},"month-4-long":{"_":"Maj"},"month-5-long":{"_":"Czerwiec"},"month-6-long":{"_":"Lipiec"},"month-7-long":{"_":"Sierpień"},"month-8-long":{"_":"Wrzesień"},"month-9-long":{"_":"Październik"},"month-10-long":{"_":"Listopad"},"month-11-long":{"_":"Grudzień"},"month-0-genitive":{"_":"stycznia"},"month-1-genitive":{"_":"lutego"},"month-2-genitive":{"_":"marca"},"month-3-genitive":{"_":"kwietnia"},"month-4-genitive":{"_":"maja"},"month-5-genitive":{"_":"czerwca"},"month-6-genitive":{"_":"lipca"},"month-7-genitive":{"_":"sierpnia"},"month-8-genitive":{"_":"września"},"month-9-genitive":{"_":"października"},"month-10-genitive":{"_":"listopada"},"month-11-genitive":{"_":"grudnia"},"month-0-short":{"_":"sty"},"month-1-short":{"_":"lut"},"month-2-short":{"_":"mar"},"month-3-short":{"_":"kwi"},"month-4-short":{"_":"maj"},"month-5-short":{"_":"cze"},"month-6-short":{"_":"lip"},"month-7-short":{"_":"sie"},"month-8-short":{"_":"wrz"},"month-9-short":{"_":"paź"},"month-10-short":{"_":"lis"},"month-11-short":{"_":"gru"},"minutes-ago-long":{"_":"{[plural(value)]}","_[zero]":"w tym momencie","_[one]":"przed minutą","_[two]":"dwie minuty temu","_[few]":"{{value}} minuty temu","_[many]":"{{value}} minut temu","_[other]":"{{value}} minut temu"},"hours-ago-long":{"_":"{[plural(value)]}","_[zero]":"w tej godzinie","_[one]":"godzinę temu","_[two]":"dwie godziny temu","_[few]":"{{value}} godziny temu","_[many]":"{{value}} godzin temu","_[other]":"{{value}} godzin temu"},"days-ago-long":{"_":"{[plural(value)]}","_[zero]":"dzisiaj","_[one]":"wczoraj","_[two]":"przedwczoraj","_[few]":"{{value}} dni temu","_[many]":"{{value}} dni temu","_[other]":"{{value}} dni temu"},"weeks-ago-long":{"_":"{[plural(value)]}","_[zero]":"w tym tygodniu","_[one]":"w zeszłym tygodniu","_[two]":"dwa tygodnie temu","_[few]":"{{value}} tygodnie temu","_[many]":"{{value}} tygodni temu","_[other]":"{{value}} tygodni temu"},"months-ago-long":{"_":"{[plural(value)]}","_[zero]":"w tym miesiącu","_[one]":"w zeszłym miesiącu","_[two]":"dwa miesiące temu","_[few]":"{{value}} miesiące temu","_[many]":"{{value}} miesięcy temu","_[other]":"{{value}} miesięcy temu"},"years-ago-long":{"_":"{[plural(value)]}","_[zero]":"w tym roku","_[one]":"w zeszłym roku","_[two]":"dwa lata temu","_[few]":"{{value}} lata temu","_[many]":"{{value}} lat temu","_[other]":"{{value}} lat temu"},"minutes-until-long":{"_":"{[plural(value)]}","_[zero]":"teraz","_[one]":"za minutę","_[two]":"za dwie minuty","_[few]":"za {{value}} minuty","_[many]":"za {{value}} minut","_[other]":"za {{value}} minut"},"hours-until-long":{"_":"{[plural(value)]}","_[zero]":"teraz","_[one]":"za godzinę","_[two]":"za dwie godziny","_[few]":"za {{value}} godziny","_[many]":"za {{value}} godzin","_[other]":"za {{value}} godzin"},"days-until-long":{"_":"{[plural(value)]}","_[zero]":"dzisiaj","_[one]":"jutro","_[two]":"za dwa dni","_[few]":"za {{value}} dni","_[many]":"za {{value}} dni","_[other]":"za {{value}} dni"},"weeks-until-long":{"_":"{[plural(value)]}","_[zero]":"w tym tygodniu","_[one]":"w przyszłym tygodniu","_[two]":"za dwa tygodnie","_[few]":"za {{value}} tygodnie","_[many]":"za {{value}} tygodni","_[other]":"za {{value}} tygodni"},"months-until-long":{"_":"{[plural(value)]}","_[zero]":"w tym miesiącu","_[one]":"w przyszłym miesiącu","_[two]":"za dwa miesiące","_[few]":"za {{value}} miesiące","_[many]":"za {{value}} miesięcy","_[other]":"za {{value}} miesięcy"},"years-until-long":{"_":"{[plural(value)]}","_[zero]":"w tym roku","_[one]":"w przyszłym roku","_[two]":"za dwa lata","_[few]":"za {{value}} lata","_[many]":"za {{value}} lat","_[other]":"za {{value}} lat"},"minutes-ago-short":{"_":"{[plural(value)]}","_[zero]":"teraz","_[other]":"{{value}} min temu"},"hours-ago-short":{"_":"{[plural(value)]}","_[zero]":"teraz","_[other]":"{{value}} godz. temu"},"days-ago-short":{"_":"{[plural(value)]}","_[zero]":"dzisiaj","_[other]":"{{value}} dni temu"},"minutes-until-short":{"_":"{[plural(value)]}","_[zero]":"teraz","_[other]":"za {{value}} min"},"hours-until-short":{"_":"{[plural(value)]}","_[zero]":"teraz","_[other]":"za {{value}} godz."},"days-until-short":{"_":"{[plural(value)]}","_[zero]":"dzisiaj","_[other]":"za {{value}} dni"},"incorrectDate":{"_":"(nieprawidłowa data)"},"dateTimeFormat_%c":{"_":"%a, %e %b %Y, %H:%M:%S"},"dateTimeFormat_%x":{"_":"%e.%m.%Y"},"dateTimeFormat_%X":{"_":"%H:%M:%S"},"shortTimeFormat":{"_":"%H:%M"},"shortDateTimeFormat":{"_":"%x %H:%M"},"weekStartsOnMonday":{"_":"1"},"time_am":{"_":"AM"},"time_pm":{"_":"PM"}}