{"number-selected2":{"_":"{[ plural(n) ]}","_[zero]":"Selecionar","_[one]":"{{ n }} selecionada","_[two]":"{{ n }} selecionadas","_[few]":"{{ n }} selecionadas","_[many]":"{{ n }} selecionadas","_[other]":"{{ n }} selecionadas"},"delete-photo?":{"_":"Apagar foto?"},"delete-video?":{"_":"Apagar vídeo?"},"delete-n-items?":{"_":"{[ plural(n) ]}","_[zero]":"Nada foi selecionado","_[one]":"Apagar o item selecionado?","_[two]":"Apagar os {{ n }} itens?","_[few]":"Apagar os {{ n }} itens?","_[many]":"Apagar os {{ n }} itens?","_[other]":"Apagar os {{ n }} itens?"},"pickoneimage2":{"_":"Selecionar"},"cropimage":{"_":"Cortar"},"cancel":{"_":"Cancelar"},"delete":{"_":"Apagar"},"ok":{"_":"OK"},"edit":{"_":"Editar"},"save":{"_":"Salvar"},"done":{"_":"Pronto"},"exposure":{"_":"Exposição"},"crop":{"_":"Cortar"},"effects":{"_":"Efeitos"},"borders":{"_":"Bordas"},"enhance-on":{"_":"Auto-correção ativada"},"enhance-off":{"_":"Auto-correção desativada"},"original":{"_":"Original"},"blackandwhite":{"_":"Preto e branco"},"sepia":{"_":"Sépia"},"freeform":{"_":"Forma livre"},"portrait":{"_":"Retrato"},"landscape":{"_":"Paisagem"},"square":{"_":"Quadrado"},"emptygallery2-title":{"_":"Nenhuma foto ou vídeo"},"emptygallery2-text":{"_":"Use a Câmera para começar."},"emptygallery2-title-pick":{"_":"No photos"},"nocard3-title":{"_":"Nenhum cartão de memória"},"nocard4-text":{"_":"Insert a memory card to use this app."},"pluggedin2-title":{"_":"Cartão de memória em uso"},"pluggedin2-text":{"_":"Desplugue seu aparelho para usar este aplicativo."},"scanning-title":{"_":"Procurando"},"scanning-text":{"_":"Procurando fotos e vídeos."},"upgrade-title":{"_":"Atualização do banco de dados"},"upgrade-text":{"_":"Por favor, aguarde enquanto o banco de dados da Galeria é atualizado."},"share-noprovider":{"_":"Não é possível compartilhar esse tipo de imagem."},"memorycardfull":{"_":"Não é possível editar fotos: o cartão de memória está cheio."},"imagetoobig":{"_":"A imagem é muito grande para ser exibida neste aparelho."},"imageinvalid":{"_":"A imagem é inválida ou está corrompida e não pode ser exibida."},"saved":{"_":"{{filename}} salva na Galeria"},"overlay-camera-button":{"_":"Ir para a Câmera"},"name-label":{"_":"Nome"},"size-label":{"_":"Tamanho"},"image-type-label":{"_":"Tipo da imagem"},"date-taken-label":{"_":"Data da criação"},"resolution-label":{"_":"Resolução"},"close-button":{"_":"Fechar"},"byteUnit-B":{"_":"Bytes"},"byteUnit-KB":{"_":"KB"},"byteUnit-MB":{"_":"MB"},"byteUnit-GB":{"_":"GB"},"gallery":{"_":"Gallery"},"preview":{"_":"Preview"},"date-group-header":{"_":"%B %Y"},"nocard3-text":{"_":"Insira um cartão de memória ou selecione uma localização alternativa de mídia nas configurações para usar este aplicativo."},"storage-setting-button":{"_":"Configurações de armazenamento de mídia"},"weekday-0-long":{"_":"Domingo"},"weekday-1-long":{"_":"Segunda-feira"},"weekday-2-long":{"_":"Terça-feira"},"weekday-3-long":{"_":"Quarta-feira"},"weekday-4-long":{"_":"Quinta-feira"},"weekday-5-long":{"_":"Sexta-feira"},"weekday-6-long":{"_":"Sábado"},"weekday-0-short":{"_":"Dom"},"weekday-1-short":{"_":"Seg"},"weekday-2-short":{"_":"Ter"},"weekday-3-short":{"_":"Qua"},"weekday-4-short":{"_":"Qui"},"weekday-5-short":{"_":"Sex"},"weekday-6-short":{"_":"Sáb"},"month-0-long":{"_":"Janeiro"},"month-1-long":{"_":"Fevereiro"},"month-2-long":{"_":"Março"},"month-3-long":{"_":"Abril"},"month-4-long":{"_":"Maio"},"month-5-long":{"_":"Junho"},"month-6-long":{"_":"Julho"},"month-7-long":{"_":"Agosto"},"month-8-long":{"_":"Setembro"},"month-9-long":{"_":"Outubro"},"month-10-long":{"_":"Novembro"},"month-11-long":{"_":"Dezembro"},"month-0-genitive":{"_":"Janeiro"},"month-1-genitive":{"_":"Fevereiro"},"month-2-genitive":{"_":"Março"},"month-3-genitive":{"_":"Abril"},"month-4-genitive":{"_":"Maio"},"month-5-genitive":{"_":"Junho"},"month-6-genitive":{"_":"Julho"},"month-7-genitive":{"_":"Agosto"},"month-8-genitive":{"_":"Setembro"},"month-9-genitive":{"_":"Outubro"},"month-10-genitive":{"_":"Novembro"},"month-11-genitive":{"_":"Dezembro"},"month-0-short":{"_":"Jan"},"month-1-short":{"_":"Fev"},"month-2-short":{"_":"Mar"},"month-3-short":{"_":"Abr"},"month-4-short":{"_":"Mai"},"month-5-short":{"_":"Jun"},"month-6-short":{"_":"Jul"},"month-7-short":{"_":"Ago"},"month-8-short":{"_":"Set"},"month-9-short":{"_":"Out"},"month-10-short":{"_":"Nov"},"month-11-short":{"_":"Dez"},"minutes-ago-long":{"_":"{[ plural(value) ]}","_[zero]":"há pouco","_[one]":"um minuto atrás","_[two]":"{{value}} minutos atrás","_[few]":"{{value}} minutos atrás","_[many]":"{{value}} minutos atrás","_[other]":"{{value}} minutos atrás"},"hours-ago-long":{"_":"{[ plural(value) ]}","_[zero]":"há pouco","_[one]":"uma hora atrás","_[two]":"{{value}} horas atrás","_[few]":"{{value}} horas atrás","_[many]":"{{value}} horas atrás","_[other]":"{{value}} horas atrás"},"days-ago-long":{"_":"{[ plural(value) ]}","_[zero]":"hoje","_[one]":"ontem","_[two]":"{{value}} dias atrás","_[few]":"{{value}} dias atrás","_[many]":"{{value}} dias atrás","_[other]":"{{value}} dias atrás"},"weeks-ago-long":{"_":"{[ plural(value) ]}","_[zero]":"esta semana","_[one]":"semana passada","_[two]":"{{value}} semanas atrás","_[few]":"{{value}} semanas atrás","_[many]":"{{value}} semanas atrás","_[other]":"{{value}} semanas atrás"},"months-ago-long":{"_":"{[ plural(value) ]}","_[zero]":"este mês","_[one]":"mês passado","_[two]":"{{value}} meses atrás","_[few]":"{{value}} meses atrás","_[many]":"{{value}} meses atrás","_[other]":"{{value}} meses atrás"},"years-ago-long":{"_":"{[ plural(value) ]}","_[zero]":"este ano","_[one]":"ano passado","_[two]":"{{value}} anos atrás","_[few]":"{{value}} anos atrás","_[many]":"{{value}} anos atrás","_[other]":"{{value}} anos atrás"},"minutes-until-long":{"_":"{[ plural(value) ]}","_[zero]":"agora","_[one]":"em um minuto","_[two]":"em {{value}} minutos","_[few]":"em {{value}} minutos","_[many]":"em {{value}} minutos","_[other]":"em {{value}} minutos"},"hours-until-long":{"_":"{[ plural(value) ]}","_[zero]":"agora","_[one]":"em uma hora","_[two]":"em {{value}} horas","_[few]":"em {{value}} horas","_[many]":"em {{value}} horas","_[other]":"em {{value}} horas"},"days-until-long":{"_":"{[ plural(value) ]}","_[zero]":"hoje","_[one]":"amanhã","_[two]":"em {{value}} dias","_[few]":"em {{value}} dias","_[many]":"em {{value}} dias","_[other]":"em {{value}} dias"},"weeks-until-long":{"_":"{[ plural(value) ]}","_[zero]":"esta semana","_[one]":"semana que vem","_[two]":"em {{value}} semanas","_[few]":"em {{value}} semanas","_[many]":"em {{value}} semanas","_[other]":"em {{value}} semanas"},"months-until-long":{"_":"{[ plural(value) ]}","_[zero]":"este mês","_[one]":"mês que vem","_[two]":"em {{value}} meses","_[few]":"em {{value}} meses","_[many]":"em {{value}} meses","_[other]":"em {{value}} meses"},"years-until-long":{"_":"{[ plural(value) ]}","_[zero]":"este ano","_[one]":"ano que vem","_[two]":"em {{value}} anos","_[few]":"em {{value}} anos","_[many]":"em {{value}} anos","_[other]":"em {{value}} anos"},"minutes-ago-short":{"_":"{[ plural(value) ]}","_[zero]":"há pouco","_[other]":"{{value}}min atrás"},"hours-ago-short":{"_":"{[ plural(value) ]}","_[zero]":"há pouco","_[other]":"{{value}}h atrás"},"days-ago-short":{"_":"{[ plural(value) ]}","_[zero]":"hoje","_[other]":"{{value}}d atrás"},"minutes-until-short":{"_":"{[ plural(value) ]}","_[zero]":"agora","_[other]":"em {{value}}min"},"hours-until-short":{"_":"{[ plural(value) ]}","_[zero]":"agora","_[other]":"em {{value}}h"},"days-until-short":{"_":"{[ plural(value) ]}","_[zero]":"hoje","_[other]":"em {{value}}d"},"incorrectDate":{"_":"(data incorreta)"},"dateTimeFormat_%c":{"_":"%A, %e de %B de %Y %Hh %Mmin %Ss"},"dateTimeFormat_%x":{"_":"%d/%m/%Y"},"dateTimeFormat_%X":{"_":"%Hh %Mmin %Ss"},"shortTimeFormat":{"_":"%Hh%M"},"shortDateTimeFormat":{"_":"%x %Hh%M"},"weekStartsOnMonday":{"_":"0"},"time_am":{"_":"AM"},"time_pm":{"_":"PM"}}