{"number-selected2":{"_":"{[ plural(n) ]}","_[zero]":"Selectează","_[one]":"{{ n }} selectate","_[two]":"{{ n }} selectate","_[few]":"{{ n }} selectate","_[many]":"{{ n }} selectate","_[other]":"{{ n }} selectate"},"delete-photo?":{"_":"Ștergi fotografia?"},"delete-video?":{"_":"Ștergi videoclipul?"},"delete-n-items?":{"_":"{[ plural(n) ]}","_[zero]":"Nimic selectat","_[one]":"Ștergi obiectul selectat?","_[two]":"Ștergi {{ n }} obiecte?","_[few]":"Ștergi {{ n }} obiecte?","_[many]":"Ștergi {{ n }} obiecte?","_[other]":"Ștergi {{ n }} obiecte?"},"pickoneimage2":{"_":"Selectează"},"cropimage":{"_":"Decupare"},"cancel":{"_":"Renunță"},"delete":{"_":"Șterge"},"ok":{"_":"Ok"},"edit":{"_":"Editează"},"save":{"_":"Salvează"},"done":{"_":"Gata"},"exposure":{"_":"Expunere"},"crop":{"_":"Decupare"},"effects":{"_":"Efecte"},"borders":{"_":"Borduri"},"enhance-on":{"_":"Îmbunătățire automată activată"},"enhance-off":{"_":"Îmbunătățire automată dezactivată"},"original":{"_":"Original"},"blackandwhite":{"_":"Alb-negru"},"sepia":{"_":"Sepia"},"freeform":{"_":"Formă liberă"},"portrait":{"_":"Portret"},"landscape":{"_":"Peisaj"},"square":{"_":"Pătrat"},"emptygallery2-title":{"_":"Nicio fotografie sau videoclip"},"emptygallery2-text":{"_":"Folosește aplicația Cameră pentru a începe."},"emptygallery2-title-pick":{"_":"Nicio fotografie"},"nocard3-title":{"_":"Niciun card de memorie"},"nocard4-text":{"_":"Inserează un card de memorie pentru a folosi această aplicație."},"pluggedin2-title":{"_":"Card de memorie în uz"},"pluggedin2-text":{"_":"Deconectează telefonul pentru a folosi această aplicație."},"scanning-title":{"_":"Se scanează"},"scanning-text":{"_":"Se caută fotografii și videoclipuri."},"upgrade-title":{"_":"Actualizarea bazei de date"},"upgrade-text":{"_":"Te rugăm să aștepți cât timp Galerie își actualizează baza de date."},"share-noprovider":{"_":"Nu se poate partaja acest tip de imagine."},"memorycardfull":{"_":"Nu se pot edita fotografii: cardul de memorie e plin."},"imagetoobig":{"_":"Imaginea este prea mare pentru a fi afișată de acest dispozitiv."},"imageinvalid":{"_":"Imaginea este invalidă sau coruptă și nu poate fi afișată."},"saved":{"_":"{{filename}} salvat în Galerie"},"overlay-camera-button":{"_":"Du-te la aplicația Cameră"},"name-label":{"_":"Nume"},"size-label":{"_":"Mărime"},"image-type-label":{"_":"Tipul imaginii"},"date-taken-label":{"_":"Data fotografierii"},"resolution-label":{"_":"Rezoluție"},"close-button":{"_":"Închide"},"byteUnit-B":{"_":"Bytes"},"byteUnit-KB":{"_":"KB"},"byteUnit-MB":{"_":"MB"},"byteUnit-GB":{"_":"GB"},"gallery":{"_":"Galerie"},"preview":{"_":"Previzualizează"},"date-group-header":{"_":"%B %Y"},"weekday-0-long":{"_":"duminică"},"weekday-1-long":{"_":"luni"},"weekday-2-long":{"_":"marți"},"weekday-3-long":{"_":"miercuri"},"weekday-4-long":{"_":"joi"},"weekday-5-long":{"_":"vineri"},"weekday-6-long":{"_":"sâmbătă"},"weekday-0-short":{"_":"dum"},"weekday-1-short":{"_":"lun"},"weekday-2-short":{"_":"mar"},"weekday-3-short":{"_":"mie"},"weekday-4-short":{"_":"joi"},"weekday-5-short":{"_":"vin"},"weekday-6-short":{"_":"sâm"},"month-0-long":{"_":"ianuarie"},"month-1-long":{"_":"februarie"},"month-2-long":{"_":"martie"},"month-3-long":{"_":"aprilie"},"month-4-long":{"_":"mai"},"month-5-long":{"_":"iunie"},"month-6-long":{"_":"iulie"},"month-7-long":{"_":"august"},"month-8-long":{"_":"septembrie"},"month-9-long":{"_":"octombrie"},"month-10-long":{"_":"noiembrie"},"month-11-long":{"_":"decembrie"},"month-0-genitive":{"_":"ianuarie"},"month-1-genitive":{"_":"februarie"},"month-2-genitive":{"_":"martie"},"month-3-genitive":{"_":"aprilie"},"month-4-genitive":{"_":"mai"},"month-5-genitive":{"_":"iunie"},"month-6-genitive":{"_":"iulie"},"month-7-genitive":{"_":"august"},"month-8-genitive":{"_":"septembrie"},"month-9-genitive":{"_":"octombrie"},"month-10-genitive":{"_":"noiembrie"},"month-11-genitive":{"_":"decembrie"},"month-0-short":{"_":"ian"},"month-1-short":{"_":"feb"},"month-2-short":{"_":"mar"},"month-3-short":{"_":"apr"},"month-4-short":{"_":"mai"},"month-5-short":{"_":"iun"},"month-6-short":{"_":"iul"},"month-7-short":{"_":"aug"},"month-8-short":{"_":"sep"},"month-9-short":{"_":"oct"},"month-10-short":{"_":"noi"},"month-11-short":{"_":"dec"},"minutes-ago-long":{"_":"{[ plural(value) ]}","_[zero]":"chiar acum","_[one]":"acum un minut","_[two]":"acum {{value}} minute","_[few]":"acum {{value}} minute","_[many]":"acum {{value}} minute","_[other]":"acum {{value}} minute"},"hours-ago-long":{"_":"{[ plural(value) ]}","_[zero]":"chiar acum","_[one]":"acum cu o oră","_[two]":"acum {{value}} ore","_[few]":"acum {{value}} ore","_[many]":"acum {{value}} ore","_[other]":"acum {{value}} ore"},"days-ago-long":{"_":"{[ plural(value) ]}","_[zero]":"astăzi","_[one]":"ieri","_[two]":"acum {{value}} zile","_[few]":"acum {{value}} zile","_[many]":"acum {{value}} zile","_[other]":"acum {{value}} zile"},"weeks-ago-long":{"_":"{[ plural(value) ]}","_[zero]":"săptămâna aceasta","_[one]":"săptămâna trecută","_[two]":"acum {{value}} săptămâni","_[few]":"acum {{value}} săptămâni","_[many]":"acum {{value}} săptămâni","_[other]":"acum {{value}} săptămâni"},"months-ago-long":{"_":"{[ plural(value) ]}","_[zero]":"luna aceasta","_[one]":"luna trecută","_[two]":"acum {{value}} luni","_[few]":"acum {{value}} luni","_[many]":"acum {{value}} luni","_[other]":"acum {{value}} luni"},"years-ago-long":{"_":"{[ plural(value) ]}","_[zero]":"anul acesta","_[one]":"anul trecut","_[two]":"acum {{value}} ani","_[few]":"acum {{value}} ani","_[many]":"acum {{value}} ani","_[other]":"acum {{value}} ani"},"minutes-until-long":{"_":"{[ plural(value) ]}","_[zero]":"acum","_[one]":"într-un minut","_[two]":"în {{value}} minute","_[few]":"în {{value}} minute","_[many]":"în {{value}} minute","_[other]":"în {{value}} minute"},"hours-until-long":{"_":"{[ plural(value) ]}","_[zero]":"acum","_[one]":"într-o oră","_[two]":"în {{value}} ore","_[few]":"în {{value}} ore","_[many]":"în {{value}} ore","_[other]":"în {{value}} ore"},"days-until-long":{"_":"{[ plural(value) ]}","_[zero]":"astăzi","_[one]":"mâine","_[two]":"în {{value}} zile","_[few]":"în {{value}} zile","_[many]":"în {{value}} zile","_[other]":"în {{value}} zile"},"weeks-until-long":{"_":"{[ plural(value) ]}","_[zero]":"săptămâna aceasta","_[one]":"săptămâna următoare","_[two]":"în {{value}} săptămâni","_[few]":"în {{value}} săptămâni","_[many]":"în {{value}} săptămâni","_[other]":"în {{value}} săptămâni"},"months-until-long":{"_":"{[ plural(value) ]}","_[zero]":"luna aceasta","_[one]":"luna următoare","_[two]":"în {{value}} luni","_[few]":"în {{value}} luni","_[many]":"în {{value}} luni","_[other]":"în {{value}} luni"},"years-until-long":{"_":"{[ plural(value) ]}","_[zero]":"anul acesta","_[one]":"anul următor","_[two]":"în {{value}} ani","_[few]":"în {{value}} ani","_[many]":"în {{value}} ani","_[other]":"în {{value}} ani"},"minutes-ago-short":{"_":"{[ plural(value) ]}","_[zero]":"chiar acum","_[other]":"acum {{value}} min."},"hours-ago-short":{"_":"{[ plural(value) ]}","_[zero]":"chiar acum","_[other]":"acum {{value}}h"},"days-ago-short":{"_":"{[ plural(value) ]}","_[zero]":"astăzi","_[other]":"acum {{value}}z"},"minutes-until-short":{"_":"{[ plural(value) ]}","_[zero]":"acum","_[other]":"în {{value}}m"},"hours-until-short":{"_":"{[ plural(value) ]}","_[zero]":"acum","_[other]":"în {{value}}h"},"days-until-short":{"_":"{[ plural(value) ]}","_[zero]":"astăzi","_[other]":"în {{value}}z"},"incorrectDate":{"_":"(dată incorectă)"},"dateTimeFormat_%c":{"_":"%a, %e %b %Y %H:%M:%S"},"dateTimeFormat_%x":{"_":"%d/%m/%Y"},"dateTimeFormat_%X":{"_":"%H:%M:%S"},"shortTimeFormat":{"_":"%H:%M"},"shortDateTimeFormat":{"_":"%x %H:%M"},"weekStartsOnMonday":{"_":"0"},"time_am":{"_":"AM"},"time_pm":{"_":"PM"}}