{"number-selected2":{"_":"{[ plural(n) ]}","_[zero]":"Выбрать","_[one]":"Выбран {{ n }}","_[two]":"Выбрано {{ n }}","_[few]":"Выбрано {{ n }}","_[many]":"Выбрано {{ n }}","_[other]":"Выбрано {{ n }}"},"delete-photo?":{"_":"Удалить фото?"},"delete-video?":{"_":"Удалить видео?"},"delete-n-items?":{"_":"{[ plural(n) ]}","_[zero]":"Ничего не выбрано","_[one]":"Удалить {{ n }} файл?","_[two]":"Удалить {{ n }} файла?","_[few]":"Удалить {{ n }} файла?","_[many]":"Удалить {{ n }} файлов?","_[other]":"Удалить {{ n }} файлов?"},"pickoneimage2":{"_":"Выбрать"},"cropimage":{"_":"Обрезать"},"cancel":{"_":"Отмена"},"delete":{"_":"Удалить"},"ok":{"_":"OK"},"edit":{"_":"Правка"},"save":{"_":"Сохранить"},"done":{"_":"Готово"},"exposure":{"_":"Экспозиция"},"crop":{"_":"Обрезать"},"effects":{"_":"Эффекты"},"borders":{"_":"Границы"},"enhance-on":{"_":"Автоусиление вкл."},"enhance-off":{"_":"Автоусиление откл."},"original":{"_":"Оригинал"},"blackandwhite":{"_":"Ч/Б"},"sepia":{"_":"Сепия"},"freeform":{"_":"Полотно"},"portrait":{"_":"Книжная"},"landscape":{"_":"Альбомная"},"square":{"_":"Квадрат"},"emptygallery2-title":{"_":"Нет фото или видео"},"emptygallery2-text":{"_":"Для начала съемки используйте приложение Камера."},"emptygallery2-title-pick":{"_":"Нет фото"},"nocard3-title":{"_":"Нет карты памяти"},"nocard4-text":{"_":"Для использования этого приложения вставьте карту памяти."},"pluggedin2-title":{"_":"Карта памяти сейчас используется"},"pluggedin2-text":{"_":"Для использования этого приложения, отсоедините телефон."},"scanning-title":{"_":"Сканирование"},"scanning-text":{"_":"Поиск фото и видео."},"upgrade-title":{"_":"Обновление базы данных"},"upgrade-text":{"_":"Пожалуйста, подождите, пока Галерея обновляет свою базу данных."},"share-noprovider":{"_":"Не удалось поделиться этим типом файла изображения."},"memorycardfull":{"_":"Не могу редактировать фото: нет места на карте памяти."},"imagetoobig":{"_":"Изображение слишком велико для отображения на этом устройстве."},"imageinvalid":{"_":"Изображение некорректно или искажено и не может быть отображено."},"saved":{"_":"{{filename}} сохранено в Галерею"},"overlay-camera-button":{"_":"Перейти к Камере"},"name-label":{"_":"Имя"},"size-label":{"_":"Размер"},"image-type-label":{"_":"Тип изображения"},"date-taken-label":{"_":"Дата съёмки"},"resolution-label":{"_":"Разрешение"},"close-button":{"_":"Закрыть"},"byteUnit-B":{"_":"байт"},"byteUnit-KB":{"_":"КБ"},"byteUnit-MB":{"_":"МБ"},"byteUnit-GB":{"_":"ГБ"},"gallery":{"_":"Галерея"},"preview":{"_":"Предпросмотр"},"date-group-header":{"_":"%B %Y"},"weekday-0-long":{"_":"Воскресенье"},"weekday-1-long":{"_":"Понедельник"},"weekday-2-long":{"_":"Вторник"},"weekday-3-long":{"_":"Среда"},"weekday-4-long":{"_":"Четверг"},"weekday-5-long":{"_":"Пятница"},"weekday-6-long":{"_":"Суббота"},"weekday-0-short":{"_":"Вс"},"weekday-1-short":{"_":"Пн"},"weekday-2-short":{"_":"Вт"},"weekday-3-short":{"_":"Ср"},"weekday-4-short":{"_":"Чт"},"weekday-5-short":{"_":"Пт"},"weekday-6-short":{"_":"Сб"},"month-0-long":{"_":"Январь"},"month-1-long":{"_":"Февраль"},"month-2-long":{"_":"Март"},"month-3-long":{"_":"Апрель"},"month-4-long":{"_":"Май"},"month-5-long":{"_":"Июнь"},"month-6-long":{"_":"Июль"},"month-7-long":{"_":"Август"},"month-8-long":{"_":"Сентябрь"},"month-9-long":{"_":"Октябрь"},"month-10-long":{"_":"Ноябрь"},"month-11-long":{"_":"Декабрь"},"month-0-genitive":{"_":"января"},"month-1-genitive":{"_":"февраля"},"month-2-genitive":{"_":"марта"},"month-3-genitive":{"_":"апреля"},"month-4-genitive":{"_":"мая"},"month-5-genitive":{"_":"июня"},"month-6-genitive":{"_":"июля"},"month-7-genitive":{"_":"августа"},"month-8-genitive":{"_":"сентября"},"month-9-genitive":{"_":"октября"},"month-10-genitive":{"_":"ноября"},"month-11-genitive":{"_":"декабря"},"month-0-short":{"_":"Январь"},"month-1-short":{"_":"Февраль"},"month-2-short":{"_":"Март"},"month-3-short":{"_":"Апрель"},"month-4-short":{"_":"Май"},"month-5-short":{"_":"Июнь"},"month-6-short":{"_":"Июль"},"month-7-short":{"_":"Август"},"month-8-short":{"_":"Сентябрь"},"month-9-short":{"_":"Октябрь"},"month-10-short":{"_":"Ноябрь"},"month-11-short":{"_":"Декабрь"},"minutes-ago-long":{"_":"{[ plural(value) ]}","_[zero]":"прямо сейчас","_[one]":"{{value}} минуту назад","_[two]":"{{value}} минуты назад","_[few]":"{{value}} минуты назад","_[many]":"{{value}} минут назад","_[other]":"{{value}} минут назад"},"hours-ago-long":{"_":"{[ plural(value) ]}","_[zero]":"прямо сейчас","_[one]":"{{value}} час назад","_[two]":"{{value}} часа назад","_[few]":"{{value}} часа назад","_[many]":"{{value}} часов назад","_[other]":"{{value}} часов назад"},"days-ago-long":{"_":"{[ plural(value) ]}","_[zero]":"сегодня","_[one]":"{{value}} день назад","_[two]":"{{value}} дня назад","_[few]":"{{value}} дня назад","_[many]":"{{value}} дней назад","_[other]":"{{value}} дней назад"},"weeks-ago-long":{"_":"{[ plural(value) ]}","_[zero]":"эта неделя","_[one]":"{{value}} неделя назад","_[two]":"{{value}} недели назад","_[few]":"{{value}} недели назад","_[many]":"{{value}} недель назад","_[other]":"{{value}} недель назад"},"months-ago-long":{"_":"{[ plural(value) ]}","_[zero]":"этот месяц","_[one]":"{{value}} месяц назад","_[two]":"{{value}} месяца назад","_[few]":"{{value}} месяца назад","_[many]":"{{value}} месяцев назад","_[other]":"{{value}} месяцев назад"},"years-ago-long":{"_":"{[ plural(value) ]}","_[zero]":"этот год","_[one]":"{{value}} год назад","_[two]":"{{value}} года назад","_[few]":"{{value}} года назад","_[many]":"{{value}} лет назад","_[other]":"{{value}} лет назад"},"minutes-until-long":{"_":"{[ plural(value) ]}","_[zero]":"сейчас","_[one]":"через {{value}} минуту","_[two]":"через {{value}} минуты","_[few]":"через {{value}} минуты","_[many]":"через {{value}} минут","_[other]":"через {{value}} минут"},"hours-until-long":{"_":"{[ plural(value) ]}","_[zero]":"сейчас","_[one]":"через {{value}} час","_[two]":"через {{value}} часа","_[few]":"через {{value}} часа","_[many]":"через {{value}} часов","_[other]":"через {{value}} часов"},"days-until-long":{"_":"{[ plural(value) ]}","_[zero]":"сегодня","_[one]":"через {{value}} день","_[two]":"через {{value}} дня","_[few]":"через {{value}} дня","_[many]":"через {{value}} дней","_[other]":"через {{value}} дней"},"weeks-until-long":{"_":"{[ plural(value) ]}","_[zero]":"эта неделя","_[one]":"через {{value}} неделю","_[two]":"через {{value}} недели","_[few]":"через {{value}} недели","_[many]":"через {{value}} недель","_[other]":"через {{value}} недель"},"months-until-long":{"_":"{[ plural(value) ]}","_[zero]":"этот месяц","_[one]":"через {{value}} месяц","_[two]":"через {{value}} месяца","_[few]":"через {{value}} месяца","_[many]":"через {{value}} месяцев","_[other]":"через {{value}} месяцев"},"years-until-long":{"_":"{[ plural(value) ]}","_[zero]":"этот год","_[one]":"через {{value}} год","_[two]":"через {{value}} года","_[few]":"через {{value}} года","_[many]":"через {{value}} лет","_[other]":"через {{value}} лет"},"minutes-ago-short":{"_":"{[ plural(value) ]}","_[zero]":"сейчас","_[other]":"{{value}}м назад"},"hours-ago-short":{"_":"{[ plural(value) ]}","_[zero]":"сейчас","_[other]":"{{value}}ч назад"},"days-ago-short":{"_":"{[ plural(value) ]}","_[zero]":"сегодня","_[other]":"{{value}}д назад"},"minutes-until-short":{"_":"{[ plural(value) ]}","_[zero]":"сейчас","_[other]":"через {{value}}м"},"hours-until-short":{"_":"{[ plural(value) ]}","_[zero]":"сейчас","_[other]":"через {{value}}ч"},"days-until-short":{"_":"{[ plural(value) ]}","_[zero]":"сегодня","_[other]":"через {{value}}д"},"incorrectDate":{"_":"(некорректная дата)"},"dateTimeFormat_%c":{"_":"%a, %e %Eb %Y, %H:%M:%S"},"dateTimeFormat_%x":{"_":"%d.%m.%Y"},"dateTimeFormat_%X":{"_":"%H:%M:%S"},"shortTimeFormat":{"_":"%H:%M"},"shortDateTimeFormat":{"_":"%x %H:%M"},"weekStartsOnMonday":{"_":"1"},"time_am":{"_":"AM"},"time_pm":{"_":"PM"}}