{"number-selected2":{"_":"{[ plural(n) ]}","_[zero]":"Përzgjidhni","_[one]":"{{ n }} e përzgjedhur","_[two]":"{{ n }} të përzgjedhura","_[few]":"{{ n }} të përzgjedhura","_[many]":"{{ n }} të përzgjedhura","_[other]":"{{ n }} të përzgjedhura"},"delete-photo?":{"_":"Të fshihet fotoja?"},"delete-video?":{"_":"Të fshihet videoja?"},"delete-n-items?":{"_":"{[ plural(n) ]}","_[zero]":"Nuk është përzgjedhur gjë","_[one]":"Të fshihet objekti i përzgjedhur?","_[two]":"Të fshihen {{ n }} objektet?","_[few]":"Të fshihen {{ n }} objektet?","_[many]":"Të fshihen {{ n }} objektet?","_[other]":"Të fshihen {{ n }} objektet?"},"pickoneimage2":{"_":"Përzgjidhni"},"cropimage":{"_":"Qethe"},"cancel":{"_":"Anuloje"},"delete":{"_":"Fshije"},"ok":{"_":"OK"},"edit":{"_":"Përpunojeni"},"save":{"_":"Ruaje"},"done":{"_":"U bë"},"exposure":{"_":"Ekspozim"},"crop":{"_":"Qethe"},"effects":{"_":"Efekte"},"borders":{"_":"Anë"},"enhance-on":{"_":"Vetë-zgjerimi on"},"enhance-off":{"_":"Vetë-zgjerimi off"},"original":{"_":"Origjinali"},"blackandwhite":{"_":"B & Z"},"sepia":{"_":"Sepia"},"freeform":{"_":"Formë e lirë"},"portrait":{"_":"Portret"},"landscape":{"_":"Peizazh"},"square":{"_":"Kuadrat"},"emptygallery2-title":{"_":"Pa foto ose video"},"emptygallery2-text":{"_":"Përdorni zbatimin Kamera që t'ia filloni."},"emptygallery2-title-pick":{"_":"Pa foto"},"nocard3-title":{"_":"Pa kartë kujtese"},"nocard4-text":{"_":"Që të përdorni këtë zbatim, futni një kartë kujtese."},"pluggedin2-title":{"_":"Kartë kujtese në përdorim"},"pluggedin2-text":{"_":"Që të përdorni këtë zbatim, hiqeni telefonin nga priza."},"scanning-title":{"_":"Kontroll"},"scanning-text":{"_":"Po shihet për foto dhe video."},"upgrade-title":{"_":"Përmirësim baze të dhënash"},"upgrade-text":{"_":"Ju lutemi, prisni teksa Galeria përditëson bazën e vet të të dhënave."},"share-noprovider":{"_":"Ky lloj kartele figurash nuk ndahet dot me të tjerët."},"memorycardfull":{"_":"Fotot nuk përpunohen dot: karta e kujtesës është plot."},"imagetoobig":{"_":"Figura është shumë e madhe për shfaqje në këtë pajisje."},"imageinvalid":{"_":"Figura është e pavlefshme ose e dëmtuar dhe nuk mund të shfaqet."},"saved":{"_":"{{filename}} u ruajt te Galeria"},"overlay-camera-button":{"_":"Kalo te Kamera"},"name-label":{"_":"Emër"},"size-label":{"_":"Madhësi"},"image-type-label":{"_":"Lloj Figure"},"date-taken-label":{"_":"Datë Shkrepjeje"},"resolution-label":{"_":"Qartësi"},"close-button":{"_":"Mbylle"},"byteUnit-B":{"_":"Bajte"},"byteUnit-KB":{"_":"KB"},"byteUnit-MB":{"_":"MB"},"byteUnit-GB":{"_":"GB"},"gallery":{"_":"Galeri"},"preview":{"_":"Paraparje"},"date-group-header":{"_":"%B %Y"},"weekday-0-long":{"_":"E diel"},"weekday-1-long":{"_":"E hënë"},"weekday-2-long":{"_":"E martë"},"weekday-3-long":{"_":"E mërkurë"},"weekday-4-long":{"_":"E enjte"},"weekday-5-long":{"_":"E premte"},"weekday-6-long":{"_":"E shtunë"},"weekday-0-short":{"_":"Die"},"weekday-1-short":{"_":"Hën"},"weekday-2-short":{"_":"Mar"},"weekday-3-short":{"_":"Mër"},"weekday-4-short":{"_":"Enj"},"weekday-5-short":{"_":"Pre"},"weekday-6-short":{"_":"Sht"},"month-0-long":{"_":"Janar"},"month-1-long":{"_":"Shkurt"},"month-2-long":{"_":"Mars"},"month-3-long":{"_":"Prill"},"month-4-long":{"_":"Maj"},"month-5-long":{"_":"Qershor"},"month-6-long":{"_":"Korrik"},"month-7-long":{"_":"Gusht"},"month-8-long":{"_":"Shtator"},"month-9-long":{"_":"Tetor"},"month-10-long":{"_":"Nëntor"},"month-11-long":{"_":"Dhjetor"},"month-0-genitive":{"_":"të Janarit"},"month-1-genitive":{"_":"të Shkurtit"},"month-2-genitive":{"_":"të Marsit"},"month-3-genitive":{"_":"të Prillit"},"month-4-genitive":{"_":"të Majit"},"month-5-genitive":{"_":"të Qershorit"},"month-6-genitive":{"_":"të Korrikut"},"month-7-genitive":{"_":"të Gushtit"},"month-8-genitive":{"_":"të Shtatorit"},"month-9-genitive":{"_":"të Tetorit"},"month-10-genitive":{"_":"të Nëntorit"},"month-11-genitive":{"_":"të Dhjetorit"},"month-0-short":{"_":"Jan"},"month-1-short":{"_":"Shk"},"month-2-short":{"_":"Mar"},"month-3-short":{"_":"Pri"},"month-4-short":{"_":"Maj"},"month-5-short":{"_":"Qer"},"month-6-short":{"_":"Kor"},"month-7-short":{"_":"Gus"},"month-8-short":{"_":"Sht"},"month-9-short":{"_":"Tet"},"month-10-short":{"_":"Nën"},"month-11-short":{"_":"Dhj"},"minutes-ago-long":{"_":"{[ plural(value) ]}","_[zero]":"mu tani","_[one]":"një minutë më parë","_[two]":"{{value}} minuta më parë","_[few]":"{{value}} minuta më parë","_[many]":"{{value}} minuta më parë","_[other]":"{{value}} minuta më parë"},"hours-ago-long":{"_":"{[ plural(value) ]}","_[zero]":"mu tani","_[one]":"një orë më parë","_[two]":"{{value}} orë më parë","_[few]":"{{value}} orë më parë","_[many]":"{{value}} orë më parë","_[other]":"{{value}} orë më parë"},"days-ago-long":{"_":"{[ plural(value) ]}","_[zero]":"sot","_[one]":"dje","_[two]":"{{value}} ditë më parë","_[few]":"{{value}} ditë më parë","_[many]":"{{value}} ditë më parë","_[other]":"{{value}} ditë më parë"},"weeks-ago-long":{"_":"{[ plural(value) ]}","_[zero]":"këtë javë","_[one]":"javën e kaluar","_[two]":"{{value}} javë më parë","_[few]":"{{value}} javë më parë","_[many]":"{{value}} javë më parë","_[other]":"{{value}} javë më parë"},"months-ago-long":{"_":"{[ plural(value) ]}","_[zero]":"këtë muaj","_[one]":"muajin e kaluar","_[two]":"{{value}} muaj më parë","_[few]":"{{value}} muaj më parë","_[many]":"{{value}} muaj më parë","_[other]":"{{value}} muaj më parë"},"years-ago-long":{"_":"{[ plural(value) ]}","_[zero]":"këtë vit","_[one]":"vitin e kaluar","_[two]":"{{value}} vite më parë","_[few]":"{{value}} vite më parë","_[many]":"{{value}} vite më parë","_[other]":"{{value}} vite më parë"},"minutes-until-long":{"_":"{[ plural(value) ]}","_[zero]":"tani","_[one]":"për një minutë","_[two]":"për {{value}} minuta","_[few]":"për {{value}} minuta","_[many]":"për {{value}} minuta","_[other]":"për {{value}} minuta"},"hours-until-long":{"_":"{[ plural(value) ]}","_[zero]":"tani","_[one]":"për një orë","_[two]":"për {{value}} orë","_[few]":"për {{value}} orë","_[many]":"për {{value}} orë","_[other]":"për {{value}} orë"},"days-until-long":{"_":"{[ plural(value) ]}","_[zero]":"sot","_[one]":"nesër","_[two]":"për {{value}} ditë","_[few]":"për {{value}} ditë","_[many]":"për {{value}} ditë","_[other]":"për {{value}} ditë"},"weeks-until-long":{"_":"{[ plural(value) ]}","_[zero]":"këtë javë","_[one]":"javën pasuese","_[two]":"për {{value}} javë","_[few]":"për {{value}} javë","_[many]":"për {{value}} javë","_[other]":"për {{value}} javë"},"months-until-long":{"_":"{[ plural(value) ]}","_[zero]":"këtë muaj","_[one]":"muajin pasues","_[two]":"për {{value}} muaj","_[few]":"për {{value}} muaj","_[many]":"për {{value}} muaj","_[other]":"për {{value}} muaj"},"years-until-long":{"_":"{[ plural(value) ]}","_[zero]":"këtë vit","_[one]":"vitin pasues","_[two]":"për {{value}} vjet","_[few]":"për {{value}} vjet","_[many]":"për {{value}} vjet","_[other]":"për {{value}} vjet"},"minutes-ago-short":{"_":"{[ plural(value) ]}","_[zero]":"mu tani","_[other]":"{{value}}m më parë"},"hours-ago-short":{"_":"{[ plural(value) ]}","_[zero]":"mu tani","_[other]":"{{value}}h më parë"},"days-ago-short":{"_":"{[ plural(value) ]}","_[zero]":"sot","_[other]":"{{value}}d më parë"},"minutes-until-short":{"_":"{[ plural(value) ]}","_[zero]":"tani","_[other]":"për {{value}}m"},"hours-until-short":{"_":"{[ plural(value) ]}","_[zero]":"tani","_[other]":"për {{value}}h"},"days-until-short":{"_":"{[ plural(value) ]}","_[zero]":"sot","_[other]":"për {{value}}d"},"incorrectDate":{"_":"(datë e pasaktë)"},"dateTimeFormat_%c":{"_":"%a %e %b %Y %I:%M:%S %p"},"dateTimeFormat_%x":{"_":"%m/%d/%Y"},"dateTimeFormat_%X":{"_":"%I:%M:%S %p"},"shortTimeFormat":{"_":"%I:%M %p"},"shortDateTimeFormat":{"_":"%x %I:%M %p"},"weekStartsOnMonday":{"_":"0"},"time_am":{"_":"AM"},"time_pm":{"_":"PM"}}