{"number-selected2":{"_":"{[ plural(n) ]}","_[zero]":"Označi","_[one]":"{{ n }} je označena","_[two]":"{{ n }} su označene","_[few]":"{{ n }} je označeno","_[many]":"{{ n }} je označeno","_[other]":"{{ n }} je označeno"},"delete-photo?":{"_":"Obrisati sliku?"},"delete-video?":{"_":"Obrisati video?"},"delete-n-items?":{"_":"{[ plural(n) ]}","_[zero]":"Ništa nije označeno","_[one]":"Obrisati označenu stavku?","_[two]":"Obrisati {{ n }} stavke?","_[few]":"Obrisati {{ n }} stavki?","_[many]":"Obrisati {{ n }} stavki?","_[other]":"Obrisati {{ n }} stavki?"},"pickoneimage2":{"_":"Označi"},"cropimage":{"_":"Iseci"},"cancel":{"_":"Otkaži"},"delete":{"_":"Obriši"},"ok":{"_":"U redu"},"edit":{"_":"Uredi"},"save":{"_":"Sačuvaj"},"done":{"_":"Gotovo"},"exposure":{"_":"Ekspozicija"},"crop":{"_":"Iseci"},"effects":{"_":"Efekti"},"borders":{"_":"Okviri"},"enhance-on":{"_":"auto-poboljšanje uključeno"},"enhance-off":{"_":"auto-poboljšanje isključeno"},"original":{"_":"Original"},"blackandwhite":{"_":"Crno-bela"},"sepia":{"_":"Sepia"},"freeform":{"_":"Ručno"},"portrait":{"_":"Uspravno"},"landscape":{"_":"Položeno"},"square":{"_":"Kvadrat"},"emptygallery2-title":{"_":"Nema slika ili videa"},"emptygallery2-text":{"_":"Koristite aplikaciju kamere da biste započeli."},"emptygallery2-title-pick":{"_":"Nema slika"},"nocard3-title":{"_":"Nema memorijske kartice"},"nocard4-text":{"_":"Umetnite memorijsku karticu za korišćenje ove aplikacije."},"pluggedin2-title":{"_":"Memorijska kartica je trenutno u upotrebi"},"pluggedin2-text":{"_":"Otkačite priključak sa telefona da biste koristili ovu aplikaciju."},"scanning-title":{"_":"Skeniranje"},"scanning-text":{"_":"Pretraga fotografija i video snimaka."},"upgrade-title":{"_":"Nadogradnja baze"},"upgrade-text":{"_":"Molim Vas sačekajte dok Galerija ne ažurira svoju bazu."},"share-noprovider":{"_":"Ova vrsta slike se ne može deliti."},"memorycardfull":{"_":"Nije moguće uređivati slike: memorijska kartica je puna."},"imagetoobig":{"_":"Slika je previše velika da bi bila prikazana na ovom uređaju."},"imageinvalid":{"_":"Slika nije validna ili je neispravna i ne može biti prikazana."},"saved":{"_":"{{filename}} je snimljen"},"overlay-camera-button":{"_":"Kamera"},"name-label":{"_":"Naziv"},"size-label":{"_":"Veličina"},"image-type-label":{"_":"Tip slike"},"date-taken-label":{"_":"Datum slikanja"},"resolution-label":{"_":"Rezolucija"},"close-button":{"_":"Zatvori"},"byteUnit-B":{"_":"bajtova"},"byteUnit-KB":{"_":"KB"},"byteUnit-MB":{"_":"MB"},"byteUnit-GB":{"_":"GB"},"gallery":{"_":"Galerija"},"preview":{"_":"Prikaz"},"date-group-header":{"_":"%B %Y"},"weekday-0-long":{"_":"Nedelja"},"weekday-1-long":{"_":"Ponedeljak"},"weekday-2-long":{"_":"Utorak"},"weekday-3-long":{"_":"Sreda"},"weekday-4-long":{"_":"Četvrtak"},"weekday-5-long":{"_":"Petak"},"weekday-6-long":{"_":"Subota"},"weekday-0-short":{"_":"Ned"},"weekday-1-short":{"_":"Pon"},"weekday-2-short":{"_":"Uto"},"weekday-3-short":{"_":"Sre"},"weekday-4-short":{"_":"Čet"},"weekday-5-short":{"_":"Pet"},"weekday-6-short":{"_":"Sub"},"month-0-long":{"_":"januar"},"month-1-long":{"_":"februar"},"month-2-long":{"_":"mart"},"month-3-long":{"_":"april"},"month-4-long":{"_":"maj"},"month-5-long":{"_":"jun"},"month-6-long":{"_":"jul"},"month-7-long":{"_":"avgust"},"month-8-long":{"_":"septembar"},"month-9-long":{"_":"oktobar"},"month-10-long":{"_":"novembar"},"month-11-long":{"_":"decembar"},"month-0-genitive":{"_":"januara"},"month-1-genitive":{"_":"februara"},"month-2-genitive":{"_":"marta"},"month-3-genitive":{"_":"aprila"},"month-4-genitive":{"_":"maja"},"month-5-genitive":{"_":"juna"},"month-6-genitive":{"_":"jula"},"month-7-genitive":{"_":"avgusta"},"month-8-genitive":{"_":"septembra"},"month-9-genitive":{"_":"oktobra"},"month-10-genitive":{"_":"novembra"},"month-11-genitive":{"_":"decembra"},"month-0-short":{"_":"jan"},"month-1-short":{"_":"feb"},"month-2-short":{"_":"mar"},"month-3-short":{"_":"apr"},"month-4-short":{"_":"maj"},"month-5-short":{"_":"jun"},"month-6-short":{"_":"jul"},"month-7-short":{"_":"avg"},"month-8-short":{"_":"sep"},"month-9-short":{"_":"okt"},"month-10-short":{"_":"nov"},"month-11-short":{"_":"dec"},"minutes-ago-long":{"_":"{[ plural(value) ]}","_[zero]":"upravo","_[one]":"pre minut","_[two]":"pre {{value}} minuta","_[few]":"pre {{value}} minuta","_[many]":"pre {{value}} minuta","_[other]":"pre {{value}} minuta"},"hours-ago-long":{"_":"{[ plural(value) ]}","_[zero]":"upravo","_[one]":"pre sat vremena","_[two]":"pre {{value}} sata","_[few]":"pre {{value}} sati","_[many]":"pre {{value}} sati","_[other]":"pre {{value}} sati"},"days-ago-long":{"_":"{[ plural(value) ]}","_[zero]":"danas","_[one]":"juče","_[two]":"pre {{value}} dana","_[few]":"pre {{value}} dana","_[many]":"pre {{value}} dana","_[other]":"pre {{value}} dana"},"weeks-ago-long":{"_":"{[ plural(value) ]}","_[zero]":"ove nedelje","_[one]":"prošle nedelje","_[two]":"pre {{value}} nedelje","_[few]":"pre {{value}} nedelja","_[many]":"pre {{value}} nedelja","_[other]":"pre {{value}} nedelja"},"months-ago-long":{"_":"{[ plural(value) ]}","_[zero]":"ovog meseca","_[one]":"prošlog meseca","_[two]":"pre {{value}} meseca","_[few]":"pre {{value}} meseci","_[many]":"pre {{value}} meseci","_[other]":"pre {{value}} meseci"},"years-ago-long":{"_":"{[ plural(value) ]}","_[zero]":"ove godine","_[one]":"prošle godine","_[two]":"pre {{value}} godine","_[few]":"pre {{value}} godina","_[many]":"pre {{value}} godina","_[other]":"pre {{value}} godina"},"minutes-until-long":{"_":"{[ plural(value) ]}","_[zero]":"upravo","_[one]":"za jedan minut","_[two]":"za {{value}} minuta","_[few]":"za {{value}} minuta","_[many]":"za {{value}} minuta","_[other]":"za {{value}} minuta"},"hours-until-long":{"_":"{[ plural(value) ]}","_[zero]":"upravo","_[one]":"za sat vremena","_[two]":"za {{value}} sata","_[few]":"za {{value}} sati","_[many]":"za {{value}} sati","_[other]":"za {{value}} sati"},"days-until-long":{"_":"{[ plural(value) ]}","_[zero]":"danas","_[one]":"sutra","_[two]":"za {{value}} dana","_[few]":"za {{value}} dana","_[many]":"za {{value}} dana","_[other]":"za {{value}} dana"},"weeks-until-long":{"_":"{[ plural(value) ]}","_[zero]":"ove nedelje","_[one]":"sledeće nedelje","_[two]":"za {{value}} nedelje","_[few]":"za {{value}} nedelja","_[many]":"za {{value}} nedelja","_[other]":"za {{value}} nedelja"},"months-until-long":{"_":"{[ plural(value) ]}","_[zero]":"ovog meseca","_[one]":"sledećeg meseca","_[two]":"za {{value}} meseca","_[few]":"za {{value}} meseci","_[many]":"za {{value}} meseci","_[other]":"za {{value}} meseci"},"years-until-long":{"_":"{[ plural(value) ]}","_[zero]":"ove godine","_[one]":"sledeće godine","_[two]":"za {{value}} godine","_[few]":"za {{value}} godina","_[many]":"za {{value}} godina","_[other]":"za {{value}} godina"},"minutes-ago-short":{"_":"{[ plural(value) ]}","_[zero]":"upravo","_[other]":"pre {{value}}m"},"hours-ago-short":{"_":"{[ plural(value) ]}","_[zero]":"upravo","_[other]":"pre {{value}}s"},"days-ago-short":{"_":"{[ plural(value) ]}","_[zero]":"danas","_[other]":"pre {{value}}d"},"minutes-until-short":{"_":"{[ plural(value) ]}","_[zero]":"upravo","_[other]":"za {{value}}m"},"hours-until-short":{"_":"{[ plural(value) ]}","_[zero]":"upravo","_[other]":"za {{value}}s"},"days-until-short":{"_":"{[ plural(value) ]}","_[zero]":"danas","_[other]":"za {{value}}d"},"incorrectDate":{"_":"(netačan datum)"},"dateTimeFormat_%c":{"_":"%a %e %b %Y %H:%M:%S"},"dateTimeFormat_%x":{"_":"%d.%m.%Y"},"dateTimeFormat_%X":{"_":"%H:%M:%S"},"shortTimeFormat":{"_":"%H:%M"},"shortDateTimeFormat":{"_":"%x %H:%M"},"weekStartsOnMonday":{"_":"1"},"time_am":{"_":"AM"},"time_pm":{"_":"PM"}}