{"number-selected2":{"_":"{[ plural(n) ]}","_[zero]":"Markera","_[one]":"{{ n }} markerad","_[two]":"{{ n }} markerade","_[few]":"{{ n }} markerade","_[many]":"{{ n }} markerade","_[other]":"{{ n }} markerade"},"delete-photo?":{"_":"Ta bort bild?"},"delete-video?":{"_":"Ta bort video?"},"delete-n-items?":{"_":"{[ plural(n) ]}","_[zero]":"Inget markerat","_[one]":"Ta bort markerat objekt?","_[two]":"Ta bort {{ n }} objekt?","_[few]":"Ta bort {{ n }} objekt?","_[many]":"Ta bort {{ n }} objekt?","_[other]":"Ta bort {{ n }} objekt?"},"pickoneimage2":{"_":"Välj"},"cropimage":{"_":"Beskär"},"cancel":{"_":"Avbryt"},"delete":{"_":"Ta bort"},"ok":{"_":"OK"},"edit":{"_":"Redigera"},"save":{"_":"Spara"},"done":{"_":"Klar"},"exposure":{"_":"Exponering"},"crop":{"_":"Beskär"},"effects":{"_":"Effekter"},"borders":{"_":"Kanter"},"enhance-on":{"_":"Auto-förbättra på"},"enhance-off":{"_":"Auto-förbättra av"},"original":{"_":"Original"},"blackandwhite":{"_":"Svartvit"},"sepia":{"_":"Sepia"},"freeform":{"_":"Frihand"},"portrait":{"_":"Stående"},"landscape":{"_":"Liggande"},"square":{"_":"Fyrkant"},"emptygallery2-title":{"_":"Inga bilder eller videor"},"emptygallery2-text":{"_":"Använd kamera-appen för att komma igång"},"emptygallery2-title-pick":{"_":"Inga bilder"},"nocard3-title":{"_":"Inget minneskort"},"nocard4-text":{"_":"Sätt in ett minneskort för att använda denna app."},"pluggedin2-title":{"_":"Minneskort används"},"pluggedin2-text":{"_":"Koppla ut telefonen för att använda appen."},"scanning-title":{"_":"Skannar"},"scanning-text":{"_":"Söker efter foton och videor."},"upgrade-title":{"_":"Databasuppgradering"},"upgrade-text":{"_":"Vänta medan Galleri uppdaterar sin databas."},"share-noprovider":{"_":"Kan inte dela "},"memorycardfull":{"_":"Kan inte redigera bilder: Minneskortet är fullt."},"imagetoobig":{"_":"Bilden är för stor för att visas på enheten."},"imageinvalid":{"_":"Bilden är ogiltig eller skadad och kan inte visas."},"saved":{"_":"{{filename}} sparad till Galleri"},"overlay-camera-button":{"_":"Gå till Kamera"},"name-label":{"_":"Namn"},"size-label":{"_":"Storlek"},"image-type-label":{"_":"Bildtyp"},"date-taken-label":{"_":"Datum taget"},"resolution-label":{"_":"Upplösning"},"close-button":{"_":"Stäng"},"byteUnit-B":{"_":"byte"},"byteUnit-KB":{"_":"kB"},"byteUnit-MB":{"_":"MB"},"byteUnit-GB":{"_":"GB"},"gallery":{"_":"Galleri"},"preview":{"_":"Förhandsgranska"},"date-group-header":{"_":"%B %Y"},"weekday-0-long":{"_":"Söndag"},"weekday-1-long":{"_":"Måndag"},"weekday-2-long":{"_":"Tisdag"},"weekday-3-long":{"_":"Onsdag"},"weekday-4-long":{"_":"Torsdag"},"weekday-5-long":{"_":"Fredag"},"weekday-6-long":{"_":"Lördag"},"weekday-0-short":{"_":"Sön"},"weekday-1-short":{"_":"Mån"},"weekday-2-short":{"_":"Tis"},"weekday-3-short":{"_":"Ons"},"weekday-4-short":{"_":"Tor"},"weekday-5-short":{"_":"Fre"},"weekday-6-short":{"_":"Lör"},"month-0-long":{"_":"Januari"},"month-1-long":{"_":"Februari"},"month-2-long":{"_":"Mars"},"month-3-long":{"_":"April"},"month-4-long":{"_":"Maj"},"month-5-long":{"_":"Juni"},"month-6-long":{"_":"Juli"},"month-7-long":{"_":"Augusti"},"month-8-long":{"_":"September"},"month-9-long":{"_":"Oktober"},"month-10-long":{"_":"November"},"month-11-long":{"_":"December"},"month-0-genitive":{"_":"Januari"},"month-1-genitive":{"_":"Februari"},"month-2-genitive":{"_":"Mars"},"month-3-genitive":{"_":"April"},"month-4-genitive":{"_":"Maj"},"month-5-genitive":{"_":"Juni"},"month-6-genitive":{"_":"Juli"},"month-7-genitive":{"_":"Augusti"},"month-8-genitive":{"_":"September"},"month-9-genitive":{"_":"Oktober"},"month-10-genitive":{"_":"November"},"month-11-genitive":{"_":"December"},"month-0-short":{"_":"Jan"},"month-1-short":{"_":"Feb"},"month-2-short":{"_":"Mar"},"month-3-short":{"_":"Apr"},"month-4-short":{"_":"Maj"},"month-5-short":{"_":"Jun"},"month-6-short":{"_":"Jul"},"month-7-short":{"_":"Aug"},"month-8-short":{"_":"Sep"},"month-9-short":{"_":"Okt"},"month-10-short":{"_":"Nov"},"month-11-short":{"_":"Dec"},"minutes-ago-long":{"_":"{[ plural(value) ]}","_[zero]":"nyss","_[one]":"en minut sen","_[two]":"{{value}} minuter sen","_[few]":"{{value}} minuter sen","_[many]":"{{value}} minuter sen","_[other]":"{{value}} minuter sen"},"hours-ago-long":{"_":"{[ plural(value) ]}","_[zero]":"nyss","_[one]":"en timme sen","_[two]":"{{value}} timmar sen","_[few]":"{{value}} timmar sen","_[many]":"{{value}} timmar sen","_[other]":"{{value}} timmar sen"},"days-ago-long":{"_":"{[ plural(value) ]}","_[zero]":"idag","_[one]":"igår","_[two]":"{{value}} dagar sen","_[few]":"{{value}} dagar sen","_[many]":"{{value}} dagar sen","_[other]":"{{value}} dagar sen"},"weeks-ago-long":{"_":"{[ plural(value) ]}","_[zero]":"denna vecka","_[one]":"förra veckan","_[two]":"{{value}} veckor sen","_[few]":"{{value}} veckor sen","_[many]":"{{value}} veckor sen","_[other]":"{{value}} veckor sen"},"months-ago-long":{"_":"{[ plural(value) ]}","_[zero]":"denna månad","_[one]":"förra månaden","_[two]":"{{value}} månader sen","_[few]":"{{value}} månader sen","_[many]":"{{value}} månader sen","_[other]":"{{value}} månader sen"},"years-ago-long":{"_":"{[ plural(value) ]}","_[zero]":"detta år","_[one]":"förra året","_[two]":"{{value}} år sen","_[few]":"{{value}} år sen","_[many]":"{{value}} år sen","_[other]":"{{value}} år sen"},"minutes-until-long":{"_":"{[ plural(value) ]}","_[zero]":"nu","_[one]":"om en minut","_[two]":"om {{value}} minuter","_[few]":"om {{value}} minuter","_[many]":"om {{value}} minuter","_[other]":"om {{value}} minuter"},"hours-until-long":{"_":"{[ plural(value) ]}","_[zero]":"nu","_[one]":"om en timme","_[two]":"om {{value}} timmar","_[few]":"om {{value}} timmar","_[many]":"om {{value}} timmar","_[other]":"om {{value}} timmar"},"days-until-long":{"_":"{[ plural(value) ]}","_[zero]":"idag","_[one]":"imorgon","_[two]":"om {{value}} dagar","_[few]":"om {{value}} dagar","_[many]":"om {{value}} dagar","_[other]":"om {{value}} dagar"},"weeks-until-long":{"_":"{[ plural(value) ]}","_[zero]":"denna vecka","_[one]":"nästa vecka","_[two]":"om {{value}} veckor","_[few]":"om {{value}} veckor","_[many]":"om {{value}} veckor","_[other]":"om {{value}} veckor"},"months-until-long":{"_":"{[ plural(value) ]}","_[zero]":"denna månad","_[one]":"nästa månad","_[two]":"om {{value}} månader","_[few]":"om {{value}} månader","_[many]":"om {{value}} månader","_[other]":"om {{value}} månader"},"years-until-long":{"_":"{[ plural(value) ]}","_[zero]":"detta år","_[one]":"nästa år","_[two]":"om {{value}} år","_[few]":"om {{value}} år","_[many]":"om {{value}} år","_[other]":"om {{value}} år"},"minutes-ago-short":{"_":"{[ plural(value) ]}","_[zero]":"nyss","_[other]":"{{value}}min sen"},"hours-ago-short":{"_":"{[ plural(value) ]}","_[zero]":"nyss","_[other]":"{{value}}tim. sen"},"days-ago-short":{"_":"{[ plural(value) ]}","_[zero]":"idag","_[other]":"{{value}}dygn sen"},"minutes-until-short":{"_":"{[ plural(value) ]}","_[zero]":"nu","_[other]":"om {{value}}min"},"hours-until-short":{"_":"{[ plural(value) ]}","_[zero]":"nu","_[other]":"om {{value}}tim."},"days-until-short":{"_":"{[ plural(value) ]}","_[zero]":"idag","_[other]":"om {{value}}dygn"},"incorrectDate":{"_":"(felaktigt datum)"},"dateTimeFormat_%c":{"_":"%a %e %b %Y %H:%M:%S"},"dateTimeFormat_%x":{"_":"%d/%m/%Y"},"dateTimeFormat_%X":{"_":"%H:%M:%S"},"shortTimeFormat":{"_":"%H:%M"},"shortDateTimeFormat":{"_":"%x %H:%M"},"weekStartsOnMonday":{"_":"1"},"time_am":{"_":"AM"},"time_pm":{"_":"PM"}}