{"number-selected2":{"_":"{[ plural(n) ]}","_[zero]":"Seç","_[one]":"{{ n }} seçildi","_[two]":"{{ n }} seçildi","_[few]":"{{ n }} seçildi","_[many]":"{{ n }} seçildi","_[other]":"{{ n }} seçildi"},"delete-photo?":{"_":"Fotoğraf silinsin mi?"},"delete-video?":{"_":"Video silinsin mi?"},"delete-n-items?":{"_":"{[ plural(n) ]}","_[zero]":"Hiçbir şey seçilmedi","_[one]":"Seçili öge silinsin mi?","_[two]":"{{ n }} öge silinsin mi?","_[few]":"{{ n }} öge silinsin mi?","_[many]":"{{ n }} öge silinsin mi?","_[other]":"{{ n }} öge silinsin mi?"},"pickoneimage2":{"_":"Seç"},"cropimage":{"_":"Kırp"},"cancel":{"_":"İptal"},"delete":{"_":"Sil"},"ok":{"_":"Tamam"},"edit":{"_":"Düzenle"},"save":{"_":"Kaydet"},"done":{"_":"Bitti"},"exposure":{"_":"Pozlama"},"crop":{"_":"Kırp"},"effects":{"_":"Efektler"},"borders":{"_":"Kenarlıklar"},"enhance-on":{"_":"Otomatik düzeltme açık"},"enhance-off":{"_":"Otomatik düzeltme kapalı"},"original":{"_":"Orijinal"},"blackandwhite":{"_":"Siyah-Beyaz"},"sepia":{"_":"Sepya"},"freeform":{"_":"Serbest form"},"portrait":{"_":"Dikey"},"landscape":{"_":"Yatay"},"square":{"_":"Kare"},"emptygallery2-title":{"_":"Fotoğraf veya video yok"},"emptygallery2-text":{"_":"Başlamak için Kamera uygulamasını kullanın."},"emptygallery2-title-pick":{"_":"Fotoğraf yok"},"nocard3-title":{"_":"Bellek kartı yok"},"nocard4-text":{"_":"Bu uygulamayı kullanmak için bir bellek kartı takın."},"pluggedin2-title":{"_":"Bellek kartı kullanımda"},"pluggedin2-text":{"_":"Bu uygulamayı kullanmak için telefonun fişini çekin."},"scanning-title":{"_":"Taranıyor"},"scanning-text":{"_":"Fotoğraf ve videolar aranıyor."},"upgrade-title":{"_":"Veritabanı Yükseltme"},"upgrade-text":{"_":"Galeri veritabanı yükseltilirken lütfen bekleyin."},"share-noprovider":{"_":"Bu resim dosyası türü paylaşılamıyor."},"memorycardfull":{"_":"Fotoğraflar düzenlenemiyor: Bellek kartı dolu."},"imagetoobig":{"_":"Resim bu aygıtta görüntülemek için çok büyük."},"imageinvalid":{"_":"Resim geçersiz veya bozuk ve görüntülenemez."},"saved":{"_":"{{filename}} Galeri'ye kaydedildi"},"overlay-camera-button":{"_":"Kamera'ya git"},"name-label":{"_":"Ad"},"size-label":{"_":"Boyut"},"image-type-label":{"_":"Resim türü"},"date-taken-label":{"_":"Çekildiği tarih"},"resolution-label":{"_":"Çözünürlük"},"close-button":{"_":"Kapat"},"byteUnit-B":{"_":"Bayt"},"byteUnit-KB":{"_":"KB"},"byteUnit-MB":{"_":"MB"},"byteUnit-GB":{"_":"GB"},"gallery":{"_":"Galeri"},"preview":{"_":"Ön izleme"},"date-group-header":{"_":"%B %Y"},"weekday-0-long":{"_":"Pazar"},"weekday-1-long":{"_":"Pazartesi"},"weekday-2-long":{"_":"Salı"},"weekday-3-long":{"_":"Çarşamba"},"weekday-4-long":{"_":"Perşembe"},"weekday-5-long":{"_":"Cuma"},"weekday-6-long":{"_":"Cumartesi"},"weekday-0-short":{"_":"Pzr"},"weekday-1-short":{"_":"Pzt"},"weekday-2-short":{"_":"Sal"},"weekday-3-short":{"_":"Çar"},"weekday-4-short":{"_":"Per"},"weekday-5-short":{"_":"Cum"},"weekday-6-short":{"_":"Cmt"},"month-0-long":{"_":"Ocak"},"month-1-long":{"_":"Şubat"},"month-2-long":{"_":"Mart"},"month-3-long":{"_":"Nisan"},"month-4-long":{"_":"Mayıs"},"month-5-long":{"_":"Haziran"},"month-6-long":{"_":"Temmuz"},"month-7-long":{"_":"Ağustos"},"month-8-long":{"_":"Eylül"},"month-9-long":{"_":"Ekim"},"month-10-long":{"_":"Kasım"},"month-11-long":{"_":"Aralık"},"month-0-genitive":{"_":"Ocak"},"month-1-genitive":{"_":"Şubat"},"month-2-genitive":{"_":"Mart"},"month-3-genitive":{"_":"Nisan"},"month-4-genitive":{"_":"Mayıs"},"month-5-genitive":{"_":"Haziran"},"month-6-genitive":{"_":"Temmuz"},"month-7-genitive":{"_":"Ağustos"},"month-8-genitive":{"_":"Eylül"},"month-9-genitive":{"_":"Ekim"},"month-10-genitive":{"_":"Kasım"},"month-11-genitive":{"_":"Aralık"},"month-0-short":{"_":"Oca"},"month-1-short":{"_":"Şub"},"month-2-short":{"_":"Mar"},"month-3-short":{"_":"Nis"},"month-4-short":{"_":"May"},"month-5-short":{"_":"Haz"},"month-6-short":{"_":"Tem"},"month-7-short":{"_":"Ağu"},"month-8-short":{"_":"Eyl"},"month-9-short":{"_":"Eki"},"month-10-short":{"_":"Kas"},"month-11-short":{"_":"Ara"},"minutes-ago-long":{"_":"{[ plural(value) ]}","_[zero]":"biraz önce","_[one]":"bir dakika önce","_[two]":"{{value}} dakika önce","_[few]":"{{value}} dakika önce","_[many]":"{{value}} dakika önce","_[other]":"{{value}} dakika önce"},"hours-ago-long":{"_":"{[ plural(value) ]}","_[zero]":"biraz önce","_[one]":"bir saat önce","_[two]":"{{value}} saat önce","_[few]":"{{value}} saat önce","_[many]":"{{value}} saat önce","_[other]":"{{value}} saat önce"},"days-ago-long":{"_":"{[ plural(value) ]}","_[zero]":"bugün","_[one]":"dün","_[two]":"{{value}} gün önce","_[few]":"{{value}} gün önce","_[many]":"{{value}} gün önce","_[other]":"{{value}} gün önce"},"weeks-ago-long":{"_":"{[ plural(value) ]}","_[zero]":"bu hafta","_[one]":"geçen hafta","_[two]":"{{value}} hafta önce","_[few]":"{{value}} hafta önce","_[many]":"{{value}} hafta önce","_[other]":"{{value}} hafta önce"},"months-ago-long":{"_":"{[ plural(value) ]}","_[zero]":"bu ay","_[one]":"geçen ay","_[two]":"{{value}} ay önce","_[few]":"{{value}} ay önce","_[many]":"{{value}} ay önce","_[other]":"{{value}} ay önce"},"years-ago-long":{"_":"{[ plural(value) ]}","_[zero]":"bu yıl","_[one]":"geçen yıl","_[two]":"{{value}} yıl önce","_[few]":"{{value}} yıl önce","_[many]":"{{value}} yıl önce","_[other]":"{{value}} yıl önce"},"minutes-until-long":{"_":"{[ plural(value) ]}","_[zero]":"şimdi","_[one]":"bir dakika önce","_[two]":"{{value}} dakika içinde","_[few]":"{{value}} dakika içinde","_[many]":"{{value}} dakika içinde","_[other]":"{{value}} dakika içinde"},"hours-until-long":{"_":"{[ plural(value) ]}","_[zero]":"şimdi","_[one]":"bir saat içinde","_[two]":"{{value}} saat içinde","_[few]":"{{value}} saat içinde","_[many]":"{{value}} saat içinde","_[other]":"{{value}} saat içinde"},"days-until-long":{"_":"{[ plural(value) ]}","_[zero]":"bugün","_[one]":"dün","_[two]":"{{value}} gün içinde","_[few]":"{{value}} gün içinde","_[many]":"{{value}} gün içinde","_[other]":"{{value}} gün içinde"},"weeks-until-long":{"_":"{[ plural(value) ]}","_[zero]":"bu hafta","_[one]":"gelecek hafta","_[two]":"{{value}} hafta içinde","_[few]":"{{value}} hafta içinde","_[many]":"{{value}} hafta içinde","_[other]":"{{value}} hafta içinde"},"months-until-long":{"_":"{[ plural(value) ]}","_[zero]":"bu ay","_[one]":"gelecek ay","_[two]":"{{value}} ay içinde","_[few]":"{{value}} ay içinde","_[many]":"{{value}} ay içinde","_[other]":"{{value}} ay içinde"},"years-until-long":{"_":"{[ plural(value) ]}","_[zero]":"bu yıl","_[one]":"gelecek yıl","_[two]":"{{value}} yıl içinde","_[few]":"{{value}} yıl içinde","_[many]":"{{value}} yıl içinde","_[other]":"{{value}} yıl içinde"},"minutes-ago-short":{"_":"{[ plural(value) ]}","_[zero]":"biraz önce","_[other]":"{{value}} dk önce"},"hours-ago-short":{"_":"{[ plural(value) ]}","_[zero]":"biraz önce","_[other]":"{{value}} saat önce"},"days-ago-short":{"_":"{[ plural(value) ]}","_[zero]":"bugün","_[other]":"{{value}} gün önce"},"minutes-until-short":{"_":"{[ plural(value) ]}","_[zero]":"şimdi","_[other]":"{{value}} dk içinde"},"hours-until-short":{"_":"{[ plural(value) ]}","_[zero]":"şimdi","_[other]":"{{value}} saat içinde"},"days-until-short":{"_":"{[ plural(value) ]}","_[zero]":"bugün","_[other]":"{{value}} gün içinde"},"incorrectDate":{"_":"(geçersiz tarih)"},"dateTimeFormat_%c":{"_":"%e %b %Y %a %H:%M:%S"},"dateTimeFormat_%x":{"_":"%d/%m/%Y"},"dateTimeFormat_%X":{"_":"%H:%M:%S"},"shortTimeFormat":{"_":"%H:%M"},"shortDateTimeFormat":{"_":"%x %H:%M"},"weekStartsOnMonday":{"_":"1"},"time_am":{"_":"ÖÖ"},"time_pm":{"_":"ÖS"}}