{"number-selected2":{"_":"{[ plural(n) ]}","_[zero]":"选择","_[one]":"已选择 {{ n }} 张","_[two]":"已选择 {{ n }} 张","_[few]":"已选择 {{ n }} 张","_[many]":"已选择 {{ n }} 张","_[other]":"已选择 {{ n }} 张"},"delete-photo?":{"_":"要删除照片吗？"},"delete-video?":{"_":"要删除视频吗？"},"delete-n-items?":{"_":"{[ plural(n) ]}","_[zero]":"未选择","_[one]":"要删除所选的项目吗？","_[two]":"要删除所选的  {{ n }} 个项目吗？","_[few]":"要删除所选的  {{ n }} 个项目吗？","_[many]":"要删除所选的  {{ n }} 个项目吗？","_[other]":"要删除所选的  {{ n }} 个项目吗？"},"pickoneimage2":{"_":"选择"},"cropimage":{"_":"修剪"},"cancel":{"_":"取消"},"delete":{"_":"删除"},"ok":{"_":"确定"},"edit":{"_":"编辑"},"save":{"_":"保存"},"done":{"_":"完成"},"exposure":{"_":"曝光度"},"crop":{"_":"修剪"},"effects":{"_":"特效"},"borders":{"_":"边框"},"enhance-on":{"_":"自动增强开"},"enhance-off":{"_":"自动增强关"},"original":{"_":"原始"},"blackandwhite":{"_":"黑白"},"sepia":{"_":"棕褐"},"freeform":{"_":"自由变形"},"portrait":{"_":"纵向"},"landscape":{"_":"横向"},"square":{"_":"正方形"},"emptygallery2-title":{"_":"没有照片或视频"},"emptygallery2-text":{"_":"使用“相机”应用拍摄以便开始使用。"},"emptygallery2-title-pick":{"_":"没有照片"},"nocard3-title":{"_":"没有存储卡"},"nocard4-text":{"_":"插入存储卡以使用这个应用。"},"pluggedin2-title":{"_":"存储卡正在使用"},"pluggedin2-text":{"_":"拔出手机以便使用这个应用。"},"scanning-title":{"_":"扫描中"},"scanning-text":{"_":"正在查询相片和视频。"},"upgrade-title":{"_":"数据库升级"},"upgrade-text":{"_":"相册数据库正在更新，请稍等。"},"share-noprovider":{"_":"无法分享此照片文件格式。"},"memorycardfull":{"_":"无法编辑照片：存储卡已满。"},"imagetoobig":{"_":"图像太大，无法显示在此设备上。"},"imageinvalid":{"_":"图像无效或损坏，无法显示。"},"saved":{"_":"{{filename}} 已保存到相册"},"overlay-camera-button":{"_":"前往相机"},"name-label":{"_":"类别"},"size-label":{"_":"大小"},"image-type-label":{"_":"图像类型"},"date-taken-label":{"_":"拍摄日期"},"resolution-label":{"_":"分辨率"},"close-button":{"_":"关闭"},"byteUnit-B":{"_":"字节"},"byteUnit-KB":{"_":"kB"},"byteUnit-MB":{"_":"MB"},"byteUnit-GB":{"_":"GB"},"gallery":{"_":"相册"},"preview":{"_":"预览"},"date-group-header":{"_":"%Y年%m月"},"weekday-0-long":{"_":"星期日"},"weekday-1-long":{"_":"星期一"},"weekday-2-long":{"_":"星期二"},"weekday-3-long":{"_":"星期三"},"weekday-4-long":{"_":"星期四"},"weekday-5-long":{"_":"星期五"},"weekday-6-long":{"_":"星期六"},"weekday-0-short":{"_":"周日"},"weekday-1-short":{"_":"周一"},"weekday-2-short":{"_":"周二"},"weekday-3-short":{"_":"周三"},"weekday-4-short":{"_":"周四"},"weekday-5-short":{"_":"周五"},"weekday-6-short":{"_":"周六"},"month-0-long":{"_":"1 月"},"month-1-long":{"_":"2 月"},"month-2-long":{"_":"3 月"},"month-3-long":{"_":"4 月"},"month-4-long":{"_":"5 月"},"month-5-long":{"_":"6 月"},"month-6-long":{"_":"7 月"},"month-7-long":{"_":"8 月"},"month-8-long":{"_":"9 月"},"month-9-long":{"_":"10 月"},"month-10-long":{"_":"11 月"},"month-11-long":{"_":"12 月"},"month-0-genitive":{"_":"一月"},"month-1-genitive":{"_":"二月"},"month-2-genitive":{"_":"三月"},"month-3-genitive":{"_":"四月"},"month-4-genitive":{"_":"五月"},"month-5-genitive":{"_":"六月"},"month-6-genitive":{"_":"七月"},"month-7-genitive":{"_":"八月"},"month-8-genitive":{"_":"九月"},"month-9-genitive":{"_":"十月"},"month-10-genitive":{"_":"十一月"},"month-11-genitive":{"_":"十二月"},"month-0-short":{"_":"1 月"},"month-1-short":{"_":"2 月"},"month-2-short":{"_":"3 月"},"month-3-short":{"_":"4 月"},"month-4-short":{"_":"5 月"},"month-5-short":{"_":"6 月"},"month-6-short":{"_":"7 月"},"month-7-short":{"_":"8 月"},"month-8-short":{"_":"9 月"},"month-9-short":{"_":"10 月"},"month-10-short":{"_":"11 月"},"month-11-short":{"_":"12 月"},"minutes-ago-long":{"_":"{[ plural(value) ]}","_[zero]":"刚才","_[one]":"1 分钟前","_[two]":"{{ value }} 分钟前","_[few]":"{{ value }} 分钟前","_[many]":"{{ value }} 分钟前","_[other]":"{{ value }} 分钟前"},"hours-ago-long":{"_":"{[ plural(value) ]}","_[zero]":"刚才","_[one]":"1 小时前","_[two]":"{{ value }} 小时前","_[few]":"{{ value }} 小时前","_[many]":"{{ value }} 小时前","_[other]":"{{ value }} 小时前"},"days-ago-long":{"_":"{[ plural(value) ]}","_[zero]":"今天","_[one]":"昨天","_[two]":"{{value}} 天前","_[few]":"{{value}} 天前","_[many]":"{{value}} 天前","_[other]":"{{value}} 天前"},"weeks-ago-long":{"_":"{[ plural(value) ]}","_[zero]":"本周","_[one]":"上周","_[two]":"{{value}} 周前","_[few]":"{{value}} 周前","_[many]":"{{value}} 周前","_[other]":"{{value}} 周前"},"months-ago-long":{"_":"{[ plural(value) ]}","_[zero]":"本月","_[one]":"上月","_[two]":"{{value}} 个月前","_[few]":"{{value}} 个月前","_[many]":"{{value}} 个月前","_[other]":"{{value}} 个月前"},"years-ago-long":{"_":"{[ plural(value) ]}","_[zero]":"今年","_[one]":"去年","_[two]":"{{value}} 年前","_[few]":"{{value}} 年前","_[many]":"{{value}} 年前","_[other]":"{{value}} 年前"},"minutes-until-long":{"_":"{[ plural(value) ]}","_[zero]":"现在","_[one]":"1 分钟内","_[two]":"剩{{value}}分钟","_[few]":"剩{{value}}分钟","_[many]":"剩{{value}}分钟","_[other]":"剩{{value}}分钟"},"hours-until-long":{"_":"{[ plural(value) ]}","_[zero]":"现在","_[one]":"1 小时内","_[two]":"剩{{value}}小时","_[few]":"剩{{value}}小时","_[many]":"剩{{value}}小时","_[other]":"剩{{value}}小时"},"days-until-long":{"_":"{[ plural(value) ]}","_[zero]":"今天","_[one]":"明天","_[two]":"剩{{value}}天","_[few]":"剩{{value}}天","_[many]":"剩{{value}}天","_[other]":"剩{{value}}天"},"weeks-until-long":{"_":"{[ plural(value) ]}","_[zero]":"本周","_[one]":"下周","_[two]":"剩{{value}}周","_[few]":"剩{{value}}周","_[many]":"剩{{value}}周","_[other]":"剩{{value}}周"},"months-until-long":{"_":"{[ plural(value) ]}","_[zero]":"本月","_[one]":"下月","_[two]":"剩{{value}}个月","_[few]":"剩{{value}}个月","_[many]":"剩{{value}}个月","_[other]":"剩{{value}}个月"},"years-until-long":{"_":"{[ plural(value) ]}","_[zero]":"今年","_[one]":"明年","_[two]":"剩{{value}}年","_[few]":"剩{{value}}年","_[many]":"剩{{value}}年","_[other]":"剩{{value}}年"},"minutes-ago-short":{"_":"{[ plural(value) ]}","_[zero]":"刚才","_[other]":"{{value}} 分钟前"},"hours-ago-short":{"_":"{[ plural(value) ]}","_[zero]":"刚才","_[other]":"{{value}}小时前"},"days-ago-short":{"_":"{[ plural(value) ]}","_[zero]":"今天","_[other]":"{{value}} 天前"},"minutes-until-short":{"_":"{[ plural(value) ]}","_[zero]":"现在","_[other]":"剩{{value}}分钟"},"hours-until-short":{"_":"{[ plural(value) ]}","_[zero]":"现在","_[other]":"剩{{value}}小时"},"days-until-short":{"_":"{[ plural(value) ]}","_[zero]":"今天","_[other]":"剩{{value}}天"},"incorrectDate":{"_":"（日期不正确）"},"dateTimeFormat_%c":{"_":"%Y 年 %b %e 日 %a %H:%M:%S"},"dateTimeFormat_%x":{"_":"%Y/%m/%d"},"dateTimeFormat_%X":{"_":"%H:%M:%S"},"shortTimeFormat":{"_":"%H:%M"},"shortDateTimeFormat":{"_":"%x %H:%M"},"weekStartsOnMonday":{"_":"0"},"time_am":{"_":"上午"},"time_pm":{"_":"下午"}}