{"number-selected2":{"_":"{[ plural(n) ]}","_[zero]":"選取","_[one]":"已選擇 {{ n }} 張","_[two]":"已選擇 {{ n }} 張","_[few]":"已選擇 {{ n }} 張","_[many]":"已選擇 {{ n }} 張","_[other]":"已選擇 {{ n }} 張"},"delete-photo?":{"_":"刪除相片？"},"delete-video?":{"_":"刪除影片？"},"delete-n-items?":{"_":"{[ plural(n) ]}","_[zero]":"未選取項目","_[one]":"刪除選取的項目？","_[two]":"刪除這 {{ n }} 項？","_[few]":"刪除這 {{ n }} 項？","_[many]":"刪除這 {{ n }} 項？","_[other]":"刪除這 {{ n }} 項？"},"pickoneimage2":{"_":"選取"},"cropimage":{"_":"裁切"},"cancel":{"_":"取消"},"delete":{"_":"刪除"},"ok":{"_":"確定"},"edit":{"_":"編輯"},"save":{"_":"儲存"},"done":{"_":"完成"},"exposure":{"_":"曝光"},"crop":{"_":"裁切"},"effects":{"_":"特效"},"borders":{"_":"外框"},"enhance-on":{"_":"自動調整已開啟"},"enhance-off":{"_":"自動調整已關閉"},"original":{"_":"原始"},"blackandwhite":{"_":"黑白"},"sepia":{"_":"棕褐色調"},"freeform":{"_":"自由變形"},"portrait":{"_":"直式"},"landscape":{"_":"橫式"},"square":{"_":"正方形"},"emptygallery2-title":{"_":"無相片或影片"},"emptygallery2-text":{"_":"使用「相機」程式拍點照片。"},"emptygallery2-title-pick":{"_":"沒有照片"},"nocard3-title":{"_":"無記憶卡"},"nocard4-text":{"_":"插入記憶卡以使用此程式。"},"pluggedin2-title":{"_":"記憶卡現正使用中"},"pluggedin2-text":{"_":"拔除傳輸線以使用此程式。"},"scanning-title":{"_":"掃描中"},"scanning-text":{"_":"正在搜尋相片與影片。"},"upgrade-title":{"_":"資料庫升級"},"upgrade-text":{"_":"圖片資料庫升級中，請稍候。"},"share-noprovider":{"_":"無法分享此檔案類型的圖片。"},"memorycardfull":{"_":"無法編輯相片: 記憶卡已滿。"},"imagetoobig":{"_":"圖片太大，無法於此裝置顯示"},"imageinvalid":{"_":"圖片無效或已毀損，無法顯示。"},"saved":{"_":"已將 {{filename}} 儲存至圖片庫"},"overlay-camera-button":{"_":"前往相機"},"name-label":{"_":"名稱"},"size-label":{"_":"大小"},"image-type-label":{"_":"圖片類型"},"date-taken-label":{"_":"拍攝日期"},"resolution-label":{"_":"解析度"},"close-button":{"_":"關閉"},"byteUnit-B":{"_":"位元組"},"byteUnit-KB":{"_":"KB"},"byteUnit-MB":{"_":"MB"},"byteUnit-GB":{"_":"GB"},"gallery":{"_":"圖片庫"},"preview":{"_":"預覽"},"date-group-header":{"_":"%Y 年 %b"},"weekday-0-long":{"_":"星期日"},"weekday-1-long":{"_":"星期一"},"weekday-2-long":{"_":"星期二"},"weekday-3-long":{"_":"星期三"},"weekday-4-long":{"_":"星期四"},"weekday-5-long":{"_":"星期五"},"weekday-6-long":{"_":"星期六"},"weekday-0-short":{"_":"週日"},"weekday-1-short":{"_":"週一"},"weekday-2-short":{"_":"週二"},"weekday-3-short":{"_":"週三"},"weekday-4-short":{"_":"週四"},"weekday-5-short":{"_":"週五"},"weekday-6-short":{"_":"週六"},"month-0-long":{"_":"一月"},"month-1-long":{"_":"二月"},"month-2-long":{"_":"三月"},"month-3-long":{"_":"四月"},"month-4-long":{"_":"五月"},"month-5-long":{"_":"六月"},"month-6-long":{"_":"七月"},"month-7-long":{"_":"八月"},"month-8-long":{"_":"九月"},"month-9-long":{"_":"十月"},"month-10-long":{"_":"十一月"},"month-11-long":{"_":"十二月"},"month-0-genitive":{"_":"1 月"},"month-1-genitive":{"_":"2 月"},"month-2-genitive":{"_":"3 月"},"month-3-genitive":{"_":"4 月"},"month-4-genitive":{"_":"5 月"},"month-5-genitive":{"_":"6 月"},"month-6-genitive":{"_":"7 月"},"month-7-genitive":{"_":"8 月"},"month-8-genitive":{"_":"9 月"},"month-9-genitive":{"_":"10 月"},"month-10-genitive":{"_":"11 月"},"month-11-genitive":{"_":"12 月"},"month-0-short":{"_":"1 月"},"month-1-short":{"_":"2 月"},"month-2-short":{"_":"3 月"},"month-3-short":{"_":"4 月"},"month-4-short":{"_":"5 月"},"month-5-short":{"_":"6 月"},"month-6-short":{"_":"7 月"},"month-7-short":{"_":"8 月"},"month-8-short":{"_":"9 月"},"month-9-short":{"_":"10 月"},"month-10-short":{"_":"11 月"},"month-11-short":{"_":"12 月"},"minutes-ago-long":{"_":"{[ plural(value) ]}","_[zero]":"剛剛","_[one]":"1 分鐘前","_[two]":"{{value}} 分鐘前","_[few]":"{{value}} 分鐘前","_[many]":"{{value}} 分鐘前","_[other]":"{{value}} 分鐘前"},"hours-ago-long":{"_":"{[ plural(value) ]}","_[zero]":"剛剛","_[one]":"1 小時前","_[two]":"{{value}} 小時前","_[few]":"{{value}} 小時前","_[many]":"{{value}} 小時前","_[other]":"{{value}} 小時前"},"days-ago-long":{"_":"{[ plural(value) ]}","_[zero]":"今天","_[one]":"昨天","_[two]":"{{value}} 天前","_[few]":"{{value}} 天前","_[many]":"{{value}} 天前","_[other]":"{{value}} 天前"},"weeks-ago-long":{"_":"{[ plural(value) ]}","_[zero]":"本週","_[one]":"上週","_[two]":"{{value}} 週前","_[few]":"{{value}} 週前","_[many]":"{{value}} 週前","_[other]":"{{value}} 週前"},"months-ago-long":{"_":"{[ plural(value) ]}","_[zero]":"本月","_[one]":"上月","_[two]":"{{value}} 月前","_[few]":"{{value}} 月前","_[many]":"{{value}} 月前","_[other]":"{{value}} 月前"},"years-ago-long":{"_":"{[ plural(value) ]}","_[zero]":"今年","_[one]":"去年","_[two]":"{{value}} 年前","_[few]":"{{value}} 年前","_[many]":"{{value}} 年前","_[other]":"{{value}} 年前"},"minutes-until-long":{"_":"{[ plural(value) ]}","_[zero]":"現在","_[one]":"1 分鐘內","_[two]":"{{value}} 分鐘內","_[few]":"{{value}} 分鐘內","_[many]":"{{value}} 分鐘內","_[other]":"{{value}} 分鐘內"},"hours-until-long":{"_":"{[ plural(value) ]}","_[zero]":"現在","_[one]":"1 小時內","_[two]":"{{value}} 小時前","_[few]":"{{value}} 小時前","_[many]":"{{value}} 小時前","_[other]":"{{value}} 小時前"},"days-until-long":{"_":"{[ plural(value) ]}","_[zero]":"今天","_[one]":"明天","_[two]":"{{value}} 天內","_[few]":"{{value}} 天內","_[many]":"{{value}} 天內","_[other]":"{{value}} 天內"},"weeks-until-long":{"_":"{[ plural(value) ]}","_[zero]":"本週","_[one]":"下週","_[two]":"{{value}} 週內","_[few]":"{{value}} 週內","_[many]":"{{value}} 週內","_[other]":"{{value}} 週內"},"months-until-long":{"_":"{[ plural(value) ]}","_[zero]":"本月","_[one]":"下月","_[two]":"{{value}} 月內","_[few]":"{{value}} 月內","_[many]":"{{value}} 月內","_[other]":"{{value}} 月內"},"years-until-long":{"_":"{[ plural(value) ]}","_[zero]":"今年","_[one]":"明年","_[two]":"{{value}} 年內","_[few]":"{{value}} 年內","_[many]":"{{value}} 年內","_[other]":"{{value}} 年內"},"minutes-ago-short":{"_":"{[ plural(value) ]}","_[zero]":"剛剛","_[other]":"{{value}} 分前"},"hours-ago-short":{"_":"{[ plural(value) ]}","_[zero]":"剛剛","_[other]":"{{value}} 時前"},"days-ago-short":{"_":"{[ plural(value) ]}","_[zero]":"今天","_[other]":"{{value}} 天前"},"minutes-until-short":{"_":"{[ plural(value) ]}","_[zero]":"現在","_[other]":"{{value}} 分內"},"hours-until-short":{"_":"{[ plural(value) ]}","_[zero]":"現在","_[other]":"{{value}} 時內"},"days-until-short":{"_":"{[ plural(value) ]}","_[zero]":"今天","_[other]":"{{value}} 天內"},"incorrectDate":{"_":"（日期不正確）"},"dateTimeFormat_%c":{"_":"%Y年%b%d日 %a %p %I:%M:%S"},"dateTimeFormat_%x":{"_":"%Y/%m/%d"},"dateTimeFormat_%X":{"_":"%p %I:%M:%S"},"shortTimeFormat":{"_":"%p %I:%M"},"shortDateTimeFormat":{"_":"%x %p %I:%M"},"weekStartsOnMonday":{"_":"1"},"time_am":{"_":"上午"},"time_pm":{"_":"下午"}}