{"brandShortName":{"_":"B2G OS"},"browserBrandShortName":{"_":"متصفح"},"browserBrandFullName":{"_":"مُتصفح موزيلا"},"callAirplaneModeMessage":{"_":"لإجراء مكالمة، قم بإلغاء وضع الطيران من الاعدادات."},"callAirplaneModeBtnOk":{"_":"موافق"},"callAirplaneModeTitle":{"_":"وضع الطيران مُفعّل"},"numberIsBusyTitle":{"_":"الرقم مشغول"},"numberIsBusyMessage":{"_":"الرقم مشغول حاليا. يرجى المحاولة مرة أخرى في وقت لاحق."},"fdnIsEnabledTitle":{"_":"FDN active"},"fdnIsEnabledMessage":{"_":"This number is blocked as it is not in your list of authorized numbers."},"voiceMail":{"_":"بريد صوتي"},"emergencyNumber":{"_":"رقم الطوارئ"},"emergencyDialogBodyBadNumber":{"_":"للإتصال يجب أن يكون الجوال مُتصل بشبكة."},"emergencyDialogBodyDeviceNotAccepted":{"_":"مكالمات الطوارئ غير مسموحة من الشبكة."},"emergencyDialogBtnOk":{"_":"موافق"},"emergencyDialogTitle":{"_":"لا يوجد اتصال بالشبكة "},"invalidNumberToDialTitle":{"_":"رقم هاتف غير صحيح"},"invalidNumberToDialMessage":{"_":"رقم الهاتف الذي تحاول الاتصال به غير صحيح"},"unableToCallTitle":{"_":"إجراء مكالمة هاتفية الآن غير ممكن"},"unableToCallMessage":{"_":"لا يمكن إجراء المكالمة , إذا كنت تقوم باتصال آخر , رجاءً أغلق الاتصال القديم أولاً."},"otherConnectionInUseTitle":{"_":"وسيلة اتصال اخرى قيد الاستخدام"},"otherConnectionInUseMessage":{"_":"لديك مكالمة نشطة على اتصال آخر. يمكنك فقط استخدام اتصال واحد في كل مرة."},"add":{"_":"إضافة"},"back":{"_":"Back"},"call":{"_":"إتصال"},"edit":{"_":"تعديل"},"cancel":{"_":"إلغاء"},"done":{"_":"تم"},"ok":{"_":"موافق"},"update":{"_":"تحديث"},"retry":{"_":"محاولة مرة أخرى"},"contacts":{"_":"Contacts"},"addContact":{"_":"إضافة جهة اتصال"},"deleteContact":{"_":"حذف جهة اتصال"},"selectContact":{"_":"حدد جهة اتصال"},"selectAll":{"_":"Select all"},"deselectAll":{"_":"إلغاء اختيار الكل"},"editContact":{"_":"تحرير جهة اتصال"},"deleteConfirmMsg":{"_":"حذف جهة اتصال؟"},"remove":{"_":"إزالة"},"comments":{"_":"ملاحظات"},"no_contact_phones":{"_":"جهة الإتصال لا تحتوي رقم هاتف"},"no_contact_email":{"_":"جهة الإتصال لاتحتوي على بريد إلكتروني"},"removePhotoConfirm":{"_":"إزالة صورة جهة الإتصال؟"},"loadingContacts":{"_":"جارِ تحميل جهات الاتصال..."},"noContactsActivity":{"_":"لا يمكن الإضافة إلى جهات الإتصال بما أنك لا تملك أي جهات إتصال مسبقا"},"noName":{"_":"لا يوجد اسم"},"givenName":{"placeholder":"الاسم"},"familyName":{"placeholder":"إسم العائلة"},"tel":{"placeholder":"الهاتف"},"carrier":{"_":"جوَّال","placeholder":"جوَّال"},"separator":{"_":","},"email":{"_":"البريد الالكتروني","placeholder":"البريد الالكتروني"},"streetAddress":{"placeholder":"الشارع"},"postalCode":{"placeholder":"الرمز البريدي"},"locality":{"placeholder":"المدينة"},"countryName":{"placeholder":"الدولة"},"comment":{"placeholder":"ملاحظة"},"org":{"placeholder":"الشركة"},"custom":{"placeholder":"مخصص","_":"وسم مخصص"},"date":{"_":"التاريخ","placeholder":"التاريخ"},"birthday":{"_":"تاريخ الميلاد"},"dateFormat":{"_":"%B %e"},"dateOutput":{"_":"{{dayMonthFormatted}} {{year}}"},"anniversary":{"_":"الذكرى السنوية"},"addPhoto":{"_":"إضافة صورة"},"addPhone":{"_":"إضافة هاتف"},"addEmail":{"_":"إضافة بريد الكتروني"},"addAddress":{"_":"إضافة عنوان"},"addDate":{"_":"أضِف تاريخ"},"addComment":{"_":"إضافة ملاحظة"},"addFavorite":{"_":"إضافة للمفضلة"},"removeFavorite":{"_":"إزالة من المفضلة"},"label":{"_":"ملصق"},"mobile":{"_":"جوَّال"},"home":{"_":"المنزل"},"work":{"_":"العمل"},"personal":{"_":"شخصي"},"faxHome":{"_":"فاكس المنزل"},"faxOffice":{"_":"فاكس المكتب"},"faxOther":{"_":"فاكس آخر"},"another":{"_":"آخر"},"other":{"_":"آخرى"},"current":{"_":"الحالي"},"itemWithLabel":{"_":"{{label}}, {{item}}"},"exit":{"_":"خروج"},"expand":{"_":"توسيع"},"labelName":{"_":"الاسم:"},"labelLastName":{"_":"اسم العائلة:"},"labelPhoneNumber":{"_":"رقم الهاتف:"},"labelCarrier":{"_":"الجوَّال:"},"labelEmail":{"_":"البريد الإلكتروني:"},"labelStreet":{"_":"الشارع:"},"labelZip":{"_":"الرمز البريدي:"},"labelCity":{"_":"المدينة:"},"labelCountry":{"_":"البلد:"},"labelComment":{"_":"ملاحظة:"},"legendTitleMain":{"_":"معلومات أساسية"},"legendPhones":{"_":"أرقام الهاتف"},"legendEmail":{"_":"البريد الإلكتروني"},"legendAddress":{"_":"العنوان"},"settings":{"_":"إعدادات"},"search-contact":{"placeholder":"بحث"},"noResults":{"_":"لم يتم العثور على جهة اتصال"},"transferContactsTitle":{"_":"نقل جهات الاتصال"},"importContactsTitle":{"_":"إستورد جهات الإتصال"},"importContactsButton":{"_":"إستيراد جهات الإتصال"},"exportContactsTitle":{"_":"تصدير جهات الإتصال"},"exportContactsButton":{"_":"تصدير جهات الإتصال"},"exportContactsAction":{"_":"تصدير"},"simExport-title":{"_":"تصدير إلى SIM"},"sdExport-title":{"_":"صدِّر إلى بطاقة SD"},"btExport-title":{"_":"صدِّر إلى بلوتوث"},"sdUMSEnabled":{"_":"لا يمكن إستعمال بطاقة الذاكره نظرا أن وصلة الUSB فعَالة"},"exportErrorTitle":{"_":"خطأ في التصدير"},"contactsExported2":{"_":"{[ plural(exported) ]}","_[zero]":"لم تصدَر جهات الإتصال","_[one]":"تم تصدير{{exported}}/{{total}} جهة اتصال","_[two]":"تم تصدير جهتان اتصال","_[few]":"تم تصدير{{exported}}/{{total}} جهة اتصال","_[many]":"تم تصدير{{exported}}/{{total}} جهة اتصال","_[other]":"تم تصدير{{exported}}/{{total}} جهة اتصال"},"exportError-general":{"_":"حدثت بعض الأخطأ أثناء التصدير"},"exportError-SD-shared":{"_":"لا يمكن الوصول للذاكرة الخارجية لأنها في وضعية المشاركة"},"exportError-SD-unavailable":{"_":"بطاقة الذاكرة غير متاحة"},"exportError-SD-noSpace":{"_":"لا توجد مساحة كافية على بطاقة الذاكرة لتصدير جهات الاتصال"},"exportError-SIM-unavailable":{"_":"بطاقة SIM غير متاحة"},"exportError-BT-shared":{"_":"لا يمكن الوصول الى بطاقة الذاكرة لأنها في وضعية المشاركة"},"exportError-BT-unavailable":{"_":"بطاقة الذاكرة غير متاحة"},"exportError-BT-noSpace":{"_":"لا توجد مساحة كافية على بطاقة الذاكرة لتصدير جهات الاتصال"},"simContacts-import":{"_":"إستيراد جهات اتصال من SIM"},"simContacts-importing":{"_":"جارِ استيراد جهات الاتصال..."},"simContacts-reading":{"_":"جارِ القراءة من بطاقة SIM..."},"simContacts-error":{"_":"تعذَر إستيراد جهات الاتصال من بطاقة SIM"},"simContacts-imported3":{"_":"{[ plural(n) ]}","_[zero]":"لم يتم العثور على جهات اتصال للاستيراد على شريحة الجوّال","_[one]":"تم استيراد اسم واحد","_[two]":"تم إستيراد {{n}} أسماء","_[few]":"تم إستيراد {{n}} أسماء","_[many]":"تم إستيراد {{n}} أسماء","_[other]":"تم إستيراد {{n}} أسماء"},"noSimMsg":{"_":"To import contacts insert or unlock your SIM card"},"noSimMsgExport":{"_":"لتصدير جهات الاتصال ادخل او فك قفل بطاقة SIM"},"simNumber":{"_":"SIM {{number}}"},"memoryCardContacts-import":{"_":"استورد جهات الاتصال من بطاقة الذاكرة"},"memoryCardContacts-importing":{"_":"جارِ إستيراد جهات الإتصال من بطاقة الذاكرة..."},"memoryCardContacts-reading":{"_":"جارِ القراءة من بطاقة الذاكرة..."},"memoryCardContacts-error":{"_":"تعذَر إستيراد جهات الاتصال من بطاقة الذاكرة"},"memoryCardContacts-imported3":{"_":"{[ plural(n) ]}","_[zero]":"لم يتم العثور على جهات اتصال للاستيراد على بطاقة الذاكرة","_[one]":"تم استيراد جهة اتصال واحدة","_[two]":"تم إستيراد {{n}} جهات اتصال","_[few]":"تم إستيراد {{n}} أسماء","_[many]":"تم إستيراد {{n}} أسماء","_[other]":"تم إستيراد {{n}} أسماء"},"noMemoryCardMsg":{"_":"To import contacts insert a memory card"},"noMemoryCardMsgExport":{"_":"لتصدير جهات الإتصال أدخل بطاقة الذاكرة"},"genericProgress":{"_":"{{current}}/{{total}}"},"social-network":{"_":"الشبكات الاجتماعية"},"social-link":{"_":"ربط جهة اتصال"},"social-unlink":{"_":"إلغاء ربط جهة الاتصال "},"social-unlink-confirm-title":{"_":"هل تريد إلغاء الربط مع صديقك؟"},"social-unlink-confirm-accept":{"_":"إلغاء الربط"},"facebook-import":{"_":"إستيراد أصدقاء الفيسبوك"},"show-fb-profile":{"_":"عرض ملف الفيسبوك"},"msg-send":{"_":"رسالة"},"wall-post":{"_":"منشور جداري"},"facebook":{"_":"الفيسبوك"},"facebook-import-msg":{"_":"{[ plural(imported) ]}","_[zero]":"لم يتم استيراد أي صديق من ({{total}})","_[one]":"تم استيراد صديق واحد (من {{total}})","_[two]":"تم استيراد {{imported}}/{{total}} أصدقاء","_[few]":"تم استيراد {{imported}}/{{total}} أصدقاء","_[many]":"تم استيراد {{imported}}/{{total}} أصدقاء","_[other]":"تم استيراد {{imported}}/{{total}} أصدقاء"},"otherAccount":{"_":"حسابات أخرى"},"facebookSwitchMsg":{"_":"مزامنة الأصدقاء"},"select_mobile":{"_":"إختر جوٌّال"},"select_email":{"_":"إختر بريد إلكتروني"},"contactsOrderBy":{"_":"ترتيب حسب الإسم الأخير"},"importSim2":{"_":"بطاقة SIM"},"importMemoryCard":{"_":"Memory card"},"importGmail":{"_":"Gmail"},"bluetooth":{"_":"بلوتوث"},"importOutlook":{"_":"Outlook"},"fbUpdateFriends":{"_":"تحديث الاصدقاء المستوردين"},"cleaningFbData":{"_":"جارِ حذف بيانات الفيسبوك"},"loggingOutFb":{"_":"جارِ تسجيل الخروج من الفيسبوك"},"cleanFbConfirmMsg":{"_":"حذف جميع بيانات الفيسبوك؟"},"renewPwdMsg":{"_":"تم تغيير كلمة سِّر الفيسبوك، الرجاء تحديثها."},"noConnection11":{"_":"To import Facebook friends or contacts connect to Wi-Fi or data network"},"notEnabledYet":{"_":"غير مُفعَّل حتى الان"},"genericNoConnection":{"_":"لإستيراد جهات الإتصال قم بالإتصال بشبكة واي فاي أو بشبكة بيانات"},"simCard":{"_":"بطاقة SIM"},"memoryCard":{"_":"Memory card"},"create-new":{"_":"إنشاء جهة اتصال جديده"},"import-now":{"_":"إستورد جهات الاتصال من بطاقة SIM أو من حساب الفيسبوك"},"no-contacts":{"_":"لا توجد جهات اتصال"},"start-adding":{"_":"إبدأ بإضافتهم الآن"},"notImported":{"_":"لم يتم الإستيراد"},"imported":{"_":"إستورد"},"today":{"_":"اليوم"},"yesterday":{"_":"أمس"},"messageCanceling":{"_":"Please hold on. We are canceling the ongoing operation."},"organise-contacts":{"_":"تنظيم جهات الإتصال"},"find-merge-contacts":{"_":"ابحث عن جهات الإتصال المكررة"},"preparing-contacts":{"_":"جارِ تجهيز جهات الإتصال"},"exportError-SIM-NoFreeRecordFound":{"_":"بطاقة SIM ممتلئة"},"exportError-SIM-CannotAccessPhoneBook":{"_":"Cannot access SIM card's phone book"},"exportError-SIM-Unavailable":{"_":"لم يتم إكتشاف SIM"},"exportError-SIM-GenericError":{"_":"حدث خطأ أثناء تصدير جهة الإتصال"},"fdnIsActiveTitle":{"_":"FDN فعّال"},"pincode2":{"_":"أدخل كود PIN"},"type_pin":{"_":"ادخل كود PIN"},"pincodeLabel":{"_":"SIM {{n}} PIN"},"pinValidation":{"_":"رقم الكود يجب أن يحتوي 4 إلى 8 احرف"},"pinError":{"_":"كود PIN خاطئ."},"pinAttemptMsg2":{"_":"{[ plural(n) ]}","_[one]":"لديك محاوله واحدة متبقية لادخال الكود الصحيح قبل اغلاق بطاقة SIM.","_[two]":"لديك {{n}} محاولات متبقية لادخال الكود الصحيح قبل اغلاق بطاقة SIM.","_[few]":"لديك {{n}} محاولات متبقية لادخال الكود الصحيح قبل اغلاق بطاقة SIM.","_[many]":"لديك {{n}} محاولات متبقية لادخال الكود الصحيح قبل اغلاق بطاقة SIM.","_[other]":"لديك {{n}} محاولات متبقية لادخال الكود الصحيح قبل اغلاق بطاقة SIM."},"pinLastChanceMsg":{"_":"هذه آخر فرصة لك لإدخال رقم التعريف الشخصي الصحيح. خلاف ذلك، يجب عليك إدخال مفتاح إلغاء التأمين الشخصي PUK لإستخدام هذه الشريحة."},"pukcode":{"_":"أدخل كود PUK "},"pukcodeTitle":{"_":"أدخل SIM {{n}} PUK"},"pukcodeLabel":{"_":"SIM {{n}} PUK"},"type_puk":{"_":"كود PUK "},"pukValidation":{"_":"رقم الكود يجب أن يكوت 8 احرف بالضبط."},"pukInfo":{"_":"يجب عليك إدخال مفتاح إلغاء التأمين الشخصي (PUK) للشريحة. ارجع إلى وثائق الشريحة أو اتصل بالناقل الخاص بك للحصول على مزيد من المعلومات."},"pukError":{"_":"كود PUK غير صحيح."},"pukAttemptMsg2":{"_":"{[ plural(n) ]}","_[one]":"لديك محاولة واحدة متبقية لإدخال الرمز الصحيح قبل أن تصبح هذه الشريحة غير صالحة للإستعمال بشكل دائم. ارجع إلى وثائق الشريحة أو اتصل بالمزود الخاص بك للحصول على مزيد من المعلومات.","_[two]":"لديك {{n}} محاولة لإدخال الرمز الصحيح قبل أن تصبح هذه الشريحة غير صالحة للإستعمال بشكل دائم. ارجع إلى وثائق الشريحة أو اتصل بالناقل الخاص بك للحصول على مزيد من المعلومات.","_[few]":"لديك {{n}} محاولة لإدخال الرمز الصحيح قبل أن تصبح هذه الشريحة غير صالحة للإستعمال بشكل دائم. ارجع إلى وثائق الشريحة أو اتصل بالناقل الخاص بك للحصول على مزيد من المعلومات.","_[many]":"لديك {{n}} محاولة لإدخال الرمز الصحيح قبل أن تصبح هذه الشريحة غير صالحة للإستعمال بشكل دائم. ارجع إلى وثائق الشريحة أو اتصل بالناقل الخاص بك للحصول على مزيد من المعلومات.","_[other]":"لديك {{n}} محاولة لإدخال الرمز الصحيح قبل أن تصبح هذه الشريحة غير صالحة للإستعمال بشكل دائم. ارجع إلى وثائق الشريحة أو اتصل بالناقل الخاص بك للحصول على مزيد من المعلومات."},"pukLastChanceMsg":{"_":"آخر فرصة لإدخال مفتاح إلغاء التأمين الشخصي PUK الصحيح. شريحتك ستصبح غير صالحة للإستعمال بشكل دائم إذا أدخلت مفتاح إلغاء تأمين شخصي  PUK  خاطىء."},"create_newpin":{"_":"أنشىء رقم PIN جديد (يجب أن يحتوي من 4 إلى 8 أرقام)"},"confirm_newpin":{"_":"أكِّد كود PIN"},"newpinConfirmation":{"_":"كودين PIN غير متطابقين"},"nckcode":{"_":"ادخل كود NCK"},"cckcode":{"_":"ادخل كود CCK"},"spckcode":{"_":"ادخل كود SPCK"},"nckcodeTitle":{"_":"أدخل SIM {{n}} NCK"},"cckcodeTitle":{"_":"أدخل SIM {{n}} NCK"},"spckcodeTitle":{"_":"أدخل SIM {{n}} SPCK"},"nckcodeLabel":{"_":"SIM {{n}} NCK"},"cckcodeLabel":{"_":"SIM {{n}} CCK"},"spckcodeLabel":{"_":"SIM {{n}} SPCK"},"type_nck":{"_":"أدخل رمز NCK"},"type_cck":{"_":"ادخل كود CCK"},"type_spck":{"_":"ادخل رمز SPCK الخاص بك"},"nckValidation":{"_":"رمز NCK يجب أن يحتوي 8 إلى 16 حرف"},"cckValidation":{"_":"رمز CCK يجب أن يحتوي من 8 إلى 16 حرف"},"spckValidation":{"_":"رمز SPCK يجب أن يحتوي من 8 إلى 16 حرف."},"nckErrorMsg":{"_":"كود NCK غير صحيح."},"nckAttemptMsg2":{"_":"{[ plural(n) ]}","_[one]":"فشل طلب عدم تخصيص الشبكة. لديك محاوله واحدة متبقية لادخال الكود الصحيح. راجع وثائق جهازك أو اتصل مع مزود الخدمة لمعلومات اضافية.","_[two]":"فشل طلب عدم تخصيص الشبكة. لديك {{n}} محاولات متبقية لادخال الكود الصحيح. راجع وثائق جهازك أو اتصل مع مزود الخدمة لمعلومات اضافية.","_[few]":"فشل طلب عدم تخصيص الشبكة. لديك {{n}} محاولات متبقية لادخال الكود الصحيح. راجع وثائق جهازك أو اتصل مع مزود الخدمة لمعلومات اضافية.","_[many]":"فشل طلب عدم تخصيص الشبكة. لديك {{n}} محاولات متبقية لادخال الكود الصحيح. راجع وثائق جهازك أو اتصل مع مزود الخدمة لمعلومات اضافية.","_[other]":"فشل طلب عدم تخصيص الشبكة. لديك {{n}} محاولات متبقية لادخال الكود الصحيح. راجع وثائق جهازك أو اتصل مع مزود الخدمة لمعلومات اضافية."},"nckLastChanceMsg":{"_":"فشل طلب عدم تخصيص الشبكة. لديك محاولة اخيرة لادخال كود NCL. راجع وثائق جهازك أو اتصل مع مزود الخدمة لمعلومات اضافية."},"skip":{"_":"تخطي"},"send":{"_":"أرسِّل"},"simLocked":{"_":"بطاقة SIM مقفلة."},"inputCodeRetriesLeft":{"_":"{[ plural(n) ]}","_[one]":"اخِر محاولة","_[two]":"{{n}} محاولة متبقية .","_[few]":"{{n}} محاولة متبقية .","_[many]":"{{n}} محاولة متبقية .","_[other]":"{{n}} محاولة متبقية ."},"simManager":{"_":"مدير SIM"},"simDetail":{"_":"SIM {{n}}"},"simDefault":{"_":"(إفتراضي)"},"simDefaultMessage":{"_":"يتم تعيين المكالمات الصادرة، والرسائل الصادرة واتصال البيانات إلى SIM 1 بشكل افتراضي"},"simSettingsMessage":{"_":"يمكنك تغيير الإعدادات الافتراضية من إعدادات> مدير SIM"},"simPinLocked":{"_":"SIM PIN مقفل"},"noOperator":{"_":"لايوجد مشغل"},"language":{"_":"اللغة"},"english":{"_":"الإنجليزية"},"dvorak":{"_":"الإنجليزية (دفوراك)"},"spanish":{"_":"الإسبانية"},"portuguese":{"_":"البرتغالية البرازيلية"},"french":{"_":"فرنسي"},"italian":{"_":"إيطالي"},"arabic":{"_":"العربية"},"greek":{"_":"اليونانية"},"hebrew":{"_":"العبرية"},"jp-kanji":{"_":"اليابانية"},"jp-kanji-desc":{"_":"Kanji"},"traditionalChinese":{"_":"الصينية التقليدية"},"traditionalChinese-desc":{"_":"Zhuyin"},"simplifiedChinese":{"_":"الصينية المبسطة"},"simplifiedChinese-desc":{"_":"Pinyin"},"3g":{"_":"بيانات الجوّال"},"dataConnection":{"_":"فعِّل البيانات"},"dataConnectionInfo":{"_":"تفعيل اتصال البيانات يسمح لك الآن باعداد جوّالك دون اتصال واي فاي.يمكنك فعل ذلك لاحق من الإعدادات. تأكد من مزودك بوجود اشتراك للبيانات لتجنب دفع مبالغ كبيرة محتملة."},"caution":{"_":"تحذير"},"geolocation":{"_":"تحديد الموقع الجغرافي"},"geolocationCheckbox":{"_":"تشغيل خدمة تحديد الموقع الجغرافي"},"geolocationInfo2":{"_":"{{brandShortName}} تستخدم البيانات مثل ال GPS ، الواي-فاي،  وشبكات الهاتف القريبة منك لتساعدك على تحديد موقعك."},"geolocationInfoMore":{"_":"يتم إرسال البيانات لموزيلا وبعض مقدمي الخدمات الآخرين، وسوف تستخدم في مجموعها لتحسين قواعد بيانات الأمكنة. قد يتم تخزين البيانات على الجهاز الخاص بك ويمكن أن يقوم الهاتف بجمع البيانات حتى عندما يتم لا تشغيل أي تطبيقات."},"notice":{"_":"ملاحظة"},"aboutYourPrivacy":{"_":"مزيد من المعلومات حول خصوصيتك"},"wifi":{"_":"Wi-Fi"},"scanningNetworks":{"_":"البحث عن شبكات"},"selectNetwork":{"_":"اختر شبكة"},"shortStatus-connecting":{"_":"جارِ الاتصال ..."},"shortStatus-associated":{"_":"جارِ الحصول علي عنوان IP ..."},"shortStatus-connected":{"_":"مُتصِّل ."},"shortStatus-connectingfailed":{"_":"فشل الاتصال ."},"shortStatus-disconnected":{"_":"غير مُتصِّل"},"securedBy":{"_":"الشبكة مشفرة ب {{capabilities}}"},"security":{"_":"الأمان"},"securityNone":{"_":"لا يوجد"},"securityWEP":{"_":"WEP"},"securityWPA-PSK":{"_":"WPA-PSK"},"securityWPA-EAP":{"_":"WPA-EAP"},"securityOpen":{"_":"إفتح"},"identity":{"_":"مستخدم"},"identityInput":{"placeholder":"مستخدم"},"password":{"_":"كلمة السِّر"},"passwordInput":{"placeholder":"كلمة السِّر"},"showPassword":{"_":"أظهِر كلمة السِّر"},"refresh":{"_":"حدِّث"},"noWifiFound3":{"_":"لم يتم العثور على شبكات لاسلكية"},"join-hidden-button":{"_":"الإنضمام إلى شبكة مخفية"},"authentication":{"_":"المصادقة"},"ssid-name":{"_":"إسم شبكة SSID"},"dateAndTime":{"_":"التاريخ والوقت"},"setTimeAutomatically":{"_":"اجعلها تلقائية"},"timezoneMessage":{"_":"منطقة زمنية"},"timezoneTitle":{"_":"UTC{{utcOffset}} {{region}}/{{city}}"},"dateMessage":{"_":"تاريخ"},"timeMessage":{"_":"الوقت"},"timeZone":{"_":"منطقة زمنية"},"change":{"_":"غيّر"},"importContacts3":{"_":"استورد جهات الاتصال"},"importFb2":{"_":"الفيسبوك"},"fb-checking":{"_":"... جارِ التحقق"},"notImportedYet":{"_":"لم يتم الاستيراد بعد"},"afterFbImport":{"_":"يمكنك استيراد وتحرير اصدقائك من الفيسبوك في أي وقت من اعدادات جهات الاتصال"},"about-your-rights-0":{"_":"{{brandShortName}} هو برنامج حر ومفتوح المصدر، تم إنشاؤه بواسط مجتمع يحوي آلاف المساهمين من كل أنحاء العالم. هناك بعض الأمور ينبغي عليك أن تعرفها: "},"about-your-rights-1":{"_":"تم اتاحة {{brandShortName}} لك بموجب شروط تراخيص عدة مفتوحة المصدر بما في ذلك الرخصة العمومية لموزيلا. ويمكن لجوّال يعمل ب {{brandShortName}} ان بحتوي على برمجيات مملوكة من أطراف ثالثة. أي رمز منصوص عليه في التراخيص المفتوحة تعطيك الحق في تعديل المصدر وتوزيع الإصدارات الخاصة بك ما دمت ممتثلا لأحكامها."},"about-your-rights-2":{"_":"لا تمنح لك أية حقوق في العلامة التجارية أو رخص من العلامات التجارية لمؤسسة موزيلا أو أي طرف، بما في ذلك على سبيل المثال لا الحصر قيد النص المؤقت لإسم أو شعار {{brandShortName}}."},"about-your-rights-3":{"_":"بعض الميزات في {{brandShortName}}، مثل مراسل اﻷعطال، تعطيك الخيار في توفير تقرير حال لموزيلا. عن طريق اختيار إرسال تقرير الحال، أنت تعطي الإذن لموزيلا في استخدام تقرير الحال لتحسين منتجاتها، في نشر تقرير الحال على مواقع الويب الخاصة بها، وفي توزيع تقرير الحال."},"about-other":{"_":"أخرى"},"SIM_mandatory":{"_":"تحذير بطاقة SIM"},"SIM_mandatory_warm":{"_":"من فضلك، أدخل بطاقة SIM وأعد تشغيل هاتفك."},"sharing-performance-data":{"_":"مشاركة بيانات الأداء"},"telemetry-sends":{"_":"القياس عن بعد يتيح لك القيام بإرسال معلومات أكثر تفصيلا لموزيلا حول استخدام الأجهزة والأداء والتخصيصات الخاصة بك في جهاز {{brandFullName}}. ونحن نستخدم هذه المعلومات على جعل منتجاتنا أفضل وأسرع وأكثر استجابة.."},"learn-more-at":{"_":"Learn more at"},"external-telemetry":{"title":"Telemetry"},"learn-about-information":{"_":"Learn how Mozilla handles your information at"},"external-privacy":{"title":"Privacy"},"welcomeBrowser":{"_":"{{brandShortName}} هو نظام تشغيل موزيلا المجاني والمفتوح المصدر. مهمتنا هي تشجيع وتعزيز الانفتاح والابتكار وتوليد الفرص عن طريق تسليمك طاقات الوب."},"learnHow":{"_":"Learn how Mozilla handles your information in our"},"privacyPolicy":{"_":"privacy policy","title":"Privacy policy"},"aboutBrowser":{"_":"حول {{brandShortName}}"},"aboutYourPrivacy2":{"_":"خصوصيتك"},"mozillaCommunity2":{"_":"عند استخدام {{brandShortName}}، فإنك تصبح جزءا من مجتمع عالمي يساعد على بناء مستقبل أكثر إشراقا للوب. إذا كنت ترغب في معرفة المزيد عن مجتمع موزيلا، ومنتجاتنا الأخرى والأحداث القريبة منك، ادخل عنوان بريدك الالكتروني أدناه."},"collaborate":{"_":"أريد المساعدة في جعل {{brandShortName}} أسرع وذو استعمال أسهل وذلك عن طريق مشاركتي لمعلومات حول هاتفي."},"learnMore":{"_":"تعلم أكثر."},"emailAddress":{"placeholder":"البريد الإلكتروني"},"email-successfully-added":{"_":"تم اضافة البريد الالكتروني بنجاح!"},"email-loading":{"_":"جارِ حفظ البريد الالكتروني..."},"browserPrivacyChoices":{"_":"{{brandShortName}} خيارات الخصوصية"},"privacy-b2g":{"_":"{{brandShortName}}","title":"{{brandShortName}}"},"privacy-marketplace":{"_":"السوق","title":"{{privacy-marketplace}}"},"privacy-e-me":{"_":"everything.me","title":"{{privacy-e-me}}"},"navbar-back":{"_":"رجوع"},"navbar-next":{"_":"التالي"},"navbar-join":{"_":"انضم"},"thatsIt":{"_":"هذا كل شيء!"},"startYourPhone":{"_":"ابدأ جولة جوالك"},"startYourTablet":{"_":"ابدأ جولة جهازك اللوحي!"},"joinTutorial":{"_":"انضم لنا في جولة سريعة عن جوّالك الجديد."},"enjoyYourPhone":{"_":"استمتع بجوّالك الجديد."},"optionsAvailable":{"_":"يمكنك تغير اللغة والتاريخ واليوم ووصلة الواي فاي من خلال الإعدادات"},"letsGo":{"_":"هيا بنا"},"startTour":{"_":"ابدء الجولة"},"thatsIt1Tablet-2":{"_":"يمكنك دائما السحب بإصبعك من الحافة السفلى لدخول الشاشة الرئيسية."},"thatsIt2Tablet-2":{"_":"Let's do it !"},"tutorial-step1-tiny":{"_":"مرر سريعا من اليمين الى اليسار لتصفح تطبيقاتك."},"tutorial-step2-tiny":{"_":"اضغط على الايقونة لحذفها أو تحريكها."},"tutorial-step3-tiny":{"_":"أدخل أي كلمة أو موضوع وهاتفك سوف يتكيف على الفور."},"tutorial-step4-tiny":{"_":"مرر سريعا للاسفل للوصل لاخر التنبيهات، ومعلومات الرصيد والاعدادات."},"tutorial-step5-tiny":{"_":"اضغط لفترة طويلة على زر الرئيسي لتصفح أو اغلاق اخر التطبيقات."},"tutorial-step6-tiny":{"_":"اسحب بإصبعك من جانب الشاشة للإنتقال ذهابا وإيابا بين التطبيقات الأخيرة."},"tutorial-step1-large-2":{"_":"Swipe down from top to access recent notiﬁcations, credit information and settings."},"tutorial-step2-large-2":{"_":"اسحب بإصبعك من اليمين أو اليسار لإكتشاف تطبيقات جديدة على الشاشة الرئيسية."},"tutorial-step3-large-2":{"_":"اضغط على الايقونة لفتره لحذفها أو تحريكها."},"tutorial-step4-large-2":{"_":"مررإصبعين للأعلى من الحافة السفلية لتحريك عرض البطاقة."},"offline-dialog-title":{"_":"يجب ان تكون متصل بالانترنت لمشاهدة هذه الصفحة"},"offline-dialog-text":{"_":"الرجاء الرجوع والاتصال بالانترنت. يمكنك دائما مشاهدة هذه الصفحة من الاعدادات أو ادخال   {{url}} من أي متصفح."},"OK":{"_":"موافق"},"offline-newsletter-dialog-title":{"_":"يجب ان تكون متصل بالانترنت للاشتراك في النشرة الاخبارية."},"offline-newsletter-dialog-text":{"_":"يرجى العودة والاتصال بالإنترنت."},"invalid-email-dialog-title":{"_":"بريدك الالكتروني غير صحيح"},"invalid-email-dialog-text":{"_":"يرجى العودة وتصحيح الإدخال."},"learn-more-privacy-link":{"_":"سياسة الخصوصية"},"weekday-0-long":{"_":"الأحد"},"weekday-1-long":{"_":"الإثنين"},"weekday-2-long":{"_":"الثلاثاء"},"weekday-3-long":{"_":"الأربعاء"},"weekday-4-long":{"_":"الخميس"},"weekday-5-long":{"_":"الجمعة"},"weekday-6-long":{"_":"السبت"},"weekday-0-short":{"_":"أحد"},"weekday-1-short":{"_":"إثنين"},"weekday-2-short":{"_":"ثلاثاء"},"weekday-3-short":{"_":"أربعاء"},"weekday-4-short":{"_":"خميس"},"weekday-5-short":{"_":"جمعة"},"weekday-6-short":{"_":"سبت"},"month-0-long":{"_":"يناير"},"month-1-long":{"_":"فبراير"},"month-2-long":{"_":"مارس"},"month-3-long":{"_":"أبريل"},"month-4-long":{"_":"مايو"},"month-5-long":{"_":"يونيو"},"month-6-long":{"_":"يوليو"},"month-7-long":{"_":"أغسطس"},"month-8-long":{"_":"سبتمبر"},"month-9-long":{"_":"أكتوبر"},"month-10-long":{"_":"نوفمبر"},"month-11-long":{"_":"ديسمبر"},"month-0-genitive":{"_":"يناير"},"month-1-genitive":{"_":"فبراير"},"month-2-genitive":{"_":"مارس"},"month-3-genitive":{"_":"أبريل"},"month-4-genitive":{"_":"مايو"},"month-5-genitive":{"_":"يونيو"},"month-6-genitive":{"_":"يوليو"},"month-7-genitive":{"_":"أغسطس"},"month-8-genitive":{"_":"سبتمبر"},"month-9-genitive":{"_":"أكتوبر"},"month-10-genitive":{"_":"نوفمبر"},"month-11-genitive":{"_":"ديسمبر"},"month-0-short":{"_":"يناير"},"month-1-short":{"_":"فبراير"},"month-2-short":{"_":"مارس"},"month-3-short":{"_":"ابريل"},"month-4-short":{"_":"مايو"},"month-5-short":{"_":"يونيو"},"month-6-short":{"_":"يوليو"},"month-7-short":{"_":"أغسطس"},"month-8-short":{"_":"سبتمبر"},"month-9-short":{"_":"أكتوبر"},"month-10-short":{"_":"نوفمبر"},"month-11-short":{"_":"ديسمبر"},"minutes-ago-long":{"_":"{[ plural(value) ]}","_[zero]":"الآن","_[one]":"منذ دقيقة","_[two]":"منذ {{value}} دقائق","_[few]":"منذ {{value}} دقائق","_[many]":"منذ {{value}} دقائق","_[other]":"منذ {{value}} دقائق"},"hours-ago-long":{"_":"{[ plural(value) ]}","_[zero]":"الآن","_[one]":"قبل ساعة واحدة","_[two]":"منذ ساعتين","_[few]":"قبل {{value}} ساعات","_[many]":"قبل {{value}} ساعة","_[other]":"قبل {{value}} ساعة"},"days-ago-long":{"_":"{[ plural(value) ]}","_[zero]":"اليوم","_[one]":"الأمس","_[two]":"قبل يومين","_[few]":"قبل {{value}} أيام","_[many]":"قبل {{value}} يوم","_[other]":"قبل {{value}} يوم"},"weeks-ago-long":{"_":"{[ plural(value) ]}","_[zero]":"هذا الأسبوع","_[one]":"الأسبوع الماضي","_[two]":"منذ {{value}} أسابيع","_[few]":"منذ {{value}} أسابيع","_[many]":"منذ {{value}} أسابيع","_[other]":"منذ {{value}} أسابيع"},"months-ago-long":{"_":"{[ plural(value) ]}","_[zero]":"هذا الشهر","_[one]":"الشهر الماضي","_[two]":"منذ {{value}} أشهر","_[few]":"منذ {{value}} أشهر","_[many]":"منذ {{value}} أشهر","_[other]":"منذ {{value}} أشهر"},"years-ago-long":{"_":"{[ plural(value) ]}","_[zero]":"هذه السنة","_[one]":"السنة الماضية","_[two]":"منذ سنتين","_[few]":"منذ {{value}} سنوات","_[many]":"منذ {{value}} سنة","_[other]":"منذ {{value}} سنة"},"minutes-until-long":{"_":"{[ plural(value) ]}","_[zero]":"الآن","_[one]":"خلال دقيقة","_[two]":"خلال دقيقتين","_[few]":"خلال {{value}} دقائق","_[many]":"خلال {{value}} دقيقة","_[other]":"خلال {{value}} دقيقة"},"hours-until-long":{"_":"{[ plural(value) ]}","_[zero]":"الآن","_[one]":"خلال ساعة","_[two]":"خلال ساعتين","_[few]":"خلال {{value}} ساعات","_[many]":"خلال {{value}} ساعة","_[other]":"خلال {{value}} ساعة"},"days-until-long":{"_":"{[ plural(value) ]}","_[zero]":"اليوم","_[one]":"غداً","_[two]":"خلال يومين","_[few]":"خلال {{value}} أيام","_[many]":"خلال {{value}} يوم","_[other]":"خلال {{value}} يوم"},"weeks-until-long":{"_":"{[ plural(value) ]}","_[zero]":"هذا الأسبوع","_[one]":"الأسبوع القادم","_[two]":"خلال اسبوعين","_[few]":"خلال {{value}} أسابيع","_[many]":"خلال {{value}} أسبوع","_[other]":"خلال {{value}} أسبوع"},"months-until-long":{"_":"{[ plural(value) ]}","_[zero]":"هذا الشهر","_[one]":"الشهر القادم","_[two]":"خلال شهرين","_[few]":"خلال {{value}} أشهر","_[many]":"خلال {{value}} شهر","_[other]":"خلال {{value}} شهر"},"years-until-long":{"_":"{[ plural(value) ]}","_[zero]":"هذه السنة","_[one]":"السنة القادمة","_[two]":"خلال سنتين","_[few]":"خلال {{value}} سنوات","_[many]":"خلال {{value}} سنة","_[other]":"خلال {{value}} سنة"},"minutes-ago-short":{"_":"{[ plural(value) ]}","_[zero]":"الآن","_[other]":"منذ {{value}} دقيقة"},"hours-ago-short":{"_":"{[ plural(value) ]}","_[zero]":"الآن","_[other]":"منذ {{value}} س"},"days-ago-short":{"_":"{[ plural(value) ]}","_[zero]":"اليوم","_[other]":"منذ {{value}} ي"},"minutes-until-short":{"_":"{[ plural(value) ]}","_[zero]":"الآن","_[other]":"خلال {{value}} د"},"hours-until-short":{"_":"{[ plural(value) ]}","_[zero]":"الآن","_[other]":"خلال {{value}} س"},"days-until-short":{"_":"{[ plural(value) ]}","_[zero]":"اليوم","_[other]":"خلال {{value}} ي"},"incorrectDate":{"_":"(تاريخ غير صحيح)"},"dateTimeFormat_%c":{"_":"%a %b %e %Y %I:%M:%S %p"},"dateTimeFormat_%x":{"_":"%m/%d/%Y"},"dateTimeFormat_%X":{"_":"%I:%M:%S %p"},"shortTimeFormat":{"_":"%I:%M %p"},"shortDateTimeFormat":{"_":"%x %I:%M %p"},"weekStartsOnMonday":{"_":"0"},"time_am":{"_":"ص"},"time_pm":{"_":"م"},"tz-region":{"_":"المنطقة"},"tz-city":{"_":"المدينة"},"tzRegion-Africa":{"_":"أفريقيا"},"tzRegion-America":{"_":"أمريكا"},"tzRegion-Antarctica":{"_":"أنتاركتيكا"},"tzRegion-Asia":{"_":"أسيا"},"tzRegion-Atlantic":{"_":"المحيط الاطلسي"},"tzRegion-Australia":{"_":"استراليا"},"tzRegion-Europe":{"_":"أوروبا"},"tzRegion-Indian":{"_":"المحيط الهندي"},"tzRegion-Pacific":{"_":"المحيط الهادي"},"close":{"_":"إغلاق"},"import":{"_":"استيراد"},"fbFriends":{"_":"اصدقاء الفيسبوك"},"live-serviceName":{"_":"Outlook"},"gmail-serviceName":{"_":"Gmail"},"facebook-serviceName":{"_":"اصدقاء الفيسبوك"},"viewAll":{"_":"عرض جميع اصدقاء الفيسبوك"},"viewRecommend":{"_":"عرض الموصى به فقط"},"linkProposal":{"_":"{[ plural(numFriends) ]}","_[zero]":"لا يوجد نتائج. إظهار الكل.","_[one]":"إختيار المُوصى به","_[two]":"إختيار أحد المُوصى به","_[few]":"إختيار أحد المُوصى به","_[many]":"اختر احد المُوصى به","_[other]":"اختر احد المُوصى به"},"fbFriendsFound":{"_":"{[ plural(numFriends) ]}","_[zero]":"تم استيراد جميع اصدقائك","_[one]":"تم إيجاد صديق واحد للاستيراد","_[two]":"تم العثور على {{numFriends}} اصدقاء للاستيراد","_[few]":"تم العثور على {{numFriends}} اصدقاء للاستيراد","_[many]":"تم العثور على {{numFriends}} اصدقاء للاستيراد","_[other]":"تم العثور على {{numFriends}} اصدقاء للاستيراد"},"done-search":{"_":"تم"},"progressFB3ImportTitle":{"_":"استيراد الاصدقاء إلى الاسماء"},"progressFB":{"_":"{{current}}/{{total}}"},"progressFB3UpdateTitle":{"_":"جارِ تحديث الاصدقاء في الاسماء"},"message2":{"_":"ربما يتطلب عدة دقائق"},"messageLinking":{"_":"الرجاء الانتظار. جارِ ربط اصدقائك وجهات اتصالك"},"error1":{"_":"خطأ {{from}}"},"error2":{"_":"هل تريد المحاولة مرة أخرى؟"},"errorProposal":{"_":"جارِ حساب المقترحات"},"errorFriends":{"_":"استرجاع الأصدقاء"},"errorLinking":{"_":"جارِ ربط جهة الاتصال "},"timeout1":{"_":"{{from}} تجاوز المهلة"},"timeout2":{"_":"هل تريد المحاولة مرة أخرى؟"},"timeoutProposal":{"_":"جارِ حساب المقترحات"},"timeoutFriends":{"_":"استرجاع الأصدقاء"},"timeoutLinking":{"_":"جارِ ربط جهات الاتصال"},"wait1":{"_":"الرجاء الانتظار"},"wait2":{"_":"ربما يتطلب عدة دقائق"},"waitProposal":{"_":"الرجاء الانتظار. نقوم بحساب المقترح."},"waitFriends":{"_":"انتظر، نقوم حاليا بالاتصال لجلب قائمة اصدقائك"},"curtainCancel":{"_":"إلغاء"},"curtainRetry":{"_":"محاولة مرة أخرى"},"curtainOK":{"_":"OK"},"connectionLost":{"_":"No Internet connection"},"connectionLostMsg":{"_":"Friends’ photos will not be added to your contacts. Continue anyway?"},"yesOption":{"_":"OK"},"noOption":{"_":"إلغاء"},"friendsUpdated":{"_":"{[ plural(numFriends) ]}","_[zero]":"لم يتم تحديث أي صديق","_[one]":"تم تحديث صديق واحد","_[two]":"تم تحديث {{numFriends}} أصدقاء","_[few]":"تم تحديث {{numFriends}} أصدقاء","_[many]":"تم تحديث {{numFriends}} أصدقاء","_[other]":"تم تحديث {{numFriends}} أصدقاء"},"notificationLogin":{"_":"جلسة الفيسبوك انتهت. الرجاء تسجيل الدخول."},"syncError":{"_":"حدث خطأ في تزامن بيانات اصدقائك"},"addToExistingContact":{"_":"إضافة إلى جهة اتصال موجوده"},"all":{"_":"All"},"callLog":{"_":"سجل المكالمات"},"connecting":{"_":"جارِ الاتصال"},"cf-async":{"_":"غير متزامن: {{ async }}\n"},"cf-data":{"_":"معلومات: {{ data }}\n"},"cf-error":{"_":"حدث خطأ عند محاولة الحصول على حالة تحويل المكالمات"},"cf-fax":{"_":"فاكس: {{ fax }}\n"},"cf-inactive":{"_":"غير فعال"},"cf-packet":{"_":"حزمة: {{ packet }}\n"},"cf-pad":{"_":"باد: {{ pad }}\n"},"cf-sms":{"_":"رسالة قصيرة: {{ sms }}\n"},"cf-status":{"_":"حالة تحويل المكالمات\n"},"cf-sync":{"_":"متزامن: {{ sync }}\n"},"cf-voice":{"_":"صوت: {{ voice }}\n"},"confirm-deletion":{"_":"حذف المكالمات المختارة ؟"},"createNewContact":{"_":"إنشاء جهة اتصال جديدة"},"delete":{"_":"Delete"},"edit-selected":{"_":"{[ plural(n) ]}","_[one]":"{{ n }} مُختارة","_[two]":"{{ n }} مُختارة","_[few]":"{{ n }} مُختارة","_[many]":"{{ n }} مُختارة","_[other]":"{{ n }} مُختارة"},"ignore":{"_":"تجاهل الإتصال"},"incoming":{"_":"الواردة"},"missed":{"_":"Missed"},"missedCall":{"_":"مكالمة فائتة"},"missedCallMultiSims":{"_":"(SIM {{n}}) المكالمات الفائتة"},"mmi-error":{"_":"حدث خطأ عند محاولة ارسال الرسالة"},"mmi-session-expired":{"_":"انتهت الجلسة"},"mmi-successfully-sent":{"_":"تم ارسال الرسالة بنجاح"},"no-logs-msg-1":{"_":"لم يتم تسجيل أي مكالمة"},"no-logs-msg-2":{"_":"بدء التواصل الآن"},"no-logs-msg-3":{"_":"لا يوجد أي مكالمات لم يرد عليها"},"reply":{"_":"الرد"},"switch-calls":{"_":"تحويل المكالمات"},"withheld-number":{"_":"الأرقام المحجوبة"},"from-contact":{"_":"من {{ contact }}"},"from-number":{"_":"من {{ number }}"},"from-withheld-number":{"_":"من رقم محجوب"},"sending":{"_":"جارِ الإرسال..."},"ussd-services":{"_":"خدمات {{ operator }}"},"type-your-response":{"placeholder":"أُكتب رّدك..."},"clear-all-text":{"_":"مسح الكل"},"hide":{"_":"أخفِ"},"hold":{"_":"Hold","ariaLabel":"معلق"},"resume":{"_":"Resume"},"sendSms":{"_":"أرسل رسالة"},"callEnded":{"_":"إنتهت المكالمة"},"via-sim":{"_":"بواسطة n}}SIM}}"},"sim-number":{"_":"n }} SIM }}"},"hangup-a11y-button":{"aria-label":"Hang Up","ariaLabel":"إنهاء"},"pickup-a11y-button":{"aria-label":"Pick up","ariaLabel":"رد"},"unlock-a11y-button":{"aria-label":"Slider","ariaLabel":"منزلق"},"delete-n-log?":{"_":"{[ plural(n) ]}","_[zero]":"لا شيﺀ مختار","_[one]":"حذف السجل المحدد؟","_[two]":"حذف السجِّلين؟","_[few]":"حذف {{ n }} السجلات؟","_[many]":"حذف {{ n }} سجل؟","_[other]":"حذف {{ n }} سجل؟"},"callDurationMinutes":{"_":"{{ m }}:{{ s }}"},"callDurationHours":{"_":"{{ h }}:{{ m }}:{{ s}}"},"suggestionMatches":{"_":"{[ plural(n) ]}","_[one]":"نتيجة واحدة مطابقة لـ \"{{ matchNumber }}\"","_[two]":"تطابقان لـ \"{{ matchNumber }}\"","_[few]":"{{ n }} تطابقات لـ \"{{ matchNumber }}\"","_[many]":"{{ n }} من النتائج المطابقة لـ \"{{ matchNumber }}\"","_[other]":"{{ n }} من النتائج المطابقة لـ \"{{ matchNumber }}\""},"scCallBarring":{"_":"حظر المكالمات"},"scCallForwarding":{"_":"تحويل المكالمات"},"scClip":{"_":"المعرَف بجهة الاتصال"},"scClir":{"_":"معرف المتصل الصادر"},"scPwd":{"_":"تغيير كلمة السر"},"scCallWaiting":{"_":"إنتظار المكالمة"},"scPin":{"_":"تغيير رمز PIN"},"scPin2":{"_":"تغيير رمز PIN2"},"scPuk":{"_":"فك إقفال PIN"},"scPuk2":{"_":"فك أقفال PIN2"},"scImei":{"_":"IMEI"},"scUssd":{"_":"USSD"},"serviceClassVoice":{"_":"صوت"},"serviceClassData":{"_":"بيانات"},"serviceClassFax":{"_":"فاكس"},"serviceClassSms":{"_":"رسالة نصية"},"serviceClassDataSync":{"_":"مزامنة"},"serviceClassDataAsync":{"_":"متزامن"},"serviceClassPacket":{"_":"الحزمة"},"serviceClassPad":{"_":"PAD"},"smServiceEnabled":{"_":"تم تفعيل الخدمة"},"smServiceDisabled":{"_":"تم تعطيل الخدمة"},"smServiceRegistered":{"_":"تم التسجيل بنجاح"},"smServiceErased":{"_":"تم المحو بنجاح"},"smServiceInterrogated":{"_":"تم الطلب بنجاح"},"smServiceNotProvisioned":{"_":"خدمة غير متوفرة"},"smClirPermanent":{"_":"لا يمكنك تغيير إعداد معرف المتصل"},"smClirDefaultOnNextCallOn":{"_":"الإعدادات الافتراضية لإظهار رقم المتصل هي مقيدة. المكالمة التالية: مقيدة"},"smClirDefaultOnNextCallOff":{"_":"الإعدادات الافتراضية لإظهار رقم المتصل هي مقيدة. المكالمة التالية: غير مقيدة"},"smClirDefaultOffNextCallOn":{"_":"الإعدادات الافتراضية لإظهار رقم المتصل هي غير مقيدة. المكالمة التالية: مقيدة"},"smClirDefaultOffNextCallOff":{"_":"الإعدادات الافتراضية لإظهار رقم المتصل هي غيرمقيدة. المكالمة التالية: غير مقيدة"},"smServiceEnabledFor":{"_":"تم تفعيل الخدمة ل:"},"smPinChanged":{"_":"تمَّ تغيير PIN بنجاح"},"smPinUnblocked":{"_":"رفع الحجب عن PIN بنجاح"},"smPin2Changed":{"_":"تمَّ تغيير PIN2 بنجاح"},"smPin2Unblocked":{"_":"ُُرُفع الحجب عن PIN2 بنجاح"},"emMmiError":{"_":"مشكلة في الإتصال أو رمز MMI خاطئ"},"emMmiErrorPasswordIncorrect":{"_":"كلمة سر خاطئة"},"emMmiErrorNotSupported":{"_":"رمز MMI خاطئ أو غير مدعوم"},"emMmiErrorInvalidAction":{"_":"إجراء خاطئ."},"emMmiErrorInvalidScCode":{"_":"رمز خدمة خاطئ"},"emMmiErrorBadPuk":{"_":"رمز PUK الذي قمت بإدخاله غير صحيح"},"emMmiErrorBadPin":{"_":"PIN القديم الذي كتبته غير صحيح."},"emMmiErrorNeedPuk2":{"_":"قم بإدخال رمز PUK2 لفتح الشريحة"},"emMmiErrorMismatchPin":{"_":"لا يوجد تطابق بين رموز PIN التي أدخلتها"},"emMmiErrorInvalidPin":{"_":"قم بإدخال رمز PIN مكون من 4 إلى 8 أرقام"},"emMmiErrorNeedsPuk":{"_":"شريحتك مغلقة برمز PUK"},"emMmiErrorEnablePin":{"_":"غير ناجح , قم بتفعيل قفل ال SIM/RUIM"},"emMmiErrorMmiFdn":{"_":"العملية تقتصرعلى أرقام إاتصال ثابتة فقط"},"emMmiErrorStkCcUssdDial":{"_":"يتم تعديل طلب USSD لطلب DIAL"},"emMmiErrorStkCcUssdSs":{"_":"طلب USSD تعدل الى طلب SS"},"emMmiErrorStkCcUssdUssd":{"_":"يتم تعديل طلب USSD لطلب USSD جديد"},"emMmiErrorStkCcSsDial":{"_":"يتم تعديل الطلب SS لطلب DIAL"},"emMmiErrorStkCcSsUssd":{"_":"يتم تعديل الطلب SS لطلب USSD"},"emMmiErrorStkCcSsSs":{"_":"طلب SS تعدل الى طلب SS جديد"},"emMmiErrorPinPukAttempts":{"_":"{[ plural(n) ]}","_[one]":"بقيت محاولة واحدة فقط","_[two]":"تبقت محاولتين اثنتين","_[few]":"تبقى {{ n }} المحاولات","_[many]":"تبقى {{ n }} محاولة","_[other]":"تبقى {{ n }} محاولة"},"emMmiErrorSimBlocked":{"_":"لقد تجاوزت الحد الأقصى من المحولات . حُجِبت الـ SIM"},"RadioNotAvailable":{"_":"الراديو غير متوفر"},"GenericFailure":{"_":"فشل"},"PasswordIncorrect":{"_":"كلمة سر غير صحيحة"},"SimPin2":{"_":"SIM PIN2"},"SimPuk2":{"_":"SIM PUK2"},"RequestNotSupported":{"_":"الطلب غير مدعوم"},"OpNotAllowedDuringVoiceCall":{"_":"العملية غير مسموحة أثناء الإتصال الصوتي"},"SmsSendFailRetry":{"_":"فشل في إرسال SMS اعدالمحاولة"},"SimAbsent":{"_":"الشريحة غير موجودة"},"SubscriptionNotAvailable":{"_":"الإشتراك غير متاح"},"ModeNotSupported":{"_":"الوضع غير مدعوم"},"FdnCheckFailure":{"_":"فشل اختيار Fdn"},"IllegalSimOrMe":{"_":"SIM غير قانونية أو ME"},"DialModifiedToUssd":{"_":"طلب تعديل USSD"},"DialModifiedToSs":{"_":"طلب تعديل SS"},"DialModifiedToDial":{"_":"عدّل الإتصال الهاتفي للإتصال"},"UssdModifiedToDial":{"_":"تعديل USSD للإتصال"},"UssdModifiedToSs":{"_":"تعديل USSD إلى SS"},"UssdModifiedToUssd":{"_":"تعديل USSD إلى USSD"},"SsModifiedToDial":{"_":"تعديل SS للاتصال"},"SsModifiedToUssd":{"_":"تعديل SS إلىUSSD"},"SsModifiedToSs":{"_":"تعديل SS إلى SS "},"SubscriptionNotSupported":{"_":"الإشتراك غير مدعوم"},"InvalidParameter":{"_":"معامل غير صالح"},"RejectedByRemote":{"_":"تم الرفض من طرف الخادم"},"group-call":{"_":"{[ plural(n) ]}","_[one]":"مكالمة جماعية واحدة","_[two]":"مكالمتان جماعيتان","_[few]":"مكالمات جماعية ({{ n }})","_[many]":"مكالمة جماعية ({{ n }})","_[other]":"مكالمة جماعية ({{ n }})"},"caller-left-call":{"_":"{{ caller }} المتصل غادر المكالمة."},"conferenceAddError":{"_":"غير قادر على دمج المكالمات"},"conferenceRemoveError":{"_":"غير قادر على إلغاء دمج المكالمات"},"longDateFormat":{"_":"%A, %B %e"},"select-audio-sources":{"_":"اختر مصادر الصوت"},"bluetooth-handsfree-device":{"_":"أجهزة البلوتوث اليدوية"},"receiver":{"_":"المُستقبل"},"speaker":{"_":"Speaker"},"addNewNumber":{"_":"إضافة رقم جديد"},"sim-picker-dial-via-with-number":{"_":"إتصل بـ {{phoneNumber}} بواسطة"},"sim-picker-select-sim":{"_":"اختر SIM"},"sim-picker-button":{"_":"SIM{{ n }}"},"sim-picker-button-default":{"_":"(الافتراضي)"},"waitDuplicateContacts":{"_":"جارِ البحث عن جهات الإتصال المكررة"},"waitMergingDuplicateContacts":{"_":"دمج جهات الإتصال المكررة"},"alertNoDuplicateContacts":{"_":"لا توجد جهات إتصال مكررة"},"merge":{"_":"ادمج"},"mergeDuplicateTitle":{"_":"دمج التكرارات"},"suggestedDuplicateContacts":{"_":"إقتراحات جهات الاتصال المكررة ل {{name}}"},"mergeActionButtonLabel":{"_":"{[ plural(n) ]}","_[zero]":"لا توجد جهات إتصال محددة","_[one]":"دمج مع جهة إتصال","_[other]":"دمج مع {{n}} جهة إتصال"},"duplicatesFoundTitle":{"_":"عثّر على تكرارات"},"duplicatesFoundMessage":{"_":"{{name}} معلومات مكررة في جهات الإتصال التالية"}}