{"brandShortName":{"_":"B2G OS"},"browserBrandShortName":{"_":"Уеб браузър"},"browserBrandFullName":{"_":"Mozilla Уеб браузър"},"callAirplaneModeMessage":{"_":"За да направите обаждане, трябва да деактивирате самолетния режим от настройките."},"callAirplaneModeBtnOk":{"_":"Добре"},"callAirplaneModeTitle":{"_":"Беше активиран самолетен режим."},"numberIsBusyTitle":{"_":"Зает номер"},"numberIsBusyMessage":{"_":"Номерът в момента е зает. Моля, опитайте по-късно."},"fdnIsEnabledTitle":{"_":"Активен FDN"},"fdnIsEnabledMessage":{"_":"Номерът е блокиран, тъй като не е във Вашия списък на одобрени номера."},"voiceMail":{"_":"Гласова поща"},"emergencyNumber":{"_":"Номер за спешни случаи"},"emergencyDialogBodyBadNumber":{"_":"За да направите обаждане, телефонът трябва да е свързан към мрежа."},"emergencyDialogBodyDeviceNotAccepted":{"_":"Мрежата не позволява спешни обаждания."},"emergencyDialogBtnOk":{"_":"Добре"},"emergencyDialogTitle":{"_":"Липсва мрежова свързаност"},"invalidNumberToDialTitle":{"_":"Невалиден телефонен номер"},"invalidNumberToDialMessage":{"_":"Телефонният номер, на който се обаждате, е невалиден"},"unableToCallTitle":{"_":"Не е възможно да бъде направено обаждане в момента"},"unableToCallMessage":{"_":"Не може да бъде направено обаждане. Ако вече набирате, моля първо затворете."},"otherConnectionInUseTitle":{"_":"Other connection in use"},"otherConnectionInUseMessage":{"_":"You have an active call on another connection. You can only use one connection at a time."},"add":{"_":"Добавяне"},"back":{"_":"Назад"},"call":{"_":"Обаждане"},"edit":{"_":"Редактиране"},"cancel":{"_":"Отказ"},"done":{"_":"Готово"},"ok":{"_":"Добре"},"update":{"_":"Обновяване"},"retry":{"_":"Отново"},"contacts":{"_":"Контакти"},"addContact":{"_":"Добавяне"},"deleteContact":{"_":"Изтриване на контакт"},"selectContact":{"_":"Избиране на контакт"},"selectAll":{"_":"Маркиране на всичко"},"deselectAll":{"_":"Размаркиране на всичко"},"editContact":{"_":"Редактиране"},"deleteConfirmMsg":{"_":"Да бъде ли изтрит контакта?"},"remove":{"_":"Премахване"},"comments":{"_":"Коментари"},"no_contact_phones":{"_":"Липсват телефони"},"no_contact_email":{"_":"Липсва ел.поща"},"removePhotoConfirm":{"_":"Да бъде ли премахната снимката на контакта?"},"loadingContacts":{"_":"Зареждане на контакти…"},"noContactsActivity":{"_":"Няма възможност за добавяне към контакт, тъй като списъкът с контакти е празен"},"noName":{"_":"Липсва име"},"givenName":{"placeholder":"Име"},"familyName":{"placeholder":"Фамилия"},"tel":{"placeholder":"Телефон"},"carrier":{"_":"Оператор","placeholder":"Оператор"},"separator":{"_":","},"email":{"_":"Ел.поща","placeholder":"Ел.поща"},"streetAddress":{"placeholder":"Улица"},"postalCode":{"placeholder":"Пощенски код"},"locality":{"placeholder":"Град"},"countryName":{"placeholder":"Държава"},"comment":{"placeholder":"Коментар"},"org":{"placeholder":"Фирма"},"custom":{"placeholder":"По избор","_":"Етикет по избор"},"date":{"_":"Date","placeholder":"Date"},"birthday":{"_":"Рожден ден"},"dateFormat":{"_":"%B %e"},"dateOutput":{"_":"{{dayMonthFormatted}} {{year}}"},"anniversary":{"_":"Anniversary"},"addPhoto":{"_":"Добавяне на снимка"},"addPhone":{"_":"Добавяне на телефон"},"addEmail":{"_":"Добавяне на ел.поща"},"addAddress":{"_":"Добавяне на адрес"},"addDate":{"_":"Add Date"},"addComment":{"_":"Добавяне на коментар"},"addFavorite":{"_":"Добавяне като любим"},"removeFavorite":{"_":"Премахване от любими"},"label":{"_":"Етикет"},"mobile":{"_":"Мобилен"},"home":{"_":"Домашен"},"work":{"_":"Служебен"},"personal":{"_":"Личен"},"faxHome":{"_":"Домашен факс"},"faxOffice":{"_":"Служебен факс"},"faxOther":{"_":"Друг факс"},"another":{"_":"Друг"},"other":{"_":"Other"},"current":{"_":"Current"},"itemWithLabel":{"_":"{{label}}, {{item}}"},"exit":{"_":"Изход"},"expand":{"_":"Разгъване"},"labelName":{"_":"Име:"},"labelLastName":{"_":"Фамилия:"},"labelPhoneNumber":{"_":"Телефон:"},"labelCarrier":{"_":"Оператор:"},"labelEmail":{"_":"Ел.поща:"},"labelStreet":{"_":"Улица:"},"labelZip":{"_":"Пощенски код:"},"labelCity":{"_":"Град:"},"labelCountry":{"_":"Държава:"},"labelComment":{"_":"Коментар:"},"legendTitleMain":{"_":"Основна информация"},"legendPhones":{"_":"Телефонни номера"},"legendEmail":{"_":"Ел.пощи"},"legendAddress":{"_":"Адреси"},"settings":{"_":"Настройки"},"search-contact":{"placeholder":"Търсене"},"noResults":{"_":"Няма намерени контакти"},"transferContactsTitle":{"_":"Трансфер на контакти"},"importContactsTitle":{"_":"Внасяне на контакти"},"importContactsButton":{"_":"Import Contacts"},"exportContactsTitle":{"_":"Експортиране"},"exportContactsButton":{"_":"Export Contacts"},"exportContactsAction":{"_":"Експортиране"},"simExport-title":{"_":"Експортиране към SIM"},"sdExport-title":{"_":"Експортиране към SD карта"},"btExport-title":{"_":"Експортиране към Bluetooth"},"sdUMSEnabled":{"_":"SD картата не може да бъде използване, тъй като е включено USB хранилището"},"exportErrorTitle":{"_":"Грешка при експорт"},"contactsExported2":{"_":"{[ plural(exported) ]}","_[zero]":"Не са експортирани контакти","_[one]":"{{exported}}/{{total}} експортирани контакта","_[two]":"{{exported}}/{{total}} експортирани контакта","_[few]":"{{exported}}/{{total}} експортирани контакта","_[many]":"{{exported}}/{{total}} експортирани контакта","_[other]":"{{exported}}/{{total}} експортирани контакта"},"exportError-general":{"_":"Възникна грешка при експорта"},"exportError-SD-shared":{"_":"Картата памет не може да бъде достъпена, тъй като е споделена"},"exportError-SD-unavailable":{"_":"Не е достъпна карта памет"},"exportError-SD-noSpace":{"_":"Няма достатъчно място на картата памет, за да бъдат експортирани контактите"},"exportError-SIM-unavailable":{"_":"Няма налична SIM карта"},"exportError-BT-shared":{"_":"Картата памет не може да бъде достъпена, тъй като е споделена"},"exportError-BT-unavailable":{"_":"Не е достъпна карта памет"},"exportError-BT-noSpace":{"_":"Няма достатъчно място на картата памет, за да бъдат експортирани контактите"},"simContacts-import":{"_":"Внасяне на SIM контакти"},"simContacts-importing":{"_":"Внасяне на SIM контакти…"},"simContacts-reading":{"_":"Четене от SIM картата…"},"simContacts-error":{"_":"Неуспешно внасяне на контакти от SIM"},"simContacts-imported3":{"_":"{[ plural(n) ]}","_[zero]":"Няма намерени контакти на SIM картата","_[one]":"Внесен един контакт","_[two]":"Внесени {{n}} контакта","_[few]":"Внесени {{n}} контакта","_[many]":"Внесени {{n}} контакта","_[other]":"Внесени {{n}} контакта"},"noSimMsg":{"_":"За да внесете контакти, сложете или отключете SIM картата"},"noSimMsgExport":{"_":"За да експортирате контакти, сложете или отключете SIM картата"},"simNumber":{"_":"SIM {{number}}"},"memoryCardContacts-import":{"_":"Внасяне на контакти от картата памет"},"memoryCardContacts-importing":{"_":"Внасяне на контакти от картата памет…"},"memoryCardContacts-reading":{"_":"Четене от картата памет…"},"memoryCardContacts-error":{"_":"Неуспешно внасяне на контакти от картата памет"},"memoryCardContacts-imported3":{"_":"{[ plural(n) ]}","_[zero]":"Няма намерени контакти на картата памет","_[one]":"Внесен един контакт","_[two]":"Внесени {{n}} контакта","_[few]":"Внесени {{n}} контакта","_[many]":"Внесени {{n}} контакта","_[other]":"Внесени {{n}} контакта"},"noMemoryCardMsg":{"_":"За да внесете контакти, сложете карта памет"},"noMemoryCardMsgExport":{"_":"За да експортирате контакти, сложете карта памет"},"genericProgress":{"_":"{{current}}/{{total}}"},"social-network":{"_":"Социални мрежи"},"social-link":{"_":"Свързване на контакт"},"social-unlink":{"_":"Разкачване на контакт"},"social-unlink-confirm-title":{"_":"Искате ли да разкачите Вашия приятел?"},"social-unlink-confirm-accept":{"_":"Разкачване"},"facebook-import":{"_":"Внасяне на Facebook приятели"},"show-fb-profile":{"_":"Разглеждане на Facebook профил"},"msg-send":{"_":"Съобщение"},"wall-post":{"_":"Мнение от стената"},"facebook":{"_":"Facebook"},"facebook-import-msg":{"_":"{[ plural(imported) ]}","_[zero]":"Не бяха внесени приятели (от общо {{total}})","_[one]":"Един внесен приятел (от общо {{total}})","_[two]":"{{imported}}/{{total}} внесени приятели","_[few]":"{{imported}}/{{total}} внесени приятели","_[many]":"{{imported}}/{{total}} внесени приятели","_[other]":"{{imported}}/{{total}} внесени приятели"},"otherAccount":{"_":"Други регистрации"},"facebookSwitchMsg":{"_":"Синхронизиране"},"select_mobile":{"_":"Избиране на мобилен"},"select_email":{"_":"Избиране на ел.поща"},"contactsOrderBy":{"_":"Подреждане по фамилия"},"importSim2":{"_":"SIM карта"},"importMemoryCard":{"_":"Карта памет"},"importGmail":{"_":"Gmail"},"bluetooth":{"_":"Bluetooth"},"importOutlook":{"_":"Outlook"},"fbUpdateFriends":{"_":"Обновяване на внесени приятели"},"cleaningFbData":{"_":"Премахване на Facebook данни"},"loggingOutFb":{"_":"Излизане от Facebook"},"cleanFbConfirmMsg":{"_":"Премахване на всички Facebook данни?"},"renewPwdMsg":{"_":"Вашата парола във Facebook е била променена. Моля, обновете я."},"noConnection11":{"_":"За да внесете Facebook приятели или контакти, свържете се към безжична мрежа или мрежа за данни."},"notEnabledYet":{"_":"Не е включен още."},"genericNoConnection":{"_":"Свържете се към Wi-Fi или мрежа за данни, за да внесете контакти"},"simCard":{"_":"SIM карта"},"memoryCard":{"_":"Карта памет"},"create-new":{"_":"Създаване на нов контакт."},"import-now":{"_":"Внасяне на Вашите контакти от SIM карта или Facebook"},"no-contacts":{"_":"Липсват контакти"},"start-adding":{"_":"Започнете да ги добавяте сега"},"notImported":{"_":"Не са внесени"},"imported":{"_":"Внесени"},"today":{"_":"Днес"},"yesterday":{"_":"Вчера"},"messageCanceling":{"_":"Моля изчакайте. В момента се отказва текущата операция."},"organise-contacts":{"_":"Организиране на контакти"},"find-merge-contacts":{"_":"Намиране на дублирани контакти"},"preparing-contacts":{"_":"Подготвяне на контакти"},"exportError-SIM-NoFreeRecordFound":{"_":"SIM картата е пълна"},"exportError-SIM-CannotAccessPhoneBook":{"_":"Списъкът с контакти на SIM картата не може да бъде достъпен"},"exportError-SIM-Unavailable":{"_":"Не е намерена SIM карта"},"exportError-SIM-GenericError":{"_":"Възникна грешка при експорта на контакт"},"birthdayDateFormat":{"_":"%e %B"},"pincode2":{"_":"Въведете PIN код"},"type_pin":{"_":"PIN код"},"pincodeLabel":{"_":"SIM {{n}} PIN"},"pinValidation":{"_":"PIN кодът трябва да е между 4 и 8 символа."},"pinError":{"_":"PIN кодът е грешен."},"pinAttemptMsg2":{"_":"{[ plural(n) ]}","_[one]":"Имате един опит да въведете правилен код, преди да заключите SIM картата.","_[two]":"Имате {{n}} опита да въведете правилен код, преди да заключите SIM картата.","_[few]":"Имате {{n}} опита да въведете правилен код, преди да заключите SIM картата.","_[many]":"Имате {{n}} опита да въведете правилен код, преди да заключите SIM картата.","_[other]":"Имате {{n}} опита да въведете правилен код, преди да заключите SIM картата."},"pinLastChanceMsg":{"_":"Това е последният опит да въведете правилен PIN код. След това трябва да въведете PUK кода, за да използвате SIM картата."},"pukcode":{"_":"Въведете PUK код"},"pukcodeTitle":{"_":"Въведете SIM {{n}} PUK"},"pukcodeLabel":{"_":"SIM {{n}} PUK"},"type_puk":{"_":"PUK код"},"pukValidation":{"_":"PUK кодът трябва да е точно 8 символа."},"pukInfo":{"_":"Трябва да въведете Personal Unlocking Key (PUK) код за SIM картата. Прегледайте документацията към Вашата SIM карта или се свържете с оператор, за повече информация."},"pukError":{"_":"PUK кодът е грешен."},"pukAttemptMsg2":{"_":"{[ plural(n) ]}","_[one]":"Имате един опит да въведете правилен код, преди тази SIM карта да стане неизползваема. Прегледайте документацията към Вашата SIM карта или се свържете с оператор, за повече информация.","_[two]":"Имате {{n}} опита да въведете правилен код, преди тази SIM карта да стане неизползваема. Прегледайте документацията към Вашата SIM карта или се свържете с оператор, за повече информация.","_[few]":"Имате {{n}} опита да въведете правилен код, преди тази SIM карта да стане неизползваема. Прегледайте документацията към Вашата SIM карта или се свържете с оператор, за повече информация.","_[many]":"Имате {{n}} опита да въведете правилен код, преди тази SIM карта да стане неизползваема. Прегледайте документацията към Вашата SIM карта или се свържете с оператор, за повече информация.","_[other]":"Имате {{n}} опита да въведете правилен код, преди тази SIM карта да стане неизползваема. Прегледайте документацията към Вашата SIM карта или се свържете с оператор, за повече информация."},"pukLastChanceMsg":{"_":"Това е последният опит да въведете правилен PUK код. Вашата SIM карта ще стане неизползваема, ако вкарате грешен PUK код."},"create_newpin":{"_":"Създаване на нов PIN (4 до 8 цифри)"},"confirm_newpin":{"_":"Потвърждаване на новия PIN"},"newpinConfirmation":{"_":"PIN кодовете са различни"},"nckcode":{"_":"Въведете NCK код"},"cckcode":{"_":"Въведете CCK код"},"spckcode":{"_":"Въведете SPCK код"},"nckcodeTitle":{"_":"Въведете SIM {{n}} NCK"},"cckcodeTitle":{"_":"Въведете SIM {{n}} CCK"},"spckcodeTitle":{"_":"Въведете SIM {{n}} SPCK"},"nckcodeLabel":{"_":"SIM {{n}} NCK"},"cckcodeLabel":{"_":"SIM {{n}} CCK"},"spckcodeLabel":{"_":"SIM {{n}} SPCK"},"type_nck":{"_":"Въведете NCK код"},"type_cck":{"_":"Въведете CCK код"},"type_spck":{"_":"Въведете SPCK код"},"nckValidation":{"_":"NCK трябва да е между 8 и 16 символа."},"cckValidation":{"_":"CCK трябва да е между 8 и 16 символа."},"spckValidation":{"_":"SPCK трябва да е между 8 и 16 символа."},"nckErrorMsg":{"_":"NCK кодът е грешен."},"nckAttemptMsg2":{"_":"{[ plural(n) ]}","_[one]":"Запитването за мрежово обезличаване е неуспешно. Имате един опит да вкарате правилен код. Прегледайте документацията към Вашето устройство или се свържете с оператор, за повече информация.","_[two]":"Запитването за мрежово обезличаване е неуспешно. Имате {{n}} опита да вкарате правилен код. Прегледайте документацията към Вашето устройство или се свържете с оператор, за повече информация.","_[few]":"Запитването за мрежово обезличаване е неуспешно. Имате {{n}} опита да вкарате правилен код. Прегледайте документацията към Вашето устройство или се свържете с оператор, за повече информация.","_[many]":"Запитването за мрежово обезличаване е неуспешно. Имате {{n}} опита да вкарате правилен код. Прегледайте документацията към Вашето устройство или се свържете с оператор, за повече информация.","_[other]":"Запитването за мрежово обезличаване е неуспешно. Имате {{n}} опита да вкарате правилен код. Прегледайте документацията към Вашето устройство или се свържете с оператор, за повече информация."},"nckLastChanceMsg":{"_":"Запитването за мрежово обезличаване е неуспешно. Последен опит да вкарате правилен NCK код. Прегледайте документацията към Вашето устройство или се свържете с оператор, за повече информация."},"skip":{"_":"Пропускане"},"send":{"_":"Изпращане"},"simLocked":{"_":"SIM картата е заключена"},"inputCodeRetriesLeft":{"_":"{[ plural(n) ]}","_[one]":"последен опит.","_[two]":"остават {{n}} опита.","_[few]":"остават {{n}} опита.","_[many]":"остават {{n}} опита.","_[other]":"остават {{n}} опита."},"simManager":{"_":"SIM Мениджър"},"simDetail":{"_":"SIM {{n}}"},"simDefault":{"_":"(по подразбиране)"},"simDefaultMessage":{"_":"Изходящи обаждания, съобщения и връзки за данни са настроени по подразбиране на SIM 1"},"simSettingsMessage":{"_":"Можете да промените настройките по подразбиране в Настройки > Мениджър на SIM карти"},"simPinLocked":{"_":"Заключен SIM PIN"},"noOperator":{"_":"Липсва оператор"},"language":{"_":"Език"},"english":{"_":"Английски"},"dvorak":{"_":"Английски (Dvorak)"},"spanish":{"_":"Испански"},"portuguese":{"_":"Португалски"},"french":{"_":"Френски"},"italian":{"_":"Италиански"},"arabic":{"_":"Арабски"},"greek":{"_":"Гръцки език"},"hebrew":{"_":"Иврит"},"jp-kanji":{"_":"Японски"},"jp-kanji-desc":{"_":"Kanji"},"traditionalChinese":{"_":"Традиционен китайски"},"traditionalChinese-desc":{"_":"Zhuyin"},"simplifiedChinese":{"_":"Опростен китайски"},"simplifiedChinese-desc":{"_":"Pinyin"},"3g":{"_":"Мобилни данни"},"dataConnection":{"_":"Разрешаване на данни"},"dataConnectionInfo":{"_":"Разрешаването на мобилна свързаност за данни сега, ще Ви позволи да настроите телефона си, без Wi-Fi свързаност. Можете да я включите и по-късно от Настройки. Само бъдете сигурни, че имате план за данни към оператор, за да избегнете високи сметки."},"caution":{"_":"Внимание"},"geolocation":{"_":"Геолокация"},"geolocationCheckbox":{"_":"Включи геолокация"},"geolocationInfo2":{"_":"Firefox OS използва данни като GPS, Wi-Fi и близки мобилни мрежи, за да определи приблизителното Ви местоположение."},"geolocationInfoMore":{"_":"Изпращат се данни до Mozilla и други доставчици на услуги, за да се подобрят тези бази данни. Може да бъдат запазени данни на устройството и събирането им може да се осъществява дори когато няма стартирани приложения."},"notice":{"_":"Предупреждение"},"aboutYourPrivacy":{"_":"Повече за личните Ви данни"},"wifi":{"_":"Wi-Fi"},"scanningNetworks":{"_":"Търсене на мрежи"},"selectNetwork":{"_":"Wi-Fi мрежа"},"shortStatus-connecting":{"_":"Свързване…"},"shortStatus-associated":{"_":"Получаване на IP адрес…"},"shortStatus-connected":{"_":"Свързана"},"shortStatus-connectingfailed":{"_":"Неуспешно свързване"},"shortStatus-disconnected":{"_":"Офлайн"},"securedBy":{"_":"обезпечен с {{capabilities}}"},"security":{"_":"Сигурност"},"securityNone":{"_":"Липсва"},"securityWEP":{"_":"WEP"},"securityWPA-PSK":{"_":"WPA-PSK"},"securityWPA-EAP":{"_":"WPA-EAP"},"securityOpen":{"_":"Отворена"},"identity":{"_":"Потребител"},"identityInput":{"placeholder":"Потребител"},"password":{"_":"Парола"},"passwordInput":{"placeholder":"Парола"},"showPassword":{"_":"Показване на паролата"},"refresh":{"_":"Обновяване"},"noWifiFound3":{"_":"Не са намерени безжични мрежи"},"join-hidden-button":{"_":"Присъединяване към скрита мрежа"},"authentication":{"_":"Authentication"},"ssid-name":{"_":"SSID Мрежово име"},"dateAndTime":{"_":"Дата и час"},"setTimeAutomatically":{"_":"Автоматично задаване"},"timezoneMessage":{"_":"Часова зона"},"timezoneTitle":{"_":"UTC{{utcOffset}} {{region}}/{{city}}"},"dateMessage":{"_":"Дата"},"timeMessage":{"_":"Час"},"timeZone":{"_":"Часова зона"},"change":{"_":"Промяна"},"importContacts3":{"_":"Внасяне на контакти"},"importFb2":{"_":"Facebook"},"fb-checking":{"_":"… проверяване"},"notImportedYet":{"_":"Все още не са внесени"},"afterFbImport":{"_":"Можете да внасяте и редактирате Facebook приятели по всяко време, от настройките на Контакти"},"about-your-rights-0":{"_":"{{brandShortName}} е изграден върху софтуер с отворен код, от общност от хиляди хора, от цял свят. Има няколко неща, които трябва да знаете:"},"about-your-rights-1":{"_":"{{brandShortName}} е достъпен за Вас, под условията на някои отворени лицензи, включително Mozilla Public License. Устройство използващо {{brandShortName}} може да съдържа и патентован софтуер от трети страни. Всеки код предоставен под отворени лицензи, Ви дава право да променяте кода и да разпространявате своите модифицирани версии, стига да покривате условията на лицензите."},"about-your-rights-2":{"_":"Не са Ви предоставени никакви права върху търговски марки или лицензи към тях, нито от Фондация Mozilla, нито от други страни, включително {{brandShortName}} името и логото."},"about-your-rights-3":{"_":"Някои от функциите в {{brandShortName}}, като Crash Reporter, Ви дават възможност да предоставяте данни към Mozilla. Ако изберете да предоставяте данни, давате право на Mozilla ги използва, за да подобри своите продукти, да ги публикува на уеб сайтовете си и да ги разпространява."},"about-other":{"_":"Друго"},"SIM_mandatory":{"_":"SIM предупреждение"},"SIM_mandatory_warm":{"_":"Моля, сложете SIM карта и рестартирайте телефона."},"sharing-performance-data":{"_":"Споделяне на данни за производителност"},"telemetry-sends":{"_":"Телеметрия изпраща на Mozilla данни за производителност, хардуер, конфигурации и промени от Вашето {{brandShortName}} устройство. Използваме тези данни, за да подобрим продуктите си."},"learn-more-at":{"_":"Научете повече на"},"external-telemetry":{"title":"Телеметрия"},"learn-about-information":{"_":"Научете как Mozilla управлява Вашата информация на"},"external-privacy":{"title":"Лични данни"},"welcomeBrowser":{"_":"Добре дошли при {{brandShortName}}, безплатната операционна система с отворен код от Mozilla. Нашата мисия е да промотираме отвореност, иновации и възможности, чрез запазването на силата на Уеб във вашите ръце."},"learnHow":{"_":"Научете как Mozilla управлява Вашата информация в нашия"},"privacyPolicy":{"_":"декларация за поверителност","title":"Декларация за поверителност"},"aboutBrowser":{"_":"За {{brandShortName}}"},"aboutYourPrivacy2":{"_":"Вашите лични данни"},"mozillaCommunity2":{"_":"Когато използвате {{brandShortName}}, Вие ставате част от глобална общност и помагате да се изгради по-светло бъдеще за Уеб. Ако искате да научите повече за Mozilla общността, напите други продукти и събития близо до Вас, моля напишете Вашата ел.поща по-долу."},"collaborate":{"_":"Искам да помогна за подобряването на {{brandShortName}}, като споделям данни за моя телефон."},"learnMore":{"_":"Научете повече."},"emailAddress":{"placeholder":"Електронна поща"},"email-successfully-added":{"_":"Ел.поща беше добавена успешно"},"email-loading":{"_":"Запазване на Вашате ел.поща…"},"browserPrivacyChoices":{"_":"{{brandShortName}} Privacy Choices"},"privacy-b2g":{"_":"{{brandShortName}}","title":"{{brandShortName}}"},"privacy-marketplace":{"_":"Пазар","title":"{{privacy-marketplace}}"},"privacy-e-me":{"_":"everything.me","title":"{{privacy-e-me}}"},"navbar-back":{"_":"Назад"},"navbar-next":{"_":"Напред"},"navbar-join":{"_":"Присъединяване"},"thatsIt":{"_":"Това е!"},"startYourPhone":{"_":"Започнете обиколката!"},"startYourTablet":{"_":"Започнете обиколката на таблета!"},"joinTutorial":{"_":"Вижте бърз урок, за новия Ви телефон."},"enjoyYourPhone":{"_":"Готови сте да се наслаждавате на новия си телефон."},"optionsAvailable":{"_":"Можете да промените езика, датата, часа и безжичните връзки в настройките."},"letsGo":{"_":"Да започнем"},"startTour":{"_":"Започване"},"thatsIt1Tablet-2":{"_":"You can always swipe from the bottom edge to enter home screen."},"thatsIt2Tablet-2":{"_":"Let's do it !"},"tutorial-step1-tiny":{"_":"Плъзнете от дясно на ляво, за да разгледате Вашите приложения."},"tutorial-step2-tiny":{"_":"Натиснете и задържете върху икона, за да я изтриете или преместите."},"tutorial-step3-tiny":{"_":"Натиснете и задържете върху икона, за да я изтриете или преместите."},"tutorial-step4-tiny":{"_":"Плъзнете надолу, за да достъпите последните известия и настройките."},"tutorial-step5-tiny":{"_":"Натиснете и задържете върху началния бутон, за да разгледате и затворите последните отворени приложения."},"tutorial-step6-tiny":{"_":"Swipe from the side of the screen to move back and forth between recent apps."},"tutorial-step1-large-2":{"_":"Swipe down from top to access recent notiﬁcations, credit information and settings."},"tutorial-step2-large-2":{"_":"Swipe left or right to discover new apps on home screen."},"tutorial-step3-large-2":{"_":"Tap and hold on an icon to delete or move it."},"tutorial-step4-large-2":{"_":"Two fingers swipe up from the bottom edge to trigger card view."},"offline-dialog-title":{"_":"Трябва да сте свързани към Интернет, за да видите страницата."},"offline-dialog-text":{"_":"Моля, върнете се и се свържете с Интернет. Можете да видите страницата по-късно от Настройки или като въведете {{url}} в браузър."},"OK":{"_":"Добре"},"offline-newsletter-dialog-title":{"_":"Трябва да сте свързани към Интернет, за да се запишете към бюлетина."},"offline-newsletter-dialog-text":{"_":"Моля, върнете се и се свържете с Интернет."},"invalid-email-dialog-title":{"_":"Вашата ел.поща не е валидна"},"invalid-email-dialog-text":{"_":"Моля върнете се и поправете данните."},"pckodeLabel":{"_":"SIM {{n}} SPCK"},"thatsIt1Tablet":{"_":"Това е! Готови сте да се насладите на Вашия нов таблет."},"thatsIt2Tablet":{"_":"Плъзнете от долната част, за да напуснете ръководството."},"tutorial-step1-large":{"_":"Плъзнете на ляво или на дясно, за да откриете нови приложения на началния екран."},"tutorial-step2-large":{"_":"Натиснете и задържете върху икона, за да я изтриете или преместите."},"tutorial-step3-large":{"_":"Плъзнете отгоре надолу, за да достъпите последните известия и настройките."},"tutorial-step4-large":{"_":"Натиснете върху икона, за да отворите приложение."},"tutorial-step5-large":{"_":"Плъзнете отдолу нагоре, за да отидете на началния екран."},"weekday-0-long":{"_":"Неделя"},"weekday-1-long":{"_":"Понеделник"},"weekday-2-long":{"_":"Вторник"},"weekday-3-long":{"_":"Сряда"},"weekday-4-long":{"_":"Четвъртък"},"weekday-5-long":{"_":"Петък"},"weekday-6-long":{"_":"Събота"},"weekday-0-short":{"_":"Нед"},"weekday-1-short":{"_":"Пон"},"weekday-2-short":{"_":"Вт"},"weekday-3-short":{"_":"Ср"},"weekday-4-short":{"_":"Чет"},"weekday-5-short":{"_":"Пет"},"weekday-6-short":{"_":"Съб"},"month-0-long":{"_":"Януари"},"month-1-long":{"_":"Февруари"},"month-2-long":{"_":"Maрт"},"month-3-long":{"_":"Aприл"},"month-4-long":{"_":"Май"},"month-5-long":{"_":"Юни"},"month-6-long":{"_":"Юли"},"month-7-long":{"_":"Август"},"month-8-long":{"_":"Септември"},"month-9-long":{"_":"Oктомври"},"month-10-long":{"_":"Ноември"},"month-11-long":{"_":"Декември"},"month-0-genitive":{"_":"Януари"},"month-1-genitive":{"_":"Февруари"},"month-2-genitive":{"_":"Maрт"},"month-3-genitive":{"_":"Aприл"},"month-4-genitive":{"_":"Май"},"month-5-genitive":{"_":"Юни"},"month-6-genitive":{"_":"Юли"},"month-7-genitive":{"_":"Август"},"month-8-genitive":{"_":"Септември"},"month-9-genitive":{"_":"Oктомври"},"month-10-genitive":{"_":"Ноември"},"month-11-genitive":{"_":"Декември"},"month-0-short":{"_":"Ян"},"month-1-short":{"_":"Фев"},"month-2-short":{"_":"Мар"},"month-3-short":{"_":"Апр"},"month-4-short":{"_":"Май"},"month-5-short":{"_":"Юни"},"month-6-short":{"_":"Юли"},"month-7-short":{"_":"Авг"},"month-8-short":{"_":"Сеп"},"month-9-short":{"_":"Окт"},"month-10-short":{"_":"Ное"},"month-11-short":{"_":"Дек"},"minutes-ago-long":{"_":"{[ plural(value) ]}","_[zero]":"в момента","_[one]":"преди минута","_[two]":"преди {{value}} минути","_[few]":"преди {{value}} минути","_[many]":"преди {{value}} минути","_[other]":"преди {{value}} минути"},"hours-ago-long":{"_":"{[ plural(value) ]}","_[zero]":"в момента","_[one]":"преди час","_[two]":"преди {{value}} часа","_[few]":"преди {{value}} часа","_[many]":"преди {{value}} часа","_[other]":"преди {{value}} часа"},"days-ago-long":{"_":"{[ plural(value) ]}","_[zero]":"днес","_[one]":"вчера","_[two]":"преди {{value}} дни","_[few]":"преди {{value}} дни","_[many]":"преди {{value}} дни","_[other]":"преди {{value}} дни"},"weeks-ago-long":{"_":"{[ plural(value) ]}","_[zero]":"тази седмица","_[one]":"миналата седмица","_[two]":"преди {{value}} седмици","_[few]":"преди {{value}} седмици","_[many]":"преди {{value}} седмици","_[other]":"преди {{value}} седмици"},"months-ago-long":{"_":"{[ plural(value) ]}","_[zero]":"този месец","_[one]":"миналия месец","_[two]":"преди {{value}} месеца","_[few]":"преди {{value}} месеца","_[many]":"преди {{value}} месеца","_[other]":"преди {{value}} месеца"},"years-ago-long":{"_":"{[ plural(value) ]}","_[zero]":"тази година","_[one]":"миналата година","_[two]":"преди {{value}} години","_[few]":"преди {{value}} години","_[many]":"преди {{value}} години","_[other]":"преди {{value}} години"},"minutes-until-long":{"_":"{[ plural(value) ]}","_[zero]":"now","_[one]":"in a minute","_[two]":"in {{value}} minutes","_[few]":"in {{value}} minutes","_[many]":"in {{value}} minutes","_[other]":"in {{value}} minutes"},"hours-until-long":{"_":"{[ plural(value) ]}","_[zero]":"сега","_[one]":"до един час","_[two]":"след {{value}} часа","_[few]":"след {{value}} часа","_[many]":"след {{value}} часа","_[other]":"след {{value}} часа"},"days-until-long":{"_":"{[ plural(value) ]}","_[zero]":"днес","_[one]":"утре","_[two]":"след {{value}} дни","_[few]":"след {{value}} дни","_[many]":"след {{value}} дни","_[other]":"след {{value}} дни"},"weeks-until-long":{"_":"{[ plural(value) ]}","_[zero]":"тази седмица","_[one]":"другата седмица","_[two]":"след {{value}} седмици","_[few]":"след {{value}} седмици","_[many]":"след {{value}} седмици","_[other]":"след {{value}} седмици"},"months-until-long":{"_":"{[ plural(value) ]}","_[zero]":"този месец","_[one]":"другия месец","_[two]":"след {{value}} месеца","_[few]":"след {{value}} месеца","_[many]":"след {{value}} месеца","_[other]":"след {{value}} месеца"},"years-until-long":{"_":"{[ plural(value) ]}","_[zero]":"тази година","_[one]":"следващата година","_[two]":"след {{value}} години","_[few]":"след {{value}} години","_[many]":"след {{value}} години","_[other]":"след {{value}} години"},"minutes-ago-short":{"_":"{[ plural(value) ]}","_[zero]":"в момента","_[other]":"преди {{value}}мин."},"hours-ago-short":{"_":"{[ plural(value) ]}","_[zero]":"в момента","_[other]":"преди {{value}}ч."},"days-ago-short":{"_":"{[ plural(value) ]}","_[zero]":"днес","_[other]":"преди {{value}}дни"},"minutes-until-short":{"_":"{[ plural(value) ]}","_[zero]":"сега","_[other]":"след {{value}}мин."},"hours-until-short":{"_":"{[ plural(value) ]}","_[zero]":"сега","_[other]":"след {{value}}ч."},"days-until-short":{"_":"{[ plural(value) ]}","_[zero]":"днес","_[other]":"след {{value}}дни"},"incorrectDate":{"_":"(невалидна дата)"},"dateTimeFormat_%c":{"_":"%a, %e %b %Y %H:%M:%S"},"dateTimeFormat_%x":{"_":"%d %m %Y"},"dateTimeFormat_%X":{"_":"%H:%M:%S"},"shortTimeFormat":{"_":"%H:%M"},"shortDateTimeFormat":{"_":"%x %H:%M"},"weekStartsOnMonday":{"_":"1"},"time_am":{"_":"AM"},"time_pm":{"_":"PM"},"tz-region":{"_":"Регион"},"tz-city":{"_":"Град"},"tzRegion-Africa":{"_":"Африка"},"tzRegion-America":{"_":"Америка"},"tzRegion-Antarctica":{"_":"Антарктика"},"tzRegion-Asia":{"_":"Азия"},"tzRegion-Atlantic":{"_":"Атлантически океан"},"tzRegion-Australia":{"_":"Австралия"},"tzRegion-Europe":{"_":"Европа"},"tzRegion-Indian":{"_":"Индийски океан"},"tzRegion-Pacific":{"_":"Тихи океан"},"close":{"_":"Затваряне"},"import":{"_":"Внасяне"},"fbFriends":{"_":"FB приятели"},"live-serviceName":{"_":"Outlook"},"gmail-serviceName":{"_":"Gmail"},"facebook-serviceName":{"_":"FB приятели"},"viewAll":{"_":"Преглед на всички Facebook приятели"},"viewRecommend":{"_":"Преглед само на препоръчаните"},"linkProposal":{"_":"{[ plural(numFriends) ]}","_[zero]":"Няма намерени такива приятели. Показване на всички","_[one]":"Избиране на препоръчания","_[two]":"Избиране на препоръчан","_[few]":"Избиране на препоръчан","_[many]":"Избиране на препоръчан","_[other]":"Избиране на препоръчан"},"fbFriendsFound":{"_":"{[ plural(numFriends) ]}","_[zero]":"Всички приятели са внесени","_[one]":"Намерен един приятел за внасяне","_[two]":"Намерени {{numFriends}} приятели за внасяне","_[few]":"Намерени {{numFriends}} приятели за внасяне","_[many]":"Намерени {{numFriends}} приятели за внасяне","_[other]":"Намерени {{numFriends}} приятели за внасяне"},"done-search":{"_":"Готово"},"progressFB3ImportTitle":{"_":"Внасяне на приятели в Контакти"},"progressFB":{"_":"{{current}}/{{total}}"},"progressFB3UpdateTitle":{"_":"Обновяване на приятели в Контакти"},"message2":{"_":"Това може да отнеме няколко минути"},"messageLinking":{"_":"Моля изчакайте. В момента се свързват приятеля Ви и контакта Ви."},"error1":{"_":"Грешка {{from}}"},"error2":{"_":"Искате ли да опитате отново?"},"errorProposal":{"_":"изчисляване на предложения"},"errorFriends":{"_":"изтегляне на приятели"},"errorLinking":{"_":"свързване на контакти"},"timeout1":{"_":"Просрочено време {{from}}"},"timeout2":{"_":"Искате ли да опитате отново?"},"timeoutProposal":{"_":"изчисляване на предложения"},"timeoutFriends":{"_":"изтегляне на приятели"},"timeoutLinking":{"_":"свързване на контакти"},"wait1":{"_":"Моля изчакайте."},"wait2":{"_":"Това може да отнеме няколко минути."},"waitProposal":{"_":"Моля изчакайте. В момента се изчислява предложение."},"waitFriends":{"_":"Моля изчакайте. Извършва се свързване, за да бъде получен списъка с приятели."},"curtainCancel":{"_":"Отказ"},"curtainRetry":{"_":"Отново"},"curtainOK":{"_":"Добре"},"connectionLost":{"_":"Няма Интернет свързаност"},"connectionLostMsg":{"_":"Снимките на приятелите Ви няма да бъдат добавени към контактите. Искате ли да продължите?"},"yesOption":{"_":"Добре"},"noOption":{"_":"Отказ"},"friendsUpdated":{"_":"{[ plural(numFriends) ]}","_[zero]":"Не бяха обновени приятели","_[one]":"Един обновен приятел","_[two]":"Обновени {{numFriends}} приятели","_[few]":"Обновени {{numFriends}} приятели","_[many]":"Обновени {{numFriends}} приятели","_[other]":"Обновени {{numFriends}} приятели"},"notificationLogin":{"_":"Вашата Facebook сесия е невалидна. Моля влезте."},"syncError":{"_":"Възникна грешка при синхронизацията на данните на Вашите приятели"},"addToExistingContact":{"_":"Добавяне към съществуващ контакт"},"all":{"_":"Всички"},"callLog":{"_":"Обаждания"},"connecting":{"_":"Свързване"},"cf-async":{"_":"Асинхронно: {{ async }}\n"},"cf-data":{"_":"Данни: {{ data }}\n"},"cf-error":{"_":"Възникна грешка при получаването на статуса на пренасочване на обаждания"},"cf-fax":{"_":"Факс: {{ fax }}\n"},"cf-inactive":{"_":"Неактивно"},"cf-packet":{"_":"Пакет: {{ packet }}\n"},"cf-pad":{"_":"PAD: {{ pad }}\n"},"cf-sms":{"_":"SMS: {{ sms }}\n"},"cf-status":{"_":"Статус на пренасочване на обаждания\n"},"cf-sync":{"_":"Синхронно: {{ sync }}\n"},"cf-voice":{"_":"Глас: {{ voice }}\n"},"confirm-deletion":{"_":"Изчистване на маркираните обаждания?"},"createNewContact":{"_":"Създаване на нов контакт"},"delete":{"_":"Изтриване"},"edit-selected":{"_":"{[ plural(n) ]}","_[one]":"{{ n }} маркиран","_[two]":"{{ n }} маркирани","_[few]":"{{ n }} маркирани","_[many]":"{{ n }} маркирани","_[other]":"{{ n }} маркирани"},"ignore":{"_":"Игнориране на обаждането"},"incoming":{"_":"Входящи"},"missed":{"_":"Пропуснати"},"missedCall":{"_":"Пропуснато обаждане"},"missedCallMultiSims":{"_":"(SIM {{ n }}) Missed call"},"mmi-error":{"_":"Възникна грешка при изпращането на съобщението"},"mmi-session-expired":{"_":"Сесията е изтекла"},"mmi-successfully-sent":{"_":"Съобщението е изпратено успешно"},"no-logs-msg-1":{"_":"Липсват записани обаждания"},"no-logs-msg-2":{"_":"Започнете да комуникирате сега"},"no-logs-msg-3":{"_":"Липсват пропуснати обаждания"},"reply":{"_":"Отговаряне"},"switch-calls":{"_":"Смяна на обажданията"},"withheld-number":{"_":"Скрит номер"},"from-contact":{"_":"От {{ contact }}"},"from-number":{"_":"От {{ number }}"},"from-withheld-number":{"_":"От скрит номер"},"sending":{"_":"Изпращане…"},"ussd-services":{"_":"{{ operator }} услуги"},"type-your-response":{"placeholder":"Въвеждане на отговор…"},"clear-all-text":{"_":"Изчистване на текста"},"hide":{"_":"Скриване"},"hold":{"_":"Задържане"},"resume":{"_":"Продължаване"},"sendSms":{"_":"Изпращане на съобщение"},"callEnded":{"_":"Обаждането е прекратено"},"via-sim":{"_":"via SIM{{ n }}"},"sim-number":{"_":"SIM{{ n }}"},"hangup-a11y-button":{"aria-label":"Затваряне"},"pickup-a11y-button":{"aria-label":"Отговаряне"},"unlock-a11y-button":{"aria-label":"Плъзгач"},"delete-n-log?":{"_":"{[ plural(n) ]}","_[zero]":"Няма маркирани","_[one]":"Изтриване на маркирания запис?","_[two]":"Изтриване на {{ n }} записа?","_[few]":"Изтриване на {{ n }} записа?","_[many]":"Изтриване на {{ n }} записа?","_[other]":"Изтриване на {{ n }} записа?"},"callDurationMinutes":{"_":"{{ m }}:{{ s }}"},"callDurationHours":{"_":"{{ h }}:{{ m }}:{{ s}}"},"suggestionMatches":{"_":"{[ plural(n) ]}","_[one]":"{{ n }} съответствие за \"{{ matchNumber }}\"","_[two]":"{{ n }} съответствия за \"{{ matchNumber }}\"","_[few]":"{{ n }} съответствия за \"{{ matchNumber }}\"","_[many]":"{{ n }} съответствия за \"{{ matchNumber }}\"","_[other]":"{{ n }} съответствия за \"{{ matchNumber }}\""},"scCallBarring":{"_":"Блокиране"},"scCallForwarding":{"_":"Пренасочване"},"scClip":{"_":"Clip"},"scClir":{"_":"Clir"},"scPwd":{"_":"Промяна на парола"},"scCallWaiting":{"_":"Изчакване на обажданията"},"scPin":{"_":"Смяна на PIN"},"scPin2":{"_":"Смяна на PIN2"},"scPuk":{"_":"Отблокиране"},"scPuk2":{"_":"Отблокиране"},"scImei":{"_":"IMEI"},"scUssd":{"_":"USSD"},"serviceClassVoice":{"_":"Глас"},"serviceClassData":{"_":"Данни"},"serviceClassFax":{"_":"FAX"},"serviceClassSms":{"_":"SMS"},"serviceClassDataSync":{"_":"Sync"},"serviceClassDataAsync":{"_":"Async"},"serviceClassPacket":{"_":"Пакет"},"serviceClassPad":{"_":"PAD"},"smServiceEnabled":{"_":"Услугата беше включена"},"smServiceDisabled":{"_":"Услугата беше изключена"},"smServiceRegistered":{"_":"Регистрацията беше успешна"},"smServiceErased":{"_":"Заличаването беше успешно"},"smServiceInterrogated":{"_":"Запитването беше успешно"},"smServiceNotProvisioned":{"_":"Услугата не е провизирана"},"smClirPermanent":{"_":"Не може да смените настройката за caller ID"},"smClirDefaultOnNextCallOn":{"_":"По подразбиране caller ID е ограничен. Следващо обаждане: Ограничен"},"smClirDefaultOnNextCallOff":{"_":"По подразбиране caller ID е ограничен. Следващо обаждане: Не е ограничен"},"smClirDefaultOffNextCallOn":{"_":"По подразбиране caller ID не е ограничен. Следващо обаждане: Ограничен"},"smClirDefaultOffNextCallOff":{"_":"По подразбиране caller ID не е ограничен. Следващо обаждане: Не е ограничен"},"smServiceEnabledFor":{"_":"Услугата е включена за:"},"smPinChanged":{"_":"Успешна смяна на PIN"},"smPinUnblocked":{"_":"Успешно отблокиране на PIN"},"smPin2Changed":{"_":"Успешна смяна на PIN2"},"smPin2Unblocked":{"_":"Успешно отблокиране на PIN2"},"emMmiError":{"_":"Проблем със свързаността или невалиден MMI код"},"emMmiErrorPasswordIncorrect":{"_":"Грешна парола"},"emMmiErrorNotSupported":{"_":"Грешен или неподдържан MMI код"},"emMmiErrorInvalidAction":{"_":"Невалидно действие"},"emMmiErrorInvalidScCode":{"_":"Невалиден сервизен код"},"emMmiErrorBadPuk":{"_":"PUK кодът е невалиден"},"emMmiErrorBadPin":{"_":"Старият PIN код е неправилен"},"emMmiErrorNeedPuk2":{"_":"Въведете PUK2, за да разблокирате SIM картата"},"emMmiErrorMismatchPin":{"_":"PIN кодовете не са еднакви"},"emMmiErrorInvalidPin":{"_":"Въведете PIN код от 4 до 8 цифри"},"emMmiErrorNeedsPuk":{"_":"Вашата SIM карта е със заключен PUK"},"emMmiErrorEnablePin":{"_":"Неуспешно. Включи SIM/RUIM LOCK"},"emMmiErrorMmiFdn":{"_":"Операцията е ограничена само до фиксирани номера"},"emMmiErrorStkCcUssdDial":{"_":"USSD запитването е променено на DIAL запитване"},"emMmiErrorStkCcUssdSs":{"_":"USSD запитването е променено на SS запитване"},"emMmiErrorStkCcUssdUssd":{"_":"USSD запитването е променено на ново USSD запитване"},"emMmiErrorStkCcSsDial":{"_":"SS запитването е променено на DIAL запитване"},"emMmiErrorStkCcSsUssd":{"_":"SS запитването е променено на USSD запитване"},"emMmiErrorStkCcSsSs":{"_":"SS запитването е променено на ново SS запитване"},"emMmiErrorPinPukAttempts":{"_":"{[ plural(n) ]}","_[one]":"Остава само {{ n }} опит","_[two]":"Остават {{ n }} опита","_[few]":"Остават {{ n }} опита","_[many]":"Остават {{ n }} опита","_[other]":"Остават {{ n }} опита"},"emMmiErrorSimBlocked":{"_":"Максималният брой на опитите е надвишен. SIM е блокиран."},"RadioNotAvailable":{"_":"Не е налично радио"},"GenericFailure":{"_":"Обща грешка"},"PasswordIncorrect":{"_":"Грешна парола"},"SimPin2":{"_":"SIM PIN2"},"SimPuk2":{"_":"SIM PUK2"},"RequestNotSupported":{"_":"Запитването не е поддържано"},"OpNotAllowedDuringVoiceCall":{"_":"Операцията не е позволена по време на гласово обаждане"},"SmsSendFailRetry":{"_":"SMS изпращане грешка повторение"},"SimAbsent":{"_":"Липсва SIM"},"SubscriptionNotAvailable":{"_":"Не е наличен абонамент"},"ModeNotSupported":{"_":"Режимът не е поддържан"},"FdnCheckFailure":{"_":"Грешка при проверката на Fdn"},"IllegalSimOrMe":{"_":"Невалиден SIM или ME"},"DialModifiedToUssd":{"_":"Набирането е променено на USSD"},"DialModifiedToSs":{"_":"Набирането е променено на SS"},"DialModifiedToDial":{"_":"Набирането е променено на набиране"},"UssdModifiedToDial":{"_":"USSD е променен на набиране"},"UssdModifiedToSs":{"_":"USSD е променен на SS"},"UssdModifiedToUssd":{"_":"USSD е променен на USSD"},"SsModifiedToDial":{"_":"SS е променен на набиране"},"SsModifiedToUssd":{"_":"SS е променен на USSD"},"SsModifiedToSs":{"_":"SS е променен на SS"},"SubscriptionNotSupported":{"_":"Абонамент не е поддържан"},"InvalidParameter":{"_":"Невалиден параметър"},"RejectedByRemote":{"_":"Отказан от отдалечен"},"group-call":{"_":"{[ plural(n) ]}","_[one]":"Конферентно обаждане ({{ n }})","_[two]":"Конферентно обаждане ({{ n }})","_[few]":"Конферентно обаждане ({{ n }})","_[many]":"Конферентно обаждане ({{ n }})","_[other]":"Конферентно обаждане ({{ n }})"},"caller-left-call":{"_":"{{ caller }} напусна обаждането."},"conferenceAddError":{"_":"Неуспешно сливане на обажданията"},"conferenceRemoveError":{"_":"Неуспешно разделяне на обажданията"},"longDateFormat":{"_":"%A, %e %B"},"select-audio-sources":{"_":"Select audio sources"},"bluetooth-handsfree-device":{"_":"Bluetooth handsfree device"},"receiver":{"_":"Receiver"},"speaker":{"_":"Speaker"},"sim-picker-dial-via-with-number":{"_":"Dial {{ phoneNumber }} via"},"sim-picker-select-sim":{"_":"Select SIM"},"sim-picker-button":{"_":"SIM{{ n }}"},"sim-picker-button-default":{"_":"(default)"},"waitDuplicateContacts":{"_":"Търсене на дублирани контакти"},"waitMergingDuplicateContacts":{"_":"Обединяване на дублирани контакти"},"alertNoDuplicateContacts":{"_":"Не са намерени дублирани контакти"},"merge":{"_":"Обединяване"},"mergeDuplicateTitle":{"_":"Обединяване на дубликати"},"suggestedDuplicateContacts":{"_":"Възможни дублирани контакти за {{name}}"},"mergeActionButtonLabel":{"_":"{[ plural(n) ]}","_[zero]":"Няма избрани контакти","_[one]":"Обединяване с {{n}} контакт","_[other]":"Обединяване с {{n}} контакта"},"duplicatesFoundTitle":{"_":"Намерени дубликати"},"duplicatesFoundMessage":{"_":"{{name}} дублира информация в следните контакти"}}