{"brandShortName":{"_":"B2G ওএস"},"browserBrandShortName":{"_":"ওয়েব ব্রাউজার"},"browserBrandFullName":{"_":"মজিলা ওয়েব ব্রাউজার"},"callAirplaneModeMessage":{"_":"ফোন করতে সেটিংস থেকে আপনাকে এরোপ্লেন মুড বন্ধ করতে হবে।"},"callAirplaneModeBtnOk":{"_":"ঠিক আছে"},"callAirplaneModeTitle":{"_":"এরোপ্লেন মুড চালু করা হয়েছে"},"numberIsBusyTitle":{"_":"নম্বরটি ব্যস্ত আছে"},"numberIsBusyMessage":{"_":"এই নম্বরটি বর্তমানে ব্যস্ত আছে। অনুগ্রহ করে পরে আবার চেষ্টা করুন।"},"fdnIsEnabledTitle":{"_":"FDN সক্রিয়"},"fdnIsEnabledMessage":{"_":"আপনার অনুমোদিত নম্বরের তালিকায় এই নম্বরটি না থাকায় এটিকে ব্লক করা হয়েছে।"},"voiceMail":{"_":"ভয়েসমেইল"},"emergencyNumber":{"_":"জরুরী নম্বর"},"emergencyDialogBodyBadNumber":{"_":"ফোন করার জন্য, আপনার ফোনকে অবশ্যই নেটওয়ার্কে সংযুক্ত হতে হবে।"},"emergencyDialogBodyDeviceNotAccepted":{"_":"নেটওয়ার্কে জরুরী কল অনুমোদিত নয়।"},"emergencyDialogBtnOk":{"_":"ঠিক আছে"},"emergencyDialogTitle":{"_":"নেটওয়ার্ক সংযোগ নেই"},"invalidNumberToDialTitle":{"_":"অকার্যকর ফোন নাম্বার"},"invalidNumberToDialMessage":{"_":"আপনি যে ফোন নাম্বারে কল করেছেন তা সঠিক নয়।"},"unableToCallTitle":{"_":"বর্তমানে ফোনকল করতে ব্যর্থ"},"unableToCallMessage":{"_":"কলটি করা যাচ্ছে না। যদি আপনি ইতোমধ্যে ডায়াল করে থাকেন তাহলে প্রথমে তা কেটে নিন।"},"otherConnectionInUseTitle":{"_":"Other connection in use"},"otherConnectionInUseMessage":{"_":"You have an active call on another connection. You can only use one connection at a time."},"add":{"_":"যোগ"},"back":{"_":"পিছনে"},"call":{"_":"কল করুন"},"edit":{"_":"সম্পাদনা"},"cancel":{"_":"বাতিল"},"done":{"_":"সম্পন্ন"},"ok":{"_":"ঠিক আছে"},"update":{"_":"হালনাগাদ"},"retry":{"_":"পুনরায় চেষ্টা"},"contacts":{"_":"পরিচিতি তালিকা"},"addContact":{"_":"পরিচিতি যোগ করুন"},"deleteContact":{"_":"পরিচিতি অপসারণ"},"selectContact":{"_":"পরিচিতি নির্বাচন করুন"},"selectAll":{"_":"সব নির্বাচন"},"deselectAll":{"_":"সব অনির্বাচন"},"editContact":{"_":"সম্পাদনা"},"deleteConfirmMsg":{"_":"পরিচিতি অপসারিত হবে?"},"remove":{"_":"অপসারণ"},"comments":{"_":"মন্তব্য"},"no_contact_phones":{"_":"এই পরিচিতির কোনো ফোন নম্বর নেই"},"no_contact_email":{"_":"এই পরিচিতির কোনো ইমেইল ঠিকানা নেই"},"removePhotoConfirm":{"_":"পরিচিতির ছবি অপসারণ করবেন?"},"loadingContacts":{"_":"পরিচিতিদের তথ্য লোড করা হচ্ছে…"},"noContactsActivity":{"_":"আপনার পরিচিতি তালিকা শূন্য থাকায় তা পরিচিতিতে যোগ করা যাচ্ছে না"},"noName":{"_":"নামহীন"},"givenName":{"placeholder":"নামের প্রথমাংশ"},"familyName":{"placeholder":"নামের শেষাংশ"},"tel":{"placeholder":"ফোন"},"carrier":{"_":"অপারেটর","placeholder":"অপারেটর"},"separator":{"_":","},"email":{"_":"ইমেইল","placeholder":"ইমেইল"},"streetAddress":{"placeholder":"রাস্তা"},"postalCode":{"placeholder":"পোস্টকোড"},"locality":{"placeholder":"শহর"},"countryName":{"placeholder":"দেশ"},"comment":{"placeholder":"মন্তব্য"},"org":{"placeholder":"কোম্পানি"},"custom":{"placeholder":"স্বনির্ধারিত","_":"স্বনির্বাচিত ট্যাগ"},"date":{"_":"Date","placeholder":"Date"},"birthday":{"_":"জন্মদিন"},"dateFormat":{"_":"%B %e"},"dateOutput":{"_":"{{dayMonthFormatted}} {{year}}"},"anniversary":{"_":"Anniversary"},"addPhoto":{"_":"ছবি যোগ"},"addPhone":{"_":"ফোন নম্বর যোগ"},"addEmail":{"_":"ইমেইল যোগ"},"addAddress":{"_":"ঠিকানা যোগ"},"addDate":{"_":"Add Date"},"addComment":{"_":"মন্তব্য যোগ"},"addFavorite":{"_":"প্রিয় তালিকায় যোগ করুন"},"removeFavorite":{"_":"প্রিয় তালিকা হতে অপসারণ করুন"},"label":{"_":"লেবেল"},"mobile":{"_":"মোবাইল"},"home":{"_":"বাড়ি"},"work":{"_":"কাজ"},"personal":{"_":"ব্যাক্তিগত"},"faxHome":{"_":"ফ্যাক্স বাড়ি"},"faxOffice":{"_":"ফ্যাক্স অফিস"},"faxOther":{"_":"ফ্যাক্স অন্যান্য"},"another":{"_":"অন্য একটি"},"other":{"_":"Other"},"current":{"_":"Current"},"itemWithLabel":{"_":"{{label}}, {{item}}"},"exit":{"_":"প্রস্থান করুন"},"expand":{"_":"প্রসারণ"},"labelName":{"_":"নামের প্রথমাংশ:"},"labelLastName":{"_":"নামের শেষাংশ:"},"labelPhoneNumber":{"_":"ফোন নম্বর:"},"labelCarrier":{"_":"ক্যারিয়ার:"},"labelEmail":{"_":"ইমেইল:"},"labelStreet":{"_":"সড়ক:"},"labelZip":{"_":"পোস্ট কোড:"},"labelCity":{"_":"শহর:"},"labelCountry":{"_":"দেশ:"},"labelComment":{"_":"মন্তব্য:"},"legendTitleMain":{"_":"প্রধান তথ্য"},"legendPhones":{"_":"ফোন নম্বর"},"legendEmail":{"_":"ইমেল ঠিকানা"},"legendAddress":{"_":"ঠিকানা"},"settings":{"_":"সেটিংসমূহ"},"search-contact":{"placeholder":"অনুসন্ধান করুন"},"noResults":{"_":"কোন পরিচিতি পাওয়া যায় নাই"},"transferContactsTitle":{"_":"পরিচিতি স্থানান্তর"},"importContactsTitle":{"_":"Import Contacts"},"importContactsButton":{"_":"Import Contacts"},"exportContactsTitle":{"_":"Export Contacts"},"exportContactsButton":{"_":"Export Contacts"},"exportContactsAction":{"_":"এক্সপোর্ট"},"simExport-title":{"_":"সিম কার্ডে এক্সপোর্ট"},"sdExport-title":{"_":"এসডি কার্ডে এক্সপোর্ট"},"btExport-title":{"_":"ব্লুটুথের মাধ্যমে এক্সপোর্ট"},"sdUMSEnabled":{"_":"ইউএসবি স্টোরেজ সক্রিয় থাকায় এসডি কার্ড ব্যবহার করা যাচ্ছে না"},"exportErrorTitle":{"_":"এক্সপোর্ট সংক্রান্ত ত্রুটি"},"contactsExported2":{"_":"{[ plural(exported) ]}","_[zero]":"কোন পরিচিতি এক্সপোর্ট করা হয়নি","_[one]":"{{exported}}/{{total}} পরিচিতি এক্সপোর্ট করা হয়েছে","_[two]":"{{exported}}/{{total}} পরিচিতি এক্সপোর্ট করা হয়েছে","_[few]":"{{exported}}/{{total}} পরিচিতি এক্সপোর্ট করা হয়েছে","_[many]":"{{exported}}/{{total}} পরিচিতি এক্সপোর্ট করা হয়েছে","_[other]":"{{exported}}/{{total}} পরিচিতি এক্সপোর্ট করা হয়েছে"},"exportError-general":{"_":"এক্সপোর্ট করার সময় কিছু সমস্যা হয়েছে"},"exportError-SD-shared":{"_":"Can’t access memory card because it’s shared"},"exportError-SD-unavailable":{"_":"মেমোরি কার্ড নেই"},"exportError-SD-noSpace":{"_":"There’s not enough space on the memory card to export the contacts"},"exportError-SIM-unavailable":{"_":"সিম কার্ড নেই"},"exportError-BT-shared":{"_":"Can’t access memory card because it’s shared"},"exportError-BT-unavailable":{"_":"মেমোরি কার্ড পাওয়া যায়নি"},"exportError-BT-noSpace":{"_":"There’s not enough space on the memory card to export the contacts"},"simContacts-import":{"_":"সিমকার্ড থেকে পরিচিতি কপি করুন"},"simContacts-importing":{"_":"সিমকার্ড থেকে পরিচিতি কপি হচ্ছে…"},"simContacts-reading":{"_":"সিমকার্ডের তথ্য পড়া হচ্ছে..."},"simContacts-error":{"_":"সিমকার্ড থেকে পরিচিতি ইমপোর্ট করতে পারিনি"},"simContacts-imported3":{"_":"{[ plural(n) ]}","_[zero]":"ইম্পোর্ট করার মত কোন পরিচিতি সিম কার্ডে পাওয়া যায়নি","_[one]":"একটি পরিচিতি ফোনে আনা হয়েছে","_[two]":"{{n}} টি পরিচিতি ফোনে আনা হয়েছে","_[few]":"{{n}} টি পরিচিতি ফোনে আনা হয়েছে","_[many]":"{{n}} টি পরিচিতি ফোনে আনা হয়েছে","_[other]":"{{n}} টি পরিচিতি ফোনে আনা হয়েছে"},"noSimMsg":{"_":"পরিচিতি ইম্পোর্ট করতে সিম কার্ড প্রবেশ বা আনলক করুন"},"noSimMsgExport":{"_":"পরিচিতি এক্সপোর্ট করতে সিম কার্ড প্রবেশ বা আনলক করুন"},"simNumber":{"_":"সিম {{number}}"},"memoryCardContacts-import":{"_":"মেমোরি কার্ড হতে পরিচিতি ইম্পোর্ট করা হবে"},"memoryCardContacts-importing":{"_":"মেমোরি কার্ড হতে পরিচিতি ইম্পোর্ট করা হচ্ছে…"},"memoryCardContacts-reading":{"_":"মেমোরি কার্ডের তথ্য পড়া হচ্ছে..."},"memoryCardContacts-error":{"_":"মেমোরি কার্ড থেকে পরিচিতি ইম্পোর্ট করা যায়নি"},"memoryCardContacts-imported3":{"_":"{[ plural(n) ]}","_[zero]":"ফোনে ইম্পোর্ট করার মতন কোন পরিচিতি মেমোরি কার্ডে পাওয়া যায়নি","_[one]":"একটি পরিচিতি ফোনে আনা হয়েছে","_[two]":"{{n}} টি পরিচিতি ইম্পোর্ট হয়েছে","_[few]":"{{n}} টি পরিচিতি ইম্পোর্ট হয়েছে","_[many]":"{{n}} টি পরিচিতি ইম্পোর্ট হয়েছে","_[other]":"{{n}} টি পরিচিতি ইম্পোর্ট হয়েছে"},"noMemoryCardMsg":{"_":"পরিচিতি ইম্পোর্ট করার জন্য মেমোরি কার্ড প্রবেশ করান"},"noMemoryCardMsgExport":{"_":"পরিচিতি এক্সপোর্ট করতে মেমরি কার্ড প্রবেশ করুন"},"genericProgress":{"_":"{{current}}/{{total}}"},"social-network":{"_":"সামাজিক নেটওয়ার্ক"},"social-link":{"_":"পরিচিতি লিঙ্ক করুন"},"social-unlink":{"_":"পরিচিতি লিঙ্কমুক্ত করুন"},"social-unlink-confirm-title":{"_":"আপনি কি আপনার বন্ধুকে লিঙ্কমুক্ত করতে চান?"},"social-unlink-confirm-accept":{"_":"লিঙ্কমুক্ত করুন"},"facebook-import":{"_":"ফেসবুকের বন্ধুদের তথ্য ফোনে নিয়ে আসুন"},"show-fb-profile":{"_":"ফেসবুক প্রোফাইল দেখুন"},"msg-send":{"_":"বার্তা"},"wall-post":{"_":"ওয়াল পোস্ট"},"facebook":{"_":"ফেসবুক"},"facebook-import-msg":{"_":"{[ plural(imported) ]}","_[zero]":"কোন বন্ধুকে ({{total}} এর মধ্যে) যুক্ত করা হয় নি","_[one]":"একজন বন্ধুকে ({{total}} এর মধ্যে) যুক্ত করা হয়েছে","_[two]":"{{imported}}/{{total}} জন বন্ধুকে ইম্পোর্ট করা হয়েছে","_[few]":"{{imported}}/{{total}} জন বন্ধুর তথ্য আনা হয়েছে","_[many]":"{{imported}}/{{total}} জন বন্ধুকে ইম্পোর্ট করা হয়েছে","_[other]":"{{imported}}/{{total}} জন বন্ধুকে ইম্পোর্ট করা হয়েছে"},"otherAccount":{"_":"অন্য অ্যাকাউন্ট"},"facebookSwitchMsg":{"_":"বন্ধু সিঙ্ক করুন"},"select_mobile":{"_":"মোবাইল নির্বাচন করুন"},"select_email":{"_":"ইমেইল নির্বাচন করুন"},"contactsOrderBy":{"_":"নামের শেষের অংশ অনুযায়ী সাজান"},"importSim2":{"_":"সিম কার্ড"},"importMemoryCard":{"_":"মেমোরি কার্ড"},"importGmail":{"_":"জিমেইল"},"bluetooth":{"_":"ব্লুটুথ"},"importOutlook":{"_":"আউটলুক"},"fbUpdateFriends":{"_":"মোবাইলে যুক্ত বন্ধুদের হালনাগাদ করা হয়েছে"},"cleaningFbData":{"_":"ফেসবুক ডাটা অপসারিত হচ্ছে"},"loggingOutFb":{"_":"ফেসবুক থেকে প্রস্থান"},"cleanFbConfirmMsg":{"_":"ফেসবুকের সব ডাটা অপসারিত হবে?"},"renewPwdMsg":{"_":"আপনার ফেসবুকে পাসওয়ার্ড পরিবর্তন করা হয়েছে। অনুগ্রহ করে, হালনাগাদ করুন।"},"noConnection11":{"_":"ফেসবুক থেকে বন্ধু অথবা তাদের পরিচিতি ইমপোর্ট করতে ওয়াই-ফাই বা ডাটা নেটওয়ার্কে যুক্ত হোন"},"notEnabledYet":{"_":"এখনও সক্রিয় নয়"},"genericNoConnection":{"_":"পরিচিতি ইমপোর্ট করতে ওয়াই-ফাই অথবা ডাটা নেটওয়ার্কে সংযুক্ত হোন"},"simCard":{"_":"সিম কার্ড"},"memoryCard":{"_":"মেমোরি কার্ড"},"create-new":{"_":"নতুন পরিচিতি তৈরি করুন"},"import-now":{"_":"সিম কার্ড অথবা ফেসবুক থেকে আপনার পরিচিতি ইম্পোর্ট করুন"},"no-contacts":{"_":"কোনো পরিচিতি নেই"},"start-adding":{"_":"এখনই এদের যুক্ত করা শুরু করুন"},"notImported":{"_":"ইম্পোর্ট করা হয়নি"},"imported":{"_":"ইম্পোর্ট করা হয়েছে"},"today":{"_":"আজ"},"yesterday":{"_":"গতকাল"},"messageCanceling":{"_":"ধৈর্য ধরুন। আমরা চলতি কাজটি বাতিল করছি।"},"organise-contacts":{"_":"পরিচিতি সাজান"},"find-merge-contacts":{"_":"অনুরূপ পরিচিতির অনুসন্ধান"},"preparing-contacts":{"_":"পরিচিতি প্রস্তুত হচ্ছে"},"exportError-SIM-NoFreeRecordFound":{"_":"সিম কার্ড পূর্ণ"},"exportError-SIM-CannotAccessPhoneBook":{"_":"সিম কার্ডের ফোনবুকে ঢোকা যাচ্ছে না"},"exportError-SIM-Unavailable":{"_":"কোনো সিম কার্ড নেই"},"exportError-SIM-GenericError":{"_":"পরিচিতি এক্সপোর্ট করার সময় একটি ত্রুটি হয়েছে"},"birthdayDateFormat":{"_":"%B %e"},"pincode2":{"_":"পিন কোড প্রবেশ করুন"},"type_pin":{"_":"আপনার পিন কোড লিখুন"},"pincodeLabel":{"_":"সিম {{n}} এর পিন"},"pinValidation":{"_":"পিন অবশ্যই ৪ থেকে ৮ অক্ষরের হতে হবে।"},"pinError":{"_":"পিন ভুল।"},"pinAttemptMsg2":{"_":"{[ plural(n) ]}","_[one]":"সিম কার্ড লক হয়ে যাওয়ার আগে আপনার কাছে সঠিক কোড প্রবেশ করানোর জন্য একটি সুযোগ আছে","_[two]":"সিম কার্ড লক হয়ে যাওয়ার আগে সঠিক কোড প্রবেশ করানোর জন্য আপনার কাছে {{n}} টি সুযোগ আছে","_[few]":"সিম কার্ড লক হয়ে যাওয়ার আগে সঠিক কোড প্রবেশ করানোর জন্য আপনার কাছে {{n}} টি সুযোগ আছে","_[many]":"সিম কার্ড লক হয়ে যাওয়ার আগে সঠিক কোড প্রবেশ করানোর জন্য আপনার কাছে {{n}} টি সুযোগ আছে","_[other]":"সিম কার্ড লক হয়ে যাওয়ার আগে সঠিক কোড প্রবেশ করানোর জন্য আপনার কাছে {{n}} টি সুযোগ আছে"},"pinLastChanceMsg":{"_":"আপনার সঠিক PIN দেওয়ার এটাই শেষ সুযোগ। অন্যথায়, এই সিম কার্ড ব্যবহার করতে আপনাকে PUK কোড দিতে হবে।"},"pukcode":{"_":"PUK কোড দিন"},"pukcodeTitle":{"_":"সিম {{n}} এর পাক প্রবেশ করান"},"pukcodeLabel":{"_":"সিম {{n}} এর পাক"},"type_puk":{"_":"PUK কোড"},"pukValidation":{"_":"PUK কোড অবশ্যই ৮ অক্ষরের হতে হবে।"},"pukInfo":{"_":"আপনাকে অবশ্যই সিম কার্ডের Personal Unlocking Key (PUK) কোড প্রবেশ করাতে হবে। সিম কার্ডের তথ্যগুলো দেখুন বা মোবাইল অপারেটর এর সাথে যোগাযোগ করুন।"},"pukError":{"_":"PUK কোডটি ভুল।"},"pukAttemptMsg2":{"_":"{[ plural(n) ]}","_[one]":"সিম কার্ড চিরতরে অকেজো হয়ে যাওয়ার আগে সঠিক কোড প্রবেশ করানোর জন্য আপনার কাছে একটি সুযোগ আছে। আপনার সিম কার্ডের নথিপত্র পড়ুন অথবা অধিক তথ্যের জন্য আপনার সেবাদানকারী সংস্থার সাথে যোগাযোগ করুন।","_[two]":"সিম কার্ড চিরতরে অকেজো হয়ে যাওয়ার আগে সঠিক কোড প্রবেশ করানোর জন্য আপনার কাছে {{n}} টি সুযোগ আছে। আপনার সিম কার্ডের নথিপত্র পড়ুন অথবা অধিক তথ্যের জন্য আপনার সেবাদানকারী সংস্থার সাথে যোগাযোগ করুন।","_[few]":"সিম কার্ড চিরতরে অকেজো হয়ে যাওয়ার আগে সঠিক কোড প্রবেশ করানোর জন্য আপনার কাছে {{n}} টি সুযোগ আছে। আপনার সিম কার্ডের নথিপত্র পড়ুন অথবা অধিক তথ্যের জন্য আপনার সেবাদানকারী সংস্থার সাথে যোগাযোগ করুন।","_[many]":"সিম কার্ড চিরতরে অকেজো হয়ে যাওয়ার আগে সঠিক কোড প্রবেশ করানোর জন্য আপনার কাছে {{n}} টি সুযোগ আছে। আপনার সিম কার্ডের নথিপত্র পড়ুন অথবা অধিক তথ্যের জন্য আপনার সেবাদানকারী সংস্থার সাথে যোগাযোগ করুন।","_[other]":"সিম কার্ড চিরতরে অকেজো হয়ে যাওয়ার আগে সঠিক কোড প্রবেশ করানোর জন্য আপনার কাছে {{n}} টি সুযোগ আছে। আপনার সিম কার্ডের নথিপত্র পড়ুন অথবা অধিক তথ্যের জন্য আপনার সেবাদানকারী সংস্থার সাথে যোগাযোগ করুন।"},"pukLastChanceMsg":{"_":"সঠিক PUK কোড প্রবেশ করানোর জন্য এটাই আপনার শেষ সুযোগ। ভুল PUK কোড প্রবেশ করানোর কারনে আপনার সিম কার্ড টি চিরতরে অকেজো হয়ে যাবে।"},"create_newpin":{"_":"নুতুন PIN তৈরি করুন (৪ থেকে ৮ সংখ্যা)"},"confirm_newpin":{"_":"নতুন PIN নিশ্চিত করুন"},"newpinConfirmation":{"_":"PIN গুলো মিলছে না"},"nckcode":{"_":"NCK কোড দিন"},"cckcode":{"_":"CCK কোড দিন"},"spckcode":{"_":"SPCK কোড দিন"},"nckcodeTitle":{"_":"সিম {{n}} এর NCK প্রবেশ করান"},"cckcodeTitle":{"_":"সিম {{n}} এর CCK প্রবেশ করান"},"spckcodeTitle":{"_":"সিম {{n}} এর SPCK প্রবেশ করান"},"nckcodeLabel":{"_":"সিম {{n}} এর NCK"},"cckcodeLabel":{"_":"সিম {{n}} এর CCK"},"spckcodeLabel":{"_":"সিম {{n}} এর SPCK"},"type_nck":{"_":"আপনার NCK কোড লিখুন"},"type_cck":{"_":"আপনার CCK কোড লিখুন"},"type_spck":{"_":"আপনার SPCK কোড লিখুন"},"nckValidation":{"_":"NCK অবশ্যই ৮ থেকে ১৬ অক্ষরের হতে হবে।"},"cckValidation":{"_":"CCK অবশ্যই ৮ থেকে ১৬ অক্ষরের হতে হবে।"},"spckValidation":{"_":"SPCK অবশ্যই ৮ থেকে ১৬ অক্ষরের হতে হবে।"},"nckErrorMsg":{"_":"NCK কোডটি ভুল।"},"nckAttemptMsg2":{"_":"{[ plural(n) ]}","_[one]":"নেটওয়ার্ক বাতিলের আবেদন ব্যর্থ হয়েছে। সঠিক কোড প্রবেশ করানোর জন্য আপনার কাছে একটি সুযোগ আছে। আপনার ডিভাইসের নথিপত্র পড়ুন অথবা অধিক তথ্যের জন্য আপনার অপারেটরের সাথে যোগাযোগ করুন।","_[two]":"নেটওয়ার্ক বাতিলের আবেদন ব্যর্থ হয়েছে। সঠিক কোড প্রবেশ করানোর জন্য আপনার কাছে {{n}} টি সুযোগ আছে। আপনার ডিভাইসের নথিপত্র পড়ুন অথবা অধিক তথ্যের জন্য আপনার অপারেটরের সাথে যোগাযোগ করুন।","_[few]":"নেটওয়ার্ক বাতিলের আবেদন ব্যর্থ হয়েছে। সঠিক কোড প্রবেশ করানোর জন্য আপনার কাছে {{n}} টি সুযোগ আছে। আপনার ডিভাইসের নথিপত্র পড়ুন অথবা অধিক তথ্যের জন্য আপনার অপারেটরের সাথে যোগাযোগ করুন।","_[many]":"নেটওয়ার্ক বাতিলের আবেদন ব্যর্থ হয়েছে। সঠিক কোড প্রবেশ করানোর জন্য আপনার কাছে {{n}} টি সুযোগ আছে। আপনার ডিভাইসের নথিপত্র পড়ুন অথবা অধিক তথ্যের জন্য আপনার অপারেটরের সাথে যোগাযোগ করুন।","_[other]":"নেটওয়ার্ক বাতিলের আবেদন ব্যর্থ হয়েছে। সঠিক কোড প্রবেশ করানোর জন্য আপনার কাছে {{n}} টি সুযোগ আছে। আপনার ডিভাইসের নথিপত্র পড়ুন অথবা অধিক তথ্যের জন্য আপনার অপারেটরের সাথে যোগাযোগ করুন।"},"nckLastChanceMsg":{"_":"নেটওয়ার্ক বাতিলের আবেদন ব্যর্থ হয়েছে। সঠিক কোড প্রবেশ করানোর জন্য এটিই আপনার সর্বশেষ সুযোগ। আপনার ডিভাইসের নথিপত্র পড়ুন অথবা অধিক তথ্যের জন্য আপনার অপারেটরের সাথে যোগাযোগ করুন।"},"skip":{"_":"এড়িয়ে যান"},"send":{"_":"প্রেরণ"},"simLocked":{"_":"সিম কার্ডটি তালাবদ্ধ করা হয়েছে"},"inputCodeRetriesLeft":{"_":"{[ plural(n) ]}","_[one]":"Last try.","_[two]":"{{n}} বার চেষ্টা বাকি আছে।","_[few]":"{{n}} বার চেষ্টা বাকি আছে।","_[many]":"{{n}} বার চেষ্টা বাকি আছে।","_[other]":"{{n}} বার চেষ্টা বাকি আছে।"},"simManager":{"_":"সিম ব্যবস্থাপক"},"simDetail":{"_":"সিম {{n}}"},"simDefault":{"_":"(পূর্বনির্ধারিত)"},"simDefaultMessage":{"_":"Outgoing calls, outgoing messages and data connection are set to SIM 1 as default"},"simSettingsMessage":{"_":"You can change default settings at Settings > SIM manager"},"simPinLocked":{"_":"সিমের পিন লক হয়ে গেছে"},"noOperator":{"_":"কোনো অপারেটর নেই"},"language":{"_":"ভাষা"},"english":{"_":"ইংরেজি"},"dvorak":{"_":"ইংরেজি(Dvorak)"},"spanish":{"_":"স্প্যানিশ"},"portuguese":{"_":"পোর্তিগিজ ব্রাজিলিয়"},"french":{"_":"ফরাসি"},"italian":{"_":"ইতালীয়"},"arabic":{"_":"আরবী"},"greek":{"_":"গ্রীক"},"hebrew":{"_":"হিব্রু"},"jp-kanji":{"_":"জাপানি"},"jp-kanji-desc":{"_":"কানজি"},"traditionalChinese":{"_":"সনাতন চীনা"},"traditionalChinese-desc":{"_":"জুইন"},"simplifiedChinese":{"_":"সরলকৃত চীনা"},"simplifiedChinese-desc":{"_":"পিনইন"},"3g":{"_":"সেলুলার ডাটা"},"dataConnection":{"_":"ডাটা সক্রিয় করুন"},"dataConnectionInfo":{"_":"ডাটা কানেকশন অনুমোদন সাপেক্ষে ওয়াই ফাই সংযোগ ছাড়াই আপনি আপনার ফোন সেট আপ করার অনুমতি পাবেন। আপনি সেটিংস এ গিয়ে পরে তা সক্রিয় করতে পারবেন। আপনি শুধু সম্ভাব্য অতিরিক্ত চার্জ এড়ানোর আপনার অপারেটরের সঙ্গে ডাটা প্ল্যান আছে কিনা তা নিশ্চিত করুন।"},"caution":{"_":"সতর্কতা"},"geolocation":{"_":"ভূঅবস্থান"},"geolocationCheckbox":{"_":"ভূঅবস্থান সক্রিয়করণ"},"geolocationInfo2":{"_":"{{brandShortName}} আপনার সঠিক অবস্থান জানার জন্য জিপিএস, ওয়াই-ফাই এবং আপনার কাছের মোবাইল নেটওয়ার্ক ব্যবহার করে।"},"geolocationInfoMore":{"_":"মজিলা ও অন্যান্য পরিষেবা প্রদানকারীদের কাছে তথ্য পাঠানো হয় যাতে করে তারা তা ব্যাবহারের মাধ্যমে অবস্থান ভিত্তিক উপাত্তের সমষ্টিগত উন্নতি করতে পারে।   তথ্য আপনার ডিভাইসের মধ্যে সংরক্ষিত হতে পারে এবং এমনকি যখন কোন এপ্লিকেশন চালানো হচ্ছে তখন তথ্য সংগ্রহ করা হতে পারে।"},"notice":{"_":"নোটিস"},"aboutYourPrivacy":{"_":"আপনার গোপনীয়তা সংরক্ষণ সম্পর্কে আরও জানুন"},"wifi":{"_":"ওয়াই-ফাই"},"scanningNetworks":{"_":"নেটওয়ার্কের জন্য অনুসন্ধান চালানো হচ্ছে"},"selectNetwork":{"_":"নেটওয়ার্ক নির্বাচন করুন"},"shortStatus-connecting":{"_":"সংযুক্ত হচ্ছে..."},"shortStatus-associated":{"_":"আইপি ঠিকানা নিচ্ছে..."},"shortStatus-connected":{"_":"সংযুক্ত"},"shortStatus-connectingfailed":{"_":"সংযোগ ব্যর্থ"},"shortStatus-disconnected":{"_":"অফ-লাইন"},"securedBy":{"_":"{{capabilities}} দ্বারা সুরক্ষিত"},"security":{"_":"নিরাপত্তা"},"securityNone":{"_":"কোনটিই নয়"},"securityWEP":{"_":"WEP"},"securityWPA-PSK":{"_":"WPA-PSK"},"securityWPA-EAP":{"_":"WPA-EAP"},"securityOpen":{"_":"খুলুন"},"identity":{"_":"ব্যবহারকারী"},"identityInput":{"placeholder":"ব্যবহারকারী"},"password":{"_":"পাসওয়ার্ড"},"passwordInput":{"placeholder":"গোপন শব্দ"},"showPassword":{"_":"পাসওয়ার্ড প্রদর্শন"},"refresh":{"_":"রিফ্রেশ"},"noWifiFound3":{"_":"কোন ওয়্যারলেস নেটওয়ার্ক পাওয়া যায়নি"},"join-hidden-button":{"_":"গোপন বেতার সংযুক্তি"},"authentication":{"_":"Authentication"},"ssid-name":{"_":"SSID নেটওয়ার্কের নাম"},"dateAndTime":{"_":"তারিখ ও সময়"},"setTimeAutomatically":{"_":"স্বয়ংক্রিয়ভাবে নির্ধারণ করুন"},"timezoneMessage":{"_":"সময়-অঞ্চল"},"timezoneTitle":{"_":"UTC{{utcOffset}} {{region}}/{{city}}"},"dateMessage":{"_":"তারিখ"},"timeMessage":{"_":"সময়"},"timeZone":{"_":"সময়-অঞ্চল"},"change":{"_":"পরিবর্তন করুন"},"importContacts3":{"_":"পরিচিতি তালিকা ইমপোর্ট করুন"},"importFb2":{"_":"ফেসবুক"},"fb-checking":{"_":"...পরীক্ষা করা হচ্ছে"},"notImportedYet":{"_":"এখনও আমদানী হয়নি"},"afterFbImport":{"_":"পরিচিতি সেটিংস এ আপনি যেকোনো সময় ফেসবুকের বন্ধুদের ইম্পোর্ট কিংবা সম্পাদনা করতে পারবেন"},"about-your-rights-0":{"_":"{{brandShortName}} মুক্ত এবং ওপেনসোর্স সফট্ওয়্যার থেকে সারা বিশ্বের লাখো মানুষের সমবেত প্রচেষ্টায় তৈরী হয়েছে। এ সম্পর্কে বেশ কিছু বিষয় আপনার জানা প্রয়োজন:"},"about-your-rights-1":{"_":"{{brandShortName}} মজিলা পাবলিক লাইসেন্স সহ অন্যান্য মুক্ত লাইসেন্স এর আওতায় আপনার কাছে এসেছে। {{brandShortName}} সহ একটি যন্ত্র অন্য কারো মালিকানাধীন সফটওয়্যার যুক্ত হতে পারে। আপনি যদি তাদের শর্ত মেনে চলেন তাহলে মুক্ত লাইসেন্স এর আওতাধীন কোড আপনাকে সোর্স কোড পরিবর্তন ও আপনার পরিবর্তিত সংস্করণ বিতরণের অধিকার দেয়।"},"about-your-rights-2":{"_":"{{brandShortName}} এর নাম বা লোগোর সীমাবদ্ধতাহীন মজিলা ফাউন্ডেশনের বা অন্য কোনো পক্ষের ট্রেডমার্কের জন্য আপনি কোনো ট্রেডমার্ক অধিকার বা লাইসেন্স গ্রহন করেননি।"},"about-your-rights-3":{"_":"{{brandShortName}} এর কিছু বৈশিষ্ট্যে যেমন, ক্র্যাশ রিপোর্টার মজিলায় প্রতিক্রিয়া জানানোর সুযোগ দেয়। প্রতিক্রিয়া জমা নির্বাচন করে আপনি মজিলাকে প্রতিক্রিয়া ব্যবহার করে পণ্য উন্নয়ন, ওয়েবসাইটে প্রতিক্রিয়া প্রকাশ এবং প্রতিক্রিয়া বন্টনের অনুমোদন দেন।"},"about-other":{"_":"অন্যান্য"},"SIM_mandatory":{"_":"সিম কার্ড সতর্কতা"},"SIM_mandatory_warm":{"_":"সিম কার্ড প্রবেশ করান এবং ফোন পুনরায় চালু করুন।"},"sharing-performance-data":{"_":"কার্যসম্পাদিত কাজের ডাটা শেয়ার"},"telemetry-sends":{"_":"টেলিমেট্রি মজিলার নিকট আপনার {{brandShortName}} ডিভাইসের পারফরম্যান্স,হার্ডওয়ার,কনফিগারেশন এবং পরিবর্তনগুলো পাঠায়। আমরা এগুলো ব্যবহার করি আমাদের পণ্যগুলোতে আরও ভাল, দ্রুত এবং প্রতিক্রিয়াশীল করার জন্য।"},"learn-more-at":{"_":"আরও জানতে দেখুন"},"external-telemetry":{"title":"দূরমাপন"},"learn-about-information":{"_":"মজিলা আপনার তথ্য কিভাবে পরিচালনা করে তা জানুন"},"external-privacy":{"title":"গোপনীয়তা"},"welcomeBrowser":{"_":"একটি মুক্ত এবং ওপেন সোর্স অপারেটিং সিস্টেম, {{brandShortName}} এ আপনাকে সুস্বাগতম। আমাদের লক্ষ্য হচ্ছে আপনার হাতে ওয়েবের ক্ষমতা রেখে মুক্ততা, নতুনত্ব এবং সুবিধাকে প্রচার করা।"},"learnHow":{"_":"মজিলা আপনার তথ্য কিভাবে আমাদের মধ্যে পরিচালনা করে তা জানুন"},"privacyPolicy":{"_":"গোপনীয়তা নীতি","title":"গোপনীয়তা নীতি"},"aboutBrowser":{"_":"{{brandShortName}} সম্পর্কে"},"aboutYourPrivacy2":{"_":"আপনার গোপনীয়তা"},"mozillaCommunity2":{"_":"যখন আপনি {{brandShortName}} ব্যবহার করবেন তখন ওয়েবের একটি উজ্জ্বল ভবিষ্যৎ গড়ায় সাহায্যের জন্য আপনিও বিশ্ব সম্প্রদায়ের একজন হয়ে যাবেন। মজিলা সম্প্রদায়, আমাদের আরো প্রোডাক্ট এবং আপনার কাছের ইভেন্ট সম্পর্কে আরো জানতে এখানে আপনার ই-মেইল ঠিকানা প্রবেশ করান।"},"collaborate":{"_":"আমার ফোনের তথ্য জানিয়ে আমি {{brandShortName}} এর উন্নয়নে সাহায্য করতে চাই।"},"learnMore":{"_":"আরো জানুন।"},"emailAddress":{"placeholder":"ইমেল ঠিকানা"},"email-successfully-added":{"_":"ইমেইল সফলভাবে যুক্ত হয়েছে"},"email-loading":{"_":"আপনার ইমেইল সংরক্ষণ করা হচ্ছে…"},"browserPrivacyChoices":{"_":"{{brandShortName}} গোপনীয়তা পছন্দ"},"privacy-b2g":{"_":"{{brandShortName}}","title":"{{brandShortName}}"},"privacy-marketplace":{"_":"মার্কেটপ্লেস","title":"{{privacy-marketplace}}"},"privacy-e-me":{"_":"everything.me","title":"{{privacy-e-me}}"},"navbar-back":{"_":"পিছনে"},"navbar-next":{"_":"পরবর্তী"},"navbar-join":{"_":"যোগ দিন"},"thatsIt":{"_":"That’s it!"},"startYourPhone":{"_":"আপনার ফোন সফর শুরু করুন!"},"startYourTablet":{"_":"আপনার ট্যবলেট সফর শুরু করুন!"},"joinTutorial":{"_":"আপনার নতুন ফোন সম্পর্কে একটি ত্বরিত টিউটোরিয়ালের জন্য আমাদের সাথে যোগ দিন।"},"enjoyYourPhone":{"_":"You’re ready to enjoy your new phone."},"optionsAvailable":{"_":"সেটিংস থেকে আপনি ভাষা, তারিখ/সময় এবং ওয়াই-ফাই সংযোগ পরিবর্তন করতে পারবেন।"},"letsGo":{"_":"Let’s go"},"startTour":{"_":"সফর শুরু"},"thatsIt1Tablet-2":{"_":"You can always swipe from the bottom edge to enter home screen."},"thatsIt2Tablet-2":{"_":"Let's do it !"},"tutorial-step1-tiny":{"_":"আপনার এপ ব্রাউজ করতে ডান থেকে বামে সুইপ করুন।"},"tutorial-step2-tiny":{"_":"কোনো আইকন অপসারণ বা স্থানান্তর করতে তার উপর চেপে ধরুন।"},"tutorial-step3-tiny":{"_":"কোন মূলশব্দ বা বিষয় প্রবেশ করান এবং আপনার ফোন তাৎক্ষণিকভাবে খাপ খাইয়ে নিবে।"},"tutorial-step4-tiny":{"_":"সাম্প্রতিক বিজ্ঞপ্তি, ক্রেডিট তথ্য এবং সেটিংস দেখতে নিচে সুইপ করুন।"},"tutorial-step5-tiny":{"_":"সাম্প্রতিক এপে যেতে কিংবা বন্ধ করতে হোম বাটনে চেপে ধরুন।"},"tutorial-step6-tiny":{"_":"Swipe from the side of the screen to move back and forth between recent apps."},"tutorial-step1-large-2":{"_":"সাম্প্রতিক নোটিফিকেশন, ক্রেডিট তথ্য এবং সেটিংস এ যাওয়ার জন্য উপর থেকে নিচে সুইপ করুন।"},"tutorial-step2-large-2":{"_":"Swipe left or right to discover new apps on home screen."},"tutorial-step3-large-2":{"_":"Tap and hold on an icon to delete or move it."},"tutorial-step4-large-2":{"_":"Two fingers swipe up from the bottom edge to trigger card view."},"offline-dialog-title":{"_":"এই পৃষ্ঠা দেখার জন্য আপনাকে অবশ্যই ইন্টারনেটে সংযুক্ত থাকতে হবে।"},"offline-dialog-text":{"_":"অনুগ্রহ করে পিছনে ফেরত যান এবং ইন্টারনেট সংযুক্ত করুন। আপনি এই পৃষ্ঠা আবার পরে সেটিংস থেকে অথবা ব্রাউজারে {{url}} দিয়ে দেখতে পারবেন।"},"OK":{"_":"ওকে"},"offline-newsletter-dialog-title":{"_":"এই নিউসলেটারের গ্রাহক হতে আপনাকে ইন্টারনেটে সংযুক্ত থাকতে হবে।"},"offline-newsletter-dialog-text":{"_":"পেছনে ফিরে যান এবং ইন্টারনেটে সংযুক্ত হন।"},"invalid-email-dialog-title":{"_":"এই নিউজ লেটারের গ্রাহক হতে আপনাকে ইন্টারনেটে সংযুক্ত হতে হবে।"},"invalid-email-dialog-text":{"_":"অনুগ্রহ করে পিছনে যান এবং আপনার লেখা সঠিক করুন।"},"weekday-0-long":{"_":"রবিবার"},"weekday-1-long":{"_":"সোমবার"},"weekday-2-long":{"_":"মঙ্গলবার"},"weekday-3-long":{"_":"বুধবার"},"weekday-4-long":{"_":"বৃহস্পতিবার"},"weekday-5-long":{"_":"শুক্রবার"},"weekday-6-long":{"_":"শনিবার"},"weekday-0-short":{"_":"রবি"},"weekday-1-short":{"_":"সোম"},"weekday-2-short":{"_":"মঙ্গল"},"weekday-3-short":{"_":"বুধ"},"weekday-4-short":{"_":"বৃহঃ"},"weekday-5-short":{"_":"শুক্র"},"weekday-6-short":{"_":"শনি"},"month-0-long":{"_":"জানুয়ারি"},"month-1-long":{"_":"ফেব্রুয়ারি"},"month-2-long":{"_":"মার্চ"},"month-3-long":{"_":"এপ্রিল"},"month-4-long":{"_":"মে"},"month-5-long":{"_":"জুন"},"month-6-long":{"_":"জুলাই"},"month-7-long":{"_":"আগস্ট"},"month-8-long":{"_":"সেপ্টেম্বর"},"month-9-long":{"_":"অক্টোবর"},"month-10-long":{"_":"নভেম্বর"},"month-11-long":{"_":"ডিসেম্বর"},"month-0-genitive":{"_":"জানুয়ারি"},"month-1-genitive":{"_":"ফেব্রুয়ারি"},"month-2-genitive":{"_":"মার্চ"},"month-3-genitive":{"_":"এপ্রিল"},"month-4-genitive":{"_":"মে"},"month-5-genitive":{"_":"জুন"},"month-6-genitive":{"_":"জুলাই"},"month-7-genitive":{"_":"আগস্ট"},"month-8-genitive":{"_":"সেপ্টেম্বর"},"month-9-genitive":{"_":"অক্টোবর"},"month-10-genitive":{"_":"নভেম্বর"},"month-11-genitive":{"_":"ডিসেম্বর"},"month-0-short":{"_":"জানু"},"month-1-short":{"_":"ফেব্রু"},"month-2-short":{"_":"মার্চ"},"month-3-short":{"_":"এপ্রিল"},"month-4-short":{"_":"মে"},"month-5-short":{"_":"জুন"},"month-6-short":{"_":"জুলাই"},"month-7-short":{"_":"আগস্ট"},"month-8-short":{"_":"সেপ্ট"},"month-9-short":{"_":"অক্টো"},"month-10-short":{"_":"নভে"},"month-11-short":{"_":"ডিসে"},"minutes-ago-long":{"_":"{[ plural(value) ]}","_[zero]":"এইমাত্র","_[one]":"১ মিনিট পূর্বে","_[two]":"{{value}} মিনিট পূর্বে","_[few]":"{{value}} মিনিট পূর্বে","_[many]":"{{value}} মিনিট পূর্বে","_[other]":"{{value}} মিনিট পূর্বে"},"hours-ago-long":{"_":"{[ plural(value) ]}","_[zero]":"এইমাত্র","_[one]":"১ ঘন্টা পূর্বে","_[two]":"{{value}} ঘন্টা পূর্বে","_[few]":"{{value}} ঘন্টা পূর্বে","_[many]":"{{value}} ঘন্টা পূর্বে","_[other]":"{{value}} ঘন্টা পূর্বে"},"days-ago-long":{"_":"{[ plural(value) ]}","_[zero]":"আজ","_[one]":"গতকাল","_[two]":"{{value}} দিন পূর্বে","_[few]":"{{value}} দিন পূর্বে","_[many]":"{{value}} দিন পূর্বে","_[other]":"{{value}} দিন পূর্বে"},"weeks-ago-long":{"_":"{[ plural(value) ]}","_[zero]":"এই সপ্তাহে","_[one]":"গত সপ্তাহ","_[two]":"{{value}} সপ্তাহ পূর্বে","_[few]":"{{value}} সপ্তাহ পূর্বে","_[many]":"{{value}} সপ্তাহ পূর্বে","_[other]":"{{value}} সপ্তাহ পূর্বে"},"months-ago-long":{"_":"{[ plural(value) ]}","_[zero]":"চলতি মাস","_[one]":"গত মাস","_[two]":"{{value}} মাস পূর্বে","_[few]":"{{value}} মাস পূর্বে","_[many]":"{{value}} মাস পূর্বে","_[other]":"{{value}} মাস পূর্বে"},"years-ago-long":{"_":"{[ plural(value) ]}","_[zero]":"এই বছর","_[one]":"গত বছর","_[two]":"{{value}} বছর আগে","_[few]":"{{value}} বছর পূর্বে","_[many]":"{{value}} বছর পূর্বে","_[other]":"{{value}} বছর পূর্বে"},"minutes-until-long":{"_":"{[ plural(value) ]}","_[zero]":"এখন","_[one]":"এক মিনিটের মধ্যে","_[two]":"{{value}} মিনিটের মধ্যে","_[few]":"{{value}} মিনিটের মধ্যে","_[many]":"{{value}} মিনিটের মধ্যে","_[other]":"{{value}} মিনিটের মধ্যে"},"hours-until-long":{"_":"{[ plural(value) ]}","_[zero]":"এখন","_[one]":"এক ঘন্টার মধ্যে","_[two]":"{{value}} ঘন্টার মধ্যে","_[few]":"{{value}} ঘন্টার মধ্যে","_[many]":"{{value}} ঘন্টার মধ্যে","_[other]":"{{value}} ঘন্টার মধ্যে"},"days-until-long":{"_":"{[ plural(value) ]}","_[zero]":"আজ","_[one]":"আগামীকাল","_[two]":"{{value}} দিনের মধ্যে","_[few]":"{{value}} দিনের মধ্যে","_[many]":"{{value}} দিনের মধ্যে","_[other]":"{{value}} দিনের মধ্যে"},"weeks-until-long":{"_":"{[ plural(value) ]}","_[zero]":"চলতি সপ্তাহ","_[one]":"পরবর্তী সপ্তাহ","_[two]":"{{value}} সপ্তাহের মধ্যে","_[few]":"{{value}} সপ্তাহের মধ্যে","_[many]":"{{value}} সপ্তাহের মধ্যে","_[other]":"{{value}} সপ্তাহের মধ্যে"},"months-until-long":{"_":"{[ plural(value) ]}","_[zero]":"এই মাস","_[one]":"পরবর্তী মাস","_[two]":"{{value}} মাসের মধ্যে","_[few]":"{{value}} মাসের মধ্যে","_[many]":"{{value}} মাসের মধ্যে","_[other]":"{{value}} মাসের মধ্যে"},"years-until-long":{"_":"{[ plural(value) ]}","_[zero]":"এই বছর","_[one]":"আগামী বছর","_[two]":"{{value}} বছরের মধ্যে","_[few]":"{{value}} বছরের মধ্যে","_[many]":"{{value}} বছরের মধ্যে","_[other]":"{{value}} বছরের মধ্যে"},"minutes-ago-short":{"_":"{[ plural(value) ]}","_[zero]":"এইমাত্র","_[other]":"{{value}}মি. পূর্বে"},"hours-ago-short":{"_":"{[ plural(value) ]}","_[zero]":"এইমাত্র","_[other]":"{{value}}ঘ. পূর্বে"},"days-ago-short":{"_":"{[ plural(value) ]}","_[zero]":"আজ","_[other]":"{{value}}দিন পূর্বে"},"minutes-until-short":{"_":"{[ plural(value) ]}","_[zero]":"এখন","_[other]":"{{value}} মিনিটের মধ্যে"},"hours-until-short":{"_":"{[ plural(value) ]}","_[zero]":"এখন","_[other]":"{{value}}ঘন্টার মধ্যে"},"days-until-short":{"_":"{[ plural(value) ]}","_[zero]":"আজ","_[other]":"{{value}}দিনের মধ্যে"},"incorrectDate":{"_":"(ভুল তারিখ)"},"dateTimeFormat_%c":{"_":"%a %b %e %Y %I:%M:%S %p"},"dateTimeFormat_%x":{"_":"%m/%d/%Y"},"dateTimeFormat_%X":{"_":"%I:%M:%S %p"},"shortTimeFormat":{"_":"%I:%M %p"},"shortDateTimeFormat":{"_":"%x %I:%M %p"},"weekStartsOnMonday":{"_":"0"},"time_am":{"_":"AM"},"time_pm":{"_":"PM"},"tz-region":{"_":"অঞ্চল"},"tz-city":{"_":"শহর"},"tzRegion-Africa":{"_":"আফ্রিকা"},"tzRegion-America":{"_":"আমেরিকা"},"tzRegion-Antarctica":{"_":"অ্যান্টার্কটিকা"},"tzRegion-Asia":{"_":"এশিয়া"},"tzRegion-Atlantic":{"_":"আটলান্টিক মহাসাগর"},"tzRegion-Australia":{"_":"অস্ট্রেলিয়া"},"tzRegion-Europe":{"_":"ইউরোপ"},"tzRegion-Indian":{"_":"ভারত মহাসাগর"},"tzRegion-Pacific":{"_":"প্যাসিফিক মহাসাগর"},"close":{"_":"বন্ধ করুন"},"import":{"_":"নিয়ে আসুন"},"fbFriends":{"_":"ফেসবুকের বন্ধুরা"},"live-serviceName":{"_":"আউটলুক"},"gmail-serviceName":{"_":"জিমেইল"},"facebook-serviceName":{"_":"ফেসবুকের বন্ধুরা"},"viewAll":{"_":"ফেসবুকের সব বন্ধুদের দেখুন"},"viewRecommend":{"_":"শুধু মাত্র সুপারিশকৃত বন্ধুদের দেখান"},"linkProposal":{"_":"{[ plural(numFriends) ]}","_[zero]":"কোন বন্ধুর মিল পাওয়া যায় নি। সব দেখানো হচ্ছে","_[one]":"সুপারিশকৃত নির্বাচন করুন","_[two]":"একজন সুপারিশকৃত নির্বাচন করুন","_[few]":"একজন সুপারিশকৃত নির্বাচন করুন","_[many]":"একজন সুপারিশকৃত নির্বাচন করুন","_[other]":"একজন সুপারিশকৃত নির্বাচন করুন"},"fbFriendsFound":{"_":"{[ plural(numFriends) ]}","_[zero]":"আপনার সব বন্ধুর তথ্য যুক্ত করা হয়েছে","_[one]":"নিয়ে আসার জন্য একটি বন্ধু পাওয়া গিয়েছে","_[two]":"নিয়ে আসার জন্য {{numFriends}} টি বন্ধু পাওয়া গিয়েছে","_[few]":"নিয়ে আসার জন্য {{numFriends}} টি বন্ধু পাওয়া গিয়েছে","_[many]":"নিয়ে আসার জন্য {{numFriends}} টি বন্ধু পাওয়া গিয়েছে","_[other]":"নিয়ে আসার জন্য {{numFriends}} টি বন্ধু পাওয়া গিয়েছে"},"done-search":{"_":"সম্পন্ন"},"progressFB3ImportTitle":{"_":"বন্ধুদের পরিচিতিতে নিয়ে আসুন"},"progressFB":{"_":"{{current}}/{{total}}"},"progressFB3UpdateTitle":{"_":"পরিচিতিতে বন্ধুদের হালনাগাদ করুন"},"message2":{"_":"এতে কিছু সময় লাগতে পারে"},"messageLinking":{"_":"অনুগ্রহ করে ধৈর্য ধরুন। আমরা আপনার বন্ধু এবং আপনার পরিচিতি সংযুক্ত করছি।"},"error1":{"_":"ত্রুটি {{from}}"},"error2":{"_":"আপনি কি আবার চেষ্টা করতে চান?"},"errorProposal":{"_":"প্রস্তাবনা গণনা করা হচ্ছে"},"errorFriends":{"_":"বন্ধুদের পুনরুদ্ধার করা হচ্ছে"},"errorLinking":{"_":"পরিচিতি লিঙ্ক করা হচ্ছে"},"timeout1":{"_":"সময় অতিক্রম করেছে {{from}}"},"timeout2":{"_":"আপনি কি আবার চেষ্টা করতে চান?"},"timeoutProposal":{"_":"প্রস্তাবনা গণনা করা হচ্ছে"},"timeoutFriends":{"_":"বন্ধুদের তথ্য পুনরুদ্ধার করা হচ্ছে"},"timeoutLinking":{"_":"পরিচিতি লিঙ্ক করা হচ্ছে"},"wait1":{"_":"অনুগ্রহ করে ধৈর্য ধরুন"},"wait2":{"_":"এতে কিছু সময় লাগতে পারে"},"waitProposal":{"_":"অনুগ্রহ করে ধৈর্য ধরুন। আমরা প্রস্তাবনা গণনা করছি।"},"waitFriends":{"_":"অনুগ্রহ করে ধৈর্য ধরুন। আমরা আপনার বন্ধুতালিকা অর্জন করার জন্য সংযুক্ত হচ্ছি।"},"curtainCancel":{"_":"বাতিল"},"curtainRetry":{"_":"পুনরায় চেষ্টা করুন"},"curtainOK":{"_":"ঠিক আছে"},"connectionLost":{"_":"ইন্টারনেট সংযোগ নেই"},"connectionLostMsg":{"_":"পরিচিতিতে বন্ধুর ছবি যোগ হবে না। অব্যাহত রাখবেন?"},"yesOption":{"_":"ঠিক আছে"},"noOption":{"_":"বাতিল"},"friendsUpdated":{"_":"{[ plural(numFriends) ]}","_[zero]":"কোন বন্ধুর তথ্য হালনাগাদ হয় নি","_[one]":"একজন বন্ধুর তথ্য হালনাগাদ হয়েছে","_[two]":"{{numFriends}} জন বন্ধুর তথ্য হালনাগাদ হয়েছে","_[few]":"{{numFriends}} জন বন্ধুর তথ্য হালনাগাদ হয়েছে","_[many]":"{{numFriends}} জন বন্ধুর তথ্য হালনাগাদ হয়েছে","_[other]":"{{numFriends}} জন বন্ধুর তথ্য হালনাগাদ হয়েছে"},"notificationLogin":{"_":"আপনার ফেসবুক সেশনটি সঠিক নয়। অনুগ্রহ করে সাইন ইন করুন।"},"syncError":{"_":"There was an error synchronizing your friend’s data"},"addToExistingContact":{"_":"পুরনো পরিচিতিতে যোগ করুন"},"all":{"_":"সব"},"callLog":{"_":"কল তালিকা"},"connecting":{"_":"সংযুক্ত করা হচ্ছে"},"cf-async":{"_":"এসিঙ্ক্রনাস: {{ async }}\n"},"cf-data":{"_":"ডাটা: {{ data }}\n"},"cf-error":{"_":"কল ফরওয়ার্ডিং স্টাটাস বের করতে ত্রুটি দেখা দিয়েছে"},"cf-fax":{"_":"ফ্যাক্স: {{ fax }}\n"},"cf-inactive":{"_":"নিষ্ক্রিয়"},"cf-packet":{"_":"প্যাকেট: {{ packet }}\n"},"cf-pad":{"_":"প্যাড: {{ pad }}\n"},"cf-sms":{"_":"ক্ষুদে বার্তা: {{ sms }}\n"},"cf-status":{"_":"কল ফরওয়ার্ডিং অবস্থা\n"},"cf-sync":{"_":"সিঙ্ক: {{ sync }}\n"},"cf-voice":{"_":"কন্ঠ: {{ voice }}\n"},"confirm-deletion":{"_":"নির্বাচিত কল অপসারণ করবেন?"},"createNewContact":{"_":"নতুন পরিচিতি তৈরি করুন"},"delete":{"_":"অপসারণ"},"edit-selected":{"_":"{[ plural(n) ]}","_[one]":"{{ n }} সংখ্যক নির্বাচিত","_[two]":"{{ n }} সংখ্যক নির্বাচিত","_[few]":"{{ n }} সংখ্যক নির্বাচিত","_[many]":"{{ n }} সংখ্যক নির্বাচিত","_[other]":"{{ n }} সংখ্যক নির্বাচিত"},"ignore":{"_":"কল উপেক্ষা করুন"},"incoming":{"_":"আগত"},"missed":{"_":"মিসড"},"missedCall":{"_":"মিসড কল"},"missedCallMultiSims":{"_":"(SIM {{ n }}) Missed call"},"mmi-error":{"_":"বার্তা পাঠানোর সময় ত্রুটি দেখা দিয়েছে"},"mmi-session-expired":{"_":"সেশন বাতিল হয়ে গিয়েছে"},"mmi-successfully-sent":{"_":"সফল ভাবে বার্তা প্রেরণ করা হয়েছে"},"no-logs-msg-1":{"_":"কোন কল সংরক্ষণ করা হয় নাই"},"no-logs-msg-2":{"_":"এখনই যোগাযোগ শুরু করুন"},"no-logs-msg-3":{"_":"কোনো মিসড কল নেই"},"reply":{"_":"জবাব"},"switch-calls":{"_":"কল পরিবর্তন"},"withheld-number":{"_":"উপেক্ষিত নম্বর"},"from-contact":{"_":"{{ contact }} হতে"},"from-number":{"_":"{{ number }} হতে"},"from-withheld-number":{"_":"উপেক্ষিত নম্বর থেকে"},"sending":{"_":"পাঠানো হচ্ছে…"},"ussd-services":{"_":"{{ operator }} সেবা"},"type-your-response":{"placeholder":"আপনার উত্তর লিখুন…"},"clear-all-text":{"_":"সব লেখা পরিষ্কার কর"},"hide":{"_":"গোপন"},"hold":{"_":"স্থগিত রাখুন"},"resume":{"_":"পুনরায় আরম্ভ"},"sendSms":{"_":"বার্তা প্রেরণ"},"callEnded":{"_":"কল সমাপ্ত"},"via-sim":{"_":"via SIM{{ n }}"},"sim-number":{"_":"SIM{{ n }}"},"hangup-a11y-button":{"aria-label":"হ্যাং-আপ"},"pickup-a11y-button":{"aria-label":"ধরুন"},"unlock-a11y-button":{"aria-label":"স্লাইডার"},"delete-n-log?":{"_":"{[ plural(n) ]}","_[zero]":"কিছুই নির্বাচন করা হয়নি","_[one]":"নির্বাচিত লগ অপসারণ করবেন?","_[two]":"{{ n }} লগ অপসারণ করবেন?","_[few]":"{{ n }} লগ অপসারণ করবেন?","_[many]":"{{ n }} লগ অপসারণ করবেন?","_[other]":"{{ n }} লগ অপসারণ করবেন?"},"callDurationMinutes":{"_":"{{ m }}:{{ s }}"},"callDurationHours":{"_":"{{ h }}:{{ m }}:{{ s}}"},"suggestionMatches":{"_":"{[ plural(n) ]}","_[one]":"\"{{ matchNumber }}\" জন্য {{ n }} টি মিলেছে","_[two]":"\"{{ matchNumber }}\" জন্য {{ n }} টি মিলেছে","_[few]":"\"{{ matchNumber }}\" জন্য {{ n }} টি মিলেছে","_[many]":"\"{{ matchNumber }}\" জন্য {{ n }} টি মিলেছে","_[other]":"\"{{ matchNumber }}\" জন্য {{ n }} টি মিলেছে"},"scCallBarring":{"_":"কল বেয়ারিং"},"scCallForwarding":{"_":"কল ফরওয়ার্ডিং"},"scClip":{"_":"ইনকামিং কলার আইডি"},"scClir":{"_":"আউটগোয়িং কলার আইডি"},"scPwd":{"_":"পাসওয়ার্ড পরিবর্তন করুন"},"scCallWaiting":{"_":"কল ওয়েটিং"},"scPin":{"_":"পিন পরিবর্তন"},"scPin2":{"_":"পিন২ পরিবর্তন"},"scPuk":{"_":"পিন আনব্লক করুন"},"scPuk2":{"_":"পিন২ আনব্লক করুন"},"scImei":{"_":"IMEI"},"scUssd":{"_":"USSD"},"serviceClassVoice":{"_":"ভয়েস"},"serviceClassData":{"_":"ডাটা"},"serviceClassFax":{"_":"ফ্যাক্স"},"serviceClassSms":{"_":"ক্ষুদে বার্তা"},"serviceClassDataSync":{"_":"সিনক্রোনাইজ"},"serviceClassDataAsync":{"_":"অ্যাসিনক্রোনাইজ"},"serviceClassPacket":{"_":"প্যাকেট"},"serviceClassPad":{"_":"প্যাড"},"smServiceEnabled":{"_":"সার্ভিস সক্রিয় ছিল"},"smServiceDisabled":{"_":"সার্ভিস নিষ্ক্রিয় করা হয়েছে"},"smServiceRegistered":{"_":"রেজিস্ট্রেশন সফল হয়েছে"},"smServiceErased":{"_":"মুছে ফেলা সফল হয়েছে"},"smServiceInterrogated":{"_":"অনুরোধ সফল হয়েছে"},"smServiceNotProvisioned":{"_":"সার্ভিস আরোপিত হয়নি"},"smClirPermanent":{"_":"আপনি কলার আইডি সেটিং পরিবর্তন করতে পারবেন না"},"smClirDefaultOnNextCallOn":{"_":"কলার আইডি পূর্বনির্ধারিতভাবে সংরক্ষিত করা আছে। পরবর্তী কল: সংরক্ষিত"},"smClirDefaultOnNextCallOff":{"_":"কলার আইডি পূর্বনির্ধারিতভাবে সংরক্ষিত। পরবর্তী কল: সংরক্ষিত নয়"},"smClirDefaultOffNextCallOn":{"_":"কলার আইডি পূর্বনির্ধারিতভাবে সংরক্ষিত করা নেই। পরবর্তী কল: সংরক্ষিত"},"smClirDefaultOffNextCallOff":{"_":"কলার আইডি পূর্বনির্ধারিতভাবে সংরক্ষিত নেই। পরবর্তী কল: সংরক্ষিত নয়"},"smServiceEnabledFor":{"_":"সার্ভিস সক্রিয় ছিল:"},"smPinChanged":{"_":"পিন সফলভাবে পরিবর্তিত"},"smPinUnblocked":{"_":"পিন সফলভাবে আনব্লক করা হয়েছে"},"smPin2Changed":{"_":"পিন২ সফলভাবে পরিবর্তিত হয়েছে"},"smPin2Unblocked":{"_":"পিন২ সফলভাবে আনব্লক করা হয়েছে"},"emMmiError":{"_":"সংযোগে সমস্যা অথবা MMI কোড অকার্যকর"},"emMmiErrorPasswordIncorrect":{"_":"ভুল পাসওয়ার্ড"},"emMmiErrorNotSupported":{"_":"অকার্যকর বা অসমর্থিত MMI কোড"},"emMmiErrorInvalidAction":{"_":"অকার্যকর পদক্ষেপ"},"emMmiErrorInvalidScCode":{"_":"অকার্যকর সার্ভিস কোড"},"emMmiErrorBadPuk":{"_":"আপনি যে PUK টাইপ করেছেন তা সঠিক নয়"},"emMmiErrorBadPin":{"_":"আপনার টাইপ করা পুরনো পিন সঠিক নয়।"},"emMmiErrorNeedPuk2":{"_":"সিম কার্ড আনব্লক করতে PUK2 টাইপ করুন"},"emMmiErrorMismatchPin":{"_":"আপনার টাইপ করা পিন মিলছে না"},"emMmiErrorInvalidPin":{"_":"৪ থেকে ৮ সংখ্যাবিশিষ্ট একটি পিন টাইপ করুন"},"emMmiErrorNeedsPuk":{"_":"আপনার সিম কার্ড PUK দ্বারা লক রয়েছে"},"emMmiErrorEnablePin":{"_":"ব্যর্থ। সিম/রিম লক সক্রিয় করুন"},"emMmiErrorMmiFdn":{"_":"কার্যক্রম কেবলমাত্র নির্দিষ্ট নম্বরে ডায়ালের জন্য সংরক্ষিত"},"emMmiErrorStkCcUssdDial":{"_":"USSD অনুরোধ পরিবর্তিত হয়ে DIAL অনুরোধ হয়েছে"},"emMmiErrorStkCcUssdSs":{"_":"USSD অনুরোধ SS অনুরোধে পরিবর্তিত হয়েছে"},"emMmiErrorStkCcUssdUssd":{"_":"USSD অনুরোধ পরিবর্তিত হয়ে নতুন USSD অনুরোধ হয়েছে"},"emMmiErrorStkCcSsDial":{"_":"SS অনুরোধ পরিবর্তিত হয়ে DIAL অনুরোধ হয়েছে"},"emMmiErrorStkCcSsUssd":{"_":"SS অনুরোধ USSD অনুরোধে পরিবর্তিত"},"emMmiErrorStkCcSsSs":{"_":"SS অনুরোধ পরিবর্তিত হয়ে নতুন SS অনুরোধ হয়েছে"},"emMmiErrorPinPukAttempts":{"_":"{[ plural(n) ]}","_[one]":"মাত্র {{ n }} টি পুনঃচেষ্টা বাকি আছে","_[two]":"{{ n }} টি পুনঃচেষ্টা বাকি আছে","_[few]":"{{ n }} টি পুনঃচেষ্টা বাকি আছে","_[many]":"{{ n }} টি পুনঃচেষ্টা বাকি আছে","_[other]":"{{ n }} টি পুনঃচেষ্টা বাকি আছে"},"emMmiErrorSimBlocked":{"_":"সর্বোচ্চবার পুনঃচেষ্টা করা হয়েছে। সিম ব্লক হয়ে গেছে"},"RadioNotAvailable":{"_":"রেডিও বিদ্যমান নয়"},"GenericFailure":{"_":"সাধারণ বিফলতা"},"PasswordIncorrect":{"_":"পাসওয়ার্ড সঠিক নয়"},"SimPin2":{"_":"সিমের পিন২"},"SimPuk2":{"_":"সিম PUK2"},"RequestNotSupported":{"_":"অনুরোধ সমর্থিত নয়"},"OpNotAllowedDuringVoiceCall":{"_":"ভয়েস কলের সময় কাজটি অনুমোদিত নয়"},"SmsSendFailRetry":{"_":"এসএমএস পাঠাতে ব্যর্থ পুনরায় চেষ্টা করুন"},"SimAbsent":{"_":"সিম অনুপস্থিত"},"SubscriptionNotAvailable":{"_":"সাবস্ক্রিপশন বিদ্যমান নেই"},"ModeNotSupported":{"_":"মোড সমর্থিত নয়"},"FdnCheckFailure":{"_":"Fdn পরীক্ষা ব্যর্থ"},"IllegalSimOrMe":{"_":"অবৈধ SIM অথবা ME"},"DialModifiedToUssd":{"_":"ডায়াল USSD তে পরিবর্তন করা হয়েছে"},"DialModifiedToSs":{"_":"ডায়াল SS এ পরিবর্তিত হয়েছে"},"DialModifiedToDial":{"_":"ডায়াল ডায়ালে পরিবর্তিত হয়েছে"},"UssdModifiedToDial":{"_":"USSD ডায়ালে পরিবর্তিত"},"UssdModifiedToSs":{"_":"USSD SS-এ পরিবর্তিত হয়েছে"},"UssdModifiedToUssd":{"_":"USSD USSD-তে পরিবর্তিত হয়েছে"},"SsModifiedToDial":{"_":"SS ডায়ালে পরিবর্তিত হয়েছে"},"SsModifiedToUssd":{"_":"SS USSD-তে পরিবর্তিত হয়েছে"},"SsModifiedToSs":{"_":"SS SS-এ পরিবর্তিত হয়েছে"},"SubscriptionNotSupported":{"_":"সাবস্ক্রিপশন সমর্থিত নয়"},"InvalidParameter":{"_":"অকার্যকর প্যারামিটার"},"RejectedByRemote":{"_":"রিমোট কতৃক প্রত্যাখাত"},"group-call":{"_":"{[ plural(n) ]}","_[one]":"গ্রুপ কল ({{ n }})","_[two]":"গ্রুপ কল ({{ n }})","_[few]":"গ্রুপ কল ({{ n }})","_[many]":"গ্রুপ কল ({{ n }})","_[other]":"গ্রুপ কল ({{ n }})"},"caller-left-call":{"_":"{{ caller }} কল ছেড়ে দিয়েছেন।"},"conferenceAddError":{"_":"কলগুলি একত্রিত করা যাচ্ছে না"},"conferenceRemoveError":{"_":"কলগুলি আলাদা করা যাচ্ছে না"},"longDateFormat":{"_":"%A, %B %e"},"select-audio-sources":{"_":"Select audio sources"},"bluetooth-handsfree-device":{"_":"Bluetooth handsfree device"},"receiver":{"_":"Receiver"},"speaker":{"_":"Speaker"},"sim-picker-dial-via-with-number":{"_":"Dial {{ phoneNumber }} via"},"sim-picker-select-sim":{"_":"Select SIM"},"sim-picker-button":{"_":"SIM{{ n }}"},"sim-picker-button-default":{"_":"(default)"},"waitDuplicateContacts":{"_":"অনুরূপ পরিচিতি অনুসন্ধান করা হচ্ছে"},"waitMergingDuplicateContacts":{"_":"অনুরূপ পরিচিতিগুলো একত্রিত করা হচ্ছে"},"alertNoDuplicateContacts":{"_":"একইরকম একাধিক পরিচিতি পাওয়া যায়নি"},"merge":{"_":"একত্রিত করুন"},"mergeDuplicateTitle":{"_":"নকল একত্রিত কর"},"suggestedDuplicateContacts":{"_":"{{name}} এর জন্য প্রস্তাবিত একইরকম পরিচিতি"},"mergeActionButtonLabel":{"_":"{[ plural(n) ]}","_[zero]":"কোনো পরিচিতি নির্বাচন করা হয়নি","_[one]":"{{n}} পরিচিতির সাথে একত্রিত করুন","_[other]":"{{n}} পরিচিতির সাথে একত্রিত করুন"},"duplicatesFoundTitle":{"_":"অনুরূপ পাওয়া গেছে"},"duplicatesFoundMessage":{"_":"পরের পরিচিতি গুলোতে {{name}} অনুরূপ তথ্য আছে"}}