{"brandShortName":{"_":"B2G OS"},"browserBrandShortName":{"_":"Navegador web"},"browserBrandFullName":{"_":"Navegador web de Mozilla"},"callAirplaneModeMessage":{"_":"Per fer una trucada cal que desactiveu el mode d'avió als paràmetres."},"callAirplaneModeBtnOk":{"_":"D'acord"},"callAirplaneModeTitle":{"_":"Mode d'avió activat"},"numberIsBusyTitle":{"_":"Número ocupat"},"numberIsBusyMessage":{"_":"El número ara està ocupat. Proveu-ho més tard."},"fdnIsEnabledTitle":{"_":"Números prefixats activats"},"fdnIsEnabledMessage":{"_":"Aquest número està blocat perquè no és en la llista de números permesos."},"voiceMail":{"_":"Bústia de veu"},"emergencyNumber":{"_":"Número d'emergència"},"emergencyDialogBodyBadNumber":{"_":"Per fer una trucada, cal que el telèfon estigui connectat a una xarxa."},"emergencyDialogBodyDeviceNotAccepted":{"_":"La xarxa no permet fer trucades d'emergència."},"emergencyDialogBtnOk":{"_":"D'acord"},"emergencyDialogTitle":{"_":"No hi ha connexió a la xarxa"},"invalidNumberToDialTitle":{"_":"Número de telèfon no vàlid"},"invalidNumberToDialMessage":{"_":"El número de telèfon al qual esteu trucant no és vàlid."},"unableToCallTitle":{"_":"No es pot fer una trucada ara mateix"},"unableToCallMessage":{"_":"No es pot fer una trucada. Si ja esteu marcant, primer pengeu."},"otherConnectionInUseTitle":{"_":"Connexió existent en ús"},"otherConnectionInUseMessage":{"_":"Teniu una trucada activa en una altra connexió. Podeu només utilitzar una connexió alhora."},"add":{"_":"Afegeix"},"back":{"_":"Enrere"},"call":{"_":"Truca"},"edit":{"_":"Edita"},"cancel":{"_":"Cancel·la"},"done":{"_":"Fet"},"ok":{"_":"D'acord"},"update":{"_":"Actualitza"},"retry":{"_":"Reintenta"},"contacts":{"_":"Contactes"},"addContact":{"_":"Afegeix contacte"},"deleteContact":{"_":"Elimina el contacte"},"selectContact":{"_":"Trieu un contacte"},"selectAll":{"_":"Marca-ho tot"},"deselectAll":{"_":"Desmarca-ho tot"},"editContact":{"_":"Edita contacte"},"deleteConfirmMsg":{"_":"Voleu eliminar el contacte?"},"remove":{"_":"Elimina"},"comments":{"_":"Comentaris"},"no_contact_phones":{"_":"Aquest contacte no té número de telèfon"},"no_contact_email":{"_":"Aquest contacte no té adreça electrònica"},"removePhotoConfirm":{"_":"Voleu eliminar la imatge del contacte?"},"loadingContacts":{"_":"S'estan carregant els contactes…"},"noContactsActivity":{"_":"No es pot afegir a cap contacte perquè la llista de contactes és buida"},"noName":{"_":"Sense nom"},"givenName":{"placeholder":"Nom"},"familyName":{"placeholder":"Cognoms"},"tel":{"placeholder":"Telèfon"},"carrier":{"_":"Operador","placeholder":"Operador"},"separator":{"_":","},"email":{"_":"Correu","placeholder":"Correu"},"streetAddress":{"placeholder":"Adreça"},"postalCode":{"placeholder":"Codi postal"},"locality":{"placeholder":"Població"},"countryName":{"placeholder":"País"},"comment":{"placeholder":"Comentari"},"org":{"placeholder":"Empresa"},"custom":{"placeholder":"Personalitzat","_":"Etiqueta personalitzada"},"date":{"_":"Data","placeholder":"Data"},"birthday":{"_":"Aniversari"},"dateFormat":{"_":"%e %B"},"dateOutput":{"_":"{{dayMonthFormatted}} {{year}}"},"anniversary":{"_":"Aniversari"},"addPhoto":{"_":"Afegeix una imatge"},"addPhone":{"_":"Afegeix un telèfon"},"addEmail":{"_":"Afegeix un correu"},"addAddress":{"_":"Afegeix una adreça"},"addDate":{"_":"Afegeix data"},"addComment":{"_":"Afegeix un comentari"},"addFavorite":{"_":"Afegeix com a favorit"},"removeFavorite":{"_":"Elimina dels favorits"},"label":{"_":"Etiqueta"},"mobile":{"_":"Mòbil"},"home":{"_":"Casa"},"work":{"_":"Feina"},"personal":{"_":"Particular"},"faxHome":{"_":"Fax (casa)"},"faxOffice":{"_":"Fax (oficina)"},"faxOther":{"_":"Fax (altre)"},"another":{"_":"Altres"},"other":{"_":"Altres"},"current":{"_":"Actual"},"itemWithLabel":{"_":"{{label}}, {{item}}"},"exit":{"_":"Tanca"},"expand":{"_":"Amplia"},"labelName":{"_":"Nom:"},"labelLastName":{"_":"Cognoms:"},"labelPhoneNumber":{"_":"Telèfon:"},"labelCarrier":{"_":"Operador:"},"labelEmail":{"_":"Correu:"},"labelStreet":{"_":"Adreça:"},"labelZip":{"_":"Codi postal:"},"labelCity":{"_":"Població:"},"labelCountry":{"_":"País:"},"labelComment":{"_":"Anotació:"},"legendTitleMain":{"_":"Informació principal"},"legendPhones":{"_":"Números de telèfon"},"legendEmail":{"_":"Adreça electrònica"},"legendAddress":{"_":"Adreça"},"settings":{"_":"Paràmetres"},"search-contact":{"placeholder":"Cerca"},"noResults":{"_":"No s'ha trobat cap contacte"},"transferContactsTitle":{"_":"Transfereix els contactes"},"importContactsTitle":{"_":"Importa els contactes"},"importContactsButton":{"_":"Importa els contactes"},"exportContactsTitle":{"_":"Exporta els contactes"},"exportContactsButton":{"_":"Exporta els contactes"},"exportContactsAction":{"_":"Exporta"},"simExport-title":{"_":"Exporta a la SIM"},"sdExport-title":{"_":"Exporta a la targeta SD"},"btExport-title":{"_":"Exporta per Bluetooth"},"sdUMSEnabled":{"_":"No es pot utilitzar la targeta SD perquè el mode de disc USB està activat"},"exportErrorTitle":{"_":"Error d'exportació"},"contactsExported2":{"_":"{[ plural(exported) ]}","_[zero]":"No s'ha exportat cap contacte","_[one]":"{{exported}}/{{total}} contactes exportats","_[two]":"{{exported}}/{{total}} contactes exportats","_[few]":"{{exported}}/{{total}} contactes exportats","_[many]":"{{exported}}/{{total}} contactes exportats","_[other]":"{{exported}}/{{total}} contactes exportats"},"exportError-general":{"_":"S'ha produït un error durant l'exportació"},"exportError-SD-shared":{"_":"No es pot accedir a la targeta de memòria perquè està compartida"},"exportError-SD-unavailable":{"_":"La targeta de memòria no és disponible"},"exportError-SD-noSpace":{"_":"No hi ha prou espai a la targeta de memòria per exportar els contactes"},"exportError-SIM-unavailable":{"_":"La targeta SIM no és disponible"},"exportError-BT-shared":{"_":"No es pot accedir a la targeta de memòria perquè està compartida"},"exportError-BT-unavailable":{"_":"La targeta de memòria no és disponible"},"exportError-BT-noSpace":{"_":"No hi ha prou espai a la targeta de memòria per exportar els contactes"},"simContacts-import":{"_":"Importa els contactes de la SIM"},"simContacts-importing":{"_":"S'estan important els contactes de la SIM…"},"simContacts-reading":{"_":"S'està llegint la targeta SIM…"},"simContacts-error":{"_":"No s'han pogut importar els contactes de la SIM"},"simContacts-imported3":{"_":"{[ plural(n) ]}","_[zero]":"No s'han detectat contactes en la SIM per importar","_[one]":"S'ha importat un contacte","_[two]":"S'han importat {{n}} contactes","_[few]":"S'han importat {{n}} contactes","_[many]":"S'han importat {{n}} contactes","_[other]":"S'han importat {{n}} contactes"},"noSimMsg":{"_":"Inseriu o desbloqueu la targeta SIM per importar els contactes"},"noSimMsgExport":{"_":"Inseriu o desbloqueu la targeta SIM per exportar els contactes"},"simNumber":{"_":"SIM {{number}}"},"memoryCardContacts-import":{"_":"Importa contactes de la targeta de memòria"},"memoryCardContacts-importing":{"_":"S'estan important contactes de la targeta de memòria…"},"memoryCardContacts-reading":{"_":"S'està llegint la targeta de memòria…"},"memoryCardContacts-error":{"_":"No s'han pogut importar els contactes de la targeta de memòria"},"memoryCardContacts-imported3":{"_":"{[ plural(n) ]}","_[zero]":"No s'han detectat contactes en la targeta de memòria per importar","_[one]":"S'ha importat un contacte","_[two]":"S'han importat {{n}} contactes","_[few]":"S'han importat {{n}} contactes","_[many]":"S'han importat {{n}} contactes","_[other]":"S'han importat {{n}} contactes"},"noMemoryCardMsg":{"_":"Per importar contactes, inseriu una targeta de memòria"},"noMemoryCardMsgExport":{"_":"Per exportar contactes, inseriu una targeta de memòria"},"genericProgress":{"_":"{{current}}/{{total}}"},"social-network":{"_":"Xarxes socials"},"social-link":{"_":"Enllaça el contacte"},"social-unlink":{"_":"Desenllaça el contacte"},"social-unlink-confirm-title":{"_":"Voleu desenllaçar la vostra amistat?"},"social-unlink-confirm-accept":{"_":"Desenllaça"},"facebook-import":{"_":"Importa amistats del Facebook"},"show-fb-profile":{"_":"Mostra el perfil del Facebook"},"msg-send":{"_":"Missatge"},"wall-post":{"_":"Publica al mur"},"facebook":{"_":"Facebook"},"facebook-import-msg":{"_":"{[ plural(imported) ]}","_[zero]":"No s'ha importat cap amistat (de {{total}})","_[one]":"S'ha importat una amistat (de {{total}})","_[two]":"{{imported}}/{{total}} amistats importades","_[few]":"{{imported}}/{{total}} amistats importades","_[many]":"{{imported}}/{{total}} amistats importades","_[other]":"{{imported}}/{{total}} amistats importades"},"otherAccount":{"_":"Altres comptes"},"facebookSwitchMsg":{"_":"Sincronitza amistats"},"select_mobile":{"_":"Trieu el mòbil"},"select_email":{"_":"Trieu el correu"},"contactsOrderBy":{"_":"Ordena per cognom"},"importSim2":{"_":"Targeta SIM"},"importMemoryCard":{"_":"Targeta de memòria"},"importGmail":{"_":"Gmail"},"bluetooth":{"_":"Bluetooth"},"importOutlook":{"_":"Outlook"},"fbUpdateFriends":{"_":"Actualitza les amistats importades"},"cleaningFbData":{"_":"S'estan eliminant les dades del Facebook"},"loggingOutFb":{"_":"S'està tancant la sessió del Facebook"},"cleanFbConfirmMsg":{"_":"Voleu eliminar totes les dades del Facebook?"},"renewPwdMsg":{"_":"La vostra contrasenya del Facebook ha canviat. Actualitzeu-la."},"noConnection11":{"_":"Cal una connexió Wi-Fi o de dades per importar els contactes o amistats del Facebook"},"notEnabledYet":{"_":"Encara no s'ha activat"},"genericNoConnection":{"_":"Per importar contactes connecteu-vos per Wi-Fi o xarxa de dades"},"simCard":{"_":"Targeta SIM"},"memoryCard":{"_":"Targeta de memòria"},"create-new":{"_":"Crea un contacte nou"},"import-now":{"_":"Importa els contactes de la targeta SIM o del Facebook"},"no-contacts":{"_":"No hi ha contactes"},"start-adding":{"_":"Comenceu a afegir-los ara"},"notImported":{"_":"No s'ha importat"},"imported":{"_":"Importat"},"today":{"_":"Avui"},"yesterday":{"_":"Ahir"},"messageCanceling":{"_":"Espereu, s'està cancel·lant l'operació en curs."},"organise-contacts":{"_":"Organitza els contactes"},"find-merge-contacts":{"_":"Cerca contactes duplicats"},"preparing-contacts":{"_":"S'estan preparant els contactes"},"exportError-SIM-NoFreeRecordFound":{"_":"La targeta SIM és plena"},"exportError-SIM-CannotAccessPhoneBook":{"_":"No es pot accedir a l'agenda telefònica de la targeta SIM"},"exportError-SIM-Unavailable":{"_":"No s'ha detectat cap SIM"},"exportError-SIM-GenericError":{"_":"S'ha produït un error en exportar un contacte"},"pincode2":{"_":"Introduïu el PIN"},"type_pin":{"_":"Introduïu el codi PIN"},"pincodeLabel":{"_":"PIN de la SIM {{n}}"},"pinValidation":{"_":"El PIN ha de tenir entre 4 i 8 caràcters."},"pinError":{"_":"El PIN és incorrecte."},"pinAttemptMsg2":{"_":"{[ plural(n) ]}","_[one]":"Us queda un intent per introduir el codi correcte abans que es bloquegi la targeta SIM.","_[two]":"Us queden {{n}} intents per introduir el codi correcte abans que es bloquegi la targeta SIM.","_[few]":"Us queden {{n}} intents per introduir el codi correcte abans que es bloquegi la targeta SIM.","_[many]":"Us queden {{n}} intents per introduir el codi correcte abans que es bloquegi la targeta SIM.","_[other]":"Us queden {{n}} intents per introduir el codi correcte abans que es bloquegi la targeta SIM."},"pinLastChanceMsg":{"_":"Aquesta és l'última oportunitat d'introduir el PIN correcte. Si torneu a fallar, haureu d'introduir el codi PUK per utilitzar aquesta targeta SIM."},"pukcode":{"_":"Introduïu el PUK"},"pukcodeTitle":{"_":"PUK de la SIM {{n}}"},"pukcodeLabel":{"_":"PUK de la SIM {{n}}"},"type_puk":{"_":"Codi PUK"},"pukValidation":{"_":"El codi PUK ha de tenir exactament 8 caràcters."},"pukInfo":{"_":"Heu d'introduir el número personal de desbloqueig (PUK) de la targeta SIM. Consulteu la documentació de la targeta SIM o contacteu amb el vostre operador per a més informació."},"pukError":{"_":"El codi PUK és incorrecte."},"pukAttemptMsg2":{"_":"{[ plural(n) ]}","_[one]":"Us queda un intent per introduir el codi correcte abans que la targeta SIM quedi inservible permanentment. Consulteu la documentació de la targeta SIM o contacteu amb el vostre operador per a més informació.","_[two]":"Us queden {{n}} intents per introduir el codi correcte abans que la targeta SIM quedi inservible permanentment. Consulteu la documentació de la targeta SIM o contacteu amb el vostre operador per a més informació.","_[few]":"Us queden {{n}} intents per introduir el codi correcte abans que la targeta SIM quedi inservible permanentment. Consulteu la documentació de la targeta SIM o contacteu amb el vostre operador per a més informació.","_[many]":"Us queden {{n}} intents per introduir el codi correcte abans que la targeta SIM quedi inservible permanentment. Consulteu la documentació de la targeta SIM o contacteu amb el vostre operador per a més informació.","_[other]":"Us queden {{n}} intents per introduir el codi correcte abans que la targeta SIM quedi inservible permanentment. Consulteu la documentació de la targeta SIM o contacteu amb el vostre operador per a més informació."},"pukLastChanceMsg":{"_":"Aquesta és l'última oportunitat d'introduir el codi PUK correcte. La targeta SIM quedarà inservible permanentment si introduïu un codi PUK incorrecte."},"create_newpin":{"_":"Crea un PIN nou (de 4 a 8 dígits)"},"confirm_newpin":{"_":"Confirmeu el PIN nou"},"newpinConfirmation":{"_":"Els PIN no coincideixen"},"nckcode":{"_":"Introduïu el NCK"},"cckcode":{"_":"Introduïu el CCK"},"spckcode":{"_":"Introduïu el SPCK"},"nckcodeTitle":{"_":"NCK de la SIM {{n}}"},"cckcodeTitle":{"_":"CCK de la SIM {{n}}"},"spckcodeTitle":{"_":"SPCK de la SIM {{n}}"},"nckcodeLabel":{"_":"NCK de la SIM {{n}}"},"cckcodeLabel":{"_":"CCK de la SIM {{n}}"},"spckcodeLabel":{"_":"SPCK de la SIM {{n}}"},"type_nck":{"_":"Introduïu el codi NCK"},"type_cck":{"_":"Introduïu el codi CCK"},"type_spck":{"_":"Introduïu el codi SPCK"},"nckValidation":{"_":"El codi NCK ha de tenir entre 8 i 16 caràcters."},"cckValidation":{"_":"El codi CCK ha de tenir entre 8 i 16 caràcters."},"spckValidation":{"_":"El codi SPCK ha de tenir entre 8 i 16 caràcters."},"nckErrorMsg":{"_":"El codi NCK és incorrecte."},"nckAttemptMsg2":{"_":"{[ plural(n) ]}","_[one]":"Ha fallat la sol·licitud de despersonalització de la xarxa. Us queda un intent per introduir el codi correcte. Consulteu la documentació del dispositiu o contacteu amb el vostre operador per a més informació.","_[two]":"Ha fallat la sol·licitud de despersonalització de la xarxa. Us queden {{n}} intents per introduir el codi correcte. Consulteu la documentació del dispositiu o contacteu amb el vostre operador per a més informació.","_[few]":"Ha fallat la sol·licitud de despersonalització de la xarxa. Us queden {{n}} intents per introduir el codi correcte. Consulteu la documentació del dispositiu o contacteu amb el vostre operador per a més informació.","_[many]":"Ha fallat la sol·licitud de despersonalització de la xarxa. Us queden {{n}} intents per introduir el codi correcte. Consulteu la documentació del dispositiu o contacteu amb el vostre operador per a més informació.","_[other]":"Ha fallat la sol·licitud de despersonalització de la xarxa. Us queden {{n}} intents per introduir el codi correcte. Consulteu la documentació del dispositiu o contacteu amb el vostre operador per a més informació."},"nckLastChanceMsg":{"_":"Ha fallat la sol·licitud de despersonalització de la xarxa. Aquesta és l'última oportunitat d'introduir el codi NCK correcte. Consulteu la documentació del dispositiu o contacteu amb el vostre operador per a més informació."},"skip":{"_":"Omet"},"send":{"_":"Envia"},"simLocked":{"_":"La targeta SIM està bloquejada"},"inputCodeRetriesLeft":{"_":"{[ plural(n) ]}","_[one]":"Darrer intent.","_[two]":"Queden {{n}} intents.","_[few]":"Queden {{n}} intents.","_[many]":"Queden {{n}} intents.","_[other]":"Queden {{n}} intents."},"simManager":{"_":"Gestor de targetes SIM"},"simDetail":{"_":"SIM {{n}}"},"simDefault":{"_":"(per defecte)"},"simDefaultMessage":{"_":"Per defecte, s'utilitza la SIM 1 per a les trucades de sortida, els missatges de sortida i la connexió de dades"},"simSettingsMessage":{"_":"Podeu canviar els paràmetres per defecte a Paràmetres > Gestor de targetes SIM"},"simPinLocked":{"_":"PIN de la SIM bloquejat"},"noOperator":{"_":"Cap operador"},"language":{"_":"Llengua"},"english":{"_":"Anglès"},"dvorak":{"_":"Anglès (Dvorak)"},"spanish":{"_":"Espanyol"},"portuguese":{"_":"Portuguès (Brasil)"},"french":{"_":"Francès"},"italian":{"_":"Italià"},"arabic":{"_":"Àrab"},"greek":{"_":"Grec"},"hebrew":{"_":"Hebreu"},"jp-kanji":{"_":"Japonès"},"jp-kanji-desc":{"_":"Kanji"},"traditionalChinese":{"_":"Xinès tradicional"},"traditionalChinese-desc":{"_":"Zhuyin"},"simplifiedChinese":{"_":"Xinès simplificat"},"simplifiedChinese-desc":{"_":"Pinyin"},"3g":{"_":"Dades del mòbil"},"dataConnection":{"_":"Activa les dades"},"dataConnectionInfo":{"_":"Activar la connexió de dades us permetrà configurar el vostre telèfon sense una connexió Wi-Fi. Podeu activar-la més endavant des dels Paràmetres. En tot cas, assegureu-vos que teniu un pla de dades amb el vostre operador per evitar cap despesa addicional."},"caution":{"_":"Avís"},"geolocation":{"_":"Geolocalització"},"geolocationCheckbox":{"_":"Activa geolocalització"},"geolocationInfo2":{"_":"El {{brandShortName}} utilitza dades del GPS i de les xarxes Wi-Fi i mòbils properes per ajudar a determinar la vostra ubicació aproximada."},"geolocationInfoMore":{"_":"Les dades s'envien a Mozilla i a altres proveïdors de serveis i s'utilitzen a l'engròs per millorar la precisió de les bases de dades d'ubicacions. Les dades s'emmagatzemen en el vostre dispositiu i poden recollir-se fins i tot quan no s'executi cap aplicació."},"notice":{"_":"Avís"},"aboutYourPrivacy":{"_":"Més informació sobre la privadesa"},"wifi":{"_":"Wi-Fi"},"scanningNetworks":{"_":"S'estan cercant xarxes"},"selectNetwork":{"_":"Trieu una xarxa"},"shortStatus-connecting":{"_":"S'està connectant…"},"shortStatus-associated":{"_":"S'està obtenint una adreça IP…"},"shortStatus-connected":{"_":"Connectada"},"shortStatus-connectingfailed":{"_":"Ha fallat la connexió"},"shortStatus-disconnected":{"_":"Sense connexió"},"securedBy":{"_":"protegida per {{capabilities}}"},"security":{"_":"Seguretat"},"securityNone":{"_":"Cap"},"securityWEP":{"_":"WEP"},"securityWPA-PSK":{"_":"WPA-PSK"},"securityWPA-EAP":{"_":"WPA-EAP"},"securityOpen":{"_":"Oberta"},"identity":{"_":"Usuari"},"identityInput":{"placeholder":"Usuari"},"password":{"_":"Contrasenya"},"passwordInput":{"placeholder":"Contrasenya"},"showPassword":{"_":"Mostra la contrasenya"},"refresh":{"_":"Refresca"},"noWifiFound3":{"_":"No s'han trobat xarxes sense fil"},"join-hidden-button":{"_":"Connecta a xarxa oculta"},"authentication":{"_":"Autenticació"},"ssid-name":{"_":"Nom de xarxa SSID"},"dateAndTime":{"_":"Data i hora"},"setTimeAutomatically":{"_":"Ajusta automàticament"},"timezoneMessage":{"_":"Fus horari"},"timezoneTitle":{"_":"UTC{{utcOffset}} {{region}}/{{city}}"},"dateMessage":{"_":"Data"},"timeMessage":{"_":"Hora"},"timeZone":{"_":"Fus horari"},"change":{"_":"Canvia"},"importContacts3":{"_":"Importa els contactes"},"importFb2":{"_":"Facebook"},"fb-checking":{"_":"… s'està comprovant"},"notImportedYet":{"_":"No s'ha importat encara"},"afterFbImport":{"_":"Podeu importar i editar les amistats del Facebook en qualsevol moment als paràmetres dels Contactes"},"about-your-rights-0":{"_":"El {{brandShortName}} està construït amb programari lliure i de codi obert per una comunitat de milers de persones de tot el món. Hi ha algunes coses que hauríeu de saber:"},"about-your-rights-1":{"_":"El {{brandShortName}} és a la vostra disposició sota els termes de diverses llicències lliures, inclosa la llicència pública de Mozilla. Un dispositiu amb el {{brandShortName}} també pot contenir programari privatiu de tercers. Tot el codi proporcionat sota llicències obertes us dóna el dret de modificar-lo i de distribuir-ne versions modificades sempre que compliu els termes respectius."},"about-your-rights-2":{"_":"No se us atorga cap dret de marca o llicències per a les marques registrades de la Fundació Mozilla ni de tercers, inclosos, sense limitació, el nom o el logotip del {{brandShortName}}."},"about-your-rights-3":{"_":"Algunes funcions del {{brandShortName}}, com ara el Generador d'informes de fallada, us donen l'opció d'enviar comentaris a Mozilla. Si opteu per enviar els vostres comentaris, autoritzeu Mozilla a utilitzar la informació per millorar els seus productes, a publicar-la en els seus llocs web i a distribuir-la."},"about-other":{"_":"Altres"},"SIM_mandatory":{"_":"Avís de targeta SIM"},"SIM_mandatory_warm":{"_":"Inseriu una targeta SIM i reinicieu el telèfon."},"sharing-performance-data":{"_":"Compartició de les dades de rendiment"},"telemetry-sends":{"_":"La telemesura envia les dades sobre el rendiment de Mozilla, maquinari, configuracions i personalitzacions del vostre dispositiu {{brandShortName}}. Utilitzem aquesta informació per millorar els nostres productes de manera més ràpida i receptiva."},"learn-more-at":{"_":"Més informació a"},"external-telemetry":{"title":"Telemesura"},"learn-about-information":{"_":"Vegeu com Mozilla gestiona la vostra informació a"},"external-privacy":{"title":"Privadesa"},"welcomeBrowser":{"_":"Us donem la benvinguda al {{brandShortName}}, el sistema operatiu lliure i de codi obert de Mozilla. La nostra missió es promoure els estàndards oberts, la innovació i l'oportunitat bo i mantenint el potencial de la web a les vostres mans."},"learnHow":{"_":"Vegeu com Mozilla gestiona la vostra informació a la"},"privacyPolicy":{"_":"política de privadesa","title":"Política de privadesa"},"aboutBrowser":{"_":"Quant al {{brandShortName}}"},"aboutYourPrivacy2":{"_":"La vostra privadesa"},"mozillaCommunity2":{"_":"Quan utilitzeu el {{brandShortName}}, us convertiu en part d'una comunitat global que ajuda a construir un futur més brillant per a la web. Si voleu saber més sobre la comunitat Mozilla, els nostres productes i esdeveniments a prop vostre, introduïu la vostra adreça electrònica més avall."},"collaborate":{"_":"Vull ajudar a millorar el {{brandShortName}} compartint les dades del meu telèfon."},"learnMore":{"_":"Més informació."},"emailAddress":{"placeholder":"Adreça electrònica"},"email-successfully-added":{"_":"S'ha afegit el correu correctament"},"email-loading":{"_":"S'està desant el vostre correu…"},"browserPrivacyChoices":{"_":"Opcions de privadesa del {{brandShortName}}"},"privacy-b2g":{"_":"{{brandShortName}}","title":"{{brandShortName}}"},"privacy-marketplace":{"_":"Marketplace","title":"{{privacy-marketplace}}"},"privacy-e-me":{"_":"everything.me","title":"{{privacy-e-me}}"},"navbar-back":{"_":"Enrere"},"navbar-next":{"_":"Següent"},"navbar-join":{"_":"Connecta"},"thatsIt":{"_":"Això és tot!"},"startYourPhone":{"_":"Conegueu el vostre telèfon"},"startYourTablet":{"_":"Conegueu la vostra tauleta"},"joinTutorial":{"_":"Feu una breu visita guiada pel vostre telèfon nou."},"enjoyYourPhone":{"_":"Ja ho teniu tot llest per gaudir del vostre telèfon."},"optionsAvailable":{"_":"Podeu canviar la llengua, la data/hora i la connexió Wi-Fi des dels Paràmetres."},"letsGo":{"_":"Som-hi"},"startTour":{"_":"Comença"},"thatsIt1Tablet-2":{"_":"Sempre podeu fer lliscar el dit des de la vora inferior per anar a la pàgina d'inici."},"thatsIt2Tablet-2":{"_":"Proveu-ho!"},"tutorial-step1-tiny":{"_":"Feu lliscar el dit de dreta a esquerra per explorar les aplicacions."},"tutorial-step2-tiny":{"_":"Premeu durant uns segons una icona per eliminar-la o moure-la."},"tutorial-step3-tiny":{"_":"Escriviu qualsevol paraula clau o tema i el telèfon s'adaptarà instantàniament."},"tutorial-step4-tiny":{"_":"Feu lliscar el dit cap avall per accedir a les notificacions recents, a la informació de consum i als paràmetres."},"tutorial-step5-tiny":{"_":"Premeu durant uns segons el botó d'inici per veure les aplicacions recents i tancar-les."},"tutorial-step6-tiny":{"_":"Feu lliscar el dit des del lateral de la pantalla per desplaçar-vos endavant i endarrere per les aplicacions recents."},"tutorial-step1-large-2":{"_":"Feu lliscar el dit des de dalt cap avall per accedir a les notificacions recents, a la informació de consum i als paràmetres."},"tutorial-step2-large-2":{"_":"Feu lliscar el dit cap a l'esquerra o dreta per descobrir aplicacions noves a la pantalla d'inici."},"tutorial-step3-large-2":{"_":"Premeu durant uns segons una icona per eliminar-la o moure-la."},"tutorial-step4-large-2":{"_":"Feu lliscar dos dits cap amunt des de la vora inferior per activar la visualització de targetes."},"offline-dialog-title":{"_":"Heu d'estar connectat a Internet per veure la pàgina."},"offline-dialog-text":{"_":"Torneu enrere i connecteu-vos a Internet. També podeu veure la pàgina més tard des dels Paràmetres, o introduint {{url}} en qualsevol navegador."},"OK":{"_":"D'acord"},"offline-newsletter-dialog-title":{"_":"Heu d'estar connectat a Internet per subscriure's al butlletí d'informació."},"offline-newsletter-dialog-text":{"_":"Torneu enrere i connecteu-vos a Internet."},"invalid-email-dialog-title":{"_":"L'adreça electrònica no és vàlida"},"invalid-email-dialog-text":{"_":"Torneu enrere i corregiu les dades."},"weekday-0-long":{"_":"diumenge"},"weekday-1-long":{"_":"dilluns"},"weekday-2-long":{"_":"dimarts"},"weekday-3-long":{"_":"dimecres"},"weekday-4-long":{"_":"dijous"},"weekday-5-long":{"_":"divendres"},"weekday-6-long":{"_":"dissabte"},"weekday-0-short":{"_":"dg"},"weekday-1-short":{"_":"dl"},"weekday-2-short":{"_":"dt"},"weekday-3-short":{"_":"dc"},"weekday-4-short":{"_":"dj"},"weekday-5-short":{"_":"dv"},"weekday-6-short":{"_":"ds"},"month-0-long":{"_":"gener"},"month-1-long":{"_":"febrer"},"month-2-long":{"_":"març"},"month-3-long":{"_":"abril"},"month-4-long":{"_":"maig"},"month-5-long":{"_":"juny"},"month-6-long":{"_":"juliol"},"month-7-long":{"_":"agost"},"month-8-long":{"_":"setembre"},"month-9-long":{"_":"octubre"},"month-10-long":{"_":"novembre"},"month-11-long":{"_":"desembre"},"month-0-genitive":{"_":"de gener"},"month-1-genitive":{"_":"de febrer"},"month-2-genitive":{"_":"de març"},"month-3-genitive":{"_":"d'abril"},"month-4-genitive":{"_":"de maig"},"month-5-genitive":{"_":"de juny"},"month-6-genitive":{"_":"de juliol"},"month-7-genitive":{"_":"d'agost"},"month-8-genitive":{"_":"de setembre"},"month-9-genitive":{"_":"d'octubre"},"month-10-genitive":{"_":"de novembre"},"month-11-genitive":{"_":"de desembre"},"month-0-short":{"_":"gen"},"month-1-short":{"_":"febr"},"month-2-short":{"_":"març"},"month-3-short":{"_":"abr"},"month-4-short":{"_":"maig"},"month-5-short":{"_":"juny"},"month-6-short":{"_":"jul"},"month-7-short":{"_":"ag"},"month-8-short":{"_":"set"},"month-9-short":{"_":"oct"},"month-10-short":{"_":"nov"},"month-11-short":{"_":"des"},"minutes-ago-long":{"_":"{[ plural(value) ]}","_[zero]":"ara","_[one]":"fa un minut","_[two]":"fa {{value}} minuts","_[few]":"fa {{value}} minuts","_[many]":"fa {{value}} minuts","_[other]":"fa {{value}} minuts"},"hours-ago-long":{"_":"{[ plural(value) ]}","_[zero]":"ara","_[one]":"fa una hora","_[two]":"fa {{value}} hores","_[few]":"fa {{value}} hores","_[many]":"fa {{value}} hores","_[other]":"fa {{value}} hores"},"days-ago-long":{"_":"{[ plural(value) ]}","_[zero]":"avui","_[one]":"ahir","_[two]":"fa {{value}} dies","_[few]":"fa {{value}} dies","_[many]":"fa {{value}} dies","_[other]":"fa {{value}} dies"},"weeks-ago-long":{"_":"{[ plural(value) ]}","_[zero]":"aquesta setmana","_[one]":"la setmana passada","_[two]":"fa {{value}} setmanes","_[few]":"fa {{value}} setmanes","_[many]":"fa {{value}} setmanes","_[other]":"fa {{value}} setmanes"},"months-ago-long":{"_":"{[ plural(value) ]}","_[zero]":"aquest mes","_[one]":"el mes passat","_[two]":"fa {{value}} mesos","_[few]":"fa {{value}} mesos","_[many]":"fa {{value}} mesos","_[other]":"fa {{value}} mesos"},"years-ago-long":{"_":"{[ plural(value) ]}","_[zero]":"enguany","_[one]":"l'any passat","_[two]":"fa {{value}} anys","_[few]":"fa {{value}} anys","_[many]":"fa {{value}} anys","_[other]":"fa {{value}} anys"},"minutes-until-long":{"_":"{[ plural(value) ]}","_[zero]":"ara","_[one]":"d'aquí un minut","_[two]":"d'aquí {{value}} minuts","_[few]":"d'aquí {{value}} minuts","_[many]":"d'aquí {{value}} minuts","_[other]":"d'aquí {{value}} minuts"},"hours-until-long":{"_":"{[ plural(value) ]}","_[zero]":"ara","_[one]":"d'aquí una hora","_[two]":"d'aquí {{value}} hores","_[few]":"d'aquí {{value}} hores","_[many]":"d'aquí {{value}} hores","_[other]":"d'aquí {{value}} hores"},"days-until-long":{"_":"{[ plural(value) ]}","_[zero]":"avui","_[one]":"demà","_[two]":"d'aquí {{value}} dies","_[few]":"d'aquí {{value}} dies","_[many]":"d'aquí {{value}} dies","_[other]":"d'aquí {{value}} dies"},"weeks-until-long":{"_":"{[ plural(value) ]}","_[zero]":"aquesta setmana","_[one]":"la setmana que ve","_[two]":"d'aquí {{value}} setmanes","_[few]":"d'aquí {{value}} setmanes","_[many]":"d'aquí {{value}} setmanes","_[other]":"d'aquí {{value}} setmanes"},"months-until-long":{"_":"{[ plural(value) ]}","_[zero]":"aquest mes","_[one]":"el mes que ve","_[two]":"d'aquí {{value}} mesos","_[few]":"d'aquí {{value}} mesos","_[many]":"d'aquí {{value}} mesos","_[other]":"d'aquí {{value}} mesos"},"years-until-long":{"_":"{[ plural(value) ]}","_[zero]":"enguany","_[one]":"l'any que ve","_[two]":"d'aquí {{value}} anys","_[few]":"d'aquí {{value}} anys","_[many]":"d'aquí {{value}} anys","_[other]":"d'aquí {{value}} anys"},"minutes-ago-short":{"_":"{[ plural(value) ]}","_[zero]":"ara","_[other]":"fa {{value}} m"},"hours-ago-short":{"_":"{[ plural(value) ]}","_[zero]":"ara","_[other]":"fa {{value}} h"},"days-ago-short":{"_":"{[ plural(value) ]}","_[zero]":"avui","_[other]":"fa {{value}} d"},"minutes-until-short":{"_":"{[ plural(value) ]}","_[zero]":"ara","_[other]":"d'aquí {{value}} m"},"hours-until-short":{"_":"{[ plural(value) ]}","_[zero]":"ara","_[other]":"d'aquí {{value}} h"},"days-until-short":{"_":"{[ plural(value) ]}","_[zero]":"avui","_[other]":"d'aquí {{value}} d"},"incorrectDate":{"_":"(data no vàlida)"},"dateTimeFormat_%c":{"_":"%a %e %Eb, %Y %H:%M:%S"},"dateTimeFormat_%x":{"_":"%d/%m/%Y"},"dateTimeFormat_%X":{"_":"%H:%M:%S"},"shortTimeFormat":{"_":"%H:%M"},"shortDateTimeFormat":{"_":"%x %H:%M"},"weekStartsOnMonday":{"_":"1"},"time_am":{"_":"am"},"time_pm":{"_":"pm"},"tz-region":{"_":"Regió"},"tz-city":{"_":"Ciutat"},"tzRegion-Africa":{"_":"Àfrica"},"tzRegion-America":{"_":"Amèrica"},"tzRegion-Antarctica":{"_":"Antàrtida"},"tzRegion-Asia":{"_":"Àsia"},"tzRegion-Atlantic":{"_":"Oceà Atlàntic"},"tzRegion-Australia":{"_":"Austràlia"},"tzRegion-Europe":{"_":"Europa"},"tzRegion-Indian":{"_":"Oceà Índic"},"tzRegion-Pacific":{"_":"Oceà Pacífic"},"close":{"_":"Tanca"},"import":{"_":"Importa"},"fbFriends":{"_":"Amistats del Facebook"},"live-serviceName":{"_":"Outlook"},"gmail-serviceName":{"_":"Gmail"},"facebook-serviceName":{"_":"Amistats del Facebook"},"viewAll":{"_":"Mostra totes les amistats del Facebook"},"viewRecommend":{"_":"Mostra només les recomanades"},"linkProposal":{"_":"{[ plural(numFriends) ]}","_[zero]":"No hi ha amistats coincidents. Es mostren totes","_[one]":"Trieu la recomanada","_[two]":"Trieu-ne una recomanada","_[few]":"Trieu-ne una recomanada","_[many]":"Trieu-ne una recomanada","_[other]":"Trieu-ne una recomanada"},"fbFriendsFound":{"_":"{[ plural(numFriends) ]}","_[zero]":"S'han importat totes les vostres amistats","_[one]":"S'ha trobat una amistat per importar","_[two]":"S'han trobat {{numFriends}} amistats per importar","_[few]":"S'han trobat {{numFriends}} amistats per importar","_[many]":"S'han trobat {{numFriends}} amistats per importar","_[other]":"S'han trobat {{numFriends}} amistats per importar"},"done-search":{"_":"Fet"},"progressFB3ImportTitle":{"_":"S'estan important les amistats als contactes"},"progressFB":{"_":"{{current}}/{{total}}"},"progressFB3UpdateTitle":{"_":"S'estan actualitzant les amistats als contactes"},"message2":{"_":"Això pot trigar uns minuts"},"messageLinking":{"_":"Espereu. Estem enllaçant la vostra amistat i el vostre contacte."},"error1":{"_":"Error {{from}}"},"error2":{"_":"Voleu tornar-ho a provar?"},"errorProposal":{"_":"s'estan calculant les propostes"},"errorFriends":{"_":"s'estan recuperant les amistats"},"errorLinking":{"_":"s'està enllaçant el contacte"},"timeout1":{"_":"S'ha excedit el temps d'espera {{from}}"},"timeout2":{"_":"Voleu tornar-ho a provar?"},"timeoutProposal":{"_":"s'estan calculant les propostes"},"timeoutFriends":{"_":"s'estan recuperant les amistats"},"timeoutLinking":{"_":"s'estan enllaçant els contactes"},"wait1":{"_":"Espereu"},"wait2":{"_":"Això pot trigar uns minuts"},"waitProposal":{"_":"Espereu. Estem calculant una proposta."},"waitFriends":{"_":"Espereu. S'està obtenint la llista d'amistats."},"curtainCancel":{"_":"Cancel·la"},"curtainRetry":{"_":"Reintenta"},"curtainOK":{"_":"D'acord"},"connectionLost":{"_":"No hi ha connexió a Internet"},"connectionLostMsg":{"_":"Les fotos de les amistats no s'afegiran als contactes. Voleu continuar igualment?"},"yesOption":{"_":"D'acord"},"noOption":{"_":"Cancel·la"},"friendsUpdated":{"_":"{[ plural(numFriends) ]}","_[zero]":"No s'ha actualitzat cap amistat","_[one]":"S'ha actualitzat una amistat","_[two]":"S'han actualitzat {{numFriends}} amistats","_[few]":"S'han actualitzat {{numFriends}} amistats","_[many]":"S'han actualitzat {{numFriends}} amistats","_[other]":"S'han actualitzat {{numFriends}} amistats"},"notificationLogin":{"_":"La sessió del Facebook no és vàlida. Inicieu una sessió vàlida."},"syncError":{"_":"Hi ha hagut un error en sincronitzar les dades de les vostres amistats"},"addToExistingContact":{"_":"Afegeix a un contacte existent"},"all":{"_":"Totes"},"callLog":{"_":"Registre trucades"},"connecting":{"_":"Connectant"},"cf-async":{"_":"Asíncron: {{ async }}\n"},"cf-data":{"_":"Dades: {{ data }}\n"},"cf-error":{"_":"S'ha produït un error en recuperar l'estat de la desviació de trucades"},"cf-fax":{"_":"Fax: {{ fax }}\n"},"cf-inactive":{"_":"Inactiu"},"cf-packet":{"_":"Paquet: {{ packet }}\n"},"cf-pad":{"_":"Coixinet: {{ pad }}\n"},"cf-sms":{"_":"SMS: {{ sms }}\n"},"cf-status":{"_":"Estat de la desviació de trucades\n"},"cf-sync":{"_":"Síncron: {{ sync }}\n"},"cf-voice":{"_":"Veu: {{ voice }}\n"},"confirm-deletion":{"_":"Voleu esborrar les trucades seleccionades?"},"createNewContact":{"_":"Crea un contacte nou"},"delete":{"_":"Elimina"},"edit-selected":{"_":"{[ plural(n) ]}","_[one]":"{{ n }} seleccionada","_[two]":"{{ n }} seleccionades","_[few]":"{{ n }} seleccionades","_[many]":"{{ n }} seleccionades","_[other]":"{{ n }} seleccionades"},"ignore":{"_":"Ignora la trucada"},"incoming":{"_":"Trucada entrant"},"missed":{"_":"Perdudes"},"missedCall":{"_":"Trucada perduda"},"missedCallMultiSims":{"_":"(SIM {{ n }}) Trucada perduda"},"mmi-error":{"_":"S'ha produït un error en enviar el missatge"},"mmi-session-expired":{"_":"La sessió ha vençut"},"mmi-successfully-sent":{"_":"Missatge enviat correctament"},"no-logs-msg-1":{"_":"Cap trucada enregistrada"},"no-logs-msg-2":{"_":"Inicieu una conversa ara"},"no-logs-msg-3":{"_":"Cap trucada perduda"},"reply":{"_":"Respon"},"switch-calls":{"_":"Commuta trucades"},"withheld-number":{"_":"Número ocult"},"from-contact":{"_":"De {{ contact }}"},"from-number":{"_":"De {{ number }}"},"from-withheld-number":{"_":"D'un número ocult"},"sending":{"_":"S'està enviant…"},"ussd-services":{"_":"Serveis de {{ operator }}"},"type-your-response":{"placeholder":"Escriviu la vostra resposta…"},"clear-all-text":{"_":"Esborra tot el text"},"hide":{"_":"Amaga"},"hold":{"_":"En espera"},"resume":{"_":"Reprèn"},"sendSms":{"_":"Envia un missatge"},"callEnded":{"_":"Trucada finalitzada"},"via-sim":{"_":"amb la SIM{{ n }}"},"sim-number":{"_":"SIM{{ n }}"},"hangup-a11y-button":{"aria-label":"Penja"},"pickup-a11y-button":{"aria-label":"Despenja"},"unlock-a11y-button":{"aria-label":"Lliscador"},"delete-n-log?":{"_":"{[ plural(n) ]}","_[zero]":"No heu seleccionat res","_[one]":"Voleu eliminar el registre seleccionat?","_[two]":"Voleu eliminar {{ n }} registres?","_[few]":"Voleu eliminar {{ n }} registres?","_[many]":"Voleu eliminar {{ n }} registres?","_[other]":"Voleu eliminar {{ n }} registres?"},"callDurationMinutes":{"_":"{{ m }}:{{ s }}"},"callDurationHours":{"_":"{{ h }}:{{ m }}:{{ s}}"},"suggestionMatches":{"_":"{[ plural(n) ]}","_[one]":"{{ n }} coincidència de «{{ matchNumber }}»","_[two]":"{{ n }} coincidències de «{{ matchNumber }}»","_[few]":"{{ n }} coincidències de «{{ matchNumber }}»","_[many]":"{{ n }} coincidències de «{{ matchNumber }}»","_[other]":"{{ n }} coincidències de «{{ matchNumber }}»"},"scCallBarring":{"_":"Restricc. trucades"},"scCallForwarding":{"_":"Desviació trucad."},"scClip":{"_":"ID trucada entr."},"scClir":{"_":"ID trucada sort."},"scPwd":{"_":"Canvi de contrasenya"},"scCallWaiting":{"_":"Trucada en espera"},"scPin":{"_":"Canvi de PIN"},"scPin2":{"_":"Canvi de PIN2"},"scPuk":{"_":"Desbloca el PIN"},"scPuk2":{"_":"Desbloca el PIN2"},"scImei":{"_":"IMEI"},"scUssd":{"_":"USSD"},"serviceClassVoice":{"_":"Veu"},"serviceClassData":{"_":"Dades"},"serviceClassFax":{"_":"FAX"},"serviceClassSms":{"_":"SMS"},"serviceClassDataSync":{"_":"Sínc."},"serviceClassDataAsync":{"_":"Asínc."},"serviceClassPacket":{"_":"Paquet"},"serviceClassPad":{"_":"PAD"},"smServiceEnabled":{"_":"S'ha activat el servei"},"smServiceDisabled":{"_":"S'ha desactivat el servei"},"smServiceRegistered":{"_":"El registre ha estat correcte"},"smServiceErased":{"_":"S'ha esborrat correctament"},"smServiceInterrogated":{"_":"La sol·licitud ha estat correcta"},"smServiceNotProvisioned":{"_":"Servei no proveït"},"smClirPermanent":{"_":"No podeu canviar el paràmetre d'identificació de trucada"},"smClirDefaultOnNextCallOn":{"_":"Per defecte, la identificació de trucada està restringida. Propera trucada: restringida"},"smClirDefaultOnNextCallOff":{"_":"Per defecte, la identificació de trucada està restringida. Propera trucada: no restringida"},"smClirDefaultOffNextCallOn":{"_":"Per defecte, la identificació de trucada no està restringida. Propera trucada: restringida"},"smClirDefaultOffNextCallOff":{"_":"Per defecte, la identificació de trucada no està restringida. Propera trucada: no restringida"},"smServiceEnabledFor":{"_":"S'ha activat el servei per a:"},"smPinChanged":{"_":"PIN canviat correctament"},"smPinUnblocked":{"_":"PIN desbloquejat correctament"},"smPin2Changed":{"_":"PIN2 canviat correctament"},"smPin2Unblocked":{"_":"PIN2 desbloquejat correctament"},"emMmiError":{"_":"Problema de connexió o codi MMI no vàlid"},"emMmiErrorPasswordIncorrect":{"_":"Contrasenya incorrecta"},"emMmiErrorNotSupported":{"_":"Codi MMI no vàlid o no reconegut"},"emMmiErrorInvalidAction":{"_":"Acció no vàlida"},"emMmiErrorInvalidScCode":{"_":"Codi de servei no vàlid"},"emMmiErrorBadPuk":{"_":"El PUK que heu introduït no és correcte"},"emMmiErrorBadPin":{"_":"L'antic PIN que heu introduït no és correcte."},"emMmiErrorNeedPuk2":{"_":"Introduïu el PUK2 per desbloquejar la targeta SIM"},"emMmiErrorMismatchPin":{"_":"Els PIN que heu introduït no coincideixen"},"emMmiErrorInvalidPin":{"_":"Introduïu un PIN de 4 a 8 dígits"},"emMmiErrorNeedsPuk":{"_":"La targeta SIM és bloquejada amb PUK"},"emMmiErrorEnablePin":{"_":"No és correcte. Activa el SIM/RUIM LOCK"},"emMmiErrorMmiFdn":{"_":"L'operació està restringida només a números prefixats"},"emMmiErrorStkCcUssdDial":{"_":"La sol·licitud USSD s'ha modificat a una sol·licitud DIAL"},"emMmiErrorStkCcUssdSs":{"_":"La sol·licitud USSD s'ha modificat a una sol·licitud SS"},"emMmiErrorStkCcUssdUssd":{"_":"La sol·licitud USSD s'ha modificat a una sol·licitud USSD nova"},"emMmiErrorStkCcSsDial":{"_":"La sol·licitud SS s'ha modificat a una sol·licitud DIAL"},"emMmiErrorStkCcSsUssd":{"_":"La sol·licitud SS s'ha modificat a una sol·licitud USSD"},"emMmiErrorStkCcSsSs":{"_":"La sol·licitud SS s'ha modificat a una sol·licitud SS nova"},"emMmiErrorPinPukAttempts":{"_":"{[ plural(n) ]}","_[one]":"Només queda {{ n }} intent","_[two]":"Queden {{ n }} intents","_[few]":"Queden {{ n }} intents","_[many]":"Queden {{ n }} intents","_[other]":"Queden {{ n }} intents"},"emMmiErrorSimBlocked":{"_":"S'ha excedit el màxim d'intents. La SIM s'ha bloquejat"},"RadioNotAvailable":{"_":"Ràdio no disponible"},"GenericFailure":{"_":"Error genèric"},"PasswordIncorrect":{"_":"Contrasenya incorrecta"},"SimPin2":{"_":"PIN2 de la SIM"},"SimPuk2":{"_":"PUK2 de la SIM"},"RequestNotSupported":{"_":"No es reconeix la sol·licitud"},"OpNotAllowedDuringVoiceCall":{"_":"No es permet l'operació durant una trucada"},"SmsSendFailRetry":{"_":"Reintent per error en enviar l'SMS"},"SimAbsent":{"_":"No hi ha cap SIM"},"SubscriptionNotAvailable":{"_":"Subscripció no disponible"},"ModeNotSupported":{"_":"Mode no implementat"},"FdnCheckFailure":{"_":"Error de comprovació de FDN"},"IllegalSimOrMe":{"_":"SIM o ME no vàlids"},"DialModifiedToUssd":{"_":"DIAL s'ha modificat a USSD"},"DialModifiedToSs":{"_":"DIAL s'ha modificat a SS"},"DialModifiedToDial":{"_":"DIAL s'ha modificat a DIAL"},"UssdModifiedToDial":{"_":"USSD s'ha modificat a DIAL"},"UssdModifiedToSs":{"_":"USSD s'ha modificat a SS"},"UssdModifiedToUssd":{"_":"USSD s'ha modificat a USSD"},"SsModifiedToDial":{"_":"SS s'ha modificat a DIAL"},"SsModifiedToUssd":{"_":"SS s'ha modificat a USSD"},"SsModifiedToSs":{"_":"SS s'ha modificat a SS"},"SubscriptionNotSupported":{"_":"No s'admet la subscripció"},"InvalidParameter":{"_":"Paràmetre no vàlid"},"RejectedByRemote":{"_":"Rebutjat pel remot"},"group-call":{"_":"{[ plural(n) ]}","_[one]":"Trucada de grup ({{ n }})","_[two]":"Trucada de grup ({{ n }})","_[few]":"Trucada de grup ({{ n }})","_[many]":"Trucada de grup ({{ n }})","_[other]":"Trucada de grup ({{ n }})"},"caller-left-call":{"_":"{{ caller }} ha penjat."},"conferenceAddError":{"_":"No es poden combinar les trucades"},"conferenceRemoveError":{"_":"No es poden separar les trucades"},"longDateFormat":{"_":"%A %e %Eb"},"select-audio-sources":{"_":"Tria fonts d'àudio"},"bluetooth-handsfree-device":{"_":"Dispositiu Bluetooth mans lliures"},"receiver":{"_":"Receptor"},"speaker":{"_":"Altaveu"},"sim-picker-dial-via-with-number":{"_":"Marca {{ phoneNumber }} amb"},"sim-picker-select-sim":{"_":"Trieu la SIM"},"sim-picker-button":{"_":"SIM{{ n }}"},"sim-picker-button-default":{"_":"(per defecte)"},"waitDuplicateContacts":{"_":"S'estan cercant contactes duplicats"},"waitMergingDuplicateContacts":{"_":"S'estan fusionant contactes duplicats"},"alertNoDuplicateContacts":{"_":"No s'han trobat contactes duplicats"},"merge":{"_":"Fusiona"},"mergeDuplicateTitle":{"_":"Fusiona duplicats"},"suggestedDuplicateContacts":{"_":"Contactes duplicats suggerits per a {{name}}"},"mergeActionButtonLabel":{"_":"{[ plural(n) ]}","_[zero]":"No s'ha seleccionat cap contacte","_[one]":"Fusiona amb {{n}} contacte","_[other]":"Fusiona amb {{n}} contactes"},"duplicatesFoundTitle":{"_":"S'han trobat duplicats"},"duplicatesFoundMessage":{"_":"{{name}} duplica informació en els següents contactes"}}