{"brandShortName":{"_":"B2G OS"},"browserBrandShortName":{"_":"Webový prohlížeč"},"browserBrandFullName":{"_":"Webový prohlížeč Mozilla"},"callAirplaneModeMessage":{"_":"Chcete-li volat, musíte v nastavení zakázat režim V letadle."},"callAirplaneModeBtnOk":{"_":"OK"},"callAirplaneModeTitle":{"_":"Režim V letadle je aktivován"},"numberIsBusyTitle":{"_":"Číslo je zaneprázdněno"},"numberIsBusyMessage":{"_":"Číslo je aktuálně zaneprázdněno. Zkuste to prosím znovu později."},"fdnIsEnabledTitle":{"_":"FDN aktivní"},"fdnIsEnabledMessage":{"_":"Toto číslo je blokováno. Není na vašem seznamu autorizovaných čísel."},"voiceMail":{"_":"Hlasová schránka"},"emergencyNumber":{"_":"Tísňové volání"},"emergencyDialogBodyBadNumber":{"_":"Chcete-li volat, musí být telefon připojen k síti."},"emergencyDialogBodyDeviceNotAccepted":{"_":"Tísňová volání nejsou sítí povolena."},"emergencyDialogBtnOk":{"_":"OK"},"emergencyDialogTitle":{"_":"Žádné síťové připojení"},"invalidNumberToDialTitle":{"_":"Neplatné telefonní číslo"},"invalidNumberToDialMessage":{"_":"Telefonní číslo, které vytáčíte, je neplatné."},"unableToCallTitle":{"_":"V současné době nelze uskutečnit telefonní hovor."},"unableToCallMessage":{"_":"Nelze uskutečnit telefonní hovor. Pokud již vytáčíte, zavěste prosím."},"otherConnectionInUseTitle":{"_":"Právě se používá jiné spojení"},"otherConnectionInUseMessage":{"_":"Právě probíhá hovor v dalším vašem spojení. Současně je možné využívat pouze jedno spojení."},"add":{"_":"Přidat"},"back":{"_":"Zpět"},"call":{"_":"Hovor"},"edit":{"_":"Upravit"},"cancel":{"_":"Zrušit"},"done":{"_":"Hotovo"},"ok":{"_":"OK"},"update":{"_":"Aktualizace"},"retry":{"_":"Opakovat"},"contacts":{"_":"Kontakty"},"addContact":{"_":"Přidat kontakt"},"deleteContact":{"_":"Smazat kontakt"},"selectContact":{"_":"Zvolit kontakt"},"selectAll":{"_":"Vybrat vše"},"deselectAll":{"_":"Zrušit výběr"},"editContact":{"_":"Úprava"},"deleteConfirmMsg":{"_":"Smazat kontakt?"},"remove":{"_":"Odebrat"},"comments":{"_":"Komentáře"},"no_contact_phones":{"_":"Tento kontakt neobsahuje telefonní číslo"},"no_contact_email":{"_":"Tento kontakt neobsahuje e-mailovou adresu"},"removePhotoConfirm":{"_":"Odebrat obrázek kontaktu?"},"loadingContacts":{"_":"Načítání kontaktů…"},"noContactsActivity":{"_":"Nelze přidat k žádnému kontaktu, protože váš seznam kontaktů je prázdný"},"noName":{"_":"Žádné jméno"},"givenName":{"placeholder":"Jméno"},"familyName":{"placeholder":"Příjmení"},"tel":{"placeholder":"Telefon"},"carrier":{"_":"Operátor","placeholder":"Operátor"},"separator":{"_":","},"email":{"_":"E-mail","placeholder":"E-mail"},"streetAddress":{"placeholder":"Ulice"},"postalCode":{"placeholder":"PSČ"},"locality":{"placeholder":"Město"},"countryName":{"placeholder":"Země"},"comment":{"placeholder":"Komentář"},"org":{"placeholder":"Firma"},"custom":{"placeholder":"Vlastní","_":"Vlastní značka"},"date":{"_":"Datum","placeholder":"Datum"},"birthday":{"_":"Narozeniny"},"dateFormat":{"_":"%e. %Eb"},"dateOutput":{"_":"{{dayMonthFormatted}} {{year}}"},"anniversary":{"_":"Výročí"},"addPhoto":{"_":"Přidat fotografii"},"addPhone":{"_":"Přidat telefon"},"addEmail":{"_":"Přidat e-mail"},"addAddress":{"_":"Přidat adresu"},"addDate":{"_":"Přidat datum"},"addComment":{"_":"Přidat komentář"},"addFavorite":{"_":"Nastavit jako oblíbený"},"removeFavorite":{"_":"Odebrat z oblíbených"},"label":{"_":"Označení"},"mobile":{"_":"Mobil"},"home":{"_":"Domů"},"work":{"_":"Práce"},"personal":{"_":"Osobní"},"faxHome":{"_":"Fax domů"},"faxOffice":{"_":"Fax kancelář"},"faxOther":{"_":"Fax ostatní"},"another":{"_":"Další"},"other":{"_":"Jiné"},"current":{"_":"Current"},"itemWithLabel":{"_":"{{label}}, {{item}}"},"exit":{"_":"Ukončit"},"expand":{"_":"Rozbalit"},"labelName":{"_":"Jméno:"},"labelLastName":{"_":"Příjmení:"},"labelPhoneNumber":{"_":"Telefonní číslo:"},"labelCarrier":{"_":"Operátor:"},"labelEmail":{"_":"E-mail:"},"labelStreet":{"_":"Ulice:"},"labelZip":{"_":"PSČ:"},"labelCity":{"_":"Město:"},"labelCountry":{"_":"Země:"},"labelComment":{"_":"Komentář:"},"legendTitleMain":{"_":"Hlavní informace"},"legendPhones":{"_":"Telefonní čísla"},"legendEmail":{"_":"E-mailové adresy"},"legendAddress":{"_":"Adresy"},"settings":{"_":"Nastavení"},"search-contact":{"placeholder":"Hledat"},"noResults":{"_":"Nebyl nalezen žádný kontakt"},"transferContactsTitle":{"_":"Přenos kontaktů"},"importContactsTitle":{"_":"Import kontaktů"},"importContactsButton":{"_":"Import kontaktů"},"exportContactsTitle":{"_":"Export kontaktů"},"exportContactsButton":{"_":"Export kontaktů"},"exportContactsAction":{"_":"Export"},"simExport-title":{"_":"Export na SIM kartu"},"sdExport-title":{"_":"Export na SD kartu"},"btExport-title":{"_":"Export skrze Bluetooth"},"sdUMSEnabled":{"_":"Nelze použít SD kartu, protože je povoleno USB storage "},"exportErrorTitle":{"_":"Chyba při exportu"},"contactsExported2":{"_":"{[ plural(exported) ]}","_[zero]":"Nebyly exportovány žádné kontakty","_[one]":"{{exported}}/{{total}} kontakt exportován","_[two]":"{{exported}}/{{total}} kontakty exportovány","_[few]":"{{exported}}/{{total}} kontakty exportovány","_[many]":"{{exported}}/{{total}} kontaktů exportováno","_[other]":"{{exported}}/{{total}} kontaktů exportováno"},"exportError-general":{"_":"Při exportu nastala neurčená chyba"},"exportError-SD-shared":{"_":"Nelze přistupovat k paměťové kartě, protože je sdílená   "},"exportError-SD-unavailable":{"_":"Paměťová karta je nedostupná "},"exportError-SD-noSpace":{"_":"Pro export kontaktů není dostatek volného místa na paměťové kartě "},"exportError-SIM-unavailable":{"_":"Karta SIM není dostupná "},"exportError-BT-shared":{"_":"Nelze přistupovat k paměťové kartě, protože je sdílená   "},"exportError-BT-unavailable":{"_":"Paměťová karta je nedostupná "},"exportError-BT-noSpace":{"_":"Pro export kontaktů není dostatek volného místa na paměťové kartě "},"simContacts-import":{"_":"Import kontaktů ze SIM"},"simContacts-importing":{"_":"Probíhá import kontaktů ze SIM…"},"simContacts-reading":{"_":"Probíhá čtení z karty SIM…"},"simContacts-error":{"_":"Kontakty se ze SIM nepodařilo naimportovat"},"simContacts-imported3":{"_":"{[ plural(n) ]}","_[zero]":"Na SIM nebyly nalezeny žádné kontakty pro import","_[one]":"Naimportován jeden kontakt","_[two]":"Naimportovány {{n}} kontakty","_[few]":"Naimportovány {{n}} kontakty","_[many]":"Naimportováno {{n}} kontaktů","_[other]":"Naimportováno {{n}} kontaktů"},"noSimMsg":{"_":"Pro import kontaktů vložte či odblokujte kartu SIM"},"noSimMsgExport":{"_":"Pro export kontaktů vložte či odblokujte kartu SIM"},"simNumber":{"_":"SIM {{number}}"},"memoryCardContacts-import":{"_":"Import kontaktů z paměťové karty"},"memoryCardContacts-importing":{"_":"Probíhá import kontaktů z paměťové karty..."},"memoryCardContacts-reading":{"_":"Probíhá čtení z paměťové karty..."},"memoryCardContacts-error":{"_":"Kontakty se z paměťové karty nepodařilo naimportovat"},"memoryCardContacts-imported3":{"_":"{[ plural(n) ]}","_[zero]":"Na paměťové kartě nebyly nalezeny žádné kontakty","_[one]":"Naimportován jeden kontakt","_[two]":"Naimportovány {{n}} kontakty","_[few]":"Naimportovány {{n}} kontakty","_[many]":"Naimportováno {{n}} kontaktů","_[other]":"Naimportováno {{n}} kontaktů"},"noMemoryCardMsg":{"_":"Pro import kontaktů vložte paměťovou kartu"},"noMemoryCardMsgExport":{"_":"Pro export kontaktů vložte paměťovou kartu"},"genericProgress":{"_":"{{current}}/{{total}}"},"social-network":{"_":"Sociální sítě"},"social-link":{"_":"Propojit kontakt"},"social-unlink":{"_":"Odpojit kontakt"},"social-unlink-confirm-title":{"_":"Chcete vašeho přítele odpojit?"},"social-unlink-confirm-accept":{"_":"Odpojit"},"facebook-import":{"_":"Importovat přátele z Facebooku"},"show-fb-profile":{"_":"Zobrazit profil na Facebooku"},"msg-send":{"_":"Zpráva"},"wall-post":{"_":"Příspěvek na zdi"},"facebook":{"_":"Facebook"},"facebook-import-msg":{"_":"{[ plural(imported) ]}","_[zero]":"Přátelé nenaimportováni (z {{total}})","_[one]":"Byl naimportován jeden přítel (z {{total}})","_[two]":"Naimportováno {{imported}}/{{total}} přátel","_[few]":"Naimportováno {{imported}}/{{total}} přátel","_[many]":"Naimportováno {{imported}}/{{total}} přátel","_[other]":"Naimportováno {{imported}}/{{total}} přátel"},"otherAccount":{"_":"Další účty"},"facebookSwitchMsg":{"_":"Synchronizace přátel"},"select_mobile":{"_":"Volba telefonu"},"select_email":{"_":"Volba e-mailu"},"contactsOrderBy":{"_":"Seřadit dle příjmení"},"importSim2":{"_":"SIM karta"},"importMemoryCard":{"_":"Paměťová karta"},"importGmail":{"_":"Gmail"},"bluetooth":{"_":"Bluetooth"},"importOutlook":{"_":"Outlook"},"fbUpdateFriends":{"_":"Aktualizace přátel"},"cleaningFbData":{"_":"Odebrání dat z Facebooku"},"loggingOutFb":{"_":"Odhlášení z Facebooku"},"cleanFbConfirmMsg":{"_":"Odebrat všechna data z Facebooku?"},"renewPwdMsg":{"_":"Vaše heslo na Facebooku se změnilo. Aktualizujte jej prosím. "},"noConnection11":{"_":"Pro import vašich přátel z Facebooku se připojte k Wi-Fi či datové síti"},"notEnabledYet":{"_":"Dosud nepovoleno"},"genericNoConnection":{"_":"Pro import kontaktů se připojte k Wi-Fi či datové síti"},"simCard":{"_":"SIM karta"},"memoryCard":{"_":"Paměťová karta"},"create-new":{"_":"Vytvoření nového kontaktu"},"import-now":{"_":"Import kontaktů z karty SIM či Facebooku "},"no-contacts":{"_":"Žádné kontakty"},"start-adding":{"_":"Začněte s jejich přidáváním"},"notImported":{"_":"Neimportovány"},"imported":{"_":"Naimportovány"},"today":{"_":"Dnes"},"yesterday":{"_":"Včera"},"messageCanceling":{"_":"Vydržte prosím. Probírá rušení existující operace. "},"organise-contacts":{"_":"Správa kontaktů"},"find-merge-contacts":{"_":"Hledat duplicitní kontakty"},"preparing-contacts":{"_":"Příprava kontaktů"},"exportError-SIM-NoFreeRecordFound":{"_":"Karta SIM je plná"},"exportError-SIM-CannotAccessPhoneBook":{"_":"Nezdařil se přístup ke kontaktům na kartě SIM"},"exportError-SIM-Unavailable":{"_":"Žádná karta SIM"},"exportError-SIM-GenericError":{"_":"Při exportu kontaktu nastala chyba"},"pincode2":{"_":"Vložte PIN kód"},"type_pin":{"_":"Zadejte svůj kód PIN"},"pincodeLabel":{"_":"PIN karty SIM {{n}}"},"pinValidation":{"_":"PIN musí být mezi 4 až 8 znaky."},"pinError":{"_":"PIN je neplatný."},"pinAttemptMsg2":{"_":"{[ plural(n) ]}","_[one]":"Poslední pokus.","_[two]":"Zbývají {{n}} pokusy.","_[few]":"Zbývají {{n}} pokusy.","_[many]":"Zbývá {{n}} pokusů.","_[other]":"Zbývá {{n}} pokusů."},"pinLastChanceMsg":{"_":"Poslední pokus pro vložení platného PIN kódu. Jinak budete muset pro odblokování SIM karty vložit PUK kód."},"pukcode":{"_":"Vložte PUK kód"},"pukcodeTitle":{"_":"Vložení PUK SIM {{n}}"},"pukcodeLabel":{"_":"PUK karty SIM {{n}}"},"type_puk":{"_":"PUK kód"},"pukValidation":{"_":"PUK kód musí mít přesně 8 znaků."},"pukInfo":{"_":"Musíte vložit Personal Unlocking Key (PUK) pro kartu SIM. Pro více informací se podívejte do dokumentace ke své kartě SIM či kontaktujte svého operátora."},"pukError":{"_":"Neplatný PUK"},"pukAttemptMsg2":{"_":"{[ plural(n) ]}","_[one]":"Máte jeden pokus pro vložení správného kódu dříve, než bude vaše SIM karta trvale nepoužitelná. Nahlédněte do dokumentace ke své SIM kartě nebo pro více informací kontaktujte operátora.","_[two]":"Máte {{n}} pokusy pro vložení správného kódu dříve, než bude vaše SIM karta trvale nepoužitelná. Nahlédněte do dokumentace ke své SIM kartě nebo pro více informací kontaktujte operátora.","_[few]":"Máte {{n}} pokusy pro vložení správného kódu dříve, než bude vaše SIM karta trvale nepoužitelná. Nahlédněte do dokumentace ke své SIM kartě nebo pro více informací kontaktujte operátora.","_[many]":"Máte {{n}} pokusů pro vložení správného kódu dříve, než bude vaše SIM karta trvale nepoužitelná. Nahlédněte do dokumentace ke své SIM kartě nebo pro více informací kontaktujte operátora.","_[other]":"Máte {{n}} pokusů pro vložení správného kódu dříve, než bude vaše SIM karta trvale nepoužitelná. Nahlédněte do dokumentace ke své SIM kartě nebo pro více informací kontaktujte operátora."},"pukLastChanceMsg":{"_":"Toto je vaše poslední šance pro vložení správného PUK kódu. Pokud vložíte špatný kód PUK, bude vaše SIM karta trvale nepoužitelná."},"create_newpin":{"_":"Vytvořit nový PIN (4 až 8 číslic)"},"confirm_newpin":{"_":"Potvrďte nový PIN"},"newpinConfirmation":{"_":"PINy neodpovídají"},"nckcode":{"_":"Vložte NCK kód"},"cckcode":{"_":"Vložte CCK kód"},"spckcode":{"_":"Vložte SPCK kód"},"nckcodeTitle":{"_":"Vložte SIM {{n}} NCK"},"cckcodeTitle":{"_":"Vložte SIM {{n}} CCK"},"spckcodeTitle":{"_":"Vložte SIM {{n}} SPCK"},"nckcodeLabel":{"_":"SIM {{n}} NCK"},"cckcodeLabel":{"_":"SIM {{n}} CCK"},"spckcodeLabel":{"_":"SIM {{n}} SPCK"},"type_nck":{"_":"Zadejte svůj NCK kód"},"type_cck":{"_":"Zadejte svůj CCK kód"},"type_spck":{"_":"Zadejte svůj SPCK kód"},"nckValidation":{"_":"NCK musí mít mezi 8 až 15 znaky."},"cckValidation":{"_":"CCK musí mít mezi 8 až 15 znaky."},"spckValidation":{"_":"musí mít mezi 8 až 15 znaky"},"nckErrorMsg":{"_":"NCK kód je neplatný"},"nckAttemptMsg2":{"_":"{[ plural(n) ]}","_[one]":"Požadavek na změnu sítě selhal. Máte ještě jeden pokus o vložení správného kódu. Nahlédněte do dokumentace ke své SIM kartě nebo pro více informací kontaktujte operátora.","_[two]":"Požadavek na změnu sítě selhal. Máte ještě {{n}} pokusy o vložení správného kódu. Nahlédněte do dokumentace ke své SIM kartě nebo pro více informací kontaktujte operátora.","_[few]":"Požadavek na změnu sítě selhal. Máte ještě {{n}} pokusy o vložení správného kódu. Nahlédněte do dokumentace ke své SIM kartě nebo pro více informací kontaktujte operátora.","_[many]":"Požadavek na změnu sítě selhal. Máte ještě {{n}} pokusů o vložení správného kódu. Nahlédněte do dokumentace ke své SIM kartě nebo pro více informací kontaktujte operátora.","_[other]":"Požadavek na změnu sítě selhal. Máte ještě {{n}} pokusů o vložení správného kódu. Nahlédněte do dokumentace ke své SIM kartě nebo pro více informací kontaktujte operátora."},"nckLastChanceMsg":{"_":"Požadavek na změnu sítě selhal. Poslední změna pro vložení správného NCK kódu. Nahlédněte do dokumentace ke své SIM kartě nebo pro více informací kontaktujte operátora.  "},"skip":{"_":"Přeskočit"},"send":{"_":"Odeslat"},"simLocked":{"_":"SIM karta je zablokována"},"inputCodeRetriesLeft":{"_":"{[ plural(n) ]}","_[one]":"poslední pokus.","_[two]":"Zbývají {{n}} pokusy.","_[few]":"Zbývají {{n}} pokusy.","_[many]":"Zbývá {{n}} pokusů.","_[other]":"Zbývá {{n}} pokusů."},"simManager":{"_":"Správce SIM"},"simDetail":{"_":"SIM {{n}}"},"simDefault":{"_":"(předvolená)"},"simDefaultMessage":{"_":"Odchozí volání, odchozí zprávy a datové připojení je ve výchozím nastavení přiřazeno k SIM 1"},"simSettingsMessage":{"_":"Výchozí nastavení můžete změnit v Nastavení > Správce SIM"},"simPinLocked":{"_":"SIM je zamčená pomocí kódu PIN"},"noOperator":{"_":"Žádný operátor"},"language":{"_":"Jazyk"},"english":{"_":"Angličtina"},"dvorak":{"_":"Angličtina (Dvořák)"},"spanish":{"_":"Španělština"},"portuguese":{"_":"Brazilská portugalština"},"french":{"_":"Francouzština"},"italian":{"_":"Italština"},"arabic":{"_":"Arabština"},"greek":{"_":"Řečtina"},"hebrew":{"_":"Hebrejština"},"jp-kanji":{"_":"Japonština"},"jp-kanji-desc":{"_":"Kandži"},"traditionalChinese":{"_":"Tradiční čínština"},"traditionalChinese-desc":{"_":"Ču-jin fu-chao"},"simplifiedChinese":{"_":"Zjednodušená čínština"},"simplifiedChinese-desc":{"_":"Pchin-jin"},"3g":{"_":"Mobilní data"},"dataConnection":{"_":"Povolení dat"},"dataConnectionInfo":{"_":"Povolení datových přenosů vám umožní nastavit telefon bez Wi-Fi připojení. Můžete je také zapnout později v Nastavení. Ujistěte se u svého operátora, že máte tarif vhodný k přenosu dat a vyhněte se tak případným vysokým poplatkům."},"caution":{"_":"Upozornění"},"geolocation":{"_":"Geolokace"},"geolocationCheckbox":{"_":"Povolení geolokace"},"geolocationInfo2":{"_":"{{brandShortName}} používá data z GPS, WiFi a mobilních sítí okolo vás pro určení vaší přibližné polohy."},"geolocationInfoMore":{"_":"Data jsou posílána Mozille a dalším poskytovatelům služby a budou použita pro vylepšení databáze umístění. Data mohou být uložena na vašem zařízení a sběr dat může probíhat i tehdy, když nejsou spuštěny žádné aplikace. "},"notice":{"_":"Omezení"},"aboutYourPrivacy":{"_":"Více o vašem soukromí"},"wifi":{"_":"Wi-Fi"},"scanningNetworks":{"_":"Hledání sítí"},"selectNetwork":{"_":"Volba sítě"},"shortStatus-connecting":{"_":"Připojování…"},"shortStatus-associated":{"_":"Získávání IP adresy…"},"shortStatus-connected":{"_":"Připojeno"},"shortStatus-connectingfailed":{"_":"Připojení se nezdařilo"},"shortStatus-disconnected":{"_":"Offline"},"securedBy":{"_":"zabezpečeno pomocí {{capabilities}}"},"security":{"_":"Zabezpečení"},"securityNone":{"_":"Žádné"},"securityWEP":{"_":"WEP"},"securityWPA-PSK":{"_":"WPA-PSK"},"securityWPA-EAP":{"_":"WPA-EAP"},"securityOpen":{"_":"Nezabezpečená"},"identity":{"_":"Uživatel"},"identityInput":{"placeholder":"Uživatel"},"password":{"_":"Heslo"},"passwordInput":{"placeholder":"Heslo"},"showPassword":{"_":"Zobrazit heslo"},"refresh":{"_":"Obnovit"},"noWifiFound3":{"_":"Nepodařilo se nalézt žádnou bezdrátovou síť"},"join-hidden-button":{"_":"Připojit ke skryté síti"},"authentication":{"_":"Autentizace"},"ssid-name":{"_":"Název sítě SSID"},"dateAndTime":{"_":"Datum a čas"},"setTimeAutomatically":{"_":"Nastavit automaticky"},"timezoneMessage":{"_":"Časová zóna"},"timezoneTitle":{"_":"UTC{{utcOffset}} {{region}}/{{city}}"},"dateMessage":{"_":"Datum"},"timeMessage":{"_":"Čas"},"timeZone":{"_":"Časová zóna"},"change":{"_":"Upravit"},"importContacts3":{"_":"Import kontaktů"},"importFb2":{"_":"Facebook"},"fb-checking":{"_":"… probíhá ověřování"},"notImportedYet":{"_":"Nebylo nic vloženo"},"afterFbImport":{"_":"Vaše přátele z Facebooku můžete kdykoliv převést a upravit v nastavení kontaktů."},"about-your-rights-0":{"_":"{{brandShortName}} je svobodný software s otevřeným zdrojovým kódem, který je vytvářen tisíci dobrovolníky z celého světa. Je zde ale několik věcí, které byste měli vědět:"},"about-your-rights-1":{"_":"{{brandShortName}} je dostupná za podmínek stanovených v Mozilla Public License a dalších svobodných licencích. Zařízení používající {{brandShortName}} může také obsahovat chráněný software třetích stran. Svobodné licence vám umožňuje software pozměňovat a šířit vámi pozměněné verze za podmínek stanovených v konkrétním licenčním ujednání."},"about-your-rights-2":{"_":"Nejsou vám však podstoupena žádná práva ani licence k ochranným známkám Mozilla Foundation, či třetích stran, a to zejména k logu a jménu {{brandShortName}}."},"about-your-rights-3":{"_":"Některé funkce {{brandShortName}}, jako např. Hlášení pádů, vám umožní odeslat zpětnou vazbu organizaci Mozilla. Odesláním zpětné vazby, poskytujete organizaci Mozilla povolení k užití zpětné vazbu pro vylepšení svých produktů, publikaci zpětně vazby na svých stránkách a distribuci zpětné vazby."},"about-other":{"_":"Další"},"SIM_mandatory":{"_":"Upozornění karty SIM"},"SIM_mandatory_warm":{"_":"Vložte prosím kartu SIM a restartujte svůj telefon."},"sharing-performance-data":{"_":"Sdílení dat o výkonu"},"telemetry-sends":{"_":"Vzdálené měření zasílá organizaci Mozilla data o výkonu, hardware, konfiguraci a nastavení vašeho zařízení s {{brandShortName}}. Pomůže nám to ke zvýšení rychlosti, výkonu a uživatelského komfortu příslušné aplikace."},"learn-more-at":{"_":"Dozvědět se více"},"external-telemetry":{"title":"Vzdálené měření"},"learn-about-information":{"_":"Zjistěte, jak v Mozille zacházíme s vašimi informacemi"},"external-privacy":{"title":"Soukromí"},"welcomeBrowser":{"_":"Vítejte ve {{brandShortName}}, svobodném operačním systému s otevřeným zdrojovým kódem od společnosti Mozilla. Přinášíme vám otevřenost, inovace a příležitosti webových technologií až do vašich rukou."},"learnHow":{"_":"Informace o tom, jak Mozilla zachází s vašimi informacemi, se dozvíte v "},"privacyPolicy":{"_":"Zásady ochrany soukromí","title":"Zásady ochrany soukromí"},"aboutBrowser":{"_":"O {{brandShortName}}"},"aboutYourPrivacy2":{"_":"Vaše soukromí"},"mozillaCommunity2":{"_":"Používáním {{brandShortName}} se stáváte členem světové komunity uživatelů usilujících o lepší budoucnost webu. Pokud se chcete dozvědět více o nás, našich dalších produktech a akcích ve vašem okolí, zadejte vaši e-mailovou adresu."},"collaborate":{"_":"Chci pomoci zlepšit {{brandShortName}} pomocí sdílení dat o svém telefonu."},"learnMore":{"_":"Dozvědět se více."},"emailAddress":{"placeholder":"E-mailová adresa"},"email-successfully-added":{"_":"E-mail úspěšně přidán"},"email-loading":{"_":"Probíhá ukládání vašeho e-mailu…"},"browserPrivacyChoices":{"_":"Ochrana soukromí {{brandShortName}}"},"privacy-b2g":{"_":"{{brandShortName}}","title":"{{brandShortName}}"},"privacy-marketplace":{"_":"Tržiště","title":"{{privacy-marketplace}}"},"privacy-e-me":{"_":"everything.me","title":"{{privacy-e-me}}"},"navbar-back":{"_":"Zpět"},"navbar-next":{"_":"Další"},"navbar-join":{"_":"Spojit"},"thatsIt":{"_":"Hotovo!"},"startYourPhone":{"_":"Průvodce vaším telefonem!"},"startYourTablet":{"_":"Průvodce vaším tabletem!"},"joinTutorial":{"_":"Krátké seznámení s vašim novým telefonem."},"enjoyYourPhone":{"_":"Jste připraven(a) užít si svůj nový telefon."},"optionsAvailable":{"_":"Jazyk, datum/čas a Wi-Fi připojení lze změnit v nastavení."},"letsGo":{"_":"Začít"},"startTour":{"_":"Spustit prohlídku"},"thatsIt1Tablet-2":{"_":"Na domovskou stránku se vždy dostanete přejetím prstem směrem od spodního okraje obrazovky. "},"thatsIt2Tablet-2":{"_":"Pojďme na to!"},"tutorial-step1-tiny":{"_":"Pro prohlídku svých aplikací přejíždějte prstem zprava doleva."},"tutorial-step2-tiny":{"_":"Přidržte ikonku prstem, pokud ji chcete smazat nebo přesunout."},"tutorial-step3-tiny":{"_":"Vložte libovolné klíčové slovo nebo téma a váš telefon se vám přizpůsobí. "},"tutorial-step4-tiny":{"_":"Přejeďte dolů a získejte přístup k posledním upozorněním, informaci o kreditu a nastavení."},"tutorial-step5-tiny":{"_":"Přidržte tlačítko Domů k prohlížení a uzavření běžících aplikací."},"tutorial-step6-tiny":{"_":"Přejížděním prstem od kraje obrazovky se přesouváte mezi naposledy použitými aplikacemi. "},"tutorial-step1-large-2":{"_":"Přejetím prstem seshora dolů přistupujte k nejnovějším upozorněním, informacím o kreditu a nastavením."},"tutorial-step2-large-2":{"_":"Přejetím prstem zleva nebo doprava objevujte nové aplikace na domovské obrazovce. "},"tutorial-step3-large-2":{"_":"Pro smazání aplikace či její přesunutí na ni klepněte prstem a přidržte."},"tutorial-step4-large-2":{"_":"Přejetím dvěma prste směrem od dolního okraje obrazovky vyvoláte seznam panelů. "},"offline-dialog-title":{"_":"K prohlížení této stránky musíte být připojeni k internetu."},"offline-dialog-text":{"_":"Běžte prosím zpět a připojte se k internetu. Tuto stránku si také můžete prohlédnout z nastavení nebo pokud zadáte {{url}} do prohlížeče."},"OK":{"_":"OK"},"offline-newsletter-dialog-title":{"_":"K přihlášení se k odběru novinek musíte být připojeni k internetu."},"offline-newsletter-dialog-text":{"_":"Běžte prosím zpět a připojte se k internetu."},"invalid-email-dialog-title":{"_":"Váš e-mail není platný"},"invalid-email-dialog-text":{"_":"Běžte prosím zpět a opravte jej."},"weekday-0-long":{"_":"Neděle"},"weekday-1-long":{"_":"Pondělí"},"weekday-2-long":{"_":"Úterý"},"weekday-3-long":{"_":"Středa"},"weekday-4-long":{"_":"Čtvrtek"},"weekday-5-long":{"_":"Pátek"},"weekday-6-long":{"_":"Sobota"},"weekday-0-short":{"_":"Ne"},"weekday-1-short":{"_":"Po"},"weekday-2-short":{"_":"Út"},"weekday-3-short":{"_":"St"},"weekday-4-short":{"_":"Čt"},"weekday-5-short":{"_":"Pá"},"weekday-6-short":{"_":"So"},"month-0-long":{"_":"Leden"},"month-1-long":{"_":"Únor"},"month-2-long":{"_":"Březen"},"month-3-long":{"_":"Duben"},"month-4-long":{"_":"Květen"},"month-5-long":{"_":"Červen"},"month-6-long":{"_":"Červenec"},"month-7-long":{"_":"Srpen"},"month-8-long":{"_":"Září"},"month-9-long":{"_":"Říjen"},"month-10-long":{"_":"Listopad"},"month-11-long":{"_":"Prosinec"},"month-0-genitive":{"_":"Leden"},"month-1-genitive":{"_":"Únor"},"month-2-genitive":{"_":"Březen"},"month-3-genitive":{"_":"Duben"},"month-4-genitive":{"_":"Květen"},"month-5-genitive":{"_":"Červen"},"month-6-genitive":{"_":"Červenec"},"month-7-genitive":{"_":"Srpen"},"month-8-genitive":{"_":"Září"},"month-9-genitive":{"_":"Říjen"},"month-10-genitive":{"_":"Listopad"},"month-11-genitive":{"_":"Prosinec"},"month-0-short":{"_":"leden"},"month-1-short":{"_":"únor"},"month-2-short":{"_":"březen"},"month-3-short":{"_":"duben"},"month-4-short":{"_":"květen"},"month-5-short":{"_":"červen"},"month-6-short":{"_":"červenec"},"month-7-short":{"_":"srpen"},"month-8-short":{"_":"září"},"month-9-short":{"_":"říjen"},"month-10-short":{"_":"listopad"},"month-11-short":{"_":"prosinec"},"minutes-ago-long":{"_":"{[ plural(value) ]}","_[zero]":"právě teď","_[one]":"před minutou","_[two]":"před 2 minutami","_[few]":"před {{value}} minutami","_[many]":"před {{value}} minutami","_[other]":"před {{value}} minutami"},"hours-ago-long":{"_":"{[ plural(value) ]}","_[zero]":"právě teď","_[one]":"před hodinou","_[two]":"před 2 hodinami","_[few]":"před {{value}} hodinami","_[many]":"před {{value}} hodinami","_[other]":"před {{value}} hodinami"},"days-ago-long":{"_":"{[ plural(value) ]}","_[zero]":"dnes","_[one]":"včera","_[two]":"předevčírem","_[few]":"před {{value}} dny","_[many]":"před {{value}} dny","_[other]":"před {{value}} dny"},"weeks-ago-long":{"_":"{[ plural(value) ]}","_[zero]":"tento týden","_[one]":"minutý týden","_[two]":"před {{value}} týdny","_[few]":"před {{value}} týdny","_[many]":"před {{value}} týdny","_[other]":"před {{value}} týdny"},"months-ago-long":{"_":"{[ plural(value) ]}","_[zero]":"tento měsíc","_[one]":"minulý měsíc","_[two]":"před {{value}} měsíci","_[few]":"před {{value}} měsíci","_[many]":"před {{value}} měsíci","_[other]":"před {{value}} měsíci"},"years-ago-long":{"_":"{[ plural(value) ]}","_[zero]":"tento rok","_[one]":"minulý rok","_[two]":"před {{value}} roky","_[few]":"před {{value}} roky","_[many]":"před {{value}} roky","_[other]":"před {{value}} roky"},"minutes-until-long":{"_":"{[ plural(value) ]}","_[zero]":"nyní","_[one]":"za minutu","_[two]":"za 2 minuty","_[few]":"za {{value}} minuty","_[many]":"za {{value}} minut","_[other]":"za {{value}} minut"},"hours-until-long":{"_":"{[ plural(value) ]}","_[zero]":"nyní","_[one]":"za hodinu","_[two]":"za 2 hodiny","_[few]":"za {{value}} hodiny","_[many]":"za {{value}} hodin","_[other]":"za {{value}} hodin"},"days-until-long":{"_":"{[ plural(value) ]}","_[zero]":"dnes","_[one]":"zítra","_[two]":"pozítří","_[few]":"za {{value}} dny","_[many]":"za {{value}} dnů","_[other]":"za {{value}} dnů"},"weeks-until-long":{"_":"{[ plural(value) ]}","_[zero]":"tento týden","_[one]":"příští týden","_[two]":"za {{value}} týdny","_[few]":"za {{value}} týdny","_[many]":"za {{value}} týdnů","_[other]":"za {{value}} týdnů"},"months-until-long":{"_":"{[ plural(value) ]}","_[zero]":"tento měsíc","_[one]":"příští měsíc","_[two]":"za {{value}} měsíce","_[few]":"za {{value}} měsíce","_[many]":"za {{value}} měsíců","_[other]":"za {{value}} měsíců"},"years-until-long":{"_":"{[ plural(value) ]}","_[zero]":"tento rok","_[one]":"příští rok","_[two]":"za {{value}} roky","_[few]":"za {{value}} roky","_[many]":"za {{value}} roků","_[other]":"za {{value}} roků"},"minutes-ago-short":{"_":"{[ plural(value) ]}","_[zero]":"právě teď","_[other]":"před {{value}} min"},"hours-ago-short":{"_":"{[ plural(value) ]}","_[zero]":"právě teď","_[other]":"před {{value}} hod"},"days-ago-short":{"_":"{[ plural(value) ]}","_[zero]":"dnes","_[other]":"před {{value}} dny"},"minutes-until-short":{"_":"{[ plural(value) ]}","_[zero]":"nyní","_[other]":"za {{value}} min"},"hours-until-short":{"_":"{[ plural(value) ]}","_[zero]":"nyní","_[other]":"za {{value}} hod"},"days-until-short":{"_":"{[ plural(value) ]}","_[zero]":"dnes","_[other]":"za {{value}} dny"},"incorrectDate":{"_":"(neplatné datum)"},"dateTimeFormat_%c":{"_":"%a %e. %b %Y %H:%M:%S"},"dateTimeFormat_%x":{"_":"%e. %m. %Y"},"dateTimeFormat_%X":{"_":"%H:%M:%S"},"shortTimeFormat":{"_":"%H:%M"},"shortDateTimeFormat":{"_":"%x %H:%M"},"weekStartsOnMonday":{"_":"1"},"time_am":{"_":"AM"},"time_pm":{"_":"PM"},"tz-region":{"_":"Oblast"},"tz-city":{"_":"Město"},"tzRegion-Africa":{"_":"Afrika"},"tzRegion-America":{"_":"Amerika"},"tzRegion-Antarctica":{"_":"Antarktida"},"tzRegion-Asia":{"_":"Asie"},"tzRegion-Atlantic":{"_":"Atlantský oceán"},"tzRegion-Australia":{"_":"Austrálie"},"tzRegion-Europe":{"_":"Evropa"},"tzRegion-Indian":{"_":"Indický oceán"},"tzRegion-Pacific":{"_":"Tichý oceán"},"close":{"_":"Zavřít"},"import":{"_":"Importovat"},"fbFriends":{"_":"Přátelé"},"live-serviceName":{"_":"Outlook"},"gmail-serviceName":{"_":"Gmail"},"facebook-serviceName":{"_":"Přátelé"},"viewAll":{"_":"Zobrazit všechny přátele na Facebooku"},"viewRecommend":{"_":"Zobrazit pouze doporučené"},"linkProposal":{"_":"{[ plural(numFriends) ]}","_[zero]":"Žádní odpovídající přátelé. Zobrazí se všechny","_[one]":"Zvolte jednoho doporučeného","_[two]":"Zvolte jednoho doporučeného","_[few]":"Zvolte jednoho doporučeného","_[many]":"Zvolte jednoho doporučeného","_[other]":"Zvolte jednoho doporučeného"},"fbFriendsFound":{"_":"{[ plural(numFriends) ]}","_[zero]":"Všichni vaši přátelé jsou naimportováni","_[one]":"Byl nalezen jeden přítel pro import","_[two]":"Nalezeni {{numFriends}} přátelé pro import","_[few]":"Nalezeni {{numFriends}} přátelé pro import","_[many]":"Nalezeno {{numFriends}} přátel pro import","_[other]":"Nalezeno {{numFriends}} přátel pro import"},"done-search":{"_":"Hotovo"},"progressFB3ImportTitle":{"_":"Probíhá import přátel do kontaktů"},"progressFB":{"_":"{{current}}/{{total}}"},"progressFB3UpdateTitle":{"_":"Probíhá aktualizace přátel v kontaktech"},"message2":{"_":"Tato operace může trvat několik minut"},"messageLinking":{"_":"Zadržte prosím. Probíhá propojování vašeho přítele s kontaktem."},"error1":{"_":"Chyba při {{from}}"},"error2":{"_":"Chcete to zkusit znovu?"},"errorProposal":{"_":"získávání návrhů"},"errorFriends":{"_":"stahování přátel"},"errorLinking":{"_":"propojování kontaktu"},"timeout1":{"_":"Vypršel čas při {{from}}"},"timeout2":{"_":"Chcete to zkusit znovu?"},"timeoutProposal":{"_":"získávání návrhů"},"timeoutFriends":{"_":"stahování přátel"},"timeoutLinking":{"_":"propojování kontaktů"},"wait1":{"_":"Zadržte prosím"},"wait2":{"_":"Může to trvat několik minut"},"waitProposal":{"_":"Zadržte prosím. Probíhá zpracování možných návrhů."},"waitFriends":{"_":"Zadržte prosím. Probíhá připojování pro získání vašeho seznamu přátel."},"curtainCancel":{"_":"Zrušit"},"curtainRetry":{"_":"Opakovat"},"curtainOK":{"_":"OK"},"connectionLost":{"_":"Není k dispozici připojení k Internetu"},"connectionLostMsg":{"_":"Fotografie přátel nebudou k vašim kontaktům přidány. Chcete přesto pokračovat?"},"yesOption":{"_":"Ok"},"noOption":{"_":"Zrušit"},"friendsUpdated":{"_":"{[ plural(numFriends) ]}","_[zero]":"Žádný přítel nebyl aktualizován","_[one]":"Byl aktualizován jeden přítel","_[two]":"{{numFriends}} přátelé byli aktualizováni","_[few]":"{{numFriends}} přátelé byli aktualizováni","_[many]":"{{numFriends}} přátel bylo aktualizováno","_[other]":"{{numFriends}} přátel bylo aktualizováno"},"notificationLogin":{"_":"Vaše Facebook relace je neplatná. Přihlaste se prosím."},"syncError":{"_":"Při synchronizaci informací o vašich přátelích nastala chyba. "},"addToExistingContact":{"_":"Přidat k existujícímu kontaktu"},"all":{"_":"Vše"},"callLog":{"_":"Historie volání"},"connecting":{"_":"Připojování"},"cf-async":{"_":"Asynchroní: {{ async }}\n"},"cf-data":{"_":"Data: {{ data }}\n"},"cf-error":{"_":"Při získávání stavu přesměrování volání nastala chyba"},"cf-fax":{"_":"FAX: {{ fax }}\n"},"cf-inactive":{"_":"Neaktivní"},"cf-packet":{"_":"Paket: {{ packet }}\n"},"cf-pad":{"_":"PAD: {{ pad }}\n"},"cf-sms":{"_":"SMS: {{ sms }}\n"},"cf-status":{"_":"Stav přesměrování volání\n"},"cf-sync":{"_":"Synchroní: {{ sync }}\n"},"cf-voice":{"_":"Hlas: {{ voice }}\n"},"confirm-deletion":{"_":"Vymazat zvolená volání?"},"createNewContact":{"_":"Vytvořit nový kontakt"},"delete":{"_":"Smazat"},"edit-selected":{"_":"{[ plural(n) ]}","_[one]":"{{ n }} zvolený","_[two]":"{{ n }} zvolené","_[few]":"{{ n }} zvolené","_[many]":"{{ n }} zvolených","_[other]":"{{ n }} zvolených"},"ignore":{"_":"Ignorovat volání"},"incoming":{"_":"Příchozí"},"missed":{"_":"Zmeškané"},"missedCall":{"_":"Zmeškané volání"},"missedCallMultiSims":{"_":"(SIM {{ n }}) Zmeškané volání"},"mmi-error":{"_":"Při posílání zprávy nastala chyba"},"mmi-session-expired":{"_":"Relace vypršela"},"mmi-successfully-sent":{"_":"Zpráva byla úspěšně odeslána"},"no-logs-msg-1":{"_":"Není zaznamenáno žádné volání"},"no-logs-msg-2":{"_":"Zahájení komunikace"},"no-logs-msg-3":{"_":"Žádná zmeškaná volání"},"reply":{"_":"Odpověď"},"switch-calls":{"_":"Přepnout volání"},"withheld-number":{"_":"Utajené číslo"},"from-contact":{"_":"Od {{ contact }}"},"from-number":{"_":"Od {{ number }}"},"from-withheld-number":{"_":"Z utajeného čísla"},"sending":{"_":"Odesílání…"},"ussd-services":{"_":"Služby {{ operator }}"},"type-your-response":{"placeholder":"Napište svou odpověď…"},"clear-all-text":{"_":"Vymazat celý text"},"hide":{"_":"Skrýt"},"hold":{"_":"Přidržet"},"resume":{"_":"Pokračovat"},"sendSms":{"_":"Odeslat zprávu"},"callEnded":{"_":"Hovor ukončen"},"via-sim":{"_":"skrze SIM{{ n }}"},"sim-number":{"_":"SIM{{ n }}"},"hangup-a11y-button":{"aria-label":"Zavěsit"},"pickup-a11y-button":{"aria-label":"Zvednout"},"unlock-a11y-button":{"aria-label":"Posuvník"},"delete-n-log?":{"_":"{[ plural(n) ]}","_[zero]":"Nic nebylo zvoleno","_[one]":"Smazat vybraný log?","_[two]":"Smazat {{ n }} logy?","_[few]":"Smazat {{ n }} logy?","_[many]":"Smazat {{ n }} logů?","_[other]":"Smazat {{ n }} logů?"},"callDurationMinutes":{"_":"{{ m }}:{{ s }}"},"callDurationHours":{"_":"{{ h }}:{{ m }}:{{ s}}"},"suggestionMatches":{"_":"{[ plural(n) ]}","_[one]":"{{ n }} odpovídá \"{{ matchNumber }}\"","_[two]":"{{ n }} odpovídá \"{{ matchNumber }}\"","_[few]":"{{ n }} odpovídá \"{{ matchNumber }}\"","_[many]":"{{ n }} odpovídá \"{{ matchNumber }}\"","_[other]":"{{ n }} odpovídá \"{{ matchNumber }}\""},"scCallBarring":{"_":"Blokování hovoru"},"scCallForwarding":{"_":"Přesměrování hovoru"},"scClip":{"_":"ID příchozího hovoru"},"scClir":{"_":"ID odchozího hovoru"},"scPwd":{"_":"Změna hesla"},"scCallWaiting":{"_":"Čekající hovor"},"scPin":{"_":"Změna PIN"},"scPin2":{"_":"Změna PIN2"},"scPuk":{"_":"Odblokování PIN"},"scPuk2":{"_":"Odblokování PIN2"},"scImei":{"_":"IMEI"},"scUssd":{"_":"USSD"},"serviceClassVoice":{"_":"Hlas"},"serviceClassData":{"_":"Data"},"serviceClassFax":{"_":"FAX"},"serviceClassSms":{"_":"SMS"},"serviceClassDataSync":{"_":"Sync"},"serviceClassDataAsync":{"_":"Async"},"serviceClassPacket":{"_":"Paket"},"serviceClassPad":{"_":"PAD"},"smServiceEnabled":{"_":"Služba byla povolena"},"smServiceDisabled":{"_":"Služba byla zakázána"},"smServiceRegistered":{"_":"Registrace byla úspěšná"},"smServiceErased":{"_":"Vymazání bylo úspěšné"},"smServiceInterrogated":{"_":"Požadavek byl úspěšný"},"smServiceNotProvisioned":{"_":"Služba není dotována"},"smClirPermanent":{"_":"Nemůžete změnit nastavení identifikace volajícího"},"smClirDefaultOnNextCallOn":{"_":"Výchozí identifikace volajícího omezena. Příští hovor: omezeno"},"smClirDefaultOnNextCallOff":{"_":"Výchozí identifikace volajícího neomezena. Příští hovor: neomezeno"},"smClirDefaultOffNextCallOn":{"_":"Výchozí identifikace volajícího omezena. Příští hovor: omezeno"},"smClirDefaultOffNextCallOff":{"_":"Výchozí identifikace volajícího neomezena. Příští hovor: neomezeno"},"smServiceEnabledFor":{"_":"Služba byla povolena pro:"},"smPinChanged":{"_":"Kód PIN úspěšně změněn"},"smPinUnblocked":{"_":"Kód PIN úspěšně odblokován"},"smPin2Changed":{"_":"Kód PIN2 úspěšně změněn"},"smPin2Unblocked":{"_":"Kód PIN2 úspěšně odblokován"},"emMmiError":{"_":"Problém s připojením či neplatný kód MMI"},"emMmiErrorPasswordIncorrect":{"_":"Neplatné heslo"},"emMmiErrorNotSupported":{"_":"Neplatný nebo nepodporovaný kód MMI"},"emMmiErrorInvalidAction":{"_":"Neplatná akce"},"emMmiErrorInvalidScCode":{"_":"Neplatný servisní kód"},"emMmiErrorBadPuk":{"_":"Kód PUK, který jste zadal(a), není platný"},"emMmiErrorBadPin":{"_":"Starý PIN, který jste zadal(a), není platný"},"emMmiErrorNeedPuk2":{"_":"Pro odblokování karty SIM zadejte kód PUK2"},"emMmiErrorMismatchPin":{"_":"Kódy PIN, které jste zadal(a), si neodpovídají"},"emMmiErrorInvalidPin":{"_":"Zadejte kód PIN, který je dlouhý 4 až 8 čísel"},"emMmiErrorNeedsPuk":{"_":"Vaše karta SIM je uzamčena kódem PUK"},"emMmiErrorEnablePin":{"_":"Neúspěch. Povolte SIM/RUIM LOCK"},"emMmiErrorMmiFdn":{"_":"Operace je omezena na konkrétní čísla volání"},"emMmiErrorStkCcUssdDial":{"_":"USSD požadavek je upraven na DIAL požadavek"},"emMmiErrorStkCcUssdSs":{"_":"USSD požadavek je upraven na SS požadavek"},"emMmiErrorStkCcUssdUssd":{"_":"USSD požadavek je upraven na nový USSD požadavek"},"emMmiErrorStkCcSsDial":{"_":"SS požadavek je upraven na DIAL požadavek"},"emMmiErrorStkCcSsUssd":{"_":"SS požadavek je upraven na USSD požadavek"},"emMmiErrorStkCcSsSs":{"_":"SS požadavek je upraven na nový SS požadavek"},"emMmiErrorPinPukAttempts":{"_":"{[ plural(n) ]}","_[one]":"Zbývá pouze {{ n }} pokud","_[two]":"Zbývají {{ n }} pokusy","_[few]":"Zbývájí {{ n }} pokusy","_[many]":"Zbývá {{ n }} pokusů","_[other]":"Zbývá {{ n }} pokusů"},"emMmiErrorSimBlocked":{"_":"Bylo dosaženo maximálního počtu pokusů. Karta SIM je zablokována"},"RadioNotAvailable":{"_":"Rádio není dostupné"},"GenericFailure":{"_":"Obecné selhání"},"PasswordIncorrect":{"_":"Neplatné heslo"},"SimPin2":{"_":"SIM PIN2"},"SimPuk2":{"_":"SIM PUK2"},"RequestNotSupported":{"_":"Požadavek není podporován"},"OpNotAllowedDuringVoiceCall":{"_":"Operace není během hlasového hovoru povolena"},"SmsSendFailRetry":{"_":"Opakované selhání poslání SMS zprávy"},"SimAbsent":{"_":"Chybějící SIM"},"SubscriptionNotAvailable":{"_":"Odběr není dostupný"},"ModeNotSupported":{"_":"Mód není podporován"},"FdnCheckFailure":{"_":"Kontrola Fdn sehala"},"IllegalSimOrMe":{"_":"Neplatná SIM či ME"},"DialModifiedToUssd":{"_":"Dial upraven na USSD"},"DialModifiedToSs":{"_":"Dial upraven na SS"},"DialModifiedToDial":{"_":"Dial upraven na dial"},"UssdModifiedToDial":{"_":"USSD upraven na dial"},"UssdModifiedToSs":{"_":"USSD upraven na SS"},"UssdModifiedToUssd":{"_":"USSD upraven na USSD"},"SsModifiedToDial":{"_":"SS upraven na dial"},"SsModifiedToUssd":{"_":"SS upraven na USSD"},"SsModifiedToSs":{"_":"SS upraven na SS"},"SubscriptionNotSupported":{"_":"Odběr není podporován"},"InvalidParameter":{"_":"Neplatné parametry"},"RejectedByRemote":{"_":"Zamítnuto vzdálenou stranou"},"group-call":{"_":"{[ plural(n) ]}","_[one]":"Skupinové volání ({{ n }})","_[two]":"Skupinová volání ({{ n }})","_[few]":"Skupinová volání ({{ n }})","_[many]":"Skupinová volání ({{ n }})","_[other]":"Skupinová volání ({{ n }})"},"caller-left-call":{"_":"Volající {{ caller }} opustil hovor."},"conferenceAddError":{"_":"Není možné spojit hovory"},"conferenceRemoveError":{"_":"Není možné rozdělit hovory"},"longDateFormat":{"_":"%A %e %B"},"select-audio-sources":{"_":"Zvolte zdroje zvuku"},"bluetooth-handsfree-device":{"_":"Bluetooth zařízení handsfree"},"receiver":{"_":"Přijímač"},"speaker":{"_":"Reproduktor"},"sim-picker-dial-via-with-number":{"_":"Volat {{ phoneNumber }} přes"},"sim-picker-select-sim":{"_":"Zvolte kartu SIM"},"sim-picker-button":{"_":"SIM{{ n }}"},"sim-picker-button-default":{"_":"(předvolená)"},"waitDuplicateContacts":{"_":"Hledání duplicitních kontaktů"},"waitMergingDuplicateContacts":{"_":"Slučování duplicitních kontaktů"},"alertNoDuplicateContacts":{"_":"Nebyly nalezeny žádné duplicitní kontakty"},"merge":{"_":"Sloučit"},"mergeDuplicateTitle":{"_":"Sloučení duplicit"},"suggestedDuplicateContacts":{"_":"Navržené duplicitní kontakty pro {{name}}"},"mergeActionButtonLabel":{"_":"{[ plural(n) ]}","_[zero]":"Nebyly vybrány žádné kontakty","_[one]":"Sloučit s {{n}} kontaktem","_[other]":"Sloučit s {{n}} kontakty"},"duplicatesFoundTitle":{"_":"Nalezeny duplicity"},"duplicatesFoundMessage":{"_":"{{name}} duplikuje informace v následujících kontaktech"}}