{"brandShortName":{"_":"B2G OS"},"browserBrandShortName":{"_":"Webbrowser"},"browserBrandFullName":{"_":"Mozilla Webbrowser"},"callAirplaneModeMessage":{"_":"Du skal slå flytilstand fra, før du kan ringe op."},"callAirplaneModeBtnOk":{"_":"OK"},"callAirplaneModeTitle":{"_":"Flytilstand er aktiveret"},"numberIsBusyTitle":{"_":"Nummeret er optaget"},"numberIsBusyMessage":{"_":"Nummeret er optaget, prøv igen senere."},"fdnIsEnabledTitle":{"_":"FDN active"},"fdnIsEnabledMessage":{"_":"This number is blocked as it is not in your list of authorized numbers."},"voiceMail":{"_":"Telefonsvarer"},"emergencyNumber":{"_":"Nødopkald"},"emergencyDialogBodyBadNumber":{"_":"Du skal være tilkoblet et mobilnet for at kunne foretage opkald."},"emergencyDialogBodyDeviceNotAccepted":{"_":"Det benyttede mobilnet tillader ikke nødopkald."},"emergencyDialogBtnOk":{"_":"OK"},"emergencyDialogTitle":{"_":"Ingen forbindelse til mobilnettet"},"invalidNumberToDialTitle":{"_":"Ugyldigt telefonnummer"},"invalidNumberToDialMessage":{"_":"Det benyttede telefonnummer er ugyldigt."},"unableToCallTitle":{"_":"Kan ikke ringe op i øjeblikket"},"unableToCallMessage":{"_":"Kan ikke ringe op. Hvis du allerede har et aktivt opkald, skal du afbryde det, før du kan ringe op."},"otherConnectionInUseTitle":{"_":"En anden forbindelse er aktiv"},"otherConnectionInUseMessage":{"_":"Du har et igangværende opkald på en anden forbindelse. Du kan kun bruge én forbindelse ad gangen."},"add":{"_":"Tilføj"},"back":{"_":"Back"},"call":{"_":"Ring op"},"edit":{"_":"Rediger"},"cancel":{"_":"Annuller"},"done":{"_":"Færdig"},"ok":{"_":"OK"},"update":{"_":"Update"},"retry":{"_":"Prøv igen"},"contacts":{"_":"Kontakter"},"addContact":{"_":"Tilføj kontakt"},"deleteContact":{"_":"Slet kontakt"},"selectContact":{"_":"Vælg kontakt"},"selectAll":{"_":"Select all"},"deselectAll":{"_":"Deselect all"},"editContact":{"_":"Rediger kontakt"},"deleteConfirmMsg":{"_":"Slet kontakt?"},"remove":{"_":"Fjern"},"comments":{"_":"Kommentarer"},"no_contact_phones":{"_":"Denne kontakt har ikke et telefonnummer"},"no_contact_email":{"_":"Denne kontakt har ikke en mailadresse"},"removePhotoConfirm":{"_":"Fjern kontaktbillede?"},"loadingContacts":{"_":"Indlæser kontakter…"},"noContactsActivity":{"_":"Kan ikke føje til kontakt da din kontaktliste er tom"},"noName":{"_":"Intet navn"},"givenName":{"placeholder":"Navn"},"familyName":{"placeholder":"Efternavn"},"tel":{"placeholder":"Telefon"},"carrier":{"_":"Operatør","placeholder":"Operatør"},"separator":{"_":","},"email":{"_":"Mail","placeholder":"Mail"},"streetAddress":{"placeholder":"Gade"},"postalCode":{"placeholder":"Postnummer"},"locality":{"placeholder":"By"},"countryName":{"placeholder":"Land"},"comment":{"placeholder":"Kommentar"},"org":{"placeholder":"Firma"},"custom":{"placeholder":"Brugerdefineret","_":"Brugerdefineret mærkat"},"date":{"_":"Dato","placeholder":"Dato"},"birthday":{"_":"Fødselsdato"},"dateFormat":{"_":"%e. %B"},"dateOutput":{"_":"{{dayMonthFormatted}} {{year}}"},"anniversary":{"_":"Jubilæum"},"addPhoto":{"_":"Tilføj billede"},"addPhone":{"_":"Tilføj telefonnummer"},"addEmail":{"_":"Tilføj mailadresse"},"addAddress":{"_":"Tilføj adresse"},"addDate":{"_":"Tilføj dato"},"addComment":{"_":"Tilføj kommentar"},"addFavorite":{"_":"Føj til favoritter"},"removeFavorite":{"_":"Fjern fra favoritter"},"label":{"_":"Etiket"},"mobile":{"_":"Mobil"},"home":{"_":"Hjem"},"work":{"_":"Arbejde"},"personal":{"_":"Privat"},"faxHome":{"_":"Fax, hjemme"},"faxOffice":{"_":"Fax, kontor"},"faxOther":{"_":"Fax, anden"},"another":{"_":"Anden"},"other":{"_":"Andre"},"current":{"_":"Nuværende"},"itemWithLabel":{"_":"{{label}}, {{item}}"},"exit":{"_":"Afslut"},"expand":{"_":"Udvid"},"labelName":{"_":"Navn:"},"labelLastName":{"_":"Efternavn:"},"labelPhoneNumber":{"_":"Telefonnummer:"},"labelCarrier":{"_":"Operatør:"},"labelEmail":{"_":"Mail:"},"labelStreet":{"_":"Gade:"},"labelZip":{"_":"Postnummer:"},"labelCity":{"_":"By:"},"labelCountry":{"_":"Land:"},"labelComment":{"_":"Kommentar:"},"legendTitleMain":{"_":"Hovedinformation"},"legendPhones":{"_":"Telefonnumre"},"legendEmail":{"_":"Mailadresser"},"legendAddress":{"_":"Adresse"},"settings":{"_":"Indstillinger"},"search-contact":{"placeholder":"Search"},"noResults":{"_":"No contacts found"},"transferContactsTitle":{"_":"Overfør kontakter"},"importContactsTitle":{"_":"Importer kontakter"},"importContactsButton":{"_":"Importer kontakter"},"exportContactsTitle":{"_":"Eksporter kontakter"},"exportContactsButton":{"_":"Eksporter kontakter"},"exportContactsAction":{"_":"Eksporter"},"simExport-title":{"_":"Eksporter til simkort"},"sdExport-title":{"_":"Eksporter til hukommelseskort"},"btExport-title":{"_":"Eksporter til bluetooth"},"sdUMSEnabled":{"_":"Kan ikke bruge hukommelseskort, fordi USB-lager er aktiveret"},"exportErrorTitle":{"_":"Eksport mislykkedes"},"contactsExported2":{"_":"{[ plural(exported) ]}","_[zero]":"Ingen kontakter eksporteret","_[one]":"{{exported}}/{{total}} kontakt eksporteret","_[two]":"{{exported}}/{{total}} kontakter eksporteret","_[few]":"{{exported}}/{{total}} kontakter eksporteret","_[many]":"{{exported}}/{{total}} kontakter eksporteret","_[other]":"{{exported}}/{{total}} kontakter eksporteret"},"exportError-general":{"_":"Der opstod en fejl ved eksport"},"exportError-SD-shared":{"_":"Kan ikke få adgang til hukommelseskort, fordi det er delt"},"exportError-SD-unavailable":{"_":"Intet hukommelseskort"},"exportError-SD-noSpace":{"_":"Der er ikke plads nok på hukommelseskortet til at eksportere kontakterne"},"exportError-SIM-unavailable":{"_":"Intet simkort"},"exportError-BT-shared":{"_":"Kan ikke få adgang til hukommelseskort, fordi det er delt"},"exportError-BT-unavailable":{"_":"Intet hukommelseskort"},"exportError-BT-noSpace":{"_":"Der er ikke plads nok på hukommelseskortet til at eksportere kontakterne"},"simContacts-import":{"_":"Importer kontakter fra simkort"},"simContacts-importing":{"_":"Importerer kontakter fra simkort…"},"simContacts-reading":{"_":"Læser fra simkort…"},"simContacts-error":{"_":"Kunne ikke importere kontakter fra simkort"},"simContacts-imported3":{"_":"{[ plural(n) ]}","_[zero]":"Ingen kontakter fundet på simkort","_[one]":"Importerede en kontakt","_[two]":"Importerede {{n}} kontakter","_[few]":"Importerede {{n}} kontakter","_[many]":"Importerede {{n}} kontakter","_[other]":"Importerede {{n}} kontakter"},"noSimMsg":{"_":"To import contacts insert or unlock your SIM card"},"noSimMsgExport":{"_":"Indsæt simkort eller lås det op for at eksportere kontakter"},"simNumber":{"_":"Simkort {{number}}"},"memoryCardContacts-import":{"_":"Importer kontakter fra hukommelseskort"},"memoryCardContacts-importing":{"_":"Importerer kontakter fra hukommelseskort…"},"memoryCardContacts-reading":{"_":"Læser fra hukommelseskort…"},"memoryCardContacts-error":{"_":"Kunne ikke importere kontakter fra hukommelseskort"},"memoryCardContacts-imported3":{"_":"{[ plural(n) ]}","_[zero]":"Ingen kontakter fundet på hukommelseskort","_[one]":"Importerede 1 kontakt","_[two]":"Importerede {{n}} kontakter","_[few]":"Importerede {{n}} kontakter","_[many]":"Importerede {{n}} kontakter","_[other]":"Importerede {{n}} kontakter"},"noMemoryCardMsg":{"_":"To import contacts insert a memory card"},"noMemoryCardMsgExport":{"_":"Indsæt hukommelseskort for at eksportere kontakter"},"genericProgress":{"_":"{{current}}/{{total}}"},"social-network":{"_":"Sociale netværk"},"social-link":{"_":"Tilføj kontakt"},"social-unlink":{"_":"Fjern kontakt"},"social-unlink-confirm-title":{"_":"Vil du fjerne din ven?"},"social-unlink-confirm-accept":{"_":"Fjern"},"facebook-import":{"_":"Importer Facebook-venner"},"show-fb-profile":{"_":"Vis Facebook-profil"},"msg-send":{"_":"Besked"},"wall-post":{"_":"Vægopslag"},"facebook":{"_":"Facebook"},"facebook-import-msg":{"_":"{[ plural(imported) ]}","_[zero]":"Ingen venner importeret (ud af {{total}})","_[one]":"1 ven importeret (ud af {{total}})","_[two]":"{{imported}}/{{total}} venner importeret","_[few]":"{{imported}}/{{total}} venner importeret","_[many]":"{{imported}}/{{total}} venner importeret","_[other]":"{{imported}}/{{total}} venner importeret"},"otherAccount":{"_":"Andre konti"},"facebookSwitchMsg":{"_":"Synkroniser venner"},"select_mobile":{"_":"Vælg mobil"},"select_email":{"_":"Vælg mail"},"contactsOrderBy":{"_":"Sorter efter efternavn"},"importSim2":{"_":"Simkort"},"importMemoryCard":{"_":"Memory card"},"importGmail":{"_":"Gmail"},"bluetooth":{"_":"Bluetooth"},"importOutlook":{"_":"Outlook"},"fbUpdateFriends":{"_":"Opdater importerede venner"},"cleaningFbData":{"_":"Fjerner Facebook-data"},"loggingOutFb":{"_":"Logger ud af Facebook"},"cleanFbConfirmMsg":{"_":"Fjern alle Facebook-data?"},"renewPwdMsg":{"_":"Din adgangskode i Facebook er ændret. Opdater den."},"noConnection11":{"_":"To import Facebook friends or contacts connect to Wi-Fi or data network"},"notEnabledYet":{"_":"Ikke aktiveret endnu"},"genericNoConnection":{"_":"Forbind til wi-fi eller et datanetværk for at importere kontakter"},"simCard":{"_":"Simkort"},"memoryCard":{"_":"Hukommelseskort"},"create-new":{"_":"Opret en ny kontakt"},"import-now":{"_":"Importer dine kontakter fra simkort eller Facebook"},"no-contacts":{"_":"Ingen kontakter"},"start-adding":{"_":"Begynd at tilføje dem nu"},"notImported":{"_":"Ikke importeret"},"imported":{"_":"Importeret"},"today":{"_":"I dag"},"yesterday":{"_":"I går"},"messageCanceling":{"_":"Please hold on. We are canceling the ongoing operation."},"organise-contacts":{"_":"Organiser kontakter"},"find-merge-contacts":{"_":"Find kontaktdupletter"},"preparing-contacts":{"_":"Forbereder kontakter"},"exportError-SIM-NoFreeRecordFound":{"_":"Ikke mere plads på simkortet"},"exportError-SIM-CannotAccessPhoneBook":{"_":"Kan ikke få adgang til simkortets adressebog"},"exportError-SIM-Unavailable":{"_":"Intet simkort"},"exportError-SIM-GenericError":{"_":"Der opstod en fejl ved eksport af en kontakt"},"date-span-placeholder":{"_":"Dato"},"ContactManagementTitle":{"_":"Håndtering af kontakter"},"DeleteTitle":{"_":"Slet"},"bulkDeleteButton":{"_":"Slet kontakter"},"BulkDelCancel":{"_":"Sletning af kontakter annulleret"},"DeletedTxt":{"_":"{[ plural(n) ]}","_[zero]":"Ingen kontakter at slette","_[one]":"1 kontakt fjernet","_[two]":"{{n}} kontakter fjernet","_[few]":"{{n}} kontakter fjernet","_[many]":"{{n}} kontakter fjernet","_[other]":"{{n}} kontakter fjernet"},"DeletingContacts":{"_":"Sletter kontakter"},"ContactConfirmDel":{"_":"{[ plural(n) ]}","_[zero]":"Ingen kontakter at slette","_[one]":"Slet 1 kontakt? Dette kan ikke fortrydes.","_[two]":"Slet {{n}} kontakter? Dette kan ikke fortrydes.","_[few]":"Slet {{n}} kontakter? Dette kan ikke fortrydes.","_[many]":"Slet {{n}} kontakter? Dette kan ikke fortrydes.","_[other]":"Slet {{n}} kontakter? Dette kan ikke fortrydes."},"SelectedTxt":{"_":"{[ plural(n) ]}","_[zero]":"Kontakter","_[one]":"{{n}} markeret","_[two]":"{{n}} markeret","_[few]":"{{n}} markeret","_[many]":"{{n}} markeret","_[other]":"{{n}} markeret"},"fdnIsActiveTitle":{"_":"FON er aktiveret"},"fdnIsActiveMessage":{"_":"FON (faste opkaldsnumre) er aktiveret og det følgende nummer er ikke med på din FON-liste: {{ number }}"},"pincode2":{"_":"Indtast pinkode"},"type_pin":{"_":"Indtast din pinkode"},"pincodeLabel":{"_":"Pinkode til simkort {{n}}"},"pinValidation":{"_":"Pinkoden skal være på mellem 4 og 8 tegn."},"pinError":{"_":"Forkert pinkode."},"pinAttemptMsg2":{"_":"{[ plural(n) ]}","_[one]":"Du har 1 forsøg tilbage til at indtaste den korrekte kode, før simkortet låses.","_[two]":"Du har {{n}} forsøg tilbage til at indtaste den korrekte kode, før simkortet låses.","_[few]":"Du har {{n}} forsøg tilbage til at indtaste den korrekte kode, før simkortet låses.","_[many]":"Du har {{n}} forsøg tilbage til at indtaste den korrekte kode, før simkortet låses.","_[other]":"Du har {{n}} forsøg tilbage til at indtaste den korrekte kode, før simkortet låses."},"pinLastChanceMsg":{"_":"Dette er din sidste mulighed for at indtaste den korrekte kode. Ellers låses simkortet, og du skal indtaste PUK-koden for atter at kunne bruge simkortet."},"pukcode":{"_":"Indtast PUK-kode"},"pukcodeTitle":{"_":"Indtast PUK-kode til simkort {{n}}"},"pukcodeLabel":{"_":"PUK-kode til simkort {{n}}"},"type_puk":{"_":"PUK-kode"},"pukValidation":{"_":"PUK-koden skal være på 8 tegn."},"pukInfo":{"_":"Du skal indtaste din Personal Unlocking Key (PUK-kode) til simkortet. Tjek dokumentationen for dit simkort, eller kontakt din operatør for yderligere information."},"pukError":{"_":"Forkert PUK-kode."},"pukAttemptMsg2":{"_":"{[ plural(n) ]}","_[one]":"Du har 1 forsøg tilbage til at indtaste den korrekte PUK-kode til dette simkort, før kortet låses for bestandigt. Tjek dokumentationen for dit simkort, eller kontakt din operatør for yderligere information.","_[two]":"Du har {{n}} forsøg tilbage til at indtaste den korrekte PUK-kode til dette simkort, før kortet låses for bestandigt. Tjek dokumentationen for dit simkort, eller kontakt din operatør for yderligere information.","_[few]":"Du har {{n}} forsøg tilbage til at indtaste den korrekte PUK-kode til dette simkort, før kortet låses for bestandigt. Tjek dokumentationen for dit simkort, eller kontakt din operatør for yderligere information.","_[many]":"Du har {{n}} forsøg tilbage til at indtaste den korrekte PUK-kode til dette simkort, før kortet låses for bestandigt. Tjek dokumentationen for dit simkort, eller kontakt din operatør for yderligere information.","_[other]":"Du har {{n}} forsøg tilbage til at indtaste den korrekte PUK-kode til dette simkort, før kortet låses for bestandigt. Tjek dokumentationen for dit simkort, eller kontakt din operatør for yderligere information."},"pukLastChanceMsg":{"_":"Dette er din sidste mulighed for at indtaste en korrekt PUK-kode. Hvis du indtaster en forkert PUK-kode, vil dit simkort blive låst for bestandigt."},"create_newpin":{"_":"Opret en ny pinkode (4 til 8 cifre)"},"confirm_newpin":{"_":"Bekræft ny pinkode"},"newpinConfirmation":{"_":"Pinkoderne er ikke ens."},"nckcode":{"_":"Indtast NCK-kode"},"cckcode":{"_":"Indtast CCK-kode"},"spckcode":{"_":"Indtast SPCK-kode"},"nckcodeTitle":{"_":"Indtast NCK-kode til simkort {{n}}"},"cckcodeTitle":{"_":"Indtast CCK-kode til simkort {{n}}"},"spckcodeTitle":{"_":"Indtast SPCK-kode til simkort {{n}}"},"nckcodeLabel":{"_":"NCK-kode til simkort {{n}}"},"cckcodeLabel":{"_":"CCK-kode til simkort {{n}}"},"spckcodeLabel":{"_":"SPCK-kode til simkort {{n}}"},"type_nck":{"_":"Indtast din NCK-kode"},"type_cck":{"_":"Indtast din CCK-kode"},"type_spck":{"_":"Indtast din SPCK-kode"},"nckValidation":{"_":"NCK-koden skal have mellem 8 og 16 tegn."},"cckValidation":{"_":"CCK-koden skal have mellem 8 og 16 tegn."},"spckValidation":{"_":"SPCK-koden skal have mellem 8 og 16 tegn."},"nckErrorMsg":{"_":"Forkert NCK-kode."},"nckAttemptMsg2":{"_":"{[ plural(n) ]}","_[one]":"Unlock mislykkedes. Du har 1 forsøg tilbage til at indtaste den korrekte NCK-kode. Tjek dokumentationen for dit simkort, eller kontakt din operatør for yderligere information.","_[two]":"Unlock mislykkedes. Du har {{n}} forsøg tilbage til at indtaste den korrekte NCK-kode. Tjek dokumentationen for dit simkort, eller kontakt din operatør for yderligere information.","_[few]":"Unlock mislykkedes. Du har {{n}} forsøg tilbage til at indtaste den korrekte NCK-kode. Tjek dokumentationen for dit simkort, eller kontakt din operatør for yderligere information.","_[many]":"Unlock mislykkedes. Du har {{n}} forsøg tilbage til at indtaste den korrekte NCK-kode. Tjek dokumentationen for dit simkort, eller kontakt din operatør for yderligere information.","_[other]":"Unlock mislykkedes. Du har {{n}} forsøg tilbage til at indtaste den korrekte NCK-kode. Tjek dokumentationen for dit simkort, eller kontakt din operatør for yderligere information."},"nckLastChanceMsg":{"_":"Unlock mislykkedes. Dette er din sidste mulighed for at indtaste den korrekte NCK-kode. Tjek dokumentationen for dit simkort, eller kontakt din operatør for yderligere information."},"skip":{"_":"Spring over"},"send":{"_":"Send"},"simLocked":{"_":"Simkortet er låst"},"inputCodeRetriesLeft":{"_":"{[ plural(n) ]}","_[one]":"Sidste forsøg.","_[two]":"{{n}} forsøg tilbage.","_[few]":"{{n}} forsøg tilbage.","_[many]":"{{n}} forsøg tilbage.","_[other]":"{{n}} forsøg tilbage."},"simManager":{"_":"Simkort-manager"},"simDetail":{"_":"Simkort {{n}}"},"simDefault":{"_":"(standard)"},"simDefaultMessage":{"_":"Opkald, udgående beskeder og dataforbindelse benytter som standard simkort 1"},"simSettingsMessage":{"_":"Du kan ændre standardindstillingerne via Indstillinger > Simkort-manager"},"simPinLocked":{"_":"Simkortet er låst"},"noOperator":{"_":"Ingen operatør"},"language":{"_":"Sprog"},"english":{"_":"English"},"dvorak":{"_":"English (Dvorak)"},"spanish":{"_":"Spanish"},"portuguese":{"_":"Portuguese Brazilian"},"french":{"_":"French"},"italian":{"_":"Italian"},"arabic":{"_":"Arabic"},"greek":{"_":"Greek"},"hebrew":{"_":"Hebrew"},"jp-kanji":{"_":"Japanese"},"jp-kanji-desc":{"_":"Kanji"},"traditionalChinese":{"_":"Traditional Chinese"},"traditionalChinese-desc":{"_":"Zhuyin"},"simplifiedChinese":{"_":"Simplified Chinese"},"simplifiedChinese-desc":{"_":"Pinyin"},"3g":{"_":"Mobildata"},"dataConnection":{"_":"Aktiver data"},"dataConnectionInfo":{"_":"Aktivering af data lader dig bruge din mobiltelefon uden en Wi-Fi-forbindelse. Du kan også aktivere data senere i Indstillinger. Sørg for at have et abonnement med data hos din operatør, da du ellers risikerer høje regninger."},"caution":{"_":"Advarsel"},"geolocation":{"_":"Position"},"geolocationCheckbox":{"_":"Aktiver position"},"geolocationInfo2":{"_":"{{brandShortName}} bruger data fra GPS, Wi-Fi og mobile netværk i din nærhed for at fastsætte din omtrentlige position."},"geolocationInfoMore":{"_":"Data, som sendes til Mozilla og andre tjenesteudbydere, vil blive brugt til at forbedre positionsdatabaserne. Data kan blive opbevaret på din enhed og indsamling af data kan ske, selvom du ikke har apps kørende."},"notice":{"_":"Bemærk"},"aboutYourPrivacy":{"_":"Mere om dit privatliv"},"wifi":{"_":"Wi-Fi"},"scanningNetworks":{"_":"Skanner efter netværk"},"selectNetwork":{"_":"Vælg et netværk"},"shortStatus-connecting":{"_":"Forbinder…"},"shortStatus-associated":{"_":"Henter en IP-adresse…"},"shortStatus-connected":{"_":"Forbundet"},"shortStatus-connectingfailed":{"_":"Forbindelse mislykkedes"},"shortStatus-disconnected":{"_":"Offline"},"securedBy":{"_":"sikret af {{capabilities}}"},"security":{"_":"Sikkerhed"},"securityNone":{"_":"Ingen"},"securityWEP":{"_":"WEP"},"securityWPA-PSK":{"_":"WPA-PSK"},"securityWPA-EAP":{"_":"WPA-EAP"},"securityOpen":{"_":"Åben"},"identity":{"_":"Bruger"},"identityInput":{"placeholder":"Bruger"},"password":{"_":"Adgangskode"},"passwordInput":{"placeholder":"Adgangskode"},"showPassword":{"_":"Vis adgangskode"},"refresh":{"_":"Opdater"},"noWifiFound3":{"_":"Trådløst netværk ikke fundet"},"join-hidden-button":{"_":"Forbind til skjult netværk"},"authentication":{"_":"Godkendelse"},"ssid-name":{"_":"SSID-netværksnavn"},"dateAndTime":{"_":"Dato & klokkeslæt"},"setTimeAutomatically":{"_":"Indstil automatisk"},"timezoneMessage":{"_":"Tidszone"},"timezoneTitle":{"_":"UTC{{utcOffset}} {{region}}/{{city}}"},"dateMessage":{"_":"Dato"},"timeMessage":{"_":"Klokkeslæt"},"timeZone":{"_":"Tidszone"},"change":{"_":"Skift"},"importContacts3":{"_":"Importer kontakter"},"importFb2":{"_":"Facebook"},"fb-checking":{"_":"… undersøger"},"notImportedYet":{"_":"Endnu ikke importeret"},"afterFbImport":{"_":"Du kan importere og redigere Facebook-venner i indstillingerne i Kontakter"},"about-your-rights-0":{"_":"{{brandShortName}} er gratis og open source software, skabt af et fællesskab af tusindvis af mennesker over hele kloden. Der er et par ting, som du bør vide:"},"about-your-rights-1":{"_":"{{brandShortName}} er omfattet af flere forskellige open source-licenser, inklusive Mozilla Public License. En enhed med {{brandShortName}} kan også indeholde proprietær software fra tredjepart. Enhver kode omfattet af en open source-licens giver dig ret til at ændre i koden og distribuere din version, så længe du overholder dens betingelser."},"about-your-rights-2":{"_":"Du har ikke ret til at bruge varemærker fra Mozilla Foundation eller andre, hvilket inkluderer navn og logo for {{brandShortName}}."},"about-your-rights-3":{"_":"Nogle funktioner i {{brandShortName}}, fx fejlrapportering, giver dig mulighed for at sende feedback til Mozilla. Hvis du vælger at sende feedback, giver du Mozilla tilladelse til at bruge feedbacken til at forbedre sine produkter, at offentliggøre feedbacken på sine websider og at videredistribuere feedbacken frit."},"about-other":{"_":"Andre"},"SIM_mandatory":{"_":"Intet simkort"},"SIM_mandatory_warm":{"_":"Indsæt et simkort og genstart din enhed."},"sharing-performance-data":{"_":"Deling af data om ydelse"},"telemetry-sends":{"_":"Telemetry sender data til Mozilla om ydelse, hardware, brug og tilpasninger i din  {{brandShortName}}-enhed. De indsamlede data bruges til at gøre vores produkter bedre, hurtigere og med en bedre reaktionstid."},"learn-more-at":{"_":"Learn more at"},"external-telemetry":{"title":"Telemetry"},"learn-about-information":{"_":"Learn how Mozilla handles your information at"},"external-privacy":{"title":"Privacy"},"welcomeBrowser":{"_":"Velkommen til {{brandShortName}}, Mozillas styresystem gratis og open source software. Vores mission er et fremme åbenhed, innovation og fremtidige muligheder ved at give dig internettes magt i hænderne."},"learnHow":{"_":"Learn how Mozilla handles your information in our"},"privacyPolicy":{"_":"privacy policy","title":"Privacy policy"},"aboutBrowser":{"_":"Om {{brandShortName}}"},"aboutYourPrivacy2":{"_":"Dit privatliv"},"mozillaCommunity2":{"_":"Når du bruger {{brandShortName}}, bliver du en del af et globalt fællesskab, der hjælper med at bygge en bedre fremtid for internettet. Hvis du vil vide mere om Mozilla-fællesskabet eller vores andre produkter og begivenheder nær dig, så indtast din mailadresse nedenfor."},"collaborate":{"_":"Jeg vil gerne hjælpe med at forbedre {{brandShortName}} ved at dele data om min mobiltelefon."},"learnMore":{"_":"Læs mere."},"emailAddress":{"placeholder":"Mailadresse"},"email-successfully-added":{"_":"Mailadresse tilføjet"},"email-loading":{"_":"Gemmer din mail…"},"browserPrivacyChoices":{"_":"{{brandShortName}} Privatlivsvalg"},"privacy-b2g":{"_":"{{brandShortName}}","title":"{{brandShortName}}"},"privacy-marketplace":{"_":"Marketplace","title":"{{privacy-marketplace}}"},"privacy-e-me":{"_":"everything.me","title":"{{privacy-e-me}}"},"navbar-back":{"_":"Tilbage"},"navbar-next":{"_":"Næste"},"navbar-join":{"_":"Tilslut"},"thatsIt":{"_":"Det var det!"},"startYourPhone":{"_":"Kom godt i gang med din telefon."},"startYourTablet":{"_":"Kom godt i gang med din tablet."},"joinTutorial":{"_":"Følg en hurtig guide om din nye telefon."},"enjoyYourPhone":{"_":"Du er nu klar til at nyde din nye telefon."},"optionsAvailable":{"_":"Du kan skifte sprog, dato/klokkeslæt og Wi-Fi-forbindelse i indstillingerne."},"letsGo":{"_":"Lad os starte"},"startTour":{"_":"Start guiden"},"thatsIt1Tablet-2":{"_":"Du kan altid stryge fra bundkanten for at komme tilbage til startskærmen."},"thatsIt2Tablet-2":{"_":"Lad os komme i gang!"},"tutorial-step1-tiny":{"_":"Stryg fra højre til venstre for at gennemse dine apps."},"tutorial-step2-tiny":{"_":"Tryk og hold på en ikon for at slette eller flytte den."},"tutorial-step3-tiny":{"_":"Indtast et emne eller en søgeterm, og din telefon vil omgående tilpasse sig."},"tutorial-step4-tiny":{"_":"Stryg ned for at få adgang til nylige beskeder, saldooplysning og indstillinger."},"tutorial-step5-tiny":{"_":"Tryk og hold på hjem-knappen for at gennemse og lukke de senest brugte apps."},"tutorial-step6-tiny":{"_":"Stryg fra siden af skærmen for at bevæge dig frem og tilbage mellem de seneste apps."},"tutorial-step1-large-2":{"_":"Stryg ned fra toppen for at få adgang til nylige beskeder, saldooplysning og indstillinger."},"tutorial-step2-large-2":{"_":"Stryg til venstre eller højre for at udforske nye apps på startskærmen."},"tutorial-step3-large-2":{"_":"Tryk og hold på en ikon for at slette eller flytte den."},"tutorial-step4-large-2":{"_":"Stryg med to fingre fra bunden og op for at åbne kortvisning."},"offline-dialog-title":{"_":"Du skal være forbundet til internettet for at se siden."},"offline-dialog-text":{"_":"Gå tilbage, og opret forbindelse til internettet. Du kan også se siden senere via Indstillinger eller ved at indtaste i {{url}} en browser."},"OK":{"_":"OK"},"offline-newsletter-dialog-title":{"_":"Du skal være forbundet til internettet for at kunne abonnere på nyhedsbrevet."},"offline-newsletter-dialog-text":{"_":"Gå tilbage, og opret forbindelse til internettet."},"invalid-email-dialog-title":{"_":"Din mailadresse er ikke gyldig"},"invalid-email-dialog-text":{"_":"Gå tilbage og ret din adresse."},"nck1code":{"_":"Indtast NCK1-kode"},"nck2code":{"_":"Indtast NCK2-kode"},"hnckcode":{"_":"Indtast HNCK-kode"},"rcckcode":{"_":"Indtast RCCK-kode"},"rspckcode":{"_":"Indtast RSPCK-kode"},"nck1codeTitle":{"_":"Indtast NCK1-kode til simkort {{n}}"},"nck2codeTitle":{"_":"Indtast NCK2-kode til simkort {{n}}"},"hnckcodeTitle":{"_":"Indtast HNCK-kode til simkort {{n}}"},"rcckcodeTitle":{"_":"Indtast RCCK-kode til simkort {{n}}"},"rspckcodeTitle":{"_":"Indtast RSPCK-kode til simkort {{n}}"},"nck1codeLabel":{"_":"NCK1-kode til simkort {{n}}"},"nck2codeLabel":{"_":"NCK2-kode til simkort {{n}}"},"hnckcodeLabel":{"_":"HNCK-kode til simkort {{n}}"},"rcckcodeLabel":{"_":"RCCK-kode til simkort {{n}}"},"rspckcodeLabel":{"_":"RSPCK-kode til simkort {{n}}"},"type_nck1":{"_":"Indtast din NCK1-kode"},"type_nck2":{"_":"Indtast din NCK2-kode"},"type_hnck":{"_":"Indtast din HNCK-kode"},"type_rcck":{"_":"Indtast din RCCK-kode"},"type_rspck":{"_":"Indtast din RSPCK-kode"},"nck1Validation":{"_":"NCK1-koden skal have mellem 8 og 16 tegn."},"nck2Validation":{"_":"NCK2-koden skal have mellem 8 og 16 tegn."},"hnckValidation":{"_":"HNCK-koden skal have mellem 8 og 16 tegn."},"rcckValidation":{"_":"RCCK-koden skal have mellem 8 og 16 tegn."},"rspckValidation":{"_":"RSPCK-koden skal have mellem 8 og 16 tegn."},"firefox-accounts":{"_":"Firefox-konti"},"fxa-overview":{"innerHTML":"En Firefox-konto gør det muligt at bruge funktioner som fx Find min enhed og apps som fx Firefox Marketplace."},"fxa-create-account-or-sign-in":{"_":"Opret konto eller log ind"},"fxa-email-sent":{"_":"Et bekræftelseslink er blevet sendt til {{email}}"},"learn-more-telemetry":{"innerHTML":"Læs mere på {{link}}"},"learn-more-information":{"innerHTML":"Læs, hvordan Mozilla håndterer dine data, på {{link}}"},"learn-more-privacy":{"innerHTML":"Læs, hvordan Mozilla håndterer dine data i vores {{link}}."},"learn-more-privacy-link":{"_":"privatlivspolitik"},"weekday-0-long":{"_":"Søndag"},"weekday-1-long":{"_":"Mandag"},"weekday-2-long":{"_":"Tirsdag"},"weekday-3-long":{"_":"Onsdag"},"weekday-4-long":{"_":"Torsdag"},"weekday-5-long":{"_":"Fredag"},"weekday-6-long":{"_":"Lørdag"},"weekday-0-short":{"_":"Søn"},"weekday-1-short":{"_":"Man"},"weekday-2-short":{"_":"Tir"},"weekday-3-short":{"_":"Ons"},"weekday-4-short":{"_":"Tor"},"weekday-5-short":{"_":"Fre"},"weekday-6-short":{"_":"Lør"},"month-0-long":{"_":"Januar"},"month-1-long":{"_":"Februar"},"month-2-long":{"_":"Marts"},"month-3-long":{"_":"April"},"month-4-long":{"_":"Maj"},"month-5-long":{"_":"Juni"},"month-6-long":{"_":"Juli"},"month-7-long":{"_":"August"},"month-8-long":{"_":"September"},"month-9-long":{"_":"Oktober"},"month-10-long":{"_":"November"},"month-11-long":{"_":"December"},"month-0-genitive":{"_":"januar"},"month-1-genitive":{"_":"februar"},"month-2-genitive":{"_":"marts"},"month-3-genitive":{"_":"april"},"month-4-genitive":{"_":"maj"},"month-5-genitive":{"_":"juni"},"month-6-genitive":{"_":"juli"},"month-7-genitive":{"_":"august"},"month-8-genitive":{"_":"september"},"month-9-genitive":{"_":"oktober"},"month-10-genitive":{"_":"november"},"month-11-genitive":{"_":"december"},"month-0-short":{"_":"Jan"},"month-1-short":{"_":"Feb"},"month-2-short":{"_":"Mar"},"month-3-short":{"_":"Apr"},"month-4-short":{"_":"Maj"},"month-5-short":{"_":"Jun"},"month-6-short":{"_":"Jul"},"month-7-short":{"_":"Aug"},"month-8-short":{"_":"Sep"},"month-9-short":{"_":"Okt"},"month-10-short":{"_":"Nov"},"month-11-short":{"_":"Dec"},"minutes-ago-long":{"_":"{[ plural(value) ]}","_[zero]":"nu","_[one]":"for et minut siden","_[two]":"for {{value}} minutter siden","_[few]":"for {{value}} minutter siden","_[many]":"for {{value}} minutter siden","_[other]":"for {{value}} minutter siden"},"hours-ago-long":{"_":"{[ plural(value) ]}","_[zero]":"nu","_[one]":"for en time siden","_[two]":"for {{value}} timer siden","_[few]":"for {{value}} timer siden","_[many]":"for {{value}} timer siden","_[other]":"for {{value}} timer siden"},"days-ago-long":{"_":"{[ plural(value) ]}","_[zero]":"i dag","_[one]":"i går","_[two]":"for {{value}} dage siden","_[few]":"for {{value}} dage siden","_[many]":"for {{value}} dage siden","_[other]":"for {{value}} dage siden"},"weeks-ago-long":{"_":"{[ plural(value) ]}","_[zero]":"denne uge","_[one]":"sidste uge","_[two]":"for {{value}} uger siden","_[few]":"for {{value}} uger siden","_[many]":"for {{value}} uger siden","_[other]":"for {{value}} uger siden"},"months-ago-long":{"_":"{[ plural(value) ]}","_[zero]":"denne måned","_[one]":"sidste måned","_[two]":"for {{value}} måneder siden","_[few]":"for {{value}} måneder siden","_[many]":"for {{value}} måneder siden","_[other]":"for {{value}} måneder siden"},"years-ago-long":{"_":"{[ plural(value) ]}","_[zero]":"dette år","_[one]":"sidste år","_[two]":"for {{value}} år siden","_[few]":"for {{value}} år siden","_[many]":"for {{value}} år siden","_[other]":"for {{value}} år siden"},"minutes-until-long":{"_":"{[ plural(value) ]}","_[zero]":"nu","_[one]":"om et minut","_[two]":"om {{value}} minutter","_[few]":"om {{value}} minutter","_[many]":"om {{value}} minutter","_[other]":"om {{value}} minutter"},"hours-until-long":{"_":"{[ plural(value) ]}","_[zero]":"nu","_[one]":"om en time","_[two]":"om {{value}} timer","_[few]":"om {{value}} timer","_[many]":"om {{value}} timer","_[other]":"om {{value}} timer"},"days-until-long":{"_":"{[ plural(value) ]}","_[zero]":"i dag","_[one]":"i morgen","_[two]":"om {{value}} dage","_[few]":"om {{value}} dage","_[many]":"om {{value}} dage","_[other]":"om {{value}} dage"},"weeks-until-long":{"_":"{[ plural(value) ]}","_[zero]":"denne uge","_[one]":"næste uge","_[two]":"om {{value}} uger","_[few]":"om {{value}} uger","_[many]":"om {{value}} uger","_[other]":"om {{value}} uger"},"months-until-long":{"_":"{[ plural(value) ]}","_[zero]":"denne måned","_[one]":"næste måned","_[two]":"om {{value}} måneder","_[few]":"om {{value}} måneder","_[many]":"om {{value}} måneder","_[other]":"om {{value}} måneder"},"years-until-long":{"_":"{[ plural(value) ]}","_[zero]":"i år","_[one]":"næste år","_[two]":"om {{value}} år","_[few]":"om {{value}} år","_[many]":"om {{value}} år","_[other]":"om {{value}} år"},"minutes-ago-short":{"_":"{[ plural(value) ]}","_[zero]":"nu","_[other]":"{{value}}m siden"},"hours-ago-short":{"_":"{[ plural(value) ]}","_[zero]":"nu","_[other]":"{{value}}t siden"},"days-ago-short":{"_":"{[ plural(value) ]}","_[zero]":"i dag","_[other]":"{{value}}d siden"},"minutes-until-short":{"_":"{[ plural(value) ]}","_[zero]":"nu","_[other]":"om {{value}}m"},"hours-until-short":{"_":"{[ plural(value) ]}","_[zero]":"nu","_[other]":"om {{value}}t"},"days-until-short":{"_":"{[ plural(value) ]}","_[zero]":"i dag","_[other]":"om {{value}}d"},"incorrectDate":{"_":"(forkert dato)"},"dateTimeFormat_%c":{"_":"%a d. %e. %b %Y %H:%M:%S"},"dateTimeFormat_%x":{"_":"%d-%m-%Y"},"dateTimeFormat_%X":{"_":"%H:%M:%S"},"shortTimeFormat":{"_":"%H:%M"},"shortDateTimeFormat":{"_":"%x %H:%M"},"weekStartsOnMonday":{"_":"1"},"time_am":{"_":"AM"},"time_pm":{"_":"PM"},"tz-region":{"_":"Region"},"tz-city":{"_":"By"},"tzRegion-Africa":{"_":"Afrika"},"tzRegion-America":{"_":"Amerika"},"tzRegion-Antarctica":{"_":"Antarktis"},"tzRegion-Asia":{"_":"Asien"},"tzRegion-Atlantic":{"_":"Atlanterhavet"},"tzRegion-Australia":{"_":"Australien"},"tzRegion-Europe":{"_":"Europa"},"tzRegion-Indian":{"_":"Det Indiske Ocean"},"tzRegion-Pacific":{"_":"Stillehavet"},"close":{"_":"Close"},"import":{"_":"Import"},"fbFriends":{"_":"Facebook Friends"},"live-serviceName":{"_":"Outlook"},"gmail-serviceName":{"_":"Gmail"},"facebook-serviceName":{"_":"Facebook Friends"},"viewAll":{"_":"View All Facebook Friends"},"viewRecommend":{"_":"View Only Recommended"},"linkProposal":{"_":"{[ plural(numFriends) ]}","_[zero]":"No matching friends. Showing all","_[one]":"Select the recommended one","_[two]":"Select a recommended one","_[few]":"Select a recommended one","_[many]":"Select a recommended one","_[other]":"Select a recommended one"},"fbFriendsFound":{"_":"{[ plural(numFriends) ]}","_[zero]":"All your friends are imported","_[one]":"Found one friend to import","_[two]":"Found {{numFriends}} friends to import","_[few]":"Found {{numFriends}} friends to import","_[many]":"Found {{numFriends}} friends to import","_[other]":"Found {{numFriends}} friends to import"},"done-search":{"_":"Done"},"progressFB3ImportTitle":{"_":"Importing friends to Contacts"},"progressFB":{"_":"{{current}}/{{total}}"},"progressFB3UpdateTitle":{"_":"Updating friends in Contacts"},"message2":{"_":"This may take a couple of minutes"},"messageLinking":{"_":"Please hold on. We are linking your friend and your contact."},"error1":{"_":"Error {{from}}"},"error2":{"_":"Do you want to retry?"},"errorProposal":{"_":"calculating proposals"},"errorFriends":{"_":"retrieving friends"},"errorLinking":{"_":"linking contact"},"timeout1":{"_":"Exceeded timeout {{from}}"},"timeout2":{"_":"Do you want to retry?"},"timeoutProposal":{"_":"calculating proposals"},"timeoutFriends":{"_":"retrieving friends"},"timeoutLinking":{"_":"linking contacts"},"wait1":{"_":"Please hold on"},"wait2":{"_":"This may take a couple of minutes"},"waitProposal":{"_":"Please hold on. We are calculating a proposal."},"waitFriends":{"_":"Please hold on. We are connecting to obtain your friend list."},"curtainCancel":{"_":"Cancel"},"curtainRetry":{"_":"Retry"},"curtainOK":{"_":"OK"},"connectionLost":{"_":"No Internet connection"},"connectionLostMsg":{"_":"Friends’ photos will not be added to your contacts. Continue anyway?"},"yesOption":{"_":"OK"},"noOption":{"_":"Cancel"},"friendsUpdated":{"_":"{[ plural(numFriends) ]}","_[zero]":"No friends updated","_[one]":"Updated one friend","_[two]":"Updated {{numFriends}} friends","_[few]":"Updated {{numFriends}} friends","_[many]":"Updated {{numFriends}} friends","_[other]":"Updated {{numFriends}} friends"},"notificationLogin":{"_":"Your Facebook session is invalid. Please sign in."},"syncError":{"_":"There was an error synchronizing your friend’s data"},"addToExistingContact":{"_":"Føj til en eksisterende kontakt"},"all":{"_":"Alle","ariaLabel":"Alle"},"callLog":{"_":"Opkaldslog"},"connecting":{"_":"Forbinder"},"cf-async":{"_":"Asynkron: {{ async }}\n"},"cf-data":{"_":"Data: {{ data }}\n"},"cf-error":{"_":"Der opstod en fejl ved indhentning af oplysning om viderestilling"},"cf-fax":{"_":"Fax: {{ fax }}\n"},"cf-inactive":{"_":"Inaktiv"},"cf-packet":{"_":"Pakke: {{ packet }}\n"},"cf-pad":{"_":"PAD: {{ pad }}\n"},"cf-sms":{"_":"SMS: {{ sms }}\n"},"cf-status":{"_":"Status for viderestilling\n"},"cf-sync":{"_":"Synkron: {{ sync }}\n"},"cf-voice":{"_":"Tale: {{ voice }}\n"},"confirm-deletion":{"_":"Ryd de markerede opkald?"},"createNewContact":{"_":"Opret ny kontakt"},"delete":{"_":"Slet"},"edit-selected":{"_":"{[ plural(n) ]}","_[one]":"{{ n }} markeret","_[two]":"{{ n }} markerede","_[few]":"{{ n }} markerede","_[many]":"{{ n }} markerede","_[other]":"{{ n }} markerede"},"ignore":{"_":"Ignorer opkald"},"incoming":{"_":"Indgående"},"missed":{"_":"Ubesvarede","ariaLabel":"Ubesvarede"},"missedCall":{"_":"Ubesvarede opkald"},"missedCallMultiSims":{"_":"(SIM {{ n }}) Ubesvarede opkald"},"mmi-error":{"_":"Der opstod en fejl ved afsendelse af beskeden"},"mmi-session-expired":{"_":"Session er udløbet"},"mmi-successfully-sent":{"_":"Beskeden er sendt"},"no-logs-msg-1":{"_":"Der er ikke noteret opkald"},"no-logs-msg-2":{"_":"Begynd at kommunikere nu"},"no-logs-msg-3":{"_":"Du er ikke gået glip af opkald"},"reply":{"_":"Svar"},"switch-calls":{"_":"Skift samtale"},"withheld-number":{"_":"Tilbageholdt nummer"},"from-contact":{"_":"Fra {{ contact }}"},"from-number":{"_":"Fra {{ number }}"},"from-withheld-number":{"_":"Fra tilbageholdt nummer"},"sending":{"_":"Sender…"},"ussd-services":{"_":"{{ operator }}-tjenester"},"type-your-response":{"placeholder":"Skriv dit svar…"},"clear-all-text":{"_":"Ryd al tekst"},"hide":{"_":"Skjul"},"hold":{"_":"Hold","ariaLabel":"Hold"},"resume":{"_":"Fortsæt","ariaLabel":"Fortsæt"},"sendSms":{"_":"Send besked"},"callEnded":{"_":"Samtale afsluttet"},"via-sim":{"_":"via Simkort{{ n }}"},"sim-number":{"_":"Simkort{{ n }}"},"hangup-a11y-button":{"aria-label":"Hang Up","ariaLabel":"Afbryd"},"pickup-a11y-button":{"aria-label":"Pick up","ariaLabel":"Svar"},"unlock-a11y-button":{"aria-label":"Slider","ariaLabel":"Forskyder"},"delete-n-log?":{"_":"{[ plural(n) ]}","_[zero]":"Intet markeret","_[one]":"Slet markeret log?","_[two]":"Slet {{ n }} logs?","_[few]":"Slet {{ n }} logs?","_[many]":"Slet {{ n }} logs?","_[other]":"Slet {{ n }} logs?"},"callDurationMinutes":{"_":"{{ m }}:{{ s }}"},"callDurationHours":{"_":"{{ h }}:{{ m }}:{{ s}}"},"suggestionMatches":{"_":"{[ plural(n) ]}","_[one]":"{{ n }} match efter \"{{ matchNumber }}\"","_[two]":"{{ n }} matches efter \"{{ matchNumber }}\"","_[few]":"{{ n }} matches efter \"{{ matchNumber }}\"","_[many]":"{{ n }} matches efter \"{{ matchNumber }}\"","_[other]":"{{ n }} matches efter \"{{ matchNumber }}\""},"scCallBarring":{"_":"Opkaldsspærring"},"scCallForwarding":{"_":"Viderestilling"},"scClip":{"_":"Indkommende nummervisning"},"scClir":{"_":"Udgående nummervisning"},"scPwd":{"_":"Skift adgangskode"},"scCallWaiting":{"_":"Ventende opkald"},"scPin":{"_":"Skift pinkode"},"scPin2":{"_":"Skift PIN2-kode"},"scPuk":{"_":"Lås pinkoden op"},"scPuk2":{"_":"Lås PIN2-koden op"},"scImei":{"_":"IMEI-nummer"},"scUssd":{"_":"USSD"},"serviceClassVoice":{"_":"Stemme"},"serviceClassData":{"_":"Data"},"serviceClassFax":{"_":"Fax"},"serviceClassSms":{"_":"SMS"},"serviceClassDataSync":{"_":"Synkron"},"serviceClassDataAsync":{"_":"Asynkron"},"serviceClassPacket":{"_":"Pakke"},"serviceClassPad":{"_":"PAD"},"smServiceEnabled":{"_":"Tjenesten er aktiveret"},"smServiceDisabled":{"_":"Tjenesten er deaktiveret"},"smServiceRegistered":{"_":"Registrering udført"},"smServiceErased":{"_":"Sletning udført"},"smServiceInterrogated":{"_":"Forespørgsel udført"},"smServiceNotProvisioned":{"_":"Tjenesten er ikke klargjort"},"smClirPermanent":{"_":"Du kan ikke ændre indstilling for nummervisning"},"smClirDefaultOnNextCallOn":{"_":"Nummervisning er som standard begrænset. Næste opkald: Begrænset"},"smClirDefaultOnNextCallOff":{"_":"Nummervisning er som standard begrænset. Næste opkald: Ubegrænset"},"smClirDefaultOffNextCallOn":{"_":"Nummervisning er som standard ubegrænset. Næste opkald: Begrænset"},"smClirDefaultOffNextCallOff":{"_":"Nummervisning er som standard ubegrænset. Næste opkald: Ubegrænset"},"smServiceEnabledFor":{"_":"Tjenesten blev aktiveret for:"},"smPinChanged":{"_":"Pinkode er ændret"},"smPinUnblocked":{"_":"Pinkode er låst op"},"smPin2Changed":{"_":"PIN2-kode er ændret"},"smPin2Unblocked":{"_":"PIN2-kode er låst op"},"emMmiError":{"_":"Forbindelsesproblem eller ugyldig MMI-kode"},"emMmiErrorPasswordIncorrect":{"_":"Forkert adgangskode"},"emMmiErrorNotSupported":{"_":"Ugyldig eller ikke understøttet MMI-kode"},"emMmiErrorInvalidAction":{"_":"Ugyldig handling"},"emMmiErrorInvalidScCode":{"_":"Ugyldig tjenestekode"},"emMmiErrorBadPuk":{"_":"Den indtastede PUK-kode er forkert"},"emMmiErrorBadPin":{"_":"Den gamle pinkode er forkert."},"emMmiErrorNeedPuk2":{"_":"Indtast PUK2-koden for at låse simkortet op"},"emMmiErrorMismatchPin":{"_":"De indtastede pinkoder er ikke ens"},"emMmiErrorInvalidPin":{"_":"Indtast en pinkode på mellem 4 og 8 cifre"},"emMmiErrorNeedsPuk":{"_":"Dit simkort er PUK-låst"},"emMmiErrorEnablePin":{"_":"Det mislykkedes. Aktiver sim-/RUIM-lås"},"emMmiErrorMmiFdn":{"_":"Operationen er begrænset til faste opkaldsnumre"},"emMmiErrorStkCcUssdDial":{"_":"USSD-forespørgsel er ændret til en DIAL-forespørgsel"},"emMmiErrorStkCcUssdSs":{"_":"USSD-forespørgsel er ændret til en SS-forespørgsel"},"emMmiErrorStkCcUssdUssd":{"_":"USSD-forespørgsel er ændret til en ny USSD-forespørgsel"},"emMmiErrorStkCcSsDial":{"_":"SS-forespørgsel er ændret til en DIAL-forespørgsel"},"emMmiErrorStkCcSsUssd":{"_":"SS-forespørgsel er ændret til en USSD-forespørgsel"},"emMmiErrorStkCcSsSs":{"_":"SS-forespørgsel er ændret til en ny SS-forespørgsel"},"emMmiErrorPinPukAttempts":{"_":"{[ plural(n) ]}","_[one]":"Kun {{ n }} forsøg tilbage","_[two]":"{{ n }} forsøg tilbage","_[few]":"{{ n }} forsøg tilbage","_[many]":"{{ n }} forsøg tilbage","_[other]":"{{ n }} forsøg tilbage"},"emMmiErrorSimBlocked":{"_":"Du har ikke flere forsøg tilbage. Simkortet er låst"},"RadioNotAvailable":{"_":"Radio er ikke tilgængelig"},"GenericFailure":{"_":"Generel fejl"},"PasswordIncorrect":{"_":"Forkert adgangskode"},"SimPin2":{"_":"Simkortets PIN2-kode"},"SimPuk2":{"_":"Simkortets PUK2-kode"},"RequestNotSupported":{"_":"Forespørgsel er ikke understøttet"},"OpNotAllowedDuringVoiceCall":{"_":"Operationen er ikke tilladt samtidig med et stemmeopkald"},"SmsSendFailRetry":{"_":"Afsendelse af SMS mislykkedes. Prøv igen"},"SimAbsent":{"_":"Intet simkort"},"SubscriptionNotAvailable":{"_":"Abonnement ikke tilgængeligt"},"ModeNotSupported":{"_":"Ikke understøttet tilstand"},"FdnCheckFailure":{"_":"FON-tjekfejl"},"IllegalSimOrMe":{"_":"Ugyldigt simkort eller ME"},"DialModifiedToUssd":{"_":"Opkald ændret til USSD"},"DialModifiedToSs":{"_":"Opkald ændret til SS"},"DialModifiedToDial":{"_":"Opkald ændret til opkald"},"UssdModifiedToDial":{"_":"USSD ændret til opkald"},"UssdModifiedToSs":{"_":"USSD ændret til SS"},"UssdModifiedToUssd":{"_":"USSD ændret til USSD"},"SsModifiedToDial":{"_":"SS ændret til opkald"},"SsModifiedToUssd":{"_":"SS ændret til USSD"},"SsModifiedToSs":{"_":"SS ændret til SS"},"SubscriptionNotSupported":{"_":"Abonnement ikke understøttet"},"InvalidParameter":{"_":"Ugyldig parameter"},"RejectedByRemote":{"_":"Afvist af modpart"},"group-call":{"_":"{[ plural(n) ]}","_[one]":"Gruppesamtale ({{ n }})","_[two]":"Gruppesamtale ({{ n }})","_[few]":"Gruppesamtale ({{ n }})","_[many]":"Gruppesamtale ({{ n }})","_[other]":"Gruppesamtale ({{ n }})"},"caller-left-call":{"_":"{{ caller }} har forladt samtalen."},"conferenceAddError":{"_":"Kan ikke sammenflette opkald"},"conferenceRemoveError":{"_":"Kan ikke adskille opkald"},"longDateFormat":{"_":"%A d. %e. %B"},"select-audio-sources":{"_":"Vælg lydkilder"},"bluetooth-handsfree-device":{"_":"Håndfri Bluetooth-enhed"},"receiver":{"_":"Modtager"},"speaker":{"_":"Højtaler"},"addNewNumber":{"_":"Tilføj nyt nummer"},"asterisk":{"ariaLabel":"Stjerne"},"callLogEdit":{"title":"Rediger opkaldslog"},"callLogEditDialog":{"ariaLabel":"Rediger dialogboksen Opkaldslog"},"dialerAddContact":{"ariaLabel":"Tilføj kontakt"},"dialerAddContactDialog":{"ariaLabel":"Tilføj dialogboksen Kontakter"},"hashSign":{"ariaLabel":"Firkant"},"hideKeypad":{"ariaLabel":"Skjul tastatur"},"keypad":{"ariaLabel":"Tastatur"},"keypadDelete":{"ariaLabel":"Slet"},"makeCall":{"ariaLabel":"Ring op"},"merge":{"_":"Sammenflet"},"mute":{"ariaLabel":"Slå lyd fra"},"newCall":{"ariaLabel":"Nyt opkald"},"phoneNumberInput":{"ariaLabel":"Telefonnummer"},"recents":{"ariaLabel":"Seneste opkald"},"voiceMailKey":{"ariaLabel":"Telefonsvarer"},"speakerOption":{"ariaLabel":"Højtaler"},"toggleKeypad":{"ariaLabel":"Slå tastatur til eller fra"},"sim-picker-dial-via-with-number":{"_":"Ring til {{ phoneNumber }} via"},"sim-picker-select-sim":{"_":"Vælg simkort"},"sim-picker-button":{"_":"Simkort{{ n }}"},"sim-picker-button-default":{"_":"(standard)"},"waitDuplicateContacts":{"_":"Søger efter dupletter i kontakter"},"waitMergingDuplicateContacts":{"_":"Sammenfletter dupletter i kontakter"},"alertNoDuplicateContacts":{"_":"Ingen dupletter fundet i kontakter"},"mergeDuplicateTitle":{"_":"Sammenflet dupletter"},"suggestedDuplicateContacts":{"_":"Formodet duplet for kontakten {{name}}"},"mergeActionButtonLabel":{"_":"{[ plural(n) ]}","_[zero]":"Ingen kontakter markeret","_[one]":"Sammenflet med {{n}} kontakt","_[other]":"Sammenflet med {{n}} kontakter"},"duplicatesFoundTitle":{"_":"Dupletter fundet"},"duplicatesFoundMessage":{"_":"{{name}} indeholder information som også er fundet i de følgende kontakter"}}