{"brandShortName":{"_":"B2G OS"},"browserBrandShortName":{"_":"Περιηγητής"},"browserBrandFullName":{"_":"Περιηγητής Mozilla"},"callAirplaneModeMessage":{"_":"Για να πραγματοποιήσετε κλήση πρέπει να απενεργοποιήσετε την λειτουργία πτήσης από τις ρυθμίσεις."},"callAirplaneModeBtnOk":{"_":"ΟΚ"},"callAirplaneModeTitle":{"_":"Η λειτουργία πτήσης ενεργοποιήθηκε"},"numberIsBusyTitle":{"_":"Το τηλέφωνο είναι απασχολημένο"},"numberIsBusyMessage":{"_":"Το τηλέφωνο είναι προσωρινά απασχολημένο. Παρακαλούμε δοκιμάστε αργότερα."},"fdnIsEnabledTitle":{"_":"Ενεργό FDN"},"fdnIsEnabledMessage":{"_":"Αυτός ο αριθμός είναι μπλοκαρισμένος καθώς δεν βρίσκεται στην λίστα με τους εξουσιοδοτημένους αριθμούς."},"voiceMail":{"_":"Φωνητικό μήνυμα"},"emergencyNumber":{"_":"Αριθμός έκτακτης ανάγκης"},"emergencyDialogBodyBadNumber":{"_":"Για να πραγματοποιήσετε κλήσεις, το κινητό πρέπει να είναι συνδεδεμένο σε κάποιο δίκτυο."},"emergencyDialogBodyDeviceNotAccepted":{"_":"Οι κλήσεις έκτακτης ανάγκης δεν επιτρέπονται απ' το δίκτυο."},"emergencyDialogBtnOk":{"_":"ΟΚ"},"emergencyDialogTitle":{"_":"Δεν υπάρχει σύνδεση στο δίκτυο"},"invalidNumberToDialTitle":{"_":"Μη έγκυρος αριθμός τηλεφώνου"},"invalidNumberToDialMessage":{"_":"Ο αριθμός τηλεφώνου που καλείτε δεν είναι έγκυρος."},"unableToCallTitle":{"_":"Δεν είναι δυνατή η πραγματοποίηση κλήσης αυτή τη στιγμή"},"unableToCallMessage":{"_":"Δε μπορεί να πραγματοποιηθεί κλήση. Αν βρίσκεστε ήδη σε κλήση, παρακαλώ τερματίστε την πρώτα."},"otherConnectionInUseTitle":{"_":"Other connection in use"},"otherConnectionInUseMessage":{"_":"You have an active call on another connection. You can only use one connection at a time."},"add":{"_":"Προσθήκη"},"back":{"_":"Πίσω"},"call":{"_":"Κλήση"},"edit":{"_":"Επεξεργασία"},"cancel":{"_":"Ακύρωση"},"done":{"_":"ΟΚ"},"ok":{"_":"ΟΚ"},"update":{"_":"Ενημέρωση"},"retry":{"_":"Δοκιμάστε ξανά"},"contacts":{"_":"Επαφές"},"addContact":{"_":"Προσθήκη επαφής"},"deleteContact":{"_":"Διαγραφή επαφής"},"selectContact":{"_":"Επιλογή επαφής"},"selectAll":{"_":"Επιλογή όλων"},"deselectAll":{"_":"Αποεπιλογή όλων"},"editContact":{"_":"Επεξεργασία"},"deleteConfirmMsg":{"_":"Διαγραφή επαφής;"},"remove":{"_":"Αφαίρεση"},"comments":{"_":"Σχόλια"},"no_contact_phones":{"_":"Αυτή η επαφή δεν έχει τηλεφωνικό νούμερο"},"no_contact_email":{"_":"Αυτή η επαφή δεν έχει email"},"removePhotoConfirm":{"_":"Αφαίρεση εικόνας επαφής;"},"loadingContacts":{"_":"Φόρτωση επαφών…"},"noContactsActivity":{"_":"Δεν είναι δυνατή η προσθήκη στις επαφές, επειδή η λίστα επαφών είναι άδεια"},"noName":{"_":"Χωρίς όνομα"},"givenName":{"placeholder":"Όνομα"},"familyName":{"placeholder":"Επώνυμο"},"tel":{"placeholder":"Τηλέφωνο"},"carrier":{"_":"Πάροχος","placeholder":"Πάροχος"},"separator":{"_":","},"email":{"_":"Διεύθυνση email","placeholder":"Email"},"streetAddress":{"placeholder":"Οδός"},"postalCode":{"placeholder":"Τ.Κ."},"locality":{"placeholder":"Πόλη"},"countryName":{"placeholder":"Χώρα"},"comment":{"placeholder":"Σχόλιο"},"org":{"placeholder":"Εταιρεία"},"custom":{"placeholder":"Προσαρμοσμένο","_":"Προσαρμοσμένη ετικέτα"},"date":{"_":"Date","placeholder":"Date"},"birthday":{"_":"Γενέθλια"},"dateFormat":{"_":"%B %e"},"dateOutput":{"_":"{{dayMonthFormatted}} {{year}}"},"anniversary":{"_":"Anniversary"},"addPhoto":{"_":"Προσθήκη εικόνας"},"addPhone":{"_":"Προσθήκη τηλεφώνου"},"addEmail":{"_":"Προσθήκη email"},"addAddress":{"_":"Προσθήκη διεύθυνσης"},"addDate":{"_":"Add Date"},"addComment":{"_":"Προσθήκη σχολίου"},"addFavorite":{"_":"Προσθήκη στα αγαπημένα"},"removeFavorite":{"_":"Αφαίρεση από τα αγαπημένα"},"label":{"_":"Ετικέτα"},"mobile":{"_":"Κινητό"},"home":{"_":"Σπίτι"},"work":{"_":"Εργασία"},"personal":{"_":"Προσωπικό"},"faxHome":{"_":"Fax σπιτιού"},"faxOffice":{"_":"Fax γραφείου"},"faxOther":{"_":"Άλλο fax"},"another":{"_":"Άλλο"},"other":{"_":"Other"},"current":{"_":"Current"},"itemWithLabel":{"_":"{{label}}, {{item}}"},"exit":{"_":"Έξοδος"},"expand":{"_":"Ανάπτυξη"},"labelName":{"_":"Όνομα:"},"labelLastName":{"_":"Επώνυμο:"},"labelPhoneNumber":{"_":"Τηλέφωνο:"},"labelCarrier":{"_":"Πάροχος:"},"labelEmail":{"_":"Email:"},"labelStreet":{"_":"Οδός:"},"labelZip":{"_":"Τ.Κ.:"},"labelCity":{"_":"Πόλη:"},"labelCountry":{"_":"Χώρα:"},"labelComment":{"_":"Σχόλιο:"},"legendTitleMain":{"_":"Βασικές πληροφορίες"},"legendPhones":{"_":"Τηλεφωνικοί αριθμοί"},"legendEmail":{"_":"Διευθύνσεις email"},"legendAddress":{"_":"Διεύθυνση"},"settings":{"_":"Ρυθμίσεις"},"search-contact":{"placeholder":"Αναζήτηση"},"noResults":{"_":"Δεν βρέθηκαν επαφές"},"transferContactsTitle":{"_":"Μεταφορά Επαφών"},"importContactsTitle":{"_":"Εισαγωγή επαφών"},"importContactsButton":{"_":"Import Contacts"},"exportContactsTitle":{"_":"Εξαγωγή επαφών"},"exportContactsButton":{"_":"Export Contacts"},"exportContactsAction":{"_":"Εξαγωγή"},"simExport-title":{"_":"Εξαγωγή στην κάρτα SIM"},"sdExport-title":{"_":"Εξαγωγή στην κάρτα SD"},"btExport-title":{"_":"Εξαγωγή στο Bluetooth"},"sdUMSEnabled":{"_":"Δεν μπορείτε να χρησιμοποιήσετε την κάρτα SD επειδή είναι ενεργοποιημένη η σύνδεση USB"},"exportErrorTitle":{"_":"Σφάλμα κατά την Εξαγωγή"},"contactsExported2":{"_":"{[ plural(exported) ]}","_[zero]":"Καμία επαφή δεν εξήχθη","_[one]":"{{exported}}/{{total}} επαφή εξήχθη","_[two]":"{{exported}}/{{total}} επαφές εξήχθησαν","_[few]":"{{exported}}/{{total}} επαφές εξήχθησαν","_[many]":"{{exported}}/{{total}} επαφές εξήχθησαν","_[other]":"{{exported}}/{{total}} επαφές εξήχθησαν"},"exportError-general":{"_":"Συνέβη σφάλμα κατά την Εξαγωγή"},"exportError-SD-shared":{"_":"Η κάρτα μνήμης δεν μπορεί να προσπελαθεί λόγω διαμοιρασμού της"},"exportError-SD-unavailable":{"_":"Η κάρτα μνήμης δεν είναι διαθέσιμη"},"exportError-SD-noSpace":{"_":"Δεν υπάρχει αρκετός χώρος στην κάρτα μνήμης για εξαγωγή των επαφών"},"exportError-SIM-unavailable":{"_":"Η κάρτα SIM δεν είναι διαθέσιμη"},"exportError-BT-shared":{"_":"Η κάρτα μνήμης δεν μπορεί να προσπελαθεί λόγω διαμοιρασμού της"},"exportError-BT-unavailable":{"_":"Η κάρτα μνήμης δεν είναι διαθέσιμη"},"exportError-BT-noSpace":{"_":"Δεν υπάρχει αρκετός χώρος στην κάρτα μνήμης για εξαγωγή των επαφών"},"simContacts-import":{"_":"Εισαγωγή επαφών από κάρτα SIM"},"simContacts-importing":{"_":"Εισαγωγή επαφών από κάρτα SIM…"},"simContacts-reading":{"_":"Ανάγνωση από κάρτα SIM…"},"simContacts-error":{"_":"Δεν ήταν δυνατή η εισαγωγή επαφών από κάρτα SIM"},"simContacts-imported3":{"_":"{[ plural(n) ]}","_[zero]":"Δεν εντοπίστηκαν επαφές στην κάρτα SIM για  να εισαχθούν","_[one]":"Εισήχθη μία επαφή","_[two]":"Εισήχθησαν {{n}} επαφές","_[few]":"Εισήχθησαν {{n}} επαφές","_[many]":"Εισήχθησαν {{n}} επαφές","_[other]":"Εισήχθησαν {{n}} επαφές"},"noSimMsg":{"_":"Για να εισάγετε επαφές εισάγετε ή ξεκλειδώστε την κάρτα SIM"},"noSimMsgExport":{"_":"Για να εξάγετε επαφές εισάγετε ή ξεκλειδώστε την κάρτα SIM"},"simNumber":{"_":"SIM {{number}}"},"memoryCardContacts-import":{"_":"Εισαγωγή επαφών από την κάρτα μνήμης"},"memoryCardContacts-importing":{"_":"Εισάγονται επαφές από την κάρτα μνήμης… "},"memoryCardContacts-reading":{"_":"Ανάγνωση από κάρτα μνήμης…"},"memoryCardContacts-error":{"_":"Δεν ήταν δυνατή η εισαγωγή επαφών από την κάρτα μνήμης"},"memoryCardContacts-imported3":{"_":"{[ plural(n) ]}","_[zero]":"Δεν εντοπίστηκαν επαφές στην κάρτα μνήμης για εισαγωγή","_[one]":"Εισήχθη μία επαφή","_[two]":"Εισήχθησαν {{n}} επαφές","_[few]":"Εισήχθησαν {{n}} επαφές","_[many]":"Εισήχθησαν {{n}} επαφές","_[other]":"Εισήχθησαν {{n}} επαφές"},"noMemoryCardMsg":{"_":"Για να εισάγετε επαφές τοποθετήστε μία κάρτα μνήμης"},"noMemoryCardMsgExport":{"_":"Για να εξάγετε επαφές τοποθετήστε μία κάρτα μνήμης"},"genericProgress":{"_":"{{current}}/{{total}}"},"social-network":{"_":"Κοινωνικά δίκτυα"},"social-link":{"_":"Σύνδεση επαφής"},"social-unlink":{"_":"Αποσύνδεση επαφής"},"social-unlink-confirm-title":{"_":"Θέλετε να αποσυνδέσετε τον φίλο σας;"},"social-unlink-confirm-accept":{"_":"Κατάργηση συνδέσμου"},"facebook-import":{"_":"Εισαγωγή φίλων από το Facebook"},"show-fb-profile":{"_":"Εμφάνιση του προφίλ Facebook"},"msg-send":{"_":"Μήνυμα"},"wall-post":{"_":"Δημοσίευση στον τοίχο"},"facebook":{"_":"Facebook"},"facebook-import-msg":{"_":"{[ plural(imported) ]}","_[zero]":"Δεν εισήχθη κανένας φίλος (από τους {{total}})","_[one]":"Εισήχθη ένας φίλος (από τους {{total}})","_[two]":"{{imported}}/{{total}} φίλοι εισήχθησαν","_[few]":"{{imported}}/{{total}} φίλοι εισήχθησαν","_[many]":"{{imported}}/{{total}} φίλοι εισήχθησαν","_[other]":"{{imported}}/{{total}} φίλοι εισήχθησαν"},"otherAccount":{"_":"Άλλοι λογαριασμοί"},"facebookSwitchMsg":{"_":"Συγχρονισμός φίλων"},"select_mobile":{"_":"Επιλογή κινητού"},"select_email":{"_":"Επιλογή διεύθυνσης email"},"contactsOrderBy":{"_":"Ταξινόμηση με επώνυμο"},"importSim2":{"_":"Κάρτα SIM"},"importMemoryCard":{"_":"Κάρτα μνήμης"},"importGmail":{"_":"Gmail"},"bluetooth":{"_":"Bluetooth"},"importOutlook":{"_":"Outlook"},"fbUpdateFriends":{"_":"Ενημέρωση φίλων από το Facebook"},"cleaningFbData":{"_":"Διαγραφή δεδομένων Facebook"},"loggingOutFb":{"_":"Αποσύνδεση από το Facebook"},"cleanFbConfirmMsg":{"_":"Να διαγραφούν όλα τα δεδομένα του Facebook;"},"renewPwdMsg":{"_":"Ο κωδικός πρόσβασης σας στο Facebook έχει αλλάξει. Παρακαλούμε, ενημερώστε τον."},"noConnection11":{"_":"Για να εισάγετε φίλους από το Facebook ή επαφές, συνδεθείτε σε δίκτυο Wi-Fi ή δίκτυο δεδομένων."},"notEnabledYet":{"_":"Δεν έχει ενεργοποιηθεί"},"genericNoConnection":{"_":"Για την εισαγωγή επαφών συνδεθείτε με το Wi-Fi ή με το δίκτυο δεδομένων"},"simCard":{"_":"Κάρτα SIM"},"memoryCard":{"_":"Κάρτα μνήμης"},"create-new":{"_":"Δημιουργία επαφής"},"import-now":{"_":"Εισαγάγετε επαφές από κάρτα SIM ή Facebook"},"no-contacts":{"_":"Δεν υπάρχουν επαφές"},"start-adding":{"_":"Ξεκινήστε την προσθήκη τώρα"},"notImported":{"_":"Δεν εισήχθη"},"imported":{"_":"Εισήχθη"},"today":{"_":"Σήμερα"},"yesterday":{"_":"Χθες"},"messageCanceling":{"_":"Παρακαλούμε περιμένετε. Ακυρώνουμε την τρέχουσα διαδικασία."},"organise-contacts":{"_":"Οργάνωση Επαφών"},"find-merge-contacts":{"_":"Βρες διπλότυπα επαφών"},"preparing-contacts":{"_":"Προετοιμασία επαφών"},"exportError-SIM-NoFreeRecordFound":{"_":"Η κάρτα SIM είναι γεμάτη"},"exportError-SIM-CannotAccessPhoneBook":{"_":"Δεν είναι δυνατή η πρόσβαση στον κατάλογο"},"exportError-SIM-Unavailable":{"_":"Δεν βρέθηκε SIM"},"exportError-SIM-GenericError":{"_":"Προέκυψε σφάλμα κατά την εξαγωγή μιας επαφής"},"birthdayDateFormat":{"_":"%e %Eb"},"pincode2":{"_":"Εισαγωγή κωδικού PIN"},"type_pin":{"_":"Πληκτρολογήστε τον κωδικό PIN"},"pincodeLabel":{"_":"SIM {{n}} PIN"},"pinValidation":{"_":"Ο κωδικός PIN πρέπει να περιέχει 4 έως 8 ψηφία."},"pinError":{"_":"Ο κωδικός PIN ήταν λανθασμένος."},"pinAttemptMsg2":{"_":"{[ plural(n) ]}","_[one]":"Απομένει μία προσπάθεια για να εισάγετε τον σωστό κωδικό πριν κλειδώσει η κάρτα SIM.","_[two]":"Απομένουν {{n}} προσπάθειες για να εισάγετε τον σωστό κωδικό πριν κλειδώσει η κάρτα SIM.","_[few]":"Απομένουν {{n}} προσπάθειες για να εισάγετε τον σωστό κωδικό πριν κλειδώσει η κάρτα SIM.","_[many]":"Απομένουν {{n}} προσπάθειες για να εισάγετε τον σωστό κωδικό πριν κλειδώσει η κάρτα SIM.","_[other]":"Απομένουν {{n}} προσπάθειες για να εισάγετε τον σωστό κωδικό πριν κλειδώσει η κάρτα SIM."},"pinLastChanceMsg":{"_":"Είναι η τελευταία σας ευκαιρία να εισάγετε το σωστό PIN. Αλλιώς, θα πρέπει να εισάγετε τον κωδικό PUK για να χρησιμοποιήσετε την κάρτα SIM."},"pukcode":{"_":"Εισαγωγή κωδικού PUK"},"pukcodeTitle":{"_":"Εισάγετε τον κωδικό PUK της SIM {{n}}"},"pukcodeLabel":{"_":"SIM {{n}} PUK"},"type_puk":{"_":"Κωδικός PUK"},"pukValidation":{"_":"Ο κωδικός PUK πρέπει να έχει ακριβώς 8 χαρακτήρες."},"pukInfo":{"_":"Πρέπει να εισάγετε τον κωδικό PUK για την κάρτα SIM. Ανατρέξτε στην τεκμηρίωση της κάρτας SIM σας ή επικοινωνήστε με τον πάροχο σας για περισσότερες πληροφορίες."},"pukError":{"_":"Ο κωδικός PUK ήταν λανθασμένος."},"pukAttemptMsg2":{"_":"{[ plural(n) ]}","_[one]":"Απομένει μία προσπάθεια να εισάγετε τον σωστό κωδικό προτού η συγκεκριμένη κάρτα SIM δε θα μπορεί να χρησιμοποιηθεί. Συμβουλευτείτε την τεκμηρίωση της κάρτας SIM σας ή επικοινωνήστε με τον πάροχο σας για περισσότερες πληροφορίες.","_[two]":"Απομένουν {{n}} προσπάθειες να εισάγετε τον σωστό κωδικό προτού η συγκεκριμένη κάρτα SIM δε θα μπορεί να χρησιμοποιηθεί. Συμβουλευτείτε την τεκμηρίωση της κάρτας SIM σας ή επικοινωνήστε με τον πάροχο σας για περισσότερες πληροφορίες.","_[few]":"Απομένουν {{n}} προσπάθειες να εισάγετε τον σωστό κωδικό προτού η συγκεκριμένη κάρτα SIM δε θα μπορεί να χρησιμοποιηθεί. Συμβουλευτείτε την τεκμηρίωση της κάρτας SIM σας ή επικοινωνήστε με τον πάροχο σας για περισσότερες πληροφορίες.","_[many]":"Απομένουν {{n}} προσπάθειες να εισάγετε τον σωστό κωδικό προτού η συγκεκριμένη κάρτα SIM δε θα μπορεί να χρησιμοποιηθεί. Συμβουλευτείτε την τεκμηρίωση της κάρτας SIM σας ή επικοινωνήστε με τον πάροχο σας για περισσότερες πληροφορίες.","_[other]":"Απομένουν {{n}} προσπάθειες να εισάγετε τον σωστό κωδικό προτού η συγκεκριμένη κάρτα SIM δε θα μπορεί να χρησιμοποιηθεί. Συμβουλευτείτε την τεκμηρίωση της κάρτας SIM σας ή επικοινωνήστε με τον πάροχο σας για περισσότερες πληροφορίες."},"pukLastChanceMsg":{"_":"Αυτή είναι η τελευταία σας ευκαιρία να εισάγετε τον σωστό κωδικό PUK. Η κάρτα SIM σας δε θα μπορεί να χρησιμοποιηθεί πλέον εάν εισάγετε λάθος κωδικό PUK."},"create_newpin":{"_":"Δημιουργία νέου κωδικού PIN (πρέπει να περιέχει 4 έως 8 ψηφία)"},"confirm_newpin":{"_":"Επιβεβαίωση νέου κωδικού PIN"},"newpinConfirmation":{"_":"Οι κωδικοί PIN δεν ταιριάζουν"},"nckcode":{"_":"Εισάγετε τον κωδικό NCK"},"cckcode":{"_":"Εισάγετε τον κωδικό CCK"},"spckcode":{"_":"Εισάγετε τον κωδικό SPCK"},"nckcodeTitle":{"_":"Εισάγετε το SIM {{n}} NCK"},"cckcodeTitle":{"_":"Εισάγετε το SIM {{n}} CCK"},"spckcodeTitle":{"_":"Εισάγετε το SIM {{n}} SPCK"},"nckcodeLabel":{"_":"SIM {{n}} NCK"},"cckcodeLabel":{"_":"SIM {{n}} CCK"},"spckcodeLabel":{"_":"SIM {{n}} SPCK"},"type_nck":{"_":"Πληκτρολογήστε τον κωδικό NCK"},"type_cck":{"_":"Πληκτρολογήστε τον κωδικό CCK"},"type_spck":{"_":"Πληκτρολογήστε τον κωδικό SPCK"},"nckValidation":{"_":"Ο κωδικός NCK πρέπει να έχει από 8 έως 16 χαρακτήρες."},"cckValidation":{"_":"Ο κωδικός CCK πρέπει να έχει από 8 έως 16 χαρακτήρες."},"spckValidation":{"_":"Ο κωδικός SPCK πρέπει να έχει από 8 έως 16 χαρακτήρες."},"nckErrorMsg":{"_":"Ο κωδικός NCK είναι λανθασμένος."},"nckAttemptMsg2":{"_":"{[ plural(n) ]}","_[one]":"Αποτυχία της αίτησης αποπροσωπικοποίησης. Σας απομένει μία προσπάθεια να εισάγετε τον σωστό κωδικό. Ανατρέξτε στην τεκμηρίωση της συσκευής ή επικοινωνήστε με τον πάροχο σας για περισσότερες πληροφορίες.","_[two]":"Αποτυχία της αίτησης αποπροσωπικοποίησης. Σας απομένουν {{n}} προσπάθειες να εισάγετε τον σωστό κωδικό. Ανατρέξτε στην τεκμηρίωση της συσκευής ή επικοινωνήστε με τον πάροχο σας για περισσότερες πληροφορίες.","_[few]":"Αποτυχία της αίτησης αποπροσωπικοποίησης. Σας απομένουν {{n}} προσπάθειες να εισάγετε τον σωστό κωδικό. Ανατρέξτε στην τεκμηρίωση της συσκευής ή επικοινωνήστε με τον πάροχο σας για περισσότερες πληροφορίες.","_[many]":"Αποτυχία της αίτησης αποπροσωπικοποίησης. Σας απομένουν {{n}} προσπάθειες να εισάγετε τον σωστό κωδικό. Ανατρέξτε στην τεκμηρίωση της συσκευής ή επικοινωνήστε με τον πάροχο σας για περισσότερες πληροφορίες.","_[other]":"Αποτυχία της αίτησης αποπροσωπικοποίησης. Σας απομένουν {{n}} προσπάθειες να εισάγετε τον σωστό κωδικό. Ανατρέξτε στην τεκμηρίωση της συσκευής ή επικοινωνήστε με τον πάροχο σας για περισσότερες πληροφορίες."},"nckLastChanceMsg":{"_":"Αποτυχία της αίτησης εξατομίκευσης δικτύου. Τελευταία ευκαιρία για να εισάγετε τον σωστό NCK κωδικό. Ανατρέξτε στην τεκμηρίωση της συσκευής σας ή επικοινωνήστε με τον πάροχο σας για περισσότερες πληροφορίες."},"skip":{"_":"Παράβλεψη"},"send":{"_":"Αποστολή"},"simLocked":{"_":"Η κάρτα SIM είναι κλειδωμένη"},"inputCodeRetriesLeft":{"_":"{[ plural(n) ]}","_[one]":"τελευταία προσπάθεια.","_[two]":"Απομένουν {{n}} προσπάθειες.","_[few]":"Απομένουν {{n}} προσπάθειες.","_[many]":"Απομένουν {{n}} προσπάθειες.","_[other]":"Απομένουν {{n}} προσπάθειες."},"simManager":{"_":"Διαχείριση SIM"},"simDetail":{"_":"SIM {{n}}"},"simDefault":{"_":"(default)"},"simDefaultMessage":{"_":"Εξερχόμενες κλήσεις, εξερχόμενα μηνύματα και σύνδεση δεδομένων έχουν οριστεί ως προεπιλογές στη SIM 1"},"simSettingsMessage":{"_":"Μπορείτε να αλλάξετε προκαθορισμένες ρυθμίσεις στις Ρυθμίσεις > Διαχείρηση κάρτας SIM"},"simPinLocked":{"_":"Το PIN της κάρτας SIM κλειδώθηκε"},"noOperator":{"_":"Χωρίς πάροχο"},"language":{"_":"Γλώσσα"},"english":{"_":"Αγγλικά"},"dvorak":{"_":"Αγγλικά (Dvorak)"},"spanish":{"_":"Ισπανικά"},"portuguese":{"_":"Πορτογαλικά Βραζιλίας"},"french":{"_":"Γαλλικά"},"italian":{"_":"Ιταλικά"},"arabic":{"_":"Αραβικά"},"greek":{"_":"Ελληνικά"},"hebrew":{"_":"Εβραϊκά"},"jp-kanji":{"_":"Ιαπωνικά"},"jp-kanji-desc":{"_":"Κάνζι"},"traditionalChinese":{"_":"Παραδοσιακά Κινέζικα"},"traditionalChinese-desc":{"_":"Zhuyin"},"simplifiedChinese":{"_":"Απλοποιημένα Κινέζικα"},"simplifiedChinese-desc":{"_":"Pinyin"},"3g":{"_":"Δεδομένα δικτύου"},"dataConnection":{"_":"Ενεργοποίηση"},"dataConnectionInfo":{"_":"Η ενεργοποίηση της σύνδεσης δεδομένων τώρα, θα σας επιτρέψει να ρυθμίσετε το τηλέφωνο σας χωρίς σύνδεση Wi-Fi. Αν θέλετε, μπορείτε να την ενεργοποιήσετε αργότερα μέσω των ρυθμίσεων. Βεβαιωθείτε πως διαθέτετε πρόγραμμα δεδομένων από τον πάροχο σας, ώστε να αποφύγετε τυχόν υπέρογκες χρεώσεις."},"caution":{"_":"Προειδοποίηση"},"geolocation":{"_":"Γεωεντοπισμός"},"geolocationCheckbox":{"_":"Ενεργοποίηση"},"geolocationInfo2":{"_":"Το {{brandShortName}} χρησιμοποιεί δεδομένα όπως GPS, WiFi, και δίκτυα κινητής τηλεφωνίας κοντά σας για να καθορίσει την τοποθεσία σας."},"geolocationInfoMore":{"_":"Τα δεδομένα αποστέλλονται στο Mozilla και άλλους παρόχους υπηρεσιών και θα χρησιμοποιηθούν στο σύνολο τους για τη βελτίωση των βάσεων δεδομένων για τη συγκεκριμένη τοποθεσία. Τα δεδομένα μπορεί να αποθηκεύονται στη συσκευή σας και η συλλογή δεδομένων μπορεί να λάβει χώρα ακόμη και όταν καμία εφαρμογή δεν είναι ενεργή."},"notice":{"_":"Σημείωση"},"aboutYourPrivacy":{"_":"Περισσότερα για την ιδιωτικότητα σας"},"wifi":{"_":"Wi-Fi"},"scanningNetworks":{"_":"Σάρωση για δίκτυα"},"selectNetwork":{"_":"Επιλογή Wi-Fi"},"shortStatus-connecting":{"_":"Σύνδεση…"},"shortStatus-associated":{"_":"Λήψη διεύθυνσης IP…"},"shortStatus-connected":{"_":"Συνδεδεμένο"},"shortStatus-connectingfailed":{"_":"Η σύνδεση απέτυχε"},"shortStatus-disconnected":{"_":"Εκτός σύνδεσης"},"securedBy":{"_":"ασφαλισμένο με {{capabilities}}"},"security":{"_":"Ασφάλεια"},"securityNone":{"_":"Καμία"},"securityWEP":{"_":"WEP"},"securityWPA-PSK":{"_":"WPA-PSK"},"securityWPA-EAP":{"_":"WPA-EAP"},"securityOpen":{"_":"Ανοιχτό"},"identity":{"_":"Χρήστης"},"identityInput":{"placeholder":"Χρήστης"},"password":{"_":"Κωδικός πρόσβασης"},"passwordInput":{"placeholder":"Κωδικός πρόσβασης"},"showPassword":{"_":"Εμφάνιση κωδικού πρόσβασης"},"refresh":{"_":"Ανανέωση"},"noWifiFound3":{"_":"Δεν βρέθηκαν ασύρματα δίκτυα"},"join-hidden-button":{"_":"Σύνδεση σε κρυφό δίκτυο"},"authentication":{"_":"Authentication"},"ssid-name":{"_":"SSID όνομα δικτύου"},"dateAndTime":{"_":"Ημερομηνία & Ώρα"},"setTimeAutomatically":{"_":"Αυτόματη ρύθμιση"},"timezoneMessage":{"_":"Ζώνη ώρας"},"timezoneTitle":{"_":"UTC{{utcOffset}} {{region}}/{{city}}"},"dateMessage":{"_":"Ημερομηνία"},"timeMessage":{"_":"Ώρα"},"timeZone":{"_":"Ζώνη ώρας"},"change":{"_":"Αλλαγή"},"importContacts3":{"_":"Εισαγωγή επαφών"},"importFb2":{"_":"Facebook"},"fb-checking":{"_":"… γίνεται έλεγχος"},"notImportedYet":{"_":"Δεν έχει εισαχθεί ακόμα"},"afterFbImport":{"_":"Μπορείτε να εισάγετε και να επεξεργαστείτε φίλους από το Facebook οποιαδήποτε στιγμή στις ρυθμίσεις επαφών"},"about-your-rights-0":{"_":"Το {{brandShortName}} δημιουργήθηκε ως ελεύθερο και ανοιχτό λογισμικό από μία κοινότητα χιλιάδων ανθρώπων από όλα τα μήκη και πλάτη του κόσμου. Υπάρχουν μερικά πράγματα που πρέπει να γνωρίζετε:"},"about-your-rights-1":{"_":"Το {{brandShortName}} είναι διαθέσιμο σε εσάς υπό τους όρους διάφορων αδειών ανοικτού κώδικα συμπεριλαμβανομένης και της άδειας Mozilla Public License. Μία συσκευή που τρέχει {{brandShortName}} μπορεί ακόμη να περιέχει ιδιόκτητο λογισμικό από τρίτους. Κάθε κώδικας που παρέχεται υπό άδειες ανοικτού λογισμικού σας δίνει το δικαίωμα να τον τροποποιήσετε και να τον διανέμετε εφόσον τηρείτε τους όρους της εκάστοτε ισχύουσας άδειας."},"about-your-rights-2":{"_":"Δε σας παραχωρείται κανένα δικαίωμα ή άδεια στα λογότυπα του Mozilla Foundation ή άλλου εταίρου, συμπεριλαμβανομένου του ονόματος και του λογότυπου του {{brandShortName}}."},"about-your-rights-3":{"_":"Στο {{brandShortName}}, μέσω λειτουργιών όπως η αναφορά σφαλμάτων, σας δίνεται η δυνατότητα να στείλετε χρήσιμα δεδομένα στο Mozilla. Επιλέγοντας την αποστολή αυτών, δίνετε στο Mozilla την άδεια να τα χρησιμοποιήσει για να βελτιώσει τα προϊόντα του, να τα δημοσιεύσει σε ιστοσελίδες του και να τα διανείμει."},"about-other":{"_":"Άλλοι"},"SIM_mandatory":{"_":"Προειδοποίηση κάρτας SIM"},"SIM_mandatory_warm":{"_":"Παρακαλούμε, εισάγετε κάρτα SIM και επανεκκινήστε το τηλέφωνό σας."},"sharing-performance-data":{"_":"Διαμοιρασμός δεδομένων επιδόσεων"},"telemetry-sends":{"_":"Το σύστημα τηλεμετρίας στέλνει στο Mozilla δεδομένα σχετικά με την απόδοση, το υλικό, τις ρυθμίσεις και τις τροποποιήσεις στη {{brandShortName}} συσκευή σας. Τα δεδομένα αυτά τα χρησιμοποιούμε για να κάνουμε τα προϊόντα μας καλύτερα, πιο γρήγορα και πιο αποδοτικά."},"learn-more-at":{"_":"Μάθετε περισσότερα στο"},"external-telemetry":{"title":"Τηλεμετρία"},"learn-about-information":{"_":"Μάθετε πως το Mozilla χειρίζεται τις πληροφορίες σας στην"},"external-privacy":{"title":"Ιδιωτικότητα"},"welcomeBrowser":{"_":"Καλώς ορίσατε στο {{brandShortName}}, το ελεύθερο και ανοιχτού κώδικα λειτουργικό σύστημα από το Mozilla. Αποστολή μας είναι η προώθηση του ανοικτού πνεύματος, της καινοτομίας και των ίσων ευκαιριών διατηρώντας τη δύναμη του διαδικτύου στα χέρια σας."},"learnHow":{"_":"Μάθετε πως το Mozilla χειρίζεται τις πληροφορίες στην"},"privacyPolicy":{"_":"πολιτική απορρήτου","title":"Πολιτική απορρήτου"},"aboutBrowser":{"_":"Περί {{brandShortName}}"},"aboutYourPrivacy2":{"_":"Ιδιωτικότητα"},"mozillaCommunity2":{"_":"Όταν χρησιμοποιείτε το {{brandShortName}}, γίνεστε κομμάτι μιας παγκόσμιας κοινότητας που βοηθά να χτιστεί ένα λαμπρότερο μέλλον για το Διαδίκτυο. Εάν θα θέλατε να μάθετε περισσότερα σχετικά με την κοινότητα του Mozilla, τα υπόλοιπα προϊόντα μας και τυχόν εκδηλώσεις κοντά σας, παρακαλούμε εισάγετε τη διεύθυνση email σας παρακάτω."},"collaborate":{"_":"Θέλω να βοηθήσω στη βελτίωση του {{brandShortName}} παρέχοντας χρήσιμα δεδομένα σχετικά με τη συσκευή μου."},"learnMore":{"_":"Μάθετε περισσότερα."},"emailAddress":{"placeholder":"Διεύθυνση email"},"email-successfully-added":{"_":"Το email προστέθηκε επιτυχώς"},"email-loading":{"_":"Αποθήκευση του email…"},"browserPrivacyChoices":{"_":"Επιλογές απορρήτου του {{brandShortName}}"},"privacy-b2g":{"_":"{{brandShortName}}","title":"{{brandShortName}}"},"privacy-marketplace":{"_":"Marketplace","title":"{{privacy-marketplace}}"},"privacy-e-me":{"_":"everything.me","title":"{{privacy-e-me}}"},"navbar-back":{"_":"Πίσω"},"navbar-next":{"_":"Επόμενο"},"navbar-join":{"_":"Σύνδεση"},"thatsIt":{"_":"Αυτό ήταν!"},"startYourPhone":{"_":"Μάθετε το τηλέφωνο σας!"},"startYourTablet":{"_":"Μάθετε την ταμπλέτα σας!"},"joinTutorial":{"_":"Ελάτε να ρίξουμε μια γρήγορη ματιά στο νέο σας τηλέφωνο."},"enjoyYourPhone":{"_":"Είστε έτοιμοι να απολαύσετε το νέο σας τηλέφωνο."},"optionsAvailable":{"_":"Μπορείτε να αλλάξετε τη γλώσσα, την ημερομηνία/ώρα και τη σύνδεση Wi-Fi στις ρυθμίσεις."},"letsGo":{"_":"Ας ξεκινήσουμε"},"startTour":{"_":"Έναρξη"},"thatsIt1Tablet-2":{"_":"You can always swipe from the bottom edge to enter home screen."},"thatsIt2Tablet-2":{"_":"Let's do it !"},"tutorial-step1-tiny":{"_":"Σύρετε από τα δεξιά προς τα αριστερά για να περιηγηθείτε στις εφαρμογές σας."},"tutorial-step2-tiny":{"_":"Πιέστε παρατεταμένα σε ένα εικονίδιο για να το διαγράψετε ή να το μετακινήσετε."},"tutorial-step3-tiny":{"_":"Εισάγεται μία λέξη κλειδί ή ένα θέμα και το τηλεφωνό σας θα προσαρμοστεί αμέσως."},"tutorial-step4-tiny":{"_":"Σύρετε προς τα κάτω για να δείτε τις πρόσφατες ειδοποιήσεις, τις πληροφορίες χρέωσης και τις ρυθμίσεις."},"tutorial-step5-tiny":{"_":"Πιέστε παρατεταμένα το κουμπί αρχικής οθόνης για να δείτε και να κλείσετε εφαρμογές που ήδη τρέχουν."},"tutorial-step6-tiny":{"_":"Swipe from the side of the screen to move back and forth between recent apps."},"tutorial-step1-large-2":{"_":"Swipe down from top to access recent notiﬁcations, credit information and settings."},"tutorial-step2-large-2":{"_":"Swipe left or right to discover new apps on home screen."},"tutorial-step3-large-2":{"_":"Tap and hold on an icon to delete or move it."},"tutorial-step4-large-2":{"_":"Two fingers swipe up from the bottom edge to trigger card view."},"offline-dialog-title":{"_":"Πρέπει να είστε συνδεδεμένος στο διαδίκτυο για να δείτε τη σελίδα."},"offline-dialog-text":{"_":"Παρακαλούμε πηγαίνετε πίσω και συνδεθείτε στο διαδίκτυο. Μπορείτε να δείτε τη σελίδα αργότερα από τις ρυθμίσεις ή εισάγοντας τη διεύθυνση {{url}} σε κάποιον περιηγητή."},"OK":{"_":"ΟΚ"},"offline-newsletter-dialog-title":{"_":"Πρέπει να είστε συνδεδεμένος στο διαδίκτυο για να εγγραφείτε στο ενημερωτικό δελτίο."},"offline-newsletter-dialog-text":{"_":"Παρακαλούμε επιστρέψτε και συνδεθείτε στο διαδίκτυο."},"invalid-email-dialog-title":{"_":"Το email σας δεν είναι έγκυρο"},"invalid-email-dialog-text":{"_":"Παρακαλούμε επιστρέψτε και διορθώστε την καταχώρηση σας."},"pckodeLabel":{"_":"SIM {{n}} SPCK"},"thatsIt1Tablet":{"_":"Αυτό ήταν! Είστε έτοιμοι να απολαύσετε την καινούρια σας ταμπλέτα. "},"thatsIt2Tablet":{"_":"Σύρετε από κάτω προς τα πάνω για να εγκαταλείψετε τον οδηγό."},"tutorial-step1-large":{"_":"Σύρετε αριστερά ή δεξιά για να ανακαλύψετε νέες εφαρμογές στην αρχική οθόνη."},"tutorial-step2-large":{"_":"Πιέστε παρατεταμένα σε ένα εικονίδιο για να το διαγράψετε ή να το μετακινήσετε."},"tutorial-step3-large":{"_":"Σύρετε από πάνω προς τα κάτω για να δείτε τις πρόσφατες ειδοποιήσεις, τις πληροφορίες χρέωσης και τις ρυθμίσεις."},"tutorial-step4-large":{"_":"Πατήστε ένα εικονίδιο για να ανοίξετε την αντίστοιχη εφαρμογή."},"tutorial-step5-large":{"_":"Σύρετε από κάτω προς τα πάνω για να επιστρέψετε στην αρχική οθόνη."},"weekday-0-long":{"_":"Κυριακή"},"weekday-1-long":{"_":"Δευτέρα"},"weekday-2-long":{"_":"Τρίτη"},"weekday-3-long":{"_":"Τετάρτη"},"weekday-4-long":{"_":"Πέμπτη"},"weekday-5-long":{"_":"Παρασκευή"},"weekday-6-long":{"_":"Σάββατο"},"weekday-0-short":{"_":"Κυρ"},"weekday-1-short":{"_":"Δευ"},"weekday-2-short":{"_":"Τρι"},"weekday-3-short":{"_":"Τετ"},"weekday-4-short":{"_":"Πεμ"},"weekday-5-short":{"_":"Παρ"},"weekday-6-short":{"_":"Σαβ"},"month-0-long":{"_":"Ιανουάριος"},"month-1-long":{"_":"Φεβρουάριος"},"month-2-long":{"_":"Μάρτιος"},"month-3-long":{"_":"Απρίλιος"},"month-4-long":{"_":"Μάιος"},"month-5-long":{"_":"Ιούνιος"},"month-6-long":{"_":"Ιούλιος"},"month-7-long":{"_":"Αύγουστος"},"month-8-long":{"_":"Σεπτέμβριος"},"month-9-long":{"_":"Οκτώβριος"},"month-10-long":{"_":"Νοέμβριος"},"month-11-long":{"_":"Δεκέμβριος"},"month-0-genitive":{"_":"Ιανουαρίου"},"month-1-genitive":{"_":"Φεβρουαρίου"},"month-2-genitive":{"_":"Μαρτίου"},"month-3-genitive":{"_":"Απριλίου"},"month-4-genitive":{"_":"Μαΐου"},"month-5-genitive":{"_":"Ιουνίου"},"month-6-genitive":{"_":"Ιουλίου"},"month-7-genitive":{"_":"Αυγούστου"},"month-8-genitive":{"_":"Σεπτεμβρίου"},"month-9-genitive":{"_":"Οκτωβρίου"},"month-10-genitive":{"_":"Νοεμβρίου"},"month-11-genitive":{"_":"Δεκεμβρίου"},"month-0-short":{"_":"Ιαν"},"month-1-short":{"_":"Φεβ"},"month-2-short":{"_":"Μαρ"},"month-3-short":{"_":"Απρ"},"month-4-short":{"_":"Μάι"},"month-5-short":{"_":"Ιουν"},"month-6-short":{"_":"Ιουλ"},"month-7-short":{"_":"Αυγ"},"month-8-short":{"_":"Σεπ"},"month-9-short":{"_":"Οκτ"},"month-10-short":{"_":"Νοε"},"month-11-short":{"_":"Δεκ"},"minutes-ago-long":{"_":"{[ plural(value) ]}","_[zero]":"μόλις τώρα","_[one]":"πριν από ένα λεπτό","_[two]":"πριν από {{value}} λεπτά","_[few]":"πριν από {{value}} λεπτά","_[many]":"πριν από {{value}} λεπτά","_[other]":"πριν από {{value}} λεπτά"},"hours-ago-long":{"_":"{[ plural(value) ]}","_[zero]":"μόλις τώρα","_[one]":"πριν από μία ώρα","_[two]":"πριν από {{value}} ώρες","_[few]":"πριν από {{value}} ώρες","_[many]":"πριν από {{value}} ώρες","_[other]":"πριν από {{value}} ώρες"},"days-ago-long":{"_":"{[ plural(value) ]}","_[zero]":"σήμερα","_[one]":"χθες","_[two]":"πριν από {{value}} ημέρες","_[few]":"πριν από {{value}} ημέρες","_[many]":"πριν από {{value}} ημέρες","_[other]":"πριν από {{value}} ημέρες"},"weeks-ago-long":{"_":"{[ plural(value) ]}","_[zero]":"αυτή την εβδομάδα","_[one]":"την τελευταία εβδομάδα","_[two]":"πριν από {{value}} εβδομάδες","_[few]":"πριν από {{value}} εβδομάδες","_[many]":"πριν από {{value}} εβδομάδες","_[other]":"πριν από {{value}} εβδομάδες"},"months-ago-long":{"_":"{[ plural(value) ]}","_[zero]":"αυτό τον μήνα","_[one]":"τον τελευταίο μήνα","_[two]":"πριν από {{value}} μήνες","_[few]":"πριν από {{value}} μήνες","_[many]":"πριν από {{value}} μήνες","_[other]":"πριν από {{value}} μήνες"},"years-ago-long":{"_":"{[ plural(value) ]}","_[zero]":"αυτό το έτος","_[one]":"το περασμένο έτος","_[two]":"πριν από {{value}} χρόνια","_[few]":"πριν από {{value}} χρόνια","_[many]":"πριν από {{value}} χρόνια","_[other]":"πριν από {{value}} χρόνια"},"minutes-until-long":{"_":"{[ plural(value) ]}","_[zero]":"τώρα","_[one]":"σε ένα λεπτό","_[two]":"σε {{value}} λεπτά","_[few]":"σε {{value}} λεπτά","_[many]":"σε {{value}} λεπτά","_[other]":"σε {{value}} λεπτά"},"hours-until-long":{"_":"{[ plural(value) ]}","_[zero]":"τώρα","_[one]":"σε μία ώρα","_[two]":"σε {{value}} ώρες","_[few]":"σε {{value}} ώρες","_[many]":"σε {{value}} ώρες","_[other]":"σε {{value}} ώρες"},"days-until-long":{"_":"{[ plural(value) ]}","_[zero]":"σήμερα","_[one]":"αύριο","_[two]":"σε {{value}} ημέρες","_[few]":"σε {{value}} ημέρες","_[many]":"σε {{value}} ημέρες","_[other]":"σε {{value}} ημέρες"},"weeks-until-long":{"_":"{[ plural(value) ]}","_[zero]":"αυτή την εβδομάδα","_[one]":"την επόμενη εβδομάδα","_[two]":"σε {{value}} εβδομάδες","_[few]":"σε {{value}} εβδομάδες","_[many]":"σε {{value}} εβδομάδες","_[other]":"σε {{value}} εβδομάδες"},"months-until-long":{"_":"{[ plural(value) ]}","_[zero]":"αυτό τον μήνα","_[one]":"στον επόμενο μήνα","_[two]":"σε {{value}} μήνες","_[few]":"σε {{value}} μήνες","_[many]":"σε {{value}} μήνες","_[other]":"σε {{value}} μήνες"},"years-until-long":{"_":"{[ plural(value) ]}","_[zero]":"αυτό το έτος","_[one]":"επόμενο έτος","_[two]":"σε {{value}} έτη","_[few]":"σε {{value}} έτη","_[many]":"σε {{value}} έτη","_[other]":"σε {{value}} έτη"},"minutes-ago-short":{"_":"{[ plural(value) ]}","_[zero]":"τώρα","_[other]":"πριν {{value}}′"},"hours-ago-short":{"_":"{[ plural(value) ]}","_[zero]":"τώρα","_[other]":"πριν {{value}} ώρ."},"days-ago-short":{"_":"{[ plural(value) ]}","_[zero]":"σήμερα","_[other]":"πριν {{value}} ημ."},"minutes-until-short":{"_":"{[ plural(value) ]}","_[zero]":"τώρα","_[other]":"σε {{value}}′"},"hours-until-short":{"_":"{[ plural(value) ]}","_[zero]":"τώρα","_[other]":"σε {{value}} ώρ."},"days-until-short":{"_":"{[ plural(value) ]}","_[zero]":"σήμερα","_[other]":"σε {{value}} ημ."},"incorrectDate":{"_":"(λάθος ημερομηνία)"},"dateTimeFormat_%c":{"_":"%a, %e %Eb %Y, %H:%M:%S"},"dateTimeFormat_%x":{"_":"%d/%m/%Y"},"dateTimeFormat_%X":{"_":"%H:%M:%S"},"shortTimeFormat":{"_":"%H:%M"},"shortDateTimeFormat":{"_":"%x %H:%M"},"weekStartsOnMonday":{"_":"0"},"time_am":{"_":"AM"},"time_pm":{"_":"PM"},"tz-region":{"_":"Περιοχή"},"tz-city":{"_":"Πόλη"},"tzRegion-Africa":{"_":"Αφρική"},"tzRegion-America":{"_":"Αμερική"},"tzRegion-Antarctica":{"_":"Ανταρκτική"},"tzRegion-Asia":{"_":"Ασία"},"tzRegion-Atlantic":{"_":"Ατλαντικός Ωκεανός"},"tzRegion-Australia":{"_":"Αυστραλία"},"tzRegion-Europe":{"_":"Ευρώπη"},"tzRegion-Indian":{"_":"Ινδικός Ωκεανός"},"tzRegion-Pacific":{"_":"Ειρηνικός Ωκεανός"},"close":{"_":"Κλείσιμο"},"import":{"_":"Εισαγωγή"},"fbFriends":{"_":"Φίλοι"},"live-serviceName":{"_":"Outlook"},"gmail-serviceName":{"_":"Gmail"},"facebook-serviceName":{"_":"Φίλοι"},"viewAll":{"_":"Εμφάνιση όλων των φίλων από το Facebook"},"viewRecommend":{"_":"Προβολή μόνο προτεινόμενων"},"linkProposal":{"_":"{[ plural(numFriends) ]}","_[zero]":"Δεν βρέθηκαν φίλοι. Εμφάνιση όλων","_[one]":"Διαλέξτε το προτεινόμενο","_[two]":"Διαλέξτε ένα από τα προτεινόμενα","_[few]":"Διαλέξτε ένα από τα προτεινόμενα","_[many]":"Διαλέξτε ένα από τα προτεινόμενα","_[other]":"Διαλέξτε ένα από τα προτεινόμενα"},"fbFriendsFound":{"_":"{[ plural(numFriends) ]}","_[zero]":"Εισήχθησαν όλοι οι φίλοι σας","_[one]":"Βρέθηκε ένας φίλος για εισαγωγή","_[two]":"Βρέθηκαν {{numFriends}} φίλοι για εισαγωγή","_[few]":"Βρέθηκαν {{numFriends}} φίλοι για εισαγωγή","_[many]":"Βρέθηκαν {{numFriends}} φίλοι για εισαγωγή","_[other]":"Βρέθηκαν {{numFriends}} φίλοι για εισαγωγή"},"done-search":{"_":"Κλείσιμο"},"progressFB3ImportTitle":{"_":"Εισαγωγή φίλων στις επαφές"},"progressFB":{"_":"{{current}}/{{total}}"},"progressFB3UpdateTitle":{"_":"Ενημέρωση φίλων στις επαφές"},"message2":{"_":"Αυτό μπορεί να διαρκέσει μερικά λεπτά"},"messageLinking":{"_":"Παρακαλoύμε περιμένετε. Συνδέουμε τον φίλο και την επαφή σας."},"error1":{"_":"Σφάλμα {{from}}"},"error2":{"_":"Θέλετε να ξαναδοκιμάσετε;"},"errorProposal":{"_":"υπολογισμός προτάσεων"},"errorFriends":{"_":"ανάκτηση φίλων"},"errorLinking":{"_":"σύνδεση επαφής"},"timeout1":{"_":"Υπέρβαση χρόνου αναμονής {{from}}"},"timeout2":{"_":"Θέλετε να ξαναδοκιμάσετε;"},"timeoutProposal":{"_":"υπολογισμός προτάσεων"},"timeoutFriends":{"_":"ανάκτηση φίλων"},"timeoutLinking":{"_":"σύνδεση επαφών"},"wait1":{"_":"Παρακαλούμε περιμένετε"},"wait2":{"_":"Αυτό μπορεί να διαρκέσει μερικά λεπτά"},"waitProposal":{"_":"Παρακαλούμε περιμένετε. Υπολογίζουμε μια πρόταση."},"waitFriends":{"_":"Παρακαλούμε περιμένετε. Συνδεόμαστε για να κατεβάσουμε την λίστα των φίλων σας."},"curtainCancel":{"_":"Ακύρωση"},"curtainRetry":{"_":"Δοκιμάστε ξανά"},"curtainOK":{"_":"ΟΚ"},"connectionLost":{"_":"Καμία σύνδεση δικτύου"},"connectionLostMsg":{"_":"Οι φωτογραφίες των φίλων δεν θα προστεθούν στις επαφές σας. Θέλετε σίγουρα να συνεχίσετε;"},"yesOption":{"_":"ΟΚ"},"noOption":{"_":"Ακύρωση"},"friendsUpdated":{"_":"{[ plural(numFriends) ]}","_[zero]":"Δεν ενημερώθηκε κανένας φίλος","_[one]":"Ενημερώθηκε ένας φίλος","_[two]":"Ενημερώθηκαν {{numFriends}} φίλοι","_[few]":"Ενημερώθηκαν {{numFriends}} φίλοι","_[many]":"Ενημερώθηκαν {{numFriends}} φίλοι","_[other]":"Ενημερώθηκαν {{numFriends}} φίλοι"},"notificationLogin":{"_":"Η συνεδρία σας στο Facebook δεν είναι έγκυρη. Παρακαλούμε συνδεθείτε."},"syncError":{"_":"Παρουσιάστηκε σφάλμα στον συγχρονισμό των δεδομένων των φίλων σας."},"addToExistingContact":{"_":"Προσθήκη σε υπάρχουσα επαφή"},"all":{"_":"Όλες"},"callLog":{"_":"Ιστορικό κλήσεων"},"connecting":{"_":"Γίνεται σύνδεση"},"cf-async":{"_":"Data Async: {{ async }}\n"},"cf-data":{"_":"Δεδομένα: {{ data }}\n"},"cf-error":{"_":"Προέκυψε λάθος στην ανάκτηση της κατάστασης της προώθησης κλήσεων"},"cf-fax":{"_":"Φαξ: {{ fax }}\n"},"cf-inactive":{"_":"Ανενεργή"},"cf-packet":{"_":"Packet: {{ packet }}\n"},"cf-pad":{"_":"PAD: {{ pad }}\n"},"cf-sms":{"_":"SMS: {{ sms }}\n"},"cf-status":{"_":"Προώθηση κλήσεων:\n"},"cf-sync":{"_":"Data Sync: {{ sync }}\n"},"cf-voice":{"_":"Φωνή: {{ voice }}\n"},"confirm-deletion":{"_":"Εκκαθάριση επιλεγμένων κλήσεων;"},"createNewContact":{"_":"Δημιουργία νέας επαφής"},"delete":{"_":"Διαγραφή"},"edit-selected":{"_":"{[ plural(n) ]}","_[one]":"{{ n }} επιλεγμένο","_[two]":"{{ n }} επιλεγμένα","_[few]":"{{ n }} επιλεγμένα","_[many]":"{{ n }} επιλεγμένα","_[other]":"{{ n }} επιλεγμένα"},"ignore":{"_":"Αγνόηση κλήσης"},"incoming":{"_":"Εισερχόμενη"},"missed":{"_":"Αναπάντητες"},"missedCall":{"_":"Αναπάντητη κλήση"},"missedCallMultiSims":{"_":"(SIM {{ n }}) Missed call"},"mmi-error":{"_":"Παρουσιάστηκε σφάλμα κατά την αποστολή του μηνύματος"},"mmi-session-expired":{"_":"Η συνεδρία έληξε"},"mmi-successfully-sent":{"_":"Το μήνυμα εστάλη επιτυχώς"},"no-logs-msg-1":{"_":"Δεν καταγράφηκαν κλήσεις"},"no-logs-msg-2":{"_":"Έναρξη επικοινωνίας"},"no-logs-msg-3":{"_":"Καμία αναπάντητη κλήση"},"reply":{"_":"Απάντηση"},"switch-calls":{"_":"Άλλαξε κλήσεις"},"withheld-number":{"_":"Απόκρυψη αριθμού"},"from-contact":{"_":"Από {{ contact }}"},"from-number":{"_":"Από {{ number }}"},"from-withheld-number":{"_":"Από αριθμό με απόκρυψη"},"sending":{"_":"Αποστολή…"},"ussd-services":{"_":"Υπηρεσίες {{ operator }}"},"type-your-response":{"placeholder":"Πληκτρολογήστε την απάντησή σας…"},"clear-all-text":{"_":"Διαγραφή κειμένου"},"hide":{"_":"Απόκρυψη"},"hold":{"_":"Αναμονή"},"resume":{"_":"Συνέχεια"},"sendSms":{"_":"Αποστολή μηνύματος"},"callEnded":{"_":"Τέλος κλήσης"},"via-sim":{"_":"via SIM{{ n }}"},"sim-number":{"_":"SIM{{ n }}"},"hangup-a11y-button":{"aria-label":"Τερματισμός"},"pickup-a11y-button":{"aria-label":"Σηκώστε"},"unlock-a11y-button":{"aria-label":"Ολίσθηση"},"delete-n-log?":{"_":"{[ plural(n) ]}","_[zero]":"Τίποτα επιλεγμένο","_[one]":"Διαγραφή επιλεγμένης καταγραφής;","_[two]":"Διαγραφή {{ n }} καταγραφών;","_[few]":"Διαγραφή {{ n }} καταγραφών;","_[many]":"Διαγραφή {{ n }} καταγραφών;","_[other]":"Διαγραφή {{ n }} καταγραφών;"},"callDurationMinutes":{"_":"{{ m }}:{{ s }}"},"callDurationHours":{"_":"{{ h }}:{{ m }}:{{ s}}"},"suggestionMatches":{"_":"{[ plural(n) ]}","_[one]":"{{ matchNumber }}: {{ n }} πρόταση","_[two]":"{{ matchNumber }}: {{ n }} προτάσεις","_[few]":"{{ matchNumber }}: {{ n }} προτάσεις","_[many]":"{{ matchNumber }}: {{ n }} προτάσεις","_[other]":"{{ matchNumber }}: {{ n }} προτάσεις"},"scCallBarring":{"_":"Φραγή κλήσεων"},"scCallForwarding":{"_":"Προώθηση κλήσεων"},"scClip":{"_":"Αναγνώριση κλήσεων"},"scClir":{"_":"Απόκρυψη αριθμού"},"scPwd":{"_":"Αλλαγή κωδικού"},"scCallWaiting":{"_":"Αναμονή κλήσης"},"scPin":{"_":"Αλλαγή PIN"},"scPin2":{"_":"Αλλαγή PIN2"},"scPuk":{"_":"Απεμπλοκή PIN"},"scPuk2":{"_":"Απεμπλοκή PIN2"},"scImei":{"_":"IMEI"},"scUssd":{"_":"USSD"},"serviceClassVoice":{"_":"Φωνής"},"serviceClassData":{"_":"Δεδομένων"},"serviceClassFax":{"_":"Φαξ"},"serviceClassSms":{"_":"SMS"},"serviceClassDataSync":{"_":"Data Sync"},"serviceClassDataAsync":{"_":"Data Async"},"serviceClassPacket":{"_":"Packet"},"serviceClassPad":{"_":"PAD"},"smServiceEnabled":{"_":"Η υπηρεσία είναι ενεργοποιημένη"},"smServiceDisabled":{"_":"Η υπηρεσία είναι απενεργοποιημένη"},"smServiceRegistered":{"_":"Η εγγραφή πραγματοποιήθηκε με επιτυχία"},"smServiceErased":{"_":"Η διαγραφή πραγματοποιήθηκε με επιτυχία"},"smServiceInterrogated":{"_":"Το αίτημα διεκπεραιώθηκε με επιτυχία"},"smServiceNotProvisioned":{"_":"Η υπηρεσία δεν παρέχεται"},"smClirPermanent":{"_":"Δε μπορείτε να αλλάξετε την ρύθμιση απόκρυψης αριθμού."},"smClirDefaultOnNextCallOn":{"_":"Προεπιλεγμένη επιλογή κλήσεων: Με απόκρυψη αριθμού.\nΕπόμενη κλήση: Με απόκρυψη αριθμού"},"smClirDefaultOnNextCallOff":{"_":"Προεπιλεγμένη επιλογή κλήσεων: Με απόκρυψη αριθμού.\nΕπόμενη κλήση: Χωρίς απόκρυψη αρθμού"},"smClirDefaultOffNextCallOn":{"_":"Προεπιλεγμένη επιλογή κλήσεων: Χωρίς απόκρυψη αριθμού.\nΕπόμενη κλήση: Με απόκρυψη αρθμού"},"smClirDefaultOffNextCallOff":{"_":"Προεπιλεγμένη επιλογή κλήσεων: Χωρίς απόκρυψη αριθμού.\nΕπόμενη κλήση: Χωρίς απόκρυψη αρθμού"},"smServiceEnabledFor":{"_":"Ενεργοποιημένη για την υπηρεσία:"},"smPinChanged":{"_":"Το PIN άλλαξε επιτυχώς"},"smPinUnblocked":{"_":"Επιτυχής απεμπλοκή PIN"},"smPin2Changed":{"_":"Το PIN2 άλλαξε επιτυχώς"},"smPin2Unblocked":{"_":"Επιτυχής απεμπλοκή PIN2"},"emMmiError":{"_":"Πρόβλημα σύνδεσης ή μη έγκυρος κωδικός MMI"},"emMmiErrorPasswordIncorrect":{"_":"Λανθασμένος κωδικός"},"emMmiErrorNotSupported":{"_":"Μη έγκυρος ή μη υποστηριζόμενος κωδικός MMI"},"emMmiErrorInvalidAction":{"_":"Μη έγκυρη ενέργεια"},"emMmiErrorInvalidScCode":{"_":"Μη έγκυρος κωδικός υπηρεσίας"},"emMmiErrorBadPuk":{"_":"Ο κωδικός PUK που εισήχθη δεν είναι σωστός"},"emMmiErrorBadPin":{"_":"Το αρχικό PIN δεν είναι σωστό"},"emMmiErrorNeedPuk2":{"_":"Εισάγετε το PUK2 για απεμπλοκή της κάρτας SIM"},"emMmiErrorMismatchPin":{"_":"Οι κωδικοί PIN που εισάγατε δεν ταιριάζουν"},"emMmiErrorInvalidPin":{"_":"Εισάγετε PIN από 4 ως 8 ψηφία"},"emMmiErrorNeedsPuk":{"_":"Έχει κλειδωθεί το PUK της κάρτας SIM"},"emMmiErrorEnablePin":{"_":"Αποτυχία. Ενεργοποίηση κλειδώματος SIM/RUIM"},"emMmiErrorMmiFdn":{"_":"Η υπηρεσία διατίθεται μόνο για σταθερούς αριθμούς κλήσης"},"emMmiErrorStkCcUssdDial":{"_":"Το αίτημα USSD τροποποιήθηκε σε DIAL"},"emMmiErrorStkCcUssdSs":{"_":"Το αίτημα USSD τροποποιήθηκε σε SS"},"emMmiErrorStkCcUssdUssd":{"_":"Το αίτημα USSD τροποποιήθηκε σε νέα USSD"},"emMmiErrorStkCcSsDial":{"_":"Το αίτημα SS τροποποιήθηκε σε DIAL"},"emMmiErrorStkCcSsUssd":{"_":"Το αίτημα SS τροποποιήθηκε σε USSD"},"emMmiErrorStkCcSsSs":{"_":"Το αίτημα SS τροποποιήθηκε σε SS"},"emMmiErrorPinPukAttempts":{"_":"{[ plural(n) ]}","_[one]":"Έμεινε μόνο {{ n }} προσπάθεια","_[two]":"Απέμειναν {{ n }} προσπάθειες","_[few]":"Απέμειναν {{ n }} προσπάθειες","_[many]":"Απέμειναν {{ n }} προσπάθειες","_[other]":"Απέμειναν {{ n }} προσπάθειες"},"emMmiErrorSimBlocked":{"_":"Υπερβήκατε το όριο των προσπαθειών. Εμπλοκή της SIM"},"RadioNotAvailable":{"_":"Μη διαθέσιμη ραδιοεπικοινωνία"},"GenericFailure":{"_":"Γενικευμένη αποτυχία"},"PasswordIncorrect":{"_":"Λανθασμένος κωδικός"},"SimPin2":{"_":"SIM PIN2"},"SimPuk2":{"_":"SIM PUK2"},"RequestNotSupported":{"_":"Το αίτημα δεν υποστηρίζεται"},"OpNotAllowedDuringVoiceCall":{"_":"Η λειτουργία δεν επιτρέπεται κατά τη διάρκεια κλήσης"},"SmsSendFailRetry":{"_":"Αποτυχία αποστολής ξαναπροσπαθήστε"},"SimAbsent":{"_":"Δεν υπάρχει SIM"},"SubscriptionNotAvailable":{"_":"Η εγγραφή δεν είναι διαθέσιμη"},"ModeNotSupported":{"_":"Δεν υποστηρίζεται η λειτουργία"},"FdnCheckFailure":{"_":"Αποτυχία ελέγχου Fdn"},"IllegalSimOrMe":{"_":"Μη νόμιμη SIM"},"DialModifiedToUssd":{"_":"Dial τροποποιήθηκε σε USSD"},"DialModifiedToSs":{"_":"Dial τροποποιήθηκε σε SS"},"DialModifiedToDial":{"_":"Dial τροποποιήθηκε σε dial"},"UssdModifiedToDial":{"_":"USSD τροποποιήθηκε σε dial"},"UssdModifiedToSs":{"_":"USSD τροποποιήθηκε σε SS"},"UssdModifiedToUssd":{"_":"USSD τροποποιήθηκε σε USSD"},"SsModifiedToDial":{"_":"SS τροποποιήθηκε σε dial"},"SsModifiedToUssd":{"_":"SS τροποποιήθηκε σε USSD"},"SsModifiedToSs":{"_":"SS τροποποιήθηκε σε SS"},"SubscriptionNotSupported":{"_":"Η εγγραφή δεν υποστηρίζεται"},"InvalidParameter":{"_":"Μη έγκυρη παράμετρος"},"RejectedByRemote":{"_":"Απορρίφθηκε από απομακρυσμένο"},"group-call":{"_":"{[ plural(n) ]}","_[one]":"Ομαδική κλήση ({{ n }})","_[two]":"Ομαδική κλήση ({{ n }})","_[few]":"Ομαδική κλήση ({{ n }})","_[many]":"Ομαδική κλήση ({{ n }})","_[other]":"Ομαδική κλήση ({{ n }})"},"caller-left-call":{"_":"Ο συνομιλητής {{ caller }} αποχώρησε από την κλήση."},"conferenceAddError":{"_":"Αδύνατη η συγχώνευση των κλήσεων"},"conferenceRemoveError":{"_":"Αδύνατος ο διαχωρισμός των κλήσεων"},"longDateFormat":{"_":"%a, %e %Eb"},"select-audio-sources":{"_":"Select audio sources"},"bluetooth-handsfree-device":{"_":"Bluetooth handsfree device"},"receiver":{"_":"Receiver"},"speaker":{"_":"Speaker"},"sim-picker-dial-via-with-number":{"_":"Dial {{ phoneNumber }} via"},"sim-picker-select-sim":{"_":"Select SIM"},"sim-picker-button":{"_":"SIM{{ n }}"},"sim-picker-button-default":{"_":"(default)"},"waitDuplicateContacts":{"_":"Αναζήτηση διπλών επαφών"},"waitMergingDuplicateContacts":{"_":"Συγχώνευση διπλών επαφών"},"alertNoDuplicateContacts":{"_":"Δε βρέθηκαν διπλές επαφές "},"merge":{"_":"Συγχώνευση"},"mergeDuplicateTitle":{"_":"Συγχώνευση αντιγράφων"},"suggestedDuplicateContacts":{"_":"Προτεινόμενα αντίγραφα επαφών για {{name}}"},"mergeActionButtonLabel":{"_":"{[ plural(n) ]}","_[zero]":"Δεν έχει επιλεγεί επαφή","_[one]":"Συγχώνευση με {{n}} επαφή","_[other]":"Συγχώνευση με {{n}} επαφές"},"duplicatesFoundTitle":{"_":"Αντίγραφα βρέθηκαν"},"duplicatesFoundMessage":{"_":"Το όνομα {{name}} επιφέρει διπλές πληροφορίες στις ακόλουθες επαφές"}}