{"brandShortName":{"_":"B2G OS"},"browserBrandShortName":{"_":"Navegador"},"browserBrandFullName":{"_":"Navegador de Mozilla"},"callAirplaneModeMessage":{"_":"Para realizar una llamada, necesita desactivar el modo avión en Ajustes."},"callAirplaneModeBtnOk":{"_":"Aceptar"},"callAirplaneModeTitle":{"_":"Modo avión activado"},"numberIsBusyTitle":{"_":"El número está ocupado"},"numberIsBusyMessage":{"_":"El número está ocupado en este momento. Inténtelo más tarde."},"fdnIsEnabledTitle":{"_":"FDN activo"},"fdnIsEnabledMessage":{"_":"Este número está bloqueado ya que no está en su lista de números autorizados."},"voiceMail":{"_":"Buzón de voz"},"emergencyNumber":{"_":"Núm. de emergencia"},"emergencyDialogBodyBadNumber":{"_":"Para realizar una llamada, el teléfono tiene que estar conectado a una red."},"emergencyDialogBodyDeviceNotAccepted":{"_":"Las llamadas de emergencias no están permitidas por la red."},"emergencyDialogBtnOk":{"_":"Aceptar"},"emergencyDialogTitle":{"_":"No hay conexión de red"},"invalidNumberToDialTitle":{"_":"Número de teléfono no válido"},"invalidNumberToDialMessage":{"_":"El número de teléfono al que está llamando no es válido."},"unableToCallTitle":{"_":"No es posible hacer llamadas ahora"},"unableToCallMessage":{"_":"No se puede hacer ninguna llamada. Si está marcando un número, cuelgue primero."},"otherConnectionInUseTitle":{"_":"Otra conexión en uso"},"otherConnectionInUseMessage":{"_":"Tiene una llamada activa en otra conexción. Sólo puede usar una conexión al mismo tiempo."},"add":{"_":"Agregar"},"back":{"_":"Atrás"},"call":{"_":"Llamar"},"edit":{"_":"Editar"},"cancel":{"_":"Cancelar"},"done":{"_":"Hecho"},"ok":{"_":"Aceptar"},"update":{"_":"Actualizar"},"retry":{"_":"Reintentar"},"contacts":{"_":"Contactos"},"addContact":{"_":"Agregar contacto"},"deleteContact":{"_":"Borrar contacto"},"selectContact":{"_":"Seleccionar contacto"},"selectAll":{"_":"Marcar todos"},"deselectAll":{"_":"Desmarcar todos"},"editContact":{"_":"Editar contacto"},"deleteConfirmMsg":{"_":"¿Borrar contacto?"},"remove":{"_":"Eliminar"},"comments":{"_":"Comentarios"},"no_contact_phones":{"_":"Este contacto no tiene número de teléfono"},"no_contact_email":{"_":"Este contacto no tiene dirección de correo"},"removePhotoConfirm":{"_":"¿Eliminar foto del contacto?"},"loadingContacts":{"_":"Cargando contactos…"},"noContactsActivity":{"_":"No se pudo agregar al contacto al estar vacía la lista"},"noName":{"_":"Sin nombre"},"givenName":{"placeholder":"Nombre"},"familyName":{"placeholder":"Apellidos"},"tel":{"placeholder":"Teléfono"},"carrier":{"_":"Operador","placeholder":"Operador"},"separator":{"_":","},"email":{"_":"Correo","placeholder":"Correo"},"streetAddress":{"placeholder":"Calle"},"postalCode":{"placeholder":"Código postal"},"locality":{"placeholder":"Ciudad"},"countryName":{"placeholder":"País"},"comment":{"placeholder":"Comentario"},"org":{"placeholder":"Compañía"},"custom":{"placeholder":"Personalizar","_":"Personalizar etiqueta"},"date":{"_":"Fecha","placeholder":"Fecha"},"birthday":{"_":"Cumpleaños"},"dateFormat":{"_":"%B %e"},"dateOutput":{"_":"{{dayMonthFormatted}} {{year}}"},"anniversary":{"_":"Aniversario"},"addPhoto":{"_":"Agregar foto"},"addPhone":{"_":"Agregar teléfono"},"addEmail":{"_":"Agregar correo"},"addAddress":{"_":"Agregar dirección"},"addDate":{"_":"Añadir fecha"},"addComment":{"_":"Agregar comentario"},"addFavorite":{"_":"Agregar como favorito"},"removeFavorite":{"_":"Eliminar como favorito"},"label":{"_":"Etiqueta"},"mobile":{"_":"Móvil"},"home":{"_":"Hogar"},"work":{"_":"Trabajo"},"personal":{"_":"Personal"},"faxHome":{"_":"Fax hogar"},"faxOffice":{"_":"Fax oficina"},"faxOther":{"_":"Otro fax"},"another":{"_":"Otro"},"other":{"_":"Otros"},"current":{"_":"Actual"},"itemWithLabel":{"_":"{{label}}, {{item}}"},"exit":{"_":"Salir"},"expand":{"_":"Expandir"},"labelName":{"_":"Nombre:"},"labelLastName":{"_":"Apellidos:"},"labelPhoneNumber":{"_":"Número de teléfono:"},"labelCarrier":{"_":"Operador:"},"labelEmail":{"_":"Correo:"},"labelStreet":{"_":"Calle:"},"labelZip":{"_":"Código postal:"},"labelCity":{"_":"Ciudad:"},"labelCountry":{"_":"País:"},"labelComment":{"_":"Comentario:"},"legendTitleMain":{"_":"Información principal"},"legendPhones":{"_":"Números de teléfono"},"legendEmail":{"_":"Dirección de correo"},"legendAddress":{"_":"Dirección"},"settings":{"_":"Ajustes"},"search-contact":{"placeholder":"Buscar"},"noResults":{"_":"No se encontraron contactos"},"transferContactsTitle":{"_":"Transferir contactos"},"importContactsTitle":{"_":"Importar contactos"},"importContactsButton":{"_":"Importar contactos"},"exportContactsTitle":{"_":"Exportar contactos"},"exportContactsButton":{"_":"Exportar contactos"},"exportContactsAction":{"_":"Exportar"},"simExport-title":{"_":"Exportar a la SIM"},"sdExport-title":{"_":"Exportar a la tarjeta SD"},"btExport-title":{"_":"Exportar a Bluetooth"},"sdUMSEnabled":{"_":"No se puede usar la tarjeta SD porque está activado el disco USB"},"exportErrorTitle":{"_":"Error al exportar"},"contactsExported2":{"_":"{[ plural(exported) ]}","_[zero]":"No se han exportado contactos","_[one]":"{{exported}}/{{total}} contactos exportados","_[two]":"{{exported}}/{{total}} contactos exportados","_[few]":"{{exported}}/{{total}} contactos exportados","_[many]":"{{exported}}/{{total}} contactos exportados","_[other]":"{{exported}}/{{total}} contactos exportados"},"exportError-general":{"_":"Se produjo un error durante la exportación"},"exportError-SD-shared":{"_":"No se puede acceder a la tarjeta de memoria porque está compartida"},"exportError-SD-unavailable":{"_":"La tarjeta de memoria no está disponible"},"exportError-SD-noSpace":{"_":"No hay suficiente espacio en la tarjeta de memoria para exportar los contactos"},"exportError-SIM-unavailable":{"_":"La tarjeta SIM no está disponible"},"exportError-BT-shared":{"_":"No se puede acceder a la tarjeta de memoria porque está compartida"},"exportError-BT-unavailable":{"_":"La tarjeta de memoria no está disponible"},"exportError-BT-noSpace":{"_":"No hay suficiente espacio en la tarjeta de memoria para exportar los contactos"},"simContacts-import":{"_":"Importar contactos SIM"},"simContacts-importing":{"_":"Importando contactos de la SIM…"},"simContacts-reading":{"_":"Leyendo la tarjeta SIM…"},"simContacts-error":{"_":"No se importaron los contactos de la SIM"},"simContacts-imported3":{"_":"{[ plural(n) ]}","_[zero]":"No se detectaron contactos en SIM","_[one]":"Un contacto importado","_[two]":"{{n}} contactos importados","_[few]":"{{n}} contactos importados","_[many]":"{{n}} contactos importados","_[other]":"{{n}} contactos importados"},"noSimMsg":{"_":"Para importar contactos, inserte o desbloquee su tarjeta SIM"},"noSimMsgExport":{"_":"Para exportar contactos, inserte o desbloquee su tarjeta SIM"},"simNumber":{"_":"SIM {{number}}"},"memoryCardContacts-import":{"_":"Importar contactos de la tarjeta de memoria"},"memoryCardContacts-importing":{"_":"Importando contactos de la tarjeta de memoria..."},"memoryCardContacts-reading":{"_":"Leyendo de la tarjeta de memoria..."},"memoryCardContacts-error":{"_":"No se importaron los contactos de la tarjeta de memoria"},"memoryCardContacts-imported3":{"_":"{[plural(n) ]}","_[zero]":"No se detectaron contactos en la tarjeta de memoria","_[one]":"Un contacto importado","_[two]":"{{n}} contactos importados","_[few]":"{{n}} contactos importados","_[many]":"{{n}} contactos importados","_[other]":"{{n}} contactos importados"},"noMemoryCardMsg":{"_":"Para importar contactos, inserte una tarjeta de memoria"},"noMemoryCardMsgExport":{"_":"Para exportar contactos, inserte una tarjeta de memoria"},"genericProgress":{"_":"{{current}}/{{total}}"},"social-network":{"_":"Redes sociales"},"social-link":{"_":"Vincular contacto"},"social-unlink":{"_":"Desvincular contacto"},"social-unlink-confirm-title":{"_":"¿Desvincular a su amigo/a?"},"social-unlink-confirm-accept":{"_":"Desvincular"},"facebook-import":{"_":"Importar amigos de Facebook"},"show-fb-profile":{"_":"Ver el perfil de Facebook"},"msg-send":{"_":"Mensaje"},"wall-post":{"_":"Publicación en el muro"},"facebook":{"_":"Facebook"},"facebook-import-msg":{"_":"{[ plural(imported) ]}","_[zero]":"No se importó ninguno (de {{total}})","_[one]":"Un amigo importado (de {{total}})","_[two]":"{{imported}} importados de {{total}}","_[few]":"{{imported}} importados de {{total}}","_[many]":"{{imported}} importados de {{total}}","_[other]":"{{imported}} importados de {{total}}"},"otherAccount":{"_":"Otras cuentas"},"facebookSwitchMsg":{"_":"Sinc. amigos"},"select_mobile":{"_":"Elegir móvil"},"select_email":{"_":"Elegir correo"},"contactsOrderBy":{"_":"Ordenar por apellidos"},"importSim2":{"_":"Tarjeta SIM"},"importMemoryCard":{"_":"Tarjeta de memoria"},"importGmail":{"_":"Gmail"},"bluetooth":{"_":"Bluetooth"},"importOutlook":{"_":"Outlook"},"fbUpdateFriends":{"_":"Actualizar amigos importados"},"cleaningFbData":{"_":"Eliminando datos de Facebook"},"loggingOutFb":{"_":"Desconectando de Facebook"},"cleanFbConfirmMsg":{"_":"¿Eliminar todos los datos de Facebook?"},"renewPwdMsg":{"_":"Su contraseña en Facebook ha cambiado. Por favor, actualícela."},"noConnection11":{"_":"Para importar contactos o amigos de Facebook, conéctese a una red de datos o wifi"},"notEnabledYet":{"_":"Aún sin activar"},"genericNoConnection":{"_":"Para importar contactos, conéctese a una red wifi o de datos"},"simCard":{"_":"Tarjeta SIM"},"memoryCard":{"_":"Tarjeta de memoria"},"create-new":{"_":"Crear un nuevo contacto"},"import-now":{"_":"Importar contactos de la tarjeta SIM o Facebook"},"no-contacts":{"_":"Sin contactos"},"start-adding":{"_":"Comience a agregarlos ya"},"notImported":{"_":"No importados"},"imported":{"_":"Importados"},"today":{"_":"Hoy"},"yesterday":{"_":"Ayer"},"messageCanceling":{"_":"Por favor, espere. Estamos cancelando la operación en curso."},"organise-contacts":{"_":"Organizar contactos"},"find-merge-contacts":{"_":"Encontrar contactos duplicados"},"preparing-contacts":{"_":"Preparando contactos"},"exportError-SIM-NoFreeRecordFound":{"_":"La tarjeta SIM está llena"},"exportError-SIM-CannotAccessPhoneBook":{"_":"No se puede acceder a la agenda de la tarjeta SIM"},"exportError-SIM-Unavailable":{"_":"SIM no detectada"},"exportError-SIM-GenericError":{"_":"Ha ocurrido un error al exportar un contacto"},"pincode2":{"_":"Escribir PIN"},"type_pin":{"_":"Escriba su PIN"},"pincodeLabel":{"_":"PIN de la SIM {{n}}"},"pinValidation":{"_":"El PIN debe tener entre 4 y 8 caracteres."},"pinError":{"_":"El PIN no es correcto."},"pinAttemptMsg2":{"_":"{[ plural(n) ]}","_[one]":"Sólo le queda un intento para escribir el código correcto antes de bloquear la SIM.","_[two]":"Le quedan {{n}} intentos para escribir el código correcto antes de bloquear la SIM.","_[few]":"Le quedan {{n}} intentos para escribir el código correcto antes de bloquear la SIM.","_[many]":"Le quedan {{n}} intentos para escribir el código correcto antes de bloquear la SIM.","_[other]":"Le quedan {{n}} intentos para escribir el código correcto antes de bloquear la SIM."},"pinLastChanceMsg":{"_":"Esta es su última oportunidad para escribir el PIN correcto. Si no, tendrá que escribir el código PUK para usar esta tarjeta SIM."},"pukcode":{"_":"Escribir PUK"},"pukcodeTitle":{"_":"Escribir PUK de la SIM {{n}}"},"pukcodeLabel":{"_":"PUK de la SIM {{n}}"},"type_puk":{"_":"Código PUK"},"pukValidation":{"_":"El código PUK debe tener exactamente 8 caracteres."},"pukInfo":{"_":"Debe escribir la Clave Personal de Desbloqueo (PUK) para la tarjeta SIM. Consulte la documentación de su tarjeta SIM o contacte con su operador para tener más información."},"pukError":{"_":"El código PUK es incorrecto."},"pukAttemptMsg2":{"_":"{[ plural(n) ]}","_[one]":"Sólo le queda un intento para escribir el código correcto antes de que la tarjeta SIM quede definitivamente inutilizable. Consulte la documentación de su tarjeta SIM o contacte con su operador para tener más información.","_[two]":"Le quedan {{n}} intentos para escribir el código correcto antes de que la tarjeta SIM quede definitivamente inutilizable. Consulte la documentación de su tarjeta SIM o contacte con su operador para tener más información.","_[few]":"Le quedan {{n}} intentos para escribir el código correcto antes de que la tarjeta SIM quede definitivamente inutilizable. Consulte la documentación de su tarjeta SIM o contacte con su operador para tener más información.","_[many]":"Le quedan {{n}} intentos para escribir el código correcto antes de que la tarjeta SIM quede definitivamente inutilizable. Consulte la documentación de su tarjeta SIM o contacte con su operador para tener más información.","_[other]":"Le quedan {{n}} intentos para escribir el código correcto antes de que la tarjeta SIM quede definitivamente inutilizable. Consulte la documentación de su tarjeta SIM o contacte con su operador para tener más información."},"pukLastChanceMsg":{"_":"Esta es la última oportunidad para escribir el código PUK correcto. Su tarjeta SIM quedará definitivamente inutilizable si escribe un código PUK incorrecto."},"create_newpin":{"_":"Crear nuevo PIN (entre 4 y 8 dígitos)"},"confirm_newpin":{"_":"Confirmar nuevo PIN"},"newpinConfirmation":{"_":"Los PIN no coinciden."},"nckcode":{"_":"Escribir NCK"},"cckcode":{"_":"Escribir CCK"},"spckcode":{"_":"Escribir SPCK"},"nckcodeTitle":{"_":"Escribir NCK de la SIM {{n}}"},"cckcodeTitle":{"_":"Escribir CCK de la SIM {{n}}"},"spckcodeTitle":{"_":"Escribir SPCK de la SIM {{n}}"},"nckcodeLabel":{"_":"NCK de la SIM {{n}}"},"cckcodeLabel":{"_":"CCK de la SIM {{n}}"},"spckcodeLabel":{"_":"SIM {{n}} SPCK"},"type_nck":{"_":"Escriba su código NCK"},"type_cck":{"_":"Escriba su código CCK"},"type_spck":{"_":"Escriba su código SPCK"},"nckValidation":{"_":"El NCK debe tener entre 8 y 16 caracteres."},"cckValidation":{"_":"El CCK debe tener entre 8 y 16 caracteres"},"spckValidation":{"_":"El SPCK debe tener entre 8 y 16 caracteres"},"nckErrorMsg":{"_":"El código NCK es incorrecto."},"nckAttemptMsg2":{"_":"{[plural(n) ]}","_[one]":"La despersonalización de red falló. Sólo le queda un intento para escribir el código correcto. Consulte la documentación de su dispositivo o contacte con su operador para tener más información.","_[two]":"La despersonalización de red falló. Le quedan {{n}} intentos para escribir el código correcto. Consulte la documentación de su dispositivo o contacte con su operador para tener más información.","_[few]":"La despersonalización de red falló. Le quedan {{n}} intentos para escribir el código correcto. Consulte la documentación de su dispositivo o contacte con su operador para tener más información.","_[many]":"La despersonalización de red falló. Le quedan {{n}} intentos para escribir el código correcto. Consulte la documentación de su dispositivo o contacte con su operador para tener más información.","_[other]":"La despersonalización de red falló. Le quedan {{n}} intentos para escribir el código correcto. Consulte la documentación de su dispositivo o contacte con su operador para tener más información."},"nckLastChanceMsg":{"_":"La despersonalización de red falló. Es el último intento para escribir el código correcto. Consulte la documentación de su dispositivo o contacte con su operador para tener más información."},"skip":{"_":"Saltar"},"send":{"_":"Enviar"},"simLocked":{"_":"Esta tarjeta PIN está bloqueada"},"inputCodeRetriesLeft":{"_":"{[ plural(n) ]}","_[one]":"último intento.","_[two]":"{{n}} intentos.","_[few]":"{{n}} intentos.","_[many]":"{{n}} intentos.","_[other]":"{{n}} intentos."},"simManager":{"_":"Administrador SIM"},"simDetail":{"_":"SIM {{n}}"},"simDefault":{"_":"(predeterminada)"},"simDefaultMessage":{"_":"Las llamadas y los mensajes salientes así como la conexión de datos están configurados para la SIM 1 de manera predeterminada"},"simSettingsMessage":{"_":"Puede cambiar la configuración predeterminada en Ajustes > Administrador de tarjetas SIM"},"simPinLocked":{"_":"PIN de la SIM bloqueado"},"noOperator":{"_":"Sin operador"},"language":{"_":"Idioma"},"english":{"_":"Inglés"},"dvorak":{"_":"Inglés (Dvorak)"},"spanish":{"_":"Español"},"portuguese":{"_":"Portugués de Brasil"},"french":{"_":"Francés"},"italian":{"_":"Italiano"},"arabic":{"_":"Árabe"},"greek":{"_":"Griego"},"hebrew":{"_":"Hebreo"},"jp-kanji":{"_":"Japonés"},"jp-kanji-desc":{"_":"Kanji"},"traditionalChinese":{"_":"Chino tradicional"},"traditionalChinese-desc":{"_":"Zhuyin"},"simplifiedChinese":{"_":"Chino simplificado"},"simplifiedChinese-desc":{"_":"Pinyin"},"3g":{"_":"Datos móviles"},"dataConnection":{"_":"Activar datos"},"dataConnectionInfo":{"_":"Activar la conexión de datos le permitirá usar su teléfono sin una conexión wifi. También puede activarlo más adelante en Ajustes. Asegúrese de que dispone de un plan de datos con su operador para evitar posibles recargos futuros."},"caution":{"_":"Advertencia"},"geolocation":{"_":"Geolocalización"},"geolocationCheckbox":{"_":"Activar geolocalización"},"geolocationInfo2":{"_":"{{brandShortName}} usa datos como los de GPS, wifi y redes móviles cercanas a usted para ayudar a determinar su ubicación aproximada."},"geolocationInfoMore":{"_":"Los datos se envían a Mozilla y otros proveedores de servicios, y se usarán agregados con el fin de mejorar estas bases de datos sobre ubicaciones. Los datos se guardarán en su equipo y la recopilación de los mismos se efectuará incluso cuando no se esté ejecutando ninguna aplicación."},"notice":{"_":"Aviso"},"aboutYourPrivacy":{"_":"Más información sobre su privacidad"},"wifi":{"_":"Wifi"},"scanningNetworks":{"_":"Buscando redes"},"selectNetwork":{"_":"Elija una red"},"shortStatus-connecting":{"_":"Conectando…"},"shortStatus-associated":{"_":"Obteniendo dirección IP…"},"shortStatus-connected":{"_":"Conectado"},"shortStatus-connectingfailed":{"_":"Error en la conexión"},"shortStatus-disconnected":{"_":"Sin conexión"},"securedBy":{"_":"Protegido por {{capabilities}}"},"security":{"_":"Seguridad"},"securityNone":{"_":"Ninguna"},"securityWEP":{"_":"WEP"},"securityWPA-PSK":{"_":"WPA-PSK"},"securityWPA-EAP":{"_":"WPA-EAP"},"securityOpen":{"_":"Abierta"},"identity":{"_":"Usuario/a"},"identityInput":{"placeholder":"Usuario/a"},"password":{"_":"Contraseña"},"passwordInput":{"placeholder":"Contraseña"},"showPassword":{"_":"Mostrar contraseña"},"refresh":{"_":"Actualizar"},"noWifiFound3":{"_":"No se han encontrado redes inalámbricas"},"join-hidden-button":{"_":"Unirse a una red oculta"},"authentication":{"_":"Autenticación"},"ssid-name":{"_":"Nombre SSID de red"},"dateAndTime":{"_":"Fecha y hora"},"setTimeAutomatically":{"_":"Ajuste automát."},"timezoneMessage":{"_":"Zona horaria"},"timezoneTitle":{"_":"UTC{{utcOffset}} {{region}}/{{city}}"},"dateMessage":{"_":"Fecha"},"timeMessage":{"_":"Hora"},"timeZone":{"_":"Zona horaria"},"change":{"_":"Cambiar"},"importContacts3":{"_":"Importar contactos"},"importFb2":{"_":"Facebook"},"fb-checking":{"_":"…comprobando"},"notImportedYet":{"_":"Aún sin importar"},"afterFbImport":{"_":"Puede importar y editar sus amigos de Facebook en cualquier momento en la configuración de Contactos"},"about-your-rights-0":{"_":"{{brandShortName}} es software gratuito y de código libre desarrollado por una comunidad de miles de colaboradores por todo el mundo. Hay algunas cosas que debe saber:"},"about-your-rights-1":{"_":"{{brandShortName}} está disponible bajo los términos de varias licencias de código libre, entre ellas la Mozilla Public License. Un dispositivo que ejecute {{brandShortName}} puede también contener software patentado de un tercero. En tanto en cuanto se cumpla con los términos establecidos, cualquier código proporcionado bajo una licencia abierta otorga el derecho de modificar el código fuente y distribuir las versiones modificadas."},"about-your-rights-2":{"_":"No se le otorga ningún derecho de marca registrada o licencia para las marcas registradas de Fundación Mozilla u otra parte, lo que incluye a modo enunciativo, pero no limitativo, el nombre o logo de {{brandShortName}}."},"about-your-rights-3":{"_":"Algunas características en {{brandShortName}} como Crash Reporter le ofrecen la oportunidad de dar su opinión a Mozilla. Al elegir enviar su opinión, autoriza a Mozilla a utilizarla para mejorar sus productos, publicarla en sus sitios web y distribuirla."},"about-other":{"_":"Otros"},"SIM_mandatory":{"_":"Advertencia de tarjeta SIM"},"SIM_mandatory_warm":{"_":"Inserte una tarjeta SIM y reinicie su teléfono."},"sharing-performance-data":{"_":"Compartir datos de rendimiento"},"telemetry-sends":{"_":"Telemetry envía a Mozilla información sobre el rendimiento, hardware, configuración y personalización en su dispositivo {{brandShortName}}. Usamos esta información para mejorar nuestros productos, hacerlos más rápidos y adaptarlos a las necesidades de nuestros usuarios."},"learn-more-at":{"_":"Más información en"},"external-telemetry":{"title":"Telemetry"},"learn-about-information":{"_":"Conozca cómo Mozilla gestiona su información en"},"external-privacy":{"title":"Privacidad"},"welcomeBrowser":{"_":"Bienvenido a {{brandShortName}}, el sistema operativo gratuito y abierto de Mozilla. Nuestra misión es promover la apertura, la innovación y la oportunidad para todos poniendo el poder de la Web en sus manos."},"learnHow":{"_":"Conozca cómo Mozilla gestiona su información en nuestra"},"privacyPolicy":{"_":"política de privacidad","title":"Política de privacidad"},"aboutBrowser":{"_":"Acerca de {{brandShortName}}"},"aboutYourPrivacy2":{"_":"Su privacidad"},"mozillaCommunity2":{"_":"Al usar {{brandShortName}}, se convierte en parte de una comunidad mundial que colabora en la construcción de un futuro mejor para la Web. Si desea tener más información sobre la comunidad Mozilla, nuestros productos o los eventos próximos a usted, escriba abajo su dirección de correo."},"collaborate":{"_":"Me gustaría ayudar a mejorar {{brandShortName}} compartiendo información sobre mi teléfono."},"learnMore":{"_":"Más información."},"emailAddress":{"placeholder":"Dirección de correo"},"email-successfully-added":{"_":"Correo agregado correctamente"},"email-loading":{"_":"Guardando su correo…"},"browserPrivacyChoices":{"_":"Privacidad de {{brandShortName}}"},"privacy-b2g":{"_":"{{brandShortName}}","title":"{{brandShortName}}"},"privacy-marketplace":{"_":"Marketplace","title":"{{privacy-marketplace}}"},"privacy-e-me":{"_":"everything.me","title":"{{privacy-e-me}}"},"navbar-back":{"_":"Atrás"},"navbar-next":{"_":"Siguiente"},"navbar-join":{"_":"Unirse"},"thatsIt":{"_":"¡Eso es todo!"},"startYourPhone":{"_":"¡Conozca su teléfono!"},"startYourTablet":{"_":"¡Inicie la visita virtual por su tableta!"},"joinTutorial":{"_":"Únase a nosotros para ver un tutorial sobre su nuevo teléfono."},"enjoyYourPhone":{"_":"Todo está listo para que disfrute de su nuevo teléfono."},"optionsAvailable":{"_":"En Ajustes puede modificar el idioma, la fecha y hora, o la conexión wifi."},"letsGo":{"_":"Vamos allá"},"startTour":{"_":"Comenzar visita"},"thatsIt1Tablet-2":{"_":"Siempre puede deslizar el dedo desde la parte inferior de la pantalla para acceder a la pantalla de inicio."},"thatsIt2Tablet-2":{"_":"¡Hagámoslo!"},"tutorial-step1-tiny":{"_":"Deslice la pantalla de derecha a izquierda para ver sus aplicaciones."},"tutorial-step2-tiny":{"_":"Pulse un icono durante unos segundos para eliminarlo o moverlo."},"tutorial-step3-tiny":{"_":"Escriba una palabra clave o un tema y su teléfono se adaptará al instante."},"tutorial-step4-tiny":{"_":"Deslice la pantalla hacia abajo para acceder a las notificaciones, información de consumo de datos y ajustes."},"tutorial-step5-tiny":{"_":"Pulse durante unos segundos el botón de inicio para explorar y cerrar las aplicaciones recientes."},"tutorial-step6-tiny":{"_":"Deslice el lateral de la pantalla para avanzar o retroceder entre las aplicaciones recientes."},"tutorial-step1-large-2":{"_":"Deslice la pantalla hacia abajo para acceder a las notificaciones recientes, información de consumo de datos y ajustes."},"tutorial-step2-large-2":{"_":"Deslice la pantalla hacia la izquierda o derecha para descubrir nuevas aplicaciones en la pantalla de inicio."},"tutorial-step3-large-2":{"_":"Pulse un icono durante unos segundos para borrarlo o moverlo."},"tutorial-step4-large-2":{"_":"Deslice con dos dedos hacia arriba desde el borde inferior para activar la vista de tarjetas."},"offline-dialog-title":{"_":"Debe estar conectado a Internet para ver la página."},"offline-dialog-text":{"_":"Vuelva atrás y conéctese a Internet. También puede ver la página posteriormente en Ajustes o escribiendo la dirección {{url}} en cualquier navegador."},"OK":{"_":"Aceptar"},"offline-newsletter-dialog-title":{"_":"Tiene que estar conectado a Internet para suscribirse al boletín de noticias."},"offline-newsletter-dialog-text":{"_":"Vuelva y conéctese a Internet"},"invalid-email-dialog-title":{"_":"El correo no es válido"},"invalid-email-dialog-text":{"_":"Vuelva y compruebe sus datos."},"weekday-0-long":{"_":"domingo"},"weekday-1-long":{"_":"lunes"},"weekday-2-long":{"_":"martes"},"weekday-3-long":{"_":"miércoles"},"weekday-4-long":{"_":"jueves"},"weekday-5-long":{"_":"viernes"},"weekday-6-long":{"_":"sábado"},"weekday-0-short":{"_":"do."},"weekday-1-short":{"_":"lu."},"weekday-2-short":{"_":"ma."},"weekday-3-short":{"_":"mi."},"weekday-4-short":{"_":"ju."},"weekday-5-short":{"_":"vi."},"weekday-6-short":{"_":"sá."},"month-0-long":{"_":"enero"},"month-1-long":{"_":"febrero"},"month-2-long":{"_":"marzo"},"month-3-long":{"_":"abril"},"month-4-long":{"_":"mayo"},"month-5-long":{"_":"junio"},"month-6-long":{"_":"julio"},"month-7-long":{"_":"agosto"},"month-8-long":{"_":"septiembre"},"month-9-long":{"_":"octubre"},"month-10-long":{"_":"noviembre"},"month-11-long":{"_":"diciembre"},"month-0-genitive":{"_":"enero"},"month-1-genitive":{"_":"febrero"},"month-2-genitive":{"_":"marzo"},"month-3-genitive":{"_":"abril"},"month-4-genitive":{"_":"mayo"},"month-5-genitive":{"_":"junio"},"month-6-genitive":{"_":"julio"},"month-7-genitive":{"_":"agosto"},"month-8-genitive":{"_":"septiembre"},"month-9-genitive":{"_":"octubre"},"month-10-genitive":{"_":"noviembre"},"month-11-genitive":{"_":"diciembre"},"month-0-short":{"_":"ene."},"month-1-short":{"_":"feb."},"month-2-short":{"_":"mar."},"month-3-short":{"_":"abr."},"month-4-short":{"_":"may."},"month-5-short":{"_":"jun."},"month-6-short":{"_":"jul."},"month-7-short":{"_":"ago."},"month-8-short":{"_":"sep."},"month-9-short":{"_":"oct."},"month-10-short":{"_":"nov."},"month-11-short":{"_":"dic."},"minutes-ago-long":{"_":"{[ plural(value) ]}","_[zero]":"ahora","_[one]":"hace un minuto","_[two]":"hace {{value}} minutos","_[few]":"hace {{value}} minutos","_[many]":"hace {{value}} minutos","_[other]":"hace {{value}} minutos"},"hours-ago-long":{"_":"{[ plural(value) ]}","_[zero]":"ahora","_[one]":"hace una hora","_[two]":"hace {{value}} horas","_[few]":"hace {{value}} horas","_[many]":"hace {{value}} horas","_[other]":"hace {{value}} horas"},"days-ago-long":{"_":"{[ plural(value) ]}","_[zero]":"hoy","_[one]":"ayer","_[two]":"hace {{value}} días","_[few]":"hace {{value}} días","_[many]":"hace {{value}} días","_[other]":"hace {{value}} días"},"weeks-ago-long":{"_":"{[ plural(value) ]}","_[zero]":"esta semana","_[one]":"la semana pasada","_[two]":"hace {{value}} semanas","_[few]":"hace {{value}} semanas","_[many]":"hace {{value}} semanas","_[other]":"hace {{value}} semanas"},"months-ago-long":{"_":"{[ plural(value) ]}","_[zero]":"este mes","_[one]":"el último mes","_[two]":"hace {{value}} meses","_[few]":"hace {{value}} meses","_[many]":"hace {{value}} meses","_[other]":"hace {{value}} meses"},"years-ago-long":{"_":"{[ plural(value) ]}","_[zero]":"este año","_[one]":"último año","_[two]":"hace {{value}} años","_[few]":"hace {{value}} años","_[many]":"hace {{value}} años","_[other]":"hace {{value}} años"},"minutes-until-long":{"_":"{[ plural(value) ]}","_[zero]":"ahora","_[one]":"en un minuto","_[two]":"en {{value}} minutos","_[few]":"en {{value}} minutos","_[many]":"en {{value}} minutos","_[other]":"en {{value}} minutos"},"hours-until-long":{"_":"{[ plural(value) ]}","_[zero]":"ahora","_[one]":"en una hora","_[two]":"en {{value}} horas","_[few]":"en {{value}} horas","_[many]":"en {{value}} horas","_[other]":"en {{value}} horas"},"days-until-long":{"_":"{[ plural(value) ]}","_[zero]":"hoy","_[one]":"mañana","_[two]":"en {{value}} días","_[few]":"en {{value}} días","_[many]":"en {{value}} días","_[other]":"en {{value}} días"},"weeks-until-long":{"_":"{[ plural(value) ]}","_[zero]":"esta semana","_[one]":"la próxima semana","_[two]":"en {{value}} semanas","_[few]":"en {{value}} semanas","_[many]":"en {{value}} semanas","_[other]":"en {{value}} semanas"},"months-until-long":{"_":"{[ plural(value) ]}","_[zero]":"este mes","_[one]":"próximo mes","_[two]":"en {{value}} meses","_[few]":"en {{value}} meses","_[many]":"en {{value}} meses","_[other]":"en {{value}} meses"},"years-until-long":{"_":"{[ plural(value) ]}","_[zero]":"este año","_[one]":"próximo año","_[two]":"en {{value}} años","_[few]":"en {{value}} años","_[many]":"en {{value}} años","_[other]":"en {{value}} años"},"minutes-ago-short":{"_":"{[ plural(value) ]}","_[zero]":"ahora","_[other]":"hace {{value}} m"},"hours-ago-short":{"_":"{[ plural(value) ]}","_[zero]":"ahora","_[other]":"hace {{value}} h"},"days-ago-short":{"_":"{[ plural(value) ]}","_[zero]":"hoy","_[other]":"hace {{value}} d"},"minutes-until-short":{"_":"{[ plural(value) ]}","_[zero]":"ahora","_[other]":"en {{value}} m"},"hours-until-short":{"_":"{[ plural(value) ]}","_[zero]":"ahora","_[other]":"en {{value}} h"},"days-until-short":{"_":"{[ plural(value) ]}","_[zero]":"hoy","_[other]":"en {{value}} d"},"incorrectDate":{"_":"(fecha incorrecta)"},"dateTimeFormat_%c":{"_":"%a, %e de %b, %Y %H:%M:%S"},"dateTimeFormat_%x":{"_":"%d/%m/%Y"},"dateTimeFormat_%X":{"_":"%H:%M:%S"},"shortTimeFormat":{"_":"%H:%M"},"shortDateTimeFormat":{"_":"%x %H:%M %p"},"weekStartsOnMonday":{"_":"1"},"time_am":{"_":"AM"},"time_pm":{"_":"PM"},"tz-region":{"_":"Región"},"tz-city":{"_":"Ciudad"},"tzRegion-Africa":{"_":"África"},"tzRegion-America":{"_":"América"},"tzRegion-Antarctica":{"_":"Antártida"},"tzRegion-Asia":{"_":"Asia"},"tzRegion-Atlantic":{"_":"Océano Atlántico"},"tzRegion-Australia":{"_":"Australia"},"tzRegion-Europe":{"_":"Europa"},"tzRegion-Indian":{"_":"Océano Índico"},"tzRegion-Pacific":{"_":"Océano Pacífico"},"close":{"_":"Cerrar"},"import":{"_":"Importar"},"fbFriends":{"_":"Amigos FB"},"live-serviceName":{"_":"Outlook"},"gmail-serviceName":{"_":"Gmail"},"facebook-serviceName":{"_":"Amigos FB"},"viewAll":{"_":"Ver todos los amigos de Facebook"},"viewRecommend":{"_":"Ver solo recomendados"},"linkProposal":{"_":"{[ plural(numFriends) ]}","_[zero]":"Sin coincidencias. Mostrando todos sus amigos","_[one]":"Seleccionar la recomendación","_[two]":"Seleccionar una recomendación","_[few]":"Seleccionar una recomendación","_[many]":"Seleccionar una recomendación","_[other]":"Seleccionar una recomendación"},"fbFriendsFound":{"_":"{[ plural(numFriends) ]}","_[zero]":"Se han importado todos sus amigos","_[one]":"Se encontró un amigo que importar","_[two]":"Se encontraron {{numFriends}} amigos que importar","_[few]":"Se encontraron {{numFriends}} amigos que importar","_[many]":"Se encontraron {{numFriends}} amigos que importar","_[other]":"Se encontraron {{numFriends}} amigos que importar"},"done-search":{"_":"Hecho"},"progressFB3ImportTitle":{"_":"Importando amigos a Contactos"},"progressFB":{"_":"{{current}}/{{total}}"},"progressFB3UpdateTitle":{"_":"Actualizando amigos en Contactos"},"message2":{"_":"Tardará un par de minutos"},"messageLinking":{"_":"Por favor, espere. Estamos vinculando a su amigo con su contacto."},"error1":{"_":"Error {{from}}"},"error2":{"_":"¿Desea intentarlo de nuevo?"},"errorProposal":{"_":"calculando propuestas"},"errorFriends":{"_":"recuperando amigos"},"errorLinking":{"_":"vinculando contacto"},"timeout1":{"_":"Tiempo de espera superado {{from}}"},"timeout2":{"_":"¿Desea intentarlo de nuevo?"},"timeoutProposal":{"_":"calculando propuestas"},"timeoutFriends":{"_":"recuperando amigos"},"timeoutLinking":{"_":"vinculando contactos"},"wait1":{"_":"Espere un momento"},"wait2":{"_":"Tardará un par de minutos"},"waitProposal":{"_":"Por favor, espere. Estamos calculando una propuesta."},"waitFriends":{"_":"Por favor, espere. Estamos obteniendo su lista de amigos."},"curtainCancel":{"_":"Cancelar"},"curtainRetry":{"_":"Intentar de nuevo"},"curtainOK":{"_":"Aceptar"},"connectionLost":{"_":"No hay conexión a internet"},"connectionLostMsg":{"_":"Las fotos de sus contactos no se agregarán. ¿Desea continuar?"},"yesOption":{"_":"Aceptar"},"noOption":{"_":"Cancelar"},"friendsUpdated":{"_":"{[ plural(numFriends) ]}","_[zero]":"No se actualizó ningún amigo","_[one]":"Actualizado un amigo","_[two]":"Actualizados {{numFriends}} amigos","_[few]":"Actualizados {{numFriends}} amigos","_[many]":"Actualizados {{numFriends}} amigos","_[other]":"Actualizados {{numFriends}} amigos"},"notificationLogin":{"_":"Su sesión de Facebook no es válida. Por favor, identifíquese."},"syncError":{"_":"Hubo un error al sincronizar los datos de su amigo"},"addToExistingContact":{"_":"Agregar a contacto existente"},"all":{"_":"Todas"},"callLog":{"_":"Reg. de llamadas"},"connecting":{"_":"Conectando"},"cf-async":{"_":"Asíncrona: {{ async }}\n\n"},"cf-data":{"_":"Datos: {{ data }}\n"},"cf-error":{"_":"Se produjo un error al recuperar el estado de desvío de llamadas"},"cf-fax":{"_":"FAX: {{ fax }}\n"},"cf-inactive":{"_":"Inactivo"},"cf-packet":{"_":"Paquete: {{ packet }}\n"},"cf-pad":{"_":"PAD: {{ pad }}\n"},"cf-sms":{"_":"SMS: {{ sms }}\n"},"cf-status":{"_":"Estado de desvío de llamadas\n"},"cf-sync":{"_":"Síncrona: {{ sync }}\n"},"cf-voice":{"_":"Voz: {{ voice }}\n"},"confirm-deletion":{"_":"¿Eliminar llamadas seleccionadas?"},"createNewContact":{"_":"Crear nuevo contacto"},"delete":{"_":"Borrar"},"edit-selected":{"_":"{[ plural(n) ]}","_[one]":"{{ n }} seleccionada","_[two]":"{{ n }} seleccionadas","_[few]":"{{ n }} seleccionadas","_[many]":"{{ n }} seleccionadas","_[other]":"{{ n }} seleccionadas"},"ignore":{"_":"Ignorar llamada"},"incoming":{"_":"Entrante"},"missed":{"_":"Perdidas"},"missedCall":{"_":"Llamada perdida"},"missedCallMultiSims":{"_":"(SIM {{ n }}) Llamada perdida"},"mmi-error":{"_":"Se produjo un error al enviar el mensaje"},"mmi-session-expired":{"_":"Sesión caducada"},"mmi-successfully-sent":{"_":"Mensaje enviado correctamente"},"no-logs-msg-1":{"_":"No hay llamadas registradas"},"no-logs-msg-2":{"_":"Comience a comunicarse ahora"},"no-logs-msg-3":{"_":"No hay llamadas perdidas"},"reply":{"_":"Contestar"},"switch-calls":{"_":"Intercambiar llamadas"},"withheld-number":{"_":"Número oculto"},"from-contact":{"_":"De {{ contact }}"},"from-number":{"_":"De {{ number }}"},"from-withheld-number":{"_":"De un número oculto"},"sending":{"_":"Enviando…"},"ussd-services":{"_":"Servicios de {{ operator }}"},"type-your-response":{"placeholder":"Escriba su respuesta…"},"clear-all-text":{"_":"Borrar todo el texto"},"hide":{"_":"Ocultar"},"hold":{"_":"En espera"},"resume":{"_":"Continuar"},"sendSms":{"_":"Enviar mensaje"},"callEnded":{"_":"Fin llamada"},"via-sim":{"_":"vía SIM{{ n }}"},"sim-number":{"_":"SIM{{ n }}"},"hangup-a11y-button":{"aria-label":"Colgar"},"pickup-a11y-button":{"aria-label":"Descolgar"},"unlock-a11y-button":{"aria-label":"Barra"},"delete-n-log?":{"_":"{[plural(n) ]}","_[zero]":"Ninguno seleccionado","_[one]":"¿Eliminar registro seleccionado?","_[two]":"¿Eliminar {{ n }} registros?","_[few]":"¿Eliminar {{ n }} registros?","_[many]":"¿Eliminar {{ n }} registros?","_[other]":"¿Eliminar {{ n }} registros?"},"callDurationMinutes":{"_":"{{ m }}:{{ s }}"},"callDurationHours":{"_":"{{ h }}:{{ m }}:{{ s}}"},"suggestionMatches":{"_":"{[plural(n) ]}","_[one]":"{{ n }} coincidencia para \"{{ matchNumber }}\"","_[two]":"{{ n }} coincidencias para \"{{ matchNumber }}\"","_[few]":"{{ n }} coincidencias para \"{{ matchNumber }}\"","_[many]":"{{ n }} coincidencias para \"{{ matchNumber }}\"","_[other]":"{{ n }} coincidencias para \"{{ matchNumber }}\""},"scCallBarring":{"_":"Bloqueo llamadas"},"scCallForwarding":{"_":"Desvío llamadas"},"scClip":{"_":"ID interlocutor"},"scClir":{"_":"ID interlocutor"},"scPwd":{"_":"Cambio de contraseña"},"scCallWaiting":{"_":"Llamada en espera"},"scPin":{"_":"Cambio de PIN"},"scPin2":{"_":"Cambio de PIN2"},"scPuk":{"_":"Desbloquear PIN"},"scPuk2":{"_":"Desbloquear PIN2"},"scImei":{"_":"IMEI"},"scUssd":{"_":"USSD"},"serviceClassVoice":{"_":"Voz"},"serviceClassData":{"_":"Datos"},"serviceClassFax":{"_":"FAX"},"serviceClassSms":{"_":"SMS"},"serviceClassDataSync":{"_":"Síncrono"},"serviceClassDataAsync":{"_":"Asíncrono"},"serviceClassPacket":{"_":"Paquete"},"serviceClassPad":{"_":"PAD"},"smServiceEnabled":{"_":"El servicio fue activado"},"smServiceDisabled":{"_":"El servicio está desactivado"},"smServiceRegistered":{"_":"El registro se realizó correctamente"},"smServiceErased":{"_":"El borrado se realizó correctamente"},"smServiceInterrogated":{"_":"La solicitud se realizó correctamente"},"smServiceNotProvisioned":{"_":"Servicio no aprovisionado"},"smClirPermanent":{"_":"No puede cambiar los ajustes de ID de llamadas"},"smClirDefaultOnNextCallOn":{"_":"El ID de llamada es, por defecto, restringido. Próxima llamada: restringido"},"smClirDefaultOnNextCallOff":{"_":"El ID de llamada es, por defecto, restringido. Próxima llamada: no restringido"},"smClirDefaultOffNextCallOn":{"_":"El ID de llamada es, por defecto, no restringido. Próxima llamada: restringido"},"smClirDefaultOffNextCallOff":{"_":"El ID de llamada es, por defecto, no restringido. Próxima llamada: no restringido"},"smServiceEnabledFor":{"_":"El servicio está activado para:"},"smPinChanged":{"_":"PIN cambiado correctamente"},"smPinUnblocked":{"_":"PIN desbloqueado correctamente"},"smPin2Changed":{"_":"PIN2 cambiado correctamente"},"smPin2Unblocked":{"_":"PIN2 desbloqueado correctamente"},"emMmiError":{"_":"Problema de conexión o código MMI no válido"},"emMmiErrorPasswordIncorrect":{"_":"Contraseña incorrecta"},"emMmiErrorNotSupported":{"_":"Código MMI no admitido o no válido"},"emMmiErrorInvalidAction":{"_":"Acción no válida"},"emMmiErrorInvalidScCode":{"_":"Código de servicio no válido"},"emMmiErrorBadPuk":{"_":"El PUK que escribió no es correcto"},"emMmiErrorBadPin":{"_":"El PIN antiguo que escribió no es correcto."},"emMmiErrorNeedPuk2":{"_":"Escriba PUK2 para desbloquear la SIM"},"emMmiErrorMismatchPin":{"_":"Los PIN que escribió no coinciden"},"emMmiErrorInvalidPin":{"_":"Escriba un PIN que tenga entre 4 y 8 números"},"emMmiErrorNeedsPuk":{"_":"Su tarjeta SIM está bloqueada mediante PUK"},"emMmiErrorEnablePin":{"_":"Sin éxito. Active el bloqueo SIM/RUIM"},"emMmiErrorMmiFdn":{"_":"La operativa está restringida a marcar únicamente números prefijados"},"emMmiErrorStkCcUssdDial":{"_":"La solicitud USSD se ha cambiado a solicitud DIAL"},"emMmiErrorStkCcUssdSs":{"_":"La solicitud USSD se ha cambiado a solicitud SS"},"emMmiErrorStkCcUssdUssd":{"_":"La solicitud USSD se ha cambiado a una nueva solicitud USSD"},"emMmiErrorStkCcSsDial":{"_":"La solicitud SS se ha cambiado a solicitud DIAL"},"emMmiErrorStkCcSsUssd":{"_":"La solicitud SS se ha cambiado a solicitud USSD"},"emMmiErrorStkCcSsSs":{"_":"La solicitud SS se ha cambiado a una nueva solicitud SS"},"emMmiErrorPinPukAttempts":{"_":"{[plural(n) ]}","_[one]":"Sólo quedan {{ n }} reintentos","_[two]":"quedan {{ n }} reintentos","_[few]":"quedan {{ n }} reintentos","_[many]":"quedan {{ n }} reintentos","_[other]":"quedan {{ n }} reintentos"},"emMmiErrorSimBlocked":{"_":"Número máximo de reintentos superado. SIM bloqueada"},"RadioNotAvailable":{"_":"Radio no disponible"},"GenericFailure":{"_":"Fallo genérico"},"PasswordIncorrect":{"_":"Contraseña incorrecta"},"SimPin2":{"_":"PIN2 de la SIM"},"SimPuk2":{"_":"PUK2 de la SIM"},"RequestNotSupported":{"_":"Solicitud incompatible"},"OpNotAllowedDuringVoiceCall":{"_":"Operación no permitida durante una llamada de voz"},"SmsSendFailRetry":{"_":"Reintento de envío fallido de SMS"},"SimAbsent":{"_":"SIM ausente"},"SubscriptionNotAvailable":{"_":"Suscripción no disponible"},"ModeNotSupported":{"_":"Modo incompatible"},"FdnCheckFailure":{"_":"Fallo de comprobación de Fdn"},"IllegalSimOrMe":{"_":"SIM o ME ilegal"},"DialModifiedToUssd":{"_":"Llamada cambiada a USSD"},"DialModifiedToSs":{"_":"Llamada cambiada a SS"},"DialModifiedToDial":{"_":"Llamada cambiada a llamada"},"UssdModifiedToDial":{"_":"USSD cambiado a llamada"},"UssdModifiedToSs":{"_":"USSD cambiado a SS"},"UssdModifiedToUssd":{"_":"USSD cambiado a USSD"},"SsModifiedToDial":{"_":"SS cambiado a llamada"},"SsModifiedToUssd":{"_":"SS cambiado a USSD"},"SsModifiedToSs":{"_":"SS cambiado a SS"},"SubscriptionNotSupported":{"_":"Suscripción incompatible"},"InvalidParameter":{"_":"Parámetro no válido"},"RejectedByRemote":{"_":"Rechazado en el destino"},"group-call":{"_":"{[plural(n) ]}","_[one]":"Conferencia ({{ n }})","_[two]":"Conferencia ({{ n }})","_[few]":"Conferencia ({{ n }})","_[many]":"Conferencia ({{ n }})","_[other]":"Conferencia ({{ n }})"},"caller-left-call":{"_":"{{ caller }} ha abandonado la llamada."},"conferenceAddError":{"_":"No se pueden combinar las llamadas"},"conferenceRemoveError":{"_":"No se pueden separar las llamadas"},"longDateFormat":{"_":"%A, %e de %B"},"select-audio-sources":{"_":"Seleccionar fuentes de audio"},"bluetooth-handsfree-device":{"_":"Dispositivo Bluetooth de manos libres"},"receiver":{"_":"Receptor"},"speaker":{"_":"Altavoz"},"sim-picker-dial-via-with-number":{"_":"Llamar a {{ phoneNumber }} vía"},"sim-picker-select-sim":{"_":"Seleccionar SIM"},"sim-picker-button":{"_":"SIM{{ n }}"},"sim-picker-button-default":{"_":"(predeterminada)"},"waitDuplicateContacts":{"_":"Buscando contactos duplicados"},"waitMergingDuplicateContacts":{"_":"Combinando contactos duplicados"},"alertNoDuplicateContacts":{"_":"No se encontró ningún contacto duplicado"},"merge":{"_":"Combinar"},"mergeDuplicateTitle":{"_":"Combinar duplicados"},"suggestedDuplicateContacts":{"_":"Contactos duplicados sugeridos para {{name}}"},"mergeActionButtonLabel":{"_":"{[plural(n) ]}","_[zero]":"Ningún contacto seleccionado","_[one]":"Combinar con {{n}} contacto","_[other]":"Combinar con {{n}} contactos"},"duplicatesFoundTitle":{"_":"Duplicados encontrados"},"duplicatesFoundMessage":{"_":"{{name}} duplica información en los siguientes contactos"}}