{"brandShortName":{"_":"B2G SEa"},"browserBrandShortName":{"_":"Web nabigatzailea"},"browserBrandFullName":{"_":"Mozilla web nabigatzailea"},"callAirplaneModeMessage":{"_":"Deiak egiteko hegazkin modua desgaitu behar duzu ezarpenetan."},"callAirplaneModeBtnOk":{"_":"Ados"},"callAirplaneModeTitle":{"_":"Hegazkin modua aktibatuta"},"numberIsBusyTitle":{"_":"Zenbakia lanpetuta dago"},"numberIsBusyMessage":{"_":"Zenbakia une honetan lanpetuta dago. Saiatu berriro beranduago."},"fdnIsEnabledTitle":{"_":"FDN aktibo"},"fdnIsEnabledMessage":{"_":"Zenbaki hau blokeatuta dago eta ez dago zure zenbaki autorizatuen zerrendan."},"voiceMail":{"_":"Ahots-posta"},"emergencyNumber":{"_":"Larrialdietako zenbakia"},"emergencyDialogBodyBadNumber":{"_":"Deiak egiteko telefonoak sarera konektatuta egon behar du."},"emergencyDialogBodyDeviceNotAccepted":{"_":"Sareak ez du larrialdi-deirik onartzen."},"emergencyDialogBtnOk":{"_":"Ados"},"emergencyDialogTitle":{"_":"Sareko konexiorik ez"},"invalidNumberToDialTitle":{"_":"Telefono-zenbaki baliogabea"},"invalidNumberToDialMessage":{"_":"Deitzen ari zaren telefono-zenbakia ez da baliozkoa."},"unableToCallTitle":{"_":"Ezin da telefono-deia egin orain"},"unableToCallMessage":{"_":"Ezin da deia egin. Dagoeneko deitzen ari bazara, eskegi lehenik."},"otherConnectionInUseTitle":{"_":"Beste konexio bat erabiltzen ari da"},"otherConnectionInUseMessage":{"_":"Dei aktibo bat daukazu beste konexio batean. Konexio bakarra erabil dezakezu aldi bakoitzean."},"add":{"_":"Gehitu"},"back":{"_":"Atzera"},"call":{"_":"Deitu"},"edit":{"_":"Editatu"},"cancel":{"_":"Utzi"},"done":{"_":"Eginda"},"ok":{"_":"Ados"},"update":{"_":"Update"},"retry":{"_":"Saiatu berriro"},"contacts":{"_":"Kontaktuak"},"addContact":{"_":"Gehitu kontaktua"},"deleteContact":{"_":"Ezabatu kontaktua"},"selectContact":{"_":"Hautatu kontaktua"},"selectAll":{"_":"Select all"},"deselectAll":{"_":"Deselect all"},"editContact":{"_":"Editatu kontaktua"},"deleteConfirmMsg":{"_":"Ezabatu kontaktua?"},"remove":{"_":"Kendu"},"comments":{"_":"Iruzkinak"},"no_contact_phones":{"_":"Kontaktu honek ez dauka telefono-zenbakirik"},"no_contact_email":{"_":"Kontaktu honek ez dauka helbide elektronikorik"},"removePhotoConfirm":{"_":"Kendu kontaktuaren argazkia?"},"loadingContacts":{"_":"Kontaktuak kargatzen…"},"noContactsActivity":{"_":"Ezin da kontaktura gehitu kontaktuen zerrenda hutsik dagoelako"},"noName":{"_":"Izenik ez"},"givenName":{"placeholder":"Izena"},"familyName":{"placeholder":"Abizena"},"tel":{"placeholder":"Telefonoa"},"carrier":{"_":"Telefono-konpainia","placeholder":"Telefono-konpainia"},"separator":{"_":","},"email":{"_":"Helbide elektronikoa","placeholder":"Helbide elektronikoa"},"streetAddress":{"placeholder":"Kalea"},"postalCode":{"placeholder":"Posta-kodea"},"locality":{"placeholder":"Hiria"},"countryName":{"placeholder":"Herrialdea"},"comment":{"placeholder":"Iruzkina"},"org":{"placeholder":"Enpresa"},"custom":{"placeholder":"Pertsonalizatua","_":"Etiketa pertsonalizatua"},"date":{"_":"Data","placeholder":"Data"},"birthday":{"_":"Urtebetetzea"},"dateFormat":{"_":"%Bk %e"},"dateOutput":{"_":"{{year}} {{dayMonthFormatted}}"},"anniversary":{"_":"Urteurrena"},"addPhoto":{"_":"Gehitu argazkia"},"addPhone":{"_":"Gehitu telefonoa"},"addEmail":{"_":"Gehitu helbide elektronikoa"},"addAddress":{"_":"Gehitu helbidea"},"addDate":{"_":"Gehitu data"},"addComment":{"_":"Gehitu iruzkina"},"addFavorite":{"_":"Gehitu gogoko gisa"},"removeFavorite":{"_":"Kendu gogokoetatik"},"label":{"_":"Etiketa"},"mobile":{"_":"Mugikorra"},"home":{"_":"Etxea"},"work":{"_":"Lana"},"personal":{"_":"Pertsonala"},"faxHome":{"_":"Faxa (etxea)"},"faxOffice":{"_":"Faxa (bulegoa)"},"faxOther":{"_":"Faxa (bestelakoa)"},"another":{"_":"Beste bat"},"other":{"_":"Bestelakoa"},"current":{"_":"Unekoa"},"itemWithLabel":{"_":"{{label}}, {{item}}"},"exit":{"_":"Irten"},"expand":{"_":"Zabaldu"},"labelName":{"_":"Izena:"},"labelLastName":{"_":"Abizena:"},"labelPhoneNumber":{"_":"Telefono-zenbakia:"},"labelCarrier":{"_":"Telefono-konpainia:"},"labelEmail":{"_":"Helbide elektronikoa:"},"labelStreet":{"_":"Kalea:"},"labelZip":{"_":"Posta-kodea:"},"labelCity":{"_":"Hiria:"},"labelCountry":{"_":"Herrialdea:"},"labelComment":{"_":"Iruzkina:"},"legendTitleMain":{"_":"Informazio nagusia"},"legendPhones":{"_":"Telefono-zenbakiak"},"legendEmail":{"_":"Helbide elektronikoa"},"legendAddress":{"_":"Helbidea"},"settings":{"_":"Ezarpenak"},"search-contact":{"placeholder":"Search"},"noResults":{"_":"No contacts found"},"transferContactsTitle":{"_":"Transferitu kontaktuak"},"importContactsTitle":{"_":"Inportatu kontaktuak"},"importContactsButton":{"_":"Inportatu kontaktuak"},"exportContactsTitle":{"_":"Esportatu kontaktuak"},"exportContactsButton":{"_":"Esportatu kontaktuak"},"exportContactsAction":{"_":"Esportatu"},"simExport-title":{"_":"Esportatu SIMera"},"sdExport-title":{"_":"Esportatu SD txartelera"},"btExport-title":{"_":"Esportatu Bluetoothera"},"sdUMSEnabled":{"_":"Ezin da SD txartela erabili USB biltegiratzea gaituta dagoelako"},"exportErrorTitle":{"_":"Esportatze-errorea"},"contactsExported2":{"_":"{[ plural(exported) ]}","_[zero]":"Ez da kontakturik esportatu","_[one]":"{{total}}/{{imported}} kontaktu esportatu dira","_[two]":"{{total}}/{{imported}} kontaktu esportatu dira","_[few]":"{{total}}/{{imported}} kontaktu esportatu dira","_[many]":"{{total}}/{{imported}} kontaktu esportatu dira","_[other]":"{{total}}/{{imported}} kontaktu esportatu dira"},"exportError-general":{"_":"Erroreren bat gertatu da esportatzean"},"exportError-SD-shared":{"_":"Ezin da memoria-txartela atzitu partekatuta dagoelako"},"exportError-SD-unavailable":{"_":"Memoria-txartela ez dago erabilgarri"},"exportError-SD-noSpace":{"_":"Ez dago kontaktuak esportatzeko toki libre nahikorik memoria-txartelean"},"exportError-SIM-unavailable":{"_":"SIM txartela ez dago erabilgarri"},"exportError-BT-shared":{"_":"Ezin da memoria-txartela atzitu partekatuta dagoelako"},"exportError-BT-unavailable":{"_":"Memoria-txartela ez dago erabilgarri"},"exportError-BT-noSpace":{"_":"Ez dago kontaktuak esportatzeko toki libre nahikorik memoria-txartelean"},"simContacts-import":{"_":"Inportatu SIMeko kontaktuak"},"simContacts-importing":{"_":"SIMeko kontaktuak inportatzen…"},"simContacts-reading":{"_":"SIM txarteletik irakurtzen…"},"simContacts-error":{"_":"Ezin dira kontaktuak inportatu SIMetik"},"simContacts-imported3":{"_":"{[ plural(n) ]}","_[zero]":"Ez da inportatzeko kontakturik atzeman SIMean","_[one]":"Kontaktu bat inportatu da","_[two]":"{{n}} kontaktu inportatu dira","_[few]":"{{n}} kontaktu inportatu dira","_[many]":"{{n}} kontaktu inportatu dira","_[other]":"{{n}} kontaktu inportatu dira"},"noSimMsg":{"_":"Kontaktuak inportatzeko, sartu edo desblokeatu SIM txartela"},"noSimMsgExport":{"_":"Kontaktuak esportatzeko, sartu edo desblokeatu SIM txartela"},"simNumber":{"_":"{{number}}. SIMa"},"memoryCardContacts-import":{"_":"Inportatu kontaktuak memoria-txarteletik"},"memoryCardContacts-importing":{"_":"Kontaktuak memoria-txarteletik inportatzen…"},"memoryCardContacts-reading":{"_":"SIM txarteletik irakurtzen…"},"memoryCardContacts-error":{"_":"Ezin dira kontaktuak inportatu memoria-txarteletik"},"memoryCardContacts-imported3":{"_":"{[ plural(n) ]}","_[zero]":"Ez da inportatzeko kontakturik atzeman memoria-txartelean","_[one]":"Kontaktu bat inportatu da","_[two]":"{{n}} kontaktu inportatu dira","_[few]":"{{n}} kontaktu inportatu dira","_[many]":"{{n}} kontaktu inportatu dira","_[other]":"{{n}} kontaktu inportatu dira"},"noMemoryCardMsg":{"_":"Kontaktuak inportatzeko, sartu memoria-txartela"},"noMemoryCardMsgExport":{"_":"Kontaktuak esportatzeko, sartu memoria-txartela"},"genericProgress":{"_":"{{total}}/{{current}}"},"social-network":{"_":"Sare sozialak"},"social-link":{"_":"Lotu kontaktua"},"social-unlink":{"_":"Deslotu kontaktua"},"social-unlink-confirm-title":{"_":"Zure laguna deslotu nahi duzu?"},"social-unlink-confirm-accept":{"_":"Deslotu"},"facebook-import":{"_":"Inportatu Facebookeko lagunak"},"show-fb-profile":{"_":"Ikusi Facebook profila"},"msg-send":{"_":"Bidali mezua"},"wall-post":{"_":"Argitaratu horman"},"facebook":{"_":"Facebook"},"facebook-import-msg":{"_":"{[ plural(imported) ]}","_[zero]":"Ez da lagunik inportatu ({{total}} guztira)","_[one]":"Lagunik bat inportatu da ({{total}} guztira)","_[two]":"{{total}}/{{imported}} lagun inportatu dira","_[few]":"{{total}}/{{imported}} lagun inportatu dira","_[many]":"{{total}}/{{imported}} lagun inportatu dira","_[other]":"{{total}}/{{imported}} lagun inportatu dira"},"otherAccount":{"_":"Bestelako kontuak"},"facebookSwitchMsg":{"_":"Sinkronizatu lagunak"},"select_mobile":{"_":"Hautatu mugikorra"},"select_email":{"_":"Hautatu helbide elektronikoa"},"contactsOrderBy":{"_":"Ordenatu abizenaren arabera"},"importSim2":{"_":"SIM txartela"},"importMemoryCard":{"_":"Memoria-txartela"},"importGmail":{"_":"Gmail"},"bluetooth":{"_":"Bluetooth"},"importOutlook":{"_":"Outlook"},"fbUpdateFriends":{"_":"Eguneratu inportatutako lagunak"},"cleaningFbData":{"_":"Facebookeko datuak kentzen"},"loggingOutFb":{"_":"Facebookeko saioa ixten"},"cleanFbConfirmMsg":{"_":"Facebookeko datu guztiak kendu?"},"renewPwdMsg":{"_":"Facebookeko zure pasahitza aldatu egin da. Egunera ezazu mesedez."},"noConnection11":{"_":"Facebookeko lagunak edo kontaktuak inportatzeko konektatu Wi-Fira edo datu-sarera"},"notEnabledYet":{"_":"Oraindik gaitu gabe"},"genericNoConnection":{"_":"Kontaktuak inportatzeko konektatu Wi-Fira edo datu-sarera"},"simCard":{"_":"SIM txartela"},"memoryCard":{"_":"Memoria-txartela"},"create-new":{"_":"Sortu kontaktu berria"},"import-now":{"_":"Inportatu kontaktua SIM txarteletik edo Facebooketik"},"no-contacts":{"_":"Kontakturik ez"},"start-adding":{"_":"Hasi orain gehitzen"},"notImported":{"_":"Inportatu gabe"},"imported":{"_":"Inportatuta"},"today":{"_":"Gaur"},"yesterday":{"_":"Atzo"},"messageCanceling":{"_":"Please hold on. We are canceling the ongoing operation."},"organise-contacts":{"_":"Antolatu kontaktuak"},"find-merge-contacts":{"_":"Bilatu bikoiztutako kontaktuak"},"preparing-contacts":{"_":"Kontaktuak prestatzen"},"exportError-SIM-NoFreeRecordFound":{"_":"SIM txartela beteta dago"},"exportError-SIM-CannotAccessPhoneBook":{"_":"Ezin da SIM txartelaren telefono-liburua atzitu"},"exportError-SIM-Unavailable":{"_":"Ez da SIMik atzeman"},"exportError-SIM-GenericError":{"_":"Errorea gertatu da kontaktu bat esportatzean"},"pincode2":{"_":"Sartu PIN kodea"},"type_pin":{"_":"Sartu zure PIN kodea"},"pincodeLabel":{"_":"{{n}}. SIMaren PINa"},"pinValidation":{"_":"PINak 4 eta 8 karaktere artekoa izan behar du."},"pinError":{"_":"PINa okerra da."},"pinAttemptMsg2":{"_":"{[ plural(n) ]}","_[one]":"Azken aukera.","_[two]":"{{n}} aukera falta dira.","_[few]":"{{n}} aukera falta dira.","_[many]":"{{n}} aukera falta dira.","_[other]":"{{n}} aukera falta dira."},"pinLastChanceMsg":{"_":"Hau da PIN zuzena sartzeko daukazun azken aukera. Bestela, PUK kodea sartu beharko duzu SIM txartel hau erabiltzeko."},"pukcode":{"_":"Sartu PUK kodea"},"pukcodeTitle":{"_":"Sartu {{n}}. SIMaren PUKa"},"pukcodeLabel":{"_":"{{n}}. SIMaren PUKa"},"type_puk":{"_":"PUK kodea"},"pukValidation":{"_":"PUK kodeak zehazki 8 karakterekoa izan behar du."},"pukInfo":{"_":"SIM txartelaren PUK kodea (Personal Unlocking Key) sartu behar duzu. Jo ezazu SIM txartelaren dokumentaziora edo jar zaitez harremanetan telefono-konpainiarekin informazio gehiagorako."},"pukError":{"_":"SIM txartelaren PUK kodea (Personal Unlocking Key) sartu behar duzu. Jo ezazu SIM txartelaren dokumentaziora edo jar zaitez harremanetan telefono-konpainiarekin informazio gehiagorako."},"pukAttemptMsg2":{"_":"{[ plural(n) ]}","_[one]":"Aukera bat daukazu kode zuzena sartzeko SIM txartela betirako erabilgaitz geratu aurretik. Jo ezazu SIM txartelaren dokumentaziora edo jar zaitez harremanetan telefono-konpainiarekin informazio gehiagorako.","_[two]":"{{n}} aukera dauzkazu kode zuzena sartzeko SIM txartela betirako erabilgaitz geratu aurretik. Jo ezazu SIM txartelaren dokumentaziora edo jar zaitez harremanetan telefono-konpainiarekin informazio gehiagorako.","_[few]":"{{n}} aukera dauzkazu kode zuzena sartzeko SIM txartela betirako erabilgaitz geratu aurretik. Jo ezazu SIM txartelaren dokumentaziora edo jar zaitez harremanetan telefono-konpainiarekin informazio gehiagorako.","_[many]":"{{n}} aukera dauzkazu kode zuzena sartzeko SIM txartela betirako erabilgaitz geratu aurretik. Jo ezazu SIM txartelaren dokumentaziora edo jar zaitez harremanetan telefono-konpainiarekin informazio gehiagorako.","_[other]":"{{n}} aukera dauzkazu kode zuzena sartzeko SIM txartela betirako erabilgaitz geratu aurretik. Jo ezazu SIM txartelaren dokumentaziora edo jar zaitez harremanetan telefono-konpainiarekin informazio gehiagorako."},"pukLastChanceMsg":{"_":"Hau da PUK kode zuzena sartzeko daukazun azken aukera. Zure SIM txartela betirako erabilgaitz geratuko da PUK kode okerra sartzen baduzu."},"create_newpin":{"_":"Sortu PIN berria (4 eta 8 digitu artekoa)"},"confirm_newpin":{"_":"Berretsi PIN berria"},"newpinConfirmation":{"_":"PINak ez datoz bat."},"nckcode":{"_":"Sartu NCK kodea"},"cckcode":{"_":"Sartu CCK kodea"},"spckcode":{"_":"Sartu SPCK kodea"},"nckcodeTitle":{"_":"Sartu {{n}}. SIMaren NCK"},"cckcodeTitle":{"_":"Sartu {{n}}. SIMaren CCK"},"spckcodeTitle":{"_":"Sartu {{n}}. SIMaren SPCK"},"nckcodeLabel":{"_":"{{n}}. SIMaren NCK"},"cckcodeLabel":{"_":"{{n}}. SIMaren CCK"},"spckcodeLabel":{"_":"{{n}}. SIMaren SPCK"},"type_nck":{"_":"Sartu zure NCK kodea"},"type_cck":{"_":"Sartu zure CCK kodea"},"type_spck":{"_":"Sartu zure SPCK kodea"},"nckValidation":{"_":"NCKak 8 eta 16 karaktere artekoa izan behar du."},"cckValidation":{"_":"CCKak 8 eta 16 karaktere artekoa izan behar du."},"spckValidation":{"_":"SPCKak 8 eta 16 karaktere artekoa izan behar du."},"nckErrorMsg":{"_":"NCK kodea okerra da."},"nckAttemptMsg2":{"_":"{[ plural(n) ]}","_[one]":"Sarearen despertsonalizazio-eskaeraren hutsegitea. Azken aukera daukazu kode zuzena sartzeko. Jo ezazu zure gailuaren dokumentaziora edo jar zaitez harremanetan telefono-konpainiarekin informazio gehiagorako.","_[two]":"Sarearen despertsonalizazio-eskaeraren hutsegitea. {{n}} aukera dauzkazu kode zuzena sartzeko. Jo ezazu zure gailuaren dokumentaziora edo jar zaitez harremanetan telefono-konpainiarekin informazio gehiagorako.","_[few]":"Sarearen despertsonalizazio-eskaeraren hutsegitea. {{n}} aukera dauzkazu kode zuzena sartzeko. Jo ezazu zure gailuaren dokumentaziora edo jar zaitez harremanetan telefono-konpainiarekin informazio gehiagorako.","_[many]":"Sarearen despertsonalizazio-eskaeraren hutsegitea. {{n}} aukera dauzkazu kode zuzena sartzeko. Jo ezazu zure gailuaren dokumentaziora edo jar zaitez harremanetan telefono-konpainiarekin informazio gehiagorako.","_[other]":"Sarearen despertsonalizazio-eskaeraren hutsegitea. {{n}} aukera dauzkazu kode zuzena sartzeko. Jo ezazu zure gailuaren dokumentaziora edo jar zaitez harremanetan telefono-konpainiarekin informazio gehiagorako."},"nckLastChanceMsg":{"_":"Sarearen despertsonalizazio-eskaeraren hutsegitea. Azken aukera dauzkazu NCK kode zuzena sartzeko. Jo ezazu zure gailuaren dokumentaziora edo jar zaitez harremanetan telefono-konpainiarekin informazio gehiagorako."},"skip":{"_":"Saltatu"},"send":{"_":"Bidali"},"simLocked":{"_":"SIM txartela blokeatuta dago"},"inputCodeRetriesLeft":{"_":"{[ plural(n) ]}","_[one]":"azken aukera.","_[two]":"{{n}} aukera falta dira.","_[few]":"{{n}} aukera falta dira.","_[many]":"{{n}} aukera falta dira.","_[other]":"{{n}} aukera falta dira."},"simManager":{"_":"SIM kudeatzailea"},"simDetail":{"_":"{{n}}. SIMa"},"simDefault":{"_":"(lehenetsia)"},"simDefaultMessage":{"_":"Irteerako deiak, mezuak eta datu-konexioa 1. SIMari daude ezarrita lehenespenez"},"simSettingsMessage":{"_":"Ezarpen lehenetsiak Ezarpenak > SIM kudeatzailean alda ditzakezu"},"simPinLocked":{"_":"SIM PINa blokeatuta"},"noOperator":{"_":"Operatzailerik ez"},"language":{"_":"Hizkuntza"},"english":{"_":"Ingelesa"},"dvorak":{"_":"Ingelesa (Dvorak)"},"spanish":{"_":"Gaztelania"},"portuguese":{"_":"Portugesa (Brasil)"},"french":{"_":"Frantsesa"},"italian":{"_":"Italiera"},"arabic":{"_":"Arabiera"},"greek":{"_":"Grekoa"},"hebrew":{"_":"Hebreera"},"jp-kanji":{"_":"Japoniera"},"jp-kanji-desc":{"_":"Kanji"},"traditionalChinese":{"_":"Txinera tradizionala"},"traditionalChinese-desc":{"_":"Zhuyina"},"simplifiedChinese":{"_":"Txinera soildua"},"simplifiedChinese-desc":{"_":"Pinyina"},"3g":{"_":"Mugikorreko datuak"},"dataConnection":{"_":"Gaitu datuak"},"dataConnectionInfo":{"_":"Datu-konexioa orain gaituz gero telefonoa Wi-Fi konexiorik gabe konfiguratu ahal izango duzu. Beranduago ezarpenetan ere gaitu dezakezu. Tarifa izugarriak saihesteko, ziurtatu datu-plana badaukazula zure telefono-konpainiarekin."},"caution":{"_":"Abisua"},"geolocation":{"_":"Geolokalizazioa"},"geolocationCheckbox":{"_":"Gaitu geolokalizazioa"},"geolocationInfo2":{"_":"GPSaren, Wi-Fiaren eta zure inguruko sare mugikorren datuak erabiltzen ditu {{brandShortName}}(e)k zure gutxi gorabeherako kokapena zehazteko."},"geolocationInfoMore":{"_":"Datuak Mozillara eta bestelako zerbitzu-hornitzaileetara bidaltzen dira eta bere osotasunean erabiliko dira kokapenen datu-base horiek hobetzeko. Datuak zure gailuan biltegira daitezke eta datuen bilketa aplikaziorik exekuzioan izan gabe ere gerta liteke."},"notice":{"_":"Oharra"},"aboutYourPrivacy":{"_":"Gehiago zure pribatutasunari buruz"},"wifi":{"_":"Wi-Fia"},"scanningNetworks":{"_":"Sareak bilatzen"},"selectNetwork":{"_":"Hautatu sarea"},"shortStatus-connecting":{"_":"Konektatzen…"},"shortStatus-associated":{"_":"IP helbidea eskuratzen…"},"shortStatus-connected":{"_":"Konektatuta"},"shortStatus-connectingfailed":{"_":"Konexioak huts egin du"},"shortStatus-disconnected":{"_":"Lineaz kanpo"},"securedBy":{"_":"babesa: {{capabilities}}"},"security":{"_":"Segurtasuna"},"securityNone":{"_":"Bat ere ez"},"securityWEP":{"_":"WEP"},"securityWPA-PSK":{"_":"WPA-PSK"},"securityWPA-EAP":{"_":"WPA-EAP"},"securityOpen":{"_":"Irekia"},"identity":{"_":"Erabiltzailea"},"identityInput":{"placeholder":"Erabiltzailea"},"password":{"_":"Pasahitza"},"passwordInput":{"placeholder":"Pasahitza"},"showPassword":{"_":"Erakutsi pasahitza"},"refresh":{"_":"Berritu"},"noWifiFound3":{"_":"Ez da haririk gabeko sarerik aurkitu"},"join-hidden-button":{"_":"Elkartu sare ezkutura"},"authentication":{"_":"Autentifikazioa"},"ssid-name":{"_":"SSID sarearen izena"},"dateAndTime":{"_":"Data eta ordua"},"setTimeAutomatically":{"_":"Ezarri automatikoki"},"timezoneMessage":{"_":"Ordu-zona"},"timezoneTitle":{"_":"UTC{{utcOffset}} {{region}}/{{city}}"},"dateMessage":{"_":"Data"},"timeMessage":{"_":"Ordua"},"timeZone":{"_":"Ordu-zona"},"change":{"_":"Aldatu"},"importContacts3":{"_":"Inportatu kontaktuak"},"importFb2":{"_":"Facebook"},"fb-checking":{"_":"… egiaztatzen"},"notImportedYet":{"_":"Oraindik inportatu gabe"},"afterFbImport":{"_":"Noiznahi inporta eta edita ditzakezu Facebookeko lagunak kontaktuen ezarpenetan"},"about-your-rights-0":{"_":"Mundu osoko milaka pertsonek osatutako komunitateak kode irekiko software librea erabiliz eraiki da {{brandShortName}}. Badira jakin beharko zenituzkeen gauza batzuk:"},"about-your-rights-1":{"_":"Iturburu irekiko hainbat lizentzien baldintzapean (Mozilla Public License barne) eskuratu duzu {{brandShortName}}. {{brandShortName}} exekutatzen duen gailu batek hirugarrenen software jabeduna ere izan lezake. Lizentzia librepean eskaintzen den edozein kodek eskubidea ematen dizu iturburu-kodea aldatu eta egindako aldaketak banatzeko, beti ere baldintzak obeditzen dituzun bitartean."},"about-your-rights-2":{"_":"Ez zaizu ematen Mozilla Fundazioaren edo beste inorren erregistratutako marken eskubiderik ezta hauen gaineko lizentziarik ere, {{brandShortName}} izena edo logoak barne."},"about-your-rights-3":{"_":"{{brandShortName}}(e)ko hainbat eginbidek, hala nola hutsegiteen berriemaileak, Mozillari iritzia emateko aukera ematen dizute. Iritzia bidaltzea aukeratuz gero, Mozillari baimena ematen diozu iritzi hori erabiltzeko bere produktuak hobetzeko, bere webguneetan argitaratzeko eta banatzeko."},"about-other":{"_":"Besteak"},"SIM_mandatory":{"_":"SIM txartelaren abisua"},"SIM_mandatory_warm":{"_":"Sartu SIM txartela eta berrabiarazi zure telefonoa mesedez."},"sharing-performance-data":{"_":"Errendimenduaren inguruko datuak partekatzea"},"telemetry-sends":{"_":"Telmetry zure {{brandShortName}} gailuaren errendimenduaren, hardwarearen, konfigurazioen eta pertsonalizazioen inguruko datuak bidaltzen ditu Mozillara. Gure produktuak hobeagoak, azkarragoak eta erantzuten azkarragoak egiteko erabiltzen dugu hau."},"learn-more-at":{"_":"Argibide gehiago:"},"external-telemetry":{"title":"Telemetry"},"learn-about-information":{"_":"Mozillak zure informazioa nola maneiatzen duen jakiteko:"},"external-privacy":{"title":"Pribatutasuna"},"welcomeBrowser":{"_":"Ongi etorri {{brandShortName}}(e)ra, Mozillaren kode irekiko sistema eragile librera. Webaren indarra zure eskuetan mantenduz, irekitasuna, berrikuntza eta aukerak sustatzea da gure misioa."},"learnHow":{"_":"Mozillak zure informazioa nola maneiatzen duen jakiteko irakurri"},"privacyPolicy":{"_":"pribatutasun-politika","title":"Pribatutasun-politika"},"aboutBrowser":{"_":"{{brandShortName}}(r)i buruz"},"aboutYourPrivacy2":{"_":"Zure pribatutasuna"},"mozillaCommunity2":{"_":"{{brandShortName}} erabiltzen duzunean, webarentzat etorkizun argiagoa eraikitzen laguntzen duen komunitate globalaren parte bihurtzen zara. Mozilla komunitatearen edo gure beste produktu eta zure gertuko gertaeren inguruan gehiago jakin nahi baduzu, sartu zure helbide elektronikoa azpian."},"collaborate":{"_":"{{brandShortName}} hobetzen lagundu nahi dut nire telefonoaren inguruko datuak partekatuz."},"learnMore":{"_":"Argibide gehiago."},"emailAddress":{"placeholder":"Helbide elektronikoa"},"email-successfully-added":{"_":"Helbide elektronikoa ondo gehitu da"},"email-loading":{"_":"Zure helbide elektronikoa gordetzen…"},"browserPrivacyChoices":{"_":"{{brandShortName}}(r)en pribatutasun-aukerak"},"privacy-b2g":{"_":"{{brandShortName}}","title":"{{brandShortName}}"},"privacy-marketplace":{"_":"Marketplace","title":"{{privacy-marketplace}}"},"privacy-e-me":{"_":"everything.me","title":"{{privacy-e-me}}"},"navbar-back":{"_":"Atzera"},"navbar-next":{"_":"Hurrengoa"},"navbar-join":{"_":"Elkartu"},"thatsIt":{"_":"Horixe da dena!"},"startYourPhone":{"_":"Hasi telefonoaren itzulia!"},"startYourTablet":{"_":"Hasi tabletaren itzulia!"},"joinTutorial":{"_":"Etor zaitez gurekin zure telefono berriaren inguruko itzuli azkar baterako."},"enjoyYourPhone":{"_":"Zure telefono berria gozatzeko prest zaude."},"optionsAvailable":{"_":"Hizkuntza, data eta ordua eta Wi-Fi konexioa ezarpenetan alda ditzakezu."},"letsGo":{"_":"Goazen!"},"startTour":{"_":"Hasi itzulia"},"thatsIt1Tablet-2":{"_":"Beheko ertzetik hatza pasa dezakezu hasierako pantailan sartzeko."},"thatsIt2Tablet-2":{"_":"Egin dezagun!"},"tutorial-step1-tiny":{"_":"Pasatu hatza eskuinetik ezkerrera zure aplikazioak arakatzeko."},"tutorial-step2-tiny":{"_":"Sakatu eta eutsi ikono batean berau ezabatu edo lekuz aldatzeko."},"tutorial-step3-tiny":{"_":"Idatzi edozein gako-hitz edo gai eta zure telefonoa berehala moldatuko da."},"tutorial-step4-tiny":{"_":"Pasatu hatza goitik behera azken jakinarazpenen, kredituaren informazioaren eta ezarpenen sarbidea izateko."},"tutorial-step5-tiny":{"_":"Sakatu eta eutsi hasiera-botoia azken aplikazioak arakatu eta ixteko."},"tutorial-step6-tiny":{"_":"Pasatu hatza pantailaren aldamenetik eta aldatu azken aplikazioen artean."},"tutorial-step1-large-2":{"_":"Pasatu hatza goitik behera azken jakinarazpenen, kredituaren informazioaren eta ezarpenen sarbidea izateko."},"tutorial-step2-large-2":{"_":"Pasatu hatza ezkerrera edo eskuinera hasierako pantailan aplikazio berriak deskubritzeko."},"tutorial-step3-large-2":{"_":"Sakatu eta eutsi ikono batean berau ezabatu edo lekuz aldatzeko."},"tutorial-step4-large-2":{"_":"Pasatu bi hatz beheko ertzetik gora txartel-ikuspegia abiarazteko."},"offline-dialog-title":{"_":"Internetera konektatuta egon behar duzu orria ikusteko."},"offline-dialog-text":{"_":"Joan atzera eta konektatu Internetera. Orria beranduago ere ikus dezakezu ezarpenetatik edo edozein nabigatzailetan {{url}} sartuz."},"OK":{"_":"Ados"},"offline-newsletter-dialog-title":{"_":"Internetera konektatuta egon behar duzu berripaperera harpidetzeko."},"offline-newsletter-dialog-text":{"_":"Joan atzera eta konektatu Internetera."},"invalid-email-dialog-title":{"_":"Zure helbide elektronikoa ez da baliozkoa"},"invalid-email-dialog-text":{"_":"Joan atzera eta zuzendu zure sarrera."},"weekday-0-long":{"_":"igandea"},"weekday-1-long":{"_":"astelehena"},"weekday-2-long":{"_":"asteartea"},"weekday-3-long":{"_":"asteazkena"},"weekday-4-long":{"_":"osteguna"},"weekday-5-long":{"_":"ostirala"},"weekday-6-long":{"_":"larunbata"},"weekday-0-short":{"_":"ig."},"weekday-1-short":{"_":"al."},"weekday-2-short":{"_":"ar."},"weekday-3-short":{"_":"az."},"weekday-4-short":{"_":"og."},"weekday-5-short":{"_":"or."},"weekday-6-short":{"_":"lr."},"month-0-long":{"_":"urtarrila"},"month-1-long":{"_":"otsaila"},"month-2-long":{"_":"martxoa"},"month-3-long":{"_":"apirila"},"month-4-long":{"_":"maiatza"},"month-5-long":{"_":"ekaina"},"month-6-long":{"_":"uztaila"},"month-7-long":{"_":"abuztua"},"month-8-long":{"_":"iraila"},"month-9-long":{"_":"urria"},"month-10-long":{"_":"azaroa"},"month-11-long":{"_":"abendua"},"month-0-genitive":{"_":"urtarrila"},"month-1-genitive":{"_":"otsaila"},"month-2-genitive":{"_":"martxoa"},"month-3-genitive":{"_":"apirila"},"month-4-genitive":{"_":"maiatza"},"month-5-genitive":{"_":"ekaina"},"month-6-genitive":{"_":"uztaila"},"month-7-genitive":{"_":"abuztua"},"month-8-genitive":{"_":"iraila"},"month-9-genitive":{"_":"urria"},"month-10-genitive":{"_":"azaroa"},"month-11-genitive":{"_":"abendua"},"month-0-short":{"_":"urt"},"month-1-short":{"_":"ots"},"month-2-short":{"_":"mar"},"month-3-short":{"_":"api"},"month-4-short":{"_":"mai"},"month-5-short":{"_":"eka"},"month-6-short":{"_":"uzt"},"month-7-short":{"_":"abu"},"month-8-short":{"_":"ira"},"month-9-short":{"_":"urr"},"month-10-short":{"_":"aza"},"month-11-short":{"_":"abe"},"minutes-ago-long":{"_":"{[ plural(value) ]}","_[zero]":"oraintxe bertan","_[one]":"duela minutu bat","_[two]":"duela {{value}} minutu","_[few]":"duela {{value}} minutu","_[many]":"duela {{value}} minutu","_[other]":"duela {{value}} minutu"},"hours-ago-long":{"_":"{[ plural(value) ]}","_[zero]":"oraintxe bertan","_[one]":"duela ordubete","_[two]":"duela {{value}} ordu","_[few]":"duela {{value}} ordu","_[many]":"duela {{value}} ordu","_[other]":"duela {{value}} ordu"},"days-ago-long":{"_":"{[ plural(value) ]}","_[zero]":"gaur","_[one]":"atzo","_[two]":"herenegun","_[few]":"duela {{value}} egun","_[many]":"duela {{value}} egun","_[other]":"duela {{value}} egun"},"weeks-ago-long":{"_":"{[ plural(value) ]}","_[zero]":"aste honetan","_[one]":"azken astean","_[two]":"duela {{value}} aste","_[few]":"duela {{value}} aste","_[many]":"duela {{value}} aste","_[other]":"duela {{value}} aste"},"months-ago-long":{"_":"{[ plural(value) ]}","_[zero]":"hilabete honetan","_[one]":"azken hilabetean","_[two]":"duela {{value}} hilabete","_[few]":"duela {{value}} hilabete","_[many]":"duela {{value}} hilabete","_[other]":"duela {{value}} hilabete"},"years-ago-long":{"_":"{[ plural(value) ]}","_[zero]":"aurten","_[one]":"iaz","_[two]":"duela {{value}} urte","_[few]":"duela {{value}} urte","_[many]":"duela {{value}} urte","_[other]":"duela {{value}} urte"},"minutes-until-long":{"_":"{[ plural(value) ]}","_[zero]":"orain","_[one]":"minutu barru","_[two]":"{{value}} minutu barru","_[few]":"{{value}} minutu barru","_[many]":"{{value}} minutu barru","_[other]":"{{value}} minutu barru"},"hours-until-long":{"_":"{[ plural(value) ]}","_[zero]":"orain","_[one]":"ordubete barru","_[two]":"{{value}} ordu barru","_[few]":"{{value}} ordu barru","_[many]":"{{value}} ordu barru","_[other]":"{{value}} ordu barru"},"days-until-long":{"_":"{[ plural(value) ]}","_[zero]":"gaur","_[one]":"bihar","_[two]":"etzi","_[few]":"{{value}} egun barru","_[many]":"{{value}} egun barru","_[other]":"{{value}} egun barru"},"weeks-until-long":{"_":"{[ plural(value) ]}","_[zero]":"aste honetan","_[one]":"hurrengo astean","_[two]":"{{value}} aste barru","_[few]":"{{value}} aste barru","_[many]":"{{value}} aste barru","_[other]":"{{value}} aste barru"},"months-until-long":{"_":"{[ plural(value) ]}","_[zero]":"hil honetan","_[one]":"hurrengo hilean","_[two]":"{{value}} hilabete barru","_[few]":"{{value}} hilabete barru","_[many]":"{{value}} hilabete barru","_[other]":"{{value}} hilabete barru"},"years-until-long":{"_":"{[ plural(value) ]}","_[zero]":"aurten","_[one]":"hurrengo urtean","_[two]":"{{value}} urte barru","_[few]":"{{value}} urte barru","_[many]":"{{value}} urte barru","_[other]":"{{value}} urte barru"},"minutes-ago-short":{"_":"{[ plural(value) ]}","_[zero]":"oraintxe bertan","_[other]":"duela {{value}}m"},"hours-ago-short":{"_":"{[ plural(value) ]}","_[zero]":"oraintxe bertan","_[other]":"duela {{value}}h"},"days-ago-short":{"_":"{[ plural(value) ]}","_[zero]":"gaur","_[other]":"duela {{value}}eg."},"minutes-until-short":{"_":"{[ plural(value) ]}","_[zero]":"orain","_[other]":"{{value}}m barru"},"hours-until-short":{"_":"{[ plural(value) ]}","_[zero]":"orain","_[other]":"{{value}}h barru"},"days-until-short":{"_":"{[ plural(value) ]}","_[zero]":"gaur","_[other]":"{{value}}eg. barru"},"incorrectDate":{"_":"(data okerra)"},"dateTimeFormat_%c":{"_":"%a, %Y.eko %Bren %ea %H:%M:%S"},"dateTimeFormat_%x":{"_":"%Y/%m/%d"},"dateTimeFormat_%X":{"_":"%H:%M:%S"},"shortTimeFormat":{"_":"%H:%M"},"shortDateTimeFormat":{"_":"%x %H:%M"},"weekStartsOnMonday":{"_":"1"},"time_am":{"_":"AM"},"time_pm":{"_":"PM"},"tz-region":{"_":"Eskualdea"},"tz-city":{"_":"Hiria"},"tzRegion-Africa":{"_":"Afrika"},"tzRegion-America":{"_":"Amerika"},"tzRegion-Antarctica":{"_":"Antartika"},"tzRegion-Asia":{"_":"Asia"},"tzRegion-Atlantic":{"_":"Ozeano Atlantikoa"},"tzRegion-Australia":{"_":"Australia"},"tzRegion-Europe":{"_":"Europa"},"tzRegion-Indian":{"_":"Ozeano Indikoa"},"tzRegion-Pacific":{"_":"Ozeano Barea"},"close":{"_":"Close"},"import":{"_":"Import"},"fbFriends":{"_":"Facebook Friends"},"live-serviceName":{"_":"Outlook"},"gmail-serviceName":{"_":"Gmail"},"facebook-serviceName":{"_":"Facebook Friends"},"viewAll":{"_":"View All Facebook Friends"},"viewRecommend":{"_":"View Only Recommended"},"linkProposal":{"_":"{[ plural(numFriends) ]}","_[zero]":"No matching friends. Showing all","_[one]":"Select the recommended one","_[two]":"Select a recommended one","_[few]":"Select a recommended one","_[many]":"Select a recommended one","_[other]":"Select a recommended one"},"fbFriendsFound":{"_":"{[ plural(numFriends) ]}","_[zero]":"All your friends are imported","_[one]":"Found one friend to import","_[two]":"Found {{numFriends}} friends to import","_[few]":"Found {{numFriends}} friends to import","_[many]":"Found {{numFriends}} friends to import","_[other]":"Found {{numFriends}} friends to import"},"done-search":{"_":"Done"},"progressFB3ImportTitle":{"_":"Importing friends to Contacts"},"progressFB":{"_":"{{current}}/{{total}}"},"progressFB3UpdateTitle":{"_":"Updating friends in Contacts"},"message2":{"_":"This may take a couple of minutes"},"messageLinking":{"_":"Please hold on. We are linking your friend and your contact."},"error1":{"_":"Error {{from}}"},"error2":{"_":"Do you want to retry?"},"errorProposal":{"_":"calculating proposals"},"errorFriends":{"_":"retrieving friends"},"errorLinking":{"_":"linking contact"},"timeout1":{"_":"Exceeded timeout {{from}}"},"timeout2":{"_":"Do you want to retry?"},"timeoutProposal":{"_":"calculating proposals"},"timeoutFriends":{"_":"retrieving friends"},"timeoutLinking":{"_":"linking contacts"},"wait1":{"_":"Please hold on"},"wait2":{"_":"This may take a couple of minutes"},"waitProposal":{"_":"Please hold on. We are calculating a proposal."},"waitFriends":{"_":"Please hold on. We are connecting to obtain your friend list."},"curtainCancel":{"_":"Cancel"},"curtainRetry":{"_":"Retry"},"curtainOK":{"_":"OK"},"connectionLost":{"_":"No Internet connection"},"connectionLostMsg":{"_":"Friends’ photos will not be added to your contacts. Continue anyway?"},"yesOption":{"_":"OK"},"noOption":{"_":"Cancel"},"friendsUpdated":{"_":"{[ plural(numFriends) ]}","_[zero]":"No friends updated","_[one]":"Updated one friend","_[two]":"Updated {{numFriends}} friends","_[few]":"Updated {{numFriends}} friends","_[many]":"Updated {{numFriends}} friends","_[other]":"Updated {{numFriends}} friends"},"notificationLogin":{"_":"Your Facebook session is invalid. Please sign in."},"syncError":{"_":"There was an error synchronizing your friend’s data"},"addToExistingContact":{"_":"Gehitu badagoen kontaktuari"},"all":{"_":"Denak"},"callLog":{"_":"Deien erregistroa"},"connecting":{"_":"Konektatzen"},"cf-async":{"_":"Asinkronoa: {{ async }}"},"cf-data":{"_":"Datuak: {{ data }}"},"cf-error":{"_":"Errorea gertatu da dei-birbidalketaren egoera eskuratzean"},"cf-fax":{"_":"FAXa: {{ fax }}\n"},"cf-inactive":{"_":"Inaktibo"},"cf-packet":{"_":"Paketea: {{ packet }}\n"},"cf-pad":{"_":"PADa: {{ pad }}\n"},"cf-sms":{"_":"SMSa: {{ sms }}\n"},"cf-status":{"_":"Dei-birbidalketaren egoera\n"},"cf-sync":{"_":"Sinkronoa: {{ sync }}\n"},"cf-voice":{"_":"Ahotsa: {{ voice }}\n"},"confirm-deletion":{"_":"Garbitu hautatutako deiak?"},"createNewContact":{"_":"Sortu kontaktu berria"},"delete":{"_":"Ezabatu"},"edit-selected":{"_":"{[ plural(n) ]}","_[one]":"Bat hautatuta","_[two]":"{{ n }} hautatuta","_[few]":"{{ n }} hautatuta","_[many]":"{{ n }} hautatuta","_[other]":"{{ n }} hautatuta"},"ignore":{"_":"Ezikusi deia"},"incoming":{"_":"Sarrerakoak"},"missed":{"_":"Galduak"},"missedCall":{"_":"Dei galduak"},"missedCallMultiSims":{"_":"({{ n }}. SIMa) Dei galdua"},"mmi-error":{"_":"Errorea gertatu da mezua bidaltzean"},"mmi-session-expired":{"_":"Saioa iraungita"},"mmi-successfully-sent":{"_":"Mezua ondo bidali da"},"no-logs-msg-1":{"_":"Erregistratutako deirik ez"},"no-logs-msg-2":{"_":"Hasi komunikatzen orain"},"no-logs-msg-3":{"_":"Dei galdurik ez"},"reply":{"_":"Erantzun"},"switch-calls":{"_":"Aldatu deiak"},"withheld-number":{"_":"Zenbaki ezkutua"},"from-contact":{"_":"{{ contact }}"},"from-number":{"_":"{{ number }}"},"from-withheld-number":{"_":"Zenbaki ezkutua"},"sending":{"_":"Bidaltzen…"},"ussd-services":{"_":"{{ operator }} zerbitzuak"},"type-your-response":{"placeholder":"Idatzi erantzuna…"},"clear-all-text":{"_":"Garbitu testu guztia"},"hide":{"_":"Ezkutatu"},"hold":{"_":"Mantendu"},"resume":{"_":"Berrekin"},"sendSms":{"_":"Bidali mezua"},"callEnded":{"_":"Deia amaituta"},"via-sim":{"_":"{{ n }}. SIMaren bidez"},"sim-number":{"_":"{{ n }}. SIMa"},"hangup-a11y-button":{"aria-label":"Eseki"},"pickup-a11y-button":{"aria-label":"Hartu"},"unlock-a11y-button":{"aria-label":"Graduatzailea"},"delete-n-log?":{"_":"{[ plural(n) ]}","_[zero]":"Ez da ezer hautatu","_[one]":"Ezabatu hautatutako loga?","_[two]":"Ezabatu {{n}} log?","_[few]":"Ezabatu {{n}} log?","_[many]":"Ezabatu {{n}} log?","_[other]":"Ezabatu {{n}} log?"},"callDurationMinutes":{"_":"{{ m }}:{{ s }}"},"callDurationHours":{"_":"{{ h }}:{{ m }}:{{ s}}"},"suggestionMatches":{"_":"{[ plural(n) ]}","_[one]":"Agerpen bat \"{{ matchNumber }}\" zenbakirako","_[two]":"{{ n }} agerpen \"{{ matchNumber }}\" zenbakirako","_[few]":"{{ n }} agerpen \"{{ matchNumber }}\" zenbakirako","_[many]":"{{ n }} agerpen \"{{ matchNumber }}\" zenbakirako","_[other]":"{{ n }} agerpen \"{{ matchNumber }}\" zenbakirako"},"scCallBarring":{"_":"Deien blokeoa"},"scCallForwarding":{"_":"Dei-birbidalketa"},"scClip":{"_":"Sarrerako deitzailearen IDa"},"scClir":{"_":"Irteerako deitzailearen IDa"},"scPwd":{"_":"Pasahitz-aldaketa"},"scCallWaiting":{"_":"Dei-itxarotea"},"scPin":{"_":"PIN aldaketa"},"scPin2":{"_":"PIN2 aldaketa"},"scPuk":{"_":"Desblokeatu PINa"},"scPuk2":{"_":"Desblokeatu PIN2a"},"scImei":{"_":"IMEI"},"scUssd":{"_":"USSD"},"serviceClassVoice":{"_":"Ahotsa"},"serviceClassData":{"_":"Datuak"},"serviceClassFax":{"_":"FAXa"},"serviceClassSms":{"_":"SMSa"},"serviceClassDataSync":{"_":"Sinkr."},"serviceClassDataAsync":{"_":"Asinkr."},"serviceClassPacket":{"_":"Paketea"},"serviceClassPad":{"_":"PAD"},"smServiceEnabled":{"_":"Zerbitzua gaitu egin da"},"smServiceDisabled":{"_":"Zerbitzua desgaitu egin da"},"smServiceRegistered":{"_":"Erregistroa ondo burutu da"},"smServiceErased":{"_":"Ezabatzea ondo burutu da"},"smServiceInterrogated":{"_":"Eskaera ondo burutu da"},"smServiceNotProvisioned":{"_":"Hornitu gabeko zerbitzua"},"smClirPermanent":{"_":"Ezin duzu deitzailearen IDaren ezarpena aldatu"},"smClirDefaultOnNextCallOn":{"_":"Deitzailearen IDa mugatuta dago lehenespenez. Hurrengo deia: mugatuta"},"smClirDefaultOnNextCallOff":{"_":"Deitzailearen IDa mugatuta dago lehenespenez. Hurrengo deia: mugatu gabe"},"smClirDefaultOffNextCallOn":{"_":"Deitzailearen IDa mugatu gabe dago lehenespenez. Hurrengo deia: mugatuta"},"smClirDefaultOffNextCallOff":{"_":"Deitzailearen IDa mugatu gabe dago lehenespenez. Hurrengo deia: mugatu gabe"},"smServiceEnabledFor":{"_":"Zerbitzua honentzat gaitu da:"},"smPinChanged":{"_":"PINa ondo aldatu da"},"smPinUnblocked":{"_":"PINa ondo desblokeatu da"},"smPin2Changed":{"_":"PIN2a ondo aldatu da"},"smPin2Unblocked":{"_":"PIN2a ondo desblokeatu da"},"emMmiError":{"_":"Konexio-arazoa edo MMI kode baliogabea"},"emMmiErrorPasswordIncorrect":{"_":"Pasahitz okerra"},"emMmiErrorNotSupported":{"_":"MMI kode baliogabea edo onartzen ez dena"},"emMmiErrorInvalidAction":{"_":"Ekintza baliogabea"},"emMmiErrorInvalidScCode":{"_":"Zerbitzu-kode baliogabea"},"emMmiErrorBadPuk":{"_":"Idatzi duzun PUKa ez da zuzena"},"emMmiErrorBadPin":{"_":"Idatzi duzun PIN zaharra ez da zuzena."},"emMmiErrorNeedPuk2":{"_":"Idatzi PUK2a SIM txartela desblokeatzeko"},"emMmiErrorMismatchPin":{"_":"Idatzi dituzun PINak ez datoz bat"},"emMmiErrorInvalidPin":{"_":"Idatzi 4 eta 8 zenbaki arteko PINa"},"emMmiErrorNeedsPuk":{"_":"Zure SIM txartela PUK bidez blokeatuta dago"},"emMmiErrorEnablePin":{"_":"Ez da ondo burutu. Gaitu SIM/RUIM LOCK"},"emMmiErrorMmiFdn":{"_":"Eragiketa zenbaki aurrefinkatuen markatzeari soilik dago mugatuta"},"emMmiErrorStkCcUssdDial":{"_":"USSD eskaera DIAL eskaerara aldatu da"},"emMmiErrorStkCcUssdSs":{"_":"USSD eskaera SS eskaerara aldatu da"},"emMmiErrorStkCcUssdUssd":{"_":"USSD eskaera USSD eskaera berrira aldatu da"},"emMmiErrorStkCcSsDial":{"_":"SS eskaera DIAL eskaerara aldatu da"},"emMmiErrorStkCcSsUssd":{"_":"SS eskaera USSD eskaerara aldatu da"},"emMmiErrorStkCcSsSs":{"_":"SS eskaera SS eskaera berrira aldatu da"},"emMmiErrorPinPukAttempts":{"_":"{[ plural(n) ]}","_[one]":"Azken aukera falta da","_[two]":"{{n}} aukera falta dira","_[few]":"{{n}} aukera falta dira","_[many]":"{{n}} aukera falta dira","_[other]":"{{n}} aukera falta dira"},"emMmiErrorSimBlocked":{"_":"Aukeren kopuru maximoa gaindituta. SIMa blokeatuta"},"RadioNotAvailable":{"_":"Irratia ez dago erabilgarri"},"GenericFailure":{"_":"Hutsegite generikoa"},"PasswordIncorrect":{"_":"Pasahitz okerra"},"SimPin2":{"_":"SIM PIN2a"},"SimPuk2":{"_":"SIM PUK2a"},"RequestNotSupported":{"_":"Eskaera ez da onartzen"},"OpNotAllowedDuringVoiceCall":{"_":"Eragiketa ez dago baimenduta ahots-deian zehar"},"SmsSendFailRetry":{"_":"SMSa bidaltzeko birsaiakeraren hutsegitea"},"SimAbsent":{"_":"Ez dago SIMa"},"SubscriptionNotAvailable":{"_":"Harpidetza ez dago erabilgarri"},"ModeNotSupported":{"_":"Modua ez da onartzen"},"FdnCheckFailure":{"_":"Fdn egiaztapenaren hutsegitea"},"IllegalSimOrMe":{"_":"SIM edo ME ilegala"},"DialModifiedToUssd":{"_":"Dial USSDra aldatu da"},"DialModifiedToSs":{"_":"Dial SSra aldatu da"},"DialModifiedToDial":{"_":"Dial dial-era aldatu da"},"UssdModifiedToDial":{"_":"USSD dial-era aldatu da"},"UssdModifiedToSs":{"_":"USSD SSra aldatu da"},"UssdModifiedToUssd":{"_":"USSD USSDra aldatu da"},"SsModifiedToDial":{"_":"SS dial-era aldatu da"},"SsModifiedToUssd":{"_":"SS USSDra aldatu da"},"SsModifiedToSs":{"_":"SS SSra aldatu da"},"SubscriptionNotSupported":{"_":"Harpidetza ez da onartzen"},"InvalidParameter":{"_":"Parametro baliogabea"},"RejectedByRemote":{"_":"Urrunekoak baztertua"},"group-call":{"_":"{[ plural(n) ]}","_[one]":"Taldeko deia ({{ n }})","_[two]":"Taldeko deia ({{ n }})","_[few]":"Taldeko deia ({{ n }})","_[many]":"Taldeko deia ({{ n }})","_[other]":"Taldeko deia ({{ n }})"},"caller-left-call":{"_":"{{ caller }}(e)k deia utzi du."},"conferenceAddError":{"_":"Ezin dira deiak konbinatu"},"conferenceRemoveError":{"_":"Ezin dira deiak banandu"},"longDateFormat":{"_":"%A, %Bk %e"},"select-audio-sources":{"_":"Hautatu audio-iturriak"},"bluetooth-handsfree-device":{"_":"Esku libreko bluetooth gailua"},"receiver":{"_":"Hargailua"},"speaker":{"_":"Bozgorailua"},"sim-picker-dial-via-with-number":{"_":"Markatu {{ phoneNumber }} zenbakia"},"sim-picker-select-sim":{"_":"Hautatu SIMa"},"sim-picker-button":{"_":"SIM{{ n }}"},"sim-picker-button-default":{"_":"(lehenetsia)"},"waitDuplicateContacts":{"_":"Bikoiztutako kontaktuak bilatzen"},"waitMergingDuplicateContacts":{"_":"Bikoiztutako kontaktuak batzen"},"alertNoDuplicateContacts":{"_":"Ez da bikoiztutako kontakturik aurkitu"},"merge":{"_":"Batu"},"mergeDuplicateTitle":{"_":"Batu bikoiztuak"},"suggestedDuplicateContacts":{"_":"{{name}}(r)entzat iradokitako bikoiztutako kontaktuak"},"mergeActionButtonLabel":{"_":"{[ plural(n) ]}","_[zero]":"Ez da kontakturik hautatu","_[one]":"Batu kontaktu batekin","_[other]":"Batu {{n}} kontakturekin"},"duplicatesFoundTitle":{"_":"Bikoiztutakoak aurkitu dira"},"duplicatesFoundMessage":{"_":"{{name}}(r)en bikoiztutakoen informazioa ondorengo kontaktuetan"}}