{"brandShortName":{"_":"B2G OS"},"browserBrandShortName":{"_":"Navigateur web"},"browserBrandFullName":{"_":"Navigateur web de Mozilla"},"callAirplaneModeMessage":{"_":"Afin de passer un appel vous devez désactiver le mode avion dans les paramètres."},"callAirplaneModeBtnOk":{"_":"OK"},"callAirplaneModeTitle":{"_":"Mode avion activé"},"numberIsBusyTitle":{"_":"Numéro occupé"},"numberIsBusyMessage":{"_":"Le numéro est actuellement occupé. Veuillez réessayer plus tard."},"fdnIsEnabledTitle":{"_":"Numérotation fixe activée"},"fdnIsEnabledMessage":{"_":"Ce numéro est bloqué car il n’est pas présent dans votre liste de numéros autorisés."},"voiceMail":{"_":"Messagerie vocale"},"emergencyNumber":{"_":"Numéro d’urgence"},"emergencyDialogBodyBadNumber":{"_":"Afin d’appeler, vous devez d’abord avoir une couverture réseau."},"emergencyDialogBodyDeviceNotAccepted":{"_":"Appels d’urgence non autorisés par le réseau."},"emergencyDialogBtnOk":{"_":"OK"},"emergencyDialogTitle":{"_":"Pas de réseau"},"invalidNumberToDialTitle":{"_":"Numéro de téléphone non valide"},"invalidNumberToDialMessage":{"_":"Le numéro de téléphone que vous essayez de joindre n’est pas valide."},"unableToCallTitle":{"_":"Impossible de passer un appel maintenant"},"unableToCallMessage":{"_":"Impossible de passer un appel. Si vous êtes déjà en communication, veuillez d’abord raccrocher."},"otherConnectionInUseTitle":{"_":"Autre ligne active"},"otherConnectionInUseMessage":{"_":"Un appel est déjà en cours sur une autre ligne. Vous ne pouvez utiliser qu’une ligne à la fois."},"add":{"_":"Ajouter"},"back":{"_":"Back"},"call":{"_":"Appeler"},"edit":{"_":"Modifier"},"cancel":{"_":"Annuler"},"done":{"_":"Terminé"},"ok":{"_":"OK"},"update":{"_":"Enreg."},"retry":{"_":"Réessayer"},"contacts":{"_":"Contacts"},"addContact":{"_":"Ajouter un contact"},"deleteContact":{"_":"Supprimer le contact"},"selectContact":{"_":"Choisir un contact"},"selectAll":{"_":"Tout sélectionner"},"deselectAll":{"_":"Tout désélectionner"},"editContact":{"_":"Modifier contact"},"deleteConfirmMsg":{"_":"Supprimer le contact ?"},"remove":{"_":"Supprimer"},"comments":{"_":"Commentaires"},"no_contact_phones":{"_":"Ce contact ne possède pas de numéro de téléphone"},"no_contact_email":{"_":"Ce contact ne possède pas d’adresse électronique"},"removePhotoConfirm":{"_":"Supprimer la photo du contact ?"},"loadingContacts":{"_":"Chargement des contacts…"},"noContactsActivity":{"_":"Ajout contact impossible car votre liste de contacts est vide"},"noName":{"_":"Pas de nom"},"givenName":{"placeholder":"Prénom"},"familyName":{"placeholder":"Nom"},"tel":{"placeholder":"Téléphone"},"carrier":{"_":"Opérateur","placeholder":"Opérateur"},"separator":{"_":","},"email":{"_":"Courriel","placeholder":"Courriel"},"streetAddress":{"placeholder":"Rue"},"postalCode":{"placeholder":"Code postal"},"locality":{"placeholder":"Ville"},"countryName":{"placeholder":"Pays"},"comment":{"placeholder":"Commentaire"},"org":{"placeholder":"Entreprise"},"custom":{"placeholder":"Personnalisé","_":"Personnalisée"},"date":{"_":"Date","placeholder":"Date"},"birthday":{"_":"Anniversaire"},"dateFormat":{"_":"%e %Eb"},"dateOutput":{"_":"{{dayMonthFormatted}} {{year}}"},"anniversary":{"_":"Date anniversaire"},"addPhoto":{"_":"Ajouter photo"},"addPhone":{"_":"Ajouter un numéro"},"addEmail":{"_":"Ajouter un courriel"},"addAddress":{"_":"Ajouter une adresse"},"addDate":{"_":"Ajouter une date"},"addComment":{"_":"Ajouter un commentaire"},"addFavorite":{"_":"Ajouter aux favoris"},"removeFavorite":{"_":"Retirer des favoris"},"label":{"_":"Étiquette"},"mobile":{"_":"Mobile"},"home":{"_":"Domicile"},"work":{"_":"Bureau"},"personal":{"_":"Personnel"},"faxHome":{"_":"Fax domicile"},"faxOffice":{"_":"Fax bureau"},"faxOther":{"_":"Autre fax"},"another":{"_":"Autre"},"other":{"_":"Autre"},"current":{"_":"Actuelle"},"itemWithLabel":{"_":"{{label}}, {{item}}"},"exit":{"_":"Quitter"},"expand":{"_":"Dérouler"},"labelName":{"_":"Nom :"},"labelLastName":{"_":"Prénom :"},"labelPhoneNumber":{"_":"Numéro de tél. :"},"labelCarrier":{"_":"Opérateur :"},"labelEmail":{"_":"Courriel :"},"labelStreet":{"_":"Rue :"},"labelZip":{"_":"Code postal :"},"labelCity":{"_":"Ville :"},"labelCountry":{"_":"Pays :"},"labelComment":{"_":"Commentaire :"},"legendTitleMain":{"_":"Information principale"},"legendPhones":{"_":"Numéros de tél."},"legendEmail":{"_":"Adresse courriel"},"legendAddress":{"_":"Adresse"},"settings":{"_":"Paramètres"},"search-contact":{"placeholder":"Rechercher"},"noResults":{"_":"Aucun contact trouvé"},"transferContactsTitle":{"_":"Transférer des contacts"},"importContactsTitle":{"_":"Importer des contacts"},"importContactsButton":{"_":"Importer des contacts"},"exportContactsTitle":{"_":"Exporter des contacts"},"exportContactsButton":{"_":"Exporter des contacts"},"exportContactsAction":{"_":"Exporter"},"simExport-title":{"_":"Exportation vers la SIM"},"sdExport-title":{"_":"Exportation vers la carte SD"},"btExport-title":{"_":"Exportation par Bluetooth"},"sdUMSEnabled":{"_":"Impossible d’utiliser la carte SD car le stockage USB est activé"},"exportErrorTitle":{"_":"Erreur d’exportation"},"contactsExported2":{"_":"{[ plural(exported) ]}","_[zero]":"Aucun contact exporté","_[one]":"Un contact exporté (sur {{total}})","_[two]":"{{exported}}/{{total}} contacts exportés","_[few]":"{{exported}}/{{total}} contacts exportés","_[many]":"{{exported}}/{{total}} contacts exportés","_[other]":"{{exported}}/{{total}} contacts exportés"},"exportError-general":{"_":"Une erreur s’est produite lors de l’exportation"},"exportError-SD-shared":{"_":"Impossible d’accéder à la carte mémoire tant que le partage est activé"},"exportError-SD-unavailable":{"_":"Carte mémoire indisponible"},"exportError-SD-noSpace":{"_":"L’espace disponible sur la carte mémoire est insuffisant pour exporter les contacts"},"exportError-SIM-unavailable":{"_":"Carte SIM indisponible"},"exportError-BT-shared":{"_":"Impossible d’accéder à la carte mémoire tant que le partage est activé"},"exportError-BT-unavailable":{"_":"Carte mémoire indisponible"},"exportError-BT-noSpace":{"_":"L’espace disponible sur la carte mémoire est insuffisant pour exporter les contacts"},"simContacts-import":{"_":"Importer les contacts de la SIM"},"simContacts-importing":{"_":"Importation des contacts de la SIM…"},"simContacts-reading":{"_":"Lecture de la SIM…"},"simContacts-error":{"_":"Impossible d’importer les contacts de la SIM"},"simContacts-imported3":{"_":"{[ plural(n) ]}","_[zero]":"Aucun contact à importer n’a été détecté sur la SIM","_[one]":"Un contact importé","_[two]":"{{n}} contacts importés","_[few]":"{{n}} contacts importés","_[many]":"{{n}} contacts importés","_[other]":"{{n}} contacts importés"},"noSimMsg":{"_":"To import contacts insert or unlock your SIM card"},"noSimMsgExport":{"_":"Pour exporter des contacts, insérez ou débloquez votre carte SIM"},"simNumber":{"_":"SIM {{number}} "},"memoryCardContacts-import":{"_":"Importer des contacts depuis la carte mémoire"},"memoryCardContacts-importing":{"_":"Importation des contacts de la carte mémoire…"},"memoryCardContacts-reading":{"_":"Lecture de la carte mémoire…"},"memoryCardContacts-error":{"_":"Impossible d’importer les contacts de la carte mémoire"},"memoryCardContacts-imported3":{"_":"{[ plural(n) ]}","_[zero]":"Aucun contact à importer n’a été détecté sur la carte mémoire","_[one]":"Un contact importé","_[two]":"{{n}} contacts importés","_[few]":"{{n}} contacts importés","_[many]":"{{n}} contacts importés","_[other]":"{{n}} contacts importés"},"noMemoryCardMsg":{"_":"To import contacts insert a memory card"},"noMemoryCardMsgExport":{"_":"Pour exporter des contacts, insérez une carte mémoire"},"genericProgress":{"_":"{{current}}/{{total}}"},"social-network":{"_":"Réseaux sociaux"},"social-link":{"_":"Ajouter le contact"},"social-unlink":{"_":"Retirer le contact"},"social-unlink-confirm-title":{"_":"Voulez-vous retirer cet ami ?"},"social-unlink-confirm-accept":{"_":"Retirer"},"facebook-import":{"_":"Importer des amis Facebook"},"show-fb-profile":{"_":"Voir le profil Facebook"},"msg-send":{"_":"Message"},"wall-post":{"_":"Statut"},"facebook":{"_":"Facebook"},"facebook-import-msg":{"_":"{[ plural(imported) ]}","_[zero]":"Aucun ami importé (sur {{total}})","_[one]":"Un ami importé (sur {{total}})","_[two]":"{{imported}}/{{total}} amis importés","_[few]":"{{imported}}/{{total}} amis importés","_[many]":"{{imported}}/{{total}} amis importés","_[other]":"{{imported}}/{{total}} amis importés"},"otherAccount":{"_":"Autres comptes"},"facebookSwitchMsg":{"_":"Synchroniser amis"},"select_mobile":{"_":"Choisir le mobile"},"select_email":{"_":"Choisir le courriel"},"contactsOrderBy":{"_":"Trier par nom de famille"},"importSim2":{"_":"Carte SIM"},"importMemoryCard":{"_":"Memory card"},"importGmail":{"_":"Gmail"},"bluetooth":{"_":"Bluetooth"},"importOutlook":{"_":"Outlook"},"fbUpdateFriends":{"_":"Mettre à jour les amis importés"},"cleaningFbData":{"_":"Suppression des données Facebook"},"loggingOutFb":{"_":"Déconnexion de Facebook"},"cleanFbConfirmMsg":{"_":"Supprimer toutes les données Facebook ?"},"renewPwdMsg":{"_":"Votre mot de passe a été modifié sur Facebook. Veuillez le mettre à jour."},"noConnection11":{"_":"To import Facebook friends or contacts connect to Wi-Fi or data network"},"notEnabledYet":{"_":"Pas encore activé"},"genericNoConnection":{"_":"Pour importer des contacts, connectez-vous à un réseau Wi-Fi ou à un réseau de données mobiles"},"simCard":{"_":"Carte SIM"},"memoryCard":{"_":"Carte mémoire"},"create-new":{"_":"Créer un nouveau contact"},"import-now":{"_":"Importer vos contacts depuis la carte SIM ou Facebook"},"no-contacts":{"_":"Aucun contact"},"start-adding":{"_":"Vous pouvez dès à présent commencer à en ajouter"},"notImported":{"_":"Jamais importé"},"imported":{"_":"Importé le"},"today":{"_":"Aujourd’hui,"},"yesterday":{"_":"Hier,"},"messageCanceling":{"_":"Veuillez patienter, nous annulons l’opération en cours."},"organise-contacts":{"_":"Organiser les contacts"},"find-merge-contacts":{"_":"Rechercher des doublons"},"preparing-contacts":{"_":"Préparation des contacts"},"exportError-SIM-NoFreeRecordFound":{"_":"La carte SIM est pleine"},"exportError-SIM-CannotAccessPhoneBook":{"_":"Impossible d’accéder au carnet d’adresses de la carte SIM"},"exportError-SIM-Unavailable":{"_":"Aucune SIM détectée"},"exportError-SIM-GenericError":{"_":"Une erreur s’est produite lors de l’exportation d’un contact."},"date-span-placeholder":{"_":"Date"},"ContactManagementTitle":{"_":"Gestion des contacts"},"DeleteTitle":{"_":"Supprimer"},"bulkDeleteButton":{"_":"Supprimer des contacts"},"BulkDelCancel":{"_":"Suppression des contacts annulée"},"DeletedTxt":{"_":"{[ plural(n) ]}","_[zero]":"Aucun contact à supprimer","_[one]":"1 contact supprimé","_[two]":"{{n}} contacts supprimés","_[few]":"{{n}} contacts supprimés","_[many]":"{{n}} contacts supprimés","_[other]":"{{n}} contacts supprimés"},"DeletingContacts":{"_":"Suppression des contacts"},"ContactConfirmDel":{"_":"{[ plural(n) ]}","_[zero]":"Aucun contact à supprimer","_[one]":"Supprimer 1 contact ? Cette action est irréversible.","_[two]":"Supprimer {{n}} contacts ? Cette action est irréversible.","_[few]":"Supprimer {{n}} contacts ? Cette action est irréversible.","_[many]":"Supprimer {{n}} contacts ? Cette action est irréversible.","_[other]":"Supprimer {{n}} contacts ? Cette action est irréversible."},"SelectedTxt":{"_":"{[ plural(n) ]}","_[zero]":"Contacts","_[one]":"{{n}} sélectionné","_[two]":"{{n}} sélectionnés","_[few]":"{{n}} sélectionnés","_[many]":"{{n}} sélectionnés","_[other]":"{{n}} sélectionnés"},"pincode2":{"_":"Saisir le code PIN"},"type_pin":{"_":"Saisissez votre code PIN"},"pincodeLabel":{"_":"PIN de la SIM {{n}}"},"pinValidation":{"_":"Le code PIN doit comprendre entre 4 et 8 caractères."},"pinError":{"_":"Le code PIN est incorrect."},"pinAttemptMsg2":{"_":"{[ plural(n) ]}","_[one]":"C’est votre dernier essai pour saisir le code correct avant de verrouiller la carte SIM.","_[two]":"Il vous reste {{n}} essais pour saisir le code correct avant de verrouiller la carte SIM.","_[few]":"Il vous reste {{n}} essais pour saisir le code correct avant de verrouiller la carte SIM.","_[many]":"Il vous reste {{n}} essais pour saisir le code correct avant de verrouiller la carte SIM.","_[other]":"Il vous reste {{n}} essais pour saisir le code correct avant de verrouiller la carte SIM."},"pinLastChanceMsg":{"_":"C’est votre dernier essai autorisé pour saisir le code PIN correct. Sinon, vous devrez saisir le code PUK pour utiliser cette carte SIM."},"pukcode":{"_":"Saisir le code PUK"},"pukcodeTitle":{"_":"Saisir le code PUK de la SIM {{n}}"},"pukcodeLabel":{"_":"PUK de la SIM {{n}}"},"type_puk":{"_":"Code PUK"},"pukValidation":{"_":"Le code PUK doit comprendre exactement 8 caractères."},"pukInfo":{"_":"Vous devez saisir la Personal Unlocking Key (PUK, soit Clé personnelle de déblocage) pour la carte SIM. Veuillez vous référer à la documentation associée à votre carte SIM ou contacter votre opérateur pour en savoir plus."},"pukError":{"_":"Le code PUK est incorrect."},"pukAttemptMsg2":{"_":"{[ plural(n) ]}","_[one]":"C’est votre dernier essai pour saisir le code correct avant que cette carte SIM ne devienne définitivement inutilisable. Veuillez vous référer à la documentation associée à votre carte SIM ou contacter votre opérateur pour en savoir plus.","_[two]":"Il vous reste {{n}} essais pour saisir le code correct avant que cette carte SIM ne devienne définitivement inutilisable. Veuillez vous référer à la documentation associée à votre carte SIM ou contacter votre opérateur pour en savoir plus.","_[few]":"Il vous reste {{n}} essais pour saisir le code correct avant que cette carte SIM ne devienne définitivement inutilisable. Veuillez vous référer à la documentation associée à votre carte SIM ou contacter votre opérateur pour en savoir plus.","_[many]":"Il vous reste {{n}} essais pour saisir le code correct avant que cette carte SIM ne devienne définitivement inutilisable. Veuillez vous référer à la documentation associée à votre carte SIM ou contacter votre opérateur pour en savoir plus.","_[other]":"Il vous reste {{n}} essais pour saisir le code correct avant que cette carte SIM ne devienne définitivement inutilisable. Veuillez vous référer à la documentation associée à votre carte SIM ou contacter votre opérateur pour en savoir plus."},"pukLastChanceMsg":{"_":"C’est votre dernier essai autorisé pour saisir le code PUK correct. Votre carte SIM deviendra définitivement inutilisable si vous saisissez un code PUK incorrect."},"create_newpin":{"_":"Nouveau code PIN (4 à 8 chiffres)"},"confirm_newpin":{"_":"Confirmer le nouveau code PIN"},"newpinConfirmation":{"_":"Les codes PIN ne correspondent pas"},"nckcode":{"_":"Saisir le code NCK"},"cckcode":{"_":"Saisir le code CCK"},"spckcode":{"_":"Saisir le code SPCK"},"nckcodeTitle":{"_":"Saisir le code NCK de la SIM {{n}}"},"cckcodeTitle":{"_":"Saisir le code CCK de la SIM {{n}}"},"spckcodeTitle":{"_":"Saisir le code SPCK de la SIM {{n}}"},"nckcodeLabel":{"_":"NCK de la SIM {{n}}"},"cckcodeLabel":{"_":"CCK de la SIM {{n}}"},"spckcodeLabel":{"_":"SPCK de la SIM {{n}}"},"type_nck":{"_":"Saisissez votre code NCK"},"type_cck":{"_":"Saisissez votre code CCK"},"type_spck":{"_":"Saisissez votre code SPCK"},"nckValidation":{"_":"Le code NCK doit comprendre entre 8 et 16 caractères."},"cckValidation":{"_":"Le code CCK doit comprendre entre 8 et 16 caractères."},"spckValidation":{"_":"Le code SPCK doit comprendre entre 8 et 16 caractères."},"nckErrorMsg":{"_":"Le code NCK est incorrect."},"nckAttemptMsg2":{"_":"{[ plural(n) ]}","_[one]":"La dépersonnalisation du réseau a échoué. C’est votre dernier essai pour saisir le code correct. Veuillez vous référer à la documentation de l’appareil ou contacter votre opérateur pour en savoir plus.","_[two]":"La dépersonnalisation du réseau a échoué. Il vous reste {{n}} essais pour saisir le code correct. Veuillez vous référer à la documentation de l’appareil ou contacter votre opérateur pour en savoir plus.","_[few]":"La dépersonnalisation du réseau a échoué. Il vous reste {{n}} essais pour saisir le code correct. Veuillez vous référer à la documentation de l’appareil ou contacter votre opérateur pour en savoir plus.","_[many]":"La dépersonnalisation du réseau a échoué. Il vous reste {{n}} essais pour saisir le code correct. Veuillez vous référer à la documentation de l’appareil ou contacter votre opérateur pour en savoir plus.","_[other]":"La dépersonnalisation du réseau a échoué. Il vous reste {{n}} essais pour saisir le code correct. Veuillez vous référer à la documentation de l’appareil ou contacter votre opérateur pour en savoir plus."},"nckLastChanceMsg":{"_":"La dépersonnalisation du réseau a échoué. C’est votre dernier essai autorisé pour saisir le code NCK correct. Veuillez vous référer à la documentation de l’appareil ou contacter votre opérateur pour en savoir plus."},"skip":{"_":"Passer"},"send":{"_":"Envoyer"},"simLocked":{"_":"La carte SIM est verrouillée"},"inputCodeRetriesLeft":{"_":"{[ plural(n) ]}","_[one]":"Dernier essai.","_[two]":"{{n}} essais restants.","_[few]":"{{n}} essais restants.","_[many]":"{{n}} essais restants.","_[other]":"{{n}} essais restants."},"simManager":{"_":"SIM"},"simDetail":{"_":"SIM {{n}}"},"simDefault":{"_":"(par défaut)"},"simDefaultMessage":{"_":"Les appels sortants, les messages sortants et la connexion de données utilisent la carte SIM 1 par défaut"},"simSettingsMessage":{"_":"Vous pouvez modifier les paramètres par défaut dans Paramètres > Gestionnaire de cartes SIM"},"simPinLocked":{"_":"Code PIN verrouillé"},"noOperator":{"_":"Aucun opérateur"},"language":{"_":"Langue"},"english":{"_":"Anglais"},"dvorak":{"_":"Anglais (Dvorak)"},"spanish":{"_":"Espagnol"},"portuguese":{"_":"Portugais du Brésil"},"french":{"_":"Français"},"italian":{"_":"Italien"},"arabic":{"_":"Arabe"},"greek":{"_":"Grec"},"hebrew":{"_":"Hébreu"},"jp-kanji":{"_":"Japonais"},"jp-kanji-desc":{"_":"Kanji"},"traditionalChinese":{"_":"Chinois traditionnel"},"traditionalChinese-desc":{"_":"Zhuyin"},"simplifiedChinese":{"_":"Chinois simplifié"},"simplifiedChinese-desc":{"_":"Pinyin"},"3g":{"_":"Données mobiles"},"dataConnection":{"_":"Activer la connexion"},"dataConnectionInfo":{"_":"Activer la connexion de données mobiles maintenant vous permettra de configurer votre téléphone sans connexion Wi-Fi. Vous pourrez également l’activer plus tard dans l’application Paramètres. Assurez-vous de disposer d’un forfait de données auprès de votre opérateur afin d’éviter d’éventuels frais supplémentaires."},"caution":{"_":"Avertissement"},"geolocation":{"_":"Géolocalisation"},"geolocationCheckbox":{"_":"Géolocalisation"},"geolocationInfo2":{"_":"{{brandShortName}} utilise les données du GPS, du Wi-Fi et des réseaux mobiles proches pour déterminer votre position approximative."},"geolocationInfoMore":{"_":"Les données sont envoyées à Mozilla ainsi qu’à d’autres fournisseurs de services et sont mises en commun afin d’améliorer la précision de la géolocalisation. Les données peuvent être stockées sur votre appareil et la collecte des données peut avoir lieu même lorsqu’aucune application n’est lancée."},"notice":{"_":"Avertissement"},"aboutYourPrivacy":{"_":"En savoir plus sur la confidentialité"},"wifi":{"_":"Wi-Fi"},"scanningNetworks":{"_":"Recherche de réseaux"},"selectNetwork":{"_":"Choix du réseau"},"shortStatus-connecting":{"_":"Connexion…"},"shortStatus-associated":{"_":"Obtention d’une adresse IP…"},"shortStatus-connected":{"_":"Connecté"},"shortStatus-connectingfailed":{"_":"Échec de connexion"},"shortStatus-disconnected":{"_":"Hors ligne"},"securedBy":{"_":"Sécurité : {{capabilities}}"},"security":{"_":"Sécurité"},"securityNone":{"_":"Aucune"},"securityWEP":{"_":"WEP"},"securityWPA-PSK":{"_":"WPA-PSK"},"securityWPA-EAP":{"_":"WPA-EAP"},"securityOpen":{"_":"Ouvert"},"identity":{"_":"Nom d’utilisateur"},"identityInput":{"placeholder":"Nom d’utilisateur"},"password":{"_":"Mot de passe"},"passwordInput":{"placeholder":"Mot de passe"},"showPassword":{"_":"Afficher le mot de passe"},"refresh":{"_":"Actualiser"},"noWifiFound3":{"_":"Aucun réseau sans-fil détecté"},"join-hidden-button":{"_":"Rejoindre un réseau masqué"},"authentication":{"_":"Authentification"},"ssid-name":{"_":"Nom de réseau SSID"},"dateAndTime":{"_":"Date et heure"},"setTimeAutomatically":{"_":"Réglage automatique"},"timezoneMessage":{"_":"Fuseau horaire"},"timezoneTitle":{"_":"UTC{{utcOffset}} {{region}}/{{city}}"},"dateMessage":{"_":"Date"},"timeMessage":{"_":"Heure"},"timeZone":{"_":"Fuseau horaire"},"change":{"_":"Modifier"},"importContacts3":{"_":"Importer des contacts"},"importFb2":{"_":"Facebook"},"fb-checking":{"_":"… vérification"},"notImportedYet":{"_":"Pas encore importé"},"afterFbImport":{"_":"Vous pouvez importer et modifier vos amis Facebook à n’importe quel moment dans les paramètres de l’application Contacts"},"about-your-rights-0":{"_":"{{brandShortName}} repose sur un logiciel libre et ouvert réalisé par une communauté de milliers de contributeurs dans le monde. Voici ce que vous devriez savoir :"},"about-your-rights-1":{"_":"{{brandShortName}} est fourni selon les termes de plusieurs licences libres dont la Mozilla Public License. Un appareil {{brandShortName}} peut également contenir des logiciels propriétaires de tierces parties. Tout code fourni sous une licence libre vous donne le droit de le modifier et de distribuer vos versions modifiées à condition de respecter les termes de sa licence."},"about-your-rights-2":{"_":"Il ne vous est cédé aucun droit ou licence sur les marques déposées de la Fondation Mozilla ou de tiers, y compris et sans limitation, sur le nom et le logo de {{brandShortName}}."},"about-your-rights-3":{"_":"Certaines fonctionnalités de {{brandShortName}}, comme le rapporteur de plantages, vous permettent de fournir un retour à Mozilla. En choisissant d’envoyer ces informations, vous donnez à Mozilla la permission d’utiliser ce retour pour améliorer ses produits, de le publier sur ses sites web et de le distribuer."},"about-other":{"_":"Autre"},"SIM_mandatory":{"_":"Avertissement carte SIM"},"SIM_mandatory_warm":{"_":"Veuillez insérer une carte SIM et redémarrer votre téléphone."},"sharing-performance-data":{"_":"Envoi des données de performance"},"telemetry-sends":{"_":"La télémétrie permet l’envoi à Mozilla d’informations concernant les performances, le matériel et les personnalisations de votre appareil {{brandShortName}}. Nous utilisons cela pour améliorer nos logiciels, les rendre plus rapides et plus adaptés."},"learn-more-at":{"_":"Learn more at"},"external-telemetry":{"title":"Telemetry"},"learn-about-information":{"_":"Learn how Mozilla handles your information at"},"external-privacy":{"title":"Privacy"},"welcomeBrowser":{"_":"Bienvenue dans {{brandShortName}}, le système d’exploitation libre et ouvert de Mozilla. Notre mission est de promouvoir l’ouverture, l’innovation et de faire en sorte que la puissance du Web reste entre vos mains."},"learnHow":{"_":"Learn how Mozilla handles your information in our"},"privacyPolicy":{"_":"privacy policy","title":"Privacy policy"},"aboutBrowser":{"_":"À propos de {{brandShortName}}"},"aboutYourPrivacy2":{"_":"Votre vie privée"},"mozillaCommunity2":{"_":"En utilisant {{brandShortName}}, vous rejoignez une communauté mondiale qui œuvre à un avenir meilleur pour le Web. Si vous désirez en apprendre davantage sur la communauté Mozilla, nos autres logiciels et les évènements proches de chez vous, saisissez votre adresse électronique ci-dessous."},"collaborate":{"_":"Je souhaite aider à améliorer {{brandShortName}} en partageant des informations concernant mon téléphone."},"learnMore":{"_":"En savoir plus."},"emailAddress":{"placeholder":"Adresse électronique"},"email-successfully-added":{"_":"Adresse électronique ajoutée avec succès"},"email-loading":{"_":"Enregistrement de votre adresse électronique…"},"browserPrivacyChoices":{"_":"Données et {{brandShortName}}"},"privacy-b2g":{"_":"{{brandShortName}}","title":"{{brandShortName}}"},"privacy-marketplace":{"_":"Marketplace","title":"{{privacy-marketplace}}"},"privacy-e-me":{"_":"everything.me","title":"{{privacy-e-me}}"},"navbar-back":{"_":"Retour"},"navbar-next":{"_":"Suivant"},"navbar-join":{"_":"Rejoindre"},"thatsIt":{"_":"Et voilà !"},"startYourPhone":{"_":"Visite guidée de votre téléphone"},"startYourTablet":{"_":"Visite guidée de votre tablette"},"joinTutorial":{"_":"Découvrons votre téléphone à l’aide d’un rapide tutoriel."},"enjoyYourPhone":{"_":"Vous êtes prêt à profiter de votre nouveau téléphone."},"optionsAvailable":{"_":"Vous pouvez changer la langue, la date/l’heure et la connexion Wi-Fi dans les paramètres."},"letsGo":{"_":"C’est parti"},"startTour":{"_":"Lancer la visite"},"thatsIt1Tablet-2":{"_":"Vous pouvez à tout moment revenir à l’écran d’accueil en faisant glisser votre doigt depuis le bord inférieur de l’écran."},"thatsIt2Tablet-2":{"_":"C’est parti !"},"tutorial-step1-tiny":{"_":"Faites glisser de droite à gauche pour parcourir vos applications."},"tutorial-step2-tiny":{"_":"Effectuez un appui long sur une icône pour la supprimer ou la déplacer."},"tutorial-step3-tiny":{"_":"Saisissez n’importe quel mot-clé ou sujet et votre téléphone s’adaptera instantanément."},"tutorial-step4-tiny":{"_":"Faites glisser vers le bas pour afficher les dernières notifications, le solde et les paramètres."},"tutorial-step5-tiny":{"_":"Effectuez un appui long sur le bouton Accueil pour naviguer entre les applications ouvertes et pouvoir les fermer."},"tutorial-step6-tiny":{"_":"Faites glisser depuis l’un des bords latéraux de l’écran pour naviguer parmi les applications ouvertes."},"tutorial-step1-large-2":{"_":"Faites glisser vers le bas pour afficher les dernières notifications, le solde et les paramètres."},"tutorial-step2-large-2":{"_":"Faites glisser à gauche ou à droite pour découvrir les nouvelles applications de votre écran d’accueil."},"tutorial-step3-large-2":{"_":"Effectuez un appui long sur une icône pour la supprimer ou la déplacer."},"tutorial-step4-large-2":{"_":"Faites glisser deux doigts depuis le bas de l’écran pour afficher les applications ouvertes."},"offline-dialog-title":{"_":"Vous devez être connecté à Internet pour afficher la page."},"offline-dialog-text":{"_":"Veuillez revenir en arrière et vous connecter à Internet. Vous pouvez également afficher cette page plus tard depuis l’application Paramètres ou en saisissant {{url}} depuis n’importe quel navigateur web."},"OK":{"_":"OK"},"offline-newsletter-dialog-title":{"_":"Vous devez être connecté à Internet pour vous abonner à la lettre d’information."},"offline-newsletter-dialog-text":{"_":"Veuillez revenir en arrière et vous connecter à Internet."},"invalid-email-dialog-title":{"_":"Votre adresse électronique n’est pas valide."},"invalid-email-dialog-text":{"_":"Veuillez revenir en arrière et corriger votre saisie."},"firefox-accounts":{"_":"Comptes Firefox"},"fxa-intro":{"innerHTML":"Firefox vous permet d’utiliser un unique compte pour vous connecter aux services comme <strong>Marketplace</strong> et <strong>Localiser mon appareil</strong>."},"fxa-create-account-or-sign-in":{"_":"Créer un compte ou se connecter"},"fxa-logged":{"_":"Votre adresse électronique {{email}} a configuré votre compte avec les comptes Firefox. Vous pouvez modifier vos préférences depuis l’application Paramètres."},"learn-more-telemetry":{"innerHTML":"Plus d’informations sur {{link}}"},"learn-more-information":{"innerHTML":"Apprenez-en davantage sur la façon dont Mozilla gère vos informations en visitant {{link}}"},"learn-more-privacy":{"innerHTML":"Apprenez-en davantage sur la façon dont Mozilla gère vos informations dans notre {{link}}."},"learn-more-privacy-link":{"_":"politique de confidentialité"},"weekday-0-long":{"_":"Dimanche"},"weekday-1-long":{"_":"Lundi"},"weekday-2-long":{"_":"Mardi"},"weekday-3-long":{"_":"Mercredi"},"weekday-4-long":{"_":"Jeudi"},"weekday-5-long":{"_":"Vendredi"},"weekday-6-long":{"_":"Samedi"},"weekday-0-short":{"_":"dim"},"weekday-1-short":{"_":"lun"},"weekday-2-short":{"_":"mar"},"weekday-3-short":{"_":"mer"},"weekday-4-short":{"_":"jeu"},"weekday-5-short":{"_":"ven"},"weekday-6-short":{"_":"sam"},"month-0-long":{"_":"Janvier"},"month-1-long":{"_":"Février"},"month-2-long":{"_":"Mars"},"month-3-long":{"_":"Avril"},"month-4-long":{"_":"Mai"},"month-5-long":{"_":"Juin"},"month-6-long":{"_":"Juillet"},"month-7-long":{"_":"Août"},"month-8-long":{"_":"Septembre"},"month-9-long":{"_":"Octobre"},"month-10-long":{"_":"Novembre"},"month-11-long":{"_":"Décembre"},"month-0-genitive":{"_":"janvier"},"month-1-genitive":{"_":"février"},"month-2-genitive":{"_":"mars"},"month-3-genitive":{"_":"avril"},"month-4-genitive":{"_":"mai"},"month-5-genitive":{"_":"juin"},"month-6-genitive":{"_":"juillet"},"month-7-genitive":{"_":"août"},"month-8-genitive":{"_":"septembre"},"month-9-genitive":{"_":"octobre"},"month-10-genitive":{"_":"novembre"},"month-11-genitive":{"_":"décembre"},"month-0-short":{"_":"jan."},"month-1-short":{"_":"fév."},"month-2-short":{"_":"mars"},"month-3-short":{"_":"avr."},"month-4-short":{"_":"mai"},"month-5-short":{"_":"juin"},"month-6-short":{"_":"juil."},"month-7-short":{"_":"août"},"month-8-short":{"_":"sep."},"month-9-short":{"_":"oct."},"month-10-short":{"_":"nov."},"month-11-short":{"_":"déc."},"minutes-ago-long":{"_":"{[ plural(value) ]}","_[zero]":"à l’instant","_[one]":"il y a {{value}} minute","_[two]":"il y a {{value}} minutes","_[few]":"il y a {{value}} minutes","_[many]":"il y a {{value}} minutes","_[other]":"il y a {{value}} minutes"},"hours-ago-long":{"_":"{[ plural(value) ]}","_[zero]":"à l’instant","_[one]":"il y a {{value}} heure","_[two]":"il y a {{value}} heures","_[few]":"il y a {{value}} heures","_[many]":"il y a {{value}} heures","_[other]":"il y a {{value}} heures"},"days-ago-long":{"_":"{[ plural(value) ]}","_[zero]":"aujourd’hui","_[one]":"hier","_[two]":"il y a {{value}} jours","_[few]":"il y a {{value}} jours","_[many]":"il y a {{value}} jours","_[other]":"il y a {{value}} jours"},"weeks-ago-long":{"_":"{[ plural(value) ]}","_[zero]":"cette semaine","_[one]":"la semaine dernière","_[two]":"il y a {{value}} semaines","_[few]":"il y a {{value}} semaines","_[many]":"il y a {{value}} semaines","_[other]":"il y a {{value}} semaines"},"months-ago-long":{"_":"{[ plural(value) ]}","_[zero]":"ce mois-ci","_[one]":"le mois dernier","_[two]":"il y a {{value}} mois","_[few]":"il y a {{value}} mois","_[many]":"il y a {{value}} mois","_[other]":"il y a {{value}} mois"},"years-ago-long":{"_":"{[ plural(value) ]}","_[zero]":"cette année","_[one]":"l’année dernière","_[two]":"il y a {{value}} ans","_[few]":"il y a {{value}} ans","_[many]":"il y a {{value}} ans","_[other]":"il y a {{value}} ans"},"minutes-until-long":{"_":"{[ plural(value) ]}","_[zero]":"maintenant","_[one]":"dans {{value}} minute","_[two]":"dans {{value}} minutes","_[few]":"dans {{value}} minutes","_[many]":"dans {{value}} minutes","_[other]":"dans {{value}} minutes"},"hours-until-long":{"_":"{[ plural(value) ]}","_[zero]":"maintenant","_[one]":"dans {{value}} heure","_[two]":"dans {{value}} heures","_[few]":"dans {{value}} heures","_[many]":"dans {{value}} heures","_[other]":"dans {{value}} heures"},"days-until-long":{"_":"{[ plural(value) ]}","_[zero]":"aujourd’hui","_[one]":"demain","_[two]":"dans {{value}} jours","_[few]":"dans {{value}} jours","_[many]":"dans {{value}} jours","_[other]":"dans {{value}} jours"},"weeks-until-long":{"_":"{[ plural(value) ]}","_[zero]":"cette semaine","_[one]":"la semaine prochaine","_[two]":"dans {{value}} semaines","_[few]":"dans {{value}} semaines","_[many]":"dans {{value}} semaines","_[other]":"dans {{value}} semaines"},"months-until-long":{"_":"{[ plural(value) ]}","_[zero]":"ce mois-ci","_[one]":"le mois prochain","_[two]":"dans {{value}} mois","_[few]":"dans {{value}} mois","_[many]":"dans {{value}} mois","_[other]":"dans {{value}} mois"},"years-until-long":{"_":"{[ plural(value) ]}","_[zero]":"cette année","_[one]":"l’année prochaine","_[two]":"dans {{value}} ans","_[few]":"dans {{value}} ans","_[many]":"dans {{value}} ans","_[other]":"dans {{value}} ans"},"minutes-ago-short":{"_":"{[ plural(value) ]}","_[zero]":"à l’instant","_[other]":"il y a {{value}} min"},"hours-ago-short":{"_":"{[ plural(value) ]}","_[zero]":"à l’instant","_[other]":"il y a {{value}}h"},"days-ago-short":{"_":"{[ plural(value) ]}","_[zero]":"aujourd’hui","_[other]":"il y a {{value}}j"},"minutes-until-short":{"_":"{[ plural(value) ]}","_[zero]":"maintenant","_[other]":"dans {{value}}m"},"hours-until-short":{"_":"{[ plural(value) ]}","_[zero]":"maintenant","_[other]":"dans {{value}}h"},"days-until-short":{"_":"{[ plural(value) ]}","_[zero]":"aujourd’hui","_[other]":"dans {{value}}j"},"incorrectDate":{"_":"(date incorrecte)"},"dateTimeFormat_%c":{"_":"%a %e %b %Y %H:%M:%S"},"dateTimeFormat_%x":{"_":"%d/%m/%Y"},"dateTimeFormat_%X":{"_":"%H:%M:%S"},"shortTimeFormat":{"_":"%H:%M"},"shortDateTimeFormat":{"_":"%x %H:%M"},"weekStartsOnMonday":{"_":"1"},"time_am":{"_":"AM"},"time_pm":{"_":"PM"},"tz-region":{"_":"Région"},"tz-city":{"_":"Ville"},"tzRegion-Africa":{"_":"Afrique"},"tzRegion-America":{"_":"Amérique"},"tzRegion-Antarctica":{"_":"Antarctique"},"tzRegion-Asia":{"_":"Asie"},"tzRegion-Atlantic":{"_":"Océan Atlantique"},"tzRegion-Australia":{"_":"Australie"},"tzRegion-Europe":{"_":"Europe"},"tzRegion-Indian":{"_":"Océan Indien"},"tzRegion-Pacific":{"_":"Océan Pacifique"},"close":{"_":"Fermer"},"import":{"_":"Importer"},"fbFriends":{"_":"Amis Facebook"},"live-serviceName":{"_":"Outlook"},"gmail-serviceName":{"_":"Gmail"},"facebook-serviceName":{"_":"Amis Facebook"},"viewAll":{"_":"Afficher tous les amis Facebook"},"viewRecommend":{"_":"N’afficher que les propositions"},"linkProposal":{"_":"{[ plural(numFriends) ]}","_[zero]":"Aucun ami correspondant. Affichage de la liste complète","_[one]":"Choix restreint à une unique proposition","_[two]":"Sélectionnez l’un des amis proposés","_[few]":"Sélectionnez l’un des amis proposés","_[many]":"Sélectionnez l’un des amis proposés","_[other]":"Sélectionnez l’un des amis proposés"},"fbFriendsFound":{"_":"{[ plural(numFriends) ]}","_[zero]":"Tous vos amis ont été importés","_[one]":"Un ami à importer","_[two]":"{{numFriends}} amis à importer","_[few]":"{{numFriends}} amis à importer","_[many]":"{{numFriends}} amis à importer","_[other]":"{{numFriends}} amis à importer"},"done-search":{"_":"Terminé"},"progressFB3ImportTitle":{"_":"Importation des amis dans Contacts"},"progressFB":{"_":"{{current}}/{{total}}"},"progressFB3UpdateTitle":{"_":"Mise à jour des amis dans Contacts"},"message2":{"_":"Cela peut prendre quelques minutes"},"messageLinking":{"_":"Veuillez patienter, nous ajoutons vos amis à vos contacts."},"error1":{"_":"Erreur lors {{from}}"},"error2":{"_":"Voulez-vous réessayer ?"},"errorProposal":{"_":"du calcul des propositions"},"errorFriends":{"_":"de la récupération des amis"},"errorLinking":{"_":"de l’ajout des contacts"},"timeout1":{"_":"Temps d’attente dépassé pour {{from}}"},"timeout2":{"_":"Voulez-vous réessayer ?"},"timeoutProposal":{"_":"le calcul des propositions"},"timeoutFriends":{"_":"la récupération des amis"},"timeoutLinking":{"_":"l’ajout des contacts"},"wait1":{"_":"Veuillez patienter"},"wait2":{"_":"Cela peut prendre quelques minutes"},"waitProposal":{"_":"Veuillez patienter, nous calculons une proposition."},"waitFriends":{"_":"Veuillez patienter, nous nous connectons pour obtenir votre liste d’amis."},"curtainCancel":{"_":"Annuler"},"curtainRetry":{"_":"Réessayer"},"curtainOK":{"_":"OK"},"connectionLost":{"_":"Aucune connexion Internet"},"connectionLostMsg":{"_":"Les photos des amis ne seront pas ajoutées à vos contacts. Continuer quand même ?"},"yesOption":{"_":"OK"},"noOption":{"_":"Annuler"},"friendsUpdated":{"_":"{[ plural(numFriends) ]}","_[zero]":"Aucun ami mis à jour","_[one]":"Un ami mis à jour","_[two]":"{{numFriends}} amis mis à jour","_[few]":"{{numFriends}} amis mis à jour","_[many]":"{{numFriends}} amis mis à jour","_[other]":"{{numFriends}} amis mis à jour"},"notificationLogin":{"_":"Votre session Facebook n’est pas valide. Veuillez vous connecter."},"syncError":{"_":"Erreur de synchro. des données des amis"},"addToExistingContact":{"_":"Ajouter à un contact existant"},"all":{"_":"Tous"},"callLog":{"_":"Journal d’appels"},"connecting":{"_":"Appel"},"cf-async":{"_":"Asynchrone : {{ async }}\n"},"cf-data":{"_":"Données : {{ data }}\n"},"cf-error":{"_":"Une erreur s’est produite lors de la récupération de l’état du transfert d’appel."},"cf-fax":{"_":"FAX : {{ fax }}\n"},"cf-inactive":{"_":"Inactif"},"cf-packet":{"_":"Paquets : {{ packet }}\n"},"cf-pad":{"_":"PAD : {{ pad }}\n"},"cf-sms":{"_":"SMS : {{ sms }}\n"},"cf-status":{"_":"État du renvoi d’appels\n"},"cf-sync":{"_":"Synchrone : {{ sync }}\n"},"cf-voice":{"_":"Voix : {{ voice }}\n"},"confirm-deletion":{"_":"Effacer les appels sélectionnés ?"},"createNewContact":{"_":"Créer un nouveau contact"},"delete":{"_":"Supprimer"},"edit-selected":{"_":"{[ plural(n) ]}","_[one]":"{{ n }} sélectionné","_[two]":"{{ n }} sélectionnés","_[few]":"{{ n }} sélectionnés","_[many]":"{{ n }} sélectionnés","_[other]":"{{ n }} sélectionnés"},"ignore":{"_":"Ignorer l’appel"},"incoming":{"_":"Entrant"},"missed":{"_":"Manqués"},"missedCall":{"_":"Appel manqué"},"missedCallMultiSims":{"_":"(SIM {{ n }}) Appel manqué"},"mmi-error":{"_":"Une erreur s’est produite lors de l’envoi du message"},"mmi-session-expired":{"_":"Session expirée"},"mmi-successfully-sent":{"_":"Message envoyé avec succès"},"no-logs-msg-1":{"_":"Aucun appel enregistré"},"no-logs-msg-2":{"_":"Vous pouvez dès à présent passer un appel"},"no-logs-msg-3":{"_":"Aucun appel manqué"},"reply":{"_":"Répondre"},"switch-calls":{"_":"Basculer sur un autre appel"},"withheld-number":{"_":"Numéro masqué"},"from-contact":{"_":"De {{ contact }}"},"from-number":{"_":"Du {{ number }}"},"from-withheld-number":{"_":"D’un numéro masqué"},"sending":{"_":"Envoi en cours…"},"ussd-services":{"_":"Services {{ operator }}"},"type-your-response":{"placeholder":"Saisissez votre réponse…"},"clear-all-text":{"_":"Effacer tout le texte"},"hide":{"_":"Masquer"},"hold":{"_":"En attente"},"resume":{"_":"Reprendre"},"sendSms":{"_":"Envoyer un message"},"callEnded":{"_":"Appel terminé"},"via-sim":{"_":"avec la SIM {{ n }}"},"sim-number":{"_":"SIM {{ n }}"},"hangup-a11y-button":{"aria-label":"Raccrocher"},"pickup-a11y-button":{"aria-label":"Répondre"},"unlock-a11y-button":{"aria-label":"Bouton à faire glisser"},"delete-n-log?":{"_":"{[ plural(n) ]}","_[zero]":"Aucune entrée sélectionnée","_[one]":"Supprimer l’entrée sélectionnée ?","_[two]":"Supprimer {{ n }} entrées ?","_[few]":"Supprimer {{ n }} entrées ?","_[many]":"Supprimer {{ n }} entrées ?","_[other]":"Supprimer {{ n }} entrées ?"},"callDurationMinutes":{"_":"{{ m }}:{{ s }}"},"callDurationHours":{"_":"{{ h }}:{{ m }}:{{ s}}"},"suggestionMatches":{"_":"{[ plural(n) ]}","_[one]":"{{ n }} correspondance pour « {{ matchNumber }} »","_[two]":"{{ n }} correspondances pour « {{ matchNumber }} »","_[few]":"{{ n }} correspondances pour « {{ matchNumber }} »","_[many]":"{{ n }} correspondances pour « {{ matchNumber }} »","_[other]":"{{ n }} correspondances pour « {{ matchNumber }} »"},"scCallBarring":{"_":"Restrictions d’appels"},"scCallForwarding":{"_":"Transfert d’appel"},"scClip":{"_":"Présentation du numéro entrant"},"scClir":{"_":"Présentation du numéro sortant"},"scPwd":{"_":"Modifier mot de passe"},"scCallWaiting":{"_":"Double appel"},"scPin":{"_":"Modifier PIN"},"scPin2":{"_":"Modifier PIN2"},"scPuk":{"_":"Débloquer PIN"},"scPuk2":{"_":"Débloquer PIN2"},"scImei":{"_":"IMEI"},"scUssd":{"_":"USSD"},"serviceClassVoice":{"_":"Voix"},"serviceClassData":{"_":"Données"},"serviceClassFax":{"_":"FAX"},"serviceClassSms":{"_":"SMS"},"serviceClassDataSync":{"_":"Synchrone"},"serviceClassDataAsync":{"_":"Asynchrone"},"serviceClassPacket":{"_":"Paquets"},"serviceClassPad":{"_":"PAD"},"smServiceEnabled":{"_":"Le service était activé"},"smServiceDisabled":{"_":"Le service a été désactivé"},"smServiceRegistered":{"_":"Enregistrement réussi"},"smServiceErased":{"_":"Effacement réussi"},"smServiceInterrogated":{"_":"La requête a réussi"},"smServiceNotProvisioned":{"_":"Service non provisionné"},"smClirPermanent":{"_":"Vous ne pouvez pas modifier le paramètre de présentation du numéro"},"smClirDefaultOnNextCallOn":{"_":"Présentation du numéro désactivée par défaut. Prochain appel : masqué"},"smClirDefaultOnNextCallOff":{"_":"Présentation du numéro désactivée par défaut. Prochain appel : affiché"},"smClirDefaultOffNextCallOn":{"_":"Présentation du numéro activée par défaut. Prochain appel : masqué"},"smClirDefaultOffNextCallOff":{"_":"Présentation du numéro activée par défaut. Prochain appel : affiché"},"smServiceEnabledFor":{"_":"Le service était activé pour :"},"smPinChanged":{"_":"Changement PIN réussi"},"smPinUnblocked":{"_":"Déblocage PIN réussi"},"smPin2Changed":{"_":"Changement PIN2 réussi"},"smPin2Unblocked":{"_":"Déblocage PIN2 réussi"},"emMmiError":{"_":"Problème de connexion ou code MMI non valide"},"emMmiErrorPasswordIncorrect":{"_":"Mot de passe incorrect"},"emMmiErrorNotSupported":{"_":"Code MMI non valide ou non pris en charge"},"emMmiErrorInvalidAction":{"_":"Action non valide"},"emMmiErrorInvalidScCode":{"_":"Code de service non valide"},"emMmiErrorBadPuk":{"_":"Le PUK saisi n’est pas correct"},"emMmiErrorBadPin":{"_":"L’ancien PIN saisi n’est pas correct."},"emMmiErrorNeedPuk2":{"_":"Saisissez le PUK2 pour déverrouiller la carte SIM"},"emMmiErrorMismatchPin":{"_":"Les PIN saisis ne correspondent pas"},"emMmiErrorInvalidPin":{"_":"Saisissez un PIN de 4 à 8 chiffres"},"emMmiErrorNeedsPuk":{"_":"Votre carte SIM est verrouillée par code PUK"},"emMmiErrorEnablePin":{"_":"Échec. Activer SIM/RUIM LOCK"},"emMmiErrorMmiFdn":{"_":"Opération restreinte à la liste de numéros autorisés (FDN)"},"emMmiErrorStkCcUssdDial":{"_":"Requête USSD modifiée en requête DIAL"},"emMmiErrorStkCcUssdSs":{"_":"Requête USSD modifiée en requête SS"},"emMmiErrorStkCcUssdUssd":{"_":"Requête USSD modifiée en nouvelle requête USSD"},"emMmiErrorStkCcSsDial":{"_":"Requête SS modifiée en requête DIAL"},"emMmiErrorStkCcSsUssd":{"_":"Requête SS modifiée en requête USSD"},"emMmiErrorStkCcSsSs":{"_":"Requête SS modifiée en nouvelle requête SS"},"emMmiErrorPinPukAttempts":{"_":"{[ plural(n) ]}","_[one]":"Dernier essai","_[two]":"{{ n }} essais restants","_[few]":"{{ n }} essais restants","_[many]":"{{ n }} essais restants","_[other]":"{{ n }} essais restants"},"emMmiErrorSimBlocked":{"_":"Nombre maximal d’essais dépassé. SIM bloquée"},"RadioNotAvailable":{"_":"Radio indisponible"},"GenericFailure":{"_":"Échec générique"},"PasswordIncorrect":{"_":"Mot de passe incorrect"},"SimPin2":{"_":"PIN2 carte SIM"},"SimPuk2":{"_":"PUK2 carte SIM"},"RequestNotSupported":{"_":"Requête non prise en charge"},"OpNotAllowedDuringVoiceCall":{"_":"Opération non permise durant un appel"},"SmsSendFailRetry":{"_":"Échec de l’envoi du SMS, réessayer"},"SimAbsent":{"_":"SIM absente"},"SubscriptionNotAvailable":{"_":"Abonnement non disponible"},"ModeNotSupported":{"_":"Mode non pris en charge"},"FdnCheckFailure":{"_":"Échec de la vérification de la liste de numéros autorisés (FDN)"},"IllegalSimOrMe":{"_":"SIM ou ME illégal"},"DialModifiedToUssd":{"_":"Dial modifiée en USSD"},"DialModifiedToSs":{"_":"Dial modifiée en SS"},"DialModifiedToDial":{"_":"Dial modifiée en dial"},"UssdModifiedToDial":{"_":"USSD modifiée en dial"},"UssdModifiedToSs":{"_":"USSD modifiée en SS"},"UssdModifiedToUssd":{"_":"USSD modifiée en USSD"},"SsModifiedToDial":{"_":"SS modifiée en dial"},"SsModifiedToUssd":{"_":"SS modifiée en USSD"},"SsModifiedToSs":{"_":"SS modifiée en SS"},"SubscriptionNotSupported":{"_":"Abonnement non pris en charge"},"InvalidParameter":{"_":"Paramètre non valide"},"RejectedByRemote":{"_":"Rejeté par l’équipement distant"},"group-call":{"_":"{[ plural(n) ]}","_[one]":"Appel de groupe ({{ n }})","_[two]":"Appel de groupe ({{ n }})","_[few]":"Appel de groupe ({{ n }})","_[many]":"Appel de groupe ({{ n }})","_[other]":"Appel de groupe ({{ n }})"},"caller-left-call":{"_":"{{ caller }} a quitté l’appel."},"conferenceAddError":{"_":"Impossible de regrouper les appels"},"conferenceRemoveError":{"_":"Impossible de séparer les appels"},"longDateFormat":{"_":"%A %e %Eb"},"select-audio-sources":{"_":"Choisir les sources audio"},"bluetooth-handsfree-device":{"_":"Kit mains libres Bluetooth"},"receiver":{"_":"Écouteur"},"speaker":{"_":"Haut-parleur"},"sim-picker-dial-via-with-number":{"_":"Composer le {{ phoneNumber }} avec"},"sim-picker-select-sim":{"_":"Choisir une SIM"},"sim-picker-button":{"_":"SIM {{ n }}"},"sim-picker-button-default":{"_":"(par défaut)"},"waitDuplicateContacts":{"_":"Recherche de contacts doublons"},"waitMergingDuplicateContacts":{"_":"Fusion des contacts doublons"},"alertNoDuplicateContacts":{"_":"Aucun contact doublon trouvé"},"merge":{"_":"Fusionner"},"mergeDuplicateTitle":{"_":"Fusionner les doublons"},"suggestedDuplicateContacts":{"_":"Doublons suggérés pour {{name}}"},"mergeActionButtonLabel":{"_":"{[ plural(n) ]}","_[zero]":"Aucun contact sélectionné","_[one]":"Fusionner avec {{n}} contact","_[other]":"Fusionner avec {{n}} contacts"},"duplicatesFoundTitle":{"_":"Doublons trouvés"},"duplicatesFoundMessage":{"_":"{{name}} présente des informations redondantes avec les contacts suivants"}}