{"brandShortName":{"_":"B2G OS"},"browserBrandShortName":{"_":"Navegador web"},"browserBrandFullName":{"_":"Navegador web de Mozilla"},"callAirplaneModeMessage":{"_":"Para facer unha chamada ten que desactivar o modo avión nos axustes."},"callAirplaneModeBtnOk":{"_":"Aceptar"},"callAirplaneModeTitle":{"_":"Activouse o modo avión"},"numberIsBusyTitle":{"_":"O número está ocupado"},"numberIsBusyMessage":{"_":"Neste momento o número está ocupado. Tente de novo máis tarde."},"fdnIsEnabledTitle":{"_":"FDN active"},"fdnIsEnabledMessage":{"_":"This number is blocked as it is not in your list of authorized numbers."},"voiceMail":{"_":"Mensaxes de voz"},"emergencyNumber":{"_":"Número de emerxencia"},"emergencyDialogBodyBadNumber":{"_":"Para facer unha chamada, o teléfono ten que ter rede."},"emergencyDialogBodyDeviceNotAccepted":{"_":"A rede non permite chamadas de emerxencia."},"emergencyDialogBtnOk":{"_":"Aceptar"},"emergencyDialogTitle":{"_":"Sen conexión de rede"},"invalidNumberToDialTitle":{"_":"Número de teléfono incorrecto"},"invalidNumberToDialMessage":{"_":"O número de teléfono ao que está chamando é incorrecto."},"unableToCallTitle":{"_":"Non é posíbel facer chamadas agora"},"unableToCallMessage":{"_":"Non é posíbel facer unha chamada. Se xa está marcando, primeiro colgue."},"otherConnectionInUseTitle":{"_":"Outras conexións en uso"},"otherConnectionInUseMessage":{"_":"Ten unha chamada activa noutra conexión. Só pode usar unha conexión ao mesmo tempo."},"add":{"_":"Engadir"},"back":{"_":"Back"},"call":{"_":"Chamar"},"edit":{"_":"Editar"},"cancel":{"_":"Cancelar"},"done":{"_":"Feito"},"ok":{"_":"Aceptar"},"update":{"_":"Update"},"retry":{"_":"Tentar de novo"},"contacts":{"_":"Contactos"},"addContact":{"_":"Engadir conta"},"deleteContact":{"_":"Eliminar contacto"},"selectContact":{"_":"Seleccionar contacto"},"selectAll":{"_":"Select all"},"deselectAll":{"_":"Deselect all"},"editContact":{"_":"Editar contacto"},"deleteConfirmMsg":{"_":"Desexa eliminar o contacto?"},"remove":{"_":"Retirar"},"comments":{"_":"Comentarios"},"no_contact_phones":{"_":"Este contacto non ten número de teléfono"},"no_contact_email":{"_":"Este contacto non ten enderezo de correo"},"removePhotoConfirm":{"_":"Desexa retirar a foto do contacto?"},"loadingContacts":{"_":"Cargando contactos…"},"noContactsActivity":{"_":"Non foi posíbel engadir o contacto porque a lista de contactos está baleira"},"noName":{"_":"Sen nome"},"givenName":{"placeholder":"Nome"},"familyName":{"placeholder":"Apelidos"},"tel":{"placeholder":"Teléfono"},"carrier":{"_":"Operadora","placeholder":"Operadora"},"separator":{"_":","},"email":{"_":"Correo","placeholder":"Correo"},"streetAddress":{"placeholder":"Rúa"},"postalCode":{"placeholder":"Código postal"},"locality":{"placeholder":"Cidade"},"countryName":{"placeholder":"País"},"comment":{"placeholder":"Comentario"},"org":{"placeholder":"Empresa"},"custom":{"placeholder":"Personalizar","_":"Personalizar etiqueta"},"date":{"_":"Data","placeholder":"Data"},"birthday":{"_":"Aniversario"},"dateFormat":{"_":"%e de %B"},"dateOutput":{"_":"{{dayMonthFormatted}} {{year}}"},"anniversary":{"_":"Aniversario"},"addPhoto":{"_":"Engadir foto"},"addPhone":{"_":"Engadir teléfono"},"addEmail":{"_":"Engadir correo"},"addAddress":{"_":"Engadir enderezo"},"addDate":{"_":"Engadir data"},"addComment":{"_":"Engadir comentario"},"addFavorite":{"_":"Engadir como favorito"},"removeFavorite":{"_":"Retirar como favorito"},"label":{"_":"Etiqueta"},"mobile":{"_":"Móbil"},"home":{"_":"Casa"},"work":{"_":"Traballo"},"personal":{"_":"Persoal"},"faxHome":{"_":"Fax casa"},"faxOffice":{"_":"Fax oficina"},"faxOther":{"_":"Outro fax"},"another":{"_":"Outro"},"other":{"_":"Outros"},"current":{"_":"Actual"},"itemWithLabel":{"_":"{{label}}, {{item}}"},"exit":{"_":"Saír"},"expand":{"_":"Expandir"},"labelName":{"_":"Nome:"},"labelLastName":{"_":"Apelidos:"},"labelPhoneNumber":{"_":"Número de teléfono:"},"labelCarrier":{"_":"Operadora:"},"labelEmail":{"_":"Correo:"},"labelStreet":{"_":"Rúa:"},"labelZip":{"_":"Código postal:"},"labelCity":{"_":"Cidade:"},"labelCountry":{"_":"País:"},"labelComment":{"_":"Comentario:"},"legendTitleMain":{"_":"Información principal"},"legendPhones":{"_":"Números de teléfono"},"legendEmail":{"_":"Enderezo de correo"},"legendAddress":{"_":"Enderezo"},"settings":{"_":"Axustes"},"search-contact":{"placeholder":"Search"},"noResults":{"_":"No contacts found"},"transferContactsTitle":{"_":"Transferir contactos"},"importContactsTitle":{"_":"Importar contactos"},"importContactsButton":{"_":"Importar contactos"},"exportContactsTitle":{"_":"Exportar contactos"},"exportContactsButton":{"_":"Exportar contactos"},"exportContactsAction":{"_":"Exportar"},"simExport-title":{"_":"Exportar á SIM"},"sdExport-title":{"_":"Exportar á tarxeta SD"},"btExport-title":{"_":"Exportar por Bluetooth"},"sdUMSEnabled":{"_":"Non é posíbel usar a tarxeta SD porque o USB está activado"},"exportErrorTitle":{"_":"Erro de exportación"},"contactsExported2":{"_":"{[ plural(exported) ]}","_[zero]":"Non se exportaron contactos","_[one]":"{{exported}}/{{total}} contactos exportados","_[two]":"{{exported}}/{{total}} contactos exportados","_[few]":"{{exported}}/{{total}} contactos exportados","_[many]":"{{exported}}/{{total}} contactos exportados","_[other]":"{{exported}}/{{total}} contactos exportados"},"exportError-general":{"_":"Produciuse algún erro durante a exportación"},"exportError-SD-shared":{"_":"Non é posíbel acceder á memoria porque está compartida"},"exportError-SD-unavailable":{"_":"A tarxeta de memoria non está dispoñíbel"},"exportError-SD-noSpace":{"_":"Non hai suficiente espazo na tarxeta de memoria para exportar os contactos"},"exportError-SIM-unavailable":{"_":"A tarxeta SIM non está dispoñíbel"},"exportError-BT-shared":{"_":"Non é posíbel acceder á memoria porque está compartida"},"exportError-BT-unavailable":{"_":"A tarxeta de memoria non está dispoñíbel"},"exportError-BT-noSpace":{"_":"Non hai suficiente espazo na tarxeta de memoria para exportar os contactos"},"simContacts-import":{"_":"Importar contactos da SIM"},"simContacts-importing":{"_":"Importando contactos da SIM…"},"simContacts-reading":{"_":"Lendo contactos da tarxeta SIM…"},"simContacts-error":{"_":"Non foi posíbel importar os contactos da SIM"},"simContacts-imported3":{"_":"{[ plural(n) ]}","_[zero]":"Non se detectaron contactos na SIM para importar","_[one]":"Importouse un contacto","_[two]":"Importáronse {{n}} contactos","_[few]":"Importáronse {{n}} contactos","_[many]":"Importáronse {{n}} contactos","_[other]":"Importáronse {{n}} contactos"},"noSimMsg":{"_":"To import contacts insert or unlock your SIM card"},"noSimMsgExport":{"_":"Para exportar os contactos, insira ou desbloquee a súa tarxeta SIM"},"simNumber":{"_":"SIM {{number}}"},"memoryCardContacts-import":{"_":"Importar contactos da tarxeta de memoria"},"memoryCardContacts-importing":{"_":"Importando contactos da tarxeta de memoria"},"memoryCardContacts-reading":{"_":"Lendo contactos da tarxeta de memoria…"},"memoryCardContacts-error":{"_":"Non foi posíbel importar os contactos da tarxeta de memoria"},"memoryCardContacts-imported3":{"_":"{[ plural(n) ]}","_[zero]":"Non se detectaron contactos na tarxeta de memoria para importar","_[one]":"Importouse un contacto","_[two]":"Importáronse {{n}} contactos","_[few]":"Importáronse {{n}} contactos","_[many]":"Importáronse {{n}} contactos","_[other]":"Importáronse {{n}} contactos"},"noMemoryCardMsg":{"_":"To import contacts insert a memory card"},"noMemoryCardMsgExport":{"_":"Para exportar contactos insira unha tarxeta de memoria"},"genericProgress":{"_":"{{current}}/{{total}}"},"social-network":{"_":"Redes sociais"},"social-link":{"_":"Ligar contacto"},"social-unlink":{"_":"Desligar contacto"},"social-unlink-confirm-title":{"_":"Quere desligar ao seu amigo?"},"social-unlink-confirm-accept":{"_":"Desligar"},"facebook-import":{"_":"Importar amigos do Facebook"},"show-fb-profile":{"_":"Ver perfil do Facebook"},"msg-send":{"_":"Mensaxe"},"wall-post":{"_":"Estado"},"facebook":{"_":"Facebook"},"facebook-import-msg":{"_":"{[ plural(imported) ]}","_[zero]":"Ningún amigo importado (de {{total}})","_[one]":"Importouse un amigo (de {{total}})","_[two]":"{{imported}}/{{total}} amigos importados","_[few]":"{{imported}}/{{total}} amigos importados","_[many]":"{{imported}}/{{total}} amigos importados","_[other]":"{{imported}}/{{total}} amigos importados"},"otherAccount":{"_":"Outras contas"},"facebookSwitchMsg":{"_":"Sincronizar amigos"},"select_mobile":{"_":"Seleccionar móbil"},"select_email":{"_":"Seleccionar correo"},"contactsOrderBy":{"_":"Ordenar polos apelidos"},"importSim2":{"_":"Tarxeta SIM"},"importMemoryCard":{"_":"Memory card"},"importGmail":{"_":"Gmail"},"bluetooth":{"_":"Bluetooth"},"importOutlook":{"_":"Outlook"},"fbUpdateFriends":{"_":"Actualizar os amigos importados"},"cleaningFbData":{"_":"Retirando os datos do Facebook"},"loggingOutFb":{"_":"Saíndo do Facebook"},"cleanFbConfirmMsg":{"_":"Desexa retirar todos os datos do Facebook?"},"renewPwdMsg":{"_":"Cambiou o seu contrasinal en Facebook. Actualíceo."},"noConnection11":{"_":"To import Facebook friends or contacts connect to Wi-Fi or data network"},"notEnabledYet":{"_":"Aínda sen activar"},"genericNoConnection":{"_":"Para importar contactos, conéctese a unha rede Wi-Fi ou a unha rede de datos"},"simCard":{"_":"Tarxeta SIM"},"memoryCard":{"_":"Tarxeta de memoria"},"create-new":{"_":"Crear unha nova conta"},"import-now":{"_":"Importar contactos da tarxeta SIM ou Facebook"},"no-contacts":{"_":"Sen contactos"},"start-adding":{"_":"Comece a engadilos agora"},"notImported":{"_":"Sen importar"},"imported":{"_":"Importados"},"today":{"_":"Hoxe"},"yesterday":{"_":"Onte"},"messageCanceling":{"_":"Please hold on. We are canceling the ongoing operation."},"organise-contacts":{"_":"Organizar os contactos"},"find-merge-contacts":{"_":"Atopar contactos duplicados"},"preparing-contacts":{"_":"Preparando os contactos"},"exportError-SIM-NoFreeRecordFound":{"_":"A tarxeta SIM está completa"},"exportError-SIM-CannotAccessPhoneBook":{"_":"Non é posíbel acceder á axenda da tarxeta SIM"},"exportError-SIM-Unavailable":{"_":"Non se detectou a SIM"},"exportError-SIM-GenericError":{"_":"Produciuse un erro ao exportar un contacto"},"date-span-placeholder":{"_":"Data"},"ContactManagementTitle":{"_":"Xestión dos contactos"},"DeleteTitle":{"_":"Eliminar"},"bulkDeleteButton":{"_":"Eliminar contactos"},"BulkDelCancel":{"_":"Cancelouse a operación"},"DeletedTxt":{"_":"{[ plural(n) ]}","_[zero]":"Ningún contacto para eliminar","_[one]":"Retirouse 1 contacto","_[two]":"Retiráronse {{n}} contactos","_[few]":"Retiráronse {{n}} contactos","_[many]":"Retiráronse {{n}} contactos","_[other]":"Retiráronse {{n}} contactos"},"DeletingContacts":{"_":"Eliminando contactos"},"ContactConfirmDel":{"_":"{[ plural(n) ]}","_[zero]":"Ningún contacto para eliminar","_[one]":"Eliminar 1 contacto? Non é posíbel desfacer esta acción.","_[two]":"Eliminar {{n}} contactos? Non é posíbel desfacer esta acción.","_[few]":"Eliminar {{n}} contactos? Non é posíbel desfacer esta acción.","_[many]":"Eliminar {{n}} contactos? Non é posíbel desfacer esta acción.","_[other]":"Eliminar {{n}} contactos? Non é posíbel desfacer esta acción."},"SelectedTxt":{"_":"{[ plural(n) ]}","_[zero]":"Contactos","_[one]":"{{n}} seleccionadas","_[two]":"{{n}} seleccionadas","_[few]":"{{n}} seleccionadas","_[many]":"{{n}} seleccionadas","_[other]":"{{n}} seleccionadas"},"fdnIsActiveTitle":{"_":"FDN activo"},"fdnIsActiveMessage":{"_":"FDN (Numeración fixa) está activado e o seguinte número non está na súa lista FDN: {{ number }}"},"pincode2":{"_":"Escriba o PIN"},"type_pin":{"_":"Escriba o seu código PIN"},"pincodeLabel":{"_":"PIN da SIM {{n}}"},"pinValidation":{"_":"O PIN debe ter entre 4 e 8 caracteres."},"pinError":{"_":"O PIN é incorrecto."},"pinAttemptMsg2":{"_":"{[ plural(n) ]}","_[one]":"Só lle queda un intento para escribir o código correcto antes de bloquear a tarxeta SIM.","_[two]":"Quédanlle {{n}} intentos para escribir o código correcto antes de bloquear a tarxeta SIM.","_[few]":"Quédanlle {{n}} intentos para escribir o código correcto antes de bloquear a tarxeta SIM.","_[many]":"Quédanlle {{n}} intentos para escribir o código correcto antes de bloquear a tarxeta SIM.","_[other]":"Quédanlle {{n}} intentos para escribir o código correcto antes de bloquear a tarxeta SIM."},"pinLastChanceMsg":{"_":"Esta é a súa última oportunidade para escribir o PIN correcto. Se non o fai, debe escribir o código PUK para usar esta tarxeta SIM."},"pukcode":{"_":"Escriba o PUK"},"pukcodeTitle":{"_":"Escribir PUK da SIM {{n}}"},"pukcodeLabel":{"_":"PUK da SIM {{n}}"},"type_puk":{"_":"Código PUK"},"pukValidation":{"_":"O código PUK debe ter exactamente 8 caracteres."},"pukInfo":{"_":"Debe escribir a chave de desbloqueo persoal (código PUK) da tarxeta SIM. Consulte a documentación da súa tarxeta SIM ou contacte coa súa operadora de telefonía para obter máis información."},"pukError":{"_":"O PUK é incorrecto."},"pukAttemptMsg2":{"_":"{[ plural(n) ]}","_[one]":"Só lle queda un intento para escribir o código correcto antes de que esta tarxeta SIM quede inservíbel. Consulte a documentación da súa tarxeta SIM ou contacte coa súa operadora de telefonía para obter máis información.","_[two]":"Quédanlle {{n}} intentos para escribir o código correcto antes de que esta tarxeta SIM quede inservíbel. Consulte a documentación da súa tarxeta SIM ou contacte coa súa operadora de telefonía para obter máis información.","_[few]":"Quédanlle {{n}} intentos para escribir o código correcto antes de que esta tarxeta SIM quede inservíbel. Consulte a documentación da súa tarxeta SIM ou contacte coa súa operadora de telefonía para obter máis información.","_[many]":"Quédanlle {{n}} intentos para escribir o código correcto antes de que esta tarxeta SIM quede inservíbel. Consulte a documentación da súa tarxeta SIM ou contacte coa súa operadora de telefonía para obter máis información.","_[other]":"Quédanlle {{n}} intentos para escribir o código correcto antes de que esta tarxeta SIM quede inservíbel. Consulte a documentación da súa tarxeta SIM ou contacte coa súa operadora de telefonía para obter máis información."},"pukLastChanceMsg":{"_":"Esta é a súa última oportunidade para escribir o código PUK correcto. A súa tarxeta SIM quedará inservíbel se escribe un código PUK incorrecto."},"create_newpin":{"_":"Crear novo PIN (4 a 8 díxitos)"},"confirm_newpin":{"_":"Confirmar novo PIN"},"newpinConfirmation":{"_":"Non coincide o PIN"},"nckcode":{"_":"Escribir código NCK"},"cckcode":{"_":"Escribir código CCK"},"spckcode":{"_":"Escribir código SPCK"},"nckcodeTitle":{"_":"Escribir código NCK da SIM {{n}}"},"cckcodeTitle":{"_":"Escribir código CCK da SIM {{n}}"},"spckcodeTitle":{"_":"Escribir código SPCK da SIM {{n}}"},"nckcodeLabel":{"_":"NCK da SIM {{n}}"},"cckcodeLabel":{"_":"CCK da SIM {{n}}"},"spckcodeLabel":{"_":"SPCK da SIM {{n}}"},"type_nck":{"_":"Escriba o código NCK"},"type_cck":{"_":"Escriba o código CCK"},"type_spck":{"_":"Escriba o código SPCK"},"nckValidation":{"_":"O código NCK debe ter entre 8 e 16 caracteres."},"cckValidation":{"_":"O código CCK debe ter entre 8 e 16 caracteres."},"spckValidation":{"_":"O código SPCK debe ter entre 8 e 16 caracteres."},"nckErrorMsg":{"_":"O código NCK é incorrecto."},"nckAttemptMsg2":{"_":"{[ plural(n) ]}","_[one]":"Fallou a solicitude de despersonalización da rede. Só lle queda un intento para escribir o código correcto. Consulte a documentación do seu dispositivo ou contacte coa súa operadora de telefonía para obter máis información.","_[two]":"Fallou a solicitude de despersonalización da rede. Quédanlle {{n}} intentos para escribir o código correcto. Consulte a documentación do seu dispositivo ou contacte coa súa operadora de telefonía para obter máis información.","_[few]":"Fallou a solicitude de despersonalización da rede. Quédanlle {{n}} intentos para escribir o código correcto. Consulte a documentación do seu dispositivo ou contacte coa súa operadora de telefonía para obter máis información.","_[many]":"Fallou a solicitude de despersonalización da rede. Quédanlle {{n}} intentos para escribir o código correcto. Consulte a documentación do seu dispositivo ou contacte coa súa operadora de telefonía para obter máis información.","_[other]":"Fallou a solicitude de despersonalización da rede. Quédanlle {{n}} intentos para escribir o código correcto. Consulte a documentación do seu dispositivo ou contacte coa súa operadora de telefonía para obter máis información."},"nckLastChanceMsg":{"_":"Fallou a solicitude de despersonalización da rede. Esta é a súa última oportunidade para escribir o código NCK correcto. Consulte a documentación do seu dispositivo ou contacte coa súa operadora de telefonía para obter máis información."},"skip":{"_":"Saltar"},"send":{"_":"Enviar"},"simLocked":{"_":"A tarxeta SIM está bloqueada"},"inputCodeRetriesLeft":{"_":"{[ plural(n) ]}","_[one]":"Último intento.","_[two]":"Quedan{{n}} intentos.","_[few]":"Quedan{{n}} intentos.","_[many]":"Quedan{{n}} intentos.","_[other]":"Quedan{{n}} intentos."},"simManager":{"_":"Xestor SIM"},"simDetail":{"_":"SIM {{n}}"},"simDefault":{"_":"(predeterminado)"},"simDefaultMessage":{"_":"De forma predeterminada, úsase a SIM 1 para a conexión de datos e as chamadas e mensaxes saíntes"},"simSettingsMessage":{"_":"Pode cambiar a configuración predeterminada en Axustes > Xestor SIM"},"simPinLocked":{"_":"PIN da SIM bloqueado"},"noOperator":{"_":"Sen operadora"},"language":{"_":"Idioma"},"english":{"_":"Inglés"},"dvorak":{"_":"Inglés (Dvorak)"},"spanish":{"_":"Español"},"portuguese":{"_":"Portugués de Brasil"},"french":{"_":"Francés"},"italian":{"_":"Italiano"},"arabic":{"_":"Árabe"},"greek":{"_":"Grego"},"hebrew":{"_":"Hebreo"},"jp-kanji":{"_":"Xaponés"},"jp-kanji-desc":{"_":"Kanji"},"traditionalChinese":{"_":"Chinés tradicional"},"traditionalChinese-desc":{"_":"Zhuyin"},"simplifiedChinese":{"_":"Chinés simplificado"},"simplifiedChinese-desc":{"_":"Pinyin"},"3g":{"_":"Datos móbiles"},"dataConnection":{"_":"Activar a conexión"},"dataConnectionInfo":{"_":"Activando a conexión de datos do móbil agora, permitíralle configurar o seu teléfono sen unha conexión Wi-Fi. Tamén pode activala máis tarde no aplicativo Configuración. Asegúrese de ter un plan de datos coa súa operadora para evitar cargos adicionais."},"caution":{"_":"Aviso"},"geolocation":{"_":"Xeolocalización"},"geolocationCheckbox":{"_":"Activar xeolocalización"},"geolocationInfo2":{"_":"{{brandShortName}} usa os datos do GPS, Wi-Fi e de antenas de telefonía móbil que o rodean para determinar a súa localización aproximada."},"geolocationInfoMore":{"_":"Os datos envíanse a Mozilla e a outros fornecedores de servizos e agrúpanse para mellorar a precisión das bases de datos de localización. Os datos almacénanse no seu dispositivo e poden recollerse incluso cando non se executa ningún aplicativo."},"notice":{"_":"Aviso"},"aboutYourPrivacy":{"_":"Máis información sobre a privacidade"},"wifi":{"_":"Wi-Fi"},"scanningNetworks":{"_":"Buscando redes"},"selectNetwork":{"_":"Seleccione unha rede"},"shortStatus-connecting":{"_":"Conectando…"},"shortStatus-associated":{"_":"Obtendo un enderezo IP…"},"shortStatus-connected":{"_":"Conectado"},"shortStatus-connectingfailed":{"_":"Fallou a conexión"},"shortStatus-disconnected":{"_":"Desconectado"},"securedBy":{"_":"protexida por {{capabilities}}"},"security":{"_":"Seguranza"},"securityNone":{"_":"Ningunha"},"securityWEP":{"_":"WEP"},"securityWPA-PSK":{"_":"WPA-PSK"},"securityWPA-EAP":{"_":"WPA-EAP"},"securityOpen":{"_":"Aberta"},"identity":{"_":"Usuario"},"identityInput":{"placeholder":"Usuario"},"password":{"_":"Contrasinal"},"passwordInput":{"placeholder":"Contrasinal"},"showPassword":{"_":"Amosar contrasinal"},"refresh":{"_":"Refrescar"},"noWifiFound3":{"_":"Non se atoparon redes sen fíos"},"join-hidden-button":{"_":"Unirse a unha rede agochada"},"authentication":{"_":"Autenticación"},"ssid-name":{"_":"SSID da rede"},"dateAndTime":{"_":"Data e hora"},"setTimeAutomatically":{"_":"Axuste automático"},"timezoneMessage":{"_":"Fuso horario"},"timezoneTitle":{"_":"UTC{{utcOffset}} {{region}}/{{city}}"},"dateMessage":{"_":"Data"},"timeMessage":{"_":"Hora"},"timeZone":{"_":"Fuso horario"},"change":{"_":"Cambiar"},"importContacts3":{"_":"Importar contactos"},"importFb2":{"_":"Facebook"},"fb-checking":{"_":"… comprobando"},"notImportedYet":{"_":"Aínda sen importar"},"afterFbImport":{"_":"Pode importar e editar os amigos do Facebook en calquera momento na configuración do aplicativo Contactos"},"about-your-rights-0":{"_":"{{brandShortName}} é un software de código aberto e libre, construído por unha comunidade de centos de persoas de todo o mundo. Hai algunhas cousas que debería saber:"},"about-your-rights-1":{"_":"{{brandShortName}} está dispoñíbel nos termos de varias licenzas libres incluíndo a Mozilla Public License. Un dispositivo que execute {{brandShortName}} tamén pode conter software privativo de terceiros. Calquera código con licenza libre outorga o dereito de modificar o código fonte e distribuír as versións modificadas coa condición de respectar os termos da licenza."},"about-your-rights-2":{"_":"Non se lle outorga ningún dereito nin licenza sobre as marcas da Fundación Mozilla ou as súas filiais, incluíndo sen limitación o nome ou o logo do {{brandShortName}}."},"about-your-rights-3":{"_":"Algunhas características do {{brandShortName}}, como o Informador de erros, dánlle a opción de fornecer información a Mozilla. Cando escolle enviar esa información, dálle a Mozilla permiso para usala para mellorar os seus produtos, para publicala nos seus sitios web e para distribuíla."},"about-other":{"_":"Outros"},"SIM_mandatory":{"_":"Aviso da tarxeta SIM"},"SIM_mandatory_warm":{"_":"Insira unha tarxeta SIM e reinicie o teléfono."},"sharing-performance-data":{"_":"Compartir os datos de rendemento"},"telemetry-sends":{"_":"Telemetry envía a Mozilla información sobre o rendemento, o hardware, a configuración e as personalizacións no seu dispositivo {{brandShortName}}. Esta información úsase para mellorar os nosos produtos, facelos máis rápidos e máis receptivos."},"learn-more-at":{"_":"Learn more at"},"external-telemetry":{"title":"Telemetry"},"learn-about-information":{"_":"Learn how Mozilla handles your information at"},"external-privacy":{"title":"Privacy"},"welcomeBrowser":{"_":"Benvida a {{brandShortName}}, o sistema operativo libre e de código aberto de Mozilla. A nosa misión é promover os estándares abertos, a innovación e garantir que o poder da Web permanece nas súas mans."},"learnHow":{"_":"Learn how Mozilla handles your information in our"},"privacyPolicy":{"_":"privacy policy","title":"Privacy policy"},"aboutBrowser":{"_":"Sobre o {{brandShortName}}"},"aboutYourPrivacy2":{"_":"A súa privacidade"},"mozillaCommunity2":{"_":"Cando vostede usa {{brandShortName}}, entra a formar parte dunha comunidade global que traballa por un futuro mellor para a Web. Se desexa saber máis sobre a comunidade de Mozilla, os nosos produtos e eventos na súa zona, escriba o seu enderezo de correo electrónico a continuación."},"collaborate":{"_":"Quero axudar a mellorar {{brandShortName}} compartindo información sobre o meu teléfono."},"learnMore":{"_":"Máis información."},"emailAddress":{"placeholder":"Enderezo de correo"},"email-successfully-added":{"_":"Engadiuse o correo correctamente"},"email-loading":{"_":"Gardando o seu correo…"},"browserPrivacyChoices":{"_":"Opcións de privacidade do {{brandShortName}}"},"privacy-b2g":{"_":"{{brandShortName}}","title":"{{brandShortName}}"},"privacy-marketplace":{"_":"Marketplace","title":"{{privacy-marketplace}}"},"privacy-e-me":{"_":"everything.me","title":"{{privacy-e-me}}"},"navbar-back":{"_":"Atrás"},"navbar-next":{"_":"Seguinte"},"navbar-join":{"_":"Unirse"},"thatsIt":{"_":"Iso é todo!"},"startYourPhone":{"_":"Coñeza o seu teléfono!"},"startYourTablet":{"_":"Coñeza a súa tableta!"},"joinTutorial":{"_":"Faga unha breve visita guiada polo seu novo teléfono."},"enjoyYourPhone":{"_":"Todo listo para gozar do seu novo teléfono."},"optionsAvailable":{"_":"Pode cambiar o idioma, a data/hora e a conexión Wi-Fi en Axustes."},"letsGo":{"_":"Adiante"},"startTour":{"_":"Comezar visita"},"thatsIt1Tablet-2":{"_":"Sempre pode volver á pantalla inicial con só deslizar o dedo dende o borde inferior da pantalla."},"thatsIt2Tablet-2":{"_":"Próbeo agora!"},"tutorial-step1-tiny":{"_":"Deslice a pantalla de dereita a esquerda para ver os aplicativos."},"tutorial-step2-tiny":{"_":"Toque durante uns segundos unha icona para eliminala ou movela."},"tutorial-step3-tiny":{"_":"Escriba unha palabra clave ou un tema e o teléfono adaptarase ao instante."},"tutorial-step4-tiny":{"_":"Deslice a pantalla cara abaixo para acceder ás notificacións recentes, información de consumo e aos axustes."},"tutorial-step5-tiny":{"_":"Toque durante uns segundos o botón de inicio para examinar e pechar os aplicativos recentes."},"tutorial-step6-tiny":{"_":"Deslice o dedo desde o lateral da pantalla para desprazarse adiante e atrás entre os aplicativos recentes."},"tutorial-step1-large-2":{"_":"Deslice o dedo desde a parte superior da pantalla para acceder ás notificacións, información de consumo e aos axustes."},"tutorial-step2-large-2":{"_":"Deslice o dedo á esquerda ou á dereita para descubrir novos aplicativos na pantalla inicial."},"tutorial-step3-large-2":{"_":"Toque durante uns segundos unha icona para eliminala ou movela."},"tutorial-step4-large-2":{"_":"Deslice dous dedos desde o borde inferior para activar a visualización de tarxetas."},"offline-dialog-title":{"_":"É necesario estar conectado á Internet para ver a páxina."},"offline-dialog-text":{"_":"Volva atrás e conéctese á Internet. Tamén pode ver a páxina máis tarde desde os Axustes ou escribindo o enderezo {{url}} en calquera navegador."},"OK":{"_":"Aceptar"},"offline-newsletter-dialog-title":{"_":"É necesario estar conectado á Internet para subscribirse ao boletín de información."},"offline-newsletter-dialog-text":{"_":"Volva atrás e conéctese á Internet."},"invalid-email-dialog-title":{"_":"O seu correo é incorrecto"},"invalid-email-dialog-text":{"_":"Volva atrás e corrixa os datos inseridos."},"nck1code":{"_":"Escribir código NCK1"},"nck2code":{"_":"Escribir código NCK2"},"hnckcode":{"_":"Escribir código HNCK"},"rcckcode":{"_":"Escribir código RCCK"},"rspckcode":{"_":"Escribir código RSPCK"},"nck1codeTitle":{"_":"Escribir código NCK1 da SIM {{n}}"},"nck2codeTitle":{"_":"Escribir código NCK2 da SIM {{n}}"},"hnckcodeTitle":{"_":"Escribir código HNCK da SIM {{n}}"},"rcckcodeTitle":{"_":"Escribir código RCCK da SIM {{n}}"},"rspckcodeTitle":{"_":"Escribir código RSPCK da SIM {{n}}"},"nck1codeLabel":{"_":"NCK1 da SIM {{n}}"},"nck2codeLabel":{"_":"NCK2 da SIM {{n}}"},"hnckcodeLabel":{"_":"HNCK da SIM {{n}}"},"rcckcodeLabel":{"_":"RCCK da SIM {{n}}"},"rspckcodeLabel":{"_":"RSPCK da SIM {{n}}"},"type_nck1":{"_":"Escriba o código NCK1"},"type_nck2":{"_":"Escriba o código NCK2"},"type_hnck":{"_":"Escriba o código HNCK"},"type_rcck":{"_":"Escriba o código RCCK"},"type_rspck":{"_":"Escriba o código RSPCK"},"nck1Validation":{"_":"O código NCK1 debe ter entre 8 e 16 caracteres."},"nck2Validation":{"_":"O código NCK2 debe ter entre 8 e 16 caracteres."},"hnckValidation":{"_":"O código HNCK debe ter entre 8 e 16 caracteres."},"rcckValidation":{"_":"O código RCCK debe ter entre 8 e 16 caracteres."},"rspckValidation":{"_":"O código RSPCK debe ter entre 8 e 16 caracteres."},"firefox-accounts":{"_":"Contas Firefox"},"fxa-overview":{"innerHTML":"Unha conta Firefox permítelle usar características como Atopa dispositivo e aplicativos como Firefox Marketplace."},"fxa-create-account-or-sign-in":{"_":"Crear conta ou identificarse"},"fxa-email-sent":{"_":"Enviouse unha ligazón de verificación a {{email}}"},"learn-more-telemetry":{"innerHTML":"Máis información en {{link}}"},"learn-more-information":{"innerHTML":"Infórmese de como xestiona Mozilla a súa información en {{link}}"},"learn-more-privacy":{"innerHTML":"Infórmese de como xestiona Mozilla a súa información na nosa {{link}}."},"learn-more-privacy-link":{"_":"política de privacidade"},"weekday-0-long":{"_":"Domingo"},"weekday-1-long":{"_":"Luns"},"weekday-2-long":{"_":"Martes"},"weekday-3-long":{"_":"Mércores"},"weekday-4-long":{"_":"Xoves"},"weekday-5-long":{"_":"Venres"},"weekday-6-long":{"_":"Sábado"},"weekday-0-short":{"_":"Dom"},"weekday-1-short":{"_":"Lun"},"weekday-2-short":{"_":"Mar"},"weekday-3-short":{"_":"Mer"},"weekday-4-short":{"_":"Xov"},"weekday-5-short":{"_":"Ven"},"weekday-6-short":{"_":"Sab"},"month-0-long":{"_":"Xaneiro"},"month-1-long":{"_":"Febreiro"},"month-2-long":{"_":"Marzo"},"month-3-long":{"_":"Abril"},"month-4-long":{"_":"Maio"},"month-5-long":{"_":"Xuño"},"month-6-long":{"_":"Xullo"},"month-7-long":{"_":"Agosto"},"month-8-long":{"_":"Setembro"},"month-9-long":{"_":"Outubro"},"month-10-long":{"_":"Novembro"},"month-11-long":{"_":"Decembro"},"month-0-genitive":{"_":"Xaneiro"},"month-1-genitive":{"_":"Febreiro"},"month-2-genitive":{"_":"Marzo"},"month-3-genitive":{"_":"Abril"},"month-4-genitive":{"_":"Maio"},"month-5-genitive":{"_":"Xuño"},"month-6-genitive":{"_":"Xullo"},"month-7-genitive":{"_":"Agosto"},"month-8-genitive":{"_":"Setembro"},"month-9-genitive":{"_":"Outubro"},"month-10-genitive":{"_":"Novembro"},"month-11-genitive":{"_":"Decembro"},"month-0-short":{"_":"Xan"},"month-1-short":{"_":"Feb"},"month-2-short":{"_":"Mar"},"month-3-short":{"_":"Abr"},"month-4-short":{"_":"Maio"},"month-5-short":{"_":"Xun"},"month-6-short":{"_":"Xul"},"month-7-short":{"_":"Ago"},"month-8-short":{"_":"Set"},"month-9-short":{"_":"Out"},"month-10-short":{"_":"Nov"},"month-11-short":{"_":"Dec"},"minutes-ago-long":{"_":"{[ plural(value) ]}","_[zero]":"xusto agora","_[one]":"hai un minuto","_[two]":"hai {{value}} minutos","_[few]":"hai {{value}} minutos","_[many]":"hai {{value}} minutos","_[other]":"hai {{value}} minutos"},"hours-ago-long":{"_":"{[ plural(value) ]}","_[zero]":"xusto agora","_[one]":"hai unha hora","_[two]":"hai {{value}} horas","_[few]":"hai {{value}} horas","_[many]":"hai {{value}} horas","_[other]":"hai {{value}} horas"},"days-ago-long":{"_":"{[ plural(value) ]}","_[zero]":"hoxe","_[one]":"onte","_[two]":"hai {{value}} días","_[few]":"hai {{value}} días","_[many]":"hai {{value}} días","_[other]":"hai {{value}} días"},"weeks-ago-long":{"_":"{[ plural(value) ]}","_[zero]":"esta semana","_[one]":"a semana pasada","_[two]":"hai {{value}} semanas","_[few]":"hai {{value}} semanas","_[many]":"hai {{value}} semanas","_[other]":"hai {{value}} semanas"},"months-ago-long":{"_":"{[ plural(value) ]}","_[zero]":"Este mes","_[one]":"o mes pasado","_[two]":"hai {{value}} meses","_[few]":"hai {{value}} meses","_[many]":"hai {{value}} meses","_[other]":"hai {{value}} meses"},"years-ago-long":{"_":"{[ plural(value) ]}","_[zero]":"este ano","_[one]":"o ano pasado","_[two]":"hai {{value}} anos","_[few]":"hai {{value}} anos","_[many]":"hai {{value}} anos","_[other]":"hai {{value}} anos"},"minutes-until-long":{"_":"{[ plural(value) ]}","_[zero]":"agora","_[one]":"nun minuto","_[two]":"en {{value}} minutos","_[few]":"en {{value}} minutos","_[many]":"en {{value}} minutos","_[other]":"en {{value}} minutos"},"hours-until-long":{"_":"{[ plural(value) ]}","_[zero]":"agora","_[one]":"nunha hora","_[two]":"en {{value}} horas","_[few]":"en {{value}} horas","_[many]":"en {{value}} horas","_[other]":"en {{value}} horas"},"days-until-long":{"_":"{[ plural(value) ]}","_[zero]":"hoxe","_[one]":"mañá","_[two]":"en {{value}} días","_[few]":"en {{value}} días","_[many]":"en {{value}} días","_[other]":"en {{value}} días"},"weeks-until-long":{"_":"{[ plural(value) ]}","_[zero]":"esta semana","_[one]":"a semana que ven","_[two]":"en {{value}} semanas","_[few]":"en {{value}} semanas","_[many]":"en {{value}} semanas","_[other]":"en {{value}} semanas"},"months-until-long":{"_":"{[ plural(value) ]}","_[zero]":"Este mes","_[one]":"o mes que ven","_[two]":"en {{value}} meses","_[few]":"en {{value}} meses","_[many]":"en {{value}} meses","_[other]":"en {{value}} meses"},"years-until-long":{"_":"{[ plural(value) ]}","_[zero]":"este ano","_[one]":"o ano que ven","_[two]":"en {{value}} anos","_[few]":"en {{value}} anos","_[many]":"en {{value}} anos","_[other]":"en {{value}} anos"},"minutes-ago-short":{"_":"{[ plural(value) ]}","_[zero]":"xusto agora","_[other]":"hai {{value}}min"},"hours-ago-short":{"_":"{[ plural(value) ]}","_[zero]":"xusto agora","_[other]":"hai {{value}}h"},"days-ago-short":{"_":"{[ plural(value) ]}","_[zero]":"hoxe","_[other]":"hai {{value}}d"},"minutes-until-short":{"_":"{[ plural(value) ]}","_[zero]":"agora","_[other]":"en {{value}}min"},"hours-until-short":{"_":"{[ plural(value) ]}","_[zero]":"agora","_[other]":"en {{value}}h"},"days-until-short":{"_":"{[ plural(value) ]}","_[zero]":"hoxe","_[other]":"en {{value}}d"},"incorrectDate":{"_":"(data incorrecta)"},"dateTimeFormat_%c":{"_":"%a, %e de %b, %Y %H:%M:%S"},"dateTimeFormat_%x":{"_":"%d/%m/%Y"},"dateTimeFormat_%X":{"_":"%H:%M:%S"},"shortTimeFormat":{"_":"%H:%M"},"shortDateTimeFormat":{"_":"%x %H:%M %p"},"weekStartsOnMonday":{"_":"1"},"time_am":{"_":"AM"},"time_pm":{"_":"PM"},"tz-region":{"_":"Rexión"},"tz-city":{"_":"Cidade"},"tzRegion-Africa":{"_":"África"},"tzRegion-America":{"_":"América"},"tzRegion-Antarctica":{"_":"Antártida"},"tzRegion-Asia":{"_":"Asia"},"tzRegion-Atlantic":{"_":"Océano Atlántico"},"tzRegion-Australia":{"_":"Australia"},"tzRegion-Europe":{"_":"Europa"},"tzRegion-Indian":{"_":"Océano Índico"},"tzRegion-Pacific":{"_":"Océano Pacífico"},"close":{"_":"Close"},"import":{"_":"Import"},"fbFriends":{"_":"Facebook Friends"},"live-serviceName":{"_":"Outlook"},"gmail-serviceName":{"_":"Gmail"},"facebook-serviceName":{"_":"Facebook Friends"},"viewAll":{"_":"View All Facebook Friends"},"viewRecommend":{"_":"View Only Recommended"},"linkProposal":{"_":"{[ plural(numFriends) ]}","_[zero]":"No matching friends. Showing all","_[one]":"Select the recommended one","_[two]":"Select a recommended one","_[few]":"Select a recommended one","_[many]":"Select a recommended one","_[other]":"Select a recommended one"},"fbFriendsFound":{"_":"{[ plural(numFriends) ]}","_[zero]":"All your friends are imported","_[one]":"Found one friend to import","_[two]":"Found {{numFriends}} friends to import","_[few]":"Found {{numFriends}} friends to import","_[many]":"Found {{numFriends}} friends to import","_[other]":"Found {{numFriends}} friends to import"},"done-search":{"_":"Done"},"progressFB3ImportTitle":{"_":"Importing friends to Contacts"},"progressFB":{"_":"{{current}}/{{total}}"},"progressFB3UpdateTitle":{"_":"Updating friends in Contacts"},"message2":{"_":"This may take a couple of minutes"},"messageLinking":{"_":"Please hold on. We are linking your friend and your contact."},"error1":{"_":"Error {{from}}"},"error2":{"_":"Do you want to retry?"},"errorProposal":{"_":"calculating proposals"},"errorFriends":{"_":"retrieving friends"},"errorLinking":{"_":"linking contact"},"timeout1":{"_":"Exceeded timeout {{from}}"},"timeout2":{"_":"Do you want to retry?"},"timeoutProposal":{"_":"calculating proposals"},"timeoutFriends":{"_":"retrieving friends"},"timeoutLinking":{"_":"linking contacts"},"wait1":{"_":"Please hold on"},"wait2":{"_":"This may take a couple of minutes"},"waitProposal":{"_":"Please hold on. We are calculating a proposal."},"waitFriends":{"_":"Please hold on. We are connecting to obtain your friend list."},"curtainCancel":{"_":"Cancel"},"curtainRetry":{"_":"Retry"},"curtainOK":{"_":"OK"},"connectionLost":{"_":"No Internet connection"},"connectionLostMsg":{"_":"Friends’ photos will not be added to your contacts. Continue anyway?"},"yesOption":{"_":"OK"},"noOption":{"_":"Cancel"},"friendsUpdated":{"_":"{[ plural(numFriends) ]}","_[zero]":"No friends updated","_[one]":"Updated one friend","_[two]":"Updated {{numFriends}} friends","_[few]":"Updated {{numFriends}} friends","_[many]":"Updated {{numFriends}} friends","_[other]":"Updated {{numFriends}} friends"},"notificationLogin":{"_":"Your Facebook session is invalid. Please sign in."},"syncError":{"_":"There was an error synchronizing your friend’s data"},"addToExistingContact":{"_":"Engadir a un contacto existente"},"all":{"_":"Todas","ariaLabel":"Todas"},"callLog":{"_":"Rexistro chamadas"},"connecting":{"_":"Conectando"},"cf-async":{"_":"Asíncrono: {{ async }}\n"},"cf-data":{"_":"Datos: {{ data }}\n"},"cf-error":{"_":"Produciuse un erro ao recuperar o estado do desvío de chamadas"},"cf-fax":{"_":"FAX: {{ fax }}\n"},"cf-inactive":{"_":"Inactivo"},"cf-packet":{"_":"Paquetes: {{ packet }}\n"},"cf-pad":{"_":"PAD: {{ pad }}\n"},"cf-sms":{"_":"SMS: {{ sms }}\n"},"cf-status":{"_":"Estado do desvío de chamadas\n"},"cf-sync":{"_":"Síncrono: {{ sync }}\n"},"cf-voice":{"_":"Voz: {{ voice }}\n"},"confirm-deletion":{"_":"Desexa limpar as chamadas seleccionadas?"},"createNewContact":{"_":"Crear novo contacto"},"delete":{"_":"Eliminar"},"edit-selected":{"_":"{[ plural(n) ]}","_[one]":"{{ n }} seleccionadas","_[two]":"{{ n }} seleccionadas","_[few]":"{{ n }} seleccionadas","_[many]":"{{ n }} seleccionadas","_[other]":"{{ n }} seleccionadas"},"ignore":{"_":"Ignorar chamada"},"incoming":{"_":"Entrante"},"missed":{"_":"Perdidas","ariaLabel":"Perdidas"},"missedCall":{"_":"Chamada perdida"},"missedCallMultiSims":{"_":"(SIM {{ n }}) Chamada perdida"},"mmi-error":{"_":"Produciuse un erro ao enviar a mensaxe"},"mmi-session-expired":{"_":"Caducou a sesión"},"mmi-successfully-sent":{"_":"Enviouse a mensaxe correctamente"},"no-logs-msg-1":{"_":"Ningunha chamada rexistrada"},"no-logs-msg-2":{"_":"Iniciar a comunicación agora"},"no-logs-msg-3":{"_":"Ningunha chamada perdida"},"reply":{"_":"Responder"},"switch-calls":{"_":"Trocar chamadas"},"withheld-number":{"_":"Número oculto"},"from-contact":{"_":"De {{ contact }}"},"from-number":{"_":"De {{ number }}"},"from-withheld-number":{"_":"Dun número oculto"},"sending":{"_":"Enviando…"},"ussd-services":{"_":"Servizos de {{ operator }}"},"type-your-response":{"placeholder":"Escriba a súa reposta…"},"clear-all-text":{"_":"Limpar todo o texto"},"hide":{"_":"Agochar"},"hold":{"_":"Hold","ariaLabel":"En espera"},"resume":{"_":"Retomar","ariaLabel":"Retomar"},"sendSms":{"_":"Enviar a mensaxe"},"callEnded":{"_":"Chamada finalizada"},"via-sim":{"_":"coa SIM{{ n }}"},"sim-number":{"_":"SIM{{ n }}"},"hangup-a11y-button":{"aria-label":"Hang Up","ariaLabel":"Colgar"},"pickup-a11y-button":{"aria-label":"Pick up","ariaLabel":"Responder"},"unlock-a11y-button":{"aria-label":"Slider","ariaLabel":"Control deslizante"},"delete-n-log?":{"_":"{[ plural(n) ]}","_[zero]":"Ningún elemento seleccionado","_[one]":"Eliminar o rexistro seleccionado?","_[two]":"Eliminar {{ n }} rexistros?","_[few]":"Eliminar {{ n }} rexistros?","_[many]":"Eliminar {{ n }} rexistros?","_[other]":"Eliminar {{ n }} rexistros?"},"callDurationMinutes":{"_":"{{ m }}:{{ s }}"},"callDurationHours":{"_":"{{ h }}:{{ m }}:{{ s}}"},"suggestionMatches":{"_":"{[ plural(n) ]}","_[one]":"{{ n }} coincidencia para \"{{ matchNumber }}\"","_[two]":"{{ n }} coincidencias para \"{{ matchNumber }}\"","_[few]":"{{ n }} coincidencias para \"{{ matchNumber }}\"","_[many]":"{{ n }} coincidencias para \"{{ matchNumber }}\"","_[other]":"{{ n }} coincidencias para \"{{ matchNumber }}\""},"scCallBarring":{"_":"Bloqueo chamadas"},"scCallForwarding":{"_":"Desvío chamadas"},"scClip":{"_":"ID interlocutor"},"scClir":{"_":"Presentación do número saínte"},"scPwd":{"_":"Cambio do contrasinal"},"scCallWaiting":{"_":"Chama en espera"},"scPin":{"_":"Cambio de PIN"},"scPin2":{"_":"Cambio de PIN2"},"scPuk":{"_":"Desbloquear PIN"},"scPuk2":{"_":"Desbloquear PIN2"},"scImei":{"_":"IMEI"},"scUssd":{"_":"USSD"},"serviceClassVoice":{"_":"Voz"},"serviceClassData":{"_":"Datos"},"serviceClassFax":{"_":"FAX"},"serviceClassSms":{"_":"SMS"},"serviceClassDataSync":{"_":"Síncrono"},"serviceClassDataAsync":{"_":"Asíncrono"},"serviceClassPacket":{"_":"Paquete"},"serviceClassPad":{"_":"PAD"},"smServiceEnabled":{"_":"Activouse o servizo para:"},"smServiceDisabled":{"_":"Desactivouse o servizo"},"smServiceRegistered":{"_":"O rexistro realizouse correctamente"},"smServiceErased":{"_":"O borrado realizouse correctamente"},"smServiceInterrogated":{"_":"A solicitude realizouse correctamente"},"smServiceNotProvisioned":{"_":"Servizo non provisto"},"smClirPermanent":{"_":"Non é posíbel cambiar a configuración da presentación do número"},"smClirDefaultOnNextCallOn":{"_":"Presentación do número desactivada de forma predeterminada. Próxima chamada: restrinxida"},"smClirDefaultOnNextCallOff":{"_":"Presentación do número desactivada de forma predeterminada. Próxima chamada: non restrinxida"},"smClirDefaultOffNextCallOn":{"_":"Presentación do número activada de forma predeterminada. Próxima chamada: restrinxida"},"smClirDefaultOffNextCallOff":{"_":"Presentación do número activada de forma predeterminada. Próxima chamada: non restrinxida"},"smServiceEnabledFor":{"_":"Activouse o servizo para:"},"smPinChanged":{"_":"PIN cambiado correctamente"},"smPinUnblocked":{"_":"PIN desbloqueado correctamente"},"smPin2Changed":{"_":"PIN2 cambiado correctamente"},"smPin2Unblocked":{"_":"PIN2 desbloqueado correctamente"},"emMmiError":{"_":"Problema de conexión ou código MMI incorrecto"},"emMmiErrorPasswordIncorrect":{"_":"Contrasinal incorrecto"},"emMmiErrorNotSupported":{"_":"Código MMI non admitido ou incorrecto"},"emMmiErrorInvalidAction":{"_":"Acción incorrecta"},"emMmiErrorInvalidScCode":{"_":"Código de servizo incorrecto"},"emMmiErrorBadPuk":{"_":"O PUK que escribiu é incorrecto"},"emMmiErrorBadPin":{"_":"O antigo PIN que escribiu é incorrecto."},"emMmiErrorNeedPuk2":{"_":"Escriba o PUK2 para desbloquear a tarxeta SIM"},"emMmiErrorMismatchPin":{"_":"Os PIN que escribiu non coinciden"},"emMmiErrorInvalidPin":{"_":"Escriba un PIN que teña entre 4 e 8 números"},"emMmiErrorNeedsPuk":{"_":"A tarxeta SIM está bloqueada por código PUK"},"emMmiErrorEnablePin":{"_":"Non é correcto. Active o SIM/RUIM LOCK"},"emMmiErrorMmiFdn":{"_":"A operación está restrinxida a unha lista de números autorizados (FDN)"},"emMmiErrorStkCcUssdDial":{"_":"Modificouse a solicitude USSD a DIAL"},"emMmiErrorStkCcUssdSs":{"_":"Modificouse a solicitude USSD a SS"},"emMmiErrorStkCcUssdUssd":{"_":"Modificouse a solicitude USSD a unha nova USSD"},"emMmiErrorStkCcSsDial":{"_":"Modificouse a solicitude SS a DIAL"},"emMmiErrorStkCcSsUssd":{"_":"Modificouse a solicitude SS a USSD"},"emMmiErrorStkCcSsSs":{"_":"Modificouse a solicitude SS a unha nova SS"},"emMmiErrorPinPukAttempts":{"_":"{[ plural(n) ]}","_[one]":"Queda {{ n }} intento","_[two]":"Quedan {{ n }} intentos","_[few]":"Quedan {{ n }} intentos","_[many]":"Quedan {{ n }} intentos","_[other]":"Quedan {{ n }} intentos"},"emMmiErrorSimBlocked":{"_":"Excedeuse o número máximo de intentos. Bloqueouse a SIM"},"RadioNotAvailable":{"_":"Radio non dispoñíbel"},"GenericFailure":{"_":"Fallo xenérico"},"PasswordIncorrect":{"_":"Contrasinal incorrecto"},"SimPin2":{"_":"PIN2 da SIM"},"SimPuk2":{"_":"PUK2 da SIM"},"RequestNotSupported":{"_":"Solicitude incompatíbel"},"OpNotAllowedDuringVoiceCall":{"_":"Non se permite a operación durante unha chamada"},"SmsSendFailRetry":{"_":"Fallou o envío do SMS, tente de novo"},"SimAbsent":{"_":"SIM ausente"},"SubscriptionNotAvailable":{"_":"Subscrición non dispoñíbel"},"ModeNotSupported":{"_":"Modo incompatíbel"},"FdnCheckFailure":{"_":"Fallo de comprobación de FDN"},"IllegalSimOrMe":{"_":"SIM ou ME inaceptábel"},"DialModifiedToUssd":{"_":"Modificouse a DIAL a USSD"},"DialModifiedToSs":{"_":"Modificouse a DIAL a SS"},"DialModifiedToDial":{"_":"Modificouse a DIAL a DIAL"},"UssdModifiedToDial":{"_":"Modificouse a USSD a DIAL"},"UssdModifiedToSs":{"_":"Modificouse a USSD a SS"},"UssdModifiedToUssd":{"_":"Modificouse a USSD a USSD"},"SsModifiedToDial":{"_":"Modificouse a SS a DIAL"},"SsModifiedToUssd":{"_":"Modificouse a SS a USSD"},"SsModifiedToSs":{"_":"Modificouse a SS a SS"},"SubscriptionNotSupported":{"_":"Subscrición non compatíbel"},"InvalidParameter":{"_":"Parámetro incorrecto"},"RejectedByRemote":{"_":"Rexeitada polo remoto"},"group-call":{"_":"{[ plural(n) ]}","_[one]":"Chamada grupo ({{ n }})","_[two]":"Chamada grupo ({{ n }})","_[few]":"Chamada grupo ({{ n }})","_[many]":"Chamada grupo ({{ n }})","_[other]":"Chamada grupo ({{ n }})"},"caller-left-call":{"_":"{{ caller }} abandonou a chamada."},"conferenceAddError":{"_":"Imposíbel combinar as chamadas"},"conferenceRemoveError":{"_":"Imposíbel separar as chamadas"},"longDateFormat":{"_":"%A, %e de %B"},"select-audio-sources":{"_":"Seleccionar as fontes de son"},"bluetooth-handsfree-device":{"_":"Dispositivo Bluetooth mans libres"},"receiver":{"_":"Receptor"},"speaker":{"_":"Altofalante"},"addNewNumber":{"_":"Engadir novo número"},"asterisk":{"ariaLabel":"Asterisco"},"callLogEdit":{"title":"Editar rexistro chamadas"},"callLogEditDialog":{"ariaLabel":"Editar rexistro chamadas"},"dialerAddContact":{"ariaLabel":"Engadir conta"},"dialerAddContactDialog":{"ariaLabel":"Diálogo para engadir contactos"},"hideKeypad":{"ariaLabel":"Agochar teclado"},"keypad":{"ariaLabel":"Teclado numérico"},"keypadDelete":{"ariaLabel":"Eliminar"},"makeCall":{"ariaLabel":"Facer chamada"},"merge":{"_":"Combinar"},"mute":{"ariaLabel":"Enmudecer"},"newCall":{"ariaLabel":"Nova chamada"},"phoneNumberInput":{"ariaLabel":"Número de teléfono"},"recents":{"ariaLabel":"Chamadas recentes"},"voiceMailKey":{"ariaLabel":"Mensaxes de voz"},"speakerOption":{"ariaLabel":"Altofalante"},"toggleKeypad":{"ariaLabel":"Activa/desactiva teclado"},"sim-picker-dial-via-with-number":{"_":"Marcar {{ phoneNumber }} con"},"sim-picker-select-sim":{"_":"Seleccionar SIM"},"sim-picker-button":{"_":"SIM{{ n }}"},"sim-picker-button-default":{"_":"(predeterminado)"},"waitDuplicateContacts":{"_":"Buscando contactos duplicados"},"waitMergingDuplicateContacts":{"_":"Combinando contactos duplicados"},"alertNoDuplicateContacts":{"_":"Non se atoparon contactos duplicados"},"mergeDuplicateTitle":{"_":"Combinar duplicados"},"suggestedDuplicateContacts":{"_":"Contactos duplicados suxeridos para {{name}}"},"mergeActionButtonLabel":{"_":"{[ plural(n) ]}","_[zero]":"Ningún contacto seleccionado","_[one]":"Combinar con {{n}} contacto","_[other]":"Combinar con {{n}} contactos"},"duplicatesFoundTitle":{"_":"Atopáronse duplicados"},"duplicatesFoundMessage":{"_":"{{name}} duplica información nos seguintes contactos"}}