{"brandShortName":{"_":"B2G OS"},"browserBrandShortName":{"_":"Web preglednik"},"browserBrandFullName":{"_":"Mozilla web preglednik"},"callAirplaneModeMessage":{"_":"Da biste uspostavili poziv, trebate isključiti zrakoplovni način rada."},"callAirplaneModeBtnOk":{"_":"U redu"},"callAirplaneModeTitle":{"_":"Zrakoplovni način rada uključen"},"numberIsBusyTitle":{"_":"Broj je zauzet"},"numberIsBusyMessage":{"_":"Broj je trenutno zauzet. Molim pokušajte kasnije."},"fdnIsEnabledTitle":{"_":"FDN aktivan"},"fdnIsEnabledMessage":{"_":"Ovaj broj je blokiran jer nije na popisu vaših autoriziranih brojeva."},"voiceMail":{"_":"Glasovna pošta"},"emergencyNumber":{"_":"Broj za hitne slučajeve"},"emergencyDialogBodyBadNumber":{"_":"Da biste uspostavili poziv, uređaj mora biti spojen na mrežu."},"emergencyDialogBodyDeviceNotAccepted":{"_":"Mreža ne dopušta hitne pozive."},"emergencyDialogBtnOk":{"_":"U redu"},"emergencyDialogTitle":{"_":"Nema mrežne veze"},"invalidNumberToDialTitle":{"_":"Neispravan broj telefona"},"invalidNumberToDialMessage":{"_":"Broj telefona kojeg zovete nije ispravan."},"unableToCallTitle":{"_":"Trenutno nije moguće uspostaviti poziv"},"unableToCallMessage":{"_":"Nije moguće uspostaviti poziv. Ako već birate broj, molim otkažite poziv."},"otherConnectionInUseTitle":{"_":"Other connection in use"},"otherConnectionInUseMessage":{"_":"You have an active call on another connection. You can only use one connection at a time."},"add":{"_":"Dodaj"},"back":{"_":"Natrag"},"call":{"_":"Zovi"},"edit":{"_":"Uredo"},"cancel":{"_":"Otkaži"},"done":{"_":"Gotovo"},"ok":{"_":"U redu"},"update":{"_":"Užuriraj"},"retry":{"_":"Pokušaj ponovno"},"contacts":{"_":"Kontakti"},"addContact":{"_":"Dodaj kontakt"},"deleteContact":{"_":"Obriši kontakt"},"selectContact":{"_":"Odaberi kontakt"},"selectAll":{"_":"Označi sve"},"deselectAll":{"_":"Poništi odabir"},"editContact":{"_":"Uredi kontakt"},"deleteConfirmMsg":{"_":"Obrisati kontakt?"},"remove":{"_":"Ukloni"},"comments":{"_":"Komentari"},"no_contact_phones":{"_":"Ovaj kontakt nema broj telefona"},"no_contact_email":{"_":"Ovaj kontakt nema adresu e-pošte"},"removePhotoConfirm":{"_":"Ukloniti sliku kontakta?"},"loadingContacts":{"_":"Učitavanje kontakata…"},"noContactsActivity":{"_":"Nije moguće dodati kontakt jer je vaš popis kontakata prazan"},"noName":{"_":"Nema imena"},"givenName":{"placeholder":"Ime"},"familyName":{"placeholder":"Prezime"},"tel":{"placeholder":"Telefon"},"carrier":{"_":"Operater","placeholder":"Operater"},"separator":{"_":","},"email":{"_":"E-pošta","placeholder":"E-pošta"},"streetAddress":{"placeholder":"Ulica"},"postalCode":{"placeholder":"Poštanski broj"},"locality":{"placeholder":"Grad"},"countryName":{"placeholder":"Država"},"comment":{"placeholder":"Komentar"},"org":{"placeholder":"Tvrtka"},"custom":{"placeholder":"Prilagođeno","_":"Prilagođena oznaka"},"date":{"_":"Date","placeholder":"Date"},"birthday":{"_":"Rođendan"},"dateFormat":{"_":"%B %e"},"dateOutput":{"_":"{{dayMonthFormatted}} {{year}}"},"anniversary":{"_":"Anniversary"},"addPhoto":{"_":"Dodaj sliku"},"addPhone":{"_":"Dodaj telefon"},"addEmail":{"_":"Dodaj e-poštu"},"addAddress":{"_":"Dodaj adresu"},"addDate":{"_":"Add Date"},"addComment":{"_":"Dodaj komentar"},"addFavorite":{"_":"Dodaj kao favorita"},"removeFavorite":{"_":"Ukloni iz favorita"},"label":{"_":"Naslov"},"mobile":{"_":"Mobitel"},"home":{"_":"Kuća"},"work":{"_":"Posao"},"personal":{"_":"Osobno"},"faxHome":{"_":"Kućni faks"},"faxOffice":{"_":"Uredski faks"},"faxOther":{"_":"Drugi faks"},"another":{"_":"Drugo"},"other":{"_":"Other"},"current":{"_":"Current"},"itemWithLabel":{"_":"{{label}}, {{item}}"},"exit":{"_":"Izlaz"},"expand":{"_":"Proširi"},"labelName":{"_":"Ime:"},"labelLastName":{"_":"Prezime:"},"labelPhoneNumber":{"_":"Telefon:"},"labelCarrier":{"_":"Operater:"},"labelEmail":{"_":"E-pošta:"},"labelStreet":{"_":"Ulica:"},"labelZip":{"_":"Poštanski broj:"},"labelCity":{"_":"Grad:"},"labelCountry":{"_":"Država:"},"labelComment":{"_":"Komentar:"},"legendTitleMain":{"_":"Glavne informacije"},"legendPhones":{"_":"Brojevi telefona"},"legendEmail":{"_":"Adrese e-pošte"},"legendAddress":{"_":"Adrese"},"settings":{"_":"Postavke"},"search-contact":{"placeholder":"Traži"},"noResults":{"_":"Nema pronađenih kontakata"},"transferContactsTitle":{"_":"Transfer kontakte"},"importContactsTitle":{"_":"Import Contacts"},"importContactsButton":{"_":"Import Contacts"},"exportContactsTitle":{"_":"Export Contacts"},"exportContactsButton":{"_":"Export Contacts"},"exportContactsAction":{"_":"Izvoz"},"simExport-title":{"_":"Izvoz na SIM"},"sdExport-title":{"_":"Izvoz na SD karticu"},"btExport-title":{"_":"Izvoz putem Bluetootha"},"sdUMSEnabled":{"_":"Memorijska kartica nije dostupna jer je uključeno USB spremište"},"exportErrorTitle":{"_":"Greška izvoza"},"contactsExported2":{"_":"{[ plural(exported) ]}","_[zero]":"Nema izvezenih kontakata","_[one]":"{{exported}}/{{total}} kontakt izvezen","_[two]":"{{exported}}/{{total}} kontakta izvezena","_[few]":"{{exported}}/{{total}} kontakata izvezeno","_[many]":"{{exported}}/{{total}} kontakata izvezeno","_[other]":"{{exported}}/{{total}} kontakata izvezeno"},"exportError-general":{"_":"Došlo je do greške pri izvozu"},"exportError-SD-shared":{"_":"Can’t access memory card because it’s shared"},"exportError-SD-unavailable":{"_":"Memorijska kartica nije dostupna"},"exportError-SD-noSpace":{"_":"There’s not enough space on the memory card to export the contacts"},"exportError-SIM-unavailable":{"_":"SIM kartica nije dostupna"},"exportError-BT-shared":{"_":"Can’t access memory card because it’s shared"},"exportError-BT-unavailable":{"_":"Memorijska kartica nije dostupna"},"exportError-BT-noSpace":{"_":"There’s not enough space on the memory card to export the contacts"},"simContacts-import":{"_":"Uvoz kontakta sa SIM kartice"},"simContacts-importing":{"_":"Uvoz SIM kontakata…"},"simContacts-reading":{"_":"Čitanje sa SIM kartice…"},"simContacts-error":{"_":"Nije moguće uvesti kontakte sa SIM kartice"},"simContacts-imported3":{"_":"{[ plural(n) ]}","_[zero]":"Nisu pronađeni kontakti prilikom uvoza sa SIM kartice","_[one]":"Uvezen je jedan kontakt","_[two]":"Uvezena su {{n}} kontakta","_[few]":"Uvezeno je {{n}} kontakata","_[many]":"Uvezeno je mnogo {{n}} kontakata","_[other]":"Uvezeno je {{n}} kontakata"},"noSimMsg":{"_":"Da biste uvezli kontakte, umetnite ili otključajte svoju SIM karticu"},"noSimMsgExport":{"_":"Da biste izvezli kontakte, umetnite ili otključajte svoju SIM karticu"},"simNumber":{"_":"SIM {{number}}"},"memoryCardContacts-import":{"_":"Uvoz kontakata s memorijske kartice "},"memoryCardContacts-importing":{"_":"Uvoz kontakata s memorijske kartice…"},"memoryCardContacts-reading":{"_":"Čitam s memorijske kartice…"},"memoryCardContacts-error":{"_":"Neuspješan uvoz kontakata s kartice"},"memoryCardContacts-imported3":{"_":"{[ plural(n) ]}","_[zero]":"Na memorijskoj kartici nisu pronađeni kontakti","_[one]":"Uvezen jedan kontakt","_[two]":"Uvezena su {{n}} kontakta","_[few]":"Uvezeno je {{n}} kontakata","_[many]":"Uvezeno je {{n}} kontakata","_[other]":"Uvezeno je {{n}} kontakata"},"noMemoryCardMsg":{"_":"Da biste uvezli kontakte umetnite memorijsku karticu"},"noMemoryCardMsgExport":{"_":"Da biste izvezli kontakte umetnite memorijsku karticu"},"genericProgress":{"_":"{{current}}/{{total}}"},"social-network":{"_":"Društvene mreže"},"social-link":{"_":"Poveži kontakt"},"social-unlink":{"_":"Odspoji kontakt"},"social-unlink-confirm-title":{"_":"Želite li odspojiti svojeg prijatelja/icu?"},"social-unlink-confirm-accept":{"_":"Odspoji"},"facebook-import":{"_":"Uvezi prijatelje s Facebooka"},"show-fb-profile":{"_":"Prikaži Facebook profil"},"msg-send":{"_":"Poruka"},"wall-post":{"_":"Poruka na zidu"},"facebook":{"_":"Facebook"},"facebook-import-msg":{"_":"{[ plural(imported) ]}","_[zero]":"Nema uvezenih prijatelja (od ukupno {{total}})","_[one]":"Uvezen je jedan prijatelj (od ukupno {{total}})","_[two]":"{{imported}}/{{total}} prijatelja uvezeno","_[few]":"{{imported}}/{{total}} prijatelja uvezeno","_[many]":"{{imported}}/{{total}} prijatelja uvezeno","_[other]":"{{imported}}/{{total}} prijatelja uvezeno"},"otherAccount":{"_":"Ostali računi"},"facebookSwitchMsg":{"_":"Sinkr. prijatelje"},"select_mobile":{"_":"Odaberi mobitel"},"select_email":{"_":"Odaberi e-poštu"},"contactsOrderBy":{"_":"Poredaj po prezimenu"},"importSim2":{"_":"SIM kartica"},"importMemoryCard":{"_":"Memorijska kartica"},"importGmail":{"_":"Gmail"},"bluetooth":{"_":"Bluetooth"},"importOutlook":{"_":"Outlook"},"fbUpdateFriends":{"_":"Ažuriraj uvezene prijatelje"},"cleaningFbData":{"_":"Uklanjanje Facebook podataka"},"loggingOutFb":{"_":"Odjava s Facebooka"},"cleanFbConfirmMsg":{"_":"Ukloni sve Facebook podatke?"},"renewPwdMsg":{"_":"Vaša Facebook lozinka se promijenila. Molim, ažurirajte je."},"noConnection11":{"_":"Da biste uvezli Facebook prijatelje ili kontakte, povežite se na Wi-Fi ili podatkovnu mrežu"},"notEnabledYet":{"_":"Još nije omogućeno"},"genericNoConnection":{"_":"Da biste uvezli kontakte, povežite se na Wi-Fi ili podatkovnu vezu"},"simCard":{"_":"SIM kartica"},"memoryCard":{"_":"Memorijska kartica"},"create-new":{"_":"Stvori novi kontakt"},"import-now":{"_":"Uvezite svoje kontakte sa SIM kartice ili Facebooka"},"no-contacts":{"_":"Nema kontakata"},"start-adding":{"_":"Dodajte ih sada"},"notImported":{"_":"Nisu uvezeni"},"imported":{"_":"Uvezeni"},"today":{"_":"Danas"},"yesterday":{"_":"Jučer"},"messageCanceling":{"_":"Trenutna operacija se otkazuje. Molim pričekajte."},"organise-contacts":{"_":"Organizirajte kontakte"},"find-merge-contacts":{"_":"Pronađite duplicirane kontakte"},"preparing-contacts":{"_":"Priprema kontakata"},"exportError-SIM-NoFreeRecordFound":{"_":"SIM kartica je puna"},"exportError-SIM-CannotAccessPhoneBook":{"_":"Ne mogu pristupiti imeniku na SIM kartici"},"exportError-SIM-Unavailable":{"_":"Nema SIM kartice"},"exportError-SIM-GenericError":{"_":"Tijekom izvoza kontakata došlo je do greške"},"birthdayDateFormat":{"_":"%e %B"},"pincode2":{"_":"Upišite PIN"},"type_pin":{"_":"Upište svoj PIN"},"pincodeLabel":{"_":"SIM {{n}} PIN"},"pinValidation":{"_":"PIN mora imati 4-8 znamenki."},"pinError":{"_":"PIN nije bio ispravan."},"pinAttemptMsg2":{"_":"{[ plural(n) ]}","_[one]":"Posljednji pokušaj.","_[two]":"Preostala su {{n}} pokušaja za unos ispravnog PIN-a prije zaključavanja SIM kartice.","_[few]":"{{n}} preostalih pokušaja.","_[many]":"{{n}} preostalih pokušaja.","_[other]":"{{n}} preostalih pokušaja."},"pinLastChanceMsg":{"_":"Ovo je posljednja prilika za unos ispravnog PIN-a, u suprotnome ćete trebati upisati PUK kôd ove SIM kartice."},"pukcode":{"_":"Upišite PUK kôd"},"pukcodeTitle":{"_":"Unesite SIM {{n}} PUK"},"pukcodeLabel":{"_":"SIM {{n}} PUK"},"type_puk":{"_":"PUK kôd"},"pukValidation":{"_":"PUK kôd mora imati točno 8 znakova."},"pukInfo":{"_":"Morate upisati osobni ključ za otključavanje (PUK kôd) za SIM karticu. Za detalje se konzultirajte s dokumentacijom SIM kartice ili kontaktirajte pružatelja usluge."},"pukError":{"_":"Morate upisati PUK (Personal Unlocking Key) ove SIM kartice. Konzultirajte se s dokumentacijom SIM kartice ili kontaktirajte pružatelja usluge za pomoć."},"pukAttemptMsg2":{"_":"{[ plural(n) ]}","_[one]":"Imate još jedan pokušaj za unos ispravnog kôda prije nego što SIM kartica postane trajno neupotrebljiva. Za detalje se konzultirajte s dokumentacijom SIM kartice ili kontaktirajte pružatelja usluge.","_[two]":"Imate još {{n}} pokušaja za unos ispravnog kôda prije nego što SIM kartica postane trajno neupotrebljiva. Za detalje se konzultirajte s dokumentacijom SIM kartice ili kontaktirajte pružatelja usluge.","_[few]":"Imate još {{n}} pokušaja za unos ispravnog kôda prije nego što SIM kartica postane trajno neupotrebljiva. Za detalje se konzultirajte s dokumentacijom SIM kartice ili kontaktirajte pružatelja usluge.","_[many]":"Imate još {{n}} pokušaja za unos ispravnog kôda prije nego što SIM kartica postane trajno neupotrebljiva. Za detalje se konzultirajte s dokumentacijom SIM kartice ili kontaktirajte pružatelja usluge.","_[other]":"Imate još {{n}} pokušaja za unos ispravnog kôda prije nego što SIM kartica postane trajno neupotrebljiva. Za detalje se konzultirajte s dokumentacijom SIM kartice ili kontaktirajte pružatelja usluge."},"pukLastChanceMsg":{"_":"Ovo je posljednja prilika za unos ispravnog PUK kôda. Ako upišete netočan kôd, vaša će SIM kartica postati trajno neupotrebljiva."},"create_newpin":{"_":"Stvori novi PIN (4-8 znamenki)"},"confirm_newpin":{"_":"Potvrdite novi PIN"},"newpinConfirmation":{"_":"PIN-ovi se ne podudaraju"},"nckcode":{"_":"Unesite NCK kôd"},"cckcode":{"_":"Unesite CCK kôd"},"spckcode":{"_":"Unesite SPCK kôd"},"nckcodeTitle":{"_":"Unesite SIM {{n}} NCK"},"cckcodeTitle":{"_":"Unesite SIM {{n}} CCK"},"spckcodeTitle":{"_":"Unesite SIM {{n}} SPCK"},"nckcodeLabel":{"_":"SIM {{n}} NCK"},"cckcodeLabel":{"_":"SIM {{n}} CCK"},"spckcodeLabel":{"_":"SIM {{n}} SPCK"},"type_nck":{"_":"Upišite svoj NCK kôd"},"type_cck":{"_":"Upišite svoj CCK kôd"},"type_spck":{"_":"Upišite svoj SPCK kôd"},"nckValidation":{"_":"NCK kôd mora imati između 8 i 16 znakova."},"cckValidation":{"_":"CCK kôd mora imati između 8 i 16 znakova."},"spckValidation":{"_":"SPCK kôd mora imati između 8 i 16 znakova."},"nckErrorMsg":{"_":"NCK kôd je netočan."},"nckAttemptMsg2":{"_":"{[ plural(n) ]}","_[one]":"Zahtjev za otključavanje vašeg uređaja je bio neuspješan. Preostao vam je jedan pokušaj za unos ispravnog kôda. Proučite dokumentaciju koja je došla s Vašim uređajem te konaktirajte Vašeg pružatelja usluga za više informacija.","_[two]":"Zahtjev za otključavanje vašeg uređaja je bio neuspješan. Preostao vam je {{n}} pokušaja za unos ispravnog kôda. Proučite dokumentaciju koja je došla s Vašim uređajem te konaktirajte Vašeg pružatelja usluga za više informacija.","_[few]":"Zahtjev za otključavanje vašeg uređaja je bio neuspješan. Preostao vam je {{n}} pokušaja za unos ispravnog kôda. Proučite dokumentaciju koja je došla s Vašim uređajem te konaktirajte Vašeg pružatelja usluga za više informacija.","_[many]":"Zahtjev za otključavanje vašeg uređaja je bio neuspješan. Preostao vam je {{n}} pokušaja za unos ispravnog kôda. Proučite dokumentaciju koja je došla s Vašim uređajem te konaktirajte Vašeg pružatelja usluga za više informacija.","_[other]":"Zahtjev za otključavanje vašeg uređaja je bio neuspješan. Preostao vam je {{n}} pokušaja za unos ispravnog kôda. Proučite dokumentaciju koja je došla s Vašim uređajem te konaktirajte Vašeg pružatelja usluga za više informacija."},"nckLastChanceMsg":{"_":"Zahtjev za otključavanje vašeg uređaja je bio neuspješan. Ovo je posljednji pokušaj za unos ispravnog kôda. Proučite dokumentaciju koja je došla s Vašim uređajem te konaktirajte Vašeg pružatelja usluga za više informacija."},"skip":{"_":"Preskoči"},"send":{"_":"Pošalji"},"simLocked":{"_":"SIM kartica je zaključana"},"inputCodeRetriesLeft":{"_":"{[ plural(n) ]}","_[one]":"Last try.","_[two]":"preostala {{n}} pokušaja.","_[few]":"preostalo {{n}} pokušaja.","_[many]":"preostalo {{n}} pokušaja.","_[other]":"preostalo {{n}} pokušaja."},"simManager":{"_":"SIM upravitelj"},"simDetail":{"_":"SIM {{n}}"},"simDefault":{"_":"(uobičajena postavka)"},"simDefaultMessage":{"_":"Outgoing calls, outgoing messages and data connection are set to SIM 1 as default"},"simSettingsMessage":{"_":"You can change default settings at Settings > SIM manager"},"simPinLocked":{"_":"SIM PIN zaključan"},"noOperator":{"_":"Nema operatera"},"language":{"_":"Jezik"},"english":{"_":"Engleski"},"dvorak":{"_":"Enggleski (Dvorak)"},"spanish":{"_":"Španjolski"},"portuguese":{"_":"Brazilski portugalski"},"french":{"_":"Francuski"},"italian":{"_":"Talijanski"},"arabic":{"_":"Arapski"},"greek":{"_":"Grčki"},"hebrew":{"_":"Hebrejski"},"jp-kanji":{"_":"Japanski"},"jp-kanji-desc":{"_":"Kanji"},"traditionalChinese":{"_":"Tradicionalno kinesko pismo"},"traditionalChinese-desc":{"_":"Zhuyin"},"simplifiedChinese":{"_":"Pojednostavljeno kinesko pismo"},"simplifiedChinese-desc":{"_":"Pinyin"},"3g":{"_":"Podatkovna veza"},"dataConnection":{"_":"Omogući pod. vezu"},"dataConnectionInfo":{"_":"Omogućavanje podatkovne veze će vam dopustiti podešavanje uređaja bez Wi-Fi veze. Aktivaciju možete obaviti kasnije u postavkama. Da biste izbjegli neželjene troškove, provjerite da vam je pružatelj usluge omogućio podatkovnu tarifu."},"caution":{"_":"Upozorenje"},"geolocation":{"_":"Geolokacija"},"geolocationCheckbox":{"_":"Omogući geolociranje"},"geolocationInfo2":{"_":"{{brandShortName}} koristi podatke iz izvora kao što su GPS, WiFi te mobilne mreže u vašoj blizini kako bi uspješno odredi Vašu približnu lokaciju."},"geolocationInfoMore":{"_":"Podaci se šalju Mozilli, te drugim pružateljima usluga i bit će korišteni uz druge prikupljene podatke za poboljšanje geolokacijskih baza podataka. Podaci mogu biti pohranjeni na vaš uređaj, prikupljanje podataka se može dogoditi i kada aplikacije ne rade."},"notice":{"_":"Obavijest"},"aboutYourPrivacy":{"_":"Više o Vašoj privatnosti"},"wifi":{"_":"Wi-Fi"},"scanningNetworks":{"_":"Tražim mreže"},"selectNetwork":{"_":"Odaberite mrežu"},"shortStatus-connecting":{"_":"Povezivanje…"},"shortStatus-associated":{"_":"Prikupljanje IP adrese…"},"shortStatus-connected":{"_":"Povezano"},"shortStatus-connectingfailed":{"_":"Povezivanje nije uspjelo"},"shortStatus-disconnected":{"_":"Izvamrežno"},"securedBy":{"_":"osigurano sa {{capabilities}}"},"security":{"_":"Sigurnost"},"securityNone":{"_":"Ništa"},"securityWEP":{"_":"WEP"},"securityWPA-PSK":{"_":"WPA-PSK"},"securityWPA-EAP":{"_":"WPA-EAP"},"securityOpen":{"_":"Otvoreno"},"identity":{"_":"Korisnik"},"identityInput":{"placeholder":"Korisnik"},"password":{"_":"Lozinka"},"passwordInput":{"placeholder":"Lozinka"},"showPassword":{"_":"Prikaži lozinku"},"refresh":{"_":"Osvježi"},"noWifiFound3":{"_":"Nema pronađenih bežičnih mreža"},"join-hidden-button":{"_":"Skrivena mreža"},"authentication":{"_":"Authentication"},"ssid-name":{"_":"SSID naziv mreže"},"dateAndTime":{"_":"Datum i vrijeme"},"setTimeAutomatically":{"_":"Postavi automatski"},"timezoneMessage":{"_":"Vremenska zona"},"timezoneTitle":{"_":"UTC{{utcOffset}} {{region}}/{{city}}"},"dateMessage":{"_":"Datum"},"timeMessage":{"_":"Vrijeme"},"timeZone":{"_":"Vremenska zona"},"change":{"_":"Promijeni"},"importContacts3":{"_":"Uvezite kontakte"},"importFb2":{"_":"Facebooka"},"fb-checking":{"_":"… provjera"},"notImportedYet":{"_":"Još nisu uvezeni"},"afterFbImport":{"_":"U postavkama kontakata možete u bilo kojem trenutku uvesti i uređivati svoje Facebook prijatelje"},"about-your-rights-0":{"_":"{{brandShortName}} je izradila globalna zajednica na temelju slobodnog softvera otvorenog kôda. Postoji nekoliko stvari koje trebate znati:"},"about-your-rights-1":{"_":"{{brandShortName}} je dostupan pod uvjetima nekoliko licenci otvorenog kôda uključujući Mozillinu javnu licencu. Uređaj koji pokreće {{brandShortName}} može sadržavati vlasnički softver od trećih strana. Bilo koji dio kôda objavljen pod licencom otvorenog kôda daje vam pravo modifikacije izvornog kôda i daljnju distribuciju izmijenjenih verzija sve dok se pridržavate njihovih uvjeta."},"about-your-rights-2":{"_":"Nisu vam odobrena bilo kakva prava ili licence koje se odnose na zaštitni znak Mozilla fundacije ili trećih strana, uključujući {{brandShortName}} naziv ili logotip."},"about-your-rights-3":{"_":"Neke mogućnosti u {{brandShortName}}, poput Crash Reportera, nude vam mogućnost slanja povratnih informacija Mozilli. Odabirom slanja povratnih informacija, Mozilli dajete dopuštenje za korištenje povratnih informacija za unaprijeđenje njezinih proizvoda, objavu povratnih informacija na njezinim web stranicama i distribuciju povratnih informacija."},"about-other":{"_":"Other"},"SIM_mandatory":{"_":"Upozorenje SIM kartice"},"SIM_mandatory_warm":{"_":"Molim umetnice SIM karticu i ponovno uključite svoj telefon."},"sharing-performance-data":{"_":"Dijeljenje podataka o performansama"},"telemetry-sends":{"_":"Telemetry šalje Mozilli informacije o performansama, hardveru, konfiguraciji i vašim prilagodbama na {{brandShortName}} uređaji. Ove informacije koristimo da bismo unaprijedili naše proizvode, učinili ih bržima, boljima i responsivnijima."},"learn-more-at":{"_":"Saznajte više na"},"external-telemetry":{"title":"Telemetrija"},"learn-about-information":{"_":"Saznajte kako Mozilla koristi vaše informacije na"},"external-privacy":{"title":"Privatnost"},"welcomeBrowser":{"_":"Dobrodošli u {{brandShortName}}, Mozillin slobodan operativni sustav otvorenog kôda. Naša misija je promicanje otvorenost, inovacija i prilika na način da snagu Weba postavimo u vaše ruke."},"learnHow":{"_":"Saznajte kako Mozilla koristi vaše informacije u našoj"},"privacyPolicy":{"_":"politici privatnosti","title":"Politika provatnosti"},"aboutBrowser":{"_":"O {{brandShortName}}"},"aboutYourPrivacy2":{"_":"Vaša privatnost"},"mozillaCommunity2":{"_":"Kada koristite {{brandShortName}}, postajete dijelom globalne zajednice koja pomaže stvoriti bolju budućnost za Web. Ako želite saznati više o Mozillinoj zajednici, našim ostalim proizvodima i događajima u vašoj blizini, molim upišite svoju adresu e-pošte."},"collaborate":{"_":"Želim pomoći unaprijediti {{brandShortName}} dijeljenjem podataka o mojem uređaju."},"learnMore":{"_":"Saznajte više."},"emailAddress":{"placeholder":"Adresa e-pošte"},"email-successfully-added":{"_":"E-pošta uspješno dodana"},"email-loading":{"_":"Spremanje vaše e-pošte…"},"browserPrivacyChoices":{"_":"{{brandShortName}} opcije privatnosti"},"privacy-b2g":{"_":"{{brandShortName}}","title":"{{brandShortName}}"},"privacy-marketplace":{"_":"Trgovina","title":"{{privacy-marketplace}}"},"privacy-e-me":{"_":"everything.me","title":"{{privacy-e-me}}"},"navbar-back":{"_":"Natrag"},"navbar-next":{"_":"Naprijed"},"navbar-join":{"_":"Pridruži se"},"thatsIt":{"_":"That’s it!"},"startYourPhone":{"_":"Započnite obilazak vašeg telefona!"},"startYourTablet":{"_":"Započnite obilazak vašeg tableta!"},"joinTutorial":{"_":"Pridružite nam se u brzoj vodiču o vašem novom telefonu."},"enjoyYourPhone":{"_":"You’re ready to enjoy your new phone."},"optionsAvailable":{"_":"U postavkama možete promijeniti jezik, datum/vrijeme i Wi-Fi postavke."},"letsGo":{"_":"Let’s go"},"startTour":{"_":"Započni obilazak"},"thatsIt1Tablet-2":{"_":"You can always swipe from the bottom edge to enter home screen."},"thatsIt2Tablet-2":{"_":"Let's do it !"},"tutorial-step1-tiny":{"_":"Kliznite od desna na lijevo da biste pretražili vaše aplikacije."},"tutorial-step2-tiny":{"_":"Pritisnite i držite ikonu da biste je obrisali ili pomaknuli."},"tutorial-step3-tiny":{"_":"Unesite bilo koju riječ ili pojam i vaš telefon će se instantno prilagoditi."},"tutorial-step4-tiny":{"_":"Kliznite prema dolje da biste pristupili obavijestima i postavkama."},"tutorial-step5-tiny":{"_":"Kliknite i zadržite home gumb da biste pretražili i zatvorili trenutne aplikacije"},"tutorial-step6-tiny":{"_":"Swipe from the side of the screen to move back and forth between recent apps."},"tutorial-step1-large-2":{"_":"Kliznite od vrha prema dolje da biste pristupili obavijestima, informacijama i postavkama"},"tutorial-step2-large-2":{"_":"Swipe left or right to discover new apps on home screen."},"tutorial-step3-large-2":{"_":"Tap and hold on an icon to delete or move it."},"tutorial-step4-large-2":{"_":"Two fingers swipe up from the bottom edge to trigger card view."},"offline-dialog-title":{"_":"Da biste vidjeli stranicu, morate biti povezani na Internet."},"offline-dialog-text":{"_":"Molim vratite se natrag i povežite se na Internet. Stranicu možete također vidjeti kasnije iz postavki ili upisivanjem adrese {{url}} u bilo koji preglednik."},"OK":{"_":"U redu"},"offline-newsletter-dialog-title":{"_":"Da biste se mogli pretplatiti na newsletter, trebate biti povezani na Internet."},"offline-newsletter-dialog-text":{"_":"Molim vratite se natrag i povežite se na Internet."},"invalid-email-dialog-title":{"_":"Adresa vaše e-pošte nije ispravna"},"invalid-email-dialog-text":{"_":"Molim vratite se i ispravite svoj unos."},"weekday-0-long":{"_":"Nedjelja"},"weekday-1-long":{"_":"Ponedjeljak"},"weekday-2-long":{"_":"Utorak"},"weekday-3-long":{"_":"Srijeda"},"weekday-4-long":{"_":"Četvrtak"},"weekday-5-long":{"_":"Petak"},"weekday-6-long":{"_":"Subota"},"weekday-0-short":{"_":"Ned"},"weekday-1-short":{"_":"Pon"},"weekday-2-short":{"_":"Uto"},"weekday-3-short":{"_":"Sri"},"weekday-4-short":{"_":"Čet"},"weekday-5-short":{"_":"Pet"},"weekday-6-short":{"_":"Sub"},"month-0-long":{"_":"Siječanj"},"month-1-long":{"_":"Veljača"},"month-2-long":{"_":"Ožujak"},"month-3-long":{"_":"Travanj"},"month-4-long":{"_":"Svibanj"},"month-5-long":{"_":"Lipanj"},"month-6-long":{"_":"Srpanj"},"month-7-long":{"_":"Kolovoz"},"month-8-long":{"_":"Rujan"},"month-9-long":{"_":"Listopad"},"month-10-long":{"_":"Studeni"},"month-11-long":{"_":"Prosinac"},"month-0-genitive":{"_":"Siječnja"},"month-1-genitive":{"_":"Veljače"},"month-2-genitive":{"_":"Ožujka"},"month-3-genitive":{"_":"Travnja"},"month-4-genitive":{"_":"Svibnja"},"month-5-genitive":{"_":"Lipnja"},"month-6-genitive":{"_":"Srpnja"},"month-7-genitive":{"_":"Kolovoza"},"month-8-genitive":{"_":"Rujna"},"month-9-genitive":{"_":"Listopada"},"month-10-genitive":{"_":"Studenoga"},"month-11-genitive":{"_":"Prosinca"},"month-0-short":{"_":"Sij"},"month-1-short":{"_":"Velj"},"month-2-short":{"_":"Ožu"},"month-3-short":{"_":"Tra"},"month-4-short":{"_":"Svi"},"month-5-short":{"_":"Lip"},"month-6-short":{"_":"Srp"},"month-7-short":{"_":"Kol"},"month-8-short":{"_":"Ruj"},"month-9-short":{"_":"Lis"},"month-10-short":{"_":"Stu"},"month-11-short":{"_":"Pro"},"minutes-ago-long":{"_":"{[ plural(value) ]}","_[zero]":"upravo","_[one]":"prije minutu","_[two]":"prije {{value}} minute","_[few]":"prije {{value}} minutes","_[many]":"prije {{value}} minuta","_[other]":"prije {{value}} minuta"},"hours-ago-long":{"_":"{[ plural(value) ]}","_[zero]":"upravo","_[one]":"prije sat vremena","_[two]":"prije {{value}} sata","_[few]":"prije {{value}} sati","_[many]":"prije {{value}} sati","_[other]":"prije {{value}} sati"},"days-ago-long":{"_":"{[ plural(value) ]}","_[zero]":"danas","_[one]":"jučer","_[two]":"prije {{value}} dana","_[few]":"prije {{value}} dana","_[many]":"prije {{value}} dana","_[other]":"prije {{value}} dana"},"weeks-ago-long":{"_":"{[ plural(value) ]}","_[zero]":"ovaj tjedan","_[one]":"prošli tjedan","_[two]":"prije {{value}} tjedna","_[few]":"prije {{value}} tjedana","_[many]":"prije {{value}} tjedana","_[other]":"prije {{value}} tjedana"},"months-ago-long":{"_":"{[ plural(value) ]}","_[zero]":"ovaj mjesec","_[one]":"prošli mjesec","_[two]":"prije {{value}} mjeseca","_[few]":"prije {{value}} mjeseci","_[many]":"prije {{value}} mjeseci","_[other]":"prije {{value}} mjeseci"},"years-ago-long":{"_":"{[ plural(value) ]}","_[zero]":"ove godine","_[one]":"prošle godine","_[two]":"prije {{value}} godine","_[few]":"prije {{value}} godina","_[many]":"prije {{value}} godina","_[other]":"prije {{value}} godina"},"minutes-until-long":{"_":"{[ plural(value) ]}","_[zero]":"upravo","_[one]":"za minutu","_[two]":"za {{value}} minute","_[few]":"za {{value}} minuta","_[many]":"za {{value}} minuta","_[other]":"za {{value}} minuta"},"hours-until-long":{"_":"{[ plural(value) ]}","_[zero]":"upravo","_[one]":"za sat vremena","_[two]":"za {{value}} sata","_[few]":"za {{value}} sati","_[many]":"za {{value}} sati","_[other]":"za {{value}} sati"},"days-until-long":{"_":"{[ plural(value) ]}","_[zero]":"danas","_[one]":"sutra","_[two]":"za {{value}} dana","_[few]":"za {{value}} dana","_[many]":"za {{value}} dana","_[other]":"za {{value}} dana"},"weeks-until-long":{"_":"{[ plural(value) ]}","_[zero]":"ovaj tjedan","_[one]":"idući tjedan","_[two]":"za {{value}} tjedna","_[few]":"za {{value}} tjedana","_[many]":"za {{value}} tjedana","_[other]":"za {{value}} tjedana"},"months-until-long":{"_":"{[ plural(value) ]}","_[zero]":"ovaj mjesec","_[one]":"idući mjesec","_[two]":"za {{value}} mjeseca","_[few]":"za {{value}} mjeseci","_[many]":"za {{value}} mjeseci","_[other]":"za {{value}} mjeseci"},"years-until-long":{"_":"{[ plural(value) ]}","_[zero]":"ove godine","_[one]":"iduće godine","_[two]":"za {{value}} godine","_[few]":"za {{value}} godina","_[many]":"za {{value}} godina","_[other]":"za {{value}} godina"},"minutes-ago-short":{"_":"{[ plural(value) ]}","_[zero]":"upravo","_[other]":"prije {{value}}m"},"hours-ago-short":{"_":"{[ plural(value) ]}","_[zero]":"upravo","_[other]":"prije {{value}}s"},"days-ago-short":{"_":"{[ plural(value) ]}","_[zero]":"danas","_[other]":"prije {{value}}d"},"minutes-until-short":{"_":"{[ plural(value) ]}","_[zero]":"sada","_[other]":"za {{value}}m"},"hours-until-short":{"_":"{[ plural(value) ]}","_[zero]":"sada","_[other]":"za {{value}}s"},"days-until-short":{"_":"{[ plural(value) ]}","_[zero]":"danas","_[other]":"za {{value}}d"},"incorrectDate":{"_":"(netočan datum)"},"dateTimeFormat_%c":{"_":"%a %e %b %Y %H:%M:%S"},"dateTimeFormat_%x":{"_":"%d.%m.%Y"},"dateTimeFormat_%X":{"_":"%H:%M:%S"},"shortTimeFormat":{"_":"%H:%M"},"shortDateTimeFormat":{"_":"%x %H:%M"},"weekStartsOnMonday":{"_":"1"},"time_am":{"_":"AM"},"time_pm":{"_":"PM"},"tz-region":{"_":"Regija"},"tz-city":{"_":"Grad"},"tzRegion-Africa":{"_":"Afrika"},"tzRegion-America":{"_":"Amerika"},"tzRegion-Antarctica":{"_":"Antarktika"},"tzRegion-Asia":{"_":"Azija"},"tzRegion-Atlantic":{"_":"Atlantski ocean"},"tzRegion-Australia":{"_":"Australija"},"tzRegion-Europe":{"_":"Europa"},"tzRegion-Indian":{"_":"Indijski ocean"},"tzRegion-Pacific":{"_":"Tihi ocean"},"close":{"_":"Zatvori"},"import":{"_":"Uvezi"},"fbFriends":{"_":"Facebook prijatelji"},"live-serviceName":{"_":"Windows Live"},"gmail-serviceName":{"_":"Gmail"},"facebook-serviceName":{"_":"Facebook prijatelji"},"viewAll":{"_":"Prikaži sve Facebook prijatelje"},"viewRecommend":{"_":"Prikaži samo preporučene"},"linkProposal":{"_":"{[ plural(numFriends) ]}","_[zero]":"Nema prijatelja koji se podudaraju. Prikazuju se svi","_[one]":"Odaberi preporučenog prijatelja","_[two]":"Odaberi preporučene","_[few]":"Odaberi preporučene","_[many]":"Odaberi preporučene","_[other]":"Odaberi preporučene"},"fbFriendsFound":{"_":"{[ plural(numFriends) ]}","_[zero]":"Svi vaši prijatelji su uvezeni","_[one]":"Pronađen je jedan prijatelj za uvoz","_[two]":"Pronađena su {{numFriends}} prijatelja za uvoz","_[few]":"Pronađeno je {{numFriends}} prijatelja za uvoz","_[many]":"Pronađeno je {{numFriends}} prijatelja za uvoz","_[other]":"Pronađeno je {{numFriends}} prijatelja za uvoz"},"done-search":{"_":"Gotovo"},"progressFB3ImportTitle":{"_":"Uvoz prijatelja iz kontakata"},"progressFB":{"_":"{{current}}/{{total}}"},"progressFB3UpdateTitle":{"_":"Ažuriranje prijatelja u kontaktima"},"message2":{"_":"Ovo može potrajati nekoliko minuta"},"messageLinking":{"_":"Molim pričekajte. Povezujemo vašeg prijatelja i kontakta."},"error1":{"_":"Greška {{from}}"},"error2":{"_":"Želite li pokušati ponovno?"},"errorProposal":{"_":"računanja prijedloga"},"errorFriends":{"_":"preuzimanja prijatelja"},"errorLinking":{"_":"povezivanja kontakta"},"timeout1":{"_":"Isteklo je vrijeme za {{from}}"},"timeout2":{"_":"Želite li pokušati ponovno?"},"timeoutProposal":{"_":"računanja prijedloga"},"timeoutFriends":{"_":"preuzimanje prijatelja"},"timeoutLinking":{"_":"povezivanje kontakta"},"wait1":{"_":"Molim pričekajte"},"wait2":{"_":"Ovo može potrajati nekoliko minuta"},"waitProposal":{"_":"Molim pričekajte. Računa se prijedlog."},"waitFriends":{"_":"Molim pričekajte. U tijeku je preuzimanje popisa prijatelja."},"curtainCancel":{"_":"Otkaži"},"curtainRetry":{"_":"Pokušaj ponovno"},"curtainOK":{"_":"U redu"},"connectionLost":{"_":"Nema Internet veze"},"connectionLostMsg":{"_":"Slike prijatelja neće biti dodane u vaše kontakte. Svejedno nastaviti?"},"yesOption":{"_":"U redu"},"noOption":{"_":"Otkaži"},"friendsUpdated":{"_":"{[ plural(numFriends) ]}","_[zero]":"Nema ažuriranih prijatelja","_[one]":"Ažuriran je jedan prijatelj","_[two]":"Ažurirana {{numFriends}} prijatelja","_[few]":"Ažurirano {{numFriends}} prijatelja","_[many]":"Ažurirano {{numFriends}} prijatelja","_[other]":"Ažurirano {{numFriends}} prijatelja"},"notificationLogin":{"_":"Vaša Facebook prijava je neispravna. Molim prijavite se."},"syncError":{"_":"There was an error synchronizing your friend’s data"},"addToExistingContact":{"_":"Dodaj postojećem kontaktu"},"all":{"_":"Svi"},"callLog":{"_":"Pozivi"},"connecting":{"_":"Povezivanje"},"cf-async":{"_":"Asinkrono: {{ async }}\n"},"cf-data":{"_":"Podaci: {{ data }}\n"},"cf-error":{"_":"Došlo je do greške prilikom preuzimanja statusa proslijeđivanja poziva"},"cf-fax":{"_":"FAKS: {{ fax }}\n"},"cf-inactive":{"_":"Neaktivno"},"cf-packet":{"_":"Paket: {{ packet }}\n"},"cf-pad":{"_":"PAD: {{ pad }}\n"},"cf-sms":{"_":"SMS: {{ sms }}\n"},"cf-status":{"_":"Status proslijeđivanja poziva\n"},"cf-sync":{"_":"Sinkrono: {{ sync }}\n"},"cf-voice":{"_":"Glas: {{ voice }}\n"},"confirm-deletion":{"_":"Obrisati odabrane pozive?"},"createNewContact":{"_":"Stvori novi kontakt"},"delete":{"_":"Obriši"},"edit-selected":{"_":"{[ plural(n) ]}","_[one]":"{{ n }} odabran","_[two]":"{{ n }} odabrana","_[few]":"{{ n }} odabrano","_[many]":"{{ n }} odabrano","_[other]":"{{ n }} odabrano"},"ignore":{"_":"Ignoriraj poziv"},"incoming":{"_":"Dolazni"},"missed":{"_":"Propušteni"},"missedCall":{"_":"Propušteni poziv"},"missedCallMultiSims":{"_":"(SIM {{ n }}) Missed call"},"mmi-error":{"_":"Došlo je do greške pri slanju poruke"},"mmi-session-expired":{"_":"Prijava istekla"},"mmi-successfully-sent":{"_":"Poruka uspješno poslana"},"no-logs-msg-1":{"_":"Nema zabilježenih poziva"},"no-logs-msg-2":{"_":"Započni komunicirati sada"},"no-logs-msg-3":{"_":"Nema propuštenih poziva"},"reply":{"_":"Odgovori"},"switch-calls":{"_":"Zamijeni pozive"},"withheld-number":{"_":"Skriveni broj"},"from-contact":{"_":"Od {{ contact }}"},"from-number":{"_":"Od {{ number }}"},"from-withheld-number":{"_":"Sa skrivenog broja"},"sending":{"_":"Slanje…"},"ussd-services":{"_":"{{ operator }} usluge"},"type-your-response":{"placeholder":"Upišite svoj odgovor…"},"clear-all-text":{"_":"Obriši sav tekst"},"hide":{"_":"Sakrij"},"hold":{"_":"Na čekanje"},"resume":{"_":"Nastavi"},"sendSms":{"_":"Pošalji poruku"},"callEnded":{"_":"Poziv završen"},"via-sim":{"_":"via SIM{{ n }}"},"sim-number":{"_":"SIM{{ n }}"},"hangup-a11y-button":{"aria-label":"Prekid poziva"},"pickup-a11y-button":{"aria-label":"Privaćanje poziva"},"unlock-a11y-button":{"aria-label":"Klizač"},"delete-n-log?":{"_":"{[ plural(n) ]}","_[zero]":"Ništa nije odabrano","_[one]":"Obrisati odabrani zapis?","_[two]":"Obrisati {{ n }} zapisa?","_[few]":"Obrisati {{ n }} zapisa?","_[many]":"Obrisati {{ n }} zapisa?","_[other]":"Obrisati {{ n }} zapisa?"},"callDurationMinutes":{"_":"{{ m }}:{{ s }}"},"callDurationHours":{"_":"{{ h }}:{{ m }}:{{ s}}"},"suggestionMatches":{"_":"{[ plural(n) ]}","_[one]":"{{ n }} podudaranje za \"{{ matchNumber }}\"","_[two]":"{{ n }} podudaranja za \"{{ matchNumber }}\"","_[few]":"{{ n }} podudaranja za \"{{ matchNumber }}\"","_[many]":"{{ n }} podudaranja za \"{{ matchNumber }}\"","_[other]":"{{ n }} podudaranja za \"{{ matchNumber }}\""},"scCallBarring":{"_":"Zabrana poziva"},"scCallForwarding":{"_":"Preusmjeravanje"},"scClip":{"_":"ID dol. poziva"},"scClir":{"_":"ID odlaznog poziva"},"scPwd":{"_":"Promjena lozinke"},"scCallWaiting":{"_":"Poziv na čekanju"},"scPin":{"_":"Promijeni PIN"},"scPin2":{"_":"Promijeni PIN2"},"scPuk":{"_":"Odblokiraj PIN"},"scPuk2":{"_":"Odblokiraj PIN2"},"scImei":{"_":"IMEI"},"scUssd":{"_":"USSD"},"serviceClassVoice":{"_":"Glasovne usluge"},"serviceClassData":{"_":"Podatkovne usluge"},"serviceClassFax":{"_":"FAX usluge"},"serviceClassSms":{"_":"SMS usluge"},"serviceClassDataSync":{"_":"Usluge sinkronizacije"},"serviceClassDataAsync":{"_":"Usluge desinkronizacije"},"serviceClassPacket":{"_":"Paketne Usluge"},"serviceClassPad":{"_":"PAD Usluge"},"smServiceEnabled":{"_":"Usluga omogućena"},"smServiceDisabled":{"_":"Usluga onemogućena"},"smServiceRegistered":{"_":"Registracija uspješna"},"smServiceErased":{"_":"Brisanje uspješno"},"smServiceInterrogated":{"_":"Zahtjev uspješan"},"smServiceNotProvisioned":{"_":"Usluga nije podržana"},"smClirPermanent":{"_":"Ne možete izmjeniti ID pozivatelja"},"smClirDefaultOnNextCallOn":{"_":"ID pozivatelja postavljen na sakriven. Sljedeći poziv: Sakriven"},"smClirDefaultOnNextCallOff":{"_":"ID pozivatelja postavljen na sakriven. Sljedeći poziv: Vidljiv"},"smClirDefaultOffNextCallOn":{"_":"ID pozivatelja postavljen na vidljiv. Sljedeći poziv: Sakriven"},"smClirDefaultOffNextCallOff":{"_":"ID pozivatelja postavljen na vidljiv. Sljedeći poziv: Vidljiv"},"smServiceEnabledFor":{"_":"Usluga omogućena za:"},"smPinChanged":{"_":"PIN uspješno izmijenjen"},"smPinUnblocked":{"_":"PIN uspješno odblokiran"},"smPin2Changed":{"_":"PIN2 uspješno izmijenjen"},"smPin2Unblocked":{"_":"PIN2 uspješno odblokiran"},"emMmiError":{"_":"Greška u vezi ili netočan MMI kôd"},"emMmiErrorPasswordIncorrect":{"_":"Netočna zaporka"},"emMmiErrorNotSupported":{"_":"Netočan ili nekorišten MMI kôd"},"emMmiErrorInvalidAction":{"_":"Nepodržana akcija"},"emMmiErrorInvalidScCode":{"_":"Netočan kôd usluge"},"emMmiErrorBadPuk":{"_":"PUK kôd koji ste unijeli je netočan."},"emMmiErrorBadPin":{"_":"Stari PIN kôd koji ste unijeli je netočan."},"emMmiErrorNeedPuk2":{"_":"Unesite PUK2 kôd da bi odblokirali SIM karticu"},"emMmiErrorMismatchPin":{"_":"PIN kôdovi koje ste unijeli nisu isti"},"emMmiErrorInvalidPin":{"_":"Unesite PIN kôd koji ima 4 do 8 znamenaka"},"emMmiErrorNeedsPuk":{"_":"Vaša SIM kartica je zaključana PUK kôdom"},"emMmiErrorEnablePin":{"_":"Neuspješno. Omogućite SIM/RUIM zaključavanje"},"emMmiErrorMmiFdn":{"_":"Operacija je ograničena na fiksno biranje brojeva"},"emMmiErrorStkCcUssdDial":{"_":"USSD zahtjev je prenamijenjen u DIAL zahtjev"},"emMmiErrorStkCcUssdSs":{"_":"USSD zahtjev je prenamijenjen u SS zahtjev"},"emMmiErrorStkCcUssdUssd":{"_":"USSD zahtjev je prenamijenjen u novi USSD zahtjev"},"emMmiErrorStkCcSsDial":{"_":"SS zahtjev je prenamijenjen u DIAL zahtjev"},"emMmiErrorStkCcSsUssd":{"_":"SS zahtjev je prenamijenjen u novi USSD zahtjev"},"emMmiErrorStkCcSsSs":{"_":"SS zahtjev je prenamijenjen u SS zahtjev"},"emMmiErrorPinPukAttempts":{"_":"{[ plural(n) ]}","_[one]":"Preostao je samo {{ n }} pokušaj","_[two]":"Preostala su {{ n }} pokušaja","_[few]":"Preostalo je {{ n }} pokušaja","_[many]":"Preostalo je {{ n }} pokušaja","_[other]":"Preostalo je {{ n }} pokušaja"},"emMmiErrorSimBlocked":{"_":"Maksimalan broj pokušaja prekoračen. SIM kartica blokirana."},"RadioNotAvailable":{"_":"Radio nije dostupan"},"GenericFailure":{"_":"Generička greška"},"PasswordIncorrect":{"_":"Zaporka netočna"},"SimPin2":{"_":"SIM PIN2"},"SimPuk2":{"_":"SIM PUK2"},"RequestNotSupported":{"_":"Zahtjev nije podržan"},"OpNotAllowedDuringVoiceCall":{"_":"Operacija nije podržana tokom glasovnog poziva"},"SmsSendFailRetry":{"_":"Slanje SMS-a nije uspjelo."},"SimAbsent":{"_":"SIM kartica nije detektirana"},"SubscriptionNotAvailable":{"_":"Pretplata nije dostupna"},"ModeNotSupported":{"_":"Način rada nije podržan"},"FdnCheckFailure":{"_":"Greška u FDN provjeri"},"IllegalSimOrMe":{"_":"Nedopušten SIM ili ME"},"DialModifiedToUssd":{"_":"Biranje izmijenjeno u USSD"},"DialModifiedToSs":{"_":"Biranje izmijenjeno u SS"},"DialModifiedToDial":{"_":"Biranje izmijenjeno u poziv"},"UssdModifiedToDial":{"_":"USSD izmijenjeno u poziv"},"UssdModifiedToSs":{"_":"USSD izmijenjeno u SS"},"UssdModifiedToUssd":{"_":"USSD izmijenjeno u USSD"},"SsModifiedToDial":{"_":"SS izmijenjeno u poziv"},"SsModifiedToUssd":{"_":"SS izmijenjeno u USSD"},"SsModifiedToSs":{"_":"SS izmijenjeno u SS"},"SubscriptionNotSupported":{"_":"Pretplata nije podržana"},"InvalidParameter":{"_":"Nepodržan parametar"},"RejectedByRemote":{"_":"Odbijeno od druge strane"},"group-call":{"_":"{[ plural(n) ]}","_[one]":"Grupno nazovi ({{ n }})","_[two]":"Grupno nazovi ({{ n }})","_[few]":"Grupno nazovi ({{ n }})","_[many]":"Grupno nazovi ({{ n }})","_[other]":"Grupno nazovi ({{ n }})"},"caller-left-call":{"_":"{{ caller }} je napustio poziv."},"conferenceAddError":{"_":"Neuspjelo spajanje poziva"},"conferenceRemoveError":{"_":"Neuspješno odspajanje poziva"},"longDateFormat":{"_":"%A, %e. %B"},"select-audio-sources":{"_":"Select audio sources"},"bluetooth-handsfree-device":{"_":"Bluetooth handsfree device"},"receiver":{"_":"Receiver"},"speaker":{"_":"Speaker"},"sim-picker-dial-via-with-number":{"_":"Dial {{ phoneNumber }} via"},"sim-picker-select-sim":{"_":"Select SIM"},"sim-picker-button":{"_":"SIM{{ n }}"},"sim-picker-button-default":{"_":"(default)"},"waitDuplicateContacts":{"_":"Potraga za dupliciranim kontaktima"},"waitMergingDuplicateContacts":{"_":"Spajanje dupliciranih kontakata"},"alertNoDuplicateContacts":{"_":"Nema dupliciranih kontakata"},"merge":{"_":"Spoji"},"mergeDuplicateTitle":{"_":"Spajanje duplih"},"suggestedDuplicateContacts":{"_":"Predloženi duplicirani kontakti za {{name}}"},"mergeActionButtonLabel":{"_":"{[ plural(n) ]}","_[zero]":"Nema odabranih kontakata","_[one]":"Spoji sa {{n}} kontaktom","_[other]":"Spoji sa {{n}} kontakata"},"duplicatesFoundTitle":{"_":"Pronađeni duplikati"},"duplicatesFoundMessage":{"_":"{{name}} ima duplicirane informacije u sljedećim kontaktima"}}