{"brandShortName":{"_":"B2G OS"},"browserBrandShortName":{"_":"Webböngésző"},"browserBrandFullName":{"_":"Mozilla webböngésző"},"callAirplaneModeMessage":{"_":"Híváshoz ki kell kapcsolni a repülő módot a beállításokban."},"callAirplaneModeBtnOk":{"_":"OK"},"callAirplaneModeTitle":{"_":"A repülő mód be van kapcsolva"},"numberIsBusyTitle":{"_":"A szám foglalt"},"numberIsBusyMessage":{"_":"A szám jelenleg foglalt. Próbálja újra később."},"fdnIsEnabledTitle":{"_":"FDN aktív"},"fdnIsEnabledMessage":{"_":"Ez a szám blokkolva van, mert nincs az engedélyezett számok listáján."},"voiceMail":{"_":"Hangposta"},"emergencyNumber":{"_":"Segélyhívó szám"},"emergencyDialogBodyBadNumber":{"_":"Hívás indításához a telefonnak csatlakoznia kell egy hálózathoz."},"emergencyDialogBodyDeviceNotAccepted":{"_":"A hálózat nem engedélyezi a segélyhívásokat."},"emergencyDialogBtnOk":{"_":"OK"},"emergencyDialogTitle":{"_":"Nincs hálózati kapcsolat"},"invalidNumberToDialTitle":{"_":"A szám érvénytelen"},"invalidNumberToDialMessage":{"_":"A hívott szám nem érvényes."},"unableToCallTitle":{"_":"Nem indítható telefonhívás"},"unableToCallMessage":{"_":"Nem indítható hívás. Ha már tárcsázott, előbb tegye le."},"otherConnectionInUseTitle":{"_":"Másik vonal használatban"},"otherConnectionInUseMessage":{"_":"A másik vonalon már van egy aktív hívása. Egyszerre csak egy vonal használható."},"add":{"_":"Felvétel"},"back":{"_":"Vissza"},"call":{"_":"Hívás"},"edit":{"_":"Szerkesztés"},"cancel":{"_":"Mégse"},"done":{"_":"Kész"},"ok":{"_":"OK"},"update":{"_":"Frissítés"},"retry":{"_":"Próbálja újra"},"contacts":{"_":"Névjegyek"},"addContact":{"_":"Névjegy felvétele"},"deleteContact":{"_":"Névjegy törlése"},"selectContact":{"_":"Névjegy kiválasztása"},"selectAll":{"_":"Minden kijelölése"},"deselectAll":{"_":"Kijelölés törlése"},"editContact":{"_":"Névjegy írása"},"deleteConfirmMsg":{"_":"Törli a névjegyet?"},"remove":{"_":"Eltávolítás"},"comments":{"_":"Megjegyzések"},"no_contact_phones":{"_":"Ehhez a névjegyhez nem tartozik telefonszám"},"no_contact_email":{"_":"Ehhez a névjegyhez nem tartozik email-cím"},"removePhotoConfirm":{"_":"Eltávolítja a névjegy képét?"},"loadingContacts":{"_":"Névjegyek betöltése…"},"noContactsActivity":{"_":"Nem adható névjegyhez, mert a névjegylista üres"},"noName":{"_":"Nincs név"},"givenName":{"placeholder":"Név"},"familyName":{"placeholder":"Vezetéknév"},"tel":{"placeholder":"Telefonszám"},"carrier":{"_":"Szolgáltató","placeholder":"Szolgáltató"},"separator":{"_":","},"email":{"_":"E-mail","placeholder":"E-mail"},"streetAddress":{"placeholder":"Utca"},"postalCode":{"placeholder":"Irányítószám"},"locality":{"placeholder":"Város"},"countryName":{"placeholder":"Ország"},"comment":{"placeholder":"Megjegyzés"},"org":{"placeholder":"Cég"},"custom":{"placeholder":"Egyéni","_":"Egyéni címke"},"date":{"_":"Dátum","placeholder":"Dátum"},"birthday":{"_":"Születésnap"},"dateFormat":{"_":"%B %e."},"dateOutput":{"_":"{{year}} {{dayMonthFormatted}}"},"anniversary":{"_":"Évforduló"},"addPhoto":{"_":"Kép felvétele"},"addPhone":{"_":"Telefonszám felvétele"},"addEmail":{"_":"E-mail felvétele"},"addAddress":{"_":"Cím felvétele"},"addDate":{"_":"Dátum hozzáadása"},"addComment":{"_":"Megjegyzés felvétele"},"addFavorite":{"_":"Felvétel kedvencként"},"removeFavorite":{"_":"Kedvenc eltávolítása"},"label":{"_":"Címke"},"mobile":{"_":"Mobil"},"home":{"_":"Otthoni"},"work":{"_":"Munka"},"personal":{"_":"Saját"},"faxHome":{"_":"Ott. fax"},"faxOffice":{"_":"Mh. fax"},"faxOther":{"_":"Más fax"},"another":{"_":"Másik"},"other":{"_":"Egyéb"},"current":{"_":"Aktuális"},"itemWithLabel":{"_":"{{label}}, {{item}}"},"exit":{"_":"Kilépés"},"expand":{"_":"Kibontás"},"labelName":{"_":"Név:"},"labelLastName":{"_":"Vezetéknév:"},"labelPhoneNumber":{"_":"Telefonszám:"},"labelCarrier":{"_":"Szolgáltató:"},"labelEmail":{"_":"E-mail:"},"labelStreet":{"_":"Utca:"},"labelZip":{"_":"Irányítószám:"},"labelCity":{"_":"Város:"},"labelCountry":{"_":"Ország:"},"labelComment":{"_":"Megjegyzés:"},"legendTitleMain":{"_":"Elsődleges információk"},"legendPhones":{"_":"Telefonszámok"},"legendEmail":{"_":"E-mail cím"},"legendAddress":{"_":"Cím"},"settings":{"_":"Beállítások"},"search-contact":{"placeholder":"Keresés"},"noResults":{"_":"Nem található ismerős"},"transferContactsTitle":{"_":"Névjegyek átvitele"},"importContactsTitle":{"_":"Névjegyek másolása"},"importContactsButton":{"_":"Névjegyek másolása"},"exportContactsTitle":{"_":"Névjegyek exportálása"},"exportContactsButton":{"_":"Névjegyek exportálása"},"exportContactsAction":{"_":"Exportálás"},"simExport-title":{"_":"Névjegyek másolása SIM kártyára"},"sdExport-title":{"_":"Névjegyek másolása SD kártyára"},"btExport-title":{"_":"Névjegyek másolása Bluetooth-on"},"sdUMSEnabled":{"_":"Nem érhető el az SD-kártya, mert az USB tároló üzemmód engedélyezve van"},"exportErrorTitle":{"_":"Exportálási hiba"},"contactsExported2":{"_":"{[ plural(exported) ]}","_[zero]":"Nincs exportálva névjegy","_[one]":"{{exported}}/{{total}} névjegy exportálva","_[two]":"{{exported}}/{{total}} névjegy exportálva","_[few]":"{{exported}}/{{total}} névjegy exportálva","_[many]":"{{exported}}/{{total}} névjegy exportálva","_[other]":"{{exported}}/{{total}} névjegy exportálva"},"exportError-general":{"_":"Néhány hiba lépett fel az exportálás során"},"exportError-SD-shared":{"_":"Nem érhető el a memóriakártya, mert meg van osztva"},"exportError-SD-unavailable":{"_":"A memóriakártya nem érhető el"},"exportError-SD-noSpace":{"_":"Nincs elég hely a memóriakártyán a névjegyek másolásához"},"exportError-SIM-unavailable":{"_":"A SIM kártya nem érhető el"},"exportError-BT-shared":{"_":"Nem érhető el a memóriakártya, mert meg van osztva"},"exportError-BT-unavailable":{"_":"A memóriakártya nem érhető el"},"exportError-BT-noSpace":{"_":"Nincs elég hely a memóriakártyán a névjegyek másolásához"},"simContacts-import":{"_":"Névjegyek másolása SIM-ről"},"simContacts-importing":{"_":"Névjegyek másolása SIM-ről…"},"simContacts-reading":{"_":"Olvasás a SIM kártyáról…"},"simContacts-error":{"_":"Nem lehet névjegyeket másolni a SIM-ről"},"simContacts-imported3":{"_":"{[ plural(n) ]}","_[zero]":"Nincsenek átmásolható névjegyek a SIM-en","_[one]":"Egy névjegy átmásolva","_[two]":"{{n}} névjegy átmásolva","_[few]":"{{n}} névjegy átmásolva","_[many]":"{{n}} névjegy átmásolva","_[other]":"{{n}} névjegy átmásolva"},"noSimMsg":{"_":"Névjegyek másolásához helyezze be vagy oldja fel SIM-kártyáját"},"noSimMsgExport":{"_":"Névjegyek exportálásához helyezze be vagy oldja fel SIM-kártyáját"},"simNumber":{"_":"{{number}}. SIM"},"memoryCardContacts-import":{"_":"Névjegyek másolása memóriakártyáról"},"memoryCardContacts-importing":{"_":"Névjegyek másolása memóriakártyáról…"},"memoryCardContacts-reading":{"_":"Olvasás memóriakártyáról…"},"memoryCardContacts-error":{"_":"Nem sikerült névjegyeket átmásolni a memóriakártyáról"},"memoryCardContacts-imported3":{"_":"{[ plural(n) ]}","_[zero]":"Nincs átmásolható névjegy a memóriakártyán","_[one]":"Egy névjegy átmásolva","_[two]":"{{n}} névjegy átmásolva","_[few]":"{{n}} névjegy átmásolva","_[many]":"{{n}} névjegy átmásolva","_[other]":"{{n}} névjegy átmásolva"},"noMemoryCardMsg":{"_":"Névjegyek másolásához helyezzen be egy memóriakártyát"},"noMemoryCardMsgExport":{"_":"Névjegyek másolásához helyezzen be egy memóriakártyát"},"genericProgress":{"_":"{{current}}/{{total}}"},"social-network":{"_":"Közösségi hálózatok"},"social-link":{"_":"Névjegy összekapcsolása"},"social-unlink":{"_":"Névjegykapcsolat felbontása"},"social-unlink-confirm-title":{"_":"Fel kívánja bontani a névjegykapcsolatot?"},"social-unlink-confirm-accept":{"_":"Felbontás"},"facebook-import":{"_":"Facebook ismerősök másolása"},"show-fb-profile":{"_":"Facebook profil megjelenítése"},"msg-send":{"_":"Üzenet"},"wall-post":{"_":"Falára írás"},"facebook":{"_":"Facebook"},"facebook-import-msg":{"_":"{[ plural(imported) ]}","_[zero]":"Nincs ismerős átmásolva (összesen: {{total}})","_[one]":"Egy ismerős átmásolva (összesen: {{total}})","_[two]":"{{imported}}/{{total}} ismerős átmásolva","_[few]":"{{imported}}/{{total}} ismerős átmásolva","_[many]":"{{imported}}/{{total}} ismerős átmásolva","_[other]":"{{imported}}/{{total}} ismerős átmásolva"},"otherAccount":{"_":"Más fiókok"},"facebookSwitchMsg":{"_":"Szinkronizálás"},"select_mobile":{"_":"Válasszon mobilt"},"select_email":{"_":"Válasszon e-mailt"},"contactsOrderBy":{"_":"Rendezés előnév szerint"},"importSim2":{"_":"SIM kártya"},"importMemoryCard":{"_":"Memóriakártya"},"importGmail":{"_":"Gmail"},"bluetooth":{"_":"Bluetooth"},"importOutlook":{"_":"Outlook"},"fbUpdateFriends":{"_":"Ismerősök adatainak frissítése"},"cleaningFbData":{"_":"Facebook adatok eltávolítása"},"loggingOutFb":{"_":"Kijelentkezés Facebookról"},"cleanFbConfirmMsg":{"_":"Eltávolítja az összes Facebook adatot?"},"renewPwdMsg":{"_":"A Facebookon használt jelszava megváltozott. Frissítse a jelszavát itt is."},"noConnection11":{"_":"Facebook ismerősök vagy névjegyek átmásolásához kapcsolódjon egy Wi-Fi-s vagy mobilos adathálózathoz."},"notEnabledYet":{"_":"Még nincs engedélyezve"},"genericNoConnection":{"_":"Névjegyek átmásolásához kapcsolódjon egy Wi-Fi-s vagy mobilos adathálózathoz"},"simCard":{"_":"SIM kártya"},"memoryCard":{"_":"Memóriakártya"},"create-new":{"_":"Új névjegy létrehozása"},"import-now":{"_":"Névjegyek másolása a SIM kártyáról vagy a Facebookról"},"no-contacts":{"_":"Nincsenek névjegyek"},"start-adding":{"_":"Kezdjen el felvenni néhányat"},"notImported":{"_":"Nincs átmásolva"},"imported":{"_":"Átmásolva"},"today":{"_":"Ma"},"yesterday":{"_":"Tegnap"},"messageCanceling":{"_":"Egy kis türelmet kérünk, amíg megszakítjuk a folyamatban lévő műveletet."},"organise-contacts":{"_":"Névjegyek rendezése"},"find-merge-contacts":{"_":"Többszörös névjegyek keresése"},"preparing-contacts":{"_":"Névjegyek előkészítése"},"exportError-SIM-NoFreeRecordFound":{"_":"A SIM kártya tele"},"exportError-SIM-CannotAccessPhoneBook":{"_":"Nem érhető el a SIM kártya telefonkönyve"},"exportError-SIM-Unavailable":{"_":"Nem található SIM"},"exportError-SIM-GenericError":{"_":"Hiba történt egy névjegy exportálásakor"},"pincode2":{"_":"Adja meg a PIN kódot"},"type_pin":{"_":"Írja be PIN kódját"},"pincodeLabel":{"_":"{{n}}. SIM PIN"},"pinValidation":{"_":"A PIN 4 és 8 karakter közti hosszúságú kell legyen."},"pinError":{"_":"A PIN kód helytelen volt."},"pinAttemptMsg2":{"_":"{[ plural(n) ]}","_[one]":"Utolsó lehetőség.","_[two]":"Még {{n}} kísérlete van.","_[few]":"Még {{n}} kísérlete van.","_[many]":"Még {{n}} kísérlete van.","_[other]":"Még {{n}} kísérlete van."},"pinLastChanceMsg":{"_":"Ez az utolsó lehetősége a helyes PIN kód megadására. Ellenkező esetben a PUK kódot kell megadnia a SIM kártya használatához."},"pukcode":{"_":"Adja meg a PUK kódot"},"pukcodeTitle":{"_":"{{n}}. SIM PUK beírása"},"pukcodeLabel":{"_":"{{n}}. SIM PUK"},"type_puk":{"_":"PUK kód"},"pukValidation":{"_":"A PUK pontosan 8 karakter hosszú kell legyen."},"pukInfo":{"_":"Meg kell adnia a SIM kártya PUK (személyes feloldókulcs) kódját. További információkért nézze meg a SIM kártya dokumentációját, vagy keresse meg szolgáltatóját."},"pukError":{"_":"Meg kell adnia a SIM kártya PUK (személyes feloldókulcs) kódját. További információkért nézze meg a SIM kártya dokumentációját, vagy keresse meg szolgáltatóját."},"pukAttemptMsg2":{"_":"{[ plural(n) ]}","_[one]":"Még egy lehetősége van a helyes kód megadására, mielőtt a SIM kártya véglegesen használhatatlanná válik. További információkért nézze meg a SIM kártya dokumentációját, vagy keresse meg szolgáltatóját.","_[two]":"Még {{n}} lehetősége van a helyes kód megadására, mielőtt a SIM kártya véglegesen használhatatlanná válik. További információkért nézze meg a SIM kártya dokumentációját, vagy keresse meg szolgáltatóját.","_[few]":"Még {{n}} lehetősége van a helyes kód megadására, mielőtt a SIM kártya véglegesen használhatatlanná válik. További információkért nézze meg a SIM kártya dokumentációját, vagy keresse meg szolgáltatóját.","_[many]":"Még {{n}} lehetősége van a helyes kód megadására, mielőtt a SIM kártya véglegesen használhatatlanná válik. További információkért nézze meg a SIM kártya dokumentációját, vagy keresse meg szolgáltatóját.","_[other]":"Még {{n}} lehetősége van a helyes kód megadására, mielőtt a SIM kártya véglegesen használhatatlanná válik. További információkért nézze meg a SIM kártya dokumentációját, vagy keresse meg szolgáltatóját."},"pukLastChanceMsg":{"_":"Ez az utolsó lehetősége a helyes PUK kód megadására. A SIM kártyája véglegesen használhatatlan lesz, ha rossz PUK kódot ad meg."},"create_newpin":{"_":"Új PIN létrehozása (4 – 8 számjegy)"},"confirm_newpin":{"_":"Új PIN kód megerősítése"},"newpinConfirmation":{"_":"A PIN kódok nem egyeznek."},"nckcode":{"_":"Írja be az NCK kódot"},"cckcode":{"_":"Írja be a CCK kódot"},"spckcode":{"_":"Írja be az SPCK kódot"},"nckcodeTitle":{"_":"{{n}}. SIM NCK beírása"},"cckcodeTitle":{"_":"{{n}}. SIM CCK beírása"},"spckcodeTitle":{"_":"{{n}}. SIM SPCK beírása"},"nckcodeLabel":{"_":"{{n}}. SIM NCK"},"cckcodeLabel":{"_":"{{n}}. SIM CCK"},"spckcodeLabel":{"_":"{{n}}. SIM SPCK"},"type_nck":{"_":"Írja be az NCK kódot"},"type_cck":{"_":"Írja be a CCK kódot"},"type_spck":{"_":"Írja be az SPCK kódot"},"nckValidation":{"_":"Az NCK 8 és 16 karakter közti hosszúságú kell legyen."},"cckValidation":{"_":"A CCK 8 és 16 karakter közti hosszúságú kell legyen."},"spckValidation":{"_":"Az SPCK 8 és 16 karakter közti hosszúságú kell legyen."},"nckErrorMsg":{"_":"Az NCK kód helytelen."},"nckAttemptMsg2":{"_":"{[ plural(n) ]}","_[one]":"A hálózat személytelenítésére vonatkozó kérés sikertelen. Még egy lehetősége van a helyes kód megadására. Nézze meg az eszköz dokumentációját, vagy keresse meg szolgáltatóját.","_[two]":"A hálózat személytelenítésére vonatkozó kérés sikertelen. Még {{n}} lehetősége van a helyes kód megadására. Nézze meg az eszköz dokumentációját, vagy keresse meg szolgáltatóját.","_[few]":"A hálózat személytelenítésére vonatkozó kérés sikertelen. Még {{n}} lehetősége van a helyes kód megadására. Nézze meg az eszköz dokumentációját, vagy keresse meg szolgáltatóját.","_[many]":"A hálózat személytelenítésére vonatkozó kérés sikertelen. Még {{n}} lehetősége van a helyes kód megadására. Nézze meg az eszköz dokumentációját, vagy keresse meg szolgáltatóját.","_[other]":"A hálózat személytelenítésére vonatkozó kérés sikertelen. Még {{n}} lehetősége van a helyes kód megadására. Nézze meg az eszköz dokumentációját, vagy keresse meg szolgáltatóját."},"nckLastChanceMsg":{"_":"A hálózat személytelenítésére vonatkozó kérés sikertelen. Ez az utolsó lehetősége a helyes NCK kód megadására. Nézze meg az eszköz dokumentációját, vagy keresse meg szolgáltatóját."},"skip":{"_":"Kihagyás"},"send":{"_":"Küldés"},"simLocked":{"_":"A SIM kártya zárolva van"},"inputCodeRetriesLeft":{"_":"{[ plural(n) ]}","_[one]":"Utolsó kísérlet.","_[two]":"Még {{n}} kísérlete van.","_[few]":"Még {{n}} kísérlete van.","_[many]":"Még {{n}} kísérlete van.","_[other]":"Még {{n}} kísérlete van."},"simManager":{"_":"SIM-kezelő"},"simDetail":{"_":"{{n}}. SIM"},"simDefault":{"_":"(alapértelmezett)"},"simDefaultMessage":{"_":"Kimenő hívások, kimenő üzenetek és az adatkapcsolat alapesetben az 1. SIM-re vannak állítva"},"simSettingsMessage":{"_":"Az alapbeállítások a Beállítások > SIM kártyakezelőben módosíthatók"},"simPinLocked":{"_":"SIM PIN zárolva"},"noOperator":{"_":"Nincs szolgáltató"},"language":{"_":"Nyelv"},"english":{"_":"Angol"},"dvorak":{"_":"Angol (Dvorak)"},"spanish":{"_":"Spanyol"},"portuguese":{"_":"Brazil portugál"},"french":{"_":"Francia"},"italian":{"_":"Olasz"},"arabic":{"_":"Arab"},"greek":{"_":"Görög"},"hebrew":{"_":"Héber"},"jp-kanji":{"_":"Japán"},"jp-kanji-desc":{"_":"Kandzsi"},"traditionalChinese":{"_":"Hagyományos kínai"},"traditionalChinese-desc":{"_":"Zhuyin"},"simplifiedChinese":{"_":"Egyszerűsített kínai"},"simplifiedChinese-desc":{"_":"Pinyin"},"3g":{"_":"Mobiladatok"},"dataConnection":{"_":"Adatkapcsolat"},"dataConnectionInfo":{"_":"Az adatkapcsolat engedélyezése lehetővé teszi a telefon Wi-Fi kapcsolat nélküli beállítását. Később ezt a Beállításokban is bekapcsolhatja. A borsos számlák elkerülése érdekében győződjön meg arról, hogy van adatkapcsolati előfizetése a szolgáltatójánál."},"caution":{"_":"Figyelmeztetés"},"geolocation":{"_":"Földrajzi helyzet"},"geolocationCheckbox":{"_":"Földrajzi helyzet"},"geolocationInfo2":{"_":"A {{brandShortName}} a GPS, Wi-Fi és a közeli mobil hálózatok adatait használja a megközelítő hely meghatározásához."},"geolocationInfoMore":{"_":"A Mozillának és más szolgáltatóknak adatok kerülnek elküldésre, amelyek összesítve azok helyadatbázisainak javítására lesznek felhasználva. Az eszközén adatok kerülhetnek tárolásra, és adatgyűjtés történhet akkor is, ha nem futnak appok."},"notice":{"_":"Figyelmeztetés"},"aboutYourPrivacy":{"_":"Információk a magánszférájáról"},"wifi":{"_":"Wi-Fi"},"scanningNetworks":{"_":"Hálózatok keresése"},"selectNetwork":{"_":"Hálózatok"},"shortStatus-connecting":{"_":"Kapcsolódás…"},"shortStatus-associated":{"_":"IP-cím beszerzése…"},"shortStatus-connected":{"_":"Kapcsolódva"},"shortStatus-connectingfailed":{"_":"Kapcsolódás sikertelen"},"shortStatus-disconnected":{"_":"Kapcsolat nélkül"},"securedBy":{"_":"biztosítja: {{capabilities}}"},"security":{"_":"Biztonság"},"securityNone":{"_":"Nincs"},"securityWEP":{"_":"WEP"},"securityWPA-PSK":{"_":"WPA-PSK"},"securityWPA-EAP":{"_":"WPA-EAP"},"securityOpen":{"_":"Nyitott"},"identity":{"_":"Felhasználó"},"identityInput":{"placeholder":"Felhasználó"},"password":{"_":"Jelszó"},"passwordInput":{"placeholder":"Jelszó"},"showPassword":{"_":"Jelszó megjelenítése"},"refresh":{"_":"Frissítés"},"noWifiFound3":{"_":"Nem található vezeték nélküli hálózat"},"join-hidden-button":{"_":"Rejtett hálózat elérése"},"authentication":{"_":"Hitelesítés"},"ssid-name":{"_":"SSID hálózat neve"},"dateAndTime":{"_":"Dátum és idő"},"setTimeAutomatically":{"_":"Automatikus beállítás"},"timezoneMessage":{"_":"Időzóna"},"timezoneTitle":{"_":"UTC{{utcOffset}} {{region}}/{{city}}"},"dateMessage":{"_":"Dátum"},"timeMessage":{"_":"Idő"},"timeZone":{"_":"Időzóna"},"change":{"_":"Módosítás"},"importContacts3":{"_":"Névjegyek másolása"},"importFb2":{"_":"Facebook"},"fb-checking":{"_":"… ellenőrzés"},"notImportedYet":{"_":"Még nincs átmásolva"},"afterFbImport":{"_":"A Névjegyek beállításai alatt bármikor átmásolhat és szerkeszthet facebookos ismerősöket"},"about-your-rights-0":{"_":"A {{brandShortName}} ingyenes és nyílt forrású szoftver, amelyet világszerte több ezer ember fejleszt. Néhány dologról tudnia kell:"},"about-your-rights-1":{"_":"A {{brandShortName}} számos nyílt forrású licenc, köztük a Mozilla Public License feltételei szerint lett közreadva. A {{brandShortName}} rendszert futtató készülék tartalmazhat harmadik felektől származó zárt szoftvereket is. A nyílt licencek alatt közzétett forráskódok módosítása és továbbterjesztése megengedett a feltételeik betartása mellett."},"about-your-rights-2":{"_":"Ön nem kapott jogot vagy felhatalmazást a védjegyek használatára sem a Mozilla Foundationtől, sem mástól, beleértve – de nem csak erre korlátozva – a {{brandShortName}} nevet és logót."},"about-your-rights-3":{"_":"A {{brandShortName}} egyes funkciói, például az Összeomlás-bejelentő, lehetőséget ad a visszajelzésre a Mozilla felé. A visszajelzés elküldésével Ön engedélyt ad a Mozilla részére, hogy a visszajelzést a termékei fejlesztésére használja fel, a visszajelzést közzétegye a webhelyein, valamint a visszajelzést terjessze."},"about-other":{"_":"Egyéb"},"SIM_mandatory":{"_":"SIM kártya figyelmeztetés"},"SIM_mandatory_warm":{"_":"Tegye be a SIM kártyát és indítsa újra a telefont."},"sharing-performance-data":{"_":"Teljesítményadatok megosztása"},"telemetry-sends":{"_":"A telemetria adatokat küld a Mozillának a {{brandShortName}} eszköz teljesítményéről, hardveréről, beállításairól és a testreszabásáról. Ezeket a termékeink jobbá, gyorsabbá és válaszkészebbé tételéhez használjuk fel."},"learn-more-at":{"_":"Tudjon meg többet a"},"external-telemetry":{"title":"telemetriáról"},"learn-about-information":{"_":"Ismerje meg, hogy hogyan kezeli telefonja az adatait:"},"external-privacy":{"title":"Magánszféra"},"welcomeBrowser":{"_":"Üdvözli Önt a {{brandShortName}}, a Mozilla szabad és nyílt forrású operációs rendszere. Küldetésünk a nyíltság, az innováció és a lehetőségek népszerűsítése a web erejének az Ön kezébe adásával."},"learnHow":{"_":"Ismerje meg, hogy hogyan kezeli telefonja az adatait:"},"privacyPolicy":{"_":"adatvédelmi irányelvek","title":"Adatvédelmi irányelvek"},"aboutBrowser":{"_":"A {{brandShortName}} névjegye"},"aboutYourPrivacy2":{"_":"Magánszféra"},"mozillaCommunity2":{"_":"A {{brandShortName}} használatával egy globális közösség részévé válik, és segít szebbé tenni a web jövőjét. Ha szeretne többet tudni a Mozilla közösségről, más termékeinkről és Önhöz közeli eseményeinkről, akkor adja meg alább az e-mail címét."},"collaborate":{"_":"Szeretném segíteni a {{brandShortName}} tökéletesítését adatok megosztásával a telefonomról."},"learnMore":{"_":"További információk."},"emailAddress":{"placeholder":"E-mail cím"},"email-successfully-added":{"_":"Az e-mail sikeresen felvéve!"},"email-loading":{"_":"E-mail mentése…"},"browserPrivacyChoices":{"_":"{{brandShortName}} magánszféra"},"privacy-b2g":{"_":"{{brandShortName}}","title":"{{brandShortName}}"},"privacy-marketplace":{"_":"Marketplace","title":"{{privacy-marketplace}}"},"privacy-e-me":{"_":"everything.me","title":"{{privacy-e-me}}"},"navbar-back":{"_":"Vissza"},"navbar-next":{"_":"Tovább"},"navbar-join":{"_":"Csatlakozás"},"thatsIt":{"_":"Gratulálunk!"},"startYourPhone":{"_":"A telefonismertető indítása"},"startYourTablet":{"_":"A tablet ismertető indítása"},"joinTutorial":{"_":"Hadd mutassuk be új telefonját."},"enjoyYourPhone":{"_":"Készen áll új telefonja használatára."},"optionsAvailable":{"_":"A Beállításokban módosíthatja a nyelvet, a dátumot/időt és a Wi-Fi kapcsolatot."},"letsGo":{"_":"Gyerünk"},"startTour":{"_":"Bemutató"},"thatsIt1Tablet-2":{"_":"Lentről felfelé csúsztatva bármikor elérheti a kezdőképernyőt."},"thatsIt2Tablet-2":{"_":"Csináljuk!"},"tutorial-step1-tiny":{"_":"Csúsztassa ujját jobbról balra az appok lapozásához."},"tutorial-step2-tiny":{"_":"Mutasson egy ikonra, és tartsa rajta az ujját a törléséhez vagy az áthelyezéséhez."},"tutorial-step3-tiny":{"_":"Gépeljen be bármilyen kulcsszót vagy témát és a telefonja azonnal alkalmazkodik hozzá."},"tutorial-step4-tiny":{"_":"Csúsztassa ujját lefelé az értesítések, egyenleginformációk és beállítások eléréséhez."},"tutorial-step5-tiny":{"_":"Tartsa lenyomva a Kezdőoldal gombot a nemrég futtatott appok lapozásához és bezárásához."},"tutorial-step6-tiny":{"_":"A képernyő széleiről csúsztatva a legutóbbi appok közt lépkedhet előre és hátra."},"tutorial-step1-large-2":{"_":"Csúsztassa ujját fentről lefelé az értesítések, egyenleginformációk és beállítások eléréséhez."},"tutorial-step2-large-2":{"_":"Jobbra vagy balra csúsztatva új appokat fedezhet fel a kezdőképernyőn."},"tutorial-step3-large-2":{"_":"Mutasson egy ikonra, és tartsa rajta az ujját a törléséhez vagy az áthelyezéséhez."},"tutorial-step4-large-2":{"_":"Két ujjal lentről felfelé csúsztatva beléphet a kártya nézetbe."},"offline-dialog-title":{"_":"Az oldal megjelenítéséhez csatlakoznia kell az internetre."},"offline-dialog-text":{"_":"Lépjen vissza, és csatlakozzon az internetre. Az oldalt később a Beállításokból, vagy a {{url}} cím bármely böngészőbe való beírásával is megjelenítheti."},"OK":{"_":"OK"},"offline-newsletter-dialog-title":{"_":"Csatlakoznia kell az internetre a feliratkozáshoz a hírlevélre."},"offline-newsletter-dialog-text":{"_":"Lépjen vissza, és csatlakozzon az internetre."},"invalid-email-dialog-title":{"_":"Az e-mail cím érvénytelen."},"invalid-email-dialog-text":{"_":"Lépjen vissza, és javítsa a bejegyzést."},"weekday-0-long":{"_":"Vasárnap"},"weekday-1-long":{"_":"Hétfő"},"weekday-2-long":{"_":"Kedd"},"weekday-3-long":{"_":"Szerda"},"weekday-4-long":{"_":"Csütörtök"},"weekday-5-long":{"_":"Péntek"},"weekday-6-long":{"_":"Szombat"},"weekday-0-short":{"_":"Va."},"weekday-1-short":{"_":"Hé."},"weekday-2-short":{"_":"Ke."},"weekday-3-short":{"_":"Sze."},"weekday-4-short":{"_":"Csü."},"weekday-5-short":{"_":"Pé."},"weekday-6-short":{"_":"Szo."},"month-0-long":{"_":"Január"},"month-1-long":{"_":"Február"},"month-2-long":{"_":"Március"},"month-3-long":{"_":"Április"},"month-4-long":{"_":"Május"},"month-5-long":{"_":"Június"},"month-6-long":{"_":"Július"},"month-7-long":{"_":"Augusztus"},"month-8-long":{"_":"Szeptember"},"month-9-long":{"_":"Október"},"month-10-long":{"_":"November"},"month-11-long":{"_":"December"},"month-0-genitive":{"_":"Január"},"month-1-genitive":{"_":"Február"},"month-2-genitive":{"_":"Március"},"month-3-genitive":{"_":"Április"},"month-4-genitive":{"_":"Május"},"month-5-genitive":{"_":"Június"},"month-6-genitive":{"_":"Július"},"month-7-genitive":{"_":"Augusztus"},"month-8-genitive":{"_":"Szeptember"},"month-9-genitive":{"_":"Október"},"month-10-genitive":{"_":"November"},"month-11-genitive":{"_":"December"},"month-0-short":{"_":"Jan"},"month-1-short":{"_":"Feb"},"month-2-short":{"_":"Már"},"month-3-short":{"_":"Ápr"},"month-4-short":{"_":"Máj"},"month-5-short":{"_":"Jún"},"month-6-short":{"_":"Júl"},"month-7-short":{"_":"Aug"},"month-8-short":{"_":"Szep"},"month-9-short":{"_":"Okt"},"month-10-short":{"_":"Nov"},"month-11-short":{"_":"Dec"},"minutes-ago-long":{"_":"{[ plural(value) ]}","_[zero]":"épp most","_[one]":"egy perccel ezelőtt","_[two]":"{{value}} perccel ezelőtt","_[few]":"{{value}} perccel ezelőtt","_[many]":"{{value}} perccel ezelőtt","_[other]":"{{value}} perccel ezelőtt"},"hours-ago-long":{"_":"{[ plural(value) ]}","_[zero]":"épp most","_[one]":"egy órája","_[two]":"{{value}} órával ezelőtt","_[few]":"{{value}} órával ezelőtt","_[many]":"{{value}} órával ezelőtt","_[other]":"{{value}} órával ezelőtt"},"days-ago-long":{"_":"{[ plural(value) ]}","_[zero]":"ma","_[one]":"tegnap","_[two]":"{{value}} nappal ezelőtt","_[few]":"{{value}} nappal ezelőtt","_[many]":"{{value}} nappal ezelőtt","_[other]":"{{value}} nappal ezelőtt"},"weeks-ago-long":{"_":"{[ plural(value) ]}","_[zero]":"ez a hét","_[one]":"múlt hét","_[two]":"{{value}} héttel ezelőtt","_[few]":"{{value}} héttel ezelőtt","_[many]":"{{value}} héttel ezelőtt","_[other]":"{{value}} héttel ezelőtt"},"months-ago-long":{"_":"{[ plural(value) ]}","_[zero]":"ez a hónap","_[one]":"előző hónap","_[two]":"{{value}} hónappal ezelőtt","_[few]":"{{value}} hónappal ezelőtt","_[many]":"{{value}} hónappal ezelőtt","_[other]":"{{value}} hónappal ezelőtt"},"years-ago-long":{"_":"{[ plural(value) ]}","_[zero]":"ez az év","_[one]":"tavaly","_[two]":"{{value}} évvel ezelőtt","_[few]":"{{value}} évvel ezelőtt","_[many]":"{{value}} évvel ezelőtt","_[other]":"{{value}} évvel ezelőtt"},"minutes-until-long":{"_":"{[ plural(value) ]}","_[zero]":"most","_[one]":"egy percen belül","_[two]":"{{value}} percen belül","_[few]":"{{value}} percen belül","_[many]":"{{value}} percen belül","_[other]":"{{value}} percen belül"},"hours-until-long":{"_":"{[ plural(value) ]}","_[zero]":"most","_[one]":"egy órán belül","_[two]":"{{value}} órán belül","_[few]":"{{value}} órán belül","_[many]":"{{value}} órán belül","_[other]":"{{value}} órán belül"},"days-until-long":{"_":"{[ plural(value) ]}","_[zero]":"ma","_[one]":"holnap","_[two]":"{{value}} napon belül","_[few]":"{{value}} napon belül","_[many]":"{{value}} napon belül","_[other]":"{{value}} napon belül"},"weeks-until-long":{"_":"{[ plural(value) ]}","_[zero]":"ez a hét","_[one]":"következő hét","_[two]":"{{value}} héten belül","_[few]":"{{value}} héten belül","_[many]":"{{value}} héten belül","_[other]":"{{value}} héten belül"},"months-until-long":{"_":"{[ plural(value) ]}","_[zero]":"ez a hónap","_[one]":"következő hónap","_[two]":"{{value}} héten belül","_[few]":"{{value}} héten belül","_[many]":"{{value}} héten belül","_[other]":"{{value}} héten belül"},"years-until-long":{"_":"{[ plural(value) ]}","_[zero]":"ez az év","_[one]":"következő év","_[two]":"{{value}} éven belül","_[few]":"{{value}} éven belül","_[many]":"{{value}} éven belül","_[other]":"{{value}} éven belül"},"minutes-ago-short":{"_":"{[ plural(value) ]}","_[zero]":"épp most","_[other]":"{{value}}p ezelőtt"},"hours-ago-short":{"_":"{[ plural(value) ]}","_[zero]":"épp most","_[other]":"{{value}}ó ezelőtt"},"days-ago-short":{"_":"{[ plural(value) ]}","_[zero]":"ma","_[other]":"{{value}}n ezelőtt"},"minutes-until-short":{"_":"{[ plural(value) ]}","_[zero]":"most","_[other]":"{{value}} percen belül"},"hours-until-short":{"_":"{[ plural(value) ]}","_[zero]":"most","_[other]":"{{value}} órán belül"},"days-until-short":{"_":"{[ plural(value) ]}","_[zero]":"ma","_[other]":"{{value}} napon belül"},"incorrectDate":{"_":"(helytelen dátum)"},"dateTimeFormat_%c":{"_":"%Y. %b %d %a %H:%M:%S"},"dateTimeFormat_%x":{"_":"%Y. %m. %d."},"dateTimeFormat_%X":{"_":"%H:%M:%S"},"shortTimeFormat":{"_":"%H:%M"},"shortDateTimeFormat":{"_":"%x %H:%M"},"weekStartsOnMonday":{"_":"0"},"time_am":{"_":"DE"},"time_pm":{"_":"DU"},"tz-region":{"_":"Terület"},"tz-city":{"_":"Város"},"tzRegion-Africa":{"_":"Afrika"},"tzRegion-America":{"_":"Amerika"},"tzRegion-Antarctica":{"_":"Antarktisz"},"tzRegion-Asia":{"_":"Ázsia"},"tzRegion-Atlantic":{"_":"Atlanti-óceán"},"tzRegion-Australia":{"_":"Ausztrália"},"tzRegion-Europe":{"_":"Európa"},"tzRegion-Indian":{"_":"Indiai-óceán"},"tzRegion-Pacific":{"_":"Csendes-óceán"},"close":{"_":"Bezárás"},"import":{"_":"Másolás"},"fbFriends":{"_":"Facebook ismerősök"},"live-serviceName":{"_":"Outlook"},"gmail-serviceName":{"_":"Gmail"},"facebook-serviceName":{"_":"Facebook"},"viewAll":{"_":"Az összes Facebook ismerős listája"},"viewRecommend":{"_":"Ajánlottak megjelenítése"},"linkProposal":{"_":"{[ plural(numFriends) ]}","_[zero]":"Nincs egyező ismerős. Az összes megjelenítése","_[one]":"Válasszon ki egy ajánlást","_[two]":"Válasszon ki egy ajánlást","_[few]":"Válasszon ki egy ajánlást","_[many]":"Válasszon ki egy ajánlást","_[other]":"Válasszon ki egy ajánlást"},"fbFriendsFound":{"_":"{[ plural(numFriends) ]}","_[zero]":"Az összes ismerős átmásolva","_[one]":"Egy átmásolandó ismerős van","_[two]":"{{numFriends}} átmásolandó ismerős van","_[few]":"{{numFriends}} átmásolandó ismerős van","_[many]":"{{numFriends}} átmásolandó ismerős van","_[other]":"{{numFriends}} átmásolandó ismerős van"},"done-search":{"_":"Bezárás"},"progressFB3ImportTitle":{"_":"Ismerősök másolása a Névjegyekbe"},"progressFB":{"_":"{{current}}/{{total}}"},"progressFB3UpdateTitle":{"_":"Ismerősök névjegyeinek frissítése"},"message2":{"_":"Ez eltarthat egy pár percig…"},"messageLinking":{"_":"Kis türelmet az ismerős és a névjegy összekapcsolásáig."},"error1":{"_":"Hiba {{from}}"},"error2":{"_":"Megpróbálja újra?"},"errorProposal":{"_":"ajánlások készítése"},"errorFriends":{"_":"ismerősök adatainak lekérése"},"errorLinking":{"_":"névjegyek összekapcsolása"},"timeout1":{"_":"Időtúllépési hiba: {{from}}"},"timeout2":{"_":"Megpróbálja újra?"},"timeoutProposal":{"_":"ajánlások készítése"},"timeoutFriends":{"_":"ismerősök adatainak lekérése"},"timeoutLinking":{"_":"névjegyek összekapcsolása"},"wait1":{"_":"Kis türelmet"},"wait2":{"_":"Ez eltarthat egy pár percig…"},"waitProposal":{"_":"Kis türelmet. Az ajánlatkészítés folyamatban."},"waitFriends":{"_":"Kis türelmet. Kapcsolódás az ismerősök listájának lekéréséhez."},"curtainCancel":{"_":"Mégse"},"curtainRetry":{"_":"Újra"},"curtainOK":{"_":"OK"},"connectionLost":{"_":"Nincs internetkapcsolat"},"connectionLostMsg":{"_":"Az ismerősök képei nem lesznek a névjegyekhez adva. Biztosan folytatja?"},"yesOption":{"_":"Ok"},"noOption":{"_":"Mégse"},"friendsUpdated":{"_":"{[ plural(numFriends) ]}","_[zero]":"Nincs frissített ismerős","_[one]":"Egy frissített ismerős","_[two]":"{{numFriends}} frissített ismerős","_[few]":"{{numFriends}} frissített ismerős","_[many]":"{{numFriends}} frissített ismerős","_[other]":"{{numFriends}} frissített ismerős"},"notificationLogin":{"_":"A Facebook munkamenet lejárt. Jelentkezzen be."},"syncError":{"_":"Hiba történt az ismerősök adatainak szinkronizálásakor"},"addToExistingContact":{"_":"Hozzáadás meglévő névjegyhez"},"all":{"_":"Összes"},"callLog":{"_":"Hívásnapló"},"connecting":{"_":"Kapcsolódás"},"cf-async":{"_":"Aszinkron: {{ async }}\n"},"cf-data":{"_":"Adat: {{ data }}\n"},"cf-error":{"_":"Hiba lépett fel a hívásátirányítás állapotának lekérdezése közben"},"cf-fax":{"_":"FAX: {{ fax }}\n"},"cf-inactive":{"_":"Inaktív"},"cf-packet":{"_":"Csomag: {{ packet }}\n"},"cf-pad":{"_":"PAD: {{ pad }}\n"},"cf-sms":{"_":"SMS: {{ sms }}\n"},"cf-status":{"_":"Hívásátirányítás állapota\n"},"cf-sync":{"_":"Szinkron: {{ sync }}\n"},"cf-voice":{"_":"Hanghívás: {{ voice }}\n"},"confirm-deletion":{"_":"Törli a kijelölt hívásokat?"},"createNewContact":{"_":"Új névjegy létrehozása"},"delete":{"_":"Törlés"},"edit-selected":{"_":"{[ plural(n) ]}","_[one]":"{{ n }} kijelölve","_[two]":"{{ n }} kijelölve","_[few]":"{{ n }} kijelölve","_[many]":"{{ n }} kijelölve","_[other]":"{{ n }} kijelölve"},"ignore":{"_":"Hívás mellőzése"},"incoming":{"_":"Bejövő"},"missed":{"_":"Nem fogadott"},"missedCall":{"_":"Nem fogadott hívás"},"missedCallMultiSims":{"_":"({{ n }}. SIM) Nem fogadott hívás"},"mmi-error":{"_":"Hiba lépett fel az üzenet elküldése közben"},"mmi-session-expired":{"_":"Munkamenet lejárt"},"mmi-successfully-sent":{"_":"Az üzenet elküldve"},"no-logs-msg-1":{"_":"Nincsenek feljegyzett hívások"},"no-logs-msg-2":{"_":"Kezdjen kommunikálni most"},"no-logs-msg-3":{"_":"Nincs nem fogadott hívás"},"reply":{"_":"Válasz"},"switch-calls":{"_":"Hívásváltás"},"withheld-number":{"_":"Visszatartott szám"},"from-contact":{"_":"Tőle: {{ contact }}"},"from-number":{"_":"Ettől: {{ number }}"},"from-withheld-number":{"_":"Visszatartott számtól"},"sending":{"_":"Küldés…"},"ussd-services":{"_":"{{ operator }} szolgáltatások"},"type-your-response":{"placeholder":"Írja be válaszát…"},"clear-all-text":{"_":"Minden szöveg törlése"},"hide":{"_":"Elrejtés"},"hold":{"_":"Tartás"},"resume":{"_":"Folytatás"},"sendSms":{"_":"Üzenetküldés"},"callEnded":{"_":"Hívás befejezve"},"via-sim":{"_":"{{ n }}. SIM-en"},"sim-number":{"_":"{{ n }}. SIM"},"hangup-a11y-button":{"aria-label":"Lerakás"},"pickup-a11y-button":{"aria-label":"Felvétel"},"unlock-a11y-button":{"aria-label":"Csúszka"},"delete-n-log?":{"_":"{[ plural(n) ]}","_[zero]":"Nincs kiválasztva","_[one]":"Törli a naplót?","_[two]":"Töröl {{ n }} naplót?","_[few]":"Töröl {{ n }} naplót?","_[many]":"Töröl {{ n }} naplót?","_[other]":"Töröl {{ n }} naplót?"},"callDurationMinutes":{"_":"{{ m }}:{{ s }}"},"callDurationHours":{"_":"{{ h }}:{{ m }}:{{ s}}"},"suggestionMatches":{"_":"{[ plural(n) ]}","_[one]":"{{ n }} találat erre: „{{ matchNumber }}”","_[two]":"{{ n }} találat erre: „{{ matchNumber }}”","_[few]":"{{ n }} találat erre: „{{ matchNumber }}”","_[many]":"{{ n }} találat erre: „{{ matchNumber }}”","_[other]":"{{ n }} találat erre: „{{ matchNumber }}”"},"scCallBarring":{"_":"Hívástiltás"},"scCallForwarding":{"_":"Hívástovábbítás"},"scClip":{"_":"Bejövő hívó"},"scClir":{"_":"Kimenő hívó"},"scPwd":{"_":"Jelszómódosítás"},"scCallWaiting":{"_":"Hívásvárakoztatás"},"scPin":{"_":"PIN-módosítás"},"scPin2":{"_":"PIN2-módosítás"},"scPuk":{"_":"PIN feloldása"},"scPuk2":{"_":"PIN2 feloldása"},"scImei":{"_":"IMEI"},"scUssd":{"_":"USSD"},"serviceClassVoice":{"_":"Hang"},"serviceClassData":{"_":"Adatok"},"serviceClassFax":{"_":"FAX"},"serviceClassSms":{"_":"SMS"},"serviceClassDataSync":{"_":"Szinkron"},"serviceClassDataAsync":{"_":"Aszinkron"},"serviceClassPacket":{"_":"Csomag"},"serviceClassPad":{"_":"PAD"},"smServiceEnabled":{"_":"Szolgáltatás bekapcsolva"},"smServiceDisabled":{"_":"Szolgáltatás kikapcsolva"},"smServiceRegistered":{"_":"Regisztráció sikeres"},"smServiceErased":{"_":"Törlés sikeres"},"smServiceInterrogated":{"_":"A kérés sikeres"},"smServiceNotProvisioned":{"_":"Szolgáltatás nem jött létre"},"smClirPermanent":{"_":"Nem módosíthatja a hívóazonosító beállítást"},"smClirDefaultOnNextCallOn":{"_":"A hívóazonosító alapbeállítása a korlátozott. Következő hívás: korlátozott"},"smClirDefaultOnNextCallOff":{"_":"A hívóazonosító alapbeállítása a korlátozott. Következő hívás: nem korlátozott"},"smClirDefaultOffNextCallOn":{"_":"A hívóazonosító alapbeállítása a nem korlátozott. Következő hívás: korlátozott"},"smClirDefaultOffNextCallOff":{"_":"A hívóazonosító alapbeállítása a nem korlátozott. Következő hívás: nem korlátozott"},"smServiceEnabledFor":{"_":"Szolgáltatás bekapcsolva ehhez:"},"smPinChanged":{"_":"A PIN módosítás sikeres"},"smPinUnblocked":{"_":"PIN blokkolás feloldva"},"smPin2Changed":{"_":"A PIN2 módosítás sikeres"},"smPin2Unblocked":{"_":"PIN2 blokkolás feloldva"},"emMmiError":{"_":"Kapcsolatprobléma vagy érvénytelen MMI kód"},"emMmiErrorPasswordIncorrect":{"_":"Helytelen jelszó"},"emMmiErrorNotSupported":{"_":"Érvénytelen vagy nem támogatott MMI kód"},"emMmiErrorInvalidAction":{"_":"Érvénytelen művelet"},"emMmiErrorInvalidScCode":{"_":"Érvénytelen szolgáltatáskód"},"emMmiErrorBadPuk":{"_":"A beírt PUK helytelen"},"emMmiErrorBadPin":{"_":"A beírt régi PIN helytelen."},"emMmiErrorNeedPuk2":{"_":"Írja be a PUK2-t a SIM blokkolás feloldásához"},"emMmiErrorMismatchPin":{"_":"A beírt PIN-ek nem egyeznek"},"emMmiErrorInvalidPin":{"_":"4-8 számjegyű PIN-t írjon be"},"emMmiErrorNeedsPuk":{"_":"A SIM kártya a PUK kóddal zárolva van"},"emMmiErrorEnablePin":{"_":"Sikertelen. Kapcsolja be a SIM/RUIM LOCK-ot"},"emMmiErrorMmiFdn":{"_":"A működés a rögzített számok hívására van korlátozva"},"emMmiErrorStkCcUssdDial":{"_":"Az USSD kérés módosítva DIAL kérésre"},"emMmiErrorStkCcUssdSs":{"_":"Az USSD kérés módosítva SS kérésre"},"emMmiErrorStkCcUssdUssd":{"_":"Az USSD kérés módosítva új USSD kérésre"},"emMmiErrorStkCcSsDial":{"_":"Az SS kérés módosítva DIAL kérésre"},"emMmiErrorStkCcSsUssd":{"_":"Az SS kérés módosítva USSD kérésre"},"emMmiErrorStkCcSsSs":{"_":"Az SS kérés módosítva új SS kérésre"},"emMmiErrorPinPukAttempts":{"_":"{[ plural(n) ]}","_[one]":"Csak {{ n }} kísérlete van","_[two]":"{{ n }} kísérlete van","_[few]":"{{ n }} kísérlete van","_[many]":"{{ n }} kísérlete van","_[other]":"{{ n }} kísérlete van"},"emMmiErrorSimBlocked":{"_":"A kísérletek maximális száma elérve. A SIM blokkolva"},"RadioNotAvailable":{"_":"Rádió nem érhető el"},"GenericFailure":{"_":"Általános hiba"},"PasswordIncorrect":{"_":"A jelszó helytelen"},"SimPin2":{"_":"SIM PIN2"},"SimPuk2":{"_":"SIM PUK2"},"RequestNotSupported":{"_":"A kérés nem támogatott"},"OpNotAllowedDuringVoiceCall":{"_":"A művelet nem engedélyezett hanghívás alatt"},"SmsSendFailRetry":{"_":"SMS küldési hiba, újra"},"SimAbsent":{"_":"Hiányzik a SIM"},"SubscriptionNotAvailable":{"_":"Az előfizetés nem érhető el"},"ModeNotSupported":{"_":"A mód nem támogatott"},"FdnCheckFailure":{"_":"Fdn ellenőrzési hiba"},"IllegalSimOrMe":{"_":"Illegális SIM vagy ME"},"DialModifiedToUssd":{"_":"Dial módosítva USSD-re"},"DialModifiedToSs":{"_":"Dial módosítva SS-re"},"DialModifiedToDial":{"_":"Dial módosítva dialra"},"UssdModifiedToDial":{"_":"USSD módosítva dialra"},"UssdModifiedToSs":{"_":"USSD módosítva SS-re"},"UssdModifiedToUssd":{"_":"USSD módosítva USSD-re"},"SsModifiedToDial":{"_":"SS módosítva dialra"},"SsModifiedToUssd":{"_":"SS módosítva USSD-re"},"SsModifiedToSs":{"_":"SS módosítva SS-re"},"SubscriptionNotSupported":{"_":"Az előfizetés nem támogatott"},"InvalidParameter":{"_":"Érvénytelen paraméter"},"RejectedByRemote":{"_":"A túloldal visszautasította"},"group-call":{"_":"{[ plural(n) ]}","_[one]":"Csoporthívás ({{ n }})","_[two]":"Csoporthívás ({{ n }})","_[few]":"Csoporthívás ({{ n }})","_[many]":"Csoporthívás ({{ n }})","_[other]":"Csoporthívás ({{ n }})"},"caller-left-call":{"_":"{{ caller }} befejezte a hívást."},"conferenceAddError":{"_":"Nem egyesíthetők a hívások"},"conferenceRemoveError":{"_":"Nem választhatók szét a hívások"},"longDateFormat":{"_":"%B %d. %A"},"select-audio-sources":{"_":"Hangforrás kiválasztása"},"bluetooth-handsfree-device":{"_":"Bluetooth kéz nélküli eszköz"},"receiver":{"_":"Vevő"},"speaker":{"_":"Hangszóró"},"sim-picker-dial-via-with-number":{"_":"{{number}} tárcsázása a következőn:"},"sim-picker-select-sim":{"_":"Válasszon egy SIM kártyát"},"sim-picker-button":{"_":"{{ n }}. SIM"},"sim-picker-button-default":{"_":"(alapértelmezett)"},"waitDuplicateContacts":{"_":"Többszörös névjegyek keresése"},"waitMergingDuplicateContacts":{"_":"Többszörös névjegyek egyesítése"},"alertNoDuplicateContacts":{"_":"Nincsenek többszörös névjegyek"},"merge":{"_":"Egyesítés"},"mergeDuplicateTitle":{"_":"Többszörösek egyesítése"},"suggestedDuplicateContacts":{"_":"Valószínű többszörös névjegyek: {{name}}"},"mergeActionButtonLabel":{"_":"{[ plural(n) ]}","_[zero]":"Nincs kijelölve névjegy","_[one]":"Egyesítés {{n}} névjeggyel","_[other]":"Egyesítés {{n}} névjeggyel"},"duplicatesFoundTitle":{"_":"Többszörös névjegyek"},"duplicatesFoundMessage":{"_":"{{name}} információi már szerepelnek a következő névjegyben"}}