{"brandShortName":{"_":"B2G OS"},"browserBrandShortName":{"_":"Browser web"},"browserBrandFullName":{"_":"Browser web Mozilla"},"callAirplaneModeMessage":{"_":"Per chiamare disattivare la modalità aereo nelle impostazioni."},"callAirplaneModeBtnOk":{"_":"OK"},"callAirplaneModeTitle":{"_":"Modalità aereo attiva"},"numberIsBusyTitle":{"_":"Il numero è occupato"},"numberIsBusyMessage":{"_":"Il numero è occupato. Riprovare più tardi."},"fdnIsEnabledTitle":{"_":"FDN active"},"fdnIsEnabledMessage":{"_":"This number is blocked as it is not in your list of authorized numbers."},"voiceMail":{"_":"Segreteria"},"emergencyNumber":{"_":"Numero di emergenza"},"emergencyDialogBodyBadNumber":{"_":"Per chiamare è necessario essere collegati a una rete."},"emergencyDialogBodyDeviceNotAccepted":{"_":"Le chiamate d’emergenza non sono consentite dalla rete."},"emergencyDialogBtnOk":{"_":"OK"},"emergencyDialogTitle":{"_":"Nessuna connessione di rete"},"invalidNumberToDialTitle":{"_":"Numero di telefono non valido"},"invalidNumberToDialMessage":{"_":"Il numero che si sta cercando di chiamare non è valido."},"unableToCallTitle":{"_":"Impossibile effettuare una chiamata in questo momento"},"unableToCallMessage":{"_":"Impossibile effettuare una chiamata. Se è già in corso una chiamata, interromperla e riprovare."},"otherConnectionInUseTitle":{"_":"Connessione già in uso"},"otherConnectionInUseMessage":{"_":"È in corso una chiamata su un’altra connessione. Non è possibile utilizzare più connessioni contemporaneamente."},"add":{"_":"Aggiungi"},"back":{"_":"Back"},"call":{"_":"Chiama"},"edit":{"_":"Modifica"},"cancel":{"_":"Annulla"},"done":{"_":"Fine"},"ok":{"_":"OK"},"update":{"_":"Update"},"retry":{"_":"Riprova"},"contacts":{"_":"Contatti"},"addContact":{"_":"Aggiungi contatto"},"deleteContact":{"_":"Elimina contatto"},"selectContact":{"_":"Seleziona contatto"},"selectAll":{"_":"Select all"},"deselectAll":{"_":"Deselect all"},"editContact":{"_":"Modifica"},"deleteConfirmMsg":{"_":"Eliminare il contatto?"},"remove":{"_":"Elimina"},"comments":{"_":"Commenti"},"no_contact_phones":{"_":"Questo contatto non ha un numero di telefono"},"no_contact_email":{"_":"Questo contatto non ha un indirizzo email"},"removePhotoConfirm":{"_":"Eliminare la foto del contatto?"},"loadingContacts":{"_":"Caricamento contatti…"},"noContactsActivity":{"_":"Impossibile aggiungere a un contatto in quanto la lista contatti è vuota"},"noName":{"_":"Nessun nome"},"givenName":{"placeholder":"Nome"},"familyName":{"placeholder":"Cognome"},"tel":{"placeholder":"Telefono"},"carrier":{"_":"Gestore","placeholder":"Gestore"},"separator":{"_":","},"email":{"_":"Email","placeholder":"Email"},"streetAddress":{"placeholder":"Via"},"postalCode":{"placeholder":"CAP"},"locality":{"placeholder":"Città"},"countryName":{"placeholder":"Nazione"},"comment":{"placeholder":"Commento"},"org":{"placeholder":"Azienda"},"custom":{"placeholder":"Personalizzato","_":"Etichetta personalizzata"},"date":{"_":"Data","placeholder":"Data"},"birthday":{"_":"Compleanno"},"dateFormat":{"_":"%e %B"},"dateOutput":{"_":"{{dayMonthFormatted}} {{year}}"},"anniversary":{"_":"Anniversario"},"addPhoto":{"_":"Aggiungi foto"},"addPhone":{"_":"Aggiungi telefono"},"addEmail":{"_":"Aggiungi email"},"addAddress":{"_":"Aggiungi indirizzo"},"addDate":{"_":"Aggiungi data"},"addComment":{"_":"Aggiungi commento"},"addFavorite":{"_":"Aggiungi ai preferiti"},"removeFavorite":{"_":"Elimina dai preferiti"},"label":{"_":"Etichetta"},"mobile":{"_":"Cellulare"},"home":{"_":"Casa"},"work":{"_":"Lavoro"},"personal":{"_":"Personale"},"faxHome":{"_":"Fax casa"},"faxOffice":{"_":"Fax ufficio"},"faxOther":{"_":"Altro fax"},"another":{"_":"Altro"},"other":{"_":"Altro"},"current":{"_":"Corrente"},"itemWithLabel":{"_":"{{label}}: {{item}}"},"exit":{"_":"Esci"},"expand":{"_":"Espandi"},"labelName":{"_":"Nome:"},"labelLastName":{"_":"Cognome:"},"labelPhoneNumber":{"_":"Numero di telefono:"},"labelCarrier":{"_":"Gestore:"},"labelEmail":{"_":"Email:"},"labelStreet":{"_":"Via:"},"labelZip":{"_":"CAP:"},"labelCity":{"_":"Città:"},"labelCountry":{"_":"Nazione:"},"labelComment":{"_":"Commento:"},"legendTitleMain":{"_":"Informazioni principali"},"legendPhones":{"_":"Numeri di telefono"},"legendEmail":{"_":"Indirizzo email"},"legendAddress":{"_":"Indirizzo"},"settings":{"_":"Impostazioni"},"search-contact":{"placeholder":"Search"},"noResults":{"_":"No contacts found"},"transferContactsTitle":{"_":"Trasferisci contatti"},"importContactsTitle":{"_":"Importa contatti"},"importContactsButton":{"_":"Importa contatti"},"exportContactsTitle":{"_":"Esporta contatti"},"exportContactsButton":{"_":"Esporta contatti"},"exportContactsAction":{"_":"Esporta"},"simExport-title":{"_":"Esporta su SIM"},"sdExport-title":{"_":"Esporta su scheda SD"},"btExport-title":{"_":"Esporta con bluetooth"},"sdUMSEnabled":{"_":"Impossibile utilizzare la scheda di memoria in quanto è attiva la funzione memoria USB"},"exportErrorTitle":{"_":"Errore esportazione"},"contactsExported2":{"_":"{[ plural(exported) ]}","_[zero]":"Nessun contatto esportato","_[one]":"{{exported}}/{{total}} contatti esportati","_[two]":"{{exported}}/{{total}} contatti esportati","_[few]":"{{exported}}/{{total}} contatti esportati","_[many]":"{{exported}}/{{total}} contatti esportati","_[other]":"{{exported}}/{{total}} contatti esportati"},"exportError-general":{"_":"Si è verificato un errore nell’esportazione"},"exportError-SD-shared":{"_":"Impossibile accedere alla scheda di memoria in quanto attualmente condivisa"},"exportError-SD-unavailable":{"_":"Scheda di memoria non disponibile"},"exportError-SD-noSpace":{"_":"Spazio disponibile sulla scheda di memoria insufficiente per esportare i contatti"},"exportError-SIM-unavailable":{"_":"Scheda SIM non disponibile"},"exportError-BT-shared":{"_":"Impossibile accedere alla scheda di memoria in quanto attualmente condivisa"},"exportError-BT-unavailable":{"_":"Scheda di memoria non disponibile"},"exportError-BT-noSpace":{"_":"Spazio disponibile sulla scheda di memoria insufficiente per esportare i contatti"},"simContacts-import":{"_":"Importa contatti SIM"},"simContacts-importing":{"_":"Importazione contatti SIM…"},"simContacts-reading":{"_":"Lettura SIM…"},"simContacts-error":{"_":"Impossibile importare contatti dalla scheda SIM"},"simContacts-imported3":{"_":"{[ plural(n) ]}","_[zero]":"Non sono stati trovati contatti da importare sulla SIM","_[one]":"Importato un contatto","_[two]":"Importati {{n}} contatti","_[few]":"Importati {{n}} contatti","_[many]":"Importati {{n}} contatti","_[other]":"Importati {{n}} contatti"},"noSimMsg":{"_":"To import contacts insert or unlock your SIM card"},"noSimMsgExport":{"_":"Per esportare i contatti inserire o sbloccare la scheda SIM"},"simNumber":{"_":"SIM {{number}}"},"memoryCardContacts-import":{"_":"Importa contatti da scheda di memoria"},"memoryCardContacts-importing":{"_":"Importazione contatti da scheda di memoria…"},"memoryCardContacts-reading":{"_":"Lettura scheda di memoria…"},"memoryCardContacts-error":{"_":"Impossibile importare i contatti dalla scheda di memoria"},"memoryCardContacts-imported3":{"_":"{[ plural(n) ]}","_[zero]":"Non sono stati trovati contatti da importare sulla scheda di memoria","_[one]":"Importato un contatto","_[two]":"Importati {{n}} contatti","_[few]":"Importati {{n}} contatti","_[many]":"Importati {{n}} contatti","_[other]":"Importati {{n}} contatti"},"noMemoryCardMsg":{"_":"To import contacts insert a memory card"},"noMemoryCardMsgExport":{"_":"Inserire una scheda di memoria per esportare i contatti"},"genericProgress":{"_":"{{current}}/{{total}}"},"social-network":{"_":"Social network"},"social-link":{"_":"Collega contatto"},"social-unlink":{"_":"Scollega contatto"},"social-unlink-confirm-title":{"_":"Scollegare i propri amici?"},"social-unlink-confirm-accept":{"_":"Scollega"},"facebook-import":{"_":"Importa amici da Facebook"},"show-fb-profile":{"_":"Visualizza profilo Facebook"},"msg-send":{"_":"Messaggio"},"wall-post":{"_":"Bacheca"},"facebook":{"_":"Facebook"},"facebook-import-msg":{"_":"{[ plural(imported) ]}","_[zero]":"Nessun amico importato (su {{total}})","_[one]":"Un amico importato (su {{total}})","_[two]":"{{imported}}/{{total}} amici importati","_[few]":"{{imported}}/{{total}} amici importati","_[many]":"{{imported}}/{{total}} amici importati","_[other]":"{{imported}}/{{total}} amici importati"},"otherAccount":{"_":"Altri account"},"facebookSwitchMsg":{"_":"Sincronizza amici"},"select_mobile":{"_":"Seleziona cellulare"},"select_email":{"_":"Seleziona email"},"contactsOrderBy":{"_":"Ordina per cognome"},"importSim2":{"_":"Scheda SIM"},"importMemoryCard":{"_":"Memory card"},"importGmail":{"_":"Gmail"},"bluetooth":{"_":"Bluetooth"},"importOutlook":{"_":"Outlook"},"fbUpdateFriends":{"_":"Aggiorna amici importati"},"cleaningFbData":{"_":"Rimozione dati Facebook"},"loggingOutFb":{"_":"Disconnessione da Facebook"},"cleanFbConfirmMsg":{"_":"Rimuovere tutti i dati di Facebook?"},"renewPwdMsg":{"_":"La password di Facebook è cambiata. Aggiornarla."},"noConnection11":{"_":"To import Facebook friends or contacts connect to Wi-Fi or data network"},"notEnabledYet":{"_":"Attualmente non attivo"},"genericNoConnection":{"_":"Per importare i contatti attivare una connessione dati o Wi-Fi"},"simCard":{"_":"Scheda SIM"},"memoryCard":{"_":"Scheda di memoria"},"create-new":{"_":"Crea un nuovo contatto"},"import-now":{"_":"Importa i contatti dalla scheda SIM o da Facebook"},"no-contacts":{"_":"Nessun contatto"},"start-adding":{"_":"Inizia subito ad aggiungerne"},"notImported":{"_":"Non importato"},"imported":{"_":"Importato"},"today":{"_":"Oggi"},"yesterday":{"_":"Ieri"},"messageCanceling":{"_":"Please hold on. We are canceling the ongoing operation."},"organise-contacts":{"_":"Organizza contatti"},"find-merge-contacts":{"_":"Trova contatti duplicati"},"preparing-contacts":{"_":"Preparazione contatti"},"exportError-SIM-NoFreeRecordFound":{"_":"Spazio esaurito sulla SIM"},"exportError-SIM-CannotAccessPhoneBook":{"_":"Impossibile accedere alla rubrica della SIM"},"exportError-SIM-Unavailable":{"_":"Nessuna SIM presente"},"exportError-SIM-GenericError":{"_":"Si è verificato un errore nell’esportazione dei contatti"},"delete":{"_":"Elimina"},"date-span-placeholder":{"_":"Data"},"ContactManagementTitle":{"_":"Gestione contatti"},"DeleteTitle":{"_":"Elimina"},"bulkDeleteButton":{"_":"Elimina contatti"},"BulkDelCancel":{"_":"Operazione annullata"},"DeletedTxt":{"_":"{[ plural(n) ]}","_[zero]":"Nessun contatto da eliminare","_[one]":"1 contatto eliminato","_[two]":"{{n}} contatti eliminati","_[few]":"{{n}} contatti eliminati","_[many]":"{{n}} contatti eliminati","_[other]":"{{n}} contatti eliminati"},"DeletingContacts":{"_":"Eliminazione contatti"},"ContactConfirmDel":{"_":"{[ plural(n) ]}","_[zero]":"Nessun contatto da eliminare","_[one]":"Eliminare 1 contatto? L’operazione non può essere annullata.","_[two]":"Eliminare {{n}} contatto? L’operazione non può essere annullata.","_[few]":"Eliminare {{n}} contatto? L’operazione non può essere annullata.","_[many]":"Eliminare {{n}} contatto? L’operazione non può essere annullata.","_[other]":"Eliminare {{n}} contatto? L’operazione non può essere annullata."},"SelectedTxt":{"_":"{[ plural(n) ]}","_[zero]":"Contatti","_[one]":"{{n}} selezionato","_[two]":"{{n}} selezionati","_[few]":"{{n}} selezionati","_[many]":"{{n}} selezionati","_[other]":"{{n}} selezionati"},"fdnIsActiveTitle":{"_":"FDN attivo"},"fdnIsActiveMessage":{"_":"FDN (Numeri selezione fissa) è attivo e il seguente numero non è incluso nell’elenco FDN: {{ number }}"},"pincode2":{"_":"Inserire PIN"},"type_pin":{"_":"Digitare codice PIN"},"pincodeLabel":{"_":"PIN SIM {{n}}"},"pinValidation":{"_":"Il PIN deve essere lungo da 4 a 8 caratteri."},"pinError":{"_":"Il PIN è errato."},"pinAttemptMsg2":{"_":"{[ plural(n) ]}","_[one]":"È rimasto un solo tentativo per inserire il codice corretto prima del blocco della SIM.","_[two]":"Rimangono {{n}} tentativi per inserire il codice corretto prima del blocco della SIM.","_[few]":"Rimangono {{n}} tentativi per inserire il codice corretto prima del blocco della SIM.","_[many]":"Rimangono {{n}} tentativi per inserire il codice corretto prima del blocco della SIM.","_[other]":"Rimangono {{n}} tentativi per inserire il codice corretto prima del blocco della SIM."},"pinLastChanceMsg":{"_":"Ultima possibilità per inserire il PIN corretto. In caso contrario sarà necessario inserire il codice PUK per utilizzare questa scheda SIM."},"pukcode":{"_":"Inserire PUK"},"pukcodeTitle":{"_":"Inserire PUK per SIM {{n}}"},"pukcodeLabel":{"_":"PUK SIM {{n}}"},"type_puk":{"_":"Codice PUK"},"pukValidation":{"_":"Il codice PUK contiene esattamente 8 caratteri."},"pukInfo":{"_":"È necessario inserire il codice PUK della scheda SIM. Fare riferimento alla documentazione rilasciata con la SIM o contattare il proprio gestore per ulteriori informazioni."},"pukError":{"_":"Il PUK è errato."},"pukAttemptMsg2":{"_":"{[ plural(n) ]}","_[one]":"È rimasto un solo tentativo per inserire il codice corretto prima che la SIM diventi completamente inutilizzabile. Per ulteriori informazioni fare riferimento alla documentazione o contattare il gestore.","_[two]":"Rimangono {{n}} tentativi per inserire il codice corretto prima che la SIM diventi completamente inutilizzabile. Per ulteriori informazioni fare riferimento alla documentazione o contattare il gestore.","_[few]":"Rimangono {{n}} tentativi per inserire il codice corretto prima che la SIM diventi completamente inutilizzabile. Per ulteriori informazioni fare riferimento alla documentazione o contattare il gestore.","_[many]":"Rimangono {{n}} tentativi per inserire il codice corretto prima che la SIM diventi completamente inutilizzabile. Per ulteriori informazioni fare riferimento alla documentazione o contattare il gestore.","_[other]":"Rimangono {{n}} tentativi per inserire il codice corretto prima che la SIM diventi completamente inutilizzabile. Per ulteriori informazioni fare riferimento alla documentazione o contattare il gestore."},"pukLastChanceMsg":{"_":"Questo è l’ultimo tentativo rimasto per inserire il codice PUK corretto. Inserendo un codice PUK errato la scheda SIM diventerà inutilizzabile."},"create_newpin":{"_":"Crea nuovo PIN (da 4 a 8 cifre)"},"confirm_newpin":{"_":"Conferma nuovo PIN"},"newpinConfirmation":{"_":"I PIN non corrispondono."},"nckcode":{"_":"Inserire codice NCK"},"cckcode":{"_":"Inserire codice CCK"},"spckcode":{"_":"Inserire codice SPCK"},"nckcodeTitle":{"_":"Inserire NCK per SIM {{n}}"},"cckcodeTitle":{"_":"Inserire CCK per SIM {{n}}"},"spckcodeTitle":{"_":"Inserire SPCK per SIM {{n}}"},"nckcodeLabel":{"_":"NCK SIM {{n}}"},"cckcodeLabel":{"_":"CCK SIM {{n}}"},"spckcodeLabel":{"_":"SPCK SIM {{n}}"},"type_nck":{"_":"Digitare codice NCK"},"type_cck":{"_":"Digitare codice CCK"},"type_spck":{"_":"Digitare codice SPCK"},"nckValidation":{"_":"NCK deve essere compreso tra 8 e 16 caratteri."},"cckValidation":{"_":"CCK deve essere compreso tra 8 e 16 caratteri."},"spckValidation":{"_":"SPCK deve essere compreso tra 8 e 16 caratteri."},"nckErrorMsg":{"_":"Il codice NCK è errato."},"nckAttemptMsg2":{"_":"{[ plural(n) ]}","_[one]":"Richiesta di rimozione della personalizzazione di rete non riuscita. Rimane un solo tentativo per inserire il codice corretto. Fare riferimento alla documentazione del dispositivo o contattare il proprio gestore per ulteriori informazioni.","_[two]":"Richiesta di rimozione della personalizzazione di rete non riuscita. Rimangono {{n}} tentativi per inserire il codice corretto. Fare riferimento alla documentazione del dispositivo o contattare il proprio gestore per ulteriori informazioni.","_[few]":"Richiesta di rimozione della personalizzazione di rete non riuscita. Rimangono {{n}} tentativi per inserire il codice corretto. Fare riferimento alla documentazione del dispositivo o contattare il proprio gestore per ulteriori informazioni.","_[many]":"Richiesta di rimozione della personalizzazione di rete non riuscita. Rimangono {{n}} tentativi per inserire il codice corretto. Fare riferimento alla documentazione del dispositivo o contattare il proprio gestore per ulteriori informazioni.","_[other]":"Richiesta di rimozione della personalizzazione di rete non riuscita. Rimangono {{n}} tentativi per inserire il codice corretto. Fare riferimento alla documentazione del dispositivo o contattare il proprio gestore per ulteriori informazioni."},"nckLastChanceMsg":{"_":"Richiesta di rimozione della personalizzazione di rete non riuscita. Ultimo tentativo per inserire il codice NCK corretto. Fare riferimento alla documentazione del dispositivo o contattare il proprio gestore per ulteriori informazioni."},"skip":{"_":"Ignora"},"send":{"_":"Invia"},"simLocked":{"_":"La scheda SIM è bloccata."},"inputCodeRetriesLeft":{"_":"{[ plural(n) ]}","_[one]":"Ultimo tentativo.","_[two]":"{{n}} tentativi rimasti.","_[few]":"{{n}} tentativi rimasti.","_[many]":"{{n}} tentativi rimasti.","_[other]":"{{n}} tentativi rimasti."},"simManager":{"_":"Gestore SIM"},"simDetail":{"_":"SIM {{n}}"},"simDefault":{"_":"(predefinita)"},"simDefaultMessage":{"_":"Chiamate in uscita, messaggi e connessione dati sono associati alla SIM 1 per impostazione predefinita"},"simSettingsMessage":{"_":"È possibile modificare le impostazioni predefinite in Impostazioni > Gestione SIM"},"simPinLocked":{"_":"SIM bloccata da PIN"},"noOperator":{"_":"Nessun gestore"},"language":{"_":"Lingua"},"english":{"_":"Inglese"},"dvorak":{"_":"Inglese (Dvorak)"},"spanish":{"_":"Spagnolo"},"portuguese":{"_":"Portoghese brasiliano"},"french":{"_":"Francese"},"italian":{"_":"Italiano"},"arabic":{"_":"Arabo"},"greek":{"_":"Greco"},"hebrew":{"_":"Ebraico"},"jp-kanji":{"_":"Giapponese"},"jp-kanji-desc":{"_":"Kanji"},"traditionalChinese":{"_":"Cinese tradizionale"},"traditionalChinese-desc":{"_":"Zhuyin"},"simplifiedChinese":{"_":"Cinese semplificato"},"simplifiedChinese-desc":{"_":"Pinyin"},"3g":{"_":"Connessione dati"},"dataConnection":{"_":"Attiva conness. dati"},"dataConnectionInfo":{"_":"Attivando una connessione dati sarà possibile configurare il telefono senza una connessione Wi-Fi. È comunque possibile attivarla successivamente in Impostazioni, assicurarsi prima di avere un piano dati con il proprio gestore per evitare addebiti eccessivi."},"caution":{"_":"Attenzione"},"geolocation":{"_":"Georilevazione"},"geolocationCheckbox":{"_":"Attiva georilevazione"},"geolocationInfo2":{"_":"{{brandShortName}} utilizza dati quali GPS, Wi-Fi e reti di connessione dati per stabilire una posizione approssimativa del dispositivo."},"geolocationInfoMore":{"_":"I dati raccolti vengono inviati a Mozilla e altri fornitori di servizi e vengono utilizzati in forma aggregata per migliorare la funzione di georilevazione. Alcune informazioni potrebbero essere memorizzate sul dispositivo o rilevate anche quando non ci sono applicazioni in esecuzione."},"notice":{"_":"Attenzione"},"aboutYourPrivacy":{"_":"Altre informazioni sulla privacy"},"wifi":{"_":"Wi-Fi"},"scanningNetworks":{"_":"Scansione reti"},"selectNetwork":{"_":"Scelta rete"},"shortStatus-connecting":{"_":"Connessione…"},"shortStatus-associated":{"_":"Recupero indirizzo IP…"},"shortStatus-connected":{"_":"Connesso"},"shortStatus-connectingfailed":{"_":"Connessione non riuscita"},"shortStatus-disconnected":{"_":"Disconnesso"},"securedBy":{"_":"protetta da {{capabilities}}"},"security":{"_":"Sicurezza"},"securityNone":{"_":"Nessuna"},"securityWEP":{"_":"WEP"},"securityWPA-PSK":{"_":"WPA-PSK"},"securityWPA-EAP":{"_":"WPA-EAP"},"securityOpen":{"_":"Aperta"},"identity":{"_":"Utente"},"identityInput":{"placeholder":"Utente"},"password":{"_":"Password"},"passwordInput":{"placeholder":"Password"},"showPassword":{"_":"Mostra password"},"refresh":{"_":"Aggiorna"},"noWifiFound3":{"_":"Nessuna rete wireless rilevata"},"join-hidden-button":{"_":"Conness. rete nascosta"},"authentication":{"_":"Autenticazione"},"ssid-name":{"_":"SSID rete"},"dateAndTime":{"_":"Data e ora"},"setTimeAutomatically":{"_":"Imposta automaticamente"},"timezoneMessage":{"_":"Fuso orario"},"timezoneTitle":{"_":"UTC{{utcOffset}} {{region}}/{{city}}"},"dateMessage":{"_":"Data"},"timeMessage":{"_":"Ora"},"timeZone":{"_":"Fuso orario"},"change":{"_":"Modifica"},"importContacts3":{"_":"Importa contatti"},"importFb2":{"_":"Facebook"},"fb-checking":{"_":"… controllo in corso"},"notImportedYet":{"_":"Non ancora importati"},"afterFbImport":{"_":"È possibile importare e modificare in qualunque momento gli amici di Facebook nei Contatti"},"about-your-rights-0":{"_":"{{brandShortName}} è realizzato sulla base di software libero, gratuito e Open Source da una comunità di migliaia di persone nel mondo. Informazioni che dovresti conoscere:"},"about-your-rights-1":{"_":"{{brandShortName}} è disponibile nei termini di diverse licenze Open Source, inclusa la Mozilla Public License. Un dispositivo con {{brandShortName}} potrebbe includere software proprietario di terze parti. Qualsiasi codice distribuito con licenza aperta garantisce all’utente il diritto di modificare il codice sorgente e distribuire le versioni modificate, purché vengano rispettati i termini della licenza stessa."},"about-your-rights-2":{"_":"Mozilla non attribuisce all’Utente alcun diritto o licenza relativamente all’utilizzo dei marchi registrati da Mozilla Foundation o da altri soggetti, inclusi senza alcuna limitazione il nome {{brandShortName}} e i logo associati."},"about-your-rights-3":{"_":"Alcune caratteristiche di {{brandShortName}}, come ad esempio Crash Reporter, offrono la possibilità di inviare commenti e suggerimenti a Mozilla. Scegliendo di trasmettere questi dati, si garantisce a Mozilla il permesso di utilizzare queste informazioni per migliorare i propri prodotti, pubblicare sui propri siti web o distribuire i dati raccolti."},"about-other":{"_":"Altro"},"SIM_mandatory":{"_":"Avviso scheda SIM"},"SIM_mandatory_warm":{"_":"Inserire una scheda SIM e riavviare il telefono."},"sharing-performance-data":{"_":"Condivisione dati prestazioni"},"telemetry-sends":{"_":"La telemetria invia a Mozilla informazioni su prestazioni, hardware, utilizzo e personalizzazioni del dispositivo {{brandShortName}}. Queste informazioni vengono utilizzate per rendere i nostri prodotti migliori, più veloci e reattivi."},"learn-more-at":{"_":"Learn more at"},"external-telemetry":{"title":"Telemetry"},"learn-about-information":{"_":"Learn how Mozilla handles your information at"},"external-privacy":{"title":"Privacy"},"welcomeBrowser":{"_":"Benvenuto in {{brandShortName}}, il sistema operativo libero, gratuito e Open Source realizzato da Mozilla. La nostra missione è promuovere apertura, innovazione e opportunità garantendo alle persone il pieno controllo del Web."},"learnHow":{"_":"Learn how Mozilla handles your information in our"},"privacyPolicy":{"_":"privacy policy","title":"Privacy policy"},"aboutBrowser":{"_":"Info su {{brandShortName}}"},"aboutYourPrivacy2":{"_":"La tua privacy"},"mozillaCommunity2":{"_":"Utilizzando {{brandShortName}} entri a far parte di una comunità mondiale impegnata nella realizzazione di un futuro migliore per il Web. Per ulteriori informazioni su Mozilla, scoprire i nostri prodotti o eventi nella tua zona, inserisci il tuo indirizzo email."},"collaborate":{"_":"Voglio contribuire al miglioramento di {{brandShortName}} condividendo informazioni sul mio telefono."},"learnMore":{"_":"Ulteriori informazioni."},"emailAddress":{"placeholder":"Indirizzo email"},"email-successfully-added":{"_":"Email aggiunta correttamente"},"email-loading":{"_":"Salvataggio email…"},"browserPrivacyChoices":{"_":"Privacy - {{brandShortName}}"},"privacy-b2g":{"_":"{{brandShortName}}","title":"{{brandShortName}}"},"privacy-marketplace":{"_":"Marketplace","title":"{{privacy-marketplace}}"},"privacy-e-me":{"_":"everything.me","title":"{{privacy-e-me}}"},"navbar-back":{"_":"Indietro"},"navbar-next":{"_":"Avanti"},"navbar-join":{"_":"Connetti"},"thatsIt":{"_":"È tutto."},"startYourPhone":{"_":"Avvia il tour del telefono"},"startYourTablet":{"_":"Avvia il tour del tablet"},"joinTutorial":{"_":"Segui una breve guida sul funzionamento di questo telefono."},"enjoyYourPhone":{"_":"Il telefono è pronto per l’uso."},"optionsAvailable":{"_":"È possibile modificare lingua, data, ora e connessione Wi-Fi in Impostazioni."},"letsGo":{"_":"Puoi iniziare"},"startTour":{"_":"Inizia il tour"},"thatsIt1Tablet-2":{"_":"È sempre possibile passare il dito dal bordo inferiore per tornare alla schermata principale."},"thatsIt2Tablet-2":{"_":"Prova subito"},"tutorial-step1-tiny":{"_":"Passa il dito da destra a sinistra per visualizzare le applicazioni."},"tutorial-step2-tiny":{"_":"Tocca un’icona e tieni premuto per eliminarla o spostarla."},"tutorial-step3-tiny":{"_":"Inserisci un termine di ricerca o un argomento e il telefono si adatterà immediatamente."},"tutorial-step4-tiny":{"_":"Passa il dito verso il basso per visualizzare notifiche, informazioni sul credito e impostazioni."},"tutorial-step5-tiny":{"_":"Tocca il pulsante home e tieni premuto per sfogliare o chiudere le applicazioni recenti."},"tutorial-step6-tiny":{"_":"Passa il dito dal lato dello schermo per spostarti tra le applicazioni recenti."},"tutorial-step1-large-2":{"_":"Passa il dito dall’alto verso il basso per visualizzare notifiche, informazioni sul credito e impostazioni."},"tutorial-step2-large-2":{"_":"Passa il dito verso sinistra o destra per scoprire nuove applicazioni sulla schermata principale."},"tutorial-step3-large-2":{"_":"Tocca un’icona e tieni premuto per eliminarla o spostarla."},"tutorial-step4-large-2":{"_":"Passa due dita dal bordo inferiore per attivare la visualizzazione a schede."},"offline-dialog-title":{"_":"Per visualizzare questa pagina è necessaria una connessione a Internet."},"offline-dialog-text":{"_":"Tornare indietro e connettersi a Internet. È possibile visualizzare questa pagina successivamente in Impostazioni o aprendo {{url}} nel browser."},"OK":{"_":"OK"},"offline-newsletter-dialog-title":{"_":"Per iscriversi alla newsletter è necessaria una connessione a Internet."},"offline-newsletter-dialog-text":{"_":"Tornare indietro e connettersi a Internet."},"invalid-email-dialog-title":{"_":"L’email non è valida."},"invalid-email-dialog-text":{"_":"Tornare indietro e correggere i dati inseriti."},"nck1code":{"_":"Inserire codice NCK1"},"nck2code":{"_":"Inserire codice NCK2"},"hnckcode":{"_":"Inserire codice HNCK"},"rcckcode":{"_":"Inserire codice RCCK"},"rspckcode":{"_":"Inserire codice RSPCK"},"nck1codeTitle":{"_":"Inserire NCK1 per SIM {{n}}"},"nck2codeTitle":{"_":"Inserire NCK2 per SIM {{n}}"},"hnckcodeTitle":{"_":"Inserire HNCK per SIM {{n}}"},"rcckcodeTitle":{"_":"Inserire RCCK per SIM {{n}}"},"rspckcodeTitle":{"_":"Inserire RSPCK per SIM {{n}}"},"nck1codeLabel":{"_":"NCK1 SIM {{n}}"},"nck2codeLabel":{"_":"NCK2 SIM {{n}}"},"hnckcodeLabel":{"_":"HNCK SIM {{n}}"},"rcckcodeLabel":{"_":"RCCK SIM {{n}}"},"rspckcodeLabel":{"_":"RSPCK SIM {{n}}"},"type_nck1":{"_":"Digitare codice NCK1"},"type_nck2":{"_":"Digitare codice NCK2"},"type_hnck":{"_":"Digitare codice HNCK"},"type_rcck":{"_":"Digitare codice RCCK"},"type_rspck":{"_":"Digitare codice RSPCK"},"nck1Validation":{"_":"NCK1 deve essere compreso tra 8 e 16 caratteri. "},"nck2Validation":{"_":"NCK2 deve essere compreso tra 8 e 16 caratteri. "},"hnckValidation":{"_":"HNCK deve essere compreso tra 8 e 16 caratteri. "},"rcckValidation":{"_":"RCCK deve essere compreso tra 8 e 16 caratteri. "},"rspckValidation":{"_":"RSPCK deve essere compreso tra 8 e 16 caratteri."},"firefox-accounts":{"_":"Firefox Account"},"fxa-overview":{"innerHTML":"Firefox Account permette di utilizzare funzioni come Trova dispositivo e app come Firefox Marketplace."},"fxa-create-account-or-sign-in":{"_":"Crea account o accedi"},"fxa-email-sent":{"_":"Un link di verifica è stato inviato a {{email}}"},"learn-more-telemetry":{"innerHTML":"Ulteriori informazioni alla pagina {{link}}"},"learn-more-information":{"innerHTML":"Scopri in che modo Mozilla gestisce i dati dell’utente visitando {{link}}"},"learn-more-privacy":{"innerHTML":"Scopri in che modo Mozilla gestisce i dati dell’utente nell’{{link}}."},"learn-more-privacy-link":{"_":"informativa sulla privacy"},"weekday-0-long":{"_":"domenica"},"weekday-1-long":{"_":"lunedì"},"weekday-2-long":{"_":"martedì"},"weekday-3-long":{"_":"mercoledì"},"weekday-4-long":{"_":"giovedì"},"weekday-5-long":{"_":"venerdì"},"weekday-6-long":{"_":"sabato"},"weekday-0-short":{"_":"dom"},"weekday-1-short":{"_":"lun"},"weekday-2-short":{"_":"mar"},"weekday-3-short":{"_":"mer"},"weekday-4-short":{"_":"gio"},"weekday-5-short":{"_":"ven"},"weekday-6-short":{"_":"sab"},"month-0-long":{"_":"gennaio"},"month-1-long":{"_":"febbraio"},"month-2-long":{"_":"marzo"},"month-3-long":{"_":"aprile"},"month-4-long":{"_":"maggio"},"month-5-long":{"_":"giugno"},"month-6-long":{"_":"luglio"},"month-7-long":{"_":"agosto"},"month-8-long":{"_":"settembre"},"month-9-long":{"_":"ottobre"},"month-10-long":{"_":"novembre"},"month-11-long":{"_":"dicembre"},"month-0-genitive":{"_":"gennaio"},"month-1-genitive":{"_":"febbraio"},"month-2-genitive":{"_":"marzo"},"month-3-genitive":{"_":"aprile"},"month-4-genitive":{"_":"maggio"},"month-5-genitive":{"_":"giugno"},"month-6-genitive":{"_":"luglio"},"month-7-genitive":{"_":"agosto"},"month-8-genitive":{"_":"settembre"},"month-9-genitive":{"_":"ottobre"},"month-10-genitive":{"_":"novembre"},"month-11-genitive":{"_":"dicembre"},"month-0-short":{"_":"gen"},"month-1-short":{"_":"feb"},"month-2-short":{"_":"mar"},"month-3-short":{"_":"apr"},"month-4-short":{"_":"mag"},"month-5-short":{"_":"giu"},"month-6-short":{"_":"lug"},"month-7-short":{"_":"ago"},"month-8-short":{"_":"set"},"month-9-short":{"_":"ott"},"month-10-short":{"_":"nov"},"month-11-short":{"_":"dic"},"minutes-ago-long":{"_":"{[ plural(value) ]}","_[zero]":"adesso","_[one]":"un minuto fa","_[two]":"{{value}} minuti fa","_[few]":"{{value}} minuti fa","_[many]":"{{value}} minuti fa","_[other]":"{{value}} minuti fa"},"hours-ago-long":{"_":"{[ plural(value) ]}","_[zero]":"adesso","_[one]":"un’ora fa","_[two]":"{{value}} ore fa","_[few]":"{{value}} ore fa","_[many]":"{{value}} ore fa","_[other]":"{{value}} ore fa"},"days-ago-long":{"_":"{[ plural(value) ]}","_[zero]":"oggi","_[one]":"ieri","_[two]":"{{value}} giorni fa","_[few]":"{{value}} giorni fa","_[many]":"{{value}} giorni fa","_[other]":"{{value}} giorni fa"},"weeks-ago-long":{"_":"{[ plural(value) ]}","_[zero]":"questa settimana","_[one]":"settimana scorsa","_[two]":"{{value}} settimane fa","_[few]":"{{value}} settimane fa","_[many]":"{{value}} settimane fa","_[other]":"{{value}} settimane fa"},"months-ago-long":{"_":"{[ plural(value) ]}","_[zero]":"questo mese","_[one]":"mese scorso","_[two]":"{{value}} mesi fa","_[few]":"{{value}} mesi fa","_[many]":"{{value}} mesi fa","_[other]":"{{value}} mesi fa"},"years-ago-long":{"_":"{[ plural(value) ]}","_[zero]":"quest’anno","_[one]":"anno scorso","_[two]":"{{value}} anni fa","_[few]":"{{value}} anni fa","_[many]":"{{value}} anni fa","_[other]":"{{value}} anni fa"},"minutes-until-long":{"_":"{[ plural(value) ]}","_[zero]":"adesso","_[one]":"tra un minuto","_[two]":"tra {{value}} minuti","_[few]":"tra {{value}} minuti","_[many]":"tra {{value}} minuti","_[other]":"tra {{value}} minuti"},"hours-until-long":{"_":"{[ plural(value) ]}","_[zero]":"adesso","_[one]":"tra un’ora","_[two]":"tra {{value}} ore","_[few]":"tra {{value}} ore","_[many]":"tra {{value}} ore","_[other]":"tra {{value}} ore"},"days-until-long":{"_":"{[ plural(value) ]}","_[zero]":"oggi","_[one]":"domani","_[two]":"tra {{value}} giorni","_[few]":"tra {{value}} giorni","_[many]":"tra {{value}} giorni","_[other]":"tra {{value}} giorni"},"weeks-until-long":{"_":"{[ plural(value) ]}","_[zero]":"questa settimana","_[one]":"prossima settimana","_[two]":"tra {{value}} settimane","_[few]":"tra {{value}} settimane","_[many]":"tra {{value}} settimane","_[other]":"tra {{value}} settimane"},"months-until-long":{"_":"{[ plural(value) ]}","_[zero]":"questo mese","_[one]":"prossimo mese","_[two]":"in {{value}} mesi","_[few]":"tra {{value}} mesi","_[many]":"tra {{value}} mesi","_[other]":"in {{value}} mesi"},"years-until-long":{"_":"{[ plural(value) ]}","_[zero]":"quest’anno","_[one]":"prossimo anno","_[two]":"tra {{value}} anni","_[few]":"tra {{value}} anni","_[many]":"tra {{value}} anni","_[other]":"tra {{value}} anni"},"minutes-ago-short":{"_":"{[ plural(value) ]}","_[zero]":"adesso","_[other]":"{{value}}m fa"},"hours-ago-short":{"_":"{[ plural(value) ]}","_[zero]":"adesso","_[other]":"{{value}}h fa"},"days-ago-short":{"_":"{[ plural(value) ]}","_[zero]":"oggi","_[other]":"{{value}}g fa"},"minutes-until-short":{"_":"{[ plural(value) ]}","_[zero]":"adesso","_[other]":"tra {{value}}m"},"hours-until-short":{"_":"{[ plural(value) ]}","_[zero]":"adesso","_[other]":"tra {{value}}h"},"days-until-short":{"_":"{[ plural(value) ]}","_[zero]":"oggi","_[other]":"tra {{value}}d"},"incorrectDate":{"_":"(data errata)"},"dateTimeFormat_%c":{"_":"%a %e %b %Y %H:%M:%S"},"dateTimeFormat_%x":{"_":"%d/%m/%Y"},"dateTimeFormat_%X":{"_":"%H:%M:%S"},"shortTimeFormat":{"_":"%H:%M"},"shortDateTimeFormat":{"_":"%x %H:%M"},"weekStartsOnMonday":{"_":"1"},"time_am":{"_":"AM"},"time_pm":{"_":"PM"},"tz-region":{"_":"Regione"},"tz-city":{"_":"Città"},"tzRegion-Africa":{"_":"Africa"},"tzRegion-America":{"_":"America"},"tzRegion-Antarctica":{"_":"Antartide"},"tzRegion-Asia":{"_":"Asia"},"tzRegion-Atlantic":{"_":"Oceano Atlantico"},"tzRegion-Australia":{"_":"Australia"},"tzRegion-Europe":{"_":"Europa"},"tzRegion-Indian":{"_":"Oceano Indiano"},"tzRegion-Pacific":{"_":"Oceano Pacifico"},"close":{"_":"Close"},"import":{"_":"Import"},"fbFriends":{"_":"Facebook Friends"},"live-serviceName":{"_":"Outlook"},"gmail-serviceName":{"_":"Gmail"},"facebook-serviceName":{"_":"Facebook Friends"},"viewAll":{"_":"View All Facebook Friends"},"viewRecommend":{"_":"View Only Recommended"},"linkProposal":{"_":"{[ plural(numFriends) ]}","_[zero]":"No matching friends. Showing all","_[one]":"Select the recommended one","_[two]":"Select a recommended one","_[few]":"Select a recommended one","_[many]":"Select a recommended one","_[other]":"Select a recommended one"},"fbFriendsFound":{"_":"{[ plural(numFriends) ]}","_[zero]":"All your friends are imported","_[one]":"Found one friend to import","_[two]":"Found {{numFriends}} friends to import","_[few]":"Found {{numFriends}} friends to import","_[many]":"Found {{numFriends}} friends to import","_[other]":"Found {{numFriends}} friends to import"},"done-search":{"_":"Done"},"progressFB3ImportTitle":{"_":"Importing friends to Contacts"},"progressFB":{"_":"{{current}}/{{total}}"},"progressFB3UpdateTitle":{"_":"Updating friends in Contacts"},"message2":{"_":"This may take a couple of minutes"},"messageLinking":{"_":"Please hold on. We are linking your friend and your contact."},"error1":{"_":"Error {{from}}"},"error2":{"_":"Do you want to retry?"},"errorProposal":{"_":"calculating proposals"},"errorFriends":{"_":"retrieving friends"},"errorLinking":{"_":"linking contact"},"timeout1":{"_":"Exceeded timeout {{from}}"},"timeout2":{"_":"Do you want to retry?"},"timeoutProposal":{"_":"calculating proposals"},"timeoutFriends":{"_":"retrieving friends"},"timeoutLinking":{"_":"linking contacts"},"wait1":{"_":"Please hold on"},"wait2":{"_":"This may take a couple of minutes"},"waitProposal":{"_":"Please hold on. We are calculating a proposal."},"waitFriends":{"_":"Please hold on. We are connecting to obtain your friend list."},"curtainCancel":{"_":"Cancel"},"curtainRetry":{"_":"Retry"},"curtainOK":{"_":"OK"},"connectionLost":{"_":"No Internet connection"},"connectionLostMsg":{"_":"Friends’ photos will not be added to your contacts. Continue anyway?"},"yesOption":{"_":"OK"},"noOption":{"_":"Cancel"},"friendsUpdated":{"_":"{[ plural(numFriends) ]}","_[zero]":"No friends updated","_[one]":"Updated one friend","_[two]":"Updated {{numFriends}} friends","_[few]":"Updated {{numFriends}} friends","_[many]":"Updated {{numFriends}} friends","_[other]":"Updated {{numFriends}} friends"},"notificationLogin":{"_":"Your Facebook session is invalid. Please sign in."},"syncError":{"_":"There was an error synchronizing your friend’s data"},"addToExistingContact":{"_":"Aggiungi a contatto esistente"},"all":{"_":"Tutte","ariaLabel":"Tutte"},"callLog":{"_":"Registro chiamate"},"connecting":{"_":"Connessione…"},"cf-async":{"_":"Asincrono: {{ async }}\n"},"cf-data":{"_":"Dati: {{ data }}\n"},"cf-error":{"_":"Si è verificato un errore durante il recupero dello stato di inoltro chiamata"},"cf-fax":{"_":"FAX: {{ fax }}\n"},"cf-inactive":{"_":"Disattivato"},"cf-packet":{"_":"Pacchetto: {{ packet }}\n"},"cf-pad":{"_":"PAD: {{ pad }}\n"},"cf-sms":{"_":"SMS: {{ sms }}\n"},"cf-status":{"_":"Stato inoltro chiamata\n"},"cf-sync":{"_":"Sincrono: {{ sync }}\n"},"cf-voice":{"_":"Voce: {{ voice }}\n"},"confirm-deletion":{"_":"Eliminare le chiamate selezionate?"},"createNewContact":{"_":"Crea nuovo contatto"},"edit-selected":{"_":"{[ plural(n) ]}","_[one]":"{{ n }} selezionata","_[two]":"{{ n }} selezionate","_[few]":"{{ n }} selezionate","_[many]":"{{ n }} selezionate","_[other]":"{{ n }} selezionate"},"ignore":{"_":"Ignora chiamata"},"incoming":{"_":"In entrata"},"missed":{"_":"Perse","ariaLabel":"Perse"},"missedCall":{"_":"Chiamata persa"},"missedCallMultiSims":{"_":"(SIM {{ n }}) Chiamata persa"},"mmi-error":{"_":"Si è verificato un errore durante l’invio del messaggio"},"mmi-session-expired":{"_":"Sessione scaduta"},"mmi-successfully-sent":{"_":"Messaggio inviato correttamente"},"no-logs-msg-1":{"_":"Nessuna chiamata registrata"},"no-logs-msg-2":{"_":"Inizia a comunicare"},"no-logs-msg-3":{"_":"Nessuna chiamata persa"},"reply":{"_":"Rispondi"},"switch-calls":{"_":"Trasferisci chiamate"},"withheld-number":{"_":"Numero nascosto"},"from-contact":{"_":"Da {{ contact }}"},"from-number":{"_":"Da {{ number }}"},"from-withheld-number":{"_":"Da numero nascosto"},"sending":{"_":"Invio…"},"ussd-services":{"_":"Servizi {{ operator }}"},"type-your-response":{"placeholder":"Rispondi…"},"clear-all-text":{"_":"Cancella tutto"},"hide":{"_":"Nascondi"},"hold":{"_":"Hold","ariaLabel":"In attesa"},"resume":{"_":"Riprendi","ariaLabel":"Riprendi"},"sendSms":{"_":"Invia messaggio"},"callEnded":{"_":"Chiamata conclusa"},"via-sim":{"_":"con SIM {{ n }}"},"sim-number":{"_":"SIM {{ n }}"},"hangup-a11y-button":{"aria-label":"Hang Up","ariaLabel":"Interrompi"},"pickup-a11y-button":{"aria-label":"Pick up","ariaLabel":"Rispondi"},"unlock-a11y-button":{"aria-label":"Slider","ariaLabel":"Indicatore scorrevole"},"delete-n-log?":{"_":"{[ plural(n) ]}","_[zero]":"Nessun elemento selezionato","_[one]":"Eliminare l’elemento selezionato?","_[two]":"Eliminare {{ n }} elementi?","_[few]":"Eliminare {{ n }} elementi?","_[many]":"Eliminare {{ n }} elementi?","_[other]":"Eliminare {{ n }} elementi?"},"callDurationMinutes":{"_":"{{ m }}:{{ s }}"},"callDurationHours":{"_":"{{ h }}:{{ m }}:{{ s}}"},"suggestionMatches":{"_":"{[ plural(n) ]}","_[one]":"{{ n }} corrispondenza per “{{ matchNumber }}”","_[two]":"{{ n }} corrispondenze per “{{ matchNumber }}”","_[few]":"{{ n }} corrispondenze per “{{ matchNumber }}”","_[many]":"{{ n }} corrispondenze per “{{ matchNumber }}”","_[other]":"{{ n }} corrispondenze per “{{ matchNumber }}”"},"scCallBarring":{"_":"Blocco chiamate"},"scCallForwarding":{"_":"Inoltro chiamate"},"scClip":{"_":"ID chiam. ingresso"},"scClir":{"_":"ID chiam. uscita"},"scPwd":{"_":"Modifica password"},"scCallWaiting":{"_":"Chiamate in attesa"},"scPin":{"_":"Cambio PIN"},"scPin2":{"_":"Cambio PIN2"},"scPuk":{"_":"Sblocco PIN"},"scPuk2":{"_":"Sblocco PIN2"},"scImei":{"_":"IMEI"},"scUssd":{"_":"USSD"},"serviceClassVoice":{"_":"Voce"},"serviceClassData":{"_":"Dati"},"serviceClassFax":{"_":"FAX"},"serviceClassSms":{"_":"SMS"},"serviceClassDataSync":{"_":"Sync"},"serviceClassDataAsync":{"_":"Async"},"serviceClassPacket":{"_":"Pacchetto"},"serviceClassPad":{"_":"PAD"},"smServiceEnabled":{"_":"Il servizio è stato attivato"},"smServiceDisabled":{"_":"Il servizio è stato disattivato"},"smServiceRegistered":{"_":"Registrazione eseguita correttamente"},"smServiceErased":{"_":"Eliminazione eseguita correttamente"},"smServiceInterrogated":{"_":"Richiesta effettuata correttamente"},"smServiceNotProvisioned":{"_":"Servizio non predisposto"},"smClirPermanent":{"_":"Impossibile modificare le impostazioni ID chiamante"},"smClirDefaultOnNextCallOn":{"_":"ID chiamante impostato come riservato. Prossima chiamata: riservato"},"smClirDefaultOnNextCallOff":{"_":"ID chiamante impostato come riservato. Prossima chiamata: non riservato"},"smClirDefaultOffNextCallOn":{"_":"ID chiamante impostato come non riservato. Prossima chiamata: riservato"},"smClirDefaultOffNextCallOff":{"_":"ID chiamante impostato come non riservato. Prossima chiamata: non riservato"},"smServiceEnabledFor":{"_":"Servizio abilitato per:"},"smPinChanged":{"_":"PIN modificato correttamente"},"smPinUnblocked":{"_":"PIN sbloccato correttamente"},"smPin2Changed":{"_":"PIN2 modificato correttamente"},"smPin2Unblocked":{"_":"PIN2 sbloccato correttamente"},"emMmiError":{"_":"Problema di connessione o codice MMI non valido"},"emMmiErrorPasswordIncorrect":{"_":"Password errata"},"emMmiErrorNotSupported":{"_":"Codice MMI non valido o non supportato"},"emMmiErrorInvalidAction":{"_":"Azione non consentita"},"emMmiErrorInvalidScCode":{"_":"Codice di servizio non valido"},"emMmiErrorBadPuk":{"_":"Il PUK inserito non è corretto"},"emMmiErrorBadPin":{"_":"Il vecchio PIN inserito non è corretto."},"emMmiErrorNeedPuk2":{"_":"Inserire PUK2 per sbloccare la SIM"},"emMmiErrorMismatchPin":{"_":"I PIN inseriti non corrispondono"},"emMmiErrorInvalidPin":{"_":"Inserire un PIN da 4 a 8 cifre"},"emMmiErrorNeedsPuk":{"_":"La scheda SIM è bloccata da PUK"},"emMmiErrorEnablePin":{"_":"Non riuscito. Attiva SIM/RUIM LOCK"},"emMmiErrorMmiFdn":{"_":"È possibile comporre solo numeri prestabiliti"},"emMmiErrorStkCcUssdDial":{"_":"Richiesta USSD modificata in richiesta DIAL"},"emMmiErrorStkCcUssdSs":{"_":"Richiesta USSD modificata in richiesta SS"},"emMmiErrorStkCcUssdUssd":{"_":"Richiesta USSD modificata in richiesta USSD"},"emMmiErrorStkCcSsDial":{"_":"Richiesta SS modificata in richiesta DIAL"},"emMmiErrorStkCcSsUssd":{"_":"Richiesta SS modificata in richiesta USSD"},"emMmiErrorStkCcSsSs":{"_":"Richiesta SS modificata in richiesta SS"},"emMmiErrorPinPukAttempts":{"_":"{[ plural(n) ]}","_[one]":"{{ n }} solo tentativo rimasto","_[two]":"{{ n }} tentativi rimasti","_[few]":"{{ n }} tentativi rimasti","_[many]":"{{ n }} tentativi rimasti","_[other]":"{{ n }} tentativi rimasti"},"emMmiErrorSimBlocked":{"_":"Superato il numero massimo di tentativi. SIM bloccata"},"RadioNotAvailable":{"_":"Radio non disponibile"},"GenericFailure":{"_":"Errore generico"},"PasswordIncorrect":{"_":"Password errata"},"SimPin2":{"_":"PIN2 SIM"},"SimPuk2":{"_":"PUK2 SIM"},"RequestNotSupported":{"_":"Richiesta non supportata"},"OpNotAllowedDuringVoiceCall":{"_":"Operazione non consentita durante una chiamata"},"SmsSendFailRetry":{"_":"Invio SMS non riuscito, riprova"},"SimAbsent":{"_":"SIM assente"},"SubscriptionNotAvailable":{"_":"Iscrizione non disponibile"},"ModeNotSupported":{"_":"Modalità non supportata"},"FdnCheckFailure":{"_":"Controllo FDN non riuscito"},"IllegalSimOrMe":{"_":"SIM o ME illegali"},"DialModifiedToUssd":{"_":"Composizione modificata in USSD"},"DialModifiedToSs":{"_":"Composizione modificata in SS"},"DialModifiedToDial":{"_":"Composizione modificata in composizione"},"UssdModifiedToDial":{"_":"USSD modificato in composizione"},"UssdModifiedToSs":{"_":"USSD modificato in SS"},"UssdModifiedToUssd":{"_":"USSD modificato in USSD"},"SsModifiedToDial":{"_":"SS modificato in composizione"},"SsModifiedToUssd":{"_":"SS modificato in USSD"},"SsModifiedToSs":{"_":"SS modificato in SS"},"SubscriptionNotSupported":{"_":"Iscrizione non supportata"},"InvalidParameter":{"_":"Parametro non valido"},"RejectedByRemote":{"_":"Rifiutato da remoto"},"group-call":{"_":"{[ plural(n) ]}","_[one]":"Chiam. a gruppo ({{ n }})","_[two]":"Chiam. a gruppo ({{ n }})","_[few]":"Chiam. a gruppo ({{ n }})","_[many]":"Chiam. a gruppo ({{ n }})","_[other]":"Chiam. a gruppo ({{ n }})"},"caller-left-call":{"_":"{{ caller }} ha lasciato la telefonata."},"conferenceAddError":{"_":"Impossibile unire le chiamate"},"conferenceRemoveError":{"_":"Impossibile separare le chiamate"},"longDateFormat":{"_":"%A %e %B"},"select-audio-sources":{"_":"Seleziona sorgenti audio"},"bluetooth-handsfree-device":{"_":"Dispositivo vivavoce bluetooth"},"receiver":{"_":"Ricevitore"},"speaker":{"_":"Altoparlante"},"addNewNumber":{"_":"Aggiungi nuovo numero"},"asterisk":{"ariaLabel":"Asterisco"},"callLogEdit":{"title":"Modifica registro chiamate"},"callLogEditDialog":{"ariaLabel":"Modifica registro chiamate"},"dialerAddContact":{"ariaLabel":"Aggiungi contatto"},"dialerAddContactDialog":{"ariaLabel":"Finestra per aggiungere contatti"},"hashSign":{"ariaLabel":"Cancelletto"},"hideKeypad":{"ariaLabel":"Nascondi tastiera"},"keypad":{"ariaLabel":"Tastiera"},"keypadDelete":{"ariaLabel":"Cancella"},"makeCall":{"ariaLabel":"Effettua chiamata"},"merge":{"_":"Unisci"},"mute":{"ariaLabel":"Muto"},"newCall":{"ariaLabel":"Nuova chiamata"},"phoneNumberInput":{"ariaLabel":"Numero di telefono"},"recents":{"ariaLabel":"Chiamate recenti"},"voiceMailKey":{"ariaLabel":"Segreteria"},"speakerOption":{"ariaLabel":"Vivavoce"},"toggleKeypad":{"ariaLabel":"Attiva/disattiva tastiera"},"sim-picker-dial-via-with-number":{"_":"Componi {{ phoneNumber }} con"},"sim-picker-select-sim":{"_":"Seleziona SIM"},"sim-picker-button":{"_":"SIM {{ n }}"},"sim-picker-button-default":{"_":"(predefinita)"},"waitDuplicateContacts":{"_":"Ricerca di contatti duplicati"},"waitMergingDuplicateContacts":{"_":"Unione dei contatti duplicati"},"alertNoDuplicateContacts":{"_":"Nessun contatto duplicato"},"mergeDuplicateTitle":{"_":"Unisci duplicati"},"suggestedDuplicateContacts":{"_":"Suggerimento contatti duplicati per {{name}}"},"mergeActionButtonLabel":{"_":"{[ plural(n) ]}","_[zero]":"Nessun contatto selezionato","_[one]":"Unisci con {{n}} contatto","_[other]":"Unisci con {{n}} contatti"},"duplicatesFoundTitle":{"_":"Contatto duplicato"},"duplicatesFoundMessage":{"_":"{{name}} presenta informazioni duplicate rispetto ai seguenti contatti"}}