{"brandShortName":{"_":"B2G OS"},"browserBrandShortName":{"_":"កម្មវិធី​អ៊ីនធឺណិត"},"browserBrandFullName":{"_":"កម្មវិធី​អ៊ីនធឺណិត​ Mozilla"},"callAirplaneModeMessage":{"_":"ដើម្បី​ហៅ​ចេញ​អ្នក​ត្រូវ​បិទ​របៀប​លើ​យន្តហោះ​នៅ​ក្នុង​ការ​កំណត់។"},"callAirplaneModeBtnOk":{"_":"យល់​ព្រម"},"callAirplaneModeTitle":{"_":"ធ្វើ​ឲ្យ​សកម្ម​របៀប​លើ​យន្តហោះ"},"numberIsBusyTitle":{"_":"លេខ​ជាប់​រវល់"},"numberIsBusyMessage":{"_":"បច្ចុប្បន្ន​លេខ​កំពុង​ជាប់​រវល់។ សូម​ព្យាយាម​ម្ដង​ទៀត​ពេល​ក្រោយ។"},"fdnIsEnabledTitle":{"_":"FDN active"},"fdnIsEnabledMessage":{"_":"This number is blocked as it is not in your list of authorized numbers."},"voiceMail":{"_":"សារ​ជា​សំឡេង"},"emergencyNumber":{"_":"លេខ​ហៅ​បន្ទាន់"},"emergencyDialogBodyBadNumber":{"_":"ដើម្បី​​ធ្វើ​ការ​ហៅ ទូរស័ព្ទ​ត្រូវតែ​ភ្ជាប់​ទៅ​បណ្ដាញ។"},"emergencyDialogBodyDeviceNotAccepted":{"_":"មិន​អនុញ្ញាត​ការ​ហៅ​បន្ទាន់​តាម​បណ្ដាញ​នេះ​ទេ។"},"emergencyDialogBtnOk":{"_":"យល់​ព្រម"},"emergencyDialogTitle":{"_":"គ្មាន​ការ​តភ្ជាប់​បណ្ដាញ"},"invalidNumberToDialTitle":{"_":"លេខ​ទូរស័ព្ទ​មិន​ត្រឹមត្រូវ"},"invalidNumberToDialMessage":{"_":"លេខ​ទូរស័ព្ទ​ដែល​អ្នក​កំពុង​ហៅ​មិន​ត្រឹមត្រូវ​ទេ។"},"unableToCallTitle":{"_":"មិន​អាច​ធ្វើ​ការ​ហៅ​ទូរស័ព្ទ​ឥឡូវ​នេះ​បាន​ទេ"},"unableToCallMessage":{"_":"មិន​អាច​ធ្វើ​ការ​ហៅ។ បើ​អ្នក​​​បាន​ចុច​លេខ​រួច​ហើយ សូម​ដាក់​ទូរស័ព្ទ​​ចុះ​សិន។"},"otherConnectionInUseTitle":{"_":"ការ​តភ្ជាប់​ផ្សេង​ទៀត​កំពុង​ប្រើ"},"otherConnectionInUseMessage":{"_":"អ្នក​មាន​ការ​ហៅ​សកម្មភាព​នៅ​លើ​ការ​ហៅ​ផ្សេង​ទៀត។ អ្នក​អាច​ប្រើ​​តែ​ការ​តភ្ជាប់​មួយ​ប៉ុណ្ណោះ​នៅ​​ពេល​តភ្ជាប់​ពេល​តែមួយ។"},"add":{"_":"បន្ថែម"},"back":{"_":"Back"},"call":{"_":"ហៅ"},"edit":{"_":"កែសម្រួល"},"cancel":{"_":"បោះបង់"},"done":{"_":"ធ្វើ​រួច"},"ok":{"_":"យល់ព្រម"},"update":{"_":"Update"},"retry":{"_":"ព្យាយាម​ម្ដង​ទៀត"},"contacts":{"_":"ទំនាក់ទំនង"},"addContact":{"_":"បន្ថែម​ទំនាក់ទំនង"},"deleteContact":{"_":"លុប​ទំនាក់ទំនង"},"selectContact":{"_":"ជ្រើស​ទំនាក់ទំនង​"},"selectAll":{"_":"Select all"},"deselectAll":{"_":"Deselect all"},"editContact":{"_":"កែ​​ទំនាក់ទំនង"},"deleteConfirmMsg":{"_":"លុប​ទំនាក់ទនង​?"},"remove":{"_":"លុប​ចេញ"},"comments":{"_":"មតិយោបល់"},"no_contact_phones":{"_":"ទំនាក់ទំនង​នេះ​មិន​មាន​លេខ​ទូរសព្ទ​ទេ"},"no_contact_email":{"_":"ទំនាក់​ទំនង​នេះ​មិន​មាន​អ៊ីមែល​ទេ"},"removePhotoConfirm":{"_":"លុប​រូបភាព​​​ទំនាក់ទំនង​​ឬ?"},"loadingContacts":{"_":"កំពុង​ផ្ទុក​ទំនាក់ទំនង..."},"noContactsActivity":{"_":"មិន​អាច​បន្ថែម​ទៅ​ទំនាក់ទំនង​​​ព្រោះ​បញ្ជី​ទំនាក់ទំនង​របស់​អ្នក​​ទទេ"},"noName":{"_":"គ្មាន​ឈ្មោះ"},"givenName":{"placeholder":"ឈ្មោះ"},"familyName":{"placeholder":"នាមត្រកូល"},"tel":{"placeholder":"ទូរស័ព្ទ"},"carrier":{"_":"ក្រុមហ៊ុន​ទូរគមនាគមន៍","placeholder":"ក្រុមហ៊ុន​ទូរគមនាគមន៍"},"separator":{"_":","},"email":{"_":"អ៊ីមែល","placeholder":"អ៊ីមែល"},"streetAddress":{"placeholder":"ផ្លូវ"},"postalCode":{"placeholder":"លេខ​​កូដ​តំបន់"},"locality":{"placeholder":"ទីក្រុង"},"countryName":{"placeholder":"ប្រទេស"},"comment":{"placeholder":"មតិយោបល់"},"org":{"placeholder":"ក្រុមហ៊ុន"},"custom":{"placeholder":"ផ្ទាល់ខ្លួន","_":"ស្លាក​តាម​បំណង"},"date":{"_":"កាលបរិច្ឆេទ","placeholder":"កាលបរិច្ឆេទ"},"birthday":{"_":"ថ្ងៃកំណើត"},"dateFormat":{"_":"%B %e"},"dateOutput":{"_":"{{dayMonthFormatted}} {{year}}"},"anniversary":{"_":"បុណ្យខួប​"},"addPhoto":{"_":"បន្ថែម​រូបភាព"},"addPhone":{"_":"បន្ថែម​ទូរស័ព្ទ"},"addEmail":{"_":"បន្ថែម​អ៊ីមែល"},"addAddress":{"_":"បន្ថែម​អាសយដ្ឋាន"},"addDate":{"_":"បន្ថែម​កាលបរិច្ឆេទ"},"addComment":{"_":"បន្ថែម​មតិយោបល់"},"addFavorite":{"_":"បន្ថែម​ទៅ​សំណព្វ"},"removeFavorite":{"_":"យកចេញ​សំណព្វ"},"label":{"_":"ស្លាក"},"mobile":{"_":"ទូរស័ព្ទ​ចល័ត"},"home":{"_":"ផ្ទះ"},"work":{"_":"ការងារ"},"personal":{"_":"ផ្ទាល់​ខ្លួន"},"faxHome":{"_":"ទូរសារ​ផ្ទះ"},"faxOffice":{"_":"ទូរសារ​ការិយាល័យ"},"faxOther":{"_":"ទូរសារ​ផ្សេងៗ"},"another":{"_":"ផ្សេង"},"other":{"_":"ផ្សេងៗ"},"current":{"_":"បច្ចុប្បន្ន"},"itemWithLabel":{"_":"{{label}}, {{item}}"},"exit":{"_":"ចេញ"},"expand":{"_":"ពង្រីក"},"labelName":{"_":"ឈ្មោះ ៖"},"labelLastName":{"_":"នាម​ត្រកូល ៖"},"labelPhoneNumber":{"_":"លេខ​ទូរស័ព្ទ ៖"},"labelCarrier":{"_":"ក្រុមហ៊ុន​ទូរគមនាគមន៍ ៖"},"labelEmail":{"_":"អ៊ីមែល ៖"},"labelStreet":{"_":"វិថី ៖"},"labelZip":{"_":"លេខ​កូដ​តំបន់ ៖"},"labelCity":{"_":"ទីក្រុង ៖"},"labelCountry":{"_":"ប្រទេស ៖"},"labelComment":{"_":"មតិយោបល់ ៖"},"legendTitleMain":{"_":"ព័ត៌មាន​ចម្បង"},"legendPhones":{"_":"លេខ​ទូរស័ព្ទ"},"legendEmail":{"_":"អាសយដ្ឋាន​អ៊ីមែល"},"legendAddress":{"_":"អាសយដ្ឋាន"},"settings":{"_":"ការ​កំណត់"},"search-contact":{"placeholder":"Search"},"noResults":{"_":"No contacts found"},"transferContactsTitle":{"_":"ផ្ទេរ​ទំនាក់ទំនង"},"importContactsTitle":{"_":"នាំចូល​ទំនាក់ទំនង"},"importContactsButton":{"_":"នាំចូល​ទំនាក់ទំនង"},"exportContactsTitle":{"_":"នាំចេញ​ទំនាក់ទំនង"},"exportContactsButton":{"_":"នាំចេញ​ទំនាក់ទំនង"},"exportContactsAction":{"_":"នាំចេញ"},"simExport-title":{"_":"នាំចេញ​ទៅ SIM"},"sdExport-title":{"_":"នាំ​ចេញ​ទៅ​កាត SD"},"btExport-title":{"_":"នាំ​ចេញ​ទៅប៊្លូសធូស"},"sdUMSEnabled":{"_":"មិន​អាច​ប្រើ​កាត SD ព្រោះ​​បាន​បើក​​ដំណើរការ​ទំហំ​ផ្ទុក USB"},"exportErrorTitle":{"_":"កំហុស​នាំចេញ"},"contactsExported2":{"_":"{[ plural(exported) ]}","_[zero]":"គ្មាន​បញ្ជី​ទំនាក់​ទំនង​បាន​នាំចេញ","_[one]":"បាន​នាំចេញ​ទំនាក់ទំនង {{exported}}/{{total}}","_[two]":"បាន​នាំចេញ​ទំនាក់ទំនង {{exported}}/{{total}}","_[few]":"បាន​នាំចេញ​ទំនាក់ទំនង {{exported}}/{{total}}","_[many]":"បាន​នាំ​ចេញ​ទំនាក់ទំនង {{exported}}/{{total}}","_[other]":"បាន​នាំ​ចេញ​ទំនាក់ទំនង {{exported}}/{{total}}"},"exportError-general":{"_":"មាន​កំហុស​​​កើត​ឡើង​​អំឡុង​ពេល​នាំចេញ"},"exportError-SD-shared":{"_":"មិន​អាច​ដំណើរការ​កាត​អង្គ​ចងចាំ​បាន​ទេ ព្រោះ​វា​ត្រូវ​បាន​ចែករំលែក"},"exportError-SD-unavailable":{"_":"កាត​អង្គ​ចងចាំ​មិន​អាច​ប្រើ​បាន"},"exportError-SD-noSpace":{"_":"មិន​មាន​ទំហំ​ទំនេរ​គ្រប់គ្រាន់​នៅ​លើ​កាត​អង្គ​ចងចាំ​ដើម្បី​នាំចេញ​​​ទំនាក់ទំនង"},"exportError-SIM-unavailable":{"_":"SIM ​កាត​មិន​អាច​ប្រើ​បាន"},"exportError-BT-shared":{"_":"មិន​អាច​ដំណើរការ​កាត​អង្គ​ចងចាំ​បាន​ទេ ព្រោះ​វា​ត្រូវ​បាន​ចែក​រំលែក"},"exportError-BT-unavailable":{"_":"កាត់​អង្គ​ចងចាំ​មិន​អាច​ប្រើបាន"},"exportError-BT-noSpace":{"_":"មិន​មាន​ទំហំ​ទំនេរ​គ្រប់គ្រាន់​នៅ​លើ​កាត​អង្គ​ចងចាំ​ដើម្បី​នាំចេញ​​​​ទំនាក់ទំនង"},"simContacts-import":{"_":"នាំចូល​ទំនាក់ទំនង​ពី​​ SIM"},"simContacts-importing":{"_":"កំពុង​នាំចូល​ទំនាក់ទំនង​ពី​ SIM..."},"simContacts-reading":{"_":"កំពុង​អាន​ពី​​​ SIM កាត..."},"simContacts-error":{"_":"មិន​អាច​នាំចូល​ទំនាក់ទំនង​ពី​ SIM"},"simContacts-imported3":{"_":"{[ plural(n) ]}","_[zero]":"រក​មិន​ឃើញ​ទំនាក់ទំនង​នៅ​លើ​ SIM ដើម្បី​នាំចូល​ទេ","_[one]":"បាន​នាំចូល​ទំនាក់ទំនង​​មួយ","_[two]":"បាន​នាំចូល​ទំនាក់ទំនង {{n}}","_[few]":"បាន​នាំចូល​ទំនាក់ទំនង {{n}}","_[many]":"បាន​នាំចូល​ទំនាក់ទំនង {{n}}","_[other]":"បាន​នាំចូល​ទំនាក់ទំនង {{n}}"},"noSimMsg":{"_":"To import contacts insert or unlock your SIM card"},"noSimMsgExport":{"_":"ដើម្បី​នាំចេញ​ទំនាក់ទំនង បញ្ចូល ឬ​ដោះ​សោ SIM កាត"},"simNumber":{"_":"SIM {{number}}"},"memoryCardContacts-import":{"_":"នាំចូល​ទំនាក់ទំនង​ពី​កាត​អង្គចងចាំ"},"memoryCardContacts-importing":{"_":"កំពុង​នាំចូល​ទំនាក់ទំនង​ពី​កាត​អង្គចងចាំ..."},"memoryCardContacts-reading":{"_":"កំពុង​អាន​ពី​កាត​អង្គចងចាំ..."},"memoryCardContacts-error":{"_":"មិន​អាច​នាំចូល​ទំនាក់ទំនង​ពី​​កាត​អង្គចងចាំ"},"memoryCardContacts-imported3":{"_":"{[ plural(n) ]}","_[zero]":"រក​មិន​ឃើញ​ទំនាក់ទំនង​លើ​កាត​អង្គចងចាំ​ដើម្បីនាំចូល","_[one]":"បាន​នាំចូល​ទំនាក់ទំនង​​មួយ","_[two]":"បាន​នាំចូល​ទំនាក់ទំនង {{n}}","_[few]":"បាន​នាំចូល​ទំនាក់ទំនង {{n}}","_[many]":"បាន​នាំចូល​ទំនាក់ទំនង {{n}}","_[other]":"បាន​នាំចូល​ទំនាក់ទំនង {{n}}"},"noMemoryCardMsg":{"_":"To import contacts insert a memory card"},"noMemoryCardMsgExport":{"_":"ដើម្បី​នាំចេញ​​ទំនាក់ទំនង​ សូម​បញ្ចូល​កាត​អង្គ​ចងចាំ"},"genericProgress":{"_":"{{current}}/{{total}}"},"social-network":{"_":"បណ្ដាញ​សង្គម"},"social-link":{"_":"ភ្ជាប់​ទំនាក់ទំនង"},"social-unlink":{"_":"ផ្ដាច់​​ទំនាក់ទំនង"},"social-unlink-confirm-title":{"_":"តើ​អ្នក​ចង់​​ផ្ដាច់​​ទំនាក់ទំនង​ជាមួយ​មិត្ត​របស់​អ្នក​ឬ?"},"social-unlink-confirm-accept":{"_":"ដក​តំណ​ចេញ"},"facebook-import":{"_":"នាំចូល​មិត្តភ័ក្ដិ​​ពី Facebook"},"show-fb-profile":{"_":"មើល​ប្រវត្តិរូប Facebook"},"msg-send":{"_":"សារ"},"wall-post":{"_":"ប្រកាស​លើ​​ផ្ទៃ​មុខ"},"facebook":{"_":"Facebook"},"facebook-import-msg":{"_":"{[ plural(imported) ]}","_[zero]":"គ្មាន​មិត្តភ័ក្ដិ​បាន​នាំចូល (អស់​ពី​ {{total}})","_[one]":"បាន​នាំចូល​មិត្តភ័ក្ដិ​ម្នាក់​ (នៃ {{total}})","_[two]":"បាន​នាំចូល​មិត្តភ័ក្ដិ {{imported}}/{{total}}","_[few]":"បាន​នាំចូល​មិត្តភ័ក្ដិ {{imported}}/{{total}}","_[many]":"បាន​នាំចូល​មិត្តភ័ក្ដិ {{imported}}/{{total}}","_[other]":"បាន​នាំចូល​មិត្តភ័ក្ដិ {{imported}}/{{total}}"},"otherAccount":{"_":"គណនី​ផ្សេងទៀត"},"facebookSwitchMsg":{"_":"ធ្វើ​សមកាល​មិត្តិភ័ក្ដិ"},"select_mobile":{"_":"ជ្រើស​ទូរស័ព្ទ"},"select_email":{"_":"ជ្រើស​អ៊ីមែល"},"contactsOrderBy":{"_":"តម្រៀប​តាម​នាម​ត្រកូល"},"importSim2":{"_":"SIM កាត"},"importMemoryCard":{"_":"Memory card"},"importGmail":{"_":"Gmail"},"bluetooth":{"_":"ប្ល៊ូធូស"},"importOutlook":{"_":"Outlook"},"fbUpdateFriends":{"_":"ធ្វើ​បច្ចុប្បន្នភាព​មិត្តភ័ក្ដិ​ដែល​បាន​នាំចូល"},"cleaningFbData":{"_":"លុប​ទិន្នន័យ Facebook ចេញ"},"loggingOutFb":{"_":"ចេញ​ពី Facebook"},"cleanFbConfirmMsg":{"_":"លុប​ទិន្នន័យ Facebook ទាំងអស់​ចេញ?"},"renewPwdMsg":{"_":"ពាក្យសម្ងាត់​របស់​អ្នក​នៅ​ក្នុង Facebook ត្រូវ​បាន​ប្ដូរ ។ សូម​ធ្វើ​បច្ចុប្បន្នភាព​វា ។"},"noConnection11":{"_":"To import Facebook friends or contacts connect to Wi-Fi or data network"},"notEnabledYet":{"_":"មិន​ទាន់​បើក​ឲ្យ​ប្រើ​បាន​នៅ​ឡើង​ទេ"},"genericNoConnection":{"_":"ដើម្បី​នាំចូល​ទំនាក់​ទំនង សូម​​ភ្ជាប់​ទៅ​បណ្ដាញ​ Wi-Fi ឬ​​ទិន្នន័យ​ទូរសព្ទ"},"simCard":{"_":"SIM កាត"},"memoryCard":{"_":"កាត​អង្គ​ចងចាំ"},"create-new":{"_":"បង្កើត​ទំនាក់​ទំនង​ថ្មី​មួយ"},"import-now":{"_":"នាំចូល​ទំនាក់ទំនង​របស់​អ្នក​ពី​​ SIM ឬ Facebook"},"no-contacts":{"_":"គ្មាន​ទំនាក់ទំនង"},"start-adding":{"_":"ចាប់ផ្ដើម​បន្ថែម​​វា​ឥឡូវ"},"notImported":{"_":"មិន​បាននាំចូល"},"imported":{"_":"បាននាំចូល"},"today":{"_":"ថ្ងៃ​នេះ"},"yesterday":{"_":"ម្សិលមិញ"},"messageCanceling":{"_":"Please hold on. We are canceling the ongoing operation."},"organise-contacts":{"_":"រៀបចំ​ទំនាក់ទំនង"},"find-merge-contacts":{"_":"រក​ទំនាក់ទំនង​ដែល​ស្ទួន​គ្នា"},"preparing-contacts":{"_":"រៀបចំ​ទំនាក់ទំនង"},"exportError-SIM-NoFreeRecordFound":{"_":"SIM កាត​ពេញ"},"exportError-SIM-CannotAccessPhoneBook":{"_":"Cannot access SIM card's phone book"},"exportError-SIM-Unavailable":{"_":"រក​មិន​ឃើញ​ SIM"},"exportError-SIM-GenericError":{"_":"កំហុស​បាន​កើត​ឡើង​លក្ខណៈ​ពេល​នាំចេញ​ទំនាក់ទំនង"},"ContactManagementTitle":{"_":"ការ​គ្រប់គ្រង​ទំនាក់ទំនង"},"DeleteTitle":{"_":"​លុប​"},"bulkDeleteButton":{"_":"លុប​ទំនាក់ទំនង"},"DeletedTxt":{"_":"{[ plural(n) ]}","_[zero]":"គ្មាន​ទំនាក់ទំនង​ត្រូវ​លុប","_[one]":"បាន​លុប​ទំនាក់ទំនង 1","_[two]":"បាន​លុប​ទំនាក់ទំនង {{n}}","_[few]":"បាន​លុប​ទំនាក់ទំនង {{n}}","_[many]":"បាន​លុប​ទំនាក់ទំនង {{n}}","_[other]":"បាន​លុប​ទំនាក់ទំនង {{n}}"},"DeletingContacts":{"_":"លុប​ទំនាក់ទំនង"},"ContactConfirmDel":{"_":"{[ plural(n) ]}","_[zero]":"គ្មាន​ទំនាក់ទំនង​ត្រូវ​លុប","_[one]":"បាន​លុប​ទំនាក់ទំនង 1 ? វា​មិន​អាច​មិន​ធ្វើ​វិញ។"},"SelectedTxt":{"_":"{[ plural(n) ]}","_[zero]":"ទំនាក់ទំនង","_[one]":"បាន​ជ្រើស {{n}}","_[two]":"បាន​ជ្រើស {{n}}","_[few]":"បាន​ជ្រើស​ {{n}}","_[many]":"បាន​ជ្រើស {{n}}","_[other]":"បាន​ជ្រើស {{n}}"},"fdnIsActiveTitle":{"_":"FDN សកម្ម"},"pincode2":{"_":"បញ្ចូល​​កូដ PIN"},"type_pin":{"_":"វាយ​លេខ​កូដ PIN របស់​អ្នក"},"pincodeLabel":{"_":"SIM {{n}} PIN"},"pinValidation":{"_":"PIN ត្រូវតែ​មាន​ចន្លោះ​ពី 4 និង 8 តួអក្សរ។"},"pinError":{"_":"PIN មិន​ត្រឹមត្រូវ។"},"pinAttemptMsg2":{"_":"{[ plural(n) ]}","_[one]":"អ្នក​នៅ​សល់​ការ​ព្យាយាម​ម្ដង​ទៀត​ក្នុង​ការ​បញ្ចូល​លេខ​កូដ​ត្រឹមត្រូវ មុន​ពេល​​បិទ​​​ SIM កាតនេះ។","_[two]":"អ្នក​នៅ​សល់​ការ​ព្យាយាម {{n}} ​ទៀត​ក្នុង​ការ​បញ្ចូល​លេខ​កូដ​ត្រឹមត្រូវ មុន​ពេល​​​បិទ SIM កាត​នេះ។","_[few]":"អ្នក​នៅ​សល់​ការ​ព្យាយាម {{n}} ​ទៀត​ក្នុង​ការ​បញ្ចូល​លេខ​កូដ​ត្រឹមត្រូវ មុន​ពេល​​បិទ SIM កាត។","_[many]":"អ្នក​នៅ​សល់​ការ​ព្យាយាម {{n}} ​ទៀត​ក្នុង​ការ​បញ្ចូល​លេខ​កូដ​ត្រឹមត្រូវ មុន​ពេល​​បិទ SIM កាត។","_[other]":"អ្នក​នៅ​សល់​ការ​ព្យាយាម {{n}} ​ទៀត​ក្នុង​ការ​បញ្ចូល​លេខ​កូដ​ត្រឹមត្រូវ មុន​ពេល​​បិទ SIM កាត។"},"pinLastChanceMsg":{"_":"នេះ​ជា​លើក​ចុង​ក្រោយ​​ក្នុង​ការ​បញ្ចូល​កូដ PIN ដែល​ត្រឹមត្រូវ។ បើ​មិន​ដូច្នោះ​ទេ អ្នក​ត្រូវតែ​បញ្ចូល​កូដ PUK ដើម្បី​​អាច​ប្រើ SIM ​កាត​នេះ​បាន។"},"pukcode":{"_":"បញ្ចូល​កូដ PUK"},"pukcodeTitle":{"_":"បញ្ចូល SIM {{n}} PUK"},"pukcodeLabel":{"_":"SIM {{n}} PUK"},"type_puk":{"_":"កូដ PUK"},"pukValidation":{"_":"កូដ PUK ត្រូវតែ​មាន​ 8 តួអក្សរ។"},"pukInfo":{"_":"អ្នក​ត្រូវតែ​បញ្ចូល​កូដ​ដោះ​សោ​ផ្ទាល់ខ្លួន (PUK) សម្រាប់​ SIM កាត​នេះ។ យោង​តាម​ឯកសារ SIM ​កាត​របស់​អ្នក ឬ​ទាក់ទង​ក្រុមហ៊ុន​គមនាគមន៍​សម្រាប់​ព័ត៌មាន​បន្ថែម។"},"pukError":{"_":"PUK មិន​ត្រឹមត្រូវ​ទេ។"},"pukAttemptMsg2":{"_":"{[ plural(n) ]}","_[one]":"អ្នក​នៅ​សល់​ការ​ព្យាយាម​ម្ដង​​ទៀត​ក្នុង​ការ​បញ្ចូល​លេខ​កូដ​ត្រឹមត្រូវ មុន​ពេល​​ SIM ​កាត​មិន​អាច​ប្រើ​បាន​ជា​រៀង​រហូត។ យោង​ទៅ​ឯកសារ​ SIM កាត​របស់​អ្នក​ ឬ​ទាក់ទង​ក្រុមហ៊ុន​គមនាគមន៍​របស់​អ្នក​សម្រាប់​ព័ត៌មាន​បន្ថែម។","_[two]":"អ្នក​នៅ​សល់​ការ​ព្យាយាម {{n}} ​​ទៀត​ក្នុង​ការ​បញ្ចូល​លេខ​កូដ​ត្រឹមត្រូវ មុន​ពេល​​ SIM ​កាត​មិន​អាច​ប្រើ​បាន​ជា​រៀង​រហូត។ យោង​ទៅ​ឯកសារ​ SIM កាត​របស់​អ្នក​ ឬ​ទាក់ទង​ក្រុមហ៊ុន​គមនាគមន៍​របស់​អ្នក​សម្រាប់​ព័ត៌មាន​បន្ថែម។","_[few]":"អ្នក​​មាន​ការ​ព្យាយាម​ {{n}} ទៀត​ក្នុង​ការ​បញ្ចូល​លេខ​កូដ​​ដែល​ត្រឹមត្រូវ មុន​ពេល​ SIM ​កាត​នេះ​នឹង​​មិន​អាច​ប្រើ​បាន​ជា​បណ្ដោះអាសន្ន។ យោង​​ទៅ​​ឯកសារ​​ SIM កាត​​របស់​អ្នក ឬ​ទាក់ទង​ក្រុមហ៊ុន​គមនាគមន៍​របស់​អ្នក​សម្រាប់​ព័ត៌មាន​បន្ថែម។","_[many]":"អ្នក​នៅ​សល់​ការ​ព្យាយាម {{n}} ដង​ទៀត​ដើម្បី​​បញ្ចូល​លេខ​កូដ​ត្រឹមត្រូវ​មុន​​ពេល​​ SIM កាតមិន​អាច​ប្រើ​បាន​​ជា​រៀង​រហូត។ យោង​តាម​ឯកសារ​​ SIM កាត ឬ​​ទាក់ទង​ក្រុមហ៊ុន​គមនាគមន៍​របស់​អ្នក​សម្រាប់​ព័ត៌មាន​បន្ថែម។","_[other]":"អ្នក​នៅ​សល់​ការ​ព្យាយាម {{n}} ដង​ទៀត​ដើម្បី​​បញ្ចូល​លេខ​កូដ​ត្រឹមត្រូវ​ មុន​​ពេល SIM កាត​នេះ​នឹង​​មិន​អាច​ប្រើ​បាន​​ជា​រៀង​រហូត។ យោង​​ទៅ​​ឯកសារ​​ SIM កាត ឬ​​ទាក់ទង​ក្រុមហ៊ុន​គមនាគមន៍​របស់​អ្នក​សម្រាប់​ព័ត៌មាន​បន្ថែម។"},"pukLastChanceMsg":{"_":"នេះ​ជា​លើក​ចុង​ក្រោយ​របស់​អ្នក​ក្នុង​ការ​បញ្ចូល​លេខ​​​កូដ PUK ឲ្យ​បាន​ត្រឹមត្រូវ។ SIM ​កាត​របស់​អ្នក​នឹង​មិន​អាច​ប្រើ​បាន​ជា​រៀង​រហូត ប្រសិនបើ​អ្នក​បញ្ចូល​​លេខ​កូដ PUK ខុស។"},"create_newpin":{"_":"បង្កើត PIN ថ្មី (4 ទៅ 8 ខ្ទង់)"},"confirm_newpin":{"_":"អះអាង PIN ថ្មី"},"newpinConfirmation":{"_":"PINs មិន​ត្រូវគ្នា"},"nckcode":{"_":"បញ្ចូល​កូដ NCK"},"cckcode":{"_":"បញ្ចូល​កូដ CCK"},"spckcode":{"_":"បញ្ចូល​កូដ SPCK"},"nckcodeTitle":{"_":"បញ្ចូល SIM {{n}} NCK"},"cckcodeTitle":{"_":"បញ្ចូល SIM {{n}} CCK"},"spckcodeTitle":{"_":"បញ្ចូល SIM {{n}} SPCK"},"nckcodeLabel":{"_":"SIM {{n}} NCK"},"cckcodeLabel":{"_":"SIM {{n}} CCK"},"spckcodeLabel":{"_":"SIM {{n}} SPCK"},"type_nck":{"_":"វាយ​លេខ​កូដ NCK របស់​អ្នក"},"type_cck":{"_":"វាយ​លេខ​កូដ CCK របស់​អ្នក"},"type_spck":{"_":"វាយ​លេខ​កូដ SPCK របស់​អ្នក"},"nckValidation":{"_":"NCK ត្រូវតែ​មាន​ចន្លោះ​ពី 8 ទៅ 16 តួអក្សរ។"},"cckValidation":{"_":"CCK ត្រូវតែ​មាន​ចន្លោះ​ពី 8 ទៅ 16 តួអក្សរ។"},"spckValidation":{"_":"SPCK ត្រូវតែ​មាន​ចន្លោះ​ពី 8 ទៅ 16 តួអក្សរ។"},"nckErrorMsg":{"_":"លេខ​កូដ​ NCK មិន​ត្រឹមត្រូវ។"},"nckAttemptMsg2":{"_":"{[ plural(n) ]}","_[one]":"សំណើរ​មិន​មាន​លក្ខណៈ​ផ្ទាល់ខ្លួន​នៃ​បណ្ដញ​បាន​បរាជ័យ។ អ្នក​​មាន​ការ​ព្យាយាម​ម្ដង​ទៀត​ក្នុង​ការ​បញ្ចូល​លេខ​កូដ​​ដែល​ត្រឹមត្រូវ។ យោង​​ទៅ​​ឯកសារ​ឧបករណ៍​របស់​អ្នក ឬ​ទាក់ទង​ក្រុមហ៊ុន​គមនាគមន៍​របស់​អ្នក​សម្រាប់​ព័ត៌មាន​បន្ថែម។","_[two]":"សំណើរ​មិន​មាន​លក្ខណៈ​ផ្ទាល់ខ្លួន​នៃ​បណ្ដញ​បាន​បរាជ័យ។ អ្នក​​មាន​ការ​ព្យាយាម​ {{n}} ទៀត​ក្នុង​ការ​បញ្ចូល​លេខ​កូដ​​ដែល​ត្រឹមត្រូវ។ យោង​​ទៅ​​ឯកសារ​ឧបករណ៍​របស់​អ្នក ឬ​ទាក់ទង​ក្រុមហ៊ុន​គមនាគមន៍​របស់​អ្នក​សម្រាប់​ព័ត៌មាន​បន្ថែម។","_[few]":"សំណើរ​មិន​មាន​លក្ខណៈ​ផ្ទាល់ខ្លួន​នៃ​បណ្ដញ​បាន​បរាជ័យ។ អ្នក​​មាន​ការ​ព្យាយាម​ {{n}} ទៀត​ក្នុង​ការ​បញ្ចូល​លេខ​កូដ​​ដែល​ត្រឹមត្រូវ។ យោង​​ទៅ​​ឯកសារ​ឧបករណ៍​របស់​អ្នក ឬ​ទាក់ទង​ក្រុមហ៊ុន​គមនាគមន៍​របស់​អ្នក​សម្រាប់​ព័ត៌មាន​បន្ថែម។","_[many]":"សំណើរ​មិន​មាន​លក្ខណៈ​ផ្ទាល់ខ្លួន​នៃ​បណ្ដញ​បាន​បរាជ័យ។ អ្នក​​មាន​ការ​ព្យាយាម​ {{n}} ទៀត​ក្នុង​ការ​បញ្ចូល​លេខ​កូដ​​ដែល​ត្រឹមត្រូវ។ យោង​​ទៅ​​ឯកសារ​ឧបករណ៍​របស់​អ្នក ឬ​ទាក់ទង​ក្រុមហ៊ុន​គមនាគមន៍​របស់​អ្នក​សម្រាប់​ព័ត៌មាន​បន្ថែម។","_[other]":"សំណើរ​មិន​មាន​លក្ខណៈ​ផ្ទាល់ខ្លួន​នៃ​បណ្ដញ​បាន​បរាជ័យ។ អ្នក​​មាន​ការ​ព្យាយាម​ {{n}} ទៀត​ក្នុង​ការ​បញ្ចូល​លេខ​កូដ​​ដែល​ត្រឹមត្រូវ។ យោង​​ទៅ​​ឯកសារ​ឧបករណ៍​របស់​អ្នក ឬ​ទាក់ទង​ក្រុមហ៊ុន​គមនាគមន៍​របស់​អ្នក​សម្រាប់​ព័ត៌មាន​បន្ថែម។"},"nckLastChanceMsg":{"_":"សំណើរ​មិន​មាន​លក្ខណៈ​ផ្ទាល់ខ្លួន​នៃ​បណ្ដញ​បាន​បរាជ័យ។ លើក​ចុង​ក្រោយ​​ក្នុង​ការ​បញ្ចូល​លេខ​កូដ NCK ​ត្រឹមត្រូវ។ យោង​​ទៅ​​ឯកសារ​ឧបករណ៍​របស់​អ្នក ឬ​ទាក់ទង​ក្រុមហ៊ុន​គមនាគមន៍​របស់​អ្នក​សម្រាប់​ព័ត៌មាន​បន្ថែម។"},"skip":{"_":"រំលង"},"send":{"_":"ផ្ញើ"},"simLocked":{"_":"ជាប់​សោ SIM ​កាត"},"inputCodeRetriesLeft":{"_":"{[ plural(n) ]}","_[one]":"ព្យាយាម​ចុង​ក្រោយ។","_[two]":"នៅ​សល់​ការ​ព្យាយាម {{n}} ដង​ទៀត។","_[few]":"នៅ​សល់​ការ​ព្យាយាម {{n}} ដង​ទៀត។","_[many]":"នៅ​សល់​ការ​ព្យាយាម {{n}} ដង​ទៀត។","_[other]":"នៅ​សល់​ការ​ព្យាយាម {{n}} ដង​ទៀត។"},"simManager":{"_":"កម្មវិធី​គ្រប់គ្រង​ SIM"},"simDetail":{"_":"SIM {{n}}"},"simDefault":{"_":"(លំនាំដើម)"},"simDefaultMessage":{"_":"ការ​ហៅ​ចេញ, សារ​ចេញ និង​​ការ​តភ្ជាប់​ទិន្នន័យ​ត្រូវ​បាន​កំណត់​ទៅ​ SIM 1 ជា​លំនាំដើម"},"simSettingsMessage":{"_":"អ្នក​អាច​ប្ដូរ​ការ​កំណត់​លំនាំដើម​នៅ​ឯ​ ការ​កំណត់ > កម្មវិធី​គ្រប់គ្រង​ SIM"},"simPinLocked":{"_":"SIM PIN ជាប់​សោ"},"noOperator":{"_":"មិន​មាន​ការី​"},"language":{"_":"ភាសា"},"english":{"_":"អង់គ្លេស"},"dvorak":{"_":"អង់គ្លេស (Dvorak)"},"spanish":{"_":"អេស្ប៉ាញ"},"portuguese":{"_":"ព័រទុយហ្គាល់ ប្រេស៊ីល"},"french":{"_":"បារាំង"},"italian":{"_":"អ៊ីតាលី"},"arabic":{"_":"អារ៉ាប់"},"greek":{"_":"ក្រិក"},"hebrew":{"_":"ហេប្រ៊ូ"},"jp-kanji":{"_":"ជប៉ុន"},"jp-kanji-desc":{"_":"កាន់ជី"},"traditionalChinese":{"_":"ចិន​អក្សរ​ពេញ"},"traditionalChinese-desc":{"_":"ជូអ៊ីន"},"simplifiedChinese":{"_":"ចិន​អក្សរ​កាត់"},"simplifiedChinese-desc":{"_":"ភីនអ៊ីន"},"3g":{"_":"ទិន្នន័យ​ចល័ត"},"dataConnection":{"_":"អនុញ្ញាត​ទិន្នន័យ"},"dataConnectionInfo":{"_":"អនុញ្ញាត​ការ​ភ្ជាប់​ទិន្នន័យ​​ឥឡូវ​នឹង​អាច​ឲ្យ​អ្នក​រៀបចំ​ទូរស័ព្ទ​របស់​អ្នក​ដោយ​​មិន​​មាន​ការ​ភ្ជាប់ Wi-Fi ។ អ្នក​ក៏​អាច​អនុញ្ញាត​វា​ពេល​ក្រោយ​បាន​នៅ​ក្នុង​ការ​កំណត់។ គ្រាន់តែ​ប្រាកដ​ថា​អ្នក​មាន​​ផែនការ​ទិន្នន័យ​ជាមួយ​​ក្រុមហ៊ុន​​ទូរស័ព្ទ​របស់​អ្នក​ដើម្បី​ជៀសវាង​​បន្ទុក​ធ្ងន់ធ្ងរ​ខ្លាំង។"},"caution":{"_":"ការ​ព្រមាន"},"geolocation":{"_":"ទីតាំង​ភូមិសាស្ត្រ"},"geolocationCheckbox":{"_":"បើក​ទីតាំង​ភូមិសាស្ត្រ"},"geolocationInfo2":{"_":"{{brandShortName}} ប្រើ​ទិន្នន័យ​ដូច​ជា GPS, វ៉ាយហ្វាយ និង​បណ្ដាញ​ចល័ត​ដែល​នៅ​ជិត​អ្នក​ដើម្បី​ជួយ​កំណត់​ទីតាំង​​ត្រឹមត្រូវ​របស់​អ្នក។"},"geolocationInfoMore":{"_":"ទិន្នន័យ​ត្រូវ​បាន​ផ្ញើ​ទៅ Mozilla នឹង​ក្រុមហ៊ុន​ផ្ដល់​សេវាកម្ម​ផ្សេង​ នឹង​ត្រូវ​ប្រើ​នៅ​ក្នុង​​ការ​ចងក្រង ដើម្បី​ធ្វើ​ឲ្យ​មូលដ្ឋាន​ទិន្នន័យ​ទីតាំង​ទាំងនេះ​ប្រសើរ​ឡើង។   ទិន្នន័យ​អាច​ត្រូវ​បាន​ស្ដារ​នៅ​លើ​ឧបករណ៍​​របស់​អ្នក ហើយ​​ការ​ប្រមូល​​ទិន្នន័យ​​អាច​កើត​មាន​ទោះ​​ពេល​គ្មាន​កម្មវិធី​កំពុង​ដំណើរការ​ក៏​ដោយ។"},"notice":{"_":"ចំណាំ"},"aboutYourPrivacy":{"_":"បន្ថែម​អំពី​ភាព​ឯកជន​របស់​អ្នក"},"wifi":{"_":"Wi-Fi"},"scanningNetworks":{"_":"ជ្រើស​បណ្ដាញ"},"selectNetwork":{"_":"ជ្រើស​បណ្ដាញ"},"shortStatus-connecting":{"_":"កំពុង​ភ្ជាប់..."},"shortStatus-associated":{"_":"កំពុង​ទទួល​អាសយដ្ឋាន IP..."},"shortStatus-connected":{"_":"បាន​​ភ្ជាប់"},"shortStatus-connectingfailed":{"_":"បាន​បរាជ័យ​ក្នុង​ការ​​ភ្ជាប់"},"shortStatus-disconnected":{"_":"ក្រៅ​បណ្ដាញ"},"securedBy":{"_":"បាន​ធានា​ដោយ {{capabilities}}"},"security":{"_":"សុវត្ថិភាព"},"securityNone":{"_":"គ្មាន"},"securityWEP":{"_":"WEP"},"securityWPA-PSK":{"_":"WPA-PSK"},"securityWPA-EAP":{"_":"WPA-EAP"},"securityOpen":{"_":"បើក"},"identity":{"_":"អ្នកប្រើ"},"identityInput":{"placeholder":"អ្នកប្រើ"},"password":{"_":"ពាក្យ​សម្ងាត់"},"passwordInput":{"placeholder":"ពាក្យ​សម្ងាត់"},"showPassword":{"_":"បង្ហាញ​ពាក្យ​សម្ងាត់"},"refresh":{"_":"ធ្វើ​ឲ្យ​ស្រស់"},"noWifiFound3":{"_":"រក​មិន​ឃើញ​បណ្ដាញ​ឥតខ្សែ"},"join-hidden-button":{"_":"ចូល​បណ្ដាញ​បានលាក់"},"authentication":{"_":"ការ​ផ្ទៀងផ្ទាត់​"},"ssid-name":{"_":"ឈ្មោះ​បណ្ដាញ​​ SSID"},"dateAndTime":{"_":"កាលបរិច្ឆេទ និង​ពេលវេលា"},"setTimeAutomatically":{"_":"កំណត់​ស្វ័យ​ប្រវត្តិ"},"timezoneMessage":{"_":"តំបន់​ពេលវេលា"},"timezoneTitle":{"_":"UTC{{utcOffset}} {{region}}/{{city}}"},"dateMessage":{"_":"កាល​បរិច្ឆេទ"},"timeMessage":{"_":"ពេលវេលា"},"timeZone":{"_":"តំបន់​ពេលវេលា"},"change":{"_":"ផ្លាស់​ប្ដូរ"},"importContacts3":{"_":"នាំចូល​ទំនាក់ទំនង"},"importFb2":{"_":"Facebook"},"fb-checking":{"_":"... កំពុង​ពិនិត្យ"},"notImportedYet":{"_":"មិន​ទាន់​នាំចូល​នៅ​ឡើយ​ទេ"},"afterFbImport":{"_":"អ្នក​អាច​នាំចូល និង​កែ​មិត្តភ័ក្ដិ Facebook នៅ​ពេល​ណា​ក៏​បាន​នៅ​ក្នុង​ការ​កំណត់​ទំនាក់ទំនង"},"about-your-rights-0":{"_":"{{brandShortName}} បាន​បង្កើត​ឡើង​លើ​កម្មវិធី​កូដ​ចំហ និង​ឥត​គិត​ថ្លៃ​ដោយ​​សហគមន៍​រាប់​ពាន់​ពី​ពាសពេញ​ពិភព​លោក។ មាន​រឿង​មួយ​ចំនួន​ដែល​អ្នក​គួរ​ដឹង៖"},"about-your-rights-1":{"_":"{{brandShortName}} បាន​បង្កើត​​ឲ្យ​មាន​សម្រាប់​អ្នក​ក្រោម​លក្ខខណ្ឌ​​នៃ​អាជ្ញាប័ណ្ណ​កូដ​ចំហ​ជា​ច្រើន​រួម​​ទាំង​អាជ្ញាប័ណ្ណ​សាធារណៈ​​របស់ Mozilla។ ឧបករណ៍​ដែល​ដំណើរការ {{brandShortName}} ​ក៏​អាច​មាន​​កម្មវិធី​កម្មសិទ្ធិ​ពី​ភាគី​ទី​បី។ កូដ​ណា​​មួយ​ដែល​​បាន​ផ្ដល់​ក្រោម​អាជ្ញាប័ណ្ណ​បើក​ចំហ​​ ផ្ដល់​ឲ្យ​អ្នក​នូវ​សិទ្ធិ​​កែប្រែ​​កូដ​ប្រភព និង​ចែកចាយ​កំណែ​ដែល​បាន​កែប្រែ​របស់​អ្នក​​​​ដរាប​ណា​​អ្នក​​គោរព​តាម​លក្ខខណ្ឌ​របស់​ពួកគេ។"},"about-your-rights-2":{"_":"អ្នក​មិន​ត្រូវ​បាន​ផ្ដល់​សិទ្ធិ ឬ​អាជ្ញាប័ណ្ណ​​ស្លាក​ពាណិជ្ជកម្ម​ណា​មួយ​​​ពី​មូលនិធិ Mozilla ឬ​ភាគី​​ណា​មួយ រួម​ទាំង​មិន​មាន​ការ​កំណត់​ឈ្មោះ ឬ​ស្លាក​សញ្ញា {{brandShortName}} នេះ​ទេ។"},"about-your-rights-3":{"_":"លក្ខណៈ​ខ្លះ​នៅ​ក្នុង {{brandShortName}}, ដូចជា​របាយការណ៍​គាំង, អាច​ឲ្យ​ជម្រើស​អ្នក​ផ្ដល់​មតិ​ត្រឡប់​ដល់​ Mozilla ។ ដោយ​ជ្រើស​ដាក់​ស្នើ​មតិ​ត្រឡប់ នោះ​អ្នក​ផ្ដល់​សិទ្ធិ​ឲ្យ Mozilla ប្រើ​មតិ​ត្រឡប់​ដើម្បី​ធ្វើ​​ផលិតផល​ឲ្យ​ប្រសើរ ដើម្បី​ផ្សព្វផ្សាយ​មតិ​ត្រឡប់​នៅ​លើ​តំបន់បណ្ដាញ​របស់​ខ្លួន និង​ចែកចាយ​មតិ​ត្រឡប់។"},"about-other":{"_":"ផ្សេងៗ"},"SIM_mandatory":{"_":"ការ​ព្រមាន​​ SIM កាត"},"SIM_mandatory_warm":{"_":"សូម​បញ្ចូល​ SIM កាត និង​ចាប់ផ្ដើម​ទូរស័ព្ទ​របស់​អ្នក​ឡើង​វិញ។"},"sharing-performance-data":{"_":"ចែករំលែក​ទិន្នន័យ​ប្រតិបត្តិ"},"telemetry-sends":{"_":"ទូរមាត្រ​វិធី​ផ្ញើ​​​​ទិន្នន័យ Mozilla អំពី​​ការ​ប្រតិបត្តិ ផ្នែក​រឹង ការ​កំណត់​រចនាសម្ព័ន្ធ និង​ការ​កំណត់​ផ្ទាល់ខ្លួន​​នៅ​ក្នុង​ឧបករណ៍ {{brandShortName}} របស់​អ្នក។ យើង​ប្រើ​វា​ដើម្បី​ធ្វើ​ឲ្យ​ផលិតផល​របស់​យើង​ប្រសើរ លឿន និង​ប្រសិទ្ធភាព​ជាង។"},"learn-more-at":{"_":"Learn more at"},"external-telemetry":{"title":"Telemetry"},"learn-about-information":{"_":"Learn how Mozilla handles your information at"},"external-privacy":{"title":"Privacy"},"welcomeBrowser":{"_":"ស្វាគមន៍​មក​កាន់ {{brandShortName}} ប្រព័ន្ធ​ប្រតិបត្តិការ​កូដ​ចំហ និង​ឥតគិតថ្លៃ​ពី Mozilla ។ បេសកកម្ម​របស់​យើង​ គឺ​ដើម្បី​ជំរុញ​​ការ​បើក​ចំហ ការ​ច្នៃប្រឌិត​ថ្មី និង​​ឱកាស​​ ដោយ​​រក្សា​អានុភាព​បណ្ដាញ​ក្នុង​ដៃ​របស់​អ្នក។"},"learnHow":{"_":"Learn how Mozilla handles your information in our"},"privacyPolicy":{"_":"privacy policy","title":"Privacy policy"},"aboutBrowser":{"_":"អំពី {{brandShortName}}"},"aboutYourPrivacy2":{"_":"ភាព​ឯកជន​របស់​អ្នក"},"mozillaCommunity2":{"_":"នៅ​ពេល​អ្នក​ប្រើ {{brandShortName}} អ្នក​​ក្លាយ​ជា​ផ្នែក​នៃ​សហគមន៍​​សកល​ដែល​ជួយ​បង្កើត​អនាគត​ដ៏​ត្រចះត្រចង់​សម្រាប់​បណ្ដាញ។ បើ​អ្នក​ចង់​ដឹង​បន្ថែម​អំពី​សហគមន៍ Mozilla ផលិតផល​ និង​ព្រឹត្តិការ​ផ្សេង​ៗ​របស់​យើង​ដែល​នៅ​ជិត​អ្នក សូម​បញ្ចូល​អាសយដ្ឋាន​អ៊ីមែល​របស់​អ្នក​ខាង​ក្រោម។"},"collaborate":{"_":"ខ្ញុំ​ចង់​ជួយ​​ធ្វើ​ឲ្យ​ប្រសើរ {{brandShortName}} ដោយ​ចែករំលែក​ទិន្នន័យ​អំពី​ទូរស័ព្ទ​របស់​ខ្ញុំ។"},"learnMore":{"_":"ស្វែងយល់​បន្ថែម​។"},"emailAddress":{"placeholder":"អាសយដ្ឋាន​អ៊ីមែល"},"email-successfully-added":{"_":"បាន​បន្ថែម​អ៊ីមែល​ដោយ​ជោគជ័យ"},"email-loading":{"_":"កំពុង​រក្សាទុក​អ៊ីមែល​របស់​អ្នក..."},"browserPrivacyChoices":{"_":"ការ​ជ្រើស​ភាព​ឯកជន {{brandShortName}}"},"privacy-b2g":{"_":"{{brandShortName}}","title":"{{brandShortName}}"},"privacy-marketplace":{"_":"ឃ្លាំង​ទីផ្សារ","title":"{{privacy-marketplace}}"},"privacy-e-me":{"_":"everything.me","title":"{{privacy-e-me}}"},"navbar-back":{"_":"ថយក្រោយ"},"navbar-next":{"_":"បន្ទាប់"},"navbar-join":{"_":"ចូលរួម"},"thatsIt":{"_":"That’s it!"},"startYourPhone":{"_":"ចាប់ផ្ដើម​មើល​សាក​ទូរស័ព្ទ​របស់​អ្នក!"},"startYourTablet":{"_":"ចាប់ផ្ដើម​មើល​​កុំព្យូទ័រ​បន្ទះ​របស់​អ្នក!"},"joinTutorial":{"_":"ចូលរួម​ជាមួយ​យើង​​​រៀន​​ឆាប់​ចេះ​​អំពី​ទូរស័ព្ទ​ថ្មី​របស់​អ្នក។"},"enjoyYourPhone":{"_":"អ្នក​ត្រៀម​រួច​​ហើយ​ដើម្បី​រីករាយ​ជាមួយ​ទូរស័ព្ទ​ថ្មី​របស់​អ្នក។"},"optionsAvailable":{"_":"អ្នក​អាច​ប្ដូរ​ភាសា កាលបរិច្ឆេទ/ពេលវេលា និង​ការ​ភ្ជាប់ Wi-Fi នៅ​ក្នុង​ការ​កំណត់។"},"letsGo":{"_":"តោះ​ទៅ"},"startTour":{"_":"ចាប់ផ្ដើម​មើល​សាក"},"thatsIt1Tablet-2":{"_":"អ្នក​អាច​អូស​ពី​គែម​ប៊ូតុង​​ដើម្បី​បញ្ចូល​ទៅ​អេក្រង់​ដើម​​ជា​និច្ច។"},"thatsIt2Tablet-2":{"_":"អនុញ្ញាត​ឲ្យ​ធ្វើ​វា!"},"tutorial-step1-tiny":{"_":"អូស​ពី​ស្ដាំ​ទៅ​ឆ្វេង​ដើម្បី​រក​មើល​កម្មវិធី​របស់​អ្នក។"},"tutorial-step2-tiny":{"_":"ចុច​ឲ្យ​ជាប់​លើ​រូបតំណាង​ដើម្បី​លុប ឬ​ផ្លាស់ទី​វា។"},"tutorial-step3-tiny":{"_":"បញ្ចូល​ពាក្យ​គន្លឹះ ឬ​ប្រធាន​បទ និង​ទូរស័ព្ទ​របស់​អញនក​នឹង​សម្របសម្រួល​ភ្លាម។"},"tutorial-step4-tiny":{"_":"អូស​ចុច​ក្រោម​ដើម្បី​ចូល​មើល​ការ​ជូនដំណឹង ព័ត៌មាន​ទឹក​ប្រាក់ និង​ការ​កំណត់​ថ្មីៗ។"},"tutorial-step5-tiny":{"_":"ចុច​ឲ្យ​ជាប់​ប៊ូតុង​ ដើម ដើម្បី​រក​មើល​ និង​បិទ​កម្មវិធី​ថ្មីៗ។"},"tutorial-step6-tiny":{"_":"អូស​ពី​​ផ្នែក​អេក្រង់ ដើម្បី​ផ្លាស់ទី​ថយក្រោយ និង​ទៅ​មុខ​រវាង​កម្មវិធី​បច្ចុប្បន្ន។"},"tutorial-step1-large-2":{"_":"អូស​​ពី​លើ​ចុះ​ក្រោម​ ដើម្បី​ចូល​មើល​ការ​ជូនដំណឹង​ថ្មីៗ, ការ​កំណត់ និង​ព័ត៌មាន​ឥណទាន​។"},"tutorial-step2-large-2":{"_":"អូស​ពី​ឆ្វេង ឬ​ស្ដាំ​ដើម្បី​រកមើល​កម្មវិធី​ថ្មី​ៗ​លើ​អេក្រង់​ដើម។"},"tutorial-step3-large-2":{"_":"ចុច​ឲ្យ​ជាប់​លើ​រូបតំណាង​ដើម្បី​លុប ឬ​ផ្លាស់ទី​វា។"},"tutorial-step4-large-2":{"_":"អូស​ម្រាម​ដៃ​ពីរ​ពី​គែម​ប៊ូតុង​ដើម្បី​បិទ/បើក​ card view."},"offline-dialog-title":{"_":"អ្នក​ត្រូវ​តែ​ភ្ជាប់​ទៅ​អ៊ីនធឺណិត​ដើម្បី​មើល​ទំព័រ​នេះ។"},"offline-dialog-text":{"_":"សូម​​ត្រឡប់​ក្រោយ និង​ភ្ជាប់​ទៅ​អ៊ីនធឺណិត។ អ្នក​ក៏​អាច​មើល​ទំព័រ​នេះ​ពេល​ក្រោយ​ពី​ការ​កំណត់ ឬ​ដោយ​បញ្ចូល {{url}} ក្នុង​កម្មវិធី​អ៊ីនធឺណិត​ណា​មួយ។"},"OK":{"_":"យល់​ព្រម"},"offline-newsletter-dialog-title":{"_":"អ្នក​ត្រូវតែ​ភ្ជាប់​ទៅ​​អ៊ីនធឺណិត​ដើម្បី​ជាវប្រចាំ​ព្រឹត្តិបត្រ​ព័ត៌មាន។"},"offline-newsletter-dialog-text":{"_":"សូម​ត្រឡប់​ក្រោយ និង​ភ្ជាប់​ទៅ​កាន់​អ៊ីនធឺណិត។"},"invalid-email-dialog-title":{"_":"អ៊ីមែល​របស់​អ្នក​មិន​ត្រឹមត្រូវ"},"invalid-email-dialog-text":{"_":"សូម​ត្រឡប់​ក្រោយ រួច​កែ​​ធាតុ​បញ្ចូល​របស់​អ្នក។"},"nck1code":{"_":"បញ្ចូល​កូដ NCK1"},"nck2code":{"_":"បញ្ចូល​កូដ NCK2"},"hnckcode":{"_":"បញ្ចូល​កូដ HNCK"},"rspckcode":{"_":"បញ្ចូល​កូដ RSPCK"},"nck1codeLabel":{"_":"SIM {{n}} NCK1"},"nck2codeLabel":{"_":"SIM {{n}} NCK2"},"hnckcodeLabel":{"_":"SIM {{n}} HNCK"},"rcckcodeLabel":{"_":"SIM {{n}} RCCK"},"rspckcodeLabel":{"_":"SIM {{n}} RSPCK"},"type_nck1":{"_":"បញ្ចូល​លេខ​កូដ NCK1 របស់​អ្នក"},"type_nck2":{"_":"បញ្ចូល​លេខ​កូដ NCK2 របស់​អ្នក"},"type_hnck":{"_":"បញ្ចូល​លេខ​កូដ HNCK របស់​អ្នក"},"type_rcck":{"_":"បញ្ចូល​លេខ​កូដ RCCK របស់​អ្នក"},"type_rspck":{"_":"បញ្ចូល​លេខ​កូដ RSPCK របស់​អ្នក"},"nck1Validation":{"_":"NCK1 ត្រូវតែ​មាន​ចន្លោះ​ពី 8 ទៅ 16 តួអក្សរ។"},"nck2Validation":{"_":"NCK2 ត្រូវ​តែ​ចន្លោះ​ពី 8 ទៅ 16 តួអក្សរ។"},"hnckValidation":{"_":"HNCK ត្រូវតែ​មាន​ចន្លោះ​ពី 8 ទៅ 16 តួអក្សរ។"},"rcckValidation":{"_":"RCCK ត្រូវតែ​ចន្លោះ​ពី 8 ទៅ 16 តួអក្សរ។"},"rspckValidation":{"_":"RSPCK ត្រូវតែ​ចន្លោះ​ពី 8 ទៅ 16 តួអក្សរ។"},"firefox-accounts":{"_":"គណនី Firefox"},"fxa-overview":{"innerHTML":"គណនី Firefox អនុញ្ញាត​ឲ្យ​អ្នក​ប្រើ​លក្ខណៈ ដូច​ជា​ស្វែងរក​ឧបករណ៍​របស់​ខ្ញុំ និង​កម្មវិធី​នៅ​ឃ្លាំង​កម្មវិធី Firefox ។"},"fxa-create-account-or-sign-in":{"_":"បង្កើត​គណនី ឬ​ចូល"},"learn-more-telemetry":{"innerHTML":"ស្វែងយល់​បន្ថែម​នៅ {{link}}"},"learn-more-information":{"innerHTML":"ស្វែងយល់​បន្ថែម​អំពី​របៀប​ Mozilla គ្រប់គ្រង​ព័ត៌មាន​របស់​អ្នក​នៅ {{link}}"},"learn-more-privacy":{"innerHTML":"ស្វែងយល់​បន្ថែម​អំពី​​ Mozilla គ្រប់គ្រង​ព័ត៌មាន​របស់​អ្នក​នៅ​ {{link}} របស់​យើង។"},"learn-more-privacy-link":{"_":"គោលនយោបាយ​ភាព​ឯកជន"},"weekday-0-long":{"_":"អាទិត្យ"},"weekday-1-long":{"_":"ច័ន្ទ"},"weekday-2-long":{"_":"អង្គារ"},"weekday-3-long":{"_":"ពុធ"},"weekday-4-long":{"_":"ព្រហស្បតិ៍"},"weekday-5-long":{"_":"សុក្រ"},"weekday-6-long":{"_":"សៅរ៍"},"weekday-0-short":{"_":"អាទិត្យ"},"weekday-1-short":{"_":"ច័ន្ទ"},"weekday-2-short":{"_":"អង្គារ"},"weekday-3-short":{"_":"ពុធ"},"weekday-4-short":{"_":"ព្រហស្បតិ៍"},"weekday-5-short":{"_":"សុក្រ"},"weekday-6-short":{"_":"សៅរ៍"},"month-0-long":{"_":"មករា"},"month-1-long":{"_":"កុម្ភៈ"},"month-2-long":{"_":"មីនា"},"month-3-long":{"_":"មេសា"},"month-4-long":{"_":"ឧសភា"},"month-5-long":{"_":"មិថុនា"},"month-6-long":{"_":"កក្កដា"},"month-7-long":{"_":"សីហា"},"month-8-long":{"_":"កញ្ញា"},"month-9-long":{"_":"តុលា"},"month-10-long":{"_":"វិច្ឆិកា"},"month-11-long":{"_":"ធ្នូ"},"month-0-genitive":{"_":"មករា"},"month-1-genitive":{"_":"កុម្ភៈ"},"month-2-genitive":{"_":"មីនា"},"month-3-genitive":{"_":"មេសា"},"month-4-genitive":{"_":"ឧសភា"},"month-5-genitive":{"_":"មិថុនា"},"month-6-genitive":{"_":"កក្កដា"},"month-7-genitive":{"_":"សីហា"},"month-8-genitive":{"_":"កញ្ញា"},"month-9-genitive":{"_":"តុលា"},"month-10-genitive":{"_":"វិច្ឆិកា"},"month-11-genitive":{"_":"ធ្នូ"},"month-0-short":{"_":"មករា"},"month-1-short":{"_":"កុម្ភៈ"},"month-2-short":{"_":"មីនា"},"month-3-short":{"_":"មេសា"},"month-4-short":{"_":"ឧសភា"},"month-5-short":{"_":"មិថុនា"},"month-6-short":{"_":"កក្កដា"},"month-7-short":{"_":"សីហា"},"month-8-short":{"_":"កញ្ញា"},"month-9-short":{"_":"តុលា"},"month-10-short":{"_":"វិច្ឆិកា"},"month-11-short":{"_":"ធ្នូ"},"minutes-ago-long":{"_":"{[ plural(value) ]}","_[zero]":"អម្បាញ់មិញនេះ","_[one]":"មួយ​នាទី​មុន","_[two]":"{{value}} នាទី​មុន","_[few]":"{{value}} នាទី​មុន","_[many]":"{{value}} នាទី​មុន","_[other]":"{{value}} នាទី​មុន"},"hours-ago-long":{"_":"{[ plural(value) ]}","_[zero]":"អម្បាញ់មិញនេះ","_[one]":"មួយ​ម៉ោង​មុន","_[two]":"{{value}} ម៉ោង​មុន","_[few]":"{{value}} ម៉ោង​មុន","_[many]":"{{value}} ម៉ោង​មុន","_[other]":"{{value}} ម៉ោង​មុន"},"days-ago-long":{"_":"{[ plural(value) ]}","_[zero]":"ថ្ងៃ​នេះ","_[one]":"ម្សិលមិញ","_[two]":"{{value}} ថ្ងៃ​មុន","_[few]":"{{value}} ថ្ងៃ​មុន","_[many]":"{{value}} ថ្ងៃ​មុន","_[other]":"{{value}} ថ្ងៃ​មុន"},"weeks-ago-long":{"_":"{[ plural(value) ]}","_[zero]":"សប្ដាហ៍​នេះ","_[one]":"សប្ដាហ៍​មុន","_[two]":"{{value}} សប្ដាហ៍​មុន","_[few]":"{{value}} សប្ដាហ៍​មុន","_[many]":"{{value}} សប្ដាហ៍​មុន","_[other]":"{{value}} សប្ដាហ៍​មុន"},"months-ago-long":{"_":"{[ plural(value) ]}","_[zero]":"ខែ​នេះ","_[one]":"ខែ​មុន","_[two]":"{{value}} ខែ​មុន","_[few]":"{{value}} ខែ​មុន","_[many]":"{{value}} ខែ​មុន","_[other]":"{{value}} ខែ​មុន"},"years-ago-long":{"_":"{[ plural(value) ]}","_[zero]":"ឆ្នាំនេះ","_[one]":"ឆ្នាំ​មុន","_[two]":"{{value}} ឆ្នាំ​មុន","_[few]":"{{value}} ឆ្នាំ​មុន","_[many]":"{{value}} ឆ្នាំ​មុន","_[other]":"{{value}} ឆ្នាំ​មុន"},"minutes-until-long":{"_":"{[ plural(value) ]}","_[zero]":"ឥឡូវ","_[one]":"ក្នុង​ពេល​មួយ​នាទី","_[two]":"ក្នុង​ពេល {{value}} នាទី","_[few]":"ក្នុង​ពេល {{value}} នាទី","_[many]":"ក្នុង​ពេល​ {{value}} នាទី​","_[other]":"ក្នុង​ពេល {{value}} នាទី"},"hours-until-long":{"_":"{[ plural(value) ]}","_[zero]":"ឥឡូវ","_[one]":"ក្នុង​រយៈពេល​១​ម៉ោង","_[two]":"ក្នុង​ពេល​​ {{value}} ម៉ោង","_[few]":"ក្នុង​ពេល​​ {{value}} ម៉ោង","_[many]":"ក្នុង​ពេល​​ {{value}} ម៉ោង","_[other]":"ក្នុង​ពេល​​ {{value}} ម៉ោង"},"days-until-long":{"_":"{[ plural(value) ]}","_[zero]":"ថ្ងៃ​នេះ","_[one]":"ថ្ងៃស្អែក","_[two]":"ក្នុង​ពេល​​ {{value}} ថ្ងៃ","_[few]":"ក្នុង​ពេល​​ {{value}} ថ្ងៃ","_[many]":"ក្នុង​ពេល​​ {{value}} ថ្ងៃ","_[other]":"ក្នុង​ពេល​​ {{value}} ថ្ងៃ"},"weeks-until-long":{"_":"{[ plural(value) ]}","_[zero]":"សប្ដាហ៍​នេះ","_[one]":"សប្ដាហ៍​ក្រោយ","_[two]":"ក្នុង​ពេល {{value}} សប្ដាហ៍","_[few]":"ក្នុង​ពេល {{value}} សប្ដាហ៍","_[many]":"ក្នុង​ពេល {{value}} សប្ដាហ៍","_[other]":"ក្នុង​ពេល {{value}} សប្ដាហ៍"},"months-until-long":{"_":"{[ plural(value) ]}","_[zero]":"ខែ​នេះ","_[one]":"ខែ​ក្រោយ","_[two]":"ក្នុង​ពេល {{value}} ខែ","_[few]":"ក្នុង​ពេល {{value}} ខែ","_[many]":"ក្នុង​ពេល {{value}} ខែ","_[other]":"ក្នុង​ពេល {{value}} ខែ"},"years-until-long":{"_":"{[ plural(value) ]}","_[zero]":"ឆ្នាំនេះ","_[one]":"ឆ្នាំ​ក្រោយ","_[two]":"ក្នុង​ពេល {{value}} ឆ្នាំ","_[few]":"ក្នុង​ពេល {{value}} ឆ្នាំ","_[many]":"ក្នុង​ពេល {{value}} ឆ្នាំ","_[other]":"ក្នុង​ពេល {{value}} ឆ្នាំ"},"minutes-ago-short":{"_":"{[ plural(value) ]}","_[zero]":"អម្បាញ់មិញនេះ","_[other]":"{{value}}នាទី​មុន"},"hours-ago-short":{"_":"{[ plural(value) ]}","_[zero]":"អម្បាញ់មិញនេះ","_[other]":"{{value}}ម៉ោង​មុន"},"days-ago-short":{"_":"{[ plural(value) ]}","_[zero]":"ថ្ងៃ​នេះ","_[other]":"{{value}}ថ្ងៃ​មុន"},"minutes-until-short":{"_":"{[ plural(value) ]}","_[zero]":"ឥឡូវ","_[other]":"ក្នុង​ពេល {{value}}នាទី"},"hours-until-short":{"_":"{[ plural(value) ]}","_[zero]":"ឥឡូវ","_[other]":"ក្នុង​ពេល {{value}}ម៉ោង"},"days-until-short":{"_":"{[ plural(value) ]}","_[zero]":"ថ្ងៃ​នេះ","_[other]":"ក្នុង​ពេល {{value}}ថ្ងៃ"},"incorrectDate":{"_":"(កាលបរិច្ឆេទ​មិន​ត្រឹមត្រូវ)"},"dateTimeFormat_%c":{"_":"%a %b %e %Y %I:%M:%S %p"},"dateTimeFormat_%x":{"_":"%m/%d/%Y"},"dateTimeFormat_%X":{"_":"%I:%M:%S %p"},"shortTimeFormat":{"_":"%I:%M %p"},"shortDateTimeFormat":{"_":"%x %I:%M %p"},"weekStartsOnMonday":{"_":"0"},"time_am":{"_":"ព្រឹក"},"time_pm":{"_":"PM"},"tz-region":{"_":"តំបន់"},"tz-city":{"_":"ទីក្រុង"},"tzRegion-Africa":{"_":"អាហ្វ្រិក"},"tzRegion-America":{"_":"អាមេរិក"},"tzRegion-Antarctica":{"_":"អង់តាកទិក"},"tzRegion-Asia":{"_":"អាស៊ី"},"tzRegion-Atlantic":{"_":"មហាសមុទ្រអាត្លង់ទិក"},"tzRegion-Australia":{"_":"អូស្ត្រាលី"},"tzRegion-Europe":{"_":"អឺរ៉ុប"},"tzRegion-Indian":{"_":"មហាសមុទ្រ​ឥណ្ឌា"},"tzRegion-Pacific":{"_":"មហាសមុទ្រ​ប៉ាស៊ីហ្វិក"},"close":{"_":"Close"},"import":{"_":"Import"},"fbFriends":{"_":"Facebook Friends"},"live-serviceName":{"_":"Outlook"},"gmail-serviceName":{"_":"Gmail"},"facebook-serviceName":{"_":"Facebook Friends"},"viewAll":{"_":"View All Facebook Friends"},"viewRecommend":{"_":"View Only Recommended"},"linkProposal":{"_":"{[ plural(numFriends) ]}","_[zero]":"No matching friends. Showing all","_[one]":"Select the recommended one","_[two]":"Select a recommended one","_[few]":"Select a recommended one","_[many]":"Select a recommended one","_[other]":"Select a recommended one"},"fbFriendsFound":{"_":"{[ plural(numFriends) ]}","_[zero]":"All your friends are imported","_[one]":"Found one friend to import","_[two]":"Found {{numFriends}} friends to import","_[few]":"Found {{numFriends}} friends to import","_[many]":"Found {{numFriends}} friends to import","_[other]":"Found {{numFriends}} friends to import"},"done-search":{"_":"Done"},"progressFB3ImportTitle":{"_":"Importing friends to Contacts"},"progressFB":{"_":"{{current}}/{{total}}"},"progressFB3UpdateTitle":{"_":"Updating friends in Contacts"},"message2":{"_":"This may take a couple of minutes"},"messageLinking":{"_":"Please hold on. We are linking your friend and your contact."},"error1":{"_":"Error {{from}}"},"error2":{"_":"Do you want to retry?"},"errorProposal":{"_":"calculating proposals"},"errorFriends":{"_":"retrieving friends"},"errorLinking":{"_":"linking contact"},"timeout1":{"_":"Exceeded timeout {{from}}"},"timeout2":{"_":"Do you want to retry?"},"timeoutProposal":{"_":"calculating proposals"},"timeoutFriends":{"_":"retrieving friends"},"timeoutLinking":{"_":"linking contacts"},"wait1":{"_":"Please hold on"},"wait2":{"_":"This may take a couple of minutes"},"waitProposal":{"_":"Please hold on. We are calculating a proposal."},"waitFriends":{"_":"Please hold on. We are connecting to obtain your friend list."},"curtainCancel":{"_":"Cancel"},"curtainRetry":{"_":"Retry"},"curtainOK":{"_":"OK"},"connectionLost":{"_":"No Internet connection"},"connectionLostMsg":{"_":"Friends’ photos will not be added to your contacts. Continue anyway?"},"yesOption":{"_":"OK"},"noOption":{"_":"Cancel"},"friendsUpdated":{"_":"{[ plural(numFriends) ]}","_[zero]":"No friends updated","_[one]":"Updated one friend","_[two]":"Updated {{numFriends}} friends","_[few]":"Updated {{numFriends}} friends","_[many]":"Updated {{numFriends}} friends","_[other]":"Updated {{numFriends}} friends"},"notificationLogin":{"_":"Your Facebook session is invalid. Please sign in."},"syncError":{"_":"There was an error synchronizing your friend’s data"},"addToExistingContact":{"_":"បន្ថែម​ទៅ​ទំនាក់ទំនង​ដែល​មាន"},"all":{"_":"ទាំងអស់"},"callLog":{"_":"កំណត់​ត្រា​ការ​ហៅ"},"connecting":{"_":"តភ្ជាប់"},"cf-async":{"_":"ដែល​មិន​ស៊ី​សង្វាក់៖ {{ async }}\n"},"cf-data":{"_":"ទិន្នន័យ៖ {{ data }}\n"},"cf-error":{"_":"មាន​កំហុស​​បាន​កើត​ឡើង​អំឡុង​ពេល​ទៅ​រក​ស្ថានភាព​ការ​ហៅ​បញ្ជូន​បន្ត"},"cf-fax":{"_":"FAX: {{ fax }}\n"},"cf-inactive":{"_":"អសកម្ម"},"cf-packet":{"_":"កញ្ចប់ ៖ {{ packet }}\n"},"cf-pad":{"_":"PAD: {{ pad }}\n"},"cf-sms":{"_":"SMS: {{ sms }}\n"},"cf-status":{"_":"ស្ថានភាព​ការ​ហៅ​បញ្ជូន​បន្ត\n"},"cf-sync":{"_":"នៅ​ពេល​ជាមួយ​គ្នា៖ {{ sync }}\n"},"cf-voice":{"_":"សំឡេង៖ {{ voice }}\n"},"confirm-deletion":{"_":"សម្អាត​ការ​ហៅ​ដែល​បាន​ជ្រើស?"},"createNewContact":{"_":"បង្កើត​ទំនាក់​ទំនង​ថ្មី"},"delete":{"_":"លុប"},"edit-selected":{"_":"{[ plural(n) ]}","_[one]":"បាន​ជ្រើស {{ n }}","_[two]":"បាន​ជ្រើស {{ n }}","_[few]":"បាន​ជ្រើស {{ n }}","_[many]":"បាន​ជ្រើស {{ n }}","_[other]":"បាន​ជ្រើស {{ n }}"},"ignore":{"_":"មិន​អើ​ពើ​ការ​ហៅ"},"incoming":{"_":"ហៅ​ចូល"},"missed":{"_":"ខកខាន​ទទួល","ariaLabel":"ខកខាន​ទទួល"},"missedCall":{"_":"ខកខាន​ទទួល"},"missedCallMultiSims":{"_":"(SIM {{ n }}) ខកខាន​ការ​ទទួល"},"mmi-error":{"_":"កំហុស​បាន​កើតឡើង ខណៈ​ពេល​ផ្ញើ​សារ"},"mmi-session-expired":{"_":"សម័យ​បាន​ផុត​កំណត់"},"mmi-successfully-sent":{"_":"បាន​ផ្ញើ​សារ​ដោយ​ជោគជ័យ"},"no-logs-msg-1":{"_":"មិន​បាន​កត់ត្រា​ការ​ហៅ"},"no-logs-msg-2":{"_":"ចាប់ផ្ដើម​​ទាក់ទង​ឥឡូវ"},"no-logs-msg-3":{"_":"គ្មាន​ការ​ហៅ​ដែល​ខកខាន"},"reply":{"_":"ឆ្លើយតប"},"switch-calls":{"_":"ប្ដូរ​ការហៅ"},"withheld-number":{"_":"លេខ​មិន​អនុញ្ញាត​ឲ្យ"},"from-contact":{"_":"ពី {{ contact }}"},"from-number":{"_":"ពី {{ number }}"},"from-withheld-number":{"_":"ពី​លេខ​មិន​អនុញ្ញាត​ឲ្យ"},"sending":{"_":"កំពុង​ផ្ញើ…"},"ussd-services":{"_":"សេវាកម្ម {{ operator }}"},"type-your-response":{"placeholder":"បញ្ចូល​ការ​ឆ្លើយតប​របស់​អ្នក..."},"clear-all-text":{"_":"សម្អាត​អត្ថបទ​ទាំងអស់"},"hide":{"_":"លាក់"},"hold":{"_":"Hold","ariaLabel":"រង់ចាំ"},"resume":{"_":"បន្ត","ariaLabel":"បន្ត"},"sendSms":{"_":"ផ្ញើសារ"},"callEnded":{"_":"បញ្ចប់​ការ​ហៅ"},"via-sim":{"_":"តាម​រយៈ SIM{{ n }}"},"sim-number":{"_":"SIM{{ n }}"},"hangup-a11y-button":{"aria-label":"Hang Up","ariaLabel":"ដាក់​ទូរស័ព្ទ​ចុះ"},"pickup-a11y-button":{"aria-label":"Pick up","ariaLabel":"លើក​ទូរស័ព្ទ"},"unlock-a11y-button":{"aria-label":"Slider","ariaLabel":"គ្រាប់​រំកិល"},"delete-n-log?":{"_":"{[ plural(n) ]}","_[zero]":"គ្មានអ្វី​បាន​ជ្រើស","_[one]":"លុប​កំណត់​ហេតុ​បាន​ជ្រើស?","_[two]":"លុប​កំណត់​ហេតុ {{ n }} ?","_[few]":"លុប​កំណត់​ហេតុ {{ n }} ?","_[many]":"លុប​កំណត់ហេតុ {{ n }} ?","_[other]":"លុប​កំណត់​ហេតុ {{ n }} ?"},"callDurationMinutes":{"_":"{{ m }}:{{ s }}"},"callDurationHours":{"_":"{{ h }}:{{ m }}:{{ s}}"},"suggestionMatches":{"_":"{[ plural(n) ]}","_[one]":"{{ n }} ត្រូវ​គ្នា​​នឹង \"{{ matchNumber }}\"","_[two]":"{{ n }} ត្រូវ​គ្នា​នឹង \"{{ matchNumber }}\"","_[few]":"{{ n }} ត្រូវ​គ្នា​នឹង \"{{ matchNumber }}\"","_[many]":"{{ n }} ត្រូវ​គ្នា​នឹង \"{{ matchNumber }}\"","_[other]":"{{ n }} ត្រូវ​គ្នា​នឹង \"{{ matchNumber }}\""},"scCallBarring":{"_":"បង្ខាំងទុក​ការហៅ"},"scCallForwarding":{"_":"បញ្ជូន​ការហៅ"},"scClip":{"_":"លេខ​សម្គាល់​អ្នក​ហៅ​ចូល"},"scClir":{"_":"លេខ​សម្គាល់​អ្នក​ហៅ​ចេញ"},"scPwd":{"_":"ផ្លាស់ប្ដូរ​ពាក្យ​សម្ងាត់"},"scCallWaiting":{"_":"រង់ចាំ​ការ​ហៅ"},"scPin":{"_":"ផ្លាស់ប្ដូរ PIN"},"scPin2":{"_":"ផ្លាស់ប្ដូរ PIN2"},"scPuk":{"_":"បើក​លេខ​កូដ PIN"},"scPuk2":{"_":"ដោះលេខកូដ PIN2"},"scImei":{"_":"IMEI"},"scUssd":{"_":"USSD"},"serviceClassVoice":{"_":"សំឡេង"},"serviceClassData":{"_":"ទិន្នន័យ"},"serviceClassFax":{"_":"FAX"},"serviceClassSms":{"_":"សារ​ខ្លី SMS"},"serviceClassDataSync":{"_":"ធ្វើ​សមកាលកម្ម"},"serviceClassDataAsync":{"_":"មិន​សមកាល"},"serviceClassPacket":{"_":"ហោប៉ៅ"},"serviceClassPad":{"_":"PAD"},"smServiceEnabled":{"_":"បើក​ឲ្យ​ប្រើប្រាស់​សេវាកម្ម"},"smServiceDisabled":{"_":"បិទ​ការ​ប្រើប្រាស់​សេវាកម្ម"},"smServiceRegistered":{"_":"ការ​ចុះឈ្មោះ​​បាន​​ជោគជ័យ"},"smServiceErased":{"_":"ការ​លុប​​ជោគជ័យ"},"smServiceInterrogated":{"_":"សំណើរ​ដោយ​ជោគជ័យ"},"smServiceNotProvisioned":{"_":"សេវាកម្ម​ដែល​មិន​បាន​ផ្ដល់"},"smClirPermanent":{"_":"អ្នក​មិន​អាច​ផ្លាស់ប្ដូរ​ការ​កំណត់​លេខ​សម្គាល់​អ្នក​ហៅ​បាន​ទេ"},"smClirDefaultOnNextCallOn":{"_":"លេខ​សម្គាល់​​អ្នក​ហៅ​លំនាំដើម​ត្រូវ​បាន​ដាក់​កម្រិត។ ការ​ហៅ​បន្ទាប់៖ បាន​ដាក់​កម្រិត"},"smClirDefaultOnNextCallOff":{"_":"លេខ​សម្គាល់​​អ្នក​ហៅ​លំនាំដើម​ត្រូវ​បាន​ដាក់​កម្រិត។ ការ​ហៅ​បន្ទាប់៖ មិន​ត្រូវ​បាន​ដាក់​កម្រិត"},"smClirDefaultOffNextCallOn":{"_":"លេខ​សម្គាល់​អ្នក​ហៅ​លំនាំដើម​មិន​ត្រូវ​បាន​ដាក់​កម្រិត។ ការ​ហៅ​បន្ទាប់៖ បាន​ដាក់​កម្រិត"},"smClirDefaultOffNextCallOff":{"_":"លេខ​សម្គាល់​​អ្នក​ហៅ​លំនាំដើម​មិន​ត្រូវ​បាន​ដាក់​កម្រិត។ ការ​ហៅ​បន្ទាប់៖ មិន​ត្រូវ​បាន​ដាក់​កម្រិត"},"smServiceEnabledFor":{"_":"សេវាកម្ម​ត្រូវ​បាន​បើក​សម្រាប់៖"},"smPinChanged":{"_":"បាន​ប្ដូរ​កូដ PIN ដោយ​ជោគជ័យ"},"smPinUnblocked":{"_":"បាន​ដោះ​សោ​កូដ​ PIN ដោយ​ជោគជ័យ"},"smPin2Changed":{"_":"បាន​ប្ដូរ​កូដ PIN2 ដោយ​ជោគជ័យ"},"smPin2Unblocked":{"_":"បាន​ដោះ​សោ​កូដ PIN2 ដោយ​ជោគជ័យ"},"emMmiError":{"_":"មាន​បញ្ហា​ការ​តភ្ជាប់ ឬ​កូដ MMI មិន​ត្រឹមត្រូវ"},"emMmiErrorPasswordIncorrect":{"_":"ពាក្យ​​សម្ងាត់​​មិន​​ត្រឹម​​ត្រូវ"},"emMmiErrorNotSupported":{"_":"កូដ MMI មិន​គាំទ្រ ឬ​មិន​ត្រឹមត្រូវ"},"emMmiErrorInvalidAction":{"_":"សកម្មភាព​មិន​ត្រឹមត្រូវ"},"emMmiErrorInvalidScCode":{"_":"កូដ​សេវាកម្ម​​មិន​ត្រឹមត្រូវ"},"emMmiErrorBadPuk":{"_":"PUK ដែល​អ្នក​បាន​​បញ្ចូល​មិន​ត្រឹមត្រូវ"},"emMmiErrorBadPin":{"_":"កូដ PIN ចាស់​ដែល​អ្នក​បាន​បញ្ចូល​មិន​ត្រឹមត្រូវ។"},"emMmiErrorNeedPuk2":{"_":"វាយ​កូដ PUK2 ដើម្បី​ដោះ​សោ​​ SIM ​កាត"},"emMmiErrorMismatchPin":{"_":"កូដ PINs ដែល​អ្នក​បាន​បញ្ចូល​មិន​ផ្គូផ្គង"},"emMmiErrorInvalidPin":{"_":"បញ្ចូល​កូដ PIN ដែល​មាន​លេខ 4 ដល់ 8"},"emMmiErrorNeedsPuk":{"_":"SIM កាត​របស់​​អ្នក​ គឺ​​បាន​បិទ PUK"},"emMmiErrorEnablePin":{"_":"បរាជ័យ។ បើក​ដំណើរការ SIM/RUIM LOCK"},"emMmiErrorMmiFdn":{"_":"ប្រតិបត្តិការ​ត្រូវ​បាន​ដាក់​កម្រិត​ចំពោះ​លេខ​ហៅ​ថេរ​ប៉ុណ្ណោះ"},"emMmiErrorStkCcUssdDial":{"_":"សំណើ USSD ត្រូវ​បាន​កែប្រែ​ទៅ​សំណើ DIAL"},"emMmiErrorStkCcUssdSs":{"_":"សំណើ USSD ត្រូវ​បាន​កែប្រែ​ទៅ​សំណើ SS"},"emMmiErrorStkCcUssdUssd":{"_":"សំណើ USSD ត្រូវ​បាន​កែប្រែ​ទៅ​សំណើ USSD ថ្មី"},"emMmiErrorStkCcSsDial":{"_":"សំណើ SS ត្រូវ​បាន​កែប្រែ​ទៅ​សំណើ DIAL"},"emMmiErrorStkCcSsUssd":{"_":"សំណើ SS ត្រូវ​បាន​កែប្រែ​ទៅ​សំណើ USSD"},"emMmiErrorStkCcSsSs":{"_":"សំណើ SS ត្រូវ​បាន​កែប្រែ​ទៅ​សំណើ SS ថ្មី"},"emMmiErrorPinPukAttempts":{"_":"{[ plural(n) ]}","_[one]":"Only {{ n }} retry left","_[two]":"{{ n }} retries left","_[few]":"{{ n }} retries left","_[many]":"{{ n }} retries left","_[other]":"{{ n }} retries left"},"emMmiErrorSimBlocked":{"_":"បាន​ហួស​កំណត់​ចំនួន​ការ​ព្យាយាម​អតិបរមា​។ បាន​បិទ SIM"},"RadioNotAvailable":{"_":"គ្មាន​វិទ្យុ"},"GenericFailure":{"_":"កំហុស​ទូទៅ"},"PasswordIncorrect":{"_":"ពាក្យសម្ងាត់​មិន​ត្រឹមត្រូវ"},"SimPin2":{"_":"SIM PIN2"},"SimPuk2":{"_":"SIM PUK2"},"RequestNotSupported":{"_":"សំណើ​មិន​ត្រូវ​បាន​គាំទ្រ"},"OpNotAllowedDuringVoiceCall":{"_":"ប្រតិបត្តិការ​មិន​ត្រូវ​បាន​អនុញ្ញាត​អំឡុង​ពេល​ហៅ​ជា​សំឡេង"},"SmsSendFailRetry":{"_":"បរាជ័យ​ក្នុង​ការ​ផ្ញើ​សារ SMS ព្យាយាម​ម្ដងទៀត"},"SimAbsent":{"_":"អវត្តមាន SIM"},"SubscriptionNotAvailable":{"_":"គ្មាន​ការ​ជាវ"},"ModeNotSupported":{"_":"មិន​គាំទ្រ​វិធី"},"FdnCheckFailure":{"_":"ភាព​បរាជ័យ​ការ​ពិនិត្យមើល Fdn"},"IllegalSimOrMe":{"_":"SIM ឬ ME មិន​ស្របច្បាប់"},"DialModifiedToUssd":{"_":"បាន​កែប្រែ​ចុច​ទៅ USSD"},"DialModifiedToSs":{"_":"បាន​កែប្រែ​ចុច​ទៅ SS"},"DialModifiedToDial":{"_":"បាន​កែប្រែ​ចុច​ទៅ​បន្ទះ​លេខ"},"UssdModifiedToDial":{"_":"បាន​កែប្រែ USSD ដើម្បី​ចុច"},"UssdModifiedToSs":{"_":"បាន​កែប្រែ USSD ទៅ"},"UssdModifiedToUssd":{"_":"USSD បាន​កែប្រែ​ទៅ USSD"},"SsModifiedToDial":{"_":"SS បាន​កែប្រែ​ទៅ​បន្ទះ​ចុច"},"SsModifiedToUssd":{"_":"SS បាន​កែប្រែ​ទៅ USSD"},"SsModifiedToSs":{"_":"SS បាន​កែប្រែ​ទៅ SS"},"SubscriptionNotSupported":{"_":"ការ​ជាវ​មិន​ត្រូវ​បាន​គាំទ្រ"},"InvalidParameter":{"_":"ប៉ារ៉ាម៉ែត្រ​មិន​ត្រឹមត្រូវ"},"RejectedByRemote":{"_":"បាន​បដិសេធ​ពី​ចម្ងាយ"},"group-call":{"_":"{[ plural(n) ]}","_[one]":"ការ​ហៅ​ជា​ក្រុម ({{ n }})","_[two]":"កា​រហៅ​ជា​ក្រុម ({{ n }})","_[few]":"ការ​ហៅ​ជា​ក្រុម ({{ n }})","_[many]":"ការ​ហៅ​ជា​ក្រុម ({{ n }})","_[other]":"កា​រហៅ​ជា​ក្រុម ({{ n }})"},"caller-left-call":{"_":"{{ caller }} បាន​ចេញ​ពី​ការហៅ។"},"conferenceAddError":{"_":"មិន​អាច​បញ្ចូល​ការ​ហៅ​ចូល​គ្នា"},"conferenceRemoveError":{"_":"មិន​អាច​មិន​បញ្ចូល​ការ​ហៅ​ចូល​គ្នា"},"longDateFormat":{"_":"%A, %B %e"},"select-audio-sources":{"_":"ជ្រើស​ប្រភព​អូឌីយ៉ូ"},"bluetooth-handsfree-device":{"_":"ឧបករណ៍​មិន​ប្រើ​ដៃ​សម្រាប់ប៊្លូធូស"},"receiver":{"_":"អ្នកទទួល"},"speaker":{"_":"អូប៉ាល័រ​"},"addNewNumber":{"_":"បន្ថែម​លេខ​ថ្មី"},"asterisk":{"ariaLabel":"Asterisk"},"dialerAddContact":{"ariaLabel":"បន្ថែម​ទំនាក់ទំនង​"},"dialerAddContactDialog":{"ariaLabel":"បន្ថែម​ប្រអប់​ទំនាក់ទំនង"},"hideKeypad":{"ariaLabel":"លាក់​ក្ដារចុច"},"keypad":{"ariaLabel":"ក្ដារចុច"},"keypadDelete":{"ariaLabel":"លុប"},"makeCall":{"ariaLabel":"ហៅ"},"merge":{"_":"បញ្ចូល​គ្នា"},"mute":{"ariaLabel":"ស្ងាត់"},"newCall":{"ariaLabel":"ហៅ​ថ្មី"},"phoneNumberInput":{"ariaLabel":"លេខ​ទូរស័ព្ទ"},"recents":{"ariaLabel":"ការ​ហៅ​ថ្មីៗ"},"voiceMailKey":{"ariaLabel":"សារ​ជា​សំឡេង"},"speakerOption":{"ariaLabel":"អូប៉ាល័រ​"},"toggleKeypad":{"ariaLabel":"បិទ/បើក​ ក្ដារចុច​"},"sim-picker-dial-via-with-number":{"_":"ហៅ​លេខ {{ phoneNumber }} តាមរយៈ"},"sim-picker-select-sim":{"_":"ជ្រើស SIM"},"sim-picker-button":{"_":"SIM{{ n }}"},"sim-picker-button-default":{"_":"(លំនាំដើម)"},"waitDuplicateContacts":{"_":"រក​មើល​ទំនាក់ទំនង​ដែល​ស្ទួន​គ្នា"},"waitMergingDuplicateContacts":{"_":"បញ្ចូល​ទំនាក់ទំនង​ស្ទួន​គ្នា​ចូលគ្នា"},"alertNoDuplicateContacts":{"_":"រក​មិន​ឃើញ​ទំនាក់​ទំនង​ដែល​​ស្ទួន​គ្នា"},"mergeDuplicateTitle":{"_":"បញ្ចូល​ឈ្មោះ​ស្ទួន​គ្នា"},"suggestedDuplicateContacts":{"_":"បាន​​ស្នើ​ទំនាក់ទំនង​ដែល​ស្ទួន​នឹង {{name}}"},"mergeActionButtonLabel":{"_":"{[ plural(n) ]}","_[zero]":"គ្មាន​ទំនាក់ទំនង​បាន​ជ្រើស","_[one]":"បញ្ចូល​ទំនាក់ទំនង {{n}} ចូល​គ្នា","_[other]":"បញ្ចូល​ទំនាក់ទំនង {{n}} ចូល​គ្នា"},"duplicatesFoundTitle":{"_":"រក​ឃើញ​​ភាព​ស្ទួន​គ្នា"},"duplicatesFoundMessage":{"_":"{{name}} មាន​ព័ត៌មាន​ស្ទួន​គ្នា​នៅ​ក្នុង​ទំនាក់ទំនង​ខាងក្រោម​នេះ"}}