{"brandShortName":{"_":"B2G OS"},"browserBrandShortName":{"_":"웹 브라우저"},"browserBrandFullName":{"_":"Mozilla 웹 브라우저"},"callAirplaneModeMessage":{"_":"비행기 모드를 비활성화하면 통화를 할 수 있습니다."},"callAirplaneModeBtnOk":{"_":"예"},"callAirplaneModeTitle":{"_":"비행기 모드 활성화됨"},"numberIsBusyTitle":{"_":"통화중"},"numberIsBusyMessage":{"_":"현재 통화중입니다. 잠시 후에 다시 시도해 주세요."},"fdnIsEnabledTitle":{"_":"FDN 활성화"},"fdnIsEnabledMessage":{"_":"승인된 전화 목록에 들어 있지 않기 때문에 통화가 중단되었습니다."},"voiceMail":{"_":"음성메일"},"emergencyNumber":{"_":"긴급 전화번호"},"emergencyDialogBodyBadNumber":{"_":"네트워크에 연결되어 있어야 통화를 할 수 있습니다."},"emergencyDialogBodyDeviceNotAccepted":{"_":"이 네트워크에서는 비상 통화가 되지 않습니다."},"emergencyDialogBtnOk":{"_":"예"},"emergencyDialogTitle":{"_":"네트워크 연결 없음"},"invalidNumberToDialTitle":{"_":"유효하지 않은 전화 번호"},"invalidNumberToDialMessage":{"_":"전화 번호가 유효하지 않습니다."},"unableToCallTitle":{"_":"전화 걸기 실패"},"unableToCallMessage":{"_":"전화를 걸 수 없습니다. 거는 중이라면 끊으셔야 합니다."},"otherConnectionInUseTitle":{"_":"기존 통화 사용 중"},"otherConnectionInUseMessage":{"_":"기존에 통화가 아직 진행중입니다. 한번에 한 통화만 가능합니다."},"add":{"_":"추가"},"back":{"_":"뒤로"},"call":{"_":"통화"},"edit":{"_":"편집"},"cancel":{"_":"취소"},"done":{"_":"완료"},"ok":{"_":"확인"},"update":{"_":"업데이트"},"retry":{"_":"다시 시도"},"contacts":{"_":"연락처"},"addContact":{"_":"연락처 추가"},"deleteContact":{"_":"연락처 삭제"},"selectContact":{"_":"연락처 선택"},"selectAll":{"_":"모두 선택"},"deselectAll":{"_":"모두 선택 해제"},"editContact":{"_":"연락처 편집"},"deleteConfirmMsg":{"_":"연락처를 삭제하시겠습니까?"},"remove":{"_":"삭제"},"comments":{"_":"메모"},"no_contact_phones":{"_":"전화번호 없음"},"no_contact_email":{"_":"이메일 주소 없음"},"removePhotoConfirm":{"_":"연락처 사진을 삭제하시겠습니까?"},"loadingContacts":{"_":"연락처를 읽어들이는 중…"},"noContactsActivity":{"_":"연락처 목록이 비어 있어 추가할 수 없음"},"noName":{"_":"이름 없음"},"givenName":{"placeholder":"이름"},"familyName":{"placeholder":"성"},"tel":{"placeholder":"전화"},"carrier":{"_":"통신사","placeholder":"통신사"},"separator":{"_":","},"email":{"_":"이메일","placeholder":"이메일"},"streetAddress":{"placeholder":"주소"},"postalCode":{"placeholder":"우편번호"},"locality":{"placeholder":"도시"},"countryName":{"placeholder":"국가"},"comment":{"placeholder":"메모"},"org":{"placeholder":"회사"},"custom":{"placeholder":"맞춤 항목","_":"사용자 정의"},"date":{"_":"날짜","placeholder":"날짜"},"birthday":{"_":"생일"},"dateFormat":{"_":"%B %e일"},"dateOutput":{"_":"{{dayMonthFormatted}} {{year}}"},"anniversary":{"_":"기념일"},"addPhoto":{"_":"사진 추가"},"addPhone":{"_":"전화 추가"},"addEmail":{"_":"이메일 추가"},"addAddress":{"_":"주소 추가"},"addDate":{"_":"날짜 추가"},"addComment":{"_":"메모 추가"},"addFavorite":{"_":"즐겨찾기에 추가"},"removeFavorite":{"_":"즐겨찾기에서 제외"},"label":{"_":"라벨"},"mobile":{"_":"모바일"},"home":{"_":"자택"},"work":{"_":"직장"},"personal":{"_":"개인"},"faxHome":{"_":"자택 팩스"},"faxOffice":{"_":"사무실 팩스"},"faxOther":{"_":"기타 팩스"},"another":{"_":"기타"},"other":{"_":"기타"},"current":{"_":"현재 주소"},"itemWithLabel":{"_":"{{label}}, {{item}}"},"exit":{"_":"나가기"},"expand":{"_":"펼치기"},"labelName":{"_":"이름:"},"labelLastName":{"_":"성:"},"labelPhoneNumber":{"_":"전화번호:"},"labelCarrier":{"_":"통신사:"},"labelEmail":{"_":"이메일:"},"labelStreet":{"_":"주소:"},"labelZip":{"_":"우편번호:"},"labelCity":{"_":"도시:"},"labelCountry":{"_":"국가:"},"labelComment":{"_":"메모:"},"legendTitleMain":{"_":"기본 정보"},"legendPhones":{"_":"전화번호"},"legendEmail":{"_":"이메일 주소"},"legendAddress":{"_":"주소"},"settings":{"_":"설정"},"search-contact":{"placeholder":"찾기"},"noResults":{"_":"연락처로 찾지 못함"},"transferContactsTitle":{"_":"연락처 보내기"},"importContactsTitle":{"_":"연락처 가져오기"},"importContactsButton":{"_":"연락처 가져오기"},"exportContactsTitle":{"_":"연락처 내보내기"},"exportContactsButton":{"_":"연락처 내보내기"},"exportContactsAction":{"_":"내보내기"},"simExport-title":{"_":"SIM으로 내보내기"},"sdExport-title":{"_":"SD 카드로 내보내기"},"btExport-title":{"_":"블루투스로 내보내기"},"sdUMSEnabled":{"_":"USB 저장소가 활성화되어서 SD 카드 사용할 수 없음"},"exportErrorTitle":{"_":"내보내기 오류"},"contactsExported2":{"_":"{[ plural(exported) ]}","_[zero]":"내보낼 연락처 없음","_[one]":"{{exported}}/{{total}} 연락처 내보냄","_[two]":"{{exported}}/{{total}} 연락처 내보냄","_[few]":"{{exported}}/{{total}} 연락처 내보냄","_[many]":"{{exported}}/{{total}} 연락처 내보냄","_[other]":"{{exported}}/{{total}} 연락처 내보냄"},"exportError-general":{"_":"내보내는 중 오류 발생"},"exportError-SD-shared":{"_":"메모리 카드가 공유되어 있어서 접근 할 수 없음"},"exportError-SD-unavailable":{"_":"메모리 카드를 사용할 수 없음"},"exportError-SD-noSpace":{"_":"메모리 카드에 연락처를 내보낼 수 있는 충분한 용량이 없음"},"exportError-SIM-unavailable":{"_":"SIM 카드를 사용할 수 없음"},"exportError-BT-shared":{"_":"메모리 카드가 공유되어 있어서 접근 할 수 없음"},"exportError-BT-unavailable":{"_":"메모리 카드를 사용할 수 없음"},"exportError-BT-noSpace":{"_":"메모리 카드에 연락처를 내보낼 수 있는 충분한 용량이 없음"},"simContacts-import":{"_":"SIM 연락처 가져오기"},"simContacts-importing":{"_":"SIM 연락처를 가져오는 중…"},"simContacts-reading":{"_":"SIM 카드에서 읽는 중…"},"simContacts-error":{"_":"SIM에서 연락처를 가져오지 못함"},"simContacts-imported3":{"_":"{[ plural(n) ]}","_[zero]":"SIM 카드에서 가져올 연락처 없음","_[one]":"연락처 한 개 가져옴","_[two]":"연락처 {{n}}개 가져옴","_[few]":"연락처 {{n}}개 가져옴","_[many]":"연락처 {{n}}개 가져옴","_[other]":"연락처 {{n}}개 가져옴"},"noSimMsg":{"_":"SIM 카드를 넣거나 잠금을 풀어야 연락처를 가져올 수 있음"},"noSimMsgExport":{"_":"SIM 카드를 넣거나 잠금을 풀어야 연락처를 내보낼 수 있음"},"simNumber":{"_":"SIM {{number}}"},"memoryCardContacts-import":{"_":"메모리 카드에서 연락처 가져오기"},"memoryCardContacts-importing":{"_":"메모리 카드에서 연락처를 가져오는 중…"},"memoryCardContacts-reading":{"_":"메모리 카드에서 읽는 중…"},"memoryCardContacts-error":{"_":"메모리 카드에서 연락처를 가져오지 못함"},"memoryCardContacts-imported3":{"_":"{[ plural(n) ]}","_[zero]":"메모리 카드에 가져올 연락처 없음","_[one]":"연락처 한 개 가져옴","_[two]":"연락처 {{n}}개 가져옴","_[few]":"연락처 {{n}}개 가져옴","_[many]":"연락처 {{n}}개 가져옴","_[other]":"연락처 {{n}}개 가져옴"},"noMemoryCardMsg":{"_":"메모리 카드를 넣어야 연락처를 가져올 수 있음"},"noMemoryCardMsgExport":{"_":"메모리 카드를 넣어야 연락처를 내보낼 수 있음"},"genericProgress":{"_":"{{current}}/{{total}}"},"social-network":{"_":"소셜 네트워크"},"social-link":{"_":"연락처 연결"},"social-unlink":{"_":"연락처 연결 끊기"},"social-unlink-confirm-title":{"_":"친구와의 연결을 끊겠습니까?"},"social-unlink-confirm-accept":{"_":"끊기"},"facebook-import":{"_":"Facebook 친구 가져오기"},"show-fb-profile":{"_":"Facebook 프로필 보기"},"msg-send":{"_":"메시지"},"wall-post":{"_":"담벼락"},"facebook":{"_":"Facebook"},"facebook-import-msg":{"_":"{[ plural(imported) ]}","_[zero]":"친구를 한명도 가져오지 않음 (총 {{total}}명)","_[one]":"한 명 가져옴 (총 {{total}}명)","_[two]":"친구 {{imported}}명 가운데 {{total}}명 가져옴","_[few]":"친구 {{imported}}명 가운데 {{total}}명 가져옴","_[many]":"친구 {{imported}}명 가운데 {{total}}명 가져옴","_[other]":"친구 {{imported}}명 가운데 {{total}}명 가져옴"},"otherAccount":{"_":"다른 계정"},"facebookSwitchMsg":{"_":"친구 목록 동기화"},"select_mobile":{"_":"모바일 선택"},"select_email":{"_":"이메일 선택"},"contactsOrderBy":{"_":"성으로 정렬"},"importSim2":{"_":"SIM 카드"},"importMemoryCard":{"_":"메모리 카드"},"importGmail":{"_":"Gmail"},"bluetooth":{"_":"블루투스"},"importOutlook":{"_":"Outlook"},"fbUpdateFriends":{"_":"가져온 친구 목록 업데이트"},"cleaningFbData":{"_":"Facebook 데이터 삭제하기"},"loggingOutFb":{"_":"Facebook에서 나가기"},"cleanFbConfirmMsg":{"_":"Facebook 데이터를 모두 삭제하시겠습니까?"},"renewPwdMsg":{"_":"Facebook 암호가 바뀌었습니다. 업데이트해 주십시오."},"noConnection11":{"_":"Wi-Fi나 데이터 네트워크에 연결하여 Facebook 친구 및 연락처 가져오기"},"notEnabledYet":{"_":"사용 안함"},"genericNoConnection":{"_":"Wi-Fi나 데이터 네트워크에 연결하여 연락처 가저오기"},"simCard":{"_":"SIM 카드"},"memoryCard":{"_":"메모리 카드"},"create-new":{"_":"새 연락처 만들기"},"import-now":{"_":"SIM 카드나 Facebook에서 연락처 가져오기"},"no-contacts":{"_":"연락처 없음"},"start-adding":{"_":"연락처 추가"},"notImported":{"_":"이전 안함"},"imported":{"_":"이전 완료"},"today":{"_":"오늘"},"yesterday":{"_":"어제"},"messageCanceling":{"_":"처리중인 작업을 취소하고 있는 중입니다. 잠시만 기다려 주십시오."},"organise-contacts":{"_":"연락처 정리"},"find-merge-contacts":{"_":"중복된 연락처 찾기"},"preparing-contacts":{"_":"연락처 준비"},"exportError-SIM-NoFreeRecordFound":{"_":"SIM 카드 공간 없음"},"exportError-SIM-CannotAccessPhoneBook":{"_":"SIM 카드 주소록 접근할 수 없음"},"exportError-SIM-Unavailable":{"_":"SIM 카드 없음"},"exportError-SIM-GenericError":{"_":"연락처 내보내는 동안 오류 발생"},"pincode2":{"_":"PIN 코드 입력"},"type_pin":{"_":"PIN 코드 넣기"},"pincodeLabel":{"_":"SIM {{n}} PIN"},"pinValidation":{"_":"PIN은 4~8자리 글자입니다."},"pinError":{"_":"PIN이 올바르지 않습니다."},"pinAttemptMsg2":{"_":"{[ plural(n) ]}","_[one]":"올바른 코드를 입력할 수 있는 기회가 한 번 남았습니다. 만약 틀리면 이 SIM 카드는 잠기게 됩니다.","_[two]":"올바른 코드를 입력할 수 있는 기회가 {{n}}번 남았습니다. 만약 틀리면 이 SIM 카드는 잠기게 됩니다.","_[few]":"올바른 코드를 입력할 수 있는 기회가 {{n}}번 남았습니다. 만약 틀리면 이 SIM 카드는 잠기게 됩니다.","_[many]":"올바른 코드를 입력할 수 있는 기회가 {{n}}번 남았습니다. 만약 틀리면 이 SIM 카드는 잠기게 됩니다.","_[other]":"올바른 코드를 입력할 수 있는 기회가 {{n}}번 남았습니다. 만약 틀리면 이 SIM 카드는 잠기게 됩니다."},"pinLastChanceMsg":{"_":"올바른 PIN을 입력할 수 있는 마지막 기회입니다. 그러지 못하면 PUK를 입력해야 이 SIM 카드를 쓸 수 있습니다."},"pukcode":{"_":"PUK 코드 입력"},"pukcodeTitle":{"_":"SIM {{n}} PUK 입력"},"pukcodeLabel":{"_":"SIM {{n}} PUK"},"type_puk":{"_":"PUK 코드"},"pukValidation":{"_":"PUK 코드는 반드시 정확히 8자리 숫자여야 합니다."},"pukInfo":{"_":"SIM 카드의 Personal Unlocking Key (PUK) 코드를 입력해야 합니다. 자세한 정보는 SIM 카드 문서를 참조하거나 통신사에 문의하시기 바랍니다."},"pukError":{"_":"PUK가 올바르지 않습니다."},"pukAttemptMsg2":{"_":"{[ plural(n) ]}","_[one]":"올바른 코드를 입력할 수 있는 기회가 한 번 남았습니다. 만약 틀리면 이 SIM 카드는 영구적으로 사용할 수 없게 됩니다. 자세한 정보는 SIM 카드 문서를 참조하거나 통신사에 문의하시기 바랍니다.","_[two]":"올바른 코드를 입력할 수 있는 기회가 {{n}}번 남았습니다. 만약 틀리면 이 SIM 카드는 영구적으로 사용할 수 없게 됩니다. 자세한 정보는 SIM 카드 문서를 참조하거나 통신사에 문의하시기 바랍니다.","_[few]":"올바른 코드를 입력할 수 있는 기회가 {{n}}번 남았습니다. 만약 틀리면 이 SIM 카드는 영구적으로 사용할 수 없게 됩니다. 자세한 정보는 SIM 카드 문서를 참조하거나 통신사에 문의하시기 바랍니다.","_[many]":"올바른 코드를 입력할 수 있는 기회가 {{n}}번 남았습니다. 만약 틀리면 이 SIM 카드는 영구적으로 사용할 수 없게 됩니다. 자세한 정보는 SIM 카드 문서를 참조하거나 통신사에 문의하시기 바랍니다.","_[other]":"올바른 코드를 입력할 수 있는 기회가 {{n}}번 남았습니다. 만약 틀리면 이 SIM 카드는 영구적으로 사용할 수 없게 됩니다. 자세한 정보는 SIM 카드 문서를 참조하거나 통신사에 문의하시기 바랍니다."},"pukLastChanceMsg":{"_":"올바른 PUK 코드를 입력할 수 있는 마지막 기회입니다. 만약 잘못된 PUK 코드를 입력하면 이 SIM 카드는 영구적으로 사용할 수 없게 됩니다."},"create_newpin":{"_":"새 PIN 만들기 (4~8자리 숫자)"},"confirm_newpin":{"_":"새 PIN 확인"},"newpinConfirmation":{"_":"PIN이 맞지 않음"},"nckcode":{"_":"NCK 코드 입력"},"cckcode":{"_":"CCK 코드 입력"},"spckcode":{"_":"SPCK 코드 입력"},"nckcodeTitle":{"_":"SIM {{n}} NCK 입력"},"cckcodeTitle":{"_":"SIM {{n}} CCK 입력"},"spckcodeTitle":{"_":"SIM {{n}} SPCK 입력"},"nckcodeLabel":{"_":"SIM {{n}} NCK"},"cckcodeLabel":{"_":"SIM {{n}} CCK"},"spckcodeLabel":{"_":"SIM {{n}} SPCK"},"type_nck":{"_":"NCK 코드 넣기"},"type_cck":{"_":"CCK 코드 넣기"},"type_spck":{"_":"SPCK 코드 넣기"},"nckValidation":{"_":"NCK는 8~16자리 글자입니다."},"cckValidation":{"_":"CCK는 8~16자리 글자입니다."},"spckValidation":{"_":"SPCK는 8~16자리 글자입니다."},"nckErrorMsg":{"_":"NCK 코드가 올바르지 않습니다."},"nckAttemptMsg2":{"_":"{[ plural(n) ]}","_[one]":"네트워크 잠금 해제 요청이 실패했습니다. 올바른 코드를 입력할 수 있는 기회가 한 번 남았습니다. 자세한 정보는 단말기 설명서를 참조하거나 통신사에 문의하시기 바랍니다.","_[two]":"네트워크 잠금 해제 요청이 실패했습니다. 올바른 코드를 입력할 수 있는 기회가 {{n}}번 남았습니다. 자세한 정보는 단말기 설명서를 참조하거나 통신사에 문의하시기 바랍니다.","_[few]":"네트워크 잠금 해제 요청이 실패했습니다. 올바른 코드를 입력할 수 있는 기회가 {{n}}번 남았습니다. 자세한 정보는 단말기 설명서를 참조하거나 통신사에 문의하시기 바랍니다.","_[many]":"네트워크 잠금 해제 요청이 실패했습니다. 올바른 코드를 입력할 수 있는 기회가 {{n}}번 남았습니다. 자세한 정보는 단말기 설명서를 참조하거나 통신사에 문의하시기 바랍니다.","_[other]":"네트워크 잠금 해제 요청이 실패했습니다. 올바른 코드를 입력할 수 있는 기회가 {{n}}번 남았습니다. 자세한 정보는 단말기 설명서를 참조하거나 통신사에 문의하시기 바랍니다."},"nckLastChanceMsg":{"_":"네트워크 잠금 해제 요청이 실패했습니다. 올바른 NCK 코드를 입력할 수 있는 마지막 기회입니다. 자세한 정보는 단말기 설명서를 참조하거나 통신사에 문의하시기 바랍니다."},"skip":{"_":"건너뛰기"},"send":{"_":"보내기"},"simLocked":{"_":"SIM 카드 잠김"},"inputCodeRetriesLeft":{"_":"{[ plural(n) ]}","_[one]":"마지막 기회입니다.","_[two]":"{{n}}번 남았습니다.","_[few]":"{{n}}번 남았습니다.","_[many]":"{{n}}번 남았습니다.","_[other]":"{{n}}번 남았습니다."},"simManager":{"_":"SIM 관리자"},"simDetail":{"_":"SIM {{n}}"},"simDefault":{"_":"(기본)"},"simDefaultMessage":{"_":"착신 통화 및 메시지, 데이터 연결은 SIM 1으로 기본 설정됨"},"simSettingsMessage":{"_":"설정 > SIM 관리자에서 기본 설정 변경 가능 "},"simPinLocked":{"_":"SIM PIN 잠금"},"noOperator":{"_":"통신사 없음"},"language":{"_":"언어"},"english":{"_":"영어"},"dvorak":{"_":"영어 (드보락)"},"spanish":{"_":"스페인어"},"portuguese":{"_":"포르투갈어 (브라질)"},"french":{"_":"프랑스어"},"italian":{"_":"이탈리아어"},"arabic":{"_":"아라비아어"},"greek":{"_":"그리스어"},"hebrew":{"_":"히브리어"},"jp-kanji":{"_":"일본어"},"jp-kanji-desc":{"_":"간지"},"traditionalChinese":{"_":"번체"},"traditionalChinese-desc":{"_":"주음"},"simplifiedChinese":{"_":"간체"},"simplifiedChinese-desc":{"_":"병음"},"3g":{"_":"모바일 네트워크 사용"},"dataConnection":{"_":"데이터 연결"},"dataConnectionInfo":{"_":"데이터 연결을 시작하면 통신사에서 제공하는 데이터망에 연결하여, Wi-Fi에 연결하지 않고도 설정할 수 있습니다. 물론 나중에 설정에서 데이터 연결을 시작할 수도 있습니다. 다만 통신사에 요금이 지나치게 많이 나오지 않을 충분한 요금제로 가입되어 있는지 확인하십시오."},"caution":{"_":"주의"},"geolocation":{"_":"위치 서비스"},"geolocationCheckbox":{"_":"위치 서비스 활성화"},"geolocationInfo2":{"_":"{{brandShortName}} 폰은 사용자의 대략적인 위치를 파악하기 위해 GPS, Wi-Fi, 모바일 네트워크를 사용합니다."},"geolocationInfoMore":{"_":"위치 데이터는 Mozilla와 서비스 제공업체들에 전달하고, 위치 데이터베이스 향상을 위해 사용됩니다. 이 데이터는 여러분의 기기에 저장되고 앱이 실행되지 않을 때도 수집 될 수 있습니다."},"notice":{"_":"알림"},"aboutYourPrivacy":{"_":"개인 정보 보호 정책"},"wifi":{"_":"Wi-Fi"},"scanningNetworks":{"_":"Wi-Fi 네트워크 찾는 중"},"selectNetwork":{"_":"Wi-Fi 선택"},"shortStatus-connecting":{"_":"연결 중…"},"shortStatus-associated":{"_":"IP 주소를 받아오는 중…"},"shortStatus-connected":{"_":"연결됨"},"shortStatus-connectingfailed":{"_":"연결 실패"},"shortStatus-disconnected":{"_":"연결되어 있지 않음"},"securedBy":{"_":"{{capabilities}}로 보안이 걸려 있음"},"security":{"_":"보안"},"securityNone":{"_":"없음"},"securityWEP":{"_":"WEP"},"securityWPA-PSK":{"_":"WPA-PSK"},"securityWPA-EAP":{"_":"WPA-EAP"},"securityOpen":{"_":"개방"},"identity":{"_":"사용자"},"identityInput":{"placeholder":"사용자"},"password":{"_":"암호"},"passwordInput":{"placeholder":"암호"},"showPassword":{"_":"암호 보이기"},"refresh":{"_":"새로 고침"},"noWifiFound3":{"_":"무선 네트워크를 찾을 수 없음"},"join-hidden-button":{"_":"숨은 네트워크 접속"},"authentication":{"_":"인증"},"ssid-name":{"_":"SSID 네트워크 이름"},"dateAndTime":{"_":"날짜 및 시간"},"setTimeAutomatically":{"_":"자동 맞춤"},"timezoneMessage":{"_":"시간대"},"timezoneTitle":{"_":"UTC{{utcOffset}} {{region}}/{{city}}"},"dateMessage":{"_":"날짜"},"timeMessage":{"_":"시간"},"timeZone":{"_":"시간대"},"change":{"_":"변경"},"importContacts3":{"_":"연락처 가져오기"},"importFb2":{"_":"Facebook"},"fb-checking":{"_":"… 검사 중"},"notImportedYet":{"_":"아직 가져오지 않음"},"afterFbImport":{"_":"연락처 설정에서 Facebook 친구를 편집 혹은 가져오기 가능합니다."},"about-your-rights-0":{"_":"{{brandShortName}}는 전 세계 수천명의 커뮤니티 참여자에 의해 만들어지는 오픈 소스 소프트웨어 입니다. "},"about-your-rights-1":{"_":"{{brandShortName}}는 Mozilla Public License를 비롯한 몇 가지 오픈 소스 라이선스를 기반으로 제공됩니다. {{brandShortName}} 기반 기기는 서드파티가 제공하는 상용 소프트웨어를 포함할 수 있습니다. 오픈 라이선스를 통해 만들어진 소스 코드는 여러분 스스로 직접 수정해서 적용하고 배포할 수 있습니다."},"about-your-rights-2":{"_":"단, {{brandShortName}} 상표 및 로고는 Mozilla 재단의 상표권 라이선스를 받아야 사용할 수 있습니다."},"about-your-rights-3":{"_":"{{brandShortName}}의 문제점 보고서를 통해 Mozilla에 여러분의 피드백을 제공할 수 있습니다. 피드백을 통해 제품에 대한 기능 및 성능 향상에 도움을 주실 수 있습니다. "},"about-other":{"_":"기타"},"SIM_mandatory":{"_":"SIM 카드 경고"},"SIM_mandatory_warm":{"_":"SIM 카드를 넣고 전화기를 재시작 해 주십시오."},"sharing-performance-data":{"_":"성능 데이터 공유"},"telemetry-sends":{"_":"데이터 수집은 여러분의 {{brandShortName}} 기기에서 성능, 하드웨어, 사용량, 사용자 설정에 대한 정보를 Mozilla에 보냅니다. 우리는 이 정보를 가지고 제품의 성능을 개선하고 더 빠르고 반응성을 높히는데 사용합니다."},"learn-more-at":{"_":"자세히 알아보기"},"external-telemetry":{"title":"데이터 수집"},"learn-about-information":{"_":"Mozilla 개인 정보 정책 보기"},"external-privacy":{"title":"개인 정보 보호"},"welcomeBrowser":{"_":"Mozilla의 오픈 소스 모바일 운영체제인 {{brandShortName}}를 선택해 주셔서 감사합입니다. 우리의 사명은 공유, 창조 및 선택 기회를 제공하여, 여러분이 개방된 웹의 힘을 느낄 수 있도록 하는 것입니다."},"learnHow":{"_":"Mozilla 정책 자세히 보기:"},"privacyPolicy":{"_":"개인 정보 보호 정책","title":"개인 정보 보호 정책"},"aboutBrowser":{"_":"{{brandShortName}} 정보"},"aboutYourPrivacy2":{"_":"개인 정보 보호"},"mozillaCommunity2":{"_":"{{brandShortName}}를 사용하면 여러분은 보다 밝은 웹의 미래를 만들어가는 글로벌 커뮤니티의 일원이 된 것입니다. Mozilla 커뮤니티와 제품 및 행사에 대해 알고 싶으시면, 이메일 주소를 적어주십시오."},"collaborate":{"_":"{{brandShortName}}를 보다 빠르고 쉽게 쓸 수 있도록 전화의 성능 정보를 공유해서 돕고 싶습니다."},"learnMore":{"_":"자세히 보기"},"emailAddress":{"placeholder":"이메일 주소"},"email-successfully-added":{"_":"이메일이 성공적으로 추가됨"},"email-loading":{"_":"이메일을 저장하는 중…"},"browserPrivacyChoices":{"_":"{{brandShortName}} 개인 정보 보호 선택 사항"},"privacy-b2g":{"_":"{{brandShortName}}","title":"{{brandShortName}}"},"privacy-marketplace":{"_":"Marketplace","title":"{{privacy-marketplace}}"},"privacy-e-me":{"_":"everything.me","title":"{{privacy-e-me}}"},"navbar-back":{"_":"뒤로"},"navbar-next":{"_":"다음"},"navbar-join":{"_":"접속하기"},"thatsIt":{"_":"시작하기"},"startYourPhone":{"_":"스마트폰 사용법"},"startYourTablet":{"_":"태블릿 사용법"},"joinTutorial":{"_":"잠깐 시간을 내서 여러 기능을 알아보십시오."},"enjoyYourPhone":{"_":"이제 즐겁게 사용하실 준비가 되었습니다."},"optionsAvailable":{"_":"먼저 '설정'에서 언어, 날짜 및 시간, Wi-Fi 연결 방식을 바꿀 수 있습니다."},"letsGo":{"_":"시작하기"},"startTour":{"_":"둘러보기"},"thatsIt1Tablet-2":{"_":"홈 화면으로 가려면 아래에서 위로 밀면 됩니다."},"thatsIt2Tablet-2":{"_":"해 봅시다!"},"tutorial-step1-tiny":{"_":"화면을 오른쪽에서 왼쪽으로 밀어 보시면, 설치된 기본 앱을 살펴보실 수 있습니다."},"tutorial-step2-tiny":{"_":"앱 아이콘을 길게 누르면, 삭제하거나 다른 곳으로 옮길 수 있습니다."},"tutorial-step3-tiny":{"_":"앱 검색 창에 키워드를 입력하시면, 관련 앱 및 모바일 웹사이트 목록을 표시합니다."},"tutorial-step4-tiny":{"_":"화면을 위에서 아래로 밀어 보시면, 최신 알림과 사용량 및 각종 설정을 표시합니다."},"tutorial-step5-tiny":{"_":"홈 버튼을 길게 누르면, 실행 중인 앱을 하나씩 살펴보고 종료할 수 있습니다."},"tutorial-step6-tiny":{"_":"화면 측면에서 뒤로 이동하면 실행 중 앱을 계속 볼 수 있습니다."},"tutorial-step1-large-2":{"_":"최신 알림, 정보 및 설정에 접근화려면 화면 위에서 아래로 미세요."},"tutorial-step2-large-2":{"_":"홈 화면에 새 앱을 보려면 오른쪽에서 왼쪽으로 미세요."},"tutorial-step3-large-2":{"_":"아이콘을 길게 누르면 삭제하거나 옮길 수 있습니다."},"tutorial-step4-large-2":{"_":"카드로 보려면 아래에서 위로 두 손가락으로 미세요."},"offline-dialog-title":{"_":"인터넷에 연결되어 있어야 이 페이지를 볼 수 있습니다."},"offline-dialog-text":{"_":"뒤로 간 다음 인터넷을 연결하십시오. 설정이나 브라우저에서 {{url}}을 입력해 다시 볼 수도 있습니다."},"OK":{"_":"예"},"offline-newsletter-dialog-title":{"_":"뉴스레터를 받아보려면 인터넷에 연결되어 있어야 합니다."},"offline-newsletter-dialog-text":{"_":"뒤로 가서 인터넷에 연결하십시오."},"invalid-email-dialog-title":{"_":"올바르지 않은 이메일"},"invalid-email-dialog-text":{"_":"뒤로 가서 항목을 고치십시오."},"weekday-0-long":{"_":"일요일"},"weekday-1-long":{"_":"월요일"},"weekday-2-long":{"_":"화요일"},"weekday-3-long":{"_":"수요일"},"weekday-4-long":{"_":"목요일"},"weekday-5-long":{"_":"금요일"},"weekday-6-long":{"_":"토요일"},"weekday-0-short":{"_":"일"},"weekday-1-short":{"_":"월"},"weekday-2-short":{"_":"화"},"weekday-3-short":{"_":"수"},"weekday-4-short":{"_":"목"},"weekday-5-short":{"_":"금"},"weekday-6-short":{"_":"토"},"month-0-long":{"_":"1월"},"month-1-long":{"_":"2월"},"month-2-long":{"_":"3월"},"month-3-long":{"_":"4월"},"month-4-long":{"_":"5월"},"month-5-long":{"_":"6월"},"month-6-long":{"_":"7월"},"month-7-long":{"_":"8월"},"month-8-long":{"_":"9월"},"month-9-long":{"_":"10월"},"month-10-long":{"_":"11월"},"month-11-long":{"_":"12월"},"month-0-genitive":{"_":"1월"},"month-1-genitive":{"_":"2월"},"month-2-genitive":{"_":"3월"},"month-3-genitive":{"_":"4월"},"month-4-genitive":{"_":"5월"},"month-5-genitive":{"_":"6월"},"month-6-genitive":{"_":"7월"},"month-7-genitive":{"_":"8월"},"month-8-genitive":{"_":"9월"},"month-9-genitive":{"_":"10월"},"month-10-genitive":{"_":"11월"},"month-11-genitive":{"_":"12월"},"month-0-short":{"_":"1월"},"month-1-short":{"_":"2월"},"month-2-short":{"_":"3월"},"month-3-short":{"_":"4월"},"month-4-short":{"_":"5월"},"month-5-short":{"_":"6월"},"month-6-short":{"_":"7월"},"month-7-short":{"_":"8월"},"month-8-short":{"_":"9월"},"month-9-short":{"_":"10월"},"month-10-short":{"_":"11월"},"month-11-short":{"_":"12월"},"minutes-ago-long":{"_":"{[ plural(value) ]}","_[zero]":"지금","_[one]":"1분 전","_[two]":"{{value}}분 전","_[few]":"{{value}}분 전","_[many]":"{{value}}분 전","_[other]":"{{value}}분 전"},"hours-ago-long":{"_":"{[ plural(value) ]}","_[zero]":"지금","_[one]":"1시간 전","_[two]":"{{value}}시간 전","_[few]":"{{value}}시간 전","_[many]":"{{value}}시간 전","_[other]":"{{value}}시간 전"},"days-ago-long":{"_":"{[ plural(value) ]}","_[zero]":"오늘","_[one]":"어제","_[two]":"{{value}}일 전","_[few]":"{{value}}일 전","_[many]":"{{value}}일 전","_[other]":"{{value}}일 전"},"weeks-ago-long":{"_":"{[ plural(value) ]}","_[zero]":"이번 주","_[one]":"지난 주","_[two]":"{{value}}주 전","_[few]":"{{value}}주 전","_[many]":"{{value}}주 전","_[other]":"{{value}}주 전"},"months-ago-long":{"_":"{[ plural(value) ]}","_[zero]":"이번 달","_[one]":"지난 달","_[two]":"{{value}}개월 전","_[few]":"{{value}}개월 전","_[many]":"{{value}}개월 전","_[other]":"{{value}}개월 전"},"years-ago-long":{"_":"{[ plural(value) ]}","_[zero]":"올해","_[one]":"작년","_[two]":"{{value}}년 전","_[few]":"{{value}}년 전","_[many]":"{{value}}년 전","_[other]":"{{value}}년 전"},"minutes-until-long":{"_":"{[ plural(value) ]}","_[zero]":"지금","_[one]":"1분 후","_[two]":"{{value}}분 후","_[few]":"{{value}}분 후","_[many]":"{{value}}분 후","_[other]":"{{value}}분 후"},"hours-until-long":{"_":"{[ plural(value) ]}","_[zero]":"지금","_[one]":"한 시간 후","_[two]":"{{value}}시간 후","_[few]":"{{value}}시간 후","_[many]":"{{value}}시간 후","_[other]":"{{value}}시간 후"},"days-until-long":{"_":"{[ plural(value) ]}","_[zero]":"오늘","_[one]":"내일","_[two]":"{{value}}일 후","_[few]":"{{value}}일 후","_[many]":"{{value}}일 후","_[other]":"{{value}}일 후"},"weeks-until-long":{"_":"{[ plural(value) ]}","_[zero]":"이번 주","_[one]":"다음 주","_[two]":"{{value}}주 후","_[few]":"{{value}}주 후","_[many]":"{{value}}주 후","_[other]":"{{value}}주 후"},"months-until-long":{"_":"{[ plural(value) ]}","_[zero]":"이번 달","_[one]":"다음 달","_[two]":"{{value}}개월 후","_[few]":"{{value}}개월 후","_[many]":"{{value}}개월 후","_[other]":"{{value}}개월 후"},"years-until-long":{"_":"{[ plural(value) ]}","_[zero]":"올해","_[one]":"내년","_[two]":"{{value}}년 후","_[few]":"{{value}}년 후","_[many]":"{{value}}년 후","_[other]":"{{value}}년 후"},"minutes-ago-short":{"_":"{[ plural(value) ]}","_[zero]":"지금","_[other]":"{{value}}분 전"},"hours-ago-short":{"_":"{[ plural(value) ]}","_[zero]":"지금","_[other]":"{{value}}시간 전"},"days-ago-short":{"_":"{[ plural(value) ]}","_[zero]":"오늘","_[other]":"{{value}}일 전"},"minutes-until-short":{"_":"{[ plural(value) ]}","_[zero]":"지금","_[other]":"{{value}}분 후"},"hours-until-short":{"_":"{[ plural(value) ]}","_[zero]":"지금","_[other]":"{{value}}시간 후"},"days-until-short":{"_":"{[ plural(value) ]}","_[zero]":"오늘","_[other]":"{{value}}일 후"},"incorrectDate":{"_":"(잘못된 날짜)"},"dateTimeFormat_%c":{"_":"%Y년 %B %e일 %a %I:%M:%S %p"},"dateTimeFormat_%x":{"_":"%Y/%m/%d"},"dateTimeFormat_%X":{"_":"%I:%M:%S %p"},"shortTimeFormat":{"_":"%I:%M %p"},"shortDateTimeFormat":{"_":"%x %I:%M %p"},"weekStartsOnMonday":{"_":"0"},"time_am":{"_":"오전"},"time_pm":{"_":"오후"},"tz-region":{"_":"대륙"},"tz-city":{"_":"도시"},"tzRegion-Africa":{"_":"아프리카"},"tzRegion-America":{"_":"아메리카"},"tzRegion-Antarctica":{"_":"남극"},"tzRegion-Asia":{"_":"아시아"},"tzRegion-Atlantic":{"_":"대서양"},"tzRegion-Australia":{"_":"호주"},"tzRegion-Europe":{"_":"유럽"},"tzRegion-Indian":{"_":"인도"},"tzRegion-Pacific":{"_":"태평양"},"close":{"_":"닫기"},"import":{"_":"가져오기"},"fbFriends":{"_":"Facebook 친구"},"live-serviceName":{"_":"Windows Live"},"gmail-serviceName":{"_":"Gmail"},"facebook-serviceName":{"_":"Facebook 친구"},"viewAll":{"_":"Facebook 친구 모두 보기"},"viewRecommend":{"_":"추천하는 친구만 보기"},"linkProposal":{"_":"{[ plural(numFriends) ]}","_[zero]":"일치하는 친구가 없습니다. 모두 보기","_[one]":"추천한 친구 한 명 선택","_[two]":"추천한 친구 선택","_[few]":"추천한 친구 선택","_[many]":"추천한 친구 선택","_[other]":"추천한 친구 선택"},"fbFriendsFound":{"_":"{[ plural(numFriends) ]}","_[zero]":"친구를 모두 가져왔습니다.","_[one]":"가져올 수 있는 친구 한 명 찾음","_[two]":"가져올 수 있는 친구 {{numFriends}}명 찾음","_[few]":"가져올 수 있는 친구 {{numFriends}}명 찾음","_[many]":"가져올 수 있는 친구 {{numFriends}}명 찾음","_[other]":"가져올 수 있는 친구 {{numFriends}}명 찾음"},"done-search":{"_":"완료"},"progressFB3ImportTitle":{"_":"연락처로 친구 목록 가져오기"},"progressFB":{"_":"{{current}}/{{total}}"},"progressFB3UpdateTitle":{"_":"연락처에서 친구 목록 업데이트"},"message2":{"_":"몇 분 정도 걸릴 수 있습니다"},"messageLinking":{"_":"친구와 연락처를 연결하고 있습니다. 잠시만 기다려 주십시오."},"error1":{"_":"{{from}} 오류"},"error2":{"_":"다시 시도하시겠습니까?"},"errorProposal":{"_":"제안을 계산하는 중"},"errorFriends":{"_":"친구를 검색하는 중"},"errorLinking":{"_":"연락처 연결 중"},"timeout1":{"_":"{{from}} 제한 시간 초과"},"timeout2":{"_":"다시 시도하시겠습니까?"},"timeoutProposal":{"_":"제안을 계산하는 중"},"timeoutFriends":{"_":"친구를 검색하는 중"},"timeoutLinking":{"_":"연락처 연결 중"},"wait1":{"_":"잠시 기다리십시오"},"wait2":{"_":"몇 분 정도 걸릴 수 있습니다"},"waitProposal":{"_":"제안을 계산하고 있습니다. 잠시만 기다려 주십시오."},"waitFriends":{"_":"친구 목록을 받아오기 위해 연결하고 있습니다. 잠시만 기다려 주십시오."},"curtainCancel":{"_":"취소"},"curtainRetry":{"_":"다시 시도"},"curtainOK":{"_":"확인"},"connectionLost":{"_":"인터넷 연결 안됨"},"connectionLostMsg":{"_":"친구 사진을 연락처에 추가할 수 없습니다. 계속하시겠습니까?"},"yesOption":{"_":"확인"},"noOption":{"_":"취소"},"friendsUpdated":{"_":"{[ plural(numFriends) ]}","_[zero]":"업데이트된 친구 없음","_[one]":"친구 한 명 업데이트","_[two]":"친구 {{numFriends}}명 업데이트","_[few]":"친구 {{numFriends}}명 업데이트Updated {{numFriends}} friends","_[many]":"친구 {{numFriends}}명 업데이트","_[other]":"친구 {{numFriends}}명 업데이트"},"notificationLogin":{"_":"Facebook 세션이 유효하지 않습니다. 로그인해 주십시오."},"syncError":{"_":"친구의 데이터와 동기화하다 오류가 발생함"},"addToExistingContact":{"_":"기존 연락처에 추가"},"all":{"_":"전체"},"callLog":{"_":"통화 기록"},"connecting":{"_":"연결 중"},"cf-async":{"_":"비동기: {{ async }}\n"},"cf-data":{"_":"데이터: {{ data }}\n"},"cf-error":{"_":"착신전환 상태를 검색하다 오류가 발생함"},"cf-fax":{"_":"팩스: {{ fax }}\n"},"cf-inactive":{"_":"비활성화됨"},"cf-packet":{"_":"패킷: {{ packet }}\n"},"cf-pad":{"_":"PAD: {{ pad }}\n"},"cf-sms":{"_":"SMS: {{ sms }}\n"},"cf-status":{"_":"착신전환 상태\n"},"cf-sync":{"_":"동기: {{ sync }}\n"},"cf-voice":{"_":"음성: {{ voice }}\n"},"confirm-deletion":{"_":"선택한 통화를 삭제하시겠습니까?"},"createNewContact":{"_":"새 연락처 만들기"},"delete":{"_":"삭제"},"edit-selected":{"_":"{[ plural(n) ]}","_[one]":"{{ n }}개 선택됨","_[two]":"{{ n }}개 선택됨","_[few]":"{{ n }}개 선택됨","_[many]":"{{ n }}개 선택됨","_[other]":"{{ n }}개 선택됨"},"ignore":{"_":"전화 무시"},"incoming":{"_":"수신"},"missed":{"_":"부재중"},"missedCall":{"_":"부재 중 전화"},"missedCallMultiSims":{"_":"SIM {{ n }} - 부재중 전화"},"mmi-error":{"_":"메시지 보내는 중 오류"},"mmi-session-expired":{"_":"세션이 만료됨"},"mmi-successfully-sent":{"_":"메시지 보내기 성공"},"no-logs-msg-1":{"_":"녹음된 통화 없음"},"no-logs-msg-2":{"_":"지금 연락하기"},"no-logs-msg-3":{"_":"부재 중 전화 없음"},"reply":{"_":"응답"},"switch-calls":{"_":"통화 전환"},"withheld-number":{"_":"제한 표시 번호"},"from-contact":{"_":"{{ contact }}로 부터 전화"},"from-number":{"_":"{{ number }}로 부터 전화"},"from-withheld-number":{"_":"제한 표시 번호로 부터 전화"},"sending":{"_":"보내는 중..."},"ussd-services":{"_":"{{ operator }}에서 서비스함"},"type-your-response":{"placeholder":"귀하의 응답을 입력중..."},"clear-all-text":{"_":"텍스트 모두 지우기"},"hide":{"_":"감추기"},"hold":{"_":"대기"},"resume":{"_":"계속"},"sendSms":{"_":"메시지 전송"},"callEnded":{"_":"통화 종료"},"via-sim":{"_":"- SIM{{ n }}"},"sim-number":{"_":"SIM{{ n }}"},"hangup-a11y-button":{"aria-label":"전화 걸기"},"pickup-a11y-button":{"aria-label":"전화 받기"},"unlock-a11y-button":{"aria-label":"슬라이더"},"delete-n-log?":{"_":"{[ plural(n) ]}","_[zero]":"선택된 기록 없음","_[one]":"선택된 기록을 지우시겠습니까?","_[two]":"{{ n }}개의 기록을 지우시겠습니까?","_[few]":"{{ n }}개의 기록을 지우시겠습니까?","_[many]":"{{ n }}개의 기록을 지우시겠습니까?","_[other]":"{{ n }}개의 기록을 지우시겠습니까?"},"callDurationMinutes":{"_":"{{ m }}:{{ s }}"},"callDurationHours":{"_":"{{ h }}:{{ m }}:{{ s}}"},"suggestionMatches":{"_":"{[ plural(n) ]}","_[one]":"\"{{ matchNumber }}\"와 1개 번호 일치","_[two]":"\"{{ matchNumber }}\"와 2개 번호 일치","_[few]":"\"{{ matchNumber }}\"와 서너개 번호 일치","_[many]":"\"{{ matchNumber }}\"와 많은 번호 일치","_[other]":"\"{{ matchNumber }}\"와 다수 번호 일치"},"scCallBarring":{"_":"수신 거부"},"scCallForwarding":{"_":"착신 전환"},"scClip":{"_":"수신자 ID"},"scClir":{"_":"송신자 ID"},"scPwd":{"_":"비밀번호 변경"},"scCallWaiting":{"_":"통화 대기"},"scPin":{"_":"PIN 변경"},"scPin2":{"_":"PIN2 변경"},"scPuk":{"_":"PIN 잠금해제"},"scPuk2":{"_":"PIN2 잠금해제"},"scImei":{"_":"IMEI"},"scUssd":{"_":"USSD"},"serviceClassVoice":{"_":"음성"},"serviceClassData":{"_":"데이터"},"serviceClassFax":{"_":"팩스"},"serviceClassSms":{"_":"문자"},"serviceClassDataSync":{"_":"동기"},"serviceClassDataAsync":{"_":"비동기"},"serviceClassPacket":{"_":"패킷"},"serviceClassPad":{"_":"PAD"},"smServiceEnabled":{"_":"서비스 활성화됨"},"smServiceDisabled":{"_":"서비스 비활성화됨"},"smServiceRegistered":{"_":"성공적으로 등록됨"},"smServiceErased":{"_":"성공적으로 삭제됨"},"smServiceInterrogated":{"_":"성공적으로 요청됨"},"smServiceNotProvisioned":{"_":"서비스가 제공되지 않음"},"smClirPermanent":{"_":"발신자 ID 설정은 변경할 수 없음"},"smClirDefaultOnNextCallOn":{"_":"발신자 ID가 제한되었습니다. 다음 통화: 제한됨"},"smClirDefaultOnNextCallOff":{"_":"발신자 ID가 제한되었습니다. 다음 통화: 제한되지 않음"},"smClirDefaultOffNextCallOn":{"_":"발신자 ID가 제한되지 않았습니다. 다음 통화: 제한됨"},"smClirDefaultOffNextCallOff":{"_":"발신자 ID가 제한되지 않았습니다. 다음 통화: 제한되지 않음"},"smServiceEnabledFor":{"_":"다음 서비스 활성화:"},"smPinChanged":{"_":"PIN 변경 완료"},"smPinUnblocked":{"_":"PIN 잠금 해제 완료"},"smPin2Changed":{"_":"PIN2 변경 완료"},"smPin2Unblocked":{"_":"PIN2 잠금 해제 완료"},"emMmiError":{"_":"연결 불량이거나 유효하지 않은 MMI 코드"},"emMmiErrorPasswordIncorrect":{"_":"잘못된 비밀번호"},"emMmiErrorNotSupported":{"_":"유효하지 않거나 지원되지 않는 MMI 코드"},"emMmiErrorInvalidAction":{"_":"잘못된 동작"},"emMmiErrorInvalidScCode":{"_":"유효하지 않은 서비스 코드"},"emMmiErrorBadPuk":{"_":"입력된 PUK가 맞지 않음"},"emMmiErrorBadPin":{"_":"입력된 이전 PIN이 맞지 않습니다"},"emMmiErrorNeedPuk2":{"_":"SIM 카드 잠금을 해제 위해 PUK2 입력"},"emMmiErrorMismatchPin":{"_":"입력한 PIN이 맞지 않음"},"emMmiErrorInvalidPin":{"_":"4~8자의 PIN을 입력"},"emMmiErrorNeedsPuk":{"_":"SIM 카드 PUK-잠금 상태"},"emMmiErrorEnablePin":{"_":"실패하였습니다. SIM/RUIM을 잠금"},"emMmiErrorMmiFdn":{"_":"고정 다이얼링 번호에서만 할 수 있는 동작"},"emMmiErrorStkCcUssdDial":{"_":"USSD 요청이 DIAL 요청으로 변경됨"},"emMmiErrorStkCcUssdSs":{"_":"USSD 요청이 SS 요청으로 변경됨"},"emMmiErrorStkCcUssdUssd":{"_":"USSD 요청이 새로운 USSD 요청으로 변경됨"},"emMmiErrorStkCcSsDial":{"_":"SS 요청이 DIAL 요청으로 변경됨"},"emMmiErrorStkCcSsUssd":{"_":"SS 요청이 USSD 요청으로 변경됨"},"emMmiErrorStkCcSsSs":{"_":"SS 요청이 새로운 SS 요청으로 변경됨"},"emMmiErrorPinPukAttempts":{"_":"{[ plural(n) ]}","_[one]":"{{ n }}번 남음","_[two]":"{{ n }}번 남음","_[few]":"{{ n }}번 남음","_[many]":"{{ n }}번 남음","_[other]":"{{ n }}번 남음"},"emMmiErrorSimBlocked":{"_":"최대 시도 횟수를 초과하였습니다. SIM이 잠겼습니다"},"RadioNotAvailable":{"_":"라디오를 사용할 수 없음"},"GenericFailure":{"_":"일반적인 실패"},"PasswordIncorrect":{"_":"비밀번호 맞지 않음"},"SimPin2":{"_":"SIM PIN2"},"SimPuk2":{"_":"SIM PUK2"},"RequestNotSupported":{"_":"지원되지 않는 요청"},"OpNotAllowedDuringVoiceCall":{"_":"음성 통화 중 조작 할 수 없음"},"SmsSendFailRetry":{"_":"SMS 송신 실패 재시도"},"SimAbsent":{"_":"SIM이 없음"},"SubscriptionNotAvailable":{"_":"가입할 수 없음"},"ModeNotSupported":{"_":"지원되지 않는 모드"},"FdnCheckFailure":{"_":"Fdn 검사 실피"},"IllegalSimOrMe":{"_":"허용되지 않은 SIM 또는 ME"},"DialModifiedToUssd":{"_":"Dial이 USSD로 변경"},"DialModifiedToSs":{"_":"Dial이 SS로 변경"},"DialModifiedToDial":{"_":"Dial이 dial로 변경"},"UssdModifiedToDial":{"_":"USSD이 dial로 변경"},"UssdModifiedToSs":{"_":"USSD이 SS로 변경"},"UssdModifiedToUssd":{"_":"USSD이 USSD로 변경"},"SsModifiedToDial":{"_":"SS이 dial로 변경"},"SsModifiedToUssd":{"_":"SS이 USSD로 변경"},"SsModifiedToSs":{"_":"SS이 SS로 변경"},"SubscriptionNotSupported":{"_":"가입이 지원되지 않음"},"InvalidParameter":{"_":"잘못된 파라메터"},"RejectedByRemote":{"_":"원격에서 거부됨"},"group-call":{"_":"{[ plural(n) ]}","_[one]":"그룹 연결 ({{ n }})","_[two]":"그룹 연결 ({{ n }})","_[few]":"그룹 연결 ({{ n }})","_[many]":"그룹 연결 ({{ n }})","_[other]":"그룹 연결 ({{ n }})"},"caller-left-call":{"_":"{{ caller }}님과의 전화가 끊겼습니다."},"conferenceAddError":{"_":"통화 합치기 할 수 없음"},"conferenceRemoveError":{"_":"통화 분리 할 수 없음"},"longDateFormat":{"_":"%B %e일 %A"},"select-audio-sources":{"_":"오디오 소스 선택"},"bluetooth-handsfree-device":{"_":"블루투스 핸즈프리 기기"},"receiver":{"_":"리시버"},"speaker":{"_":"스피커"},"sim-picker-dial-via-with-number":{"_":"{{ phoneNumber }} 전화걸기-"},"sim-picker-select-sim":{"_":"SIM 선택"},"sim-picker-button":{"_":"SIM{{ n }}"},"sim-picker-button-default":{"_":"(기본)"},"waitDuplicateContacts":{"_":"중복된 연락처 찾기"},"waitMergingDuplicateContacts":{"_":"중복된 연락처 합치기"},"alertNoDuplicateContacts":{"_":"중복된 연락처 없음"},"merge":{"_":"합침"},"mergeDuplicateTitle":{"_":"중복 합치기"},"suggestedDuplicateContacts":{"_":"{{name}}와 중복된 연락처"},"mergeActionButtonLabel":{"_":"{[ plural(n) ]}","_[zero]":"선택된 연락처 없음","_[one]":"{{n}} 연락처와 합침","_[other]":"{{n}} 연락처와 합침"},"duplicatesFoundTitle":{"_":"중복 발견"},"duplicatesFoundMessage":{"_":"{{name}} 연락처의 정보가 아래 연락처의 정보와 중복"}}