{"brandShortName":{"_":"B2G OS"},"browserBrandShortName":{"_":"Saityno naršyklė"},"browserBrandFullName":{"_":"„Mozillos“ saityno naršyklė"},"callAirplaneModeMessage":{"_":"Jeigu norite skambinti, turite nuostatose išjungti skrydžio veikseną."},"callAirplaneModeBtnOk":{"_":"Gerai"},"callAirplaneModeTitle":{"_":"Įgalinta skrydžio veiksena"},"numberIsBusyTitle":{"_":"Numeris užimtas"},"numberIsBusyMessage":{"_":"Numeris šiuo metu užimtas. Bandykite paskambinti vėliau."},"fdnIsEnabledTitle":{"_":"FDN veiksena"},"fdnIsEnabledMessage":{"_":"Šiuo numeriu skambinti neleidžiama, nes jo nėra leistinų numerių sąraše."},"voiceMail":{"_":"Balso paštas"},"emergencyNumber":{"_":"Pagalbos skambutis"},"emergencyDialogBodyBadNumber":{"_":"Kad galėtumėte atlikti skambutį, šis telefonas turi būti tinkle."},"emergencyDialogBodyDeviceNotAccepted":{"_":"Pagalbos skambučiai šiame tinkle draudžiami."},"emergencyDialogBtnOk":{"_":"Gerai"},"emergencyDialogTitle":{"_":"Nėra ryšio su tinklu"},"invalidNumberToDialTitle":{"_":"Negalimas telefono numeris"},"invalidNumberToDialMessage":{"_":"Telefono numeris, kuriuo bandote skambinti, yra blogas."},"unableToCallTitle":{"_":"Šiuo metu skambinti negalima"},"unableToCallMessage":{"_":"Skambinti negalima. Jeigu šiuo metu skambutis jau vykdomas, pirmiau turite jį nutraukti."},"otherConnectionInUseTitle":{"_":"Jau naudojamas kitas ryšys"},"otherConnectionInUseMessage":{"_":"Šiuo metu vykdomas skambutis, naudojant kitą ryšį. Vienu metu galima naudoti tik vieną ryšį."},"add":{"_":"Pridėti"},"back":{"_":"Atgal"},"call":{"_":"Skambinti"},"edit":{"_":"Taisyti"},"cancel":{"_":"Atsisakyti"},"done":{"_":"Baigta"},"ok":{"_":"Gerai"},"update":{"_":"Atnaujinti"},"retry":{"_":"Bandyti vėl"},"contacts":{"_":"Adresinė"},"addContact":{"_":"Adresato kūrimas"},"deleteContact":{"_":"Šalinti adresatą"},"selectContact":{"_":"Žymėti adresatą"},"selectAll":{"_":"Žymėti visus"},"deselectAll":{"_":"Nužymėti visus"},"editContact":{"_":"Adresato taisa"},"deleteConfirmMsg":{"_":"Pašalinti adresatą?"},"remove":{"_":"Šalinti"},"comments":{"_":"Pastabos"},"no_contact_phones":{"_":"Šio adresato telefono numeris nenurodytas"},"no_contact_email":{"_":"Šio adresato el. pašto adresas nenurodytas"},"removePhotoConfirm":{"_":"Pašalinti adresato nuotrauką?"},"loadingContacts":{"_":"Įkeliami adresatai…"},"noContactsActivity":{"_":"Adresinė yra tuščia, joje nėra adresatų, kuriuos būtų galima papildyti"},"noName":{"_":"Be vardo"},"givenName":{"placeholder":"Vardas"},"familyName":{"placeholder":"Pavardė"},"tel":{"placeholder":"Telefonas"},"carrier":{"_":"Operatorius","placeholder":"Operatorius"},"separator":{"_":","},"email":{"_":"El. paštas","placeholder":"El. paštas"},"streetAddress":{"placeholder":"Adresas"},"postalCode":{"placeholder":"Pašto kodas"},"locality":{"placeholder":"Miestas"},"countryName":{"placeholder":"Valstybė"},"comment":{"placeholder":"Pastaba"},"org":{"placeholder":"Darbovietė"},"custom":{"placeholder":"Kitas","_":"Kitas tipas"},"date":{"_":"Data","placeholder":"Data"},"birthday":{"_":"Gimimo diena"},"dateFormat":{"_":"%Eb %e d."},"dateOutput":{"_":"{{year}} m. {{dayMonthFormatted}}"},"anniversary":{"_":"Sukaktis"},"addPhoto":{"_":"Pridėti nuotrauką"},"addPhone":{"_":"Pridėti telefoną"},"addEmail":{"_":"Pridėti el. pašto adresą"},"addAddress":{"_":"Pridėti adresą"},"addDate":{"_":"Pridėti datą"},"addComment":{"_":"Pridėti pastabą"},"addFavorite":{"_":"Žymėti kaip mėgstamiausią"},"removeFavorite":{"_":"Nužymėti kaip mėgstamiausią"},"label":{"_":"Tipas"},"mobile":{"_":"Mobilusis"},"home":{"_":"Namų"},"work":{"_":"Darbo"},"personal":{"_":"Asmeninis"},"faxHome":{"_":"Namų faksas"},"faxOffice":{"_":"Darbo faksas"},"faxOther":{"_":"Kitas faksas"},"another":{"_":"Kitas"},"other":{"_":"Kitas"},"current":{"_":"Dabartinis adr."},"itemWithLabel":{"_":"{{label}}, {{item}}"},"exit":{"_":"Išeiti"},"expand":{"_":"Išskleisti"},"labelName":{"_":"Vardas:"},"labelLastName":{"_":"Pavardė:"},"labelPhoneNumber":{"_":"Telefono numeris:"},"labelCarrier":{"_":"Operatorius:"},"labelEmail":{"_":"Elektroninio pašto adresas:"},"labelStreet":{"_":"Adresas:"},"labelZip":{"_":"Pašto kodas:"},"labelCity":{"_":"Miestas:"},"labelCountry":{"_":"Valstybė:"},"labelComment":{"_":"Pastaba:"},"legendTitleMain":{"_":"Pagrindiniai duomenys"},"legendPhones":{"_":"Telefono numeriai"},"legendEmail":{"_":"Elektroninio pašto adresas"},"legendAddress":{"_":"Adresas"},"settings":{"_":"Nuostatos"},"search-contact":{"placeholder":"Ieškoti"},"noResults":{"_":"Adresatų nerasta"},"transferContactsTitle":{"_":"Adresatų perkėlimas"},"importContactsTitle":{"_":"Importuoti adresatus"},"importContactsButton":{"_":"Importuoti adresatus"},"exportContactsTitle":{"_":"Eksportuoti adresatus"},"exportContactsButton":{"_":"Eksportuoti adresatus"},"exportContactsAction":{"_":"Eksportuoti"},"simExport-title":{"_":"Eksportuoti į SIM kortelę"},"sdExport-title":{"_":"Eksportuoti į adminties kortelę"},"btExport-title":{"_":"Išsiųsti per „Bluetooth“"},"sdUMSEnabled":{"_":"Atminties kortelės naudoti negalima, kol įgalinta USB laikmenos veiksena"},"exportErrorTitle":{"_":"Eksporto klaida"},"contactsExported2":{"_":"{[ plural(exported) ]}","_[zero]":"Neeksportuotas nė vienas adresatas","_[one]":"Eksportuotas {{exported}} adresatas iš {{total}}","_[two]":"Eksportuoti {{exported}} adresatai iš {{total}}","_[few]":"Eksportuoti {{exported}} adresatai iš {{total}}","_[many]":"Eksportuota {{exported}} adresatų iš {{total}}","_[other]":"Eksportuota {{exported}} adresatų iš {{total}}"},"exportError-general":{"_":"Eksportuojant adresatus, įvyko klaida"},"exportError-SD-shared":{"_":"Atminties kortelė nepasiekiama, nes ji bendrinama"},"exportError-SD-unavailable":{"_":"Atminties kortelė nepasiekiama"},"exportError-SD-noSpace":{"_":"Atminties kortelėje nepakanka vietos eksportuoti adresatams"},"exportError-SIM-unavailable":{"_":"SIM kortelė nepasiekiama"},"exportError-BT-shared":{"_":"Atminties kortelė nepasiekiama, nes ji bendrinama"},"exportError-BT-unavailable":{"_":"Atminties kortelė nepasiekiama"},"exportError-BT-noSpace":{"_":"Atminties kortelėje nepakanka vietos eksportuoti adresatams"},"simContacts-import":{"_":"Importuoti SIM adresatus"},"simContacts-importing":{"_":"Importuojami SIM adresatai…"},"simContacts-reading":{"_":"Skaitoma iš SIM kortelės…"},"simContacts-error":{"_":"Nepavyko importuoti SIM adresatų"},"simContacts-imported3":{"_":"{[ plural(n) ]}","_[zero]":"SIM kortelėje neaptikta importuotinų adresatų","_[one]":"Importuotas {{n}} adresatas","_[two]":"Importuoti {{n}} adresatai","_[few]":"Importuoti {{n}} adresatai","_[many]":"Importuota {{n}} adresatų","_[other]":"Importuota {{n}} adresatų"},"noSimMsg":{"_":"Kad galėtumėte importuoti adresatus, įdėkite arba atrakinkite SIM kortelę"},"noSimMsgExport":{"_":"Kad galėtumėte eksportuoti adresatus, įdėkite arba atrakinkite SIM kortelę"},"simNumber":{"_":"SIM Nr. {{number}}"},"memoryCardContacts-import":{"_":"Importuoti adresatus iš atminties kortelėe"},"memoryCardContacts-importing":{"_":"Importuojami adresatai iš atminties kortelės…"},"memoryCardContacts-reading":{"_":"Skaitoma iš atminties kortelės…"},"memoryCardContacts-error":{"_":"Nepavyko importuoti adresatų iš atminties kortelės"},"memoryCardContacts-imported3":{"_":"{[ plural(n) ]}","_[zero]":"Atminties kortelėje neaptikta importuotinų adresatų","_[one]":"Importuotas {{n}} adresatas","_[two]":"Importuoti {{n}} adresatai","_[few]":"Importuoti {{n}} adresatai","_[many]":"Importuota {{n}} adresatų","_[other]":"Importuota {{n}} adresatų"},"noMemoryCardMsg":{"_":"Kad galėtumėte importuoti adresatus, įdėkite atminties kortelę"},"noMemoryCardMsgExport":{"_":"Kad galėtumėte eksportuoti adresatus, įdėkite atminties kortelę"},"genericProgress":{"_":"{{current}} iš {{total}}"},"social-network":{"_":"Socialiniai tinklai"},"social-link":{"_":"Susieti adresatą"},"social-unlink":{"_":"Atsieti adresatą"},"social-unlink-confirm-title":{"_":"Ar norite atsieti savo draugą?"},"social-unlink-confirm-accept":{"_":"Atsieti"},"facebook-import":{"_":"Importuoti „Facebook“ draugus"},"show-fb-profile":{"_":"Rodyti „Facebook“ profilį"},"msg-send":{"_":"Siųsti žinutę"},"wall-post":{"_":"Raš. ant sienos"},"facebook":{"_":"Facebook"},"facebook-import-msg":{"_":"{[ plural(imported) ]}","_[zero]":"Parsiųsta {{imported}} draugų iš {{total}}","_[one]":"Parsiųstas {{imported}} draugas iš {{total}}","_[two]":"Parsiųsti {{imported}} draugai iš {{total}}","_[few]":"Parsiųsti {{imported}} draugai iš {{total}}","_[many]":"Parsiųsta {{imported}} draugų iš {{total}}","_[other]":"Parsiųsta {{imported}} draugų iš {{total}}"},"otherAccount":{"_":"Kitos paskyros"},"facebookSwitchMsg":{"_":"Sinchr. draugus"},"select_mobile":{"_":"Išsirinkite mobiliojo tel. numerį"},"select_email":{"_":"Išsirinkite el. pašto adresą"},"contactsOrderBy":{"_":"Rikiuoti pagal pavardę"},"importSim2":{"_":"SIM kortelė"},"importMemoryCard":{"_":"Atminties kortelė"},"importGmail":{"_":"Gmail"},"bluetooth":{"_":"Bluetooth"},"importOutlook":{"_":"Outlook"},"fbUpdateFriends":{"_":"Papildyti importuotų draugų duomenis"},"cleaningFbData":{"_":"Šalinami „Facebook“ duomenys"},"loggingOutFb":{"_":"Atsijungiama nuo „Facebook“"},"cleanFbConfirmMsg":{"_":"Pašalinti visus „Facebook“ duomenis?"},"renewPwdMsg":{"_":"Pakeistas jūsų „Facebook“ slaptažodis. Įveskite naująjį slaptažodį."},"noConnection11":{"_":"Kad galėtumėte importuoti „Facebook“ draugus ar adresatus, prisijunkite prie belaidžio tinklo arba mobiliojo duomenų ryšio."},"notEnabledYet":{"_":"Dar neįgalinta"},"genericNoConnection":{"_":"Kad galėtumėte importuoti adresatus, prisijunkite prie belaidžio tinklo arba mobiliojo duomenų ryšio."},"simCard":{"_":"SIM kortelė"},"memoryCard":{"_":"Atminties kortelė"},"create-new":{"_":"Kurti naują adresatą"},"import-now":{"_":"Importuoti adresatus iš SIM kortelės arba „Facebook“"},"no-contacts":{"_":"Adresatų nėra"},"start-adding":{"_":"Pridėkite jų"},"notImported":{"_":"Neimportuota"},"imported":{"_":"Importuota"},"today":{"_":"Šiandien"},"yesterday":{"_":"Vakar"},"messageCanceling":{"_":"Luktelėkite, kol bus nutraukta šiuo metu vykdoma operacija."},"organise-contacts":{"_":"Adresatų tvarkymas"},"find-merge-contacts":{"_":"Ieškoti dublikatų"},"preparing-contacts":{"_":"Adresatai parengiami"},"exportError-SIM-NoFreeRecordFound":{"_":"SIM kortelė pilna"},"exportError-SIM-CannotAccessPhoneBook":{"_":"Nepavyko pasiekti SIM kortelės adresinės"},"exportError-SIM-Unavailable":{"_":"SIM kortelė neaptikta"},"exportError-SIM-GenericError":{"_":"Eksportuojant adresatą, įvyko klaida"},"pincode2":{"_":"Įveskite PIN kodą"},"type_pin":{"_":"Įveskite savo PIN kodą"},"pincodeLabel":{"_":"SIM {{n}} PIN"},"pinValidation":{"_":"PIN kodą turi sudaryti 4–8 skaitmenys."},"pinError":{"_":"PIN kodas neteisingas."},"pinAttemptMsg2":{"_":"{[ plural(n) ]}","_[one]":"Jums liko {{n}} bandymas įvesti teisingą kodą. Jeigu suklysite, SIM kortelė užsirakins.","_[two]":"Jums liko {{n}} bandymai įvesti teisingą kodą. Jeigu jie bus nesėkmingi, SIM kortelė užsirakins.","_[few]":"Jums liko {{n}} bandymai įvesti teisingą kodą. Jeigu jie bus nesėkmingi, SIM kortelė užsirakins.","_[many]":"Jums liko {{n}} bandymų įvesti teisingą kodą. Jeigu jie bus nesėkmingi, SIM kortelė užsirakins.","_[other]":"Jums liko {{n}} bandymų įvesti teisingą kodą. Jeigu jie bus nesėkmingi, SIM kortelė užsirakins."},"pinLastChanceMsg":{"_":"Tai – paskutinė galimybė įvesti teisingą PIN kodą. Jeigu dabar suklysite, norėdami toliau naudotis šia SIM kortele, turėsite įvesti jos PUK kodą."},"pukcode":{"_":"Įveskite PUK kodą"},"pukcodeTitle":{"_":"Įveskite SIM {{n}} PUK kodą"},"pukcodeLabel":{"_":"SIM {{n}} PUK"},"type_puk":{"_":"PUK kodas"},"pukValidation":{"_":"PUK kodą sudaro lygiai 8 skaitmenys."},"pukInfo":{"_":"Privalote įvesti šios SIM kortelės PUK kodą. Išsamesnės informacijos apie jį ieškokite kortelės dokumentacijoje arba susisiekę su savo mobiliojo ryšio operatoriumi."},"pukError":{"_":"PUK kodas neteisingas."},"pukAttemptMsg2":{"_":"{[ plural(n) ]}","_[one]":"Jums liko {{n}} bandymas įvesti teisingą kodą. Jeigu suklysite, SIM kortelė užsiblokuos visam laikui. Daugiau informacijos ieškokite kortelės dokumentacijoje arba teiraukitės savo mobiliojo ryšio operatoriaus.","_[two]":"Jums liko {{n}} bandymai įvesti teisingą kodą. Jeigu jie bus nesėkmingi, SIM kortelė užsiblokuos visam laikui. Daugiau informacijos ieškokite kortelės dokumentacijoje arba teiraukitės savo mobiliojo ryšio operatoriaus.","_[few]":"Jums liko {{n}} bandymai įvesti teisingą kodą. Jeigu jie bus nesėkmingi, SIM kortelė užsiblokuos visam laikui. Daugiau informacijos ieškokite kortelės dokumentacijoje arba teiraukitės savo mobiliojo ryšio operatoriaus..","_[many]":"Jums liko {{n}} bandymų įvesti teisingą kodą. Jeigu jie bus nesėkmingi, SIM kortelė užsiblokuos visam laikui. Daugiau informacijos ieškokite kortelės dokumentacijoje arba teiraukitės savo mobiliojo ryšio operatoriaus.","_[other]":"Jums liko {{n}} bandymų įvesti teisingą kodą. Jeigu jie bus nesėkmingi, SIM kortelė užsiblokuos visam laikui. Daugiau informacijos ieškokite kortelės dokumentacijoje arba teiraukitės savo mobiliojo ryšio operatoriaus."},"pukLastChanceMsg":{"_":"Tai – paskutinė galimybė įvesti teisingą PUK kodą. Jeigu dabar suklysite, jūsų SIM kortelė negrįžtamai užsiblokuos. Daugiau informacijos apie PUK kodą ieškokite kortelės dokumentacijoje arba susisiekę su savo mobiliojo ryšio operatoriumi."},"create_newpin":{"_":"Įveskite naująjį PIN kodą (4–8 skaitmenis)"},"confirm_newpin":{"_":"Pakartokite naująjį PIN kodą"},"newpinConfirmation":{"_":"Įvesti PIN kodai nesutampa"},"nckcode":{"_":"Įveskite NCK kodą"},"cckcode":{"_":"Įveskite CCK kodą"},"spckcode":{"_":"Įveskite SPCK kodą"},"nckcodeTitle":{"_":"Įveskite SIM {{n}} NCK kodą"},"cckcodeTitle":{"_":"Įveskite SIM {{n}} CCK kodą"},"spckcodeTitle":{"_":"Įveskite SIM {{n}} SPCK kodą"},"nckcodeLabel":{"_":"SIM {{n}} NCK"},"cckcodeLabel":{"_":"SIM {{n}} CCK"},"spckcodeLabel":{"_":"SIM {{n}} SPCK"},"type_nck":{"_":"Įveskite savo NCK kodą"},"type_cck":{"_":"Įveskite savo CCK kodą"},"type_spck":{"_":"Įveskite savo SPCK kodą"},"nckValidation":{"_":"NCK kodą turi sudaryti 8–16 simbolių."},"cckValidation":{"_":"CCK kodą turi sudaryti 8–16 simbolių."},"spckValidation":{"_":"SPCK kodą turi sudaryti 8–16 simbolių."},"nckErrorMsg":{"_":"NCK kodas neteisingas."},"nckAttemptMsg2":{"_":"{[ plural(n) ]}","_[one]":"Įrenginio „atrišti“ nuo tinklo nepavyko. Jums liko {{n}} bandymas įvesti teisingą NCK kodą. Daugiau informacijos apie šį kodą ieškokite įrenginio dokumentacijoje arba teiraukitės savo mobiliojo ryšio operatoriaus.","_[two]":"Įrenginio „atrišti“ nuo tinklo nepavyko. Jums liko {{n}} bandymai įvesti teisingą NCK kodą. Daugiau informacijos apie šį kodą ieškokite įrenginio dokumentacijoje arba teiraukitės savo mobiliojo ryšio operatoriaus.","_[few]":"Įrenginio „atrišti“ nuo tinklo nepavyko. Jums liko {{n}} bandymai įvesti teisingą NCK kodą. Daugiau informacijos apie šį kodą ieškokite įrenginio dokumentacijoje arba teiraukitės savo mobiliojo ryšio operatoriaus.","_[many]":"Įrenginio „atrišti“ nuo tinklo nepavyko. Jums liko {{n}} bandymų įvesti teisingą NCK kodą. Daugiau informacijos apie šį kodą ieškokite įrenginio dokumentacijoje arba teiraukitės savo mobiliojo ryšio operatoriaus.","_[other]":"Įrenginio „atrišti“ nuo tinklo nepavyko. Jums liko {{n}} bandymų įvesti teisingą NCK kodą. Daugiau informacijos apie šį kodą ieškokite įrenginio dokumentacijoje arba teiraukitės savo mobiliojo ryšio operatoriaus."},"nckLastChanceMsg":{"_":"Įrenginio „atrišti“ nuo tinklo nepavyko. Jums liko paskutinis bandymas įvesti teisingą NCK kodą. Daugiau informacijos apie šį kodą ieškokite įrenginio dokumentacijoje arba teiraukitės savo mobiliojo ryšio operatoriaus."},"skip":{"_":"Praleisti"},"send":{"_":"Siųsti"},"simLocked":{"_":"SIM kortelė užrakinta"},"inputCodeRetriesLeft":{"_":"{[ plural(n) ]}","_[one]":"Paskutinis bandymas.","_[two]":"Liko {{n}} bandymai.","_[few]":"Liko {{n}} bandymai.","_[many]":"Liko {{n}} bandymų.","_[other]":"Liko {{n}} bandymų."},"simManager":{"_":"SIM tvarkytuvė"},"simDetail":{"_":"SIM {{n}}"},"simDefault":{"_":"(numatytoji)"},"simDefaultMessage":{"_":"Išeinantiems skambučiams, siunčiamoms žinutėms ir duomenims siųsti numatytuoju atveju naudojama SIM 1 kortelė"},"simSettingsMessage":{"_":"Numatytąsias nuostatas galite keisti Nuostatose esančioje SIM tvarkytuvėje"},"simPinLocked":{"_":"SIM PIN užrakintas"},"noOperator":{"_":"Operatoriaus nėra"},"language":{"_":"Kalba"},"english":{"_":"Anglų"},"dvorak":{"_":"Anglų (Dvorako)"},"spanish":{"_":"Ispanų"},"portuguese":{"_":"Portugalų (Brazilijos)"},"french":{"_":"Prancūzų"},"italian":{"_":"Italų"},"arabic":{"_":"Arabų"},"greek":{"_":"Graikų"},"hebrew":{"_":"Hebrajų"},"jp-kanji":{"_":"Japonų"},"jp-kanji-desc":{"_":"Kanji"},"traditionalChinese":{"_":"Kinų (tradicinė)"},"traditionalChinese-desc":{"_":"Zhuyin"},"simplifiedChinese":{"_":"Kinų (supaprastintoji)"},"simplifiedChinese-desc":{"_":"Pinyin"},"3g":{"_":"Mobilieji duomenys"},"dataConnection":{"_":"Įjungti duomenų ryšį"},"dataConnectionInfo":{"_":"Įjungus duomenų ryšį, telefono konfigūravimą bus galima užbaigti be belaidžio tinklo prieigos. Duomenų ryšį galite įjungti ir vėliau nuostatose. Tik nepamirškite pasirūpinti atitinkamu duomenų planu, kad išvengtumėte skausmingų sąskaitų."},"caution":{"_":"Įspėjimas"},"geolocation":{"_":"Geololokavimas"},"geolocationCheckbox":{"_":"Įgalinti geolokavimą"},"geolocationInfo2":{"_":"„{{brandShortName}}“ jūsų buvimo vietai nustatyti naudoja duomenis, tokius, kaip GPS signalas ir pasiekiamų belaidžių bei mobiliojo ryšio tinklų sąrašas."},"geolocationInfoMore":{"_":"Šie duomenys siunčiami „Mozillai“ ir kitiems paslaugų teikėjams ir, agregavus, yra naudojami geografinių vietų duomenų bazėms tobulinti. Šie duomenys gali būti saugomi jūsų įrenginyje ir kaupiami net tada, kai nėra paleistos jokios juos naudojančios programos."},"notice":{"_":"Pastaba"},"aboutYourPrivacy":{"_":"Išsamiau apie jūsų privatumą"},"wifi":{"_":"Belaidis tinklas"},"scanningNetworks":{"_":"Ieškoma tinklų"},"selectNetwork":{"_":"Išsirinkite tinklą"},"shortStatus-connecting":{"_":"Jungiamasi…"},"shortStatus-associated":{"_":"Gaunamas IP adresas…"},"shortStatus-connected":{"_":"Prisijungta"},"shortStatus-connectingfailed":{"_":"Prisijungti nepavyko"},"shortStatus-disconnected":{"_":"Neprisijungta"},"securedBy":{"_":"apsaugotas naudojant {{capabilities}}"},"security":{"_":"Sauga"},"securityNone":{"_":"Jokios"},"securityWEP":{"_":"WEP"},"securityWPA-PSK":{"_":"WPA-PSK"},"securityWPA-EAP":{"_":"WPA-EAP"},"securityOpen":{"_":"Atviras"},"identity":{"_":"Abonento vardas"},"identityInput":{"placeholder":"Abonento vardas"},"password":{"_":"Slaptažodis"},"passwordInput":{"placeholder":"Slaptažodis"},"showPassword":{"_":"Rodyti slaptažodį"},"refresh":{"_":"Atnaujinti"},"noWifiFound3":{"_":"Belaidžių tinklų neaptikta"},"join-hidden-button":{"_":"Jungtis prie paslėpto tinklo"},"authentication":{"_":"Autentikavimas"},"ssid-name":{"_":"Tinklo vardas (SSID)"},"dateAndTime":{"_":"Data ir laikas"},"setTimeAutomatically":{"_":"Nustatyti automatiškai"},"timezoneMessage":{"_":"Laiko juosta"},"timezoneTitle":{"_":"UTC{{utcOffset}} {{region}}/{{city}}"},"dateMessage":{"_":"Data"},"timeMessage":{"_":"Laikas"},"timeZone":{"_":"Laiko juosta"},"change":{"_":"Keisti"},"importContacts3":{"_":"Adresatų importas"},"importFb2":{"_":"Facebook"},"fb-checking":{"_":"… tikrinama"},"notImportedYet":{"_":"Dar neimportuoti"},"afterFbImport":{"_":"„Facebook“ draugus importuoti ir redaguoti galėsite bet kada, pasinaudoję adresinės nuostatomis"},"about-your-rights-0":{"_":"„{{brandShortName}}“ yra laisvoji atvirojo kodo programinė įranga, kuriama bendruomenės, apimančios tūkstančius žmonių iš viso pasaulio. Keletas dalykų, kuriuos turėtumėte žinoti:"},"about-your-rights-1":{"_":"Jums leidžiama naudotis „{{brandShortName}}“, vadovaujantis keletu atvirojo kodo licencijų, viena kurių – „Mozillos“ viešoji licencija („Mozilla Public License“). Įrenginyje, kuriame veikia „{{brandShortName}}“, gali būti įdiegtos ir ne atvirojo kodo trečiųjų šalių programinės įrangos. Atvirojo kodo licencijos leidžia pirminius programų, kurioms atitinkamos licencijos taikomos, tekstus keisti ir tokias pakeistas versijas platinti, kol tenkinami ir kiti tose licencijose apibrėžti reikalavimai."},"about-your-rights-2":{"_":"Jums nesuteikiamos jokios licencijos ar teisės į „Mozilla Foundation“ ar kitų šalių prekės ženklus, tarp jų – į „{{brandShortName}}“ vardą ar logotipą."},"about-your-rights-3":{"_":"Kai kurios „{{brandShortName}}“ savybės, pavyzdžiui, strigčių pranešiklis, suteikia galimybę siųsti atsiliepimus „Mozillai“. Siųsdami atsiliepimus, jūs suteikiate „Mozillai“ teisę jais naudotis savo kuriamų produktų tobulinimo tikslais, skelbti juos savo svetainėse ir platinti juos kitais būdais."},"about-other":{"_":"Kitkas"},"SIM_mandatory":{"_":"Įspėjimas dėl SIM kortelės"},"SIM_mandatory_warm":{"_":"Įdėkite SIM kortelę ir įjunkite telefoną iš naujo."},"sharing-performance-data":{"_":"Dalijimasis našumo duomenimis"},"telemetry-sends":{"_":"Telemetrijos būdu „Mozillai“ galima siųsti duomenis apie šio „{{brandShortName}}“ įrenginio našumą, aparatinę įrangą, konfigūraciją ir individualizuotas nuostatas. Šiais duomenimis mes naudojamės, tobulindami savo produktus."},"learn-more-at":{"_":"Sužinokite daugiau:"},"external-telemetry":{"title":"Telemetrija"},"learn-about-information":{"_":"Sužinokite, kaip „Mozilla“ tvarko jūsų duomenis:"},"external-privacy":{"title":"Privatumas"},"welcomeBrowser":{"_":"Sveiki! Tai – „{{brandShortName}}“, atvirojo kodo laisvoji „Mozillos“ kuriama operacinė sistema. Mūsų misija – skatinti atvirumą, inovacijas ir galimybes, išlaikant saityno galias jūsų rankose."},"learnHow":{"_":"Kaip elgiamės su jūsų pateiktais duomenimis, esame aprašę savo"},"privacyPolicy":{"_":"privatumo nuostatuose","title":"Privatumo nuostatai"},"aboutBrowser":{"_":"Apie „{{brandShortName}}“"},"aboutYourPrivacy2":{"_":"Jūsų privatumas"},"mozillaCommunity2":{"_":"Naudodamiesi „{{brandShortName}}“, jūs tampate dalimi pasaulinės bendruomenės, bendromis jėgomis kuriančios šviesią saityno ateitį. Jeigu norite daugiau sužinoti apie „Mozillos“ bendruomenę, kitus mūsų produktus ar netoliese vyksiančius renginius, žemiau įveskite savo elektroninio pašto adresą."},"collaborate":{"_":"Pažymėkite, jeigu sutinkate prisidėti prie „{{brandShortName}}“ tobulinimo, pasidalindami duomenimis apie šį įrenginį."},"learnMore":{"_":"Sužinoti daugiau."},"emailAddress":{"placeholder":"El. pašto adresas"},"email-successfully-added":{"_":"El. pašto adresas sėkmingai pridėtas"},"email-loading":{"_":"Įrašomas jūsų el. pašto adresas…"},"browserPrivacyChoices":{"_":"„{{brandShortName}}“ privatumo parinktys"},"privacy-b2g":{"_":"{{brandShortName}}","title":"{{brandShortName}}"},"privacy-marketplace":{"_":"Krautuvė","title":"{{privacy-marketplace}}"},"privacy-e-me":{"_":"everything.me","title":"{{privacy-e-me}}"},"navbar-back":{"_":"Atgal"},"navbar-next":{"_":"Toliau"},"navbar-join":{"_":"Jungtis"},"thatsIt":{"_":"Štai ir viskas!"},"startYourPhone":{"_":"Susipažinkite su savo telefonu!"},"startYourTablet":{"_":"Susipažinkite su savo planšete!"},"joinTutorial":{"_":"Pažiūrėkite trumpą savo naujojo telefono pristatymą."},"enjoyYourPhone":{"_":"Dabar galite mėgautis savo naujuoju telefonu."},"optionsAvailable":{"_":"Kalbą, datą, naudojamą belaidį tinklą ir kitką galite keisti Nuostatose."},"letsGo":{"_":"Pirmyn"},"startTour":{"_":"Pradėti"},"thatsIt1Tablet-2":{"_":"Į pradžios ekraną bet kada galite patekti, brūkštelėję pirštu nuo apatinio ekrano krašto."},"thatsIt2Tablet-2":{"_":"Pabandykime!"},"tutorial-step1-tiny":{"_":"Savo programas galite peržiūrėti, braukdami pirštu iš dešinės į kairę."},"tutorial-step2-tiny":{"_":"Palieskite piktogramą ir palaikykite ją nuspaustą, jeigu norite ją perkelti ar pašalinti."},"tutorial-step3-tiny":{"_":"Įveskite bet kokį reikšminį žodį ar temos pavadinimą, ir telefonas iškart prisitaikys."},"tutorial-step4-tiny":{"_":"Brūkštelėkite žemyn pamatyti paskiausiems pranešimams, informacijai apie sąskaitos likutį ir nuostatoms."},"tutorial-step5-tiny":{"_":"Palaikykite nuspaudę pradžios mygtuką, kai norėsite peržiūrėti ar užverti paskiausiai naudotas programas."},"tutorial-step6-tiny":{"_":"Braukite iš vieno ekrano šono į kitą navigavimui tarp paskiausiai naudotų programų."},"tutorial-step1-large-2":{"_":"Brūkštelėkite žemyn pamatyti paskiausiems pranešimams, informacijai apie sąskaitos likutį ir nuostatoms."},"tutorial-step2-large-2":{"_":"Brūkštelėkite kairėn arba dešinėn naujoms programoms pamatyti ar Pradžios ekranui pasiekti."},"tutorial-step3-large-2":{"_":"Palieskite piktogramą ir palaikykite ją nuspaustą, jeigu norite ją perkelti ar pašalinti."},"tutorial-step4-large-2":{"_":"Brūkštelėkite dviem pirštais iš apatinio ekrano krašto, kad įsijungtų kortelių rodinys."},"offline-dialog-title":{"_":"Šiam tinklalapiui peržiūrėti turite prisijungti prie interneto."},"offline-dialog-text":{"_":"Grįžkite atgal ir prisijunkite prie interneto. Šį tinklalapį taip pat galėsite peržiūrėti ir vėliau, nuėję į nuostatas, arba bet kurioje naršyklėje įvedę adresą {{url}}."},"OK":{"_":"Gerai"},"offline-newsletter-dialog-title":{"_":"Naujienlaiškiui prenumeruoti turite prisijungti prie interneto."},"offline-newsletter-dialog-text":{"_":"Grįžkite atgal ir prisijunkite prie interneto."},"invalid-email-dialog-title":{"_":"Pateiktas el. pašto adresas neteisingas"},"invalid-email-dialog-text":{"_":"Grįžkite atgal ir pataisykite jį."},"weekday-0-long":{"_":"Sekmadienis"},"weekday-1-long":{"_":"Pirmadienis"},"weekday-2-long":{"_":"Antradienis"},"weekday-3-long":{"_":"Trečiadienis"},"weekday-4-long":{"_":"Ketvirtadienis"},"weekday-5-long":{"_":"Penktadienis"},"weekday-6-long":{"_":"Šeštadienis"},"weekday-0-short":{"_":"Sk"},"weekday-1-short":{"_":"Pr"},"weekday-2-short":{"_":"An"},"weekday-3-short":{"_":"Tr"},"weekday-4-short":{"_":"Kt"},"weekday-5-short":{"_":"Pn"},"weekday-6-short":{"_":"Št"},"month-0-long":{"_":"sausis"},"month-1-long":{"_":"vasaris"},"month-2-long":{"_":"kovas"},"month-3-long":{"_":"balandis"},"month-4-long":{"_":"gegužė"},"month-5-long":{"_":"birželis"},"month-6-long":{"_":"liepa"},"month-7-long":{"_":"rugpjūtis"},"month-8-long":{"_":"rugsėjis"},"month-9-long":{"_":"spalis"},"month-10-long":{"_":"lapkritis"},"month-11-long":{"_":"gruodis"},"month-0-genitive":{"_":"sausio"},"month-1-genitive":{"_":"vasario"},"month-2-genitive":{"_":"kovo"},"month-3-genitive":{"_":"balandžio"},"month-4-genitive":{"_":"gegužės"},"month-5-genitive":{"_":"birželio"},"month-6-genitive":{"_":"liepos"},"month-7-genitive":{"_":"rugpjūčio"},"month-8-genitive":{"_":"rugsėjo"},"month-9-genitive":{"_":"spalio"},"month-10-genitive":{"_":"lapkričio"},"month-11-genitive":{"_":"gruodžio"},"month-0-short":{"_":"Sau"},"month-1-short":{"_":"Vas"},"month-2-short":{"_":"Kov"},"month-3-short":{"_":"Bal"},"month-4-short":{"_":"Geg"},"month-5-short":{"_":"Bir"},"month-6-short":{"_":"Lie"},"month-7-short":{"_":"Rgp"},"month-8-short":{"_":"Rgs"},"month-9-short":{"_":"Spa"},"month-10-short":{"_":"Lap"},"month-11-short":{"_":"Grd"},"minutes-ago-long":{"_":"{[ plural(value) ]}","_[zero]":"ką tik","_[one]":"prieš {{value}} minutę","_[two]":"prieš {{value}} minutes","_[few]":"prieš {{value}} minutes","_[many]":"prieš {{value}} minučių","_[other]":"prieš {{value}} minučių"},"hours-ago-long":{"_":"{[ plural(value) ]}","_[zero]":"ką tik","_[one]":"prieš {{value}} valandą","_[two]":"prieš {{value}} valandas","_[few]":"prieš {{value}} valandas","_[many]":"prieš {{value}} valandų","_[other]":"prieš {{value}} valandų"},"days-ago-long":{"_":"{[ plural(value) ]}","_[zero]":"šiandien","_[one]":"vakar","_[two]":"prieš {{value}} dienas","_[few]":"prieš {{value}} dienas","_[many]":"prieš {{value}} dienų","_[other]":"prieš {{value}} dienų"},"weeks-ago-long":{"_":"{[ plural(value) ]}","_[zero]":"šią savaitę","_[one]":"praėjusią savaitę","_[two]":"prieš {{value}} savaites","_[few]":"prieš {{value}} savaites","_[many]":"prieš {{value}} savaičių","_[other]":"prieš {{value}} savaičių"},"months-ago-long":{"_":"{[ plural(value) ]}","_[zero]":"šį mėnesį","_[one]":"praėjusį mėnesį","_[two]":"prieš {{value}} mėnesius","_[few]":"prieš {{value}} mėnesius","_[many]":"prieš {{value}} mėnesių","_[other]":"prieš {{value}} mėnesių"},"years-ago-long":{"_":"{[ plural(value) ]}","_[zero]":"šiemet","_[one]":"prieš {{value}} metus","_[two]":"prieš {{value}} metus","_[few]":"prieš {{value}} metus","_[many]":"prieš {{value}} metų","_[other]":"prieš {{value}} metų"},"minutes-until-long":{"_":"{[ plural(value) ]}","_[zero]":"dabar","_[one]":"už {{value}} minutės","_[two]":"už {{value}} minučių","_[few]":"už {{value}} minučių","_[many]":"už {{value}} minučių","_[other]":"už {{value}} minučių"},"hours-until-long":{"_":"{[ plural(value) ]}","_[zero]":"dabar","_[one]":"už {{value}} valandos","_[two]":"už {{value}} valandų","_[few]":"už {{value}} valandų","_[many]":"už {{value}} valandų","_[other]":"už {{value}} valandų"},"days-until-long":{"_":"{[ plural(value) ]}","_[zero]":"šiandien","_[one]":"rytoj","_[two]":"už {{value}} dienų","_[few]":"už {{value}} dienų","_[many]":"už {{value}} dienų","_[other]":"už {{value}} dienų"},"weeks-until-long":{"_":"{[ plural(value) ]}","_[zero]":"šią savaitę","_[one]":"kitą savaitę","_[two]":"už {{value}} savaičių","_[few]":"už {{value}} savaičių","_[many]":"už {{value}} savaičių","_[other]":"už {{value}} savaičių"},"months-until-long":{"_":"{[ plural(value) ]}","_[zero]":"šį mėnesį","_[one]":"kitą mėnesį","_[two]":"už {{value}} mėnesių","_[few]":"už {{value}} mėnesių","_[many]":"už {{value}} mėnesių","_[other]":"už {{value}} mėnesių"},"years-until-long":{"_":"{[ plural(value) ]}","_[zero]":"šiemet","_[one]":"kitais metais","_[two]":"už {{value}} metų","_[few]":"už {{value}} metų","_[many]":"už {{value}} metų","_[other]":"už {{value}} metų"},"minutes-ago-short":{"_":"{[ plural(value) ]}","_[zero]":"ką tik","_[other]":"prieš {{value}} min."},"hours-ago-short":{"_":"{[ plural(value) ]}","_[zero]":"ką tik","_[other]":"prieš {{value}} val."},"days-ago-short":{"_":"{[ plural(value) ]}","_[zero]":"šiandien","_[other]":"prieš {{value}} d."},"minutes-until-short":{"_":"{[ plural(value) ]}","_[zero]":"dabar","_[other]":"už {{value}} min."},"hours-until-short":{"_":"{[ plural(value) ]}","_[zero]":"dabar","_[other]":"už {{value}} val."},"days-until-short":{"_":"{[ plural(value) ]}","_[zero]":"šiandien","_[other]":"už {{value}} d."},"incorrectDate":{"_":"(negalima data)"},"dateTimeFormat_%c":{"_":"%Y m. %Eb %e d. %H:%M:%S"},"dateTimeFormat_%x":{"_":"%Y-%m-%d"},"dateTimeFormat_%X":{"_":"%H:%M:%S"},"shortTimeFormat":{"_":"%H:%M"},"shortDateTimeFormat":{"_":"%x %H:%M"},"weekStartsOnMonday":{"_":"1"},"time_am":{"_":"priešpiet"},"time_pm":{"_":"popiet"},"tz-region":{"_":"Regionas"},"tz-city":{"_":"Miestas"},"tzRegion-Africa":{"_":"Afrika"},"tzRegion-America":{"_":"Amerika"},"tzRegion-Antarctica":{"_":"Antarktida"},"tzRegion-Asia":{"_":"Azija"},"tzRegion-Atlantic":{"_":"Atlanto vandenynas"},"tzRegion-Australia":{"_":"Australija"},"tzRegion-Europe":{"_":"Europa"},"tzRegion-Indian":{"_":"Indijos vandenynas"},"tzRegion-Pacific":{"_":"Ramusis vandenynas"},"close":{"_":"Užverti"},"import":{"_":"Importuoti"},"fbFriends":{"_":"„Facebook“ draugai"},"live-serviceName":{"_":"Outlook"},"gmail-serviceName":{"_":"Gmail"},"facebook-serviceName":{"_":"FB draugai"},"viewAll":{"_":"Rodyti visus „Facebook“ draugus"},"viewRecommend":{"_":"Rodyti tik siūlomus"},"linkProposal":{"_":"{[ plural(numFriends) ]}","_[zero]":"Filtrą atitinkančių draugų nėra. Rodomi visi","_[one]":"Rinktis siūlomą","_[two]":"Rinktis siūlomą","_[few]":"Rinktis siūlomą","_[many]":"Rinktis siūlomą","_[other]":"Rinktis siūlomą"},"fbFriendsFound":{"_":"{[ plural(numFriends) ]}","_[zero]":"Importuoti visi jūsų draugai","_[one]":"Aptiktas {{numFriends}} importuotinas draugas","_[two]":"Aptikti {{numFriends}} importuotini draugai","_[few]":"Aptikti {{numFriends}} importuotini draugai","_[many]":"Aptikta {{numFriends}} importuotinų draugų","_[other]":"Aptikta {{numFriends}} importuotinų draugų"},"done-search":{"_":"Baigta"},"progressFB3ImportTitle":{"_":"Į adresinę importuojami draugai"},"progressFB":{"_":"{{current}} iš {{total}}"},"progressFB3UpdateTitle":{"_":"Adresinėje atnaujinami draugai"},"message2":{"_":"Tai gali užtrukti keletą minučių"},"messageLinking":{"_":"Luktelėkite, kol jūsų draugai bus susieti su adresatais."},"error1":{"_":"Klaida {{from}}"},"error2":{"_":"Ar bandyti dar kartą?"},"errorProposal":{"_":"apskaičiuojant siūlymus"},"errorFriends":{"_":"gaunant draugų sąrašą"},"errorLinking":{"_":"susiejant adresatą"},"timeout1":{"_":"Viršytas {{from}} skirtas laikas"},"timeout2":{"_":"Ar bandyti dar kartą?"},"timeoutProposal":{"_":"siūlymams apskaičiuoti"},"timeoutFriends":{"_":"draugų sąrašui gauti"},"timeoutLinking":{"_":"adresatams susieti"},"wait1":{"_":"Luktelėkite"},"wait2":{"_":"Tai gali užtrukti keletą minučių"},"waitProposal":{"_":"Luktelėkite, kol bus apskaičiuoti pasiūlymai."},"waitFriends":{"_":"Luktelėkite, kol bus prisijungta ir gautas jūsų draugų sąrašas."},"curtainCancel":{"_":"Atsisakyti"},"curtainRetry":{"_":"Bandyti vėl"},"curtainOK":{"_":"Gerai"},"connectionLost":{"_":"Nėra ryšio su internetu"},"connectionLostMsg":{"_":"Draugų nuotraukos nebus įtrauktos į adresinę. Ar vis tiek tęsti?"},"yesOption":{"_":"Gerai"},"noOption":{"_":"Atsisakyti"},"friendsUpdated":{"_":"{[ plural(numFriends) ]}","_[zero]":"Neatnaujintas nė vienas draugas","_[one]":"Atnaujintas {{numFriends}} draugas","_[two]":"Atnaujinti {{numFriends}} draugai","_[few]":"Atnaujinti {{numFriends}} draugai","_[many]":"Atnaujinta {{numFriends}} draugų","_[other]":"Atnaujinta {{numFriends}} draugų"},"notificationLogin":{"_":"Jūsų ryšio su „Facebook“ seansas negaliojantis. Prisijunkite iš naujo."},"syncError":{"_":"Sinchronizuojant draugo duomenis, įvyko klaida "},"addToExistingContact":{"_":"Papildyti esamą adresatą"},"all":{"_":"Visi"},"callLog":{"_":"Skambučių žurnalas"},"connecting":{"_":"Jungiamasi"},"cf-async":{"_":"Asinchroniniai: {{ async }}\n"},"cf-data":{"_":"Duomenys: {{ data }}\n"},"cf-error":{"_":"Gaunant skambučių nukreipimo būseną, įvyko klaida"},"cf-fax":{"_":"Faksas: {{ fax }}\n"},"cf-inactive":{"_":"nenukreipti"},"cf-packet":{"_":"Paketiniai duomenys: {{ packet }}\n"},"cf-pad":{"_":"PAD: {{ pad }}\n"},"cf-sms":{"_":"SMS: {{ sms }}\n"},"cf-status":{"_":"Skambučių nukreipimo būsena\n"},"cf-sync":{"_":"Sinchroniniai: {{ sync }}\n"},"cf-voice":{"_":"Balso: {{ voice }}\n"},"confirm-deletion":{"_":"Pašalinti pažymėtus skambučius?"},"createNewContact":{"_":"Kurti naują adresatą"},"delete":{"_":"Šalinti"},"edit-selected":{"_":"{[ plural(n) ]}","_[one]":"{{ n }} pažymėtas","_[two]":"{{ n }} pažymėti","_[few]":"{{ n }} pažymėti","_[many]":"{{ n }} pažymėti","_[other]":"{{ n }} pažymėti"},"ignore":{"_":"Nepaisyti skambučio"},"incoming":{"_":"Įeinantys"},"missed":{"_":"Praleisti"},"missedCall":{"_":"Praleistas skambutis"},"missedCallMultiSims":{"_":"(SIM {{ n }}) Praleistas skambutis"},"mmi-error":{"_":"Siunčiant pranešimą, įvyko klaida"},"mmi-session-expired":{"_":"Seansas nebegalioja"},"mmi-successfully-sent":{"_":"Pranešimas sėkmingai išsiųstas"},"no-logs-msg-1":{"_":"Skambučių žurnalas tuščias"},"no-logs-msg-2":{"_":"Paskambinkite jūs"},"no-logs-msg-3":{"_":"Praleistų skambučių nėra"},"reply":{"_":"Atsakyti"},"switch-calls":{"_":"Perjungti pokalbį"},"withheld-number":{"_":"numeris nerodomas"},"from-contact":{"_":"Skambina {{ contact }}"},"from-number":{"_":"Skambina {{ number }}"},"from-withheld-number":{"_":"Skambinama iš nerodomo numerio"},"sending":{"_":"Siunčiama…"},"ussd-services":{"_":"„{{ operator }}“ paslaugos"},"type-your-response":{"placeholder":"Įveskite savo atsakymą…"},"clear-all-text":{"_":"Išvalyti tekstą"},"hide":{"_":"Nerodyti"},"hold":{"_":"Sulaikyti"},"resume":{"_":"Tęsti"},"sendSms":{"_":"Siųsti žinutę"},"callEnded":{"_":"Skambutis baigtas"},"via-sim":{"_":"naudojant SIM{{ n }}"},"sim-number":{"_":"SIM{{ n }}"},"hangup-a11y-button":{"aria-label":"Neatsiliepti"},"pickup-a11y-button":{"aria-label":"Atsiliepti"},"unlock-a11y-button":{"aria-label":"Slankiklis"},"delete-n-log?":{"_":"{[ plural(n) ]}","_[zero]":"Niekas nepažymėta","_[one]":"Šalinti {{ n }} pažymėtą įrašą?","_[two]":"Šalinti {{ n }} pažymėtus įrašus?","_[few]":"Šalinti {{ n }} pažymėtus įrašus?","_[many]":"Šalinti {{ n }} pažymėtų įrašų?","_[other]":"Šalinti {{ n }} pažymėtų įrašų?"},"callDurationMinutes":{"_":"{{ m }}:{{ s }}"},"callDurationHours":{"_":"{{ h }}:{{ m }}:{{ s }"},"suggestionMatches":{"_":"{[ plural(n) ]}","_[one]":"{{ n }} numeris, atitinkantis „{{ matchNumber }}“","_[two]":"{{ n }} numeriai, atitinkantys „{{ matchNumber }}“","_[few]":"{{ n }} numeriai, atitinkantys „{{ matchNumber }}“","_[many]":"{{ n }} numerių, atitinkančių „{{ matchNumber }}“","_[other]":"{{ n }} numerių, atitinkančių „{{ matchNumber }}“"},"scCallBarring":{"_":"Skamb. draudimas"},"scCallForwarding":{"_":"Sk. nukreipimas"},"scClip":{"_":"Įein. skamb. tel. nr."},"scClir":{"_":"Išein. sk. tel. nr."},"scPwd":{"_":"Slapt. keitimas"},"scCallWaiting":{"_":"Skamb. laukimas"},"scPin":{"_":"PIN keitimas"},"scPin2":{"_":"PIN2 keitimas"},"scPuk":{"_":"PIN atblokavimas"},"scPuk2":{"_":"PIN2 atblokavimas"},"scImei":{"_":"IMEI"},"scUssd":{"_":"USSD"},"serviceClassVoice":{"_":"Balsas"},"serviceClassData":{"_":"Duomenys"},"serviceClassFax":{"_":"Faksas"},"serviceClassSms":{"_":"SMS"},"serviceClassDataSync":{"_":"Sinchroninis"},"serviceClassDataAsync":{"_":"Nesinchroninis"},"serviceClassPacket":{"_":"Paketiniai duomenys"},"serviceClassPad":{"_":"PAD"},"smServiceEnabled":{"_":"Paslauga įjungta"},"smServiceDisabled":{"_":"Paslauga išjungta"},"smServiceRegistered":{"_":"Registracija sėkminga"},"smServiceErased":{"_":"Šalinimas sėkmingas"},"smServiceInterrogated":{"_":"Užklausa sėkminga"},"smServiceNotProvisioned":{"_":"Paslauga neteikiama"},"smClirPermanent":{"_":"Keisti numerio rodymo parinkties negalima"},"smClirDefaultOnNextCallOn":{"_":"Numeris numatytai nerodomas. Kito skambučio metu jis nebus rodomas"},"smClirDefaultOnNextCallOff":{"_":"Numeris numatytai nerodomas. Kito skambučio metu jis bus rodomas"},"smClirDefaultOffNextCallOn":{"_":"Numeris numatytai rodomas. Kito skambučio metu jis nebus rodomas"},"smClirDefaultOffNextCallOff":{"_":"Numeris numatytai rodomas. Kito skambučio metu jis bus rodomas"},"smServiceEnabledFor":{"_":"Paslauga įjungta:"},"smPinChanged":{"_":"PIN kodas pakeistas"},"smPinUnblocked":{"_":"PIN kodas atblokuotas"},"smPin2Changed":{"_":"PIN2 kodas pakeistas"},"smPin2Unblocked":{"_":"PIN2 kodas atblokuotas"},"emMmiError":{"_":"Ryšio problema arba negalimas MMI kodas"},"emMmiErrorPasswordIncorrect":{"_":"Neteisingas slaptažodis"},"emMmiErrorNotSupported":{"_":"Negalimas arba nepalaikomas MMI kodas"},"emMmiErrorInvalidAction":{"_":"Negalimas veiksmas"},"emMmiErrorInvalidScCode":{"_":"Negalimas paslaugos kodas"},"emMmiErrorBadPuk":{"_":"Įvestas neteisingas PUK kodas"},"emMmiErrorBadPin":{"_":"Įvestas neteisingas senasis PIN kodas"},"emMmiErrorNeedPuk2":{"_":"Kortelei atblokuoti įveskite PIN2 kodą"},"emMmiErrorMismatchPin":{"_":"Įvesti PIN kodai nesutampa"},"emMmiErrorInvalidPin":{"_":"Pin kodą turi sudaryti 4–8 skaitmenys"},"emMmiErrorNeedsPuk":{"_":"Jūsų SIM kortelė užrakinta PUK kodu"},"emMmiErrorEnablePin":{"_":"Nesėkminga. Įjunkite SIM/RUIM LOCK"},"emMmiErrorMmiFdn":{"_":"Operacija galima tik su numeriais iš fiksuotojo (FDN) sąrašo"},"emMmiErrorStkCcUssdDial":{"_":"USSD užklausa pakeista DIAL užklausa"},"emMmiErrorStkCcUssdSs":{"_":"USSD užklausa pakeista SS užklausa"},"emMmiErrorStkCcUssdUssd":{"_":"USSD užklausa pakeista nauja USSD užklausa"},"emMmiErrorStkCcSsDial":{"_":"SS užklausa pakeista DIAL užklausa"},"emMmiErrorStkCcSsUssd":{"_":"SS užklausa pakeista USSD užklausa"},"emMmiErrorStkCcSsSs":{"_":"SS užklausa pakeista nauja SS užklausa"},"emMmiErrorPinPukAttempts":{"_":"{[ plural(n) ]}","_[one]":"Liko {{ n }} bandymas","_[two]":"Liko {{ n }} bandymai","_[few]":"Liko {{ n }} bandymai","_[many]":"Liko {{ n }} bandymų","_[other]":"Liko {{ n }} bandymų"},"emMmiErrorSimBlocked":{"_":"Viršytas leistinas bandymų skaičius. SIM kortelė užblokuota"},"RadioNotAvailable":{"_":"Nėra ryšio signalo"},"GenericFailure":{"_":"Nedetalizuota klaida"},"PasswordIncorrect":{"_":"Slaptažodis neteisingas"},"SimPin2":{"_":"SIM PIN2"},"SimPuk2":{"_":"SIM PUK2"},"RequestNotSupported":{"_":"Užklausa nepalaikoma"},"OpNotAllowedDuringVoiceCall":{"_":"Operacija negalima balso skambučio metu"},"SmsSendFailRetry":{"_":"SMS išsiųsti nepavyko, bandoma dar kartą"},"SimAbsent":{"_":"Nėra SIM kortelės"},"SubscriptionNotAvailable":{"_":"Paslauga negalima"},"ModeNotSupported":{"_":"Veiksena nepalaikoma"},"FdnCheckFailure":{"_":"FDN patikrinimo klaida"},"IllegalSimOrMe":{"_":"Neleistina SIM arba ME"},"DialModifiedToUssd":{"_":"DIAL užklausa pakeista į USSD"},"DialModifiedToSs":{"_":"DIAL užklausa pakeista į SS"},"DialModifiedToDial":{"_":"DIAL užklausa pakeista į DIAL"},"UssdModifiedToDial":{"_":"USSD užklausa pakeista į DIAL"},"UssdModifiedToSs":{"_":"USSD užklausa pakeista į SS"},"UssdModifiedToUssd":{"_":"USSD užklausa pakeista į USSD"},"SsModifiedToDial":{"_":"SS užklausa pakeista į DIAL"},"SsModifiedToUssd":{"_":"SS užklausa pakeista į USSD"},"SsModifiedToSs":{"_":"SS užklausa pakeista į SS"},"SubscriptionNotSupported":{"_":"Paslauga nepalaikoma"},"InvalidParameter":{"_":"Neleistinas parametras"},"RejectedByRemote":{"_":"Atmesta ryšio partnerio"},"group-call":{"_":"{[ plural(n) ]}","_[one]":"Konf. skambutis ({{ n }})","_[two]":"Konf. skambutis ({{ n }})","_[few]":"Konf. skambutis ({{ n }})","_[many]":"Konf. skambutis ({{ n }})","_[other]":"Konf. skambutis ({{ n }})"},"caller-left-call":{"_":"{{ caller }} atsijungė nuo pokalbio."},"conferenceAddError":{"_":"Nepavyko sujungti skambučių"},"conferenceRemoveError":{"_":"Nepavyko atjungti skambučio"},"longDateFormat":{"_":"%A, %Eb %e d."},"select-audio-sources":{"_":"Pasirinkite garso šaltinį"},"bluetooth-handsfree-device":{"_":"„Bluetooth“ laisvų rankų įranga"},"receiver":{"_":"Mikrofonas"},"speaker":{"_":"Garsiakalbis"},"sim-picker-dial-via-with-number":{"_":"Skambinti {{ phoneNumber }}, naudojant"},"sim-picker-select-sim":{"_":"Pasirinkite SIM kortelę"},"sim-picker-button":{"_":"SIM{{ n }}"},"sim-picker-button-default":{"_":"(numatytoji)"},"waitDuplicateContacts":{"_":"Ieškoma besidubliuojančių adresatų"},"waitMergingDuplicateContacts":{"_":"Suliejami besidubliuojantys adresatai"},"alertNoDuplicateContacts":{"_":"Besidubliuojančių adresatų neaptikta"},"merge":{"_":"Sulieti"},"mergeDuplicateTitle":{"_":"Dublikatų suliejimas"},"suggestedDuplicateContacts":{"_":"Siūlomi adresato {{name}} dublikatai"},"mergeActionButtonLabel":{"_":"{[ plural(n) ]}","_[zero]":"Neparinktas nė vienas adresatas","_[one]":"Sulieti su {{n}} adresatu","_[other]":"Sulieti su {{n}} adresatų","_[two]":"Sulieti su {{n}} adresatais","_[few]":"Sulieti su {{n}} adresatais","_[many]":"Sulieti su {{n}} adresatų"},"duplicatesFoundTitle":{"_":"Aptikta dublikatų"},"duplicatesFoundMessage":{"_":"Adresato {{name}} duomenys kartojasi šiuose adresinės įrašuose"}}