{"brandShortName":{"_":"B2G OS"},"browserBrandShortName":{"_":"Прелистувач"},"browserBrandFullName":{"_":"Прелистувач на Mozilla"},"callAirplaneModeMessage":{"_":"Да направите повик треба да го исклучите авионскиот режив во поставките."},"callAirplaneModeBtnOk":{"_":"Во ред"},"callAirplaneModeTitle":{"_":"Активиран авионски режим"},"numberIsBusyTitle":{"_":"Бројот е зафатен"},"numberIsBusyMessage":{"_":"Бројот е моментално зафатен. Ве молам пробајте подоцна. "},"fdnIsEnabledTitle":{"_":"FDN овозможено"},"fdnIsEnabledMessage":{"_":"Бројот е блокиран бидејќи не е во вашата листа на авторизирани броеви."},"voiceMail":{"_":"Говорна пошта"},"emergencyNumber":{"_":"Итен број"},"emergencyDialogBodyBadNumber":{"_":"Да направите повик, телефонот мора да биде приклучен на мрежа."},"emergencyDialogBodyDeviceNotAccepted":{"_":"Итните повици не се дозволени од мрежата."},"emergencyDialogBtnOk":{"_":"Во ред"},"emergencyDialogTitle":{"_":"Нема мрежна конекција"},"invalidNumberToDialTitle":{"_":"Неправилен тел. број"},"invalidNumberToDialMessage":{"_":"Телефонскиот број кој го вртите е неправилен."},"unableToCallTitle":{"_":"Сега не може да се направи повик"},"unableToCallMessage":{"_":"Не може да се направи повик. Ако веќе вртите, ве молам прво спуштите."},"otherConnectionInUseTitle":{"_":"Се користи друга конекција"},"otherConnectionInUseMessage":{"_":"Имате активен повик на друга конекција. Може да користите само една конекција истовремено."},"add":{"_":"Додај"},"back":{"_":"Назад"},"call":{"_":"Повикај"},"edit":{"_":"Уреди"},"cancel":{"_":"Откажи"},"done":{"_":"Готово"},"ok":{"_":"Во ред"},"update":{"_":"Ажурирај"},"retry":{"_":"Повторно"},"contacts":{"_":"Контакти"},"addContact":{"_":"Додај контакт"},"deleteContact":{"_":"Избриши контакт"},"selectContact":{"_":"Избери контакт"},"selectAll":{"_":"Означи ги сите"},"deselectAll":{"_":"Одозначи ги сите"},"editContact":{"_":"Уреди контакт"},"deleteConfirmMsg":{"_":"Го бришам контактот?"},"remove":{"_":"Отстрани"},"comments":{"_":"Коментари"},"no_contact_phones":{"_":"Овој контакт нема телефонски број"},"no_contact_email":{"_":"Овој контакт нема адреса за е-пошта"},"removePhotoConfirm":{"_":"Ја бришам сликата на контактот?"},"loadingContacts":{"_":"Се вчитуваат контакти…"},"noContactsActivity":{"_":"Не можам да додадам во контакт бидејќи листата на контакти е празна"},"noName":{"_":"Нема име"},"givenName":{"placeholder":"Име"},"familyName":{"placeholder":"Презиме"},"tel":{"placeholder":"Телефон"},"carrier":{"_":"Добавувач","placeholder":"Добавувач"},"separator":{"_":","},"email":{"_":"Е-пошта","placeholder":"Е-пошта"},"streetAddress":{"placeholder":"Улица"},"postalCode":{"placeholder":"Поштенски код"},"locality":{"placeholder":"Град"},"countryName":{"placeholder":"Држава"},"comment":{"placeholder":"Коментар"},"org":{"placeholder":"Компанија"},"custom":{"placeholder":"Друго","_":"Ознака по избор"},"date":{"_":"Датум","placeholder":"Датум"},"birthday":{"_":"Роденден"},"dateFormat":{"_":"%B %e"},"dateOutput":{"_":"{{dayMonthFormatted}} {{year}}"},"anniversary":{"_":"Годишнина"},"addPhoto":{"_":"Додај слика"},"addPhone":{"_":"Додај телефон"},"addEmail":{"_":"Додај е-пошта"},"addAddress":{"_":"Додај адреса"},"addDate":{"_":"Додади датум"},"addComment":{"_":"Додај коментар"},"addFavorite":{"_":"Додај во Омилени"},"removeFavorite":{"_":"Отстрани од Омилени"},"label":{"_":"Лепенка"},"mobile":{"_":"Мобилен"},"home":{"_":"Домашен"},"work":{"_":"Работен"},"personal":{"_":"Личен"},"faxHome":{"_":"Домашен факс"},"faxOffice":{"_":"Факс во канцеларија"},"faxOther":{"_":"Факс - друго"},"another":{"_":"Друго"},"other":{"_":"Друго"},"current":{"_":"Моментална"},"itemWithLabel":{"_":"{{label}}, {{item}}"},"exit":{"_":"Излез"},"expand":{"_":"Прошири"},"labelName":{"_":"Име:"},"labelLastName":{"_":"Презиме:"},"labelPhoneNumber":{"_":"Телефонски број:"},"labelCarrier":{"_":"Добавувач:"},"labelEmail":{"_":"Е-пошта:"},"labelStreet":{"_":"Улица:"},"labelZip":{"_":"Поштенски код:"},"labelCity":{"_":"Град:"},"labelCountry":{"_":"Држава:"},"labelComment":{"_":"Коментар:"},"legendTitleMain":{"_":"Главни информации"},"legendPhones":{"_":"Телефонски броеви"},"legendEmail":{"_":"Адреса за е-пошта"},"legendAddress":{"_":"Адреса"},"settings":{"_":"Поставки"},"search-contact":{"placeholder":"Барај"},"noResults":{"_":"Не најдов контакти"},"transferContactsTitle":{"_":"Пренос на контакти"},"importContactsTitle":{"_":"Увоз на контакти"},"importContactsButton":{"_":"Увези контакти"},"exportContactsTitle":{"_":"Извезување на контакти"},"exportContactsButton":{"_":"Извези контакти"},"exportContactsAction":{"_":"Извези"},"simExport-title":{"_":"Извоз на SIM"},"sdExport-title":{"_":"Извоз на SD картичка"},"btExport-title":{"_":"Извоз преку Bluetooth"},"sdUMSEnabled":{"_":"Не може да се користи SD картичка бидејќи е овозможено складиштето на USB"},"exportErrorTitle":{"_":"Грешка при извезување"},"contactsExported2":{"_":"{[ plural(exported) ]}","_[zero]":"Нема извезени контакти","_[one]":"{{exported}}/{{total}} извезен контакт","_[two]":"{{exported}}/{{total}} извезени контакти","_[few]":"{{exported}}/{{total}} извезени контакти","_[many]":"{{exported}}/{{total}} извезени контакти","_[other]":"{{exported}}/{{total}} извезени контакти"},"exportError-general":{"_":"Се случија некои грешки при извезувањето"},"exportError-SD-shared":{"_":"Не можам да ѝ пристапам на мемориската картичка бидејќи е споделена"},"exportError-SD-unavailable":{"_":"Мемориската картичка не е достапна"},"exportError-SD-noSpace":{"_":"Нема доволно простор на мемориската картичка за извоз на контактите"},"exportError-SIM-unavailable":{"_":"SIM-картичката не е достапна"},"exportError-BT-shared":{"_":"Не можам да ѝ пристапам на мемориската картичка бидејќи е споделена"},"exportError-BT-unavailable":{"_":"Мемориската картичка не е достапна"},"exportError-BT-noSpace":{"_":"Нема доволно простор на мемориската картичка за да ги извезам контактите"},"simContacts-import":{"_":"Увези контакти од SIM"},"simContacts-importing":{"_":"Се увезуваат контакти од SIM…"},"simContacts-reading":{"_":"Читам од SIM картичка…"},"simContacts-error":{"_":"Не може да се увезат контакти од SIM"},"simContacts-imported3":{"_":"{[ plural(n) ]}","_[zero]":"Нема контакти за увезување од SIM","_[one]":"Увезен еден контакт","_[two]":"Увезени {{n}} контакти","_[few]":"Увезени {{n}} контакти","_[many]":"Увезени {{n}} контакти","_[other]":"Увезени {{n}} контакти"},"noSimMsg":{"_":"Вметнете ја или отклучете ја Вашата SIM картичка за да увезете контакти"},"noSimMsgExport":{"_":"Внесете ја или отклучете ја Вашата SIM картичка за да извезувате контакти"},"simNumber":{"_":"SIM {{number}}"},"memoryCardContacts-import":{"_":"Увези контакти од мемориска картичка"},"memoryCardContacts-importing":{"_":"Се увезуваат контакти од мемориската картичка…"},"memoryCardContacts-reading":{"_":"Читам од мемориската картичка…"},"memoryCardContacts-error":{"_":"Не можев да увезам контакти од мемориската картичка"},"memoryCardContacts-imported3":{"_":"{[ plural(n) ]}","_[zero]":"Не најдов контакти за увезување на мемориската картичка","_[one]":"Увезов еден контакт","_[two]":"Увезов {{n}} контакти","_[few]":"Увезов {{n}} контакти","_[many]":"Увезов {{n}} контакти","_[other]":"Увезов {{n}} контакти"},"noMemoryCardMsg":{"_":"Внесете мемориска картичка за да увезувате контакти"},"noMemoryCardMsgExport":{"_":"Внесете мемориска картичка за да извезувате контакти"},"genericProgress":{"_":"{{current}}/{{total}}"},"social-network":{"_":"Социјални мрежи"},"social-link":{"_":"Поврзи контакт"},"social-unlink":{"_":"Одврзи контакт"},"social-unlink-confirm-title":{"_":"Сакате да го одврзете Вашиот пријател?"},"social-unlink-confirm-accept":{"_":"Одврзи"},"facebook-import":{"_":"Увези пријатели од Facebook"},"show-fb-profile":{"_":"Види профил на Facebook"},"msg-send":{"_":"Пиши порака"},"wall-post":{"_":"Напис на ѕид"},"facebook":{"_":"Facebook"},"facebook-import-msg":{"_":"{[ plural(imported) ]}","_[zero]":"Нема увезени пријатели (од вкупно {{total}})","_[one]":"Еден увезен пријател (од вкупно {{total}})","_[two]":"{{imported}}/{{total}} увезени пријатели","_[few]":"{{imported}}/{{total}} увезени пријатели","_[many]":"{{imported}}/{{total}} увезени пријатели","_[other]":"{{imported}}/{{total}} увезени пријатели"},"otherAccount":{"_":"Други сметки"},"facebookSwitchMsg":{"_":"Синхронизирај пријатели"},"select_mobile":{"_":"Избери мобилен"},"select_email":{"_":"Избери е-пошта"},"contactsOrderBy":{"_":"Подреди по презиме"},"importSim2":{"_":"SIM картичка"},"importMemoryCard":{"_":"Мемориска картичка"},"importGmail":{"_":"Gmail"},"bluetooth":{"_":"Bluetooth"},"importOutlook":{"_":"Outlook"},"fbUpdateFriends":{"_":"Ажурирај увезени контакти"},"cleaningFbData":{"_":"Бришам податоци на Facebook"},"loggingOutFb":{"_":"Се одјавувам од Facebook"},"cleanFbConfirmMsg":{"_":"Да ги избришам сите податоци на Facebook?"},"renewPwdMsg":{"_":"Вашата лозинка на Facebook е променета. Ве молам, ажурирајте ја."},"noConnection11":{"_":"Поврзете се на Wi-Fi или на податочна мрежа за да увезете пријатели од Facebook или контакти"},"notEnabledYet":{"_":"Сѐ уште не е овозможено"},"genericNoConnection":{"_":"Поврзете се на Wi-Fi или на податочна мрежа за да увезете контакти"},"simCard":{"_":"SIM картичка"},"memoryCard":{"_":"Мемориска картичка"},"create-new":{"_":"Создај нов контакт"},"import-now":{"_":"Увезете ги Вашите контакти од SIM картичка или Facebook"},"no-contacts":{"_":"Нема контакти"},"start-adding":{"_":"Почнете со додавање сега"},"notImported":{"_":"Неувезени"},"imported":{"_":"Увезени"},"today":{"_":"Денес"},"yesterday":{"_":"Вчера"},"messageCanceling":{"_":"Ве молам почекајте. Ги откажуваме излезните операции."},"organise-contacts":{"_":"Организирај контакти"},"find-merge-contacts":{"_":"Најди контакти што се повторуваат"},"preparing-contacts":{"_":"Preparing contacts"},"exportError-SIM-NoFreeRecordFound":{"_":"SIM-картичката е полна"},"exportError-SIM-CannotAccessPhoneBook":{"_":"Не може да се пристапи на именикот од SIM-картичката"},"exportError-SIM-Unavailable":{"_":"Не е детектирана SIM"},"exportError-SIM-GenericError":{"_":"Се случи грешка при извоз на контакт"},"pincode2":{"_":"Внесување PIN-код"},"type_pin":{"_":"Внесете го Вашиот PIN-код"},"pincodeLabel":{"_":"SIM {{n}} PIN"},"pinValidation":{"_":"PIN мора да биде помеѓу 4 и 8 знаци."},"pinError":{"_":"Внесениот PIN беше неточен."},"pinAttemptMsg2":{"_":"{[ plural(n) ]}","_[one]":"Имате останато уште еден обид да внесете пред да се заклучи SIM картичката.","_[two]":"Имате уште {{n}} обиди да внесете пред да се заклучи SIM картичката.","_[few]":"Имате уште {{n}} обиди да внесете пред да се заклучи SIM картичката.","_[many]":"Имате уште {{n}} обиди да внесете пред да се заклучи SIM картичката.","_[other]":"Имате уште {{n}} обиди да внесете пред да се заклучи SIM картичката."},"pinLastChanceMsg":{"_":"Ова е вашата последна шанса да внесете точен PIN. Во спротивно, ќе мора да внесете PUK код за да ја користите оваа SIM картичка."},"pukcode":{"_":"Внесување PUK код"},"pukcodeTitle":{"_":"Внесете SIM {{n}} PUK"},"pukcodeLabel":{"_":"SIM {{n}} PUK"},"type_puk":{"_":"PUK код"},"pukValidation":{"_":"PUK кодот мора да биде точно 8 знаци."},"pukInfo":{"_":"Мора да го внесете Личниот Клуч за Отклучување (PUK) за SIM картичката. Референцирајте се на документацијата на SIM картичката или контактирајте со вашиот оператор за повеќе информации."},"pukError":{"_":"PUK кодот беше неточен."},"pukAttemptMsg2":{"_":"{[ plural(n) ]}","_[one]":"Ви останува уште еден обид пред СИМ картичката да биде неупотреблива за секогаш. Референцирајте се на документацијата на SIM картичката или контактирајте со вашиот оператор за повеќе информации.","_[two]":"Ви остануваат уште {{n}} обиди пред СИМ картичката да биде неупотреблива за секогаш. Референцирајте се на документацијата на SIM картичката или контактирајте со вашиот оператор за повеќе информации.","_[few]":"Ви остануваат уште {{n}} обиди пред СИМ картичката да биде неупотреблива за секогаш. Референцирајте се на документацијата на SIM картичката или контактирајте со вашиот оператор за повеќе информации.","_[many]":"Ви остануваат уште {{n}} обиди пред СИМ картичката да биде неупотреблива за секогаш. Референцирајте се на документацијата на SIM картичката или контактирајте со вашиот оператор за повеќе информации.","_[other]":"Ви остануваат уште {{n}} обиди пред СИМ картичката да биде неупотреблива за секогаш. Референцирајте се на документацијата на SIM картичката или контактирајте со вашиот оператор за повеќе информации."},"pukLastChanceMsg":{"_":"Ова е вашиот последен обид да внесете точен PUK код. Вашата SIM картичката ќе биде за секогаш неупотреблива ако внесете погрешен PUK код."},"create_newpin":{"_":"Создајте нов PIN (4 до 8 знаци)"},"confirm_newpin":{"_":"Потврди нов PIN"},"newpinConfirmation":{"_":"PIN кодовите не се совпаѓаат"},"nckcode":{"_":"Внесување NCK код"},"cckcode":{"_":"Внесување CCK код"},"spckcode":{"_":"Внесување SPCK код"},"nckcodeTitle":{"_":"Внесете SIM {{n}} NCK"},"cckcodeTitle":{"_":"Внесете SIM {{n}} CCK"},"spckcodeTitle":{"_":"Внесете SIM {{n}} SPCK"},"nckcodeLabel":{"_":"SIM {{n}} NCK"},"cckcodeLabel":{"_":"SIM {{n}} CCK"},"spckcodeLabel":{"_":"SIM {{n}} SPCK"},"type_nck":{"_":"Внесете го NCK кодот"},"type_cck":{"_":"Внесете го CCK кодот"},"type_spck":{"_":"Внесете го SPCK кодот"},"nckValidation":{"_":"NCK мора да биде помеѓу 8 и 16 знаци."},"cckValidation":{"_":"CCK мора да биде помеѓу 8 и 16 знаци."},"spckValidation":{"_":"SPCK мора да биде помеѓу 8 и 16 знаци."},"nckErrorMsg":{"_":"NCK кодот не е точен."},"nckAttemptMsg2":{"_":"{[ plural(n) ]}","_[one]":"Барањето за мрежна одперсонализација не успеа. Имате уште еден обид. Референцирајте се на документацијата за уредот или контактирајте со вашиот оператор за повеќе информации.","_[two]":"Барањето за мрежна одперсонализација не успеа. Имате уште {{n}} обиди да внесете точен код. Референцирајте се на документацијата за уредот или контактирајте со вашиот оператор за повеќе информации.","_[few]":"Барањето за мрежна одперсонализација не успеа. Имате уште {{n}} обиди да внесете точен код. Референцирајте се на документацијата за уредот или контактирајте со вашиот оператор за повеќе информации.","_[many]":"Барањето за мрежна одперсонализација не успеа. Имате уште {{n}} обиди да внесете точен код. Референцирајте се на документацијата за уредот или контактирајте со вашиот оператор за повеќе информации.","_[other]":"Барањето за мрежна одперсонализација не успеа. Имате уште {{n}} обиди да внесете точен код. Референцирајте се на документацијата за уредот или контактирајте со вашиот оператор за повеќе информации."},"nckLastChanceMsg":{"_":"Барањето за мрежна одперсонализација не успеа. Последна шанса да се внесе точниот NCK код. Референцирајте се на документацијата за уредот или контактирајте со вашиот оператор за повеќе информации."},"skip":{"_":"Прескокни"},"send":{"_":"Прати"},"simLocked":{"_":"SIM картичката е заклучена"},"inputCodeRetriesLeft":{"_":"{[ plural(n) ]}","_[one]":"последен обид.","_[two]":"{{n}} останати обиди.","_[few]":"{{n}} останати обиди.","_[many]":"{{n}} останати обиди.","_[other]":"{{n}} останати обиди."},"simManager":{"_":"SIM менаџер"},"simDetail":{"_":"SIM {{n}}"},"simDefault":{"_":"(предефинирано)"},"simDefaultMessage":{"_":"Излезните повици, излезните пораки и мобилните податоци се предефинирани преку SIM 1"},"simSettingsMessage":{"_":"Можете да ги промените предефинираните вредности во Поставки > SIM менаџер"},"simPinLocked":{"_":"SIM PIN заклучен"},"noOperator":{"_":"Нема оператор"},"language":{"_":"Јазик"},"english":{"_":"English"},"dvorak":{"_":"English (Dvorak)"},"spanish":{"_":"Spanish"},"portuguese":{"_":"Portuguese Brazilian"},"french":{"_":"French"},"italian":{"_":"Italian"},"arabic":{"_":"Arabic"},"greek":{"_":"Greek"},"hebrew":{"_":"Hebrew"},"jp-kanji":{"_":"Japanese"},"jp-kanji-desc":{"_":"Kanji"},"traditionalChinese":{"_":"Traditional Chinese"},"traditionalChinese-desc":{"_":"Zhuyin"},"simplifiedChinese":{"_":"Simplified Chinese"},"simplifiedChinese-desc":{"_":"Pinyin"},"3g":{"_":"Мобилни податоци"},"dataConnection":{"_":"Овозможете податоци"},"dataConnectionInfo":{"_":"Овозможување на мобилните податоци сега ќе Ви озвоможи да го конфигурирате уредот без Wi-Fi конекција. Можете и да ги овозможите подоцна во Поставки. Осигурајте се дека имате договор за мобилни податоци со Вашиот оператор за да избегнете можни високи сметки. "},"caution":{"_":"Внимание"},"geolocation":{"_":"Геолокација"},"geolocationCheckbox":{"_":"Овозможување геолокација"},"geolocationInfo2":{"_":"{{brandShortName}} користи податоци како GPS, Wi-Fi и мобилни мрежи околу Вас за да ja утврди вашата приближна локација."},"geolocationInfoMore":{"_":"Податоци се праќаат на Мозила и други оператори и ќе бидат сумарно користени за да ја подобрат базата со локации. Податоци може да бидат чувани на Вашиот уред а собирање податоци може да се случува и ако нема вклучени апликации."},"notice":{"_":"Забелешка"},"aboutYourPrivacy":{"_":"Повеќе за Вашата приватност"},"wifi":{"_":"Wi-Fi"},"scanningNetworks":{"_":"Скенирање за мрежи"},"selectNetwork":{"_":"Изберете мрежа"},"shortStatus-connecting":{"_":"Поврзување…"},"shortStatus-associated":{"_":"Добивање ИП адреса…"},"shortStatus-connected":{"_":"Поврзано"},"shortStatus-connectingfailed":{"_":"Поврзувањето не успеа"},"shortStatus-disconnected":{"_":"Без мрежа"},"securedBy":{"_":"обезбедено со {{capabilities}}"},"security":{"_":"Безбедност"},"securityNone":{"_":"Ништо"},"securityWEP":{"_":"WEP"},"securityWPA-PSK":{"_":"WPA-PSK"},"securityWPA-EAP":{"_":"WPA-EAP"},"securityOpen":{"_":"Отвори"},"identity":{"_":"Корисник"},"identityInput":{"placeholder":"Корисник"},"password":{"_":"Лозинка"},"passwordInput":{"placeholder":"Лозинка"},"showPassword":{"_":"Прикажи лозинка"},"refresh":{"_":"Освежи"},"noWifiFound3":{"_":"Не се најдени безжични мрежи"},"join-hidden-button":{"_":"Приклучи се во скриена мрежа"},"authentication":{"_":"Автентикација"},"ssid-name":{"_":"SSID мрежно име"},"dateAndTime":{"_":"Датум и Време"},"setTimeAutomatically":{"_":"Постави автоматски"},"timezoneMessage":{"_":"Временска зона"},"timezoneTitle":{"_":"UTC{{utcOffset}} {{region}}/{{city}}"},"dateMessage":{"_":"Датум"},"timeMessage":{"_":"Време"},"timeZone":{"_":"Временска зона"},"change":{"_":"Промена"},"importContacts3":{"_":"Увези контакти"},"importFb2":{"_":"Facebook"},"fb-checking":{"_":"… проверка"},"notImportedYet":{"_":"Сеуште нема увезено"},"afterFbImport":{"_":"Може да увезете и уредувате Facebook пријатели секое време во поставките за Контакти"},"about-your-rights-0":{"_":"{{brandShortName}} is built on free and open source software by a community of thousands from all over the world. There are a few things you should know:"},"about-your-rights-1":{"_":"{{brandShortName}} is made available to you under the terms of several open source licenses including the Mozilla Public License. A device running {{brandShortName}} may also contain proprietary software from third parties. Any code provided under open licenses give you the right to modify the source code and distribute your modified versions as long as you comply with their terms."},"about-your-rights-2":{"_":"You are not granted any trademark rights or licenses to the trademarks of the Mozilla Foundation or any party, including without limitation the {{brandShortName}} name or logo."},"about-your-rights-3":{"_":"Some features in {{brandShortName}}, such as the Crash Reporter, give you the option to provide feedback to Mozilla. By choosing to submit feedback, you give Mozilla permission to use the feedback to improve its products, to publish the feedback on its websites, and to distribute the feedback."},"about-other":{"_":"Останато"},"SIM_mandatory":{"_":"Внимание за SIM картичка"},"SIM_mandatory_warm":{"_":"Ве молиме, внесете SIM картичка и ресетирајте го вашиот телефон."},"sharing-performance-data":{"_":"Споделување податоци за перформанси"},"telemetry-sends":{"_":"Телеметрија праќа податоци за перформанси, конфигурации, хардвер и прилагодувања на вашиот {{brandShortName}} уред. Ги користиме за да ги направиме нашите производи подобри и побрзи."},"learn-more-at":{"_":"Дознајте повеќе на"},"external-telemetry":{"title":"Телеметрија"},"learn-about-information":{"_":"Дознајте како Мозила располага со вашите податоци на"},"external-privacy":{"title":"Приватност"},"welcomeBrowser":{"_":"Добредојдовте во {{brandShortName}}, слободниот оперативен систем од Мозила. Нашата мисија е да промовираме отвореност, иновации и можности сочувувајќи ја моќта на Интернет во Вашите раце."},"learnHow":{"_":"Дознајте како Мозила располага со вашите информации во нашата"},"privacyPolicy":{"_":"политика за приватност","title":"Политика за приватност"},"aboutBrowser":{"_":"За {{brandShortName}}"},"aboutYourPrivacy2":{"_":"Вашата приватност"},"mozillaCommunity2":{"_":"Кога го користите {{brandShortName}} станувате дел од глобалната заедницата која помага да се изгради посветла иднина за Интернетот. Ако сакате да дознаете повеќе информации за Мозила заедницата, нашите други производи и настани блиску до Вас, ве молиме внесете ја вашата адреса за е-пошта подолу."},"collaborate":{"_":"Сакам да придонесам да се подобри {{brandShortName}} со споделување податоци за мојот телефон."},"learnMore":{"_":"Дознајте повеќе."},"emailAddress":{"placeholder":"Адреса за е-пошта"},"email-successfully-added":{"_":"Е-пошта успешно додадена"},"email-loading":{"_":"Сочувување на Вашата е-пошта…"},"browserPrivacyChoices":{"_":"{{brandShortName}} избори за приватност"},"privacy-b2g":{"_":"{{brandShortName}}","title":"{{brandShortName}}"},"privacy-marketplace":{"_":"Пазар","title":"{{privacy-marketplace}}"},"privacy-e-me":{"_":"everything.me","title":"{{privacy-e-me}}"},"navbar-back":{"_":"Назад"},"navbar-next":{"_":"Следно"},"navbar-join":{"_":"Приклучи"},"thatsIt":{"_":"Готово!"},"startYourPhone":{"_":"Започнете ја турата за Вашиот телефон!"},"startYourTablet":{"_":"Започнете со турата за Вашиот таблет!"},"joinTutorial":{"_":"Придружете ни се набрзина да научите за Вашиот нов телефон."},"enjoyYourPhone":{"_":"Подготвени сте да уживате со Вашиот нов телефон."},"optionsAvailable":{"_":"Може да го промените јазикот, датумот, времето и Wi-Fi конекцијата во Поставки."},"letsGo":{"_":"Ајде"},"startTour":{"_":"Започни тура"},"thatsIt1Tablet-2":{"_":"Секогаш може да повлечете од долниот раб за да пристапите на Домашниот екран."},"thatsIt2Tablet-2":{"_":"Да го направиме тоа!"},"tutorial-step1-tiny":{"_":"Повлечете од десно налево за да ги разгледате Вашите апликации."},"tutorial-step2-tiny":{"_":"Притиснете и држите на икона за да ја избришете или преместите."},"tutorial-step3-tiny":{"_":"Внесете било кој клучен збор или наслов и вашиот телефон веднаш ќе се прилагоди."},"tutorial-step4-tiny":{"_":"Повлечете надолу за да пристапите до скорешни известувања, информации за креди и поставки."},"tutorial-step5-tiny":{"_":"Притиснете и држите на копчето Дома за да ги разгледате и затворите скорешните апликации."},"tutorial-step6-tiny":{"_":"Повлечете од страната на екранот за да се движите напред и назад помеѓу скорешните апликации."},"tutorial-step1-large-2":{"_":"Повлечете надолу од горниот раб за да пристапите на скорешните известувања, информации за кредит и поставки."},"tutorial-step2-large-2":{"_":"Повлечете од лево или десно на Домашниот екран за да откриете нови апликации."},"tutorial-step3-large-2":{"_":"Притиснете и држите на икона за да ја избришете или преместите. "},"tutorial-step4-large-2":{"_":"Повлечете со два прста нагоре од долниот екран за да вклучите картичен поглед."},"offline-dialog-title":{"_":"Мора да сте поврзани на Интернет да ја гледате страницава."},"offline-dialog-text":{"_":"Ве молиме вратете се назад и поврзете се на Интернет. Исто така може да ја гледате страницата од Постсавки или со внесување на {{url}} во било кој прелистувач."},"OK":{"_":"Во ред"},"offline-newsletter-dialog-title":{"_":"You must be connected to the Internet to subscribe to the newsletter."},"offline-newsletter-dialog-text":{"_":"Ве молиме вратете се назад и поврзете се на Интернет."},"invalid-email-dialog-title":{"_":"Вашата е-пошта е неправилна."},"invalid-email-dialog-text":{"_":"Ве молиме вратете се назад и поправете го внесот."},"weekday-0-long":{"_":"Недела"},"weekday-1-long":{"_":"Понеделник"},"weekday-2-long":{"_":"Вторник"},"weekday-3-long":{"_":"Среда"},"weekday-4-long":{"_":"Четврток"},"weekday-5-long":{"_":"Петок"},"weekday-6-long":{"_":"Сабота"},"weekday-0-short":{"_":"Нед"},"weekday-1-short":{"_":"Пон"},"weekday-2-short":{"_":"Вто"},"weekday-3-short":{"_":"Сре"},"weekday-4-short":{"_":"Чет"},"weekday-5-short":{"_":"Пет"},"weekday-6-short":{"_":"Саб"},"month-0-long":{"_":"јануари"},"month-1-long":{"_":"февруари"},"month-2-long":{"_":"март"},"month-3-long":{"_":"април"},"month-4-long":{"_":"мај"},"month-5-long":{"_":"јуни"},"month-6-long":{"_":"јули"},"month-7-long":{"_":"август"},"month-8-long":{"_":"септември"},"month-9-long":{"_":"октомври"},"month-10-long":{"_":"ноември"},"month-11-long":{"_":"декември"},"month-0-genitive":{"_":"јануари"},"month-1-genitive":{"_":"февруари"},"month-2-genitive":{"_":"март"},"month-3-genitive":{"_":"април"},"month-4-genitive":{"_":"мај"},"month-5-genitive":{"_":"јуни"},"month-6-genitive":{"_":"јули"},"month-7-genitive":{"_":"август"},"month-8-genitive":{"_":"септември"},"month-9-genitive":{"_":"октомври"},"month-10-genitive":{"_":"ноември"},"month-11-genitive":{"_":"декември"},"month-0-short":{"_":"јан"},"month-1-short":{"_":"фев"},"month-2-short":{"_":"мар"},"month-3-short":{"_":"апр"},"month-4-short":{"_":"мај"},"month-5-short":{"_":"јун"},"month-6-short":{"_":"јул"},"month-7-short":{"_":"авг"},"month-8-short":{"_":"сеп"},"month-9-short":{"_":"окт"},"month-10-short":{"_":"ное"},"month-11-short":{"_":"дек"},"minutes-ago-long":{"_":"{[ plural(value) ]}","_[zero]":"сега","_[one]":"пред една минута","_[two]":"пред {{value}} минути","_[few]":"пред {{value}} минути","_[many]":"пред {{value}} минути","_[other]":"пред {{value}} минути"},"hours-ago-long":{"_":"{[ plural(value) ]}","_[zero]":"сега","_[one]":"пред еден час","_[two]":"пред {{value}} часа","_[few]":"пред {{value}} часа","_[many]":"пред {{value}} часови","_[other]":"пред {{value}} часови"},"days-ago-long":{"_":"{[ plural(value) ]}","_[zero]":"денес","_[one]":"вчера","_[two]":"пред {{value}} дена","_[few]":"пред {{value}} дена","_[many]":"пред {{value}} денови","_[other]":"пред {{value}} денови"},"weeks-ago-long":{"_":"{[ plural(value) ]}","_[zero]":"оваа недела","_[one]":"минатата недела","_[two]":"пред {{value}} недели","_[few]":"пред {{value}} недели","_[many]":"пред {{value}} недели","_[other]":"пред {{value}} недели"},"months-ago-long":{"_":"{[ plural(value) ]}","_[zero]":"овој месец","_[one]":"минатиот месец","_[two]":"пред {{value}} месеци","_[few]":"пред {{value}} месеци","_[many]":"пред {{value}} месеци","_[other]":"пред {{value}} месеци"},"years-ago-long":{"_":"{[ plural(value) ]}","_[zero]":"оваа година","_[one]":"минатата година","_[two]":"пред {{value}} години","_[few]":"пред {{value}} години","_[many]":"пред {{value}} години","_[other]":"пред {{value}} години"},"minutes-until-long":{"_":"{[ plural(value) ]}","_[zero]":"сега","_[one]":"за една минута","_[two]":"за {{value}} минути","_[few]":"за {{value}} минути","_[many]":"за {{value}} минути","_[other]":"за {{value}} минути"},"hours-until-long":{"_":"{[ plural(value) ]}","_[zero]":"сега","_[one]":"за еден час","_[two]":"за {{value}} часа","_[few]":"за {{value}} часа","_[many]":"за {{value}} часови","_[other]":"за {{value}} часови"},"days-until-long":{"_":"{[ plural(value) ]}","_[zero]":"денес","_[one]":"утре","_[two]":"за {{value}} дена","_[few]":"за {{value}} дена","_[many]":"за {{value}} денови","_[other]":"за {{value}} денови"},"weeks-until-long":{"_":"{[ plural(value) ]}","_[zero]":"оваа седмица","_[one]":"следната седмица","_[two]":"за {{value}} седмици","_[few]":"за {{value}} седмици","_[many]":"за {{value}} седмици","_[other]":"за {{value}} седмици"},"months-until-long":{"_":"{[ plural(value) ]}","_[zero]":"овој месец","_[one]":"следниот месец","_[two]":"за {{value}} месеци","_[few]":"за {{value}} месеци","_[many]":"за {{value}} месеци","_[other]":"за {{value}} месеци"},"years-until-long":{"_":"{[ plural(value) ]}","_[zero]":"оваа година","_[one]":"следната година","_[two]":"за {{value}} години","_[few]":"за {{value}} години","_[many]":"за {{value}} години","_[other]":"за {{value}} години"},"minutes-ago-short":{"_":"{[ plural(value) ]}","_[zero]":"сега","_[other]":"пред {{value}}m"},"hours-ago-short":{"_":"{[ plural(value) ]}","_[zero]":"сега","_[other]":"пред {{value}}h"},"days-ago-short":{"_":"{[ plural(value) ]}","_[zero]":"денес","_[other]":"пред {{value}}d"},"minutes-until-short":{"_":"{[ plural(value) ]}","_[zero]":"сега","_[other]":"за {{value}}m"},"hours-until-short":{"_":"{[ plural(value) ]}","_[zero]":"сега","_[other]":"за {{value}}h"},"days-until-short":{"_":"{[ plural(value) ]}","_[zero]":"денес","_[other]":"за {{value}}d"},"incorrectDate":{"_":"(неточен датум)"},"dateTimeFormat_%c":{"_":"%a %b %e %Y %H:%M:%S"},"dateTimeFormat_%x":{"_":"%d/%m/%Y"},"dateTimeFormat_%X":{"_":"%H:%M:%S"},"shortTimeFormat":{"_":"%H:%M"},"shortDateTimeFormat":{"_":"%x %H:%M"},"weekStartsOnMonday":{"_":"1"},"time_am":{"_":"AM"},"time_pm":{"_":"PM"},"tz-region":{"_":"Регион"},"tz-city":{"_":"Град"},"tzRegion-Africa":{"_":"Африка"},"tzRegion-America":{"_":"Америка"},"tzRegion-Antarctica":{"_":"Антартик"},"tzRegion-Asia":{"_":"Азија"},"tzRegion-Atlantic":{"_":"Атлантски океан"},"tzRegion-Australia":{"_":"Австралија"},"tzRegion-Europe":{"_":"Европа"},"tzRegion-Indian":{"_":"Индиски океан"},"tzRegion-Pacific":{"_":"Тихи окоеан"},"close":{"_":"Затвори"},"import":{"_":"Увези"},"fbFriends":{"_":"Пријатели на Facebook"},"live-serviceName":{"_":"Outlook"},"gmail-serviceName":{"_":"Gmail"},"facebook-serviceName":{"_":"Пријатели на Facebook"},"viewAll":{"_":"Види ги сите пријатели на Facebook"},"viewRecommend":{"_":"Види ги само препорачаните"},"linkProposal":{"_":"{[ plural(numFriends) ]}","_[zero]":"Нема пријатели што одговараат. Еве ги сите","_[one]":"Избери го препорачаниот","_[two]":"Избери еден препорачан","_[few]":"Избери еден препорачан","_[many]":"Избери еден препорачан","_[other]":"Избери еден препорачан"},"fbFriendsFound":{"_":"{[ plural(numFriends) ]}","_[zero]":"Сите Ваши пријатели се увезени","_[one]":"Еден пријател најден за увезување","_[two]":"Најдени {{numFriends}} пријатели за увезување","_[few]":"Најдени {{numFriends}} пријатели за увезување","_[many]":"Најдени {{numFriends}} пријатели за увезување","_[other]":"Најдени {{numFriends}} пријатели за увезување"},"done-search":{"_":"Готово"},"progressFB3ImportTitle":{"_":"Увезувам пријатели во Контакти"},"progressFB":{"_":"{{current}}/{{total}}"},"progressFB3UpdateTitle":{"_":"Ажурирам пријатели во Контакти"},"message2":{"_":"Ова може да потрае неколку минути"},"messageLinking":{"_":"Ве молам почекајте. Ги поврзуваме Вашиот пријател и Вашиот контакт."},"error1":{"_":"Грешка {{from}}"},"error2":{"_":"Сакате да се обидете повторно?"},"errorProposal":{"_":"пресметување на предлози"},"errorFriends":{"_":"прибирање на пријатели"},"errorLinking":{"_":"поврзување на контакт"},"timeout1":{"_":"Помина времето од {{from}}"},"timeout2":{"_":"Сакате да се обидете повторно?"},"timeoutProposal":{"_":"пресметување на предлози"},"timeoutFriends":{"_":"прибирање на пријатели"},"timeoutLinking":{"_":"поврзување на контакт"},"wait1":{"_":"Ве молам почекајте"},"wait2":{"_":"Ова може да потрае неколку минути"},"waitProposal":{"_":"Ве молам почекајте. Пресметуваме предлог."},"waitFriends":{"_":"Ве молам почекајте. Се поврзуваме за да ја земеме листата на Ваши пријатели."},"curtainCancel":{"_":"Откажи"},"curtainRetry":{"_":"Повторно"},"curtainOK":{"_":"Во ред"},"connectionLost":{"_":"Не сте поврзани на Интернет"},"connectionLostMsg":{"_":"Фотографиите на пријателите нема да бидат додадени во Вашите контакти. Да продолжам?"},"yesOption":{"_":"Во ред"},"noOption":{"_":"Откажи"},"friendsUpdated":{"_":"{[ plural(numFriends) ]}","_[zero]":"Нема ажурирани пријатели","_[one]":"Еден пријател ажуриран","_[two]":"Ажурирани {{numFriends}} пријатели","_[few]":"Ажурирани {{numFriends}} пријатели","_[many]":"Ажурирани {{numFriends}} пријатели","_[other]":"Ажурирани {{numFriends}} пријатели"},"notificationLogin":{"_":"Вашата сесија на Facebook не е валидна. Ве молам најавете се."},"syncError":{"_":"Настана грешка при синхронизацијата на податоците за Вашите пријатели"},"addToExistingContact":{"_":"Додај во постоечкиот контакт"},"all":{"_":"Сите"},"callLog":{"_":"Запис на повици"},"connecting":{"_":"Се поврзува"},"cf-async":{"_":"Асинхроно: {{ async }}\n"},"cf-data":{"_":"Податоци: {{ data }}\n"},"cf-error":{"_":"Грешки при преземање на статусот за пренасочување повици"},"cf-fax":{"_":"Факс: {{ fax }}\n"},"cf-inactive":{"_":"Неактивно"},"cf-packet":{"_":"Пакет: {{ packet }}\n"},"cf-pad":{"_":"PAD: {{ pad }}\n"},"cf-sms":{"_":"СМС: {{ sms }}\n"},"cf-status":{"_":"Статус на пренасочување\n"},"cf-sync":{"_":"Синхроно: {{ sync }}\n"},"cf-voice":{"_":"Говор: {{ voice }}\n"},"confirm-deletion":{"_":"Исчисти ги избраните повици?"},"createNewContact":{"_":"Создади нов контакт"},"delete":{"_":"Избриши"},"edit-selected":{"_":"{[ plural(n) ]}","_[one]":"{{ n }} избрано","_[two]":"{{ n }} избрани","_[few]":"{{ n }} избрани","_[many]":"{{ n }} избрани","_[other]":"{{ n }} избрано"},"ignore":{"_":"Игнорирај повик"},"incoming":{"_":"Дојдовен"},"missed":{"_":"Пропуштен"},"missedCall":{"_":"Пропуштен повик"},"missedCallMultiSims":{"_":"(SIM {{ n }}) пропуштен повик"},"mmi-error":{"_":"Грешка при праќање на пораката"},"mmi-session-expired":{"_":"Сесијата истече"},"mmi-successfully-sent":{"_":"Успешно пратена порака"},"no-logs-msg-1":{"_":"Нема запис на повици"},"no-logs-msg-2":{"_":"Започни со комуникација веднаш"},"no-logs-msg-3":{"_":"Нема пропуштени повици"},"reply":{"_":"Одговори"},"switch-calls":{"_":"Смени повици"},"withheld-number":{"_":"Скриен број"},"from-contact":{"_":"Од {{ contact }}"},"from-number":{"_":"Од {{ number }}"},"from-withheld-number":{"_":"Од скриен број"},"sending":{"_":"Праќање…"},"ussd-services":{"_":"{{ operator }} сервиси"},"type-your-response":{"placeholder":"Пишете го вашиот одговор…"},"clear-all-text":{"_":"Исчисти го цел текст"},"hide":{"_":"Скриј"},"hold":{"_":"Држи"},"resume":{"_":"Продолжи"},"sendSms":{"_":"Прати порака"},"callEnded":{"_":"Повикот заврши"},"via-sim":{"_":"преку SIM{{ n }}"},"sim-number":{"_":"SIM{{ n }}"},"hangup-a11y-button":{"aria-label":"Спушти"},"pickup-a11y-button":{"aria-label":"Одговори"},"unlock-a11y-button":{"aria-label":"Лизгач"},"delete-n-log?":{"_":"{[ plural(n) ]}","_[zero]":"Нема избрано","_[one]":"Бришење на избраниот запис?","_[two]":"Бришење {{ n }} записи?","_[few]":"Бришење {{ n }} записи?","_[many]":"Бришење {{ n }} записи?","_[other]":"Бришење {{ n }} записи?"},"callDurationMinutes":{"_":"{{ m }}:{{ s }}"},"callDurationHours":{"_":"{{ h }}:{{ m }}:{{ s}}"},"suggestionMatches":{"_":"{[ plural(n) ]}","_[one]":"{{ n }} најдено за \"{{ matchNumber }}\"","_[two]":"{{ n }} најдени за \"{{ matchNumber }}\"","_[few]":"{{ n }} најдени за \"{{ matchNumber }}\"","_[many]":"{{ n }} најдени за \"{{ matchNumber }}\"","_[other]":"{{ n }} најдени за \"{{ matchNumber }}\""},"scCallBarring":{"_":"Забрана за повик"},"scCallForwarding":{"_":"Пренасочување на повик"},"scClip":{"_":"Дојдовна идентификација"},"scClir":{"_":"Појдовна идентификација"},"scPwd":{"_":"Промена на лозинка"},"scCallWaiting":{"_":"Повик на чекање"},"scPin":{"_":"PIN промена"},"scPin2":{"_":"PIN2 промена"},"scPuk":{"_":"Одблокирај PIN"},"scPuk2":{"_":"Одблокирај PIN2"},"scImei":{"_":"IMEI"},"scUssd":{"_":"USSD"},"serviceClassVoice":{"_":"Говор"},"serviceClassData":{"_":"Податоци"},"serviceClassFax":{"_":"Факс"},"serviceClassSms":{"_":"СМС"},"serviceClassDataSync":{"_":"Синхрино"},"serviceClassDataAsync":{"_":"Асинхроно"},"serviceClassPacket":{"_":"Пакет"},"serviceClassPad":{"_":"PAD"},"smServiceEnabled":{"_":"Сервисот беше овозможен"},"smServiceDisabled":{"_":"Сервисот беше оневозможен"},"smServiceRegistered":{"_":"Регистрацијата беше успешна"},"smServiceErased":{"_":"Бришењето беше успешно"},"smServiceInterrogated":{"_":"Барањето беше успешно"},"smServiceNotProvisioned":{"_":"Сервисот не е провизиониран"},"smClirPermanent":{"_":"Не можете да ја смените поставката за идентификација на повик"},"smClirDefaultOnNextCallOn":{"_":"Предефинирано за идентификација на повик е скриен. Следниот повик: скриен"},"smClirDefaultOnNextCallOff":{"_":"Предефинирано за идентификација на повик е скриен. Следниот повик: прикажан"},"smClirDefaultOffNextCallOn":{"_":"Предефинирано за идентификација на повик е прикажан. Следниот повик: скриен"},"smClirDefaultOffNextCallOff":{"_":"Предефинирано за идентификација на повик е прикажан. Следниот повик: прикажан"},"smServiceEnabledFor":{"_":"Сервисот беше овозможен за:"},"smPinChanged":{"_":"PIN успешно променет"},"smPinUnblocked":{"_":"PIN успешно одблокиран"},"smPin2Changed":{"_":"PIN2 успешно променет"},"smPin2Unblocked":{"_":"PIN2 успешно одблокиран"},"emMmiError":{"_":"Проблем во комуникација или невалиден MMI код"},"emMmiErrorPasswordIncorrect":{"_":"Грешна лозинка"},"emMmiErrorNotSupported":{"_":"Неправилен или неподржан MMI код"},"emMmiErrorInvalidAction":{"_":"Неправилна акција"},"emMmiErrorInvalidScCode":{"_":"Неправилен сервисе код"},"emMmiErrorBadPuk":{"_":"PUK бројот што го внесовте не е точен."},"emMmiErrorBadPin":{"_":"Стариот PUK број што го внесовте не е точен."},"emMmiErrorNeedPuk2":{"_":"Внесете го PUK2 бројот за одблокирање на сим картичката."},"emMmiErrorMismatchPin":{"_":"PIN броевите што ги внесовте не се исти"},"emMmiErrorInvalidPin":{"_":"Внесете PIN од 4 до 8 цифри"},"emMmiErrorNeedsPuk":{"_":"Вашата SIM картичка е PUK-заклучена"},"emMmiErrorEnablePin":{"_":"Неуспешно. Овозможи SIM/RUIM заклучувуање"},"emMmiErrorMmiFdn":{"_":"Операцијата е ограничена само на вртење предефинирани броеви"},"emMmiErrorStkCcUssdDial":{"_":"USSD е променето во ПОВИК барање"},"emMmiErrorStkCcUssdSs":{"_":"USSD е променето во барање за SS"},"emMmiErrorStkCcUssdUssd":{"_":"USSD е променето во ново USSD барање"},"emMmiErrorStkCcSsDial":{"_":"SS e променето во ПОВИК барање"},"emMmiErrorStkCcSsUssd":{"_":"SS е променето во USSD барање"},"emMmiErrorStkCcSsSs":{"_":"SS е променето во ново SS барање"},"emMmiErrorPinPukAttempts":{"_":"{[ plural(n) ]}","_[one]":"Само {{ n }} обид преостанува","_[two]":"{{ n }} преостанати обиди","_[few]":"{{ n }} преостанати обиди","_[many]":"{{ n }} преостанати обиди","_[other]":"{{ n }} преостанати обиди"},"emMmiErrorSimBlocked":{"_":"Надминат е максималниот број обиди. SIM блокирана"},"RadioNotAvailable":{"_":"Радиото не е достапно"},"GenericFailure":{"_":"Генерички неуспех"},"PasswordIncorrect":{"_":"Грешна лозинка"},"SimPin2":{"_":"SIM PIN2"},"SimPuk2":{"_":"SIM PUK2"},"RequestNotSupported":{"_":"Барањето не е поддржано"},"OpNotAllowedDuringVoiceCall":{"_":"Акцијата не е дозволена при говорен повик"},"SmsSendFailRetry":{"_":"SMS send fail retry"},"SimAbsent":{"_":"SIM не е присутна"},"SubscriptionNotAvailable":{"_":"Претплата не е достапна"},"ModeNotSupported":{"_":"Режим не е поддржан"},"FdnCheckFailure":{"_":"Неуспех на Fdn проверка"},"IllegalSimOrMe":{"_":"Нелегален SIM или ME"},"DialModifiedToUssd":{"_":"Повик променет во USSD"},"DialModifiedToSs":{"_":"Повик променет во SS"},"DialModifiedToDial":{"_":"Повик променет во повик"},"UssdModifiedToDial":{"_":"USSD променет во повик"},"UssdModifiedToSs":{"_":"USSD променет во SS"},"UssdModifiedToUssd":{"_":"USSD променет во USSD"},"SsModifiedToDial":{"_":"SS променет во повик"},"SsModifiedToUssd":{"_":"SS променет во USSD"},"SsModifiedToSs":{"_":"SS променет во SS"},"SubscriptionNotSupported":{"_":"Претплата не е поддржана"},"InvalidParameter":{"_":"Неправилен параметар"},"RejectedByRemote":{"_":"Одбиен од оддалеченo"},"group-call":{"_":"{[ plural(n) ]}","_[one]":"Групен повик ({{ n }})","_[two]":"Групен повик ({{ n }})","_[few]":"Групен повик ({{ n }})","_[many]":"Групен повик ({{ n }})","_[other]":"Групен повик ({{ n }})"},"caller-left-call":{"_":"{{ caller }} го напушти повикот."},"conferenceAddError":{"_":"Не може да се спојат повиците"},"conferenceRemoveError":{"_":"Не може да се одвојат повиците"},"longDateFormat":{"_":"%A, %e %B"},"select-audio-sources":{"_":"Избери извори на аудио"},"bluetooth-handsfree-device":{"_":"Bluetooth-слушалка"},"receiver":{"_":"Примател"},"speaker":{"_":"Звучник"},"sim-picker-dial-via-with-number":{"_":"Сврти {{ phoneNumber }} од"},"sim-picker-select-sim":{"_":"Избери SIM"},"sim-picker-button":{"_":"SIM{{ n }}"},"sim-picker-button-default":{"_":"(default)"},"waitDuplicateContacts":{"_":"Се пребарува за дупли контакти"},"waitMergingDuplicateContacts":{"_":"Се спојуваат дуплите контакти"},"alertNoDuplicateContacts":{"_":"Нема дупли контакти"},"merge":{"_":"Спои"},"mergeDuplicateTitle":{"_":"Спои дупликати"},"suggestedDuplicateContacts":{"_":"Можни дупли контакти за {{name}}"},"mergeActionButtonLabel":{"_":"{[ plural(n) ]}","_[zero]":"Не беа избрани контакти","_[one]":"Спои со {{n}} контакт","_[other]":"Спои со {{n}} контакти"},"duplicatesFoundTitle":{"_":"Дупли контакти"},"duplicatesFoundMessage":{"_":"{{name}} дупли информации во следниве контакти"}}