{"brandShortName":{"_":"B2G OS"},"browserBrandShortName":{"_":"Pelayar Web"},"browserBrandFullName":{"_":"Pelayar Web Mozilla"},"callAirplaneModeMessage":{"_":"Untuk membuat panggilan anda perlu matikan mod pesawat pada tetapan."},"callAirplaneModeBtnOk":{"_":"OK"},"callAirplaneModeTitle":{"_":"Mod pesawat diaktifkan"},"numberIsBusyTitle":{"_":"Nombor sedang sibuk"},"numberIsBusyMessage":{"_":"Nombor sedang sibuk. Sila cuba lagi kemudian."},"fdnIsEnabledTitle":{"_":"FDN aktif"},"fdnIsEnabledMessage":{"_":"Nombor ini disekat kerana tiada di dalam senarai nombor yang diizinkan."},"voiceMail":{"_":"Mel suara"},"emergencyNumber":{"_":"Nombor kecemasan"},"emergencyDialogBodyBadNumber":{"_":"Untuk membuat panggilan, telefon mesti disambungkan ke rangkaian."},"emergencyDialogBodyDeviceNotAccepted":{"_":"Panggilan kecemasan tidak dibenarkan oleh rangkaian."},"emergencyDialogBtnOk":{"_":"OK"},"emergencyDialogTitle":{"_":"Tiada sambungan rangkaian"},"invalidNumberToDialTitle":{"_":"Nombor telefon tidak sah"},"invalidNumberToDialMessage":{"_":"Nombor telefon yang anda dail tidak sah."},"unableToCallTitle":{"_":"Tidak dapat membuat panggilan telefon sekarang"},"unableToCallMessage":{"_":"Tidak dapat membuat panggilan. Jika anda sedang mendail, sila letakkan dahulu."},"otherConnectionInUseTitle":{"_":"SIM{{ n }}"},"otherConnectionInUseMessage":{"_":"Anda mempunyai panggilan aktif pada sambungan yang lain. Anda hanya boleh menggunakan satu sambungan pada satu masa."},"add":{"_":"Tambah"},"back":{"_":"Undur"},"call":{"_":"Panggil"},"edit":{"_":"Sunting"},"cancel":{"_":"Batal"},"done":{"_":"Selesai"},"ok":{"_":"OK"},"update":{"_":"Kemaskini"},"retry":{"_":"Cuba lagi"},"contacts":{"_":"Kenalan"},"addContact":{"_":"Tambah Kenalan"},"deleteContact":{"_":"Hapus kenalan"},"selectContact":{"_":"Pilih kenalan"},"selectAll":{"_":"Pilih Semua"},"deselectAll":{"_":"Tidak Pilih Semua"},"editContact":{"_":"Sunting kenalan"},"deleteConfirmMsg":{"_":"Hapus kenalan?"},"remove":{"_":"Buang"},"comments":{"_":"Komen"},"no_contact_phones":{"_":"Kenalan ini tidak mempunyai nombor telefon"},"no_contact_email":{"_":"Kenalan ini tidak mempunyai alamat emel"},"removePhotoConfirm":{"_":"Buang gambar kenalan?"},"loadingContacts":{"_":"Memuatkan kenalan..."},"noContactsActivity":{"_":"Tidak dapat menambah kenalan kerana senarai kenalan anda kosong"},"noName":{"_":"Tiada nama"},"givenName":{"placeholder":"Nama"},"familyName":{"placeholder":"Nama akhir"},"tel":{"placeholder":"Telefon"},"carrier":{"_":"Pembawa","placeholder":"Pembawa"},"separator":{"_":","},"email":{"_":"Emel","placeholder":"Emel"},"streetAddress":{"placeholder":"Jalan"},"postalCode":{"placeholder":"Poskod"},"locality":{"placeholder":"Bandar"},"countryName":{"placeholder":"Negara"},"comment":{"placeholder":"Komen"},"org":{"placeholder":"Syarikat"},"custom":{"placeholder":"Suaian","_":"Tanda suaian"},"date":{"_":"Tarikh","placeholder":"Tarikh"},"birthday":{"_":"Tarikh lahir"},"dateFormat":{"_":"%B %e"},"dateOutput":{"_":"{{dayMonthFormatted}} {{year}}"},"anniversary":{"_":"Ulang tahun"},"addPhoto":{"_":"Tambah Gambar"},"addPhone":{"_":"Tambah Telefon"},"addEmail":{"_":"Tambah Email"},"addAddress":{"_":"Tambah Alamat"},"addDate":{"_":"Tambah Tarikh"},"addComment":{"_":"Tambah Komen"},"addFavorite":{"_":"Tambah sebagai Kegemaran"},"removeFavorite":{"_":"Hapus sebagai Kegemaran"},"label":{"_":"Label"},"mobile":{"_":"Mobil"},"home":{"_":"Laman Utama"},"work":{"_":"Kerja"},"personal":{"_":"Peribadi"},"faxHome":{"_":"Fax rumah"},"faxOffice":{"_":"Fax syarikat"},"faxOther":{"_":"Fax lain"},"another":{"_":"Lagi"},"other":{"_":"Lain"},"current":{"_":"Semasa"},"itemWithLabel":{"_":"{{label}}, {{item}}"},"exit":{"_":"Keluar"},"expand":{"_":"Kembang"},"labelName":{"_":"Nama:"},"labelLastName":{"_":"Nama akhir:"},"labelPhoneNumber":{"_":"Nombor telefon:"},"labelCarrier":{"_":"Pembawa:"},"labelEmail":{"_":"E-mel:"},"labelStreet":{"_":"Jalan:"},"labelZip":{"_":"Poskod:"},"labelCity":{"_":"Bandar:"},"labelCountry":{"_":"Negara:"},"labelComment":{"_":"Komen:"},"legendTitleMain":{"_":"Maklumat utama"},"legendPhones":{"_":"Nombor telefon"},"legendEmail":{"_":"Alamat e-mel"},"legendAddress":{"_":"Alamat"},"settings":{"_":"Tetapan"},"search-contact":{"placeholder":"Carian"},"noResults":{"_":"Tiada kenalan ditemui"},"transferContactsTitle":{"_":"Pindah Kenalan"},"importContactsTitle":{"_":"Import Kenalan"},"importContactsButton":{"_":"Import Kenalan"},"exportContactsTitle":{"_":"Eksport Kenalan"},"exportContactsButton":{"_":"Eksport Kenalan"},"exportContactsAction":{"_":"Eksport"},"simExport-title":{"_":"Eksport ke SIM"},"sdExport-title":{"_":"Eksport ke Kad SD"},"btExport-title":{"_":"Eksport ke Bluetooth"},"sdUMSEnabled":{"_":"Tidak dapat menggunakan Kad SD kerana storan USB diaktifkan"},"exportErrorTitle":{"_":"Ralat eksport"},"contactsExported2":{"_":"{[ plural(exported) ]}","_[zero]":"Tiada kenalan dieksport","_[one]":"{{exported}}/{{total}} kenalan dieksport","_[two]":"{{exported}}/{{total}} kenalan dieksport","_[few]":"{{exported}}/{{total}} kenalan dieksport","_[many]":"{{exported}}/{{total}} kenalan dieksport","_[other]":"{{exported}}/{{total}} kenalan dieksport"},"exportError-general":{"_":"Beberapa ralat berlaku ketika mengeksport"},"exportError-SD-shared":{"_":"Tidak dapat mengakses kad memori kerana ia dikongsi"},"exportError-SD-unavailable":{"_":"Kad memori tiada"},"exportError-SD-noSpace":{"_":"Tiada ruang yang mencukupi pada kad memori untuk mengeksport kenalan"},"exportError-SIM-unavailable":{"_":"Kad SIM tiada"},"exportError-BT-shared":{"_":"Tidak dapat mengakses kad memori kerana ia dikongsi"},"exportError-BT-unavailable":{"_":"Kad memori tiada"},"exportError-BT-noSpace":{"_":"Tiada ruang yang mencukupi pada kad memori untuk mengeksport kenalan"},"simContacts-import":{"_":"Import kenalan SIM"},"simContacts-importing":{"_":"Mengimport kenalan SIM..."},"simContacts-reading":{"_":"Membaca dari kad SIM…"},"simContacts-error":{"_":"Tidak dapat mengimport kenalan dari kad SIM"},"simContacts-imported3":{"_":"{[ plural(n) ]}","_[zero]":"Tiada kenalan yang dikesan pada SIM untuk diimport","_[one]":"Satu kenalan diimport","_[two]":"{{n}} kenalan diimport","_[few]":"{{n}} kenalan diimport","_[many]":"{{n}} kenalan diimport","_[other]":"{{n}} kenalan diimport"},"noSimMsg":{"_":"Untuk mengimport kenalan masukkan atau buka kunci kad SIM anda"},"noSimMsgExport":{"_":"Untuk mengeksport kenalan masukkan atau buka kunci kad SIM anda"},"simNumber":{"_":"SIM {{number}}"},"memoryCardContacts-import":{"_":"Import kenalan dari kad memori"},"memoryCardContacts-importing":{"_":"Mengimport kenalan dari kad memori…"},"memoryCardContacts-reading":{"_":"Membaca dari kad memori…"},"memoryCardContacts-error":{"_":"Tidak dapat mengimport kenalan dari kad memori"},"memoryCardContacts-imported3":{"_":"{[ plural(n) ]}","_[zero]":"Tiada kenalan yang dikesan pada kad memori untuk diimport","_[one]":"Satu kenalan diimport","_[two]":"{{n}} kenalan diimport ","_[few]":"{{n}} kenalan diimport","_[many]":"{{n}} kenalan diimport","_[other]":"{{n}} kenalan diimport"},"noMemoryCardMsg":{"_":"Untuk mengimport kenalan masukkan kad memori"},"noMemoryCardMsgExport":{"_":"Untuk mengeksport kenalan masukkan kad memori"},"genericProgress":{"_":"{{current}}/{{total}}"},"social-network":{"_":"Rangkaian sosial"},"social-link":{"_":"Kaitkan kenalan"},"social-unlink":{"_":"Tidak menghubungkan perhubungan"},"social-unlink-confirm-title":{"_":"Apakah anda ingin menghapus perhubungan teman anda?"},"social-unlink-confirm-accept":{"_":"Tidak perhubungan"},"facebook-import":{"_":"Import teman Facebook"},"show-fb-profile":{"_":"Lihat profil Facebook"},"msg-send":{"_":"Mesej"},"wall-post":{"_":"Kiriman dinding"},"facebook":{"_":"Facebook"},"facebook-import-msg":{"_":"{[ plural(imported) ]}","_[zero]":"Tiada teman diimport (daripada {{total}})","_[one]":"Satu kawan diimport (daripada {{total}})","_[two]":"{{imported}}/{{total}} kawan yang diimport","_[few]":"{{imported}}/{{total}} kawan yang diimport","_[many]":"{{imported}}/{{total}} kawan yang diimport","_[other]":"{{imported}}/{{total}} kawan yang diimport"},"otherAccount":{"_":"Akaun lain"},"facebookSwitchMsg":{"_":"Selaraskan teman"},"select_mobile":{"_":"Pilih mobil"},"select_email":{"_":"Pilih emel"},"contactsOrderBy":{"_":"Urutan mengikut nama akhir"},"importSim2":{"_":"Kad SIM"},"importMemoryCard":{"_":"Kad memori"},"importGmail":{"_":"Gmail"},"bluetooth":{"_":"Bluetooth"},"importOutlook":{"_":"Outlook"},"fbUpdateFriends":{"_":"Kemaskini teman yang telah diimport"},"cleaningFbData":{"_":"Membuang data Facebook"},"loggingOutFb":{"_":"Log keluar dari Facebook"},"cleanFbConfirmMsg":{"_":"Buang semua data Facebook?"},"renewPwdMsg":{"_":"Kata laluan anda di Facebook telah berubah. Sila, kemaskini."},"noConnection11":{"_":"Untuk mengimport kenalan atau rakan Facebook sambung ke Wi-Fi atau jaringan data"},"notEnabledYet":{"_":"Belum dibolehkan lagi"},"genericNoConnection":{"_":"Untuk mengimport kenalan sambung ke Wi-Fi atau jaringan data"},"simCard":{"_":"Kad SIM"},"memoryCard":{"_":"Kad memori"},"create-new":{"_":"Cipta kenalan baru"},"import-now":{"_":"Mengimport kenalan dari kad SIM atau Facebook"},"no-contacts":{"_":"Tiada kenalan"},"start-adding":{"_":"Mula menambah mereka sekarang"},"notImported":{"_":"Tidak diimport"},"imported":{"_":"Diimport"},"today":{"_":"Hari ini"},"yesterday":{"_":"Semalam"},"messageCanceling":{"_":"Sila tunggu. Kami sedang membatalkan operasi yang sedang berjalan."},"organise-contacts":{"_":"Uruskan Kenalan"},"find-merge-contacts":{"_":"Cari kenalan berganda"},"preparing-contacts":{"_":"Menyediakan kenalan"},"exportError-SIM-NoFreeRecordFound":{"_":"Kad SIM penuh"},"exportError-SIM-CannotAccessPhoneBook":{"_":"TIda dapat mencapai buku alamat kad SIM"},"exportError-SIM-Unavailable":{"_":"Tiada SIM dikesan"},"exportError-SIM-GenericError":{"_":"Ralat berlaku ketika mengeksport kenalan"},"pincode2":{"_":"Masukkan kod PIN"},"type_pin":{"_":"Taip kod PIN anda"},"pincodeLabel":{"_":"SIM {{n}} PIN"},"pinValidation":{"_":"PIN harus mempunyai antara 4 dan 8 aksara."},"pinError":{"_":"PIN salah."},"pinAttemptMsg2":{"_":"{[ plural(n) ]}","_[one]":"Anda mempunyai satu cubaan berbaki untuk memasukkan kod yang betul sebelum mengunci kad SIM.","_[two]":"Anda mempunyai {{n}} cubaan berbaki untuk memasukkan kod yang betul sebelum mengunci kad SIM.","_[few]":"Anda mempunyai {{n}} cubaan berbaki untuk memasukkan kod yang betul sebelum mengunci kad SIM.","_[many]":"Anda mempunyai {{n}} cubaan berbaki untuk memasukkan kod yang betul sebelum mengunci kad SIM.","_[other]":"Anda mempunyai {{n}} cubaan berbaki untuk memasukkan kod yang betul sebelum mengunci kad SIM."},"pinLastChanceMsg":{"_":"Ini adalah peluang terakhir anda untuk memasukkan PIN yang betul. Jika tidak, anda harus memasukkan kod PUK untuk menggunakan kad SIM ini."},"pukcode":{"_":"Masukkan kod PUK"},"pukcodeTitle":{"_":"Masukkan SIM {{n}} PUK"},"pukcodeLabel":{"_":"SIM {{n}} PUK"},"type_puk":{"_":"Kod PUK"},"pukValidation":{"_":"Kod PUK mesti mempunyai 8 karakter."},"pukInfo":{"_":"Anda mestilah memasukkan Kod Kunci Pembuka Peribadi (PUK) untuk kad SIM. Rujuk dokumentasi kad SIM anda atau hubungi operator anda untuk maklumat lanjut."},"pukError":{"_":"PUK salah."},"pukAttemptMsg2":{"_":"{[ plural(n) ]}","_[one]":"Anda mempunyai satu cubaan berbaki untuk memasukkan kod yang betul sebelum kad SIM ini tidak boleh digunakan secara kekal. Rujuk dokumentasi kad SIM anda atau hubungi operator anda untuk maklumat lanjut.","_[two]":"Anda mempunyai {{n}} cubaan berbaki untuk memasukkan kod yang betul sebelum kad SIM ini tidak boleh digunakan secara kekal. Rujuk dokumentasi kad SIM anda atau hubungi operator anda untuk maklumat lanjut.","_[few]":"Anda mempunyai {{n}} cubaan berbaki untuk memasukkan kod yang betul sebelum kad SIM ini tidak boleh digunakan secara kekal. Rujuk dokumentasi kad SIM anda atau hubungi operator anda untuk maklumat lanjut.","_[many]":"Anda mempunyai {{n}} cubaan berbaki untuk memasukkan kod yang betul sebelum kad SIM ini tidak boleh digunakan secara kekal. Rujuk dokumentasi kad SIM anda atau hubungi operator anda untuk maklumat lanjut.","_[other]":"Anda mempunyai {{n}} cubaan berbaki untuk memasukkan kod yang betul sebelum kad SIM ini tidak boleh digunakan secara kekal. Rujuk dokumentasi kad SIM anda atau hubungi operator anda untuk maklumat lanjut."},"pukLastChanceMsg":{"_":"Ini adalah peluang terakhir anda untuk memasukkan kod PUK yang betul. Kad SIM anda akan kekal tidak boleh digunakan jika kod PUK salah."},"create_newpin":{"_":"Cipta PIN baru (4 hingga 8 digit)"},"confirm_newpin":{"_":"Sahkan PIN baru"},"newpinConfirmation":{"_":"PIN tidak padan"},"nckcode":{"_":"Masukkan kod NCK"},"cckcode":{"_":"Masukkan kod CCK"},"spckcode":{"_":"Masukkan kod SPCK"},"nckcodeTitle":{"_":"Masukkan SIM {{n}} NCK"},"cckcodeTitle":{"_":"Masukkan SIM {{n}} CCK"},"spckcodeTitle":{"_":"Masukkan SIM {{n}} SPCK"},"nckcodeLabel":{"_":"SIM {{n}} NCK"},"cckcodeLabel":{"_":"SIM {{n}} CCK"},"spckcodeLabel":{"_":"SIM {{n}} SPCK"},"type_nck":{"_":"Taip kod NCK anda"},"type_cck":{"_":"Taip kod CCK anda"},"type_spck":{"_":"Taip kod SPCK anda"},"nckValidation":{"_":"NCK mestilah mempunyai antara 8 dan 16 aksara."},"cckValidation":{"_":"CCK mestilah mempunyai antara 8 dan 16 aksara."},"spckValidation":{"_":"SPCK mestilah mempunyai antara 8 dan 16 aksara."},"nckErrorMsg":{"_":"Kod NCK tidak sah."},"nckAttemptMsg2":{"_":"{[ plural(n) ]}","_[one]":"Kegagalan permintaan rangkaian depersonalisasi. Anda mempunyai satu cubaan berbaki untuk memasukkan kod yang betul. Lihat dokumentasi peranti atau hubungi operator anda untuk maklumat lanjut.","_[two]":"Kegagalan permintaan rangkaian depersonalisasi. Anda mempunyai {{n}} cubaan berbaki untuk memasukkan kod yang betul. Lihat dokumentasi peranti atau hubungi operator anda untuk maklumat.","_[few]":"Kegagalan permintaan rangkaian depersonalisasi. Anda mempunyai {{n}} cubaan berbaki untuk memasukkan kod yang betul. Lihat dokumentasi peranti atau hubungi operator anda untuk maklumat.","_[many]":"Kegagalan permintaan rangkaian depersonalisasi. Anda mempunyai {{n}} cubaan berbaki untuk memasukkan kod yang betul. Lihat dokumentasi peranti atau hubungi operator anda untuk maklumat.","_[other]":"Kegagalan permintaan rangkaian depersonalisasi. Anda mempunyai {{n}} cubaan berbaki untuk memasukkan kod yang betul. Lihat dokumentasi peranti atau hubungi operator anda untuk maklumat."},"nckLastChanceMsg":{"_":"Kegagalan permintaan rangkaian depersonalisasi. Peluang terakhir untuk memasukkan kod NCK yang betul. Lihat dokumentasi peranti atau hubungi operator anda untuk maklumat lanjut."},"skip":{"_":"Langkau"},"send":{"_":"Hantar"},"simLocked":{"_":"Kad SIM terkunci"},"inputCodeRetriesLeft":{"_":"{[ plural(n) ]}","_[one]":"Cubaan terakhir.","_[two]":"{{n}} cubaan berbaki.","_[few]":"{{n}} cubaan berbaki.","_[many]":"{{n}} cubaan berbaki.","_[other]":"{{n}} cubaan berbaki."},"simManager":{"_":"Pengurus SIM"},"simDetail":{"_":"SIM {{n}}"},"simDefault":{"_":"(lalai)"},"simDefaultMessage":{"_":"Panggilan, mesej keluar dan sambungan data ditetapkan pada SIM 1 sebagai lalai"},"simSettingsMessage":{"_":"Anda boleh mengubah tetapan lalai pada Tetapan > Pengurus SIM"},"simPinLocked":{"_":"PIN SIM dikunci"},"noOperator":{"_":"Tiada operator"},"language":{"_":"Bahasa"},"english":{"_":"Inggeris"},"dvorak":{"_":"Inggeris (Dvorak)"},"spanish":{"_":"Sepanyol"},"portuguese":{"_":"Portugis Brazil"},"french":{"_":"Perancis"},"italian":{"_":"Itali"},"arabic":{"_":"Arab"},"greek":{"_":"Greek"},"hebrew":{"_":"Ibrani"},"jp-kanji":{"_":"Jepun"},"jp-kanji-desc":{"_":"Kanji"},"traditionalChinese":{"_":"Cina Tradisional"},"traditionalChinese-desc":{"_":"Zhuyin"},"simplifiedChinese":{"_":"Cina Dipermudah"},"simplifiedChinese-desc":{"_":"Pinyin"},"3g":{"_":"Data Selular"},"dataConnection":{"_":"Hidupkan Data"},"dataConnectionInfo":{"_":"Menghidupkan sambungan data kini akan membolehkan anda untuk menyediakan telefon anda tanpa sambungan Wi-Fi. Anda juga boleh menghidupkannya kemudian dalam Tetapan. Hanya pastikan yang anda mempunyai pelan data dengan operator anda untuk mengelakkan caj yang berpotensi besar."},"caution":{"_":"Amaran"},"geolocation":{"_":"Geolokasi"},"geolocationCheckbox":{"_":"Hidupkan Geolokasi"},"geolocationInfo2":{"_":"{{brandShortName}} menggunakan data seperti GPS, Wi-Fi, dan rangkaian mudah alih yang berdekatan dengan anda untuk membantu menentukan lokasi anggaran anda."},"geolocationInfoMore":{"_":"Data dihantar ke Mozilla dan penyedia perkhidmatan yang lain dan akan digunakan dalam agregat untuk memperbaiki pangkalan data lokasi berkenaan. Data boleh disimpan pada peranti anda dan pengumpulan data boleh berlaku walaupun tiada aplikasi yang berjalan."},"notice":{"_":"Notis"},"aboutYourPrivacy":{"_":"Lebih lagi perihal privasi anda"},"wifi":{"_":"Wi-Fi"},"scanningNetworks":{"_":"Mengimbas jaringan"},"selectNetwork":{"_":"Pilih jaringan"},"shortStatus-connecting":{"_":"Menyambung..."},"shortStatus-associated":{"_":"Mendapatkan alamat IP..."},"shortStatus-connected":{"_":"Tersambung"},"shortStatus-connectingfailed":{"_":"Sambungan gagal"},"shortStatus-disconnected":{"_":"Luar Talian"},"securedBy":{"_":"dijamin oleh {{capabilities}}"},"security":{"_":"Keselamatan"},"securityNone":{"_":"Tiada"},"securityWEP":{"_":"WEP"},"securityWPA-PSK":{"_":"WPA-PSK"},"securityWPA-EAP":{"_":"WPA-EAP"},"securityOpen":{"_":"Buka"},"identity":{"_":"Pengguna"},"identityInput":{"placeholder":"Pengguna"},"password":{"_":"Kata laluan"},"passwordInput":{"placeholder":"Kata laluan"},"showPassword":{"_":"Tunjuk Kata Laluan"},"refresh":{"_":"Ulang segar"},"noWifiFound3":{"_":"Tiada jaringan tanpa wayar dijumpai"},"join-hidden-button":{"_":"Sertai rangkaian tersembunyi"},"authentication":{"_":"Pengesahan"},"ssid-name":{"_":"Nama Rangkaian SSID"},"dateAndTime":{"_":"Tarikh & Masa"},"setTimeAutomatically":{"_":"Set secara automatik"},"timezoneMessage":{"_":"Zon waktu"},"timezoneTitle":{"_":"UTC{{utcOffset}} {{region}}/{{city}}"},"dateMessage":{"_":"Tarikh"},"timeMessage":{"_":"Masa"},"timeZone":{"_":"Zon masa"},"change":{"_":"Ubah"},"importContacts3":{"_":"Import kenalan"},"importFb2":{"_":"Facebook"},"fb-checking":{"_":"...memeriksa"},"notImportedYet":{"_":"Belum diimport"},"afterFbImport":{"_":"Anda boleh mengimport dan sunting teman Facebook bila-bila masa dalam tetapan Kenalan"},"about-your-rights-0":{"_":"{{brandShortName}} dibina pada perisian sumber terbuka dan bebas oleh komuniti ribuan orang dari serata dunia. Terdapat beberapa perkata yang anda perlu tahu:"},"about-your-rights-1":{"_":"{{brandShortName}} dibina untuk anda dibawah terma  beberapa lesen sumber terbuka termasuk Lesen Awam Mozilla. Peranti yang mnggunakan {{brandShortName}} boleh juga mengandungi perisian tertutup daripada pihak ketida. Sebarang kod yang disediakan di bawah lesen terbuka memberikan andan hak untuk mengubah kod sumber dan mengagihkan versi diubahsuai selagi anda anda mematuhi termanya."},"about-your-rights-2":{"_":"Anda tidak diberikan sebarang hak tanda dagang atau lesen kepada tanda dagang Yayasan Mozilla atau mana-mana pihak, termasuk tanpa had nama dan logo {{brandShortName}}."},"about-your-rights-3":{"_":"Beberapa ciri dalam {{brandShortName}}, seperti Pelapor Nahas, memberi anda pilihan untuk menyediakan maklumbalas kepada Mozilla. Dengan memilih untuk hantar maklumbalas, anda memberi Mozilla kebenaran untuk menggunakan maklumbalas bagi menambahbaik produknya, untuk menghantar maklumbalas kepada laman webnya, dan juga mengagihkan maklumbalas."},"about-other":{"_":"Lain-lain"},"SIM_mandatory":{"_":"Amaran Kad SIM"},"SIM_mandatory_warm":{"_":"Sila masukkaan kad SIM dan ulang mula telefon anda."},"sharing-performance-data":{"_":"Kongsi Data Prestasi"},"telemetry-sends":{"_":"Telemetri menghantar data Mozilla tentang prestasi, perkakasan, konfigurasi dan penyesuaian pada peranti {{brandShortName}} anda. Kami menggunakannya bagi menjadikan produk kami lebih baik, lebih pantas dan lebih merespon."},"learn-more-at":{"_":"Ketahui lanjut di"},"external-telemetry":{"title":"Telemetri"},"learn-about-information":{"_":"Ketahui bagaimana Mozilla mengendalikan maklumat anda di"},"external-privacy":{"title":"Privasi"},"welcomeBrowser":{"_":"Selamat datang ke {{brandShortName}}, sebuah sistem operasi sumber terbuka dan bebas daripada Mozilla. Misi kami adalah untuk mempromosikan keterbukaan, inovasi dan peluang dengan mengekalkan kuasa Web di tangan anda."},"learnHow":{"_":"Ketahui bagaimana Mozilla mengendalikan maklumat anda di"},"privacyPolicy":{"_":"dasar privasi","title":"Dasar privasi"},"aboutBrowser":{"_":"Perihal {{brandShortName}}"},"aboutYourPrivacy2":{"_":"Privasi Anda"},"mozillaCommunity2":{"_":"Apabila anda menggunakan {{brandShortName}}, anda menjadi sebahagian daripada komuniti global yang membantu untuk membina masa depan Web yang cerah. Jika anda ingin mengetahui lebih lanjut perihal komuniti Mozilla, produk lain kami dan acara berdekatan anda, sila masukkan alamat email anda di bawah."},"collaborate":{"_":"Saya ingin membantu memuatnaik taraf {{brandShortName}} dengan berkongsi data tentang telefon saya."},"learnMore":{"_":"Ketahui lanjut."},"emailAddress":{"placeholder":"Alamat emel"},"email-successfully-added":{"_":"Emel berjaya ditambah"},"email-loading":{"_":"Menyimpan emel anda…"},"browserPrivacyChoices":{"_":"{{brandShortName}} Pilihan Privasi"},"privacy-b2g":{"_":"{{brandShortName}}","title":"{{brandShortName}}"},"privacy-marketplace":{"_":"Marketplace","title":"{{privacy-marketplace}}"},"privacy-e-me":{"_":"everything.me","title":"{{privacy-e-me}}"},"navbar-back":{"_":"Undur"},"navbar-next":{"_":"Maju"},"navbar-join":{"_":"Sertai"},"thatsIt":{"_":"Itu sahaja!"},"startYourPhone":{"_":"Mulakan perjalanan telefon anda!"},"startYourTablet":{"_":"Mulakan perjalanan tablet anda!"},"joinTutorial":{"_":"Sertai kami untuk tutorial ringkas perihal telefon baharu anda."},"enjoyYourPhone":{"_":"Anda sudah sedia menikmati telefon baharu anda."},"optionsAvailable":{"_":"Anda boleh menukar bahasa, tarikh/masa dan sambungan Wi-Fi dalam tetapan."},"letsGo":{"_":"Mari"},"startTour":{"_":"Mulakan perjalanan"},"thatsIt1Tablet-2":{"_":"Anda sentiasa boleh leret daripada hujung bawah untuk memasuki skrin utama."},"thatsIt2Tablet-2":{"_":"Mari lakukannya !"},"tutorial-step1-tiny":{"_":"Leret daripada kanan ke kiti untuk melayari app anda."},"tutorial-step2-tiny":{"_":"Tap dan berpegang pada ikon untuk menghapus atau memindahkannya."},"tutorial-step3-tiny":{"_":"Masukkan sebarang kata kunci atau topik dan telefon anda akan segera menyesuaikannya."},"tutorial-step4-tiny":{"_":"Leret bawah untuk mencapai notis kebelakangan, maklumat kredit dan tetapan."},"tutorial-step5-tiny":{"_":"Tap dan pegang butang utama untuk melayari dan tutup app kebelakangan."},"tutorial-step6-tiny":{"_":"Leret dari sisi skrin untuk memindahkan dan mengembalikan antara app kebelakangan."},"tutorial-step1-large-2":{"_":"Leret bawah untuk mencapai notis kebelakangan, maklumat kredit dan tetapan."},"tutorial-step2-large-2":{"_":"Leret ke kiri atau ke kanan untuk mempelopori aplikasi baru pada laman utama."},"tutorial-step3-large-2":{"_":"Tap dan berpegang pada ikon untuk menghapus atau memindahkannya."},"tutorial-step4-large-2":{"_":"Leret dua jari atas ke hujung bawah untuk memicu pandangan kad."},"offline-dialog-title":{"_":"Anda mesti menyambung kepada Internet untuk melihat laman."},"offline-dialog-text":{"_":"Sila kembali dan sambung ke Internet. Anda boleh juga melihat laman kemudian daripada Tetapan atau memasukkan {{url}} dalam mana-mana pelayar."},"OK":{"_":"OK"},"offline-newsletter-dialog-title":{"_":"Anda mesti menyambung kepada Internet untuk melanggan surat khabar."},"offline-newsletter-dialog-text":{"_":"Sila kembali dan sambung ke Internet."},"invalid-email-dialog-title":{"_":"Alamat email anda tidah sah"},"invalid-email-dialog-text":{"_":"Sila kembali dan betulkan masukan anda."},"weekday-0-long":{"_":"Ahad"},"weekday-1-long":{"_":"Isnin"},"weekday-2-long":{"_":"Selasa"},"weekday-3-long":{"_":"Rabu"},"weekday-4-long":{"_":"Khamis"},"weekday-5-long":{"_":"Jumaat"},"weekday-6-long":{"_":"Sabtu"},"weekday-0-short":{"_":"Ahad"},"weekday-1-short":{"_":"Isnin"},"weekday-2-short":{"_":"Selasa"},"weekday-3-short":{"_":"Rabu"},"weekday-4-short":{"_":"Khamis"},"weekday-5-short":{"_":"Jumaat"},"weekday-6-short":{"_":"Sabtu"},"month-0-long":{"_":"Januari"},"month-1-long":{"_":"Februari"},"month-2-long":{"_":"Mac"},"month-3-long":{"_":"April"},"month-4-long":{"_":"Mei"},"month-5-long":{"_":"Jun"},"month-6-long":{"_":"Julai"},"month-7-long":{"_":"Ogos"},"month-8-long":{"_":"September"},"month-9-long":{"_":"Oktober"},"month-10-long":{"_":"November"},"month-11-long":{"_":"Disember"},"month-0-genitive":{"_":"Januari"},"month-1-genitive":{"_":"Februari"},"month-2-genitive":{"_":"Mac"},"month-3-genitive":{"_":"April"},"month-4-genitive":{"_":"Mei"},"month-5-genitive":{"_":"Jun"},"month-6-genitive":{"_":"Julai"},"month-7-genitive":{"_":"Ogos"},"month-8-genitive":{"_":"September"},"month-9-genitive":{"_":"Oktober"},"month-10-genitive":{"_":"November"},"month-11-genitive":{"_":"Disember"},"month-0-short":{"_":"Jan"},"month-1-short":{"_":"Feb"},"month-2-short":{"_":"Mac"},"month-3-short":{"_":"Apr"},"month-4-short":{"_":"Mei"},"month-5-short":{"_":"Jun"},"month-6-short":{"_":"Jul"},"month-7-short":{"_":"Ogos"},"month-8-short":{"_":"Sep"},"month-9-short":{"_":"Okt"},"month-10-short":{"_":"Nov"},"month-11-short":{"_":"Dis"},"minutes-ago-long":{"_":"{[ plural(value) ]}","_[zero]":"sebentar tadi","_[one]":"satu minit lalu","_[two]":"{{value}} minit lalu","_[few]":"{{value}} minit lalu","_[many]":"{{value}} minit lalu","_[other]":"{{value}} minit lalu"},"hours-ago-long":{"_":"{[ plural(value) ]}","_[zero]":"sebentar tadi","_[one]":"sejam yang lalu","_[two]":"{{value}} jam lalu","_[few]":"{{value}} jam lalu","_[many]":"{{value}} jam lalu","_[other]":"{{value}} jam lalu"},"days-ago-long":{"_":"{[ plural(value) ]}","_[zero]":"hari ini","_[one]":"semalam","_[two]":"{{value}} hari lalu","_[few]":"{{value}} hari lalu","_[many]":"{{value}} hari lalu","_[other]":"{{value}} hari lalu"},"weeks-ago-long":{"_":"{[ plural(value) ]}","_[zero]":"minggu ini","_[one]":"minggu lalu","_[two]":"{{value}} minggu lalu","_[few]":"{{value}} minggu lalu","_[many]":"{{value}} minggu lalu","_[other]":"{{value}} minggu lalu"},"months-ago-long":{"_":"{[ plural(value) ]}","_[zero]":"bulan ini","_[one]":"bulan lalu","_[two]":"{{value}} bulan lalu","_[few]":"{{value}} bulan lalu","_[many]":"{{value}} minit lalu","_[other]":"{{value}} minit lalu"},"years-ago-long":{"_":"{[ plural(value) ]}","_[zero]":"tahun ini","_[one]":"tahun lalu","_[two]":"{{value}} tahun lalu","_[few]":"{{value}} tahun lalu","_[many]":"{{value}} tahun lalu","_[other]":"{{value}} tahun lalu"},"minutes-until-long":{"_":"{[ plural(value) ]}","_[zero]":"sekarang","_[one]":"dalam satu minit","_[two]":"dalam {{value}} minit","_[few]":"dalam {{value}} minit","_[many]":"dalam {{value}} minit","_[other]":"dalam {{value}} minit"},"hours-until-long":{"_":"{[ plural(value) ]}","_[zero]":"sekarang","_[one]":"dalam satu jam","_[two]":"dalam {{value}} jam","_[few]":"dalam {{value}} jam","_[many]":"dalam {{value}} jam","_[other]":"dalam {{value}} jam"},"days-until-long":{"_":"{[ plural(value) ]}","_[zero]":"hari ini","_[one]":"esok","_[two]":"dalam {{value}} hari","_[few]":"dalam {{value}} hari","_[many]":"dalam {{value}} hari","_[other]":"dalam {{value}} hari"},"weeks-until-long":{"_":"{[ plural(value) ]}","_[zero]":"minggu ini","_[one]":"minggu depan","_[two]":"dalam {{value}} minggu","_[few]":"dalam {{value}} minggu","_[many]":"dalam {{value}} minggu","_[other]":"dalam {{value}} minggu"},"months-until-long":{"_":"{[ plural(value) ]}","_[zero]":"bulan ini","_[one]":"bulan depan","_[two]":"dalam {{value}} bulan","_[few]":"dalam {{value}} bulan","_[many]":"dalam {{value}} bulan","_[other]":"dalam {{value}} bulan"},"years-until-long":{"_":"{[ plural(value) ]}","_[zero]":"tahun ini","_[one]":"tahun depan","_[two]":"dalam {{value}} tahun","_[few]":"dalam {{value}} tahun","_[many]":"dalam {{value}} tahun","_[other]":"dalam {{value}} tahun"},"minutes-ago-short":{"_":"{[ plural(value) ]}","_[zero]":"sebentar tadi","_[other]":"{{value}} minit lalu"},"hours-ago-short":{"_":"{[ plural(value) ]}","_[zero]":"sebentar tadi","_[other]":"{{value}} jam lalu"},"days-ago-short":{"_":"{[ plural(value) ]}","_[zero]":"hari ini","_[other]":"{{value}} hari lalu"},"minutes-until-short":{"_":"{[ plural(value) ]}","_[zero]":"sekarang","_[other]":"dalam {{value}} minit"},"hours-until-short":{"_":"{[ plural(value) ]}","_[zero]":"sekarang","_[other]":"dalam {{value}} jam"},"days-until-short":{"_":"{[ plural(value) ]}","_[zero]":"hari ini","_[other]":"dalam {{value}} hari"},"incorrectDate":{"_":"(tarikh tidak betul)"},"dateTimeFormat_%c":{"_":"%a %b %e %Y %I:%M:%S %p"},"dateTimeFormat_%x":{"_":"%m/%d/%Y"},"dateTimeFormat_%X":{"_":"%I:%M:%S %p"},"shortTimeFormat":{"_":"%I:%M %p"},"shortDateTimeFormat":{"_":"%x %I:%M %p"},"weekStartsOnMonday":{"_":"0"},"time_am":{"_":"PG"},"time_pm":{"_":"PTG"},"tz-region":{"_":"Wilayah"},"tz-city":{"_":"Bandar"},"tzRegion-Africa":{"_":"Afrika"},"tzRegion-America":{"_":"Amerika"},"tzRegion-Antarctica":{"_":"Antartika"},"tzRegion-Asia":{"_":"Asia"},"tzRegion-Atlantic":{"_":"Lautan Atlantik"},"tzRegion-Australia":{"_":"Australia"},"tzRegion-Europe":{"_":"Eropah"},"tzRegion-Indian":{"_":"Lautan India"},"tzRegion-Pacific":{"_":"Lautan Pasifik"},"close":{"_":"Tutup"},"import":{"_":"Import"},"fbFriends":{"_":"Kawan Facebook"},"live-serviceName":{"_":"Outlook"},"gmail-serviceName":{"_":"Gmail"},"facebook-serviceName":{"_":"Kawan Facebook"},"viewAll":{"_":"Lihat semua teman Facebook"},"viewRecommend":{"_":"Lihat Hanya Disarankan"},"linkProposal":{"_":"{[ plural(numFriends) ]}","_[zero]":"Tiada teman sepadan. Tunjukkan semua","_[one]":"Pilih hanya yang disarankan","_[two]":"Pilih hanya yang disarankan","_[few]":"Pilih hanya yang disarankan","_[many]":"Pilih hanya yang disarankan","_[other]":"Pilih hanya yang disarankan"},"fbFriendsFound":{"_":"{[ plural(numFriends) ]}","_[zero]":"Semua teman anda telah diimport","_[one]":"Satu teman ditemui untuk diimport","_[two]":"{{numFriends}} teman ditemui untuk diimport","_[few]":"Menemui {{numFriends}} teman untuk diimport","_[many]":"Menemui {{numFriends}} teman untuk diimport","_[other]":"Menemui {{numFriends}} teman untuk diimport"},"done-search":{"_":"Selesai"},"progressFB3ImportTitle":{"_":"Mengimport teman ke Kenalan"},"progressFB":{"_":"{{current}}/{{total}}"},"progressFB3UpdateTitle":{"_":"Mengemaskini teman dalam Kenalan"},"message2":{"_":"Ini mungkin mengambil masa beberapa minit"},"messageLinking":{"_":"Sila tunggu. Kami menghubungkan teman anda dan kenalan anda."},"error1":{"_":"Ralat {{from}}"},"error2":{"_":"Adakah anda ingin mencuba lagi?"},"errorProposal":{"_":"mengira cadangan"},"errorFriends":{"_":"mendapatkan semula teman"},"errorLinking":{"_":"menghubungkan kenalan"},"timeout1":{"_":"Melebihi had masa {{from}}"},"timeout2":{"_":"Adakah anda ingin mencuba sekali lagi?"},"timeoutProposal":{"_":"mengira cadangan"},"timeoutFriends":{"_":"mendapatkan semula teman"},"timeoutLinking":{"_":"menghubungkan kenalan"},"wait1":{"_":"Sila tunggu sebentar"},"wait2":{"_":"Ini mungkin mengambil masa beberapa minit"},"waitProposal":{"_":"Sila tunggu. Kami mengira cadangan."},"waitFriends":{"_":"Sila tunggu. Kami sedang menyambung untuk mendapatkan senarai teman anda."},"curtainCancel":{"_":"Batal"},"curtainRetry":{"_":"Cuba lagi"},"curtainOK":{"_":"OK"},"connectionLost":{"_":"Tiada sambungan Internet"},"connectionLostMsg":{"_":"Foto teman tidak akan ditambah ke kenalan anda. Teruskan juga?"},"yesOption":{"_":"OK"},"noOption":{"_":"Batal"},"friendsUpdated":{"_":"{[ plural(numFriends) ]}","_[zero]":"Tiada teman dikemaskini","_[one]":"Seorang teman dikemanskini","_[two]":"{{numFriends}} teman dikemaskini","_[few]":"{{numFriends}} teman dikemaskini","_[many]":"{{numFriends}} teman dikemaskini","_[other]":"{{numFriends}} teman dikemaskini"},"notificationLogin":{"_":"Sesi Facebook anda tidak sah. Sila log masuk."},"syncError":{"_":"Terdapat kesilapan ketika menyelaraskan data teman anda"},"addToExistingContact":{"_":"Tambah kepada kenalan sedia ada"},"all":{"_":"Semua"},"callLog":{"_":"Log panggilan"},"connecting":{"_":"Menyambungkan"},"cf-async":{"_":"Asynchronous: {{ async }}\n"},"cf-data":{"_":"Data: {{ data }}\n"},"cf-error":{"_":"Ralat berlaku ketika menerima status panggilan teraju "},"cf-fax":{"_":"FAX: {{ fax }}\n"},"cf-inactive":{"_":"Tidak aktif"},"cf-packet":{"_":"Paket: {{ paket }}\n"},"cf-pad":{"_":"PAD: {{ pad }}\n"},"cf-sms":{"_":"SMS: {{ sms }}\n"},"cf-status":{"_":"Status panggilan teraju\n"},"cf-sync":{"_":"Synchronous: {{ sync }}\n"},"cf-voice":{"_":"Suara: {{ voice }}\n"},"confirm-deletion":{"_":"Lapangkan panggilan yang dipilih?"},"createNewContact":{"_":"Cipta kenalan baru"},"delete":{"_":"Hapus"},"edit-selected":{"_":"{[ plural(n) ]}","_[one]":"{{ n }} dipilih","_[two]":"{{ n }} dipilih","_[few]":"{{ n }} dipilih","_[many]":"{{ n }} dipilih","_[other]":"{{ n }} dipilih"},"ignore":{"_":"Abaikan Panggilan"},"incoming":{"_":"Masuk"},"missed":{"_":"Terlepas"},"missedCall":{"_":"Terlepas panggilan"},"missedCallMultiSims":{"_":"(SIM {{ n }}) Panggilan terlepas"},"mmi-error":{"_":"Ralat berlaku semasa menghantar mesej"},"mmi-session-expired":{"_":"Sesi tamat"},"mmi-successfully-sent":{"_":"Mesej berjaya dihantar"},"no-logs-msg-1":{"_":"Tiada panggilan yang direkodkan"},"no-logs-msg-2":{"_":"Mula berkomunikasi sekarang"},"no-logs-msg-3":{"_":"Tiada panggilan tidak dijawab"},"reply":{"_":"Balas"},"switch-calls":{"_":"Tukar panggilan"},"withheld-number":{"_":"Nombor rahsia"},"from-contact":{"_":"Dari {{ contact }}"},"from-number":{"_":"Dari {{ number }}"},"from-withheld-number":{"_":"Dari nombor rahsia"},"sending":{"_":"Menghantar…"},"ussd-services":{"_":"{{ operator }} perkhidmatan"},"type-your-response":{"placeholder":"Taipkan respon anda..."},"clear-all-text":{"_":"Padam semua teks"},"hide":{"_":"Sorok"},"hold":{"_":"Tunggu"},"resume":{"_":"Sambung"},"sendSms":{"_":"Hantar Mesej"},"callEnded":{"_":"Panggilan Ditamatkan"},"via-sim":{"_":"via SIM{{ n }}"},"sim-number":{"_":"SIM{{ n }}"},"hangup-a11y-button":{"aria-label":"Letak Gagang"},"pickup-a11y-button":{"aria-label":"Angkat"},"unlock-a11y-button":{"aria-label":"Gelangsar"},"delete-n-log?":{"_":"{[ plural(n) ]}","_[zero]":"Tiada yang dipilih","_[one]":"Hapus log yang dipilih?","_[two]":"Hapus {{ n }} log?","_[few]":"Hapus {{ n }} log?","_[many]":"Hapus {{ n }} log?","_[other]":"Hapus {{ n }} log?"},"callDurationMinutes":{"_":"{{ m }}:{{ s }}"},"callDurationHours":{"_":"{{ h }}:{{ m }}:{{ s}}"},"suggestionMatches":{"_":"{[ plural(n) ]}","_[one]":"{{ n }} padanan untuk \"{{ matchNumber }}\"","_[two]":"{{ n }} padanan untuk \"{{ matchNumber }}\"","_[few]":"{{ n }} padanan untuk \"{{ matchNumber }}\"","_[many]":"{{ n }} padanan untuk \"{{ matchNumber }}\"","_[other]":"{{ n }} padanan untuk \"{{ matchNumber }}\""},"scCallBarring":{"_":"Menyekat panggilan"},"scCallForwarding":{"_":"Mengajukan panggilan"},"scClip":{"_":"ID Pemanggil Masuk"},"scClir":{"_":"ID Pemanggil Keluar"},"scPwd":{"_":"Tukar kata laluan"},"scCallWaiting":{"_":"Panggilan menunggu"},"scPin":{"_":"Tukar PIN"},"scPin2":{"_":"Tukar PIN2"},"scPuk":{"_":"Nyahsekat PIN"},"scPuk2":{"_":"Nyahsekat PIN2"},"scImei":{"_":"IMEI"},"scUssd":{"_":"USSD"},"serviceClassVoice":{"_":"Suara"},"serviceClassData":{"_":"Data"},"serviceClassFax":{"_":"FAKS"},"serviceClassSms":{"_":"SMS"},"serviceClassDataSync":{"_":"Sync"},"serviceClassDataAsync":{"_":"Async"},"serviceClassPacket":{"_":"Paket"},"serviceClassPad":{"_":"PAD"},"smServiceEnabled":{"_":"Servis telah dibolehkan"},"smServiceDisabled":{"_":"Servis telah dilumpuhkan"},"smServiceRegistered":{"_":"Pendaftaran telah berjaya"},"smServiceErased":{"_":"Pemadaman telah berjaya"},"smServiceInterrogated":{"_":"Permintaan telah berjaya"},"smServiceNotProvisioned":{"_":"Servis tidak diperuntukkan"},"smClirPermanent":{"_":"Anda tidak boleh menukar tetapan ID pemanggil"},"smClirDefaultOnNextCallOn":{"_":"ID pemanggil secara lalainya dihadkan. Panggilan seterusnya: Terhad"},"smClirDefaultOnNextCallOff":{"_":"ID pemanggil secara lalainya dihadkan. Panggilan seterusnya: Tidak terhad"},"smClirDefaultOffNextCallOn":{"_":"ID pemanggil secara lalainya tidak terhad. Panggilan seterusnya: Terhad"},"smClirDefaultOffNextCallOff":{"_":"ID pemanggil secara lalainya tidak terhad. Panggilan seterusnya: Tidak terhad"},"smServiceEnabledFor":{"_":"Servis telah dihidupkan untuk:"},"smPinChanged":{"_":"PIN berjaya diubah"},"smPinUnblocked":{"_":"PIN berjaya dinyahsekat"},"smPin2Changed":{"_":"PIN2 berjaya diubah"},"smPin2Unblocked":{"_":"PIN2 berjaya dinyahsekat"},"emMmiError":{"_":"Masalah sambungan atau kod MMI tidak sah"},"emMmiErrorPasswordIncorrect":{"_":"Katalaluan Salah"},"emMmiErrorNotSupported":{"_":"Kod MMI Tidak Sah atau Tidak Disokong"},"emMmiErrorInvalidAction":{"_":"Tindakan yang tidak sah"},"emMmiErrorInvalidScCode":{"_":"Kod servis tidak sah"},"emMmiErrorBadPuk":{"_":"PUK yang anda taip tidak betul"},"emMmiErrorBadPin":{"_":"PIN lama yang anda taip tidak betul."},"emMmiErrorNeedPuk2":{"_":"Taip PUK2 untuk nyahsekat kad SIM"},"emMmiErrorMismatchPin":{"_":"PIN yang ada taip tidak sepadan"},"emMmiErrorInvalidPin":{"_":"Taip PIN yang terdiri dari 4 ke 8 angka"},"emMmiErrorNeedsPuk":{"_":"Kad SIM anda dikunci dengan PUK"},"emMmiErrorEnablePin":{"_":"Tidak berjaya. Hidupkan SIM/RUIM LOCK"},"emMmiErrorMmiFdn":{"_":"Operasi dihadkan kepada nombor dailan tetap sahaja"},"emMmiErrorStkCcUssdDial":{"_":"Permintaan USSD telah diubahsuai kepada permintaan DIAL"},"emMmiErrorStkCcUssdSs":{"_":"Permintaan USSD telah diubahsuai kepada permintaan SS"},"emMmiErrorStkCcUssdUssd":{"_":"Permintaan USSD telah diubahsuai kepada permintaan USSD baru"},"emMmiErrorStkCcSsDial":{"_":"Permintaan SS telah diubahsuai kepada permintaan DIAL"},"emMmiErrorStkCcSsUssd":{"_":"Permintaan SS telah diubahsuai kepada permintaan USSD"},"emMmiErrorStkCcSsSs":{"_":"Permintaan SS telah diubahsuai kepada permintaan SS baru"},"emMmiErrorPinPukAttempts":{"_":"{[ plural(n) ]}","_[one]":"Hanya {{ n }} cubaan berbaki","_[two]":"{{ n }} cubaan berbaki","_[few]":"{{ n }} cubaan berbaki","_[many]":"{{ n }} cubaan berbaki","_[other]":"{{ n }} cubaan berbaki"},"emMmiErrorSimBlocked":{"_":"Bilangan maksimum cubaan semula telah terlebih. SIM disekat"},"RadioNotAvailable":{"_":"Radio tidak tersedia"},"GenericFailure":{"_":"Kegagalan generik"},"PasswordIncorrect":{"_":"Katalaluan salah"},"SimPin2":{"_":"SIM PIN2"},"SimPuk2":{"_":"SIM PUK2"},"RequestNotSupported":{"_":"Permintaan tidak disokong"},"OpNotAllowedDuringVoiceCall":{"_":"Operasi tidak dibenarkan semasa panggilan suara"},"SmsSendFailRetry":{"_":"Cubaan semula menghantar SMS yang gagal"},"SimAbsent":{"_":"Tiada SIM"},"SubscriptionNotAvailable":{"_":"Langganan tidak tersedia"},"ModeNotSupported":{"_":"Mod tidak disokong"},"FdnCheckFailure":{"_":"Pemeriksaan Fdn gagal"},"IllegalSimOrMe":{"_":"SIM atau ME yang tidak sah"},"DialModifiedToUssd":{"_":"Dial diubahsuai kepada USSD"},"DialModifiedToSs":{"_":"Dial diubahsuai kepada SS"},"DialModifiedToDial":{"_":"Dial diubahsuai kepada dial"},"UssdModifiedToDial":{"_":"USSD diubahsuai kepada dial"},"UssdModifiedToSs":{"_":"USSD diubahsuai kepada SS"},"UssdModifiedToUssd":{"_":"USSD diubahsuai kepada USSD"},"SsModifiedToDial":{"_":"SS diubahsuai kepada dial"},"SsModifiedToUssd":{"_":"SS diubahsuai kepada USSD"},"SsModifiedToSs":{"_":"SS diubahsuai kepada SS"},"SubscriptionNotSupported":{"_":"Langganan tidak disokong"},"InvalidParameter":{"_":"Parameter tidak sah"},"RejectedByRemote":{"_":"Dihalang oleh jauh"},"group-call":{"_":"{[ plural(n) ]}","_[one]":"Panggilan kumpulan ({{ n }})","_[two]":"Panggilan kumpulan ({{ n }})","_[few]":"Panggilan kumpulan ({{ n }})","_[many]":"Panggilan kumpulan ({{ n }})","_[other]":"Panggilan kumpulan ({{ n }})"},"caller-left-call":{"_":"{{ caller }} telah meninggalkan panggilan."},"conferenceAddError":{"_":"Tidak dapat menggabung penggilan"},"conferenceRemoveError":{"_":"Tidak dapat nyahgabung panggilan"},"longDateFormat":{"_":"%A, %B %e"},"select-audio-sources":{"_":"Pilih sumber audio"},"bluetooth-handsfree-device":{"_":"Peranti bebas tangan bluetooth"},"receiver":{"_":"Penerima"},"speaker":{"_":"Speaker"},"sim-picker-dial-via-with-number":{"_":"Dail {{ phoneNumber }} via"},"sim-picker-select-sim":{"_":"Pilih SIM"},"sim-picker-button":{"_":"SIM{{ n }}"},"sim-picker-button-default":{"_":"(default)"},"waitDuplicateContacts":{"_":"Mencari kenalan pendua"},"waitMergingDuplicateContacts":{"_":"Menggabung kenalan pendua"},"alertNoDuplicateContacts":{"_":"Tiada kenalan pendua dijumpai"},"merge":{"_":"Gabung"},"mergeDuplicateTitle":{"_":"Gabung pendua"},"suggestedDuplicateContacts":{"_":"Mencadang kenalan pendua untuk {{name}}"},"mergeActionButtonLabel":{"_":"{[ plural(n) ]}","_[zero]":"Tiada kenalan dipilih","_[one]":"Gabung dengan {{n}} kenalan","_[other]":"Gabung dengan {{n}} kenalan"},"duplicatesFoundTitle":{"_":"Pendua ditemui"},"duplicatesFoundMessage":{"_":"{{name}} maklumat berganda dalam kenalan berikut"}}