{"brandShortName":{"_":"बिटुजि अोएस"},"browserBrandShortName":{"_":"वेब ब्राउजर"},"browserBrandFullName":{"_":"मोजिल्ला वेब ब्राउजर"},"callAirplaneModeMessage":{"_":"कल गर्नको लागि तपाईले सेटिङमा गएर उडान शैली अक्षम पार्नुपर्नेछ।"},"callAirplaneModeBtnOk":{"_":"ठीक छ"},"callAirplaneModeTitle":{"_":"उडान शैली सक्रिय भयो"},"numberIsBusyTitle":{"_":"नम्बर व्यस्त छ"},"numberIsBusyMessage":{"_":"नम्बर अहिले व्यस्त छ । पछि पुन: प्रयास गर्नु होला ।"},"fdnIsEnabledTitle":{"_":"FDN सक्रिय छ"},"fdnIsEnabledMessage":{"_":"तपाईको अधिकारिक सुचीमा नभएको ले यो नम्बर प्रतिबन्धित गरिएको छ ।"},"voiceMail":{"_":"वाच्य इमेल"},"emergencyNumber":{"_":"आपत्कालिन नम्बर"},"emergencyDialogBodyBadNumber":{"_":"कल गर्नको लागि, फोन कुनै सञ्जालसङ्ग जडान हुनुपर्छ।"},"emergencyDialogBodyDeviceNotAccepted":{"_":"आपातकालीन कलहरु गर्न सञ्जालले अनुमति दिएकोछैन।"},"emergencyDialogBtnOk":{"_":"ठीक छ"},"emergencyDialogTitle":{"_":"सञ्जाल जडान छैन"},"invalidNumberToDialTitle":{"_":"अमान्य फोन नम्बर"},"invalidNumberToDialMessage":{"_":"तपाईले कल गरिराख्नु भएको फोन नम्बर मान्य छैन।"},"unableToCallTitle":{"_":"अहिले फोन कल गर्न असक्षम"},"unableToCallMessage":{"_":"फोन कल गर्न मिलेन। यदि तपाईले पाहिला देखि नै डायल गारिराख्नुभाएको छ भने, कृपया पहिला ह्याङ्ग अप गर्नुहोस्।"},"otherConnectionInUseTitle":{"_":"प्रयोगमा भएको अन्य जडान"},"otherConnectionInUseMessage":{"_":"तपाईंको अर्को जडानमा एउटा सक्रिय कल छ । तपाईं एक समयमा मात्र एउटा जडान प्रयोग गर्न सक्नुहुन्छ।"},"add":{"_":"थप्नुहोस्"},"back":{"_":"पछाडि"},"call":{"_":"कल "},"edit":{"_":"सम्पादन गर्नुहोस्"},"cancel":{"_":"रद्द गर्नुहोस्"},"done":{"_":"भयो"},"ok":{"_":"ठीक छ"},"update":{"_":"अद्यावधिक गर्नुहोस्"},"retry":{"_":"पुन:प्रयास गर्नुहोस्"},"contacts":{"_":"सम्पर्कहरू"},"addContact":{"_":"सम्पर्क थप्नुहोस्"},"deleteContact":{"_":"सम्पर्क मेट्नुहोस्"},"selectContact":{"_":"सम्पर्क चयन गर्नुहोस्"},"selectAll":{"_":"सबै चयन गर्नुहोस्"},"deselectAll":{"_":"सबै चयनबाट हटाउनुहोस्"},"editContact":{"_":"सम्पर्क सम्पादन गर्नुहोस्"},"deleteConfirmMsg":{"_":"सम्पर्क मेट्नुहुन्छ?"},"remove":{"_":"हटाउनुहोस्"},"comments":{"_":"टिप्पणीहरू"},"no_contact_phones":{"_":"सम्पर्कको लागि फोन नम्बर छैन।"},"no_contact_email":{"_":"सम्पर्कको लागि ईमेल ठेगाना छैन।"},"removePhotoConfirm":{"_":"सम्पर्क तस्विर हटाउनुहुन्छ?"},"loadingContacts":{"_":"सम्पर्कहरु लोड हुँदैछ..."},"noContactsActivity":{"_":"सम्पर्कमा थप्न सकिएन किनभने तपाईको सम्पर्क सूचि खाली छ"},"noName":{"_":"नाम छैन"},"givenName":{"placeholder":"नाम"},"familyName":{"placeholder":"अन्तिम नाम"},"tel":{"placeholder":"फोन"},"carrier":{"_":"वाहक","placeholder":"वाहक"},"separator":{"_":","},"email":{"_":"इमेल","placeholder":"इमेल"},"streetAddress":{"placeholder":"गल्ली"},"postalCode":{"placeholder":"हुलाकी सङ्केत"},"locality":{"placeholder":"शहर"},"countryName":{"placeholder":"देश"},"comment":{"placeholder":"टिप्पणी"},"org":{"placeholder":"कम्पनी"},"custom":{"placeholder":"अनुकूल","_":"अनुकूल ट्याग"},"date":{"_":"मिति","placeholder":"मिति"},"birthday":{"_":"जन्मदिन"},"dateFormat":{"_":"%B %e"},"dateOutput":{"_":"{{dayMonthFormatted}} {{year}}"},"anniversary":{"_":"वार्षिकोत्सव"},"addPhoto":{"_":"तस्विर थप्नुहोस्"},"addPhone":{"_":"फोन थप्नुहोस्"},"addEmail":{"_":"इमेल थप्नुहोस्"},"addAddress":{"_":"ठेगाना थप्नुहोस्"},"addDate":{"_":"मिति थप्नुहोस्"},"addComment":{"_":"टिप्पणी थप्नुहोस्"},"addFavorite":{"_":"मनपर्नेहरूमा थप्नुहोस्"},"removeFavorite":{"_":"मनपर्नेहरूबाट हटाउनुहोस्"},"label":{"_":"लेबुल"},"mobile":{"_":"मोबाइल"},"home":{"_":"गृह"},"work":{"_":"काम"},"personal":{"_":"व्यक्तिगत"},"faxHome":{"_":"गृह फ्याक्स"},"faxOffice":{"_":"फ्याक्स कार्यालय"},"faxOther":{"_":"फ्याक्स अरु"},"another":{"_":"अर्को"},"other":{"_":"अरु"},"current":{"_":"हालको"},"itemWithLabel":{"_":"{{label}}, {{item}}"},"exit":{"_":"निस्कनुहोस्"},"expand":{"_":"विस्तार गर्नुहोस्"},"labelName":{"_":"नाम:"},"labelLastName":{"_":"अन्तिम नाम:"},"labelPhoneNumber":{"_":"फोन नम्बर:"},"labelCarrier":{"_":"वाहक:"},"labelEmail":{"_":"इमेल:"},"labelStreet":{"_":"गल्ली:"},"labelZip":{"_":"जिप कोड"},"labelCity":{"_":"शहर"},"labelCountry":{"_":"देश:"},"labelComment":{"_":"टिप्पणी:"},"legendTitleMain":{"_":"मुख्य सूचना"},"legendPhones":{"_":"फोन नम्बर"},"legendEmail":{"_":"इमेल ठेगाना"},"legendAddress":{"_":"ठेगाना"},"settings":{"_":"सेटिङहरू"},"search-contact":{"placeholder":"खोजी"},"noResults":{"_":"कुनै पनि सम्पर्क फेला परेन"},"transferContactsTitle":{"_":"स्थानान्तर विवरण"},"importContactsTitle":{"_":"सम्पर्कहरु आयात गर्नुहोस्"},"importContactsButton":{"_":"सम्पर्कहरु आयात गर्नुहोस्"},"exportContactsTitle":{"_":"सम्पर्कहरु निर्यात गर्नुहोस्"},"exportContactsButton":{"_":"सम्पर्कहरु निर्यात गर्नुहोस्"},"exportContactsAction":{"_":"निर्यात गर्नुहोस्"},"simExport-title":{"_":"SIM मा निर्यात गर्नुहोस्"},"sdExport-title":{"_":"SD Card मा निर्यात गर्नुहोस् "},"btExport-title":{"_":"ब्लुटुथमा निर्यात गर्नुहोस्"},"sdUMSEnabled":{"_":"एस् डी कार्डको प्रयोग हुन सक्दैन किनभने यु एस् बी भण्डारण सक्षम भइरहेको छ"},"exportErrorTitle":{"_":"निर्यात त्रुटि"},"contactsExported2":{"_":"{[ plural(exported) ]}","_[zero]":"कुनै सम्पर्क निर्यात भएको छैन","_[one]":"{{निर्यात}}/{{जम्मा}} सम्पर्कहरु आयात गरियो","_[two]":"{{निर्यात}}/{{जम्मा}} सम्पर्कहरु आयात गरियो","_[few]":"{{निर्यात}}/{{जम्मा}} सम्पर्कहरु आयात गरियो","_[many]":"{{निर्यात}}/{{जम्मा}} सम्पर्कहरु आयात गरियो","_[other]":"{{निर्यात}}/{{जम्मा}} सम्पर्कहरु आयात गरियो"},"exportError-general":{"_":"कुनै त्रुटि निर्यात गर्दा भएको छ"},"exportError-SD-shared":{"_":"मेमोरी कार्ड पहुँच हुन सकेन किनभने यो साझेदारी भइरहेको छ"},"exportError-SD-unavailable":{"_":"मेमोरी कार्ड छैन।"},"exportError-SD-noSpace":{"_":"मेमोरी कार्डमा खाली स्थान नरहेकोले सम्पर्क विवरण निर्यात गर्न सकिएन।"},"exportError-SIM-unavailable":{"_":"सिम कार्ड छैन।"},"exportError-BT-shared":{"_":"मेमोरी कार्ड पहुँच हुन सकेन किनभने यो साझेदारी भइरहेको छ"},"exportError-BT-unavailable":{"_":"मेमोरी कार्ड प्रयोगका लागि प्राप्तहुन सकेन।"},"exportError-BT-noSpace":{"_":"मेमोरी कार्डमा खाली स्थान नरहेकोले सम्पर्क विवरण निर्यात गर्न सकिएन।"},"simContacts-import":{"_":"SIMको सम्पर्कहरु आयात गर्नुहोस्"},"simContacts-importing":{"_":"SIMको सम्पर्कहरु आयात गरिँदै छ..."},"simContacts-reading":{"_":"सिम कार्ड बाट पढ्दैछ।"},"simContacts-error":{"_":"सिम बाट सम्पर्क आयात गर्न सकिएन"},"simContacts-imported3":{"_":"{[ plural(n) ]}","_[zero]":"सिममा आयात गर्न कुनै सम्पर्क भेटिएन","_[one]":"एउटा सम्पर्क आयात गरियो","_[two]":"{{n}} सम्पर्क आयात गरियो","_[few]":"{{n}} सम्पर्क आयात गरियो","_[many]":"{{n}} वटा सम्पर्कहरु आयातित:","_[other]":"{{n}} सम्पर्कहरु आयात गरियो"},"noSimMsg":{"_":"सम्पर्कहरु आयात गर्न सिमकार्ड घुसाउनुहोस् वा अनलक गर्नुहोस्"},"noSimMsgExport":{"_":"सम्पर्कहरु आयात गर्न सिमकार्ड घुसाउनुहोस् वा अन्लक् गर्नुहोस्"},"simNumber":{"_":"SIM {{सङ्ख्या}}"},"memoryCardContacts-import":{"_":"एस् डी कार्डबाट सम्पर्कहरु आयात गर्नुहोस्"},"memoryCardContacts-importing":{"_":"एस् डी कार्डबाट सम्पर्कहरु आयात गरिदैछ…"},"memoryCardContacts-reading":{"_":"एस् डी कार्डबाट पढिदैछ…"},"memoryCardContacts-error":{"_":"एस् डी कार्डबाट सम्पर्कहरु आयात गर्न सकिएन"},"memoryCardContacts-imported3":{"_":"{[ plural(n) ]}","_[zero]":"आयात गर्न SD कार्डमा कुनै पनि सम्पर्कहरु भेटिएन","_[one]":"एउटा सम्पर्क आयात गरियो","_[two]":"{{n}} सम्पर्क आयात गरियो","_[few]":"{{n}} सम्पर्कहरु आयात गरियो","_[many]":"{{n}} सम्पर्क आयात गरियो","_[other]":"{{n}} सम्पर्क आयात गरियो"},"noMemoryCardMsg":{"_":"सम्पर्कहरु आयात गर्नका लागि स्मृति कार्ड घुसाउनुहोस्"},"noMemoryCardMsgExport":{"_":"सम्पर्कहरु आयात गर्न एस् डी कार्ड घुसाउनुहोस्"},"genericProgress":{"_":"{{current}}/{{total}}"},"social-network":{"_":"सामाजिक सञ्जालहरु"},"social-link":{"_":"जोड्ने सम्पर्क"},"social-unlink":{"_":"सम्पर्क अनलिङ्क गर्नुहोस्"},"social-unlink-confirm-title":{"_":"के तपाईं आफ्नो साथीलाई अनलिङ्क गर्न चहानुहुन्छ?"},"social-unlink-confirm-accept":{"_":"अनलिङ्क"},"facebook-import":{"_":"फेसबुक साथीहरू आयात गर्नुहोस्"},"show-fb-profile":{"_":"फेसबुक प्रोफाइल देखाउनुहोस्"},"msg-send":{"_":"सन्देश"},"wall-post":{"_":"भिती लेखन"},"facebook":{"_":"फेसबुक"},"facebook-import-msg":{"_":"{[ plural(imported) ]}","_[zero]":"({{total}}बाट) कोहि नि साथीहरु अायात गरिएन","_[one]":"({{total}}बाट) एकजना साथि अायात गरियो","_[two]":"{{imported}}/{{total}} साथीहरु आयात गरियो","_[few]":"{{imported}}/{{total}} साथीहरु आयात गरियो","_[many]":"{{imported}}/{{total}} साथीहरु आयात गरियो","_[other]":"{{imported}}/{{total}} साथीहरु आयात गरियो"},"otherAccount":{"_":"अन्य खाताहरु"},"facebookSwitchMsg":{"_":"साथीहरु समक्रमण गर्नुहोस्"},"select_mobile":{"_":"मोबाइल चयन गर्नुहोस"},"select_email":{"_":"इमेल चयन गर्नुहोस"},"contactsOrderBy":{"_":"अन्तिम नामद्वारा क्रमबद्ध गर्नुहोस्"},"importSim2":{"_":"सिम कार्ड"},"importMemoryCard":{"_":"मेमोरी कार्ड"},"importGmail":{"_":"जिमेल"},"bluetooth":{"_":"ब्लुटुथ"},"importOutlook":{"_":"आउटलूक"},"fbUpdateFriends":{"_":"आयातित: साथीहरु अपडेट गर्नुहोस्"},"cleaningFbData":{"_":"फेसबुक डाटा हटाइँदैछ"},"loggingOutFb":{"_":"फेसबुकबाट बहिर निस्कँदै"},"cleanFbConfirmMsg":{"_":"सबै फेसबुक डाटा हटाउने?"},"renewPwdMsg":{"_":"तपाईँको फेसबुकको पासवर्ड परिवर्तन भएको छ।कृपया अद्यावधिक गर्नुहोस्।"},"noConnection11":{"_":"फेसबुकका साथीहरु वा सम्पर्कहरु आयात गर्न वाइफाई वा डाटा नेटवर्कमा जडित हुनुहोस्"},"notEnabledYet":{"_":"अझै सक्रिय नपारिएको"},"genericNoConnection":{"_":"सम्पर्क विवरण आयात गर्न वाई-फाई वा डाटा सञ्जालमा रहनुहोस्।"},"simCard":{"_":"सिम कार्ड"},"memoryCard":{"_":"मेमोरी कार्ड"},"create-new":{"_":"एउटा नयाँ सम्पर्क सिर्जना गर्नुहोस्"},"import-now":{"_":"SIM कार्ड वा फेसबुक बाट सम्पर्क आयात गार्नुहोस्"},"no-contacts":{"_":"सम्पर्कहरू छैनन्"},"start-adding":{"_":"तीनिहरूलाई थप्न अहिल्यै सुरु गर्नुहोस्"},"notImported":{"_":"आयातित गारिएको छैन"},"imported":{"_":"आयातित"},"today":{"_":"आज"},"yesterday":{"_":"हिजो"},"messageCanceling":{"_":"कृपया पर्खनुहोस्। हामी कार्यवाहक प्रक्रिया रोक्दै छौ।"},"organise-contacts":{"_":"सम्पर्क विवरण मिलाउनुहोस्।"},"find-merge-contacts":{"_":"उस्तै सम्पर्क विवरण खोज्नुहोस्।"},"preparing-contacts":{"_":"सम्पर्क विवरण बनाउने तयारी गर्दै।"},"exportError-SIM-NoFreeRecordFound":{"_":"सिम कार्ड पूर्णरुपले भरिएको छ"},"exportError-SIM-CannotAccessPhoneBook":{"_":"सिम कार्ड फोन पुस्तकमा प्रवेश निषेध"},"exportError-SIM-Unavailable":{"_":"सिम पत्ता लागेन"},"exportError-SIM-GenericError":{"_":"संपर्क निकसी गर्दा त्रुटि देखा परेकोछ "},"pincode2":{"_":"PIN कोड प्रविष्ट गर्नुहोस्"},"type_pin":{"_":"PIN कोड लेख्नुहोस्"},"pincodeLabel":{"_":"SIM {{n}} PIN"},"pinValidation":{"_":"PIN ४ देखि ८ क्यारेक्टरहरूको हुनुपर्छ।"},"pinError":{"_":"PIN गलत थियो।"},"pinAttemptMsg2":{"_":"{[ plural(n) ]}","_[one]":"तपाईंसंग सिम कार्ड बन्द हुनु भन्दा अघी साहि कोड प्रविष्ट गर्न एक कोसिस मात्र बाकी छ।","_[two]":"तपाईंसंग सिम कार्ड बन्द हुनु भन्दा अघी साहि कोड प्रविष्ट गर्न {{n}} कोसिस बाकी छन्।","_[few]":"तपाईंसंग सिम कार्ड बन्द हुनु भन्दा अघी साहि कोड प्रविष्ट गर्न {{n}} कोसिस बाकी छन्।","_[many]":"तपाईंसंग सिम कार्ड बन्द हुनु भन्दा अघी साहि कोड प्रविष्ट गर्न {{n}} कोसिस बाकी छन्।","_[other]":"तपाईंसंग सिम कार्ड बन्द हुनु भन्दा अघी साहि कोड प्रविष्ट गर्न {{n}} कोसिस बाकी छन्।"},"pinLastChanceMsg":{"_":"ठिक PIN प्रविष्ट गर्ने तपाईको यो अन्तिम मौका हो।नत्र यो SIM कार्ड प्रयोग गर्न तपाईले PUK कोड प्रविष्ट गर्नुपर्नेछ।"},"pukcode":{"_":"PUK कोड प्रविष्ट गर्नुहोस्"},"pukcodeTitle":{"_":"SIM {{n}} PUK प्रविष्ट गर्नुहोस्"},"pukcodeLabel":{"_":"SIM {{n}} PUK"},"type_puk":{"_":"PUK कोड"},"pukValidation":{"_":"PUK कोडमा ठ्याक्क ८वटा क्यारेक्टरहरु हुनुपर्छ।"},"pukInfo":{"_":"सिम कार्डका लागि तपाईले व्यक्तिगत खोल्ने चाबीको (PUK) कोड प्रविष्ट गर्नुपर्नेछ। थप जानकारीका लागि तपाईको सिम कार्ड कागजत हेर्नुहोस् अथवा सिम वाहकसंग सम्पर्क राख्नुहोस्।"},"pukError":{"_":"PUK गलत भयो।"},"pukAttemptMsg2":{"_":"{[ plural(n) ]}","_[one]":"तपाईंसंग सिम कार्ड सधैका लागि चलाउन नमिल्ने हुन भन्दा अघी साहि कोड प्रविष्ट गर्न एक कोसिस बांकी छ।थप जानकारिका लागि सिम कार्ड कागजत वा तपाईको वाहकसंग सम्पर्क राख्नुहोस्।","_[two]":"तपाईंसंग सिम कार्ड सधैका लागि चलाउन नमिल्ने हुन भन्दा अघी साहि कोड प्रविष्ट गर्न {{n}} कोसिस बांकी छन्।थप जानकारिका लागि सिम कार्ड कागजत वा तपाईको वाहकसंग सम्पर्क राख्नुहोस्।","_[few]":"तपाईंसंग सिम कार्ड सधैका लागि चलाउन नमिल्ने हुन भन्दा अघी साहि कोड प्रविष्ट गर्न {{n}} कोसिस बांकी छन्।थप जानकारिका लागि सिम कार्ड कागजत वा तपाईको वाहकसंग सम्पर्क राख्नुहोस्।","_[many]":"यस सिम कार्ड सधैका लागि नचल्नु अघि तपाईसंग ठिक कोड प्रविष्ट गर्न {{n}} कोसिस बाँकी छन्। थप जानकारीका लागि तपाईको सिम कार्ड कागजात हेर्नुहोस् अथवा तपाईको वाहकसंग सम्पर्क राख्नुहोस्।","_[other]":"यस सिम कार्ड सधैका लागि नचल्नु अघि तपाईसंग ठिक कोड प्रविष्ट गर्न {{n}} कोसिस बाँकी छन्। थप जानकारीका लागि तपाईको सिम कार्ड कागजात हेर्नुहोस् अथवा तपाईको वाहकसंग सम्पर्क राख्नुहोस्।"},"pukLastChanceMsg":{"_":"साहि PUK कोड प्रविष्ट गर्न तपाईको यस अन्तिम मैका हो। गलत PUK कोड प्रविष्ट गरेमा तपाईको सिम कार्ड सधैका लागि चलाउन मल्दैन।"},"create_newpin":{"_":"नँया PIN सृजना गर्नुहोस्(४ देखि ८ अङ्क)"},"confirm_newpin":{"_":"नँया PIN पुष्टि गर्नुहोस्"},"newpinConfirmation":{"_":"PINहरु मिलेकोछैन"},"nckcode":{"_":"NCK कोड प्रविष्ट गर्नुहोस्"},"cckcode":{"_":"CCK कोड प्रविष्ट गर्नुहोस्"},"spckcode":{"_":"SPCK कोड प्रविष्ट गर्नुहोस्"},"nckcodeTitle":{"_":"SIM {{n}} NCK प्रविष्ट गर्नुहोस्"},"cckcodeTitle":{"_":"सिम को {{n}} CCK प्रविष्ट गर्नुहोस्"},"spckcodeTitle":{"_":"सिम को {{n}} SPCK प्रविष्ट गर्नुहोस्"},"nckcodeLabel":{"_":"सिम को {{n}} NCK"},"cckcodeLabel":{"_":"सिम को {{n}} CCK"},"spckcodeLabel":{"_":"SIM {{n}} SPCK"},"type_nck":{"_":"तपाईको NCK कोड लेख्नुहोस्"},"type_cck":{"_":"तपाईको CCK कोड लेख्नुहोस्"},"type_spck":{"_":"तपाईको SPCK कोड लेख्नुहोस्"},"nckValidation":{"_":"NCKमा ८ देखि१६ क्यारेक्टरहरू हुनुपर्छ।"},"cckValidation":{"_":"CCK अनिवार्य ८ देखि १६ क्यारेक्टरहरूको हुनुपर्छ।"},"spckValidation":{"_":"SPCK अनिवार्य ८ देखि १६ क्यारेक्टरहरूको हुनुपर्छ।"},"nckErrorMsg":{"_":"NCK कोड गलत छ।"},"nckAttemptMsg2":{"_":"{[ plural(n) ]}","_[one]":"सञ्जाल निजीकरण नगर्ने अनुरोध असफल। तपाईँसँग ठिक कोड प्रविष्ट गर्न एउटा कोसिस बाँकी छ। थप जानकारीका लागि आफ्नो यन्त्रको कागजत हेर्नुहोस् वा तपाईँको यन्त्र वाहकसँग सम्पर्क राख्नुहोस्।","_[two]":"सञ्जाल निजीकरण नगर्ने अनुरोध असफल। तपाईँसँग ठिक कोड प्रविष्ट गर्न {{n}} कोसिसहरु बाँकी छन्। थप जानकारीका लागि आफ्नो यन्त्रको कागजत हेर्नुहोस् वा तपाईँको यन्त्र वाहकसँग सम्पर्क राख्नुहोस्।","_[few]":"सञ्जाल निजीकरण नगर्ने अनुरोध असफल। तपाईँसँग ठिक कोड प्रविष्ट गर्न {{n}} कोसिसहरु बाँकी छन्। थप जानकारीका लागि आफ्नो यन्त्रको कागजत हेर्नुहोस् वा तपाईँको यन्त्र वाहकसँग सम्पर्क राख्नुहोस्।","_[many]":"सञ्जाल निजीकरण नगर्ने अनुरोध असफल। तपाईँसँग ठिक कोड प्रविष्ट गर्न {{n}} कोसिसहरु बाँकी छन्। थप जानकारीका लागि आफ्नो यन्त्रको कागजत हेर्नुहोस् वा तपाईँको यन्त्र वाहकसँग सम्पर्क राख्नुहोस्।","_[other]":"सञ्जाल निजीकरण नगर्ने अनुरोध असफल। तपाईँसँग ठिक कोड प्रविष्ट गर्न {{n}} कोसिसहरु बाँकी छन्। थप जानकारीका लागि आफ्नो यन्त्रको कागजत हेर्नुहोस् वा तपाईँको यन्त्र वाहकसँग सम्पर्क राख्नुहोस्।"},"nckLastChanceMsg":{"_":"सञ्जाल निजीकरण नगर्ने अनुरोध असफल। ठिक NCK कोड प्रविष्ट गर्न अन्तिम मौका। थप जानकारीका लागि आफ्नो यन्त्रको कागजत हेर्नुहोस् वा तपाईँको यन्त्र वाहकसँग सम्पर्क राख्नुहोस्।"},"skip":{"_":"छोड्नुहोस्"},"send":{"_":"पठाउनुहोस्"},"simLocked":{"_":"सिम कार्ड ताल्चा लगाइएको छ"},"inputCodeRetriesLeft":{"_":"{[ plural(n) ]}","_[one]":"अन्तिम प्रयास।","_[two]":"{{n}} प्रयासहरु बाँकी।","_[few]":"{{n}} प्रयासहरु बाँकी।","_[many]":"{{n}} प्रयासहरु बाँकी।","_[other]":"{{n}} प्रयासहरु बाँकी।"},"simManager":{"_":"सिम व्यवस्थापक"},"simDetail":{"_":"SIM {{n}}"},"simDefault":{"_":"(अभाव)"},"simDefaultMessage":{"_":"बहिर्गमन कल, निवर्तमान सन्देश र डेटा जडान पूर्वनिर्धारित रूपमा SIM १ मा सेट छ"},"simSettingsMessage":{"_":"तपाईँ > सिम प्रबन्धक मा पूर्वनिर्धारित सेटिङ परिवर्तन गर्न सक्नुहुन्छ"},"simPinLocked":{"_":"सिम को पिन बन्द गरिएकोछ"},"noOperator":{"_":"सञ्चालक छैन"},"language":{"_":"भाषा"},"english":{"_":"अंग्रेजी"},"dvorak":{"_":"अंग्रेजी (देव्रोक)"},"spanish":{"_":"स्पेनी"},"portuguese":{"_":"पोर्तुगाली ब्राजिलीयन"},"french":{"_":"फ्रान्सेली"},"italian":{"_":"इटालीयन"},"arabic":{"_":"अरेबिक"},"greek":{"_":"ग्रीक"},"hebrew":{"_":"हिब्रु"},"jp-kanji":{"_":"जापानी"},"jp-kanji-desc":{"_":"कान्जी"},"traditionalChinese":{"_":"परमपरागत चिनियाँ"},"traditionalChinese-desc":{"_":"हुइन"},"simplifiedChinese":{"_":"सरलीकृत चिनियाँ"},"simplifiedChinese-desc":{"_":"पिनयिन"},"3g":{"_":"सेलुलर डाटा"},"dataConnection":{"_":"डाटा सक्षम पार्नुहोस्"},"dataConnectionInfo":{"_":"अहिले डाटा जडान सक्षम गरेमा तपाईले आफ्नो फोन वाई-फाई बिना जडान गर्न सक्नुहुन्छ | तपाईले यसलाई पछि पनि सेटिङहरूमा गएर सक्षम गर्न सक्नुहुन्छ, मात्र तपाईले आफ्नो डाटा वाहकसँग डाटा प्लान भएको निर्धारण गर्नुहोस् ताकी पछि संभावित ठूलो रकम तिर्नुपर्दैन|"},"caution":{"_":"चेतावनी"},"geolocation":{"_":"भू-स्थान"},"geolocationCheckbox":{"_":"भू-स्थान सक्षम पार्नुहोस्"},"geolocationInfo2":{"_":"फायरफक्स OSले तपाईंको नजिक भएका GPS, वाई-फाई, र मोबाइल सञ्जालहरुको डाटा प्रयोग गरी तपाईंको स्थान पत्ता लगाउन मद्दत गर्दछ।"},"geolocationInfoMore":{"_":"डाटा मोजिल्ला र अन्य सेवा प्रदायकहरुलाई पठाएको छ र त्यस स्थान डाटाबेसमा सुधार गर्नको लागि समग्र रुपमा उपयोग गरिनेछ।  डाटा आफनो यन्त्रमा भण्डारण गर्न सकिनेछ र अरु कुनै एपहरु नचलिरहेको अवस्थामा पनि डाटा सङ्कलन हुन सक्छ।"},"notice":{"_":"सूचना"},"aboutYourPrivacy":{"_":"तपाईँको गोपनीयताका बारे थप"},"wifi":{"_":"वाई-फाई"},"scanningNetworks":{"_":"सञ्जालको लागि स्क्यान गर्दै"},"selectNetwork":{"_":"एउटा सञ्जाल चयन गर्नुहोस्"},"shortStatus-connecting":{"_":"जडान हुँदैछ"},"shortStatus-associated":{"_":"एक IP ठेगाना पाउदै ..."},"shortStatus-connected":{"_":"जडान गरियो"},"shortStatus-connectingfailed":{"_":"जडान असफल भयो"},"shortStatus-disconnected":{"_":"अफलाइन"},"securedBy":{"_":"सुरछित {{capabilities}} छ"},"security":{"_":"सुरक्षा"},"securityNone":{"_":"कुनै पनि होइन"},"securityWEP":{"_":"डब्लु इ पी"},"securityWPA-PSK":{"_":"डब्लु पी ए-पी एस् के"},"securityWPA-EAP":{"_":"डब्लु पी ए-इ ए पी"},"securityOpen":{"_":"खुल्ला"},"identity":{"_":"प्रयोगकर्ता"},"identityInput":{"placeholder":"प्रयोगकर्ता"},"password":{"_":"पासवर्ड"},"passwordInput":{"placeholder":"पासवर्ड"},"showPassword":{"_":"पासवर्ड देखाउनुहोस्"},"refresh":{"_":"ताजा पार्नुहोस्"},"noWifiFound3":{"_":"कुनै पनि बेतारका संजाल भेटिएन"},"join-hidden-button":{"_":"लुकिएका संजाल संग संलग्न हुनुहोस्"},"authentication":{"_":"प्रमाणीकरण"},"ssid-name":{"_":"एस् एस् आइ डी सञ्जाल नाम"},"dateAndTime":{"_":"मिति र समय"},"setTimeAutomatically":{"_":"स्वचालित रूपमा सेट"},"timezoneMessage":{"_":"समय क्षेत्र"},"timezoneTitle":{"_":"यू टि सि{{utcOffset}} {{region}}/{{city}}"},"dateMessage":{"_":"मिति"},"timeMessage":{"_":"समय"},"timeZone":{"_":"समय क्षेत्र"},"change":{"_":"परिवर्तन"},"importContacts3":{"_":"SIM सम्पर्क आयात गर्नुहोस्"},"importFb2":{"_":"फेसबुक"},"fb-checking":{"_":"...जाँच गर्दै"},"notImportedYet":{"_":"अझ सम्म आयात गरिएको छैन ।"},"afterFbImport":{"_":"तपाईले कुनै पनि समय सम्पर्क सेटिङमा फेसबुकका साथीहरुलाई आयात र सम्पादन गर्नसक्नुहुन्छ"},"about-your-rights-0":{"_":"{{brandShortName}} संसार भरीका हजारौ समुदाय मिलि बनाएको नि:शुल्क र ओपन सोर्स सफ्टवेर हो। यहा तपाईले केही जान्नु पर्ने कुराहरु छन्:"},"about-your-rights-1":{"_":"मोजिल्ला सार्वजनिक इजाजपत्र सम्मिलित गर्दै कयौँ खुला स्रोत इजाजपत्रहरुको सर्तहरूको तहत तपाईँलाई {{brandShortName}} उपलब्ध पारिएको छ।{{brandShortName}} चलाइरहेको यन्त्रमा तेस्रो पार्टीको मालिकाना सफ्टवेर हुन सक्छ। तपाईँले खुला इजाजपत्रहरु अन्तरगत प्रदान गरिएको कुनै पनि कोडले तपाईँलाई स्रोत कोड परिमार्जन गर्ने अधिकार र तपाईँको परिमार्जन गरिएको भर्सनहरु बाँड्न दिनेछ जबसम्म तपाईँले तिनीहरुको सर्तहरु पालना गर्नुहुन्छ।"},"about-your-rights-2":{"_":"तपाईँलाई मोजिल्ला संस्था वा अरु कुनै पार्टीको कुनै व्यापारचिन्ह अधिकार वा इजाजतपत्रहरु, साथै कुनै सीमा बिना {{brandShortName}} नाम वा लोगो दिएको छैन।"},"about-your-rights-3":{"_":"केहि {{brandShortName}} मा सुविधाहरु जस्तै क्र्यास रिपोर्टरले मोजिल्लालाई पृष्ठपोषण पठाउने विकल्प तपाईलाई दिन्छन्। पृष्ठपोषण निवेदन छानेर, तपाईले मोजिल्लालाई पृष्ठपोषण प्रयोग गरेर उत्पादन सुधार्ने, वेबसाइटमा पृष्ठपोषण प्रकाशन गर्ने र पृष्ठपोषण वितरण गर्ने अनुमति दिनसक्नुहुन्छ ।"},"about-other":{"_":"अरु"},"SIM_mandatory":{"_":"सिम कार्ड चेतावनी"},"SIM_mandatory_warm":{"_":"कृपया सिम कार्ड घुसाउनुहोस् र आफ्नो फोन फेरि बुट गर्नुहोस्"},"sharing-performance-data":{"_":"शेयरिंग प्रदर्शन डाटा"},"telemetry-sends":{"_":"टेलीमेट्रीले मोजिल्लालाई तपाईको {{brandShortName}} यन्त्रमा व्यवहार, हार्डवेयर, कन्फिगुरेसन् र अनुकूलका डाटा पठाउँछ | हामी यस डाटालाई हाम्रो उत्पादनहरु राम्रो, छिटो, र अझ छरितो बनाउन प्रयोग गर्छौ |"},"learn-more-at":{"_":"थप जानकारीको लागी"},"external-telemetry":{"title":"Telemetry"},"learn-about-information":{"_":"मोजिल्लाले तपाईको सूचनाहरु कसरी समाल्छ सिक्नुहोस्"},"external-privacy":{"title":"गोपनीयता"},"welcomeBrowser":{"_":"{{brandShortName}}, मोजिल्लाले बनाएको स्वतन्त्र तथा खुला स्रोत अपरेटिङ्ग सिस्टममा तपाईको स्वागत छ। हाम्रो लक्ष भनेको वेबको शक्तिलाई तपाईको हातमा राखेर खुलापन, नवविचार र अवसरलाई बढावा दिने हो।"},"learnHow":{"_":"हामीले तपाईको सूचनाहरु मोजिल्लामा कसरी समालछौ सिक्नुहोस्"},"privacyPolicy":{"_":"गोपनीयता निति ","title":"गोपनीयता निति"},"aboutBrowser":{"_":"{{brandShortName}} बारे"},"aboutYourPrivacy2":{"_":"तपाईँको गोपनीयता"},"mozillaCommunity2":{"_":"जब तपाई {{brandShortName}}को प्रयोग गर्नुहुन्छ, तपाई एक सार्वभौम समुदायको हिस्सा बन्नुहुन्छ, जसले वेबको उज्ज्वल भविष्यका बनाउनका लागि सहयोग गर्दैछ। यदि तपाई मोजिल्ला समुदाय, हाम्रो अन्य उत्पादन र कार्यक्रमहरुका बारेमा अझै जान्न चाहनुहुन्छ भने कृपया तपाईको इमेल ठेगाना तल प्रविष्ट गर्नुहोस्।"},"collaborate":{"_":"म आफ्नो फोनको डाटा बाडेर {{brandShortName}}लाई सुधार्नका लागि सहयोग पूराउन चाहान्छु |"},"learnMore":{"_":"धेरै सिक्नुहोस्।"},"emailAddress":{"placeholder":"इमेल ठेगाना"},"email-successfully-added":{"_":"इमेल सफलतापूर्वक थपियो"},"email-loading":{"_":"तपाईको इमेल सेभ हुँदैछ..."},"browserPrivacyChoices":{"_":"{{brandShortName}} गोपनियेता छनोटहरू"},"privacy-b2g":{"_":"{{brandShortName}}","title":"{{brandShortName}}"},"privacy-marketplace":{"_":"मार्केटप्लेस","title":"{{privacy-marketplace}}"},"privacy-e-me":{"_":"everything.me","title":"{{privacy-e-me}}"},"navbar-back":{"_":"पछाडि"},"navbar-next":{"_":"अर्को"},"navbar-join":{"_":"जोड्नुहोस्"},"thatsIt":{"_":"यहि हो!"},"startYourPhone":{"_":"तपाईंको फोन यात्रा सुरु गर्नुहोस्!"},"startYourTablet":{"_":"तपाईंको ट्याब्लेटको यात्रा सुरु गर्नुहोस्!"},"joinTutorial":{"_":"तपाईंको नयाँ फोन चलाउने प्रक्रिया बारेमा बुझ्न हामीसँग शामिल हुनुहोस्।"},"enjoyYourPhone":{"_":"तपाईंँ आफ्नो नयाँ फोनको मनोरञ्जन लिन तयार हुनुभयो।"},"optionsAvailable":{"_":"तपाईंले भाषा, मिति/समय र वाइ-फाइ जडान सेटिङ्हरूमा परिवर्तन गर्नसक्नुहुन्छ।"},"letsGo":{"_":"ल जाऊँ"},"startTour":{"_":"भ्रमण सुरु गर्नुहोस्"},"thatsIt1Tablet-2":{"_":"तपाईं सधैं घर पर्दा प्रवेश गर्न तल किनाराबाट स्वाइप गर्न।"},"thatsIt2Tablet-2":{"_":"हामी गरौ"},"tutorial-step1-tiny":{"_":"तपाईको एपहरु ब्राउज गर्न दाँया देखि बाँया स्वाइप गर्नुहोस्।"},"tutorial-step2-tiny":{"_":"मेट्न र ठाउँ सार्नको लागि प्रतिमा थिच्नु र समातिराख्नुहोस्|"},"tutorial-step3-tiny":{"_":"कुनै पनि शब्दकुञ्जी वा विषय लेख्नुहोस् र तपाईंको फोनले तुरुन्तै त्यसलाई अनुकूल गर्दछ।"},"tutorial-step4-tiny":{"_":"हालसालका सूचनाहरू, श्रेयका सूचना र सेटिङहरू पाउन तल सार्नुहोस् |"},"tutorial-step5-tiny":{"_":"हालको अनुप्रयोगहरु ब्राउज तथा बन्द गर्न गृह बटन थिचिरहनुहोस् ।"},"tutorial-step6-tiny":{"_":"नयाँ अनुप्रयोगहरू बीच अगाडी र पछि सार्न पर्दा को तर्फ देखि स्वाइप।"},"tutorial-step1-large-2":{"_":"हालसालका सूचनाहरू, श्रेयका सूचना र सेटिङहरूको पहुँचका लागि छोएर तल सार्नुहोस् |"},"tutorial-step2-large-2":{"_":"गृह पर्दामा नँया अनुप्रयोग पत्तालगाउनु परेमा दाँया अथवा बाँया छोएर सार्नुहोस् ।"},"tutorial-step3-large-2":{"_":"मेट्न वा ठाउँ सार्नको लागि प्रतिमा थिचिराख्नुहोस्|"},"tutorial-step4-large-2":{"_":"दुई औंलाहरु कार्ड दृष्टिकोण ट्रिगर लागि तल बढत देखि स्वाइप गर्नुहोस्"},"offline-dialog-title":{"_":"यो पृष्ठ हेर्नका लागि तपाईको फोन इन्टरनेटमा जडान हुनुपर्छ |"},"offline-dialog-text":{"_":"कृपया पछाडि गएर इन्टरनेट जडान गर्नुहोला | तपाईले यस पृष्ठ पछि पनि सेटिङमा गएर अथवा कुनै पनि ब्राउजरमा {{url}} प्रविष्ट गरेर हेर्न सक्नुहुन्छ |"},"OK":{"_":"ठीक छ"},"offline-newsletter-dialog-title":{"_":"समाचारपत्रको ग्राहाक बन्नका लागि तपाई इन्टरनेटसंग जडान हुनुपर्छ |"},"offline-newsletter-dialog-text":{"_":"कृपया पछाडि जानुहोस् र इन्टरनेटमा जडान गर्नुहोस्।"},"invalid-email-dialog-title":{"_":"तपाईको इमेल अवैध छ"},"invalid-email-dialog-text":{"_":"कृपया पछाडि गएर तपाईको गलती सच्चाउनुहोस् |"},"weekday-0-long":{"_":"आइतबार"},"weekday-1-long":{"_":"सोमबार"},"weekday-2-long":{"_":"मंगलबार"},"weekday-3-long":{"_":"बुधबार"},"weekday-4-long":{"_":"बिहिबार"},"weekday-5-long":{"_":"शुक्रबार"},"weekday-6-long":{"_":"शनिबार"},"weekday-0-short":{"_":"आइत"},"weekday-1-short":{"_":"सोम"},"weekday-2-short":{"_":"मङ्गल"},"weekday-3-short":{"_":"बुध"},"weekday-4-short":{"_":"बिहि"},"weekday-5-short":{"_":"शुक्र"},"weekday-6-short":{"_":"शनि"},"month-0-long":{"_":"जनवरी"},"month-1-long":{"_":"फेब्रुअरी"},"month-2-long":{"_":"ंमार्च"},"month-3-long":{"_":"अप्रिल"},"month-4-long":{"_":"मे"},"month-5-long":{"_":"जुन"},"month-6-long":{"_":"जुलाई"},"month-7-long":{"_":"अगस्ट"},"month-8-long":{"_":"सेप्टेम्बर"},"month-9-long":{"_":"अक्टोबर"},"month-10-long":{"_":"नोभेम्बर"},"month-11-long":{"_":"डिसेम्बर"},"month-0-genitive":{"_":"जनवरी"},"month-1-genitive":{"_":"फेब्रुअरी"},"month-2-genitive":{"_":"ंमार्च"},"month-3-genitive":{"_":"अप्रिल"},"month-4-genitive":{"_":"मे"},"month-5-genitive":{"_":"जुन"},"month-6-genitive":{"_":"जुलाई"},"month-7-genitive":{"_":"अगस्ट"},"month-8-genitive":{"_":"सेप्टेम्बर"},"month-9-genitive":{"_":"अक्टोबर"},"month-10-genitive":{"_":"नोभेम्बर"},"month-11-genitive":{"_":"डिसेम्बर"},"month-0-short":{"_":"जन"},"month-1-short":{"_":"फेब"},"month-2-short":{"_":"मार्च"},"month-3-short":{"_":"अप्रिल"},"month-4-short":{"_":"मे"},"month-5-short":{"_":"जुन"},"month-6-short":{"_":"जुलाई"},"month-7-short":{"_":"अगस्ट"},"month-8-short":{"_":"सेप्टेम्वर"},"month-9-short":{"_":"अक्टुवर"},"month-10-short":{"_":"नोभेम्वर"},"month-11-short":{"_":"डिसेम्वर"},"minutes-ago-long":{"_":"{[ plural(value) ]}","_[zero]":"भर्खरै","_[one]":"एक मिनेट अगाडि","_[two]":"{{value}} मिनेट अगाडि","_[few]":"{{value}} मिनेट अगाडि","_[many]":"{{value}} मिनेट अगाडि","_[other]":"{{value}} मिनेट अगाडि"},"hours-ago-long":{"_":"{[ plural(value) ]}","_[zero]":"भर्खरै","_[one]":"एक घन्टा अगाडि","_[two]":"{{value}} घण्टा अगाडि","_[few]":"{{value}} घण्टा अगाडि","_[many]":"{{value}} घण्टा अगाडि","_[other]":"{{value}} घण्टा अगाडि"},"days-ago-long":{"_":"{[ plural(value) ]}","_[zero]":"आज","_[one]":"हिजो","_[two]":"{{value}} दिन अगाडि","_[few]":"{{value}} दिन अगाडि","_[many]":"{{value}} दिन अगाडि","_[other]":"{{value}} दिन अगाडि"},"weeks-ago-long":{"_":"{[ plural(value) ]}","_[zero]":"यो हप्ता","_[one]":"गएको हप्ता","_[two]":"{{value}} हप्ता अगाडि","_[few]":"{{value}} हप्ता अगाडि","_[many]":"{{value}} हप्ता अगाडि","_[other]":"{{value}} हप्ता अगाडि"},"months-ago-long":{"_":"{[ plural(value) ]}","_[zero]":"यो महिना","_[one]":"गएको महिना","_[two]":"{{value}} महिना अगाडि","_[few]":"{{value}} महिना अगाडि","_[many]":"{{value}} महिना अगाडि","_[other]":"{{value}} महिना अगाडि"},"years-ago-long":{"_":"{[ plural(value) ]}","_[zero]":"यो वर्ष","_[one]":"अघिल्लो वर्ष","_[two]":"{{value}} वर्ष अगाडि","_[few]":"{{value}} वर्ष अगाडि","_[many]":"{{value}} वर्ष अगाडि","_[other]":"{{value}} वर्ष अगाडि"},"minutes-until-long":{"_":"{[ plural(value) ]}","_[zero]":"अहिले","_[one]":"एक मिनेटमा","_[two]":"{{value}} मिनेटमा","_[few]":"{{value}} मिनेटमा","_[many]":"{{value}} मिनेटमा","_[other]":"{{value}} मिनेटमा"},"hours-until-long":{"_":"{[ plural(value) ]}","_[zero]":"अहिले","_[one]":"एक घण्टामा","_[two]":"{{value}} घण्टामा","_[few]":"{{value}} घण्टामा","_[many]":"{{value}} घण्टामा","_[other]":"{{value}} घण्टामा"},"days-until-long":{"_":"{[ plural(value) ]}","_[zero]":"आज","_[one]":"भोलि","_[two]":"{{value}} दिनमा","_[few]":"{{value}} दिनमा","_[many]":"{{value}} दिनमा","_[other]":"{{value}} दिनमा"},"weeks-until-long":{"_":"{[ plural(value) ]}","_[zero]":"यो हप्ता","_[one]":"पछिल्लो हप्ता","_[two]":"{{value}} हप्तामा","_[few]":"{{value}} हप्तामा","_[many]":"{{value}} हप्तामा","_[other]":"{{value}} हप्तामा"},"months-until-long":{"_":"{[ plural(value) ]}","_[zero]":"यस महिना","_[one]":"पछिल्लो महिना","_[two]":"{{value}} महिनामा","_[few]":"{{value}} महिनामा","_[many]":"{{value}} महिनामा","_[other]":"{{value}} महिनामा"},"years-until-long":{"_":"{[ plural(value) ]}","_[zero]":"यस बर्ष","_[one]":"आर्को बर्ष","_[two]":"{{value}} बर्षमा","_[few]":"{{value}} बर्षमा","_[many]":"{{value}} वर्षमा","_[other]":"{{value}} वर्षमा"},"minutes-ago-short":{"_":"{[ plural(value) ]}","_[zero]":"भर्खरै","_[other]":"{{value}}मिनेट अघि"},"hours-ago-short":{"_":"{[ plural(value) ]}","_[zero]":"भर्खरै","_[other]":"{{value}}घण्टा अघि"},"days-ago-short":{"_":"{[ plural(value) ]}","_[zero]":"आज","_[other]":"{{value}}दिन अघि"},"minutes-until-short":{"_":"{[ plural(value) ]}","_[zero]":"अहिले","_[other]":"{{value}}मिनेटमा"},"hours-until-short":{"_":"{[ plural(value) ]}","_[zero]":"अहिले","_[other]":"{{value}}घण्टामा"},"days-until-short":{"_":"{[ plural(value) ]}","_[zero]":"आज","_[other]":"{{value}}दिनमा"},"incorrectDate":{"_":"(गलत मिति)"},"dateTimeFormat_%c":{"_":"%a %b %e %Y %I:%M:%S %p"},"dateTimeFormat_%x":{"_":"%m/%d/%Y"},"dateTimeFormat_%X":{"_":"%I:%M:%S %p"},"shortTimeFormat":{"_":"%I:%M %p"},"shortDateTimeFormat":{"_":"%x %I:%M %p"},"weekStartsOnMonday":{"_":"0"},"time_am":{"_":"ए एम"},"time_pm":{"_":"पी एम"},"tz-region":{"_":"क्षेत्र"},"tz-city":{"_":"शहर"},"tzRegion-Africa":{"_":"अफ्रिका"},"tzRegion-America":{"_":"अमेरिका"},"tzRegion-Antarctica":{"_":"एन्टार्क्टिका"},"tzRegion-Asia":{"_":"एसिया"},"tzRegion-Atlantic":{"_":"एटलान्टिक महासागर"},"tzRegion-Australia":{"_":"अस्ट्रेलिया"},"tzRegion-Europe":{"_":"युरोप"},"tzRegion-Indian":{"_":"इण्डियन महासागर"},"tzRegion-Pacific":{"_":"प्रशान्त महासागर"},"close":{"_":"बन्द गर्नुहोस्"},"import":{"_":"आयात गर्नुहोस्"},"fbFriends":{"_":"फेसबुकका साथीहरु"},"live-serviceName":{"_":"आउटलूक"},"gmail-serviceName":{"_":"जीमेल"},"facebook-serviceName":{"_":"फेसबुकका साथीहरु"},"viewAll":{"_":"सबै फेसबुक साथीहरु देखाउनुहोस्"},"viewRecommend":{"_":"सिफारिश भएकाहरु मात्र हेर्नुहोस्"},"linkProposal":{"_":"{[ plural(numFriends) ]}","_[zero]":"नाम मिल्ने साथी भेटिएन। सबै हेर्नुहोस्।","_[one]":"सिफारिस गरिएकोलाई रोज्नुहोस्।","_[two]":"सिफारिस गरिएकोमा एक चयन गर्नुहोस्","_[few]":"सिफारिस गरिएकोमा एक रोज्नुहोस्।","_[many]":"सिफारिस गरिएकोमा एक रोज्नुहोस्।","_[other]":"सिफारिस गरिएकोमा एक रोज्नुहोस्।"},"fbFriendsFound":{"_":"{[ plural(numFriends) ]}","_[zero]":"सबै साथीहरु आयात गरियो","_[one]":"अायात गर्नका लगि एकजना साथी भेटियो","_[two]":"अायात गर्नका लगि {{numFriends}}जना साथीहरु भेटिए","_[few]":"अायात गर्नका लगि {{numFriends}}जना साथीहरु भेटिए","_[many]":"अायात गर्नका लगि {{numFriends}}जना साथीहरु भेटिए","_[other]":"अायात गर्नका लगि {{numFriends}}जना साथीहरु भेटिए"},"done-search":{"_":"गरियो"},"progressFB3ImportTitle":{"_":"साथीहरु सम्पर्कमा आयात हुँदैछ"},"progressFB":{"_":"{{current}}/{{total}}"},"progressFB3UpdateTitle":{"_":"साथीहरु सम्पर्कमा अद्यावधिक हुँदैछ"},"message2":{"_":"यो हुन केहि मिनेट लाग्न सक्छ"},"messageLinking":{"_":"कृपया पर्खिनुहोस्। तपाईको साथी र सम्पर्क को जडान गर्दैछौँ।"},"error1":{"_":"{{from}} त्रुटि"},"error2":{"_":"के तपाई पुन: प्रयास गर्न चाहनुहुन्छ?"},"errorProposal":{"_":"प्रस्तावहरुको गणना गर्दै"},"errorFriends":{"_":"साथीहरु पुन: प्राप्त गर्दै"},"errorLinking":{"_":"सम्पर्कहरु जडान गर्दै"},"timeout1":{"_":"{{from}} बाट समय पार भयो"},"timeout2":{"_":"के तपाईँ पुन: प्रयास गर्न चाहनुहुन्छ ?"},"timeoutProposal":{"_":"प्रस्तावहरुको गणना गर्दै"},"timeoutFriends":{"_":"साथीहरु पुन: प्राप्त गर्दै"},"timeoutLinking":{"_":"सम्पर्कहरु जडान गर्दै"},"wait1":{"_":"कृपया पर्खिनुहोस्"},"wait2":{"_":"यो कार्य हुन केहि मिनेट लाग्न सक्दछ"},"waitProposal":{"_":"कृपया पर्खिनुहोस्।हामि एउटा प्रस्तावको गणना गर्दैछौँ।"},"waitFriends":{"_":"कृपया पर्खनुहोस्। तपाईंको मित्र सुची प्राप्त गर्दैछौँ।"},"curtainCancel":{"_":"रद्द गर्नुहोस्"},"curtainRetry":{"_":"पुन:प्रयास गर्नुहोस्"},"curtainOK":{"_":"ठिक छ"},"connectionLost":{"_":"इन्टरनेट जडान छैन"},"connectionLostMsg":{"_":"तपाईको सम्पर्कहरुमा साथीहारुका तास्बिरहरु थपिनछैन। जे भए पनि जारी गर्नुहुन्छ?"},"yesOption":{"_":"ठिक छ"},"noOption":{"_":"रद्द गर्नुहोस्"},"friendsUpdated":{"_":"{[ plural(numFriends) ]}","_[zero]":"कुनै साथी अपडेट गरिएन","_[one]":"एउटा साथी अपडेट गरियो","_[two]":"{{numFriends}} साथीहरु अपडेट गरियो।","_[few]":"{{numFriends}} साथीहरु अपडेट गरियो।","_[many]":"{{numFriends}} साथीहरु अपडेट गरियो।","_[other]":"{{numFriends}} साथीहरु अपडेट गरियो।"},"notificationLogin":{"_":"तपाईंको फेसबूक सेसन अमान्य छ। कृपया साइन इन गर्नुहोस्।"},"syncError":{"_":"तपाईको साथीको डाटा समक्रमण गर्दा त्रुटि भएको थियो"},"addToExistingContact":{"_":"अवस्थित सम्पर्कमा थप्नुहोस्"},"all":{"_":"सबै"},"callLog":{"_":"कल लग"},"connecting":{"_":"जडान हुँदैछ"},"cf-async":{"_":"Asynchronous: {{ async }}\n"},"cf-data":{"_":"डाटा: {{ data }}\n"},"cf-error":{"_":"कल फरवार्डको स्थिति पाउन खोज्दा त्रुटि भयो"},"cf-fax":{"_":"FAX: {{ fax }}\n"},"cf-inactive":{"_":"निस्क्रिय"},"cf-packet":{"_":"Packet: {{ packet }}\n"},"cf-pad":{"_":"PAD: {{ pad }}\n"},"cf-sms":{"_":"SMS: {{ sms }}\n"},"cf-status":{"_":"कल फर्वार्डको स्थिति\n"},"cf-sync":{"_":"Synchronous: {{ sync }}\n"},"cf-voice":{"_":"Voice: {{ voice }}\n"},"confirm-deletion":{"_":"चयन गरिएको कल हटाउनुहुन्छ?"},"createNewContact":{"_":"एउटा नयाँ सम्पर्क सिर्जना गर्नुहोस्"},"delete":{"_":"मेट्नुहोस्"},"edit-selected":{"_":"{[ plural(n) ]}","_[one]":"{{ n }}वटा चयन गरिएको","_[two]":"{{ n }}वटा चयन गरिएको","_[few]":"{{ n }} वटा चयन गरिएको","_[many]":"{{ n }} वटा चयन गरिएको","_[other]":"{{ n }} वटा चयन गरिएको"},"ignore":{"_":"कल वेवास्ता गर्नुहोस्"},"incoming":{"_":"आगमन"},"missed":{"_":"छुटेको"},"missedCall":{"_":"छुटेको कल"},"missedCallMultiSims":{"_":"(SIM {{ n }}) छुटेका कल"},"mmi-error":{"_":"सन्देश पठाउँदै गर्दा त्रुटि भयो"},"mmi-session-expired":{"_":"सत्र समाप्त"},"mmi-successfully-sent":{"_":"सन्देश सफलतापूर्व पठाइयो"},"no-logs-msg-1":{"_":"कुनै कल रेकर्ड गरिएको छैन"},"no-logs-msg-2":{"_":"संचार अहिले सुरु गर्दै"},"no-logs-msg-3":{"_":"छुट कलहरु छैन"},"reply":{"_":"जवाफ पठाउनुहोस्"},"switch-calls":{"_":"बोलावटहरू स्विच गर्नुहोस्"},"withheld-number":{"_":"रोक लगाईएको नम्बर"},"from-contact":{"_":"{{ सम्पर्क}}बाट"},"from-number":{"_":"{{नम्बर}}बाट"},"from-withheld-number":{"_":"रोक लगाईएको नम्बरबाट"},"sending":{"_":"पठाउँदै..."},"ussd-services":{"_":"{{ operator }} सुबिधाहरु"},"type-your-response":{"placeholder":"तपाईँको प्रतिक्रिया लेख्नुहोस्..."},"clear-all-text":{"_":"सबै पाठ मेटाउनुहोस्"},"hide":{"_":"लुकाउनुहोस्"},"hold":{"_":"समाउनुहोस्"},"resume":{"_":"पुन: निरन्तरता गर्नुहोस्"},"sendSms":{"_":"सन्देश पठाउनुहोस्"},"callEnded":{"_":"कल समाप्त भयो"},"via-sim":{"_":"SIM मार्फत{{ n }}"},"sim-number":{"_":"SIM{{ n }}"},"hangup-a11y-button":{"aria-label":"ह्याङ अप"},"pickup-a11y-button":{"aria-label":"उठानोउस"},"unlock-a11y-button":{"aria-label":"स्लाइडर"},"delete-n-log?":{"_":"{[ plural(n) ]}","_[zero]":"केहि चयन गरिएको छैन","_[one]":"चयन गरिएको नोडहरू मेटाउने हो?","_[two]":"{{ n }} लगहरु मेटाउनु हुन्छ ?","_[few]":"{{ n }} लगहरु मेटाउनुहुन्छ?","_[many]":"{{ n }} लगहरु मेटाउनुहुन्छ?","_[other]":"{{ n }} लगहरु मेटाउनुहुन्छ?"},"callDurationMinutes":{"_":"{{ m }}:{{ s }}"},"callDurationHours":{"_":"{{ h }}:{{ m }}:{{ s}}"},"suggestionMatches":{"_":"{[ plural(n) ]}","_[one]":"\"{{ matchNumber }}\"का लागि {{ n }} वटा जोडा","_[two]":"\"{{ matchNumber }}\"का लागि {{ n }} वटा जोडाहरु","_[few]":"\"{{ matchNumber }}\"का लागि {{ n }} वटा जोडाहरु","_[many]":"\"{{ matchNumber }}\"का लागि {{ n }} वटा जोडाहरु","_[other]":"\"{{ matchNumber }}\"का लागि {{ n }} वटा जोडाहरु"},"scCallBarring":{"_":"अपवाद कल"},"scCallForwarding":{"_":"कल पठाउँदै"},"scClip":{"_":"आगमन कलर आईडी"},"scClir":{"_":"बाह्यगमन कलर आईडी"},"scPwd":{"_":"पासवर्ड परिवर्तन"},"scCallWaiting":{"_":"कल प्रतिक्षा"},"scPin":{"_":"PIN परिवर्तन"},"scPin2":{"_":"PIN2 परिवर्तन"},"scPuk":{"_":"PIN बाधा हटाउनु"},"scPuk2":{"_":"PIN2 बाधा हटाउनुहोस्"},"scImei":{"_":"IMEI"},"scUssd":{"_":"USSD"},"serviceClassVoice":{"_":"स्वर"},"serviceClassData":{"_":"डाटा"},"serviceClassFax":{"_":"फ्याक्स"},"serviceClassSms":{"_":"एसएमएस"},"serviceClassDataSync":{"_":"सिन्क्रोनाइज"},"serviceClassDataAsync":{"_":"असक्रमित"},"serviceClassPacket":{"_":"प्याकेट"},"serviceClassPad":{"_":"PAD"},"smServiceEnabled":{"_":"सेवा सक्षम पारियो"},"smServiceDisabled":{"_":"सेवा अक्षम भएको छ।"},"smServiceRegistered":{"_":"दर्ता सफल भएको छ।"},"smServiceErased":{"_":"मेट्ने काम सफल भयो।"},"smServiceInterrogated":{"_":"तपाईको अनुरोध सफल भयो।"},"smServiceNotProvisioned":{"_":"सेवा लिइएको छैन"},"smClirPermanent":{"_":"तपाईले कलर आइडि सेटिङ्ग परिर्वतन गर्न मिल्दैन"},"smClirDefaultOnNextCallOn":{"_":"पूर्वनिर्धारित कलर आइडि निशेधित। पछिल्लो कल: निशेधित"},"smClirDefaultOnNextCallOff":{"_":"पूर्वनिर्धारित कलर आइडि निशेधित। पछिल्लो कल: निशेधित नगरिएको"},"smClirDefaultOffNextCallOn":{"_":"पूर्वनिर्धारित कलर आइडि निशेधित नगरिएको। पछिल्लो कल: निशेधित"},"smClirDefaultOffNextCallOff":{"_":"पूर्वनिर्धारित कलर आइडि निशेधित नगरिएको। पछिल्लो कल: निशेधित नगरिएको"},"smServiceEnabledFor":{"_":"सेवा यसका लागि सक्षम पारियो:"},"smPinChanged":{"_":"PIN सफलतापूर्वक परिवर्तन भयो"},"smPinUnblocked":{"_":"PIN सफलतापूर्वक अनब्लक भयो"},"smPin2Changed":{"_":"PIN२ सफलतापूर्वक परिवर्तन भयो"},"smPin2Unblocked":{"_":"PIN२ सफलतापूर्वक अनब्लक भयो"},"emMmiError":{"_":"जडानमा समस्या वा अवैध MMI कोड"},"emMmiErrorPasswordIncorrect":{"_":"गलत पासवर्ड"},"emMmiErrorNotSupported":{"_":"अवैध वा असमर्थित MMI कोड"},"emMmiErrorInvalidAction":{"_":"रद्ध रोजाइ"},"emMmiErrorInvalidScCode":{"_":"रद्ध सेवा कोड"},"emMmiErrorBadPuk":{"_":"ेतपाईले लेख्नु भएको PUK गलत भयो।"},"emMmiErrorBadPin":{"_":"तपाईले लेख्नु भएको पुरानो PIN सहि छैन।"},"emMmiErrorNeedPuk2":{"_":"PUK2 लेखि सिम कार्डको रोक हटाउनु होस्।"},"emMmiErrorMismatchPin":{"_":"तपाईले लेख्नु भएको PIN हरु मेल खाएन।"},"emMmiErrorInvalidPin":{"_":"४ देखि ८ अङ्कको PIN लेख्नु होस्।"},"emMmiErrorNeedsPuk":{"_":"तपाईँको सिम कार्ड PUK-ताल्चा लागेको छ"},"emMmiErrorEnablePin":{"_":"असफल। SIM/RUIM LOCK सक्षम पार्नुहोस्"},"emMmiErrorMmiFdn":{"_":"सञ्चालन स्थिर डायल सङ्ख्याहरुका लागि मात्र रोक लगाईएकोछ"},"emMmiErrorStkCcUssdDial":{"_":"USSD अनुरोध DIAL अनुरोधमा परिमाजन गरियो"},"emMmiErrorStkCcUssdSs":{"_":"USSD अनुरोध SS अनुरोधमा परिमाजन गरियो"},"emMmiErrorStkCcUssdUssd":{"_":"USSD अनुरोध नयाँ USSD अनुरोधमा परिमाजन गरियो"},"emMmiErrorStkCcSsDial":{"_":"SS अनुरोध DIAL अनुरोधमा परिमाजन गरियो"},"emMmiErrorStkCcSsUssd":{"_":"SS अनुरोध USSD अनुरोधमा परिमाजन गरियो"},"emMmiErrorStkCcSsSs":{"_":"SS अनुरोध नयाँ SS अनुरोधमा परिमाजन गरियो"},"emMmiErrorPinPukAttempts":{"_":"{[ plural(n) ]}","_[one]":"{{ n }} कोसिस मात्र बाँकी","_[two]":"{{ n }} कोसिसहरु बाँकी","_[few]":"{{ n }} कोसिसहरु बाँकी","_[many]":"{{ n }} कोसिसहरु बाँकी","_[other]":"{{ n }} कोसिसहरु बाँकी"},"emMmiErrorSimBlocked":{"_":"अधिकतम पुन: प्रयास सङ्ख्याले सीमा नाघ्यो।SIM रोकियो"},"RadioNotAvailable":{"_":"रेडियो उपलब्ध छैन"},"GenericFailure":{"_":"साधारण विफल"},"PasswordIncorrect":{"_":"गलत पासवर्ड"},"SimPin2":{"_":"SIM PIN२"},"SimPuk2":{"_":"SIM PUK२"},"RequestNotSupported":{"_":"अनुरोध असमर्थित"},"OpNotAllowedDuringVoiceCall":{"_":"वाच्य कलका बेला सञ्चालन अनुमति नदिईएको"},"SmsSendFailRetry":{"_":"SMS पठाउन असफल पुन: प्रयास गर्नुहोस्"},"SimAbsent":{"_":"SIM अनुपस्थित"},"SubscriptionNotAvailable":{"_":"सदस्यता उपलब्ध छैन"},"ModeNotSupported":{"_":"शैली समर्थित छैन"},"FdnCheckFailure":{"_":"Fdn जाँच विफल"},"IllegalSimOrMe":{"_":"अवैध SIM वा ME"},"DialModifiedToUssd":{"_":"डायल USSDमा परिमार्जित गरियो"},"DialModifiedToSs":{"_":"डायल SSमा परिमार्जित गरियो"},"DialModifiedToDial":{"_":"डायल डायलमा परिमार्जित गरियो"},"UssdModifiedToDial":{"_":"USSD डायलमा परिमार्जित गरियो"},"UssdModifiedToSs":{"_":"USSD SSमा परिमार्जित गरियो"},"UssdModifiedToUssd":{"_":"USSD USSDमा परिमार्जित गरियो"},"SsModifiedToDial":{"_":"डायल SSमा परिमार्जित गरियो"},"SsModifiedToUssd":{"_":"USSD SSमा परिमार्जित गरियो"},"SsModifiedToSs":{"_":"SS SSमा परिमार्जित गरियो"},"SubscriptionNotSupported":{"_":"सदस्यता समर्थित छैन"},"InvalidParameter":{"_":"अवैध परामिति"},"RejectedByRemote":{"_":"प्रतिकरणद्वारा अस्वीकार"},"group-call":{"_":"{[ plural(n) ]}","_[one]":"सामुहिक कल ({{ n }})","_[two]":"सामुहिक कल ({{ n }})","_[few]":"सामुहिक कल ({{ n }})","_[many]":"सामुहिक कल ({{ n }})","_[other]":"सामुहिक कल ({{ n }})"},"caller-left-call":{"_":"{{ caller }} ले कल छोडेको छ।"},"conferenceAddError":{"_":"कलहरु मिलाउन असमर्थ"},"conferenceRemoveError":{"_":"कलहरु नमिलाउन असमर्थ"},"longDateFormat":{"_":"%A, %B %e"},"select-audio-sources":{"_":"श्रवनस्रोत चयन गर्नुहोस्"},"bluetooth-handsfree-device":{"_":"ब्लुटुथ स्वतन्त्र यन्त्र हो"},"receiver":{"_":"प्रप्तिकर्ता"},"speaker":{"_":"वक्ता"},"sim-picker-dial-via-with-number":{"_":"यस बाट {{ phoneNumber }} डायल गर्नुहोस"},"sim-picker-select-sim":{"_":"सिम चयन गर्नुहोस्"},"sim-picker-button":{"_":"सिम{{ n }}"},"sim-picker-button-default":{"_":"(पूर्वनिर्धारित)"},"waitDuplicateContacts":{"_":"उस्तै सम्पर्क विवरण हेर्दै"},"waitMergingDuplicateContacts":{"_":"उस्तै सम्पर्क विवरण गाभदै।"},"alertNoDuplicateContacts":{"_":"कुनै नक्कली सम्पर्क फेला परेन"},"merge":{"_":"गाभ्नुहोस्"},"mergeDuplicateTitle":{"_":"नक्कल प्रतिहरू गाभ्नुहोस्"},"suggestedDuplicateContacts":{"_":"{{name}} लाई सुझाव दिईएको नक्कल सम्पर्कहरु"},"mergeActionButtonLabel":{"_":"{[ plural(n) ]}","_[zero]":"कुनै सम्पर्क चयन गरिएको छैन","_[one]":"{{n}} सम्पर्कसँग गाभ्नु होस्","_[other]":"सम्पर्क विवरणलाई {{n}} संग गाभनुहोस्।"},"duplicatesFoundTitle":{"_":"नक्कल भेटियो"},"duplicatesFoundMessage":{"_":"{{name}} निम्न सम्पर्कहरुमा रहेको नक्कल सूचना"}}