{"brandShortName":{"_":"B2G OS"},"browserBrandShortName":{"_":"ਵੈੱਬ ਬਰਾਊਜ਼ਰ"},"browserBrandFullName":{"_":"ਮੋਜ਼ੀਲਾ ਵੈੱਬ ਬਰਾਊਜ਼ਰ"},"callAirplaneModeMessage":{"_":"ਕਾਲ ਕਰਨ ਲਈ ਤੁਹਾਨੂੰ ਏਅਰਪਲੇਨ ਮੋਡ ਸੈਟਿੰਗ ਵਿੱਚੋਂ ਬੰਦ ਕਰਨਾ ਹੋਵੇਗਾ।"},"callAirplaneModeBtnOk":{"_":"ਠੀਕ ਹੈ"},"callAirplaneModeTitle":{"_":"ਏਅਰਪਲੇਨ ਮੋਡ ਚਾਲੂ ਹੈ"},"numberIsBusyTitle":{"_":"ਨੰਬਰ ਰੁੱਝਿਆ ਹੈ"},"numberIsBusyMessage":{"_":"ਨੰਬਰ ਇਸ ਸਮੇਂ ਰੁਝਿਆ ਹੋਇਆ ਹੈ। ਕਿਰਪਾ ਕਰਕੇ ਬਾਅਦ ਵਿੱਚ ਕੋਸ਼ਿਸ਼ ਕਰੋ।"},"fdnIsEnabledTitle":{"_":"FDN ਸਰਗਰਮ"},"fdnIsEnabledMessage":{"_":"ਇਹ ਨੰਬਰ ਉੱਤੇ ਪਾਬੰਦੀ ਹੈ, ਕਿਉਂਕਿ ਇਹ ਤੁਹਾਡੀ ਪਰਮਾਣਿਤ ਕੀਤੀ ਨੰਬਰਾਂ ਦੀ ਸੂਚੀ ਵਿੱਚ ਨਹੀਂ ਹੈ।"},"voiceMail":{"_":"ਵਾਈਸਮੇਲ"},"emergencyNumber":{"_":"ਐਮਰਜੈਂਸੀ ਨੰਬਰ"},"emergencyDialogBodyBadNumber":{"_":"ਕਾਲ ਕਰਨ ਲਈ ਫੋਨ ਨੈੱਟਵਰਕ ਨਾਲ ਕੁਨੈਕਟ ਹੋਣਾ ਚਾਹੀਦਾ ਹੈ।"},"emergencyDialogBodyDeviceNotAccepted":{"_":"ਨੈੱਟਵਰਕ ਉੱਤੇ ਐਮਰਜੈਂਸੀ ਨੰਬਰਾਂ ਦੀ ਇਜ਼ਾਜ਼ਤ ਨਹੀਂ ਹੈ।"},"emergencyDialogBtnOk":{"_":"ਠੀਕ ਹੈ"},"emergencyDialogTitle":{"_":"ਕੋਈ ਨੈੱਟਵਰਕ ਕੁਨੈਕਸ਼ਨ ਨਹੀਂ ਹੈ"},"invalidNumberToDialTitle":{"_":"ਗਲਤ ਫੋਨ ਨੰਬਰ"},"invalidNumberToDialMessage":{"_":"ਫੋਨ ਨੰਬਰ, ਜਿਸ ਉੱਤੇ ਤੁਸੀਂ ਕਾਲ ਕਰ ਰਹੇ ਹੋ, ਠੀਕ ਨਹੀਂ ਹੈ।"},"unableToCallTitle":{"_":"ਹੁਣ ਫੋਨ ਕਾਲ ਕਰਨ ਲਈ ਅਸਮਰੱਥ"},"unableToCallMessage":{"_":"ਕਾਲ ਨਹੀਂ ਕੀਤੀ ਜਾ ਸਕਦੀ। ਜੇ ਤੁਸੀਂ ਪਹਿਲਾਂ ਹੀ ਡਾਇਲ ਕਰ ਰਹੇ ਹੋ ਤਾਂ ਪਹਿਲਾਂ ਰੋਕ ਦਿਉ।"},"otherConnectionInUseTitle":{"_":"ਹੋਰ ਕੁਨੈਕਸ਼ਨ ਵਰਤੋਂ ਵਿੱਚ ਹੈ।"},"otherConnectionInUseMessage":{"_":"ਤੁਹਾਡੇ ਕੋਲ ਹੋਰ ਕੁਨੈਕਸ਼ਨ ਉੱਤੇ ਸਰਗਰਮ ਕਾਲ ਹੈ। ਤੁਸੀਂ ਇੱਕ ਸਮੇਂ ਕੇਵਲ ਇੱਕ ਹੀ ਕੁਨੈਕਸ਼ਨ ਵਰਤ ਸਕਦੇ ਹੋ।"},"add":{"_":"ਜੋੜੋ"},"back":{"_":"ਪਿੱਛੇ"},"call":{"_":"ਕਾਲ"},"edit":{"_":"ਸੋਧ"},"cancel":{"_":"ਰੱਦ ਕਰੋ"},"done":{"_":"ਮੁਕੰਮਲ"},"ok":{"_":"ਠੀਕ ਹੈ"},"update":{"_":"ਅੱਪਡੇਟ"},"retry":{"_":"ਮੁੜ-ਕੋਸ਼ਿਸ਼"},"contacts":{"_":"ਸੰਪਰਕ"},"addContact":{"_":"ਸੰਪਰਕ ਜੋੜੋ"},"deleteContact":{"_":"ਸੰਪਰਕ ਹਟਾਓ"},"selectContact":{"_":"ਸੰਪਰਕ ਚੁਣੋ"},"selectAll":{"_":"ਸਭ ਚੁਣੋ"},"deselectAll":{"_":"ਸਭ ਦੀ ਚੋਣ ਹਟਾਉ"},"editContact":{"_":"ਸੰਪਰਕ ਸੋਧ"},"deleteConfirmMsg":{"_":"ਸੰਪਰਕ ਹਟਾਉਣਾ ਹੈ?"},"remove":{"_":"ਹਟਾਓ"},"comments":{"_":"ਟਿੱਪਣੀਆਂ"},"no_contact_phones":{"_":"ਇਹ ਸੰਪਰਕ ਕੋਲ ਫੋਨ ਨੰਬਰ ਨਹੀਂ ਹੈ"},"no_contact_email":{"_":"ਇਹ ਸੰਪਰਕ ਕੋਲ ਈਮੇਲ ਸਿਰਨਾਵਾਂ ਨਹੀਂ ਹੈ"},"removePhotoConfirm":{"_":"ਸੰਪਰਕ ਤਸਵੀਰ ਹਟਾਉਣੀ ਹੈ?"},"loadingContacts":{"_":"…ਸੰਪਰਕ ਲੋਡ ਕੀਤੇ ਜਾ ਰਹੇ ਹਨ"},"noContactsActivity":{"_":"ਸੰਪਰਕ ਜੋੜਿਆ ਨਹੀਂ ਜਾ ਸਕਦਾ ਕਿਉਂਕਿ ਤੁਹਾਡੀ ਸੰਪਰਕ ਸੂਚੀ ਖਾਲੀ ਹੈ।"},"noName":{"_":"ਕੋਈ ਨਾਂ ਨਹੀਂ"},"givenName":{"placeholder":"ਨਾਂ"},"familyName":{"placeholder":"ਆਖਰੀ ਨਾਂ"},"tel":{"placeholder":"ਫੋਨ"},"carrier":{"_":"ਕੈਰੀਅਰ","placeholder":"ਕੈਰੀਅਰ"},"separator":{"_":","},"email":{"_":"ਈਮੇਲ","placeholder":"ਈਮੇਲ"},"streetAddress":{"placeholder":"ਗਲਤ"},"postalCode":{"placeholder":"ਜ਼ਿਪ ਕੋਡ"},"locality":{"placeholder":"ਸ਼ਹਿਰ"},"countryName":{"placeholder":"ਦੇਸ਼"},"comment":{"placeholder":"ਟਿੱਪਣੀ"},"org":{"placeholder":"ਕੰਪਨੀ"},"custom":{"placeholder":"ਪਸੰਦੀਦਾ","_":"ਪਸੰਦੀਦਾ ਟੈਗ"},"date":{"_":"ਮਿਤੀ","placeholder":"ਮਿਤੀ"},"birthday":{"_":"ਜਨਮਦਿਨ"},"dateFormat":{"_":"%e %B "},"dateOutput":{"_":"{{dayMonthFormatted}} {{year}}"},"anniversary":{"_":"ਵਰੇਗੰਢ"},"addPhoto":{"_":"ਤਸਵੀਰ ਜੋੜੋ"},"addPhone":{"_":"ਫੋਨ ਜੋੜੋ"},"addEmail":{"_":"ਈਮੇਲ ਜੋੜੋ"},"addAddress":{"_":"ਸਿਰਨਾਵਾਂ ਜੋੜੋ"},"addDate":{"_":"ਮਿਤੀ ਜੋੜੋ"},"addComment":{"_":"ਟਿੱਪਣੀ ਜੋੜੋ"},"addFavorite":{"_":"ਪਸੰਦ ਵਿੱਚ ਜੋੜੋ"},"removeFavorite":{"_":"ਪਸੰਦ ਵਿੱਚੋਂ ਹਟਾਓ"},"label":{"_":"ਲੇਬਲ"},"mobile":{"_":"ਮੋਬਾਇਲ"},"home":{"_":"ਘਰ"},"work":{"_":"ਕੰਮ"},"personal":{"_":"ਨਿੱਜੀ"},"faxHome":{"_":"ਫੈਕਸ ਨੰਬਰ"},"faxOffice":{"_":"ਫੈਕਸ ਦਫ਼ਤਰ"},"faxOther":{"_":"ਫੈਕਸ ਹੋਰ"},"another":{"_":"ਹੋਰ"},"other":{"_":"ਹੋਰ"},"current":{"_":"ਮੌਜੂਦਾ"},"itemWithLabel":{"_":"{{label}}, {{item}}"},"exit":{"_":"ਬੰਦ ਕਰੋ"},"expand":{"_":"ਫੈਲਾਓ"},"labelName":{"_":"ਨਾਂ:"},"labelLastName":{"_":"ਆਖਰੀ ਨਾਂ:"},"labelPhoneNumber":{"_":"ਫੋਨ ਨੰਬਰ:"},"labelCarrier":{"_":"ਕੈਰੀਅਰ:"},"labelEmail":{"_":"ਈਮੇਲ:"},"labelStreet":{"_":"ਗਲੀ:"},"labelZip":{"_":"ਜ਼ਿਪ ਕੋਡ:"},"labelCity":{"_":"ਸ਼ਹਿਰ:"},"labelCountry":{"_":"ਦੇਸ਼:"},"labelComment":{"_":"ਟਿੱਪਣੀ:"},"legendTitleMain":{"_":"ਮੁੱਖ ਜਾਣਕਾਰੀ"},"legendPhones":{"_":"ਫੋਨ ਨੰਬਰ"},"legendEmail":{"_":"ਈਮੇਲ ਸਿਰਨਾਵਾਂ"},"legendAddress":{"_":"ਸਿਰਨਾਵਾਂ"},"settings":{"_":"ਸੈਟਿੰਗ"},"search-contact":{"placeholder":"ਖੋਜ"},"noResults":{"_":"ਕੋਈ ਸੰਪਰਕ ਨਹੀਂ ਲੱਭਿਆ"},"transferContactsTitle":{"_":"ਸੰਪਰਕ ਟਰਾਂਸਫਰ ਕਰੋ"},"importContactsTitle":{"_":"ਸੰਪਰਕ ਇੰਪੋਰਟ ਕਰੋ"},"importContactsButton":{"_":"ਸੰਪਰਕ ਇੰਪੋਰਟ"},"exportContactsTitle":{"_":"ਸੰਪਰਕ ਐਕਸਪੋਰਟ ਕਰੋ"},"exportContactsButton":{"_":"ਸੰਪਰਕ ਐਕਸਪੋਰਟ"},"exportContactsAction":{"_":"ਐਕਸਪੋਰਟ"},"simExport-title":{"_":"SIM ਉਤੇ ਐਕਸਪੋਰਟ"},"sdExport-title":{"_":"SD ਕਾਰਡ ਉੱਤੇ ਐਕਸਪੋਰਟ"},"btExport-title":{"_":"ਬਲਿਊਟੁੱਥ ਉੱਤੇ ਐਕਸਪੋਰਟ"},"sdUMSEnabled":{"_":"SD ਕਾਰਡ ਦੀ ਵਰਤੋਂ ਨਹੀਂ ਕੀਤੀ ਜਾ ਸਕਦੀ, ਕਿਉਂਕਿ USB ਸਟੋਰੇਜ਼ ਚਾਲੂ ਹੈ"},"exportErrorTitle":{"_":"ਐਕਸਪੋਰਟ ਗਲਤੀ"},"contactsExported2":{"_":"{[ plural(exported) ]}","_[zero]":"ਕੋਈ ਸੰਪਰਕ ਐਕਸਪੋਰਟ ਨਹੀਂ ਕੀਤਾ","_[one]":"{{exported}}/{{total}} ਸੰਪਰਕ ਐਕਸਪੋਰਟ ਕੀਤੇ","_[two]":"{{exported}}/{{total}} ਸੰਪਰਕ ਐਕਸਪੋਰਟ ਕੀਤੇ","_[few]":"{{exported}}/{{total}} ਸੰਪਰਕ ਐਕਸਪੋਰਟ ਕੀਤੇ","_[many]":"{{exported}}/{{total}} ਸੰਪਰਕ ਐਕਸਪੋਰਟ ਕੀਤੇ","_[other]":"{{exported}}/{{total}} ਸੰਪਰਕ ਐਕਸਪੋਰਟ ਕੀਤੇ"},"exportError-general":{"_":"ਐਕਸਪੋਰਟ ਕਰਨ ਦੌਰਾਨ ਗਲਤੀ ਆਈ"},"exportError-SD-shared":{"_":"ਮੈਮੋਰੀਕਾਰਡ ਵਰਤਿਆ ਨਹੀਂ ਜਾ ਸਕਦਾ, ਕਿਉਂਕਿ ਇਹ ਸਾਂਝਾ ਕੀਤਾ ਹੈ"},"exportError-SD-unavailable":{"_":"ਮੈਮੋਰੀ ਕਾਰਡ ਉਪਲੱਬਧ ਨਹੀਂ"},"exportError-SD-noSpace":{"_":"ਸੰਪਰਕ ਐਕਸਪੋਰਟ ਕਰਨ ਲਈ ਮੈਮੋਰੀ ਕਾਰਡ ਉੱਤੇ ਲੋੜੀਂਦੀ ਥਾਂ ਨਹੀਂ ਹੈ"},"exportError-SIM-unavailable":{"_":"ਸਿਮ ਕਾਰਡ ਉਪਲੱਬਧ ਨਹੀਂ"},"exportError-BT-shared":{"_":"ਮੈਮੋਰੀ ਕਾਰਡ ਦੀ ਵਰਤੋਂ ਨਹੀਂ ਕੀਤੀ ਜਾ ਸਕਦੀ, ਕਿਉਂਕਿ ਇਹ ਸਾਂਝਾ ਕੀਤਾ ਹੈ"},"exportError-BT-unavailable":{"_":"ਮੈਮੋਰੀ ਕਾਰਡ ਉਪਲੱਬਧ ਨਹੀਂ"},"exportError-BT-noSpace":{"_":"ਸੰਪਰਕ ਐਕਸਪੋਰਟ ਕਰਨ ਲਈ ਮੈਮੋਰੀ ਕਾਰਡ ਉੱਤੇ ਲੋੜੀਂਦੀ ਥਾਂ ਨਹੀਂ ਹੈ"},"simContacts-import":{"_":"ਸਿਮ ਸੰਪਰਕ ਇੰਪੋਰਟ ਕਰੋ"},"simContacts-importing":{"_":"…ਸਿਮ ਸੰਪਰਕ ਇੰਪੋਰਟ ਕੀਤੇ ਜਾ ਰਹੇ ਹਨ"},"simContacts-reading":{"_":"…ਸਿਮ ਕਾਰਡ ਤੋਂ ਪੜ੍ਹਿਆ ਜਾ ਰਿਹਾ ਹੈ"},"simContacts-error":{"_":"ਇੰਪੋਰਟ ਤੋਂ ਸੰਪਰਕ ਇੰਪੋਰਟ ਨਹੀਂ ਕੀਤੇ ਜਾ ਸਕੇ"},"simContacts-imported3":{"_":"{[ plural(n) ]}","_[zero]":"ਸਿਮ ਉੱਤੇ ਇੰਪੋਰਟਕਰਨ ਲਈ ਕੋਈ ਸੰਪਰਕ ਨਹੀਂ","_[one]":"ਇੱਕ ਸੰਪਰਕ ਇੰਪੋਰਟ ਕੀਤਾ","_[two]":"{{n}} ਸੰਪਰਕ ਇੰਪੋਰਟ ਕੀਤੇ","_[few]":"{{n}} ਸੰਪਰਕ ਇੰਪੋਰਟ ਕੀਤੇ","_[many]":"{{n}} ਸੰਪਰਕ ਇੰਪੋਰਟ ਕੀਤੇ","_[other]":"{{n}} ਸੰਪਰਕ ਇੰਪੋਰਟ ਕੀਤੇ"},"noSimMsg":{"_":"ਸੰਪਰਕ ਇੰਪੋਰਟ ਕਰਨ ਲਈ ਆਪਣਾ ਸਿਮ ਕਾਰਡ ਪਾਉ ਜਾਂ ਅਣ-ਲਾਕ ਕਰੋ"},"noSimMsgExport":{"_":"ਸੰਪਰਕ ਐਕਸਪੋਰਟ ਕਰਨ ਲਈ ਆਪਣਾ ਸਿਮ ਕਾਰਡ ਪਾਉ ਜਾਂ ਅਣ-ਲਾਕ ਕਰੋ"},"simNumber":{"_":"ਸਿਮ {{number}}"},"memoryCardContacts-import":{"_":"ਮੈਮੋਰੀ ਕਾਰਡ ਤੋਂ ਸੰਪਰਕ ਇੰਪੋਰਟ ਕਰੋ"},"memoryCardContacts-importing":{"_":"…ਮੈਮੋਰੀ ਕਾਰਡ ਤੋਂ ਸੰਪਰਕ ਇੰਪੋਰਟ ਕੀਤੇ ਜਾ ਰਹੇ ਹਨ"},"memoryCardContacts-reading":{"_":"…ਮੈਮੋਰੀ ਕਾਰਡ ਤੋਂ ਪੜ੍ਹਿਆ ਜਾ ਰਿਹਾ ਹੈ"},"memoryCardContacts-error":{"_":"ਮੈਮੋਰੀ ਕਾਰਡ ਤੋਂ ਸੰਪਰਕ ਇੰਪੋਰਟ ਨਹੀਂ ਕੀਤੇ ਜਾ ਸਕੇ"},"memoryCardContacts-imported3":{"_":"{[ plural(n) ]}","_[zero]":"ਇੰਪੋਰਟ ਕਰਨ ਲਈ ਮੈਮੋਰੀ ਕਾਰਡ ਉੱਤੇ ਕੋਈ ਸੰਪਰਕ ਨਹੀਂ ਲੱਭੇ","_[one]":"ਇੱਕ ਸੰਪਰਕ ਇੰਪੋਰਟ ਕੀਤਾ","_[two]":"{{n}} ਸੰਪਰਕ ਇੰਪੋਰਟ ਕੀਤੇ","_[few]":"{{n}} ਸੰਪਰਕ ਇੰਪੋਰਟ ਕੀਤੇ","_[many]":"{{n}} ਸੰਪਰਕ ਇੰਪੋਰਟ ਕੀਤੇ","_[other]":"{{n}} ਸੰਪਰਕ ਇੰਪੋਰਟ ਕੀਤੇ"},"noMemoryCardMsg":{"_":"ਸੰਪਰਕ ਇੰਪੋਰਟ ਕਰਨ ਲਈ ਮੈਮੋਰੀ ਕਾਰਡ ਪਾਉ"},"noMemoryCardMsgExport":{"_":"ਸੰਪਰਕ ਐਕਸਪੋਰਟ ਕਰਨ ਲਈ ਮੈਮੋਰੀ ਕਾਰਡ ਪਾਉ"},"genericProgress":{"_":"{{current}}/{{total}}"},"social-network":{"_":"ਸਮਾਜਿਕ ਨੈੱਟਵਰਕ"},"social-link":{"_":"ਸੰਪਰਕ ਲਿੰਕ ਕਰੋ"},"social-unlink":{"_":"ਸੰਪਰਕ ਲਿੰਕ ਹਟਾਓ"},"social-unlink-confirm-title":{"_":"ਕੀ ਤੁਸੀਂ ਆਪਣੇ ਦੋਸਤ ਨੂੰ ਅਣ-ਲਿੰਕ ਕਰਨਾ ਚਾਹੁੰਦੇ ਹੋ?"},"social-unlink-confirm-accept":{"_":"ਲਿੰਕ ਹਟਾਓ"},"facebook-import":{"_":"ਫੇਸਬੁੱਕ ਦੋਸਤ ਲਵੋ"},"show-fb-profile":{"_":"ਫੇਸਬੁੱਕ ਪ੍ਰੋਫਾਇਲ ਵੇਖੋ"},"msg-send":{"_":"ਸੁਨੇਹਾ"},"wall-post":{"_":"ਵਾਲ ਪੋਸਟ"},"facebook":{"_":"ਫੇਸਬੁੱਕ"},"facebook-import-msg":{"_":"{[ plural(imported) ]}","_[zero]":"ਕੋਈ ਦੋਸਤ ਇੰਪੋਰਟ ਨਹੀਂ ਕੀਤਾ ({{total}} ਵਿੱਚੋਂ)","_[one]":"ਇੱਕ ਦੋਸਤ ਇੰਪੋਰਟ ਕੀਤਾ ({{total}} ਵਿੱਚੋਂ)","_[two]":"{{imported}}/{{total}} ਦੋਸਤ ਇੰਪੋਰਟ ਕੀਤੇ","_[few]":"{{imported}}/{{total}} ਦੋਸਤ ਇੰਪੋਰਟ ਕੀਤੇ","_[many]":"{{imported}}/{{total}} ਦੋਸਤ ਇੰਪੋਰਟ ਕੀਤੇ","_[other]":"{{imported}}/{{total}} ਦੋਸਤ ਇੰਪੋਰਟ ਕੀਤੇ"},"otherAccount":{"_":"ਹੋਰ ਖਾਤੇ"},"facebookSwitchMsg":{"_":"ਦੋਸਤ ਸਿੰਕ ਕਰੋ"},"select_mobile":{"_":"ਮੋਬਾਇਲ ਚੁਣੋ"},"select_email":{"_":"ਈਮੇਲ ਚੁਣੋ"},"contactsOrderBy":{"_":"ਆਖਰੀ ਨਾਂ ਮੁਤਾਬਕ"},"importSim2":{"_":"ਸਿਮ ਕਾਰਡ"},"importMemoryCard":{"_":"ਮੈਮੋਰੀ ਕਾਰਡ"},"importGmail":{"_":"ਜੀਮੇਲ"},"bluetooth":{"_":"ਬਲਿਊਟੁੱਥ"},"importOutlook":{"_":"ਆਉਟਲੁੱਕ"},"fbUpdateFriends":{"_":"ਇੰਪੋਰਟ ਕੀਤੇ ਦੋਸਤ ਅੱਪਡੇਟ ਕਰੋ"},"cleaningFbData":{"_":"ਫੇਸਬੁੱਕ ਡਾਟਾ ਹਟਾਓ"},"loggingOutFb":{"_":"ਫੇਸਬੁੱਕ ਤੋਂ ਲਾਗ ਆਉਟ ਕਰੋ"},"cleanFbConfirmMsg":{"_":"ਸਭ ਫੇਸਬੁੱਕ ਡਾਟਾ ਹਟਾਉਣਾ ਹੈ?"},"renewPwdMsg":{"_":"ਫੇਸਬੁੱਕ ਵਿੱਚ ਤੁਹਾਡਾ ਪਾਸਵਰਡ ਬਦਲਿਆ ਗਆ ਹੈ। ਇਸ ਨੂੰ ਅੱਪਡੇਟ ਕਰੋ ਜੀ।"},"noConnection11":{"_":"ਫੇਸਬੁੱਕ ਦੋਸਤ ਜਾਂ ਸੰਪਰਕ ਇੰਪੋਰਟ ਕਰਨ ਲਈ ਵਾਈ-ਫਾਈ ਡਾਟਾ ਨੈੱਟਵਰਕ ਨਾਲ ਕੁਨੈਕਟ ਹੋਵੋ"},"notEnabledYet":{"_":"ਹਾਲੇ ਚਾਲੂ ਨਹੀਂ ਹੈ"},"genericNoConnection":{"_":"ਸੰਪਰਕ ਇੰਪੋਰਟ ਕਰਨ ਲਈ ਵਾਈ-ਫਾਈ ਡਾਟਾ ਨੈੱਟਵਰਕ ਨਾਲ ਕੁਨੈਕਟ ਹੋਵੋ"},"simCard":{"_":"SIM ਕਾਡ"},"memoryCard":{"_":"ਮੈਮੋਰੀ ਕਾਰਡ"},"create-new":{"_":"ਨਵਾਂ ਸੰਪਰਕ ਬਣਾਓ"},"import-now":{"_":"ਆਪਣੇ ਸੰਪਰਕ ਸਿਮ ਜਾਂ ਫੇਸਬੁੱਕ ਤੋਂ ਪ੍ਰਾਪਤ ਕਰੋ"},"no-contacts":{"_":"ਕੋਈ ਸੰਪਰਕ ਨਹੀਂ"},"start-adding":{"_":"ਉਹਨਾਂ ਨੂੰ ਹੁਣੇ ਜੋੜਨਾ ਸ਼ੁਰੂ ਕਰੋ"},"notImported":{"_":"ਇੰਪੋਰਟ ਨਹੀਂ"},"imported":{"_":"ਇੰਪੋਰਟ ਹੈ"},"today":{"_":"ਅੱਜ"},"yesterday":{"_":"ਕੱਲ੍ਹ"},"messageCanceling":{"_":"ਉਡੀਕ ਕਰੋ ਜੀ। ਅਸੀਂ ਜਾਰੀ ਕਾਰਵਾਈ ਨੂੰ ਰੱਦ ਕਰ ਰਹੇ ਹਾਂ।"},"organise-contacts":{"_":"ਸੰਪਰਕ ਪ੍ਰਬੰਧ"},"find-merge-contacts":{"_":"ਡੁਪਲੀਕੇਟ ਸੰਪਰਕ ਲੱਭੋ"},"preparing-contacts":{"_":"ਸੰਪਰਕ ਤਿਆਰ ਕੀਤੇ ਜਾ ਰਹੇ ਹਨ"},"exportError-SIM-NoFreeRecordFound":{"_":"ਸਿਮ ਕਾਰਡ ਭਰ ਗਿਆ ਹੈ"},"exportError-SIM-CannotAccessPhoneBook":{"_":"ਅਸੀਂ ਸਿਮ ਕਾਰਡ ਦੀ ਫੋਨ ਬੁੱਕ ਨੂੰ ਵਰਤ ਨਹੀਂ ਸਕਦੇ"},"exportError-SIM-Unavailable":{"_":"ਕੋਈ ਸਿਮ ਨਹੀਂ ਮਿਲਿਆ"},"exportError-SIM-GenericError":{"_":"ਸੰਪਰਕ ਐਕਸਪੋਰਟ ਕਰਨ ਦੌਰਾਨ ਗਲਤੀ ਆਈ"},"pincode2":{"_":"ਆਪਣਾ ਪਿੰਨ ਕੋਡ ਦਿਓ"},"type_pin":{"_":"ਆਪਣਾ ਪਿੰਨ ਕੋਡ"},"pincodeLabel":{"_":"ਸਿਮ {{n}} ਪਿੰਨ"},"pinValidation":{"_":"PIN 4 ਤੋਂ 8 ਅੱਖਰਾਂ ਵਿੱਚ ਹੋਵੇਗਾ।"},"pinError":{"_":"PIN ਗਲਤ ਸੀ"},"pinAttemptMsg2":{"_":"{[ plural(n) ]}","_[one]":"ਤੁਹਾਡੇ ਕੋਲ ਠੀਕ ਕੋਡ ਦੇਣ ਦੀ ਇੱਕ ਹੀ ਕੋਸ਼ਿਸ਼ ਬਾਕੀ ਬਚੀ ਹੈ, ਜਿਸ ਤੋਂ ਬਾਅਦ ਸਿਮ ਕਾਰਡ ਲਾਕ ਹੋ ਜਾਵੇਗਾ।","_[two]":"ਤੁਹਾਡੇ ਕੋਲ ਠੀਕ ਕੋਡ ਦੇਣ ਦੀਆਂ {{n}} ਕੋਸ਼ਿਸ਼ਾਂ ਬਾਕੀ ਬਚੀਆਂ ਹਨ, ਜਿਸ ਤੋਂ ਬਾਅਦ ਸਿਮ ਕਾਰਡ ਲਾਕ ਹੋ ਜਾਵੇਗਾ।","_[few]":"ਤੁਹਾਡੇ ਕੋਲ ਠੀਕ ਕੋਡ ਦੇਣ ਦੀਆਂ {{n}} ਕੋਸ਼ਿਸ਼ਾਂ ਬਾਕੀ ਬਚੀਆਂ ਹਨ, ਜਿਸ ਤੋਂ ਬਾਅਦ ਸਿਮ ਕਾਰਡ ਲਾਕ ਹੋ ਜਾਵੇਗਾ।","_[many]":"ਤੁਹਾਡੇ ਕੋਲ ਠੀਕ ਕੋਡ ਦੇਣ ਦੀਆਂ {{n}} ਕੋਸ਼ਿਸ਼ਾਂ ਬਾਕੀ ਬਚੀਆਂ ਹਨ, ਜਿਸ ਤੋਂ ਬਾਅਦ ਸਿਮ ਕਾਰਡ ਲਾਕ ਹੋ ਜਾਵੇਗਾ।","_[other]":"ਤੁਹਾਡੇ ਕੋਲ ਠੀਕ ਕੋਡ ਦੇਣ ਦੀਆਂ {{n}} ਕੋਸ਼ਿਸ਼ਾਂ ਬਾਕੀ ਬਚੀਆਂ ਹਨ, ਜਿਸ ਤੋਂ ਬਾਅਦ ਸਿਮ ਕਾਰਡ ਲਾਕ ਹੋ ਜਾਵੇਗਾ।"},"pinLastChanceMsg":{"_":"ਇਹ ਤੁਹਾਡੇ ਕੋਲ ਠੀਕ ਪਿੰਨ ਦਾ ਆਖਰੀ ਮੌਕਾ ਹੈ। ਨਹੀਂ ਤਾਂ ਤੁਹਾਨੂੰ ਇਹ ਸਿਮ ਕਾਰਡ ਨੂੰ ਵਰਤਣ ਲਈ PUK ਕੋਡ ਦੇਣਾ ਪਵੇਗਾ।"},"pukcode":{"_":"PUK ਕੋਡ ਦਿਓ"},"pukcodeTitle":{"_":"ਸਿਮ {{n}} PUK ਦਿਓ"},"pukcodeLabel":{"_":"ਸਿਮ {{n}} PUK"},"type_puk":{"_":"PUK ਕੋਡ"},"pukValidation":{"_":"PUK ਕੋਡ ਠੀਕ 8 ਅੱਖਰਾਂ ਦਾ ਹੋਵੇਗਾ।"},"pukInfo":{"_":"ਤੁਹਾਨੂੰ ਸਿਮ ਕਾਰਡ ਲਈ ਪਰਸਨਲ ਅਣਲਾਕਿੰਗ ਕੀ (PUK) ਕੋਡ ਦੇਣਾ ਪਵੇਗਾ। ਆਪਣੇ ਸਿਮ ਦਸਤਾਵੇਜ਼ ਨੂੰ ਵੇਖੋ ਜਾਂ ਆਪਣੇ ਕੈਰੀਅਰ ਨਾਲ ਹੋਰ ਜਾਣਕਾਰੀ ਲਈ ਸੰਪਰਕ ਕਰੋ।"},"pukError":{"_":"PUK ਗਲਤ ਹੈ"},"pukAttemptMsg2":{"_":"{[ plural(n) ]}","_[one]":"ਤੁਹਾਡੇ ਕੋਲ ਠੀਕ ਕੋਡ ਦੇਣ ਦੀ ਕੇਵਲ ਇੱਕ ਹੀ ਕੋਸ਼ਿਸ਼ ਬਾਕੀ ਬਚੀ ਹੈ, ਜਿਸ ਤੋਂ ਬਾਅਦ ਸਿਮ ਕਾਰਡ ਪੱਕੇ ਤੌਰ ਉੱਤੇ ਬੇਕਾਰ ਹੋ ਜਾਵੇਗਾ। ਆਪਣੇ ਸਿਮ ਦਸਤਾਵੇਜ਼ ਨੂੰ ਵੇਖੋ ਜਾਂ ਆਪਣੇ ਕੈਰੀਅਰ ਨਾਲ ਹੋਰ ਜਾਣਕਾਰੀ ਲਈ ਸੰਪਰਕ ਕਰੋ।","_[two]":"ਤੁਹਾਡੇ ਕੋਲ ਠੀਕ ਕੋਡ ਦੇਣ ਦੀ {{n}} ਕੋਸ਼ਿਸ਼ਾਂ ਬਾਕੀ ਬਚੀਆਂ ਹਨ, ਜਿਸ ਤੋਂ ਬਾਅਦ ਸਿਮ ਕਾਰਡ ਪੱਕੇ ਤੌਰ ਉੱਤੇ ਬੇਕਾਰ ਹੋ ਜਾਵੇਗਾ। ਆਪਣੇ ਸਿਮ ਦਸਤਾਵੇਜ਼ ਨੂੰ ਵੇਖੋ ਜਾਂ ਆਪਣੇ ਕੈਰੀਅਰ ਨਾਲ ਹੋਰ ਜਾਣਕਾਰੀ ਲਈ ਸੰਪਰਕ ਕਰੋ।","_[few]":"ਤੁਹਾਡੇ ਕੋਲ ਠੀਕ ਕੋਡ ਦੇਣ ਦੀ {{n}} ਕੋਸ਼ਿਸ਼ਾਂ ਬਾਕੀ ਬਚੀਆਂ ਹਨ, ਜਿਸ ਤੋਂ ਬਾਅਦ ਸਿਮ ਕਾਰਡ ਪੱਕੇ ਤੌਰ ਉੱਤੇ ਬੇਕਾਰ ਹੋ ਜਾਵੇਗਾ। ਆਪਣੇ ਸਿਮ ਦਸਤਾਵੇਜ਼ ਨੂੰ ਵੇਖੋ ਜਾਂ ਆਪਣੇ ਕੈਰੀਅਰ ਨਾਲ ਹੋਰ ਜਾਣਕਾਰੀ ਲਈ ਸੰਪਰਕ ਕਰੋ।","_[many]":"ਤੁਹਾਡੇ ਕੋਲ ਠੀਕ ਕੋਡ ਦੇਣ ਦੀ {{n}} ਕੋਸ਼ਿਸ਼ਾਂ ਬਾਕੀ ਬਚੀਆਂ ਹਨ, ਜਿਸ ਤੋਂ ਬਾਅਦ ਸਿਮ ਕਾਰਡ ਪੱਕੇ ਤੌਰ ਉੱਤੇ ਬੇਕਾਰ ਹੋ ਜਾਵੇਗਾ। ਆਪਣੇ ਸਿਮ ਦਸਤਾਵੇਜ਼ ਨੂੰ ਵੇਖੋ ਜਾਂ ਆਪਣੇ ਕੈਰੀਅਰ ਨਾਲ ਹੋਰ ਜਾਣਕਾਰੀ ਲਈ ਸੰਪਰਕ ਕਰੋ।","_[other]":"ਤੁਹਾਡੇ ਕੋਲ ਠੀਕ ਕੋਡ ਦੇਣ ਦੀ {{n}} ਕੋਸ਼ਿਸ਼ਾਂ ਬਾਕੀ ਬਚੀਆਂ ਹਨ, ਜਿਸ ਤੋਂ ਬਾਅਦ ਸਿਮ ਕਾਰਡ ਪੱਕੇ ਤੌਰ ਉੱਤੇ ਬੇਕਾਰ ਹੋ ਜਾਵੇਗਾ। ਆਪਣੇ ਸਿਮ ਦਸਤਾਵੇਜ਼ ਨੂੰ ਵੇਖੋ ਜਾਂ ਆਪਣੇ ਕੈਰੀਅਰ ਨਾਲ ਹੋਰ ਜਾਣਕਾਰੀ ਲਈ ਸੰਪਰਕ ਕਰੋ।"},"pukLastChanceMsg":{"_":"ਠੀਕ PUK ਕੋਡ ਦੇਣ ਦਾ ਆਖਰੀ ਮੌਕਾ ਹੈ। ਜੇ ਤੁਸੀਂ ਗਲਤ PUK ਦਿੱਤਾ ਤਾਂ ਤੁਹਾਡਾ ਸਿਮ ਪੱਕੇ ਤੌਰ ਉੱਤੇ ਖਰਾਬ ਹੋ ਜਾਵੇਗਾ। ਆਪਣੇ ਸਿਮ ਦਸਤਾਵੇਜ਼ ਨੂੰ ਵੇਖੋ ਜਾਂ ਆਪਣੇ ਕੈਰੀਅਰ ਨਾਲ ਹੋਰ ਜਾਣਕਾਰੀ ਲਈ ਸੰਪਰਕ ਕਰੋ।"},"create_newpin":{"_":"ਨਵਾਂ ਪਿੰਨ ਬਣਾਓ (4 ਤੋਂ 8 ਅੰਕ)"},"confirm_newpin":{"_":"ਨਵੇਂ ਪਿੰਨ ਦੀ ਪੁਸ਼ਟੀ ਕਰੋ"},"newpinConfirmation":{"_":"ਪਿੰਨ ਮਿਲਦੇ ਨਹੀਂ ਹਨ"},"nckcode":{"_":"NCK ਕੋਡ ਦਿਓ"},"cckcode":{"_":"CCK ਕੋਡ ਦਿਓ"},"spckcode":{"_":"SPCK ਕੋਡ ਦਿਓ"},"nckcodeTitle":{"_":"ਸਿਮ {{n}} NCK ਦਿਓ"},"cckcodeTitle":{"_":"ਸਿਮ {{n}} CCK ਦਿਓ"},"spckcodeTitle":{"_":"ਸਿਮ {{n}} SPCK ਦਿਓ"},"nckcodeLabel":{"_":"ਸਿਮ {{n}} NCKਦਿਓ"},"cckcodeLabel":{"_":"ਸਿਮ {{n}} CCK ਦਿਓ"},"spckcodeLabel":{"_":"ਸਿਮ {{n}} SPCK"},"type_nck":{"_":"ਆਪਣਾ NCK ਕੋਡ ਲਿਖੋ"},"type_cck":{"_":"ਆਪਣਾ CCK ਕੋਡ ਲਿਖੋ"},"type_spck":{"_":"ਆਪਣਾ SPCK ਕੋਡ ਲਿਖੋ"},"nckValidation":{"_":"NCK 8 ਤੋਂ 16 ਅੱਖਰਾਂ ਦੇ ਵਿੱਚ ਹੋਣਾ ਚਾਹੀਦਾ ਹੈ।"},"cckValidation":{"_":"CCK 8 ਤੋਂ 16 ਅੱਖਰਾਂ ਦੇ ਵਿੱਚ ਹੋਣਾ ਚਾਹੀਦਾ ਹੈ।"},"spckValidation":{"_":"SPCK 8 ਤੋਂ 16 ਅੱਖਰਾਂ ਦੇ ਵਿੱਚ ਹੋਣਾ ਚਾਹੀਦਾ ਹੈ।"},"nckErrorMsg":{"_":"NCK ਕੋਡ ਗਲਤ ਹੈ।"},"nckAttemptMsg2":{"_":"{[ plural(n) ]}","_[one]":"ਨੈੱਟਵਰਕ ਡੀ-ਪਰਨਸਲਾਈਜ਼ ਬੇਨਤੀ ਫੇਲ੍ਹ ਹੈ। ਤੁਹਾਡੇ ਕੋਲ ਕੋਡ ਦੇਣ ਲਈ ਇੱਕ ਮੌਕਾ ਬਚਿਆ ਹੈ। ਹੋਰ ਜਾਣਕਾਰੀ ਲਈ ਆਪਣੇ ਜੰਤਰ ਦੇ ਦਸਤਾਵੇਜ਼ ਵੇਖੋ ਜਾਂ ਆਪਣੇ ਕੈਰੀਅਰ ਨਾਲ ਸੰਪਰਕ ਕਰੋ।","_[two]":"ਨੈੱਟਵਰਕ ਡੀ-ਪਰਨਸਲਾਈਜ਼ ਬੇਨਤੀ ਫੇਲ੍ਹ ਹੈ। ਤੁਹਾਡੇ ਕੋਲ ਕੋਡ ਦੇਣ ਲਈ {{n}} ਮੌਕੇ ਬਚੇ ਹਨ। ਹੋਰ ਜਾਣਕਾਰੀ ਲਈ ਆਪਣੇ ਜੰਤਰ ਦੇ ਦਸਤਾਵੇਜ਼ ਵੇਖੋ ਜਾਂ ਆਪਣੇ ਕੈਰੀਅਰ ਨਾਲ ਸੰਪਰਕ ਕਰੋ।","_[few]":"ਨੈੱਟਵਰਕ ਡੀ-ਪਰਨਸਲਾਈਜ਼ ਬੇਨਤੀ ਫੇਲ੍ਹ ਹੈ। ਤੁਹਾਡੇ ਕੋਲ ਕੋਡ ਦੇਣ ਲਈ {{n}} ਮੌਕੇ ਬਚੇ ਹਨ। ਹੋਰ ਜਾਣਕਾਰੀ ਲਈ ਆਪਣੇ ਜੰਤਰ ਦੇ ਦਸਤਾਵੇਜ਼ ਵੇਖੋ ਜਾਂ ਆਪਣੇ ਕੈਰੀਅਰ ਨਾਲ ਸੰਪਰਕ ਕਰੋ।","_[many]":"ਨੈੱਟਵਰਕ ਡੀ-ਪਰਨਸਲਾਈਜ਼ ਬੇਨਤੀ ਫੇਲ੍ਹ ਹੈ। ਤੁਹਾਡੇ ਕੋਲ ਕੋਡ ਦੇਣ ਲਈ {{n}} ਮੌਕੇ ਬਚੇ ਹਨ। ਹੋਰ ਜਾਣਕਾਰੀ ਲਈ ਆਪਣੇ ਜੰਤਰ ਦੇ ਦਸਤਾਵੇਜ਼ ਵੇਖੋ ਜਾਂ ਆਪਣੇ ਕੈਰੀਅਰ ਨਾਲ ਸੰਪਰਕ ਕਰੋ।","_[other]":"ਨੈੱਟਵਰਕ ਡੀ-ਪਰਨਸਲਾਈਜ਼ ਬੇਨਤੀ ਫੇਲ੍ਹ ਹੈ। ਤੁਹਾਡੇ ਕੋਲ ਕੋਡ ਦੇਣ ਲਈ {{n}} ਮੌਕੇ ਬਚੇ ਹਨ। ਹੋਰ ਜਾਣਕਾਰੀ ਲਈ ਆਪਣੇ ਜੰਤਰ ਦੇ ਦਸਤਾਵੇਜ਼ ਵੇਖੋ ਜਾਂ ਆਪਣੇ ਕੈਰੀਅਰ ਨਾਲ ਸੰਪਰਕ ਕਰੋ।"},"nckLastChanceMsg":{"_":"ਨੈੱਟਵਰਕ ਡੀ-ਪਰਨਸਲਾਈਜ਼ ਬੇਨਤੀ ਫੇਲ੍ਹ ਹੈ। ਤੁਹਾਡੇ ਕੋਲ ਕੋਡ ਦੇਣ ਲਈ ਆਖਰੀ ਮੌਕਾ ਹੈ। ਹੋਰ ਜਾਣਕਾਰੀ ਲਈ ਆਪਣੇ ਜੰਤਰ ਦੇ ਦਸਤਾਵੇਜ਼ ਵੇਖੋ ਜਾਂ ਆਪਣੇ ਕੈਰੀਅਰ ਨਾਲ ਸੰਪਰਕ ਕਰੋ।"},"skip":{"_":"ਛੱਡੋ"},"send":{"_":"ਭੇਜੋ"},"simLocked":{"_":"ਸਿਮ ਕਾਰਡ ਲਾਕ ਹੈ।"},"inputCodeRetriesLeft":{"_":"{[ plural(n) ]}","_[one]":"ਆਖਰੀ ਕੋਸ਼ਿਸ਼","_[two]":"{{n}} ਕੋਸ਼ਿਸ਼ਾਂ ਬਾਕੀ ਹਨ।","_[few]":"{{n}} ਕੋਸ਼ਿਸ਼ਾਂ ਬਾਕੀ ਹਨ।","_[many]":"{{n}} ਕੋਸ਼ਿਸ਼ਾਂ ਬਾਕੀ ਹਨ।","_[other]":"{{n}} ਕੋਸ਼ਿਸ਼ਾਂ ਬਾਕੀ ਹਨ।"},"simManager":{"_":"SIM ਮੈਨੇਜਰ"},"simDetail":{"_":"SIM {{n}}"},"simDefault":{"_":"(ਮੂਲ)"},"simDefaultMessage":{"_":"ਬਾਹਰ ਕੀਤੀਆਂ ਜਾਣ ਵਾਲੀਆਂ ਕਾਲਾਂ, ਬਾਹਰ ਭੇਜੇ ਜਾਣ ਵਾਲੇ ਸੁਨੇਹੇ ਤੇ ਡਾਟਾ ਕੁਨੈਕਸ਼ਨ ਮੂਲ ਰੂਪ ਵਿੱਚ ਸਿਮ 1 ਲਈ ਸੈੱਟ ਕੀਤੇ ਹਨ।"},"simSettingsMessage":{"_":"ਤੁਸੀਂ ਮੂਲ ਸੈਟਿੰਗ ਨੂੰ ਸੈਟਿੰਗ > ਸਿਮ ਮੈਨੇਜਰ ਵਿੱਚ ਜਾ ਕੇ ਬਦਲ ਸਕਦੇ ਹੋ"},"simPinLocked":{"_":"ਸਿਮ ਪਿੰਨ ਲਾਕ ਹੈ"},"noOperator":{"_":"ਕੋਈ ਓਪਰੇਟਰ ਨਹੀਂ"},"language":{"_":"ਭਾਸ਼ਾ"},"english":{"_":"ਅੰਗਰੇਜ਼ੀ"},"dvorak":{"_":"ਅੰਗਰੇਜ਼ੀ (Dvorak)"},"spanish":{"_":"ਸਪੇਨੀ"},"portuguese":{"_":"ਪੁਰਤਗਾਲੀ ਬਰਾਜ਼ੀਲੀ"},"french":{"_":"ਫਰੈਂਚ"},"italian":{"_":"ਇਤਾਲਵੀ"},"arabic":{"_":"ਅਰਬੀ"},"greek":{"_":"ਗਰੀਕ"},"hebrew":{"_":"ਹੈਬਰਿਊ"},"jp-kanji":{"_":"ਜਾਪਾਨੀ"},"jp-kanji-desc":{"_":"ਕਾਂਜੀ"},"traditionalChinese":{"_":"ਪੁਰਾਤਨ ਚੀਨੀ"},"traditionalChinese-desc":{"_":"ਜ਼ੂਯਿਨ"},"simplifiedChinese":{"_":"ਸਧਾਰਨ ਚੀਨੀ"},"simplifiedChinese-desc":{"_":"ਪਿਨਯਿਨ"},"3g":{"_":"ਸੈਲੂਲਰ ਡਾਟਾ"},"dataConnection":{"_":"ਡਾਟਾ ਚਾਲੂ"},"dataConnectionInfo":{"_":"Enabling data connection now will allow you to set up your phone without a Wi-Fi connection. You may also enable it later on in Settings. Just make sure you have a data plan with your carrier to avoid potentially hefty charges."},"caution":{"_":"ਚੇਤਾਵਨੀ"},"geolocation":{"_":"ਭੂਗੋਲਿਕ-ਟਿਕਾਣਾ"},"geolocationCheckbox":{"_":"ਭੂਗੋਲਿਕ-ਟਿਕਾਣਾ ਚਾਲੂ"},"geolocationInfo2":{"_":"{{brandShortName}} GPS, Wi-Fi, ਅਤੇ ਤੁਹਾਡੇ ਨੇੜਲੇ ਮੋਬਾਇਥ ਨੈੱਟਵਰਕ ਡਾਟਏ ਨੂੰ ਤੁਹਾਡਾ ਲਗਭਗ ਟਿਕਾਣਾ ਪਤਾ ਕਰਨ ਲਈ ਮਦਦ ਵਾਸਤੇ ਵਰਤਦਾ ਹੈ।"},"geolocationInfoMore":{"_":"ਡਾਟਾ ਮੋਜ਼ੀਲਾ ਤੇ ਹੋਰ ਸੇਵਾ ਦੇਣ ਵਾਲਿਆਂ ਨੂੰ ਭੇਜਿਆ ਜਾਂਦਾ ਹੈ ਅਤੇ ਇੱਕਠਾ ਕਰਕੇ ਉਹਨਾਂ ਦੇ ਟਿਕਾਣਾ ਡਾਟਾਬੇਸ ਵਿੱਚ ਸੁਧਾਰ ਲਈ ਵਰਤਿਆ ਜਾਵੇਗਾ। ਡਾਟਾ ਤੁਹਾਡੇ ਯੰਤਰ ਉੱਤੇ ਸਟੋਰ ਕੀਤਾ ਜਾਵੇਗਾ ਅਤੇ ਡਾਟਾ ਇੱਕਠਾ ਕਰਨ ਦੀ ਕਾਰਵਾਈ ਉਦੋਂ ਵੀ ਜਾਰੀ ਰਹਿ ਸਕਦੀ ਹੈ, ਜਦੋਂ ਕੋਈ ਐਪਸ ਨਾ ਚੱਲਦੀ ਹੋਵੇ।"},"notice":{"_":"ਸੂਚਨਾ"},"aboutYourPrivacy":{"_":"ਤੁਹਾਡੀ ਪਰਦੇਦਾਰੀ ਬਾਰੇ"},"wifi":{"_":"ਵਾਈ-ਫਾਈ"},"scanningNetworks":{"_":"ਨੈੱਟਵਰਕ ਦੀ ਜਾਂਚ ਕੀਤੀ ਜਾ ਰਹੀ ਹੈ"},"selectNetwork":{"_":"ਨੈੱਟਵਰਕ ਚੁਣੋ"},"shortStatus-connecting":{"_":"…ਕੁਨੈਕਟ ਕੀਤਾ ਜਾ ਰਿਹਾ ਹੈ"},"shortStatus-associated":{"_":"…IP ਸਿਰਨਾਵਾਂ ਲਿਆ ਜਾ ਰਿਹਾ ਹੈ"},"shortStatus-connected":{"_":"ਕੁਨੈਕਟ ਹੈ"},"shortStatus-connectingfailed":{"_":"ਕੁਨੈਕਸ਼ਨ ਫੇਲ੍ਹ ਹੈ"},"shortStatus-disconnected":{"_":"ਆਫਲਾਈਨ"},"securedBy":{"_":"{{capabilities}} ਰਾਹੀਂ ਸੁਰੱਖਿਅਤ"},"security":{"_":"ਸੁਰੱਖਿਆ"},"securityNone":{"_":"ਕੋਈ ਨਹੀਂ"},"securityWEP":{"_":"WEP"},"securityWPA-PSK":{"_":"WPA-PSK"},"securityWPA-EAP":{"_":"WPA-EAP"},"securityOpen":{"_":"ਓਪਨ"},"identity":{"_":"ਯੂਜ਼ਰ"},"identityInput":{"placeholder":"ਯੂਜ਼ਰ"},"password":{"_":"ਪਾਸਵਰਡ"},"passwordInput":{"placeholder":"ਪਾਸਵਰਡ"},"showPassword":{"_":"ਪਾਸਵਰਡ ਵੇਖਾਓ"},"refresh":{"_":"ਤਾਜ਼ਾ ਕਰੋ"},"noWifiFound3":{"_":"ਕੋਈ ਬੇਤਾਰ ਨੈੱਟਵਰਕ ਨਹੀਂ ਲੱਭਿਆ"},"join-hidden-button":{"_":"ਲੁਕਵੇਂ ਨੈੱਟਵਰਕ ਨਾਲ ਕੁਨੈਕਟ ਕਰੋ"},"authentication":{"_":"ਪ੍ਰਮਾਣਕਿਤਾ"},"ssid-name":{"_":"SSID ਨੈੱਟਵਰਕ ਨਾਂ"},"dateAndTime":{"_":"ਮਿਤੀ ਤੇ ਸਮਾਂ"},"setTimeAutomatically":{"_":"ਆਟੋਮੈਟਿਕ ਸੈੱਟ ਕਰੋ"},"timezoneMessage":{"_":"ਸਮਾਂ ਖੇਤਰ"},"timezoneTitle":{"_":"UTC{{utcOffset}} {{region}}/{{city}}"},"dateMessage":{"_":"ਮਿਤੀ"},"timeMessage":{"_":"ਸਮਾਂ"},"timeZone":{"_":"ਸਮਾਂ ਖੇਤਰ"},"change":{"_":"ਬਦਲੋ"},"importContacts3":{"_":"ਸੰਪਰਕ ਲਵੋ"},"importFb2":{"_":"ਫੇਸਬੁੱਕ"},"fb-checking":{"_":"… ਜਾਂਚ ਜਾਰੀ ਹੈ"},"notImportedYet":{"_":"ਹਾਲੇ ਪ੍ਰਾਪਤ ਨਹੀਂ ਕੀਤੇ"},"afterFbImport":{"_":"ਤੁਸੀਂ ਸੰਪਰਕ ਸੈਟਿੰਗ ਵਿੱਚ ਕਿਸੇ ਵੀ ਸਮੇਂ ਫੇਸਬੁੱਕ ਦੋਸਤਾਂ ਨੂੰ ਇੰਪੋਰਟ ਕਰ ਅਤੇ ਸੋਧ ਸਕਦੇ ਹੋ।"},"about-your-rights-0":{"_":"{{brandShortName}} ਨੂੰ ਸੰਸਾਰ ਭਰ ਵਿੱਚ ਮੌਜੂਦ ਹਜ਼ਾਰਾਂ ਲੋਕਾਂ ਦੀ ਕਮਿਊਨਟਈ ਵਲੋਂ ਮੁਫ਼ਤ ਤੇ ਮੁਕਤ ਸਰੋਤ ਸਾਫਤਵੇਅਰ ਉੱਤੇੇ ਬਣਾਇਆ ਗਿਆ ਹੈ। ਕੁਝ ਚੀਜ਼ਾਂ ਹਨ, ਜਿਹਨਾਂ ਬਾਰੇ ਤੁਹਾਨੂੰ ਪਤਾ ਹੋਣਾ ਚਾਹੀਦਾ ਹੈ:"},"about-your-rights-1":{"_":"{{brandShortName}} ਨੂੰ ਤੁਹਾਨੂੰ ਕੋਈ ਓਪਨ ਸੋਰਸ ਲਸੰਸਾਂ ਦੇ ਅਧੀਨ ਉਪਲੱਬਧ ਕਰਵਾਇਆ ਗਿਆ ਹੈ, ਜਿਸ ਵਿੱਚ ਮੋਜ਼ੀਲਾ ਪਬਲਿਕ ਲਸੰਸ ਵਿੱਚ ਸ਼ਾਮਿਲ ਹੈ। {{brandShortName}} ਰਾਹੀਂ ਚੱਲਣ ਵਾਲੇ ਯੰਤਰ ਵਿੱਚ ਤੀਜੀ ਧਿਰ ਤੋਂ ਪ੍ਰੋਪ੍ਰੀਟਰੀ ਸਾਫਟਵੇਅਰ ਵੀ ਹੋ ਸਕਦੇ ਹਨ। ਓਪਨ ਲਸੰਸ ਦੇ ਅਧੀਨ ਦਿੱਤਾ ਗਿਆ ਕੋਈ ਕੋਡ ਤੁਹਾਨੂੰ ਸਰੋਤ ਨੂੰ ਸੋਧਣ ਅਤੇ ਆਪਣੇ ਸੋਧ ਦੇ ਨਾਲ ਵੰਡਣ ਦਾ ਹੱਕ ਦਿੰਦਾ ਹੈ, ਜਦੋਂ ਤੱਕ ਕਿ ਤੁਸੀਂ ਉਹਨਾਂ ਦੀਆਂ ਸ਼ਰਤਾਂ ਦੀ ਪਾਲਣਾ ਕਰਦੇ ਹੋ।"},"about-your-rights-2":{"_":"ਤੁਹਾਨੂੰ ਮੋਜ਼ੀਲਾ ਫਾਊਂਡੇਸ਼ਨ ਜਾਂ ਕਿਸੇ ਵੀ ਧਿਰ ਦੇ ਟਰੇਡਮਾਰਕ ਲਈ ਟਰੇਡਮਾਰਕ ਹੱਕ ਜਾਂ ਲਸੰਸ ਨਹੀਂ ਦਿੱਤਾ ਜਾ ਰਿਹਾ ਹੈ, ਜਿਸ ਵਿੱਚ {{brandShortName}} ਦਾ ਨਾਂ ਜਾਂ ਲੋਗੋ ਬਿਨਾਂ ਕਿਸੇ ਹੱਦ ਦੇ ਸ਼ਾਮਿਲ ਹੈ।"},"about-your-rights-3":{"_":"{{brandShortName}} ਵਿੱਚ ਕੁਝ ਫੀਚਰ, ਜਿਵੇਂ ਕਿ ਕਰੈਸ਼ ਰਿਪੋਰਟ, ਤੁਹਾਨੂੰ ਮੋਜ਼ੀਲਾ ਨੂੰ ਸੁਝਾਅ ਭੇਜਣ ਦੀ ਚੋਣ ਦਿੰਦੀ ਹੈ। ਸੁਝਾਅ ਦੇਣ ਦੀ ਚੋਣ ਕਰਕੇ ਤੁਸੀਂ ਮੋਜ਼ੀਲਾ ਨੂੰ ਉਸ ਦੇ ਉਤਪਾਦਾਂ ਵਿੱਚ ਸੁਧਾਰ ਕਰਨ, ਸੁਝਾਆਵਾਂ ਨੂੰ ਇਸ ਦੀ ਵੈੱਬਸਾਈਟ ਉੱਤੇ ਪ੍ਰਕਾਸ਼ਿਤ ਕਰਨ ਅਤੇ ਸੁਝਾਅ ਨੂੰ ਵੰਡਣ ਦੀ ਇਜ਼ਾਜ਼ਤ ਦਿੰਦੇ ਹੋ।"},"about-other":{"_":"ਹੋਰ"},"SIM_mandatory":{"_":"SIM ਕਾਰਡ ਚੇਤਾਵਨੀ"},"SIM_mandatory_warm":{"_":"SIM ਕਾਰਡ ਪਾਉ ਅਤੇ ਆਪਣੇ ਫੋਨ ਨੂੰ ਮੁੜ-ਚਾਲੂ ਕਰੋ ਜੀ।"},"sharing-performance-data":{"_":"ਕਾਰਗੁਜ਼ਾਰੀ ਡਾਟਾ ਸਾਂਝਾ ਕਰੋ"},"telemetry-sends":{"_":"ਟੈਲੀਮੈਂਟਰੀ ਮੋਜ਼ੀਲਾ ਨੂੰ ਤੁਹਾਡੇ {{brandShortName}} ਯੰਤਰ ਵਿੱਚ ਕਾਰਗੁਜ਼ਾਰੀ, ਹਾਰਡਵੇਅਰ, ਸੰਰਚਨਾ ਅਤੇ ਕਸਟਮਾਈਜ਼ ਦੇ ਬਾਰੇ ਡਾਟਾ ਭੇਜਦੀ ਹੈ। ਅਸੀਂ ਇਸ ਨੂੰ ਸਾਡੇ ਉਤਪਾਦੇ ਵਧੀਆ, ਤੇਜ਼ ਅਤੇ ਹੋਰ ਵੀ ਜਵਾਬਦੇਹ ਬਣਾਉਣ ਲਈ ਵਰਤਦੇ ਹਾਂ।"},"learn-more-at":{"_":"ਹੋਰ ਜਾਣੋ"},"external-telemetry":{"title":"ਟੈਲੀਮੈਟਰੀ"},"learn-about-information":{"_":"ਜਾਣੋ ਕਿ ਮੋਜ਼ੀਲਾ ਤੁਹਾਡੀ ਜਾਣਕਾਰੀ ਉੱਤੇ ਕਿਵੇਂ ਕੰਮ ਕਰਦਾ ਹੈ"},"external-privacy":{"title":"ਪਰਦੇਦਾਰੀ"},"welcomeBrowser":{"_":"{{brandShortName}} ਉੱਤੇ ਜੀ ਆਇਆਂ ਨੂੰ, ਮੋਜ਼ੀਲਾ ਵਲੋਂ ਖੁੱਲ੍ਹੇ ਸਰੋਤ ਵਾਲਾ ਓਪਰੇਟਿੰਗ ਸਿਸਟਮ। ਸਾਡਾ ਟੀਚਾ ਖੁੱਲ੍ਹਾਪਣ, ਕਾਢਾਂ ਅਤੇ ਮੌਕਿਆਂ ਦਾ ਪ੍ਰਚਾਰ ਕਰਨਾ, ਜਦੋਂ ਕਿ ਵੈੱਬ ਦੀ ਤਾਕਤ ਤੁਹਾਡੇ ਹੱਥਾਂ ਵਿੱਚ ਰਹੇ।"},"learnHow":{"_":"ਜਾਣੋ ਕਿ ਮੋਜ਼ੀਲਾ ਤੁਹਾਡੀ ਜਾਣਕਾਰੀ ਨੂੰ ਕਿਵੇਂ ਵਰਤਦਾ ਹੈ"},"privacyPolicy":{"_":"ਪਰਦੇਦਾਰੀ ਨੀਤੀ","title":"ਪਰਦੇਦਾਰੀ ਨੀਤੀ"},"aboutBrowser":{"_":"{{brandShortName}} ਬਾਰੇ"},"aboutYourPrivacy2":{"_":"ਤੁਹਾਡੀ ਪਰਦੇਦਾਰੀ"},"mozillaCommunity2":{"_":"When you use {{brandShortName}}, you become part of a global community helping to build a brighter future for the Web. If you’d like to know more about the Mozilla community, our other products and events near you, please enter your email address below."},"collaborate":{"_":"ਮੈਂ ਮੇਰੇ ਫੋਨ ਦਾ ਡਾਟਾ ਸਾਂਝਾ ਕਰਕੇ {{brandShortName}} ਸੁਧਾਰਨ ਲਈ ਮਦਦ ਕਰਨੀ ਚਾਹੁੰਦਾ/ਚਾਹੁੰਦੀ ਹਾਂ।"},"learnMore":{"_":"ਹੋਰ ਜਾਣੋ।"},"emailAddress":{"placeholder":"ਈਮੇਲ ਸਿਰਨਾਵਾਂ"},"email-successfully-added":{"_":"ਈਮੇਲ ਠੀਕ ਤਰ੍ਹਾਂ ਜੋੜੀ ਗਈ"},"email-loading":{"_":"…ਤੁਹਾਡੀ ਈਮੇਲ ਸੰਭਾਲੀ ਜਾ ਰਹੀ ਹੈ"},"browserPrivacyChoices":{"_":"{{brandShortName}} ਪਰਦੇਦਾਰੀ ਚੋਣਾਂ"},"privacy-b2g":{"_":"{{brandShortName}}","title":"{{brandShortName}}"},"privacy-marketplace":{"_":"ਮੰਡੀ","title":"{{privacy-marketplace}}"},"privacy-e-me":{"_":"everything.me","title":"{{privacy-e-me}}"},"navbar-back":{"_":"ਪਿੱਛੇ"},"navbar-next":{"_":"ਅੱਗੇ"},"navbar-join":{"_":"ਭਾਗ ਲਵੋ"},"thatsIt":{"_":"ਇਹ ਹੈ!"},"startYourPhone":{"_":"ਆਪਣੇ ਫੋਨ ਦਾ ਦੌਰਾ ਕਰੋ!"},"startYourTablet":{"_":"ਆਪਣੇ ਟੇਬਲੇਟ ਦਾ ਦੌਰਾ ਕਰੋ!"},"joinTutorial":{"_":"ਆਪਣੇ ਨਵੇਂ ਫੋਨ ਬਾਰੇ ਛੇਤੀ ਨਾਲ ਸਿੱਖਣ ਲਈ ਸਾਡੇ ਨਾਲ ਚੱਲੋ।"},"enjoyYourPhone":{"_":"ਤੁਸੀਂ ਆਪਣੇ ਨਵੇਂ ਫੋਨ ਦਾ ਆਨੰਦ ਲੈਣ ਲਈ ਤਿਆਰ ਹੋ।"},"optionsAvailable":{"_":"ਤੁਸੀਂ ਭਾਸ਼ਾ, ਮਿਤੀ/ਸਮਾਂ ਅਤੇ ਵਾਈ-ਫਾਈ ਕੁਨੈਕਸ਼ਨ ਨੂੰ ਸੈਟਿੰਗ ਵਿੱਚ ਜਾ ਕੇ ਬਦਲ ਸਕਦੇ ਹੋ।"},"letsGo":{"_":"ਆਓ ਚੱਲੀਏ"},"startTour":{"_":"ਦੌਰਾ ਕਰੋ"},"thatsIt1Tablet-2":{"_":"ਤੁਸੀਂ ਕਿਸੇ ਵੀ ਸਮੇਂ ਮੁੱਖ ਸਕਰੀਨ ਉੱਤੇ ਜਾਣ ਲਈ ਹੇਠਲੇ ਪਾਸੇ ਤੋਂ ਸਵੈਪ ਕਰ ਸਕਦੇ ਹੋ।"},"thatsIt2Tablet-2":{"_":"ਆਓ ਇਹ ਕਰੀਏ !"},"tutorial-step1-tiny":{"_":"ਆਪਣੀਆਂ ਐਪਸ ਵੇਖਣ ਲਈ ਸੱਜੇ ਤੋਂ ਖੱਬੇ ਵਲੋਂ ਜਾਓ।"},"tutorial-step2-tiny":{"_":"ਆਈਕਾਨ ਨੂੰ ਹਟਾਉਣ ਜਾਂ ਬਦਲਣ ਲਈ ਛੂਹੋ ਅਤੇ ਦੱਬੀ ਰੱਖੋ।"},"tutorial-step3-tiny":{"_":"ਕੋਈ ਵੀ ਸ਼ਬਦ ਜਾਂ ਵਿਸ਼ਾ ਦਿਉ ਅਤੇ ਤੁਹਾਡਾ ਫੋਨ ਤੁਰੰਤ ਇਸ ਨੂੰ ਅਪਨਾ ਲਵੇਗਾ।"},"tutorial-step4-tiny":{"_":"ਤਾਜ਼ਾ ਸੂਚਨਾਵਾਂ, ਕਰੈਡਿਟ ਜਾਣਕਾਰੀ ਅਤੇ ਸੈਟਿੰਗ ਵਰਤਣ ਲਈ ਹੇਠਾਂ ਨੂੰ ਸਵੈਪ ਕਰੋ।"},"tutorial-step5-tiny":{"_":"ਤਾਜ਼ਾ ਐਪਲੀਕੇਸ਼ਨਾਂ ਵੇਖਣ ਅਤੇ ਬੰਦ ਕਰਨ ਲਈ ਘਰ ਬਟਨ ਨੂੰ ਛੂਹੋ ਅਤੇ ਦੱਬੀ ਰੱਖੋ।"},"tutorial-step6-tiny":{"_":"ਤਾਜ਼ਾ ਐਪਲੀਕੇਸ਼ਨ ਵਿੱਚ ਅੱਗੇ ਤੇ ਪਿੱਛੇ ਜਾਣ ਲਈ ਸਕਰੀਨ ਦੇ ਪਾਸਿਆਂ ਤੋਂ ਸਵੈਪ ਕਰੋ।"},"tutorial-step1-large-2":{"_":"ਤਾਜ਼ਾ ਸੂਚਨਾਵਾਂ, ਕਰੈਡਿਟ ਜਾਣਕਾਰੀ ਅਤੇ ਸੈਟਿੰਗ ਵਰਤਣ ਲਈ ਹੇਠਾਂ ਨੂੰ ਸਵੈਪ ਕਰੋ।"},"tutorial-step2-large-2":{"_":"ਮੁੱਖ ਸਕਰੀਨ ਉੱਤੇ ਨਵੀਆਂ ਐਪਸ ਲੱਭਣ ਲਈ ਖੱਬੇ ਜਾਂ ਸੱਜੇ ਸਵੈਪ ਕਰੋ।"},"tutorial-step3-large-2":{"_":"ਆਈਕਾਨ ਨੂੰ ਹਟਾਉਣ ਜਾਂ ਭੇਜਣ ਲਈ ਛੂਹੋ ਅਤੇ ਦੱਬੀ ਰੱਖੋ।"},"tutorial-step4-large-2":{"_":"ਕਾਰਡ ਝਲਕ ਵਿੱਚ ਬਦਲਣ ਹੇਠਾਂ ਤੋਂ ਦੋ ਉਂਗਲਾਂ ਨਾਲ ਸਵੈਪ ਕਰੋ।"},"offline-dialog-title":{"_":"ਸਫ਼ਾ ਵੇਖਣ ਲਈ ਤੁਹਾਨੂੰ ਇੰਟਰਨੈੱਟ ਨਾਲ ਕੁਨੈਕਟ ਹੋਣਾ ਚਾਹੀਦਾ ਹੈ।"},"offline-dialog-text":{"_":"ਪਿੱਛੇ ਜਾਉ ਅਤੇ ਇੰਟਰਨੈੱਟ ਨਾਲ ਕੁਨੈਕਟ ਕਰੋ। ਤੁਸੀਂ ਸਫ਼ੇ ਨੂੰ ਸੈਟਿੰਗ ਤੋਂ ਜਾਂ ਕਿਸੇ ਵੀ ਬਰਾਊਜ਼ਰ ਤੋਂ {{url}} ਦੇ ਕੇ ਬਾਅਦ ਵਿੱਚ ਵੀ ਵੇਖ ਸਕਦੇ ਹੋ।"},"OK":{"_":"ਠੀਕ ਹੈ"},"offline-newsletter-dialog-title":{"_":"ਖ਼ਬਰਸਾਰ ਦਾ ਮੈਂਬਰ ਬਣਨ ਲਈ ਤੁਹਾਨੂੰ ਇੰਟਰਨੈੱਟ ਨਾਲ ਕੁਨੈਕਟ ਹੋਣਾ ਚਾਹੀਦਾ ਹੈ।"},"offline-newsletter-dialog-text":{"_":"ਕਿਰਪਾ ਕਰਕੇ ਪਿੱਛੇ ਜਾਉ ਅਤੇ ਇੰਟਰਨੈੱਟ ਨਾਲ ਕੁਨੈਕਟ ਕਰੋ।"},"invalid-email-dialog-title":{"_":"ਤੁਹਾਡੀ ਈਮੇਲ ਠੀਕ ਨਹੀਂ ਹੈ।"},"invalid-email-dialog-text":{"_":"ਕਿਰਪਾ ਕਰਕੇ ਪਿੱਛੇ ਜਾਉ ਅਤੇ ਆਪਣੀ ਐਂਟਰੀ ਠੀਕ ਕਰੋ।"},"weekday-0-long":{"_":"ਐਤਵਾਰ"},"weekday-1-long":{"_":"ਸੋਮਵਾਰ"},"weekday-2-long":{"_":"ਮੰਗਲਵਾਰ"},"weekday-3-long":{"_":"ਬੁੱਧਵਾਰ"},"weekday-4-long":{"_":"ਵੀਰਵਾਰ"},"weekday-5-long":{"_":"ਸ਼ੁੱਕਰਵਾਰ"},"weekday-6-long":{"_":"ਸ਼ਨਿੱਚਰਵਾਰ"},"weekday-0-short":{"_":"ਐਤ"},"weekday-1-short":{"_":"ਸੋਮ"},"weekday-2-short":{"_":"ਮੰਗਲ"},"weekday-3-short":{"_":"ਬੁੱਧ"},"weekday-4-short":{"_":"ਵੀਰ"},"weekday-5-short":{"_":"ਸ਼ੁੱਕਰ"},"weekday-6-short":{"_":"ਸ਼ਨਿੱ"},"month-0-long":{"_":"ਜਨਵਰੀ"},"month-1-long":{"_":"ਫਰਵਰੀ"},"month-2-long":{"_":"ਮਾਰਚ"},"month-3-long":{"_":"ਅਪਰੈਲ"},"month-4-long":{"_":"ਮਈ"},"month-5-long":{"_":"ਜੂਨ"},"month-6-long":{"_":"ਜੁਲਾਈ"},"month-7-long":{"_":"ਅਗਸਤ"},"month-8-long":{"_":"ਸਤੰਬਰ"},"month-9-long":{"_":"ਅਕਤੂਬਰ"},"month-10-long":{"_":"ਨਵੰਬਰ"},"month-11-long":{"_":"ਦਸੰਬਰ"},"month-0-genitive":{"_":"ਜਨਵਰੀ"},"month-1-genitive":{"_":"ਫਰਵਰੀ"},"month-2-genitive":{"_":"ਮਾਰਚ"},"month-3-genitive":{"_":"ਅਪਰੈਲ"},"month-4-genitive":{"_":"ਮਈ"},"month-5-genitive":{"_":"ਜੂਨ"},"month-6-genitive":{"_":"ਜੁਲਾਈ"},"month-7-genitive":{"_":"ਅਗਸਤ"},"month-8-genitive":{"_":"ਸਤੰਬਰ"},"month-9-genitive":{"_":"ਅਕਤੂਬਰ"},"month-10-genitive":{"_":"ਨਵੰਬਰ"},"month-11-genitive":{"_":"ਦਸੰਬਰ"},"month-0-short":{"_":"ਜਨ"},"month-1-short":{"_":"ਫਰ"},"month-2-short":{"_":"ਮਾਰ"},"month-3-short":{"_":"ਅਪ"},"month-4-short":{"_":"ਮਈ"},"month-5-short":{"_":"ਜੂਨ"},"month-6-short":{"_":"ਜੁਲਾ"},"month-7-short":{"_":"ਅਗ"},"month-8-short":{"_":"ਸਤੰ"},"month-9-short":{"_":"ਅਕਤੂ"},"month-10-short":{"_":"ਨਵੰ"},"month-11-short":{"_":"ਦਸੰ"},"minutes-ago-long":{"_":"{[ plural(value) ]}","_[zero]":"ਹੁਣੇ ਹੀਂ","_[one]":"ਮਿੰਟ ਕੁ ਪਹਿਲਾਂ","_[two]":"{{value}} ਮਿੰਟ ਪਹਿਲਾਂ","_[few]":"{{value}} ਮਿੰਟ ਪਹਿਲਾਂ","_[many]":"{{value}} ਮਿੰਟ ਪਹਿਲਾਂ","_[other]":"{{value}}  ਮਿੰਟ ਪਹਿਲਾਂ"},"hours-ago-long":{"_":"{[ plural(value) ]}","_[zero]":"ਹੁਣੇ ਹੀ","_[one]":"ਘੰਟਾ ਪਹਿਲਾਂ","_[two]":"{{value}} ਘੰਟੇ ਪਹਿਲਾਂ","_[few]":"{{value}} ਘੰਟੇ ਪਹਿਲਾਂ","_[many]":"{{value}} ਘੰਟੇ ਪਹਿਲਾਂ","_[other]":"{{value}} ਘੰਟੇ ਪਹਿਲਾਂ"},"days-ago-long":{"_":"{[ plural(value) ]}","_[zero]":"ਅੱਜ","_[one]":"ਕੱਲ੍ਹ","_[two]":"{{value}} ਦਿਨ ਪਹਿਲਾਂ","_[few]":"{{value}} ਦਿਨ ਪਹਿਲਾਂ","_[many]":"{{value}} ਦਿਨ ਪਹਿਲਾਂ","_[other]":"{{value}} ਦਿਨ ਪਹਿਲਾਂ"},"weeks-ago-long":{"_":"{[ plural(value) ]}","_[zero]":"ਇਹ ਹਫ਼ਤੇ","_[one]":"ਪਿਛਲੇ ਹਫ਼ਤੇ","_[two]":"{{value}} ਹਫ਼ਤੇ ਪਹਿਲਾਂ","_[few]":"{{value}} ਹਫ਼ਤੇ ਪਹਿਲਾਂ","_[many]":"{{value}} ਹਫ਼ਤੇ ਪਹਿਲਾਂ","_[other]":"{{value}} ਹਫ਼ਤੇ ਪਹਿਲਾਂ"},"months-ago-long":{"_":"{[ plural(value) ]}","_[zero]":"ਇਹ ਮਹੀਨੇ","_[one]":"ਪਿਛਲੇ ਮਹੀਨੇ","_[two]":"{{value}} ਮਹੀਨੇ ਪਹਿਲਾਂ","_[few]":"{{value}} ਮਹੀਨੇ ਪਹਿਲਾਂ","_[many]":"{{value}} ਮਹੀਨੇ ਪਹਿਲਾਂ","_[other]":"{{value}} ਮਹੀਨੇ ਪਹਿਲਾਂ"},"years-ago-long":{"_":"{[ plural(value) ]}","_[zero]":"ਇਹ ਸਾਲ","_[one]":"ਪਿਛਲੇ ਸਾਲ","_[two]":"{{value}} ਸਾਲ ਪਹਿਲਾਂ","_[few]":"{{value}} ਸਾਲ ਪਹਿਲਾਂ","_[many]":"{{value}} ਸਾਲ ਪਹਿਲਾਂ","_[other]":"{{value}} ਸਾਲ ਪਹਿਲਾਂ"},"minutes-until-long":{"_":"{[ plural(value) ]}","_[zero]":"ਹੁਣ","_[one]":"ਮਿੰਟ ਵਿੱਚ","_[two]":"{{value}} ਮਿੰਟਾਂ ਵਿੱਚ","_[few]":"{{value}} ਮਿੰਟਾਂ ਵਿੱਚ","_[many]":"{{value}} ਮਿੰਟਾਂ ਵਿੱਚ","_[other]":"{{value}} ਮਿੰਟਾਂ ਵਿੱਚ"},"hours-until-long":{"_":"{[ plural(value) ]}","_[zero]":"ਹੁਣ","_[one]":"ਇੱਕ ਘੰਟੇ ਵਿੱਚ","_[two]":"{{value}} ਘੰਟਿਆਂ ਵਿੱਚ","_[few]":"{{value}} ਘੰਟਿਆਂ ਵਿੱਚ","_[many]":"{{value}} ਘੰਟਿਆਂ ਵਿੱਚ","_[other]":"{{value}} ਘੰਟਿਆਂ ਵਿੱਚ"},"days-until-long":{"_":"{[ plural(value) ]}","_[zero]":"ਅੱਜ","_[one]":"ਭਲਕੇ","_[two]":"{{value}} ਦਿਨਾਂ ਵਿੱਚ","_[few]":"{{value}} ਦਿਨਾਂ ਵਿੱਚ","_[many]":"{{value}} ਦਿਨਾਂ ਵਿੱਚ","_[other]":"{{value}} ਦਿਨਾਂ ਵਿੱਚ"},"weeks-until-long":{"_":"{[ plural(value) ]}","_[zero]":"ਇਸ ਹਫ਼ਤੇ","_[one]":"ਅਗਲੇ ਹਫ਼ਤੇ","_[two]":"{{value}} ਹਫ਼ਤਿਆਂ ਵਿੱਚ","_[few]":"{{value}} ਹਫ਼ਤਿਆਂ ਵਿੱਚ","_[many]":"{{value}} ਹਫ਼ਤਿਆਂ ਵਿੱਚ","_[other]":"{{value}} ਹਫ਼ਤਿਆਂ ਵਿੱਚ"},"months-until-long":{"_":"{[ plural(value) ]}","_[zero]":"ਇਸ ਮਹੀਨੇ","_[one]":"ਅਗਲੇ ਮਹੀਨੇ","_[two]":"{{value}} ਮਹੀਨਿਆਂ ਵਿੱਚ","_[few]":"{{value}} ਮਹੀਨਿਆਂ ਵਿੱਚ","_[many]":"{{value}} ਮਹੀਨਿਆਂ ਵਿੱਚ","_[other]":"{{value}} ਮਹੀਨਿਆਂ ਵਿੱਚ"},"years-until-long":{"_":"{[ plural(value) ]}","_[zero]":"ਇਸ ਸਾਲ","_[one]":"ਅਗਲੇ ਸਾਲ","_[two]":"{{value}} ਸਾਲਾਂ ਵਿੱਚ","_[few]":"{{value}} ਸਾਲਾਂ ਵਿੱਚ","_[many]":"{{value}} ਸਾਲਾਂ ਵਿੱਚ","_[other]":"{{value}} ਸਾਲਾਂ ਵਿੱਚ"},"minutes-ago-short":{"_":"{[ plural(value) ]}","_[zero]":"ਹੁਣੇ ਹੀ","_[other]":"{{value}}ਮਿੰ ਪਹਿਲਾਂ"},"hours-ago-short":{"_":"{[ plural(value) ]}","_[zero]":"ਹੁਣੇ ਹੀਂ","_[other]":"{{value}}ਘੰ ਪਹਿਲਾਂ"},"days-ago-short":{"_":"{[ plural(value) ]}","_[zero]":"ਅੱਜ","_[other]":"{{value}}ਦਿ ਪਹਿਲਾਂ"},"minutes-until-short":{"_":"{[ plural(value) ]}","_[zero]":"ਹੁਣ","_[other]":"{{value}}ਮਿੰ ਵਿੱਚ"},"hours-until-short":{"_":"{[ plural(value) ]}","_[zero]":"ਹੁਣ","_[other]":"{{value}}ਘੰ ਵਿੱਚ"},"days-until-short":{"_":"{[ plural(value) ]}","_[zero]":"ਅੱਜ","_[other]":"{{value}}ਦਿ ਵਿੱਚ"},"incorrectDate":{"_":"(ਗਲਤ ਮਿਤੀ)"},"dateTimeFormat_%c":{"_":"%a %e %b  %Y %I:%M:%S %p"},"dateTimeFormat_%x":{"_":"%d/%m/%Y"},"dateTimeFormat_%X":{"_":"%I:%M:%S %p"},"shortTimeFormat":{"_":"%I:%M %p"},"shortDateTimeFormat":{"_":"%x %I:%M %p"},"weekStartsOnMonday":{"_":"1"},"time_am":{"_":"ਸਵੇਰੇ"},"time_pm":{"_":"ਸ਼ਾਮ"},"tz-region":{"_":"ਖੇਤਰ"},"tz-city":{"_":"ਸ਼ਹਿਰ"},"tzRegion-Africa":{"_":"ਅਫਰੀਕਾ"},"tzRegion-America":{"_":"ਅਮਰੀਕਾ"},"tzRegion-Antarctica":{"_":"ਐਨਟਾਰਟਿਕਾ"},"tzRegion-Asia":{"_":"ਏਸ਼ੀਆ"},"tzRegion-Atlantic":{"_":"ਐਟਲਾਟਿਕ ਮਹਾਂਸਾਗਰ"},"tzRegion-Australia":{"_":"ਆਸਟਰੇਲੀਆ"},"tzRegion-Europe":{"_":"ਯੂਰਪ"},"tzRegion-Indian":{"_":"ਹਿੰਦ ਮਹਾਂਸਾਗਰ"},"tzRegion-Pacific":{"_":"ਪ੍ਰਸ਼ਾਂਤ ਮਹਾਂਸਾਗਰ"},"close":{"_":"ਬੰਦ"},"import":{"_":"ਇੰਪੋਰਟ"},"fbFriends":{"_":"ਫੇਸਬੁੱਕ ਦੋਸਤ"},"live-serviceName":{"_":"ਵਿੰਡੋਜ਼ ਲਾਈਵ"},"gmail-serviceName":{"_":"ਜੀਮੇਲ"},"facebook-serviceName":{"_":"ਫੇਸਬੁੱਕ ਦੋਸਤ"},"viewAll":{"_":"ਸਭ ਫੇਸਬੁੱਕ ਦੋਸਤ ਵੇਖੋ"},"viewRecommend":{"_":"ਕੇਵਲ ਸਿਫਾਰਸ਼ੀ ਹੀ ਵੇਖੋ"},"linkProposal":{"_":"{[ plural(numFriends) ]}","_[zero]":"ਕੋਈ ਮਿਲਦੇ ਦੋਸਤ ਨਹੀਂ ਹਨ। ਸਭ ਵੇਖਾਏ ਜਾ ਰਹੇ ਹਨ","_[one]":"ਸਿਫਾਰਸ਼ ਕੀਤਾ ਚੁਣੋ","_[two]":"ਸਿਫਾਰਸ਼ ਕੀਤਾ ਚੁਣੋ","_[few]":"ਸਿਫਾਰਸ਼ ਕੀਤਾ ਚੁਣੋ","_[many]":"ਸਿਫਾਰਸ਼ ਕੀਤਾ ਚੁਣੋ","_[other]":"ਸਿਫਾਰਸ਼ ਕੀਤਾ ਚੁਣੋ"},"fbFriendsFound":{"_":"{[ plural(numFriends) ]}","_[zero]":"ਤੁਹਾਡੇ ਸਾਰੇ ਦੋਸਤ ਪ੍ਰਾਪਤ (ਇੰਪੋਰਟ) ਕੀਤੇ ਗਏ ਹਨ","_[one]":"ਇੰਪੋਰਟ ਕਰਨ ਲਈ ਇੱਕ ਦੋਸਤ ਮਿਲਿਆ","_[two]":"ਇੰਪੋਰਟ ਕਰਨ ਲਈ {{numFriends}} ਦੋਸਤ ਮਿਲੇ","_[few]":"ਇੰਪੋਰਟ ਕਰਨ ਲਈ {{numFriends}} ਦੋਸਤ ਮਿਲੇ","_[many]":"ਇੰਪੋਰਟ ਕਰਨ ਲਈ {{numFriends}} ਦੋਸਤ ਮਿਲੇ","_[other]":"ਇੰਪੋਰਟ ਕਰਨ ਲਈ {{numFriends}} ਦੋਸਤ ਮਿਲੇ"},"done-search":{"_":"ਮੁਕੰਮਲ"},"progressFB3ImportTitle":{"_":"ਦੋਸਤਾਂ ਨੂੰ ਸੰਪਰਕ ਵਿੱਚ ਜੋੜਿਆ ਜਾ ਰਿਹਾ ਹੈ"},"progressFB":{"_":"{{current}}/{{total}}"},"progressFB3UpdateTitle":{"_":"ਸੰਪਰਕ ਵਿੱਚ ਦੋਸਤਾਂ ਨੂੰ ਅੱਪਡੇਟ ਕੀਤਾ ਜਾ ਰਿਹਾ ਹੈ"},"message2":{"_":"ਇਸ ਨੂੰ ਕੁਝ ਕੁ ਮਿੰਟ ਲੱਗ ਸਕਦੇ ਹਨ"},"messageLinking":{"_":"ਉਡੀਕ ਕਰੋ ਜੀ। ਅਸੀਂ ਤੁਹਾਡੇ ਦੋਸਤਾਂ ਨੂੰ ਤੁਹਾਡੇ ਸੰਪਰਕ ਨਾਲ ਲਿੰਕ ਕਰ ਰਹੇ ਹਾਂ"},"error1":{"_":"{{from}} ਗਲਤੀ"},"error2":{"_":"ਕੀ ਤੁਸੀਂ ਫੇਰ ਕੋਸ਼ਿਸ਼ ਕਰਨੀ ਚਾਹੁੰਦੇ ਹੋ?"},"errorProposal":{"_":"ਸੁਝਾਅ ਗਿਣਤੀ ਕਰਨੀ"},"errorFriends":{"_":"ਦੋਸਤ ਪ੍ਰਾਪਤ ਕਰਨੇ"},"errorLinking":{"_":"ਸੰਪਰਕ ਲਿੰਕ ਕਰਨੇ"},"timeout1":{"_":"{{from}} ਲਈ ਸਮਾਂ ਹੱਦ ਤੋਂ ਟੱਪ ਗਿਆ"},"timeout2":{"_":"ਕੀ ਤੁਸੀਂ ਫੇਰ ਕੋਸ਼ਿਸ਼ ਕਰਨੀ ਚਾਹੁੰਦੇ ਹੋ?"},"timeoutProposal":{"_":"ਸੁਝਾਅ ਗਿਣਤੀ ਕਰਨੀ"},"timeoutFriends":{"_":"ਦੋਸਤ ਪ੍ਰਾਪਤ ਕਰਨੇ"},"timeoutLinking":{"_":"ਸੰਪਰਕ ਲਿੰਕ ਕਰਨੇ"},"wait1":{"_":"ਉਡੀਕੋ ਜੀ"},"wait2":{"_":"ਇਸ ਨੂੰ ਕੁਝ ਕੁ ਮਿੰਟ ਲੱਗ ਸਕਦੇ ਹਨ"},"waitProposal":{"_":"ਉਡੀਕੋ ਜੀ। ਅਸੀਂ ਸੁਝਾਅ ਦੀ ਗਿਣਤੀ ਕਰ ਰਹੇ ਹਾਂ।"},"waitFriends":{"_":"ਉਡੀਕੋ ਜੀ। ਅਸੀਂ ਤੁਹਾਡੀ ਦੋਸਤ ਸੂਚੀ ਪ੍ਰਾਪਤ ਕਰਨ ਲਈ ਕੁਨੈਕਟ ਕਰ ਰਹੇ ਹਾਂ"},"curtainCancel":{"_":"ਰੱਦ ਕਰੋ"},"curtainRetry":{"_":"ਮੁੜ-ਕੋਸ਼ਿਸ਼"},"curtainOK":{"_":"ਠੀਕ ਹੈ"},"connectionLost":{"_":"ਇੰਟਰਨੈੱਟ ਕੁਨੈਕਸ਼ਨ ਨਹੀਂ ਹੈ"},"connectionLostMsg":{"_":"ਦੋਸਤਾਂ ਦੀਆਂ ਫੋਟੋ ਤੁਹਾਡੇ ਸੰਪਰਕ ਵਿੱਚ ਜੋੜਿਆ ਨਹੀਂ ਜਾਣਗੀਆਂ। ਕੀ ਜਾਰੀ ਰੱਖਣਾ ਹੈ?"},"yesOption":{"_":"ਠੀਕ ਹੈ"},"noOption":{"_":"ਰੱਦ ਕਰੋ"},"friendsUpdated":{"_":"{[ plural(numFriends) ]}","_[zero]":"ਕੋਈ ਦੋਸਤ ਨਹੀਂ ਅੱਪਡੇਟ ਕੀਤਾ।","_[one]":"ਇੱਕ ਦੋਸਤ ਅੱਪਡੇਟ ਕੀਤਾ","_[two]":"{{numFriends}} ਦੋਸਤ ਅੱਪਡੇਟ ਕੀਤੇ","_[few]":"{{numFriends}} ਦੋਸਤ ਅੱਪਡੇਟ ਕੀਤੇ","_[many]":"{{numFriends}} ਦੋਸਤ ਅੱਪਡੇਟ ਕੀਤੇ","_[other]":"{{numFriends}} ਦੋਸਤ ਅੱਪਡੇਟ ਕੀਤੇ"},"notificationLogin":{"_":"ਤੁਹਾਡਾ ਫੇਸਬੁੱਕ ਸ਼ੈਸ਼ਨ ਅਢੁੱਕਵਾਂ ਹੈ। ਫੇਰ ਲਾਗਇਨ ਕਰੋ ਜੀ।"},"syncError":{"_":"ਤੁਹਾਡੇ ਦੋਸਤਾਂ ਦੇ ਡਾਟੇ ਨੂੰ ਸਿੰਕ ਕਰਨ ਦੌਰਾਨ ਗਲਤੀ ਆਈ ਸੀ"},"addToExistingContact":{"_":"ਮੌਜੂਦਾ ਸੰਪਰਕ ਵਿੱਚ ਜੋੜੋ"},"all":{"_":"ਸਭ"},"callLog":{"_":"ਕਾਲ ਲਾਗ"},"connecting":{"_":"ਕੁਨੈਕਟ ਕੀਤਾ ਜਾ ਰਿਹਾ ਹੈ"},"cf-async":{"_":"Asynchronous: {{ async }}\n"},"cf-data":{"_":"ਡਾਟਾ: {{ data }}\n"},"cf-error":{"_":"ਕਾਲ ਅੱਗੇ ਭੇਜਣ ਸਥਿਤੀ ਪਤਾ ਕਰਨ ਦੌਰਾਨ ਗਲਤੀ ਆਈ"},"cf-fax":{"_":"ਫੈਕਸ: {{ fax }}\n"},"cf-inactive":{"_":"ਨਾ-ਸਰਗਰਮ"},"cf-packet":{"_":"ਪੈਕਟ: {{ packet }}\n"},"cf-pad":{"_":"PAD: {{ pad }}\n"},"cf-sms":{"_":"SMS: {{ sms }}\n"},"cf-status":{"_":"ਕਾਲ ਅੱਗੇ ਭੇਜਣ ਸਥਿਤੀ\n"},"cf-sync":{"_":"Synchronous: {{ sync }}\n"},"cf-voice":{"_":"ਵਾਈਸ: {{ voice }}\n"},"confirm-deletion":{"_":"ਚੁਣੀਆਂ ਕਾਲਾਂ ਹਟਾਉਣੀਆਂ ਹਨ?"},"createNewContact":{"_":"ਨਵਾਂ ਸੰਪਰਕ ਬਣਾਓ"},"delete":{"_":"ਹਟਾਓ"},"edit-selected":{"_":"{[ plural(n) ]}","_[one]":"{{ n }} ਚੁਣਿਆ","_[two]":"{{ n }} ਚੁਣੇ","_[few]":"{{ n }} ਚੁਣੇ","_[many]":"{{ n }} ਚੁਣੇ","_[other]":"{{ n }} ਚੁਣੇ"},"ignore":{"_":"ਕਾਲ ਅਣਡਿੱਠੀ"},"incoming":{"_":"ਆਉਣ"},"missed":{"_":"ਖੁੰਝੀਆਂ"},"missedCall":{"_":"ਖੁੰਝੀ ਕਾਲ"},"missedCallMultiSims":{"_":"(SIM {{ n }}) ਖੁੰਝੀ ਕਾਲ"},"mmi-error":{"_":"ਸੁਨੇਹਾ ਭੇਜੇਣ ਦੌਰਾਨ ਗਲਤੀ ਆਈ ਹੈ"},"mmi-session-expired":{"_":"ਸ਼ੈਸ਼ਨ ਦੀ ਮਿਆਦ ਪੁੱਗੀ"},"mmi-successfully-sent":{"_":"ਸੁਨੇਹਾ ਠੀਕ ਤਰ੍ਹਾਂ ਭੇਜਿਆ ਗਿਆ"},"no-logs-msg-1":{"_":"ਕੋਈ ਕਾਲ ਰਿਕਾਰਡ ਨਹੀਂ ਹੈ"},"no-logs-msg-2":{"_":"ਹੁਣ ਸੰਚਾਰ ਸ਼ੁਰੂ ਕਰੋ"},"no-logs-msg-3":{"_":"ਕੋਈ ਖੁੰਝੀ ਕਾਲ ਨਹੀਂ ਹੈ"},"reply":{"_":"ਜਵਾਬ"},"switch-calls":{"_":"ਕਾਲਾਂ ਬਦਲੋ"},"withheld-number":{"_":"ਰੋਕਿਆ ਨੰਬਰ"},"from-contact":{"_":"{{ contact }} ਵਲੋਂ"},"from-number":{"_":"{{ number }} ਤੋਂ"},"from-withheld-number":{"_":"ਰੋਕੇ ਨੰਬਰ ਤੋਂ"},"sending":{"_":"…ਭੇਜਿਆ ਜਾ ਰਿਹਾ ਹੈ"},"ussd-services":{"_":"{{ operator }} ਸੇਵਾਵਾਂ"},"type-your-response":{"placeholder":"…ਆਪਣਾ ਜਵਾਬ ਲਿਖੋ"},"clear-all-text":{"_":"ਸਾਰਾ ਟੈਕਸਟ ਸਾਫ਼ ਕਰੋ"},"hide":{"_":"ਓਹਲੇ"},"hold":{"_":"ਹੋਲਡ"},"resume":{"_":"ਮੁੜ ਲਵੋ"},"sendSms":{"_":"ਸੁਨੇਹਾ ਭੇਜੋ"},"callEnded":{"_":"ਕਾਲ ਬੰਦ ਕੀਤੀ"},"via-sim":{"_":"ਸਿਮ{{ n }} ਰਾਹੀਂ"},"sim-number":{"_":"ਸਿਮ{{ n }}"},"hangup-a11y-button":{"aria-label":"ਬੰਦ ਕਰੋ"},"pickup-a11y-button":{"aria-label":"ਲਵੋ"},"unlock-a11y-button":{"aria-label":"ਸਲਾਈਡਰ"},"delete-n-log?":{"_":"{[ plural(n) ]}","_[zero]":"ਕੁਝ ਨਹੀਂ ਚੁਣਿਆ","_[one]":"ਚੁਣਿਆ ਲਾਗ ਹਟਾਉਣਾ ਹੈ?","_[two]":"{{ n }} ਲਾਗ ਹਟਾਉਣਾ ਹੈ?","_[few]":"{{ n }} ਲਾਗ ਹਟਾਉਣਾ ਹੈ?","_[many]":"{{ n }} ਲਾਗ ਹਟਾਉਣਾ ਹੈ?","_[other]":"{{ n }} ਲਾਗ ਹਟਾਉਣਾ ਹੈ?"},"callDurationMinutes":{"_":"{{ m }}:{{ s }}"},"callDurationHours":{"_":"{{ h }}:{{ m }}:{{ s}}"},"suggestionMatches":{"_":"{[ plural(n) ]}","_[one]":"\"{{ matchNumber }}\" ਲਈ {{ n }} ਮਿਲਦੇ","_[two]":"\"{{ matchNumber }}\" ਲਈ {{ n }} ਮਿਲਦੇ","_[few]":"\"{{ matchNumber }}\" ਲਈ {{ n }} ਮਿਲਦੇ","_[many]":"\"{{ matchNumber }}\" ਲਈ {{ n }} ਮਿਲਦੇ","_[other]":"\"{{ matchNumber }}\" ਲਈ {{ n }} ਮਿਲਦੇ"},"scCallBarring":{"_":"ਕਾਲ ਰੁਕਾਵਟ"},"scCallForwarding":{"_":"ਕਾਲ ਅੱਗੇ ਭੇਜਣੀ"},"scClip":{"_":"ਆਉਣ ਵਾਲਾ ਕਾਲਰ ID"},"scClir":{"_":"ਬਾਹਰ ਕਰਨ ਵਾਲਾ ID"},"scPwd":{"_":"ਪਾਸਵਰਡ ਬਦਲਿਆ"},"scCallWaiting":{"_":"ਕਾਲ ਉਡੀਕ"},"scPin":{"_":"ਪਿੰਨ ਬਦਲੋ"},"scPin2":{"_":"PIN2 ਬਦਲੋ"},"scPuk":{"_":"ਪਿੰਨ ਅਣ-ਬਲਾਕ"},"scPuk2":{"_":"PIN2 ਅਣ-ਬਲਾਕ"},"scImei":{"_":"IMEI"},"scUssd":{"_":"USSD"},"serviceClassVoice":{"_":"ਵਾਈਸ"},"serviceClassData":{"_":"ਡਾਟਾ"},"serviceClassFax":{"_":"ਫੈਕਸ"},"serviceClassSms":{"_":"SMS"},"serviceClassDataSync":{"_":"ਸਿੰਕ"},"serviceClassDataAsync":{"_":"Async"},"serviceClassPacket":{"_":"ਪੈਕੇਟ"},"serviceClassPad":{"_":"PAD"},"smServiceEnabled":{"_":"ਸੇਵਾ ਚਾਲੂ ਕੀਤੀ ਗਈ"},"smServiceDisabled":{"_":"ਸੇਵਾ ਬੰਦ ਕੀਤੀ ਗਈ"},"smServiceRegistered":{"_":"ਰਜਿਸਟਰੇਸ਼ਨ ਸਫ਼ਲ ਰਹੀ"},"smServiceErased":{"_":"ਮਿਟਾਉਣਾ ਸਫ਼ਲ ਰਿਹਾ"},"smServiceInterrogated":{"_":"ਬੇਨਤੀ ਸਫ਼ਲ ਰਹੀ"},"smServiceNotProvisioned":{"_":"ਸੇਵਾ ਪ੍ਰਬੰਧੀ ਅਧੀਨ ਨਹੀਂ"},"smClirPermanent":{"_":"ਤੁਸੀਂ ਕਾਲਰ ਆਈਡੀ ਸੈਟਿੰਗ ਨਹੀਂ ਬਦਲ ਸਕਦੇ ਹੋ।"},"smClirDefaultOnNextCallOn":{"_":"ਕਾਲਰ ID ਮੂਲ ਤੌਰ ਉੱਤੇ ਸੀਮਤ ਹੈ। ਅਗਲੀ ਕਾਲ: ਸੀਮਤ"},"smClirDefaultOnNextCallOff":{"_":"ਕਾਲਰ ID ਮੂਲ ਤੌਰ ਉੱਤੇ ਸੀਮਤ ਹੈ। ਅਗਲੀ ਕਾਲ: ਸੀਮਤ ਨਹੀਂ"},"smClirDefaultOffNextCallOn":{"_":"ਕਾਲਰ ID ਮੂਲ ਤੌਰ ਉੱਤੇ ਸੀਮਤ ਨਹੀਂ ਹੈ। ਅਗਲੀ ਕਾਲ: ਸੀਮਤ"},"smClirDefaultOffNextCallOff":{"_":"ਕਾਲਰ ID ਮੂਲ ਤੌਰ ਉੱਤੇ ਸੀਮਤ ਨਹੀਂ ਹੈ। ਅਗਲੀ ਕਾਲ: ਸੀਮਤ ਨਹੀਂ"},"smServiceEnabledFor":{"_":"ਸੇਵਾ ਚਾਲੂ ਹੈ:"},"smPinChanged":{"_":"PIN ਠੀਕ ਤਰ੍ਹਾਂ ਬਦਲਿਆ ਗਿਆ"},"smPinUnblocked":{"_":"PIN ਠੀਕ ਤਰ੍ਹਾਂ ਅਣ-ਬਲਾਕ ਕੀਤਾ"},"smPin2Changed":{"_":"PIN2 ਠੀਕ ਤਰ੍ਹਾਂ ਬਦਲਿਆ ਗਿਆ"},"smPin2Unblocked":{"_":"PIN2 ਠੀਕ ਤਰ੍ਹਾਂ ਅਣ-ਬਲਾਕ ਕੀਤਾ"},"emMmiError":{"_":"ਕੁਨੈਕਸ਼ਨ ਨਾਲ ਸਮੱਸਿਆ ਜਾਂ ਗਲਤ MMI ਕੋਡ"},"emMmiErrorPasswordIncorrect":{"_":"ਗਲਤ ਪਾਸਵਰਡ"},"emMmiErrorNotSupported":{"_":"ਗਲਤ ਜਾਂ ਗ਼ੈਰ-ਸਹਾਇਕ MMI ਕੋਡ"},"emMmiErrorInvalidAction":{"_":"ਗਲਤ ਕਾਰਵਾਈ"},"emMmiErrorInvalidScCode":{"_":"ਗਲਤ ਸੇਵਾ ਕੋਡ"},"emMmiErrorBadPuk":{"_":"ਤੁਹਾਡੇ ਵਲੋਂ ਦਿੱਤਾ PUK  ਠੀਕ ਨਹੀਂ ਹੈ।"},"emMmiErrorBadPin":{"_":"ਤੁਹਾਡੇ ਵਲੋਂ ਦਿੱਤਾ ਪੁਰਾਣਾ PIN  ਠੀਕ ਨਹੀਂ ਹੈ।"},"emMmiErrorNeedPuk2":{"_":"ਸਿਮ ਕਾਰਡ ਅਣ-ਬਲਾਕ ਕਰਨ ਲਈ  PUK2 ਦਿਉ।"},"emMmiErrorMismatchPin":{"_":"ਤੁਹਾਡੇ ਵਲੋਂ ਦਿੱਤੇ PIN ਮਿਲਦੇ ਨਹੀਂ ਹਨ।"},"emMmiErrorInvalidPin":{"_":"4 ਤੋਂ 8 ਅੰਕਾਂ ਦਾ ਪਿੰਨ ਦਿਉ"},"emMmiErrorNeedsPuk":{"_":"ਤੁਹਾਡਾ ਸਿਮ ਕਾਰਡ PUK-ਲਾਕ ਹੈ।"},"emMmiErrorEnablePin":{"_":"ਅਸਫ਼ਲ ਹੈ।  SIM/RUIM ਲਾਕ ਚਾਲੂ ਕਰੋ।"},"emMmiErrorMmiFdn":{"_":"ਕਾਰਵਾਈ ਕੇਵਲ ਸਥਿਰ ਡਾਇਲ ਨੰਬਰਾਂ ਉੱਤੇ ਕਾਲ ਕਰਨ ਲਈ ਹੀ ਸੀਮਿਤ ਹੈ"},"emMmiErrorStkCcUssdDial":{"_":"USSD ਬੇਨਤੀ DIAL ਬੇਨਤੀ ਲਈ ਸੋਧੀ ਗਈ"},"emMmiErrorStkCcUssdSs":{"_":"USSD ਬੇਨਤੀ SS ਬੇਨਤੀ ਲਈ ਸੋਧੀ ਗਈ"},"emMmiErrorStkCcUssdUssd":{"_":"USSD ਬੇਨਤੀ ਨਵੀਂ USSD  ਬੇਨਤੀ ਲਈ ਸੋਧੀ ਗਈ"},"emMmiErrorStkCcSsDial":{"_":"SS ਬੇਨਤੀ DIAL  ਬੇਨਤੀ ਲਈ ਸੋਧੀ ਗਈ"},"emMmiErrorStkCcSsUssd":{"_":"SS ਬੇਨਤੀ USSD  ਬੇਨਤੀ ਲਈ ਸੋਧੀ ਗਈ"},"emMmiErrorStkCcSsSs":{"_":"SS ਬੇਨਤੀ ਨਵੀਂ SS  ਬੇਨਤੀ ਲਈ ਸੋਧੀ ਗਈ"},"emMmiErrorPinPukAttempts":{"_":"{[ plural(n) ]}","_[one]":"ਕੇਵਲ {{ n }} ਮੁੜ-ਕੋਸ਼ਿਸ਼ ਬਾਕੀ","_[two]":"{{ n }} ਮੁੜ-ਕੋਸ਼ਿਸ਼ਾਂ ਬਾਕੀ","_[few]":"{{ n }} ਮੁੜ-ਕੋਸ਼ਿਸ਼ਾਂ ਬਾਕੀ","_[many]":"{{ n }} ਮੁੜ-ਕੋਸ਼ਿਸ਼ਾਂ ਬਾਕੀ","_[other]":"{{ n }} ਮੁੜ-ਕੋਸ਼ਿਸ਼ਾਂ ਬਾਕੀ"},"emMmiErrorSimBlocked":{"_":"ਮੁੜ-ਕੋਸ਼ਿਸ ਕਰਨ ਦੀ ਵੱਧ ਤੋਂ ਵੱਧ ਹੱਟ ਟੱਪੀ। ਸਿਮ ਬਲਾਕ ਹੈ"},"RadioNotAvailable":{"_":"ਰੇਡੀਓ ਉਪਲੱਬਧ ਨਹੀਂ"},"GenericFailure":{"_":"ਸਧਾਰਨ ਗਲਤੀ"},"PasswordIncorrect":{"_":"ਪਾਸਵਰਡ ਫੇਲ੍ਹ ਹੈ"},"SimPin2":{"_":"ਸਿਮ PIN2"},"SimPuk2":{"_":"ਸਿਮ PUK2"},"RequestNotSupported":{"_":"ਬੇਨਤੀ ਸਹਾਇਕ ਨਹੀਂ"},"OpNotAllowedDuringVoiceCall":{"_":"ਵਾਈਸ ਕਾਲ ਦੇ ਦੌਰਾਨ ਕਾਰਵਾਈ ਸਹਾਇਕ ਨਹੀਂ"},"SmsSendFailRetry":{"_":"SMS ਭੇਜਣਾ ਫੇਲ੍ਹ ਮੁੜ-ਕੋਸ਼ਿਸ਼"},"SimAbsent":{"_":"ਸਿਮ ਗੈਰਹਾਜ਼ਰ"},"SubscriptionNotAvailable":{"_":"ਮੈਂਬਰੀ ਉਪਲੱਬਧ ਨਹੀਂ"},"ModeNotSupported":{"_":"ਮੋਡ ਸਹਾਇਕ ਨਹੀਂ"},"FdnCheckFailure":{"_":"Fdn ਜਾਂਚ ਫੇਲ੍ਹ ਹੈ"},"IllegalSimOrMe":{"_":"ਗਲਤ ਸਿਮ ਜਾਂ ME"},"DialModifiedToUssd":{"_":"USSD ਲਈ ਸੋਧਿਆ ਡਾਇਲ"},"DialModifiedToSs":{"_":"SS ਲਈ ਸੋਧਿਆ ਡਾਇਲ"},"DialModifiedToDial":{"_":"ਡਾਇਲ ਲਈ ਸੋਧਿਆ ਡਾਇਲ"},"UssdModifiedToDial":{"_":"ਡਾਇਲ ਲਈ ਸੋਧਿਆ USSD "},"UssdModifiedToSs":{"_":"SS ਲਈ ਸੋਧਿਆ USSD "},"UssdModifiedToUssd":{"_":"USSD ਲਈ ਸੋਧਿਆ USSD "},"SsModifiedToDial":{"_":"ਡਾਇਲ ਲਈ ਸੋਧਿਆ SS"},"SsModifiedToUssd":{"_":"USSD  ਲਈ ਸੋਧਿਆ SS"},"SsModifiedToSs":{"_":"SS ਲਈ ਸੋਧਿਆ SS"},"SubscriptionNotSupported":{"_":"ਮੈਂਬਰੀ ਸਹਾਇਕ ਨਹੀਂ"},"InvalidParameter":{"_":"ਗਲਤ ਮਾਪਢੰਡ"},"RejectedByRemote":{"_":"ਰਿਮੋਟ ਵਲੋਂ ਰੱਦ ਕੀਤਾ"},"group-call":{"_":"{[ plural(n) ]}","_[one]":"ਗਰੁੱਪ ਕਾਲ ({{ n }})","_[two]":"ਗਰੁੱਪ ਕਾਲ ({{ n }})","_[few]":"ਗਰੁੱਪ ਕਾਲ ({{ n }})","_[many]":"ਗਰੁੱਪ ਕਾਲ ({{ n }})","_[other]":"ਗਰੁੱਪ ਕਾਲ ({{ n }})"},"caller-left-call":{"_":"{{ caller }} ਨੇ ਕਾਲ ਛੱਡੀ"},"conferenceAddError":{"_":"ਕਾਲਾਂ ਮਿਲਾਉਣ ਲਈ ਅਸਮਰੱਥ"},"conferenceRemoveError":{"_":"ਕਾਲਾਂ ਵੱਖ-ਵੱਖ ਕਰਨ ਲਈ ਅਸਮਰੱਥ"},"longDateFormat":{"_":"%A, %e %B"},"select-audio-sources":{"_":"ਆਡੀਓ ਸਰੋਤ ਚੁਣੋ"},"bluetooth-handsfree-device":{"_":"ਬਲਿਊਟੁੱਥ ਹੈਡ-ਫਰੀ ਯੰਤਰ"},"receiver":{"_":"ਰਸੀਵਰ"},"speaker":{"_":"ਸਪੀਕਰ"},"sim-picker-dial-via-with-number":{"_":"{{ phoneNumber }} ਡਾਇਲ ਕਰੋ ਇਸ ਰਾਹੀਂ"},"sim-picker-select-sim":{"_":"ਸਿਮ ਚੁਣੋ"},"sim-picker-button":{"_":"SIM{{ n }}"},"sim-picker-button-default":{"_":"(ਮੂਲ)"},"waitDuplicateContacts":{"_":"ਡੁਪਲੀਕੇਟ ਸੰਪਰਕਾਂ ਦੀ ਖੋਜ ਜਾਰੀ"},"waitMergingDuplicateContacts":{"_":"ਡੁਪਲੀਕੇਟ ਸੰਪਰਕ ਮਿਲਾਏ ਜਾ ਰਹੇ ਹਨ"},"alertNoDuplicateContacts":{"_":"ਕੋਈ ਡੁਪਲੀਕੇਟ ਸੰਪਰਕ ਨਹੀਂ ਲੱਭਿਆ"},"merge":{"_":"ਮਿਲਾਓ"},"mergeDuplicateTitle":{"_":"ਡੁਪਲੀਕੇਟ ਮਿਲਾਉ"},"suggestedDuplicateContacts":{"_":"{{name}} ਲਈ ਸੁਝਾਏ ਡੁਪਲੀਕੇਟ ਸੰਪਰਕ"},"mergeActionButtonLabel":{"_":"{[ plural(n) ]}","_[zero]":"ਕੋਈ ਸੰਪਰਕ ਨਹੀਂ ਚੁਣਿਆ","_[one]":"{{n}} ਸੰਪਰਕ ਨਾਲ ਮਿਲਾਉ","_[other]":"{{n}} ਸੰਪਰਕਾਂ ਨਾਲ ਮਿਲਾਉ"},"duplicatesFoundTitle":{"_":"ਡੁਪਲੀਕੇਟ ਲੱਭੇ"},"duplicatesFoundMessage":{"_":"ਹੇਠ ਦਿੱਤੇ ਸੰਪਰਕਾਂ ਵਿੱਚ {{name}} ਡੁਪਲੀਕੇਟ ਜਾਣਕਾਰੀ ਲੱਭੀ"}}