{"brandShortName":{"_":"B2G OS"},"browserBrandShortName":{"_":"Web Browser"},"browserBrandFullName":{"_":"Mozilla Web Browser"},"callAirplaneModeMessage":{"_":"Aby wykonać połączenie, należy wyłączyć tryb lotu w ustawieniach."},"callAirplaneModeBtnOk":{"_":"OK"},"callAirplaneModeTitle":{"_":"Aktywny tryb lotu"},"numberIsBusyTitle":{"_":"Numer zajęty"},"numberIsBusyMessage":{"_":"Numer jest aktualnie zajęty. Proszę spróbować później."},"fdnIsEnabledTitle":{"_":"Wybieranie ustalone aktywne"},"fdnIsEnabledMessage":{"_":"Ten numer jest zablokowany, ponieważ nie ma go na liście uprawnionych numerów."},"voiceMail":{"_":"Poczta głosowa"},"emergencyNumber":{"_":"Numer alarmowy"},"emergencyDialogBodyBadNumber":{"_":"Aby wykonać połączenie, telefon musi być połączony z siecią."},"emergencyDialogBodyDeviceNotAccepted":{"_":"Sieć nie umożliwia wykonywania połączeń alarmowych."},"emergencyDialogBtnOk":{"_":"OK"},"emergencyDialogTitle":{"_":"Brak połączenia z siecią"},"invalidNumberToDialTitle":{"_":"Nieprawidłowy numer"},"invalidNumberToDialMessage":{"_":"Wybrany numer telefonu jest nieprawidłowy."},"unableToCallTitle":{"_":"Nie można wykonać połączenia"},"unableToCallMessage":{"_":"Wykonanie połączenia jest niemożliwe. Jeśli już dzwonisz, zakończ najpierw istniejące połączenie."},"otherConnectionInUseTitle":{"_":"Aktywne inne połączenie"},"otherConnectionInUseMessage":{"_":"Inne połączenie jest aktywne. Można używać tylko jednego połączenia na raz."},"add":{"_":"Dodaj"},"back":{"_":"Wstecz"},"call":{"_":"Zadzwoń"},"edit":{"_":"Edytuj"},"cancel":{"_":"Anuluj"},"done":{"_":"Gotowe"},"ok":{"_":"OK"},"update":{"_":"Uaktualnij"},"retry":{"_":"Ponów"},"contacts":{"_":"Kontakty"},"addContact":{"_":"Nowy kontakt"},"deleteContact":{"_":"Usuń kontakt"},"selectContact":{"_":"Wybierz kontakt"},"selectAll":{"_":"Zaznacz wszystko"},"deselectAll":{"_":"Odznacz wszystko"},"editContact":{"_":"Edycja kontaktu"},"deleteConfirmMsg":{"_":"Usunąć kontakt?"},"remove":{"_":"Usuń"},"comments":{"_":"Komentarze"},"no_contact_phones":{"_":"Brak przypisanego numeru telefonu do tego kontaktu"},"no_contact_email":{"_":"Brak przypisanego adresu e-mail do tego kontaktu"},"removePhotoConfirm":{"_":"Usunąć zdjęcie kontaktu?"},"loadingContacts":{"_":"Wczytywanie kontaktów…"},"noContactsActivity":{"_":"Nie można dodać do kontaktu, ponieważ lista kontaktów jest pusta"},"noName":{"_":"Brak imienia"},"givenName":{"placeholder":"Imię"},"familyName":{"placeholder":"Nazwisko"},"tel":{"placeholder":"Numer telefonu"},"carrier":{"_":"Operator","placeholder":"Operator"},"separator":{"_":","},"email":{"_":"E-mail","placeholder":"Adres e-mail"},"streetAddress":{"placeholder":"Ulica"},"postalCode":{"placeholder":"Kod pocztowy"},"locality":{"placeholder":"Miasto"},"countryName":{"placeholder":"Państwo"},"comment":{"placeholder":"Komentarz"},"org":{"placeholder":"Firma"},"custom":{"placeholder":"Inny","_":"Własna etykieta"},"date":{"_":"Data","placeholder":"Data"},"birthday":{"_":"Urodziny"},"dateFormat":{"_":"%e %Eb"},"dateOutput":{"_":"{{dayMonthFormatted}} {{year}} roku"},"anniversary":{"_":"Rocznica"},"addPhoto":{"_":"Dodaj zdjęcie"},"addPhone":{"_":"Dodaj telefon"},"addEmail":{"_":"Dodaj adres e-mail"},"addAddress":{"_":"Dodaj adres"},"addDate":{"_":"Dodaj datę"},"addComment":{"_":"Dodaj komentarz"},"addFavorite":{"_":"Dodaj do ulubionych"},"removeFavorite":{"_":"Usuń z ulubionych"},"label":{"_":"Etykieta"},"mobile":{"_":"Komórka"},"home":{"_":"Dom"},"work":{"_":"Praca"},"personal":{"_":"Prywatny"},"faxHome":{"_":"Domowy faks"},"faxOffice":{"_":"Służbowy faks"},"faxOther":{"_":"Inny faks"},"another":{"_":"Inna etykieta"},"other":{"_":"Inny"},"current":{"_":"Obecny"},"itemWithLabel":{"_":"{{label}}: {{item}}"},"exit":{"_":"Wyjście"},"expand":{"_":"Rozszerz"},"labelName":{"_":"Imię:"},"labelLastName":{"_":"Nazwisko:"},"labelPhoneNumber":{"_":"Numer telefonu:"},"labelCarrier":{"_":"Operator:"},"labelEmail":{"_":"Adres e-mail:"},"labelStreet":{"_":"Ulica:"},"labelZip":{"_":"Kod pocztowy:"},"labelCity":{"_":"Miasto:"},"labelCountry":{"_":"Kraj:"},"labelComment":{"_":"Komentarz:"},"legendTitleMain":{"_":"Podstawowe informacje"},"legendPhones":{"_":"Numery telefonów"},"legendEmail":{"_":"Adres e-mail"},"legendAddress":{"_":"Adres"},"settings":{"_":"Ustawienia"},"search-contact":{"placeholder":"Wyszukaj"},"noResults":{"_":"Nie znaleziono znajomych"},"transferContactsTitle":{"_":"Przenoszenie kontaktów"},"importContactsTitle":{"_":"Import"},"importContactsButton":{"_":"Importuj kontakty"},"exportContactsTitle":{"_":"Eksport"},"exportContactsButton":{"_":"Eksportuj kontakty"},"exportContactsAction":{"_":"Eksportuj"},"simExport-title":{"_":"Eksport na kartę SIM"},"sdExport-title":{"_":"Eksport na kartę SD"},"btExport-title":{"_":"Eksport przez Bluetooth"},"sdUMSEnabled":{"_":"Nie można użyć karty SD, ponieważ udostępnianie po USB jest aktywne."},"exportErrorTitle":{"_":"Błąd eksportu"},"contactsExported2":{"_":"{[plural(exported)]}","_[zero]":"Nic nie wyeksportowano","_[one]":"Wyeksportowano {{exported}}/{{total}}","_[two]":"Wyeksportowano {{exported}}/{{total}}","_[few]":"Wyeksportowano {{exported}}/{{total}}","_[many]":"Wyeksportowano {{exported}}/{{total}}","_[other]":"{{exported}}/{{total}} contacts exported"},"exportError-general":{"_":"Wystąpił błąd podczas eksportowania"},"exportError-SD-shared":{"_":"Nie można uzyskać dostępu do karty pamięci, ponieważ jest udostępniana"},"exportError-SD-unavailable":{"_":"Karta pamięci jest niedostępna"},"exportError-SD-noSpace":{"_":"Zbyt mało miejsca na karcie pamięci, aby wyeksportować na nią kontakty"},"exportError-SIM-unavailable":{"_":"Karta SIM jest niedostępna"},"exportError-BT-shared":{"_":"Nie można uzyskać dostępu do karty pamięci, ponieważ jest udostępniana"},"exportError-BT-unavailable":{"_":"Karta pamięci jest niedostępna"},"exportError-BT-noSpace":{"_":"Zbyt mało miejsca na karcie pamięci, aby wyeksportować na nią kontakty"},"simContacts-import":{"_":"Import kontaktu z karty SIM"},"simContacts-importing":{"_":"Importowanie kontaktów z karty SIM…"},"simContacts-reading":{"_":"Odczytywanie z karty SIM…"},"simContacts-error":{"_":"Nie udało się zaimportować kontaktów z karty SIM"},"simContacts-imported3":{"_":"{[plural(n)]}","_[zero]":"Nie znaleziono kontaktów do zaimportowania na karcie SIM","_[one]":"Zaimportowano jeden kontakt","_[two]":"Zaimportowano dwa kontakty","_[few]":"Zaimportowano {{n}} kontakty","_[many]":"Zaimportowano {{n}} kontaktów","_[other]":"Imported {{n}} contacts"},"noSimMsg":{"_":"Aby importować kontakty, włóż lub odblokuj kartę SIM"},"noSimMsgExport":{"_":"Aby eksportować kontakty, włóż lub odblokuj kartę SIM"},"simNumber":{"_":"SIM {{number}}"},"memoryCardContacts-import":{"_":"Import kontaktów z karty pamięci"},"memoryCardContacts-importing":{"_":"Importowanie kontaktów z karty pamięci…"},"memoryCardContacts-reading":{"_":"Odczytywanie z karty pamięci…"},"memoryCardContacts-error":{"_":"Nie udało się zaimportować kontaktów z karty pamięci"},"memoryCardContacts-imported3":{"_":"{[plural(n)]}","_[zero]":"Nie znaleziono kontaktów do zaimportowania na karcie pamięci","_[one]":"Zaimportowano jeden kontakt","_[two]":"Zaimportowano dwa kontakty","_[few]":"Zaimportowano {{n}} kontakty","_[many]":"Zaimportowano {{n}} kontaktów","_[other]":"Imported {{n}} contacts"},"noMemoryCardMsg":{"_":"Aby importować kontakty, włóż kartę pamięci"},"noMemoryCardMsgExport":{"_":"Aby eksportować kontakty, włóż kartę pamięci"},"genericProgress":{"_":"{{current}}/{{total}}"},"social-network":{"_":"Sieci społecznościowe"},"social-link":{"_":"Połącz kontakty"},"social-unlink":{"_":"Zaprzestań łączenia kontaktów"},"social-unlink-confirm-title":{"_":"Zaprzestać łączenia kontaktów znajomego?"},"social-unlink-confirm-accept":{"_":"Zaprzestań"},"facebook-import":{"_":"Importuj kontakty znajomych z Facebooka"},"show-fb-profile":{"_":"Wyświetl profil w serwisie Facebook"},"msg-send":{"_":"Wiadomość"},"wall-post":{"_":"Post"},"facebook":{"_":"Kontakty znajomych z Facebooka"},"facebook-import-msg":{"_":"{[plural(imported)]}","_[zero]":"Nic nie zaimportowano","_[one]":"Zaimportowano {{imported}}/{{total}}","_[two]":"Zaimportowano {{imported}}/{{total}}","_[few]":"Zaimportowano {{imported}}/{{total}}","_[many]":"Zaimportowano {{imported}}/{{total}}","_[other]":"{{imported}}/{{total}} friends imported"},"otherAccount":{"_":"Inne konta"},"facebookSwitchMsg":{"_":"Synchronizacja"},"select_mobile":{"_":"Wybierz komórkę"},"select_email":{"_":"Wybierz adres e-mail"},"contactsOrderBy":{"_":"Sortowanie wg nazwisk"},"importSim2":{"_":"Karta SIM"},"importMemoryCard":{"_":"Karta pamięci"},"importGmail":{"_":"Gmail"},"bluetooth":{"_":"Bluetooth"},"importOutlook":{"_":"Outlook"},"fbUpdateFriends":{"_":"Uaktualnij zaimportowane"},"cleaningFbData":{"_":"Usuwanie danych pochodzących z Facebooka"},"loggingOutFb":{"_":"Wylogowywanie z Facebooka"},"cleanFbConfirmMsg":{"_":"Usunąć wszystkie dane pochodzące z Facebooka?"},"renewPwdMsg":{"_":"Hasło w serwisie Facebook zostało zmienione i należy je uaktualnić."},"noConnection11":{"_":"Aby zaimportować kontakty lub dane znajomych z Facebooka, konieczne jest połączenie z Internetem."},"notEnabledYet":{"_":"Jeszcze nieodblokowane"},"genericNoConnection":{"_":"Aby zaimportować kontakty, konieczne jest połączenie z Internetem"},"simCard":{"_":"Karta SIM"},"memoryCard":{"_":"Karta pamięci"},"create-new":{"_":"Utwórz nowy kontakt"},"import-now":{"_":"Importuj dane kontaktów z karty SIM lub z Facebooka"},"no-contacts":{"_":"Brak kontaktów"},"start-adding":{"_":"Zacznij dodawać je teraz"},"notImported":{"_":"Nie importowano"},"imported":{"_":"Zaimportowano"},"today":{"_":"Dzisiaj"},"yesterday":{"_":"Wczoraj"},"messageCanceling":{"_":"Proszę czekać. Trwa anulowanie trwającej operacji."},"organise-contacts":{"_":"Zarządzanie kontaktami"},"find-merge-contacts":{"_":"Wyszukaj duplikaty"},"preparing-contacts":{"_":"Przygotowywanie eksportu…"},"exportError-SIM-NoFreeRecordFound":{"_":"Pełna karta SIM"},"exportError-SIM-CannotAccessPhoneBook":{"_":"Brak dostępu do książki adresowej karty SIM"},"exportError-SIM-Unavailable":{"_":"Nie wykryto karty SIM"},"exportError-SIM-GenericError":{"_":"Wystąpił błąd podczas eksportu kontaktu"},"pincode2":{"_":"Wprowadź PIN"},"type_pin":{"_":"Kod PIN:"},"pincodeLabel":{"_":"SIM {{n}} PIN"},"pinValidation":{"_":"Kod PIN musi składać się z 4 do 8 znaków."},"pinError":{"_":"Wprowadzono nieprawidłowy kod PIN."},"pinAttemptMsg2":{"_":"{[plural(n)]}","_[one]":"Pozostała jedna próba wprowadzenia poprawnego kodu przed zablokowaniem karty SIM.","_[two]":"Pozostały dwie próby wprowadzenia poprawnego kodu przed zablokowaniem karty SIM.","_[few]":"Pozostały {{n}} próby wprowadzenia poprawnego kodu przed zablokowaniem karty SIM.","_[many]":"Pozostało {{n}} prób wprowadzenia poprawnego kodu perzed zablokowaniem karty SIM.","_[other]":"You have {{n}} tries left to enter the correct code before locking the SIM card."},"pinLastChanceMsg":{"_":"Ostatnia szansa na wprowadzenie prawidłowego kodu PIN. W przeciwnym przypadku, konieczne będzie użycie kodu PUK, aby używać tej karty SIM."},"pukcode":{"_":"Wprowadź PUK"},"pukcodeTitle":{"_":"Wprowadź PUK karty SIM {{n}}"},"pukcodeLabel":{"_":"SIM {{n}} PUK"},"type_puk":{"_":"Kod PUK:"},"pukValidation":{"_":"Kod PUK musi składać się z dokładnie 8 znaków."},"pukInfo":{"_":"Konieczne jest wprowadzenie osobistego klucza odblokowującego (kodu PUK) karty SIM. Aby uzyskać więcej informacji, należy sprawdzić dokumentację karty SIM lub skontaktować się z operatorem."},"pukError":{"_":"Nieprawidłowy kod PUK"},"pukAttemptMsg2":{"_":"{[plural(n)]}","_[one]":"Pozostała ostatnia próba wprowadzenia prawidłowego kodu przed permanentną blokadą karty SIM powodującą jej bezużyteczność. Aby uzyskać więcej informacji, należy sprawdzić dokumenty karty SIM lub skontaktować się z operatorem.","_[two]":"Pozostały dwie próby wprowadzenia prawidłowego kodu przed permanentną blokadą karty SIM powodującą jej bezużyteczność. Aby uzyskać więcej informacji, należy sprawdzić dokumenty karty SIM lub skontaktować się z operatorem.","_[few]":"Pozostały {{n}} próby wprowadzenia prawidłowego kodu przed permanentną blokadą karty SIM powodującą jej bezużyteczność. Aby uzyskać więcej informacji, należy sprawdzić dokumenty karty SIM lub skontaktować się z operatorem.","_[many]":"Pozostało {{n}} prób wprowadzenia prawidłowego kodu przed permanentną blokadą karty SIM powodującą jej bezużyteczność. Aby uzyskać więcej informacji, należy sprawdzić dokumenty karty SIM lub skontaktować się z operatorem.","_[other]":"You have {{n}} tries left to enter the correct code before this SIM card will be permanently unusable. Refer to your SIM card documentation or contact your carrier for more information."},"pukLastChanceMsg":{"_":"Ostatnia szansa na wprowadzenie prawidłowego kodu PUK. Karta SIM zostanie permanentnie zablokowana i bezużyteczna, jeśli zostanie wprowadzony nieprawidłowy kod PUK."},"create_newpin":{"_":"Utwórz nowy kod PIN (4 do 8 cyfr)"},"confirm_newpin":{"_":"Potwierdź nowy PIN"},"newpinConfirmation":{"_":"Kody PIN nie zgadzają się"},"nckcode":{"_":"Wprowadź NCK"},"cckcode":{"_":"Wprowadź CCK"},"spckcode":{"_":"Wprowadź SPCK"},"nckcodeTitle":{"_":"Wprowadź NCK karty SIM {{n}}"},"cckcodeTitle":{"_":"Wprowadź CCK karty SIM {{n}}"},"spckcodeTitle":{"_":"Wprowadź SPCK karty SIM {{n}}"},"nckcodeLabel":{"_":"SIM {{n}} NCK"},"cckcodeLabel":{"_":"SIM {{n}} CCK"},"spckcodeLabel":{"_":"SIM {{n}} SPCK"},"type_nck":{"_":"Kod NCK:"},"type_cck":{"_":"Kod CCK:"},"type_spck":{"_":"Kod SPCK:"},"nckValidation":{"_":"Kod NCK musi składać się z 8 do 16 znaków."},"cckValidation":{"_":"Kod CCK musi składać się z 8 do 16 znaków."},"spckValidation":{"_":"Kod SPCK musi składać się z 8 do 16 znaków."},"nckErrorMsg":{"_":"Nieprawidłowy kod NCK."},"nckAttemptMsg2":{"_":"{[plural(n)]}","_[one]":"Błąd żądania depersonalizacji sieci. Pozostała ostatnia próba wprowadzenia poprawnego kodu. Aby uzyskać więcej informacji, należy sprawdzić instrukcję urządzenia lub skontaktować się z operatorem.","_[two]":"Błąd żądania depersonalizacji sieci. Pozostały dwie próby wprowadzenia poprawnego kodu. Aby uzyskać więcej informacji, należy sprawdzić instrukcję urządzenia lub skontaktować się z operatorem.","_[few]":"Błąd żądania depersonalizacji sieci. Pozostały {{n}} próby wprowadzenia poprawnego kodu. Aby uzyskać więcej informacji, należy sprawdzić instrukcję urządzenia lub skontaktować się z operatorem.","_[many]":"Błąd żądania depersonalizacji sieci. Pozostało {{n}} prób wprowadzenia poprawnego kodu. Aby uzyskać więcej informacji, należy sprawdzić instrukcję urządzenia lub skontaktować się z operatorem.","_[other]":"Network depersonalization request failure. You have {{n}} tries left to enter the correct code. Refer to your device documentation or contact your carrier for more information."},"nckLastChanceMsg":{"_":"Błąd żądania depersonalizacji sieci. Ostatnia szansa na wprowadzenie poprawnego kodu NCK. Aby uzyskać więcej informacji, należy sprawdzić instrukcję urządzenia lub skontaktować się z operatorem."},"skip":{"_":"Pomiń"},"send":{"_":"Dalej"},"simLocked":{"_":"Zablokowana karta SIM"},"inputCodeRetriesLeft":{"_":"{[plural(n)]}","_[one]":"Ostatnia próba.","_[two]":"Pozostały dwie próby.","_[few]":"Pozostały {{n}} próby.","_[many]":"Pozostało {{n}} prób.","_[other]":"{{n}} tries left."},"simManager":{"_":"Menedżer SIM"},"simDetail":{"_":"SIM {{n}}"},"simDefault":{"_":"(domyślna)"},"simDefaultMessage":{"_":"Wychodzące rozmowy, wiadomości i dane są domyślnie przypisane do karty SIM 1"},"simSettingsMessage":{"_":"Można to zmienić w Ustawienia > Menedżer SIM"},"simPinLocked":{"_":"Blokada SIM"},"noOperator":{"_":"Brak operatora"},"language":{"_":"Język"},"english":{"_":"English"},"dvorak":{"_":"English (Dvorak)"},"spanish":{"_":"Español"},"portuguese":{"_":"Português (do Brasil)"},"french":{"_":"Français"},"italian":{"_":"Italiano"},"arabic":{"_":"عربي"},"greek":{"_":"Ελληνικά"},"hebrew":{"_":"עברית"},"jp-kanji":{"_":"日本語"},"jp-kanji-desc":{"_":"漢字"},"traditionalChinese":{"_":"正體中文 (繁體)"},"traditionalChinese-desc":{"_":"注音符號"},"simplifiedChinese":{"_":"中文 (简体)"},"simplifiedChinese-desc":{"_":"拼音"},"3g":{"_":"Dane w sieci GSM"},"dataConnection":{"_":"Przesyłanie danych"},"dataConnectionInfo":{"_":"Włączenie przesyłania danych pozwoli skonfigurować telefon bez połączenia z siecią Wi-Fi. Przesyłanie danych można również włączyć później w ustawieniach. Warto sprawdzić, jakie opłaty nalicza operator za przesyłanie danych, aby uniknąć znacznych i niespodziewanych kosztów."},"caution":{"_":"Ostrzeżenie"},"geolocation":{"_":"Lokalizacja położenia"},"geolocationCheckbox":{"_":"Usługi lokalizacyjne"},"geolocationInfo2":{"_":"{{brandShortName}} wykorzystuje dane pochodzące z GPS, z sieci komórkowych oraz Wi-Fi, aby ustalić przybliżone położenie."},"geolocationInfoMore":{"_":"Dane są wysyłane do Mozilli oraz innych usługodawców i zagregowane będą wykorzystywane do doskonalenia ich baz danych położenia. Dane mogą być przechowywane na urządzeniu, a ich zbieranie może następować, nawet jeśli nie uruchomiono żadnych aplikacji."},"notice":{"_":"Ostrzeżenie"},"aboutYourPrivacy":{"_":"O politykach prywatności"},"wifi":{"_":"Sieć Wi-Fi"},"scanningNetworks":{"_":"Wyszukiwanie sieci Wi-Fi…"},"selectNetwork":{"_":"Dostępne sieci"},"shortStatus-connecting":{"_":"Łączenie…"},"shortStatus-associated":{"_":"Uzyskiwanie adresu IP…"},"shortStatus-connected":{"_":"Połączono"},"shortStatus-connectingfailed":{"_":"Nie udało się połączyć"},"shortStatus-disconnected":{"_":"Offline"},"securedBy":{"_":"Zabezpieczenia: {{capabilities}}"},"security":{"_":"Zabezpieczenia"},"securityNone":{"_":"Brak"},"securityWEP":{"_":"WEP"},"securityWPA-PSK":{"_":"WPA-PSK"},"securityWPA-EAP":{"_":"WPA-EAP"},"securityOpen":{"_":"Otwarta"},"identity":{"_":"Nazwa użytkownika"},"identityInput":{"placeholder":"Użytkownik"},"password":{"_":"Hasło"},"passwordInput":{"placeholder":"Hasło"},"showPassword":{"_":"Pokaż hasło"},"refresh":{"_":"Odśwież"},"noWifiFound3":{"_":"Nie odnaleziono żadnych sieci bezprzewodowych"},"join-hidden-button":{"_":"Połącz z ukrytą siecią"},"authentication":{"_":"Uwierzytelnianie"},"ssid-name":{"_":"Nazwa SSID sieci"},"dateAndTime":{"_":"Data i czas"},"setTimeAutomatically":{"_":"Automatycznie"},"timezoneMessage":{"_":"Strefa czasowa"},"timezoneTitle":{"_":"UTC{{utcOffset}} {{region}}/{{city}}"},"dateMessage":{"_":"Data"},"timeMessage":{"_":"Czas"},"timeZone":{"_":"Strefa czasowa"},"change":{"_":"Zmień"},"importContacts3":{"_":"Import kontaktów"},"importFb2":{"_":"Serwis Facebook"},"fb-checking":{"_":"… sprawdzanie"},"notImportedYet":{"_":"Jeszcze niezaimportowane"},"afterFbImport":{"_":"Kontakty znajomych z Facebooka można importować w dowolnym momencie w ustawieniach kontaktów"},"about-your-rights-0":{"_":"{{brandShortName}} jest zbudowany w oparciu o wolne oprogramowanie o otwartym kodzie źródłowym stworzone przez społeczność tysięcy ludzi z całego świata. Jest kilka zagadnień związanych z tym programem, o których należy wiedzieć:"},"about-your-rights-1":{"_":"{{brandShortName}} został udostępniony użytkownikowi na warunkach kilku otwartych licencji, w tym Mozilla Public License. Urządzenie z systemem {{brandShortName}} może również zawierać własnościowe oprogramowanie od innych dostawców. Kod objęty otwartymi licencjami można modyfikować i rozpowszechniać jego zmodyfikowane wersje pod warunkiem przestrzegania ich pozostałych postanowień."},"about-your-rights-2":{"_":"Nie otrzymujesz żadnych licencji ani praw do znaków towarowych Mozilla Foundation i innych podmiotów, w tym w szczególności do nazwy i logotypu {{brandShortName}}."},"about-your-rights-3":{"_":"Niektóre funkcje {{brandShortName}}, takie jak narzędzie zgłaszania awarii, umożliwiają przesyłanie opinii do Mozilli. Przesyłając takie opinie, wyrażasz zgodę na używanie przez Mozillę przesłanych opinii do celów ulepszenia jego produktów, publikowania tych opinii na stronach internetowych oraz do ich rozpowszechniania."},"about-other":{"_":"Inni dostawcy oprogramowania"},"SIM_mandatory":{"_":"Wymagana karta SIM"},"SIM_mandatory_warm":{"_":"Proszę włożyć kartę SIM i uruchomić ponownie telefon."},"sharing-performance-data":{"_":"Udostępnianie danych o wydajności"},"telemetry-sends":{"_":"Informacje na temat wydajności, sprzętu, ustawień i dokonanych zmian są wysyłane do Mozilli, aby uczynić {{brandShortName}} lepszym, szybszym i bardziej responsywnym."},"learn-more-at":{"_":"Więcej szczegółów na stronie"},"external-telemetry":{"title":"Telemetria"},"learn-about-information":{"_":"Dowiedz się, jak Mozilla obchodzi się z Twoimi danymi na stronie"},"external-privacy":{"title":"O polityce prywatności"},"welcomeBrowser":{"_":"Witaj w {{brandShortName}}, darmowym systemie operacyjnym o otwartym kodzie źródłowym od Mozilli. Wierzymy, że otwartość, innowacyjność i możliwości są kluczowe dla zapewnienia dostępu do pełnego potencjału Internetu."},"learnHow":{"_":"Dowiedz się, jak Mozilla obchodzi się z Twoimi danymi, czytając"},"privacyPolicy":{"_":"o polityce prywatności","title":"O polityce prywatności"},"aboutBrowser":{"_":"O {{brandShortName}}"},"aboutYourPrivacy2":{"_":"O polityce prywatności"},"mozillaCommunity2":{"_":"Używając {{brandShortName}}, stajesz się częścią globalnej społeczności pomagającej tworzyć lepszą przyszłość sieci. Aby dowiedzieć się więcej o społeczności, innych produktach i przedsięwzięciach Mozilli, wystarczy poniżej podać swój adres e-mail."},"collaborate":{"_":"Pomagaj doskonalić {{brandShortName}} poprzez udostępnianie danych o urządzeniu."},"learnMore":{"_":"Więcej informacji."},"emailAddress":{"placeholder":"Adres e-mail"},"email-successfully-added":{"_":"Adres e-mail zapisany"},"email-loading":{"_":"Zapisywanie adresu e-mail…"},"browserPrivacyChoices":{"_":"Prywatność w {{brandShortName}}"},"privacy-b2g":{"_":"{{brandShortName}}","title":"{{brandShortName}}"},"privacy-marketplace":{"_":"Marketplace","title":"{{privacy-marketplace}}"},"privacy-e-me":{"_":"everything.me","title":"{{privacy-e-me}}"},"navbar-back":{"_":"Wstecz"},"navbar-next":{"_":"Dalej"},"navbar-join":{"_":"Połącz"},"thatsIt":{"_":"To wszystko!"},"startYourPhone":{"_":"Krótki przewodnik"},"startYourTablet":{"_":"Krótki przewodnik"},"joinTutorial":{"_":"Kilka wskazówek na temat używania telefonu."},"enjoyYourPhone":{"_":"To już wszystkie wskazówki w tym przewodniku."},"optionsAvailable":{"_":"Ustawienia języka, daty i czasu oraz połączeń Wi-Fi można zmienić w ustawieniach."},"letsGo":{"_":"Zamknij"},"startTour":{"_":"Wyświetl"},"thatsIt1Tablet-2":{"_":"Przesuń palcem z dołu do góry, aby przejść do ekranu głównego."},"thatsIt2Tablet-2":{"_":"To wszystko!"},"tutorial-step1-tiny":{"_":"Przesuń palcem z prawej do lewej, aby przeglądać aplikacje."},"tutorial-step2-tiny":{"_":"Przytrzymaj palcem ikonę, aby przesunąć lub usunąć aplikację."},"tutorial-step3-tiny":{"_":"Wprowadź słowo kluczowe lub temat, a telefon od razu się dostosuje."},"tutorial-step4-tiny":{"_":"Przesuń palcem do dołu, aby wyświetlić powiadomienia, informacje o stanie konta i ustawienia."},"tutorial-step5-tiny":{"_":"Przytrzymaj przycisk początek, aby przejrzeć i ewentualnie zamknąć ostatnio używane aplikacje."},"tutorial-step6-tiny":{"_":"Przesuń palcem od bocznej krawędzi ekranu, aby przełączać się pomiędzy aplikacjami."},"tutorial-step1-large-2":{"_":"Przesuń palcem z góry do dołu, aby wyświetlić powiadomienia, informacje o stanie konta i ustawienia."},"tutorial-step2-large-2":{"_":"Przesuń palcem w lewo lub prawo, aby odkryć aplikacje na ekranie głównym."},"tutorial-step3-large-2":{"_":"Przytrzymaj palcem ikonę, aby przesunąć lub usunąć aplikację."},"tutorial-step4-large-2":{"_":"Przesuń dwoma pacami z dołu do góry, aby otworzyć widok kart."},"offline-dialog-title":{"_":"Urządzenie musi być połączone z Internetem, aby wyświetlić tę stronę."},"offline-dialog-text":{"_":"Cofnij się, aby połączyć z Internetem. Stronę można również wyświetlić później poprzez ustawienia lub wprowadzając adres „{{url}}” na innym urządzeniu."},"OK":{"_":"OK"},"offline-newsletter-dialog-title":{"_":"Do subskrypcji newslettera konieczne jest połączenie z Internetem."},"offline-newsletter-dialog-text":{"_":"Proszę się cofnąć i połączyć z siecią."},"invalid-email-dialog-title":{"_":"Nieprawidłowy adres e-mail"},"invalid-email-dialog-text":{"_":"Proszę się cofnąć i poprawić adres."},"weekday-0-long":{"_":"Niedziela"},"weekday-1-long":{"_":"Poniedziałek"},"weekday-2-long":{"_":"Wtorek"},"weekday-3-long":{"_":"Środa"},"weekday-4-long":{"_":"Czwartek"},"weekday-5-long":{"_":"Piątek"},"weekday-6-long":{"_":"Sobota"},"weekday-0-short":{"_":"Nd"},"weekday-1-short":{"_":"Pn"},"weekday-2-short":{"_":"Wt"},"weekday-3-short":{"_":"Śr"},"weekday-4-short":{"_":"Cz"},"weekday-5-short":{"_":"Pt"},"weekday-6-short":{"_":"Sb"},"month-0-long":{"_":"Styczeń"},"month-1-long":{"_":"Luty"},"month-2-long":{"_":"Marzec"},"month-3-long":{"_":"Kwiecień"},"month-4-long":{"_":"Maj"},"month-5-long":{"_":"Czerwiec"},"month-6-long":{"_":"Lipiec"},"month-7-long":{"_":"Sierpień"},"month-8-long":{"_":"Wrzesień"},"month-9-long":{"_":"Październik"},"month-10-long":{"_":"Listopad"},"month-11-long":{"_":"Grudzień"},"month-0-genitive":{"_":"stycznia"},"month-1-genitive":{"_":"lutego"},"month-2-genitive":{"_":"marca"},"month-3-genitive":{"_":"kwietnia"},"month-4-genitive":{"_":"maja"},"month-5-genitive":{"_":"czerwca"},"month-6-genitive":{"_":"lipca"},"month-7-genitive":{"_":"sierpnia"},"month-8-genitive":{"_":"września"},"month-9-genitive":{"_":"października"},"month-10-genitive":{"_":"listopada"},"month-11-genitive":{"_":"grudnia"},"month-0-short":{"_":"sty"},"month-1-short":{"_":"lut"},"month-2-short":{"_":"mar"},"month-3-short":{"_":"kwi"},"month-4-short":{"_":"maj"},"month-5-short":{"_":"cze"},"month-6-short":{"_":"lip"},"month-7-short":{"_":"sie"},"month-8-short":{"_":"wrz"},"month-9-short":{"_":"paź"},"month-10-short":{"_":"lis"},"month-11-short":{"_":"gru"},"minutes-ago-long":{"_":"{[plural(value)]}","_[zero]":"w tym momencie","_[one]":"przed minutą","_[two]":"dwie minuty temu","_[few]":"{{value}} minuty temu","_[many]":"{{value}} minut temu","_[other]":"{{value}} minut temu"},"hours-ago-long":{"_":"{[plural(value)]}","_[zero]":"w tej godzinie","_[one]":"godzinę temu","_[two]":"dwie godziny temu","_[few]":"{{value}} godziny temu","_[many]":"{{value}} godzin temu","_[other]":"{{value}} godzin temu"},"days-ago-long":{"_":"{[plural(value)]}","_[zero]":"dzisiaj","_[one]":"wczoraj","_[two]":"przedwczoraj","_[few]":"{{value}} dni temu","_[many]":"{{value}} dni temu","_[other]":"{{value}} dni temu"},"weeks-ago-long":{"_":"{[plural(value)]}","_[zero]":"w tym tygodniu","_[one]":"w zeszłym tygodniu","_[two]":"dwa tygodnie temu","_[few]":"{{value}} tygodnie temu","_[many]":"{{value}} tygodni temu","_[other]":"{{value}} tygodni temu"},"months-ago-long":{"_":"{[plural(value)]}","_[zero]":"w tym miesiącu","_[one]":"w zeszłym miesiącu","_[two]":"dwa miesiące temu","_[few]":"{{value}} miesiące temu","_[many]":"{{value}} miesięcy temu","_[other]":"{{value}} miesięcy temu"},"years-ago-long":{"_":"{[plural(value)]}","_[zero]":"w tym roku","_[one]":"w zeszłym roku","_[two]":"dwa lata temu","_[few]":"{{value}} lata temu","_[many]":"{{value}} lat temu","_[other]":"{{value}} lat temu"},"minutes-until-long":{"_":"{[plural(value)]}","_[zero]":"teraz","_[one]":"za minutę","_[two]":"za dwie minuty","_[few]":"za {{value}} minuty","_[many]":"za {{value}} minut","_[other]":"za {{value}} minut"},"hours-until-long":{"_":"{[plural(value)]}","_[zero]":"teraz","_[one]":"za godzinę","_[two]":"za dwie godziny","_[few]":"za {{value}} godziny","_[many]":"za {{value}} godzin","_[other]":"za {{value}} godzin"},"days-until-long":{"_":"{[plural(value)]}","_[zero]":"dzisiaj","_[one]":"jutro","_[two]":"za dwa dni","_[few]":"za {{value}} dni","_[many]":"za {{value}} dni","_[other]":"za {{value}} dni"},"weeks-until-long":{"_":"{[plural(value)]}","_[zero]":"w tym tygodniu","_[one]":"w przyszłym tygodniu","_[two]":"za dwa tygodnie","_[few]":"za {{value}} tygodnie","_[many]":"za {{value}} tygodni","_[other]":"za {{value}} tygodni"},"months-until-long":{"_":"{[plural(value)]}","_[zero]":"w tym miesiącu","_[one]":"w przyszłym miesiącu","_[two]":"za dwa miesiące","_[few]":"za {{value}} miesiące","_[many]":"za {{value}} miesięcy","_[other]":"za {{value}} miesięcy"},"years-until-long":{"_":"{[plural(value)]}","_[zero]":"w tym roku","_[one]":"w przyszłym roku","_[two]":"za dwa lata","_[few]":"za {{value}} lata","_[many]":"za {{value}} lat","_[other]":"za {{value}} lat"},"minutes-ago-short":{"_":"{[plural(value)]}","_[zero]":"teraz","_[other]":"{{value}} min temu"},"hours-ago-short":{"_":"{[plural(value)]}","_[zero]":"teraz","_[other]":"{{value}} godz. temu"},"days-ago-short":{"_":"{[plural(value)]}","_[zero]":"dzisiaj","_[other]":"{{value}} dni temu"},"minutes-until-short":{"_":"{[plural(value)]}","_[zero]":"teraz","_[other]":"za {{value}} min"},"hours-until-short":{"_":"{[plural(value)]}","_[zero]":"teraz","_[other]":"za {{value}} godz."},"days-until-short":{"_":"{[plural(value)]}","_[zero]":"dzisiaj","_[other]":"za {{value}} dni"},"incorrectDate":{"_":"(nieprawidłowa data)"},"dateTimeFormat_%c":{"_":"%a, %e %b %Y, %H:%M:%S"},"dateTimeFormat_%x":{"_":"%e.%m.%Y"},"dateTimeFormat_%X":{"_":"%H:%M:%S"},"shortTimeFormat":{"_":"%H:%M"},"shortDateTimeFormat":{"_":"%x %H:%M"},"weekStartsOnMonday":{"_":"1"},"time_am":{"_":"AM"},"time_pm":{"_":"PM"},"tz-region":{"_":"Region"},"tz-city":{"_":"Miasto"},"tzRegion-Africa":{"_":"Afryka"},"tzRegion-America":{"_":"Ameryka"},"tzRegion-Antarctica":{"_":"Antarktyka"},"tzRegion-Asia":{"_":"Azja"},"tzRegion-Atlantic":{"_":"Atlantyk"},"tzRegion-Australia":{"_":"Australia"},"tzRegion-Europe":{"_":"Europa"},"tzRegion-Indian":{"_":"Ocean Indyjski"},"tzRegion-Pacific":{"_":"Pacyfik"},"close":{"_":"Zamknij"},"import":{"_":"Importuj"},"fbFriends":{"_":"Facebook - znajomi"},"live-serviceName":{"_":"Outlook"},"gmail-serviceName":{"_":"Gmail"},"facebook-serviceName":{"_":"Facebook"},"viewAll":{"_":"Wyświetl wszystkich znajomych"},"viewRecommend":{"_":"Wyświetl tylko rekomendowanych"},"linkProposal":{"_":"{[plural(numFriends)]}","_[zero]":"Nie znaleziono pasujących znajomych. Wyświetlono wszystkich","_[one]":"Wybierz rekomendowanego","_[two]":"Wybierz rekomendowanych","_[few]":"Wybierz rekomendowanych","_[many]":"Wybierz rekomendowanych","_[other]":"Wybierz rekomendowanego"},"fbFriendsFound":{"_":"{[plural(numFriends)]}","_[zero]":"Kontakty wszystkich zostały wcześniej zaimportowane","_[one]":"Znaleziono kontakt jednego znajomego do zaimportowania","_[two]":"Znaleziono {{numFriends}} kontakty znajomych do zaimportowania","_[few]":"Znaleziono {{numFriends}} kontakty znajomych do zaimportowania","_[many]":"Znaleziono {{numFriends}} kontaktów znajomych do zaimportowania","_[other]":"Znaleziono {{numFriends}} kontaktów znajomych do zaimportowania"},"done-search":{"_":"Gotowe"},"progressFB3ImportTitle":{"_":"Importowanie kontaktów znajomych"},"progressFB":{"_":"{{current}}/{{total}}"},"progressFB3UpdateTitle":{"_":"Aktualizowanie lokalnych kontaktów znajomych"},"message2":{"_":"To może zająć kilka minut"},"messageLinking":{"_":"Proszę czekać. Trwa łączenie kontaktów znajomych z lokalnymi."},"error1":{"_":"Błąd {{from}}"},"error2":{"_":"Spróbować ponownie?"},"errorProposal":{"_":"tworzenia propozycji"},"errorFriends":{"_":"uzyskiwania listy znajomych"},"errorLinking":{"_":"łączenie kontaktów"},"timeout1":{"_":"Przekroczono limit czasu {{from}}"},"timeout2":{"_":"Spróbować ponownie?"},"timeoutProposal":{"_":"tworzenia propozycji"},"timeoutFriends":{"_":"uzyskiwania listy znajomych"},"timeoutLinking":{"_":"łączenie kontaktów"},"wait1":{"_":"Proszę czekać"},"wait2":{"_":"To może zająć kilka minut"},"waitProposal":{"_":"Proszę czekać. Tworzenie propozycji."},"waitFriends":{"_":"Proszę czekać. Łączenie w celu pobrania listy znajomych."},"curtainCancel":{"_":"Anuluj"},"curtainRetry":{"_":"Ponów"},"curtainOK":{"_":"OK"},"connectionLost":{"_":"Brak połączenia z Internetem"},"connectionLostMsg":{"_":"Zdjęcia znajomych nie zostaną dodane do kontaktów. Kontynuować mimo to?"},"yesOption":{"_":"OK"},"noOption":{"_":"Anuluj"},"friendsUpdated":{"_":"{[plural(numFriends)]}","_[zero]":"Nie uaktualniono żadnych kontaktów znajomych","_[one]":"Uaktualniono jeden kontakt","_[two]":"Uaktualniono {{numFriends}} kontakty","_[few]":"Uaktualniono {{numFriends}} kontakty","_[many]":"Uaktualniono {{numFriends}} kontaktów","_[other]":"Uaktualniono {{numFriends}} kontaktów"},"notificationLogin":{"_":"Sesja serwisu Facebook jest nieprawidłowa. Proszę się zalogować."},"syncError":{"_":"Wystąpił błąd podczas synchronizowania danych znajomych"},"addToExistingContact":{"_":"Dodaj do istniejącego kontaktu"},"all":{"_":"Wszystkie"},"callLog":{"_":"Połączenia"},"connecting":{"_":"Łączenie…"},"cf-async":{"_":"Asynchroniczne: {{async}}\n"},"cf-data":{"_":"Dane: {{data}}\n"},"cf-error":{"_":"Wystąpił błąd podczas odbierania statusu przekazywania połączenia"},"cf-fax":{"_":"Faks: {{fax}}\n"},"cf-inactive":{"_":"Nieaktywne"},"cf-packet":{"_":"Pakiet: {{packet}}\n"},"cf-pad":{"_":"Pad: {{pad}}\n"},"cf-sms":{"_":"Sms: {{sms}}\n"},"cf-status":{"_":"Status przekazywania połączenia\n"},"cf-sync":{"_":"Synchroniczne: {{sync}}\n"},"cf-voice":{"_":"Głosowe: {{voice}}\n"},"confirm-deletion":{"_":"Wyczyścić wybrane połączenia?"},"createNewContact":{"_":"Utwórz nowy kontakt"},"delete":{"_":"Usuń"},"edit-selected":{"_":"{[plural(n)]}","_[one]":"{{n}} znaznaczone","_[two]":"{{n}} zaznaczone","_[few]":"{{n}} zaznaczone","_[many]":"{{n}} zaznaczonych","_[other]":"{{n}} zaznaczonych"},"ignore":{"_":"Zignoruj połączenie"},"incoming":{"_":"Przychodzące"},"missed":{"_":"Nieodebrane"},"missedCall":{"_":"Nieodebrane połączenie"},"missedCallMultiSims":{"_":"Nieodebrane połączenie (SIM {{n}})"},"mmi-error":{"_":"Wystąpił błąd podczas wysyłania wiadomości"},"mmi-session-expired":{"_":"Ważność sesji wygasła"},"mmi-successfully-sent":{"_":"Wiadomość wysłana prawidłowo"},"no-logs-msg-1":{"_":"Brak połączeń"},"no-logs-msg-2":{"_":"Rozpocznij komunikację"},"no-logs-msg-3":{"_":"Brak nieodebranych połączeń"},"reply":{"_":"Odpowiedz"},"switch-calls":{"_":"Przełącz rozmowy"},"withheld-number":{"_":"Zastrzeżony numer"},"from-contact":{"_":"Od {{contact}}"},"from-number":{"_":"Z {{number}}"},"from-withheld-number":{"_":"Z zastrzeżonego numeru"},"sending":{"_":"Wysyłanie…"},"ussd-services":{"_":"{{operator}} - usługi"},"type-your-response":{"placeholder":"Twoja odpowiedź…"},"clear-all-text":{"_":"Wyczyść cały tekst"},"hide":{"_":"Ukryj"},"hold":{"_":"Wstrzymaj"},"resume":{"_":"Wznów"},"sendSms":{"_":"Wyślij wiadomość"},"callEnded":{"_":"Rozmowa zakończona"},"via-sim":{"_":"poprzez SIM {{n}}"},"sim-number":{"_":"SIM {{n}}"},"hangup-a11y-button":{"aria-label":"Rozłącz"},"pickup-a11y-button":{"aria-label":"Odbierz"},"unlock-a11y-button":{"aria-label":"Odblokuj"},"delete-n-log?":{"_":"{[plural(n)]}","_[zero]":"Nie wybrano żadnych połączeń","_[one]":"Usunąć wybrane połączenie?","_[two]":"Usunąć {{n}} wybrane połączenia?","_[few]":"Usunąć {{n}} wybrane połączenia?","_[many]":"Usunąć {{n}} wybranych połączeń?","_[other]":"Delete {{ n }} logs?"},"callDurationMinutes":{"_":"{{m}}:{{s}}"},"callDurationHours":{"_":"{{h}}:{{m}}:{{s}}"},"suggestionMatches":{"_":"{[plural(n)]}","_[one]":"{{n}} pasujący do „{{matchNumber}}”","_[two]":"{{n}} pasujące do „{{matchNumber}}”","_[few]":"{{n}} pasujące do „{{matchNumber}}”","_[many]":"{{n}} pasujących do „{{matchNumber}}”","_[other]":"{{ n }} matches for \"{{ matchNumber }}\""},"scCallBarring":{"_":"Blokowanie połączeń"},"scCallForwarding":{"_":"Przekazywanie połączeń"},"scClip":{"_":"Prezentacja numeru"},"scClir":{"_":"Ukrywanie numeru"},"scPwd":{"_":"Zmiana hasła"},"scCallWaiting":{"_":"Połączenia oczekujące"},"scPin":{"_":"Zmiana kodu PIN"},"scPin2":{"_":"Zmiana kodu PIN2"},"scPuk":{"_":"Odblokuj PIN"},"scPuk2":{"_":"Odblokuj PIN2"},"scImei":{"_":"IMEI"},"scUssd":{"_":"USSD"},"serviceClassVoice":{"_":"Rozmowy"},"serviceClassData":{"_":"Dane"},"serviceClassFax":{"_":"Faks"},"serviceClassSms":{"_":"Sms"},"serviceClassDataSync":{"_":"Synchronicznie"},"serviceClassDataAsync":{"_":"Asynchronicznie"},"serviceClassPacket":{"_":"Pakiet"},"serviceClassPad":{"_":"PAD"},"smServiceEnabled":{"_":"Usługa została włączona"},"smServiceDisabled":{"_":"Usługa została wyłączona"},"smServiceRegistered":{"_":"Zarejestrowano"},"smServiceErased":{"_":"Wymazano"},"smServiceInterrogated":{"_":"Wysłano żądanie"},"smServiceNotProvisioned":{"_":"Usługa niedostępna"},"smClirPermanent":{"_":"Nie można zmienić ustawień identyfikatora abonenta"},"smClirDefaultOnNextCallOn":{"_":"Identyfikator abonenta domyślnie zastrzeżony. Następne połączenie: zastrzeżony"},"smClirDefaultOnNextCallOff":{"_":"Identyfikator abonenta domyślnie zastrzeżony. Następne połączenie: bez zastrzegania"},"smClirDefaultOffNextCallOn":{"_":"Identyfikator abonenta domyślnie bez zastrzegania. Następne połączenie: zastrzeżony"},"smClirDefaultOffNextCallOff":{"_":"Identyfikator abonenta domyślnie bez zastrzegania. Następne połączenie: bez zastrzegania"},"smServiceEnabledFor":{"_":"Usługa została włączona dla:"},"smPinChanged":{"_":"Kod PIN zmieniony"},"smPinUnblocked":{"_":"Kod PIN odblokowany"},"smPin2Changed":{"_":"Kod PIN2 zmieniony"},"smPin2Unblocked":{"_":"Kod PIN2 odblokowany"},"emMmiError":{"_":"Błąd połączenia lub nieprawidłowy kod MMI"},"emMmiErrorPasswordIncorrect":{"_":"Nieprawidłowe hasło"},"emMmiErrorNotSupported":{"_":"Nieprawidłowy lub nieobsługiwany kod MMI"},"emMmiErrorInvalidAction":{"_":"Nieprawidłowa akcja"},"emMmiErrorInvalidScCode":{"_":"Nieprawidłowy kod usługi"},"emMmiErrorBadPuk":{"_":"Wprowadzono nieprawidłowy kod PUK"},"emMmiErrorBadPin":{"_":"Podano nieprawidłowy stary kod PIN."},"emMmiErrorNeedPuk2":{"_":"Wprowadź kod PUK2, aby odblokować kartę SIM"},"emMmiErrorMismatchPin":{"_":"Wprowadzone kody PIN nie zgadzają się"},"emMmiErrorInvalidPin":{"_":"Wprowadź PIN składający się z 4 do 8 cyfr"},"emMmiErrorNeedsPuk":{"_":"Karta SIM zablokowana kodem PUK"},"emMmiErrorEnablePin":{"_":"Operacja nieudana. Włącz blokadę SIM/RUIM"},"emMmiErrorMmiFdn":{"_":"Operacja jest ograniczona do konkretnych numerów"},"emMmiErrorStkCcUssdDial":{"_":"Operacja USSD zmieniona na numer"},"emMmiErrorStkCcUssdSs":{"_":"Operacja USSD zmieniona na operację SS"},"emMmiErrorStkCcUssdUssd":{"_":"Operacja USSD zmieniona na nową"},"emMmiErrorStkCcSsDial":{"_":"Operacja SS zmieniona na numer"},"emMmiErrorStkCcSsUssd":{"_":"Operacja SS zmieniona na operację USSD"},"emMmiErrorStkCcSsSs":{"_":"Operacja SS zmieniona na nową"},"emMmiErrorPinPukAttempts":{"_":"{[plural(n)]}","_[one]":"Pozostała tylko jedna próba","_[two]":"Pozostały {{n}} próby","_[few]":"Pozostały {{n}} próby","_[many]":"Pozostało {{n}} prób","_[other]":"{{ n }} retries left"},"emMmiErrorSimBlocked":{"_":"Wyczerpano dozwoloną liczbę prób. Karta SIM zablokowana"},"RadioNotAvailable":{"_":"Radio niedostępne"},"GenericFailure":{"_":"Wystąpił błąd"},"PasswordIncorrect":{"_":"Nieprawidłowe hasło"},"SimPin2":{"_":"SIM PIN2"},"SimPuk2":{"_":"SIM PUK2"},"RequestNotSupported":{"_":"Nieobsługiwane żądanie"},"OpNotAllowedDuringVoiceCall":{"_":"Operacja niedozwolona w trakcie rozmowy"},"SmsSendFailRetry":{"_":"Ponowne wysyłanie wiadomości SMS nieudane"},"SimAbsent":{"_":"Brak karty SIM"},"SubscriptionNotAvailable":{"_":"Subskrypcja niedostępna"},"ModeNotSupported":{"_":"Nieobsługiwany tryb"},"FdnCheckFailure":{"_":"Sprawdzanie statusu wybierania ustalonego nie powiodło się"},"IllegalSimOrMe":{"_":"SIM lub ME niedozwolone"},"DialModifiedToUssd":{"_":"Numer zmieniony na operację USSD"},"DialModifiedToSs":{"_":"Numer zmieniony na operację SS"},"DialModifiedToDial":{"_":"Numer zmieniony na numer"},"UssdModifiedToDial":{"_":"Operacja USSD zmieniona na numer"},"UssdModifiedToSs":{"_":"Operacja USSD zmieniona na operację SS"},"UssdModifiedToUssd":{"_":"Operacja USSD zmieniona na operację USSD"},"SsModifiedToDial":{"_":"Operacja SS zmieniona na numer"},"SsModifiedToUssd":{"_":"Operacja SS zmieniona na operację USSD"},"SsModifiedToSs":{"_":"Operacja SS zmieniona na operację SS"},"SubscriptionNotSupported":{"_":"Nieobsługiwana subskrypcja"},"InvalidParameter":{"_":"Nieprawidłowy parametr"},"RejectedByRemote":{"_":"Odrzucono przez zdalny"},"group-call":{"_":"{[plural(n)]}","_[one]":"Rozmowa grupowa ({{n}})","_[two]":"Rozmowa grupowa ({{n}})","_[few]":"Rozmowa grupowa ({{n}})","_[many]":"Rozmowa grupowa ({{n}})","_[other]":"Group call ({{ n }})"},"caller-left-call":{"_":"Zakończono rozmowę z {{caller}}"},"conferenceAddError":{"_":"Nie można połączyć rozmów"},"conferenceRemoveError":{"_":"Nie można rozłączyć rozmów"},"longDateFormat":{"_":"%A, %e %Eb"},"select-audio-sources":{"_":"Wybierz źródła audio"},"bluetooth-handsfree-device":{"_":"Urządzenie Bluetooth"},"receiver":{"_":"Odbiornik"},"speaker":{"_":"Głośnik"},"sim-picker-dial-via-with-number":{"_":"Połącz z {{phoneNumber}} poprzez"},"sim-picker-select-sim":{"_":"Wybór karty SIM"},"sim-picker-button":{"_":"SIM {{n}}"},"sim-picker-button-default":{"_":"(domyślna)"},"waitDuplicateContacts":{"_":"Wyszukiwanie duplikatów"},"waitMergingDuplicateContacts":{"_":"Łączenie duplikatów"},"alertNoDuplicateContacts":{"_":"Nie znaleziono zduplikowanych kontaktów"},"merge":{"_":"Połącz"},"mergeDuplicateTitle":{"_":"Łączenie duplikatów"},"suggestedDuplicateContacts":{"_":"Kontakty mogące duplikować „{{name}}”"},"mergeActionButtonLabel":{"_":"{[plural(n)]}","_[zero]":"Nie zaznaczono kontaktów","_[one]":"Połącz z {{n}} kontaktem","_[other]":"Połącz z {{n}} kontaktami"},"duplicatesFoundTitle":{"_":"Znaleziono duplikaty"},"duplicatesFoundMessage":{"_":"{{name}} duplikuje informacje w następujących kontaktach"}}