{"brandShortName":{"_":"B2G OS"},"browserBrandShortName":{"_":"Navegador da Web"},"browserBrandFullName":{"_":"Navegador da Web Mozilla"},"callAirplaneModeMessage":{"_":"Para fazer uma chamada, desative o modo avião nas configurações."},"callAirplaneModeBtnOk":{"_":"OK"},"callAirplaneModeTitle":{"_":"Modo avião ativado"},"numberIsBusyTitle":{"_":"Número está ocupado"},"numberIsBusyMessage":{"_":"O número está ocupado. Tente novamente mais tarde."},"fdnIsEnabledTitle":{"_":"FDN ativo"},"fdnIsEnabledMessage":{"_":"Esse número está bloqueado pois ele não está na sua lista de números autorizados."},"voiceMail":{"_":"Mensagens de voz"},"emergencyNumber":{"_":"Número de emergência"},"emergencyDialogBodyBadNumber":{"_":"Para fazer uma chamada, o telefone precisa estar conectado a uma rede."},"emergencyDialogBodyDeviceNotAccepted":{"_":"Chamadas de emergência não permitidas pela rede."},"emergencyDialogBtnOk":{"_":"OK"},"emergencyDialogTitle":{"_":"Sem conexão com a rede"},"invalidNumberToDialTitle":{"_":"Número inválido"},"invalidNumberToDialMessage":{"_":"O número de telefone chamado é inválido."},"unableToCallTitle":{"_":"Impossível fazer uma chamada agora"},"unableToCallMessage":{"_":"Impossível fazer uma chamada. Se você já estiver digitando um número, por favor, desligue primeiro."},"otherConnectionInUseTitle":{"_":"Other connection in use"},"otherConnectionInUseMessage":{"_":"You have an active call on another connection. You can only use one connection at a time."},"add":{"_":"Adicionar"},"back":{"_":"Voltar"},"call":{"_":"Chamar"},"edit":{"_":"Editar"},"cancel":{"_":"Cancelar"},"done":{"_":"Concluído"},"ok":{"_":"OK"},"update":{"_":"Atualizar"},"retry":{"_":"Tentar novamente"},"contacts":{"_":"Contatos"},"addContact":{"_":"Novo contato"},"deleteContact":{"_":"Apagar contato"},"selectContact":{"_":"Selecionar contato"},"selectAll":{"_":"Sel. todos"},"deselectAll":{"_":"Des. todos"},"editContact":{"_":"Editar contato"},"deleteConfirmMsg":{"_":"Apagar contato?"},"remove":{"_":"Apagar"},"comments":{"_":"Comentários"},"no_contact_phones":{"_":"Esse contato não tem um número de telefone"},"no_contact_email":{"_":"Esse contato não tem um endereço de email"},"removePhotoConfirm":{"_":"Remover foto do contato?"},"loadingContacts":{"_":"Carregando contatos…"},"noContactsActivity":{"_":"Não é possível adicionar a um contato pois sua lista está vazia"},"noName":{"_":"Nenhum nome"},"givenName":{"placeholder":"Nome"},"familyName":{"placeholder":"Sobrenome"},"tel":{"placeholder":"Telefone"},"carrier":{"_":"Operadora","placeholder":"Operadora"},"separator":{"_":","},"email":{"_":"E-mail","placeholder":"E-mail"},"streetAddress":{"placeholder":"Endereço"},"postalCode":{"placeholder":"CEP"},"locality":{"placeholder":"Cidade"},"countryName":{"placeholder":"País"},"comment":{"placeholder":"Comentário"},"org":{"placeholder":"Companhia"},"custom":{"placeholder":"Personalizado","_":"Tipo personalizado"},"date":{"_":"Date","placeholder":"Date"},"birthday":{"_":"Aniversário"},"dateFormat":{"_":"%B %e"},"dateOutput":{"_":"{{dayMonthFormatted}} {{year}}"},"anniversary":{"_":"Anniversary"},"addPhoto":{"_":"Adicionar foto"},"addPhone":{"_":"Adicionar telefone"},"addEmail":{"_":"Adicionar e-mail"},"addAddress":{"_":"Adicionar endereço"},"addDate":{"_":"Add Date"},"addComment":{"_":"Adicionar comentário"},"addFavorite":{"_":"Adicionar aos favoritos"},"removeFavorite":{"_":"Remover dos favoritos"},"label":{"_":"Tipo"},"mobile":{"_":"Celular"},"home":{"_":"Residencial"},"work":{"_":"Profissional"},"personal":{"_":"Pessoal"},"faxHome":{"_":"Fax residencial"},"faxOffice":{"_":"Fax profissional"},"faxOther":{"_":"Fax (outro)"},"another":{"_":"Outro"},"other":{"_":"Other"},"current":{"_":"Current"},"itemWithLabel":{"_":"{{label}}, {{item}}"},"exit":{"_":"Sair"},"expand":{"_":"Expandir"},"labelName":{"_":"Nome:"},"labelLastName":{"_":"Sobrenome:"},"labelPhoneNumber":{"_":"Número do telefone:"},"labelCarrier":{"_":"Operadora:"},"labelEmail":{"_":"E-mail:"},"labelStreet":{"_":"Endereço:"},"labelZip":{"_":"CEP:"},"labelCity":{"_":"Cidade:"},"labelCountry":{"_":"País:"},"labelComment":{"_":"Comentário:"},"legendTitleMain":{"_":"Informações principais"},"legendPhones":{"_":"Números de telefone"},"legendEmail":{"_":"Endereço de e-mail"},"legendAddress":{"_":"Endereço"},"settings":{"_":"Configurações"},"search-contact":{"placeholder":"Pesquisar"},"noResults":{"_":"Nenhum contato encontrado"},"transferContactsTitle":{"_":"Transferir contatos"},"importContactsTitle":{"_":"Importar contatos"},"importContactsButton":{"_":"Import Contacts"},"exportContactsTitle":{"_":"Exportar contatos"},"exportContactsButton":{"_":"Export Contacts"},"exportContactsAction":{"_":"Exportar"},"simExport-title":{"_":"Exportar para o SIM"},"sdExport-title":{"_":"Exportar para o cartão de memória"},"btExport-title":{"_":"Exportar via Bluetooth"},"sdUMSEnabled":{"_":"Não é possível usar o cartão de memória porque o armazenamento USB está habilitado."},"exportErrorTitle":{"_":"Erro durante a exportação"},"contactsExported2":{"_":"{{ plural(exported) }}","_[zero]":"Nenhum contato exportado","_[one]":"{{exported}}/{{total}} contatos exportados","_[two]":"{{exported}}/{{total}} contatos exportados","_[few]":"{{exported}}/{{total}} contatos exportados","_[many]":"{{exported}}/{{total}} contatos exportados","_[other]":"{{exported}}/{{total}} contatos exportados"},"exportError-general":{"_":"Um erro aconteceu durante a exportação"},"exportError-SD-shared":{"_":"Não foi possível acessar o cartão de memória pois ele é compartilhado"},"exportError-SD-unavailable":{"_":"Cartão de memória indisponível"},"exportError-SD-noSpace":{"_":"Não há espaço livre suficiente no cartão de memória para exportar contatos"},"exportError-SIM-unavailable":{"_":"Cartão SIM não está disponível"},"exportError-BT-shared":{"_":"Não foi possível acessar o cartão de memória pois ele é compartilhado"},"exportError-BT-unavailable":{"_":"Cartão de memória indisponível"},"exportError-BT-noSpace":{"_":"Não há espaço livre suficiente no cartão de memória para exportar contatos"},"simContacts-import":{"_":"Importar contatos do SIM"},"simContacts-importing":{"_":"Importando contatos do SIM…"},"simContacts-reading":{"_":"Lendo chip SIM…"},"simContacts-error":{"_":"Não foi possível importar contatos do SIM"},"simContacts-imported3":{"_":"{[ plural(n) ]}","_[zero]":"Nenhum contato encontrado para importar do SIM","_[one]":"Um contato importado","_[two]":"{{n}} contatos importados","_[few]":"{{n}} contatos importados","_[many]":"{{n}} contatos importados","_[other]":"{{n}} contatos importados"},"noSimMsg":{"_":"Para importar contatos, insira ou desbloqueie o chip SIM"},"noSimMsgExport":{"_":"To export contacts insert or unlock your SIM card"},"simNumber":{"_":"Cartão SIM {{number}}"},"memoryCardContacts-import":{"_":"Importar contatos do cartão de memória"},"memoryCardContacts-importing":{"_":"Importando contatos do cartão de memória…"},"memoryCardContacts-reading":{"_":"Lendo do cartão de memória…"},"memoryCardContacts-error":{"_":"Não foi possível importar contatos do cartao de memória"},"memoryCardContacts-imported3":{"_":"{[ plural(n) ]}","_[zero]":"Nenhum contato detectado no cartão de memória","_[one]":"Um contato importado","_[two]":"{{n}} contatos importados","_[few]":"{{n}} contatos importados","_[many]":"{{n}} contatos importados","_[other]":"{{n}} contatos importados"},"noMemoryCardMsg":{"_":"Insira um cartão de memória para importar contatos"},"noMemoryCardMsgExport":{"_":"Insira um cartão de memória para exportar contatos"},"genericProgress":{"_":"{{current}}/{{total}}"},"social-network":{"_":"Redes sociais"},"social-link":{"_":"Vincular contato"},"social-unlink":{"_":"Desvincular contato"},"social-unlink-confirm-title":{"_":"Deseja desvincular seu amigo?"},"social-unlink-confirm-accept":{"_":"Desvincular"},"facebook-import":{"_":"Importar amigos do Facebook"},"show-fb-profile":{"_":"Ver perfil do Facebook"},"msg-send":{"_":"Mensagem"},"wall-post":{"_":"Publicação no mural"},"facebook":{"_":"Facebook"},"facebook-import-msg":{"_":"{[ plural(imported) ]}","_[zero]":"Nenhum amigo importado (de {{total}})","_[one]":"Um amigo importado (de {{total}})","_[two]":"{{imported}} amigos importados de {{total}}","_[few]":"{{imported}} amigos importados de {{total}}","_[many]":"{{imported}} amigos importados de {{total}}","_[other]":"{{imported}} amigos importados de {{total}}"},"otherAccount":{"_":"Outras contas"},"facebookSwitchMsg":{"_":"Sincronizar amigos"},"select_mobile":{"_":"Selecionar telefone celular"},"select_email":{"_":"Selecionar e-mail"},"contactsOrderBy":{"_":"Ordenar pelo sobrenome"},"importSim2":{"_":"Chip SIM"},"importMemoryCard":{"_":"Cartão de memória"},"importGmail":{"_":"Gmail"},"bluetooth":{"_":"Bluetooth"},"importOutlook":{"_":"Outlook"},"fbUpdateFriends":{"_":"Atualizar amigos importados"},"cleaningFbData":{"_":"Removendo dados do Facebook…"},"loggingOutFb":{"_":"Saindo do Facebook…"},"cleanFbConfirmMsg":{"_":"Remover todos os dados do Facebook?"},"renewPwdMsg":{"_":"Sua senha do Facebook foi alterada. Por favor, atualize."},"noConnection11":{"_":"Para importar contatos do Facebook conecte-se a uma rede Wi-Fi ou de dados"},"notEnabledYet":{"_":"Desativado"},"genericNoConnection":{"_":"Para importar contatos, conect-se a uma rede Wi-Fi ou de dados"},"simCard":{"_":"Cartão SIM"},"memoryCard":{"_":"Cartão de memória"},"create-new":{"_":"Criar um novo contato"},"import-now":{"_":"Importar seus contatos do seu chip SIM ou do Facebook"},"no-contacts":{"_":"Nenhum contato"},"start-adding":{"_":"Comece a adicionar contatos agora"},"notImported":{"_":"Não importados"},"imported":{"_":"Importados"},"today":{"_":"Hoje"},"yesterday":{"_":"Ontem"},"messageCanceling":{"_":"Por favor, aguarde; estamos cancelando a operação."},"organise-contacts":{"_":"Organizar contatos"},"find-merge-contacts":{"_":"Achar contatos duplicados"},"preparing-contacts":{"_":"Preparando contatos"},"exportError-SIM-NoFreeRecordFound":{"_":"O Cartão SIM está cheio"},"exportError-SIM-CannotAccessPhoneBook":{"_":"Falha ao acessar a agenda do cartão SIM"},"exportError-SIM-Unavailable":{"_":"Nenhum cartão SIM detectado"},"exportError-SIM-GenericError":{"_":"Houve um erro ao exportar um contato"},"birthdayDateFormat":{"_":"%e de %B"},"pincode2":{"_":"Inserir código PIN"},"type_pin":{"_":"Digite seu código PIN"},"pincodeLabel":{"_":"Código PIN do cartão SIM {{n}}"},"pinValidation":{"_":"O PIN deve ter entre 4 e 8 caracteres."},"pinError":{"_":"O PIN está incorreto."},"pinAttemptMsg2":{"_":"{[ plural(n) ]}","_[one]":"Você tem mais uma tentativa para inserir o código correto antes de bloquear o chip SIM.","_[two]":"Você tem {{n}} tentativas para inserir o código correto antes de bloquear o chip SIM.","_[few]":"Você tem {{n}} tentativas para inserir o código correto antes de bloquear o chip SIM.","_[many]":"Você tem {{n}} tentativas para inserir o código correto antes de bloquear o chip SIM.","_[other]":"Você tem {{n}} tentativas para inserir o código correto antes de bloquear o chip SIM."},"pinLastChanceMsg":{"_":"Esta é a sua última chance de inserir o PIN correto. Caso contrário, você deverá inserir o código PUK para usar esse chip SIM."},"pukcode":{"_":"Inserir código PUK"},"pukcodeTitle":{"_":"Digite o PUK do cartão SIM {{n}}"},"pukcodeLabel":{"_":"PUK do cartão SIM {{n}}"},"type_puk":{"_":"Código PUK"},"pukValidation":{"_":"O código PUK deve ter exatamente 8 caracteres."},"pukInfo":{"_":"Você deve inserir o código PUK do chip SIM. Consulte a documentação do chip SIM ou entre em contato com sua operadora para mais informações."},"pukError":{"_":"O código PUK está incorreto."},"pukAttemptMsg2":{"_":"{[ plural(n) ]}","_[one]":"Você tem mais uma tentativa para inserir o código correto antes de tornar este chip SIM permanentemente inutilizável. Consulte a documentação do chip SIM ou entre em contato com sua operadora para mais informações.","_[two]":"Você tem {{n}} tentativas para inserir o código correto antes de tornar este chip SIM permanentemente inutilizável. Consulte a documentação do chip SIM ou entre em contato com sua operadora para mais informações.","_[few]":"Você tem {{n}} tentativas para inserir o código correto antes de tornar este chip SIM permanentemente inutilizável. Consulte a documentação do chip SIM ou entre em contato com sua operadora para mais informações.","_[many]":"Você tem {{n}} tentativas para inserir o código correto antes de tornar este chip SIM permanentemente inutilizável. Consulte a documentação do chip SIM ou entre em contato com sua operadora para mais informações.","_[other]":"Você tem {{n}} tentativas para inserir o código correto antes de tornar este chip SIM permanentemente inutilizável. Consulte a documentação do chip SIM ou entre em contato com sua operadora para mais informações."},"pukLastChanceMsg":{"_":"Esta é a sua última chance de inserir o código PUK correto. Seu chip SIM se tornará permanentemte inutilizável se você inserir o código PUK errado."},"create_newpin":{"_":"Criar novo PIN (4 a 8 dígitos)"},"confirm_newpin":{"_":"Confirmar novo PIN"},"newpinConfirmation":{"_":"Os PINs não correspondem"},"nckcode":{"_":"Inserir código NCK"},"cckcode":{"_":"Inserir código CCK"},"spckcode":{"_":"Inserir código SPCK"},"nckcodeTitle":{"_":"Insira o código NCK do cartão SIM {{n}}"},"cckcodeTitle":{"_":"Insira o código CCK do cartão SIM {{n}}"},"spckcodeTitle":{"_":"Insira o código SPCK do cartão SIM {{n}}"},"nckcodeLabel":{"_":"Código NCK do cartão SIM {{n}}"},"cckcodeLabel":{"_":"Código CCK do cartão SIM {{n}}"},"spckcodeLabel":{"_":"SIM {{n}} SPCK"},"type_nck":{"_":"Digite seu código NCK"},"type_cck":{"_":"Digite seu código CCK"},"type_spck":{"_":"Digite seu código SPCK"},"nckValidation":{"_":"O NCK deve ter entre 8 e 16 caracteres."},"cckValidation":{"_":"O CCK deve ter entre 8 e 16 caracteres."},"spckValidation":{"_":"O SPCK deve ter entre 8 e 16 caracteres."},"nckErrorMsg":{"_":"O código NCK está incorreto."},"nckAttemptMsg2":{"_":"{[ plural(n) ]}","_[one]":"A solicitação de desbloqueio falhou. Você tem mais uma tentativa para inserir o código correto. Consulte a documentação do seu aparelho ou entre em contato com sua operadora para mais informações.","_[two]":"A solicitação de desbloqueio falhou. Você tem {{n}} tentativas para inserir o código correto. Consulte a documentação do seu aparelho ou entre em contato com sua operadora para mais informações.","_[few]":"A solicitação de desbloqueio falhou. Você tem {{n}} tentativas para inserir o código correto. Consulte a documentação do seu aparelho ou entre em contato com sua operadora para mais informações.","_[many]":"A solicitação de desbloqueio falhou. Você tem {{n}} tentativas para inserir o código correto. Consulte a documentação do seu aparelho ou entre em contato com sua operadora para mais informações.","_[other]":"A solicitação de desbloqueio falhou. Você tem {{n}} tentativas para inserir o código correto. Consulte a documentação do seu aparelho ou entre em contato com sua operadora para mais informações."},"nckLastChanceMsg":{"_":"A solicitação de desbloqueio falhou. Esta é a sua última chance de inserir o código correto. Consulte a documentação do seu aparelho ou entre em contato com sua operadora para mais informações."},"skip":{"_":"Pular"},"send":{"_":"Enviar"},"simLocked":{"_":"O chip SIM está bloqueado"},"inputCodeRetriesLeft":{"_":"{[ plural(n) ]}","_[one]":"última tentativa.","_[two]":"restam {{n}} tentativas.","_[few]":"restam {{n}} tentativas.","_[many]":"restam {{n}} tentativas.","_[other]":"restam {{n}} tentativas."},"simManager":{"_":"Cartões SIM"},"simDetail":{"_":"Cartão SIM {{n}}"},"simDefault":{"_":"(padrão)"},"simDefaultMessage":{"_":"Chamadas, mensagens e conexões de dados serão feitas com o cartão SIM 1 por padrão"},"simSettingsMessage":{"_":"Você pode alterar as configurações em Configurações > Cartões SIM"},"simPinLocked":{"_":"O PIN do cartão SIM está travado"},"noOperator":{"_":"Nenhuma operadora"},"language":{"_":"Idioma"},"english":{"_":"Inglês"},"dvorak":{"_":"Inglês (Dvorak)"},"spanish":{"_":"Espanhol"},"portuguese":{"_":"Brasileiro"},"french":{"_":"Francês"},"italian":{"_":"Italiano"},"arabic":{"_":"Árabe"},"greek":{"_":"Grego"},"hebrew":{"_":"Hebraico"},"jp-kanji":{"_":"Japonês"},"jp-kanji-desc":{"_":"Kanji"},"traditionalChinese":{"_":"Chinês Tradicional"},"traditionalChinese-desc":{"_":"Zhuyin"},"simplifiedChinese":{"_":"Chinês Simplificado"},"simplifiedChinese-desc":{"_":"Pinyin"},"3g":{"_":"Dados 3G"},"dataConnection":{"_":"Ativar dados"},"dataConnectionInfo":{"_":"Ativar a conexão de dados permite configurar seu aparelho sem uma conexão Wi-Fi. Você também pode ativá-la mais tarde em Configurações. Apenas certifique-se de que você tem um plano de dados com sua operadora para evitar surpresas na sua conta."},"caution":{"_":"Aviso"},"geolocation":{"_":"Geolocalização"},"geolocationCheckbox":{"_":"Ativar Geolocalização"},"geolocationInfo2":{"_":"O {{brandShortName}} usa dados como GPS, Wi-Fi e redes móveis ao seu redor para ajudar a determinar sua localização aproximada."},"geolocationInfoMore":{"_":"Os dados são enviados à Mozilla e outros provedores de serviços e serão usados para melhorar essas bases de dados de localização. Os dados podem ser armazenados no seu aparelho e a coleta de dados pode ocorrer até mesmo quando nenhum aplicativo estiver sendo executado."},"notice":{"_":"Aviso"},"aboutYourPrivacy":{"_":"Mais sobre sua privacidade"},"wifi":{"_":"Wi-Fi"},"scanningNetworks":{"_":"Procurando redes"},"selectNetwork":{"_":"Redes Wi-Fi"},"shortStatus-connecting":{"_":"Conectando…"},"shortStatus-associated":{"_":"Obtendo endereço IP…"},"shortStatus-connected":{"_":"Conectado"},"shortStatus-connectingfailed":{"_":"A conexão falhou"},"shortStatus-disconnected":{"_":"Desconectado"},"securedBy":{"_":"Protegida por {{capabilities}}"},"security":{"_":"Segurança"},"securityNone":{"_":"Nenhuma"},"securityWEP":{"_":"WEP"},"securityWPA-PSK":{"_":"WPA-PSK"},"securityWPA-EAP":{"_":"WPA-EAP"},"securityOpen":{"_":"Aberta"},"identity":{"_":"Usuário"},"identityInput":{"placeholder":"Usuário"},"password":{"_":"Senha"},"passwordInput":{"placeholder":"Senha"},"showPassword":{"_":"Mostrar Senha"},"refresh":{"_":"Atualizar"},"noWifiFound3":{"_":"Nenhuma rede sem fio encontrada"},"join-hidden-button":{"_":"Conectar a uma rede escondida"},"authentication":{"_":"Authentication"},"ssid-name":{"_":"Nome da rede (SSID)"},"dateAndTime":{"_":"Data e Hora"},"setTimeAutomatically":{"_":"Ajustar automaticamente"},"timezoneMessage":{"_":"Fuso horário"},"timezoneTitle":{"_":"UTC{{utcOffset}} {{region}}/{{city}}"},"dateMessage":{"_":"Data"},"timeMessage":{"_":"Hora"},"timeZone":{"_":"Fuso horário"},"change":{"_":"Alterar"},"importContacts3":{"_":"Importar contatos"},"importFb2":{"_":"Facebook"},"fb-checking":{"_":"… verificando"},"notImportedYet":{"_":"Ainda não importou"},"afterFbImport":{"_":"Você pode importar e editar seus amigos do Facebook nas configurações do aplicativo Contatos"},"about-your-rights-0":{"_":"O {{brandShortName}} é um software livre e de código aberto, criado por uma comunidade de milhares de pessoas ao redor do mundo. Há algumas coisas que você deve saber:"},"about-your-rights-1":{"_":"O {{brandShortName}} está disponível para você de acordo com os termos da Licença Pública Mozilla. Isso significa que você pode usar, copiar e distribuir o {{brandShortName}} para outras pessoas. Você também é bem-vindo para modificar como quiser o código-fonte do {{brandShortName}} para atender às suas necessidades. A Licença Pública Mozilla também lhe dá o direito de distribuir as suas versões modificadas."},"about-your-rights-2":{"_":"Não são concedidos a você quaisquer direitos sobre marcas comerciais ou licenças sobre as marcas comerciais da Mozilla Foundation ou de terceiros, incluindo, entre outros, o nome ou logotipo do {{brandShortName}}. Informações adicionais sobre as marcas comerciais podem ser encontradas somente aqui."},"about-your-rights-3":{"_":"Alguns dos recursos do {{brandShortName}}, como o Crash Reporter, lhe dão a opção de fornecer informações à Mozilla. Ao efetuar o envio destas informações, você dá à Mozilla a permissão de usá-las para aperfeiçoar seus produtos, para publicá-las em seus sites e para distribuí-las."},"about-other":{"_":"Outro"},"SIM_mandatory":{"_":"Alerta do cartão SIM"},"SIM_mandatory_warm":{"_":"Por favor, insira um cartão SIM e reinicie seu telefone."},"sharing-performance-data":{"_":"Compartilhando dados de desempenho"},"telemetry-sends":{"_":"O Telemetry envia para Mozilla dados sobre performance, hardware, configurações e customizações em seu dispositivo {{brandShortName}}. Nós usamos isso para fazer nossos produtos melhores, mais rápidos e mais responsivo"},"learn-more-at":{"_":"Saiba mais em"},"external-telemetry":{"title":"Telemetry"},"learn-about-information":{"_":"Saiba como a Mozilla lida com suas informações em"},"external-privacy":{"title":"Privacidade"},"welcomeBrowser":{"_":"Bem-vindo ao {{brandShortName}}, o sistema operacional livre, gratuito e de código aberto da Mozilla. Nossa missão é promover a abertura, inovação e oportunidades ao manter o poder da Web em suas mãos."},"learnHow":{"_":"Saiba como a Mozilla manipula suas informações em nossa"},"privacyPolicy":{"_":"política de privacidade","title":"Política de privacidade"},"aboutBrowser":{"_":"Sobre o {{brandShortName}}"},"aboutYourPrivacy2":{"_":"Sua privacidade"},"mozillaCommunity2":{"_":"Ao usar o {{brandShortName}}, você se torna parte de uma comunidade global que está ajudando a construir um futuro melhor para a Web. Se você quiser saber mais sobre a comunidade Mozilla, nossos outros produtos e eventos perto de você, por favor, digite seu endereço de e-mail abaixo."},"collaborate":{"_":"Eu quero ajudar a melhorar {{brandShortName}} compartilhando dados sobre meu telefone."},"learnMore":{"_":"Saiba mais."},"emailAddress":{"placeholder":"Endereço de e-mail"},"email-successfully-added":{"_":"E-mail adicionado com sucesso"},"email-loading":{"_":"Salvando seu e-mail…"},"browserPrivacyChoices":{"_":"Opções de Privacidade do {{brandShortName}}"},"privacy-b2g":{"_":"{{brandShortName}}","title":"{{brandShortName}}"},"privacy-marketplace":{"_":"Marketplace","title":"{{privacy-marketplace}}"},"privacy-e-me":{"_":"everything.me","title":"{{privacy-e-me}}"},"navbar-back":{"_":"Voltar"},"navbar-next":{"_":"Avançar"},"navbar-join":{"_":"Entrar"},"thatsIt":{"_":"É isso!"},"startYourPhone":{"_":"Iniciar o tour do seu telefone!"},"startYourTablet":{"_":"Iniciar o tour do seu tablet!"},"joinTutorial":{"_":"Aproveite este rápido passeio pelo seu novo telefone."},"enjoyYourPhone":{"_":"Você está pronto para aproveitar seu novo telefone."},"optionsAvailable":{"_":"Você pode alterar o idioma, data/hora e conexões Wi-Fi nas configurações."},"letsGo":{"_":"Vamos lá"},"startTour":{"_":"Começar"},"thatsIt1Tablet-2":{"_":"You can always swipe from the bottom edge to enter home screen."},"thatsIt2Tablet-2":{"_":"Let's do it !"},"tutorial-step1-tiny":{"_":"Deslize da direita para a esquerda para navegar pelos seus aplicativos."},"tutorial-step2-tiny":{"_":"Toque e segure um ícone para movê-lo ou apagá-lo."},"tutorial-step3-tiny":{"_":"Digite uma palavra chave ou tópico e seu telefone irá se adaptar instantaneamente."},"tutorial-step4-tiny":{"_":"Deslize para baixo para acessar notificações recentes, informações de crédito e configurações."},"tutorial-step5-tiny":{"_":"Toque e segure o botão Início para navegar e fechar aplicativos recentes."},"tutorial-step6-tiny":{"_":"Swipe from the side of the screen to move back and forth between recent apps."},"tutorial-step1-large-2":{"_":"Swipe down from top to access recent notiﬁcations, credit information and settings."},"tutorial-step2-large-2":{"_":"Swipe left or right to discover new apps on home screen."},"tutorial-step3-large-2":{"_":"Tap and hold on an icon to delete or move it."},"tutorial-step4-large-2":{"_":"Two fingers swipe up from the bottom edge to trigger card view."},"offline-dialog-title":{"_":"Você deve estar conectado à Internet para ver esta página."},"offline-dialog-text":{"_":"Por favor, volte e conecte-se à Internet. Você também pode ver a página mais tarde nas Configurações ou digitando {{url}} em qualquer navegador."},"OK":{"_":"OK"},"offline-newsletter-dialog-title":{"_":"Você deve estar conectado à Internet para inscrever-se no informativo."},"offline-newsletter-dialog-text":{"_":"Por favor volte e conecte-se à Internet."},"invalid-email-dialog-title":{"_":"E-mail inválido"},"invalid-email-dialog-text":{"_":"Por favor, volte e corrija os dados digitados."},"pckodeLabel":{"_":"Código SPCK do cartão SIM {{n}}"},"thatsIt1Tablet":{"_":"Pronto! Você já pode aproveitar seu tablet."},"thatsIt2Tablet":{"_":"Deslize de baixo para cima para sair do tutorial."},"tutorial-step1-large":{"_":"Deslize da direita para a esquerda para descobrir novos aplicativos na tela inicial."},"tutorial-step2-large":{"_":"Toque e segure um ícone para movê-lo ou apagá-lo."},"tutorial-step3-large":{"_":"Deslize de cima para baixo para acessar notificações recentes, informações de crédito e configurações."},"tutorial-step4-large":{"_":"Toque em um ícone para acessar o aplicativo."},"tutorial-step5-large":{"_":"Deslize de baixo para cima para voltar à tela inicial."},"weekday-0-long":{"_":"Domingo"},"weekday-1-long":{"_":"Segunda-feira"},"weekday-2-long":{"_":"Terça-feira"},"weekday-3-long":{"_":"Quarta-feira"},"weekday-4-long":{"_":"Quinta-feira"},"weekday-5-long":{"_":"Sexta-feira"},"weekday-6-long":{"_":"Sábado"},"weekday-0-short":{"_":"Dom"},"weekday-1-short":{"_":"Seg"},"weekday-2-short":{"_":"Ter"},"weekday-3-short":{"_":"Qua"},"weekday-4-short":{"_":"Qui"},"weekday-5-short":{"_":"Sex"},"weekday-6-short":{"_":"Sáb"},"month-0-long":{"_":"Janeiro"},"month-1-long":{"_":"Fevereiro"},"month-2-long":{"_":"Março"},"month-3-long":{"_":"Abril"},"month-4-long":{"_":"Maio"},"month-5-long":{"_":"Junho"},"month-6-long":{"_":"Julho"},"month-7-long":{"_":"Agosto"},"month-8-long":{"_":"Setembro"},"month-9-long":{"_":"Outubro"},"month-10-long":{"_":"Novembro"},"month-11-long":{"_":"Dezembro"},"month-0-genitive":{"_":"Janeiro"},"month-1-genitive":{"_":"Fevereiro"},"month-2-genitive":{"_":"Março"},"month-3-genitive":{"_":"Abril"},"month-4-genitive":{"_":"Maio"},"month-5-genitive":{"_":"Junho"},"month-6-genitive":{"_":"Julho"},"month-7-genitive":{"_":"Agosto"},"month-8-genitive":{"_":"Setembro"},"month-9-genitive":{"_":"Outubro"},"month-10-genitive":{"_":"Novembro"},"month-11-genitive":{"_":"Dezembro"},"month-0-short":{"_":"Jan"},"month-1-short":{"_":"Fev"},"month-2-short":{"_":"Mar"},"month-3-short":{"_":"Abr"},"month-4-short":{"_":"Mai"},"month-5-short":{"_":"Jun"},"month-6-short":{"_":"Jul"},"month-7-short":{"_":"Ago"},"month-8-short":{"_":"Set"},"month-9-short":{"_":"Out"},"month-10-short":{"_":"Nov"},"month-11-short":{"_":"Dez"},"minutes-ago-long":{"_":"{[ plural(value) ]}","_[zero]":"há pouco","_[one]":"um minuto atrás","_[two]":"{{value}} minutos atrás","_[few]":"{{value}} minutos atrás","_[many]":"{{value}} minutos atrás","_[other]":"{{value}} minutos atrás"},"hours-ago-long":{"_":"{[ plural(value) ]}","_[zero]":"há pouco","_[one]":"uma hora atrás","_[two]":"{{value}} horas atrás","_[few]":"{{value}} horas atrás","_[many]":"{{value}} horas atrás","_[other]":"{{value}} horas atrás"},"days-ago-long":{"_":"{[ plural(value) ]}","_[zero]":"hoje","_[one]":"ontem","_[two]":"{{value}} dias atrás","_[few]":"{{value}} dias atrás","_[many]":"{{value}} dias atrás","_[other]":"{{value}} dias atrás"},"weeks-ago-long":{"_":"{[ plural(value) ]}","_[zero]":"esta semana","_[one]":"semana passada","_[two]":"{{value}} semanas atrás","_[few]":"{{value}} semanas atrás","_[many]":"{{value}} semanas atrás","_[other]":"{{value}} semanas atrás"},"months-ago-long":{"_":"{[ plural(value) ]}","_[zero]":"este mês","_[one]":"mês passado","_[two]":"{{value}} meses atrás","_[few]":"{{value}} meses atrás","_[many]":"{{value}} meses atrás","_[other]":"{{value}} meses atrás"},"years-ago-long":{"_":"{[ plural(value) ]}","_[zero]":"este ano","_[one]":"ano passado","_[two]":"{{value}} anos atrás","_[few]":"{{value}} anos atrás","_[many]":"{{value}} anos atrás","_[other]":"{{value}} anos atrás"},"minutes-until-long":{"_":"{[ plural(value) ]}","_[zero]":"agora","_[one]":"em um minuto","_[two]":"em {{value}} minutos","_[few]":"em {{value}} minutos","_[many]":"em {{value}} minutos","_[other]":"em {{value}} minutos"},"hours-until-long":{"_":"{[ plural(value) ]}","_[zero]":"agora","_[one]":"em uma hora","_[two]":"em {{value}} horas","_[few]":"em {{value}} horas","_[many]":"em {{value}} horas","_[other]":"em {{value}} horas"},"days-until-long":{"_":"{[ plural(value) ]}","_[zero]":"hoje","_[one]":"amanhã","_[two]":"em {{value}} dias","_[few]":"em {{value}} dias","_[many]":"em {{value}} dias","_[other]":"em {{value}} dias"},"weeks-until-long":{"_":"{[ plural(value) ]}","_[zero]":"esta semana","_[one]":"semana que vem","_[two]":"em {{value}} semanas","_[few]":"em {{value}} semanas","_[many]":"em {{value}} semanas","_[other]":"em {{value}} semanas"},"months-until-long":{"_":"{[ plural(value) ]}","_[zero]":"este mês","_[one]":"mês que vem","_[two]":"em {{value}} meses","_[few]":"em {{value}} meses","_[many]":"em {{value}} meses","_[other]":"em {{value}} meses"},"years-until-long":{"_":"{[ plural(value) ]}","_[zero]":"este ano","_[one]":"ano que vem","_[two]":"em {{value}} anos","_[few]":"em {{value}} anos","_[many]":"em {{value}} anos","_[other]":"em {{value}} anos"},"minutes-ago-short":{"_":"{[ plural(value) ]}","_[zero]":"há pouco","_[other]":"{{value}}min atrás"},"hours-ago-short":{"_":"{[ plural(value) ]}","_[zero]":"há pouco","_[other]":"{{value}}h atrás"},"days-ago-short":{"_":"{[ plural(value) ]}","_[zero]":"hoje","_[other]":"{{value}}d atrás"},"minutes-until-short":{"_":"{[ plural(value) ]}","_[zero]":"agora","_[other]":"em {{value}}min"},"hours-until-short":{"_":"{[ plural(value) ]}","_[zero]":"agora","_[other]":"em {{value}}h"},"days-until-short":{"_":"{[ plural(value) ]}","_[zero]":"hoje","_[other]":"em {{value}}d"},"incorrectDate":{"_":"(data incorreta)"},"dateTimeFormat_%c":{"_":"%A, %e de %B de %Y %Hh %Mmin %Ss"},"dateTimeFormat_%x":{"_":"%d/%m/%Y"},"dateTimeFormat_%X":{"_":"%Hh %Mmin %Ss"},"shortTimeFormat":{"_":"%Hh%M"},"shortDateTimeFormat":{"_":"%x %Hh%M"},"weekStartsOnMonday":{"_":"0"},"time_am":{"_":"AM"},"time_pm":{"_":"PM"},"tz-region":{"_":"Região"},"tz-city":{"_":"Cidade"},"tzRegion-Africa":{"_":"África"},"tzRegion-America":{"_":"América"},"tzRegion-Antarctica":{"_":"Antártida"},"tzRegion-Asia":{"_":"Ásia"},"tzRegion-Atlantic":{"_":"Oceano Atlântico"},"tzRegion-Australia":{"_":"Austrália"},"tzRegion-Europe":{"_":"Europa"},"tzRegion-Indian":{"_":"Oceano Índico"},"tzRegion-Pacific":{"_":"Oceano Pacífico"},"close":{"_":"Fechar"},"import":{"_":"Importar"},"fbFriends":{"_":"Amigos do Facebook"},"live-serviceName":{"_":"Windows Live"},"gmail-serviceName":{"_":"Gmail"},"facebook-serviceName":{"_":"Amigos do Facebook"},"viewAll":{"_":"Ver todos os amigos do Facebook"},"viewRecommend":{"_":"Ver somente sugeridos"},"linkProposal":{"_":"{[ plural(numFriends) ]}","_[zero]":"Nenhum amigo correspondente. Exibindo todos","_[one]":"Selecionar o sugerido","_[two]":"Selecionar um sugerido","_[few]":"Selecionar um sugerido","_[many]":"Selecionar um sugerido","_[other]":"Selecionar um sugerido"},"fbFriendsFound":{"_":"{[ plural(numFriends) ]}","_[zero]":"Todos os seus amigos foram importados","_[one]":"Foi encontrado um amigo para importar","_[two]":"Foram encontrados {{numFriends}} amigos para importar","_[few]":"Foram encontrados {{numFriends}} amigos para importar","_[many]":"Foram encontrados {{numFriends}} amigos para importar","_[other]":"Foram encontrados {{numFriends}} amigos para importar"},"done-search":{"_":"Concluído"},"progressFB3ImportTitle":{"_":"Importando amigos para Contatos"},"progressFB":{"_":"{{current}}/{{total}}"},"progressFB3UpdateTitle":{"_":"Atualizando amigos em Contatos"},"message2":{"_":"Isso pode levar alguns minutos"},"messageLinking":{"_":"Por favor, aguarde; estamos vinculando seus amigos e contatos."},"error1":{"_":"Erro ao {{from}}"},"error2":{"_":"Deseja tentar novamente?"},"errorProposal":{"_":"calcular solicitações"},"errorFriends":{"_":"recuperar amigos"},"errorLinking":{"_":"vincular contatos"},"timeout1":{"_":"Tempo limite excedido ao {{from}}"},"timeout2":{"_":"Deseja tentar novamente?"},"timeoutProposal":{"_":"calcular solicitações"},"timeoutFriends":{"_":"recuperar amigos"},"timeoutLinking":{"_":"vincular contatos"},"wait1":{"_":"Por favor, aguarde"},"wait2":{"_":"Isso pode levar alguns minutos"},"waitProposal":{"_":"Por favor, aguarde; estamos calculando uma solicitação."},"waitFriends":{"_":"Por favor, aguarde; estamos nos conectando para obter sua lista de amigos."},"curtainCancel":{"_":"Cancelar"},"curtainRetry":{"_":"Tentar novamente"},"curtainOK":{"_":"OK"},"connectionLost":{"_":"Sem conexão à Internet"},"connectionLostMsg":{"_":"Fotos de amigos não serão adicionadas aos seus contatos. Continuar mesmo assim?"},"yesOption":{"_":"Ok"},"noOption":{"_":"Cancelar"},"friendsUpdated":{"_":"{[ plural(numFriends) ]}","_[zero]":"Nenhum amigo atualizado","_[one]":"Um amigo atualizado","_[two]":"{{numFriends}} amigos atualizados","_[few]":"{{numFriends}} amigos atualizados","_[many]":"{{numFriends}} amigos atualizados","_[other]":"{{numFriends}} amigos atualizados"},"notificationLogin":{"_":"Sua sessão do Facebook é inválida. Por favor, identifique-se."},"syncError":{"_":"Houve um erro ao sincronizar os dados dos seus amigos"},"addToExistingContact":{"_":"Adicionar a um contato"},"all":{"_":"Todas"},"callLog":{"_":"Chamadas"},"connecting":{"_":"Conectando"},"cf-async":{"_":"Assíncrono: {{ async }}\n"},"cf-data":{"_":"Dados: {{ data }}\n"},"cf-error":{"_":"Ocorreu um erro ao recuperar status de desvio de chamadas"},"cf-fax":{"_":"FAX: {{ fax }}\n"},"cf-inactive":{"_":"Inativo"},"cf-packet":{"_":"Pacote: {{ packet }}\n"},"cf-pad":{"_":"PAD: {{ pad }}\n"},"cf-sms":{"_":"SMS: {{ sms }}\n"},"cf-status":{"_":"Status de desvio de chamadas\n"},"cf-sync":{"_":"Síncrono: {{ sync }}\n"},"cf-voice":{"_":"Voz: {{ voice }}\n"},"confirm-deletion":{"_":"Apagar as chamadas selecionadas?"},"createNewContact":{"_":"Criar novo contato"},"delete":{"_":"Apagar"},"edit-selected":{"_":"{[ plural(n) ]}","_[one]":"{{ n }} selecionada","_[two]":"{{ n }} selecionadas","_[few]":"{{ n }} selecionadas","_[many]":"{{ n }} selecionadas","_[other]":"{{ n }} selecionadas"},"ignore":{"_":"Ignorar chamada"},"incoming":{"_":"Recebidas"},"missed":{"_":"Não atendidas"},"missedCall":{"_":"Chamada não atendida"},"missedCallMultiSims":{"_":"(SIM {{ n }}) Missed call"},"mmi-error":{"_":"Ocorreu um erro ao enviar a mensagem"},"mmi-session-expired":{"_":"Sessão expirada"},"mmi-successfully-sent":{"_":"Mensagem enviada com sucesso"},"no-logs-msg-1":{"_":"Nenhuma chamada registrada"},"no-logs-msg-2":{"_":"Comece a se comunicar agora"},"no-logs-msg-3":{"_":"Nenhuma chamada não atendida"},"reply":{"_":"Responder"},"switch-calls":{"_":"Alternar chamada"},"withheld-number":{"_":"Número confidencial"},"from-contact":{"_":"De {{ contact }}"},"from-number":{"_":"De {{ number }}"},"from-withheld-number":{"_":"De número confidencial"},"sending":{"_":"Enviando…"},"ussd-services":{"_":"Serviços da {{ operator }}"},"type-your-response":{"placeholder":"Digite sua resposta…"},"clear-all-text":{"_":"Limpar tudo"},"hide":{"_":"Esconder"},"hold":{"_":"Espera"},"resume":{"_":"Continuar"},"sendSms":{"_":"Enviar mensagem"},"callEnded":{"_":"Chamada encerrada"},"via-sim":{"_":"via SIM{{ n }}"},"sim-number":{"_":"SIM{{ n }}"},"hangup-a11y-button":{"aria-label":"Desligar"},"pickup-a11y-button":{"aria-label":"Atender"},"unlock-a11y-button":{"aria-label":"Controle deslizante"},"delete-n-log?":{"_":"{[ plural(n) ]}","_[zero]":"Nada selecionado","_[one]":"Apagar a entrada selecionada?","_[two]":"Apagar {{ n }} entradas?","_[few]":"Apagar {{ n }} entradas?","_[many]":"Apagar {{ n }} entradas?","_[other]":"Apagar {{ n }} entradas?"},"callDurationMinutes":{"_":"{{ m }}min {{ s }}s"},"callDurationHours":{"_":"{{ h }}h {{ m }}min {{ s}}s"},"suggestionMatches":{"_":"{[ plural(n) ]}","_[one]":"{{ n }} resultado para \"{{ matchNumber }}\"","_[two]":"{{ n }} resultados para \"{{ matchNumber }}\"","_[few]":"{{ n }} resultados para \"{{ matchNumber }}\"","_[many]":"{{ n }} resultados para \"{{ matchNumber }}\"","_[other]":"{{ n }} resultados para \"{{ matchNumber }}\""},"scCallBarring":{"_":"Restrição de chamadas"},"scCallForwarding":{"_":"Desvio de chamadas"},"scClip":{"_":"Identificação da chamada de entrada"},"scClir":{"_":"Identificação do seu aparelho"},"scPwd":{"_":"Troca de senha"},"scCallWaiting":{"_":"Chamada em espera"},"scPin":{"_":"Troca de PIN"},"scPin2":{"_":"Troca de PIN2"},"scPuk":{"_":"Desbloqueio de PIN"},"scPuk2":{"_":"Desbloqueio de PIN2"},"scImei":{"_":"IMEI"},"scUssd":{"_":"USSD"},"serviceClassVoice":{"_":"Voz"},"serviceClassData":{"_":"Dados"},"serviceClassFax":{"_":"FAX"},"serviceClassSms":{"_":"SMS"},"serviceClassDataSync":{"_":"Síncrono"},"serviceClassDataAsync":{"_":"Assíncrono"},"serviceClassPacket":{"_":"Pacote"},"serviceClassPad":{"_":"PAD"},"smServiceEnabled":{"_":"O serviço foi ativado"},"smServiceDisabled":{"_":"O serviço foi desativado"},"smServiceRegistered":{"_":"Registro com sucesso"},"smServiceErased":{"_":"Excluído com sucesso"},"smServiceInterrogated":{"_":"Solicitação com sucesso"},"smServiceNotProvisioned":{"_":"Serviço não oferecido"},"smClirPermanent":{"_":"Você não pode alterar as configurações de identificação"},"smClirDefaultOnNextCallOn":{"_":"A configuração padrão de identificação é restrita. Próxima chamada: restrita"},"smClirDefaultOnNextCallOff":{"_":"A configuração padrão de identificação é restrita. Próxima chamada: irrestrita"},"smClirDefaultOffNextCallOn":{"_":"A configuração padrão de identificação é irrestrita. Próxima chamada: restrita"},"smClirDefaultOffNextCallOff":{"_":"A configuração padrão de identificação é irrestrita. Próxima chamada: irrestrita"},"smServiceEnabledFor":{"_":"O serviço foi ativado para:"},"smPinChanged":{"_":"PIN alterado com sucesso"},"smPinUnblocked":{"_":"PIN desbloqueado com sucesso"},"smPin2Changed":{"_":"PIN2 alterado com sucesso"},"smPin2Unblocked":{"_":"PIN2 desbloqueado com sucesso"},"emMmiError":{"_":"Erro de conexão ou código MMI inválido"},"emMmiErrorPasswordIncorrect":{"_":"Senha incorreta"},"emMmiErrorNotSupported":{"_":"Código MMI inválido ou não suportado"},"emMmiErrorInvalidAction":{"_":"Ação inválida"},"emMmiErrorInvalidScCode":{"_":"Código de serviço inválido"},"emMmiErrorBadPuk":{"_":"O PUK que você digitou está incorreto"},"emMmiErrorBadPin":{"_":"O PIN atual que você digitou esá incorreto"},"emMmiErrorNeedPuk2":{"_":"Digite o PIN2 para desbloquear o chip SIM"},"emMmiErrorMismatchPin":{"_":"Os PINs que você digitou não correspondem"},"emMmiErrorInvalidPin":{"_":"Digite um PIN de 4 a 8 dígitos"},"emMmiErrorNeedsPuk":{"_":"Seu chip SIM está bloqueado"},"emMmiErrorEnablePin":{"_":"Sem sucesso. Ative o bloqueio SIM/RUIM"},"emMmiErrorMmiFdn":{"_":"A operação está restrita a apenas números determinados"},"emMmiErrorStkCcUssdDial":{"_":"A soliticação USSD está modificada para soliticação DIAL"},"emMmiErrorStkCcUssdSs":{"_":"A soliticação USSD está modificada para soliticação SS"},"emMmiErrorStkCcUssdUssd":{"_":"A soliticação USSD está modificada para soliticação USSD"},"emMmiErrorStkCcSsDial":{"_":"A soliticação SS está modificada para soliticação DIAL"},"emMmiErrorStkCcSsUssd":{"_":"A soliticação SS está modificada para soliticação USSD"},"emMmiErrorStkCcSsSs":{"_":"A soliticação SS está modificada para soliticação SS"},"emMmiErrorPinPukAttempts":{"_":"{[ plural(n) ]}","_[one]":"Apenas {{ n }} tentativa restante","_[two]":"{{ n }} tentativas restantes","_[few]":"{{ n }} tentativas restantes","_[many]":"{{ n }} tentativas restantes","_[other]":"{{ n }} tentativas restantes"},"emMmiErrorSimBlocked":{"_":"Número máximo de tentativas excedido. Chip bloqueado"},"RadioNotAvailable":{"_":"Rádio indisponível"},"GenericFailure":{"_":"Falha genérica"},"PasswordIncorrect":{"_":"Senha incorreta"},"SimPin2":{"_":"PIN2 do SIM"},"SimPuk2":{"_":"PUK2 do SIM"},"RequestNotSupported":{"_":"Solicitação não suportada"},"OpNotAllowedDuringVoiceCall":{"_":"Operação não permitida durante uma chamada de voz"},"SmsSendFailRetry":{"_":"Tentativa de reenvio de SMS"},"SimAbsent":{"_":"SIM ausente"},"SubscriptionNotAvailable":{"_":"Inscrição indisponível"},"ModeNotSupported":{"_":"Modo não suportado"},"FdnCheckFailure":{"_":"Falha de verificação Fdn"},"IllegalSimOrMe":{"_":"Chip SIM ou ME ilegal"},"DialModifiedToUssd":{"_":"Dial modificado para USSD"},"DialModifiedToSs":{"_":"Dial modificado para ss"},"DialModifiedToDial":{"_":"Dial modificado para dial"},"UssdModifiedToDial":{"_":"USSD modificado para dial"},"UssdModifiedToSs":{"_":"USSD modificado para SS"},"UssdModifiedToUssd":{"_":"USSD modificado para USSD"},"SsModifiedToDial":{"_":"SS modificado para dial"},"SsModifiedToUssd":{"_":"SS modificado para USSD"},"SsModifiedToSs":{"_":"SS modificado para SS"},"SubscriptionNotSupported":{"_":"Inscrição não suportada"},"InvalidParameter":{"_":"Parâmetro inválido"},"RejectedByRemote":{"_":"Rejeitado remotamente"},"group-call":{"_":"{[ plural(n) ]}","_[one]":"Conferência ({{ n }})","_[two]":"Conferência ({{ n }})","_[few]":"Conferência ({{ n }})","_[many]":"Conferência ({{ n }})","_[other]":"Conferência ({{ n }})"},"caller-left-call":{"_":"{{ caller }} saiu da chamada."},"conferenceAddError":{"_":"Não foi possível unir as chamadas"},"conferenceRemoveError":{"_":"Não foi possível separar as chamadas"},"longDateFormat":{"_":"%a, %e de %B"},"select-audio-sources":{"_":"Select audio sources"},"bluetooth-handsfree-device":{"_":"Bluetooth handsfree device"},"receiver":{"_":"Receiver"},"speaker":{"_":"Speaker"},"sim-picker-dial-via-with-number":{"_":"Dial {{ phoneNumber }} via"},"sim-picker-select-sim":{"_":"Select SIM"},"sim-picker-button":{"_":"SIM{{ n }}"},"sim-picker-button-default":{"_":"(default)"},"waitDuplicateContacts":{"_":"Procurando contatos duplicados"},"waitMergingDuplicateContacts":{"_":"Combinando contatos duplicados"},"alertNoDuplicateContacts":{"_":"Nenhum contato duplicado encontrado"},"merge":{"_":"Combinar"},"mergeDuplicateTitle":{"_":"Combinar contatos duplicados"},"suggestedDuplicateContacts":{"_":"Contatos duplicados para {{name}}"},"mergeActionButtonLabel":{"_":"{[ plural(n) ]}","_[zero]":"Nenhum contato selecionado","_[one]":"Combinar com {{n}} contato","_[other]":"Combinar com {{n}} contatos"},"duplicatesFoundTitle":{"_":"Contatos duplicados encontrados"},"duplicatesFoundMessage":{"_":"{{name}} tem informação duplicada nos seguintes contatos"}}