{"brandShortName":{"_":"SO B2G"},"browserBrandShortName":{"_":"Navigator web"},"browserBrandFullName":{"_":"Navigator web Mozilla"},"callAirplaneModeMessage":{"_":"Pentru a efectua un apel, trebuie să dezactivezi modul avion din Setări."},"callAirplaneModeBtnOk":{"_":"Ok"},"callAirplaneModeTitle":{"_":"Modul avion activat"},"numberIsBusyTitle":{"_":"Numărul este ocupat"},"numberIsBusyMessage":{"_":"Numărul este în prezent ocupat. Te rugăm reîncearcă mai târziu."},"fdnIsEnabledTitle":{"_":"FDN activ"},"fdnIsEnabledMessage":{"_":"Acest număr este blocat deoarece nu este în lista ta de numere autorizate."},"voiceMail":{"_":"Mesaj vocal"},"emergencyNumber":{"_":"Număr de urgență"},"emergencyDialogBodyBadNumber":{"_":"Pentru a efectua un apel, telefonul trebuie să fie conectat la o rețea."},"emergencyDialogBodyDeviceNotAccepted":{"_":"Apelurile de urgență nu sunt permise de către rețea."},"emergencyDialogBtnOk":{"_":"Ok"},"emergencyDialogTitle":{"_":"Fără conexiune la rețea"},"invalidNumberToDialTitle":{"_":"Număr de telefon incorect"},"invalidNumberToDialMessage":{"_":"Numărul de telefon pe care îl apelezi nu este valabil."},"unableToCallTitle":{"_":"Nu se poate efectua un apel telefonic acum"},"unableToCallMessage":{"_":"Nu se poate efectua un apel. Dacă apelezi deja, te rugăm să închizi mai întâi."},"otherConnectionInUseTitle":{"_":"Altă conexiune în uz"},"otherConnectionInUseMessage":{"_":"Ai un apel activ pe altă conexiune. Poți folosi doar o conexiune în același timp."},"add":{"_":"Adaugă"},"back":{"_":"Înapoi"},"call":{"_":"Apelează"},"edit":{"_":"Editează"},"cancel":{"_":"Renunță"},"done":{"_":"Gata"},"ok":{"_":"Ok"},"update":{"_":"Actualizează"},"retry":{"_":"Reîncearcă"},"contacts":{"_":"Contacte"},"addContact":{"_":"Adaugă contact"},"deleteContact":{"_":"Șterge contactul"},"selectContact":{"_":"Selectează contactul"},"selectAll":{"_":"Selectează tot"},"deselectAll":{"_":"Deselectează tot"},"editContact":{"_":"Editează contactul"},"deleteConfirmMsg":{"_":"Ștergi contactul?"},"remove":{"_":"Elimină"},"comments":{"_":"Comentarii"},"no_contact_phones":{"_":"Acest contact nu are un număr de telefon"},"no_contact_email":{"_":"Acest contact nu are o adresă de email"},"removePhotoConfirm":{"_":"Elimini fotografia de contact?"},"loadingContacts":{"_":"Se încarcă contactele…"},"noContactsActivity":{"_":"Nu se poate adăuga la contact fiindcă lista de contacte este goală"},"noName":{"_":"Niciun nume"},"givenName":{"placeholder":"Nume"},"familyName":{"placeholder":"Nume"},"tel":{"placeholder":"Telefon"},"carrier":{"_":"Operator","placeholder":"Operator"},"separator":{"_":","},"email":{"_":"E-mail","placeholder":"E-mail"},"streetAddress":{"placeholder":"Stradă"},"postalCode":{"placeholder":"Cod poștal"},"locality":{"placeholder":"Oraș"},"countryName":{"placeholder":"Țară"},"comment":{"placeholder":"Comentariu"},"org":{"placeholder":"Companie"},"custom":{"placeholder":"Personalizat","_":"Tag personalizat"},"date":{"_":"Dată","placeholder":"Dată"},"birthday":{"_":"Zi de naștere"},"dateFormat":{"_":"%e %B"},"dateOutput":{"_":"{{dayMonthFormatted}} {{year}}"},"anniversary":{"_":"Aniversare"},"addPhoto":{"_":"Adaugă fotografie"},"addPhone":{"_":"Adaugă telefon"},"addEmail":{"_":"Adaugă e-mail"},"addAddress":{"_":"Adaugă adresă"},"addDate":{"_":"Adaugă dată"},"addComment":{"_":"Adaugă comentariu"},"addFavorite":{"_":"Adaugă ca favorit"},"removeFavorite":{"_":"Elimină din favoriți"},"label":{"_":"Etichetă"},"mobile":{"_":"Mobil"},"home":{"_":"Acasă"},"work":{"_":"Serviciu"},"personal":{"_":"Personal"},"faxHome":{"_":"Acasă fax"},"faxOffice":{"_":"Birou fax"},"faxOther":{"_":"Alt fax"},"another":{"_":"Altul"},"other":{"_":"Alta"},"current":{"_":"Actuală"},"itemWithLabel":{"_":"{{label}}, {{item}}"},"exit":{"_":"Ieși"},"expand":{"_":"Extinde"},"labelName":{"_":"Prenume:"},"labelLastName":{"_":"Nume:"},"labelPhoneNumber":{"_":"Număr de telefon:"},"labelCarrier":{"_":"Operator:"},"labelEmail":{"_":"Email:"},"labelStreet":{"_":"Stradă:"},"labelZip":{"_":"Cod poștal:"},"labelCity":{"_":"Oraș:"},"labelCountry":{"_":"Țară:"},"labelComment":{"_":"Comentariu:"},"legendTitleMain":{"_":"Informații de bază"},"legendPhones":{"_":"Numere de telefon"},"legendEmail":{"_":"Adresă de e-mail"},"legendAddress":{"_":"Adresă"},"settings":{"_":"Setări"},"search-contact":{"placeholder":"Caută"},"noResults":{"_":"Niciun contact găsit"},"transferContactsTitle":{"_":"Transferă contacte"},"importContactsTitle":{"_":"Importă contacte"},"importContactsButton":{"_":"Importă contacte"},"exportContactsTitle":{"_":"Exportă contacte"},"exportContactsButton":{"_":"Exportă contacte"},"exportContactsAction":{"_":"Exportă"},"simExport-title":{"_":"Exportă în cartela SIM"},"sdExport-title":{"_":"Exportă în cardul SD"},"btExport-title":{"_":"Exportă în Bluetooth"},"sdUMSEnabled":{"_":"Nu se poate folosi cardul SD deoarece stocarea USB e activată"},"exportErrorTitle":{"_":"Eroare la exportare"},"contactsExported2":{"_":"{[ plural(exported) ]}","_[zero]":"Niciun contact exportat","_[one]":"{{exported}}/{{total}} contacte exportate","_[two]":"{{exported}}/{{total}} contacte exportate","_[few]":"{{exported}}/{{total}} contacte exportate","_[many]":"{{exported}}/{{total}} contacte exportate","_[other]":"{{exported}}/{{total}} contacte exportate"},"exportError-general":{"_":"S-a produs o eroare la exportare"},"exportError-SD-shared":{"_":"Nu se poate accesa cardul de memorie deoarece este partajat"},"exportError-SD-unavailable":{"_":"Cardul de memorie este indisponibil"},"exportError-SD-noSpace":{"_":"Nu există spațiu suficient pe cardul de memorie pentru a exporta contactele"},"exportError-SIM-unavailable":{"_":"Cartela SIM este indisponibilă"},"exportError-BT-shared":{"_":"Nu se poate accesa cardul de memorie deoarece este partajat"},"exportError-BT-unavailable":{"_":"Cardul de memorie este indisponibil"},"exportError-BT-noSpace":{"_":"Nu există spațiu suficient pe cardul de memorie pentru a exporta contactele"},"simContacts-import":{"_":"Importă contacte SIM"},"simContacts-importing":{"_":"Se importă contacte SIM…"},"simContacts-reading":{"_":"Se citește de pe cartela SIM…"},"simContacts-error":{"_":"Nu s-au putut importa contacte de pe cartela SIM"},"simContacts-imported3":{"_":"{[ plural(n) ]}","_[zero]":"Niciun contact detectat pe cartela SIM pentru importare","_[one]":"Importat un contact","_[two]":"Importate {{n}} contacte","_[few]":"Importate {{n}} contacte","_[many]":"Importate {{n}} contacte","_[other]":"Importate {{n}} contacte"},"noSimMsg":{"_":"Pentru a importa contacte inserează sau deblochează cartela SIM"},"noSimMsgExport":{"_":"Pentru a exporta contacte inserează sau deblochează cartela SIM"},"simNumber":{"_":"SIM {{number}}"},"memoryCardContacts-import":{"_":"Importă contacte de pe cardul de memorie"},"memoryCardContacts-importing":{"_":"Se importă contacte de pe cardul de memorie…"},"memoryCardContacts-reading":{"_":"Se citește de pe cardul de memorie…"},"memoryCardContacts-error":{"_":"Nu s-au putut importa contacte de pe cardul de memorie"},"memoryCardContacts-imported3":{"_":"{[ plural(n) ]}","_[zero]":"Niciun contact detectat pe cardul de memorie pentru importare","_[one]":"Importat un contact","_[two]":"Importate {{n}} contacte","_[few]":"Importate {{n}} contacte","_[many]":"Importate {{n}} contacte","_[other]":"Importate {{n}} contacte"},"noMemoryCardMsg":{"_":"Pentru a importa contacte inserează un card de memorie"},"noMemoryCardMsgExport":{"_":"Pentru a exporta contacte inserează un card de memorie"},"genericProgress":{"_":"{{current}}/{{total}}"},"social-network":{"_":"Rețele sociale"},"social-link":{"_":"Leagă contactul"},"social-unlink":{"_":"Dezleagă contactul"},"social-unlink-confirm-title":{"_":"Dorești să dezlegi prietenul tău?"},"social-unlink-confirm-accept":{"_":"Dezleagă"},"facebook-import":{"_":"Importă prietenii de pe Facebook"},"show-fb-profile":{"_":"Vezi profilul de Facebook"},"msg-send":{"_":"Mesaj"},"wall-post":{"_":"Postare pe perete"},"facebook":{"_":"Facebook"},"facebook-import-msg":{"_":"{[ plural(imported) ]}","_[zero]":"Niciun prieten importat (din {{total}})","_[one]":"Un prieten importat (din {{total}})","_[two]":"{{imported}}/{{total}} prieteni importați","_[few]":"{{imported}}/{{total}} prieteni importați","_[many]":"{{imported}}/{{total}} prieteni importați","_[other]":"{{imported}}/{{total}} prieteni importați"},"otherAccount":{"_":"Alte conturi"},"facebookSwitchMsg":{"_":"Sincronizează amicii"},"select_mobile":{"_":"Selectează mobilul"},"select_email":{"_":"Selectează e-mailul"},"contactsOrderBy":{"_":"Ordonează după nume"},"importSim2":{"_":"Cartelă SIM"},"importMemoryCard":{"_":"Card de memorie"},"importGmail":{"_":"Gmail"},"bluetooth":{"_":"Bluetooth"},"importOutlook":{"_":"Outlook"},"fbUpdateFriends":{"_":"Actualizează prietenii importați"},"cleaningFbData":{"_":"Se elimină datele de Facebook"},"loggingOutFb":{"_":"Deconectare de la Facebook"},"cleanFbConfirmMsg":{"_":"Elimini toate datele de Facebook?"},"renewPwdMsg":{"_":"Parola ta pe Facebook s-a schimbat. Te rugăm să o actualizezi."},"noConnection11":{"_":"Pentru a importa prietenii de pe Facebook sau contactele conectează-te la Wi-Fi sau rețeaua de date"},"notEnabledYet":{"_":"Neactivat încă"},"genericNoConnection":{"_":"Pentru a importa contacte conectează-te la o rețea Wi-Fi sau rețea de date"},"simCard":{"_":"Cartelă SIM"},"memoryCard":{"_":"Card de memorie"},"create-new":{"_":"Crează un contact nou"},"import-now":{"_":"Importă contactele tale de pe cartela SIM sau Facebook"},"no-contacts":{"_":"Niciun contact"},"start-adding":{"_":"Începe adăugarea lor acum"},"notImported":{"_":"Neimportate"},"imported":{"_":"Importate"},"today":{"_":"Astăzi"},"yesterday":{"_":"Ieri"},"messageCanceling":{"_":"Te rugăm să aștepți. Anulăm operația în curs."},"organise-contacts":{"_":"Organizează contactele"},"find-merge-contacts":{"_":"Găsește contacte duplicate"},"preparing-contacts":{"_":"Pregătirea contactelor"},"exportError-SIM-NoFreeRecordFound":{"_":"Cartela SIM este plină"},"exportError-SIM-CannotAccessPhoneBook":{"_":"Nu se poate accesa agenda telefonică a cartelei SIM"},"exportError-SIM-Unavailable":{"_":"Niciun SIM detectat"},"exportError-SIM-GenericError":{"_":"A apărut o eroare la exportarea unui contact"},"pincode2":{"_":"Introdu codul PIN"},"type_pin":{"_":"Tastează codul PIN"},"pincodeLabel":{"_":"Codul PIN al SIM {{n}}"},"pinValidation":{"_":"Codul PIN trebuie să conțină între 4 și 8 caractere."},"pinError":{"_":"Codul PIN a fost incorect."},"pinAttemptMsg2":{"_":"{[ plural(n) ]}","_[one]":"Ai o încercare rămasă pentru a introduce codul corect înainte de a bloca cartela SIM.","_[two]":"Ai {{n}} încercări rămase pentru a introduce codul corect înainte de a bloca cartela SIM.","_[few]":"Ai {{n}} încercări rămase pentru a introduce codul corect înainte de a bloca cartela SIM.","_[many]":"Ai {{n}} încercări rămase pentru a introduce codul corect înainte de a bloca cartela SIM.","_[other]":"Ai {{n}} încercări rămase pentru a introduce codul corect înainte de a bloca cartela SIM."},"pinLastChanceMsg":{"_":"Aceasta este ultima ta șansă pentru a introduce codul PIN corect. În caz contrar, trebuie să introduci codul PUK pentru a folosi această cartelă SIM."},"pukcode":{"_":"Introdu codul PUK"},"pukcodeTitle":{"_":"Introdu codul PUK al SIM {{n}}"},"pukcodeLabel":{"_":"Codul PUK al SIM {{n}}"},"type_puk":{"_":"Cod PUK"},"pukValidation":{"_":"Codul PUK trebuie să aibă exact 8 caractere."},"pukInfo":{"_":"Trebuie să introduci codul cheii personale de deblocare (PUK) pentru cartela SIM. Consultă documentația cartelei SIM sau contactează operatorul pentru mai multe informații."},"pukError":{"_":"Codul PUK a fost incorect."},"pukAttemptMsg2":{"_":"{[ plural(n) ]}","_[one]":"Ai o încercare rămasă pentru a introduce codul corect înainte ca această cartelă SIM să devină inutilizabilă permanent. Consultă documentația cartelei SIM sau contactează operatorul pentru mai multe informații.","_[two]":"Ai {{n}} încercări rămase pentru a introduce codul corect înainte ca această cartelă SIM să devină inutilizabilă permanent. Consultă documentația cartelei SIM sau contactează operatorul pentru mai multe informații.","_[few]":"Ai {{n}} încercări rămase pentru a introduce codul corect înainte ca această cartelă SIM să devină inutilizabilă permanent. Consultă documentația cartelei SIM sau contactează operatorul pentru mai multe informații.","_[many]":"Ai {{n}} încercări rămase pentru a introduce codul corect înainte ca această cartelă SIM să devină inutilizabilă permanent. Consultă documentația cartelei SIM sau contactează operatorul pentru mai multe informații.","_[other]":"Ai {{n}} încercări rămase pentru a introduce codul corect înainte ca această cartelă SIM să devină inutilizabilă permanent. Consultă documentația cartelei SIM sau contactează operatorul pentru mai multe informații."},"pukLastChanceMsg":{"_":"Aceasta este ultima ta șansă pentru a introduce codul PUK corect. Cartela ta SIM va fi inutilizabilă permanent dacă introduci codul PUK greșit."},"create_newpin":{"_":"Crează un cod PIN nou (4-8 cifre)"},"confirm_newpin":{"_":"Confirmă codul PIN nou"},"newpinConfirmation":{"_":"Codurile PIN nu se potrivesc"},"nckcode":{"_":"Introdu codul NCK"},"cckcode":{"_":"Introdu codul CCK"},"spckcode":{"_":"Introdu codul SPCK"},"nckcodeTitle":{"_":"Introdu codul NCK al SIM {{n}}"},"cckcodeTitle":{"_":"Introdu codul CCK al SIM {{n}}"},"spckcodeTitle":{"_":"Introdu codul SPCK al SIM {{n}}"},"nckcodeLabel":{"_":"Codul NCK al SIM {{n}}"},"cckcodeLabel":{"_":"Codul CCK al SIM {{n}}"},"spckcodeLabel":{"_":"Codul SPCK al SIM {{n}}"},"type_nck":{"_":"Introdu codul NCK"},"type_cck":{"_":"Introdu codul CCK"},"type_spck":{"_":"Introdu codul SPCK"},"nckValidation":{"_":"Codul NCK trebuie să aibă între 8 și 16 caractere."},"cckValidation":{"_":"Codul CCK trebuie să aibă între 8 și 16 caractere."},"spckValidation":{"_":"Codul SPCK trebuie să aibă între 8 și 16 caractere."},"nckErrorMsg":{"_":"Codul NCK este incorect."},"nckAttemptMsg2":{"_":"{[ plural(n) ]}","_[one]":"Cererea de depersonalizare a rețelei a eșuat. Ai o încercare rămasă pentru a introduce codul corect. Consultă documentația dispozitivului sau contactează operatorul pentru mai multe informații.","_[two]":"Cererea de depersonalizare a rețelei a eșuat. Ai {{n}} încercări rămase pentru a introduce codul corect. Consultă documentația dispozitivului sau contactează operatorul pentru mai multe informații.","_[few]":"Cererea de depersonalizare a rețelei a eșuat. Ai {{n}} încercări rămase pentru a introduce codul corect. Consultă documentația dispozitivului sau contactează operatorul pentru mai multe informații.","_[many]":"Cererea de depersonalizare a rețelei a eșuat. Ai {{n}} încercări rămase pentru a introduce codul corect. Consultă documentația dispozitivului sau contactează operatorul pentru mai multe informații.","_[other]":"Cererea de depersonalizare a rețelei a eșuat. Ai {{n}} încercări rămase pentru a introduce codul corect. Consultă documentația dispozitivului sau contactează operatorul pentru mai multe informații."},"nckLastChanceMsg":{"_":"Cererea de depersonalizare a rețelei a eșuat. Ultima șansă pentru a introduce codul NCK corect. Consultă documentația dispozitivului sau contactează operatorul pentru mai multe informații."},"skip":{"_":"Omite"},"send":{"_":"Trimite"},"simLocked":{"_":"Cartela SIM este blocată"},"inputCodeRetriesLeft":{"_":"{[ plural(n) ]}","_[one]":"ultima încercare.","_[two]":"{{n}} încercări rămase.","_[few]":"{{n}} încercări rămase.","_[many]":"{{n}} încercări rămase.","_[other]":"{{n}} încercări rămase."},"simManager":{"_":"Manager SIM"},"simDetail":{"_":"SIM {{n}}"},"simDefault":{"_":"(implicit)"},"simDefaultMessage":{"_":"Apelurile efectuate, mesajele trimise și conexiunea de date sunt setate la SIM 1 drept implicit"},"simSettingsMessage":{"_":"Poți schimba setările implicite la Setări > Manager de cartele SIM"},"simPinLocked":{"_":"Codul PIN blocat al SIM"},"noOperator":{"_":"Niciun operator"},"language":{"_":"Limbă"},"english":{"_":"Engleză"},"dvorak":{"_":"Engleză (Dvorak)"},"spanish":{"_":"Spaniolă"},"portuguese":{"_":"Portugheză braziliană"},"french":{"_":"Franceză"},"italian":{"_":"Italiană"},"arabic":{"_":"Arabă"},"greek":{"_":"Greacă"},"hebrew":{"_":"Ebraică"},"jp-kanji":{"_":"Japoneză"},"jp-kanji-desc":{"_":"Kanji"},"traditionalChinese":{"_":"Chineză tradițională"},"traditionalChinese-desc":{"_":"Zhuyin"},"simplifiedChinese":{"_":"Chineză simplificată"},"simplifiedChinese-desc":{"_":"Pinyin"},"3g":{"_":"Date mobile"},"dataConnection":{"_":"Trafic de date"},"dataConnectionInfo":{"_":"Activând conexiunea de date acum îți va permite să folosești telefonul fără o conexiune Wi-Fi. Activarea se poate face și mai târziu din Setări. Asigură-te că ai un plan de date cu operatorul tău pentru a evita costurile potențial substanțiale."},"caution":{"_":"Avertisment"},"geolocation":{"_":"Geolocație"},"geolocationCheckbox":{"_":"Activează geolocația"},"geolocationInfo2":{"_":"{{brandShortName}} folosește date precum GPS, WiFi și rețelele mobile din apropierea ta pentru a ajuta la determinarea locației tale aproximative."},"geolocationInfoMore":{"_":"Datele sunt trimise Mozillei și altor furnizori de servicii și vor fi folosite per ansamblu pentru a îmbunătăți aceste baze de date privind locațiile.  Datele pot fi stocate pe dispozitivul tău și colectarea de date poate avea loc când nicio aplicație nu rulează."},"notice":{"_":"Aviz"},"aboutYourPrivacy":{"_":"Mai multe despre confidențialitate"},"wifi":{"_":"Wi-Fi"},"scanningNetworks":{"_":"Se scanează după rețele"},"selectNetwork":{"_":"Selectează o rețea"},"shortStatus-connecting":{"_":"Conectare…"},"shortStatus-associated":{"_":"Se obține o adresă IP…"},"shortStatus-connected":{"_":"Conectat"},"shortStatus-connectingfailed":{"_":"Conexiune eșuată"},"shortStatus-disconnected":{"_":"Offline"},"securedBy":{"_":"securizat prin {{capabilities}}"},"security":{"_":"Securitate"},"securityNone":{"_":"Nimic"},"securityWEP":{"_":"WEP"},"securityWPA-PSK":{"_":"WPA-PSK"},"securityWPA-EAP":{"_":"WPA-EAP"},"securityOpen":{"_":"Deschisă"},"identity":{"_":"Utilizator"},"identityInput":{"placeholder":"Utilizator"},"password":{"_":"Parolă"},"passwordInput":{"placeholder":"Parolă"},"showPassword":{"_":"Arată parola"},"refresh":{"_":"Caută"},"noWifiFound3":{"_":"Nicio rețea wireless găsită"},"join-hidden-button":{"_":"Conectează-te la o rețea ascunsă"},"authentication":{"_":"Autentificare"},"ssid-name":{"_":"Numele rețelei SSID"},"dateAndTime":{"_":"Dată și oră"},"setTimeAutomatically":{"_":"Setează automat"},"timezoneMessage":{"_":"Fus orar"},"timezoneTitle":{"_":"UTC{{utcOffset}} {{region}}/{{city}}"},"dateMessage":{"_":"Dată"},"timeMessage":{"_":"Oră"},"timeZone":{"_":"Fus orar"},"change":{"_":"Schimbă"},"importContacts3":{"_":"Importă contacte"},"importFb2":{"_":"Facebook"},"fb-checking":{"_":"… se verifică"},"notImportedYet":{"_":"Neimportat încă"},"afterFbImport":{"_":"Poți să imporți și să editezi contactele din Facebook oricând din setările aplicației Contacte."},"about-your-rights-0":{"_":"{{brandShortName}} este un software liber cu sursă deschisă construit de o comunitate formată din mii de persoane din întreaga lume. Iată câteva lucruri pe care ar trebui să le știi:"},"about-your-rights-1":{"_":"{{brandShortName}} îți este făcut disponibil sub termenii câtorva licențe cu sursă deschisă, inclusiv licența publică Mozilla. Un dispozitiv care rulează {{brandShortName}} se poate să conțină și software proprietar de la părți terțe. Orice cod furnizat sub licențele deschise îți oferă dreptul de a modifica codul sursă și de a distribui versiunile tale modificate atâta timp cât te supui termenilor acestora."},"about-your-rights-2":{"_":"Nu ți se acordă niciun drept de marcă comercială și nicio licență pentru mărcile comerciale ale Mozilla Foundation sau ale unei alte părți, inclusiv, dar fără a se limita la numele {{brandShortName}} sau siglă."},"about-your-rights-3":{"_":"Unele funcționalități din {{brandShortName}} precum Raport de eroare, îți oferă posibilitatea de a trimite opiniile tale la Mozilla. Alegând să trimiți opiniile, îi dai Mozillei permisiunea de a folosi opiniile tale pentru a îmbunătăți produsele sale, de a publica opiniile pe saiturile sale și de a le distribui."},"about-other":{"_":"Altele"},"SIM_mandatory":{"_":"Avertisment privind cartela SIM"},"SIM_mandatory_warm":{"_":"Te rugăm, inserează o cartelă SIM și repornește telefonul."},"sharing-performance-data":{"_":"Împărtășește datele de performanță"},"telemetry-sends":{"_":"Telemetria trimite Mozillei date privind peformanța, hardware-ul, configurațiile și personalizările din dispozitivul tău {{brandShortName}}. Folosim tehnologia pentru a face produsele noastre mai bune, mai rapide și mai receptive."},"learn-more-at":{"_":"Învață mai multe la"},"external-telemetry":{"title":"Telemetrie"},"learn-about-information":{"_":"Află cum gestionează Mozilla informațiile tale la"},"external-privacy":{"title":"Confidențialitate"},"welcomeBrowser":{"_":"Bun venit la {{brandShortName}}, sistemul de operare cu sursă deschisă și liberă de la Mozilla. Misiunea noastră este de a promova deschiderea, inovația și oportunitatea prin păstrarea puterii internetului în mâinile tale."},"learnHow":{"_":"Află cum gestionează Mozilla informațiile tale în"},"privacyPolicy":{"_":"politica de confidențialitate","title":"Politica de confidențialitate"},"aboutBrowser":{"_":"Despre {{brandShortName}}"},"aboutYourPrivacy2":{"_":"Confidențialitate"},"mozillaCommunity2":{"_":"Când folosești {{brandShortName}}, devii parte a unei comunități globale care ajută la clădirea unui viitor mai bun pentru web. Dacă dorești să cunoști mai multe despre comunitatea Mozilla, celelalte produse ale noastre sau evenimente din apropierea ta, te rugăm introdu adresa ta de e-mail mai jos."},"collaborate":{"_":"Vreau să ajut la îmbunătățirea lui {{brandShortName}} prin împărtășirea informațiilor despre performanțele telefonului meu."},"learnMore":{"_":"Află mai multe."},"emailAddress":{"placeholder":"Adresă de e-mail"},"email-successfully-added":{"_":"E-mail adăugat cu succes"},"email-loading":{"_":"Se salvează e-mailul..."},"browserPrivacyChoices":{"_":"Alegeri de confidențialitate {{brandShortName}}"},"privacy-b2g":{"_":"{{brandShortName}}","title":"{{brandShortName}}"},"privacy-marketplace":{"_":"Marketplace","title":"{{privacy-marketplace}}"},"privacy-e-me":{"_":"everything.me","title":"{{privacy-e-me}}"},"navbar-back":{"_":"Înapoi"},"navbar-next":{"_":"Înainte"},"navbar-join":{"_":"Conectează-te"},"thatsIt":{"_":"Asta e tot!"},"startYourPhone":{"_":"Începe turul virtual al telefonului!"},"startYourTablet":{"_":"Începe turul tabletei!"},"joinTutorial":{"_":"Vino cu noi pentru un tutorial rapid despre noul tău telefon."},"enjoyYourPhone":{"_":"Ești pregătit pentru a te bucura de noul tău telefon."},"optionsAvailable":{"_":"Poți schimba setările de limbă, dată/oră și conexiunea Wi-Fi."},"letsGo":{"_":"Să începem"},"startTour":{"_":"Începe turul"},"thatsIt1Tablet-2":{"_":"Poți să glisezi mereu din marginea de jos pentru a intra în ecranul principal."},"thatsIt2Tablet-2":{"_":"Să o facem!"},"tutorial-step1-tiny":{"_":"Glisează de la dreapta la stânga ca să răsfoiești aplicațiile."},"tutorial-step2-tiny":{"_":"Apasă și ține apăsat pe o iconiță ca să o ștergi sau să o muți."},"tutorial-step3-tiny":{"_":"Introdu orice cuvânt cheie sau subiect, iar telefonul se va adapta instantaneu."},"tutorial-step4-tiny":{"_":"Glisează în jos ca să accesezi notificările recente, informații privind creditul și setările."},"tutorial-step5-tiny":{"_":"Apasă și ține apăsat pe butonul acasă ca să răsfoiești și să închizi aplicațiile recente."},"tutorial-step6-tiny":{"_":"Glisează din partea laterală a ecranului pentru a te deplasa înainte și înapoi între aplicațiile recente."},"tutorial-step1-large-2":{"_":"Glisează în jos ca să accesezi notificările recente, informații privind creditul și setările."},"tutorial-step2-large-2":{"_":"Glisează în stânga sau dreapta pentru a descoperi aplicații noi pe ecranul principal."},"tutorial-step3-large-2":{"_":"Apasă și ține apăsat pe o iconiță ca să o ștergi sau să o muți."},"tutorial-step4-large-2":{"_":"Glisează în sus cu două degete din marginea de jos pentru a activa vizualizarea fișei."},"offline-dialog-title":{"_":"Trebuie să fii conectat la internet ca să vezi pagina."},"offline-dialog-text":{"_":"Te rugăm du-te înapoi și conectează-te la internet. Poți să vezi pagina mai târziu din Setări sau tastând {{url}} în orice navigator."},"OK":{"_":"Ok"},"offline-newsletter-dialog-title":{"_":"Trebuie să fii conectat la net pentru a te abona la buletinul informativ."},"offline-newsletter-dialog-text":{"_":"Te rugăm du-te înapoi și conectează-te la internet."},"invalid-email-dialog-title":{"_":"E-mailul tău este incorect"},"invalid-email-dialog-text":{"_":"Te rugăm du-te înapoi și corectează intrarea."},"weekday-0-long":{"_":"duminică"},"weekday-1-long":{"_":"luni"},"weekday-2-long":{"_":"marți"},"weekday-3-long":{"_":"miercuri"},"weekday-4-long":{"_":"joi"},"weekday-5-long":{"_":"vineri"},"weekday-6-long":{"_":"sâmbătă"},"weekday-0-short":{"_":"dum"},"weekday-1-short":{"_":"lun"},"weekday-2-short":{"_":"mar"},"weekday-3-short":{"_":"mie"},"weekday-4-short":{"_":"joi"},"weekday-5-short":{"_":"vin"},"weekday-6-short":{"_":"sâm"},"month-0-long":{"_":"ianuarie"},"month-1-long":{"_":"februarie"},"month-2-long":{"_":"martie"},"month-3-long":{"_":"aprilie"},"month-4-long":{"_":"mai"},"month-5-long":{"_":"iunie"},"month-6-long":{"_":"iulie"},"month-7-long":{"_":"august"},"month-8-long":{"_":"septembrie"},"month-9-long":{"_":"octombrie"},"month-10-long":{"_":"noiembrie"},"month-11-long":{"_":"decembrie"},"month-0-genitive":{"_":"ianuarie"},"month-1-genitive":{"_":"februarie"},"month-2-genitive":{"_":"martie"},"month-3-genitive":{"_":"aprilie"},"month-4-genitive":{"_":"mai"},"month-5-genitive":{"_":"iunie"},"month-6-genitive":{"_":"iulie"},"month-7-genitive":{"_":"august"},"month-8-genitive":{"_":"septembrie"},"month-9-genitive":{"_":"octombrie"},"month-10-genitive":{"_":"noiembrie"},"month-11-genitive":{"_":"decembrie"},"month-0-short":{"_":"ian"},"month-1-short":{"_":"feb"},"month-2-short":{"_":"mar"},"month-3-short":{"_":"apr"},"month-4-short":{"_":"mai"},"month-5-short":{"_":"iun"},"month-6-short":{"_":"iul"},"month-7-short":{"_":"aug"},"month-8-short":{"_":"sep"},"month-9-short":{"_":"oct"},"month-10-short":{"_":"noi"},"month-11-short":{"_":"dec"},"minutes-ago-long":{"_":"{[ plural(value) ]}","_[zero]":"chiar acum","_[one]":"acum un minut","_[two]":"acum {{value}} minute","_[few]":"acum {{value}} minute","_[many]":"acum {{value}} minute","_[other]":"acum {{value}} minute"},"hours-ago-long":{"_":"{[ plural(value) ]}","_[zero]":"chiar acum","_[one]":"acum cu o oră","_[two]":"acum {{value}} ore","_[few]":"acum {{value}} ore","_[many]":"acum {{value}} ore","_[other]":"acum {{value}} ore"},"days-ago-long":{"_":"{[ plural(value) ]}","_[zero]":"astăzi","_[one]":"ieri","_[two]":"acum {{value}} zile","_[few]":"acum {{value}} zile","_[many]":"acum {{value}} zile","_[other]":"acum {{value}} zile"},"weeks-ago-long":{"_":"{[ plural(value) ]}","_[zero]":"săptămâna aceasta","_[one]":"săptămâna trecută","_[two]":"acum {{value}} săptămâni","_[few]":"acum {{value}} săptămâni","_[many]":"acum {{value}} săptămâni","_[other]":"acum {{value}} săptămâni"},"months-ago-long":{"_":"{[ plural(value) ]}","_[zero]":"luna aceasta","_[one]":"luna trecută","_[two]":"acum {{value}} luni","_[few]":"acum {{value}} luni","_[many]":"acum {{value}} luni","_[other]":"acum {{value}} luni"},"years-ago-long":{"_":"{[ plural(value) ]}","_[zero]":"anul acesta","_[one]":"anul trecut","_[two]":"acum {{value}} ani","_[few]":"acum {{value}} ani","_[many]":"acum {{value}} ani","_[other]":"acum {{value}} ani"},"minutes-until-long":{"_":"{[ plural(value) ]}","_[zero]":"acum","_[one]":"într-un minut","_[two]":"în {{value}} minute","_[few]":"în {{value}} minute","_[many]":"în {{value}} minute","_[other]":"în {{value}} minute"},"hours-until-long":{"_":"{[ plural(value) ]}","_[zero]":"acum","_[one]":"într-o oră","_[two]":"în {{value}} ore","_[few]":"în {{value}} ore","_[many]":"în {{value}} ore","_[other]":"în {{value}} ore"},"days-until-long":{"_":"{[ plural(value) ]}","_[zero]":"astăzi","_[one]":"mâine","_[two]":"în {{value}} zile","_[few]":"în {{value}} zile","_[many]":"în {{value}} zile","_[other]":"în {{value}} zile"},"weeks-until-long":{"_":"{[ plural(value) ]}","_[zero]":"săptămâna aceasta","_[one]":"săptămâna următoare","_[two]":"în {{value}} săptămâni","_[few]":"în {{value}} săptămâni","_[many]":"în {{value}} săptămâni","_[other]":"în {{value}} săptămâni"},"months-until-long":{"_":"{[ plural(value) ]}","_[zero]":"luna aceasta","_[one]":"luna următoare","_[two]":"în {{value}} luni","_[few]":"în {{value}} luni","_[many]":"în {{value}} luni","_[other]":"în {{value}} luni"},"years-until-long":{"_":"{[ plural(value) ]}","_[zero]":"anul acesta","_[one]":"anul următor","_[two]":"în {{value}} ani","_[few]":"în {{value}} ani","_[many]":"în {{value}} ani","_[other]":"în {{value}} ani"},"minutes-ago-short":{"_":"{[ plural(value) ]}","_[zero]":"chiar acum","_[other]":"acum {{value}} min."},"hours-ago-short":{"_":"{[ plural(value) ]}","_[zero]":"chiar acum","_[other]":"acum {{value}}h"},"days-ago-short":{"_":"{[ plural(value) ]}","_[zero]":"astăzi","_[other]":"acum {{value}}z"},"minutes-until-short":{"_":"{[ plural(value) ]}","_[zero]":"acum","_[other]":"în {{value}}m"},"hours-until-short":{"_":"{[ plural(value) ]}","_[zero]":"acum","_[other]":"în {{value}}h"},"days-until-short":{"_":"{[ plural(value) ]}","_[zero]":"astăzi","_[other]":"în {{value}}z"},"incorrectDate":{"_":"(dată incorectă)"},"dateTimeFormat_%c":{"_":"%a, %e %b %Y %H:%M:%S"},"dateTimeFormat_%x":{"_":"%d/%m/%Y"},"dateTimeFormat_%X":{"_":"%H:%M:%S"},"shortTimeFormat":{"_":"%H:%M"},"shortDateTimeFormat":{"_":"%x %H:%M"},"weekStartsOnMonday":{"_":"0"},"time_am":{"_":"AM"},"time_pm":{"_":"PM"},"tz-region":{"_":"Regiune"},"tz-city":{"_":"Oraș"},"tzRegion-Africa":{"_":"Africa"},"tzRegion-America":{"_":"America"},"tzRegion-Antarctica":{"_":"Antartica"},"tzRegion-Asia":{"_":"Asia"},"tzRegion-Atlantic":{"_":"Oceanul Atlantic"},"tzRegion-Australia":{"_":"Australia"},"tzRegion-Europe":{"_":"Europa"},"tzRegion-Indian":{"_":"Oceanul Indian"},"tzRegion-Pacific":{"_":"Oceanul Pacific"},"close":{"_":"Închide"},"import":{"_":"Importă"},"fbFriends":{"_":"Prieteni pe Facebook"},"live-serviceName":{"_":"Outlook"},"gmail-serviceName":{"_":"Gmail"},"facebook-serviceName":{"_":"Prieteni pe Facebook"},"viewAll":{"_":"Vezi toți prietenii de pe Facebook"},"viewRecommend":{"_":"Vezi doar recomandările"},"linkProposal":{"_":"{[ plural(numFriends) ]}","_[zero]":"Niciun prieten găsit. Se afișează toți","_[one]":"Selectează recomandarea","_[two]":"Selectează o recomandare","_[few]":"Selectează o recomandare","_[many]":"Selectează o recomandare","_[other]":"Selectează o recomandare"},"fbFriendsFound":{"_":"{[ plural(numFriends) ]}","_[zero]":"Toți prietenii tăi sunt importați","_[one]":"Un prieten găsit pentru importare","_[two]":"Găsiți {{numFriends}} prieteni pentru importare","_[few]":"Găsiți {{numFriends}} prieteni pentru importare","_[many]":"Găsiți {{numFriends}} prieteni pentru importare","_[other]":"Găsiți {{numFriends}} prieteni pentru importare"},"done-search":{"_":"Gata"},"progressFB3ImportTitle":{"_":"Se importă prietenii la Contacte"},"progressFB":{"_":"{{current}}/{{total}}"},"progressFB3UpdateTitle":{"_":"Se actualizează prietenii în Contacte"},"message2":{"_":"Aceasta poate dura câteva minute"},"messageLinking":{"_":"Te rugăm să aștepți. Legăm prietenul și contactul tău."},"error1":{"_":"Eroare {{from}}"},"error2":{"_":"Dorești să reîncerci?"},"errorProposal":{"_":"de calculare a propunerilor"},"errorFriends":{"_":"de preluare a prietenilor"},"errorLinking":{"_":"de legare a contactului"},"timeout1":{"_":"Timpul de așteptare depășit {{from}}"},"timeout2":{"_":"Dorești să reîncerci?"},"timeoutProposal":{"_":"de calculare a propunerilor"},"timeoutFriends":{"_":"de preluare a prietenilor"},"timeoutLinking":{"_":"de legare a contactelor"},"wait1":{"_":"Te rugăm să aștepți"},"wait2":{"_":"Aceasta poate dura câteva minute"},"waitProposal":{"_":"Te rugăm să aștepți. Calculăm o propunere."},"waitFriends":{"_":"Te rugăm să aștepți. Ne conectăm pentru a obține lista prietenilor tăi."},"curtainCancel":{"_":"Renunță"},"curtainRetry":{"_":"Reîncearcă"},"curtainOK":{"_":"Ok"},"connectionLost":{"_":"Nicio conexiune la internet"},"connectionLostMsg":{"_":"Imaginile prietenilor nu vor fi adăugate contactelor. Continui oricum?"},"yesOption":{"_":"Ok"},"noOption":{"_":"Renunță"},"friendsUpdated":{"_":"{[ plural(numFriends) ]}","_[zero]":"Niciun prieten actualizat","_[one]":"Un prieten actualizat","_[two]":"{{numFriends}} prieteni actualizați","_[few]":"{{numFriends}} prieteni actualizați","_[many]":"{{numFriends}} prieteni actualizați","_[other]":"{{numFriends}} prieteni actualizați"},"notificationLogin":{"_":"Sesiunea ta de Facebook este invalidă. Te rugăm să te autentifici."},"syncError":{"_":"A apărut o eroare la sincronizarea datelor prietenilor tăi"},"addToExistingContact":{"_":"Adaugă la contactul existent"},"all":{"_":"Toate"},"callLog":{"_":"Lista de apeluri"},"connecting":{"_":"Conectare"},"cf-async":{"_":"Asincronic: {{ async }}\n"},"cf-data":{"_":"Data: {{ data }}\n"},"cf-error":{"_":"A apărut o eroare la preluarea statusului de redirecționare a apelurilor"},"cf-fax":{"_":"FAX: {{ fax }}\n"},"cf-inactive":{"_":"Inactiv"},"cf-packet":{"_":"Pachet: {{ packet }}\n"},"cf-pad":{"_":"PAD: {{ pad }}\n"},"cf-sms":{"_":"SMS: {{ sms }}\n"},"cf-status":{"_":"Status de redirecționare a apelurilor\n"},"cf-sync":{"_":"Sincronic: {{ sync }}\n"},"cf-voice":{"_":"Voce: {{ voice }}\n"},"confirm-deletion":{"_":"Cureți apelurile selectate?"},"createNewContact":{"_":"Crează contact nou"},"delete":{"_":"Șterge"},"edit-selected":{"_":"{[ plural(n) ]}","_[one]":"{{ n }} selectate","_[two]":"{{ n }} selectate","_[few]":"{{ n }} selectate","_[many]":"{{ n }} selectate","_[other]":"{{ n }} selectate"},"ignore":{"_":"Ignoră apelul"},"incoming":{"_":"Primite"},"missed":{"_":"Pierdute"},"missedCall":{"_":"Apel pierdut"},"missedCallMultiSims":{"_":"(SIM {{ n }}) Apel pierdut"},"mmi-error":{"_":"A intervenit o eroare la trimiterea mesajului"},"mmi-session-expired":{"_":"Sesiune expirată"},"mmi-successfully-sent":{"_":"Mesaj trimis cu succes"},"no-logs-msg-1":{"_":"Niciun apel înregistrat"},"no-logs-msg-2":{"_":"Începe comunicarea acum"},"no-logs-msg-3":{"_":"Niciun apel pierdut"},"reply":{"_":"Răspunde"},"switch-calls":{"_":"Comută apelurile"},"withheld-number":{"_":"Număr ascuns"},"from-contact":{"_":"De la {{ contact }}"},"from-number":{"_":"De la {{ number }}"},"from-withheld-number":{"_":"De la număr ascuns"},"sending":{"_":"Se trimite…"},"ussd-services":{"_":"Servicii {{ operator }}"},"type-your-response":{"placeholder":"Tastează răspunsul…"},"clear-all-text":{"_":"Curăță tot textul"},"hide":{"_":"Ascunde"},"hold":{"_":"În așteptare"},"resume":{"_":"Reia"},"sendSms":{"_":"Trimite mesaj"},"callEnded":{"_":"Apel încheiat"},"via-sim":{"_":"via SIM{{ n }}"},"sim-number":{"_":"SIM{{ n }}"},"hangup-a11y-button":{"aria-label":"Închide"},"pickup-a11y-button":{"aria-label":"Ridică"},"unlock-a11y-button":{"aria-label":"Glisor"},"delete-n-log?":{"_":"{[ plural(n) ]}","_[zero]":"Nimic selectat","_[one]":"Ștergi jurnalul selectat?","_[two]":"Ștergi {{ n }} jurnale?","_[few]":"Ștergi {{ n }} jurnale?","_[many]":"Ștergi {{ n }} jurnale?","_[other]":"Ștergi {{ n }} jurnale?"},"callDurationMinutes":{"_":"{{ m }}:{{ s }}"},"callDurationHours":{"_":"{{ h }}:{{ m }}:{{ s}}"},"suggestionMatches":{"_":"{[ plural(n) ]}","_[one]":"{{ n }} rezultat pentru „{{ matchNumber }}”","_[two]":"{{ n }} rezultate pentru „{{ matchNumber }}”","_[few]":"{{ n }} rezultate pentru „{{ matchNumber }}”","_[many]":"{{ n }} rezultate pentru „{{ matchNumber }}”","_[other]":"{{ n }} rezultate pentru „{{ matchNumber }}”"},"scCallBarring":{"_":"Blocarea apelurilor"},"scCallForwarding":{"_":"Redirect. apeluri"},"scClip":{"_":"ID-ul de intrare al apelantului"},"scClir":{"_":"ID-ul de ieșire al apelantului"},"scPwd":{"_":"Schimbarea parolei"},"scCallWaiting":{"_":"Apel în așteptare"},"scPin":{"_":"Schimbarea codului PIN"},"scPin2":{"_":"Schimbarea codului PIN2"},"scPuk":{"_":"Deblochează codul PIN"},"scPuk2":{"_":"Deblochează codul PIN2"},"scImei":{"_":"Cod IMEI"},"scUssd":{"_":"USSD"},"serviceClassVoice":{"_":"Voce"},"serviceClassData":{"_":"Date"},"serviceClassFax":{"_":"FAX"},"serviceClassSms":{"_":"SMS"},"serviceClassDataSync":{"_":"Sincronic"},"serviceClassDataAsync":{"_":"Asincronic"},"serviceClassPacket":{"_":"Pachet"},"serviceClassPad":{"_":"PAD"},"smServiceEnabled":{"_":"Serviciul a fost activat"},"smServiceDisabled":{"_":"Serviciul a fost dezactivat"},"smServiceRegistered":{"_":"Înregistrarea s-a efectuat cu succes"},"smServiceErased":{"_":"Ștergerea s-a efectuat cu succes"},"smServiceInterrogated":{"_":"Cerere realizată cu succes"},"smServiceNotProvisioned":{"_":"Serviciu neaprovizionat"},"smClirPermanent":{"_":"Nu poți schimba setarea ID-ului pentru apelant"},"smClirDefaultOnNextCallOn":{"_":"ID-ul apelantului este implicit restricționat. Următorul apel: restricționat."},"smClirDefaultOnNextCallOff":{"_":"ID-ul apelantului este implicit restricționat. Următorul apel: nerestricționat."},"smClirDefaultOffNextCallOn":{"_":"ID-ul apelantului este implicit nerestricționat. Următorul apel: restricționat."},"smClirDefaultOffNextCallOff":{"_":"ID-ul apelantului este implicit nerestricționat. Următorul apel: nerestricționat."},"smServiceEnabledFor":{"_":"Serviciul a fost activat pentru:"},"smPinChanged":{"_":"Codul PIN schimbat cu succes"},"smPinUnblocked":{"_":"Codul PIN deblocat cu succes"},"smPin2Changed":{"_":"Codul PIN2 schimbat cu succes"},"smPin2Unblocked":{"_":"Codul PIN2 deblocat cu succes"},"emMmiError":{"_":"Problemă la conexiune sau cod MMI invalid"},"emMmiErrorPasswordIncorrect":{"_":"Parolă incorectă"},"emMmiErrorNotSupported":{"_":"Cod MMI invalid sau nesuportat"},"emMmiErrorInvalidAction":{"_":"Acțiune invalidă"},"emMmiErrorInvalidScCode":{"_":"Cod de serviciu invalid"},"emMmiErrorBadPuk":{"_":"Codul PUK introdus este incorect"},"emMmiErrorBadPin":{"_":"Codul PIN vechi introdus nu este corect."},"emMmiErrorNeedPuk2":{"_":"Tastează codul PUK2 pentru a debloca cartela SIM"},"emMmiErrorMismatchPin":{"_":"Codurile PIN tastate nu se potrivesc"},"emMmiErrorInvalidPin":{"_":"Tastează un cod PIN între 4 și 8 numere"},"emMmiErrorNeedsPuk":{"_":"Cartela ta SIM este blocată în PUK"},"emMmiErrorEnablePin":{"_":"Fără succes. Activează blocarea SIM/RUIM"},"emMmiErrorMmiFdn":{"_":"Operația este restricționată doar apelării numerelor fixe"},"emMmiErrorStkCcUssdDial":{"_":"Cererea USD este modificată în cerere DIAL"},"emMmiErrorStkCcUssdSs":{"_":"Cererea USD este modificată în cerere SS"},"emMmiErrorStkCcUssdUssd":{"_":"Cererea USD este modificată într-o cerere nouă USSD"},"emMmiErrorStkCcSsDial":{"_":"Cererea SS este modificată în cerere DIAL"},"emMmiErrorStkCcSsUssd":{"_":"Cererea SS este modificată în cerere USSD"},"emMmiErrorStkCcSsSs":{"_":"Cererea SS este modificată într-o cerere nouă SS"},"emMmiErrorPinPukAttempts":{"_":"{[ plural(n) ]}","_[one]":"Doar {{ n }} încercare rămasă","_[two]":"{{ n }} încercări rămase","_[few]":"{{ n }} încercări rămase","_[many]":"{{ n }} încercări rămase","_[other]":"{{ n }} încercări rămase"},"emMmiErrorSimBlocked":{"_":"Numărul maxim de încercări a fost depășit. Cartela SIM blocată"},"RadioNotAvailable":{"_":"Radio indisponibil"},"GenericFailure":{"_":"Eșec generic"},"PasswordIncorrect":{"_":"Parolă incorectă"},"SimPin2":{"_":"PIN2 pt. SIM"},"SimPuk2":{"_":"PUK2 pt. SIM"},"RequestNotSupported":{"_":"Cerere nesuportată"},"OpNotAllowedDuringVoiceCall":{"_":"Operație nepermisă în timpul unui apel vocal"},"SmsSendFailRetry":{"_":"Reîncercarea de trimitere a SMS-ului a eșuat"},"SimAbsent":{"_":"Cartelă SIM absentă"},"SubscriptionNotAvailable":{"_":"Abonarea indisponibilă"},"ModeNotSupported":{"_":"Mod nesuportat"},"FdnCheckFailure":{"_":"Verificarea Fdn a eșuat"},"IllegalSimOrMe":{"_":"Cartelă SIM sau ME ilegală"},"DialModifiedToUssd":{"_":"Apel modificat în USSD"},"DialModifiedToSs":{"_":"Apel modificat în SS"},"DialModifiedToDial":{"_":"Apel modificat în apel"},"UssdModifiedToDial":{"_":"USSD modificat în apel"},"UssdModifiedToSs":{"_":"USSD modificat în SS"},"UssdModifiedToUssd":{"_":"USSD modificat în USSD"},"SsModifiedToDial":{"_":"SS modificat în apel"},"SsModifiedToUssd":{"_":"SS modificat în USSD"},"SsModifiedToSs":{"_":"SS modificat în SS"},"SubscriptionNotSupported":{"_":"Abonare nesuportată"},"InvalidParameter":{"_":"Parametru invalid"},"RejectedByRemote":{"_":"Respins de la distanță"},"group-call":{"_":"{[ plural(n) ]}","_[one]":"Apel în grup ({{ n }})","_[two]":"Apel în grup ({{ n }})","_[few]":"Apel în grup ({{ n }})","_[many]":"Apel în grup ({{ n }})","_[other]":"Apel în grup ({{ n }})"},"caller-left-call":{"_":"{{ caller }} a abandonat apelul."},"conferenceAddError":{"_":"Nu se pot contopi apelurile"},"conferenceRemoveError":{"_":"Nu se pot descontopi apelurile"},"longDateFormat":{"_":"%A, %e %B"},"select-audio-sources":{"_":"Selectează sursele audio"},"bluetooth-handsfree-device":{"_":"Dispozitiv handsfree Bluetooth"},"receiver":{"_":"Receptor"},"speaker":{"_":"Difuzor"},"sim-picker-dial-via-with-number":{"_":"Apelează {{ phoneNumber }} via"},"sim-picker-select-sim":{"_":"Selectează SIM-ul"},"sim-picker-button":{"_":"SIM{{ n }}"},"sim-picker-button-default":{"_":"(implicit)"},"waitDuplicateContacts":{"_":"Se caută contacte duplicate"},"waitMergingDuplicateContacts":{"_":"Se contopesc contactele duplicate"},"alertNoDuplicateContacts":{"_":"Niciun contact duplicat găsit"},"merge":{"_":"Contopește"},"mergeDuplicateTitle":{"_":"Contopește duplicatele"},"suggestedDuplicateContacts":{"_":"Contacte duplicate sugerate pentru {{name}}"},"mergeActionButtonLabel":{"_":"{[ plural(n) ]}","_[zero]":"Niciun contact selectat","_[one]":"Contopește cu {{n}} contact","_[other]":"Contopește cu {{n}} contacte"},"duplicatesFoundTitle":{"_":"Duplicate găsite"},"duplicatesFoundMessage":{"_":"{{name}} duplică informații în următoarele contacte"}}