{"brandShortName":{"_":"B2G OS"},"browserBrandShortName":{"_":"Веб-браузер"},"browserBrandFullName":{"_":"Веб-браузер Mozilla"},"callAirplaneModeMessage":{"_":"Чтобы сделать звонок, вам нужно через настройки отключить Режим Полёта."},"callAirplaneModeBtnOk":{"_":"OK"},"callAirplaneModeTitle":{"_":"Включён Режим Полёта"},"numberIsBusyTitle":{"_":"Номер занят"},"numberIsBusyMessage":{"_":"Этот номер сейчас занят. Пожалуйста, попробуйте позже."},"fdnIsEnabledTitle":{"_":"FDN активиpoвaн"},"fdnIsEnabledMessage":{"_":"Этот номер заблокирован, так как его нет в вашем списке авторизованных номеров."},"voiceMail":{"_":"Голосовая почта"},"emergencyNumber":{"_":"Экстренный номер"},"emergencyDialogBodyBadNumber":{"_":"Чтобы сделать звонок, телефон должен быть подключён к сети."},"emergencyDialogBodyDeviceNotAccepted":{"_":"В этой сети запрещены экстренные вызовы."},"emergencyDialogBtnOk":{"_":"OK"},"emergencyDialogTitle":{"_":"Нет подключения к сети"},"invalidNumberToDialTitle":{"_":"Некорректный номер телефона"},"invalidNumberToDialMessage":{"_":"Вызываемый вами номер телефона является некорректным."},"unableToCallTitle":{"_":"Не могу сейчас сделать телефонный звонок"},"unableToCallMessage":{"_":"Не могу произвести вызов. Если вы уже набираете, сначала повесьте трубку."},"otherConnectionInUseTitle":{"_":"Используется другое соединение"},"otherConnectionInUseMessage":{"_":"У вас есть активный вызов на другом соединении. Вы можете использовать одновременно только одно соединение."},"add":{"_":"Добавить"},"back":{"_":"Назад"},"call":{"_":"Позвонить"},"edit":{"_":"Изменить"},"cancel":{"_":"Отмена"},"done":{"_":"Готово"},"ok":{"_":"OK"},"update":{"_":"Обновить"},"retry":{"_":"Повторить"},"contacts":{"_":"Контакты"},"addContact":{"_":"Доб. контакт"},"deleteContact":{"_":"Удалить контакт"},"selectContact":{"_":"Выбрать контакт"},"selectAll":{"_":"Выделить всех"},"deselectAll":{"_":"Снять со всех"},"editContact":{"_":"Изм. контакт"},"deleteConfirmMsg":{"_":"Удалить контакт?"},"remove":{"_":"Удалить"},"comments":{"_":"Комментарии"},"no_contact_phones":{"_":"У этого контакта нет телефонного номера"},"no_contact_email":{"_":"У этого контакта нет адреса эл. почты"},"removePhotoConfirm":{"_":"Удалить фотографию контакта?"},"loadingContacts":{"_":"Загрузка контактов…"},"noContactsActivity":{"_":"Невозможно добавить в контакт, так как ваш список контактов пуст"},"noName":{"_":"Нет имени"},"givenName":{"placeholder":"Имя"},"familyName":{"placeholder":"Фамилия"},"tel":{"placeholder":"Телефон"},"carrier":{"_":"Оператор","placeholder":"Оператор"},"separator":{"_":","},"email":{"_":"Эл. почта","placeholder":"Эл. почта"},"streetAddress":{"placeholder":"Улица"},"postalCode":{"placeholder":"Почтовый индекс"},"locality":{"placeholder":"Город"},"countryName":{"placeholder":"Страна"},"comment":{"placeholder":"Комментарий"},"org":{"placeholder":"Компания"},"custom":{"placeholder":"Другой","_":"Другая метка"},"date":{"_":"Дата","placeholder":"Дата"},"birthday":{"_":"День рождения"},"dateFormat":{"_":"%e %Eb"},"dateOutput":{"_":"{{dayMonthFormatted}} {{year}}"},"anniversary":{"_":"Ежегодная"},"addPhoto":{"_":"Добавить фотографию"},"addPhone":{"_":"Добавить телефон"},"addEmail":{"_":"Добавить эл. почту"},"addAddress":{"_":"Добавить адрес"},"addDate":{"_":"Добавить дату"},"addComment":{"_":"Добавить комментарий"},"addFavorite":{"_":"Добавить в избранное"},"removeFavorite":{"_":"Удалить из избранного"},"label":{"_":"Метка"},"mobile":{"_":"Мобильный"},"home":{"_":"Домашний"},"work":{"_":"Рабочий"},"personal":{"_":"Персональный"},"faxHome":{"_":"Домашний факс"},"faxOffice":{"_":"Офисный факс"},"faxOther":{"_":"Другой факс"},"another":{"_":"Другая"},"other":{"_":"Прочее"},"current":{"_":"Текущ."},"itemWithLabel":{"_":"{{label}}, {{item}}"},"exit":{"_":"Выход"},"expand":{"_":"Развернуть"},"labelName":{"_":"Имя:"},"labelLastName":{"_":"Фамилия:"},"labelPhoneNumber":{"_":"Телефон:"},"labelCarrier":{"_":"Оператор:"},"labelEmail":{"_":"Эл. почта:"},"labelStreet":{"_":"Улица:"},"labelZip":{"_":"Почтовый индекс:"},"labelCity":{"_":"Город:"},"labelCountry":{"_":"Страна:"},"labelComment":{"_":"Комментарий:"},"legendTitleMain":{"_":"Основная информация"},"legendPhones":{"_":"Телефонные номера"},"legendEmail":{"_":"Адрес эл. почты "},"legendAddress":{"_":"Адрес"},"settings":{"_":"Параметры"},"search-contact":{"placeholder":"Поиск"},"noResults":{"_":"Контакты не найдены"},"transferContactsTitle":{"_":"Передать контакты"},"importContactsTitle":{"_":"Импорт контактов"},"importContactsButton":{"_":"Импорт контактов"},"exportContactsTitle":{"_":"Экспорт контактов"},"exportContactsButton":{"_":"Экспорт контактов"},"exportContactsAction":{"_":"Экспорт"},"simExport-title":{"_":"Экспорт на SIM"},"sdExport-title":{"_":"Экспорт на SD-карту"},"btExport-title":{"_":"Экспорт по Bluetooth"},"sdUMSEnabled":{"_":"Не могу использовать SD-карту, так как включён USB-накопитель"},"exportErrorTitle":{"_":"Ошибка экспорта"},"contactsExported2":{"_":"{[ plural(exported) ]}","_[zero]":"Ни одного контакта не экспортировано","_[one]":"{{exported}}/{{total}} контакт экспортирован","_[two]":"{{exported}}/{{total}} контакта экспортировано","_[few]":"{{exported}}/{{total}} контакта экспортировано","_[many]":"{{exported}}/{{total}} контактов экспортировано","_[other]":"{{exported}}/{{total}} контактов экспортировано"},"exportError-general":{"_":"При экспорте произошла ошибка"},"exportError-SD-shared":{"_":"Нет доступа к карте памяти, так как она находится в общем доступе"},"exportError-SD-unavailable":{"_":"Карта памяти недоступна"},"exportError-SD-noSpace":{"_":"Недостаточно места на карте памяти для экспорта контактов"},"exportError-SIM-unavailable":{"_":"SIM-карта недоступна"},"exportError-BT-shared":{"_":"Нет доступа к карте памяти, так как она находится в общем доступе"},"exportError-BT-unavailable":{"_":"Карта памяти недоступна"},"exportError-BT-noSpace":{"_":"Недостаточно места на карте памяти для экспорта контактов"},"simContacts-import":{"_":"Импорт контактов с SIM"},"simContacts-importing":{"_":"Импорт контактов с SIM…"},"simContacts-reading":{"_":"Чтение с SIM-карты…"},"simContacts-error":{"_":"Не удалось импортировать контакты с SIM"},"simContacts-imported3":{"_":"{[ plural(n) ]}","_[zero]":"На SIM не найдено ни одного контакта для импорта","_[one]":"Импортирован {{n}} контакт","_[two]":"Импортировано {{n}} контакта","_[few]":"Импортировано {{n}} контакта","_[many]":"Импортировано {{n}} контактов","_[other]":"Импортировано {{n}} контактов"},"noSimMsg":{"_":"Для импорта контактов вставьте или разблокируйте вашу SIM-карту"},"noSimMsgExport":{"_":"Для экспорта контактов вставьте или разблокируйте вашу SIM-карту"},"simNumber":{"_":"SIM {{number}}"},"memoryCardContacts-import":{"_":"Импорт контактов с карты памяти"},"memoryCardContacts-importing":{"_":"Импорт контактов с карты памяти…"},"memoryCardContacts-reading":{"_":"Чтение с карты памяти…"},"memoryCardContacts-error":{"_":"Не удалось импортировать контакты с карты памяти"},"memoryCardContacts-imported3":{"_":"{[ plural(n) ]}","_[zero]":"На карте памяти не найдено контактов для импорта","_[one]":"Импортирован {{n}} контакт","_[two]":"Импортировано {{n}} контакта","_[few]":"Импортировано {{n}} контакта","_[many]":"Импортировано {{n}} контактов","_[other]":"Импортировано {{n}} контактов"},"noMemoryCardMsg":{"_":"Для импорта контактов вставьте карту памяти"},"noMemoryCardMsgExport":{"_":"Для экспорта контактов вставьте карту памяти"},"genericProgress":{"_":"{{current}}/{{total}}"},"social-network":{"_":"Социальные сети"},"social-link":{"_":"Связать с контактом"},"social-unlink":{"_":"Удалить связь с контактом"},"social-unlink-confirm-title":{"_":"Вы хотите удалить связь с вашим другом?"},"social-unlink-confirm-accept":{"_":"Удалить связь"},"facebook-import":{"_":"Импортировать друзей из Фейсбук"},"show-fb-profile":{"_":"Просмотр профиля Фейсбук"},"msg-send":{"_":"Сообщение"},"wall-post":{"_":"Сообщение на стене"},"facebook":{"_":"Фейсбук"},"facebook-import-msg":{"_":"{[ plural(imported) ]}","_[zero]":"Друзей: ни одного из {{total}}","_[one]":"Друзей: {{imported}}/{{total}}","_[two]":"Друзей: {{imported}}/{{total}}","_[few]":"Друзей: {{imported}}/{{total}}","_[many]":"Друзей: {{imported}}/{{total}}","_[other]":"Друзей: {{imported}}/{{total}}"},"otherAccount":{"_":"Другие учётные записи"},"facebookSwitchMsg":{"_":"Синхронизация"},"select_mobile":{"_":"Выбрать мобильный"},"select_email":{"_":"Выбрать эл. почту"},"contactsOrderBy":{"_":"Выстроить по фамилии"},"importSim2":{"_":"SIM-карта"},"importMemoryCard":{"_":"Карта памяти"},"importGmail":{"_":"Gmail"},"bluetooth":{"_":"Bluetooth"},"importOutlook":{"_":"Outlook"},"fbUpdateFriends":{"_":"Обновить импортированных друзей"},"cleaningFbData":{"_":"Удаление данных Фейсбук"},"loggingOutFb":{"_":"Выход из Фейсбук"},"cleanFbConfirmMsg":{"_":"Удалить все данные Фейсбук?"},"renewPwdMsg":{"_":"Ваш пароль в Фейсбук изменился. Пожалуйста, обновите его."},"noConnection11":{"_":"Чтобы импортировать друзей или контакты Фейсбук подключитесь к сети Wi-Fi или передачи данных"},"notEnabledYet":{"_":"Ещё не включено"},"genericNoConnection":{"_":"Для импорта контактов подключитесь к сети Wi-Fi или передачи данных"},"simCard":{"_":"SIM-карта"},"memoryCard":{"_":"Карта памяти"},"create-new":{"_":"Создать новый контакт"},"import-now":{"_":"Импорт ваших контактов с SIM-карты или из Фейсбук"},"no-contacts":{"_":"Нет контактов"},"start-adding":{"_":"Начните добавлять их прямо сейчас"},"notImported":{"_":"Не импортировано"},"imported":{"_":"Импортировано"},"today":{"_":"Сегодня"},"yesterday":{"_":"Вчера"},"messageCanceling":{"_":"Пожалуйста, подождите. Мы отменяем текущую операцию."},"organise-contacts":{"_":"Организация контактов"},"find-merge-contacts":{"_":"Найти дублирующиеся контакты"},"preparing-contacts":{"_":"Подготовка контактов"},"exportError-SIM-NoFreeRecordFound":{"_":"На SIM-карте больше нет места"},"exportError-SIM-CannotAccessPhoneBook":{"_":"Нет доступа к телефонной книге SIM-карты"},"exportError-SIM-Unavailable":{"_":"SIM не обнаружена"},"exportError-SIM-GenericError":{"_":"При экспорте контакта произошла ошибка"},"pincode2":{"_":"Введите PIN-код"},"type_pin":{"_":"Наберите свой PIN-код"},"pincodeLabel":{"_":"SIM {{n}} PIN"},"pinValidation":{"_":"Длина PIN должна быть от 4 до 8 символов."},"pinError":{"_":"Неверный PIN."},"pinAttemptMsg2":{"_":"{[ plural(n) ]}","_[one]":"У вас осталась {{n}} попытка для ввода правильного кода перед тем, как ваша SIM-карта будет заблокирована.","_[two]":"У вас осталось {{n}} попытки для ввода правильного кода перед тем, как ваша SIM-карта будет заблокирована.","_[few]":"У вас осталось {{n}} попытки для ввода правильного кода перед тем, как ваша SIM-карта будет заблокирована.","_[many]":"У вас осталось {{n}} попыток для ввода правильного кода перед тем, как ваша SIM-карта будет заблокирована.","_[other]":"У вас осталось {{n}} попыток для ввода правильного кода перед тем, как ваша SIM-карта будет заблокирована."},"pinLastChanceMsg":{"_":"Это ваша последняя попытка ввода правильного PIN-кода. В случае неудачи для дальнейшего использования этой SIM-карты надо будет ввести PUK-код."},"pukcode":{"_":"Введите PUK-код"},"pukcodeTitle":{"_":"Ввод SIM {{n}} PUK"},"pukcodeLabel":{"_":"SIM {{n}} PUK"},"type_puk":{"_":"PUK-код"},"pukValidation":{"_":"Длина PUK-кода должна быть ровно 8 символов."},"pukInfo":{"_":"Вы должны ввести персональный код разблокировки (PUK-код) этой SIM-карты. Для получения дополнительной информации обратитесь к документации на SIM-карту или свяжитесь с вашим оператором."},"pukError":{"_":"Неверный PUK."},"pukAttemptMsg2":{"_":"{[ plural(n) ]}","_[one]":"У вас осталась {{n}} попытка для ввода правильного кода перед тем, как эта SIM-карта будет навсегда заблокирована. Для получения дополнительной информации обратитесь к документации на SIM-карту или свяжитесь с вашим оператором.","_[two]":"У вас осталось {{n}} попытки для ввода правильного кода перед тем, как эта SIM-карта будет навсегда заблокирована. Для получения дополнительной информации обратитесь к документации на SIM-карту или свяжитесь с вашим оператором.","_[few]":"У вас осталось {{n}} попытки для ввода правильного кода перед тем, как эта SIM-карта будет навсегда заблокирована. Для получения дополнительной информации обратитесь к документации на SIM-карту или свяжитесь с вашим оператором.","_[many]":"У вас осталось {{n}} попыток для ввода правильного кода перед тем, как эта SIM-карта будет навсегда заблокирована. Для получения дополнительной информации обратитесь к документации на SIM-карту или свяжитесь с вашим оператором.","_[other]":"У вас осталось {{n}} попыток для ввода правильного кода перед тем, как эта SIM-карта будет навсегда заблокирована. Для получения дополнительной информации обратитесь к документации на SIM-карту или свяжитесь с вашим оператором."},"pukLastChanceMsg":{"_":"Это ваша последняя попытка ввода правильного PUK-кода. Если вы введёте неправильный PUK-код, ваша SIM-карта будет навсегда заблокирована."},"create_newpin":{"_":"Создайте новый PIN (от 4 до 8 цифр)"},"confirm_newpin":{"_":"Подтвердите новый PIN"},"newpinConfirmation":{"_":"PINы не совпадают"},"nckcode":{"_":"Введите NCK-код"},"cckcode":{"_":"Введите CCK-код"},"spckcode":{"_":"Введите SPCK-код"},"nckcodeTitle":{"_":"Ввод SIM {{n}} NCK"},"cckcodeTitle":{"_":"Ввод SIM {{n}} CCK"},"spckcodeTitle":{"_":"Ввод SIM {{n}} SPCK"},"nckcodeLabel":{"_":"SIM {{n}} NCK"},"cckcodeLabel":{"_":"SIM {{n}} CCK"},"spckcodeLabel":{"_":"SIM {{n}} SPCK"},"type_nck":{"_":"Наберите свой NCK-код"},"type_cck":{"_":"Наберите свой CCK-код"},"type_spck":{"_":"Наберите свой SPCK-код"},"nckValidation":{"_":"Длина NCK должна быть от 8 до 16 символов."},"cckValidation":{"_":"Длина CCK должна быть от 8 до 16 символов."},"spckValidation":{"_":"Длина SPCK должна быть от 8 до 16 символов."},"nckErrorMsg":{"_":"Неверный NCK-код."},"nckAttemptMsg2":{"_":"{[ plural(n) ]}","_[one]":"Запрос на снятие кодировки под оператора не удался. У вас осталась {{n}} попытка для ввода правильного кода. Для получения дополнительной информации обратитесь к документации на ваше устройство или свяжитесь с вашим оператором.","_[two]":"Запрос на снятие кодировки под оператора не удался. У вас осталось {{n}} попытки для ввода правильного кода. Для получения дополнительной информации обратитесь к документации на ваше устройство или свяжитесь с вашим оператором.","_[few]":"Запрос на снятие кодировки под оператора не удался. У вас осталось {{n}} попытки для ввода правильного кода. Для получения дополнительной информации обратитесь к документации на ваше устройство или свяжитесь с вашим оператором.","_[many]":"Запрос на снятие кодировки под оператора не удался. У вас осталось {{n}} попыток для ввода правильного кода. Для получения дополнительной информации обратитесь к документации на ваше устройство или свяжитесь с вашим оператором.","_[other]":"Запрос на снятие кодировки под оператора не удался. У вас осталось {{n}} попыток для ввода правильного кода. Для получения дополнительной информации обратитесь к документации на ваше устройство или свяжитесь с вашим оператором."},"nckLastChanceMsg":{"_":"Запрос на снятие кодировки под оператора не удался. Это последняя попытка ввода правильного NCK-кода. Для получения дополнительной информации обратитесь к документации на ваше устройство или свяжитесь с вашим оператором."},"skip":{"_":"Пропустить"},"send":{"_":"Послать"},"simLocked":{"_":"SIM-карта заблокирована"},"inputCodeRetriesLeft":{"_":"{[ plural(n) ]}","_[one]":"осталась {{n}} попытка.","_[two]":"осталось {{n}} попытки.","_[few]":"осталось {{n}} попытки.","_[many]":"осталось {{n}} попыток.","_[other]":"осталось {{n}} попыток."},"simManager":{"_":"Менеджер SIM"},"simDetail":{"_":"SIM {{n}}"},"simDefault":{"_":"(по умолчанию)"},"simDefaultMessage":{"_":"Исходящие вызовы, исходящие сообщения и передача данных настроены по умолчанию на SIM 1"},"simSettingsMessage":{"_":"Вы можете изменить настройки по умолчанию в Параметры > Менеджер SIM"},"simPinLocked":{"_":"SIM PIN заблокирован"},"noOperator":{"_":"Нет оператора"},"language":{"_":"Язык"},"english":{"_":"Английский"},"dvorak":{"_":"Английский (Дворак)"},"spanish":{"_":"Испанский"},"portuguese":{"_":"Португальский Бразильский"},"french":{"_":"Французский"},"italian":{"_":"Итальянский"},"arabic":{"_":"Арабский"},"greek":{"_":"Греческий"},"hebrew":{"_":"Иврит"},"jp-kanji":{"_":"Японский"},"jp-kanji-desc":{"_":"Кандзи"},"traditionalChinese":{"_":"Традиционный китайский"},"traditionalChinese-desc":{"_":"Чжуинь"},"simplifiedChinese":{"_":"Упрощённый китайский"},"simplifiedChinese-desc":{"_":"Пиньинь"},"3g":{"_":"Мобильный Интернет"},"dataConnection":{"_":"Вкл. передачу данных"},"dataConnectionInfo":{"_":"Включение сейчас передачи данных позволит вам настроить телефон, не используя Wi-Fi соединение. Вы также можете включить её позже в \"Параметрах\". Просто уточните у своего оператора, что ваш тарифный план включает в себя передачу данных, чтобы избежать потенциальной траты большой суммы денег."},"caution":{"_":"Предупреждение"},"geolocation":{"_":"Местоположение"},"geolocationCheckbox":{"_":"Вкл. Местоположение"},"geolocationInfo2":{"_":"{{brandShortName}} использует данные, полученные от GPS, Wi-Fi и работающих рядом мобильных сетей, чтобы помочь определить ваше приблизительное местоположение."},"geolocationInfoMore":{"_":"Данные передаются Mozilla и другим поставщикам услуг и будут использоваться в совокупности для улучшения баз данных этих местоположений. Данные могут храниться на вашем устройстве и сбор данных может происходить даже тогда, когда не запущено никаких приложений."},"notice":{"_":"Уведомление"},"aboutYourPrivacy":{"_":"Подробнее о приватности"},"wifi":{"_":"Wi-Fi"},"scanningNetworks":{"_":"Сканирование сетей"},"selectNetwork":{"_":"Выберите сеть"},"shortStatus-connecting":{"_":"Соединение…"},"shortStatus-associated":{"_":"Получение IP-адреса…"},"shortStatus-connected":{"_":"Подключён"},"shortStatus-connectingfailed":{"_":"Соединение не удалось"},"shortStatus-disconnected":{"_":"Отключён"},"securedBy":{"_":"защищено {{capabilities}}"},"security":{"_":"Защита"},"securityNone":{"_":"Нет"},"securityWEP":{"_":"WEP"},"securityWPA-PSK":{"_":"WPA-PSK"},"securityWPA-EAP":{"_":"WPA-EAP"},"securityOpen":{"_":"Открытая"},"identity":{"_":"Пользователь"},"identityInput":{"placeholder":"Пользователь"},"password":{"_":"Пароль"},"passwordInput":{"placeholder":"Пароль"},"showPassword":{"_":"Показать пароль"},"refresh":{"_":"Обновить"},"noWifiFound3":{"_":"Беспроводные сети не найдены"},"join-hidden-button":{"_":"Войти в скрытую сеть"},"authentication":{"_":"Аутентификация"},"ssid-name":{"_":"SSID сети"},"dateAndTime":{"_":"Дата и время"},"setTimeAutomatically":{"_":"Автоматически"},"timezoneMessage":{"_":"Часовой пояс"},"timezoneTitle":{"_":"UTC{{utcOffset}} {{region}}/{{city}}"},"dateMessage":{"_":"Дата"},"timeMessage":{"_":"Время"},"timeZone":{"_":"Часовой пояс"},"change":{"_":"Изменить"},"importContacts3":{"_":"Импорт контактов"},"importFb2":{"_":"Фейсбук"},"fb-checking":{"_":"… проверка"},"notImportedYet":{"_":"Ещё не импортирована"},"afterFbImport":{"_":"Вы можете импортировать и редактировать друзей из Фейсбук в любое время в параметрах Контактов"},"about-your-rights-0":{"_":"{{brandShortName}} построена на основе бесплатного программного обеспечения с открытым исходным кодом, созданного многотысячным сообществом людей со всего мира. Вот несколько вещей, о которых вам следует знать:"},"about-your-rights-1":{"_":"{{brandShortName}} доступна для вас на условиях нескольких открытых лицензий, в том числе Публичной лицензии Mozilla. Устройство, работающее под управлением {{brandShortName}}, также может содержать проприетарное программное обеспечение созданное третьими сторонами. Любой код, предоставленный под открытыми лицензиями, дает вам право модифицировать исходный код и распространять модифицированные версии, если вы придерживаетесь их условий."},"about-your-rights-2":{"_":"Вам не предоставляются никакие права или лицензии на товарные знаки Mozilla Foundation или любой другой стороны, в том числе на название или логотип {{brandShortName}}."},"about-your-rights-3":{"_":"Некоторые функции {{brandShortName}}, такие как Crash Reporter, позволяют вам отправлять отзывы в Mozilla. Отправляя отзыв, вы разрешаете Mozilla использовать отзыв для улучшения её продуктов, размещать отзыв на её веб-сайтах и распространять отзывы любыми другими способами."},"about-other":{"_":"Прочее"},"SIM_mandatory":{"_":"Отсутствует SIM-карта"},"SIM_mandatory_warm":{"_":"Пожалуйста, вставьте SIM-карту и перезагрузите ваш телефон."},"sharing-performance-data":{"_":"Отправлять данные о скорости"},"telemetry-sends":{"_":"Телеметрия отправляет в Mozilla данные о производительности, аппаратном обеспечении, конфигурации и настройках вашего устройства {{brandShortName}}. Это помогает нам сделать наши продукты быстрее, лучше и отзывчивее."},"learn-more-at":{"_":"Подробнее на"},"external-telemetry":{"title":"Телеметрия"},"learn-about-information":{"_":"Узнайте, как Mozilla обращается с вашей информацией на"},"external-privacy":{"title":"Приватность"},"welcomeBrowser":{"_":"Добро пожаловать в {{brandShortName}}, свободную операционную систему с открытым исходным кодом, созданную Mozilla. Наша миссия заключается в содействии открытости, поощрению инноваций, предоставлению всем равных возможностей и сохранении в ваших руках контроля над Интернетом."},"learnHow":{"_":"Узнайте, как Mozilla обрабатывает вашу информацию из нашей"},"privacyPolicy":{"_":"политики приватности","title":"Политика приватности"},"aboutBrowser":{"_":"О {{brandShortName}}"},"aboutYourPrivacy2":{"_":"Ваша приватность"},"mozillaCommunity2":{"_":"Когда вы используете {{brandShortName}}, вы становитесь частью глобального сообщества, помогающего строить лучшее будущее для всего Интернета. Если вы хотите узнать больше о сообществе Mozilla, других наших продуктах и ближайших событиях, пожалуйста, введите ниже ваш адрес электронной почты."},"collaborate":{"_":"Я хочу помочь улучшить {{brandShortName}}, поделившись данными о моем телефоне."},"learnMore":{"_":"Подробнее."},"emailAddress":{"placeholder":"Адрес эл. почты"},"email-successfully-added":{"_":"Адрес эл. почты успешно добавлен"},"email-loading":{"_":"Сохранение вашего адреса эл. почты…"},"browserPrivacyChoices":{"_":"Политика {{brandShortName}} в отношении приватности"},"privacy-b2g":{"_":"{{brandShortName}}","title":"{{brandShortName}}"},"privacy-marketplace":{"_":"Магазин","title":"{{privacy-marketplace}}"},"privacy-e-me":{"_":"everything.me","title":"{{privacy-e-me}}"},"navbar-back":{"_":"Назад"},"navbar-next":{"_":"Далее"},"navbar-join":{"_":"Присоединиться"},"thatsIt":{"_":"Это всё!"},"startYourPhone":{"_":"Начните тур по вашему телефону!"},"startYourTablet":{"_":"Начните тур по вашему планшету!"},"joinTutorial":{"_":"Узнайте больше о вашем новом телефоне."},"enjoyYourPhone":{"_":"Вы готовы к тому, чтобы начать работать с вашим новым телефоном."},"optionsAvailable":{"_":"Вы можете изменить в параметрах язык, дату/время и соединение по Wi-Fi."},"letsGo":{"_":"Вперёд"},"startTour":{"_":"Начать тур"},"thatsIt1Tablet-2":{"_":"Вы всегда можете провести пальцем вверх от нижнего края, чтобы открыть домашний экран."},"thatsIt2Tablet-2":{"_":"Давайте это сделаем !"},"tutorial-step1-tiny":{"_":"Проведите пальцем справа налево для просмотра ваших приложений."},"tutorial-step2-tiny":{"_":"Нажмите и удерживайте значок для его удаления или перемещения."},"tutorial-step3-tiny":{"_":"Введите любое ключевое слово или тему, и ваш телефон мгновенно адаптируется."},"tutorial-step4-tiny":{"_":"Проведите пальцем сверху вниз для доступа к недавним уведомлениям, сведениям о кредите и параметрам."},"tutorial-step5-tiny":{"_":"Нажмите и удерживайте кнопку Дом для просмотра и закрытия недавно открытых приложений."},"tutorial-step6-tiny":{"_":"Проведите пальцем от края экрана, чтобы переключаться между недавно открытыми приложениями."},"tutorial-step1-large-2":{"_":"Проведите пальцем сверху вниз для доступа к недавним уведомлениям, сведениям о кредите и параметрам."},"tutorial-step2-large-2":{"_":"Проведите пальцем налево или направо, чтобы найти новые приложения на домашнем экране."},"tutorial-step3-large-2":{"_":"Нажмите и удерживайте значок для его удаления или перемещения."},"tutorial-step4-large-2":{"_":"Проведите двумя пальцами вверх с нижнего края, чтобы вызвать карточный вид."},"offline-dialog-title":{"_":"Для просмотра этой страницы вы должны быть соединены с Интернетом."},"offline-dialog-text":{"_":"Пожалуйста, вернитесь и соединитесь с Интернетом. Вы также можете просмотреть эту страницу позже из Параметров или введя в любом браузере {{url}}."},"OK":{"_":"OK"},"offline-newsletter-dialog-title":{"_":"Для подписки на рассылку вы должны подсоединиться к Интернету."},"offline-newsletter-dialog-text":{"_":"Пожалуйста, вернитесь и подсоединитесь к Интернету."},"invalid-email-dialog-title":{"_":"Некорректный адрес эл. почты"},"invalid-email-dialog-text":{"_":"Пожалуйста, вернитесь и исправьте адрес эл. почты."},"weekday-0-long":{"_":"Воскресенье"},"weekday-1-long":{"_":"Понедельник"},"weekday-2-long":{"_":"Вторник"},"weekday-3-long":{"_":"Среда"},"weekday-4-long":{"_":"Четверг"},"weekday-5-long":{"_":"Пятница"},"weekday-6-long":{"_":"Суббота"},"weekday-0-short":{"_":"Вс"},"weekday-1-short":{"_":"Пн"},"weekday-2-short":{"_":"Вт"},"weekday-3-short":{"_":"Ср"},"weekday-4-short":{"_":"Чт"},"weekday-5-short":{"_":"Пт"},"weekday-6-short":{"_":"Сб"},"month-0-long":{"_":"Январь"},"month-1-long":{"_":"Февраль"},"month-2-long":{"_":"Март"},"month-3-long":{"_":"Апрель"},"month-4-long":{"_":"Май"},"month-5-long":{"_":"Июнь"},"month-6-long":{"_":"Июль"},"month-7-long":{"_":"Август"},"month-8-long":{"_":"Сентябрь"},"month-9-long":{"_":"Октябрь"},"month-10-long":{"_":"Ноябрь"},"month-11-long":{"_":"Декабрь"},"month-0-genitive":{"_":"января"},"month-1-genitive":{"_":"февраля"},"month-2-genitive":{"_":"марта"},"month-3-genitive":{"_":"апреля"},"month-4-genitive":{"_":"мая"},"month-5-genitive":{"_":"июня"},"month-6-genitive":{"_":"июля"},"month-7-genitive":{"_":"августа"},"month-8-genitive":{"_":"сентября"},"month-9-genitive":{"_":"октября"},"month-10-genitive":{"_":"ноября"},"month-11-genitive":{"_":"декабря"},"month-0-short":{"_":"Январь"},"month-1-short":{"_":"Февраль"},"month-2-short":{"_":"Март"},"month-3-short":{"_":"Апрель"},"month-4-short":{"_":"Май"},"month-5-short":{"_":"Июнь"},"month-6-short":{"_":"Июль"},"month-7-short":{"_":"Август"},"month-8-short":{"_":"Сентябрь"},"month-9-short":{"_":"Октябрь"},"month-10-short":{"_":"Ноябрь"},"month-11-short":{"_":"Декабрь"},"minutes-ago-long":{"_":"{[ plural(value) ]}","_[zero]":"прямо сейчас","_[one]":"{{value}} минуту назад","_[two]":"{{value}} минуты назад","_[few]":"{{value}} минуты назад","_[many]":"{{value}} минут назад","_[other]":"{{value}} минут назад"},"hours-ago-long":{"_":"{[ plural(value) ]}","_[zero]":"прямо сейчас","_[one]":"{{value}} час назад","_[two]":"{{value}} часа назад","_[few]":"{{value}} часа назад","_[many]":"{{value}} часов назад","_[other]":"{{value}} часов назад"},"days-ago-long":{"_":"{[ plural(value) ]}","_[zero]":"сегодня","_[one]":"{{value}} день назад","_[two]":"{{value}} дня назад","_[few]":"{{value}} дня назад","_[many]":"{{value}} дней назад","_[other]":"{{value}} дней назад"},"weeks-ago-long":{"_":"{[ plural(value) ]}","_[zero]":"эта неделя","_[one]":"{{value}} неделя назад","_[two]":"{{value}} недели назад","_[few]":"{{value}} недели назад","_[many]":"{{value}} недель назад","_[other]":"{{value}} недель назад"},"months-ago-long":{"_":"{[ plural(value) ]}","_[zero]":"этот месяц","_[one]":"{{value}} месяц назад","_[two]":"{{value}} месяца назад","_[few]":"{{value}} месяца назад","_[many]":"{{value}} месяцев назад","_[other]":"{{value}} месяцев назад"},"years-ago-long":{"_":"{[ plural(value) ]}","_[zero]":"этот год","_[one]":"{{value}} год назад","_[two]":"{{value}} года назад","_[few]":"{{value}} года назад","_[many]":"{{value}} лет назад","_[other]":"{{value}} лет назад"},"minutes-until-long":{"_":"{[ plural(value) ]}","_[zero]":"сейчас","_[one]":"через {{value}} минуту","_[two]":"через {{value}} минуты","_[few]":"через {{value}} минуты","_[many]":"через {{value}} минут","_[other]":"через {{value}} минут"},"hours-until-long":{"_":"{[ plural(value) ]}","_[zero]":"сейчас","_[one]":"через {{value}} час","_[two]":"через {{value}} часа","_[few]":"через {{value}} часа","_[many]":"через {{value}} часов","_[other]":"через {{value}} часов"},"days-until-long":{"_":"{[ plural(value) ]}","_[zero]":"сегодня","_[one]":"через {{value}} день","_[two]":"через {{value}} дня","_[few]":"через {{value}} дня","_[many]":"через {{value}} дней","_[other]":"через {{value}} дней"},"weeks-until-long":{"_":"{[ plural(value) ]}","_[zero]":"эта неделя","_[one]":"через {{value}} неделю","_[two]":"через {{value}} недели","_[few]":"через {{value}} недели","_[many]":"через {{value}} недель","_[other]":"через {{value}} недель"},"months-until-long":{"_":"{[ plural(value) ]}","_[zero]":"этот месяц","_[one]":"через {{value}} месяц","_[two]":"через {{value}} месяца","_[few]":"через {{value}} месяца","_[many]":"через {{value}} месяцев","_[other]":"через {{value}} месяцев"},"years-until-long":{"_":"{[ plural(value) ]}","_[zero]":"этот год","_[one]":"через {{value}} год","_[two]":"через {{value}} года","_[few]":"через {{value}} года","_[many]":"через {{value}} лет","_[other]":"через {{value}} лет"},"minutes-ago-short":{"_":"{[ plural(value) ]}","_[zero]":"сейчас","_[other]":"{{value}}м назад"},"hours-ago-short":{"_":"{[ plural(value) ]}","_[zero]":"сейчас","_[other]":"{{value}}ч назад"},"days-ago-short":{"_":"{[ plural(value) ]}","_[zero]":"сегодня","_[other]":"{{value}}д назад"},"minutes-until-short":{"_":"{[ plural(value) ]}","_[zero]":"сейчас","_[other]":"через {{value}}м"},"hours-until-short":{"_":"{[ plural(value) ]}","_[zero]":"сейчас","_[other]":"через {{value}}ч"},"days-until-short":{"_":"{[ plural(value) ]}","_[zero]":"сегодня","_[other]":"через {{value}}д"},"incorrectDate":{"_":"(некорректная дата)"},"dateTimeFormat_%c":{"_":"%a, %e %Eb %Y, %H:%M:%S"},"dateTimeFormat_%x":{"_":"%d.%m.%Y"},"dateTimeFormat_%X":{"_":"%H:%M:%S"},"shortTimeFormat":{"_":"%H:%M"},"shortDateTimeFormat":{"_":"%x %H:%M"},"weekStartsOnMonday":{"_":"1"},"time_am":{"_":"AM"},"time_pm":{"_":"PM"},"tz-region":{"_":"Регион"},"tz-city":{"_":"Город"},"tzRegion-Africa":{"_":"Африка"},"tzRegion-America":{"_":"Америка"},"tzRegion-Antarctica":{"_":"Антарктика"},"tzRegion-Asia":{"_":"Азия"},"tzRegion-Atlantic":{"_":"Атлантический океан"},"tzRegion-Australia":{"_":"Австралия"},"tzRegion-Europe":{"_":"Европа"},"tzRegion-Indian":{"_":"Индийский океан"},"tzRegion-Pacific":{"_":"Тихий океан"},"close":{"_":"Закрыть"},"import":{"_":"Импорт"},"fbFriends":{"_":"Фейсбук"},"live-serviceName":{"_":"Outlook"},"gmail-serviceName":{"_":"Gmail"},"facebook-serviceName":{"_":"Фейсбук"},"viewAll":{"_":"Показать всех друзей с Фейсбук"},"viewRecommend":{"_":"Показать только рекомендуемых"},"linkProposal":{"_":"{[ plural(numFriends) ]}","_[zero]":"Нет подходящих друзей. Показываю всех","_[one]":"Выбрать рекомендуемого","_[two]":"Выбрать рекомендуемых","_[few]":"Выбрать рекомендуемых","_[many]":"Выбрать рекомендуемых","_[other]":"Выбрать рекомендуемых"},"fbFriendsFound":{"_":"{[ plural(numFriends) ]}","_[zero]":"Все ваши друзья импортированы","_[one]":"Для импорта найден {{numFriends}} друг","_[two]":"Для импорта найдено {{numFriends}} друга","_[few]":"Для импорта найдено {{numFriends}} друга","_[many]":"Для импорта найдено {{numFriends}} друзей","_[other]":"Для импорта найдено {{numFriends}} друзей"},"done-search":{"_":"Готово"},"progressFB3ImportTitle":{"_":"Импортирую друзей в Контакты"},"progressFB":{"_":"{{current}}/{{total}}"},"progressFB3UpdateTitle":{"_":"Обновляю друзей в Контактах"},"message2":{"_":"Это может занять пару минут"},"messageLinking":{"_":"Пожалуйста, подождите. Мы связываем вашего друга и ваш контакт."},"error1":{"_":"Ошибка {{from}}"},"error2":{"_":"Хотите повторить попытку?"},"errorProposal":{"_":"вычисления предложений"},"errorFriends":{"_":"получения друзей"},"errorLinking":{"_":"связывания контакта"},"timeout1":{"_":"Превышено время ожидания {{from}}"},"timeout2":{"_":"Хотите повторить попытку?"},"timeoutProposal":{"_":"вычисления предложений"},"timeoutFriends":{"_":"получения друзей"},"timeoutLinking":{"_":"связывания контактов"},"wait1":{"_":"Пожалуйста, подождите"},"wait2":{"_":"Это может занять пару минут"},"waitProposal":{"_":"Пожалуйста, подождите. Мы вычисляем предложение."},"waitFriends":{"_":"Пожалуйста, подождите. Мы соединяемся для получения списка ваших друзей."},"curtainCancel":{"_":"Отменить"},"curtainRetry":{"_":"Повторить"},"curtainOK":{"_":"OK"},"connectionLost":{"_":"Нет соединения с Интернетом"},"connectionLostMsg":{"_":"Фото друзей не будут добавлены в ваши контакты. Все равно продолжить?"},"yesOption":{"_":"OK"},"noOption":{"_":"Отмена"},"friendsUpdated":{"_":"{[ plural(numFriends) ]}","_[zero]":"Ни один друг не обновлён","_[one]":"Обновлён {{numFriends}} друг","_[two]":"Обновлено {{numFriends}} друга","_[few]":"Обновлено {{numFriends}} друга","_[many]":"Обновлено {{numFriends}} друзей","_[other]":"Обновлено {{numFriends}} друзей"},"notificationLogin":{"_":"Ваша сессия в Фейсбук некорректна. Пожалуйста, зарегистрируйтесь."},"syncError":{"_":"Ошибка синхронизации данных ваших друзей"},"addToExistingContact":{"_":"Добавить в существующий контакт"},"all":{"_":"Все"},"callLog":{"_":"Журнал звонков"},"connecting":{"_":"Соединяюсь"},"cf-async":{"_":"Асинхронный: {{ async }}\n"},"cf-data":{"_":"Данные: {{ data }}\n"},"cf-error":{"_":"При получении статуса переадресации произошла ошибка"},"cf-fax":{"_":"FAX: {{ fax }}\n"},"cf-inactive":{"_":"Неактивен"},"cf-packet":{"_":"Пакет: {{ packet }}\n"},"cf-pad":{"_":"PAD: {{ pad }}\n"},"cf-sms":{"_":"SMS: {{ sms }}\n"},"cf-status":{"_":"Статус переадресации\n"},"cf-sync":{"_":"Синхронный: {{ sync }}\n"},"cf-voice":{"_":"Голос: {{ voice }}\n"},"confirm-deletion":{"_":"Удалить выделенные звонки?"},"createNewContact":{"_":"Создать новый контакт"},"delete":{"_":"Удалить"},"edit-selected":{"_":"{[ plural(n) ]}","_[one]":"{{ n }} выбран","_[two]":"{{ n }} выбрано","_[few]":"{{ n }} выбрано","_[many]":"{{ n }} выбрано","_[other]":"{{ n }} выбрано"},"ignore":{"_":"Игнорировать звонок"},"incoming":{"_":"Входящие"},"missed":{"_":"Пропущенные"},"missedCall":{"_":"Пропущенные звонки"},"missedCallMultiSims":{"_":"(SIM {{ n }}) Пропущенный звонок"},"mmi-error":{"_":"При отправке сообщения произошла ошибка"},"mmi-session-expired":{"_":"Сессия истекла"},"mmi-successfully-sent":{"_":"Сообщение успешно отправлено"},"no-logs-msg-1":{"_":"Звонков не было"},"no-logs-msg-2":{"_":"Начните общаться прямо сейчас"},"no-logs-msg-3":{"_":"Нет пропущенных звонков"},"reply":{"_":"Перезвонить"},"switch-calls":{"_":"Переключить звонки"},"withheld-number":{"_":"Подавленный номер"},"from-contact":{"_":"От {{ contact }}"},"from-number":{"_":"С {{ number }}"},"from-withheld-number":{"_":"С подавленного номера"},"sending":{"_":"Отправка..."},"ussd-services":{"_":"службы {{ operator }}"},"type-your-response":{"placeholder":"Наберите ваш ответ..."},"clear-all-text":{"_":"Очистить весь текст"},"hide":{"_":"Скрыть"},"hold":{"_":"Удерживать"},"resume":{"_":"Возобновить"},"sendSms":{"_":"Послать сообщение"},"callEnded":{"_":"Звонок завершён"},"via-sim":{"_":"через SIM{{ n }}"},"sim-number":{"_":"SIM{{ n }}"},"hangup-a11y-button":{"aria-label":"Повесить трубку"},"pickup-a11y-button":{"aria-label":"Поднять трубку"},"unlock-a11y-button":{"aria-label":"Слайдер"},"delete-n-log?":{"_":"{[ plural(n) ]}","_[zero]":"Ничего не выбрано","_[one]":"Удалить выбранный лог?","_[two]":"Удалить {{ n }} лога?","_[few]":"Удалить {{ n }} лога?","_[many]":"Удалить {{ n }} логов?","_[other]":"Удалить {{ n }} логов?"},"callDurationMinutes":{"_":"{{ m }}:{{ s }}"},"callDurationHours":{"_":"{{ h }}:{{ m }}:{{ s}}"},"suggestionMatches":{"_":"{[ plural(n) ]}","_[one]":"{{ n }} подходящий под \"{{ matchNumber }}\"","_[two]":"{{ n }} подходящих под \"{{ matchNumber }}\"","_[few]":"{{ n }} подходящих под \"{{ matchNumber }}\"","_[many]":"{{ n }} подходящих под \"{{ matchNumber }}\"","_[other]":"{{ n }} подходящих под \"{{ matchNumber }}\""},"scCallBarring":{"_":"Запрет вызова"},"scCallForwarding":{"_":"Переадресация"},"scClip":{"_":"АОН (вход.)"},"scClir":{"_":"АОН (исх.)"},"scPwd":{"_":"Смена пароля"},"scCallWaiting":{"_":"Ожидание вызова"},"scPin":{"_":"Смена PIN"},"scPin2":{"_":"Смена PIN2"},"scPuk":{"_":"Разбл. PIN"},"scPuk2":{"_":"Разбл. PIN2"},"scImei":{"_":"IMEI"},"scUssd":{"_":"USSD"},"serviceClassVoice":{"_":"Голос"},"serviceClassData":{"_":"Данные"},"serviceClassFax":{"_":"ФАКС"},"serviceClassSms":{"_":"SMS"},"serviceClassDataSync":{"_":"Синхронные"},"serviceClassDataAsync":{"_":"Асинхронные"},"serviceClassPacket":{"_":"Пакет"},"serviceClassPad":{"_":"PAD"},"smServiceEnabled":{"_":"Сервис был включён"},"smServiceDisabled":{"_":"Сервис был отключён"},"smServiceRegistered":{"_":"Регистрация прошла успешно"},"smServiceErased":{"_":"Стирание прошло успешно"},"smServiceInterrogated":{"_":"Запрос был успешен"},"smServiceNotProvisioned":{"_":"Сервис не предоставляется"},"smClirPermanent":{"_":"Вы не можете изменить параметр определения вашего номера"},"smClirDefaultOnNextCallOn":{"_":"Определение вашего номера по умолчанию заблокировано. Следующий вызов: Заблокировано"},"smClirDefaultOnNextCallOff":{"_":"Определение вашего номера по умолчанию заблокировано. Следующий вызов: Не заблокировано"},"smClirDefaultOffNextCallOn":{"_":"Определение вашего номера по умолчанию не заблокировано. Следующий вызов: Заблокировано"},"smClirDefaultOffNextCallOff":{"_":"Определение вашего номера по умолчанию не заблокировано. Следующий вызов: Не заблокировано"},"smServiceEnabledFor":{"_":"Сервис был включён для:"},"smPinChanged":{"_":"PIN успешно изменён"},"smPinUnblocked":{"_":"PIN успешно разблокирован"},"smPin2Changed":{"_":"PIN2 успешно изменён"},"smPin2Unblocked":{"_":"PIN2 успешно разблокирован"},"emMmiError":{"_":"Проблема с соединением или некорректный код MMI"},"emMmiErrorPasswordIncorrect":{"_":"Неверный пароль"},"emMmiErrorNotSupported":{"_":"Некорректный или неподдерживаемый код MMI"},"emMmiErrorInvalidAction":{"_":"Некорректное действие"},"emMmiErrorInvalidScCode":{"_":"Некорректный код сервиса"},"emMmiErrorBadPuk":{"_":"Вы набрали неправильный PUK"},"emMmiErrorBadPin":{"_":"Вы набрали неправильный старый PIN."},"emMmiErrorNeedPuk2":{"_":"Для разблокировки SIM-карты наберите PUK2"},"emMmiErrorMismatchPin":{"_":"Набранные вами PINы не совпадают"},"emMmiErrorInvalidPin":{"_":"Наберите PIN длиной от 4 до 8 цифр"},"emMmiErrorNeedsPuk":{"_":"Ваша SIM-карта заблокирована через PUK"},"emMmiErrorEnablePin":{"_":"Неудачно. Включите SIM/RUIM LOCK"},"emMmiErrorMmiFdn":{"_":"Разрешено только производить набор номеров из заданного списка"},"emMmiErrorStkCcUssdDial":{"_":"Запрос USSD преобразован в запрос DIAL"},"emMmiErrorStkCcUssdSs":{"_":"Запрос USSD преобразован в запрос SS"},"emMmiErrorStkCcUssdUssd":{"_":"Запрос USSD преобразован в новый запрос USSD"},"emMmiErrorStkCcSsDial":{"_":"Запрос SS преобразован в запрос DIAL"},"emMmiErrorStkCcSsUssd":{"_":"Запрос SS преобразован в запрос USSD"},"emMmiErrorStkCcSsSs":{"_":"Запрос SS преобразован в новый запрос SS"},"emMmiErrorPinPukAttempts":{"_":"{[ plural(n) ]}","_[one]":"осталась {{ n }} попытка","_[two]":"осталось {{ n }} попытки","_[few]":"осталось {{ n }} попытки","_[many]":"осталось {{ n }} попыток","_[other]":"осталось {{ n }} попыток"},"emMmiErrorSimBlocked":{"_":"Превышено максимальное число попыток. SIM заблокирована"},"RadioNotAvailable":{"_":"Радио не доступно"},"GenericFailure":{"_":"Общая ошибка"},"PasswordIncorrect":{"_":"Неверный пароль"},"SimPin2":{"_":"SIM PIN2"},"SimPuk2":{"_":"SIM PUK2"},"RequestNotSupported":{"_":"Запрос не поддерживается"},"OpNotAllowedDuringVoiceCall":{"_":"Во время голосового вызова операция не разрешена"},"SmsSendFailRetry":{"_":"Повтор отправки SMS после ошибки"},"SimAbsent":{"_":"Отсутствует SIM"},"SubscriptionNotAvailable":{"_":"Подписка недоступна"},"ModeNotSupported":{"_":"Режим не поддерживается"},"FdnCheckFailure":{"_":"Ошибка проверки Fdn"},"IllegalSimOrMe":{"_":"Нелегальный SIM или ME"},"DialModifiedToUssd":{"_":"Набор преобразован в USSD"},"DialModifiedToSs":{"_":"Набор преобразован в SS"},"DialModifiedToDial":{"_":"Набор преобразован в набор"},"UssdModifiedToDial":{"_":"USSD преобразован в набор"},"UssdModifiedToSs":{"_":"USSD преобразован в SS"},"UssdModifiedToUssd":{"_":"USSD преобразован в USSD"},"SsModifiedToDial":{"_":"SS преобразован в набор"},"SsModifiedToUssd":{"_":"SS преобразован в USSD"},"SsModifiedToSs":{"_":"SS преобразован в SS"},"SubscriptionNotSupported":{"_":"Подписка не поддерживается"},"InvalidParameter":{"_":"Некорректный параметр"},"RejectedByRemote":{"_":"Отклонено удалённо"},"group-call":{"_":"{[ plural(n) ]}","_[one]":"Групповой вызов ({{ n }})","_[two]":"Групповой вызов ({{ n }})","_[few]":"Групповой вызов ({{ n }})","_[many]":"Групповой вызов ({{ n }})","_[other]":"Групповой вызов ({{ n }})"},"caller-left-call":{"_":"{{ caller }} покинул конференцию."},"conferenceAddError":{"_":"Не удалось свести вызовы"},"conferenceRemoveError":{"_":"Не удалось развести вызовы"},"longDateFormat":{"_":"%A, %e %Eb"},"select-audio-sources":{"_":"Выберите источники аудио"},"bluetooth-handsfree-device":{"_":"Устройство громкой связи Bluetooth"},"receiver":{"_":"Телефон"},"speaker":{"_":"Спикер"},"sim-picker-dial-via-with-number":{"_":"Набрать {{ phoneNumber }} через"},"sim-picker-select-sim":{"_":"Выбрать SIM"},"sim-picker-button":{"_":"SIM{{ n }}"},"sim-picker-button-default":{"_":"(по умолчанию)"},"waitDuplicateContacts":{"_":"Поиск дублирующихся контактов"},"waitMergingDuplicateContacts":{"_":"Слияние дублирующихся контактов"},"alertNoDuplicateContacts":{"_":"Дублирующиеся контакты не найдены"},"merge":{"_":"Слить"},"mergeDuplicateTitle":{"_":"Слить дубликаты"},"suggestedDuplicateContacts":{"_":"Возможные дублирующиеся контакты для {{name}}"},"mergeActionButtonLabel":{"_":"{[ plural(n) ]}","_[zero]":"Ни одного контакта не выделено","_[one]":"Слить с контактом {{n}}","_[other]":"Слить с контактами {{n}}"},"duplicatesFoundTitle":{"_":"Найдены дубликаты"},"duplicatesFoundMessage":{"_":"{{name}} дублирует информацию в следующих контактах"}}