{"brandShortName":{"_":"B2G OS"},"browserBrandShortName":{"_":"Webový prehliadač"},"browserBrandFullName":{"_":"Webový prehliadač Mozilla"},"callAirplaneModeMessage":{"_":"Ak chcete uskutočniť hovor, musíte vypnúť režim V lietadle."},"callAirplaneModeBtnOk":{"_":"OK"},"callAirplaneModeTitle":{"_":"Aktivovaný režim V lietadle"},"numberIsBusyTitle":{"_":"Číslo je zaneprázdnené"},"numberIsBusyMessage":{"_":"Číslo je momentálne zaneprázdnené. Skúste to neskôr."},"fdnIsEnabledTitle":{"_":"Pevný zoznam príjemcov aktívny"},"fdnIsEnabledMessage":{"_":"Číslo je zablokované, pretože sa nenachádza v zozname povolených čísiel."},"voiceMail":{"_":"Hlasová správa"},"emergencyNumber":{"_":"Tiesňové číslo"},"emergencyDialogBodyBadNumber":{"_":"Ak chcete uskutočniť hovor, telefón musí byť pripojený do siete."},"emergencyDialogBodyDeviceNotAccepted":{"_":"Tiesňové volania nie sú v tejto sieti podporované."},"emergencyDialogBtnOk":{"_":"OK"},"emergencyDialogTitle":{"_":"Bez pripojenia k sieti"},"invalidNumberToDialTitle":{"_":"Neplatné telefónne číslo"},"invalidNumberToDialMessage":{"_":"Volané číslo nie je platné."},"unableToCallTitle":{"_":"Teraz nie je možné uskutočniť hovor"},"unableToCallMessage":{"_":"Nie je možné uskutočniť hovor. Ak už vytáčate číslo, prosím, najskôr zaveste."},"otherConnectionInUseTitle":{"_":"Práve sa používa iné spojenie"},"otherConnectionInUseMessage":{"_":"Práve prebieha hovor v ďalšom vašom spojení. Naraz je možné využívať len jedno spojenie."},"add":{"_":"Pridať"},"back":{"_":"Naspäť"},"call":{"_":"Volať"},"edit":{"_":"Upraviť"},"cancel":{"_":"Zrušiť"},"done":{"_":"Hotovo"},"ok":{"_":"OK"},"update":{"_":"Aktualizovať"},"retry":{"_":"Opakovať"},"contacts":{"_":"Kontakty"},"addContact":{"_":"Pridať kontakt"},"deleteContact":{"_":"Odstrániť kontakt"},"selectContact":{"_":"Vybrať kontakt"},"selectAll":{"_":"Vybrať všetko"},"deselectAll":{"_":"Zrušiť výber"},"editContact":{"_":"Upraviť"},"deleteConfirmMsg":{"_":"Naozaj chcete odstrániť tento kontakt?"},"remove":{"_":"Odstrániť"},"comments":{"_":"Komentáre"},"no_contact_phones":{"_":"Tento kontakt nemá priradené telefónne číslo"},"no_contact_email":{"_":"Tento kontakt nemá priradenú e-mailovú adresu"},"removePhotoConfirm":{"_":"Odstrániť obrázok kontaktu?"},"loadingContacts":{"_":"Načítavajú sa kontakty…"},"noContactsActivity":{"_":"Nie je možné pridať k existujúcemu kontaktu, pretože váš zoznam kontaktov je prázdny."},"noName":{"_":"Bez mena"},"givenName":{"placeholder":"Meno"},"familyName":{"placeholder":"Priezvisko"},"tel":{"placeholder":"Telefón"},"carrier":{"_":"Operátor","placeholder":"Operátor"},"separator":{"_":","},"email":{"_":"E-mail","placeholder":"E-mail"},"streetAddress":{"placeholder":"Ulica"},"postalCode":{"placeholder":"PSČ"},"locality":{"placeholder":"Mesto"},"countryName":{"placeholder":"Krajina"},"comment":{"placeholder":"Komentár"},"org":{"placeholder":"Firma"},"custom":{"placeholder":"Vlastné","_":"Vlastná značka"},"date":{"_":"Dátum","placeholder":"Dátum"},"birthday":{"_":"Narodeniny"},"dateFormat":{"_":"%e. %Eb"},"dateOutput":{"_":"{{dayMonthFormatted}} {{year}}"},"anniversary":{"_":"Výročie"},"addPhoto":{"_":"Pridať fotografiu"},"addPhone":{"_":"Pridať telefónne číslo"},"addEmail":{"_":"Pridať e-mailovú adresu"},"addAddress":{"_":"Pridať poštovú adresu"},"addDate":{"_":"Pridať dátum"},"addComment":{"_":"Pridať komentár"},"addFavorite":{"_":"Nastaviť ako obľúbený"},"removeFavorite":{"_":"Odobrať z obľúbených"},"label":{"_":"Označenie"},"mobile":{"_":"Mobil"},"home":{"_":"Domov"},"work":{"_":"Práca"},"personal":{"_":"Osobné"},"faxHome":{"_":"Fax domov"},"faxOffice":{"_":"Fax kancelária"},"faxOther":{"_":"Fax ostatné"},"another":{"_":"Ďalšie"},"other":{"_":"Iné"},"current":{"_":"Aktuálna"},"itemWithLabel":{"_":"{{label}}, {{item}}"},"exit":{"_":"Ukončiť"},"expand":{"_":"Rozbaliť"},"labelName":{"_":"Meno:"},"labelLastName":{"_":"Priezvisko:"},"labelPhoneNumber":{"_":"Telefónne číslo:"},"labelCarrier":{"_":"Operátor:"},"labelEmail":{"_":"E-mail:"},"labelStreet":{"_":"Ulica:"},"labelZip":{"_":"PSČ:"},"labelCity":{"_":"Mesto:"},"labelCountry":{"_":"Krajina:"},"labelComment":{"_":"Komentár:"},"legendTitleMain":{"_":"Hlavné informácie"},"legendPhones":{"_":"Telefónne čísla"},"legendEmail":{"_":"E-mailové adresy"},"legendAddress":{"_":"Adresy"},"settings":{"_":"Nastavenia"},"search-contact":{"placeholder":"Hľadať"},"noResults":{"_":"Neboli nájdené žiadne kontakty"},"transferContactsTitle":{"_":"Prenos kontaktov"},"importContactsTitle":{"_":"Import kontaktov"},"importContactsButton":{"_":"Importovať kontakty"},"exportContactsTitle":{"_":"Export kontaktov"},"exportContactsButton":{"_":"Exportovať kontakty"},"exportContactsAction":{"_":"Exportovať"},"simExport-title":{"_":"Exportovať na kartu SIM"},"sdExport-title":{"_":"Exportovať na kartu SD"},"btExport-title":{"_":"Exportovať cez Bluetooth"},"sdUMSEnabled":{"_":"Nie je možné použiť kartu SD, pretože je práve povolené úložisko USB"},"exportErrorTitle":{"_":"Chyba pri exporte"},"contactsExported2":{"_":"{[ plural(exported) ]}","_[zero]":"Neboli exportované žiadne kontakty","_[one]":"Exportovaný {{exported}} kontakt z {{total}} celkom","_[two]":"Exportované {{exported}} kontakty z {{total}} celkom","_[few]":"Exportované {{exported}} kontakty z {{total}} celkom","_[many]":"Exportovaných {{exported}} kontaktov z {{total}} celkom","_[other]":"Exportovaných {{exported}} kontaktov z {{total}} celkom"},"exportError-general":{"_":"Počas exportu sa vyskytla chyba"},"exportError-SD-shared":{"_":"Nie je možné pristúpiť k pamäťovej karte, pretože je práve zdieľaná"},"exportError-SD-unavailable":{"_":"Pamäťová karta nie je dostupná"},"exportError-SD-noSpace":{"_":"Na exportovanie kontaktov nie je na pamäťovej karte dostatok voľného miesta"},"exportError-SIM-unavailable":{"_":"Karta SIM nie je dostupná"},"exportError-BT-shared":{"_":"Nie je možné pristúpiť k pamäťovej karte, pretože je práve zdieľaná"},"exportError-BT-unavailable":{"_":"Pamäťová karta nie je dostupná"},"exportError-BT-noSpace":{"_":"Na exportovanie kontaktov nie je na pamäťovej karte dostatok voľného miesta"},"simContacts-import":{"_":"Import kontaktov z karty SIM"},"simContacts-importing":{"_":"Prebieha import kontaktov z karty SIM…"},"simContacts-reading":{"_":"Prebieha čítanie z karty SIM…"},"simContacts-error":{"_":"Kontakty z karty SIM sa nepodarilo naimportovať"},"simContacts-imported3":{"_":"{[ plural(n) ]}","_[zero]":"Na karte SIM neboli nájdené žiadne kontakty","_[one]":"Naimportoval sa jeden kontakt","_[two]":"Naimportovali sa {{n}} kontakty","_[few]":"Naimportovali sa {{n}} kontakty","_[many]":"Naimportovalo sa {{n}} kontaktov","_[other]":"Naimportovalo sa {{n}} kontaktov"},"noSimMsg":{"_":"Ak chcete importovať kontakty, vložte alebo odblokujte kartu SIM"},"noSimMsgExport":{"_":"Ak chcete exportovať kontakty, vložte alebo odblokujte kartu SIM"},"simNumber":{"_":"SIM{{number}}"},"memoryCardContacts-import":{"_":"Importovanie kontaktov z pamäťovej karty"},"memoryCardContacts-importing":{"_":"Importujú sa kontakty z pamäťovej karty…"},"memoryCardContacts-reading":{"_":"Čítajú sa údaje z pamäťovej karty…"},"memoryCardContacts-error":{"_":"Kontakty z pamäťovej karty nebolo možné naimportovať "},"memoryCardContacts-imported3":{"_":"{[ plural(n) ]}","_[zero]":"Na pamäťovej karte neboli nájdené žiadne kontakty","_[one]":"Naimportoval sa jeden kontakt","_[two]":"Naimportovali sa {{n}} kontakty","_[few]":"Naimportovali sa {{n}} kontakty","_[many]":"Naimportovalo sa {{n}} kontaktov","_[other]":"Naimportovalo sa {{n}} kontaktov"},"noMemoryCardMsg":{"_":"Ak chcete importovať kontakty, vložte pamäťovú kartu"},"noMemoryCardMsgExport":{"_":"Ak chcete exportovať kontakty, vložte pamäťovú kartu"},"genericProgress":{"_":"{{current}}/{{total}}"},"social-network":{"_":"Sociálne siete"},"social-link":{"_":"Prepojiť kontakt"},"social-unlink":{"_":"Odpojiť kontakt"},"social-unlink-confirm-title":{"_":"Chcete vášho priateľa odpojiť?"},"social-unlink-confirm-accept":{"_":"Odpojiť"},"facebook-import":{"_":"Importovať priateľov z Facebooku"},"show-fb-profile":{"_":"Zobraziť profil na Facebooku"},"msg-send":{"_":"Správa"},"wall-post":{"_":"Príspevok na nástenku"},"facebook":{"_":"Facebook"},"facebook-import-msg":{"_":"{[ plural(imported) ]}","_[zero]":"Zatiaľ žiadny z {{total}} priateľov","_[one]":"Pridaný 1 z {{total}} priateľov","_[two]":"Pridaní {{imported}} z {{total}} priateľov","_[few]":"Pridaní {{imported}} z {{total}} priateľov","_[many]":"Pridaní {{imported}} z {{total}} priateľov","_[other]":"Pridaní {{imported}} z {{total}} priateľov"},"otherAccount":{"_":"Ďalšie účty"},"facebookSwitchMsg":{"_":"Synchronizovať"},"select_mobile":{"_":"Voľba telefónu"},"select_email":{"_":"Voľba e-mailu"},"contactsOrderBy":{"_":"Zoradiť podľa priezviska"},"importSim2":{"_":"Karta SIM"},"importMemoryCard":{"_":"Pamäťová karta"},"importGmail":{"_":"Gmail"},"bluetooth":{"_":"Bluetooth"},"importOutlook":{"_":"Outlook"},"fbUpdateFriends":{"_":"Aktualizovať priateľov"},"cleaningFbData":{"_":"Odstránenie údajov z Facebooku"},"loggingOutFb":{"_":"Odhlásenie z Facebooku"},"cleanFbConfirmMsg":{"_":"Odstrániť všetky údaje z Facebooku?"},"renewPwdMsg":{"_":"Vaše heslo na Facebooku sa zmenilo. Aktualizujte ho prosím. "},"noConnection11":{"_":"Ak chcete importovať kontakty a vašich priateľov z Facebooku, pripojte sa k sieti Wi-Fi alebo k dátovej sieti."},"notEnabledYet":{"_":"Doteraz nepovolené"},"genericNoConnection":{"_":"Ak chcete naimportovať kontakty, pripojte sa k sieti Wi-Fi alebo dátovej sieti"},"simCard":{"_":"Karta SIM"},"memoryCard":{"_":"Pamäťová karta"},"create-new":{"_":"Vytvorenie nového kontaktu"},"import-now":{"_":"Import kontaktov z karty SIM alebo Facebooku "},"no-contacts":{"_":"Žiadne kontakty"},"start-adding":{"_":"Začnite s ich pridávaním"},"notImported":{"_":"Neimportované"},"imported":{"_":"Importované"},"today":{"_":"Dnes"},"yesterday":{"_":"Včera"},"messageCanceling":{"_":"Čakajte, prosím. Prebieha zrušenie aktuálnej operácie."},"organise-contacts":{"_":"Organizovať kontakty"},"find-merge-contacts":{"_":"Vyhľadať zdvojené kontakty"},"preparing-contacts":{"_":"Pripravujú sa kontakty"},"exportError-SIM-NoFreeRecordFound":{"_":"Karta SIM je plná"},"exportError-SIM-CannotAccessPhoneBook":{"_":"Nie je možné načítať kontakty na karte SIM"},"exportError-SIM-Unavailable":{"_":"Žiadna karta SIM"},"exportError-SIM-GenericError":{"_":"Pri exportovaní kontaktu sa vyskytla chyba"},"pincode2":{"_":"Zadajte kód PIN"},"type_pin":{"_":"Zadajte svoj kód PIN"},"pincodeLabel":{"_":"SIM{{n}} PIN"},"pinValidation":{"_":"Kód PIN musí mať 4 až 8 znakov."},"pinError":{"_":"Kód PIN nie je platný."},"pinAttemptMsg2":{"_":"{[ plural(n) ]}","_[one]":"Máte posledný pokus na zadanie správneho kódu pred uzamknutím karty SIM.","_[two]":"Ostávajú {{n}} pokusy na zadanie správneho kódu pred uzamknutím karty SIM.","_[few]":"Ostávajú {{n}} pokusy na zadanie správneho kódu pred uzamknutím karty SIM.","_[many]":"Ostáva {{n}} pokusov na zadanie správneho kódu pred uzamknutím karty SIM.","_[other]":"Ostáva {{n}} pokusov na zadanie správneho kódu pred uzamknutím karty SIM."},"pinLastChanceMsg":{"_":"Toto je posledná šanca na zadanie správneho kódu PIN. V opačnom prípade bude nutné zadať kód PUK tejto karty SIM."},"pukcode":{"_":"Zadajte kód PUK"},"pukcodeTitle":{"_":"Zadajte PUK pre SIM{{n}}"},"pukcodeLabel":{"_":"SIM{{n}} PUK"},"type_puk":{"_":"Kód PUK"},"pukValidation":{"_":"Dĺžka kódu PUK je presne 8 znakov."},"pukInfo":{"_":"Musíte zadať kód PUK pridelený vašej karte SIM. Ďalšie informácie nájdete v dokumentácii k vašej karte SIM alebo kontaktujte svojho operátora."},"pukError":{"_":"Kód PUK nie je platný"},"pukAttemptMsg2":{"_":"{[ plural(n) ]}","_[one]":"Máte posledný pokus na zadanie správneho kódu pred úplným zablokovaním karty SIM. Ďalšie informácie nájdete v dokumentácii k vašej karte SIM alebo kontaktujte svojho operátora.","_[two]":"Ostávajú {{n}} pokusy na zadanie správneho kódu pred úplným zablokovaním karty SIM. Ďalšie informácie nájdete v dokumentácii k vašej karte SIM alebo kontaktujte svojho operátora.","_[few]":"Ostávajú {{n}} pokusy na zadanie správneho kódu pred úplným zablokovaním karty SIM. Ďalšie informácie nájdete v dokumentácii k vašej karte SIM alebo kontaktujte svojho operátora.","_[many]":"Ostáva {{n}} pokusov na zadanie správneho kódu pred úplným zablokovaním karty SIM. Ďalšie informácie nájdete v dokumentácii k vašej karte SIM alebo kontaktujte svojho operátora.","_[other]":"Ostáva {{n}} pokusov na zadanie správneho kódu pred úplným zablokovaním karty SIM. Ďalšie informácie nájdete v dokumentácii k vašej karte SIM alebo kontaktujte svojho operátora."},"pukLastChanceMsg":{"_":"Toto je posledná šanca na zadanie správneho kódu PUK. Ak zadáte nesprávny kód, vaša karta SIM bude natrvalo zablokovaná a viac nepoužiteľná."},"create_newpin":{"_":"Vytvoriť nový PIN (4 až 8 čísiel)"},"confirm_newpin":{"_":"Potvrďte nový PIN"},"newpinConfirmation":{"_":"Kódy PIN sa nezhodujú"},"nckcode":{"_":"Zadajte kód NCK"},"cckcode":{"_":"Zadajte kód CCK"},"spckcode":{"_":"Zadajte kód SPCK"},"nckcodeTitle":{"_":"Zadajte NCK SIM{{n}}"},"cckcodeTitle":{"_":"Zadajte CCK SIM{{n}}"},"spckcodeTitle":{"_":"Zadajte SPCK SIM{{n}}"},"nckcodeLabel":{"_":"NCK SIM{{n}}"},"cckcodeLabel":{"_":"CCK SIM{{n}}"},"spckcodeLabel":{"_":"SPCK SIM{{n}}"},"type_nck":{"_":"Zadajte kód NCK"},"type_cck":{"_":"Zadajte kód CCK"},"type_spck":{"_":"Zadajte kód SPCK"},"nckValidation":{"_":"Kód NCK musí mať 8 až 16 znakov."},"cckValidation":{"_":"Kód CCK musí mať 8 až 16 znakov."},"spckValidation":{"_":"Kód SPCK musí mať 8 až 16 znakov."},"nckErrorMsg":{"_":"Kód NCK nie je platný."},"nckAttemptMsg2":{"_":"{[ plural(n) ]}","_[one]":"Požiadavka 'Network depersonalization' zlyhala. Máte posledný pokus na zadanie správneho kódu. Ďalšie informácie nájdete v dokumentácii k vášmu zariadeniu alebo kontaktujte svojho operátora.","_[two]":"Požiadavka 'Network depersonalization' zlyhala. Ostávajú {{n}} pokusy na zadanie správneho kódu. Ďalšie informácie nájdete v dokumentácii k vášmu zariadeniu alebo kontaktujte svojho operátora.","_[few]":"Požiadavka 'Network depersonalization' zlyhala. Ostávajú {{n}} pokusy na zadanie správneho kódu. Ďalšie informácie nájdete v dokumentácii k vášmu zariadeniu alebo kontaktujte svojho operátora.","_[many]":"Požiadavka 'Network depersonalization' zlyhala. Ostáva {{n}} pokusov na zadanie správneho kódu. Ďalšie informácie nájdete v dokumentácii k vášmu zariadeniu alebo kontaktujte svojho operátora.","_[other]":"Požiadavka 'Network depersonalization' zlyhala. Ostáva {{n}} pokusov na zadanie správneho kódu. Ďalšie informácie nájdete v dokumentácii k vášmu zariadeniu alebo kontaktujte svojho operátora."},"nckLastChanceMsg":{"_":"Požiadavka 'Network depersonalization' zlyhala. Toto je posledná šanca na zadanie správneho kódu NCK. Ďalšie informácie nájdete v dokumentácii k vášmu zariadeniu alebo kontaktujte svojho operátora."},"skip":{"_":"Preskočiť"},"send":{"_":"Potvrdiť"},"simLocked":{"_":"Karta SIM je zablokovaná"},"inputCodeRetriesLeft":{"_":"{[ plural(n) ]}","_[one]":"Posledný pokus.","_[two]":"Ostávajú {{n}} pokusy.","_[few]":"Ostávajú {{n}} pokusy.","_[many]":"Ostáva {{n}} pokusov.","_[other]":"Ostáva {{n}} pokusov."},"simManager":{"_":"Správca kariet SIM"},"simDetail":{"_":"SIM{{n}}"},"simDefault":{"_":"(predvolená)"},"simDefaultMessage":{"_":"Odchádzajúce hovory, správy a dátové pripojenia predvolene využívajú kartu SIM1"},"simSettingsMessage":{"_":"Nastavenie môžete zmeniť v okne Nastavenia > Správca kariet SIM"},"simPinLocked":{"_":"Karta SIM uzamknutá pomocou kódu PIN"},"noOperator":{"_":"Žiadny operátor"},"language":{"_":"Jazyk"},"english":{"_":"Angličtina"},"dvorak":{"_":"Angličtina (Dvořák)"},"spanish":{"_":"Španielčina"},"portuguese":{"_":"Brazílska portugalčina"},"french":{"_":"Francúzština"},"italian":{"_":"Taliančina"},"arabic":{"_":"Arabčina"},"greek":{"_":"Gréčtina"},"hebrew":{"_":"Hebrejčina"},"jp-kanji":{"_":"Japončina"},"jp-kanji-desc":{"_":"Kandži"},"traditionalChinese":{"_":"Tradičná čínština"},"traditionalChinese-desc":{"_":"Ču-jin fu-chao"},"simplifiedChinese":{"_":"Zjednodušená čínština"},"simplifiedChinese-desc":{"_":"Pchin-jin"},"3g":{"_":"Mobilné dáta"},"dataConnection":{"_":"Povoliť dátové prenosy"},"dataConnectionInfo":{"_":"Ak teraz povolíte dátové prenosy, budete si môcť nastaviť svoj telefón aj bez pripojenia k sieti Wi-Fi. Tieto prenosy môžete povoliť aj neskôr v nastaveniach telefónu. Predtým sa však uistite u svojho operátora, že máte volací program vhodný k prenosu dát, aby ste sa vyhli prípadným vysokým poplatkom."},"caution":{"_":"Upozornenie"},"geolocation":{"_":"Zisťovanie polohy"},"geolocationCheckbox":{"_":"Povoliť"},"geolocationInfo2":{"_":"{{brandShortName}} používa údaje ako GPS, Wi-Fi a mobilné siete vo vašom okolí na zistenie vašej približnej polohy."},"geolocationInfoMore":{"_":"Údaje sú odosielané spoločnosti Mozilla a poskytovateľom služby a budú použité na zlepšenie presnosti služby. Údaje môžu byť uložené vo vašom zariadení a ich zbieranie môže prebiehať aj v prípade, že nie sú spustené žiadne aplikácie."},"notice":{"_":"Oznam"},"aboutYourPrivacy":{"_":"Ďalšie informácie o súkromí"},"wifi":{"_":"Wi-Fi"},"scanningNetworks":{"_":"Vyhľadávajú sa siete"},"selectNetwork":{"_":"Zvoľte sieť"},"shortStatus-connecting":{"_":"Pripája sa…"},"shortStatus-associated":{"_":"Získava sa adresa IP…"},"shortStatus-connected":{"_":"Pripojené"},"shortStatus-connectingfailed":{"_":"Pripojenie zlyhalo"},"shortStatus-disconnected":{"_":"Offline"},"securedBy":{"_":"zabezpečené pomocou {{capabilities}}"},"security":{"_":"Zabezpečenie"},"securityNone":{"_":"Žiadne"},"securityWEP":{"_":"WEP"},"securityWPA-PSK":{"_":"WPA-PSK"},"securityWPA-EAP":{"_":"WPA-EAP"},"securityOpen":{"_":"Nezabezpečené"},"identity":{"_":"Používateľ"},"identityInput":{"placeholder":"Používateľ"},"password":{"_":"Heslo"},"passwordInput":{"placeholder":"Heslo"},"showPassword":{"_":"Zobraziť heslo"},"refresh":{"_":"Obnoviť"},"noWifiFound3":{"_":"Neboli nájdené žiadne bezdrôtové siete"},"join-hidden-button":{"_":"Pripojiť k skrytej sieti"},"authentication":{"_":"Overenie"},"ssid-name":{"_":"Názov siete SSID"},"dateAndTime":{"_":"Dátum a čas"},"setTimeAutomatically":{"_":"Nastaviť automaticky"},"timezoneMessage":{"_":"Časové pásmo"},"timezoneTitle":{"_":"UTC{{utcOffset}} {{region}}/{{city}}"},"dateMessage":{"_":"Dátum"},"timeMessage":{"_":"Čas"},"timeZone":{"_":"Časové pásmo"},"change":{"_":"Upraviť"},"importContacts3":{"_":"Import kontaktov"},"importFb2":{"_":"Facebook"},"fb-checking":{"_":"… prebieha overovanie"},"notImportedYet":{"_":"Nebolo nič vložené"},"afterFbImport":{"_":"Vašich priateľov z Facebooku môžete kedykoľvek presunúť a upraviť v nastaveniach kontaktov."},"about-your-rights-0":{"_":"{{brandShortName}} je voľne dostupný softvér s otvoreným zdrojovým kódom, ktorý je vytváraný komunitou tisícok ľudí po celom svete. Niekoľko vecí, ktoré by ste mali vedieť:"},"about-your-rights-1":{"_":"{{brandShortName}} je dostupný pod podmienkami niekoľkých licencií pre otvorený zdrojový kód vrátane Mozilla Public License. Zariadenie, na ktorom beží {{brandShortName}}, môže obsahovať proprietárny softvér tretích strán. Každý kód dostupný pod otvorenými licenciami vám dáva práva ho modifikovať a distribuovať jeho modifikované verzie v súlade s ich požiadavkami."},"about-your-rights-2":{"_":"Nie sú vám udelené práva k ľubovoľnej ochrannej známke ani licencie k ochranným známkam Mozilla Foundation či ľubovoľnej strany a to vrátane obmedzení na názov či logo {{brandShortName}}."},"about-your-rights-3":{"_":"Niektoré funkcie obsiahnuté v {{brandShortName}}, ako napríklad Hlásenie zlyhaní, vám dávajú možnosť poslať reakciu spoločnosti Mozilla. Odoslaním reakcie dávate Mozille právo použiť danú reakciu na vylepšenie jej produktov, publikovať danú reakciu na jej webových stránkach či túto reakciu distribuovať."},"about-other":{"_":"Ďalší"},"SIM_mandatory":{"_":"Upozornenie na kartu SIM"},"SIM_mandatory_warm":{"_":"Vložte kartu SIM a reštartujte telefón."},"sharing-performance-data":{"_":"Zdieľanie údajov o výkone"},"telemetry-sends":{"_":"Telemetria odosiela spoločnosti Mozilla údaje o výkone, hardvéri, konfigurácii a nastavení vášho zariadenia s {{brandShortName}}. Pomôže nám to k zvýšeniu rýchlosti, výkonu a používateľského komfortu danej aplikácie."},"learn-more-at":{"_":"Ďalšie informácie na"},"external-telemetry":{"title":"Telemetria"},"learn-about-information":{"_":"Pozrite sa, ako v Mozille spracovávame vaše informácie"},"external-privacy":{"title":"Súkromie"},"welcomeBrowser":{"_":"Víta Vás {{brandShortName}}, slobodný operačný systém s otvoreným zdrojovým kódom od spoločnosti Mozilla. Do vašich rúk prináša otvorenosť, inovácie a príležitosti webových technológií."},"learnHow":{"_":"Informácie o tom, ako Mozilla spracováva vaše údaje sa dozviete v dokumente"},"privacyPolicy":{"_":"Zásady ochrany súkromia","title":"Zásady ochrany súkromia"},"aboutBrowser":{"_":"O {{brandShortName}}"},"aboutYourPrivacy2":{"_":"Vaše súkromie"},"mozillaCommunity2":{"_":"Používaním {{brandShortName}} sa stávate členom svetovej komunity používateľov snažiacich sa o lepšiu budúcnosť webu. Ak sa chcete dozvedieť viac o nás, našich ďalších produktoch a akciách vo vašom okolí, zadajte vašu e-mailovú adresu."},"collaborate":{"_":"Chcem pomôcť vylepšiť {{brandShortName}} pomocou zdieľania údajov o svojom telefóne."},"learnMore":{"_":"Ďalšie informácie"},"emailAddress":{"placeholder":"E-mailová adresa"},"email-successfully-added":{"_":"E-mail úspešne pridaný"},"email-loading":{"_":"Prebieha načítanie vášho e-mailu…"},"browserPrivacyChoices":{"_":"Ochrana súkromia {{brandShortName}}"},"privacy-b2g":{"_":"{{brandShortName}}","title":"{{brandShortName}}"},"privacy-marketplace":{"_":"Marketplace","title":"{{privacy-marketplace}}"},"privacy-e-me":{"_":"everything.me","title":"{{privacy-e-me}}"},"navbar-back":{"_":"Naspäť"},"navbar-next":{"_":"Ďalej"},"navbar-join":{"_":"Pripojiť"},"thatsIt":{"_":"A je to!"},"startYourPhone":{"_":"Sprievodca vašim telefónom!"},"startYourTablet":{"_":"Sprievodca vašim tabletom!"},"joinTutorial":{"_":"Krátke zoznámenie sa s vašim novým telefónom."},"enjoyYourPhone":{"_":"Odteraz si môžete užívať Váš nový telefón."},"optionsAvailable":{"_":"Jazyk, dátum a čas či pripojenie k sieti Wi-Fi je možné meniť v nastaveniach."},"letsGo":{"_":"Poďme na to"},"startTour":{"_":"Začať prehliadku"},"thatsIt1Tablet-2":{"_":"Na domovskú stránku sa vždy dostanete prejdením prstom smerom od spodného okraja obrazovky."},"thatsIt2Tablet-2":{"_":"Poďme na to!"},"tutorial-step1-tiny":{"_":"Prechádzaním prstom sprava doľava si prezeráte svoje aplikácie."},"tutorial-step2-tiny":{"_":"Pridržaním ikony prstom ju môžete odstrániť alebo presunúť."},"tutorial-step3-tiny":{"_":"Zadajte kľúčové slovo alebo tému a Váš telefón sa okamžite prispôsobí."},"tutorial-step4-tiny":{"_":"Prechádzaním prstom nadol si prezeráte upozornenia, nastavenia a informácie o autoroch."},"tutorial-step5-tiny":{"_":"Pridržaním tlačidla Domov si prezeráte alebo ukončujete bežiace aplikácie."},"tutorial-step6-tiny":{"_":"Prechádzaním prstom od okraja obrazovky sa presúvate medzi naposledy použitými aplikáciami."},"tutorial-step1-large-2":{"_":"Prejdením prstom zhora nadol pristupujete k najnovším notifikáciám, informáciám o kredite a nastaveniam."},"tutorial-step2-large-2":{"_":"Prechádzaním prstom zľava alebo sprava objavujete nové aplikácie na domovskej obrazovke."},"tutorial-step3-large-2":{"_":"Pridržaním ikony prstom ju môžete odstrániť alebo presunúť."},"tutorial-step4-large-2":{"_":"Prejdením dvoma prstami smerom od spodného okraja obrazovky vyvoláte zobrazenie kariet."},"offline-dialog-title":{"_":"Na prehliadanie tejto stránky potrebujete byť pripojený k internetu."},"offline-dialog-text":{"_":"Vráťte sa, prosím, naspäť a pripojte sa k internetu. Túto stránku si tiež môžete prehliadať z nastavení, alebo ak zadáte {{url}} do prehliadača."},"OK":{"_":"OK"},"offline-newsletter-dialog-title":{"_":"Na prihlásenie k odberu noviniek musíte byť pripojený k internetu."},"offline-newsletter-dialog-text":{"_":"Vráťte sa, prosím, naspäť a pripojte sa k internetu."},"invalid-email-dialog-title":{"_":"Váš e-mail je neplatný"},"invalid-email-dialog-text":{"_":"Vráťte sa, prosím, naspäť a opravte ho."},"weekday-0-long":{"_":"Nedeľa"},"weekday-1-long":{"_":"Pondelok"},"weekday-2-long":{"_":"Utorok"},"weekday-3-long":{"_":"Streda"},"weekday-4-long":{"_":"Štvrtok"},"weekday-5-long":{"_":"Piatok"},"weekday-6-long":{"_":"Sobota"},"weekday-0-short":{"_":"Ne"},"weekday-1-short":{"_":"Po"},"weekday-2-short":{"_":"Ut"},"weekday-3-short":{"_":"St"},"weekday-4-short":{"_":"Št"},"weekday-5-short":{"_":"Pi"},"weekday-6-short":{"_":"So"},"month-0-long":{"_":"Január"},"month-1-long":{"_":"Február"},"month-2-long":{"_":"Marec"},"month-3-long":{"_":"Apríl"},"month-4-long":{"_":"Máj"},"month-5-long":{"_":"Jún"},"month-6-long":{"_":"Júl"},"month-7-long":{"_":"August"},"month-8-long":{"_":"September"},"month-9-long":{"_":"Október"},"month-10-long":{"_":"November"},"month-11-long":{"_":"December"},"month-0-genitive":{"_":"januára"},"month-1-genitive":{"_":"februára"},"month-2-genitive":{"_":"marca"},"month-3-genitive":{"_":"apríla"},"month-4-genitive":{"_":"mája"},"month-5-genitive":{"_":"júna"},"month-6-genitive":{"_":"júla"},"month-7-genitive":{"_":"augusta"},"month-8-genitive":{"_":"septembra"},"month-9-genitive":{"_":"októbra"},"month-10-genitive":{"_":"novembra"},"month-11-genitive":{"_":"decembra"},"month-0-short":{"_":"jan"},"month-1-short":{"_":"feb"},"month-2-short":{"_":"mar"},"month-3-short":{"_":"apr"},"month-4-short":{"_":"máj"},"month-5-short":{"_":"jún"},"month-6-short":{"_":"júl"},"month-7-short":{"_":"aug"},"month-8-short":{"_":"sep"},"month-9-short":{"_":"okt"},"month-10-short":{"_":"nov"},"month-11-short":{"_":"dec"},"minutes-ago-long":{"_":"{[ plural(value) ]}","_[zero]":"teraz","_[one]":"pred minútou","_[two]":"pred {{value}} minútami","_[few]":"pred {{value}} minútami","_[many]":"pred {{value}} minútami","_[other]":"pred {{value}} minútami"},"hours-ago-long":{"_":"{[ plural(value) ]}","_[zero]":"teraz","_[one]":"pred hodinou","_[two]":"pred {{value}} hodinami","_[few]":"pred {{value}} hodinami","_[many]":"pred {{value}} hodinami","_[other]":"pred {{value}} hodinami"},"days-ago-long":{"_":"{[ plural(value) ]}","_[zero]":"dnes","_[one]":"včera","_[two]":"pred {{value}} dňami","_[few]":"pred {{value}} dňami","_[many]":"pred {{value}} dňami","_[other]":"pred {{value}} dňami"},"weeks-ago-long":{"_":"{[ plural(value) ]}","_[zero]":"tento týždeň","_[one]":"minulý týždeň","_[two]":"pred {{value}} týždňami","_[few]":"pred {{value}} týždňami","_[many]":"pred {{value}} týždňami","_[other]":"pred {{value}} týždňami"},"months-ago-long":{"_":"{[ plural(value) ]}","_[zero]":"tento mesiac","_[one]":"minulý mesiac","_[two]":"pred {{value}} mesiacmi","_[few]":"pred {{value}} mesiacmi","_[many]":"pred {{value}} mesiacmi","_[other]":"pred {{value}} mesiacmi"},"years-ago-long":{"_":"{[ plural(value) ]}","_[zero]":"tento rok","_[one]":"minulý rok","_[two]":"pred {{value}} rokmi","_[few]":"pred {{value}} rokmi","_[many]":"pred {{value}} rokmi","_[other]":"pred {{value}} rokmi"},"minutes-until-long":{"_":"{[ plural(value) ]}","_[zero]":"teraz","_[one]":"o minútu","_[two]":"o {{value}} minúty","_[few]":"o {{value}} minúty","_[many]":"o {{value}} minút","_[other]":"o {{value}} minút"},"hours-until-long":{"_":"{[ plural(value) ]}","_[zero]":"teraz","_[one]":"o hodinu","_[two]":"o {{value}} hodiny","_[few]":"o {{value}} hodiny","_[many]":"o {{value}} hodín","_[other]":"o {{value}} hodín"},"days-until-long":{"_":"{[ plural(value) ]}","_[zero]":"dnes","_[one]":"zajtra","_[two]":"o {{value}} dni","_[few]":"o {{value}} dni","_[many]":"o {{value}} dní","_[other]":"o {{value}} dní"},"weeks-until-long":{"_":"{[ plural(value) ]}","_[zero]":"tento týždeň","_[one]":"budúci týždeň","_[two]":"o {{value}} týždne","_[few]":"o {{value}} týždne","_[many]":"o {{value}} týždňov","_[other]":"o {{value}} týždňov"},"months-until-long":{"_":"{[ plural(value) ]}","_[zero]":"tento mesiac","_[one]":"budúci mesiac","_[two]":"o {{value}} mesiace","_[few]":"o {{value}} mesiace","_[many]":"o {{value}} mesiacov","_[other]":"o {{value}} mesiacov"},"years-until-long":{"_":"{[ plural(value) ]}","_[zero]":"tento rok","_[one]":"budúci rok","_[two]":"o {{value}} roky","_[few]":"o {{value}} roky","_[many]":"o {{value}} rokov","_[other]":"o {{value}} rokov"},"minutes-ago-short":{"_":"{[ plural(value) ]}","_[zero]":"teraz","_[other]":"pred {{value}}m"},"hours-ago-short":{"_":"{[ plural(value) ]}","_[zero]":"teraz","_[other]":"pred {{value}}h"},"days-ago-short":{"_":"{[ plural(value) ]}","_[zero]":"dnes","_[other]":"pred {{value}}d"},"minutes-until-short":{"_":"{[ plural(value) ]}","_[zero]":"teraz","_[other]":"o {{value}}m"},"hours-until-short":{"_":"{[ plural(value) ]}","_[zero]":"teraz","_[other]":"o {{value}}h"},"days-until-short":{"_":"{[ plural(value) ]}","_[zero]":"dnes","_[other]":"o {{value}}d"},"incorrectDate":{"_":"(neplatný dátum)"},"dateTimeFormat_%c":{"_":"%a, %e. %b %Y %H:%M:%S"},"dateTimeFormat_%x":{"_":"%d.%m.%Y"},"dateTimeFormat_%X":{"_":"%H:%M:%S"},"shortTimeFormat":{"_":"%H:%M"},"shortDateTimeFormat":{"_":"%x %H:%M"},"weekStartsOnMonday":{"_":"1"},"time_am":{"_":"AM"},"time_pm":{"_":"PM"},"tz-region":{"_":"Kontinent"},"tz-city":{"_":"Mesto"},"tzRegion-Africa":{"_":"Afrika"},"tzRegion-America":{"_":"Amerika"},"tzRegion-Antarctica":{"_":"Antarktída"},"tzRegion-Asia":{"_":"Ázia"},"tzRegion-Atlantic":{"_":"Atlantik"},"tzRegion-Australia":{"_":"Austrália"},"tzRegion-Europe":{"_":"Európa"},"tzRegion-Indian":{"_":"Oceánia"},"tzRegion-Pacific":{"_":"Pacifik"},"close":{"_":"Zavrieť"},"import":{"_":"Importovať"},"fbFriends":{"_":"Priatelia na Facebooku"},"live-serviceName":{"_":"Windows Live"},"gmail-serviceName":{"_":"Gmail"},"facebook-serviceName":{"_":"Priatelia"},"viewAll":{"_":"Zobraziť všetkých priateľov na Facebooku"},"viewRecommend":{"_":"Zobraziť len odporúčaných"},"linkProposal":{"_":"{[ plural(numFriends) ]}","_[zero]":"Žiadni nájdení priatelia. Zobrazujú sa všetci","_[one]":"Vyberte odporúčaného","_[two]":"Vyberte odporúčaných","_[few]":"Vyberte odporúčaných","_[many]":"Vyberte odporúčaných","_[other]":"Vyberte odporúčaných"},"fbFriendsFound":{"_":"{[ plural(numFriends) ]}","_[zero]":"Všetci vaši priatelia boli naimportovaní","_[one]":"Je možné naimportovať 1 priateľa","_[two]":"Je možné naimportovať {{numFriends}} priateľov","_[few]":"Je možné naimportovať {{numFriends}} priateľov","_[many]":"Je možné naimportovať {{numFriends}} priateľov","_[other]":"Je možné naimportovať {{numFriends}} priateľov"},"done-search":{"_":"Hotovo"},"progressFB3ImportTitle":{"_":"Priatelia sa importujú do kontaktov"},"progressFB":{"_":"{{current}}/{{total}}"},"progressFB3UpdateTitle":{"_":"Aktualizujú sa priatelia v kontaktoch"},"message2":{"_":"Môže to chvíľu trvať."},"messageLinking":{"_":"Čakajte, prosím. Prebieha prepájanie priateľov a kontaktov."},"error1":{"_":"Chyba pri {{from}}"},"error2":{"_":"Chcete to skúsiť znova?"},"errorProposal":{"_":"počítaní návrhov"},"errorFriends":{"_":"získavaní priateľov"},"errorLinking":{"_":"prepájaní kontaktov"},"timeout1":{"_":"Časový limit pre {{from}} vypršal"},"timeout2":{"_":"Chcete to skúsiť znova?"},"timeoutProposal":{"_":"počítanie návrhov"},"timeoutFriends":{"_":"získanie priateľov"},"timeoutLinking":{"_":"prepojenie kontaktov"},"wait1":{"_":"Prosím, čakajte"},"wait2":{"_":"Môže to chvíľu trvať"},"waitProposal":{"_":"Prosím, čakajte. Prebieha prepočet návrhov."},"waitFriends":{"_":"Prosím, čakajte. Prebieha pripájanie za účelom získania zoznamu priateľov."},"curtainCancel":{"_":"Zrušiť"},"curtainRetry":{"_":"Znova"},"curtainOK":{"_":"OK"},"connectionLost":{"_":"Žiadne pripojenie k Internetu"},"connectionLostMsg":{"_":"Fotografie vašich priateľov nebudú pridané medzi vaše kontakty. Chcete pokračovať?"},"yesOption":{"_":"OK"},"noOption":{"_":"Zrušiť"},"friendsUpdated":{"_":"{[ plural(numFriends) ]}","_[zero]":"Neboli aktualizovaní žiadni priatelia","_[one]":"1 priateľ aktualizovaný","_[two]":"{{numFriends}} priatelia aktualizovaní","_[few]":"{{numFriends}} priatelia aktualizovaní","_[many]":"{{numFriends}} priateľov aktualizovaných","_[other]":"{{numFriends}} priateľov aktualizovaných"},"notificationLogin":{"_":"Vaša relácia s Facebookom vypršala. Prihláste sa znova."},"syncError":{"_":"Pri synchronizácii údajov o priateľoch sa vyskytla chyba."},"addToExistingContact":{"_":"Pridať k existujúcemu kontaktu"},"all":{"_":"Všetky"},"callLog":{"_":"Denník volaní"},"connecting":{"_":"Pripája sa"},"cf-async":{"_":"Asynchrónne: {{ async }}\n"},"cf-data":{"_":"Dáta: {{ data }}\n"},"cf-error":{"_":"Počas zisťovania stavu presmerovania hovorov sa vyskytla chyba"},"cf-fax":{"_":"Fax: {{ fax }}\n"},"cf-inactive":{"_":"Neaktívne"},"cf-packet":{"_":"Paket: {{ packet }}\n"},"cf-pad":{"_":"PAD: {{ pad }}\n"},"cf-sms":{"_":"SMS: {{ sms }}\n"},"cf-status":{"_":"Stav presmerovania hovorov\n"},"cf-sync":{"_":"Synchrónny: {{ sync }}\n"},"cf-voice":{"_":"Hlas: {{ voice }}\n"},"confirm-deletion":{"_":"Vymazať zvolené volania?"},"createNewContact":{"_":"Vytvoriť nový kontakt"},"delete":{"_":"Odstrániť"},"edit-selected":{"_":"{[ plural(n) ]}","_[one]":"{{ n }} zvolený","_[two]":"{{ n }} zvolené","_[few]":"{{ n }} zvolené","_[many]":"{{ n }} zvolených","_[other]":"{{ n }} zvolených"},"ignore":{"_":"Ignorovať hovor"},"incoming":{"_":"Prichádzajúci"},"missed":{"_":"Zmeškané"},"missedCall":{"_":"Zmeškaný hovor"},"missedCallMultiSims":{"_":"Zmeškaný hovor na karte SIM{{ n }}"},"mmi-error":{"_":"Počas odosielania správy sa vyskytla chyba"},"mmi-session-expired":{"_":"Relácia vypršala"},"mmi-successfully-sent":{"_":"Správa bola úspešne odoslaná"},"no-logs-msg-1":{"_":"Nie sú zaznamenané žiadne hovory"},"no-logs-msg-2":{"_":"Začnite komunikovať"},"no-logs-msg-3":{"_":"Žiadne zmeškané hovory"},"reply":{"_":"Odpovedať"},"switch-calls":{"_":"Prepnúť hovory"},"withheld-number":{"_":"Utajené číslo"},"from-contact":{"_":"Od: {{ contact }}"},"from-number":{"_":"Od: {{ number }}"},"from-withheld-number":{"_":"Z utajeného čísla"},"sending":{"_":"Odosiela sa…"},"ussd-services":{"_":"Služby {{ operator }}"},"type-your-response":{"placeholder":"Zadajte svoju odpoveď…"},"clear-all-text":{"_":"Vymazať text"},"hide":{"_":"Skryť"},"hold":{"_":"Podržať"},"resume":{"_":"Obnoviť"},"sendSms":{"_":"Odoslať správu"},"callEnded":{"_":"Hovor ukončený"},"via-sim":{"_":"cez SIM{{ n }}"},"sim-number":{"_":"SIM{{ n }}"},"hangup-a11y-button":{"aria-label":"Položiť"},"pickup-a11y-button":{"aria-label":"Zdvihnúť"},"unlock-a11y-button":{"aria-label":"Vysúvač"},"delete-n-log?":{"_":"{[ plural(n) ]}","_[zero]":"Nie je zvolený záznam","_[one]":"Odstrániť zvolený záznam?","_[two]":"Odstrániť {{ n }} záznamy?","_[few]":"Odstrániť {{ n }} záznamy?","_[many]":"Odstrániť {{ n }} záznamov?","_[other]":"Odstrániť {{ n }} záznamov?"},"callDurationMinutes":{"_":"{{ m }}:{{ s }}"},"callDurationHours":{"_":"{{ h }}:{{ m }}:{{ s}}"},"suggestionMatches":{"_":"{[ plural(n) ]}","_[one]":"{{ n }} zhoda pre \"{{ matchNumber }}\"","_[two]":"{{ n }} zhody pre \"{{ matchNumber }}\"","_[few]":"{{ n }} zhody pre \"{{ matchNumber }}\"","_[many]":"{{ n }} zhôd pre \"{{ matchNumber }}\"","_[other]":"{{ n }} zhôd pre \"{{ matchNumber }}\""},"scCallBarring":{"_":"Blok. hovorov"},"scCallForwarding":{"_":"Presmer. hovoru"},"scClip":{"_":"ID prich. hovoru"},"scClir":{"_":"ID odch. hovoru"},"scPwd":{"_":"Zmena hesla"},"scCallWaiting":{"_":"Čakajúci hovor"},"scPin":{"_":"Zmena PIN"},"scPin2":{"_":"Zmena PIN2"},"scPuk":{"_":"Odblokovanie PIN"},"scPuk2":{"_":"Odblokovať PIN2"},"scImei":{"_":"IMEI"},"scUssd":{"_":"USSD"},"serviceClassVoice":{"_":"Hlas"},"serviceClassData":{"_":"Dáta"},"serviceClassFax":{"_":"FAX"},"serviceClassSms":{"_":"SMS"},"serviceClassDataSync":{"_":"Sync"},"serviceClassDataAsync":{"_":"Async"},"serviceClassPacket":{"_":"Packet"},"serviceClassPad":{"_":"PAD"},"smServiceEnabled":{"_":"Služba bola povolená"},"smServiceDisabled":{"_":"Služba bolo zakázaná"},"smServiceRegistered":{"_":"Registrácia bola úspešná"},"smServiceErased":{"_":"Vymazanie bolo úspešné"},"smServiceInterrogated":{"_":"Požiadavka bola úspešná"},"smServiceNotProvisioned":{"_":"Služba nie je povolená"},"smClirPermanent":{"_":"Nemôžete zmeniť nastavenie identifikátora volajúceho"},"smClirDefaultOnNextCallOn":{"_":"Identifikátor volajúceho je predvolene utajený. Ďalší hovor: utajený"},"smClirDefaultOnNextCallOff":{"_":"Identifikátor volajúceho je predvolene utajený. Ďalší hovor: neutajený"},"smClirDefaultOffNextCallOn":{"_":"Identifikátor volajúceho je predvolene neutajený. Ďalší hovor: utajený"},"smClirDefaultOffNextCallOff":{"_":"Identifikátor volajúceho je predvolene neutajený. Ďalší hovor: neutajený"},"smServiceEnabledFor":{"_":"Služba bola povolená pre:"},"smPinChanged":{"_":"Kód PIN bol úspešne zmenený"},"smPinUnblocked":{"_":"Kód PIN bol úspešne odblokovaný"},"smPin2Changed":{"_":"Kód PIN2 bol úspešne zmenený"},"smPin2Unblocked":{"_":"Kód PIN2 bol úspešne odblokovaný"},"emMmiError":{"_":"Problém s pripojením alebo neplatný kód MMI"},"emMmiErrorPasswordIncorrect":{"_":"Nesprávne heslo"},"emMmiErrorNotSupported":{"_":"Neplatný alebo nepodporovaný kód MMI"},"emMmiErrorInvalidAction":{"_":"Neplatná akcia"},"emMmiErrorInvalidScCode":{"_":"Neplatný kód služby"},"emMmiErrorBadPuk":{"_":"Zadaný kód PUK nie je správny."},"emMmiErrorBadPin":{"_":"Starý kód PIN nie je správny."},"emMmiErrorNeedPuk2":{"_":"Na odblokovanie karty SIM zadajte kód PUK2"},"emMmiErrorMismatchPin":{"_":"Zadané kódy PIN sa nezhodujú"},"emMmiErrorInvalidPin":{"_":"Zadajte kód PIN, ktorý má 4 až 8 číslic"},"emMmiErrorNeedsPuk":{"_":"Vaša karta SIM je uzamknutá kódom PUK"},"emMmiErrorEnablePin":{"_":"Neúspešné. Povoľte SIM/RUIM LOCK"},"emMmiErrorMmiFdn":{"_":"Operácia je obmedzená len na pevný zoznam povolených čísiel"},"emMmiErrorStkCcUssdDial":{"_":"Požiadavka USSD je zmenená na požiadavku DIAL"},"emMmiErrorStkCcUssdSs":{"_":"Požiadavka USSD je zmenená na požiadavku SS"},"emMmiErrorStkCcUssdUssd":{"_":"Požiadavka USSD je zmenená na novú požiadavku USSD"},"emMmiErrorStkCcSsDial":{"_":"Požiadavka SS je zmenená na požiadavku DIAL"},"emMmiErrorStkCcSsUssd":{"_":"Požiadavka SS je zmenená na požiadavku USSD"},"emMmiErrorStkCcSsSs":{"_":"Požiadavka SS je zmenená na novú požiadavku SS"},"emMmiErrorPinPukAttempts":{"_":"{[ plural(n) ]}","_[one]":"Zostáva už len {{ n }} pokus","_[two]":"Zostávajú {{ n }} pokusy","_[few]":"Zostávajú {{ n }} pokusy","_[many]":"Zostáva {{ n }} pokusov","_[other]":"Zostáva {{ n }} pokusov"},"emMmiErrorSimBlocked":{"_":"Dosiahli ste maximálny povolený počet pokusov. Karta SIM je zablokovaná."},"RadioNotAvailable":{"_":"Sieť nie je dostupná"},"GenericFailure":{"_":"Všeobecné zlyhanie"},"PasswordIncorrect":{"_":"Neplatné heslo"},"SimPin2":{"_":"SIM PIN2"},"SimPuk2":{"_":"SIM PUK2"},"RequestNotSupported":{"_":"Požiadavka nie je podporovaná"},"OpNotAllowedDuringVoiceCall":{"_":"Operácia nie je povolená počas hlasového hovoru"},"SmsSendFailRetry":{"_":"Opakované zlyhanie odoslania správy SMS"},"SimAbsent":{"_":"Chýbajúca karta SIM"},"SubscriptionNotAvailable":{"_":"Odber nie je dostupný"},"ModeNotSupported":{"_":"Režim nie je podporovaný"},"FdnCheckFailure":{"_":"Kontrola Fdn zlyhala"},"IllegalSimOrMe":{"_":"Neplatná SIM alebo ME"},"DialModifiedToUssd":{"_":"Dial upravené na USSD"},"DialModifiedToSs":{"_":"Dial upravené na SS"},"DialModifiedToDial":{"_":"Dial upravené na dial"},"UssdModifiedToDial":{"_":"USSD upravené na dial"},"UssdModifiedToSs":{"_":"USSD upravené na SS"},"UssdModifiedToUssd":{"_":"USSD upravené na USSD"},"SsModifiedToDial":{"_":"SS upravené na dial"},"SsModifiedToUssd":{"_":"SS upravené na USSD"},"SsModifiedToSs":{"_":"SS upravené na SS"},"SubscriptionNotSupported":{"_":"Odber nie je podporovaný"},"InvalidParameter":{"_":"Neplatný parameter"},"RejectedByRemote":{"_":"Zamietnuté vzdialenou stranou"},"group-call":{"_":"{[ plural(n) ]}","_[one]":"Skupinový hovor ({{ n }})","_[two]":"Skupinový hovor ({{ n }})","_[few]":"Skupinový hovor ({{ n }})","_[many]":"Skupinový hovor ({{ n }})","_[other]":"Skupinový hovor ({{ n }})"},"caller-left-call":{"_":"{{ caller }} opustil hovor."},"conferenceAddError":{"_":"Nie je možné spojiť hovory"},"conferenceRemoveError":{"_":"Nie je možné rozdeliť hovory"},"longDateFormat":{"_":"%A, %e. %Eb"},"select-audio-sources":{"_":"Zvoľte zdroje zvuku"},"bluetooth-handsfree-device":{"_":"Bluetooth zariadenie handsfree"},"receiver":{"_":"Prijímač"},"speaker":{"_":"Reproduktor"},"sim-picker-dial-via-with-number":{"_":"Volať {{ phoneNumber }} cez"},"sim-picker-select-sim":{"_":"Zvoľte kartu SIM"},"sim-picker-button":{"_":"SIM{{ n }}"},"sim-picker-button-default":{"_":"(predvolená)"},"waitDuplicateContacts":{"_":"Vyhľadávajú sa zdvojené kontakty"},"waitMergingDuplicateContacts":{"_":"Zdvojené kontakty sa spájajú"},"alertNoDuplicateContacts":{"_":"Neboli nájdené žiadne zdvojené kontakty"},"merge":{"_":"Spojiť"},"mergeDuplicateTitle":{"_":"Zdvojené záznamy"},"suggestedDuplicateContacts":{"_":"Možné zdvojené záznamy pre kontakt {{name}}:"},"mergeActionButtonLabel":{"_":"{[ plural(n) ]}","_[zero]":"Nie sú zvolené žiadne kontakty","_[one]":"Spojiť s týmto kontaktom","_[other]":"Spojiť s {{n}} kontaktami"},"duplicatesFoundTitle":{"_":"Zdvojené kontakty"},"duplicatesFoundMessage":{"_":"Informácie o {{name}} boli nájdené v nasledovných kontaktoch"}}