{"brandShortName":{"_":"B2G OS"},"browserBrandShortName":{"_":"Shfletues Web"},"browserBrandFullName":{"_":"Shfletuesi Web i Mozilla-s"},"callAirplaneModeMessage":{"_":"Që të bëni një thirrje, lypset të çaktivizoni mënyrën aeroplan te rregullimet."},"callAirplaneModeBtnOk":{"_":"OK"},"callAirplaneModeTitle":{"_":"Mënyra aeroplan aktive"},"numberIsBusyTitle":{"_":"Numri është i zënë"},"numberIsBusyMessage":{"_":"Numri është hëpërhë i zënë. Ju lutemi, riprovoni më vonë."},"fdnIsEnabledTitle":{"_":"FDN aktive"},"fdnIsEnabledMessage":{"_":"Ky numër është i bllokuar, ngaqë nuk gjendet në listën tuaj të numrave të autorizuar."},"voiceMail":{"_":"Mesazhe zanorë"},"emergencyNumber":{"_":"Numër urgjence"},"emergencyDialogBodyBadNumber":{"_":"Që të bëni një thirrje, telefoni duhet të jetë i lidhur me një rrjet."},"emergencyDialogBodyDeviceNotAccepted":{"_":"Rrjeti nuk i lejon thirrjet e urgjencës."},"emergencyDialogBtnOk":{"_":"OK"},"emergencyDialogTitle":{"_":"Pa lidhje në rrjet"},"invalidNumberToDialTitle":{"_":"Numër i pavlefshëm telefoni"},"invalidNumberToDialMessage":{"_":"Numri i telefonit që po thërrisni nuk është i vlefshëm."},"unableToCallTitle":{"_":"Nuk bëhet dot thirrje telefonike tani"},"unableToCallMessage":{"_":"Nuk bëhet dot thirrja. Nëse po formonit numrin, ju lutemi, së pari ndërpritni thirrjen."},"otherConnectionInUseTitle":{"_":"Tjetër lidhje në përdorim"},"otherConnectionInUseMessage":{"_":"Keni një thirrje aktive në një tjetër lidhje. Mund të përdorni vetëm një lidhje në herë."},"add":{"_":"Shtoje"},"back":{"_":"Mbrapsht"},"call":{"_":"Thirre"},"edit":{"_":"Përpunoje"},"cancel":{"_":"Anuloje"},"done":{"_":"U bë"},"ok":{"_":"OK"},"update":{"_":"Përditësoje"},"retry":{"_":"Riprovoje"},"contacts":{"_":"Kontakte"},"addContact":{"_":"Shtoni kontakt"},"deleteContact":{"_":"Fshije kontaktin"},"selectContact":{"_":"Përzgjidhni kontakt"},"selectAll":{"_":"Përzgjidhi Krejt"},"deselectAll":{"_":"Shpërzgjidhi Krejt"},"editContact":{"_":"Përpunim kontaktin"},"deleteConfirmMsg":{"_":"Të fshihet kontakti?"},"remove":{"_":"Fshije"},"comments":{"_":"Komente"},"no_contact_phones":{"_":"Ky kontakt nuk ka numër telefoni"},"no_contact_email":{"_":"Ky kontakt nuk ka adresë email"},"removePhotoConfirm":{"_":"Të hiqet fotoja e kontaktit?"},"loadingContacts":{"_":"Po ngarkohen kontaktet…"},"noContactsActivity":{"_":"Nuk shton dot gjë te kontakti, ngaqë lista juaj e kontakteve është e zbrazët"},"noName":{"_":"Pa emër"},"givenName":{"placeholder":"Emër"},"familyName":{"placeholder":"Mbiemër"},"tel":{"placeholder":"Telefon"},"carrier":{"_":"Operator","placeholder":"Operator"},"separator":{"_":","},"email":{"_":"Email","placeholder":"Email"},"streetAddress":{"placeholder":"Rrugë"},"postalCode":{"placeholder":"Kod zip"},"locality":{"placeholder":"Qytet"},"countryName":{"placeholder":"Vend"},"comment":{"placeholder":"Koment"},"org":{"placeholder":"Kompani"},"custom":{"placeholder":"Vetjake","_":"Etiketë vetjake"},"date":{"_":"Datë","placeholder":"Datë"},"birthday":{"_":"Datëlindje"},"dateFormat":{"_":"%B %e"},"dateOutput":{"_":"{{dayMonthFormatted}} {{year}}"},"anniversary":{"_":"Përvjetor"},"addPhoto":{"_":"Shtoni Foto"},"addPhone":{"_":"Shtoni Telefon"},"addEmail":{"_":"Shtoni Email"},"addAddress":{"_":"Shtoni Adresë"},"addDate":{"_":"Shtoni Datë"},"addComment":{"_":"Shtoni Koment"},"addFavorite":{"_":"Shtojeni si të Parapëlqyer"},"removeFavorite":{"_":"Hiqeni nga të Parapëlqyerit"},"label":{"_":"Etiketë"},"mobile":{"_":"Celular"},"home":{"_":"Shtëpie"},"work":{"_":"Pune"},"personal":{"_":"Personal"},"faxHome":{"_":"Faks shtëpie"},"faxOffice":{"_":"Faks zyre"},"faxOther":{"_":"Faks tjetër"},"another":{"_":"Tjetër"},"other":{"_":"Tjetër"},"current":{"_":"E tanishmja"},"itemWithLabel":{"_":"{{label}}, {{item}}"},"exit":{"_":"Dil"},"expand":{"_":"Zgjeroje"},"labelName":{"_":"Emër:"},"labelLastName":{"_":"Mbiemër:"},"labelPhoneNumber":{"_":"Numër telefoni:"},"labelCarrier":{"_":"Operator:"},"labelEmail":{"_":"Email:"},"labelStreet":{"_":"Rrugë:"},"labelZip":{"_":"Kod Zip:"},"labelCity":{"_":"Qytet:"},"labelCountry":{"_":"Vend:"},"labelComment":{"_":"Koment:"},"legendTitleMain":{"_":"Të dhëna kryesore"},"legendPhones":{"_":"Numra telefoni"},"legendEmail":{"_":"Adresë email"},"legendAddress":{"_":"Adresë"},"settings":{"_":"Rregullime"},"search-contact":{"placeholder":"Kërkim"},"noResults":{"_":"Nuk u gjetën kontakte"},"transferContactsTitle":{"_":"Shpërngulni Kontakte"},"importContactsTitle":{"_":"Importim Kontaktesh"},"importContactsButton":{"_":"Importoni Kontakte"},"exportContactsTitle":{"_":"Eksportim Kontaktesh"},"exportContactsButton":{"_":"Eksportoni Kontakte"},"exportContactsAction":{"_":"Eksportoni"},"simExport-title":{"_":"Eksportojini në SIM"},"sdExport-title":{"_":"Eksportojini në Kartë SD"},"btExport-title":{"_":"Eksportojini në Bluetooth"},"sdUMSEnabled":{"_":"Nuk përdor dot Kartë SD, ngaqë është aktiv depozitimi në USB"},"exportErrorTitle":{"_":"Gabim eksportimi"},"contactsExported2":{"_":"{[ plural(exported) ]}","_[zero]":"Nuk u eksportuan kontakte","_[one]":"U eksportua {{exported}}/{{total}} kontakt","_[two]":"U eksportuan {{exported}}/{{total}} kontakte","_[few]":"U eksportuan {{exported}}/{{total}} kontakte","_[many]":"U eksportuan {{exported}}/{{total}} kontakte","_[other]":"U eksportuan {{exported}}/{{total}} kontakte"},"exportError-general":{"_":"Ndodhën disa gabime gjatë eksportimit"},"exportError-SD-shared":{"_":"Nuk hyhet dot te karta e kujtesës, ngaqë ndahet me diçka tjetër"},"exportError-SD-unavailable":{"_":"Nuk ka kartë kujtese gati"},"exportError-SD-noSpace":{"_":"Nuk ka hapësirë të mjaftueshme te karta e kujtesës që të eksportohen kontaktet"},"exportError-SIM-unavailable":{"_":"Nuk ka kartë SIM gati"},"exportError-BT-shared":{"_":"Nuk hyhet dot te karta e kujtesës, ngaqë ndahet me diçka tjetër"},"exportError-BT-unavailable":{"_":"Nuk ka kartë kujtese gati"},"exportError-BT-noSpace":{"_":"Nuk ka hapësirë të mjaftueshme te karta e kujtesës që të eksportohen kontaktet"},"simContacts-import":{"_":"Importoni kontakte nga SIM"},"simContacts-importing":{"_":"Po importohen kontakte nga SIM…"},"simContacts-reading":{"_":"Po lexohet nga karta SIM…"},"simContacts-error":{"_":"Nuk importoi dot kontakte prej SIM-it"},"simContacts-imported3":{"_":"{[ plural(n) ]}","_[zero]":"Te SIM-i nuk u gjetën kontakte për importim","_[one]":"U importua një kontakt","_[two]":"U importuan {{n}} kontakte","_[few]":"U importuan {{n}} kontakte","_[many]":"U importuan {{n}} kontakte","_[other]":"U importuan {{n}} kontakte"},"noSimMsg":{"_":"Që të importohen kontakte, futni ose zhbllokoni kartën tuaj SIM"},"noSimMsgExport":{"_":"Që të eksportohen kontakte, futni ose zhbllokoni kartën tuaj SIM"},"simNumber":{"_":"SIM {{number}}"},"memoryCardContacts-import":{"_":"Importoni kontakte nga kartë kujtese"},"memoryCardContacts-importing":{"_":"Po importohen kontakte nga kartë kujtese…"},"memoryCardContacts-reading":{"_":"Po lexohet nga kartë kujtese…"},"memoryCardContacts-error":{"_":"Nuk importoi dot kontakte prej karte kujtese"},"memoryCardContacts-imported3":{"_":"{[ plural(n) ]}","_[zero]":"Te karta e kujtesës nuk u gjetën kontakte për importim","_[one]":"U importua një kontakt","_[two]":"U importuan {{n}} kontakte","_[few]":"U importuan {{n}} kontakte","_[many]":"U importuan {{n}} kontakte","_[other]":"U importuan {{n}} kontakte"},"noMemoryCardMsg":{"_":"Që të importohen kontakte, futni një kartë kujtese"},"noMemoryCardMsgExport":{"_":"Që të eksportohen kontakte, futni një kartë kujtese"},"genericProgress":{"_":"{{current}}/{{total}}"},"social-network":{"_":"Rrjete shoqërore"},"social-link":{"_":"Lidhe kontaktin"},"social-unlink":{"_":"Çlidhe kontaktin"},"social-unlink-confirm-title":{"_":"Doni të çlidhet shoku juaj?"},"social-unlink-confirm-accept":{"_":"Çlidhe"},"facebook-import":{"_":"Importoni shokë Nga Facebook-u"},"show-fb-profile":{"_":"Shfaq profil Facebook-u"},"msg-send":{"_":"Mesazh"},"wall-post":{"_":"Postim muri"},"facebook":{"_":"Facebook"},"facebook-import-msg":{"_":"{[ plural(imported) ]}","_[zero]":"Nuk u importuan shokë (nga {{total}} gjithsej)","_[one]":"U importua një shok (nga {{total}} gjithsej)","_[two]":"U importuan {{imported}}/{{total}} shokë","_[few]":"U importuan {{imported}}/{{total}} shokë","_[many]":"U importuan {{imported}}/{{total}} shokë","_[other]":"U importuan {{imported}}/{{total}} shokë"},"otherAccount":{"_":"Llogari të tjera"},"facebookSwitchMsg":{"_":"Njëkohësoni shokë"},"select_mobile":{"_":"Përzgjidhni celular"},"select_email":{"_":"Përzgjidhni email"},"contactsOrderBy":{"_":"Renditi sipas mbiemrash"},"importSim2":{"_":"Kartë SIM"},"importMemoryCard":{"_":"Kartë kujtese"},"importGmail":{"_":"Gmail"},"bluetooth":{"_":"Bluetooth"},"importOutlook":{"_":"Outlook"},"fbUpdateFriends":{"_":"Përditëso shokët e importuar"},"cleaningFbData":{"_":"Po hiqen të dhëna Facebook-u"},"loggingOutFb":{"_":"Po dilet nga Facebook-u"},"cleanFbConfirmMsg":{"_":"Të hiqen krejt të dhënat Facebook?"},"renewPwdMsg":{"_":"Fjalëkalimi juaj në Facebook ka ndryshuar. Ju lutemi, përditësojeni."},"noConnection11":{"_":"Që të importoni shokë nga Facebook-u, bëni lidhjen me rrjetin Wi-Fi ose të të dhënave"},"notEnabledYet":{"_":"Ende e paaktivizuar"},"genericNoConnection":{"_":"Që të importoni kontakte lidhuni me rrjetin Wi-Fi ose të të dhënave"},"simCard":{"_":"Kartë SIM"},"memoryCard":{"_":"Kartë kujtese"},"create-new":{"_":"Krijoni kontakt të ri"},"import-now":{"_":"Importoni kontaktet tuaja prej kartës suaj SIM ose prej Facebook-u"},"no-contacts":{"_":"Pa kontakte"},"start-adding":{"_":"Filloni të shtoni të tilla tani"},"notImported":{"_":"I paimportuar"},"imported":{"_":"I importuar"},"today":{"_":"Sot"},"yesterday":{"_":"Dje"},"messageCanceling":{"_":"Ju lutemi, prisni. Po e anulojmë veprimin në fjalë."},"organise-contacts":{"_":"Sistemoni Kontaktet"},"find-merge-contacts":{"_":"Gjeni kontakte të përsëritura"},"preparing-contacts":{"_":"Përgatitje kontaktesh"},"exportError-SIM-NoFreeRecordFound":{"_":"Karta SIM është plot"},"exportError-SIM-CannotAccessPhoneBook":{"_":"Nuk hyhet dot në libri i adresave te karta SIM"},"exportError-SIM-Unavailable":{"_":"Nuk u kap SIM"},"exportError-SIM-GenericError":{"_":"Ndodhi një gabim gjatë eksportimit të një kontakti"},"pincode2":{"_":"Jepni kodin PIN"},"type_pin":{"_":"Shtypni kodin tuaj PIN"},"pincodeLabel":{"_":"PIN SIM-i {{n}}"},"pinValidation":{"_":"PIN-i duhet të ketë nga 4 deri 8 shenja."},"pinError":{"_":"PIN-i qe i pasaktë."},"pinAttemptMsg2":{"_":"{[ plural(n) ]}","_[one]":"Ju mbetet ende një provë që të jepni kodin e saktë, përpara se të kyçet karta SIM.","_[two]":"Ju mbeten ende {{n}} prova që të jepni kodin e saktë, përpara se të kyçet karta SIM.","_[few]":"Ju mbeten ende {{n}} prova që të jepni kodin e saktë, përpara se të kyçet karta SIM.","_[many]":"Ju mbeten ende {{n}} prova që të jepni kodin e saktë, përpara se të kyçet karta SIM.","_[other]":"Ju mbeten ende {{n}} prova që të jepni kodin e saktë, përpara se të kyçet karta SIM."},"pinLastChanceMsg":{"_":"Ky është shansi juaj i fundit që të jepni PIN-in e saktë. Përndryshe, duhet të jepni kodin PUK që të përdorni këtë kartë SIM."},"pukcode":{"_":"Jepni kodin PUK"},"pukcodeTitle":{"_":"Jepni PUK SIM-i {{n}}"},"pukcodeLabel":{"_":"PUK SIM-i {{n}}"},"type_puk":{"_":"Kodi PUK"},"pukValidation":{"_":"Kodi PUK duhet të ketë saktësisht 8 shenja."},"pukInfo":{"_":"Duhet të jepni Kodin e Kyçit Personal të Çkyçjes (PUK) për kartën SIM. Për më tepër të dhëna shihni dokumentimin e kartës suaj SIM ose lidhuni me operatorin tuaj."},"pukError":{"_":"PUK-u qe i pasaktë."},"pukAttemptMsg2":{"_":"{[ plural(n) ]}","_[one]":"Ju mbetet ende një provë që të jepni kodin e saktë, përpara se kjo kartë SIM të bëhet përgjithmonë e papërdorshme. Për më tepër të dhëna shihni dokumentimin e kartës suaj SIM ose lidhuni me operatorin tuaj.","_[two]":"Ju mbeten ende {{n}} prova që të jepni kodin e saktë, përpara se kjo kartë SIM të bëhet përgjithmonë e papërdorshme. Për më tepër të dhëna shihni dokumentimin e kartës suaj SIM ose lidhuni me operatorin tuaj.","_[few]":"Ju mbeten ende {{n}} prova që të jepni kodin e saktë, përpara se kjo kartë SIM të bëhet përgjithmonë e papërdorshme. Për më tepër të dhëna shihni dokumentimin e kartës suaj SIM ose lidhuni me operatorin tuaj.","_[many]":"Ju mbeten ende {{n}} prova që të jepni kodin e saktë, përpara se kjo kartë SIM të bëhet përgjithmonë e papërdorshme. Për më tepër të dhëna shihni dokumentimin e kartës suaj SIM ose lidhuni me operatorin tuaj.","_[other]":"Ju mbeten ende {{n}} prova që të jepni kodin e saktë, përpara se kjo kartë SIM të bëhet përgjithmonë e papërdorshme. Për më tepër të dhëna shihni dokumentimin e kartës suaj SIM ose lidhuni me operatorin tuaj."},"pukLastChanceMsg":{"_":"Ky është shansi juaj i fundit që të jepni kodin e saktë PUK. Karta juaj SIM do të bëhet përgjithmonë e papërdorshme, nëse jepni kod PUK të gabuar."},"create_newpin":{"_":"Krijoni PIN të ri (4 deri 8 shifra)"},"confirm_newpin":{"_":"Ripohoni PIN-in e ri"},"newpinConfirmation":{"_":"PIN-et nuk përputhen"},"nckcode":{"_":"Jepni kodin NCK"},"cckcode":{"_":"Jepni kodin CCK"},"spckcode":{"_":"Jepni kodin SPCK"},"nckcodeTitle":{"_":"Jepni NCK SIM-i {{n}}"},"cckcodeTitle":{"_":"Jepni CCK SIM-i {{n}}"},"spckcodeTitle":{"_":"Jepni SPCK SIM-i {{n}}"},"nckcodeLabel":{"_":"NCK SIM-i {{n}}"},"cckcodeLabel":{"_":"CCK SIM-i {{n}}"},"spckcodeLabel":{"_":"SPCK {{n}} SIM-i"},"type_nck":{"_":"Shtypni kodin tuaj NCK"},"type_cck":{"_":"Shtypni kodin tuaj CCK"},"type_spck":{"_":"Shtypni kodin tuaj SPCK"},"nckValidation":{"_":"NCK-ja duhet të ketë nga 8 deri në 16 shenja."},"cckValidation":{"_":"CCK-ja duhet të ketë nga 8 deri në 16 shenja."},"spckValidation":{"_":"SPCK-ja duhet të ketë nga 8 deri në 16 shenja."},"nckErrorMsg":{"_":"Kodi NCK është i pasaktë."},"nckAttemptMsg2":{"_":"{[ plural(n) ]}","_[one]":"Dështim kërkese heqjeje personalizimi rrjeti. Ju mbetet edhe një provë për dhënien e kodit të saktë. Për më tepër informacion shihni dokumentimin e kartës suaj SIM ose lidhuni me operatorin tuaj.","_[two]":"Dështim kërkese heqjeje personalizimi rrjeti. Ju mbeten edhe {{n}} prova për dhënien e kodit të saktë. Për më tepër informacion shihni dokumentimin e kartës suaj SIM ose lidhuni me operatorin tuaj.","_[few]":"Dështim kërkese heqjeje personalizimi rrjeti. Ju mbeten edhe {{n}} prova për dhënien e kodit të saktë. Për më tepër informacion shihni dokumentimin e kartës suaj SIM ose lidhuni me operatorin tuaj.","_[many]":"Dështim kërkese heqjeje personalizimi rrjeti. Ju mbeten edhe {{n}} prova për dhënien e kodit të saktë. Për më tepër informacion shihni dokumentimin e kartës suaj SIM ose lidhuni me operatorin tuaj.","_[other]":"Dështim kërkese heqjeje personalizimi rrjeti. Ju mbeten edhe {{n}} prova për dhënien e kodit të saktë. Për më tepër informacion shihni dokumentimin e kartës suaj SIM ose lidhuni me operatorin tuaj."},"nckLastChanceMsg":{"_":"Dështim kërkese heqjeje personalizimi rrjeti. Shansi i fundit të jepni kodin e saktë NCK. Për më tepër informacion shihni dokumentimin e kartës suaj SIM ose lidhuni me operatorin tuaj."},"skip":{"_":"Anashkaloje"},"send":{"_":"Dërgoje"},"simLocked":{"_":"Karta SIM është kyçur"},"inputCodeRetriesLeft":{"_":"{[ plural(n) ]}","_[one]":"Prova e fundit.","_[two]":"Edhe {{n}} prova.","_[few]":"Edhe {{n}} prova.","_[many]":"Edhe {{n}} prova.","_[other]":"Edhe {{n}} prova."},"simManager":{"_":"Përgjegjës SIM-esh"},"simDetail":{"_":"SIM-i {{n}}"},"simDefault":{"_":"(parazgjedhje)"},"simDefaultMessage":{"_":"Thirrjet që bëni, mesazhet që dërgoni dhe lidhja për të dhëna i janë përshoqëruar SIM-it 1, si parazgjedhje"},"simSettingsMessage":{"_":"Rregullimet parazgjedhje mund t'i ndryshoni te Rregullime > Përgjegjës kartash SIM"},"simPinLocked":{"_":"PIN SIM-i i kyçur"},"noOperator":{"_":"Nuk ka operator"},"language":{"_":"Gjuhë"},"english":{"_":"Anglisht"},"dvorak":{"_":"Anglisht (Dvorak)"},"spanish":{"_":"Spanjisht"},"portuguese":{"_":"Portugeze Braziliane"},"french":{"_":"Frëngjisht"},"italian":{"_":"Italisht"},"arabic":{"_":"Arabisht"},"greek":{"_":"Greqisht"},"hebrew":{"_":"Hebraisht"},"jp-kanji":{"_":"Japonisht"},"jp-kanji-desc":{"_":"Kanxhi"},"traditionalChinese":{"_":"Kineze Tradicionale"},"traditionalChinese-desc":{"_":"Zhuijin"},"simplifiedChinese":{"_":"Kineze e Thjeshtuar"},"simplifiedChinese-desc":{"_":"Pinjin"},"3g":{"_":"Të dhëna Celulare"},"dataConnection":{"_":"Aktivizoji të Dhënat"},"dataConnectionInfo":{"_":"Aktivizimi i lidhjes për të dhëna tani do t'ju lejojë të formësoni telefonin tuaj pa një lidhje Wi-Fi. Mund ta aktivizoni dhe më vonë te Rregullimet. Thjesht sigurohuni që keni një pajtim për të dhëna nga operatori juaj, që të shmangni fatura të kripura."},"caution":{"_":"Kujdes"},"geolocation":{"_":"Gjeovendëzim"},"geolocationCheckbox":{"_":"Aktivizoni Gjeovendëzimin"},"geolocationInfo2":{"_":"{{brandShortName}}-i përdor të dhëna të tilla si GPS, Wi-Fi, dhe rrjete celularësh pranë jush si ndihmë për përcaktimin me përafërsi të vendndodhjes suaj."},"geolocationInfoMore":{"_":"Të dhënat dërgohen te Mozilla dhe të tjerë mundësues shërbimesh dhe do të përdoren së toku për të përmirësuar këto baza të dhënash vendndodhjesh.  Të dhënat mund të depozitohen në pajisjen tuaj dhe grumbullimi i të dhënave mund të ngjasë kur nuk ka zbatime në punë e sipër."},"notice":{"_":"Shënim"},"aboutYourPrivacy":{"_":"Më tepër rreth privatësisë suaj"},"wifi":{"_":"Wi-Fi"},"scanningNetworks":{"_":"Po sheh për rrjete"},"selectNetwork":{"_":"Përzgjidhni një rrjet"},"shortStatus-connecting":{"_":"Po lidhet…"},"shortStatus-associated":{"_":"Po merret një adresë IP…"},"shortStatus-connected":{"_":"I lidhur"},"shortStatus-connectingfailed":{"_":"Lidhja dështoi"},"shortStatus-disconnected":{"_":"I shkëputur"},"securedBy":{"_":"siguruar përmes {{capabilities}}"},"security":{"_":"Siguri"},"securityNone":{"_":"Asnjë"},"securityWEP":{"_":"WEP"},"securityWPA-PSK":{"_":"WPA-PSK"},"securityWPA-EAP":{"_":"WPA-EAP"},"securityOpen":{"_":"E hapur"},"identity":{"_":"Përdorues"},"identityInput":{"placeholder":"Përdorues"},"password":{"_":"Fjalëkalim"},"passwordInput":{"placeholder":"Fjalëkalim"},"showPassword":{"_":"Shfaqe Fjalëkalimin"},"refresh":{"_":"Rifreskoje"},"noWifiFound3":{"_":"Nuk u gjetën rrjete pa fill"},"join-hidden-button":{"_":"Bëhuni pjesë rrjeti të fshehur"},"authentication":{"_":"Mirëfilltësim"},"ssid-name":{"_":"Emër Rrjeti SSID"},"dateAndTime":{"_":"Datë & Kohë"},"setTimeAutomatically":{"_":"Caktoje vetvetiu"},"timezoneMessage":{"_":"Zonë kohore"},"timezoneTitle":{"_":"UTC{{utcOffset}} {{region}}/{{city}}"},"dateMessage":{"_":"Datë"},"timeMessage":{"_":"Kohë"},"timeZone":{"_":"Zonë kohore"},"change":{"_":"Ndryshoje"},"importContacts3":{"_":"Importoni kontakte"},"importFb2":{"_":"Facebook"},"fb-checking":{"_":"… po kontrollohet"},"notImportedYet":{"_":"Ende pa importime"},"afterFbImport":{"_":"Shokë Facebook-u mund të importoni dhe përpunoni kurdo, te rregullimet Kontakte"},"about-your-rights-0":{"_":"{{brandShortName}}-i ngrihet mbi software të lirë dhe me burim të hapur, nga një bashkësi mijëra personash anembanë botës. Ja pak gjëra që do të duhej t'i dinit:"},"about-your-rights-1":{"_":"{{brandShortName}}-i ju jepet sipas kushteve të disa licencave për burim të hapur, përfshi Mozilla Public License. Një pajisje që xhiron {{brandShortName}}-in mund të përmbajë edhe software pronësor prej palësh të treta. Çfarëdo pjese kodi e dhënë nën licenca të hapura ju jep të drejtën të modifikoni kodin burim dhe të shpërndani versione tuajt të modifikuar, për sa kohë që u përmbaheni kushteve të tyre."},"about-your-rights-2":{"_":"Nuk ju jepet ndonjë e drejtë mbi shenja tregtare ose licenca për shenja tregtare të Mozilla Foundation-it ose cilësdo palë, përfshi këtu, pa kufizime, emrin dhe logon e {{brandShortName}}-it."},"about-your-rights-3":{"_":"Disa veçori të {{brandShortName}}-it, të tilla si Raportuesi i Vithisjeve, ju japin mundësinë t'ia parashtroni përshtypjet Mozilla-s. Duke zgjedhur të parashtroni përshtypje, i jepni Mozilla-s leje t'i përdorë përshtypjet për të përmirësuar produktet e saj, t'i botojë përshtypjet në sajtet e veta web, dhe t'i shpërndajë përshtypjet."},"about-other":{"_":"Tjetër"},"SIM_mandatory":{"_":"Sinjalizim Karte SIM"},"SIM_mandatory_warm":{"_":"Ju lutemi, futni një kartë SIM dhe rinisni telefonin tuaj."},"sharing-performance-data":{"_":"Ndarje Me të Tjerë e të Dhënave të Funksionimit "},"telemetry-sends":{"_":"Telemetry-a i dërgon Mozilla-s të dhëna mbi funksionimin, hardware-in, formësimet dhe personalizimet e pajisjes suaj {{brandShortName}}. Këto i përdorim që t'i bëjmë më të mira produktet tona, më të shpejta dhe më reaguese."},"learn-more-at":{"_":"Mësoni më tepër te"},"external-telemetry":{"title":"Telemetry"},"learn-about-information":{"_":"Mësoni se si i trajton Mozilla të dhënat tuaja, te"},"external-privacy":{"title":"Privatësia"},"welcomeBrowser":{"_":"Mirë se vini te {{brandShortName}}-i, sistemi operativ i lirë dhe me burim të hapur i Mozilla-s. Misioni ynë është të përhapim të qenët i hapur, risitë dhe mundësitë në Web, duke e mbajtur fuqinë e tij në duart tuaja."},"learnHow":{"_":"Mësoni se si i trajton Mozilla të dhënat tuaja, te"},"privacyPolicy":{"_":"rregullat tona mbi privatësinë","title":"Rregulla privatësie"},"aboutBrowser":{"_":"Rreth {{brandShortName}}-it"},"aboutYourPrivacy2":{"_":"Privatësia Juaj"},"mozillaCommunity2":{"_":"Kur përdorni {{brandShortName}}-in, bëheni pjesë e një bashkësie mbarëbotërore që ndihmon në ndërtimin e një të ardhmeje më të ndritur për Web-in. Nëse doni të dini më tepër rreth bashkësisë Mozilla, produkteve tona të tjera dhe veprimtarive afër zonës suaj, ju lutemi, jepni më poshtë adresën tuaj email."},"collaborate":{"_":"Dua të ndihmoj në përmirësimin e {{brandShortName}}-it duke me ndarë me të tjerë të dhëna rreth telefonit tim."},"learnMore":{"_":"Mësoni më tepër."},"emailAddress":{"placeholder":"Adresë email"},"email-successfully-added":{"_":"Email-i u shtua me sukses"},"email-loading":{"_":"Po ruhet email-i juaj…"},"browserPrivacyChoices":{"_":"Zgjedhje Privatësie për {{brandShortName}}-in"},"privacy-b2g":{"_":"{{brandShortName}}","title":"{{brandShortName}}"},"privacy-marketplace":{"_":"Marketplace","title":"{{privacy-marketplace}}"},"privacy-e-me":{"_":"everything.me","title":"{{privacy-e-me}}"},"navbar-back":{"_":"Mbrapsht"},"navbar-next":{"_":"Pasuesja"},"navbar-join":{"_":"Bëhuni Pjesë"},"thatsIt":{"_":"Kaq qe!"},"startYourPhone":{"_":"Filloni turin e telefonit tuaj!"},"startYourTablet":{"_":"Filloni turin e tabletit tuaj!"},"joinTutorial":{"_":"Ejani me ne për një përkujdesore të shpejtë rreth telefonit tuaj të ri."},"enjoyYourPhone":{"_":"Jeni gati t'i gëzoheni telefonit tuaj të ri."},"optionsAvailable":{"_":"Gjuhën, datën/kohën dhe lidhjen me Wi-Fi mund t'i ndryshoni te rregullimet."},"letsGo":{"_":"Le t'ia fillojmë"},"startTour":{"_":"Nise turin"},"thatsIt1Tablet-2":{"_":"Kur të doni, mund të rrëshqisni gishtin nga skaji i poshtë për sipër që të kaloni te skena e kreut."},"thatsIt2Tablet-2":{"_":"Le ta provojmë !"},"tutorial-step1-tiny":{"_":"Rrëshqiteni gishtin nga e djathta në të majtë që të shfletoni zbatimet tuaja."},"tutorial-step2-tiny":{"_":"Bjerini një ikone dhe mbajeni gishtin aty që ta fshini ose lëvizni."},"tutorial-step3-tiny":{"_":"Jepni një fjalëkyç ose temë dhe telefoni juaj do të adaptohet menjëherë."},"tutorial-step4-tiny":{"_":"Rrëshqiteni gishtin për poshtë që të shihni njoftimet e fundit, të dhëna krediti dhe rregullimet."},"tutorial-step5-tiny":{"_":"Bjerini butonit të kreut dhe mbajeni gishtin aty që të shfletoni dhe mbyllni zbatimet e përdorura së fundi."},"tutorial-step6-tiny":{"_":"Rrëshqiteni gishtin nga anash ekrani që të lëvizni para mbrapa mes zbatimeve të përdorura së fundi."},"tutorial-step1-large-2":{"_":"Rrëshqiteni gishtin nga lart poshtë që të shihni njoftimet e fundit, të dhëna krediti dhe rregullimet."},"tutorial-step2-large-2":{"_":"Rrëshqiteni gishtin majtas ose djathtas që të zbuloni zbatime të reja te skena e kreut."},"tutorial-step3-large-2":{"_":"Prekeni një ikonë dhe mbajeni gishtin aty që ta fshini ose lëvizni."},"tutorial-step4-large-2":{"_":"Rrëshqitni dy gishta nga skaji i poshtëm për sipër që të kryeni parje të kartës."},"offline-dialog-title":{"_":"Që të shihni këtë faqe, duhet të jeni i lidhur në Internet."},"offline-dialog-text":{"_":"Ju lutemi, kthehuni mbrapsht dhe bëni lidhjen në Internet. Faqen mund ta shihni edhe më vonë, te Rregullimet, ose duke hapur {{url}} me çfarëdo shfletuesi."},"OK":{"_":"OK"},"offline-newsletter-dialog-title":{"_":"Që të pajtoheni te buletini, duhet të jeni i lidhur në Internet."},"offline-newsletter-dialog-text":{"_":"Ju lutemi, kthehuni mbrapsht dhe bëni lidhjen në Internet."},"invalid-email-dialog-title":{"_":"Email-i juaj nuk është i vlefshëm"},"invalid-email-dialog-text":{"_":"Ju lutemi, kthehuni mbrapsht dhe ndreqni atë çka dhatë."},"weekday-0-long":{"_":"E diel"},"weekday-1-long":{"_":"E hënë"},"weekday-2-long":{"_":"E martë"},"weekday-3-long":{"_":"E mërkurë"},"weekday-4-long":{"_":"E enjte"},"weekday-5-long":{"_":"E premte"},"weekday-6-long":{"_":"E shtunë"},"weekday-0-short":{"_":"Die"},"weekday-1-short":{"_":"Hën"},"weekday-2-short":{"_":"Mar"},"weekday-3-short":{"_":"Mër"},"weekday-4-short":{"_":"Enj"},"weekday-5-short":{"_":"Pre"},"weekday-6-short":{"_":"Sht"},"month-0-long":{"_":"Janar"},"month-1-long":{"_":"Shkurt"},"month-2-long":{"_":"Mars"},"month-3-long":{"_":"Prill"},"month-4-long":{"_":"Maj"},"month-5-long":{"_":"Qershor"},"month-6-long":{"_":"Korrik"},"month-7-long":{"_":"Gusht"},"month-8-long":{"_":"Shtator"},"month-9-long":{"_":"Tetor"},"month-10-long":{"_":"Nëntor"},"month-11-long":{"_":"Dhjetor"},"month-0-genitive":{"_":"të Janarit"},"month-1-genitive":{"_":"të Shkurtit"},"month-2-genitive":{"_":"të Marsit"},"month-3-genitive":{"_":"të Prillit"},"month-4-genitive":{"_":"të Majit"},"month-5-genitive":{"_":"të Qershorit"},"month-6-genitive":{"_":"të Korrikut"},"month-7-genitive":{"_":"të Gushtit"},"month-8-genitive":{"_":"të Shtatorit"},"month-9-genitive":{"_":"të Tetorit"},"month-10-genitive":{"_":"të Nëntorit"},"month-11-genitive":{"_":"të Dhjetorit"},"month-0-short":{"_":"Jan"},"month-1-short":{"_":"Shk"},"month-2-short":{"_":"Mar"},"month-3-short":{"_":"Pri"},"month-4-short":{"_":"Maj"},"month-5-short":{"_":"Qer"},"month-6-short":{"_":"Kor"},"month-7-short":{"_":"Gus"},"month-8-short":{"_":"Sht"},"month-9-short":{"_":"Tet"},"month-10-short":{"_":"Nën"},"month-11-short":{"_":"Dhj"},"minutes-ago-long":{"_":"{[ plural(value) ]}","_[zero]":"mu tani","_[one]":"një minutë më parë","_[two]":"{{value}} minuta më parë","_[few]":"{{value}} minuta më parë","_[many]":"{{value}} minuta më parë","_[other]":"{{value}} minuta më parë"},"hours-ago-long":{"_":"{[ plural(value) ]}","_[zero]":"mu tani","_[one]":"një orë më parë","_[two]":"{{value}} orë më parë","_[few]":"{{value}} orë më parë","_[many]":"{{value}} orë më parë","_[other]":"{{value}} orë më parë"},"days-ago-long":{"_":"{[ plural(value) ]}","_[zero]":"sot","_[one]":"dje","_[two]":"{{value}} ditë më parë","_[few]":"{{value}} ditë më parë","_[many]":"{{value}} ditë më parë","_[other]":"{{value}} ditë më parë"},"weeks-ago-long":{"_":"{[ plural(value) ]}","_[zero]":"këtë javë","_[one]":"javën e kaluar","_[two]":"{{value}} javë më parë","_[few]":"{{value}} javë më parë","_[many]":"{{value}} javë më parë","_[other]":"{{value}} javë më parë"},"months-ago-long":{"_":"{[ plural(value) ]}","_[zero]":"këtë muaj","_[one]":"muajin e kaluar","_[two]":"{{value}} muaj më parë","_[few]":"{{value}} muaj më parë","_[many]":"{{value}} muaj më parë","_[other]":"{{value}} muaj më parë"},"years-ago-long":{"_":"{[ plural(value) ]}","_[zero]":"këtë vit","_[one]":"vitin e kaluar","_[two]":"{{value}} vite më parë","_[few]":"{{value}} vite më parë","_[many]":"{{value}} vite më parë","_[other]":"{{value}} vite më parë"},"minutes-until-long":{"_":"{[ plural(value) ]}","_[zero]":"tani","_[one]":"për një minutë","_[two]":"për {{value}} minuta","_[few]":"për {{value}} minuta","_[many]":"për {{value}} minuta","_[other]":"për {{value}} minuta"},"hours-until-long":{"_":"{[ plural(value) ]}","_[zero]":"tani","_[one]":"për një orë","_[two]":"për {{value}} orë","_[few]":"për {{value}} orë","_[many]":"për {{value}} orë","_[other]":"për {{value}} orë"},"days-until-long":{"_":"{[ plural(value) ]}","_[zero]":"sot","_[one]":"nesër","_[two]":"për {{value}} ditë","_[few]":"për {{value}} ditë","_[many]":"për {{value}} ditë","_[other]":"për {{value}} ditë"},"weeks-until-long":{"_":"{[ plural(value) ]}","_[zero]":"këtë javë","_[one]":"javën pasuese","_[two]":"për {{value}} javë","_[few]":"për {{value}} javë","_[many]":"për {{value}} javë","_[other]":"për {{value}} javë"},"months-until-long":{"_":"{[ plural(value) ]}","_[zero]":"këtë muaj","_[one]":"muajin pasues","_[two]":"për {{value}} muaj","_[few]":"për {{value}} muaj","_[many]":"për {{value}} muaj","_[other]":"për {{value}} muaj"},"years-until-long":{"_":"{[ plural(value) ]}","_[zero]":"këtë vit","_[one]":"vitin pasues","_[two]":"për {{value}} vjet","_[few]":"për {{value}} vjet","_[many]":"për {{value}} vjet","_[other]":"për {{value}} vjet"},"minutes-ago-short":{"_":"{[ plural(value) ]}","_[zero]":"mu tani","_[other]":"{{value}}m më parë"},"hours-ago-short":{"_":"{[ plural(value) ]}","_[zero]":"mu tani","_[other]":"{{value}}h më parë"},"days-ago-short":{"_":"{[ plural(value) ]}","_[zero]":"sot","_[other]":"{{value}}d më parë"},"minutes-until-short":{"_":"{[ plural(value) ]}","_[zero]":"tani","_[other]":"për {{value}}m"},"hours-until-short":{"_":"{[ plural(value) ]}","_[zero]":"tani","_[other]":"për {{value}}h"},"days-until-short":{"_":"{[ plural(value) ]}","_[zero]":"sot","_[other]":"për {{value}}d"},"incorrectDate":{"_":"(datë e pasaktë)"},"dateTimeFormat_%c":{"_":"%a %e %b %Y %I:%M:%S %p"},"dateTimeFormat_%x":{"_":"%m/%d/%Y"},"dateTimeFormat_%X":{"_":"%I:%M:%S %p"},"shortTimeFormat":{"_":"%I:%M %p"},"shortDateTimeFormat":{"_":"%x %I:%M %p"},"weekStartsOnMonday":{"_":"0"},"time_am":{"_":"AM"},"time_pm":{"_":"PM"},"tz-region":{"_":"Rajon"},"tz-city":{"_":"Qytet"},"tzRegion-Africa":{"_":"Afrika"},"tzRegion-America":{"_":"Amerika"},"tzRegion-Antarctica":{"_":"Antarktida"},"tzRegion-Asia":{"_":"Azia"},"tzRegion-Atlantic":{"_":"Oqeani Atlantik"},"tzRegion-Australia":{"_":"Australia"},"tzRegion-Europe":{"_":"Europa"},"tzRegion-Indian":{"_":"Oqeani Indian"},"tzRegion-Pacific":{"_":"Oqeani Paqësor"},"close":{"_":"Mbylle"},"import":{"_":"Importo"},"fbFriends":{"_":"Miq Facebook-u"},"live-serviceName":{"_":"Outlook"},"gmail-serviceName":{"_":"Gmail"},"facebook-serviceName":{"_":"Miq Facebook-u"},"viewAll":{"_":"Shihni Krejt Miqtë nga Facebook-u"},"viewRecommend":{"_":"Shihni Vetëm të Rekomanduarit"},"linkProposal":{"_":"{[ plural(numFriends) ]}","_[zero]":"Pa miq me përputhje. Po shfaqen të tërë","_[one]":"Përzgjidhni të rekomanduarin","_[two]":"Përzgjidhni një të rekomanduar","_[few]":"Përzgjidhni një të rekomanduar","_[many]":"Përzgjidhni një të rekomanduar","_[other]":"Përzgjidhni një të rekomanduar"},"fbFriendsFound":{"_":"{[ plural(numFriends) ]}","_[zero]":"U importuan krejt miqtë tuaj","_[one]":"U gjet një mik për importim","_[two]":"U gjetën {{numFriends}} miq për importim","_[few]":"U gjetën {{numFriends}} miq për importim","_[many]":"U gjetën {{numFriends}} miq për importim","_[other]":"U gjetën {{numFriends}} miq për importim"},"done-search":{"_":"U bë"},"progressFB3ImportTitle":{"_":"Importim miqsh te Kontaktet"},"progressFB":{"_":"{{current}}/{{total}}"},"progressFB3UpdateTitle":{"_":"Përditësim miqsh te Kontaktet"},"message2":{"_":"Kjo mund të hajë nja dy minuta"},"messageLinking":{"_":"Ju lutemi, prisni. Po lidhim mikun dhe kontaktin tuaj."},"error1":{"_":"Gabim {{from}}"},"error2":{"_":"Doni të riprovohet?"},"errorProposal":{"_":"po llogariten propozimet"},"errorFriends":{"_":"po merren miqtë"},"errorLinking":{"_":"po lidhet kontakti"},"timeout1":{"_":"U tejkalua koha e pritjes {{from}}"},"timeout2":{"_":"Doni të riprovohet?"},"timeoutProposal":{"_":"po llogariten propozimet"},"timeoutFriends":{"_":"po merren miqtë"},"timeoutLinking":{"_":"po lidhet kontakti"},"wait1":{"_":"Ju lutemi, prisni."},"wait2":{"_":"Kjo mund të hajë nja dy minuta"},"waitProposal":{"_":"Ju lutemi, prisni. Po llogarisim një propozim."},"waitFriends":{"_":"Ju lutemi, prisni. Po lidhemi që të marrin listën tuaj të miqve."},"curtainCancel":{"_":"Anuloje"},"curtainRetry":{"_":"Riprovo"},"curtainOK":{"_":"OK"},"connectionLost":{"_":"Pa lidhje Internet"},"connectionLostMsg":{"_":"Fotot e miqve nuk do të shtohen te kontaktet tuaja. Të vazhdohet sido qoftë?"},"yesOption":{"_":"OK"},"noOption":{"_":"Anuloje"},"friendsUpdated":{"_":"{[ plural(numFriends) ]}","_[zero]":"Nuk u përditësua ndonjë mik","_[one]":"U përditësua një mik","_[two]":"U përditësuan {{numFriends}} miq","_[few]":"U përditësuan {{numFriends}} miq","_[many]":"U përditësuan {{numFriends}} miq","_[other]":"U përditësuan {{numFriends}} miq"},"notificationLogin":{"_":"Sesioni juaj në Facebook është i pavlefshëm. Ju lutemi, bëni hyrjen."},"syncError":{"_":"Pati një gabim gjatë njëkohësimit të të dhënave të mikut tuaj"},"addToExistingContact":{"_":"Shtojeni te kontakt ekzistues"},"all":{"_":"Krejt"},"callLog":{"_":"Regjistër thirrjesh"},"connecting":{"_":"Po lidhet"},"cf-async":{"_":"Asinkrone: {{ async }}\n"},"cf-data":{"_":"Të dhëna: {{ data }}\n"},"cf-error":{"_":"Pati një gabim ndërsa merrej gjendja e përcjelljes së thirrjes"},"cf-fax":{"_":"FAKS: {{ fax }}\n"},"cf-inactive":{"_":"Joaktive"},"cf-packet":{"_":"Paket: {{ packet }}\n"},"cf-pad":{"_":"PAD: {{ pad }}\n"},"cf-sms":{"_":"SMS: {{ sms }}\n"},"cf-status":{"_":"Gjendje përcjelljeje thirrjeje\n"},"cf-sync":{"_":"Sinkrone: {{ sync }}\n"},"cf-voice":{"_":"Zë: {{ voice }}\n"},"confirm-deletion":{"_":"Të hiqen thirrjet e përzgjedhura?"},"createNewContact":{"_":"Krijoni kontakt të ri"},"delete":{"_":"Fshije"},"edit-selected":{"_":"{[ plural(n) ]}","_[one]":"{{ n }} e përzgjedhur","_[two]":"{{ n }} të përzgjedhura","_[few]":"{{ n }} të përzgjedhura","_[many]":"{{ n }} të përzgjedhura","_[other]":"{{ n }} të përzgjedhura"},"ignore":{"_":"Shpërfille Thirrjen"},"incoming":{"_":"Të marra"},"missed":{"_":"Të humbura"},"missedCall":{"_":"Thirrje e humbur"},"missedCallMultiSims":{"_":"(SIM {{ n }}) Thirrje të humbura"},"mmi-error":{"_":"Ndodhi një gabim ndërsa dërgohej mesazhi"},"mmi-session-expired":{"_":"Sesionit i mbaroi koha"},"mmi-successfully-sent":{"_":"Mesazhi u dërgua me sukses"},"no-logs-msg-1":{"_":"Nuk ka thirrje të regjistruara"},"no-logs-msg-2":{"_":"Filloni të komunikoni tani"},"no-logs-msg-3":{"_":"Pa thirrje të humbura"},"reply":{"_":"Përgjigjjuni"},"switch-calls":{"_":"Transferoni thirrjen"},"withheld-number":{"_":"Numër i patreguar"},"from-contact":{"_":"Nga {{ contact }}"},"from-number":{"_":"Nga {{ number }}"},"from-withheld-number":{"_":"Nga numër i patreguar"},"sending":{"_":"Po dërgohet…"},"ussd-services":{"_":"Shërbime {{ operator }}"},"type-your-response":{"placeholder":"Shtypni përgjigjen tuaj…"},"clear-all-text":{"_":"Pastroj krejt tekstin"},"hide":{"_":"Fshihe"},"hold":{"_":"Në pritje"},"resume":{"_":"Rimerre"},"sendSms":{"_":"Dërgojini Mesazh"},"callEnded":{"_":"Thirrja Përfundoi"},"via-sim":{"_":"përmes SIM{{ n }}"},"sim-number":{"_":"SIM{{ n }}"},"hangup-a11y-button":{"aria-label":"Mbylleni"},"pickup-a11y-button":{"aria-label":"Përgjigjuni"},"unlock-a11y-button":{"aria-label":"Rrëshqitës"},"delete-n-log?":{"_":"{[ plural(n) ]}","_[zero]":"Nuk u përzgjodh gjë","_[one]":"Të fshihet regjistrimi i përzgjedhur?","_[two]":"Të fshihen {{ n }} regjistrimet?","_[few]":"Të fshihen {{ n }} regjistrimet?","_[many]":"Të fshihen {{ n }} regjistrimet?","_[other]":"Të fshihen {{ n }} regjistrimet?"},"callDurationMinutes":{"_":"{{ m }}:{{ s }}"},"callDurationHours":{"_":"{{ h }}:{{ m }}:{{ s}}"},"suggestionMatches":{"_":"{[ plural(n) ]}","_[one]":"{{ n }} përputhje për \"{{ matchNumber }}\"","_[two]":"{{ n }} përputhje për \"{{ matchNumber }}\"","_[few]":"{{ n }} përputhje për \"{{ matchNumber }}\"","_[many]":"{{ n }} përputhje për \"{{ matchNumber }}\"","_[other]":"{{ n }} përputhje për \"{{ matchNumber }}\""},"scCallBarring":{"_":"Ndalim thirrjesh"},"scCallForwarding":{"_":"Përcjellje thirrjesh"},"scClip":{"_":"ID Thirrësi Ardhëse"},"scClir":{"_":"ID Thirrësi Ikëse"},"scPwd":{"_":"Ndryshim fjalëkalimi"},"scCallWaiting":{"_":"Thirrje në pritje"},"scPin":{"_":"Ndryshim PIN-i"},"scPin2":{"_":"Ndryshim PIN2-shi"},"scPuk":{"_":"Zhbllokim PIN-i"},"scPuk2":{"_":"Zhbllokim PIN2-shi"},"scImei":{"_":"IMEI"},"scUssd":{"_":"USSD"},"serviceClassVoice":{"_":"Zë"},"serviceClassData":{"_":"Të dhëna"},"serviceClassFax":{"_":"FAKS"},"serviceClassSms":{"_":"SMS"},"serviceClassDataSync":{"_":"Sinkrone"},"serviceClassDataAsync":{"_":"Asinkrone"},"serviceClassPacket":{"_":"Paket"},"serviceClassPad":{"_":"PAD"},"smServiceEnabled":{"_":"Shërbimi u aktivizua"},"smServiceDisabled":{"_":"Shërbimi u çaktivizua"},"smServiceRegistered":{"_":"Regjistrimi qe i suksesshëm"},"smServiceErased":{"_":"Fshirja qe e suksesshme"},"smServiceInterrogated":{"_":"Kërkesa qe e suksesshme"},"smServiceNotProvisioned":{"_":"Shërbimi nuk është bërë gati"},"smClirPermanent":{"_":"Nuk mund të ndryshoni rregullime ID-je thirrësi"},"smClirDefaultOnNextCallOn":{"_":"ID thirrësi e caktuar si e rezervuar. Thirrja pasuese: E maskuar"},"smClirDefaultOnNextCallOff":{"_":"ID thirrësi e caktuar si e rezervuar. Thirrja pasuese: Jo e maskuar"},"smClirDefaultOffNextCallOn":{"_":"ID thirrësi e caktuar si jo e rezervuar. Thirrja pasuese: E maskuar"},"smClirDefaultOffNextCallOff":{"_":"ID thirrësi e caktuar si jo e rezervuar. Thirrja pasuese: Jo e maskuar"},"smServiceEnabledFor":{"_":"Shërbimi qe aktivizuar për:"},"smPinChanged":{"_":"PIN-i u ndryshua me sukses"},"smPinUnblocked":{"_":"PIN-i u zhbllokua me sukses"},"smPin2Changed":{"_":"PIN2-shi u ndryshua me sukses"},"smPin2Unblocked":{"_":"PIN2-shi u zhbllokua me sukses"},"emMmiError":{"_":"Problem ndërlidhjeje ose kod MMI i pavlefshëm"},"emMmiErrorPasswordIncorrect":{"_":"Fjalëkalim i Pasaktë"},"emMmiErrorNotSupported":{"_":"Kod MMI i Pavlefshëm ose i Pambuluar"},"emMmiErrorInvalidAction":{"_":"Veprim i pavlefshëm"},"emMmiErrorInvalidScCode":{"_":"Kod shërbimi i pavlefshëm"},"emMmiErrorBadPuk":{"_":"PUK-u që shtypët është i pasaktë"},"emMmiErrorBadPin":{"_":"PIN-i i vjetër që shtypët është i pasaktë."},"emMmiErrorNeedPuk2":{"_":"Shtypni PUK2-shin që të zhbllokohet karta SIM"},"emMmiErrorMismatchPin":{"_":"PIN-et që shtypët nuk përputhen"},"emMmiErrorInvalidPin":{"_":"Shtypni një PIN që është nga 4 deri në 8 shifra"},"emMmiErrorNeedsPuk":{"_":"Karta juaj SIM është bllokuar përmes PUK-ut"},"emMmiErrorEnablePin":{"_":"Pa sukses. Aktivizoni SIM/RUIM LOCK"},"emMmiErrorMmiFdn":{"_":"Veprimi kufizohet vetëm mbi numra të fiksuar thirrjesh "},"emMmiErrorStkCcUssdDial":{"_":"Kërkesa USSD është modifikuar në kërkesë DIAL"},"emMmiErrorStkCcUssdSs":{"_":"Kërkesa USSD është modifikuar në kërkesë SS"},"emMmiErrorStkCcUssdUssd":{"_":"Kërkesa USSD është modifikuar në kërkesë USSD të re"},"emMmiErrorStkCcSsDial":{"_":"Kërkesa SS është modifikuar në kërkesë DIAL"},"emMmiErrorStkCcSsUssd":{"_":"Kërkesa SS është modifikuar në kërkesë USSD"},"emMmiErrorStkCcSsSs":{"_":"Kërkesa USSD është modifikuar në kërkesë SS të re"},"emMmiErrorPinPukAttempts":{"_":"{[ plural(n) ]}","_[one]":"Edhe vetëm {{ n }} provë","_[two]":"Edhe {{ n }} prova","_[few]":"Edhe {{ n }} prova","_[many]":"Edhe {{ n }} prova","_[other]":"Edhe {{ n }} prova"},"emMmiErrorSimBlocked":{"_":"U tejkalua numri maksimum i prova. SIM-i u bllokua"},"RadioNotAvailable":{"_":"Nuk kapet radio"},"GenericFailure":{"_":"Gabim i papërcaktuar"},"PasswordIncorrect":{"_":"Fjalëkalim i pasaktë"},"SimPin2":{"_":"SIM PIN2"},"SimPuk2":{"_":"SIM PUK2"},"RequestNotSupported":{"_":"Kërkesë e pambuluar"},"OpNotAllowedDuringVoiceCall":{"_":"Veprim i palejuar gjatë thirrjesh me zë"},"SmsSendFailRetry":{"_":"Dështim dërgimi SMS-je, riprovoni"},"SimAbsent":{"_":"Mungon SIM-i"},"SubscriptionNotAvailable":{"_":"Pajtim jo gati"},"ModeNotSupported":{"_":"Mënyrë e pambuluar"},"FdnCheckFailure":{"_":"Dështim kontrolli Fdn"},"IllegalSimOrMe":{"_":"SIM ose ME e paligjshme"},"DialModifiedToUssd":{"_":"Formim numri i modifikuar në USSD"},"DialModifiedToSs":{"_":"Formim numri i modifikuar në SS"},"DialModifiedToDial":{"_":"Formim numri i modifikuar në formim numri"},"UssdModifiedToDial":{"_":"USSD i modifikuar në formim numri"},"UssdModifiedToSs":{"_":"USSD i modifikuar në SS"},"UssdModifiedToUssd":{"_":"USSD i modifikuar në USSD"},"SsModifiedToDial":{"_":"SS i modifikuar në formim numri"},"SsModifiedToUssd":{"_":"SS i modifikuar në USSD"},"SsModifiedToSs":{"_":"SS i modifikuar në SS"},"SubscriptionNotSupported":{"_":"Pajtim i pambuluar"},"InvalidParameter":{"_":"Parametër i pavlefshëm"},"RejectedByRemote":{"_":"Hedhur tej nga pala e largët"},"group-call":{"_":"{[ plural(n) ]}","_[one]":"Thirrje në grup ({{ n }})","_[two]":"Thirrje në grup ({{ n }})","_[few]":"Thirrje në grup ({{ n }})","_[many]":"Thirrje në grup ({{ n }})","_[other]":"Thirrje në grup ({{ n }})"},"caller-left-call":{"_":"{{ caller }} e ka braktisur thirrjen."},"conferenceAddError":{"_":"Nuk përziehen dot thirrjet"},"conferenceRemoveError":{"_":"Nuk çpërziehen dot thirrjet"},"longDateFormat":{"_":"%A, %e %B"},"select-audio-sources":{"_":"Përzgjidhni burime audio"},"bluetooth-handsfree-device":{"_":"Pajisje Bluetooth handsfree"},"receiver":{"_":"Marrës"},"speaker":{"_":"Altoparlant"},"sim-picker-dial-via-with-number":{"_":"Bjeri {{ phoneNumber }} përmes"},"sim-picker-select-sim":{"_":"Përzgjidhni SIM"},"sim-picker-button":{"_":"SIM{{ n }}"},"sim-picker-button-default":{"_":"(parazgjedhja)"},"waitDuplicateContacts":{"_":"Po shihet për kontakte të përsëritura"},"waitMergingDuplicateContacts":{"_":"Po përzihen në një kontaktet e përsëritura"},"alertNoDuplicateContacts":{"_":"Nuk u gjetën kontakte të përsëritura"},"merge":{"_":"Përzieje"},"mergeDuplicateTitle":{"_":"Përzieni përsëritjet"},"suggestedDuplicateContacts":{"_":"Kontakte të përsëritura të këshilluara për {{name}}"},"mergeActionButtonLabel":{"_":"{[ plural(n) ]}","_[zero]":"Nuk u përzgjodhën kontakte","_[one]":"Përzieje me {{n}} kontakt","_[other]":"Përzieje me {{n}} kontakte"},"duplicatesFoundTitle":{"_":"U gjetën përsëritje"},"duplicatesFoundMessage":{"_":"Të dhëna të përsëritura për {{name}} në kontaktet vijuese"}}