{"brandShortName":{"_":"B2G OS"},"browserBrandShortName":{"_":"Веб прегледач"},"browserBrandFullName":{"_":"Mozilla веб прегледач"},"callAirplaneModeMessage":{"_":"Да бисте обавили позив морате искључити режим рада у авиону."},"callAirplaneModeBtnOk":{"_":"У реду"},"callAirplaneModeTitle":{"_":"Режим рада у авиону је укључен"},"numberIsBusyTitle":{"_":"Број је заузет"},"numberIsBusyMessage":{"_":"Број је тренутно заузет. Молим Вас, покушајте касније."},"fdnIsEnabledTitle":{"_":"FDN active"},"fdnIsEnabledMessage":{"_":"This number is blocked as it is not in your list of authorized numbers."},"voiceMail":{"_":"Говорна пошта"},"emergencyNumber":{"_":"Хитне службе"},"emergencyDialogBodyBadNumber":{"_":"Да бисте обавили позив, телефон мора бити спојен на мрежу."},"emergencyDialogBodyDeviceNotAccepted":{"_":"Мрежа не допушта хитне позиве."},"emergencyDialogBtnOk":{"_":"У реду"},"emergencyDialogTitle":{"_":"Нема мрежне везе"},"invalidNumberToDialTitle":{"_":"Неисправан број телефона"},"invalidNumberToDialMessage":{"_":"Број телефона који зовете није исправан."},"unableToCallTitle":{"_":"Тренутно није могуће обавити позив"},"unableToCallMessage":{"_":"Није могуће остварити позив. Уколико већ зовете, молимо Вас прекинете везу."},"otherConnectionInUseTitle":{"_":"Друга веза је у употреби"},"otherConnectionInUseMessage":{"_":"Имате активан позив на другој вези. Можете само да користите једну везу у исто време."},"add":{"_":"Додај"},"back":{"_":"Back"},"call":{"_":"Позови"},"edit":{"_":"Измени"},"cancel":{"_":"Откажи"},"done":{"_":"Завршено"},"ok":{"_":"У реду"},"update":{"_":"Update"},"retry":{"_":"Покушај поново"},"contacts":{"_":"Контакти"},"addContact":{"_":"Додај контакт"},"deleteContact":{"_":"Обриши контакт"},"selectContact":{"_":"Одабери контакт"},"selectAll":{"_":"Select all"},"deselectAll":{"_":"Deselect all"},"editContact":{"_":"Измени"},"deleteConfirmMsg":{"_":"Обрисати контакт?"},"remove":{"_":"Обриши"},"comments":{"_":"Коментари"},"no_contact_phones":{"_":"Овај контакт нема број телефона"},"no_contact_email":{"_":"Овај контакт нема адресу е-поште"},"removePhotoConfirm":{"_":"Уклони слику контакта?"},"loadingContacts":{"_":"Учитавање контаката…"},"noContactsActivity":{"_":"Немогуће је додати контакта јер је Ваша листа контаката празна"},"noName":{"_":"Без имена"},"givenName":{"placeholder":"Име"},"familyName":{"placeholder":"Презиме"},"tel":{"placeholder":"Број"},"carrier":{"_":"Оператер","placeholder":"Оператер"},"separator":{"_":","},"email":{"_":"Е-пошта","placeholder":"Е-пошта"},"streetAddress":{"placeholder":"Улица"},"postalCode":{"placeholder":"ПТТ"},"locality":{"placeholder":"Град"},"countryName":{"placeholder":"Држава"},"comment":{"placeholder":"Коментар"},"org":{"placeholder":"Компанија"},"custom":{"placeholder":"Посебно","_":"Посебна ознака"},"date":{"_":"Датум","placeholder":"Датум"},"birthday":{"_":"Рођендан"},"dateFormat":{"_":"%e %B"},"dateOutput":{"_":"{{dayMonthFormatted}} {{year}}"},"anniversary":{"_":"Годишњица"},"addPhoto":{"_":"Додај слику"},"addPhone":{"_":"Додај телефон"},"addEmail":{"_":"Додај е-пошту"},"addAddress":{"_":"Додај адресу"},"addDate":{"_":"Додај датум"},"addComment":{"_":"Додај коментар"},"addFavorite":{"_":"Додај као омиљеног"},"removeFavorite":{"_":"Уклони из омиљених"},"label":{"_":"Наслов"},"mobile":{"_":"Мобилни"},"home":{"_":"Кућни"},"work":{"_":"Пословни"},"personal":{"_":"Лични"},"faxHome":{"_":"Кућни факс"},"faxOffice":{"_":"Факс у канцеларији"},"faxOther":{"_":"Други факсови"},"another":{"_":"Друго"},"other":{"_":"Остало"},"current":{"_":"Тренутна адреса"},"itemWithLabel":{"_":"{{label}}, {{item}}"},"exit":{"_":"Излаз"},"expand":{"_":"Прошири"},"labelName":{"_":"Име:"},"labelLastName":{"_":"Презиме:"},"labelPhoneNumber":{"_":"Телефон:"},"labelCarrier":{"_":"Мрежа:"},"labelEmail":{"_":"Е-пошта:"},"labelStreet":{"_":"Адреса:"},"labelZip":{"_":"ПТТ:"},"labelCity":{"_":"Град:"},"labelCountry":{"_":"Држава:"},"labelComment":{"_":"Коментар:"},"legendTitleMain":{"_":"Главне информације"},"legendPhones":{"_":"Бројеви телефона"},"legendEmail":{"_":"Адресе е-поште"},"legendAddress":{"_":"Адреса"},"settings":{"_":"Поставке"},"search-contact":{"placeholder":"Search"},"noResults":{"_":"No contacts found"},"transferContactsTitle":{"_":"Пренос контаката"},"importContactsTitle":{"_":"Увези контакте"},"importContactsButton":{"_":"Увези контакте"},"exportContactsTitle":{"_":"Извоз контаката"},"exportContactsButton":{"_":"Извоз контаката"},"exportContactsAction":{"_":"Извоз"},"simExport-title":{"_":"Извези на SIM"},"sdExport-title":{"_":"Извези на SD картицу"},"btExport-title":{"_":"Извези преко bluetooth-а"},"sdUMSEnabled":{"_":"SD картица се не може користити јер је USB омогућен"},"exportErrorTitle":{"_":"Грешка у извозу"},"contactsExported2":{"_":"{[ plural(exported) ]}","_[zero]":"Ни један контакт није извезен","_[one]":"{{exported}}/{{total}} контакт је извезен","_[two]":"{{exported}}/{{total}} контакта су извезена","_[few]":"{{exported}}/{{total}} конатаката је извезено","_[many]":"{{exported}}/{{total}} конатаката је извезено","_[other]":"{{exported}}/{{total}} конатаката је извезено"},"exportError-general":{"_":"Десила се грешка током извоза"},"exportError-SD-shared":{"_":"Не може се приступити меморијској картици јер је подељена"},"exportError-SD-unavailable":{"_":"Меморијска картица није доступна"},"exportError-SD-noSpace":{"_":"Нема довољно простора на меморијској картици да би се извезли контакти"},"exportError-SIM-unavailable":{"_":"SIM картица није доступна"},"exportError-BT-shared":{"_":"Не може се приступити меморијској картици јер је подељена"},"exportError-BT-unavailable":{"_":"Меморијска картица није доступна"},"exportError-BT-noSpace":{"_":"Нема довољно простора на меморијској картици да би се извезли контакти"},"simContacts-import":{"_":"Увезите контакте са SIM картице"},"simContacts-importing":{"_":"Увожење контаката са SIM картице…"},"simContacts-reading":{"_":"Читање са SIM картице…"},"simContacts-error":{"_":"Немогуће је увести контакте са SIM картице"},"simContacts-imported3":{"_":"{[ plural(n) ]}","_[zero]":"Ни један контакт није нађен на SIM картици","_[one]":"Увежен је један контакт","_[two]":"Увежена су {{n}} контакта","_[few]":"Увежено је {{n}} контаката","_[many]":"Увежено је {{n}} контаката","_[other]":"Увежено је {{n}} контаката"},"noSimMsg":{"_":"To import contacts insert or unlock your SIM card"},"noSimMsgExport":{"_":"Да бисте извезли контакте, уметните или откључајте SIM картицу"},"simNumber":{"_":"SIM {{number}}"},"memoryCardContacts-import":{"_":"Увоз контаката са меморијске картице"},"memoryCardContacts-importing":{"_":"Увоз контаката са меморијске картице…"},"memoryCardContacts-reading":{"_":"Читам са меморијске картице…"},"memoryCardContacts-error":{"_":"Није могуће увести контакте са меморијске картице"},"memoryCardContacts-imported3":{"_":"{[ plural(n) ]}","_[zero]":"Нису пронађени контакти на меморијској картици","_[one]":"Увезен један контакт","_[two]":"Увезена {{n}} контакта","_[few]":"Увезено {{n}} контаката","_[many]":"Увезено {{n}} контаката","_[other]":"Увезено {{n}} контаката"},"noMemoryCardMsg":{"_":"To import contacts insert a memory card"},"noMemoryCardMsgExport":{"_":"Да бисте извезли контакте, уметните меморијску картицу"},"genericProgress":{"_":"{{current}}/{{total}}"},"social-network":{"_":"Друштвене мреже"},"social-link":{"_":"Повежи контакт"},"social-unlink":{"_":"Уклони везу контакта"},"social-unlink-confirm-title":{"_":"Да ли желите да уклоните везу са пријатељем?"},"social-unlink-confirm-accept":{"_":"Уклони везу"},"facebook-import":{"_":"Увези пријатеље са Facebook-a"},"show-fb-profile":{"_":"Погледај профил на Fаcebook-у"},"msg-send":{"_":"Порука"},"wall-post":{"_":"Објава на зиду"},"facebook":{"_":"Facebook"},"facebook-import-msg":{"_":"{[ plural(imported) ]}","_[zero]":"0 увежено (од укупно {{total}})","_[one]":"1 увежен (од укупно {{total}})","_[two]":"{{imported}}/{{total}} увежена","_[few]":"{{imported}}/{{total}} увеженo","_[many]":"{{imported}}/{{total}} увежено","_[other]":"{{imported}}/{{total}} увежено"},"otherAccount":{"_":"Други налози"},"facebookSwitchMsg":{"_":"Синх. пријатеље"},"select_mobile":{"_":"Одаберите мобилни"},"select_email":{"_":"Одаберите адресу е-поште"},"contactsOrderBy":{"_":"Поређај по презимену"},"importSim2":{"_":"SIM картица"},"importMemoryCard":{"_":"Memory card"},"importGmail":{"_":"Gmail"},"bluetooth":{"_":"Bluetooth"},"importOutlook":{"_":"Outlook"},"fbUpdateFriends":{"_":"Ажурирај увежене пријатеље"},"cleaningFbData":{"_":"Уклањање података са Facebook-a"},"loggingOutFb":{"_":"Одјављивање са Facebook-a"},"cleanFbConfirmMsg":{"_":"Уклонити све податке са Facebook-a?"},"renewPwdMsg":{"_":"Ваша лозинка на Facebook-у је промењена. Молим Вас, ажурирајте је."},"noConnection11":{"_":"To import Facebook friends or contacts connect to Wi-Fi or data network"},"notEnabledYet":{"_":"Још није омогућено"},"genericNoConnection":{"_":"Да бисте извезли контакте, повежите се на Wi-Fi или на мрежу за пренос података"},"simCard":{"_":"SIM картица"},"memoryCard":{"_":"Меморијска картица"},"create-new":{"_":"Направите нови контакт"},"import-now":{"_":"Увезите своје контакте са SIM картице или Facebook-a"},"no-contacts":{"_":"Нема контаката"},"start-adding":{"_":"Почните да их додајете"},"notImported":{"_":"Није увезено"},"imported":{"_":"Увезено"},"today":{"_":"Данас"},"yesterday":{"_":"Јуче"},"messageCanceling":{"_":"Please hold on. We are canceling the ongoing operation."},"organise-contacts":{"_":"Организуј контакте"},"find-merge-contacts":{"_":"Нађи дупликате контаката"},"preparing-contacts":{"_":"Припремам контакте"},"exportError-SIM-NoFreeRecordFound":{"_":"SIM картица је пуна"},"exportError-SIM-CannotAccessPhoneBook":{"_":"Не могу да приступим именику SIM картице"},"exportError-SIM-Unavailable":{"_":"SIM картица није пронађена"},"exportError-SIM-GenericError":{"_":"Грешка при извозу контакта"},"date-span-placeholder":{"_":"Датум"},"ContactManagementTitle":{"_":"Управљање контактима"},"DeleteTitle":{"_":"Избриши"},"bulkDeleteButton":{"_":"Избриши контакте"},"BulkDelCancel":{"_":"Брисање контаката отказано"},"DeletedTxt":{"_":"{[ plural(n) ]}","_[zero]":"Нема контаката за брисање","_[one]":"1 контакт обрисан","_[two]":"{{n}} контакта обрисана","_[few]":"{{n}} контаката обрисано","_[many]":"{{n}} контаката обрисано","_[other]":"{{n}} контаката обрисано"},"DeletingContacts":{"_":"Бришем контакте"},"ContactConfirmDel":{"_":"{[ plural(n) ]}","_[zero]":"Нема контаката за брисање","_[one]":"Избрисати 1 контакт? Ово се не може поништити.","_[two]":"Избрисати {{n}} контакта? Ово се не може поништити.","_[few]":"Избрисати {{n}} контаката? Ово се не може поништити.","_[many]":"Избрисати {{n}} контаката? Ово се не може поништити.","_[other]":"Избрисати {{n}} контаката? Ово се не може поништити."},"SelectedTxt":{"_":"{[ plural(n) ]}","_[zero]":"Контакти","_[one]":"{{n}} одабран","_[two]":"{{n}} одабрана","_[few]":"{{n}} одабрано","_[many]":"{{n}} одабрано","_[other]":"{{n}} одабрано"},"fdnIsActiveTitle":{"_":"FDN активан"},"fdnIsActiveMessage":{"_":"FDN је активан а следећи број није у Вашој FDN листи: {{ number }}"},"pincode2":{"_":"Упишите PIN"},"type_pin":{"_":"Упишите свој PIN"},"pincodeLabel":{"_":"SIM {{n}} PIN"},"pinValidation":{"_":"PIN мора имати између 4 и 8 карактера."},"pinError":{"_":"Неисправан PIN код."},"pinAttemptMsg2":{"_":"{[ plural(n) ]}","_[one]":"Последњи покушај.","_[two]":"{{n}} преостала покушаја.","_[few]":"{{n}} преосталих покушаја.","_[many]":"{{n}} преосталих покушаја.","_[other]":"{{n}} преосталих покушаја."},"pinLastChanceMsg":{"_":"Ово Вам је последња шанса да унесете исправан PIN. У супротном, морате унети PUK код да бисте користили SIM картицу."},"pukcode":{"_":"Унесите PUK код"},"pukcodeTitle":{"_":"Упишите SIM {{n}} PUK"},"pukcodeLabel":{"_":"SIM {{n}} PUK"},"type_puk":{"_":"PUK код"},"pukValidation":{"_":"PUK код мора имати тачно 8 карактера."},"pukInfo":{"_":"Морате унети лични кључ за откључавање (PUK) за SIM картицу. Прочитајте пропратну документацију или контактирајте мрежног оператера за више информација."},"pukError":{"_":"PUK је неисправан."},"pukAttemptMsg2":{"_":"{[ plural(n) ]}","_[one]":"Имате још један покушај да унесете исправан код пре него што SIM картица буде трајно неупотребљива. Прочитајте пропратну документацију или контактирајте мрежног оператера за више информација.","_[two]":"Имате још {{n}} покушаја да унесете исправан код пре него што SIM картица буде трајно неупотребљива. Прочитајте пропратну документацију или контактирајте мрежног оператера за више информација.","_[few]":"Имате још {{n}} покушаја да унесете исправан код пре него што SIM картица буде трајно неупотребљива. Прочитајте пропратну документацију или контактирајте мрежног оператера за више информација.","_[many]":"Имате још {{n}} покушаја да унесете исправан код пре него што SIM картица буде трајно неупотребљива. Прочитајте пропратну документацију или контактирајте мрежног оператера за више информација.","_[other]":"Имате још {{n}} покушаја да унесете исправан код пре него што SIM картица буде трајно неупотребљива. Прочитајте пропратну документацију или контактирајте мрежног оператера за више информација."},"pukLastChanceMsg":{"_":"Ово је Ваша последња шанса за унос исправног PUK кода. Ваша SIM картица ће бити заувек неупотребљива ако још једном унесете погрешан PUK код."},"create_newpin":{"_":"Направите нови PIN (4-8 бројева)"},"confirm_newpin":{"_":"Потврдите нови PIN"},"newpinConfirmation":{"_":"PIN кодови нису исти"},"nckcode":{"_":"Унесите NCK код"},"cckcode":{"_":"Унесите CCK код"},"spckcode":{"_":"Унесите SPCK код"},"nckcodeTitle":{"_":"Унесите SIM {{n}} NCK"},"cckcodeTitle":{"_":"Унесите SIM {{n}} CCK"},"spckcodeTitle":{"_":"Унесите SIM {{n}} SPCK"},"nckcodeLabel":{"_":"SIM {{n}} NCK"},"cckcodeLabel":{"_":"SIM {{n}} CCK"},"spckcodeLabel":{"_":"SIM {{n}} SPCK"},"type_nck":{"_":"Упишите свој NCK код"},"type_cck":{"_":"Упишите свој CCK код"},"type_spck":{"_":"Упишите свој SPCK код"},"nckValidation":{"_":"NCK код мора имати између 8 и 16 карактера."},"cckValidation":{"_":"CCK код мора имати између 8 и 16 карактера."},"spckValidation":{"_":"SPCK код мора имати између 8 и 16 карактера."},"nckErrorMsg":{"_":"Неисправан NCK код."},"nckAttemptMsg2":{"_":"{[ plural(n) ]}","_[one]":"Захтев за откључавање телефона није успешан. Имате још један покушај да унесете исправан код. Прочитајте пропратну документацију или контактирајте мрежног оператера за више информација.","_[two]":"Захтев за откључавање телефона није успешан. Имате још {{n}} покушаја да унесете исправан код. Прочитајте пропратну документацију или контактирајте мрежног оператера за више информација.","_[few]":"Захтев за откључавање телефона није успешан. Имате још {{n}} покушаја да унесете исправан код. Прочитајте пропратну документацију или контактирајте мрежног оператера за више информација.","_[many]":"Захтев за откључавање телефона није успешан. Имате још {{n}} покушаја да унесете исправан код. Прочитајте пропратну документацију или контактирајте мрежног оператера за више информација.","_[other]":"Захтев за откључавање телефона није успешан. Имате још {{n}} покушаја да унесете исправан код. Прочитајте пропратну документацију или контактирајте мрежног оператера за више информација."},"nckLastChanceMsg":{"_":"Захтев за откључавање телефона није успешан. Ово је последња шанса да унесете исправан NCK код. Прочитајте пропратну документацију или контактирајте мрежног оператера за више информација."},"skip":{"_":"Прескочи"},"send":{"_":"Пошаљи"},"simLocked":{"_":"SIM картица је закључана"},"inputCodeRetriesLeft":{"_":"{[ plural(n) ]}","_[one]":"последњи покушај.","_[two]":"преостало {{n}} покушаја.","_[few]":"преостало {{n}} покушаја.","_[many]":"преостало {{n}} покушаја.","_[other]":"преостало {{n}} покушаја."},"simManager":{"_":"SIM управљач"},"simDetail":{"_":"SIM {{n}}"},"simDefault":{"_":"(подрзумевана)"},"simDefaultMessage":{"_":"Одлазни позиви, одлазне поруке и везе података су по подразумеваном постављени на SIM 1"},"simSettingsMessage":{"_":"Можете променити подразумеванa подешања: Поставке > Управљач SIM картицама "},"simPinLocked":{"_":"SIM PIN закључан"},"noOperator":{"_":"Нема оператера"},"language":{"_":"Језик"},"english":{"_":"Енглески"},"dvorak":{"_":"Енглески(Dvorak)"},"spanish":{"_":"Шпански"},"portuguese":{"_":"Португалски(Бразил)"},"french":{"_":"Француски"},"italian":{"_":"Италијански"},"arabic":{"_":"Арапски"},"greek":{"_":"Грчки"},"hebrew":{"_":"Јеврејски"},"jp-kanji":{"_":"Јапански"},"jp-kanji-desc":{"_":"Канџи"},"traditionalChinese":{"_":"Традиционални кинески"},"traditionalChinese-desc":{"_":"Џујин"},"simplifiedChinese":{"_":"Упрошћен кинески"},"simplifiedChinese-desc":{"_":"Пинјин"},"3g":{"_":"Мобилни подаци"},"dataConnection":{"_":"Пренос података"},"dataConnectionInfo":{"_":"Омогућавање преноса података ће Вам омогућити да подесите свој телефон без Wi-Fi мреже. Можете је омогућити и касније у поставкама. Само се постарајте да имате добар пакет услуга са својим мрежним оператером како бисте избегли плаћање високих накнада."},"caution":{"_":"Упозорење"},"geolocation":{"_":"Геолокација"},"geolocationCheckbox":{"_":"Геолокација"},"geolocationInfo2":{"_":"{{brandShortName}} користи податке мобилне мреже, GPS и Wi-Fi податке како би открили Вашу локацију."},"geolocationInfoMore":{"_":"Подаци се шаљу Mozilla фондацији и осталим пружаоцима ових услуга и биће коришћени за употпуњавање базе података о локацијама. Подаци могу бити смештени на Вашем уређају и могу бити послати чак иако ни једна апликација није покренута."},"notice":{"_":"Обавештење"},"aboutYourPrivacy":{"_":"Више о Вашој приватности"},"wifi":{"_":"Wi-Fi"},"scanningNetworks":{"_":"Тражим мреже"},"selectNetwork":{"_":"Одаберите мрежу"},"shortStatus-connecting":{"_":"Повезивање…"},"shortStatus-associated":{"_":"Добављање IP адресе…"},"shortStatus-connected":{"_":"Повезано"},"shortStatus-connectingfailed":{"_":"Повезивањe није успело"},"shortStatus-disconnected":{"_":"Ван мреже"},"securedBy":{"_":"осигурано од стране {{capabilities}}"},"security":{"_":"Сигурност"},"securityNone":{"_":"Ништа"},"securityWEP":{"_":"WEP"},"securityWPA-PSK":{"_":"WPA-PSK"},"securityWPA-EAP":{"_":"WPA-EAP"},"securityOpen":{"_":"Отворено"},"identity":{"_":"Корисник"},"identityInput":{"placeholder":"Корисник"},"password":{"_":"Лозинка"},"passwordInput":{"placeholder":"Лозинка"},"showPassword":{"_":"Прикажи лозинку"},"refresh":{"_":"Освежи"},"noWifiFound3":{"_":"Ни једна бежична мрежа није нађена"},"join-hidden-button":{"_":"Скривена мрежа"},"authentication":{"_":"Аутентификација"},"ssid-name":{"_":"SSID назив мреже"},"dateAndTime":{"_":"Датум и време"},"setTimeAutomatically":{"_":"Постави аутоматски"},"timezoneMessage":{"_":"Временска зона"},"timezoneTitle":{"_":"UTC{{utcOffset}} {{region}}/{{city}}"},"dateMessage":{"_":"Датум"},"timeMessage":{"_":"Време"},"timeZone":{"_":"Временска зона"},"change":{"_":"Промени"},"importContacts3":{"_":"Увези контакте"},"importFb2":{"_":"Facebook-а"},"fb-checking":{"_":"… провера"},"notImportedYet":{"_":"Још нису увезени"},"afterFbImport":{"_":"У поставкама контаката можете у било којем тренутку увести и уредити своје Facebook пријатеље"},"about-your-rights-0":{"_":"{{brandShortName}} је направљен од стране хиљада људи из глобалне заједнице. Неколико ствари би требало да знате:"},"about-your-rights-1":{"_":"{{brandShortName}} је доступан под условима неколико отворених лиценци укључујући јавну лиценцу Mozilla фондацијe. Уређај који покреће {{brandShortName}} такође може садржати софтвер који је власништво трећих лица. Сав код који је под отвореним лиценцама Вам даје за право да измените изворни код и прослеђујете своју модификовану верзију истог док год се придржавате услова лиценци."},"about-your-rights-2":{"_":"Нису Вам одобрена било каква права или лиценце које се односе на заштитни знак Mozilla фондације или трећих лица, укључујући {{brandShortName}} назив или логотип."},"about-your-rights-3":{"_":"Неке могућности програма {{brandShortName}}, као што је извештач о грешкама, Вам пружају могућност да пошаљете повратне информације Mozilla фондацији. Ако одлучите да пошаљете повратне информације, тиме дајете Mozilla фондацији дозволу да користи те информације у циљу побољшања својих производа, да објави те информације на свом сајту као и да их дели."},"about-other":{"_":"Остало"},"SIM_mandatory":{"_":"Упозорење SIM картице"},"SIM_mandatory_warm":{"_":"Молим Вас, уметните SIM картицу и поново покрените телефон."},"sharing-performance-data":{"_":"Дељење података о перформансама"},"telemetry-sends":{"_":"Телеметрија шаље Mozilla фондацији информације о перформансама, хардверу, конфигурацији и подешавањима Вашег {{brandShortName}} уређаја. Ове информације користимо да бисмо унапредили наше производе, учинили их бржим и ефикаснијим."},"learn-more-at":{"_":"Learn more at"},"external-telemetry":{"title":"Telemetry"},"learn-about-information":{"_":"Learn how Mozilla handles your information at"},"external-privacy":{"title":"Privacy"},"welcomeBrowser":{"_":"Добродошли у {{brandShortName}}, бесплатан оперативни систем отвореног кода. Наша мисија је промовисање отворености, иновација и могућности тако што остављамо сву моћ веба у Вашим рукама."},"learnHow":{"_":"Learn how Mozilla handles your information in our"},"privacyPolicy":{"_":"privacy policy","title":"Privacy policy"},"aboutBrowser":{"_":"О {{brandShortName}}"},"aboutYourPrivacy2":{"_":"Ваша приватност"},"mozillaCommunity2":{"_":"Када користите {{brandShortName}}, постајете део глобалне заједнице која помаже у изградњи светлије будућности веба. Ако желите да сазнате више о Mozilla заједници, нашим пројектима и догађајима близу Вас, молимo Вас унесите адресу своје е-поште у поље испод."},"collaborate":{"_":"Желим да помогнем да се побољша {{brandShortName}} тако што ћу поделити податке о свом телефону."},"learnMore":{"_":"Сазнајте више."},"emailAddress":{"placeholder":"Адреса е-поште"},"email-successfully-added":{"_":"Адреса је успешно додата"},"email-loading":{"_":"Памћење Ваше е-поште…"},"browserPrivacyChoices":{"_":"{{brandShortName}} опције приватности"},"privacy-b2g":{"_":"{{brandShortName}}","title":"{{brandShortName}}"},"privacy-marketplace":{"_":"Marketplace","title":"{{privacy-marketplace}}"},"privacy-e-me":{"_":"everything.me","title":"{{privacy-e-me}}"},"navbar-back":{"_":"Назад"},"navbar-next":{"_":"Следеће"},"navbar-join":{"_":"Прикључи се"},"thatsIt":{"_":"То је то!"},"startYourPhone":{"_":"Упознајте се са телефоном!"},"startYourTablet":{"_":"Започните водич за Ваш таблет!"},"joinTutorial":{"_":"Погледајте брзо упутство за Ваш нов телефон."},"enjoyYourPhone":{"_":"Спремни сте да уживате користећи свој нов телефон."},"optionsAvailable":{"_":"У поставкама можете променити језик, датум/време и Wi-Fi."},"letsGo":{"_":"Идемо"},"startTour":{"_":"Започни водич"},"thatsIt1Tablet-2":{"_":"Увек можете да превучете са доње ивице да бисте дошли на почетни екран."},"thatsIt2Tablet-2":{"_":"Хајде да то урадимо!"},"tutorial-step1-tiny":{"_":"Превуците прстом са десне на леву страну да бисте прегледали апликације."},"tutorial-step2-tiny":{"_":"Притисните и држите прстом неку иконицу апликације да бисте је избрисали или померили."},"tutorial-step3-tiny":{"_":"Унесите било коју кључну реч или тему и Ваш телефон ће се одмах прилагодити."},"tutorial-step4-tiny":{"_":"Превуците прстом на доле да бисте приступили скоријим обавештењима, информацијама о кредиту и поставкама."},"tutorial-step5-tiny":{"_":"Притисните и држите прстом дугме за почетни екран да бисте прегледали скоро коришћене апликације."},"tutorial-step6-tiny":{"_":"Превуците прстом од стране екрана да бисте се кретали између активних апликација."},"tutorial-step1-large-2":{"_":"Превуците прстом на доле да бисте приступили скоријим обавештењима, информацијама о кредиту и поставкама."},"tutorial-step2-large-2":{"_":"Превуците прстом лево или десно да бисте открили нове апликације на почетном екрану."},"tutorial-step3-large-2":{"_":"Притисните и држите прстом неку иконицу апликације да бисте је избрисали или померили."},"tutorial-step4-large-2":{"_":"Превуците са два прста од доле да бисте активирали приказ картице."},"offline-dialog-title":{"_":"Морате бити повезани на интернет да бисте видели страницу."},"offline-dialog-text":{"_":"Молим Вас повежите се на интернет. Ову страницу можете такође погледати касније из менија поставки или ако унесете адресу {{url}} у било који прегледач интернета."},"OK":{"_":"У реду"},"offline-newsletter-dialog-title":{"_":"Морате бити повезани на интернет да бисте се пријавили на билтен."},"offline-newsletter-dialog-text":{"_":"Молим Вас повежите се на интернет."},"invalid-email-dialog-title":{"_":"Адреса Ваше е-поште није исправна"},"invalid-email-dialog-text":{"_":"Молим Вас вратите се и исправите унос."},"nck1code":{"_":"Унесите NCK1 код"},"nck2code":{"_":"Унесите NCK2 код"},"hnckcode":{"_":"Унесите HNCK код"},"rcckcode":{"_":"Унесите RCCK код"},"rspckcode":{"_":"Унесите RSPCK код"},"nck1codeTitle":{"_":"Унесите SIM {{n}} NCK1"},"nck2codeTitle":{"_":"Унесите SIM {{n}} NCK2"},"hnckcodeTitle":{"_":"Унесите SIM {{n}} HNCK"},"rcckcodeTitle":{"_":"Унесите SIM {{n}} RCCK"},"rspckcodeTitle":{"_":"Унесите SIM {{n}} RSPCK"},"nck1codeLabel":{"_":"SIM {{n}} NCK1"},"nck2codeLabel":{"_":"SIM {{n}} NCK2"},"hnckcodeLabel":{"_":"SIM {{n}} HNCK"},"rcckcodeLabel":{"_":"SIM {{n}} RCCK"},"rspckcodeLabel":{"_":"SIM {{n}} RSPCK"},"type_nck1":{"_":"Упишите свој NCK1 код"},"type_nck2":{"_":"Упишите свој NCK2 код"},"type_hnck":{"_":"Упишите свој HNCK код"},"type_rcck":{"_":"Упишите свој RCCK код"},"type_rspck":{"_":"Упишите свој RSPCK код"},"nck1Validation":{"_":"NCK1 код мора имати између 8 и 16 карактера."},"nck2Validation":{"_":"NCK2 код мора имати између 8 и 16 карактера."},"hnckValidation":{"_":"HNCK код мора имати између 8 и 16 карактера."},"rcckValidation":{"_":"RCCK код мора имати између 8 и 16 карактера."},"rspckValidation":{"_":"RSPCK код мора имати између 8 и 16 карактера."},"firefox-accounts":{"_":"Firefox налози"},"fxa-overview":{"innerHTML":"Firefox налог Вам дозвољава да користите могућности као што су Нађи мој уређај и апликације у Firefox Marketplace-у."},"fxa-create-account-or-sign-in":{"_":"Направи налог или се пријави"},"fxa-email-sent":{"_":"Верификациона веза је послата на е-пошту {{email}}"},"learn-more-telemetry":{"innerHTML":"Сазнајте више на {{link}}"},"learn-more-information":{"innerHTML":"Сазнајте како Mozilla рукује са информацијама на {{link}}"},"learn-more-privacy":{"innerHTML":"Сазнајте како Mozilla рукује са информацијама на {{link}}."},"learn-more-privacy-link":{"_":"полиса приватности"},"weekday-0-long":{"_":"Недеља"},"weekday-1-long":{"_":"Понедељак"},"weekday-2-long":{"_":"Уторак"},"weekday-3-long":{"_":"Среда"},"weekday-4-long":{"_":"Четвртак"},"weekday-5-long":{"_":"Петак"},"weekday-6-long":{"_":"Субота"},"weekday-0-short":{"_":"Нед"},"weekday-1-short":{"_":"Пон"},"weekday-2-short":{"_":"Уто"},"weekday-3-short":{"_":"Сре"},"weekday-4-short":{"_":"Чет"},"weekday-5-short":{"_":"Пет"},"weekday-6-short":{"_":"Суб"},"month-0-long":{"_":"јануар"},"month-1-long":{"_":"фебруар"},"month-2-long":{"_":"март"},"month-3-long":{"_":"април"},"month-4-long":{"_":"мај"},"month-5-long":{"_":"јун"},"month-6-long":{"_":"јул"},"month-7-long":{"_":"август"},"month-8-long":{"_":"септембар"},"month-9-long":{"_":"октобар"},"month-10-long":{"_":"новембар"},"month-11-long":{"_":"децембар"},"month-0-genitive":{"_":"јануара"},"month-1-genitive":{"_":"фебруара"},"month-2-genitive":{"_":"марта"},"month-3-genitive":{"_":"априла"},"month-4-genitive":{"_":"маја"},"month-5-genitive":{"_":"јуна"},"month-6-genitive":{"_":"јула"},"month-7-genitive":{"_":"августа"},"month-8-genitive":{"_":"септембра"},"month-9-genitive":{"_":"октобра"},"month-10-genitive":{"_":"новембра"},"month-11-genitive":{"_":"децембра"},"month-0-short":{"_":"јан"},"month-1-short":{"_":"феб"},"month-2-short":{"_":"мар"},"month-3-short":{"_":"апр"},"month-4-short":{"_":"мај"},"month-5-short":{"_":"јун"},"month-6-short":{"_":"јул"},"month-7-short":{"_":"авг"},"month-8-short":{"_":"сеп"},"month-9-short":{"_":"окт"},"month-10-short":{"_":"нов"},"month-11-short":{"_":"дец"},"minutes-ago-long":{"_":"{[ plural(value) ]}","_[zero]":"управо","_[one]":"пре минут","_[two]":"пре {{value}} минута","_[few]":"пре {{value}} минута","_[many]":"пре {{value}} минута","_[other]":"пре {{value}} минута"},"hours-ago-long":{"_":"{[ plural(value) ]}","_[zero]":"управо","_[one]":"пре сат времена","_[two]":"пре {{value}} сата","_[few]":"пре {{value}} сати","_[many]":"пре {{value}} сати","_[other]":"пре {{value}} сати"},"days-ago-long":{"_":"{[ plural(value) ]}","_[zero]":"данас","_[one]":"јуче","_[two]":"пре {{value}} дана","_[few]":"пре {{value}} дана","_[many]":"пре {{value}} дана","_[other]":"пре {{value}} дана"},"weeks-ago-long":{"_":"{[ plural(value) ]}","_[zero]":"ове недеље","_[one]":"прошле недеље","_[two]":"пре {{value}} недеље","_[few]":"пре {{value}} недеља","_[many]":"пре {{value}} недеља","_[other]":"пре {{value}} недеља"},"months-ago-long":{"_":"{[ plural(value) ]}","_[zero]":"овог месеца","_[one]":"прошлог месеца","_[two]":"пре {{value}} месеца","_[few]":"пре {{value}} месеци","_[many]":"пре {{value}} месеци","_[other]":"пре {{value}} месеци"},"years-ago-long":{"_":"{[ plural(value) ]}","_[zero]":"ове године","_[one]":"прошле године","_[two]":"пре {{value}} године","_[few]":"пре {{value}} година","_[many]":"пре {{value}} година","_[other]":"пре {{value}} година"},"minutes-until-long":{"_":"{[ plural(value) ]}","_[zero]":"управо","_[one]":"за један минут","_[two]":"за {{value}} минута","_[few]":"за {{value}} минута","_[many]":"за {{value}} минута","_[other]":"за {{value}} минута"},"hours-until-long":{"_":"{[ plural(value) ]}","_[zero]":"управо","_[one]":"за сат времена","_[two]":"за {{value}} сата","_[few]":"за {{value}} сати","_[many]":"за {{value}} сати","_[other]":"за {{value}} сати"},"days-until-long":{"_":"{[ plural(value) ]}","_[zero]":"данас","_[one]":"сутра","_[two]":"за {{value}} дана","_[few]":"за {{value}} дана","_[many]":"за {{value}} дана","_[other]":"за {{value}} дана"},"weeks-until-long":{"_":"{[ plural(value) ]}","_[zero]":"ове недеље","_[one]":"следеће недеље","_[two]":"за {{value}} недеље","_[few]":"за {{value}} недеља","_[many]":"за {{value}} недеља","_[other]":"за {{value}} недеља"},"months-until-long":{"_":"{[ plural(value) ]}","_[zero]":"овог месеца","_[one]":"следећег месеца","_[two]":"за {{value}} месеца","_[few]":"за {{value}} месеци","_[many]":"за {{value}} месеци","_[other]":"за {{value}} месеци"},"years-until-long":{"_":"{[ plural(value) ]}","_[zero]":"ове године","_[one]":"следеће године","_[two]":"за {{value}} године","_[few]":"за {{value}} година","_[many]":"за {{value}} година","_[other]":"за {{value}} година"},"minutes-ago-short":{"_":"{[ plural(value) ]}","_[zero]":"управо","_[other]":"пре {{value}}м"},"hours-ago-short":{"_":"{[ plural(value) ]}","_[zero]":"управо","_[other]":"пре {{value}}с"},"days-ago-short":{"_":"{[ plural(value) ]}","_[zero]":"данас","_[other]":"пре {{value}}д"},"minutes-until-short":{"_":"{[ plural(value) ]}","_[zero]":"управо","_[other]":"за {{value}}м"},"hours-until-short":{"_":"{[ plural(value) ]}","_[zero]":"управо","_[other]":"за {{value}}с"},"days-until-short":{"_":"{[ plural(value) ]}","_[zero]":"данас","_[other]":"за {{value}}д"},"incorrectDate":{"_":"(нетачан датум)"},"dateTimeFormat_%c":{"_":"%a %e %b %Y %H:%M:%S"},"dateTimeFormat_%x":{"_":"%d.%m.%Y"},"dateTimeFormat_%X":{"_":"%H:%M:%S"},"shortTimeFormat":{"_":"%H:%M"},"shortDateTimeFormat":{"_":"%x %H:%M"},"weekStartsOnMonday":{"_":"1"},"time_am":{"_":"AM"},"time_pm":{"_":"PM"},"tz-region":{"_":"Регион"},"tz-city":{"_":"Град"},"tzRegion-Africa":{"_":"Африка"},"tzRegion-America":{"_":"Америка"},"tzRegion-Antarctica":{"_":"Антарктик"},"tzRegion-Asia":{"_":"Азија"},"tzRegion-Atlantic":{"_":"Атлантски океан"},"tzRegion-Australia":{"_":"Аустралија"},"tzRegion-Europe":{"_":"Европа"},"tzRegion-Indian":{"_":"Индијски океан"},"tzRegion-Pacific":{"_":"Пацифик"},"close":{"_":"Close"},"import":{"_":"Import"},"fbFriends":{"_":"Facebook Friends"},"live-serviceName":{"_":"Outlook"},"gmail-serviceName":{"_":"Gmail"},"facebook-serviceName":{"_":"Facebook Friends"},"viewAll":{"_":"View All Facebook Friends"},"viewRecommend":{"_":"View Only Recommended"},"linkProposal":{"_":"{[ plural(numFriends) ]}","_[zero]":"No matching friends. Showing all","_[one]":"Select the recommended one","_[two]":"Select a recommended one","_[few]":"Select a recommended one","_[many]":"Select a recommended one","_[other]":"Select a recommended one"},"fbFriendsFound":{"_":"{[ plural(numFriends) ]}","_[zero]":"All your friends are imported","_[one]":"Found one friend to import","_[two]":"Found {{numFriends}} friends to import","_[few]":"Found {{numFriends}} friends to import","_[many]":"Found {{numFriends}} friends to import","_[other]":"Found {{numFriends}} friends to import"},"done-search":{"_":"Done"},"progressFB3ImportTitle":{"_":"Importing friends to Contacts"},"progressFB":{"_":"{{current}}/{{total}}"},"progressFB3UpdateTitle":{"_":"Updating friends in Contacts"},"message2":{"_":"This may take a couple of minutes"},"messageLinking":{"_":"Please hold on. We are linking your friend and your contact."},"error1":{"_":"Error {{from}}"},"error2":{"_":"Do you want to retry?"},"errorProposal":{"_":"calculating proposals"},"errorFriends":{"_":"retrieving friends"},"errorLinking":{"_":"linking contact"},"timeout1":{"_":"Exceeded timeout {{from}}"},"timeout2":{"_":"Do you want to retry?"},"timeoutProposal":{"_":"calculating proposals"},"timeoutFriends":{"_":"retrieving friends"},"timeoutLinking":{"_":"linking contacts"},"wait1":{"_":"Please hold on"},"wait2":{"_":"This may take a couple of minutes"},"waitProposal":{"_":"Please hold on. We are calculating a proposal."},"waitFriends":{"_":"Please hold on. We are connecting to obtain your friend list."},"curtainCancel":{"_":"Cancel"},"curtainRetry":{"_":"Retry"},"curtainOK":{"_":"OK"},"connectionLost":{"_":"No Internet connection"},"connectionLostMsg":{"_":"Friends’ photos will not be added to your contacts. Continue anyway?"},"yesOption":{"_":"OK"},"noOption":{"_":"Cancel"},"friendsUpdated":{"_":"{[ plural(numFriends) ]}","_[zero]":"No friends updated","_[one]":"Updated one friend","_[two]":"Updated {{numFriends}} friends","_[few]":"Updated {{numFriends}} friends","_[many]":"Updated {{numFriends}} friends","_[other]":"Updated {{numFriends}} friends"},"notificationLogin":{"_":"Your Facebook session is invalid. Please sign in."},"syncError":{"_":"There was an error synchronizing your friend’s data"},"addToExistingContact":{"_":"Додај постојећем контакт"},"all":{"_":"Сви","ariaLabel":"Сви"},"callLog":{"_":"Дневник позива"},"connecting":{"_":"Повезивање"},"cf-async":{"_":"Асинхроно: {{ async }}\n"},"cf-data":{"_":"Подаци: {{ data }}\n"},"cf-error":{"_":"Дошло је до грешке при добављању статуса преусмеравања позива"},"cf-fax":{"_":"Факс: {{ fax }}\n"},"cf-inactive":{"_":"Неактивно"},"cf-packet":{"_":"Пакет: {{ packet }}\n"},"cf-pad":{"_":"PAD: {{ pad }}\n"},"cf-sms":{"_":"SMS: {{ sms }}\n"},"cf-status":{"_":"Статус преусмеравања позива\n"},"cf-sync":{"_":"Синхроно: {{ sync }}\n"},"cf-voice":{"_":"Глас: {{ voice }}\n"},"confirm-deletion":{"_":"Обриши одабране позиве?"},"createNewContact":{"_":"Додај нови контакт"},"delete":{"_":"Избриши"},"edit-selected":{"_":"{[ plural(n) ]}","_[one]":"{{ n }} одабран","_[two]":"{{ n }} одабрана","_[few]":"{{ n }} одабрано","_[many]":"{{ n }} одабрано","_[other]":"{{ n }} одабрано"},"ignore":{"_":"Занемари позив"},"incoming":{"_":"Долазни"},"missed":{"_":"Пропуштени","ariaLabel":"Пропуштени"},"missedCall":{"_":"Пропуштен позив"},"missedCallMultiSims":{"_":"(SIM {{ n }}) пропуштен позив"},"mmi-error":{"_":"Дошло је до грешке при слању поруке"},"mmi-session-expired":{"_":"Сесија је истекла"},"mmi-successfully-sent":{"_":"Порука је успешно послата"},"no-logs-msg-1":{"_":"Нема запамћених позива"},"no-logs-msg-2":{"_":"Започните комуницирати"},"no-logs-msg-3":{"_":"Нема пропуштених позива"},"reply":{"_":"Одговори"},"switch-calls":{"_":"Замени позиве"},"withheld-number":{"_":"Сакривен број"},"from-contact":{"_":"Од {{ contact }}"},"from-number":{"_":"Од {{ number }}"},"from-withheld-number":{"_":"Са сакривеног броја"},"sending":{"_":"Слање…"},"ussd-services":{"_":"{{ operator }} сервиси"},"type-your-response":{"placeholder":"Упишите свој одговор…"},"clear-all-text":{"_":"Обриши сав текст"},"hide":{"_":"Сакри"},"hold":{"_":"Hold","ariaLabel":"Стави на чекање"},"resume":{"_":"Настави","ariaLabel":"Настави"},"sendSms":{"_":"Пошаљи поруку"},"callEnded":{"_":"Позив је завршен"},"via-sim":{"_":"via SIM{{ n }}"},"sim-number":{"_":"SIM{{ n }}"},"hangup-a11y-button":{"aria-label":"Hang Up","ariaLabel":"Спусти"},"pickup-a11y-button":{"aria-label":"Pick up","ariaLabel":"Јави се"},"unlock-a11y-button":{"aria-label":"Slider","ariaLabel":"Клизач"},"delete-n-log?":{"_":"{[ plural(n) ]}","_[zero]":"Ништа није одабрано","_[one]":"Избрисати одабрану ставку?","_[two]":"Избрисати {{ n }} ставке?","_[few]":"Избрисати {{ n }} ставки?","_[many]":"Избрисати {{ n }} ставки?","_[other]":"Избрисати {{ n }} ставки?"},"callDurationMinutes":{"_":"{{ m }}:{{ s }}"},"callDurationHours":{"_":"{{ h }}:{{ m }}:{{ s}}"},"suggestionMatches":{"_":"{[ plural(n) ]}","_[one]":"{{ n }} поклапање са \"{{ matchNumber }}\"","_[two]":"{{ n }} поклапања са \"{{ matchNumber }}\"","_[few]":"{{ n }} поклапања са \"{{ matchNumber }}\"","_[many]":"{{ n }} поклапања са \"{{ matchNumber }}\"","_[other]":"{{ n }} поклапања са \"{{ matchNumber }}\""},"scCallBarring":{"_":"Забрана поз."},"scCallForwarding":{"_":"Преусмер."},"scClip":{"_":"ID позива"},"scClir":{"_":"ID позива"},"scPwd":{"_":"Промена лозинке"},"scCallWaiting":{"_":"Позив на чекању"},"scPin":{"_":"Промени PIN"},"scPin2":{"_":"Промени PIN2"},"scPuk":{"_":"Деблокирање"},"scPuk2":{"_":"Деблокирање"},"scImei":{"_":"IMEI"},"scUssd":{"_":"USSD"},"serviceClassVoice":{"_":"Глас"},"serviceClassData":{"_":"Подаци"},"serviceClassFax":{"_":"Факс"},"serviceClassSms":{"_":"SMS"},"serviceClassDataSync":{"_":"Синхронизација"},"serviceClassDataAsync":{"_":"Асинхронизација"},"serviceClassPacket":{"_":"Пакет"},"serviceClassPad":{"_":"PAD"},"smServiceEnabled":{"_":"Услуга омогућена"},"smServiceDisabled":{"_":"Услуга је онемогућена"},"smServiceRegistered":{"_":"Регистрација успешна"},"smServiceErased":{"_":"Брисање успешно"},"smServiceInterrogated":{"_":"Захтев успешан"},"smServiceNotProvisioned":{"_":"Услуга није доступна"},"smClirPermanent":{"_":"Не можете да промените ID позиваоца"},"smClirDefaultOnNextCallOn":{"_":"ID позиваоца по подразумеваном је сакривен. Следећи позив: сакривен"},"smClirDefaultOnNextCallOff":{"_":"ID позиваоца по подразумеваном је сакривен. Следећи позив: видљив"},"smClirDefaultOffNextCallOn":{"_":"ID позиваоца по подразумеваном није сакривен. Следећи позив: сакривен"},"smClirDefaultOffNextCallOff":{"_":"ID позиваоца по подразумеваном није сакривен. Следећи позив: видљив"},"smServiceEnabledFor":{"_":"Услуга омогућена за:"},"smPinChanged":{"_":"PIN је успешно промењен"},"smPinUnblocked":{"_":"PIN је успешно одблокиран"},"smPin2Changed":{"_":"PIN2 је успешно промењен"},"smPin2Unblocked":{"_":"PIN2 је успешно одблокиран"},"emMmiError":{"_":"Проблем у вези или је MMI код неисправан"},"emMmiErrorPasswordIncorrect":{"_":"Погрешна лозинка"},"emMmiErrorNotSupported":{"_":"Неисправан или неподржан MMI код"},"emMmiErrorInvalidAction":{"_":"Неисправна акција"},"emMmiErrorInvalidScCode":{"_":"Неважећи сервисни код"},"emMmiErrorBadPuk":{"_":"PUK који сте унели није тачан"},"emMmiErrorBadPin":{"_":"Стари PIN који сте унели није тачан."},"emMmiErrorNeedPuk2":{"_":"Унесите PUK2 да бисте скинули блокаду са картице"},"emMmiErrorMismatchPin":{"_":"PIN-ови се не поклапају"},"emMmiErrorInvalidPin":{"_":"Унесите PIN који садржи 4 до 8 карактера"},"emMmiErrorNeedsPuk":{"_":"Ваша SIM картица је закључана PUK кодом"},"emMmiErrorEnablePin":{"_":"Неуспешно. Омогућите SIM/RUIM LOCK"},"emMmiErrorMmiFdn":{"_":"Операција је ограничена само на фиксно бирање бројева"},"emMmiErrorStkCcUssdDial":{"_":"USSD захтев је промењен у DIAL захтев"},"emMmiErrorStkCcUssdSs":{"_":"USSD захтев је промењен у SS захтев"},"emMmiErrorStkCcUssdUssd":{"_":"USSD захтев је промењен у нови USSD захтев"},"emMmiErrorStkCcSsDial":{"_":"SS захтев је промењен у DIAL захтев"},"emMmiErrorStkCcSsUssd":{"_":"SS захтев је промењен у USSD захтев"},"emMmiErrorStkCcSsSs":{"_":"SS захтев је промењен у нови SS захтев"},"emMmiErrorPinPukAttempts":{"_":"{[ plural(n) ]}","_[one]":"Преостао је само {{ n }} покушај","_[two]":"Преостала су {{ n }} покушаја","_[few]":"Преостало је {{ n }} покушаја","_[many]":"Преостало је {{ n }} покушаја","_[other]":"Преостало је {{ n }} покушаја"},"emMmiErrorSimBlocked":{"_":"Максималан број покушаја прекорачен. SIM картица је блокирана"},"RadioNotAvailable":{"_":"Радио није доступан"},"GenericFailure":{"_":"Генеричка грешка"},"PasswordIncorrect":{"_":"Погрешна лозинка"},"SimPin2":{"_":"SIM PIN2"},"SimPuk2":{"_":"SIM PUK2"},"RequestNotSupported":{"_":"Захтев није подржан"},"OpNotAllowedDuringVoiceCall":{"_":"Операција није дозвољена током разговора"},"SmsSendFailRetry":{"_":"Неуспешно слање SMS-a"},"SimAbsent":{"_":"SIM картица није пронађена"},"SubscriptionNotAvailable":{"_":"Претплата није доступна"},"ModeNotSupported":{"_":"Режим није подржан"},"FdnCheckFailure":{"_":"Fdn грешка при провери"},"IllegalSimOrMe":{"_":"Недопуштен SIM или ME"},"DialModifiedToUssd":{"_":"Бирање измењено у USSD"},"DialModifiedToSs":{"_":"Бирање измењено у SS"},"DialModifiedToDial":{"_":"Бирање измењено у позив"},"UssdModifiedToDial":{"_":"USSD измењен у позив"},"UssdModifiedToSs":{"_":"USSD измењен у SS"},"UssdModifiedToUssd":{"_":"USSD измењен у USSD"},"SsModifiedToDial":{"_":"SS измењен у позив"},"SsModifiedToUssd":{"_":"SS измењен у USSD"},"SsModifiedToSs":{"_":"SS измењен у SS"},"SubscriptionNotSupported":{"_":"Претплата није подржана"},"InvalidParameter":{"_":"Неисправан параметар"},"RejectedByRemote":{"_":"Одбијен од удаљеног уређаја"},"group-call":{"_":"{[ plural(n) ]}","_[one]":"{{ n }} гру. позив","_[two]":"{{ n }} гру. позива","_[few]":"{{ n }} гру. позива","_[many]":"{{ n }} гру. позива","_[other]":"{{ n }} гру. позива"},"caller-left-call":{"_":"{{ caller }} је напустио позив."},"conferenceAddError":{"_":"Није могуће спојити позиве"},"conferenceRemoveError":{"_":"Није могуће одвојити позиве"},"longDateFormat":{"_":"%A, %e %B"},"select-audio-sources":{"_":"Одаберите звучне изворе"},"bluetooth-handsfree-device":{"_":"Bluetooth handsfree уређај"},"receiver":{"_":"Слушалица"},"speaker":{"_":"Звучник"},"addNewNumber":{"_":"Додај нови број"},"asterisk":{"ariaLabel":"Астериск"},"callLogEdit":{"title":"Уреди дневник поз."},"callLogEditDialog":{"ariaLabel":"Уреди дијалог дневника позива"},"dialerAddContact":{"ariaLabel":"Додај контакт"},"dialerAddContactDialog":{"ariaLabel":"Додај дијалог контакта"},"hashSign":{"ariaLabel":"Ознака тарабе"},"hideKeypad":{"ariaLabel":"Сакриј тастатуру"},"keypad":{"ariaLabel":"Тастатура"},"keypadDelete":{"ariaLabel":"Избриши"},"makeCall":{"ariaLabel":"Позови"},"merge":{"_":"Споји"},"mute":{"ariaLabel":"Пригушити тон"},"newCall":{"ariaLabel":"Нови позив"},"phoneNumberInput":{"ariaLabel":"Број телефона"},"recents":{"ariaLabel":"Недавни позиви"},"voiceMailKey":{"ariaLabel":"Говорна пошта"},"speakerOption":{"ariaLabel":"Звучник"},"toggleKeypad":{"ariaLabel":"Промени стање тастатуре"},"sim-picker-dial-via-with-number":{"_":"Позови {{ phoneNumber }} преко"},"sim-picker-select-sim":{"_":"Изабери SIM"},"sim-picker-button":{"_":"SIM{{ n }}"},"sim-picker-button-default":{"_":"(подразумеван)"},"waitDuplicateContacts":{"_":"Тражим дупликате контаката"},"waitMergingDuplicateContacts":{"_":"Спајам дупликате контаката"},"alertNoDuplicateContacts":{"_":"Нису нађени дупликати контаката"},"mergeDuplicateTitle":{"_":"Спајање дупликата"},"suggestedDuplicateContacts":{"_":"Предложен дупликат контаката за {{name}} "},"mergeActionButtonLabel":{"_":"{[ plural(n) ]}","_[zero]":"Ни један контакт није изабран","_[one]":"Споји са {{n}} контактом","_[other]":"Споји са {{n}} контаката"},"duplicatesFoundTitle":{"_":"Нађени дупликати"},"duplicatesFoundMessage":{"_":"{{name}} дупликати информација у следећим контактима"}}