{"brandShortName":{"_":"B2G OS"},"browserBrandShortName":{"_":"Veb pregledač"},"browserBrandFullName":{"_":"Mozilla veb pregledač"},"callAirplaneModeMessage":{"_":"Da biste obavili poziv morate isključiti režim rada u avionu."},"callAirplaneModeBtnOk":{"_":"U redu"},"callAirplaneModeTitle":{"_":"Režim rada u avionu je uključen"},"numberIsBusyTitle":{"_":"Broj je zauzet"},"numberIsBusyMessage":{"_":"Broj je trenutno zauzet. Molim Vas, pokušajte kasnije."},"fdnIsEnabledTitle":{"_":"FDN active"},"fdnIsEnabledMessage":{"_":"This number is blocked as it is not in your list of authorized numbers."},"voiceMail":{"_":"Govorna pošta"},"emergencyNumber":{"_":"Hitne službe"},"emergencyDialogBodyBadNumber":{"_":"Da biste obavili poziv, telefon mora biti spojen na mrežu."},"emergencyDialogBodyDeviceNotAccepted":{"_":"Mreža ne dopušta hitne pozive."},"emergencyDialogBtnOk":{"_":"U redu"},"emergencyDialogTitle":{"_":"Nema mrežne veze"},"invalidNumberToDialTitle":{"_":"Neispravan broj telefona"},"invalidNumberToDialMessage":{"_":"Broj telefona koji zovete nije ispravan."},"unableToCallTitle":{"_":"Trenutno nije moguće obaviti poziv"},"unableToCallMessage":{"_":"Nije moguće ostvariti poziv. Ukoliko već zovete, molimo Vas prekinete vezu."},"otherConnectionInUseTitle":{"_":"Druga veza je u upotrebi"},"otherConnectionInUseMessage":{"_":"Imate aktivan poziv na drugoj vezi. Možete samo da koristite jednu vezu u isto vreme."},"add":{"_":"Dodaj"},"back":{"_":"Back"},"call":{"_":"Pozovi"},"edit":{"_":"Izmeni"},"cancel":{"_":"Otkaži"},"done":{"_":"Završeno"},"ok":{"_":"U redu"},"update":{"_":"Update"},"retry":{"_":"Pokušaj ponovo"},"contacts":{"_":"Kontakti"},"addContact":{"_":"Dodaj kontakt"},"deleteContact":{"_":"Obriši kontakt"},"selectContact":{"_":"Odaberi kontakt"},"selectAll":{"_":"Select all"},"deselectAll":{"_":"Deselect all"},"editContact":{"_":"Izmeni"},"deleteConfirmMsg":{"_":"Obrisati kontakt?"},"remove":{"_":"Obriši"},"comments":{"_":"Komentari"},"no_contact_phones":{"_":"Ovaj kontakt nema broj telefona"},"no_contact_email":{"_":"Ovaj kontakt nema adresu e-pošte"},"removePhotoConfirm":{"_":"Ukloni sliku kontakta?"},"loadingContacts":{"_":"Učitavanje kontakata…"},"noContactsActivity":{"_":"Nemoguće je dodati kontakta jer je Vaša lista kontakata prazna"},"noName":{"_":"Bez imena"},"givenName":{"placeholder":"Ime"},"familyName":{"placeholder":"Prezime"},"tel":{"placeholder":"Broj"},"carrier":{"_":"Operater","placeholder":"Operater"},"separator":{"_":","},"email":{"_":"E-pošta","placeholder":"E-pošta"},"streetAddress":{"placeholder":"Ulica"},"postalCode":{"placeholder":"PTT"},"locality":{"placeholder":"Grad"},"countryName":{"placeholder":"Država"},"comment":{"placeholder":"Komentar"},"org":{"placeholder":"Kompanija"},"custom":{"placeholder":"Posebno","_":"Posebna oznaka"},"date":{"_":"Datum","placeholder":"Datum"},"birthday":{"_":"Rođendan"},"dateFormat":{"_":"%e %B"},"dateOutput":{"_":"{{dayMonthFormatted}} {{year}}"},"anniversary":{"_":"Godišnjica"},"addPhoto":{"_":"Dodaj sliku"},"addPhone":{"_":"Dodaj telefon"},"addEmail":{"_":"Dodaj e-poštu"},"addAddress":{"_":"Dodaj adresu"},"addDate":{"_":"Dodaj datum"},"addComment":{"_":"Dodaj komentar"},"addFavorite":{"_":"Dodaj kao omiljenog"},"removeFavorite":{"_":"Ukloni iz omiljenih"},"label":{"_":"Naslov"},"mobile":{"_":"Mobilni"},"home":{"_":"Kućni"},"work":{"_":"Poslovni"},"personal":{"_":"Lični"},"faxHome":{"_":"Kućni faks"},"faxOffice":{"_":"Faks u kancelariji"},"faxOther":{"_":"Drugi faksovi"},"another":{"_":"Drugo"},"other":{"_":"Ostalo"},"current":{"_":"Trenutna adresa"},"itemWithLabel":{"_":"{{label}}, {{item}}"},"exit":{"_":"Izlaz"},"expand":{"_":"Proširi"},"labelName":{"_":"Ime:"},"labelLastName":{"_":"Prezime:"},"labelPhoneNumber":{"_":"Telefon:"},"labelCarrier":{"_":"Mreža:"},"labelEmail":{"_":"E-pošta:"},"labelStreet":{"_":"Adresa:"},"labelZip":{"_":"PTT:"},"labelCity":{"_":"Grad:"},"labelCountry":{"_":"Država:"},"labelComment":{"_":"Komentar:"},"legendTitleMain":{"_":"Glavne informacije"},"legendPhones":{"_":"Brojevi telefona"},"legendEmail":{"_":"Adrese e-pošte"},"legendAddress":{"_":"Adresa"},"settings":{"_":"Postavke"},"search-contact":{"placeholder":"Search"},"noResults":{"_":"No contacts found"},"transferContactsTitle":{"_":"Prenos kontakata"},"importContactsTitle":{"_":"Uvezi kontakte"},"importContactsButton":{"_":"Uvezi kontakte"},"exportContactsTitle":{"_":"Izvoz kontakata"},"exportContactsButton":{"_":"Izvoz kontakata"},"exportContactsAction":{"_":"Izvoz"},"simExport-title":{"_":"Izvezi na SIM"},"sdExport-title":{"_":"Izvezi na SD karticu"},"btExport-title":{"_":"Izvezi preko bluetooth-a"},"sdUMSEnabled":{"_":"SD kartica se ne može koristiti jer je USB omogućen"},"exportErrorTitle":{"_":"Greška u izvozu"},"contactsExported2":{"_":"{[ plural(exported) ]}","_[zero]":"Ni jedan kontakt nije izvezen","_[one]":"{{exported}}/{{total}} kontakt je izvezen","_[two]":"{{exported}}/{{total}} kontakta su izvezena","_[few]":"{{exported}}/{{total}} konatakata je izvezeno","_[many]":"{{exported}}/{{total}} konatakata je izvezeno","_[other]":"{{exported}}/{{total}} konatakata je izvezeno"},"exportError-general":{"_":"Desila se greška tokom izvoza"},"exportError-SD-shared":{"_":"Ne može se pristupiti memorijskoj kartici jer je podeljena"},"exportError-SD-unavailable":{"_":"Memorijska kartica nije dostupna"},"exportError-SD-noSpace":{"_":"Nema dovoljno prostora na memorijskoj kartici da bi se izvezli kontakti"},"exportError-SIM-unavailable":{"_":"SIM kartica nije dostupna"},"exportError-BT-shared":{"_":"Ne može se pristupiti memorijskoj kartici jer je podeljena"},"exportError-BT-unavailable":{"_":"Memorijska kartica nije dostupna"},"exportError-BT-noSpace":{"_":"Nema dovoljno prostora na memorijskoj kartici da bi se izvezli kontakti"},"simContacts-import":{"_":"Uvezite kontakte sa SIM kartice"},"simContacts-importing":{"_":"Uvoženje kontakata sa SIM kartice…"},"simContacts-reading":{"_":"Čitanje sa SIM kartice…"},"simContacts-error":{"_":"Nemoguće je uvesti kontakte sa SIM kartice"},"simContacts-imported3":{"_":"{[ plural(n) ]}","_[zero]":"Ni jedan kontakt nije nađen na SIM kartici","_[one]":"Uvežen je jedan kontakt","_[two]":"Uvežena su {{n}} kontakta","_[few]":"Uveženo je {{n}} kontakata","_[many]":"Uveženo je {{n}} kontakata","_[other]":"Uveženo je {{n}} kontakata"},"noSimMsg":{"_":"To import contacts insert or unlock your SIM card"},"noSimMsgExport":{"_":"Da biste izvezli kontakte, umetnite ili otključajte SIM karticu"},"simNumber":{"_":"SIM {{number}}"},"memoryCardContacts-import":{"_":"Uvoz kontakata sa memorijske kartice"},"memoryCardContacts-importing":{"_":"Uvoz kontakata sa memorijske kartice…"},"memoryCardContacts-reading":{"_":"Čitam sa memorijske kartice…"},"memoryCardContacts-error":{"_":"Nije moguće uvesti kontakte sa memorijske kartice"},"memoryCardContacts-imported3":{"_":"{[ plural(n) ]}","_[zero]":"Nisu pronađeni kontakti na memorijskoj kartici","_[one]":"Uvezen jedan kontakt","_[two]":"Uvezena {{n}} kontakta","_[few]":"Uvezeno {{n}} kontakata","_[many]":"Uvezeno {{n}} kontakata","_[other]":"Uvezeno {{n}} kontakata"},"noMemoryCardMsg":{"_":"To import contacts insert a memory card"},"noMemoryCardMsgExport":{"_":"Da biste izvezli kontakte, umetnite memorijsku karticu"},"genericProgress":{"_":"{{current}}/{{total}}"},"social-network":{"_":"Društvene mreže"},"social-link":{"_":"Poveži kontakt"},"social-unlink":{"_":"Ukloni vezu kontakta"},"social-unlink-confirm-title":{"_":"Da li želite da uklonite vezu sa prijateljem?"},"social-unlink-confirm-accept":{"_":"Ukloni vezu"},"facebook-import":{"_":"Uvezi prijatelje sa Facebook-a"},"show-fb-profile":{"_":"Pogledaj profil na Facebook-u"},"msg-send":{"_":"Poruka"},"wall-post":{"_":"Objava na zidu"},"facebook":{"_":"Facebook"},"facebook-import-msg":{"_":"{[ plural(imported) ]}","_[zero]":"0 uveženo (od ukupno {{total}})","_[one]":"1 uvežen (od ukupno {{total}})","_[two]":"{{imported}}/{{total}} uvežena","_[few]":"{{imported}}/{{total}} uveženo","_[many]":"{{imported}}/{{total}} uveženo","_[other]":"{{imported}}/{{total}} uveženo"},"otherAccount":{"_":"Drugi nalozi"},"facebookSwitchMsg":{"_":"Sinh. prijatelje"},"select_mobile":{"_":"Odaberite mobilni"},"select_email":{"_":"Odaberite adresu e-pošte"},"contactsOrderBy":{"_":"Poređaj po prezimenu"},"importSim2":{"_":"SIM kartica"},"importMemoryCard":{"_":"Memory card"},"importGmail":{"_":"Gmail"},"bluetooth":{"_":"Bluetooth"},"importOutlook":{"_":"Outlook"},"fbUpdateFriends":{"_":"Ažuriraj uvežene prijatelje"},"cleaningFbData":{"_":"Uklanjanje podataka sa Facebook-a"},"loggingOutFb":{"_":"Odjavljivanje sa Facebook-a"},"cleanFbConfirmMsg":{"_":"Ukloniti sve podatke sa Facebook-a?"},"renewPwdMsg":{"_":"Vaša lozinka na Facebook-u je promenjena. Molim Vas, ažurirajte je."},"noConnection11":{"_":"To import Facebook friends or contacts connect to Wi-Fi or data network"},"notEnabledYet":{"_":"Još nije omogućeno"},"genericNoConnection":{"_":"Da biste izvezli kontakte, povežite se na Wi-Fi ili na mrežu za prenos podataka"},"simCard":{"_":"SIM kartica"},"memoryCard":{"_":"Memorijska kartica"},"create-new":{"_":"Napravite novi kontakt"},"import-now":{"_":"Uvezite svoje kontakte sa SIM kartice ili Facebook-a"},"no-contacts":{"_":"Nema kontakata"},"start-adding":{"_":"Počnite da ih dodajete"},"notImported":{"_":"Nije uvezeno"},"imported":{"_":"Uvezeno"},"today":{"_":"Danas"},"yesterday":{"_":"Juče"},"messageCanceling":{"_":"Please hold on. We are canceling the ongoing operation."},"organise-contacts":{"_":"Organizuj kontakte"},"find-merge-contacts":{"_":"Nađi duplikate kontakata"},"preparing-contacts":{"_":"Pripremam kontakte"},"exportError-SIM-NoFreeRecordFound":{"_":"SIM kartica je puna"},"exportError-SIM-CannotAccessPhoneBook":{"_":"Ne mogu da pristupim imeniku SIM kartice"},"exportError-SIM-Unavailable":{"_":"SIM kartica nije pronađena"},"exportError-SIM-GenericError":{"_":"Greška pri izvozu kontakta"},"date-span-placeholder":{"_":"Datum"},"ContactManagementTitle":{"_":"Upravljanje kontaktima"},"DeleteTitle":{"_":"Izbriši"},"bulkDeleteButton":{"_":"Izbriši kontakte"},"BulkDelCancel":{"_":"Brisanje kontakata otkazano"},"DeletedTxt":{"_":"{[ plural(n) ]}","_[zero]":"Nema kontakata za brisanje","_[one]":"1 kontakt obrisan","_[two]":"{{n}} kontakta obrisana","_[few]":"{{n}} kontakata obrisano","_[many]":"{{n}} kontakata obrisano","_[other]":"{{n}} kontakata obrisano"},"DeletingContacts":{"_":"Brišem kontakte"},"ContactConfirmDel":{"_":"{[ plural(n) ]}","_[zero]":"Nema kontakata za brisanje","_[one]":"Izbrisati 1 kontakt? Ovo se ne može poništiti.","_[two]":"Izbrisati {{n}} kontakta? Ovo se ne može poništiti.","_[few]":"Izbrisati {{n}} kontakata? Ovo se ne može poništiti.","_[many]":"Izbrisati {{n}} kontakata? Ovo se ne može poništiti.","_[other]":"Izbrisati {{n}} kontakata? Ovo se ne može poništiti."},"SelectedTxt":{"_":"{[ plural(n) ]}","_[zero]":"Kontakti","_[one]":"{{n}} odabran","_[two]":"{{n}} odabrana","_[few]":"{{n}} odabrano","_[many]":"{{n}} odabrano","_[other]":"{{n}} odabrano"},"fdnIsActiveTitle":{"_":"FDN aktivan"},"fdnIsActiveMessage":{"_":"FDN je aktivan a sledeći broj nije u Vašoj FDN listi: {{ number }}"},"pincode2":{"_":"Upišite PIN"},"type_pin":{"_":"Upišite svoj PIN"},"pincodeLabel":{"_":"SIM {{n}} PIN"},"pinValidation":{"_":"PIN mora imati između 4 i 8 karaktera."},"pinError":{"_":"Neispravan PIN kod."},"pinAttemptMsg2":{"_":"{[ plural(n) ]}","_[one]":"Poslednji pokušaj.","_[two]":"{{n}} preostala pokušaja.","_[few]":"{{n}} preostalih pokušaja.","_[many]":"{{n}} preostalih pokušaja.","_[other]":"{{n}} preostalih pokušaja."},"pinLastChanceMsg":{"_":"Ovo Vam je poslednja šansa da unesete ispravan PIN. U suprotnom, morate uneti PUK kod da biste koristili SIM karticu."},"pukcode":{"_":"Unesite PUK kod"},"pukcodeTitle":{"_":"Upišite SIM {{n}} PUK"},"pukcodeLabel":{"_":"SIM {{n}} PUK"},"type_puk":{"_":"PUK kod"},"pukValidation":{"_":"PUK kod mora imati tačno 8 karaktera."},"pukInfo":{"_":"Morate uneti lični ključ za otključavanje (PUK) za SIM karticu. Pročitajte propratnu dokumentaciju ili kontaktirajte mrežnog operatera za više informacija."},"pukError":{"_":"PUK je neispravan."},"pukAttemptMsg2":{"_":"{[ plural(n) ]}","_[one]":"Imate još jedan pokušaj da unesete ispravan kod pre nego što SIM kartica bude trajno neupotrebljiva. Pročitajte propratnu dokumentaciju ili kontaktirajte mrežnog operatera za više informacija.","_[two]":"Imate još {{n}} pokušaja da unesete ispravan kod pre nego što SIM kartica bude trajno neupotrebljiva. Pročitajte propratnu dokumentaciju ili kontaktirajte mrežnog operatera za više informacija.","_[few]":"Imate još {{n}} pokušaja da unesete ispravan kod pre nego što SIM kartica bude trajno neupotrebljiva. Pročitajte propratnu dokumentaciju ili kontaktirajte mrežnog operatera za više informacija.","_[many]":"Imate još {{n}} pokušaja da unesete ispravan kod pre nego što SIM kartica bude trajno neupotrebljiva. Pročitajte propratnu dokumentaciju ili kontaktirajte mrežnog operatera za više informacija.","_[other]":"Imate još {{n}} pokušaja da unesete ispravan kod pre nego što SIM kartica bude trajno neupotrebljiva. Pročitajte propratnu dokumentaciju ili kontaktirajte mrežnog operatera za više informacija."},"pukLastChanceMsg":{"_":"Ovo je Vaša poslednja šansa za unos ispravnog PUK koda. Vaša SIM kartica će biti zauvek neupotrebljiva ako još jednom unesete pogrešan PUK kod."},"create_newpin":{"_":"Napravite novi PIN (4-8 brojeva)"},"confirm_newpin":{"_":"Potvrdite novi PIN"},"newpinConfirmation":{"_":"PIN kodovi nisu isti"},"nckcode":{"_":"Unesite NCK kod"},"cckcode":{"_":"Unesite CCK kod"},"spckcode":{"_":"Unesite SPCK kod"},"nckcodeTitle":{"_":"Unesite SIM {{n}} NCK"},"cckcodeTitle":{"_":"Unesite SIM {{n}} CCK"},"spckcodeTitle":{"_":"Unesite SIM {{n}} SPCK"},"nckcodeLabel":{"_":"SIM {{n}} NCK"},"cckcodeLabel":{"_":"SIM {{n}} CCK"},"spckcodeLabel":{"_":"SIM {{n}} SPCK"},"type_nck":{"_":"Upišite svoj NCK kod"},"type_cck":{"_":"Upišite svoj CCK kod"},"type_spck":{"_":"Upišite svoj SPCK kod"},"nckValidation":{"_":"NCK kod mora imati između 8 i 16 karaktera."},"cckValidation":{"_":"CCK kod mora imati između 8 i 16 karaktera."},"spckValidation":{"_":"SPCK kod mora imati između 8 i 16 karaktera."},"nckErrorMsg":{"_":"Neispravan NCK kod."},"nckAttemptMsg2":{"_":"{[ plural(n) ]}","_[one]":"Zahtev za otključavanje telefona nije uspešan. Imate još jedan pokušaj da unesete ispravan kod. Pročitajte propratnu dokumentaciju ili kontaktirajte mrežnog operatera za više informacija.","_[two]":"Zahtev za otključavanje telefona nije uspešan. Imate još {{n}} pokušaja da unesete ispravan kod. Pročitajte propratnu dokumentaciju ili kontaktirajte mrežnog operatera za više informacija.","_[few]":"Zahtev za otključavanje telefona nije uspešan. Imate još {{n}} pokušaja da unesete ispravan kod. Pročitajte propratnu dokumentaciju ili kontaktirajte mrežnog operatera za više informacija.","_[many]":"Zahtev za otključavanje telefona nije uspešan. Imate još {{n}} pokušaja da unesete ispravan kod. Pročitajte propratnu dokumentaciju ili kontaktirajte mrežnog operatera za više informacija.","_[other]":"Zahtev za otključavanje telefona nije uspešan. Imate još {{n}} pokušaja da unesete ispravan kod. Pročitajte propratnu dokumentaciju ili kontaktirajte mrežnog operatera za više informacija."},"nckLastChanceMsg":{"_":"Zahtev za otključavanje telefona nije uspešan. Ovo je poslednja šansa da unesete ispravan NCK kod. Pročitajte propratnu dokumentaciju ili kontaktirajte mrežnog operatera za više informacija."},"skip":{"_":"Preskoči"},"send":{"_":"Pošalji"},"simLocked":{"_":"SIM kartica je zaključana"},"inputCodeRetriesLeft":{"_":"{[ plural(n) ]}","_[one]":"poslednji pokušaj.","_[two]":"preostalo {{n}} pokušaja.","_[few]":"preostalo {{n}} pokušaja.","_[many]":"preostalo {{n}} pokušaja.","_[other]":"preostalo {{n}} pokušaja."},"simManager":{"_":"SIM upravljač"},"simDetail":{"_":"SIM {{n}}"},"simDefault":{"_":"(podrzumevana)"},"simDefaultMessage":{"_":"Odlazni pozivi, odlazne poruke i veze podataka su po podrazumevanom postavljeni na SIM 1"},"simSettingsMessage":{"_":"Možete promeniti podrazumevana podešanja: Postavke > Upravljač SIM karticama "},"simPinLocked":{"_":"SIM PIN zaključan"},"noOperator":{"_":"Nema operatera"},"language":{"_":"Jezik"},"english":{"_":"Engleski"},"dvorak":{"_":"Engleski(Dvorak)"},"spanish":{"_":"Španski"},"portuguese":{"_":"Portugalski(Brazil)"},"french":{"_":"Francuski"},"italian":{"_":"Italijanski"},"arabic":{"_":"Arapski"},"greek":{"_":"Grčki"},"hebrew":{"_":"Jevrejski"},"jp-kanji":{"_":"Japanski"},"jp-kanji-desc":{"_":"Kandži"},"traditionalChinese":{"_":"Tradicionalni kineski"},"traditionalChinese-desc":{"_":"Džujin"},"simplifiedChinese":{"_":"Uprošćen kineski"},"simplifiedChinese-desc":{"_":"Pinjin"},"3g":{"_":"Mobilni podaci"},"dataConnection":{"_":"Prenos podataka"},"dataConnectionInfo":{"_":"Omogućavanje prenosa podataka će Vam omogućiti da podesite svoj telefon bez Wi-Fi mreže. Možete je omogućiti i kasnije u postavkama. Samo se postarajte da imate dobar paket usluga sa svojim mrežnim operaterom kako biste izbegli plaćanje visokih naknada."},"caution":{"_":"Upozorenje"},"geolocation":{"_":"Geolokacija"},"geolocationCheckbox":{"_":"Geolokacija"},"geolocationInfo2":{"_":"{{brandShortName}} koristi podatke mobilne mreže, GPS i Wi-Fi podatke kako bi otkrili Vašu lokaciju."},"geolocationInfoMore":{"_":"Podaci se šalju Mozilla fondaciji i ostalim pružaocima ovih usluga i biće korišćeni za upotpunjavanje baze podataka o lokacijama. Podaci mogu biti smešteni na Vašem uređaju i mogu biti poslati čak iako ni jedna aplikacija nije pokrenuta."},"notice":{"_":"Obaveštenje"},"aboutYourPrivacy":{"_":"Više o Vašoj privatnosti"},"wifi":{"_":"Wi-Fi"},"scanningNetworks":{"_":"Tražim mreže"},"selectNetwork":{"_":"Odaberite mrežu"},"shortStatus-connecting":{"_":"Povezivanje…"},"shortStatus-associated":{"_":"Dobavljanje IP adrese…"},"shortStatus-connected":{"_":"Povezano"},"shortStatus-connectingfailed":{"_":"Povezivanje nije uspelo"},"shortStatus-disconnected":{"_":"Van mreže"},"securedBy":{"_":"osigurano od strane {{capabilities}}"},"security":{"_":"Sigurnost"},"securityNone":{"_":"Ništa"},"securityWEP":{"_":"WEP"},"securityWPA-PSK":{"_":"WPA-PSK"},"securityWPA-EAP":{"_":"WPA-EAP"},"securityOpen":{"_":"Otvoreno"},"identity":{"_":"Korisnik"},"identityInput":{"placeholder":"Korisnik"},"password":{"_":"Lozinka"},"passwordInput":{"placeholder":"Lozinka"},"showPassword":{"_":"Prikaži lozinku"},"refresh":{"_":"Osveži"},"noWifiFound3":{"_":"Ni jedna bežična mreža nije nađena"},"join-hidden-button":{"_":"Skrivena mreža"},"authentication":{"_":"Autentifikacija"},"ssid-name":{"_":"SSID naziv mreže"},"dateAndTime":{"_":"Datum i vreme"},"setTimeAutomatically":{"_":"Postavi automatski"},"timezoneMessage":{"_":"Vremenska zona"},"timezoneTitle":{"_":"UTC{{utcOffset}} {{region}}/{{city}}"},"dateMessage":{"_":"Datum"},"timeMessage":{"_":"Vreme"},"timeZone":{"_":"Vremenska zona"},"change":{"_":"Promeni"},"importContacts3":{"_":"Uvezi kontakte"},"importFb2":{"_":"Facebook-a"},"fb-checking":{"_":"… provera"},"notImportedYet":{"_":"Još nisu uvezeni"},"afterFbImport":{"_":"U postavkama kontakata možete u bilo kojem trenutku uvesti i urediti svoje Facebook prijatelje"},"about-your-rights-0":{"_":"{{brandShortName}} je napravljen od strane hiljada ljudi iz globalne zajednice. Nekoliko stvari bi trebalo da znate:"},"about-your-rights-1":{"_":"{{brandShortName}} je dostupan pod uslovima nekoliko otvorenih licenci uključujući javnu licencu Mozilla fondacije. Uređaj koji pokreće {{brandShortName}} takođe može sadržati softver koji je vlasništvo trećih lica. Sav kod koji je pod otvorenim licencama Vam daje za pravo da izmenite izvorni kod i prosleđujete svoju modifikovanu verziju istog dok god se pridržavate uslova licenci."},"about-your-rights-2":{"_":"Nisu Vam odobrena bilo kakva prava ili licence koje se odnose na zaštitni znak Mozilla fondacije ili trećih lica, uključujući {{brandShortName}} naziv ili logotip."},"about-your-rights-3":{"_":"Neke mogućnosti programa {{brandShortName}}, kao što je izveštač o greškama, Vam pružaju mogućnost da pošaljete povratne informacije Mozilla fondaciji. Ako odlučite da pošaljete povratne informacije, time dajete Mozilla fondaciji dozvolu da koristi te informacije u cilju poboljšanja svojih proizvoda, da objavi te informacije na svom sajtu kao i da ih deli."},"about-other":{"_":"Ostalo"},"SIM_mandatory":{"_":"Upozorenje SIM kartice"},"SIM_mandatory_warm":{"_":"Molim Vas, umetnite SIM karticu i ponovo pokrenite telefon."},"sharing-performance-data":{"_":"Deljenje podataka o performansama"},"telemetry-sends":{"_":"Telemetrija šalje Mozilla fondaciji informacije o performansama, hardveru, konfiguraciji i podešavanjima Vašeg {{brandShortName}} uređaja. Ove informacije koristimo da bismo unapredili naše proizvode, učinili ih bržim i efikasnijim."},"learn-more-at":{"_":"Learn more at"},"external-telemetry":{"title":"Telemetry"},"learn-about-information":{"_":"Learn how Mozilla handles your information at"},"external-privacy":{"title":"Privacy"},"welcomeBrowser":{"_":"Dobrodošli u {{brandShortName}}, besplatan operativni sistem otvorenog koda. Naša misija je promovisanje otvorenosti, inovacija i mogućnosti tako što ostavljamo svu moć veba u Vašim rukama."},"learnHow":{"_":"Learn how Mozilla handles your information in our"},"privacyPolicy":{"_":"privacy policy","title":"Privacy policy"},"aboutBrowser":{"_":"O {{brandShortName}}"},"aboutYourPrivacy2":{"_":"Vaša privatnost"},"mozillaCommunity2":{"_":"Kada koristite {{brandShortName}}, postajete deo globalne zajednice koja pomaže u izgradnji svetlije budućnosti veba. Ako želite da saznate više o Mozilla zajednici, našim projektima i događajima blizu Vas, molimo Vas unesite adresu svoje e-pošte u polje ispod."},"collaborate":{"_":"Želim da pomognem da se poboljša {{brandShortName}} tako što ću podeliti podatke o svom telefonu."},"learnMore":{"_":"Saznajte više."},"emailAddress":{"placeholder":"Adresa e-pošte"},"email-successfully-added":{"_":"Adresa je uspešno dodata"},"email-loading":{"_":"Pamćenje Vaše e-pošte…"},"browserPrivacyChoices":{"_":"{{brandShortName}} opcije privatnosti"},"privacy-b2g":{"_":"{{brandShortName}}","title":"{{brandShortName}}"},"privacy-marketplace":{"_":"Marketplace","title":"{{privacy-marketplace}}"},"privacy-e-me":{"_":"everything.me","title":"{{privacy-e-me}}"},"navbar-back":{"_":"Nazad"},"navbar-next":{"_":"Sledeće"},"navbar-join":{"_":"Priključi se"},"thatsIt":{"_":"To je to!"},"startYourPhone":{"_":"Upoznajte se sa telefonom!"},"startYourTablet":{"_":"Započnite vodič za Vaš tablet!"},"joinTutorial":{"_":"Pogledajte brzo uputstvo za Vaš nov telefon."},"enjoyYourPhone":{"_":"Spremni ste da uživate koristeći svoj nov telefon."},"optionsAvailable":{"_":"U postavkama možete promeniti jezik, datum/vreme i Wi-Fi."},"letsGo":{"_":"Idemo"},"startTour":{"_":"Započni vodič"},"thatsIt1Tablet-2":{"_":"Uvek možete da prevučete sa donje ivice da biste došli na početni ekran."},"thatsIt2Tablet-2":{"_":"Hajde da to uradimo!"},"tutorial-step1-tiny":{"_":"Prevucite prstom sa desne na levu stranu da biste pregledali aplikacije."},"tutorial-step2-tiny":{"_":"Pritisnite i držite prstom neku ikonicu aplikacije da biste je izbrisali ili pomerili."},"tutorial-step3-tiny":{"_":"Unesite bilo koju ključnu reč ili temu i Vaš telefon će se odmah prilagoditi."},"tutorial-step4-tiny":{"_":"Prevucite prstom na dole da biste pristupili skorijim obaveštenjima, informacijama o kreditu i postavkama."},"tutorial-step5-tiny":{"_":"Pritisnite i držite prstom dugme za početni ekran da biste pregledali skoro korišćene aplikacije."},"tutorial-step6-tiny":{"_":"Prevucite prstom od strane ekrana da biste se kretali između aktivnih aplikacija."},"tutorial-step1-large-2":{"_":"Prevucite prstom na dole da biste pristupili skorijim obaveštenjima, informacijama o kreditu i postavkama."},"tutorial-step2-large-2":{"_":"Prevucite prstom levo ili desno da biste otkrili nove aplikacije na početnom ekranu."},"tutorial-step3-large-2":{"_":"Pritisnite i držite prstom neku ikonicu aplikacije da biste je izbrisali ili pomerili."},"tutorial-step4-large-2":{"_":"Prevucite sa dva prsta od dole da biste aktivirali prikaz kartice."},"offline-dialog-title":{"_":"Morate biti povezani na internet da biste videli stranicu."},"offline-dialog-text":{"_":"Molim Vas povežite se na internet. Ovu stranicu možete takođe pogledati kasnije iz menija postavki ili ako unesete adresu {{url}} u bilo koji pregledač interneta."},"OK":{"_":"U redu"},"offline-newsletter-dialog-title":{"_":"Morate biti povezani na internet da biste se prijavili na bilten."},"offline-newsletter-dialog-text":{"_":"Molim Vas povežite se na internet."},"invalid-email-dialog-title":{"_":"Adresa Vaše e-pošte nije ispravna"},"invalid-email-dialog-text":{"_":"Molim Vas vratite se i ispravite unos."},"nck1code":{"_":"Unesite NCK1 kod"},"nck2code":{"_":"Unesite NCK2 kod"},"hnckcode":{"_":"Unesite HNCK kod"},"rcckcode":{"_":"Unesite RCCK kod"},"rspckcode":{"_":"Unesite RSPCK kod"},"nck1codeTitle":{"_":"Unesite SIM {{n}} NCK1"},"nck2codeTitle":{"_":"Unesite SIM {{n}} NCK2"},"hnckcodeTitle":{"_":"Unesite SIM {{n}} HNCK"},"rcckcodeTitle":{"_":"Unesite SIM {{n}} RCCK"},"rspckcodeTitle":{"_":"Unesite SIM {{n}} RSPCK"},"nck1codeLabel":{"_":"SIM {{n}} NCK1"},"nck2codeLabel":{"_":"SIM {{n}} NCK2"},"hnckcodeLabel":{"_":"SIM {{n}} HNCK"},"rcckcodeLabel":{"_":"SIM {{n}} RCCK"},"rspckcodeLabel":{"_":"SIM {{n}} RSPCK"},"type_nck1":{"_":"Upišite svoj NCK1 kod"},"type_nck2":{"_":"Upišite svoj NCK2 kod"},"type_hnck":{"_":"Upišite svoj HNCK kod"},"type_rcck":{"_":"Upišite svoj RCCK kod"},"type_rspck":{"_":"Upišite svoj RSPCK kod"},"nck1Validation":{"_":"NCK1 kod mora imati između 8 i 16 karaktera."},"nck2Validation":{"_":"NCK2 kod mora imati između 8 i 16 karaktera."},"hnckValidation":{"_":"HNCK kod mora imati između 8 i 16 karaktera."},"rcckValidation":{"_":"RCCK kod mora imati između 8 i 16 karaktera."},"rspckValidation":{"_":"RSPCK kod mora imati između 8 i 16 karaktera."},"firefox-accounts":{"_":"Firefox nalozi"},"fxa-overview":{"innerHTML":"Firefox nalog Vam dozvoljava da koristite mogućnosti kao što su Nađi moj uređaj i aplikacije u Firefox Marketplace-u."},"fxa-create-account-or-sign-in":{"_":"Napravi nalog ili se prijavi"},"fxa-email-sent":{"_":"Verifikaciona veza je poslata na e-poštu {{email}}"},"learn-more-telemetry":{"innerHTML":"Saznajte više na {{link}}"},"learn-more-information":{"innerHTML":"Saznajte kako Mozilla rukuje sa informacijama na {{link}}"},"learn-more-privacy":{"innerHTML":"Saznajte kako Mozilla rukuje sa informacijama na {{link}}."},"learn-more-privacy-link":{"_":"polisa privatnosti"},"weekday-0-long":{"_":"Nedelja"},"weekday-1-long":{"_":"Ponedeljak"},"weekday-2-long":{"_":"Utorak"},"weekday-3-long":{"_":"Sreda"},"weekday-4-long":{"_":"Četvrtak"},"weekday-5-long":{"_":"Petak"},"weekday-6-long":{"_":"Subota"},"weekday-0-short":{"_":"Ned"},"weekday-1-short":{"_":"Pon"},"weekday-2-short":{"_":"Uto"},"weekday-3-short":{"_":"Sre"},"weekday-4-short":{"_":"Čet"},"weekday-5-short":{"_":"Pet"},"weekday-6-short":{"_":"Sub"},"month-0-long":{"_":"januar"},"month-1-long":{"_":"februar"},"month-2-long":{"_":"mart"},"month-3-long":{"_":"april"},"month-4-long":{"_":"maj"},"month-5-long":{"_":"jun"},"month-6-long":{"_":"jul"},"month-7-long":{"_":"avgust"},"month-8-long":{"_":"septembar"},"month-9-long":{"_":"oktobar"},"month-10-long":{"_":"novembar"},"month-11-long":{"_":"decembar"},"month-0-genitive":{"_":"januara"},"month-1-genitive":{"_":"februara"},"month-2-genitive":{"_":"marta"},"month-3-genitive":{"_":"aprila"},"month-4-genitive":{"_":"maja"},"month-5-genitive":{"_":"juna"},"month-6-genitive":{"_":"jula"},"month-7-genitive":{"_":"avgusta"},"month-8-genitive":{"_":"septembra"},"month-9-genitive":{"_":"oktobra"},"month-10-genitive":{"_":"novembra"},"month-11-genitive":{"_":"decembra"},"month-0-short":{"_":"jan"},"month-1-short":{"_":"feb"},"month-2-short":{"_":"mar"},"month-3-short":{"_":"apr"},"month-4-short":{"_":"maj"},"month-5-short":{"_":"jun"},"month-6-short":{"_":"jul"},"month-7-short":{"_":"avg"},"month-8-short":{"_":"sep"},"month-9-short":{"_":"okt"},"month-10-short":{"_":"nov"},"month-11-short":{"_":"dec"},"minutes-ago-long":{"_":"{[ plural(value) ]}","_[zero]":"upravo","_[one]":"pre minut","_[two]":"pre {{value}} minuta","_[few]":"pre {{value}} minuta","_[many]":"pre {{value}} minuta","_[other]":"pre {{value}} minuta"},"hours-ago-long":{"_":"{[ plural(value) ]}","_[zero]":"upravo","_[one]":"pre sat vremena","_[two]":"pre {{value}} sata","_[few]":"pre {{value}} sati","_[many]":"pre {{value}} sati","_[other]":"pre {{value}} sati"},"days-ago-long":{"_":"{[ plural(value) ]}","_[zero]":"danas","_[one]":"juče","_[two]":"pre {{value}} dana","_[few]":"pre {{value}} dana","_[many]":"pre {{value}} dana","_[other]":"pre {{value}} dana"},"weeks-ago-long":{"_":"{[ plural(value) ]}","_[zero]":"ove nedelje","_[one]":"prošle nedelje","_[two]":"pre {{value}} nedelje","_[few]":"pre {{value}} nedelja","_[many]":"pre {{value}} nedelja","_[other]":"pre {{value}} nedelja"},"months-ago-long":{"_":"{[ plural(value) ]}","_[zero]":"ovog meseca","_[one]":"prošlog meseca","_[two]":"pre {{value}} meseca","_[few]":"pre {{value}} meseci","_[many]":"pre {{value}} meseci","_[other]":"pre {{value}} meseci"},"years-ago-long":{"_":"{[ plural(value) ]}","_[zero]":"ove godine","_[one]":"prošle godine","_[two]":"pre {{value}} godine","_[few]":"pre {{value}} godina","_[many]":"pre {{value}} godina","_[other]":"pre {{value}} godina"},"minutes-until-long":{"_":"{[ plural(value) ]}","_[zero]":"upravo","_[one]":"za jedan minut","_[two]":"za {{value}} minuta","_[few]":"za {{value}} minuta","_[many]":"za {{value}} minuta","_[other]":"za {{value}} minuta"},"hours-until-long":{"_":"{[ plural(value) ]}","_[zero]":"upravo","_[one]":"za sat vremena","_[two]":"za {{value}} sata","_[few]":"za {{value}} sati","_[many]":"za {{value}} sati","_[other]":"za {{value}} sati"},"days-until-long":{"_":"{[ plural(value) ]}","_[zero]":"danas","_[one]":"sutra","_[two]":"za {{value}} dana","_[few]":"za {{value}} dana","_[many]":"za {{value}} dana","_[other]":"za {{value}} dana"},"weeks-until-long":{"_":"{[ plural(value) ]}","_[zero]":"ove nedelje","_[one]":"sledeće nedelje","_[two]":"za {{value}} nedelje","_[few]":"za {{value}} nedelja","_[many]":"za {{value}} nedelja","_[other]":"za {{value}} nedelja"},"months-until-long":{"_":"{[ plural(value) ]}","_[zero]":"ovog meseca","_[one]":"sledećeg meseca","_[two]":"za {{value}} meseca","_[few]":"za {{value}} meseci","_[many]":"za {{value}} meseci","_[other]":"za {{value}} meseci"},"years-until-long":{"_":"{[ plural(value) ]}","_[zero]":"ove godine","_[one]":"sledeće godine","_[two]":"za {{value}} godine","_[few]":"za {{value}} godina","_[many]":"za {{value}} godina","_[other]":"za {{value}} godina"},"minutes-ago-short":{"_":"{[ plural(value) ]}","_[zero]":"upravo","_[other]":"pre {{value}}m"},"hours-ago-short":{"_":"{[ plural(value) ]}","_[zero]":"upravo","_[other]":"pre {{value}}s"},"days-ago-short":{"_":"{[ plural(value) ]}","_[zero]":"danas","_[other]":"pre {{value}}d"},"minutes-until-short":{"_":"{[ plural(value) ]}","_[zero]":"upravo","_[other]":"za {{value}}m"},"hours-until-short":{"_":"{[ plural(value) ]}","_[zero]":"upravo","_[other]":"za {{value}}s"},"days-until-short":{"_":"{[ plural(value) ]}","_[zero]":"danas","_[other]":"za {{value}}d"},"incorrectDate":{"_":"(netačan datum)"},"dateTimeFormat_%c":{"_":"%a %e %b %Y %H:%M:%S"},"dateTimeFormat_%x":{"_":"%d.%m.%Y"},"dateTimeFormat_%X":{"_":"%H:%M:%S"},"shortTimeFormat":{"_":"%H:%M"},"shortDateTimeFormat":{"_":"%x %H:%M"},"weekStartsOnMonday":{"_":"1"},"time_am":{"_":"AM"},"time_pm":{"_":"PM"},"tz-region":{"_":"Region"},"tz-city":{"_":"Grad"},"tzRegion-Africa":{"_":"Afrika"},"tzRegion-America":{"_":"Amerika"},"tzRegion-Antarctica":{"_":"Antarktik"},"tzRegion-Asia":{"_":"Azija"},"tzRegion-Atlantic":{"_":"Atlantski okean"},"tzRegion-Australia":{"_":"Australija"},"tzRegion-Europe":{"_":"Evropa"},"tzRegion-Indian":{"_":"Indijski okean"},"tzRegion-Pacific":{"_":"Pacifik"},"close":{"_":"Close"},"import":{"_":"Import"},"fbFriends":{"_":"Facebook Friends"},"live-serviceName":{"_":"Outlook"},"gmail-serviceName":{"_":"Gmail"},"facebook-serviceName":{"_":"Facebook Friends"},"viewAll":{"_":"View All Facebook Friends"},"viewRecommend":{"_":"View Only Recommended"},"linkProposal":{"_":"{[ plural(numFriends) ]}","_[zero]":"No matching friends. Showing all","_[one]":"Select the recommended one","_[two]":"Select a recommended one","_[few]":"Select a recommended one","_[many]":"Select a recommended one","_[other]":"Select a recommended one"},"fbFriendsFound":{"_":"{[ plural(numFriends) ]}","_[zero]":"All your friends are imported","_[one]":"Found one friend to import","_[two]":"Found {{numFriends}} friends to import","_[few]":"Found {{numFriends}} friends to import","_[many]":"Found {{numFriends}} friends to import","_[other]":"Found {{numFriends}} friends to import"},"done-search":{"_":"Done"},"progressFB3ImportTitle":{"_":"Importing friends to Contacts"},"progressFB":{"_":"{{current}}/{{total}}"},"progressFB3UpdateTitle":{"_":"Updating friends in Contacts"},"message2":{"_":"This may take a couple of minutes"},"messageLinking":{"_":"Please hold on. We are linking your friend and your contact."},"error1":{"_":"Error {{from}}"},"error2":{"_":"Do you want to retry?"},"errorProposal":{"_":"calculating proposals"},"errorFriends":{"_":"retrieving friends"},"errorLinking":{"_":"linking contact"},"timeout1":{"_":"Exceeded timeout {{from}}"},"timeout2":{"_":"Do you want to retry?"},"timeoutProposal":{"_":"calculating proposals"},"timeoutFriends":{"_":"retrieving friends"},"timeoutLinking":{"_":"linking contacts"},"wait1":{"_":"Please hold on"},"wait2":{"_":"This may take a couple of minutes"},"waitProposal":{"_":"Please hold on. We are calculating a proposal."},"waitFriends":{"_":"Please hold on. We are connecting to obtain your friend list."},"curtainCancel":{"_":"Cancel"},"curtainRetry":{"_":"Retry"},"curtainOK":{"_":"OK"},"connectionLost":{"_":"No Internet connection"},"connectionLostMsg":{"_":"Friends’ photos will not be added to your contacts. Continue anyway?"},"yesOption":{"_":"OK"},"noOption":{"_":"Cancel"},"friendsUpdated":{"_":"{[ plural(numFriends) ]}","_[zero]":"No friends updated","_[one]":"Updated one friend","_[two]":"Updated {{numFriends}} friends","_[few]":"Updated {{numFriends}} friends","_[many]":"Updated {{numFriends}} friends","_[other]":"Updated {{numFriends}} friends"},"notificationLogin":{"_":"Your Facebook session is invalid. Please sign in."},"syncError":{"_":"There was an error synchronizing your friend’s data"},"addToExistingContact":{"_":"Dodaj postojećem kontakt"},"all":{"_":"Svi","ariaLabel":"Svi"},"callLog":{"_":"Dnevnik poziva"},"connecting":{"_":"Povezivanje"},"cf-async":{"_":"Asinhrono: {{ async }}\n"},"cf-data":{"_":"Podaci: {{ data }}\n"},"cf-error":{"_":"Došlo je do greške pri dobavljanju statusa preusmeravanja poziva"},"cf-fax":{"_":"Faks: {{ fax }}\n"},"cf-inactive":{"_":"Neaktivno"},"cf-packet":{"_":"Paket: {{ packet }}\n"},"cf-pad":{"_":"PAD: {{ pad }}\n"},"cf-sms":{"_":"SMS: {{ sms }}\n"},"cf-status":{"_":"Status preusmeravanja poziva\n"},"cf-sync":{"_":"Sinhrono: {{ sync }}\n"},"cf-voice":{"_":"Glas: {{ voice }}\n"},"confirm-deletion":{"_":"Obriši odabrane pozive?"},"createNewContact":{"_":"Dodaj novi kontakt"},"delete":{"_":"Izbriši"},"edit-selected":{"_":"{[ plural(n) ]}","_[one]":"{{ n }} odabran","_[two]":"{{ n }} odabrana","_[few]":"{{ n }} odabrano","_[many]":"{{ n }} odabrano","_[other]":"{{ n }} odabrano"},"ignore":{"_":"Zanemari poziv"},"incoming":{"_":"Dolazni"},"missed":{"_":"Propušteni","ariaLabel":"Propušteni"},"missedCall":{"_":"Propušten poziv"},"missedCallMultiSims":{"_":"(SIM {{ n }}) propušten poziv"},"mmi-error":{"_":"Došlo je do greške pri slanju poruke"},"mmi-session-expired":{"_":"Sesija je istekla"},"mmi-successfully-sent":{"_":"Poruka je uspešno poslata"},"no-logs-msg-1":{"_":"Nema zapamćenih poziva"},"no-logs-msg-2":{"_":"Započnite komunicirati"},"no-logs-msg-3":{"_":"Nema propuštenih poziva"},"reply":{"_":"Odgovori"},"switch-calls":{"_":"Zameni pozive"},"withheld-number":{"_":"Sakriven broj"},"from-contact":{"_":"Od {{ contact }}"},"from-number":{"_":"Od {{ number }}"},"from-withheld-number":{"_":"Sa sakrivenog broja"},"sending":{"_":"Slanje…"},"ussd-services":{"_":"{{ operator }} servisi"},"type-your-response":{"placeholder":"Upišite svoj odgovor…"},"clear-all-text":{"_":"Obriši sav tekst"},"hide":{"_":"Sakri"},"hold":{"_":"Hold","ariaLabel":"Stavi na čekanje"},"resume":{"_":"Nastavi","ariaLabel":"Nastavi"},"sendSms":{"_":"Pošalji poruku"},"callEnded":{"_":"Poziv je završen"},"via-sim":{"_":"via SIM{{ n }}"},"sim-number":{"_":"SIM{{ n }}"},"hangup-a11y-button":{"aria-label":"Hang Up","ariaLabel":"Spusti"},"pickup-a11y-button":{"aria-label":"Pick up","ariaLabel":"Javi se"},"unlock-a11y-button":{"aria-label":"Slider","ariaLabel":"Klizač"},"delete-n-log?":{"_":"{[ plural(n) ]}","_[zero]":"Ništa nije odabrano","_[one]":"Izbrisati odabranu stavku?","_[two]":"Izbrisati {{ n }} stavke?","_[few]":"Izbrisati {{ n }} stavki?","_[many]":"Izbrisati {{ n }} stavki?","_[other]":"Izbrisati {{ n }} stavki?"},"callDurationMinutes":{"_":"{{ m }}:{{ s }}"},"callDurationHours":{"_":"{{ h }}:{{ m }}:{{ s}}"},"suggestionMatches":{"_":"{[ plural(n) ]}","_[one]":"{{ n }} poklapanje sa \"{{ matchNumber }}\"","_[two]":"{{ n }} poklapanja sa \"{{ matchNumber }}\"","_[few]":"{{ n }} poklapanja sa \"{{ matchNumber }}\"","_[many]":"{{ n }} poklapanja sa \"{{ matchNumber }}\"","_[other]":"{{ n }} poklapanja sa \"{{ matchNumber }}\""},"scCallBarring":{"_":"Zabrana poz."},"scCallForwarding":{"_":"Preusmer."},"scClip":{"_":"ID poziva"},"scClir":{"_":"ID poziva"},"scPwd":{"_":"Promena lozinke"},"scCallWaiting":{"_":"Poziv na čekanju"},"scPin":{"_":"Promeni PIN"},"scPin2":{"_":"Promeni PIN2"},"scPuk":{"_":"Deblokiranje"},"scPuk2":{"_":"Deblokiranje"},"scImei":{"_":"IMEI"},"scUssd":{"_":"USSD"},"serviceClassVoice":{"_":"Glas"},"serviceClassData":{"_":"Podaci"},"serviceClassFax":{"_":"Faks"},"serviceClassSms":{"_":"SMS"},"serviceClassDataSync":{"_":"Sinhronizacija"},"serviceClassDataAsync":{"_":"Asinhronizacija"},"serviceClassPacket":{"_":"Paket"},"serviceClassPad":{"_":"PAD"},"smServiceEnabled":{"_":"Usluga omogućena"},"smServiceDisabled":{"_":"Usluga je onemogućena"},"smServiceRegistered":{"_":"Registracija uspešna"},"smServiceErased":{"_":"Brisanje uspešno"},"smServiceInterrogated":{"_":"Zahtev uspešan"},"smServiceNotProvisioned":{"_":"Usluga nije dostupna"},"smClirPermanent":{"_":"Ne možete da promenite ID pozivaoca"},"smClirDefaultOnNextCallOn":{"_":"ID pozivaoca po podrazumevanom je sakriven. Sledeći poziv: sakriven"},"smClirDefaultOnNextCallOff":{"_":"ID pozivaoca po podrazumevanom je sakriven. Sledeći poziv: vidljiv"},"smClirDefaultOffNextCallOn":{"_":"ID pozivaoca po podrazumevanom nije sakriven. Sledeći poziv: sakriven"},"smClirDefaultOffNextCallOff":{"_":"ID pozivaoca po podrazumevanom nije sakriven. Sledeći poziv: vidljiv"},"smServiceEnabledFor":{"_":"Usluga omogućena za:"},"smPinChanged":{"_":"PIN je uspešno promenjen"},"smPinUnblocked":{"_":"PIN je uspešno odblokiran"},"smPin2Changed":{"_":"PIN2 je uspešno promenjen"},"smPin2Unblocked":{"_":"PIN2 je uspešno odblokiran"},"emMmiError":{"_":"Problem u vezi ili je MMI kod neispravan"},"emMmiErrorPasswordIncorrect":{"_":"Pogrešna lozinka"},"emMmiErrorNotSupported":{"_":"Neispravan ili nepodržan MMI kod"},"emMmiErrorInvalidAction":{"_":"Neispravna akcija"},"emMmiErrorInvalidScCode":{"_":"Nevažeći servisni kod"},"emMmiErrorBadPuk":{"_":"PUK koji ste uneli nije tačan"},"emMmiErrorBadPin":{"_":"Stari PIN koji ste uneli nije tačan."},"emMmiErrorNeedPuk2":{"_":"Unesite PUK2 da biste skinuli blokadu sa kartice"},"emMmiErrorMismatchPin":{"_":"PIN-ovi se ne poklapaju"},"emMmiErrorInvalidPin":{"_":"Unesite PIN koji sadrži 4 do 8 karaktera"},"emMmiErrorNeedsPuk":{"_":"Vaša SIM kartica je zaključana PUK kodom"},"emMmiErrorEnablePin":{"_":"Neuspešno. Omogućite SIM/RUIM LOCK"},"emMmiErrorMmiFdn":{"_":"Operacija je ograničena samo na fiksno biranje brojeva"},"emMmiErrorStkCcUssdDial":{"_":"USSD zahtev je promenjen u DIAL zahtev"},"emMmiErrorStkCcUssdSs":{"_":"USSD zahtev je promenjen u SS zahtev"},"emMmiErrorStkCcUssdUssd":{"_":"USSD zahtev je promenjen u novi USSD zahtev"},"emMmiErrorStkCcSsDial":{"_":"SS zahtev je promenjen u DIAL zahtev"},"emMmiErrorStkCcSsUssd":{"_":"SS zahtev je promenjen u USSD zahtev"},"emMmiErrorStkCcSsSs":{"_":"SS zahtev je promenjen u novi SS zahtev"},"emMmiErrorPinPukAttempts":{"_":"{[ plural(n) ]}","_[one]":"Preostao je samo {{ n }} pokušaj","_[two]":"Preostala su {{ n }} pokušaja","_[few]":"Preostalo je {{ n }} pokušaja","_[many]":"Preostalo je {{ n }} pokušaja","_[other]":"Preostalo je {{ n }} pokušaja"},"emMmiErrorSimBlocked":{"_":"Maksimalan broj pokušaja prekoračen. SIM kartica je blokirana"},"RadioNotAvailable":{"_":"Radio nije dostupan"},"GenericFailure":{"_":"Generička greška"},"PasswordIncorrect":{"_":"Pogrešna lozinka"},"SimPin2":{"_":"SIM PIN2"},"SimPuk2":{"_":"SIM PUK2"},"RequestNotSupported":{"_":"Zahtev nije podržan"},"OpNotAllowedDuringVoiceCall":{"_":"Operacija nije dozvoljena tokom razgovora"},"SmsSendFailRetry":{"_":"Neuspešno slanje SMS-a"},"SimAbsent":{"_":"SIM kartica nije pronađena"},"SubscriptionNotAvailable":{"_":"Pretplata nije dostupna"},"ModeNotSupported":{"_":"Režim nije podržan"},"FdnCheckFailure":{"_":"Fdn greška pri proveri"},"IllegalSimOrMe":{"_":"Nedopušten SIM ili ME"},"DialModifiedToUssd":{"_":"Biranje izmenjeno u USSD"},"DialModifiedToSs":{"_":"Biranje izmenjeno u SS"},"DialModifiedToDial":{"_":"Biranje izmenjeno u poziv"},"UssdModifiedToDial":{"_":"USSD izmenjen u poziv"},"UssdModifiedToSs":{"_":"USSD izmenjen u SS"},"UssdModifiedToUssd":{"_":"USSD izmenjen u USSD"},"SsModifiedToDial":{"_":"SS izmenjen u poziv"},"SsModifiedToUssd":{"_":"SS izmenjen u USSD"},"SsModifiedToSs":{"_":"SS izmenjen u SS"},"SubscriptionNotSupported":{"_":"Pretplata nije podržana"},"InvalidParameter":{"_":"Neispravan parametar"},"RejectedByRemote":{"_":"Odbijen od udaljenog uređaja"},"group-call":{"_":"{[ plural(n) ]}","_[one]":"{{ n }} gru. poziv","_[two]":"{{ n }} gru. poziva","_[few]":"{{ n }} gru. poziva","_[many]":"{{ n }} gru. poziva","_[other]":"{{ n }} gru. poziva"},"caller-left-call":{"_":"{{ caller }} je napustio poziv."},"conferenceAddError":{"_":"Nije moguće spojiti pozive"},"conferenceRemoveError":{"_":"Nije moguće odvojiti pozive"},"longDateFormat":{"_":"%A, %e %B"},"select-audio-sources":{"_":"Odaberite zvučne izvore"},"bluetooth-handsfree-device":{"_":"Bluetooth handsfree uređaj"},"receiver":{"_":"Slušalica"},"speaker":{"_":"Zvučnik"},"addNewNumber":{"_":"Dodaj novi broj"},"asterisk":{"ariaLabel":"Asterisk"},"callLogEdit":{"title":"Uredi dnevnik poz."},"callLogEditDialog":{"ariaLabel":"Uredi dijalog dnevnika poziva"},"dialerAddContact":{"ariaLabel":"Dodaj kontakt"},"dialerAddContactDialog":{"ariaLabel":"Dodaj dijalog kontakta"},"hashSign":{"ariaLabel":"Oznaka tarabe"},"hideKeypad":{"ariaLabel":"Sakrij tastaturu"},"keypad":{"ariaLabel":"Tastatura"},"keypadDelete":{"ariaLabel":"Izbriši"},"makeCall":{"ariaLabel":"Pozovi"},"merge":{"_":"Spoji"},"mute":{"ariaLabel":"Prigušiti ton"},"newCall":{"ariaLabel":"Novi poziv"},"phoneNumberInput":{"ariaLabel":"Broj telefona"},"recents":{"ariaLabel":"Nedavni pozivi"},"voiceMailKey":{"ariaLabel":"Govorna pošta"},"speakerOption":{"ariaLabel":"Zvučnik"},"toggleKeypad":{"ariaLabel":"Promeni stanje tastature"},"sim-picker-dial-via-with-number":{"_":"Pozovi {{ phoneNumber }} preko"},"sim-picker-select-sim":{"_":"Izaberi SIM"},"sim-picker-button":{"_":"SIM{{ n }}"},"sim-picker-button-default":{"_":"(podrazumevan)"},"waitDuplicateContacts":{"_":"Tražim duplikate kontakata"},"waitMergingDuplicateContacts":{"_":"Spajam duplikate kontakata"},"alertNoDuplicateContacts":{"_":"Nisu nađeni duplikati kontakata"},"mergeDuplicateTitle":{"_":"Spajanje duplikata"},"suggestedDuplicateContacts":{"_":"Predložen duplikat kontakata za {{name}} "},"mergeActionButtonLabel":{"_":"{[ plural(n) ]}","_[zero]":"Ni jedan kontakt nije izabran","_[one]":"Spoji sa {{n}} kontaktom","_[other]":"Spoji sa {{n}} kontakata"},"duplicatesFoundTitle":{"_":"Nađeni duplikati"},"duplicatesFoundMessage":{"_":"{{name}} duplikati informacija u sledećim kontaktima"}}