{"brandShortName":{"_":"B2G OS"},"browserBrandShortName":{"_":"Webbläsare"},"browserBrandFullName":{"_":"Webbläsare Mozilla"},"callAirplaneModeMessage":{"_":"För att ringa ett samtal måste du inaktivera flygplansläge i inställningar."},"callAirplaneModeBtnOk":{"_":"OK"},"callAirplaneModeTitle":{"_":"Flygplansläge aktiverat"},"numberIsBusyTitle":{"_":"Numret är upptaget"},"numberIsBusyMessage":{"_":"Numret är upptaget. Försök igen senare."},"fdnIsEnabledTitle":{"_":"FDN active"},"fdnIsEnabledMessage":{"_":"This number is blocked as it is not in your list of authorized numbers."},"voiceMail":{"_":"Röstbrevlåda"},"emergencyNumber":{"_":"Nödnummer"},"emergencyDialogBodyBadNumber":{"_":"För att ringa ett samtal, måste telefonen vara ansluten till ett mobilnät."},"emergencyDialogBodyDeviceNotAccepted":{"_":"Nödsamtal är inte tillåtna i nätet."},"emergencyDialogBtnOk":{"_":"OK"},"emergencyDialogTitle":{"_":"Ingen nätverksanslutning"},"invalidNumberToDialTitle":{"_":"Ogiltigt telefonnummer"},"invalidNumberToDialMessage":{"_":"Telefonnumret du ringer är inte giltigt."},"unableToCallTitle":{"_":"Kan inte ringa ett samtal nu"},"unableToCallMessage":{"_":"Det går inte att ringa. Om du redan ringer, vänligen lägg på först."},"otherConnectionInUseTitle":{"_":"Annan anslutning används"},"otherConnectionInUseMessage":{"_":"Du har ett pågående samtal på en annan anslutning. Du kan bara använda en anslutning i taget."},"add":{"_":"Lägg till"},"back":{"_":"Back"},"call":{"_":"Ring"},"edit":{"_":"Redigera"},"cancel":{"_":"Avbryt"},"done":{"_":"Klar"},"ok":{"_":"OK"},"update":{"_":"Update"},"retry":{"_":"Försök igen"},"contacts":{"_":"Kontakter"},"addContact":{"_":"Lägg till kontakt"},"deleteContact":{"_":"Ta bort kontakt"},"selectContact":{"_":"Välj kontakt"},"selectAll":{"_":"Select all"},"deselectAll":{"_":"Deselect all"},"editContact":{"_":"Redigera kontakt"},"deleteConfirmMsg":{"_":"Ta bort kontakt?"},"remove":{"_":"Ta bort"},"comments":{"_":"Kommentarer"},"no_contact_phones":{"_":"Kontakten har inget telefonnummer"},"no_contact_email":{"_":"Kontakten har ingen e-postadress"},"removePhotoConfirm":{"_":"Ta bort bild för kontakt?"},"loadingContacts":{"_":"Laddar kontakter…"},"noContactsActivity":{"_":"Kan inte lägga till i kontakter eftersom din kontaktlista är tom"},"noName":{"_":"Inget namn"},"givenName":{"placeholder":"Namn"},"familyName":{"placeholder":"Efternamn"},"tel":{"placeholder":"Nummer"},"carrier":{"_":"Operatör","placeholder":"Operatör"},"separator":{"_":","},"email":{"_":"E-post","placeholder":"E-post"},"streetAddress":{"placeholder":"Gatuadress"},"postalCode":{"placeholder":"Postnummer"},"locality":{"placeholder":"Postort"},"countryName":{"placeholder":"Land"},"comment":{"placeholder":"Kommentar"},"org":{"placeholder":"Företag"},"custom":{"placeholder":"Anpassad","_":"Anpassad"},"date":{"_":"Datum","placeholder":"Datum"},"birthday":{"_":"Födelsedag"},"dateFormat":{"_":"%e %B"},"dateOutput":{"_":"{{dayMonthFormatted}} {{year}}"},"anniversary":{"_":"Årsdag"},"addPhoto":{"_":"Lägg till bild"},"addPhone":{"_":"Lägg till nummer"},"addEmail":{"_":"Lägg till e-post"},"addAddress":{"_":"Lägg till adress"},"addDate":{"_":"Lägg till datum"},"addComment":{"_":"Lägg till kommentar"},"addFavorite":{"_":"Lägg till som favorit"},"removeFavorite":{"_":"Ta bort som favorit"},"label":{"_":"Namn"},"mobile":{"_":"Mobil"},"home":{"_":"Hem"},"work":{"_":"Arbete"},"personal":{"_":"Privat"},"faxHome":{"_":"Fax hem"},"faxOffice":{"_":"Fax kontor"},"faxOther":{"_":"Fax övrig"},"another":{"_":"Ytterligare"},"other":{"_":"Övrigt"},"current":{"_":"Aktuell"},"itemWithLabel":{"_":"{{label}}, {{item}}"},"exit":{"_":"Avsluta"},"expand":{"_":"Expandera"},"labelName":{"_":"Namn:"},"labelLastName":{"_":"Efternamn:"},"labelPhoneNumber":{"_":"Telefonnummer:"},"labelCarrier":{"_":"Operatör:"},"labelEmail":{"_":"E-post:"},"labelStreet":{"_":"Gatuadress:"},"labelZip":{"_":"Postnummer:"},"labelCity":{"_":"Postort:"},"labelCountry":{"_":"Land:"},"labelComment":{"_":"Kommentar:"},"legendTitleMain":{"_":"Huvudinformation"},"legendPhones":{"_":"Telefonnummer"},"legendEmail":{"_":"E-postadress"},"legendAddress":{"_":"Adress"},"settings":{"_":"Inställningar"},"search-contact":{"placeholder":"Search"},"noResults":{"_":"No contacts found"},"transferContactsTitle":{"_":"Överför kontakter"},"importContactsTitle":{"_":"Importera kontakter"},"importContactsButton":{"_":"Importera kontakter"},"exportContactsTitle":{"_":"Exportera kontakter"},"exportContactsButton":{"_":"Exportera kontakter"},"exportContactsAction":{"_":"Exportera"},"simExport-title":{"_":"Exportera till SIM-kort"},"sdExport-title":{"_":"Exportera till minneskort"},"btExport-title":{"_":"Exportera till bluetooth"},"sdUMSEnabled":{"_":"Kan inte använda minneskort eftersom USB-lagring är aktiverad"},"exportErrorTitle":{"_":"Exporteringsfel"},"contactsExported2":{"_":"{[ plural(exported) ]}","_[zero]":"Inga kontakter exporterade","_[one]":"{{exported}}/{{total}} kontakter exporterade","_[two]":"{{exported}}/{{total}} kontakter exporterade","_[few]":"{{exported}}/{{total}} kontakter exporterade","_[many]":"{{exported}}/{{total}} kontakter exporterade","_[other]":"{{exported}}/{{total}} kontakter exporterade"},"exportError-general":{"_":"Fel uppstod vid exportering"},"exportError-SD-shared":{"_":"Kan inte komma åt minneskortet eftersom det är delat"},"exportError-SD-unavailable":{"_":"Minneskortet är inte tillgängligt"},"exportError-SD-noSpace":{"_":"Det finns inte tillräckligt med utrymme på minneskortet för att exportera kontakter"},"exportError-SIM-unavailable":{"_":"SIM-kortet är inte tillgängligt"},"exportError-BT-shared":{"_":"Kan inte komma åt minneskortet eftersom det är delat"},"exportError-BT-unavailable":{"_":"Minneskortet är inte tillgängligt"},"exportError-BT-noSpace":{"_":"Det finns inte tillräckligt med utrymme på minneskortet för att exportera kontakter"},"simContacts-import":{"_":"Importera SIM-kontakter"},"simContacts-importing":{"_":"Importerar SIM-kontakter…"},"simContacts-reading":{"_":"Läser från SIM-kort…"},"simContacts-error":{"_":"Det gick inte att importera kontakter från SIM-kortet"},"simContacts-imported3":{"_":"{[ plural(n) ]}","_[zero]":"Inga kontakter hittades på SIM-kortet","_[one]":"Importerade en kontakt","_[two]":"Importerade {{n}} kontakter","_[few]":"Importerade {{n}} kontakter","_[many]":"Importerade {{n}} kontakter","_[other]":"Importerade {{n}} kontakter"},"noSimMsg":{"_":"To import contacts insert or unlock your SIM card"},"noSimMsgExport":{"_":"För att exportera kontakter, sätt i eller lås upp SIM-kortet"},"simNumber":{"_":"SIM {{number}}"},"memoryCardContacts-import":{"_":"Importera kontakter från minneskort"},"memoryCardContacts-importing":{"_":"Importerar kontakter från minneskort…"},"memoryCardContacts-reading":{"_":"Läser från minneskort…"},"memoryCardContacts-error":{"_":"Det gick inte att importera kontakter från minneskortet"},"memoryCardContacts-imported3":{"_":"{[ plural(n) ]}","_[zero]":"Inga kontakter hittades på minneskortet","_[one]":"Importerade en kontakt","_[two]":"Importerade {{n}} kontakter","_[few]":"Importerade {{n}} kontakter","_[many]":"Importerade {{n}} kontakter","_[other]":"Importerade {{n}} kontakter"},"noMemoryCardMsg":{"_":"To import contacts insert a memory card"},"noMemoryCardMsgExport":{"_":"För att exportera kontakter, sätt i ett minneskort"},"genericProgress":{"_":"{{current}}/{{total}}"},"social-network":{"_":"Sociala nätverk"},"social-link":{"_":"Länka kontakt"},"social-unlink":{"_":"Avlänka kontakt"},"social-unlink-confirm-title":{"_":"Vill du ta bort länk till din vän?"},"social-unlink-confirm-accept":{"_":"Avlänka"},"facebook-import":{"_":"Importera Facebook-vänner"},"show-fb-profile":{"_":"Visa Facebook-profil"},"msg-send":{"_":"Meddelande"},"wall-post":{"_":"Vägginlägg"},"facebook":{"_":"Facebook"},"facebook-import-msg":{"_":"{[ plural(imported) ]}","_[zero]":"Inga vänner importerade (utav {{total}})","_[one]":"En vän importerad (utav {{total}})","_[two]":"{{imported}}/{{total}} vänner importerade","_[few]":"{{imported}}/{{total}} vänner importerade","_[many]":"{{imported}}/{{total}} vänner importerade","_[other]":"{{imported}}/{{total}} vänner importerade"},"otherAccount":{"_":"Andra konton"},"facebookSwitchMsg":{"_":"Synkronisera vänner"},"select_mobile":{"_":"Välj mobil"},"select_email":{"_":"Välj e-post"},"contactsOrderBy":{"_":"Sortera efter efternamn"},"importSim2":{"_":"SIM-kort"},"importMemoryCard":{"_":"Memory card"},"importGmail":{"_":"Gmail"},"bluetooth":{"_":"Bluetooth"},"importOutlook":{"_":"Outlook"},"fbUpdateFriends":{"_":"Uppdatera importerade vänner"},"cleaningFbData":{"_":"Tar bort Facebook data"},"loggingOutFb":{"_":"Loggar ut från Facebook"},"cleanFbConfirmMsg":{"_":"Ta bort all Facebook data?"},"renewPwdMsg":{"_":"Ditt lösenord till Facebook har ändrats. Vänligen, uppdatera."},"noConnection11":{"_":"To import Facebook friends or contacts connect to Wi-Fi or data network"},"notEnabledYet":{"_":"Inte aktiverat än"},"genericNoConnection":{"_":"För att importera kontakter anslut till Wi-Fi eller datanät"},"simCard":{"_":"SIM-kort"},"memoryCard":{"_":"Minneskort"},"create-new":{"_":"Skapa en ny kontakt"},"import-now":{"_":"Importera dina kontakter från SIM-kortet eller Facebook"},"no-contacts":{"_":"Inga kontakter"},"start-adding":{"_":"Börja lägga till dem nu"},"notImported":{"_":"Importera inte"},"imported":{"_":"Importerad"},"today":{"_":"Idag"},"yesterday":{"_":"Igår"},"messageCanceling":{"_":"Please hold on. We are canceling the ongoing operation."},"organise-contacts":{"_":"Organisera kontakter"},"find-merge-contacts":{"_":"Hitta duplicerade kontakter"},"preparing-contacts":{"_":"Förbereder kontakter"},"exportError-SIM-NoFreeRecordFound":{"_":"SIM-kortet är fullt"},"exportError-SIM-CannotAccessPhoneBook":{"_":"Kan inte komma åt SIM-kortets telefonbok"},"exportError-SIM-Unavailable":{"_":"Inget SIM-kort hittades"},"exportError-SIM-GenericError":{"_":"Ett fel uppstod när en kontakt exporterades"},"delete":{"_":"Ta bort"},"date-span-placeholder":{"_":"Datum"},"ContactManagementTitle":{"_":"Hantera kontakter"},"DeleteTitle":{"_":"Ta bort"},"bulkDeleteButton":{"_":"Ta bort kontakter"},"BulkDelCancel":{"_":"Ta bort kontakter avbröts"},"DeletedTxt":{"_":"{[ plural(n) ]}","_[zero]":"Ingen kontakt att ta bort","_[one]":"1 kontakt borttagen","_[two]":"{{n}} kontakter borttagna","_[few]":"{{n}} kontakter borttagna","_[many]":"{{n}} kontakter borttagna","_[other]":"{{n}} kontakter borttagna"},"DeletingContacts":{"_":"Tar bort kontakter"},"ContactConfirmDel":{"_":"{[ plural(n) ]}","_[zero]":"Inga kontakter att ta bort","_[one]":"Ta bort 1 kontakt? Detta kan inte ångras.","_[two]":"Ta bort {{n}} kontakter? Detta kan inte ångras.","_[few]":"Ta bort {{n}} kontakter? Detta kan inte ångras.","_[many]":"Ta bort {{n}} kontakter? Detta kan inte ångras.","_[other]":"Ta bort {{n}} kontakter? Detta kan inte ångras."},"SelectedTxt":{"_":"{[ plural(n) ]}","_[zero]":"Kontakter","_[one]":"{{n}} markerad","_[two]":"{{n}} markerade","_[few]":"{{n}} markerade","_[many]":"{{n}} markerade","_[other]":"{{n}} markerade"},"fdnIsActiveTitle":{"_":"FDN aktiv"},"fdnIsActiveMessage":{"_":"FDN (Fasta nummer) är aktiverad och följande nummer finns inte i din FDN lista: {{ number }}"},"pincode2":{"_":"Ange PIN-kod"},"type_pin":{"_":"Skriv din PIN-kod"},"pincodeLabel":{"_":"SIM {{n}} PIN-kod"},"pinValidation":{"_":"PIN-koden måste ha mellan 4 och 8 tecken."},"pinError":{"_":"Felaktig PIN-kod."},"pinAttemptMsg2":{"_":"{[ plural(n) ]}","_[one]":"Du har ett försök kvar att ange rätt kod innan SIM-kortet låser sig.","_[two]":"Du har {{n}} försök kvar att ange rätt kod innan SIM-kortet låser sig.","_[few]":"Du har {{n}} försök kvar att ange rätt kod innan SIM-kortet låser sig.","_[many]":"Du har {{n}} försök kvar att ange rätt kod innan SIM-kortet låser sig.","_[other]":"Du har {{n}} försök kvar att ange rätt kod innan SIM-kortet låser sig."},"pinLastChanceMsg":{"_":"Detta är sista chansen att ange rätt PIN-kod. Annars måste du ange PUK-koden för att låsa upp SIM-kortet."},"pukcode":{"_":"Ange PUK-kod"},"pukcodeTitle":{"_":"Ange SIM {{n}} PUK-kod"},"pukcodeLabel":{"_":"SIM {{n}} PUK-kod"},"type_puk":{"_":"PUK-kod"},"pukValidation":{"_":"PUK-koden måste ha exakt 8 tecken."},"pukInfo":{"_":"Du måste ange din personliga upplåsningskod (PUK) för SIM-kortet. Se SIM-kortets dokumentation eller kontakta din operatör för mer information."},"pukError":{"_":"Felaktig PUK-kod"},"pukAttemptMsg2":{"_":"{[ plural(n) ]}","_[one]":"Du har ett försök kvar att ange rätt kod innan SIM-kortet kommer att vara permanent oanvändbart. Se SIM-kortets dokumentation eller kontakta din operatör för mer information.","_[two]":"Du har {{n}} försök kvar att ange rätt kod innan SIM-kortet kommer att vara permanent oanvändbart. Se SIM-kortets dokumentation eller kontakta din operatör för mer information.","_[few]":"Du har {{n}} försök kvar att ange rätt kod innan SIM-kortet kommer att vara permanent oanvändbart. Se SIM-kortets dokumentation eller kontakta din operatör för mer information.","_[many]":"Du har {{n}} försök kvar att ange rätt kod innan SIM-kortet kommer att vara permanent oanvändbart. Se SIM-kortets dokumentation eller kontakta din operatör för mer information.","_[other]":"Du har {{n}} försök kvar att ange rätt kod innan SIM-kortet kommer att vara permanent oanvändbart. Se SIM-kortets dokumentation eller kontakta din operatör för mer information."},"pukLastChanceMsg":{"_":"Detta är sista chansen att ange rätt PUK-kod. Ditt SIM-kort kommer att vara permanent oanvändbart om du anger fel PUK-kod."},"create_newpin":{"_":"Skapa ny PIN-kod (4 till 8 siffror)"},"confirm_newpin":{"_":"Bekräfta ny PIN-kod"},"newpinConfirmation":{"_":"PIN-koderna matchar inte"},"nckcode":{"_":"Ange NCK-kod"},"cckcode":{"_":"Ange CCK-kod"},"spckcode":{"_":"Ange SPCK-kod"},"nckcodeTitle":{"_":"Ange SIM {{n}} NCK"},"cckcodeTitle":{"_":"Ange SIM {{n}} CCK"},"spckcodeTitle":{"_":"Ange SIM {{n}} SPCK"},"nckcodeLabel":{"_":"SIM {{n}} NCK"},"cckcodeLabel":{"_":"SIM {{n}} CCK"},"spckcodeLabel":{"_":"SIM {{n}} SPCK"},"type_nck":{"_":"Skriv din NCK-kod"},"type_cck":{"_":"Skriv din CCK-kod"},"type_spck":{"_":"Skriv din SPCK-kod"},"nckValidation":{"_":"NCK måste ha mellan 8 och 16 tecken."},"cckValidation":{"_":"CCK måste ha mellan 8 och 16 tecken."},"spckValidation":{"_":"SPCK måste ha mellan 8 och 16 tecken."},"nckErrorMsg":{"_":"Felaktig NCK-kod."},"nckAttemptMsg2":{"_":"{[ plural(n) ]}","_[one]":"Operatörsupplåsning misslyckades. Du har ett försök kvar att ange rätt kod. Se enhetens dokumentation eller kontakta din operatör för mer information.","_[two]":"Operatörsupplåsning misslyckades. Du har {{n}} försök kvar att ange rätt kod. Se enhetens dokumentation eller kontakta din operatör för mer information.","_[few]":"Operatörsupplåsning misslyckades. Du har {{n}} försök kvar att ange rätt kod. Se enhetens dokumentation eller kontakta din operatör för mer information.","_[many]":"Operatörsupplåsning misslyckades. Du har {{n}} försök kvar att ange rätt kod. Se enhetens dokumentation eller kontakta din operatör för mer information.","_[other]":"Operatörsupplåsning misslyckades. Du har {{n}} försök kvar att ange rätt kod. Se enhetens dokumentation eller kontakta din operatör för mer information."},"nckLastChanceMsg":{"_":"Operatörsupplåsning misslyckades. Sista chansen att ange rätt NCK-kod. Se enhetens dokumentation eller kontakta din operatör för mer information."},"skip":{"_":"Hoppa över"},"send":{"_":"Skicka"},"simLocked":{"_":"SIM-kortet är låst"},"inputCodeRetriesLeft":{"_":"{[ plural(n) ]}","_[one]":"sista försöket.","_[two]":"{{n}} försök kvar.","_[few]":"{{n}} försök kvar.","_[many]":"{{n}} försök kvar.","_[other]":"{{n}} försök kvar."},"simManager":{"_":"SIM-hanterare"},"simDetail":{"_":"SIM {{n}}"},"simDefault":{"_":"(standard)"},"simDefaultMessage":{"_":"Utgående samtal, utgående meddelanden och dataanslutning är inställda till SIM 1 som standard"},"simSettingsMessage":{"_":"Du kan ändra standardinställningar på Inställningar > Hantera SIM-kort"},"simPinLocked":{"_":"SIM PIN-kod låst"},"noOperator":{"_":"Inge operatör"},"language":{"_":"Språk"},"english":{"_":"Engelska"},"dvorak":{"_":"Engelska (Dvorak)"},"spanish":{"_":"Spanska"},"portuguese":{"_":"Brasiliansk portugisiska"},"french":{"_":"Franska"},"italian":{"_":"Italienska"},"arabic":{"_":"Arabiska"},"greek":{"_":"Grekiska"},"hebrew":{"_":"Hebreiska"},"jp-kanji":{"_":"Japanska"},"jp-kanji-desc":{"_":"Kanji"},"traditionalChinese":{"_":"Traditionell kinesiska"},"traditionalChinese-desc":{"_":"Zhuyin"},"simplifiedChinese":{"_":"Förenklad kinesiska"},"simplifiedChinese-desc":{"_":"Pinyin"},"3g":{"_":"Mobil datauppkoppling"},"dataConnection":{"_":"Aktivera dataanslutning"},"dataConnectionInfo":{"_":"Genom att aktivera en dataanslutning kan du ställa in din telefon utan en Wi-Fi-anslutning. Du kan även aktivera den senare i telefonens inställningar. Se till att du har ett bra abonnemang med din operatör för att undvika eventuellt höga avgifter."},"caution":{"_":"Varning"},"geolocation":{"_":"Geolokalisering"},"geolocationCheckbox":{"_":"Aktivera geolokalisering"},"geolocationInfo2":{"_":"{{brandShortName}} använder data såsom GPS, Wi-Fi, och mobila nätverk i din närhet för att avgöra din ungefärliga position."},"geolocationInfoMore":{"_":"Data skickas till Mozilla och andra tjänsteleverantörer och kommer att användas i sammanslagen form för att förbättra positionsdatabaser. Data kan lagras på enheten och datainsamling kan förekomma även om inga appar körs."},"notice":{"_":"Observera"},"aboutYourPrivacy":{"_":"Mer om din integritet"},"wifi":{"_":"Wi-Fi"},"scanningNetworks":{"_":"Söker efter nätverk"},"selectNetwork":{"_":"Välj ett nätverk"},"shortStatus-connecting":{"_":"Ansluter…"},"shortStatus-associated":{"_":"Erhåller en IP-adress…"},"shortStatus-connected":{"_":"Ansluten"},"shortStatus-connectingfailed":{"_":"Anslutning misslyckades"},"shortStatus-disconnected":{"_":"Offline"},"securedBy":{"_":"säkras genom {{capabilities}}"},"security":{"_":"Säkerhet"},"securityNone":{"_":"Ingen"},"securityWEP":{"_":"WEP"},"securityWPA-PSK":{"_":"WPA-PSK"},"securityWPA-EAP":{"_":"WPA-EAP"},"securityOpen":{"_":"Öppen"},"identity":{"_":"Användare"},"identityInput":{"placeholder":"Användare"},"password":{"_":"Lösenord"},"passwordInput":{"placeholder":"Lösenord"},"showPassword":{"_":"Visa lösenord"},"refresh":{"_":"Uppdatera"},"noWifiFound3":{"_":"Inga trådlösa nätverk hittades"},"join-hidden-button":{"_":"Anslut till dolt nätverk"},"authentication":{"_":"Autentisering"},"ssid-name":{"_":"SSID nätverksnamn"},"dateAndTime":{"_":"Datum & tid"},"setTimeAutomatically":{"_":"Ställ in automatiskt"},"timezoneMessage":{"_":"Tidszon"},"timezoneTitle":{"_":"UTC{{utcOffset}} {{region}}/{{city}}"},"dateMessage":{"_":"Datum"},"timeMessage":{"_":"Tid"},"timeZone":{"_":"Tidszon"},"change":{"_":"Ändra"},"importContacts3":{"_":"Importera kontakter"},"importFb2":{"_":"Facebook"},"fb-checking":{"_":"… kontrollerar"},"notImportedYet":{"_":"Inte importerad än"},"afterFbImport":{"_":"Du kan importera och redigera Facebook-vänner när som helst i inställningar för kontakter."},"about-your-rights-0":{"_":"{{brandShortName}} bygger på fri och öppen källkod som utvecklats av en gemenskap med tusentals människor från hela världen. Det finns några saker du bör känna till:"},"about-your-rights-1":{"_":"{{brandShortName}} görs tillgänglig för dig enligt villkoren i flera öppna källkods-licenser, inklusive Mozilla Public License. En enhet som kör {{brandShortName}} kan också innehålla egenutvecklade programvaror från tredje part. All kod som ges enligt öppna licenser ger dig rätt att ändra källkoden och sprida modifierade versioner så länge du följer deras villkor."},"about-your-rights-2":{"_":"Du har inte beviljats några rättigheter till varumärket eller licenser till varumärken som tillhör Mozilla Foundation eller någon part, inklusive utan begränsning till {{brandShortName}}-namn eller logotyp."},"about-your-rights-3":{"_":"Vissa funktioner i {{brandShortName}}, som kraschrapporter, ger dig möjlighet att ge feedback till Mozilla. Genom att skicka feedback, ger du Mozilla tillstånd att använda feedback för att förbättra sina produkter, att offentliggöra feedback på sina webbplatser och att sprida feedback."},"about-other":{"_":"Andra"},"SIM_mandatory":{"_":"SIM-kort varning"},"SIM_mandatory_warm":{"_":"Vänligen, sätt i ett SIM-kort och starta om telefonen."},"sharing-performance-data":{"_":"Dela prestandadata"},"telemetry-sends":{"_":"Telemetri skickar Mozilla uppgifter om prestanda, hårdvara, konfigurationer och anpassningar i din {{brandShortName}} enhet. Vi använder detta för att göra våra produkter bättre, snabbare och mer lyhörda."},"learn-more-at":{"_":"Learn more at"},"external-telemetry":{"title":"Telemetry"},"learn-about-information":{"_":"Learn how Mozilla handles your information at"},"external-privacy":{"title":"Privacy"},"welcomeBrowser":{"_":"Välkommen till {{brandShortName}}, det fria operativsystemet från Mozilla med öppen källkod. Vår uppgift är att främja öppenhet, innovation och möjligheter genom att hålla kraften hos internet i dina händer."},"learnHow":{"_":"Learn how Mozilla handles your information in our"},"privacyPolicy":{"_":"privacy policy","title":"Privacy policy"},"aboutBrowser":{"_":"Om {{brandShortName}}"},"aboutYourPrivacy2":{"_":"Din sekretesspolicy"},"mozillaCommunity2":{"_":"När du använder {{brandShortName}}, blir du en del av en global gemenskap som hjälper till att bygga en bättre framtid för internet. Om du vill veta mer om Mozilla, våra andra produkter och evenemang nära dig, vänligen skriv din e-postadress nedan."},"collaborate":{"_":"Jag vill hjälpa till att förbättra {{brandShortName}} genom att dela information om min telefon."},"learnMore":{"_":"Läs mer."},"emailAddress":{"placeholder":"E-postadress"},"email-successfully-added":{"_":"E-post har lagts till"},"email-loading":{"_":"sparar din e-post…"},"browserPrivacyChoices":{"_":"Alternativ sekretesspolicy {{brandShortName}}"},"privacy-b2g":{"_":"{{brandShortName}}","title":"{{brandShortName}}"},"privacy-marketplace":{"_":"Marketplace","title":"{{privacy-marketplace}}"},"privacy-e-me":{"_":"everything.me","title":"{{privacy-e-me}}"},"navbar-back":{"_":"Tillbaka"},"navbar-next":{"_":"Nästa"},"navbar-join":{"_":"Anslut"},"thatsIt":{"_":"Det var det!"},"startYourPhone":{"_":"Starta guide för telefonen!"},"startYourTablet":{"_":"Starta guide för surfplattan!"},"joinTutorial":{"_":"Följ med på en snabb genomgång om din nya telefon."},"enjoyYourPhone":{"_":"Du är redo att njuta av din nya telefon."},"optionsAvailable":{"_":"Du kan ändra språk, datum/tid och Wi-Fi-anslutning i inställningar."},"letsGo":{"_":"Låt oss börja"},"startTour":{"_":"Starta guide"},"thatsIt1Tablet-2":{"_":"Du kan alltid dra från den nedre kanten för att öppna hemskärmen."},"thatsIt2Tablet-2":{"_":"Låt oss göra det!"},"tutorial-step1-tiny":{"_":"Dra från höger till vänster för att bläddra bland dina appar."},"tutorial-step2-tiny":{"_":"Peka och håll ned en ikon för att ta bort eller flytta den."},"tutorial-step3-tiny":{"_":"Ange valfritt sökord eller ämne och telefonen kommer omedelbart att anpassa sig."},"tutorial-step4-tiny":{"_":"Dra nedåt för att få tillgång till senaste aviseringar, kreditinformation och inställningar."},"tutorial-step5-tiny":{"_":"Peka och håll ned hemknappen för att bläddra och stänga senaste appar."},"tutorial-step6-tiny":{"_":"Dra från sidan av skärmen för att flytta fram och tillbaka mellan de senaste apparna."},"tutorial-step1-large-2":{"_":"Dra nedåt från toppen av skärmen för att få tillgång till de senaste meddelanden, kreditinformation och inställningar."},"tutorial-step2-large-2":{"_":"Dra från väster eller höger för att upptäcka ny appar på hemskärmen."},"tutorial-step3-large-2":{"_":"Tryck och håll på en ikon för att ta bort eller flytta den."},"tutorial-step4-large-2":{"_":"Två fingrar drar upp från nedre kanten för att utlösa kortvy."},"offline-dialog-title":{"_":"Du måste vara ansluten till internet för att visa sidan."},"offline-dialog-text":{"_":"Gå tillbaka och anslut till internet. Du kan också visa sidan senare från inställningar eller genom att ange {{url}} i någon webbläsare."},"OK":{"_":"OK"},"offline-newsletter-dialog-title":{"_":"Du måste vara ansluten till internet för att prenumerera på nyhetsbrevet."},"offline-newsletter-dialog-text":{"_":"Gå tillbaka och anslut till internet."},"invalid-email-dialog-title":{"_":"Din e-post är inte giltig"},"invalid-email-dialog-text":{"_":"Gå tillbaka och korrigera inmatningen."},"nck1code":{"_":"Ange NCK1-kod"},"nck2code":{"_":"Ange NCK2-kod"},"hnckcode":{"_":"Ange HNCK-kod"},"rcckcode":{"_":"Ange RCCK-kod"},"rspckcode":{"_":"Ange RSPCK-kod"},"nck1codeTitle":{"_":"Ange SIM {{n}} NCK1"},"nck2codeTitle":{"_":"Ange SIM {{n}} NCK2"},"hnckcodeTitle":{"_":"Ange SIM {{n}} HNCK"},"rcckcodeTitle":{"_":"Ange SIM {{n}} RCCK"},"rspckcodeTitle":{"_":"Ange SIM {{n}} RSPCK"},"nck1codeLabel":{"_":"SIM {{n}} NCK1"},"nck2codeLabel":{"_":"SIM {{n}} NCK2"},"hnckcodeLabel":{"_":"SIM {{n}} HNCK"},"rcckcodeLabel":{"_":"SIM {{n}} RCCK"},"rspckcodeLabel":{"_":"SIM {{n}} RSPCK"},"type_nck1":{"_":"Skriv din NCK1-kod"},"type_nck2":{"_":"Skriv din NCK2-kod"},"type_hnck":{"_":"Skriv din HNCK-kod"},"type_rcck":{"_":"Skriv din RCCK-kod"},"type_rspck":{"_":"Skriv din RSPCK-kod"},"nck1Validation":{"_":"NCK1 måste ha mellan 8 och 16 tecken."},"nck2Validation":{"_":"NCK2 måste ha mellan 8 och 16 tecken."},"hnckValidation":{"_":"HNCK måste ha mellan 8 och 16 tecken."},"rcckValidation":{"_":"RCCK måste ha mellan 8 och 16 tecken."},"rspckValidation":{"_":"RSPCK måste ha mellan 8 och 16 tecken."},"firefox-accounts":{"_":"Firefox-konton"},"fxa-overview":{"innerHTML":"Ett Firefox-konto låter dig använda funktioner som Hitta min enhet och appar som Firefox Marketplace."},"fxa-create-account-or-sign-in":{"_":"Skapa konto eller logga in"},"fxa-email-sent":{"_":"Ett verifieringslänk har skickats till {{email}}"},"learn-more-telemetry":{"innerHTML":"Läs mer på {{link}}"},"learn-more-information":{"innerHTML":"Läs om hur Mozilla hanterar din information på {{link}}"},"learn-more-privacy":{"innerHTML":"Läs om hur Mozilla hanterar dina uppgifter i vår {{link}}."},"learn-more-privacy-link":{"_":"sekretesspolicy"},"weekday-0-long":{"_":"Söndag"},"weekday-1-long":{"_":"Måndag"},"weekday-2-long":{"_":"Tisdag"},"weekday-3-long":{"_":"Onsdag"},"weekday-4-long":{"_":"Torsdag"},"weekday-5-long":{"_":"Fredag"},"weekday-6-long":{"_":"Lördag"},"weekday-0-short":{"_":"Sön"},"weekday-1-short":{"_":"Mån"},"weekday-2-short":{"_":"Tis"},"weekday-3-short":{"_":"Ons"},"weekday-4-short":{"_":"Tor"},"weekday-5-short":{"_":"Fre"},"weekday-6-short":{"_":"Lör"},"month-0-long":{"_":"Januari"},"month-1-long":{"_":"Februari"},"month-2-long":{"_":"Mars"},"month-3-long":{"_":"April"},"month-4-long":{"_":"Maj"},"month-5-long":{"_":"Juni"},"month-6-long":{"_":"Juli"},"month-7-long":{"_":"Augusti"},"month-8-long":{"_":"September"},"month-9-long":{"_":"Oktober"},"month-10-long":{"_":"November"},"month-11-long":{"_":"December"},"month-0-genitive":{"_":"Januari"},"month-1-genitive":{"_":"Februari"},"month-2-genitive":{"_":"Mars"},"month-3-genitive":{"_":"April"},"month-4-genitive":{"_":"Maj"},"month-5-genitive":{"_":"Juni"},"month-6-genitive":{"_":"Juli"},"month-7-genitive":{"_":"Augusti"},"month-8-genitive":{"_":"September"},"month-9-genitive":{"_":"Oktober"},"month-10-genitive":{"_":"November"},"month-11-genitive":{"_":"December"},"month-0-short":{"_":"Jan"},"month-1-short":{"_":"Feb"},"month-2-short":{"_":"Mar"},"month-3-short":{"_":"Apr"},"month-4-short":{"_":"Maj"},"month-5-short":{"_":"Jun"},"month-6-short":{"_":"Jul"},"month-7-short":{"_":"Aug"},"month-8-short":{"_":"Sep"},"month-9-short":{"_":"Okt"},"month-10-short":{"_":"Nov"},"month-11-short":{"_":"Dec"},"minutes-ago-long":{"_":"{[ plural(value) ]}","_[zero]":"nyss","_[one]":"en minut sen","_[two]":"{{value}} minuter sen","_[few]":"{{value}} minuter sen","_[many]":"{{value}} minuter sen","_[other]":"{{value}} minuter sen"},"hours-ago-long":{"_":"{[ plural(value) ]}","_[zero]":"nyss","_[one]":"en timme sen","_[two]":"{{value}} timmar sen","_[few]":"{{value}} timmar sen","_[many]":"{{value}} timmar sen","_[other]":"{{value}} timmar sen"},"days-ago-long":{"_":"{[ plural(value) ]}","_[zero]":"idag","_[one]":"igår","_[two]":"{{value}} dagar sen","_[few]":"{{value}} dagar sen","_[many]":"{{value}} dagar sen","_[other]":"{{value}} dagar sen"},"weeks-ago-long":{"_":"{[ plural(value) ]}","_[zero]":"denna vecka","_[one]":"förra veckan","_[two]":"{{value}} veckor sen","_[few]":"{{value}} veckor sen","_[many]":"{{value}} veckor sen","_[other]":"{{value}} veckor sen"},"months-ago-long":{"_":"{[ plural(value) ]}","_[zero]":"denna månad","_[one]":"förra månaden","_[two]":"{{value}} månader sen","_[few]":"{{value}} månader sen","_[many]":"{{value}} månader sen","_[other]":"{{value}} månader sen"},"years-ago-long":{"_":"{[ plural(value) ]}","_[zero]":"detta år","_[one]":"förra året","_[two]":"{{value}} år sen","_[few]":"{{value}} år sen","_[many]":"{{value}} år sen","_[other]":"{{value}} år sen"},"minutes-until-long":{"_":"{[ plural(value) ]}","_[zero]":"nu","_[one]":"om en minut","_[two]":"om {{value}} minuter","_[few]":"om {{value}} minuter","_[many]":"om {{value}} minuter","_[other]":"om {{value}} minuter"},"hours-until-long":{"_":"{[ plural(value) ]}","_[zero]":"nu","_[one]":"om en timme","_[two]":"om {{value}} timmar","_[few]":"om {{value}} timmar","_[many]":"om {{value}} timmar","_[other]":"om {{value}} timmar"},"days-until-long":{"_":"{[ plural(value) ]}","_[zero]":"idag","_[one]":"imorgon","_[two]":"om {{value}} dagar","_[few]":"om {{value}} dagar","_[many]":"om {{value}} dagar","_[other]":"om {{value}} dagar"},"weeks-until-long":{"_":"{[ plural(value) ]}","_[zero]":"denna vecka","_[one]":"nästa vecka","_[two]":"om {{value}} veckor","_[few]":"om {{value}} veckor","_[many]":"om {{value}} veckor","_[other]":"om {{value}} veckor"},"months-until-long":{"_":"{[ plural(value) ]}","_[zero]":"denna månad","_[one]":"nästa månad","_[two]":"om {{value}} månader","_[few]":"om {{value}} månader","_[many]":"om {{value}} månader","_[other]":"om {{value}} månader"},"years-until-long":{"_":"{[ plural(value) ]}","_[zero]":"detta år","_[one]":"nästa år","_[two]":"om {{value}} år","_[few]":"om {{value}} år","_[many]":"om {{value}} år","_[other]":"om {{value}} år"},"minutes-ago-short":{"_":"{[ plural(value) ]}","_[zero]":"nyss","_[other]":"{{value}}min sen"},"hours-ago-short":{"_":"{[ plural(value) ]}","_[zero]":"nyss","_[other]":"{{value}}tim. sen"},"days-ago-short":{"_":"{[ plural(value) ]}","_[zero]":"idag","_[other]":"{{value}}dygn sen"},"minutes-until-short":{"_":"{[ plural(value) ]}","_[zero]":"nu","_[other]":"om {{value}}min"},"hours-until-short":{"_":"{[ plural(value) ]}","_[zero]":"nu","_[other]":"om {{value}}tim."},"days-until-short":{"_":"{[ plural(value) ]}","_[zero]":"idag","_[other]":"om {{value}}dygn"},"incorrectDate":{"_":"(felaktigt datum)"},"dateTimeFormat_%c":{"_":"%a %e %b %Y %H:%M:%S"},"dateTimeFormat_%x":{"_":"%d/%m/%Y"},"dateTimeFormat_%X":{"_":"%H:%M:%S"},"shortTimeFormat":{"_":"%H:%M"},"shortDateTimeFormat":{"_":"%x %H:%M"},"weekStartsOnMonday":{"_":"1"},"time_am":{"_":"AM"},"time_pm":{"_":"PM"},"tz-region":{"_":"Region"},"tz-city":{"_":"Stad"},"tzRegion-Africa":{"_":"Afrika"},"tzRegion-America":{"_":"Amerika"},"tzRegion-Antarctica":{"_":"Antarktis"},"tzRegion-Asia":{"_":"Asien"},"tzRegion-Atlantic":{"_":"Atlanten"},"tzRegion-Australia":{"_":"Australien"},"tzRegion-Europe":{"_":"Europa"},"tzRegion-Indian":{"_":"Indiska oceanen"},"tzRegion-Pacific":{"_":"Stilla havet"},"close":{"_":"Close"},"import":{"_":"Import"},"fbFriends":{"_":"Facebook Friends"},"live-serviceName":{"_":"Outlook"},"gmail-serviceName":{"_":"Gmail"},"facebook-serviceName":{"_":"Facebook Friends"},"viewAll":{"_":"View All Facebook Friends"},"viewRecommend":{"_":"View Only Recommended"},"linkProposal":{"_":"{[ plural(numFriends) ]}","_[zero]":"No matching friends. Showing all","_[one]":"Select the recommended one","_[two]":"Select a recommended one","_[few]":"Select a recommended one","_[many]":"Select a recommended one","_[other]":"Select a recommended one"},"fbFriendsFound":{"_":"{[ plural(numFriends) ]}","_[zero]":"All your friends are imported","_[one]":"Found one friend to import","_[two]":"Found {{numFriends}} friends to import","_[few]":"Found {{numFriends}} friends to import","_[many]":"Found {{numFriends}} friends to import","_[other]":"Found {{numFriends}} friends to import"},"done-search":{"_":"Done"},"progressFB3ImportTitle":{"_":"Importing friends to Contacts"},"progressFB":{"_":"{{current}}/{{total}}"},"progressFB3UpdateTitle":{"_":"Updating friends in Contacts"},"message2":{"_":"This may take a couple of minutes"},"messageLinking":{"_":"Please hold on. We are linking your friend and your contact."},"error1":{"_":"Error {{from}}"},"error2":{"_":"Do you want to retry?"},"errorProposal":{"_":"calculating proposals"},"errorFriends":{"_":"retrieving friends"},"errorLinking":{"_":"linking contact"},"timeout1":{"_":"Exceeded timeout {{from}}"},"timeout2":{"_":"Do you want to retry?"},"timeoutProposal":{"_":"calculating proposals"},"timeoutFriends":{"_":"retrieving friends"},"timeoutLinking":{"_":"linking contacts"},"wait1":{"_":"Please hold on"},"wait2":{"_":"This may take a couple of minutes"},"waitProposal":{"_":"Please hold on. We are calculating a proposal."},"waitFriends":{"_":"Please hold on. We are connecting to obtain your friend list."},"curtainCancel":{"_":"Cancel"},"curtainRetry":{"_":"Retry"},"curtainOK":{"_":"OK"},"connectionLost":{"_":"No Internet connection"},"connectionLostMsg":{"_":"Friends’ photos will not be added to your contacts. Continue anyway?"},"yesOption":{"_":"OK"},"noOption":{"_":"Cancel"},"friendsUpdated":{"_":"{[ plural(numFriends) ]}","_[zero]":"No friends updated","_[one]":"Updated one friend","_[two]":"Updated {{numFriends}} friends","_[few]":"Updated {{numFriends}} friends","_[many]":"Updated {{numFriends}} friends","_[other]":"Updated {{numFriends}} friends"},"notificationLogin":{"_":"Your Facebook session is invalid. Please sign in."},"syncError":{"_":"There was an error synchronizing your friend’s data"},"addToExistingContact":{"_":"Lägg till en befintlig kontakt"},"all":{"_":"Alla","ariaLabel":"Alla"},"callLog":{"_":"Samtalslista"},"connecting":{"_":"Ansluter"},"cf-async":{"_":"Asynkron: {{ async }}\n"},"cf-data":{"_":"Data: {{ data }}\n"},"cf-error":{"_":"Ett fel uppstod vid hämtning av status för vidarekoppling"},"cf-fax":{"_":"FAX: {{ fax }}\n"},"cf-inactive":{"_":"Inaktiv"},"cf-packet":{"_":"Paket: {{ packet }}\n"},"cf-pad":{"_":"PAD: {{ pad }}\n"},"cf-sms":{"_":"SMS: {{ sms }}\n"},"cf-status":{"_":"Status vidarekoppling\n"},"cf-sync":{"_":"Synkron: {{ sync }}\n"},"cf-voice":{"_":"Röst: {{ voice }}\n"},"confirm-deletion":{"_":"Rensa markerade samtal?"},"createNewContact":{"_":"Skapa ny kontakt"},"edit-selected":{"_":"{[ plural(n) ]}","_[one]":"{{ n }} markerad","_[two]":"{{ n }} markerade","_[few]":"{{ n }} markerade","_[many]":"{{ n }} markerade","_[other]":"{{ n }} markerade"},"ignore":{"_":"Ignorera samtal"},"incoming":{"_":"Inkommande"},"missed":{"_":"Missat","ariaLabel":"Missat"},"missedCall":{"_":"Missat samtal"},"missedCallMultiSims":{"_":"(SIM {{ n }}) Missat samtal"},"mmi-error":{"_":"Ett fel uppstod när du skickade meddelandet"},"mmi-session-expired":{"_":"Session upphörd"},"mmi-successfully-sent":{"_":"Meddelandet skickat"},"no-logs-msg-1":{"_":"Inga samtal registrerade"},"no-logs-msg-2":{"_":"Börja kommunicera nu"},"no-logs-msg-3":{"_":"Inga missade samtal"},"reply":{"_":"Svara"},"switch-calls":{"_":"Växla samtal"},"withheld-number":{"_":"Dolt nummer"},"from-contact":{"_":"Från {{ contact }}"},"from-number":{"_":"Från {{ number }}"},"from-withheld-number":{"_":"Från dolt nummer"},"sending":{"_":"Skickar…"},"ussd-services":{"_":"{{ operator }} tjänster"},"type-your-response":{"placeholder":"Skriv ditt svar…"},"clear-all-text":{"_":"Rensa all text"},"hide":{"_":"Dölj"},"hold":{"_":"Hold","ariaLabel":"Parkera"},"resume":{"_":"Återuppta","ariaLabel":"Återuppta"},"sendSms":{"_":"Skicka meddelande"},"callEnded":{"_":"Samtal avslutat"},"via-sim":{"_":"via SIM{{ n }}"},"sim-number":{"_":"SIM{{ n }}"},"hangup-a11y-button":{"aria-label":"Hang Up","ariaLabel":"Lägg på"},"pickup-a11y-button":{"aria-label":"Pick up","ariaLabel":"Svara"},"unlock-a11y-button":{"aria-label":"Slider","ariaLabel":"Reglage"},"delete-n-log?":{"_":"{[ plural(n) ]}","_[zero]":"Inget markerat","_[one]":"Ta bort vald logg?","_[two]":"Ta bort {{ n }} loggar?","_[few]":"Ta bort {{ n }} loggar?","_[many]":"Ta bort {{ n }} loggar?","_[other]":"Ta bort {{ n }} loggar?"},"callDurationMinutes":{"_":"{{ m }}:{{ s }}"},"callDurationHours":{"_":"{{ h }}:{{ m }}:{{ s}}"},"suggestionMatches":{"_":"{[ plural(n) ]}","_[one]":"{{ n }} matchning för \"{{ matchNumber }}\"","_[two]":"{{ n }} matchningar för \"{{ matchNumber }}\"","_[few]":"{{ n }} matchningar för \"{{ matchNumber }}\"","_[many]":"{{ n }} matchningar för \"{{ matchNumber }}\"","_[other]":"{{ n }} matchningar för \"{{ matchNumber }}\""},"scCallBarring":{"_":"Samtalsspärr"},"scCallForwarding":{"_":"Vidarebefordra samtal"},"scClip":{"_":"Inkommande nummerpresentation"},"scClir":{"_":"Utgående nummerpresentation"},"scPwd":{"_":"Lösenord ändrat"},"scCallWaiting":{"_":"Samtal väntar"},"scPin":{"_":"PIN-kod ändrad"},"scPin2":{"_":"PIN2-kod ändrad"},"scPuk":{"_":"Avblockera PIN-kod"},"scPuk2":{"_":"Avblockera PIN2-kod"},"scImei":{"_":"IMEI"},"scUssd":{"_":"USSD"},"serviceClassVoice":{"_":"Röst"},"serviceClassData":{"_":"Data"},"serviceClassFax":{"_":"FAX"},"serviceClassSms":{"_":"SMS"},"serviceClassDataSync":{"_":"Synkron"},"serviceClassDataAsync":{"_":"Asynkron"},"serviceClassPacket":{"_":"Paket"},"serviceClassPad":{"_":"PAD"},"smServiceEnabled":{"_":"Tjänsten har aktiverats"},"smServiceDisabled":{"_":"Tjänsten har inaktiverats"},"smServiceRegistered":{"_":"Registrering lyckades"},"smServiceErased":{"_":"Radering lyckades"},"smServiceInterrogated":{"_":"Begäran lyckades"},"smServiceNotProvisioned":{"_":"Tjänsten tillhandahålls inte"},"smClirPermanent":{"_":"Du kan inte ändra inställningar för nummerpresentation"},"smClirDefaultOnNextCallOn":{"_":"Nummerpresentation är begränsad. Nästa samtal: Begränsad"},"smClirDefaultOnNextCallOff":{"_":"Nummerpresentation är begränsad. Nästa samtal: Inte begränsad"},"smClirDefaultOffNextCallOn":{"_":"Nummerpresentation är inte begränsad. Nästa samtal: Begränsad"},"smClirDefaultOffNextCallOff":{"_":"Nummerpresentation är inte begränsad. Nästa samtal: Inte begränsad"},"smServiceEnabledFor":{"_":"Tjänsten har aktiverats för:"},"smPinChanged":{"_":"PIN har ändrats"},"smPinUnblocked":{"_":"PIN blockering hävd"},"smPin2Changed":{"_":"PIN2 har ändrats"},"smPin2Unblocked":{"_":"PIN2 blockering hävd"},"emMmiError":{"_":"Anslutningsproblem eller ogiltig MMI-kod"},"emMmiErrorPasswordIncorrect":{"_":"Felaktigt lösenord"},"emMmiErrorNotSupported":{"_":"Ogiltig eller ej fungerade MMI-kod"},"emMmiErrorInvalidAction":{"_":"Ogiltig åtgärd"},"emMmiErrorInvalidScCode":{"_":"Ogiltig servicekod"},"emMmiErrorBadPuk":{"_":"PUK-koden du angav är inte korrekt"},"emMmiErrorBadPin":{"_":"Den gamla PIN-koden du angav är inte korrekt"},"emMmiErrorNeedPuk2":{"_":"Ange PUK2-koden för att låsa upp SIM-kortet"},"emMmiErrorMismatchPin":{"_":"PIN-koderna du angav matchar inte "},"emMmiErrorInvalidPin":{"_":"Ange en PIN-kod som är 4 till 8 siffror"},"emMmiErrorNeedsPuk":{"_":"Ditt SIM-kort är PUK-låst"},"emMmiErrorEnablePin":{"_":"Misslyckades. Aktivera SIM/RUIM lås"},"emMmiErrorMmiFdn":{"_":"Funktionen är begränsad till fasta nummer endast"},"emMmiErrorStkCcUssdDial":{"_":"USSD begäran ändras till DIAL begäran"},"emMmiErrorStkCcUssdSs":{"_":"USSD begäran ändras till SS begäran"},"emMmiErrorStkCcUssdUssd":{"_":"USSD begäran ändras till ny USSD begäran"},"emMmiErrorStkCcSsDial":{"_":"SS begäran ändras till DIAL begäran"},"emMmiErrorStkCcSsUssd":{"_":"SS begäran ändras till USSD begäran"},"emMmiErrorStkCcSsSs":{"_":"SS begäran ändras till ny SS begäran"},"emMmiErrorPinPukAttempts":{"_":"{[ plural(n) ]}","_[one]":"Endast {{ n }} försök kvar","_[two]":"{{ n }} försök kvar","_[few]":"{{ n }} försök kvar","_[many]":"{{ n }} försök kvar","_[other]":"{{ n }} försök kvar"},"emMmiErrorSimBlocked":{"_":"Maximalt antal försök har överskridits. SIM blockerad."},"RadioNotAvailable":{"_":"Radio inte tillgänglig"},"GenericFailure":{"_":"Allmänt fel"},"PasswordIncorrect":{"_":"Felaktigt lösenord"},"SimPin2":{"_":"SIM PIN2"},"SimPuk2":{"_":"SIM PUK2"},"RequestNotSupported":{"_":"Begäran stöds inte"},"OpNotAllowedDuringVoiceCall":{"_":"Funktionen ej tillåten under röstsamtal"},"SmsSendFailRetry":{"_":"SMS skicka igen misslyckades"},"SimAbsent":{"_":"SIM saknas"},"SubscriptionNotAvailable":{"_":"Prenumeration inte tillgänglig"},"ModeNotSupported":{"_":"Läget stöds inte"},"FdnCheckFailure":{"_":"Fdn-kontroll misslyckades"},"IllegalSimOrMe":{"_":"Olaglig SIM eller ME"},"DialModifiedToUssd":{"_":"Dial ändrad till USSD"},"DialModifiedToSs":{"_":"Dial ändrad till ss"},"DialModifiedToDial":{"_":"Dial ändrad till dial"},"UssdModifiedToDial":{"_":"USSD ändrad till dial"},"UssdModifiedToSs":{"_":"USSD ändrad till SS"},"UssdModifiedToUssd":{"_":"USSD ändrad till USSD"},"SsModifiedToDial":{"_":"SS ändrad till dial"},"SsModifiedToUssd":{"_":"SS ändrad till USSD"},"SsModifiedToSs":{"_":"SS ändrad till SS"},"SubscriptionNotSupported":{"_":"Prenumeration stöds inte"},"InvalidParameter":{"_":"Ogiltig parameter"},"RejectedByRemote":{"_":"Avvisad från fjärr"},"group-call":{"_":"{[ plural(n) ]}","_[one]":"Gruppsamtal ({{ n }})","_[two]":"Gruppsamtal ({{ n }})","_[few]":"Gruppsamtal ({{ n }})","_[many]":"Gruppsamtal ({{ n }})","_[other]":"Gruppsamtal({{ n }})"},"caller-left-call":{"_":"{{ caller }} har lämnat samtalet."},"conferenceAddError":{"_":"Kan inte koppla ihop samtal"},"conferenceRemoveError":{"_":"Kan inte koppla från samtal"},"longDateFormat":{"_":"%A, %e %B"},"select-audio-sources":{"_":"Välj ljudkälla"},"bluetooth-handsfree-device":{"_":"Bluetooth handsfree-enhet"},"receiver":{"_":"Mottagare"},"speaker":{"_":"Högtalare"},"addNewNumber":{"_":"Lägg till nytt nummer"},"asterisk":{"ariaLabel":"Asterisk"},"callLogEdit":{"title":"Redigera samtalslista"},"callLogEditDialog":{"ariaLabel":"Redigera samtalslista"},"dialerAddContact":{"ariaLabel":"Lägg till kontakt"},"dialerAddContactDialog":{"ariaLabel":"Lägg till kontakt"},"hashSign":{"ariaLabel":"Hash-tecken"},"hideKeypad":{"ariaLabel":"Dölj knappsats"},"keypad":{"ariaLabel":"Knappsats"},"keypadDelete":{"ariaLabel":"Ta bort"},"makeCall":{"ariaLabel":"Ring samtal"},"merge":{"_":"Sammanfoga"},"mute":{"ariaLabel":"Tyst"},"newCall":{"ariaLabel":"Nytt samtal"},"phoneNumberInput":{"ariaLabel":"Telefonnummer"},"recents":{"ariaLabel":"Senaste samtal"},"voiceMailKey":{"ariaLabel":"Röstbrevlåda"},"speakerOption":{"ariaLabel":"Högtalare"},"toggleKeypad":{"ariaLabel":"Växla knappsats"},"sim-picker-dial-via-with-number":{"_":"Ring {{ phoneNumber }} via"},"sim-picker-select-sim":{"_":"Välj SIM"},"sim-picker-button":{"_":"SIM{{ n }}"},"sim-picker-button-default":{"_":"(standard)"},"waitDuplicateContacts":{"_":"Söker efter duplicerade kontakter"},"waitMergingDuplicateContacts":{"_":"Sammanfoga duplicerade kontakter"},"alertNoDuplicateContacts":{"_":"Inga duplicerade kontakter hittades"},"mergeDuplicateTitle":{"_":"Sammanfoga dubbletter"},"suggestedDuplicateContacts":{"_":"Förslag till dubbletter för kontakt {{name}}"},"mergeActionButtonLabel":{"_":"{[ plural(n) ]}","_[zero]":"Inga kontakter har valts","_[one]":"Sammanfoga med {{n}} kontakt","_[other]":"Sammanfoga med {{n}} kontakter"},"duplicatesFoundTitle":{"_":"Dubbletter hittades"},"duplicatesFoundMessage":{"_":"{{name}} duplicerad information i följande kontakter"}}