{"brandShortName":{"_":"B2G OS"},"browserBrandShortName":{"_":"Web Tarayıcısı"},"browserBrandFullName":{"_":"Mozilla Web Tarayıcısı"},"callAirplaneModeMessage":{"_":"Arama yapmak için ayarlardan uçak modunu devre dışı bırakmalısınız."},"callAirplaneModeBtnOk":{"_":"Tamam"},"callAirplaneModeTitle":{"_":"Uçak modu etkinleştirildi"},"numberIsBusyTitle":{"_":"Numara meşgul"},"numberIsBusyMessage":{"_":"Numara şu anda meşgul. Lütfen daha sonra tekrar deneyin."},"fdnIsEnabledTitle":{"_":"FDN etkin"},"fdnIsEnabledMessage":{"_":"Bu numara izinli numaralar listenizde olmadığı için engellendi."},"voiceMail":{"_":"Telesekreter"},"emergencyNumber":{"_":"Acil durum numarası"},"emergencyDialogBodyBadNumber":{"_":"Arama yapmak için telefon bir şebekeye bağlı olmalıdır."},"emergencyDialogBodyDeviceNotAccepted":{"_":"Acil aramalara şebeke tarafından izin verilmiyor."},"emergencyDialogBtnOk":{"_":"Tamam"},"emergencyDialogTitle":{"_":"Şebeke bağlantısı yok"},"invalidNumberToDialTitle":{"_":"Geçersiz telefon numarası"},"invalidNumberToDialMessage":{"_":"Aradığınız telefon numarası geçerli değil."},"unableToCallTitle":{"_":"Şu an arama yapılamıyor"},"unableToCallMessage":{"_":"Arama yapılamıyor. Numarayı çeviriyorsanız önce hattı kapatın."},"otherConnectionInUseTitle":{"_":"Diğer bağlantı kullanımda"},"otherConnectionInUseMessage":{"_":"Başka bir bağlantıda aktif bir aramanız var. Tek seferde sadece bir bağlantıyı kullanabilirsiniz."},"add":{"_":"Ekle"},"back":{"_":"Geri"},"call":{"_":"Ara"},"edit":{"_":"Düzenle"},"cancel":{"_":"İptal"},"done":{"_":"Bitti"},"ok":{"_":"Tamam"},"update":{"_":"Güncelle"},"retry":{"_":"Tekrar dene"},"contacts":{"_":"Kişiler"},"addContact":{"_":"Kişi ekle"},"deleteContact":{"_":"Kişiyi sil"},"selectContact":{"_":"Kişi seç"},"selectAll":{"_":"Tümünü seç"},"deselectAll":{"_":"Seçimi temizle"},"editContact":{"_":"Kişiyi düzenle"},"deleteConfirmMsg":{"_":"Kişi silinsin mi?"},"remove":{"_":"Kaldır"},"comments":{"_":"Yorumlar"},"no_contact_phones":{"_":"Bu kişinin telefon numarası yok"},"no_contact_email":{"_":"Bu kişinin e-posta adresi yok"},"removePhotoConfirm":{"_":"Kişi resmi kaldırılsın mı?"},"loadingContacts":{"_":"Kişiler yükleniyor…"},"noContactsActivity":{"_":"Kişi listeniz boş olduğu için kişiye eklenemez"},"noName":{"_":"İsim yok"},"givenName":{"placeholder":"Adı"},"familyName":{"placeholder":"Soyadı"},"tel":{"placeholder":"Telefon"},"carrier":{"_":"Operatör","placeholder":"Operatör"},"separator":{"_":","},"email":{"_":"E-posta","placeholder":"E-posta"},"streetAddress":{"placeholder":"Sokak"},"postalCode":{"placeholder":"Posta kodu"},"locality":{"placeholder":"Şehir"},"countryName":{"placeholder":"Ülke"},"comment":{"placeholder":"Yorum"},"org":{"placeholder":"Şirket"},"custom":{"placeholder":"Özel","_":"Özel etiket"},"date":{"_":"Tarih","placeholder":"Tarih"},"birthday":{"_":"Doğum günü"},"dateFormat":{"_":"%e %B"},"dateOutput":{"_":"{{dayMonthFormatted}} {{year}}"},"anniversary":{"_":"Yıldönümü"},"addPhoto":{"_":"Resim ekle"},"addPhone":{"_":"Telefon ekle"},"addEmail":{"_":"E-posta ekle"},"addAddress":{"_":"Adres ekle"},"addDate":{"_":"Tarih ekle"},"addComment":{"_":"Yorum ekle"},"addFavorite":{"_":"Favorilere ekle"},"removeFavorite":{"_":"Favorilerden kaldır"},"label":{"_":"Etiket"},"mobile":{"_":"Cep"},"home":{"_":"Ev"},"work":{"_":"İş"},"personal":{"_":"Kişisel"},"faxHome":{"_":"Faks ev"},"faxOffice":{"_":"Faks iş"},"faxOther":{"_":"Faks diğer"},"another":{"_":"Diğer"},"other":{"_":"Diğer"},"current":{"_":"Geçerli"},"itemWithLabel":{"_":"{{label}}, {{item}}"},"exit":{"_":"Çıkış"},"expand":{"_":"Genişlet"},"labelName":{"_":"Adı:"},"labelLastName":{"_":"Soyadı:"},"labelPhoneNumber":{"_":"Telefon numarası:"},"labelCarrier":{"_":"Operatör:"},"labelEmail":{"_":"E-posta:"},"labelStreet":{"_":"Sokak:"},"labelZip":{"_":"Posta kodu:"},"labelCity":{"_":"Şehir:"},"labelCountry":{"_":"Ülke:"},"labelComment":{"_":"Yorum:"},"legendTitleMain":{"_":"Temel bilgiler"},"legendPhones":{"_":"Telefon numaraları"},"legendEmail":{"_":"E-posta adresi"},"legendAddress":{"_":"Adres"},"settings":{"_":"Ayarlar"},"search-contact":{"placeholder":"Ara"},"noResults":{"_":"Kişi bulunamadı"},"transferContactsTitle":{"_":"Kişileri aktar"},"importContactsTitle":{"_":"Kişileri içe aktar"},"importContactsButton":{"_":"Kişileri içe aktar"},"exportContactsTitle":{"_":"Kişileri dışa aktar"},"exportContactsButton":{"_":"Kişileri dışa aktar"},"exportContactsAction":{"_":"Dışarı aktar"},"simExport-title":{"_":"SIM'e aktar"},"sdExport-title":{"_":"SD karta aktar"},"btExport-title":{"_":"Bluetooth'a aktar"},"sdUMSEnabled":{"_":"USB depolama etkinleştirildiği için SD kart kullanılamıyor"},"exportErrorTitle":{"_":"Dışarı aktarma hatası"},"contactsExported2":{"_":"{[ plural(exported) ]}","_[zero]":"Hiçbir kişi dışarı aktarılmadı","_[one]":"{{imported}}/{{total}} kişi dışa aktarıldı","_[two]":"{{imported}}/{{total}} kişi dışa aktarıldı","_[few]":"{{exported}}/{{total}} kişi dışa aktarıldı","_[many]":"{{exported}}/{{total}} kişi dışa aktarıldı","_[other]":"{{imported}}/{{total}} kişi dışa aktarıldı"},"exportError-general":{"_":"Dışarı aktarma sırasında bir hata oluştu"},"exportError-SD-shared":{"_":"Paylaşıldığı için bellek kartına erişilemiyor"},"exportError-SD-unavailable":{"_":"Bellek kartı mevcut değil"},"exportError-SD-noSpace":{"_":"Bellek kartında kişileri dışarı aktarmaya yetecek kadar yer yok"},"exportError-SIM-unavailable":{"_":"SIM kart mevcut değil"},"exportError-BT-shared":{"_":"Paylaşıldığı için bellek kartına erişilemiyor"},"exportError-BT-unavailable":{"_":"Bellek kartı mevcut değil"},"exportError-BT-noSpace":{"_":"Bellek kartında kişileri dışarı aktarmaya yetecek kadar yer yok"},"simContacts-import":{"_":"SIM kişilerini al"},"simContacts-importing":{"_":"SIM kişileri alınıyor…"},"simContacts-reading":{"_":"SIM karttan okunuyor…"},"simContacts-error":{"_":"SIM'deki kişiler alınamadı"},"simContacts-imported3":{"_":"{[ plural(n) ]}","_[zero]":"SIM'de alınacak kişi bulunamadı","_[one]":"Bir kişi içe aktarıldı","_[two]":"{{n}} kişi alındı","_[few]":"{{n}} kişi alındı","_[many]":"{{n}} kişi içeri alındı","_[other]":"{{n}} kişi içeri alındı"},"noSimMsg":{"_":"Kişileri içeri almak için SIM kartınızı takın veya kartın kilidini açın"},"noSimMsgExport":{"_":"Kişileri dışa aktarmak için SIM kartınızı takın veya kartın kilidini açın"},"simNumber":{"_":"SIM {{number}}"},"memoryCardContacts-import":{"_":"Kişileri bellek kartından içeri aktar"},"memoryCardContacts-importing":{"_":"Kişiler bellek kartından içeri aktarılıyor..."},"memoryCardContacts-reading":{"_":"Bellek kartından okunuyor…"},"memoryCardContacts-error":{"_":"Bellek kartındaki kişiler içeri aktarılamadı"},"memoryCardContacts-imported3":{"_":"{[ plural(n) ]}","_[zero]":"Bellek kartında içeri aktarılacak kişi bulunamadı","_[one]":"Bir kişi içeri aktarıldı","_[two]":"{{n}} kişi içeri aktarıldı","_[few]":"{{n}} kişi içeri aktarıldı","_[many]":"{{n}} kişi içeri aktarıldı","_[other]":"{{n}} kişi içeri aktarıldı"},"noMemoryCardMsg":{"_":"Kişileri içeri aktarmak için bir bellek kartı takın"},"noMemoryCardMsgExport":{"_":"Kişileri dışarı aktarmak için bir bellek kartı takın"},"genericProgress":{"_":"{{current}}/{{total}}"},"social-network":{"_":"Sosyal ağlar"},"social-link":{"_":"Kişiyi bağla"},"social-unlink":{"_":"Kişi bağlantısını kes"},"social-unlink-confirm-title":{"_":"Arkadaşınızın bağlantısını kesmek istiyor musunuz?"},"social-unlink-confirm-accept":{"_":"Bağlantıyı kaldır"},"facebook-import":{"_":"Facebook arkadaşlarını al"},"show-fb-profile":{"_":"Facebook profilini gör"},"msg-send":{"_":"Mesaj"},"wall-post":{"_":"Duvar mesajı"},"facebook":{"_":"Facebook"},"facebook-import-msg":{"_":"{[ plural(imported) ]}","_[zero]":"Hiç arkadaş alınmadı ({{total}} kişiden)","_[one]":"Bir arkadaş alındı ({{total}} kişiden)","_[two]":"{{imported}}/{{total}} arkadaş alındı","_[few]":"{{imported}}/{{total}} arkadaş alındı","_[many]":"{{imported}}/{{total}} arkadaş alındı","_[other]":"{{imported}}/{{total}} arkadaş alındı"},"otherAccount":{"_":"Diğer hesaplar"},"facebookSwitchMsg":{"_":"Arkadaşları eşitle"},"select_mobile":{"_":"Cep telefonu seç"},"select_email":{"_":"E-posta seç"},"contactsOrderBy":{"_":"Soyadına göre sırala"},"importSim2":{"_":"SIM kart"},"importMemoryCard":{"_":"Bellek kartı"},"importGmail":{"_":"Gmail"},"bluetooth":{"_":"Bluetooth"},"importOutlook":{"_":"Outlook"},"fbUpdateFriends":{"_":"Alınan arkadaşları güncelle"},"cleaningFbData":{"_":"Facebook verileri kaldırılıyor"},"loggingOutFb":{"_":"Facebook'tan çıkış yapılıyor"},"cleanFbConfirmMsg":{"_":"Tüm Facebook verileri silinsin mi?"},"renewPwdMsg":{"_":"Facebook'taki şifreniz değişmiş. Lütfen güncelleyin."},"noConnection11":{"_":"Facebook arkadaşlarınızı içe aktarmak için Wi-Fi veya veri şebekesine bağlanın"},"notEnabledYet":{"_":"Henüz etkin değil"},"genericNoConnection":{"_":"Kişileri içeri aktarmak için Wi-Fi veya veri ağına bağlanın"},"simCard":{"_":"SIM kart"},"memoryCard":{"_":"Bellek kartı"},"create-new":{"_":"Yeni bir kişi oluştur"},"import-now":{"_":"SIM karttan veya Facebook'tan kişilerinizi alın"},"no-contacts":{"_":"Kişi yok"},"start-adding":{"_":"Şimdi eklemeye başlayın"},"notImported":{"_":"İçeri alınmadı"},"imported":{"_":"İçeri alındı"},"today":{"_":"Bugün"},"yesterday":{"_":"Dün"},"messageCanceling":{"_":"Lütfen bekleyin. Devam eden işlem iptal ediliyor."},"organise-contacts":{"_":"Kişileri düzenle"},"find-merge-contacts":{"_":"Çift kişileri bul"},"preparing-contacts":{"_":"Kişiler hazırlanıyor"},"exportError-SIM-NoFreeRecordFound":{"_":"SIM kart dolu"},"exportError-SIM-CannotAccessPhoneBook":{"_":"SIM kartın telefon rehberine erişilemiyor"},"exportError-SIM-Unavailable":{"_":"SIM kart bulunamadı"},"exportError-SIM-GenericError":{"_":"Bir kişi dışarı verilirken bir hata oluştu"},"pincode2":{"_":"PIN kodunu girin"},"type_pin":{"_":"PIN kodunuzu yazın"},"pincodeLabel":{"_":"SIM {{n}} PIN'i"},"pinValidation":{"_":"PIN uzunluğu 4 ile 8 karakter arasında olmalıdır."},"pinError":{"_":"PIN yanlış."},"pinAttemptMsg2":{"_":"{[ plural(n) ]}","_[one]":"SIM kartı kilitlemeksizin bir kez giriş hakkınız kaldı.","_[two]":"SIM kart kilitlenmeden önce doğru kodu girmek için {{n}} deneme hakkınız kaldı.","_[few]":"SIM kart kilitlenmeden önce doğru kodu girmek için {{n}} deneme hakkınız kaldı.","_[many]":"SIM kart kilitlenmeden önce doğru kodu girmek için {{n}} deneme hakkınız kaldı.","_[other]":"SIM kart kilitlenmeden önce doğru kodu girmek için {{n}} deneme hakkınız kaldı."},"pinLastChanceMsg":{"_":"Doğru PIN'i girmek için son şansınız. Aksi halde bu SIM kartını kullanmak için PUK kodunu girmeniz gerekecek."},"pukcode":{"_":"PUK kodunu girin"},"pukcodeTitle":{"_":"SIM {{n}} PUK'unu girin"},"pukcodeLabel":{"_":"SIM {{n}} PUK'u"},"type_puk":{"_":"PUK kodu"},"pukValidation":{"_":"PUK kodu tam olarak 8 basamaklı olmalıdır."},"pukInfo":{"_":"SIM kartınızın Kişisel Kilit Açma Anahtarı (PUK) kodunu girmelisiniz. Daha fazla bilgi için SIM kartınızın belgelerine bakın veya operatörünüzle iletişime geçin."},"pukError":{"_":"PUK yanlış.                "},"pukAttemptMsg2":{"_":"{[ plural(n) ]}","_[one]":"Bu SIM kart kalıcı olarak kullanım dışı kalmadan önce doğru kodu girmek için bir deneme hakkınız kaldı. Daha fazla bilgi için SIM kart belgelerine bakın veya operatörünüze başvurun.","_[two]":"Bu SIM kart kalıcı olarak kullanım dışı kalmadan önce doğru kodu girmek için {{n}} deneme hakkınız kaldı. Daha fazla bilgi için SIM kart belgelerine bakın veya operatörünüze başvurun.","_[few]":"Bu SIM kart kalıcı olarak kullanım dışı kalmadan önce doğru kodu girmek için {{n}} deneme hakkınız kaldı. Daha fazla bilgi için SIM kart belgelerine bakın veya operatörünüze başvurun.","_[many]":"Bu SIM kart kalıcı olarak kullanım dışı kalmadan önce doğru kodu girmek için {{n}} deneme hakkınız kaldı. Daha fazla bilgi için SIM kart belgelerine bakın veya operatörünüze başvurun.","_[other]":"Bu SIM kart kalıcı olarak kullanım dışı kalmadan önce doğru kodu girmek için {{n}} deneme hakkınız kaldı. Daha fazla bilgi için SIM kart belgelerine bakın veya operatörünüze başvurun."},"pukLastChanceMsg":{"_":"Doğru PUK kodunu girmek için son deneme hakkınız. Yanlış PUK kodu girerseniz, SIM kartınız kalıcı olarak kullanım dışı kalacak."},"create_newpin":{"_":"Yeni PIN'i oluşturun (4-8 basamaklı)"},"confirm_newpin":{"_":"Yeni PIN'i onaylayın"},"newpinConfirmation":{"_":"PIN'ler uyuşmuyor"},"nckcode":{"_":"NCK kodunu girin"},"cckcode":{"_":"CCK kodunu girin"},"spckcode":{"_":"SPCK kodunu girin"},"nckcodeTitle":{"_":"SIM {{n}} NCK kodunu girin"},"cckcodeTitle":{"_":"SIM {{n}} CCK kodunu girin"},"spckcodeTitle":{"_":"SIM {{n}} SPCK kodunu girin"},"nckcodeLabel":{"_":"SIM {{n}} NCK kodu"},"cckcodeLabel":{"_":"SIM {{n}} CCK kodu"},"spckcodeLabel":{"_":"SIM {{n}} SPCK kodu"},"type_nck":{"_":"NCK kodunuzu yazın"},"type_cck":{"_":"CCK kodunuzu yazın"},"type_spck":{"_":"SPCK kodunuzu yazın"},"nckValidation":{"_":"NCK uzunluğu 4 ile 8 karakter arasında olmalıdır."},"cckValidation":{"_":"CCK uzunluğu 4 ile 8 karakter arasında olmalıdır."},"spckValidation":{"_":"SPCK uzunluğu 4 ile 8 karakter arasında olmalıdır."},"nckErrorMsg":{"_":"NCK kodu yanlış."},"nckAttemptMsg2":{"_":"{[ plural(n) ]}","_[one]":"Şebeke kişiselleştirmesini kaldırma isteği başarısız oldu. Doğru kodu girmek için bir hakkınız kaldı. Daha fazla bilgi için aygıt belgelerinize bakın veya operatörünüzle iletişime geçin.","_[two]":"Şebeke kişiselleştirmesini kaldırma isteği başarısız oldu. Doğru kodu girmek için {{n}} hakkınız kaldı. Daha fazla bilgi için aygıt belgelerinize bakın veya operatörünüzle iletişime geçin.","_[few]":"Şebeke kişiselleştirmesini kaldırma isteği başarısız oldu. Doğru kodu girmek için {{n}} hakkınız kaldı. Daha fazla bilgi için aygıt belgelerinize bakın veya operatörünüzle iletişime geçin.","_[many]":"Şebeke kişiselleştirmesini kaldırma isteği başarısız oldu. Doğru kodu girmek için {{n}} hakkınız kaldı. Daha fazla bilgi için aygıt belgelerinize bakın veya operatörünüzle iletişime geçin.","_[other]":"Şebeke kişiselleştirmesini kaldırma isteği başarısız oldu. Doğru kodu girmek için {{n}} hakkınız kaldı. Daha fazla bilgi için aygıt belgelerinize bakın veya operatörünüzle iletişime geçin."},"nckLastChanceMsg":{"_":"Şebeke kişiselleştirmesini kaldırma isteği başarısız oldu. Doğru NCK kodunu girmek için son şansınız. Daha fazla bilgi için aygıt belgelerinize bakın veya operatörünüzle iletişime geçin."},"skip":{"_":"Atla"},"send":{"_":"Gönder"},"simLocked":{"_":"SIM kart kilitli"},"inputCodeRetriesLeft":{"_":"{[ plural(n) ]}","_[one]":"son hakkınız.","_[two]":"{{n}} hakkınız kaldı.","_[few]":"{{n}} hakkınız kaldı.","_[many]":"{{n}} hakkınız kaldı.","_[other]":"{{n}} hakkınız kaldı."},"simManager":{"_":"SIM Yöneticisi"},"simDetail":{"_":"SIM {{n}}"},"simDefault":{"_":"(varsayılan)"},"simDefaultMessage":{"_":"Giden aramalar, giden mesajlar ve veri bağlantısı varsayılan olarak SIM 1'e ayarlıdır"},"simSettingsMessage":{"_":"Varsayaılan ayarları Ayarlar > SIM yöneticisi üzerinden değiştirebilirsiniz"},"simPinLocked":{"_":"SIM PIN kilitli"},"noOperator":{"_":"Operatör yok"},"language":{"_":"Dil"},"english":{"_":"İngilizce"},"dvorak":{"_":"İngilizce (Dvorak)"},"spanish":{"_":"İspanyolca"},"portuguese":{"_":"Brezilya Portekizcesi"},"french":{"_":"Fransızca"},"italian":{"_":"İtalyanca"},"arabic":{"_":"Arapça"},"greek":{"_":"Yunanca"},"hebrew":{"_":"İbranice"},"jp-kanji":{"_":"Japonca"},"jp-kanji-desc":{"_":"Kanji"},"traditionalChinese":{"_":"Geleneksel Çince"},"traditionalChinese-desc":{"_":"Zhuyin"},"simplifiedChinese":{"_":"Basitleştirilmiş Çince"},"simplifiedChinese-desc":{"_":"Pinyin"},"3g":{"_":"Hücresel Veri"},"dataConnection":{"_":"Veriyi Etkinleştir"},"dataConnectionInfo":{"_":"Şimdi veri bağlantısını etkinleştirmek, telefonunuzu Wi-Fi bağlantısı olmadan kurmanıza izin verecektir. Ayrıca daha sonra Ayarlar'dan da etkinleştirebilirsiniz. Çok yüksek ücretlendirmelere maruz kalmamak için internet paketinizin olduğundan emin olun."},"caution":{"_":"Uyarı"},"geolocation":{"_":"Coğrafi konum"},"geolocationCheckbox":{"_":"Coğrafi konum etkin"},"geolocationInfo2":{"_":"{{brandShortName}}, yaklaşık konumunuzu belirlemek için GPS, Wi-Fi ve yakınınızdaki mobil şebeke verilerini kullanır."},"geolocationInfoMore":{"_":"Bu veriler Mozilla'ya ve diğer servis sağlayıcılara gönderilerek konum veritabanlarını geliştirmek için kullanılır. Veriler cihazınızda depolanabilir ve hiçbir uygulama çalışmadığı sırada bile veri toplanabilir."},"notice":{"_":"Uyarı"},"aboutYourPrivacy":{"_":"Gizliliğiniz hakkında daha fazla bilgi"},"wifi":{"_":"Wi-Fi"},"scanningNetworks":{"_":"Ağlar taranıyor"},"selectNetwork":{"_":"Bir ağ seçin"},"shortStatus-connecting":{"_":"Bağlanıyor…"},"shortStatus-associated":{"_":"IP adresi alınıyor…"},"shortStatus-connected":{"_":"Bağlandı"},"shortStatus-connectingfailed":{"_":"Bağlantı başarısız"},"shortStatus-disconnected":{"_":"Çevrimdışı"},"securedBy":{"_":"{{capabilities}} ile korunuyor"},"security":{"_":"Güvenlik"},"securityNone":{"_":"Yok"},"securityWEP":{"_":"WEP"},"securityWPA-PSK":{"_":"WPA-PSK"},"securityWPA-EAP":{"_":"WPA-EAP"},"securityOpen":{"_":"Açık"},"identity":{"_":"Kullanıcı"},"identityInput":{"placeholder":"Kullanıcı"},"password":{"_":"Parola"},"passwordInput":{"placeholder":"Parola"},"showPassword":{"_":"Parolayı göster"},"refresh":{"_":"Yenile"},"noWifiFound3":{"_":"Kablosuz ağ bulunamadı"},"join-hidden-button":{"_":"Gizli ağa katıl"},"authentication":{"_":"Kimlik doğrulama"},"ssid-name":{"_":"SSID ağ adı"},"dateAndTime":{"_":"Tarih ve saat"},"setTimeAutomatically":{"_":"Otomatik olarak ayarla"},"timezoneMessage":{"_":"Saat dilimi"},"timezoneTitle":{"_":"UTC{{utcOffset}} {{region}}/{{city}}"},"dateMessage":{"_":"Tarih"},"timeMessage":{"_":"Saat"},"timeZone":{"_":"Saat dilimi"},"change":{"_":"Değiştir"},"importContacts3":{"_":"Kişileri aktar"},"importFb2":{"_":"Facebook"},"fb-checking":{"_":"… kontrol ediliyor"},"notImportedYet":{"_":"Henüz alınmadı"},"afterFbImport":{"_":"Facebook arkadaşlarınızı Kişiler ayarlarından istediğiniz zaman alabilir ve düzenleyebilirsiniz"},"about-your-rights-0":{"_":"{{brandShortName}} tüm dünyadan binlerce kişilik bir topluluk tarafından özgür ve açık kaynaklı yazılımlarla inşa edilmiştir. Bilmeniz gereken bir kaç şey var:"},"about-your-rights-1":{"_":"{{brandShortName}} Mozilla Kamu Lisansı da dahil olmak üzere birçok açık yazılım lisansı koşulları altında kullanımınıza sunulmuştur. {{brandShortName}} çalıştıran bir aygıt üçüncü şahıslara ait lisanslı yazılımlar da içeriyor olabilir. Koşullarına uyduğunuz sürece açık lisanslar altında sunulan tüm kodlar, size kaynak kodunda değişiklik yapma ve değiştirilmiş sürümleri dağıtma hakkı verir."},"about-your-rights-2":{"_":"{{brandShortName}} ismi ve logosu da dahil olmak üzere ama bunlarla sınırlı kalmamak üzere, Mozilla Foundation veya herhangi bir partinin ticari marka hakları veya ticari markalarının lisansları verilmemiştir."},"about-your-rights-3":{"_":"{{brandShortName}} üzerindeki Çökme Raporlayıcısı gibi bazı özellikler size Mozilla'ya geri bildirimde bulunma seçeneği sunar. Geri bildirimde bulunmayı tercih ederseniz, Mozilla'ya ürünlerini geliştirmek için bu geri bildirimi kullanma, geri bildirimi web sitelerinde yayımlama ve geri bildirimi dağıtma izni vermiş olursunuz."},"about-other":{"_":"Diğer"},"SIM_mandatory":{"_":"SIM Kart Uyarısı"},"SIM_mandatory_warm":{"_":"Lütfen bir SIM kart takıp telefonunuzu yeniden başlatın."},"sharing-performance-data":{"_":"Performans verileri paylaşılıyor"},"telemetry-sends":{"_":"Telemetry Mozilla'ya {{brandShortName}} aygıtınızdaki performans, donanım, yapılandırma ve kişiselleştirmeler hakkında veriler gönderir. Bunları ürünlerimizi daha iyi daha hızlı ve daha duyarlı yapmak için kullanırız."},"learn-more-at":{"_":"Daha fazla bilgi için:"},"external-telemetry":{"title":"Telemetry"},"learn-about-information":{"_":"Mozilla'nın bilgilerinizi nasıl kullandığını öğrenin:"},"external-privacy":{"title":"Gizlilik"},"welcomeBrowser":{"_":"Mozilla'nın ücretsiz ve açık kaynaklı işletim sistemi {{brandShortName}}'e hoş geldiniz. Misyonumuz web'in gücünü size teslim ederek açıklık, yenilik ve fırsat eşitliğini desteklemektir."},"learnHow":{"_":"Mozilla'nın bilgilerinizi nasıl kullandığını"},"privacyPolicy":{"_":"gizlilik ilkelerimizden öğrenin","title":"Gizlilik ilkeleri"},"aboutBrowser":{"_":"{{brandShortName}} Hakkında"},"aboutYourPrivacy2":{"_":"Gizliliğiniz"},"mozillaCommunity2":{"_":"{{brandShortName}} kullandığınızda, web için parlak bir gelecek inşa etmeye yardım eden küresel bir topluluğun parçası olursunuz. Mozilla topluluğu, diğer ürünlerimiz ve etkinliklerimiz hakkında daha fazla bilgi almak isterseniz lütfen aşağıya e-posta adresinizi girin."},"collaborate":{"_":"Telefonum hakkındaki bilgileri paylaşarak {{brandShortName}} gelişimine yardım etmek istiyorum."},"learnMore":{"_":"Daha fazlasını öğren."},"emailAddress":{"placeholder":"E-posta adresi"},"email-successfully-added":{"_":"E-posta başarıyla eklendi"},"email-loading":{"_":"E-postanız kaydediliyor…"},"browserPrivacyChoices":{"_":"{{brandShortName}} Gizlilik Seçenekleri"},"privacy-b2g":{"_":"{{brandShortName}}","title":"{{brandShortName}}"},"privacy-marketplace":{"_":"Marketplace","title":"{{privacy-marketplace}}"},"privacy-e-me":{"_":"everything.me","title":"{{privacy-e-me}}"},"navbar-back":{"_":"Geri"},"navbar-next":{"_":"İleri"},"navbar-join":{"_":"Katıl"},"thatsIt":{"_":"İşte bu kadar!"},"startYourPhone":{"_":"Telefon turunuza başlayın!"},"startYourTablet":{"_":"Tablet turuna başlayın!"},"joinTutorial":{"_":"Yeni telefonunuzu tanımak için hızlı bir tura çıkalım."},"enjoyYourPhone":{"_":"Yeni telefonunuzun keyfini çıkarmaya hazırsınız."},"optionsAvailable":{"_":"Dili, tarihi/saati ve Wi-Fi bağlantısını ayarlardan değiştirebilirsiniz."},"letsGo":{"_":"Haydi başlayalım"},"startTour":{"_":"Turu başlat"},"thatsIt1Tablet-2":{"_":"Ana ekrana girmek için her zaman alt kenardan çekip sürükleyebilirsiniz."},"thatsIt2Tablet-2":{"_":"Başlayalım!"},"tutorial-step1-tiny":{"_":"Uygulamalarınızı görmek için sağdan sola kaydırın."},"tutorial-step2-tiny":{"_":"Bir simgeyi silmek veya taşımak için dokunun ve basılı tutun."},"tutorial-step3-tiny":{"_":"Bir anahtar kelime veya konu girdiğiniz telefonunuz ona uyum sağlayacaktır."},"tutorial-step4-tiny":{"_":"Son bildirimlere, kredi bilgisine ve ayarlara erişmek için aşağı doğru kaydırın."},"tutorial-step5-tiny":{"_":"Son uygulamaları görmek ve kapatmak için ana ekran düğmesine dokunun ve bekleyin."},"tutorial-step6-tiny":{"_":"Son uygulamalar arasında ileri ve geri gitmek için ekranın kenarından tutup çekin."},"tutorial-step1-large-2":{"_":"Son bildirimlere, kredi bilgisine ve ayarlara erişmek için üstten aşağıya doğru kaydırın."},"tutorial-step2-large-2":{"_":"Yeni uygulamalar keşfetmek için ana ekranda sola veya sağa kaydırın."},"tutorial-step3-large-2":{"_":"Bir simgeyi silmek veya taşımak için ona dokunun ve basılı tutun."},"tutorial-step4-large-2":{"_":"Kart görünümünü açmak için alt kenardan iki parmakla tutup çekin."},"offline-dialog-title":{"_":"Sayfayı görmek için internete bağlı olmalısınız."},"offline-dialog-text":{"_":"Lütfen geri dönüp internete bağlanın. Ayrıca bu daha sonra Ayarlar'dan veya herhangi bir tarayıcıda {{url}} adresine girerek de görebilirsiniz."},"OK":{"_":"Tamam"},"offline-newsletter-dialog-title":{"_":"Bültene abone olmak için internete bağlı olmalısınız."},"offline-newsletter-dialog-text":{"_":"Lütfen geri dönün ve internete bağlanın."},"invalid-email-dialog-title":{"_":"E-posta adresiniz geçerli değil"},"invalid-email-dialog-text":{"_":"Lütfen geri dönün ve girişinizi düzeltin."},"weekday-0-long":{"_":"Pazar"},"weekday-1-long":{"_":"Pazartesi"},"weekday-2-long":{"_":"Salı"},"weekday-3-long":{"_":"Çarşamba"},"weekday-4-long":{"_":"Perşembe"},"weekday-5-long":{"_":"Cuma"},"weekday-6-long":{"_":"Cumartesi"},"weekday-0-short":{"_":"Pzr"},"weekday-1-short":{"_":"Pzt"},"weekday-2-short":{"_":"Sal"},"weekday-3-short":{"_":"Çar"},"weekday-4-short":{"_":"Per"},"weekday-5-short":{"_":"Cum"},"weekday-6-short":{"_":"Cmt"},"month-0-long":{"_":"Ocak"},"month-1-long":{"_":"Şubat"},"month-2-long":{"_":"Mart"},"month-3-long":{"_":"Nisan"},"month-4-long":{"_":"Mayıs"},"month-5-long":{"_":"Haziran"},"month-6-long":{"_":"Temmuz"},"month-7-long":{"_":"Ağustos"},"month-8-long":{"_":"Eylül"},"month-9-long":{"_":"Ekim"},"month-10-long":{"_":"Kasım"},"month-11-long":{"_":"Aralık"},"month-0-genitive":{"_":"Ocak"},"month-1-genitive":{"_":"Şubat"},"month-2-genitive":{"_":"Mart"},"month-3-genitive":{"_":"Nisan"},"month-4-genitive":{"_":"Mayıs"},"month-5-genitive":{"_":"Haziran"},"month-6-genitive":{"_":"Temmuz"},"month-7-genitive":{"_":"Ağustos"},"month-8-genitive":{"_":"Eylül"},"month-9-genitive":{"_":"Ekim"},"month-10-genitive":{"_":"Kasım"},"month-11-genitive":{"_":"Aralık"},"month-0-short":{"_":"Oca"},"month-1-short":{"_":"Şub"},"month-2-short":{"_":"Mar"},"month-3-short":{"_":"Nis"},"month-4-short":{"_":"May"},"month-5-short":{"_":"Haz"},"month-6-short":{"_":"Tem"},"month-7-short":{"_":"Ağu"},"month-8-short":{"_":"Eyl"},"month-9-short":{"_":"Eki"},"month-10-short":{"_":"Kas"},"month-11-short":{"_":"Ara"},"minutes-ago-long":{"_":"{[ plural(value) ]}","_[zero]":"biraz önce","_[one]":"bir dakika önce","_[two]":"{{value}} dakika önce","_[few]":"{{value}} dakika önce","_[many]":"{{value}} dakika önce","_[other]":"{{value}} dakika önce"},"hours-ago-long":{"_":"{[ plural(value) ]}","_[zero]":"biraz önce","_[one]":"bir saat önce","_[two]":"{{value}} saat önce","_[few]":"{{value}} saat önce","_[many]":"{{value}} saat önce","_[other]":"{{value}} saat önce"},"days-ago-long":{"_":"{[ plural(value) ]}","_[zero]":"bugün","_[one]":"dün","_[two]":"{{value}} gün önce","_[few]":"{{value}} gün önce","_[many]":"{{value}} gün önce","_[other]":"{{value}} gün önce"},"weeks-ago-long":{"_":"{[ plural(value) ]}","_[zero]":"bu hafta","_[one]":"geçen hafta","_[two]":"{{value}} hafta önce","_[few]":"{{value}} hafta önce","_[many]":"{{value}} hafta önce","_[other]":"{{value}} hafta önce"},"months-ago-long":{"_":"{[ plural(value) ]}","_[zero]":"bu ay","_[one]":"geçen ay","_[two]":"{{value}} ay önce","_[few]":"{{value}} ay önce","_[many]":"{{value}} ay önce","_[other]":"{{value}} ay önce"},"years-ago-long":{"_":"{[ plural(value) ]}","_[zero]":"bu yıl","_[one]":"geçen yıl","_[two]":"{{value}} yıl önce","_[few]":"{{value}} yıl önce","_[many]":"{{value}} yıl önce","_[other]":"{{value}} yıl önce"},"minutes-until-long":{"_":"{[ plural(value) ]}","_[zero]":"şimdi","_[one]":"bir dakika önce","_[two]":"{{value}} dakika içinde","_[few]":"{{value}} dakika içinde","_[many]":"{{value}} dakika içinde","_[other]":"{{value}} dakika içinde"},"hours-until-long":{"_":"{[ plural(value) ]}","_[zero]":"şimdi","_[one]":"bir saat içinde","_[two]":"{{value}} saat içinde","_[few]":"{{value}} saat içinde","_[many]":"{{value}} saat içinde","_[other]":"{{value}} saat içinde"},"days-until-long":{"_":"{[ plural(value) ]}","_[zero]":"bugün","_[one]":"dün","_[two]":"{{value}} gün içinde","_[few]":"{{value}} gün içinde","_[many]":"{{value}} gün içinde","_[other]":"{{value}} gün içinde"},"weeks-until-long":{"_":"{[ plural(value) ]}","_[zero]":"bu hafta","_[one]":"gelecek hafta","_[two]":"{{value}} hafta içinde","_[few]":"{{value}} hafta içinde","_[many]":"{{value}} hafta içinde","_[other]":"{{value}} hafta içinde"},"months-until-long":{"_":"{[ plural(value) ]}","_[zero]":"bu ay","_[one]":"gelecek ay","_[two]":"{{value}} ay içinde","_[few]":"{{value}} ay içinde","_[many]":"{{value}} ay içinde","_[other]":"{{value}} ay içinde"},"years-until-long":{"_":"{[ plural(value) ]}","_[zero]":"bu yıl","_[one]":"gelecek yıl","_[two]":"{{value}} yıl içinde","_[few]":"{{value}} yıl içinde","_[many]":"{{value}} yıl içinde","_[other]":"{{value}} yıl içinde"},"minutes-ago-short":{"_":"{[ plural(value) ]}","_[zero]":"biraz önce","_[other]":"{{value}} dk önce"},"hours-ago-short":{"_":"{[ plural(value) ]}","_[zero]":"biraz önce","_[other]":"{{value}} saat önce"},"days-ago-short":{"_":"{[ plural(value) ]}","_[zero]":"bugün","_[other]":"{{value}} gün önce"},"minutes-until-short":{"_":"{[ plural(value) ]}","_[zero]":"şimdi","_[other]":"{{value}} dk içinde"},"hours-until-short":{"_":"{[ plural(value) ]}","_[zero]":"şimdi","_[other]":"{{value}} saat içinde"},"days-until-short":{"_":"{[ plural(value) ]}","_[zero]":"bugün","_[other]":"{{value}} gün içinde"},"incorrectDate":{"_":"(geçersiz tarih)"},"dateTimeFormat_%c":{"_":"%e %b %Y %a %H:%M:%S"},"dateTimeFormat_%x":{"_":"%d/%m/%Y"},"dateTimeFormat_%X":{"_":"%H:%M:%S"},"shortTimeFormat":{"_":"%H:%M"},"shortDateTimeFormat":{"_":"%x %H:%M"},"weekStartsOnMonday":{"_":"1"},"time_am":{"_":"ÖÖ"},"time_pm":{"_":"ÖS"},"tz-region":{"_":"Bölge"},"tz-city":{"_":"Şehir"},"tzRegion-Africa":{"_":"Afrika"},"tzRegion-America":{"_":"Amerika"},"tzRegion-Antarctica":{"_":"Antarktika"},"tzRegion-Asia":{"_":"Asya"},"tzRegion-Atlantic":{"_":"Atlas Okyanusu"},"tzRegion-Australia":{"_":"Avustralya"},"tzRegion-Europe":{"_":"Avrupa"},"tzRegion-Indian":{"_":"Hint Okyanusu"},"tzRegion-Pacific":{"_":"Pasifik Okyanusu"},"close":{"_":"Kapat"},"import":{"_":"İçe aktar"},"fbFriends":{"_":"Arkadaşlar"},"live-serviceName":{"_":"Outlook"},"gmail-serviceName":{"_":"Gmail"},"facebook-serviceName":{"_":"Arkadaşlar"},"viewAll":{"_":"Tüm Facebook Arkadaşlarını Gör"},"viewRecommend":{"_":"Yalnızca Tavsiye Edilenleri Gör"},"linkProposal":{"_":"{[ plural(numFriends) ]}","_[zero]":"Eşleşen arkadaş yok. Tümü gösteriliyor","_[one]":"Tavsiye edileni seçin","_[two]":"Tavsiye edilenlerden birini seçin","_[few]":"Tavsiye edilenlerden birini seçin","_[many]":"Tavsiye edilenlerden birini seçin","_[other]":"Tavsiye edilenlerden birini seçin"},"fbFriendsFound":{"_":"{[ plural(numFriends) ]}","_[zero]":"Tüm arkadaşlarınız alındı","_[one]":"Alınacak bir arkadaş bulundu","_[two]":"Alınacak {{numFriends}} arkadaş bulundu","_[few]":"Alınacak {{numFriends}} arkadaş bulundu","_[many]":"Alınacak {{numFriends}} arkadaş bulundu","_[other]":"Alınacak {{numFriends}} arkadaş bulundu"},"done-search":{"_":"Bitti"},"progressFB3ImportTitle":{"_":"Arkadaşlar Kişiler'e alınıyor"},"progressFB":{"_":"{{current}}/{{total}}"},"progressFB3UpdateTitle":{"_":"Kişiler'deki arkadaşlar güncelleniyor"},"message2":{"_":"Bu işlem birkaç dakika sürebilir"},"messageLinking":{"_":"Lütfen bekleyin. Arkadaşınızı ve kişinizi bağlıyoruz."},"error1":{"_":"Hata {{from}}"},"error2":{"_":"Tekrar denemek ister misiniz?"},"errorProposal":{"_":"öneriler hesaplanıyor"},"errorFriends":{"_":"arkadaşlar alınıyor"},"errorLinking":{"_":"kişi bağlanıyor"},"timeout1":{"_":"Zaman aşımı doldu {{from}}"},"timeout2":{"_":"Tekrar denemek ister misiniz?"},"timeoutProposal":{"_":"öneriler hesaplanıyor"},"timeoutFriends":{"_":"arkadaşlar alınıyor"},"timeoutLinking":{"_":"kişiler bağlanıyor"},"wait1":{"_":"Lütfen bekleyin"},"wait2":{"_":"Bu işlem birkaç dakika sürebilir"},"waitProposal":{"_":"Lütfen bekleyin. Bir öneri hesaplıyoruz."},"waitFriends":{"_":"Lütfen bekleyin. Arkadaş listenizi almak için bağlanıyoruz."},"curtainCancel":{"_":"Vazgeç"},"curtainRetry":{"_":"Yeniden dene"},"curtainOK":{"_":"Tamam"},"connectionLost":{"_":"İnternet bağlantısı yok"},"connectionLostMsg":{"_":"Arkadaşlarınızın fotoğrafları kişi listenize eklenmeyecek. Yine de devam edilsin mi?"},"yesOption":{"_":"Tamam"},"noOption":{"_":"Vazgeç"},"friendsUpdated":{"_":"{[ plural(numFriends) ]}","_[zero]":"Hiçbir arkadaş güncellenmedi","_[one]":"Bir arkadaş güncellendi","_[two]":"{{numFriends}} arkadaş güncellendi","_[few]":"{{numFriends}} arkadaş güncellendi","_[many]":"{{numFriends}} arkadaş güncellendi","_[other]":"{{numFriends}} arkadaş güncellendi"},"notificationLogin":{"_":"Facebook oturumunuz geçersiz. Lütfen giriş yapın."},"syncError":{"_":"Arkadaşlarınızın verileri eşitlenirken bir hata oluştu"},"addToExistingContact":{"_":"Mevcut bir kişiye ekle"},"all":{"_":"Tümü"},"callLog":{"_":"Arama kaydı"},"connecting":{"_":"Bağlanıyor"},"cf-async":{"_":"Asenkron: {{ async }}\n"},"cf-data":{"_":"Veri: {{ data }}\n"},"cf-error":{"_":"Çağrı yönlendirme durumu alınırken bir hata oluştu"},"cf-fax":{"_":"FAKS: {{ fax }}\n"},"cf-inactive":{"_":"Etkin değil"},"cf-packet":{"_":"Paket: {{ packet }}\n"},"cf-pad":{"_":"TUŞ TAKIMI: {{ pad }}\n"},"cf-sms":{"_":"SMS: {{ sms }}\n"},"cf-status":{"_":"Çağrı yönlendirme durumu\n"},"cf-sync":{"_":"Senkron: {{ sync }}\n"},"cf-voice":{"_":"Ses: {{ voice }}\n"},"confirm-deletion":{"_":"Seçili çağrılar silinsin mi?"},"createNewContact":{"_":"Yeni kişi oluştur"},"delete":{"_":"Sil"},"edit-selected":{"_":"{[ plural(n) ]}","_[one]":"{{ n }} seçildi","_[two]":"{{ n }} seçili","_[few]":"{{ n }} seçili","_[many]":"{{ n }} seçili","_[other]":"{{ n }} seçili"},"ignore":{"_":"Çağrıyı yok say"},"incoming":{"_":"Gelen"},"missed":{"_":"Cevapsız"},"missedCall":{"_":"Cevapsız çağrı"},"missedCallMultiSims":{"_":"(SIM {{ n }}) Cevapsız çağrı"},"mmi-error":{"_":"Mesaj gönderilirken bir hata oluştu"},"mmi-session-expired":{"_":"Oturum zaman aşımına uğradı"},"mmi-successfully-sent":{"_":"Mesaj başarıyla gönderildi"},"no-logs-msg-1":{"_":"Kaydedilmiş çağrı yok"},"no-logs-msg-2":{"_":"Şimdi yazışmaya başlayın"},"no-logs-msg-3":{"_":"Cevapsız çağrı yok"},"reply":{"_":"Yanıtla"},"switch-calls":{"_":"Arama değiştir"},"withheld-number":{"_":"Gizli numara"},"from-contact":{"_":"{{ contact }} adlı kişiden"},"from-number":{"_":"{{ number }} numarasından"},"from-withheld-number":{"_":"Gizli numaradan"},"sending":{"_":"Gönderiliyor…"},"ussd-services":{"_":"{{ operator }} hizmetleri"},"type-your-response":{"placeholder":"Yanıtınızı yazın…"},"clear-all-text":{"_":"Tüm metni temizle"},"hide":{"_":"Gizle"},"hold":{"_":"Beklet"},"resume":{"_":"Sürdür"},"sendSms":{"_":"Mesaj gönder"},"callEnded":{"_":"Çağrı sonlandı"},"via-sim":{"_":"SIM{{ n }} ile"},"sim-number":{"_":"SIM{{ n }}"},"hangup-a11y-button":{"aria-label":"Kapat"},"pickup-a11y-button":{"aria-label":"Yanıtla"},"unlock-a11y-button":{"aria-label":"Sürgü"},"delete-n-log?":{"_":"{[ plural(n) ]}","_[zero]":"Hiçbir şey seçilmedi","_[one]":"Seçilen kayıt silinsin mi?","_[two]":"{{ n }} kayıt silinsin mi?","_[few]":"{{ n }} kayıt silinsin mi?","_[many]":"{{ n }} kayıt silinsin mi?","_[other]":"{{ n }} kayıt silinsin mi?"},"callDurationMinutes":{"_":"{{ m }}:{{ s }}"},"callDurationHours":{"_":"{{ h }}:{{ m }}:{{ s}}"},"suggestionMatches":{"_":"{[ plural(n) ]}","_[one]":"\"{{ matchNumber }}\" {{ n }} kez eşleşti","_[two]":"\"{{ matchNumber }}\" {{ n }} kez eşleşti","_[few]":"\"{{ matchNumber }}\" {{ n }} kez eşleşti","_[many]":"\"{{ matchNumber }}\" {{ n }} kez eşleşti","_[other]":"\"{{ matchNumber }}\" {{ n }} kez eşleşti"},"scCallBarring":{"_":"Arama engelleme"},"scCallForwarding":{"_":"Yönlendirme"},"scClip":{"_":"Arayanın numarası"},"scClir":{"_":"Numaramı göster"},"scPwd":{"_":"Parola değiştir"},"scCallWaiting":{"_":"Arama bekletme"},"scPin":{"_":"PIN değiştir"},"scPin2":{"_":"PIN2 değiştir"},"scPuk":{"_":"PIN kilidini aç"},"scPuk2":{"_":"PIN2 kilidini aç"},"scImei":{"_":"IMEI"},"scUssd":{"_":"USSD"},"serviceClassVoice":{"_":"Ses"},"serviceClassData":{"_":"Veri"},"serviceClassFax":{"_":"Faks"},"serviceClassSms":{"_":"SMS"},"serviceClassDataSync":{"_":"Senkron"},"serviceClassDataAsync":{"_":"Asenkron"},"serviceClassPacket":{"_":"Paket"},"serviceClassPad":{"_":"PAD"},"smServiceEnabled":{"_":"Servis etkinleştirildi"},"smServiceDisabled":{"_":"Servis devre dışı bırakıldı"},"smServiceRegistered":{"_":"Kayıt başarılı"},"smServiceErased":{"_":"Silme başarılı"},"smServiceInterrogated":{"_":"İstek başarılı"},"smServiceNotProvisioned":{"_":"Servis izni yok"},"smClirPermanent":{"_":"Arama kimliği ayarını değiştiremezsiniz"},"smClirDefaultOnNextCallOn":{"_":"Arama kimliği varsayılan olarak kısıtlı. Sonraki arama: Kısıtlı"},"smClirDefaultOnNextCallOff":{"_":"Arama kimliği varsayılan olarak kısıtlı. Sonraki arama: Kısıtsız"},"smClirDefaultOffNextCallOn":{"_":"Arama kimliği varsayılan olarak kısıtsız. Sonraki arama: Kısıtlı"},"smClirDefaultOffNextCallOff":{"_":"Arama kimliği varsayılan olarak kısıtsız. Sonraki arama: Kısıtsız"},"smServiceEnabledFor":{"_":"Servis etkinleştirildi:"},"smPinChanged":{"_":"PIN başarıyla değiştirildi"},"smPinUnblocked":{"_":"PIN başarıyla açıldı"},"smPin2Changed":{"_":"PIN2 başarıyla değiştirildi"},"smPin2Unblocked":{"_":"PIN2 başarıyla değiştirildi"},"emMmiError":{"_":"Bağlantı sorunu veya geçersiz MMI kodu"},"emMmiErrorPasswordIncorrect":{"_":"Yanlış parola"},"emMmiErrorNotSupported":{"_":"Geçersiz ve desteklenmeyen MMI kodu"},"emMmiErrorInvalidAction":{"_":"Geçersiz eylem"},"emMmiErrorInvalidScCode":{"_":"Geçersiz servis kodu"},"emMmiErrorBadPuk":{"_":"Yazdığınız PUK yanlış"},"emMmiErrorBadPin":{"_":"Yazdığınız eski PIN yanlış."},"emMmiErrorNeedPuk2":{"_":"SIM kartı açmak için PUK2'yi yazın"},"emMmiErrorMismatchPin":{"_":"Yazdığınız PIN'ler eşleşmiyor"},"emMmiErrorInvalidPin":{"_":"4 ila 8 basamaklı bir PIN yazın"},"emMmiErrorNeedsPuk":{"_":"SIM kartınız PUK kilitli"},"emMmiErrorEnablePin":{"_":"Başarısız. SIM/RUIM kilidini etkinleştir"},"emMmiErrorMmiFdn":{"_":"İşlem sadece sabit arama numaralarıyla kısıtlıdır"},"emMmiErrorStkCcUssdDial":{"_":"USSD isteği DIAL isteğiyle değiştirildi"},"emMmiErrorStkCcUssdSs":{"_":"USSD isteği SS isteğiyle değiştirildi"},"emMmiErrorStkCcUssdUssd":{"_":"USSD isteği yeni USSD isteğiyle değiştirildi"},"emMmiErrorStkCcSsDial":{"_":"SS isteği DIAL isteğiyle değiştirildi"},"emMmiErrorStkCcSsUssd":{"_":"SS isteği USSD isteğiyle değiştirildi"},"emMmiErrorStkCcSsSs":{"_":"SS isteği yeni SS isteğiyle değiştirildi"},"emMmiErrorPinPukAttempts":{"_":"{[ plural(n) ]}","_[one]":"Sadece {{ n }} hakkınız kaldı","_[two]":"{{ n }} hakkınız kaldı","_[few]":"{{ n }} hakkınız kaldı","_[many]":"{{ n }} hakkınız kaldı","_[other]":"{{ n }} hakkınız kaldı"},"emMmiErrorSimBlocked":{"_":"Maksimum deneme sayısını aştınız. SIM kilitlendi"},"RadioNotAvailable":{"_":"Radyo kullanılamıyor"},"GenericFailure":{"_":"Genel hata"},"PasswordIncorrect":{"_":"Parola yanlış"},"SimPin2":{"_":"SIM PIN2"},"SimPuk2":{"_":"SIM PUK2"},"RequestNotSupported":{"_":"İstek desteklenmiyor"},"OpNotAllowedDuringVoiceCall":{"_":"Sesli arama sırasında bu işleme izin verilmiyor"},"SmsSendFailRetry":{"_":"SMS gönderimi başarısız, tekrar dene"},"SimAbsent":{"_":"SIM yok"},"SubscriptionNotAvailable":{"_":"Abonelik kullanılabilir değil"},"ModeNotSupported":{"_":"Mod desteklenmiyor"},"FdnCheckFailure":{"_":"Fdn kontrol hatası"},"IllegalSimOrMe":{"_":"Geçersiz SIM veya ME"},"DialModifiedToUssd":{"_":"Arama USSD olarak değiştirildi"},"DialModifiedToSs":{"_":"Arama SS olarak değiştirildi"},"DialModifiedToDial":{"_":"Arama arama olarak değiştirildi"},"UssdModifiedToDial":{"_":"USSD arama olarak değiştirildi"},"UssdModifiedToSs":{"_":"USSD SS olarak değiştirildi"},"UssdModifiedToUssd":{"_":"USSD, USSD olarak değiştirildi"},"SsModifiedToDial":{"_":"SS, arama olarak değiştirildi"},"SsModifiedToUssd":{"_":"SS, USSD olarak değiştirildi"},"SsModifiedToSs":{"_":"SS, SS olarak değiştirildi"},"SubscriptionNotSupported":{"_":"Abonelik desteklenmiyor"},"InvalidParameter":{"_":"Geçersiz parametre"},"RejectedByRemote":{"_":"Karşı taraf reddetti"},"group-call":{"_":"{[ plural(n) ]}","_[one]":"Grup araması ({{ n }})","_[two]":"Grup araması ({{ n }})","_[few]":"Grup araması ({{ n }})","_[many]":"Grup araması ({{ n }})","_[other]":"Grup araması ({{ n }})"},"caller-left-call":{"_":"{{ caller }} aramadan ayrıldı."},"conferenceAddError":{"_":"Çağrılar birleştirilemedi"},"conferenceRemoveError":{"_":"Çağrılar ayrılamadı"},"longDateFormat":{"_":"%e %B %A"},"select-audio-sources":{"_":"Ses kaynaklarını seçin"},"bluetooth-handsfree-device":{"_":"Bluetooth eller serbest cihazı"},"receiver":{"_":"Alıcı"},"speaker":{"_":"Hoparlör"},"sim-picker-dial-via-with-number":{"_":"{{ phoneNumber }} numarasını ara:"},"sim-picker-select-sim":{"_":"SIM seçin"},"sim-picker-button":{"_":"SIM{{ n }}"},"sim-picker-button-default":{"_":"(varsayılan)"},"waitDuplicateContacts":{"_":"Çift kişiler aranıyor"},"waitMergingDuplicateContacts":{"_":"Çift kişiler birleştiriliyor"},"alertNoDuplicateContacts":{"_":"Çift kişi bulunamadı"},"merge":{"_":"Birleştir"},"mergeDuplicateTitle":{"_":"Çiftleri birleştir"},"suggestedDuplicateContacts":{"_":"{{name}} için önerilen çift kişiler"},"mergeActionButtonLabel":{"_":"{[ plural(n) ]}","_[zero]":"Hiçbir kişi seçilmedi","_[one]":"{{n}} kişiyle birleştir","_[other]":"{{n}} kişiyle birleştir"},"duplicatesFoundTitle":{"_":"Çift kişiler bulundu"},"duplicatesFoundMessage":{"_":"{{name}} ile aşağıdaki kişilerin bilgileri aynı"}}