{"bluetooth":{"_":"بلوتوث"},"confirmation":{"_":"تأكيد"},"bluetooth-status-description":{"_":"البلوتوث غير مفعَل"},"turn-bluetooth-on":{"_":"هل تريد تفعيل البلوتوث؟"},"cancel":{"_":"ألغِ"},"turn-on":{"_":"فعّل"},"error-transfer-title":{"_":"فشل نقل الملف عبر البلوتوث"},"error-transfer-settings":{"_":"فشل نقل الملف عبر البلوتوث. تحقق من أن إعدادات البلوتوث صحيحة."},"ok":{"_":"موافق"},"bluetooth-paired-devices":{"_":"الأجهزة المقترنة"},"bluetooth-devices-in-area":{"_":"أجهزة قريبة منك"},"device-status-tap-connect":{"_":"أنقر للإتصال"},"device-status-pairing":{"_":"جارِ الاقتران مع جهاز…"},"device-status-waiting":{"_":"في إنتظار جهاز آخر..."},"device-status-paired":{"_":"تم الاقتران"},"device-status-connecting":{"_":"جارِ الاتصال"},"device-status-connected":{"_":"مُتصل"},"search-for-device":{"_":"البحث عن اجهزة..."},"search-device":{"_":"إبحث عن أجهزة"},"unnamed-device":{"_":"جهاز مجهول "},"error-pair-title":{"_":"تعذّر الاقتران مع أي جهاز"},"error-pair-pincode":{"_":"تعذّر الاقتران مع الجهاز. تحقق من صحة كود PIN"},"error-pair-toofast":{"_":"تعذَر الاقتران مع الجهاز بسبب كثرة الطلبات المُرسلة."}}