{"bluetooth":{"_":"Bluetooth"},"confirmation":{"_":"Потвърждение"},"bluetooth-status-description":{"_":"Bluetooth е спрян"},"turn-bluetooth-on":{"_":"Искате ли да включите Bluetooth?"},"cancel":{"_":"Отказ"},"turn-on":{"_":"Включване"},"error-transfer-title":{"_":"Bluetooth файловият трансфер е неуспешен"},"error-transfer-settings":{"_":"Bluetooth файловият трансфер е неуспешен. Проверете дали Bluetooth настройките са правилни."},"ok":{"_":"Добре"},"bluetooth-paired-devices":{"_":"Сдвоени устройства"},"bluetooth-devices-in-area":{"_":"Близки устройства"},"device-status-tap-connect":{"_":"Натиснете, за да се свържете"},"device-status-pairing":{"_":"Сдвояване с устройство…"},"device-status-waiting":{"_":"Изчакване на отсрещното устройство…"},"device-status-paired":{"_":"Сдвоено"},"device-status-connecting":{"_":"Свързване…"},"device-status-connected":{"_":"Свързано"},"search-for-device":{"_":"Търсене на устройства…"},"search-device":{"_":"Търсене на устройство"},"unnamed-device":{"_":"Непознато устройство"},"error-pair-title":{"_":"Неуспешно сдвояване на устройства"},"error-pair-pincode":{"_":"Неуспешно сдвояване. Проверете да ли PIN-а е правилен."},"error-pair-toofast":{"_":"Неуспешно сдвояване. Твърде много заявки."}}