{"bluetooth":{"_":"ব্লুটুথ"},"confirmation":{"_":"নিশ্চিতকরণ"},"bluetooth-status-description":{"_":"ব্লুটুথ নিষ্ক্রিয় করা হয়েছে"},"turn-bluetooth-on":{"_":"আপনি কি ব্লুটুথ চালু করতে চান?"},"cancel":{"_":"বাতিল"},"turn-on":{"_":"চালু করুন"},"error-transfer-title":{"_":"ব্লটুথ ফাইল স্থানান্তর ব্যর্থ হয়েছে"},"error-transfer-settings":{"_":"ব্লটুথ ফাইল স্থানান্তর ব্যর্থ হয়েছে। ব্লুটুথ সেটিংস ঠিক আছে কিনা দেখুন।"},"ok":{"_":"ঠিক আছে"},"bluetooth-paired-devices":{"_":"জুটিবদ্ধ ডিভাইস"},"bluetooth-devices-in-area":{"_":"সীমার মধ্যে সব ডিভাইস"},"device-status-tap-connect":{"_":"সংযুক্ত করতে ট্যাপ করুন"},"device-status-pairing":{"_":"ডিভাইসের সাথে জুটিবদ্ধ হচ্ছে…"},"device-status-waiting":{"_":"অপর ডিভাইসের জন্য অপেক্ষমান…"},"device-status-paired":{"_":"জুটিবদ্ধ"},"device-status-connecting":{"_":"সংযুক্ত হচ্ছে…"},"device-status-connected":{"_":"সংযুক্ত"},"search-for-device":{"_":"ডিভাইসের জন্য অনুসন্ধান করা হচ্ছে..."},"search-device":{"_":"ডিভাইস অনুসন্ধান করুন"},"unnamed-device":{"_":"অজানা ডিভাইস"},"error-pair-title":{"_":"ডিভাইস জুটিবদ্ধ করা সম্ভব নয়"},"error-pair-pincode":{"_":"এই ডিভাইসের সাথে জুটিবদ্ধ হওয়া সম্ভব নয়। PIN সঠিক কিনা পরীক্ষা করুন।"},"error-pair-toofast":{"_":"এই ডিভাইসের সাথে জুটিবদ্ধ হওয়া সম্ভব নয়। মাত্রাতিরিক্ত অনুরোধ রয়েছে।"}}