{"bluetooth":{"_":"Bluetooth"},"confirmation":{"_":"Confirmació"},"bluetooth-status-description":{"_":"El Bluetooth està desactivat"},"turn-bluetooth-on":{"_":"Voleu activar el Bluetooth?"},"cancel":{"_":"Cancel·la"},"turn-on":{"_":"Activa"},"error-transfer-title":{"_":"La transferència Bluetooth ha fallat"},"error-transfer-settings":{"_":"La transferència Bluetooth ha fallat. Comproveu que els paràmetres de Bluetooth siguin correctes."},"ok":{"_":"D'acord"},"bluetooth-paired-devices":{"_":"Dispositius aparellats"},"bluetooth-devices-in-area":{"_":"Dispositius propers"},"device-status-tap-connect":{"_":"Toqueu per connectar"},"device-status-pairing":{"_":"S'està aparellant amb el dispositiu…"},"device-status-waiting":{"_":"S'està esperant l'altre dispositiu…"},"device-status-paired":{"_":"Aparellat"},"device-status-connecting":{"_":"S'està connectant…"},"device-status-connected":{"_":"Connectat"},"search-for-device":{"_":"S'estan cercant dispositius…"},"search-device":{"_":"Cerca dispositius"},"unnamed-device":{"_":"Dispositiu desconegut"},"error-pair-title":{"_":"No s'han pogut aparellar els dispositius"},"error-pair-pincode":{"_":"No s'han pogut aparellar els dispositius. Verifiqueu que el PIN introduït és correcte."},"error-pair-toofast":{"_":"No s'han pogut aparellar els dispositius. Massa sol·licituds."}}