{"bluetooth":{"_":"Bluetooth"},"confirmation":{"_":"Potvrzení"},"bluetooth-status-description":{"_":"Bluetooth je zakázán"},"turn-bluetooth-on":{"_":"Chcete zapnout Bluetooth?"},"cancel":{"_":"Zrušit"},"turn-on":{"_":"Zapnout"},"error-transfer-title":{"_":"Chyba při přenos souborů pomocí Bluetooth"},"error-transfer-settings":{"_":"Přenos souborů pomocí Bluetooth skončil chybou. Zkontrolujte správnost nastavení Bluetooth."},"ok":{"_":"OK "},"bluetooth-paired-devices":{"_":"Spárovaná zařízení"},"bluetooth-devices-in-area":{"_":"Zařízení v okolí"},"device-status-tap-connect":{"_":"Pro připojení klepněte"},"device-status-pairing":{"_":"Párování s zařízení"},"device-status-waiting":{"_":"Čeká se na zařízení…"},"device-status-paired":{"_":"Spárováno"},"device-status-connecting":{"_":"Připojování…"},"device-status-connected":{"_":"Připojeno"},"search-for-device":{"_":"Hledání zařízení…"},"search-device":{"_":"Hledání zařízení"},"unnamed-device":{"_":"Neznámé zařízení"},"error-pair-title":{"_":"Nepodařilo se spárovat zařízení"},"error-pair-pincode":{"_":"Nepodařilo se spárovat zařízení. Zkontrolujte, že je PIN správný."},"error-pair-toofast":{"_":"Nepodařilo se spárovat zařízení. Velké množství požadavků."}}