{"bluetooth":{"_":"Bluetooth"},"confirmation":{"_":"Bekræft"},"bluetooth-status-description":{"_":"Bluetooth er deaktiveret"},"turn-bluetooth-on":{"_":"Vil du aktivere Bluetooth?"},"cancel":{"_":"Annuller"},"turn-on":{"_":"Aktiver"},"error-transfer-title":{"_":"Filoverførsel via Bluetooth mislykkedes"},"error-transfer-settings":{"_":"Filoverførsel via Bluetooth mislykkedes. Kontroller dine indstillinger for Bluetooth."},"ok":{"_":"OK"},"bluetooth-paired-devices":{"_":"Parrede enheder"},"bluetooth-devices-in-area":{"_":"Enheder i området"},"device-status-tap-connect":{"_":"Tryk for at forbinde"},"device-status-pairing":{"_":"Parrer med enhed"},"device-status-waiting":{"_":"Venter på enhed…"},"device-status-paired":{"_":"Parret"},"device-status-connecting":{"_":"Forbinder…"},"device-status-connected":{"_":"Forbundet"},"search-for-device":{"_":"Søger efter enheder…"},"search-device":{"_":"Søg efter enheder"},"unnamed-device":{"_":"Ukendt enhed"},"error-pair-title":{"_":"Kan ikke parre enheder"},"error-pair-pincode":{"_":"Kan ikke parre med enheden. Tjek, at du benytter den korrekte pinkode."},"error-pair-toofast":{"_":"Kan ikke parre med enheden. For mange forespørgsler."}}