{"bluetooth":{"_":"Bluetooth"},"confirmation":{"_":"Bestätigung"},"bluetooth-status-description":{"_":"Bluetooth ist deaktiviert"},"turn-bluetooth-on":{"_":"Soll Bluetooth aktiviert werden?"},"cancel":{"_":"Abbrechen"},"turn-on":{"_":"Aktivieren"},"error-transfer-title":{"_":"Bluetooth-Dateitransfer fehlgeschlagen"},"error-transfer-settings":{"_":"Dateitransfer per Bluetooth schlug fehl. Überprüfen Sie die Bluetooth-Einstellungen."},"ok":{"_":"OK"},"bluetooth-paired-devices":{"_":"Gekoppelte Geräte"},"bluetooth-devices-in-area":{"_":"Verfügbare Geräte"},"device-status-tap-connect":{"_":"Zum Verbinden antippen"},"device-status-pairing":{"_":"Warten auf Gerät…"},"device-status-waiting":{"_":"Warten auf anderes Gerät…"},"device-status-paired":{"_":"Gekoppelt"},"device-status-connecting":{"_":"Verbinden…"},"device-status-connected":{"_":"Verbunden"},"search-for-device":{"_":"Nach Geräten wird gesucht…"},"search-device":{"_":"Nach Geräten suchen"},"unnamed-device":{"_":"Unbekanntes Gerät"},"error-pair-title":{"_":"Geräte konnten nicht gekoppelt werden"},"error-pair-pincode":{"_":"Konnte nicht mit Gerät koppeln. Überprüfen Sie die PIN auf Korrektheit."},"error-pair-toofast":{"_":"Konnte nicht mit Gerät koppeln. Zu viele Anfragen."}}