{"bluetooth":{"_":"Bluetooth"},"confirmation":{"_":"Επιβεβαίωση"},"bluetooth-status-description":{"_":"Το Bluetooth είναι απενεργοποιημένο"},"turn-bluetooth-on":{"_":"Θέλετε να ενεργοποιήσετε το Bluetooth;"},"cancel":{"_":"Ακύρωση"},"turn-on":{"_":"Ενεργοποίηση"},"error-transfer-title":{"_":"Η αποστολή αρχείου μέσω bluetooth απέτυχε"},"error-transfer-settings":{"_":"Η αποστολή αρχείου μέσω bluetooth απέτυχε. Ελέγξτε την ορθότητα των ρυθμίσεων του bluetooth."},"ok":{"_":"ΟΚ"},"bluetooth-paired-devices":{"_":"Συζευγμένες συσκευές"},"bluetooth-devices-in-area":{"_":"Συσκευές στο χώρο"},"device-status-tap-connect":{"_":"Πατήστε για σύνδεση"},"device-status-pairing":{"_":"Σύζευξη με την συσκευή…"},"device-status-waiting":{"_":"Αναμονή για την άλλη συσκευή…"},"device-status-paired":{"_":"Συζευγμένη"},"device-status-connecting":{"_":"Συνδέεται…"},"device-status-connected":{"_":"Συνδεδεμένη"},"search-for-device":{"_":"Αναζήτηση συσκευών…"},"search-device":{"_":"Αναζήτηση για συσκευές"},"unnamed-device":{"_":"Άγνωστη συσκευή"},"error-pair-title":{"_":"Αδυναμία σύζευξης των συσκευών"},"error-pair-pincode":{"_":"Αδυναμία σύζευξης με την συσκευή. Ελέγξτε ότι το PIN είναι σωστό."},"error-pair-toofast":{"_":"Αδυναμία σύζευξης με την συσκευή. Πάρα πολλά αιτήματα."}}