{"bluetooth":{"_":"Bluetooth"},"confirmation":{"_":"Confirmation"},"bluetooth-status-description":{"_":"Bluetooth is disabled"},"turn-bluetooth-on":{"_":"Do you want to turn Bluetooth on?"},"cancel":{"_":"Cancel"},"turn-on":{"_":"Turn On"},"error-transfer-title":{"_":"Bluetooth file transfer failed"},"error-transfer-settings":{"_":"Bluetooth file transfer failed. Check that the Bluetooth settings are correct."},"ok":{"_":"OK"},"bluetooth-paired-devices":{"_":"Paired devices"},"bluetooth-devices-in-area":{"_":"Devices in the area"},"device-status-tap-connect":{"_":"Tap to connect"},"device-status-pairing":{"_":"Pairing with device…"},"device-status-waiting":{"_":"Waiting for other device…"},"device-status-paired":{"_":"Paired"},"device-status-connecting":{"_":"Connecting…"},"device-status-connected":{"_":"Connected"},"search-for-device":{"_":"Searching for devices…"},"search-device":{"_":"Search for devices"},"unnamed-device":{"_":"Unknown device"},"error-pair-title":{"_":"Unable to pair devices"},"error-pair-pincode":{"_":"Unable to pair with the device. Check that the PIN is correct."},"error-pair-toofast":{"_":"Unable to pair with the device. Too many requests."}}