{"bluetooth":{"_":"Bluetooth"},"confirmation":{"_":"Confirmación"},"bluetooth-status-description":{"_":"El Bluetooth está desactivado"},"turn-bluetooth-on":{"_":"¿Le gustaría activar el Bluetooth?"},"cancel":{"_":"Cancelar"},"turn-on":{"_":"Activar"},"error-transfer-title":{"_":"Error en la transferencia Bluetooth"},"error-transfer-settings":{"_":"Hubo un error en la transferencia Bluetooth. Compruebe que su configuración de Bluetooth es correcta."},"ok":{"_":"Aceptar"},"bluetooth-paired-devices":{"_":"Dispositivos vinculados"},"bluetooth-devices-in-area":{"_":"Dispositivos en el área"},"device-status-tap-connect":{"_":"Pulse para conectar"},"device-status-pairing":{"_":"Vinculando dispositivos…"},"device-status-waiting":{"_":"Esperando a otro dispositivo…"},"device-status-paired":{"_":"Vinculados"},"device-status-connecting":{"_":"Conectando…"},"device-status-connected":{"_":"Conectado"},"search-for-device":{"_":"Buscando dispositivos…"},"search-device":{"_":"Buscar dispositivos"},"unnamed-device":{"_":"Dispositivo desconocido"},"error-pair-title":{"_":"Imposible vincular los dispositivos"},"error-pair-pincode":{"_":"Imposible vincular el dispositivo. Compruebe que el PIN es correcto."},"error-pair-toofast":{"_":"Imposible vincular con el dispositivo. Demasiadas peticiones."}}