{"bluetooth":{"_":"Bluetooth"},"confirmation":{"_":"Berrespena"},"bluetooth-status-description":{"_":"Bluetooth-a desgaituta dago"},"turn-bluetooth-on":{"_":"Bluetooth-a piztu nahi duzu?"},"cancel":{"_":"Utzi"},"turn-on":{"_":"Piztu"},"error-transfer-title":{"_":"Huts egin du Bluetooth bidezko fitxategi-transferentziak"},"error-transfer-settings":{"_":"Huts egin du Bluetooth bidezko fitxategi-transferentziak. Egiaztatu Bluetooth-ezarpenak zuzenak direla."},"ok":{"_":"Ados"},"bluetooth-paired-devices":{"_":"Parekatutako gailuak"},"bluetooth-devices-in-area":{"_":"Inguruko gailuak"},"device-status-tap-connect":{"_":"Sakatu konektatzeko"},"device-status-pairing":{"_":"Gailuarekin parekatzen…"},"device-status-waiting":{"_":"Beste gailuari itxoiten…"},"device-status-paired":{"_":"Parekatuta"},"device-status-connecting":{"_":"Konektatzen…"},"device-status-connected":{"_":"Konektatuta"},"search-for-device":{"_":"Gailuak bilatzen…"},"search-device":{"_":"Bilatu gailuak"},"unnamed-device":{"_":"Gailu ezezaguna"},"error-pair-title":{"_":"Ezin dira gailuak parekatu"},"error-pair-pincode":{"_":"Ezin da gailuarekin parekatu. Egiaztatu PINa zuzena dela."},"error-pair-toofast":{"_":"Ezin da gailuarekin parekatu. Eskaera gehiegi."}}