{"bluetooth":{"_":"Bluetooth"},"confirmation":{"_":"Confirmación"},"bluetooth-status-description":{"_":"O Bluetooth está desactivado"},"turn-bluetooth-on":{"_":"Quere activar o Bluetooth?"},"cancel":{"_":"Cancelar"},"turn-on":{"_":"Activar"},"error-transfer-title":{"_":"Fallou a transferencia Bluetooth"},"error-transfer-settings":{"_":"Fallou a transferencia Bluetooth do ficheiro. Comprobe que a configuración do Bluetooth é correcta."},"ok":{"_":"Aceptar"},"bluetooth-paired-devices":{"_":"Dispositivos asociados"},"bluetooth-devices-in-area":{"_":"Dispositivos na área"},"device-status-tap-connect":{"_":"Toque para conectar"},"device-status-pairing":{"_":"Asociando dispositivo…"},"device-status-waiting":{"_":"Agardando polo outro dispositivo…"},"device-status-paired":{"_":"Asociados"},"device-status-connecting":{"_":"Conectando…"},"device-status-connected":{"_":"Conectado"},"search-for-device":{"_":"Buscando dispositivos…"},"search-device":{"_":"Buscar dispositivos"},"unnamed-device":{"_":"Dispositivo descoñecido"},"error-pair-title":{"_":"Imposíbel asociar os dispositivos"},"error-pair-pincode":{"_":"Foi imposíbel asociar o dispositivo. Comprobe que o PIN é correcto."},"error-pair-toofast":{"_":"Foi imposíbel asociar o dispositivo. Demasiadas solicitudes."}}