{"bluetooth":{"_":"Bluetooth"},"confirmation":{"_":"Potvrda"},"bluetooth-status-description":{"_":"Bluetooth je isključen"},"turn-bluetooth-on":{"_":"Želite li uključiti Bluetooth?"},"cancel":{"_":"Otkaži"},"turn-on":{"_":"Uključi"},"error-transfer-title":{"_":"Prijenos podataka putem Bluetootha nije uspio"},"error-transfer-settings":{"_":"Prijenos podataka putem Bluetootha nije uspio. Provjerite jesu li Bluetooth postavke ispravne."},"ok":{"_":"U redu"},"bluetooth-paired-devices":{"_":"Upareni uređaji"},"bluetooth-devices-in-area":{"_":"Uređaji u blizini"},"device-status-tap-connect":{"_":"Pritisnite za povezivanje"},"device-status-pairing":{"_":"Uparivanje uređaja…"},"device-status-waiting":{"_":"Čekanje drugog uređaja…"},"device-status-paired":{"_":"Uparen"},"device-status-connecting":{"_":"Povezivanje…"},"device-status-connected":{"_":"Povezan"},"search-for-device":{"_":"Traženje uređaja…"},"search-device":{"_":"Traži uređaje"},"unnamed-device":{"_":"Nepoznat uređaj"},"error-pair-title":{"_":"Uparivanje nije moguće"},"error-pair-pincode":{"_":"Uređaje nije moguće upariti. Provjerite je li PIN ispravan."},"error-pair-toofast":{"_":"Uređaje nije moguće upariti. Previše zahtjeva."}}