{"bluetooth":{"_":"Bluetooth"},"confirmation":{"_":"Megerősítés"},"bluetooth-status-description":{"_":"A Bluetooth kikapcsolva"},"turn-bluetooth-on":{"_":"Be szeretné kapcsolni a Bluetooth kapcsolatot?"},"cancel":{"_":"Mégse"},"turn-on":{"_":"Bekapcsolás"},"error-transfer-title":{"_":"A Bluetooth fájlátvitel meghiúsult"},"error-transfer-settings":{"_":"A Bluetooth fájlátvitel meghiúsult. Ellenőrizze a Bluetooth beállítások helyességét."},"ok":{"_":"OK"},"bluetooth-paired-devices":{"_":"Párosított eszközök"},"bluetooth-devices-in-area":{"_":"Közeli eszközök"},"device-status-tap-connect":{"_":"Koppintson a csatlakozáshoz"},"device-status-pairing":{"_":"Párosítás eszközzel…"},"device-status-waiting":{"_":"Várakozás a másik eszközre…"},"device-status-paired":{"_":"Párosítva"},"device-status-connecting":{"_":"Csatlakozás…"},"device-status-connected":{"_":"Kapcsolódva"},"search-for-device":{"_":"Eszközök keresése…"},"search-device":{"_":"Eszközök keresése"},"unnamed-device":{"_":"Ismeretlen eszköz"},"error-pair-title":{"_":"Az eszközök nem párosíthatók"},"error-pair-pincode":{"_":"A párosítás nem sikerült az eszközzel. Ellenőrizze a PIN-t."},"error-pair-toofast":{"_":"Az eszközzel párosítás sikertelen. Túl sok kérés."}}