{"bluetooth":{"_":"Bluetooth"},"confirmation":{"_":"Conferma"},"bluetooth-status-description":{"_":"Il bluetooth è disattivato"},"turn-bluetooth-on":{"_":"Attivare il bluetooth?"},"cancel":{"_":"Annulla"},"turn-on":{"_":"Attiva"},"error-transfer-title":{"_":"Trasferimento file bluetooth non riuscito"},"error-transfer-settings":{"_":"Trasferimento bluetooth non riuscito. Verificare che le impostazioni bluetooth siano corrette."},"ok":{"_":"OK"},"bluetooth-paired-devices":{"_":"Dispositivi associati"},"bluetooth-devices-in-area":{"_":"Dispositivi in zona"},"device-status-tap-connect":{"_":"Tocca per connettere"},"device-status-pairing":{"_":"Associazione dispositivo…"},"device-status-waiting":{"_":"In attesa dell’altro dispositivo…"},"device-status-paired":{"_":"Associato"},"device-status-connecting":{"_":"Connessione…"},"device-status-connected":{"_":"Connesso"},"search-for-device":{"_":"Ricerca dispositivi…"},"search-device":{"_":"Ricerca dispositivi"},"unnamed-device":{"_":"Dispositivo sconosciuto"},"error-pair-title":{"_":"Impossibile associare i dispositivi"},"error-pair-pincode":{"_":"Impossibile associare i dispositivi. Verificare che il PIN sia corretto."},"error-pair-toofast":{"_":"Impossibile associare il dispositivo. Numero eccessivo di richieste."}}