{"bluetooth":{"_":"Bluetooth"},"confirmation":{"_":"確認"},"bluetooth-status-description":{"_":"Bluetooth が無効です"},"turn-bluetooth-on":{"_":"Bluetooth を ON にしますか？"},"cancel":{"_":"キャンセル"},"turn-on":{"_":"ON にする"},"error-transfer-title":{"_":"Bluetooth ファイル転送失敗"},"error-transfer-settings":{"_":"Bluetooth ファイル転送に失敗しました。Bluetooth の設定が正しいか確認してください。"},"ok":{"_":"OK"},"bluetooth-paired-devices":{"_":"ペアリングされたデバイス"},"bluetooth-devices-in-area":{"_":"通信エリア内のデバイス"},"device-status-tap-connect":{"_":"タップして接続"},"device-status-pairing":{"_":"デバイスとペアリング中…"},"device-status-waiting":{"_":"他のデバイスを待機中…"},"device-status-paired":{"_":"ペアリング完了"},"device-status-connecting":{"_":"接続中…"},"device-status-connected":{"_":"接続完了"},"search-for-device":{"_":"デバイスを検索中…"},"search-device":{"_":"デバイスの検索"},"unnamed-device":{"_":"不明なデバイス"},"error-pair-title":{"_":"デバイスとペアリングできません"},"error-pair-pincode":{"_":"デバイスとペアリングできません。PIN コードが正しいか確認してください。"},"error-pair-toofast":{"_":"デバイスとペアリングできません。要求が多すぎます。"}}