{"bluetooth":{"_":"ប្ល៊ូធូស"},"confirmation":{"_":"ការ​បញ្ជាក់"},"bluetooth-status-description":{"_":"បាន​បិទ​ប្ល៊ូធូស"},"turn-bluetooth-on":{"_":"តើ​អ្នក​ចង់​បើក​ប្ល៊ូធូស​​​ឬ​?"},"cancel":{"_":"បោះបង់"},"turn-on":{"_":"បើក"},"error-transfer-title":{"_":"បាន​បរាជ័យ​ក្នុង​ការ​ផ្ទេរ​​ឯកសារ​តាម​ប្ល៊ូធូស"},"error-transfer-settings":{"_":"បាន​បរាជ័យ​ការ​​​ផ្ទេរ​ឯកសារ​​តាម​ប្ល៊ូធូស​​។ ពិនិត្យ​ការ​កំណត់​ប្ល៊ូធូស​ឲ្យ​បាន​​​ត្រឹមត្រូវ​។"},"ok":{"_":"យល់ព្រម"},"bluetooth-paired-devices":{"_":"ផ្គូផ្គង​ឧបករណ៍"},"bluetooth-devices-in-area":{"_":"ឧបករណ៍​នៅ​ក្នុង​តំបន់"},"device-status-tap-connect":{"_":"ចុច​ដើម្បី​ភ្ជាប់"},"device-status-pairing":{"_":"កំពុង​ផ្គូផ្គង​ជាមួយ​ឧបករណ៍..."},"device-status-waiting":{"_":"កំពុង​រង់ចាំ​ឧបករណ៍​ផ្សេងទៀត…"},"device-status-paired":{"_":"បាន​ផ្គូផ្គង"},"device-status-connecting":{"_":"កំពុង​តភ្ជាប់…"},"device-status-connected":{"_":"បាន​តភ្ជាប់"},"search-for-device":{"_":"កំពុង​ស្វែងរក​ឧបករណ៍..."},"search-device":{"_":"ស្វែងរក​ឧបករណ៍"},"unnamed-device":{"_":"មិន​ស្គាល់​ឧបករណ៍"},"error-pair-title":{"_":"មិន​អាច​ផ្គូផ្គង​ឧបករណ៍"},"error-pair-pincode":{"_":"មិន​អាច​ផ្គូផ្គង​​ជាមួយ​ឧបករណ៍​នេះ។ ពិនិត្យ PIN ត្រឹមត្រូវ​ ឬ​ទេ។"},"error-pair-toofast":{"_":"មិន​អាច​ផ្គូផ្គង​ជាមួយ​ឧបករណ៍​នេះ។ មាន​សំណើ​ច្រើន​ពេក។"}}