{"bluetooth":{"_":"블루투스"},"confirmation":{"_":"확인"},"bluetooth-status-description":{"_":"블루투스가 꺼져 있음"},"turn-bluetooth-on":{"_":"블루투스를 켜시겠습니까?"},"cancel":{"_":"취소"},"turn-on":{"_":"켜기"},"error-transfer-title":{"_":"블루투스 파일 전송 실패"},"error-transfer-settings":{"_":"블루투스 파일 전송이 실패했습니다. 블루투스 설정이 올바른지 확인해 보십시오."},"ok":{"_":"예"},"bluetooth-paired-devices":{"_":"연결한 기기"},"bluetooth-devices-in-area":{"_":"근처에 있는 기기"},"device-status-tap-connect":{"_":"탭해서 연결"},"device-status-pairing":{"_":"기기와 연결하는 중…"},"device-status-waiting":{"_":"다른 기기를 기다리는 중…"},"device-status-paired":{"_":"연결 완료"},"device-status-connecting":{"_":"연결중…"},"device-status-connected":{"_":"연결됨"},"search-for-device":{"_":"기기를 찾는 중…"},"search-device":{"_":"기기 찾기"},"unnamed-device":{"_":"알 수 없는 기기"},"error-pair-title":{"_":"기기와 연결할 수 없음"},"error-pair-pincode":{"_":"기기와 연결할 수 없습니다. PIN이 맞는지 확인해 보세요."},"error-pair-toofast":{"_":"기기와 연결할 수 없습니다. 요청이 너무 많습니다."}}