{"bluetooth":{"_":"Bluetooth"},"confirmation":{"_":"Patvirtinkite"},"bluetooth-status-description":{"_":"„Bluetooth“ ryšys išjungtas"},"turn-bluetooth-on":{"_":"Ar norite įjungti „Bluetooth“ ryšį?"},"cancel":{"_":"Atsisakyti"},"turn-on":{"_":"Įjungti"},"error-transfer-title":{"_":"Failo persiųsti per „Bluetooth“ nepavyko"},"error-transfer-settings":{"_":"Failo persiųsti per „Bluetooth“ nepavyko. Patikrinkite, ar teisingos „Bluetooth“ nuostatos."},"ok":{"_":"Gerai"},"bluetooth-paired-devices":{"_":"Susieti įrenginiai"},"bluetooth-devices-in-area":{"_":"Įrenginiai netoliese"},"device-status-tap-connect":{"_":"Bakstelėkite, kad būtų prisijungta"},"device-status-pairing":{"_":"Siejamasi su įrenginiu…"},"device-status-waiting":{"_":"Laukiama kito įrenginio…"},"device-status-paired":{"_":"Susisieta"},"device-status-connecting":{"_":"Jungiamasi…"},"device-status-connected":{"_":"Prisijungta"},"search-for-device":{"_":"Ieškoma įrenginių…"},"search-device":{"_":"Ieškoti įrenginių"},"unnamed-device":{"_":"Nežinomas įrenginys"},"error-pair-title":{"_":"Susieti įrenginių nepavyko"},"error-pair-pincode":{"_":"Susisieti su kitu įrenginiu nepavyko. Patikrinkite, ar įvedėte teisingą PIN kodą."},"error-pair-toofast":{"_":"Susisieti su kitu įrenginiu nepavyko. Pateikta per daug užklausų."}}