{"bluetooth":{"_":"Bluetooth"},"confirmation":{"_":"Потврда"},"bluetooth-status-description":{"_":"Bluetooth е оневозможен"},"turn-bluetooth-on":{"_":"Сакате да вклучите Bluetooth?"},"cancel":{"_":"Откажи"},"turn-on":{"_":"Вклучи"},"error-transfer-title":{"_":"Преносот на податоци преку Bluetooth не успеа"},"error-transfer-settings":{"_":"Преносот на податоци преку Bluetooth не успеа. Проверете дали поставките за Bluetooth се точни."},"ok":{"_":"Во ред"},"bluetooth-paired-devices":{"_":"Спарени уреди"},"bluetooth-devices-in-area":{"_":"Уреди во близина"},"device-status-tap-connect":{"_":"Допрете за поврзување"},"device-status-pairing":{"_":"Спарувам со уред…"},"device-status-waiting":{"_":"Чекам на другиот уред…"},"device-status-paired":{"_":"Спарен"},"device-status-connecting":{"_":"Се поврзува…"},"device-status-connected":{"_":"Поврзан"},"search-for-device":{"_":"Пребарувам уреди…"},"search-device":{"_":"Пребарајте уреди"},"unnamed-device":{"_":"Непознат уред"},"error-pair-title":{"_":"Не е можно да се спарат уредите"},"error-pair-pincode":{"_":"Не можам да се спарам со уредот. Проверете го пин-кодот."},"error-pair-toofast":{"_":"Не можам да се спарам со уредот. Премногу барања."}}