{"bluetooth":{"_":"Bluetooth"},"confirmation":{"_":"Pengesahan"},"bluetooth-status-description":{"_":"Bluetooth dilumpuhkan"},"turn-bluetooth-on":{"_":"Adakah anda mahu untuk membuka blutooth?"},"cancel":{"_":"Batal"},"turn-on":{"_":"Hidupkan"},"error-transfer-title":{"_":"Penghantaran fail bluetooth gagal"},"error-transfer-settings":{"_":"Penghantaran fail bluetooth gagal. Semak sama ada tetapan bluetooh adalah betul."},"ok":{"_":"OK"},"bluetooth-paired-devices":{"_":"Peranti digandingkan"},"bluetooth-devices-in-area":{"_":"Peranti dalam kawasan"},"device-status-tap-connect":{"_":"Tap untuk sambung"},"device-status-pairing":{"_":"Menggandingkan peranti…"},"device-status-waiting":{"_":"Menanti peranti yang lain…"},"device-status-paired":{"_":"Digandingkan"},"device-status-connecting":{"_":"Menyambung…"},"device-status-connected":{"_":"Bersambung"},"search-for-device":{"_":"Mencari peranti..."},"search-device":{"_":"Carian peranti"},"unnamed-device":{"_":"Peranti tidak dikenali"},"error-pair-title":{"_":"Tidak dapat menggandingkan peranti"},"error-pair-pincode":{"_":"Tidak dapat menggandingkan peranti. Semak sama ada PIN betul."},"error-pair-toofast":{"_":"Tidak dapat menggandingkan peranti. Terlalu banyak permintaan."}}