{"bluetooth":{"_":"ब्लुटुथ"},"confirmation":{"_":"यकिन"},"bluetooth-status-description":{"_":"ब्लुटुथ अक्षम भएको छ"},"turn-bluetooth-on":{"_":"के तपाईँ ब्लुटुथ सुरु गर्न चहानुहुन्छ?"},"cancel":{"_":"रद्द गर्नुहोस्"},"turn-on":{"_":"सुचारु गर्नुहोस्"},"error-transfer-title":{"_":"ब्लुटुथ फाइल स्थानान्तर गर्न असफल भयो"},"error-transfer-settings":{"_":"ब्लुटुथ फाइल स्थानान्तर गर्न असफल भयो। ब्लुटुथ सेटिङहरू ठिक छन् भनेर जाँच्नुहोस्।"},"ok":{"_":"ठीक छ"},"bluetooth-paired-devices":{"_":"जडान गरेको यन्त्रहरु"},"bluetooth-devices-in-area":{"_":"यो ठाउँमा भएको यन्त्रहरु"},"device-status-tap-connect":{"_":"जडान गर्न थिच्नुहोस्"},"device-status-pairing":{"_":"यन्त्रसँग जोडि बनाउँदै..."},"device-status-waiting":{"_":"अर्को यन्त्रको प्रतिक्षा गर्दै"},"device-status-paired":{"_":"जोडि मिलाइएको"},"device-status-connecting":{"_":"जडान हुँदैछ…"},"device-status-connected":{"_":"जडान गरियो"},"search-for-device":{"_":"यन्त्रहरु खोज्दै..."},"search-device":{"_":"यन्त्रहरुको खोजी गर्नुहोस्"},"unnamed-device":{"_":"अज्ञात यन्त्र"},"error-pair-title":{"_":"यन्त्रहरु बिच सम्पर्क स्थापना हुन सकेन।"},"error-pair-pincode":{"_":"सम्पर्क स्थापना हुन सकेन। पिन नम्बर जाँच्नुहोस्।"},"error-pair-toofast":{"_":"ैधेरै अनुरोधहरुका कारण सम्पर्क स्थापना हुन सकेन।"}}