{"bluetooth":{"_":"Bluetooth"},"confirmation":{"_":"Bevestiging"},"bluetooth-status-description":{"_":"Bluetooth is uitgeschakeld"},"turn-bluetooth-on":{"_":"Wilt u Bluetooth inschakelen?"},"cancel":{"_":"Annuleren"},"turn-on":{"_":"Inschakelen"},"error-transfer-title":{"_":"Bluetooth-bestandsoverdracht mislukt"},"error-transfer-settings":{"_":"Bluetooth-bestandsoverdracht is mislukt. Controleer of de Bluetooth-instellingen juist zijn."},"ok":{"_":"OK"},"bluetooth-paired-devices":{"_":"Gekoppelde apparaten"},"bluetooth-devices-in-area":{"_":"Apparaten in de omgeving"},"device-status-tap-connect":{"_":"Tik om te verbinden"},"device-status-pairing":{"_":"Koppelen met apparaat…"},"device-status-waiting":{"_":"Wachten op andere apparaat…"},"device-status-paired":{"_":"Gekoppeld"},"device-status-connecting":{"_":"Verbinden…"},"device-status-connected":{"_":"Verbonden"},"search-for-device":{"_":"Zoeken naar apparaten…"},"search-device":{"_":"Zoeken naar apparaten"},"unnamed-device":{"_":"Onbekend apparaat"},"error-pair-title":{"_":"Kan apparaten niet koppelen"},"error-pair-pincode":{"_":"Kan niet koppelen met het apparaat. Controleer of de pincode juist is."},"error-pair-toofast":{"_":"Kan niet koppelen met het apparaat. Te veel aanvragen."}}