{"bluetooth":{"_":"ਬਲਿਊਟੁੱਥ"},"confirmation":{"_":"ਪੁਸ਼ਟੀ"},"bluetooth-status-description":{"_":"ਬਲਿਊਟੁੱਥ ਚਾਲੂ ਹੈ"},"turn-bluetooth-on":{"_":"ਕੀ ਤੁਸੀਂ ਬਲਿਊਟੁੱਥ ਚਾਲੂ ਕਰਨਾ ਚਾਹੁੰਦੇ ਹੋ?"},"cancel":{"_":"ਰੱਦ ਕਰੋ"},"turn-on":{"_":"ਚਾਲੂ ਹੈ"},"error-transfer-title":{"_":"ਬਲਿਊਟੁੱਥ ਫਾਇਲ ਟਰਾਂਸਫਰ ਫੇਲ੍ਹ ਹੈ"},"error-transfer-settings":{"_":"ਬਲਿਊਟੁੱਥ ਫਾਇਲ ਟਰਾਂਸਫਰ ਫੇਲ੍ਹ ਹੈ। ਜਾਂਚ ਕਰੋ ਕਿ ਬਲਿਊਟੁੱਥ ਸੈਟਿੰਗ ਠੀਕ ਹਨ।"},"ok":{"_":"ਠੀਕ ਹੈ"},"bluetooth-paired-devices":{"_":"ਪੇਅਰ ਕੀਤੇ ਯੰਤਰ"},"bluetooth-devices-in-area":{"_":"ਖੇਤਰ ਵਿੱਚ ਯੰਤਰ"},"device-status-tap-connect":{"_":"ਕੁਨੈਕਟ ਕਰਨ ਲਈ ਛੂਹੋ"},"device-status-pairing":{"_":"…ਯੰਤਰ ਨਾਲ ਪੇਅਰ ਕੀਤਾ ਜਾ ਰਿਹਾ ਹੈ"},"device-status-waiting":{"_":"…ਹੋਰ ਯੰਤਰ ਦੀ ਉਡੀਕ ਕੀਤੀ ਜਾ ਰਹੀ ਹੈ"},"device-status-paired":{"_":"ਪੇਅਰ ਹੈ"},"device-status-connecting":{"_":"…ਕੁਨੈਕਟ ਕੀਤਾ ਜਾ ਰਿਹਾ ਹੈ"},"device-status-connected":{"_":"ਕੁਨੈਕਟ ਹੈ"},"search-for-device":{"_":"…ਜੰਤਰਾਂ ਲਈ ਖੋਜ ਜਾਰੀ ਹੈ"},"search-device":{"_":"ਯੰਤਰਾਂ ਲਈ ਖੋਜ"},"unnamed-device":{"_":"ਅਣਜਾਣ ਯੰਤਰ"},"error-pair-title":{"_":"ਯੰਤਰ ਪੇਅਰ ਕਰਨ ਲਈ ਅਸਮਰੱਥ।"},"error-pair-pincode":{"_":"ਯੰਤਰ ਨੂੰ ਪੇਅਰ ਕਰਨ ਲਈ ਅਸਮਰੱਥ ਹੈ। ਜਾਂਚ ਕਰੋ ਕਿ ਪਿੰਨ ਠੀਕ ਹੈ"},"error-pair-toofast":{"_":"ਯੰਤਰ ਨੂੰ ਪੇਅਰ ਕਰਨ ਲਈ ਅਸਮਰੱਥ ਹੈ। ਬਹੁਤ ਸਾਰੀਆਂ ਬੇਨਤੀਆਂ ਹਨ।"}}