{"bluetooth":{"_":"Bluetooth"},"confirmation":{"_":"Potwierdzenie"},"bluetooth-status-description":{"_":"Bluetooth jest wyłączony"},"turn-bluetooth-on":{"_":"Włączyć Bluetooth?"},"cancel":{"_":"Nie"},"turn-on":{"_":"Tak"},"error-transfer-title":{"_":"Przesyłanie pliku przez Bluetooth nie powiodło się"},"error-transfer-settings":{"_":"Przesyłanie pliku przez Bluetooth nie powiodło się. Sprawdź, czy ustawienia Bluetooth są poprawne."},"ok":{"_":"OK"},"bluetooth-paired-devices":{"_":"Sparowane urządzenia"},"bluetooth-devices-in-area":{"_":"Urządzenia w zasięgu"},"device-status-tap-connect":{"_":"Pacnij, aby połączyć"},"device-status-pairing":{"_":"Parowanie z urządzeniem"},"device-status-waiting":{"_":"Oczekiwanie na drugie urządzenie…"},"device-status-paired":{"_":"Sparowano"},"device-status-connecting":{"_":"Łączenie…"},"device-status-connected":{"_":"Połączono"},"search-for-device":{"_":"Wyszukiwanie urządzeń…"},"search-device":{"_":"Wyszukaj urządzenia"},"unnamed-device":{"_":"Nieznane urządzenie"},"error-pair-title":{"_":"Nie udało się sparować urządzeń"},"error-pair-pincode":{"_":"Nie udało się sparować z urządzeniem. Sprawdź, czy kod PIN jest prawidłowy."},"error-pair-toofast":{"_":"Nie udało się sparować z urządzeniem. Zbyt wiele prób."}}