{"bluetooth":{"_":"Bluetooth"},"confirmation":{"_":"Confirmação"},"bluetooth-status-description":{"_":"O Bluetooth está desativado"},"turn-bluetooth-on":{"_":"Deseja ativar o Bluetooth?"},"cancel":{"_":"Cancelar"},"turn-on":{"_":"Ativar"},"error-transfer-title":{"_":"Falha ao transferir o arquivo via Bluetooth"},"error-transfer-settings":{"_":"Falha ao transferir o arquivo via Bluetooth. Verfique se suas configurações Bluetooth estão corretas."},"ok":{"_":"OK"},"bluetooth-paired-devices":{"_":"Dispositivos pareados"},"bluetooth-devices-in-area":{"_":"Dispositivos na área"},"device-status-tap-connect":{"_":"Toque para conectar"},"device-status-pairing":{"_":"Pareando com o dispositivo…"},"device-status-waiting":{"_":"Esperando pelo dispositivo…"},"device-status-paired":{"_":"Pareado"},"device-status-connecting":{"_":"Conectando…"},"device-status-connected":{"_":"Conectado"},"search-for-device":{"_":"Buscando dispositivos…"},"search-device":{"_":"Buscar dispositivos"},"unnamed-device":{"_":"Dispositivo desconhecido"},"error-pair-title":{"_":"Não foi possível parear"},"error-pair-pincode":{"_":"Não foi possível parear. Confira se o PIN está correto."},"error-pair-toofast":{"_":"Não foi possível parear. Requisições demais foram feitas."}}