{"bluetooth":{"_":"Bluetooth"},"confirmation":{"_":"Confirmare"},"bluetooth-status-description":{"_":"Bluetooth este dezactivat"},"turn-bluetooth-on":{"_":"Dorești să pornești Bluetooth?"},"cancel":{"_":"Renunță"},"turn-on":{"_":"Pornește"},"error-transfer-title":{"_":"Transferul de fișiere prin Bluetooth a eșuat"},"error-transfer-settings":{"_":"Transferul de fișiere prin Bluetooth a eșuat. Verifică dacă setările Bluetooth sunt corecte."},"ok":{"_":"Ok"},"bluetooth-paired-devices":{"_":"Dispozitive asociate"},"bluetooth-devices-in-area":{"_":"Dispozitive din zonă"},"device-status-tap-connect":{"_":"Apasă pentru conectare"},"device-status-pairing":{"_":"Se asociază cu dispozitivul…"},"device-status-waiting":{"_":"Se așteaptă după celălalt dispozitiv…"},"device-status-paired":{"_":"Asociat"},"device-status-connecting":{"_":"Conectare…"},"device-status-connected":{"_":"Conectat"},"search-for-device":{"_":"Se caută dispozitive…"},"search-device":{"_":"Caută dispozitive"},"unnamed-device":{"_":"Dispozitiv necunoscut"},"error-pair-title":{"_":"Nu se pot asocia dispozitive"},"error-pair-pincode":{"_":"Nu se poate asocia cu dispozitivul. Verifică ca codul PIN să fie corect."},"error-pair-toofast":{"_":"Nu s-a putut asocia cu dispozitivul. Prea multe cereri."}}