{"bluetooth":{"_":"Bluetooth"},"confirmation":{"_":"Подтверждение"},"bluetooth-status-description":{"_":"Bluetooth отключён"},"turn-bluetooth-on":{"_":"Вы хотите включить Bluetooth?"},"cancel":{"_":"Отмена"},"turn-on":{"_":"Включить"},"error-transfer-title":{"_":"Передача файла через Bluetooth не удалась"},"error-transfer-settings":{"_":"Передача файла через Bluetooth не удалась. Проверьте корректность настроек Bluetooth."},"ok":{"_":"OK"},"bluetooth-paired-devices":{"_":"Связанные устройства"},"bluetooth-devices-in-area":{"_":"Близлежащие устройства"},"device-status-tap-connect":{"_":"Нажмите для соединения"},"device-status-pairing":{"_":"Связь с устройством…"},"device-status-waiting":{"_":"Ожидание другого устройства…"},"device-status-paired":{"_":"Связаны"},"device-status-connecting":{"_":"Соединение…"},"device-status-connected":{"_":"Соединено"},"search-for-device":{"_":"Поиск устройств…"},"search-device":{"_":"Поиск устройств"},"unnamed-device":{"_":"Неизвестное устройство"},"error-pair-title":{"_":"Не удалось связать устройства"},"error-pair-pincode":{"_":"Не удалось связаться с устройством. Проверьте корректность PIN."},"error-pair-toofast":{"_":"Не удалось связаться с устройством. Слишком много запросов."}}