{"bluetooth":{"_":"Bluetooth"},"confirmation":{"_":"Potvrdenie"},"bluetooth-status-description":{"_":"Bluetooth je vypnutý"},"turn-bluetooth-on":{"_":"Chcete zapnúť Bluetooth?"},"cancel":{"_":"Zrušiť"},"turn-on":{"_":"Zapnúť"},"error-transfer-title":{"_":"Prenos súboru cez Bluetooth zlyhal"},"error-transfer-settings":{"_":"Prenos súboru cez Bluetooth zlyhal. Skontrolujte nastavenia Bluetooth."},"ok":{"_":"OK"},"bluetooth-paired-devices":{"_":"Spárované zariadenia"},"bluetooth-devices-in-area":{"_":"Zariadenia v okolí"},"device-status-tap-connect":{"_":"Ťuknutím sa pripojíte"},"device-status-pairing":{"_":"Prebieha párovanie so zariadením…"},"device-status-waiting":{"_":"Čaká sa na druhé zariadenie…"},"device-status-paired":{"_":"Spárované"},"device-status-connecting":{"_":"Pripája sa…"},"device-status-connected":{"_":"Pripojené"},"search-for-device":{"_":"Vyhľadávajú sa zariadenia…"},"search-device":{"_":"Vyhľadať zariadenia"},"unnamed-device":{"_":"Neznáme zariadenie"},"error-pair-title":{"_":"Nie je možné spárovať zariadenia"},"error-pair-pincode":{"_":"Nie je možné spárovať zariadenia. Skontrolujte platnosť zadaného kódu PIN."},"error-pair-toofast":{"_":"Nie je možné spárovať zariadenia. Príliš veľa požiadaviek."}}