{"bluetooth":{"_":"Bluetooth"},"confirmation":{"_":"Ripohim"},"bluetooth-status-description":{"_":"Bluetooth-i është i çaktivizuar"},"turn-bluetooth-on":{"_":"Doni ta aktivizoni Bluetooth-in?"},"cancel":{"_":"Anuloje"},"turn-on":{"_":"Aktivizoje"},"error-transfer-title":{"_":"Shpërngulja Bluetooth e kartelës dështoi"},"error-transfer-settings":{"_":"Shpërngulja Bluetooth e kartelës dështoi. Kontrolloni nëse janë të sakta rregullimet për Bluetooth-in."},"ok":{"_":"OK"},"bluetooth-paired-devices":{"_":"Pajisje të çiftuara"},"bluetooth-devices-in-area":{"_":"Pajisje brenda zonës"},"device-status-tap-connect":{"_":"Prekeni që të lidhet"},"device-status-pairing":{"_":"Po çiftohet me pajisje…"},"device-status-waiting":{"_":"Po pritet për pajisjen tjetër…"},"device-status-paired":{"_":"U çiftua"},"device-status-connecting":{"_":"Po lidhet…"},"device-status-connected":{"_":"U lidhur"},"search-for-device":{"_":"Po kërkohet për pajisje…"},"search-device":{"_":"Kërkoni për pajisje"},"unnamed-device":{"_":"Pajisje e panjohur"},"error-pair-title":{"_":"Nuk arrin të çiftojë pajisje"},"error-pair-pincode":{"_":"Nuk çiftohet dot me pajisje. Kontrolloni nëse PIN-i është i saktë."},"error-pair-toofast":{"_":"Nuk çiftohet dot me pajisje. Shumë kërkesa."}}