{"bluetooth":{"_":"Bluetooth"},"confirmation":{"_":"Потврда"},"bluetooth-status-description":{"_":"Bluetooth је искључен"},"turn-bluetooth-on":{"_":"Да ли желите да укључите Bluetooth?"},"cancel":{"_":"Откажи"},"turn-on":{"_":"Укључи"},"error-transfer-title":{"_":"Bluetooth пренос датотека неуспешан"},"error-transfer-settings":{"_":"Bluetooth пренос датотека неуспешан. Проверите да ли су Bluetooth поставке исправнe."},"ok":{"_":"У реду"},"bluetooth-paired-devices":{"_":"Упарени уређаји"},"bluetooth-devices-in-area":{"_":"Уређаји у околини"},"device-status-tap-connect":{"_":"Притисните за повезивање"},"device-status-pairing":{"_":"Упаривање са уређајем…"},"device-status-waiting":{"_":"Чекам други уређај…"},"device-status-paired":{"_":"Упарен"},"device-status-connecting":{"_":"Повезивање…"},"device-status-connected":{"_":"Повезано"},"search-for-device":{"_":"Тражење уређаја…"},"search-device":{"_":"Тражи уређаје"},"unnamed-device":{"_":"Непознат уређај"},"error-pair-title":{"_":"Упаривање није могуће"},"error-pair-pincode":{"_":"Није могуће упарити уређаје. Проверите да ли је PIN исправан."},"error-pair-toofast":{"_":"Није могуће упарити уређаје. Превише захтева."}}