{"bluetooth":{"_":"Bluetooth"},"confirmation":{"_":"Potvrda"},"bluetooth-status-description":{"_":"Bluetooth je isključen"},"turn-bluetooth-on":{"_":"Da li želite da uključite Bluetooth?"},"cancel":{"_":"Otkaži"},"turn-on":{"_":"Uključi"},"error-transfer-title":{"_":"Bluetooth prenos datoteka neuspešan"},"error-transfer-settings":{"_":"Bluetooth prenos datoteka neuspešan. Proverite da li su Bluetooth postavke ispravne."},"ok":{"_":"U redu"},"bluetooth-paired-devices":{"_":"Upareni uređaji"},"bluetooth-devices-in-area":{"_":"Uređaji u okolini"},"device-status-tap-connect":{"_":"Pritisnite za povezivanje"},"device-status-pairing":{"_":"Uparivanje sa uređajem…"},"device-status-waiting":{"_":"Čekam drugi uređaj…"},"device-status-paired":{"_":"Uparen"},"device-status-connecting":{"_":"Povezivanje…"},"device-status-connected":{"_":"Povezano"},"search-for-device":{"_":"Traženje uređaja…"},"search-device":{"_":"Traži uređaje"},"unnamed-device":{"_":"Nepoznat uređaj"},"error-pair-title":{"_":"Uparivanje nije moguće"},"error-pair-pincode":{"_":"Nije moguće upariti uređaje. Proverite da li je PIN ispravan."},"error-pair-toofast":{"_":"Nije moguće upariti uređaje. Previše zahteva."}}