{"bluetooth":{"_":"Bluetooth"},"confirmation":{"_":"Bekräftelse"},"bluetooth-status-description":{"_":"Bluetooth är inaktiverat"},"turn-bluetooth-on":{"_":"Vill du aktivera Bluetooth?"},"cancel":{"_":"Avbryt"},"turn-on":{"_":"Aktivera"},"error-transfer-title":{"_":"Bluetooth filöverföring misslyckades"},"error-transfer-settings":{"_":"Bluetooth filöverföring misslyckades. Kontrollera att Bluetooth-inställningarna är korrekta."},"ok":{"_":"OK"},"bluetooth-paired-devices":{"_":"Ihopkopplade enheter"},"bluetooth-devices-in-area":{"_":"Enheter i området"},"device-status-tap-connect":{"_":"Peka för att ansluta"},"device-status-pairing":{"_":"Kopplar ihop med enheten…"},"device-status-waiting":{"_":"Väntar på andra enheten…"},"device-status-paired":{"_":"Ihopkopplad"},"device-status-connecting":{"_":"Ansluter…"},"device-status-connected":{"_":"Ansluten"},"search-for-device":{"_":"Söker efter enheter…"},"search-device":{"_":"Sök efter enheter"},"unnamed-device":{"_":"Okänd enhet"},"error-pair-title":{"_":"Ihopkoppling av enheter misslyckades."},"error-pair-pincode":{"_":"Ihopkoppling med enhet misslyckades. Kontrollera att PIN-koden är korrekt."},"error-pair-toofast":{"_":"Ihopkoppling med enhet misslyckades. Alltför många förfrågningar."}}