{"bluetooth":{"_":"Bluetooth"},"confirmation":{"_":"Onay"},"bluetooth-status-description":{"_":"Bluetooth devre dışı"},"turn-bluetooth-on":{"_":"Bluetooth'u açmak istiyor musunuz?"},"cancel":{"_":"İptal"},"turn-on":{"_":"Aç"},"error-transfer-title":{"_":"Bluetooth dosya aktarımı başarısız oldu"},"error-transfer-settings":{"_":"Bluetooth dosya aktarımı başarısız oldu. Bluetooth ayarlarının doğruluğunu kontrol edin."},"ok":{"_":"Tamam"},"bluetooth-paired-devices":{"_":"Eşleştirilmiş aygıtlar"},"bluetooth-devices-in-area":{"_":"Etraftaki aygıtlar"},"device-status-tap-connect":{"_":"Bağlanmak için dokunun"},"device-status-pairing":{"_":"Aygıtla eşleştiriliyor…"},"device-status-waiting":{"_":"Diğer aygıt bekleniyor…"},"device-status-paired":{"_":"Eşleştirildi"},"device-status-connecting":{"_":"Bağlanıyor…"},"device-status-connected":{"_":"Bağlandı"},"search-for-device":{"_":"Aygıtlar aranıyor…"},"search-device":{"_":"Aygıtları ara"},"unnamed-device":{"_":"Bilinmeyen aygıt"},"error-pair-title":{"_":"Aygıtlar eşleştirilemedi"},"error-pair-pincode":{"_":"Aygıtla eşleştirilemedi. PIN'i kontrol edin."},"error-pair-toofast":{"_":"Aygıtla eşleştirilemedi. Çok fazla istek."}}