{"bluetooth":{"_":"蓝牙"},"confirmation":{"_":"确认"},"bluetooth-status-description":{"_":"蓝牙已禁用"},"turn-bluetooth-on":{"_":"要打开蓝牙吗？"},"cancel":{"_":"取消"},"turn-on":{"_":"打开"},"error-transfer-title":{"_":"蓝牙文件传输失败"},"error-transfer-settings":{"_":"蓝牙文件传输失败。请检查蓝牙设置是否正确。"},"ok":{"_":"确定"},"bluetooth-paired-devices":{"_":"已配对的设备"},"bluetooth-devices-in-area":{"_":"附近的设备"},"device-status-tap-connect":{"_":"轻触以连接"},"device-status-pairing":{"_":"与设备配对"},"device-status-waiting":{"_":"正在等待其他设备…"},"device-status-paired":{"_":"已配对"},"device-status-connecting":{"_":"正在连接..."},"device-status-connected":{"_":"已连接。"},"search-for-device":{"_":"正在搜索设备…"},"search-device":{"_":"搜索设备"},"unnamed-device":{"_":"未知设备"},"error-pair-title":{"_":"无法与设备配对"},"error-pair-pincode":{"_":"无法与设备配对，请检查 PIN 是否正确。"},"error-pair-toofast":{"_":"无法配对设备，请求过多。"}}