{"bluetooth":{"_":"藍牙"},"confirmation":{"_":"確認"},"bluetooth-status-description":{"_":"藍牙已關閉"},"turn-bluetooth-on":{"_":"您想要開啓藍牙嗎？"},"cancel":{"_":"取消"},"turn-on":{"_":"開啟"},"error-transfer-title":{"_":"藍牙檔案傳輸失敗"},"error-transfer-settings":{"_":"藍牙檔案傳輸失敗。請檢查藍牙設定是否正確。"},"ok":{"_":"確定"},"bluetooth-paired-devices":{"_":"已配對裝置"},"bluetooth-devices-in-area":{"_":"附近的裝置"},"device-status-tap-connect":{"_":"點擊以連線"},"device-status-pairing":{"_":"正在配對…"},"device-status-waiting":{"_":"正在等待另一台裝置…"},"device-status-paired":{"_":"已配對"},"device-status-connecting":{"_":"連線中…"},"device-status-connected":{"_":"已連線"},"search-for-device":{"_":"正在搜尋裝置…"},"search-device":{"_":"搜尋裝置"},"unnamed-device":{"_":"未知的裝置"},"error-pair-title":{"_":"無法與裝置配對"},"error-pair-pincode":{"_":"無法與裝置配對。請確定 PIN 正確。"},"error-pair-toofast":{"_":"太多請求，無法與裝置配對。"}}