{"Showbiz":{"_":"الترفيه"},"Social":{"_":"اجتماعي"},"Games":{"_":"الألعاب"},"Music":{"_":"موسيقى"},"add-to-home-screen":{"_":"Add to Home Screen"},"add-to-home-screen-header":{"_":"Add link"},"website-name":{"_":"Website name"},"address":{"_":"Address"},"added-to-home-screen":{"_":"Added to Home Screen"},"wrapper-search-name":{"_":"{{topic}} على {{name}}"},"contextmenu-add-wallpaper":{"_":"تغيير صورة الخلفية"},"contextmenu-add-smart-collections":{"_":"إضافة مجموعات ذكية"},"delete-title":{"_":"حذف {{name}}"},"delete-body":{"_":"سيتم حذف {{name}} وجميع المعلومات الخاصة به."},"delete":{"_":"حذف"},"cancel":{"_":"إلغاء"},"remove-title-2":{"_":"حذف {{name}}"},"remove-body":{"_":"حذف {{name}} من الشاشة الرئيسية؟"},"remove":{"_":"إزالة"},"longDateFormat":{"_":"%A, %B %e"},"download":{"_":"تنزيل"},"restart-download-title":{"_":"إعادة تشغيل التنزيل"},"restart-download-body":{"_":"هل تريد تنزيل {{name}}؟"},"loadingEvme2":{"_":"جارِ التحميل..."},"evme-searchbar-default":{"_":"كل شيء....","placeholder":"أنا أبحث عن …"},"evme-searchbar-default2":{"_":"أنا أبحث عن…","placeholder":"أنا أبحث عن…"},"evme-searchbar-clear":{"_":"العودة"},"evme-searchbar-title":{"_":"كل شيء"},"evme-helper-default":{"_":"أدخل أي موضوع أو اي جمل للبحث"},"evme-helper-default2":{"_":"أدخل أي موضوع أو كلمة"},"evme-helper-dismiss":{"_":"صرف"},"evme-helper-no-refine":{"_":"لم يتم العثور على خيارات"},"evme-helper-history-title":{"_":"تأريخ:"},"evme-helper-history-link":{"_":"تأريخ"},"evme-helper-history-clear":{"_":"امسح التأريخ"},"evme-helper-didyoumean-title":{"_":"هل تقصد:"},"evme-helper-refine-title":{"_":"هل تقصد:"},"evme-helper-title-prefix":{"_":"كل شيء"},"evme-helper-title-empty":{"_":"كل شيء"},"evme-apps-market-download":{"_":"نزّل"},"evme-apps-market-more-apps":{"_":"المزيد من التطبيقات"},"evme-apps-loading-app":{"_":"جارِ التحميل..."},"evme-appsmore-loading":{"_":"جارِ التحميل..."},"evme-alert-app-install-confirm":{"_":"أضِف {{name}} على الشاشة الرئيسية؟"},"evme-alert-app-install-exists":{"_":"{{name}} تم إضافته مسبقا على الشاشة الرئيسية"},"evme-alert-offline-smart-collections-more":{"_":"اتصل بالانترنت لاضافة اختصارات اكثر"},"evme-alert-save-wallpaper":{"_":"تعيين كخلفية"},"evme-alert-no-more-smart-collections":{"_":"لا يوجد مجموعات ذكية لإضافتها"},"evme-banner-app-install-success":{"_":"{{name}} تم إضافته على الشاشة الرئيسية"},"evme-banner-save-wallpaper":{"_":"تم تعيين الخلفية بنجاح"},"evme-shortcuts-more":{"_":"المزيد"},"evme-collectionssuggest-loading":{"_":"جارِ التحميل..."},"evme-collectionssuggest-loading-cancel":{"_":"ألغِ"},"evme-collectionssuggest-prompt-create-custom":{"_":"إنشاء مجموعتك الذكية"},"evme-backgroundimage-source-label":{"_":"المصدر:"},"evme-collection-title-prefix":{"_":"كل شيء"},"evme-collection-title-suffix":{"_":"هاتف"},"evme-collection-loading-more":{"_":"جارِ التحميل..."},"evme-connectionmessage-apps":{"_":"اتصل بالانترنت لايجاد تطبيقات لـ {{query}}"},"evme-connectionmessage-apps-has-installed":{"_":"اتصل بالانترنت لايجاد تطبيقات اكثر لـ {{query}}"},"evme-tips-app-explain":{"innerHTML":"جِد الاشياء التي تحبها من خلال التطبيقات المميزة."},"evme-tips-searchbar-focus":{"innerHTML":"مثال: ابحث عن مطربك المُفضل أو فرقتك المُفضلة..."},"evme-tips-exact-results":{"innerHTML":"يوجد تطبيق لـ <b>{{query}}</b>,<br /><br /> انقر فوق أي رمز لفتحه."},"evme-shortcut-custom":{"_":"مخصّص…"},"evme-shortcut-id-astrology":{"_":"فَلَك"},"evme-shortcut-id-autos":{"_":"سيارات"},"evme-shortcut-id-beauty":{"_":"جمال"},"evme-shortcut-id-books":{"_":"كتب"},"evme-shortcut-id-celebs":{"_":"مشاهير"},"evme-shortcut-id-daily-deals":{"_":"عروض يومية"},"evme-shortcut-id-dating":{"_":"مواعدة"},"evme-shortcut-id-electronics":{"_":"إلكترونيات"},"evme-shortcut-id-email":{"_":"بريد الكتروني"},"evme-shortcut-id-entertainment":{"_":"ترفيه"},"evme-shortcut-id-environment":{"_":"بيئة"},"evme-shortcut-id-fashion":{"_":"أزياء"},"evme-shortcut-id-funny":{"_":"مَرَح"},"evme-shortcut-id-games":{"_":"ألعاب"},"evme-shortcut-id-government":{"_":"حكومة"},"evme-shortcut-id-health":{"_":"صِّحة"},"evme-shortcut-id-jobs":{"_":"وظائف"},"evme-shortcut-id-local":{"_":"محلِّي"},"evme-shortcut-id-maps":{"_":"خرائط"},"evme-shortcut-id-movies":{"_":"أفلام"},"evme-shortcut-id-music":{"_":"موسيقى"},"evme-shortcut-id-new-apps":{"_":"تطبيقات جديدة"},"evme-shortcut-id-news":{"_":"أخبار"},"evme-shortcut-id-photography":{"_":"التصوير الفوتوغرافي"},"evme-shortcut-id-recipes":{"_":"وصفات"},"evme-shortcut-id-restaurants":{"_":"مطاعم"},"evme-shortcut-id-shopping":{"_":"تسوق"},"evme-shortcut-id-social":{"_":"اجتماعي"},"evme-shortcut-id-sports":{"_":"رياضة"},"evme-shortcut-id-tech-news":{"_":"اخبار تقنية"},"evme-shortcut-id-top-apps":{"_":"أفضل التطبيقات"},"evme-shortcut-id-travel":{"_":"سفر"},"evme-shortcut-id-tv":{"_":"تلفزيون"},"evme-shortcut-id-video":{"_":"فيديو"},"evme-shortcut-id-utilities":{"_":"أدوات"},"evme-shortcut-id-weather":{"_":"طقس"},"evme-add-to-top-of-collection":{"_":"إضافة إلى أعلى المجموعة"},"evme-save-to-homescreen":{"_":"إضافة الى الشاشة الرئيسية"},"edit-dialog-header":{"_":"حرّر"},"edit-dialog-name":{"_":"Website name"},"edit-dialog-url":{"_":"Address"},"edit-dialog-cancel":{"_":"ألغِ"},"edit-dialog-done":{"_":"تم"},"weekday-0-long":{"_":"الأحد"},"weekday-1-long":{"_":"الإثنين"},"weekday-2-long":{"_":"الثلاثاء"},"weekday-3-long":{"_":"الأربعاء"},"weekday-4-long":{"_":"الخميس"},"weekday-5-long":{"_":"الجمعة"},"weekday-6-long":{"_":"السبت"},"weekday-0-short":{"_":"أحد"},"weekday-1-short":{"_":"إثنين"},"weekday-2-short":{"_":"ثلاثاء"},"weekday-3-short":{"_":"أربعاء"},"weekday-4-short":{"_":"خميس"},"weekday-5-short":{"_":"جمعة"},"weekday-6-short":{"_":"سبت"},"month-0-long":{"_":"يناير"},"month-1-long":{"_":"فبراير"},"month-2-long":{"_":"مارس"},"month-3-long":{"_":"أبريل"},"month-4-long":{"_":"مايو"},"month-5-long":{"_":"يونيو"},"month-6-long":{"_":"يوليو"},"month-7-long":{"_":"أغسطس"},"month-8-long":{"_":"سبتمبر"},"month-9-long":{"_":"أكتوبر"},"month-10-long":{"_":"نوفمبر"},"month-11-long":{"_":"ديسمبر"},"month-0-genitive":{"_":"يناير"},"month-1-genitive":{"_":"فبراير"},"month-2-genitive":{"_":"مارس"},"month-3-genitive":{"_":"أبريل"},"month-4-genitive":{"_":"مايو"},"month-5-genitive":{"_":"يونيو"},"month-6-genitive":{"_":"يوليو"},"month-7-genitive":{"_":"أغسطس"},"month-8-genitive":{"_":"سبتمبر"},"month-9-genitive":{"_":"أكتوبر"},"month-10-genitive":{"_":"نوفمبر"},"month-11-genitive":{"_":"ديسمبر"},"month-0-short":{"_":"يناير"},"month-1-short":{"_":"فبراير"},"month-2-short":{"_":"مارس"},"month-3-short":{"_":"ابريل"},"month-4-short":{"_":"مايو"},"month-5-short":{"_":"يونيو"},"month-6-short":{"_":"يوليو"},"month-7-short":{"_":"أغسطس"},"month-8-short":{"_":"سبتمبر"},"month-9-short":{"_":"أكتوبر"},"month-10-short":{"_":"نوفمبر"},"month-11-short":{"_":"ديسمبر"},"minutes-ago-long":{"_":"{[ plural(value) ]}","_[zero]":"الآن","_[one]":"منذ دقيقة","_[two]":"منذ {{value}} دقائق","_[few]":"منذ {{value}} دقائق","_[many]":"منذ {{value}} دقائق","_[other]":"منذ {{value}} دقائق"},"hours-ago-long":{"_":"{[ plural(value) ]}","_[zero]":"الآن","_[one]":"قبل ساعة واحدة","_[two]":"منذ ساعتين","_[few]":"قبل {{value}} ساعات","_[many]":"قبل {{value}} ساعة","_[other]":"قبل {{value}} ساعة"},"days-ago-long":{"_":"{[ plural(value) ]}","_[zero]":"اليوم","_[one]":"الأمس","_[two]":"قبل يومين","_[few]":"قبل {{value}} أيام","_[many]":"قبل {{value}} يوم","_[other]":"قبل {{value}} يوم"},"weeks-ago-long":{"_":"{[ plural(value) ]}","_[zero]":"هذا الأسبوع","_[one]":"الأسبوع الماضي","_[two]":"منذ {{value}} أسابيع","_[few]":"منذ {{value}} أسابيع","_[many]":"منذ {{value}} أسابيع","_[other]":"منذ {{value}} أسابيع"},"months-ago-long":{"_":"{[ plural(value) ]}","_[zero]":"هذا الشهر","_[one]":"الشهر الماضي","_[two]":"منذ {{value}} أشهر","_[few]":"منذ {{value}} أشهر","_[many]":"منذ {{value}} أشهر","_[other]":"منذ {{value}} أشهر"},"years-ago-long":{"_":"{[ plural(value) ]}","_[zero]":"هذه السنة","_[one]":"السنة الماضية","_[two]":"منذ سنتين","_[few]":"منذ {{value}} سنوات","_[many]":"منذ {{value}} سنة","_[other]":"منذ {{value}} سنة"},"minutes-until-long":{"_":"{[ plural(value) ]}","_[zero]":"الآن","_[one]":"خلال دقيقة","_[two]":"خلال دقيقتين","_[few]":"خلال {{value}} دقائق","_[many]":"خلال {{value}} دقيقة","_[other]":"خلال {{value}} دقيقة"},"hours-until-long":{"_":"{[ plural(value) ]}","_[zero]":"الآن","_[one]":"خلال ساعة","_[two]":"خلال ساعتين","_[few]":"خلال {{value}} ساعات","_[many]":"خلال {{value}} ساعة","_[other]":"خلال {{value}} ساعة"},"days-until-long":{"_":"{[ plural(value) ]}","_[zero]":"اليوم","_[one]":"غداً","_[two]":"خلال يومين","_[few]":"خلال {{value}} أيام","_[many]":"خلال {{value}} يوم","_[other]":"خلال {{value}} يوم"},"weeks-until-long":{"_":"{[ plural(value) ]}","_[zero]":"هذا الأسبوع","_[one]":"الأسبوع القادم","_[two]":"خلال اسبوعين","_[few]":"خلال {{value}} أسابيع","_[many]":"خلال {{value}} أسبوع","_[other]":"خلال {{value}} أسبوع"},"months-until-long":{"_":"{[ plural(value) ]}","_[zero]":"هذا الشهر","_[one]":"الشهر القادم","_[two]":"خلال شهرين","_[few]":"خلال {{value}} أشهر","_[many]":"خلال {{value}} شهر","_[other]":"خلال {{value}} شهر"},"years-until-long":{"_":"{[ plural(value) ]}","_[zero]":"هذه السنة","_[one]":"السنة القادمة","_[two]":"خلال سنتين","_[few]":"خلال {{value}} سنوات","_[many]":"خلال {{value}} سنة","_[other]":"خلال {{value}} سنة"},"minutes-ago-short":{"_":"{[ plural(value) ]}","_[zero]":"الآن","_[other]":"منذ {{value}} دقيقة"},"hours-ago-short":{"_":"{[ plural(value) ]}","_[zero]":"الآن","_[other]":"منذ {{value}} س"},"days-ago-short":{"_":"{[ plural(value) ]}","_[zero]":"اليوم","_[other]":"منذ {{value}} ي"},"minutes-until-short":{"_":"{[ plural(value) ]}","_[zero]":"الآن","_[other]":"خلال {{value}} د"},"hours-until-short":{"_":"{[ plural(value) ]}","_[zero]":"الآن","_[other]":"خلال {{value}} س"},"days-until-short":{"_":"{[ plural(value) ]}","_[zero]":"اليوم","_[other]":"خلال {{value}} ي"},"incorrectDate":{"_":"(تاريخ غير صحيح)"},"dateTimeFormat_%c":{"_":"%a %b %e %Y %I:%M:%S %p"},"dateTimeFormat_%x":{"_":"%m/%d/%Y"},"dateTimeFormat_%X":{"_":"%I:%M:%S %p"},"shortTimeFormat":{"_":"%I:%M %p"},"shortDateTimeFormat":{"_":"%x %I:%M %p"},"weekStartsOnMonday":{"_":"0"},"time_am":{"_":"ص"},"time_pm":{"_":"م"}}