{"Showbiz":{"_":"Шоубизнес"},"Social":{"_":"Социални"},"Games":{"_":"Игри"},"Music":{"_":"Музика"},"add-to-home-screen":{"_":"Добавяне към Начален екран"},"add-to-home-screen-header":{"_":"Добавяне на връзка"},"website-name":{"_":"Име на уеб сайт"},"address":{"_":"Адрес"},"added-to-home-screen":{"_":"Добавено на началния екран"},"wrapper-search-name":{"_":"{{topic}} на {{name}}"},"contextmenu-add-wallpaper":{"_":"Смяна на тапет"},"contextmenu-add-smart-collections":{"_":"Добавяне на умни колекции"},"delete-title":{"_":"Изтриване на {{name}}"},"delete-body":{"_":"{{name}} и данните му ще бъдат изтрити."},"delete":{"_":"Изтриване"},"cancel":{"_":"Отказ"},"remove-title-2":{"_":"Премахване {{name}}"},"remove-body":{"_":"Премахване на {{name}} от началния екран?"},"remove":{"_":"Премахване"},"longDateFormat":{"_":"%A, %e %B"},"download":{"_":"Изтегляне"},"restart-download-title":{"_":"Рестартиране на изтеглянето"},"restart-download-body":{"_":"Искате ли да изтеглите {{name}}?"},"loadingEvme2":{"_":"Зареждане…"},"evme-searchbar-default":{"_":"Всичко…","placeholder":"Мисля за…"},"evme-searchbar-default2":{"_":"Мисля за…","placeholder":"Мисля за…"},"evme-searchbar-clear":{"_":"Връщане"},"evme-searchbar-title":{"_":"Всичко"},"evme-helper-default":{"_":"Въведете каквато и да е тема или заявка за търсене"},"evme-helper-default2":{"_":"Въведете каквато и да е тема или ключова дума"},"evme-helper-dismiss":{"_":"Прекратяване"},"evme-helper-no-refine":{"_":"Няма намерени опции"},"evme-helper-history-title":{"_":"История:"},"evme-helper-history-link":{"_":"История"},"evme-helper-history-clear":{"_":"Изчистване на историята"},"evme-helper-didyoumean-title":{"_":"Може би имахте предвид:"},"evme-helper-refine-title":{"_":"Може би имахте предвид:"},"evme-helper-title-prefix":{"_":"Всичко"},"evme-helper-title-empty":{"_":"Всичко"},"evme-apps-market-download":{"_":"Сваляне"},"evme-apps-market-more-apps":{"_":"Още приложения"},"evme-apps-loading-app":{"_":"Зареждане…"},"evme-appsmore-loading":{"_":"Зареждане…"},"evme-alert-app-install-confirm":{"_":"Добавяне на {{name}} на началния екран?"},"evme-alert-app-install-exists":{"_":"{{name}} е вече на началния екран"},"evme-alert-offline-smart-collections-more":{"_":"Свържете се с интернет, за да добавите още Умни колекции"},"evme-alert-save-wallpaper":{"_":"Поставяне като фон?"},"evme-alert-no-more-smart-collections":{"_":"Липсват Умни колекции за добавяне"},"evme-banner-app-install-success":{"_":"{{name}} е добавено на началния екран"},"evme-banner-save-wallpaper":{"_":"Фонът е поставен успешно"},"evme-shortcuts-more":{"_":"Повече"},"evme-collectionssuggest-loading":{"_":"Зареждане…"},"evme-collectionssuggest-loading-cancel":{"_":"Отказ"},"evme-collectionssuggest-prompt-create-custom":{"_":"Създайте своя Умна колекция"},"evme-backgroundimage-source-label":{"_":"Източник:"},"evme-collection-title-prefix":{"_":"Всичко"},"evme-collection-title-suffix":{"_":"Телефон"},"evme-collection-loading-more":{"_":"Зареждане…"},"evme-connectionmessage-apps":{"_":"Свържете се с интернет, за да свалите приложения за {{query}}"},"evme-connectionmessage-apps-has-installed":{"_":"Свържете се с интернет, за да свалите дори повече приложения за {{query}}"},"evme-tips-app-explain":{"innerHTML":"Намерете любимите си неща, с най-готините приложения."},"evme-tips-searchbar-focus":{"innerHTML":"Например - намерете любимия си изпълнител или група…"},"evme-tips-exact-results":{"innerHTML":"Това са приложенията за <b>{{query}}</b>,<br /><br /> натиснете върху която и да е икона, за да я отворите."},"evme-shortcut-custom":{"_":"Персонализирана..."},"evme-shortcut-id-astrology":{"_":"Астрология"},"evme-shortcut-id-autos":{"_":"Автомобили"},"evme-shortcut-id-beauty":{"_":"Красота"},"evme-shortcut-id-books":{"_":"Книги"},"evme-shortcut-id-celebs":{"_":"Знаменитости"},"evme-shortcut-id-daily-deals":{"_":"Дневни оферти"},"evme-shortcut-id-dating":{"_":"Запознанства"},"evme-shortcut-id-electronics":{"_":"Електроника"},"evme-shortcut-id-email":{"_":"Ел. поща"},"evme-shortcut-id-entertainment":{"_":"Забавление"},"evme-shortcut-id-environment":{"_":"Околна среда"},"evme-shortcut-id-fashion":{"_":"Мода"},"evme-shortcut-id-funny":{"_":"Забавно"},"evme-shortcut-id-games":{"_":"Игри"},"evme-shortcut-id-government":{"_":"Правителство"},"evme-shortcut-id-health":{"_":"Здраве"},"evme-shortcut-id-jobs":{"_":"Работа"},"evme-shortcut-id-local":{"_":"Местни"},"evme-shortcut-id-maps":{"_":"Карти"},"evme-shortcut-id-movies":{"_":"Филми"},"evme-shortcut-id-music":{"_":"Музика"},"evme-shortcut-id-new-apps":{"_":"Нови приложения"},"evme-shortcut-id-news":{"_":"Новини"},"evme-shortcut-id-photography":{"_":"Фотография"},"evme-shortcut-id-recipes":{"_":"Рецепти"},"evme-shortcut-id-restaurants":{"_":"Ресторанти"},"evme-shortcut-id-shopping":{"_":"Пазаруване"},"evme-shortcut-id-social":{"_":"Социално"},"evme-shortcut-id-sports":{"_":"Спортове"},"evme-shortcut-id-tech-news":{"_":"Технически новини"},"evme-shortcut-id-top-apps":{"_":"Най-добри приложения"},"evme-shortcut-id-travel":{"_":"Пътуване"},"evme-shortcut-id-tv":{"_":"Телевизия"},"evme-shortcut-id-video":{"_":"Видео"},"evme-shortcut-id-utilities":{"_":"Инструменти"},"evme-shortcut-id-weather":{"_":"Времето"},"evme-add-to-top-of-collection":{"_":"Add to top of collection"},"evme-save-to-homescreen":{"_":"Save to Homescreen"},"edit-dialog-header":{"_":"Edit"},"edit-dialog-name":{"_":"Website name"},"edit-dialog-url":{"_":"Address"},"edit-dialog-cancel":{"_":"Cancel"},"edit-dialog-done":{"_":"Done"},"weekday-0-long":{"_":"Неделя"},"weekday-1-long":{"_":"Понеделник"},"weekday-2-long":{"_":"Вторник"},"weekday-3-long":{"_":"Сряда"},"weekday-4-long":{"_":"Четвъртък"},"weekday-5-long":{"_":"Петък"},"weekday-6-long":{"_":"Събота"},"weekday-0-short":{"_":"Нед"},"weekday-1-short":{"_":"Пон"},"weekday-2-short":{"_":"Вт"},"weekday-3-short":{"_":"Ср"},"weekday-4-short":{"_":"Чет"},"weekday-5-short":{"_":"Пет"},"weekday-6-short":{"_":"Съб"},"month-0-long":{"_":"Януари"},"month-1-long":{"_":"Февруари"},"month-2-long":{"_":"Maрт"},"month-3-long":{"_":"Aприл"},"month-4-long":{"_":"Май"},"month-5-long":{"_":"Юни"},"month-6-long":{"_":"Юли"},"month-7-long":{"_":"Август"},"month-8-long":{"_":"Септември"},"month-9-long":{"_":"Oктомври"},"month-10-long":{"_":"Ноември"},"month-11-long":{"_":"Декември"},"month-0-genitive":{"_":"Януари"},"month-1-genitive":{"_":"Февруари"},"month-2-genitive":{"_":"Maрт"},"month-3-genitive":{"_":"Aприл"},"month-4-genitive":{"_":"Май"},"month-5-genitive":{"_":"Юни"},"month-6-genitive":{"_":"Юли"},"month-7-genitive":{"_":"Август"},"month-8-genitive":{"_":"Септември"},"month-9-genitive":{"_":"Oктомври"},"month-10-genitive":{"_":"Ноември"},"month-11-genitive":{"_":"Декември"},"month-0-short":{"_":"Ян"},"month-1-short":{"_":"Фев"},"month-2-short":{"_":"Мар"},"month-3-short":{"_":"Апр"},"month-4-short":{"_":"Май"},"month-5-short":{"_":"Юни"},"month-6-short":{"_":"Юли"},"month-7-short":{"_":"Авг"},"month-8-short":{"_":"Сеп"},"month-9-short":{"_":"Окт"},"month-10-short":{"_":"Ное"},"month-11-short":{"_":"Дек"},"minutes-ago-long":{"_":"{[ plural(value) ]}","_[zero]":"в момента","_[one]":"преди минута","_[two]":"преди {{value}} минути","_[few]":"преди {{value}} минути","_[many]":"преди {{value}} минути","_[other]":"преди {{value}} минути"},"hours-ago-long":{"_":"{[ plural(value) ]}","_[zero]":"в момента","_[one]":"преди час","_[two]":"преди {{value}} часа","_[few]":"преди {{value}} часа","_[many]":"преди {{value}} часа","_[other]":"преди {{value}} часа"},"days-ago-long":{"_":"{[ plural(value) ]}","_[zero]":"днес","_[one]":"вчера","_[two]":"преди {{value}} дни","_[few]":"преди {{value}} дни","_[many]":"преди {{value}} дни","_[other]":"преди {{value}} дни"},"weeks-ago-long":{"_":"{[ plural(value) ]}","_[zero]":"тази седмица","_[one]":"миналата седмица","_[two]":"преди {{value}} седмици","_[few]":"преди {{value}} седмици","_[many]":"преди {{value}} седмици","_[other]":"преди {{value}} седмици"},"months-ago-long":{"_":"{[ plural(value) ]}","_[zero]":"този месец","_[one]":"миналия месец","_[two]":"преди {{value}} месеца","_[few]":"преди {{value}} месеца","_[many]":"преди {{value}} месеца","_[other]":"преди {{value}} месеца"},"years-ago-long":{"_":"{[ plural(value) ]}","_[zero]":"тази година","_[one]":"миналата година","_[two]":"преди {{value}} години","_[few]":"преди {{value}} години","_[many]":"преди {{value}} години","_[other]":"преди {{value}} години"},"minutes-until-long":{"_":"{[ plural(value) ]}","_[zero]":"now","_[one]":"in a minute","_[two]":"in {{value}} minutes","_[few]":"in {{value}} minutes","_[many]":"in {{value}} minutes","_[other]":"in {{value}} minutes"},"hours-until-long":{"_":"{[ plural(value) ]}","_[zero]":"сега","_[one]":"до един час","_[two]":"след {{value}} часа","_[few]":"след {{value}} часа","_[many]":"след {{value}} часа","_[other]":"след {{value}} часа"},"days-until-long":{"_":"{[ plural(value) ]}","_[zero]":"днес","_[one]":"утре","_[two]":"след {{value}} дни","_[few]":"след {{value}} дни","_[many]":"след {{value}} дни","_[other]":"след {{value}} дни"},"weeks-until-long":{"_":"{[ plural(value) ]}","_[zero]":"тази седмица","_[one]":"другата седмица","_[two]":"след {{value}} седмици","_[few]":"след {{value}} седмици","_[many]":"след {{value}} седмици","_[other]":"след {{value}} седмици"},"months-until-long":{"_":"{[ plural(value) ]}","_[zero]":"този месец","_[one]":"другия месец","_[two]":"след {{value}} месеца","_[few]":"след {{value}} месеца","_[many]":"след {{value}} месеца","_[other]":"след {{value}} месеца"},"years-until-long":{"_":"{[ plural(value) ]}","_[zero]":"тази година","_[one]":"следващата година","_[two]":"след {{value}} години","_[few]":"след {{value}} години","_[many]":"след {{value}} години","_[other]":"след {{value}} години"},"minutes-ago-short":{"_":"{[ plural(value) ]}","_[zero]":"в момента","_[other]":"преди {{value}}мин."},"hours-ago-short":{"_":"{[ plural(value) ]}","_[zero]":"в момента","_[other]":"преди {{value}}ч."},"days-ago-short":{"_":"{[ plural(value) ]}","_[zero]":"днес","_[other]":"преди {{value}}дни"},"minutes-until-short":{"_":"{[ plural(value) ]}","_[zero]":"сега","_[other]":"след {{value}}мин."},"hours-until-short":{"_":"{[ plural(value) ]}","_[zero]":"сега","_[other]":"след {{value}}ч."},"days-until-short":{"_":"{[ plural(value) ]}","_[zero]":"днес","_[other]":"след {{value}}дни"},"incorrectDate":{"_":"(невалидна дата)"},"dateTimeFormat_%c":{"_":"%a, %e %b %Y %H:%M:%S"},"dateTimeFormat_%x":{"_":"%d %m %Y"},"dateTimeFormat_%X":{"_":"%H:%M:%S"},"shortTimeFormat":{"_":"%H:%M"},"shortDateTimeFormat":{"_":"%x %H:%M"},"weekStartsOnMonday":{"_":"1"},"time_am":{"_":"AM"},"time_pm":{"_":"PM"}}