{"Showbiz":{"_":"শোবিজ"},"Social":{"_":"সামাজিক"},"Games":{"_":"গেমস"},"Music":{"_":"গান"},"add-to-home-screen":{"_":"হোম স্ক্রিনে যুক্ত করুন"},"add-to-home-screen-header":{"_":"লিঙ্ক যোগ করুন"},"website-name":{"_":"Website name"},"address":{"_":"Address"},"added-to-home-screen":{"_":"প্রধান স্ক্রিনে যুক্ত হয়েছে"},"wrapper-search-name":{"_":"{{topic}}, {{name}}"},"contextmenu-add-wallpaper":{"_":"ওয়ালপেপার পরিবর্তন"},"contextmenu-add-smart-collections":{"_":"স্মার্ট সংগ্রহ হিসেবে যোগ করুন"},"delete-title":{"_":"{{name}} অপসারণ"},"delete-body":{"_":"{{name}} ও এর সব তথ্য অপসারিত হবে।"},"delete":{"_":"অপসারণ"},"cancel":{"_":"বাতিল"},"remove-title-2":{"_":"{{name}} অপসারন"},"remove-body":{"_":"{{name}} মূল স্ক্রিন থেকে অপসারণ করবেন?"},"remove":{"_":"অপসারন"},"longDateFormat":{"_":"%A, %B %e"},"download":{"_":"ডাউনলোড"},"restart-download-title":{"_":"পুনরায় ডাউনলোড শুরু করুন"},"restart-download-body":{"_":"আপনি কি {{name}} ডাউনলোড করবেন?"},"loadingEvme2":{"_":"লোড করা হচ্ছে..."},"evme-searchbar-default":{"_":"সবকিছু...","placeholder":"I’m thinking of…"},"evme-searchbar-default2":{"_":"I’m thinking of…","placeholder":"I’m thinking of…"},"evme-searchbar-clear":{"_":"পূর্ববর্তী"},"evme-searchbar-title":{"_":"সবকিছু"},"evme-helper-default":{"_":"যেকোন বিষয় বা অনুসন্ধান এর শব্দ দিন"},"evme-helper-default2":{"_":"যেকোনো বিষয় বা শব্দ দিন"},"evme-helper-dismiss":{"_":"বাতিল"},"evme-helper-no-refine":{"_":"কোনো বিষয় পাওয়া যায়নি"},"evme-helper-history-title":{"_":"ইতিহাস:"},"evme-helper-history-link":{"_":"ইতিহাস"},"evme-helper-history-clear":{"_":"ইতিহাস পরিষ্কার কর"},"evme-helper-didyoumean-title":{"_":"আপনি কি বোঝাতে চাচ্ছেন:"},"evme-helper-refine-title":{"_":"আপনি কি বোঝাতে চাচ্ছেন:"},"evme-helper-title-prefix":{"_":"সবকিছু"},"evme-helper-title-empty":{"_":"সবকিছু"},"evme-apps-market-download":{"_":"ডাউনলোড"},"evme-apps-market-more-apps":{"_":"আরো এপ"},"evme-apps-loading-app":{"_":"লোড করা হচ্ছে..."},"evme-appsmore-loading":{"_":"লোড করা হচ্ছে..."},"evme-alert-app-install-confirm":{"_":"মূল স্ক্রিনে {{name}} যোগ করবেন?"},"evme-alert-app-install-exists":{"_":"{{name}} নামটি ইতিমধ্যে মূল স্ক্রিনে আছে"},"evme-alert-offline-smart-collections-more":{"_":"আরো স্মার্ট সংগ্রহ যোগ করতে ইন্টারনেটে সংযুক্ত হোন"},"evme-alert-save-wallpaper":{"_":"ওয়ালপেপার হিসেবে নির্ধারণ করবেন?"},"evme-alert-no-more-smart-collections":{"_":"যোগ করার জন্য কোনো স্মার্ট সংগ্রহ নেই"},"evme-banner-app-install-success":{"_":"{{name}} মূল স্ক্রিনে যুক্ত"},"evme-banner-save-wallpaper":{"_":"ওয়ালপেপার নির্ধারণ সফল হয়েছে"},"evme-shortcuts-more":{"_":"আরো"},"evme-collectionssuggest-loading":{"_":"লোড করা হচ্ছে…"},"evme-collectionssuggest-loading-cancel":{"_":"বাতিল"},"evme-collectionssuggest-prompt-create-custom":{"_":"আপনার নিজস্ব স্মার্ট সংগ্রহ তৈরি করুন"},"evme-backgroundimage-source-label":{"_":"উৎস:"},"evme-collection-title-prefix":{"_":"সবকিছু"},"evme-collection-title-suffix":{"_":"ফোন"},"evme-collection-loading-more":{"_":"লোড করা হচ্ছে…"},"evme-connectionmessage-apps":{"_":"{{query}} এর এপ পেতে ইন্টারনেটে যুক্ত হন"},"evme-connectionmessage-apps-has-installed":{"_":"{{query}} এর আরো এপ পেতে ইন্টারনেটে যুক্ত হন"},"evme-tips-app-explain":{"innerHTML":"এপগুলো সব বিষয় যা আপনার প্রিয় সেগুলো দেখুন।"},"evme-tips-searchbar-focus":{"innerHTML":"উদাহরন স্বরুপ, আপনার প্রিয় গায়ক বা ব্যন্ড খুজুন..."},"evme-tips-exact-results":{"innerHTML":"<b>{{query}}</b>,<br /><br /> এর জন্য এপ হচ্ছে এগুলো, ওপেন করতে যেকোনটি ট্যাপ করুন।"},"evme-shortcut-custom":{"_":"Custom…"},"evme-shortcut-id-astrology":{"_":"জ্যোতিষশাস্ত্র"},"evme-shortcut-id-autos":{"_":"গাড়ি"},"evme-shortcut-id-beauty":{"_":"সৌন্দর্য্য"},"evme-shortcut-id-books":{"_":"বই"},"evme-shortcut-id-celebs":{"_":"সেলিব্রেটি"},"evme-shortcut-id-daily-deals":{"_":"প্রতিদিনের সবকিছু"},"evme-shortcut-id-dating":{"_":"ডেটিং"},"evme-shortcut-id-electronics":{"_":"ইলেকট্রনিক সামগ্রী"},"evme-shortcut-id-email":{"_":"ই-মেইল"},"evme-shortcut-id-entertainment":{"_":"বিনোদন"},"evme-shortcut-id-environment":{"_":"পরিবেশ"},"evme-shortcut-id-fashion":{"_":"ফ্যাশন"},"evme-shortcut-id-funny":{"_":"মজার"},"evme-shortcut-id-games":{"_":"খেলা"},"evme-shortcut-id-government":{"_":"সরকার"},"evme-shortcut-id-health":{"_":"স্বাস্থ্য"},"evme-shortcut-id-jobs":{"_":"চাকরী"},"evme-shortcut-id-local":{"_":"স্থানীয়"},"evme-shortcut-id-maps":{"_":"মানচিত্র"},"evme-shortcut-id-movies":{"_":"চলচ্চিত্র"},"evme-shortcut-id-music":{"_":"সঙ্গীত"},"evme-shortcut-id-new-apps":{"_":"নতুন এপ"},"evme-shortcut-id-news":{"_":"সংবাদ"},"evme-shortcut-id-photography":{"_":"ফটোগ্রাফি"},"evme-shortcut-id-recipes":{"_":"রান্না"},"evme-shortcut-id-restaurants":{"_":"রেষ্টুরেন্ট"},"evme-shortcut-id-shopping":{"_":"কেনাকাটা"},"evme-shortcut-id-social":{"_":"সামাজিক"},"evme-shortcut-id-sports":{"_":"খেলাধুলা"},"evme-shortcut-id-tech-news":{"_":"প্রযুক্তি বার্তা"},"evme-shortcut-id-top-apps":{"_":"শীর্ষ এপ"},"evme-shortcut-id-travel":{"_":"ভ্রমণ"},"evme-shortcut-id-tv":{"_":"টিভি"},"evme-shortcut-id-video":{"_":"ভিডিও"},"evme-shortcut-id-utilities":{"_":"আনুষঙ্গিক"},"evme-shortcut-id-weather":{"_":"আবহাওয়া"},"evme-add-to-top-of-collection":{"_":"তালিকার উপরে যোগ কর"},"evme-save-to-homescreen":{"_":"হোমস্ক্রিনে সংরক্ষণ কর"},"edit-dialog-header":{"_":"Edit"},"edit-dialog-name":{"_":"Website name"},"edit-dialog-url":{"_":"Address"},"edit-dialog-cancel":{"_":"Cancel"},"edit-dialog-done":{"_":"Done"},"weekday-0-long":{"_":"রবিবার"},"weekday-1-long":{"_":"সোমবার"},"weekday-2-long":{"_":"মঙ্গলবার"},"weekday-3-long":{"_":"বুধবার"},"weekday-4-long":{"_":"বৃহস্পতিবার"},"weekday-5-long":{"_":"শুক্রবার"},"weekday-6-long":{"_":"শনিবার"},"weekday-0-short":{"_":"রবি"},"weekday-1-short":{"_":"সোম"},"weekday-2-short":{"_":"মঙ্গল"},"weekday-3-short":{"_":"বুধ"},"weekday-4-short":{"_":"বৃহঃ"},"weekday-5-short":{"_":"শুক্র"},"weekday-6-short":{"_":"শনি"},"month-0-long":{"_":"জানুয়ারি"},"month-1-long":{"_":"ফেব্রুয়ারি"},"month-2-long":{"_":"মার্চ"},"month-3-long":{"_":"এপ্রিল"},"month-4-long":{"_":"মে"},"month-5-long":{"_":"জুন"},"month-6-long":{"_":"জুলাই"},"month-7-long":{"_":"আগস্ট"},"month-8-long":{"_":"সেপ্টেম্বর"},"month-9-long":{"_":"অক্টোবর"},"month-10-long":{"_":"নভেম্বর"},"month-11-long":{"_":"ডিসেম্বর"},"month-0-genitive":{"_":"জানুয়ারি"},"month-1-genitive":{"_":"ফেব্রুয়ারি"},"month-2-genitive":{"_":"মার্চ"},"month-3-genitive":{"_":"এপ্রিল"},"month-4-genitive":{"_":"মে"},"month-5-genitive":{"_":"জুন"},"month-6-genitive":{"_":"জুলাই"},"month-7-genitive":{"_":"আগস্ট"},"month-8-genitive":{"_":"সেপ্টেম্বর"},"month-9-genitive":{"_":"অক্টোবর"},"month-10-genitive":{"_":"নভেম্বর"},"month-11-genitive":{"_":"ডিসেম্বর"},"month-0-short":{"_":"জানু"},"month-1-short":{"_":"ফেব্রু"},"month-2-short":{"_":"মার্চ"},"month-3-short":{"_":"এপ্রিল"},"month-4-short":{"_":"মে"},"month-5-short":{"_":"জুন"},"month-6-short":{"_":"জুলাই"},"month-7-short":{"_":"আগস্ট"},"month-8-short":{"_":"সেপ্ট"},"month-9-short":{"_":"অক্টো"},"month-10-short":{"_":"নভে"},"month-11-short":{"_":"ডিসে"},"minutes-ago-long":{"_":"{[ plural(value) ]}","_[zero]":"এইমাত্র","_[one]":"১ মিনিট পূর্বে","_[two]":"{{value}} মিনিট পূর্বে","_[few]":"{{value}} মিনিট পূর্বে","_[many]":"{{value}} মিনিট পূর্বে","_[other]":"{{value}} মিনিট পূর্বে"},"hours-ago-long":{"_":"{[ plural(value) ]}","_[zero]":"এইমাত্র","_[one]":"১ ঘন্টা পূর্বে","_[two]":"{{value}} ঘন্টা পূর্বে","_[few]":"{{value}} ঘন্টা পূর্বে","_[many]":"{{value}} ঘন্টা পূর্বে","_[other]":"{{value}} ঘন্টা পূর্বে"},"days-ago-long":{"_":"{[ plural(value) ]}","_[zero]":"আজ","_[one]":"গতকাল","_[two]":"{{value}} দিন পূর্বে","_[few]":"{{value}} দিন পূর্বে","_[many]":"{{value}} দিন পূর্বে","_[other]":"{{value}} দিন পূর্বে"},"weeks-ago-long":{"_":"{[ plural(value) ]}","_[zero]":"এই সপ্তাহে","_[one]":"গত সপ্তাহ","_[two]":"{{value}} সপ্তাহ পূর্বে","_[few]":"{{value}} সপ্তাহ পূর্বে","_[many]":"{{value}} সপ্তাহ পূর্বে","_[other]":"{{value}} সপ্তাহ পূর্বে"},"months-ago-long":{"_":"{[ plural(value) ]}","_[zero]":"চলতি মাস","_[one]":"গত মাস","_[two]":"{{value}} মাস পূর্বে","_[few]":"{{value}} মাস পূর্বে","_[many]":"{{value}} মাস পূর্বে","_[other]":"{{value}} মাস পূর্বে"},"years-ago-long":{"_":"{[ plural(value) ]}","_[zero]":"এই বছর","_[one]":"গত বছর","_[two]":"{{value}} বছর আগে","_[few]":"{{value}} বছর পূর্বে","_[many]":"{{value}} বছর পূর্বে","_[other]":"{{value}} বছর পূর্বে"},"minutes-until-long":{"_":"{[ plural(value) ]}","_[zero]":"এখন","_[one]":"এক মিনিটের মধ্যে","_[two]":"{{value}} মিনিটের মধ্যে","_[few]":"{{value}} মিনিটের মধ্যে","_[many]":"{{value}} মিনিটের মধ্যে","_[other]":"{{value}} মিনিটের মধ্যে"},"hours-until-long":{"_":"{[ plural(value) ]}","_[zero]":"এখন","_[one]":"এক ঘন্টার মধ্যে","_[two]":"{{value}} ঘন্টার মধ্যে","_[few]":"{{value}} ঘন্টার মধ্যে","_[many]":"{{value}} ঘন্টার মধ্যে","_[other]":"{{value}} ঘন্টার মধ্যে"},"days-until-long":{"_":"{[ plural(value) ]}","_[zero]":"আজ","_[one]":"আগামীকাল","_[two]":"{{value}} দিনের মধ্যে","_[few]":"{{value}} দিনের মধ্যে","_[many]":"{{value}} দিনের মধ্যে","_[other]":"{{value}} দিনের মধ্যে"},"weeks-until-long":{"_":"{[ plural(value) ]}","_[zero]":"চলতি সপ্তাহ","_[one]":"পরবর্তী সপ্তাহ","_[two]":"{{value}} সপ্তাহের মধ্যে","_[few]":"{{value}} সপ্তাহের মধ্যে","_[many]":"{{value}} সপ্তাহের মধ্যে","_[other]":"{{value}} সপ্তাহের মধ্যে"},"months-until-long":{"_":"{[ plural(value) ]}","_[zero]":"এই মাস","_[one]":"পরবর্তী মাস","_[two]":"{{value}} মাসের মধ্যে","_[few]":"{{value}} মাসের মধ্যে","_[many]":"{{value}} মাসের মধ্যে","_[other]":"{{value}} মাসের মধ্যে"},"years-until-long":{"_":"{[ plural(value) ]}","_[zero]":"এই বছর","_[one]":"আগামী বছর","_[two]":"{{value}} বছরের মধ্যে","_[few]":"{{value}} বছরের মধ্যে","_[many]":"{{value}} বছরের মধ্যে","_[other]":"{{value}} বছরের মধ্যে"},"minutes-ago-short":{"_":"{[ plural(value) ]}","_[zero]":"এইমাত্র","_[other]":"{{value}}মি. পূর্বে"},"hours-ago-short":{"_":"{[ plural(value) ]}","_[zero]":"এইমাত্র","_[other]":"{{value}}ঘ. পূর্বে"},"days-ago-short":{"_":"{[ plural(value) ]}","_[zero]":"আজ","_[other]":"{{value}}দিন পূর্বে"},"minutes-until-short":{"_":"{[ plural(value) ]}","_[zero]":"এখন","_[other]":"{{value}} মিনিটের মধ্যে"},"hours-until-short":{"_":"{[ plural(value) ]}","_[zero]":"এখন","_[other]":"{{value}}ঘন্টার মধ্যে"},"days-until-short":{"_":"{[ plural(value) ]}","_[zero]":"আজ","_[other]":"{{value}}দিনের মধ্যে"},"incorrectDate":{"_":"(ভুল তারিখ)"},"dateTimeFormat_%c":{"_":"%a %b %e %Y %I:%M:%S %p"},"dateTimeFormat_%x":{"_":"%m/%d/%Y"},"dateTimeFormat_%X":{"_":"%I:%M:%S %p"},"shortTimeFormat":{"_":"%I:%M %p"},"shortDateTimeFormat":{"_":"%x %I:%M %p"},"weekStartsOnMonday":{"_":"0"},"time_am":{"_":"AM"},"time_pm":{"_":"PM"}}