{"Showbiz":{"_":"Espectacles"},"Social":{"_":"Social"},"Games":{"_":"Jocs"},"Music":{"_":"Música"},"add-to-home-screen":{"_":"Afegeix a la pantalla d'inici"},"add-to-home-screen-header":{"_":"Afegeix l'enllaç"},"website-name":{"_":"Nom del lloc web"},"address":{"_":"Adreça"},"added-to-home-screen":{"_":"S'ha afegit a la pantalla d'inici"},"wrapper-search-name":{"_":"{{topic}} a {{name}}"},"contextmenu-add-wallpaper":{"_":"Canvia el fons de pantalla"},"contextmenu-add-smart-collections":{"_":"Afegeix col·leccions intel·ligents"},"delete-title":{"_":"Elimina {{name}}"},"delete-body":{"_":"S'eliminarà {{name}} i totes les seves dades."},"delete":{"_":"Elimina"},"cancel":{"_":"Cancel·la"},"remove-title-2":{"_":"Elimina {{name}}"},"remove-body":{"_":"Voleu eliminar «{{name}}» de la pantalla d'inici?"},"remove":{"_":"Elimina"},"longDateFormat":{"_":"%A %e %Eb"},"download":{"_":"Baixa"},"restart-download-title":{"_":"Reinicia la baixada"},"restart-download-body":{"_":"Voleu baixar {{name}}?"},"loadingEvme2":{"_":"S'està carregant…"},"evme-searchbar-default":{"_":"Tot…","placeholder":"Estic interessat en…"},"evme-searchbar-default2":{"_":"Estic interessat en…","placeholder":"Estic interessat en…"},"evme-searchbar-clear":{"_":"Torna"},"evme-searchbar-title":{"_":"Tot"},"evme-helper-default":{"_":"Introduïu un tema o consulta"},"evme-helper-default2":{"_":"Introduïu un tema o paraula clau"},"evme-helper-dismiss":{"_":"Descarta"},"evme-helper-no-refine":{"_":"No s'ha trobat cap opció"},"evme-helper-history-title":{"_":"Historial:"},"evme-helper-history-link":{"_":"Historial"},"evme-helper-history-clear":{"_":"Esborra l'historial"},"evme-helper-didyoumean-title":{"_":"Potser volíeu dir:"},"evme-helper-refine-title":{"_":"Potser volíeu dir:"},"evme-helper-title-prefix":{"_":"Tot"},"evme-helper-title-empty":{"_":"Tot"},"evme-apps-market-download":{"_":"Baixa"},"evme-apps-market-more-apps":{"_":"Més aplicacions"},"evme-apps-loading-app":{"_":"S'està carregant…"},"evme-appsmore-loading":{"_":"S'està carregant…"},"evme-alert-app-install-confirm":{"_":"Voleu afegir {{name}} a la pantalla d'inici?"},"evme-alert-app-install-exists":{"_":"{{name}} ja s'ha afegit a la pantalla d'inici"},"evme-alert-offline-smart-collections-more":{"_":"Connecteu-vos a Internet per afegir més col·leccions intel·ligents"},"evme-alert-save-wallpaper":{"_":"Voleu definir com a fons de pantalla?"},"evme-alert-no-more-smart-collections":{"_":"No hi ha cap col·lecció intel·ligent per afegir"},"evme-banner-app-install-success":{"_":"S'ha afegit {{name}} a la pantalla d'inici"},"evme-banner-save-wallpaper":{"_":"El fons de pantalla s'ha definit correctament"},"evme-shortcuts-more":{"_":"Més"},"evme-collectionssuggest-loading":{"_":"S'està carregant…"},"evme-collectionssuggest-loading-cancel":{"_":"Cancel·la"},"evme-collectionssuggest-prompt-create-custom":{"_":"Creeu la vostra col·lecció intel·ligent"},"evme-backgroundimage-source-label":{"_":"Codi font:"},"evme-collection-title-prefix":{"_":"Tot"},"evme-collection-title-suffix":{"_":"Telèfon"},"evme-collection-loading-more":{"_":"S'està carregant…"},"evme-connectionmessage-apps":{"_":"Connecteu-vos a Internet per obtenir aplicacions per a {{query}}"},"evme-connectionmessage-apps-has-installed":{"_":"Connecteu-vos a Internet per obtenir encara més aplicacions per a {{query}}"},"evme-tips-app-explain":{"innerHTML":"Trobeu les coses que us agraden amb les millors aplicacions."},"evme-tips-searchbar-focus":{"innerHTML":"Per exemple, cerqueu el vostre cantant o grup preferits…"},"evme-tips-exact-results":{"innerHTML":"Aquestes són les aplicacions per a <b>{{query}}</b>.<br /><br /> Toqueu qualsevol icona per obrir-la."},"evme-shortcut-custom":{"_":"Personalitzat…"},"evme-shortcut-id-astrology":{"_":"Astrologia"},"evme-shortcut-id-autos":{"_":"Cotxes"},"evme-shortcut-id-beauty":{"_":"Bellesa"},"evme-shortcut-id-books":{"_":"Llibres"},"evme-shortcut-id-celebs":{"_":"Famosos"},"evme-shortcut-id-daily-deals":{"_":"Ofertes"},"evme-shortcut-id-dating":{"_":"Cites"},"evme-shortcut-id-electronics":{"_":"Electrònica"},"evme-shortcut-id-email":{"_":"Correu"},"evme-shortcut-id-entertainment":{"_":"Entreteniment"},"evme-shortcut-id-environment":{"_":"Medi ambient"},"evme-shortcut-id-fashion":{"_":"Moda"},"evme-shortcut-id-funny":{"_":"Divertit"},"evme-shortcut-id-games":{"_":"Jocs"},"evme-shortcut-id-government":{"_":"Governamental"},"evme-shortcut-id-health":{"_":"Salut"},"evme-shortcut-id-jobs":{"_":"Feina"},"evme-shortcut-id-local":{"_":"Local"},"evme-shortcut-id-maps":{"_":"Mapes"},"evme-shortcut-id-movies":{"_":"Pel·lícules"},"evme-shortcut-id-music":{"_":"Música"},"evme-shortcut-id-new-apps":{"_":"Noves aplicacions"},"evme-shortcut-id-news":{"_":"Notícies"},"evme-shortcut-id-photography":{"_":"Fotografia"},"evme-shortcut-id-recipes":{"_":"Receptes"},"evme-shortcut-id-restaurants":{"_":"Restaurants"},"evme-shortcut-id-shopping":{"_":"Compres"},"evme-shortcut-id-social":{"_":"Social"},"evme-shortcut-id-sports":{"_":"Esports"},"evme-shortcut-id-tech-news":{"_":"Notícies tecnològiques"},"evme-shortcut-id-top-apps":{"_":"Populars"},"evme-shortcut-id-travel":{"_":"Viatge"},"evme-shortcut-id-tv":{"_":"TV"},"evme-shortcut-id-video":{"_":"Vídeo"},"evme-shortcut-id-utilities":{"_":"Utilitats"},"evme-shortcut-id-weather":{"_":"Temps"},"evme-add-to-top-of-collection":{"_":"Afegeix a l'inici de la col·lecció"},"evme-save-to-homescreen":{"_":"Desa a la pantalla d'inici"},"edit-dialog-header":{"_":"Edita"},"edit-dialog-name":{"_":"Nom del lloc web"},"edit-dialog-url":{"_":"Adreça"},"edit-dialog-cancel":{"_":"Cancel·la"},"edit-dialog-done":{"_":"Fet"},"weekday-0-long":{"_":"diumenge"},"weekday-1-long":{"_":"dilluns"},"weekday-2-long":{"_":"dimarts"},"weekday-3-long":{"_":"dimecres"},"weekday-4-long":{"_":"dijous"},"weekday-5-long":{"_":"divendres"},"weekday-6-long":{"_":"dissabte"},"weekday-0-short":{"_":"dg"},"weekday-1-short":{"_":"dl"},"weekday-2-short":{"_":"dt"},"weekday-3-short":{"_":"dc"},"weekday-4-short":{"_":"dj"},"weekday-5-short":{"_":"dv"},"weekday-6-short":{"_":"ds"},"month-0-long":{"_":"gener"},"month-1-long":{"_":"febrer"},"month-2-long":{"_":"març"},"month-3-long":{"_":"abril"},"month-4-long":{"_":"maig"},"month-5-long":{"_":"juny"},"month-6-long":{"_":"juliol"},"month-7-long":{"_":"agost"},"month-8-long":{"_":"setembre"},"month-9-long":{"_":"octubre"},"month-10-long":{"_":"novembre"},"month-11-long":{"_":"desembre"},"month-0-genitive":{"_":"de gener"},"month-1-genitive":{"_":"de febrer"},"month-2-genitive":{"_":"de març"},"month-3-genitive":{"_":"d'abril"},"month-4-genitive":{"_":"de maig"},"month-5-genitive":{"_":"de juny"},"month-6-genitive":{"_":"de juliol"},"month-7-genitive":{"_":"d'agost"},"month-8-genitive":{"_":"de setembre"},"month-9-genitive":{"_":"d'octubre"},"month-10-genitive":{"_":"de novembre"},"month-11-genitive":{"_":"de desembre"},"month-0-short":{"_":"gen"},"month-1-short":{"_":"febr"},"month-2-short":{"_":"març"},"month-3-short":{"_":"abr"},"month-4-short":{"_":"maig"},"month-5-short":{"_":"juny"},"month-6-short":{"_":"jul"},"month-7-short":{"_":"ag"},"month-8-short":{"_":"set"},"month-9-short":{"_":"oct"},"month-10-short":{"_":"nov"},"month-11-short":{"_":"des"},"minutes-ago-long":{"_":"{[ plural(value) ]}","_[zero]":"ara","_[one]":"fa un minut","_[two]":"fa {{value}} minuts","_[few]":"fa {{value}} minuts","_[many]":"fa {{value}} minuts","_[other]":"fa {{value}} minuts"},"hours-ago-long":{"_":"{[ plural(value) ]}","_[zero]":"ara","_[one]":"fa una hora","_[two]":"fa {{value}} hores","_[few]":"fa {{value}} hores","_[many]":"fa {{value}} hores","_[other]":"fa {{value}} hores"},"days-ago-long":{"_":"{[ plural(value) ]}","_[zero]":"avui","_[one]":"ahir","_[two]":"fa {{value}} dies","_[few]":"fa {{value}} dies","_[many]":"fa {{value}} dies","_[other]":"fa {{value}} dies"},"weeks-ago-long":{"_":"{[ plural(value) ]}","_[zero]":"aquesta setmana","_[one]":"la setmana passada","_[two]":"fa {{value}} setmanes","_[few]":"fa {{value}} setmanes","_[many]":"fa {{value}} setmanes","_[other]":"fa {{value}} setmanes"},"months-ago-long":{"_":"{[ plural(value) ]}","_[zero]":"aquest mes","_[one]":"el mes passat","_[two]":"fa {{value}} mesos","_[few]":"fa {{value}} mesos","_[many]":"fa {{value}} mesos","_[other]":"fa {{value}} mesos"},"years-ago-long":{"_":"{[ plural(value) ]}","_[zero]":"enguany","_[one]":"l'any passat","_[two]":"fa {{value}} anys","_[few]":"fa {{value}} anys","_[many]":"fa {{value}} anys","_[other]":"fa {{value}} anys"},"minutes-until-long":{"_":"{[ plural(value) ]}","_[zero]":"ara","_[one]":"d'aquí un minut","_[two]":"d'aquí {{value}} minuts","_[few]":"d'aquí {{value}} minuts","_[many]":"d'aquí {{value}} minuts","_[other]":"d'aquí {{value}} minuts"},"hours-until-long":{"_":"{[ plural(value) ]}","_[zero]":"ara","_[one]":"d'aquí una hora","_[two]":"d'aquí {{value}} hores","_[few]":"d'aquí {{value}} hores","_[many]":"d'aquí {{value}} hores","_[other]":"d'aquí {{value}} hores"},"days-until-long":{"_":"{[ plural(value) ]}","_[zero]":"avui","_[one]":"demà","_[two]":"d'aquí {{value}} dies","_[few]":"d'aquí {{value}} dies","_[many]":"d'aquí {{value}} dies","_[other]":"d'aquí {{value}} dies"},"weeks-until-long":{"_":"{[ plural(value) ]}","_[zero]":"aquesta setmana","_[one]":"la setmana que ve","_[two]":"d'aquí {{value}} setmanes","_[few]":"d'aquí {{value}} setmanes","_[many]":"d'aquí {{value}} setmanes","_[other]":"d'aquí {{value}} setmanes"},"months-until-long":{"_":"{[ plural(value) ]}","_[zero]":"aquest mes","_[one]":"el mes que ve","_[two]":"d'aquí {{value}} mesos","_[few]":"d'aquí {{value}} mesos","_[many]":"d'aquí {{value}} mesos","_[other]":"d'aquí {{value}} mesos"},"years-until-long":{"_":"{[ plural(value) ]}","_[zero]":"enguany","_[one]":"l'any que ve","_[two]":"d'aquí {{value}} anys","_[few]":"d'aquí {{value}} anys","_[many]":"d'aquí {{value}} anys","_[other]":"d'aquí {{value}} anys"},"minutes-ago-short":{"_":"{[ plural(value) ]}","_[zero]":"ara","_[other]":"fa {{value}} m"},"hours-ago-short":{"_":"{[ plural(value) ]}","_[zero]":"ara","_[other]":"fa {{value}} h"},"days-ago-short":{"_":"{[ plural(value) ]}","_[zero]":"avui","_[other]":"fa {{value}} d"},"minutes-until-short":{"_":"{[ plural(value) ]}","_[zero]":"ara","_[other]":"d'aquí {{value}} m"},"hours-until-short":{"_":"{[ plural(value) ]}","_[zero]":"ara","_[other]":"d'aquí {{value}} h"},"days-until-short":{"_":"{[ plural(value) ]}","_[zero]":"avui","_[other]":"d'aquí {{value}} d"},"incorrectDate":{"_":"(data no vàlida)"},"dateTimeFormat_%c":{"_":"%a %e %Eb, %Y %H:%M:%S"},"dateTimeFormat_%x":{"_":"%d/%m/%Y"},"dateTimeFormat_%X":{"_":"%H:%M:%S"},"shortTimeFormat":{"_":"%H:%M"},"shortDateTimeFormat":{"_":"%x %H:%M"},"weekStartsOnMonday":{"_":"1"},"time_am":{"_":"am"},"time_pm":{"_":"pm"}}