{"Showbiz":{"_":"Showbiz"},"Social":{"_":"Sociální"},"Games":{"_":"Hry"},"Music":{"_":"Hudba"},"add-to-home-screen":{"_":"Přidat na obrazovku"},"add-to-home-screen-header":{"_":"Přidání odkazu"},"website-name":{"_":"Název webu"},"address":{"_":"Adresa"},"added-to-home-screen":{"_":"Přidáno na obrazovku"},"wrapper-search-name":{"_":"{{topic}} v {{name}}"},"contextmenu-add-wallpaper":{"_":"Změna tapety"},"contextmenu-add-smart-collections":{"_":"Přidání chytré sbírky"},"delete-title":{"_":"Smazat {{name}}"},"delete-body":{"_":"Aplikace {{name}} a všechna její data budou smazána."},"delete":{"_":"Smazat"},"cancel":{"_":"Zrušit"},"remove-title-2":{"_":"Odebrání {{name}}"},"remove-body":{"_":"Odebrat web {{name}} z domovské obrazovky?"},"remove":{"_":"Odebrat"},"longDateFormat":{"_":"%A %e. %B "},"download":{"_":"Stáhnout"},"restart-download-title":{"_":"Obnovit stahování"},"restart-download-body":{"_":"Chcete stáhnout aplikaci {{name}}?"},"loadingEvme2":{"_":"Nahrávání…"},"evme-searchbar-default":{"_":"Vše…","placeholder":"Myslím na…"},"evme-searchbar-default2":{"_":"Myslím na…","placeholder":"Myslím na…"},"evme-searchbar-clear":{"_":"Zpět"},"evme-searchbar-title":{"_":"Vše"},"evme-helper-default":{"_":"Vložte téma nebo klíčové slovo"},"evme-helper-default2":{"_":"Vložte téma nebo klíčové slovo"},"evme-helper-dismiss":{"_":"Odmítnout"},"evme-helper-no-refine":{"_":"Nebyly nalezeny žádné možnosti"},"evme-helper-history-title":{"_":"Historie:"},"evme-helper-history-link":{"_":"Historie"},"evme-helper-history-clear":{"_":"Smazat historii"},"evme-helper-didyoumean-title":{"_":"Mysleli jste:"},"evme-helper-refine-title":{"_":"Mysleli jste:"},"evme-helper-title-prefix":{"_":"Vše v"},"evme-helper-title-empty":{"_":"Všechno"},"evme-apps-market-download":{"_":"Stáhnout"},"evme-apps-market-more-apps":{"_":"Více aplikací"},"evme-apps-loading-app":{"_":"Nahrávání…"},"evme-appsmore-loading":{"_":"Nahrávání…"},"evme-alert-app-install-confirm":{"_":"Přidat {{name}} na domovskou obrazovku?"},"evme-alert-app-install-exists":{"_":"Aplikace {{name}} již byla přidána na domovskou obrazovku"},"evme-alert-offline-smart-collections-more":{"_":"Pro přidání více chytrých sbírek se připojte k Internetu"},"evme-alert-save-wallpaper":{"_":"Nastavit jako tapetu?"},"evme-alert-no-more-smart-collections":{"_":"Žádné chytré sbírky k přidání"},"evme-banner-app-install-success":{"_":"{{name}} byl(a) přidána na domovskou obrazovku"},"evme-banner-save-wallpaper":{"_":"Tapeta byla úspěšně nastavena"},"evme-shortcuts-more":{"_":"Více"},"evme-collectionssuggest-loading":{"_":"Nahrávání…"},"evme-collectionssuggest-loading-cancel":{"_":"Zrušit"},"evme-collectionssuggest-prompt-create-custom":{"_":"Vytvořit svou vlastní chytrou sbírku"},"evme-backgroundimage-source-label":{"_":"Zdroj:"},"evme-collection-title-prefix":{"_":"Všechno"},"evme-collection-title-suffix":{"_":"Telefon"},"evme-collection-loading-more":{"_":"Nahrávání…"},"evme-connectionmessage-apps":{"_":"Pro získání aplikace pro „{{query}}“ je nutné se připojit Internetu"},"evme-connectionmessage-apps-has-installed":{"_":"Pro získání dalších aplikací pro „{{query}}“ je nutné se připojit Internetu"},"evme-tips-app-explain":{"innerHTML":"Nalezněte pomocí skvělých aplikací věci, které máte rádi."},"evme-tips-searchbar-focus":{"innerHTML":"Nalezněte například svého oblíbeného zpěváka či skupinu…"},"evme-tips-exact-results":{"innerHTML":"Pro dotaz <b>{{query}} byly nalezeny tyto aplikace</b>,<br /><br /> pro spuštění klepněte na ikonu."},"evme-shortcut-custom":{"_":"Vlastní..."},"evme-shortcut-id-astrology":{"_":"Astrologie"},"evme-shortcut-id-autos":{"_":"Auta"},"evme-shortcut-id-beauty":{"_":"Krása"},"evme-shortcut-id-books":{"_":"Knihy"},"evme-shortcut-id-celebs":{"_":"Celebrity"},"evme-shortcut-id-daily-deals":{"_":"Slevomaty"},"evme-shortcut-id-dating":{"_":"Seznamka"},"evme-shortcut-id-electronics":{"_":"Elektronika"},"evme-shortcut-id-email":{"_":"Pošta"},"evme-shortcut-id-entertainment":{"_":"Zábava"},"evme-shortcut-id-environment":{"_":"Prostředí"},"evme-shortcut-id-fashion":{"_":"Móda"},"evme-shortcut-id-funny":{"_":"Zábava"},"evme-shortcut-id-games":{"_":"Hry"},"evme-shortcut-id-government":{"_":"Stát"},"evme-shortcut-id-health":{"_":"Zdraví"},"evme-shortcut-id-jobs":{"_":"Práce"},"evme-shortcut-id-local":{"_":"Místní"},"evme-shortcut-id-maps":{"_":"Mapy"},"evme-shortcut-id-movies":{"_":"Filmy"},"evme-shortcut-id-music":{"_":"Hudba"},"evme-shortcut-id-new-apps":{"_":"Aplikace"},"evme-shortcut-id-news":{"_":"Novinky"},"evme-shortcut-id-photography":{"_":"Fotografie"},"evme-shortcut-id-recipes":{"_":"Recepty"},"evme-shortcut-id-restaurants":{"_":"Restaurace"},"evme-shortcut-id-shopping":{"_":"Nákup"},"evme-shortcut-id-social":{"_":"Sociální sítě"},"evme-shortcut-id-sports":{"_":"Sport"},"evme-shortcut-id-tech-news":{"_":"Technologie"},"evme-shortcut-id-top-apps":{"_":"Nejlepší aplikace"},"evme-shortcut-id-travel":{"_":"Cestování"},"evme-shortcut-id-tv":{"_":"Televize"},"evme-shortcut-id-video":{"_":"Video"},"evme-shortcut-id-utilities":{"_":"Nástroje"},"evme-shortcut-id-weather":{"_":"Počasí"},"evme-add-to-top-of-collection":{"_":"Přidat navrch sbírky"},"evme-save-to-homescreen":{"_":"Uložit na úvodní obrazovku"},"edit-dialog-header":{"_":"Upravit"},"edit-dialog-name":{"_":"Název webové stránky"},"edit-dialog-url":{"_":"Adresa"},"edit-dialog-cancel":{"_":"Zrušit"},"edit-dialog-done":{"_":"Hotovo"},"weekday-0-long":{"_":"Neděle"},"weekday-1-long":{"_":"Pondělí"},"weekday-2-long":{"_":"Úterý"},"weekday-3-long":{"_":"Středa"},"weekday-4-long":{"_":"Čtvrtek"},"weekday-5-long":{"_":"Pátek"},"weekday-6-long":{"_":"Sobota"},"weekday-0-short":{"_":"Ne"},"weekday-1-short":{"_":"Po"},"weekday-2-short":{"_":"Út"},"weekday-3-short":{"_":"St"},"weekday-4-short":{"_":"Čt"},"weekday-5-short":{"_":"Pá"},"weekday-6-short":{"_":"So"},"month-0-long":{"_":"Leden"},"month-1-long":{"_":"Únor"},"month-2-long":{"_":"Březen"},"month-3-long":{"_":"Duben"},"month-4-long":{"_":"Květen"},"month-5-long":{"_":"Červen"},"month-6-long":{"_":"Červenec"},"month-7-long":{"_":"Srpen"},"month-8-long":{"_":"Září"},"month-9-long":{"_":"Říjen"},"month-10-long":{"_":"Listopad"},"month-11-long":{"_":"Prosinec"},"month-0-genitive":{"_":"Leden"},"month-1-genitive":{"_":"Únor"},"month-2-genitive":{"_":"Březen"},"month-3-genitive":{"_":"Duben"},"month-4-genitive":{"_":"Květen"},"month-5-genitive":{"_":"Červen"},"month-6-genitive":{"_":"Červenec"},"month-7-genitive":{"_":"Srpen"},"month-8-genitive":{"_":"Září"},"month-9-genitive":{"_":"Říjen"},"month-10-genitive":{"_":"Listopad"},"month-11-genitive":{"_":"Prosinec"},"month-0-short":{"_":"leden"},"month-1-short":{"_":"únor"},"month-2-short":{"_":"březen"},"month-3-short":{"_":"duben"},"month-4-short":{"_":"květen"},"month-5-short":{"_":"červen"},"month-6-short":{"_":"červenec"},"month-7-short":{"_":"srpen"},"month-8-short":{"_":"září"},"month-9-short":{"_":"říjen"},"month-10-short":{"_":"listopad"},"month-11-short":{"_":"prosinec"},"minutes-ago-long":{"_":"{[ plural(value) ]}","_[zero]":"právě teď","_[one]":"před minutou","_[two]":"před 2 minutami","_[few]":"před {{value}} minutami","_[many]":"před {{value}} minutami","_[other]":"před {{value}} minutami"},"hours-ago-long":{"_":"{[ plural(value) ]}","_[zero]":"právě teď","_[one]":"před hodinou","_[two]":"před 2 hodinami","_[few]":"před {{value}} hodinami","_[many]":"před {{value}} hodinami","_[other]":"před {{value}} hodinami"},"days-ago-long":{"_":"{[ plural(value) ]}","_[zero]":"dnes","_[one]":"včera","_[two]":"předevčírem","_[few]":"před {{value}} dny","_[many]":"před {{value}} dny","_[other]":"před {{value}} dny"},"weeks-ago-long":{"_":"{[ plural(value) ]}","_[zero]":"tento týden","_[one]":"minutý týden","_[two]":"před {{value}} týdny","_[few]":"před {{value}} týdny","_[many]":"před {{value}} týdny","_[other]":"před {{value}} týdny"},"months-ago-long":{"_":"{[ plural(value) ]}","_[zero]":"tento měsíc","_[one]":"minulý měsíc","_[two]":"před {{value}} měsíci","_[few]":"před {{value}} měsíci","_[many]":"před {{value}} měsíci","_[other]":"před {{value}} měsíci"},"years-ago-long":{"_":"{[ plural(value) ]}","_[zero]":"tento rok","_[one]":"minulý rok","_[two]":"před {{value}} roky","_[few]":"před {{value}} roky","_[many]":"před {{value}} roky","_[other]":"před {{value}} roky"},"minutes-until-long":{"_":"{[ plural(value) ]}","_[zero]":"nyní","_[one]":"za minutu","_[two]":"za 2 minuty","_[few]":"za {{value}} minuty","_[many]":"za {{value}} minut","_[other]":"za {{value}} minut"},"hours-until-long":{"_":"{[ plural(value) ]}","_[zero]":"nyní","_[one]":"za hodinu","_[two]":"za 2 hodiny","_[few]":"za {{value}} hodiny","_[many]":"za {{value}} hodin","_[other]":"za {{value}} hodin"},"days-until-long":{"_":"{[ plural(value) ]}","_[zero]":"dnes","_[one]":"zítra","_[two]":"pozítří","_[few]":"za {{value}} dny","_[many]":"za {{value}} dnů","_[other]":"za {{value}} dnů"},"weeks-until-long":{"_":"{[ plural(value) ]}","_[zero]":"tento týden","_[one]":"příští týden","_[two]":"za {{value}} týdny","_[few]":"za {{value}} týdny","_[many]":"za {{value}} týdnů","_[other]":"za {{value}} týdnů"},"months-until-long":{"_":"{[ plural(value) ]}","_[zero]":"tento měsíc","_[one]":"příští měsíc","_[two]":"za {{value}} měsíce","_[few]":"za {{value}} měsíce","_[many]":"za {{value}} měsíců","_[other]":"za {{value}} měsíců"},"years-until-long":{"_":"{[ plural(value) ]}","_[zero]":"tento rok","_[one]":"příští rok","_[two]":"za {{value}} roky","_[few]":"za {{value}} roky","_[many]":"za {{value}} roků","_[other]":"za {{value}} roků"},"minutes-ago-short":{"_":"{[ plural(value) ]}","_[zero]":"právě teď","_[other]":"před {{value}} min"},"hours-ago-short":{"_":"{[ plural(value) ]}","_[zero]":"právě teď","_[other]":"před {{value}} hod"},"days-ago-short":{"_":"{[ plural(value) ]}","_[zero]":"dnes","_[other]":"před {{value}} dny"},"minutes-until-short":{"_":"{[ plural(value) ]}","_[zero]":"nyní","_[other]":"za {{value}} min"},"hours-until-short":{"_":"{[ plural(value) ]}","_[zero]":"nyní","_[other]":"za {{value}} hod"},"days-until-short":{"_":"{[ plural(value) ]}","_[zero]":"dnes","_[other]":"za {{value}} dny"},"incorrectDate":{"_":"(neplatné datum)"},"dateTimeFormat_%c":{"_":"%a %e. %b %Y %H:%M:%S"},"dateTimeFormat_%x":{"_":"%e. %m. %Y"},"dateTimeFormat_%X":{"_":"%H:%M:%S"},"shortTimeFormat":{"_":"%H:%M"},"shortDateTimeFormat":{"_":"%x %H:%M"},"weekStartsOnMonday":{"_":"1"},"time_am":{"_":"AM"},"time_pm":{"_":"PM"}}