{"Showbiz":{"_":"Showbiz"},"Social":{"_":"Social"},"Games":{"_":"Spil"},"Music":{"_":"Musik"},"add-to-home-screen":{"_":"Add to Home Screen"},"add-to-home-screen-header":{"_":"Add link"},"website-name":{"_":"Website name"},"address":{"_":"Address"},"added-to-home-screen":{"_":"Added to Home Screen"},"wrapper-search-name":{"_":"{{topic}} på {{name}}"},"contextmenu-add-wallpaper":{"_":"Skift baggrund"},"contextmenu-add-smart-collections":{"_":"Tilføj smarte samlinger"},"delete-title":{"_":"Slet {{name}}"},"delete-body":{"_":"{{name}} og alle app'ens data vil blive slettet."},"delete":{"_":"Slet"},"cancel":{"_":"Annuller"},"remove-title-2":{"_":"Fjern {{name}}"},"remove-body":{"_":"Fjern {{name}} fra startskærmen?"},"remove":{"_":"Fjern"},"longDateFormat":{"_":"%A d. %e. %B"},"download":{"_":"Hent"},"restart-download-title":{"_":"Genstart hentning"},"restart-download-body":{"_":"Vil du hente {{name}}?"},"loadingEvme2":{"_":"Indlæser…"},"evme-searchbar-default":{"_":"Alle…","placeholder":"Søg i alle…"},"evme-searchbar-default2":{"_":"Søg i alle…","placeholder":"Søg i alle…"},"evme-searchbar-clear":{"_":"Tilbage"},"evme-searchbar-title":{"_":"Alle"},"evme-helper-default":{"_":"Indtast et emne eller en søgeterm"},"evme-helper-default2":{"_":"Indtast et emne eller en søgeterm"},"evme-helper-dismiss":{"_":"Slå fra"},"evme-helper-no-refine":{"_":"Ingen indstillinger"},"evme-helper-history-title":{"_":"Historik:"},"evme-helper-history-link":{"_":"Historik"},"evme-helper-history-clear":{"_":"Ryd historik"},"evme-helper-didyoumean-title":{"_":"Mente du:"},"evme-helper-refine-title":{"_":"Mente du:"},"evme-helper-title-prefix":{"_":"Alle"},"evme-helper-title-empty":{"_":"Alt"},"evme-apps-market-download":{"_":"Hent"},"evme-apps-market-more-apps":{"_":"Flere apps"},"evme-apps-loading-app":{"_":"Indlæser…"},"evme-appsmore-loading":{"_":"Indlæser…"},"evme-alert-app-install-confirm":{"_":"Føj {{name}} til startskærmen?"},"evme-alert-app-install-exists":{"_":"{{name}} er allerede føjet til startskærmen"},"evme-alert-offline-smart-collections-more":{"_":"Forbind til internettet for at tilføje flere smarte samlinger"},"evme-alert-save-wallpaper":{"_":"Brug som baggrundsbillede?"},"evme-alert-no-more-smart-collections":{"_":"Ingen smarte samlinger at tilføje"},"evme-banner-app-install-success":{"_":"{{name}} er føjet til startskærmen"},"evme-banner-save-wallpaper":{"_":"Baggrundsbillede opdateret"},"evme-shortcuts-more":{"_":"Flere"},"evme-collectionssuggest-loading":{"_":"Indlæser…"},"evme-collectionssuggest-loading-cancel":{"_":"Annuller"},"evme-collectionssuggest-prompt-create-custom":{"_":"Opret din egen smarte samling"},"evme-backgroundimage-source-label":{"_":"Kilde:"},"evme-collection-title-prefix":{"_":"Alle"},"evme-collection-title-suffix":{"_":"Telefon"},"evme-collection-loading-more":{"_":"Indlæser…"},"evme-connectionmessage-apps":{"_":"Søgeterm: {{query}}. Forbind til internettet for at finde apps"},"evme-connectionmessage-apps-has-installed":{"_":"Søgeterm: {{query}}. Forbind til internettet for at finde flere apps"},"evme-tips-app-explain":{"innerHTML":"Find ting af interesse med de bedste apps."},"evme-tips-searchbar-focus":{"innerHTML":"Find fx din yndlingssanger eller band…"},"evme-tips-exact-results":{"innerHTML":"Disse apps er til <b>{{query}}</b>,<br /><br /> tryk på en ikon for at åbne app'en."},"evme-shortcut-custom":{"_":"Brugerdefineret..."},"evme-shortcut-id-astrology":{"_":"Astrologi"},"evme-shortcut-id-autos":{"_":"Biler"},"evme-shortcut-id-beauty":{"_":"Skønhed"},"evme-shortcut-id-books":{"_":"Bøger"},"evme-shortcut-id-celebs":{"_":"Kendte"},"evme-shortcut-id-daily-deals":{"_":"Daglige tilbud"},"evme-shortcut-id-dating":{"_":"Dating"},"evme-shortcut-id-electronics":{"_":"Elektronik"},"evme-shortcut-id-email":{"_":"Mail"},"evme-shortcut-id-entertainment":{"_":"Underholdning"},"evme-shortcut-id-environment":{"_":"Miljø"},"evme-shortcut-id-fashion":{"_":"Mode"},"evme-shortcut-id-funny":{"_":"Sjovt"},"evme-shortcut-id-games":{"_":"Spil"},"evme-shortcut-id-government":{"_":"Myndigheder"},"evme-shortcut-id-health":{"_":"Helbred"},"evme-shortcut-id-jobs":{"_":"Arbejde"},"evme-shortcut-id-local":{"_":"Lokal"},"evme-shortcut-id-maps":{"_":"Kort"},"evme-shortcut-id-movies":{"_":"Film"},"evme-shortcut-id-music":{"_":"Musik"},"evme-shortcut-id-new-apps":{"_":"Nye apps"},"evme-shortcut-id-news":{"_":"Nyheder"},"evme-shortcut-id-photography":{"_":"Fotografering"},"evme-shortcut-id-recipes":{"_":"Opskrifter"},"evme-shortcut-id-restaurants":{"_":"Restauranter"},"evme-shortcut-id-shopping":{"_":"Indkøb"},"evme-shortcut-id-social":{"_":"Social"},"evme-shortcut-id-sports":{"_":"Sport"},"evme-shortcut-id-tech-news":{"_":"Teknologiske nyheder"},"evme-shortcut-id-top-apps":{"_":"Mest populære apps"},"evme-shortcut-id-travel":{"_":"Rejse"},"evme-shortcut-id-tv":{"_":"TV"},"evme-shortcut-id-video":{"_":"Video"},"evme-shortcut-id-utilities":{"_":"Hjælpeprogrammer"},"evme-shortcut-id-weather":{"_":"Vejr"},"evme-add-to-top-of-collection":{"_":"Tilføj øverst i samlingen"},"evme-save-to-homescreen":{"_":"Gem på startskærm"},"edit-dialog-header":{"_":"Rediger"},"edit-dialog-name":{"_":"Webstedets navn"},"edit-dialog-url":{"_":"Adresse"},"edit-dialog-cancel":{"_":"Annuller"},"edit-dialog-done":{"_":"Færdig"},"weekday-0-long":{"_":"Søndag"},"weekday-1-long":{"_":"Mandag"},"weekday-2-long":{"_":"Tirsdag"},"weekday-3-long":{"_":"Onsdag"},"weekday-4-long":{"_":"Torsdag"},"weekday-5-long":{"_":"Fredag"},"weekday-6-long":{"_":"Lørdag"},"weekday-0-short":{"_":"Søn"},"weekday-1-short":{"_":"Man"},"weekday-2-short":{"_":"Tir"},"weekday-3-short":{"_":"Ons"},"weekday-4-short":{"_":"Tor"},"weekday-5-short":{"_":"Fre"},"weekday-6-short":{"_":"Lør"},"month-0-long":{"_":"Januar"},"month-1-long":{"_":"Februar"},"month-2-long":{"_":"Marts"},"month-3-long":{"_":"April"},"month-4-long":{"_":"Maj"},"month-5-long":{"_":"Juni"},"month-6-long":{"_":"Juli"},"month-7-long":{"_":"August"},"month-8-long":{"_":"September"},"month-9-long":{"_":"Oktober"},"month-10-long":{"_":"November"},"month-11-long":{"_":"December"},"month-0-genitive":{"_":"januar"},"month-1-genitive":{"_":"februar"},"month-2-genitive":{"_":"marts"},"month-3-genitive":{"_":"april"},"month-4-genitive":{"_":"maj"},"month-5-genitive":{"_":"juni"},"month-6-genitive":{"_":"juli"},"month-7-genitive":{"_":"august"},"month-8-genitive":{"_":"september"},"month-9-genitive":{"_":"oktober"},"month-10-genitive":{"_":"november"},"month-11-genitive":{"_":"december"},"month-0-short":{"_":"Jan"},"month-1-short":{"_":"Feb"},"month-2-short":{"_":"Mar"},"month-3-short":{"_":"Apr"},"month-4-short":{"_":"Maj"},"month-5-short":{"_":"Jun"},"month-6-short":{"_":"Jul"},"month-7-short":{"_":"Aug"},"month-8-short":{"_":"Sep"},"month-9-short":{"_":"Okt"},"month-10-short":{"_":"Nov"},"month-11-short":{"_":"Dec"},"minutes-ago-long":{"_":"{[ plural(value) ]}","_[zero]":"nu","_[one]":"for et minut siden","_[two]":"for {{value}} minutter siden","_[few]":"for {{value}} minutter siden","_[many]":"for {{value}} minutter siden","_[other]":"for {{value}} minutter siden"},"hours-ago-long":{"_":"{[ plural(value) ]}","_[zero]":"nu","_[one]":"for en time siden","_[two]":"for {{value}} timer siden","_[few]":"for {{value}} timer siden","_[many]":"for {{value}} timer siden","_[other]":"for {{value}} timer siden"},"days-ago-long":{"_":"{[ plural(value) ]}","_[zero]":"i dag","_[one]":"i går","_[two]":"for {{value}} dage siden","_[few]":"for {{value}} dage siden","_[many]":"for {{value}} dage siden","_[other]":"for {{value}} dage siden"},"weeks-ago-long":{"_":"{[ plural(value) ]}","_[zero]":"denne uge","_[one]":"sidste uge","_[two]":"for {{value}} uger siden","_[few]":"for {{value}} uger siden","_[many]":"for {{value}} uger siden","_[other]":"for {{value}} uger siden"},"months-ago-long":{"_":"{[ plural(value) ]}","_[zero]":"denne måned","_[one]":"sidste måned","_[two]":"for {{value}} måneder siden","_[few]":"for {{value}} måneder siden","_[many]":"for {{value}} måneder siden","_[other]":"for {{value}} måneder siden"},"years-ago-long":{"_":"{[ plural(value) ]}","_[zero]":"dette år","_[one]":"sidste år","_[two]":"for {{value}} år siden","_[few]":"for {{value}} år siden","_[many]":"for {{value}} år siden","_[other]":"for {{value}} år siden"},"minutes-until-long":{"_":"{[ plural(value) ]}","_[zero]":"nu","_[one]":"om et minut","_[two]":"om {{value}} minutter","_[few]":"om {{value}} minutter","_[many]":"om {{value}} minutter","_[other]":"om {{value}} minutter"},"hours-until-long":{"_":"{[ plural(value) ]}","_[zero]":"nu","_[one]":"om en time","_[two]":"om {{value}} timer","_[few]":"om {{value}} timer","_[many]":"om {{value}} timer","_[other]":"om {{value}} timer"},"days-until-long":{"_":"{[ plural(value) ]}","_[zero]":"i dag","_[one]":"i morgen","_[two]":"om {{value}} dage","_[few]":"om {{value}} dage","_[many]":"om {{value}} dage","_[other]":"om {{value}} dage"},"weeks-until-long":{"_":"{[ plural(value) ]}","_[zero]":"denne uge","_[one]":"næste uge","_[two]":"om {{value}} uger","_[few]":"om {{value}} uger","_[many]":"om {{value}} uger","_[other]":"om {{value}} uger"},"months-until-long":{"_":"{[ plural(value) ]}","_[zero]":"denne måned","_[one]":"næste måned","_[two]":"om {{value}} måneder","_[few]":"om {{value}} måneder","_[many]":"om {{value}} måneder","_[other]":"om {{value}} måneder"},"years-until-long":{"_":"{[ plural(value) ]}","_[zero]":"i år","_[one]":"næste år","_[two]":"om {{value}} år","_[few]":"om {{value}} år","_[many]":"om {{value}} år","_[other]":"om {{value}} år"},"minutes-ago-short":{"_":"{[ plural(value) ]}","_[zero]":"nu","_[other]":"{{value}}m siden"},"hours-ago-short":{"_":"{[ plural(value) ]}","_[zero]":"nu","_[other]":"{{value}}t siden"},"days-ago-short":{"_":"{[ plural(value) ]}","_[zero]":"i dag","_[other]":"{{value}}d siden"},"minutes-until-short":{"_":"{[ plural(value) ]}","_[zero]":"nu","_[other]":"om {{value}}m"},"hours-until-short":{"_":"{[ plural(value) ]}","_[zero]":"nu","_[other]":"om {{value}}t"},"days-until-short":{"_":"{[ plural(value) ]}","_[zero]":"i dag","_[other]":"om {{value}}d"},"incorrectDate":{"_":"(forkert dato)"},"dateTimeFormat_%c":{"_":"%a d. %e. %b %Y %H:%M:%S"},"dateTimeFormat_%x":{"_":"%d-%m-%Y"},"dateTimeFormat_%X":{"_":"%H:%M:%S"},"shortTimeFormat":{"_":"%H:%M"},"shortDateTimeFormat":{"_":"%x %H:%M"},"weekStartsOnMonday":{"_":"1"},"time_am":{"_":"AM"},"time_pm":{"_":"PM"}}