{"Showbiz":{"_":"Showbiz"},"Social":{"_":"Sozial"},"Games":{"_":"Spiele"},"Music":{"_":"Musik"},"add-to-home-screen":{"_":"Add to Home Screen"},"add-to-home-screen-header":{"_":"Add link"},"website-name":{"_":"Website name"},"address":{"_":"Address"},"added-to-home-screen":{"_":"Added to Home Screen"},"wrapper-search-name":{"_":"{{topic}} auf {{name}}"},"contextmenu-add-wallpaper":{"_":"Hintergrund ändern"},"contextmenu-add-smart-collections":{"_":"Intelligente Sammlung hinzufügen"},"delete-title":{"_":"{{name}} deinstallieren"},"delete-body":{"_":"{{name}} und seine Daten werden gelöscht."},"delete":{"_":"Löschen"},"cancel":{"_":"Abbrechen"},"remove-title-2":{"_":"{{name}} entfernen"},"remove-body":{"_":"{{name}} vom Startbildschirm entfernen?"},"remove":{"_":"Entfernen"},"longDateFormat":{"_":"%A, %e. %B"},"download":{"_":"Herunterladen"},"restart-download-title":{"_":"Download neu starten"},"restart-download-body":{"_":"Soll {{name}} heruntergeladen werden?"},"loadingEvme2":{"_":"Wird geladen…"},"evme-searchbar-default":{"_":"Everything…","placeholder":"Ich suche nach…"},"evme-searchbar-default2":{"_":"Ich suche nach…","placeholder":"Ich suche nach…"},"evme-searchbar-clear":{"_":"Zurück"},"evme-searchbar-title":{"_":"Everything"},"evme-helper-default":{"_":"Thema oder Suchanfrage eingeben"},"evme-helper-default2":{"_":"Thema oder Stichwort eingeben"},"evme-helper-dismiss":{"_":"Ignorieren"},"evme-helper-no-refine":{"_":"Keine Vorschläge gefunden"},"evme-helper-history-title":{"_":"Chronik:"},"evme-helper-history-link":{"_":"Chronik"},"evme-helper-history-clear":{"_":"Chronik löschen"},"evme-helper-didyoumean-title":{"_":"Meinten Sie:"},"evme-helper-refine-title":{"_":"Meinten Sie:"},"evme-helper-title-prefix":{"_":"Everything"},"evme-helper-title-empty":{"_":"Everything"},"evme-apps-market-download":{"_":"Herunterladen"},"evme-apps-market-more-apps":{"_":"Mehr Apps"},"evme-apps-loading-app":{"_":"Wird geladen…"},"evme-appsmore-loading":{"_":"Wird geladen…"},"evme-alert-app-install-confirm":{"_":"{{name}} zum Startbildschirm hinzufügen?"},"evme-alert-app-install-exists":{"_":"{{name}} wurde bereits zum Startbildschirm hinzugefügt"},"evme-alert-offline-smart-collections-more":{"_":"Stellen Sie eine Internetverbindung her, um mehr Intelligente Sammlungen anzuzeigen."},"evme-alert-save-wallpaper":{"_":"Als Hintergrundbild verwenden?"},"evme-alert-no-more-smart-collections":{"_":"Keine weiteren Intelligenten Sammlungen zum Hinzufügen"},"evme-banner-app-install-success":{"_":"{{name}} wurde zum Startbildschirm hinzugefügt"},"evme-banner-save-wallpaper":{"_":"Hintergrundbild erfolgreich übernommen"},"evme-shortcuts-more":{"_":"Mehr"},"evme-collectionssuggest-loading":{"_":"Wird geladen…"},"evme-collectionssuggest-loading-cancel":{"_":"Abbrechen"},"evme-collectionssuggest-prompt-create-custom":{"_":"Erstellen Sie Ihre eigene Intelligente Sammlung"},"evme-backgroundimage-source-label":{"_":"Quelle:"},"evme-collection-title-prefix":{"_":"Everything"},"evme-collection-title-suffix":{"_":"Handy"},"evme-collection-loading-more":{"_":"Wird geladen…"},"evme-connectionmessage-apps":{"_":"Stellen Sie eine Internetverbindung her, um Apps für {{query}} zu erhalten."},"evme-connectionmessage-apps-has-installed":{"_":"Stellen Sie eine Internetverbindung her, um noch mehr Apps für {{query}} zu erhalten."},"evme-tips-app-explain":{"innerHTML":"Finden Sie mit den coolsten Apps die Dinge, die Sie am meisten mögen."},"evme-tips-searchbar-focus":{"innerHTML":"Finden Sie zum Beispiel Ihren Lieblingssänger oder Ihre Lieblingsband…"},"evme-tips-exact-results":{"innerHTML":"Das sind die Apps für <b>{{query}}</b>,<br /><br /> klicken Sie auf ein Symbol, um sie zu öffnen."},"evme-shortcut-custom":{"_":"Eigene…"},"evme-shortcut-id-astrology":{"_":"Astrologie"},"evme-shortcut-id-autos":{"_":"Autos"},"evme-shortcut-id-beauty":{"_":"Aussehen"},"evme-shortcut-id-books":{"_":"Bücher"},"evme-shortcut-id-celebs":{"_":"Promis"},"evme-shortcut-id-daily-deals":{"_":"Tägliche Angebote"},"evme-shortcut-id-dating":{"_":"Partnersuche"},"evme-shortcut-id-electronics":{"_":"Elektronik"},"evme-shortcut-id-email":{"_":"E-Mail"},"evme-shortcut-id-entertainment":{"_":"Unterhaltung"},"evme-shortcut-id-environment":{"_":"Umwelt"},"evme-shortcut-id-fashion":{"_":"Mode"},"evme-shortcut-id-funny":{"_":"Spaß"},"evme-shortcut-id-games":{"_":"Spiele"},"evme-shortcut-id-government":{"_":"Staat"},"evme-shortcut-id-health":{"_":"Gesundheit"},"evme-shortcut-id-jobs":{"_":"Jobs"},"evme-shortcut-id-local":{"_":"Lokal"},"evme-shortcut-id-maps":{"_":"Karten"},"evme-shortcut-id-movies":{"_":"Filme"},"evme-shortcut-id-music":{"_":"Musik"},"evme-shortcut-id-new-apps":{"_":"Neue Apps"},"evme-shortcut-id-news":{"_":"Nachrichten"},"evme-shortcut-id-photography":{"_":"Fotografie"},"evme-shortcut-id-recipes":{"_":"Rezepte"},"evme-shortcut-id-restaurants":{"_":"Restaurants"},"evme-shortcut-id-shopping":{"_":"Einkaufen"},"evme-shortcut-id-social":{"_":"Sozial"},"evme-shortcut-id-sports":{"_":"Sport"},"evme-shortcut-id-tech-news":{"_":"Technik Nachrichten"},"evme-shortcut-id-top-apps":{"_":"Top-Apps"},"evme-shortcut-id-travel":{"_":"Reisen"},"evme-shortcut-id-tv":{"_":"TV"},"evme-shortcut-id-video":{"_":"Video"},"evme-shortcut-id-utilities":{"_":"Werkzeuge"},"evme-shortcut-id-weather":{"_":"Wetter"},"evme-add-to-top-of-collection":{"_":"An Anfang der Sammlung verschieben"},"evme-save-to-homescreen":{"_":"Zu Startbildschirm hinzufügen"},"edit-dialog-header":{"_":"Bearbeiten"},"edit-dialog-name":{"_":"Webseitenname"},"edit-dialog-url":{"_":"Adresse"},"edit-dialog-cancel":{"_":"Abbrechen"},"edit-dialog-done":{"_":"Fertig"},"weekday-0-long":{"_":"Sonntag"},"weekday-1-long":{"_":"Montag"},"weekday-2-long":{"_":"Dienstag"},"weekday-3-long":{"_":"Mittwoch"},"weekday-4-long":{"_":"Donnerstag"},"weekday-5-long":{"_":"Freitag"},"weekday-6-long":{"_":"Samstag"},"weekday-0-short":{"_":"So"},"weekday-1-short":{"_":"Mo"},"weekday-2-short":{"_":"Di"},"weekday-3-short":{"_":"Mi"},"weekday-4-short":{"_":"Do"},"weekday-5-short":{"_":"Fr"},"weekday-6-short":{"_":"Sa"},"month-0-long":{"_":"Januar"},"month-1-long":{"_":"Februar"},"month-2-long":{"_":"März"},"month-3-long":{"_":"April"},"month-4-long":{"_":"Mai"},"month-5-long":{"_":"Juni"},"month-6-long":{"_":"Juli"},"month-7-long":{"_":"August"},"month-8-long":{"_":"September"},"month-9-long":{"_":"Oktober"},"month-10-long":{"_":"November"},"month-11-long":{"_":"Dezember"},"month-0-genitive":{"_":"Januar"},"month-1-genitive":{"_":"Februar"},"month-2-genitive":{"_":"März"},"month-3-genitive":{"_":"April"},"month-4-genitive":{"_":"Mai"},"month-5-genitive":{"_":"Juni"},"month-6-genitive":{"_":"Juli"},"month-7-genitive":{"_":"August"},"month-8-genitive":{"_":"September"},"month-9-genitive":{"_":"Oktober"},"month-10-genitive":{"_":"November"},"month-11-genitive":{"_":"Dezember"},"month-0-short":{"_":"Jan"},"month-1-short":{"_":"Feb"},"month-2-short":{"_":"Mär"},"month-3-short":{"_":"Apr"},"month-4-short":{"_":"Mai"},"month-5-short":{"_":"Jun"},"month-6-short":{"_":"Jul"},"month-7-short":{"_":"Aug"},"month-8-short":{"_":"Sep"},"month-9-short":{"_":"Okt"},"month-10-short":{"_":"Nov"},"month-11-short":{"_":"Dez"},"minutes-ago-long":{"_":"{[ plural(value) ]}","_[zero]":"gerade eben","_[one]":"vor 1 Minute","_[two]":"vor {{value}} Minuten","_[few]":"vor {{value}} Minuten","_[many]":"vor {{value}} Minuten","_[other]":"vor {{value}} Minuten"},"hours-ago-long":{"_":"{[ plural(value) ]}","_[zero]":"gerade eben","_[one]":"vor 1 Stunde","_[two]":"vor {{value}} Stunden","_[few]":"vor {{value}} Stunden","_[many]":"vor {{value}} Stunden","_[other]":"vor {{value}} Stunden"},"days-ago-long":{"_":"{[ plural(value) ]}","_[zero]":"heute","_[one]":"gestern","_[two]":"vor {{value}} Tagen","_[few]":"vor {{value}} Tagen","_[many]":"vor {{value}} Tagen","_[other]":"vor {{value}} Tagen"},"weeks-ago-long":{"_":"{[ plural(value) ]}","_[zero]":"diese Woche","_[one]":"letzte Woche","_[two]":"vor {{value}} Wochen","_[few]":"vor {{value}} Wochen","_[many]":"vor {{value}} Wochen","_[other]":"vor {{value}} Wochen"},"months-ago-long":{"_":"{[ plural(value) ]}","_[zero]":"diesen Monat","_[one]":"letzten Monat","_[two]":"vor {{value}} Monaten","_[few]":"vor {{value}} Monaten","_[many]":"vor {{value}} Monaten","_[other]":"vor {{value}} Monaten"},"years-ago-long":{"_":"{[ plural(value) ]}","_[zero]":"dieses Jahr","_[one]":"letztes Jahr","_[two]":"vor {{value}} Jahren","_[few]":"vor {{value}} Jahren","_[many]":"vor {{value}} Jahren","_[other]":"vor {{value}} Jahren"},"minutes-until-long":{"_":"{[ plural(value) ]}","_[zero]":"jetzt","_[one]":"in 1 Minute","_[two]":"in {{value}} Minuten","_[few]":"in {{value}} Minuten","_[many]":"in {{value}} Minuten","_[other]":"in {{value}} Minuten"},"hours-until-long":{"_":"{[ plural(value) ]}","_[zero]":"jetzt","_[one]":"in einer Stunde","_[two]":"in {{value}} Stunden","_[few]":"in {{value}} Stunden","_[many]":"in {{value}} Stunden","_[other]":"in {{value}} Stunden"},"days-until-long":{"_":"{[ plural(value) ]}","_[zero]":"heute","_[one]":"morgen","_[two]":"in {{value}} Tagen","_[few]":"in {{value}} Tagen","_[many]":"in {{value}} Tagen","_[other]":"in {{value}} Tagen"},"weeks-until-long":{"_":"{[ plural(value) ]}","_[zero]":"diese Woche","_[one]":"nächste Woche","_[two]":"in {{value}} Wochen","_[few]":"in {{value}} Wochen","_[many]":"in {{value}} Wochen","_[other]":"in {{value}} Wochen"},"months-until-long":{"_":"{[ plural(value) ]}","_[zero]":"diesen Monat","_[one]":"nächsten Monat","_[two]":"in {{value}} Monaten","_[few]":"in {{value}} Monaten","_[many]":"in {{value}} Monaten","_[other]":"in {{value}} Monaten"},"years-until-long":{"_":"{[ plural(value) ]}","_[zero]":"dieses Jahr","_[one]":"nächstes Jahr","_[two]":"in {{value}} Jahren","_[few]":"in {{value}} Jahren","_[many]":"in {{value}} Jahren","_[other]":"in {{value}} Jahren"},"minutes-ago-short":{"_":"{[ plural(value) ]}","_[zero]":"jetzt","_[other]":"vor {{value}} m"},"hours-ago-short":{"_":"{[ plural(value) ]}","_[zero]":"jetzt","_[other]":"vor {{value}} h"},"days-ago-short":{"_":"{[ plural(value) ]}","_[zero]":"heute","_[other]":"vor {{value}} d"},"minutes-until-short":{"_":"{[ plural(value) ]}","_[zero]":"jetzt","_[other]":"in {{value}} m"},"hours-until-short":{"_":"{[ plural(value) ]}","_[zero]":"jetzt","_[other]":"in {{value}} h"},"days-until-short":{"_":"{[ plural(value) ]}","_[zero]":"heute","_[other]":"in {{value}} d"},"incorrectDate":{"_":"(ungültiges Datum)"},"dateTimeFormat_%c":{"_":"%a, %e. %b %Y %H:%M:%S"},"dateTimeFormat_%x":{"_":"%d.%m.%Y"},"dateTimeFormat_%X":{"_":"%H:%M:%S"},"shortTimeFormat":{"_":"%H:%M"},"shortDateTimeFormat":{"_":"%x %H:%M"},"weekStartsOnMonday":{"_":"1"},"time_am":{"_":"AM"},"time_pm":{"_":"PM"}}