{"Showbiz":{"_":"Showbiz"},"Social":{"_":"Επικοινωνία"},"Games":{"_":"Παιχνίδια"},"Music":{"_":"Μουσική"},"add-to-home-screen":{"_":"Προσθήκη στην αρχική οθόνη"},"add-to-home-screen-header":{"_":"Προσθήκη συνδέσμου"},"website-name":{"_":"Ονομα ιστοσελιδας"},"address":{"_":"Διευθυνση"},"added-to-home-screen":{"_":"Προστέθηκε στην Αρχική Οθόνη"},"wrapper-search-name":{"_":"{{topic}} στο {{name}}"},"contextmenu-add-wallpaper":{"_":"Αλλαγή ταπετσαρίας"},"contextmenu-add-smart-collections":{"_":"Προσθήκη έξυπνων συλλογών"},"delete-title":{"_":"Διαγραφή εφαρμογής"},"delete-body":{"_":"Η εφαρμογή «{{name}}» και όλα της τα δεδομένα θα διαγραφούν."},"delete":{"_":"Διαγραφή"},"cancel":{"_":"Ακύρωση"},"remove-title-2":{"_":"Αφαίρεση συνδέσμου"},"remove-body":{"_":"Αφαίρεση του συνδέσμου «{{name}}» από την αρχική οθόνη;"},"remove":{"_":"Αφαίρεση"},"longDateFormat":{"_":"%A, %e %Eb %Y"},"download":{"_":"Λήψη"},"restart-download-title":{"_":"Επανεκκίνηση λήψης"},"restart-download-body":{"_":"Επιθυμείτε να κατεβάσετε το {{name}};"},"loadingEvme2":{"_":"Φόρτωση…"},"evme-searchbar-default":{"_":"Τα πάντα για…","placeholder":"Ψάχνω για…"},"evme-searchbar-default2":{"_":"Ψάχνω για…","placeholder":"Ψάχνω για… "},"evme-searchbar-clear":{"_":"Πίσω"},"evme-searchbar-title":{"_":"Τα πάντα για"},"evme-helper-default":{"_":"Εισάγετε θέμα ή ερώτημα αναζήτησης"},"evme-helper-default2":{"_":"Εισάγετε θέμα ή λέξη κλειδί"},"evme-helper-dismiss":{"_":"Απόρριψη"},"evme-helper-no-refine":{"_":"Δεν βρέθηκαν επιλογές"},"evme-helper-history-title":{"_":"Ιστορικό:"},"evme-helper-history-link":{"_":"Ιστορικό"},"evme-helper-history-clear":{"_":"Εκκαθάριση ιστορικού"},"evme-helper-didyoumean-title":{"_":"Μήπως εννοείτε:"},"evme-helper-refine-title":{"_":"Μήπως εννοείτε:"},"evme-helper-title-prefix":{"_":"Τα πάντα:"},"evme-helper-title-empty":{"_":"Τα πάντα:"},"evme-apps-market-download":{"_":"Λήψη"},"evme-apps-market-more-apps":{"_":"Περισσότερες εφαρμογές"},"evme-apps-loading-app":{"_":"Φόρτωση…"},"evme-appsmore-loading":{"_":"Φόρτωση…"},"evme-alert-app-install-confirm":{"_":"Προσθήκη {{name}} στην αρχική οθόνη;"},"evme-alert-app-install-exists":{"_":"Η εφαρμογή {{name}} έχει ήδη προστεθεί στην αρχική οθόνη"},"evme-alert-offline-smart-collections-more":{"_":"Συνδεθείτε στο διαδίκτυο για να προσθέσετε περισσότερες έξυπνες συλλογές"},"evme-alert-save-wallpaper":{"_":"Ορισμός ως ταπετσαρία"},"evme-alert-no-more-smart-collections":{"_":"Δεν υπάρχουν έξυπνες συλλογές για προσθήκη"},"evme-banner-app-install-success":{"_":"Το {{name}} προστέθηκε στην αρχική οθόνη"},"evme-banner-save-wallpaper":{"_":"Η ταπετσαρία ορίστηκε επιτυχώς"},"evme-shortcuts-more":{"_":"Περισσότερα"},"evme-collectionssuggest-loading":{"_":"Φόρτωση…"},"evme-collectionssuggest-loading-cancel":{"_":"Ακύρωση"},"evme-collectionssuggest-prompt-create-custom":{"_":"Δημιουργήστε τη δική σας έξυπνη συλλογή"},"evme-backgroundimage-source-label":{"_":"Προέλευση:"},"evme-collection-title-prefix":{"_":"Τα πάντα:"},"evme-collection-title-suffix":{"_":"Τηλέφωνο"},"evme-collection-loading-more":{"_":"Φόρτωση…"},"evme-connectionmessage-apps":{"_":"Συνδεθείτε στο διαδίκτυο για να λάβετε εφαρμογές για «{{query}}»"},"evme-connectionmessage-apps-has-installed":{"_":"Συνδεθείτε στο διαδίκτυο για να λάβετε περισσότερες εφαρμογές για «{{query}}»"},"evme-tips-app-explain":{"innerHTML":"Βρείτε πράγματα που σας αρέσουν με τις καλύτερες εφαρμογές."},"evme-tips-searchbar-focus":{"innerHTML":"Για παράδειγμα, αναζητήστε τον αγαπημένο σας καλλιτέχνη ή συγκρότημα…"},"evme-tips-exact-results":{"innerHTML":"Αυτές είναι οι εφαρμογές για <b>{{query}}</b>,<br /><br /> πατήστε ένα εικονίδιο για να το ανοίξετε."},"evme-shortcut-custom":{"_":"Προσαρμοσμένο..."},"evme-shortcut-id-astrology":{"_":"Αστρολογία"},"evme-shortcut-id-autos":{"_":"Αυτοκίνητα"},"evme-shortcut-id-beauty":{"_":"Ομορφιά"},"evme-shortcut-id-books":{"_":"Βιβλία"},"evme-shortcut-id-celebs":{"_":"Διασημότητες"},"evme-shortcut-id-daily-deals":{"_":"Προσφορές"},"evme-shortcut-id-dating":{"_":"Ραντεβού"},"evme-shortcut-id-electronics":{"_":"Ηλεκτρονικά"},"evme-shortcut-id-email":{"_":"Ηλ. Ταχυδρομείο"},"evme-shortcut-id-entertainment":{"_":"Διασκέδαση"},"evme-shortcut-id-environment":{"_":"Περιβάλλον"},"evme-shortcut-id-fashion":{"_":"Μόδα"},"evme-shortcut-id-funny":{"_":"Αστεία"},"evme-shortcut-id-games":{"_":"Παιχνίδια"},"evme-shortcut-id-government":{"_":"Κυβέρνηση"},"evme-shortcut-id-health":{"_":"Υγεία"},"evme-shortcut-id-jobs":{"_":"Δουλειές"},"evme-shortcut-id-local":{"_":"Τοπικά"},"evme-shortcut-id-maps":{"_":"Χάρτες"},"evme-shortcut-id-movies":{"_":"Ταινίες"},"evme-shortcut-id-music":{"_":"Μουσική"},"evme-shortcut-id-new-apps":{"_":"Νέες εφαρμογές"},"evme-shortcut-id-news":{"_":"Ειδήσεις"},"evme-shortcut-id-photography":{"_":"Φωτογραφία"},"evme-shortcut-id-recipes":{"_":"Συνταγές"},"evme-shortcut-id-restaurants":{"_":"Εστιατόρια"},"evme-shortcut-id-shopping":{"_":"Αγορές"},"evme-shortcut-id-social":{"_":"Κοινωνικά"},"evme-shortcut-id-sports":{"_":"Αθλητικά"},"evme-shortcut-id-tech-news":{"_":"Ειδήσεις Τεχνολογίας"},"evme-shortcut-id-top-apps":{"_":"Δημοφιλείς εφαρμογές"},"evme-shortcut-id-travel":{"_":"Ταξίδια"},"evme-shortcut-id-tv":{"_":"Τηλεόραση"},"evme-shortcut-id-video":{"_":"Βίντεο"},"evme-shortcut-id-utilities":{"_":"Χρήσιμα"},"evme-shortcut-id-weather":{"_":"Καιρός"},"evme-add-to-top-of-collection":{"_":"Προσθήκη στην κορυφή της συλλογής"},"evme-save-to-homescreen":{"_":"Προσθήκη στην αρχική οθόνη"},"edit-dialog-header":{"_":"Edit"},"edit-dialog-name":{"_":"Website name"},"edit-dialog-url":{"_":"Address"},"edit-dialog-cancel":{"_":"Cancel"},"edit-dialog-done":{"_":"Done"},"weekday-0-long":{"_":"Κυριακή"},"weekday-1-long":{"_":"Δευτέρα"},"weekday-2-long":{"_":"Τρίτη"},"weekday-3-long":{"_":"Τετάρτη"},"weekday-4-long":{"_":"Πέμπτη"},"weekday-5-long":{"_":"Παρασκευή"},"weekday-6-long":{"_":"Σάββατο"},"weekday-0-short":{"_":"Κυρ"},"weekday-1-short":{"_":"Δευ"},"weekday-2-short":{"_":"Τρι"},"weekday-3-short":{"_":"Τετ"},"weekday-4-short":{"_":"Πεμ"},"weekday-5-short":{"_":"Παρ"},"weekday-6-short":{"_":"Σαβ"},"month-0-long":{"_":"Ιανουάριος"},"month-1-long":{"_":"Φεβρουάριος"},"month-2-long":{"_":"Μάρτιος"},"month-3-long":{"_":"Απρίλιος"},"month-4-long":{"_":"Μάιος"},"month-5-long":{"_":"Ιούνιος"},"month-6-long":{"_":"Ιούλιος"},"month-7-long":{"_":"Αύγουστος"},"month-8-long":{"_":"Σεπτέμβριος"},"month-9-long":{"_":"Οκτώβριος"},"month-10-long":{"_":"Νοέμβριος"},"month-11-long":{"_":"Δεκέμβριος"},"month-0-genitive":{"_":"Ιανουαρίου"},"month-1-genitive":{"_":"Φεβρουαρίου"},"month-2-genitive":{"_":"Μαρτίου"},"month-3-genitive":{"_":"Απριλίου"},"month-4-genitive":{"_":"Μαΐου"},"month-5-genitive":{"_":"Ιουνίου"},"month-6-genitive":{"_":"Ιουλίου"},"month-7-genitive":{"_":"Αυγούστου"},"month-8-genitive":{"_":"Σεπτεμβρίου"},"month-9-genitive":{"_":"Οκτωβρίου"},"month-10-genitive":{"_":"Νοεμβρίου"},"month-11-genitive":{"_":"Δεκεμβρίου"},"month-0-short":{"_":"Ιαν"},"month-1-short":{"_":"Φεβ"},"month-2-short":{"_":"Μαρ"},"month-3-short":{"_":"Απρ"},"month-4-short":{"_":"Μάι"},"month-5-short":{"_":"Ιουν"},"month-6-short":{"_":"Ιουλ"},"month-7-short":{"_":"Αυγ"},"month-8-short":{"_":"Σεπ"},"month-9-short":{"_":"Οκτ"},"month-10-short":{"_":"Νοε"},"month-11-short":{"_":"Δεκ"},"minutes-ago-long":{"_":"{[ plural(value) ]}","_[zero]":"μόλις τώρα","_[one]":"πριν από ένα λεπτό","_[two]":"πριν από {{value}} λεπτά","_[few]":"πριν από {{value}} λεπτά","_[many]":"πριν από {{value}} λεπτά","_[other]":"πριν από {{value}} λεπτά"},"hours-ago-long":{"_":"{[ plural(value) ]}","_[zero]":"μόλις τώρα","_[one]":"πριν από μία ώρα","_[two]":"πριν από {{value}} ώρες","_[few]":"πριν από {{value}} ώρες","_[many]":"πριν από {{value}} ώρες","_[other]":"πριν από {{value}} ώρες"},"days-ago-long":{"_":"{[ plural(value) ]}","_[zero]":"σήμερα","_[one]":"χθες","_[two]":"πριν από {{value}} ημέρες","_[few]":"πριν από {{value}} ημέρες","_[many]":"πριν από {{value}} ημέρες","_[other]":"πριν από {{value}} ημέρες"},"weeks-ago-long":{"_":"{[ plural(value) ]}","_[zero]":"αυτή την εβδομάδα","_[one]":"την τελευταία εβδομάδα","_[two]":"πριν από {{value}} εβδομάδες","_[few]":"πριν από {{value}} εβδομάδες","_[many]":"πριν από {{value}} εβδομάδες","_[other]":"πριν από {{value}} εβδομάδες"},"months-ago-long":{"_":"{[ plural(value) ]}","_[zero]":"αυτό τον μήνα","_[one]":"τον τελευταίο μήνα","_[two]":"πριν από {{value}} μήνες","_[few]":"πριν από {{value}} μήνες","_[many]":"πριν από {{value}} μήνες","_[other]":"πριν από {{value}} μήνες"},"years-ago-long":{"_":"{[ plural(value) ]}","_[zero]":"αυτό το έτος","_[one]":"το περασμένο έτος","_[two]":"πριν από {{value}} χρόνια","_[few]":"πριν από {{value}} χρόνια","_[many]":"πριν από {{value}} χρόνια","_[other]":"πριν από {{value}} χρόνια"},"minutes-until-long":{"_":"{[ plural(value) ]}","_[zero]":"τώρα","_[one]":"σε ένα λεπτό","_[two]":"σε {{value}} λεπτά","_[few]":"σε {{value}} λεπτά","_[many]":"σε {{value}} λεπτά","_[other]":"σε {{value}} λεπτά"},"hours-until-long":{"_":"{[ plural(value) ]}","_[zero]":"τώρα","_[one]":"σε μία ώρα","_[two]":"σε {{value}} ώρες","_[few]":"σε {{value}} ώρες","_[many]":"σε {{value}} ώρες","_[other]":"σε {{value}} ώρες"},"days-until-long":{"_":"{[ plural(value) ]}","_[zero]":"σήμερα","_[one]":"αύριο","_[two]":"σε {{value}} ημέρες","_[few]":"σε {{value}} ημέρες","_[many]":"σε {{value}} ημέρες","_[other]":"σε {{value}} ημέρες"},"weeks-until-long":{"_":"{[ plural(value) ]}","_[zero]":"αυτή την εβδομάδα","_[one]":"την επόμενη εβδομάδα","_[two]":"σε {{value}} εβδομάδες","_[few]":"σε {{value}} εβδομάδες","_[many]":"σε {{value}} εβδομάδες","_[other]":"σε {{value}} εβδομάδες"},"months-until-long":{"_":"{[ plural(value) ]}","_[zero]":"αυτό τον μήνα","_[one]":"στον επόμενο μήνα","_[two]":"σε {{value}} μήνες","_[few]":"σε {{value}} μήνες","_[many]":"σε {{value}} μήνες","_[other]":"σε {{value}} μήνες"},"years-until-long":{"_":"{[ plural(value) ]}","_[zero]":"αυτό το έτος","_[one]":"επόμενο έτος","_[two]":"σε {{value}} έτη","_[few]":"σε {{value}} έτη","_[many]":"σε {{value}} έτη","_[other]":"σε {{value}} έτη"},"minutes-ago-short":{"_":"{[ plural(value) ]}","_[zero]":"τώρα","_[other]":"πριν {{value}}′"},"hours-ago-short":{"_":"{[ plural(value) ]}","_[zero]":"τώρα","_[other]":"πριν {{value}} ώρ."},"days-ago-short":{"_":"{[ plural(value) ]}","_[zero]":"σήμερα","_[other]":"πριν {{value}} ημ."},"minutes-until-short":{"_":"{[ plural(value) ]}","_[zero]":"τώρα","_[other]":"σε {{value}}′"},"hours-until-short":{"_":"{[ plural(value) ]}","_[zero]":"τώρα","_[other]":"σε {{value}} ώρ."},"days-until-short":{"_":"{[ plural(value) ]}","_[zero]":"σήμερα","_[other]":"σε {{value}} ημ."},"incorrectDate":{"_":"(λάθος ημερομηνία)"},"dateTimeFormat_%c":{"_":"%a, %e %Eb %Y, %H:%M:%S"},"dateTimeFormat_%x":{"_":"%d/%m/%Y"},"dateTimeFormat_%X":{"_":"%H:%M:%S"},"shortTimeFormat":{"_":"%H:%M"},"shortDateTimeFormat":{"_":"%x %H:%M"},"weekStartsOnMonday":{"_":"0"},"time_am":{"_":"AM"},"time_pm":{"_":"PM"}}