{"Showbiz":{"_":"Showbiz"},"Social":{"_":"Social"},"Games":{"_":"Games"},"Music":{"_":"Music"},"add-to-home-screen":{"_":"Add to Home Screen"},"add-to-home-screen-header":{"_":"Add link"},"website-name":{"_":"Website name"},"address":{"_":"Address"},"added-to-home-screen":{"_":"Added to Home Screen"},"wrapper-search-name":{"_":"{{topic}} on {{name}}"},"contextmenu-add-wallpaper":{"_":"Change Wallpaper"},"contextmenu-add-smart-collections":{"_":"Add Smart Collections"},"delete-title":{"_":"Delete {{name}}"},"delete-body":{"_":"{{name}} and all of its data will be deleted."},"delete":{"_":"Delete"},"cancel":{"_":"Cancel"},"remove-title-2":{"_":"Remove {{name}}"},"remove-body":{"_":"Remove {{name}} from the homescreen?"},"remove":{"_":"Remove"},"longDateFormat":{"_":"%A, %B %e"},"download":{"_":"Download"},"restart-download-title":{"_":"Restart Download"},"restart-download-body":{"_":"Do you want to download {{name}}?"},"loadingEvme2":{"_":"Loading…"},"evme-searchbar-default":{"_":"Everything…","placeholder":"I’m thinking of…"},"evme-searchbar-default2":{"_":"I’m thinking of…","placeholder":"I’m thinking of…"},"evme-searchbar-clear":{"_":"Back"},"evme-searchbar-title":{"_":"Everything"},"evme-helper-default":{"_":"Enter any topic or search query"},"evme-helper-default2":{"_":"Enter any topic or keyword"},"evme-helper-dismiss":{"_":"Dismiss"},"evme-helper-no-refine":{"_":"No options found"},"evme-helper-history-title":{"_":"History:"},"evme-helper-history-link":{"_":"History"},"evme-helper-history-clear":{"_":"Clear history"},"evme-helper-didyoumean-title":{"_":"Did you mean:"},"evme-helper-refine-title":{"_":"Did you mean:"},"evme-helper-title-prefix":{"_":"Everything"},"evme-helper-title-empty":{"_":"Everything"},"evme-apps-market-download":{"_":"Download"},"evme-apps-market-more-apps":{"_":"More Apps"},"evme-apps-loading-app":{"_":"Loading…"},"evme-appsmore-loading":{"_":"Loading…"},"evme-alert-app-install-confirm":{"_":"Add {{name}} to Home Screen?"},"evme-alert-app-install-exists":{"_":"{{name}} was already added to Home Screen"},"evme-alert-offline-smart-collections-more":{"_":"Connect to the internet to add more Smart Collections"},"evme-alert-save-wallpaper":{"_":"Set as wallpaper?"},"evme-alert-no-more-smart-collections":{"_":"No Smart Collections to add"},"evme-banner-app-install-success":{"_":"{{name}} added to Home Screen"},"evme-banner-save-wallpaper":{"_":"Wallpaper set successfully"},"evme-shortcuts-more":{"_":"More"},"evme-collectionssuggest-loading":{"_":"Loading…"},"evme-collectionssuggest-loading-cancel":{"_":"Cancel"},"evme-collectionssuggest-prompt-create-custom":{"_":"Create your own Smart Collection"},"evme-backgroundimage-source-label":{"_":"Source:"},"evme-collection-title-prefix":{"_":"Everything"},"evme-collection-title-suffix":{"_":"Phone"},"evme-collection-loading-more":{"_":"Loading…"},"evme-connectionmessage-apps":{"_":"Connect to the internet to get apps for {{query}}"},"evme-connectionmessage-apps-has-installed":{"_":"Connect to the internet to get even more apps for {{query}}"},"evme-tips-app-explain":{"innerHTML":"Find the things you love with the coolest apps."},"evme-tips-searchbar-focus":{"innerHTML":"For example, find your favorite singer or band…"},"evme-tips-exact-results":{"innerHTML":"These are the apps for <b>{{query}}</b>,<br /><br /> tap any icon to open it."},"evme-shortcut-custom":{"_":"Custom…"},"evme-shortcut-id-astrology":{"_":"Astrology"},"evme-shortcut-id-autos":{"_":"Autos"},"evme-shortcut-id-beauty":{"_":"Beauty"},"evme-shortcut-id-books":{"_":"Books"},"evme-shortcut-id-celebs":{"_":"Celebs"},"evme-shortcut-id-daily-deals":{"_":"Daily Deals"},"evme-shortcut-id-dating":{"_":"Dating"},"evme-shortcut-id-electronics":{"_":"Electronics"},"evme-shortcut-id-email":{"_":"Email"},"evme-shortcut-id-entertainment":{"_":"Entertainment"},"evme-shortcut-id-environment":{"_":"Environment"},"evme-shortcut-id-fashion":{"_":"Fashion"},"evme-shortcut-id-funny":{"_":"Funny"},"evme-shortcut-id-games":{"_":"Games"},"evme-shortcut-id-government":{"_":"Government"},"evme-shortcut-id-health":{"_":"Health"},"evme-shortcut-id-jobs":{"_":"Jobs"},"evme-shortcut-id-local":{"_":"Local"},"evme-shortcut-id-maps":{"_":"Maps"},"evme-shortcut-id-movies":{"_":"Movies"},"evme-shortcut-id-music":{"_":"Music"},"evme-shortcut-id-new-apps":{"_":"New Apps"},"evme-shortcut-id-news":{"_":"News"},"evme-shortcut-id-photography":{"_":"Photography"},"evme-shortcut-id-recipes":{"_":"Recipes"},"evme-shortcut-id-restaurants":{"_":"Restaurants"},"evme-shortcut-id-shopping":{"_":"Shopping"},"evme-shortcut-id-social":{"_":"Social"},"evme-shortcut-id-sports":{"_":"Sports"},"evme-shortcut-id-tech-news":{"_":"Tech News"},"evme-shortcut-id-top-apps":{"_":"Top Apps"},"evme-shortcut-id-travel":{"_":"Travel"},"evme-shortcut-id-tv":{"_":"TV"},"evme-shortcut-id-video":{"_":"Video"},"evme-shortcut-id-utilities":{"_":"Utilities"},"evme-shortcut-id-weather":{"_":"Weather"},"evme-add-to-top-of-collection":{"_":"Add to top of collection"},"evme-save-to-homescreen":{"_":"Save to Homescreen"},"edit-dialog-header":{"_":"Edit"},"edit-dialog-name":{"_":"Website name"},"edit-dialog-url":{"_":"Address"},"edit-dialog-cancel":{"_":"Cancel"},"edit-dialog-done":{"_":"Done"},"weekday-0-long":{"_":"Sunday"},"weekday-1-long":{"_":"Monday"},"weekday-2-long":{"_":"Tuesday"},"weekday-3-long":{"_":"Wednesday"},"weekday-4-long":{"_":"Thursday"},"weekday-5-long":{"_":"Friday"},"weekday-6-long":{"_":"Saturday"},"weekday-0-short":{"_":"Sun"},"weekday-1-short":{"_":"Mon"},"weekday-2-short":{"_":"Tue"},"weekday-3-short":{"_":"Wed"},"weekday-4-short":{"_":"Thu"},"weekday-5-short":{"_":"Fri"},"weekday-6-short":{"_":"Sat"},"month-0-long":{"_":"January"},"month-1-long":{"_":"February"},"month-2-long":{"_":"March"},"month-3-long":{"_":"April"},"month-4-long":{"_":"May"},"month-5-long":{"_":"June"},"month-6-long":{"_":"July"},"month-7-long":{"_":"August"},"month-8-long":{"_":"September"},"month-9-long":{"_":"October"},"month-10-long":{"_":"November"},"month-11-long":{"_":"December"},"month-0-genitive":{"_":"January"},"month-1-genitive":{"_":"February"},"month-2-genitive":{"_":"March"},"month-3-genitive":{"_":"April"},"month-4-genitive":{"_":"May"},"month-5-genitive":{"_":"June"},"month-6-genitive":{"_":"July"},"month-7-genitive":{"_":"August"},"month-8-genitive":{"_":"September"},"month-9-genitive":{"_":"October"},"month-10-genitive":{"_":"November"},"month-11-genitive":{"_":"December"},"month-0-short":{"_":"Jan"},"month-1-short":{"_":"Feb"},"month-2-short":{"_":"Mar"},"month-3-short":{"_":"Apr"},"month-4-short":{"_":"May"},"month-5-short":{"_":"Jun"},"month-6-short":{"_":"Jul"},"month-7-short":{"_":"Aug"},"month-8-short":{"_":"Sep"},"month-9-short":{"_":"Oct"},"month-10-short":{"_":"Nov"},"month-11-short":{"_":"Dec"},"minutes-ago-long":{"_":"{[ plural(value) ]}","_[zero]":"just now","_[one]":"a minute ago","_[two]":"{{value}} minutes ago","_[few]":"{{value}} minutes ago","_[many]":"{{value}} minutes ago","_[other]":"{{value}} minutes ago"},"hours-ago-long":{"_":"{[ plural(value) ]}","_[zero]":"just now","_[one]":"an hour ago","_[two]":"{{value}} hours ago","_[few]":"{{value}} hours ago","_[many]":"{{value}} hours ago","_[other]":"{{value}} hours ago"},"days-ago-long":{"_":"{[ plural(value) ]}","_[zero]":"today","_[one]":"yesterday","_[two]":"{{value}} days ago","_[few]":"{{value}} days ago","_[many]":"{{value}} days ago","_[other]":"{{value}} days ago"},"weeks-ago-long":{"_":"{[ plural(value) ]}","_[zero]":"this week","_[one]":"last week","_[two]":"{{value}} weeks ago","_[few]":"{{value}} weeks ago","_[many]":"{{value}} weeks ago","_[other]":"{{value}} weeks ago"},"months-ago-long":{"_":"{[ plural(value) ]}","_[zero]":"this month","_[one]":"last month","_[two]":"{{value}} months ago","_[few]":"{{value}} months ago","_[many]":"{{value}} months ago","_[other]":"{{value}} months ago"},"years-ago-long":{"_":"{[ plural(value) ]}","_[zero]":"this year","_[one]":"last year","_[two]":"{{value}} years ago","_[few]":"{{value}} years ago","_[many]":"{{value}} years ago","_[other]":"{{value}} years ago"},"minutes-until-long":{"_":"{[ plural(value) ]}","_[zero]":"now","_[one]":"in a minute","_[two]":"in {{value}} minutes","_[few]":"in {{value}} minutes","_[many]":"in {{value}} minutes","_[other]":"in {{value}} minutes"},"hours-until-long":{"_":"{[ plural(value) ]}","_[zero]":"now","_[one]":"in an hour","_[two]":"in {{value}} hours","_[few]":"in {{value}} hours","_[many]":"in {{value}} hours","_[other]":"in {{value}} hours"},"days-until-long":{"_":"{[ plural(value) ]}","_[zero]":"today","_[one]":"tomorrow","_[two]":"in {{value}} days","_[few]":"in {{value}} days","_[many]":"in {{value}} days","_[other]":"in {{value}} days"},"weeks-until-long":{"_":"{[ plural(value) ]}","_[zero]":"this week","_[one]":"next week","_[two]":"in {{value}} weeks","_[few]":"in {{value}} weeks","_[many]":"in {{value}} weeks","_[other]":"in {{value}} weeks"},"months-until-long":{"_":"{[ plural(value) ]}","_[zero]":"this month","_[one]":"next month","_[two]":"in {{value}} months","_[few]":"in {{value}} months","_[many]":"in {{value}} months","_[other]":"in {{value}} months"},"years-until-long":{"_":"{[ plural(value) ]}","_[zero]":"this year","_[one]":"next year","_[two]":"in {{value}} years","_[few]":"in {{value}} years","_[many]":"in {{value}} years","_[other]":"in {{value}} years"},"minutes-ago-short":{"_":"{[ plural(value) ]}","_[zero]":"just now","_[other]":"{{value}}m ago"},"hours-ago-short":{"_":"{[ plural(value) ]}","_[zero]":"just now","_[other]":"{{value}}h ago"},"days-ago-short":{"_":"{[ plural(value) ]}","_[zero]":"today","_[other]":"{{value}}d ago"},"minutes-until-short":{"_":"{[ plural(value) ]}","_[zero]":"now","_[other]":"in {{value}}m"},"hours-until-short":{"_":"{[ plural(value) ]}","_[zero]":"now","_[other]":"in {{value}}h"},"days-until-short":{"_":"{[ plural(value) ]}","_[zero]":"today","_[other]":"in {{value}}d"},"incorrectDate":{"_":"(incorrect date)"},"dateTimeFormat_%c":{"_":"%a %b %e %Y %I:%M:%S %p"},"dateTimeFormat_%x":{"_":"%m/%d/%Y"},"dateTimeFormat_%X":{"_":"%I:%M:%S %p"},"shortTimeFormat":{"_":"%I:%M %p"},"shortDateTimeFormat":{"_":"%x %I:%M %p"},"weekStartsOnMonday":{"_":"0"},"time_am":{"_":"AM"},"time_pm":{"_":"PM"}}