{"Showbiz":{"_":"Espectáculo"},"Social":{"_":"Social"},"Games":{"_":"Juegos"},"Music":{"_":"Música"},"add-to-home-screen":{"_":"Agregar a pant. inicio"},"add-to-home-screen-header":{"_":"Agregar enlace"},"website-name":{"_":"Nombre del sitio web"},"address":{"_":"Dirección"},"added-to-home-screen":{"_":"Agregada a pantalla de inicio"},"wrapper-search-name":{"_":"{{topic}} en {{name}}"},"contextmenu-add-wallpaper":{"_":"Cambiar fondo de pantalla"},"contextmenu-add-smart-collections":{"_":"Agregar colecciones inteligentes"},"delete-title":{"_":"Borrar {{name}}"},"delete-body":{"_":"{{name}} y todos sus datos serán borrados."},"delete":{"_":"Borrar"},"cancel":{"_":"Cancelar"},"remove-title-2":{"_":"Eliminar {{name}}"},"remove-body":{"_":"¿Eliminar {{name}} de la pantalla de inicio?"},"remove":{"_":"Eliminar"},"longDateFormat":{"_":"%A %e de %B"},"download":{"_":"Descargar"},"restart-download-title":{"_":"Reiniciar descarga"},"restart-download-body":{"_":"¿Quiere descargar {{name}}?"},"loadingEvme2":{"_":"Cargando…"},"evme-searchbar-default":{"_":"Todo…","placeholder":"Estoy pensando en…"},"evme-searchbar-default2":{"_":"Estoy pensando en…","placeholder":"Estoy pensando en…"},"evme-searchbar-clear":{"_":"Atrás"},"evme-searchbar-title":{"_":"Todo"},"evme-helper-default":{"_":"Escriba un tema o una búsqueda"},"evme-helper-default2":{"_":"Escriba cualquier tema o palabra clave"},"evme-helper-dismiss":{"_":"Cancelar"},"evme-helper-no-refine":{"_":"No se encontró ninguna opción"},"evme-helper-history-title":{"_":"Historial:"},"evme-helper-history-link":{"_":"Historial"},"evme-helper-history-clear":{"_":"Limpiar historial"},"evme-helper-didyoumean-title":{"_":"Quiso decir:"},"evme-helper-refine-title":{"_":"Quiso decir:"},"evme-helper-title-prefix":{"_":"Todo"},"evme-helper-title-empty":{"_":"Todo"},"evme-apps-market-download":{"_":"Descargar"},"evme-apps-market-more-apps":{"_":"Más aplicaciones"},"evme-apps-loading-app":{"_":"Cargando…"},"evme-appsmore-loading":{"_":"Cargando…"},"evme-alert-app-install-confirm":{"_":"¿Agregar {{name}} a la pantalla de inicio?"},"evme-alert-app-install-exists":{"_":"{{name}} ya estaba agregada a la pantalla de inicio"},"evme-alert-offline-smart-collections-more":{"_":"Conéctese a Internet para agregar más colecciones inteligentes"},"evme-alert-save-wallpaper":{"_":"¿Usar como fondo de pantalla?"},"evme-alert-no-more-smart-collections":{"_":"No hay ninguna colección inteligente que agregar"},"evme-banner-app-install-success":{"_":"{{name}} agregada a la pantalla de inicio"},"evme-banner-save-wallpaper":{"_":"Fondo de pantalla establecido correctamente"},"evme-shortcuts-more":{"_":"Más"},"evme-collectionssuggest-loading":{"_":"Cargando"},"evme-collectionssuggest-loading-cancel":{"_":"Cancelar"},"evme-collectionssuggest-prompt-create-custom":{"_":"Cree su propia colección inteligente"},"evme-backgroundimage-source-label":{"_":"Origen:"},"evme-collection-title-prefix":{"_":"Todo"},"evme-collection-title-suffix":{"_":"Teléfono"},"evme-collection-loading-more":{"_":"Cargando..."},"evme-connectionmessage-apps":{"_":"Conéctese a Internet para obtener aplicaciones para {{query}}"},"evme-connectionmessage-apps-has-installed":{"_":"Conéctese a Internet para obtener más aplicaciones para {{query}}"},"evme-tips-app-explain":{"innerHTML":"Encuentre todo lo que le encanta con las aplicaciones más fantásticas."},"evme-tips-searchbar-focus":{"innerHTML":"Por ejemplo, encuentre a su cantante o grupo favorito…"},"evme-tips-exact-results":{"innerHTML":"Estas son las aplicaciones para <b>{{query}}</b>,<br /><br /> toque en cualquier icono para abrirla."},"evme-shortcut-custom":{"_":"Personalizar..."},"evme-shortcut-id-astrology":{"_":"Astrología"},"evme-shortcut-id-autos":{"_":"Coches"},"evme-shortcut-id-beauty":{"_":"Belleza"},"evme-shortcut-id-books":{"_":"Libros"},"evme-shortcut-id-celebs":{"_":"Famosos"},"evme-shortcut-id-daily-deals":{"_":"Ofertas"},"evme-shortcut-id-dating":{"_":"Amistad"},"evme-shortcut-id-electronics":{"_":"Electrónica"},"evme-shortcut-id-email":{"_":"Correo"},"evme-shortcut-id-entertainment":{"_":"Entretenimiento"},"evme-shortcut-id-environment":{"_":"Naturaleza"},"evme-shortcut-id-fashion":{"_":"Moda"},"evme-shortcut-id-funny":{"_":"Diversión"},"evme-shortcut-id-games":{"_":"Juegos"},"evme-shortcut-id-government":{"_":"Gobierno"},"evme-shortcut-id-health":{"_":"Salud"},"evme-shortcut-id-jobs":{"_":"Trabajo"},"evme-shortcut-id-local":{"_":"Local"},"evme-shortcut-id-maps":{"_":"Mapas"},"evme-shortcut-id-movies":{"_":"Películas"},"evme-shortcut-id-music":{"_":"Música"},"evme-shortcut-id-new-apps":{"_":"Nuevas aplicaciones"},"evme-shortcut-id-news":{"_":"Noticias"},"evme-shortcut-id-photography":{"_":"Fotografía"},"evme-shortcut-id-recipes":{"_":"Recetas"},"evme-shortcut-id-restaurants":{"_":"Restaurantes"},"evme-shortcut-id-shopping":{"_":"Compras"},"evme-shortcut-id-social":{"_":"Social"},"evme-shortcut-id-sports":{"_":"Deportes"},"evme-shortcut-id-tech-news":{"_":"Tecnología"},"evme-shortcut-id-top-apps":{"_":"Aplicaciones más descargadas"},"evme-shortcut-id-travel":{"_":"Viajes"},"evme-shortcut-id-tv":{"_":"TV"},"evme-shortcut-id-video":{"_":"Vídeo"},"evme-shortcut-id-utilities":{"_":"Utilidades"},"evme-shortcut-id-weather":{"_":"Tiempo"},"evme-add-to-top-of-collection":{"_":"Añadir a la parte superior de las colecciones"},"evme-save-to-homescreen":{"_":"Añadir a la pantalla de inicio"},"edit-dialog-header":{"_":"Editar"},"edit-dialog-name":{"_":"Nombre del sitio web"},"edit-dialog-url":{"_":"Dirección"},"edit-dialog-cancel":{"_":"Cancelar"},"edit-dialog-done":{"_":"Hecho"},"weekday-0-long":{"_":"domingo"},"weekday-1-long":{"_":"lunes"},"weekday-2-long":{"_":"martes"},"weekday-3-long":{"_":"miércoles"},"weekday-4-long":{"_":"jueves"},"weekday-5-long":{"_":"viernes"},"weekday-6-long":{"_":"sábado"},"weekday-0-short":{"_":"do."},"weekday-1-short":{"_":"lu."},"weekday-2-short":{"_":"ma."},"weekday-3-short":{"_":"mi."},"weekday-4-short":{"_":"ju."},"weekday-5-short":{"_":"vi."},"weekday-6-short":{"_":"sá."},"month-0-long":{"_":"enero"},"month-1-long":{"_":"febrero"},"month-2-long":{"_":"marzo"},"month-3-long":{"_":"abril"},"month-4-long":{"_":"mayo"},"month-5-long":{"_":"junio"},"month-6-long":{"_":"julio"},"month-7-long":{"_":"agosto"},"month-8-long":{"_":"septiembre"},"month-9-long":{"_":"octubre"},"month-10-long":{"_":"noviembre"},"month-11-long":{"_":"diciembre"},"month-0-genitive":{"_":"enero"},"month-1-genitive":{"_":"febrero"},"month-2-genitive":{"_":"marzo"},"month-3-genitive":{"_":"abril"},"month-4-genitive":{"_":"mayo"},"month-5-genitive":{"_":"junio"},"month-6-genitive":{"_":"julio"},"month-7-genitive":{"_":"agosto"},"month-8-genitive":{"_":"septiembre"},"month-9-genitive":{"_":"octubre"},"month-10-genitive":{"_":"noviembre"},"month-11-genitive":{"_":"diciembre"},"month-0-short":{"_":"ene."},"month-1-short":{"_":"feb."},"month-2-short":{"_":"mar."},"month-3-short":{"_":"abr."},"month-4-short":{"_":"may."},"month-5-short":{"_":"jun."},"month-6-short":{"_":"jul."},"month-7-short":{"_":"ago."},"month-8-short":{"_":"sep."},"month-9-short":{"_":"oct."},"month-10-short":{"_":"nov."},"month-11-short":{"_":"dic."},"minutes-ago-long":{"_":"{[ plural(value) ]}","_[zero]":"ahora","_[one]":"hace un minuto","_[two]":"hace {{value}} minutos","_[few]":"hace {{value}} minutos","_[many]":"hace {{value}} minutos","_[other]":"hace {{value}} minutos"},"hours-ago-long":{"_":"{[ plural(value) ]}","_[zero]":"ahora","_[one]":"hace una hora","_[two]":"hace {{value}} horas","_[few]":"hace {{value}} horas","_[many]":"hace {{value}} horas","_[other]":"hace {{value}} horas"},"days-ago-long":{"_":"{[ plural(value) ]}","_[zero]":"hoy","_[one]":"ayer","_[two]":"hace {{value}} días","_[few]":"hace {{value}} días","_[many]":"hace {{value}} días","_[other]":"hace {{value}} días"},"weeks-ago-long":{"_":"{[ plural(value) ]}","_[zero]":"esta semana","_[one]":"la semana pasada","_[two]":"hace {{value}} semanas","_[few]":"hace {{value}} semanas","_[many]":"hace {{value}} semanas","_[other]":"hace {{value}} semanas"},"months-ago-long":{"_":"{[ plural(value) ]}","_[zero]":"este mes","_[one]":"el último mes","_[two]":"hace {{value}} meses","_[few]":"hace {{value}} meses","_[many]":"hace {{value}} meses","_[other]":"hace {{value}} meses"},"years-ago-long":{"_":"{[ plural(value) ]}","_[zero]":"este año","_[one]":"último año","_[two]":"hace {{value}} años","_[few]":"hace {{value}} años","_[many]":"hace {{value}} años","_[other]":"hace {{value}} años"},"minutes-until-long":{"_":"{[ plural(value) ]}","_[zero]":"ahora","_[one]":"en un minuto","_[two]":"en {{value}} minutos","_[few]":"en {{value}} minutos","_[many]":"en {{value}} minutos","_[other]":"en {{value}} minutos"},"hours-until-long":{"_":"{[ plural(value) ]}","_[zero]":"ahora","_[one]":"en una hora","_[two]":"en {{value}} horas","_[few]":"en {{value}} horas","_[many]":"en {{value}} horas","_[other]":"en {{value}} horas"},"days-until-long":{"_":"{[ plural(value) ]}","_[zero]":"hoy","_[one]":"mañana","_[two]":"en {{value}} días","_[few]":"en {{value}} días","_[many]":"en {{value}} días","_[other]":"en {{value}} días"},"weeks-until-long":{"_":"{[ plural(value) ]}","_[zero]":"esta semana","_[one]":"la próxima semana","_[two]":"en {{value}} semanas","_[few]":"en {{value}} semanas","_[many]":"en {{value}} semanas","_[other]":"en {{value}} semanas"},"months-until-long":{"_":"{[ plural(value) ]}","_[zero]":"este mes","_[one]":"próximo mes","_[two]":"en {{value}} meses","_[few]":"en {{value}} meses","_[many]":"en {{value}} meses","_[other]":"en {{value}} meses"},"years-until-long":{"_":"{[ plural(value) ]}","_[zero]":"este año","_[one]":"próximo año","_[two]":"en {{value}} años","_[few]":"en {{value}} años","_[many]":"en {{value}} años","_[other]":"en {{value}} años"},"minutes-ago-short":{"_":"{[ plural(value) ]}","_[zero]":"ahora","_[other]":"hace {{value}} m"},"hours-ago-short":{"_":"{[ plural(value) ]}","_[zero]":"ahora","_[other]":"hace {{value}} h"},"days-ago-short":{"_":"{[ plural(value) ]}","_[zero]":"hoy","_[other]":"hace {{value}} d"},"minutes-until-short":{"_":"{[ plural(value) ]}","_[zero]":"ahora","_[other]":"en {{value}} m"},"hours-until-short":{"_":"{[ plural(value) ]}","_[zero]":"ahora","_[other]":"en {{value}} h"},"days-until-short":{"_":"{[ plural(value) ]}","_[zero]":"hoy","_[other]":"en {{value}} d"},"incorrectDate":{"_":"(fecha incorrecta)"},"dateTimeFormat_%c":{"_":"%a, %e de %b, %Y %H:%M:%S"},"dateTimeFormat_%x":{"_":"%d/%m/%Y"},"dateTimeFormat_%X":{"_":"%H:%M:%S"},"shortTimeFormat":{"_":"%H:%M"},"shortDateTimeFormat":{"_":"%x %H:%M %p"},"weekStartsOnMonday":{"_":"1"},"time_am":{"_":"AM"},"time_pm":{"_":"PM"}}