{"Showbiz":{"_":"Ikuskizuna"},"Social":{"_":"Soziala"},"Games":{"_":"Jokuak"},"Music":{"_":"Musika"},"add-to-home-screen":{"_":"Gehitu hasierako pantailara"},"add-to-home-screen-header":{"_":"Gehitu lotura"},"website-name":{"_":"Webgunearen izena"},"address":{"_":"Helbidea"},"added-to-home-screen":{"_":"Hasierako pantailara gehituta"},"wrapper-search-name":{"_":"{{topic}} {{name}}(r)i buruz"},"contextmenu-add-wallpaper":{"_":"Aldatu horma-papera"},"contextmenu-add-smart-collections":{"_":"Gehitu bilduma dinamikoak"},"delete-title":{"_":"Ezabatu {{name}}"},"delete-body":{"_":"{{name}} eta bere datu guztiak ezabatuko dira."},"delete":{"_":"Ezabatu"},"cancel":{"_":"Utzi"},"remove-title-2":{"_":"Kendu {{name}}"},"remove-body":{"_":"Kendu {{name}} hasierako pantailatik?"},"remove":{"_":"Kendu"},"longDateFormat":{"_":"%A, %Bk %e"},"download":{"_":"Deskargatu"},"restart-download-title":{"_":"Berrabiarazi deskarga"},"restart-download-body":{"_":"{{name}} deskargatu nahi duzu?"},"loadingEvme2":{"_":"Kargatzen…"},"evme-searchbar-default":{"_":"Dena…","placeholder":"Hau dabilkit buruan…"},"evme-searchbar-default2":{"_":"Hau dabilkit buruan…","placeholder":"Hau dabilkit buruan…"},"evme-searchbar-clear":{"_":"Atzera"},"evme-searchbar-title":{"_":"Dena"},"evme-helper-default":{"_":"Idatzi edozein gai edo bilaketa"},"evme-helper-default2":{"_":"Sartu edozein gai edo gako-hitz"},"evme-helper-dismiss":{"_":"Itxi"},"evme-helper-no-refine":{"_":"Ez da aukerarik aurkitu"},"evme-helper-history-title":{"_":"Historia:"},"evme-helper-history-link":{"_":"Historia"},"evme-helper-history-clear":{"_":"Garbitu historia"},"evme-helper-didyoumean-title":{"_":"Hau esan nahi zenuen:"},"evme-helper-refine-title":{"_":"Hau esan nahi zenuen:"},"evme-helper-title-prefix":{"_":"Dena"},"evme-helper-title-empty":{"_":"Dena"},"evme-apps-market-download":{"_":"Deskargatu"},"evme-apps-market-more-apps":{"_":"Aplikazio gehiago"},"evme-apps-loading-app":{"_":"Kargatzen…"},"evme-appsmore-loading":{"_":"Kargatzen…"},"evme-alert-app-install-confirm":{"_":"Gehitu {{name}} hasierako pantailara?"},"evme-alert-app-install-exists":{"_":"{{name}} dagoeneko hasierako pantailan zegoen"},"evme-alert-offline-smart-collections-more":{"_":"Konektatu Internetera bilduma dinamiko gehiago gehitzeko"},"evme-alert-save-wallpaper":{"_":"Ezarri horma-paper gisa?"},"evme-alert-no-more-smart-collections":{"_":"Gehitzeko bilduma dinamikorik ez"},"evme-banner-app-install-success":{"_":"{{name}} hasierako pantailara gehituta"},"evme-banner-save-wallpaper":{"_":"Horma-papera ondo ezarri da"},"evme-shortcuts-more":{"_":"Gehiago"},"evme-collectionssuggest-loading":{"_":"Kargatzen…"},"evme-collectionssuggest-loading-cancel":{"_":"Utzi"},"evme-collectionssuggest-prompt-create-custom":{"_":"Sortu zure bilduma dinamikoa propioa"},"evme-backgroundimage-source-label":{"_":"Iturburua:"},"evme-collection-title-prefix":{"_":"Dena"},"evme-collection-title-suffix":{"_":"Telefonoa"},"evme-collection-loading-more":{"_":"Kargatzen…"},"evme-connectionmessage-apps":{"_":"Konektatu Internetera {{query}}(r)entzat aplikazioak lortzeko"},"evme-connectionmessage-apps-has-installed":{"_":"Konektatu Internetera oraindik eta aplikazio gehiago lortzeko {{query}}(r)entzat"},"evme-tips-app-explain":{"innerHTML":"Bilatu gustuko dituzun gauzak primerako aplikazioekin."},"evme-tips-searchbar-focus":{"innerHTML":"Adibidez, bilatu zure abeslari edo talde gogokoena…"},"evme-tips-exact-results":{"innerHTML":"Hauek dira <b>{{query}}</b> bilaketarako aplikazioak,<br /><br /> irekitzeko sakatu edozein ikono."},"evme-shortcut-custom":{"_":"Pertsonalizatua…"},"evme-shortcut-id-astrology":{"_":"Astrologia"},"evme-shortcut-id-autos":{"_":"Autoak"},"evme-shortcut-id-beauty":{"_":"Edertasuna"},"evme-shortcut-id-books":{"_":"Liburuak"},"evme-shortcut-id-celebs":{"_":"Famatuak"},"evme-shortcut-id-daily-deals":{"_":"Maukak"},"evme-shortcut-id-dating":{"_":"Hitzorduak"},"evme-shortcut-id-electronics":{"_":"Elektronika"},"evme-shortcut-id-email":{"_":"Posta elektronikoa"},"evme-shortcut-id-entertainment":{"_":"Aisialdia"},"evme-shortcut-id-environment":{"_":"Ingurunea"},"evme-shortcut-id-fashion":{"_":"Moda"},"evme-shortcut-id-funny":{"_":"Barregarria"},"evme-shortcut-id-games":{"_":"Jokoak"},"evme-shortcut-id-government":{"_":"Gobernua"},"evme-shortcut-id-health":{"_":"Osasuna"},"evme-shortcut-id-jobs":{"_":"Lanak"},"evme-shortcut-id-local":{"_":"Bertakoa"},"evme-shortcut-id-maps":{"_":"Mapak"},"evme-shortcut-id-movies":{"_":"Filmak"},"evme-shortcut-id-music":{"_":"Musika"},"evme-shortcut-id-new-apps":{"_":"Aplikazio berriak"},"evme-shortcut-id-news":{"_":"Albisteak"},"evme-shortcut-id-photography":{"_":"Argazkigintza"},"evme-shortcut-id-recipes":{"_":"Errezetak"},"evme-shortcut-id-restaurants":{"_":"Jatetxeak"},"evme-shortcut-id-shopping":{"_":"Erosketak"},"evme-shortcut-id-social":{"_":"Soziala"},"evme-shortcut-id-sports":{"_":"Kirolak"},"evme-shortcut-id-tech-news":{"_":"Teknologia-albisteak"},"evme-shortcut-id-top-apps":{"_":"Aplikazio deskargatuenak"},"evme-shortcut-id-travel":{"_":"Bidaiak"},"evme-shortcut-id-tv":{"_":"TB"},"evme-shortcut-id-video":{"_":"Bideoa"},"evme-shortcut-id-utilities":{"_":"Tresnak"},"evme-shortcut-id-weather":{"_":"Eguraldia"},"evme-add-to-top-of-collection":{"_":"Gehitu bildumaren goian"},"evme-save-to-homescreen":{"_":"Gorde hasierako pantailan"},"edit-dialog-header":{"_":"Editatu"},"edit-dialog-name":{"_":"Webgunearen izena"},"edit-dialog-url":{"_":"Helbidea"},"edit-dialog-cancel":{"_":"Utzi"},"edit-dialog-done":{"_":"Eginda"},"weekday-0-long":{"_":"igandea"},"weekday-1-long":{"_":"astelehena"},"weekday-2-long":{"_":"asteartea"},"weekday-3-long":{"_":"asteazkena"},"weekday-4-long":{"_":"osteguna"},"weekday-5-long":{"_":"ostirala"},"weekday-6-long":{"_":"larunbata"},"weekday-0-short":{"_":"ig."},"weekday-1-short":{"_":"al."},"weekday-2-short":{"_":"ar."},"weekday-3-short":{"_":"az."},"weekday-4-short":{"_":"og."},"weekday-5-short":{"_":"or."},"weekday-6-short":{"_":"lr."},"month-0-long":{"_":"urtarrila"},"month-1-long":{"_":"otsaila"},"month-2-long":{"_":"martxoa"},"month-3-long":{"_":"apirila"},"month-4-long":{"_":"maiatza"},"month-5-long":{"_":"ekaina"},"month-6-long":{"_":"uztaila"},"month-7-long":{"_":"abuztua"},"month-8-long":{"_":"iraila"},"month-9-long":{"_":"urria"},"month-10-long":{"_":"azaroa"},"month-11-long":{"_":"abendua"},"month-0-genitive":{"_":"urtarrila"},"month-1-genitive":{"_":"otsaila"},"month-2-genitive":{"_":"martxoa"},"month-3-genitive":{"_":"apirila"},"month-4-genitive":{"_":"maiatza"},"month-5-genitive":{"_":"ekaina"},"month-6-genitive":{"_":"uztaila"},"month-7-genitive":{"_":"abuztua"},"month-8-genitive":{"_":"iraila"},"month-9-genitive":{"_":"urria"},"month-10-genitive":{"_":"azaroa"},"month-11-genitive":{"_":"abendua"},"month-0-short":{"_":"urt"},"month-1-short":{"_":"ots"},"month-2-short":{"_":"mar"},"month-3-short":{"_":"api"},"month-4-short":{"_":"mai"},"month-5-short":{"_":"eka"},"month-6-short":{"_":"uzt"},"month-7-short":{"_":"abu"},"month-8-short":{"_":"ira"},"month-9-short":{"_":"urr"},"month-10-short":{"_":"aza"},"month-11-short":{"_":"abe"},"minutes-ago-long":{"_":"{[ plural(value) ]}","_[zero]":"oraintxe bertan","_[one]":"duela minutu bat","_[two]":"duela {{value}} minutu","_[few]":"duela {{value}} minutu","_[many]":"duela {{value}} minutu","_[other]":"duela {{value}} minutu"},"hours-ago-long":{"_":"{[ plural(value) ]}","_[zero]":"oraintxe bertan","_[one]":"duela ordubete","_[two]":"duela {{value}} ordu","_[few]":"duela {{value}} ordu","_[many]":"duela {{value}} ordu","_[other]":"duela {{value}} ordu"},"days-ago-long":{"_":"{[ plural(value) ]}","_[zero]":"gaur","_[one]":"atzo","_[two]":"herenegun","_[few]":"duela {{value}} egun","_[many]":"duela {{value}} egun","_[other]":"duela {{value}} egun"},"weeks-ago-long":{"_":"{[ plural(value) ]}","_[zero]":"aste honetan","_[one]":"azken astean","_[two]":"duela {{value}} aste","_[few]":"duela {{value}} aste","_[many]":"duela {{value}} aste","_[other]":"duela {{value}} aste"},"months-ago-long":{"_":"{[ plural(value) ]}","_[zero]":"hilabete honetan","_[one]":"azken hilabetean","_[two]":"duela {{value}} hilabete","_[few]":"duela {{value}} hilabete","_[many]":"duela {{value}} hilabete","_[other]":"duela {{value}} hilabete"},"years-ago-long":{"_":"{[ plural(value) ]}","_[zero]":"aurten","_[one]":"iaz","_[two]":"duela {{value}} urte","_[few]":"duela {{value}} urte","_[many]":"duela {{value}} urte","_[other]":"duela {{value}} urte"},"minutes-until-long":{"_":"{[ plural(value) ]}","_[zero]":"orain","_[one]":"minutu barru","_[two]":"{{value}} minutu barru","_[few]":"{{value}} minutu barru","_[many]":"{{value}} minutu barru","_[other]":"{{value}} minutu barru"},"hours-until-long":{"_":"{[ plural(value) ]}","_[zero]":"orain","_[one]":"ordubete barru","_[two]":"{{value}} ordu barru","_[few]":"{{value}} ordu barru","_[many]":"{{value}} ordu barru","_[other]":"{{value}} ordu barru"},"days-until-long":{"_":"{[ plural(value) ]}","_[zero]":"gaur","_[one]":"bihar","_[two]":"etzi","_[few]":"{{value}} egun barru","_[many]":"{{value}} egun barru","_[other]":"{{value}} egun barru"},"weeks-until-long":{"_":"{[ plural(value) ]}","_[zero]":"aste honetan","_[one]":"hurrengo astean","_[two]":"{{value}} aste barru","_[few]":"{{value}} aste barru","_[many]":"{{value}} aste barru","_[other]":"{{value}} aste barru"},"months-until-long":{"_":"{[ plural(value) ]}","_[zero]":"hil honetan","_[one]":"hurrengo hilean","_[two]":"{{value}} hilabete barru","_[few]":"{{value}} hilabete barru","_[many]":"{{value}} hilabete barru","_[other]":"{{value}} hilabete barru"},"years-until-long":{"_":"{[ plural(value) ]}","_[zero]":"aurten","_[one]":"hurrengo urtean","_[two]":"{{value}} urte barru","_[few]":"{{value}} urte barru","_[many]":"{{value}} urte barru","_[other]":"{{value}} urte barru"},"minutes-ago-short":{"_":"{[ plural(value) ]}","_[zero]":"oraintxe bertan","_[other]":"duela {{value}}m"},"hours-ago-short":{"_":"{[ plural(value) ]}","_[zero]":"oraintxe bertan","_[other]":"duela {{value}}h"},"days-ago-short":{"_":"{[ plural(value) ]}","_[zero]":"gaur","_[other]":"duela {{value}}eg."},"minutes-until-short":{"_":"{[ plural(value) ]}","_[zero]":"orain","_[other]":"{{value}}m barru"},"hours-until-short":{"_":"{[ plural(value) ]}","_[zero]":"orain","_[other]":"{{value}}h barru"},"days-until-short":{"_":"{[ plural(value) ]}","_[zero]":"gaur","_[other]":"{{value}}eg. barru"},"incorrectDate":{"_":"(data okerra)"},"dateTimeFormat_%c":{"_":"%a, %Y.eko %Bren %ea %H:%M:%S"},"dateTimeFormat_%x":{"_":"%Y/%m/%d"},"dateTimeFormat_%X":{"_":"%H:%M:%S"},"shortTimeFormat":{"_":"%H:%M"},"shortDateTimeFormat":{"_":"%x %H:%M"},"weekStartsOnMonday":{"_":"1"},"time_am":{"_":"AM"},"time_pm":{"_":"PM"}}