{"Showbiz":{"_":"Espectáculos"},"Social":{"_":"Social"},"Games":{"_":"Xogos"},"Music":{"_":"Música"},"add-to-home-screen":{"_":"Add to Home Screen"},"add-to-home-screen-header":{"_":"Add link"},"website-name":{"_":"Website name"},"address":{"_":"Address"},"added-to-home-screen":{"_":"Added to Home Screen"},"wrapper-search-name":{"_":"{{topic}} en {{name}}"},"contextmenu-add-wallpaper":{"_":"Cambiar fondo de pantalla"},"contextmenu-add-smart-collections":{"_":"Engadir coleccións intelixentes"},"delete-title":{"_":"Eliminar{{name}}"},"delete-body":{"_":"Eliminarase {{name}} e todos os seus datos."},"delete":{"_":"Eliminar"},"cancel":{"_":"Cancelar"},"remove-title-2":{"_":"Retirar {{name}}"},"remove-body":{"_":"Quere retirar {{name}} da pantalla inicial?"},"remove":{"_":"Retirar"},"longDateFormat":{"_":"%A, %e de %B"},"download":{"_":"Descargar"},"restart-download-title":{"_":"Reiniciar a descarga"},"restart-download-body":{"_":"Quere descargar {{name}}?"},"loadingEvme2":{"_":"Cargando…"},"evme-searchbar-default":{"_":"Todo…","placeholder":"Estou interesado en…"},"evme-searchbar-default2":{"_":"Estou interesado en…","placeholder":"Estou interesado en…"},"evme-searchbar-clear":{"_":"Atrás"},"evme-searchbar-title":{"_":"Todo"},"evme-helper-default":{"_":"Escriba un tema ou unha busca"},"evme-helper-default2":{"_":"Escriba calquera tema ou palabra clave"},"evme-helper-dismiss":{"_":"Rexeitar"},"evme-helper-no-refine":{"_":"Non se atoparon opcións"},"evme-helper-history-title":{"_":"Historial:"},"evme-helper-history-link":{"_":"Historial"},"evme-helper-history-clear":{"_":"Limpar historial"},"evme-helper-didyoumean-title":{"_":"Quizais quixo dicir:"},"evme-helper-refine-title":{"_":"Quizais quixo dicir:"},"evme-helper-title-prefix":{"_":"Todo"},"evme-helper-title-empty":{"_":"Todo"},"evme-apps-market-download":{"_":"Descargar"},"evme-apps-market-more-apps":{"_":"Máis aplicativos"},"evme-apps-loading-app":{"_":"Cargando…"},"evme-appsmore-loading":{"_":"Cargando…"},"evme-alert-app-install-confirm":{"_":"Quere engadir {{name}} á pantalla inicial?"},"evme-alert-app-install-exists":{"_":"{{name}} xa estaba engadida á pantalla inicial"},"evme-alert-offline-smart-collections-more":{"_":"Conéctese á Internet para engadir máis coleccións intelixentes"},"evme-alert-save-wallpaper":{"_":"Establecer como fondo?"},"evme-alert-no-more-smart-collections":{"_":"Ningunha colección intelixente para engadir"},"evme-banner-app-install-success":{"_":"Engadiuse {{name}} á pantalla inicial"},"evme-banner-save-wallpaper":{"_":"Fondo estabelecido correctamente"},"evme-shortcuts-more":{"_":"Máis"},"evme-collectionssuggest-loading":{"_":"Cargando…"},"evme-collectionssuggest-loading-cancel":{"_":"Cancelar"},"evme-collectionssuggest-prompt-create-custom":{"_":"Crear a súa propia colección intelixente"},"evme-backgroundimage-source-label":{"_":"Orixe:"},"evme-collection-title-prefix":{"_":"Todo"},"evme-collection-title-suffix":{"_":"Teléfono"},"evme-collection-loading-more":{"_":"Cargando…"},"evme-connectionmessage-apps":{"_":"Conéctese á Internet para obter aplicativos para {{query}}"},"evme-connectionmessage-apps-has-installed":{"_":"Conéctese á Internet para obter máis aplicativos para {{query}}"},"evme-tips-app-explain":{"innerHTML":"Atope as cousas que quere cos mellores aplicativos."},"evme-tips-searchbar-focus":{"innerHTML":"Por exemplo, atope ao seu cantante ou grupo favorito…"},"evme-tips-exact-results":{"innerHTML":"Estes son os aplicativos para <b>{{query}}</b>,<br /><br /> toque calquera icona para abrilo."},"evme-shortcut-custom":{"_":"Personalizar…"},"evme-shortcut-id-astrology":{"_":"Astroloxía"},"evme-shortcut-id-autos":{"_":"Coches"},"evme-shortcut-id-beauty":{"_":"Beleza"},"evme-shortcut-id-books":{"_":"Libros"},"evme-shortcut-id-celebs":{"_":"Famosos"},"evme-shortcut-id-daily-deals":{"_":"Ofertas"},"evme-shortcut-id-dating":{"_":"Citas"},"evme-shortcut-id-electronics":{"_":"Electrónica"},"evme-shortcut-id-email":{"_":"Correo"},"evme-shortcut-id-entertainment":{"_":"Entretemento"},"evme-shortcut-id-environment":{"_":"Natureza"},"evme-shortcut-id-fashion":{"_":"Moda"},"evme-shortcut-id-funny":{"_":"Diversión"},"evme-shortcut-id-games":{"_":"Xogos"},"evme-shortcut-id-government":{"_":"Política"},"evme-shortcut-id-health":{"_":"Saúde"},"evme-shortcut-id-jobs":{"_":"Traballo"},"evme-shortcut-id-local":{"_":"Local"},"evme-shortcut-id-maps":{"_":"Mapas"},"evme-shortcut-id-movies":{"_":"Películas"},"evme-shortcut-id-music":{"_":"Música"},"evme-shortcut-id-new-apps":{"_":"Novos aplicativos"},"evme-shortcut-id-news":{"_":"Noticias"},"evme-shortcut-id-photography":{"_":"Fotografía"},"evme-shortcut-id-recipes":{"_":"Receitas"},"evme-shortcut-id-restaurants":{"_":"Restaurantes"},"evme-shortcut-id-shopping":{"_":"Compras"},"evme-shortcut-id-social":{"_":"Social"},"evme-shortcut-id-sports":{"_":"Deportes"},"evme-shortcut-id-tech-news":{"_":"Tecnoloxía"},"evme-shortcut-id-top-apps":{"_":"Populares"},"evme-shortcut-id-travel":{"_":"Viaxes"},"evme-shortcut-id-tv":{"_":"TV"},"evme-shortcut-id-video":{"_":"Vídeo"},"evme-shortcut-id-utilities":{"_":"Utilidades"},"evme-shortcut-id-weather":{"_":"Tempo"},"evme-add-to-top-of-collection":{"_":"Engadir ao inicio da colección"},"evme-save-to-homescreen":{"_":"Gardar na pantalla inicial"},"edit-dialog-header":{"_":"Editar"},"edit-dialog-name":{"_":"Nome do sitio web"},"edit-dialog-url":{"_":"Enderezo"},"edit-dialog-cancel":{"_":"Cancelar"},"edit-dialog-done":{"_":"Feito"},"weekday-0-long":{"_":"Domingo"},"weekday-1-long":{"_":"Luns"},"weekday-2-long":{"_":"Martes"},"weekday-3-long":{"_":"Mércores"},"weekday-4-long":{"_":"Xoves"},"weekday-5-long":{"_":"Venres"},"weekday-6-long":{"_":"Sábado"},"weekday-0-short":{"_":"Dom"},"weekday-1-short":{"_":"Lun"},"weekday-2-short":{"_":"Mar"},"weekday-3-short":{"_":"Mer"},"weekday-4-short":{"_":"Xov"},"weekday-5-short":{"_":"Ven"},"weekday-6-short":{"_":"Sab"},"month-0-long":{"_":"Xaneiro"},"month-1-long":{"_":"Febreiro"},"month-2-long":{"_":"Marzo"},"month-3-long":{"_":"Abril"},"month-4-long":{"_":"Maio"},"month-5-long":{"_":"Xuño"},"month-6-long":{"_":"Xullo"},"month-7-long":{"_":"Agosto"},"month-8-long":{"_":"Setembro"},"month-9-long":{"_":"Outubro"},"month-10-long":{"_":"Novembro"},"month-11-long":{"_":"Decembro"},"month-0-genitive":{"_":"Xaneiro"},"month-1-genitive":{"_":"Febreiro"},"month-2-genitive":{"_":"Marzo"},"month-3-genitive":{"_":"Abril"},"month-4-genitive":{"_":"Maio"},"month-5-genitive":{"_":"Xuño"},"month-6-genitive":{"_":"Xullo"},"month-7-genitive":{"_":"Agosto"},"month-8-genitive":{"_":"Setembro"},"month-9-genitive":{"_":"Outubro"},"month-10-genitive":{"_":"Novembro"},"month-11-genitive":{"_":"Decembro"},"month-0-short":{"_":"Xan"},"month-1-short":{"_":"Feb"},"month-2-short":{"_":"Mar"},"month-3-short":{"_":"Abr"},"month-4-short":{"_":"Maio"},"month-5-short":{"_":"Xun"},"month-6-short":{"_":"Xul"},"month-7-short":{"_":"Ago"},"month-8-short":{"_":"Set"},"month-9-short":{"_":"Out"},"month-10-short":{"_":"Nov"},"month-11-short":{"_":"Dec"},"minutes-ago-long":{"_":"{[ plural(value) ]}","_[zero]":"xusto agora","_[one]":"hai un minuto","_[two]":"hai {{value}} minutos","_[few]":"hai {{value}} minutos","_[many]":"hai {{value}} minutos","_[other]":"hai {{value}} minutos"},"hours-ago-long":{"_":"{[ plural(value) ]}","_[zero]":"xusto agora","_[one]":"hai unha hora","_[two]":"hai {{value}} horas","_[few]":"hai {{value}} horas","_[many]":"hai {{value}} horas","_[other]":"hai {{value}} horas"},"days-ago-long":{"_":"{[ plural(value) ]}","_[zero]":"hoxe","_[one]":"onte","_[two]":"hai {{value}} días","_[few]":"hai {{value}} días","_[many]":"hai {{value}} días","_[other]":"hai {{value}} días"},"weeks-ago-long":{"_":"{[ plural(value) ]}","_[zero]":"esta semana","_[one]":"a semana pasada","_[two]":"hai {{value}} semanas","_[few]":"hai {{value}} semanas","_[many]":"hai {{value}} semanas","_[other]":"hai {{value}} semanas"},"months-ago-long":{"_":"{[ plural(value) ]}","_[zero]":"Este mes","_[one]":"o mes pasado","_[two]":"hai {{value}} meses","_[few]":"hai {{value}} meses","_[many]":"hai {{value}} meses","_[other]":"hai {{value}} meses"},"years-ago-long":{"_":"{[ plural(value) ]}","_[zero]":"este ano","_[one]":"o ano pasado","_[two]":"hai {{value}} anos","_[few]":"hai {{value}} anos","_[many]":"hai {{value}} anos","_[other]":"hai {{value}} anos"},"minutes-until-long":{"_":"{[ plural(value) ]}","_[zero]":"agora","_[one]":"nun minuto","_[two]":"en {{value}} minutos","_[few]":"en {{value}} minutos","_[many]":"en {{value}} minutos","_[other]":"en {{value}} minutos"},"hours-until-long":{"_":"{[ plural(value) ]}","_[zero]":"agora","_[one]":"nunha hora","_[two]":"en {{value}} horas","_[few]":"en {{value}} horas","_[many]":"en {{value}} horas","_[other]":"en {{value}} horas"},"days-until-long":{"_":"{[ plural(value) ]}","_[zero]":"hoxe","_[one]":"mañá","_[two]":"en {{value}} días","_[few]":"en {{value}} días","_[many]":"en {{value}} días","_[other]":"en {{value}} días"},"weeks-until-long":{"_":"{[ plural(value) ]}","_[zero]":"esta semana","_[one]":"a semana que ven","_[two]":"en {{value}} semanas","_[few]":"en {{value}} semanas","_[many]":"en {{value}} semanas","_[other]":"en {{value}} semanas"},"months-until-long":{"_":"{[ plural(value) ]}","_[zero]":"Este mes","_[one]":"o mes que ven","_[two]":"en {{value}} meses","_[few]":"en {{value}} meses","_[many]":"en {{value}} meses","_[other]":"en {{value}} meses"},"years-until-long":{"_":"{[ plural(value) ]}","_[zero]":"este ano","_[one]":"o ano que ven","_[two]":"en {{value}} anos","_[few]":"en {{value}} anos","_[many]":"en {{value}} anos","_[other]":"en {{value}} anos"},"minutes-ago-short":{"_":"{[ plural(value) ]}","_[zero]":"xusto agora","_[other]":"hai {{value}}min"},"hours-ago-short":{"_":"{[ plural(value) ]}","_[zero]":"xusto agora","_[other]":"hai {{value}}h"},"days-ago-short":{"_":"{[ plural(value) ]}","_[zero]":"hoxe","_[other]":"hai {{value}}d"},"minutes-until-short":{"_":"{[ plural(value) ]}","_[zero]":"agora","_[other]":"en {{value}}min"},"hours-until-short":{"_":"{[ plural(value) ]}","_[zero]":"agora","_[other]":"en {{value}}h"},"days-until-short":{"_":"{[ plural(value) ]}","_[zero]":"hoxe","_[other]":"en {{value}}d"},"incorrectDate":{"_":"(data incorrecta)"},"dateTimeFormat_%c":{"_":"%a, %e de %b, %Y %H:%M:%S"},"dateTimeFormat_%x":{"_":"%d/%m/%Y"},"dateTimeFormat_%X":{"_":"%H:%M:%S"},"shortTimeFormat":{"_":"%H:%M"},"shortDateTimeFormat":{"_":"%x %H:%M %p"},"weekStartsOnMonday":{"_":"1"},"time_am":{"_":"AM"},"time_pm":{"_":"PM"}}