{"Showbiz":{"_":"Showbiz"},"Social":{"_":"Društveno"},"Games":{"_":"Igre"},"Music":{"_":"Glazba"},"add-to-home-screen":{"_":"Dodaj na početni zaslon"},"add-to-home-screen-header":{"_":"Dodaj poveznicu"},"website-name":{"_":"Website name"},"address":{"_":"Address"},"added-to-home-screen":{"_":"Dodano na početni zaslon"},"wrapper-search-name":{"_":"{{topic}} pri {{name}}"},"contextmenu-add-wallpaper":{"_":"Promijeni pozadinsku sliku"},"contextmenu-add-smart-collections":{"_":"Dodaj pametnu kolekciju"},"delete-title":{"_":"Obriši {{name}}"},"delete-body":{"_":"{{name}} i svi pripadajući podaci će biti obrisani."},"delete":{"_":"Obriši"},"cancel":{"_":"Otkaži"},"remove-title-2":{"_":"Uklanjanje {{name}}"},"remove-body":{"_":"Ukloniti {{name}} s početnog zaslona?"},"remove":{"_":"Ukloni"},"longDateFormat":{"_":"%A, %e %B"},"download":{"_":"Preuzmi"},"restart-download-title":{"_":"Ponovno pokretanje preuzimanja"},"restart-download-body":{"_":"Želite li preuzeti {{name}}?"},"loadingEvme2":{"_":"Učitavanje…"},"evme-searchbar-default":{"_":"Sve…","placeholder":"I’m thinking of…"},"evme-searchbar-default2":{"_":"I’m thinking of…","placeholder":"I’m thinking of…"},"evme-searchbar-clear":{"_":"Natrag"},"evme-searchbar-title":{"_":"Sve"},"evme-helper-default":{"_":"Upišite bilo koju temu ili pojam"},"evme-helper-default2":{"_":"Upišite bilo koju temu ili pojam"},"evme-helper-dismiss":{"_":"Zanemari"},"evme-helper-no-refine":{"_":"Mogućnosti nisu pronađene"},"evme-helper-history-title":{"_":"Povijest:"},"evme-helper-history-link":{"_":"Povijest"},"evme-helper-history-clear":{"_":"Očisti povijest"},"evme-helper-didyoumean-title":{"_":"Jeste li mislili:"},"evme-helper-refine-title":{"_":"Jeste li mislili:"},"evme-helper-title-prefix":{"_":"Sve"},"evme-helper-title-empty":{"_":"Sve"},"evme-apps-market-download":{"_":"Preuzmi"},"evme-apps-market-more-apps":{"_":"Više aplikacija"},"evme-apps-loading-app":{"_":"Učitavanje…"},"evme-appsmore-loading":{"_":"Učitavanje…"},"evme-alert-app-install-confirm":{"_":"Dodati {{name}} na početni zaslon?"},"evme-alert-app-install-exists":{"_":"{{name}} je već dodan na početni zaslon"},"evme-alert-offline-smart-collections-more":{"_":"Povežite se na Internet da biste dodali više pametnih kolekcija"},"evme-alert-save-wallpaper":{"_":"Postaviti kao pozadinu?"},"evme-alert-no-more-smart-collections":{"_":"Nema pametne kolekcije za dodati"},"evme-banner-app-install-success":{"_":"{{name}} je dodan na početni zaslon"},"evme-banner-save-wallpaper":{"_":"Pozadina uspješno postavljena"},"evme-shortcuts-more":{"_":"Više"},"evme-collectionssuggest-loading":{"_":"Učitavanje…"},"evme-collectionssuggest-loading-cancel":{"_":"Otkaži"},"evme-collectionssuggest-prompt-create-custom":{"_":"Stvorite vlastitu pametnu kolekciju"},"evme-backgroundimage-source-label":{"_":"Izvor:"},"evme-collection-title-prefix":{"_":"Sve"},"evme-collection-title-suffix":{"_":"Telefon"},"evme-collection-loading-more":{"_":"Učitavanje…"},"evme-connectionmessage-apps":{"_":"Da biste dobili aplikacije za {{query}}, trebate se povezati na Internet"},"evme-connectionmessage-apps-has-installed":{"_":"Povežite se na Internet da biste dobili još više aplikacija za {{query}}"},"evme-tips-app-explain":{"innerHTML":"Pronađite stvari koje volite s najboljim aplikacijama."},"evme-tips-searchbar-focus":{"innerHTML":"Na primjer, pronađite svojeg omiljenog pjevača ili bend…"},"evme-tips-exact-results":{"innerHTML":"Ovo su aplikacije za <b>{{query}}</b>,<br /><br /> pritisnite bilo koju ikonu za otvaranje."},"evme-shortcut-custom":{"_":"Custom…"},"evme-shortcut-id-astrology":{"_":"Astrologija"},"evme-shortcut-id-autos":{"_":"Automobili"},"evme-shortcut-id-beauty":{"_":"Ljepota"},"evme-shortcut-id-books":{"_":"Knjige"},"evme-shortcut-id-celebs":{"_":"Slavni"},"evme-shortcut-id-daily-deals":{"_":"Dnevne ponude"},"evme-shortcut-id-dating":{"_":"Spojevi"},"evme-shortcut-id-electronics":{"_":"Elektronika"},"evme-shortcut-id-email":{"_":"E-pošta"},"evme-shortcut-id-entertainment":{"_":"Zabava"},"evme-shortcut-id-environment":{"_":"Okoliš"},"evme-shortcut-id-fashion":{"_":"Moda"},"evme-shortcut-id-funny":{"_":"Zabava"},"evme-shortcut-id-games":{"_":"Igre"},"evme-shortcut-id-government":{"_":"Vlada"},"evme-shortcut-id-health":{"_":"Zdravlje"},"evme-shortcut-id-jobs":{"_":"Posao"},"evme-shortcut-id-local":{"_":"Lokalno"},"evme-shortcut-id-maps":{"_":"Karte"},"evme-shortcut-id-movies":{"_":"Filmovi"},"evme-shortcut-id-music":{"_":"Glazba"},"evme-shortcut-id-new-apps":{"_":"Nove aplikacije"},"evme-shortcut-id-news":{"_":"Vijesti"},"evme-shortcut-id-photography":{"_":"Fotografija"},"evme-shortcut-id-recipes":{"_":"Recepti"},"evme-shortcut-id-restaurants":{"_":"Restorani"},"evme-shortcut-id-shopping":{"_":"Kupovina"},"evme-shortcut-id-social":{"_":"Društveno"},"evme-shortcut-id-sports":{"_":"Sportovi"},"evme-shortcut-id-tech-news":{"_":"Tehnološke vijesti"},"evme-shortcut-id-top-apps":{"_":"Najpopularnije aplikacije"},"evme-shortcut-id-travel":{"_":"Putovanja"},"evme-shortcut-id-tv":{"_":"TV"},"evme-shortcut-id-video":{"_":"Video"},"evme-shortcut-id-utilities":{"_":"Alati"},"evme-shortcut-id-weather":{"_":"Vremenska prognoza"},"evme-add-to-top-of-collection":{"_":"Dodaj na vrh kolekcije"},"evme-save-to-homescreen":{"_":"Spremi na početni ekran"},"edit-dialog-header":{"_":"Edit"},"edit-dialog-name":{"_":"Website name"},"edit-dialog-url":{"_":"Address"},"edit-dialog-cancel":{"_":"Cancel"},"edit-dialog-done":{"_":"Done"},"weekday-0-long":{"_":"Nedjelja"},"weekday-1-long":{"_":"Ponedjeljak"},"weekday-2-long":{"_":"Utorak"},"weekday-3-long":{"_":"Srijeda"},"weekday-4-long":{"_":"Četvrtak"},"weekday-5-long":{"_":"Petak"},"weekday-6-long":{"_":"Subota"},"weekday-0-short":{"_":"Ned"},"weekday-1-short":{"_":"Pon"},"weekday-2-short":{"_":"Uto"},"weekday-3-short":{"_":"Sri"},"weekday-4-short":{"_":"Čet"},"weekday-5-short":{"_":"Pet"},"weekday-6-short":{"_":"Sub"},"month-0-long":{"_":"Siječanj"},"month-1-long":{"_":"Veljača"},"month-2-long":{"_":"Ožujak"},"month-3-long":{"_":"Travanj"},"month-4-long":{"_":"Svibanj"},"month-5-long":{"_":"Lipanj"},"month-6-long":{"_":"Srpanj"},"month-7-long":{"_":"Kolovoz"},"month-8-long":{"_":"Rujan"},"month-9-long":{"_":"Listopad"},"month-10-long":{"_":"Studeni"},"month-11-long":{"_":"Prosinac"},"month-0-genitive":{"_":"Siječnja"},"month-1-genitive":{"_":"Veljače"},"month-2-genitive":{"_":"Ožujka"},"month-3-genitive":{"_":"Travnja"},"month-4-genitive":{"_":"Svibnja"},"month-5-genitive":{"_":"Lipnja"},"month-6-genitive":{"_":"Srpnja"},"month-7-genitive":{"_":"Kolovoza"},"month-8-genitive":{"_":"Rujna"},"month-9-genitive":{"_":"Listopada"},"month-10-genitive":{"_":"Studenoga"},"month-11-genitive":{"_":"Prosinca"},"month-0-short":{"_":"Sij"},"month-1-short":{"_":"Velj"},"month-2-short":{"_":"Ožu"},"month-3-short":{"_":"Tra"},"month-4-short":{"_":"Svi"},"month-5-short":{"_":"Lip"},"month-6-short":{"_":"Srp"},"month-7-short":{"_":"Kol"},"month-8-short":{"_":"Ruj"},"month-9-short":{"_":"Lis"},"month-10-short":{"_":"Stu"},"month-11-short":{"_":"Pro"},"minutes-ago-long":{"_":"{[ plural(value) ]}","_[zero]":"upravo","_[one]":"prije minutu","_[two]":"prije {{value}} minute","_[few]":"prije {{value}} minutes","_[many]":"prije {{value}} minuta","_[other]":"prije {{value}} minuta"},"hours-ago-long":{"_":"{[ plural(value) ]}","_[zero]":"upravo","_[one]":"prije sat vremena","_[two]":"prije {{value}} sata","_[few]":"prije {{value}} sati","_[many]":"prije {{value}} sati","_[other]":"prije {{value}} sati"},"days-ago-long":{"_":"{[ plural(value) ]}","_[zero]":"danas","_[one]":"jučer","_[two]":"prije {{value}} dana","_[few]":"prije {{value}} dana","_[many]":"prije {{value}} dana","_[other]":"prije {{value}} dana"},"weeks-ago-long":{"_":"{[ plural(value) ]}","_[zero]":"ovaj tjedan","_[one]":"prošli tjedan","_[two]":"prije {{value}} tjedna","_[few]":"prije {{value}} tjedana","_[many]":"prije {{value}} tjedana","_[other]":"prije {{value}} tjedana"},"months-ago-long":{"_":"{[ plural(value) ]}","_[zero]":"ovaj mjesec","_[one]":"prošli mjesec","_[two]":"prije {{value}} mjeseca","_[few]":"prije {{value}} mjeseci","_[many]":"prije {{value}} mjeseci","_[other]":"prije {{value}} mjeseci"},"years-ago-long":{"_":"{[ plural(value) ]}","_[zero]":"ove godine","_[one]":"prošle godine","_[two]":"prije {{value}} godine","_[few]":"prije {{value}} godina","_[many]":"prije {{value}} godina","_[other]":"prije {{value}} godina"},"minutes-until-long":{"_":"{[ plural(value) ]}","_[zero]":"upravo","_[one]":"za minutu","_[two]":"za {{value}} minute","_[few]":"za {{value}} minuta","_[many]":"za {{value}} minuta","_[other]":"za {{value}} minuta"},"hours-until-long":{"_":"{[ plural(value) ]}","_[zero]":"upravo","_[one]":"za sat vremena","_[two]":"za {{value}} sata","_[few]":"za {{value}} sati","_[many]":"za {{value}} sati","_[other]":"za {{value}} sati"},"days-until-long":{"_":"{[ plural(value) ]}","_[zero]":"danas","_[one]":"sutra","_[two]":"za {{value}} dana","_[few]":"za {{value}} dana","_[many]":"za {{value}} dana","_[other]":"za {{value}} dana"},"weeks-until-long":{"_":"{[ plural(value) ]}","_[zero]":"ovaj tjedan","_[one]":"idući tjedan","_[two]":"za {{value}} tjedna","_[few]":"za {{value}} tjedana","_[many]":"za {{value}} tjedana","_[other]":"za {{value}} tjedana"},"months-until-long":{"_":"{[ plural(value) ]}","_[zero]":"ovaj mjesec","_[one]":"idući mjesec","_[two]":"za {{value}} mjeseca","_[few]":"za {{value}} mjeseci","_[many]":"za {{value}} mjeseci","_[other]":"za {{value}} mjeseci"},"years-until-long":{"_":"{[ plural(value) ]}","_[zero]":"ove godine","_[one]":"iduće godine","_[two]":"za {{value}} godine","_[few]":"za {{value}} godina","_[many]":"za {{value}} godina","_[other]":"za {{value}} godina"},"minutes-ago-short":{"_":"{[ plural(value) ]}","_[zero]":"upravo","_[other]":"prije {{value}}m"},"hours-ago-short":{"_":"{[ plural(value) ]}","_[zero]":"upravo","_[other]":"prije {{value}}s"},"days-ago-short":{"_":"{[ plural(value) ]}","_[zero]":"danas","_[other]":"prije {{value}}d"},"minutes-until-short":{"_":"{[ plural(value) ]}","_[zero]":"sada","_[other]":"za {{value}}m"},"hours-until-short":{"_":"{[ plural(value) ]}","_[zero]":"sada","_[other]":"za {{value}}s"},"days-until-short":{"_":"{[ plural(value) ]}","_[zero]":"danas","_[other]":"za {{value}}d"},"incorrectDate":{"_":"(netočan datum)"},"dateTimeFormat_%c":{"_":"%a %e %b %Y %H:%M:%S"},"dateTimeFormat_%x":{"_":"%d.%m.%Y"},"dateTimeFormat_%X":{"_":"%H:%M:%S"},"shortTimeFormat":{"_":"%H:%M"},"shortDateTimeFormat":{"_":"%x %H:%M"},"weekStartsOnMonday":{"_":"1"},"time_am":{"_":"AM"},"time_pm":{"_":"PM"}}