{"Showbiz":{"_":"Szórakozás"},"Social":{"_":"Közösség"},"Games":{"_":"Játék"},"Music":{"_":"Zene"},"add-to-home-screen":{"_":"Kezdőképernyőre"},"add-to-home-screen-header":{"_":"Hivatkozás felvétele"},"website-name":{"_":"Webhely neve"},"address":{"_":"Cím"},"added-to-home-screen":{"_":"Hozzáadva a kezdőképernyőhöz."},"wrapper-search-name":{"_":"{{topic}} ezen: {{name}}"},"contextmenu-add-wallpaper":{"_":"Háttér módosítása"},"contextmenu-add-smart-collections":{"_":"Okos gyűjtemény felvétele"},"delete-title":{"_":"{{name}} törlése"},"delete-body":{"_":"{{name}} és minden adata törlésre kerül."},"delete":{"_":"Törlés"},"cancel":{"_":"Mégse"},"remove-title-2":{"_":"{{name}} eltávolítása"},"remove-body":{"_":"{{name}} eltávolítása a kezdőképernyőről?"},"remove":{"_":"Eltávolítás"},"longDateFormat":{"_":"%B %e., %A"},"download":{"_":"Download"},"restart-download-title":{"_":"Letöltés újraindítása"},"restart-download-body":{"_":"Szeretné letölteni ezt: {{name}}?"},"loadingEvme2":{"_":"Betöltés…"},"evme-searchbar-default":{"_":"Minden…","placeholder":"Erre gondolok…"},"evme-searchbar-default2":{"_":"Erre gondolok…","placeholder":"Erre gondolok…"},"evme-searchbar-clear":{"_":"Vissza"},"evme-searchbar-title":{"_":"Minden:"},"evme-helper-default":{"_":"Írjon be egy témát vagy keresőszót"},"evme-helper-default2":{"_":"Írjon be egy témát/kulcsszót"},"evme-helper-dismiss":{"_":"Bezárás"},"evme-helper-no-refine":{"_":"Nem találhatók lehetőségek"},"evme-helper-history-title":{"_":"Előzmények:"},"evme-helper-history-link":{"_":"Előzmények"},"evme-helper-history-clear":{"_":"Előzmények törlése"},"evme-helper-didyoumean-title":{"_":"Talán erre gondolt:"},"evme-helper-refine-title":{"_":"Talán erre gondolt:"},"evme-helper-title-prefix":{"_":"Minden:"},"evme-helper-title-empty":{"_":"Minden:"},"evme-apps-market-download":{"_":"Letöltés"},"evme-apps-market-more-apps":{"_":"Több app"},"evme-apps-loading-app":{"_":"Betöltés…"},"evme-appsmore-loading":{"_":"Betöltés…"},"evme-alert-app-install-confirm":{"_":"Felveszi a kezdőképernyőre ezt: {{name}}"},"evme-alert-app-install-exists":{"_":"{{name}} már fel van véve a kezdőképernyőre"},"evme-alert-offline-smart-collections-more":{"_":"Csatlakozzon az internetre több okos gyűjtemény felvételéhez"},"evme-alert-save-wallpaper":{"_":"Beállítja háttérképként"},"evme-alert-no-more-smart-collections":{"_":"Nincs felvehető okos gyűjtemény"},"evme-banner-app-install-success":{"_":"{{name}} felvéve a kezdőképernyőre"},"evme-banner-save-wallpaper":{"_":"Háttérkép beállítva"},"evme-shortcuts-more":{"_":"Több"},"evme-collectionssuggest-loading":{"_":"Betöltés…"},"evme-collectionssuggest-loading-cancel":{"_":"Mégse"},"evme-collectionssuggest-prompt-create-custom":{"_":"Saját okos gyűjtemény létrehozása"},"evme-backgroundimage-source-label":{"_":"Forrás:"},"evme-collection-title-prefix":{"_":"Minden:"},"evme-collection-title-suffix":{"_":"Telefon"},"evme-collection-loading-more":{"_":"Betöltés…"},"evme-connectionmessage-apps":{"_":"Csatlakozzon az internetre további appok beszerzéséhez {{query}} témában"},"evme-connectionmessage-apps-has-installed":{"_":"Csatlakozzon az internetre még több app beszerzéséhez beszerzéséhez {{query}} témában"},"evme-tips-app-explain":{"innerHTML":"Keresse meg amit szeret a legmenőbb appokkal."},"evme-tips-searchbar-focus":{"innerHTML":"Például a kedvenc énekesét vagy zenekarát…"},"evme-tips-exact-results":{"innerHTML":"Az alábbi appok felelnek meg ennek: <b>{{query}}</b>,<br /><br /> koppintson az ikonra a megnyitásához."},"evme-shortcut-custom":{"_":"Egyéni…"},"evme-shortcut-id-astrology":{"_":"Asztrológia"},"evme-shortcut-id-autos":{"_":"Autó"},"evme-shortcut-id-beauty":{"_":"Szépség"},"evme-shortcut-id-books":{"_":"Könyv"},"evme-shortcut-id-celebs":{"_":"Celeb"},"evme-shortcut-id-daily-deals":{"_":"Kupon"},"evme-shortcut-id-dating":{"_":"Randizás"},"evme-shortcut-id-electronics":{"_":"Elektronika"},"evme-shortcut-id-email":{"_":"E-mail"},"evme-shortcut-id-entertainment":{"_":"Szórakozás"},"evme-shortcut-id-environment":{"_":"Környezet"},"evme-shortcut-id-fashion":{"_":"Divat"},"evme-shortcut-id-funny":{"_":"Vicces"},"evme-shortcut-id-games":{"_":"Játék"},"evme-shortcut-id-government":{"_":"Kormányzat"},"evme-shortcut-id-health":{"_":"Egészség"},"evme-shortcut-id-jobs":{"_":"Állás"},"evme-shortcut-id-local":{"_":"Helyi"},"evme-shortcut-id-maps":{"_":"Térkép"},"evme-shortcut-id-movies":{"_":"Film"},"evme-shortcut-id-music":{"_":"Zene"},"evme-shortcut-id-new-apps":{"_":"Új app"},"evme-shortcut-id-news":{"_":"Hírek"},"evme-shortcut-id-photography":{"_":"Fotók"},"evme-shortcut-id-recipes":{"_":"Recept"},"evme-shortcut-id-restaurants":{"_":"Étterem"},"evme-shortcut-id-shopping":{"_":"Vásárlás"},"evme-shortcut-id-social":{"_":"Közösség"},"evme-shortcut-id-sports":{"_":"Sport"},"evme-shortcut-id-tech-news":{"_":"Tech hírek"},"evme-shortcut-id-top-apps":{"_":"Menő app"},"evme-shortcut-id-travel":{"_":"Utazás"},"evme-shortcut-id-tv":{"_":"TV"},"evme-shortcut-id-video":{"_":"Videó"},"evme-shortcut-id-utilities":{"_":"Eszközök"},"evme-shortcut-id-weather":{"_":"Időjárás"},"evme-add-to-top-of-collection":{"_":"Gyűjtemény tetejéhez adás"},"evme-save-to-homescreen":{"_":"Kezdőképernyőre mentés"},"edit-dialog-header":{"_":"Szerkesztés"},"edit-dialog-name":{"_":"Webhely neve"},"edit-dialog-url":{"_":"Cím"},"edit-dialog-cancel":{"_":"Mégse"},"edit-dialog-done":{"_":"Bezárás"},"weekday-0-long":{"_":"Vasárnap"},"weekday-1-long":{"_":"Hétfő"},"weekday-2-long":{"_":"Kedd"},"weekday-3-long":{"_":"Szerda"},"weekday-4-long":{"_":"Csütörtök"},"weekday-5-long":{"_":"Péntek"},"weekday-6-long":{"_":"Szombat"},"weekday-0-short":{"_":"Va."},"weekday-1-short":{"_":"Hé."},"weekday-2-short":{"_":"Ke."},"weekday-3-short":{"_":"Sze."},"weekday-4-short":{"_":"Csü."},"weekday-5-short":{"_":"Pé."},"weekday-6-short":{"_":"Szo."},"month-0-long":{"_":"Január"},"month-1-long":{"_":"Február"},"month-2-long":{"_":"Március"},"month-3-long":{"_":"Április"},"month-4-long":{"_":"Május"},"month-5-long":{"_":"Június"},"month-6-long":{"_":"Július"},"month-7-long":{"_":"Augusztus"},"month-8-long":{"_":"Szeptember"},"month-9-long":{"_":"Október"},"month-10-long":{"_":"November"},"month-11-long":{"_":"December"},"month-0-genitive":{"_":"Január"},"month-1-genitive":{"_":"Február"},"month-2-genitive":{"_":"Március"},"month-3-genitive":{"_":"Április"},"month-4-genitive":{"_":"Május"},"month-5-genitive":{"_":"Június"},"month-6-genitive":{"_":"Július"},"month-7-genitive":{"_":"Augusztus"},"month-8-genitive":{"_":"Szeptember"},"month-9-genitive":{"_":"Október"},"month-10-genitive":{"_":"November"},"month-11-genitive":{"_":"December"},"month-0-short":{"_":"Jan"},"month-1-short":{"_":"Feb"},"month-2-short":{"_":"Már"},"month-3-short":{"_":"Ápr"},"month-4-short":{"_":"Máj"},"month-5-short":{"_":"Jún"},"month-6-short":{"_":"Júl"},"month-7-short":{"_":"Aug"},"month-8-short":{"_":"Szep"},"month-9-short":{"_":"Okt"},"month-10-short":{"_":"Nov"},"month-11-short":{"_":"Dec"},"minutes-ago-long":{"_":"{[ plural(value) ]}","_[zero]":"épp most","_[one]":"egy perccel ezelőtt","_[two]":"{{value}} perccel ezelőtt","_[few]":"{{value}} perccel ezelőtt","_[many]":"{{value}} perccel ezelőtt","_[other]":"{{value}} perccel ezelőtt"},"hours-ago-long":{"_":"{[ plural(value) ]}","_[zero]":"épp most","_[one]":"egy órája","_[two]":"{{value}} órával ezelőtt","_[few]":"{{value}} órával ezelőtt","_[many]":"{{value}} órával ezelőtt","_[other]":"{{value}} órával ezelőtt"},"days-ago-long":{"_":"{[ plural(value) ]}","_[zero]":"ma","_[one]":"tegnap","_[two]":"{{value}} nappal ezelőtt","_[few]":"{{value}} nappal ezelőtt","_[many]":"{{value}} nappal ezelőtt","_[other]":"{{value}} nappal ezelőtt"},"weeks-ago-long":{"_":"{[ plural(value) ]}","_[zero]":"ez a hét","_[one]":"múlt hét","_[two]":"{{value}} héttel ezelőtt","_[few]":"{{value}} héttel ezelőtt","_[many]":"{{value}} héttel ezelőtt","_[other]":"{{value}} héttel ezelőtt"},"months-ago-long":{"_":"{[ plural(value) ]}","_[zero]":"ez a hónap","_[one]":"előző hónap","_[two]":"{{value}} hónappal ezelőtt","_[few]":"{{value}} hónappal ezelőtt","_[many]":"{{value}} hónappal ezelőtt","_[other]":"{{value}} hónappal ezelőtt"},"years-ago-long":{"_":"{[ plural(value) ]}","_[zero]":"ez az év","_[one]":"tavaly","_[two]":"{{value}} évvel ezelőtt","_[few]":"{{value}} évvel ezelőtt","_[many]":"{{value}} évvel ezelőtt","_[other]":"{{value}} évvel ezelőtt"},"minutes-until-long":{"_":"{[ plural(value) ]}","_[zero]":"most","_[one]":"egy percen belül","_[two]":"{{value}} percen belül","_[few]":"{{value}} percen belül","_[many]":"{{value}} percen belül","_[other]":"{{value}} percen belül"},"hours-until-long":{"_":"{[ plural(value) ]}","_[zero]":"most","_[one]":"egy órán belül","_[two]":"{{value}} órán belül","_[few]":"{{value}} órán belül","_[many]":"{{value}} órán belül","_[other]":"{{value}} órán belül"},"days-until-long":{"_":"{[ plural(value) ]}","_[zero]":"ma","_[one]":"holnap","_[two]":"{{value}} napon belül","_[few]":"{{value}} napon belül","_[many]":"{{value}} napon belül","_[other]":"{{value}} napon belül"},"weeks-until-long":{"_":"{[ plural(value) ]}","_[zero]":"ez a hét","_[one]":"következő hét","_[two]":"{{value}} héten belül","_[few]":"{{value}} héten belül","_[many]":"{{value}} héten belül","_[other]":"{{value}} héten belül"},"months-until-long":{"_":"{[ plural(value) ]}","_[zero]":"ez a hónap","_[one]":"következő hónap","_[two]":"{{value}} héten belül","_[few]":"{{value}} héten belül","_[many]":"{{value}} héten belül","_[other]":"{{value}} héten belül"},"years-until-long":{"_":"{[ plural(value) ]}","_[zero]":"ez az év","_[one]":"következő év","_[two]":"{{value}} éven belül","_[few]":"{{value}} éven belül","_[many]":"{{value}} éven belül","_[other]":"{{value}} éven belül"},"minutes-ago-short":{"_":"{[ plural(value) ]}","_[zero]":"épp most","_[other]":"{{value}}p ezelőtt"},"hours-ago-short":{"_":"{[ plural(value) ]}","_[zero]":"épp most","_[other]":"{{value}}ó ezelőtt"},"days-ago-short":{"_":"{[ plural(value) ]}","_[zero]":"ma","_[other]":"{{value}}n ezelőtt"},"minutes-until-short":{"_":"{[ plural(value) ]}","_[zero]":"most","_[other]":"{{value}} percen belül"},"hours-until-short":{"_":"{[ plural(value) ]}","_[zero]":"most","_[other]":"{{value}} órán belül"},"days-until-short":{"_":"{[ plural(value) ]}","_[zero]":"ma","_[other]":"{{value}} napon belül"},"incorrectDate":{"_":"(helytelen dátum)"},"dateTimeFormat_%c":{"_":"%Y. %b %d %a %H:%M:%S"},"dateTimeFormat_%x":{"_":"%Y. %m. %d."},"dateTimeFormat_%X":{"_":"%H:%M:%S"},"shortTimeFormat":{"_":"%H:%M"},"shortDateTimeFormat":{"_":"%x %H:%M"},"weekStartsOnMonday":{"_":"0"},"time_am":{"_":"DE"},"time_pm":{"_":"DU"}}