{"Showbiz":{"_":"Showbiz"},"Social":{"_":"Social"},"Games":{"_":"Giochi"},"Music":{"_":"Musica"},"add-to-home-screen":{"_":"Add to Home Screen"},"add-to-home-screen-header":{"_":"Add link"},"website-name":{"_":"Website name"},"address":{"_":"Address"},"added-to-home-screen":{"_":"Added to Home Screen"},"wrapper-search-name":{"_":"{{topic}} su {{name}}"},"contextmenu-add-wallpaper":{"_":"Modifica sfondo"},"contextmenu-add-smart-collections":{"_":"Aggiungi Raccolte smart"},"delete-title":{"_":"Elimina {{name}}"},"delete-body":{"_":"Verranno eliminati {{name}} e tutti i dati collegati."},"delete":{"_":"Elimina"},"cancel":{"_":"Annulla"},"remove-title-2":{"_":"Elimina {{name}}"},"remove-body":{"_":"Eliminare {{name}} dalla schermata principale?"},"remove":{"_":"Elimina"},"longDateFormat":{"_":"%A %e %B"},"download":{"_":"Download"},"restart-download-title":{"_":"Riavvia download"},"restart-download-body":{"_":"Procedere con il download di {{name}}?"},"loadingEvme2":{"_":"Caricamento…"},"evme-searchbar-default":{"_":"Everything…","placeholder":"Pensavo a…"},"evme-searchbar-default2":{"_":"Pensavo a…","placeholder":"Pensavo a…"},"evme-searchbar-clear":{"_":"Indietro"},"evme-searchbar-title":{"_":"Everything"},"evme-helper-default":{"_":"Inserire un argomento o una chiave di ricerca"},"evme-helper-default2":{"_":"Inserire un argomento"},"evme-helper-dismiss":{"_":"Chiudi"},"evme-helper-no-refine":{"_":"Nessuna opzione disponibile"},"evme-helper-history-title":{"_":"Cronologia:"},"evme-helper-history-link":{"_":"Cronologia"},"evme-helper-history-clear":{"_":"Cancella cronologia"},"evme-helper-didyoumean-title":{"_":"Forse intendevi:"},"evme-helper-refine-title":{"_":"Forse intendevi:"},"evme-helper-title-prefix":{"_":"Tutto"},"evme-helper-title-empty":{"_":"Tutto"},"evme-apps-market-download":{"_":"Scarica"},"evme-apps-market-more-apps":{"_":"Altre app"},"evme-apps-loading-app":{"_":"Caricamento…"},"evme-appsmore-loading":{"_":"Caricamento…"},"evme-alert-app-install-confirm":{"_":"Aggiungere {{name}} alla schermata principale?"},"evme-alert-app-install-exists":{"_":"{{name}} è già presente sulla schermata principale"},"evme-alert-offline-smart-collections-more":{"_":"Connettersi a Internet per aggiungere altre Raccolte smart"},"evme-alert-save-wallpaper":{"_":"Impostare come sfondo?"},"evme-alert-no-more-smart-collections":{"_":"Nessuna Raccolta smart da aggiungere"},"evme-banner-app-install-success":{"_":"{{name}} aggiunto alla schermata principale"},"evme-banner-save-wallpaper":{"_":"Sfondo impostato correttamente"},"evme-shortcuts-more":{"_":"Altro"},"evme-collectionssuggest-loading":{"_":"Caricamento…"},"evme-collectionssuggest-loading-cancel":{"_":"Annulla"},"evme-collectionssuggest-prompt-create-custom":{"_":"Crea la tua Raccolta smart"},"evme-backgroundimage-source-label":{"_":"Sorgente:"},"evme-collection-title-prefix":{"_":"Everything"},"evme-collection-title-suffix":{"_":"Telefono"},"evme-collection-loading-more":{"_":"Caricamento…"},"evme-connectionmessage-apps":{"_":"Collegarsi a Internet per scaricare app per {{query}}"},"evme-connectionmessage-apps-has-installed":{"_":"Collegarsi a Internet per scaricare altre app per {{query}}"},"evme-tips-app-explain":{"innerHTML":"Trova tutto ciò che ami grazie alle migliori app."},"evme-tips-searchbar-focus":{"innerHTML":"Ad esempio, il tuo cantante o il tuo gruppo preferito…"},"evme-tips-exact-results":{"innerHTML":"Queste sono le app per <b>{{query}}</b>,<br /><br /> tocca qualsiasi icona per aprirla."},"evme-shortcut-custom":{"_":"Personalizzata…"},"evme-shortcut-id-astrology":{"_":"Astrologia"},"evme-shortcut-id-autos":{"_":"Auto"},"evme-shortcut-id-beauty":{"_":"Bellezza"},"evme-shortcut-id-books":{"_":"Libri"},"evme-shortcut-id-celebs":{"_":"Celebrità"},"evme-shortcut-id-daily-deals":{"_":"Occasioni"},"evme-shortcut-id-dating":{"_":"Appuntamenti"},"evme-shortcut-id-electronics":{"_":"Elettronica"},"evme-shortcut-id-email":{"_":"Email"},"evme-shortcut-id-entertainment":{"_":"Divertimento"},"evme-shortcut-id-environment":{"_":"Ambiente"},"evme-shortcut-id-fashion":{"_":"Moda"},"evme-shortcut-id-funny":{"_":"Divertenti"},"evme-shortcut-id-games":{"_":"Giochi"},"evme-shortcut-id-government":{"_":"Governo"},"evme-shortcut-id-health":{"_":"Salute"},"evme-shortcut-id-jobs":{"_":"Lavoro"},"evme-shortcut-id-local":{"_":"Locali"},"evme-shortcut-id-maps":{"_":"Mappe"},"evme-shortcut-id-movies":{"_":"Film"},"evme-shortcut-id-music":{"_":"Musica"},"evme-shortcut-id-new-apps":{"_":"Nuove app"},"evme-shortcut-id-news":{"_":"Notizie"},"evme-shortcut-id-photography":{"_":"Fotografia"},"evme-shortcut-id-recipes":{"_":"Ricette"},"evme-shortcut-id-restaurants":{"_":"Ristoranti"},"evme-shortcut-id-shopping":{"_":"Shopping"},"evme-shortcut-id-social":{"_":"Social"},"evme-shortcut-id-sports":{"_":"Sport"},"evme-shortcut-id-tech-news":{"_":"Notizie tech"},"evme-shortcut-id-top-apps":{"_":"Top app"},"evme-shortcut-id-travel":{"_":"Viaggi"},"evme-shortcut-id-tv":{"_":"TV"},"evme-shortcut-id-video":{"_":"Video"},"evme-shortcut-id-utilities":{"_":"Utilità"},"evme-shortcut-id-weather":{"_":"Meteo"},"evme-add-to-top-of-collection":{"_":"Aggiungi all’inizio della raccolta"},"evme-save-to-homescreen":{"_":"Aggiungi alla schermata principale"},"edit-dialog-header":{"_":"Modifica"},"edit-dialog-name":{"_":"Nome sito web"},"edit-dialog-url":{"_":"Indirizzo"},"edit-dialog-cancel":{"_":"Annulla"},"edit-dialog-done":{"_":"Fatto"},"weekday-0-long":{"_":"domenica"},"weekday-1-long":{"_":"lunedì"},"weekday-2-long":{"_":"martedì"},"weekday-3-long":{"_":"mercoledì"},"weekday-4-long":{"_":"giovedì"},"weekday-5-long":{"_":"venerdì"},"weekday-6-long":{"_":"sabato"},"weekday-0-short":{"_":"dom"},"weekday-1-short":{"_":"lun"},"weekday-2-short":{"_":"mar"},"weekday-3-short":{"_":"mer"},"weekday-4-short":{"_":"gio"},"weekday-5-short":{"_":"ven"},"weekday-6-short":{"_":"sab"},"month-0-long":{"_":"gennaio"},"month-1-long":{"_":"febbraio"},"month-2-long":{"_":"marzo"},"month-3-long":{"_":"aprile"},"month-4-long":{"_":"maggio"},"month-5-long":{"_":"giugno"},"month-6-long":{"_":"luglio"},"month-7-long":{"_":"agosto"},"month-8-long":{"_":"settembre"},"month-9-long":{"_":"ottobre"},"month-10-long":{"_":"novembre"},"month-11-long":{"_":"dicembre"},"month-0-genitive":{"_":"gennaio"},"month-1-genitive":{"_":"febbraio"},"month-2-genitive":{"_":"marzo"},"month-3-genitive":{"_":"aprile"},"month-4-genitive":{"_":"maggio"},"month-5-genitive":{"_":"giugno"},"month-6-genitive":{"_":"luglio"},"month-7-genitive":{"_":"agosto"},"month-8-genitive":{"_":"settembre"},"month-9-genitive":{"_":"ottobre"},"month-10-genitive":{"_":"novembre"},"month-11-genitive":{"_":"dicembre"},"month-0-short":{"_":"gen"},"month-1-short":{"_":"feb"},"month-2-short":{"_":"mar"},"month-3-short":{"_":"apr"},"month-4-short":{"_":"mag"},"month-5-short":{"_":"giu"},"month-6-short":{"_":"lug"},"month-7-short":{"_":"ago"},"month-8-short":{"_":"set"},"month-9-short":{"_":"ott"},"month-10-short":{"_":"nov"},"month-11-short":{"_":"dic"},"minutes-ago-long":{"_":"{[ plural(value) ]}","_[zero]":"adesso","_[one]":"un minuto fa","_[two]":"{{value}} minuti fa","_[few]":"{{value}} minuti fa","_[many]":"{{value}} minuti fa","_[other]":"{{value}} minuti fa"},"hours-ago-long":{"_":"{[ plural(value) ]}","_[zero]":"adesso","_[one]":"un’ora fa","_[two]":"{{value}} ore fa","_[few]":"{{value}} ore fa","_[many]":"{{value}} ore fa","_[other]":"{{value}} ore fa"},"days-ago-long":{"_":"{[ plural(value) ]}","_[zero]":"oggi","_[one]":"ieri","_[two]":"{{value}} giorni fa","_[few]":"{{value}} giorni fa","_[many]":"{{value}} giorni fa","_[other]":"{{value}} giorni fa"},"weeks-ago-long":{"_":"{[ plural(value) ]}","_[zero]":"questa settimana","_[one]":"settimana scorsa","_[two]":"{{value}} settimane fa","_[few]":"{{value}} settimane fa","_[many]":"{{value}} settimane fa","_[other]":"{{value}} settimane fa"},"months-ago-long":{"_":"{[ plural(value) ]}","_[zero]":"questo mese","_[one]":"mese scorso","_[two]":"{{value}} mesi fa","_[few]":"{{value}} mesi fa","_[many]":"{{value}} mesi fa","_[other]":"{{value}} mesi fa"},"years-ago-long":{"_":"{[ plural(value) ]}","_[zero]":"quest’anno","_[one]":"anno scorso","_[two]":"{{value}} anni fa","_[few]":"{{value}} anni fa","_[many]":"{{value}} anni fa","_[other]":"{{value}} anni fa"},"minutes-until-long":{"_":"{[ plural(value) ]}","_[zero]":"adesso","_[one]":"tra un minuto","_[two]":"tra {{value}} minuti","_[few]":"tra {{value}} minuti","_[many]":"tra {{value}} minuti","_[other]":"tra {{value}} minuti"},"hours-until-long":{"_":"{[ plural(value) ]}","_[zero]":"adesso","_[one]":"tra un’ora","_[two]":"tra {{value}} ore","_[few]":"tra {{value}} ore","_[many]":"tra {{value}} ore","_[other]":"tra {{value}} ore"},"days-until-long":{"_":"{[ plural(value) ]}","_[zero]":"oggi","_[one]":"domani","_[two]":"tra {{value}} giorni","_[few]":"tra {{value}} giorni","_[many]":"tra {{value}} giorni","_[other]":"tra {{value}} giorni"},"weeks-until-long":{"_":"{[ plural(value) ]}","_[zero]":"questa settimana","_[one]":"prossima settimana","_[two]":"tra {{value}} settimane","_[few]":"tra {{value}} settimane","_[many]":"tra {{value}} settimane","_[other]":"tra {{value}} settimane"},"months-until-long":{"_":"{[ plural(value) ]}","_[zero]":"questo mese","_[one]":"prossimo mese","_[two]":"in {{value}} mesi","_[few]":"tra {{value}} mesi","_[many]":"tra {{value}} mesi","_[other]":"in {{value}} mesi"},"years-until-long":{"_":"{[ plural(value) ]}","_[zero]":"quest’anno","_[one]":"prossimo anno","_[two]":"tra {{value}} anni","_[few]":"tra {{value}} anni","_[many]":"tra {{value}} anni","_[other]":"tra {{value}} anni"},"minutes-ago-short":{"_":"{[ plural(value) ]}","_[zero]":"adesso","_[other]":"{{value}}m fa"},"hours-ago-short":{"_":"{[ plural(value) ]}","_[zero]":"adesso","_[other]":"{{value}}h fa"},"days-ago-short":{"_":"{[ plural(value) ]}","_[zero]":"oggi","_[other]":"{{value}}g fa"},"minutes-until-short":{"_":"{[ plural(value) ]}","_[zero]":"adesso","_[other]":"tra {{value}}m"},"hours-until-short":{"_":"{[ plural(value) ]}","_[zero]":"adesso","_[other]":"tra {{value}}h"},"days-until-short":{"_":"{[ plural(value) ]}","_[zero]":"oggi","_[other]":"tra {{value}}d"},"incorrectDate":{"_":"(data errata)"},"dateTimeFormat_%c":{"_":"%a %e %b %Y %H:%M:%S"},"dateTimeFormat_%x":{"_":"%d/%m/%Y"},"dateTimeFormat_%X":{"_":"%H:%M:%S"},"shortTimeFormat":{"_":"%H:%M"},"shortDateTimeFormat":{"_":"%x %H:%M"},"weekStartsOnMonday":{"_":"1"},"time_am":{"_":"AM"},"time_pm":{"_":"PM"}}