{"Showbiz":{"_":"Showbiz"},"Social":{"_":"ソーシャル"},"Games":{"_":"ゲーム"},"Music":{"_":"音楽"},"add-to-home-screen":{"_":"ホーム画面に追加"},"add-to-home-screen-header":{"_":"リンク追加"},"website-name":{"_":"Web サイト名"},"address":{"_":"URL"},"added-to-home-screen":{"_":"ホーム画面に追加しました"},"wrapper-search-name":{"_":"{{name}} の {{topic}}"},"contextmenu-add-wallpaper":{"_":"壁紙を変更"},"contextmenu-add-smart-collections":{"_":"スマートコレクションを追加"},"delete-title":{"_":"{{name}} を削除します"},"delete-body":{"_":"{{name}} とそのデータを削除しますか？"},"delete":{"_":"削除"},"cancel":{"_":"キャンセル"},"remove-title-2":{"_":"{{name}} を削除します"},"remove-body":{"_":"ホーム画面から {{name}} を削除しますか？"},"remove":{"_":"削除"},"longDateFormat":{"_":"%B%e日(%a)"},"download":{"_":"ダウンロード"},"restart-download-title":{"_":"ダウンロード再開"},"restart-download-body":{"_":"{{name}} をダウンロードしますか？"},"loadingEvme2":{"_":"読み込み中…"},"evme-searchbar-default":{"_":"Everything…","placeholder":"I’m thinking of…"},"evme-searchbar-default2":{"_":"I’m thinking of…","placeholder":"I’m thinking of…"},"evme-searchbar-clear":{"_":"戻る"},"evme-searchbar-title":{"_":"Everything"},"evme-helper-default":{"_":"トピックまたは検索語を入力してください"},"evme-helper-default2":{"_":"トピックまたはキーワードを入力してください"},"evme-helper-dismiss":{"_":"消去"},"evme-helper-no-refine":{"_":"オプションが見つかりません"},"evme-helper-history-title":{"_":"履歴:"},"evme-helper-history-link":{"_":"履歴"},"evme-helper-history-clear":{"_":"履歴を消去"},"evme-helper-didyoumean-title":{"_":"もしかして:"},"evme-helper-refine-title":{"_":"もしかして:"},"evme-helper-title-prefix":{"_":"Everything"},"evme-helper-title-empty":{"_":"Everything"},"evme-apps-market-download":{"_":"ダウンロード"},"evme-apps-market-more-apps":{"_":"他のアプリ"},"evme-apps-loading-app":{"_":"読み込み中…"},"evme-appsmore-loading":{"_":"読み込み中…"},"evme-alert-app-install-confirm":{"_":"{{name}} をホーム画面に追加しますか？"},"evme-alert-app-install-exists":{"_":"{{name}} は既にホーム画面に追加されています"},"evme-alert-offline-smart-collections-more":{"_":"スマートコレクションを追加するにはインターネットに接続してください"},"evme-alert-save-wallpaper":{"_":"壁紙に設定しますか？"},"evme-alert-no-more-smart-collections":{"_":"追加するスマートコレクションはありません"},"evme-banner-app-install-success":{"_":"{{name}} をホーム画面に追加しました"},"evme-banner-save-wallpaper":{"_":"壁紙に設定しました"},"evme-shortcuts-more":{"_":"その他"},"evme-collectionssuggest-loading":{"_":"読み込み中…"},"evme-collectionssuggest-loading-cancel":{"_":"キャンセル"},"evme-collectionssuggest-prompt-create-custom":{"_":"独自のスマートコレクションを作成してください"},"evme-backgroundimage-source-label":{"_":"ソース:"},"evme-collection-title-prefix":{"_":"Everything"},"evme-collection-title-suffix":{"_":"Phone"},"evme-collection-loading-more":{"_":"読み込み中…"},"evme-connectionmessage-apps":{"_":"{{query}} のアプリを検索するにはインターネットに接続してください"},"evme-connectionmessage-apps-has-installed":{"_":"{{query}} のアプリをさらに検索するにはインターネットに接続してください"},"evme-tips-app-explain":{"innerHTML":"すてきなアプリで好きなことを見つけましょう。"},"evme-tips-searchbar-focus":{"innerHTML":"例えば、お気に入りの歌手やバンドを見つけてみましょう…"},"evme-tips-exact-results":{"innerHTML":"これらは <b>{{query}}</b> のアプリです。<br /><br /> アイコンをタップしてアプリを開いてください。"},"evme-shortcut-custom":{"_":"カスタマイズ…"},"evme-shortcut-id-astrology":{"_":"占星術"},"evme-shortcut-id-autos":{"_":"自動車"},"evme-shortcut-id-beauty":{"_":"美容"},"evme-shortcut-id-books":{"_":"書籍"},"evme-shortcut-id-celebs":{"_":"有名人"},"evme-shortcut-id-daily-deals":{"_":"お得情報"},"evme-shortcut-id-dating":{"_":"デート"},"evme-shortcut-id-electronics":{"_":"家電"},"evme-shortcut-id-email":{"_":"メール"},"evme-shortcut-id-entertainment":{"_":"娯楽"},"evme-shortcut-id-environment":{"_":"環境"},"evme-shortcut-id-fashion":{"_":"ファッション"},"evme-shortcut-id-funny":{"_":"コミック"},"evme-shortcut-id-games":{"_":"ゲーム"},"evme-shortcut-id-government":{"_":"政府"},"evme-shortcut-id-health":{"_":"健康"},"evme-shortcut-id-jobs":{"_":"仕事"},"evme-shortcut-id-local":{"_":"地域"},"evme-shortcut-id-maps":{"_":"地図"},"evme-shortcut-id-movies":{"_":"映画"},"evme-shortcut-id-music":{"_":"音楽"},"evme-shortcut-id-new-apps":{"_":"新着アプリ"},"evme-shortcut-id-news":{"_":"ニュース"},"evme-shortcut-id-photography":{"_":"写真集"},"evme-shortcut-id-recipes":{"_":"料理"},"evme-shortcut-id-restaurants":{"_":"レストラン"},"evme-shortcut-id-shopping":{"_":"買い物"},"evme-shortcut-id-social":{"_":"ソーシャル"},"evme-shortcut-id-sports":{"_":"スポーツ"},"evme-shortcut-id-tech-news":{"_":"技術ニュース"},"evme-shortcut-id-top-apps":{"_":"人気のアプリ"},"evme-shortcut-id-travel":{"_":"旅行"},"evme-shortcut-id-tv":{"_":"TV"},"evme-shortcut-id-video":{"_":"動画"},"evme-shortcut-id-utilities":{"_":"ユーティリティ"},"evme-shortcut-id-weather":{"_":"天気"},"evme-add-to-top-of-collection":{"_":"コレクションの上位に追加"},"evme-save-to-homescreen":{"_":"ホーム画面に保存"},"edit-dialog-header":{"_":"編集"},"edit-dialog-name":{"_":"Web サイト名"},"edit-dialog-url":{"_":"URL"},"edit-dialog-cancel":{"_":"キャンセル"},"edit-dialog-done":{"_":"完了"},"weekday-0-long":{"_":"日曜日"},"weekday-1-long":{"_":"月曜日"},"weekday-2-long":{"_":"火曜日"},"weekday-3-long":{"_":"水曜日"},"weekday-4-long":{"_":"木曜日"},"weekday-5-long":{"_":"金曜日"},"weekday-6-long":{"_":"土曜日"},"weekday-0-short":{"_":"日"},"weekday-1-short":{"_":"月"},"weekday-2-short":{"_":"火"},"weekday-3-short":{"_":"水"},"weekday-4-short":{"_":"木"},"weekday-5-short":{"_":"金"},"weekday-6-short":{"_":"土"},"month-0-long":{"_":"1月"},"month-1-long":{"_":"2月"},"month-2-long":{"_":"3月"},"month-3-long":{"_":"4月"},"month-4-long":{"_":"5月"},"month-5-long":{"_":"6月"},"month-6-long":{"_":"7月"},"month-7-long":{"_":"8月"},"month-8-long":{"_":"9月"},"month-9-long":{"_":"10月"},"month-10-long":{"_":"11月"},"month-11-long":{"_":"12月"},"month-0-genitive":{"_":"1月"},"month-1-genitive":{"_":"2月"},"month-2-genitive":{"_":"3月"},"month-3-genitive":{"_":"4月"},"month-4-genitive":{"_":"5月"},"month-5-genitive":{"_":"6月"},"month-6-genitive":{"_":"7月"},"month-7-genitive":{"_":"8月"},"month-8-genitive":{"_":"9月"},"month-9-genitive":{"_":"10月"},"month-10-genitive":{"_":"11月"},"month-11-genitive":{"_":"12月"},"month-0-short":{"_":"1月"},"month-1-short":{"_":"2月"},"month-2-short":{"_":"3月"},"month-3-short":{"_":"4月"},"month-4-short":{"_":"5月"},"month-5-short":{"_":"6月"},"month-6-short":{"_":"7月"},"month-7-short":{"_":"8月"},"month-8-short":{"_":"9月"},"month-9-short":{"_":"10月"},"month-10-short":{"_":"11月"},"month-11-short":{"_":"12月"},"minutes-ago-long":{"_":"{[ plural(value) ]}","_[zero]":"現在","_[one]":"1分前","_[two]":"{{value}}分前","_[few]":"{{value}}分前","_[many]":"{{value}}分前","_[other]":"{{value}}分前"},"hours-ago-long":{"_":"{[ plural(value) ]}","_[zero]":"現在","_[one]":"1時間前","_[two]":"{{value}}時間前","_[few]":"{{value}}時間前","_[many]":"{{value}}時間前","_[other]":"{{value}}時間前"},"days-ago-long":{"_":"{[ plural(value) ]}","_[zero]":"今日","_[one]":"昨日","_[two]":"{{value}}日前","_[few]":"{{value}}日前","_[many]":"{{value}}日前","_[other]":"{{value}}日前"},"weeks-ago-long":{"_":"{[ plural(value) ]}","_[zero]":"今週","_[one]":"先週","_[two]":"{{value}}週間前","_[few]":"{{value}}週間前","_[many]":"{{value}}週間前","_[other]":"{{value}}週間前"},"months-ago-long":{"_":"{[ plural(value) ]}","_[zero]":"今月","_[one]":"先月","_[two]":"{{value}}か月前","_[few]":"{{value}}か月前","_[many]":"{{value}}か月前","_[other]":"{{value}}か月前"},"years-ago-long":{"_":"{[ plural(value) ]}","_[zero]":"今年","_[one]":"昨年","_[two]":"{{value}}年前","_[few]":"{{value}}年前","_[many]":"{{value}}年前","_[other]":"{{value}}年前"},"minutes-until-long":{"_":"{[ plural(value) ]}","_[zero]":"現在","_[one]":"1分後","_[two]":"{{value}}分後","_[few]":"{{value}}分後","_[many]":"{{value}}分後","_[other]":"{{value}}分後"},"hours-until-long":{"_":"{[ plural(value) ]}","_[zero]":"現在","_[one]":"1時間後","_[two]":"{{value}}時間後","_[few]":"{{value}}時間後","_[many]":"{{value}}時間後","_[other]":"{{value}}時間後"},"days-until-long":{"_":"{[ plural(value) ]}","_[zero]":"今日","_[one]":"明日","_[two]":"{{value}}日後","_[few]":"{{value}}日後","_[many]":"{{value}}日後","_[other]":"{{value}}日後"},"weeks-until-long":{"_":"{[ plural(value) ]}","_[zero]":"今週","_[one]":"来週","_[two]":"{{value}}週間後","_[few]":"{{value}}週間後","_[many]":"{{value}}週間後","_[other]":"{{value}}週間後"},"months-until-long":{"_":"{[ plural(value) ]}","_[zero]":"今月","_[one]":"来月","_[two]":"{{value}}か月後","_[few]":"{{value}}か月後","_[many]":"{{value}}か月後","_[other]":"{{value}}か月後"},"years-until-long":{"_":"{[ plural(value) ]}","_[zero]":"今年","_[one]":"来年","_[two]":"{{value}}年後","_[few]":"{{value}}年後","_[many]":"{{value}}年後","_[other]":"{{value}}年後"},"minutes-ago-short":{"_":"{[ plural(value) ]}","_[zero]":"今","_[other]":"{{value}}分前"},"hours-ago-short":{"_":"{[ plural(value) ]}","_[zero]":"今","_[other]":"{{value}}時間前"},"days-ago-short":{"_":"{[ plural(value) ]}","_[zero]":"今日","_[other]":"{{value}}日前"},"minutes-until-short":{"_":"{[ plural(value) ]}","_[zero]":"今","_[other]":"{{value}}分後"},"hours-until-short":{"_":"{[ plural(value) ]}","_[zero]":"今","_[other]":"{{value}}時間後"},"days-until-short":{"_":"{[ plural(value) ]}","_[zero]":"今日","_[other]":"{{value}}日後"},"incorrectDate":{"_":"(日付が不正です)"},"dateTimeFormat_%c":{"_":"%Y年%b%e日(%a) %I:%M:%S %p"},"dateTimeFormat_%x":{"_":"%Y/%m/%d"},"dateTimeFormat_%X":{"_":"%I:%M:%S %p"},"shortTimeFormat":{"_":"%I:%M %p"},"shortDateTimeFormat":{"_":"%x %I:%M %p"},"weekStartsOnMonday":{"_":"0"},"time_am":{"_":"午前"},"time_pm":{"_":"午後"}}