{"Showbiz":{"_":"Showbiz"},"Social":{"_":"សង្គម"},"Games":{"_":"ល្បែង"},"Music":{"_":"តន្ត្រី"},"add-to-home-screen":{"_":"Add to Home Screen"},"add-to-home-screen-header":{"_":"Add link"},"website-name":{"_":"Website name"},"address":{"_":"Address"},"added-to-home-screen":{"_":"Added to Home Screen"},"wrapper-search-name":{"_":"{{topic}} លើ {{name}}"},"contextmenu-add-wallpaper":{"_":"ប្ដូរ​ផ្ទាំង​រូបភាព"},"contextmenu-add-smart-collections":{"_":"បន្ថែម​សម្រាំង​ឆ្លាត​វៃ"},"delete-title":{"_":"លុប {{name}}"},"delete-body":{"_":"{{name}} និង​ទិន្នន័យ​ទាំងអស់​របស់​វា​នឹង​ត្រូវ​លុប។"},"delete":{"_":"លុប"},"cancel":{"_":"បោះបង់"},"remove-title-2":{"_":"យក​ចេញ {{name}}"},"remove-body":{"_":"យក​ចេញ {{name}} ពី​អេក្រង់​ដើម​ឬ?"},"remove":{"_":"យក​ចេញ"},"longDateFormat":{"_":"%A, %B %e"},"download":{"_":"ទាញ​យក"},"restart-download-title":{"_":"ចាប់ផ្ដើម​ទាញយក​ឡើ​ងវិញ"},"restart-download-body":{"_":"តើ​អ្នក​ចង់​ទាញ​យក {{name}}​ឬ?"},"loadingEvme2":{"_":"កំពុង​ផ្ទុក..."},"evme-searchbar-default":{"_":"អ្វី​​គ្រប់យ៉ាង...","placeholder":"ខ្ញុំ​កំពុង​គិត​អំពី…"},"evme-searchbar-default2":{"_":"ខ្ញុំ​កំពុង​គិត​អំពី…","placeholder":"ខ្ញុំ​កំពុង​គិត​អំពី…"},"evme-searchbar-clear":{"_":"ថយក្រោយ"},"evme-searchbar-title":{"_":"អ្វី​គ្រប់យ៉ាង"},"evme-helper-default":{"_":"បញ្ចូល​សំណួរ​ស្វែងរក ឬ​ប្រធានបទ​ណា​មួយ"},"evme-helper-default2":{"_":"បញ្ចូល​ប្រធាន​បទ​មួយ​ចំនួន ឬ​ពាក្យ​គន្លឹះ"},"evme-helper-dismiss":{"_":"បោះបង់​ចោល"},"evme-helper-no-refine":{"_":"រក​មិន​ឃើញ​ជម្រើស"},"evme-helper-history-title":{"_":"ប្រវត្តិ ៖"},"evme-helper-history-link":{"_":"ប្រវត្តិ"},"evme-helper-history-clear":{"_":"សម្អាត​​ប្រវត្តិ"},"evme-helper-didyoumean-title":{"_":"តើ​អ្នក​ចង់​មាន​ន័យ៖"},"evme-helper-refine-title":{"_":"តើ​អ្នក​ចង់​មាន​ន័យ៖"},"evme-helper-title-prefix":{"_":"អ្វី​គ្រប់យ៉ាង"},"evme-helper-title-empty":{"_":"អ្វី​គ្រប់យ៉ាង"},"evme-apps-market-download":{"_":"ទាញ​យក"},"evme-apps-market-more-apps":{"_":"កម្មវិធី​ច្រើន​ទៀត"},"evme-apps-loading-app":{"_":"កំពុង​ផ្ទុក..."},"evme-appsmore-loading":{"_":"កំពុង​ផ្ទុក..."},"evme-alert-app-install-confirm":{"_":"បន្ថែម {{name}} ទៅ​អេក្រង់​ដើម?"},"evme-alert-app-install-exists":{"_":"{{name}} បាន​បន្ថែម​រួច​ហើយ​ទៅ​អេក្រង់​ដើម"},"evme-alert-offline-smart-collections-more":{"_":"ភ្ជាប់​​អ៊ីនធឺណិត​ ដើម្បី​បន្ថែ​ម​​ Smart Collections បន្ថែម"},"evme-alert-save-wallpaper":{"_":"កំណត់​ជា​ផ្ទាំង​រូបភាព"},"evme-alert-no-more-smart-collections":{"_":"គ្មាន Smart Collections ដើម្បី​បន្ថែម"},"evme-banner-app-install-success":{"_":"{{name}} បាន​បន្ថែម​ទៅ​អេក្រង់​ដើម"},"evme-banner-save-wallpaper":{"_":"ការ​កំណត់​ផ្ទាំង​រូបភាព​ដោយ​ជោគជ័យ"},"evme-shortcuts-more":{"_":"ច្រើន​ទៀត"},"evme-collectionssuggest-loading":{"_":"កំពុង​ផ្ទុក..."},"evme-collectionssuggest-loading-cancel":{"_":"បោះបង់"},"evme-collectionssuggest-prompt-create-custom":{"_":"បង្កើត Smart Collection ផ្ទាល់ខ្លួន​របស់​អ្នក"},"evme-backgroundimage-source-label":{"_":"ប្រភព៖"},"evme-collection-title-prefix":{"_":"អ្វី​គ្រប់យ៉ាង"},"evme-collection-title-suffix":{"_":"ទូរស័ព្ទ​"},"evme-collection-loading-more":{"_":"កំពុង​ផ្ទុក..."},"evme-connectionmessage-apps":{"_":"ភ្ជាប់​ទៅ​អ៊ីនធឺណិត​ដើម្បី​ទទួល​បាន​កម្មវិធី​សម្រាប់ {{query}}"},"evme-connectionmessage-apps-has-installed":{"_":"ភ្ជាប់​ទៅ​អ៊ីនធឺណិត​ដើម្បី​ទទួល​បាន​កម្មវិធី​​ច្រើន​ទៀត​សម្រាប់ {{query}}"},"evme-tips-app-explain":{"innerHTML":"រក​អ្វី​ដែល​អ្នក​ចូលចិត្ត​ជាមួយ​កម្មវិធី​ដែល​អស្ចារ្យ។"},"evme-tips-searchbar-focus":{"innerHTML":"ឧទាហរណ៍ រក​អ្នក​ចម្រៀង​​ ឬ​​ក្រុម​ភ្លេង​ដ៏​ពេញនិយម..."},"evme-tips-exact-results":{"innerHTML":"ទាំងនេះ​ជា​កម្មវិធី​សម្រាប់ <b>{{query}}</b>,<br /><br /> ចុច​រូបតំណាង​ណាមួយ​ដើម្បី​បើក​វា។"},"evme-shortcut-custom":{"_":"ផ្ទាល់ខ្លួន…"},"evme-shortcut-id-astrology":{"_":"ហោរាសាស្ត្រ"},"evme-shortcut-id-autos":{"_":"ស្វ័យ​ប្រវត្តិ"},"evme-shortcut-id-beauty":{"_":"សំអាង"},"evme-shortcut-id-books":{"_":"សៀវភៅ"},"evme-shortcut-id-celebs":{"_":"Celebs"},"evme-shortcut-id-daily-deals":{"_":"ការ​លក់​ប្រចាំថ្ងៃ"},"evme-shortcut-id-dating":{"_":"ការ​ណាត់"},"evme-shortcut-id-electronics":{"_":"អេឡិចត្រូនិក"},"evme-shortcut-id-email":{"_":"អ៊ីមែល"},"evme-shortcut-id-entertainment":{"_":"ការ​​កម្សាន្ត​"},"evme-shortcut-id-environment":{"_":"បរិស្ថាន"},"evme-shortcut-id-fashion":{"_":"ម៉ូត"},"evme-shortcut-id-funny":{"_":"កំប្លែង"},"evme-shortcut-id-games":{"_":"ល្បែង"},"evme-shortcut-id-government":{"_":"រដ្ឋាភិបាល"},"evme-shortcut-id-health":{"_":"សុខភាព"},"evme-shortcut-id-jobs":{"_":"ការងារ"},"evme-shortcut-id-local":{"_":"មូលដ្ឋាន"},"evme-shortcut-id-maps":{"_":"ផែនទី"},"evme-shortcut-id-movies":{"_":"ភាពយន្ត"},"evme-shortcut-id-music":{"_":"តន្ត្រី"},"evme-shortcut-id-new-apps":{"_":"កម្មវិធី​ថ្មី"},"evme-shortcut-id-news":{"_":"ដំណឹង"},"evme-shortcut-id-photography":{"_":"រូបថត"},"evme-shortcut-id-recipes":{"_":"រូបមន្ត​ម្ហូប"},"evme-shortcut-id-restaurants":{"_":"ភោជនីយដ្ឋាន"},"evme-shortcut-id-shopping":{"_":"ការ​ទិញ"},"evme-shortcut-id-social":{"_":"សង្គម"},"evme-shortcut-id-sports":{"_":"កីឡា"},"evme-shortcut-id-tech-news":{"_":"ព័ត៌មាន​បច្ចេកវិទ្យា"},"evme-shortcut-id-top-apps":{"_":"កម្មវិធី​ពេញនិយម"},"evme-shortcut-id-travel":{"_":"ធ្វើដំណើរ"},"evme-shortcut-id-tv":{"_":"TV"},"evme-shortcut-id-video":{"_":"វីដេអូ"},"evme-shortcut-id-utilities":{"_":"ឧបករណ៍​ប្រើប្រាស់"},"evme-shortcut-id-weather":{"_":"អាកាសធាតុ"},"evme-add-to-top-of-collection":{"_":"បន្ថែម​ទៅ​ផ្នែកខាង​លើសម្រាំង"},"evme-save-to-homescreen":{"_":"រក្សាទុក​ទៅ​អេក្រង់​ដើម"},"edit-dialog-header":{"_":"កែសម្រួល​"},"edit-dialog-name":{"_":"ឈ្មោះ​តំបន់បណ្ដាញ"},"edit-dialog-url":{"_":"អាសយដ្ឋាន"},"edit-dialog-cancel":{"_":"បោះបង់"},"edit-dialog-done":{"_":"រួចរាល់"},"weekday-0-long":{"_":"អាទិត្យ"},"weekday-1-long":{"_":"ច័ន្ទ"},"weekday-2-long":{"_":"អង្គារ"},"weekday-3-long":{"_":"ពុធ"},"weekday-4-long":{"_":"ព្រហស្បតិ៍"},"weekday-5-long":{"_":"សុក្រ"},"weekday-6-long":{"_":"សៅរ៍"},"weekday-0-short":{"_":"អាទិត្យ"},"weekday-1-short":{"_":"ច័ន្ទ"},"weekday-2-short":{"_":"អង្គារ"},"weekday-3-short":{"_":"ពុធ"},"weekday-4-short":{"_":"ព្រហស្បតិ៍"},"weekday-5-short":{"_":"សុក្រ"},"weekday-6-short":{"_":"សៅរ៍"},"month-0-long":{"_":"មករា"},"month-1-long":{"_":"កុម្ភៈ"},"month-2-long":{"_":"មីនា"},"month-3-long":{"_":"មេសា"},"month-4-long":{"_":"ឧសភា"},"month-5-long":{"_":"មិថុនា"},"month-6-long":{"_":"កក្កដា"},"month-7-long":{"_":"សីហា"},"month-8-long":{"_":"កញ្ញា"},"month-9-long":{"_":"តុលា"},"month-10-long":{"_":"វិច្ឆិកា"},"month-11-long":{"_":"ធ្នូ"},"month-0-genitive":{"_":"មករា"},"month-1-genitive":{"_":"កុម្ភៈ"},"month-2-genitive":{"_":"មីនា"},"month-3-genitive":{"_":"មេសា"},"month-4-genitive":{"_":"ឧសភា"},"month-5-genitive":{"_":"មិថុនា"},"month-6-genitive":{"_":"កក្កដា"},"month-7-genitive":{"_":"សីហា"},"month-8-genitive":{"_":"កញ្ញា"},"month-9-genitive":{"_":"តុលា"},"month-10-genitive":{"_":"វិច្ឆិកា"},"month-11-genitive":{"_":"ធ្នូ"},"month-0-short":{"_":"មករា"},"month-1-short":{"_":"កុម្ភៈ"},"month-2-short":{"_":"មីនា"},"month-3-short":{"_":"មេសា"},"month-4-short":{"_":"ឧសភា"},"month-5-short":{"_":"មិថុនា"},"month-6-short":{"_":"កក្កដា"},"month-7-short":{"_":"សីហា"},"month-8-short":{"_":"កញ្ញា"},"month-9-short":{"_":"តុលា"},"month-10-short":{"_":"វិច្ឆិកា"},"month-11-short":{"_":"ធ្នូ"},"minutes-ago-long":{"_":"{[ plural(value) ]}","_[zero]":"អម្បាញ់មិញនេះ","_[one]":"មួយ​នាទី​មុន","_[two]":"{{value}} នាទី​មុន","_[few]":"{{value}} នាទី​មុន","_[many]":"{{value}} នាទី​មុន","_[other]":"{{value}} នាទី​មុន"},"hours-ago-long":{"_":"{[ plural(value) ]}","_[zero]":"អម្បាញ់មិញនេះ","_[one]":"មួយ​ម៉ោង​មុន","_[two]":"{{value}} ម៉ោង​មុន","_[few]":"{{value}} ម៉ោង​មុន","_[many]":"{{value}} ម៉ោង​មុន","_[other]":"{{value}} ម៉ោង​មុន"},"days-ago-long":{"_":"{[ plural(value) ]}","_[zero]":"ថ្ងៃ​នេះ","_[one]":"ម្សិលមិញ","_[two]":"{{value}} ថ្ងៃ​មុន","_[few]":"{{value}} ថ្ងៃ​មុន","_[many]":"{{value}} ថ្ងៃ​មុន","_[other]":"{{value}} ថ្ងៃ​មុន"},"weeks-ago-long":{"_":"{[ plural(value) ]}","_[zero]":"សប្ដាហ៍​នេះ","_[one]":"សប្ដាហ៍​មុន","_[two]":"{{value}} សប្ដាហ៍​មុន","_[few]":"{{value}} សប្ដាហ៍​មុន","_[many]":"{{value}} សប្ដាហ៍​មុន","_[other]":"{{value}} សប្ដាហ៍​មុន"},"months-ago-long":{"_":"{[ plural(value) ]}","_[zero]":"ខែ​នេះ","_[one]":"ខែ​មុន","_[two]":"{{value}} ខែ​មុន","_[few]":"{{value}} ខែ​មុន","_[many]":"{{value}} ខែ​មុន","_[other]":"{{value}} ខែ​មុន"},"years-ago-long":{"_":"{[ plural(value) ]}","_[zero]":"ឆ្នាំនេះ","_[one]":"ឆ្នាំ​មុន","_[two]":"{{value}} ឆ្នាំ​មុន","_[few]":"{{value}} ឆ្នាំ​មុន","_[many]":"{{value}} ឆ្នាំ​មុន","_[other]":"{{value}} ឆ្នាំ​មុន"},"minutes-until-long":{"_":"{[ plural(value) ]}","_[zero]":"ឥឡូវ","_[one]":"ក្នុង​ពេល​មួយ​នាទី","_[two]":"ក្នុង​ពេល {{value}} នាទី","_[few]":"ក្នុង​ពេល {{value}} នាទី","_[many]":"ក្នុង​ពេល​ {{value}} នាទី​","_[other]":"ក្នុង​ពេល {{value}} នាទី"},"hours-until-long":{"_":"{[ plural(value) ]}","_[zero]":"ឥឡូវ","_[one]":"ក្នុង​រយៈពេល​១​ម៉ោង","_[two]":"ក្នុង​ពេល​​ {{value}} ម៉ោង","_[few]":"ក្នុង​ពេល​​ {{value}} ម៉ោង","_[many]":"ក្នុង​ពេល​​ {{value}} ម៉ោង","_[other]":"ក្នុង​ពេល​​ {{value}} ម៉ោង"},"days-until-long":{"_":"{[ plural(value) ]}","_[zero]":"ថ្ងៃ​នេះ","_[one]":"ថ្ងៃស្អែក","_[two]":"ក្នុង​ពេល​​ {{value}} ថ្ងៃ","_[few]":"ក្នុង​ពេល​​ {{value}} ថ្ងៃ","_[many]":"ក្នុង​ពេល​​ {{value}} ថ្ងៃ","_[other]":"ក្នុង​ពេល​​ {{value}} ថ្ងៃ"},"weeks-until-long":{"_":"{[ plural(value) ]}","_[zero]":"សប្ដាហ៍​នេះ","_[one]":"សប្ដាហ៍​ក្រោយ","_[two]":"ក្នុង​ពេល {{value}} សប្ដាហ៍","_[few]":"ក្នុង​ពេល {{value}} សប្ដាហ៍","_[many]":"ក្នុង​ពេល {{value}} សប្ដាហ៍","_[other]":"ក្នុង​ពេល {{value}} សប្ដាហ៍"},"months-until-long":{"_":"{[ plural(value) ]}","_[zero]":"ខែ​នេះ","_[one]":"ខែ​ក្រោយ","_[two]":"ក្នុង​ពេល {{value}} ខែ","_[few]":"ក្នុង​ពេល {{value}} ខែ","_[many]":"ក្នុង​ពេល {{value}} ខែ","_[other]":"ក្នុង​ពេល {{value}} ខែ"},"years-until-long":{"_":"{[ plural(value) ]}","_[zero]":"ឆ្នាំនេះ","_[one]":"ឆ្នាំ​ក្រោយ","_[two]":"ក្នុង​ពេល {{value}} ឆ្នាំ","_[few]":"ក្នុង​ពេល {{value}} ឆ្នាំ","_[many]":"ក្នុង​ពេល {{value}} ឆ្នាំ","_[other]":"ក្នុង​ពេល {{value}} ឆ្នាំ"},"minutes-ago-short":{"_":"{[ plural(value) ]}","_[zero]":"អម្បាញ់មិញនេះ","_[other]":"{{value}}នាទី​មុន"},"hours-ago-short":{"_":"{[ plural(value) ]}","_[zero]":"អម្បាញ់មិញនេះ","_[other]":"{{value}}ម៉ោង​មុន"},"days-ago-short":{"_":"{[ plural(value) ]}","_[zero]":"ថ្ងៃ​នេះ","_[other]":"{{value}}ថ្ងៃ​មុន"},"minutes-until-short":{"_":"{[ plural(value) ]}","_[zero]":"ឥឡូវ","_[other]":"ក្នុង​ពេល {{value}}នាទី"},"hours-until-short":{"_":"{[ plural(value) ]}","_[zero]":"ឥឡូវ","_[other]":"ក្នុង​ពេល {{value}}ម៉ោង"},"days-until-short":{"_":"{[ plural(value) ]}","_[zero]":"ថ្ងៃ​នេះ","_[other]":"ក្នុង​ពេល {{value}}ថ្ងៃ"},"incorrectDate":{"_":"(កាលបរិច្ឆេទ​មិន​ត្រឹមត្រូវ)"},"dateTimeFormat_%c":{"_":"%a %b %e %Y %I:%M:%S %p"},"dateTimeFormat_%x":{"_":"%m/%d/%Y"},"dateTimeFormat_%X":{"_":"%I:%M:%S %p"},"shortTimeFormat":{"_":"%I:%M %p"},"shortDateTimeFormat":{"_":"%x %I:%M %p"},"weekStartsOnMonday":{"_":"0"},"time_am":{"_":"ព្រឹក"},"time_pm":{"_":"PM"}}