{"Showbiz":{"_":"연예"},"Social":{"_":"소셜"},"Games":{"_":"게임"},"Music":{"_":"음악"},"add-to-home-screen":{"_":"홈 화면에 추가"},"add-to-home-screen-header":{"_":"링크 추가"},"website-name":{"_":"웹사이트 이름"},"address":{"_":"주소"},"added-to-home-screen":{"_":"홈 화면 추가 완료"},"wrapper-search-name":{"_":"{{name}}- {{topic}}"},"contextmenu-add-wallpaper":{"_":"배경 화면 변경"},"contextmenu-add-smart-collections":{"_":"스마트 모음 추가"},"delete-title":{"_":"{{name}} 삭제"},"delete-body":{"_":"{{name}}과 데이터가 모두 삭제됩니다."},"delete":{"_":"삭제"},"cancel":{"_":"취소"},"remove-title-2":{"_":"{{name}} 제거"},"remove-body":{"_":"홈 화면에서 {{name}}앱을 제거하시겠습니가?"},"remove":{"_":"제거"},"longDateFormat":{"_":"%B %e일 %A"},"download":{"_":"다운로드"},"restart-download-title":{"_":"다운로드 다시 시작"},"restart-download-body":{"_":"{{name}}를 다운로드하시겠습니까?"},"loadingEvme2":{"_":"시작하는 중…"},"evme-searchbar-default":{"_":"전체…","placeholder":"지금 나는…"},"evme-searchbar-default2":{"_":"앱 검색…","placeholder":"앱 검색…"},"evme-searchbar-clear":{"_":"뒤로"},"evme-searchbar-title":{"_":"전체"},"evme-helper-default":{"_":"주제나 검색어 입력"},"evme-helper-default2":{"_":"주제나 검색어를 입력하세요"},"evme-helper-dismiss":{"_":"해제"},"evme-helper-no-refine":{"_":"선택 사항 없음"},"evme-helper-history-title":{"_":"검색 기록:"},"evme-helper-history-link":{"_":"검색 기록"},"evme-helper-history-clear":{"_":"검색 기록 지우기"},"evme-helper-didyoumean-title":{"_":"추천:"},"evme-helper-refine-title":{"_":"추천:"},"evme-helper-title-prefix":{"_":"전체"},"evme-helper-title-empty":{"_":"전체"},"evme-apps-market-download":{"_":"다운로드"},"evme-apps-market-more-apps":{"_":"더 많은 앱"},"evme-apps-loading-app":{"_":"시작하는 중…"},"evme-appsmore-loading":{"_":"시작하는 중…"},"evme-alert-app-install-confirm":{"_":"{{name}}을 홈 화면에 추가하시겠습니까?"},"evme-alert-app-install-exists":{"_":"{{name}}은 이미 홈 화면에 있습니다."},"evme-alert-offline-smart-collections-more":{"_":"더 많은 스마트 컬렉션을 추가하기 위해 인터넷에 연결"},"evme-alert-save-wallpaper":{"_":"배경 화면으로 설정하시겠습니까?"},"evme-alert-no-more-smart-collections":{"_":"추가할 스마트 컬렉션 없음"},"evme-banner-app-install-success":{"_":"홈 화면에 {{name}} 추가 완료"},"evme-banner-save-wallpaper":{"_":"바탕화면 설정 완료"},"evme-shortcuts-more":{"_":"더 보기"},"evme-collectionssuggest-loading":{"_":"시작하는 중…"},"evme-collectionssuggest-loading-cancel":{"_":"취소"},"evme-collectionssuggest-prompt-create-custom":{"_":"맞춤형 스마트 컬렉션 만들기"},"evme-backgroundimage-source-label":{"_":"출처:"},"evme-collection-title-prefix":{"_":"전체"},"evme-collection-title-suffix":{"_":"전화번호"},"evme-collection-loading-more":{"_":"가져오는 중…"},"evme-connectionmessage-apps":{"_":"{{query}}에 대한 앱을 가져오기 위해 인터넷에 연결"},"evme-connectionmessage-apps-has-installed":{"_":"{{query}}에 대한 더 많은 앱을 가져오기 위해 인터넷에 연결"},"evme-tips-app-explain":{"innerHTML":"멋진 앱으로 좋아하는 걸 찾아보십시오."},"evme-tips-searchbar-focus":{"innerHTML":"예를 들면, 좋아하는 가수나 밴드 등등…"},"evme-tips-exact-results":{"innerHTML":"<b>{{query}}</b>에 대한 앱입니다.<br /><br /> 탭하면 열립니다."},"evme-shortcut-custom":{"_":"사용자 정의…"},"evme-shortcut-id-astrology":{"_":"운세"},"evme-shortcut-id-autos":{"_":"자동차"},"evme-shortcut-id-beauty":{"_":"미용"},"evme-shortcut-id-books":{"_":"책"},"evme-shortcut-id-celebs":{"_":"유명 인사"},"evme-shortcut-id-daily-deals":{"_":"할인 정보"},"evme-shortcut-id-dating":{"_":"소개팅"},"evme-shortcut-id-electronics":{"_":"전자기기"},"evme-shortcut-id-email":{"_":"이메일"},"evme-shortcut-id-entertainment":{"_":"엔터테인먼트"},"evme-shortcut-id-environment":{"_":"환경"},"evme-shortcut-id-fashion":{"_":"패션"},"evme-shortcut-id-funny":{"_":"재미"},"evme-shortcut-id-games":{"_":"게임"},"evme-shortcut-id-government":{"_":"정부기관"},"evme-shortcut-id-health":{"_":"건강"},"evme-shortcut-id-jobs":{"_":"직업"},"evme-shortcut-id-local":{"_":"위치"},"evme-shortcut-id-maps":{"_":"지도"},"evme-shortcut-id-movies":{"_":"영화"},"evme-shortcut-id-music":{"_":"음악"},"evme-shortcut-id-new-apps":{"_":"신규 앱"},"evme-shortcut-id-news":{"_":"뉴스"},"evme-shortcut-id-photography":{"_":"사진"},"evme-shortcut-id-recipes":{"_":"요리"},"evme-shortcut-id-restaurants":{"_":"식당"},"evme-shortcut-id-shopping":{"_":"쇼핑"},"evme-shortcut-id-social":{"_":"소셜"},"evme-shortcut-id-sports":{"_":"스포츠"},"evme-shortcut-id-tech-news":{"_":"IT뉴스"},"evme-shortcut-id-top-apps":{"_":"인기 앱"},"evme-shortcut-id-travel":{"_":"여행"},"evme-shortcut-id-tv":{"_":"TV"},"evme-shortcut-id-video":{"_":"동영상"},"evme-shortcut-id-utilities":{"_":"유틸리티"},"evme-shortcut-id-weather":{"_":"날씨"},"evme-add-to-top-of-collection":{"_":"위쪽 컬렉션에 추가"},"evme-save-to-homescreen":{"_":"홈 화면에 추가"},"edit-dialog-header":{"_":"편집"},"edit-dialog-name":{"_":"웹사이트 이름"},"edit-dialog-url":{"_":"주소"},"edit-dialog-cancel":{"_":"취소"},"edit-dialog-done":{"_":"완료"},"weekday-0-long":{"_":"일요일"},"weekday-1-long":{"_":"월요일"},"weekday-2-long":{"_":"화요일"},"weekday-3-long":{"_":"수요일"},"weekday-4-long":{"_":"목요일"},"weekday-5-long":{"_":"금요일"},"weekday-6-long":{"_":"토요일"},"weekday-0-short":{"_":"일"},"weekday-1-short":{"_":"월"},"weekday-2-short":{"_":"화"},"weekday-3-short":{"_":"수"},"weekday-4-short":{"_":"목"},"weekday-5-short":{"_":"금"},"weekday-6-short":{"_":"토"},"month-0-long":{"_":"1월"},"month-1-long":{"_":"2월"},"month-2-long":{"_":"3월"},"month-3-long":{"_":"4월"},"month-4-long":{"_":"5월"},"month-5-long":{"_":"6월"},"month-6-long":{"_":"7월"},"month-7-long":{"_":"8월"},"month-8-long":{"_":"9월"},"month-9-long":{"_":"10월"},"month-10-long":{"_":"11월"},"month-11-long":{"_":"12월"},"month-0-genitive":{"_":"1월"},"month-1-genitive":{"_":"2월"},"month-2-genitive":{"_":"3월"},"month-3-genitive":{"_":"4월"},"month-4-genitive":{"_":"5월"},"month-5-genitive":{"_":"6월"},"month-6-genitive":{"_":"7월"},"month-7-genitive":{"_":"8월"},"month-8-genitive":{"_":"9월"},"month-9-genitive":{"_":"10월"},"month-10-genitive":{"_":"11월"},"month-11-genitive":{"_":"12월"},"month-0-short":{"_":"1월"},"month-1-short":{"_":"2월"},"month-2-short":{"_":"3월"},"month-3-short":{"_":"4월"},"month-4-short":{"_":"5월"},"month-5-short":{"_":"6월"},"month-6-short":{"_":"7월"},"month-7-short":{"_":"8월"},"month-8-short":{"_":"9월"},"month-9-short":{"_":"10월"},"month-10-short":{"_":"11월"},"month-11-short":{"_":"12월"},"minutes-ago-long":{"_":"{[ plural(value) ]}","_[zero]":"지금","_[one]":"1분 전","_[two]":"{{value}}분 전","_[few]":"{{value}}분 전","_[many]":"{{value}}분 전","_[other]":"{{value}}분 전"},"hours-ago-long":{"_":"{[ plural(value) ]}","_[zero]":"지금","_[one]":"1시간 전","_[two]":"{{value}}시간 전","_[few]":"{{value}}시간 전","_[many]":"{{value}}시간 전","_[other]":"{{value}}시간 전"},"days-ago-long":{"_":"{[ plural(value) ]}","_[zero]":"오늘","_[one]":"어제","_[two]":"{{value}}일 전","_[few]":"{{value}}일 전","_[many]":"{{value}}일 전","_[other]":"{{value}}일 전"},"weeks-ago-long":{"_":"{[ plural(value) ]}","_[zero]":"이번 주","_[one]":"지난 주","_[two]":"{{value}}주 전","_[few]":"{{value}}주 전","_[many]":"{{value}}주 전","_[other]":"{{value}}주 전"},"months-ago-long":{"_":"{[ plural(value) ]}","_[zero]":"이번 달","_[one]":"지난 달","_[two]":"{{value}}개월 전","_[few]":"{{value}}개월 전","_[many]":"{{value}}개월 전","_[other]":"{{value}}개월 전"},"years-ago-long":{"_":"{[ plural(value) ]}","_[zero]":"올해","_[one]":"작년","_[two]":"{{value}}년 전","_[few]":"{{value}}년 전","_[many]":"{{value}}년 전","_[other]":"{{value}}년 전"},"minutes-until-long":{"_":"{[ plural(value) ]}","_[zero]":"지금","_[one]":"1분 후","_[two]":"{{value}}분 후","_[few]":"{{value}}분 후","_[many]":"{{value}}분 후","_[other]":"{{value}}분 후"},"hours-until-long":{"_":"{[ plural(value) ]}","_[zero]":"지금","_[one]":"한 시간 후","_[two]":"{{value}}시간 후","_[few]":"{{value}}시간 후","_[many]":"{{value}}시간 후","_[other]":"{{value}}시간 후"},"days-until-long":{"_":"{[ plural(value) ]}","_[zero]":"오늘","_[one]":"내일","_[two]":"{{value}}일 후","_[few]":"{{value}}일 후","_[many]":"{{value}}일 후","_[other]":"{{value}}일 후"},"weeks-until-long":{"_":"{[ plural(value) ]}","_[zero]":"이번 주","_[one]":"다음 주","_[two]":"{{value}}주 후","_[few]":"{{value}}주 후","_[many]":"{{value}}주 후","_[other]":"{{value}}주 후"},"months-until-long":{"_":"{[ plural(value) ]}","_[zero]":"이번 달","_[one]":"다음 달","_[two]":"{{value}}개월 후","_[few]":"{{value}}개월 후","_[many]":"{{value}}개월 후","_[other]":"{{value}}개월 후"},"years-until-long":{"_":"{[ plural(value) ]}","_[zero]":"올해","_[one]":"내년","_[two]":"{{value}}년 후","_[few]":"{{value}}년 후","_[many]":"{{value}}년 후","_[other]":"{{value}}년 후"},"minutes-ago-short":{"_":"{[ plural(value) ]}","_[zero]":"지금","_[other]":"{{value}}분 전"},"hours-ago-short":{"_":"{[ plural(value) ]}","_[zero]":"지금","_[other]":"{{value}}시간 전"},"days-ago-short":{"_":"{[ plural(value) ]}","_[zero]":"오늘","_[other]":"{{value}}일 전"},"minutes-until-short":{"_":"{[ plural(value) ]}","_[zero]":"지금","_[other]":"{{value}}분 후"},"hours-until-short":{"_":"{[ plural(value) ]}","_[zero]":"지금","_[other]":"{{value}}시간 후"},"days-until-short":{"_":"{[ plural(value) ]}","_[zero]":"오늘","_[other]":"{{value}}일 후"},"incorrectDate":{"_":"(잘못된 날짜)"},"dateTimeFormat_%c":{"_":"%Y년 %B %e일 %a %I:%M:%S %p"},"dateTimeFormat_%x":{"_":"%Y/%m/%d"},"dateTimeFormat_%X":{"_":"%I:%M:%S %p"},"shortTimeFormat":{"_":"%I:%M %p"},"shortDateTimeFormat":{"_":"%x %I:%M %p"},"weekStartsOnMonday":{"_":"0"},"time_am":{"_":"오전"},"time_pm":{"_":"오후"}}