{"Showbiz":{"_":"Pramogos"},"Social":{"_":"Socialinės"},"Games":{"_":"Žaidimai"},"Music":{"_":"Muzika"},"add-to-home-screen":{"_":"Įtraukti į Pradžios ekraną"},"add-to-home-screen-header":{"_":"Įtraukti saitą"},"website-name":{"_":"Svetainės pavadinimas"},"address":{"_":"Addresas"},"added-to-home-screen":{"_":"Įtraukta į Pradžios ekraną"},"wrapper-search-name":{"_":"Ieškoti „{{name}}“: {{topic}}"},"contextmenu-add-wallpaper":{"_":"Keisti ekrano foną"},"contextmenu-add-smart-collections":{"_":"Pridėti išmaniųjų rinkinių"},"delete-title":{"_":"„{{name}}“ šalinimas"},"delete-body":{"_":"Bus pašalinta programa „{{name}}“ ir visi jos duomenys."},"delete":{"_":"Šalinti"},"cancel":{"_":"Atsisakyti"},"remove-title-2":{"_":"„{{name}}“ šalinimas"},"remove-body":{"_":"Pašalinti „{{name}}“ iš Pradžios ekrano?"},"remove":{"_":"Šalinti"},"longDateFormat":{"_":"%A, %Eb %e d."},"download":{"_":"Parsiųsti"},"restart-download-title":{"_":"Parsiųsti iš naujo"},"restart-download-body":{"_":"Ar norite parsiųsti programą „{{name}}“?"},"loadingEvme2":{"_":"Įkeliama…"},"evme-searchbar-default":{"_":"Viskas…","placeholder":"Aš mąstau apie…"},"evme-searchbar-default2":{"_":"Aš mąstau apie…","placeholder":"Aš mąstau apie…"},"evme-searchbar-clear":{"_":"Grįžti"},"evme-searchbar-title":{"_":"Viskas"},"evme-helper-default":{"_":"Įveskite temą arba paieškos užklausą"},"evme-helper-default2":{"_":"Įveskite temą arba paieškos žodžius"},"evme-helper-dismiss":{"_":"Atšaukti"},"evme-helper-no-refine":{"_":"Parinkčių nerasta"},"evme-helper-history-title":{"_":"Žurnalas:"},"evme-helper-history-link":{"_":"Žurnalas"},"evme-helper-history-clear":{"_":"Valyti žurnalą"},"evme-helper-didyoumean-title":{"_":"Ar turėjote omenyje:"},"evme-helper-refine-title":{"_":"Ar turėjote omenyje:"},"evme-helper-title-prefix":{"_":"Viskas"},"evme-helper-title-empty":{"_":"Viskas"},"evme-apps-market-download":{"_":"Parsiųsti"},"evme-apps-market-more-apps":{"_":"Daugiau programų"},"evme-apps-loading-app":{"_":"Įkeliama…"},"evme-appsmore-loading":{"_":"Įkeliama…"},"evme-alert-app-install-confirm":{"_":"Pridėti „{{name}}“ į Pradžios ekraną?"},"evme-alert-app-install-exists":{"_":"Programa „{{name}}“ jau buvo Pradžios ekrane"},"evme-alert-offline-smart-collections-more":{"_":"Prisijunkite prie interneto, jeigu norite pridėti daugiau išmaniųjų rinkinių"},"evme-alert-save-wallpaper":{"_":"Naudoti kaip ekrano foną?"},"evme-alert-no-more-smart-collections":{"_":"Nėra galimų pridėti išmaniųjų rinkinių"},"evme-banner-app-install-success":{"_":"Programa „{{name}}“ pridėta į Pradžios ekraną"},"evme-banner-save-wallpaper":{"_":"Ekrano fonas pakeistas"},"evme-shortcuts-more":{"_":"Daugiau"},"evme-collectionssuggest-loading":{"_":"Įkeliama…"},"evme-collectionssuggest-loading-cancel":{"_":"Atsisakyti"},"evme-collectionssuggest-prompt-create-custom":{"_":"Sukurkite savo išmanųjį rinkinį"},"evme-backgroundimage-source-label":{"_":"Šaltinis:"},"evme-collection-title-prefix":{"_":"Viskas"},"evme-collection-title-suffix":{"_":"Telefonas"},"evme-collection-loading-more":{"_":"Įkeliama…"},"evme-connectionmessage-apps":{"_":"Prisijungti prie interneto ir gauti programų, atitinkančių užklausą „{{query}}“"},"evme-connectionmessage-apps-has-installed":{"_":"Prisijungti prie interneto ir gauti daugiau programų, atitinkančių užklausą „{{query}}“"},"evme-tips-app-explain":{"innerHTML":"Raskite mėgstamus dalykus geriausiose programose."},"evme-tips-searchbar-focus":{"innerHTML":"Pavyzdžiui, galite ieškoti savo mėgstamo atlikėjo ar grupės…"},"evme-tips-exact-results":{"innerHTML":"Šios programos atitinka užklausą <b>{{query}}</b>,<br /><br /> bakstelėkite bet kurią programą, jei norite ją atverti."},"evme-shortcut-custom":{"_":"Kita…"},"evme-shortcut-id-astrology":{"_":"Astrologija"},"evme-shortcut-id-autos":{"_":"Automobiliai"},"evme-shortcut-id-beauty":{"_":"Grožis"},"evme-shortcut-id-books":{"_":"Knygos"},"evme-shortcut-id-celebs":{"_":"Įžymybės"},"evme-shortcut-id-daily-deals":{"_":"Dienos akcijos"},"evme-shortcut-id-dating":{"_":"Pažintys"},"evme-shortcut-id-electronics":{"_":"Elektronika"},"evme-shortcut-id-email":{"_":"El. paštas"},"evme-shortcut-id-entertainment":{"_":"Pramogos"},"evme-shortcut-id-environment":{"_":"Aplinka"},"evme-shortcut-id-fashion":{"_":"Mada"},"evme-shortcut-id-funny":{"_":"Pokštai"},"evme-shortcut-id-games":{"_":"Žaidimai"},"evme-shortcut-id-government":{"_":"Valdžia"},"evme-shortcut-id-health":{"_":"Sveikata"},"evme-shortcut-id-jobs":{"_":"Darbas"},"evme-shortcut-id-local":{"_":"Vietinės"},"evme-shortcut-id-maps":{"_":"Žemėlapiai"},"evme-shortcut-id-movies":{"_":"Filmai"},"evme-shortcut-id-music":{"_":"Muzika"},"evme-shortcut-id-new-apps":{"_":"Naujos programos"},"evme-shortcut-id-news":{"_":"Naujienos"},"evme-shortcut-id-photography":{"_":"Fotografija"},"evme-shortcut-id-recipes":{"_":"Receptai"},"evme-shortcut-id-restaurants":{"_":"Restoranai"},"evme-shortcut-id-shopping":{"_":"Apsipirkimas"},"evme-shortcut-id-social":{"_":"Socialinės"},"evme-shortcut-id-sports":{"_":"Sportas"},"evme-shortcut-id-tech-news":{"_":"Technikos naujienos"},"evme-shortcut-id-top-apps":{"_":"Populiariausios programos"},"evme-shortcut-id-travel":{"_":"Kelionės"},"evme-shortcut-id-tv":{"_":"TV"},"evme-shortcut-id-video":{"_":"Video"},"evme-shortcut-id-utilities":{"_":"Paslaugų programos"},"evme-shortcut-id-weather":{"_":"Orai"},"evme-add-to-top-of-collection":{"_":"Pridėti į rinkinio viršų"},"evme-save-to-homescreen":{"_":"Pridėti į Pradžios ekraną"},"edit-dialog-header":{"_":"Taisymas"},"edit-dialog-name":{"_":"Svetainės pavadinimas"},"edit-dialog-url":{"_":"Adresas"},"edit-dialog-cancel":{"_":"Atsisakyti"},"edit-dialog-done":{"_":"Atlikta"},"weekday-0-long":{"_":"Sekmadienis"},"weekday-1-long":{"_":"Pirmadienis"},"weekday-2-long":{"_":"Antradienis"},"weekday-3-long":{"_":"Trečiadienis"},"weekday-4-long":{"_":"Ketvirtadienis"},"weekday-5-long":{"_":"Penktadienis"},"weekday-6-long":{"_":"Šeštadienis"},"weekday-0-short":{"_":"Sk"},"weekday-1-short":{"_":"Pr"},"weekday-2-short":{"_":"An"},"weekday-3-short":{"_":"Tr"},"weekday-4-short":{"_":"Kt"},"weekday-5-short":{"_":"Pn"},"weekday-6-short":{"_":"Št"},"month-0-long":{"_":"sausis"},"month-1-long":{"_":"vasaris"},"month-2-long":{"_":"kovas"},"month-3-long":{"_":"balandis"},"month-4-long":{"_":"gegužė"},"month-5-long":{"_":"birželis"},"month-6-long":{"_":"liepa"},"month-7-long":{"_":"rugpjūtis"},"month-8-long":{"_":"rugsėjis"},"month-9-long":{"_":"spalis"},"month-10-long":{"_":"lapkritis"},"month-11-long":{"_":"gruodis"},"month-0-genitive":{"_":"sausio"},"month-1-genitive":{"_":"vasario"},"month-2-genitive":{"_":"kovo"},"month-3-genitive":{"_":"balandžio"},"month-4-genitive":{"_":"gegužės"},"month-5-genitive":{"_":"birželio"},"month-6-genitive":{"_":"liepos"},"month-7-genitive":{"_":"rugpjūčio"},"month-8-genitive":{"_":"rugsėjo"},"month-9-genitive":{"_":"spalio"},"month-10-genitive":{"_":"lapkričio"},"month-11-genitive":{"_":"gruodžio"},"month-0-short":{"_":"Sau"},"month-1-short":{"_":"Vas"},"month-2-short":{"_":"Kov"},"month-3-short":{"_":"Bal"},"month-4-short":{"_":"Geg"},"month-5-short":{"_":"Bir"},"month-6-short":{"_":"Lie"},"month-7-short":{"_":"Rgp"},"month-8-short":{"_":"Rgs"},"month-9-short":{"_":"Spa"},"month-10-short":{"_":"Lap"},"month-11-short":{"_":"Grd"},"minutes-ago-long":{"_":"{[ plural(value) ]}","_[zero]":"ką tik","_[one]":"prieš {{value}} minutę","_[two]":"prieš {{value}} minutes","_[few]":"prieš {{value}} minutes","_[many]":"prieš {{value}} minučių","_[other]":"prieš {{value}} minučių"},"hours-ago-long":{"_":"{[ plural(value) ]}","_[zero]":"ką tik","_[one]":"prieš {{value}} valandą","_[two]":"prieš {{value}} valandas","_[few]":"prieš {{value}} valandas","_[many]":"prieš {{value}} valandų","_[other]":"prieš {{value}} valandų"},"days-ago-long":{"_":"{[ plural(value) ]}","_[zero]":"šiandien","_[one]":"vakar","_[two]":"prieš {{value}} dienas","_[few]":"prieš {{value}} dienas","_[many]":"prieš {{value}} dienų","_[other]":"prieš {{value}} dienų"},"weeks-ago-long":{"_":"{[ plural(value) ]}","_[zero]":"šią savaitę","_[one]":"praėjusią savaitę","_[two]":"prieš {{value}} savaites","_[few]":"prieš {{value}} savaites","_[many]":"prieš {{value}} savaičių","_[other]":"prieš {{value}} savaičių"},"months-ago-long":{"_":"{[ plural(value) ]}","_[zero]":"šį mėnesį","_[one]":"praėjusį mėnesį","_[two]":"prieš {{value}} mėnesius","_[few]":"prieš {{value}} mėnesius","_[many]":"prieš {{value}} mėnesių","_[other]":"prieš {{value}} mėnesių"},"years-ago-long":{"_":"{[ plural(value) ]}","_[zero]":"šiemet","_[one]":"prieš {{value}} metus","_[two]":"prieš {{value}} metus","_[few]":"prieš {{value}} metus","_[many]":"prieš {{value}} metų","_[other]":"prieš {{value}} metų"},"minutes-until-long":{"_":"{[ plural(value) ]}","_[zero]":"dabar","_[one]":"už {{value}} minutės","_[two]":"už {{value}} minučių","_[few]":"už {{value}} minučių","_[many]":"už {{value}} minučių","_[other]":"už {{value}} minučių"},"hours-until-long":{"_":"{[ plural(value) ]}","_[zero]":"dabar","_[one]":"už {{value}} valandos","_[two]":"už {{value}} valandų","_[few]":"už {{value}} valandų","_[many]":"už {{value}} valandų","_[other]":"už {{value}} valandų"},"days-until-long":{"_":"{[ plural(value) ]}","_[zero]":"šiandien","_[one]":"rytoj","_[two]":"už {{value}} dienų","_[few]":"už {{value}} dienų","_[many]":"už {{value}} dienų","_[other]":"už {{value}} dienų"},"weeks-until-long":{"_":"{[ plural(value) ]}","_[zero]":"šią savaitę","_[one]":"kitą savaitę","_[two]":"už {{value}} savaičių","_[few]":"už {{value}} savaičių","_[many]":"už {{value}} savaičių","_[other]":"už {{value}} savaičių"},"months-until-long":{"_":"{[ plural(value) ]}","_[zero]":"šį mėnesį","_[one]":"kitą mėnesį","_[two]":"už {{value}} mėnesių","_[few]":"už {{value}} mėnesių","_[many]":"už {{value}} mėnesių","_[other]":"už {{value}} mėnesių"},"years-until-long":{"_":"{[ plural(value) ]}","_[zero]":"šiemet","_[one]":"kitais metais","_[two]":"už {{value}} metų","_[few]":"už {{value}} metų","_[many]":"už {{value}} metų","_[other]":"už {{value}} metų"},"minutes-ago-short":{"_":"{[ plural(value) ]}","_[zero]":"ką tik","_[other]":"prieš {{value}} min."},"hours-ago-short":{"_":"{[ plural(value) ]}","_[zero]":"ką tik","_[other]":"prieš {{value}} val."},"days-ago-short":{"_":"{[ plural(value) ]}","_[zero]":"šiandien","_[other]":"prieš {{value}} d."},"minutes-until-short":{"_":"{[ plural(value) ]}","_[zero]":"dabar","_[other]":"už {{value}} min."},"hours-until-short":{"_":"{[ plural(value) ]}","_[zero]":"dabar","_[other]":"už {{value}} val."},"days-until-short":{"_":"{[ plural(value) ]}","_[zero]":"šiandien","_[other]":"už {{value}} d."},"incorrectDate":{"_":"(negalima data)"},"dateTimeFormat_%c":{"_":"%Y m. %Eb %e d. %H:%M:%S"},"dateTimeFormat_%x":{"_":"%Y-%m-%d"},"dateTimeFormat_%X":{"_":"%H:%M:%S"},"shortTimeFormat":{"_":"%H:%M"},"shortDateTimeFormat":{"_":"%x %H:%M"},"weekStartsOnMonday":{"_":"1"},"time_am":{"_":"priešpiet"},"time_pm":{"_":"popiet"}}