{"Showbiz":{"_":"Шоу-бизнис"},"Social":{"_":"Друштвени"},"Games":{"_":"Игри"},"Music":{"_":"Музика"},"add-to-home-screen":{"_":"Додај на домашниот екран"},"add-to-home-screen-header":{"_":"Додај врска"},"website-name":{"_":"Име на мрежното место"},"address":{"_":"Адреса"},"added-to-home-screen":{"_":"Додадено на домашниот екран"},"wrapper-search-name":{"_":"{{topic}} на {{name}}"},"contextmenu-add-wallpaper":{"_":"Промени тапет"},"contextmenu-add-smart-collections":{"_":"Додај Паметни збирки"},"delete-title":{"_":"Избриши {{name}}"},"delete-body":{"_":"{{name}} и сите негови податоци ќе бидат избришани."},"delete":{"_":"Избриши"},"cancel":{"_":"Откажи"},"remove-title-2":{"_":"Отстрани {{name}}"},"remove-body":{"_":"Отстрани {{name}} од домашниот екран?"},"remove":{"_":"Отстрани"},"longDateFormat":{"_":"%A, %e %B"},"download":{"_":"Преземи"},"restart-download-title":{"_":"Рестартирај преземање"},"restart-download-body":{"_":"Дали сакате да преземете {{name}}?"},"loadingEvme2":{"_":"Се вчитува…"},"evme-searchbar-default":{"_":"Сѐ…","placeholder":"Размислувам за…"},"evme-searchbar-default2":{"_":"Размислувам за…","placeholder":"Размислувам за…"},"evme-searchbar-clear":{"_":"Назад"},"evme-searchbar-title":{"_":"Сѐ"},"evme-helper-default":{"_":"Внесете тема или пребарување"},"evme-helper-default2":{"_":"Внесете тема или клучен збор"},"evme-helper-dismiss":{"_":"Заборави"},"evme-helper-no-refine":{"_":"Не се најдени опции"},"evme-helper-history-title":{"_":"Историја:"},"evme-helper-history-link":{"_":"Историја"},"evme-helper-history-clear":{"_":"Исчисти ја историјата"},"evme-helper-didyoumean-title":{"_":"Дали мислевте:"},"evme-helper-refine-title":{"_":"Дали мислевте:"},"evme-helper-title-prefix":{"_":"Сѐ"},"evme-helper-title-empty":{"_":"Сѐ"},"evme-apps-market-download":{"_":"Преземи"},"evme-apps-market-more-apps":{"_":"Повеќе апликации"},"evme-apps-loading-app":{"_":"Сѐ вчитува…"},"evme-appsmore-loading":{"_":"Сѐ вчитува…"},"evme-alert-app-install-confirm":{"_":"Додај {{name}} на домашниот екран?"},"evme-alert-app-install-exists":{"_":"{{name}} веќе постои на домашниот екран"},"evme-alert-offline-smart-collections-more":{"_":"Врзете се на Интернет за додавање на повеќе Паметни збирки"},"evme-alert-save-wallpaper":{"_":"Да поставам како тапет?"},"evme-alert-no-more-smart-collections":{"_":"Нема Паметни збирки за додавање"},"evme-banner-app-install-success":{"_":"{{name}} е додаден на домашниот екран"},"evme-banner-save-wallpaper":{"_":"Тапетот е успешно поставен"},"evme-shortcuts-more":{"_":"Повеќе"},"evme-collectionssuggest-loading":{"_":"Се вчитува…"},"evme-collectionssuggest-loading-cancel":{"_":"Откажи"},"evme-collectionssuggest-prompt-create-custom":{"_":"Создадете сопствени Паметни збирки"},"evme-backgroundimage-source-label":{"_":"Извор:"},"evme-collection-title-prefix":{"_":"Сѐ"},"evme-collection-title-suffix":{"_":"Телефон"},"evme-collection-loading-more":{"_":"Се вчитува…"},"evme-connectionmessage-apps":{"_":"Поврзете се на интернет за да земете апликации за {{query}}"},"evme-connectionmessage-apps-has-installed":{"_":"Поврзете се на интернет за да земете повеќе апликации за {{query}}"},"evme-tips-app-explain":{"innerHTML":"Најдете ги нештата што ги саката со најдобрите апликации."},"evme-tips-searchbar-focus":{"innerHTML":"На пример, најдете го Вашиот омилен пејач или бенд…"},"evme-tips-exact-results":{"innerHTML":"Ова се апликациите за <b>{{query}}</b>,<br /><br /> притиснете на било која икона за да ги отворите."},"evme-shortcut-custom":{"_":"По избор..."},"evme-shortcut-id-astrology":{"_":"Астрологија"},"evme-shortcut-id-autos":{"_":"Автомобили"},"evme-shortcut-id-beauty":{"_":"Убавина"},"evme-shortcut-id-books":{"_":"Книги"},"evme-shortcut-id-celebs":{"_":"Славни лица"},"evme-shortcut-id-daily-deals":{"_":"Дневни зделки"},"evme-shortcut-id-dating":{"_":"Љубовни средби"},"evme-shortcut-id-electronics":{"_":"Електроника"},"evme-shortcut-id-email":{"_":"Е-пошта"},"evme-shortcut-id-entertainment":{"_":"Забава"},"evme-shortcut-id-environment":{"_":"Животна средина"},"evme-shortcut-id-fashion":{"_":"Мода"},"evme-shortcut-id-funny":{"_":"Смешки"},"evme-shortcut-id-games":{"_":"Игри"},"evme-shortcut-id-government":{"_":"Влада"},"evme-shortcut-id-health":{"_":"Здравје"},"evme-shortcut-id-jobs":{"_":"Работа"},"evme-shortcut-id-local":{"_":"Локално"},"evme-shortcut-id-maps":{"_":"Мапи"},"evme-shortcut-id-movies":{"_":"Филмови"},"evme-shortcut-id-music":{"_":"Музика"},"evme-shortcut-id-new-apps":{"_":"Нови апликации"},"evme-shortcut-id-news":{"_":"Вести"},"evme-shortcut-id-photography":{"_":"Фотографија"},"evme-shortcut-id-recipes":{"_":"Рецепти"},"evme-shortcut-id-restaurants":{"_":"Ресторани"},"evme-shortcut-id-shopping":{"_":"Шопинг"},"evme-shortcut-id-social":{"_":"Социјални мрежи"},"evme-shortcut-id-sports":{"_":"Спорт"},"evme-shortcut-id-tech-news":{"_":"Вести од технологијата"},"evme-shortcut-id-top-apps":{"_":"Најдобри апликации"},"evme-shortcut-id-travel":{"_":"Патувања"},"evme-shortcut-id-tv":{"_":"ТВ"},"evme-shortcut-id-video":{"_":"Видео"},"evme-shortcut-id-utilities":{"_":"Алатки"},"evme-shortcut-id-weather":{"_":"Време"},"evme-add-to-top-of-collection":{"_":"Додај на врвот на збирката"},"evme-save-to-homescreen":{"_":"Зачувај на Домашен екран"},"edit-dialog-header":{"_":"Уреди"},"edit-dialog-name":{"_":"Име на веб сајт"},"edit-dialog-url":{"_":"Адреса"},"edit-dialog-cancel":{"_":"Откажи"},"edit-dialog-done":{"_":"Готово"},"weekday-0-long":{"_":"Недела"},"weekday-1-long":{"_":"Понеделник"},"weekday-2-long":{"_":"Вторник"},"weekday-3-long":{"_":"Среда"},"weekday-4-long":{"_":"Четврток"},"weekday-5-long":{"_":"Петок"},"weekday-6-long":{"_":"Сабота"},"weekday-0-short":{"_":"Нед"},"weekday-1-short":{"_":"Пон"},"weekday-2-short":{"_":"Вто"},"weekday-3-short":{"_":"Сре"},"weekday-4-short":{"_":"Чет"},"weekday-5-short":{"_":"Пет"},"weekday-6-short":{"_":"Саб"},"month-0-long":{"_":"јануари"},"month-1-long":{"_":"февруари"},"month-2-long":{"_":"март"},"month-3-long":{"_":"април"},"month-4-long":{"_":"мај"},"month-5-long":{"_":"јуни"},"month-6-long":{"_":"јули"},"month-7-long":{"_":"август"},"month-8-long":{"_":"септември"},"month-9-long":{"_":"октомври"},"month-10-long":{"_":"ноември"},"month-11-long":{"_":"декември"},"month-0-genitive":{"_":"јануари"},"month-1-genitive":{"_":"февруари"},"month-2-genitive":{"_":"март"},"month-3-genitive":{"_":"април"},"month-4-genitive":{"_":"мај"},"month-5-genitive":{"_":"јуни"},"month-6-genitive":{"_":"јули"},"month-7-genitive":{"_":"август"},"month-8-genitive":{"_":"септември"},"month-9-genitive":{"_":"октомври"},"month-10-genitive":{"_":"ноември"},"month-11-genitive":{"_":"декември"},"month-0-short":{"_":"јан"},"month-1-short":{"_":"фев"},"month-2-short":{"_":"мар"},"month-3-short":{"_":"апр"},"month-4-short":{"_":"мај"},"month-5-short":{"_":"јун"},"month-6-short":{"_":"јул"},"month-7-short":{"_":"авг"},"month-8-short":{"_":"сеп"},"month-9-short":{"_":"окт"},"month-10-short":{"_":"ное"},"month-11-short":{"_":"дек"},"minutes-ago-long":{"_":"{[ plural(value) ]}","_[zero]":"сега","_[one]":"пред една минута","_[two]":"пред {{value}} минути","_[few]":"пред {{value}} минути","_[many]":"пред {{value}} минути","_[other]":"пред {{value}} минути"},"hours-ago-long":{"_":"{[ plural(value) ]}","_[zero]":"сега","_[one]":"пред еден час","_[two]":"пред {{value}} часа","_[few]":"пред {{value}} часа","_[many]":"пред {{value}} часови","_[other]":"пред {{value}} часови"},"days-ago-long":{"_":"{[ plural(value) ]}","_[zero]":"денес","_[one]":"вчера","_[two]":"пред {{value}} дена","_[few]":"пред {{value}} дена","_[many]":"пред {{value}} денови","_[other]":"пред {{value}} денови"},"weeks-ago-long":{"_":"{[ plural(value) ]}","_[zero]":"оваа недела","_[one]":"минатата недела","_[two]":"пред {{value}} недели","_[few]":"пред {{value}} недели","_[many]":"пред {{value}} недели","_[other]":"пред {{value}} недели"},"months-ago-long":{"_":"{[ plural(value) ]}","_[zero]":"овој месец","_[one]":"минатиот месец","_[two]":"пред {{value}} месеци","_[few]":"пред {{value}} месеци","_[many]":"пред {{value}} месеци","_[other]":"пред {{value}} месеци"},"years-ago-long":{"_":"{[ plural(value) ]}","_[zero]":"оваа година","_[one]":"минатата година","_[two]":"пред {{value}} години","_[few]":"пред {{value}} години","_[many]":"пред {{value}} години","_[other]":"пред {{value}} години"},"minutes-until-long":{"_":"{[ plural(value) ]}","_[zero]":"сега","_[one]":"за една минута","_[two]":"за {{value}} минути","_[few]":"за {{value}} минути","_[many]":"за {{value}} минути","_[other]":"за {{value}} минути"},"hours-until-long":{"_":"{[ plural(value) ]}","_[zero]":"сега","_[one]":"за еден час","_[two]":"за {{value}} часа","_[few]":"за {{value}} часа","_[many]":"за {{value}} часови","_[other]":"за {{value}} часови"},"days-until-long":{"_":"{[ plural(value) ]}","_[zero]":"денес","_[one]":"утре","_[two]":"за {{value}} дена","_[few]":"за {{value}} дена","_[many]":"за {{value}} денови","_[other]":"за {{value}} денови"},"weeks-until-long":{"_":"{[ plural(value) ]}","_[zero]":"оваа седмица","_[one]":"следната седмица","_[two]":"за {{value}} седмици","_[few]":"за {{value}} седмици","_[many]":"за {{value}} седмици","_[other]":"за {{value}} седмици"},"months-until-long":{"_":"{[ plural(value) ]}","_[zero]":"овој месец","_[one]":"следниот месец","_[two]":"за {{value}} месеци","_[few]":"за {{value}} месеци","_[many]":"за {{value}} месеци","_[other]":"за {{value}} месеци"},"years-until-long":{"_":"{[ plural(value) ]}","_[zero]":"оваа година","_[one]":"следната година","_[two]":"за {{value}} години","_[few]":"за {{value}} години","_[many]":"за {{value}} години","_[other]":"за {{value}} години"},"minutes-ago-short":{"_":"{[ plural(value) ]}","_[zero]":"сега","_[other]":"пред {{value}}m"},"hours-ago-short":{"_":"{[ plural(value) ]}","_[zero]":"сега","_[other]":"пред {{value}}h"},"days-ago-short":{"_":"{[ plural(value) ]}","_[zero]":"денес","_[other]":"пред {{value}}d"},"minutes-until-short":{"_":"{[ plural(value) ]}","_[zero]":"сега","_[other]":"за {{value}}m"},"hours-until-short":{"_":"{[ plural(value) ]}","_[zero]":"сега","_[other]":"за {{value}}h"},"days-until-short":{"_":"{[ plural(value) ]}","_[zero]":"денес","_[other]":"за {{value}}d"},"incorrectDate":{"_":"(неточен датум)"},"dateTimeFormat_%c":{"_":"%a %b %e %Y %H:%M:%S"},"dateTimeFormat_%x":{"_":"%d/%m/%Y"},"dateTimeFormat_%X":{"_":"%H:%M:%S"},"shortTimeFormat":{"_":"%H:%M"},"shortDateTimeFormat":{"_":"%x %H:%M"},"weekStartsOnMonday":{"_":"1"},"time_am":{"_":"AM"},"time_pm":{"_":"PM"}}