{"Showbiz":{"_":"Dunia Hiburan"},"Social":{"_":"Sosial"},"Games":{"_":"Permainan"},"Music":{"_":"Muzik"},"add-to-home-screen":{"_":"Tambah ke Skrin Utama"},"add-to-home-screen-header":{"_":"Tambah pautan"},"website-name":{"_":"Nama laman web"},"address":{"_":"Alamat"},"added-to-home-screen":{"_":"Tambah ke Skrin Utama"},"wrapper-search-name":{"_":"{{topic}} pada {{name}}"},"contextmenu-add-wallpaper":{"_":"Tukar Kertas Dinding"},"contextmenu-add-smart-collections":{"_":"Tambah Koleksi Pintar"},"delete-title":{"_":"Hapus {{name}}"},"delete-body":{"_":"{{name}} dan semua datanya akan dihapuskan."},"delete":{"_":"Hapus"},"cancel":{"_":"Batal"},"remove-title-2":{"_":"Singkir {{name}}"},"remove-body":{"_":"Singkir {{name}} daripada laman utama?"},"remove":{"_":"Singkir"},"longDateFormat":{"_":"%A, %B %e"},"download":{"_":"Muat turun"},"restart-download-title":{"_":"Ulang mula muat turun"},"restart-download-body":{"_":"Adakah anda ingin muat turun {{name}}?"},"loadingEvme2":{"_":"Mumuat..."},"evme-searchbar-default":{"_":"Kesemuanya...","placeholder":"Saya memikirkan ..."},"evme-searchbar-default2":{"_":"Saya memikirkan ...","placeholder":"Saya memikirkan ..."},"evme-searchbar-clear":{"_":"Undur"},"evme-searchbar-title":{"_":"Kesemuanya..."},"evme-helper-default":{"_":"Masukkan pertanyaan untuk sebarang topik atau carian"},"evme-helper-default2":{"_":"Masukkan sebarang topik atau kata kunci"},"evme-helper-dismiss":{"_":"Bersurai"},"evme-helper-no-refine":{"_":"Tiada pilihan ditemui"},"evme-helper-history-title":{"_":"Sejarah:"},"evme-helper-history-link":{"_":"Sejarah"},"evme-helper-history-clear":{"_":"Lapangkan sejarah"},"evme-helper-didyoumean-title":{"_":"Adakah anda maksudkan:"},"evme-helper-refine-title":{"_":"Adakah anda maksudkan:"},"evme-helper-title-prefix":{"_":"Kesemuanya"},"evme-helper-title-empty":{"_":"Kesemuanya"},"evme-apps-market-download":{"_":"Muat turun"},"evme-apps-market-more-apps":{"_":"Lagi App"},"evme-apps-loading-app":{"_":"Mumuat..."},"evme-appsmore-loading":{"_":"Mumuat..."},"evme-alert-app-install-confirm":{"_":"Tambah {{name}} ke Skrin Utama?"},"evme-alert-app-install-exists":{"_":"{{name}} sudah ditambah ke Skrin Utama"},"evme-alert-offline-smart-collections-more":{"_":"Sambung ke Internet untuk menambah lagi Koleksi Pintar"},"evme-alert-save-wallpaper":{"_":"Tetapkan sebagai kertas dinding?"},"evme-alert-no-more-smart-collections":{"_":"Tiada Koleksi Pintar untuk ditambah"},"evme-banner-app-install-success":{"_":"{{name}} ditambah ke Skrin Utama"},"evme-banner-save-wallpaper":{"_":"Kertas Dinding berjaya ditetapkan"},"evme-shortcuts-more":{"_":"Lagi"},"evme-collectionssuggest-loading":{"_":"Mumuat..."},"evme-collectionssuggest-loading-cancel":{"_":"Batal"},"evme-collectionssuggest-prompt-create-custom":{"_":"Cipta Koleksi Pintar anda sendiri"},"evme-backgroundimage-source-label":{"_":"Sumber:"},"evme-collection-title-prefix":{"_":"Kesemuanya"},"evme-collection-title-suffix":{"_":"Telefon"},"evme-collection-loading-more":{"_":"Mumuat..."},"evme-connectionmessage-apps":{"_":"Sambung ke Internet untuk mendapatkan app untuk {{query}}"},"evme-connectionmessage-apps-has-installed":{"_":"Sambung ke Internet untuk mendapatkan lebih banyak app untuk {{query}}"},"evme-tips-app-explain":{"innerHTML":"Cari perkara y ang anda sukai dengan app terhebat."},"evme-tips-searchbar-focus":{"innerHTML":"Sebagai contoh, cari penyanyi atau kumpulan kegemaran..."},"evme-tips-exact-results":{"innerHTML":"Berikut adalah app untuk <b>{{query}}</b>.<br/><br/> tap sebarang ikon untuk membukanya."},"evme-shortcut-custom":{"_":"Suaian..."},"evme-shortcut-id-astrology":{"_":"Astrologi"},"evme-shortcut-id-autos":{"_":"Auto"},"evme-shortcut-id-beauty":{"_":"Kecantikan"},"evme-shortcut-id-books":{"_":"Buku"},"evme-shortcut-id-celebs":{"_":"Selebriti"},"evme-shortcut-id-daily-deals":{"_":"Janji Harian"},"evme-shortcut-id-dating":{"_":"Pertemuan"},"evme-shortcut-id-electronics":{"_":"Elektronik"},"evme-shortcut-id-email":{"_":"Emel"},"evme-shortcut-id-entertainment":{"_":"Hiburan"},"evme-shortcut-id-environment":{"_":"Persekitaran"},"evme-shortcut-id-fashion":{"_":"Fesyen"},"evme-shortcut-id-funny":{"_":"Jenaka"},"evme-shortcut-id-games":{"_":"Permainan"},"evme-shortcut-id-government":{"_":"Kerajaan"},"evme-shortcut-id-health":{"_":"Kesihatan"},"evme-shortcut-id-jobs":{"_":"Kerja"},"evme-shortcut-id-local":{"_":"Lokal"},"evme-shortcut-id-maps":{"_":"Peta"},"evme-shortcut-id-movies":{"_":"Wayang"},"evme-shortcut-id-music":{"_":"Muzik"},"evme-shortcut-id-new-apps":{"_":"App Baru"},"evme-shortcut-id-news":{"_":"Berita"},"evme-shortcut-id-photography":{"_":"Fotografi"},"evme-shortcut-id-recipes":{"_":"Resepi"},"evme-shortcut-id-restaurants":{"_":"Restoran"},"evme-shortcut-id-shopping":{"_":"Membeli-belah"},"evme-shortcut-id-social":{"_":"Sosial"},"evme-shortcut-id-sports":{"_":"Sukan"},"evme-shortcut-id-tech-news":{"_":"Berita Tek"},"evme-shortcut-id-top-apps":{"_":"App Popular"},"evme-shortcut-id-travel":{"_":"Pelancongan"},"evme-shortcut-id-tv":{"_":"TV"},"evme-shortcut-id-video":{"_":"Video"},"evme-shortcut-id-utilities":{"_":"Utiliti"},"evme-shortcut-id-weather":{"_":"Cuaca"},"evme-add-to-top-of-collection":{"_":"Tambah ke koleksi terbaik"},"evme-save-to-homescreen":{"_":"Simpan ke Skrin Utama"},"edit-dialog-header":{"_":"Sunting"},"edit-dialog-name":{"_":"Nama laman web"},"edit-dialog-url":{"_":"Alamat"},"edit-dialog-cancel":{"_":"Batal"},"edit-dialog-done":{"_":"Selesai"},"weekday-0-long":{"_":"Ahad"},"weekday-1-long":{"_":"Isnin"},"weekday-2-long":{"_":"Selasa"},"weekday-3-long":{"_":"Rabu"},"weekday-4-long":{"_":"Khamis"},"weekday-5-long":{"_":"Jumaat"},"weekday-6-long":{"_":"Sabtu"},"weekday-0-short":{"_":"Ahad"},"weekday-1-short":{"_":"Isnin"},"weekday-2-short":{"_":"Selasa"},"weekday-3-short":{"_":"Rabu"},"weekday-4-short":{"_":"Khamis"},"weekday-5-short":{"_":"Jumaat"},"weekday-6-short":{"_":"Sabtu"},"month-0-long":{"_":"Januari"},"month-1-long":{"_":"Februari"},"month-2-long":{"_":"Mac"},"month-3-long":{"_":"April"},"month-4-long":{"_":"Mei"},"month-5-long":{"_":"Jun"},"month-6-long":{"_":"Julai"},"month-7-long":{"_":"Ogos"},"month-8-long":{"_":"September"},"month-9-long":{"_":"Oktober"},"month-10-long":{"_":"November"},"month-11-long":{"_":"Disember"},"month-0-genitive":{"_":"Januari"},"month-1-genitive":{"_":"Februari"},"month-2-genitive":{"_":"Mac"},"month-3-genitive":{"_":"April"},"month-4-genitive":{"_":"Mei"},"month-5-genitive":{"_":"Jun"},"month-6-genitive":{"_":"Julai"},"month-7-genitive":{"_":"Ogos"},"month-8-genitive":{"_":"September"},"month-9-genitive":{"_":"Oktober"},"month-10-genitive":{"_":"November"},"month-11-genitive":{"_":"Disember"},"month-0-short":{"_":"Jan"},"month-1-short":{"_":"Feb"},"month-2-short":{"_":"Mac"},"month-3-short":{"_":"Apr"},"month-4-short":{"_":"Mei"},"month-5-short":{"_":"Jun"},"month-6-short":{"_":"Jul"},"month-7-short":{"_":"Ogos"},"month-8-short":{"_":"Sep"},"month-9-short":{"_":"Okt"},"month-10-short":{"_":"Nov"},"month-11-short":{"_":"Dis"},"minutes-ago-long":{"_":"{[ plural(value) ]}","_[zero]":"sebentar tadi","_[one]":"satu minit lalu","_[two]":"{{value}} minit lalu","_[few]":"{{value}} minit lalu","_[many]":"{{value}} minit lalu","_[other]":"{{value}} minit lalu"},"hours-ago-long":{"_":"{[ plural(value) ]}","_[zero]":"sebentar tadi","_[one]":"sejam yang lalu","_[two]":"{{value}} jam lalu","_[few]":"{{value}} jam lalu","_[many]":"{{value}} jam lalu","_[other]":"{{value}} jam lalu"},"days-ago-long":{"_":"{[ plural(value) ]}","_[zero]":"hari ini","_[one]":"semalam","_[two]":"{{value}} hari lalu","_[few]":"{{value}} hari lalu","_[many]":"{{value}} hari lalu","_[other]":"{{value}} hari lalu"},"weeks-ago-long":{"_":"{[ plural(value) ]}","_[zero]":"minggu ini","_[one]":"minggu lalu","_[two]":"{{value}} minggu lalu","_[few]":"{{value}} minggu lalu","_[many]":"{{value}} minggu lalu","_[other]":"{{value}} minggu lalu"},"months-ago-long":{"_":"{[ plural(value) ]}","_[zero]":"bulan ini","_[one]":"bulan lalu","_[two]":"{{value}} bulan lalu","_[few]":"{{value}} bulan lalu","_[many]":"{{value}} minit lalu","_[other]":"{{value}} minit lalu"},"years-ago-long":{"_":"{[ plural(value) ]}","_[zero]":"tahun ini","_[one]":"tahun lalu","_[two]":"{{value}} tahun lalu","_[few]":"{{value}} tahun lalu","_[many]":"{{value}} tahun lalu","_[other]":"{{value}} tahun lalu"},"minutes-until-long":{"_":"{[ plural(value) ]}","_[zero]":"sekarang","_[one]":"dalam satu minit","_[two]":"dalam {{value}} minit","_[few]":"dalam {{value}} minit","_[many]":"dalam {{value}} minit","_[other]":"dalam {{value}} minit"},"hours-until-long":{"_":"{[ plural(value) ]}","_[zero]":"sekarang","_[one]":"dalam satu jam","_[two]":"dalam {{value}} jam","_[few]":"dalam {{value}} jam","_[many]":"dalam {{value}} jam","_[other]":"dalam {{value}} jam"},"days-until-long":{"_":"{[ plural(value) ]}","_[zero]":"hari ini","_[one]":"esok","_[two]":"dalam {{value}} hari","_[few]":"dalam {{value}} hari","_[many]":"dalam {{value}} hari","_[other]":"dalam {{value}} hari"},"weeks-until-long":{"_":"{[ plural(value) ]}","_[zero]":"minggu ini","_[one]":"minggu depan","_[two]":"dalam {{value}} minggu","_[few]":"dalam {{value}} minggu","_[many]":"dalam {{value}} minggu","_[other]":"dalam {{value}} minggu"},"months-until-long":{"_":"{[ plural(value) ]}","_[zero]":"bulan ini","_[one]":"bulan depan","_[two]":"dalam {{value}} bulan","_[few]":"dalam {{value}} bulan","_[many]":"dalam {{value}} bulan","_[other]":"dalam {{value}} bulan"},"years-until-long":{"_":"{[ plural(value) ]}","_[zero]":"tahun ini","_[one]":"tahun depan","_[two]":"dalam {{value}} tahun","_[few]":"dalam {{value}} tahun","_[many]":"dalam {{value}} tahun","_[other]":"dalam {{value}} tahun"},"minutes-ago-short":{"_":"{[ plural(value) ]}","_[zero]":"sebentar tadi","_[other]":"{{value}} minit lalu"},"hours-ago-short":{"_":"{[ plural(value) ]}","_[zero]":"sebentar tadi","_[other]":"{{value}} jam lalu"},"days-ago-short":{"_":"{[ plural(value) ]}","_[zero]":"hari ini","_[other]":"{{value}} hari lalu"},"minutes-until-short":{"_":"{[ plural(value) ]}","_[zero]":"sekarang","_[other]":"dalam {{value}} minit"},"hours-until-short":{"_":"{[ plural(value) ]}","_[zero]":"sekarang","_[other]":"dalam {{value}} jam"},"days-until-short":{"_":"{[ plural(value) ]}","_[zero]":"hari ini","_[other]":"dalam {{value}} hari"},"incorrectDate":{"_":"(tarikh tidak betul)"},"dateTimeFormat_%c":{"_":"%a %b %e %Y %I:%M:%S %p"},"dateTimeFormat_%x":{"_":"%m/%d/%Y"},"dateTimeFormat_%X":{"_":"%I:%M:%S %p"},"shortTimeFormat":{"_":"%I:%M %p"},"shortDateTimeFormat":{"_":"%x %I:%M %p"},"weekStartsOnMonday":{"_":"0"},"time_am":{"_":"PG"},"time_pm":{"_":"PTG"}}