{"Showbiz":{"_":"सो बिज्"},"Social":{"_":"सामाजिक"},"Games":{"_":"खेलहरू"},"Music":{"_":"सङ्गीत"},"add-to-home-screen":{"_":"गृह पर्दामा थप्नुहोस्"},"add-to-home-screen-header":{"_":"लिङ्क थप्नुहोस्"},"website-name":{"_":"वेबसाइटको नाम"},"address":{"_":"ठेगाना"},"added-to-home-screen":{"_":"गृह पर्दामा थपियो"},"wrapper-search-name":{"_":"{{name}} मा {{topic}} "},"contextmenu-add-wallpaper":{"_":"वालपपेर बदल्नुहोस"},"contextmenu-add-smart-collections":{"_":"छरितो संङ्कलनहरु थप्नुहोस्"},"delete-title":{"_":"{{name}} मेट"},"delete-body":{"_":"{{name}} र यसका सम्पूर्ण डाटाहरु मेटाइनेछ।"},"delete":{"_":"मेट्नुहोस्"},"cancel":{"_":"रद्द गर"},"remove-title-2":{"_":"{{name}} हटाउनुहोस्"},"remove-body":{"_":"गृहपर्दाबाट {{name}} हटाउने?"},"remove":{"_":"हटाउनुहोस्"},"longDateFormat":{"_":"%A, %B %e"},"download":{"_":"डाउनलोड गर्नुहोस्"},"restart-download-title":{"_":"डाउनलोड पुन: सुरु गर्नुहोस"},"restart-download-body":{"_":"के तपाई {{name}} डाउनलोड गर्न चाहनुहुन्छ?"},"loadingEvme2":{"_":"लोड हुँदैछ..."},"evme-searchbar-default":{"_":"सबै...","placeholder":"म यसको बारेमा सोच्दै छु..."},"evme-searchbar-default2":{"_":"म यसको बारेमा सोच्दै छु...","placeholder":"म यसको बारेमा सोच्दै छु..."},"evme-searchbar-clear":{"_":"पछाडि"},"evme-searchbar-title":{"_":"सबै"},"evme-helper-default":{"_":"कुनै विषय वा प्रस्न खोज्न प्रविष्ट गर्नुहोस्"},"evme-helper-default2":{"_":"कुनै विषय वा शब्दकुञ्जी प्रविष्ट गर्नुहोस्"},"evme-helper-dismiss":{"_":"खारेज गर"},"evme-helper-no-refine":{"_":"कुनै विकल्पहरु भेटिएन"},"evme-helper-history-title":{"_":"इतिहास:"},"evme-helper-history-link":{"_":"इतिहास"},"evme-helper-history-clear":{"_":"इतिहास खाली गर्नुहोस्"},"evme-helper-didyoumean-title":{"_":"तपाईले भन्न खोज्नुभाको: "},"evme-helper-refine-title":{"_":"के तपाईले यहीभन्नुभाको:"},"evme-helper-title-prefix":{"_":"सबै"},"evme-helper-title-empty":{"_":"सबै"},"evme-apps-market-download":{"_":"डाउनलोड गर्नुहोस्"},"evme-apps-market-more-apps":{"_":"धेरै एप्स्"},"evme-apps-loading-app":{"_":"लोड हुँदैछ..."},"evme-appsmore-loading":{"_":"लोड हुँदैछ..."},"evme-alert-app-install-confirm":{"_":"गृहपर्दामा {{name}} थप्ने?"},"evme-alert-app-install-exists":{"_":"{{name}} गृहपर्दामा थपिसकेको छ"},"evme-alert-offline-smart-collections-more":{"_":"थप सङ्कलनहरु थप्नको लागि इन्टरनेट जडान गर्नुहोस्"},"evme-alert-save-wallpaper":{"_":"वालपेपरका रुपमा सेट गर्नुहुन्छ?"},"evme-alert-no-more-smart-collections":{"_":"थप गर्न कुनै संङ्कलनहरु छैनन् "},"evme-banner-app-install-success":{"_":"{{name}} गृह पर्दामा थपियो"},"evme-banner-save-wallpaper":{"_":"वालपेपर सफलतापूर्वक चयन गरियो"},"evme-shortcuts-more":{"_":"बढी"},"evme-collectionssuggest-loading":{"_":"लोड हुँदैछ..."},"evme-collectionssuggest-loading-cancel":{"_":"रद्द गर्नुहोस्"},"evme-collectionssuggest-prompt-create-custom":{"_":"आफ्नै छरितो संकलन सिर्जना गर्नुहोस्"},"evme-backgroundimage-source-label":{"_":"स्रोत:"},"evme-collection-title-prefix":{"_":"सबै कुरा"},"evme-collection-title-suffix":{"_":"फोन"},"evme-collection-loading-more":{"_":"लोड हुँदैछ..."},"evme-connectionmessage-apps":{"_":"{{query}}का लागि एप पाउन इन्टरनेट जडान गर्नुहोस्"},"evme-connectionmessage-apps-has-installed":{"_":"{{query}}का लागि अज धेरै एपहरु पाउनका लागि इन्टरनेट जडान गर्नुहोस्"},"evme-tips-app-explain":{"innerHTML":"कुल एपहरुको माध्यमबाट तपाईलाई मनपर्ने कुराहरु पत्ता लगाउनुहोस् |"},"evme-tips-searchbar-focus":{"innerHTML":"जस्तै, तपाईलाई मनपर्ने गायक वा ब्याड पत्ता लगाउनुहोस्…"},"evme-tips-exact-results":{"innerHTML":"यि एपहरु <b>{{query}}</b>का लागि हुन्, <br /><br /> खोल्नका लागि कुनै आईकन थिच्नूहोस् | "},"evme-shortcut-custom":{"_":"अनुकूल…"},"evme-shortcut-id-astrology":{"_":"ज्योतिष"},"evme-shortcut-id-autos":{"_":"स्वत"},"evme-shortcut-id-beauty":{"_":"सुन्दरता"},"evme-shortcut-id-books":{"_":"पुस्तकहरु "},"evme-shortcut-id-celebs":{"_":"सेलेबस्  "},"evme-shortcut-id-daily-deals":{"_":"दैनिक समझौता"},"evme-shortcut-id-dating":{"_":"डेटिंग"},"evme-shortcut-id-electronics":{"_":"विद्युतीय"},"evme-shortcut-id-email":{"_":"इमेल"},"evme-shortcut-id-entertainment":{"_":"मनोरन्जन"},"evme-shortcut-id-environment":{"_":"परिवेश"},"evme-shortcut-id-fashion":{"_":"फेसन"},"evme-shortcut-id-funny":{"_":"रमाइलो"},"evme-shortcut-id-games":{"_":"खेलहरू"},"evme-shortcut-id-government":{"_":"सरकार"},"evme-shortcut-id-health":{"_":"स्वास्थ्य"},"evme-shortcut-id-jobs":{"_":"कार्यहरू"},"evme-shortcut-id-local":{"_":"स्थानीय"},"evme-shortcut-id-maps":{"_":"नक्सा"},"evme-shortcut-id-movies":{"_":"चलचित्र"},"evme-shortcut-id-music":{"_":"सङ्गीत"},"evme-shortcut-id-new-apps":{"_":"नँया एपहरु"},"evme-shortcut-id-news":{"_":"समाचार"},"evme-shortcut-id-photography":{"_":"फोटोग्राफी"},"evme-shortcut-id-recipes":{"_":"ब्यन्जन"},"evme-shortcut-id-restaurants":{"_":"रेस्टुराहरु"},"evme-shortcut-id-shopping":{"_":"किनमेल"},"evme-shortcut-id-social":{"_":"सामाजिक"},"evme-shortcut-id-sports":{"_":"खेलकुद"},"evme-shortcut-id-tech-news":{"_":"प्राविधिक समाचार "},"evme-shortcut-id-top-apps":{"_":"शीर्ष एपहरु"},"evme-shortcut-id-travel":{"_":"यात्रा"},"evme-shortcut-id-tv":{"_":"टि भि"},"evme-shortcut-id-video":{"_":"भिडियो"},"evme-shortcut-id-utilities":{"_":"युटिलिटी"},"evme-shortcut-id-weather":{"_":"हावापानी"},"evme-add-to-top-of-collection":{"_":"माथिल्लो सङ्कलनमा थप्नुहोस्"},"evme-save-to-homescreen":{"_":"गृहपर्दामा बचत गर्नुहोस्"},"edit-dialog-header":{"_":"सम्पादन गर्नुहोस्"},"edit-dialog-name":{"_":"वेबसाइटको नाम"},"edit-dialog-url":{"_":"ठेगाना"},"edit-dialog-cancel":{"_":"रद्द गर्नुहोस्"},"edit-dialog-done":{"_":"पूरा भयो"},"weekday-0-long":{"_":"आइतबार"},"weekday-1-long":{"_":"सोमबार"},"weekday-2-long":{"_":"मंगलबार"},"weekday-3-long":{"_":"बुधबार"},"weekday-4-long":{"_":"बिहिबार"},"weekday-5-long":{"_":"शुक्रबार"},"weekday-6-long":{"_":"शनिबार"},"weekday-0-short":{"_":"आइत"},"weekday-1-short":{"_":"सोम"},"weekday-2-short":{"_":"मङ्गल"},"weekday-3-short":{"_":"बुध"},"weekday-4-short":{"_":"बिहि"},"weekday-5-short":{"_":"शुक्र"},"weekday-6-short":{"_":"शनि"},"month-0-long":{"_":"जनवरी"},"month-1-long":{"_":"फेब्रुअरी"},"month-2-long":{"_":"ंमार्च"},"month-3-long":{"_":"अप्रिल"},"month-4-long":{"_":"मे"},"month-5-long":{"_":"जुन"},"month-6-long":{"_":"जुलाई"},"month-7-long":{"_":"अगस्ट"},"month-8-long":{"_":"सेप्टेम्बर"},"month-9-long":{"_":"अक्टोबर"},"month-10-long":{"_":"नोभेम्बर"},"month-11-long":{"_":"डिसेम्बर"},"month-0-genitive":{"_":"जनवरी"},"month-1-genitive":{"_":"फेब्रुअरी"},"month-2-genitive":{"_":"ंमार्च"},"month-3-genitive":{"_":"अप्रिल"},"month-4-genitive":{"_":"मे"},"month-5-genitive":{"_":"जुन"},"month-6-genitive":{"_":"जुलाई"},"month-7-genitive":{"_":"अगस्ट"},"month-8-genitive":{"_":"सेप्टेम्बर"},"month-9-genitive":{"_":"अक्टोबर"},"month-10-genitive":{"_":"नोभेम्बर"},"month-11-genitive":{"_":"डिसेम्बर"},"month-0-short":{"_":"जन"},"month-1-short":{"_":"फेब"},"month-2-short":{"_":"मार्च"},"month-3-short":{"_":"अप्रिल"},"month-4-short":{"_":"मे"},"month-5-short":{"_":"जुन"},"month-6-short":{"_":"जुलाई"},"month-7-short":{"_":"अगस्ट"},"month-8-short":{"_":"सेप्टेम्वर"},"month-9-short":{"_":"अक्टुवर"},"month-10-short":{"_":"नोभेम्वर"},"month-11-short":{"_":"डिसेम्वर"},"minutes-ago-long":{"_":"{[ plural(value) ]}","_[zero]":"भर्खरै","_[one]":"एक मिनेट अगाडि","_[two]":"{{value}} मिनेट अगाडि","_[few]":"{{value}} मिनेट अगाडि","_[many]":"{{value}} मिनेट अगाडि","_[other]":"{{value}} मिनेट अगाडि"},"hours-ago-long":{"_":"{[ plural(value) ]}","_[zero]":"भर्खरै","_[one]":"एक घन्टा अगाडि","_[two]":"{{value}} घण्टा अगाडि","_[few]":"{{value}} घण्टा अगाडि","_[many]":"{{value}} घण्टा अगाडि","_[other]":"{{value}} घण्टा अगाडि"},"days-ago-long":{"_":"{[ plural(value) ]}","_[zero]":"आज","_[one]":"हिजो","_[two]":"{{value}} दिन अगाडि","_[few]":"{{value}} दिन अगाडि","_[many]":"{{value}} दिन अगाडि","_[other]":"{{value}} दिन अगाडि"},"weeks-ago-long":{"_":"{[ plural(value) ]}","_[zero]":"यो हप्ता","_[one]":"गएको हप्ता","_[two]":"{{value}} हप्ता अगाडि","_[few]":"{{value}} हप्ता अगाडि","_[many]":"{{value}} हप्ता अगाडि","_[other]":"{{value}} हप्ता अगाडि"},"months-ago-long":{"_":"{[ plural(value) ]}","_[zero]":"यो महिना","_[one]":"गएको महिना","_[two]":"{{value}} महिना अगाडि","_[few]":"{{value}} महिना अगाडि","_[many]":"{{value}} महिना अगाडि","_[other]":"{{value}} महिना अगाडि"},"years-ago-long":{"_":"{[ plural(value) ]}","_[zero]":"यो वर्ष","_[one]":"अघिल्लो वर्ष","_[two]":"{{value}} वर्ष अगाडि","_[few]":"{{value}} वर्ष अगाडि","_[many]":"{{value}} वर्ष अगाडि","_[other]":"{{value}} वर्ष अगाडि"},"minutes-until-long":{"_":"{[ plural(value) ]}","_[zero]":"अहिले","_[one]":"एक मिनेटमा","_[two]":"{{value}} मिनेटमा","_[few]":"{{value}} मिनेटमा","_[many]":"{{value}} मिनेटमा","_[other]":"{{value}} मिनेटमा"},"hours-until-long":{"_":"{[ plural(value) ]}","_[zero]":"अहिले","_[one]":"एक घण्टामा","_[two]":"{{value}} घण्टामा","_[few]":"{{value}} घण्टामा","_[many]":"{{value}} घण्टामा","_[other]":"{{value}} घण्टामा"},"days-until-long":{"_":"{[ plural(value) ]}","_[zero]":"आज","_[one]":"भोलि","_[two]":"{{value}} दिनमा","_[few]":"{{value}} दिनमा","_[many]":"{{value}} दिनमा","_[other]":"{{value}} दिनमा"},"weeks-until-long":{"_":"{[ plural(value) ]}","_[zero]":"यो हप्ता","_[one]":"पछिल्लो हप्ता","_[two]":"{{value}} हप्तामा","_[few]":"{{value}} हप्तामा","_[many]":"{{value}} हप्तामा","_[other]":"{{value}} हप्तामा"},"months-until-long":{"_":"{[ plural(value) ]}","_[zero]":"यस महिना","_[one]":"पछिल्लो महिना","_[two]":"{{value}} महिनामा","_[few]":"{{value}} महिनामा","_[many]":"{{value}} महिनामा","_[other]":"{{value}} महिनामा"},"years-until-long":{"_":"{[ plural(value) ]}","_[zero]":"यस बर्ष","_[one]":"आर्को बर्ष","_[two]":"{{value}} बर्षमा","_[few]":"{{value}} बर्षमा","_[many]":"{{value}} वर्षमा","_[other]":"{{value}} वर्षमा"},"minutes-ago-short":{"_":"{[ plural(value) ]}","_[zero]":"भर्खरै","_[other]":"{{value}}मिनेट अघि"},"hours-ago-short":{"_":"{[ plural(value) ]}","_[zero]":"भर्खरै","_[other]":"{{value}}घण्टा अघि"},"days-ago-short":{"_":"{[ plural(value) ]}","_[zero]":"आज","_[other]":"{{value}}दिन अघि"},"minutes-until-short":{"_":"{[ plural(value) ]}","_[zero]":"अहिले","_[other]":"{{value}}मिनेटमा"},"hours-until-short":{"_":"{[ plural(value) ]}","_[zero]":"अहिले","_[other]":"{{value}}घण्टामा"},"days-until-short":{"_":"{[ plural(value) ]}","_[zero]":"आज","_[other]":"{{value}}दिनमा"},"incorrectDate":{"_":"(गलत मिति)"},"dateTimeFormat_%c":{"_":"%a %b %e %Y %I:%M:%S %p"},"dateTimeFormat_%x":{"_":"%m/%d/%Y"},"dateTimeFormat_%X":{"_":"%I:%M:%S %p"},"shortTimeFormat":{"_":"%I:%M %p"},"shortDateTimeFormat":{"_":"%x %I:%M %p"},"weekStartsOnMonday":{"_":"0"},"time_am":{"_":"ए एम"},"time_pm":{"_":"पी एम"}}