{"Showbiz":{"_":"Showbiz"},"Social":{"_":"Sociaal"},"Games":{"_":"Games"},"Music":{"_":"Muziek"},"add-to-home-screen":{"_":"Add to Home Screen"},"add-to-home-screen-header":{"_":"Add link"},"website-name":{"_":"Website name"},"address":{"_":"Address"},"added-to-home-screen":{"_":"Added to Home Screen"},"wrapper-search-name":{"_":"{{topic}} op {{name}}"},"contextmenu-add-wallpaper":{"_":"Achtergrond wijzigen"},"contextmenu-add-smart-collections":{"_":"Slimme collecties toevoegen"},"delete-title":{"_":"{{name}} verwijderen"},"delete-body":{"_":"{{name}} en alle gegevens ervan zullen worden verwijderd."},"delete":{"_":"Verwijderen"},"cancel":{"_":"Annuleren"},"remove-title-2":{"_":"{{name}} verwijderen"},"remove-body":{"_":"{{name}} van het startscherm verwijderen?"},"remove":{"_":"Verwijderen"},"longDateFormat":{"_":"%A %e %B"},"download":{"_":"Downloaden"},"restart-download-title":{"_":"Download herstarten"},"restart-download-body":{"_":"Wilt u {{name}} downloaden?"},"loadingEvme2":{"_":"Laden…"},"evme-searchbar-default":{"_":"Alles…","placeholder":"Ik denk aan …"},"evme-searchbar-default2":{"_":"Ik denk aan …","placeholder":"Ik denk aan …"},"evme-searchbar-clear":{"_":"Terug"},"evme-searchbar-title":{"_":"Alles"},"evme-helper-default":{"_":"Voer een onderwerp of zoekterm in"},"evme-helper-default2":{"_":"Voer een onderwerp of trefwoord in"},"evme-helper-dismiss":{"_":"Verwijderen"},"evme-helper-no-refine":{"_":"Geen opties gevonden"},"evme-helper-history-title":{"_":"Geschiedenis:"},"evme-helper-history-link":{"_":"Geschiedenis"},"evme-helper-history-clear":{"_":"Geschiedenis wissen"},"evme-helper-didyoumean-title":{"_":"Bedoelde u:"},"evme-helper-refine-title":{"_":"Bedoelde u:"},"evme-helper-title-prefix":{"_":"Alles"},"evme-helper-title-empty":{"_":"Alles"},"evme-apps-market-download":{"_":"Downloaden"},"evme-apps-market-more-apps":{"_":"Meer apps"},"evme-apps-loading-app":{"_":"Laden…"},"evme-appsmore-loading":{"_":"Laden…"},"evme-alert-app-install-confirm":{"_":"{{name}} aan startscherm toevoegen?"},"evme-alert-app-install-exists":{"_":"{{name}} is al aan startscherm toegevoegd"},"evme-alert-offline-smart-collections-more":{"_":"Maak verbinding met het internet om meer Slimme collecties toe te voegen"},"evme-alert-save-wallpaper":{"_":"Instellen als achtergrond?"},"evme-alert-no-more-smart-collections":{"_":"Geen Slimme collecties om toe te voegen"},"evme-banner-app-install-success":{"_":"{{name}} aan startscherm toegevoegd"},"evme-banner-save-wallpaper":{"_":"Achtergrond met succes ingesteld"},"evme-shortcuts-more":{"_":"Meer"},"evme-collectionssuggest-loading":{"_":"Laden…"},"evme-collectionssuggest-loading-cancel":{"_":"Annuleren"},"evme-collectionssuggest-prompt-create-custom":{"_":"Uw eigen Slimme collectie maken"},"evme-backgroundimage-source-label":{"_":"Bron:"},"evme-collection-title-prefix":{"_":"Alles"},"evme-collection-title-suffix":{"_":"Telefoon"},"evme-collection-loading-more":{"_":"Laden…"},"evme-connectionmessage-apps":{"_":"Maak verbinding met het internet om apps voor {{query}} te verkrijgen"},"evme-connectionmessage-apps-has-installed":{"_":"Maak verbinding met het internet om nog meer apps voor {{query}} te verkrijgen"},"evme-tips-app-explain":{"innerHTML":"Vind de dingen die u leuk vindt met de leukste apps."},"evme-tips-searchbar-focus":{"innerHTML":"Vind bijvoorbeeld uw favoriete zanger of band…"},"evme-tips-exact-results":{"innerHTML":"Dit zijn de apps voor <b>{{query}}</b>,<br /><br /> tik op een pictogram om het te openen."},"evme-shortcut-custom":{"_":"Aangepast…"},"evme-shortcut-id-astrology":{"_":"Astrologie"},"evme-shortcut-id-autos":{"_":"Auto’s"},"evme-shortcut-id-beauty":{"_":"Beauty"},"evme-shortcut-id-books":{"_":"Boeken"},"evme-shortcut-id-celebs":{"_":"Celebrity"},"evme-shortcut-id-daily-deals":{"_":"Dagelijkse deals"},"evme-shortcut-id-dating":{"_":"Dating"},"evme-shortcut-id-electronics":{"_":"Elektronica"},"evme-shortcut-id-email":{"_":"E-mail"},"evme-shortcut-id-entertainment":{"_":"Entertainment"},"evme-shortcut-id-environment":{"_":"Milieu"},"evme-shortcut-id-fashion":{"_":"Mode"},"evme-shortcut-id-funny":{"_":"Humor"},"evme-shortcut-id-games":{"_":"Games"},"evme-shortcut-id-government":{"_":"Overheid"},"evme-shortcut-id-health":{"_":"Gezondheid"},"evme-shortcut-id-jobs":{"_":"Banen"},"evme-shortcut-id-local":{"_":"Lokaal"},"evme-shortcut-id-maps":{"_":"Kaarten"},"evme-shortcut-id-movies":{"_":"Films"},"evme-shortcut-id-music":{"_":"Muziek"},"evme-shortcut-id-new-apps":{"_":"Nieuwe apps"},"evme-shortcut-id-news":{"_":"Nieuws"},"evme-shortcut-id-photography":{"_":"Fotografie"},"evme-shortcut-id-recipes":{"_":"Recepten"},"evme-shortcut-id-restaurants":{"_":"Restaurants"},"evme-shortcut-id-shopping":{"_":"Winkelen"},"evme-shortcut-id-social":{"_":"Sociaal"},"evme-shortcut-id-sports":{"_":"Sport"},"evme-shortcut-id-tech-news":{"_":"Technieuws"},"evme-shortcut-id-top-apps":{"_":"Topapps"},"evme-shortcut-id-travel":{"_":"Reizen"},"evme-shortcut-id-tv":{"_":"TV"},"evme-shortcut-id-video":{"_":"Video"},"evme-shortcut-id-utilities":{"_":"Hulpprogramma’s"},"evme-shortcut-id-weather":{"_":"Weer"},"evme-add-to-top-of-collection":{"_":"Toevoegen aan bovenkant van collectie"},"evme-save-to-homescreen":{"_":"Opslaan naar startscherm"},"edit-dialog-header":{"_":"Bewerken"},"edit-dialog-name":{"_":"Websitenaam"},"edit-dialog-url":{"_":"Adres"},"edit-dialog-cancel":{"_":"Annuleren"},"edit-dialog-done":{"_":"Gereed"},"weekday-0-long":{"_":"zondag"},"weekday-1-long":{"_":"maandag"},"weekday-2-long":{"_":"dinsdag"},"weekday-3-long":{"_":"woensdag"},"weekday-4-long":{"_":"donderdag"},"weekday-5-long":{"_":"vrijdag"},"weekday-6-long":{"_":"zaterdag"},"weekday-0-short":{"_":"zon"},"weekday-1-short":{"_":"maa"},"weekday-2-short":{"_":"din"},"weekday-3-short":{"_":"woe"},"weekday-4-short":{"_":"don"},"weekday-5-short":{"_":"vrij"},"weekday-6-short":{"_":"zat"},"month-0-long":{"_":"januari"},"month-1-long":{"_":"februari"},"month-2-long":{"_":"maart"},"month-3-long":{"_":"april"},"month-4-long":{"_":"mei"},"month-5-long":{"_":"juni"},"month-6-long":{"_":"juli"},"month-7-long":{"_":"augustus"},"month-8-long":{"_":"september"},"month-9-long":{"_":"oktober"},"month-10-long":{"_":"november"},"month-11-long":{"_":"december"},"month-0-genitive":{"_":"januari"},"month-1-genitive":{"_":"februari"},"month-2-genitive":{"_":"maart"},"month-3-genitive":{"_":"april"},"month-4-genitive":{"_":"mei"},"month-5-genitive":{"_":"juni"},"month-6-genitive":{"_":"juli"},"month-7-genitive":{"_":"augustus"},"month-8-genitive":{"_":"september"},"month-9-genitive":{"_":"oktober"},"month-10-genitive":{"_":"november"},"month-11-genitive":{"_":"december"},"month-0-short":{"_":"jan"},"month-1-short":{"_":"feb"},"month-2-short":{"_":"mrt"},"month-3-short":{"_":"apr"},"month-4-short":{"_":"mei"},"month-5-short":{"_":"jun"},"month-6-short":{"_":"jul"},"month-7-short":{"_":"aug"},"month-8-short":{"_":"sep"},"month-9-short":{"_":"okt"},"month-10-short":{"_":"nov"},"month-11-short":{"_":"dec"},"minutes-ago-long":{"_":"{[ plural(value) ]}","_[zero]":"zojuist","_[one]":"een minuut geleden","_[two]":"{{value}} minuten geleden","_[few]":"{{value}} minuten geleden","_[many]":"{{value}} minuten geleden","_[other]":"{{value}} minuten geleden"},"hours-ago-long":{"_":"{[ plural(value) ]}","_[zero]":"zojuist","_[one]":"een uur geleden","_[two]":"{{value}} uur geleden","_[few]":"{{value}} uur geleden","_[many]":"{{value}} uur geleden","_[other]":"{{value}} uur geleden"},"days-ago-long":{"_":"{[ plural(value) ]}","_[zero]":"vandaag","_[one]":"gisteren","_[two]":"{{value}} dagen geleden","_[few]":"{{value}} dagen geleden","_[many]":"{{value}} dagen geleden","_[other]":"{{value}} dagen geleden"},"weeks-ago-long":{"_":"{[ plural(value) ]}","_[zero]":"deze week","_[one]":"vorige week","_[two]":"{{value}} weken geleden","_[few]":"{{value}} weken geleden","_[many]":"{{value}} weken geleden","_[other]":"{{value}} weken geleden"},"months-ago-long":{"_":"{[ plural(value) ]}","_[zero]":"deze maand","_[one]":"vorige maand","_[two]":"{{value}} maanden geleden","_[few]":"{{value}} maanden geleden","_[many]":"{{value}} maanden geleden","_[other]":"{{value}} maanden geleden"},"years-ago-long":{"_":"{[ plural(value) ]}","_[zero]":"dit jaar","_[one]":"vorig jaar","_[two]":"{{value}} jaar geleden","_[few]":"{{value}} jaar geleden","_[many]":"{{value}} jaar geleden","_[other]":"{{value}} jaar geleden"},"minutes-until-long":{"_":"{[ plural(value) ]}","_[zero]":"nu","_[one]":"zo meteen","_[two]":"over {{value}} minuten","_[few]":"over {{value}} minuten","_[many]":"over {{value}} minuten","_[other]":"over {{value}} minuten"},"hours-until-long":{"_":"{[ plural(value) ]}","_[zero]":"nu","_[one]":"over een uur","_[two]":"over {{value}} uur","_[few]":"over {{value}} uur","_[many]":"over {{value}} uur","_[other]":"over {{value}} uur"},"days-until-long":{"_":"{[ plural(value) ]}","_[zero]":"vandaag","_[one]":"morgen","_[two]":"over {{value}} dagen","_[few]":"over {{value}} dagen","_[many]":"over {{value}} dagen","_[other]":"over {{value}} dagen"},"weeks-until-long":{"_":"{[ plural(value) ]}","_[zero]":"deze week","_[one]":"volgende week","_[two]":"over {{value}} weken","_[few]":"over {{value}} weken","_[many]":"over {{value}} weken","_[other]":"over {{value}} weken"},"months-until-long":{"_":"{[ plural(value) ]}","_[zero]":"deze maand","_[one]":"volgende maand","_[two]":"over {{value}} maanden","_[few]":"over {{value}} maanden","_[many]":"over {{value}} maanden","_[other]":"over {{value}} maanden"},"years-until-long":{"_":"{[ plural(value) ]}","_[zero]":"dit jaar","_[one]":"volgend jaar","_[two]":"over {{value}} jaar","_[few]":"over {{value}} jaar","_[many]":"over {{value}} jaar","_[other]":"over {{value}} jaar"},"minutes-ago-short":{"_":"{[ plural(value) ]}","_[zero]":"zojuist","_[other]":"{{value}}m geleden"},"hours-ago-short":{"_":"{[ plural(value) ]}","_[zero]":"zojuist","_[other]":"{{value}}h geleden"},"days-ago-short":{"_":"{[ plural(value) ]}","_[zero]":"vandaag","_[other]":"{{value}}d geleden"},"minutes-until-short":{"_":"{[ plural(value) ]}","_[zero]":"nu","_[other]":"over {{value}}m"},"hours-until-short":{"_":"{[ plural(value) ]}","_[zero]":"nu","_[other]":"over {{value}}h"},"days-until-short":{"_":"{[ plural(value) ]}","_[zero]":"vandaag","_[other]":"over {{value}}d"},"incorrectDate":{"_":"(onjuiste datum)"},"dateTimeFormat_%c":{"_":"%a %e %b %Y %H:%M:%S"},"dateTimeFormat_%x":{"_":"%d-%m-%Y"},"dateTimeFormat_%X":{"_":"%H:%M:%S"},"shortTimeFormat":{"_":"%H:%M"},"shortDateTimeFormat":{"_":"%x %H:%M"},"weekStartsOnMonday":{"_":"1"},"time_am":{"_":"AM"},"time_pm":{"_":"PM"}}