{"Showbiz":{"_":"Showbiz"},"Social":{"_":"ਸਮਾਜਿਕ"},"Games":{"_":"ਖੇਡਾਂ"},"Music":{"_":"ਸੰਗੀਤ"},"add-to-home-screen":{"_":"ਮੁੱਖ ਸਕਰੀਨ ਉੱਤੇ ਜੋੜੋ"},"add-to-home-screen-header":{"_":"ਲਿੰਕ ਜੋੜੋ"},"website-name":{"_":"ਵੈੱਬਸਾਈਟ ਨਾਂ"},"address":{"_":"ਸਿਰਨਾਵਾਂ"},"added-to-home-screen":{"_":"ਮੁੱਖ ਸਕਰੀਨ ਉੱਤੇ ਜੋੜੀ"},"wrapper-search-name":{"_":"{{name}} ਉੱਤੇ {{topic}}"},"contextmenu-add-wallpaper":{"_":"ਵਾਲਪੇਪਰ ਬਦਲੋ"},"contextmenu-add-smart-collections":{"_":"ਚੁਸਤ ਭੰਡਾਰ ਵਿੱਚ ਜੋੜੋ"},"delete-title":{"_":"{{name}} ਹਟਾਓ"},"delete-body":{"_":"{{name}} ਅਤੇ ਇਸ ਦਾ ਸਾਰਾ ਡਾਟਾ ਹਟਾਇਆ ਜਾਵੇਗਾ।"},"delete":{"_":"ਹਟਾਓ"},"cancel":{"_":"ਰੱਦ ਕਰੋ"},"remove-title-2":{"_":"{{name}} ਹਟਾਓ"},"remove-body":{"_":"ਮੁੱਖ ਸਕਰੀਨ ਤੋਂ {{name}} ਨੂੰ ਹਟਾਉਣਾ ਹੈ?"},"remove":{"_":"ਹਟਾਓ"},"longDateFormat":{"_":"%A %e %B "},"download":{"_":"ਡਾਊਨਲੋਡ"},"restart-download-title":{"_":"ਡਾਊਨਲੋਡ ਮੁੜ-ਸ਼ੁਰੂ"},"restart-download-body":{"_":"ਕੀ ਤੁਸੀਂ {name}} ਡਾਊਨਲੋਡ ਕਰਨਾ ਚਾਹੁੰਦੇ ਹੋ?"},"loadingEvme2":{"_":"…ਲੋਡ ਕੀਤਾ ਜਾ ਰਿਹਾ ਹੈ"},"evme-searchbar-default":{"_":"…ਹਰ ਚੀਜ਼","placeholder":"…ਬਾਰੇ ਮੈਂ ਸੋਚ ਰਿਹਾ"},"evme-searchbar-default2":{"_":"…ਬਾਰੇ ਮੈਂ ਸੋਚ ਰਿਹਾ","placeholder":"…ਬਾਰੇ ਮੈਂ ਸੋਚ ਰਿਹਾ"},"evme-searchbar-clear":{"_":"ਵਾਪਿਸ"},"evme-searchbar-title":{"_":"ਹਰ ਚੀਜ਼"},"evme-helper-default":{"_":"ਕੋਈ ਵਿਸ਼ਾ ਜਾਂ ਖੋਜ ਸਵਾਲ ਦਿਉ"},"evme-helper-default2":{"_":"ਕੋਈ ਵਿਸ਼ਾ ਜਾਂ ਸ਼ਬਦ ਦਿਓ"},"evme-helper-dismiss":{"_":"ਰੱਦ"},"evme-helper-no-refine":{"_":"ਕੋਈ ਚੋਣ ਨਹੀਂ ਲੱਭੀ"},"evme-helper-history-title":{"_":"ਅਤੀਤ:"},"evme-helper-history-link":{"_":"ਅਤੀਤ"},"evme-helper-history-clear":{"_":"ਅਤੀਤ ਸਾਫ਼ ਕਰੋ"},"evme-helper-didyoumean-title":{"_":"ਤੁਹਾਡਾ ਭਾਵ ਸੀ:"},"evme-helper-refine-title":{"_":"ਤੁਹਾਡਾ ਭਾਵ ਸੀ:"},"evme-helper-title-prefix":{"_":"ਹਰ-ਚੀਜ਼"},"evme-helper-title-empty":{"_":"ਹਰ-ਚੀਜ਼"},"evme-apps-market-download":{"_":"ਡਾਊਨਲੋਡ"},"evme-apps-market-more-apps":{"_":"ਹੋਰ ਐਪਸ"},"evme-apps-loading-app":{"_":"…ਲੋਡ ਕੀਤੀ ਜਾ ਰਹੀ ਹੈ"},"evme-appsmore-loading":{"_":"…ਲੋਡ ਕੀਤੀ ਜਾ ਰਹੀ ਹੈ"},"evme-alert-app-install-confirm":{"_":"{{name}} ਨੂੰ ਮੁੱਖ ਸਕਰੀਨ ਉੱਤੇ ਜੋੜਨਾ ਹੈ?"},"evme-alert-app-install-exists":{"_":"{{name}} ਪਹਿਲਾਂ ਹੀ ਮੁੱਕ ਸਕਰੀਨ ਉੱਤੇ ਜੋੜਿਆ ਗਿਆ ਸੀ"},"evme-alert-offline-smart-collections-more":{"_":"ਹੋਰ ਚੁਸਤ ਭੰਡਾਰ ਜੋੜਨ ਲਈ ਇੰਟਰਨੈੱਟ ਨਾਲ ਕੁਨੈਕਟ ਕਰੋ"},"evme-alert-save-wallpaper":{"_":"ਵਾਲਪੇਪਰ ਲਗਾਉਣਾ ਹੈ?"},"evme-alert-no-more-smart-collections":{"_":"ਜੋੜਨ ਲਈ ਕੋਈ ਚੁਸਤ ਭੰਡਾਰ ਨਹੀਂ ਹੈ"},"evme-banner-app-install-success":{"_":"{{name}} ਨੂੰ ਮੁੱਖ ਸਫ਼ੇ ਉੱਤੇ ਜੋੜਿਆ ਗਿਆ"},"evme-banner-save-wallpaper":{"_":"ਵਾਲਪੇਪਰ ਠੀਕ ਤਰ੍ਹਾਂ ਲਗਾਇਆ ਗਿਆ ਹੈ"},"evme-shortcuts-more":{"_":"ਹੋਰ"},"evme-collectionssuggest-loading":{"_":"…ਲੋਡ ਕੀਤੀ ਜਾ ਰਹੀ ਹੈ"},"evme-collectionssuggest-loading-cancel":{"_":"ਰੱਦ ਕਰੋ"},"evme-collectionssuggest-prompt-create-custom":{"_":"ਆਪਣਾ ਚੁਸਤ ਭੰਡਾਰ ਬਣਾਓ"},"evme-backgroundimage-source-label":{"_":"ਸਰੋਤ:"},"evme-collection-title-prefix":{"_":"ਹਰ ਚੀਜ਼"},"evme-collection-title-suffix":{"_":"ਫੋਨ"},"evme-collection-loading-more":{"_":"…ਲੋਡ ਕੀਤਾ ਜਾ ਰਿਹਾ ਹੈ"},"evme-connectionmessage-apps":{"_":"{{query}} ਲਈ ਐਪਸ ਲੈਣ ਲਈ ਇੰਟਰਨੈੱਟ ਨਾਲ ਕੁਨੈਕਟ ਕਰੋ"},"evme-connectionmessage-apps-has-installed":{"_":"{{query}} ਲਈ ਹੋਰ ਵੀ ਐਪਸ ਲੈਣ ਲਈ ਇੰਟਰਨੈੱਟ ਨਾਲ ਕੁਨੈਕਟ ਕਰੋ"},"evme-tips-app-explain":{"innerHTML":"Find the things you love with the coolest apps."},"evme-tips-searchbar-focus":{"innerHTML":"For example, find your favorite singer or band…"},"evme-tips-exact-results":{"innerHTML":"These are the apps for <b>{{query}}</b>,<br /><br /> tap any icon to open it."},"evme-shortcut-custom":{"_":"…ਪਸੰਦੀਦਾ"},"evme-shortcut-id-astrology":{"_":"Astrology"},"evme-shortcut-id-autos":{"_":"ਆਟੋ"},"evme-shortcut-id-beauty":{"_":"ਖੂਬਸੂਰਤੀ"},"evme-shortcut-id-books":{"_":"ਕਿਤਾਬਾਂ"},"evme-shortcut-id-celebs":{"_":"Celebs"},"evme-shortcut-id-daily-deals":{"_":"ਰੋਜ਼ਾਨਾ ਸੌਦੇ"},"evme-shortcut-id-dating":{"_":"ਡੇਟਿੰਗ"},"evme-shortcut-id-electronics":{"_":"ਇਲੈਕਟ੍ਰੋਨਿਕਸ"},"evme-shortcut-id-email":{"_":"ਈਮੇਲ"},"evme-shortcut-id-entertainment":{"_":"ਮਨੋਰੰਜਨ"},"evme-shortcut-id-environment":{"_":"ਵਾਤਾਵਰਨ"},"evme-shortcut-id-fashion":{"_":"ਫੈਸ਼ਨ"},"evme-shortcut-id-funny":{"_":"Funny"},"evme-shortcut-id-games":{"_":"ਖੇਡਾਂ"},"evme-shortcut-id-government":{"_":"ਸਰਕਾਰ"},"evme-shortcut-id-health":{"_":"ਸਿਹਤ"},"evme-shortcut-id-jobs":{"_":"ਕੰਮ"},"evme-shortcut-id-local":{"_":"ਲੋਕਲ"},"evme-shortcut-id-maps":{"_":"ਨਕਸ਼ੇ"},"evme-shortcut-id-movies":{"_":"ਫਿਲਮਾਂ"},"evme-shortcut-id-music":{"_":"ਸੰਗੀਤ"},"evme-shortcut-id-new-apps":{"_":"ਨਵੇਂ ਐਪਸ"},"evme-shortcut-id-news":{"_":"ਖ਼ਬਰਾਂ"},"evme-shortcut-id-photography":{"_":"ਫੋਟੋਗਰਾਫ਼ੀ"},"evme-shortcut-id-recipes":{"_":"Recipes"},"evme-shortcut-id-restaurants":{"_":"ਰੈਸਟੋਰੈਂਟ"},"evme-shortcut-id-shopping":{"_":"ਖਰੀਦਦਾਰੀ"},"evme-shortcut-id-social":{"_":"ਸਮਾਿਜਕ"},"evme-shortcut-id-sports":{"_":"ਖੇਡਾਂ"},"evme-shortcut-id-tech-news":{"_":"ਤਕਨੀਕੀ ਖ਼ਬਰਾਂ"},"evme-shortcut-id-top-apps":{"_":"ਚੋਟੀਆਂ ਦੀਆਂ ਐਪਸ"},"evme-shortcut-id-travel":{"_":"ਯਾਤਰਾ"},"evme-shortcut-id-tv":{"_":"ਟੀਵੀ"},"evme-shortcut-id-video":{"_":"ਵਿਡੀਓ"},"evme-shortcut-id-utilities":{"_":"ਸਹੂਲਤਾਂ"},"evme-shortcut-id-weather":{"_":"ਮੌਸਮ"},"evme-add-to-top-of-collection":{"_":"ਭੰਡਾਰ ਵਿੱਚ ਜੋੜੋ"},"evme-save-to-homescreen":{"_":"ਮੁੱਖ ਸਕਰੀਨ ਉੱਤੇ ਜੋੜੋ"},"edit-dialog-header":{"_":"ਸੋਧ"},"edit-dialog-name":{"_":"ਵੈੱਬਸਾਈਟ ਨਾਂ"},"edit-dialog-url":{"_":"ਸਿਰਨਾਵਾਂ"},"edit-dialog-cancel":{"_":"ਰੱਦ ਕਰੋ"},"edit-dialog-done":{"_":"ਮੁਕੰਮਲ"},"weekday-0-long":{"_":"ਐਤਵਾਰ"},"weekday-1-long":{"_":"ਸੋਮਵਾਰ"},"weekday-2-long":{"_":"ਮੰਗਲਵਾਰ"},"weekday-3-long":{"_":"ਬੁੱਧਵਾਰ"},"weekday-4-long":{"_":"ਵੀਰਵਾਰ"},"weekday-5-long":{"_":"ਸ਼ੁੱਕਰਵਾਰ"},"weekday-6-long":{"_":"ਸ਼ਨਿੱਚਰਵਾਰ"},"weekday-0-short":{"_":"ਐਤ"},"weekday-1-short":{"_":"ਸੋਮ"},"weekday-2-short":{"_":"ਮੰਗਲ"},"weekday-3-short":{"_":"ਬੁੱਧ"},"weekday-4-short":{"_":"ਵੀਰ"},"weekday-5-short":{"_":"ਸ਼ੁੱਕਰ"},"weekday-6-short":{"_":"ਸ਼ਨਿੱ"},"month-0-long":{"_":"ਜਨਵਰੀ"},"month-1-long":{"_":"ਫਰਵਰੀ"},"month-2-long":{"_":"ਮਾਰਚ"},"month-3-long":{"_":"ਅਪਰੈਲ"},"month-4-long":{"_":"ਮਈ"},"month-5-long":{"_":"ਜੂਨ"},"month-6-long":{"_":"ਜੁਲਾਈ"},"month-7-long":{"_":"ਅਗਸਤ"},"month-8-long":{"_":"ਸਤੰਬਰ"},"month-9-long":{"_":"ਅਕਤੂਬਰ"},"month-10-long":{"_":"ਨਵੰਬਰ"},"month-11-long":{"_":"ਦਸੰਬਰ"},"month-0-genitive":{"_":"ਜਨਵਰੀ"},"month-1-genitive":{"_":"ਫਰਵਰੀ"},"month-2-genitive":{"_":"ਮਾਰਚ"},"month-3-genitive":{"_":"ਅਪਰੈਲ"},"month-4-genitive":{"_":"ਮਈ"},"month-5-genitive":{"_":"ਜੂਨ"},"month-6-genitive":{"_":"ਜੁਲਾਈ"},"month-7-genitive":{"_":"ਅਗਸਤ"},"month-8-genitive":{"_":"ਸਤੰਬਰ"},"month-9-genitive":{"_":"ਅਕਤੂਬਰ"},"month-10-genitive":{"_":"ਨਵੰਬਰ"},"month-11-genitive":{"_":"ਦਸੰਬਰ"},"month-0-short":{"_":"ਜਨ"},"month-1-short":{"_":"ਫਰ"},"month-2-short":{"_":"ਮਾਰ"},"month-3-short":{"_":"ਅਪ"},"month-4-short":{"_":"ਮਈ"},"month-5-short":{"_":"ਜੂਨ"},"month-6-short":{"_":"ਜੁਲਾ"},"month-7-short":{"_":"ਅਗ"},"month-8-short":{"_":"ਸਤੰ"},"month-9-short":{"_":"ਅਕਤੂ"},"month-10-short":{"_":"ਨਵੰ"},"month-11-short":{"_":"ਦਸੰ"},"minutes-ago-long":{"_":"{[ plural(value) ]}","_[zero]":"ਹੁਣੇ ਹੀਂ","_[one]":"ਮਿੰਟ ਕੁ ਪਹਿਲਾਂ","_[two]":"{{value}} ਮਿੰਟ ਪਹਿਲਾਂ","_[few]":"{{value}} ਮਿੰਟ ਪਹਿਲਾਂ","_[many]":"{{value}} ਮਿੰਟ ਪਹਿਲਾਂ","_[other]":"{{value}}  ਮਿੰਟ ਪਹਿਲਾਂ"},"hours-ago-long":{"_":"{[ plural(value) ]}","_[zero]":"ਹੁਣੇ ਹੀ","_[one]":"ਘੰਟਾ ਪਹਿਲਾਂ","_[two]":"{{value}} ਘੰਟੇ ਪਹਿਲਾਂ","_[few]":"{{value}} ਘੰਟੇ ਪਹਿਲਾਂ","_[many]":"{{value}} ਘੰਟੇ ਪਹਿਲਾਂ","_[other]":"{{value}} ਘੰਟੇ ਪਹਿਲਾਂ"},"days-ago-long":{"_":"{[ plural(value) ]}","_[zero]":"ਅੱਜ","_[one]":"ਕੱਲ੍ਹ","_[two]":"{{value}} ਦਿਨ ਪਹਿਲਾਂ","_[few]":"{{value}} ਦਿਨ ਪਹਿਲਾਂ","_[many]":"{{value}} ਦਿਨ ਪਹਿਲਾਂ","_[other]":"{{value}} ਦਿਨ ਪਹਿਲਾਂ"},"weeks-ago-long":{"_":"{[ plural(value) ]}","_[zero]":"ਇਹ ਹਫ਼ਤੇ","_[one]":"ਪਿਛਲੇ ਹਫ਼ਤੇ","_[two]":"{{value}} ਹਫ਼ਤੇ ਪਹਿਲਾਂ","_[few]":"{{value}} ਹਫ਼ਤੇ ਪਹਿਲਾਂ","_[many]":"{{value}} ਹਫ਼ਤੇ ਪਹਿਲਾਂ","_[other]":"{{value}} ਹਫ਼ਤੇ ਪਹਿਲਾਂ"},"months-ago-long":{"_":"{[ plural(value) ]}","_[zero]":"ਇਹ ਮਹੀਨੇ","_[one]":"ਪਿਛਲੇ ਮਹੀਨੇ","_[two]":"{{value}} ਮਹੀਨੇ ਪਹਿਲਾਂ","_[few]":"{{value}} ਮਹੀਨੇ ਪਹਿਲਾਂ","_[many]":"{{value}} ਮਹੀਨੇ ਪਹਿਲਾਂ","_[other]":"{{value}} ਮਹੀਨੇ ਪਹਿਲਾਂ"},"years-ago-long":{"_":"{[ plural(value) ]}","_[zero]":"ਇਹ ਸਾਲ","_[one]":"ਪਿਛਲੇ ਸਾਲ","_[two]":"{{value}} ਸਾਲ ਪਹਿਲਾਂ","_[few]":"{{value}} ਸਾਲ ਪਹਿਲਾਂ","_[many]":"{{value}} ਸਾਲ ਪਹਿਲਾਂ","_[other]":"{{value}} ਸਾਲ ਪਹਿਲਾਂ"},"minutes-until-long":{"_":"{[ plural(value) ]}","_[zero]":"ਹੁਣ","_[one]":"ਮਿੰਟ ਵਿੱਚ","_[two]":"{{value}} ਮਿੰਟਾਂ ਵਿੱਚ","_[few]":"{{value}} ਮਿੰਟਾਂ ਵਿੱਚ","_[many]":"{{value}} ਮਿੰਟਾਂ ਵਿੱਚ","_[other]":"{{value}} ਮਿੰਟਾਂ ਵਿੱਚ"},"hours-until-long":{"_":"{[ plural(value) ]}","_[zero]":"ਹੁਣ","_[one]":"ਇੱਕ ਘੰਟੇ ਵਿੱਚ","_[two]":"{{value}} ਘੰਟਿਆਂ ਵਿੱਚ","_[few]":"{{value}} ਘੰਟਿਆਂ ਵਿੱਚ","_[many]":"{{value}} ਘੰਟਿਆਂ ਵਿੱਚ","_[other]":"{{value}} ਘੰਟਿਆਂ ਵਿੱਚ"},"days-until-long":{"_":"{[ plural(value) ]}","_[zero]":"ਅੱਜ","_[one]":"ਭਲਕੇ","_[two]":"{{value}} ਦਿਨਾਂ ਵਿੱਚ","_[few]":"{{value}} ਦਿਨਾਂ ਵਿੱਚ","_[many]":"{{value}} ਦਿਨਾਂ ਵਿੱਚ","_[other]":"{{value}} ਦਿਨਾਂ ਵਿੱਚ"},"weeks-until-long":{"_":"{[ plural(value) ]}","_[zero]":"ਇਸ ਹਫ਼ਤੇ","_[one]":"ਅਗਲੇ ਹਫ਼ਤੇ","_[two]":"{{value}} ਹਫ਼ਤਿਆਂ ਵਿੱਚ","_[few]":"{{value}} ਹਫ਼ਤਿਆਂ ਵਿੱਚ","_[many]":"{{value}} ਹਫ਼ਤਿਆਂ ਵਿੱਚ","_[other]":"{{value}} ਹਫ਼ਤਿਆਂ ਵਿੱਚ"},"months-until-long":{"_":"{[ plural(value) ]}","_[zero]":"ਇਸ ਮਹੀਨੇ","_[one]":"ਅਗਲੇ ਮਹੀਨੇ","_[two]":"{{value}} ਮਹੀਨਿਆਂ ਵਿੱਚ","_[few]":"{{value}} ਮਹੀਨਿਆਂ ਵਿੱਚ","_[many]":"{{value}} ਮਹੀਨਿਆਂ ਵਿੱਚ","_[other]":"{{value}} ਮਹੀਨਿਆਂ ਵਿੱਚ"},"years-until-long":{"_":"{[ plural(value) ]}","_[zero]":"ਇਸ ਸਾਲ","_[one]":"ਅਗਲੇ ਸਾਲ","_[two]":"{{value}} ਸਾਲਾਂ ਵਿੱਚ","_[few]":"{{value}} ਸਾਲਾਂ ਵਿੱਚ","_[many]":"{{value}} ਸਾਲਾਂ ਵਿੱਚ","_[other]":"{{value}} ਸਾਲਾਂ ਵਿੱਚ"},"minutes-ago-short":{"_":"{[ plural(value) ]}","_[zero]":"ਹੁਣੇ ਹੀ","_[other]":"{{value}}ਮਿੰ ਪਹਿਲਾਂ"},"hours-ago-short":{"_":"{[ plural(value) ]}","_[zero]":"ਹੁਣੇ ਹੀਂ","_[other]":"{{value}}ਘੰ ਪਹਿਲਾਂ"},"days-ago-short":{"_":"{[ plural(value) ]}","_[zero]":"ਅੱਜ","_[other]":"{{value}}ਦਿ ਪਹਿਲਾਂ"},"minutes-until-short":{"_":"{[ plural(value) ]}","_[zero]":"ਹੁਣ","_[other]":"{{value}}ਮਿੰ ਵਿੱਚ"},"hours-until-short":{"_":"{[ plural(value) ]}","_[zero]":"ਹੁਣ","_[other]":"{{value}}ਘੰ ਵਿੱਚ"},"days-until-short":{"_":"{[ plural(value) ]}","_[zero]":"ਅੱਜ","_[other]":"{{value}}ਦਿ ਵਿੱਚ"},"incorrectDate":{"_":"(ਗਲਤ ਮਿਤੀ)"},"dateTimeFormat_%c":{"_":"%a %e %b  %Y %I:%M:%S %p"},"dateTimeFormat_%x":{"_":"%d/%m/%Y"},"dateTimeFormat_%X":{"_":"%I:%M:%S %p"},"shortTimeFormat":{"_":"%I:%M %p"},"shortDateTimeFormat":{"_":"%x %I:%M %p"},"weekStartsOnMonday":{"_":"1"},"time_am":{"_":"ਸਵੇਰੇ"},"time_pm":{"_":"ਸ਼ਾਮ"}}