{"Showbiz":{"_":"Rozrywka"},"Social":{"_":"Społecznościowe"},"Games":{"_":"Gry"},"Music":{"_":"Muzyka"},"add-to-home-screen":{"_":"Dodaj do ekranu głównego"},"add-to-home-screen-header":{"_":"Dodawanie zakładki"},"website-name":{"_":"Nazwa strony"},"address":{"_":"Adres"},"added-to-home-screen":{"_":"Dodano do ekranu głównego"},"wrapper-search-name":{"_":"„{{topic}}” w „{{name}}”"},"contextmenu-add-wallpaper":{"_":"Zmień tło ekranu"},"contextmenu-add-smart-collections":{"_":"Dodaj folder wyszukiwania"},"delete-title":{"_":"Usuwanie aplikacji „{{name}}”"},"delete-body":{"_":"Aplikacja „{{name}}” i wszystkie powiązane z nią dane zostaną usunięte."},"delete":{"_":"Usuń"},"cancel":{"_":"Anuluj"},"remove-title-2":{"_":"Usuń „{{name}}”"},"remove-body":{"_":"Usunąć „{{name}}” z ekranu głównego?"},"remove":{"_":"Usuń"},"longDateFormat":{"_":"%A, %e %Eb"},"download":{"_":"Pobierz"},"restart-download-title":{"_":"Wznawianie pobierania"},"restart-download-body":{"_":"Pobrać aplikację „{{name}}”?"},"loadingEvme2":{"_":"Wczytywanie…"},"evme-searchbar-default":{"_":"Wyszukaj cokolwiek…","placeholder":"Wyszukaj cokolwiek…"},"evme-searchbar-default2":{"_":"Wyszukaj cokolwiek…","placeholder":"Wyszukaj cokolwiek…"},"evme-searchbar-clear":{"_":"Wstecz"},"evme-searchbar-title":{"_":"Wszystko"},"evme-helper-default":{"_":"Wprowadź dowolny temat lub zapytanie"},"evme-helper-default2":{"_":"Wprowadź temat lub słowo kluczowe"},"evme-helper-dismiss":{"_":"Odrzuć"},"evme-helper-no-refine":{"_":"Nie znaleziono ustawień"},"evme-helper-history-title":{"_":"Historia:"},"evme-helper-history-link":{"_":"Historia"},"evme-helper-history-clear":{"_":"Wyczyść historię"},"evme-helper-didyoumean-title":{"_":"Czy chodziło o:"},"evme-helper-refine-title":{"_":"Czy chodziło o:"},"evme-helper-title-prefix":{"_":"Wszystko"},"evme-helper-title-empty":{"_":"Wszystko"},"evme-apps-market-download":{"_":"Pobierz"},"evme-apps-market-more-apps":{"_":"Więcej aplikacji"},"evme-apps-loading-app":{"_":"Wczytywanie…"},"evme-appsmore-loading":{"_":"Wczytywanie…"},"evme-alert-app-install-confirm":{"_":"Dodać aplikację „{{name}}” do ekranu głównego?"},"evme-alert-app-install-exists":{"_":"Aplikacja „{{name}}” znajduje się już na ekranie głównym"},"evme-alert-offline-smart-collections-more":{"_":"Połącz się z Internetem, aby dodać więcej folderów wyszukiwania"},"evme-alert-save-wallpaper":{"_":"Ustawić jako tło ekranu?"},"evme-alert-no-more-smart-collections":{"_":"Brak folderów wyszukiwania do dodania"},"evme-banner-app-install-success":{"_":"Aplikacja „{{name}}” została dodana do ekranu głównego"},"evme-banner-save-wallpaper":{"_":"Ustawiono jako tło"},"evme-shortcuts-more":{"_":"Więcej"},"evme-collectionssuggest-loading":{"_":"Wczytywanie…"},"evme-collectionssuggest-loading-cancel":{"_":"Anuluj"},"evme-collectionssuggest-prompt-create-custom":{"_":"Utwórz własny folder wyszukiwania"},"evme-backgroundimage-source-label":{"_":"Źródło:"},"evme-collection-title-prefix":{"_":"Wszystko"},"evme-collection-title-suffix":{"_":"Telefon"},"evme-collection-loading-more":{"_":"Wczytywanie…"},"evme-connectionmessage-apps":{"_":"Połącz się z internetem, aby pobrać aplikacje dla „{{query}}”"},"evme-connectionmessage-apps-has-installed":{"_":"Połącz się z internetem, aby pobrać jeszcze więcej aplikacji dla „{{query}}”"},"evme-tips-app-explain":{"innerHTML":"Wyszukuj ulubione rzeczy dzięki najlepszym aplikacjom."},"evme-tips-searchbar-focus":{"innerHTML":"Przykładowo, wyszukaj swoją ulubioną muzykę…"},"evme-tips-exact-results":{"innerHTML":"Wybrane aplikacje dla zapytania „<b>{{query}}</b>”,<br /><br /> stuknij w ikonę, aby otworzyć aplikację."},"evme-shortcut-custom":{"_":"Użytkownika"},"evme-shortcut-id-astrology":{"_":"Astrologia"},"evme-shortcut-id-autos":{"_":"Samochody"},"evme-shortcut-id-beauty":{"_":"Uroda"},"evme-shortcut-id-books":{"_":"Książki"},"evme-shortcut-id-celebs":{"_":"Gwiazdy"},"evme-shortcut-id-daily-deals":{"_":"Promocje dnia"},"evme-shortcut-id-dating":{"_":"Randki"},"evme-shortcut-id-electronics":{"_":"Elektronika"},"evme-shortcut-id-email":{"_":"E-mail"},"evme-shortcut-id-entertainment":{"_":"Rozrywka"},"evme-shortcut-id-environment":{"_":"Środowisko"},"evme-shortcut-id-fashion":{"_":"Moda"},"evme-shortcut-id-funny":{"_":"Śmieszne"},"evme-shortcut-id-games":{"_":"Gry"},"evme-shortcut-id-government":{"_":"Polityka"},"evme-shortcut-id-health":{"_":"Zdrowie"},"evme-shortcut-id-jobs":{"_":"Praca"},"evme-shortcut-id-local":{"_":"Lokalne"},"evme-shortcut-id-maps":{"_":"Mapy"},"evme-shortcut-id-movies":{"_":"Filmy"},"evme-shortcut-id-music":{"_":"Muzyka"},"evme-shortcut-id-new-apps":{"_":"Nowe aplikacje"},"evme-shortcut-id-news":{"_":"Wiadomości"},"evme-shortcut-id-photography":{"_":"Fotografie"},"evme-shortcut-id-recipes":{"_":"Przepisy"},"evme-shortcut-id-restaurants":{"_":"Restauracje"},"evme-shortcut-id-shopping":{"_":"Zakupy"},"evme-shortcut-id-social":{"_":"Sieci społecznościowe"},"evme-shortcut-id-sports":{"_":"Sport"},"evme-shortcut-id-tech-news":{"_":"Wiadomości technologiczne"},"evme-shortcut-id-top-apps":{"_":"Popularne aplikacje"},"evme-shortcut-id-travel":{"_":"Podróże"},"evme-shortcut-id-tv":{"_":"TV"},"evme-shortcut-id-video":{"_":"Wideo"},"evme-shortcut-id-utilities":{"_":"Narzędzia"},"evme-shortcut-id-weather":{"_":"Pogoda"},"evme-add-to-top-of-collection":{"_":"Przypnij na górze folderu wyszukiwania"},"evme-save-to-homescreen":{"_":"Dodaj do ekranu głównego"},"edit-dialog-header":{"_":"Edycja"},"edit-dialog-name":{"_":"Nazwa"},"edit-dialog-url":{"_":"Adres"},"edit-dialog-cancel":{"_":"Anuluj"},"edit-dialog-done":{"_":"Gotowe"},"weekday-0-long":{"_":"Niedziela"},"weekday-1-long":{"_":"Poniedziałek"},"weekday-2-long":{"_":"Wtorek"},"weekday-3-long":{"_":"Środa"},"weekday-4-long":{"_":"Czwartek"},"weekday-5-long":{"_":"Piątek"},"weekday-6-long":{"_":"Sobota"},"weekday-0-short":{"_":"Nd"},"weekday-1-short":{"_":"Pn"},"weekday-2-short":{"_":"Wt"},"weekday-3-short":{"_":"Śr"},"weekday-4-short":{"_":"Cz"},"weekday-5-short":{"_":"Pt"},"weekday-6-short":{"_":"Sb"},"month-0-long":{"_":"Styczeń"},"month-1-long":{"_":"Luty"},"month-2-long":{"_":"Marzec"},"month-3-long":{"_":"Kwiecień"},"month-4-long":{"_":"Maj"},"month-5-long":{"_":"Czerwiec"},"month-6-long":{"_":"Lipiec"},"month-7-long":{"_":"Sierpień"},"month-8-long":{"_":"Wrzesień"},"month-9-long":{"_":"Październik"},"month-10-long":{"_":"Listopad"},"month-11-long":{"_":"Grudzień"},"month-0-genitive":{"_":"stycznia"},"month-1-genitive":{"_":"lutego"},"month-2-genitive":{"_":"marca"},"month-3-genitive":{"_":"kwietnia"},"month-4-genitive":{"_":"maja"},"month-5-genitive":{"_":"czerwca"},"month-6-genitive":{"_":"lipca"},"month-7-genitive":{"_":"sierpnia"},"month-8-genitive":{"_":"września"},"month-9-genitive":{"_":"października"},"month-10-genitive":{"_":"listopada"},"month-11-genitive":{"_":"grudnia"},"month-0-short":{"_":"sty"},"month-1-short":{"_":"lut"},"month-2-short":{"_":"mar"},"month-3-short":{"_":"kwi"},"month-4-short":{"_":"maj"},"month-5-short":{"_":"cze"},"month-6-short":{"_":"lip"},"month-7-short":{"_":"sie"},"month-8-short":{"_":"wrz"},"month-9-short":{"_":"paź"},"month-10-short":{"_":"lis"},"month-11-short":{"_":"gru"},"minutes-ago-long":{"_":"{[plural(value)]}","_[zero]":"w tym momencie","_[one]":"przed minutą","_[two]":"dwie minuty temu","_[few]":"{{value}} minuty temu","_[many]":"{{value}} minut temu","_[other]":"{{value}} minut temu"},"hours-ago-long":{"_":"{[plural(value)]}","_[zero]":"w tej godzinie","_[one]":"godzinę temu","_[two]":"dwie godziny temu","_[few]":"{{value}} godziny temu","_[many]":"{{value}} godzin temu","_[other]":"{{value}} godzin temu"},"days-ago-long":{"_":"{[plural(value)]}","_[zero]":"dzisiaj","_[one]":"wczoraj","_[two]":"przedwczoraj","_[few]":"{{value}} dni temu","_[many]":"{{value}} dni temu","_[other]":"{{value}} dni temu"},"weeks-ago-long":{"_":"{[plural(value)]}","_[zero]":"w tym tygodniu","_[one]":"w zeszłym tygodniu","_[two]":"dwa tygodnie temu","_[few]":"{{value}} tygodnie temu","_[many]":"{{value}} tygodni temu","_[other]":"{{value}} tygodni temu"},"months-ago-long":{"_":"{[plural(value)]}","_[zero]":"w tym miesiącu","_[one]":"w zeszłym miesiącu","_[two]":"dwa miesiące temu","_[few]":"{{value}} miesiące temu","_[many]":"{{value}} miesięcy temu","_[other]":"{{value}} miesięcy temu"},"years-ago-long":{"_":"{[plural(value)]}","_[zero]":"w tym roku","_[one]":"w zeszłym roku","_[two]":"dwa lata temu","_[few]":"{{value}} lata temu","_[many]":"{{value}} lat temu","_[other]":"{{value}} lat temu"},"minutes-until-long":{"_":"{[plural(value)]}","_[zero]":"teraz","_[one]":"za minutę","_[two]":"za dwie minuty","_[few]":"za {{value}} minuty","_[many]":"za {{value}} minut","_[other]":"za {{value}} minut"},"hours-until-long":{"_":"{[plural(value)]}","_[zero]":"teraz","_[one]":"za godzinę","_[two]":"za dwie godziny","_[few]":"za {{value}} godziny","_[many]":"za {{value}} godzin","_[other]":"za {{value}} godzin"},"days-until-long":{"_":"{[plural(value)]}","_[zero]":"dzisiaj","_[one]":"jutro","_[two]":"za dwa dni","_[few]":"za {{value}} dni","_[many]":"za {{value}} dni","_[other]":"za {{value}} dni"},"weeks-until-long":{"_":"{[plural(value)]}","_[zero]":"w tym tygodniu","_[one]":"w przyszłym tygodniu","_[two]":"za dwa tygodnie","_[few]":"za {{value}} tygodnie","_[many]":"za {{value}} tygodni","_[other]":"za {{value}} tygodni"},"months-until-long":{"_":"{[plural(value)]}","_[zero]":"w tym miesiącu","_[one]":"w przyszłym miesiącu","_[two]":"za dwa miesiące","_[few]":"za {{value}} miesiące","_[many]":"za {{value}} miesięcy","_[other]":"za {{value}} miesięcy"},"years-until-long":{"_":"{[plural(value)]}","_[zero]":"w tym roku","_[one]":"w przyszłym roku","_[two]":"za dwa lata","_[few]":"za {{value}} lata","_[many]":"za {{value}} lat","_[other]":"za {{value}} lat"},"minutes-ago-short":{"_":"{[plural(value)]}","_[zero]":"teraz","_[other]":"{{value}} min temu"},"hours-ago-short":{"_":"{[plural(value)]}","_[zero]":"teraz","_[other]":"{{value}} godz. temu"},"days-ago-short":{"_":"{[plural(value)]}","_[zero]":"dzisiaj","_[other]":"{{value}} dni temu"},"minutes-until-short":{"_":"{[plural(value)]}","_[zero]":"teraz","_[other]":"za {{value}} min"},"hours-until-short":{"_":"{[plural(value)]}","_[zero]":"teraz","_[other]":"za {{value}} godz."},"days-until-short":{"_":"{[plural(value)]}","_[zero]":"dzisiaj","_[other]":"za {{value}} dni"},"incorrectDate":{"_":"(nieprawidłowa data)"},"dateTimeFormat_%c":{"_":"%a, %e %b %Y, %H:%M:%S"},"dateTimeFormat_%x":{"_":"%e.%m.%Y"},"dateTimeFormat_%X":{"_":"%H:%M:%S"},"shortTimeFormat":{"_":"%H:%M"},"shortDateTimeFormat":{"_":"%x %H:%M"},"weekStartsOnMonday":{"_":"1"},"time_am":{"_":"AM"},"time_pm":{"_":"PM"}}