{"Showbiz":{"_":"Entretenimento"},"Social":{"_":"Social"},"Games":{"_":"Jogos"},"Music":{"_":"Música"},"add-to-home-screen":{"_":"Adicionar à tela inicial"},"add-to-home-screen-header":{"_":"Adicionar link"},"website-name":{"_":"Nome do site"},"address":{"_":"Endereço"},"added-to-home-screen":{"_":"Adicionado à tela inicial"},"wrapper-search-name":{"_":"{{topic}} em {{name}}"},"contextmenu-add-wallpaper":{"_":"Mudar papel de parede"},"contextmenu-add-smart-collections":{"_":"Adicionar coleção inteligente"},"delete-title":{"_":"Apagar {{name}}"},"delete-body":{"_":"{{name}} e todos os seus dados serão apagados."},"delete":{"_":"Apagar"},"cancel":{"_":"Cancelar"},"remove-title-2":{"_":"Remover {{name}}"},"remove-body":{"_":"Remover {{name}} da tela inicial?"},"remove":{"_":"Remover"},"longDateFormat":{"_":"%A, %e de %B"},"download":{"_":"Baixar"},"restart-download-title":{"_":"Reiniciar download"},"restart-download-body":{"_":"Deseja baixar {{name}}?"},"loadingEvme2":{"_":"Carregando…"},"evme-searchbar-default":{"_":"Tudo…","placeholder":"Estou pensando em…"},"evme-searchbar-default2":{"_":"Estou pensando em…","placeholder":"Estou pensando em…"},"evme-searchbar-clear":{"_":"Voltar"},"evme-searchbar-title":{"_":"Tudo"},"evme-helper-default":{"_":"Insira um assunto para pesquisar"},"evme-helper-default2":{"_":"Insira um assunto ou palavra-chave"},"evme-helper-dismiss":{"_":"Esconder"},"evme-helper-no-refine":{"_":"Nenhuma opção encontrada"},"evme-helper-history-title":{"_":"Histórico:"},"evme-helper-history-link":{"_":"Histórico"},"evme-helper-history-clear":{"_":"Limpar histórico"},"evme-helper-didyoumean-title":{"_":"Você quis dizer:"},"evme-helper-refine-title":{"_":"Você quis dizer:"},"evme-helper-title-prefix":{"_":"Tudo"},"evme-helper-title-empty":{"_":"Tudo"},"evme-apps-market-download":{"_":"Baixar"},"evme-apps-market-more-apps":{"_":"Mais aplicativos"},"evme-apps-loading-app":{"_":"Carregando…"},"evme-appsmore-loading":{"_":"Carregando…"},"evme-alert-app-install-confirm":{"_":"Adicionar {{name}} à Tela Inicial?"},"evme-alert-app-install-exists":{"_":"{{name}} já foi adicionado à Tela Inicial"},"evme-alert-offline-smart-collections-more":{"_":"Conecte-se à Internet para adicionar mais coleções inteligentes"},"evme-alert-save-wallpaper":{"_":"Definir como papel de parede?"},"evme-alert-no-more-smart-collections":{"_":"Nenhuma coleção inteligente para adicionar"},"evme-banner-app-install-success":{"_":"{{name}} adicionado à Tela Inicial"},"evme-banner-save-wallpaper":{"_":"Papel de parede definido com sucesso"},"evme-shortcuts-more":{"_":"Mais"},"evme-collectionssuggest-loading":{"_":"Carregando…"},"evme-collectionssuggest-loading-cancel":{"_":"Cancelar"},"evme-collectionssuggest-prompt-create-custom":{"_":"Crie sua própria coleção inteligente"},"evme-backgroundimage-source-label":{"_":"Fonte:"},"evme-collection-title-prefix":{"_":"Tudo"},"evme-collection-title-suffix":{"_":"Telefone"},"evme-collection-loading-more":{"_":"Carregando…"},"evme-connectionmessage-apps":{"_":"Conecte-se à Internet para achar um aplicativo para {{query}}"},"evme-connectionmessage-apps-has-installed":{"_":"Conecte-se à Internet para achar ainda mais aplicativos para {{query}}"},"evme-tips-app-explain":{"innerHTML":"Encontre as coisas que você ama com os aplicativos mais legais."},"evme-tips-searchbar-focus":{"innerHTML":"Por exemplo, encontre sua banda ou cantor favorito…"},"evme-tips-exact-results":{"innerHTML":"Esses são os aplicativos para <b>{{query}}</b>,<br /><br /> toque qualquer ícone para abrir."},"evme-shortcut-custom":{"_":"Customizado"},"evme-shortcut-id-astrology":{"_":"Astrologia"},"evme-shortcut-id-autos":{"_":"Carros"},"evme-shortcut-id-beauty":{"_":"Beleza"},"evme-shortcut-id-books":{"_":"Livros"},"evme-shortcut-id-celebs":{"_":"Celebridades"},"evme-shortcut-id-daily-deals":{"_":"Promoções"},"evme-shortcut-id-dating":{"_":"Namoro"},"evme-shortcut-id-electronics":{"_":"Eletrônicos"},"evme-shortcut-id-email":{"_":"E-mail"},"evme-shortcut-id-entertainment":{"_":"Entretenimento"},"evme-shortcut-id-environment":{"_":"Ambiente"},"evme-shortcut-id-fashion":{"_":"Moda"},"evme-shortcut-id-funny":{"_":"Comédia"},"evme-shortcut-id-games":{"_":"Jogos"},"evme-shortcut-id-government":{"_":"Governo"},"evme-shortcut-id-health":{"_":"Saúde"},"evme-shortcut-id-jobs":{"_":"Empregos"},"evme-shortcut-id-local":{"_":"Notícias Locais"},"evme-shortcut-id-maps":{"_":"Mapas"},"evme-shortcut-id-movies":{"_":"Filmes"},"evme-shortcut-id-music":{"_":"Música"},"evme-shortcut-id-new-apps":{"_":"Aplicativos novos"},"evme-shortcut-id-news":{"_":"Notícias"},"evme-shortcut-id-photography":{"_":"Fotografia"},"evme-shortcut-id-recipes":{"_":"Receitas"},"evme-shortcut-id-restaurants":{"_":"Restaurantes"},"evme-shortcut-id-shopping":{"_":"Compras"},"evme-shortcut-id-social":{"_":"Social"},"evme-shortcut-id-sports":{"_":"Esportes"},"evme-shortcut-id-tech-news":{"_":"Tecnologia"},"evme-shortcut-id-top-apps":{"_":"Aplicativos populares"},"evme-shortcut-id-travel":{"_":"Viagens"},"evme-shortcut-id-tv":{"_":"TV"},"evme-shortcut-id-video":{"_":"Vídeo"},"evme-shortcut-id-utilities":{"_":"Utilidades"},"evme-shortcut-id-weather":{"_":"Clima"},"evme-add-to-top-of-collection":{"_":"Add to top of collection"},"evme-save-to-homescreen":{"_":"Save to Homescreen"},"edit-dialog-header":{"_":"Edit"},"edit-dialog-name":{"_":"Website name"},"edit-dialog-url":{"_":"Address"},"edit-dialog-cancel":{"_":"Cancel"},"edit-dialog-done":{"_":"Done"},"weekday-0-long":{"_":"Domingo"},"weekday-1-long":{"_":"Segunda-feira"},"weekday-2-long":{"_":"Terça-feira"},"weekday-3-long":{"_":"Quarta-feira"},"weekday-4-long":{"_":"Quinta-feira"},"weekday-5-long":{"_":"Sexta-feira"},"weekday-6-long":{"_":"Sábado"},"weekday-0-short":{"_":"Dom"},"weekday-1-short":{"_":"Seg"},"weekday-2-short":{"_":"Ter"},"weekday-3-short":{"_":"Qua"},"weekday-4-short":{"_":"Qui"},"weekday-5-short":{"_":"Sex"},"weekday-6-short":{"_":"Sáb"},"month-0-long":{"_":"Janeiro"},"month-1-long":{"_":"Fevereiro"},"month-2-long":{"_":"Março"},"month-3-long":{"_":"Abril"},"month-4-long":{"_":"Maio"},"month-5-long":{"_":"Junho"},"month-6-long":{"_":"Julho"},"month-7-long":{"_":"Agosto"},"month-8-long":{"_":"Setembro"},"month-9-long":{"_":"Outubro"},"month-10-long":{"_":"Novembro"},"month-11-long":{"_":"Dezembro"},"month-0-genitive":{"_":"Janeiro"},"month-1-genitive":{"_":"Fevereiro"},"month-2-genitive":{"_":"Março"},"month-3-genitive":{"_":"Abril"},"month-4-genitive":{"_":"Maio"},"month-5-genitive":{"_":"Junho"},"month-6-genitive":{"_":"Julho"},"month-7-genitive":{"_":"Agosto"},"month-8-genitive":{"_":"Setembro"},"month-9-genitive":{"_":"Outubro"},"month-10-genitive":{"_":"Novembro"},"month-11-genitive":{"_":"Dezembro"},"month-0-short":{"_":"Jan"},"month-1-short":{"_":"Fev"},"month-2-short":{"_":"Mar"},"month-3-short":{"_":"Abr"},"month-4-short":{"_":"Mai"},"month-5-short":{"_":"Jun"},"month-6-short":{"_":"Jul"},"month-7-short":{"_":"Ago"},"month-8-short":{"_":"Set"},"month-9-short":{"_":"Out"},"month-10-short":{"_":"Nov"},"month-11-short":{"_":"Dez"},"minutes-ago-long":{"_":"{[ plural(value) ]}","_[zero]":"há pouco","_[one]":"um minuto atrás","_[two]":"{{value}} minutos atrás","_[few]":"{{value}} minutos atrás","_[many]":"{{value}} minutos atrás","_[other]":"{{value}} minutos atrás"},"hours-ago-long":{"_":"{[ plural(value) ]}","_[zero]":"há pouco","_[one]":"uma hora atrás","_[two]":"{{value}} horas atrás","_[few]":"{{value}} horas atrás","_[many]":"{{value}} horas atrás","_[other]":"{{value}} horas atrás"},"days-ago-long":{"_":"{[ plural(value) ]}","_[zero]":"hoje","_[one]":"ontem","_[two]":"{{value}} dias atrás","_[few]":"{{value}} dias atrás","_[many]":"{{value}} dias atrás","_[other]":"{{value}} dias atrás"},"weeks-ago-long":{"_":"{[ plural(value) ]}","_[zero]":"esta semana","_[one]":"semana passada","_[two]":"{{value}} semanas atrás","_[few]":"{{value}} semanas atrás","_[many]":"{{value}} semanas atrás","_[other]":"{{value}} semanas atrás"},"months-ago-long":{"_":"{[ plural(value) ]}","_[zero]":"este mês","_[one]":"mês passado","_[two]":"{{value}} meses atrás","_[few]":"{{value}} meses atrás","_[many]":"{{value}} meses atrás","_[other]":"{{value}} meses atrás"},"years-ago-long":{"_":"{[ plural(value) ]}","_[zero]":"este ano","_[one]":"ano passado","_[two]":"{{value}} anos atrás","_[few]":"{{value}} anos atrás","_[many]":"{{value}} anos atrás","_[other]":"{{value}} anos atrás"},"minutes-until-long":{"_":"{[ plural(value) ]}","_[zero]":"agora","_[one]":"em um minuto","_[two]":"em {{value}} minutos","_[few]":"em {{value}} minutos","_[many]":"em {{value}} minutos","_[other]":"em {{value}} minutos"},"hours-until-long":{"_":"{[ plural(value) ]}","_[zero]":"agora","_[one]":"em uma hora","_[two]":"em {{value}} horas","_[few]":"em {{value}} horas","_[many]":"em {{value}} horas","_[other]":"em {{value}} horas"},"days-until-long":{"_":"{[ plural(value) ]}","_[zero]":"hoje","_[one]":"amanhã","_[two]":"em {{value}} dias","_[few]":"em {{value}} dias","_[many]":"em {{value}} dias","_[other]":"em {{value}} dias"},"weeks-until-long":{"_":"{[ plural(value) ]}","_[zero]":"esta semana","_[one]":"semana que vem","_[two]":"em {{value}} semanas","_[few]":"em {{value}} semanas","_[many]":"em {{value}} semanas","_[other]":"em {{value}} semanas"},"months-until-long":{"_":"{[ plural(value) ]}","_[zero]":"este mês","_[one]":"mês que vem","_[two]":"em {{value}} meses","_[few]":"em {{value}} meses","_[many]":"em {{value}} meses","_[other]":"em {{value}} meses"},"years-until-long":{"_":"{[ plural(value) ]}","_[zero]":"este ano","_[one]":"ano que vem","_[two]":"em {{value}} anos","_[few]":"em {{value}} anos","_[many]":"em {{value}} anos","_[other]":"em {{value}} anos"},"minutes-ago-short":{"_":"{[ plural(value) ]}","_[zero]":"há pouco","_[other]":"{{value}}min atrás"},"hours-ago-short":{"_":"{[ plural(value) ]}","_[zero]":"há pouco","_[other]":"{{value}}h atrás"},"days-ago-short":{"_":"{[ plural(value) ]}","_[zero]":"hoje","_[other]":"{{value}}d atrás"},"minutes-until-short":{"_":"{[ plural(value) ]}","_[zero]":"agora","_[other]":"em {{value}}min"},"hours-until-short":{"_":"{[ plural(value) ]}","_[zero]":"agora","_[other]":"em {{value}}h"},"days-until-short":{"_":"{[ plural(value) ]}","_[zero]":"hoje","_[other]":"em {{value}}d"},"incorrectDate":{"_":"(data incorreta)"},"dateTimeFormat_%c":{"_":"%A, %e de %B de %Y %Hh %Mmin %Ss"},"dateTimeFormat_%x":{"_":"%d/%m/%Y"},"dateTimeFormat_%X":{"_":"%Hh %Mmin %Ss"},"shortTimeFormat":{"_":"%Hh%M"},"shortDateTimeFormat":{"_":"%x %Hh%M"},"weekStartsOnMonday":{"_":"0"},"time_am":{"_":"AM"},"time_pm":{"_":"PM"}}