{"Showbiz":{"_":"Showbiz"},"Social":{"_":"Social"},"Games":{"_":"Jocuri"},"Music":{"_":"Muzică"},"add-to-home-screen":{"_":"Adaugă la ecran"},"add-to-home-screen-header":{"_":"Adaugă legătură"},"website-name":{"_":"Numele saitului"},"address":{"_":"Adresă"},"added-to-home-screen":{"_":"Adăugat la ecranul principal"},"wrapper-search-name":{"_":"{{topic}} pe {{name}}"},"contextmenu-add-wallpaper":{"_":"Schimbă fundalul"},"contextmenu-add-smart-collections":{"_":"Adaugă colecții inteligente"},"delete-title":{"_":"Șterge {{name}}"},"delete-body":{"_":"{{name}} și toate datele sale vor fi șterse."},"delete":{"_":"Șterge"},"cancel":{"_":"Renunță"},"remove-title-2":{"_":"Elimină {{name}}"},"remove-body":{"_":"Elimini {{name}} de pe ecranul principal?"},"remove":{"_":"Elimină"},"longDateFormat":{"_":"%A, %e %B"},"download":{"_":"Descarcă"},"restart-download-title":{"_":"Repornește descărcarea"},"restart-download-body":{"_":"Dorești să descarci {{name}}?"},"loadingEvme2":{"_":"Se încarcă…"},"evme-searchbar-default":{"_":"Totul…","placeholder":"Mă gândesc la…"},"evme-searchbar-default2":{"_":"Mă gândesc la…","placeholder":"Mă gândesc la…"},"evme-searchbar-clear":{"_":"Înapoi"},"evme-searchbar-title":{"_":"Totul"},"evme-helper-default":{"_":"Introdu orice subiect sau căutare"},"evme-helper-default2":{"_":"Introdu orice subiect sau cuvânt cheie"},"evme-helper-dismiss":{"_":"Înlătură"},"evme-helper-no-refine":{"_":"Nicio opțiune găsită"},"evme-helper-history-title":{"_":"Istoric:"},"evme-helper-history-link":{"_":"Istoric"},"evme-helper-history-clear":{"_":"Curăță istoricul"},"evme-helper-didyoumean-title":{"_":"Ai vrut să spui:"},"evme-helper-refine-title":{"_":"Ai vrut să spui:"},"evme-helper-title-prefix":{"_":"Totul"},"evme-helper-title-empty":{"_":"Totul"},"evme-apps-market-download":{"_":"Descarcă"},"evme-apps-market-more-apps":{"_":"Mai multe aplicații"},"evme-apps-loading-app":{"_":"Se încarcă…"},"evme-appsmore-loading":{"_":"Se încarcă…"},"evme-alert-app-install-confirm":{"_":"Adaugi {{name}} la ecranul principal?"},"evme-alert-app-install-exists":{"_":"{{name}} a fost deja adăugat la ecranul principal"},"evme-alert-offline-smart-collections-more":{"_":"Conectează-te la net pentru a adăuga mai multe colecții inteligente"},"evme-alert-save-wallpaper":{"_":"Setezi ca imagine de fundal?"},"evme-alert-no-more-smart-collections":{"_":"Nicio colecție inteligentă de adăugat"},"evme-banner-app-install-success":{"_":"{{name}} adăugat la ecranul principal"},"evme-banner-save-wallpaper":{"_":"Imagine de fundal setată cu succes"},"evme-shortcuts-more":{"_":"Mai multe"},"evme-collectionssuggest-loading":{"_":"Se încarcă…"},"evme-collectionssuggest-loading-cancel":{"_":"Renunță"},"evme-collectionssuggest-prompt-create-custom":{"_":"Creează-ți propria colecție inteligentă"},"evme-backgroundimage-source-label":{"_":"Sursă:"},"evme-collection-title-prefix":{"_":"Totul"},"evme-collection-title-suffix":{"_":"Telefon"},"evme-collection-loading-more":{"_":"Se încarcă…"},"evme-connectionmessage-apps":{"_":"Conectează-te la net pentru a obține aplicații pentru {{query}}"},"evme-connectionmessage-apps-has-installed":{"_":"Conectează-te la net pentru a obține și mai multe aplicații pentru {{query}}"},"evme-tips-app-explain":{"innerHTML":"Găsește lucrurile îndrăgite cu cele mai grozave aplicații."},"evme-tips-searchbar-focus":{"innerHTML":"De exemplu, găsește cântărețul sau trupa favorită…"},"evme-tips-exact-results":{"innerHTML":"Acestea sunt aplicațiile pentru <b>{{query}}</b>,<br /><br />Atinge orice icoană pentru a le deschide."},"evme-shortcut-custom":{"_":"Personalizat..."},"evme-shortcut-id-astrology":{"_":"Astrologie"},"evme-shortcut-id-autos":{"_":"Auto"},"evme-shortcut-id-beauty":{"_":"Frumusețe"},"evme-shortcut-id-books":{"_":"Cărți"},"evme-shortcut-id-celebs":{"_":"Celebrități"},"evme-shortcut-id-daily-deals":{"_":"Oferte zilnice"},"evme-shortcut-id-dating":{"_":"Întâlniri"},"evme-shortcut-id-electronics":{"_":"Electronice"},"evme-shortcut-id-email":{"_":"E-mail"},"evme-shortcut-id-entertainment":{"_":"Divertisment"},"evme-shortcut-id-environment":{"_":"Mediu înconjurător"},"evme-shortcut-id-fashion":{"_":"Modă"},"evme-shortcut-id-funny":{"_":"Amuzament"},"evme-shortcut-id-games":{"_":"Jocuri"},"evme-shortcut-id-government":{"_":"Guvernământ"},"evme-shortcut-id-health":{"_":"Sănătate"},"evme-shortcut-id-jobs":{"_":"Locuri de muncă"},"evme-shortcut-id-local":{"_":"Local"},"evme-shortcut-id-maps":{"_":"Hărți"},"evme-shortcut-id-movies":{"_":"Videoclipuri"},"evme-shortcut-id-music":{"_":"Muzică"},"evme-shortcut-id-new-apps":{"_":"Aplicații noi"},"evme-shortcut-id-news":{"_":"Noutăți"},"evme-shortcut-id-photography":{"_":"Fotografie"},"evme-shortcut-id-recipes":{"_":"Rețete"},"evme-shortcut-id-restaurants":{"_":"Restaurante"},"evme-shortcut-id-shopping":{"_":"Cumpărături"},"evme-shortcut-id-social":{"_":"Socializare"},"evme-shortcut-id-sports":{"_":"Sporturi"},"evme-shortcut-id-tech-news":{"_":"Noutăți tehnologice"},"evme-shortcut-id-top-apps":{"_":"Aplicații de top"},"evme-shortcut-id-travel":{"_":"Călătorie"},"evme-shortcut-id-tv":{"_":"TV"},"evme-shortcut-id-video":{"_":"Video"},"evme-shortcut-id-utilities":{"_":"Utilități"},"evme-shortcut-id-weather":{"_":"Meteo"},"evme-add-to-top-of-collection":{"_":"Adaugă în fruntea colecției"},"evme-save-to-homescreen":{"_":"Salvează la ecran"},"edit-dialog-header":{"_":"Editează"},"edit-dialog-name":{"_":"Numele saitului"},"edit-dialog-url":{"_":"Adresa"},"edit-dialog-cancel":{"_":"Renunță"},"edit-dialog-done":{"_":"Gata"},"weekday-0-long":{"_":"duminică"},"weekday-1-long":{"_":"luni"},"weekday-2-long":{"_":"marți"},"weekday-3-long":{"_":"miercuri"},"weekday-4-long":{"_":"joi"},"weekday-5-long":{"_":"vineri"},"weekday-6-long":{"_":"sâmbătă"},"weekday-0-short":{"_":"dum"},"weekday-1-short":{"_":"lun"},"weekday-2-short":{"_":"mar"},"weekday-3-short":{"_":"mie"},"weekday-4-short":{"_":"joi"},"weekday-5-short":{"_":"vin"},"weekday-6-short":{"_":"sâm"},"month-0-long":{"_":"ianuarie"},"month-1-long":{"_":"februarie"},"month-2-long":{"_":"martie"},"month-3-long":{"_":"aprilie"},"month-4-long":{"_":"mai"},"month-5-long":{"_":"iunie"},"month-6-long":{"_":"iulie"},"month-7-long":{"_":"august"},"month-8-long":{"_":"septembrie"},"month-9-long":{"_":"octombrie"},"month-10-long":{"_":"noiembrie"},"month-11-long":{"_":"decembrie"},"month-0-genitive":{"_":"ianuarie"},"month-1-genitive":{"_":"februarie"},"month-2-genitive":{"_":"martie"},"month-3-genitive":{"_":"aprilie"},"month-4-genitive":{"_":"mai"},"month-5-genitive":{"_":"iunie"},"month-6-genitive":{"_":"iulie"},"month-7-genitive":{"_":"august"},"month-8-genitive":{"_":"septembrie"},"month-9-genitive":{"_":"octombrie"},"month-10-genitive":{"_":"noiembrie"},"month-11-genitive":{"_":"decembrie"},"month-0-short":{"_":"ian"},"month-1-short":{"_":"feb"},"month-2-short":{"_":"mar"},"month-3-short":{"_":"apr"},"month-4-short":{"_":"mai"},"month-5-short":{"_":"iun"},"month-6-short":{"_":"iul"},"month-7-short":{"_":"aug"},"month-8-short":{"_":"sep"},"month-9-short":{"_":"oct"},"month-10-short":{"_":"noi"},"month-11-short":{"_":"dec"},"minutes-ago-long":{"_":"{[ plural(value) ]}","_[zero]":"chiar acum","_[one]":"acum un minut","_[two]":"acum {{value}} minute","_[few]":"acum {{value}} minute","_[many]":"acum {{value}} minute","_[other]":"acum {{value}} minute"},"hours-ago-long":{"_":"{[ plural(value) ]}","_[zero]":"chiar acum","_[one]":"acum cu o oră","_[two]":"acum {{value}} ore","_[few]":"acum {{value}} ore","_[many]":"acum {{value}} ore","_[other]":"acum {{value}} ore"},"days-ago-long":{"_":"{[ plural(value) ]}","_[zero]":"astăzi","_[one]":"ieri","_[two]":"acum {{value}} zile","_[few]":"acum {{value}} zile","_[many]":"acum {{value}} zile","_[other]":"acum {{value}} zile"},"weeks-ago-long":{"_":"{[ plural(value) ]}","_[zero]":"săptămâna aceasta","_[one]":"săptămâna trecută","_[two]":"acum {{value}} săptămâni","_[few]":"acum {{value}} săptămâni","_[many]":"acum {{value}} săptămâni","_[other]":"acum {{value}} săptămâni"},"months-ago-long":{"_":"{[ plural(value) ]}","_[zero]":"luna aceasta","_[one]":"luna trecută","_[two]":"acum {{value}} luni","_[few]":"acum {{value}} luni","_[many]":"acum {{value}} luni","_[other]":"acum {{value}} luni"},"years-ago-long":{"_":"{[ plural(value) ]}","_[zero]":"anul acesta","_[one]":"anul trecut","_[two]":"acum {{value}} ani","_[few]":"acum {{value}} ani","_[many]":"acum {{value}} ani","_[other]":"acum {{value}} ani"},"minutes-until-long":{"_":"{[ plural(value) ]}","_[zero]":"acum","_[one]":"într-un minut","_[two]":"în {{value}} minute","_[few]":"în {{value}} minute","_[many]":"în {{value}} minute","_[other]":"în {{value}} minute"},"hours-until-long":{"_":"{[ plural(value) ]}","_[zero]":"acum","_[one]":"într-o oră","_[two]":"în {{value}} ore","_[few]":"în {{value}} ore","_[many]":"în {{value}} ore","_[other]":"în {{value}} ore"},"days-until-long":{"_":"{[ plural(value) ]}","_[zero]":"astăzi","_[one]":"mâine","_[two]":"în {{value}} zile","_[few]":"în {{value}} zile","_[many]":"în {{value}} zile","_[other]":"în {{value}} zile"},"weeks-until-long":{"_":"{[ plural(value) ]}","_[zero]":"săptămâna aceasta","_[one]":"săptămâna următoare","_[two]":"în {{value}} săptămâni","_[few]":"în {{value}} săptămâni","_[many]":"în {{value}} săptămâni","_[other]":"în {{value}} săptămâni"},"months-until-long":{"_":"{[ plural(value) ]}","_[zero]":"luna aceasta","_[one]":"luna următoare","_[two]":"în {{value}} luni","_[few]":"în {{value}} luni","_[many]":"în {{value}} luni","_[other]":"în {{value}} luni"},"years-until-long":{"_":"{[ plural(value) ]}","_[zero]":"anul acesta","_[one]":"anul următor","_[two]":"în {{value}} ani","_[few]":"în {{value}} ani","_[many]":"în {{value}} ani","_[other]":"în {{value}} ani"},"minutes-ago-short":{"_":"{[ plural(value) ]}","_[zero]":"chiar acum","_[other]":"acum {{value}} min."},"hours-ago-short":{"_":"{[ plural(value) ]}","_[zero]":"chiar acum","_[other]":"acum {{value}}h"},"days-ago-short":{"_":"{[ plural(value) ]}","_[zero]":"astăzi","_[other]":"acum {{value}}z"},"minutes-until-short":{"_":"{[ plural(value) ]}","_[zero]":"acum","_[other]":"în {{value}}m"},"hours-until-short":{"_":"{[ plural(value) ]}","_[zero]":"acum","_[other]":"în {{value}}h"},"days-until-short":{"_":"{[ plural(value) ]}","_[zero]":"astăzi","_[other]":"în {{value}}z"},"incorrectDate":{"_":"(dată incorectă)"},"dateTimeFormat_%c":{"_":"%a, %e %b %Y %H:%M:%S"},"dateTimeFormat_%x":{"_":"%d/%m/%Y"},"dateTimeFormat_%X":{"_":"%H:%M:%S"},"shortTimeFormat":{"_":"%H:%M"},"shortDateTimeFormat":{"_":"%x %H:%M"},"weekStartsOnMonday":{"_":"0"},"time_am":{"_":"AM"},"time_pm":{"_":"PM"}}