{"Showbiz":{"_":"Шоу-бизнес"},"Social":{"_":"Общение"},"Games":{"_":"Игры"},"Music":{"_":"Музыка"},"add-to-home-screen":{"_":"На домашний экран"},"add-to-home-screen-header":{"_":"Добавить ссылку"},"website-name":{"_":"Имя веб-сайта"},"address":{"_":"Адрес"},"added-to-home-screen":{"_":"Добавлено на домашний экран"},"wrapper-search-name":{"_":"{{topic}} на {{name}}"},"contextmenu-add-wallpaper":{"_":"Сменить обои"},"contextmenu-add-smart-collections":{"_":"Добавить Умные подборки"},"delete-title":{"_":"Удаление {{name}}"},"delete-body":{"_":"{{name}} и все его данные будут удалены."},"delete":{"_":"Удалить"},"cancel":{"_":"Отмена"},"remove-title-2":{"_":"Удаление {{name}}"},"remove-body":{"_":"Удалить {{name}} с домашнего экрана?"},"remove":{"_":"Удалить"},"longDateFormat":{"_":"%A, %e %Eb"},"download":{"_":"Загрузить"},"restart-download-title":{"_":"Перезапуск загрузки"},"restart-download-body":{"_":"Вы хотите загрузить {{name}}?"},"loadingEvme2":{"_":"Загрузка…"},"evme-searchbar-default":{"_":"Весь…","placeholder":"Я думаю о…"},"evme-searchbar-default2":{"_":"Я думаю о…","placeholder":"Я думаю о…"},"evme-searchbar-clear":{"_":"Назад"},"evme-searchbar-title":{"_":"Весь"},"evme-helper-default":{"_":"Введите любую тему или поисковый запрос"},"evme-helper-default2":{"_":"Введите любую тему или ключевое слово"},"evme-helper-dismiss":{"_":"Прекратить"},"evme-helper-no-refine":{"_":"Вариантов не найдено"},"evme-helper-history-title":{"_":"История:"},"evme-helper-history-link":{"_":"История"},"evme-helper-history-clear":{"_":"Очистить историю"},"evme-helper-didyoumean-title":{"_":"Вы имели в виду:"},"evme-helper-refine-title":{"_":"Вы имели в виду:"},"evme-helper-title-prefix":{"_":"Всё"},"evme-helper-title-empty":{"_":"Всё"},"evme-apps-market-download":{"_":"Загрузить"},"evme-apps-market-more-apps":{"_":"Больше приложений"},"evme-apps-loading-app":{"_":"Загрузка…"},"evme-appsmore-loading":{"_":"Загрузка…"},"evme-alert-app-install-confirm":{"_":"Добавить {{name}} на домашний экран?"},"evme-alert-app-install-exists":{"_":"{{name}} уже было добавлено на домашний экран"},"evme-alert-offline-smart-collections-more":{"_":"Для добавления других Умных подборок подсоединитесь к Интернету"},"evme-alert-save-wallpaper":{"_":"Установить как обои?"},"evme-alert-no-more-smart-collections":{"_":"Нет Умных подборок для добавления"},"evme-banner-app-install-success":{"_":"{{name}} добавлено на домашний экран"},"evme-banner-save-wallpaper":{"_":"Обои успешно установлены"},"evme-shortcuts-more":{"_":"Ещё"},"evme-collectionssuggest-loading":{"_":"Загрузка…"},"evme-collectionssuggest-loading-cancel":{"_":"Отмена"},"evme-collectionssuggest-prompt-create-custom":{"_":"Создайте свою Умную подборку"},"evme-backgroundimage-source-label":{"_":"Источник:"},"evme-collection-title-prefix":{"_":"Всё"},"evme-collection-title-suffix":{"_":"Телефон"},"evme-collection-loading-more":{"_":"Загрузка…"},"evme-connectionmessage-apps":{"_":"Соединитесь с Интернетом, чтобы получить приложения для {{query}}"},"evme-connectionmessage-apps-has-installed":{"_":"Соединитесь с Интернетом, чтобы получить ещё больше приложений для {{query}}"},"evme-tips-app-explain":{"innerHTML":"Найдите то, что вам нравится, с помощью отличных приложений."},"evme-tips-searchbar-focus":{"innerHTML":"Например, найдите вашу любимую певицу или группу…"},"evme-tips-exact-results":{"innerHTML":"Это приложения для <b>{{query}}</b>,<br /><br /> для его открытия нажмите на любой значок."},"evme-shortcut-custom":{"_":"Настроить…"},"evme-shortcut-id-astrology":{"_":"Астрология"},"evme-shortcut-id-autos":{"_":"Авто"},"evme-shortcut-id-beauty":{"_":"Красота"},"evme-shortcut-id-books":{"_":"Книги"},"evme-shortcut-id-celebs":{"_":"Шоу-бизнес"},"evme-shortcut-id-daily-deals":{"_":"Ежедневные предложения"},"evme-shortcut-id-dating":{"_":"Знакомства"},"evme-shortcut-id-electronics":{"_":"Электроника"},"evme-shortcut-id-email":{"_":"Эл. почта"},"evme-shortcut-id-entertainment":{"_":"Развлечения"},"evme-shortcut-id-environment":{"_":"Природа"},"evme-shortcut-id-fashion":{"_":"Мода"},"evme-shortcut-id-funny":{"_":"Юмор"},"evme-shortcut-id-games":{"_":"Игры"},"evme-shortcut-id-government":{"_":"Правительство"},"evme-shortcut-id-health":{"_":"Здоровье"},"evme-shortcut-id-jobs":{"_":"Работа"},"evme-shortcut-id-local":{"_":"Местные"},"evme-shortcut-id-maps":{"_":"Карты"},"evme-shortcut-id-movies":{"_":"Кино"},"evme-shortcut-id-music":{"_":"Музыка"},"evme-shortcut-id-new-apps":{"_":"Новые приложения"},"evme-shortcut-id-news":{"_":"Новости"},"evme-shortcut-id-photography":{"_":"Фотография"},"evme-shortcut-id-recipes":{"_":"Рецепты"},"evme-shortcut-id-restaurants":{"_":"Рестораны"},"evme-shortcut-id-shopping":{"_":"Шоппинг"},"evme-shortcut-id-social":{"_":"Общение"},"evme-shortcut-id-sports":{"_":"Спорт"},"evme-shortcut-id-tech-news":{"_":"Технология"},"evme-shortcut-id-top-apps":{"_":"Топ приложений"},"evme-shortcut-id-travel":{"_":"Путешествия"},"evme-shortcut-id-tv":{"_":"ТВ"},"evme-shortcut-id-video":{"_":"Видео"},"evme-shortcut-id-utilities":{"_":"Утилиты"},"evme-shortcut-id-weather":{"_":"Погода"},"evme-add-to-top-of-collection":{"_":"Добавить в верх подборки"},"evme-save-to-homescreen":{"_":"Сохранить на Домашний экран"},"edit-dialog-header":{"_":"Правка"},"edit-dialog-name":{"_":"Имя веб-сайта"},"edit-dialog-url":{"_":"Адрес"},"edit-dialog-cancel":{"_":"Отмена"},"edit-dialog-done":{"_":"Готово"},"weekday-0-long":{"_":"Воскресенье"},"weekday-1-long":{"_":"Понедельник"},"weekday-2-long":{"_":"Вторник"},"weekday-3-long":{"_":"Среда"},"weekday-4-long":{"_":"Четверг"},"weekday-5-long":{"_":"Пятница"},"weekday-6-long":{"_":"Суббота"},"weekday-0-short":{"_":"Вс"},"weekday-1-short":{"_":"Пн"},"weekday-2-short":{"_":"Вт"},"weekday-3-short":{"_":"Ср"},"weekday-4-short":{"_":"Чт"},"weekday-5-short":{"_":"Пт"},"weekday-6-short":{"_":"Сб"},"month-0-long":{"_":"Январь"},"month-1-long":{"_":"Февраль"},"month-2-long":{"_":"Март"},"month-3-long":{"_":"Апрель"},"month-4-long":{"_":"Май"},"month-5-long":{"_":"Июнь"},"month-6-long":{"_":"Июль"},"month-7-long":{"_":"Август"},"month-8-long":{"_":"Сентябрь"},"month-9-long":{"_":"Октябрь"},"month-10-long":{"_":"Ноябрь"},"month-11-long":{"_":"Декабрь"},"month-0-genitive":{"_":"января"},"month-1-genitive":{"_":"февраля"},"month-2-genitive":{"_":"марта"},"month-3-genitive":{"_":"апреля"},"month-4-genitive":{"_":"мая"},"month-5-genitive":{"_":"июня"},"month-6-genitive":{"_":"июля"},"month-7-genitive":{"_":"августа"},"month-8-genitive":{"_":"сентября"},"month-9-genitive":{"_":"октября"},"month-10-genitive":{"_":"ноября"},"month-11-genitive":{"_":"декабря"},"month-0-short":{"_":"Январь"},"month-1-short":{"_":"Февраль"},"month-2-short":{"_":"Март"},"month-3-short":{"_":"Апрель"},"month-4-short":{"_":"Май"},"month-5-short":{"_":"Июнь"},"month-6-short":{"_":"Июль"},"month-7-short":{"_":"Август"},"month-8-short":{"_":"Сентябрь"},"month-9-short":{"_":"Октябрь"},"month-10-short":{"_":"Ноябрь"},"month-11-short":{"_":"Декабрь"},"minutes-ago-long":{"_":"{[ plural(value) ]}","_[zero]":"прямо сейчас","_[one]":"{{value}} минуту назад","_[two]":"{{value}} минуты назад","_[few]":"{{value}} минуты назад","_[many]":"{{value}} минут назад","_[other]":"{{value}} минут назад"},"hours-ago-long":{"_":"{[ plural(value) ]}","_[zero]":"прямо сейчас","_[one]":"{{value}} час назад","_[two]":"{{value}} часа назад","_[few]":"{{value}} часа назад","_[many]":"{{value}} часов назад","_[other]":"{{value}} часов назад"},"days-ago-long":{"_":"{[ plural(value) ]}","_[zero]":"сегодня","_[one]":"{{value}} день назад","_[two]":"{{value}} дня назад","_[few]":"{{value}} дня назад","_[many]":"{{value}} дней назад","_[other]":"{{value}} дней назад"},"weeks-ago-long":{"_":"{[ plural(value) ]}","_[zero]":"эта неделя","_[one]":"{{value}} неделя назад","_[two]":"{{value}} недели назад","_[few]":"{{value}} недели назад","_[many]":"{{value}} недель назад","_[other]":"{{value}} недель назад"},"months-ago-long":{"_":"{[ plural(value) ]}","_[zero]":"этот месяц","_[one]":"{{value}} месяц назад","_[two]":"{{value}} месяца назад","_[few]":"{{value}} месяца назад","_[many]":"{{value}} месяцев назад","_[other]":"{{value}} месяцев назад"},"years-ago-long":{"_":"{[ plural(value) ]}","_[zero]":"этот год","_[one]":"{{value}} год назад","_[two]":"{{value}} года назад","_[few]":"{{value}} года назад","_[many]":"{{value}} лет назад","_[other]":"{{value}} лет назад"},"minutes-until-long":{"_":"{[ plural(value) ]}","_[zero]":"сейчас","_[one]":"через {{value}} минуту","_[two]":"через {{value}} минуты","_[few]":"через {{value}} минуты","_[many]":"через {{value}} минут","_[other]":"через {{value}} минут"},"hours-until-long":{"_":"{[ plural(value) ]}","_[zero]":"сейчас","_[one]":"через {{value}} час","_[two]":"через {{value}} часа","_[few]":"через {{value}} часа","_[many]":"через {{value}} часов","_[other]":"через {{value}} часов"},"days-until-long":{"_":"{[ plural(value) ]}","_[zero]":"сегодня","_[one]":"через {{value}} день","_[two]":"через {{value}} дня","_[few]":"через {{value}} дня","_[many]":"через {{value}} дней","_[other]":"через {{value}} дней"},"weeks-until-long":{"_":"{[ plural(value) ]}","_[zero]":"эта неделя","_[one]":"через {{value}} неделю","_[two]":"через {{value}} недели","_[few]":"через {{value}} недели","_[many]":"через {{value}} недель","_[other]":"через {{value}} недель"},"months-until-long":{"_":"{[ plural(value) ]}","_[zero]":"этот месяц","_[one]":"через {{value}} месяц","_[two]":"через {{value}} месяца","_[few]":"через {{value}} месяца","_[many]":"через {{value}} месяцев","_[other]":"через {{value}} месяцев"},"years-until-long":{"_":"{[ plural(value) ]}","_[zero]":"этот год","_[one]":"через {{value}} год","_[two]":"через {{value}} года","_[few]":"через {{value}} года","_[many]":"через {{value}} лет","_[other]":"через {{value}} лет"},"minutes-ago-short":{"_":"{[ plural(value) ]}","_[zero]":"сейчас","_[other]":"{{value}}м назад"},"hours-ago-short":{"_":"{[ plural(value) ]}","_[zero]":"сейчас","_[other]":"{{value}}ч назад"},"days-ago-short":{"_":"{[ plural(value) ]}","_[zero]":"сегодня","_[other]":"{{value}}д назад"},"minutes-until-short":{"_":"{[ plural(value) ]}","_[zero]":"сейчас","_[other]":"через {{value}}м"},"hours-until-short":{"_":"{[ plural(value) ]}","_[zero]":"сейчас","_[other]":"через {{value}}ч"},"days-until-short":{"_":"{[ plural(value) ]}","_[zero]":"сегодня","_[other]":"через {{value}}д"},"incorrectDate":{"_":"(некорректная дата)"},"dateTimeFormat_%c":{"_":"%a, %e %Eb %Y, %H:%M:%S"},"dateTimeFormat_%x":{"_":"%d.%m.%Y"},"dateTimeFormat_%X":{"_":"%H:%M:%S"},"shortTimeFormat":{"_":"%H:%M"},"shortDateTimeFormat":{"_":"%x %H:%M"},"weekStartsOnMonday":{"_":"1"},"time_am":{"_":"AM"},"time_pm":{"_":"PM"}}