{"Showbiz":{"_":"Showbiz"},"Social":{"_":"Sociálne"},"Games":{"_":"Hry"},"Music":{"_":"Hudba"},"add-to-home-screen":{"_":"Pridať na úvodnú obrazovku"},"add-to-home-screen-header":{"_":"Pridanie odkazu"},"website-name":{"_":"Názov webovej stánky"},"address":{"_":"Adresa"},"added-to-home-screen":{"_":"Pridané na úvodnú stránku"},"wrapper-search-name":{"_":"{{topic}} na {{name}}"},"contextmenu-add-wallpaper":{"_":"Zmeniť tapetu"},"contextmenu-add-smart-collections":{"_":"Pridať kolekcie"},"delete-title":{"_":"Odstrániť {{name}}?"},"delete-body":{"_":"Aplikácia {{name}} a všetky jej údaje budú odstránené."},"delete":{"_":"Odstrániť"},"cancel":{"_":"Zrušiť"},"remove-title-2":{"_":"Odstránenie {{name}}"},"remove-body":{"_":"Naozaj chcete odstrániť {{name}} z úvodnej obrazovky?"},"remove":{"_":"Odstrániť"},"longDateFormat":{"_":"%A, %e. %Eb"},"download":{"_":"Prevziať"},"restart-download-title":{"_":"Reštartovanie preberania"},"restart-download-body":{"_":"Chcete prevziať {{name}}?"},"loadingEvme2":{"_":"Načítava sa…"},"evme-searchbar-default":{"_":"Všetko…","placeholder":"Myslím na…"},"evme-searchbar-default2":{"_":"Myslím na…","placeholder":"Myslím na…"},"evme-searchbar-clear":{"_":"Naspäť"},"evme-searchbar-title":{"_":"Všetko"},"evme-helper-default":{"_":"Zadajte tému alebo výraz vyhľadávania"},"evme-helper-default2":{"_":"Zadajte tému alebo kľúčové slovo"},"evme-helper-dismiss":{"_":"Odmietnuť"},"evme-helper-no-refine":{"_":"Nebolo nič nájdené"},"evme-helper-history-title":{"_":"História:"},"evme-helper-history-link":{"_":"História"},"evme-helper-history-clear":{"_":"Vymazať históriu"},"evme-helper-didyoumean-title":{"_":"Mysleli ste:"},"evme-helper-refine-title":{"_":"Mysleli ste:"},"evme-helper-title-prefix":{"_":"Všetko pre"},"evme-helper-title-empty":{"_":"Všetko"},"evme-apps-market-download":{"_":"Prevziať"},"evme-apps-market-more-apps":{"_":"Ďalšie aplikácie"},"evme-apps-loading-app":{"_":"Načítava sa…"},"evme-appsmore-loading":{"_":"Načítava sa…"},"evme-alert-app-install-confirm":{"_":"Chcete {{name}} pridať na úvodnú obrazovku?"},"evme-alert-app-install-exists":{"_":"{{name}} sa už nachádza na úvodnej obrazovke"},"evme-alert-offline-smart-collections-more":{"_":"Ak chcete získať ďalšie kolekcie, pripojte sa k sieti internet."},"evme-alert-save-wallpaper":{"_":"Nastaviť ako tapetu?"},"evme-alert-no-more-smart-collections":{"_":"Žiadne dostupné kolekcie"},"evme-banner-app-install-success":{"_":"Aplikácia {{name}} úspešne pridaná na úvodnú obrazovku"},"evme-banner-save-wallpaper":{"_":"Tapeta úspešne nastavená"},"evme-shortcuts-more":{"_":"Ďalšie"},"evme-collectionssuggest-loading":{"_":"Načítava sa…"},"evme-collectionssuggest-loading-cancel":{"_":"Zrušiť"},"evme-collectionssuggest-prompt-create-custom":{"_":"Vytvorte si vlastnú kolekciu"},"evme-backgroundimage-source-label":{"_":"Zdroj:"},"evme-collection-title-prefix":{"_":"Všetko"},"evme-collection-title-suffix":{"_":"Telefón"},"evme-collection-loading-more":{"_":"Načítava sa…"},"evme-connectionmessage-apps":{"_":"Pripojte sa k sieti internet a získajte aplikácie pre {{query}}"},"evme-connectionmessage-apps-has-installed":{"_":"Pripojte sa k sieti internet a získajte ďalšie aplikácie pre {{query}}"},"evme-tips-app-explain":{"innerHTML":"Nájdite veci, ktoré milujete, pomocou najlepších aplikácií."},"evme-tips-searchbar-focus":{"innerHTML":"Napríklad, nájdite obľúbeného speváka alebo skupinu…"},"evme-tips-exact-results":{"innerHTML":"Toto sú aplikácie nájdené pre výraz <b>{{query}}</b>,<br /><br /> ťuknutím na ikonu danú aplikáciu spustíte."},"evme-shortcut-custom":{"_":"Vlastná..."},"evme-shortcut-id-astrology":{"_":"Astrológia"},"evme-shortcut-id-autos":{"_":"Automobily"},"evme-shortcut-id-beauty":{"_":"Krása"},"evme-shortcut-id-books":{"_":"Knihy"},"evme-shortcut-id-celebs":{"_":"Celebrity"},"evme-shortcut-id-daily-deals":{"_":"Denné úlohy"},"evme-shortcut-id-dating":{"_":"Randenie"},"evme-shortcut-id-electronics":{"_":"Elektronika"},"evme-shortcut-id-email":{"_":"E-mail"},"evme-shortcut-id-entertainment":{"_":"Zábava"},"evme-shortcut-id-environment":{"_":"Životné prostredie"},"evme-shortcut-id-fashion":{"_":"Móda"},"evme-shortcut-id-funny":{"_":"Zábava"},"evme-shortcut-id-games":{"_":"Hry"},"evme-shortcut-id-government":{"_":"Vláda"},"evme-shortcut-id-health":{"_":"Zdravie"},"evme-shortcut-id-jobs":{"_":"Práca"},"evme-shortcut-id-local":{"_":"Lokálne"},"evme-shortcut-id-maps":{"_":"Mapy"},"evme-shortcut-id-movies":{"_":"Filmy"},"evme-shortcut-id-music":{"_":"Hudba"},"evme-shortcut-id-new-apps":{"_":"Nové aplikácie"},"evme-shortcut-id-news":{"_":"Správy"},"evme-shortcut-id-photography":{"_":"Fotografia"},"evme-shortcut-id-recipes":{"_":"Recepty"},"evme-shortcut-id-restaurants":{"_":"Reštaurácie"},"evme-shortcut-id-shopping":{"_":"Nakupovanie"},"evme-shortcut-id-social":{"_":"Sociálne siete"},"evme-shortcut-id-sports":{"_":"Šport"},"evme-shortcut-id-tech-news":{"_":"Technologické novinky"},"evme-shortcut-id-top-apps":{"_":"Naj aplikácie"},"evme-shortcut-id-travel":{"_":"Cestovanie"},"evme-shortcut-id-tv":{"_":"Televízia"},"evme-shortcut-id-video":{"_":"Video"},"evme-shortcut-id-utilities":{"_":"Nástroje"},"evme-shortcut-id-weather":{"_":"Počasie"},"evme-add-to-top-of-collection":{"_":"Pridať navrch kolekcie"},"evme-save-to-homescreen":{"_":"Uložiť na úvodnú obrazovku"},"edit-dialog-header":{"_":"Úprava"},"edit-dialog-name":{"_":"Názov stránky"},"edit-dialog-url":{"_":"Adresa"},"edit-dialog-cancel":{"_":"Zrušiť"},"edit-dialog-done":{"_":"Hotovo"},"weekday-0-long":{"_":"Nedeľa"},"weekday-1-long":{"_":"Pondelok"},"weekday-2-long":{"_":"Utorok"},"weekday-3-long":{"_":"Streda"},"weekday-4-long":{"_":"Štvrtok"},"weekday-5-long":{"_":"Piatok"},"weekday-6-long":{"_":"Sobota"},"weekday-0-short":{"_":"Ne"},"weekday-1-short":{"_":"Po"},"weekday-2-short":{"_":"Ut"},"weekday-3-short":{"_":"St"},"weekday-4-short":{"_":"Št"},"weekday-5-short":{"_":"Pi"},"weekday-6-short":{"_":"So"},"month-0-long":{"_":"Január"},"month-1-long":{"_":"Február"},"month-2-long":{"_":"Marec"},"month-3-long":{"_":"Apríl"},"month-4-long":{"_":"Máj"},"month-5-long":{"_":"Jún"},"month-6-long":{"_":"Júl"},"month-7-long":{"_":"August"},"month-8-long":{"_":"September"},"month-9-long":{"_":"Október"},"month-10-long":{"_":"November"},"month-11-long":{"_":"December"},"month-0-genitive":{"_":"januára"},"month-1-genitive":{"_":"februára"},"month-2-genitive":{"_":"marca"},"month-3-genitive":{"_":"apríla"},"month-4-genitive":{"_":"mája"},"month-5-genitive":{"_":"júna"},"month-6-genitive":{"_":"júla"},"month-7-genitive":{"_":"augusta"},"month-8-genitive":{"_":"septembra"},"month-9-genitive":{"_":"októbra"},"month-10-genitive":{"_":"novembra"},"month-11-genitive":{"_":"decembra"},"month-0-short":{"_":"jan"},"month-1-short":{"_":"feb"},"month-2-short":{"_":"mar"},"month-3-short":{"_":"apr"},"month-4-short":{"_":"máj"},"month-5-short":{"_":"jún"},"month-6-short":{"_":"júl"},"month-7-short":{"_":"aug"},"month-8-short":{"_":"sep"},"month-9-short":{"_":"okt"},"month-10-short":{"_":"nov"},"month-11-short":{"_":"dec"},"minutes-ago-long":{"_":"{[ plural(value) ]}","_[zero]":"teraz","_[one]":"pred minútou","_[two]":"pred {{value}} minútami","_[few]":"pred {{value}} minútami","_[many]":"pred {{value}} minútami","_[other]":"pred {{value}} minútami"},"hours-ago-long":{"_":"{[ plural(value) ]}","_[zero]":"teraz","_[one]":"pred hodinou","_[two]":"pred {{value}} hodinami","_[few]":"pred {{value}} hodinami","_[many]":"pred {{value}} hodinami","_[other]":"pred {{value}} hodinami"},"days-ago-long":{"_":"{[ plural(value) ]}","_[zero]":"dnes","_[one]":"včera","_[two]":"pred {{value}} dňami","_[few]":"pred {{value}} dňami","_[many]":"pred {{value}} dňami","_[other]":"pred {{value}} dňami"},"weeks-ago-long":{"_":"{[ plural(value) ]}","_[zero]":"tento týždeň","_[one]":"minulý týždeň","_[two]":"pred {{value}} týždňami","_[few]":"pred {{value}} týždňami","_[many]":"pred {{value}} týždňami","_[other]":"pred {{value}} týždňami"},"months-ago-long":{"_":"{[ plural(value) ]}","_[zero]":"tento mesiac","_[one]":"minulý mesiac","_[two]":"pred {{value}} mesiacmi","_[few]":"pred {{value}} mesiacmi","_[many]":"pred {{value}} mesiacmi","_[other]":"pred {{value}} mesiacmi"},"years-ago-long":{"_":"{[ plural(value) ]}","_[zero]":"tento rok","_[one]":"minulý rok","_[two]":"pred {{value}} rokmi","_[few]":"pred {{value}} rokmi","_[many]":"pred {{value}} rokmi","_[other]":"pred {{value}} rokmi"},"minutes-until-long":{"_":"{[ plural(value) ]}","_[zero]":"teraz","_[one]":"o minútu","_[two]":"o {{value}} minúty","_[few]":"o {{value}} minúty","_[many]":"o {{value}} minút","_[other]":"o {{value}} minút"},"hours-until-long":{"_":"{[ plural(value) ]}","_[zero]":"teraz","_[one]":"o hodinu","_[two]":"o {{value}} hodiny","_[few]":"o {{value}} hodiny","_[many]":"o {{value}} hodín","_[other]":"o {{value}} hodín"},"days-until-long":{"_":"{[ plural(value) ]}","_[zero]":"dnes","_[one]":"zajtra","_[two]":"o {{value}} dni","_[few]":"o {{value}} dni","_[many]":"o {{value}} dní","_[other]":"o {{value}} dní"},"weeks-until-long":{"_":"{[ plural(value) ]}","_[zero]":"tento týždeň","_[one]":"budúci týždeň","_[two]":"o {{value}} týždne","_[few]":"o {{value}} týždne","_[many]":"o {{value}} týždňov","_[other]":"o {{value}} týždňov"},"months-until-long":{"_":"{[ plural(value) ]}","_[zero]":"tento mesiac","_[one]":"budúci mesiac","_[two]":"o {{value}} mesiace","_[few]":"o {{value}} mesiace","_[many]":"o {{value}} mesiacov","_[other]":"o {{value}} mesiacov"},"years-until-long":{"_":"{[ plural(value) ]}","_[zero]":"tento rok","_[one]":"budúci rok","_[two]":"o {{value}} roky","_[few]":"o {{value}} roky","_[many]":"o {{value}} rokov","_[other]":"o {{value}} rokov"},"minutes-ago-short":{"_":"{[ plural(value) ]}","_[zero]":"teraz","_[other]":"pred {{value}}m"},"hours-ago-short":{"_":"{[ plural(value) ]}","_[zero]":"teraz","_[other]":"pred {{value}}h"},"days-ago-short":{"_":"{[ plural(value) ]}","_[zero]":"dnes","_[other]":"pred {{value}}d"},"minutes-until-short":{"_":"{[ plural(value) ]}","_[zero]":"teraz","_[other]":"o {{value}}m"},"hours-until-short":{"_":"{[ plural(value) ]}","_[zero]":"teraz","_[other]":"o {{value}}h"},"days-until-short":{"_":"{[ plural(value) ]}","_[zero]":"dnes","_[other]":"o {{value}}d"},"incorrectDate":{"_":"(neplatný dátum)"},"dateTimeFormat_%c":{"_":"%a, %e. %b %Y %H:%M:%S"},"dateTimeFormat_%x":{"_":"%d.%m.%Y"},"dateTimeFormat_%X":{"_":"%H:%M:%S"},"shortTimeFormat":{"_":"%H:%M"},"shortDateTimeFormat":{"_":"%x %H:%M"},"weekStartsOnMonday":{"_":"1"},"time_am":{"_":"AM"},"time_pm":{"_":"PM"}}