{"Showbiz":{"_":"Showbiz"},"Social":{"_":"Social"},"Games":{"_":"Lojëra"},"Music":{"_":"Muzikë"},"add-to-home-screen":{"_":"Shtoje te Skena e Kreut"},"add-to-home-screen-header":{"_":"Shtoni lidhje"},"website-name":{"_":"Emër sajti Web"},"address":{"_":"Adresë"},"added-to-home-screen":{"_":"U shtua te Skena e Kreut"},"wrapper-search-name":{"_":"{{topic}} te {{name}}"},"contextmenu-add-wallpaper":{"_":"Ndryshoni Sfondin"},"contextmenu-add-smart-collections":{"_":"Shtoni Koleksione të Mençur"},"delete-title":{"_":"Fshini {{name}}"},"delete-body":{"_":"{{name}} dhe krejt të dhënat e lidhura me të do të fshihen."},"delete":{"_":"Fshije"},"cancel":{"_":"Anuloje"},"remove-title-2":{"_":"Hiqni {{name}}"},"remove-body":{"_":"Të hiqet {{name}} prej skenës së kreut?"},"remove":{"_":"Hiqe"},"longDateFormat":{"_":"%A, %e %B"},"download":{"_":"Shkarkoje"},"restart-download-title":{"_":"Rinisni Shkarkimin"},"restart-download-body":{"_":"Doni të shkarkohet {{name}}?"},"loadingEvme2":{"_":"Po ngarkohet…"},"evme-searchbar-default":{"_":"Gjithçka…","placeholder":"Po mendohem për…"},"evme-searchbar-default2":{"_":"Po mendohem për…","placeholder":"Po mendohem për…"},"evme-searchbar-clear":{"_":"Mbrapsht"},"evme-searchbar-title":{"_":"Gjithçka"},"evme-helper-default":{"_":"Jepni kërkesë për çfarëdo teme ose kërkim"},"evme-helper-default2":{"_":"Jepni çfarëdo teme ose fjalëkyç"},"evme-helper-dismiss":{"_":"Hidhe tej"},"evme-helper-no-refine":{"_":"Nuk u gjetën opsione"},"evme-helper-history-title":{"_":"Historik:"},"evme-helper-history-link":{"_":"Historik"},"evme-helper-history-clear":{"_":"Pastroje historikun"},"evme-helper-didyoumean-title":{"_":"Donit të thonit:"},"evme-helper-refine-title":{"_":"Donit të thonit:"},"evme-helper-title-prefix":{"_":"Gjithçka"},"evme-helper-title-empty":{"_":"Gjithçka"},"evme-apps-market-download":{"_":"Shkarkoje"},"evme-apps-market-more-apps":{"_":"Më tepër zbatime"},"evme-apps-loading-app":{"_":"Po ngarkohet…"},"evme-appsmore-loading":{"_":"Po ngarkohet…"},"evme-alert-app-install-confirm":{"_":"Të shtohet {{name}} te Skena e Kreut?"},"evme-alert-app-install-exists":{"_":"{{name}} qe shtuar tashmë te Skena e Kreut"},"evme-alert-offline-smart-collections-more":{"_":"Lidhuni në internet që të shtoni Koleksione të tjerë të Mençur"},"evme-alert-save-wallpaper":{"_":"Të caktohet si sfond?"},"evme-alert-no-more-smart-collections":{"_":"Pa Koleksione të Mençur për shtim"},"evme-banner-app-install-success":{"_":"{{name}} u shtua te Skena e Kreut"},"evme-banner-save-wallpaper":{"_":"Sfondi u caktua me sukses"},"evme-shortcuts-more":{"_":"Më tepër"},"evme-collectionssuggest-loading":{"_":"Po ngarkohet…"},"evme-collectionssuggest-loading-cancel":{"_":"Anuloje"},"evme-collectionssuggest-prompt-create-custom":{"_":"Krijoni Koleksionin tuaj të Mençur"},"evme-backgroundimage-source-label":{"_":"Burim:"},"evme-collection-title-prefix":{"_":"Gjithçka"},"evme-collection-title-suffix":{"_":"Telefon"},"evme-collection-loading-more":{"_":"Po ngarkohen…"},"evme-connectionmessage-apps":{"_":"Lidhuni në Internet që të merrni zbatime për {{query}}"},"evme-connectionmessage-apps-has-installed":{"_":"Lidhuni në Internet që të merrni edhe më shumë zbatime për {{query}}"},"evme-tips-app-explain":{"innerHTML":"Gjeni gjërat që doni me zbatimet më të hijshme."},"evme-tips-searchbar-focus":{"innerHTML":"Për shembull, gjeni këngëtarin ose grupin tuaj të zemrës…"},"evme-tips-exact-results":{"innerHTML":"Këto janë zbatimet për <b>{{query}}</b>,<br /><br /> prekni cilëndo prej ikonave që të hapet."},"evme-shortcut-custom":{"_":"Vetjake..."},"evme-shortcut-id-astrology":{"_":"Astrologji"},"evme-shortcut-id-autos":{"_":"Automjete"},"evme-shortcut-id-beauty":{"_":"Bukuri"},"evme-shortcut-id-books":{"_":"Libra"},"evme-shortcut-id-celebs":{"_":"Të famshëm"},"evme-shortcut-id-daily-deals":{"_":"Okazione"},"evme-shortcut-id-dating":{"_":"Takime"},"evme-shortcut-id-electronics":{"_":"Elektronikë"},"evme-shortcut-id-email":{"_":"Email"},"evme-shortcut-id-entertainment":{"_":"Spektakël"},"evme-shortcut-id-environment":{"_":"Mjedis"},"evme-shortcut-id-fashion":{"_":"Modë"},"evme-shortcut-id-funny":{"_":"Zbavitëse"},"evme-shortcut-id-games":{"_":"Lojëra"},"evme-shortcut-id-government":{"_":"Qeveri"},"evme-shortcut-id-health":{"_":"Shëndet"},"evme-shortcut-id-jobs":{"_":"Punësime"},"evme-shortcut-id-local":{"_":"Vendore"},"evme-shortcut-id-maps":{"_":"Harta"},"evme-shortcut-id-movies":{"_":"Filma"},"evme-shortcut-id-music":{"_":"Muzikë"},"evme-shortcut-id-new-apps":{"_":"Zbatime të Reja"},"evme-shortcut-id-news":{"_":"Lajme"},"evme-shortcut-id-photography":{"_":"Fotografi"},"evme-shortcut-id-recipes":{"_":"Receta gatimesh"},"evme-shortcut-id-restaurants":{"_":"Restorante"},"evme-shortcut-id-shopping":{"_":"Blerje"},"evme-shortcut-id-social":{"_":"Social"},"evme-shortcut-id-sports":{"_":"Sport"},"evme-shortcut-id-tech-news":{"_":"Lajme Teknologjie"},"evme-shortcut-id-top-apps":{"_":"Zbatimet Kryesuese"},"evme-shortcut-id-travel":{"_":"Udhëtime"},"evme-shortcut-id-tv":{"_":"TV"},"evme-shortcut-id-video":{"_":"Video"},"evme-shortcut-id-utilities":{"_":"Të dobishme"},"evme-shortcut-id-weather":{"_":"Moti"},"evme-add-to-top-of-collection":{"_":"Shtoje në krye të koleksionit"},"evme-save-to-homescreen":{"_":"Ruaje te Kreu"},"edit-dialog-header":{"_":"Përpunoni"},"edit-dialog-name":{"_":"Emër sajti Web"},"edit-dialog-url":{"_":"Adresë"},"edit-dialog-cancel":{"_":"Anuloje"},"edit-dialog-done":{"_":"U bë"},"weekday-0-long":{"_":"E diel"},"weekday-1-long":{"_":"E hënë"},"weekday-2-long":{"_":"E martë"},"weekday-3-long":{"_":"E mërkurë"},"weekday-4-long":{"_":"E enjte"},"weekday-5-long":{"_":"E premte"},"weekday-6-long":{"_":"E shtunë"},"weekday-0-short":{"_":"Die"},"weekday-1-short":{"_":"Hën"},"weekday-2-short":{"_":"Mar"},"weekday-3-short":{"_":"Mër"},"weekday-4-short":{"_":"Enj"},"weekday-5-short":{"_":"Pre"},"weekday-6-short":{"_":"Sht"},"month-0-long":{"_":"Janar"},"month-1-long":{"_":"Shkurt"},"month-2-long":{"_":"Mars"},"month-3-long":{"_":"Prill"},"month-4-long":{"_":"Maj"},"month-5-long":{"_":"Qershor"},"month-6-long":{"_":"Korrik"},"month-7-long":{"_":"Gusht"},"month-8-long":{"_":"Shtator"},"month-9-long":{"_":"Tetor"},"month-10-long":{"_":"Nëntor"},"month-11-long":{"_":"Dhjetor"},"month-0-genitive":{"_":"të Janarit"},"month-1-genitive":{"_":"të Shkurtit"},"month-2-genitive":{"_":"të Marsit"},"month-3-genitive":{"_":"të Prillit"},"month-4-genitive":{"_":"të Majit"},"month-5-genitive":{"_":"të Qershorit"},"month-6-genitive":{"_":"të Korrikut"},"month-7-genitive":{"_":"të Gushtit"},"month-8-genitive":{"_":"të Shtatorit"},"month-9-genitive":{"_":"të Tetorit"},"month-10-genitive":{"_":"të Nëntorit"},"month-11-genitive":{"_":"të Dhjetorit"},"month-0-short":{"_":"Jan"},"month-1-short":{"_":"Shk"},"month-2-short":{"_":"Mar"},"month-3-short":{"_":"Pri"},"month-4-short":{"_":"Maj"},"month-5-short":{"_":"Qer"},"month-6-short":{"_":"Kor"},"month-7-short":{"_":"Gus"},"month-8-short":{"_":"Sht"},"month-9-short":{"_":"Tet"},"month-10-short":{"_":"Nën"},"month-11-short":{"_":"Dhj"},"minutes-ago-long":{"_":"{[ plural(value) ]}","_[zero]":"mu tani","_[one]":"një minutë më parë","_[two]":"{{value}} minuta më parë","_[few]":"{{value}} minuta më parë","_[many]":"{{value}} minuta më parë","_[other]":"{{value}} minuta më parë"},"hours-ago-long":{"_":"{[ plural(value) ]}","_[zero]":"mu tani","_[one]":"një orë më parë","_[two]":"{{value}} orë më parë","_[few]":"{{value}} orë më parë","_[many]":"{{value}} orë më parë","_[other]":"{{value}} orë më parë"},"days-ago-long":{"_":"{[ plural(value) ]}","_[zero]":"sot","_[one]":"dje","_[two]":"{{value}} ditë më parë","_[few]":"{{value}} ditë më parë","_[many]":"{{value}} ditë më parë","_[other]":"{{value}} ditë më parë"},"weeks-ago-long":{"_":"{[ plural(value) ]}","_[zero]":"këtë javë","_[one]":"javën e kaluar","_[two]":"{{value}} javë më parë","_[few]":"{{value}} javë më parë","_[many]":"{{value}} javë më parë","_[other]":"{{value}} javë më parë"},"months-ago-long":{"_":"{[ plural(value) ]}","_[zero]":"këtë muaj","_[one]":"muajin e kaluar","_[two]":"{{value}} muaj më parë","_[few]":"{{value}} muaj më parë","_[many]":"{{value}} muaj më parë","_[other]":"{{value}} muaj më parë"},"years-ago-long":{"_":"{[ plural(value) ]}","_[zero]":"këtë vit","_[one]":"vitin e kaluar","_[two]":"{{value}} vite më parë","_[few]":"{{value}} vite më parë","_[many]":"{{value}} vite më parë","_[other]":"{{value}} vite më parë"},"minutes-until-long":{"_":"{[ plural(value) ]}","_[zero]":"tani","_[one]":"për një minutë","_[two]":"për {{value}} minuta","_[few]":"për {{value}} minuta","_[many]":"për {{value}} minuta","_[other]":"për {{value}} minuta"},"hours-until-long":{"_":"{[ plural(value) ]}","_[zero]":"tani","_[one]":"për një orë","_[two]":"për {{value}} orë","_[few]":"për {{value}} orë","_[many]":"për {{value}} orë","_[other]":"për {{value}} orë"},"days-until-long":{"_":"{[ plural(value) ]}","_[zero]":"sot","_[one]":"nesër","_[two]":"për {{value}} ditë","_[few]":"për {{value}} ditë","_[many]":"për {{value}} ditë","_[other]":"për {{value}} ditë"},"weeks-until-long":{"_":"{[ plural(value) ]}","_[zero]":"këtë javë","_[one]":"javën pasuese","_[two]":"për {{value}} javë","_[few]":"për {{value}} javë","_[many]":"për {{value}} javë","_[other]":"për {{value}} javë"},"months-until-long":{"_":"{[ plural(value) ]}","_[zero]":"këtë muaj","_[one]":"muajin pasues","_[two]":"për {{value}} muaj","_[few]":"për {{value}} muaj","_[many]":"për {{value}} muaj","_[other]":"për {{value}} muaj"},"years-until-long":{"_":"{[ plural(value) ]}","_[zero]":"këtë vit","_[one]":"vitin pasues","_[two]":"për {{value}} vjet","_[few]":"për {{value}} vjet","_[many]":"për {{value}} vjet","_[other]":"për {{value}} vjet"},"minutes-ago-short":{"_":"{[ plural(value) ]}","_[zero]":"mu tani","_[other]":"{{value}}m më parë"},"hours-ago-short":{"_":"{[ plural(value) ]}","_[zero]":"mu tani","_[other]":"{{value}}h më parë"},"days-ago-short":{"_":"{[ plural(value) ]}","_[zero]":"sot","_[other]":"{{value}}d më parë"},"minutes-until-short":{"_":"{[ plural(value) ]}","_[zero]":"tani","_[other]":"për {{value}}m"},"hours-until-short":{"_":"{[ plural(value) ]}","_[zero]":"tani","_[other]":"për {{value}}h"},"days-until-short":{"_":"{[ plural(value) ]}","_[zero]":"sot","_[other]":"për {{value}}d"},"incorrectDate":{"_":"(datë e pasaktë)"},"dateTimeFormat_%c":{"_":"%a %e %b %Y %I:%M:%S %p"},"dateTimeFormat_%x":{"_":"%m/%d/%Y"},"dateTimeFormat_%X":{"_":"%I:%M:%S %p"},"shortTimeFormat":{"_":"%I:%M %p"},"shortDateTimeFormat":{"_":"%x %I:%M %p"},"weekStartsOnMonday":{"_":"0"},"time_am":{"_":"AM"},"time_pm":{"_":"PM"}}