{"Showbiz":{"_":"Шоубизнис"},"Social":{"_":"Друштвено"},"Games":{"_":"Игрице"},"Music":{"_":"Музика"},"add-to-home-screen":{"_":"Add to Home Screen"},"add-to-home-screen-header":{"_":"Add link"},"website-name":{"_":"Website name"},"address":{"_":"Address"},"added-to-home-screen":{"_":"Added to Home Screen"},"wrapper-search-name":{"_":"{{topic}} на {{name}}"},"contextmenu-add-wallpaper":{"_":"Промени позадинску слику"},"contextmenu-add-smart-collections":{"_":"Додај колекције"},"delete-title":{"_":"Обриши {{name}}"},"delete-body":{"_":"{{name}} и сви његови подаци ће бити обрисани."},"delete":{"_":"Обриши"},"cancel":{"_":"Откажи"},"remove-title-2":{"_":"Уклони {{name}}"},"remove-body":{"_":"Уклонити {{name}} са почетног екрана?"},"remove":{"_":"Уклони"},"longDateFormat":{"_":"%A, %e %B"},"download":{"_":"Преузми"},"restart-download-title":{"_":"Поново покрени преузимање"},"restart-download-body":{"_":"Да ли желите да преузмете {{name}}?"},"loadingEvme2":{"_":"Учитавање…"},"evme-searchbar-default":{"_":"Све…","placeholder":"Мислим о…"},"evme-searchbar-default2":{"_":"Мислим о…","placeholder":"Мислим о…"},"evme-searchbar-clear":{"_":"Назад"},"evme-searchbar-title":{"_":"Свему"},"evme-helper-default":{"_":"Упишите било коју тему или појам"},"evme-helper-default2":{"_":"Упишите било коју тему или појам"},"evme-helper-dismiss":{"_":"Откажи"},"evme-helper-no-refine":{"_":"Нема пронађених могућности"},"evme-helper-history-title":{"_":"Историја:"},"evme-helper-history-link":{"_":"Историја"},"evme-helper-history-clear":{"_":"Очисти историју"},"evme-helper-didyoumean-title":{"_":"Да ли сте мислили:"},"evme-helper-refine-title":{"_":"Да ли сте мислили:"},"evme-helper-title-prefix":{"_":"Све"},"evme-helper-title-empty":{"_":"Све"},"evme-apps-market-download":{"_":"Преузми"},"evme-apps-market-more-apps":{"_":"Још апликација"},"evme-apps-loading-app":{"_":"Учитавање…"},"evme-appsmore-loading":{"_":"Учитавање…"},"evme-alert-app-install-confirm":{"_":"Додај {{name}} почетном екрану?"},"evme-alert-app-install-exists":{"_":"{{name}} је већ додато на почетни екран"},"evme-alert-offline-smart-collections-more":{"_":"Повежите се на интернет да бисте додали још колекција"},"evme-alert-save-wallpaper":{"_":"Постави позадину?"},"evme-alert-no-more-smart-collections":{"_":"Нема колекција за додавање"},"evme-banner-app-install-success":{"_":"{{name}} је додат почетном екрану"},"evme-banner-save-wallpaper":{"_":"Позадинa је успешно постављена"},"evme-shortcuts-more":{"_":"Још"},"evme-collectionssuggest-loading":{"_":"Учитавање..."},"evme-collectionssuggest-loading-cancel":{"_":"Откажи"},"evme-collectionssuggest-prompt-create-custom":{"_":"Направите своју колекцију"},"evme-backgroundimage-source-label":{"_":"Извор:"},"evme-collection-title-prefix":{"_":"Све"},"evme-collection-title-suffix":{"_":"Телефон"},"evme-collection-loading-more":{"_":"Учитавање…"},"evme-connectionmessage-apps":{"_":"Повежите се на интернет да добавите апликације за {{query}}"},"evme-connectionmessage-apps-has-installed":{"_":"Повежите се на интернет да добавите још апликација за {{query}}"},"evme-tips-app-explain":{"innerHTML":"Пронађите ствари које волите уз помоћ најбољих апликација."},"evme-tips-searchbar-focus":{"innerHTML":"На пример, пронађите омиљеног певача или групу…"},"evme-tips-exact-results":{"innerHTML":"Ово су апликације за <b>{{query}}</b>,<br /><br /> притисните било коју иконицу да је отворите."},"evme-shortcut-custom":{"_":"Произвољно..."},"evme-shortcut-id-astrology":{"_":"Астрологија"},"evme-shortcut-id-autos":{"_":"Возила"},"evme-shortcut-id-beauty":{"_":"Лепота"},"evme-shortcut-id-books":{"_":"Књиге"},"evme-shortcut-id-celebs":{"_":"Славни"},"evme-shortcut-id-daily-deals":{"_":"Дневне понуде"},"evme-shortcut-id-dating":{"_":"Састанци"},"evme-shortcut-id-electronics":{"_":"Електроника"},"evme-shortcut-id-email":{"_":"Е-пошта"},"evme-shortcut-id-entertainment":{"_":"Забава"},"evme-shortcut-id-environment":{"_":"Окружење"},"evme-shortcut-id-fashion":{"_":"Мода"},"evme-shortcut-id-funny":{"_":"Смешно"},"evme-shortcut-id-games":{"_":"Игрице"},"evme-shortcut-id-government":{"_":"Влада"},"evme-shortcut-id-health":{"_":"Здравље"},"evme-shortcut-id-jobs":{"_":"Послови"},"evme-shortcut-id-local":{"_":"Локално"},"evme-shortcut-id-maps":{"_":"Мапе"},"evme-shortcut-id-movies":{"_":"Филмови"},"evme-shortcut-id-music":{"_":"Музика"},"evme-shortcut-id-new-apps":{"_":"Нове апликације"},"evme-shortcut-id-news":{"_":"Вести"},"evme-shortcut-id-photography":{"_":"Слике"},"evme-shortcut-id-recipes":{"_":"Рецепти"},"evme-shortcut-id-restaurants":{"_":"Ресторани"},"evme-shortcut-id-shopping":{"_":"Куповина"},"evme-shortcut-id-social":{"_":"Друштвене"},"evme-shortcut-id-sports":{"_":"Спорт"},"evme-shortcut-id-tech-news":{"_":"Вести из технике"},"evme-shortcut-id-top-apps":{"_":"Најбоље апликације"},"evme-shortcut-id-travel":{"_":"Путовања"},"evme-shortcut-id-tv":{"_":"ТV"},"evme-shortcut-id-video":{"_":"Видео"},"evme-shortcut-id-utilities":{"_":"Услужне апликације"},"evme-shortcut-id-weather":{"_":"Временске прогнозе"},"evme-add-to-top-of-collection":{"_":"Додај на врх колекције"},"evme-save-to-homescreen":{"_":"Сними на почетни екран"},"edit-dialog-header":{"_":"Измена"},"edit-dialog-name":{"_":"Име веб сајта"},"edit-dialog-url":{"_":"Адреса"},"edit-dialog-cancel":{"_":"Откажи"},"edit-dialog-done":{"_":"Готово"},"weekday-0-long":{"_":"Недеља"},"weekday-1-long":{"_":"Понедељак"},"weekday-2-long":{"_":"Уторак"},"weekday-3-long":{"_":"Среда"},"weekday-4-long":{"_":"Четвртак"},"weekday-5-long":{"_":"Петак"},"weekday-6-long":{"_":"Субота"},"weekday-0-short":{"_":"Нед"},"weekday-1-short":{"_":"Пон"},"weekday-2-short":{"_":"Уто"},"weekday-3-short":{"_":"Сре"},"weekday-4-short":{"_":"Чет"},"weekday-5-short":{"_":"Пет"},"weekday-6-short":{"_":"Суб"},"month-0-long":{"_":"јануар"},"month-1-long":{"_":"фебруар"},"month-2-long":{"_":"март"},"month-3-long":{"_":"април"},"month-4-long":{"_":"мај"},"month-5-long":{"_":"јун"},"month-6-long":{"_":"јул"},"month-7-long":{"_":"август"},"month-8-long":{"_":"септембар"},"month-9-long":{"_":"октобар"},"month-10-long":{"_":"новембар"},"month-11-long":{"_":"децембар"},"month-0-genitive":{"_":"јануара"},"month-1-genitive":{"_":"фебруара"},"month-2-genitive":{"_":"марта"},"month-3-genitive":{"_":"априла"},"month-4-genitive":{"_":"маја"},"month-5-genitive":{"_":"јуна"},"month-6-genitive":{"_":"јула"},"month-7-genitive":{"_":"августа"},"month-8-genitive":{"_":"септембра"},"month-9-genitive":{"_":"октобра"},"month-10-genitive":{"_":"новембра"},"month-11-genitive":{"_":"децембра"},"month-0-short":{"_":"јан"},"month-1-short":{"_":"феб"},"month-2-short":{"_":"мар"},"month-3-short":{"_":"апр"},"month-4-short":{"_":"мај"},"month-5-short":{"_":"јун"},"month-6-short":{"_":"јул"},"month-7-short":{"_":"авг"},"month-8-short":{"_":"сеп"},"month-9-short":{"_":"окт"},"month-10-short":{"_":"нов"},"month-11-short":{"_":"дец"},"minutes-ago-long":{"_":"{[ plural(value) ]}","_[zero]":"управо","_[one]":"пре минут","_[two]":"пре {{value}} минута","_[few]":"пре {{value}} минута","_[many]":"пре {{value}} минута","_[other]":"пре {{value}} минута"},"hours-ago-long":{"_":"{[ plural(value) ]}","_[zero]":"управо","_[one]":"пре сат времена","_[two]":"пре {{value}} сата","_[few]":"пре {{value}} сати","_[many]":"пре {{value}} сати","_[other]":"пре {{value}} сати"},"days-ago-long":{"_":"{[ plural(value) ]}","_[zero]":"данас","_[one]":"јуче","_[two]":"пре {{value}} дана","_[few]":"пре {{value}} дана","_[many]":"пре {{value}} дана","_[other]":"пре {{value}} дана"},"weeks-ago-long":{"_":"{[ plural(value) ]}","_[zero]":"ове недеље","_[one]":"прошле недеље","_[two]":"пре {{value}} недеље","_[few]":"пре {{value}} недеља","_[many]":"пре {{value}} недеља","_[other]":"пре {{value}} недеља"},"months-ago-long":{"_":"{[ plural(value) ]}","_[zero]":"овог месеца","_[one]":"прошлог месеца","_[two]":"пре {{value}} месеца","_[few]":"пре {{value}} месеци","_[many]":"пре {{value}} месеци","_[other]":"пре {{value}} месеци"},"years-ago-long":{"_":"{[ plural(value) ]}","_[zero]":"ове године","_[one]":"прошле године","_[two]":"пре {{value}} године","_[few]":"пре {{value}} година","_[many]":"пре {{value}} година","_[other]":"пре {{value}} година"},"minutes-until-long":{"_":"{[ plural(value) ]}","_[zero]":"управо","_[one]":"за један минут","_[two]":"за {{value}} минута","_[few]":"за {{value}} минута","_[many]":"за {{value}} минута","_[other]":"за {{value}} минута"},"hours-until-long":{"_":"{[ plural(value) ]}","_[zero]":"управо","_[one]":"за сат времена","_[two]":"за {{value}} сата","_[few]":"за {{value}} сати","_[many]":"за {{value}} сати","_[other]":"за {{value}} сати"},"days-until-long":{"_":"{[ plural(value) ]}","_[zero]":"данас","_[one]":"сутра","_[two]":"за {{value}} дана","_[few]":"за {{value}} дана","_[many]":"за {{value}} дана","_[other]":"за {{value}} дана"},"weeks-until-long":{"_":"{[ plural(value) ]}","_[zero]":"ове недеље","_[one]":"следеће недеље","_[two]":"за {{value}} недеље","_[few]":"за {{value}} недеља","_[many]":"за {{value}} недеља","_[other]":"за {{value}} недеља"},"months-until-long":{"_":"{[ plural(value) ]}","_[zero]":"овог месеца","_[one]":"следећег месеца","_[two]":"за {{value}} месеца","_[few]":"за {{value}} месеци","_[many]":"за {{value}} месеци","_[other]":"за {{value}} месеци"},"years-until-long":{"_":"{[ plural(value) ]}","_[zero]":"ове године","_[one]":"следеће године","_[two]":"за {{value}} године","_[few]":"за {{value}} година","_[many]":"за {{value}} година","_[other]":"за {{value}} година"},"minutes-ago-short":{"_":"{[ plural(value) ]}","_[zero]":"управо","_[other]":"пре {{value}}м"},"hours-ago-short":{"_":"{[ plural(value) ]}","_[zero]":"управо","_[other]":"пре {{value}}с"},"days-ago-short":{"_":"{[ plural(value) ]}","_[zero]":"данас","_[other]":"пре {{value}}д"},"minutes-until-short":{"_":"{[ plural(value) ]}","_[zero]":"управо","_[other]":"за {{value}}м"},"hours-until-short":{"_":"{[ plural(value) ]}","_[zero]":"управо","_[other]":"за {{value}}с"},"days-until-short":{"_":"{[ plural(value) ]}","_[zero]":"данас","_[other]":"за {{value}}д"},"incorrectDate":{"_":"(нетачан датум)"},"dateTimeFormat_%c":{"_":"%a %e %b %Y %H:%M:%S"},"dateTimeFormat_%x":{"_":"%d.%m.%Y"},"dateTimeFormat_%X":{"_":"%H:%M:%S"},"shortTimeFormat":{"_":"%H:%M"},"shortDateTimeFormat":{"_":"%x %H:%M"},"weekStartsOnMonday":{"_":"1"},"time_am":{"_":"AM"},"time_pm":{"_":"PM"}}