{"Showbiz":{"_":"Šoubiznis"},"Social":{"_":"Društveno"},"Games":{"_":"Igrice"},"Music":{"_":"Muzika"},"add-to-home-screen":{"_":"Add to Home Screen"},"add-to-home-screen-header":{"_":"Add link"},"website-name":{"_":"Website name"},"address":{"_":"Address"},"added-to-home-screen":{"_":"Added to Home Screen"},"wrapper-search-name":{"_":"{{topic}} na {{name}}"},"contextmenu-add-wallpaper":{"_":"Promeni pozadinsku sliku"},"contextmenu-add-smart-collections":{"_":"Dodaj kolekcije"},"delete-title":{"_":"Obriši {{name}}"},"delete-body":{"_":"{{name}} i svi njegovi podaci će biti obrisani."},"delete":{"_":"Obriši"},"cancel":{"_":"Otkaži"},"remove-title-2":{"_":"Ukloni {{name}}"},"remove-body":{"_":"Ukloniti {{name}} sa početnog ekrana?"},"remove":{"_":"Ukloni"},"longDateFormat":{"_":"%A, %e %B"},"download":{"_":"Preuzmi"},"restart-download-title":{"_":"Ponovo pokreni preuzimanje"},"restart-download-body":{"_":"Da li želite da preuzmete {{name}}?"},"loadingEvme2":{"_":"Učitavanje…"},"evme-searchbar-default":{"_":"Sve…","placeholder":"Mislim o…"},"evme-searchbar-default2":{"_":"Mislim o…","placeholder":"Mislim o…"},"evme-searchbar-clear":{"_":"Nazad"},"evme-searchbar-title":{"_":"Svemu"},"evme-helper-default":{"_":"Upišite bilo koju temu ili pojam"},"evme-helper-default2":{"_":"Upišite bilo koju temu ili pojam"},"evme-helper-dismiss":{"_":"Otkaži"},"evme-helper-no-refine":{"_":"Nema pronađenih mogućnosti"},"evme-helper-history-title":{"_":"Istorija:"},"evme-helper-history-link":{"_":"Istorija"},"evme-helper-history-clear":{"_":"Očisti istoriju"},"evme-helper-didyoumean-title":{"_":"Da li ste mislili:"},"evme-helper-refine-title":{"_":"Da li ste mislili:"},"evme-helper-title-prefix":{"_":"Sve"},"evme-helper-title-empty":{"_":"Sve"},"evme-apps-market-download":{"_":"Preuzmi"},"evme-apps-market-more-apps":{"_":"Još aplikacija"},"evme-apps-loading-app":{"_":"Učitavanje…"},"evme-appsmore-loading":{"_":"Učitavanje…"},"evme-alert-app-install-confirm":{"_":"Dodaj {{name}} početnom ekranu?"},"evme-alert-app-install-exists":{"_":"{{name}} je već dodato na početni ekran"},"evme-alert-offline-smart-collections-more":{"_":"Povežite se na internet da biste dodali još kolekcija"},"evme-alert-save-wallpaper":{"_":"Postavi pozadinu?"},"evme-alert-no-more-smart-collections":{"_":"Nema kolekcija za dodavanje"},"evme-banner-app-install-success":{"_":"{{name}} je dodat početnom ekranu"},"evme-banner-save-wallpaper":{"_":"Pozadina je uspešno postavljena"},"evme-shortcuts-more":{"_":"Još"},"evme-collectionssuggest-loading":{"_":"Učitavanje..."},"evme-collectionssuggest-loading-cancel":{"_":"Otkaži"},"evme-collectionssuggest-prompt-create-custom":{"_":"Napravite svoju kolekciju"},"evme-backgroundimage-source-label":{"_":"Izvor:"},"evme-collection-title-prefix":{"_":"Sve"},"evme-collection-title-suffix":{"_":"Telefon"},"evme-collection-loading-more":{"_":"Učitavanje…"},"evme-connectionmessage-apps":{"_":"Povežite se na internet da dobavite aplikacije za {{query}}"},"evme-connectionmessage-apps-has-installed":{"_":"Povežite se na internet da dobavite još aplikacija za {{query}}"},"evme-tips-app-explain":{"innerHTML":"Pronađite stvari koje volite uz pomoć najboljih aplikacija."},"evme-tips-searchbar-focus":{"innerHTML":"Na primer, pronađite omiljenog pevača ili grupu…"},"evme-tips-exact-results":{"innerHTML":"Ovo su aplikacije za <b>{{query}}</b>,<br /><br /> pritisnite bilo koju ikonicu da je otvorite."},"evme-shortcut-custom":{"_":"Proizvoljno..."},"evme-shortcut-id-astrology":{"_":"Astrologija"},"evme-shortcut-id-autos":{"_":"Vozila"},"evme-shortcut-id-beauty":{"_":"Lepota"},"evme-shortcut-id-books":{"_":"Knjige"},"evme-shortcut-id-celebs":{"_":"Slavni"},"evme-shortcut-id-daily-deals":{"_":"Dnevne ponude"},"evme-shortcut-id-dating":{"_":"Sastanci"},"evme-shortcut-id-electronics":{"_":"Elektronika"},"evme-shortcut-id-email":{"_":"E-pošta"},"evme-shortcut-id-entertainment":{"_":"Zabava"},"evme-shortcut-id-environment":{"_":"Okruženje"},"evme-shortcut-id-fashion":{"_":"Moda"},"evme-shortcut-id-funny":{"_":"Smešno"},"evme-shortcut-id-games":{"_":"Igrice"},"evme-shortcut-id-government":{"_":"Vlada"},"evme-shortcut-id-health":{"_":"Zdravlje"},"evme-shortcut-id-jobs":{"_":"Poslovi"},"evme-shortcut-id-local":{"_":"Lokalno"},"evme-shortcut-id-maps":{"_":"Mape"},"evme-shortcut-id-movies":{"_":"Filmovi"},"evme-shortcut-id-music":{"_":"Muzika"},"evme-shortcut-id-new-apps":{"_":"Nove aplikacije"},"evme-shortcut-id-news":{"_":"Vesti"},"evme-shortcut-id-photography":{"_":"Slike"},"evme-shortcut-id-recipes":{"_":"Recepti"},"evme-shortcut-id-restaurants":{"_":"Restorani"},"evme-shortcut-id-shopping":{"_":"Kupovina"},"evme-shortcut-id-social":{"_":"Društvene"},"evme-shortcut-id-sports":{"_":"Sport"},"evme-shortcut-id-tech-news":{"_":"Vesti iz tehnike"},"evme-shortcut-id-top-apps":{"_":"Najbolje aplikacije"},"evme-shortcut-id-travel":{"_":"Putovanja"},"evme-shortcut-id-tv":{"_":"TV"},"evme-shortcut-id-video":{"_":"Video"},"evme-shortcut-id-utilities":{"_":"Uslužne aplikacije"},"evme-shortcut-id-weather":{"_":"Vremenske prognoze"},"evme-add-to-top-of-collection":{"_":"Dodaj na vrh kolekcije"},"evme-save-to-homescreen":{"_":"Snimi na početni ekran"},"edit-dialog-header":{"_":"Izmena"},"edit-dialog-name":{"_":"Ime veb sajta"},"edit-dialog-url":{"_":"Adresa"},"edit-dialog-cancel":{"_":"Otkaži"},"edit-dialog-done":{"_":"Gotovo"},"weekday-0-long":{"_":"Nedelja"},"weekday-1-long":{"_":"Ponedeljak"},"weekday-2-long":{"_":"Utorak"},"weekday-3-long":{"_":"Sreda"},"weekday-4-long":{"_":"Četvrtak"},"weekday-5-long":{"_":"Petak"},"weekday-6-long":{"_":"Subota"},"weekday-0-short":{"_":"Ned"},"weekday-1-short":{"_":"Pon"},"weekday-2-short":{"_":"Uto"},"weekday-3-short":{"_":"Sre"},"weekday-4-short":{"_":"Čet"},"weekday-5-short":{"_":"Pet"},"weekday-6-short":{"_":"Sub"},"month-0-long":{"_":"januar"},"month-1-long":{"_":"februar"},"month-2-long":{"_":"mart"},"month-3-long":{"_":"april"},"month-4-long":{"_":"maj"},"month-5-long":{"_":"jun"},"month-6-long":{"_":"jul"},"month-7-long":{"_":"avgust"},"month-8-long":{"_":"septembar"},"month-9-long":{"_":"oktobar"},"month-10-long":{"_":"novembar"},"month-11-long":{"_":"decembar"},"month-0-genitive":{"_":"januara"},"month-1-genitive":{"_":"februara"},"month-2-genitive":{"_":"marta"},"month-3-genitive":{"_":"aprila"},"month-4-genitive":{"_":"maja"},"month-5-genitive":{"_":"juna"},"month-6-genitive":{"_":"jula"},"month-7-genitive":{"_":"avgusta"},"month-8-genitive":{"_":"septembra"},"month-9-genitive":{"_":"oktobra"},"month-10-genitive":{"_":"novembra"},"month-11-genitive":{"_":"decembra"},"month-0-short":{"_":"jan"},"month-1-short":{"_":"feb"},"month-2-short":{"_":"mar"},"month-3-short":{"_":"apr"},"month-4-short":{"_":"maj"},"month-5-short":{"_":"jun"},"month-6-short":{"_":"jul"},"month-7-short":{"_":"avg"},"month-8-short":{"_":"sep"},"month-9-short":{"_":"okt"},"month-10-short":{"_":"nov"},"month-11-short":{"_":"dec"},"minutes-ago-long":{"_":"{[ plural(value) ]}","_[zero]":"upravo","_[one]":"pre minut","_[two]":"pre {{value}} minuta","_[few]":"pre {{value}} minuta","_[many]":"pre {{value}} minuta","_[other]":"pre {{value}} minuta"},"hours-ago-long":{"_":"{[ plural(value) ]}","_[zero]":"upravo","_[one]":"pre sat vremena","_[two]":"pre {{value}} sata","_[few]":"pre {{value}} sati","_[many]":"pre {{value}} sati","_[other]":"pre {{value}} sati"},"days-ago-long":{"_":"{[ plural(value) ]}","_[zero]":"danas","_[one]":"juče","_[two]":"pre {{value}} dana","_[few]":"pre {{value}} dana","_[many]":"pre {{value}} dana","_[other]":"pre {{value}} dana"},"weeks-ago-long":{"_":"{[ plural(value) ]}","_[zero]":"ove nedelje","_[one]":"prošle nedelje","_[two]":"pre {{value}} nedelje","_[few]":"pre {{value}} nedelja","_[many]":"pre {{value}} nedelja","_[other]":"pre {{value}} nedelja"},"months-ago-long":{"_":"{[ plural(value) ]}","_[zero]":"ovog meseca","_[one]":"prošlog meseca","_[two]":"pre {{value}} meseca","_[few]":"pre {{value}} meseci","_[many]":"pre {{value}} meseci","_[other]":"pre {{value}} meseci"},"years-ago-long":{"_":"{[ plural(value) ]}","_[zero]":"ove godine","_[one]":"prošle godine","_[two]":"pre {{value}} godine","_[few]":"pre {{value}} godina","_[many]":"pre {{value}} godina","_[other]":"pre {{value}} godina"},"minutes-until-long":{"_":"{[ plural(value) ]}","_[zero]":"upravo","_[one]":"za jedan minut","_[two]":"za {{value}} minuta","_[few]":"za {{value}} minuta","_[many]":"za {{value}} minuta","_[other]":"za {{value}} minuta"},"hours-until-long":{"_":"{[ plural(value) ]}","_[zero]":"upravo","_[one]":"za sat vremena","_[two]":"za {{value}} sata","_[few]":"za {{value}} sati","_[many]":"za {{value}} sati","_[other]":"za {{value}} sati"},"days-until-long":{"_":"{[ plural(value) ]}","_[zero]":"danas","_[one]":"sutra","_[two]":"za {{value}} dana","_[few]":"za {{value}} dana","_[many]":"za {{value}} dana","_[other]":"za {{value}} dana"},"weeks-until-long":{"_":"{[ plural(value) ]}","_[zero]":"ove nedelje","_[one]":"sledeće nedelje","_[two]":"za {{value}} nedelje","_[few]":"za {{value}} nedelja","_[many]":"za {{value}} nedelja","_[other]":"za {{value}} nedelja"},"months-until-long":{"_":"{[ plural(value) ]}","_[zero]":"ovog meseca","_[one]":"sledećeg meseca","_[two]":"za {{value}} meseca","_[few]":"za {{value}} meseci","_[many]":"za {{value}} meseci","_[other]":"za {{value}} meseci"},"years-until-long":{"_":"{[ plural(value) ]}","_[zero]":"ove godine","_[one]":"sledeće godine","_[two]":"za {{value}} godine","_[few]":"za {{value}} godina","_[many]":"za {{value}} godina","_[other]":"za {{value}} godina"},"minutes-ago-short":{"_":"{[ plural(value) ]}","_[zero]":"upravo","_[other]":"pre {{value}}m"},"hours-ago-short":{"_":"{[ plural(value) ]}","_[zero]":"upravo","_[other]":"pre {{value}}s"},"days-ago-short":{"_":"{[ plural(value) ]}","_[zero]":"danas","_[other]":"pre {{value}}d"},"minutes-until-short":{"_":"{[ plural(value) ]}","_[zero]":"upravo","_[other]":"za {{value}}m"},"hours-until-short":{"_":"{[ plural(value) ]}","_[zero]":"upravo","_[other]":"za {{value}}s"},"days-until-short":{"_":"{[ plural(value) ]}","_[zero]":"danas","_[other]":"za {{value}}d"},"incorrectDate":{"_":"(netačan datum)"},"dateTimeFormat_%c":{"_":"%a %e %b %Y %H:%M:%S"},"dateTimeFormat_%x":{"_":"%d.%m.%Y"},"dateTimeFormat_%X":{"_":"%H:%M:%S"},"shortTimeFormat":{"_":"%H:%M"},"shortDateTimeFormat":{"_":"%x %H:%M"},"weekStartsOnMonday":{"_":"1"},"time_am":{"_":"AM"},"time_pm":{"_":"PM"}}