{"Showbiz":{"_":"Nöje"},"Social":{"_":"Samhälle"},"Games":{"_":"Spel"},"Music":{"_":"Musik"},"add-to-home-screen":{"_":"Add to Home Screen"},"add-to-home-screen-header":{"_":"Add link"},"website-name":{"_":"Website name"},"address":{"_":"Address"},"added-to-home-screen":{"_":"Added to Home Screen"},"wrapper-search-name":{"_":"{{topic}} på {{name}}"},"contextmenu-add-wallpaper":{"_":"Ändra bakgrundsbild"},"contextmenu-add-smart-collections":{"_":"Lägg till smart samling"},"delete-title":{"_":"Ta bort {{name}}"},"delete-body":{"_":"{{name}} och all dess data kommer att raderas."},"delete":{"_":"Ta bort"},"cancel":{"_":"Avbryt"},"remove-title-2":{"_":"Ta bort {{name}}"},"remove-body":{"_":"Ta bort {{name}} från hemskärmen?"},"remove":{"_":"Ta bort"},"longDateFormat":{"_":"%A, %e %B"},"download":{"_":"Hämtning"},"restart-download-title":{"_":"Starta om hämtning"},"restart-download-body":{"_":"Vill du hämta {{name}}?"},"loadingEvme2":{"_":"Hämtar…"},"evme-searchbar-default":{"_":"Allt…","placeholder":"Jag tänker på…"},"evme-searchbar-default2":{"_":"Jag tänker på…","placeholder":"Jag tänker på…"},"evme-searchbar-clear":{"_":"Tillbaka"},"evme-searchbar-title":{"_":"Allt"},"evme-helper-default":{"_":"Ange ett ämne eller sökfråga"},"evme-helper-default2":{"_":"Ange ett ämne eller nyckelord"},"evme-helper-dismiss":{"_":"Avvisa"},"evme-helper-no-refine":{"_":"Inga alternativ hittades"},"evme-helper-history-title":{"_":"Historik:"},"evme-helper-history-link":{"_":"Historik"},"evme-helper-history-clear":{"_":"Rensa historik"},"evme-helper-didyoumean-title":{"_":"Menade du:"},"evme-helper-refine-title":{"_":"Menade du:"},"evme-helper-title-prefix":{"_":"Allt"},"evme-helper-title-empty":{"_":"Allt"},"evme-apps-market-download":{"_":"Hämta"},"evme-apps-market-more-apps":{"_":"Fler appar"},"evme-apps-loading-app":{"_":"Hämtar…"},"evme-appsmore-loading":{"_":"Hämtar…"},"evme-alert-app-install-confirm":{"_":"Lägg till {{name}} på hemskärmen?"},"evme-alert-app-install-exists":{"_":"{{name}} finns redan på hemskärmen"},"evme-alert-offline-smart-collections-more":{"_":"Anslut till internet för att lägga till fler smarta samlingar"},"evme-alert-save-wallpaper":{"_":"Ange som bakgrund?"},"evme-alert-no-more-smart-collections":{"_":"Inga smarta samlingar att lägga till"},"evme-banner-app-install-success":{"_":"{{name}} har lagts till hemskärmen"},"evme-banner-save-wallpaper":{"_":"Bakgrund inställd"},"evme-shortcuts-more":{"_":"Mer"},"evme-collectionssuggest-loading":{"_":"Hämtar…"},"evme-collectionssuggest-loading-cancel":{"_":"Avbryt"},"evme-collectionssuggest-prompt-create-custom":{"_":"Skapa din egna smarta samling"},"evme-backgroundimage-source-label":{"_":"Källa:"},"evme-collection-title-prefix":{"_":"Allt"},"evme-collection-title-suffix":{"_":"Telefon"},"evme-collection-loading-more":{"_":"Hämtar…"},"evme-connectionmessage-apps":{"_":"Anslut till internet för att hämta appar för {{query}}"},"evme-connectionmessage-apps-has-installed":{"_":"Anslut till internet för att hämta ännu fler appar för {{query}}"},"evme-tips-app-explain":{"innerHTML":"Hitta saker som du älskar med de coolaste apparna."},"evme-tips-searchbar-focus":{"innerHTML":"Till exempel, hitta din favoritsångare eller band…"},"evme-tips-exact-results":{"innerHTML":"Detta är apparna för <b>{{query}}</b>,<br /><br /> peka på någon ikon för att öppna den."},"evme-shortcut-custom":{"_":"Anpassad..."},"evme-shortcut-id-astrology":{"_":"Astrologi"},"evme-shortcut-id-autos":{"_":"Bilar"},"evme-shortcut-id-beauty":{"_":"Skönhet"},"evme-shortcut-id-books":{"_":"Böcker"},"evme-shortcut-id-celebs":{"_":"Kändisar"},"evme-shortcut-id-daily-deals":{"_":"Dagliga erbjudanden"},"evme-shortcut-id-dating":{"_":"Dejting"},"evme-shortcut-id-electronics":{"_":"Elektronik"},"evme-shortcut-id-email":{"_":"E-post"},"evme-shortcut-id-entertainment":{"_":"Underhållning"},"evme-shortcut-id-environment":{"_":"Miljö"},"evme-shortcut-id-fashion":{"_":"Mode"},"evme-shortcut-id-funny":{"_":"Skoj"},"evme-shortcut-id-games":{"_":"Spel"},"evme-shortcut-id-government":{"_":"Myndighet"},"evme-shortcut-id-health":{"_":"Hälsa"},"evme-shortcut-id-jobs":{"_":"Jobb"},"evme-shortcut-id-local":{"_":"Lokal"},"evme-shortcut-id-maps":{"_":"Kartor"},"evme-shortcut-id-movies":{"_":"Filmer"},"evme-shortcut-id-music":{"_":"Musik"},"evme-shortcut-id-new-apps":{"_":"Nya appar"},"evme-shortcut-id-news":{"_":"Nyheter"},"evme-shortcut-id-photography":{"_":"Foto"},"evme-shortcut-id-recipes":{"_":"Recept"},"evme-shortcut-id-restaurants":{"_":"Restauranger"},"evme-shortcut-id-shopping":{"_":"Shopping"},"evme-shortcut-id-social":{"_":"Samhälle"},"evme-shortcut-id-sports":{"_":"Sport"},"evme-shortcut-id-tech-news":{"_":"Tekniknyheter"},"evme-shortcut-id-top-apps":{"_":"Bästa appar"},"evme-shortcut-id-travel":{"_":"Resa"},"evme-shortcut-id-tv":{"_":"Tv"},"evme-shortcut-id-video":{"_":"Video"},"evme-shortcut-id-utilities":{"_":"Verktyg"},"evme-shortcut-id-weather":{"_":"Väder"},"evme-add-to-top-of-collection":{"_":"Lägg till i toppen av samlingen"},"evme-save-to-homescreen":{"_":"Spara till hemskärmen"},"edit-dialog-header":{"_":"Redigera"},"edit-dialog-name":{"_":"Webbsida"},"edit-dialog-url":{"_":"Adress"},"edit-dialog-cancel":{"_":"Avbryt"},"edit-dialog-done":{"_":"Klar"},"weekday-0-long":{"_":"Söndag"},"weekday-1-long":{"_":"Måndag"},"weekday-2-long":{"_":"Tisdag"},"weekday-3-long":{"_":"Onsdag"},"weekday-4-long":{"_":"Torsdag"},"weekday-5-long":{"_":"Fredag"},"weekday-6-long":{"_":"Lördag"},"weekday-0-short":{"_":"Sön"},"weekday-1-short":{"_":"Mån"},"weekday-2-short":{"_":"Tis"},"weekday-3-short":{"_":"Ons"},"weekday-4-short":{"_":"Tor"},"weekday-5-short":{"_":"Fre"},"weekday-6-short":{"_":"Lör"},"month-0-long":{"_":"Januari"},"month-1-long":{"_":"Februari"},"month-2-long":{"_":"Mars"},"month-3-long":{"_":"April"},"month-4-long":{"_":"Maj"},"month-5-long":{"_":"Juni"},"month-6-long":{"_":"Juli"},"month-7-long":{"_":"Augusti"},"month-8-long":{"_":"September"},"month-9-long":{"_":"Oktober"},"month-10-long":{"_":"November"},"month-11-long":{"_":"December"},"month-0-genitive":{"_":"Januari"},"month-1-genitive":{"_":"Februari"},"month-2-genitive":{"_":"Mars"},"month-3-genitive":{"_":"April"},"month-4-genitive":{"_":"Maj"},"month-5-genitive":{"_":"Juni"},"month-6-genitive":{"_":"Juli"},"month-7-genitive":{"_":"Augusti"},"month-8-genitive":{"_":"September"},"month-9-genitive":{"_":"Oktober"},"month-10-genitive":{"_":"November"},"month-11-genitive":{"_":"December"},"month-0-short":{"_":"Jan"},"month-1-short":{"_":"Feb"},"month-2-short":{"_":"Mar"},"month-3-short":{"_":"Apr"},"month-4-short":{"_":"Maj"},"month-5-short":{"_":"Jun"},"month-6-short":{"_":"Jul"},"month-7-short":{"_":"Aug"},"month-8-short":{"_":"Sep"},"month-9-short":{"_":"Okt"},"month-10-short":{"_":"Nov"},"month-11-short":{"_":"Dec"},"minutes-ago-long":{"_":"{[ plural(value) ]}","_[zero]":"nyss","_[one]":"en minut sen","_[two]":"{{value}} minuter sen","_[few]":"{{value}} minuter sen","_[many]":"{{value}} minuter sen","_[other]":"{{value}} minuter sen"},"hours-ago-long":{"_":"{[ plural(value) ]}","_[zero]":"nyss","_[one]":"en timme sen","_[two]":"{{value}} timmar sen","_[few]":"{{value}} timmar sen","_[many]":"{{value}} timmar sen","_[other]":"{{value}} timmar sen"},"days-ago-long":{"_":"{[ plural(value) ]}","_[zero]":"idag","_[one]":"igår","_[two]":"{{value}} dagar sen","_[few]":"{{value}} dagar sen","_[many]":"{{value}} dagar sen","_[other]":"{{value}} dagar sen"},"weeks-ago-long":{"_":"{[ plural(value) ]}","_[zero]":"denna vecka","_[one]":"förra veckan","_[two]":"{{value}} veckor sen","_[few]":"{{value}} veckor sen","_[many]":"{{value}} veckor sen","_[other]":"{{value}} veckor sen"},"months-ago-long":{"_":"{[ plural(value) ]}","_[zero]":"denna månad","_[one]":"förra månaden","_[two]":"{{value}} månader sen","_[few]":"{{value}} månader sen","_[many]":"{{value}} månader sen","_[other]":"{{value}} månader sen"},"years-ago-long":{"_":"{[ plural(value) ]}","_[zero]":"detta år","_[one]":"förra året","_[two]":"{{value}} år sen","_[few]":"{{value}} år sen","_[many]":"{{value}} år sen","_[other]":"{{value}} år sen"},"minutes-until-long":{"_":"{[ plural(value) ]}","_[zero]":"nu","_[one]":"om en minut","_[two]":"om {{value}} minuter","_[few]":"om {{value}} minuter","_[many]":"om {{value}} minuter","_[other]":"om {{value}} minuter"},"hours-until-long":{"_":"{[ plural(value) ]}","_[zero]":"nu","_[one]":"om en timme","_[two]":"om {{value}} timmar","_[few]":"om {{value}} timmar","_[many]":"om {{value}} timmar","_[other]":"om {{value}} timmar"},"days-until-long":{"_":"{[ plural(value) ]}","_[zero]":"idag","_[one]":"imorgon","_[two]":"om {{value}} dagar","_[few]":"om {{value}} dagar","_[many]":"om {{value}} dagar","_[other]":"om {{value}} dagar"},"weeks-until-long":{"_":"{[ plural(value) ]}","_[zero]":"denna vecka","_[one]":"nästa vecka","_[two]":"om {{value}} veckor","_[few]":"om {{value}} veckor","_[many]":"om {{value}} veckor","_[other]":"om {{value}} veckor"},"months-until-long":{"_":"{[ plural(value) ]}","_[zero]":"denna månad","_[one]":"nästa månad","_[two]":"om {{value}} månader","_[few]":"om {{value}} månader","_[many]":"om {{value}} månader","_[other]":"om {{value}} månader"},"years-until-long":{"_":"{[ plural(value) ]}","_[zero]":"detta år","_[one]":"nästa år","_[two]":"om {{value}} år","_[few]":"om {{value}} år","_[many]":"om {{value}} år","_[other]":"om {{value}} år"},"minutes-ago-short":{"_":"{[ plural(value) ]}","_[zero]":"nyss","_[other]":"{{value}}min sen"},"hours-ago-short":{"_":"{[ plural(value) ]}","_[zero]":"nyss","_[other]":"{{value}}tim. sen"},"days-ago-short":{"_":"{[ plural(value) ]}","_[zero]":"idag","_[other]":"{{value}}dygn sen"},"minutes-until-short":{"_":"{[ plural(value) ]}","_[zero]":"nu","_[other]":"om {{value}}min"},"hours-until-short":{"_":"{[ plural(value) ]}","_[zero]":"nu","_[other]":"om {{value}}tim."},"days-until-short":{"_":"{[ plural(value) ]}","_[zero]":"idag","_[other]":"om {{value}}dygn"},"incorrectDate":{"_":"(felaktigt datum)"},"dateTimeFormat_%c":{"_":"%a %e %b %Y %H:%M:%S"},"dateTimeFormat_%x":{"_":"%d/%m/%Y"},"dateTimeFormat_%X":{"_":"%H:%M:%S"},"shortTimeFormat":{"_":"%H:%M"},"shortDateTimeFormat":{"_":"%x %H:%M"},"weekStartsOnMonday":{"_":"1"},"time_am":{"_":"AM"},"time_pm":{"_":"PM"}}