{"Showbiz":{"_":"Şov dünyası"},"Social":{"_":"Sosyal"},"Games":{"_":"Oyunlar"},"Music":{"_":"Müzik"},"add-to-home-screen":{"_":"Ana Ekran'a ekle"},"add-to-home-screen-header":{"_":"Bağlantı ekle"},"website-name":{"_":"Web sitesi adı"},"address":{"_":"Adres"},"added-to-home-screen":{"_":"Ana Ekran'a eklendi"},"wrapper-search-name":{"_":"{{name}} üzerinde {{topic}}"},"contextmenu-add-wallpaper":{"_":"Duvar kâğıdını değiştir"},"contextmenu-add-smart-collections":{"_":"Akıllı koleksiyon ekle"},"delete-title":{"_":"{{name}} uygulamasını sil"},"delete-body":{"_":"{{name}} ve tüm verileri silinecek."},"delete":{"_":"Sil"},"cancel":{"_":"İptal"},"remove-title-2":{"_":"{{name}} uygulamasını kaldır"},"remove-body":{"_":"{{name}} ana ekrandan kaldırılsın mı?"},"remove":{"_":"Kaldır"},"longDateFormat":{"_":"%e %B %A"},"download":{"_":"İndir"},"restart-download-title":{"_":"İndirmeyi yeniden başlat"},"restart-download-body":{"_":"{{name}} uygulamasını indirmek istiyor musunuz?"},"loadingEvme2":{"_":"Yükleniyor…"},"evme-searchbar-default":{"_":"Her şey…","placeholder":"Aklımdan geçen şey…"},"evme-searchbar-default2":{"_":"Aklımdan geçen şey…","placeholder":"Aklımdan geçen şey…"},"evme-searchbar-clear":{"_":"Geri"},"evme-searchbar-title":{"_":"Her şey"},"evme-helper-default":{"_":"Bir konu veya arama sorgusu girin"},"evme-helper-default2":{"_":"Bir konu veya anahtar kelime girin"},"evme-helper-dismiss":{"_":"Kapat"},"evme-helper-no-refine":{"_":"Seçenek bulunamadı"},"evme-helper-history-title":{"_":"Geçmiş:"},"evme-helper-history-link":{"_":"Geçmiş"},"evme-helper-history-clear":{"_":"Geçmişi temizle"},"evme-helper-didyoumean-title":{"_":"Bunu mu demek istediniz?:"},"evme-helper-refine-title":{"_":"Bunu mu demek istediniz?:"},"evme-helper-title-prefix":{"_":"Ara:"},"evme-helper-title-empty":{"_":"Her şey"},"evme-apps-market-download":{"_":"İndir"},"evme-apps-market-more-apps":{"_":"Daha fazla uygulama"},"evme-apps-loading-app":{"_":"Yükleniyor…"},"evme-appsmore-loading":{"_":"Yükleniyor…"},"evme-alert-app-install-confirm":{"_":"{{name}} Ana Ekran'a eklensin mi?"},"evme-alert-app-install-exists":{"_":"{{name}} zaten Ana Ekran'a eklenmiş"},"evme-alert-offline-smart-collections-more":{"_":"Daha fazla Akıllı Koleksiyon eklemek için internete bağlanın"},"evme-alert-save-wallpaper":{"_":"Duvar kâğıdı yapılsın mı?"},"evme-alert-no-more-smart-collections":{"_":"Eklenecek akıllı koleksiyon yok"},"evme-banner-app-install-success":{"_":"{{name}} Ana Ekran'a eklendi"},"evme-banner-save-wallpaper":{"_":"Duvar kâğıdı başarıyla ayarlandı"},"evme-shortcuts-more":{"_":"Daha fazlası"},"evme-collectionssuggest-loading":{"_":"Yükleniyor…"},"evme-collectionssuggest-loading-cancel":{"_":"İptal"},"evme-collectionssuggest-prompt-create-custom":{"_":"Kendi Akıllı Koleksiyon'unuzu yaratın"},"evme-backgroundimage-source-label":{"_":"Kaynak:"},"evme-collection-title-prefix":{"_":"Her şey"},"evme-collection-title-suffix":{"_":"Telefon"},"evme-collection-loading-more":{"_":"Yükleniyor…"},"evme-connectionmessage-apps":{"_":"{{query}} aramasıyla uygulamalar edinmek için internete bağlanın"},"evme-connectionmessage-apps-has-installed":{"_":"{{query}} aramasıyla daha fazla uygulama edinmek için internete bağlanın"},"evme-tips-app-explain":{"innerHTML":"En havalı uygulamalarla sevdiğiniz şeyleri bulun."},"evme-tips-searchbar-focus":{"innerHTML":"Örneğin, en sevdiğiniz şarkıcı veya grubu bulun…"},"evme-tips-exact-results":{"innerHTML":"Bunlar <b>{{query}}</b> sorgusu için bulunan uygulamalardır.<br /><br /> Açmak istediğinizin simgesine dokunun."},"evme-shortcut-custom":{"_":"Özel..."},"evme-shortcut-id-astrology":{"_":"Astroloji"},"evme-shortcut-id-autos":{"_":"Otomobil"},"evme-shortcut-id-beauty":{"_":"Güzellik"},"evme-shortcut-id-books":{"_":"Kitaplar"},"evme-shortcut-id-celebs":{"_":"Ünlüler"},"evme-shortcut-id-daily-deals":{"_":"Günlük Fırsatlar"},"evme-shortcut-id-dating":{"_":"Arkadaşlık"},"evme-shortcut-id-electronics":{"_":"Elektronik"},"evme-shortcut-id-email":{"_":"E-posta"},"evme-shortcut-id-entertainment":{"_":"Eğlence"},"evme-shortcut-id-environment":{"_":"Çevre"},"evme-shortcut-id-fashion":{"_":"Moda"},"evme-shortcut-id-funny":{"_":"Komik"},"evme-shortcut-id-games":{"_":"Oyunlar"},"evme-shortcut-id-government":{"_":"Devlet"},"evme-shortcut-id-health":{"_":"Sağlık"},"evme-shortcut-id-jobs":{"_":"İşler"},"evme-shortcut-id-local":{"_":"Yerel"},"evme-shortcut-id-maps":{"_":"Haritalar"},"evme-shortcut-id-movies":{"_":"Filmler"},"evme-shortcut-id-music":{"_":"Müzik"},"evme-shortcut-id-new-apps":{"_":"Yeni Uygulamalar"},"evme-shortcut-id-news":{"_":"Haberler"},"evme-shortcut-id-photography":{"_":"Fotoğrafçılık"},"evme-shortcut-id-recipes":{"_":"Tarifler"},"evme-shortcut-id-restaurants":{"_":"Lokantalar"},"evme-shortcut-id-shopping":{"_":"Alışveriş"},"evme-shortcut-id-social":{"_":"Sosyal"},"evme-shortcut-id-sports":{"_":"Spor"},"evme-shortcut-id-tech-news":{"_":"Teknoloji Haberleri"},"evme-shortcut-id-top-apps":{"_":"En Beğenilen Uygulamalar"},"evme-shortcut-id-travel":{"_":"Seyahat"},"evme-shortcut-id-tv":{"_":"Televizyon"},"evme-shortcut-id-video":{"_":"Video"},"evme-shortcut-id-utilities":{"_":"Araçlar"},"evme-shortcut-id-weather":{"_":"Hava Durumu"},"evme-add-to-top-of-collection":{"_":"Koleksiyonun başına ekle"},"evme-save-to-homescreen":{"_":"Ana ekrana kaydet"},"edit-dialog-header":{"_":"Düzenle"},"edit-dialog-name":{"_":"Web sitesi adı"},"edit-dialog-url":{"_":"Adres"},"edit-dialog-cancel":{"_":"İptal"},"edit-dialog-done":{"_":"Bitti"},"weekday-0-long":{"_":"Pazar"},"weekday-1-long":{"_":"Pazartesi"},"weekday-2-long":{"_":"Salı"},"weekday-3-long":{"_":"Çarşamba"},"weekday-4-long":{"_":"Perşembe"},"weekday-5-long":{"_":"Cuma"},"weekday-6-long":{"_":"Cumartesi"},"weekday-0-short":{"_":"Pzr"},"weekday-1-short":{"_":"Pzt"},"weekday-2-short":{"_":"Sal"},"weekday-3-short":{"_":"Çar"},"weekday-4-short":{"_":"Per"},"weekday-5-short":{"_":"Cum"},"weekday-6-short":{"_":"Cmt"},"month-0-long":{"_":"Ocak"},"month-1-long":{"_":"Şubat"},"month-2-long":{"_":"Mart"},"month-3-long":{"_":"Nisan"},"month-4-long":{"_":"Mayıs"},"month-5-long":{"_":"Haziran"},"month-6-long":{"_":"Temmuz"},"month-7-long":{"_":"Ağustos"},"month-8-long":{"_":"Eylül"},"month-9-long":{"_":"Ekim"},"month-10-long":{"_":"Kasım"},"month-11-long":{"_":"Aralık"},"month-0-genitive":{"_":"Ocak"},"month-1-genitive":{"_":"Şubat"},"month-2-genitive":{"_":"Mart"},"month-3-genitive":{"_":"Nisan"},"month-4-genitive":{"_":"Mayıs"},"month-5-genitive":{"_":"Haziran"},"month-6-genitive":{"_":"Temmuz"},"month-7-genitive":{"_":"Ağustos"},"month-8-genitive":{"_":"Eylül"},"month-9-genitive":{"_":"Ekim"},"month-10-genitive":{"_":"Kasım"},"month-11-genitive":{"_":"Aralık"},"month-0-short":{"_":"Oca"},"month-1-short":{"_":"Şub"},"month-2-short":{"_":"Mar"},"month-3-short":{"_":"Nis"},"month-4-short":{"_":"May"},"month-5-short":{"_":"Haz"},"month-6-short":{"_":"Tem"},"month-7-short":{"_":"Ağu"},"month-8-short":{"_":"Eyl"},"month-9-short":{"_":"Eki"},"month-10-short":{"_":"Kas"},"month-11-short":{"_":"Ara"},"minutes-ago-long":{"_":"{[ plural(value) ]}","_[zero]":"biraz önce","_[one]":"bir dakika önce","_[two]":"{{value}} dakika önce","_[few]":"{{value}} dakika önce","_[many]":"{{value}} dakika önce","_[other]":"{{value}} dakika önce"},"hours-ago-long":{"_":"{[ plural(value) ]}","_[zero]":"biraz önce","_[one]":"bir saat önce","_[two]":"{{value}} saat önce","_[few]":"{{value}} saat önce","_[many]":"{{value}} saat önce","_[other]":"{{value}} saat önce"},"days-ago-long":{"_":"{[ plural(value) ]}","_[zero]":"bugün","_[one]":"dün","_[two]":"{{value}} gün önce","_[few]":"{{value}} gün önce","_[many]":"{{value}} gün önce","_[other]":"{{value}} gün önce"},"weeks-ago-long":{"_":"{[ plural(value) ]}","_[zero]":"bu hafta","_[one]":"geçen hafta","_[two]":"{{value}} hafta önce","_[few]":"{{value}} hafta önce","_[many]":"{{value}} hafta önce","_[other]":"{{value}} hafta önce"},"months-ago-long":{"_":"{[ plural(value) ]}","_[zero]":"bu ay","_[one]":"geçen ay","_[two]":"{{value}} ay önce","_[few]":"{{value}} ay önce","_[many]":"{{value}} ay önce","_[other]":"{{value}} ay önce"},"years-ago-long":{"_":"{[ plural(value) ]}","_[zero]":"bu yıl","_[one]":"geçen yıl","_[two]":"{{value}} yıl önce","_[few]":"{{value}} yıl önce","_[many]":"{{value}} yıl önce","_[other]":"{{value}} yıl önce"},"minutes-until-long":{"_":"{[ plural(value) ]}","_[zero]":"şimdi","_[one]":"bir dakika önce","_[two]":"{{value}} dakika içinde","_[few]":"{{value}} dakika içinde","_[many]":"{{value}} dakika içinde","_[other]":"{{value}} dakika içinde"},"hours-until-long":{"_":"{[ plural(value) ]}","_[zero]":"şimdi","_[one]":"bir saat içinde","_[two]":"{{value}} saat içinde","_[few]":"{{value}} saat içinde","_[many]":"{{value}} saat içinde","_[other]":"{{value}} saat içinde"},"days-until-long":{"_":"{[ plural(value) ]}","_[zero]":"bugün","_[one]":"dün","_[two]":"{{value}} gün içinde","_[few]":"{{value}} gün içinde","_[many]":"{{value}} gün içinde","_[other]":"{{value}} gün içinde"},"weeks-until-long":{"_":"{[ plural(value) ]}","_[zero]":"bu hafta","_[one]":"gelecek hafta","_[two]":"{{value}} hafta içinde","_[few]":"{{value}} hafta içinde","_[many]":"{{value}} hafta içinde","_[other]":"{{value}} hafta içinde"},"months-until-long":{"_":"{[ plural(value) ]}","_[zero]":"bu ay","_[one]":"gelecek ay","_[two]":"{{value}} ay içinde","_[few]":"{{value}} ay içinde","_[many]":"{{value}} ay içinde","_[other]":"{{value}} ay içinde"},"years-until-long":{"_":"{[ plural(value) ]}","_[zero]":"bu yıl","_[one]":"gelecek yıl","_[two]":"{{value}} yıl içinde","_[few]":"{{value}} yıl içinde","_[many]":"{{value}} yıl içinde","_[other]":"{{value}} yıl içinde"},"minutes-ago-short":{"_":"{[ plural(value) ]}","_[zero]":"biraz önce","_[other]":"{{value}} dk önce"},"hours-ago-short":{"_":"{[ plural(value) ]}","_[zero]":"biraz önce","_[other]":"{{value}} saat önce"},"days-ago-short":{"_":"{[ plural(value) ]}","_[zero]":"bugün","_[other]":"{{value}} gün önce"},"minutes-until-short":{"_":"{[ plural(value) ]}","_[zero]":"şimdi","_[other]":"{{value}} dk içinde"},"hours-until-short":{"_":"{[ plural(value) ]}","_[zero]":"şimdi","_[other]":"{{value}} saat içinde"},"days-until-short":{"_":"{[ plural(value) ]}","_[zero]":"bugün","_[other]":"{{value}} gün içinde"},"incorrectDate":{"_":"(geçersiz tarih)"},"dateTimeFormat_%c":{"_":"%e %b %Y %a %H:%M:%S"},"dateTimeFormat_%x":{"_":"%d/%m/%Y"},"dateTimeFormat_%X":{"_":"%H:%M:%S"},"shortTimeFormat":{"_":"%H:%M"},"shortDateTimeFormat":{"_":"%x %H:%M"},"weekStartsOnMonday":{"_":"1"},"time_am":{"_":"ÖÖ"},"time_pm":{"_":"ÖS"}}