{"Showbiz":{"_":"秀出自己"},"Social":{"_":"社交"},"Games":{"_":"游戏"},"Music":{"_":"音乐"},"add-to-home-screen":{"_":"Add to Home Screen"},"add-to-home-screen-header":{"_":"Add link"},"website-name":{"_":"Website name"},"address":{"_":"Address"},"added-to-home-screen":{"_":"Added to Home Screen"},"wrapper-search-name":{"_":"“{{name}}”的“{{topic}}”"},"contextmenu-add-wallpaper":{"_":"更改壁纸"},"contextmenu-add-smart-collections":{"_":"添加智能收藏集"},"delete-title":{"_":"删除“{{name}}”"},"delete-body":{"_":"“{{name}}”及其所有数据将被删除。"},"delete":{"_":"删除"},"cancel":{"_":"取消"},"remove-title-2":{"_":"移除 {{name}}"},"remove-body":{"_":"要从主屏幕移除“{{name}}”吗？"},"remove":{"_":"移除"},"longDateFormat":{"_":"%B %e 日 %A"},"download":{"_":"下载"},"restart-download-title":{"_":"重新开始下载"},"restart-download-body":{"_":"你是否想下载 {{name}}？"},"loadingEvme2":{"_":"正在载入…"},"evme-searchbar-default":{"_":"一切…","placeholder":"我正打算…"},"evme-searchbar-default2":{"_":"我正打算…","placeholder":"我正打算…"},"evme-searchbar-clear":{"_":"后退"},"evme-searchbar-title":{"_":"全部"},"evme-helper-default":{"_":"输入任意主题或者搜索要求"},"evme-helper-default2":{"_":"输入主题或者关键词"},"evme-helper-dismiss":{"_":"解除"},"evme-helper-no-refine":{"_":"未找到选项"},"evme-helper-history-title":{"_":"历史记录："},"evme-helper-history-link":{"_":"历史记录"},"evme-helper-history-clear":{"_":"清空历史记录"},"evme-helper-didyoumean-title":{"_":"您是不是要找："},"evme-helper-refine-title":{"_":"您是不是要找："},"evme-helper-title-prefix":{"_":"全部"},"evme-helper-title-empty":{"_":"全部"},"evme-apps-market-download":{"_":"下载"},"evme-apps-market-more-apps":{"_":"更多应用"},"evme-apps-loading-app":{"_":"正在载入…"},"evme-appsmore-loading":{"_":"正在载入…"},"evme-alert-app-install-confirm":{"_":"要添加 {{name}} 到主屏幕吗？"},"evme-alert-app-install-exists":{"_":"{{name}} 已经被添加到主屏幕"},"evme-alert-offline-smart-collections-more":{"_":"连接到互联网添加更多的智能收藏集"},"evme-alert-save-wallpaper":{"_":"设为壁纸？"},"evme-alert-no-more-smart-collections":{"_":"没有可添加的智能收藏集"},"evme-banner-app-install-success":{"_":"{{name}} 已添加到主屏幕"},"evme-banner-save-wallpaper":{"_":"壁纸设置成功"},"evme-shortcuts-more":{"_":"更多"},"evme-collectionssuggest-loading":{"_":"载入中…"},"evme-collectionssuggest-loading-cancel":{"_":"取消"},"evme-collectionssuggest-prompt-create-custom":{"_":"创建您自己的智能收藏集"},"evme-backgroundimage-source-label":{"_":"来源："},"evme-collection-title-prefix":{"_":"全部"},"evme-collection-title-suffix":{"_":"电话"},"evme-collection-loading-more":{"_":"载入中…"},"evme-connectionmessage-apps":{"_":"连接到互联网获取有关 {{query}} 的应用"},"evme-connectionmessage-apps-has-installed":{"_":"连接到互联网获取更多有关 {{query}} 的应用"},"evme-tips-app-explain":{"innerHTML":"找到您所喜爱的炫酷应用。"},"evme-tips-searchbar-focus":{"innerHTML":"比如查找您喜爱的歌手或乐团…"},"evme-tips-exact-results":{"innerHTML":"这些都是有关 <b>{{query}}</b> 的应用，<br /><br />，轻触任何图标打开它。"},"evme-shortcut-custom":{"_":"定制…"},"evme-shortcut-id-astrology":{"_":"星座"},"evme-shortcut-id-autos":{"_":"汽车"},"evme-shortcut-id-beauty":{"_":"佳人"},"evme-shortcut-id-books":{"_":"图书"},"evme-shortcut-id-celebs":{"_":"名人"},"evme-shortcut-id-daily-deals":{"_":"优惠"},"evme-shortcut-id-dating":{"_":"约会"},"evme-shortcut-id-electronics":{"_":"电子"},"evme-shortcut-id-email":{"_":"电子邮件"},"evme-shortcut-id-entertainment":{"_":"娱乐"},"evme-shortcut-id-environment":{"_":"环境"},"evme-shortcut-id-fashion":{"_":"时尚"},"evme-shortcut-id-funny":{"_":"搞笑"},"evme-shortcut-id-games":{"_":"游戏"},"evme-shortcut-id-government":{"_":"政府"},"evme-shortcut-id-health":{"_":"健康"},"evme-shortcut-id-jobs":{"_":"职场"},"evme-shortcut-id-local":{"_":"本地"},"evme-shortcut-id-maps":{"_":"地图"},"evme-shortcut-id-movies":{"_":"电影"},"evme-shortcut-id-music":{"_":"音乐"},"evme-shortcut-id-new-apps":{"_":"新应用"},"evme-shortcut-id-news":{"_":"新闻"},"evme-shortcut-id-photography":{"_":"摄影"},"evme-shortcut-id-recipes":{"_":"食谱"},"evme-shortcut-id-restaurants":{"_":"餐馆"},"evme-shortcut-id-shopping":{"_":"购物"},"evme-shortcut-id-social":{"_":"社交"},"evme-shortcut-id-sports":{"_":"体育"},"evme-shortcut-id-tech-news":{"_":"科技新闻"},"evme-shortcut-id-top-apps":{"_":"热门应用"},"evme-shortcut-id-travel":{"_":"旅游"},"evme-shortcut-id-tv":{"_":"电视"},"evme-shortcut-id-video":{"_":"视频"},"evme-shortcut-id-utilities":{"_":"公用事业"},"evme-shortcut-id-weather":{"_":"天气"},"evme-add-to-top-of-collection":{"_":"添加到收藏集顶端"},"evme-save-to-homescreen":{"_":"保存到主屏幕"},"edit-dialog-header":{"_":"编辑"},"edit-dialog-name":{"_":"网站名称"},"edit-dialog-url":{"_":"地址"},"edit-dialog-cancel":{"_":"取消"},"edit-dialog-done":{"_":"完成"},"weekday-0-long":{"_":"星期日"},"weekday-1-long":{"_":"星期一"},"weekday-2-long":{"_":"星期二"},"weekday-3-long":{"_":"星期三"},"weekday-4-long":{"_":"星期四"},"weekday-5-long":{"_":"星期五"},"weekday-6-long":{"_":"星期六"},"weekday-0-short":{"_":"周日"},"weekday-1-short":{"_":"周一"},"weekday-2-short":{"_":"周二"},"weekday-3-short":{"_":"周三"},"weekday-4-short":{"_":"周四"},"weekday-5-short":{"_":"周五"},"weekday-6-short":{"_":"周六"},"month-0-long":{"_":"1 月"},"month-1-long":{"_":"2 月"},"month-2-long":{"_":"3 月"},"month-3-long":{"_":"4 月"},"month-4-long":{"_":"5 月"},"month-5-long":{"_":"6 月"},"month-6-long":{"_":"7 月"},"month-7-long":{"_":"8 月"},"month-8-long":{"_":"9 月"},"month-9-long":{"_":"10 月"},"month-10-long":{"_":"11 月"},"month-11-long":{"_":"12 月"},"month-0-genitive":{"_":"一月"},"month-1-genitive":{"_":"二月"},"month-2-genitive":{"_":"三月"},"month-3-genitive":{"_":"四月"},"month-4-genitive":{"_":"五月"},"month-5-genitive":{"_":"六月"},"month-6-genitive":{"_":"七月"},"month-7-genitive":{"_":"八月"},"month-8-genitive":{"_":"九月"},"month-9-genitive":{"_":"十月"},"month-10-genitive":{"_":"十一月"},"month-11-genitive":{"_":"十二月"},"month-0-short":{"_":"1 月"},"month-1-short":{"_":"2 月"},"month-2-short":{"_":"3 月"},"month-3-short":{"_":"4 月"},"month-4-short":{"_":"5 月"},"month-5-short":{"_":"6 月"},"month-6-short":{"_":"7 月"},"month-7-short":{"_":"8 月"},"month-8-short":{"_":"9 月"},"month-9-short":{"_":"10 月"},"month-10-short":{"_":"11 月"},"month-11-short":{"_":"12 月"},"minutes-ago-long":{"_":"{[ plural(value) ]}","_[zero]":"刚才","_[one]":"1 分钟前","_[two]":"{{ value }} 分钟前","_[few]":"{{ value }} 分钟前","_[many]":"{{ value }} 分钟前","_[other]":"{{ value }} 分钟前"},"hours-ago-long":{"_":"{[ plural(value) ]}","_[zero]":"刚才","_[one]":"1 小时前","_[two]":"{{ value }} 小时前","_[few]":"{{ value }} 小时前","_[many]":"{{ value }} 小时前","_[other]":"{{ value }} 小时前"},"days-ago-long":{"_":"{[ plural(value) ]}","_[zero]":"今天","_[one]":"昨天","_[two]":"{{value}} 天前","_[few]":"{{value}} 天前","_[many]":"{{value}} 天前","_[other]":"{{value}} 天前"},"weeks-ago-long":{"_":"{[ plural(value) ]}","_[zero]":"本周","_[one]":"上周","_[two]":"{{value}} 周前","_[few]":"{{value}} 周前","_[many]":"{{value}} 周前","_[other]":"{{value}} 周前"},"months-ago-long":{"_":"{[ plural(value) ]}","_[zero]":"本月","_[one]":"上月","_[two]":"{{value}} 个月前","_[few]":"{{value}} 个月前","_[many]":"{{value}} 个月前","_[other]":"{{value}} 个月前"},"years-ago-long":{"_":"{[ plural(value) ]}","_[zero]":"今年","_[one]":"去年","_[two]":"{{value}} 年前","_[few]":"{{value}} 年前","_[many]":"{{value}} 年前","_[other]":"{{value}} 年前"},"minutes-until-long":{"_":"{[ plural(value) ]}","_[zero]":"现在","_[one]":"1 分钟内","_[two]":"剩{{value}}分钟","_[few]":"剩{{value}}分钟","_[many]":"剩{{value}}分钟","_[other]":"剩{{value}}分钟"},"hours-until-long":{"_":"{[ plural(value) ]}","_[zero]":"现在","_[one]":"1 小时内","_[two]":"剩{{value}}小时","_[few]":"剩{{value}}小时","_[many]":"剩{{value}}小时","_[other]":"剩{{value}}小时"},"days-until-long":{"_":"{[ plural(value) ]}","_[zero]":"今天","_[one]":"明天","_[two]":"剩{{value}}天","_[few]":"剩{{value}}天","_[many]":"剩{{value}}天","_[other]":"剩{{value}}天"},"weeks-until-long":{"_":"{[ plural(value) ]}","_[zero]":"本周","_[one]":"下周","_[two]":"剩{{value}}周","_[few]":"剩{{value}}周","_[many]":"剩{{value}}周","_[other]":"剩{{value}}周"},"months-until-long":{"_":"{[ plural(value) ]}","_[zero]":"本月","_[one]":"下月","_[two]":"剩{{value}}个月","_[few]":"剩{{value}}个月","_[many]":"剩{{value}}个月","_[other]":"剩{{value}}个月"},"years-until-long":{"_":"{[ plural(value) ]}","_[zero]":"今年","_[one]":"明年","_[two]":"剩{{value}}年","_[few]":"剩{{value}}年","_[many]":"剩{{value}}年","_[other]":"剩{{value}}年"},"minutes-ago-short":{"_":"{[ plural(value) ]}","_[zero]":"刚才","_[other]":"{{value}} 分钟前"},"hours-ago-short":{"_":"{[ plural(value) ]}","_[zero]":"刚才","_[other]":"{{value}}小时前"},"days-ago-short":{"_":"{[ plural(value) ]}","_[zero]":"今天","_[other]":"{{value}} 天前"},"minutes-until-short":{"_":"{[ plural(value) ]}","_[zero]":"现在","_[other]":"剩{{value}}分钟"},"hours-until-short":{"_":"{[ plural(value) ]}","_[zero]":"现在","_[other]":"剩{{value}}小时"},"days-until-short":{"_":"{[ plural(value) ]}","_[zero]":"今天","_[other]":"剩{{value}}天"},"incorrectDate":{"_":"（日期不正确）"},"dateTimeFormat_%c":{"_":"%Y 年 %b %e 日 %a %H:%M:%S"},"dateTimeFormat_%x":{"_":"%Y/%m/%d"},"dateTimeFormat_%X":{"_":"%H:%M:%S"},"shortTimeFormat":{"_":"%H:%M"},"shortDateTimeFormat":{"_":"%x %H:%M"},"weekStartsOnMonday":{"_":"0"},"time_am":{"_":"上午"},"time_pm":{"_":"下午"}}