{"Showbiz":{"_":"Showbiz"},"Social":{"_":"Social"},"Games":{"_":"Games"},"Music":{"_":"Music"},"add-to-home-screen":{"_":"Add to Home Screen"},"add-to-home-screen-header":{"_":"Add link"},"website-name":{"_":"Website name"},"address":{"_":"Address"},"added-to-home-screen":{"_":"Added to Home Screen"},"wrapper-search-name":{"_":"{{topic}} 於 {{name}}"},"contextmenu-add-wallpaper":{"_":"修改桌面背景"},"contextmenu-add-smart-collections":{"_":"新增智慧收藏集"},"delete-title":{"_":"刪除 {{name}}"},"delete-body":{"_":"{{name}} 與其所有資料將會被刪除。"},"delete":{"_":"刪除"},"cancel":{"_":"取消"},"remove-title-2":{"_":"移除 {{name}}"},"remove-body":{"_":"將 {{name}} 自裝置主畫面移除？"},"remove":{"_":"移除"},"longDateFormat":{"_":"%b %e 日 %A"},"download":{"_":"下載"},"restart-download-title":{"_":"重新開始下載"},"restart-download-body":{"_":"想要下載 {{name}} 嗎？"},"loadingEvme2":{"_":"載入中…"},"evme-searchbar-default":{"_":"Everything…","placeholder":"我想要…"},"evme-searchbar-default2":{"_":"我想要…","placeholder":"我想要…"},"evme-searchbar-clear":{"_":"返回"},"evme-searchbar-title":{"_":"Everything"},"evme-helper-default":{"_":"輸入任何類型或搜尋字串"},"evme-helper-default2":{"_":"輸入任何主題或關鍵字"},"evme-helper-dismiss":{"_":"解除"},"evme-helper-no-refine":{"_":"找不到選項"},"evme-helper-history-title":{"_":"歷史:"},"evme-helper-history-link":{"_":"歷史"},"evme-helper-history-clear":{"_":"清除歷史"},"evme-helper-didyoumean-title":{"_":"您是不是指:"},"evme-helper-refine-title":{"_":"您是不是指:"},"evme-helper-title-prefix":{"_":"Everything"},"evme-helper-title-empty":{"_":"Everything"},"evme-apps-market-download":{"_":"下載"},"evme-apps-market-more-apps":{"_":"更多應用程式"},"evme-apps-loading-app":{"_":"載入中…"},"evme-appsmore-loading":{"_":"載入中…"},"evme-alert-app-install-confirm":{"_":"新增 {{name}} 到裝置主畫面？"},"evme-alert-app-install-exists":{"_":"{{name}} 已存在於裝置主畫面"},"evme-alert-offline-smart-collections-more":{"_":"連線到網路以新增更多智慧收藏集"},"evme-alert-save-wallpaper":{"_":"設定為桌面背景？"},"evme-alert-no-more-smart-collections":{"_":"無智慧收藏集可新增"},"evme-banner-app-install-success":{"_":"已新增 {{name}} 到裝置主畫面"},"evme-banner-save-wallpaper":{"_":"成功設定桌面背景"},"evme-shortcuts-more":{"_":"更多"},"evme-collectionssuggest-loading":{"_":"載入中…"},"evme-collectionssuggest-loading-cancel":{"_":"取消"},"evme-collectionssuggest-prompt-create-custom":{"_":"建立您自己的智慧收藏集"},"evme-backgroundimage-source-label":{"_":"來源:"},"evme-collection-title-prefix":{"_":"Everything"},"evme-collection-title-suffix":{"_":"電話"},"evme-collection-loading-more":{"_":"載入中…"},"evme-connectionmessage-apps":{"_":"連線到網際網路以下載 {{query}} 的應用程式"},"evme-connectionmessage-apps-has-installed":{"_":"連線到網際網路以下載更多 {{query}} 的應用程式"},"evme-tips-app-explain":{"innerHTML":"透過最酷的應用程式尋找您喜愛的東西。"},"evme-tips-searchbar-focus":{"innerHTML":"例如，尋找您最愛的歌手或樂團…"},"evme-tips-exact-results":{"innerHTML":"找到一些 <b>{{query}}</b> 的應用程式，<br /><br /> 點擊任何圖示開啟。"},"evme-shortcut-custom":{"_":"自訂…"},"evme-shortcut-id-astrology":{"_":"Astrology"},"evme-shortcut-id-autos":{"_":"Autos"},"evme-shortcut-id-beauty":{"_":"Beauty"},"evme-shortcut-id-books":{"_":"Books"},"evme-shortcut-id-celebs":{"_":"Celebs"},"evme-shortcut-id-daily-deals":{"_":"Daily Deals"},"evme-shortcut-id-dating":{"_":"Dating"},"evme-shortcut-id-electronics":{"_":"Electronics"},"evme-shortcut-id-email":{"_":"Email"},"evme-shortcut-id-entertainment":{"_":"Entertainment"},"evme-shortcut-id-environment":{"_":"Environment"},"evme-shortcut-id-fashion":{"_":"Fashion"},"evme-shortcut-id-funny":{"_":"Funny"},"evme-shortcut-id-games":{"_":"Games"},"evme-shortcut-id-government":{"_":"Government"},"evme-shortcut-id-health":{"_":"Health"},"evme-shortcut-id-jobs":{"_":"Jobs"},"evme-shortcut-id-local":{"_":"Local"},"evme-shortcut-id-maps":{"_":"Maps"},"evme-shortcut-id-movies":{"_":"Movies"},"evme-shortcut-id-music":{"_":"Music"},"evme-shortcut-id-new-apps":{"_":"New Apps"},"evme-shortcut-id-news":{"_":"News"},"evme-shortcut-id-photography":{"_":"Photography"},"evme-shortcut-id-recipes":{"_":"Recipes"},"evme-shortcut-id-restaurants":{"_":"Restaurants"},"evme-shortcut-id-shopping":{"_":"Shopping"},"evme-shortcut-id-social":{"_":"Social"},"evme-shortcut-id-sports":{"_":"Sports"},"evme-shortcut-id-tech-news":{"_":"Tech News"},"evme-shortcut-id-top-apps":{"_":"Top Apps"},"evme-shortcut-id-travel":{"_":"Travel"},"evme-shortcut-id-tv":{"_":"TV"},"evme-shortcut-id-video":{"_":"Video"},"evme-shortcut-id-utilities":{"_":"Utilities"},"evme-shortcut-id-weather":{"_":"Weather"},"evme-add-to-top-of-collection":{"_":"新增至收藏集頂端"},"evme-save-to-homescreen":{"_":"儲存至主畫面"},"edit-dialog-header":{"_":"編輯"},"edit-dialog-name":{"_":"網站名稱"},"edit-dialog-url":{"_":"網址"},"edit-dialog-cancel":{"_":"取消"},"edit-dialog-done":{"_":"完成"},"weekday-0-long":{"_":"星期日"},"weekday-1-long":{"_":"星期一"},"weekday-2-long":{"_":"星期二"},"weekday-3-long":{"_":"星期三"},"weekday-4-long":{"_":"星期四"},"weekday-5-long":{"_":"星期五"},"weekday-6-long":{"_":"星期六"},"weekday-0-short":{"_":"週日"},"weekday-1-short":{"_":"週一"},"weekday-2-short":{"_":"週二"},"weekday-3-short":{"_":"週三"},"weekday-4-short":{"_":"週四"},"weekday-5-short":{"_":"週五"},"weekday-6-short":{"_":"週六"},"month-0-long":{"_":"一月"},"month-1-long":{"_":"二月"},"month-2-long":{"_":"三月"},"month-3-long":{"_":"四月"},"month-4-long":{"_":"五月"},"month-5-long":{"_":"六月"},"month-6-long":{"_":"七月"},"month-7-long":{"_":"八月"},"month-8-long":{"_":"九月"},"month-9-long":{"_":"十月"},"month-10-long":{"_":"十一月"},"month-11-long":{"_":"十二月"},"month-0-genitive":{"_":"1 月"},"month-1-genitive":{"_":"2 月"},"month-2-genitive":{"_":"3 月"},"month-3-genitive":{"_":"4 月"},"month-4-genitive":{"_":"5 月"},"month-5-genitive":{"_":"6 月"},"month-6-genitive":{"_":"7 月"},"month-7-genitive":{"_":"8 月"},"month-8-genitive":{"_":"9 月"},"month-9-genitive":{"_":"10 月"},"month-10-genitive":{"_":"11 月"},"month-11-genitive":{"_":"12 月"},"month-0-short":{"_":"1 月"},"month-1-short":{"_":"2 月"},"month-2-short":{"_":"3 月"},"month-3-short":{"_":"4 月"},"month-4-short":{"_":"5 月"},"month-5-short":{"_":"6 月"},"month-6-short":{"_":"7 月"},"month-7-short":{"_":"8 月"},"month-8-short":{"_":"9 月"},"month-9-short":{"_":"10 月"},"month-10-short":{"_":"11 月"},"month-11-short":{"_":"12 月"},"minutes-ago-long":{"_":"{[ plural(value) ]}","_[zero]":"剛剛","_[one]":"1 分鐘前","_[two]":"{{value}} 分鐘前","_[few]":"{{value}} 分鐘前","_[many]":"{{value}} 分鐘前","_[other]":"{{value}} 分鐘前"},"hours-ago-long":{"_":"{[ plural(value) ]}","_[zero]":"剛剛","_[one]":"1 小時前","_[two]":"{{value}} 小時前","_[few]":"{{value}} 小時前","_[many]":"{{value}} 小時前","_[other]":"{{value}} 小時前"},"days-ago-long":{"_":"{[ plural(value) ]}","_[zero]":"今天","_[one]":"昨天","_[two]":"{{value}} 天前","_[few]":"{{value}} 天前","_[many]":"{{value}} 天前","_[other]":"{{value}} 天前"},"weeks-ago-long":{"_":"{[ plural(value) ]}","_[zero]":"本週","_[one]":"上週","_[two]":"{{value}} 週前","_[few]":"{{value}} 週前","_[many]":"{{value}} 週前","_[other]":"{{value}} 週前"},"months-ago-long":{"_":"{[ plural(value) ]}","_[zero]":"本月","_[one]":"上月","_[two]":"{{value}} 月前","_[few]":"{{value}} 月前","_[many]":"{{value}} 月前","_[other]":"{{value}} 月前"},"years-ago-long":{"_":"{[ plural(value) ]}","_[zero]":"今年","_[one]":"去年","_[two]":"{{value}} 年前","_[few]":"{{value}} 年前","_[many]":"{{value}} 年前","_[other]":"{{value}} 年前"},"minutes-until-long":{"_":"{[ plural(value) ]}","_[zero]":"現在","_[one]":"1 分鐘內","_[two]":"{{value}} 分鐘內","_[few]":"{{value}} 分鐘內","_[many]":"{{value}} 分鐘內","_[other]":"{{value}} 分鐘內"},"hours-until-long":{"_":"{[ plural(value) ]}","_[zero]":"現在","_[one]":"1 小時內","_[two]":"{{value}} 小時前","_[few]":"{{value}} 小時前","_[many]":"{{value}} 小時前","_[other]":"{{value}} 小時前"},"days-until-long":{"_":"{[ plural(value) ]}","_[zero]":"今天","_[one]":"明天","_[two]":"{{value}} 天內","_[few]":"{{value}} 天內","_[many]":"{{value}} 天內","_[other]":"{{value}} 天內"},"weeks-until-long":{"_":"{[ plural(value) ]}","_[zero]":"本週","_[one]":"下週","_[two]":"{{value}} 週內","_[few]":"{{value}} 週內","_[many]":"{{value}} 週內","_[other]":"{{value}} 週內"},"months-until-long":{"_":"{[ plural(value) ]}","_[zero]":"本月","_[one]":"下月","_[two]":"{{value}} 月內","_[few]":"{{value}} 月內","_[many]":"{{value}} 月內","_[other]":"{{value}} 月內"},"years-until-long":{"_":"{[ plural(value) ]}","_[zero]":"今年","_[one]":"明年","_[two]":"{{value}} 年內","_[few]":"{{value}} 年內","_[many]":"{{value}} 年內","_[other]":"{{value}} 年內"},"minutes-ago-short":{"_":"{[ plural(value) ]}","_[zero]":"剛剛","_[other]":"{{value}} 分前"},"hours-ago-short":{"_":"{[ plural(value) ]}","_[zero]":"剛剛","_[other]":"{{value}} 時前"},"days-ago-short":{"_":"{[ plural(value) ]}","_[zero]":"今天","_[other]":"{{value}} 天前"},"minutes-until-short":{"_":"{[ plural(value) ]}","_[zero]":"現在","_[other]":"{{value}} 分內"},"hours-until-short":{"_":"{[ plural(value) ]}","_[zero]":"現在","_[other]":"{{value}} 時內"},"days-until-short":{"_":"{[ plural(value) ]}","_[zero]":"今天","_[other]":"{{value}} 天內"},"incorrectDate":{"_":"（日期不正確）"},"dateTimeFormat_%c":{"_":"%Y年%b%d日 %a %p %I:%M:%S"},"dateTimeFormat_%x":{"_":"%Y/%m/%d"},"dateTimeFormat_%X":{"_":"%p %I:%M:%S"},"shortTimeFormat":{"_":"%p %I:%M"},"shortDateTimeFormat":{"_":"%x %p %I:%M"},"weekStartsOnMonday":{"_":"1"},"time_am":{"_":"上午"},"time_pm":{"_":"下午"}}