{"title":{"_":"رسالة WAP Push"},"close":{"_":"اغلق"},"accept":{"_":"اقبل"},"quit":{"_":"أنهِ"},"cancel":{"_":"ألغِ"},"store":{"_":"خزّن"},"try-again":{"_":"حاول مرة أخرى"},"finish":{"_":"انهاء"},"this-message-has-expired":{"_":"انتهت صلاحية هذه الرسالة"},"cp-pin":{"placeholder":"PIN"},"cp-message-received":{"_":"اُستلمت رسالة الاعدادات"},"cp-container-title":{"_":"اعدادت نقطة وصول OTA"},"cp-accept-help":{"_":"اُستلمت راسلة الاعدادات ، اضغط على \"قبول\" للمتابعة"},"cp-accept-help-pin":{"_":"كان يجب ان يزودك بالرمز PIN الذي ارسل لك رسالة الاعدادات"},"cp-quit-app-confirm-dialog-message":{"_":"الرسالة لم تنتهي بعد , هل تريد الخروج؟"},"cp-auth-failure-confirm-dialog-message":{"_":"رمز PIN الذي ادخلته غير صحيح ,  كان يجب ان يزودك بالرمز,  الذي ارسل لك رسالة الاعدادات"},"cp-store-confirm-dialog-message":{"_":"انت على وشك انت تخزن الـ (APNs) الآتية على هاتفك "},"cp-finish-confirm-dialog-message":{"_":"انتهينا , الـ (APNs) الآن مخزنة"},"cp-finish-confirm-dialog-message-invalid-doc":{"_":"رسالة الاعدادات التي استلمتها لن يتم الوثوق بها ضد بطاقة ال SIM , لذلك لا تستطيع استخدانها لإعداد جهازك "},"cp-finish-confirm-dialog-message-auth-error":{"_":"حدث خطأ خلال السماح لمرسل الرسالة."},"cp-finish-confirm-dialog-message-auth-unsupported-mechanism":{"_":"آلية الوثوق لم تدعم بعد."},"cp-finish-confirm-dialog-message-no-apns":{"_":"رسالة الأعدادات التي استلمتها لا تحتوي على ال APNs صالحة ."}}