{"title":{"_":"WAP Push съобщение"},"close":{"_":"Затваряне"},"accept":{"_":"Приемане"},"quit":{"_":"Излизане"},"cancel":{"_":"Отказ"},"store":{"_":"Запазване"},"try-again":{"_":"Опитване отново"},"finish":{"_":"Край"},"this-message-has-expired":{"_":"Съобщението е изтекло"},"cp-pin":{"placeholder":"PIN"},"cp-message-received":{"_":"Получено конфигурационно съобщение"},"cp-container-title":{"_":"Настройка на OTA точка за достъп"},"cp-accept-help":{"_":"Получено конфигурационно съобщение, натиснете на 'Приемане', за да продължите."},"cp-accept-help-pin":{"_":"PIN кодът би трябвало да Ви е предоставен от който Ви е пратил конфигурационното съобщение."},"cp-quit-app-confirm-dialog-message":{"_":"Съобщението не е обработено, наистина ли искате да излезете?"},"cp-auth-failure-confirm-dialog-message":{"_":"PIN-ът е грешен. PIN кодът би трябвало да Ви е предоставен от който Ви е пратил конфигурационното съобщение."},"cp-store-confirm-dialog-message":{"_":"Ще бъдат запазени на телефона следните APN(и):"},"cp-finish-confirm-dialog-message":{"_":"Всичко е готово, APN(ите) са запазени."},"cp-finish-confirm-dialog-message-invalid-doc":{"_":"Конфигурационното съобщение не може да бъде идентифицирано към Вашата SIM карта, така че не може да бъде използвано за настройка на Вашето устройство."},"cp-finish-confirm-dialog-message-auth-error":{"_":"Възникна грешка при идентифицирането на изпращача на съобщението."},"cp-finish-confirm-dialog-message-auth-unsupported-mechanism":{"_":"Механизмът за идентифициране все още не се поддържа."},"cp-finish-confirm-dialog-message-no-apns":{"_":"Конфигурационното съобщение, което получихте, не съдържа валидни APN-и."},"cp-message-received-not-processed":{"_":"Конфигурационното съобщение все още не е обработено"}}