{"title":{"_":"ওয়াপ পুশ বার্তা"},"close":{"_":"বন্ধ"},"accept":{"_":"গ্রহণ"},"quit":{"_":"প্রস্থান"},"cancel":{"_":"বাতিল"},"store":{"_":"সংরক্ষন করুন"},"try-again":{"_":"পুনরায় চেষ্টা করুন"},"finish":{"_":"সম্পন্ন"},"this-message-has-expired":{"_":"এই বার্তাটি মেয়াদোত্তীর্ণ"},"cp-pin":{"placeholder":"পিন"},"cp-message-received":{"_":"কনফিগারেশন বার্তা পাওয়া গিয়েছে"},"cp-container-title":{"_":"OTA অ্যাক্সেস পয়েন্ট কনফিগারেশন"},"cp-accept-help":{"_":"Configuration message received, click on “Accept” to continue."},"cp-accept-help-pin":{"_":"যে আপনাকে কনফিগারেশন বার্তা পাঠিয়েছে তার কাছ থেকেই আপনার পিনটি পাওয়ার কথা।"},"cp-quit-app-confirm-dialog-message":{"_":"বার্তাটি এখনও তৈরি হয়নি, আপনি সত্যিই বের হয়ে যেতে চান?"},"cp-auth-failure-confirm-dialog-message":{"_":"আপনার প্রবেশকৃত পিনটি সঠিক নয়। যে আপনাকে কনফিগারেশন বার্তা পাঠিয়েছে তার কাছ থেকেই আপনার পিনটি পাওয়ার কথা।"},"cp-store-confirm-dialog-message":{"_":"আপনি নিচের এই APN(গুলি) সংরক্ষণ করতে যাচ্ছেন:"},"cp-finish-confirm-dialog-message":{"_":"আমাদের কাজ হয়ে গেছে, APN(গুলি) এখন সংরক্ষিত।"},"cp-finish-confirm-dialog-message-invalid-doc":{"_":"আপনি যে কনফিগারেশন বার্তাটি পেয়েছেন সেটা আপনার সিম কার্ড এর জন্য অনুমোদিত নয়, তাই এটির সাহায্যে ডিভাইসটি কনফিগার করা সম্ভব নয়।"},"cp-finish-confirm-dialog-message-auth-error":{"_":"বার্তার প্রেরককে অনুমোদন দেয়ার সময় একটি ত্রুটি হয়েছে।"},"cp-finish-confirm-dialog-message-auth-unsupported-mechanism":{"_":"অনুমোদন প্রক্রিয়াটি এখনও সমর্থিত নয়।"},"cp-finish-confirm-dialog-message-no-apns":{"_":"আপনি যে কনফিগারেশন বার্তাটি পেয়েছেন তাতে কোনো বৈধ APN নেই।"}}