{"title":{"_":"Missatge Push WAP"},"close":{"_":"Tanca"},"accept":{"_":"Accepta"},"quit":{"_":"Surt"},"cancel":{"_":"Cancel·la"},"store":{"_":"Emmagatzema"},"try-again":{"_":"Reintenta"},"finish":{"_":"Finalitza"},"this-message-has-expired":{"_":"Aquest missatge ha caducat"},"cp-pin":{"placeholder":"PIN"},"cp-message-received":{"_":"S'ha rebut un missatge de configuració"},"cp-container-title":{"_":"Configuració del punt d'accés OTA"},"cp-accept-help":{"_":"S'ha rebut un missatge de configuració, premeu «Accepta» per continuar."},"cp-accept-help-pin":{"_":"El codi PIN us l'hauria d'haver proporcionat qui us ha enviat el missatge de configuració."},"cp-quit-app-confirm-dialog-message":{"_":"El missatge encara no s'ha processat. Segur que voleu sortir?"},"cp-auth-failure-confirm-dialog-message":{"_":"El codi PIN que heu introduït és incorrecte. El codi PIN us l'hauria d'haver proporcionat qui us ha enviat el missatge de configuració."},"cp-store-confirm-dialog-message":{"_":"Esteu a punt de desar els següents APN al telèfon:"},"cp-finish-confirm-dialog-message":{"_":"Els APN s'han desat correctament."},"cp-finish-confirm-dialog-message-invalid-doc":{"_":"El missatge de configuració que heu rebut no s'ha pogut autenticar amb la targeta SIM. Per tant, no es pot utilitzar per configurar el dispositiu."},"cp-finish-confirm-dialog-message-auth-error":{"_":"S'ha produït un error en autenticar el remitent del missatge."},"cp-finish-confirm-dialog-message-auth-unsupported-mechanism":{"_":"El mecanisme d'autenticació encara no està implementat."},"cp-finish-confirm-dialog-message-no-apns":{"_":"El missatge de configuració que heu rebut no conté cap APN vàlid."}}