{"title":{"_":"Zpráva WAP Push"},"close":{"_":"Zavřít"},"accept":{"_":"Přijmout"},"quit":{"_":"Ukončit"},"cancel":{"_":"Zrušit"},"store":{"_":"Uložit"},"try-again":{"_":"Zkusit znovu"},"finish":{"_":"Dokončit"},"this-message-has-expired":{"_":"Platnost zprávy vypršela"},"cp-pin":{"placeholder":"PIN"},"cp-message-received":{"_":"Přijata konfigurační zpráva"},"cp-container-title":{"_":"Nastavení přístupového bodu OTA"},"cp-accept-help":{"_":"Přijata konfigurační zpráva. Pro pokračování klepněte na 'Přijmout'."},"cp-accept-help-pin":{"_":"Kód PIN vám musí být poskytnut odesílatelem konfigurační zprávy."},"cp-quit-app-confirm-dialog-message":{"_":"Zpráva ještě nebyla zpracována. Skutečně chcete skončit?"},"cp-auth-failure-confirm-dialog-message":{"_":"Zadaný kód PIN je neplatný. Kód PIN vám musí být poskytnut odesílatelem konfigurační zprávy."},"cp-store-confirm-dialog-message":{"_":"Chystáte se uložit následující body APN do svého telefonu:"},"cp-finish-confirm-dialog-message":{"_":"Hotovo. Body APN jsou nyní uloženy."},"cp-finish-confirm-dialog-message-invalid-doc":{"_":"Přijatá konfigurační zpráva nemohla být ověřena vaší kartou SIM, takže nemůže být použita pro nastavení vašeho zařízení."},"cp-finish-confirm-dialog-message-auth-error":{"_":"Při ověřování odesílatele této zprávy nastala chyba."},"cp-finish-confirm-dialog-message-auth-unsupported-mechanism":{"_":"Mechanismus ověření není dosud podporován. "},"cp-finish-confirm-dialog-message-no-apns":{"_":"Přijatá konfigurační zpráva neobsahuje žádné platné body APN."}}