{"title":{"_":"WAP-push-besked"},"close":{"_":"Luk"},"accept":{"_":"Accepter"},"quit":{"_":"Afslut"},"cancel":{"_":"Annuller"},"store":{"_":"Gem"},"try-again":{"_":"Prøv igen"},"finish":{"_":"Afslut"},"this-message-has-expired":{"_":"Denne besked er udløbet"},"cp-pin":{"placeholder":"Pinkode"},"cp-message-received":{"_":"Opsætningsmeddelelse modtaget"},"cp-container-title":{"_":"Opsætning af OTA-access point"},"cp-accept-help":{"_":"Opsætningsmeddelelse modtaget, klik på 'Accepter' for at fortsætte."},"cp-accept-help-pin":{"_":"Du skulle gerne have modtaget pinkoden af dem, som har sendt dig opsætningsmeddelelsen."},"cp-quit-app-confirm-dialog-message":{"_":"Meddelelsen er endnu ikke blevet håndteret, er du sikker på, at du vil afslutte?"},"cp-auth-failure-confirm-dialog-message":{"_":"Forkert pinkode. Du skulle gerne have modtaget pinkoden af dem, som har sendt dig opsætningsmeddelelsen."},"cp-store-confirm-dialog-message":{"_":"Du er ved at gemme følgende APN(er) på din enhed:"},"cp-finish-confirm-dialog-message":{"_":"Færdig, APN(erne) er nu gemt."},"cp-finish-confirm-dialog-message-invalid-doc":{"_":"Den modtagne opsætningsmeddelelse kunne ikke godkendes til dit simkort, og kan derfor ikke bruges til at opsætte din enhed."},"cp-finish-confirm-dialog-message-auth-error":{"_":"Der opstod en fejl ved godkendelse af meddelelsens afsender."},"cp-finish-confirm-dialog-message-auth-unsupported-mechanism":{"_":"Godkendelsesfunktionen er endnu ikke understøttet."},"cp-finish-confirm-dialog-message-no-apns":{"_":"Den modtagne opsætningsmeddelelse har ikke et gyldigt APN."},"sim":{"_":"Simkort {{id}}"},"dsds-notification-title-with-sim":{"_":"({{sim}}) {{title}}"}}