{"title":{"_":"WAP-Push-Nachricht"},"close":{"_":"Schließen"},"accept":{"_":"Annehmen"},"quit":{"_":"Beenden"},"cancel":{"_":"Abbrechen"},"store":{"_":"Speichern"},"try-again":{"_":"Erneut versuchen"},"finish":{"_":"Abschließen"},"this-message-has-expired":{"_":"Diese Nachricht ist abgelaufen."},"cp-pin":{"placeholder":"PIN"},"cp-message-received":{"_":"Konfigurationsnachricht erhalten"},"cp-container-title":{"_":"Zugangskonfiguration per Mobilfunk"},"cp-accept-help":{"_":"Konfigurationsnachricht empfangen, zum Fortfahren auf 'Akzeptieren' tippen."},"cp-accept-help-pin":{"_":"Der PIN-Code sollte Ihnen von demjenigen mitgeteilt worden sein, der Ihnen die Konfigurationsnachricht gesendet hat."},"cp-quit-app-confirm-dialog-message":{"_":"Die Nachricht wurde noch nicht verarbeitet. Soll wirklich abgebrochen werden?"},"cp-auth-failure-confirm-dialog-message":{"_":"Die eingegebene PIN ist falsch. Der PIN-Code sollte Ihnen von demjenigen mitgeteilt worden sein, der Ihnen die Konfigurationsnachricht gesendet hat."},"cp-store-confirm-dialog-message":{"_":"Die folgenden Zugangspunkte (APNs) werden auf Ihrem Telefon gespeichert:"},"cp-finish-confirm-dialog-message":{"_":"Fertig. Die Zugangspunkte wurden gespeichert."},"cp-finish-confirm-dialog-message-invalid-doc":{"_":"Die empfangene Konfigurationsnachricht konnte nicht mit Ihrer SIM-Karte authentifiziert werden, weshalb Ihr Gerät nicht eingerichtet werden konnte."},"cp-finish-confirm-dialog-message-auth-error":{"_":"Bei der Authentifizierung des Absenders trat ein Problem auf."},"cp-finish-confirm-dialog-message-auth-unsupported-mechanism":{"_":"Die Authentifizierungsmethode wird noch nicht unterstützt."},"cp-finish-confirm-dialog-message-no-apns":{"_":"Die empfangene Konfigurationsnachricht enthält keine gültigen Zugangspunkte (APNs)."}}