{"title":{"_":"Μήνυμα WAP Push"},"close":{"_":"Κλείσιμο"},"accept":{"_":"Αποδοχή"},"quit":{"_":"Κλείσιμο"},"cancel":{"_":"Ακύρωση"},"store":{"_":"Αποθήκευση"},"try-again":{"_":"Προσπαθήστε ξανά"},"finish":{"_":"Τέλος"},"this-message-has-expired":{"_":"Αυτό το μήνυμα έχει λήξει"},"cp-pin":{"placeholder":"PIN"},"cp-message-received":{"_":"Ελήφθη μήνυμα ρυθμίσεων"},"cp-container-title":{"_":"Ρύθμιση σημείου πρόσβασης OTA"},"cp-accept-help":{"_":"Μήνυμα ρυθμίσεων ελήφθη, πατήστε «Αποδοχή» για να συνεχίσετε."},"cp-accept-help-pin":{"_":"Ο κωδικός PIN σας έχει διατεθεί από όποιον σας έστειλε το μήνυμα ρύθμισης."},"cp-quit-app-confirm-dialog-message":{"_":"Το μήνυμα δεν έχει επεξεργαστεί ακόμη, θέλετε σίγουρα να σταματήσετε;"},"cp-auth-failure-confirm-dialog-message":{"_":"Το PIN που εισάγατε είναι λανθασμένο. Ο κωδικός PIN θα πρέπει να σας έχει διατεθεί από οποιονδήποτε σας έστειλε το μήνυμα ρύθμισης."},"cp-store-confirm-dialog-message":{"_":"Πρόκειται να αποθηκεύσετε τα ακόλουθα APN(s) στο τηλέφωνό σας:"},"cp-finish-confirm-dialog-message":{"_":"Είμαστε έτοιμοι, τα APN(s) έχουν αποθηκευτεί."},"cp-finish-confirm-dialog-message-invalid-doc":{"_":"Το μήνυμα ρυθμίσεων που λάβατε δεν ήταν δυνατό να αυθεντικοποιηθεί με την κάρτα SIM σας, έτσι δε μπορεί να χρησιμοποιηθεί για τη ρύθμιση της συσκευής σας."},"cp-finish-confirm-dialog-message-auth-error":{"_":"Υπήρξε κάποιο σφάλμα κατά την αυθεντικοποίηση του αποστολέα του μηνύματος."},"cp-finish-confirm-dialog-message-auth-unsupported-mechanism":{"_":"Το σύστημα αυθεντικοποίησης δεν υποστηρίζεται ακόμα."},"cp-finish-confirm-dialog-message-no-apns":{"_":"Το μήνυμα ρυθμίσεων που λάβατε δε διαθέτει έγκυρα APNs."},"cp-message-received-not-processed":{"_":"Το μήνυμα ρυθμίσεων δεν έχει επεξεργαστεί ακόμη"}}