{"title":{"_":"Mensaje WAP Push"},"close":{"_":"Cerrar"},"accept":{"_":"Aceptar"},"quit":{"_":"Salir"},"cancel":{"_":"Cancelar"},"store":{"_":"Guardar"},"try-again":{"_":"Probar de nuevo"},"finish":{"_":"Finalizar"},"this-message-has-expired":{"_":"Este mensaje ha caducado"},"cp-pin":{"placeholder":"PIN"},"cp-message-received":{"_":"Mensaje de configuración recibido"},"cp-container-title":{"_":"Configuración de punto de acceso OTA"},"cp-accept-help":{"_":"Mensaje de configuración recibido, haga clic en 'Aceptar' para continuar."},"cp-accept-help-pin":{"_":"El código PIN debe proporcionarlo quien le envía el mensaje de configuración."},"cp-quit-app-confirm-dialog-message":{"_":"Todavía no se ha procesado el mensaje, ¿de verdad desea salir?"},"cp-auth-failure-confirm-dialog-message":{"_":"El PIN que ha escrito no es correcto. El código PIN debe proporcionarlo quien le envía el mensaje de configuración."},"cp-store-confirm-dialog-message":{"_":"Va a guardar en el teléfono el/los APN siguiente(s):"},"cp-finish-confirm-dialog-message":{"_":"Ya está(n) guardado(s) el/los APN."},"cp-finish-confirm-dialog-message-invalid-doc":{"_":"El mensaje de configuración que recibió no pudo autenticarse mediante la tarjeta SIM, por lo que no se puede utilizar para configurar el dispositivo."},"cp-finish-confirm-dialog-message-auth-error":{"_":"Hubo un error al autenticar el remitente del mensaje."},"cp-finish-confirm-dialog-message-auth-unsupported-mechanism":{"_":"El mecanismo de autenticación aún no es compatible."},"cp-finish-confirm-dialog-message-no-apns":{"_":"El mensaje de configuración que recibió no tiene APN válidos."}}