{"title":{"_":"WAP Push mezua"},"close":{"_":"Itxi"},"accept":{"_":"Onartu"},"quit":{"_":"Irten"},"cancel":{"_":"Utzi"},"store":{"_":"Biltegiratu"},"try-again":{"_":"Saiatu berriro"},"finish":{"_":"Amaitu"},"this-message-has-expired":{"_":"Mezua iraungita dago"},"cp-pin":{"placeholder":"PINa"},"cp-message-received":{"_":"Konfigurazio-mezua jaso da"},"cp-container-title":{"_":"OTA sarbide-puntuaren konfigurazioa"},"cp-accept-help":{"_":"Konfigurazio-mezua jaso da, sakatu 'Onartu' jarraitzeko."},"cp-accept-help-pin":{"_":"Konfigurazio-mezua bidali dizunak eman beharko lizuke PIN kodea."},"cp-quit-app-confirm-dialog-message":{"_":"Mezua ez da prozesatu oraindik, benetan irten nahi duzu?"},"cp-auth-failure-confirm-dialog-message":{"_":"Sartu duzun PINa okerra da. Konfigurazio-mezua bidali dizunak eman beharko lizuke PIN kodea."},"cp-store-confirm-dialog-message":{"_":"Ondorengo APNa(k) gordetzear zaude telefonoan:"},"cp-finish-confirm-dialog-message":{"_":"Eginda, APNa(k) orain gordeta dago/daude."},"cp-finish-confirm-dialog-message-invalid-doc":{"_":"Jaso duzun konfigurazio-mezua ezin da autentifikatu zure SIM txartelaren aurka, beraz ezin da zure gailua konfiguratzeko erabili."},"cp-finish-confirm-dialog-message-auth-error":{"_":"Errore bat gertatu da mezuaren bidaltzailea autentifikatzean."},"cp-finish-confirm-dialog-message-auth-unsupported-mechanism":{"_":"Autentifikazio-mekanismoa ez da onartzen oraindik."},"cp-finish-confirm-dialog-message-no-apns":{"_":"Jaso duzun konfigurazio-mezuak ez dauka baliozko APNrik."}}