{"title":{"_":"Message Push WAP"},"close":{"_":"Fermer"},"accept":{"_":"Accepter"},"quit":{"_":"Quitter"},"cancel":{"_":"Annuler"},"store":{"_":"Enreg."},"try-again":{"_":"Réessayer"},"finish":{"_":"Terminer"},"this-message-has-expired":{"_":"Ce message a expiré"},"cp-pin":{"placeholder":"PIN"},"cp-message-received":{"_":"Message de configuration reçu"},"cp-container-title":{"_":"Configuration du point d’accès OTA"},"cp-accept-help":{"_":"Message de configuration reçu, appuyez sur « Accepter » pour continuer."},"cp-accept-help-pin":{"_":"Le code PIN devrait vous avoir été fourni par l’expéditeur du message de configuration."},"cp-quit-app-confirm-dialog-message":{"_":"Le message n’a pas encore été traité, voulez-vous vraiment quitter ?"},"cp-auth-failure-confirm-dialog-message":{"_":"Le PIN saisi est incorrect. Normalement, le code PIN devrait vous avoir été fourni par l’expéditeur du message de configuration."},"cp-store-confirm-dialog-message":{"_":"Vous allez enregistrer les APN suivants sur votre téléphone :"},"cp-finish-confirm-dialog-message":{"_":"C’est terminé, les APN sont à présent enregistrés."},"cp-finish-confirm-dialog-message-invalid-doc":{"_":"Le message de configuration que vous avez reçu ne peut pas être authentifié avec votre carte SIM. Impossible de configurer l’appareil."},"cp-finish-confirm-dialog-message-auth-error":{"_":"Une erreur s’est produite lors de l’authentification de l’expéditeur du message."},"cp-finish-confirm-dialog-message-auth-unsupported-mechanism":{"_":"Le mécanisme d’authentification n’est pas encore pris en charge."},"cp-finish-confirm-dialog-message-no-apns":{"_":"Le message de configuration que vous avez reçu ne contient pas d’APN valide."}}