{"title":{"_":"Mensaxe Push WAP"},"close":{"_":"Pechar"},"accept":{"_":"Aceptar"},"quit":{"_":"Saír"},"cancel":{"_":"Cancelar"},"store":{"_":"Almacenar"},"try-again":{"_":"Tentar de novo"},"finish":{"_":"Rematar"},"this-message-has-expired":{"_":"Esta mensaxe caducou"},"cp-pin":{"placeholder":"PIN"},"cp-message-received":{"_":"Recibiuse unha mensaxe de configuración"},"cp-container-title":{"_":"Configuración do punto de acceso OTA"},"cp-accept-help":{"_":"Recibiuse unha mensaxe de configuración, prema en “Aceptar” para continuar."},"cp-accept-help-pin":{"_":"O código PIN debe fornecerllo quen lle enviou a mensaxe de configuración."},"cp-quit-app-confirm-dialog-message":{"_":"Aínda non se procesou a mensaxe, confirma que quere saír?"},"cp-auth-failure-confirm-dialog-message":{"_":"O PIN que escribiu é incorrecto. O código PIN debe fornecerllo quen lle enviou a mensaxe de configuración."},"cp-store-confirm-dialog-message":{"_":"Está a punto de gardar os seguintes APN no teléfono:"},"cp-finish-confirm-dialog-message":{"_":"Gardáronse os APN correctamente."},"cp-finish-confirm-dialog-message-invalid-doc":{"_":"Non foi posíbel autenticar a mensaxe de configuración que recibiu contra a súa tarxeta SIM, polo tanto, non é posíbel usala para configurar o dispositivo."},"cp-finish-confirm-dialog-message-auth-error":{"_":"Produciuse un erro ao autenticar o remitente da mensaxe."},"cp-finish-confirm-dialog-message-auth-unsupported-mechanism":{"_":"O mecanismo de autenticación aínda non é compatíbel."},"cp-finish-confirm-dialog-message-no-apns":{"_":"A mensaxe de configuración que recibiu non ten APN correctos."},"sim":{"_":"SIM {{id}}"},"dsds-notification-title-with-sim":{"_":"({{sim}}) {{title}}"}}