{"title":{"_":"WAP push poruka"},"close":{"_":"Zatvori"},"accept":{"_":"Prihvati"},"quit":{"_":"Izlaz"},"cancel":{"_":"Otkaži"},"store":{"_":"Spremi"},"try-again":{"_":"Pokušaj ponovno"},"finish":{"_":"Završi"},"this-message-has-expired":{"_":"Ova poruka je istekla"},"cp-pin":{"placeholder":"PIN"},"cp-message-received":{"_":"Konfiguracijska poruka primljena"},"cp-container-title":{"_":"Podešavanje OTA pristupne točke"},"cp-accept-help":{"_":"Configuration message received, click on “Accept” to continue."},"cp-accept-help-pin":{"_":"PIN možete saznati od pošiljatelja konfiguracijske poruke."},"cp-quit-app-confirm-dialog-message":{"_":"Poruka još nije obrađena, želite li odustati?"},"cp-auth-failure-confirm-dialog-message":{"_":"PIN koji ste unjeli je neispravan. PIN možete saznati od pošiljatelja konfiguracijske poruke."},"cp-store-confirm-dialog-message":{"_":"Spremit ćete sljedeće APNove:"},"cp-finish-confirm-dialog-message":{"_":"Uspješno završeno, APNovi su spremljeni."},"cp-finish-confirm-dialog-message-invalid-doc":{"_":"Postavke poruke koju ste primili ne mogu biti autentificirane s vašom SIM karticom tako da neće biti iskorištene za konfiguraciju vašeg uređaja."},"cp-finish-confirm-dialog-message-auth-error":{"_":"Došlo je do pogreške kod autentifikacije pošiljatelja poruke."},"cp-finish-confirm-dialog-message-auth-unsupported-mechanism":{"_":"Način atentifikacije nije podržan."},"cp-finish-confirm-dialog-message-no-apns":{"_":"Konfiguracijska poruka koju ste primili nema valjane APNove."}}