{"title":{"_":"WAP Push üzenet"},"close":{"_":"Bezárás"},"accept":{"_":"Elfogadás"},"quit":{"_":"Kilépés"},"cancel":{"_":"Mégse"},"store":{"_":"Tárolás"},"try-again":{"_":"Újra"},"finish":{"_":"Befejezés"},"this-message-has-expired":{"_":"Ez az üzenet lejárt"},"cp-pin":{"placeholder":"PIN kód"},"cp-message-received":{"_":"Konfigurációs üzenet érkezett"},"cp-container-title":{"_":"OTA hozzáférési pont beállítása"},"cp-accept-help":{"_":"Konfigurációs üzenet érkezett, kattintson az „Elfogadás”-ra a folytatáshoz."},"cp-accept-help-pin":{"_":"A PIN kódot annak kell megadnia Önnek, aki a konfigurációs üzenetet küldte."},"cp-quit-app-confirm-dialog-message":{"_":"Az üzenet még nincs feldolgozva, valóban ki szeretne lépni?"},"cp-auth-failure-confirm-dialog-message":{"_":"A megadott PIN helytelen. A PIN kódot annak kell megadnia Önnek, aki a konfigurációs üzenetet küldte."},"cp-store-confirm-dialog-message":{"_":"A következő APN-eket fogja tárolni a telefonon:"},"cp-finish-confirm-dialog-message":{"_":"Kész vagyunk, az APN-ek tárolva vannak."},"cp-finish-confirm-dialog-message-invalid-doc":{"_":"A kapott konfigurációs üzenet nem hitelesíthető a SIM-kártyával, így nem használható az eszköz konfigurálására."},"cp-finish-confirm-dialog-message-auth-error":{"_":"Hiba történt az üzenet küldőjének hitelesítésekor."},"cp-finish-confirm-dialog-message-auth-unsupported-mechanism":{"_":"A hitelesítési mechanizmus még nem támogatott."},"cp-finish-confirm-dialog-message-no-apns":{"_":"A kapott konfigurációs üzenet nem tartalmaz érvényes APN-eket."}}