{"title":{"_":"Messaggio push WAP"},"close":{"_":"Chiudi"},"accept":{"_":"Accetta"},"quit":{"_":"Esci"},"cancel":{"_":"Annulla"},"store":{"_":"Salva"},"try-again":{"_":"Riprova"},"finish":{"_":"Completa"},"this-message-has-expired":{"_":"Questo messaggio è scaduto"},"cp-pin":{"placeholder":"PIN"},"cp-message-received":{"_":"Ricevuto messaggio configurazione"},"cp-container-title":{"_":"Configurazione access point OTA"},"cp-accept-help":{"_":"Messaggio di configurazione ricevuto, selezionare “Accetta” per proseguire."},"cp-accept-help-pin":{"_":"Il codice PIN dovrebbe essere stato fornito dal mittente del messaggio di configurazione."},"cp-quit-app-confirm-dialog-message":{"_":"Il messaggio non è ancora stato elaborato. Uscire comunque?"},"cp-auth-failure-confirm-dialog-message":{"_":"Il codice PIN inserito è errato. Il codice PIN dovrebbe essere stato fornito dal mittente del messaggio di configurazione."},"cp-store-confirm-dialog-message":{"_":"I seguenti APN stanno per essere salvati sul telefono:"},"cp-finish-confirm-dialog-message":{"_":"La configurazione degli APN è stata completata."},"cp-finish-confirm-dialog-message-invalid-doc":{"_":"Non è possibile autenticare il messaggio ricevuto con la SIM in uso. Impossibile configurare il dispositivo."},"cp-finish-confirm-dialog-message-auth-error":{"_":"Si è verificato un errore durante l’autenticazione del mittente del messaggio."},"cp-finish-confirm-dialog-message-auth-unsupported-mechanism":{"_":"Il meccanismo di autenticazione non è ancora supportato."},"cp-finish-confirm-dialog-message-no-apns":{"_":"Il messaggio di configurazione ricevuto non include APN validi."},"sim":{"_":"SIM {{id}}"},"dsds-notification-title-with-sim":{"_":"({{sim}}) {{title}}"}}