{"title":{"_":"WAP プッシュメッセージ"},"close":{"_":"閉じる"},"accept":{"_":"受け取る"},"quit":{"_":"終了"},"cancel":{"_":"キャンセル"},"store":{"_":"保存"},"try-again":{"_":"再試行"},"finish":{"_":"完了"},"this-message-has-expired":{"_":"このメッセージは失効しました"},"cp-pin":{"placeholder":"PIN コード"},"cp-message-received":{"_":"設定メッセージを受信しました"},"cp-container-title":{"_":"OTA アクセスポイント設定"},"cp-accept-help":{"_":"設定メッセージを受信しました。[受け取る] をクリックして続行してください。"},"cp-accept-help-pin":{"_":"PIN コードは設定メッセージの送信者から提供されます。"},"cp-quit-app-confirm-dialog-message":{"_":"メッセージはまだ処理されていません。本当に終了してもよろしいですか？"},"cp-auth-failure-confirm-dialog-message":{"_":"入力した PIN コードが正しくありません。PIN コードは設定メッセージの送信者から提供されます。"},"cp-store-confirm-dialog-message":{"_":"次の接続先 (APN) を端末に保存します:"},"cp-finish-confirm-dialog-message":{"_":"APN の保存が完了しました。"},"cp-finish-confirm-dialog-message-invalid-doc":{"_":"ご使用の SIM カードでは受信した設定メッセージを認証できなかったため、端末の設定には使用できません。"},"cp-finish-confirm-dialog-message-auth-error":{"_":"メッセージの送信者の認証中にエラーが発生しました。"},"cp-finish-confirm-dialog-message-auth-unsupported-mechanism":{"_":"認証機構はまだサポートされていません。"},"cp-finish-confirm-dialog-message-no-apns":{"_":"受信した設定メッセージに正しい APN 情報がありません。"}}