{"title":{"_":"WAP 푸시 메시지"},"close":{"_":"닫기"},"accept":{"_":"동의"},"quit":{"_":"종료"},"cancel":{"_":"취소"},"store":{"_":"저장"},"try-again":{"_":"다시 실행"},"finish":{"_":"완료"},"this-message-has-expired":{"_":"이 메시지는 취소함"},"cp-pin":{"placeholder":"PIN 코드"},"cp-message-received":{"_":"설정 메시지를 수신하였습니다."},"cp-container-title":{"_":"OTA 접속 포인트 설정"},"cp-accept-help":{"_":"설정 메시지를 수신했습니다. 받기를 클릭하고 계속 하십시오."},"cp-accept-help-pin":{"_":"PIN 코드는 설정 메시지 보낸이로부터 제공됩니다."},"cp-quit-app-confirm-dialog-message":{"_":"메시지는 아직 처리되지 않았습니다. 정말로 종료하시겠습니까?"},"cp-auth-failure-confirm-dialog-message":{"_":"입력한 PIN 코드가 올바르지 않습니다. PIN 코드는 설정 메시지에서 보낸이가  제공됩니다."},"cp-store-confirm-dialog-message":{"_":"아래 접속처(APN)를 저장합니다:"},"cp-finish-confirm-dialog-message":{"_":"APN 저장이 완료했습니다."},"cp-finish-confirm-dialog-message-invalid-doc":{"_":"사용하는 SIM 카드에서는 수신한 설정 메시지를 인증할 수 없었기 때문에, 단말의 설정에는 사용할 수 없습니다."},"cp-finish-confirm-dialog-message-auth-error":{"_":"메시지 보낸이 인증 중에 오류가 발생했습니다."},"cp-finish-confirm-dialog-message-auth-unsupported-mechanism":{"_":"인증 기구는 아직 지원되지 않습니다."},"cp-finish-confirm-dialog-message-no-apns":{"_":"수신한 설정 메시지에 올바른 APN정보가 없습니다."}}