{"title":{"_":"„WAP Push“ pranešimas"},"close":{"_":"Užverti"},"accept":{"_":"Priimti"},"quit":{"_":"Išeiti"},"cancel":{"_":"Atsisakyti"},"store":{"_":"Įrašyti"},"try-again":{"_":"Bandyti vėl"},"finish":{"_":"Baigti"},"this-message-has-expired":{"_":"Šis pranešimas nebegalioja"},"cp-pin":{"placeholder":"PIN"},"cp-message-received":{"_":"Gautas konfigūracinis pranešimas"},"cp-container-title":{"_":"OTA prieigos taškos konfigūracija"},"cp-accept-help":{"_":"Gautas konfigūracinis pranešimas. Jeigu norite tęsti, bakstelėkite „Priimti“."},"cp-accept-help-pin":{"_":"PIN kodą turėjo pateikti šio konfigūracinio pranešimo siuntėjas."},"cp-quit-app-confirm-dialog-message":{"_":"Šis pranešimas dar neapdorotas, ar tikrai norite išeiti?"},"cp-auth-failure-confirm-dialog-message":{"_":"PIN kodas, kurį įvedėte, yra nateisingas. PIN kodą jums turėjo pateikti šio konfigūracinio pranešimo siuntėjas."},"cp-store-confirm-dialog-message":{"_":"Šiame įrenginyje bus įrašytas (-i) šis (šie) prieigos taškas (-ai):"},"cp-finish-confirm-dialog-message":{"_":"Prieigos taškas (-ai) sėkmingai įrašytas (-i)."},"cp-finish-confirm-dialog-message-invalid-doc":{"_":"Gautojo konfigūracinio pranešimo nepavyko autentikuoti su šia SIM kortele, todėl jo naudoti su šiuo įrenginiu negalima."},"cp-finish-confirm-dialog-message-auth-error":{"_":"Autentikuojant šio pranešimo siuntėją, įvyko klaida."},"cp-finish-confirm-dialog-message-auth-unsupported-mechanism":{"_":"Autentikavimo mechanizmas dar nepalaikomas."},"cp-finish-confirm-dialog-message-no-apns":{"_":"Gautajame konfigūraciniame pranešime nėra prieigos taškų konfigūracijos."}}