{"title":{"_":"Порака на WAP Push"},"close":{"_":"Затвори"},"accept":{"_":"Прифати"},"quit":{"_":"Исклучи"},"cancel":{"_":"Откажи"},"store":{"_":"Продавница"},"try-again":{"_":"Повторно"},"finish":{"_":"Заврши"},"this-message-has-expired":{"_":"Оваа порака е застарена"},"cp-pin":{"placeholder":"ПИН"},"cp-message-received":{"_":"Конфигурациската порака е примена"},"cp-container-title":{"_":"Конфигурација на OTA Access Point"},"cp-accept-help":{"_":"Конфигурациската порака е примена. Кликнете на „Прифати“ за да продолжите."},"cp-accept-help-pin":{"_":"ПИН-кодот би требало да го добиете од каде што сте ја добиле конфигурациската порака."},"cp-quit-app-confirm-dialog-message":{"_":"Пораката сѐ уште не е проследена. Навистина сакате да се откажете?"},"cp-auth-failure-confirm-dialog-message":{"_":"ПИН-кодот што го внесовте не е точен. ПИН-кодот би требало да го добиете од каде што сте ја добиле конфигурациската порака."},"cp-store-confirm-dialog-message":{"_":"Имињата на следните пристапни точки ќе бидат зачувани на вашиот телефон:"},"cp-finish-confirm-dialog-message":{"_":"Готово, имињата на пристапните точки се зачувани."},"cp-finish-confirm-dialog-message-invalid-doc":{"_":"Конфигурациската порака што ја примивте не одговара на вашата СИМ-картичка, па не може да се користи на овој уред."},"cp-finish-confirm-dialog-message-auth-error":{"_":"Се случи грешка при потврдувањето на испраќачот на пораката."},"cp-finish-confirm-dialog-message-auth-unsupported-mechanism":{"_":"Механизмот на автентификација сѐ уште не е поддржан."},"cp-finish-confirm-dialog-message-no-apns":{"_":"Конфигурациската порака што ја добивте не содржи валидни имиња на пристапни точки."}}