{"title":{"_":"Mesej Menolak WAP"},"close":{"_":"Tutup"},"accept":{"_":"Terima"},"quit":{"_":"Keluar"},"cancel":{"_":"Batal"},"store":{"_":"Simpan"},"try-again":{"_":"Cuba lagi"},"finish":{"_":"Tamat"},"this-message-has-expired":{"_":"Mesej ini telah luput"},"cp-pin":{"placeholder":"PIN"},"cp-message-received":{"_":"Konfigurasi mesej diterima "},"cp-container-title":{"_":"Konfigurasi Titik Capaian OTA"},"cp-accept-help":{"_":"Konfigurasi mesej diterima, klik pada \"Terima\" untuk teruskan."},"cp-accept-help-pin":{"_":"Kod PIN sepatutnya disediakan untuk anda oleh sesiapa sahaja yang menghantar mesej konfigurasi kepada anda."},"cp-quit-app-confirm-dialog-message":{"_":"Mesej belum diproses lagi, adakah anda benar-benar ingin keluar?"},"cp-auth-failure-confirm-dialog-message":{"_":"PIN yang anda masukkan itu salah. Kod PIN sepatutnya disediakan untuk anda oleh sesiapa sahaja yang menghantar mesej konfigurasi kepada anda."},"cp-store-confirm-dialog-message":{"_":"Anda sudah sedia untuk menyimpan APN berikut pada telefon anda:"},"cp-finish-confirm-dialog-message":{"_":"Kami telah selesai, APN telah disimpan."},"cp-finish-confirm-dialog-message-invalid-doc":{"_":"Mesej konfigurasi yang anda terima tidak dapat disahkan kepada kad SIM anda, maka tidak dapat digunakan untuk konfigur peranti anda."},"cp-finish-confirm-dialog-message-auth-error":{"_":"Ralat berlaku semasa mengesahkan penghantar mesej."},"cp-finish-confirm-dialog-message-auth-unsupported-mechanism":{"_":"Mekanisma pengesahan belum lagi disokong."},"cp-finish-confirm-dialog-message-no-apns":{"_":"Mesej konfigurasi yang anda terima tiada APN  yang sah."}}