{"title":{"_":"डब्लु ए पी धकेलेको सन्देश"},"close":{"_":"बन्द गर्नुहोस्"},"accept":{"_":"स्वीकार गर्नुहोस्"},"quit":{"_":"अन्त्य गर्नुहोस्"},"cancel":{"_":"रद्द गर्नुहोस्"},"store":{"_":"भण्डार गर्नुहोस्"},"try-again":{"_":"पुन: प्रयास गर्नुहोस्"},"finish":{"_":"समाप्त"},"this-message-has-expired":{"_":"यो सन्देशको समाप्ति भइसक्यो"},"cp-pin":{"placeholder":"PIN"},"cp-message-received":{"_":"कन्फिगरेसन सन्देश प्राप्त भयो"},"cp-container-title":{"_":"OTA पहुँच बिन्दु कन्फिगरेसन"},"cp-accept-help":{"_":"कन्फिगरेसन सन्देस प्राप्त भइसक्यो, जारी राख्नको लागि 'स्विकृत' मा क्लिक गर्नुहोला।"},"cp-accept-help-pin":{"_":"तपाईंलाई जसले कन्फिगरेसन सन्देश पठाएको थियो उसले नै तपाईंलाई PIN कोड प्रदान गरेको हुनुपर्दछ ।"},"cp-quit-app-confirm-dialog-message":{"_":"यो सन्देस प्रक्रियामा गईसकेको छैन, के तपाई अन्त्य गर्न चाहनु हुन्छ ?"},"cp-auth-failure-confirm-dialog-message":{"_":"तपाईंले प्रविष्ट गर्नुभएको PIN गलत भयो। तपाईंलाई जसले कन्फिगरेसन सन्देश पठाएको थियो उसले नै तपाईंलाई PIN कोड प्रदान गरेको हुनुपर्दछ ।"},"cp-store-confirm-dialog-message":{"_":"तपाईले यी निम्न उल्लेखित ए पी एन(हरु) आफ्नो फोनमा भन्दाकरण गर्न गइरहनु भएको छ :"},"cp-finish-confirm-dialog-message":{"_":"प्रक्रिया सकियो, ए पी एन(हरु) भन्दाकरण भईसकेको छ ।"},"cp-finish-confirm-dialog-message-invalid-doc":{"_":"तपाईंले प्राप्त गर्नुभएको कन्फिगरेसन सन्देश तपाईंको सिम कार्ड विरुद्ध प्रमाणीकरण गर्न सकिँदैन त्यसकारण तपाईंको यन्त्र कन्फिगर गर्नको लागि प्रयोग गर्न मिल्दैन"},"cp-finish-confirm-dialog-message-auth-error":{"_":"सन्देसको प्रेषक प्रमाणिकरण गर्दा त्रुटि भेटिएको छ ।"},"cp-finish-confirm-dialog-message-auth-unsupported-mechanism":{"_":"प्रमणिकारण को क्रियाविधि अझै समर्थन भएको छैन ।"},"cp-finish-confirm-dialog-message-no-apns":{"_":"तपाइले पाउनुभएको कन्फिगरेसन सन्देसमा मान्य ए पी एन हरु छैन ।"}}