{"title":{"_":"WAP-pushbericht"},"close":{"_":"Sluiten"},"accept":{"_":"Accepteren"},"quit":{"_":"Afsluiten"},"cancel":{"_":"Annuleren"},"store":{"_":"Opslaan"},"try-again":{"_":"Opnieuw proberen"},"finish":{"_":"Voltooien"},"this-message-has-expired":{"_":"Deze melding is verlopen"},"cp-pin":{"placeholder":"Pincode"},"cp-message-received":{"_":"Configuratiebericht ontvangen"},"cp-container-title":{"_":"OTA-toegangspuntconfiguratie"},"cp-accept-help":{"_":"Configuratiebericht ontvangen, klik op ‘Accepteren’ om door te gaan."},"cp-accept-help-pin":{"_":"De pincode hoort aan u te zijn verstrekt door degene die u het configuratiebericht heeft gestuurd."},"cp-quit-app-confirm-dialog-message":{"_":"Het bericht is nog niet verwerkt, wilt u echt afsluiten?"},"cp-auth-failure-confirm-dialog-message":{"_":"De ingevoerde pincode is onjuist. De pincode hoort aan u te zijn verstrekt door degene die u het configuratiebericht heeft gestuurd."},"cp-store-confirm-dialog-message":{"_":"U gaat de volgende APN(’s) op uw telefoon opslaan:"},"cp-finish-confirm-dialog-message":{"_":"We zijn klaar, de APN(’s) zijn nu opgeslagen."},"cp-finish-confirm-dialog-message-invalid-doc":{"_":"Het configuratiebericht dat u hebt ontvangen kon niet tegen uw simkaart worden geverifieerd, dus het kan niet worden gebruikt om uw apparaat te configureren."},"cp-finish-confirm-dialog-message-auth-error":{"_":"Er is een fout opgetreden bij het verifiëren van de verzender van het bericht."},"cp-finish-confirm-dialog-message-auth-unsupported-mechanism":{"_":"Het verificatiemechanisme wordt nog niet ondersteund."},"cp-finish-confirm-dialog-message-no-apns":{"_":"Het configuratiebericht dat u hebt ontvangen bevat geen geldige APN’s."},"sim":{"_":"Simkaart {{id}}"},"dsds-notification-title-with-sim":{"_":"({{sim}}) {{title}}"}}