{"title":{"_":"WAP ਪੁਸ਼ ਮੈਨੇਜਰ"},"close":{"_":"ਬੰਦ ਕਰੋ"},"accept":{"_":"ਮਨਜ਼ੂਰ"},"quit":{"_":"ਬੰਦ ਕਰੋ"},"cancel":{"_":"ਰੱਦ ਕਰੋ"},"store":{"_":"ਸਟੋਰ"},"try-again":{"_":"ਫੇਰ ਕੋਸ਼ਿਸ਼"},"finish":{"_":"ਮੁਕੰਮਲ"},"this-message-has-expired":{"_":"ਇਹ ਸੁਨੇਹੇ ਦੀ ਮਿਆਦ ਪੁੱਗੀ"},"cp-pin":{"placeholder":"ਪਿੰਨ"},"cp-message-received":{"_":"ਸੰਰਚਨਾ ਸੁਨੇਹਾ ਮਿਲਿਆ"},"cp-container-title":{"_":"OTA ਅਸੈਸ ਪੁਆਇੰਟ ਸੰਰਚਨਾ"},"cp-accept-help":{"_":"ਸੰਰਚਨਾ ਸੁਨੇਹਾ ਮਿਲਿਆ, ਜਾਰੀ ਰੱਖਣ ਲਈ “ਮਨਜ਼ੂਰ” ਉੱਤੇ ਕਲਿੱਕ ਕਰੋ।"},"cp-accept-help-pin":{"_":"ਤੁਹਾਨੂੰ ਪਿੰਨ ਕੋਡ ਉਸ ਵਲੋਂ ਦਿੱਤਾ ਜਾਣਾ ਚਾਹੀਦਾ ਹੈ, ਜਿਸ ਨੇ ਵੀ ਸੰਰਚਨਾ ਸੁਨੇਹਾ ਭੇਜਿਆ ਹੈ।"},"cp-quit-app-confirm-dialog-message":{"_":"ਸੁਨੇਹੇ ਉੱਤੇ ਹਾਲੇ ਕਾਰਵਾਈ ਨਹੀਂ ਹੋਈ ਹੈ, ਕੀ ਤੁਸੀਂ ਬੰਦ ਕਰਨਾ ਚਾਹੁੰਦੇ ਹੋ?"},"cp-auth-failure-confirm-dialog-message":{"_":"ਤੁਹਾਡੇ ਵਲੋਂ ਦਿੱਤਾ ਗਿਆ ਪਿੰਨ ਗਲਤ ਹੈ। ਤੁਹਾਨੂੰ ਪਿੰਨ ਕੋਡ ਉਸ ਵਲੋਂ ਦਿੱਤਾ ਜਾਣਾ ਚਾਹੀਦਾ ਹੈ, ਜਿਸ ਨੇ ਵੀ ਸੰਰਚਨਾ ਸੁਨੇਹਾ ਭੇਜਿਆ ਹੈ।"},"cp-store-confirm-dialog-message":{"_":"ਤੁਸੀਂ ਆਪਣੇ ਫੋਨ ਉੱਤੇ ਹੇਠ ਦਿੱਤੇ APN ਸੰਭਾਲਣ ਜਾ ਰਹੇ ਹੋ:"},"cp-finish-confirm-dialog-message":{"_":"ਅਸੀਂ ਪੂਰਾ ਕਰ ਲਿਆ ਹੈ, APN ਨੂੰ ਹੁਣ ਸੰਭਾਲਿਆ ਜਾਵੇਗਾ।"},"cp-finish-confirm-dialog-message-invalid-doc":{"_":"ਤੁਹਾਨੂੰ ਪ੍ਰਾਪਤ ਸੰਰਚਨਾ ਸੁਨੇਹੇ ਦੀ ਪਰਮਾਣਕਿਤਾ ਤੁਹਾਡੇ ਸਿਮ ਕਾਰਡ ਲਈ ਕੀਤੀ ਨਹੀਂ ਜਾ ਸਕੀ, ਇਸਕਰਕੇ ਤੁਹਾਡੇ ਜੰਤਰ ਲਈ ਸੰਰਚਨਾ ਵਰਤੀ ਨਹੀਂ ਜਾ ਸਕਦੀ ਹੈ।"},"cp-finish-confirm-dialog-message-auth-error":{"_":"ਸੁਨੇਹਾ ਭੇਜਣ ਵਾਲੇ ਦੀ ਪਰਮਾਣਿਕਤਾ ਕਰਨ ਦੌਰਾਨ ਗਲਤੀ ਆਈ ਹੈ।"},"cp-finish-confirm-dialog-message-auth-unsupported-mechanism":{"_":"ਪਰਮਾਣਕਿਤਾ ਢੰਗ ਹਾਲੇ ਸਹਾਇਕ ਨਹੀਂ ਹੈ।"},"cp-finish-confirm-dialog-message-no-apns":{"_":"ਤੁਹਾਡੇ ਵਲੋਂ ਪ੍ਰਾਪਤ ਸੰਰਚਨਾ ਸੁਨੇਹਾ ਠੀਕ APN ਨਹੀਂ ਹੈ।"}}