{"title":{"_":"Wiadomość WAP Push"},"close":{"_":"Zamknij"},"accept":{"_":"Zaakceptuj"},"quit":{"_":"Wyjdź"},"cancel":{"_":"Anuluj"},"store":{"_":"Zapisz"},"try-again":{"_":"Spróbuj ponownie"},"finish":{"_":"Zakończ"},"this-message-has-expired":{"_":"Przedawniona wiadomość"},"cp-pin":{"placeholder":"PIN"},"cp-message-received":{"_":"Odebrano wiadmość konfiguracyjną"},"cp-container-title":{"_":"Konfiguracja punktu dostępu"},"cp-accept-help":{"_":"Otrzymano wiadmość konfiguracyjną. Wybierz „Zaakceptuj”, aby kontynuować."},"cp-accept-help-pin":{"_":"Kod PIN powinien zostać dostarczony przez wysyłającego wiadomość konfiguracyjną."},"cp-quit-app-confirm-dialog-message":{"_":"Wiadomość nie została jeszcze przetworzona - na pewno wyjść?"},"cp-auth-failure-confirm-dialog-message":{"_":"Wprowadzony kod PIN jest nieprawidłowy. Kod PIN powinien zostać dostarczony przez wysyłającego wiadomość konfiguracyjną."},"cp-store-confirm-dialog-message":{"_":"Następujące punkty dostępu zostaną zapisane na telefonie:"},"cp-finish-confirm-dialog-message":{"_":"Gotowe, punkty dostępu zostały zapisane."},"cp-finish-confirm-dialog-message-invalid-doc":{"_":"Otrzymana wiadomość konfuguracyjna nie może zostać uwierzytelniona dla tej karty SIM i nie może zostać wykorzystana do skonfigurowania urządzenia."},"cp-finish-confirm-dialog-message-auth-error":{"_":"Wystąpił błąd podczas uwierzytelniania wysyłającego wiadomość."},"cp-finish-confirm-dialog-message-auth-unsupported-mechanism":{"_":"Mechanizm uwierzytelniania nie jest jeszcze obsługiwany."},"cp-finish-confirm-dialog-message-no-apns":{"_":"Otrzymana wiadomość konfiguracyjna nie zawiera prawidłowych nazw punktów dostępu."}}