{"title":{"_":"Mensagem WAP Push"},"close":{"_":"Fechar"},"accept":{"_":"Aceitar"},"quit":{"_":"Sair"},"cancel":{"_":"Cancelar"},"store":{"_":"Salvar"},"try-again":{"_":"Tentar novamente"},"finish":{"_":"Concluir"},"this-message-has-expired":{"_":"Essa mensagem expirou"},"cp-pin":{"placeholder":"PIN"},"cp-message-received":{"_":"Mensagem de configuração recebida"},"cp-container-title":{"_":"Configuração do ponto de acesso OTA"},"cp-accept-help":{"_":"Mensagem de configuração recebida, clique eu 'Aceitar' para continuar."},"cp-accept-help-pin":{"_":"O PIN deve ser informado pelo remetente da mensagem de configuração."},"cp-quit-app-confirm-dialog-message":{"_":"A mensagem ainda não foi processada, você realmente deseja sair?"},"cp-auth-failure-confirm-dialog-message":{"_":"O PIN que você digitou é incorreto. O PIN deve ser informado pelo remetente da mensagem de configuração."},"cp-store-confirm-dialog-message":{"_":"Você está prestes a salvar os seguintes APN(s) no seu telefone:"},"cp-finish-confirm-dialog-message":{"_":"Processo concluído, as APN(s) estão salvas."},"cp-finish-confirm-dialog-message-invalid-doc":{"_":"A mensagem de configuração que você recebeu não pode ser autenticada com seu cartão SIM, e por isso não pode ser usada para configurar seu dispositivo."},"cp-finish-confirm-dialog-message-auth-error":{"_":"Houve um erro ao autenticar o remetente da mensagem."},"cp-finish-confirm-dialog-message-auth-unsupported-mechanism":{"_":"O mecanismo de autenticação ainda não é suportado."},"cp-finish-confirm-dialog-message-no-apns":{"_":"A mensagem de configuração não inclui nenhum APN válido."},"cp-message-received-not-processed":{"_":"A mensagem de configuração ainda não foi processada"}}