{"title":{"_":"Mesaj push WAP"},"close":{"_":"Închide"},"accept":{"_":"Acceptă"},"quit":{"_":"Ieși"},"cancel":{"_":"Renunță"},"store":{"_":"Stochează"},"try-again":{"_":"Încearcă din nou"},"finish":{"_":"Finalizează"},"this-message-has-expired":{"_":"Acest mesaj a expirat"},"cp-pin":{"placeholder":"Cod PIN"},"cp-message-received":{"_":"Mesaj de configurare primit"},"cp-container-title":{"_":"Configurarea punctului de acces OTA"},"cp-accept-help":{"_":"Mesaj de configurare primit, clic pe „Acceptă” pentru a continua."},"cp-accept-help-pin":{"_":"Codul PIN ar trebui să fi fost furnizat de către cine ți-a trimis mesajul de configurare."},"cp-quit-app-confirm-dialog-message":{"_":"Mesajul nu a fost procesat încă, sigur dorești să ieși?"},"cp-auth-failure-confirm-dialog-message":{"_":"Codul PIN introdus este incorect. Codul PIN ar trebui să fi fost furnizat de către cine ți-a trimis mesajul de configurare."},"cp-store-confirm-dialog-message":{"_":"Ești pe cale să stochezi următoarele APN(-uri) pe telefon:"},"cp-finish-confirm-dialog-message":{"_":"Suntem gata, APN(-urile) sunt acum stocate."},"cp-finish-confirm-dialog-message-invalid-doc":{"_":"Mesajul de configurare primit nu a putut fi autentificat folosind cartela SIM, așadar nu poate fi folosit pentru a configura dispozitivul."},"cp-finish-confirm-dialog-message-auth-error":{"_":"A apărut o eroare la autentificarea expeditorului mesajului."},"cp-finish-confirm-dialog-message-auth-unsupported-mechanism":{"_":"Mecanismul de autentificare nu este suportat încă."},"cp-finish-confirm-dialog-message-no-apns":{"_":"Mesajul de configurare pe care l-ai primit nu are APN-uri valide."}}