{"title":{"_":"WAP Push сообщение"},"close":{"_":"Закрыть"},"accept":{"_":"Принять"},"quit":{"_":"Выход"},"cancel":{"_":"Отмена"},"store":{"_":"Хранить"},"try-again":{"_":"Попробовать снова"},"finish":{"_":"Готово"},"this-message-has-expired":{"_":"Это сообщение истекло"},"cp-pin":{"placeholder":"PIN"},"cp-message-received":{"_":"Получено сообщение с конфигурацией"},"cp-container-title":{"_":"Конфигурация точки доступа OTA"},"cp-accept-help":{"_":"Получено сообщение с конфигурацией, щёлкните на “Принять” для продолжения."},"cp-accept-help-pin":{"_":"PIN-код должен быть предоставлен вам тем, кто послал вам сообщение с конфигурацией."},"cp-quit-app-confirm-dialog-message":{"_":"Сообщение ещё не было обработано, вы действительно хотите выйти?"},"cp-auth-failure-confirm-dialog-message":{"_":"Введённый вами PIN-код является неверным. PIN-код должен быть предоставлен вам тем, кто послал вам сообщение с конфигурацией."},"cp-store-confirm-dialog-message":{"_":"Вы собираетесь сохранить на вашем телефоне следующие APN:"},"cp-finish-confirm-dialog-message":{"_":"Мы закончили, APN были сохранены."},"cp-finish-confirm-dialog-message-invalid-doc":{"_":"Полученное вами сообщение с конфигурацией, не могло быть аутентифицировано с вашей SIM-картой, поэтому не могло быть использовано для настройки вашего устройства."},"cp-finish-confirm-dialog-message-auth-error":{"_":"При аутентификации отправителя сообщения произошла ошибка."},"cp-finish-confirm-dialog-message-auth-unsupported-mechanism":{"_":"Механизм аутентификации пока не поддерживается."},"cp-finish-confirm-dialog-message-no-apns":{"_":"Полученное вами сообщение с конфигурацией не содержит корректных APN."}}