{"title":{"_":"Správa WAP Push"},"close":{"_":"Zavrieť"},"accept":{"_":"Prijať"},"quit":{"_":"Koniec"},"cancel":{"_":"Zrušiť"},"store":{"_":"Uložiť"},"try-again":{"_":"Skúsiť znova"},"finish":{"_":"Dokončiť"},"this-message-has-expired":{"_":"Platnosť tejto správy vypršala"},"cp-pin":{"placeholder":"PIN"},"cp-message-received":{"_":"Prijatá konfiguračná správa"},"cp-container-title":{"_":"Nastavenie prístupového bodu OTA"},"cp-accept-help":{"_":"Prijatá konfiguračná správa, pokračujte kliknutím na tlačidlo 'Prijať'."},"cp-accept-help-pin":{"_":"Kód PIN vám musí poskytnúť odosielateľ konfiguračnej správy"},"cp-quit-app-confirm-dialog-message":{"_":"Správa ešte nebola spracovaná, naozaj chcete skončiť?"},"cp-auth-failure-confirm-dialog-message":{"_":"Zadaný kód PIN je neplatný. Kód PIN vám musí poskytnúť odosielateľ konfiguračnej správy."},"cp-store-confirm-dialog-message":{"_":"Chystáte sa uložiť nasledujúce body APN na svojom telefóne:"},"cp-finish-confirm-dialog-message":{"_":"Hotovo, APN je teraz uložený."},"cp-finish-confirm-dialog-message-invalid-doc":{"_":"Prijatá konfiguračná správa nemohla byť overená vašou kartou SIM, takže nemôže byť použitá na nastavenie Vášho zariadenia."},"cp-finish-confirm-dialog-message-auth-error":{"_":"Počas overenia odosielateľa tejto správy sa vyskytla chyba."},"cp-finish-confirm-dialog-message-auth-unsupported-mechanism":{"_":"Mechanizmus overenia nie je ešte podporovaný."},"cp-finish-confirm-dialog-message-no-apns":{"_":"Prijatá konfiguračná správa neobsahuje žiadne platné body APN."}}