{"title":{"_":"Mesazh WAP Push"},"close":{"_":"Mbylle"},"accept":{"_":"Pranoje"},"quit":{"_":"Dil"},"cancel":{"_":"Anuloje"},"store":{"_":"Depozitoje"},"try-again":{"_":"Riprovo"},"finish":{"_":"Përfundoje"},"this-message-has-expired":{"_":"Ky mesazh ka skaduar"},"cp-pin":{"placeholder":"PIN"},"cp-message-received":{"_":"U mor mesazh formësimi"},"cp-container-title":{"_":"Formësim Pike Aksesi OTA"},"cp-accept-help":{"_":"U mor mesazh formësimi, klikoni mbi 'Pranoje' që të vazhdohet."},"cp-accept-help-pin":{"_":"Kodi PIN do t'ju jetë dhënë nga cilido që ju dërgoi mesazhin e formësimit."},"cp-quit-app-confirm-dialog-message":{"_":"Mesazhi nuk është përpunuar ende, doni të dilni vërtet?"},"cp-auth-failure-confirm-dialog-message":{"_":"PIN-i që dhatë është i pasaktë. Kodi PIN duhet t'ju jetë dhënë nga cilido që ju dërgoi mesazhin e formësimit."},"cp-store-confirm-dialog-message":{"_":"Ju ndan një hap nga depozitimi i APN-ve vijuese në telefonin tuaj:"},"cp-finish-confirm-dialog-message":{"_":"Mbaruam, APN-të tani u depozituan."},"cp-finish-confirm-dialog-message-invalid-doc":{"_":"Mesazhi i formësimit që morët nuk u mirëfilltësua dot karshi kartës suaj SIM, ndaj nuk mund të përdoret për të formësuar pajisjen tuaj."},"cp-finish-confirm-dialog-message-auth-error":{"_":"Pati një gabim gjatë mirëfilltësimit të dërguesit të mesazhit."},"cp-finish-confirm-dialog-message-auth-unsupported-mechanism":{"_":"Nuk mbulohet ende mekanizmi i mirëfilltësimit."},"cp-finish-confirm-dialog-message-no-apns":{"_":"Mesazhi i mirëfilltësimit që morët nuk ka APN të vlefshme."}}