{"title":{"_":"WAP Push порука"},"close":{"_":"Затвори"},"accept":{"_":"Прихвати"},"quit":{"_":"Изађи"},"cancel":{"_":"Откажи"},"store":{"_":"Запамти"},"try-again":{"_":"Покушај поново"},"finish":{"_":"Заврши"},"this-message-has-expired":{"_":"Ова порука је истекла"},"cp-pin":{"placeholder":"PIN"},"cp-message-received":{"_":"Примљена је порука са поставкама"},"cp-container-title":{"_":"Поставке OTA AP"},"cp-accept-help":{"_":"Порука са поставкама је примљена, притисните 'Прихвати' да бисте наставили."},"cp-accept-help-pin":{"_":"PIN шифра Вам је требала бити обезбеђена од стране оног ко Вам је послао поруку са поставкама."},"cp-quit-app-confirm-dialog-message":{"_":"Порука још није обрађена, да ли стварно желите да одустанете?"},"cp-auth-failure-confirm-dialog-message":{"_":"PIN који сте унели је нетачан. PIN шифра Вам је требала бити обезбеђена од стране оног ко Вам је послао поруку са поставкама."},"cp-store-confirm-dialog-message":{"_":"У процесу сте чувања следећих APN-ова на Ваш телефон:"},"cp-finish-confirm-dialog-message":{"_":"Готови смо, APN је сада сачуван."},"cp-finish-confirm-dialog-message-invalid-doc":{"_":"Порука са поставкама коју сте примили се није могла аутентификовати од стране Ваше SIM картице, па се не може користити за подешавање Вашег уређаја."},"cp-finish-confirm-dialog-message-auth-error":{"_":"Дошло је до грешке током аутентификације пошиљаоца поруке."},"cp-finish-confirm-dialog-message-auth-unsupported-mechanism":{"_":"Механизам аутентификације још није подржан."},"cp-finish-confirm-dialog-message-no-apns":{"_":"Порука са поставкама коју сте примили не садржи исправне APN-ове."},"sim":{"_":"SIM {{id}}"},"dsds-notification-title-with-sim":{"_":"({{sim}}) {{title}}"}}