{"title":{"_":"WAP Push poruka"},"close":{"_":"Zatvori"},"accept":{"_":"Prihvati"},"quit":{"_":"Izađi"},"cancel":{"_":"Otkaži"},"store":{"_":"Zapamti"},"try-again":{"_":"Pokušaj ponovo"},"finish":{"_":"Završi"},"this-message-has-expired":{"_":"Ova poruka je istekla"},"cp-pin":{"placeholder":"PIN"},"cp-message-received":{"_":"Primljena je poruka sa postavkama"},"cp-container-title":{"_":"Postavke OTA AP"},"cp-accept-help":{"_":"Poruka sa postavkama je primljena, pritisnite 'Prihvati' da biste nastavili."},"cp-accept-help-pin":{"_":"PIN šifra Vam je trebala biti obezbeđena od strane onog ko Vam je poslao poruku sa postavkama."},"cp-quit-app-confirm-dialog-message":{"_":"Poruka još nije obrađena, da li stvarno želite da odustanete?"},"cp-auth-failure-confirm-dialog-message":{"_":"PIN koji ste uneli je netačan. PIN šifra Vam je trebala biti obezbeđena od strane onog ko Vam je poslao poruku sa postavkama."},"cp-store-confirm-dialog-message":{"_":"U procesu ste čuvanja sledećih APN-ova na Vaš telefon:"},"cp-finish-confirm-dialog-message":{"_":"Gotovi smo, APN je sada sačuvan."},"cp-finish-confirm-dialog-message-invalid-doc":{"_":"Poruka sa postavkama koju ste primili se nije mogla autentifikovati od strane Vaše SIM kartice, pa se ne može koristiti za podešavanje Vašeg uređaja."},"cp-finish-confirm-dialog-message-auth-error":{"_":"Došlo je do greške tokom autentifikacije pošiljaoca poruke."},"cp-finish-confirm-dialog-message-auth-unsupported-mechanism":{"_":"Mehanizam autentifikacije još nije podržan."},"cp-finish-confirm-dialog-message-no-apns":{"_":"Poruka sa postavkama koju ste primili ne sadrži ispravne APN-ove."},"sim":{"_":"SIM {{id}}"},"dsds-notification-title-with-sim":{"_":"({{sim}}) {{title}}"}}