{"title":{"_":"WAP Push-meddelande"},"close":{"_":"Stäng"},"accept":{"_":"Acceptera"},"quit":{"_":"Avsluta"},"cancel":{"_":"Avbryt"},"store":{"_":"Lagra"},"try-again":{"_":"Försök igen"},"finish":{"_":"Slutför"},"this-message-has-expired":{"_":"Meddelandet har upphört"},"cp-pin":{"placeholder":"PIN"},"cp-message-received":{"_":"Konfigurationsmeddelande mottaget"},"cp-container-title":{"_":"OTA åtkomstpunktskonfiguration"},"cp-accept-help":{"_":"Konfigurationsmeddelande mottaget, klicka på \"Acceptera\" för att fortsätta."},"cp-accept-help-pin":{"_":"PIN-koden ska ha försetts av de som skicka konfigurationsmeddelandet till dig."},"cp-quit-app-confirm-dialog-message":{"_":"Meddelandet har inte behandlats än, vill du verkligen sluta?"},"cp-auth-failure-confirm-dialog-message":{"_":"PIN-koden som du har angett är felaktig. PIN-koden ska ha försetts av de som skicka konfigurationsmeddelandet till dig."},"cp-store-confirm-dialog-message":{"_":"Du håller på att lagra följande APN(er) på telefonen:"},"cp-finish-confirm-dialog-message":{"_":"Vi är färdiga, APN(er) lagras nu."},"cp-finish-confirm-dialog-message-invalid-doc":{"_":"Konfigurationsmeddelande du fick kunde inte verifieras mot ditt SIM-kort, så det kan inte användas för att konfigurera enheten."},"cp-finish-confirm-dialog-message-auth-error":{"_":"Det fanns ett fel under autentisering av meddelandets avsändare."},"cp-finish-confirm-dialog-message-auth-unsupported-mechanism":{"_":"Autentiseringsmekanismen stöds inte än."},"cp-finish-confirm-dialog-message-no-apns":{"_":"Konfigurationsmeddelande som du fått har inga giltiga APN:er."}}