{"title":{"_":"WAP Push mesajı"},"close":{"_":"Kapat"},"accept":{"_":"Kabul et"},"quit":{"_":"Çık"},"cancel":{"_":"İptal"},"store":{"_":"Sakla"},"try-again":{"_":"Yeniden dene"},"finish":{"_":"Bitir"},"this-message-has-expired":{"_":"Bu mesaj zaman aşımına uğramıştır"},"cp-pin":{"placeholder":"PIN"},"cp-message-received":{"_":"Yapılandırma mesajı alındı"},"cp-container-title":{"_":"OTA erişim noktası yapılandırması"},"cp-accept-help":{"_":"Yapılandırma mesajı alındı. Devam etmek için \"Kabul et\"e dokunun."},"cp-accept-help-pin":{"_":"PIN kodu, size yapılandırma mesajını gönderen firma tarafından verilmiş olmalıdır."},"cp-quit-app-confirm-dialog-message":{"_":"Mesaj henüz işlenmedi. Çıkmak istediğinizden emin misiniz?"},"cp-auth-failure-confirm-dialog-message":{"_":"Girdiğiniz PIN yanlış. PIN kodu, yapılandırma mesajını gönderen kişi tarafından size verilmiş olmalıdır."},"cp-store-confirm-dialog-message":{"_":"Aşağıdaki APN(ler)'i telefonunuza kaydetmek üzeresiniz:"},"cp-finish-confirm-dialog-message":{"_":"İşlem tamamlandı. APN(ler) kaydedilmiştir."},"cp-finish-confirm-dialog-message-invalid-doc":{"_":"Aldığınız yapılandırma mesajı SIM kartınız tarafından doğrulanamadı, o yüzden cihazınızı yapılandırmak için kullanılamıyor."},"cp-finish-confirm-dialog-message-auth-error":{"_":"Mesajı gönderen doğrulanırken bir hata oluştu."},"cp-finish-confirm-dialog-message-auth-unsupported-mechanism":{"_":"Doğrulama mekanizması henüz desteklenmiyor."},"cp-finish-confirm-dialog-message-no-apns":{"_":"Aldığınız yapılandırma mesajı geçerli bir APN içermiyor."}}