{"title":{"_":"WAP 推送信息"},"close":{"_":"关闭"},"accept":{"_":"接受"},"quit":{"_":"退出"},"cancel":{"_":"取消"},"store":{"_":"存储"},"try-again":{"_":"重试"},"finish":{"_":"结束"},"this-message-has-expired":{"_":"此消息已过期"},"cp-pin":{"placeholder":"PIN"},"cp-message-received":{"_":"收到配置信息"},"cp-container-title":{"_":"OTA 接入点配置"},"cp-accept-help":{"_":"配置信息已收到，请点击“接受”以继续。"},"cp-accept-help-pin":{"_":"PIN 码应该已经由给您发送配置信息的人提供给您了。"},"cp-quit-app-confirm-dialog-message":{"_":"该消息尚未处理，你确定要退出吗？"},"cp-auth-failure-confirm-dialog-message":{"_":"您输入的 PIN 码不正确。PIN 码应该已经由给您发送配置信息的人提供给您了。"},"cp-store-confirm-dialog-message":{"_":"你将要存储下列接入点名称（APN）到你的手机上："},"cp-finish-confirm-dialog-message":{"_":"我们已完成，接入点名称（APN）已存储。"},"cp-finish-confirm-dialog-message-invalid-doc":{"_":"SIM 卡无法验证收到的配置信息，因此不能用于配置您的设备。"},"cp-finish-confirm-dialog-message-auth-error":{"_":"验证短信的发送者时遇到一个错误。"},"cp-finish-confirm-dialog-message-auth-unsupported-mechanism":{"_":"尚不支持的身份验证机制。"},"cp-finish-confirm-dialog-message-no-apns":{"_":"您收到的配置消息不具有有效的接入点名称（APN）。"},"sim":{"_":"SIM {{id}}"},"dsds-notification-title-with-sim":{"_":"({{sim}}) {{title}}"}}