{"title":{"_":"WAP 推播訊息"},"close":{"_":"關閉"},"accept":{"_":"接受"},"quit":{"_":"離開"},"cancel":{"_":"取消"},"store":{"_":"儲存"},"try-again":{"_":"重試"},"finish":{"_":"完成"},"this-message-has-expired":{"_":"此訊息已過期"},"cp-pin":{"placeholder":"PIN"},"cp-message-received":{"_":"已接收設定訊息"},"cp-container-title":{"_":"OTA 存取點設定"},"cp-accept-help":{"_":"已接收設定簡訊，點選「接受」以繼續。"},"cp-accept-help-pin":{"_":"傳送設定簡訊給您的人應該已經提供 PIN 碼給您了。"},"cp-quit-app-confirm-dialog-message":{"_":"並未處理該簡訊，您真的要離開嗎？"},"cp-auth-failure-confirm-dialog-message":{"_":"您輸入的 PIN 碼不正確，傳送設定簡訊給您的人應該已經提供 PIN 碼給您了。"},"cp-store-confirm-dialog-message":{"_":"您即將在手機上儲存下列 APN:"},"cp-finish-confirm-dialog-message":{"_":"已完成儲存 APN。"},"cp-finish-confirm-dialog-message-invalid-doc":{"_":"無法使用您的 SIM 卡驗證您收到的設定簡訊，故該簡訊無法用來設定您的裝置。"},"cp-finish-confirm-dialog-message-auth-error":{"_":"驗證簡訊寄件者時發生錯誤。"},"cp-finish-confirm-dialog-message-auth-unsupported-mechanism":{"_":"未支援該驗證機制。"},"cp-finish-confirm-dialog-message-no-apns":{"_":"您收到的設定簡訊當中並未包含有效的 APN。"},"sim":{"_":"SIM {{id}}"},"dsds-notification-title-with-sim":{"_":"({{sim}}) {{title}}"}}