{"ringtone-title":{"_":"রিংটোন নির্বাচন"},"alerttone-title":{"_":"সতর্ক টোন নির্বাচন"},"done":{"_":"সম্পন্ন"},"ringer_classic_prism_ogg":{"_":"ক্লাসিক প্রিসম"},"ringer_classic_courier_opus":{"_":"ক্লাসিক কুরিয়ার"},"ringer_classic_touchmatic_opus":{"_":"ক্লাসিক টাচমেটিক"},"ringer_classic_electric_ogg":{"_":"ক্লাসিক্যাল ইলেক্ট্রিক"},"ringer_classic_wallphone_ogg":{"_":"ক্লাসিক ওয়ালফোন"},"ringer_disco_drive_opus":{"_":"ডিস্কো ড্রাইভ"},"ringer_vamos_la_elektro_opus":{"_":"ভামোস লা ইলেকট্রো"},"ringer_digitalascent_opus":{"_":"অ্যানালগ অ্যাসেন্ট"},"ringer_low_bit_swing_opus":{"_":"লো বিট সুইং"},"ringer_ringing_gems_opus":{"_":"রিংগিং জেমস"},"ringer_rain_echoes_opus":{"_":"রেইন ইকোস"},"ringer_progressive_dapple_opus":{"_":"প্রোগ্রেসিভ ড্যাপল"},"ringer_digital_dapple_opus":{"_":"অ্যানালগ ড্যাপল"},"ringer_loud_windchimes_opus":{"_":"উইন্ড চাইম্স"},"ringer_bitbounce_opus":{"_":"বিট বাউন্স"},"none":{"_":"কিছু নয়"},"notifier_minimal_bands_ogg":{"_":"নূন্যতম ব্যান্ড"},"notifier_exclamation_ogg":{"_":"এক্সক্লামেসন"},"notifier_boomer_opus":{"_":"বুমার"},"notifier_rewind_ogg":{"_":"রিওয়াইন্ড"},"notifier_bop_opus":{"_":"বুপ"},"notifier_ting_opus":{"_":"টিং"},"notifier_bap_opus":{"_":"ব্যাপ"},"notifier_dididi_opus":{"_":"ডিডিডি"},"notifier_spring_ogg":{"_":"স্প্রিং"},"notifier_bell_opus":{"_":"বেল"},"notifier_bell_extd_opus":{"_":"বেল এক্সটেন্ডেড"},"notifier_ring_ogg":{"_":"রিং"}}