{"ringtone-title":{"_":"Trieu to de trucada"},"alerttone-title":{"_":"Trieu to d'alerta"},"done":{"_":"Fet"},"ringer_classic_prism_ogg":{"_":"Prisma clàssic"},"ringer_classic_courier_opus":{"_":"Courier clàssic"},"ringer_classic_touchmatic_opus":{"_":"Touchmatic clàssic"},"ringer_classic_electric_ogg":{"_":"Elèctric clàssic"},"ringer_classic_wallphone_ogg":{"_":"Telèfon clàssic"},"ringer_disco_drive_opus":{"_":"Disco Drive"},"ringer_vamos_la_elektro_opus":{"_":"Vamos Là Elektro"},"ringer_digitalascent_opus":{"_":"Analog Ascent"},"ringer_low_bit_swing_opus":{"_":"Low Bit Swing"},"ringer_ringing_gems_opus":{"_":"Gemmes sonores"},"ringer_rain_echoes_opus":{"_":"Ecos de pluja"},"ringer_progressive_dapple_opus":{"_":"Progressive Dapple"},"ringer_digital_dapple_opus":{"_":"Analog Dapple"},"ringer_loud_windchimes_opus":{"_":"Sonalles eòliques"},"ringer_bitbounce_opus":{"_":"Rebot de bits"},"none":{"_":"Cap"},"notifier_minimal_bands_ogg":{"_":"Bandes minimalistes"},"notifier_exclamation_ogg":{"_":"Exclamació"},"notifier_boomer_opus":{"_":"Renou"},"notifier_rewind_ogg":{"_":"Rebobina"},"notifier_bop_opus":{"_":"Bop"},"notifier_ting_opus":{"_":"Ting"},"notifier_bap_opus":{"_":"Bap"},"notifier_dididi_opus":{"_":"Dididi"},"notifier_spring_ogg":{"_":"Molla"},"notifier_bell_opus":{"_":"Campana"},"notifier_bell_extd_opus":{"_":"Campana (llarg)"},"notifier_ring_ogg":{"_":"Trucada"}}