{"ringtone-title":{"_":"Volba vyzvánění"},"alerttone-title":{"_":"Volba upozornění"},"done":{"_":"Hotovo"},"ringer_classic_prism_ogg":{"_":"Classic Prism"},"ringer_classic_courier_opus":{"_":"Classic Courier"},"ringer_classic_touchmatic_opus":{"_":"Classic Touchmatic"},"ringer_classic_electric_ogg":{"_":"Classic Electric"},"ringer_classic_wallphone_ogg":{"_":"Classic Wallphone"},"ringer_disco_drive_opus":{"_":"Disco Drive"},"ringer_vamos_la_elektro_opus":{"_":"Vamos Là Elektro"},"ringer_digitalascent_opus":{"_":"Analog Ascent"},"ringer_low_bit_swing_opus":{"_":"Low Bit Swing"},"ringer_ringing_gems_opus":{"_":"Ringing Gems"},"ringer_rain_echoes_opus":{"_":"Rain Echoes"},"ringer_progressive_dapple_opus":{"_":"Progressive Dapple"},"ringer_digital_dapple_opus":{"_":"Analog Dapple"},"ringer_loud_windchimes_opus":{"_":"Wind Chimes"},"ringer_bitbounce_opus":{"_":"Bit Bounce"},"none":{"_":"Žádné"},"notifier_minimal_bands_ogg":{"_":"Minimal Bands           "},"notifier_exclamation_ogg":{"_":"Exclamation           "},"notifier_boomer_opus":{"_":"Boomer           "},"notifier_rewind_ogg":{"_":"Rewind           "},"notifier_bop_opus":{"_":"Bop           "},"notifier_ting_opus":{"_":"Ting           "},"notifier_bap_opus":{"_":"Bap           "},"notifier_dididi_opus":{"_":"Dididi           "},"notifier_spring_ogg":{"_":"Spring           "},"notifier_bell_opus":{"_":"Bell           "},"notifier_bell_extd_opus":{"_":"Bell Extended           "},"notifier_ring_ogg":{"_":"Ring"}}