{"ringtone-title":{"_":"Vælg ringetone"},"alerttone-title":{"_":"Vælg alarm"},"done":{"_":"Færdig"},"ringer_classic_prism_ogg":{"_":"Elektrisk ringetone"},"ringer_classic_courier_opus":{"_":"Skinger ringetone"},"ringer_classic_touchmatic_opus":{"_":"Vanvittig ringetone"},"ringer_classic_electric_ogg":{"_":"Gammel ringetone"},"ringer_classic_wallphone_ogg":{"_":"Oldgammel ringetone"},"ringer_disco_drive_opus":{"_":"Disco"},"ringer_vamos_la_elektro_opus":{"_":"Electro"},"ringer_digitalascent_opus":{"_":"Tiltagende stueorgel"},"ringer_low_bit_swing_opus":{"_":"Funky"},"ringer_ringing_gems_opus":{"_":"Ringende smykker"},"ringer_rain_echoes_opus":{"_":"Regnende ekko"},"ringer_progressive_dapple_opus":{"_":"Tiltagende væverier"},"ringer_digital_dapple_opus":{"_":"Analoge væverier"},"ringer_loud_windchimes_opus":{"_":"Vindharper"},"ringer_bitbounce_opus":{"_":"Trommehop"},"none":{"_":"Ingen"},"notifier_minimal_bands_ogg":{"_":"Miniband"},"notifier_exclamation_ogg":{"_":"Udråb"},"notifier_boomer_opus":{"_":"Boom boom"},"notifier_rewind_ogg":{"_":"Tilbage"},"notifier_bop_opus":{"_":"Bop"},"notifier_ting_opus":{"_":"Ting"},"notifier_bap_opus":{"_":"Bap"},"notifier_dididi_opus":{"_":"Dididi"},"notifier_spring_ogg":{"_":"Fjeder"},"notifier_bell_opus":{"_":"Klokke"},"notifier_bell_extd_opus":{"_":"Lang klokke"},"notifier_ring_ogg":{"_":"Ring"}}