{"ringtone-title":{"_":"Hautatu txirrin-tonua"},"alerttone-title":{"_":"Hautatu alerta-tonua"},"done":{"_":"Eginda"},"ringer_classic_prism_ogg":{"_":"Prisma klasikoa"},"ringer_classic_courier_opus":{"_":"Mezulari klasikoa"},"ringer_classic_touchmatic_opus":{"_":"Touchmatic klasikoa"},"ringer_classic_electric_ogg":{"_":"Elektriko klasikoa"},"ringer_classic_wallphone_ogg":{"_":"Telefono klasikoa"},"ringer_disco_drive_opus":{"_":"Disco Drive"},"ringer_vamos_la_elektro_opus":{"_":"Vamos Là Elektro"},"ringer_digitalascent_opus":{"_":"Analogiko gorakorra"},"ringer_low_bit_swing_opus":{"_":"Bit baxuko dilinda"},"ringer_ringing_gems_opus":{"_":"Harribitxi-hotsa"},"ringer_rain_echoes_opus":{"_":"Euri-oihartzuna"},"ringer_progressive_dapple_opus":{"_":"Dapple progresiboa"},"ringer_digital_dapple_opus":{"_":"Dapple analogikoa"},"ringer_loud_windchimes_opus":{"_":"Haize-hotsa"},"ringer_bitbounce_opus":{"_":"Bit-punpa"},"none":{"_":"Bat ere ez"},"notifier_minimal_bands_ogg":{"_":"Banda minimalista"},"notifier_exclamation_ogg":{"_":"Deiadarra"},"notifier_boomer_opus":{"_":"Burrunba"},"notifier_rewind_ogg":{"_":"Birbobinatzea"},"notifier_bop_opus":{"_":"Bop"},"notifier_ting_opus":{"_":"Ting"},"notifier_bap_opus":{"_":"Bap"},"notifier_dididi_opus":{"_":"Dididi"},"notifier_spring_ogg":{"_":"Udaberria"},"notifier_bell_opus":{"_":"Kanpaia"},"notifier_bell_extd_opus":{"_":"Kanpai hedatua"},"notifier_ring_ogg":{"_":"Txirrina"}}