{"ringtone-title":{"_":"Choisir sonnerie"},"alerttone-title":{"_":"Choisir alerte"},"done":{"_":"Terminé"},"ringer_classic_prism_ogg":{"_":"Téléphone 1"},"ringer_classic_courier_opus":{"_":"Téléphone 2"},"ringer_classic_touchmatic_opus":{"_":"Téléphone 3"},"ringer_classic_electric_ogg":{"_":"Ancien téléphone 1"},"ringer_classic_wallphone_ogg":{"_":"Ancien téléphone 2"},"ringer_disco_drive_opus":{"_":"Disco Drive"},"ringer_vamos_la_elektro_opus":{"_":"Vamos La Elektro"},"ringer_digitalascent_opus":{"_":"Progressif 1"},"ringer_low_bit_swing_opus":{"_":"Oscillation électro"},"ringer_ringing_gems_opus":{"_":"Sonnerie cristalline"},"ringer_rain_echoes_opus":{"_":"Gouttes de pluie"},"ringer_progressive_dapple_opus":{"_":"Progressif 2"},"ringer_digital_dapple_opus":{"_":"Numérique"},"ringer_loud_windchimes_opus":{"_":"Carillon"},"ringer_bitbounce_opus":{"_":"Petit rebond"},"none":{"_":"Aucune"},"notifier_minimal_bands_ogg":{"_":"Minimaliste"},"notifier_exclamation_ogg":{"_":"Exclamation"},"notifier_boomer_opus":{"_":"Porte"},"notifier_rewind_ogg":{"_":"En arrière"},"notifier_bop_opus":{"_":"Bop"},"notifier_ting_opus":{"_":"Ding"},"notifier_bap_opus":{"_":"Bip"},"notifier_dididi_opus":{"_":"Tidi"},"notifier_spring_ogg":{"_":"Ressort"},"notifier_bell_opus":{"_":"Cloche"},"notifier_bell_extd_opus":{"_":"Cloche (long)"},"notifier_ring_ogg":{"_":"Sonnerie"}}