{"ringtone-title":{"_":"Csengőhang"},"alerttone-title":{"_":"Riasztáshang"},"done":{"_":"Kész"},"ringer_classic_prism_ogg":{"_":"Klasszikus Prism"},"ringer_classic_courier_opus":{"_":"Klasszikus Courier"},"ringer_classic_touchmatic_opus":{"_":"Klasszikus Touchmatic"},"ringer_classic_electric_ogg":{"_":"Klasszikus elektromos"},"ringer_classic_wallphone_ogg":{"_":"Klasszikus berregés"},"ringer_disco_drive_opus":{"_":"Diszkókirály"},"ringer_vamos_la_elektro_opus":{"_":"Vamos Là Elektro"},"ringer_digitalascent_opus":{"_":"Analóg emelkedés"},"ringer_low_bit_swing_opus":{"_":"Egyszerű ritmus"},"ringer_ringing_gems_opus":{"_":"Csengő drágakövek"},"ringer_rain_echoes_opus":{"_":"Esővisszhang"},"ringer_progressive_dapple_opus":{"_":"Progresszív minta"},"ringer_digital_dapple_opus":{"_":"Analóg minta"},"ringer_loud_windchimes_opus":{"_":"Szélzúgás"},"ringer_bitbounce_opus":{"_":"Pattogó bitek"},"none":{"_":"Nincs"},"notifier_minimal_bands_ogg":{"_":"Minimális sávok"},"notifier_exclamation_ogg":{"_":"Felkiáltás"},"notifier_boomer_opus":{"_":"Bumm"},"notifier_rewind_ogg":{"_":"Vissza"},"notifier_bop_opus":{"_":"Bop"},"notifier_ting_opus":{"_":"Ting"},"notifier_bap_opus":{"_":"Bap"},"notifier_dididi_opus":{"_":"Dididi"},"notifier_spring_ogg":{"_":"Rugó"},"notifier_bell_opus":{"_":"Csengő"},"notifier_bell_extd_opus":{"_":"Hosszú csengő"},"notifier_ring_ogg":{"_":"Csengetés"}}