{"ringtone-title":{"_":"ជ្រើស​សំឡេង​រោទ៍"},"alerttone-title":{"_":"ជ្រើស​សំឡេង​ជូន​ដំណឹង"},"done":{"_":"រួចរាល់"},"ringer_classic_prism_ogg":{"_":"តន្ត្រី​ព្រិស្ម​"},"ringer_classic_courier_opus":{"_":"តន្ត្រី​រេប"},"ringer_classic_touchmatic_opus":{"_":"តន្ត្រី Touchmatic"},"ringer_classic_electric_ogg":{"_":"តន្ត្រី​រំភើប​ចិត្ត"},"ringer_classic_wallphone_ogg":{"_":"តន្ត្រី Wallphone"},"ringer_disco_drive_opus":{"_":"ដាស​ឌីស្កូ"},"ringer_vamos_la_elektro_opus":{"_":"Vamos Là Elektro"},"ringer_digitalascent_opus":{"_":"រលក​សញ្ញា​ឡើង"},"ringer_low_bit_swing_opus":{"_":"សំឡេង​យោង​កម្រិត​ទាប"},"ringer_ringing_gems_opus":{"_":"Ringing Gems"},"ringer_rain_echoes_opus":{"_":"សូរខ្ទ័រ​ទឹក​ភ្លៀង"},"ringer_progressive_dapple_opus":{"_":"Progressive Dapple"},"ringer_digital_dapple_opus":{"_":"Analog Dapple"},"ringer_loud_windchimes_opus":{"_":"សូរ​កណ្ដឹង​អឺងកង"},"ringer_bitbounce_opus":{"_":"Bit Bounce"},"none":{"_":"គ្មាន"},"notifier_minimal_bands_ogg":{"_":"ក្រុម​តូច​បំផុត"},"notifier_exclamation_ogg":{"_":"ការ​លាន់មាត់"},"notifier_boomer_opus":{"_":"Boomer"},"notifier_rewind_ogg":{"_":"ខា​រ​ថយ​ក្រោយ"},"notifier_bop_opus":{"_":"Bop"},"notifier_ting_opus":{"_":"Ting"},"notifier_bap_opus":{"_":"Bap"},"notifier_dididi_opus":{"_":"Dididi"},"notifier_spring_ogg":{"_":"Spring"},"notifier_bell_opus":{"_":"កណ្ដឹង"},"notifier_bell_extd_opus":{"_":"Bell Extended"},"notifier_ring_ogg":{"_":"រោទ៍"}}