{"ringtone-title":{"_":"벨소리 선택"},"alerttone-title":{"_":"알림 소리 선택"},"done":{"_":"완료"},"ringer_classic_prism_ogg":{"_":"클래식 프리즘"},"ringer_classic_courier_opus":{"_":"클래식 커리어"},"ringer_classic_touchmatic_opus":{"_":"클래식 터치매틱"},"ringer_classic_electric_ogg":{"_":"클래식 일렉트링"},"ringer_classic_wallphone_ogg":{"_":"클래식 월폰"},"ringer_disco_drive_opus":{"_":"디스코 드라이브"},"ringer_vamos_la_elektro_opus":{"_":"Vamos Là Elektro"},"ringer_digitalascent_opus":{"_":"아날로그 상승"},"ringer_low_bit_swing_opus":{"_":"낮은 비트 스윙"},"ringer_ringing_gems_opus":{"_":"울리는 보석"},"ringer_rain_echoes_opus":{"_":"비 메아리"},"ringer_progressive_dapple_opus":{"_":"점진적인 얼룩덜룩"},"ringer_digital_dapple_opus":{"_":"아날로그 얼룩덜룩"},"ringer_loud_windchimes_opus":{"_":"윈드벨"},"ringer_bitbounce_opus":{"_":"비트 바운스"},"none":{"_":"없음"},"notifier_minimal_bands_ogg":{"_":"작은 밴드"},"notifier_exclamation_ogg":{"_":"감탄"},"notifier_boomer_opus":{"_":"부머"},"notifier_rewind_ogg":{"_":"되감기"},"notifier_bop_opus":{"_":"밥"},"notifier_ting_opus":{"_":"딸랑딸라"},"notifier_bap_opus":{"_":"뱁"},"notifier_dididi_opus":{"_":"디디디"},"notifier_spring_ogg":{"_":"봄"},"notifier_bell_opus":{"_":"벨"},"notifier_bell_extd_opus":{"_":"벨 확장"},"notifier_ring_ogg":{"_":"따르릉"}}