{"ringtone-title":{"_":"रिङ्टोन् चयन गर्नुहोस्"},"alerttone-title":{"_":"सावधानी टोन चयन गर्नुहोस्"},"done":{"_":"गरियो"},"ringer_classic_prism_ogg":{"_":"Classic Prism"},"ringer_classic_courier_opus":{"_":"Classic Courier"},"ringer_classic_touchmatic_opus":{"_":"Classic Touchmatic"},"ringer_classic_electric_ogg":{"_":"Classic Electric"},"ringer_classic_wallphone_ogg":{"_":"Classic Wallphone"},"ringer_disco_drive_opus":{"_":"डिस्को ड्राइभ"},"ringer_vamos_la_elektro_opus":{"_":"Vamos Là Elektro"},"ringer_digitalascent_opus":{"_":"Analog Ascent"},"ringer_low_bit_swing_opus":{"_":"Low Bit Swing"},"ringer_ringing_gems_opus":{"_":"Ringing Gems"},"ringer_rain_echoes_opus":{"_":"Rain Echoes"},"ringer_progressive_dapple_opus":{"_":"Progressive Dapple"},"ringer_digital_dapple_opus":{"_":"Analog Dapple"},"ringer_loud_windchimes_opus":{"_":"Wind Chimes"},"ringer_bitbounce_opus":{"_":"Bit Bounce"},"none":{"_":"कुनै पनि होइन"},"notifier_minimal_bands_ogg":{"_":"न्यूनतम ब्यान्डहरु"},"notifier_exclamation_ogg":{"_":"एक्स्क्लामेसन्"},"notifier_boomer_opus":{"_":"बुमर"},"notifier_rewind_ogg":{"_":"रिवाईन्ड"},"notifier_bop_opus":{"_":"Bop"},"notifier_ting_opus":{"_":"टिङ्"},"notifier_bap_opus":{"_":"Bap"},"notifier_dididi_opus":{"_":"Dididi"},"notifier_spring_ogg":{"_":"वसन्त ऋतु"},"notifier_bell_opus":{"_":"घण्टी"},"notifier_bell_extd_opus":{"_":"घण्टी विस्तारित"},"notifier_ring_ogg":{"_":"रिङ"}}