{"ringtone-title":{"_":"ਰਿੰਗ-ਟੋਨ ਚੁਣੋ"},"alerttone-title":{"_":"ਚੇਤਾਵਨੀ ਟੋਨ ਚੁਣੋ"},"done":{"_":"ਮੁਕੰਮਲ"},"ringer_classic_prism_ogg":{"_":"ਟਕਸਾਲੀ ਪ੍ਰਿਜ਼ਮ"},"ringer_classic_courier_opus":{"_":"ਟਕਸਾਲੀ ਕੂਰੀਅਰ"},"ringer_classic_touchmatic_opus":{"_":"ਟਕਸਾਲੀ Touchmatic"},"ringer_classic_electric_ogg":{"_":"ਟਕਸਾਲੀ ਇਲੈਕਟ੍ਰਿਕ"},"ringer_classic_wallphone_ogg":{"_":"ਟਕਸਾਲੀ ਵਾਲਫੋਨ"},"ringer_disco_drive_opus":{"_":"ਡਿਸਕੋ ਡਰਾਇਵ"},"ringer_vamos_la_elektro_opus":{"_":"Vamos Là Elektro"},"ringer_digitalascent_opus":{"_":"Analog Ascent"},"ringer_low_bit_swing_opus":{"_":"Low Bit Swing"},"ringer_ringing_gems_opus":{"_":"Ringing Gems"},"ringer_rain_echoes_opus":{"_":"Rain Echoes"},"ringer_progressive_dapple_opus":{"_":"Progressive Dapple"},"ringer_digital_dapple_opus":{"_":"Analog Dapple"},"ringer_loud_windchimes_opus":{"_":"Wind Chimes"},"ringer_bitbounce_opus":{"_":"Bit Bounce"},"none":{"_":"ਕੋਈ ਨਹੀਂ"},"notifier_minimal_bands_ogg":{"_":"Minimal Bands"},"notifier_exclamation_ogg":{"_":"Exclamation"},"notifier_boomer_opus":{"_":"Boomer"},"notifier_rewind_ogg":{"_":"Rewind"},"notifier_bop_opus":{"_":"ਬੁਪ"},"notifier_ting_opus":{"_":"ਟਿੰਗ"},"notifier_bap_opus":{"_":"ਬਾਪ"},"notifier_dididi_opus":{"_":"ਦੀਦੀਦੀ"},"notifier_spring_ogg":{"_":"ਸਪਰਿੰਗ"},"notifier_bell_opus":{"_":"ਘੰਟੀ"},"notifier_bell_extd_opus":{"_":"Bell Extended"},"notifier_ring_ogg":{"_":"ਰਿੰਗ"}}