{"ringtone-title":{"_":"Wybór dzwonka"},"alerttone-title":{"_":"Wybór alarmu"},"done":{"_":"Gotowe"},"ringer_classic_prism_ogg":{"_":"Classic Prism"},"ringer_classic_courier_opus":{"_":"Classic Courier"},"ringer_classic_touchmatic_opus":{"_":"Telefon elektroniczny"},"ringer_classic_electric_ogg":{"_":"Telefon elektryczny"},"ringer_classic_wallphone_ogg":{"_":"Telefon ścienny"},"ringer_disco_drive_opus":{"_":"Soft disco"},"ringer_vamos_la_elektro_opus":{"_":"Vamos Là Elektro"},"ringer_digitalascent_opus":{"_":"Analog Ascent"},"ringer_low_bit_swing_opus":{"_":"Low Bit Swing"},"ringer_ringing_gems_opus":{"_":"Dźwięczne kryształy"},"ringer_rain_echoes_opus":{"_":"Krople deszczu"},"ringer_progressive_dapple_opus":{"_":"Progressive Dapple"},"ringer_digital_dapple_opus":{"_":"Analog Dapple"},"ringer_loud_windchimes_opus":{"_":"Hulający wiatr"},"ringer_bitbounce_opus":{"_":"Bit Bounce"},"none":{"_":"Brak"},"notifier_minimal_bands_ogg":{"_":"Prosta harfa"},"notifier_exclamation_ogg":{"_":"Hej!"},"notifier_boomer_opus":{"_":"Bomba"},"notifier_rewind_ogg":{"_":"Retrospekcja"},"notifier_bop_opus":{"_":"Bop"},"notifier_ting_opus":{"_":"Pyk"},"notifier_bap_opus":{"_":"Bap"},"notifier_dididi_opus":{"_":"Trala"},"notifier_spring_ogg":{"_":"Sprężyna"},"notifier_bell_opus":{"_":"Dzwonek"},"notifier_bell_extd_opus":{"_":"Dłuższy dzwonek"},"notifier_ring_ogg":{"_":"Dzyń"}}