{"ringtone-title":{"_":"Выбор звука"},"alerttone-title":{"_":"Выбор звука"},"done":{"_":"Готово"},"ringer_classic_prism_ogg":{"_":"Классический"},"ringer_classic_courier_opus":{"_":"Офисный"},"ringer_classic_touchmatic_opus":{"_":"Зуммер"},"ringer_classic_electric_ogg":{"_":"Электрический"},"ringer_classic_wallphone_ogg":{"_":"Старый"},"ringer_disco_drive_opus":{"_":"Дискодрайв"},"ringer_vamos_la_elektro_opus":{"_":"Vamos Là Elektro"},"ringer_digitalascent_opus":{"_":"Аналоговый восход"},"ringer_low_bit_swing_opus":{"_":"Низкобитный свинг"},"ringer_ringing_gems_opus":{"_":"Звенящие самоцветы"},"ringer_rain_echoes_opus":{"_":"Эхо дождя"},"ringer_progressive_dapple_opus":{"_":"Нарастающие волны"},"ringer_digital_dapple_opus":{"_":"Аналоговые волны"},"ringer_loud_windchimes_opus":{"_":"Струны ветра"},"ringer_bitbounce_opus":{"_":"Технобит"},"none":{"_":"Нет"},"notifier_minimal_bands_ogg":{"_":"Минимелодия"},"notifier_exclamation_ogg":{"_":"Восклицание"},"notifier_boomer_opus":{"_":"Гармонь"},"notifier_rewind_ogg":{"_":"Перемотка"},"notifier_bop_opus":{"_":"Боп"},"notifier_ting_opus":{"_":"Писк"},"notifier_bap_opus":{"_":"Бап"},"notifier_dididi_opus":{"_":"Дидиди"},"notifier_spring_ogg":{"_":"Пружина"},"notifier_bell_opus":{"_":"Трам"},"notifier_bell_extd_opus":{"_":"Тадам"},"notifier_ring_ogg":{"_":"Бинг"}}