{"ringtone-title":{"_":"Zil sesi seçin"},"alerttone-title":{"_":"Uyarı sesi seçin"},"done":{"_":"Bitti"},"ringer_classic_prism_ogg":{"_":"Klasik Prizma"},"ringer_classic_courier_opus":{"_":"Klasik Kurye"},"ringer_classic_touchmatic_opus":{"_":"Klasik Dokunmatik"},"ringer_classic_electric_ogg":{"_":"Klasik Elektrik"},"ringer_classic_wallphone_ogg":{"_":"Klasik Duvar Telefonu"},"ringer_disco_drive_opus":{"_":"Disko Sürüşü"},"ringer_vamos_la_elektro_opus":{"_":"Vamos Là Elektro"},"ringer_digitalascent_opus":{"_":"Analog Yükselme"},"ringer_low_bit_swing_opus":{"_":"Alçak Bit Salınım"},"ringer_ringing_gems_opus":{"_":"Mücevherler"},"ringer_rain_echoes_opus":{"_":"Yağmur Yankıları"},"ringer_progressive_dapple_opus":{"_":"İlerleyen Puanlar"},"ringer_digital_dapple_opus":{"_":"Analog Puanlar"},"ringer_loud_windchimes_opus":{"_":"Rüzgâr Çanları"},"ringer_bitbounce_opus":{"_":"Bit Sıçraması"},"none":{"_":"Hiçbiri"},"notifier_minimal_bands_ogg":{"_":"Minimal Bantlar"},"notifier_exclamation_ogg":{"_":"Ünlem"},"notifier_boomer_opus":{"_":"Boomer"},"notifier_rewind_ogg":{"_":"Geri Sar"},"notifier_bop_opus":{"_":"Bop"},"notifier_ting_opus":{"_":"Ting"},"notifier_bap_opus":{"_":"Bap"},"notifier_dididi_opus":{"_":"Dididi"},"notifier_spring_ogg":{"_":"Yay"},"notifier_bell_opus":{"_":"Zil"},"notifier_bell_extd_opus":{"_":"Uzun Zil"},"notifier_ring_ogg":{"_":"Çan"}}