{"ringtone-title":{"_":"选择铃声"},"alerttone-title":{"_":"选择警示音效"},"done":{"_":"完成"},"ringer_classic_prism_ogg":{"_":"经典七彩"},"ringer_classic_courier_opus":{"_":"经典信使"},"ringer_classic_touchmatic_opus":{"_":"经典 Touchmatic"},"ringer_classic_electric_ogg":{"_":"经典电子音"},"ringer_classic_wallphone_ogg":{"_":"经典墙上电话"},"ringer_disco_drive_opus":{"_":"迪斯科"},"ringer_vamos_la_elektro_opus":{"_":"瓦莫斯拉电子音"},"ringer_digitalascent_opus":{"_":"模拟上升"},"ringer_low_bit_swing_opus":{"_":"低位摇摆"},"ringer_ringing_gems_opus":{"_":"铃声宝石"},"ringer_rain_echoes_opus":{"_":"雨声回响"},"ringer_progressive_dapple_opus":{"_":"渐进波纹"},"ringer_digital_dapple_opus":{"_":"模拟波纹"},"ringer_loud_windchimes_opus":{"_":"风铃"},"ringer_bitbounce_opus":{"_":"轻轻弹跳"},"none":{"_":"无"},"notifier_minimal_bands_ogg":{"_":"最小波段"},"notifier_exclamation_ogg":{"_":"警示"},"notifier_boomer_opus":{"_":"隆隆声"},"notifier_rewind_ogg":{"_":"重绕"},"notifier_bop_opus":{"_":"波普"},"notifier_ting_opus":{"_":"叮叮声"},"notifier_bap_opus":{"_":"Bap"},"notifier_dididi_opus":{"_":"嘀嘀声"},"notifier_spring_ogg":{"_":"弹簧音"},"notifier_bell_opus":{"_":"钟声"},"notifier_bell_extd_opus":{"_":"绵长钟声"},"notifier_ring_ogg":{"_":"响铃"}}