{"ok":{"_":"موافق"},"back":{"_":"العودة"},"help":{"_":"مساعدة"},"cancel":{"_":"إلغاء"},"close":{"_":"إغلاق"},"skip":{"_":"تخطّي"},"airplaneMode":{"_":"وضع الطيران"},"searching":{"_":"جارِ البحث..."},"noNetwork":{"_":"لا يوجد شبكة"},"roaming":{"_":"{{operator}} (تجوال) "},"emergencyCallsOnly":{"_":"مكالمات الطوارئ فقط"},"emergencyCallsOnly-unknownSIMState":{"_":"(حالة الـ SIM غير معروفة)"},"emergencyCallsOnly-noSIM":{"_":"(لايوجد SIM)"},"emergencyCallsOnly-pinRequired":{"_":"(مطلوب كود PIN)"},"emergencyCallsOnly-pukRequired":{"_":"(مطلوب كود PUK)"},"emergencyCallsOnly-networkLocked":{"_":"(الشبكة مُغلقة)"},"emergencyCallsOnly-serviceProviderLocked":{"_":"(مُغلَق من المزود)"},"emergencyCallsOnly-corporateLocked":{"_":"(مُغلَق من الشركة)"},"enterPIN":{"_":"أدخل كود PIN"},"statusbarLabel":{"_":"{{operator}} ،{{date}}"},"statusbarDateFormat":{"_":"%b %e"},"notifications":{"_":"التنبيهات"},"clear-all":{"_":"إزالة الكل"},"newVoicemails":{"_":"{[ plural(n) ]}","_[zero]":"لا يوجد بريد صوتي جديد","_[one]":"رسالة صوتية جديدة","_[two]":"{{n}} رسائل صوتية جديدة","_[few]":"{{n}} رسائل صوتية جديدة","_[many]":"{{n}} رسائل صوتية جديدة","_[other]":"{{n}} رسائل صوتية جديدة"},"newVoicemailsUnknown":{"_":"رسالة صوتية جديدة"},"dialNumber":{"_":"إتصال ب  {{number}}"},"deviceMenu":{"_":"الهاتف"},"airplane":{"_":"تفعيل وضع الطيران"},"airplaneOff":{"_":"تعطيل وضع الطيران"},"silent":{"_":"إسكات المكالمات الواردة"},"normal":{"_":"رنين المكالمات الواردة"},"restart":{"_":"إعادة التشغيل"},"power":{"_":"إيقاف التشغيل"},"asyncpanzoom":{"_":"تعطيل APZ للتطبيقات"},"asyncpanzoomOff":{"_":"تفعيل APZ للتطبيقات"},"enableScreenReaderSteps":{"_":"لتفعيل قارئ الشاشة،إضغط على زر الصوت للأعلى وزر الصوت للأسفل أكثر من ثلاث مرات"},"disableScreenReaderSteps":{"_":"لتعطيل قارئ الشاشة،إضغط على زر الصوت للأعلى وزر الصوت للأسفل أكثر من ثلاث مرات"},"no-recent-apps":{"_":"لا يوجد تطبيقات اخيرة"},"yes":{"_":"نعم"},"no":{"_":"لا"},"deny":{"_":"ارفض"},"allow":{"_":"سماح"},"dontshare-geolocation":{"_":"لا تُشارك"},"share-geolocation":{"_":"مُشاركة"},"dontshare-audio-capture":{"_":"لا تُشارك"},"share-audio-capture":{"_":"مُشاركة"},"dontshare-video-capture":{"_":"لا تُشارك"},"share-video-capture":{"_":"مُشاركة"},"dontshare-media-capture":{"_":"لا تُشارك"},"share-media-capture":{"_":"مُشاركة"},"device-front":{"_":"الكاميرا الأمامية"},"device-back":{"_":"الكاميرا الخلفية"},"remember-my-choice":{"_":"تذكر إختياري"},"more-info":{"_":"مزيد من المعلومات"},"install-app":{"_":"تثبيت {{name}}?"},"size":{"_":"الحجم"},"author":{"_":"المُبرمج"},"size-unknown":{"_":"غير معرف"},"author-unknown":{"_":"غير معرف"},"install":{"_":"تثبيت {{name}} من {{origin}}؟"},"bytes":{"_":"بايت"},"kB":{"_":"كيلوبايت"},"MB":{"_":"ميجا بايت"},"GB":{"_":"جيجا بايت"},"TB":{"_":"تيرا بايت"},"PB":{"_":"بيتا بايت"},"app-install-generic-error":{"_":"توقف تنزيل {{&nbsp;appName }} "},"app-install-download-failed":{"_":"فشل في تنزيل {{ appName }}"},"app-install-install-failed":{"_":"فشل في تثبيت {{ appName }} "},"cancelling-will-not-refund":{"_":"الالغاء لن يعيد النقود للمشترى. إعادة النقود للمحتوى المُشترى فقط من خلال البائع الاصلي."},"apps-can-be-installed-later":{"_":"يمكن تثبيت التطبيقات لاحقا من مصدر التثبيت الاصلي."},"are-you-sure-you-want-to-cancel":{"_":"هل أنت متأكد من إلغاء التثبيت؟"},"cancel-install":{"_":"إلغاء التثبيت"},"resume":{"_":"إستئناف"},"continue":{"_":"تابِع"},"stopDownloading":{"_":"إيقاف تنزيل {{ app }}؟"},"app-download-can-be-restarted":{"_":"يمكنك إعادة بدء التنزيل لاحقا."},"app-download-stop-button":{"_":"إيقاف التنزيل"},"not-enough-space":{"_":"لا توجد مساحة كافية "},"not-enough-space-message":{"_":"لا توجد مساحة كافية. اخذف التطبيقات القديمة أو الوسائط لتوفير مساحة وحاول التنزيل مرة اخرى من المصدر الرئيسي."},"app-install-success":{"_":"{{ appName }} تم تثبيته"},"setup":{"_":"الإعداد"},"ime-addkeyboards":{"_":"إضافة لوحة مفاتيح"},"later":{"_":"لاحقاً"},"download":{"_":"تنزيل"},"wantToDownload":{"_":"تنزيل التحديث الآن؟"},"wantToInstall":{"_":"تثبيت التحديث الأن؟"},"installNow":{"_":"التثبيت الآن"},"notNow":{"_":"ليس الآن"},"downloadingUpdateMessage":{"innerHTML":"جارِ تنزيل التحديثات...<span>{{ progress }} تم تنزيله.</span>"},"downloadingAppMessage":{"_":"جاري تنزيل {{ appName }}"},"downloadingAppProgressNoMax":{"_":"تم تنزيل {{ progress }}"},"downloadingAppProgressIndeterminate":{"_":"جاري التنزيل"},"downloadingAppProgress":{"_":"تم تنزيل {{ progress }} / {{ max }} "},"cancelAllDownloads":{"_":"إلغاء جميع التنزيلات"},"wantToCancelAll":{"_":"هل أنت متأكد من إلغاء جميع التنزيلات؟"},"downloadError":{"_":"حدث خطأ عند تنزيل التحديثات."},"updateAvailableInfo":{"innerHTML":"{[ plural(n) ]}","innerHTML[one]":"{{ n }} تحديثات متاحة. <span> اضغط للتحميل.</span>","innerHTML[two]":"{{ n }} تحديثات متاحة. <span> اضغط لمزيد من المعلومات.</span>","innerHTML[few]":"{{ n }} تحديثات متاحة. <span> اضغط لمزيد من المعلومات.</span>","innerHTML[many]":"{{ n }} تحديثات متاحة. <span> اضغط لمزيد من المعلومات.</span>","innerHTML[other]":"{{ n }} تحديثات متاحة. <span> اضغط لمزيد من المعلومات.</span>"},"numberOfUpdates":{"_":"{[ plural(n) ]}","_[one]":"متوفر {{ n }} تحديث","_[two]":"متوفر {{ n }} تحديثات","_[few]":"متوفر {{ n }} تحديثات","_[many]":"متوفر {{ n }} تحديثات","_[other]":"متوفر {{ n }} تحديثات"},"systemUpdate":{"_":"تحديث النظام"},"systemUpdateReady":{"_":"تحديث النظام جاهز"},"required":{"_":"مطلوب"},"uncompressingMessage":{"innerHTML":"جارِ فك الضغط… <span>ربما يحتاج لبضعة دقائق.</span>"},"downloadNoWifiWarning":{"_":"اللاسلكي غير متاح. التحديث باستخدام هذه الشبكة ربما سيترتب عليه رسوم اضافية."},"downloadOfflineWarning":{"_":"لا يوجد اتصال. اتصل بشبكة لتنزيل التحديثات."},"downloadDataConnectionWarning":{"_":"يتم تنزيل التحديثات عبر وصلة البيانات عند عدم توفر وصلة اللاسلكي. قد يتم اضافة رسوم اخرى."},"downloadUpdatesViaDataConnection":{"_":"تنزيل التحديثات عن طريق وصلة البيانات؟"},"downloadUpdatesViaDataConnectionMessage":{"_":"يتم تنزيل التحديثات عبر وصلة البيانات عند عدم توفر وصلة اللاسلكي. قد يتم اضافة رسوم اخرى. عند استخدام وصلة البيانات، ربما سيتم حجب المكالمات ويتم اضافة رسوم اخرى."},"screenshotSaved":{"_":"تم حفظ لقطة الشاشة في الأستوديو"},"screenshotFailed":{"_":"لم يتم حفظ لقطة الشاشة"},"screenshotNoSDCard":{"_":"لم يتم العثور على بطاقة ذاكرة"},"screenshotSDCardInUse":{"_":"بطاقة الذاكرة قيد الاستعمال"},"screenshotSDCardLow":{"_":"لا توجد مساحة كافية على بطاقة الذاكرة"},"emergency-call-button":{"_":"مكالمة الطوارئ"},"emergency-call":{"_":"مكالمة الطوارئ"},"unlock-a11y-button":{"ariaLabel":"فتح القفل"},"camera-a11y-button":{"ariaLabel":"الكاميرا"},"longDateFormat":{"_":"%A, %B %e"},"softwareHomeButton":{"ariaLabel":"الرئيسية"},"login":{"_":"تسجيل الدخول"},"username":{"_":"اسم المستخدم"},"password":{"_":"كلمة السِّر"},"http-authentication-message":{"_":"تم طلب اسم مستخدم وكلمة سِّر من قبل {{host}}. الموقع يقول: \"{{realm}}\""},"error-message":{"_":"لم يتم تحميل التطبيق {{name}} صورة صحيحة"},"error-title":{"_":"يواجه التطبيق {{name}} مشاكل"},"airplane-is-on":{"_":"وضع الطيران مُفعّل"},"airplane-is-turned-on":{"_":"{{name}}  يتطلب اتصال بالشبكة. أوقف وضعية الطيران من الاعدادات واتصل إما بالواي فاي أو بشبكة بيانات الجواّل."},"server-not-found":{"_":"الخادم غير موجود"},"server-not-found-error":{"_":"لا يتم العثور على الخادم {{name}}"},"network-connection-unavailable":{"_":"لا يوجد اتصال بالشبكة "},"network-error":{"_":"{{name}} يتطلب اتصال بالشبكة. حاول الاتصال بالواي فاي او شبكة بيانات الجوّال."},"unable-to-connect":{"_":"تعذّر الاتصال"},"tap-to-retry":{"_":"إضغط بثبات لإعادة المحاولة"},"try-again":{"_":"حاول مرة أخرى"},"select-time":{"_":"حدد وقت"},"choose-option":{"_":"حدد"},"choose-options":{"_":"حدد"},"select-day":{"_":"حدد يوم"},"battery-almost-empty":{"_":"البطارية فارغة تقريبا"},"add-to-home-screen":{"_":"أضف إلى الشاشة الرئيسية"},"crash-dialog2-os":{"_":"{{brandShortName}} تم استرجاعه من الانهيار"},"crash-dialog-app":{"_":"{{name}} توقف عن العمل"},"crash-dialog-message":{"_":"هل ترغب في ارسال تقرير عن الانهيار لموزيلا للمساعدة في حل المشكلة؟ (ترسل التقارير عبر الواي فاي فقط.)"},"crash-info-link":{"_":"ماذا يحتوي تقرير الحادث؟"},"crash-always-report":{"_":"دائما قم بإرسال تقرير لموزيلا عند حدوث انهيار."},"crash-dont-send":{"_":"لا ترسل"},"crash-end":{"_":"أرسل التقرير"},"crashReports":{"_":"تقارير الانهيارات"},"done":{"_":"تم"},"crash-reports-description-1":{"_":"تقرير الانهيار يحتوي على تفاصيل الانهيار و جوّالك ولمحة عن حالة جوّالك لحظه حدوث الانهيار."},"crash-reports-description-2":{"_":"ربما يحتوي على الصفحات المفتوحة والتطبيقات، بعض النصوص المطبوعة ومحتوى الرسائل المفتوحة، اخر تأريخ التصفح أو موقعك الجغرافي المستخدم في التطبيق المفتوح."},"crash-reports-description-3-start":{"_":"نحن نستخدم تقارير الأعطال في محاولة لإصلاح المشاكل وتحسين منتجاتنا. علينا التعامل مع المعلومات الخاصة بك كما هو موضح في ourȀ"},"crash-reports-description-3-privacy":{"_":"سياسة الخصوصية"},"crash-reports-description-3-end":{"_":"."},"crash-banner-os2":{"_":"{{brandShortName}} انهار الآن."},"crash-banner-app":{"_":"{{name}} توقف عن العمل ."},"crash-banner-report":{"_":"التقرير"},"bluetooth-sendingTitle":{"_":"جاري الإرسال من البلوتوث"},"bluetooth-receivingTitle":{"_":"جارِ الاستلام من البلوتوث.."},"bluetooth-sending-progress":{"_":"جارِ الإرسال من البلوتوث"},"bluetooth-receiving-progress":{"_":"جارِ الاستلام من البلوتوث.."},"acceptFileTransfer":{"_":"قبول نقل الملف عبر البلوتوث؟"},"wantToReceiveFile":{"_":"يرغب {{deviceName}}  بنقل {{fileName}} ({{fileSize}})."},"transfer-confirmation-title":{"_":"{{deviceName}}"},"transfer-confirmation-description":{"_":"إعدة النظر في طلب التحويل."},"byteUnit-B":{"_":"بايت"},"byteUnit-KB":{"_":"كيلوبايت"},"byteUnit-MB":{"_":"ميجا بايت"},"byteUnit-GB":{"_":"جيجا بايت"},"byteUnit-TB":{"_":"تيرا بايت"},"byteUnit-PB":{"_":"PB"},"byteUnit-EB":{"_":"EB"},"byteUnit-ZB":{"_":"ZB"},"byteUnit-YB":{"_":"YB"},"fileSize":{"_":"{{size}} {{unit}}"},"transfer":{"_":"نقل"},"cancelFileTransfer":{"_":"إلغاء نقل الملف عبر البلوتوث؟"},"transfer-has-started-title":{"_":"بدء عملية التحويل"},"transfer-has-started-description":{"_":"تفحص العملية في مركز التنبيهات"},"transferFinished-sentSuccessful-title":{"_":"أُرسِل الملف"},"transferFinished-receivedSuccessful-title":{"_":"أُستُقبِل الملف"},"transferFinished-sentFailed-title":{"_":"لم يتم ارسال الملف"},"transferFinished-receivedFailed-title":{"_":"لم بتم استقبال الملف"},"transferReport-title":{"_":"حوِّل التقرير:"},"transferReport-description":{"_":"{{numSuccessful}}ملفات بنجاح , {{numUnsuccessful}} ملفات بفشل"},"unknown-file":{"_":"ملف غير مُعرَّف"},"unknown-device":{"_":"جهاز مجهول"},"cannotOpenFile":{"_":"لايمكن فتح الملف المُستلم"},"unknownMediaTypeToOpen":{"_":"لا يمكن فتح نوع وسائط غير مُعرَّف: "},"cannotReceiveFile":{"_":"لا يمكن استلام الملف"},"cannotGetStorageState":{"_":"لايمكن الوصول الى حالة أجهزة التخزين."},"sdcard-not-exist2":{"_":"لم يتم العثور على بطاقة الذاكرة. الرجاءإدخال بطاقة الذاكرة."},"sdcard-in-use":{"_":"لا يمكن استعمال البلوتوث يبنما الجوَّال موصول. افصل الجوّال لاستلام الملف او الملفات."},"sdcard-no-space2":{"_":"لا يمكن اتمام عملية النقل: بطاقة الذاكرة ملىء"},"unknown-error":{"_":"خطأ غير معروف"},"confirm":{"_":"تأكيد"},"microphone-is-on":{"_":"الميكرفون يعمل"},"camera-is-on":{"_":"الكمرة مُشغّلة"},"media-is-on":{"_":"الكاميرا والميكرفون يعملان"},"noSimCard":{"_":"لا توجد بطاقة SIM"},"simPin":{"_":"كود SIM PIN"},"pukCode":{"_":"كود PUK "},"nckCode":{"_":"كود NCK"},"cckCode":{"_":"كود CCK"},"spckCode":{"_":"كود SPCK"},"whatIsSimPin":{"_":"ماهو كود SIM PIN؟"},"simPinIntro1":{"_":"كود SIM PIN يمنع الوصول إلى شبكات البيانات الخلوية لبطاقة SIM. عندما تكون مفعلة، أي جهاز يحتوي على بطاقة SIM سوف يطلب كود PIN عند إعادة التشغيل."},"simPinIntro2":{"_":"كود SIM PIN ليس هو نفسه رمز المرور المستخدم لفتح الجهاز."},"changeSimPin":{"_":"تغيير كود PIN"},"pinTitle":{"_":"أدخل الكود SIM PIN"},"multiSIMpinTitle":{"_":"أدخل SIM {{n}} PIN"},"pukTitle":{"_":"أدخل كود PUK "},"nckTitle":{"_":"ادخل كود NCK"},"cckTitle":{"_":"ادخل كود CCK"},"spckTitle":{"_":"ادخل كود SPCK"},"newpinTitle":{"_":"كود PIN جديد"},"inputCodeRetriesLeft":{"_":"{[ plural(n) ]}","_[one]":"آخر محاولة","_[two]":"{{n}} محاولة متبقية .","_[few]":"{{n}} محاولة متبقية .","_[many]":"{{n}} محاولة متبقية .","_[other]":"{{n}} محاولة متبقية ."},"pinErrorMsg":{"_":"كود PIN خاطئ."},"pinAttemptMsg2":{"_":"{[ plural(n) ]}","_[one]":"لديك محاوله واحدة متبقية لادخال الكود الصحيح قبل اغلاق بطاقة SIM.","_[two]":"لديك {{n}} محاولات متبقية لادخال الكود الصحيح قبل اغلاق بطاقة SIM.","_[few]":"لديك {{n}} محاولات متبقية لادخال الكود الصحيح قبل اغلاق بطاقة SIM.","_[many]":"لديك {{n}} محاولات متبقية لادخال الكود الصحيح قبل اغلاق بطاقة SIM.","_[other]":"لديك {{n}} محاولات متبقية لادخال الكود الصحيح قبل اغلاق بطاقة SIM."},"pinLastChanceMsg":{"_":"هذه آخر فرصة لك لإدخال رقم التعريف الشخصي الصحيح. خلاف ذلك، يجب عليك إدخال مفتاح إلغاء التأمين الشخصي (PUK) لإستخدام هذه الشريحة."},"simCardLockedMsg":{"_":"بطاقة SIM مقفلة."},"enterPukMsg":{"_":"يجب عليك إدخال مفتاح إلغاء التأمين الشخصي (PUK) للشريحة. ارجع إلى وثائق الشريحة أو اتصل بالناقل الخاص بك للحصول على مزيد من المعلومات."},"pukErrorMsg":{"_":"كود PUK غير صحيح."},"pukAttemptMsg2":{"_":"{[ plural(n) ]}","_[one]":"لديك محاولة واحدة متبقية لإدخال الرمز الصحيح قبل أن تصبح هذه الشريحة غير صالحة للإستعمال بشكل دائم. ارجع إلى وثائق الشريحة أو اتصل بالمزود الخاص بك للحصول على مزيد من المعلومات.","_[two]":"لديك {{n}} محاولة لإدخال الرمز الصحيح قبل أن تصبح هذه الشريحة غير صالحة للإستعمال بشكل دائم. ارجع إلى وثائق الشريحة أو اتصل بالناقل الخاص بك للحصول على مزيد من المعلومات.","_[few]":"لديك {{n}} محاولة لإدخال الرمز الصحيح قبل أن تصبح هذه الشريحة غير صالحة للإستعمال بشكل دائم. ارجع إلى وثائق الشريحة أو اتصل بالناقل الخاص بك للحصول على مزيد من المعلومات.","_[many]":"لديك {{n}} محاولة لإدخال الرمز الصحيح قبل أن تصبح هذه الشريحة غير صالحة للإستعمال بشكل دائم. ارجع إلى وثائق الشريحة أو اتصل بالناقل الخاص بك للحصول على مزيد من المعلومات.","_[other]":"لديك {{n}} محاولة لإدخال الرمز الصحيح قبل أن تصبح هذه الشريحة غير صالحة للإستعمال بشكل دائم. ارجع إلى وثائق الشريحة أو اتصل بالناقل الخاص بك للحصول على مزيد من المعلومات."},"pukLastChanceMsg":{"_":"آخر فرصة لإدخال مفتاح إلغاء التأمين الشخصي (PUK) الصحيح. شريحتك ستصبح غير صالحة للإستعمال بشكل دائم إذا أدخلت مفتاح إلغاء تأمين شخصي (PUK) خاطىء. ارجع إلى وثائق الشريحة أو اتصل بالناقل الخاص بك للحصول على مزيد من المعلومات."},"newSimPinMsg":{"_":"أنشىء رقم تعريف شخصي (يجب أن يحتوي من 4 إلى 8 أرقام)"},"confirmNewSimPinMsg":{"_":"قم بتأكيد كود PIN"},"newPinErrorMsg":{"_":"كودين PIN غير متطابقين"},"nckErrorMsg":{"_":"كود NCK غير صحيح."},"nckAttemptMsg2":{"_":"{[ plural(n) ]}","_[one]":"فشل طلب عدم تخصيص الشبكة. لديك محاوله واحدة متبقية لادخال الكود الصحيح. راجع وثائق جهازك أو اتصل مع مزود الخدمة لمعلومات اضافية.","_[two]":"فشل طلب عدم تخصيص الشبكة. لديك {{n}} محاولات متبقية لادخال الكود الصحيح. راجع وثائق جهازك أو اتصل مع مزود الخدمة لمعلومات اضافية.","_[few]":"فشل طلب عدم تخصيص الشبكة. لديك {{n}} محاولات متبقية لادخال الكود الصحيح. راجع وثائق جهازك أو اتصل مع مزود الخدمة لمعلومات اضافية.","_[many]":"فشل طلب عدم تخصيص الشبكة. لديك {{n}} محاولات متبقية لادخال الكود الصحيح. راجع وثائق جهازك أو اتصل مع مزود الخدمة لمعلومات اضافية.","_[other]":"فشل طلب عدم تخصيص الشبكة. لديك {{n}} محاولات متبقية لادخال الكود الصحيح. راجع وثائق جهازك أو اتصل مع مزود الخدمة لمعلومات اضافية."},"nckLastChanceMsg":{"_":"فشل طلب عدم تخصيص الشبكة. لديك محاولة اخيرة لادخال كود NCL. راجع وثائق جهازك أو اتصل مع مزود الخدمة لمعلومات اضافية."},"activity-pick":{"_":"اختر من:"},"activity-view":{"_":"شاهد بـ:"},"activity-test":{"_":"افحص بـ:"},"activity-share":{"_":"شارك بـ:"},"activity-new":{"_":"انشىء بـ:"},"activity-open":{"_":"افتح بـ:"},"activity-save-bookmark":{"_":"مرجعية إلى:"},"activity-record":{"_":"سجِّل من:"},"activity-browse":{"_":"تصفح بـ:"},"activity-configure":{"_":"ضبط بـ:"},"activity-dial":{"_":"اتصل من:"},"persona-signin":{"_":"تسجيل الدخول"},"payment-flow":{"_":"اشتري"},"remoteDebuggerMessage":{"_":"تم الكشف عن طلب اتصال للتدقيق البعيد . هل تسمح بالاتصال؟"},"fullscreen-request":{"_":"{{origin}} الآن ملء الشاشة."},"captive-wifi-available":{"_":"تم العثور على الشبكة {{neworkName}} هل تريد الانضمام اليها؟"},"ceWarningtitle":{"_":"تحذير الصوت"},"ceWarningcontent":{"_":"لتجنب اي اصابة سمعية، لا تستمع لفترات طويلة والصوت مرتفع."},"notification-powersaving-mode-on-title":{"_":"وضع توفير الطاقة"},"notification-powersaving-mode-on-description":{"_":"وضع توفير الطاقة مُفعّل"},"low-device-storage":{"_":"المساحة الفارغة صغيرة\n"},"free-space":{"_":"{[ plural(value) ]}","_[zero]":"لا توجد مساحة فارغة","_[one]":"أقل من {{value}} {{unit}}  متبقية.","_[two]":"أقل من {{value}} {{unit}}  متبقية.","_[few]":"أقل من {{value}} {{unit}}  متبقية.","_[many]":"أقل من {{value}} {{unit}}  متبقية.","_[other]":"أقل من {{value}} {{unit}}  متبقية."},"unknown-free-space":{"_":"المساحة الفارغة غير معروفة."},"system-alert":{"_":"تنبيه النظام"},"cb-channel":{"_":"قناة {{channel}}"},"icc-message-title":{"_":"رسالة من المشغل SIM {{id}}"},"icc-confirmCall-defaultmessage":{"_":"أأتصال بـ {{number}}؟"},"icc-alertMessage-defaultmessage":{"_":"جارِ إرسال الرسالة"},"icc-confirmMessage-defaultmessage":{"_":"أأرسال رسالة؟"},"icc-inputbox-title":{"_":"STK الإستعلام من SIM {{id}}"},"emergency-callback-mode":{"_":"وضع الإتصال بالطوارئ"},"emergency-callback-message":{"_":"لا يمكنك إجراء المكالمات، وإرسال الرسائل أو الذهاب على الانترنت لتمكين وضع الاتصال بالطوارئ. هل ترغب في إيقاف تشغيله؟"},"cdma-record-info":{"_":"CDMA تسجيل معلومات"},"ime-switching-title":{"_":"{{appName}}: {{name}}"},"ime-switching-tip":{"_":"انقر بثبات لتبديل طريقة الكتابة"},"layout-selection":{"_":"إختيار التخطيط"},"shrinking-tip":{"_":"مرِّر للمشاركة"},"download_started":{"_":"بدأ التنزيل"},"download_stopped":{"_":"توقف التنزيل"},"download_downloading":{"_":"جارِ التنزيل..."},"download_succeeded":{"_":"اكتمل التنزيل"},"download_failed":{"_":"فشل التنزيل"},"download_text_by_default":{"_":"{{name}}"},"download_downloading_text_2":{"_":"{{percentage}}% - {{name}}"},"search":{"_":"بحث"},"search-or-type-address":{"placeholder":"ابحث أو أدخل عنوانا"},"noSIMCardInHotspot":{"_":"بطاقة SIM غير موجودة أوتم إدراجها بشكل غير صحيح، و إيقاف هوت سبوت"},"brandShortName":{"_":"B2G OS"},"browserBrandShortName":{"_":"متصفح"},"browserBrandFullName":{"_":"مُتصفح موزيلا"},"weekday-0-long":{"_":"الأحد"},"weekday-1-long":{"_":"الإثنين"},"weekday-2-long":{"_":"الثلاثاء"},"weekday-3-long":{"_":"الأربعاء"},"weekday-4-long":{"_":"الخميس"},"weekday-5-long":{"_":"الجمعة"},"weekday-6-long":{"_":"السبت"},"weekday-0-short":{"_":"أحد"},"weekday-1-short":{"_":"إثنين"},"weekday-2-short":{"_":"ثلاثاء"},"weekday-3-short":{"_":"أربعاء"},"weekday-4-short":{"_":"خميس"},"weekday-5-short":{"_":"جمعة"},"weekday-6-short":{"_":"سبت"},"month-0-long":{"_":"يناير"},"month-1-long":{"_":"فبراير"},"month-2-long":{"_":"مارس"},"month-3-long":{"_":"أبريل"},"month-4-long":{"_":"مايو"},"month-5-long":{"_":"يونيو"},"month-6-long":{"_":"يوليو"},"month-7-long":{"_":"أغسطس"},"month-8-long":{"_":"سبتمبر"},"month-9-long":{"_":"أكتوبر"},"month-10-long":{"_":"نوفمبر"},"month-11-long":{"_":"ديسمبر"},"month-0-genitive":{"_":"يناير"},"month-1-genitive":{"_":"فبراير"},"month-2-genitive":{"_":"مارس"},"month-3-genitive":{"_":"أبريل"},"month-4-genitive":{"_":"مايو"},"month-5-genitive":{"_":"يونيو"},"month-6-genitive":{"_":"يوليو"},"month-7-genitive":{"_":"أغسطس"},"month-8-genitive":{"_":"سبتمبر"},"month-9-genitive":{"_":"أكتوبر"},"month-10-genitive":{"_":"نوفمبر"},"month-11-genitive":{"_":"ديسمبر"},"month-0-short":{"_":"يناير"},"month-1-short":{"_":"فبراير"},"month-2-short":{"_":"مارس"},"month-3-short":{"_":"ابريل"},"month-4-short":{"_":"مايو"},"month-5-short":{"_":"يونيو"},"month-6-short":{"_":"يوليو"},"month-7-short":{"_":"أغسطس"},"month-8-short":{"_":"سبتمبر"},"month-9-short":{"_":"أكتوبر"},"month-10-short":{"_":"نوفمبر"},"month-11-short":{"_":"ديسمبر"},"minutes-ago-long":{"_":"{[ plural(value) ]}","_[zero]":"الآن","_[one]":"منذ دقيقة","_[two]":"منذ {{value}} دقائق","_[few]":"منذ {{value}} دقائق","_[many]":"منذ {{value}} دقائق","_[other]":"منذ {{value}} دقائق"},"hours-ago-long":{"_":"{[ plural(value) ]}","_[zero]":"الآن","_[one]":"قبل ساعة واحدة","_[two]":"منذ ساعتين","_[few]":"قبل {{value}} ساعات","_[many]":"قبل {{value}} ساعة","_[other]":"قبل {{value}} ساعة"},"days-ago-long":{"_":"{[ plural(value) ]}","_[zero]":"اليوم","_[one]":"الأمس","_[two]":"قبل يومين","_[few]":"قبل {{value}} أيام","_[many]":"قبل {{value}} يوم","_[other]":"قبل {{value}} يوم"},"weeks-ago-long":{"_":"{[ plural(value) ]}","_[zero]":"هذا الأسبوع","_[one]":"الأسبوع الماضي","_[two]":"منذ {{value}} أسابيع","_[few]":"منذ {{value}} أسابيع","_[many]":"منذ {{value}} أسابيع","_[other]":"منذ {{value}} أسابيع"},"months-ago-long":{"_":"{[ plural(value) ]}","_[zero]":"هذا الشهر","_[one]":"الشهر الماضي","_[two]":"منذ {{value}} أشهر","_[few]":"منذ {{value}} أشهر","_[many]":"منذ {{value}} أشهر","_[other]":"منذ {{value}} أشهر"},"years-ago-long":{"_":"{[ plural(value) ]}","_[zero]":"هذه السنة","_[one]":"السنة الماضية","_[two]":"منذ سنتين","_[few]":"منذ {{value}} سنوات","_[many]":"منذ {{value}} سنة","_[other]":"منذ {{value}} سنة"},"minutes-until-long":{"_":"{[ plural(value) ]}","_[zero]":"الآن","_[one]":"خلال دقيقة","_[two]":"خلال دقيقتين","_[few]":"خلال {{value}} دقائق","_[many]":"خلال {{value}} دقيقة","_[other]":"خلال {{value}} دقيقة"},"hours-until-long":{"_":"{[ plural(value) ]}","_[zero]":"الآن","_[one]":"خلال ساعة","_[two]":"خلال ساعتين","_[few]":"خلال {{value}} ساعات","_[many]":"خلال {{value}} ساعة","_[other]":"خلال {{value}} ساعة"},"days-until-long":{"_":"{[ plural(value) ]}","_[zero]":"اليوم","_[one]":"غداً","_[two]":"خلال يومين","_[few]":"خلال {{value}} أيام","_[many]":"خلال {{value}} يوم","_[other]":"خلال {{value}} يوم"},"weeks-until-long":{"_":"{[ plural(value) ]}","_[zero]":"هذا الأسبوع","_[one]":"الأسبوع القادم","_[two]":"خلال اسبوعين","_[few]":"خلال {{value}} أسابيع","_[many]":"خلال {{value}} أسبوع","_[other]":"خلال {{value}} أسبوع"},"months-until-long":{"_":"{[ plural(value) ]}","_[zero]":"هذا الشهر","_[one]":"الشهر القادم","_[two]":"خلال شهرين","_[few]":"خلال {{value}} أشهر","_[many]":"خلال {{value}} شهر","_[other]":"خلال {{value}} شهر"},"years-until-long":{"_":"{[ plural(value) ]}","_[zero]":"هذه السنة","_[one]":"السنة القادمة","_[two]":"خلال سنتين","_[few]":"خلال {{value}} سنوات","_[many]":"خلال {{value}} سنة","_[other]":"خلال {{value}} سنة"},"minutes-ago-short":{"_":"{[ plural(value) ]}","_[zero]":"الآن","_[other]":"منذ {{value}} دقيقة"},"hours-ago-short":{"_":"{[ plural(value) ]}","_[zero]":"الآن","_[other]":"منذ {{value}} س"},"days-ago-short":{"_":"{[ plural(value) ]}","_[zero]":"اليوم","_[other]":"منذ {{value}} ي"},"minutes-until-short":{"_":"{[ plural(value) ]}","_[zero]":"الآن","_[other]":"خلال {{value}} د"},"hours-until-short":{"_":"{[ plural(value) ]}","_[zero]":"الآن","_[other]":"خلال {{value}} س"},"days-until-short":{"_":"{[ plural(value) ]}","_[zero]":"اليوم","_[other]":"خلال {{value}} ي"},"incorrectDate":{"_":"(تاريخ غير صحيح)"},"dateTimeFormat_%c":{"_":"%a %b %e %Y %I:%M:%S %p"},"dateTimeFormat_%x":{"_":"%m/%d/%Y"},"dateTimeFormat_%X":{"_":"%I:%M:%S %p"},"shortTimeFormat":{"_":"%I:%M %p"},"shortDateTimeFormat":{"_":"%x %I:%M %p"},"weekStartsOnMonday":{"_":"0"},"time_am":{"_":"ص"},"time_pm":{"_":"م"},"perm-contacts":{"_":"جهات الاتصال"},"perm-contacts-appRequest":{"_":"{{app}} يريد الوصول الى قائمة جهات اتصالك."},"perm-contacts-webRequest":{"_":"{{site}} يريد الوصول الى قائمة جهات اتصالك."},"perm-desktop-notification":{"_":"التنبيهات"},"perm-desktop-notification-appRequest":{"_":"{{app}} يريد ان يُظهر تنبيهات."},"perm-desktop-notification-webRequest":{"_":"{{site}} يريد ان يُظهر تنبيهات."},"perm-device-storage-music":{"_":"سعة الصوتيات"},"perm-device-storage-music-appRequest":{"_":"{{app}} يريد الوصول الى صوتياتك."},"perm-device-storage-music-webRequest":{"_":"{{site}} يريد الوصول الى صوتياتك."},"perm-device-storage-pictures":{"_":"سعة الصور"},"perm-device-storage-pictures-appRequest":{"_":"{{app}} يريد الوصول الى صورك."},"perm-device-storage-pictures-webRequest":{"_":"{{site}} يريد الوصول الى صورك."},"perm-device-storage-sdcard":{"_":"سعة بطاقة الذاكرة"},"perm-device-storage-sdcard-appRequest":{"_":"{{app}}  يريد الوصول الى بطاقة الذاكرة."},"perm-device-storage-sdcard-webRequest":{"_":"{{site}} يريد الوصول الى بطاقة الذاكرة."},"perm-device-storage-videos":{"_":"سعة الفيديو"},"perm-device-storage-videos-appRequest":{"_":"{{app}} يريد الوصول الى فيديوهاتك."},"perm-device-storage-videos-webRequest":{"_":"{{site}} يريد الوصول الى فيديوهاتك."},"perm-fmradio":{"_":"راديو FM"},"perm-fmradio-appRequest":{"_":"{{app}}  يريد ان يستخدم الراديو."},"perm-fmradio-webRequest":{"_":"{{site}} يريد ان يستخدم الراديو."},"perm-geolocation":{"_":"تحديد الموقع الجغرافي"},"perm-geolocation-appRequest":{"_":"{{app}} يريد أن يعرف موقعك."},"perm-geolocation-webRequest":{"_":"{{site}} يريد أن يعرف موقعك."},"perm-geolocation-more-info":{"_":"{{brandShortName}} يستخدم بيانات من شبكات موبايل وواي فاي وجي بي اس قريبة منك لتحديد موقعك تقريبيا. يتم إرسال هذه البيانات لموزيلا وغيرها من مقدمي الخدمات ليتم استخدامها في تحسين قواعد البيانات الجغرافيّة. قد يتم تخزين هذه البيانات على جهازك وقد يتم تجميع هذه البيانات حتى إن لم تشغيل أي تطبيق."},"perm-video-capture":{"_":"الكاميرا"},"perm-video-capture-appRequest":{"_":"هل تريد السماح لـ {{app}} باستخدام الكاميرا؟"},"perm-video-capture-webRequest":{"_":"هل تريد السماح لـ {{site}} باستخدام الكاميرا؟"},"perm-audio-capture":{"_":"ميكروفون"},"perm-audio-capture-appRequest":{"_":"هل تريد السماح لـ {{app}} باستخدام الميكروفون؟"},"perm-audio-capture-webRequest":{"_":"هل تريد السماح لـ {{site}} باستخدام الميكروفون؟"},"perm-media-capture":{"_":"الكاميرا والميكروفون"},"perm-media-capture-appRequest":{"_":"هل تريد السماح ل {{app}} باستخدام الكاميرا والميكروفون؟"},"perm-media-capture-webRequest":{"_":"هل تريد السماح ل {{site}} باستخدام الكاميرا والميكروفون؟"},"stopped_download_title":{"_":"لقد توقف التنزيل"},"stopped_download_message":{"_":"لقد توقف التنزيل, حاول مرة اخرى ؟"},"stopped_download_left_button":{"_":"ألغِ"},"stopped_download_right_button":{"_":"أعِد المحاولة"},"failed_download_title":{"_":"فشل التنزيل"},"failed_download_message":{"_":"فشل تنزيل {{name}}. هل تريد إعادة المحاولة مرة أخرى؟"},"failed_download_left_button":{"_":"ألغِ"},"failed_download_right_button":{"_":"أعِد المحاولة"},"stop_download_title":{"_":"أوقف التنزيل"},"stop_download_message":{"_":"هل أنت متأكد أنك تريد إيقاف التنزيل؟"},"stop_download_left_button":{"_":"لا"},"stop_download_right_button":{"_":"نعم"},"delete_download_title":{"_":"احذف"},"delete_download_message":{"_":"حذف {{name}}؟"},"delete_download_left_button":{"_":"ألغِ"},"delete_download_right_button":{"_":"حذف"},"delete_all_download_title":{"_":"احذف"},"delete_all_download_left_button":{"_":"ألغِ"},"delete_all_download_right_button":{"_":"احذف"},"delete_all_download_message":{"_":"{[ plural(number) ]}","_[zero]":"حذف أي ملفات؟","_[one]":"حذف ملف واحد؟","_[two]":"حذف ملفين؟","_[few]":"حذف {{number}} ملفات؟","_[many]":"حذف {{number}} ملف؟","_[other]":"حذف {{number}} ملف؟"},"unsupported_file_type_download_title":{"_":"تعذر فتح"},"unsupported_file_type_download_message":{"_":"لا يوجد برنامج يمكنه فتح {{name}}. هل تريد حفظ الملف أم حذفه؟"},"unsupported_file_type_download_left_button":{"_":"إبقاء الملف"},"unsupported_file_type_download_right_button":{"_":"احذف"},"file_not_found_download_title":{"_":"الملف غير موجود"},"file_not_found_download_message":{"_":"الملف غير موجود على الجهاز"},"file_not_found_download_right_button":{"_":"موافق"},"unmounted_sdcard_2_download_title":{"_":"بطاقة الذاكرة مستخدمة"},"unmounted_sdcard_2_download_message":{"_":"قم بفصل الهاتف"},"unmounted_sdcard_2_download_right_button":{"_":"موافق"},"no_provider_download_title":{"_":"غير قادر على مشاركة"},"no_provider_download_message":{"_":"لم يتم العثور على مزود"},"no_provider_download_right_button":{"_":"موافق"},"no_memory_download_title":{"_":"بطاقة الذاكرة ممتلئة"},"no_memory_download_message":{"_":"لايوجد مساحة كافية على بطاقة الذاكرة لحفظ التحميل. الرجاء حذف بعض الملفات قبل إعادة التحميل."},"no_memory_download_right_button":{"_":"موافق"},"no_sdcard_found_2_download_title":{"_":"بطاقة الذاكرة غير موجودة"},"no_sdcard_found_2_download_message":{"_":"ادخل بطاقة الذاكرة أو حدد موقع الوسائط الافتراضي في الإعدادات"},"no_sdcard_found_2_download_right_button":{"_":"موافق"},"file_open_error_download_title":{"_":"غير قابل للفتح"},"file_open_error_download_message":{"_":"هناك مشكلة في فتح {{name}}. هل تريد حفظ الملف أم حذفه؟"},"file_open_error_download_left_button":{"_":"الإحتفاظ بالملف"},"file_open_error_download_right_button":{"_":"احذف"},"restart_download_error":{"_":"حدث خطأ عند إعادة بدأ التنزيل. من فضلك أعد التنزيل مرة أخرى."},"no-downloads":{"_":"لا يوجد تنزيلات"},"percentage":{"_":"{{percentage}} %"},"partialResult":{"_":"{{partial}} من {{total}}"},"summary":{"_":"{{date}} - {{status}}"},"download-stopped":{"_":"متوقف"},"download-failed":{"_":"فشل التنزيل"},"open_downloaded_file":{"_":"افتح"},"share_downloaded_file":{"_":"مُشاركة"},"wallpaper_downloaded_file":{"_":"تعيين كخلفية"},"ringtone_downloaded_file":{"_":"تعيين كنغمة رنين"},"cancel_downloaded_file":{"_":"ألغِ"},"sim-picker-dial-via-with-number":{"_":"إتصل بـ {{phoneNumber}} بواسطة"},"sim-picker-select-sim":{"_":"اختر SIM"},"sim-picker-button":{"_":"SIM{{ n }}"},"sim-picker-button-default":{"_":"(الافتراضي)"}}