{"ok":{"_":"Добре"},"back":{"_":"Назад"},"help":{"_":"Помощ"},"cancel":{"_":"Отказ"},"close":{"_":"Затваряне"},"skip":{"_":"Пропускане"},"airplaneMode":{"_":"Самолетен режим"},"searching":{"_":"Търсене…"},"noNetwork":{"_":"Липсва мрежа"},"roaming":{"_":"{{operator}} (Роуминг)"},"emergencyCallsOnly":{"_":"Само спешни обаждания"},"emergencyCallsOnly-unknownSIMState":{"_":"(непознато състояние на SIM картата)"},"emergencyCallsOnly-noSIM":{"_":"(липсва SIM карта)"},"emergencyCallsOnly-pinRequired":{"_":"(нужен е SIM PIN код)"},"emergencyCallsOnly-pukRequired":{"_":"(нужен е SIM PUK код)"},"emergencyCallsOnly-networkLocked":{"_":"(заключена мрежа)"},"emergencyCallsOnly-serviceProviderLocked":{"_":"(заключен оператор)"},"emergencyCallsOnly-corporateLocked":{"_":"(корпоративно заключен)"},"enterPIN":{"_":"Въведете PIN"},"statusbarLabel":{"_":"{{date}}, {{operator}}"},"statusbarDateFormat":{"_":"%e %b."},"notifications":{"_":"Известия"},"clear-all":{"_":"Изчистване"},"newVoicemails":{"_":"{[ plural(n) ]}","_[zero]":"Няма нова гласова поща","_[one]":"Една нова гласова поща","_[two]":"{{n}} нови гласови пощи","_[few]":"{{n}} нови гласови пощи","_[many]":"{{n}} нови гласови пощи","_[other]":"{{n}} нови гласови пощи"},"newVoicemailsUnknown":{"_":"Нова гласова поща"},"dialNumber":{"_":"Набиране на {{number}}"},"deviceMenu":{"_":"Телефон"},"airplane":{"_":"Включване на самолетен режим"},"airplaneOff":{"_":"Изключване на самолетен режим"},"silent":{"_":"Заглушаване на входящите обаждания"},"normal":{"_":"Звънене на входящите обаждания"},"restart":{"_":"Рестартиране"},"power":{"_":"Изключване"},"asyncpanzoom":{"_":"Изключване на APZ за приложения"},"asyncpanzoomOff":{"_":"Включване на APZ за приложения"},"enableScreenReaderSteps":{"_":"To enable screen reader, press volume up then volume down buttons three more times"},"disableScreenReaderSteps":{"_":"To disable screen reader, press volume up then volume down buttons three more times"},"no-recent-apps":{"_":"No recent apps"},"yes":{"_":"Да"},"no":{"_":"Не"},"deny":{"_":"Отказване"},"allow":{"_":"Разрешено"},"dontshare-geolocation":{"_":"Отказ"},"share-geolocation":{"_":"Споделяне"},"dontshare-audio-capture":{"_":"Отказ"},"share-audio-capture":{"_":"Споделяне"},"dontshare-video-capture":{"_":"Отказ"},"share-video-capture":{"_":"Споделяне"},"dontshare-media-capture":{"_":"Отказ"},"share-media-capture":{"_":"Споделяне"},"device-front":{"_":"Предна камера"},"device-back":{"_":"Задна камера"},"remember-my-choice":{"_":"Запомняне на избора"},"more-info":{"_":"Повече информация…"},"install-app":{"_":"Инсталиране на {{name}}?"},"size":{"_":"Размер"},"author":{"_":"Автор"},"size-unknown":{"_":"Неизвестна"},"author-unknown":{"_":"Неизвестен"},"install":{"_":"Инсталиране"},"bytes":{"_":"байта"},"kB":{"_":"KB"},"MB":{"_":"MB"},"GB":{"_":"GB"},"TB":{"_":"TB"},"PB":{"_":"PB"},"app-install-generic-error":{"_":"Свалянето на {{ appName }} е спряно"},"app-install-download-failed":{"_":"Свалянето на {{ appName }} е неуспешно"},"app-install-install-failed":{"_":"Инсталирането на {{ appName }} е неуспешно"},"cancelling-will-not-refund":{"_":"Отказът няма да възстанови сумата за покупката. Възстановяване на платени суми става от оригиналния продавач."},"apps-can-be-installed-later":{"_":"Приложения могат да бъдат инсталирани по-късно, от оригиналния източник."},"are-you-sure-you-want-to-cancel":{"_":"Сигурни ли сте, че искате да откажете тази инсталация?"},"cancel-install":{"_":"Отказ на инсталация"},"resume":{"_":"Възобновяване"},"continue":{"_":"Продължаване"},"stopDownloading":{"_":"Спиране на свалянето на {{ app }}?"},"app-download-can-be-restarted":{"_":"Свалянето може да бъде пуснато пак по-късно."},"app-download-stop-button":{"_":"Спиране на свалянето"},"not-enough-space":{"_":"Няма достатъчно място"},"not-enough-space-message":{"_":"Няма достатъчно място за инсталирането на това приложение. Освободете място, като изтриете стари приложения или медия, и опитайте да инсталирате отново."},"app-install-success":{"_":"Успешно инсталиране на {{ appName }}"},"setup":{"_":"Настройване"},"ime-addkeyboards":{"_":"Добавяне на клавиатури"},"later":{"_":"По-късно"},"download":{"_":"Сваляне"},"wantToDownload":{"_":"Да бъде ли свалено обновяването сега?"},"wantToInstall":{"_":"Да бъде ли инсталирано обновяването сега?"},"installNow":{"_":"Инсталиране сега"},"notNow":{"_":"Не сега"},"downloadingUpdateMessage":{"innerHTML":"Сваляне на обновявания… <span>{{ progress }} свалени.</span>"},"downloadingAppMessage":{"_":"Сваляне на {{ appName }}"},"downloadingAppProgressNoMax":{"_":"{{ progress }} свалени"},"downloadingAppProgressIndeterminate":{"_":"Сваляне"},"downloadingAppProgress":{"_":"{{ progress }} / {{ max }} свалени"},"cancelAllDownloads":{"_":"Отказване на всички сваляния"},"wantToCancelAll":{"_":"Сигурни ли сте, че искате да откажете всички сваляния?"},"downloadError":{"_":"Възникна грешка при свалянето на обновяванията."},"updateAvailableInfo":{"innerHTML":"{[ plural(n) ]}","innerHTML[one]":"{{ n }} обновяване е налично. <span>Натиснете за повече информация.</span>","innerHTML[two]":"{{ n }} обновявания са налични. <span>Натиснете за повече информация.</span>","innerHTML[few]":"{{ n }} обновявания са налични. <span>Натиснете за повече информация.</span>","innerHTML[many]":"{{ n }} обновявания са налични. <span>Натиснете за повече информация.</span>","innerHTML[other]":"{{ n }} обновявания са налични. <span>Натиснете за повече информация.</span>"},"numberOfUpdates":{"_":"{[ plural(n) ]}","_[one]":"{{ n }} обновяване е налично","_[two]":"{{ n }} обновявания са налични","_[few]":"{{ n }} обновявания са налични","_[many]":"{{ n }} обновявания са налични","_[other]":"{{ n }} обновявания са налични"},"systemUpdate":{"_":"Системно обновяване"},"systemUpdateReady":{"_":"Системното обновяване е готово"},"required":{"_":"Задължително"},"uncompressingMessage":{"innerHTML":"Разкомпресиране… <span>Може да отнеме няколко минути.</span>"},"downloadNoWifiWarning":{"_":"Липсва Wi-Fi. Обновяване чрез сегашната връзка може да доведе до допълнителни такси."},"downloadOfflineWarning":{"_":"Липсва връзка. Свържете се към мрежа, за да свалите обновявания."},"downloadDataConnectionWarning":{"_":"Обновяванията се свалят през връзката за данни, когато липсва Wi-Fi. Може да доведе до допълнителни такси."},"downloadUpdatesViaDataConnection":{"_":"Да бъдат ли свалени обновяванията през връзката за данни?"},"downloadUpdatesViaDataConnectionMessage":{"_":"Обновяванията се свалят през връзката за данни, когато липсва Wi-Fi. Когато се използва връзка за данни, може да бъдат пропуснати обаждания и може да има допълнителни такси."},"screenshotSaved":{"_":"Екранната снимка е запазена"},"screenshotFailed":{"_":"Грешка при запазването на екранната снимка"},"screenshotNoSDCard":{"_":"Липсва карта памет"},"screenshotSDCardInUse":{"_":"Картата памет се използва"},"screenshotSDCardLow":{"_":"Няма достатъчно място на картата памет"},"emergency-call-button":{"_":"Спешно повикване"},"emergency-call":{"_":"Спешно повикване"},"unlock-a11y-button":{"ariaLabel":"Отключване"},"camera-a11y-button":{"ariaLabel":"Камера"},"longDateFormat":{"_":"%A, %e %B"},"softwareHomeButton":{"ariaLabel":"Начален екран"},"login":{"_":"Вписване"},"username":{"_":"Потребителско име"},"password":{"_":"Парола"},"http-authentication-message":{"_":"{{host}} изисква потребителско име и парола. Сайтът казва: “{{realm}}”"},"error-message":{"_":"{{name}} не зарежда правилно"},"error-title":{"_":"{{name}} има проблеми"},"airplane-is-on":{"_":"Самолетният режим е включен"},"airplane-is-turned-on":{"_":"{{name}} има нужда от мрежа. Изключете самолетния режим от Настройки и се свържете към Wi-Fi или мобилна мрежа."},"server-not-found":{"_":"Сървърът не е намерен"},"server-not-found-error":{"_":"Не може да бъде намерен сървър на {{name}}."},"network-connection-unavailable":{"_":"Липсва мрежова връзка"},"network-error":{"_":"{{name}} има нужда от мрежа. Опитайте да се свържете към Wi-Fi или мобилна мрежа."},"unable-to-connect":{"_":"Неуспешно свързване"},"tap-to-retry":{"_":"Натиснете, за да повторите"},"try-again":{"_":"Опитай отново"},"select-time":{"_":"Избиране на час"},"choose-option":{"_":"Избиране"},"choose-options":{"_":"Избиране"},"select-day":{"_":"Избиране на ден"},"battery-almost-empty":{"_":"Батерията е почти празна"},"add-to-home-screen":{"_":"Добавяне на началния екран"},"crash-dialog2-os":{"_":"{{brandShortName}} току що се възстанови от срив"},"crash-dialog-app":{"_":"{{name}} току що се срина"},"crash-dialog-message":{"_":"Искате ли да изпратите на Mozilla отчет за срива, за да ни помогнете да поправим проблема? (Отчетите се изпращат само по Wi-Fi.)"},"crash-info-link":{"_":"Какво има в отчета за срива?"},"crash-always-report":{"_":"При срив, винаги да бъде изпращан отчет на Mozilla."},"crash-dont-send":{"_":"Отказване"},"crash-end":{"_":"Изпращане"},"crashReports":{"_":"Отчети за срив"},"done":{"_":"Готово"},"crash-reports-description-1":{"_":"Отчетите за сривове съдържат някои детайли за срива и устройството Ви, както и моментното състояние на устройството по време на срива."},"crash-reports-description-2":{"_":"Това може да включва неща като отворени страници и приложения, текст въведен във форми, съдържанието на отворени съобщения, скорошна история на сърфиране или геолокация използвана от отворено приложение."},"crash-reports-description-3-start":{"_":"Използваме отчетите за сривове, за да се опитаме да оправим проблемите и да подобрим продуктите си. Управляваме информацията Ви, както сме описали в нашата"},"crash-reports-description-3-privacy":{"_":"политика за лични данни"},"crash-reports-description-3-end":{"_":"."},"crash-banner-os2":{"_":"{{brandShortName}} току що се срина."},"crash-banner-app":{"_":"{{name}} току що се срина."},"crash-banner-report":{"_":"Отчет"},"bluetooth-sendingTitle":{"_":"Изпращане на Bluetooth трансфер."},"bluetooth-receivingTitle":{"_":"Получаване на Bluetooth трансфер."},"bluetooth-sending-progress":{"_":"Изпращане на Bluetooth трансфер."},"bluetooth-receiving-progress":{"_":"Получаване на Bluetooth трансфер."},"acceptFileTransfer":{"_":"Да бъде ли приет Bluetooth файл трансфера?"},"wantToReceiveFile":{"_":"{{deviceName}} иска да изпрати {{fileName}} ({{fileSize}})."},"transfer-confirmation-title":{"_":"{{deviceName}}"},"transfer-confirmation-description":{"_":"Преглеждане на запитването за трансфер."},"byteUnit-B":{"_":"Bytes"},"byteUnit-KB":{"_":"KB"},"byteUnit-MB":{"_":"MB"},"byteUnit-GB":{"_":"GB"},"byteUnit-TB":{"_":"TB"},"byteUnit-PB":{"_":"PB"},"byteUnit-EB":{"_":"EB"},"byteUnit-ZB":{"_":"ZB"},"byteUnit-YB":{"_":"YB"},"fileSize":{"_":"{{size}} {{unit}}"},"transfer":{"_":"Трансфер"},"cancelFileTransfer":{"_":"Да бъде ли отказан Bluetooth файловия трансфер?"},"transfer-has-started-title":{"_":"Трансферът беше стартиран"},"transfer-has-started-description":{"_":"Проверете прогреса в Центъра за нотификации"},"transferFinished-sentSuccessful-title":{"_":"Файлът е изпратен"},"transferFinished-receivedSuccessful-title":{"_":"Файлът е получен"},"transferFinished-sentFailed-title":{"_":"Файлът не може да бъде изпратен"},"transferFinished-receivedFailed-title":{"_":"Файлът не може да бъде получен"},"transferReport-title":{"_":"Резултат от трансфера:"},"transferReport-description":{"_":"{{numSuccessful}} файла прехвърлени, {{numUnsuccessful}} неуспешно прехвърлени файла"},"unknown-file":{"_":"Непознат файл"},"unknown-device":{"_":"Непознато устройство"},"cannotOpenFile":{"_":"Полученият файл не може да бъде отворен"},"unknownMediaTypeToOpen":{"_":"Не може да бъде отворен непознат медия тип:"},"cannotReceiveFile":{"_":"Файлът не може да бъде получен"},"cannotGetStorageState":{"_":"Състоянието на паметта не може да бъде получено"},"sdcard-not-exist2":{"_":"Липсва карта памет. Моля, сложете карта памет."},"sdcard-in-use":{"_":"Bluetooth не може да бъде използван, докато телефонът е включен към кабел. Моля изключете телефона от кабела, за да получите файл(ове)."},"sdcard-no-space2":{"_":"Трансферът не може да бъде завършен: картата памет е пълна."},"unknown-error":{"_":"Непозната грешка"},"confirm":{"_":"Потвърждение"},"microphone-is-on":{"_":"Микрофонът е включен"},"camera-is-on":{"_":"Камерата е включена"},"media-is-on":{"_":"Камерата и микрофонът са включени"},"noSimCard":{"_":"Липсва SIM карта"},"simPin":{"_":"PIN код"},"pukCode":{"_":"PUK код"},"nckCode":{"_":"NCK код"},"cckCode":{"_":"CCK код"},"spckCode":{"_":"SPCK код"},"whatIsSimPin":{"_":"Какво представлява PIN кодът?"},"simPinIntro1":{"_":"PIN кодът предотвратява достъпа до мобилната мрежа на SIM картата. Когато е включен, всяко устройство, в което е сложена SIM картата, ще изисква PIN-а при рестартиране."},"simPinIntro2":{"_":"PIN кодът не е същото като паролата за отключване на устройството."},"changeSimPin":{"_":"Смяна на PIN"},"pinTitle":{"_":"Въведете PIN"},"multiSIMpinTitle":{"_":"Въвеждане на SIM {{n}} PIN"},"pukTitle":{"_":"Въведете PUK"},"nckTitle":{"_":"Въведете NCK"},"cckTitle":{"_":"Въведете CCK"},"spckTitle":{"_":"Въведете SPCK"},"newpinTitle":{"_":"Нов PIN"},"inputCodeRetriesLeft":{"_":"{[ plural(n) ]}","_[one]":"последен опит.","_[two]":"{{n}} оставащи опита.","_[few]":"{{n}} оставащи опита.","_[many]":"{{n}} оставащи опита.","_[other]":"{{n}} оставащи опита."},"pinErrorMsg":{"_":"Грешен PIN."},"pinAttemptMsg2":{"_":"{[ plural(n) ]}","_[one]":"Имате един опит, да вкарате правилен код, преди да заключите SIM картата.","_[two]":"Имате {{n}} опита, да вкарате правилен код, преди да заключите SIM картата.","_[few]":"Имате {{n}} опита, да вкарате правилен код, преди да заключите SIM картата.","_[many]":"Имате {{n}} опита, да вкарате правилен код, преди да заключите SIM картата.","_[other]":"Имате {{n}} опита, да вкарате правилен код, преди да заключите SIM картата."},"pinLastChanceMsg":{"_":"Това е последният шанс да вкарате правилния PIN. В противен случай трябва да вкарате PUK кода, за да използвате тази SIM карта."},"simCardLockedMsg":{"_":"Заключена SIM."},"enterPukMsg":{"_":"Трябва да въведете Personal Unlocking Key (PUK) код за SIM картата. Прегледайте документацията към Вашата SIM карта или се свържете с оператор, за повече информация."},"pukErrorMsg":{"_":"PUK кодът е грешен."},"pukAttemptMsg2":{"_":"{[ plural(n) ]}","_[one]":"Имате един опит да въведете правилен код, преди тази SIM карта да стане неизползваема. Прегледайте документацията към Вашата SIM карта или се свържете с оператор, за повече информация.","_[two]":"Имате {{n}} опита да въведете правилен код, преди тази SIM карта да стане неизползваема. Прегледайте документацията към Вашата SIM карта или се свържете с оператор, за повече информация.","_[few]":"Имате {{n}} опита да въведете правилен код, преди тази SIM карта да стане неизползваема. Прегледайте документацията към Вашата SIM карта или се свържете с оператор, за повече информация.","_[many]":"Имате {{n}} опита да въведете правилен код, преди тази SIM карта да стане неизползваема. Прегледайте документацията към Вашата SIM карта или се свържете с оператор, за повече информация.","_[other]":"Имате {{n}} опита да въведете правилен код, преди тази SIM карта да стане неизползваема. Прегледайте документацията към Вашата SIM карта или се свържете с оператор, за повече информация."},"pukLastChanceMsg":{"_":"Това е последният опит да въведете правилен PUK код. Вашата SIM карта ще стане неизползваема, ако вкарате грешен PUK код. Прегледайте документацията към Вашата SIM карта или се свържете с оператор, за повече информация."},"newSimPinMsg":{"_":"Създаване на PIN (4 до 8 цифри)"},"confirmNewSimPinMsg":{"_":"Потвърждаване на новия PIN"},"newPinErrorMsg":{"_":"PIN кодовете са различни."},"nckErrorMsg":{"_":"The NCK кодът е грешен."},"nckAttemptMsg2":{"_":"{[ plural(n) ]}","_[one]":"Запитването за мрежово обезличаване е неуспешно. Имате един опит да вкарате правилен код. Прегледайте документацията към Вашето устройство или се свържете с оператор, за повече информация.","_[two]":"Запитването за мрежово обезличаване е неуспешно. Имате {{n}} опита да вкарате правилен код. Прегледайте документацията към Вашето устройство или се свържете с оператор, за повече информация.","_[few]":"Запитването за мрежово обезличаване е неуспешно. Имате {{n}} опита да вкарате правилен код. Прегледайте документацията към Вашето устройство или се свържете с оператор, за повече информация.","_[many]":"Запитването за мрежово обезличаване е неуспешно. Имате {{n}} опита да вкарате правилен код. Прегледайте документацията към Вашето устройство или се свържете с оператор, за повече информация.","_[other]":"Запитването за мрежово обезличаване е неуспешно. Имате {{n}} опита да вкарате правилен код. Прегледайте документацията към Вашето устройство или се свържете с оператор, за повече информация."},"nckLastChanceMsg":{"_":"Запитването за мрежово обезличаване е неуспешно. Последен опит да вкарате правилен NCK код. Прегледайте документацията към Вашето устройство или се свържете с оператор, за повече информация."},"activity-pick":{"_":"Избиране от:"},"activity-view":{"_":"Преглеждане с:"},"activity-test":{"_":"Тестване с:"},"activity-share":{"_":"Споделяне с:"},"activity-new":{"_":"Създаване с:"},"activity-open":{"_":"Отваряне с:"},"activity-save-bookmark":{"_":"Запазване на отметка към:"},"activity-record":{"_":"Записване от:"},"activity-browse":{"_":"Сърфиране с:"},"activity-configure":{"_":"Конфигуриране с:"},"activity-dial":{"_":"Набиране от:"},"persona-signin":{"_":"Вписване"},"payment-flow":{"_":"Покупка"},"remoteDebuggerMessage":{"_":"Има входящо запитване за позволение на отдалечена debugging връзка. Да бъде ли позволена?"},"fullscreen-request":{"_":"{{origin}} е вече на цял екран."},"captive-wifi-available":{"_":"Беше намерена мрежа {{networkName}}. Да бъде ли присъединена?"},"ceWarningtitle":{"_":"Предупреждение за нивото на звука"},"ceWarningcontent":{"_":"За да предотвратите повреда на слуха, не използвайте високо ниво на звука, за дълги периоди."},"notification-powersaving-mode-on-title":{"_":"Режим за пестене на енергия"},"notification-powersaving-mode-on-description":{"_":"Включен е режимът за пестене на енергия."},"low-device-storage":{"_":"Малко останало пространство на устройството.\n"},"free-space":{"_":"{[ plural(value) ]}","_[zero]":"Липсва свободно място.","_[one]":"Остават по-малко от {{value}} {{unit}}.","_[two]":"Остават по-малко от {{value}} {{unit}}.","_[few]":"Остават по-малко от {{value}} {{unit}}.","_[many]":"Остават по-малко от {{value}} {{unit}}.","_[other]":"Остават по-малко от {{value}} {{unit}}."},"unknown-free-space":{"_":"Неизвестно колко място остава."},"system-alert":{"_":"Системно предупреждение"},"cb-channel":{"_":"Канал {{channel}}"},"icc-message-title":{"_":"Operator message from SIM {{id}}"},"icc-confirmCall-defaultmessage":{"_":"Да бъде ли набран {{number}}?"},"icc-alertMessage-defaultmessage":{"_":"Изпращане на съобщение"},"icc-confirmMessage-defaultmessage":{"_":"Да бъде ли изпратено съобщение?"},"icc-inputbox-title":{"_":"STK Query from SIM {{id}}"},"emergency-callback-mode":{"_":"Режим на спешно обратно повикване"},"emergency-callback-message":{"_":"You can not make calls, send messages or go online because emergency callback mode is enabled. Would you like to turn it off?"},"cdma-record-info":{"_":"CDMA информация"},"ime-switching-title":{"_":"{{appName}}: {{name}}"},"ime-switching-tip":{"_":"Натиснете за да смените метода за вкарване"},"layout-selection":{"_":"Избор на оформлението"},"shrinking-tip":{"_":"Плъзнете, за да споделите"},"download_started":{"_":"Download started"},"download_stopped":{"_":"Download stopped"},"download_downloading":{"_":"Downloading…"},"download_succeeded":{"_":"Download complete"},"download_failed":{"_":"Download failed"},"download_text_by_default":{"_":"{{name}}"},"download_downloading_text_2":{"_":"{{percentage}}% - {{name}}"},"search":{"_":"Search"},"search-or-type-address":{"placeholder":"Search or type address"},"noSIMCardInHotspot":{"_":"SIM card is absent or inserted incorrectly, so turn off hotspot"},"statusbarTimeFormat":{"_":"%H:%M"},"icc-message":{"_":"Съобщение от оператор"},"icc-inputtitle":{"_":"STK Заявка"},"emergency-callback-dialog-message":{"_":"Операторските услуги и интернет са изключени, заради режим на спешно обратно повикване. Искате ли да изключите режима?"},"brandShortName":{"_":"B2G OS"},"browserBrandShortName":{"_":"Уеб браузър"},"browserBrandFullName":{"_":"Mozilla Уеб браузър"},"weekday-0-long":{"_":"Неделя"},"weekday-1-long":{"_":"Понеделник"},"weekday-2-long":{"_":"Вторник"},"weekday-3-long":{"_":"Сряда"},"weekday-4-long":{"_":"Четвъртък"},"weekday-5-long":{"_":"Петък"},"weekday-6-long":{"_":"Събота"},"weekday-0-short":{"_":"Нед"},"weekday-1-short":{"_":"Пон"},"weekday-2-short":{"_":"Вт"},"weekday-3-short":{"_":"Ср"},"weekday-4-short":{"_":"Чет"},"weekday-5-short":{"_":"Пет"},"weekday-6-short":{"_":"Съб"},"month-0-long":{"_":"Януари"},"month-1-long":{"_":"Февруари"},"month-2-long":{"_":"Maрт"},"month-3-long":{"_":"Aприл"},"month-4-long":{"_":"Май"},"month-5-long":{"_":"Юни"},"month-6-long":{"_":"Юли"},"month-7-long":{"_":"Август"},"month-8-long":{"_":"Септември"},"month-9-long":{"_":"Oктомври"},"month-10-long":{"_":"Ноември"},"month-11-long":{"_":"Декември"},"month-0-genitive":{"_":"Януари"},"month-1-genitive":{"_":"Февруари"},"month-2-genitive":{"_":"Maрт"},"month-3-genitive":{"_":"Aприл"},"month-4-genitive":{"_":"Май"},"month-5-genitive":{"_":"Юни"},"month-6-genitive":{"_":"Юли"},"month-7-genitive":{"_":"Август"},"month-8-genitive":{"_":"Септември"},"month-9-genitive":{"_":"Oктомври"},"month-10-genitive":{"_":"Ноември"},"month-11-genitive":{"_":"Декември"},"month-0-short":{"_":"Ян"},"month-1-short":{"_":"Фев"},"month-2-short":{"_":"Мар"},"month-3-short":{"_":"Апр"},"month-4-short":{"_":"Май"},"month-5-short":{"_":"Юни"},"month-6-short":{"_":"Юли"},"month-7-short":{"_":"Авг"},"month-8-short":{"_":"Сеп"},"month-9-short":{"_":"Окт"},"month-10-short":{"_":"Ное"},"month-11-short":{"_":"Дек"},"minutes-ago-long":{"_":"{[ plural(value) ]}","_[zero]":"в момента","_[one]":"преди минута","_[two]":"преди {{value}} минути","_[few]":"преди {{value}} минути","_[many]":"преди {{value}} минути","_[other]":"преди {{value}} минути"},"hours-ago-long":{"_":"{[ plural(value) ]}","_[zero]":"в момента","_[one]":"преди час","_[two]":"преди {{value}} часа","_[few]":"преди {{value}} часа","_[many]":"преди {{value}} часа","_[other]":"преди {{value}} часа"},"days-ago-long":{"_":"{[ plural(value) ]}","_[zero]":"днес","_[one]":"вчера","_[two]":"преди {{value}} дни","_[few]":"преди {{value}} дни","_[many]":"преди {{value}} дни","_[other]":"преди {{value}} дни"},"weeks-ago-long":{"_":"{[ plural(value) ]}","_[zero]":"тази седмица","_[one]":"миналата седмица","_[two]":"преди {{value}} седмици","_[few]":"преди {{value}} седмици","_[many]":"преди {{value}} седмици","_[other]":"преди {{value}} седмици"},"months-ago-long":{"_":"{[ plural(value) ]}","_[zero]":"този месец","_[one]":"миналия месец","_[two]":"преди {{value}} месеца","_[few]":"преди {{value}} месеца","_[many]":"преди {{value}} месеца","_[other]":"преди {{value}} месеца"},"years-ago-long":{"_":"{[ plural(value) ]}","_[zero]":"тази година","_[one]":"миналата година","_[two]":"преди {{value}} години","_[few]":"преди {{value}} години","_[many]":"преди {{value}} години","_[other]":"преди {{value}} години"},"minutes-until-long":{"_":"{[ plural(value) ]}","_[zero]":"now","_[one]":"in a minute","_[two]":"in {{value}} minutes","_[few]":"in {{value}} minutes","_[many]":"in {{value}} minutes","_[other]":"in {{value}} minutes"},"hours-until-long":{"_":"{[ plural(value) ]}","_[zero]":"сега","_[one]":"до един час","_[two]":"след {{value}} часа","_[few]":"след {{value}} часа","_[many]":"след {{value}} часа","_[other]":"след {{value}} часа"},"days-until-long":{"_":"{[ plural(value) ]}","_[zero]":"днес","_[one]":"утре","_[two]":"след {{value}} дни","_[few]":"след {{value}} дни","_[many]":"след {{value}} дни","_[other]":"след {{value}} дни"},"weeks-until-long":{"_":"{[ plural(value) ]}","_[zero]":"тази седмица","_[one]":"другата седмица","_[two]":"след {{value}} седмици","_[few]":"след {{value}} седмици","_[many]":"след {{value}} седмици","_[other]":"след {{value}} седмици"},"months-until-long":{"_":"{[ plural(value) ]}","_[zero]":"този месец","_[one]":"другия месец","_[two]":"след {{value}} месеца","_[few]":"след {{value}} месеца","_[many]":"след {{value}} месеца","_[other]":"след {{value}} месеца"},"years-until-long":{"_":"{[ plural(value) ]}","_[zero]":"тази година","_[one]":"следващата година","_[two]":"след {{value}} години","_[few]":"след {{value}} години","_[many]":"след {{value}} години","_[other]":"след {{value}} години"},"minutes-ago-short":{"_":"{[ plural(value) ]}","_[zero]":"в момента","_[other]":"преди {{value}}мин."},"hours-ago-short":{"_":"{[ plural(value) ]}","_[zero]":"в момента","_[other]":"преди {{value}}ч."},"days-ago-short":{"_":"{[ plural(value) ]}","_[zero]":"днес","_[other]":"преди {{value}}дни"},"minutes-until-short":{"_":"{[ plural(value) ]}","_[zero]":"сега","_[other]":"след {{value}}мин."},"hours-until-short":{"_":"{[ plural(value) ]}","_[zero]":"сега","_[other]":"след {{value}}ч."},"days-until-short":{"_":"{[ plural(value) ]}","_[zero]":"днес","_[other]":"след {{value}}дни"},"incorrectDate":{"_":"(невалидна дата)"},"dateTimeFormat_%c":{"_":"%a, %e %b %Y %H:%M:%S"},"dateTimeFormat_%x":{"_":"%d %m %Y"},"dateTimeFormat_%X":{"_":"%H:%M:%S"},"shortTimeFormat":{"_":"%H:%M"},"shortDateTimeFormat":{"_":"%x %H:%M"},"weekStartsOnMonday":{"_":"1"},"time_am":{"_":"AM"},"time_pm":{"_":"PM"},"perm-contacts":{"_":"Contacts"},"perm-contacts-appRequest":{"_":"{{app}} иска да има достъп до списъкът с контакти."},"perm-contacts-webRequest":{"_":"{{site}} иска да има достъп до списъкът с контакти."},"perm-desktop-notification":{"_":"Notifications"},"perm-desktop-notification-appRequest":{"_":"{{app}} иска да показва известия."},"perm-desktop-notification-webRequest":{"_":"{{site}} иска да показва известия."},"perm-device-storage-music":{"_":"Music Storage"},"perm-device-storage-music-appRequest":{"_":"{{app}} иска да има достъп до музиката ви."},"perm-device-storage-music-webRequest":{"_":"{{site}} иска да има достъп до музиката ви."},"perm-device-storage-pictures":{"_":"Image Storage"},"perm-device-storage-pictures-appRequest":{"_":"{{app}} иска да има достъп до изображенията ви."},"perm-device-storage-pictures-webRequest":{"_":"{{site}} иска да има достъп до изображенията ви."},"perm-device-storage-sdcard":{"_":"Memory Card Storage"},"perm-device-storage-sdcard-appRequest":{"_":"{{app}} иска да има достъп до картата с памет."},"perm-device-storage-sdcard-webRequest":{"_":"{{site}} иска да има достъп до картата с памет."},"perm-device-storage-videos":{"_":"Video Storage"},"perm-device-storage-videos-appRequest":{"_":"{{app}} иска да има достъп до видеата."},"perm-device-storage-videos-webRequest":{"_":"{{site}} иска да има достъп до видеата."},"perm-fmradio":{"_":"FM Radio"},"perm-fmradio-appRequest":{"_":"{{app}} иска да има достъп до FM радиото."},"perm-fmradio-webRequest":{"_":"{{site}} иска да има достъп до FM радиото."},"perm-geolocation":{"_":"Geolocation"},"perm-geolocation-appRequest":{"_":"{{app}} иска да има достъп до местоположението ви."},"perm-geolocation-webRequest":{"_":"{{site}} иска да има достъп до местоположението ви."},"perm-geolocation-more-info":{"_":"{{brandShortName}} използва данни като GPS, Wi-Fi и близки мобилни мрежи, за да определи приблизително местоположението Ви. Изпращат се общо данни на Mozilla и други доставчици на услуги, които ще бъдат използвани за подобряване на тези бази. Данни може да бъдат запазени на вашето устройство, а също така събиране на данни може да бъде осъществено дори, когато не са пуснати приложения."},"perm-video-capture":{"_":"Камера"},"perm-video-capture-appRequest":{"_":"Искате ли споделите камерата си с {{app}}?"},"perm-video-capture-webRequest":{"_":"Искате ли споделите камерата си с {{site}}?"},"perm-audio-capture":{"_":"Микрофон"},"perm-audio-capture-appRequest":{"_":"Искате ли споделите микрофона си с {{app}}?"},"perm-audio-capture-webRequest":{"_":"Искате ли споделите микрофона си с {{site}}?"},"perm-media-capture":{"_":"Камера и микрофон"},"perm-media-capture-appRequest":{"_":"Искате ли споделите камерата и микрофона си с {{app}}?"},"perm-media-capture-webRequest":{"_":"Искате ли споделите камерата и микрофона си с {{site}}?"},"stopped_download_title":{"_":"Download stopped"},"stopped_download_message":{"_":"Download was stopped. Try downloading again?"},"stopped_download_left_button":{"_":"Cancel"},"stopped_download_right_button":{"_":"Try again"},"failed_download_title":{"_":"Download failed"},"failed_download_message":{"_":"{{name}} failed to download. Try downloading again?"},"failed_download_left_button":{"_":"Cancel"},"failed_download_right_button":{"_":"Try again"},"stop_download_title":{"_":"Stop download"},"stop_download_message":{"_":"Are you sure you want to stop the download?"},"stop_download_left_button":{"_":"No"},"stop_download_right_button":{"_":"Yes"},"delete_download_title":{"_":"Delete"},"delete_download_message":{"_":"Delete {{name}}?"},"delete_download_left_button":{"_":"Cancel"},"delete_download_right_button":{"_":"Delete"},"delete_all_download_title":{"_":"Delete"},"delete_all_download_left_button":{"_":"Cancel"},"delete_all_download_right_button":{"_":"Delete"},"delete_all_download_message":{"_":"{[ plural(number) ]}","_[zero]":"Delete no files?","_[one]":"Delete one file?","_[two]":"Delete {{number}} files?","_[few]":"Delete {{number}} files?","_[many]":"Delete {{number}} files?","_[other]":"Delete {{number}} files?"},"unsupported_file_type_download_title":{"_":"Unable to open"},"unsupported_file_type_download_message":{"_":"There isn’t an app that can open {{name}}. Would you like to save the file or delete it?"},"unsupported_file_type_download_left_button":{"_":"Keep File"},"unsupported_file_type_download_right_button":{"_":"Delete"},"file_not_found_download_title":{"_":"File not found"},"file_not_found_download_message":{"_":"The file wasn’t found on the device"},"file_not_found_download_right_button":{"_":"OK"},"unmounted_sdcard_2_download_title":{"_":"Memory card in use"},"unmounted_sdcard_2_download_message":{"_":"Unplug the phone"},"unmounted_sdcard_2_download_right_button":{"_":"OK"},"no_provider_download_title":{"_":"Unable to share"},"no_provider_download_message":{"_":"No provider found"},"no_provider_download_right_button":{"_":"OK"},"no_memory_download_title":{"_":"SD Card is full"},"no_memory_download_message":{"_":"There is no more room on your SD card to save your download. Please remove some files before restarting the download."},"no_memory_download_right_button":{"_":"OK"},"no_sdcard_found_2_download_title":{"_":"No memory card found"},"no_sdcard_found_2_download_message":{"_":"Insert a memory card or select an alternate default media location in settings"},"no_sdcard_found_2_download_right_button":{"_":"OK"},"file_open_error_download_title":{"_":"Unable to open"},"file_open_error_download_message":{"_":"There is a problem opening {{name}}. Would you like to save the file or delete it?"},"file_open_error_download_left_button":{"_":"Keep File"},"file_open_error_download_right_button":{"_":"Delete"},"restart_download_error":{"_":"There was an error while restarting the download. Please try to download again."},"no-downloads":{"_":"No downloads"},"percentage":{"_":"{{percentage}} %"},"partialResult":{"_":"{{partial}} of {{total}}"},"summary":{"_":"{{date}} - {{status}}"},"download-stopped":{"_":"Stopped"},"download-failed":{"_":"Download failed"},"open_downloaded_file":{"_":"Open"},"share_downloaded_file":{"_":"Share"},"wallpaper_downloaded_file":{"_":"Set as wallpaper"},"ringtone_downloaded_file":{"_":"Set as ringtone"},"cancel_downloaded_file":{"_":"Cancel"},"sim-picker-dial-via-with-number":{"_":"Dial {{ phoneNumber }} via"},"sim-picker-select-sim":{"_":"Select SIM"},"sim-picker-button":{"_":"SIM{{ n }}"},"sim-picker-button-default":{"_":"(default)"}}