{"ok":{"_":"ঠিক আছে"},"back":{"_":"পিছনে"},"help":{"_":"সহায়তা"},"cancel":{"_":"বাতিল"},"close":{"_":"বন্ধ"},"skip":{"_":"উপেক্ষা করুন"},"airplaneMode":{"_":"বিমান মোড"},"searching":{"_":"অনুসন্ধান চলছে..."},"noNetwork":{"_":"কোন নেটওয়ার্ক নাই"},"roaming":{"_":"{{operator}} (রোমিং)"},"emergencyCallsOnly":{"_":"শুধুমাত্র জরুরী কল"},"emergencyCallsOnly-unknownSIMState":{"_":"(সিম পাওয়া যায়নি)"},"emergencyCallsOnly-noSIM":{"_":"(কোন সিম কার্ড নেই)"},"emergencyCallsOnly-pinRequired":{"_":"(সিম পিন আবশ্যক)"},"emergencyCallsOnly-pukRequired":{"_":"(সিম PUK আবশ্যক)"},"emergencyCallsOnly-networkLocked":{"_":"(নেটওয়ার্ক লক করা)"},"emergencyCallsOnly-serviceProviderLocked":{"_":"(সার্ভিস প্রোভাইডার লক করা)"},"emergencyCallsOnly-corporateLocked":{"_":"(কর্পোরেট লক)"},"enterPIN":{"_":"পিন প্রবেশ করুন"},"statusbarLabel":{"_":"{{date}}, {{operator}}"},"statusbarDateFormat":{"_":"%b %e"},"notifications":{"_":"বিজ্ঞপ্তি"},"clear-all":{"_":"সব পরিষ্কার কর"},"newVoicemails":{"_":"{[ plural(n) ]}","_[zero]":"নতুন কোন ভয়েস মেইল নেই","_[one]":"একটি নতুন ভয়েস মেইল","_[two]":"{{n}} নতুন ভয়েস মেইল","_[few]":"{{n}} নতুন ভয়েস মেইল","_[many]":"{{n}} নতুন ভয়েস মেইল","_[other]":"{{n}} নতুন ভয়েস মেইল"},"newVoicemailsUnknown":{"_":"নতুন ভয়েস মেইল"},"dialNumber":{"_":"{{number}} ডায়াল করুন"},"deviceMenu":{"_":"ফোন"},"airplane":{"_":"বিমান মোড চালু করুন"},"airplaneOff":{"_":"বিমান মোড বন্ধ করুন"},"silent":{"_":"ইনকামিং কল নিঃশব্দ করুন"},"normal":{"_":"ইনকামিং কলের সময় রিং বাজবে"},"restart":{"_":"পুনরায় চালু করুন"},"power":{"_":"বন্ধ করুন"},"asyncpanzoom":{"_":"অ্যাপস এর জন্য APZ নিষ্ক্রিয় করুন"},"asyncpanzoomOff":{"_":"অ্যাপস এর জন্য APZ সক্রিয় করুন"},"enableScreenReaderSteps":{"_":"To enable screen reader, press volume up then volume down buttons three more times"},"disableScreenReaderSteps":{"_":"To disable screen reader, press volume up then volume down buttons three more times"},"no-recent-apps":{"_":"কোন সাম্প্রতিক অ্যাপ নেই"},"yes":{"_":"হ্যাঁ"},"no":{"_":"না"},"deny":{"_":"প্রত্যাখ্যান"},"allow":{"_":"অনুমোদন"},"dontshare-geolocation":{"_":"Don’t Share"},"share-geolocation":{"_":"শেয়ার"},"dontshare-audio-capture":{"_":"Don’t Share"},"share-audio-capture":{"_":"শেয়ার"},"dontshare-video-capture":{"_":"Don’t Share"},"share-video-capture":{"_":"শেয়ার"},"dontshare-media-capture":{"_":"Don’t Share"},"share-media-capture":{"_":"শেয়ার"},"device-front":{"_":"সামনের ক্যামেরা"},"device-back":{"_":"পেছনের ক্যামেরা"},"remember-my-choice":{"_":"আমার পছন্দ মনে রাখুন"},"more-info":{"_":"আরও তথ্য..."},"install-app":{"_":"{{name}} ইনস্টল করতে চান?"},"size":{"_":"আকার"},"author":{"_":"লেখক"},"size-unknown":{"_":"অজানা"},"author-unknown":{"_":"অজানা"},"install":{"_":"ইনস্টল"},"bytes":{"_":"বাইট"},"kB":{"_":"KB"},"MB":{"_":"MB"},"GB":{"_":"GB"},"TB":{"_":"টেরাবাইট"},"PB":{"_":"পেটাবাইট"},"app-install-generic-error":{"_":"{{ appName }} ডাউনলোড বন্ধ হয়ে গিয়েছে"},"app-install-download-failed":{"_":"{{ appName }} ডাউনলোড ব্যার্থ হয়েছে"},"app-install-install-failed":{"_":"{{ appName }} ইনস্টল ব্যর্থ হয়েছে"},"cancelling-will-not-refund":{"_":"বাতিল করলে কেনাকাটার টাকা ফেরত দেয়া হবে না। মূল্য পরিশোধকৃত জিনিসের টাকা আসল বিক্রেতা ফেরত দিবে।"},"apps-can-be-installed-later":{"_":"আসল ইনস্টলেশন সোর্স থেকে পরেও অ্যাপ ইনস্টল করা যাবে।"},"are-you-sure-you-want-to-cancel":{"_":"আপনি কি নিশ্চিত যে এই ইনস্টল বাতিল করবেন?"},"cancel-install":{"_":"ইনস্টল বাতিল "},"resume":{"_":"পুনরায় শুরু"},"continue":{"_":"চালিয়ে যান"},"stopDownloading":{"_":"{{ app }} ডাউনলোড বন্ধ করবেন?"},"app-download-can-be-restarted":{"_":"ডাউনলোড পরেও পুনরায় করা যাবে।"},"app-download-stop-button":{"_":"ডাউনলোড বন্ধ"},"not-enough-space":{"_":"যথেষ্ট পরিমাণ জায়গা নেই"},"not-enough-space-message":{"_":"এপ ইনস্টল করার জন্য প্রয়োজনীয় জায়গা নেই। পুরাতন এপ বা মিডিয়া অপসারণ করে জায়গা খালি করুন এবং আবার আসল সোর্স থেকে ইনস্টল করার চেষ্টা করুন।"},"app-install-success":{"_":"{{ appName }} ইনস্টল হয়েছে"},"setup":{"_":"সেটআপ"},"ime-addkeyboards":{"_":"কীবোর্ড যোগ করুন"},"later":{"_":"পরে"},"download":{"_":"ডাউনলোড"},"wantToDownload":{"_":"এখন ডাউনলোড আপডেট করাবেন?"},"wantToInstall":{"_":"এখন আপডেট ইনস্টল করাবেন?"},"installNow":{"_":"এখন ইনস্টল করুন"},"notNow":{"_":"এখন না"},"downloadingUpdateMessage":{"innerHTML":"হালনাগাদ ডাউনলোড হচ্ছে… <span>{{ progress }} ডাউনলোড সম্পন্ন হয়েছে।</span>"},"downloadingAppMessage":{"_":"{{ appName }} ডাউনলোড হচ্ছে"},"downloadingAppProgressNoMax":{"_":"{{ progress }} ডাউনলোড হয়েছে"},"downloadingAppProgressIndeterminate":{"_":"ডাউনলোড করা হচ্ছে"},"downloadingAppProgress":{"_":"{{ progress }} / {{ max }} ডাউনলোড হয়েছে"},"cancelAllDownloads":{"_":"সব ডাউনলোড বাতিল"},"wantToCancelAll":{"_":"আপনি কি সব ডাউনলোড বাতিল করার ব্যাপারে নিশ্চিত?"},"downloadError":{"_":"হালনাগাদ ডাউনলোড করার সময় ত্রুটি পাওয়া গেছে।"},"updateAvailableInfo":{"innerHTML":"{[ plural(n) ]}","innerHTML[one]":"{{ n }} টি হালনাগাদ পাওয়া গেছে। <span>আরও তথ্যের জন্য এখানে চাপুন।</span>","innerHTML[two]":"{{ n }} টি হালনাগাদ পাওয়া গেছে। <span>আরও তথ্যের জন্য এখানে চাপুন।</span>","innerHTML[few]":"{{ n }} টি হালনাগাদ পাওয়া গেছে। <span>আরও তথ্যের জন্য এখানে চাপুন।</span>","innerHTML[many]":"{{ n }} টি হালনাগাদ পাওয়া গেছে। <span>আরও তথ্যের জন্য এখানে চাপুন।</span>","innerHTML[other]":"{{ n }} টি হালনাগাদ পাওয়া গিয়েছে। <span>আরও তথ্যের জন্য এখানে চাপুন।</span>"},"numberOfUpdates":{"_":"{[ plural(n) ]}","_[one]":"{{ n }} টি হালনাগাদ বিদ্যমান","_[two]":"{{ n }} টি হালনাগাদ বিদ্যমান","_[few]":"{{ n }} টি হালনাগাদ পাওয়া গিয়েছে","_[many]":"{{ n }} টি হালনাগাদ বিদ্যমান","_[other]":"{{ n }} টি হালনাগাদ বিদ্যমান"},"systemUpdate":{"_":"সিস্টেম হালনাগাদ"},"systemUpdateReady":{"_":"সিস্টেমের হালনাগাদ প্রস্তুত"},"required":{"_":"প্রয়োজনীয়"},"uncompressingMessage":{"innerHTML":"অসংকুচিত করা হচ্ছে... <span>এই কাজের জন্য কিছু সময় প্রয়োজন।</span>"},"downloadNoWifiWarning":{"_":"ওয়াই-ফাই উপলব্ধ নেই। বর্তমান সংযোগের মাধ্যমে হালনাগাদ করা হলে অতিরিক্ত চার্জ প্রযোজ্য হতে পারে।"},"downloadOfflineWarning":{"_":"সংযোগ উপলব্ধ নেই। হালনাগাদ ডাউনলোড করার জন্য একটি নেটওয়ার্কে সংযুক্ত হোন।"},"downloadDataConnectionWarning":{"_":"যেহেতু ওয়াই-ফাই উপলব্ধ ছিলো না তাই ডাটা সংযোগের মাধ্যমে হালনাগাদ ডাউনলোড হয়েছে। অতিরিক্ত চার্জ প্রযোজ্য হতে পারে।"},"downloadUpdatesViaDataConnection":{"_":"ডাটা সংযোগের মাধ্যমে হালনাগাদ ডাউনলোড করবেন?"},"downloadUpdatesViaDataConnectionMessage":{"_":"ওয়াই-ফাই না থাকায় ডাটা সংযোগের মাধ্যমে হালনাগাদ ডাউনলোড হয়েছে। যখন ডাটা সংযোগ ব্যবহার করা হয়, তখন ফোন কল ব্লক হয়ে যেতে পারে এবং অতিরিক্ত চার্জও প্রযোজ্য হতে পারে।"},"screenshotSaved":{"_":"গ্যালারিতে স্ক্রিনশট সেভ করা হয়েছে"},"screenshotFailed":{"_":"স্ক্রিনশটটি সংরক্ষণ করা যায়নি"},"screenshotNoSDCard":{"_":"কোন মেমোরি কার্ড খুজেঁ পায়নি"},"screenshotSDCardInUse":{"_":"মেমরি কার্ডটি ব্যাবহার করা হচ্ছে"},"screenshotSDCardLow":{"_":"মেমোরি কার্ডে যথেষ্ঠ পরিমাণ জায়গা নেই"},"emergency-call-button":{"_":"জরুরি কল"},"emergency-call":{"_":"জরুরী কল"},"unlock-a11y-button":{"ariaLabel":"লক খুলুন"},"camera-a11y-button":{"ariaLabel":"ক্যামেরা"},"longDateFormat":{"_":"%A, %B %e"},"softwareHomeButton":{"ariaLabel":"হোম"},"login":{"_":"সাইন ইন"},"username":{"_":"ব্যবহারকারীর নাম"},"password":{"_":"গোপনশব্দ"},"http-authentication-message":{"_":"{{host}} ইউজারনেম ও পাসওয়ার্ড চাচ্ছে। সাইটটি বলছে: “{{realm}}”"},"error-message":{"_":"{{name}} ঠিকমতো লোড হচ্ছে না"},"error-title":{"_":"{{name}} এ সমস্যা হচ্ছে"},"airplane-is-on":{"_":"বিমান মোড চালু"},"airplane-is-turned-on":{"_":"{{name}} নেটওয়ার্ক সংযোগ চাচ্ছে। সেটিংস থেকে এরোপ্লেন মোড বন্ধ করুন এবং ওয়াই-ফাই অথবা মোবাইল ডাটা নেটওয়ার্কে সংযুক্ত হোন।"},"server-not-found":{"_":"সার্ভার পাওয়া যায়নি"},"server-not-found-error":{"_":"Can’t find the server at {{name}}."},"network-connection-unavailable":{"_":"নেটওয়ার্ক সংযোগ উপলব্ধ নেই"},"network-error":{"_":"{{name}} নেটওয়ার্ক সংযোগ চাচ্ছে। ওয়াই-ফাই অথবা মোবাইল ডাটা নেটওয়ার্কে সংযুক্ত হতে চেষ্টা করুন।"},"unable-to-connect":{"_":"সংযোগ করতে ব্যর্থ"},"tap-to-retry":{"_":"পুনরায় চেষ্টা করতে চাপুন"},"try-again":{"_":"পুনরায় চেষ্টা করুন"},"select-time":{"_":"সময় নির্বাচন করুন"},"choose-option":{"_":"নির্বাচন করুন"},"choose-options":{"_":"নির্বাচন"},"select-day":{"_":"দিন নির্বাচন করুন"},"battery-almost-empty":{"_":"ব্যাটারি প্রায় শেষ"},"add-to-home-screen":{"_":"নীড় পাতায় যোগ করুন"},"crash-dialog2-os":{"_":"{{brandShortName}} মাত্র একটি ক্র্যাশ থেকে পুনরুদ্ধার হয়েছে"},"crash-dialog-app":{"_":"{{name}} এইমাত্র ক্র্যাশ হলো"},"crash-dialog-message":{"_":"এই ক্র্যাশ সম্পর্কে আপনি কি মজিলাকে একটি রিপোর্ট পাঠাবেন যাতে তা ঠিক করা যায়? (রিপোর্ট শুধুমাত্র ওয়াই-ফাই এর মাধ্যমে পাঠানো হবে।)"},"crash-info-link":{"_":"What’s in a crash report?"},"crash-always-report":{"_":"যখনই একটি ক্র্যাশ ঘটবে তখনই মজিলাকে রিপোর্ট পাঠান।"},"crash-dont-send":{"_":"Don’t Send"},"crash-end":{"_":"রিপোর্ট পাঠান"},"crashReports":{"_":"ক্র্যাশ রিপোর্ট"},"done":{"_":"সম্পন্ন"},"crash-reports-description-1":{"_":"একটি ক্র্যাশ রিপোর্ট ক্র্যাশটির ও আপনার ডিভাইসের কিছু তথ্য ধারন করে , এবং ক্র্যাশের সময় আপনার ডিভাইসের অবস্থার একটা স্ন্যাপশটও।"},"crash-reports-description-2":{"_":"খোলা পেজ এবং অ্যাপ, ফর্মে লিখিত লেখা এবং খোলা বার্তার বিষয়বস্তু, সম্প্রতিক ব্রাউজিং এর ইতিহাস অথবা অ্যাপ দ্বারা ব্যবহৃত জিওলোকেশন এতে অন্তর্ভুক্ত থাকে।"},"crash-reports-description-3-start":{"_":"We use crash reports to try to fix problems and improve our products. We handle your information as we describe in our "},"crash-reports-description-3-privacy":{"_":"গোপনীয়তা নীতি"},"crash-reports-description-3-end":{"_":"।"},"crash-banner-os2":{"_":"{{brandShortName}} ক্র্যাশ করলো।"},"crash-banner-app":{"_":"{{name}} ক্র্যাশ করেছে।"},"crash-banner-report":{"_":"প্রতিবেদন"},"bluetooth-sendingTitle":{"_":"ব্লুটুথ স্থানান্তর পাঠানো হচ্ছে.."},"bluetooth-receivingTitle":{"_":"ব্লুটুথ স্থানান্তর গ্রহন করা হচ্ছে.."},"bluetooth-sending-progress":{"_":"ব্লুটুথ স্থানান্তর পাঠানো হচ্ছে.."},"bluetooth-receiving-progress":{"_":"ব্লুটুথ স্থানান্তর গ্রহন করা হচ্ছে.."},"acceptFileTransfer":{"_":"ব্লুটুথ স্থানান্তর গ্রহন করবেন?"},"wantToReceiveFile":{"_":"{{deviceName}}, {{fileName}} ({{fileSize}}) স্থানান্তর করতে চাচ্ছে।"},"transfer-confirmation-title":{"_":"{{deviceName}}"},"transfer-confirmation-description":{"_":"স্থানান্তরের অনুরোধ পর্যালোচনা করুন।"},"byteUnit-B":{"_":"বাইট"},"byteUnit-KB":{"_":"KB"},"byteUnit-MB":{"_":"MB"},"byteUnit-GB":{"_":"গিঃবাঃ"},"byteUnit-TB":{"_":"টেঃবাঃ"},"byteUnit-PB":{"_":"পেটাবাইট"},"byteUnit-EB":{"_":"এক্সাবাইট"},"byteUnit-ZB":{"_":"যেট্টাবাইট"},"byteUnit-YB":{"_":"ইয়ট্টাবাইট"},"fileSize":{"_":"{{size}} {{unit}}"},"transfer":{"_":"স্থানান্তর"},"cancelFileTransfer":{"_":"ব্লুটুথ ফাইল স্থানান্তর বাতিল করবেন?"},"transfer-has-started-title":{"_":"স্থানান্তর শুরু হয়েছে"},"transfer-has-started-description":{"_":"নোটিফিকেশন সেন্টারে অগ্রগতি দেখুন"},"transferFinished-sentSuccessful-title":{"_":"ফাইল পাঠান হয়েছে"},"transferFinished-receivedSuccessful-title":{"_":"ফাইল এসেছে"},"transferFinished-sentFailed-title":{"_":"ফাইল পাঠানো সম্ভব হয়নি।"},"transferFinished-receivedFailed-title":{"_":"ফাইল প্রাপ্তি সম্ভব হয়নি"},"transferReport-title":{"_":"স্থানান্তর রিপোর্ট:"},"transferReport-description":{"_":"{{numSuccessful}} টি ফাইল সফল, {{numUnsuccessful}} টি ফাইল বিফল"},"unknown-file":{"_":"অজানা ফাইল"},"unknown-device":{"_":"অজানা ধরনের ডিভাইস"},"cannotOpenFile":{"_":"প্রাপ্ত ফাইলটি খোলা যাচ্ছে না"},"unknownMediaTypeToOpen":{"_":"অজ্ঞাত ধরনের মিডিয়া খোলা যাচ্ছে না:"},"cannotReceiveFile":{"_":"ফাইলটি গ্রহন করা যাচ্ছে না"},"cannotGetStorageState":{"_":"ডিভাইসের স্টোরেজ অবস্থা পাওয়া যাচ্ছেনা।"},"sdcard-not-exist2":{"_":"কোনো মেমোরি কার্ড নেই। দয়া করে মেমোরি কার্ড প্রবেশ করান।"},"sdcard-in-use":{"_":"ইউএসবি লাগানো অবস্থায় ব্লুটুথ ব্যবহার করা যাবে না। ফাইল গ্রহন করতে ফোন থেকে ইউএসবি খুলে ফেলুন।"},"sdcard-no-space2":{"_":"স্থানান্তর সম্পন্ন হয়নি: মেমরি কার্ডে খালি জায়গা নেই।"},"unknown-error":{"_":"অজ্ঞাত ত্রুটি"},"confirm":{"_":"নিশ্চিত করুন"},"microphone-is-on":{"_":"মাইক চালু আছে"},"camera-is-on":{"_":"ক্যামেরা চালু আছে"},"media-is-on":{"_":"ক্যামেরা ও মাইক চালু আছে"},"noSimCard":{"_":"কোন সিম কার্ড নেই"},"simPin":{"_":"সিমের পিন"},"pukCode":{"_":"পাক কোড"},"nckCode":{"_":"NCK কোড"},"cckCode":{"_":"CCK কোড"},"spckCode":{"_":"SPCK কোড"},"whatIsSimPin":{"_":"সিম পিন কি?"},"simPinIntro1":{"_":"সিম পিন হচ্ছে সেটা যেটি আপনাকে সেলুলার ডাটা নেটওয়ার্কে সিম কার্ড ব্যবহার করতে দেবে না। যখন এটি চালু থাকবে তখন এই সিম কার্ড লাগানো যেকোনো ডিভাইস রিস্টার্ট দিলে পিন চাবে।"},"simPinIntro2":{"_":"ডিভাইস আনলক করতে সিম পিন আর পাসকোড একই হবে না।"},"changeSimPin":{"_":"PIN পরিবর্তন"},"pinTitle":{"_":"সিমের PIN প্রবেশ করান"},"multiSIMpinTitle":{"_":"সিম {{n}} পিন লিখুন"},"pukTitle":{"_":"PUK কোড প্রবেশ করান"},"nckTitle":{"_":"NCK কোড প্রবেশ করান"},"cckTitle":{"_":"CCK কোড প্রবেশ করান"},"spckTitle":{"_":"SPCK কোড প্রবেশ করান"},"newpinTitle":{"_":"নতুন PIN"},"inputCodeRetriesLeft":{"_":"{[ plural(n) ]}","_[one]":"Last try.","_[two]":"{{n}} বার চেষ্টা বাকী আছে।","_[few]":"{{n}} বার চেষ্টা বাকী আছে।","_[many]":"{{n}} বার চেষ্টা বাকী আছে।","_[other]":"{{n}} বার চেষ্টা বাকী আছে।"},"pinErrorMsg":{"_":"PIN টি ভুল ছিল।"},"pinAttemptMsg2":{"_":"{[ plural(n) ]}","_[one]":"সিম কার্ড লক হয়ে যাওয়ার আগে সঠিক কোড প্রবেশের জন্য আপনার আর একটি সুযোগ বাকি আছে।","_[two]":"সিম কার্ড লক হয়ে যাওয়ার আগে সঠিক কোড প্রবেশের জন্য আপনার আরও {{n}} টি সুযোগ বাকি আছে।","_[few]":"সিম কার্ড লক হয়ে যাওয়ার আগে সঠিক কোড প্রবেশের জন্য আপনার আরও {{n}} টি সুযোগ বাকি আছে।","_[many]":"সিম কার্ড লক হয়ে যাওয়ার আগে সঠিক কোড প্রবেশের জন্য আপনার আরও {{n}} টি সুযোগ বাকি আছে।","_[other]":"সিম কার্ড লক হয়ে যাওয়ার আগে সঠিক কোড প্রবেশের জন্য আপনার আরও {{n}} টি সুযোগ বাকি আছে।"},"pinLastChanceMsg":{"_":"সঠিক পিনটি প্রবেশ করানোর এটিই আপনার শেষ সুযোগ। অন্যথায়, এই সিম কার্ডটি ব্যবহার করার জন্য আপনাকে অবশ্যই পাক কোড প্রবেশ করাতে হবে।"},"simCardLockedMsg":{"_":"সিম কার্ডটি লক হয়ে গেছে।"},"enterPukMsg":{"_":"আপনাকে অবশ্যই এই সিম কার্ডটির ব্যাক্তিগত বন্ধ খোলার চাবি (PUK) কোড প্রবেশ করাতে হবে। আরও তথ্যের জন্য আপনার সিম কার্ডের নথিপত্র খুজুন অথবা আপনার ক্যারিয়ার এর সাথে যোগাযোগ করুন।"},"pukErrorMsg":{"_":"PUK কোডটি সঠিক নয়।"},"pukAttemptMsg2":{"_":"{[ plural(n) ]}","_[one]":"সিম কার্ডটি স্থায়ীভাবে আব্যাবহারযোগ্য হওয়ার পূর্বে সঠিক কোডটি প্রবেশ করানোর জন্য আপনার কাছে শুধুমাত্র একটি সুযোগ বাকি রয়েছে। আরও তথ্যের জন্য আপনার সিম কার্ডের নথিপত্র দেখুন অথবা আপনার ক্যারিয়ার এর সাথে যোগাযোগ করুন।","_[two]":"সিম কার্ডটি স্থায়ীভাবে আব্যাবহারযোগ্য হওয়ার পূর্বে সঠিক কোডটি প্রবেশ করানোর জন্য আপনার কাছে {{n}} টি সুযোগ বাকি রয়েছে। আরও তথ্যের জন্য আপনার সিম কার্ডের নথিপত্র দেখুন অথবা আপনার ক্যারিয়ার এর সাথে যোগাযোগ করুন।","_[few]":"সিম কার্ডটি স্থায়ীভাবে আব্যাবহারযোগ্য হওয়ার পূর্বে সঠিক কোডটি প্রবেশ করানোর জন্য আপনার কাছে {{n}} টি সুযোগ বাকি রয়েছে। আরও তথ্যের জন্য আপনার সিম কার্ডের নথিপত্র দেখুন অথবা আপনার ক্যারিয়ার এর সাথে যোগাযোগ করুন।","_[many]":"সিম কার্ডটি স্থায়ীভাবে আব্যাবহারযোগ্য হওয়ার পূর্বে সঠিক কোডটি প্রবেশ করানোর জন্য আপনার কাছে {{n}} টি সুযোগ বাকি রয়েছে। আরও তথ্যের জন্য আপনার সিম কার্ডের নথিপত্র দেখুন অথবা আপনার ক্যারিয়ার এর সাথে যোগাযোগ করুন।","_[other]":"সিম কার্ডটি স্থায়ীভাবে আব্যাবহারযোগ্য হওয়ার পূর্বে সঠিক কোডটি প্রবেশ করানোর জন্য আপনার কাছে {{n}} টি সুযোগ বাকি রয়েছে। আরও তথ্যের জন্য আপনার সিম কার্ডের নথিপত্র দেখুন অথবা আপনার ক্যারিয়ার এর সাথে যোগাযোগ করুন।"},"pukLastChanceMsg":{"_":"সঠিক পাক কোড প্রবেশ করানোর সর্বশেষ সুযোগ। আপনার সিম কার্ডটি স্থায়ীভাবে অচল হয়ে যাবে যদি আপনি ভুল পাক কোড প্রবেশ করান। আরও তথ্যের জন্য আপনার সিম কার্ডের নথিপত্র দেখুন অথবা আপনার ক্যারিয়ার এর সাথে যোগাযোগ করুন।"},"newSimPinMsg":{"_":"একটি পিন তৈরী করুন (অবশ্যই ৪ থেকে ৮টি সংখ্যা থাকতে হবে)"},"confirmNewSimPinMsg":{"_":"নতুন PIN নিশ্চিত করুন"},"newPinErrorMsg":{"_":"PIN গুলো মিলেনি।"},"nckErrorMsg":{"_":"NCK কোডটি সঠিক নয়।"},"nckAttemptMsg2":{"_":"{[ plural(n) ]}","_[one]":"নেটওয়ার্ক ডিস্পার্সোনালাইজেশন অনুরোধ ব্যর্থ। সঠিক কোড প্রবেশ করানোর জন্য আর একটি মাত্র সুযোগ আছে আপনার। আপনার ডিভাইস নথিপত্র পড়ুন অথবা অধিক বিবরণের জন্য আপনার ক্যারিয়ার সাথে যোগাযোগ করুন।","_[two]":"নেটওয়ার্ক ডিস্পার্সোনালাইজেশন অনুরোধ ব্যর্থ। সঠিক কোড প্রবেশ করানোর জন্য আর {{n}} টি মাত্র সুযোগ আছে আপনার। আপনার ডিভাইস নথিপত্র পড়ুন অথবা অধিক বিবরণের জন্য আপনার ক্যারিয়ার সাথে যোগাযোগ করুন।","_[few]":"নেটওয়ার্ক ডিস্পার্সোনালাইজেশন অনুরোধ ব্যর্থ। সঠিক কোড প্রবেশ করানোর জন্য আর {{n}} টি মাত্র সুযোগ আছে আপনার। আপনার ডিভাইস নথিপত্র পড়ুন অথবা অধিক বিবরণের জন্য আপনার ক্যারিয়ার সাথে যোগাযোগ করুন।","_[many]":"নেটওয়ার্ক ডিস্পার্সোনালাইজেশন অনুরোধ ব্যর্থ। সঠিক কোড প্রবেশ করানোর জন্য আর {{n}} টি মাত্র সুযোগ আছে আপনার। আপনার ডিভাইস নথিপত্র পড়ুন অথবা অধিক বিবরণের জন্য আপনার ক্যারিয়ার সাথে যোগাযোগ করুন।","_[other]":"নেটওয়ার্ক ডিস্পার্সোনালাইজেশন অনুরোধ ব্যর্থ। সঠিক কোড প্রবেশ করানোর জন্য আর {{n}} টি মাত্র সুযোগ আছে আপনার। আপনার ডিভাইস নথিপত্র পড়ুন অথবা অধিক বিবরণের জন্য আপনার ক্যারিয়ার সাথে যোগাযোগ করুন।"},"nckLastChanceMsg":{"_":"নেটওয়ার্ক ডিস্পার্সোনালাইজেশন অনুরোধ ব্যর্থ। সঠিক NCK কোড প্রবেশ করানোর এটি-ই শেষ সুযোগ। আপনার ডিভাইস নথিপত্র পড়ুন অথবা অধিক বিবরণের জন্য আপনার ক্যারিয়ার সাথে যোগাযোগ করুন।"},"activity-pick":{"_":"যেখান থেকে নির্বাচন করবেন:"},"activity-view":{"_":"যা দিয়ে দেখবেন:"},"activity-test":{"_":"যা দিয়ে পরিক্ষা করবেন:"},"activity-share":{"_":"যাদের সাথে শেয়ার করবেন:"},"activity-new":{"_":"যা দিয়ে তৈরি করবেন:"},"activity-open":{"_":"খুলতে ব্যবহার করুন:"},"activity-save-bookmark":{"_":"বুকমার্ক করুন:"},"activity-record":{"_":"রেকর্ড করুন এটা থেকে:"},"activity-browse":{"_":"ব্রাউজ করুন এটা দিয়ে:"},"activity-configure":{"_":"কনফিগার করুন এটা দিয়ে:"},"activity-dial":{"_":"ডায়াল করুন এটা থেকে:"},"persona-signin":{"_":"সাইন ইন"},"payment-flow":{"_":"ক্রয়"},"remoteDebuggerMessage":{"_":"দূরবর্তী ডিবাগিং সংযোগের অনুমতির জন্য একটি অন্তর্মুখী অনুরোধ পাওয়া গেছে। সংযোগের অনুমতি প্রদান করা হবে?"},"fullscreen-request":{"_":"{{origin}} এখন পূর্ণ পর্দা জুড়ে আছে।"},"captive-wifi-available":{"_":"{{networkName}} নেটওয়ার্কটি পাওয়া গিয়েছে। নেটওয়ার্কটিতে যোগ দিবেন?"},"ceWarningtitle":{"_":"ভলিউম সতর্কবার্তা"},"ceWarningcontent":{"_":"শ্রবণশক্তির সম্ভাব্য ক্ষতি প্রতিরোধ করার জন্য, দীর্ঘ সময় ধরে জন্য উচ্চ ভলিউমে শুনবেন না।"},"notification-powersaving-mode-on-title":{"_":"বিদ্যুৎ সংরক্ষণ মোড"},"notification-powersaving-mode-on-description":{"_":"বিদ্যুৎ সংরক্ষণ মোড চালু।"},"low-device-storage":{"_":"ডিভাইসে জায়গা কম।\n"},"free-space":{"_":"{[ plural(value) ]}","_[zero]":"কোন খালি যায়গা নেই।","_[one]":"{{value}} {{unit}} এরও কম জায়গা রয়েছে।","_[two]":"{{value}} {{unit}} এরও কম জায়গা রয়েছে।","_[few]":"{{value}} {{unit}} এরও কম জায়গা রয়েছে।","_[many]":"{{value}} {{unit}} এরও কম জায়গা রয়েছে।","_[other]":"{{value}} {{unit}} এরও কম জায়গা রয়েছে।"},"unknown-free-space":{"_":"অজানা জায়গা রয়েছে।"},"system-alert":{"_":"সিস্টেমের সতর্কবার্তা"},"cb-channel":{"_":"চ্যানেল {{channel}}"},"icc-message-title":{"_":"Operator message from SIM {{id}}"},"icc-confirmCall-defaultmessage":{"_":"{{number}} ডায়াল করা হবে?"},"icc-alertMessage-defaultmessage":{"_":"বার্তা পাঠানো হচ্ছে"},"icc-confirmMessage-defaultmessage":{"_":"বার্তা পাঠাবেন?"},"icc-inputbox-title":{"_":"STK Query from SIM {{id}}"},"emergency-callback-mode":{"_":"জরুরী কলব্যাক মোড"},"emergency-callback-message":{"_":"You can not make calls, send messages or go online because emergency callback mode is enabled. Would you like to turn it off?"},"cdma-record-info":{"_":"CDMA রেকর্ড তথ্য"},"ime-switching-title":{"_":"{{appName}}: {{name}}"},"ime-switching-tip":{"_":"ইনপুট পদ্ধতি পরিবর্তনের জন্য চাপুন"},"layout-selection":{"_":"বহির্বিন্যাস নির্বাচন"},"shrinking-tip":{"_":"শেয়ার করার জন্য সুইপ করুন"},"download_started":{"_":"ডাউনলোড শুরু হয়েছে"},"download_stopped":{"_":"ডাউনলোড বন্ধ হয়েছে"},"download_downloading":{"_":"ডাউনলোড করা হচ্ছে…"},"download_succeeded":{"_":"ডাউনলোড শেষ"},"download_failed":{"_":"ডাউনলোড ব্যর্থ হয়েছে"},"download_text_by_default":{"_":"{{name}}"},"download_downloading_text_2":{"_":"{{percentage}}% - {{name}}"},"search":{"_":"Search"},"search-or-type-address":{"placeholder":"Search or type address"},"noSIMCardInHotspot":{"_":"SIM card is absent or inserted incorrectly, so turn off hotspot"},"emergency-callback-dialog-message":{"_":"জরুরী কল ব্যাক মোড চালু থাকায় টেলিকম এবং ইন্টারনেট সেবা নিস্ক্রিয় হয়ে আছে। আপনি কি এই মোড বন্ধ করতে চান?"},"brandShortName":{"_":"B2G ওএস"},"browserBrandShortName":{"_":"ওয়েব ব্রাউজার"},"browserBrandFullName":{"_":"মজিলা ওয়েব ব্রাউজার"},"weekday-0-long":{"_":"রবিবার"},"weekday-1-long":{"_":"সোমবার"},"weekday-2-long":{"_":"মঙ্গলবার"},"weekday-3-long":{"_":"বুধবার"},"weekday-4-long":{"_":"বৃহস্পতিবার"},"weekday-5-long":{"_":"শুক্রবার"},"weekday-6-long":{"_":"শনিবার"},"weekday-0-short":{"_":"রবি"},"weekday-1-short":{"_":"সোম"},"weekday-2-short":{"_":"মঙ্গল"},"weekday-3-short":{"_":"বুধ"},"weekday-4-short":{"_":"বৃহঃ"},"weekday-5-short":{"_":"শুক্র"},"weekday-6-short":{"_":"শনি"},"month-0-long":{"_":"জানুয়ারি"},"month-1-long":{"_":"ফেব্রুয়ারি"},"month-2-long":{"_":"মার্চ"},"month-3-long":{"_":"এপ্রিল"},"month-4-long":{"_":"মে"},"month-5-long":{"_":"জুন"},"month-6-long":{"_":"জুলাই"},"month-7-long":{"_":"আগস্ট"},"month-8-long":{"_":"সেপ্টেম্বর"},"month-9-long":{"_":"অক্টোবর"},"month-10-long":{"_":"নভেম্বর"},"month-11-long":{"_":"ডিসেম্বর"},"month-0-genitive":{"_":"জানুয়ারি"},"month-1-genitive":{"_":"ফেব্রুয়ারি"},"month-2-genitive":{"_":"মার্চ"},"month-3-genitive":{"_":"এপ্রিল"},"month-4-genitive":{"_":"মে"},"month-5-genitive":{"_":"জুন"},"month-6-genitive":{"_":"জুলাই"},"month-7-genitive":{"_":"আগস্ট"},"month-8-genitive":{"_":"সেপ্টেম্বর"},"month-9-genitive":{"_":"অক্টোবর"},"month-10-genitive":{"_":"নভেম্বর"},"month-11-genitive":{"_":"ডিসেম্বর"},"month-0-short":{"_":"জানু"},"month-1-short":{"_":"ফেব্রু"},"month-2-short":{"_":"মার্চ"},"month-3-short":{"_":"এপ্রিল"},"month-4-short":{"_":"মে"},"month-5-short":{"_":"জুন"},"month-6-short":{"_":"জুলাই"},"month-7-short":{"_":"আগস্ট"},"month-8-short":{"_":"সেপ্ট"},"month-9-short":{"_":"অক্টো"},"month-10-short":{"_":"নভে"},"month-11-short":{"_":"ডিসে"},"minutes-ago-long":{"_":"{[ plural(value) ]}","_[zero]":"এইমাত্র","_[one]":"১ মিনিট পূর্বে","_[two]":"{{value}} মিনিট পূর্বে","_[few]":"{{value}} মিনিট পূর্বে","_[many]":"{{value}} মিনিট পূর্বে","_[other]":"{{value}} মিনিট পূর্বে"},"hours-ago-long":{"_":"{[ plural(value) ]}","_[zero]":"এইমাত্র","_[one]":"১ ঘন্টা পূর্বে","_[two]":"{{value}} ঘন্টা পূর্বে","_[few]":"{{value}} ঘন্টা পূর্বে","_[many]":"{{value}} ঘন্টা পূর্বে","_[other]":"{{value}} ঘন্টা পূর্বে"},"days-ago-long":{"_":"{[ plural(value) ]}","_[zero]":"আজ","_[one]":"গতকাল","_[two]":"{{value}} দিন পূর্বে","_[few]":"{{value}} দিন পূর্বে","_[many]":"{{value}} দিন পূর্বে","_[other]":"{{value}} দিন পূর্বে"},"weeks-ago-long":{"_":"{[ plural(value) ]}","_[zero]":"এই সপ্তাহে","_[one]":"গত সপ্তাহ","_[two]":"{{value}} সপ্তাহ পূর্বে","_[few]":"{{value}} সপ্তাহ পূর্বে","_[many]":"{{value}} সপ্তাহ পূর্বে","_[other]":"{{value}} সপ্তাহ পূর্বে"},"months-ago-long":{"_":"{[ plural(value) ]}","_[zero]":"চলতি মাস","_[one]":"গত মাস","_[two]":"{{value}} মাস পূর্বে","_[few]":"{{value}} মাস পূর্বে","_[many]":"{{value}} মাস পূর্বে","_[other]":"{{value}} মাস পূর্বে"},"years-ago-long":{"_":"{[ plural(value) ]}","_[zero]":"এই বছর","_[one]":"গত বছর","_[two]":"{{value}} বছর আগে","_[few]":"{{value}} বছর পূর্বে","_[many]":"{{value}} বছর পূর্বে","_[other]":"{{value}} বছর পূর্বে"},"minutes-until-long":{"_":"{[ plural(value) ]}","_[zero]":"এখন","_[one]":"এক মিনিটের মধ্যে","_[two]":"{{value}} মিনিটের মধ্যে","_[few]":"{{value}} মিনিটের মধ্যে","_[many]":"{{value}} মিনিটের মধ্যে","_[other]":"{{value}} মিনিটের মধ্যে"},"hours-until-long":{"_":"{[ plural(value) ]}","_[zero]":"এখন","_[one]":"এক ঘন্টার মধ্যে","_[two]":"{{value}} ঘন্টার মধ্যে","_[few]":"{{value}} ঘন্টার মধ্যে","_[many]":"{{value}} ঘন্টার মধ্যে","_[other]":"{{value}} ঘন্টার মধ্যে"},"days-until-long":{"_":"{[ plural(value) ]}","_[zero]":"আজ","_[one]":"আগামীকাল","_[two]":"{{value}} দিনের মধ্যে","_[few]":"{{value}} দিনের মধ্যে","_[many]":"{{value}} দিনের মধ্যে","_[other]":"{{value}} দিনের মধ্যে"},"weeks-until-long":{"_":"{[ plural(value) ]}","_[zero]":"চলতি সপ্তাহ","_[one]":"পরবর্তী সপ্তাহ","_[two]":"{{value}} সপ্তাহের মধ্যে","_[few]":"{{value}} সপ্তাহের মধ্যে","_[many]":"{{value}} সপ্তাহের মধ্যে","_[other]":"{{value}} সপ্তাহের মধ্যে"},"months-until-long":{"_":"{[ plural(value) ]}","_[zero]":"এই মাস","_[one]":"পরবর্তী মাস","_[two]":"{{value}} মাসের মধ্যে","_[few]":"{{value}} মাসের মধ্যে","_[many]":"{{value}} মাসের মধ্যে","_[other]":"{{value}} মাসের মধ্যে"},"years-until-long":{"_":"{[ plural(value) ]}","_[zero]":"এই বছর","_[one]":"আগামী বছর","_[two]":"{{value}} বছরের মধ্যে","_[few]":"{{value}} বছরের মধ্যে","_[many]":"{{value}} বছরের মধ্যে","_[other]":"{{value}} বছরের মধ্যে"},"minutes-ago-short":{"_":"{[ plural(value) ]}","_[zero]":"এইমাত্র","_[other]":"{{value}}মি. পূর্বে"},"hours-ago-short":{"_":"{[ plural(value) ]}","_[zero]":"এইমাত্র","_[other]":"{{value}}ঘ. পূর্বে"},"days-ago-short":{"_":"{[ plural(value) ]}","_[zero]":"আজ","_[other]":"{{value}}দিন পূর্বে"},"minutes-until-short":{"_":"{[ plural(value) ]}","_[zero]":"এখন","_[other]":"{{value}} মিনিটের মধ্যে"},"hours-until-short":{"_":"{[ plural(value) ]}","_[zero]":"এখন","_[other]":"{{value}}ঘন্টার মধ্যে"},"days-until-short":{"_":"{[ plural(value) ]}","_[zero]":"আজ","_[other]":"{{value}}দিনের মধ্যে"},"incorrectDate":{"_":"(ভুল তারিখ)"},"dateTimeFormat_%c":{"_":"%a %b %e %Y %I:%M:%S %p"},"dateTimeFormat_%x":{"_":"%m/%d/%Y"},"dateTimeFormat_%X":{"_":"%I:%M:%S %p"},"shortTimeFormat":{"_":"%I:%M %p"},"shortDateTimeFormat":{"_":"%x %I:%M %p"},"weekStartsOnMonday":{"_":"0"},"time_am":{"_":"AM"},"time_pm":{"_":"PM"},"perm-contacts":{"_":"ফোনবুক"},"perm-contacts-appRequest":{"_":"{{app}} আপনার ফোনবুকে প্রবেশাধিকার চাচ্ছে।"},"perm-contacts-webRequest":{"_":"{{site}} আপনার ফোনবুকে প্রবেশাধিকার চাচ্ছে।"},"perm-desktop-notification":{"_":"বিজ্ঞপ্তি"},"perm-desktop-notification-appRequest":{"_":"{{app}} আপনার বিজ্ঞপ্তি প্রদর্শন করতে চাচ্ছে।"},"perm-desktop-notification-webRequest":{"_":"{{site}} আপনার বিজ্ঞপ্তি প্রদর্শন করতে চাচ্ছে।"},"perm-device-storage-music":{"_":"মিউজিক স্টোরেজ"},"perm-device-storage-music-appRequest":{"_":"{{app}} আপনার সংগীত এ প্রবেশ করতে চাচ্ছে।"},"perm-device-storage-music-webRequest":{"_":"{{site}} আপনার সংগীত এ প্রবেশ করতে চাচ্ছে।"},"perm-device-storage-pictures":{"_":"ছবি স্টোরেজ"},"perm-device-storage-pictures-appRequest":{"_":"{{app}} আপনার ছবিগুলোতে প্রবেশ করতে চাচ্ছে।"},"perm-device-storage-pictures-webRequest":{"_":"{{site}} আপনার ছবিগুলোতে প্রবেশ করতে চাচ্ছে।"},"perm-device-storage-sdcard":{"_":"মেমরি কার্ড স্টোরেজ"},"perm-device-storage-sdcard-appRequest":{"_":"{{app}} আপনার মেমরি কার্ডে প্রবেশ করতে চাচ্ছে।"},"perm-device-storage-sdcard-webRequest":{"_":"{{site}} আপনার মেমরি কার্ডে প্রবেশ করতে চাচ্ছে।"},"perm-device-storage-videos":{"_":"ভিডিও স্টোরেজ"},"perm-device-storage-videos-appRequest":{"_":"{{app}} আপনার ভিডিওগুলোতে প্রবেশ করতে চাচ্ছে।"},"perm-device-storage-videos-webRequest":{"_":"{{site}} আপনার ভিডিওগুলোতে প্রবেশ করতে চাচ্ছে।"},"perm-fmradio":{"_":"এফএম রেডিও"},"perm-fmradio-appRequest":{"_":"{{app}} আপনার এফএম রেডিও ব্যবহার করতে চাচ্ছে।"},"perm-fmradio-webRequest":{"_":"{{site}} আপনার এফএম রেডিও ব্যবহার করতে চাচ্ছে।"},"perm-geolocation":{"_":"ভুঅবস্থান"},"perm-geolocation-appRequest":{"_":"{{app}} আপনার ভূ-অবস্থান জানতে চাচ্ছে।"},"perm-geolocation-webRequest":{"_":"{{site}} আপনার ভূ-অবস্থান জানতে চাচ্ছে।"},"perm-geolocation-more-info":{"_":"{{brandShortName}} আপনার অবস্থান নির্ণয়ে জিপিএস, ওয়াইফাই এবং মোবাইল নেটওয়ার্ক এর ডাটা ব্যবহার করে। অবস্থান নির্ণয়ের ডাটাবেজ উন্নতিকল্পে সংগৃহীত ডাটা মজিলা ও অন্য সেবা দানকারীদের নিকট পাঠানো হয়।  ডাটা আপনার ডিভাইসে সঞ্চয় করা হতে পারে এবং ডাটা সংগ্রহ হতে পারে কোন অ্যাপ না চললেও।"},"perm-video-capture":{"_":"ক্যামেরা"},"perm-video-capture-appRequest":{"_":"আপনি কি {{app}} এর সাথে আপনার ক্যামেরা শেয়ার করতে চান?"},"perm-video-capture-webRequest":{"_":"আপনি কি {{site}} এর সাথে আপনার ক্যামেরা শেয়ার করতে চান?"},"perm-audio-capture":{"_":"মাইক্রোফোন"},"perm-audio-capture-appRequest":{"_":"আপনি কি {{app}} এর সাথে আপনার মাইক্রোফোন শেয়ার করতে চান?"},"perm-audio-capture-webRequest":{"_":"{{site}} এর সাথে আপনি মাইক্রোফোন শেয়ার করতে চান?"},"perm-media-capture":{"_":"ক্যামেরা ও মাইক্রোফোন"},"perm-media-capture-appRequest":{"_":"আপনি কি {{app}} এর সাথে ক্যামেরা এবং মাইক্রোফোন শেয়ার করতে চান?"},"perm-media-capture-webRequest":{"_":"আপনি কি %S এর সাথে ক্যামেরা এবং মাইক্রোফোন শেয়ার করতে চান?"},"stopped_download_title":{"_":"Download stopped"},"stopped_download_message":{"_":"Download was stopped. Try downloading again?"},"stopped_download_left_button":{"_":"Cancel"},"stopped_download_right_button":{"_":"Try again"},"failed_download_title":{"_":"Download failed"},"failed_download_message":{"_":"{{name}} failed to download. Try downloading again?"},"failed_download_left_button":{"_":"Cancel"},"failed_download_right_button":{"_":"Try again"},"stop_download_title":{"_":"Stop download"},"stop_download_message":{"_":"Are you sure you want to stop the download?"},"stop_download_left_button":{"_":"No"},"stop_download_right_button":{"_":"Yes"},"delete_download_title":{"_":"Delete"},"delete_download_message":{"_":"Delete {{name}}?"},"delete_download_left_button":{"_":"Cancel"},"delete_download_right_button":{"_":"Delete"},"delete_all_download_title":{"_":"Delete"},"delete_all_download_left_button":{"_":"Cancel"},"delete_all_download_right_button":{"_":"Delete"},"delete_all_download_message":{"_":"{[ plural(number) ]}","_[zero]":"Delete no files?","_[one]":"Delete one file?","_[two]":"Delete {{number}} files?","_[few]":"Delete {{number}} files?","_[many]":"Delete {{number}} files?","_[other]":"Delete {{number}} files?"},"unsupported_file_type_download_title":{"_":"Unable to open"},"unsupported_file_type_download_message":{"_":"There isn’t an app that can open {{name}}. Would you like to save the file or delete it?"},"unsupported_file_type_download_left_button":{"_":"Keep File"},"unsupported_file_type_download_right_button":{"_":"Delete"},"file_not_found_download_title":{"_":"File not found"},"file_not_found_download_message":{"_":"The file wasn’t found on the device"},"file_not_found_download_right_button":{"_":"OK"},"unmounted_sdcard_2_download_title":{"_":"Memory card in use"},"unmounted_sdcard_2_download_message":{"_":"Unplug the phone"},"unmounted_sdcard_2_download_right_button":{"_":"OK"},"no_provider_download_title":{"_":"Unable to share"},"no_provider_download_message":{"_":"No provider found"},"no_provider_download_right_button":{"_":"OK"},"no_memory_download_title":{"_":"SD Card is full"},"no_memory_download_message":{"_":"There is no more room on your SD card to save your download. Please remove some files before restarting the download."},"no_memory_download_right_button":{"_":"OK"},"no_sdcard_found_2_download_title":{"_":"No memory card found"},"no_sdcard_found_2_download_message":{"_":"Insert a memory card or select an alternate default media location in settings"},"no_sdcard_found_2_download_right_button":{"_":"OK"},"file_open_error_download_title":{"_":"Unable to open"},"file_open_error_download_message":{"_":"There is a problem opening {{name}}. Would you like to save the file or delete it?"},"file_open_error_download_left_button":{"_":"Keep File"},"file_open_error_download_right_button":{"_":"Delete"},"restart_download_error":{"_":"There was an error while restarting the download. Please try to download again."},"no-downloads":{"_":"No downloads"},"percentage":{"_":"{{percentage}} %"},"partialResult":{"_":"{{partial}} of {{total}}"},"summary":{"_":"{{date}} - {{status}}"},"download-stopped":{"_":"Stopped"},"download-failed":{"_":"Download failed"},"open_downloaded_file":{"_":"Open"},"share_downloaded_file":{"_":"Share"},"wallpaper_downloaded_file":{"_":"Set as wallpaper"},"ringtone_downloaded_file":{"_":"Set as ringtone"},"cancel_downloaded_file":{"_":"Cancel"},"sim-picker-dial-via-with-number":{"_":"Dial {{ phoneNumber }} via"},"sim-picker-select-sim":{"_":"Select SIM"},"sim-picker-button":{"_":"SIM{{ n }}"},"sim-picker-button-default":{"_":"(default)"}}