{"ok":{"_":"D'acord"},"back":{"_":"Enrere"},"help":{"_":"Ajuda"},"cancel":{"_":"Cancel·la"},"close":{"_":"Tanca"},"skip":{"_":"Omet"},"airplaneMode":{"_":"Mode d'avió"},"searching":{"_":"S'està cercant…"},"noNetwork":{"_":"Sense xarxa"},"roaming":{"_":"{{operator}} (itinerància)"},"emergencyCallsOnly":{"_":"Només trucades d'emergència"},"emergencyCallsOnly-unknownSIMState":{"_":"(estat de la SIM desconegut)"},"emergencyCallsOnly-noSIM":{"_":"(sense SIM)"},"emergencyCallsOnly-pinRequired":{"_":"(cal el PIN de la SIM)"},"emergencyCallsOnly-pukRequired":{"_":"(cal el PUK de la SIM)"},"emergencyCallsOnly-networkLocked":{"_":"(bloqueig de la xarxa)"},"emergencyCallsOnly-serviceProviderLocked":{"_":"(bloqueig del proveïdor de servei)"},"emergencyCallsOnly-corporateLocked":{"_":"(bloqueig de l'empresa)"},"enterPIN":{"_":"Introduïu el PIN"},"statusbarLabel":{"_":"{{date}}, {{operator}}"},"statusbarDateFormat":{"_":"%e %b"},"notifications":{"_":"Notificacions"},"clear-all":{"_":"Esborra-ho tot"},"newVoicemails":{"_":"{[ plural(n) ]}","_[zero]":"Cap missatge de veu nou","_[one]":"Un missatge de veu nou","_[two]":"{{n}} missatges de veu nous","_[few]":"{{n}} missatges de veu nous","_[many]":"{{n}} missatges de veu nous","_[other]":"{{n}} missatges de veu nous"},"newVoicemailsUnknown":{"_":"Missatge de veu nou"},"dialNumber":{"_":"Marqueu {{number}}"},"deviceMenu":{"_":"Telèfon"},"airplane":{"_":"Activa el mode d'avió"},"airplaneOff":{"_":"Desactiva el mode d'avió"},"silent":{"_":"Silencia les trucades"},"normal":{"_":"Fes sonar les trucades"},"restart":{"_":"Reinicia"},"power":{"_":"Apaga"},"asyncpanzoom":{"_":"Desactiva APZ per a aplicacions"},"asyncpanzoomOff":{"_":"Activa APZ per a aplicacions"},"enableScreenReaderSteps":{"_":"Per activar el lector de pantalla, premeu els botons d'apujar i d'abaixar el volum tres vegades més"},"disableScreenReaderSteps":{"_":"Per desactivar el lector de pantalla, premeu els botons d'apujar i d'abaixar el volum tres vegades més"},"no-recent-apps":{"_":"No hi ha cap aplicació recent"},"yes":{"_":"Sí"},"no":{"_":"No"},"deny":{"_":"No permetis"},"allow":{"_":"Permet"},"dontshare-geolocation":{"_":"No comparteixis"},"share-geolocation":{"_":"Comparteix"},"dontshare-audio-capture":{"_":"No comparteixis"},"share-audio-capture":{"_":"Comparteix"},"dontshare-video-capture":{"_":"No comparteixis"},"share-video-capture":{"_":"Comparteix"},"dontshare-media-capture":{"_":"No comparteixis"},"share-media-capture":{"_":"Comparteix"},"device-front":{"_":"Càmera frontal"},"device-back":{"_":"Càmera posterior"},"remember-my-choice":{"_":"Recorda la meva tria"},"more-info":{"_":"Més informació…"},"install-app":{"_":"Voleu instal·lar {{name}}?"},"size":{"_":"Mida"},"author":{"_":"Autor"},"size-unknown":{"_":"Desconegut"},"author-unknown":{"_":"Desconegut"},"install":{"_":"Instal·la"},"bytes":{"_":"bytes"},"kB":{"_":"kB"},"MB":{"_":"MB"},"GB":{"_":"GB"},"TB":{"_":"TB"},"PB":{"_":"PB"},"app-install-generic-error":{"_":"S'ha aturat la baixada de {{ appName }}"},"app-install-download-failed":{"_":"Ha fallat la baixada de {{ appName }}"},"app-install-install-failed":{"_":"Ha fallat la instal·lació de {{ appName }}"},"cancelling-will-not-refund":{"_":"En cancel·lar, no se us tornarà l'import de la compra. El responsable del reemborsament dels continguts de pagament és el venedor original."},"apps-can-be-installed-later":{"_":"Les aplicacions poden ser instal·lades més tard des de la font original de la instal·lació."},"are-you-sure-you-want-to-cancel":{"_":"Segur que voleu cancel·lar aquesta instal·lació?"},"cancel-install":{"_":"Cancel·la la instal·lació"},"resume":{"_":"Reprèn"},"continue":{"_":"Continua"},"stopDownloading":{"_":"Voleu aturar la baixada de {{ app }}?"},"app-download-can-be-restarted":{"_":"La baixada es pot reiniciar més tard."},"app-download-stop-button":{"_":"Atura la baixada"},"not-enough-space":{"_":"No hi ha prou espai"},"not-enough-space-message":{"_":"No hi ha prou espai per instal·lar aquesta aplicació. Allibereu espai eliminant aplicacions antigues o fitxers multimèdia i proveu d'instal·lar-la de nou des de la font original."},"app-install-success":{"_":"{{ appName }} s'ha instal·lat"},"setup":{"_":"Configura"},"ime-addkeyboards":{"_":"Afegeix teclats"},"later":{"_":"Més tard"},"download":{"_":"Baixa"},"wantToDownload":{"_":"Voleu baixar l'actualització ara?"},"wantToInstall":{"_":"Voleu instal·lar l'actualització ara?"},"installNow":{"_":"Instal·la ara"},"notNow":{"_":"Ara no"},"downloadingUpdateMessage":{"innerHTML":"S'estan baixant actualitzacions… <span>{{ progress }} baixats</span>"},"downloadingAppMessage":{"_":"S'està baixant {{ appName }}"},"downloadingAppProgressNoMax":{"_":"{{ progress }} baixats"},"downloadingAppProgressIndeterminate":{"_":"S'està baixant"},"downloadingAppProgress":{"_":"{{ progress }} / {{ max }} baixats"},"cancelAllDownloads":{"_":"Cancel·la totes les baixades"},"wantToCancelAll":{"_":"Segur que voleu cancel·lar totes les baixades?"},"downloadError":{"_":"S'ha produït un error en baixar les actualitzacions."},"updateAvailableInfo":{"innerHTML":"{[ plural(n) ]}","innerHTML[one]":"{{ n }} actualització disponible. <span>Toqueu per veure més informació</span>","innerHTML[two]":"{{ n }} actualitzacions disponibles. <span>Toqueu per veure més informació</span>","innerHTML[few]":"{{ n }} actualitzacions disponibles. <span>Toqueu per veure més informació</span>","innerHTML[many]":"{{ n }} actualitzacions disponibles. <span>Toqueu per veure més informació</span>","innerHTML[other]":"{{ n }} actualitzacions disponibles. <span>Toqueu per veure més informació</span>"},"numberOfUpdates":{"_":"{[ plural(n) ]}","_[one]":"{{ n }} actualització disponible","_[two]":"{{ n }} actualitzacions disponibles","_[few]":"{{ n }} actualitzacions disponibles","_[many]":"{{ n }} actualitzacions disponibles","_[other]":"{{ n }} actualitzacions disponibles"},"systemUpdate":{"_":"Actualització del sistema"},"systemUpdateReady":{"_":"L'actualització del sistema està llesta"},"required":{"_":"Necessari"},"uncompressingMessage":{"innerHTML":"S'està descomprimint… <span>Això pot trigar uns minuts.</span>"},"downloadNoWifiWarning":{"_":"No hi ha connexió Wi-Fi disponible. Actualitzar amb la connexió actual pot comportar despeses addicionals."},"downloadOfflineWarning":{"_":"Connexió no disponible. Connecteu-vos a una xarxa per baixar actualitzacions."},"downloadDataConnectionWarning":{"_":"Quan no hi ha connexió Wi-Fi disponible, les actualitzacions es baixen per la connexió de dades. Això pot comportar despeses addicionals."},"downloadUpdatesViaDataConnection":{"_":"Voleu baixar les actualitzacions mitjançant la connexió de dades?"},"downloadUpdatesViaDataConnectionMessage":{"_":"Quan no hi ha connexió Wi-Fi disponible, les actualitzacions es baixen per la connexió de dades. Quan s'utilitza la connexió de dades, es poden blocar les trucades i pot comportar despeses addicionals."},"screenshotSaved":{"_":"Captura desada a la Galeria"},"screenshotFailed":{"_":"No s'ha pogut desar la captura"},"screenshotNoSDCard":{"_":"No s'ha trobat cap targeta de memòria"},"screenshotSDCardInUse":{"_":"S'està utilitzant la targeta de memòria"},"screenshotSDCardLow":{"_":"No hi ha prou espai a la targeta de memòria"},"emergency-call-button":{"_":"Trucada emergència"},"emergency-call":{"_":"Trucada d'emergència"},"unlock-a11y-button":{"ariaLabel":"Desbloca"},"camera-a11y-button":{"ariaLabel":"Càmera"},"longDateFormat":{"_":"%A %e %Eb"},"softwareHomeButton":{"ariaLabel":"Inici"},"login":{"_":"Inicia la sessió"},"username":{"_":"Nom d'usuari"},"password":{"_":"Contrasenya"},"http-authentication-message":{"_":"{{host}} sol·licita un nom d'usuari i una contrasenya. El lloc diu: «{{realm}}»"},"error-message":{"_":"{{name}} no s'està carregant correctament"},"error-title":{"_":"{{name}} té problemes"},"airplane-is-on":{"_":"El mode d'avió està activat"},"airplane-is-turned-on":{"_":"{{name}} necessita connexió a la xarxa. Desactiveu el mode d'avió des dels Paràmetres i connecteu-vos a una xarxa Wi-Fi o de dades de mòbil."},"server-not-found":{"_":"No s'ha trobat el servidor"},"server-not-found-error":{"_":"No s'ha trobat el servidor de {{name}}."},"network-connection-unavailable":{"_":"No hi ha connexió disponible a la xarxa"},"network-error":{"_":"{{name}} necessita connexió a la xarxa. Proveu de connectar-vos a una xarxa Wi-Fi o de dades de mòbil."},"unable-to-connect":{"_":"No s'ha pogut connectar"},"tap-to-retry":{"_":"Toqueu per tornar-ho a provar"},"try-again":{"_":"Reintenta"},"select-time":{"_":"Trieu l'hora"},"choose-option":{"_":"Trieu"},"choose-options":{"_":"Trieu"},"select-day":{"_":"Trieu el dia"},"battery-almost-empty":{"_":"La bateria s'està exhaurint"},"add-to-home-screen":{"_":"Afegeix a la pantalla d'inici"},"crash-dialog2-os":{"_":"El {{brandShortName}} s'ha recuperat d'una fallada"},"crash-dialog-app":{"_":"{{name}} acaba de fallar"},"crash-dialog-message":{"_":"Voleu enviar un informe de la fallada a Mozilla per ajudar-nos a resoldre el problema? Els informes només s'envien per Wi-Fi."},"crash-info-link":{"_":"Què conté un informe de fallada?"},"crash-always-report":{"_":"Envia sempre un informe a Mozilla en produir-se una fallada."},"crash-dont-send":{"_":"No l'enviïs"},"crash-end":{"_":"Envia l'informe"},"crashReports":{"_":"Informes de fallada"},"done":{"_":"Fet"},"crash-reports-description-1":{"_":"Un informe de fallada conté detalls de la fallada i del vostre dispositiu, així com una instantània de l'estat del dispositiu quan va fallar."},"crash-reports-description-2":{"_":"Pot incloure les pàgines i aplicacions obertes, el text escrit en formularis i el contingut de missatges oberts, de l'historial de navegació recent o de la geolocalització utilitzats per una aplicació oberta."},"crash-reports-description-3-start":{"_":"Fem servir els informes de fallada per resoldre problemes i millorar els nostres productes. Gestionem la vostra informació tal com ho descrivim a la nostra "},"crash-reports-description-3-privacy":{"_":"política de privadesa"},"crash-reports-description-3-end":{"_":"."},"crash-banner-os2":{"_":"El {{brandShortName}} acaba de fallar."},"crash-banner-app":{"_":"{{name}} acaba de fallar."},"crash-banner-report":{"_":"Informe"},"bluetooth-sendingTitle":{"_":"Enviament de transferència Bluetooth…"},"bluetooth-receivingTitle":{"_":"Recepció de transferència Bluetooth…"},"bluetooth-sending-progress":{"_":"S'està enviant per Bluetooth…"},"bluetooth-receiving-progress":{"_":"S'està rebent per Bluetooth…"},"acceptFileTransfer":{"_":"Accepteu la transferència Bluetooth?"},"wantToReceiveFile":{"_":"{{deviceName}} vol transferir {{fileName}} ({{fileSize}})."},"transfer-confirmation-title":{"_":"{{deviceName}}"},"transfer-confirmation-description":{"_":"Reviseu la sol·licitud de transferència."},"byteUnit-B":{"_":"bytes"},"byteUnit-KB":{"_":"kB"},"byteUnit-MB":{"_":"MB"},"byteUnit-GB":{"_":"GB"},"byteUnit-TB":{"_":"TB"},"byteUnit-PB":{"_":"PB"},"byteUnit-EB":{"_":"EB"},"byteUnit-ZB":{"_":"ZB"},"byteUnit-YB":{"_":"YB"},"fileSize":{"_":"{{size}} {{unit}}"},"transfer":{"_":"Transfereix"},"cancelFileTransfer":{"_":"Voleu cancel·lar la transferència Bluetooth?"},"transfer-has-started-title":{"_":"S'ha iniciat la transferència"},"transfer-has-started-description":{"_":"Progrés al centre de notificacions"},"transferFinished-sentSuccessful-title":{"_":"Fitxer enviat"},"transferFinished-receivedSuccessful-title":{"_":"Fitxer rebut"},"transferFinished-sentFailed-title":{"_":"No s'ha pogut enviar el fitxer"},"transferFinished-receivedFailed-title":{"_":"No s'ha pogut rebre el fitxer"},"transferReport-title":{"_":"Informe de la transferència:"},"transferReport-description":{"_":"Fitxers correctes: {{numSuccessful}}. Fitxers incorrectes: {{numUnsuccessful}}"},"unknown-file":{"_":"Fitxer desconegut"},"unknown-device":{"_":"Dispositiu desconegut"},"cannotOpenFile":{"_":"No es pot obrir el fitxer rebut"},"unknownMediaTypeToOpen":{"_":"No es pot obrir el fitxer multimèdia desconegut:"},"cannotReceiveFile":{"_":"No es pot rebre el fitxer"},"cannotGetStorageState":{"_":"No es pot obtenir l'estat d'emmagatzematge del dispositiu."},"sdcard-not-exist2":{"_":"No s'ha trobat cap targeta de memòria. Inseriu-ne una."},"sdcard-in-use":{"_":"No es pot utilitzar el Bluetooth mentre el telèfon està connectat. Desconnecteu el telèfon per rebre els fitxers."},"sdcard-no-space2":{"_":"No es pot completar la transferència: la targeta de memòria és plena."},"unknown-error":{"_":"Error desconegut"},"confirm":{"_":"Confirma"},"microphone-is-on":{"_":"Micròfon activat"},"camera-is-on":{"_":"Càmera activada"},"media-is-on":{"_":"Càmera i micròfon activats"},"noSimCard":{"_":"No hi ha cap targeta SIM"},"simPin":{"_":"PIN de la SIM"},"pukCode":{"_":"Codi PUK"},"nckCode":{"_":"Codi NCK"},"cckCode":{"_":"Codi CCK"},"spckCode":{"_":"Codi SPCK"},"whatIsSimPin":{"_":"Què és el PIN de la SIM?"},"simPinIntro1":{"_":"El PIN de la SIM impedeix l'accés a les xarxes de dades mòbils de la targeta SIM. Si està activat, qualsevol dispositiu que contingui la targeta SIM sol·licitarà el PIN en reiniciar."},"simPinIntro2":{"_":"El PIN de la SIM no és el mateix que el codi d'accés utilitzat per desbloquejar el dispositiu."},"changeSimPin":{"_":"Canvia el PIN"},"pinTitle":{"_":"Introduïu el PIN"},"multiSIMpinTitle":{"_":"PIN de la SIM {{n}}"},"pukTitle":{"_":"Introduïu el PUK"},"nckTitle":{"_":"Introduïu el NCK"},"cckTitle":{"_":"Introduïu el CCK"},"spckTitle":{"_":"Introduïu el SPCK"},"newpinTitle":{"_":"PIN nou"},"inputCodeRetriesLeft":{"_":"{[ plural(n) ]}","_[one]":"Darrer intent.","_[two]":"Queden {{n}} intents.","_[few]":"Queden {{n}} intents.","_[many]":"Queden {{n}} intents.","_[other]":"Queden {{n}} intents."},"pinErrorMsg":{"_":"El PIN és incorrecte."},"pinAttemptMsg2":{"_":"{[ plural(n) ]}","_[one]":"Us queda un intent per introduir el codi correcte abans que es bloquegi la targeta SIM.","_[two]":"Us queden {{n}} intents per introduir el codi correcte abans que es bloquegi la targeta SIM.","_[few]":"Us queden {{n}} intents per introduir el codi correcte abans que es bloquegi la targeta SIM.","_[many]":"Us queden {{n}} intents per introduir el codi correcte abans que es bloquegi la targeta SIM.","_[other]":"Us queden {{n}} intents per introduir el codi correcte abans que es bloquegi la targeta SIM."},"pinLastChanceMsg":{"_":"Aquesta és l'última oportunitat d'introduir el PIN correcte. Si torneu a fallar, haureu d'introduir el codi PUK per utilitzar aquesta targeta SIM."},"simCardLockedMsg":{"_":"La targeta SIM està bloquejada."},"enterPukMsg":{"_":"Heu d'introduir el número personal de desbloqueig (PUK) de la targeta SIM. Consulteu la documentació de la targeta SIM o contacteu amb el vostre operador per a més informació."},"pukErrorMsg":{"_":"El codi PUK és incorrecte."},"pukAttemptMsg2":{"_":"{[ plural(n) ]}","_[one]":"Us queda un intent per introduir el codi correcte abans que la targeta SIM quedi inservible permanentment. Consulteu la documentació de la targeta SIM o contacteu amb el vostre operador per a més informació.","_[two]":"Us queden {{n}} intents per introduir el codi correcte abans que la targeta SIM quedi inservible permanentment. Consulteu la documentació de la targeta SIM o contacteu amb el vostre operador per a més informació.","_[few]":"Us queden {{n}} intents per introduir el codi correcte abans que la targeta SIM quedi inservible permanentment. Consulteu la documentació de la targeta SIM o contacteu amb el vostre operador per a més informació.","_[many]":"Us queden {{n}} intents per introduir el codi correcte abans que la targeta SIM quedi inservible permanentment. Consulteu la documentació de la targeta SIM o contacteu amb el vostre operador per a més informació.","_[other]":"Us queden {{n}} intents per introduir el codi correcte abans que la targeta SIM quedi inservible permanentment. Consulteu la documentació de la targeta SIM o contacteu amb el vostre operador per a més informació."},"pukLastChanceMsg":{"_":"Aquesta és l'última oportunitat d'introduir el codi PUK correcte. La targeta SIM quedarà inservible permanentment si introduïu un codi PUK incorrecte. Consulteu la documentació de la targeta SIM o contacteu amb el vostre operador per a més informació."},"newSimPinMsg":{"_":"Creeu un PIN (de 4 a 8 dígits)"},"confirmNewSimPinMsg":{"_":"Confirmeu el PIN nou"},"newPinErrorMsg":{"_":"Els PIN no coincideixen."},"nckErrorMsg":{"_":"El codi NCK és incorrecte."},"nckAttemptMsg2":{"_":"{[ plural(n) ]}","_[one]":"Ha fallat la sol·licitud de despersonalització de la xarxa. Us queda un intent per introduir el codi correcte. Consulteu la documentació del dispositiu o contacteu amb el vostre operador per a més informació.","_[two]":"Ha fallat la sol·licitud de despersonalització de la xarxa. Us queden {{n}} intents per introduir el codi correcte. Consulteu la documentació del dispositiu o contacteu amb el vostre operador per a més informació.","_[few]":"Ha fallat la sol·licitud de despersonalització de la xarxa. Us queden {{n}} intents per introduir el codi correcte. Consulteu la documentació del dispositiu o contacteu amb el vostre operador per a més informació.","_[many]":"Ha fallat la sol·licitud de despersonalització de la xarxa. Us queden {{n}} intents per introduir el codi correcte. Consulteu la documentació del dispositiu o contacteu amb el vostre operador per a més informació.","_[other]":"Ha fallat la sol·licitud de despersonalització de la xarxa. Us queden {{n}} intents per introduir el codi correcte. Consulteu la documentació del dispositiu o contacteu amb el vostre operador per a més informació."},"nckLastChanceMsg":{"_":"Ha fallat la sol·licitud de despersonalització de la xarxa. Aquesta és l'última oportunitat d'introduir el codi NCK correcte. Consulteu la documentació del dispositiu o contacteu amb el vostre operador per a més informació."},"activity-pick":{"_":"Trieu de:"},"activity-view":{"_":"Mostra amb:"},"activity-test":{"_":"Prova amb:"},"activity-share":{"_":"Comparteix amb:"},"activity-new":{"_":"Crea amb:"},"activity-open":{"_":"Obre amb:"},"activity-save-bookmark":{"_":"Afegeix com adreça d'interès a:"},"activity-record":{"_":"Enregistra de:"},"activity-browse":{"_":"Navega amb:"},"activity-configure":{"_":"Configura amb:"},"activity-dial":{"_":"Marca de:"},"persona-signin":{"_":"Inicia la sessió"},"payment-flow":{"_":"Adquireix"},"remoteDebuggerMessage":{"_":"S'ha detectat una sol·licitud entrant per permetre una connexió de depuració remota. La permeteu?"},"fullscreen-request":{"_":"{{origin}} ha canviat a pantalla completa."},"captive-wifi-available":{"_":"S'ha trobat la xarxa {{networkName}}. Voleu connectar-vos-hi?"},"ceWarningtitle":{"_":"Avís del volum"},"ceWarningcontent":{"_":"Per evitar danys a l'oïda, no escolteu música a un volum alt durant períodes llargs."},"notification-powersaving-mode-on-title":{"_":"Mode d'estalvi d'energia"},"notification-powersaving-mode-on-description":{"_":"El mode d'estalvi d'energia està activat."},"low-device-storage":{"_":"Hi ha poc espai al dispositiu.\n"},"free-space":{"_":"{[ plural(value) ]}","_[zero]":"No queda espai lliure.","_[one]":"Queda menys d'{{value}} {{unit}}.","_[two]":"Queden menys de {{value}} {{unit}}.","_[few]":"Queden menys de {{value}} {{unit}}.","_[many]":"Queden menys de {{value}} {{unit}}.","_[other]":"Queden menys de {{value}} {{unit}}."},"unknown-free-space":{"_":"Espai restant desconegut."},"system-alert":{"_":"Alerta del sistema"},"cb-channel":{"_":"Canal {{channel}}"},"icc-message-title":{"_":"Missatge d'operador de la SIM {{id}}"},"icc-confirmCall-defaultmessage":{"_":"Voleu trucar a {{number}}?"},"icc-alertMessage-defaultmessage":{"_":"S'està enviant el missatge"},"icc-confirmMessage-defaultmessage":{"_":"Voleu enviar el missatge?"},"icc-inputbox-title":{"_":"Consulta STK de la SIM {{id}}"},"emergency-callback-mode":{"_":"Mode de trucada d'emergència"},"emergency-callback-message":{"_":"No podeu fer trucades, enviar missatges ni connectar-vos a Internet perquè hi ha activat el mode de devolució de trucada d'emergència. Voleu desactivar-lo?"},"cdma-record-info":{"_":"Informació del registre CDMA"},"ime-switching-title":{"_":"{{appName}}: {{name}}"},"ime-switching-tip":{"_":"Toqueu per triar el mètode d'entrada"},"layout-selection":{"_":"Selecció de disposició"},"shrinking-tip":{"_":"Feu lliscar el dit per compartir"},"download_started":{"_":"S'ha iniciat la baixada"},"download_stopped":{"_":"S'ha aturat la baixada"},"download_downloading":{"_":"S'està baixant…"},"download_succeeded":{"_":"Ha acabat la baixada"},"download_failed":{"_":"Ha fallat la baixada"},"download_text_by_default":{"_":"{{name}}"},"download_downloading_text_2":{"_":"{{percentage}}% - {{name}}"},"search":{"_":"Cerca"},"search-or-type-address":{"placeholder":"Cerqueu o escriviu una adreça"},"noSIMCardInHotspot":{"_":"No hi ha cap targeta SIM o s'ha inserit incorrectament. Desactiveu el hotspot"},"brandShortName":{"_":"B2G OS"},"browserBrandShortName":{"_":"Navegador web"},"browserBrandFullName":{"_":"Navegador web de Mozilla"},"weekday-0-long":{"_":"diumenge"},"weekday-1-long":{"_":"dilluns"},"weekday-2-long":{"_":"dimarts"},"weekday-3-long":{"_":"dimecres"},"weekday-4-long":{"_":"dijous"},"weekday-5-long":{"_":"divendres"},"weekday-6-long":{"_":"dissabte"},"weekday-0-short":{"_":"dg"},"weekday-1-short":{"_":"dl"},"weekday-2-short":{"_":"dt"},"weekday-3-short":{"_":"dc"},"weekday-4-short":{"_":"dj"},"weekday-5-short":{"_":"dv"},"weekday-6-short":{"_":"ds"},"month-0-long":{"_":"gener"},"month-1-long":{"_":"febrer"},"month-2-long":{"_":"març"},"month-3-long":{"_":"abril"},"month-4-long":{"_":"maig"},"month-5-long":{"_":"juny"},"month-6-long":{"_":"juliol"},"month-7-long":{"_":"agost"},"month-8-long":{"_":"setembre"},"month-9-long":{"_":"octubre"},"month-10-long":{"_":"novembre"},"month-11-long":{"_":"desembre"},"month-0-genitive":{"_":"de gener"},"month-1-genitive":{"_":"de febrer"},"month-2-genitive":{"_":"de març"},"month-3-genitive":{"_":"d'abril"},"month-4-genitive":{"_":"de maig"},"month-5-genitive":{"_":"de juny"},"month-6-genitive":{"_":"de juliol"},"month-7-genitive":{"_":"d'agost"},"month-8-genitive":{"_":"de setembre"},"month-9-genitive":{"_":"d'octubre"},"month-10-genitive":{"_":"de novembre"},"month-11-genitive":{"_":"de desembre"},"month-0-short":{"_":"gen"},"month-1-short":{"_":"febr"},"month-2-short":{"_":"març"},"month-3-short":{"_":"abr"},"month-4-short":{"_":"maig"},"month-5-short":{"_":"juny"},"month-6-short":{"_":"jul"},"month-7-short":{"_":"ag"},"month-8-short":{"_":"set"},"month-9-short":{"_":"oct"},"month-10-short":{"_":"nov"},"month-11-short":{"_":"des"},"minutes-ago-long":{"_":"{[ plural(value) ]}","_[zero]":"ara","_[one]":"fa un minut","_[two]":"fa {{value}} minuts","_[few]":"fa {{value}} minuts","_[many]":"fa {{value}} minuts","_[other]":"fa {{value}} minuts"},"hours-ago-long":{"_":"{[ plural(value) ]}","_[zero]":"ara","_[one]":"fa una hora","_[two]":"fa {{value}} hores","_[few]":"fa {{value}} hores","_[many]":"fa {{value}} hores","_[other]":"fa {{value}} hores"},"days-ago-long":{"_":"{[ plural(value) ]}","_[zero]":"avui","_[one]":"ahir","_[two]":"fa {{value}} dies","_[few]":"fa {{value}} dies","_[many]":"fa {{value}} dies","_[other]":"fa {{value}} dies"},"weeks-ago-long":{"_":"{[ plural(value) ]}","_[zero]":"aquesta setmana","_[one]":"la setmana passada","_[two]":"fa {{value}} setmanes","_[few]":"fa {{value}} setmanes","_[many]":"fa {{value}} setmanes","_[other]":"fa {{value}} setmanes"},"months-ago-long":{"_":"{[ plural(value) ]}","_[zero]":"aquest mes","_[one]":"el mes passat","_[two]":"fa {{value}} mesos","_[few]":"fa {{value}} mesos","_[many]":"fa {{value}} mesos","_[other]":"fa {{value}} mesos"},"years-ago-long":{"_":"{[ plural(value) ]}","_[zero]":"enguany","_[one]":"l'any passat","_[two]":"fa {{value}} anys","_[few]":"fa {{value}} anys","_[many]":"fa {{value}} anys","_[other]":"fa {{value}} anys"},"minutes-until-long":{"_":"{[ plural(value) ]}","_[zero]":"ara","_[one]":"d'aquí un minut","_[two]":"d'aquí {{value}} minuts","_[few]":"d'aquí {{value}} minuts","_[many]":"d'aquí {{value}} minuts","_[other]":"d'aquí {{value}} minuts"},"hours-until-long":{"_":"{[ plural(value) ]}","_[zero]":"ara","_[one]":"d'aquí una hora","_[two]":"d'aquí {{value}} hores","_[few]":"d'aquí {{value}} hores","_[many]":"d'aquí {{value}} hores","_[other]":"d'aquí {{value}} hores"},"days-until-long":{"_":"{[ plural(value) ]}","_[zero]":"avui","_[one]":"demà","_[two]":"d'aquí {{value}} dies","_[few]":"d'aquí {{value}} dies","_[many]":"d'aquí {{value}} dies","_[other]":"d'aquí {{value}} dies"},"weeks-until-long":{"_":"{[ plural(value) ]}","_[zero]":"aquesta setmana","_[one]":"la setmana que ve","_[two]":"d'aquí {{value}} setmanes","_[few]":"d'aquí {{value}} setmanes","_[many]":"d'aquí {{value}} setmanes","_[other]":"d'aquí {{value}} setmanes"},"months-until-long":{"_":"{[ plural(value) ]}","_[zero]":"aquest mes","_[one]":"el mes que ve","_[two]":"d'aquí {{value}} mesos","_[few]":"d'aquí {{value}} mesos","_[many]":"d'aquí {{value}} mesos","_[other]":"d'aquí {{value}} mesos"},"years-until-long":{"_":"{[ plural(value) ]}","_[zero]":"enguany","_[one]":"l'any que ve","_[two]":"d'aquí {{value}} anys","_[few]":"d'aquí {{value}} anys","_[many]":"d'aquí {{value}} anys","_[other]":"d'aquí {{value}} anys"},"minutes-ago-short":{"_":"{[ plural(value) ]}","_[zero]":"ara","_[other]":"fa {{value}} m"},"hours-ago-short":{"_":"{[ plural(value) ]}","_[zero]":"ara","_[other]":"fa {{value}} h"},"days-ago-short":{"_":"{[ plural(value) ]}","_[zero]":"avui","_[other]":"fa {{value}} d"},"minutes-until-short":{"_":"{[ plural(value) ]}","_[zero]":"ara","_[other]":"d'aquí {{value}} m"},"hours-until-short":{"_":"{[ plural(value) ]}","_[zero]":"ara","_[other]":"d'aquí {{value}} h"},"days-until-short":{"_":"{[ plural(value) ]}","_[zero]":"avui","_[other]":"d'aquí {{value}} d"},"incorrectDate":{"_":"(data no vàlida)"},"dateTimeFormat_%c":{"_":"%a %e %Eb, %Y %H:%M:%S"},"dateTimeFormat_%x":{"_":"%d/%m/%Y"},"dateTimeFormat_%X":{"_":"%H:%M:%S"},"shortTimeFormat":{"_":"%H:%M"},"shortDateTimeFormat":{"_":"%x %H:%M"},"weekStartsOnMonday":{"_":"1"},"time_am":{"_":"am"},"time_pm":{"_":"pm"},"perm-contacts":{"_":"Contactes"},"perm-contacts-appRequest":{"_":"{{app}} vol accedir a la vostra llista de contactes."},"perm-contacts-webRequest":{"_":"{{site}} vol accedir a la vostra llista de contactes."},"perm-desktop-notification":{"_":"Notificacions"},"perm-desktop-notification-appRequest":{"_":"{{app}} vol mostrar notificacions."},"perm-desktop-notification-webRequest":{"_":"{{site}} vol mostrar notificacions."},"perm-device-storage-music":{"_":"Emmagatzematge de música"},"perm-device-storage-music-appRequest":{"_":"{{app}} vol accedir a la vostra música."},"perm-device-storage-music-webRequest":{"_":"{{site}} vol accedir a la vostra música."},"perm-device-storage-pictures":{"_":"Emmagatzematge d'imatges"},"perm-device-storage-pictures-appRequest":{"_":"{{app}} vol accedir a les vostres imatges."},"perm-device-storage-pictures-webRequest":{"_":"{{site}} vol accedir a les vostres imatges."},"perm-device-storage-sdcard":{"_":"Emmagatzematge de la targeta de memòria"},"perm-device-storage-sdcard-appRequest":{"_":"{{app}} vol accedir a la targeta de memòria."},"perm-device-storage-sdcard-webRequest":{"_":"{{site}} vol accedir a la targeta de memòria."},"perm-device-storage-videos":{"_":"Emmagatzematge de vídeos"},"perm-device-storage-videos-appRequest":{"_":"{{app}} vol accedir als vostres vídeos."},"perm-device-storage-videos-webRequest":{"_":"{{site}} vol accedir als vostres vídeos."},"perm-fmradio":{"_":"Ràdio FM"},"perm-fmradio-appRequest":{"_":"{{app}} vol utilitzar la ràdio FM."},"perm-fmradio-webRequest":{"_":"{{site}} vol utilitzar la ràdio FM."},"perm-geolocation":{"_":"Geolocalització"},"perm-geolocation-appRequest":{"_":"{{app}} vol conèixer la vostra ubicació."},"perm-geolocation-webRequest":{"_":"{{site}} vol conèixer la vostra ubicació."},"perm-geolocation-more-info":{"_":"El {{brandShortName}} utilitza dades del GPS i de les xarxes Wi-Fi i mòbils properes per ajudar a determinar la vostra ubicació aproximada. Les dades s'envien a Mozilla i a altres proveïdors de serveis i s'utilitzen a l'engròs per millorar la precisió de les bases de dades d'ubicacions. Les dades s'emmagatzemen en el vostre dispositiu i poden recollir-se fins i tot quan no s'executi cap aplicació."},"perm-video-capture":{"_":"Càmera"},"perm-video-capture-appRequest":{"_":"Voleu compartir la càmera amb l'aplicació {{app}}?"},"perm-video-capture-webRequest":{"_":"Voleu compartir la càmera amb {{site}}?"},"perm-audio-capture":{"_":"Micròfon"},"perm-audio-capture-appRequest":{"_":"Voleu compartir el micròfon amb l'aplicació {{app}}?"},"perm-audio-capture-webRequest":{"_":"Voleu compartir el micròfon amb {{site}}?"},"perm-media-capture":{"_":"Càmera i micròfon"},"perm-media-capture-appRequest":{"_":"Voleu compartir la càmera i el micròfon amb l'aplicació {{app}}?"},"perm-media-capture-webRequest":{"_":"Voleu compartir la càmera i el micròfon amb {{site}}?"},"stopped_download_title":{"_":"Baixada aturada"},"stopped_download_message":{"_":"La baixada s'ha aturat. Voleu tornar-ho a provar?"},"stopped_download_left_button":{"_":"Cancel·la"},"stopped_download_right_button":{"_":"Reintenta"},"failed_download_title":{"_":"Ha fallat la baixada"},"failed_download_message":{"_":"Ha fallat la baixada de {{name}}. Voleu tornar-ho a provar?"},"failed_download_left_button":{"_":"Cancel·la"},"failed_download_right_button":{"_":"Reintenta"},"stop_download_title":{"_":"Atura la baixada"},"stop_download_message":{"_":"Segur que voleu aturar la baixada?"},"stop_download_left_button":{"_":"No"},"stop_download_right_button":{"_":"Sí"},"delete_download_title":{"_":"Elimina"},"delete_download_message":{"_":"Voleu eliminar {{name}}?"},"delete_download_left_button":{"_":"Cancel·la"},"delete_download_right_button":{"_":"Elimina"},"delete_all_download_title":{"_":"Elimina"},"delete_all_download_left_button":{"_":"Cancel·la"},"delete_all_download_right_button":{"_":"Elimina"},"delete_all_download_message":{"_":"{[ plural(number) ]}","_[zero]":"No voleu eliminar cap fitxer?","_[one]":"Voleu eliminar un fitxer?","_[two]":"Voleu eliminar {{number}} fitxers?","_[few]":"Voleu eliminar {{number}} fitxers?","_[many]":"Voleu eliminar {{number}} fitxers?","_[other]":"Voleu eliminar {{number}} fitxers?"},"unsupported_file_type_download_title":{"_":"No es pot obrir"},"unsupported_file_type_download_message":{"_":"No hi ha cap aplicació que pugui obrir {{name}}. Voleu desar el fitxer o eliminar-lo?"},"unsupported_file_type_download_left_button":{"_":"Desa el fitxer"},"unsupported_file_type_download_right_button":{"_":"Elimina"},"file_not_found_download_title":{"_":"No s'ha trobat el fitxer"},"file_not_found_download_message":{"_":"No s'ha trobat el fitxer en el dispositiu"},"file_not_found_download_right_button":{"_":"D'acord"},"unmounted_sdcard_2_download_title":{"_":"La targeta de memòria és en ús"},"unmounted_sdcard_2_download_message":{"_":"Desconnecteu el telèfon"},"unmounted_sdcard_2_download_right_button":{"_":"D'acord"},"no_provider_download_title":{"_":"No es pot compartir"},"no_provider_download_message":{"_":"No s'ha trobat cap proveïdor"},"no_provider_download_right_button":{"_":"D'acord"},"no_memory_download_title":{"_":"La targeta SD és plena"},"no_memory_download_message":{"_":"No hi ha prou espai a la targeta SD per desar la baixada. Elimineu alguns fitxers abans de reiniciar la baixada."},"no_memory_download_right_button":{"_":"D'acord"},"no_sdcard_found_2_download_title":{"_":"No s'ha trobat cap targeta de memòria"},"no_sdcard_found_2_download_message":{"_":"Inseriu una targeta de memòria o trieu una ubicació alternativa per defecte als paràmetres"},"no_sdcard_found_2_download_right_button":{"_":"D'acord"},"file_open_error_download_title":{"_":"No es pot obrir"},"file_open_error_download_message":{"_":"Hi ha un problema per obrir {{name}}. Voleu desar el fitxer o eliminar-lo?"},"file_open_error_download_left_button":{"_":"Desa el fitxer"},"file_open_error_download_right_button":{"_":"Elimina"},"restart_download_error":{"_":"S'ha produït un error en reiniciar la baixada. Torneu-ho a intentar."},"no-downloads":{"_":"Cap baixada"},"percentage":{"_":"{{percentage}} %"},"partialResult":{"_":"{{partial}} de {{total}}"},"summary":{"_":"{{date}} - {{status}}"},"download-stopped":{"_":"Aturada"},"download-failed":{"_":"Ha fallat la baixada"},"open_downloaded_file":{"_":"Obre"},"share_downloaded_file":{"_":"Comparteix"},"wallpaper_downloaded_file":{"_":"Defineix com a fons"},"ringtone_downloaded_file":{"_":"Desa com a to de trucada"},"cancel_downloaded_file":{"_":"Cancel·la"},"sim-picker-dial-via-with-number":{"_":"Marca {{ phoneNumber }} amb"},"sim-picker-select-sim":{"_":"Trieu la SIM"},"sim-picker-button":{"_":"SIM{{ n }}"},"sim-picker-button-default":{"_":"(per defecte)"}}