{"ok":{"_":"OK"},"back":{"_":"Zpět"},"help":{"_":"Nápověda"},"cancel":{"_":"Zrušit"},"close":{"_":"Zavřít"},"skip":{"_":"Přeskočit"},"airplaneMode":{"_":"Režim V letadle"},"searching":{"_":"Vyhledání…"},"noNetwork":{"_":"Síť je nedostupná"},"roaming":{"_":"{{operator}} (roaming)"},"emergencyCallsOnly":{"_":"Pouze tísňová volání"},"emergencyCallsOnly-unknownSIMState":{"_":"(neznámý stav SIM)"},"emergencyCallsOnly-noSIM":{"_":"(není SIM)"},"emergencyCallsOnly-pinRequired":{"_":"(vyžadován PIN)"},"emergencyCallsOnly-pukRequired":{"_":"(vyžadován PUK)"},"emergencyCallsOnly-networkLocked":{"_":"(uzamčená síť)"},"emergencyCallsOnly-serviceProviderLocked":{"_":"(uzamčená služba operátora)"},"emergencyCallsOnly-corporateLocked":{"_":"(uzamčena organizací)"},"enterPIN":{"_":"Zadejte PIN"},"statusbarLabel":{"_":"{{date}}, {{operator}}"},"statusbarDateFormat":{"_":"%e. %b"},"notifications":{"_":"Upozornění"},"clear-all":{"_":"Vymazat vše"},"newVoicemails":{"_":"{[ plural(n) ]}","_[zero]":"Žádná hlasová zpráva","_[one]":"Jedna hlasová zpráva","_[two]":"Dvě hlasové zprávy","_[few]":"{{n}} hlasové zprávy","_[many]":"{{n}} hlasových zpráv","_[other]":"{{n}} hlasových zpráv"},"newVoicemailsUnknown":{"_":"Nová hlasová zpráva"},"dialNumber":{"_":"Vytočit {{number}}"},"deviceMenu":{"_":"Telefon"},"airplane":{"_":"Zapnout režim V letadle"},"airplaneOff":{"_":"Vypnout režim V letadle"},"silent":{"_":"Tiché příchozí hovory"},"normal":{"_":"Normální příchozí hovory"},"restart":{"_":"Restartovat"},"power":{"_":"Vypnout"},"asyncpanzoom":{"_":"Zakázat APZ pro aplikace"},"asyncpanzoomOff":{"_":"Povolit APZ pro aplikace"},"enableScreenReaderSteps":{"_":"Pokud chcete zapnout čtečku obrazovky, stiskněte tlačítko uspání telefonu tříkrát za sebou"},"disableScreenReaderSteps":{"_":"Pokud chcete vypnout čtečku obrazovky, stiskněte tlačítko uspání telefonu tříkrát za sebou"},"no-recent-apps":{"_":"Žádné nedávné aplikace"},"yes":{"_":"Ano"},"no":{"_":"Ne"},"deny":{"_":"Odmítnout"},"allow":{"_":"Allow"},"dontshare-geolocation":{"_":"Nesdílet"},"share-geolocation":{"_":"Sdílet"},"dontshare-audio-capture":{"_":"Nesdílet"},"share-audio-capture":{"_":"Sdílet"},"dontshare-video-capture":{"_":"Nesdílet"},"share-video-capture":{"_":"Sdílet"},"dontshare-media-capture":{"_":"Nesdílet"},"share-media-capture":{"_":"Sdílet"},"device-front":{"_":"Přední fotoaparát"},"device-back":{"_":"Zadní fotoaparát"},"remember-my-choice":{"_":"Pamatovat si volbu"},"more-info":{"_":"Více informací…"},"install-app":{"_":"Instalovat {{name}}?"},"size":{"_":"Velikost"},"author":{"_":"Autor"},"size-unknown":{"_":"Neznámá"},"author-unknown":{"_":"Neznámý"},"install":{"_":"Instalovat"},"bytes":{"_":"bajtů"},"kB":{"_":"kB"},"MB":{"_":"MB"},"GB":{"_":"GB"},"TB":{"_":"TB"},"PB":{"_":"PB"},"app-install-generic-error":{"_":"Stahování {{ appName }} zastaveno"},"app-install-download-failed":{"_":"Stahování {{ appName }} skončilo chybou"},"app-install-install-failed":{"_":"Instalace {{ appName }} skončila chybou"},"cancelling-will-not-refund":{"_":"Zrušením instalace se nevrátí peníze za nákup. Vrácení peněz za placený obsah je poskytováno původním prodejcem."},"apps-can-be-installed-later":{"_":"Aplikaci je možné nainstalovat později z původního instalačního zdroje."},"are-you-sure-you-want-to-cancel":{"_":"Opravdu chcete zrušit instalaci?"},"cancel-install":{"_":"Zrušit"},"resume":{"_":"Začít znovu"},"continue":{"_":"Pokračovat"},"stopDownloading":{"_":"Zastavit stahování {{ app }}?"},"app-download-can-be-restarted":{"_":"Stahování může být obnoveno později."},"app-download-stop-button":{"_":"Zastavit stahování"},"not-enough-space":{"_":"Nedostatek místa"},"not-enough-space-message":{"_":"Pro instalaci této aplikace není dostatek místa. Uvolněte místo smazáním nepoužívaných aplikací nebo médií a instalaci opakujte z původního zdroje."},"app-install-success":{"_":"Aplikace {{ appName }} nainstalována"},"setup":{"_":"Nastavení"},"ime-addkeyboards":{"_":"Přidat klávesnice"},"later":{"_":"Později"},"download":{"_":"Stáhnout"},"wantToDownload":{"_":"Stáhnout aktualizaci?"},"wantToInstall":{"_":"Instalovat aktualizaci?"},"installNow":{"_":"Instalovat"},"notNow":{"_":"Nyní ne"},"downloadingUpdateMessage":{"innerHTML":"Stahování aktualizací… <span>{{ progress }} staženo.</span>          "},"downloadingAppMessage":{"_":"Stahování {{ appName }}"},"downloadingAppProgressNoMax":{"_":"{{ progress }} staženo"},"downloadingAppProgressIndeterminate":{"_":"Stahování"},"downloadingAppProgress":{"_":"{{ progress }} / {{ max }} staženo"},"cancelAllDownloads":{"_":"Zrušit všechna stahování"},"wantToCancelAll":{"_":"Opravdu chcete zrušit všechna stahování?"},"downloadError":{"_":"Při stahování aktualizací nastala chyba."},"updateAvailableInfo":{"innerHTML":"{[ plural(n) ]}","innerHTML[one]":"K dispozici {{ n }} aktualizace. <span>Klepněte pro více informací.</span>","innerHTML[two]":"K dispozici {{ n }} aktualizace. <span>Klepněte pro více informací.</span>","innerHTML[few]":"K dispozici {{ n }} aktualizace. <span>Klepněte pro více informací.</span>","innerHTML[many]":"K dispozici {{ n }} aktualizací. <span>Klepněte pro více informací.</span>","innerHTML[other]":"K dispozici {{ n }} aktualizací. <span>Klepněte pro více informací.</span>"},"numberOfUpdates":{"_":"{[ plural(n) ]}","_[one]":"Jedna dostupná aktualizace","_[two]":"Dvě dostupné aktualizace","_[few]":"{{ n }} dostupné aktualizace","_[many]":"{{ n }} dostupných aktualizací","_[other]":"{{ n }} dostupných aktualizací"},"systemUpdate":{"_":"Aktualizace systému"},"systemUpdateReady":{"_":"Aktualizace systému připravena"},"required":{"_":"Vyžadováno"},"uncompressingMessage":{"innerHTML":"Dekomprimace… <span>Ta může trvat několik minut.</span>"},"downloadNoWifiWarning":{"_":"Wi-Fi není dostupná. Při aktualizaci pomocí současného připojení mohou být účtovány další poplatky."},"downloadOfflineWarning":{"_":"Připojení není dostupné. Pro stažení aktualizací se připojte k síti."},"downloadDataConnectionWarning":{"_":"Aktualizace jsou v situaci, kdy není dostupná Wi-Fi, stahovány přes datové připojení. Tato data mohou být zpoplatněna."},"downloadUpdatesViaDataConnection":{"_":"Stáhnout aktualizace přes datové připojení?"},"downloadUpdatesViaDataConnectionMessage":{"_":"Aktualizace jsou v situaci, kdy není dostupná Wi-Fi, stahovány přes datové připojení. Používáním datového připojení mohou být telefonní hovory blokovány a data mohou být zpoplatněna."},"screenshotSaved":{"_":"Náhled uložen do galerie"},"screenshotFailed":{"_":"Náhled se nepodařilo uložit"},"screenshotNoSDCard":{"_":"Paměťová karta nebyla nalezena"},"screenshotSDCardInUse":{"_":"Paměťová karta je používána"},"screenshotSDCardLow":{"_":"Na paměťové kartě není dostatek místa"},"emergency-call-button":{"_":"Tísňové volání"},"emergency-call":{"_":"Tísňové volání"},"unlock-a11y-button":{"ariaLabel":"Odemknout"},"camera-a11y-button":{"ariaLabel":"Kamera"},"longDateFormat":{"_":"%A %e. %B"},"softwareHomeButton":{"ariaLabel":"Domů"},"login":{"_":"Přihlásit"},"username":{"_":"Uživatel"},"password":{"_":"Heslo"},"http-authentication-message":{"_":"{{host}} požaduje uživatelské jméno a heslo se sdělením „{{realm}}“"},"error-message":{"_":"Při nahrávání aplikace nastala chyba"},"error-title":{"_":"Chyba v aplikaci "},"airplane-is-on":{"_":"Režim V letadle je zapnutý"},"airplane-is-turned-on":{"_":"{{name}} vyžaduje připojení k síti. Vypněte v nastavení režim V letadle a připojte se k Wi-Fi nebo mobilní datové síti."},"server-not-found":{"_":"Server nenalezen"},"server-not-found-error":{"_":"Nepodařilo se nalézt server {{name}}."},"network-connection-unavailable":{"_":"Připojení k síti je nedostupné"},"network-error":{"_":"{{name}} vyžaduje připojení k síti. Zkuste se připojit k Wi-Fi nebo mobilní datové síti."},"unable-to-connect":{"_":"Chyba spojení"},"tap-to-retry":{"_":"Klepněte pro opakování"},"try-again":{"_":"Zkuste znovu"},"select-time":{"_":"Volba času"},"choose-option":{"_":"Volba"},"choose-options":{"_":"Volba"},"select-day":{"_":"Volba dne"},"battery-almost-empty":{"_":"Baterie je téměř prázdná"},"add-to-home-screen":{"_":"Přidat na domovskou obrazovku"},"crash-dialog2-os":{"_":"Systém {{brandShortName}} byl obnoven po pádu"},"crash-dialog-app":{"_":"Aplikace {{name}} spadla"},"crash-dialog-message":{"_":"Chcete odeslat Mozille hlášení o pádu a pomoci nám opravit problém? (Hlášení je posíláno pouze pomocí Wi-Fi.)"},"crash-info-link":{"_":"Co obsahuje hlášení o pádu?"},"crash-always-report":{"_":"Pokud dojde k pádu, vždy odeslat Mozille hlášení."},"crash-dont-send":{"_":"Neposílat"},"crash-end":{"_":"Poslat hlášení"},"crashReports":{"_":"Hlášení o pádu"},"done":{"_":"Hotovo"},"crash-reports-description-1":{"_":"Hlášení o pádu obsahuje některé detaily o pádu a vašem zařízení. Stejně tak obsahuje snímek stavu vašeho zařízení v době pádu."},"crash-reports-description-2":{"_":"Může se jednat o otevřené stránky, aplikace, text zadaný do formulářů, obsah otevřených zpráv, nedávná historie prohlížení či informace o umístění používané otevřenou aplikací."},"crash-reports-description-3-start":{"_":"Hlášení o pádech používáme pro opravy problémů a vylepšování našich produktů. S vašimi informacemi pracujeme tak, jak je popsáno v našich"},"crash-reports-description-3-privacy":{"_":"zásadách soukromí"},"crash-reports-description-3-end":{"_":"."},"crash-banner-os2":{"_":"{{brandShortName}} spadl."},"crash-banner-app":{"_":"Aplikace {{name}} spadla."},"crash-banner-report":{"_":"Hlášení o pádu"},"bluetooth-sendingTitle":{"_":"Odchozí přenos Bluetooth"},"bluetooth-receivingTitle":{"_":"Příchozí přenos Bluetooth"},"bluetooth-sending-progress":{"_":"Odchozí přenos Bluetooth"},"bluetooth-receiving-progress":{"_":"Příchozí přenos Bluetooth"},"acceptFileTransfer":{"_":"Přijmout přenos souboru pomocí Bluetooth?"},"wantToReceiveFile":{"_":"Zařízení {{deviceName}} by rádo přeneslo soubor {{fileName}} ({{fileSize}})."},"transfer-confirmation-title":{"_":"{{deviceName}}"},"transfer-confirmation-description":{"_":"Požadavek na přenesení souboru."},"byteUnit-B":{"_":"bajtů"},"byteUnit-KB":{"_":"KB"},"byteUnit-MB":{"_":"MB"},"byteUnit-GB":{"_":"GB"},"byteUnit-TB":{"_":"TB"},"byteUnit-PB":{"_":"PB"},"byteUnit-EB":{"_":"EB"},"byteUnit-ZB":{"_":"ZB"},"byteUnit-YB":{"_":"YB"},"fileSize":{"_":"{{size}} {{unit}}"},"transfer":{"_":"Přenést"},"cancelFileTransfer":{"_":"Zrušit přenos souboru pomocí Bluetooth?"},"transfer-has-started-title":{"_":"Přenos byl zahájen"},"transfer-has-started-description":{"_":"Stav zjistíte v panelu upozornění"},"transferFinished-sentSuccessful-title":{"_":"Odesílání dokončeno"},"transferFinished-receivedSuccessful-title":{"_":"Přenesený soubor"},"transferFinished-sentFailed-title":{"_":"Odesílání souboru selhalo"},"transferFinished-receivedFailed-title":{"_":"Soubor nemůže být přijat"},"transferReport-title":{"_":"Stav přenosu:"},"transferReport-description":{"_":"{{numSuccessful}} souborů úspěšně, {{numUnsuccessful}} neúspěšně"},"unknown-file":{"_":"Neznámý soubor"},"unknown-device":{"_":"Neznámé zařízení"},"cannotOpenFile":{"_":"Nelze otevřít přenesený soubor"},"unknownMediaTypeToOpen":{"_":"Nelze otevřít neznámý typ média:"},"cannotReceiveFile":{"_":"Nelze přijmout soubor"},"cannotGetStorageState":{"_":"Nelze zjistit stav úložiště"},"sdcard-not-exist2":{"_":"Paměťová karta nebyla nalezena. Vložte prosím paměťovou kartu."},"sdcard-in-use":{"_":"Bluetooth nelze použít při připojeném telefonu. Pro přijetí souboru odpojte prosím telefon."},"sdcard-no-space2":{"_":"Přenos se nepodařilo dokončit: paměťová karta je plná."},"unknown-error":{"_":"Neznámá chyba"},"confirm":{"_":"Potvrdit"},"microphone-is-on":{"_":"Mikrofon je zapnut"},"camera-is-on":{"_":"Kamera je zapnuta"},"media-is-on":{"_":"Kamera a mikrofon jsou zapnuty"},"noSimCard":{"_":"Není SIM karta"},"simPin":{"_":"PIN"},"pukCode":{"_":"Kód PUK"},"nckCode":{"_":"Kód NCK"},"cckCode":{"_":"Kód CCK"},"spckCode":{"_":"Kód SPCK"},"whatIsSimPin":{"_":"Co je PIN?"},"simPinIntro1":{"_":"PIN zamezuje přístup SIM karty k mobilním datovým sítím. Když je povolen, pak jakékoliv zařízení se SIM kartou bude po restartu vyžadovat PIN."},"simPinIntro2":{"_":"PIN není to samé jako heslo používané pro odblokování zařízení."},"changeSimPin":{"_":"Změnit PIN"},"pinTitle":{"_":"Vložení PIN"},"multiSIMpinTitle":{"_":"Vložení PIN SIM {{n}}"},"pukTitle":{"_":"Vložení kódu PUK"},"nckTitle":{"_":"Vložení kódu NCK"},"cckTitle":{"_":"Vložení kódu CCK"},"spckTitle":{"_":"Vložení kódu SPCK"},"newpinTitle":{"_":"Nový PIN"},"inputCodeRetriesLeft":{"_":"{[ plural(n) ]}","_[one]":"poslední pokus","_[two]":"Zbývají {{n}} pokusy.","_[few]":"Zbývájí {{n}} pokusy.","_[many]":"Zbývá {{n}} pokusů.","_[other]":"Zbývá {{n}} pokusů."},"pinErrorMsg":{"_":"PIN není správný."},"pinAttemptMsg2":{"_":"{[ plural(n) ]}","_[one]":"Zbývá vám jeden pokus o vložení správného kódu než bude SIM karta zablokována.","_[two]":"Zbývají vám {{n}} pokusy o vložení správného kódu než bude SIM karta zablokována.","_[few]":"Zbývájí vám {{n}} pokusy o vložení správného kódu než bude SIM karta zablokována.","_[many]":"Zbývá vám {{n}} pokusů o vložení správného kódu než bude SIM karta zablokována.","_[other]":"Zbývá vám {{n}} pokusů o vložení správného kódu než bude SIM karta zablokována."},"pinLastChanceMsg":{"_":"Toto je poslední možnost zadání správného PIN. Příště již budete muset pro použití karty SIM zadat PUK kód."},"simCardLockedMsg":{"_":"SIM karta je zablokovaná."},"enterPukMsg":{"_":"Musíte zadat Personal Unlocking Key (PUK) pro vaši SIM kartu. Nahlédněte do dokumentace ke své SIM kartě nebo pro více informací kontaktujte operátora."},"pukErrorMsg":{"_":"PUK kód je neplatný."},"pukAttemptMsg2":{"_":"{[ plural(n) ]}","_[one]":"Máte ještě jeden pokus o vložení správného kódu předtím než bude karta SIM trvale nepoužitelná. Nahlédněte do dokumentace ke své SIM kartě nebo pro více informací kontaktujte operátora.","_[two]":"Máte ještě {{n}} pokusy o vložení správného kódu předtím než bude karta SIM trvale nepoužitelná. Nahlédněte do dokumentace ke své SIM kartě nebo pro více informací kontaktujte operátora.","_[few]":"Máte ještě {{n}} pokusy o vložení správného kódu předtím než bude karta SIM trvale nepoužitelná. Nahlédněte do dokumentace ke své SIM kartě nebo pro více informací kontaktujte operátora.","_[many]":"Máte ještě {{n}} pokusů o vložení správného kódu předtím než bude karta SIM trvale nepoužitelná. Nahlédněte do dokumentace ke své SIM kartě nebo pro více informací kontaktujte operátora.","_[other]":"Máte ještě {{n}} pokusů o vložení správného kódu předtím než bude karta SIM trvale nepoužitelná. Nahlédněte do dokumentace ke své SIM kartě nebo pro více informací kontaktujte operátora."},"pukLastChanceMsg":{"_":"Poslední možnost vložit správný PUK kód. Pokud vložíte chybný PUK kód, bude vaše SIM karta trvale nepoužitelná. Nahlédněte do dokumentace ke své SIM kartě nebo pro více informací kontaktujte operátora. "},"newSimPinMsg":{"_":"Vytvoření PIN (musí obsahovat 4 až 8 čísel)"},"confirmNewSimPinMsg":{"_":"Potvrzení nového PIN"},"newPinErrorMsg":{"_":"Zadané kódy PIN si neodpovídají."},"nckErrorMsg":{"_":"NCK kód je neplatný."},"nckAttemptMsg2":{"_":"{[ plural(n) ]}","_[one]":"Požadavek na změnu sítě selhal. Máte ještě jeden pokus o vložení správného kódu. Nahlédněte do dokumentace ke své SIM kartě nebo pro více informací kontaktujte operátora.","_[two]":"Požadavek na změnu sítě selhal. Máte ještě {{n}} pokusy o vložení správného kódu. Nahlédněte do dokumentace ke své SIM kartě nebo pro více informací kontaktujte operátora.","_[few]":"Požadavek na změnu sítě selhal. Máte ještě {{n}} pokusy o vložení správného kódu. Nahlédněte do dokumentace ke své SIM kartě nebo pro více informací kontaktujte operátora.","_[many]":"Požadavek na změnu sítě selhal. Máte ještě {{n}} pokusů o vložení správného kódu. Nahlédněte do dokumentace ke své SIM kartě nebo pro více informací kontaktujte operátora.","_[other]":"Požadavek na změnu sítě selhal. Máte ještě {{n}} pokusů o vložení správného kódu. Nahlédněte do dokumentace ke své SIM kartě nebo pro více informací kontaktujte operátora."},"nckLastChanceMsg":{"_":"Požadavek na změnu sítě selhal. Poslední změna pro vložení správného NCK kódu. Nahlédněte do dokumentace ke své SIM kartě nebo pro více informací kontaktujte operátora.  "},"activity-pick":{"_":"Výběr z:"},"activity-view":{"_":"Zobrazit pomocí:"},"activity-test":{"_":"Otestovat pomocí:"},"activity-share":{"_":"Sdílet pomocí:"},"activity-new":{"_":"Vytvořit pomocí:"},"activity-open":{"_":"Otevřít pomocí:"},"activity-save-bookmark":{"_":"Přidat do záložek v:"},"activity-record":{"_":"Nahrát z:"},"activity-browse":{"_":"Prohlížet pomocí:"},"activity-configure":{"_":"Nastavit pomocí:"},"activity-dial":{"_":"Zavolat z:"},"persona-signin":{"_":"Přihlásit"},"payment-flow":{"_":"Koupit"},"remoteDebuggerMessage":{"_":"Byl zaznamenán požadavek na vzdálené připojení debuggeru. Povolit připojení?"},"fullscreen-request":{"_":"{{origin}} je nyní v režimu celé obrazovky."},"captive-wifi-available":{"_":"Byla nalezena síť {{networkName}}. Připojit se?"},"ceWarningtitle":{"_":"Varování o hlasitosti"},"ceWarningcontent":{"_":"Jako prevenci před poškozením sluchu neposlouchejte po delší čas hudbu hlasitě."},"notification-powersaving-mode-on-title":{"_":"Úsporný režim"},"notification-powersaving-mode-on-description":{"_":"Úsporný režim je zapnut"},"low-device-storage":{"_":"Málo volného místa.\n"},"free-space":{"_":"{[ plural(value) ]}","_[zero]":"Žádné zbývající volné místo.","_[one]":"Zbývá méně než {{value}} {{unit}}.","_[two]":"Zbývá méně než {{value}} {{unit}}.","_[few]":"Zbývá méně než {{value}} {{unit}}.","_[many]":"Zbývá méně než {{value}} {{unit}}.","_[other]":"Zbývá méně než {{value}} {{unit}}."},"unknown-free-space":{"_":"Neznámý stav zbývajícího místa."},"system-alert":{"_":"Systémové upozornění"},"cb-channel":{"_":"Kanál {{channel}}"},"icc-message-title":{"_":"Zpráva operátora z karty SIM {{id}}"},"icc-confirmCall-defaultmessage":{"_":"Vytočit {{number}}?"},"icc-alertMessage-defaultmessage":{"_":"Poslání zprávy"},"icc-confirmMessage-defaultmessage":{"_":"Poslat zprávu?"},"icc-inputbox-title":{"_":"STK dotaz k karty SIM {{id}}"},"emergency-callback-mode":{"_":"Režim nouzového zpětného volání"},"emergency-callback-message":{"_":"Nemůžete uskutečnit hovory, poslat zprávy či být online, protože je aktivován režim nouzového volání. Chcete tento režim vypnout?"},"cdma-record-info":{"_":"Informace o záznamu CDMA"},"ime-switching-title":{"_":"{{appName}}: {{name}}"},"ime-switching-tip":{"_":"Klepněte pro přepnutí metody vstupu"},"layout-selection":{"_":"Layout selection"},"shrinking-tip":{"_":"Přejetím sdílet"},"download_started":{"_":"Stahování zahájeno"},"download_stopped":{"_":"Stahování ukončeno"},"download_downloading":{"_":"Stahování…"},"download_succeeded":{"_":"Stahování dokončeno"},"download_failed":{"_":"Stahování selhalo"},"download_text_by_default":{"_":"{{name}}"},"download_downloading_text_2":{"_":"{{percentage}}% - {{name}}"},"search":{"_":"Vyhledávání"},"search-or-type-address":{"placeholder":"Zadejte hledání nebo adresu"},"noSIMCardInHotspot":{"_":"Chybí karta SIM nebo není vložena správně. Hotspot bude vypnutý."},"brandShortName":{"_":"B2G OS"},"browserBrandShortName":{"_":"Webový prohlížeč"},"browserBrandFullName":{"_":"Webový prohlížeč Mozilla"},"weekday-0-long":{"_":"Neděle"},"weekday-1-long":{"_":"Pondělí"},"weekday-2-long":{"_":"Úterý"},"weekday-3-long":{"_":"Středa"},"weekday-4-long":{"_":"Čtvrtek"},"weekday-5-long":{"_":"Pátek"},"weekday-6-long":{"_":"Sobota"},"weekday-0-short":{"_":"Ne"},"weekday-1-short":{"_":"Po"},"weekday-2-short":{"_":"Út"},"weekday-3-short":{"_":"St"},"weekday-4-short":{"_":"Čt"},"weekday-5-short":{"_":"Pá"},"weekday-6-short":{"_":"So"},"month-0-long":{"_":"Leden"},"month-1-long":{"_":"Únor"},"month-2-long":{"_":"Březen"},"month-3-long":{"_":"Duben"},"month-4-long":{"_":"Květen"},"month-5-long":{"_":"Červen"},"month-6-long":{"_":"Červenec"},"month-7-long":{"_":"Srpen"},"month-8-long":{"_":"Září"},"month-9-long":{"_":"Říjen"},"month-10-long":{"_":"Listopad"},"month-11-long":{"_":"Prosinec"},"month-0-genitive":{"_":"Leden"},"month-1-genitive":{"_":"Únor"},"month-2-genitive":{"_":"Březen"},"month-3-genitive":{"_":"Duben"},"month-4-genitive":{"_":"Květen"},"month-5-genitive":{"_":"Červen"},"month-6-genitive":{"_":"Červenec"},"month-7-genitive":{"_":"Srpen"},"month-8-genitive":{"_":"Září"},"month-9-genitive":{"_":"Říjen"},"month-10-genitive":{"_":"Listopad"},"month-11-genitive":{"_":"Prosinec"},"month-0-short":{"_":"leden"},"month-1-short":{"_":"únor"},"month-2-short":{"_":"březen"},"month-3-short":{"_":"duben"},"month-4-short":{"_":"květen"},"month-5-short":{"_":"červen"},"month-6-short":{"_":"červenec"},"month-7-short":{"_":"srpen"},"month-8-short":{"_":"září"},"month-9-short":{"_":"říjen"},"month-10-short":{"_":"listopad"},"month-11-short":{"_":"prosinec"},"minutes-ago-long":{"_":"{[ plural(value) ]}","_[zero]":"právě teď","_[one]":"před minutou","_[two]":"před 2 minutami","_[few]":"před {{value}} minutami","_[many]":"před {{value}} minutami","_[other]":"před {{value}} minutami"},"hours-ago-long":{"_":"{[ plural(value) ]}","_[zero]":"právě teď","_[one]":"před hodinou","_[two]":"před 2 hodinami","_[few]":"před {{value}} hodinami","_[many]":"před {{value}} hodinami","_[other]":"před {{value}} hodinami"},"days-ago-long":{"_":"{[ plural(value) ]}","_[zero]":"dnes","_[one]":"včera","_[two]":"předevčírem","_[few]":"před {{value}} dny","_[many]":"před {{value}} dny","_[other]":"před {{value}} dny"},"weeks-ago-long":{"_":"{[ plural(value) ]}","_[zero]":"tento týden","_[one]":"minutý týden","_[two]":"před {{value}} týdny","_[few]":"před {{value}} týdny","_[many]":"před {{value}} týdny","_[other]":"před {{value}} týdny"},"months-ago-long":{"_":"{[ plural(value) ]}","_[zero]":"tento měsíc","_[one]":"minulý měsíc","_[two]":"před {{value}} měsíci","_[few]":"před {{value}} měsíci","_[many]":"před {{value}} měsíci","_[other]":"před {{value}} měsíci"},"years-ago-long":{"_":"{[ plural(value) ]}","_[zero]":"tento rok","_[one]":"minulý rok","_[two]":"před {{value}} roky","_[few]":"před {{value}} roky","_[many]":"před {{value}} roky","_[other]":"před {{value}} roky"},"minutes-until-long":{"_":"{[ plural(value) ]}","_[zero]":"nyní","_[one]":"za minutu","_[two]":"za 2 minuty","_[few]":"za {{value}} minuty","_[many]":"za {{value}} minut","_[other]":"za {{value}} minut"},"hours-until-long":{"_":"{[ plural(value) ]}","_[zero]":"nyní","_[one]":"za hodinu","_[two]":"za 2 hodiny","_[few]":"za {{value}} hodiny","_[many]":"za {{value}} hodin","_[other]":"za {{value}} hodin"},"days-until-long":{"_":"{[ plural(value) ]}","_[zero]":"dnes","_[one]":"zítra","_[two]":"pozítří","_[few]":"za {{value}} dny","_[many]":"za {{value}} dnů","_[other]":"za {{value}} dnů"},"weeks-until-long":{"_":"{[ plural(value) ]}","_[zero]":"tento týden","_[one]":"příští týden","_[two]":"za {{value}} týdny","_[few]":"za {{value}} týdny","_[many]":"za {{value}} týdnů","_[other]":"za {{value}} týdnů"},"months-until-long":{"_":"{[ plural(value) ]}","_[zero]":"tento měsíc","_[one]":"příští měsíc","_[two]":"za {{value}} měsíce","_[few]":"za {{value}} měsíce","_[many]":"za {{value}} měsíců","_[other]":"za {{value}} měsíců"},"years-until-long":{"_":"{[ plural(value) ]}","_[zero]":"tento rok","_[one]":"příští rok","_[two]":"za {{value}} roky","_[few]":"za {{value}} roky","_[many]":"za {{value}} roků","_[other]":"za {{value}} roků"},"minutes-ago-short":{"_":"{[ plural(value) ]}","_[zero]":"právě teď","_[other]":"před {{value}} min"},"hours-ago-short":{"_":"{[ plural(value) ]}","_[zero]":"právě teď","_[other]":"před {{value}} hod"},"days-ago-short":{"_":"{[ plural(value) ]}","_[zero]":"dnes","_[other]":"před {{value}} dny"},"minutes-until-short":{"_":"{[ plural(value) ]}","_[zero]":"nyní","_[other]":"za {{value}} min"},"hours-until-short":{"_":"{[ plural(value) ]}","_[zero]":"nyní","_[other]":"za {{value}} hod"},"days-until-short":{"_":"{[ plural(value) ]}","_[zero]":"dnes","_[other]":"za {{value}} dny"},"incorrectDate":{"_":"(neplatné datum)"},"dateTimeFormat_%c":{"_":"%a %e. %b %Y %H:%M:%S"},"dateTimeFormat_%x":{"_":"%e. %m. %Y"},"dateTimeFormat_%X":{"_":"%H:%M:%S"},"shortTimeFormat":{"_":"%H:%M"},"shortDateTimeFormat":{"_":"%x %H:%M"},"weekStartsOnMonday":{"_":"1"},"time_am":{"_":"AM"},"time_pm":{"_":"PM"},"perm-contacts":{"_":"Kontakty"},"perm-contacts-appRequest":{"_":"Aplikace {{app}} požaduje přístup k vašim kontaktům."},"perm-contacts-webRequest":{"_":"Stránka {{site}} požaduje přístup k vašim kontaktům."},"perm-desktop-notification":{"_":"Upozornění"},"perm-desktop-notification-appRequest":{"_":"Aplikace {{app}} požaduje zobrazování upozornění."},"perm-desktop-notification-webRequest":{"_":"Stránka {{site}} požaduje zobrazování upozornění."},"perm-device-storage-music":{"_":"Úložiště hudby"},"perm-device-storage-music-appRequest":{"_":"Aplikace {{app}} požaduje přístup k vaší hudbě."},"perm-device-storage-music-webRequest":{"_":"Stránka {{site}} požaduje přístup k vaší hudbě."},"perm-device-storage-pictures":{"_":"Úložiště obrázků"},"perm-device-storage-pictures-appRequest":{"_":"Aplikace {{app}} požaduje přístup k vašim obrázkům."},"perm-device-storage-pictures-webRequest":{"_":"Stránka {{site}} požaduje přístup k vašim obrázkům."},"perm-device-storage-sdcard":{"_":"Úložiště na paměťové kartě"},"perm-device-storage-sdcard-appRequest":{"_":"Aplikace {{app}} požaduje přístup k vaší paměťové kartě."},"perm-device-storage-sdcard-webRequest":{"_":"Stránka {{site}} požaduje přístup k vaší paměťové kartě."},"perm-device-storage-videos":{"_":"Úložiště videa"},"perm-device-storage-videos-appRequest":{"_":"Aplikace {{app}} požaduje přístup k vašim videům."},"perm-device-storage-videos-webRequest":{"_":"Stránka {{site}} požaduje přístup k vašim videům."},"perm-fmradio":{"_":"FM rádio"},"perm-fmradio-appRequest":{"_":"Aplikace {{app}} požaduje užít FM rádio."},"perm-fmradio-webRequest":{"_":"Stránka {{site}} požaduje užít FM rádio."},"perm-geolocation":{"_":"Geolokace"},"perm-geolocation-appRequest":{"_":"Aplikace {{app}} požaduje přístup k vaší poloze."},"perm-geolocation-webRequest":{"_":"Stránka {{site}} požaduje přístup k vaší poloze."},"perm-geolocation-more-info":{"_":"{{brandShortName}} používá data z GPS, Wi-Fi a mobilních sítí okolo vás pro přibližné určení vaší polohy. Tato data jsou posílána Mozille a dalším poskytovatelům služeb, kteří je používají k vylepšování informací o umístění. Data mohou být uložena na vašem zařízení a sbírání dat může probíhat i tehdy, když není žádná aplikace spuštěna."},"perm-video-capture":{"_":"Fotoaparát"},"perm-video-capture-appRequest":{"_":"Chcete sdílet svůj fotoaparát s aplikací {{app}}?"},"perm-video-capture-webRequest":{"_":"Chcete sdílet svůj fotoaparát se stránou {{site}}?"},"perm-audio-capture":{"_":"Mikrofón"},"perm-audio-capture-appRequest":{"_":"Chcete sdílet svůj mikrofón s aplikací {{app}}?"},"perm-audio-capture-webRequest":{"_":"Chcete sdílet svůj mikrofón se stránou {{site}}? "},"perm-media-capture":{"_":"Fotoaparát a mikrofón"},"perm-media-capture-appRequest":{"_":"Chcete sdílet svůj fotoaparát a mikrofón s aplikací {{app}}?"},"perm-media-capture-webRequest":{"_":"Chcete sdílet svůj fotoaparát a mikrofón se stránkou {{site}}?"},"stopped_download_title":{"_":"Stahování přerušeno"},"stopped_download_message":{"_":"Stahování bylo přerušeno. Chcete jej znovu zahájit?"},"stopped_download_left_button":{"_":"Zrušit"},"stopped_download_right_button":{"_":"Znovu zahájit"},"failed_download_title":{"_":"Stahování selhalo"},"failed_download_message":{"_":"Stahování {{name}} se nezdařilo. Chcete jej zahájit znovu?"},"failed_download_left_button":{"_":"Zrušit"},"failed_download_right_button":{"_":"Znovu zahájit"},"stop_download_title":{"_":"Přerušit stahování"},"stop_download_message":{"_":"Opravdu chcete přerušit toto stahování?"},"stop_download_left_button":{"_":"Ne"},"stop_download_right_button":{"_":"Ano"},"delete_download_title":{"_":"Smazat"},"delete_download_message":{"_":"Smazat {{name}}?"},"delete_download_left_button":{"_":"Zrušit"},"delete_download_right_button":{"_":"Smazat"},"delete_all_download_title":{"_":"Smazat"},"delete_all_download_left_button":{"_":"Zrušit"},"delete_all_download_right_button":{"_":"Smazat"},"delete_all_download_message":{"_":"{[ plural(number) ]}","_[zero]":"Smazat žádné soubory?","_[one]":"Smazat jeden soubor?","_[two]":"Smazat {{number}} soubory?","_[few]":"Smazat {{number}} souborů?","_[many]":"Smazat {{number}} souborů?","_[other]":"Smazat {{number}} souborů?"},"unsupported_file_type_download_title":{"_":"Soubor nelze otevřít"},"unsupported_file_type_download_message":{"_":"Nebyla nalezena žádná aplikace pro otevření {{name}}. Chcete tento soubor uložit nebo smazat?"},"unsupported_file_type_download_left_button":{"_":"Uchovat soubor"},"unsupported_file_type_download_right_button":{"_":"Smazat"},"file_not_found_download_title":{"_":"Soubor nenalezen"},"file_not_found_download_message":{"_":"Soubor nebyl v zařízení nalezen"},"file_not_found_download_right_button":{"_":"OK"},"unmounted_sdcard_2_download_title":{"_":"Paměťová karta je využívána"},"unmounted_sdcard_2_download_message":{"_":"Odpojte telefon"},"unmounted_sdcard_2_download_right_button":{"_":"OK"},"no_provider_download_title":{"_":"Nelze sdílet"},"no_provider_download_message":{"_":"Nebyl nalezen žádný poskytovatel"},"no_provider_download_right_button":{"_":"OK"},"no_memory_download_title":{"_":"SD karta je plná"},"no_memory_download_message":{"_":"Na vaší SD kartě není dostatek prostoru pro uložení stahovaného souboru. Před opakování pokusu o stažení prosím vymažte některé jiné soubory."},"no_memory_download_right_button":{"_":"OK"},"no_sdcard_found_2_download_title":{"_":"Paměťová karta nebyla nalezena"},"no_sdcard_found_2_download_message":{"_":"Vložte paměťovou kartu nebo vyberte v Nastavení jiné výchozí umístění médií"},"no_sdcard_found_2_download_right_button":{"_":"OK"},"file_open_error_download_title":{"_":"Soubor nelze otevřít"},"file_open_error_download_message":{"_":"Při otevírání {{name}} došlo k chybě. Chcete tento soubor uložit nebo smazat?"},"file_open_error_download_left_button":{"_":"Uchovat soubor"},"file_open_error_download_right_button":{"_":"Smazat"},"restart_download_error":{"_":"Při opětovném zahájení stahování došli k chybě. Zkuste to prosím později."},"no-downloads":{"_":"Žádná stahování"},"percentage":{"_":"{{percentage}} %"},"partialResult":{"_":"{{partial}} z {{total}}"},"summary":{"_":"{{date}} - {{status}}"},"download-stopped":{"_":"Přerušeno"},"download-failed":{"_":"Stahování selhalo"},"open_downloaded_file":{"_":"Otevřít"},"share_downloaded_file":{"_":"Sdílet"},"wallpaper_downloaded_file":{"_":"Nastavit jako tapetu"},"ringtone_downloaded_file":{"_":"Nastavit jako vyzvánění"},"cancel_downloaded_file":{"_":"Zrušit"},"sim-picker-dial-via-with-number":{"_":"Volat {{ phoneNumber }} přes"},"sim-picker-select-sim":{"_":"Zvolte kartu SIM"},"sim-picker-button":{"_":"SIM{{ n }}"},"sim-picker-button-default":{"_":"(předvolená)"}}