{"ok":{"_":"OK"},"back":{"_":"Tilbage"},"help":{"_":"Hjælp"},"cancel":{"_":"Annuller"},"close":{"_":"Luk"},"skip":{"_":"Spring over"},"airplaneMode":{"_":"Flytilstand"},"searching":{"_":"Søger…"},"noNetwork":{"_":"Intet netværk"},"roaming":{"_":"{{operator}} (Roaming)"},"emergencyCallsOnly":{"_":"Kun nødopkald"},"emergencyCallsOnly-unknownSIMState":{"_":"(ukendt simtilstand)"},"emergencyCallsOnly-noSIM":{"_":"(intet simkort)"},"emergencyCallsOnly-pinRequired":{"_":"(pinkode for simkort påkrævet)"},"emergencyCallsOnly-pukRequired":{"_":"(PUK-kode for simkort påkrævet)"},"emergencyCallsOnly-networkLocked":{"_":"(netværket er låst)"},"emergencyCallsOnly-serviceProviderLocked":{"_":"(operatøren er låst)"},"emergencyCallsOnly-corporateLocked":{"_":"(låst af operatøren)"},"enterPIN":{"_":"Indtast pinkode"},"statusbarLabel":{"_":"{{date}}, {{operator}}"},"statusbarDateFormat":{"_":"%e. %b"},"notifications":{"_":"Meddelelser"},"clear-all":{"_":"Ryd alle"},"newVoicemails":{"_":"{[ plural(n) ]}","_[zero]":"Ingen nye telefonbeskeder","_[one]":"1 ny telefonbesked","_[two]":"{{n}} nye telefonbeskeder","_[few]":"{{n}} nye telefonbeskeder","_[many]":"{{n}} nye telefonbeskeder","_[other]":"{{n}} nye telefonbeskeder"},"newVoicemailsUnknown":{"_":"Nye telefonbeskeder"},"dialNumber":{"_":"Ring til {{number}}"},"deviceMenu":{"_":"Telefon"},"airplane":{"_":"Aktiver flytilstand"},"airplaneOff":{"_":"Deaktiver flytilstand"},"silent":{"_":"Lydløs ved indkommende opkald"},"normal":{"_":"Ring ved indkommende opkald"},"restart":{"_":"Genstart"},"power":{"_":"Sluk"},"asyncpanzoom":{"_":"Deaktiver APZ for apps"},"asyncpanzoomOff":{"_":"Aktiver APZ for apps"},"enableScreenReaderSteps":{"_":"Tryk på lydstyrke op og herefter tre gange på lydstyrke ned for at aktivere skærmlæseren"},"disableScreenReaderSteps":{"_":"Tryk på lydstyrke op og herefter tre gange på lydstyrke ned for at deaktivere skærmlæseren"},"no-recent-apps":{"_":"Ingen seneste apps"},"yes":{"_":"Ja"},"no":{"_":"Nej"},"deny":{"_":"Afvis"},"allow":{"_":"Tillad"},"dontshare-geolocation":{"_":"Del ikke"},"share-geolocation":{"_":"Del"},"dontshare-audio-capture":{"_":"Del ikke"},"share-audio-capture":{"_":"Del"},"dontshare-video-capture":{"_":"Del ikke"},"share-video-capture":{"_":"Del"},"dontshare-media-capture":{"_":"Del ikke"},"share-media-capture":{"_":"Del"},"device-front":{"_":"Frontkamera"},"device-back":{"_":"Bagsidekamera"},"remember-my-choice":{"_":"Husk mit valg"},"more-info":{"_":"Læs mere…"},"install-app":{"_":"Installer {{name}}?"},"size":{"_":"Størrelse"},"author":{"_":"Udvikler"},"size-unknown":{"_":"Ukendt"},"author-unknown":{"_":"Ukendt"},"install":{"_":"Installer"},"bytes":{"_":"bytes"},"kB":{"_":"kB"},"MB":{"_":"MB"},"GB":{"_":"GB"},"TB":{"_":"TB"},"PB":{"_":"PB"},"app-install-generic-error":{"_":"Hentning af {{ appName }} er stoppet"},"app-install-download-failed":{"_":"Hentning af {{ appName }} mislykkedes"},"app-install-install-failed":{"_":"Installation af {{ appName }} mislykkedes"},"cancelling-will-not-refund":{"_":"Du får ikke pengene tilbage, hvis du annullerer. Hvis du vil have penge tilbage, skal du have dem af sælgeren."},"apps-can-be-installed-later":{"_":"Apps kan installeres senere fra den oprindelige installationskilde."},"are-you-sure-you-want-to-cancel":{"_":"Er du sikker på, at du vil annullere denne installation?"},"cancel-install":{"_":"Annuller"},"resume":{"_":"Genoptag"},"continue":{"_":"Fortsæt"},"stopDownloading":{"_":"Stop hentning af {{ app }}?"},"app-download-can-be-restarted":{"_":"Hentningen kan genstartes senere."},"app-download-stop-button":{"_":"Stop hentning"},"not-enough-space":{"_":"Der er ikke plads nok"},"not-enough-space-message":{"_":"Der er ikke plads nok til at installere denne app. Frigør plads ved at afinstallere ældre apps eller filer, og prøv derefter at installere igen."},"app-install-success":{"_":"{{ appName }} installeret"},"setup":{"_":"Indstillinger"},"ime-addkeyboards":{"_":"Tilføj tastaturer"},"later":{"_":"Senere"},"download":{"_":"Hent"},"wantToDownload":{"_":"Hent opdatering nu?"},"wantToInstall":{"_":"Installer opdatering nu?"},"installNow":{"_":"Installer nu"},"notNow":{"_":"Ikke nu"},"downloadingUpdateMessage":{"innerHTML":"Henter opdateringer… <span>{{ progress }} hentet.</span>"},"downloadingAppMessage":{"_":"Henter {{ appName }}"},"downloadingAppProgressNoMax":{"_":"{{ progress }} hentet"},"downloadingAppProgressIndeterminate":{"_":"Henter"},"downloadingAppProgress":{"_":"{{ progress }} / {{ max }} hentet"},"cancelAllDownloads":{"_":"Annuller alle filhentninger"},"wantToCancelAll":{"_":"Er du sikker på, at du vil annullere alle filhentninger?"},"downloadError":{"_":"Der opstod en fejl ved hentning af opdateringer."},"updateAvailableInfo":{"innerHTML":"{[ plural(n) ]}","innerHTML[one]":"{{ n }} opdatering er tilgængelig. <span>Tryk for mere info.</span>","innerHTML[two]":"{{ n }} opdateringer er tilgængelige. <span>Tryk for mere info.</span>","innerHTML[few]":"{{ n }} opdateringer er tilgængelige. <span>Tryk for mere info.</span>","innerHTML[many]":"{{ n }} opdateringer er tilgængelige. <span>Tryk for mere info.</span>","innerHTML[other]":"{{ n }} opdateringer er tilgængelige. <span>Tryk for mere info.</span>"},"numberOfUpdates":{"_":"{[ plural(n) ]}","_[one]":"{{ n }} opdatering er tilgængelig","_[two]":"{{ n }} opdateringer er tilgængelige","_[few]":"{{ n }} opdateringer er tilgængelige","_[many]":"{{ n }} opdateringer er tilgængelige","_[other]":"{{ n }} opdateringer er tilgængelige"},"systemUpdate":{"_":"Systemopdatering"},"systemUpdateReady":{"_":"Systemopdatering er klar"},"required":{"_":"Påkrævet"},"uncompressingMessage":{"innerHTML":"Udpakker… <span>Dette kan tage nogle minutter.</span>"},"downloadNoWifiWarning":{"_":"Wi-Fi er ikke tilgængelig. Opdatering over din nuværende forbindelse kan resultere i dataafgifter."},"downloadOfflineWarning":{"_":"Forbindelse er ikke tilgængelig. Du skal forbinde til et netværk for at hente opdateringer."},"downloadDataConnectionWarning":{"_":"Opdateringer hentes via dataforbindelsen, hvis Wi-Fi ikke er tilgængelig. Dette kan resultere i dataafgifter."},"downloadUpdatesViaDataConnection":{"_":"Hent opdateringer via dataforbindelsen?"},"downloadUpdatesViaDataConnectionMessage":{"_":"Opdateringer hentes via dataforbindelsen, hvis Wi-Fi ikke er tilgængelig. Når du bruger dataforbindelsen, kan telefonopkald blokeres, og det kan resultere i dataafgifter."},"screenshotSaved":{"_":"Billede gemt til galleriet"},"screenshotFailed":{"_":"Billedet kunne ikke gemmes"},"screenshotNoSDCard":{"_":"Intet hukommelseskort fundet"},"screenshotSDCardInUse":{"_":"Hukommelseskortet er i brug"},"screenshotSDCardLow":{"_":"For lidt plads på hukommelseskortet"},"emergency-call-button":{"_":"Nødopkald"},"emergency-call":{"_":"Nødopkald"},"unlock-a11y-button":{"ariaLabel":"Lås op"},"camera-a11y-button":{"ariaLabel":"Kamera"},"longDateFormat":{"_":"%A d. %e. %B"},"softwareHomeButton":{"ariaLabel":"Hjem"},"login":{"_":"Log ind"},"username":{"_":"Brugernavn"},"password":{"_":"Adgangskode"},"http-authentication-message":{"_":"{{host}} kræver et brugernavn og en adgangskode. Webstedet siger: “{{realm}}”"},"error-message":{"_":"{{name}} indlæses ikke korrekt"},"error-title":{"_":"{{name}} har problemer"},"airplane-is-on":{"_":"Flytilstand er aktiveret"},"airplane-is-turned-on":{"_":"{{name}} kræver en netværksforbindelse. Deaktiver flytilstand og forbind til Wi-Fi eller et datanetværk."},"server-not-found":{"_":"Server ikke fundet"},"server-not-found-error":{"_":"Kan ikke finde serveren på {{name}}."},"network-connection-unavailable":{"_":"Netværksforbindelse er ikke tilgængelig"},"network-error":{"_":"{{name}} kræver en netværksforbindelse. Prøv at forbinde til Wi-Fi eller et datanetværk."},"unable-to-connect":{"_":"Kan ikke oprette forbindelse"},"tap-to-retry":{"_":"Tap to retry"},"try-again":{"_":"Prøv igen"},"select-time":{"_":"Vælg klokkeslæt"},"choose-option":{"_":"Vælg"},"choose-options":{"_":"Vælg"},"select-day":{"_":"Vælg dag"},"battery-almost-empty":{"_":"Batteriet er næsten tomt"},"add-to-home-screen":{"_":"Føj til startskærm"},"crash-dialog2-os":{"_":"{{brandShortName}} blev genstartet efter en fejl"},"crash-dialog-app":{"_":"{{name}} gik ned"},"crash-dialog-message":{"_":"Vil du sende en fejlrapport til Mozilla, så du kan hjælpe os med at rette fejlen? (Rapporter sendes kun over Wi-Fi)."},"crash-info-link":{"_":"Hvad er der i en fejlrapport?"},"crash-always-report":{"_":"Send altid en fejlrapport til Mozilla ved fejl."},"crash-dont-send":{"_":"Send ikke"},"crash-end":{"_":"Send fejlrapport"},"crashReports":{"_":"Fejlrapporter"},"done":{"_":"Færdig"},"crash-reports-description-1":{"_":"En fejlrapport indeholder oplysninger om fejlen og din enhed samt et øjebliksbillede af din enhed da fejlen opstod."},"crash-reports-description-2":{"_":"Dette kan inkludere ting som åbne sider og apps, tekst indtastet i formularer og indhold i åbne mails og beskeder, nylig historik fra browseren eller position som bruges i en åben app."},"crash-reports-description-3-start":{"_":"Vi bruger fejlrapporter til at forbedre vores produkter. Du kan læse, hvordan vi behandler dine informationer, i vores "},"crash-reports-description-3-privacy":{"_":"privatlivspolitik"},"crash-reports-description-3-end":{"_":"."},"crash-banner-os2":{"_":"{{brandShortName}} gik ned."},"crash-banner-app":{"_":"{{name}} gik ned."},"crash-banner-report":{"_":"Rapporter"},"bluetooth-sendingTitle":{"_":"Sending Bluetooth transfer.."},"bluetooth-receivingTitle":{"_":"Receiving Bluetooth transfer.."},"bluetooth-sending-progress":{"_":"Sender Bluetooth-overførsel…"},"bluetooth-receiving-progress":{"_":"Modtager Bluetooth-overførsel…"},"acceptFileTransfer":{"_":"Accepter Bluetooth-filoverførsel?"},"wantToReceiveFile":{"_":"{{deviceName}} vil overføre {{fileName}} ({{fileSize}})."},"transfer-confirmation-title":{"_":"{{deviceName}}"},"transfer-confirmation-description":{"_":"Gennemgå overførselsforespørgslen."},"byteUnit-B":{"_":"Bytes"},"byteUnit-KB":{"_":"KB"},"byteUnit-MB":{"_":"MB"},"byteUnit-GB":{"_":"GB"},"byteUnit-TB":{"_":"TB"},"byteUnit-PB":{"_":"PB"},"byteUnit-EB":{"_":"EB"},"byteUnit-ZB":{"_":"ZB"},"byteUnit-YB":{"_":"YB"},"fileSize":{"_":"{{size}} {{unit}}"},"transfer":{"_":"Overfør"},"cancelFileTransfer":{"_":"Annuller Bluetooth-filoverførsel?"},"transfer-has-started-title":{"_":"Overførslen er startet"},"transfer-has-started-description":{"_":"Se fremgangen i meddelelsescenteret"},"transferFinished-sentSuccessful-title":{"_":"Fil sendt"},"transferFinished-receivedSuccessful-title":{"_":"Fil modtaget"},"transferFinished-sentFailed-title":{"_":"Filen kunne ikke sendes"},"transferFinished-receivedFailed-title":{"_":"Filen kunne ikke modtages"},"transferReport-title":{"_":"Overførselsrapport:"},"transferReport-description":{"_":"{{numSuccessful}} filer blev overført, {{numUnsuccessful}} filer blev ikke overført"},"unknown-file":{"_":"Ukendt fil"},"unknown-device":{"_":"Ukendt enhed"},"cannotOpenFile":{"_":"Kan ikke åbne den modtagede fil"},"unknownMediaTypeToOpen":{"_":"Kan ikke åbne den ukendte filtype:"},"cannotReceiveFile":{"_":"Kan ikke modtage fil"},"cannotGetStorageState":{"_":"Kan ikke hente enhedens lagerstatus."},"sdcard-not-exist2":{"_":"Hukommelseskort ikke fundet. Indsæt et hukommelseskort."},"sdcard-in-use":{"_":"Bluetooth kan ikke bruges, mens telefonen er tilsluttet. Frakobl telefonen for at modtage fil(er)."},"sdcard-no-space2":{"_":"Kan ikke afslutte overførslen. Hukommelseskortet er fyldt op."},"unknown-error":{"_":"Ukendt fejl"},"confirm":{"_":"Bekræft"},"microphone-is-on":{"_":"Mikrofon er tændt"},"camera-is-on":{"_":"Kamera er tændt"},"media-is-on":{"_":"Kamera og mikrofon er tændt"},"noSimCard":{"_":"Intet simkort"},"simPin":{"_":"Pinkode til simkort"},"pukCode":{"_":"PUK-kode"},"nckCode":{"_":"NCK-kode"},"cckCode":{"_":"CCK-kode"},"spckCode":{"_":"SPCK-kode"},"whatIsSimPin":{"_":"Hvad er en sim-pinkode?"},"simPinIntro1":{"_":"Sim-pinkoden forhindrer uvedkommende at bruge simkortet til at gå på netværket. Når pinkoden er aktiveret, skal koden indtastes ved start, før enheden kan bruges - uanset hvilken enhed kortet indsættes i."},"simPinIntro2":{"_":"En sim-pinkode er ikke det samme som en adgangskode til at låse en enhed op."},"changeSimPin":{"_":"Skift pinkode"},"pinTitle":{"_":"Indtast pinkode til simkort"},"multiSIMpinTitle":{"_":"Indtast pinkode til simkort {{n}}"},"pukTitle":{"_":"Indtast PUK-kode"},"nckTitle":{"_":"Indtast NCK-kode"},"cckTitle":{"_":"Indtast CCK-kode"},"spckTitle":{"_":"Indtast SPCK-kode"},"newpinTitle":{"_":"Ny pinkode"},"inputCodeRetriesLeft":{"_":"{[ plural(n) ]}","_[one]":"Sidste forsøg.","_[two]":"{{n}} forsøg tilbage.","_[few]":"{{n}} forsøg tilbage.","_[many]":"{{n}} forsøg tilbage.","_[other]":"{{n}} forsøg tilbage."},"pinErrorMsg":{"_":"Forkert pinkode."},"pinAttemptMsg2":{"_":"{[ plural(n) ]}","_[one]":"Du har 1 forsøg tilbage til at indtaste den korrekte kode, før simkortet låses.","_[two]":"Du har {{n}} forsøg tilbage til at indtaste den korrekte kode, før simkortet låses.","_[few]":"Du har {{n}} forsøg tilbage til at indtaste den korrekte kode, før simkortet låses.","_[many]":"Du har {{n}} forsøg tilbage til at indtaste den korrekte kode, før simkortet låses.","_[other]":"Du har {{n}} forsøg tilbage til at indtaste den korrekte kode, før simkortet låses."},"pinLastChanceMsg":{"_":"Dette er din sidste mulighed for at indtaste den korrekte kode. Ellers låses simkortet, og du skal indtaste PUK-koden for atter at kunne bruge simkortet."},"simCardLockedMsg":{"_":"Simkortet er låst."},"enterPukMsg":{"_":"Du skal indtaste din Personal Unlocking Key (PUK-kode) til simkortet. Tjek dokumentationen for dit simkort, eller kontakt din operatør for yderligere information."},"pukErrorMsg":{"_":"Forkert PUK-kode."},"pukAttemptMsg2":{"_":"{[ plural(n) ]}","_[one]":"Du har 1 forsøg tilbage til at indtaste den korrekte PUK-kode til dette simkort, før kortet låses for bestandigt. Tjek dokumentationen for dit simkort, eller kontakt din operatør for yderligere information.","_[two]":"Du har {{n}} forsøg tilbage til at indtaste den korrekte PUK-kode til dette simkort, før kortet låses for bestandigt. Tjek dokumentationen for dit simkort, eller kontakt din operatør for yderligere information.","_[few]":"Du har {{n}} forsøg tilbage til at indtaste den korrekte PUK-kode til dette simkort, før kortet låses for bestandigt. Tjek dokumentationen for dit simkort, eller kontakt din operatør for yderligere information.","_[many]":"Du har {{n}} forsøg tilbage til at indtaste den korrekte PUK-kode til dette simkort, før kortet låses for bestandigt. Tjek dokumentationen for dit simkort, eller kontakt din operatør for yderligere information.","_[other]":"Du har {{n}} forsøg tilbage til at indtaste den korrekte PUK-kode til dette simkort, før kortet låses for bestandigt. Tjek dokumentationen for dit simkort, eller kontakt din operatør for yderligere information."},"pukLastChanceMsg":{"_":"Dette er din sidste mulighed for at indtaste en korrekt PUK-kode. Hvis du indtaster en forkert PUK-kode, vil dit simkort blive låst for bestandigt. Tjek dokumentationen for dit simkort, eller kontakt din operatør for yderligere information."},"newSimPinMsg":{"_":"Opret en ny pinkode (4 til 8 cifre)"},"confirmNewSimPinMsg":{"_":"Bekræft ny pinkode"},"newPinErrorMsg":{"_":"Pinkoderne er ikke ens."},"nckErrorMsg":{"_":"Forkert NCK-kode."},"nckAttemptMsg2":{"_":"{[ plural(n) ]}","_[one]":"Unlock mislykkedes. Du har 1 forsøg tilbage til at indtaste den korrekte NCK-kode. Tjek dokumentationen for dit simkort, eller kontakt din operatør for yderligere information.","_[two]":"Unlock mislykkedes. Du har {{n}} forsøg tilbage til at indtaste den korrekte NCK-kode. Tjek dokumentationen for dit simkort, eller kontakt din operatør for yderligere information.","_[few]":"Unlock mislykkedes. Du har {{n}} forsøg tilbage til at indtaste den korrekte NCK-kode. Tjek dokumentationen for dit simkort, eller kontakt din operatør for yderligere information.","_[many]":"Unlock mislykkedes. Du har {{n}} forsøg tilbage til at indtaste den korrekte NCK-kode. Tjek dokumentationen for dit simkort, eller kontakt din operatør for yderligere information.","_[other]":"Unlock mislykkedes. Du har {{n}} forsøg tilbage til at indtaste den korrekte NCK-kode. Tjek dokumentationen for dit simkort, eller kontakt din operatør for yderligere information."},"nckLastChanceMsg":{"_":"Unlock mislykkedes. Dette er din sidste mulighed for at indtaste den korrekte NCK-kode. Tjek dokumentationen for dit simkort, eller kontakt din operatør for yderligere information."},"activity-pick":{"_":"Vælg fra:"},"activity-view":{"_":"Vis med:"},"activity-test":{"_":"Test med:"},"activity-share":{"_":"Del med:"},"activity-new":{"_":"Opret med:"},"activity-open":{"_":"Åbn med:"},"activity-save-bookmark":{"_":"Genvej til:"},"activity-record":{"_":"Optag fra:"},"activity-browse":{"_":"Browse med:"},"activity-configure":{"_":"Indstil med:"},"activity-dial":{"_":"Ring fra:"},"persona-signin":{"_":"Log ind"},"payment-flow":{"_":"Køb"},"remoteDebuggerMessage":{"_":"Der er modtaget en anmodning om tilladelse til fjernbetjent fejlfinding. Acceptér anmodningen?"},"fullscreen-request":{"_":"{{origin}} vises nu i fuldskærm."},"captive-wifi-available":{"_":"Netværket {{networkName}} blev fundet. Kobl på netværket?"},"ceWarningtitle":{"_":"Advarsel om lydstyrke"},"ceWarningcontent":{"_":"Undlad at benytte høj lydstyrke i længere tid ad gangen, da det kan forårsage høreskader."},"notification-powersaving-mode-on-title":{"_":"Strømbesparende tilstand"},"notification-powersaving-mode-on-description":{"_":"Strømbesparende tilstand er aktiveret."},"low-device-storage":{"_":"Enhedens lagerplads.\n"},"free-space":{"_":"{[ plural(value) ]}","_[zero]":"Der er ingen ledig lagerplads.","_[one]":"Mindre end {{value}} {{unit}} tilbage.","_[two]":"Mindre end {{value}} {{unit}} tilbage.","_[few]":"Mindre end {{value}} {{unit}} tilbage.","_[many]":"Mindre end {{value}} {{unit}} tilbage.","_[other]":"Mindre end {{value}} {{unit}} tilbage."},"unknown-free-space":{"_":"Ukendt ledig lagerplads."},"system-alert":{"_":"System-advarsel"},"cb-channel":{"_":"Kanal {{channel}}"},"icc-message-title":{"_":"Operatørbesked fra simkort {{id}}"},"icc-confirmCall-defaultmessage":{"_":"Ring til {{number}}?"},"icc-alertMessage-defaultmessage":{"_":"Sender besked"},"icc-confirmMessage-defaultmessage":{"_":"Send besked?"},"icc-inputbox-title":{"_":"STK-forespørgsel fra simkort {{id}}"},"emergency-callback-mode":{"_":"Nødopkald"},"emergency-callback-message":{"_":"Du kan ikke foretage opkald, sende beskeder eller gå på internettet, fordi tilstand til nødopkald er aktiveret. Vil du deaktivere tilstand til nødopkald?"},"cdma-record-info":{"_":"CDMA-information"},"ime-switching-title":{"_":"{{appName}}: {{name}}"},"ime-switching-tip":{"_":"Tryk for at skifte indput-metode"},"layout-selection":{"_":"Valg af layout"},"shrinking-tip":{"_":"Stryg for at dele"},"download_started":{"_":"Hentning startet"},"download_stopped":{"_":"Hentning stoppet"},"download_downloading":{"_":"Henter…"},"download_succeeded":{"_":"Hentning fuldført"},"download_failed":{"_":"Hentning mislykkedes"},"download_text_by_default":{"_":"{{name}}"},"download_downloading_text_2":{"_":"{{percentage}}% - {{name}}"},"search":{"_":"Search"},"search-or-type-address":{"placeholder":"Search or type address"},"noSIMCardInHotspot":{"_":"Der er intet simkort, eller det er isat forkert. Slå hotspot fra"},"emergencyCallsOnly-network1Locked":{"_":"(netværk1 låst)"},"emergencyCallsOnly-network2Locked":{"_":"(netværk2 låst)"},"emergencyCallsOnly-hrpdNetworkLocked":{"_":"(hrpd-netværk låst)"},"emergencyCallsOnly-ruimCorporateLocked":{"_":"(ruim-kort låst)"},"emergencyCallsOnly-ruimServiceProviderLocked":{"_":"(ruim-operatør låst)"},"voicemailNotificationMultiSim":{"_":"(Simkort {{n}}) {{title}}"},"dontallow":{"_":"Tillad ikke"},"hide-info":{"_":"Skjul info"},"cancel-install-button":{"_":"Annuller"},"file-not-found":{"_":"Filen blev ikke fundet"},"file-not-found-error":{"_":"Enheden kan ikke vise denne side, fordi filen ikke kan findes."},"connection-failed":{"_":"Kan ikke forbinde"},"connection-failed-error":{"_":"Der opstod en netværksfejl ved indlæsning af webstedet."},"invalid-connection":{"_":"Kan ikke forbinde"},"invalid-connection-error":{"_":"Der opstod en netværksfejl ved indlæsning af webstedet."},"malformed-uri":{"_":"Ugyldig URL"},"malformed-uri-error":{"_":"Den angivne URL er ugyldig og kan ikke indlæses."},"redirect-loop":{"_":"Kan ikke vise side"},"redirect-loop-error":{"_":"Enheden kan ikke vise denne side, fordi siden ikke viderestiller korrekt. Prøv igen senere."},"not-cached":{"_":"Siden er udløbet"},"not-cached-error":{"_":"Af sikkerhedsgrunde kan siden ikke vises af enheden, fordi siden er udløbet."},"is-printing-error":{"_":"Dokumentet kan ikke ændres, mens der udskrives eller funktionen vis udskrift er aktiv."},"denied-port-access":{"_":"Adressen er blokeret"},"denied-port-access-error":{"_":"Denne adresse benytter en netværksport, der normalt er forbeholdt andre formål. Enheden har annulleret forespørgslen for at beskytte dig."},"proxy-resolve-failure":{"_":"Fejl på proxyserver"},"proxy-resolve-failure-error":{"_":"Enheden er konfigureret til at benytte en proxyserver, der ikke kan findes."},"proxy-connect-failure":{"_":"Fejl på proxyserver"},"proxy-connect-failure-error":{"_":"Enheden er konfigureret til at benytte en proxyserver, der ikke tillader forbindelser."},"content-encoding":{"_":"Siden kan ikke vises"},"content-encoding-error":{"_":"Enheden kan ikke vise siden, fordi der opstod en indholdskodningsfejl."},"remote-xul":{"_":"Ikke understøttet side"},"remote-xul-error":{"_":"Siden kan ikke vises, fordi den bruger en teknologi, som ikke er understøttet på denne enhed."},"phishing-blocked":{"_":"Advarsel"},"phishing-blocked-error":{"_":"Dette websted er blevet rapporteret som en forfalskning med henblik på at narre folk til at oplyse deres personlige eller økonomiske informationer."},"malware-blocked":{"_":"Malware-angreb blokeret"},"malware-blocked-error":{"_":"Dette websted er blevet identificeret som indeholdende malware, og er blevet blokeret af hensyn til din sikkerhed."},"unsafe-content-type":{"_":"Farligt indhold"},"unsafe-content-type-error":{"_":"Denne side kan ikke vises, da det kan være farligt at åbne den."},"corrupted-content":{"_":"Siden kan ikke vises"},"corrupted-content-error":{"_":"Siden kan ikke vises, da der opstod en fejl i overførslen."},"network-error-launching":{"_":"{{name}} kræver en internetforbindelse."},"network-error-in-app":{"_":"Der er ikke forbindelse til internettet."},"check-settings":{"_":"Kontroller indstillingerne"},"tap-to-check-settings":{"_":"Tryk for at kontrollere indstillingerne"},"continueFileTransfer":{"_":"Fortsæt"},"nck1code":{"_":"NCK1-kode"},"nck2code":{"_":"NCK2-kode"},"hnckcode":{"_":"HNCK-kode"},"rcckcode":{"_":"RCCK-kode"},"rspckcode":{"_":"RSPCK-kode"},"nck1Title":{"_":"Indtast NCK1-kode"},"nck2Title":{"_":"Indtast NCK2-kode"},"hnckTitle":{"_":"Indtast HNCK-kode"},"rcckTitle":{"_":"Indtast RCCK-kode"},"rspckTitle":{"_":"Indtast RSPCK-kode"},"search-or-enter-address":{"_":"Søg eller indtast adresse","placeholder":"Søg eller indtast adresse"},"brandShortName":{"_":"B2G OS"},"browserBrandShortName":{"_":"Webbrowser"},"browserBrandFullName":{"_":"Mozilla Webbrowser"},"weekday-0-long":{"_":"Søndag"},"weekday-1-long":{"_":"Mandag"},"weekday-2-long":{"_":"Tirsdag"},"weekday-3-long":{"_":"Onsdag"},"weekday-4-long":{"_":"Torsdag"},"weekday-5-long":{"_":"Fredag"},"weekday-6-long":{"_":"Lørdag"},"weekday-0-short":{"_":"Søn"},"weekday-1-short":{"_":"Man"},"weekday-2-short":{"_":"Tir"},"weekday-3-short":{"_":"Ons"},"weekday-4-short":{"_":"Tor"},"weekday-5-short":{"_":"Fre"},"weekday-6-short":{"_":"Lør"},"month-0-long":{"_":"Januar"},"month-1-long":{"_":"Februar"},"month-2-long":{"_":"Marts"},"month-3-long":{"_":"April"},"month-4-long":{"_":"Maj"},"month-5-long":{"_":"Juni"},"month-6-long":{"_":"Juli"},"month-7-long":{"_":"August"},"month-8-long":{"_":"September"},"month-9-long":{"_":"Oktober"},"month-10-long":{"_":"November"},"month-11-long":{"_":"December"},"month-0-genitive":{"_":"januar"},"month-1-genitive":{"_":"februar"},"month-2-genitive":{"_":"marts"},"month-3-genitive":{"_":"april"},"month-4-genitive":{"_":"maj"},"month-5-genitive":{"_":"juni"},"month-6-genitive":{"_":"juli"},"month-7-genitive":{"_":"august"},"month-8-genitive":{"_":"september"},"month-9-genitive":{"_":"oktober"},"month-10-genitive":{"_":"november"},"month-11-genitive":{"_":"december"},"month-0-short":{"_":"Jan"},"month-1-short":{"_":"Feb"},"month-2-short":{"_":"Mar"},"month-3-short":{"_":"Apr"},"month-4-short":{"_":"Maj"},"month-5-short":{"_":"Jun"},"month-6-short":{"_":"Jul"},"month-7-short":{"_":"Aug"},"month-8-short":{"_":"Sep"},"month-9-short":{"_":"Okt"},"month-10-short":{"_":"Nov"},"month-11-short":{"_":"Dec"},"minutes-ago-long":{"_":"{[ plural(value) ]}","_[zero]":"nu","_[one]":"for et minut siden","_[two]":"for {{value}} minutter siden","_[few]":"for {{value}} minutter siden","_[many]":"for {{value}} minutter siden","_[other]":"for {{value}} minutter siden"},"hours-ago-long":{"_":"{[ plural(value) ]}","_[zero]":"nu","_[one]":"for en time siden","_[two]":"for {{value}} timer siden","_[few]":"for {{value}} timer siden","_[many]":"for {{value}} timer siden","_[other]":"for {{value}} timer siden"},"days-ago-long":{"_":"{[ plural(value) ]}","_[zero]":"i dag","_[one]":"i går","_[two]":"for {{value}} dage siden","_[few]":"for {{value}} dage siden","_[many]":"for {{value}} dage siden","_[other]":"for {{value}} dage siden"},"weeks-ago-long":{"_":"{[ plural(value) ]}","_[zero]":"denne uge","_[one]":"sidste uge","_[two]":"for {{value}} uger siden","_[few]":"for {{value}} uger siden","_[many]":"for {{value}} uger siden","_[other]":"for {{value}} uger siden"},"months-ago-long":{"_":"{[ plural(value) ]}","_[zero]":"denne måned","_[one]":"sidste måned","_[two]":"for {{value}} måneder siden","_[few]":"for {{value}} måneder siden","_[many]":"for {{value}} måneder siden","_[other]":"for {{value}} måneder siden"},"years-ago-long":{"_":"{[ plural(value) ]}","_[zero]":"dette år","_[one]":"sidste år","_[two]":"for {{value}} år siden","_[few]":"for {{value}} år siden","_[many]":"for {{value}} år siden","_[other]":"for {{value}} år siden"},"minutes-until-long":{"_":"{[ plural(value) ]}","_[zero]":"nu","_[one]":"om et minut","_[two]":"om {{value}} minutter","_[few]":"om {{value}} minutter","_[many]":"om {{value}} minutter","_[other]":"om {{value}} minutter"},"hours-until-long":{"_":"{[ plural(value) ]}","_[zero]":"nu","_[one]":"om en time","_[two]":"om {{value}} timer","_[few]":"om {{value}} timer","_[many]":"om {{value}} timer","_[other]":"om {{value}} timer"},"days-until-long":{"_":"{[ plural(value) ]}","_[zero]":"i dag","_[one]":"i morgen","_[two]":"om {{value}} dage","_[few]":"om {{value}} dage","_[many]":"om {{value}} dage","_[other]":"om {{value}} dage"},"weeks-until-long":{"_":"{[ plural(value) ]}","_[zero]":"denne uge","_[one]":"næste uge","_[two]":"om {{value}} uger","_[few]":"om {{value}} uger","_[many]":"om {{value}} uger","_[other]":"om {{value}} uger"},"months-until-long":{"_":"{[ plural(value) ]}","_[zero]":"denne måned","_[one]":"næste måned","_[two]":"om {{value}} måneder","_[few]":"om {{value}} måneder","_[many]":"om {{value}} måneder","_[other]":"om {{value}} måneder"},"years-until-long":{"_":"{[ plural(value) ]}","_[zero]":"i år","_[one]":"næste år","_[two]":"om {{value}} år","_[few]":"om {{value}} år","_[many]":"om {{value}} år","_[other]":"om {{value}} år"},"minutes-ago-short":{"_":"{[ plural(value) ]}","_[zero]":"nu","_[other]":"{{value}}m siden"},"hours-ago-short":{"_":"{[ plural(value) ]}","_[zero]":"nu","_[other]":"{{value}}t siden"},"days-ago-short":{"_":"{[ plural(value) ]}","_[zero]":"i dag","_[other]":"{{value}}d siden"},"minutes-until-short":{"_":"{[ plural(value) ]}","_[zero]":"nu","_[other]":"om {{value}}m"},"hours-until-short":{"_":"{[ plural(value) ]}","_[zero]":"nu","_[other]":"om {{value}}t"},"days-until-short":{"_":"{[ plural(value) ]}","_[zero]":"i dag","_[other]":"om {{value}}d"},"incorrectDate":{"_":"(forkert dato)"},"dateTimeFormat_%c":{"_":"%a d. %e. %b %Y %H:%M:%S"},"dateTimeFormat_%x":{"_":"%d-%m-%Y"},"dateTimeFormat_%X":{"_":"%H:%M:%S"},"shortTimeFormat":{"_":"%H:%M"},"shortDateTimeFormat":{"_":"%x %H:%M"},"weekStartsOnMonday":{"_":"1"},"time_am":{"_":"AM"},"time_pm":{"_":"PM"},"perm-contacts":{"_":"Kontakter"},"perm-contacts-appRequest":{"_":"{{app}} vil have adgang til dine kontakter."},"perm-contacts-webRequest":{"_":"{{site}} vil have adgang til dine kontakter."},"perm-desktop-notification":{"_":"Meddelelser"},"perm-desktop-notification-appRequest":{"_":"{{app}} vil have lov at vise meddelelser."},"perm-desktop-notification-webRequest":{"_":"{{site}} vil have lov at vise meddelelser."},"perm-device-storage-music":{"_":"Musik"},"perm-device-storage-music-appRequest":{"_":"{{app}} vil have adgang til din musik."},"perm-device-storage-music-webRequest":{"_":"{{site}} vil have adgang til din musik."},"perm-device-storage-pictures":{"_":"Billeder"},"perm-device-storage-pictures-appRequest":{"_":"{{app}} vil have adgang til dine billeder."},"perm-device-storage-pictures-webRequest":{"_":"{{site}} vil have adgang til dine billeder."},"perm-device-storage-sdcard":{"_":"Hukommelseskort"},"perm-device-storage-sdcard-appRequest":{"_":"{{app}} vil have adgang til dit hukommelseskort."},"perm-device-storage-sdcard-webRequest":{"_":"{{site}} vil have adgang til dit hukommelseskort."},"perm-device-storage-videos":{"_":"Video"},"perm-device-storage-videos-appRequest":{"_":"{{app}} vil have adgang til dine videoer."},"perm-device-storage-videos-webRequest":{"_":"{{site}} vil have adgang til dine videoer."},"perm-fmradio":{"_":"FM-radio"},"perm-fmradio-appRequest":{"_":"{{app}} vil have adgang til din FM-radio."},"perm-fmradio-webRequest":{"_":"{{site}} vil have adgang til din FM-radio."},"perm-geolocation":{"_":"Position"},"perm-geolocation-appRequest":{"_":"Vil du dele din position med {{app}}?"},"perm-geolocation-webRequest":{"_":"Vil du dele din position med {{site}}?"},"perm-geolocation-more-info":{"_":"{{brandShortName}} bruger data som fx GPS, Wi-Fi og mobile netværk i nærheden til at fastsætte din omtrentlige position. Data sendes til Mozilla og andre tjenesteudbydere og vil blive brugt til at forbedre positionsdatabaserne. Data kan blive gemt på din enhed og indsamling af data kan ske, selvom du ikke har apps kørende."},"perm-video-capture":{"_":"Kamera"},"perm-video-capture-appRequest":{"_":"Vil du dele dit kamera med {{app}}?"},"perm-video-capture-webRequest":{"_":"Vil du dele dit kamera med {{site}}?"},"perm-audio-capture":{"_":"Mikrofon"},"perm-audio-capture-appRequest":{"_":"Vil du dele din mikrofon med {{app}}?"},"perm-audio-capture-webRequest":{"_":"Vil du dele din mikrofon med {{site}}?"},"perm-media-capture":{"_":"Kamera og mikrofon"},"perm-media-capture-appRequest":{"_":"Vil du dele dit kamera og din mikrofon med {{app}}?"},"perm-media-capture-webRequest":{"_":"Vil du dele dit kamera og din mikrofon med {{site}}?"},"stopped_download_title":{"_":"Hentning stoppet"},"stopped_download_message":{"_":"Hentning blev stoppet. Prøv at hente igen?"},"stopped_download_left_button":{"_":"Annuller"},"stopped_download_right_button":{"_":"Prøv igen"},"failed_download_title":{"_":"Hentning mislykkedes"},"failed_download_message":{"_":"{{name}} kunne ikke hentes. Prøv at hente igen?"},"failed_download_left_button":{"_":"Annuller"},"failed_download_right_button":{"_":"Prøv igen"},"stop_download_title":{"_":"Stop hentning"},"stop_download_message":{"_":"Er du sikker på, at du vil stoppe hentningen?"},"stop_download_left_button":{"_":"Nej"},"stop_download_right_button":{"_":"Ja"},"delete_download_title":{"_":"Slet"},"delete_download_message":{"_":"Slet {{name}}?"},"delete_download_left_button":{"_":"Annuller"},"delete_download_right_button":{"_":"Slet"},"delete_all_download_title":{"_":"Slet"},"delete_all_download_left_button":{"_":"Annuller"},"delete_all_download_right_button":{"_":"Slet"},"delete_all_download_message":{"_":"{[ plural(number) ]}","_[zero]":"Slet ikke nogen filer?","_[one]":"Slet 1 fil?","_[two]":"Slet {{number}} filer?","_[few]":"Slet {{number}} filer?","_[many]":"Slet {{number}} filer?","_[other]":"Slet {{number}} filer?"},"unsupported_file_type_download_title":{"_":"Kunne ikke åbnes"},"unsupported_file_type_download_message":{"_":"Der er ikke nogen app der kan åbne {{name}}. Vil du beholde filen eller slette den?"},"unsupported_file_type_download_left_button":{"_":"Behold fil"},"unsupported_file_type_download_right_button":{"_":"Slet"},"file_not_found_download_title":{"_":"Fil ikke fundet"},"file_not_found_download_message":{"_":"Filen blev ikke fundet på enheden"},"file_not_found_download_right_button":{"_":"OK"},"unmounted_sdcard_2_download_title":{"_":"Hukommelseskortet er i brug"},"unmounted_sdcard_2_download_message":{"_":"Afkobl enheden"},"unmounted_sdcard_2_download_right_button":{"_":"OK"},"no_provider_download_title":{"_":"Kunne ikke dele"},"no_provider_download_message":{"_":"Operatør ikke fundet"},"no_provider_download_right_button":{"_":"OK"},"no_memory_download_title":{"_":"SD-kortet er fuldt"},"no_memory_download_message":{"_":"Der er ikke mere plads på SD-kortet til at gemme din filhentning. Slet nogle filer, før du genstarter filhentningen."},"no_memory_download_right_button":{"_":"OK"},"no_sdcard_found_2_download_title":{"_":"Hukommelseskort ikke fundet"},"no_sdcard_found_2_download_message":{"_":"Indsæt hukommelseskort eller vælg en anden standardplacering af mediefiler under indstillinger"},"no_sdcard_found_2_download_right_button":{"_":"OK"},"file_open_error_download_title":{"_":"Kunne ikke åbnes"},"file_open_error_download_message":{"_":"Der er et problem med at åbne {{name}}. Vil du beholde filen eller slette den?"},"file_open_error_download_left_button":{"_":"Behold fil"},"file_open_error_download_right_button":{"_":"Slet"},"restart_download_error":{"_":"Der opstod en fejl under genstart af hentningen. Prøv at hente igen."},"no-downloads":{"_":"Ingen filhentninger"},"percentage":{"_":"{{percentage}} %"},"partialResult":{"_":"{{partial}} af {{total}}"},"summary":{"_":"{{date}} - {{status}}"},"download-stopped":{"_":"Stoppet"},"download-failed":{"_":"Hentning mislykkedes"},"open_downloaded_file":{"_":"Åbn"},"share_downloaded_file":{"_":"Del"},"wallpaper_downloaded_file":{"_":"Brug som baggrundsbillede"},"ringtone_downloaded_file":{"_":"Brug som ringetone"},"cancel_downloaded_file":{"_":"Annuller"},"sim-picker-dial-via-with-number":{"_":"Ring til {{ phoneNumber }} via"},"sim-picker-select-sim":{"_":"Vælg simkort"},"sim-picker-button":{"_":"Simkort{{ n }}"},"sim-picker-button-default":{"_":"(standard)"}}