{"ok":{"_":"OK"},"back":{"_":"Zurück"},"help":{"_":"Hilfe"},"cancel":{"_":"Abbrechen"},"close":{"_":"Schließen"},"skip":{"_":"Überspringen"},"airplaneMode":{"_":"Flugmodus"},"searching":{"_":"Suche läuft…"},"noNetwork":{"_":"Kein Mobilfunknetz"},"roaming":{"_":"{{operator}} (Roaming)"},"emergencyCallsOnly":{"_":"Nur Notrufe"},"emergencyCallsOnly-unknownSIMState":{"_":"(unbekannter Zustand der SIM-Karte)"},"emergencyCallsOnly-noSIM":{"_":"(keine SIM-Karte)"},"emergencyCallsOnly-pinRequired":{"_":"(SIM-PIN benötigt)"},"emergencyCallsOnly-pukRequired":{"_":"(SIM-PUK benötigt)"},"emergencyCallsOnly-networkLocked":{"_":"(Mobilfunknetz gesperrt)"},"emergencyCallsOnly-serviceProviderLocked":{"_":"(Mobilfunkanbieter gesperrt)"},"emergencyCallsOnly-corporateLocked":{"_":"(Unternehmen gesperrt)"},"enterPIN":{"_":"PIN eingeben"},"statusbarLabel":{"_":"{{date}}, {{operator}}"},"statusbarDateFormat":{"_":"%e. %B"},"notifications":{"_":"Benachrichtigungen"},"clear-all":{"_":"Alle löschen"},"newVoicemails":{"_":"{[ plural(n) ]}","_[zero]":"Keine neuen Mailbox-Nachrichten","_[one]":"Eine neue Mailbox-Nachricht","_[two]":"{{n}} neue Mailbox-Nachrichten","_[few]":"{{n}} neue Mailbox-Nachrichten","_[many]":"{{n}} neue Mailbox-Nachrichten","_[other]":"{{n}} neue Mailbox-Nachrichten"},"newVoicemailsUnknown":{"_":"Neue Mailbox-Nachrichten"},"dialNumber":{"_":"{{number}} wählen"},"deviceMenu":{"_":"Telefon"},"airplane":{"_":"Flugmodus starten"},"airplaneOff":{"_":"Flugmodus beenden"},"silent":{"_":"Lautlos schalten"},"normal":{"_":"Ton einschalten"},"restart":{"_":"Neu starten"},"power":{"_":"Ausschalten"},"asyncpanzoom":{"_":"Asynchrones Zoomen für Apps deaktivieren"},"asyncpanzoomOff":{"_":"Asynchrones Zoomen für Apps aktivieren"},"enableScreenReaderSteps":{"_":"Um die Sprachausgabe zu aktivieren, drücken Sie die Tasten \"lauter\" und \"leiser\" abwechselnd je drei Mal."},"disableScreenReaderSteps":{"_":"Um die Sprachausgabe zu deaktivieren, drücken Sie die Tasten \"lauter\" und \"leiser\" abwechselnd je drei Mal."},"no-recent-apps":{"_":"Keine kürzlich verwendeten Apps"},"yes":{"_":"Ja"},"no":{"_":"Nein"},"deny":{"_":"Ablehnen"},"allow":{"_":"Erlauben"},"dontshare-geolocation":{"_":"Nicht teilen"},"share-geolocation":{"_":"Teilen"},"dontshare-audio-capture":{"_":"Nicht teilen"},"share-audio-capture":{"_":"Teilen"},"dontshare-video-capture":{"_":"Nicht teilen"},"share-video-capture":{"_":"Teilen"},"dontshare-media-capture":{"_":"Nicht teilen"},"share-media-capture":{"_":"Teilen"},"device-front":{"_":"Kamera Vorderseite"},"device-back":{"_":"Kamera Rückseite"},"remember-my-choice":{"_":"Entscheidung merken"},"more-info":{"_":"Weitere Informationen…"},"install-app":{"_":"{{name}} installieren?"},"size":{"_":"Größe"},"author":{"_":"Autor"},"size-unknown":{"_":"Unbekannt"},"author-unknown":{"_":"Unbekannt"},"install":{"_":"Installieren"},"bytes":{"_":"Bytes"},"kB":{"_":"kB"},"MB":{"_":"MB"},"GB":{"_":"GB"},"TB":{"_":"TB"},"PB":{"_":"PB"},"app-install-generic-error":{"_":"Download von {{ appName }} angehalten"},"app-install-download-failed":{"_":"Download von {{ appName }} fehlgeschlagen"},"app-install-install-failed":{"_":"Installation von {{ appName }} fehlgeschlagen"},"cancelling-will-not-refund":{"_":"Das Abbrechen führt nicht zur Rückzahlung eines Einkaufs. Rückzahlungen für Bezahlinhalte werden durch den ursprünglichen Verkäufer geregelt."},"apps-can-be-installed-later":{"_":"Apps können später von der ursprünglichen Installationsquelle installiert werden."},"are-you-sure-you-want-to-cancel":{"_":"Soll diese Installation wirklich abgebrochen werden?"},"cancel-install":{"_":"Abbrechen"},"resume":{"_":"Fortsetzen"},"continue":{"_":"Fortsetzen"},"stopDownloading":{"_":"Download von {{ app }} anhalten?"},"app-download-can-be-restarted":{"_":"Der Download kann später neu gestartet werden."},"app-download-stop-button":{"_":"Download anhalten"},"not-enough-space":{"_":"Nicht genügend Speicherplatz"},"not-enough-space-message":{"_":"Für die Installation dieser App steht nicht genügend Speicherplatz zur Verfügung. Bitte stellen Sie durch das Löschen alter Apps oder Mediendateien Speicherplatz zur Verfügung und versuchen Sie anschließend erneut die Installation von der ursprünglichen Quelle."},"app-install-success":{"_":"{{ appName }} wurde installiert"},"setup":{"_":"Einrichtung"},"ime-addkeyboards":{"_":"Tastaturen hinzufügen"},"later":{"_":"Später"},"download":{"_":"Herunterladen"},"wantToDownload":{"_":"Update jetzt herunterladen?"},"wantToInstall":{"_":"Update jetzt installieren?"},"installNow":{"_":"Jetzt installieren"},"notNow":{"_":"Nicht jetzt"},"downloadingUpdateMessage":{"innerHTML":"Updates werden heruntergeladen…<span>{{ progress }} heruntergeladen</span>"},"downloadingAppMessage":{"_":"{{ appName }} wird heruntergeladen"},"downloadingAppProgressNoMax":{"_":"{{ progress }} heruntergeladen"},"downloadingAppProgressIndeterminate":{"_":"Wird heruntergeladen"},"downloadingAppProgress":{"_":"{{ progress }} / {{ max }} heruntergeladen"},"cancelAllDownloads":{"_":"Alle Downloads abbrechen"},"wantToCancelAll":{"_":"Sollen wirklich alle Downloads abgebrochen werden?"},"downloadError":{"_":"Beim Herunterladen der Updates trat ein Fehler auf."},"updateAvailableInfo":{"innerHTML":"{[ plural(n) ]}","innerHTML[one]":"{{ n }} Update verfügbar <span>Für weitere Informationen antippen</span>","innerHTML[two]":"{{ n }} Updates verfügbar <span>Für weitere Informationen antippen</span>","innerHTML[few]":"{{ n }} Updates verfügbar <span>Für weitere Informationen antippen</span>","innerHTML[many]":"{{ n }} Updates verfügbar <span>Für weitere Informationen antippen</span>","innerHTML[other]":"{{ n }} Updates verfügbar <span>Für weitere Informationen antippen</span>"},"numberOfUpdates":{"_":"{[ plural(n) ]}","_[one]":"{{ n }} Update verfügbar","_[two]":"{{ n }} Updates verfügbar","_[few]":"{{ n }} Updates verfügbar","_[many]":"{{ n }} Updates verfügbar","_[other]":"{{ n }} Updates verfügbar"},"systemUpdate":{"_":"Systemupdate"},"systemUpdateReady":{"_":"Systemupdate bereit"},"required":{"_":"Benötigt"},"uncompressingMessage":{"innerHTML":"Wird entpackt…<span>Dies kann einige Minuten dauern.</span>"},"downloadNoWifiWarning":{"_":"WLAN nicht verfügbar. Update über derzeitige Verbindung kann zusätzliche Gebühren verursachen."},"downloadOfflineWarning":{"_":"Verbindung nicht verfügbar. Stellen Sie eine Verbindung mit einem Netzwerk her, um Updates herunterzuladen."},"downloadDataConnectionWarning":{"_":"Updates werden über eine Datenverbindung heruntergeladen, falls kein WLAN verfügbar ist. Es können zusätzliche Kosten anfallen."},"downloadUpdatesViaDataConnection":{"_":"Updates über Datenverbindung herunterladen?"},"downloadUpdatesViaDataConnectionMessage":{"_":"Updates werden über eine Datenverbindung heruntergeladen, falls kein WLAN verfügbar ist. Während der Nutzung einer Datenverbindung werden Anrufe eventuell abgewiesen und es können zusätzliche Kosten anfallen."},"screenshotSaved":{"_":"Bildschirmfoto in Galerie gespeichert"},"screenshotFailed":{"_":"Bildschirmfoto konnte nicht gespeichert werden"},"screenshotNoSDCard":{"_":"Keine Speicherkarte eingelegt"},"screenshotSDCardInUse":{"_":"Speicherkarte in Benutzung"},"screenshotSDCardLow":{"_":"Nicht genügend Speicher auf der Speicherkarte"},"emergency-call-button":{"_":"Notruf"},"emergency-call":{"_":"Notruf"},"unlock-a11y-button":{"ariaLabel":"Entsperren"},"camera-a11y-button":{"ariaLabel":"Kamera"},"longDateFormat":{"_":"%A, %e. %B"},"softwareHomeButton":{"ariaLabel":"Startbildschirm"},"login":{"_":"Anmelden"},"username":{"_":"Benutzername"},"password":{"_":"Passwort"},"http-authentication-message":{"_":"{{host}} verlangt einen Benutzernamen und ein Passwort. Die Seite sagt: „{{realm}}“"},"error-message":{"_":"Diese App konnte nicht korrekt geladen werden."},"error-title":{"_":"Diese App hat Probleme."},"airplane-is-on":{"_":"Flugmodus ist aktiv"},"airplane-is-turned-on":{"_":"{{name}} erfordert eine Netzverbindung. Deaktivieren Sie den Flugmodus in den Einstellungen und verbinden Sie über WLAN oder ein Mobilfunknetz."},"server-not-found":{"_":"Server nicht gefunden"},"server-not-found-error":{"_":"Server {{name}} wurde nicht gefunden."},"network-connection-unavailable":{"_":"Kein Netz verfügbar"},"network-error":{"_":"{{name}} erfordert eine Netzverbindung. Versuchen Sie mit einem WLAN-Netzwerk oder einem Mobilfunknetz zu verbinden."},"unable-to-connect":{"_":"Verbindung fehlgeschlagen"},"tap-to-retry":{"_":"Zum neu Versuchen antippen"},"try-again":{"_":"Neu versuchen"},"select-time":{"_":"Zeit auswählen"},"choose-option":{"_":"Auswählen"},"choose-options":{"_":"Auswählen"},"select-day":{"_":"Tag auswählen"},"battery-almost-empty":{"_":"Batterie fast leer"},"add-to-home-screen":{"_":"Zum Startbildschirm hinzufügen"},"crash-dialog2-os":{"_":"{{brandShortName}} wurde gerade nach einem Absturz neu gestartet"},"crash-dialog-app":{"_":"{{name}} stürzte eben ab"},"crash-dialog-message":{"_":"Wollen Sie einen Absturzbericht an Mozilla senden, um uns beim Beheben des Problems zu helfen? (Absturzberichte werden nur über WLAN versandt.)"},"crash-info-link":{"_":"Was befindet sich in einem Absturzbericht?"},"crash-always-report":{"_":"Bei einem Absturz immer einen Bericht an Mozilla senden"},"crash-dont-send":{"_":"Nicht senden"},"crash-end":{"_":"Bericht senden"},"crashReports":{"_":"Absturzberichte"},"done":{"_":"Fertig"},"crash-reports-description-1":{"_":"Ein Absturzbericht enthält einige Informationen über den Absturz und Ihr Gerät sowie eine Abbildung des Softwarezustandes Ihres Geräts während des Absturzes."},"crash-reports-description-2":{"_":"Dies können Informationen wie offene Internetseiten und Anwendungen, in Formulare getippter Text und der Inhalt geöffneter Nachrichten, die neueste Chronik oder Ihr Standpunkt sein, falls dieser von einer geöffneten App abgerufen wurde."},"crash-reports-description-3-start":{"_":"Wir verwenden Absturzberichte um zu versuchen, diese Probleme zu beheben und unsere Produkte zu verbessern. Wir verwenden die Informationen wie in unserer "},"crash-reports-description-3-privacy":{"_":"Datenschutzerklärung "},"crash-reports-description-3-end":{"_":"beschrieben."},"crash-banner-os2":{"_":"{{brandShortName}} ist eben abgestürzt."},"crash-banner-app":{"_":"{{name}} ist eben abgestürzt."},"crash-banner-report":{"_":"Bericht"},"bluetooth-sendingTitle":{"_":"Ausgehender Bluetooth-Dateitransfer…"},"bluetooth-receivingTitle":{"_":"Eingehender Bluetooth-Dateitransfer…"},"bluetooth-sending-progress":{"_":"Ausgehender Bluetooth-Dateitransfer…"},"bluetooth-receiving-progress":{"_":"Eingehender Bluetooth-Dateitransfer…"},"acceptFileTransfer":{"_":"Bluetooth-Dateitransfer annehmen?"},"wantToReceiveFile":{"_":"{{deviceName}} will {{fileName}} ({{fileSize}}) übertragen."},"transfer-confirmation-title":{"_":"{{deviceName}}"},"transfer-confirmation-description":{"_":"Übertragungsanfrage ansehen"},"byteUnit-B":{"_":"Bytes"},"byteUnit-KB":{"_":"KB"},"byteUnit-MB":{"_":"MB"},"byteUnit-GB":{"_":"GB"},"byteUnit-TB":{"_":"TB"},"byteUnit-PB":{"_":"PB"},"byteUnit-EB":{"_":"EB"},"byteUnit-ZB":{"_":"ZB"},"byteUnit-YB":{"_":"YB"},"fileSize":{"_":"{{size}} {{unit}}"},"transfer":{"_":"Übertragen"},"cancelFileTransfer":{"_":"Bluetooth-Dateitransfers abbrechen?"},"transfer-has-started-title":{"_":"Die Übertragung wurde gestartet"},"transfer-has-started-description":{"_":"Fortschritt ansehen"},"transferFinished-sentSuccessful-title":{"_":"Datei gesendet"},"transferFinished-receivedSuccessful-title":{"_":"Datei empfangen"},"transferFinished-sentFailed-title":{"_":"Datei konnte nicht gespeichert werden"},"transferFinished-receivedFailed-title":{"_":"Datei konnte nicht empfangen werden"},"transferReport-title":{"_":"Übertragungsbericht:"},"transferReport-description":{"_":"{{numSuccessful}} Dateien erfolgreich, {{numUnsuccessful}} Dateien fehlgeschlagen"},"unknown-file":{"_":"Unbekannte Datei"},"unknown-device":{"_":"Unbekanntes Gerät"},"cannotOpenFile":{"_":"Kann Datei nicht öffnen"},"unknownMediaTypeToOpen":{"_":"Kann unbekannten Medientyp nicht öffnen:"},"cannotReceiveFile":{"_":"Kann Datei nicht empfangen"},"cannotGetStorageState":{"_":"Kann den Zustand des Gerätespeichers nicht abrufen"},"sdcard-not-exist2":{"_":"Keine Speicherkarte gefunden. Bitte legen Sie eine Speicherkarte ein."},"sdcard-in-use":{"_":"Bluetooth kann nicht verwendet werden, während das Telefon angesteckt ist. Bitte ziehen Sie das Telefon ab, um Dateien zu empfangen."},"sdcard-no-space2":{"_":"Dateitransfer konnte nicht fertiggestellt werden: Speicherkarte ist voll."},"unknown-error":{"_":"Unbekannter Fehler"},"confirm":{"_":"OK"},"microphone-is-on":{"_":"Mikrofon ist aktiv"},"camera-is-on":{"_":"Kamera ist aktiv"},"media-is-on":{"_":"Kamera & Mikrofon sind aktiv"},"noSimCard":{"_":"Keine SIM-Karte"},"simPin":{"_":"SIM-PIN"},"pukCode":{"_":"PUK-Code"},"nckCode":{"_":"NCK-Code"},"cckCode":{"_":"CCK-Code"},"spckCode":{"_":"SPCK-Code"},"whatIsSimPin":{"_":"Was ist eine SIM-PIN?"},"simPinIntro1":{"_":"Eine SIM-PIN verhindert den Zugriff auf die SIM-Karte von Mobilfunknetzen. Wenn sie aktiviert ist, wird jedes Gerät mit dieser SIM-Karte beim Neustart die PIN abfragen."},"simPinIntro2":{"_":"Eine SIM-PIN ist etwas anderes als der Zugangscode, mit dem das Gerät entsperrt wird."},"changeSimPin":{"_":"PIN ändern"},"pinTitle":{"_":"SIM-PIN eingeben"},"multiSIMpinTitle":{"_":"SIM-{{n}}-PIN eingeben"},"pukTitle":{"_":"PUK eingeben"},"nckTitle":{"_":"NCK-Code eingeben"},"cckTitle":{"_":"CCK-Code eingeben"},"spckTitle":{"_":"SPCK-Code eingeben"},"newpinTitle":{"_":"Neue PIN"},"inputCodeRetriesLeft":{"_":"{[ plural(n) ]}","_[one]":"Letzter Versuch","_[two]":"{{n}} Versuche verbleibend","_[few]":"{{n}} Versuche verbleibend","_[many]":"{{n}} Versuche verbleibend","_[other]":"{{n}} Versuche verbleibend"},"pinErrorMsg":{"_":"Die PIN war falsch."},"pinAttemptMsg2":{"_":"{[ plural(n) ]}","_[one]":"Sie haben noch einen Versuch, um den richtigen Code einzugeben, bevor die SIM-Karte gesperrt wird.","_[two]":"Sie haben noch {{n}} Versuche, um den richtigen Code einzugeben, bevor die SIM-Karte gesperrt wird.","_[few]":"Sie haben noch {{n}} Versuche, um den richtigen Code einzugeben, bevor die SIM-Karte gesperrt wird.","_[many]":"Sie haben noch {{n}} Versuche, um den richtigen Code einzugeben, bevor die SIM-Karte gesperrt wird.","_[other]":"Sie haben noch {{n}} Versuche, um den richtigen Code einzugeben, bevor die SIM-Karte gesperrt wird."},"pinLastChanceMsg":{"_":"Dies ist Ihre letzte Möglichkeit, die korrekte PIN einzugeben. Ansonsten müssen Sie den PUK-Code eingeben, um diese SIM-Karte zu verwenden."},"simCardLockedMsg":{"_":"Die SIM-Karte ist gesperrt."},"enterPukMsg":{"_":"Sie müssen den persönlichen Entsperrschlüssel (PUK-Code) für die SIM-Karte eingeben. Sehen Sie in der Dokumentation Ihrer SIM-Karte nach oder wenden Sie sich an Ihren Mobilfunkbetreiber, um weitere Informationen zu erhalten."},"pukErrorMsg":{"_":"Der PUK-Code ist falsch."},"pukAttemptMsg2":{"_":"{[ plural(n) ]}","_[one]":"Sie haben noch einen Versuch, um den richtigen Code einzugeben, bevor diese SIM-Karte dauerhaft unbenutzbar wird. Sehen Sie in Ihrer SIM-Karten-Dokumentation nach oder wenden Sie sich an Ihren Mobilfunkbetreiber, um weitere Informationen zu erhalten.","_[two]":"Sie haben noch {{n}} Versuche, um den richtigen Code einzugeben, bevor diese SIM-Karte dauerhaft unbenutzbar wird. Sehen Sie in Ihrer SIM-Karten-Dokumentation nach oder wenden Sie sich an Ihren Mobilfunkbetreiber, um weitere Informationen zu erhalten.","_[few]":"Sie haben noch {{n}} Versuche, um den richtigen Code einzugeben, bevor diese SIM-Karte dauerhaft unbenutzbar wird. Sehen Sie in Ihrer SIM-Karten-Dokumentation nach oder wenden Sie sich an Ihren Mobilfunkbetreiber, um weitere Informationen zu erhalten.","_[many]":"Sie haben noch {{n}} Versuche, um den richtigen Code einzugeben, bevor diese SIM-Karte dauerhaft unbenutzbar wird. Sehen Sie in Ihrer SIM-Karten-Dokumentation nach oder wenden Sie sich an Ihren Mobilfunkbetreiber, um weitere Informationen zu erhalten.","_[other]":"Sie haben noch {{n}} Versuche, um den richtigen Code einzugeben, bevor diese SIM-Karte dauerhaft unbenutzbar wird. Sehen Sie in Ihrer SIM-Karten-Dokumentation nach oder wenden Sie sich an Ihren Mobilfunkbetreiber, um weitere Informationen zu erhalten."},"pukLastChanceMsg":{"_":"Letzte Chance, um den korrekten PUK-Code einzugeben. Ihre SIM-Karte wird dauerhaft unbenutzbar, wenn Sie einen falschen PUK-Code eingeben. Sehen Sie in Ihrer SIM-Karten-Dokumentation nach oder wenden Sie sich an Ihren Mobilfunkbetreiber, um weitere Informationen zu erhalten."},"newSimPinMsg":{"_":"PIN erstellen (muss zwischen 4 und 8 Zeichen enthalten)"},"confirmNewSimPinMsg":{"_":"Neue PIN bestätigen"},"newPinErrorMsg":{"_":"PINs stimmen nicht überein."},"nckErrorMsg":{"_":"Der NCK-Code ist falsch."},"nckAttemptMsg2":{"_":"{[ plural(n) ]}","_[one]":"Netzwerkdepersonalisierungsanfrage schlug fehl. Sie haben einen Versuch, um den richtigen Code einzugeben. Sehen Sie in der Dokumentation Ihre Gerätes nach oder wenden Sie sich an Ihren Mobilfunkbetreiber.","_[two]":"Netzwerkdepersonalisierungsanfrage schlug fehl. Sie haben {{n}} Versuche, um den richtigen Code einzugeben. Sehen Sie in der Dokumentation Ihre Gerätes nach oder wenden Sie sich an Ihren Mobilfunkbetreiber.","_[few]":"Netzwerkdepersonalisierungsanfrage schlug fehl. Sie haben {{n}} Versuche, um den richtigen Code einzugeben. Sehen Sie in der Dokumentation Ihre Gerätes nach oder wenden Sie sich an Ihren Mobilfunkbetreiber.","_[many]":"Netzwerkdepersonalisierungsanfrage schlug fehl. Sie haben {{n}} Versuche, um den richtigen Code einzugeben. Sehen Sie in der Dokumentation Ihre Gerätes nach oder wenden Sie sich an Ihren Mobilfunkbetreiber.","_[other]":"Netzwerkdepersonalisierungsanfrage schlug fehl. Sie haben {{n}} Versuche, um den richtigen Code einzugeben. Sehen Sie in der Dokumentation Ihre Gerätes nach oder wenden Sie sich an Ihren Mobilfunkbetreiber."},"nckLastChanceMsg":{"_":"Aufheben der Mobilfunknetzvorgabe war nicht erfolgreich. Dies ist der letzte Versuch, um den richtigen Code einzugeben. Sehen Sie in der Dokumentation Ihre Gerätes nach oder wenden Sie sich an Ihren Mobilfunkbetreiber."},"activity-pick":{"_":"Auswählen:"},"activity-view":{"_":"Anzeigen mit"},"activity-test":{"_":"Testen mit"},"activity-share":{"_":"Teilen mit"},"activity-new":{"_":"Erstellen mit"},"activity-open":{"_":"Öffnen mit"},"activity-save-bookmark":{"_":"Als Lesezeichen hinzufügen mit"},"activity-record":{"_":"Aufnehmen mit"},"activity-browse":{"_":"Durchsuchen mit"},"activity-configure":{"_":"Konfigurieren mit"},"activity-dial":{"_":"Anrufen aus"},"persona-signin":{"_":"Anmelden"},"payment-flow":{"_":"Kaufen"},"remoteDebuggerMessage":{"_":"Es wurde eine eingehende Verbindung mit einer Anfrage für Netzwerk-Debugging erkannt. Verbindung erlauben?"},"fullscreen-request":{"_":"{{origin}} ist jetzt im Vollbildmodus."},"captive-wifi-available":{"_":"Es wurde das WLAN {{networkName}} gefunden. Verbinden?"},"ceWarningtitle":{"_":"Lautstärkewarnung"},"ceWarningcontent":{"_":"Um Hörschäden zu vermeiden, sollten Sie hohe Lautstärken nicht zu lang verwenden."},"notification-powersaving-mode-on-title":{"_":"Energiesparmodus"},"notification-powersaving-mode-on-description":{"_":"Energiesparmodus ist aktiv"},"low-device-storage":{"_":"Wenig Speicherplatz frei.\n"},"free-space":{"_":"{[ plural(value) ]}","_[zero]":"Kein freier Speicherplatz","_[one]":"Weniger als {{value}} {{unit}} verbleibend","_[two]":"Weniger als {{value}} {{unit}} verbleibend","_[few]":"Weniger als {{value}} {{unit}} verbleibend","_[many]":"Weniger als {{value}} {{unit}} verbleibend","_[other]":"Weniger als {{value}} {{unit}} verbleibend"},"unknown-free-space":{"_":"Verbleibender Speicherplatz unbekannt"},"system-alert":{"_":"Systemalarm"},"cb-channel":{"_":"Kanal {{channel}}"},"icc-message-title":{"_":"Betreibernachricht von SIM {{id}}"},"icc-confirmCall-defaultmessage":{"_":"{{number}} anrufen?"},"icc-alertMessage-defaultmessage":{"_":"Nachricht wird gesendet…"},"icc-confirmMessage-defaultmessage":{"_":"Nachricht senden?"},"icc-inputbox-title":{"_":"STK-Anfrage von {{id}}"},"emergency-callback-mode":{"_":"Notrufrückrufmodus"},"emergency-callback-message":{"_":"Sie können keine Anrufe durchführen, Nachrichten senden und nicht online gehen, da der Notrufrückrufmodus aktiv ist. Soll der Modus deaktiviert werden?"},"cdma-record-info":{"_":"CDMA-Informationen"},"ime-switching-title":{"_":"{{appName}}: {{name}}"},"ime-switching-tip":{"_":"Zum Wechseln der Eingabemethode antippen"},"layout-selection":{"_":"Tastatur-Auswahl"},"shrinking-tip":{"_":"Zum Teilen zur Seite wischen"},"download_started":{"_":"Download gestartet"},"download_stopped":{"_":"Download angehalten"},"download_downloading":{"_":"Download wird durchgeführt…"},"download_succeeded":{"_":"Download abgeschlossen"},"download_failed":{"_":"Download fehlgeschlagen"},"download_text_by_default":{"_":"{{name}}"},"download_downloading_text_2":{"_":"{{percentage}}% - {{name}}"},"search":{"_":"Suchen"},"search-or-type-address":{"placeholder":"Suchbegriff oder Adresse eingeben"},"noSIMCardInHotspot":{"_":"Es ist keine SIM-Karte vorhanden oder sie wurde nicht korrekt eingelegt. Der Hotspot wird daher deaktiviert."},"brandShortName":{"_":"B2G OS"},"browserBrandShortName":{"_":"Internet-Browser"},"browserBrandFullName":{"_":"Mozilla-Internet-Browser"},"weekday-0-long":{"_":"Sonntag"},"weekday-1-long":{"_":"Montag"},"weekday-2-long":{"_":"Dienstag"},"weekday-3-long":{"_":"Mittwoch"},"weekday-4-long":{"_":"Donnerstag"},"weekday-5-long":{"_":"Freitag"},"weekday-6-long":{"_":"Samstag"},"weekday-0-short":{"_":"So"},"weekday-1-short":{"_":"Mo"},"weekday-2-short":{"_":"Di"},"weekday-3-short":{"_":"Mi"},"weekday-4-short":{"_":"Do"},"weekday-5-short":{"_":"Fr"},"weekday-6-short":{"_":"Sa"},"month-0-long":{"_":"Januar"},"month-1-long":{"_":"Februar"},"month-2-long":{"_":"März"},"month-3-long":{"_":"April"},"month-4-long":{"_":"Mai"},"month-5-long":{"_":"Juni"},"month-6-long":{"_":"Juli"},"month-7-long":{"_":"August"},"month-8-long":{"_":"September"},"month-9-long":{"_":"Oktober"},"month-10-long":{"_":"November"},"month-11-long":{"_":"Dezember"},"month-0-genitive":{"_":"Januar"},"month-1-genitive":{"_":"Februar"},"month-2-genitive":{"_":"März"},"month-3-genitive":{"_":"April"},"month-4-genitive":{"_":"Mai"},"month-5-genitive":{"_":"Juni"},"month-6-genitive":{"_":"Juli"},"month-7-genitive":{"_":"August"},"month-8-genitive":{"_":"September"},"month-9-genitive":{"_":"Oktober"},"month-10-genitive":{"_":"November"},"month-11-genitive":{"_":"Dezember"},"month-0-short":{"_":"Jan"},"month-1-short":{"_":"Feb"},"month-2-short":{"_":"Mär"},"month-3-short":{"_":"Apr"},"month-4-short":{"_":"Mai"},"month-5-short":{"_":"Jun"},"month-6-short":{"_":"Jul"},"month-7-short":{"_":"Aug"},"month-8-short":{"_":"Sep"},"month-9-short":{"_":"Okt"},"month-10-short":{"_":"Nov"},"month-11-short":{"_":"Dez"},"minutes-ago-long":{"_":"{[ plural(value) ]}","_[zero]":"gerade eben","_[one]":"vor 1 Minute","_[two]":"vor {{value}} Minuten","_[few]":"vor {{value}} Minuten","_[many]":"vor {{value}} Minuten","_[other]":"vor {{value}} Minuten"},"hours-ago-long":{"_":"{[ plural(value) ]}","_[zero]":"gerade eben","_[one]":"vor 1 Stunde","_[two]":"vor {{value}} Stunden","_[few]":"vor {{value}} Stunden","_[many]":"vor {{value}} Stunden","_[other]":"vor {{value}} Stunden"},"days-ago-long":{"_":"{[ plural(value) ]}","_[zero]":"heute","_[one]":"gestern","_[two]":"vor {{value}} Tagen","_[few]":"vor {{value}} Tagen","_[many]":"vor {{value}} Tagen","_[other]":"vor {{value}} Tagen"},"weeks-ago-long":{"_":"{[ plural(value) ]}","_[zero]":"diese Woche","_[one]":"letzte Woche","_[two]":"vor {{value}} Wochen","_[few]":"vor {{value}} Wochen","_[many]":"vor {{value}} Wochen","_[other]":"vor {{value}} Wochen"},"months-ago-long":{"_":"{[ plural(value) ]}","_[zero]":"diesen Monat","_[one]":"letzten Monat","_[two]":"vor {{value}} Monaten","_[few]":"vor {{value}} Monaten","_[many]":"vor {{value}} Monaten","_[other]":"vor {{value}} Monaten"},"years-ago-long":{"_":"{[ plural(value) ]}","_[zero]":"dieses Jahr","_[one]":"letztes Jahr","_[two]":"vor {{value}} Jahren","_[few]":"vor {{value}} Jahren","_[many]":"vor {{value}} Jahren","_[other]":"vor {{value}} Jahren"},"minutes-until-long":{"_":"{[ plural(value) ]}","_[zero]":"jetzt","_[one]":"in 1 Minute","_[two]":"in {{value}} Minuten","_[few]":"in {{value}} Minuten","_[many]":"in {{value}} Minuten","_[other]":"in {{value}} Minuten"},"hours-until-long":{"_":"{[ plural(value) ]}","_[zero]":"jetzt","_[one]":"in einer Stunde","_[two]":"in {{value}} Stunden","_[few]":"in {{value}} Stunden","_[many]":"in {{value}} Stunden","_[other]":"in {{value}} Stunden"},"days-until-long":{"_":"{[ plural(value) ]}","_[zero]":"heute","_[one]":"morgen","_[two]":"in {{value}} Tagen","_[few]":"in {{value}} Tagen","_[many]":"in {{value}} Tagen","_[other]":"in {{value}} Tagen"},"weeks-until-long":{"_":"{[ plural(value) ]}","_[zero]":"diese Woche","_[one]":"nächste Woche","_[two]":"in {{value}} Wochen","_[few]":"in {{value}} Wochen","_[many]":"in {{value}} Wochen","_[other]":"in {{value}} Wochen"},"months-until-long":{"_":"{[ plural(value) ]}","_[zero]":"diesen Monat","_[one]":"nächsten Monat","_[two]":"in {{value}} Monaten","_[few]":"in {{value}} Monaten","_[many]":"in {{value}} Monaten","_[other]":"in {{value}} Monaten"},"years-until-long":{"_":"{[ plural(value) ]}","_[zero]":"dieses Jahr","_[one]":"nächstes Jahr","_[two]":"in {{value}} Jahren","_[few]":"in {{value}} Jahren","_[many]":"in {{value}} Jahren","_[other]":"in {{value}} Jahren"},"minutes-ago-short":{"_":"{[ plural(value) ]}","_[zero]":"jetzt","_[other]":"vor {{value}} m"},"hours-ago-short":{"_":"{[ plural(value) ]}","_[zero]":"jetzt","_[other]":"vor {{value}} h"},"days-ago-short":{"_":"{[ plural(value) ]}","_[zero]":"heute","_[other]":"vor {{value}} d"},"minutes-until-short":{"_":"{[ plural(value) ]}","_[zero]":"jetzt","_[other]":"in {{value}} m"},"hours-until-short":{"_":"{[ plural(value) ]}","_[zero]":"jetzt","_[other]":"in {{value}} h"},"days-until-short":{"_":"{[ plural(value) ]}","_[zero]":"heute","_[other]":"in {{value}} d"},"incorrectDate":{"_":"(ungültiges Datum)"},"dateTimeFormat_%c":{"_":"%a, %e. %b %Y %H:%M:%S"},"dateTimeFormat_%x":{"_":"%d.%m.%Y"},"dateTimeFormat_%X":{"_":"%H:%M:%S"},"shortTimeFormat":{"_":"%H:%M"},"shortDateTimeFormat":{"_":"%x %H:%M"},"weekStartsOnMonday":{"_":"1"},"time_am":{"_":"AM"},"time_pm":{"_":"PM"},"perm-contacts":{"_":"Kontakte"},"perm-contacts-appRequest":{"_":"{{app}} will auf Ihre Kontakte zugreifen."},"perm-contacts-webRequest":{"_":"{{site}} will auf Ihre Kontakte zugreifen."},"perm-desktop-notification":{"_":"Benachrichtigungen"},"perm-desktop-notification-appRequest":{"_":"{{app}} will Benachrichtigungen anzeigen."},"perm-desktop-notification-webRequest":{"_":"{{site}} will Benachrichtigungen anzeigen."},"perm-device-storage-music":{"_":"Musikspeicher"},"perm-device-storage-music-appRequest":{"_":"{{app}} will auf Ihre Musik zugreifen."},"perm-device-storage-music-webRequest":{"_":"{{site}} will auf Ihre Musik zugreifen."},"perm-device-storage-pictures":{"_":"Bilderspeicher"},"perm-device-storage-pictures-appRequest":{"_":"{{app}} will auf Ihre Bilder zugreifen."},"perm-device-storage-pictures-webRequest":{"_":"{{site}} will auf Ihre Bilder zugreifen."},"perm-device-storage-sdcard":{"_":"SD-Karten-Speicher"},"perm-device-storage-sdcard-appRequest":{"_":"{{app}} will auf Ihre SD-Karte zugreifen."},"perm-device-storage-sdcard-webRequest":{"_":"{{site}} will auf Ihre SD-Karte zugreifen."},"perm-device-storage-videos":{"_":"Videospeicher"},"perm-device-storage-videos-appRequest":{"_":"{{app}} will auf Ihre Videos zugreifen."},"perm-device-storage-videos-webRequest":{"_":"{{site}} will auf Ihre Videos zugreifen."},"perm-fmradio":{"_":"UKW-Radio"},"perm-fmradio-appRequest":{"_":"{{app}} will das UKW-Radio benutzen."},"perm-fmradio-webRequest":{"_":"{{site}} will das UKW-Radio benutzen."},"perm-geolocation":{"_":"Standort"},"perm-geolocation-appRequest":{"_":"{{app}} will Ihren Standort wissen."},"perm-geolocation-webRequest":{"_":"{{site}} will Ihren Standort wissen."},"perm-geolocation-more-info":{"_":"{{brandShortName}} verwendet Daten wie GPS sowie WLAN-Netzwerke und Mobilfunknetze in Ihrer Nähe für eine ungefähre Standortbestimmung. Es werden Daten an Mozilla und andere Diensteanbieter gesendet, um mit allen zur Verfügung stehenden Daten diese Datenbanken zu verbessern. Dabei können Daten auf Ihrem Gerät gespeichert werden und die Datenerfassung kann auch stattfinden, während keine Apps laufen."},"perm-video-capture":{"_":"Kamera"},"perm-video-capture-appRequest":{"_":"Soll {{app}} auf Ihre Kamera zugreifen dürfen?"},"perm-video-capture-webRequest":{"_":"Soll {{site}} auf Ihre Kamera zugreifen dürfen?"},"perm-audio-capture":{"_":"Mikrofon"},"perm-audio-capture-appRequest":{"_":"Soll {{app}} auf Ihr Mikrofon zugreifen dürfen?"},"perm-audio-capture-webRequest":{"_":"Soll {{site}} auf Ihr Mikrofon zugreifen dürfen?"},"perm-media-capture":{"_":"Kamera und Mikrofon"},"perm-media-capture-appRequest":{"_":"Soll {{app}} auf Ihre Kamera und Ihr Mikrofon zugreifen dürfen?"},"perm-media-capture-webRequest":{"_":"Soll {{site}} auf Ihre Kamera und Ihr Mikrofon zugreifen dürfen?"},"stopped_download_title":{"_":"Download angehalten"},"stopped_download_message":{"_":"Download wurde angehalten. Download erneut versuchen?"},"stopped_download_left_button":{"_":"Abbrechen"},"stopped_download_right_button":{"_":"Erneut versuchen"},"failed_download_title":{"_":"Download fehlgeschlagen"},"failed_download_message":{"_":"Der Download von {{name}} schlug fehl. Erneut versuchen?"},"failed_download_left_button":{"_":"Abbrechen"},"failed_download_right_button":{"_":"Erneut versuchen"},"stop_download_title":{"_":"Download anhalten"},"stop_download_message":{"_":"Soll der Download wirklich angehalten werden?"},"stop_download_left_button":{"_":"Nein"},"stop_download_right_button":{"_":"Ja"},"delete_download_title":{"_":"Löschen"},"delete_download_message":{"_":"{{name}} löschen?"},"delete_download_left_button":{"_":"Abbrechen"},"delete_download_right_button":{"_":"Löschen"},"delete_all_download_title":{"_":"Löschen"},"delete_all_download_left_button":{"_":"Abbrechen"},"delete_all_download_right_button":{"_":"Löschen"},"delete_all_download_message":{"_":"{[ plural(number) ]}","_[zero]":"Keine Datei löschen?","_[one]":"Eine Datei löschen?","_[two]":"{{number}} Dateien löschen?","_[few]":"{{number}} Dateien löschen?","_[many]":"{{number}} Dateien löschen?","_[other]":"{{number}} Dateien löschen?"},"unsupported_file_type_download_title":{"_":"Kann nicht geöffnet werden"},"unsupported_file_type_download_message":{"_":"Keine App kann {{name}} öffnen. Soll die Datei gespeichert oder gelöscht werden?"},"unsupported_file_type_download_left_button":{"_":"Datei behalten"},"unsupported_file_type_download_right_button":{"_":"Löschen"},"file_not_found_download_title":{"_":"Datei nicht gefunden"},"file_not_found_download_message":{"_":"Die Datei wurde auf dem Gerät nicht gefunden."},"file_not_found_download_right_button":{"_":"OK"},"unmounted_sdcard_2_download_title":{"_":"Speicherkarte wird benutzt"},"unmounted_sdcard_2_download_message":{"_":"Ziehen Sie das Telefon ab."},"unmounted_sdcard_2_download_right_button":{"_":"OK"},"no_provider_download_title":{"_":"Weitergabe nicht möglich"},"no_provider_download_message":{"_":"Kein Anbieter gefunden"},"no_provider_download_right_button":{"_":"OK"},"no_memory_download_title":{"_":"Speicherkarte voll"},"no_memory_download_message":{"_":"Der freie Platz auf der Speicherkarte reicht nicht aus, um den Download abzuspeichern. Löschen Sie einige Dateien, bevor Sie den Download neu starten."},"no_memory_download_right_button":{"_":"OK"},"no_sdcard_found_2_download_title":{"_":"Keine Speicherkarte gefunden"},"no_sdcard_found_2_download_message":{"_":"Legen Sie eine Speicherkarte ein oder wählen Sie einen anderen Standard-Medienspeicher in den Einstellungen."},"no_sdcard_found_2_download_right_button":{"_":"OK"},"file_open_error_download_title":{"_":"Kann nicht geöffnet werden"},"file_open_error_download_message":{"_":"Beim Öffnen von {{name}} trat ein Problem auf. Soll die Datei gespeichert oder gelöscht werden?"},"file_open_error_download_left_button":{"_":"Datei behalten"},"file_open_error_download_right_button":{"_":"Löschen"},"restart_download_error":{"_":"Beim Fortfahren des Downloads trat ein Fehler auf. Bitte starten Sie den Donwload neu."},"no-downloads":{"_":"Keine Downloads"},"percentage":{"_":"{{percentage}} %"},"partialResult":{"_":"{{partial}} von {{total}}"},"summary":{"_":"{{date}} - {{status}}"},"download-stopped":{"_":"Angehalten"},"download-failed":{"_":"Download fehlgeschlagen"},"open_downloaded_file":{"_":"Öffnen"},"share_downloaded_file":{"_":"Weitergeben"},"wallpaper_downloaded_file":{"_":"Als Hintergrund verwenden"},"ringtone_downloaded_file":{"_":"Als Klingelton verwenden"},"cancel_downloaded_file":{"_":"Abbrechen"},"sim-picker-dial-via-with-number":{"_":"{{ phoneNumber }} anrufen mit"},"sim-picker-select-sim":{"_":"SIM auswählen"},"sim-picker-button":{"_":"SIM{{ n }}"},"sim-picker-button-default":{"_":"(Standard)"}}