{"ok":{"_":"ΟΚ"},"back":{"_":"Πίσω"},"help":{"_":"Βοήθεια"},"cancel":{"_":"Ακύρωση"},"close":{"_":"Κλείσιμο"},"skip":{"_":"Παράλειψη"},"airplaneMode":{"_":"Λειτουργία πτήσης"},"searching":{"_":"Αναζήτηση…"},"noNetwork":{"_":"Κανένα δίκτυο"},"roaming":{"_":"{{operator}} (Περιαγωγή)"},"emergencyCallsOnly":{"_":"Μόνο κλήσεις έκτακτης ανάγκης"},"emergencyCallsOnly-unknownSIMState":{"_":"(άγνωστη κατάσταση κάρτας SIM)"},"emergencyCallsOnly-noSIM":{"_":"(δε βρέθηκε SIM)"},"emergencyCallsOnly-pinRequired":{"_":"(απαιτείται κωδικός PIN)"},"emergencyCallsOnly-pukRequired":{"_":"(απαιτείται κωδικός PUK)"},"emergencyCallsOnly-networkLocked":{"_":"(δίκτυο κλειδωμένο)"},"emergencyCallsOnly-serviceProviderLocked":{"_":"(κλειδωμένο από τον πάροχο της υπηρεσίας)"},"emergencyCallsOnly-corporateLocked":{"_":"(εταιρικά κλειδωμένος)"},"enterPIN":{"_":"Εισαγωγή PIN"},"statusbarLabel":{"_":"{{date}}, {{operator}}"},"statusbarDateFormat":{"_":"%e %b"},"notifications":{"_":"Ειδοποιήσεις"},"clear-all":{"_":"Εκκαθάριση"},"newVoicemails":{"_":"{[ plural(n) ]}","_[zero]":"Κανένα νέο φωνητικό μήνυμα","_[one]":"Ένα νέο φωνητικό μήνυμα","_[two]":"{{n}} νέα φωνητικά μηνύματα","_[few]":"{{n}} νέα φωνητικά μηνύματα","_[many]":"{{n}} νέα φωνητικά μηνύματα","_[other]":"{{n}} νέα φωνητικά μηνύματα"},"newVoicemailsUnknown":{"_":"Νέο φωνητικό μήνυμα"},"dialNumber":{"_":"Κλήση {{number}}"},"deviceMenu":{"_":"Τηλέφωνο"},"airplane":{"_":"Ενεργοποίηση της λειτουργίας πτήσης"},"airplaneOff":{"_":"Απενεργοποίηση της λειτουργίας πτήσης"},"silent":{"_":"Σίγαση "},"normal":{"_":"Ήχος εισερχόμενων κλήσεων"},"restart":{"_":"Επανεκκίνηση"},"power":{"_":"Απενεργοποίηση"},"asyncpanzoom":{"_":"Απενεργοποίηση APZ για εφαρμογές"},"asyncpanzoomOff":{"_":"Ενεργοποίηση APZ για εφαρμογές"},"enableScreenReaderSteps":{"_":"To enable screen reader, press volume up then volume down buttons three more times"},"disableScreenReaderSteps":{"_":"To disable screen reader, press volume up then volume down buttons three more times"},"no-recent-apps":{"_":"Καμία πρόσφατη εφαρμογή"},"yes":{"_":"Ναι"},"no":{"_":"Όχι"},"deny":{"_":"Να μην επιτραπεί"},"allow":{"_":"Αποδοχή"},"dontshare-geolocation":{"_":"Όχι"},"share-geolocation":{"_":"Ναι"},"dontshare-audio-capture":{"_":"Όχι"},"share-audio-capture":{"_":"Ναι"},"dontshare-video-capture":{"_":"Όχι"},"share-video-capture":{"_":"Ναι"},"dontshare-media-capture":{"_":"Όχι"},"share-media-capture":{"_":"Ναι"},"device-front":{"_":"Μπροστινή κάμερα"},"device-back":{"_":"Πίσω κάμερα"},"remember-my-choice":{"_":"Απομνημόνευση της επιλογής μου"},"more-info":{"_":"Περισσότερα…"},"install-app":{"_":"Εγκατάσταση {{name}};"},"size":{"_":"Μέγεθος"},"author":{"_":"Δημιουργός"},"size-unknown":{"_":"Άγνωστο"},"author-unknown":{"_":"Άγνωστος"},"install":{"_":"Εγκατάσταση"},"bytes":{"_":"bytes"},"kB":{"_":"KB"},"MB":{"_":"MB"},"GB":{"_":"GB"},"TB":{"_":"TB"},"PB":{"_":"PB"},"app-install-generic-error":{"_":"Η λήψη της εφαρμογής «{{ appName }}» σταμάτησε"},"app-install-download-failed":{"_":"Η λήψη της εφαρμογής «{{ appName }}» απέτυχε"},"app-install-install-failed":{"_":"Η εγκατάσταση της εφαρμογής «{{ appName }}» απέτυχε"},"cancelling-will-not-refund":{"_":"Η ακύρωση δε θα επιφέρει επιστροφή χρημάτων. Επιστροφές για περιεχόμενο επί πληρωμή παρέχονται από τον αρχικό πωλητή."},"apps-can-be-installed-later":{"_":"Εφαρμογές μπορούν να εγκατασταθούν αργότερα από την αρχική πηγή εγκατάστασης."},"are-you-sure-you-want-to-cancel":{"_":"Είστε σίγουροι πως θέλετε να ακυρώσετε αυτή την εγκατάσταση;"},"cancel-install":{"_":"Ακύρωση"},"resume":{"_":"Συνέχεια"},"continue":{"_":"Συνέχεια"},"stopDownloading":{"_":"Διακοπή της λήψης της εφαρμογής «{{ app }}»;"},"app-download-can-be-restarted":{"_":"Η λήψη μπορεί να επανεκκινηθεί αργότερα."},"app-download-stop-button":{"_":"Διακοπή λήψης"},"not-enough-space":{"_":"Μη επαρκής χώρος"},"not-enough-space-message":{"_":"Δεν υπάρχει αρκετός χώρος για την εγκατάσταση της εφαρμογής. Ελευθερώστε χώρο διαγράφοντας εφαρμογές ή αρχεία, και δοκιμάστε ξανά την εγκατάσταση μέσω της αρχικής πηγής."},"app-install-success":{"_":"Η εφαρμογή «{{ appName }}» εγκαταστάθηκε"},"setup":{"_":"Ρυθμίσεις"},"ime-addkeyboards":{"_":"Προσθήκη πληκτρολογίων"},"later":{"_":"Αργότερα"},"download":{"_":"Λήψη"},"wantToDownload":{"_":"Λήψη ενημέρωσης τώρα;"},"wantToInstall":{"_":"Εγκατάσταση της ενημέρωσης τώρα;"},"installNow":{"_":"Εγκατάσταση"},"notNow":{"_":"Όχι τώρα"},"downloadingUpdateMessage":{"innerHTML":"Λήψη ενημερώσεων… <span>{{ progress }} ελήφθη.</span>"},"downloadingAppMessage":{"_":"Λήψη της εφαρμογής «{{ appName }}»"},"downloadingAppProgressNoMax":{"_":"{{ progress }} ελήφθη"},"downloadingAppProgressIndeterminate":{"_":"Λήψη"},"downloadingAppProgress":{"_":"{{ progress }} / {{ max }} ελήφθησαν"},"cancelAllDownloads":{"_":"Ακύρωση όλων των λήψεων"},"wantToCancelAll":{"_":"Είστε σίγουροι πως θέλετε να ακυρώσετε όλες τις λήψεις;"},"downloadError":{"_":"Παρουσιάστηκε ένα σφάλμα κατά τη λήψη των ενημερώσεων."},"updateAvailableInfo":{"innerHTML":"{[ plural(n) ]}","innerHTML[one]":"{{ n }} διαθέσιμη ενημέρωση. <span>Πατήστε για περισσότερα.</span>","innerHTML[two]":"{{ n }} διαθέσιμες ενημερώσεις. <span>Πατήστε για περισσότερα.</span>","innerHTML[few]":"{{ n }} διαθέσιμες ενημερώσεις. <span>Πατήστε για περισσότερα.</span>","innerHTML[many]":"{{ n }} διαθέσιμες ενημερώσεις. <span>Πατήστε για περισσότερα.</span>","innerHTML[other]":"{{ n }} διαθέσιμες ενημερώσεις. <span>Πατήστε για περισσότερα.</span>"},"numberOfUpdates":{"_":"{[ plural(n) ]}","_[one]":"{{ n }} διαθέσιμη ενημέρωση","_[two]":"{{ n }} διαθέσιμες ενημερώσεις","_[few]":"{{ n }} διαθέσιμες ενημερώσεις","_[many]":"{{ n }} διαθέσιμες ενημερώσεις","_[other]":"{{ n }} διαθέσιμες ενημερώσεις"},"systemUpdate":{"_":"Ενημέρωση συστήματος"},"systemUpdateReady":{"_":"Ενημέρωση συστήματος έτοιμη"},"required":{"_":"Απαιτείται"},"uncompressingMessage":{"innerHTML":"Αποσυμπίεση… <span>Αυτό μπορεί να διαρκέσει μερικά λεπτά.</span>"},"downloadNoWifiWarning":{"_":"Δεν υπάρχει διαθέσιμη σύνδεση Wi-Fi. Η ενημέρωση μέσω της τρέχουσας σύνδεσης ίσως να επιφέρει επιπλέον χρεώσεις."},"downloadOfflineWarning":{"_":"Δεν υπάρχει σύνδεση. Συνδεθείτε σε ένα δίκτυο για να κάνετε λήψη ενημερώσεων."},"downloadDataConnectionWarning":{"_":"Η λήψη των ενημερώσεων γίνεται μέσω σύνδεσης δεδομένων όταν δεν υπάρχει διαθέσιμο Wi-Fi. Ίσως να ισχύουν επιπλέον χρεώσεις δεδομένων."},"downloadUpdatesViaDataConnection":{"_":"Λήψη ενημερώσεων μέσω σύνδεσης δεδομένων;"},"downloadUpdatesViaDataConnectionMessage":{"_":"Οι λήψεις των ενημερώσεων γίνονται μέσω σύνδεσης δεδομένων όταν δεν υπάρχει διαθέσιμη σύνδεση Wi-Fi. Όταν γίνεται χρήση μιας σύνδεσης δεδομένων, οι τηλεφωνικές κλήσεις μπορεί να μπλοκαριστούν και επιπλέον να ισχύουν πρόσθετες χρεώσεις."},"screenshotSaved":{"_":"Αποθήκευση στα Πολυμέσα"},"screenshotFailed":{"_":"Σφάλμα στην αποθήκευση"},"screenshotNoSDCard":{"_":"Δε βρέθηκε κάρτα μνήμης"},"screenshotSDCardInUse":{"_":"Η κάρτα μνήμης χρησιμοποιείται"},"screenshotSDCardLow":{"_":"Δεν υπάρχει αρκετός χώρος στην κάρτα μνήμης"},"emergency-call-button":{"_":"Κλήση έκτακτης ανάγκης"},"emergency-call":{"_":"Κλήση έκτακτης ανάγκης"},"unlock-a11y-button":{"ariaLabel":"Ξεκλείδωμα"},"camera-a11y-button":{"ariaLabel":"Κάμερα"},"longDateFormat":{"_":"%A, %e %Eb %Y"},"softwareHomeButton":{"ariaLabel":"Αρχική"},"login":{"_":"Σύνδεση"},"username":{"_":"Όνομα χρήστη"},"password":{"_":"Κωδικός"},"http-authentication-message":{"_":"Απαιτούνται όνομα χρήστη και κωδικός από το {{host}}. Ο ιστότοπος λέει: “{{realm}}”"},"error-message":{"_":"Η εφαρμογή «{{name}}» δε φορτώνει κατάλληλα"},"error-title":{"_":"Η εφαρμογή «{{name}}» έχει προβλήματα"},"airplane-is-on":{"_":"Η λειτουργία πτήσης είναι ενεργή"},"airplane-is-turned-on":{"_":"Η εφαρμογή «{{name}}» χρειάζεται σύνδεση στο διαδίκτυο. Απενεργοποιήστε τη λειτουργία πτήσης από τις ρυθμίσεις και συνδεθείτε σε δίκτυο Wi-Fi ή δίκτυο κινητής τηλεφωνίας."},"server-not-found":{"_":"Δε βρέθηκε ο εξυπηρετητής"},"server-not-found-error":{"_":"Δε βρέθηκε ο εξυπηρετητής στο {{name}}."},"network-connection-unavailable":{"_":"Δεν υπάρχει διαθέσιμη σύνδεση δικτύου"},"network-error":{"_":"Η εφαρμογή «{{name}}» χρειάζεται σύνδεση στο διαδίκτυο. Δοκιμάστε να συνδεθείτε σε δίκτυο Wi-Fi ή δίκτυο κινητής τηλεφωνίας."},"unable-to-connect":{"_":"Δεν είναι δυνατή η σύνδεση"},"tap-to-retry":{"_":"Πατήστε για να δοκιμάσετε ξανά"},"try-again":{"_":"Δοκιμάστε ξανά"},"select-time":{"_":"Επιλογή ώρας"},"choose-option":{"_":"Επιλογή"},"choose-options":{"_":"Επιλογή"},"select-day":{"_":"Επιλογή ημερομηνίας"},"battery-almost-empty":{"_":"Η μπαταρία έχει σχεδόν εξαντληθεί"},"add-to-home-screen":{"_":"Προσθήκη στην αρχική οθόνη"},"crash-dialog2-os":{"_":"Το {{brandShortName}} μόλις επανήλθε από την κατάρρευση."},"crash-dialog-app":{"_":"Η εφαρμογή «{{name}}» μόλις κατέρρευσε"},"crash-dialog-message":{"_":"Επιθυμείτε να στείλετε στο Mozilla μια αναφορά σχετικά με την κατάρρευση για να μας βοηθήσετε να διορθώσουμε το πρόβλημα; (Οι αναφορές αποστέλλονται μόνο μέσω Wi-Fi.)"},"crash-info-link":{"_":"Τι περιέχεται σε μία αναφορά κατάρρευσης;"},"crash-always-report":{"_":"Να αποστέλλεται πάντα αναφορά στο Mozilla όταν συμβαίνει μια κατάρρευση."},"crash-dont-send":{"_":"Παράβλεψη"},"crash-end":{"_":"Αποστολή"},"crashReports":{"_":"Αναφορά"},"done":{"_":"ΟΚ"},"crash-reports-description-1":{"_":"Μία αναφορά κατάρρευσης περιέχει πληροφορίες σχετικά με την κατάρρευση, τη συσκευή σας, καθώς και την κατάσταση της όταν αυτή κατέρρευσε."},"crash-reports-description-2":{"_":"Αυτό μπορεί να περιέχει πράγματα όπως ανοικτές σελίδες και εφαρμογές, κείμενο από τις φόρμες και περιεχόμενο ανοικτών μηνυμάτων, πρόσφατο ιστορικό περιήγησης, ή πληροφορίες τοποθεσίας που χρησιμοποιούνται από ανοικτές εφαρμογές."},"crash-reports-description-3-start":{"_":"Χρησιμοποιούμε τις αναφορές κατάρρευσης για να διορθώσουμε προβλήματα και να βελτιώσουμε τα προϊόντα μας. Χειριζόμαστε τις πληροφορίες σας όπως περιγράφουμε στην"},"crash-reports-description-3-privacy":{"_":"πολιτική απορρήτου"},"crash-reports-description-3-end":{"_":"."},"crash-banner-os2":{"_":"Το {{brandShortName}} μόλις κατέρρευσε."},"crash-banner-app":{"_":"Η εφαρμογή «{{name}}» μόλις κατέρρευσε."},"crash-banner-report":{"_":"Αναφορά"},"bluetooth-sendingTitle":{"_":"Αποστολή μέσω Bluetooth.."},"bluetooth-receivingTitle":{"_":"Λήψη μέσω Bluetooth.."},"bluetooth-sending-progress":{"_":"Αποστολή μέσω Bluetooth.."},"bluetooth-receiving-progress":{"_":"Λήψη μέσω Bluetooth.."},"acceptFileTransfer":{"_":"Αποδοχή μεταφοράς αρχείου μέσω Bluetooth;"},"wantToReceiveFile":{"_":"Το {{deviceName}} επιθυμεί να μεταφέρει το {{fileName}} ({{fileSize}})."},"transfer-confirmation-title":{"_":"{{deviceName}}"},"transfer-confirmation-description":{"_":"Review transfer request."},"byteUnit-B":{"_":"Bytes"},"byteUnit-KB":{"_":"KB"},"byteUnit-MB":{"_":"MB"},"byteUnit-GB":{"_":"GB"},"byteUnit-TB":{"_":"TB"},"byteUnit-PB":{"_":"PB"},"byteUnit-EB":{"_":"EB"},"byteUnit-ZB":{"_":"ZB"},"byteUnit-YB":{"_":"YB"},"fileSize":{"_":"{{size}} {{unit}}"},"transfer":{"_":"Μεταφορά"},"cancelFileTransfer":{"_":"Ακύρωση της μεταφοράς μέσω Bluetooth;"},"transfer-has-started-title":{"_":"Η μεταφορά ξεκίνησε"},"transfer-has-started-description":{"_":"Ελέγξτε την πρόοδο στις ειδοποιήσεις"},"transferFinished-sentSuccessful-title":{"_":"Το αρχείο εστάλη"},"transferFinished-receivedSuccessful-title":{"_":"Το αρχείο ελήφθη"},"transferFinished-sentFailed-title":{"_":"Η αποστολή απέτυχε"},"transferFinished-receivedFailed-title":{"_":"Η λήψη αρχείου απέτυχε"},"transferReport-title":{"_":"Αναφορά μεταφοράς:"},"transferReport-description":{"_":"{{numSuccessful}} αρχεία επιτυχώς, {{numUnsuccessful}} αρχεία ανεπιτυχώς"},"unknown-file":{"_":"Άγνωστο αρχείο"},"unknown-device":{"_":"Άγνωστη συσκευή"},"cannotOpenFile":{"_":"Αποτυχία ανοίγματος του ληφθέντος αρχείου"},"unknownMediaTypeToOpen":{"_":"Δε μπορεί να ανοιχθεί άγνωστος τύπος αρχείου:"},"cannotReceiveFile":{"_":"Αποτυχία λήψης του αρχείου"},"cannotGetStorageState":{"_":"Δεν μπορεί να βρεθεί η κατάσταση του χώρου αποθήκευσης της συσκευής"},"sdcard-not-exist2":{"_":"Δε βρέθηκε κάρτα μνήμης (Παρακαλούμε εισάγετε μία κάρτα μνήμης)"},"sdcard-in-use":{"_":"Η λειτουργία Βluetooth δε μπορεί να χρησιμοποιηθεί όσο η συσκευή φορτίζει. Παρακαλούμε αποσυνδέστε το τηλέφωνο για να λάβετε το(τα) αρχείο(α)."},"sdcard-no-space2":{"_":"Δεν είναι δυνατή η ολοκλήρωση της μεταφοράς: η κάρτα μνήμης είναι πλήρης."},"unknown-error":{"_":"Άγνωστο σφάλμα"},"confirm":{"_":"Επιβεβαίωση"},"microphone-is-on":{"_":"Το μικρόφωνο είναι ανοιχτό"},"camera-is-on":{"_":"Η κάμερα είναι ανοιχτή"},"media-is-on":{"_":"Η κάμερα και το μικρόφωνο είναι ανοιχτά"},"noSimCard":{"_":"Χωρίς κάρτα SIM"},"simPin":{"_":"Κωδικός PIN"},"pukCode":{"_":"Κωδικός PUK"},"nckCode":{"_":"Κωδικός NCK"},"cckCode":{"_":"Κωδικός CCK"},"spckCode":{"_":"Κωδικός SPCK"},"whatIsSimPin":{"_":"Τι είναι ο κωδικός PIN της κάρτας SIM;"},"simPinIntro1":{"_":"Ο κωδικός PIN εμποδίζει την πρόσβαση της κάρτας SIM στα δίκτυα κινητής τηλεφωνίας. Όταν είναι ενεργοποιημένος, οποιαδήποτε συσκευή με την κάρτα SIM, θα ζητάει το PIN κατά την επανεκκίνηση."},"simPinIntro2":{"_":"Ο κωδικός PIN της κάρτας SIM δεν είναι το ίδιο με τον κωδικό που χρησιμοποιείται για το ξεκλείδωμα της συσκευής."},"changeSimPin":{"_":"Αλλαγή PIN"},"pinTitle":{"_":"Εισάγετε PIN"},"multiSIMpinTitle":{"_":"Εισάγετε τον κωδικό PIN της SIM {{n}}"},"pukTitle":{"_":"Εισαγωγή PUK"},"nckTitle":{"_":"Εισάγετε τον κωδικό NCK"},"cckTitle":{"_":"Εισάγετε τον κωδικό CCK"},"spckTitle":{"_":"Εισάγετε τον κωδικό SPCK"},"newpinTitle":{"_":"Νέος κωδικός PIN"},"inputCodeRetriesLeft":{"_":"{[ plural(n) ]}","_[one]":"τελευταία προσπάθεια.","_[two]":"Απομένουν {{n}} προσπάθειες.","_[few]":"Απομένουν {{n}} προσπάθειες.","_[many]":"Απομένουν {{n}} προσπάθειες.","_[other]":"Απομένουν {{n}} προσπάθειες."},"pinErrorMsg":{"_":"Το PIN ήταν λάθος."},"pinAttemptMsg2":{"_":"{[ plural(n) ]}","_[one]":"Απομένει μία προσπάθεια για να εισάγετε τον σωστό κωδικό προτού κλειδωθεί η κάρτα SIM.","_[two]":"Απομένουν {{n}} προσπάθειες για να εισάγετε τον σωστό κωδικό προτού κλειδωθεί η κάρτα SIM.","_[few]":"Απομένουν {{n}} προσπάθειες για να εισάγετε τον σωστό κωδικό προτού κλειδωθεί η κάρτα SIM.","_[many]":"Απομένουν {{n}} προσπάθειες για να εισάγετε τον σωστό κωδικό προτού κλειδωθεί η κάρτα SIM.","_[other]":"Απομένουν {{n}} προσπάθειες για να εισάγετε τον σωστό κωδικό προτού κλειδωθεί η κάρτα SIM."},"pinLastChanceMsg":{"_":"Είναι η τελευταία σας ευκαιρία να εισάγετε το σωστό PIN. Αλλιώς, θα πρέπει να εισάγετε τον κωδικό PUK για να χρησιμοποιήσετε την κάρτα SIM."},"simCardLockedMsg":{"_":"Η κάρτα SIM είναι κλειδωμένη."},"enterPukMsg":{"_":"Πρέπει να εισάγετε τον κωδικό PUK για την κάρτα SIM. Ανατρέξτε στην τεκμηρίωση της κάρτας SIM σας ή επικοινωνήστε με τον πάροχο σας για περισσότερες πληροφορίες."},"pukErrorMsg":{"_":"Ο κωδικός PUK είναι λανθασμένος."},"pukAttemptMsg2":{"_":"{[ plural(n) ]}","_[one]":"Απομένει μία προσπάθεια να εισάγετε τον σωστό κωδικό προτού η συγκεκριμένη κάρτα SIM καταστεί μη λειτουργική. Συμβουλευτείτε την τεκμηρίωση της κάρτας SIM σας ή επικοινωνήστε με τον πάροχο σας για περισσότερες πληροφορίες.","_[two]":"Απομένουν {{n}} προσπάθειες να εισάγετε τον σωστό κωδικό προτού η συγκεκριμένη κάρτα SIM καταστεί μη λειτουργική. Συμβουλευτείτε την τεκμηρίωση της κάρτας SIM σας ή επικοινωνήστε με τον πάροχο σας για περισσότερες πληροφορίες.","_[few]":"Απομένουν {{n}} προσπάθειες να εισάγετε τον σωστό κωδικό προτού η συγκεκριμένη κάρτα SIM καταστεί μη λειτουργική. Συμβουλευτείτε την τεκμηρίωση της κάρτας SIM σας ή επικοινωνήστε με τον πάροχο σας για περισσότερες πληροφορίες.","_[many]":"Απομένουν {{n}} προσπάθειες να εισάγετε τον σωστό κωδικό προτού η συγκεκριμένη κάρτα SIM καταστεί μη λειτουργική. Συμβουλευτείτε την τεκμηρίωση της κάρτας SIM σας ή επικοινωνήστε με τον πάροχο σας για περισσότερες πληροφορίες.","_[other]":"Απομένουν {{n}} προσπάθειες να εισάγετε τον σωστό κωδικό προτού η συγκεκριμένη κάρτα SIM καταστεί μη λειτουργική. Συμβουλευτείτε την τεκμηρίωση της κάρτας SIM σας ή επικοινωνήστε με τον πάροχο σας για περισσότερες πληροφορίες."},"pukLastChanceMsg":{"_":"Τελευταία ευκαιρία να εισάγετε τον σωστό κωδικό PUK. Η κάρτα SIM σας δε θα μπορεί πλέον να χρησιμοποιηθεί αν εισάγετε λάθος κωδικό PUK. Συμβουλευτείτε την τεκμηρίωση της κάρτας SIM σας ή επικοινωνήστε με τον πάροχο σας για περισσότερες πληροφορίες."},"newSimPinMsg":{"_":"Νέος κωδικός PIN (πρέπει να περιέχει 4 έως 8 ψηφία)"},"confirmNewSimPinMsg":{"_":"Επιβεβαίωση νέου κωδικού PIN"},"newPinErrorMsg":{"_":"Οι κωδικοί PIN δεν ταιριάζουν."},"nckErrorMsg":{"_":"Ο κωδικός NCK είναι λανθασμένος."},"nckAttemptMsg2":{"_":"{[ plural(n) ]}","_[one]":"Αποτυχία της αίτησης αποπροσωπικοποίησης. Σας απομένει μία προσπάθεια να εισάγετε τον σωστό κωδικό. Ανατρέξτε στην τεκμηρίωση της συσκευής ή επικοινωνήστε με τον πάροχο σας για περισσότερες πληροφορίες.","_[two]":"Αποτυχία της αίτησης αποπροσωπικοποίησης. Σας απομένουν {{n}} προσπάθειες να εισάγετε τον σωστό κωδικό. Ανατρέξτε στην τεκμηρίωση της συσκευής ή επικοινωνήστε με τον πάροχο σας για περισσότερες πληροφορίες.","_[few]":"Αποτυχία της αίτησης αποπροσωπικοποίησης. Σας απομένουν {{n}} προσπάθειες να εισάγετε τον σωστό κωδικό. Ανατρέξτε στην τεκμηρίωση της συσκευής ή επικοινωνήστε με τον πάροχο σας για περισσότερες πληροφορίες.","_[many]":"Αποτυχία της αίτησης αποπροσωπικοποίησης. Σας απομένουν {{n}} προσπάθειες να εισάγετε τον σωστό κωδικό. Ανατρέξτε στην τεκμηρίωση της συσκευής ή επικοινωνήστε με τον πάροχο σας για περισσότερες πληροφορίες.","_[other]":"Αποτυχία της αίτησης αποπροσωπικοποίησης. Σας απομένουν {{n}} προσπάθειες να εισάγετε τον σωστό κωδικό. Ανατρέξτε στην τεκμηρίωση της συσκευής ή επικοινωνήστε με τον πάροχο σας για περισσότερες πληροφορίες."},"nckLastChanceMsg":{"_":"Αποτυχία της αίτησης εξατομίκευσης δικτύου. Τελευταία ευκαιρία για να εισάγετε τον σωστό NCK κωδικό. Ανατρέξτε στην τεκμηρίωση της συσκευής σας ή επικοινωνήστε με τον πάροχο σας για περισσότερες πληροφορίες."},"activity-pick":{"_":"Επιλογή από:"},"activity-view":{"_":"Προβολή με:"},"activity-test":{"_":"Δοκιμή με:"},"activity-share":{"_":"Διαμοιρασμός με:"},"activity-new":{"_":"Δημιουργία με:"},"activity-open":{"_":"Άνοιγμα με:"},"activity-save-bookmark":{"_":"Σελιδοδείκτης σε:"},"activity-record":{"_":"Εγγραφή από:"},"activity-browse":{"_":"Περιήγηση με:"},"activity-configure":{"_":"Ρύθμιση με:"},"activity-dial":{"_":"Κλήση από:"},"persona-signin":{"_":"Σύνδεση"},"payment-flow":{"_":"Αγορά"},"remoteDebuggerMessage":{"_":"Μια εισερχόμενη αίτηση για αποδοχή απομακρυσμένης σύνδεσης αποσφαλμάτωσης ανιχνεύτηκε. Να επιτραπεί η σύνδεση;"},"fullscreen-request":{"_":"Το {{origin}} είναι πλέον σε πλήρη οθόνη."},"captive-wifi-available":{"_":"Βρέθηκε το δίκτυο {{networkName}}. Σύνδεση στο δίκτυο;"},"ceWarningtitle":{"_":"Προειδοποίηση!"},"ceWarningcontent":{"_":"Προκειμένου να αποφύγετε πιθανή ζημιά στην ακοή σας, μην ακούτε σε υψηλά επίπεδα έντασης για μεγάλες περιόδους."},"notification-powersaving-mode-on-title":{"_":"Εξοικονόμηση ενέργειας"},"notification-powersaving-mode-on-description":{"_":"Η λειτουργία ενεργοποιήθηκε."},"low-device-storage":{"_":"Λιγοστός αποθηκευτικός χώρος στη συσκευή.\\\n"},"free-space":{"_":"{[ plural(value) ]}","_[zero]":"Δεν απομένει ελεύθερος χώρος.","_[one]":"Λιγότερο από {{value}} {{unit}} απομένει.","_[two]":"Λιγότερο από {{value}} {{unit}} απομένει.","_[few]":"Λιγότερο από {{value}} {{unit}} απομένει.","_[many]":"Λιγότερο από {{value}} {{unit}} απομένει.","_[other]":"Λιγότερο από {{value}} {{unit}} απομένει."},"unknown-free-space":{"_":"Άγνωστο μέγεθος ελεύθερου χώρου."},"system-alert":{"_":"Ειδοποίηση συστήματος"},"cb-channel":{"_":"Δίαυλος {{channel}}"},"icc-message-title":{"_":"Operator message from SIM {{id}}"},"icc-confirmCall-defaultmessage":{"_":"Κλήση {{number}};"},"icc-alertMessage-defaultmessage":{"_":"Αποστολή μηνύματος"},"icc-confirmMessage-defaultmessage":{"_":"Αποστολή μηνύματος;"},"icc-inputbox-title":{"_":"STK Query from SIM {{id}}"},"emergency-callback-mode":{"_":"Λειτουργία επανάκλησης έκτακτης ανάγκης"},"emergency-callback-message":{"_":"You can not make calls, send messages or go online because emergency callback mode is enabled. Would you like to turn it off?"},"cdma-record-info":{"_":"Πληροφορίες εγγραφής CDMA"},"ime-switching-title":{"_":"{{appName}}: {{name}}"},"ime-switching-tip":{"_":"Πιέστε για να αλλάξετε μέθοδο εισαγωγής"},"layout-selection":{"_":"Επιλογή διάταξης"},"shrinking-tip":{"_":"Σύρετε για διαμοιρασμό"},"download_started":{"_":"Download started"},"download_stopped":{"_":"Download stopped"},"download_downloading":{"_":"Downloading…"},"download_succeeded":{"_":"Download complete"},"download_failed":{"_":"Download failed"},"download_text_by_default":{"_":"{{name}}"},"download_downloading_text_2":{"_":"{{percentage}}% - {{name}}"},"search":{"_":"Search"},"search-or-type-address":{"placeholder":"Search or type address"},"noSIMCardInHotspot":{"_":"SIM card is absent or inserted incorrectly, so turn off hotspot"},"statusbarTimeFormat":{"_":"%H:%M"},"icc-message":{"_":"Μήνυμα κατασκευαστή"},"icc-inputtitle":{"_":"Ερώτημα STK"},"emergency-callback-dialog-message":{"_":"Οι υπηρεσίες παρόχου και διαδικτύου απενεργοποιήθηκαν λόγω λειτουργίας επανάκλησης έκτακτης ανάγκης. Θέλετε να απενεργοποιήσετε τη λειτουργία;"},"brandShortName":{"_":"B2G OS"},"browserBrandShortName":{"_":"Περιηγητής"},"browserBrandFullName":{"_":"Περιηγητής Mozilla"},"weekday-0-long":{"_":"Κυριακή"},"weekday-1-long":{"_":"Δευτέρα"},"weekday-2-long":{"_":"Τρίτη"},"weekday-3-long":{"_":"Τετάρτη"},"weekday-4-long":{"_":"Πέμπτη"},"weekday-5-long":{"_":"Παρασκευή"},"weekday-6-long":{"_":"Σάββατο"},"weekday-0-short":{"_":"Κυρ"},"weekday-1-short":{"_":"Δευ"},"weekday-2-short":{"_":"Τρι"},"weekday-3-short":{"_":"Τετ"},"weekday-4-short":{"_":"Πεμ"},"weekday-5-short":{"_":"Παρ"},"weekday-6-short":{"_":"Σαβ"},"month-0-long":{"_":"Ιανουάριος"},"month-1-long":{"_":"Φεβρουάριος"},"month-2-long":{"_":"Μάρτιος"},"month-3-long":{"_":"Απρίλιος"},"month-4-long":{"_":"Μάιος"},"month-5-long":{"_":"Ιούνιος"},"month-6-long":{"_":"Ιούλιος"},"month-7-long":{"_":"Αύγουστος"},"month-8-long":{"_":"Σεπτέμβριος"},"month-9-long":{"_":"Οκτώβριος"},"month-10-long":{"_":"Νοέμβριος"},"month-11-long":{"_":"Δεκέμβριος"},"month-0-genitive":{"_":"Ιανουαρίου"},"month-1-genitive":{"_":"Φεβρουαρίου"},"month-2-genitive":{"_":"Μαρτίου"},"month-3-genitive":{"_":"Απριλίου"},"month-4-genitive":{"_":"Μαΐου"},"month-5-genitive":{"_":"Ιουνίου"},"month-6-genitive":{"_":"Ιουλίου"},"month-7-genitive":{"_":"Αυγούστου"},"month-8-genitive":{"_":"Σεπτεμβρίου"},"month-9-genitive":{"_":"Οκτωβρίου"},"month-10-genitive":{"_":"Νοεμβρίου"},"month-11-genitive":{"_":"Δεκεμβρίου"},"month-0-short":{"_":"Ιαν"},"month-1-short":{"_":"Φεβ"},"month-2-short":{"_":"Μαρ"},"month-3-short":{"_":"Απρ"},"month-4-short":{"_":"Μάι"},"month-5-short":{"_":"Ιουν"},"month-6-short":{"_":"Ιουλ"},"month-7-short":{"_":"Αυγ"},"month-8-short":{"_":"Σεπ"},"month-9-short":{"_":"Οκτ"},"month-10-short":{"_":"Νοε"},"month-11-short":{"_":"Δεκ"},"minutes-ago-long":{"_":"{[ plural(value) ]}","_[zero]":"μόλις τώρα","_[one]":"πριν από ένα λεπτό","_[two]":"πριν από {{value}} λεπτά","_[few]":"πριν από {{value}} λεπτά","_[many]":"πριν από {{value}} λεπτά","_[other]":"πριν από {{value}} λεπτά"},"hours-ago-long":{"_":"{[ plural(value) ]}","_[zero]":"μόλις τώρα","_[one]":"πριν από μία ώρα","_[two]":"πριν από {{value}} ώρες","_[few]":"πριν από {{value}} ώρες","_[many]":"πριν από {{value}} ώρες","_[other]":"πριν από {{value}} ώρες"},"days-ago-long":{"_":"{[ plural(value) ]}","_[zero]":"σήμερα","_[one]":"χθες","_[two]":"πριν από {{value}} ημέρες","_[few]":"πριν από {{value}} ημέρες","_[many]":"πριν από {{value}} ημέρες","_[other]":"πριν από {{value}} ημέρες"},"weeks-ago-long":{"_":"{[ plural(value) ]}","_[zero]":"αυτή την εβδομάδα","_[one]":"την τελευταία εβδομάδα","_[two]":"πριν από {{value}} εβδομάδες","_[few]":"πριν από {{value}} εβδομάδες","_[many]":"πριν από {{value}} εβδομάδες","_[other]":"πριν από {{value}} εβδομάδες"},"months-ago-long":{"_":"{[ plural(value) ]}","_[zero]":"αυτό τον μήνα","_[one]":"τον τελευταίο μήνα","_[two]":"πριν από {{value}} μήνες","_[few]":"πριν από {{value}} μήνες","_[many]":"πριν από {{value}} μήνες","_[other]":"πριν από {{value}} μήνες"},"years-ago-long":{"_":"{[ plural(value) ]}","_[zero]":"αυτό το έτος","_[one]":"το περασμένο έτος","_[two]":"πριν από {{value}} χρόνια","_[few]":"πριν από {{value}} χρόνια","_[many]":"πριν από {{value}} χρόνια","_[other]":"πριν από {{value}} χρόνια"},"minutes-until-long":{"_":"{[ plural(value) ]}","_[zero]":"τώρα","_[one]":"σε ένα λεπτό","_[two]":"σε {{value}} λεπτά","_[few]":"σε {{value}} λεπτά","_[many]":"σε {{value}} λεπτά","_[other]":"σε {{value}} λεπτά"},"hours-until-long":{"_":"{[ plural(value) ]}","_[zero]":"τώρα","_[one]":"σε μία ώρα","_[two]":"σε {{value}} ώρες","_[few]":"σε {{value}} ώρες","_[many]":"σε {{value}} ώρες","_[other]":"σε {{value}} ώρες"},"days-until-long":{"_":"{[ plural(value) ]}","_[zero]":"σήμερα","_[one]":"αύριο","_[two]":"σε {{value}} ημέρες","_[few]":"σε {{value}} ημέρες","_[many]":"σε {{value}} ημέρες","_[other]":"σε {{value}} ημέρες"},"weeks-until-long":{"_":"{[ plural(value) ]}","_[zero]":"αυτή την εβδομάδα","_[one]":"την επόμενη εβδομάδα","_[two]":"σε {{value}} εβδομάδες","_[few]":"σε {{value}} εβδομάδες","_[many]":"σε {{value}} εβδομάδες","_[other]":"σε {{value}} εβδομάδες"},"months-until-long":{"_":"{[ plural(value) ]}","_[zero]":"αυτό τον μήνα","_[one]":"στον επόμενο μήνα","_[two]":"σε {{value}} μήνες","_[few]":"σε {{value}} μήνες","_[many]":"σε {{value}} μήνες","_[other]":"σε {{value}} μήνες"},"years-until-long":{"_":"{[ plural(value) ]}","_[zero]":"αυτό το έτος","_[one]":"επόμενο έτος","_[two]":"σε {{value}} έτη","_[few]":"σε {{value}} έτη","_[many]":"σε {{value}} έτη","_[other]":"σε {{value}} έτη"},"minutes-ago-short":{"_":"{[ plural(value) ]}","_[zero]":"τώρα","_[other]":"πριν {{value}}′"},"hours-ago-short":{"_":"{[ plural(value) ]}","_[zero]":"τώρα","_[other]":"πριν {{value}} ώρ."},"days-ago-short":{"_":"{[ plural(value) ]}","_[zero]":"σήμερα","_[other]":"πριν {{value}} ημ."},"minutes-until-short":{"_":"{[ plural(value) ]}","_[zero]":"τώρα","_[other]":"σε {{value}}′"},"hours-until-short":{"_":"{[ plural(value) ]}","_[zero]":"τώρα","_[other]":"σε {{value}} ώρ."},"days-until-short":{"_":"{[ plural(value) ]}","_[zero]":"σήμερα","_[other]":"σε {{value}} ημ."},"incorrectDate":{"_":"(λάθος ημερομηνία)"},"dateTimeFormat_%c":{"_":"%a, %e %Eb %Y, %H:%M:%S"},"dateTimeFormat_%x":{"_":"%d/%m/%Y"},"dateTimeFormat_%X":{"_":"%H:%M:%S"},"shortTimeFormat":{"_":"%H:%M"},"shortDateTimeFormat":{"_":"%x %H:%M"},"weekStartsOnMonday":{"_":"0"},"time_am":{"_":"AM"},"time_pm":{"_":"PM"},"perm-contacts":{"_":"Επαφές"},"perm-contacts-appRequest":{"_":"Η εφαρμογή «{{app}}» ζητάει πρόσβαση στην λίστα επαφών σας."},"perm-contacts-webRequest":{"_":"Η σελίδα «{{site}}» ζητάει πρόσβαση στην λίστα επαφών σας."},"perm-desktop-notification":{"_":"Ειδοποιήσεις"},"perm-desktop-notification-appRequest":{"_":"Η εφαρμογή «{{app}}» ζητάει να εμφανίζει ειδοποιήσεις."},"perm-desktop-notification-webRequest":{"_":"Η σελίδα «{{site}}» ζητάει να εμφανίζει ειδοποιήσεις."},"perm-device-storage-music":{"_":"Αποθηκευτικός χώρος μουσικής"},"perm-device-storage-music-appRequest":{"_":"Η εφαρμογή «{{app}}» ζητάει πρόσβαση στην μουσική σας."},"perm-device-storage-music-webRequest":{"_":"Η σελίδα «{{site}}» ζητάει πρόσβαση στην μουσική σας."},"perm-device-storage-pictures":{"_":"Αποθηκευτικός χώρος εικόνων"},"perm-device-storage-pictures-appRequest":{"_":"Η εφαρμογή «{{app}}» ζητάει πρόσβαση στις εικόνες σας."},"perm-device-storage-pictures-webRequest":{"_":"Η σελίδα «{{site}}» ζητάει πρόσβαση στις εικόνες σας."},"perm-device-storage-sdcard":{"_":"Αποθηκευτικός χώρος κάρτας μνήμης"},"perm-device-storage-sdcard-appRequest":{"_":"Η εφαρμογή «{{app}}» ζητάει πρόσβαση στην κάρτα μνήμης σας."},"perm-device-storage-sdcard-webRequest":{"_":"Η σελίδα «{{site}}» ζητάει πρόσβαση στην κάρτα μνήμης σας."},"perm-device-storage-videos":{"_":"Αποθηκευτικός χώρος Βίντεο"},"perm-device-storage-videos-appRequest":{"_":"Η εφαρμογή «{{app}}» ζητάει πρόσβαση στα βίντεο σας."},"perm-device-storage-videos-webRequest":{"_":"Η σελίδα «{{site}}» ζητάει πρόσβαση στα βίντεο σας."},"perm-fmradio":{"_":"Ραδιόφωνο"},"perm-fmradio-appRequest":{"_":"Η εφαρμογή «{{app}}» ζητάει να χρησιμοποιήσει το ραδιόφωνο."},"perm-fmradio-webRequest":{"_":"Η σελίδα «{{site}}» ζητάει να χρησιμοποιήσει το ραδιόφωνο."},"perm-geolocation":{"_":"Γεωεντοπισμός"},"perm-geolocation-appRequest":{"_":"Η εφαρμογή «{{app}}» ζητάει να μάθει την τοποθεσία σας."},"perm-geolocation-webRequest":{"_":"Η σελίδα «{{site}}» ζητάει να μάθει την τοποθεσία σας."},"perm-geolocation-more-info":{"_":"Το {{brandShortName}} χρησιμοποιεί δεδομένα όπως GPS, Wi-Fi, και κοντινά δίκτυα για τον εντοπισμό της θέσης σας. Τα δεδομένα στέλνονται στο Mozilla και άλλους παρόχους υπηρεσιών και θα χρησιμοποιηθούν για τη βελτίωση των βάσεων δεδομένων τους. Δεδομένα μπορεί να αποθηκεύονται στη συσκευή σας και η συλλογή τους μπορεί να λαμβάνει χώρα ακόμα και όταν καμία εφαρμογή δεν είναι ανοιχτή."},"perm-video-capture":{"_":"Κάμερα"},"perm-video-capture-appRequest":{"_":"Θέλετε να μοιραστείτε την κάμερά σας με την εφαρμογή {{app}};"},"perm-video-capture-webRequest":{"_":"Θέλετε να μοιραστείτε την κάμερά σας με την σελίδα {{site}};"},"perm-audio-capture":{"_":"Μικρόφωνο"},"perm-audio-capture-appRequest":{"_":"Θέλετε να μοιραστείτε το μικρόφωνό σας με την εφαρμογή {{app}};"},"perm-audio-capture-webRequest":{"_":"Θέλετε να μοιραστείτε το μικρόφωνό σας με την σελίδα {{site}};"},"perm-media-capture":{"_":"Κάμερα και Μικρόφωνο"},"perm-media-capture-appRequest":{"_":"Θέλετε να μοιραστείτε την κάμερα και το μικρόφωνό σας με την εφαρμογή {{app}};"},"perm-media-capture-webRequest":{"_":"Θέλετε να μοιραστείτε την κάμερα και το μικρόφωνό σας με την σελίδα {{site}};"},"stopped_download_title":{"_":"Download stopped"},"stopped_download_message":{"_":"Download was stopped. Try downloading again?"},"stopped_download_left_button":{"_":"Cancel"},"stopped_download_right_button":{"_":"Try again"},"failed_download_title":{"_":"Download failed"},"failed_download_message":{"_":"{{name}} failed to download. Try downloading again?"},"failed_download_left_button":{"_":"Cancel"},"failed_download_right_button":{"_":"Try again"},"stop_download_title":{"_":"Stop download"},"stop_download_message":{"_":"Are you sure you want to stop the download?"},"stop_download_left_button":{"_":"No"},"stop_download_right_button":{"_":"Yes"},"delete_download_title":{"_":"Delete"},"delete_download_message":{"_":"Delete {{name}}?"},"delete_download_left_button":{"_":"Cancel"},"delete_download_right_button":{"_":"Delete"},"delete_all_download_title":{"_":"Delete"},"delete_all_download_left_button":{"_":"Cancel"},"delete_all_download_right_button":{"_":"Delete"},"delete_all_download_message":{"_":"{[ plural(number) ]}","_[zero]":"Delete no files?","_[one]":"Delete one file?","_[two]":"Delete {{number}} files?","_[few]":"Delete {{number}} files?","_[many]":"Delete {{number}} files?","_[other]":"Delete {{number}} files?"},"unsupported_file_type_download_title":{"_":"Unable to open"},"unsupported_file_type_download_message":{"_":"There isn’t an app that can open {{name}}. Would you like to save the file or delete it?"},"unsupported_file_type_download_left_button":{"_":"Keep File"},"unsupported_file_type_download_right_button":{"_":"Delete"},"file_not_found_download_title":{"_":"File not found"},"file_not_found_download_message":{"_":"The file wasn’t found on the device"},"file_not_found_download_right_button":{"_":"OK"},"unmounted_sdcard_2_download_title":{"_":"Memory card in use"},"unmounted_sdcard_2_download_message":{"_":"Unplug the phone"},"unmounted_sdcard_2_download_right_button":{"_":"OK"},"no_provider_download_title":{"_":"Unable to share"},"no_provider_download_message":{"_":"No provider found"},"no_provider_download_right_button":{"_":"OK"},"no_memory_download_title":{"_":"SD Card is full"},"no_memory_download_message":{"_":"There is no more room on your SD card to save your download. Please remove some files before restarting the download."},"no_memory_download_right_button":{"_":"OK"},"no_sdcard_found_2_download_title":{"_":"No memory card found"},"no_sdcard_found_2_download_message":{"_":"Insert a memory card or select an alternate default media location in settings"},"no_sdcard_found_2_download_right_button":{"_":"OK"},"file_open_error_download_title":{"_":"Unable to open"},"file_open_error_download_message":{"_":"There is a problem opening {{name}}. Would you like to save the file or delete it?"},"file_open_error_download_left_button":{"_":"Keep File"},"file_open_error_download_right_button":{"_":"Delete"},"restart_download_error":{"_":"There was an error while restarting the download. Please try to download again."},"no-downloads":{"_":"No downloads"},"percentage":{"_":"{{percentage}} %"},"partialResult":{"_":"{{partial}} of {{total}}"},"summary":{"_":"{{date}} - {{status}}"},"download-stopped":{"_":"Stopped"},"download-failed":{"_":"Download failed"},"open_downloaded_file":{"_":"Open"},"share_downloaded_file":{"_":"Share"},"wallpaper_downloaded_file":{"_":"Set as wallpaper"},"ringtone_downloaded_file":{"_":"Set as ringtone"},"cancel_downloaded_file":{"_":"Cancel"},"sim-picker-dial-via-with-number":{"_":"Dial {{ phoneNumber }} via"},"sim-picker-select-sim":{"_":"Select SIM"},"sim-picker-button":{"_":"SIM{{ n }}"},"sim-picker-button-default":{"_":"(default)"}}