{"ok":{"_":"Aceptar"},"back":{"_":"Atrás"},"help":{"_":"Ayuda"},"cancel":{"_":"Cancelar"},"close":{"_":"Cerrar"},"skip":{"_":"Omitir"},"airplaneMode":{"_":"Modo avión"},"searching":{"_":"Buscando…"},"noNetwork":{"_":"Sin servicio"},"roaming":{"_":"{{operator}} (itinerancia)"},"emergencyCallsOnly":{"_":"Sólo llamadas de emergencia"},"emergencyCallsOnly-unknownSIMState":{"_":"(estado SIM desconocido)"},"emergencyCallsOnly-noSIM":{"_":"(sin SIM)"},"emergencyCallsOnly-pinRequired":{"_":"(se requiere PIN)"},"emergencyCallsOnly-pukRequired":{"_":"(se requiere PUK)"},"emergencyCallsOnly-networkLocked":{"_":"(restringido a la red)"},"emergencyCallsOnly-serviceProviderLocked":{"_":"(restringido al proveedor de servicios)"},"emergencyCallsOnly-corporateLocked":{"_":"(restringido a la organización)"},"enterPIN":{"_":"Escribir PIN"},"statusbarLabel":{"_":"{{date}} {{operator}}"},"statusbarDateFormat":{"_":"%e de %b"},"notifications":{"_":"Notificaciones"},"clear-all":{"_":"Borrar todo"},"newVoicemails":{"_":"{[ plural(n) ]}","_[zero]":"No hay mensajes de voz nuevos","_[one]":"Un nuevo mensaje de voz","_[two]":"{{n}} nuevos mensajes de voz","_[few]":"{{n}} nuevos mensajes de voz","_[many]":"{{n}} nuevos mensajes de voz","_[other]":"{{n}} nuevos mensajes de voz"},"newVoicemailsUnknown":{"_":"Nuevo mensaje de voz"},"dialNumber":{"_":"Marcar {{number}}"},"deviceMenu":{"_":"Teléfono"},"airplane":{"_":"Activar modo avión"},"airplaneOff":{"_":"Desactivar modo avión"},"silent":{"_":"Silenciar llamadas"},"normal":{"_":"Sonar llamadas"},"restart":{"_":"Reiniciar"},"power":{"_":"Apagar"},"asyncpanzoom":{"_":"Desactivar APZ para las aplicaciones"},"asyncpanzoomOff":{"_":"Activar APZ para las aplicaciones"},"enableScreenReaderSteps":{"_":"Para activar el lector de pantalla, presione los botones de subir y bajar volumen tres veces más"},"disableScreenReaderSteps":{"_":"Para desactivar el lector de pantalla, presione los botones de subir y bajar volumen tres veces más"},"no-recent-apps":{"_":"No hay aps. recientes"},"yes":{"_":"Sí"},"no":{"_":"No"},"deny":{"_":"No permitir"},"allow":{"_":"Permitir"},"dontshare-geolocation":{"_":"No compartir"},"share-geolocation":{"_":"Compartir"},"dontshare-audio-capture":{"_":"No compartir"},"share-audio-capture":{"_":"Compartir"},"dontshare-video-capture":{"_":"No compartir"},"share-video-capture":{"_":"Compartir"},"dontshare-media-capture":{"_":"No compartir"},"share-media-capture":{"_":"Compartir"},"device-front":{"_":"Cámara delantera"},"device-back":{"_":"Cámara trasera"},"remember-my-choice":{"_":"Recordar mi elección"},"more-info":{"_":"Más información…"},"install-app":{"_":"¿Instalar {{name}}?"},"size":{"_":"Tamaño"},"author":{"_":"Autor"},"size-unknown":{"_":"Desconocido"},"author-unknown":{"_":"Desconocido"},"install":{"_":"Instalar"},"bytes":{"_":"bytes"},"kB":{"_":"Kb"},"MB":{"_":"Mb"},"GB":{"_":"Gb"},"TB":{"_":"Tb"},"PB":{"_":"Pb"},"app-install-generic-error":{"_":"Se detuvo la descarga de {{ appName }}"},"app-install-download-failed":{"_":"Se interrumpió la descarga de {{ appName }}"},"app-install-install-failed":{"_":"Se interrumpió la instalación de {{ appName }}"},"cancelling-will-not-refund":{"_":"La cancelación no devolverá el importe de la compra. Las devoluciones para contenido de pago son provistas por el vendedor original."},"apps-can-be-installed-later":{"_":"Las aplicaciones pueden instalarse posteriormente desde el origen de la instalación."},"are-you-sure-you-want-to-cancel":{"_":"¿Seguro que desea cancelar esta instalación?"},"cancel-install":{"_":"Cancelar instalación"},"resume":{"_":"Reanudar"},"continue":{"_":"Continuar"},"stopDownloading":{"_":"¿Parar la descarga de {{app}}?"},"app-download-can-be-restarted":{"_":"La descarga puede reiniciarse más tarde."},"app-download-stop-button":{"_":"Parar descarga"},"not-enough-space":{"_":"No hay suficiente espacio"},"not-enough-space-message":{"_":"No hay suficiente espacio para instalar esta aplicación. Libere espacio eliminando aplicaciones o archivos multimedia antiguos, y pruebe de nuevo a instalar desde la ubicación original."},"app-install-success":{"_":"{{ appName }} instalada"},"setup":{"_":"Configuración"},"ime-addkeyboards":{"_":"Agregar teclados"},"later":{"_":"Después"},"download":{"_":"Descargar"},"wantToDownload":{"_":"¿Descargar la actualización ahora?"},"wantToInstall":{"_":"¿Instalar la actualización ahora?"},"installNow":{"_":"Instalar ahora"},"notNow":{"_":"Ahora no"},"downloadingUpdateMessage":{"innerHTML":"Descargando actualizaciones… <span>{{ progress }} descargados.</span>"},"downloadingAppMessage":{"_":"Descargando {{ appName }}"},"downloadingAppProgressNoMax":{"_":"{{ progress }} descargados"},"downloadingAppProgressIndeterminate":{"_":"Descargando"},"downloadingAppProgress":{"_":"{{ progress }} / {{ max }} descargados"},"cancelAllDownloads":{"_":"Cancelar todas las descargas"},"wantToCancelAll":{"_":"¿Seguro que desea cancelar todas las descargas?"},"downloadError":{"_":"Hubo un error mientras se descargaban las actualizaciones."},"updateAvailableInfo":{"innerHTML":"{[plural(n) ]}","innerHTML[one]":"{{ n }} actualización disponible. <span>Pulse para más información.</span>","innerHTML[two]":"{{ n }} actualizaciones disponibles. <span>Pulse para más información.</span>","innerHTML[few]":"{{ n }} actualizaciones disponibles. <span>Pulse para más información.</span>","innerHTML[many]":"{{ n }} actualizaciones disponibles. <span>Pulse para más información.</span>","innerHTML[other]":"{{ n }} actualizaciones disponibles. <span>Pulse para más información.</span>"},"numberOfUpdates":{"_":"{[ plural(n) ]}","_[one]":"{{ n }} actualización disponible","_[two]":"{{ n }} actualizaciones disponibles","_[few]":"{{ n }} actualizaciones disponibles","_[many]":"{{ n }} actualizaciones disponibles","_[other]":"{{ n }} actualizaciones disponibles"},"systemUpdate":{"_":"Actualización del sistema"},"systemUpdateReady":{"_":"Actualización de sistema lista"},"required":{"_":"Requerida"},"uncompressingMessage":{"innerHTML":"Descomprimiendo… <span>Puede tardar unos minutos.</span>"},"downloadNoWifiWarning":{"_":"La red wifi no está disponible. Actualizar bajo su conexión actual podría incurrir en cargos adicionales."},"downloadOfflineWarning":{"_":"La conexión no está disponible. Conéctese a una red para descargar actualizaciones."},"downloadDataConnectionWarning":{"_":"Las actualizaciones se descargan a través de una conexión de datos cuando no hay una conexión wifi disponible."},"downloadUpdatesViaDataConnection":{"_":"¿Descargar bajo una conexión de datos?"},"downloadUpdatesViaDataConnectionMessage":{"_":"Las actualizaciones se descargan a través de una conexión de datos cuando no hay una conexión wifi. Usar esta conexión puede bloquear las llamadas telefónicas y suponer la aplicación de cargos adicionales."},"screenshotSaved":{"_":"Captura guardada en Galería"},"screenshotFailed":{"_":"No se guardó la captura"},"screenshotNoSDCard":{"_":"No se encuentra la tarjeta de memoria"},"screenshotSDCardInUse":{"_":"Tarjeta de memoria en uso"},"screenshotSDCardLow":{"_":"No hay suficiente espacio en la tarjeta de memoria"},"emergency-call-button":{"_":"Llamada de emergencia"},"emergency-call":{"_":"Llamada de emergencia"},"unlock-a11y-button":{"ariaLabel":"Desbloquear"},"camera-a11y-button":{"ariaLabel":"Cámara"},"longDateFormat":{"_":"%A, %e de %B"},"softwareHomeButton":{"ariaLabel":"Inicio"},"login":{"_":"Identificarse"},"username":{"_":"Usuario/a"},"password":{"_":"Contraseña"},"http-authentication-message":{"_":"{{host}} requiere un nombre de usuario y contraseña. El sitio dice: “{{realm}}”"},"error-message":{"_":"{{name}} no está cargando correctamente"},"error-title":{"_":"{{name}} está teniendo problemas"},"airplane-is-on":{"_":"El modo avión está activado"},"airplane-is-turned-on":{"_":"{{name}} requiere una conexión a la red. Desactive el modo avión desde Ajustes y conéctese a una red wifi o de datos."},"server-not-found":{"_":"Servidor no encontrado"},"server-not-found-error":{"_":"No se puede encontrar el servidor en {{name}}."},"network-connection-unavailable":{"_":"La conexión a la red no está disponible"},"network-error":{"_":"{{name}} requiere una conexión a la red. Intente conectarse a una red wifi o de datos."},"unable-to-connect":{"_":"Imposible conectar"},"tap-to-retry":{"_":"Pulse para reintentar"},"try-again":{"_":"Probar de nuevo"},"select-time":{"_":"Seleccionar hora"},"choose-option":{"_":"Seleccionar"},"choose-options":{"_":"Seleccionar"},"select-day":{"_":"Seleccionar día"},"battery-almost-empty":{"_":"Batería casi agotada"},"add-to-home-screen":{"_":"Agregar a pant. inicio"},"crash-dialog2-os":{"_":"{{brandShortName}} se ha recuperado de un fallo"},"crash-dialog-app":{"_":"{{name}} acaba de fallar"},"crash-dialog-message":{"_":"¿Desea enviar a Mozilla un informe acerca de este fallo y ayudarnos a solucionar el problema? (Solo se envían bajo wifi)."},"crash-info-link":{"_":"¿Qué contiene un informe de error?"},"crash-always-report":{"_":"Mandar siempre un informe a Mozilla cuando ocurra un fallo."},"crash-dont-send":{"_":"No enviar"},"crash-end":{"_":"Enviar informe"},"crashReports":{"_":"Informes de error"},"done":{"_":"Aceptar"},"crash-reports-description-1":{"_":"Un informe de error contiene una serie de datos que describen el fallo y su dispositivo, así como una instantánea del estado en el que se encontraba su dispositivo cuando ocurrió el fallo."},"crash-reports-description-2":{"_":"Incluirá cosas como páginas y aplicaciones abiertas, texto escrito en formularios, el contenido de mensajes abiertos, el historial reciente de navegación o la ubicación que la aplicación abierta utilizó."},"crash-reports-description-3-start":{"_":"Utilizamos los informes de error para solucionar problemas y mejorar nuestros productos. Gestionamos su información según se describe en nuestra"},"crash-reports-description-3-privacy":{"_":"política de privacidad"},"crash-reports-description-3-end":{"_":"."},"crash-banner-os2":{"_":"{{brandShortName}} acaba de fallar."},"crash-banner-app":{"_":"{{name}} acaba de fallar."},"crash-banner-report":{"_":"Informar"},"bluetooth-sendingTitle":{"_":"Enviando transferencia Bluetooth…"},"bluetooth-receivingTitle":{"_":"Recibir transferencia Bluetooth…"},"bluetooth-sending-progress":{"_":"Enviando transferencia Bluetooth…"},"bluetooth-receiving-progress":{"_":"Recibiendo transferencia Bluetooth…"},"acceptFileTransfer":{"_":"¿Aceptar una transferencia Bluetooth?"},"wantToReceiveFile":{"_":"A {{deviceName}} le gustaría transferir {{fileName}} ({{fileSize}})."},"transfer-confirmation-title":{"_":"{{deviceName}}"},"transfer-confirmation-description":{"_":"Revise la petición de transferencia."},"byteUnit-B":{"_":"Bytes"},"byteUnit-KB":{"_":"Kb"},"byteUnit-MB":{"_":"Mb"},"byteUnit-GB":{"_":"Gb"},"byteUnit-TB":{"_":"Tb"},"byteUnit-PB":{"_":"Pb"},"byteUnit-EB":{"_":"Eb"},"byteUnit-ZB":{"_":"Zb"},"byteUnit-YB":{"_":"Yb"},"fileSize":{"_":"{{size}} {{unit}}"},"transfer":{"_":"Transferir"},"cancelFileTransfer":{"_":"¿Cancelar la transferencia Bluetooth?"},"transfer-has-started-title":{"_":"La transferencia ha comenzado"},"transfer-has-started-description":{"_":"Vea progreso en centro de actividades"},"transferFinished-sentSuccessful-title":{"_":"Archivo enviado"},"transferFinished-receivedSuccessful-title":{"_":"Archivo recibido"},"transferFinished-sentFailed-title":{"_":"No se envió el archivo"},"transferFinished-receivedFailed-title":{"_":"No se recibió el archivo"},"transferReport-title":{"_":"Informe de la transferencia:"},"transferReport-description":{"_":"{{numSuccessful}} archivos transferidos, {{numUnsuccessful}} archivos no transferidos"},"unknown-file":{"_":"Archivo desconocido"},"unknown-device":{"_":"Dispositivo desconocido"},"cannotOpenFile":{"_":"No se puede abrir fichero recibido"},"unknownMediaTypeToOpen":{"_":"No se puede abrir tipo de archivo multimedia desconocido:"},"cannotReceiveFile":{"_":"No se puede recibir archivo"},"cannotGetStorageState":{"_":"No se puede obtener estado de almacenamiento del dispositivo."},"sdcard-not-exist2":{"_":"No se encuentra la tarjeta de memoria. Por favor, inserte una."},"sdcard-in-use":{"_":"No se puede usar Bluetooth mientras el teléfono esté conectado. Desconecte el teléfono para recibir archivo(s)."},"sdcard-no-space2":{"_":"No se puede completar la transferencia: la tarjeta de memoria está llena."},"unknown-error":{"_":"Error desconocido"},"confirm":{"_":"Confirmar"},"microphone-is-on":{"_":"Micro está activado"},"camera-is-on":{"_":"Cámara está activada"},"media-is-on":{"_":"Cámara y micro están activados"},"noSimCard":{"_":"No hay tarjeta SIM"},"simPin":{"_":"PIN de SIM"},"pukCode":{"_":"Código PUK"},"nckCode":{"_":"Código NCK"},"cckCode":{"_":"Código CCK"},"spckCode":{"_":"Código SPCK"},"whatIsSimPin":{"_":"¿Qué es el número PIN de la tarjeta SIM?"},"simPinIntro1":{"_":"Un PIN evita el acceso a las redes móviles de datos de la tarjeta SIM. Cuando está activo, cualquier dispositivo con SIM pide el PIN al reiniciar."},"simPinIntro2":{"_":"El número PIN de la tarjeta SIM no es el mismo código que se usa para desbloquear el dispositivo."},"changeSimPin":{"_":"Cambiar PIN"},"pinTitle":{"_":"Escribir PIN"},"multiSIMpinTitle":{"_":"Escribir PIN de la SIM {{n}}"},"pukTitle":{"_":"Escribir PUK"},"nckTitle":{"_":"Escribir NCK"},"cckTitle":{"_":"Escribir CCK"},"spckTitle":{"_":"Escribir SPCK"},"newpinTitle":{"_":"Nuevo PIN"},"inputCodeRetriesLeft":{"_":"{[ plural(n) ]}","_[one]":"último intento.","_[two]":"quedan {{n}} intentos.","_[few]":"quedan {{n}} intentos.","_[many]":"quedan {{n}} intentos.","_[other]":"quedan {{n}} intentos."},"pinErrorMsg":{"_":"El PIN no es correcto."},"pinAttemptMsg2":{"_":"{[ plural(n) ]}","_[one]":"Sólo le queda un intento para escribir el código correcto antes de bloquear la SIM.","_[two]":"Le quedan {{n}} intentos para escribir el código correcto antes de bloquear la SIM.","_[few]":"Le quedan {{n}} intentos para escribir el código correcto antes de bloquear la SIM.","_[many]":"Le quedan {{n}} intentos para escribir el código correcto antes de bloquear la SIM.","_[other]":"Le quedan {{n}} intentos para escribir el código correcto antes de bloquear la SIM."},"pinLastChanceMsg":{"_":"Esta es su última oportunidad para escribir el PIN correcto. Si comete otro error, deberá escribir el código PUK para usar la tarjeta SIM."},"simCardLockedMsg":{"_":"La tarjeta SIM está bloqueada."},"enterPukMsg":{"_":"Debe escribir la Clave Personal de Desbloqueo (PUK) para la tarjeta SIM. Consulte la documentación de su tarjeta SIM o contacte con su operador para más información."},"pukErrorMsg":{"_":"El código PUK no es correcto."},"pukAttemptMsg2":{"_":"{[ plural(n) ]}","_[one]":"Sólo le queda un intento para escribir el código correcto antes de que la tarjeta SIM quede definitivamente inutilizable. Consulte la documentación de su tarjeta SIM o contacte con su operador para tener más información.","_[two]":"Le quedan {{n}} intentos para escribir el código correcto antes de que la tarjeta SIM quede definitivamente inutilizable. Consulte la documentación de su tarjeta SIM o contacte con su operador para tener más información.","_[few]":"Le quedan {{n}} intentos para escribir el código correcto antes de que la tarjeta SIM quede definitivamente inutilizable. Consulte la documentación de su tarjeta SIM o contacte con su operador para tener más información.","_[many]":"Le quedan {{n}} intentos para escribir el código correcto antes de que la tarjeta SIM quede definitivamente inutilizable. Consulte la documentación de su tarjeta SIM o contacte con su operador para tener más información.","_[other]":"Le quedan {{n}} intentos para escribir el código correcto antes de que la tarjeta SIM quede definitivamente inutilizable. Consulte la documentación de su tarjeta SIM o contacte con su operador para tener más información."},"pukLastChanceMsg":{"_":"Última oportunidad para escribir el código PUK correcto. Su tarjeta SIM quedará inutilizable si escribe un código PUK incorrecto. Consulte la documentación de su tarjeta SIM o contacte con su operador para tener más información."},"newSimPinMsg":{"_":"Crear nuevo número PIN (debe tener entre 4 a 8 dígitos)"},"confirmNewSimPinMsg":{"_":"Confirmar nuevo PIN"},"newPinErrorMsg":{"_":"Los PIN no coinciden."},"nckErrorMsg":{"_":"El código NCK no es correcto."},"nckAttemptMsg2":{"_":"{[ plural(n) ]}","_[one]":"La despersonalización de red falló. Sólo le queda un intento para escribir el código correcto. Consulte la documentación de su dispositivo o contacte con su operador para tener más información.","_[two]":"La despersonalización de red falló. Le quedan {{n}} intentos para escribir el código correcto. Consulte la documentación de su dispositivo o contacte con su operador para tener más información.","_[few]":"La despersonalización de red falló. Le quedan {{n}} intentos para escribir el código correcto. Consulte la documentación de su dispositivo o contacte con su operador para tener más información.","_[many]":"La despersonalización de red falló. Le quedan {{n}} intentos para escribir el código correcto. Consulte la documentación de su dispositivo o contacte con su operador para tener más información.","_[other]":"La despersonalización de red falló. Le quedan {{n}} intentos para escribir el código correcto. Consulte la documentación de su dispositivo o contacte con su operador para tener más información."},"nckLastChanceMsg":{"_":"La despersonalización de red falló. Es el último intento para escribir el código correcto. Consulte la documentación de su dispositivo o contacte con su operador para tener más información."},"activity-pick":{"_":"Seleccionar de:"},"activity-view":{"_":"Ver con:"},"activity-test":{"_":"Probar con:"},"activity-share":{"_":"Compartir con:"},"activity-new":{"_":"Crear con:"},"activity-open":{"_":"Abrir con:"},"activity-save-bookmark":{"_":"Agregar a marcadores a:"},"activity-record":{"_":"Grabar de:"},"activity-browse":{"_":"Navegar con:"},"activity-configure":{"_":"Configurar con:"},"activity-dial":{"_":"Llamar desde:"},"persona-signin":{"_":"Identificarse"},"payment-flow":{"_":"Comprar"},"remoteDebuggerMessage":{"_":"Se detectó una petición entrante para permitir depuración remota. ¿Permitir conexión?"},"fullscreen-request":{"_":"{{origin}} está ahora en modo pantalla completa."},"captive-wifi-available":{"_":"Se encontró la red {{networkName}}. ¿Unirse?"},"ceWarningtitle":{"_":"Aviso de volumen"},"ceWarningcontent":{"_":"Para prevenir posibles daños auditivos, no escuche sonido a un volumen excesivo durante mucho tiempo."},"notification-powersaving-mode-on-title":{"_":"Modo ahorro de energía"},"notification-powersaving-mode-on-description":{"_":"El modo de ahorro de energía está activado."},"low-device-storage":{"_":"Poco espacio en disco.\n"},"free-space":{"_":"{[ plural(value) ]}","_[zero]":"No queda espacio libre.","_[one]":"Menos de {{value}} {{unit}} disponible.","_[two]":"Menos de {{value}} {{unit}} disponibles.","_[few]":"Menos de {{value}} {{unit}} disponibles.","_[many]":"Menos de {{value}} {{unit}} disponibles.","_[other]":"Menos de {{value}} {{unit}} disponibles."},"unknown-free-space":{"_":"Espacio disponible desconocido."},"system-alert":{"_":"Alerta del sistema"},"cb-channel":{"_":"Canal {{channel}}"},"icc-message-title":{"_":"Mensaje de operador de la SIM {{id}}"},"icc-confirmCall-defaultmessage":{"_":"¿Llamar a {{number}}?"},"icc-alertMessage-defaultmessage":{"_":"Enviando mensaje"},"icc-confirmMessage-defaultmessage":{"_":"¿Enviar mensaje?"},"icc-inputbox-title":{"_":"Petición STK de la sim {{id}}"},"emergency-callback-mode":{"_":"Modo de llamada de respuesta de emergencia"},"emergency-callback-message":{"_":"No puede hacer llamadas, enviar mensajes ni conectarse a internet porque tiene activado el modo de llamada de respuesta de emergencia. ¿Desea desactivarlo?"},"cdma-record-info":{"_":"Información de registro CDMA"},"ime-switching-title":{"_":"{{appName}}: {{name}}"},"ime-switching-tip":{"_":"Pulse para cambiar de método de entrada"},"layout-selection":{"_":"Elección de disposición"},"shrinking-tip":{"_":"Deslice para compartir"},"download_started":{"_":"Descarga iniciada"},"download_stopped":{"_":"Descarga detenida"},"download_downloading":{"_":"Descargando…"},"download_succeeded":{"_":"Descarga completa"},"download_failed":{"_":"Descarga fallida"},"download_text_by_default":{"_":"{{name}}"},"download_downloading_text_2":{"_":"{{percentage}}% - {{name}}"},"search":{"_":"Buscar"},"search-or-type-address":{"placeholder":"Busque o escriba dirección"},"noSIMCardInHotspot":{"_":"No se encuentra la tarjeta SIM o no está insertada correctamente, desactive el punto de acceso"},"brandShortName":{"_":"B2G OS"},"browserBrandShortName":{"_":"Navegador"},"browserBrandFullName":{"_":"Navegador de Mozilla"},"weekday-0-long":{"_":"domingo"},"weekday-1-long":{"_":"lunes"},"weekday-2-long":{"_":"martes"},"weekday-3-long":{"_":"miércoles"},"weekday-4-long":{"_":"jueves"},"weekday-5-long":{"_":"viernes"},"weekday-6-long":{"_":"sábado"},"weekday-0-short":{"_":"do."},"weekday-1-short":{"_":"lu."},"weekday-2-short":{"_":"ma."},"weekday-3-short":{"_":"mi."},"weekday-4-short":{"_":"ju."},"weekday-5-short":{"_":"vi."},"weekday-6-short":{"_":"sá."},"month-0-long":{"_":"enero"},"month-1-long":{"_":"febrero"},"month-2-long":{"_":"marzo"},"month-3-long":{"_":"abril"},"month-4-long":{"_":"mayo"},"month-5-long":{"_":"junio"},"month-6-long":{"_":"julio"},"month-7-long":{"_":"agosto"},"month-8-long":{"_":"septiembre"},"month-9-long":{"_":"octubre"},"month-10-long":{"_":"noviembre"},"month-11-long":{"_":"diciembre"},"month-0-genitive":{"_":"enero"},"month-1-genitive":{"_":"febrero"},"month-2-genitive":{"_":"marzo"},"month-3-genitive":{"_":"abril"},"month-4-genitive":{"_":"mayo"},"month-5-genitive":{"_":"junio"},"month-6-genitive":{"_":"julio"},"month-7-genitive":{"_":"agosto"},"month-8-genitive":{"_":"septiembre"},"month-9-genitive":{"_":"octubre"},"month-10-genitive":{"_":"noviembre"},"month-11-genitive":{"_":"diciembre"},"month-0-short":{"_":"ene."},"month-1-short":{"_":"feb."},"month-2-short":{"_":"mar."},"month-3-short":{"_":"abr."},"month-4-short":{"_":"may."},"month-5-short":{"_":"jun."},"month-6-short":{"_":"jul."},"month-7-short":{"_":"ago."},"month-8-short":{"_":"sep."},"month-9-short":{"_":"oct."},"month-10-short":{"_":"nov."},"month-11-short":{"_":"dic."},"minutes-ago-long":{"_":"{[ plural(value) ]}","_[zero]":"ahora","_[one]":"hace un minuto","_[two]":"hace {{value}} minutos","_[few]":"hace {{value}} minutos","_[many]":"hace {{value}} minutos","_[other]":"hace {{value}} minutos"},"hours-ago-long":{"_":"{[ plural(value) ]}","_[zero]":"ahora","_[one]":"hace una hora","_[two]":"hace {{value}} horas","_[few]":"hace {{value}} horas","_[many]":"hace {{value}} horas","_[other]":"hace {{value}} horas"},"days-ago-long":{"_":"{[ plural(value) ]}","_[zero]":"hoy","_[one]":"ayer","_[two]":"hace {{value}} días","_[few]":"hace {{value}} días","_[many]":"hace {{value}} días","_[other]":"hace {{value}} días"},"weeks-ago-long":{"_":"{[ plural(value) ]}","_[zero]":"esta semana","_[one]":"la semana pasada","_[two]":"hace {{value}} semanas","_[few]":"hace {{value}} semanas","_[many]":"hace {{value}} semanas","_[other]":"hace {{value}} semanas"},"months-ago-long":{"_":"{[ plural(value) ]}","_[zero]":"este mes","_[one]":"el último mes","_[two]":"hace {{value}} meses","_[few]":"hace {{value}} meses","_[many]":"hace {{value}} meses","_[other]":"hace {{value}} meses"},"years-ago-long":{"_":"{[ plural(value) ]}","_[zero]":"este año","_[one]":"último año","_[two]":"hace {{value}} años","_[few]":"hace {{value}} años","_[many]":"hace {{value}} años","_[other]":"hace {{value}} años"},"minutes-until-long":{"_":"{[ plural(value) ]}","_[zero]":"ahora","_[one]":"en un minuto","_[two]":"en {{value}} minutos","_[few]":"en {{value}} minutos","_[many]":"en {{value}} minutos","_[other]":"en {{value}} minutos"},"hours-until-long":{"_":"{[ plural(value) ]}","_[zero]":"ahora","_[one]":"en una hora","_[two]":"en {{value}} horas","_[few]":"en {{value}} horas","_[many]":"en {{value}} horas","_[other]":"en {{value}} horas"},"days-until-long":{"_":"{[ plural(value) ]}","_[zero]":"hoy","_[one]":"mañana","_[two]":"en {{value}} días","_[few]":"en {{value}} días","_[many]":"en {{value}} días","_[other]":"en {{value}} días"},"weeks-until-long":{"_":"{[ plural(value) ]}","_[zero]":"esta semana","_[one]":"la próxima semana","_[two]":"en {{value}} semanas","_[few]":"en {{value}} semanas","_[many]":"en {{value}} semanas","_[other]":"en {{value}} semanas"},"months-until-long":{"_":"{[ plural(value) ]}","_[zero]":"este mes","_[one]":"próximo mes","_[two]":"en {{value}} meses","_[few]":"en {{value}} meses","_[many]":"en {{value}} meses","_[other]":"en {{value}} meses"},"years-until-long":{"_":"{[ plural(value) ]}","_[zero]":"este año","_[one]":"próximo año","_[two]":"en {{value}} años","_[few]":"en {{value}} años","_[many]":"en {{value}} años","_[other]":"en {{value}} años"},"minutes-ago-short":{"_":"{[ plural(value) ]}","_[zero]":"ahora","_[other]":"hace {{value}} m"},"hours-ago-short":{"_":"{[ plural(value) ]}","_[zero]":"ahora","_[other]":"hace {{value}} h"},"days-ago-short":{"_":"{[ plural(value) ]}","_[zero]":"hoy","_[other]":"hace {{value}} d"},"minutes-until-short":{"_":"{[ plural(value) ]}","_[zero]":"ahora","_[other]":"en {{value}} m"},"hours-until-short":{"_":"{[ plural(value) ]}","_[zero]":"ahora","_[other]":"en {{value}} h"},"days-until-short":{"_":"{[ plural(value) ]}","_[zero]":"hoy","_[other]":"en {{value}} d"},"incorrectDate":{"_":"(fecha incorrecta)"},"dateTimeFormat_%c":{"_":"%a, %e de %b, %Y %H:%M:%S"},"dateTimeFormat_%x":{"_":"%d/%m/%Y"},"dateTimeFormat_%X":{"_":"%H:%M:%S"},"shortTimeFormat":{"_":"%H:%M"},"shortDateTimeFormat":{"_":"%x %H:%M %p"},"weekStartsOnMonday":{"_":"1"},"time_am":{"_":"AM"},"time_pm":{"_":"PM"},"perm-contacts":{"_":"Contactos"},"perm-contacts-appRequest":{"_":"A la aplicación {{app}} le gustaría acceder a su lista de contactos."},"perm-contacts-webRequest":{"_":"Al sitio {{site}} le gustaría acceder a su lista de contactos."},"perm-desktop-notification":{"_":"Notificaciones"},"perm-desktop-notification-appRequest":{"_":"A la aplicación {{app}} le gustaría mostrar notificaciones."},"perm-desktop-notification-webRequest":{"_":"Al sitio {{site}} le gustaría mostrar notificaciones."},"perm-device-storage-music":{"_":"Archivos de música"},"perm-device-storage-music-appRequest":{"_":"A la aplicación {{app}} le gustaría acceder a su música."},"perm-device-storage-music-webRequest":{"_":"Al sitio {{site}} le gustaría acceder a su música."},"perm-device-storage-pictures":{"_":"Archivos de imágenes"},"perm-device-storage-pictures-appRequest":{"_":"A la aplicación {{app}} le gustaría acceder a sus imágenes."},"perm-device-storage-pictures-webRequest":{"_":"Al sitio {{site}} le gustaría acceder a sus imágenes."},"perm-device-storage-sdcard":{"_":"Tarjeta de memoria"},"perm-device-storage-sdcard-appRequest":{"_":"A la aplicación {{app}} le gustaría acceder a su tarjeta de memoria."},"perm-device-storage-sdcard-webRequest":{"_":"Al sitio {{site}} le gustaría acceder a su tarjeta de memoria."},"perm-device-storage-videos":{"_":"Archivos de vídeo"},"perm-device-storage-videos-appRequest":{"_":"A la aplicación {{app}} le gustaría acceder a sus vídeos."},"perm-device-storage-videos-webRequest":{"_":"Al sitio {{site}} le gustaría acceder a sus vídeos."},"perm-fmradio":{"_":"Radio FM"},"perm-fmradio-appRequest":{"_":"A la aplicación {{app}} le gustaría acceder a Radio FM."},"perm-fmradio-webRequest":{"_":"Al sitio {{site}} le gustaría acceder a Radio FM."},"perm-geolocation":{"_":"Geolocalización"},"perm-geolocation-appRequest":{"_":"A la aplicación {{app}} le gustaría conocer su ubicación."},"perm-geolocation-webRequest":{"_":"Al sitio {{site}} le gustaría conocer su ubicación."},"perm-geolocation-more-info":{"_":"{{brandShortName}} utiliza datos como GPS, wifi y redes móviles próximas a usted para determinar su ubicación aproximada. Los datos se envían a Mozilla y otros proveedores de servicios, y se usarán agregados con el fin de mejorar las bases de datos sobre ubicaciones. Los datos se guardarán en su dispositivo y la recopilación de los mismos se efectuará incluso cuando no se esté ejecutando ninguna aplicación."},"perm-video-capture":{"_":"Cámara"},"perm-video-capture-appRequest":{"_":"¿Le gustaría compartir su cámara con la aplicación {{app}}?"},"perm-video-capture-webRequest":{"_":"¿Le gustaría compartir su cámara con el sitio {{site}}?"},"perm-audio-capture":{"_":"Micrófono"},"perm-audio-capture-appRequest":{"_":"¿Le gustaría compartir su micrófono con la aplicación {{app}}?"},"perm-audio-capture-webRequest":{"_":"¿Le gustaría compartir su micrófono con el sitio {{site}}?"},"perm-media-capture":{"_":"Cámara y micrófono"},"perm-media-capture-appRequest":{"_":"¿Le gustaría compartir su cámara y su micrófono con la aplicación {{app}}?"},"perm-media-capture-webRequest":{"_":"¿Le gustaría compartir su cámara y su micrófono con el sitio {{site}}?"},"stopped_download_title":{"_":"Descarga parada"},"stopped_download_message":{"_":"Se detuvo la descarga. ¿Probar de nuevo a descargar?"},"stopped_download_left_button":{"_":"Cancelar"},"stopped_download_right_button":{"_":"Probar de nuevo"},"failed_download_title":{"_":"Error en la descarga"},"failed_download_message":{"_":"{{name}} interrumpió la descarga. ¿Probar de nuevo a descargar?"},"failed_download_left_button":{"_":"Cancelar"},"failed_download_right_button":{"_":"Probar de nuevo"},"stop_download_title":{"_":"Parar descarga"},"stop_download_message":{"_":"¿Seguro que desea parar la descarga?"},"stop_download_left_button":{"_":"No"},"stop_download_right_button":{"_":"Sí"},"delete_download_title":{"_":"Borrar"},"delete_download_message":{"_":"¿Borrar {{name}}?"},"delete_download_left_button":{"_":"Cancelar"},"delete_download_right_button":{"_":"Borrar"},"delete_all_download_title":{"_":"Borrar"},"delete_all_download_left_button":{"_":"Cancelar"},"delete_all_download_right_button":{"_":"Borrar"},"delete_all_download_message":{"_":"{[ plural(number) ]}","_[zero]":"¿No eliminar ficheros?","_[one]":"¿Eliminar un fichero?","_[two]":"¿Eliminar {{number}} ficheros?","_[few]":"¿Eliminar {{number}} ficheros?","_[many]":"¿Eliminar {{number}} ficheros?","_[other]":"¿Eliminar {{number}} ficheros?"},"unsupported_file_type_download_title":{"_":"Imposible abrir"},"unsupported_file_type_download_message":{"_":"No hay ninguna aplicación que pueda abrir {{name}}. ¿Desea guardar el archivo o borrarlo?"},"unsupported_file_type_download_left_button":{"_":"Guardar archivo"},"unsupported_file_type_download_right_button":{"_":"Borrar"},"file_not_found_download_title":{"_":"No se encontró ningún archivo"},"file_not_found_download_message":{"_":"No se encontró el archivo en el dispositivo"},"file_not_found_download_right_button":{"_":"Aceptar"},"unmounted_sdcard_2_download_title":{"_":"Tarjeta de memoria en uso"},"unmounted_sdcard_2_download_message":{"_":"Desconecte el teléfono"},"unmounted_sdcard_2_download_right_button":{"_":"Aceptar"},"no_provider_download_title":{"_":"Imposible compartir"},"no_provider_download_message":{"_":"No se encontró proveedor"},"no_provider_download_right_button":{"_":"Aceptar"},"no_memory_download_title":{"_":"La tarjeta SD está llena"},"no_memory_download_message":{"_":"No hay más espacio en la tarjeta SD para guardar la descarga. Elimine algunos archivos antes de reiniciarla."},"no_memory_download_right_button":{"_":"Aceptar"},"no_sdcard_found_2_download_title":{"_":"No se encontró ninguna tarjeta de memoria"},"no_sdcard_found_2_download_message":{"_":"Inserte una tarjeta de memoria o seleccione en Ajustes una ubicación predeterminada alternativa para los archivos multimedia"},"no_sdcard_found_2_download_right_button":{"_":"Aceptar"},"file_open_error_download_title":{"_":"Imposible abrir"},"file_open_error_download_message":{"_":"Hubo un problema al abrir {{name}}. ¿Desea guardar el archivo o borrarlo?"},"file_open_error_download_left_button":{"_":"Guardar archivo"},"file_open_error_download_right_button":{"_":"Borrar"},"restart_download_error":{"_":"Hubo un error al reiniciar la descarga. Pruebe de nuevo a descargar."},"no-downloads":{"_":"No hay descargas"},"percentage":{"_":"{{percentage}} %"},"partialResult":{"_":"{{partial}} de {{total}}"},"summary":{"_":"{{date}} - {{status}}"},"download-stopped":{"_":"Parada"},"download-failed":{"_":"Descarga fallida"},"open_downloaded_file":{"_":"Abierta"},"share_downloaded_file":{"_":"Compartir"},"wallpaper_downloaded_file":{"_":"Usar como fondo de pantalla"},"ringtone_downloaded_file":{"_":"Usar como tono de llamada"},"cancel_downloaded_file":{"_":"Cancelar"},"sim-picker-dial-via-with-number":{"_":"Llamar a {{ phoneNumber }} vía"},"sim-picker-select-sim":{"_":"Seleccionar SIM"},"sim-picker-button":{"_":"SIM{{ n }}"},"sim-picker-button-default":{"_":"(predeterminada)"}}