{"ok":{"_":"Ados"},"back":{"_":"Atzera"},"help":{"_":"Laguntza"},"cancel":{"_":"Utzi"},"close":{"_":"Itxi"},"skip":{"_":"Saltatu"},"airplaneMode":{"_":"Hegazkin modua"},"searching":{"_":"Bilatzen…"},"noNetwork":{"_":"Sarerik ez"},"roaming":{"_":"{{operator}} (ibiltaritza)"},"emergencyCallsOnly":{"_":"Larrialdi-deiak soilik"},"emergencyCallsOnly-unknownSIMState":{"_":"(SIMaren egoera ezezaguna)"},"emergencyCallsOnly-noSIM":{"_":"(SIMik ez)"},"emergencyCallsOnly-pinRequired":{"_":"(SIM PINa beharrezkoa)"},"emergencyCallsOnly-pukRequired":{"_":"(SIM PUKa beharrezkoa)"},"emergencyCallsOnly-networkLocked":{"_":"(sarea blokeatuta)"},"emergencyCallsOnly-serviceProviderLocked":{"_":"(zerbitzu-hornitzaileak blokeatuta)"},"emergencyCallsOnly-corporateLocked":{"_":"(enpresak blokeatuta)"},"enterPIN":{"_":"Sartu PINa"},"statusbarLabel":{"_":"{{date}}, {{operator}}"},"statusbarDateFormat":{"_":"%Bk %e"},"notifications":{"_":"Jakinarazpenak"},"clear-all":{"_":"Garbitu dena"},"newVoicemails":{"_":"{[ plural(n) ]}","_[zero]":"Ahots-mezu berririk ez","_[one]":"Ahots-mezu berri bat","_[two]":"{{n}} ahots-mezu berri","_[few]":"{{n}} ahots-mezu berri","_[many]":"{{n}} ahots-mezu berri","_[other]":"{{n}} ahots-mezu berri"},"newVoicemailsUnknown":{"_":"Ahots-mezu berria"},"dialNumber":{"_":"Markatu {{number}}"},"deviceMenu":{"_":"Telefonoa"},"airplane":{"_":"Piztu hegazkin modua"},"airplaneOff":{"_":"Itzali hegazkin modua"},"silent":{"_":"Isilarazi sarrerako deiak"},"normal":{"_":"Jo sarrerako deiak"},"restart":{"_":"Berrabiarazi"},"power":{"_":"Itzali"},"asyncpanzoom":{"_":"Desgaitu APZ aplikazioentzat"},"asyncpanzoomOff":{"_":"Gaitu APZ aplikazioentzat"},"enableScreenReaderSteps":{"_":"Pantaila-irakurlea gaitzeko, sakatu bolumena igotzeko botoia eta gero bolumena jaistekoa hiru aldiz"},"disableScreenReaderSteps":{"_":"Pantaila-irakurlea desgaitzeko, sakatu bolumena igotzeko botoia eta gero bolumena jaistekoa hiru aldiz"},"no-recent-apps":{"_":"Azken aplikaziorik ez"},"yes":{"_":"Bai"},"no":{"_":"Ez"},"deny":{"_":"Ukatu"},"allow":{"_":"Baimendu"},"dontshare-geolocation":{"_":"Ez partekatu"},"share-geolocation":{"_":"Partekatu"},"dontshare-audio-capture":{"_":"Ez partekatu"},"share-audio-capture":{"_":"Partekatu"},"dontshare-video-capture":{"_":"Ez partekatu"},"share-video-capture":{"_":"Partekatu"},"dontshare-media-capture":{"_":"Ez partekatu"},"share-media-capture":{"_":"Partekatu"},"device-front":{"_":"Aurreko kamera"},"device-back":{"_":"Atzeko kamera"},"remember-my-choice":{"_":"Gogoratu nire aukera"},"more-info":{"_":"Informazio gehiago…"},"install-app":{"_":"Instalatu {{name}}?"},"size":{"_":"Tamaina"},"author":{"_":"Egilea"},"size-unknown":{"_":"Ezezaguna"},"author-unknown":{"_":"Ezezaguna"},"install":{"_":"Instalatu"},"bytes":{"_":"byte"},"kB":{"_":"KB"},"MB":{"_":"MB"},"GB":{"_":"GB"},"TB":{"_":"TB"},"PB":{"_":"PB"},"app-install-generic-error":{"_":"{{ appName }}: deskarga geldituta"},"app-install-download-failed":{"_":"{{ appName }}: deskargak huts egin du"},"app-install-install-failed":{"_":"{{ appName }}: instalazioak huts egin du"},"cancelling-will-not-refund":{"_":"Utziz gero ez da dirurik bueltatuko. Ordaindutako edukiarengatik jatorrizko saltzaileak itzultzen du dirua."},"apps-can-be-installed-later":{"_":"Aplikazioak beranduago instala daiteke jatorrizko instalazio-iturburutik."},"are-you-sure-you-want-to-cancel":{"_":"Ziur zaude instalazioa utzi nahi duzula?"},"cancel-install":{"_":"Utzi instalazioa"},"resume":{"_":"Berrekin"},"continue":{"_":"Jarraitu"},"stopDownloading":{"_":"Gelditu {{ app }} deskargatzen?"},"app-download-can-be-restarted":{"_":"Deskarga beranduago berrekin daiteke."},"app-download-stop-button":{"_":"Gelditu deskarga"},"not-enough-space":{"_":"Toki librerik ez"},"not-enough-space-message":{"_":"Ez dago aplikazio hau instalatzeko toki librerik. Egin tokia aplikazio zaharrak edo multimedia ezabatuz eta saiatu berriro instalatzen jatorrizko iturburutik."},"app-install-success":{"_":"{{ appName }} instalatuta"},"setup":{"_":"Konfiguratu"},"ime-addkeyboards":{"_":"Gehitu teklatuak"},"later":{"_":"Beranduago"},"download":{"_":"Deskargatu"},"wantToDownload":{"_":"Deskargatu eguneraketa orain?"},"wantToInstall":{"_":"Instalatu eguneraketa orain?"},"installNow":{"_":"Instalatu orain"},"notNow":{"_":"Orain ez"},"downloadingUpdateMessage":{"innerHTML":"Eguneraketak deskargatzen… <span>{{ progress }} deskargatuta.</span>"},"downloadingAppMessage":{"_":"{{ appName }} deskargatzen"},"downloadingAppProgressNoMax":{"_":"{{ progress }} deskargatuta"},"downloadingAppProgressIndeterminate":{"_":"Deskargatzen"},"downloadingAppProgress":{"_":"{{ max }} / {{ progress }} deskargatuta"},"cancelAllDownloads":{"_":"Utzi deskarga guztiak"},"wantToCancelAll":{"_":"Ziur zaude deskarga guztiak utzi nahi dituzula?"},"downloadError":{"_":"Errorea gertatu da eguneraketak deskargatzean."},"updateAvailableInfo":{"innerHTML":"{[ plural(n) ]}","innerHTML[one]":"Eguneraketa bat erabilgarri. <span>Sakatu informazio gehiagorako.</span>","innerHTML[two]":"{{ n }} eguneraketa erabilgarri. <span>Sakatu informazio gehiagorako.</span>","innerHTML[few]":"{{ n }} eguneraketa erabilgarri. <span>Sakatu informazio gehiagorako.</span>","innerHTML[many]":"{{ n }} eguneraketa erabilgarri. <span>Sakatu informazio gehiagorako.</span>","innerHTML[other]":"{{ n }} eguneraketa erabilgarri. <span>Sakatu informazio gehiagorako.</span>"},"numberOfUpdates":{"_":"{[ plural(n) ]}","_[one]":"Eguneraketa bat erabilgarri","_[two]":"{{ n }} eguneraketa erabilgarri","_[few]":"{{ n }} eguneraketa erabilgarri","_[many]":"{{ n }} eguneraketa erabilgarri","_[other]":"{{ n }} eguneraketa erabilgarri"},"systemUpdate":{"_":"Sistemaren eguneraketa"},"systemUpdateReady":{"_":"Sistemaren eguneraketa prest"},"required":{"_":"Beharrezkoa"},"uncompressingMessage":{"innerHTML":"Deskonprimitzen… <span>Minutu batzuk har ditzake.</span>"},"downloadNoWifiWarning":{"_":"Wi-Fia ez dago erabilgarri. Uneko konexioarekin eguneratzeak tarifa gehigarriak eragin litzake."},"downloadOfflineWarning":{"_":"Konexioa ez dago erabilgarri. Konektatu sare batera eguneraketak deskargatzeko."},"downloadDataConnectionWarning":{"_":"Eguneraketak datu-konexio bidez deskargatzen dira Wi-Fia ez dagoenean erabilgarri. Datu-tarifa gehigarriak aplika litezke."},"downloadUpdatesViaDataConnection":{"_":"Deskargatu eguneraketak datu-konexio bidez?"},"downloadUpdatesViaDataConnectionMessage":{"_":"Eguneraketak datu-konexio bidez deskargatzen dira Wi-Fia ez dagoenean erabilgarri. Datu-konexioa erabiltzean, telefono-deiak blokea litezke eta tarifa gehigarriak ere aplika litezke."},"screenshotSaved":{"_":"Pantaila-argazkia galerian gorde da"},"screenshotFailed":{"_":"Pantaila-argazkia ezin izan da gorde"},"screenshotNoSDCard":{"_":"Ez da memoria-txartelik aurkitu"},"screenshotSDCardInUse":{"_":"Memoria-txartela erabiltzen ari da"},"screenshotSDCardLow":{"_":"Toki librerik ez memoria-txartelean"},"emergency-call-button":{"_":"Larrialdi-deia"},"emergency-call":{"_":"Larrialdi-deia"},"unlock-a11y-button":{"ariaLabel":"Desblokeatu"},"camera-a11y-button":{"ariaLabel":"Kamera"},"longDateFormat":{"_":"%A, %Bk %e"},"softwareHomeButton":{"ariaLabel":"Hasiera"},"login":{"_":"Hasi saioa"},"username":{"_":"Erabiltzaile-izena"},"password":{"_":"Pasahitza"},"http-authentication-message":{"_":"{{host}} ostalariak erabiltzaile-izen eta pasahitza eskatzen ditu. Guneak hau dio: “{{realm}}”"},"error-message":{"_":"{{name}} ez da ari ondo kargatzen"},"error-title":{"_":"{{name}} arazoak izaten ari da"},"airplane-is-on":{"_":"Hegazkin modua piztuta dago"},"airplane-is-turned-on":{"_":"{{name}} aplikazioak sareko konexioa behar du. Itzali hegazkin modua ezarpenetan eta konektatu Wi-Fi batera edo datuen sare batera."},"server-not-found":{"_":"Ez da zerbitzaria aurkitu"},"server-not-found-error":{"_":"Ezin da zerbitzaria aurkitu {{name}} helbidean."},"network-connection-unavailable":{"_":"Sareko konexioa ez dago erabilgarri"},"network-error":{"_":"{{name}} aplikazioak sareko konexioa behar du. Saiatu Wi-Fi batera edo datuen sare batera konektatzen."},"unable-to-connect":{"_":"Ezin da konektatu"},"tap-to-retry":{"_":"Sakatu berriro saiatzeko"},"try-again":{"_":"Saiatu berriro"},"select-time":{"_":"Hautatu ordua"},"choose-option":{"_":"Hautatu"},"choose-options":{"_":"Hautatu"},"select-day":{"_":"Hautatu eguna"},"battery-almost-empty":{"_":"Bateria ia hutsik"},"add-to-home-screen":{"_":"Gehitu hasierako pantailara"},"crash-dialog2-os":{"_":"{{brandShortName}} hutsegite batetik berreskuratu berri da"},"crash-dialog-app":{"_":"{{name}} aplikazioak huts egin du"},"crash-dialog-message":{"_":"Nahi duzu hutsegiteari buruzko txostena Mozillara bidaltzea arazoa konpontzen laguntzeko? (Txostenak Wi-Fi bidez soilik bidaltzen dira)"},"crash-info-link":{"_":"Zer dago hutsegite-txosten batean?"},"crash-always-report":{"_":"Bidali beti txostena Mozillara hutsegite bat gertatzen denean."},"crash-dont-send":{"_":"Ez bidali"},"crash-end":{"_":"Bidali txostena"},"crashReports":{"_":"Hutsegite-txostenak"},"done":{"_":"Eginda"},"crash-reports-description-1":{"_":"Hutsegite-txosten batek hutsegiteari eta zure gailuari buruzko xehetasunak ditu; horrez gain, gailuak huts egin zuen momentuko egoeraren argazkia ere badu."},"crash-reports-description-2":{"_":"Irekitako orri eta aplikazioak, inprimakietan idatzitako testua eta bestelako edukia izan lezake honek (irekitako aplikazio batek erabilitako mezuak, azken nabigazio-historia edo geolokalizazioa)."},"crash-reports-description-3-start":{"_":"Arazoak konpondu eta gure produktuak hobetzeko erabiltzen ditugu hutsegite-txostenak. Zure informazioa gure "},"crash-reports-description-3-privacy":{"_":"pribatutasun-politika"},"crash-reports-description-3-end":{"_":"n zehaztu bezala erabiltzen dugu."},"crash-banner-os2":{"_":"{{brandShortName}}(e)k huts egin du."},"crash-banner-app":{"_":"{{name}} aplikazioak huts egin du."},"crash-banner-report":{"_":"Txostena"},"bluetooth-sendingTitle":{"_":"Bluetooth-transferentzia bidaltzen.."},"bluetooth-receivingTitle":{"_":"Bluetooth-transferentzia jasotzen.."},"bluetooth-sending-progress":{"_":"Bluetooth-transferentzia bidaltzen.."},"bluetooth-receiving-progress":{"_":"Bluetooth-transferentzia jasotzen.."},"acceptFileTransfer":{"_":"Onartu Bluetooth fitxategi-transferentzia?"},"wantToReceiveFile":{"_":"{{deviceName}} gailuak {{fileName}} transferitu nahi du ({{fileSize}})."},"transfer-confirmation-title":{"_":"{{deviceName}}"},"transfer-confirmation-description":{"_":"Berrikusi transferentzia-eskaera."},"byteUnit-B":{"_":"Byte"},"byteUnit-KB":{"_":"KB"},"byteUnit-MB":{"_":"MB"},"byteUnit-GB":{"_":"GB"},"byteUnit-TB":{"_":"TB"},"byteUnit-PB":{"_":"PB"},"byteUnit-EB":{"_":"EB"},"byteUnit-ZB":{"_":"ZB"},"byteUnit-YB":{"_":"YB"},"fileSize":{"_":"{{size}} {{unit}}"},"transfer":{"_":"Transferitu"},"cancelFileTransfer":{"_":"Utzi Bluetooth fitxategi-transferentzia?"},"transfer-has-started-title":{"_":"Transferentzia hasi da"},"transfer-has-started-description":{"_":"Begiratu aurrerapena jakinarazpen-zentroan"},"transferFinished-sentSuccessful-title":{"_":"Fitxategia bidalita"},"transferFinished-receivedSuccessful-title":{"_":"Fitxategia jasota"},"transferFinished-sentFailed-title":{"_":"Ezin da fitxategia bidali"},"transferFinished-receivedFailed-title":{"_":"Ezin da fitxategia jaso"},"transferReport-title":{"_":"Transferentziaren txostena:"},"transferReport-description":{"_":"{{numSuccessful}} fitxategi ondo, {{numUnsuccessful}} fitxategi gaizki"},"unknown-file":{"_":"Izenburu ezezaguna"},"unknown-device":{"_":"Gailu ezezaguna"},"cannotOpenFile":{"_":"Ezin da jasotako fitxategia ireki"},"unknownMediaTypeToOpen":{"_":"Ezin da multimedia mota ezezaguna ireki:"},"cannotReceiveFile":{"_":"Ezin da fitxategia jaso"},"cannotGetStorageState":{"_":"Ezin da gailuaren biltegiratze-egoera eskuratu."},"sdcard-not-exist2":{"_":"Ez da memoria-txartelik aurkitu. Sartu memoria-txartela mesedez."},"sdcard-in-use":{"_":"Ezin da Bluetootha erabili telefonoa entxufatuta dagoen bitartean. Desentxufatu telefonoa fitxategia(k) jasotzeko."},"sdcard-no-space2":{"_":"Ezin da transferentzia burutu: memoria-txartela beteta dago."},"unknown-error":{"_":"Errore ezezaguna"},"confirm":{"_":"Berretsi"},"microphone-is-on":{"_":"Mikrofonoa piztuta dago"},"camera-is-on":{"_":"Kamera piztuta dago"},"media-is-on":{"_":"Kamera eta mikrofonoa piztuta daude"},"noSimCard":{"_":"SIM txartelik ez"},"simPin":{"_":"SIM PINa"},"pukCode":{"_":"PUK kodea"},"nckCode":{"_":"NCK kodea"},"cckCode":{"_":"CCK kodea"},"spckCode":{"_":"SPCK kodea"},"whatIsSimPin":{"_":"Zer da SIM PINa?"},"simPinIntro1":{"_":"SIM txarteleko datu-sare mugikorretarako sarbidea eragozten du SIM PINak. Gaituta dagoenean, SIM txartela duen edozein gailuk PINa eskatuko du berrabiaraztean."},"simPinIntro2":{"_":"SIM PINa ez da gailua desblokeatzeko erabilitako pasakodearen berdina."},"changeSimPin":{"_":"Aldatu PINa"},"pinTitle":{"_":"Sartu SIM PINa"},"multiSIMpinTitle":{"_":"Sartu {{n}}. SIMaren PINa"},"pukTitle":{"_":"Sartu PUK kodea"},"nckTitle":{"_":"Sartu NCK kodea"},"cckTitle":{"_":"Sartu CCK kodea"},"spckTitle":{"_":"Sartu SPCK kodea"},"newpinTitle":{"_":"PIN berria"},"inputCodeRetriesLeft":{"_":"{[ plural(n) ]}","_[one]":"Azken aukera.","_[two]":"{{n}} aukera falta dira.","_[few]":"{{n}} aukera falta dira.","_[many]":"{{n}} aukera falta dira.","_[other]":"{{n}} aukera falta dira."},"pinErrorMsg":{"_":"PINa okerra da."},"pinAttemptMsg2":{"_":"{[ plural(n) ]}","_[one]":"Azken aukera daukazu kode zuzena sartzeko SIM txartela blokeatu aurretik.","_[two]":"{{n}} aukera dauzkazu kode zuzena sartzeko SIM txartela blokeatu aurretik.","_[few]":"{{n}} aukera dauzkazu kode zuzena sartzeko SIM txartela blokeatu aurretik.","_[many]":"{{n}} aukera dauzkazu kode zuzena sartzeko SIM txartela blokeatu aurretik.","_[other]":"{{n}} aukera dauzkazu kode zuzena sartzeko SIM txartela blokeatu aurretik."},"pinLastChanceMsg":{"_":"Hau da PIN zuzena sartzeko daukazun azken aukera. Bestela, PUK kodea sartu beharko duzu SIM txartel hau erabiltzeko."},"simCardLockedMsg":{"_":"SIM txartela blokeatuta dago."},"enterPukMsg":{"_":"SIM txartelaren PUK kodea (Personal Unlocking Key) sartu behar duzu. Jo ezazu SIM txartelaren dokumentaziora edo jar zaitez harremanetan telefono-konpainiarekin informazio gehiagorako."},"pukErrorMsg":{"_":"PUK kodea okerra da."},"pukAttemptMsg2":{"_":"{[ plural(n) ]}","_[one]":"Aukera bat daukazu kode zuzena sartzeko SIM txartela betirako erabilgaitz geratu aurretik. Jo ezazu SIM txartelaren dokumentaziora edo jar zaitez harremanetan telefono-konpainiarekin informazio gehiagorako.","_[two]":"{{n}} aukera dauzkazu kode zuzena sartzeko SIM txartela betirako erabilgaitz geratu aurretik. Jo ezazu SIM txartelaren dokumentaziora edo jar zaitez harremanetan telefono-konpainiarekin informazio gehiagorako.","_[few]":"{{n}} aukera dauzkazu kode zuzena sartzeko SIM txartela betirako erabilgaitz geratu aurretik. Jo ezazu SIM txartelaren dokumentaziora edo jar zaitez harremanetan telefono-konpainiarekin informazio gehiagorako.","_[many]":"{{n}} aukera dauzkazu kode zuzena sartzeko SIM txartela betirako erabilgaitz geratu aurretik. Jo ezazu SIM txartelaren dokumentaziora edo jar zaitez harremanetan telefono-konpainiarekin informazio gehiagorako.","_[other]":"{{n}} aukera dauzkazu kode zuzena sartzeko SIM txartela betirako erabilgaitz geratu aurretik. Jo ezazu SIM txartelaren dokumentaziora edo jar zaitez harremanetan telefono-konpainiarekin informazio gehiagorako."},"pukLastChanceMsg":{"_":"Azken aukera daukazu PUK kode zuzena sartzeko. SIM txartela betirako erabilgaitz geratuko da PUK kode okerra sartuz gero. Jo ezazu SIM txartelaren dokumentaziora edo jar zaitez harremanetan telefono-konpainiarekin informazio gehiagorako."},"newSimPinMsg":{"_":"Sortu PINa (4 eta 8 digitu artean izan behar ditu)"},"confirmNewSimPinMsg":{"_":"Berretsi PIN berria"},"newPinErrorMsg":{"_":"PINak ez datoz bat."},"nckErrorMsg":{"_":"NCK kodea okerra da."},"nckAttemptMsg2":{"_":"{[ plural(n) ]}","_[one]":"Sarearen despertsonalizazio-eskaeraren hutsegitea. Azken aukera daukazu kode zuzena sartzeko. Jo ezazu zure gailuaren dokumentaziora edo jar zaitez harremanetan telefono-konpainiarekin informazio gehiagorako.","_[two]":"Sarearen despertsonalizazio-eskaeraren hutsegitea. {{n}} aukera dauzkazu kode zuzena sartzeko. Jo ezazu zure gailuaren dokumentaziora edo jar zaitez harremanetan telefono-konpainiarekin informazio gehiagorako.","_[few]":"Sarearen despertsonalizazio-eskaeraren hutsegitea. {{n}} aukera dauzkazu kode zuzena sartzeko. Jo ezazu zure gailuaren dokumentaziora edo jar zaitez harremanetan telefono-konpainiarekin informazio gehiagorako.","_[many]":"Sarearen despertsonalizazio-eskaeraren hutsegitea. {{n}} aukera dauzkazu kode zuzena sartzeko. Jo ezazu zure gailuaren dokumentaziora edo jar zaitez harremanetan telefono-konpainiarekin informazio gehiagorako.","_[other]":"Sarearen despertsonalizazio-eskaeraren hutsegitea. {{n}} aukera dauzkazu kode zuzena sartzeko. Jo ezazu zure gailuaren dokumentaziora edo jar zaitez harremanetan telefono-konpainiarekin informazio gehiagorako."},"nckLastChanceMsg":{"_":"Sarearen despertsonalizazio-eskaeraren hutsegitea. Azken aukera daukazu NCK kode zuzena sartzeko. Jo ezazu SIM txartelaren dokumentaziora edo jar zaitez harremanetan telefono-konpainiarekin informazio gehiagorako."},"activity-pick":{"_":"Hautatu hauen artetik:"},"activity-view":{"_":"Ikusi honekin:"},"activity-test":{"_":"Probatu honekin:"},"activity-share":{"_":"Partekatu honekin:"},"activity-new":{"_":"Sortu honekin:"},"activity-open":{"_":"Ireki honekin:"},"activity-save-bookmark":{"_":"Egin laster-marka:"},"activity-record":{"_":"Grabatu hemendik:"},"activity-browse":{"_":"Arakatu honekin:"},"activity-configure":{"_":"Konfiguratu honekin:"},"activity-dial":{"_":"Markatu hemendik:"},"persona-signin":{"_":"Hasi saioa"},"payment-flow":{"_":"Erosi"},"remoteDebuggerMessage":{"_":"Urruneko arazketari bide emateko sarrerako eskaera detektatu da. Baimendu konexioa?"},"fullscreen-request":{"_":"{{origin}} pantaila osoan dago orain."},"captive-wifi-available":{"_":"{{networkName}} sarea aurkitu da. Elkartu sarera?"},"ceWarningtitle":{"_":"Bolumenaren abisua"},"ceWarningcontent":{"_":"Entzumenari kalte egitea saihesteko, ez entzun denbora luzez bolumen-maila altuetan."},"notification-powersaving-mode-on-title":{"_":"Energia aurrezteko modua"},"notification-powersaving-mode-on-description":{"_":"Energia aurrezteko modua piztuta dago."},"low-device-storage":{"_":"Gailuaren leku librea baxu.\n"},"free-space":{"_":"{[ plural(value) ]}","_[zero]":"Ez dago leku librerik.","_[one]":"{{value}} {{unit}} baino gutxiago geratzen da.","_[two]":"{{value}} {{unit}} baino gutxiago geratzen da.","_[few]":"{{value}} {{unit}} baino gutxiago geratzen da.","_[many]":"{{value}} {{unit}} baino gutxiago geratzen da.","_[other]":"{{value}} {{unit}} baino gutxiago geratzen da."},"unknown-free-space":{"_":"Leku libre ezezaguna."},"system-alert":{"_":"Sistemaren abisua"},"cb-channel":{"_":"{{channel}} kanala"},"icc-message-title":{"_":"{{id}}. SIMaren operatzailearen mezua"},"icc-confirmCall-defaultmessage":{"_":"Deitu {{number}}?"},"icc-alertMessage-defaultmessage":{"_":"Mezua bidaltzen"},"icc-confirmMessage-defaultmessage":{"_":"Bidali mezua?"},"icc-inputbox-title":{"_":"STK kontsulta {{id}}. SIMetik"},"emergency-callback-mode":{"_":"Larrialdietan atzera deitzeko modua"},"emergency-callback-message":{"_":"Ezin duzu deirik egin, mezurik bidali edo linean jarri larrialdietan atzera deitzeko modua gaituta dagoelako. Itzali egin nahi duzu?"},"cdma-record-info":{"_":"CDMA erregistroaren informazioa"},"ime-switching-title":{"_":"{{appName}}: {{name}}"},"ime-switching-tip":{"_":"Sakatu sarrera-metodoa aldatzeko"},"layout-selection":{"_":"Diseinuaren hautapena"},"shrinking-tip":{"_":"Pasatu hatza partekatzeko"},"download_started":{"_":"Deskarga hasita"},"download_stopped":{"_":"Deskarga geldituta"},"download_downloading":{"_":"Deskargatzen…"},"download_succeeded":{"_":"Deskarga burututa"},"download_failed":{"_":"Deskargak huts egin du"},"download_text_by_default":{"_":"{{name}}"},"download_downloading_text_2":{"_":"%{{percentage}} - {{name}}"},"search":{"_":"Bilatu"},"search-or-type-address":{"placeholder":"Bilatu edo idatzi helbidea"},"noSIMCardInHotspot":{"_":"SIM txartela ez dago edo gaizki sartuta dago, beraz itzali wifigunea"},"brandShortName":{"_":"B2G SEa"},"browserBrandShortName":{"_":"Web nabigatzailea"},"browserBrandFullName":{"_":"Mozilla web nabigatzailea"},"weekday-0-long":{"_":"igandea"},"weekday-1-long":{"_":"astelehena"},"weekday-2-long":{"_":"asteartea"},"weekday-3-long":{"_":"asteazkena"},"weekday-4-long":{"_":"osteguna"},"weekday-5-long":{"_":"ostirala"},"weekday-6-long":{"_":"larunbata"},"weekday-0-short":{"_":"ig."},"weekday-1-short":{"_":"al."},"weekday-2-short":{"_":"ar."},"weekday-3-short":{"_":"az."},"weekday-4-short":{"_":"og."},"weekday-5-short":{"_":"or."},"weekday-6-short":{"_":"lr."},"month-0-long":{"_":"urtarrila"},"month-1-long":{"_":"otsaila"},"month-2-long":{"_":"martxoa"},"month-3-long":{"_":"apirila"},"month-4-long":{"_":"maiatza"},"month-5-long":{"_":"ekaina"},"month-6-long":{"_":"uztaila"},"month-7-long":{"_":"abuztua"},"month-8-long":{"_":"iraila"},"month-9-long":{"_":"urria"},"month-10-long":{"_":"azaroa"},"month-11-long":{"_":"abendua"},"month-0-genitive":{"_":"urtarrila"},"month-1-genitive":{"_":"otsaila"},"month-2-genitive":{"_":"martxoa"},"month-3-genitive":{"_":"apirila"},"month-4-genitive":{"_":"maiatza"},"month-5-genitive":{"_":"ekaina"},"month-6-genitive":{"_":"uztaila"},"month-7-genitive":{"_":"abuztua"},"month-8-genitive":{"_":"iraila"},"month-9-genitive":{"_":"urria"},"month-10-genitive":{"_":"azaroa"},"month-11-genitive":{"_":"abendua"},"month-0-short":{"_":"urt"},"month-1-short":{"_":"ots"},"month-2-short":{"_":"mar"},"month-3-short":{"_":"api"},"month-4-short":{"_":"mai"},"month-5-short":{"_":"eka"},"month-6-short":{"_":"uzt"},"month-7-short":{"_":"abu"},"month-8-short":{"_":"ira"},"month-9-short":{"_":"urr"},"month-10-short":{"_":"aza"},"month-11-short":{"_":"abe"},"minutes-ago-long":{"_":"{[ plural(value) ]}","_[zero]":"oraintxe bertan","_[one]":"duela minutu bat","_[two]":"duela {{value}} minutu","_[few]":"duela {{value}} minutu","_[many]":"duela {{value}} minutu","_[other]":"duela {{value}} minutu"},"hours-ago-long":{"_":"{[ plural(value) ]}","_[zero]":"oraintxe bertan","_[one]":"duela ordubete","_[two]":"duela {{value}} ordu","_[few]":"duela {{value}} ordu","_[many]":"duela {{value}} ordu","_[other]":"duela {{value}} ordu"},"days-ago-long":{"_":"{[ plural(value) ]}","_[zero]":"gaur","_[one]":"atzo","_[two]":"herenegun","_[few]":"duela {{value}} egun","_[many]":"duela {{value}} egun","_[other]":"duela {{value}} egun"},"weeks-ago-long":{"_":"{[ plural(value) ]}","_[zero]":"aste honetan","_[one]":"azken astean","_[two]":"duela {{value}} aste","_[few]":"duela {{value}} aste","_[many]":"duela {{value}} aste","_[other]":"duela {{value}} aste"},"months-ago-long":{"_":"{[ plural(value) ]}","_[zero]":"hilabete honetan","_[one]":"azken hilabetean","_[two]":"duela {{value}} hilabete","_[few]":"duela {{value}} hilabete","_[many]":"duela {{value}} hilabete","_[other]":"duela {{value}} hilabete"},"years-ago-long":{"_":"{[ plural(value) ]}","_[zero]":"aurten","_[one]":"iaz","_[two]":"duela {{value}} urte","_[few]":"duela {{value}} urte","_[many]":"duela {{value}} urte","_[other]":"duela {{value}} urte"},"minutes-until-long":{"_":"{[ plural(value) ]}","_[zero]":"orain","_[one]":"minutu barru","_[two]":"{{value}} minutu barru","_[few]":"{{value}} minutu barru","_[many]":"{{value}} minutu barru","_[other]":"{{value}} minutu barru"},"hours-until-long":{"_":"{[ plural(value) ]}","_[zero]":"orain","_[one]":"ordubete barru","_[two]":"{{value}} ordu barru","_[few]":"{{value}} ordu barru","_[many]":"{{value}} ordu barru","_[other]":"{{value}} ordu barru"},"days-until-long":{"_":"{[ plural(value) ]}","_[zero]":"gaur","_[one]":"bihar","_[two]":"etzi","_[few]":"{{value}} egun barru","_[many]":"{{value}} egun barru","_[other]":"{{value}} egun barru"},"weeks-until-long":{"_":"{[ plural(value) ]}","_[zero]":"aste honetan","_[one]":"hurrengo astean","_[two]":"{{value}} aste barru","_[few]":"{{value}} aste barru","_[many]":"{{value}} aste barru","_[other]":"{{value}} aste barru"},"months-until-long":{"_":"{[ plural(value) ]}","_[zero]":"hil honetan","_[one]":"hurrengo hilean","_[two]":"{{value}} hilabete barru","_[few]":"{{value}} hilabete barru","_[many]":"{{value}} hilabete barru","_[other]":"{{value}} hilabete barru"},"years-until-long":{"_":"{[ plural(value) ]}","_[zero]":"aurten","_[one]":"hurrengo urtean","_[two]":"{{value}} urte barru","_[few]":"{{value}} urte barru","_[many]":"{{value}} urte barru","_[other]":"{{value}} urte barru"},"minutes-ago-short":{"_":"{[ plural(value) ]}","_[zero]":"oraintxe bertan","_[other]":"duela {{value}}m"},"hours-ago-short":{"_":"{[ plural(value) ]}","_[zero]":"oraintxe bertan","_[other]":"duela {{value}}h"},"days-ago-short":{"_":"{[ plural(value) ]}","_[zero]":"gaur","_[other]":"duela {{value}}eg."},"minutes-until-short":{"_":"{[ plural(value) ]}","_[zero]":"orain","_[other]":"{{value}}m barru"},"hours-until-short":{"_":"{[ plural(value) ]}","_[zero]":"orain","_[other]":"{{value}}h barru"},"days-until-short":{"_":"{[ plural(value) ]}","_[zero]":"gaur","_[other]":"{{value}}eg. barru"},"incorrectDate":{"_":"(data okerra)"},"dateTimeFormat_%c":{"_":"%a, %Y.eko %Bren %ea %H:%M:%S"},"dateTimeFormat_%x":{"_":"%Y/%m/%d"},"dateTimeFormat_%X":{"_":"%H:%M:%S"},"shortTimeFormat":{"_":"%H:%M"},"shortDateTimeFormat":{"_":"%x %H:%M"},"weekStartsOnMonday":{"_":"1"},"time_am":{"_":"AM"},"time_pm":{"_":"PM"},"perm-contacts":{"_":"Kontaktuak"},"perm-contacts-appRequest":{"_":"{{app}} aplikazioak zure kontaktu-zerrendarako sarbidea nahi du."},"perm-contacts-webRequest":{"_":"{{site}} guneak zure kontaktu-zerrendarako sarbidea nahi du."},"perm-desktop-notification":{"_":"Jakinarazpenak"},"perm-desktop-notification-appRequest":{"_":"{{app}} aplikazioak jakinarazpenak bistaratu nahi ditu."},"perm-desktop-notification-webRequest":{"_":"{{site}} guneak jakinarazpenak bistaratu nahi ditu."},"perm-device-storage-music":{"_":"Musika-biltegiratzea"},"perm-device-storage-music-appRequest":{"_":"{{app}} aplikazioak zure musikarako sarbidea nahi du."},"perm-device-storage-music-webRequest":{"_":"{{site}} guneak zure musikarako sarbidea nahi du."},"perm-device-storage-pictures":{"_":"Irudi-biltegiratzea"},"perm-device-storage-pictures-appRequest":{"_":"{{app}} aplikazioak zure irudietarako sarbidea nahi du."},"perm-device-storage-pictures-webRequest":{"_":"{{site}} guneak zure irudietarako sarbidea nahi du."},"perm-device-storage-sdcard":{"_":"Memoria-txarteleko biltegiratzea"},"perm-device-storage-sdcard-appRequest":{"_":"{{app}} aplikazioak zure memoria-txartelerako sarbidea nahi du."},"perm-device-storage-sdcard-webRequest":{"_":"{{site}} guneak zure memoria-txartelerako sarbidea nahi du."},"perm-device-storage-videos":{"_":"Bideo-biltegiratzea"},"perm-device-storage-videos-appRequest":{"_":"{{app}} aplikazioak zure bideoetarako sarbidea nahi du."},"perm-device-storage-videos-webRequest":{"_":"{{site}} guneak zure bideoetarako sarbidea nahi du."},"perm-fmradio":{"_":"FM irratia"},"perm-fmradio-appRequest":{"_":"{{app}} aplikazioak FM irratia erabili nahi du."},"perm-fmradio-webRequest":{"_":"{{site}} guneak FM irratia erabili nahi du."},"perm-geolocation":{"_":"Geolokalizazioa"},"perm-geolocation-appRequest":{"_":"{{app}} aplikazioak zure kokapena jakin nahi du."},"perm-geolocation-webRequest":{"_":"{{site}} guneak zure kokapena jakin nahi du."},"perm-geolocation-more-info":{"_":"GPSaren, Wi-Fiaren eta zure inguruko sare mugikorren datuak erabiltzen ditu {{brandShortName}}(e)k zure gutxi gorabeherako kokapena zehazteko. Datuak Mozillara eta bestelako zerbitzu-hornitzaileetara bidaltzen dira eta bere osotasunean erabiliko dira kokapenen datu-base horiek hobetzeko. Datuak zure gailuan biltegira daitezke eta datuen bilketa aplikaziorik exekuzioan izan gabe ere gerta liteke."},"perm-video-capture":{"_":"Kamera"},"perm-video-capture-appRequest":{"_":"Zure kamera partekatu nahi duzu {{app}} aplikazioarekin?"},"perm-video-capture-webRequest":{"_":"Zure kamera partekatu nahi duzu {{site}} webgunearekin?"},"perm-audio-capture":{"_":"Mikrofonoa"},"perm-audio-capture-appRequest":{"_":"Zure mikrofonoa partekatu nahi duzu {{app}} aplikazioarekin?"},"perm-audio-capture-webRequest":{"_":"Zure mikrofonoa partekatu nahi duzu {{site}} webgunearekin?"},"perm-media-capture":{"_":"Kamera eta mikrofonoa"},"perm-media-capture-appRequest":{"_":"Zure kamera eta mikrofonoa partekatu nahi dituzu {{app}} aplikazioarekin?"},"perm-media-capture-webRequest":{"_":"Zure kamera eta mikrofonoa partekatu nahi dituzu {{site}} webgunearekin?"},"stopped_download_title":{"_":"Deskarga geldituta"},"stopped_download_message":{"_":"Deskarga gelditu egin da. Saiatu berriro deskargatzen?"},"stopped_download_left_button":{"_":"Utzi"},"stopped_download_right_button":{"_":"Saiatu berriro"},"failed_download_title":{"_":"Deskargak huts egin du"},"failed_download_message":{"_":"{{name}} deskargak huts egin du. Saiatu berriro deskargatzen?"},"failed_download_left_button":{"_":"Utzi"},"failed_download_right_button":{"_":"Saiatu berriro"},"stop_download_title":{"_":"Gelditu deskarga"},"stop_download_message":{"_":"Ziur zaude deskarga utzi nahi dituzula?"},"stop_download_left_button":{"_":"Ez"},"stop_download_right_button":{"_":"Bai"},"delete_download_title":{"_":"Ezabatu"},"delete_download_message":{"_":"Ezabatu {{name}}?"},"delete_download_left_button":{"_":"Utzi"},"delete_download_right_button":{"_":"Ezabatu"},"delete_all_download_title":{"_":"Ezabatu"},"delete_all_download_left_button":{"_":"Utzi"},"delete_all_download_right_button":{"_":"Ezabatu"},"delete_all_download_message":{"_":"{[ plural(number) ]}","_[zero]":"Ez ezabatu fitxategirik?","_[one]":"Ezabatu fitxategi bat?","_[two]":"Ezabatu {{number}} fitxategi?","_[few]":"Ezabatu {{number}} fitxategi?","_[many]":"Ezabatu {{number}} fitxategi?","_[other]":"Ezabatu {{number}} fitxategi?"},"unsupported_file_type_download_title":{"_":"Ezin da ireki"},"unsupported_file_type_download_message":{"_":"Ez dago {{name}} ireki dezakeen aplikaziorik. Fitxategia gorde ala ezabatu egin nahi duzu?"},"unsupported_file_type_download_left_button":{"_":"Mantendu fitxategia"},"unsupported_file_type_download_right_button":{"_":"Ezabatu"},"file_not_found_download_title":{"_":"Ez da fitxategia aurkitu"},"file_not_found_download_message":{"_":"Ez da fitxategia aurkitu gailuan"},"file_not_found_download_right_button":{"_":"Ados"},"unmounted_sdcard_2_download_title":{"_":"Memoria-txartela erabiltzen ari da"},"unmounted_sdcard_2_download_message":{"_":"Desentxufatu telefonoa"},"unmounted_sdcard_2_download_right_button":{"_":"Ados"},"no_provider_download_title":{"_":"Ezin da partekatu"},"no_provider_download_message":{"_":"Ez da hornitzailerik aurkitu"},"no_provider_download_right_button":{"_":"Ados"},"no_memory_download_title":{"_":"SD txartela beteta dago"},"no_memory_download_message":{"_":"Ez dago toki libre gehiago zure SD txartelean deskarga gordetzeko. Kendu fitxategi batzuk deskarga berrekin aurretik."},"no_memory_download_right_button":{"_":"Ados"},"no_sdcard_found_2_download_title":{"_":"Ez da memoria-txartelik aurkitu"},"no_sdcard_found_2_download_message":{"_":"Sartu memoria-txartela edo hautatu bestelako multimedia-kokaleku lehenetsia ezarpenetan"},"no_sdcard_found_2_download_right_button":{"_":"Ados"},"file_open_error_download_title":{"_":"Ezin da ireki"},"file_open_error_download_message":{"_":"Arazo bat dago {{name}} irekitzen. Fitxategia gorde ala ezabatu egin nahi duzu?"},"file_open_error_download_left_button":{"_":"Mantendu fitxategia"},"file_open_error_download_right_button":{"_":"Ezabatu"},"restart_download_error":{"_":"Errorea gertatu da deskarga berriro hastean. Saiatu berriro deskargatzen."},"no-downloads":{"_":"Deskargarik ez"},"percentage":{"_":"% {{percentage}}"},"partialResult":{"_":"{{total}} / {{partial}}"},"summary":{"_":"{{date}} - {{status}}"},"download-stopped":{"_":"Geldituta"},"download-failed":{"_":"Deskargak huts egin du"},"open_downloaded_file":{"_":"Irekia"},"share_downloaded_file":{"_":"Partekatu"},"wallpaper_downloaded_file":{"_":"Ezarri horma-paper gisa"},"ringtone_downloaded_file":{"_":"Ezarri txirrin-tonu gisa"},"cancel_downloaded_file":{"_":"Utzi"},"sim-picker-dial-via-with-number":{"_":"Markatu {{ phoneNumber }} zenbakia"},"sim-picker-select-sim":{"_":"Hautatu SIMa"},"sim-picker-button":{"_":"SIM{{ n }}"},"sim-picker-button-default":{"_":"(lehenetsia)"}}