{"ok":{"_":"OK"},"back":{"_":"Retour"},"help":{"_":"Aide"},"cancel":{"_":"Annuler"},"close":{"_":"Fermer"},"skip":{"_":"Passer"},"airplaneMode":{"_":"Mode avion"},"searching":{"_":"Recherche…"},"noNetwork":{"_":"Pas de réseau"},"roaming":{"_":"{{operator}} (itinérance)"},"emergencyCallsOnly":{"_":"Appels d’urgence uniquement"},"emergencyCallsOnly-unknownSIMState":{"_":"(état SIM inconnu)"},"emergencyCallsOnly-noSIM":{"_":"(aucune carte SIM)"},"emergencyCallsOnly-pinRequired":{"_":"(code PIN requis)"},"emergencyCallsOnly-pukRequired":{"_":"(code PUK requis)"},"emergencyCallsOnly-networkLocked":{"_":"(verrouillage réseau)"},"emergencyCallsOnly-serviceProviderLocked":{"_":"(verrouillage opérateur)"},"emergencyCallsOnly-corporateLocked":{"_":"(verrouillage entreprise)"},"enterPIN":{"_":"Code PIN"},"statusbarLabel":{"_":"{{date}}, {{operator}}"},"statusbarDateFormat":{"_":"%e %b"},"notifications":{"_":"Notifications"},"clear-all":{"_":"Tout effacer"},"newVoicemails":{"_":"{[ plural(n) ]}","_[zero]":"Aucun nouveau message vocal","_[one]":"Vous avez un nouveau message vocal","_[two]":"Vous avez {{n}} nouveaux messages vocaux","_[few]":"Vous avez {{n}} nouveaux messages vocaux","_[many]":"Vous avez {{n}} nouveaux messages vocaux","_[other]":"Vous avez {{n}} nouveaux messages vocaux"},"newVoicemailsUnknown":{"_":"Nouveau message vocal"},"dialNumber":{"_":"Appeler le {{number}}"},"deviceMenu":{"_":"Menu système"},"airplane":{"_":"Mode avion"},"airplaneOff":{"_":"Désactiver le mode avion"},"silent":{"_":"Mode silencieux"},"normal":{"_":"Mode normal"},"restart":{"_":"Redémarrer"},"power":{"_":"Éteindre"},"asyncpanzoom":{"_":"Désactiver APZ pour les applications"},"asyncpanzoomOff":{"_":"Activer APZ pour les applications"},"enableScreenReaderSteps":{"_":"Pour activer le lecteur d’écran, répétez à nouveau trois fois la séquence volume + puis volume −"},"disableScreenReaderSteps":{"_":"Pour désactiver le lecteur d’écran, répétez à nouveau trois fois la séquence volume + puis volume −"},"no-recent-apps":{"_":"Aucune application ouverte"},"yes":{"_":"Oui"},"no":{"_":"Non"},"deny":{"_":"Refuser"},"allow":{"_":"Autoriser"},"dontshare-geolocation":{"_":"Refuser"},"share-geolocation":{"_":"Autoriser"},"dontshare-audio-capture":{"_":"Ne pas partager"},"share-audio-capture":{"_":"Partager"},"dontshare-video-capture":{"_":"Ne pas partager"},"share-video-capture":{"_":"Partager"},"dontshare-media-capture":{"_":"Ne pas partager"},"share-media-capture":{"_":"Partager"},"device-front":{"_":"Caméra avant"},"device-back":{"_":"Caméra arrière"},"remember-my-choice":{"_":"Se souvenir de ce choix"},"more-info":{"_":"Détails…"},"install-app":{"_":"Installer {{name}} ?"},"size":{"_":"Taille"},"author":{"_":"Auteur"},"size-unknown":{"_":"inconnue"},"author-unknown":{"_":"inconnu"},"install":{"_":"Installer"},"bytes":{"_":"octets"},"kB":{"_":"Ko"},"MB":{"_":"Mo"},"GB":{"_":"Go"},"TB":{"_":"To"},"PB":{"_":"Po"},"app-install-generic-error":{"_":"Téléchargement de {{ appName }} arrêté"},"app-install-download-failed":{"_":"Échec du téléchargement de {{ appName }}"},"app-install-install-failed":{"_":"Échec de l’installation de {{ appName }}"},"cancelling-will-not-refund":{"_":"Annuler ne remboursera pas un achat. Les remboursements de contenus payants sont effectués par le marchand d’origine."},"apps-can-be-installed-later":{"_":"Les applications peuvent être installées plus tard depuis la source d’origine."},"are-you-sure-you-want-to-cancel":{"_":"Voulez-vous vraiment annuler l’installation ?"},"cancel-install":{"_":"Annuler l’installation"},"resume":{"_":"Reprendre"},"continue":{"_":"Continuer"},"stopDownloading":{"_":"Arrêter le téléchargement de {{ app }} ?"},"app-download-can-be-restarted":{"_":"Le téléchargement pourra être redémarré plus tard."},"app-download-stop-button":{"_":"Arrêter le téléch."},"not-enough-space":{"_":"Espace insuffisant"},"not-enough-space-message":{"_":"Il n’y a pas assez d’espace pour installer cette application. Libérez de l’espace en supprimant des médias ou d’anciennes applications puis essayez à nouveau de l’installer depuis la source d’origine."},"app-install-success":{"_":"{{ appName }} installé"},"setup":{"_":"Configurer"},"ime-addkeyboards":{"_":"Ajouter des claviers"},"later":{"_":"Plus tard"},"download":{"_":"Télécharger"},"wantToDownload":{"_":"Télécharger la mise à jour maintenant ?"},"wantToInstall":{"_":"Installer la mise à jour maintenant ?"},"installNow":{"_":"Installer"},"notNow":{"_":"Plus tard"},"downloadingUpdateMessage":{"innerHTML":"Téléchargement des mises à jour… <span>{{ progress }} téléchargés.</span>"},"downloadingAppMessage":{"_":"Téléchargement de {{ appName }}"},"downloadingAppProgressNoMax":{"_":"{{ progress }} téléchargés"},"downloadingAppProgressIndeterminate":{"_":"Téléchargement en cours"},"downloadingAppProgress":{"_":"{{ progress }} / {{ max }} téléchargés"},"cancelAllDownloads":{"_":"Annuler tous les téléchargements"},"wantToCancelAll":{"_":"Voulez-vous vraiment annuler tous les téléchargements ?"},"downloadError":{"_":"Une erreur s’est produite lors du téléchargement des mises à jour."},"updateAvailableInfo":{"innerHTML":"{[ plural(n) ]}","innerHTML[one]":"{{ n }} mise à jour disponible. <span>Appuyer pour plus d’informations.</span>","innerHTML[two]":"{{ n }} mises à jour disponibles. <span>Appuyer pour plus d’informations.</span>","innerHTML[few]":"{{ n }} mises à jour disponibles. <span>Appuyer pour plus d’informations.</span>","innerHTML[many]":"{{ n }} mises à jour disponibles. <span>Appuyer pour plus d’informations.</span>","innerHTML[other]":"{{ n }} mises à jour disponibles. <span>Appuyer pour plus d’informations.</span>"},"numberOfUpdates":{"_":"{[ plural(n) ]}","_[one]":"{{ n }} mise à jour disponible","_[two]":"{{ n }} mises à jour disponibles","_[few]":"{{ n }} mises à jour disponibles","_[many]":"{{ n }} mises à jour disponibles","_[other]":"{{ n }} mises à jour disponibles"},"systemUpdate":{"_":"Mise à jour système"},"systemUpdateReady":{"_":"Mise à jour système prête"},"required":{"_":"Requise"},"uncompressingMessage":{"innerHTML":"Décompression… <span>Cela peut prendre quelques minutes.</span>"},"downloadNoWifiWarning":{"_":"Wi-Fi non disponible. Mettre à jour depuis votre connexion actuelle pourra entraîner des frais supplémentaires."},"downloadOfflineWarning":{"_":"Aucune connexion. Connectez-vous à un réseau pour téléch. les mises à jour."},"downloadDataConnectionWarning":{"_":"Les mises à jour sont téléchargées par la connexion de données lorsque le Wi-Fi n’est pas disponible. Des frais supplémentaires liés aux données peuvent s’appliquer."},"downloadUpdatesViaDataConnection":{"_":"Télécharger les mises à jour par la connexion de données ?"},"downloadUpdatesViaDataConnectionMessage":{"_":"Les mises à jour sont téléchargées par la connexion de données lorsque le Wi-Fi n’est pas disponible. Lorsque la connexion de données est utilisée, les appels peuvent être bloqués et des frais supplémentaires peuvent s’appliquer."},"screenshotSaved":{"_":"Capture d’écran enregistrée"},"screenshotFailed":{"_":"Enreg. capture impossible"},"screenshotNoSDCard":{"_":"Aucune carte mémoire installée"},"screenshotSDCardInUse":{"_":"Carte mémoire utilisée"},"screenshotSDCardLow":{"_":"Carte mémoire saturée"},"emergency-call-button":{"_":"Appel d’urgence"},"emergency-call":{"_":"Appel d’urgence"},"unlock-a11y-button":{"ariaLabel":"Déverrouiller"},"camera-a11y-button":{"ariaLabel":"Appareil photo"},"longDateFormat":{"_":"%A %e %Eb"},"softwareHomeButton":{"ariaLabel":"Accueil"},"login":{"_":"Connexion"},"username":{"_":"Utilisateur"},"password":{"_":"Mot de passe"},"http-authentication-message":{"_":"Un identifiant et un mot de passe sont demandés par {{host}}. Le site se présente comme : « {{realm}} »"},"error-message":{"_":"{{name}} ne se charge pas correctement."},"error-title":{"_":"{{name}} rencontre des problèmes"},"airplane-is-on":{"_":"Le mode avion est activé"},"airplane-is-turned-on":{"_":"{{name}} nécessite une connexion réseau. Désactivez le mode avion dans les paramètres et connectez-vous à un réseau Wi-Fi ou à un réseau de données mobiles."},"server-not-found":{"_":"Adresse introuvable"},"server-not-found-error":{"_":"Impossible de trouver le serveur à l’adresse {{name}}."},"network-connection-unavailable":{"_":"Aucune connexion réseau"},"network-error":{"_":"{{name}} nécessite une connexion réseau. Essayez de vous connecter à un réseau Wi-Fi ou à un réseau de données mobiles."},"unable-to-connect":{"_":"Connexion impossible"},"tap-to-retry":{"_":"Tap to retry"},"try-again":{"_":"Réessayer"},"select-time":{"_":"Sélectionner l’heure"},"choose-option":{"_":"Sélectionner"},"choose-options":{"_":"Sélectionner"},"select-day":{"_":"Sélectionner le jour"},"battery-almost-empty":{"_":"Batterie presque vide"},"add-to-home-screen":{"_":"Ajouter à l’écran d’accueil"},"crash-dialog2-os":{"_":"{{brandShortName}} vient de se remettre d’un plantage"},"crash-dialog-app":{"_":"{{name}} a planté"},"crash-dialog-message":{"_":"Voulez-vous envoyer un rapport à Mozilla concernant ce plantage pour nous aider à résoudre ce problème ? (Les rapports ne sont envoyés que par Wi-Fi.)"},"crash-info-link":{"_":"Que contient un rapport de plantage ?"},"crash-always-report":{"_":"Toujours envoyer un rapport à Mozilla lorsqu’un plantage se produit."},"crash-dont-send":{"_":"Ne pas envoyer"},"crash-end":{"_":"Envoyer rapport"},"crashReports":{"_":"Rapports de plantage"},"done":{"_":"Terminé"},"crash-reports-description-1":{"_":"Un rapport de plantage contient des détails concernant le plantage et votre appareil, ainsi qu’un instantané de l’état de votre appareil lors du plantage."},"crash-reports-description-2":{"_":"Il peut inclure différentes choses comme les applications et pages ouvertes, le texte saisi dans les formulaires et le contenu des messages ouverts, l’historique de navigation récent, ou la géolocalisation utilisée par une application ouverte."},"crash-reports-description-3-start":{"_":"Nous utilisons les rapports de plantage pour essayer de résoudre les problèmes et améliorer nos logiciels. Nous gérons vos informations comme décrit dans notre "},"crash-reports-description-3-privacy":{"_":"politique de confidentialité"},"crash-reports-description-3-end":{"_":"."},"crash-banner-os2":{"_":"{{brandShortName}} a planté."},"crash-banner-app":{"_":"{{name}} a planté."},"crash-banner-report":{"_":"Rapporter"},"bluetooth-sendingTitle":{"_":"Début d’un transfert Bluetooth…"},"bluetooth-receivingTitle":{"_":"Réception d’un transfert Bluetooth…"},"bluetooth-sending-progress":{"_":"Début d’un transfert Bluetooth…"},"bluetooth-receiving-progress":{"_":"Réception d’un transfert Bluetooth…"},"acceptFileTransfer":{"_":"Accepter le transfert de fichier par Bluetooth ?"},"wantToReceiveFile":{"_":"{{deviceName}} souhaite transférer {{fileName}} ({{fileSize}})."},"transfer-confirmation-title":{"_":"{{deviceName}}"},"transfer-confirmation-description":{"_":"Répondre à la demande de transfert."},"byteUnit-B":{"_":"octets"},"byteUnit-KB":{"_":"Ko"},"byteUnit-MB":{"_":"Mo"},"byteUnit-GB":{"_":"Go"},"byteUnit-TB":{"_":"To"},"byteUnit-PB":{"_":"Po"},"byteUnit-EB":{"_":"Eo"},"byteUnit-ZB":{"_":"Zo"},"byteUnit-YB":{"_":"Yo"},"fileSize":{"_":"{{size}} {{unit}}"},"transfer":{"_":"Transférer"},"cancelFileTransfer":{"_":"Annuler le transfert de fichier par Bluetooth ?"},"transfer-has-started-title":{"_":"Le transfert a été lancé"},"transfer-has-started-description":{"_":"Progression dans centre de notifications"},"transferFinished-sentSuccessful-title":{"_":"Fichier envoyé"},"transferFinished-receivedSuccessful-title":{"_":"Fichier reçu"},"transferFinished-sentFailed-title":{"_":"Envoi fichier impossible"},"transferFinished-receivedFailed-title":{"_":"Réception fichier impossible"},"transferReport-title":{"_":"Résultats du transfert :"},"transferReport-description":{"_":"{{numSuccessful}} succès, {{numUnsuccessful}} échecs"},"unknown-file":{"_":"Fichier inconnu"},"unknown-device":{"_":"Appareil inconnu"},"cannotOpenFile":{"_":"Impossible d’ouvrir le fichier reçu"},"unknownMediaTypeToOpen":{"_":"Impossible d’ouvrir le média au format inconnu :"},"cannotReceiveFile":{"_":"Réception fichier impossible"},"cannotGetStorageState":{"_":"Impossible de connaître l’état de l’espace de stockage."},"sdcard-not-exist2":{"_":"Aucune carte mémoire détectée. Veuillez insérer une carte mémoire."},"sdcard-in-use":{"_":"L’application Bluetooth ne peut pas être utilisée tant que le téléphone est branché. Débranchez le téléphone pour recevoir des fichiers."},"sdcard-no-space2":{"_":"Impossible de terminer le transfert : la carte mémoire est pleine."},"unknown-error":{"_":"Erreur inconnue"},"confirm":{"_":"Confirmer"},"microphone-is-on":{"_":"Micro activé"},"camera-is-on":{"_":"Caméra activée"},"media-is-on":{"_":"Caméra et micro activés"},"noSimCard":{"_":"Aucune carte SIM"},"simPin":{"_":"Code PIN carte SIM"},"pukCode":{"_":"Code PUK"},"nckCode":{"_":"Code NCK"},"cckCode":{"_":"Code CCK"},"spckCode":{"_":"Code SPCK"},"whatIsSimPin":{"_":"Qu’est-ce qu’un code PIN ?"},"simPinIntro1":{"_":"Le code PIN de la carte SIM empêche l’accès aux données réseau de votre carte SIM. Quand il est activé, tout appareil équipé de cette carte SIM réclamera le code PIN au démarrage."},"simPinIntro2":{"_":"Un code PIN de carte SIM est différent du code destiné à déverrouiller l’appareil."},"changeSimPin":{"_":"Changer de code PIN"},"pinTitle":{"_":"Saisir le code PIN"},"multiSIMpinTitle":{"_":"Saisir le code PIN de la SIM {{n}}"},"pukTitle":{"_":"Saisir le code PUK"},"nckTitle":{"_":"Saisir le code NCK"},"cckTitle":{"_":"Saisir le code CCK"},"spckTitle":{"_":"Saisir le code SPCK"},"newpinTitle":{"_":"Nouveau code PIN"},"inputCodeRetriesLeft":{"_":"{[ plural(n) ]}","_[one]":"Dernier essai.","_[two]":"{{n}} essais restants.","_[few]":"{{n}} essais restants.","_[many]":"{{n}} essais restants.","_[other]":"{{n}} essais restants."},"pinErrorMsg":{"_":"Le code PIN est incorrect."},"pinAttemptMsg2":{"_":"{[ plural(n) ]}","_[one]":"C’est votre dernier essai autorisé pour saisir le code correct avant de bloquer la carte SIM.","_[two]":"Il vous reste {{n}} essais pour saisir le code correct avant de bloquer la carte SIM.","_[few]":"Il vous reste {{n}} essais pour saisir le code correct avant de bloquer la carte SIM.","_[many]":"Il vous reste {{n}} essais pour saisir le code correct avant de bloquer la carte SIM.","_[other]":"Il vous reste {{n}} essais pour saisir le code correct avant de bloquer la carte SIM."},"pinLastChanceMsg":{"_":"C’est votre dernier essai autorisé pour saisir le code PIN correct. Sinon, vous devrez saisir le code PUK pour utiliser cette carte SIM."},"simCardLockedMsg":{"_":"La carte SIM est verrouillée."},"enterPukMsg":{"_":"Vous devez saisir la Personal Unlocking Key (PUK, soit Clé personnelle de déblocage) pour la carte SIM. Veuillez vous référer à la documentation associée à votre carte SIM ou contacter votre opérateur pour en savoir plus."},"pukErrorMsg":{"_":"Le code PUK est incorrect."},"pukAttemptMsg2":{"_":"{[ plural(n) ]}","_[one]":"C’est votre dernier essai autorisé pour saisir le code correct avant que cette carte SIM ne devienne définitivement inutilisable. Veuillez vous référer à la documentation associée à votre carte SIM ou contacter votre opérateur pour en savoir plus.","_[two]":"Il vous reste {{n}} essais pour saisir le code correct avant que cette carte SIM ne devienne définitivement inutilisable. Veuillez vous référer à la documentation associée à votre carte SIM ou contacter votre opérateur pour en savoir plus.","_[few]":"Il vous reste {{n}} essais pour saisir le code correct avant que cette carte SIM ne devienne définitivement inutilisable. Veuillez vous référer à la documentation associée à votre carte SIM ou contacter votre opérateur pour en savoir plus.","_[many]":"Il vous reste {{n}} essais pour saisir le code correct avant que cette carte SIM ne devienne définitivement inutilisable. Veuillez vous référer à la documentation associée à votre carte SIM ou contacter votre opérateur pour en savoir plus.","_[other]":"Il vous reste {{n}} essais pour saisir le code correct avant que cette carte SIM ne devienne définitivement inutilisable. Veuillez vous référer à la documentation associée à votre carte SIM ou contacter votre opérateur pour en savoir plus."},"pukLastChanceMsg":{"_":"C’est votre dernier essai autorisé pour saisir le code PUK correct. Votre carte SIM deviendra définitivement inutilisable si vous saisissez un code PUK incorrect. Veuillez vous référer à la documentation associée à votre carte SIM ou contacter votre opérateur pour en savoir plus."},"newSimPinMsg":{"_":"Nouveau code PIN (4 à 8 chiffres)"},"confirmNewSimPinMsg":{"_":"Confirmer le nouveau code PIN"},"newPinErrorMsg":{"_":"Les codes PIN ne correspondent pas."},"nckErrorMsg":{"_":"Le code NCK est incorrect."},"nckAttemptMsg2":{"_":"{[ plural(n) ]}","_[one]":"La dépersonnalisation du réseau a échoué. C’est votre dernier essai autorisé pour saisir le code correct. Veuillez vous référer à la documentation de l’appareil ou contacter votre opérateur pour en savoir plus.","_[two]":"La dépersonnalisation du réseau a échoué. Il vous reste {{n}} essais pour saisir le code correct. Veuillez vous référer à la documentation de l’appareil ou contacter votre opérateur pour en savoir plus.","_[few]":"La dépersonnalisation du réseau a échoué. Il vous reste {{n}} essais pour saisir le code correct. Veuillez vous référer à la documentation de l’appareil ou contacter votre opérateur pour en savoir plus.","_[many]":"La dépersonnalisation du réseau a échoué. Il vous reste {{n}} essais pour saisir le code correct. Veuillez vous référer à la documentation de l’appareil ou contacter votre opérateur pour en savoir plus.","_[other]":"La dépersonnalisation du réseau a échoué. Il vous reste {{n}} essais pour saisir le code correct. Veuillez vous référer à la documentation de l’appareil ou contacter votre opérateur pour en savoir plus."},"nckLastChanceMsg":{"_":"La dépersonnalisation du réseau a échoué. C’est votre dernier essai autorisé pour saisir le code NCK correct. Veuillez vous référer à la documentation de l’appareil ou contacter votre opérateur pour en savoir plus."},"activity-pick":{"_":"Sélectionner depuis :"},"activity-view":{"_":"Afficher avec :"},"activity-test":{"_":"Tester avec :"},"activity-share":{"_":"Partager avec :"},"activity-new":{"_":"Créer avec :"},"activity-open":{"_":"Ouvrir avec :"},"activity-save-bookmark":{"_":"Ajouter marque-page pour :"},"activity-record":{"_":"Enregistrer depuis :"},"activity-browse":{"_":"Ouvrir avec :"},"activity-configure":{"_":"Configurer avec :"},"activity-dial":{"_":"Composer depuis :"},"persona-signin":{"_":"Identification"},"payment-flow":{"_":"Acheter"},"remoteDebuggerMessage":{"_":"Une requête entrante pour permettre une connexion de débogage à distance a été détectée. Autoriser la connexion ?"},"fullscreen-request":{"_":"{{origin}} est maintenant affiché en mode plein écran."},"captive-wifi-available":{"_":"Réseau {{networkName}} détecté. Rejoindre ce réseau ?"},"ceWarningtitle":{"_":"Avertissement concernant le volume"},"ceWarningcontent":{"_":"Afin d’éviter d’éventuelles lésions auditives, n’écoutez pas de musique à un volume élevé pendant de longues périodes."},"notification-powersaving-mode-on-title":{"_":"Mode économie d’énergie"},"notification-powersaving-mode-on-description":{"_":"Le mode économie d’énergie est activé."},"low-device-storage":{"_":"L’espace libre sur l’appareil est faible.\n"},"free-space":{"_":"{[ plural(value) ]}","_[zero]":"Mémoire saturée.","_[one]":"Moins de {{value}} {{unit}} restant.","_[two]":"Moins de {{value}} {{unit}} restants.","_[few]":"Moins de {{value}} {{unit}} restants.","_[many]":"Moins de {{value}} {{unit}} restants.","_[other]":"Moins de {{value}} {{unit}} restants."},"unknown-free-space":{"_":"Espace libre inconnu."},"system-alert":{"_":"Alerte système"},"cb-channel":{"_":"Canal {{channel}}"},"icc-message-title":{"_":"Message opérateur depuis la SIM {{id}}"},"icc-confirmCall-defaultmessage":{"_":"Appeler le {{number}} ?"},"icc-alertMessage-defaultmessage":{"_":"Envoi du message"},"icc-confirmMessage-defaultmessage":{"_":"Envoyer le message ?"},"icc-inputbox-title":{"_":"Requête STK depuis la SIM {{id}}"},"emergency-callback-mode":{"_":"Mode de rappel d’urgence"},"emergency-callback-message":{"_":"Vous ne pouvez pouvez pas passer d’appels, envoyer de messages ou vous connecter car le mode de rappel d’urgence est activé. Souhaitez-vous le désactiver ?"},"cdma-record-info":{"_":"Informations d’enregistrement CDMA"},"ime-switching-title":{"_":"{{appName}} : {{name}}"},"ime-switching-tip":{"_":"Appuyer pour changer mode saisie"},"layout-selection":{"_":"Sélectionner la disposition"},"shrinking-tip":{"_":"Faire glisser pour partager"},"download_started":{"_":"Téléchargement démarré"},"download_stopped":{"_":"Téléchargement arrêté"},"download_downloading":{"_":"Téléchargement…"},"download_succeeded":{"_":"Téléchargement terminé"},"download_failed":{"_":"Le téléchargement a échoué"},"download_text_by_default":{"_":"{{name}}"},"download_downloading_text_2":{"_":"{{percentage}} % - {{name}}"},"search":{"_":"Rechercher"},"search-or-type-address":{"placeholder":"Recherche ou adresse"},"noSIMCardInHotspot":{"_":"Point d’accès Wi-Fi désactivé car la carte SIM est absente ou mal insérée"},"hide-info":{"_":"Masquer"},"network-error-launching":{"_":"{{name}} nécessite une connexion Internet."},"network-error-in-app":{"_":"Aucun accès à Internet."},"check-settings":{"_":"Vérifier les paramètres"},"tap-to-check-settings":{"_":"Appuyer pour vérifier les paramètres"},"brandShortName":{"_":"B2G OS"},"browserBrandShortName":{"_":"Navigateur web"},"browserBrandFullName":{"_":"Navigateur web de Mozilla"},"weekday-0-long":{"_":"Dimanche"},"weekday-1-long":{"_":"Lundi"},"weekday-2-long":{"_":"Mardi"},"weekday-3-long":{"_":"Mercredi"},"weekday-4-long":{"_":"Jeudi"},"weekday-5-long":{"_":"Vendredi"},"weekday-6-long":{"_":"Samedi"},"weekday-0-short":{"_":"dim"},"weekday-1-short":{"_":"lun"},"weekday-2-short":{"_":"mar"},"weekday-3-short":{"_":"mer"},"weekday-4-short":{"_":"jeu"},"weekday-5-short":{"_":"ven"},"weekday-6-short":{"_":"sam"},"month-0-long":{"_":"Janvier"},"month-1-long":{"_":"Février"},"month-2-long":{"_":"Mars"},"month-3-long":{"_":"Avril"},"month-4-long":{"_":"Mai"},"month-5-long":{"_":"Juin"},"month-6-long":{"_":"Juillet"},"month-7-long":{"_":"Août"},"month-8-long":{"_":"Septembre"},"month-9-long":{"_":"Octobre"},"month-10-long":{"_":"Novembre"},"month-11-long":{"_":"Décembre"},"month-0-genitive":{"_":"janvier"},"month-1-genitive":{"_":"février"},"month-2-genitive":{"_":"mars"},"month-3-genitive":{"_":"avril"},"month-4-genitive":{"_":"mai"},"month-5-genitive":{"_":"juin"},"month-6-genitive":{"_":"juillet"},"month-7-genitive":{"_":"août"},"month-8-genitive":{"_":"septembre"},"month-9-genitive":{"_":"octobre"},"month-10-genitive":{"_":"novembre"},"month-11-genitive":{"_":"décembre"},"month-0-short":{"_":"jan."},"month-1-short":{"_":"fév."},"month-2-short":{"_":"mars"},"month-3-short":{"_":"avr."},"month-4-short":{"_":"mai"},"month-5-short":{"_":"juin"},"month-6-short":{"_":"juil."},"month-7-short":{"_":"août"},"month-8-short":{"_":"sep."},"month-9-short":{"_":"oct."},"month-10-short":{"_":"nov."},"month-11-short":{"_":"déc."},"minutes-ago-long":{"_":"{[ plural(value) ]}","_[zero]":"à l’instant","_[one]":"il y a {{value}} minute","_[two]":"il y a {{value}} minutes","_[few]":"il y a {{value}} minutes","_[many]":"il y a {{value}} minutes","_[other]":"il y a {{value}} minutes"},"hours-ago-long":{"_":"{[ plural(value) ]}","_[zero]":"à l’instant","_[one]":"il y a {{value}} heure","_[two]":"il y a {{value}} heures","_[few]":"il y a {{value}} heures","_[many]":"il y a {{value}} heures","_[other]":"il y a {{value}} heures"},"days-ago-long":{"_":"{[ plural(value) ]}","_[zero]":"aujourd’hui","_[one]":"hier","_[two]":"il y a {{value}} jours","_[few]":"il y a {{value}} jours","_[many]":"il y a {{value}} jours","_[other]":"il y a {{value}} jours"},"weeks-ago-long":{"_":"{[ plural(value) ]}","_[zero]":"cette semaine","_[one]":"la semaine dernière","_[two]":"il y a {{value}} semaines","_[few]":"il y a {{value}} semaines","_[many]":"il y a {{value}} semaines","_[other]":"il y a {{value}} semaines"},"months-ago-long":{"_":"{[ plural(value) ]}","_[zero]":"ce mois-ci","_[one]":"le mois dernier","_[two]":"il y a {{value}} mois","_[few]":"il y a {{value}} mois","_[many]":"il y a {{value}} mois","_[other]":"il y a {{value}} mois"},"years-ago-long":{"_":"{[ plural(value) ]}","_[zero]":"cette année","_[one]":"l’année dernière","_[two]":"il y a {{value}} ans","_[few]":"il y a {{value}} ans","_[many]":"il y a {{value}} ans","_[other]":"il y a {{value}} ans"},"minutes-until-long":{"_":"{[ plural(value) ]}","_[zero]":"maintenant","_[one]":"dans {{value}} minute","_[two]":"dans {{value}} minutes","_[few]":"dans {{value}} minutes","_[many]":"dans {{value}} minutes","_[other]":"dans {{value}} minutes"},"hours-until-long":{"_":"{[ plural(value) ]}","_[zero]":"maintenant","_[one]":"dans {{value}} heure","_[two]":"dans {{value}} heures","_[few]":"dans {{value}} heures","_[many]":"dans {{value}} heures","_[other]":"dans {{value}} heures"},"days-until-long":{"_":"{[ plural(value) ]}","_[zero]":"aujourd’hui","_[one]":"demain","_[two]":"dans {{value}} jours","_[few]":"dans {{value}} jours","_[many]":"dans {{value}} jours","_[other]":"dans {{value}} jours"},"weeks-until-long":{"_":"{[ plural(value) ]}","_[zero]":"cette semaine","_[one]":"la semaine prochaine","_[two]":"dans {{value}} semaines","_[few]":"dans {{value}} semaines","_[many]":"dans {{value}} semaines","_[other]":"dans {{value}} semaines"},"months-until-long":{"_":"{[ plural(value) ]}","_[zero]":"ce mois-ci","_[one]":"le mois prochain","_[two]":"dans {{value}} mois","_[few]":"dans {{value}} mois","_[many]":"dans {{value}} mois","_[other]":"dans {{value}} mois"},"years-until-long":{"_":"{[ plural(value) ]}","_[zero]":"cette année","_[one]":"l’année prochaine","_[two]":"dans {{value}} ans","_[few]":"dans {{value}} ans","_[many]":"dans {{value}} ans","_[other]":"dans {{value}} ans"},"minutes-ago-short":{"_":"{[ plural(value) ]}","_[zero]":"à l’instant","_[other]":"il y a {{value}} min"},"hours-ago-short":{"_":"{[ plural(value) ]}","_[zero]":"à l’instant","_[other]":"il y a {{value}}h"},"days-ago-short":{"_":"{[ plural(value) ]}","_[zero]":"aujourd’hui","_[other]":"il y a {{value}}j"},"minutes-until-short":{"_":"{[ plural(value) ]}","_[zero]":"maintenant","_[other]":"dans {{value}}m"},"hours-until-short":{"_":"{[ plural(value) ]}","_[zero]":"maintenant","_[other]":"dans {{value}}h"},"days-until-short":{"_":"{[ plural(value) ]}","_[zero]":"aujourd’hui","_[other]":"dans {{value}}j"},"incorrectDate":{"_":"(date incorrecte)"},"dateTimeFormat_%c":{"_":"%a %e %b %Y %H:%M:%S"},"dateTimeFormat_%x":{"_":"%d/%m/%Y"},"dateTimeFormat_%X":{"_":"%H:%M:%S"},"shortTimeFormat":{"_":"%H:%M"},"shortDateTimeFormat":{"_":"%x %H:%M"},"weekStartsOnMonday":{"_":"1"},"time_am":{"_":"AM"},"time_pm":{"_":"PM"},"perm-contacts":{"_":"Contacts"},"perm-contacts-appRequest":{"_":"L’application {{app}} souhaite accéder à votre liste de contacts."},"perm-contacts-webRequest":{"_":"{{site}} souhaite accéder à votre liste de contacts."},"perm-desktop-notification":{"_":"Notifications"},"perm-desktop-notification-appRequest":{"_":"L’application {{app}} souhaite afficher des notifications."},"perm-desktop-notification-webRequest":{"_":"{{site}} souhaite afficher des notifications."},"perm-device-storage-music":{"_":"Stockage musique"},"perm-device-storage-music-appRequest":{"_":"L’application {{app}} souhaite accéder à votre musique."},"perm-device-storage-music-webRequest":{"_":"{{site}} souhaite accéder à votre musique."},"perm-device-storage-pictures":{"_":"Stockage images"},"perm-device-storage-pictures-appRequest":{"_":"L’application {{app}} souhaite accéder à vos images."},"perm-device-storage-pictures-webRequest":{"_":"{{site}} souhaite accéder à vos images."},"perm-device-storage-sdcard":{"_":"Stockage carte mémoire"},"perm-device-storage-sdcard-appRequest":{"_":"L’application {{app}} souhaite accéder à votre carte mémoire."},"perm-device-storage-sdcard-webRequest":{"_":"{{site}} souhaite accéder à votre carte mémoire."},"perm-device-storage-videos":{"_":"Stockage vidéos"},"perm-device-storage-videos-appRequest":{"_":"L’application {{app}} souhaite accéder à vos vidéos."},"perm-device-storage-videos-webRequest":{"_":"{{site}} souhaite accéder à vos vidéos."},"perm-fmradio":{"_":"Radio FM"},"perm-fmradio-appRequest":{"_":"L’application {{app}} souhaite utiliser la radio FM."},"perm-fmradio-webRequest":{"_":"{{site}} souhaite utiliser la radio FM."},"perm-geolocation":{"_":"Géolocalisation"},"perm-geolocation-appRequest":{"_":"L’application {{app}} souhaite connaître votre position."},"perm-geolocation-webRequest":{"_":"{{site}} souhaite connaître votre position."},"perm-geolocation-more-info":{"_":"{{brandShortName}} utilise les données du GPS, du Wi-Fi et des antennes de téléphonie mobile environnantes pour déterminer approximativement votre position. Les données sont envoyées à Mozilla ainsi qu’à d’autres fournisseurs de services et sont mises en commun afin d’améliorer la précision des positions. Les données peuvent être stockées sur votre appareil et des données peuvent être collectées même lorsqu’aucune application n’est exécutée."},"perm-video-capture":{"_":"Caméra"},"perm-video-capture-appRequest":{"_":"Voulez-vous partager votre caméra avec l’application {{app}} ?"},"perm-video-capture-webRequest":{"_":"Voulez-vous partager votre caméra avec {{site}} ?"},"perm-audio-capture":{"_":"Microphone"},"perm-audio-capture-appRequest":{"_":"Voulez-vous partager votre microphone avec l’application {{app}} ?"},"perm-audio-capture-webRequest":{"_":"Voulez-vous partager votre microphone avec {{site}} ?"},"perm-media-capture":{"_":"Caméra et microphone"},"perm-media-capture-appRequest":{"_":"Voulez-vous partager votre caméra et votre microphone avec l’application {{app}} ?"},"perm-media-capture-webRequest":{"_":"Voulez-vous partager votre caméra et votre microphone avec {{site}} ?"},"stopped_download_title":{"_":"Téléchargement arrêté"},"stopped_download_message":{"_":"Le téléchargement a été arrêté. Voulez-vous relancer le téléchargement ?"},"stopped_download_left_button":{"_":"Annuler"},"stopped_download_right_button":{"_":"Relancer"},"failed_download_title":{"_":"Échec du téléchargement"},"failed_download_message":{"_":"Le téléchargement de {{name}} a échoué. Voulez-vous relancer le téléchargement ?"},"failed_download_left_button":{"_":"Annuler"},"failed_download_right_button":{"_":"Relancer"},"stop_download_title":{"_":"Arrêter le téléchargement"},"stop_download_message":{"_":"Voulez-vous vraiment arrêter le téléchargement ?"},"stop_download_left_button":{"_":"Non"},"stop_download_right_button":{"_":"Oui"},"delete_download_title":{"_":"Suppression"},"delete_download_message":{"_":"Supprimer {{name}} ?"},"delete_download_left_button":{"_":"Annuler"},"delete_download_right_button":{"_":"Supprimer"},"delete_all_download_title":{"_":"Suppression"},"delete_all_download_left_button":{"_":"Annuler"},"delete_all_download_right_button":{"_":"Supprimer"},"delete_all_download_message":{"_":"{[ plural(number) ]}","_[zero]":"Ne supprimer aucun fichier ?","_[one]":"Supprimer le fichier ?","_[two]":"Supprimer {{number}} fichiers ?","_[few]":"Supprimer {{number}} fichiers ?","_[many]":"Supprimer {{number}} fichiers ?","_[other]":"Supprimer {{number}} fichiers ?"},"unsupported_file_type_download_title":{"_":"Ouverture impossible"},"unsupported_file_type_download_message":{"_":"Aucune application n’est capable d’ouvrir {{name}}. Voulez-vous enregistrer le fichier ou le supprimer ?"},"unsupported_file_type_download_left_button":{"_":"Conserver"},"unsupported_file_type_download_right_button":{"_":"Supprimer"},"file_not_found_download_title":{"_":"Fichier introuvable"},"file_not_found_download_message":{"_":"Le fichier est introuvable sur l’appareil"},"file_not_found_download_right_button":{"_":"OK"},"unmounted_sdcard_2_download_title":{"_":"Carte mémoire utilisée"},"unmounted_sdcard_2_download_message":{"_":"Veuillez débrancher le téléphone"},"unmounted_sdcard_2_download_right_button":{"_":"OK"},"no_provider_download_title":{"_":"Partage impossible"},"no_provider_download_message":{"_":"Aucun service disponible"},"no_provider_download_right_button":{"_":"OK"},"no_memory_download_title":{"_":"Carte SD pleine"},"no_memory_download_message":{"_":"Il n’y a plus assez de place sur votre carte SD pour enregistrer votre téléchargement. Veuillez supprimer quelques fichiers avant de relancer le téléchargement."},"no_memory_download_right_button":{"_":"OK"},"no_sdcard_found_2_download_title":{"_":"Aucune carte mémoire détectée"},"no_sdcard_found_2_download_message":{"_":"Insérez une carte mémoire ou sélectionnez dans les paramètres un autre emplacement par défaut pour les médias"},"no_sdcard_found_2_download_right_button":{"_":"OK"},"file_open_error_download_title":{"_":"Ouverture impossible"},"file_open_error_download_message":{"_":"Un problème est survenu lors de l’ouverture de {{name}}. Voulez-vous conserver le fichier ou le supprimer ?"},"file_open_error_download_left_button":{"_":"Conserver"},"file_open_error_download_right_button":{"_":"Supprimer"},"restart_download_error":{"_":"Une erreur s’est produite lors de la reprise du téléchargement. Veuillez relancer le téléchargement."},"no-downloads":{"_":"Aucun téléchargement"},"percentage":{"_":"{{percentage}} %"},"partialResult":{"_":"{{partial}} sur {{total}}"},"summary":{"_":"{{date}} - {{status}}"},"download-stopped":{"_":"Arrêté"},"download-failed":{"_":"Le téléchargement a échoué"},"open_downloaded_file":{"_":"Ouvrir"},"share_downloaded_file":{"_":"Partager"},"wallpaper_downloaded_file":{"_":"Définir comme fond d’écran"},"ringtone_downloaded_file":{"_":"Définir comme sonnerie"},"cancel_downloaded_file":{"_":"Annuler"},"sim-picker-dial-via-with-number":{"_":"Composer le {{ phoneNumber }} avec"},"sim-picker-select-sim":{"_":"Choisir une SIM"},"sim-picker-button":{"_":"SIM {{ n }}"},"sim-picker-button-default":{"_":"(par défaut)"}}