{"ok":{"_":"Aceptar"},"back":{"_":"Atrás"},"help":{"_":"Axuda"},"cancel":{"_":"Cancelar"},"close":{"_":"Pechar"},"skip":{"_":"Saltar"},"airplaneMode":{"_":"Modo avión"},"searching":{"_":"Buscando…"},"noNetwork":{"_":"Sen rede"},"roaming":{"_":"{{operator}} (Itinerancia)"},"emergencyCallsOnly":{"_":"Só chamadas de emerxencia"},"emergencyCallsOnly-unknownSIMState":{"_":"(estado da SIM descoñecido)"},"emergencyCallsOnly-noSIM":{"_":"(sen SIM)"},"emergencyCallsOnly-pinRequired":{"_":"(requírese o PIN da SIM)"},"emergencyCallsOnly-pukRequired":{"_":"(requírese o PUK da SIM)"},"emergencyCallsOnly-networkLocked":{"_":"(bloqueo da rede)"},"emergencyCallsOnly-serviceProviderLocked":{"_":"(bloqueo da operadora))"},"emergencyCallsOnly-corporateLocked":{"_":"(bloqueo da empresa)"},"enterPIN":{"_":"Escriba o PIN"},"statusbarLabel":{"_":"{{date}}, {{operator}}"},"statusbarDateFormat":{"_":"%e de %b"},"notifications":{"_":"Notificacións"},"clear-all":{"_":"Limpar todo"},"newVoicemails":{"_":"{[ plural(n) ]}","_[zero]":"Non hai mensaxes de voz","_[one]":"Unha nova mensaxe de voz","_[two]":"{{n}} novas mensaxes de voz","_[few]":"{{n}} novas mensaxes de voz","_[many]":"{{n}} novas mensaxes de voz","_[other]":"{{n}} novas mensaxes de voz"},"newVoicemailsUnknown":{"_":"Nova mensaxe de voz"},"dialNumber":{"_":"Marcar {{number}}"},"deviceMenu":{"_":"Teléfono"},"airplane":{"_":"Activar o modo avión"},"airplaneOff":{"_":"Desactivar o modo avión"},"silent":{"_":"Modo silencioso"},"normal":{"_":"Modo normal"},"restart":{"_":"Reiniciar"},"power":{"_":"Apagar"},"asyncpanzoom":{"_":"Desactivar APZ para os aplicativos"},"asyncpanzoomOff":{"_":"Activar APZ para os aplicativos"},"enableScreenReaderSteps":{"_":"Para activar o lector de pantalla, prema os botóns de volume + e logo volume - tres veces máis"},"disableScreenReaderSteps":{"_":"Para desactivar o lector de pantalla, prema os botóns de volume + e logo volume - tres veces máis"},"no-recent-apps":{"_":"Ningún aplicativo recente"},"yes":{"_":"Si"},"no":{"_":"Non"},"deny":{"_":"Denegar"},"allow":{"_":"Permitir"},"dontshare-geolocation":{"_":"Non compartir"},"share-geolocation":{"_":"Compartir"},"dontshare-audio-capture":{"_":"Non compartir"},"share-audio-capture":{"_":"Compartir"},"dontshare-video-capture":{"_":"Non compartir"},"share-video-capture":{"_":"Compartir"},"dontshare-media-capture":{"_":"Non compartir"},"share-media-capture":{"_":"Compartir"},"device-front":{"_":"Cámara frontal"},"device-back":{"_":"Cámara posterior"},"remember-my-choice":{"_":"Lembrar a miña escolla"},"more-info":{"_":"Máis información…"},"install-app":{"_":"Quere instalar {{name}}?"},"size":{"_":"Tamaño"},"author":{"_":"Autor"},"size-unknown":{"_":"Descoñecido"},"author-unknown":{"_":"Descoñecido"},"install":{"_":"Instalar"},"bytes":{"_":"bytes"},"kB":{"_":"KB"},"MB":{"_":"MB"},"GB":{"_":"GB"},"TB":{"_":"TB"},"PB":{"_":"PB"},"app-install-generic-error":{"_":"Detívose a descarga de {{ appName }}"},"app-install-download-failed":{"_":"Fallou a descarga de {{ appName }}"},"app-install-install-failed":{"_":"Fallou a instalación de {{ appName }}"},"cancelling-will-not-refund":{"_":"A cancelación non devolverá o importe da compra. As devolucións para o contido de pago son fornecidas polo vendedor orixinal."},"apps-can-be-installed-later":{"_":"É posíbel instalar os aplicativos máis tarde desde a fonte orixinal da instalación."},"are-you-sure-you-want-to-cancel":{"_":"Confirma que quere cancelar esta instalación?"},"cancel-install":{"_":"Cancelar"},"resume":{"_":"Retomar"},"continue":{"_":"Continuar"},"stopDownloading":{"_":"Deter a descarga de {{ app }}?"},"app-download-can-be-restarted":{"_":"A descarga pode reiniciarse máis tarde."},"app-download-stop-button":{"_":"Deter a descarga"},"not-enough-space":{"_":"Non hai suficiente espazo"},"not-enough-space-message":{"_":"Non hai suficiente espazo para instalar este aplicativo. Libere espazo eliminando aplicacións antigas ou ficheiros multimedia, e tente instalalo de novo desde a fonte orixinal."},"app-install-success":{"_":"Instalouse {{ appName }}"},"setup":{"_":"Configurar"},"ime-addkeyboards":{"_":"Engadir teclados"},"later":{"_":"Despois"},"download":{"_":"Descargar"},"wantToDownload":{"_":"Descargar a actualización agora?"},"wantToInstall":{"_":"Instalar a actualización agora?"},"installNow":{"_":"Instalar agora"},"notNow":{"_":"Agora non"},"downloadingUpdateMessage":{"innerHTML":"Descargando actualizacións… <span>{{ progress }} descargados.</span>"},"downloadingAppMessage":{"_":"Descargando {{ appName }}"},"downloadingAppProgressNoMax":{"_":"{{ progress }} descargados"},"downloadingAppProgressIndeterminate":{"_":"Descargando"},"downloadingAppProgress":{"_":"{{ progress }} / {{ max }} descargados"},"cancelAllDownloads":{"_":"Cancelar todas as descargas"},"wantToCancelAll":{"_":"Confirma que quere cancelar todas as descargas?"},"downloadError":{"_":"Produciuse un erro ao descargar as actualizacións."},"updateAvailableInfo":{"innerHTML":"{[ plural(n) ]}","innerHTML[one]":"{{ n }} actualización dispoñíbel. <span>Toque para máis información.</span>","innerHTML[two]":"{{ n }} actualizacións dispoñíbeis. <span>Toque para máis información.</span>","innerHTML[few]":"{{ n }} actualizacións dispoñíbeis. <span>Toque para máis información.</span>","innerHTML[many]":"{{ n }} actualizacións dispoñíbeis. <span>Toque para máis información.</span>","innerHTML[other]":"{{ n }} actualizacións dispoñíbeis. <span>Toque para máis información.</span>"},"numberOfUpdates":{"_":"{[ plural(n) ]}","_[one]":"{{ n }} actualización dispoñíbel","_[two]":"{{ n }} actualizacións dispoñíbeis","_[few]":"{{ n }} actualizacións dispoñíbeis","_[many]":"{{ n }} actualizacións dispoñíbeis","_[other]":"{{ n }} actualizacións dispoñíbeis"},"systemUpdate":{"_":"Actualización do sistema"},"systemUpdateReady":{"_":"Actualización do sistema lista"},"required":{"_":"Requirida"},"uncompressingMessage":{"innerHTML":"Descomprimindo… <span>Isto pode levarlle uns poucos minutos.</span>"},"downloadNoWifiWarning":{"_":"Conexión Wi-Fi non dispoñíbel. A actualización desde a conexión actual pode supor cargos adicionais."},"downloadOfflineWarning":{"_":"Conexión non dispoñíbel. Conéctese a unha rede para descargar actualizacións."},"downloadDataConnectionWarning":{"_":"As actualizacións descárganse po la conexión de datos cando non hai unha conexión Wi-Fi dispoñíbel. Pode supor cargos adicionais."},"downloadUpdatesViaDataConnection":{"_":"Descargar as actualizacións a través da conexión Wi-Fi?"},"downloadUpdatesViaDataConnectionMessage":{"_":"As actualizacións descárganse po la conexión de datos cando non hai unha conexión Wi-Fi dispoñíbel. Ao usar a conexión de datos, as chamadas do teléfono poden ser bloqueadas e tamén pode supor cargos adicionais."},"screenshotSaved":{"_":"Gardouse a captura"},"screenshotFailed":{"_":"Imposíbel gardar a captura"},"screenshotNoSDCard":{"_":"Non se atopou a tarxeta de memoria"},"screenshotSDCardInUse":{"_":"A tarxeta de memoria está en uso"},"screenshotSDCardLow":{"_":"Non hai suficiente espazo na tarxeta de memoria"},"emergency-call-button":{"_":"Chamada de emerxencia"},"emergency-call":{"_":"Chamada de emerxencia"},"unlock-a11y-button":{"ariaLabel":"Desbloquear"},"camera-a11y-button":{"ariaLabel":"Cámara"},"longDateFormat":{"_":"%A, %e de %B"},"softwareHomeButton":{"ariaLabel":"Casa"},"login":{"_":"Identificarse"},"username":{"_":"Nome de usuario"},"password":{"_":"Contrasinal"},"http-authentication-message":{"_":"{{host}} require un nome de usuario e contrasinal. O sitio di: “{{realm}}”"},"error-message":{"_":"{{name}} non se carga correctamente"},"error-title":{"_":"{{name}} está tendo problemas"},"airplane-is-on":{"_":"O modo avión está activo"},"airplane-is-turned-on":{"_":"{{name}} require unha conexión de rede. Desactive  o modo avión desde os Axustes e conéctese a unha rede de datos ou Wi-Fi."},"server-not-found":{"_":"Non se atopou o servidor"},"server-not-found-error":{"_":"Non é posíbel atopar o servidor en {{name}}."},"network-connection-unavailable":{"_":"Conexión de rede non dispoñíbel"},"network-error":{"_":"{{name}} require unha conexión de rede. Tente conectarse a unha rede de datos ou Wi-Fi."},"unable-to-connect":{"_":"Imposíbel conectar"},"tap-to-retry":{"_":"Tap to retry"},"try-again":{"_":"Tentar de novo"},"select-time":{"_":"Seleccionar hora"},"choose-option":{"_":"Seleccionar"},"choose-options":{"_":"Seleccionar"},"select-day":{"_":"Seleccionar día"},"battery-almost-empty":{"_":"Batería case esgotada"},"add-to-home-screen":{"_":"Engadir á pantalla inicial"},"crash-dialog2-os":{"_":"{{brandShortName}} recuperouse dunha quebra"},"crash-dialog-app":{"_":"{{name}} acaba de quebrar"},"crash-dialog-message":{"_":"Desexa enviar a Mozilla un informe sobre a quebra para axudarnos a arranxar este problema? (Os informes só se envían por Wi-Fi)."},"crash-info-link":{"_":"Que contén un informe de erro?"},"crash-always-report":{"_":"Enviar sempre un informe a Mozilla cando se produza unha quebra."},"crash-dont-send":{"_":"Non enviar"},"crash-end":{"_":"Enviar informe"},"crashReports":{"_":"Informes de erro"},"done":{"_":"Feito"},"crash-reports-description-1":{"_":"Un informe de erro contén algúns detalles sobre a quebra e o seu dispositivo, así como unha instantánea do estado do dispositivo cando quebrou."},"crash-reports-description-2":{"_":"Este pode incluír cousas como as páxinas e os aplicativos abertos, o texto escrito nos formularios e o contido das mensaxes abertas, o historial de navegación recente, ou a xeolocalización usada por un aplicativo aberto."},"crash-reports-description-3-start":{"_":"Usamos os informes de erro para arranxar problemas e mellorar os nosos produtos. Xestionamos a súa información como se describe na nosa "},"crash-reports-description-3-privacy":{"_":"política de privacidade"},"crash-reports-description-3-end":{"_":"."},"crash-banner-os2":{"_":"{{brandShortName}} acaba de quebrar."},"crash-banner-app":{"_":"{{name}} acaba de quebrar."},"crash-banner-report":{"_":"Informe"},"bluetooth-sendingTitle":{"_":"Sending Bluetooth transfer.."},"bluetooth-receivingTitle":{"_":"Receiving Bluetooth transfer.."},"bluetooth-sending-progress":{"_":"Enviando transferencia Bluetooth…"},"bluetooth-receiving-progress":{"_":"Recibindo transferencia Bluetooth…"},"acceptFileTransfer":{"_":"Aceptar a transferencia por Bluetooth?"},"wantToReceiveFile":{"_":"{{deviceName}} desexa transferir {{fileName}} ({{fileSize}})."},"transfer-confirmation-title":{"_":"{{deviceName}}"},"transfer-confirmation-description":{"_":"Revise a solicitude de transferencia."},"byteUnit-B":{"_":"Bytes"},"byteUnit-KB":{"_":"KB"},"byteUnit-MB":{"_":"MB"},"byteUnit-GB":{"_":"GB"},"byteUnit-TB":{"_":"TB"},"byteUnit-PB":{"_":"PB"},"byteUnit-EB":{"_":"EB"},"byteUnit-ZB":{"_":"ZB"},"byteUnit-YB":{"_":"YB"},"fileSize":{"_":"{{size}} {{unit}}"},"transfer":{"_":"Transferir"},"cancelFileTransfer":{"_":"Cancelar a transferencia por Bluetooth?"},"transfer-has-started-title":{"_":"Comezou a transferencia"},"transfer-has-started-description":{"_":"Ver progreso no centro de notificacións"},"transferFinished-sentSuccessful-title":{"_":"Ficheiro enviado"},"transferFinished-receivedSuccessful-title":{"_":"Ficheiro recibido"},"transferFinished-sentFailed-title":{"_":"Non se enviou o ficheiro"},"transferFinished-receivedFailed-title":{"_":"Non se recibiu o ficheiro"},"transferReport-title":{"_":"Informe da transferencia:"},"transferReport-description":{"_":"{{numSuccessful}} ficheiros transferidos, {{numUnsuccessful}} ficheiros non transferidos"},"unknown-file":{"_":"Ficheiro descoñecido"},"unknown-device":{"_":"Dispositivo descoñecido"},"cannotOpenFile":{"_":"Imposíbel abrir o ficheiro recibido"},"unknownMediaTypeToOpen":{"_":"Imposíbel abrir o tipo multimedia descoñecido:"},"cannotReceiveFile":{"_":"Imposíbel recibir o ficheiro"},"cannotGetStorageState":{"_":"Non é posíbel obter o estado de memoria do dispositivo."},"sdcard-not-exist2":{"_":"Non se atopou a tarxeta de memoria. Insira unha tarxeta."},"sdcard-in-use":{"_":"Non é posíbel usar o Bluetooth mentres o teléfono está conectado. Desconecte o teléfono para recibir ficheiro(s)."},"sdcard-no-space2":{"_":"Non é posíbel completar a transferencia: a tarxeta de memoria está chea."},"unknown-error":{"_":"Erro descoñecido"},"confirm":{"_":"Confirmar"},"microphone-is-on":{"_":"Micro activado"},"camera-is-on":{"_":"Cámara activada"},"media-is-on":{"_":"Cámara e micro activados"},"noSimCard":{"_":"Sen tarxeta SIM"},"simPin":{"_":"PIN da SIM"},"pukCode":{"_":"Código PUK"},"nckCode":{"_":"Código NCK"},"cckCode":{"_":"Código CCK"},"spckCode":{"_":"Código SPCK"},"whatIsSimPin":{"_":"Que é o código PIN da SIM?"},"simPinIntro1":{"_":"O código PIN da tarxeta SIM evita o acceso á rede da tarxeta SIM. Cando está activo, calquera dispositivo que conteña a tarxeta SIM solicitará o PIN cada vez que se reinicie."},"simPinIntro2":{"_":"O PIN da tarxeta SIM non é o mesmo que o código de acceso que se usa para desbloquear o dispositivo."},"changeSimPin":{"_":"Cambiar PIN"},"pinTitle":{"_":"Escriba o PIN da SIM"},"multiSIMpinTitle":{"_":"Escribir o PIN da SIM {{n}}"},"pukTitle":{"_":"Escriba o PUK"},"nckTitle":{"_":"Escribir código NCK"},"cckTitle":{"_":"Escribir código CCK"},"spckTitle":{"_":"Escribir código SPCK"},"newpinTitle":{"_":"Novo PIN"},"inputCodeRetriesLeft":{"_":"{[ plural(n) ]}","_[one]":"Último intento.","_[two]":"Quedan{{n}} intentos.","_[few]":"Quedan{{n}} intentos.","_[many]":"Quedan{{n}} intentos.","_[other]":"Quedan{{n}} intentos."},"pinErrorMsg":{"_":"O PIN é incorrecto."},"pinAttemptMsg2":{"_":"{[ plural(n) ]}","_[one]":"Só lle queda un intento para escribir o código correcto antes de bloquear a tarxeta SIM.","_[two]":"Quédanlle {{n}} intentos para escribir o código correcto antes de bloquear a tarxeta SIM.","_[few]":"Quédanlle {{n}} intentos para escribir o código correcto antes de bloquear a tarxeta SIM.","_[many]":"Quédanlle {{n}} intentos para escribir o código correcto antes de bloquear a tarxeta SIM.","_[other]":"Quédanlle {{n}} intentos para escribir o código correcto antes de bloquear a tarxeta SIM."},"pinLastChanceMsg":{"_":"Esta é a súa última oportunidade para escribir o PIN correcto. Se non o fai, debe escribir o código PUK para usar esta tarxeta SIM."},"simCardLockedMsg":{"_":"A tarxeta SIM está bloqueada."},"enterPukMsg":{"_":"Debe escribir a chave de desbloqueo persoal (código PUK) da tarxeta SIM. Consulte a documentación da súa tarxeta SIM ou contacte coa súa operadora de telefonía para obter máis información."},"pukErrorMsg":{"_":"O código PUK é incorrecto."},"pukAttemptMsg2":{"_":"{[ plural(n) ]}","_[one]":"Só lle queda un intento para escribir o código correcto antes de que esta tarxeta SIM quede inservíbel. Consulte a documentación da súa tarxeta SIM ou contacte coa súa operadora de telefonía para obter máis información.","_[two]":"Quédanlle {{n}} intentos para escribir o código correcto antes de que esta tarxeta SIM quede inservíbel. Consulte a documentación da súa tarxeta SIM ou contacte coa súa operadora de telefonía para obter máis información.","_[few]":"Quédanlle {{n}} intentos para escribir o código correcto antes de que esta tarxeta SIM quede inservíbel. Consulte a documentación da súa tarxeta SIM ou contacte coa súa operadora de telefonía para obter máis información.","_[many]":"Quédanlle {{n}} intentos para escribir o código correcto antes de que esta tarxeta SIM quede inservíbel. Consulte a documentación da súa tarxeta SIM ou contacte coa súa operadora de telefonía para obter máis información.","_[other]":"Quédanlle {{n}} intentos para escribir o código correcto antes de que esta tarxeta SIM quede inservíbel. Consulte a documentación da súa tarxeta SIM ou contacte coa súa operadora de telefonía para obter máis información."},"pukLastChanceMsg":{"_":"Esta é a súa última oportunidade para escribir o código PUK correcto. A súa tarxeta SIM quedará inservíbel se escribe un código PUK incorrecto. Consulte a documentación da súa tarxeta SIM ou contacte coa súa operadora de telefonía para obter máis información."},"newSimPinMsg":{"_":"Crear PIN (debe conter de 4 a 8 díxitos)"},"confirmNewSimPinMsg":{"_":"Confirmar novo PIN"},"newPinErrorMsg":{"_":"Non coincide o PIN."},"nckErrorMsg":{"_":"O código NCK é incorrecto."},"nckAttemptMsg2":{"_":"{[ plural(n) ]}","_[one]":"Fallou a solicitude de despersonalización da rede. Só lle queda un intento para escribir o código correcto. Consulte a documentación do seu dispositivo ou contacte coa súa operadora de telefonía para obter máis información.","_[two]":"Fallou a solicitude de despersonalización da rede. Quédanlle {{n}} intentos para escribir o código correcto. Consulte a documentación do seu dispositivo ou contacte coa súa operadora de telefonía para obter máis información.","_[few]":"Fallou a solicitude de despersonalización da rede. Quédanlle {{n}} intentos para escribir o código correcto. Consulte a documentación do seu dispositivo ou contacte coa súa operadora de telefonía para obter máis información.","_[many]":"Fallou a solicitude de despersonalización da rede. Quédanlle {{n}} intentos para escribir o código correcto. Consulte a documentación do seu dispositivo ou contacte coa súa operadora de telefonía para obter máis información.","_[other]":"Fallou a solicitude de despersonalización da rede. Quédanlle {{n}} intentos para escribir o código correcto. Consulte a documentación do seu dispositivo ou contacte coa súa operadora de telefonía para obter máis información."},"nckLastChanceMsg":{"_":"Fallou a solicitude de despersonalización da rede. Esta é a súa última oportunidade para escribir o código NCK correcto. Consulte a documentación do seu dispositivo ou contacte coa súa operadora de telefonía para obter máis información."},"activity-pick":{"_":"Seleccionar de:"},"activity-view":{"_":"Ver con:"},"activity-test":{"_":"Probar con:"},"activity-share":{"_":"Compartir con:"},"activity-new":{"_":"Crear con:"},"activity-open":{"_":"Abrir con:"},"activity-save-bookmark":{"_":"Engadir favorito para:"},"activity-record":{"_":"Gravar de:"},"activity-browse":{"_":"Examinar con:"},"activity-configure":{"_":"Configurar con:"},"activity-dial":{"_":"Chamar desde:"},"persona-signin":{"_":"Identificarse"},"payment-flow":{"_":"Comprar"},"remoteDebuggerMessage":{"_":"Detectouse unha solicitude entrante para permitir unha conexión de depuración remota. Autorizar a conexión?"},"fullscreen-request":{"_":"Agora {{origin}} está a pantalla completa."},"captive-wifi-available":{"_":"Atopouse a rede {{networkName}}. Quere conectarse a ela? "},"ceWarningtitle":{"_":"Aviso de volume"},"ceWarningcontent":{"_":"Para evitar posíbeis lesións auditivas, non escoite música a un volume alto durante períodos longos."},"notification-powersaving-mode-on-title":{"_":"Modo aforro enerxético"},"notification-powersaving-mode-on-description":{"_":"O modo aforro enerxético está activo."},"low-device-storage":{"_":"Pouco espazo no dispositivo."},"free-space":{"_":"{[ plural(value) ]}","_[zero]":"Non queda espazo libre.","_[one]":"Queda menos de {{value}} {{unit}}.","_[two]":"Queda menos de {{value}} {{unit}}.","_[few]":"Queda menos de {{value}} {{unit}}.","_[many]":"Queda menos de {{value}} {{unit}}.","_[other]":"Queda menos de {{value}} {{unit}}."},"unknown-free-space":{"_":"Espazo restante descoñecido."},"system-alert":{"_":"Alerta do sistema"},"cb-channel":{"_":"Canle {{channel}}"},"icc-message-title":{"_":"Mensaxe da operadora da SIM {{id}}"},"icc-confirmCall-defaultmessage":{"_":"Chamar a {{number}}?"},"icc-alertMessage-defaultmessage":{"_":"Enviando mensaxe"},"icc-confirmMessage-defaultmessage":{"_":"Enviar mensaxe?"},"icc-inputbox-title":{"_":"Consulta STK da SIM {{id}}"},"emergency-callback-mode":{"_":"Modo de devolución de chamada de emerxencia"},"emergency-callback-message":{"_":"Non é posíbel que facer chamadas, enviar mensaxes ou navegar porque está activo o modo de devolución de chamada de emerxencia. Desexa desactivalo?"},"cdma-record-info":{"_":"Información de rexistro CDMA"},"ime-switching-title":{"_":"{{appName}}: {{name}}"},"ime-switching-tip":{"_":"Toque para cambiar o método de entrada"},"layout-selection":{"_":"Seleccionar a disposición"},"shrinking-tip":{"_":"Deslice o dedo para compartir"},"download_started":{"_":"Iniciouse a descarga"},"download_stopped":{"_":"Detívose a descarga"},"download_downloading":{"_":"Descargando…"},"download_succeeded":{"_":"Terminou a descarga"},"download_failed":{"_":"Fallou a descarga"},"download_text_by_default":{"_":"{{name}}"},"download_downloading_text_2":{"_":"{{percentage}}% - {{name}}"},"search":{"_":"Search"},"search-or-type-address":{"placeholder":"Search or type address"},"noSIMCardInHotspot":{"_":"Desactivouse o punto de acceso Wi-Fi porque non hai tarxeta SIM ou inseriuse incorrectamente."},"emergencyCallsOnly-network1Locked":{"_":"(bloqueo de network1)"},"emergencyCallsOnly-network2Locked":{"_":"(bloqueo de network2)"},"emergencyCallsOnly-hrpdNetworkLocked":{"_":"(bloqueo da rede hrpd)"},"emergencyCallsOnly-ruimCorporateLocked":{"_":"(bloqueo da empresa da ruim)"},"emergencyCallsOnly-ruimServiceProviderLocked":{"_":"(bloqueo da operadora da ruim)"},"voicemailNotificationMultiSim":{"_":"(SIM {{n}}) {{title}}"},"dontallow":{"_":"Non permitir"},"hide-info":{"_":"Agochar"},"cancel-install-button":{"_":"Cancelar"},"file-not-found":{"_":"Non se atopou o ficheiro"},"file-not-found-error":{"_":"Non é posíbel que o dispositivo amose esta páxina porque non se atopou o ficheiro."},"connection-failed":{"_":"Imposíbel conectar"},"connection-failed-error":{"_":"Produciuse un erro na rede durante a conexión co sitio."},"invalid-connection":{"_":"Imposíbel conectar"},"invalid-connection-error":{"_":"Produciuse un erro na rede durante a conexión co sitio."},"malformed-uri":{"_":"URL incorrecto"},"malformed-uri-error":{"_":"O URL introducido é incorrecto e non é posíbel cargalo."},"redirect-loop":{"_":"Páxina non dispoñíbel"},"redirect-loop-error":{"_":"Non é posíbel que o dispositivo amose esta páxina porque non está a redirixir correctamente. Tente de novo máis tarde."},"not-cached":{"_":"Páxina caducada"},"not-cached-error":{"_":"Por razóns de seguranza non é posíbel amosar esta páxina porque caducou."},"is-printing-error":{"_":"Non é posíbel modificar o documento mentres se imprime ou se visualiza na Previsualización da impresión."},"denied-port-access":{"_":"Este enderezo está restrinxido"},"denied-port-access-error":{"_":"Este enderezo usa un porto de rede que normalmente se usa con fins diferentes á navegación web. Para a súa protección, o dispositivo cancelou a solicitude."},"proxy-resolve-failure":{"_":"Erro do servidor proxy"},"proxy-resolve-failure-error":{"_":"O dispositivo configurouse para usar un servidor proxy que non é posíbel atopar."},"proxy-connect-failure":{"_":"Erro do servidor proxy"},"proxy-connect-failure-error":{"_":"O dispositivo configurouse para usar un servidor proxy que está a rexeitar as conexións."},"content-encoding":{"_":"Páxina non dispoñíbel"},"content-encoding-error":{"_":"Non é posíbel que o dispositivo amose esta páxina porque se produciu un erro coa codificación."},"remote-xul":{"_":"Páxina non admitida"},"remote-xul-error":{"_":"Non é posíbel que se amose esta páxina porque usa unha tecnoloxía non compatíbel co dispositivo."},"phishing-blocked":{"_":"Aviso"},"phishing-blocked-error":{"_":"Identificouse o sitio web como unha falsificación deseñada para enganar aos usuarios e obter información persoal ou financeira."},"malware-blocked":{"_":"Bloqueouse o malware"},"malware-blocked-error":{"_":"Identificouse como un sitio atacante e bloqueouse."},"unsafe-content-type":{"_":"Contido inseguro"},"unsafe-content-type-error":{"_":"Non é posíbel amosar a páxina porque abrila pode non ser seguro."},"corrupted-content":{"_":"Páxina non dispoñíbel"},"corrupted-content-error":{"_":"Non é posíbel amosar a páxina porque se produciu un erro na transmisión dos datos."},"network-error-launching":{"_":"{{name}} require unha conexión á Internet."},"network-error-in-app":{"_":"Ningún acceso á Internet dispoñíbel."},"check-settings":{"_":"Comprobar axustes"},"tap-to-check-settings":{"_":"Toque para comprobar os axustes"},"continueFileTransfer":{"_":"Continuar"},"nck1code":{"_":"Código NCK1"},"nck2code":{"_":"Código NCK2"},"hnckcode":{"_":"Código HNCK"},"rcckcode":{"_":"Código RCCK"},"rspckcode":{"_":"Código RSPCK"},"nck1Title":{"_":"Escribir código NCK1"},"nck2Title":{"_":"Escribir código NCK2"},"hnckTitle":{"_":"Escribir código HNCK"},"rcckTitle":{"_":"Escribir código RCCK"},"rspckTitle":{"_":"Escribir código RSPCK"},"search-or-enter-address":{"_":"Buscar ou escribir enderezo","placeholder":"Buscar ou escribir enderezo"},"brandShortName":{"_":"B2G OS"},"browserBrandShortName":{"_":"Navegador web"},"browserBrandFullName":{"_":"Navegador web de Mozilla"},"weekday-0-long":{"_":"Domingo"},"weekday-1-long":{"_":"Luns"},"weekday-2-long":{"_":"Martes"},"weekday-3-long":{"_":"Mércores"},"weekday-4-long":{"_":"Xoves"},"weekday-5-long":{"_":"Venres"},"weekday-6-long":{"_":"Sábado"},"weekday-0-short":{"_":"Dom"},"weekday-1-short":{"_":"Lun"},"weekday-2-short":{"_":"Mar"},"weekday-3-short":{"_":"Mer"},"weekday-4-short":{"_":"Xov"},"weekday-5-short":{"_":"Ven"},"weekday-6-short":{"_":"Sab"},"month-0-long":{"_":"Xaneiro"},"month-1-long":{"_":"Febreiro"},"month-2-long":{"_":"Marzo"},"month-3-long":{"_":"Abril"},"month-4-long":{"_":"Maio"},"month-5-long":{"_":"Xuño"},"month-6-long":{"_":"Xullo"},"month-7-long":{"_":"Agosto"},"month-8-long":{"_":"Setembro"},"month-9-long":{"_":"Outubro"},"month-10-long":{"_":"Novembro"},"month-11-long":{"_":"Decembro"},"month-0-genitive":{"_":"Xaneiro"},"month-1-genitive":{"_":"Febreiro"},"month-2-genitive":{"_":"Marzo"},"month-3-genitive":{"_":"Abril"},"month-4-genitive":{"_":"Maio"},"month-5-genitive":{"_":"Xuño"},"month-6-genitive":{"_":"Xullo"},"month-7-genitive":{"_":"Agosto"},"month-8-genitive":{"_":"Setembro"},"month-9-genitive":{"_":"Outubro"},"month-10-genitive":{"_":"Novembro"},"month-11-genitive":{"_":"Decembro"},"month-0-short":{"_":"Xan"},"month-1-short":{"_":"Feb"},"month-2-short":{"_":"Mar"},"month-3-short":{"_":"Abr"},"month-4-short":{"_":"Maio"},"month-5-short":{"_":"Xun"},"month-6-short":{"_":"Xul"},"month-7-short":{"_":"Ago"},"month-8-short":{"_":"Set"},"month-9-short":{"_":"Out"},"month-10-short":{"_":"Nov"},"month-11-short":{"_":"Dec"},"minutes-ago-long":{"_":"{[ plural(value) ]}","_[zero]":"xusto agora","_[one]":"hai un minuto","_[two]":"hai {{value}} minutos","_[few]":"hai {{value}} minutos","_[many]":"hai {{value}} minutos","_[other]":"hai {{value}} minutos"},"hours-ago-long":{"_":"{[ plural(value) ]}","_[zero]":"xusto agora","_[one]":"hai unha hora","_[two]":"hai {{value}} horas","_[few]":"hai {{value}} horas","_[many]":"hai {{value}} horas","_[other]":"hai {{value}} horas"},"days-ago-long":{"_":"{[ plural(value) ]}","_[zero]":"hoxe","_[one]":"onte","_[two]":"hai {{value}} días","_[few]":"hai {{value}} días","_[many]":"hai {{value}} días","_[other]":"hai {{value}} días"},"weeks-ago-long":{"_":"{[ plural(value) ]}","_[zero]":"esta semana","_[one]":"a semana pasada","_[two]":"hai {{value}} semanas","_[few]":"hai {{value}} semanas","_[many]":"hai {{value}} semanas","_[other]":"hai {{value}} semanas"},"months-ago-long":{"_":"{[ plural(value) ]}","_[zero]":"Este mes","_[one]":"o mes pasado","_[two]":"hai {{value}} meses","_[few]":"hai {{value}} meses","_[many]":"hai {{value}} meses","_[other]":"hai {{value}} meses"},"years-ago-long":{"_":"{[ plural(value) ]}","_[zero]":"este ano","_[one]":"o ano pasado","_[two]":"hai {{value}} anos","_[few]":"hai {{value}} anos","_[many]":"hai {{value}} anos","_[other]":"hai {{value}} anos"},"minutes-until-long":{"_":"{[ plural(value) ]}","_[zero]":"agora","_[one]":"nun minuto","_[two]":"en {{value}} minutos","_[few]":"en {{value}} minutos","_[many]":"en {{value}} minutos","_[other]":"en {{value}} minutos"},"hours-until-long":{"_":"{[ plural(value) ]}","_[zero]":"agora","_[one]":"nunha hora","_[two]":"en {{value}} horas","_[few]":"en {{value}} horas","_[many]":"en {{value}} horas","_[other]":"en {{value}} horas"},"days-until-long":{"_":"{[ plural(value) ]}","_[zero]":"hoxe","_[one]":"mañá","_[two]":"en {{value}} días","_[few]":"en {{value}} días","_[many]":"en {{value}} días","_[other]":"en {{value}} días"},"weeks-until-long":{"_":"{[ plural(value) ]}","_[zero]":"esta semana","_[one]":"a semana que ven","_[two]":"en {{value}} semanas","_[few]":"en {{value}} semanas","_[many]":"en {{value}} semanas","_[other]":"en {{value}} semanas"},"months-until-long":{"_":"{[ plural(value) ]}","_[zero]":"Este mes","_[one]":"o mes que ven","_[two]":"en {{value}} meses","_[few]":"en {{value}} meses","_[many]":"en {{value}} meses","_[other]":"en {{value}} meses"},"years-until-long":{"_":"{[ plural(value) ]}","_[zero]":"este ano","_[one]":"o ano que ven","_[two]":"en {{value}} anos","_[few]":"en {{value}} anos","_[many]":"en {{value}} anos","_[other]":"en {{value}} anos"},"minutes-ago-short":{"_":"{[ plural(value) ]}","_[zero]":"xusto agora","_[other]":"hai {{value}}min"},"hours-ago-short":{"_":"{[ plural(value) ]}","_[zero]":"xusto agora","_[other]":"hai {{value}}h"},"days-ago-short":{"_":"{[ plural(value) ]}","_[zero]":"hoxe","_[other]":"hai {{value}}d"},"minutes-until-short":{"_":"{[ plural(value) ]}","_[zero]":"agora","_[other]":"en {{value}}min"},"hours-until-short":{"_":"{[ plural(value) ]}","_[zero]":"agora","_[other]":"en {{value}}h"},"days-until-short":{"_":"{[ plural(value) ]}","_[zero]":"hoxe","_[other]":"en {{value}}d"},"incorrectDate":{"_":"(data incorrecta)"},"dateTimeFormat_%c":{"_":"%a, %e de %b, %Y %H:%M:%S"},"dateTimeFormat_%x":{"_":"%d/%m/%Y"},"dateTimeFormat_%X":{"_":"%H:%M:%S"},"shortTimeFormat":{"_":"%H:%M"},"shortDateTimeFormat":{"_":"%x %H:%M %p"},"weekStartsOnMonday":{"_":"1"},"time_am":{"_":"AM"},"time_pm":{"_":"PM"},"perm-contacts":{"_":"Contactos"},"perm-contacts-appRequest":{"_":"O aplicativo {{app}} quere acceder a súa lista de contactos."},"perm-contacts-webRequest":{"_":"{{site}} quere acceder a súa lista de contactos."},"perm-desktop-notification":{"_":"Notificacións"},"perm-desktop-notification-appRequest":{"_":"O aplicativo {{app} quere mostrar notificacións."},"perm-desktop-notification-webRequest":{"_":"{{site}} quere mostrar notificacións."},"perm-device-storage-music":{"_":"Almacenamento de música"},"perm-device-storage-music-appRequest":{"_":"O aplicativo {{app}} quere acceder a súa música."},"perm-device-storage-music-webRequest":{"_":"{{site}} quere acceder a súa música."},"perm-device-storage-pictures":{"_":"Almacenamento de imaxes"},"perm-device-storage-pictures-appRequest":{"_":"O aplicativo{{app}} quere acceder as súas imaxes."},"perm-device-storage-pictures-webRequest":{"_":"{{site}} quere acceder as súas imaxes."},"perm-device-storage-sdcard":{"_":"Almacenamento da tarxeta de memoria"},"perm-device-storage-sdcard-appRequest":{"_":"O aplicativo {{app}} quere acceder a súa tarxeta de memoria."},"perm-device-storage-sdcard-webRequest":{"_":"{{site}} quere acceder a súa tarxeta de memoria."},"perm-device-storage-videos":{"_":"Almacenamento de vídeos"},"perm-device-storage-videos-appRequest":{"_":"O aplicativo{{app}} quere acceder os seus vídeos."},"perm-device-storage-videos-webRequest":{"_":"{{site}} quere acceder os seus vídeos."},"perm-fmradio":{"_":"Radio FM"},"perm-fmradio-appRequest":{"_":"O aplicativo {{app}} quere usar a radio FM."},"perm-fmradio-webRequest":{"_":"{{site}} quere usar a radio FM."},"perm-geolocation":{"_":"Xeolocalización"},"perm-geolocation-appRequest":{"_":"O aplicativo {{app}} quere coñecer a súa localización."},"perm-geolocation-webRequest":{"_":"{{site}} quere coñecer a súa localización."},"perm-geolocation-more-info":{"_":"{{brandShortName}} usa os datos do GPS, Wi-Fi e de antenas de telefonía móbil que o rodean para determinar a súa localización aproximada. Os datos envíanse a Mozilla e a outros fornecedores de servizos e agrúpanse para mellorar a precisión das bases de datos de localización. Os datos almacénanse no seu dispositivo e poden recollerse incluso cando non se executa ningún aplicativo."},"perm-video-capture":{"_":"Cámara"},"perm-video-capture-appRequest":{"_":"Desexa compartir a cámara co aplicativo {{app}}?"},"perm-video-capture-webRequest":{"_":"Desexa compartir a cámara con {{site}}?"},"perm-audio-capture":{"_":"Micrófono"},"perm-audio-capture-appRequest":{"_":"Desexa compartir o micrófono co aplicativo {{app}}?"},"perm-audio-capture-webRequest":{"_":"Desexa compartir o micrófono con {{site}}?"},"perm-media-capture":{"_":"Cámara e micrófono"},"perm-media-capture-appRequest":{"_":"Desexa compartir a cámara e o micrófono co aplicativo {{app}}?"},"perm-media-capture-webRequest":{"_":"Desexa compartir a cámara e o micrófono con {{site}}?"},"stopped_download_title":{"_":"Detívose a descarga"},"stopped_download_message":{"_":"Detívose a descarga. Desexa reiniciar a descarga?"},"stopped_download_left_button":{"_":"Cancelar"},"stopped_download_right_button":{"_":"Tentar de novo"},"failed_download_title":{"_":"Fallou a descarga"},"failed_download_message":{"_":"Fallou a descarga de {{name}}. Desexa reiniciar a descarga?"},"failed_download_left_button":{"_":"Cancelar"},"failed_download_right_button":{"_":"Tentar de novo"},"stop_download_title":{"_":"Deter a descarga"},"stop_download_message":{"_":"Confirma que quere deter a descarga?"},"stop_download_left_button":{"_":"Non"},"stop_download_right_button":{"_":"Si"},"delete_download_title":{"_":"Eliminar"},"delete_download_message":{"_":"Eliminar {{name}}?"},"delete_download_left_button":{"_":"Cancelar"},"delete_download_right_button":{"_":"Eliminar"},"delete_all_download_title":{"_":"Eliminar"},"delete_all_download_left_button":{"_":"Cancelar"},"delete_all_download_right_button":{"_":"Eliminar"},"delete_all_download_message":{"_":"{[ plural(number) ]}","_[zero]":"Non eliminar calquera ficheiro?","_[one]":"Eliminar un ficheiro?","_[two]":"Eliminar {{number}} ficheiros?","_[few]":"Eliminar {{number}} ficheiros?","_[many]":"Eliminar {{number}} ficheiros?","_[other]":"Eliminar {{number}} ficheiros?"},"unsupported_file_type_download_title":{"_":"Foi imposíbel abrir"},"unsupported_file_type_download_message":{"_":"Non hai un aplicativo que pode abrir {{name}}. Desexa gardar o ficheiro ou eliminalo?"},"unsupported_file_type_download_left_button":{"_":"Manter ficheiro"},"unsupported_file_type_download_right_button":{"_":"Eliminar"},"file_not_found_download_title":{"_":"Non se atopou o ficheiro"},"file_not_found_download_message":{"_":"Non se atopou o ficheiro no dispositivo"},"file_not_found_download_right_button":{"_":"Aceptar"},"unmounted_sdcard_2_download_title":{"_":"Tarxeta de memoria en uso"},"unmounted_sdcard_2_download_message":{"_":"Desconecte o teléfono"},"unmounted_sdcard_2_download_right_button":{"_":"Aceptar"},"no_provider_download_title":{"_":"Foi imposíbel compartir"},"no_provider_download_message":{"_":"Non se atoparon fornecedores"},"no_provider_download_right_button":{"_":"Aceptar"},"no_memory_download_title":{"_":"Tarxeta SD chea"},"no_memory_download_message":{"_":"Non hai máis espazo na súa tarxeta SD para gardar a descarga. Retire algúns ficheiros antes de reiniciar a descarga."},"no_memory_download_right_button":{"_":"Aceptar"},"no_sdcard_found_2_download_title":{"_":"Non se atopou a tarxeta de memoria"},"no_sdcard_found_2_download_message":{"_":"Insira unha tarxeta de memoria ou seleccione unha localización alternativa predeterminada para o medios nos axustes"},"no_sdcard_found_2_download_right_button":{"_":"Aceptar"},"file_open_error_download_title":{"_":"Foi imposíbel abrir"},"file_open_error_download_message":{"_":"Produciuse un problema abrindo {{name}}. Desexa gardar o ficheiro ou eliminalo?"},"file_open_error_download_left_button":{"_":"Manter ficheiro"},"file_open_error_download_right_button":{"_":"Eliminar"},"restart_download_error":{"_":"Produciuse un erro ao reiniciar a descarga. Tente descargar de novo."},"no-downloads":{"_":"Sen descargas"},"percentage":{"_":"{{percentage}} %"},"partialResult":{"_":"{{partial}} de {{total}}"},"summary":{"_":"{{date}} - {{status}}"},"download-stopped":{"_":"Detido"},"download-failed":{"_":"Fallou a descarga"},"open_downloaded_file":{"_":"Abrir"},"share_downloaded_file":{"_":"Compartir"},"wallpaper_downloaded_file":{"_":"Estabelecer como fondo"},"ringtone_downloaded_file":{"_":"Estabelecer como ton"},"cancel_downloaded_file":{"_":"Cancelar"},"sim-picker-dial-via-with-number":{"_":"Marcar {{ phoneNumber }} con"},"sim-picker-select-sim":{"_":"Seleccionar SIM"},"sim-picker-button":{"_":"SIM{{ n }}"},"sim-picker-button-default":{"_":"(predeterminado)"}}