{"ok":{"_":"U redu"},"back":{"_":"Natrag"},"help":{"_":"Pomoć"},"cancel":{"_":"Otkaži"},"close":{"_":"Zatvori"},"skip":{"_":"Preskoči"},"airplaneMode":{"_":"Zrakoplovni način rada"},"searching":{"_":"Pretraživanje…"},"noNetwork":{"_":"Nema mreže"},"roaming":{"_":"{{operator}} (Roaming)"},"emergencyCallsOnly":{"_":"Samo hitni pozivi"},"emergencyCallsOnly-unknownSIMState":{"_":"(nepoznato stanje SIM kartice)"},"emergencyCallsOnly-noSIM":{"_":"(nema SIM kartice)"},"emergencyCallsOnly-pinRequired":{"_":"(Potreban PIN SIM kartice)"},"emergencyCallsOnly-pukRequired":{"_":"(Potreban PUK SIM kartice)"},"emergencyCallsOnly-networkLocked":{"_":"(mreža zaključana)"},"emergencyCallsOnly-serviceProviderLocked":{"_":"(zaključan od strane pružatelja usluge)"},"emergencyCallsOnly-corporateLocked":{"_":"(zaključan od strane tvrtke)"},"enterPIN":{"_":"Upišite PIN"},"statusbarLabel":{"_":"{{date}}, {{operator}}"},"statusbarDateFormat":{"_":"%b %e"},"notifications":{"_":"Obavijesti"},"clear-all":{"_":"Očisti sve"},"newVoicemails":{"_":"{[ plural(n) ]}","_[zero]":"Nema novih glasovnih poruka","_[one]":"Jedna nova glasovna poruka","_[two]":"{{n}} nove glasovne poruke","_[few]":"{{n}} novih glasovnih poruka","_[many]":"{{n}} novih glasovnih poruka","_[other]":"{{n}} novih glasovnih poruka"},"newVoicemailsUnknown":{"_":"New voicemail"},"dialNumber":{"_":"Biraj {{number}}"},"deviceMenu":{"_":"Telefon"},"airplane":{"_":"Uključi zrak. način rada"},"airplaneOff":{"_":"Isključi zrak. način rada"},"silent":{"_":"Utišaj dolazne pozive"},"normal":{"_":"Zvoni kod dolaznih poziva"},"restart":{"_":"Ponovno pokretanje"},"power":{"_":"Isključivanje"},"asyncpanzoom":{"_":"Onemogući APZ za aplikacije"},"asyncpanzoomOff":{"_":"Omogući APZ za aplikacije"},"enableScreenReaderSteps":{"_":"To enable screen reader, press volume up then volume down buttons three more times"},"disableScreenReaderSteps":{"_":"To disable screen reader, press volume up then volume down buttons three more times"},"no-recent-apps":{"_":"Nema nedavnih aplikacija"},"yes":{"_":"Da"},"no":{"_":"Ne"},"deny":{"_":"Odbij"},"allow":{"_":"Dopusti"},"dontshare-geolocation":{"_":"Don’t Share"},"share-geolocation":{"_":"Dijeli"},"dontshare-audio-capture":{"_":"Don’t Share"},"share-audio-capture":{"_":"Dijeli"},"dontshare-video-capture":{"_":"Don’t Share"},"share-video-capture":{"_":"Dijeli"},"dontshare-media-capture":{"_":"Don’t Share"},"share-media-capture":{"_":"Dijeli"},"device-front":{"_":"Prednja kamera"},"device-back":{"_":"Stražnja kamera"},"remember-my-choice":{"_":"Zapamti moj izbor"},"more-info":{"_":"Više informacija…"},"install-app":{"_":"Instalirati {{name}}?"},"size":{"_":"Veličina"},"author":{"_":"Autor"},"size-unknown":{"_":"Nepoznata"},"author-unknown":{"_":"Nepoznat"},"install":{"_":"Instaliraj"},"bytes":{"_":"bajtova"},"kB":{"_":"kB"},"MB":{"_":"MB"},"GB":{"_":"GB"},"TB":{"_":"TB"},"PB":{"_":"PB"},"app-install-generic-error":{"_":"Preuzimanje {{ appName }} zaustavljeno"},"app-install-download-failed":{"_":"Preuzimanje {{ appName }} nije uspjelo"},"app-install-install-failed":{"_":"Instalacija {{ appName }} nije uspjela"},"cancelling-will-not-refund":{"_":"Otkazivanje neće refundirati kupovinu. Povrat sredstava za plaćeni sadržaj pruža izvorni prodavač."},"apps-can-be-installed-later":{"_":"Aplikacije se mogu instalirati kasnije, iz prvobitnog instalacijskog izvora."},"are-you-sure-you-want-to-cancel":{"_":"Jeste li sigurni da želite otkazati instalaciju?"},"cancel-install":{"_":"Otkaži instalaciju"},"resume":{"_":"Nastavi"},"continue":{"_":"Nastavi"},"stopDownloading":{"_":"Zaustaviti preuzimanje  {{ app }}?"},"app-download-can-be-restarted":{"_":"Preuzimanje se može ponovno pokrenuti kasnije."},"app-download-stop-button":{"_":"Zaustavi preuzimanje"},"not-enough-space":{"_":"Nema dovoljno prostora"},"not-enough-space-message":{"_":"Nema dovoljno prostora za instalaciju ove aplikacije. Oslobodite prostor brisanjem starih aplikacija ili sadržaja, te pokušajte ponoviti instalaciju iz prvobitnog izvora."},"app-install-success":{"_":"{{ appName }} instaliran"},"setup":{"_":"Konfiguracija"},"ime-addkeyboards":{"_":"Dodaj tipkovnice"},"later":{"_":"Kasnije"},"download":{"_":"Preuzmi"},"wantToDownload":{"_":"Preuzeti dopunu sada?"},"wantToInstall":{"_":"Instalirati dopunu sada?"},"installNow":{"_":"Instaliraj sada"},"notNow":{"_":"Ne sada"},"downloadingUpdateMessage":{"innerHTML":"Preuzimanje dopuna… <span>{{ progress }} preuzeto.</span>"},"downloadingAppMessage":{"_":"Preuzimanje {{ appName }}"},"downloadingAppProgressNoMax":{"_":"{{ progress }} preuzeto"},"downloadingAppProgressIndeterminate":{"_":"Preuzimanje"},"downloadingAppProgress":{"_":"{{ progress }} / {{ max }} preuzeto"},"cancelAllDownloads":{"_":"Otkaži sva preuzimanja"},"wantToCancelAll":{"_":"Jeste li sigurni da želite otkazati sva preuzimanja?"},"downloadError":{"_":"Došlo je do greške prilikom preuzimanja dopuna."},"updateAvailableInfo":{"innerHTML":"{[ plural(n) ]}","innerHTML[one]":"Dostupna {{ n }} dopuna. <span>Pritisnite za više informacija.</span>","innerHTML[two]":"Dostupne su {{ n }} dopune. <span>Pritisnite za više informacija.</span>","innerHTML[few]":"Dostupno {{ n }} dopuna. <span>Pritisnite za više informacija.</span>","innerHTML[many]":"Dostupne {{ n }} dopuna. <span>Pritisnite za više informacija.</span>","innerHTML[other]":"Dostupne {{ n }} dopuna. <span>Pritisnite za više informacija.</span>"},"numberOfUpdates":{"_":"{[ plural(n) ]}","_[one]":"{{ n }} dopuna dostupna","_[two]":"{{ n }} dostupne dopune","_[few]":"{{ n }} dostupnih dopuna","_[many]":"{{ n }} dostupnih dopuna","_[other]":"{{ n }} dostupnih dopuna"},"systemUpdate":{"_":"Ažuriranje sustava"},"systemUpdateReady":{"_":"Dopuna sustava spremna"},"required":{"_":"Obavezno"},"uncompressingMessage":{"innerHTML":"Raspakiravanje… <span>Ovo može potrajati nekoliko minuta.</span>"},"downloadNoWifiWarning":{"_":"Wi-Fi nije dostupan. Dopuna putem trenutne veze može rezultirati dodatnim troškovima."},"downloadOfflineWarning":{"_":"Veza nije dostupna. Povežite se na mrežu da biste mogli preuzeti dopune."},"downloadDataConnectionWarning":{"_":"Dopune se preuzimaju putem podatkovne veze kada Wi-Fi nije dostupan. Ovo može rezultirati dodatnim troškovima."},"downloadUpdatesViaDataConnection":{"_":"Preuzeti dopune pute podatkovne veze?"},"downloadUpdatesViaDataConnectionMessage":{"_":"Dopune se preuzimaju putem podatkovne veze kada WiFi nije dostupan. Prilikom korištenja podatkovne veze, telefonski pozivi mogu biti blokirani, a potrošeni promet može rezultirati dodatnim troškovima."},"screenshotSaved":{"_":"Prikaz zaslona spremljen"},"screenshotFailed":{"_":"Slika se ne može spremiti"},"screenshotNoSDCard":{"_":"Memorijska kartica nije pronađena"},"screenshotSDCardInUse":{"_":"Memorijska kartica je u upotrebi"},"screenshotSDCardLow":{"_":"Nema dovoljno prostora na memorijskoj kartici"},"emergency-call-button":{"_":"Hitan poziv"},"emergency-call":{"_":"Hitan poziv"},"unlock-a11y-button":{"ariaLabel":"Otključaj"},"camera-a11y-button":{"ariaLabel":"Kamera"},"longDateFormat":{"_":"%A, %e %B"},"softwareHomeButton":{"ariaLabel":"Home"},"login":{"_":"Prijava"},"username":{"_":"Korisničko ime"},"password":{"_":"Lozinka"},"http-authentication-message":{"_":"{{host}} zahtijeva korisničko ime i lozinku. Stranica poručuje: “{{realm}}”"},"error-message":{"_":"{{name}} se ne učitava ispravno"},"error-title":{"_":"{{name}} ima poteškoća"},"airplane-is-on":{"_":"Uključen je zrakoplovni način rada"},"airplane-is-turned-on":{"_":"{{name}} zahtijeva mrežnu vezu. Isključite zrakoplovni način rada u Postavkama i povežite se na Wi-Fi ili podatkovnu mrežu."},"server-not-found":{"_":"Poslužitelj nije pronađen"},"server-not-found-error":{"_":"Can’t find the server at {{name}}."},"network-connection-unavailable":{"_":"Mrežna veza nije dostupna"},"network-error":{"_":"{{name}} zahtijeva mrežnu vezu. Pokušajte se povezati na Wi-Fi ili podatkovnu mrežu."},"unable-to-connect":{"_":"Povezivanje nije moguće"},"tap-to-retry":{"_":"Kliknite da biste pokušali ponovno"},"try-again":{"_":"Pokušaj ponovno"},"select-time":{"_":"Odaberite vrijeme"},"choose-option":{"_":"Odaberi"},"choose-options":{"_":"Odaberi"},"select-day":{"_":"Odaberite dan"},"battery-almost-empty":{"_":"Baterija gotovo prazna"},"add-to-home-screen":{"_":"Dodaj na početni zaslon"},"crash-dialog2-os":{"_":"{{brandShortName}} se upravo oporavio od rušenja"},"crash-dialog-app":{"_":"{{name}} se upravo srušio"},"crash-dialog-message":{"_":"Želite li poslati Mozilli izvješće o rušenju kako biste nam pomogli u riješavanju problema? (Izvještaji se šalju samo preko Wi-Fi veze)"},"crash-info-link":{"_":"What’s in a crash report?"},"crash-always-report":{"_":"Uvijek šalji izvještaj kada dođe do rušenja."},"crash-dont-send":{"_":"Don’t Send"},"crash-end":{"_":"Pošalji izvještaj"},"crashReports":{"_":"Izvješt. rušenja"},"done":{"_":"Gotovo"},"crash-reports-description-1":{"_":"Izvještaj o rušenju sadrži detalje o rušenju i vašem uređaju, te snimak stanja vašeg uređaja u trenutku nastanka rušenja."},"crash-reports-description-2":{"_":"To može uključivati stvari poput otvorenih stranica, aplikacija, teksta upisanog u obrasce, sadržaj otvorenih poruka, nedavnu povijest surfanja ili geolokacijske informacije koje je koristila aplikacija."},"crash-reports-description-3-start":{"_":"We use crash reports to try to fix problems and improve our products. We handle your information as we describe in our "},"crash-reports-description-3-privacy":{"_":"politici privatnosti"},"crash-reports-description-3-end":{"_":"."},"crash-banner-os2":{"_":"{{brandShortName}} se upravo srušio."},"crash-banner-app":{"_":"{{name}} se upravo srušio."},"crash-banner-report":{"_":"Izvještaj"},"bluetooth-sendingTitle":{"_":"Slanje Bluetooth transfera.."},"bluetooth-receivingTitle":{"_":"Dolazni Bluetooth transfer.."},"bluetooth-sending-progress":{"_":"Slanje Bluetooth transfera.."},"bluetooth-receiving-progress":{"_":"Primanje Bluetooth transfera.."},"acceptFileTransfer":{"_":"Prihvatiti Bluetooth transfer datoteke?"},"wantToReceiveFile":{"_":"{{deviceName}} želi transferirati {{fileName}} ({{fileSize}})."},"transfer-confirmation-title":{"_":"Prihvati datoteku?"},"transfer-confirmation-description":{"_":"Primanje datoteke s drugog uređaja"},"byteUnit-B":{"_":"Bajtova"},"byteUnit-KB":{"_":"KB"},"byteUnit-MB":{"_":"MB"},"byteUnit-GB":{"_":"GB"},"byteUnit-TB":{"_":"TB"},"byteUnit-PB":{"_":"PB"},"byteUnit-EB":{"_":"EB"},"byteUnit-ZB":{"_":"ZB"},"byteUnit-YB":{"_":"YB"},"fileSize":{"_":"{{size}} {{unit}}"},"transfer":{"_":"Transferiraj"},"cancelFileTransfer":{"_":"Otkazati Bluetooth transfer datoteke?"},"transfer-has-started-title":{"_":"Prijenos je započeo"},"transfer-has-started-description":{"_":"Provjerite status u centru za obavijesti"},"transferFinished-sentSuccessful-title":{"_":"Datoteka poslana"},"transferFinished-receivedSuccessful-title":{"_":"Datoteka primljena"},"transferFinished-sentFailed-title":{"_":"Slanje datoteke nije uspjelo"},"transferFinished-receivedFailed-title":{"_":"Neuspješno primanje"},"transferReport-title":{"_":"Izvješće prijenosa:"},"transferReport-description":{"_":"{{numSuccessful}} datoteka uspješno, {{numUnsuccessful}} datoteka neuspješno"},"unknown-file":{"_":"Nepoznata datoteka"},"unknown-device":{"_":"Nepoznati uređaj"},"cannotOpenFile":{"_":"Nije moguće otvoriti primljenu datoteku"},"unknownMediaTypeToOpen":{"_":"Nije moguće otvoriti nepoznatu vrstu medija:"},"cannotReceiveFile":{"_":"Nije moguće primiti datoteku"},"cannotGetStorageState":{"_":"Nije moguće dobiti stanje memorije uređaja."},"sdcard-not-exist2":{"_":"Memorijska kartica nije pronađena. Molim umetnite karticu."},"sdcard-in-use":{"_":"Bluetooth se ne može koristiti dok je telefon priključen na punjač. Da biste mogli primati datoteke, trebate odspojiti uređaj s punjača."},"sdcard-no-space2":{"_":"Transfer nije moguće dovršiti: memorijska kartica je puna."},"unknown-error":{"_":"Nepoznata greška"},"confirm":{"_":"Potvrdi"},"microphone-is-on":{"_":"Mikrofon je uključen"},"camera-is-on":{"_":"Kamera je uključena"},"media-is-on":{"_":"Kamera i mikrofon su uključeni"},"noSimCard":{"_":"Nema SIM kartice"},"simPin":{"_":"PIN SIM kartice"},"pukCode":{"_":"PUK kôd"},"nckCode":{"_":"NCK kôd"},"cckCode":{"_":"CCK kôd"},"spckCode":{"_":"SPCK kôd"},"whatIsSimPin":{"_":"Što je PIN SIM kartice?"},"simPinIntro1":{"_":"PIN SIM kartice spriječava pristup mobilnim podatkovnim mrežama SIM kartice. Kad je omogućeno, bilo koji uređaj koji sadrži SIM karticu će zahtijevati PIN prilikom pokretanja uređaja."},"simPinIntro2":{"_":"PIN SIM kartice nije isto što i lozinka za otključavanje zaslona uređaja."},"changeSimPin":{"_":"Promijeni PIN"},"pinTitle":{"_":"Upišite PIN"},"multiSIMpinTitle":{"_":"Unesi SIM {{n}} PIN"},"pukTitle":{"_":"Upišite PUK kôd"},"nckTitle":{"_":"Upišite NCK kôd"},"cckTitle":{"_":"Upišite CCK kôd"},"spckTitle":{"_":"Upišite SPCK kôd"},"newpinTitle":{"_":"Novi PIN"},"inputCodeRetriesLeft":{"_":"{[ plural(n) ]}","_[one]":"Last try.","_[two]":"Preostala {{n}} pokušaja.","_[few]":"Preostalo {{n}} pokušaja.","_[many]":"Preostalo {{n}} pokušaja.","_[other]":"Preostalo {{n}} pokušaja."},"pinErrorMsg":{"_":"PIN nije ispravan."},"pinAttemptMsg2":{"_":"{[ plural(n) ]}","_[one]":"Imate još jedan pokušaj za unos ispravnog kôda prije zaključavanja SIM kartice.","_[two]":"Imate još {{n}} pokušaja za unos ispravnog kôda prije zaključavanja SIM kartice.","_[few]":"Imate još {{n}} pokušaja za unos ispravnog kôda prije zaključavanja SIM kartice.","_[many]":"Imate još {{n}} pokušaja za unos ispravnog kôda prije zaključavanja SIM kartice.","_[other]":"Imate još {{n}} triespokušaja za unos ispravnog kôda prije zaključavanja SIM kartice."},"pinLastChanceMsg":{"_":"Ovo je vaša posljednja prilika za upisivanje točnog PIN-a. Ako pogriješite, za korištenje ove SIM kartice ćete trebati upisati PUK kôd."},"simCardLockedMsg":{"_":"SIM kartica je zaključana."},"enterPukMsg":{"_":"Morate upisati PUK (Personal Unlocking Key) kôd za SIM karticu. Konzultirajte se s dokumentacijom vaše SIM kartice ili se obratite pružatelju usluge za pomoć."},"pukErrorMsg":{"_":"PUK kôd je neispravan."},"pukAttemptMsg2":{"_":"{[ plural(n) ]}","_[one]":"Imate još jedan pokušaj za upisivanje točnog kôda prije nego što SIM kartica postane trajno neupotrebljiva. Konzultirajte se s dokumentacijom vaše SIM kartice ili se obratite pružatelju usluge za pomoć.","_[two]":"Imate još {{n}} pokušaja za upisivanje točnog kôda prije nego što SIM kartica postane trajno neupotrebljiva. Konzultirajte se s dokumentacijom vaše SIM kartice ili se obratite pružatelju usluge za pomoć.","_[few]":"Imate još {{n}} pokušaja za upisivanje točnog kôda prije nego što SIM kartica postane trajno neupotrebljiva. Konzultirajte se s dokumentacijom vaše SIM kartice ili se obratite pružatelju usluge za pomoć.","_[many]":"Imate još {{n}} pokušaja za upisivanje točnog kôda prije nego što SIM kartica postane trajno neupotrebljiva. Konzultirajte se s dokumentacijom vaše SIM kartice ili se obratite pružatelju usluge za pomoć.","_[other]":"Imate još {{n}} pokušaja za upisivanje točnog kôda prije nego što SIM kartica postane trajno neupotrebljiva. Konzultirajte se s dokumentacijom vaše SIM kartice ili se obratite pružatelju usluge za pomoć."},"pukLastChanceMsg":{"_":"Posljednja prilika za upisivanje točnog PUK kôda. Ako ponovno upišete krivi PUK, vaša će SIM kartica postati trajno neupotrebljiva. Konzultirajte se s dokumentacijom vaše SIM kartice ili se obratite pružatelju usluge za pomoć."},"newSimPinMsg":{"_":"Stvori PIN (mora sadržavati između 4 i 8 znamenki)"},"confirmNewSimPinMsg":{"_":"Potvrdite novi PIN"},"newPinErrorMsg":{"_":"PIN-ovi se ne podudaraju"},"nckErrorMsg":{"_":"NCK kôd nije ispravan."},"nckAttemptMsg2":{"_":"{[ plural(n) ]}","_[one]":"Zahtjev depersonalizacije mreže nije uspio. Imate još jedan pokušaja za upisivanje ispravnog kôda. Konzultirajte se s dokumentacijom ili se obratite pružatelju usluge za pomoć.","_[two]":"Zahtjev depersonalizacije mreže nije uspio. Imate još {{n}} pokušaja za upisivanje ispravnog kôda. Konzultirajte se s dokumentacijom ili se obratite pružatelju usluge za pomoć.","_[few]":"Zahtjev depersonalizacije mreže nije uspio. Imate još {{n}} pokušaja za upisivanje ispravnog kôda. Konzultirajte se s dokumentacijom ili se obratite pružatelju usluge za pomoć.","_[many]":"Zahtjev depersonalizacije mreže nije uspio. Imate još {{n}} pokušaja za upisivanje ispravnog kôda. Konzultirajte se s dokumentacijom ili se obratite pružatelju usluge za pomoć.","_[other]":"Zahtjev depersonalizacije mreže nije uspio. Imate još {{n}} pokušaja za upisivanje ispravnog kôda. Konzultirajte se s dokumentacijom ili se obratite pružatelju usluge za pomoć."},"nckLastChanceMsg":{"_":"Zahtjev depersonalizacije mreže nije uspio. Ovo je posljednja prilika za unos ispravnog NCK kôda. Konzultirajte se s dokumentacijom ili se obratite pružatelju usluge za pomoć."},"activity-pick":{"_":"Odaberi iz:"},"activity-view":{"_":"Pregledaj sa:"},"activity-test":{"_":"Testiraj sa:"},"activity-share":{"_":"Podijeli sa:"},"activity-new":{"_":"Stvori sa:"},"activity-open":{"_":"Otvori sa:"},"activity-save-bookmark":{"_":"Zabilježi u:"},"activity-record":{"_":"Snimi iz:"},"activity-browse":{"_":"Pretraži sa:"},"activity-configure":{"_":"Podesi sa:"},"activity-dial":{"_":"Bira sa:"},"persona-signin":{"_":"Prijava"},"payment-flow":{"_":"Kupi"},"remoteDebuggerMessage":{"_":"Evidentiran je dolazni zahtjev za dopuštanje veze za riješavanje problema s udaljene lokacije. Dopustiti vezu?"},"fullscreen-request":{"_":"{{origin}} je sada u prikazu preko cijelog zaslona."},"captive-wifi-available":{"_":"Pronađena je mreža {{networkName}}. Povezati se na mrežu?"},"ceWarningtitle":{"_":"Upozorenje glasnoće"},"ceWarningcontent":{"_":"Za spriječavanje eventualnog oštećenja sluha, preporuka je da ne služate glasne zvukove tijekom dužeg perioda."},"notification-powersaving-mode-on-title":{"_":"Štedljivi način rada"},"notification-powersaving-mode-on-description":{"_":"Štedljivi način rada je uključen."},"low-device-storage":{"_":"Ponestaje prostora na uređaju.\n"},"free-space":{"_":"{[ plural(value) ]}","_[zero]":"Nema slobodnog prostora.","_[one]":"Preostalo je manje od {{value}} {{unit}}.","_[two]":"Preostalo je manje od {{value}} {{unit}}.","_[few]":"Preostalo je manje od {{value}} {{unit}}.","_[many]":"Preostalo je manje od {{value}} {{unit}}.","_[other]":"Preostalo je manje od {{value}} {{unit}}."},"unknown-free-space":{"_":"Preostala je nepoznata količina prostora."},"system-alert":{"_":"Sistemsko upozorenje"},"cb-channel":{"_":"Kanal {{channel}}"},"icc-message-title":{"_":"Operator message from SIM {{id}}"},"icc-confirmCall-defaultmessage":{"_":"Pozvati {{number}}?"},"icc-alertMessage-defaultmessage":{"_":"Slanje poruke"},"icc-confirmMessage-defaultmessage":{"_":"Pošalji poruku?"},"icc-inputbox-title":{"_":"STK Query from SIM {{id}}"},"emergency-callback-mode":{"_":"Način rada hitnog slučaja"},"emergency-callback-message":{"_":"You can not make calls, send messages or go online because emergency callback mode is enabled. Would you like to turn it off?"},"cdma-record-info":{"_":"Informacije CDMA zapisa"},"ime-switching-title":{"_":"{{appName}}: {{name}}"},"ime-switching-tip":{"_":"Pritisnite za promjenu metode unosa"},"layout-selection":{"_":"Odabir rasporeda"},"shrinking-tip":{"_":"Povucite za dijeljenje"},"download_started":{"_":"Download started"},"download_stopped":{"_":"Download stopped"},"download_downloading":{"_":"Downloading…"},"download_succeeded":{"_":"Download complete"},"download_failed":{"_":"Download failed"},"download_text_by_default":{"_":"{{name}}"},"download_downloading_text_2":{"_":"{{percentage}}% - {{name}}"},"search":{"_":"Search"},"search-or-type-address":{"placeholder":"Search or type address"},"noSIMCardInHotspot":{"_":"SIM card is absent or inserted incorrectly, so turn off hotspot"},"emergency-callback-dialog-message":{"_":"Telekom usluge i Internet su onemogućeni zbog načina rada hitnog slučaja. Želite li isključiti ovaj način rada?"},"brandShortName":{"_":"B2G OS"},"browserBrandShortName":{"_":"Web preglednik"},"browserBrandFullName":{"_":"Mozilla web preglednik"},"weekday-0-long":{"_":"Nedjelja"},"weekday-1-long":{"_":"Ponedjeljak"},"weekday-2-long":{"_":"Utorak"},"weekday-3-long":{"_":"Srijeda"},"weekday-4-long":{"_":"Četvrtak"},"weekday-5-long":{"_":"Petak"},"weekday-6-long":{"_":"Subota"},"weekday-0-short":{"_":"Ned"},"weekday-1-short":{"_":"Pon"},"weekday-2-short":{"_":"Uto"},"weekday-3-short":{"_":"Sri"},"weekday-4-short":{"_":"Čet"},"weekday-5-short":{"_":"Pet"},"weekday-6-short":{"_":"Sub"},"month-0-long":{"_":"Siječanj"},"month-1-long":{"_":"Veljača"},"month-2-long":{"_":"Ožujak"},"month-3-long":{"_":"Travanj"},"month-4-long":{"_":"Svibanj"},"month-5-long":{"_":"Lipanj"},"month-6-long":{"_":"Srpanj"},"month-7-long":{"_":"Kolovoz"},"month-8-long":{"_":"Rujan"},"month-9-long":{"_":"Listopad"},"month-10-long":{"_":"Studeni"},"month-11-long":{"_":"Prosinac"},"month-0-genitive":{"_":"Siječnja"},"month-1-genitive":{"_":"Veljače"},"month-2-genitive":{"_":"Ožujka"},"month-3-genitive":{"_":"Travnja"},"month-4-genitive":{"_":"Svibnja"},"month-5-genitive":{"_":"Lipnja"},"month-6-genitive":{"_":"Srpnja"},"month-7-genitive":{"_":"Kolovoza"},"month-8-genitive":{"_":"Rujna"},"month-9-genitive":{"_":"Listopada"},"month-10-genitive":{"_":"Studenoga"},"month-11-genitive":{"_":"Prosinca"},"month-0-short":{"_":"Sij"},"month-1-short":{"_":"Velj"},"month-2-short":{"_":"Ožu"},"month-3-short":{"_":"Tra"},"month-4-short":{"_":"Svi"},"month-5-short":{"_":"Lip"},"month-6-short":{"_":"Srp"},"month-7-short":{"_":"Kol"},"month-8-short":{"_":"Ruj"},"month-9-short":{"_":"Lis"},"month-10-short":{"_":"Stu"},"month-11-short":{"_":"Pro"},"minutes-ago-long":{"_":"{[ plural(value) ]}","_[zero]":"upravo","_[one]":"prije minutu","_[two]":"prije {{value}} minute","_[few]":"prije {{value}} minutes","_[many]":"prije {{value}} minuta","_[other]":"prije {{value}} minuta"},"hours-ago-long":{"_":"{[ plural(value) ]}","_[zero]":"upravo","_[one]":"prije sat vremena","_[two]":"prije {{value}} sata","_[few]":"prije {{value}} sati","_[many]":"prije {{value}} sati","_[other]":"prije {{value}} sati"},"days-ago-long":{"_":"{[ plural(value) ]}","_[zero]":"danas","_[one]":"jučer","_[two]":"prije {{value}} dana","_[few]":"prije {{value}} dana","_[many]":"prije {{value}} dana","_[other]":"prije {{value}} dana"},"weeks-ago-long":{"_":"{[ plural(value) ]}","_[zero]":"ovaj tjedan","_[one]":"prošli tjedan","_[two]":"prije {{value}} tjedna","_[few]":"prije {{value}} tjedana","_[many]":"prije {{value}} tjedana","_[other]":"prije {{value}} tjedana"},"months-ago-long":{"_":"{[ plural(value) ]}","_[zero]":"ovaj mjesec","_[one]":"prošli mjesec","_[two]":"prije {{value}} mjeseca","_[few]":"prije {{value}} mjeseci","_[many]":"prije {{value}} mjeseci","_[other]":"prije {{value}} mjeseci"},"years-ago-long":{"_":"{[ plural(value) ]}","_[zero]":"ove godine","_[one]":"prošle godine","_[two]":"prije {{value}} godine","_[few]":"prije {{value}} godina","_[many]":"prije {{value}} godina","_[other]":"prije {{value}} godina"},"minutes-until-long":{"_":"{[ plural(value) ]}","_[zero]":"upravo","_[one]":"za minutu","_[two]":"za {{value}} minute","_[few]":"za {{value}} minuta","_[many]":"za {{value}} minuta","_[other]":"za {{value}} minuta"},"hours-until-long":{"_":"{[ plural(value) ]}","_[zero]":"upravo","_[one]":"za sat vremena","_[two]":"za {{value}} sata","_[few]":"za {{value}} sati","_[many]":"za {{value}} sati","_[other]":"za {{value}} sati"},"days-until-long":{"_":"{[ plural(value) ]}","_[zero]":"danas","_[one]":"sutra","_[two]":"za {{value}} dana","_[few]":"za {{value}} dana","_[many]":"za {{value}} dana","_[other]":"za {{value}} dana"},"weeks-until-long":{"_":"{[ plural(value) ]}","_[zero]":"ovaj tjedan","_[one]":"idući tjedan","_[two]":"za {{value}} tjedna","_[few]":"za {{value}} tjedana","_[many]":"za {{value}} tjedana","_[other]":"za {{value}} tjedana"},"months-until-long":{"_":"{[ plural(value) ]}","_[zero]":"ovaj mjesec","_[one]":"idući mjesec","_[two]":"za {{value}} mjeseca","_[few]":"za {{value}} mjeseci","_[many]":"za {{value}} mjeseci","_[other]":"za {{value}} mjeseci"},"years-until-long":{"_":"{[ plural(value) ]}","_[zero]":"ove godine","_[one]":"iduće godine","_[two]":"za {{value}} godine","_[few]":"za {{value}} godina","_[many]":"za {{value}} godina","_[other]":"za {{value}} godina"},"minutes-ago-short":{"_":"{[ plural(value) ]}","_[zero]":"upravo","_[other]":"prije {{value}}m"},"hours-ago-short":{"_":"{[ plural(value) ]}","_[zero]":"upravo","_[other]":"prije {{value}}s"},"days-ago-short":{"_":"{[ plural(value) ]}","_[zero]":"danas","_[other]":"prije {{value}}d"},"minutes-until-short":{"_":"{[ plural(value) ]}","_[zero]":"sada","_[other]":"za {{value}}m"},"hours-until-short":{"_":"{[ plural(value) ]}","_[zero]":"sada","_[other]":"za {{value}}s"},"days-until-short":{"_":"{[ plural(value) ]}","_[zero]":"danas","_[other]":"za {{value}}d"},"incorrectDate":{"_":"(netočan datum)"},"dateTimeFormat_%c":{"_":"%a %e %b %Y %H:%M:%S"},"dateTimeFormat_%x":{"_":"%d.%m.%Y"},"dateTimeFormat_%X":{"_":"%H:%M:%S"},"shortTimeFormat":{"_":"%H:%M"},"shortDateTimeFormat":{"_":"%x %H:%M"},"weekStartsOnMonday":{"_":"1"},"time_am":{"_":"AM"},"time_pm":{"_":"PM"},"perm-contacts":{"_":"Kontakti"},"perm-contacts-appRequest":{"_":"{{app}} želi pristupiti popisu vaših kontakata."},"perm-contacts-webRequest":{"_":"{{site}} želi pristupiti popisu vaših kontakata."},"perm-desktop-notification":{"_":"Obavijesti"},"perm-desktop-notification-appRequest":{"_":"{{app}} želi prikazivati obavijesti."},"perm-desktop-notification-webRequest":{"_":"{{site}} želi prikazivati obavijesti."},"perm-device-storage-music":{"_":"Prostor za glazbu"},"perm-device-storage-music-appRequest":{"_":"{{app}} želi pristupiti vašoj glazbi."},"perm-device-storage-music-webRequest":{"_":"{{site}} želi pristupiti vašoj glazbi."},"perm-device-storage-pictures":{"_":"Prostor za slike"},"perm-device-storage-pictures-appRequest":{"_":"{{app}} želi pristupiti vašim slikama."},"perm-device-storage-pictures-webRequest":{"_":"{{site}} želi pristupiti vašim slikama."},"perm-device-storage-sdcard":{"_":"Prostor na SD kartici"},"perm-device-storage-sdcard-appRequest":{"_":"{{app}} želi pristupiti vašoj memorijskoj kartici."},"perm-device-storage-sdcard-webRequest":{"_":"{{site}} želi pristupiti vašoj memorijskoj kartici."},"perm-device-storage-videos":{"_":"Prostor za video"},"perm-device-storage-videos-appRequest":{"_":"{{app}} želi pristupiti vašim video snimkama."},"perm-device-storage-videos-webRequest":{"_":"{{site}} želi pristupiti vašim video snimkama."},"perm-fmradio":{"_":"FM radio"},"perm-fmradio-appRequest":{"_":"{{app}} želi koristiti FM radio."},"perm-fmradio-webRequest":{"_":"{{site}} želi koristiti FM radio."},"perm-geolocation":{"_":"Geolokacija"},"perm-geolocation-appRequest":{"_":"{{app}} želi znati vašu trenutnu lokaciju."},"perm-geolocation-webRequest":{"_":"{{site}} želi znati vašu trenutnu lokaciju."},"perm-geolocation-more-info":{"_":"{{brandShortName}} koristi informacije od GPS-a, Wi-Fi-a i mobilnih mreža u važoj blizini kako bi lakše procijenio vašu lokaciju. Podaci se šalju Mozilli i ostalim pružateljima usluga, te se koriste za unaprijeđenje geolokacijskih baza podataka. Podaci se mogu spremati na vaš uređaj, a prikupljanje podataka se može obavljati čak i kad aplikacije nisu pokrenute."},"perm-video-capture":{"_":"Kamera"},"perm-video-capture-appRequest":{"_":"Želite li dijeliti svoju kameru sa {{app}}?"},"perm-video-capture-webRequest":{"_":"Želite li dijeliti svoju kameru sa {{site}}?"},"perm-audio-capture":{"_":"Mikrofon"},"perm-audio-capture-appRequest":{"_":"Želite li dijeliti svoj mikrofon sa {{app}}?"},"perm-audio-capture-webRequest":{"_":"Želite li dijeliti svoj mikrofon sa {{site}}?"},"perm-media-capture":{"_":"Kamera i mikrofon"},"perm-media-capture-appRequest":{"_":"Želite li dijeliti svoju kameru i mikrofon sa {{app}}?"},"perm-media-capture-webRequest":{"_":"Želite li dijeliti svoju kameru i mikrofon sa {{site}}?"},"stopped_download_title":{"_":"Download stopped"},"stopped_download_message":{"_":"Download was stopped. Try downloading again?"},"stopped_download_left_button":{"_":"Cancel"},"stopped_download_right_button":{"_":"Try again"},"failed_download_title":{"_":"Download failed"},"failed_download_message":{"_":"{{name}} failed to download. Try downloading again?"},"failed_download_left_button":{"_":"Cancel"},"failed_download_right_button":{"_":"Try again"},"stop_download_title":{"_":"Stop download"},"stop_download_message":{"_":"Are you sure you want to stop the download?"},"stop_download_left_button":{"_":"No"},"stop_download_right_button":{"_":"Yes"},"delete_download_title":{"_":"Delete"},"delete_download_message":{"_":"Delete {{name}}?"},"delete_download_left_button":{"_":"Cancel"},"delete_download_right_button":{"_":"Delete"},"delete_all_download_title":{"_":"Delete"},"delete_all_download_left_button":{"_":"Cancel"},"delete_all_download_right_button":{"_":"Delete"},"delete_all_download_message":{"_":"{[ plural(number) ]}","_[zero]":"Delete no files?","_[one]":"Delete one file?","_[two]":"Delete {{number}} files?","_[few]":"Delete {{number}} files?","_[many]":"Delete {{number}} files?","_[other]":"Delete {{number}} files?"},"unsupported_file_type_download_title":{"_":"Unable to open"},"unsupported_file_type_download_message":{"_":"There isn’t an app that can open {{name}}. Would you like to save the file or delete it?"},"unsupported_file_type_download_left_button":{"_":"Keep File"},"unsupported_file_type_download_right_button":{"_":"Delete"},"file_not_found_download_title":{"_":"File not found"},"file_not_found_download_message":{"_":"The file wasn’t found on the device"},"file_not_found_download_right_button":{"_":"OK"},"unmounted_sdcard_2_download_title":{"_":"Memory card in use"},"unmounted_sdcard_2_download_message":{"_":"Unplug the phone"},"unmounted_sdcard_2_download_right_button":{"_":"OK"},"no_provider_download_title":{"_":"Unable to share"},"no_provider_download_message":{"_":"No provider found"},"no_provider_download_right_button":{"_":"OK"},"no_memory_download_title":{"_":"SD Card is full"},"no_memory_download_message":{"_":"There is no more room on your SD card to save your download. Please remove some files before restarting the download."},"no_memory_download_right_button":{"_":"OK"},"no_sdcard_found_2_download_title":{"_":"No memory card found"},"no_sdcard_found_2_download_message":{"_":"Insert a memory card or select an alternate default media location in settings"},"no_sdcard_found_2_download_right_button":{"_":"OK"},"file_open_error_download_title":{"_":"Unable to open"},"file_open_error_download_message":{"_":"There is a problem opening {{name}}. Would you like to save the file or delete it?"},"file_open_error_download_left_button":{"_":"Keep File"},"file_open_error_download_right_button":{"_":"Delete"},"restart_download_error":{"_":"There was an error while restarting the download. Please try to download again."},"no-downloads":{"_":"No downloads"},"percentage":{"_":"{{percentage}} %"},"partialResult":{"_":"{{partial}} of {{total}}"},"summary":{"_":"{{date}} - {{status}}"},"download-stopped":{"_":"Stopped"},"download-failed":{"_":"Download failed"},"open_downloaded_file":{"_":"Open"},"share_downloaded_file":{"_":"Share"},"wallpaper_downloaded_file":{"_":"Set as wallpaper"},"ringtone_downloaded_file":{"_":"Set as ringtone"},"cancel_downloaded_file":{"_":"Cancel"},"sim-picker-dial-via-with-number":{"_":"Dial {{ phoneNumber }} via"},"sim-picker-select-sim":{"_":"Select SIM"},"sim-picker-button":{"_":"SIM{{ n }}"},"sim-picker-button-default":{"_":"(default)"}}