{"ok":{"_":"OK"},"back":{"_":"Vissza"},"help":{"_":"Súgó"},"cancel":{"_":"Mégse"},"close":{"_":"Bezárás"},"skip":{"_":"Kihagyás"},"airplaneMode":{"_":"Repülő mód"},"searching":{"_":"Keresés…"},"noNetwork":{"_":"Nincs hálózat"},"roaming":{"_":"{{operator}} (Roaming)"},"emergencyCallsOnly":{"_":"Csak segélyhívások"},"emergencyCallsOnly-unknownSIMState":{"_":"(ismeretlen SIM állapot)"},"emergencyCallsOnly-noSIM":{"_":"(nincs SIM)"},"emergencyCallsOnly-pinRequired":{"_":"(SIM PIN kód szükséges)"},"emergencyCallsOnly-pukRequired":{"_":"(SIM PUK kód szükséges)"},"emergencyCallsOnly-networkLocked":{"_":"(hálózat zárolva)"},"emergencyCallsOnly-serviceProviderLocked":{"_":"(szolgáltató zárolta)"},"emergencyCallsOnly-corporateLocked":{"_":"(cég zárolta)"},"enterPIN":{"_":"Írja be a PIN-t"},"statusbarLabel":{"_":"{{date}}, {{operator}}"},"statusbarDateFormat":{"_":"%b %e"},"notifications":{"_":"Értesítések"},"clear-all":{"_":"Összes törlése"},"newVoicemails":{"_":"{[ plural(n) ]}","_[zero]":"Nincs új hangpostaüzenet","_[one]":"Egy új hangpostaüzenet","_[two]":"{{n}} új hangpostaüzenet","_[few]":"{{n}} új hangpostaüzenet","_[many]":"{{n}} új hangpostaüzenet","_[other]":"{{n}} új hangpostaüzenet"},"newVoicemailsUnknown":{"_":"Új hangpostaüzenet"},"dialNumber":{"_":"{{number}} tárcsázása"},"deviceMenu":{"_":"Telefon"},"airplane":{"_":"Repülő mód bekapcsolása"},"airplaneOff":{"_":"Repülő mód kikapcsolása"},"silent":{"_":"Bejövő hívások némítása"},"normal":{"_":"Bejövő hívások jelzése"},"restart":{"_":"Újraindítás"},"power":{"_":"Kikapcsolás"},"asyncpanzoom":{"_":"APZ kikapcsolása appokhoz"},"asyncpanzoomOff":{"_":"APZ bekapcsolása appokhoz"},"enableScreenReaderSteps":{"_":"A képernyőolvasó bekapcsolásához nyomja meg még háromszor a hangerő fel, majd a hangerő le gombokat"},"disableScreenReaderSteps":{"_":"A képernyőolvasó kikapcsolásához nyomja meg még háromszor a hangerő fel, majd a hangerő le gombokat"},"no-recent-apps":{"_":"Nincs legutóbbi app"},"yes":{"_":"Igen"},"no":{"_":"Nem"},"deny":{"_":"Tiltás"},"allow":{"_":"Engedélyezés"},"dontshare-geolocation":{"_":"Ne ossza meg"},"share-geolocation":{"_":"Megosztás"},"dontshare-audio-capture":{"_":"Ne ossza meg"},"share-audio-capture":{"_":"Megosztás"},"dontshare-video-capture":{"_":"Ne ossza meg"},"share-video-capture":{"_":"Megosztás"},"dontshare-media-capture":{"_":"Ne ossza meg"},"share-media-capture":{"_":"Megosztás"},"device-front":{"_":"Elülső kamera"},"device-back":{"_":"Hátsó kamera"},"remember-my-choice":{"_":"Válasz megjegyzése"},"more-info":{"_":"Több információ…"},"install-app":{"_":"Telepíti ezt: {{name}}?"},"size":{"_":"Méret"},"author":{"_":"Szerző"},"size-unknown":{"_":"Ismeretlen"},"author-unknown":{"_":"Ismeretlen"},"install":{"_":"Telepítés"},"bytes":{"_":"bájt"},"kB":{"_":"kB"},"MB":{"_":"MB"},"GB":{"_":"GB"},"TB":{"_":"TB"},"PB":{"_":"PB"},"app-install-generic-error":{"_":"{{ appName }} letöltése leállítva"},"app-install-download-failed":{"_":"{{ appName }} letöltése meghiúsult"},"app-install-install-failed":{"_":"{{ appName }} telepítése meghiúsult"},"cancelling-will-not-refund":{"_":"A telepítés megszakítása az app árát nem téríti vissza! Az\tapp árát kizárólag az app értékesítője térítheti vissza Önnek."},"apps-can-be-installed-later":{"_":"Az app a későbbiek folyamán is telepíthető."},"are-you-sure-you-want-to-cancel":{"_":"Biztosan megszakítja az app telepítését?"},"cancel-install":{"_":"Telepítés megszakítása"},"resume":{"_":"Folytatás"},"continue":{"_":"Folytatás"},"stopDownloading":{"_":"Leállítja a(z) {{ app }} letöltését?"},"app-download-can-be-restarted":{"_":"A letöltés később újraindítható."},"app-download-stop-button":{"_":"Letöltés leállítása"},"not-enough-space":{"_":"Nincs elég hely"},"not-enough-space-message":{"_":"Nincs elég hely az app telepítéséhez. Szabadítson fel helyet régi appok vagy médiafájlok törlésével, és próbálja újra telepíteni az eredeti forrásból."},"app-install-success":{"_":"{{ appName }} telepítve"},"setup":{"_":"Beállítás"},"ime-addkeyboards":{"_":"Minden billentyűzet"},"later":{"_":"Később"},"download":{"_":"Letöltés"},"wantToDownload":{"_":"Letölti most a frissítést?"},"wantToInstall":{"_":"Telepíti most a frissítést?"},"installNow":{"_":"Telepítés most"},"notNow":{"_":"Most nem"},"downloadingUpdateMessage":{"innerHTML":"Frissítések letöltése… <span>{{ progress }} letöltve.</span>"},"downloadingAppMessage":{"_":"{{ appName }} letöltése"},"downloadingAppProgressNoMax":{"_":"{{ progress }} letöltve"},"downloadingAppProgressIndeterminate":{"_":"Letöltés"},"downloadingAppProgress":{"_":"{{ progress }} / {{ max }} letöltve"},"cancelAllDownloads":{"_":"Összes letöltés megszakítása"},"wantToCancelAll":{"_":"Biztos, hogy megszakít minden telepítést?"},"downloadError":{"_":"Hiba történt a frissítések letöltésekor."},"updateAvailableInfo":{"innerHTML":"{[ plural(n) ]}","innerHTML[one]":"{{ n }} frissítés érhető el. <span>Koppintson további információkért.</span>","innerHTML[two]":"{{ n }} frissítés érhető el. <span>Koppintson további információkért.</span>","innerHTML[few]":"{{ n }} frissítés érhető el. <span>Koppintson további információkért.</span>","innerHTML[many]":"{{ n }} frissítés érhető el. <span>Koppintson további információkért.</span>","innerHTML[other]":"{{ n }} frissítés érhető el. <span>Koppintson további információkért.</span>"},"numberOfUpdates":{"_":"{[ plural(n) ]}","_[one]":"{{ n }} frissítés érhető el","_[two]":"{{ n }} frissítés érhető el","_[few]":"{{ n }} frissítés érhető el","_[many]":"{{ n }} frissítés érhető el","_[other]":"{{ n }} frissítés érhető el"},"systemUpdate":{"_":"Rendszerfrissítés"},"systemUpdateReady":{"_":"A rendszer frissítésre kész"},"required":{"_":"Szükséges"},"uncompressingMessage":{"innerHTML":"Kibontás… <span>Ez eltarthat egy kis ideig.</span>"},"downloadNoWifiWarning":{"_":"Nem érhető el Wi-Fi. A frissítés a jelenlegi kapcsolaton további költségek felmerülését okozhatja."},"downloadOfflineWarning":{"_":"Nincs kapcsolat. Kapcsolódjon egy hálózathoz a frissítések letöltéséhez."},"downloadDataConnectionWarning":{"_":"A frissítések adatkapcsolaton keresztül kerülnek letöltésre, ha nem érhető el Wi-Fi. További költségek felmerülhetnek."},"downloadUpdatesViaDataConnection":{"_":"Adatkapcsolaton tölti le a frissítéseket?"},"downloadUpdatesViaDataConnectionMessage":{"_":"A frissítések adatkapcsolaton keresztül kerülnek letöltésre, ha nem érhető el Wi-Fi. Adatkapcsolat használatakor a telefonhívások blokkolásra kerülhetnek, és további költségek is felmerülhetnek."},"screenshotSaved":{"_":"Kép mentve a Galériába"},"screenshotFailed":{"_":"A kép nem menthető"},"screenshotNoSDCard":{"_":"Nem található memóriakártya"},"screenshotSDCardInUse":{"_":"A memóriakártya használatban van"},"screenshotSDCardLow":{"_":"Nincs elég hely a memóriakártyán"},"emergency-call-button":{"_":"Segélyhívó"},"emergency-call":{"_":"Segélyhívó"},"unlock-a11y-button":{"ariaLabel":"Feloldás"},"camera-a11y-button":{"ariaLabel":"Kamera"},"longDateFormat":{"_":"%B %d. %A"},"softwareHomeButton":{"ariaLabel":"Kezdőoldal"},"login":{"_":"Bejelentkezés"},"username":{"_":"Felhasználónév"},"password":{"_":"Jelszó"},"http-authentication-message":{"_":"{{host}} felhasználónevet és jelszót kér. A webhely üzenete: „{{realm}}”"},"error-message":{"_":"{{name}} nem töltődik be megfelelően"},"error-title":{"_":"{{name}} problémát tapasztalt"},"airplane-is-on":{"_":"A repülő mód be van kapcsolva"},"airplane-is-turned-on":{"_":"{{name}} hálózati kapcsolatot igényel. Kapcsolja ki a repülő módot a Beállításokban, és csatlakozzon egy Wi-Fi-s vagy mobilos adathálózathoz."},"server-not-found":{"_":"Kiszolgáló nem található"},"server-not-found-error":{"_":"Nem található a kiszolgáló itt: {{name}}."},"network-connection-unavailable":{"_":"Nincs hálózati kapcsolat"},"network-error":{"_":"{{name}} hálózati kapcsolatot igényel. Próbáljon csatlakozni egy Wi-Fi-s vagy mobilos adathálózathoz."},"unable-to-connect":{"_":"Nem lehet kapcsolódni"},"tap-to-retry":{"_":"Koppintson az ismétléshez"},"try-again":{"_":"Próbálja újra"},"select-time":{"_":"Válasszon időt"},"choose-option":{"_":"Válasszon"},"choose-options":{"_":"Válasszon"},"select-day":{"_":"Válasszon napot"},"battery-almost-empty":{"_":"Az akkumulátor majdnem üres"},"add-to-home-screen":{"_":"Kezdőképernyőre"},"crash-dialog2-os":{"_":"{{brandShortName}} helyreállt az összeomlás után"},"crash-dialog-app":{"_":"{{name}} összeomlott"},"crash-dialog-message":{"_":"Szeretne jelentést küldeni a Mozillának a hibáról, hogy ezzel is segítsen javítani a problémát? (A jelentések csak Wi-Fi használatával kerülnek elküldésre.)"},"crash-info-link":{"_":"Mit tartalmaz a hibajelentés?"},"crash-always-report":{"_":"Minden hiba esetén küldjön jelentést a Mozillának."},"crash-dont-send":{"_":"Ne küldjön"},"crash-end":{"_":"Jelentés küldése"},"crashReports":{"_":"Hibajelentések"},"done":{"_":"Bezárás"},"crash-reports-description-1":{"_":"A hibajelentés a hibával és az eszközével kapcsolatos részleteket, valamint az eszköz állapotának pillanatképét tartalmazza."},"crash-reports-description-2":{"_":"Ebbe a megnyitott lapok és appok, űrlapokba gépelt szövegek és a nyitott üzenetek tartalma, a böngészési előzmények vagy egy nyitott app által használt földrajzi koordináták tartozhatnak."},"crash-reports-description-3-start":{"_":"A hibajelentéseket a problémák javításához és termékeink tökéletesítéséhez használjuk. Információit az\\ "},"crash-reports-description-3-privacy":{"_":"adatvédelmi irányelvekben"},"crash-reports-description-3-end":{"_":"leírtaknak megfelelően kezeljük."},"crash-banner-os2":{"_":"{{brandShortName}} összeomlott."},"crash-banner-app":{"_":"{{name}} összeomlott."},"crash-banner-report":{"_":"Jelentés"},"bluetooth-sendingTitle":{"_":"Bluetooth átvitel küldése…"},"bluetooth-receivingTitle":{"_":"Bluetooth átvitel fogadása…"},"bluetooth-sending-progress":{"_":"Bluetooth átvitel küldése…"},"bluetooth-receiving-progress":{"_":"Bluetooth átvitel fogadása…"},"acceptFileTransfer":{"_":"Elfogadja a Bluetooth fájlátvitelt?"},"wantToReceiveFile":{"_":"{{deviceName}} szeretné átvinni ezt: {{fileName}} ({{fileSize}})."},"transfer-confirmation-title":{"_":"{{deviceName}}"},"transfer-confirmation-description":{"_":"Átviteli kérés áttekintése."},"byteUnit-B":{"_":"Bájt"},"byteUnit-KB":{"_":"KB"},"byteUnit-MB":{"_":"MB"},"byteUnit-GB":{"_":"GB"},"byteUnit-TB":{"_":"TB"},"byteUnit-PB":{"_":"PB"},"byteUnit-EB":{"_":"EB"},"byteUnit-ZB":{"_":"ZB"},"byteUnit-YB":{"_":"YB"},"fileSize":{"_":"{{size}} {{unit}}"},"transfer":{"_":"Átvitel"},"cancelFileTransfer":{"_":"Megszakítja a Bluetooth fájlátvitelt?"},"transfer-has-started-title":{"_":"Az átvitel megkezdődött"},"transfer-has-started-description":{"_":"Haladását lásd az értesítési központban"},"transferFinished-sentSuccessful-title":{"_":"Fájl elküldve"},"transferFinished-receivedSuccessful-title":{"_":"Fájl fogadva"},"transferFinished-sentFailed-title":{"_":"A fájl nem küldhető el"},"transferFinished-receivedFailed-title":{"_":"A fájl nem fogadható"},"transferReport-title":{"_":"Átviteli jelentés:"},"transferReport-description":{"_":"{{numSuccessful}} fájl sikeres, {{numUnsuccessful}} fájl sikertelen"},"unknown-file":{"_":"Ismeretlen fájl"},"unknown-device":{"_":"Ismeretlen eszköz"},"cannotOpenFile":{"_":"A kapott fájl nem nyitható meg"},"unknownMediaTypeToOpen":{"_":"Nem nyitható meg az ismeretlen médiatípus:"},"cannotReceiveFile":{"_":"A fájl nem fogadható"},"cannotGetStorageState":{"_":"Az eszköz tárhelyállapota nem kérhető le"},"sdcard-not-exist2":{"_":"Nem található memóriakártya. Helyezzen be egy memóriakártyát."},"sdcard-in-use":{"_":"A Bluetooth nem használható, ha a telefon be van dugva. Húzza ki a telefont a fájlok fogadásához."},"sdcard-no-space2":{"_":"Az átvitel nem fejezhető be: a memóriakártya megtelt."},"unknown-error":{"_":"Ismeretlen hiba"},"confirm":{"_":"Megerősítés"},"microphone-is-on":{"_":"Mik. be"},"camera-is-on":{"_":"Kamera be"},"media-is-on":{"_":"Kamera és mik. be"},"noSimCard":{"_":"Nincs SIM kártya"},"simPin":{"_":"SIM PIN kód"},"pukCode":{"_":"PUK kód"},"nckCode":{"_":"NCK kód"},"cckCode":{"_":"CCK kód"},"spckCode":{"_":"SPCK kód"},"whatIsSimPin":{"_":"Mi az a SIM PIN kód?"},"simPinIntro1":{"_":"A SIM PIN kód megakadályozza a SIM kártya mobil adathálózatainak elérését. Ha be van kapcsolva, a SIM kártyát tartalmazó bármely eszköz újraindításkor bekéri a PIN kódot."},"simPinIntro2":{"_":"A SIM PIN kód nem azonos az eszköz feloldására használt jelkóddal."},"changeSimPin":{"_":"PIN kód módosítása"},"pinTitle":{"_":"Írja be a SIM PIN-t"},"multiSIMpinTitle":{"_":"{{n}}. SIM PIN beírása"},"pukTitle":{"_":"Írja be a PUK kódot"},"nckTitle":{"_":"Írja be az NCK kódot"},"cckTitle":{"_":"Írja be a CCK kódot"},"spckTitle":{"_":"Írja be az SPCK kódot"},"newpinTitle":{"_":"Új PIN kód"},"inputCodeRetriesLeft":{"_":"{[ plural(n) ]}","_[one]":"Utolsó kísérlet.","_[two]":"Még {{n}} kísérlete van.","_[few]":"Még {{n}} kísérlete van.","_[many]":"Még {{n}} kísérlete van.","_[other]":"Még {{n}} kísérlete van."},"pinErrorMsg":{"_":"A PIN kód helytelen volt."},"pinAttemptMsg2":{"_":"{[ plural(n) ]}","_[one]":"Egy kísérlete van a helyes kód megadására a SIM kártya zárolása előtt.","_[two]":"{{n}} kísérlete van a helyes kód megadására a SIM kártya zárolása előtt.","_[few]":"{{n}} kísérlete van a helyes kód megadására a SIM kártya zárolása előtt.","_[many]":"{{n}} kísérlete van a helyes kód megadására a SIM kártya zárolása előtt.","_[other]":"{{n}} kísérlete van a helyes kód megadására a SIM kártya zárolása előtt."},"pinLastChanceMsg":{"_":"Ez az utolsó lehetősége a helyes PIN kód megadására. Ellenkező esetben a PUK kódot kell megadnia a SIM kártya használatához."},"simCardLockedMsg":{"_":"A SIM kártya zárolva van."},"enterPukMsg":{"_":"Meg kell adnia a SIM kártya PUK (személyes feloldókulcs) kódját. További információkért nézze meg a SIM kártya dokumentációját, vagy keresse meg szolgáltatóját."},"pukErrorMsg":{"_":"A PUK kód helytelen."},"pukAttemptMsg2":{"_":"{[ plural(n) ]}","_[one]":"Még egy lehetősége van a helyes kód megadására, mielőtt a SIM kártya véglegesen használhatatlanná válik. További információkért nézze meg a SIM kártya dokumentációját, vagy keresse meg szolgáltatóját.","_[two]":"Még {{n}} lehetősége van a helyes kód megadására, mielőtt a SIM kártya véglegesen használhatatlanná válik. További információkért nézze meg a SIM kártya dokumentációját, vagy keresse meg szolgáltatóját.","_[few]":"Még {{n}} lehetősége van a helyes kód megadására, mielőtt a SIM kártya véglegesen használhatatlanná válik. További információkért nézze meg a SIM kártya dokumentációját, vagy keresse meg szolgáltatóját.","_[many]":"Még {{n}} lehetősége van a helyes kód megadására, mielőtt a SIM kártya véglegesen használhatatlanná válik. További információkért nézze meg a SIM kártya dokumentációját, vagy keresse meg szolgáltatóját.","_[other]":"Még {{n}} lehetősége van a helyes kód megadására, mielőtt a SIM kártya véglegesen használhatatlanná válik. További információkért nézze meg a SIM kártya dokumentációját, vagy keresse meg szolgáltatóját."},"pukLastChanceMsg":{"_":"Ez az utolsó lehetősége a helyes PUK kód megadására. A SIM kártyája véglegesen használhatatlan lesz, ha rossz PUK kódot ad meg. További információkért nézze meg a SIM kártya dokumentációját, vagy keresse meg szolgáltatóját."},"newSimPinMsg":{"_":"PIN kód létrehozása (4 -- 8 számjegyet tartalmazhat)"},"confirmNewSimPinMsg":{"_":"Új PIN kód megerősítése"},"newPinErrorMsg":{"_":"A PIN kódok nem egyeznek."},"nckErrorMsg":{"_":"Az NCK kód helytelen."},"nckAttemptMsg2":{"_":"{[ plural(n) ]}","_[one]":"A hálózat személytelenítésére vonatkozó kérés sikertelen. Még egy lehetősége van a helyes kód megadására. Nézze meg az eszköz dokumentációját, vagy keresse meg szolgáltatóját.","_[two]":"A hálózat személytelenítésére vonatkozó kérés sikertelen. Még {{n}} lehetősége van a helyes kód megadására. Nézze meg az eszköz dokumentációját, vagy keresse meg szolgáltatóját.","_[few]":"A hálózat személytelenítésére vonatkozó kérés sikertelen. Még {{n}} lehetősége van a helyes kód megadására. Nézze meg az eszköz dokumentációját, vagy keresse meg szolgáltatóját.","_[many]":"A hálózat személytelenítésére vonatkozó kérés sikertelen. Még {{n}} lehetősége van a helyes kód megadására. Nézze meg az eszköz dokumentációját, vagy keresse meg szolgáltatóját.","_[other]":"A hálózat személytelenítésére vonatkozó kérés sikertelen. Még {{n}} lehetősége van a helyes kód megadására. Nézze meg az eszköz dokumentációját, vagy keresse meg szolgáltatóját."},"nckLastChanceMsg":{"_":"A hálózat személytelenítésére vonatkozó kérés sikertelen. Ez az utolsó lehetősége a helyes NCK kód megadására. Nézze meg az eszköz dokumentációját, vagy keresse meg szolgáltatóját."},"activity-pick":{"_":"Válasszon ezekből:"},"activity-view":{"_":"Megjelenítés ezzel:"},"activity-test":{"_":"Tesztelés ezzel:"},"activity-share":{"_":"Megosztás ezzel:"},"activity-new":{"_":"Létrehozás ezzel:"},"activity-open":{"_":"Megnyitás ezzel:"},"activity-save-bookmark":{"_":"Könyvjelző ebbe:"},"activity-record":{"_":"Rögzítés innen:"},"activity-browse":{"_":"Tallózás ezzel:"},"activity-configure":{"_":"Konfigurálás ezzel:"},"activity-dial":{"_":"Tárcsázás innen:"},"persona-signin":{"_":"Bejelentkezés"},"payment-flow":{"_":"Vásárlás"},"remoteDebuggerMessage":{"_":"Bejövő kérés érkezett távoli hibakereső kapcsolat engedélyezésére. Engedélyezi a kapcsolatot?"},"fullscreen-request":{"_":"{{origin}} teljes képernyős."},"captive-wifi-available":{"_":"{{networkName}} hálózat elérhető. Kapcsolódik?"},"ceWarningtitle":{"_":"Hangerő-beállítás"},"ceWarningcontent":{"_":"A halláskárosodás megelőzése érdekében ne használjon sokáig nagy hangerőt."},"notification-powersaving-mode-on-title":{"_":"Energiatakarékos mód"},"notification-powersaving-mode-on-description":{"_":"Energiatakarékos mód be."},"low-device-storage":{"_":"Kevés a hely az eszközön.\n"},"free-space":{"_":"{[ plural(value) ]}","_[zero]":"Nincs több szabad hely.","_[one]":"Kevesebb, mint {{value}} {{unit}} maradt.","_[two]":"Kevesebb, mint {{value}} {{unit}} maradt.","_[few]":"Kevesebb, mint {{value}} {{unit}} maradt.","_[many]":"Kevesebb, mint {{value}} {{unit}} maradt.","_[other]":"Kevesebb, mint {{value}} {{unit}} maradt."},"unknown-free-space":{"_":"Ismeretlen maradék hely."},"system-alert":{"_":"Rendszerértesítés"},"cb-channel":{"_":"{{channel}} csatorna"},"icc-message-title":{"_":"Operátori üzenet a(z) {{id}} SIM-ről"},"icc-confirmCall-defaultmessage":{"_":"Felhívja: {{number}}?"},"icc-alertMessage-defaultmessage":{"_":"Üzenet küldése"},"icc-confirmMessage-defaultmessage":{"_":"Elküldi az üzenetet?"},"icc-inputbox-title":{"_":"STK lekérdezés a(z) {{id}} SIM-ről"},"emergency-callback-mode":{"_":"Vészvisszahívás mód"},"emergency-callback-message":{"_":"Nem tud hívást kezdeményezni, üzenetet küldeni és internetezni a bekapcsolt vészvisszahívási mód miatt. Ki szeretné kapcsolni ezt a módot?"},"cdma-record-info":{"_":"CDMA rekordinformációk"},"ime-switching-title":{"_":"{{appName}}: {{name}}"},"ime-switching-tip":{"_":"Koppintson a bevitelimód-váltáshoz"},"layout-selection":{"_":"Válasszon kiosztást"},"shrinking-tip":{"_":"Csúsztasson a megosztáshoz"},"download_started":{"_":"Letöltés elindult"},"download_stopped":{"_":"Letöltés leállt"},"download_downloading":{"_":"Letöltés…"},"download_succeeded":{"_":"Letöltés befejeződött"},"download_failed":{"_":"Letöltés meghiúsult"},"download_text_by_default":{"_":"{{name}}"},"download_downloading_text_2":{"_":"{{percentage}}% - {{name}}"},"search":{"_":"Keresés"},"search-or-type-address":{"placeholder":"Keresés vagy cím"},"noSIMCardInHotspot":{"_":"A SIM kártya hiányzik vagy helytelenül van behelyezve, hotspot kikapcsolása"},"brandShortName":{"_":"B2G OS"},"browserBrandShortName":{"_":"Webböngésző"},"browserBrandFullName":{"_":"Mozilla webböngésző"},"weekday-0-long":{"_":"Vasárnap"},"weekday-1-long":{"_":"Hétfő"},"weekday-2-long":{"_":"Kedd"},"weekday-3-long":{"_":"Szerda"},"weekday-4-long":{"_":"Csütörtök"},"weekday-5-long":{"_":"Péntek"},"weekday-6-long":{"_":"Szombat"},"weekday-0-short":{"_":"Va."},"weekday-1-short":{"_":"Hé."},"weekday-2-short":{"_":"Ke."},"weekday-3-short":{"_":"Sze."},"weekday-4-short":{"_":"Csü."},"weekday-5-short":{"_":"Pé."},"weekday-6-short":{"_":"Szo."},"month-0-long":{"_":"Január"},"month-1-long":{"_":"Február"},"month-2-long":{"_":"Március"},"month-3-long":{"_":"Április"},"month-4-long":{"_":"Május"},"month-5-long":{"_":"Június"},"month-6-long":{"_":"Július"},"month-7-long":{"_":"Augusztus"},"month-8-long":{"_":"Szeptember"},"month-9-long":{"_":"Október"},"month-10-long":{"_":"November"},"month-11-long":{"_":"December"},"month-0-genitive":{"_":"Január"},"month-1-genitive":{"_":"Február"},"month-2-genitive":{"_":"Március"},"month-3-genitive":{"_":"Április"},"month-4-genitive":{"_":"Május"},"month-5-genitive":{"_":"Június"},"month-6-genitive":{"_":"Július"},"month-7-genitive":{"_":"Augusztus"},"month-8-genitive":{"_":"Szeptember"},"month-9-genitive":{"_":"Október"},"month-10-genitive":{"_":"November"},"month-11-genitive":{"_":"December"},"month-0-short":{"_":"Jan"},"month-1-short":{"_":"Feb"},"month-2-short":{"_":"Már"},"month-3-short":{"_":"Ápr"},"month-4-short":{"_":"Máj"},"month-5-short":{"_":"Jún"},"month-6-short":{"_":"Júl"},"month-7-short":{"_":"Aug"},"month-8-short":{"_":"Szep"},"month-9-short":{"_":"Okt"},"month-10-short":{"_":"Nov"},"month-11-short":{"_":"Dec"},"minutes-ago-long":{"_":"{[ plural(value) ]}","_[zero]":"épp most","_[one]":"egy perccel ezelőtt","_[two]":"{{value}} perccel ezelőtt","_[few]":"{{value}} perccel ezelőtt","_[many]":"{{value}} perccel ezelőtt","_[other]":"{{value}} perccel ezelőtt"},"hours-ago-long":{"_":"{[ plural(value) ]}","_[zero]":"épp most","_[one]":"egy órája","_[two]":"{{value}} órával ezelőtt","_[few]":"{{value}} órával ezelőtt","_[many]":"{{value}} órával ezelőtt","_[other]":"{{value}} órával ezelőtt"},"days-ago-long":{"_":"{[ plural(value) ]}","_[zero]":"ma","_[one]":"tegnap","_[two]":"{{value}} nappal ezelőtt","_[few]":"{{value}} nappal ezelőtt","_[many]":"{{value}} nappal ezelőtt","_[other]":"{{value}} nappal ezelőtt"},"weeks-ago-long":{"_":"{[ plural(value) ]}","_[zero]":"ez a hét","_[one]":"múlt hét","_[two]":"{{value}} héttel ezelőtt","_[few]":"{{value}} héttel ezelőtt","_[many]":"{{value}} héttel ezelőtt","_[other]":"{{value}} héttel ezelőtt"},"months-ago-long":{"_":"{[ plural(value) ]}","_[zero]":"ez a hónap","_[one]":"előző hónap","_[two]":"{{value}} hónappal ezelőtt","_[few]":"{{value}} hónappal ezelőtt","_[many]":"{{value}} hónappal ezelőtt","_[other]":"{{value}} hónappal ezelőtt"},"years-ago-long":{"_":"{[ plural(value) ]}","_[zero]":"ez az év","_[one]":"tavaly","_[two]":"{{value}} évvel ezelőtt","_[few]":"{{value}} évvel ezelőtt","_[many]":"{{value}} évvel ezelőtt","_[other]":"{{value}} évvel ezelőtt"},"minutes-until-long":{"_":"{[ plural(value) ]}","_[zero]":"most","_[one]":"egy percen belül","_[two]":"{{value}} percen belül","_[few]":"{{value}} percen belül","_[many]":"{{value}} percen belül","_[other]":"{{value}} percen belül"},"hours-until-long":{"_":"{[ plural(value) ]}","_[zero]":"most","_[one]":"egy órán belül","_[two]":"{{value}} órán belül","_[few]":"{{value}} órán belül","_[many]":"{{value}} órán belül","_[other]":"{{value}} órán belül"},"days-until-long":{"_":"{[ plural(value) ]}","_[zero]":"ma","_[one]":"holnap","_[two]":"{{value}} napon belül","_[few]":"{{value}} napon belül","_[many]":"{{value}} napon belül","_[other]":"{{value}} napon belül"},"weeks-until-long":{"_":"{[ plural(value) ]}","_[zero]":"ez a hét","_[one]":"következő hét","_[two]":"{{value}} héten belül","_[few]":"{{value}} héten belül","_[many]":"{{value}} héten belül","_[other]":"{{value}} héten belül"},"months-until-long":{"_":"{[ plural(value) ]}","_[zero]":"ez a hónap","_[one]":"következő hónap","_[two]":"{{value}} héten belül","_[few]":"{{value}} héten belül","_[many]":"{{value}} héten belül","_[other]":"{{value}} héten belül"},"years-until-long":{"_":"{[ plural(value) ]}","_[zero]":"ez az év","_[one]":"következő év","_[two]":"{{value}} éven belül","_[few]":"{{value}} éven belül","_[many]":"{{value}} éven belül","_[other]":"{{value}} éven belül"},"minutes-ago-short":{"_":"{[ plural(value) ]}","_[zero]":"épp most","_[other]":"{{value}}p ezelőtt"},"hours-ago-short":{"_":"{[ plural(value) ]}","_[zero]":"épp most","_[other]":"{{value}}ó ezelőtt"},"days-ago-short":{"_":"{[ plural(value) ]}","_[zero]":"ma","_[other]":"{{value}}n ezelőtt"},"minutes-until-short":{"_":"{[ plural(value) ]}","_[zero]":"most","_[other]":"{{value}} percen belül"},"hours-until-short":{"_":"{[ plural(value) ]}","_[zero]":"most","_[other]":"{{value}} órán belül"},"days-until-short":{"_":"{[ plural(value) ]}","_[zero]":"ma","_[other]":"{{value}} napon belül"},"incorrectDate":{"_":"(helytelen dátum)"},"dateTimeFormat_%c":{"_":"%Y. %b %d %a %H:%M:%S"},"dateTimeFormat_%x":{"_":"%Y. %m. %d."},"dateTimeFormat_%X":{"_":"%H:%M:%S"},"shortTimeFormat":{"_":"%H:%M"},"shortDateTimeFormat":{"_":"%x %H:%M"},"weekStartsOnMonday":{"_":"0"},"time_am":{"_":"DE"},"time_pm":{"_":"DU"},"perm-contacts":{"_":"Névjegyek"},"perm-contacts-appRequest":{"_":"{{app}} el szeretné érni a névjegyek listáját."},"perm-contacts-webRequest":{"_":"{{site}} el szeretné érni a névjegyek listáját."},"perm-desktop-notification":{"_":"Értesítések"},"perm-desktop-notification-appRequest":{"_":"{{app}} szeretne értesítéseket megjeleníteni."},"perm-desktop-notification-webRequest":{"_":"{{site}} szeretne értesítéseket megjeleníteni."},"perm-device-storage-music":{"_":"Zene tárhely"},"perm-device-storage-music-appRequest":{"_":"{{app}} el szeretné érni a zenéit."},"perm-device-storage-music-webRequest":{"_":"{{site}} el szeretné érni a zenéit."},"perm-device-storage-pictures":{"_":"Képek tárhely"},"perm-device-storage-pictures-appRequest":{"_":"{{app}} el szeretné érni a képeit."},"perm-device-storage-pictures-webRequest":{"_":"{{site}} el szeretné érni a képeit."},"perm-device-storage-sdcard":{"_":"SD-kártya tárhely"},"perm-device-storage-sdcard-appRequest":{"_":"{{app}} el szeretné érni a memóriakártyáját."},"perm-device-storage-sdcard-webRequest":{"_":"{{site}} el szeretné érni a memóriakártyáját."},"perm-device-storage-videos":{"_":"Videotárhely"},"perm-device-storage-videos-appRequest":{"_":"{{app}} el szeretné érni a videóit."},"perm-device-storage-videos-webRequest":{"_":"{{site}} el szeretné érni a videóit."},"perm-fmradio":{"_":"FM rádió"},"perm-fmradio-appRequest":{"_":"{{app}} szeretné használni az FM rádiót."},"perm-fmradio-webRequest":{"_":"{{site}} szeretné használni az FM rádiót."},"perm-geolocation":{"_":"Földrajzi helyzet"},"perm-geolocation-appRequest":{"_":"{{app}} szeretné tudni az Ön földrajzi helyzetét."},"perm-geolocation-webRequest":{"_":"{{site}} szeretné tudni az Ön földrajzi helyzetét."},"perm-geolocation-more-info":{"_":"A {{brandShortName}} a GPS, Wi-Fi és a közeli mobil hálózatok adatainak használatával határozza meg a megközelítő helyét. A Mozillának és más szolgáltatóknak adatok kerülnek elküldésre, amelyek összesítve azok helyadatbázisainak javítására lesznek felhasználva. Az eszközén adatok kerülhetnek tárolásra, és adatgyűjtés történhet akkor is, ha nem futnak appok."},"perm-video-capture":{"_":"Kamera"},"perm-video-capture-appRequest":{"_":"Szeretné megosztani kameráját ezzel: {{app}}?"},"perm-video-capture-webRequest":{"_":"Szeretné megosztani kameráját ezzel: {{site}}?"},"perm-audio-capture":{"_":"Mikrofon"},"perm-audio-capture-appRequest":{"_":"Szeretné megosztani mikrofonját ezzel: {{app}}?"},"perm-audio-capture-webRequest":{"_":"Szeretné megosztani mikrofonját ezzel: {{site}}?"},"perm-media-capture":{"_":"Kamera és mikrofon"},"perm-media-capture-appRequest":{"_":"Szeretné megosztani kameráját és mikrofonját ezzel: {{app}}?"},"perm-media-capture-webRequest":{"_":"Szeretné megosztani kameráját és mikrofonját ezzel: {{site}}?"},"stopped_download_title":{"_":"A letöltés leállítva"},"stopped_download_message":{"_":"A letöltés le lett állítva. Megpróbálja újra?"},"stopped_download_left_button":{"_":"Mégse"},"stopped_download_right_button":{"_":"Újra"},"failed_download_title":{"_":"Letöltés sikertelen"},"failed_download_message":{"_":"{{name}} letöltése nem sikerült. Megpróbálja újra?"},"failed_download_left_button":{"_":"Mégse"},"failed_download_right_button":{"_":"Újra"},"stop_download_title":{"_":"Letöltés leállítása"},"stop_download_message":{"_":"Biztos, hogy leállítja a letöltést?"},"stop_download_left_button":{"_":"Nem"},"stop_download_right_button":{"_":"Igen"},"delete_download_title":{"_":"Törlés"},"delete_download_message":{"_":"Törli ezt: {{name}}?"},"delete_download_left_button":{"_":"Mégse"},"delete_download_right_button":{"_":"Törlés"},"delete_all_download_title":{"_":"Törlés"},"delete_all_download_left_button":{"_":"Mégse"},"delete_all_download_right_button":{"_":"Törlés"},"delete_all_download_message":{"_":"{[ plural(number) ]}","_[zero]":"Egy fájlt sem töröl?","_[one]":"Töröl egy fájlt?","_[two]":"Töröl {{number}} fájlt?","_[few]":"Töröl {{number}} fájlt?","_[many]":"Töröl {{number}} fájlt?","_[other]":"Töröl {{number}} fájlt?"},"unsupported_file_type_download_title":{"_":"Nem lehet megnyitni"},"unsupported_file_type_download_message":{"_":"Nincs a(z) {{name}} megnyitására képes app. Menteni vagy törölni szeretné a fájlt?"},"unsupported_file_type_download_left_button":{"_":"Megtartás"},"unsupported_file_type_download_right_button":{"_":"Törlés"},"file_not_found_download_title":{"_":"A fájl nem található"},"file_not_found_download_message":{"_":"A fájl nem található az eszközön"},"file_not_found_download_right_button":{"_":"OK"},"unmounted_sdcard_2_download_title":{"_":"A memóriakártya használatban van"},"unmounted_sdcard_2_download_message":{"_":"Húzza ki a telefont"},"unmounted_sdcard_2_download_right_button":{"_":"OK"},"no_provider_download_title":{"_":"Nem lehet megosztani"},"no_provider_download_message":{"_":"Nem található szolgáltató"},"no_provider_download_right_button":{"_":"OK"},"no_memory_download_title":{"_":"Az SD-kártya tele"},"no_memory_download_message":{"_":"Nincs több szabad tárhely az SD-kártyán a letöltés tárolásához. A letöltés újraindítása előtt távolítson el néhány fájlt az SD-kártyáról."},"no_memory_download_right_button":{"_":"OK"},"no_sdcard_found_2_download_title":{"_":"Nem található memóriakártya"},"no_sdcard_found_2_download_message":{"_":"Helyezzen be memóriakártyát, vagy válasszon másik alapértelmezett médiahelyet a beállításokban."},"no_sdcard_found_2_download_right_button":{"_":"OK"},"file_open_error_download_title":{"_":"Nem lehet megnyitni"},"file_open_error_download_message":{"_":"Hiba a(z) {{name}} megnyitásakor. Menteni vagy törölni szeretné a fájlt?"},"file_open_error_download_left_button":{"_":"Megtartás"},"file_open_error_download_right_button":{"_":"Törlés"},"restart_download_error":{"_":"Hiba történt a letöltés újraindításakor. Próbálja újra letölteni."},"no-downloads":{"_":"Nincs letöltés"},"percentage":{"_":"{{percentage}} %"},"partialResult":{"_":"{{partial}}/{{total}}"},"summary":{"_":"{{date}} - {{status}}"},"download-stopped":{"_":"Leállítva"},"download-failed":{"_":"A letöltés meghiúsult"},"open_downloaded_file":{"_":"Megnyitás"},"share_downloaded_file":{"_":"Megosztás"},"wallpaper_downloaded_file":{"_":"Beállítás háttérképként"},"ringtone_downloaded_file":{"_":"Beállítás csengőhangként"},"cancel_downloaded_file":{"_":"Mégse"},"sim-picker-dial-via-with-number":{"_":"{{number}} tárcsázása a következőn:"},"sim-picker-select-sim":{"_":"Válasszon egy SIM kártyát"},"sim-picker-button":{"_":"{{ n }}. SIM"},"sim-picker-button-default":{"_":"(alapértelmezett)"}}