{"ok":{"_":"OK"},"back":{"_":"Indietro"},"help":{"_":"Aiuto"},"cancel":{"_":"Annulla"},"close":{"_":"Chiudi"},"skip":{"_":"Ignora"},"airplaneMode":{"_":"Modalità aereo"},"searching":{"_":"Ricerca…"},"noNetwork":{"_":"Nessuna rete"},"roaming":{"_":"{{operator}} (roaming)"},"emergencyCallsOnly":{"_":"Solo chiamate d’emergenza"},"emergencyCallsOnly-unknownSIMState":{"_":"(stato SIM sconosciuto)"},"emergencyCallsOnly-noSIM":{"_":"(SIM non presente)"},"emergencyCallsOnly-pinRequired":{"_":"(richiesto PIN SIM)"},"emergencyCallsOnly-pukRequired":{"_":"(richiesto PUK SIM)"},"emergencyCallsOnly-networkLocked":{"_":"(blocco rete)"},"emergencyCallsOnly-serviceProviderLocked":{"_":"(blocco gestore)"},"emergencyCallsOnly-corporateLocked":{"_":"(blocco aziendale)"},"enterPIN":{"_":"Inserire PIN"},"statusbarLabel":{"_":"{{date}} {{operator}}"},"statusbarDateFormat":{"_":"%e %b."},"notifications":{"_":"Notifiche"},"clear-all":{"_":"Elimina tutto"},"newVoicemails":{"_":"{[ plural(n) ]}","_[zero]":"Segreteria: nessun nuovo mess.","_[one]":"Segreteria: un nuovo mess.","_[two]":"Segreteria: {{n}} nuovi mess.","_[few]":"Segreteria: {{n}} nuovi mess.","_[many]":"Segreteria: {{n}} nuovi mess.","_[other]":"Segreteria: {{n}} nuovi mess."},"newVoicemailsUnknown":{"_":"Segreteria: nuovo messaggio."},"dialNumber":{"_":"Componi {{number}}"},"deviceMenu":{"_":"Telefono"},"airplane":{"_":"Attiva modalità aereo"},"airplaneOff":{"_":"Disattiva modalità aereo"},"silent":{"_":"Modalità silenziosa"},"normal":{"_":"Modalità normale"},"restart":{"_":"Riavvia"},"power":{"_":"Spegni"},"asyncpanzoom":{"_":"Disable APZ for Apps"},"asyncpanzoomOff":{"_":"Enable APZ for Apps"},"enableScreenReaderSteps":{"_":"Per attivare il Lettore schermo premere volume su e volume giù per 3 volte"},"disableScreenReaderSteps":{"_":"Per disattivare il Lettore schermo premere volume su e volume giù per 3 volte"},"no-recent-apps":{"_":"Nessuna app recente"},"yes":{"_":"Installa"},"no":{"_":"No"},"deny":{"_":"Nega"},"allow":{"_":"Permetti"},"dontshare-geolocation":{"_":"Non condividere"},"share-geolocation":{"_":"Condividi"},"dontshare-audio-capture":{"_":"Non condividere"},"share-audio-capture":{"_":"Condividi"},"dontshare-video-capture":{"_":"Non condividere"},"share-video-capture":{"_":"Condividi"},"dontshare-media-capture":{"_":"Non condividere"},"share-media-capture":{"_":"Condividi"},"device-front":{"_":"Camera anteriore"},"device-back":{"_":"Camera posteriore"},"remember-my-choice":{"_":"Ricorda questa scelta"},"more-info":{"_":"Altre informazioni…"},"install-app":{"_":"Installare {{name}}?"},"size":{"_":"Dim."},"author":{"_":"Autore"},"size-unknown":{"_":"Sconosciuto"},"author-unknown":{"_":"Sconosciuto"},"install":{"_":"Installa"},"bytes":{"_":"byte"},"kB":{"_":"kB"},"MB":{"_":"MB"},"GB":{"_":"GB"},"TB":{"_":"TB"},"PB":{"_":"PB"},"app-install-generic-error":{"_":"Download di {{ appName }} interrotto"},"app-install-download-failed":{"_":"Download di {{ appName }} non riuscito"},"app-install-install-failed":{"_":"Installazione di {{ appName }} non riuscita"},"cancelling-will-not-refund":{"_":"L’annullamento non comporta un rimborso. I rimborsi per i contenuti acquistati vengono gestiti direttamente dal venditore."},"apps-can-be-installed-later":{"_":"È possibile installare successivamente le app dal percorso di installazione originale."},"are-you-sure-you-want-to-cancel":{"_":"Annullare questa installazione?"},"cancel-install":{"_":"Annulla installazione"},"resume":{"_":"Riprendi"},"continue":{"_":"Continua"},"stopDownloading":{"_":"Bloccare il download di {{ app }}?"},"app-download-can-be-restarted":{"_":"Questo download può essere riavviato successivamente."},"app-download-stop-button":{"_":"Blocca download"},"not-enough-space":{"_":"Spazio insufficiente"},"not-enough-space-message":{"_":"Lo spazio disponibile non è sufficiente per l’installazione di questa app. Liberare spazio eliminando vecchie app o file multimediali e riprovare l’installazione dalla fonte originale."},"app-install-success":{"_":"{{ appName }} installata"},"setup":{"_":"Configura"},"ime-addkeyboards":{"_":"Aggiungi tastiere"},"later":{"_":"In seguito"},"download":{"_":"Download"},"wantToDownload":{"_":"Scaricarlo adesso?"},"wantToInstall":{"_":"Installare l’aggiornamento adesso?"},"installNow":{"_":"Installa adesso"},"notNow":{"_":"Non adesso"},"downloadingUpdateMessage":{"innerHTML":"Download degli aggiornamenti… <span>Scaricato {{ progress }}.</span>"},"downloadingAppMessage":{"_":"Download in corso di {{ appName }}"},"downloadingAppProgressNoMax":{"_":"{{ progress }} scaricato"},"downloadingAppProgressIndeterminate":{"_":"Download in corso"},"downloadingAppProgress":{"_":"{{ progress }} / {{ max }} scaricato"},"cancelAllDownloads":{"_":"Annulla tutti i download"},"wantToCancelAll":{"_":"Annullare tutti i download?"},"downloadError":{"_":"Si è verificato un errore durante il download degli aggiornamenti."},"updateAvailableInfo":{"innerHTML":"{[ plural(n) ]}","innerHTML[one]":"{{ n }} aggiornamento disponibile. <span>Tocca per ulteriori informazioni.</span>","innerHTML[two]":"{{ n }} aggiornamenti disponibili. <span>Tocca per ulteriori informazioni.</span>","innerHTML[few]":"{{ n }} aggiornamenti disponibili. <span>Tocca per ulteriori informazioni.</span>","innerHTML[many]":"{{ n }} aggiornamenti disponibili. <span>Tocca per ulteriori informazioni.</span>","innerHTML[other]":"{{ n }} aggiornamenti disponibili. <span>Tocca per ulteriori informazioni.</span>"},"numberOfUpdates":{"_":"{[ plural(n) ]}","_[one]":"{{ n }} aggiornamento disponibile","_[two]":"{{ n }} aggiornamenti disponibili","_[few]":"{{ n }} aggiornamenti disponibili","_[many]":"{{ n }} aggiornamenti disponibili","_[other]":"{{ n }} aggiornamenti disponibili"},"systemUpdate":{"_":"Aggiornamento di sistema"},"systemUpdateReady":{"_":"Disponibile aggiornamento di sistema"},"required":{"_":"Obbligatorio"},"uncompressingMessage":{"innerHTML":"Decompressione… <span>Potrebbe richiedere alcuni minuti.</span>"},"downloadNoWifiWarning":{"_":"Wi-Fi non disponibile. L’aggiornamento con la connessione corrente potrebbe comportare costi aggiuntivi."},"downloadOfflineWarning":{"_":"Connessione non disponibile. Connettersi a una rete per scaricare gli aggiornamenti."},"downloadDataConnectionWarning":{"_":"Gli aggiornamenti vengono scaricati tramite connessione dati quando il Wi-Fi non è disponibile. Questo potrebbe comportare addebiti aggiuntivi."},"downloadUpdatesViaDataConnection":{"_":"Scaricare gli aggiornamenti utilizzando la connessione dati?"},"downloadUpdatesViaDataConnectionMessage":{"_":"Gli aggiornamenti vengono scaricati tramite connessione dati quando il Wi-Fi non è disponibile. Utilizzando la connessione dati potrebbero essere bloccate le telefonate e potrebbero risultare addebiti aggiuntivi."},"screenshotSaved":{"_":"Schermata salvata in Galleria"},"screenshotFailed":{"_":"Impossibile salvare la schermata"},"screenshotNoSDCard":{"_":"Scheda di memoria non disponibile"},"screenshotSDCardInUse":{"_":"Scheda di memoria in uso"},"screenshotSDCardLow":{"_":"Spazio insufficiente sulla scheda di memoria"},"emergency-call-button":{"_":"Chiamata di emergenza"},"emergency-call":{"_":"Chiamata di emergenza"},"unlock-a11y-button":{"ariaLabel":"Sblocca"},"camera-a11y-button":{"ariaLabel":"Fotocamera"},"longDateFormat":{"_":"%A %e %B"},"softwareHomeButton":{"ariaLabel":"Schermata principale"},"login":{"_":"Accedi"},"username":{"_":"Nome utente"},"password":{"_":"Password"},"http-authentication-message":{"_":"Sono richiesti un nome utente e una password da {{host}}. Il messaggio è: “{{realm}}”"},"error-message":{"_":"Caricamento dell’applicazione {{name}} non corretto"},"error-title":{"_":"Si stanno verificando dei problemi con {{name}}"},"airplane-is-on":{"_":"Modalità aereo attiva"},"airplane-is-turned-on":{"_":"{{name}} richiede una connessione di rete. Disattivare la modalità aereo da Impostazioni e attivare una connessione dati o Wi-Fi."},"server-not-found":{"_":"Impossibile contattare il server"},"server-not-found-error":{"_":"Impossibile contattare il server {{name}}."},"network-connection-unavailable":{"_":"Connessione di rete non disponibile"},"network-error":{"_":"{{name}} richiede una connessione di rete. Attivare una connessione dati o Wi-Fi."},"unable-to-connect":{"_":"Impossibile connettersi"},"tap-to-retry":{"_":"Tap to retry"},"try-again":{"_":"Riprova"},"select-time":{"_":"Scegli data e ora"},"choose-option":{"_":"Scegli"},"choose-options":{"_":"Scegli"},"select-day":{"_":"Scegli il giorno"},"battery-almost-empty":{"_":"Batteria quasi esaurita"},"add-to-home-screen":{"_":"Aggiungi alla schermata principale"},"crash-dialog2-os":{"_":"{{brandShortName}} è stato ripristinato dopo un blocco"},"crash-dialog-app":{"_":"{{name}} si è bloccato"},"crash-dialog-message":{"_":"Inviare a Mozilla una segnalazione dell’arresto anomalo per aiutarci a trovare una soluzione? Le segnalazioni vengono inviate solo via Wi-Fi."},"crash-info-link":{"_":"Che cosa c’è in questa segnalazione?"},"crash-always-report":{"_":"Invia sempre una segnalazione a Mozilla in caso di arresto anomalo"},"crash-dont-send":{"_":"Non inviare"},"crash-end":{"_":"Invia"},"crashReports":{"_":"Segnalazione errori"},"done":{"_":"Fatto"},"crash-reports-description-1":{"_":"Una segnalazione contiene alcuni dettagli sul blocco e sul dispositivo, così come una istantanea dello stato del dispositivo quando si è bloccato."},"crash-reports-description-2":{"_":"Questo potrebbe includere informazioni quali pagine e applicazioni aperte, testo inserito in moduli e contenuto di messaggi aperti, cronologia di navigazione recente o informazioni sulla posizione utilizzate da un’applicazione aperta."},"crash-reports-description-3-start":{"_":"Utilizziamo queste segnalazioni per risolvere i problemi e migliorare i nostri prodotti. Gestiamo queste informazioni come descritto nella nostra "},"crash-reports-description-3-privacy":{"_":"informativa sulla privacy"},"crash-reports-description-3-end":{"_":"."},"crash-banner-os2":{"_":"{{brandShortName}} si è bloccato."},"crash-banner-app":{"_":"{{name}} si è bloccato."},"crash-banner-report":{"_":"Segnalazione"},"bluetooth-sendingTitle":{"_":"Sending Bluetooth transfer.."},"bluetooth-receivingTitle":{"_":"Receiving Bluetooth transfer.."},"bluetooth-sending-progress":{"_":"Invio trasferimento bluetooth…"},"bluetooth-receiving-progress":{"_":"Ricezione trasferimento bluetooth…"},"acceptFileTransfer":{"_":"Accettare trasferimento file via bluetooth?"},"wantToReceiveFile":{"_":"Richiesta da {{deviceName}} per il trasferimento di {{fileName}} ({{fileSize}})."},"transfer-confirmation-title":{"_":"{{deviceName}}"},"transfer-confirmation-description":{"_":"Esamina richiesta di trasferimento"},"byteUnit-B":{"_":"Byte"},"byteUnit-KB":{"_":"kB"},"byteUnit-MB":{"_":"MB"},"byteUnit-GB":{"_":"GB"},"byteUnit-TB":{"_":"TB"},"byteUnit-PB":{"_":"PB"},"byteUnit-EB":{"_":"EB"},"byteUnit-ZB":{"_":"ZB"},"byteUnit-YB":{"_":"YB"},"fileSize":{"_":"{{size}} {{unit}}"},"transfer":{"_":"Trasferisci"},"cancelFileTransfer":{"_":"Annullare il trasferimento file bluetooth?"},"transfer-has-started-title":{"_":"Trasferimento avviato"},"transfer-has-started-description":{"_":"Verificare lo stato nel centro notifiche"},"transferFinished-sentSuccessful-title":{"_":"File inviato"},"transferFinished-receivedSuccessful-title":{"_":"File ricevuto"},"transferFinished-sentFailed-title":{"_":"Impossibile inviare il file"},"transferFinished-receivedFailed-title":{"_":"Impossibile ricevere il file"},"transferReport-title":{"_":"Rapporto trasferimento"},"transferReport-description":{"_":"{{numSuccessful}} file completati, {{numUnsuccessful}} file non completati."},"unknown-file":{"_":"File sconosciuto"},"unknown-device":{"_":"Dispositivo sconosciuto"},"cannotOpenFile":{"_":"Impossibile aprire il file ricevuto"},"unknownMediaTypeToOpen":{"_":"Impossibile aprire un tipo multimediale sconosciuto:"},"cannotReceiveFile":{"_":"Impossibile ricevere il file"},"cannotGetStorageState":{"_":"Impossibile ottenere stato archiviazione del dispositivo."},"sdcard-not-exist2":{"_":"Nessuna scheda di memoria rilevata. Inserire una scheda."},"sdcard-in-use":{"_":"Non è possibile utilizzare il bluetooth quando il telefono è collegato. Scollegare il telefono per ricevere file."},"sdcard-no-space2":{"_":"Impossibile completare il trasferimento: spazio esaurito sulla scheda di memoria."},"unknown-error":{"_":"Errore sconosciuto"},"confirm":{"_":"Conferma"},"microphone-is-on":{"_":"Microfono attivo"},"camera-is-on":{"_":"Fotocamera attiva"},"media-is-on":{"_":"Fotocamera e mic. attivi"},"noSimCard":{"_":"SIM non presente"},"simPin":{"_":"PIN della SIM"},"pukCode":{"_":"Codice PUK"},"nckCode":{"_":"Codice NCK"},"cckCode":{"_":"Codice CCK"},"spckCode":{"_":"Codice SPCK"},"whatIsSimPin":{"_":"Che cos’è il PIN della SIM?"},"simPinIntro1":{"_":"Il PIN della SIM impedisce l’accesso alla rete della scheda SIM. Una volta impostato, ogni dispositivo contenente la scheda SIM richiederà il PIN a ogni riavvio."},"simPinIntro2":{"_":"Il PIN della SIM non è legato al codice utilizzato per sbloccare il dispositivo."},"changeSimPin":{"_":"Modifica PIN"},"pinTitle":{"_":"Inserire PIN"},"multiSIMpinTitle":{"_":"Inserire PIN per SIM {{n}}"},"pukTitle":{"_":"Inserire PUK"},"nckTitle":{"_":"Inserire codice NCK"},"cckTitle":{"_":"Inserire codice CCK"},"spckTitle":{"_":"Inserire codice SPCK"},"newpinTitle":{"_":"Nuovo PIN"},"inputCodeRetriesLeft":{"_":"{[ plural(n) ]}","_[one]":"Ultimo tentativo.","_[two]":"{{n}} tentativi rimasti.","_[few]":"{{n}} tentativi rimasti.","_[many]":"{{n}} tentativi rimasti.","_[other]":"{{n}} tentativi rimasti."},"pinErrorMsg":{"_":"Il PIN è errato."},"pinAttemptMsg2":{"_":"{[ plural(n) ]}","_[one]":"È rimasto un solo tentativo per inserire il codice corretto prima del blocco della SIM.","_[two]":"Rimangono {{n}} tentativi per inserire il codice corretto prima del blocco della SIM.","_[few]":"Rimangono {{n}} tentativi per inserire il codice corretto prima del blocco della SIM.","_[many]":"Rimangono {{n}} tentativi per inserire il codice corretto prima del blocco della SIM.","_[other]":"Rimangono {{n}} tentativi per inserire il codice corretto prima del blocco della SIM."},"pinLastChanceMsg":{"_":"Ultima possibilità per inserire il PIN corretto. In caso contrario sarà necessario inserire il codice PUK per utilizzare questa scheda SIM."},"simCardLockedMsg":{"_":"La scheda SIM è bloccata."},"enterPukMsg":{"_":"È necessario inserire il codice PUK della scheda SIM. Fare riferimento alla documentazione rilasciata con la SIM o contattare il proprio gestore per ulteriori informazioni."},"pukErrorMsg":{"_":"Il codice PUK è errato."},"pukAttemptMsg2":{"_":"{[ plural(n) ]}","_[one]":"È rimasto un solo tentativo per inserire il codice corretto prima che la SIM diventi completamente inutilizzabile. Per ulteriori informazioni fare riferimento alla documentazione o contattare il gestore.","_[two]":"Rimangono {{n}} tentativi per inserire il codice corretto prima che la SIM diventi completamente inutilizzabile. Per ulteriori informazioni fare riferimento alla documentazione o contattare il gestore.","_[few]":"Rimangono {{n}} tentativi per inserire il codice corretto prima che la SIM diventi completamente inutilizzabile. Per ulteriori informazioni fare riferimento alla documentazione o contattare il gestore.","_[many]":"Rimangono {{n}} tentativi per inserire il codice corretto prima che la SIM diventi completamente inutilizzabile. Per ulteriori informazioni fare riferimento alla documentazione o contattare il gestore.","_[other]":"Rimangono {{n}} tentativi per inserire il codice corretto prima che la SIM diventi completamente inutilizzabile. Per ulteriori informazioni fare riferimento alla documentazione o contattare il gestore."},"pukLastChanceMsg":{"_":"Ultimo tentativo per inserire il codice PUK corretto. Se si inserisce un codice errato la scheda diventerà completamente inutilizzabile. Fare riferimento alla documentazione rilasciata con la SIM o contattare il proprio gestore per ulteriori informazioni."},"newSimPinMsg":{"_":"Crea PIN (da 4 a 8 cifre)"},"confirmNewSimPinMsg":{"_":"Conferma nuovo PIN"},"newPinErrorMsg":{"_":"I PIN non corrispondono."},"nckErrorMsg":{"_":"Il codice NCK è errato."},"nckAttemptMsg2":{"_":"{[ plural(n) ]}","_[one]":"Richiesta di rimozione della personalizzazione di rete non riuscita. Rimane un tentativo per inserire il codice corretto. Fare riferimento alla documentazione del dispositivo o contattare il proprio gestore per ulteriori informazioni.","_[two]":"Richiesta di rimozione della personalizzazione di rete non riuscita. Rimangono {{n}} tentativi per inserire il codice corretto. Fare riferimento alla documentazione del dispositivo o contattare il proprio gestore per ulteriori informazioni.","_[few]":"Richiesta di rimozione della personalizzazione di rete non riuscita. Rimangono {{n}} tentativi per inserire il codice corretto. Fare riferimento alla documentazione del dispositivo o contattare il proprio gestore per ulteriori informazioni.","_[many]":"Richiesta di rimozione della personalizzazione di rete non riuscita. Rimangono {{n}} tentativi per inserire il codice corretto. Fare riferimento alla documentazione del dispositivo o contattare il proprio gestore per ulteriori informazioni.","_[other]":"Richiesta di rimozione della personalizzazione di rete non riuscita. Rimangono {{n}} tentativi per inserire il codice corretto. Fare riferimento alla documentazione del dispositivo o contattare il proprio gestore per ulteriori informazioni."},"nckLastChanceMsg":{"_":"Richiesta di rimozione della personalizzazione di rete non riuscita. Rimane un solo tentativo per inserire il codice corretto. Fare riferimento alla documentazione del dispositivo o contattare il proprio gestore per ulteriori informazioni."},"activity-pick":{"_":"Seleziona da:"},"activity-view":{"_":"Visualizza con:"},"activity-test":{"_":"Test con:"},"activity-share":{"_":"Condividi con:"},"activity-new":{"_":"Crea con:"},"activity-open":{"_":"Apri con:"},"activity-save-bookmark":{"_":"Segnalibro in:"},"activity-record":{"_":"Registra da:"},"activity-browse":{"_":"Apri con:"},"activity-configure":{"_":"Configura con:"},"activity-dial":{"_":"Chiama da:"},"persona-signin":{"_":"Accedi"},"payment-flow":{"_":"Acquista"},"remoteDebuggerMessage":{"_":"È stata rilevata una richiesta di connessione per il debug remoto. Consentire la connessione?"},"fullscreen-request":{"_":"{{origin}} è ora a schermo intero."},"captive-wifi-available":{"_":"Rilevata una rete {{networkName}}. Connettersi a questa rete?"},"ceWarningtitle":{"_":"Avviso volume"},"ceWarningcontent":{"_":"Per prevenire danni all’udito, non ascoltare ad alto volume per periodi di tempo prolungati."},"notification-powersaving-mode-on-title":{"_":"Modalità risparmio energia"},"notification-powersaving-mode-on-description":{"_":"Risparmio energia è attivo."},"low-device-storage":{"_":"Spazio sul dispositivo scarso.\n"},"free-space":{"_":"{[ plural(value) ]}","_[zero]":"Spazio disponibile esaurito.","_[one]":"Meno di {{value}} {{unit}} rimanente.","_[two]":"Meno di {{value}} {{unit}} rimanenti.","_[few]":"Meno di {{value}} {{unit}} rimanenti.","_[many]":"Meno di {{value}} {{unit}} rimanenti.","_[other]":"Meno di {{value}} {{unit}} rimanenti."},"unknown-free-space":{"_":"Spazio rimanente sconosciuto."},"system-alert":{"_":"Avviso di sistema"},"cb-channel":{"_":"Canale {{channel}}"},"icc-message-title":{"_":"Messaggio operatore da SIM {{id}}"},"icc-confirmCall-defaultmessage":{"_":"Chiamare {{number}}?"},"icc-alertMessage-defaultmessage":{"_":"Invio messaggio"},"icc-confirmMessage-defaultmessage":{"_":"Inviare il messaggio?"},"icc-inputbox-title":{"_":"Query STK da SIM {{id}}"},"emergency-callback-mode":{"_":"Modalità richiamata di emergenza"},"emergency-callback-message":{"_":"Impossibile effettuare chiamate, inviare messaggi o navigare in modalità richiamata di emergenza. Disattivarla?"},"cdma-record-info":{"_":"Record informazioni CDMA"},"ime-switching-title":{"_":"{{appName}}: {{name}}"},"ime-switching-tip":{"_":"Tocca per cambiare metodo di input"},"layout-selection":{"_":"Selezione layout"},"shrinking-tip":{"_":"Passa il dito per condividere"},"download_started":{"_":"Download avviato"},"download_stopped":{"_":"Download bloccato"},"download_downloading":{"_":"Download…"},"download_succeeded":{"_":"Download completato"},"download_failed":{"_":"Download non riuscito"},"download_text_by_default":{"_":"{{name}}"},"download_downloading_text_2":{"_":"{{percentage}}% - {{name}}"},"search":{"_":"Search"},"search-or-type-address":{"placeholder":"Search or type address"},"noSIMCardInHotspot":{"_":"Scheda SIM non presente o inserita in modo scorretto, disattivare la funzione Hotspot"},"emergencyCallsOnly-network1Locked":{"_":"(blocco network1)"},"emergencyCallsOnly-network2Locked":{"_":"(blocco network2)"},"emergencyCallsOnly-hrpdNetworkLocked":{"_":"(blocco rete hrpd)"},"emergencyCallsOnly-ruimCorporateLocked":{"_":"(blocco ruim aziendale)"},"emergencyCallsOnly-ruimServiceProviderLocked":{"_":"(blocco ruim gestore)"},"voicemailNotificationMultiSim":{"_":"(SIM {{n}}) {{title}}"},"confirmNFCConnectBTenabledNameUnknown":{"_":"Attivare la connessione con il dispositivo?"},"confirmNFCConnectBTdisabledNameUnknown":{"_":"Attivare Bluetooth e connettersi con il dispositivo?"},"confirmNFCConnectBTenabledNameKnown":{"_":"Attivare la connessione con {{deviceName}}?"},"confirmNFCConnectBTdisabledNameKnown":{"_":"Attivare Bluetooth e connettersi con {{deviceName}}?"},"dontallow":{"_":"Non permettere"},"hide-info":{"_":"Nascondi"},"cancel-install-button":{"_":"Annulla"},"file-not-found":{"_":"File non trovato"},"file-not-found-error":{"_":"Impossibile visualizzare questa pagina: file non trovato."},"connection-failed":{"_":"Connessione non riuscita"},"connection-failed-error":{"_":"Si è verificato un errore di rete durante la connessione al sito."},"invalid-connection":{"_":"Connessione non riuscita"},"invalid-connection-error":{"_":"Si è verificato un errore di rete durante la connessione al sito."},"malformed-uri":{"_":"Indirizzo non valido"},"malformed-uri-error":{"_":"L’indirizzo (URL) inserito non è valido e non può essere caricato."},"redirect-loop":{"_":"Pagina non disponibile"},"redirect-loop-error":{"_":"Impossibile visualizzare questa pagina a causa di un reindirizzamento errato. Riprovare più tardi."},"not-cached":{"_":"Pagina scaduta"},"not-cached-error":{"_":"Per motivi di sicurezza questa pagina non può essere visualizzata in quanto scaduta."},"is-printing-error":{"_":"Il documento non può essere modificato durante la stampa o l’anteprima."},"denied-port-access":{"_":"Indirizzo bloccato"},"denied-port-access-error":{"_":"Questo indirizzo utilizza una porta di rete utilizzata normalmente per scopi differenti dalla navigazione web. La richiesta è stata annullata per proteggere l’utente."},"proxy-resolve-failure":{"_":"Errore del server proxy"},"proxy-resolve-failure-error":{"_":"Il dispositivo è configurato per utilizzare un server proxy che non risulta raggiungibile."},"proxy-connect-failure":{"_":"Errore del server proxy"},"proxy-connect-failure-error":{"_":"Il dispositivo è configurato per utilizzare un server proxy che sta rifiutando le connessioni."},"content-encoding":{"_":"Pagina non visualizzabile"},"content-encoding-error":{"_":"Impossibile visualizzare questa pagina a causa di un errore con la codifica."},"remote-xul":{"_":"Pagina non supportata"},"remote-xul-error":{"_":"Impossibile visualizzare la pagina in quanto utilizza una tecnologia non supportata dal dispositivo."},"phishing-blocked":{"_":"Attenzione"},"phishing-blocked-error":{"_":"Questo sito è stato segnalato come sito contraffatto, realizzato per indurre gli utenti a rivelare informazioni personali o finanziarie."},"malware-blocked":{"_":"Sito malevolo"},"malware-blocked-error":{"_":"Questo sito è stato segnalato come sito web malevolo ed è stato bloccato."},"unsafe-content-type":{"_":"Contenuto non sicuro"},"unsafe-content-type-error":{"_":"Impossibile visualizzare la pagina in quanto non sicura."},"corrupted-content":{"_":"Pagina non disponibile"},"corrupted-content-error":{"_":"Impossibile visualizzare la pagina a causa di un errore rilevato durante la trasmissione dei dati."},"network-error-launching":{"_":"{{name}} richiede una connessione a Internet."},"network-error-in-app":{"_":"Accesso a Internet non disponibile."},"check-settings":{"_":"Verifica impostazioni"},"tap-to-check-settings":{"_":"Tocca per verificare le impostazioni"},"continueFileTransfer":{"_":"Continua"},"nck1code":{"_":"Codice NCK1"},"nck2code":{"_":"Codice NCK2"},"hnckcode":{"_":"Codice HNCK"},"rcckcode":{"_":"Codice RCCK"},"rspckcode":{"_":"Codice RSPCK"},"nck1Title":{"_":"Inserire codice NCK1"},"nck2Title":{"_":"Inserire codice NCK2"},"hnckTitle":{"_":"Inserire codice HNCK"},"rcckTitle":{"_":"Inserire codice RCCK"},"rspckTitle":{"_":"Inserire codice RSPCK"},"search-or-enter-address":{"_":"Cerca o scrivi indirizzo","placeholder":"Cerca o scrivi indirizzo"},"brandShortName":{"_":"B2G OS"},"browserBrandShortName":{"_":"Browser web"},"browserBrandFullName":{"_":"Browser web Mozilla"},"weekday-0-long":{"_":"domenica"},"weekday-1-long":{"_":"lunedì"},"weekday-2-long":{"_":"martedì"},"weekday-3-long":{"_":"mercoledì"},"weekday-4-long":{"_":"giovedì"},"weekday-5-long":{"_":"venerdì"},"weekday-6-long":{"_":"sabato"},"weekday-0-short":{"_":"dom"},"weekday-1-short":{"_":"lun"},"weekday-2-short":{"_":"mar"},"weekday-3-short":{"_":"mer"},"weekday-4-short":{"_":"gio"},"weekday-5-short":{"_":"ven"},"weekday-6-short":{"_":"sab"},"month-0-long":{"_":"gennaio"},"month-1-long":{"_":"febbraio"},"month-2-long":{"_":"marzo"},"month-3-long":{"_":"aprile"},"month-4-long":{"_":"maggio"},"month-5-long":{"_":"giugno"},"month-6-long":{"_":"luglio"},"month-7-long":{"_":"agosto"},"month-8-long":{"_":"settembre"},"month-9-long":{"_":"ottobre"},"month-10-long":{"_":"novembre"},"month-11-long":{"_":"dicembre"},"month-0-genitive":{"_":"gennaio"},"month-1-genitive":{"_":"febbraio"},"month-2-genitive":{"_":"marzo"},"month-3-genitive":{"_":"aprile"},"month-4-genitive":{"_":"maggio"},"month-5-genitive":{"_":"giugno"},"month-6-genitive":{"_":"luglio"},"month-7-genitive":{"_":"agosto"},"month-8-genitive":{"_":"settembre"},"month-9-genitive":{"_":"ottobre"},"month-10-genitive":{"_":"novembre"},"month-11-genitive":{"_":"dicembre"},"month-0-short":{"_":"gen"},"month-1-short":{"_":"feb"},"month-2-short":{"_":"mar"},"month-3-short":{"_":"apr"},"month-4-short":{"_":"mag"},"month-5-short":{"_":"giu"},"month-6-short":{"_":"lug"},"month-7-short":{"_":"ago"},"month-8-short":{"_":"set"},"month-9-short":{"_":"ott"},"month-10-short":{"_":"nov"},"month-11-short":{"_":"dic"},"minutes-ago-long":{"_":"{[ plural(value) ]}","_[zero]":"adesso","_[one]":"un minuto fa","_[two]":"{{value}} minuti fa","_[few]":"{{value}} minuti fa","_[many]":"{{value}} minuti fa","_[other]":"{{value}} minuti fa"},"hours-ago-long":{"_":"{[ plural(value) ]}","_[zero]":"adesso","_[one]":"un’ora fa","_[two]":"{{value}} ore fa","_[few]":"{{value}} ore fa","_[many]":"{{value}} ore fa","_[other]":"{{value}} ore fa"},"days-ago-long":{"_":"{[ plural(value) ]}","_[zero]":"oggi","_[one]":"ieri","_[two]":"{{value}} giorni fa","_[few]":"{{value}} giorni fa","_[many]":"{{value}} giorni fa","_[other]":"{{value}} giorni fa"},"weeks-ago-long":{"_":"{[ plural(value) ]}","_[zero]":"questa settimana","_[one]":"settimana scorsa","_[two]":"{{value}} settimane fa","_[few]":"{{value}} settimane fa","_[many]":"{{value}} settimane fa","_[other]":"{{value}} settimane fa"},"months-ago-long":{"_":"{[ plural(value) ]}","_[zero]":"questo mese","_[one]":"mese scorso","_[two]":"{{value}} mesi fa","_[few]":"{{value}} mesi fa","_[many]":"{{value}} mesi fa","_[other]":"{{value}} mesi fa"},"years-ago-long":{"_":"{[ plural(value) ]}","_[zero]":"quest’anno","_[one]":"anno scorso","_[two]":"{{value}} anni fa","_[few]":"{{value}} anni fa","_[many]":"{{value}} anni fa","_[other]":"{{value}} anni fa"},"minutes-until-long":{"_":"{[ plural(value) ]}","_[zero]":"adesso","_[one]":"tra un minuto","_[two]":"tra {{value}} minuti","_[few]":"tra {{value}} minuti","_[many]":"tra {{value}} minuti","_[other]":"tra {{value}} minuti"},"hours-until-long":{"_":"{[ plural(value) ]}","_[zero]":"adesso","_[one]":"tra un’ora","_[two]":"tra {{value}} ore","_[few]":"tra {{value}} ore","_[many]":"tra {{value}} ore","_[other]":"tra {{value}} ore"},"days-until-long":{"_":"{[ plural(value) ]}","_[zero]":"oggi","_[one]":"domani","_[two]":"tra {{value}} giorni","_[few]":"tra {{value}} giorni","_[many]":"tra {{value}} giorni","_[other]":"tra {{value}} giorni"},"weeks-until-long":{"_":"{[ plural(value) ]}","_[zero]":"questa settimana","_[one]":"prossima settimana","_[two]":"tra {{value}} settimane","_[few]":"tra {{value}} settimane","_[many]":"tra {{value}} settimane","_[other]":"tra {{value}} settimane"},"months-until-long":{"_":"{[ plural(value) ]}","_[zero]":"questo mese","_[one]":"prossimo mese","_[two]":"in {{value}} mesi","_[few]":"tra {{value}} mesi","_[many]":"tra {{value}} mesi","_[other]":"in {{value}} mesi"},"years-until-long":{"_":"{[ plural(value) ]}","_[zero]":"quest’anno","_[one]":"prossimo anno","_[two]":"tra {{value}} anni","_[few]":"tra {{value}} anni","_[many]":"tra {{value}} anni","_[other]":"tra {{value}} anni"},"minutes-ago-short":{"_":"{[ plural(value) ]}","_[zero]":"adesso","_[other]":"{{value}}m fa"},"hours-ago-short":{"_":"{[ plural(value) ]}","_[zero]":"adesso","_[other]":"{{value}}h fa"},"days-ago-short":{"_":"{[ plural(value) ]}","_[zero]":"oggi","_[other]":"{{value}}g fa"},"minutes-until-short":{"_":"{[ plural(value) ]}","_[zero]":"adesso","_[other]":"tra {{value}}m"},"hours-until-short":{"_":"{[ plural(value) ]}","_[zero]":"adesso","_[other]":"tra {{value}}h"},"days-until-short":{"_":"{[ plural(value) ]}","_[zero]":"oggi","_[other]":"tra {{value}}d"},"incorrectDate":{"_":"(data errata)"},"dateTimeFormat_%c":{"_":"%a %e %b %Y %H:%M:%S"},"dateTimeFormat_%x":{"_":"%d/%m/%Y"},"dateTimeFormat_%X":{"_":"%H:%M:%S"},"shortTimeFormat":{"_":"%H:%M"},"shortDateTimeFormat":{"_":"%x %H:%M"},"weekStartsOnMonday":{"_":"1"},"time_am":{"_":"AM"},"time_pm":{"_":"PM"},"perm-contacts":{"_":"Contatti"},"perm-contacts-appRequest":{"_":"{{app}} richiede accesso ai contatti."},"perm-contacts-webRequest":{"_":"{{site}} richiede accesso ai contatti."},"perm-desktop-notification":{"_":"Notifiche"},"perm-desktop-notification-appRequest":{"_":"{{app}} richiede di visualizzare notifiche."},"perm-desktop-notification-webRequest":{"_":"{{site}} richiede di visualizzare notifiche."},"perm-device-storage-music":{"_":"Archiviazione musica"},"perm-device-storage-music-appRequest":{"_":"{{app}} richiede accesso alla musica."},"perm-device-storage-music-webRequest":{"_":"{{site}} richiede accesso alla musica."},"perm-device-storage-pictures":{"_":"Archiviazione foto"},"perm-device-storage-pictures-appRequest":{"_":"{{app}} richiede accesso alle foto."},"perm-device-storage-pictures-webRequest":{"_":"{{site}} richiede accesso alle foto."},"perm-device-storage-sdcard":{"_":"Archiviazione scheda SD"},"perm-device-storage-sdcard-appRequest":{"_":"{{app}} richiede accesso alla scheda di memoria."},"perm-device-storage-sdcard-webRequest":{"_":"{{site}} richiede accesso alla scheda di memoria."},"perm-device-storage-videos":{"_":"Archiviazione video"},"perm-device-storage-videos-appRequest":{"_":"{{app}} richiede accesso ai video."},"perm-device-storage-videos-webRequest":{"_":"{{site}} richiede accesso ai video."},"perm-fmradio":{"_":"Radio FM"},"perm-fmradio-appRequest":{"_":"{{app}} richiede accesso alla radio FM."},"perm-fmradio-webRequest":{"_":"{{site}} richiede accesso alla radio FM."},"perm-geolocation":{"_":"Georilevazione"},"perm-geolocation-appRequest":{"_":"{{app}} richiede accesso alla posizione attuale."},"perm-geolocation-webRequest":{"_":"{{site}} richiede accesso alla posizione attuale."},"perm-geolocation-more-info":{"_":"{{brandShortName}} utilizza dati quali GPS, Wi-Fi e reti di connessione dati per stabilire una posizione approssimativa del dispositivo. I dati raccolti vengono inviati a Mozilla e altri fornitori di servizi e vengono utilizzati in forma aggregata per migliorare la funzione di georilevazione. Alcune informazioni potrebbero essere memorizzate sul dispositivo o rilevate anche quando non ci sono applicazioni in esecuzione."},"perm-video-capture":{"_":"Fotocamera"},"perm-video-capture-appRequest":{"_":"Condividere la fotocamera con {{app}}?"},"perm-video-capture-webRequest":{"_":"Condividere la fotocamera con {{site}}?"},"perm-audio-capture":{"_":"Microfono"},"perm-audio-capture-appRequest":{"_":"Condividere il microfono con {{app}}?"},"perm-audio-capture-webRequest":{"_":"Condividere il microfono con {{site}}?"},"perm-media-capture":{"_":"Fotocamera e microfono"},"perm-media-capture-appRequest":{"_":"Condividere la fotocamera e il microfono con {{app}}?"},"perm-media-capture-webRequest":{"_":"Condividere la fotocamera e il microfono con {{site}}?"},"stopped_download_title":{"_":"Download bloccato"},"stopped_download_message":{"_":"Download bloccato. Riprovare?"},"stopped_download_left_button":{"_":"Annulla"},"stopped_download_right_button":{"_":"Riprova"},"failed_download_title":{"_":"Download non riuscito"},"failed_download_message":{"_":"Impossibile scaricare {{name}}. Riprovare?"},"failed_download_left_button":{"_":"Annulla"},"failed_download_right_button":{"_":"Riprova"},"stop_download_title":{"_":"Blocca download"},"stop_download_message":{"_":"Bloccare il download?"},"stop_download_left_button":{"_":"No"},"stop_download_right_button":{"_":"Sì"},"delete_download_title":{"_":"Elimina"},"delete_download_message":{"_":"Eliminare {{name}}?"},"delete_download_left_button":{"_":"Annulla"},"delete_download_right_button":{"_":"Elimina"},"delete_all_download_title":{"_":"Elimina"},"delete_all_download_left_button":{"_":"Annulla"},"delete_all_download_right_button":{"_":"Elimina"},"delete_all_download_message":{"_":"{[ plural(number) ]}","_[zero]":"Eliminare i file?","_[one]":"Eliminare un file?","_[two]":"Eliminare {{number}} file?","_[few]":"Eliminare {{number}} file?","_[many]":"Eliminare {{number}} file?","_[other]":"Eliminare {{number}} file?"},"unsupported_file_type_download_title":{"_":"Errore apertura"},"unsupported_file_type_download_message":{"_":"Non esiste un’app per aprire {{name}}. Salvare il file o eliminarlo?"},"unsupported_file_type_download_left_button":{"_":"Mantieni file"},"unsupported_file_type_download_right_button":{"_":"Elimina"},"file_not_found_download_title":{"_":"File non trovato"},"file_not_found_download_message":{"_":"File non trovato sul dispositivo"},"file_not_found_download_right_button":{"_":"OK"},"unmounted_sdcard_2_download_title":{"_":"Scheda di memoria in uso"},"unmounted_sdcard_2_download_message":{"_":"Disconnettere il telefono"},"unmounted_sdcard_2_download_right_button":{"_":"OK"},"no_provider_download_title":{"_":"Errore condivisione"},"no_provider_download_message":{"_":"Nessun fornitore disponibile"},"no_provider_download_right_button":{"_":"OK"},"no_memory_download_title":{"_":"Spazio insufficiente"},"no_memory_download_message":{"_":"Spazio disponibile sulla scheda di memoria insufficiente per salvare il download. Rimuovere dei file prima di riprovare l’operazione."},"no_memory_download_right_button":{"_":"OK"},"no_sdcard_found_2_download_title":{"_":"Scheda di memoria non disponibile"},"no_sdcard_found_2_download_message":{"_":"Inserire una scheda di memoria o selezionare un diverso percorso predefinito di archiviazione nelle impostazioni."},"no_sdcard_found_2_download_right_button":{"_":"OK"},"file_open_error_download_title":{"_":"Errore apertura"},"file_open_error_download_message":{"_":"Si è verificato un problema durante l’apertura di {{name}}. Salvare il file o eliminarlo?"},"file_open_error_download_left_button":{"_":"Mantieni file"},"file_open_error_download_right_button":{"_":"Elimina"},"restart_download_error":{"_":"Si è verificato un errore durante il riavvio del download. Riprovare nuovamente il download."},"no-downloads":{"_":"Nessun download"},"percentage":{"_":"{{percentage}} %"},"partialResult":{"_":"{{partial}} di {{total}}"},"summary":{"_":"{{date}} - {{status}}"},"download-stopped":{"_":"Bloccato"},"download-failed":{"_":"Download non riuscito"},"open_downloaded_file":{"_":"Apri"},"share_downloaded_file":{"_":"Condividi"},"wallpaper_downloaded_file":{"_":"Imposta come sfondo"},"ringtone_downloaded_file":{"_":"Imposta come suoneria"},"cancel_downloaded_file":{"_":"Annulla"},"sim-picker-dial-via-with-number":{"_":"Componi {{ phoneNumber }} con"},"sim-picker-select-sim":{"_":"Seleziona SIM"},"sim-picker-button":{"_":"SIM {{ n }}"},"sim-picker-button-default":{"_":"(predefinita)"}}