{"ok":{"_":"OK"},"back":{"_":"戻る"},"help":{"_":"ヘルプ"},"cancel":{"_":"キャンセル"},"close":{"_":"閉じる"},"skip":{"_":"スキップ"},"airplaneMode":{"_":"機内モード"},"searching":{"_":"検索しています…"},"noNetwork":{"_":"ネットワークが見つかりません"},"roaming":{"_":"{{operator}} (ローミング中)"},"emergencyCallsOnly":{"_":"緊急通報のみ"},"emergencyCallsOnly-unknownSIMState":{"_":"(未知の SIM 状態)"},"emergencyCallsOnly-noSIM":{"_":"(SIM カード未挿入)"},"emergencyCallsOnly-pinRequired":{"_":"(要 PIN コード)"},"emergencyCallsOnly-pukRequired":{"_":"(要 PIN ロック解除コード)"},"emergencyCallsOnly-networkLocked":{"_":"(ネットワーク固定)"},"emergencyCallsOnly-serviceProviderLocked":{"_":"(サービスプロバイダ固定)"},"emergencyCallsOnly-corporateLocked":{"_":"(法人固定)"},"enterPIN":{"_":"PIN コードを入力"},"statusbarLabel":{"_":"{{date}}, {{operator}}"},"statusbarDateFormat":{"_":"%b%e日"},"notifications":{"_":"通知"},"clear-all":{"_":"すべて消去"},"newVoicemails":{"_":"{[ plural(n) ]}","_[zero]":"新着ボイスメールなし","_[one]":"新着ボイスメール 1 件","_[two]":"新着ボイスメール {{n}} 件","_[few]":"新着ボイスメール {{n}} 件","_[many]":"新着ボイスメール {{n}} 件","_[other]":"新着ボイスメール {{n}} 件"},"newVoicemailsUnknown":{"_":"新着ボイスメールあり"},"dialNumber":{"_":"着信番号 {{number}}"},"deviceMenu":{"_":"端末モード変更"},"airplane":{"_":"機内モード ON"},"airplaneOff":{"_":"機内モード OFF"},"silent":{"_":"マナーモード ON"},"normal":{"_":"マナーモード OFF"},"restart":{"_":"再起動"},"power":{"_":"電源 OFF"},"asyncpanzoom":{"_":"アプリの APZ を無効化"},"asyncpanzoomOff":{"_":"アプリの APZ を有効化"},"enableScreenReaderSteps":{"_":"スクリーンリーダを有効にするには、音量上げボタンと音量下げボタンを交互に 3 回以上押してください。"},"disableScreenReaderSteps":{"_":"スクリーンリーダを無効にするには、音量上げボタンと音量下げボタンを交互に 3 回以上押してください。"},"no-recent-apps":{"_":"最近のアプリはありません"},"yes":{"_":"はい"},"no":{"_":"いいえ"},"deny":{"_":"拒否"},"allow":{"_":"許可"},"dontshare-geolocation":{"_":"共有しない"},"share-geolocation":{"_":"共有する"},"dontshare-audio-capture":{"_":"共有しない"},"share-audio-capture":{"_":"共有する"},"dontshare-video-capture":{"_":"共有しない"},"share-video-capture":{"_":"共有する"},"dontshare-media-capture":{"_":"共有しない"},"share-media-capture":{"_":"共有する"},"device-front":{"_":"前面カメラ"},"device-back":{"_":"背面カメラ"},"remember-my-choice":{"_":"今後同様に処理する"},"more-info":{"_":"詳細情報…"},"install-app":{"_":"{{name}} をインストールしますか？"},"size":{"_":"サイズ"},"author":{"_":"作者"},"size-unknown":{"_":"サイズ不明"},"author-unknown":{"_":"作者不明"},"install":{"_":"インストール"},"bytes":{"_":"バイト"},"kB":{"_":"KB"},"MB":{"_":"MB"},"GB":{"_":"GB"},"TB":{"_":"TB"},"PB":{"_":"PB"},"app-install-generic-error":{"_":"{{ appName }} のダウンロードを停止しました"},"app-install-download-failed":{"_":"{{ appName }} のダウンロードに失敗しました"},"app-install-install-failed":{"_":"{{ appName }} のインストールに失敗しました"},"cancelling-will-not-refund":{"_":"キャンセルしても払い戻しはありません。有料コンテンツの払い戻しはコンテンツの販売者により行われます。"},"apps-can-be-installed-later":{"_":"アプリは後でコンテンツの配布元からインストールすることができます。"},"are-you-sure-you-want-to-cancel":{"_":"このインストールをキャンセルしてもよろしいですか？"},"cancel-install":{"_":"インストール中止"},"resume":{"_":"再開"},"continue":{"_":"続行"},"stopDownloading":{"_":"{{ app }} のダウンロードを停止しますか？"},"app-download-can-be-restarted":{"_":"ダウンロードは後で再開できます。"},"app-download-stop-button":{"_":"ダウンロード停止"},"not-enough-space":{"_":"十分な空き領域がありません"},"not-enough-space-message":{"_":"このアプリのインストールに必要な空き領域がありません。古いアプリやメディアを削除するなどして空きを増やし、配布元からインストールしてください。"},"app-install-success":{"_":"{{ appName }} のインストールが完了しました"},"setup":{"_":"セットアップ"},"ime-addkeyboards":{"_":"キーボードを追加"},"later":{"_":"後にする"},"download":{"_":"ダウンロード"},"wantToDownload":{"_":"ダウンロードしますか？"},"wantToInstall":{"_":"インストールしますか？"},"installNow":{"_":"インストール"},"notNow":{"_":"後で"},"downloadingUpdateMessage":{"innerHTML":"更新をダウンロードしています… <span>{{ progress }} 完了。</span>"},"downloadingAppMessage":{"_":"{{ appName }} をダウンロードしています"},"downloadingAppProgressNoMax":{"_":"{{ progress }} 完了"},"downloadingAppProgressIndeterminate":{"_":"ダウンロード中"},"downloadingAppProgress":{"_":"{{ progress }} / {{ max }} 完了"},"cancelAllDownloads":{"_":"すべてのダウンロードをキャンセル"},"wantToCancelAll":{"_":"すべてのダウンロードをキャンセルしてもよろしいですか？"},"downloadError":{"_":"更新のダウンロード中にエラーが発生しました。"},"updateAvailableInfo":{"innerHTML":"{[ plural(n) ]}","innerHTML[one]":"{{ n }} 個のソフトウェアが更新可能です。 <span>詳細はタップしてください。</span>","innerHTML[two]":"{{ n }} 個のソフトウェアが更新可能です。 <span>詳細はタップしてください。</span>","innerHTML[few]":"{{ n }} 個のソフトウェアが更新可能です。 <span>詳細はタップしてください。</span>","innerHTML[many]":"{{ n }} 個のソフトウェアが更新可能です。 <span>詳細はタップしてください。</span>","innerHTML[other]":"{{ n }} 個のソフトウェアが更新可能です。 <span>詳細はタップしてください。</span>"},"numberOfUpdates":{"_":"{[ plural(n) ]}","_[one]":"{{ n }} 個のソフトウェアが更新可能です","_[two]":"{{ n }} 個のソフトウェアが更新可能です","_[few]":"{{ n }} 個のソフトウェアが更新可能です","_[many]":"{{ n }} 個のソフトウェアが更新可能です","_[other]":"{{ n }} 個のソフトウェアが更新可能です"},"systemUpdate":{"_":"システムの更新"},"systemUpdateReady":{"_":"システムの更新が可能です"},"required":{"_":"必須"},"uncompressingMessage":{"innerHTML":"展開中です… <span>この処理は数分かかることがあります。</span>"},"downloadNoWifiWarning":{"_":"Wi-Fi が利用できません。現在の接続で更新を行うと追加の料金が発生する可能性があります。"},"downloadOfflineWarning":{"_":"ネットワークに接続されていません。ネットワークに接続して更新をダウンロードしてください。"},"downloadDataConnectionWarning":{"_":"Wi-Fi が利用できない場合、データ通信を通じて更新がダウンロードされるため、追加の料金が発生する可能性があります。"},"downloadUpdatesViaDataConnection":{"_":"データ通信を通じて更新をダウンロードしますか？"},"downloadUpdatesViaDataConnectionMessage":{"_":"Wi-Fi が利用できない場合、データ通信を通じて更新がダウンロードされます。データ通信を利用すると、着信がブロックされ、追加の料金が発生する可能性があります。"},"screenshotSaved":{"_":"画面をギャラリーに保存しました"},"screenshotFailed":{"_":"画面の保存に失敗しました"},"screenshotNoSDCard":{"_":"メモリーカードが見つかりません"},"screenshotSDCardInUse":{"_":"メモリーカードが使用中です"},"screenshotSDCardLow":{"_":"メモリーカードに十分な空き領域がありません"},"emergency-call-button":{"_":"緊急通報"},"emergency-call":{"_":"緊急通報"},"unlock-a11y-button":{"ariaLabel":"ロック解除"},"camera-a11y-button":{"ariaLabel":"カメラ"},"longDateFormat":{"_":"%B%e日(%a)"},"softwareHomeButton":{"ariaLabel":"ホーム"},"login":{"_":"ログイン"},"username":{"_":"ユーザ名"},"password":{"_":"パスワード"},"http-authentication-message":{"_":"{{host}} のユーザ名とパスワードを入力してください: “{{realm}}”"},"error-message":{"_":"{{name}} を正しく読み込めません"},"error-title":{"_":"{{name}} に問題があります"},"airplane-is-on":{"_":"機内モードが ON です"},"airplane-is-turned-on":{"_":"{{name}} はネットワーク接続が必要です。設定から機内モードを OFF にし、Wi-Fi またはデータ通信ネットワークに接続してください。"},"server-not-found":{"_":"サーバが見つかりませんでした"},"server-not-found-error":{"_":"{{name}} のサーバを見つけられません。"},"network-connection-unavailable":{"_":"ネットワーク接続が利用できません"},"network-error":{"_":"{{name}} はネットワーク接続が必要です。Wi-Fi またはデータ通信ネットワークに接続してください。"},"unable-to-connect":{"_":"接続できません"},"tap-to-retry":{"_":"タップして再試行してください"},"try-again":{"_":"再試行"},"select-time":{"_":"時刻選択"},"choose-option":{"_":"オプション選択"},"choose-options":{"_":"オプション選択(複数可)"},"select-day":{"_":"日時選択"},"battery-almost-empty":{"_":"電池残量なし"},"add-to-home-screen":{"_":"ホーム画面に追加"},"crash-dialog2-os":{"_":"{{brandShortName}} がクラッシュから復旧しました"},"crash-dialog-app":{"_":"{{name}} がクラッシュしました"},"crash-dialog-message":{"_":"問題の修正を助けるクラッシュについての情報を Mozilla に送信しますか？ (レポートは Wi-Fi 経由でのみ送信されます)"},"crash-info-link":{"_":"クラッシュレポートに含まれる内容は？"},"crash-always-report":{"_":"クラッシュ発生時に常にレポートを Mozilla に送信する。"},"crash-dont-send":{"_":"送信しない"},"crash-end":{"_":"レポートを送信する"},"crashReports":{"_":"クラッシュレポート"},"done":{"_":"完了"},"crash-reports-description-1":{"_":"クラッシュレポートには、クラッシュについての詳細とクラッシュ時の端末の状態のスナップショット情報が含まれます。"},"crash-reports-description-2":{"_":"これには、開いていたページやアプリ、フォームに入力したテキスト、オープンメッセージのコンテンツ、最近表示したページの履歴、オープンアプリに使用される地理位置情報などが含まれます。"},"crash-reports-description-3-start":{"_":"クラッシュレポートは、問題の修正や製品の改善のために使用されます。上記のあなたについての情報は、"},"crash-reports-description-3-privacy":{"_":"プライバシーポリシー"},"crash-reports-description-3-end":{"_":"に従って扱われます。"},"crash-banner-os2":{"_":"{{brandShortName}} がクラッシュしました。"},"crash-banner-app":{"_":"{{name}} がクラッシュしました。"},"crash-banner-report":{"_":"報告"},"bluetooth-sendingTitle":{"_":"Bluetooth 転送で送信します.."},"bluetooth-receivingTitle":{"_":"Bluetooth 転送で受信します.."},"bluetooth-sending-progress":{"_":"Bluetooth 転送で送信中.."},"bluetooth-receiving-progress":{"_":"Bluetooth 転送で受信中.."},"acceptFileTransfer":{"_":"Bluetooth ファイル転送を許可しますか？"},"wantToReceiveFile":{"_":"{{deviceName}} が {{fileName}} ({{fileSize}}) の転送許可を求めています。"},"transfer-confirmation-title":{"_":"{{deviceName}}"},"transfer-confirmation-description":{"_":"転送要求を検討してください。"},"byteUnit-B":{"_":"バイト"},"byteUnit-KB":{"_":"KB"},"byteUnit-MB":{"_":"MB"},"byteUnit-GB":{"_":"GB"},"byteUnit-TB":{"_":"TB"},"byteUnit-PB":{"_":"PB"},"byteUnit-EB":{"_":"EB"},"byteUnit-ZB":{"_":"ZB"},"byteUnit-YB":{"_":"YB"},"fileSize":{"_":"{{size}}{{unit}}"},"transfer":{"_":"転送"},"cancelFileTransfer":{"_":"Bluetooth 転送をキャンセルしますか？"},"transfer-has-started-title":{"_":"転送を開始しました"},"transfer-has-started-description":{"_":"転送状況は通知センターで確認してください"},"transferFinished-sentSuccessful-title":{"_":"ファイルを送信しました"},"transferFinished-receivedSuccessful-title":{"_":"ファイルを受信しました"},"transferFinished-sentFailed-title":{"_":"ファイルを送信できませんでした"},"transferFinished-receivedFailed-title":{"_":"ファイルを受信できませんでした"},"transferReport-title":{"_":"転送レポート:"},"transferReport-description":{"_":"{{numSuccessful}} 個のファイルが転送成功、{{numUnsuccessful}} 個のファイルが転送失敗"},"unknown-file":{"_":"不明なファイル"},"unknown-device":{"_":"不明な端末"},"cannotOpenFile":{"_":"受信したファイルを開けません"},"unknownMediaTypeToOpen":{"_":"不明なメディアタイプは開けません:"},"cannotReceiveFile":{"_":"ファイルを受信できません"},"cannotGetStorageState":{"_":"端末のストレージの状態を取得できません。"},"sdcard-not-exist2":{"_":"メモリーカードが見つかりませんでした。メモリーカードを挿入してください。"},"sdcard-in-use":{"_":"ケーブル接続中は Bluetooth を使用できません。ファイルを受信するにはケーブルを外してください。"},"sdcard-no-space2":{"_":"転送を完了できません: メモリーカードが満杯です。"},"unknown-error":{"_":"不明なエラー"},"confirm":{"_":"確認"},"microphone-is-on":{"_":"マイクが ON です"},"camera-is-on":{"_":"カメラが ON です"},"media-is-on":{"_":"カメラとマイクが ON です"},"noSimCard":{"_":"SIM カードが挿入されていません"},"simPin":{"_":"SIM PIN コード"},"pukCode":{"_":"PIN ロック解除コード"},"nckCode":{"_":"NCK コード (ネットワークロックコントロールキー)"},"cckCode":{"_":"CCK コード"},"spckCode":{"_":"SPCK コード"},"whatIsSimPin":{"_":"SIM カードロックとは"},"simPinIntro1":{"_":"SIM カードロック設定を有効にした場合、携帯電話の再起動時に SIM カードロックの解除が求められます。解除されるまで携帯電話のネットワーク接続が行われません。"},"simPinIntro2":{"_":"SIM PIN コードは端末のロック解除に使用するパスコードとは異なります。"},"changeSimPin":{"_":"SIM PIN コードの変更"},"pinTitle":{"_":"SIM PIN コードを入力"},"multiSIMpinTitle":{"_":"SIM {{n}} の PIN コードを入力"},"pukTitle":{"_":"PIN ロック解除コードを入力"},"nckTitle":{"_":"NCK コードを入力"},"cckTitle":{"_":"CCK コードを入力"},"spckTitle":{"_":"SPCK コードを入力"},"newpinTitle":{"_":"新しい SIM PIN コード"},"inputCodeRetriesLeft":{"_":"{[ plural(n) ]}","_[one]":"残り 1 回。","_[two]":"残り {{n}} 回。","_[few]":"残り {{n}} 回。","_[many]":"残り {{n}} 回。","_[other]":"残り {{n}} 回。"},"pinErrorMsg":{"_":"PIN コードが正しくありません。"},"pinAttemptMsg2":{"_":"{[ plural(n) ]}","_[one]":"残り 1 回です。SIM カードがロックされる前に正しいコードを入力してください。","_[two]":"残り {{n}} 回です。SIM カードがロックされる前に正しいコードを入力してください。","_[few]":"残り {{n}} 回です。SIM カードがロックされる前に正しいコードを入力してください。","_[many]":"残り {{n}} 回です。SIM カードがロックされる前に正しいコードを入力してください。","_[other]":"残り {{n}} 回です。SIM カードがロックされる前に正しいコードを入力してください。"},"pinLastChanceMsg":{"_":"正しい PIN コードを入力できるのはこれが最後です。入力に失敗した場合、この SIM カードを使用するには PIN ロック解除コード (PUK コード) を入力しなければなりません。"},"simCardLockedMsg":{"_":"この SIM カードはロックされています。"},"enterPukMsg":{"_":"使用するには PIN ロック解除コード (PUK コード) が必要です。詳しい情報は、ご利用の携帯通信事業者にお問い合わせください。"},"pukErrorMsg":{"_":"PIN ロック解除コードが正しくありません。"},"pukAttemptMsg2":{"_":"{[ plural(n) ]}","_[one]":"残り 1 回です。SIM カードが永久に使用不可になる前に正しいコードを入力してください。詳しい情報は、SIM カードの取扱説明書を参照するか、ご利用の携帯通信事業者にお問い合わせください。","_[two]":"残り {{n}} 回です。SIM カードが永久に使用不可になる前に正しいコードを入力してください。詳しい情報は、SIM カードの取扱説明書を参照するか、ご利用の携帯通信事業者にお問い合わせください。","_[few]":"残り {{n}} 回です。SIM カードが永久に使用不可になる前に正しいコードを入力してください。詳しい情報は、SIM カードの取扱説明書を参照するか、ご利用の携帯通信事業者にお問い合わせください。","_[many]":"残り {{n}} 回です。SIM カードが永久に使用不可になる前に正しいコードを入力してください。詳しい情報は、SIM カードの取扱説明書を参照するか、ご利用の携帯通信事業者にお問い合わせください。","_[other]":"残り {{n}} 回です。SIM カードが永久に使用不可になる前に正しいコードを入力してください。詳しい情報は、SIM カードの取扱説明書を参照するか、ご利用の携帯通信事業者にお問い合わせください。"},"pukLastChanceMsg":{"_":"正しい PIN ロック解除コードを入力できるのはこれが最後です。入力に失敗した場合、この SIM カードは永久に使用できなくなります。詳しい情報は、SIM カードの取扱説明書を参照するか、ご利用の携帯通信事業者にお問い合わせください。"},"newSimPinMsg":{"_":"PIN コードを入力してください (4～8桁)"},"confirmNewSimPinMsg":{"_":"新しい PIN コードの確認"},"newPinErrorMsg":{"_":"PIN コードが一致しません"},"nckErrorMsg":{"_":"NCK コードが正しくありません。"},"nckAttemptMsg2":{"_":"{[ plural(n) ]}","_[one]":"ネットワークロックの解除リクエストに失敗しました。あと 1 回まで入力できます。詳しい情報は、端末の取扱説明書を参照するか、ご利用の携帯通信事業者にお問い合わせください。","_[two]":"ネットワークロックの解除リクエストに失敗しました。あと {{n}} 回まで入力できます。詳しい情報は、端末の取扱説明書を参照するか、ご利用の携帯通信事業者にお問い合わせください。","_[few]":"ネットワークロックの解除リクエストに失敗しました。あと {{n}} 回まで入力できます。詳しい情報は、端末の取扱説明書を参照するか、ご利用の携帯通信事業者にお問い合わせください。","_[many]":"ネットワークロックの解除リクエストに失敗しました。あと {{n}} 回まで入力できます。詳しい情報は、端末の取扱説明書を参照するか、ご利用の携帯通信事業者にお問い合わせください。","_[other]":"ネットワークロックの解除リクエストに失敗しました。あと {{n}} 回まで入力できます。詳しい情報は、端末の取扱説明書を参照するか、ご利用の携帯通信事業者にお問い合わせください。"},"nckLastChanceMsg":{"_":"ネットワークロックの解除リクエストに失敗しました。正しい NCK コードを入力できるのはこれが最後です。詳しい情報は、端末の取扱説明書を参照するか、ご利用の携帯通信事業者にお問い合わせください。"},"activity-pick":{"_":"選択:"},"activity-view":{"_":"表示:"},"activity-test":{"_":"テスト:"},"activity-share":{"_":"共有:"},"activity-new":{"_":"作成:"},"activity-open":{"_":"開く:"},"activity-save-bookmark":{"_":"ブックマーク保存:"},"activity-record":{"_":"記録:"},"activity-browse":{"_":"ブラウズ:"},"activity-configure":{"_":"設定:"},"activity-dial":{"_":"ダイヤル:"},"persona-signin":{"_":"サインイン"},"payment-flow":{"_":"支払い"},"remoteDebuggerMessage":{"_":"リモートデバッグの接続許可を求められています。接続を許可しますか？"},"fullscreen-request":{"_":"{{origin}} を全画面表示します。"},"captive-wifi-available":{"_":"{{networkName}} のネットワークが見つかりました。ネットワークに接続しますか？"},"ceWarningtitle":{"_":"音量警告"},"ceWarningcontent":{"_":"聴覚障害を予防するため、大音量で長時間聴き続けないでください。"},"notification-powersaving-mode-on-title":{"_":"節電モード"},"notification-powersaving-mode-on-description":{"_":"節電モードは ON です。"},"low-device-storage":{"_":"端末の空き領域が残り少なくなっています。\n"},"free-space":{"_":"{[ plural(value) ]}","_[zero]":"空き領域がありません。","_[one]":"残り {{value}}{{unit}} 未満です。","_[two]":"残り {{value}}{{unit}} 以下です。","_[few]":"残り {{value}}{{unit}} 以下です。","_[many]":"残り {{value}}{{unit}} 以下です。","_[other]":"残り {{value}}{{unit}} 以下です。"},"unknown-free-space":{"_":"空き領域の残りサイズは不明です。"},"system-alert":{"_":"システム警報"},"cb-channel":{"_":"チャンネル {{channel}}"},"icc-message-title":{"_":"SIM {{id}} からの通信事業者メッセージ"},"icc-confirmCall-defaultmessage":{"_":"{{number}} に発信しますか？"},"icc-alertMessage-defaultmessage":{"_":"メッセージ送信"},"icc-confirmMessage-defaultmessage":{"_":"メッセージを送信しますか？"},"icc-inputbox-title":{"_":"SIM {{id}} からの STK クエリ"},"emergency-callback-mode":{"_":"緊急コールバックモード"},"emergency-callback-message":{"_":"緊急コールバックモードが有効なため、通話およびメッセージ送信、オンライン接続はできません。このモードを OFF にしますか？"},"cdma-record-info":{"_":"CDMA 記録情報"},"ime-switching-title":{"_":"{{appName}}: {{name}}"},"ime-switching-tip":{"_":"タップして入力方式を切り替えます"},"layout-selection":{"_":"レイアウト選択"},"shrinking-tip":{"_":"奥へスワイプして共有します"},"download_started":{"_":"ダウンロード開始しました"},"download_stopped":{"_":"ダウンロード停止しました"},"download_downloading":{"_":"ダウンロード中…"},"download_succeeded":{"_":"ダウンロード完了"},"download_failed":{"_":"ダウンロード失敗"},"download_text_by_default":{"_":"{{name}}"},"download_downloading_text_2":{"_":"{{percentage}}% - {{name}}"},"search":{"_":"検索"},"search-or-type-address":{"placeholder":"検索語またはアドレスを入力してください"},"noSIMCardInHotspot":{"_":"SIM カードが欠けているか正しく挿入されていないため、ホットスポットを OFF にします。"},"brandShortName":{"_":"B2G OS"},"browserBrandShortName":{"_":"Web ブラウザ"},"browserBrandFullName":{"_":"Mozilla Web ブラウザ"},"weekday-0-long":{"_":"日曜日"},"weekday-1-long":{"_":"月曜日"},"weekday-2-long":{"_":"火曜日"},"weekday-3-long":{"_":"水曜日"},"weekday-4-long":{"_":"木曜日"},"weekday-5-long":{"_":"金曜日"},"weekday-6-long":{"_":"土曜日"},"weekday-0-short":{"_":"日"},"weekday-1-short":{"_":"月"},"weekday-2-short":{"_":"火"},"weekday-3-short":{"_":"水"},"weekday-4-short":{"_":"木"},"weekday-5-short":{"_":"金"},"weekday-6-short":{"_":"土"},"month-0-long":{"_":"1月"},"month-1-long":{"_":"2月"},"month-2-long":{"_":"3月"},"month-3-long":{"_":"4月"},"month-4-long":{"_":"5月"},"month-5-long":{"_":"6月"},"month-6-long":{"_":"7月"},"month-7-long":{"_":"8月"},"month-8-long":{"_":"9月"},"month-9-long":{"_":"10月"},"month-10-long":{"_":"11月"},"month-11-long":{"_":"12月"},"month-0-genitive":{"_":"1月"},"month-1-genitive":{"_":"2月"},"month-2-genitive":{"_":"3月"},"month-3-genitive":{"_":"4月"},"month-4-genitive":{"_":"5月"},"month-5-genitive":{"_":"6月"},"month-6-genitive":{"_":"7月"},"month-7-genitive":{"_":"8月"},"month-8-genitive":{"_":"9月"},"month-9-genitive":{"_":"10月"},"month-10-genitive":{"_":"11月"},"month-11-genitive":{"_":"12月"},"month-0-short":{"_":"1月"},"month-1-short":{"_":"2月"},"month-2-short":{"_":"3月"},"month-3-short":{"_":"4月"},"month-4-short":{"_":"5月"},"month-5-short":{"_":"6月"},"month-6-short":{"_":"7月"},"month-7-short":{"_":"8月"},"month-8-short":{"_":"9月"},"month-9-short":{"_":"10月"},"month-10-short":{"_":"11月"},"month-11-short":{"_":"12月"},"minutes-ago-long":{"_":"{[ plural(value) ]}","_[zero]":"現在","_[one]":"1分前","_[two]":"{{value}}分前","_[few]":"{{value}}分前","_[many]":"{{value}}分前","_[other]":"{{value}}分前"},"hours-ago-long":{"_":"{[ plural(value) ]}","_[zero]":"現在","_[one]":"1時間前","_[two]":"{{value}}時間前","_[few]":"{{value}}時間前","_[many]":"{{value}}時間前","_[other]":"{{value}}時間前"},"days-ago-long":{"_":"{[ plural(value) ]}","_[zero]":"今日","_[one]":"昨日","_[two]":"{{value}}日前","_[few]":"{{value}}日前","_[many]":"{{value}}日前","_[other]":"{{value}}日前"},"weeks-ago-long":{"_":"{[ plural(value) ]}","_[zero]":"今週","_[one]":"先週","_[two]":"{{value}}週間前","_[few]":"{{value}}週間前","_[many]":"{{value}}週間前","_[other]":"{{value}}週間前"},"months-ago-long":{"_":"{[ plural(value) ]}","_[zero]":"今月","_[one]":"先月","_[two]":"{{value}}か月前","_[few]":"{{value}}か月前","_[many]":"{{value}}か月前","_[other]":"{{value}}か月前"},"years-ago-long":{"_":"{[ plural(value) ]}","_[zero]":"今年","_[one]":"昨年","_[two]":"{{value}}年前","_[few]":"{{value}}年前","_[many]":"{{value}}年前","_[other]":"{{value}}年前"},"minutes-until-long":{"_":"{[ plural(value) ]}","_[zero]":"現在","_[one]":"1分後","_[two]":"{{value}}分後","_[few]":"{{value}}分後","_[many]":"{{value}}分後","_[other]":"{{value}}分後"},"hours-until-long":{"_":"{[ plural(value) ]}","_[zero]":"現在","_[one]":"1時間後","_[two]":"{{value}}時間後","_[few]":"{{value}}時間後","_[many]":"{{value}}時間後","_[other]":"{{value}}時間後"},"days-until-long":{"_":"{[ plural(value) ]}","_[zero]":"今日","_[one]":"明日","_[two]":"{{value}}日後","_[few]":"{{value}}日後","_[many]":"{{value}}日後","_[other]":"{{value}}日後"},"weeks-until-long":{"_":"{[ plural(value) ]}","_[zero]":"今週","_[one]":"来週","_[two]":"{{value}}週間後","_[few]":"{{value}}週間後","_[many]":"{{value}}週間後","_[other]":"{{value}}週間後"},"months-until-long":{"_":"{[ plural(value) ]}","_[zero]":"今月","_[one]":"来月","_[two]":"{{value}}か月後","_[few]":"{{value}}か月後","_[many]":"{{value}}か月後","_[other]":"{{value}}か月後"},"years-until-long":{"_":"{[ plural(value) ]}","_[zero]":"今年","_[one]":"来年","_[two]":"{{value}}年後","_[few]":"{{value}}年後","_[many]":"{{value}}年後","_[other]":"{{value}}年後"},"minutes-ago-short":{"_":"{[ plural(value) ]}","_[zero]":"今","_[other]":"{{value}}分前"},"hours-ago-short":{"_":"{[ plural(value) ]}","_[zero]":"今","_[other]":"{{value}}時間前"},"days-ago-short":{"_":"{[ plural(value) ]}","_[zero]":"今日","_[other]":"{{value}}日前"},"minutes-until-short":{"_":"{[ plural(value) ]}","_[zero]":"今","_[other]":"{{value}}分後"},"hours-until-short":{"_":"{[ plural(value) ]}","_[zero]":"今","_[other]":"{{value}}時間後"},"days-until-short":{"_":"{[ plural(value) ]}","_[zero]":"今日","_[other]":"{{value}}日後"},"incorrectDate":{"_":"(日付が不正です)"},"dateTimeFormat_%c":{"_":"%Y年%b%e日(%a) %I:%M:%S %p"},"dateTimeFormat_%x":{"_":"%Y/%m/%d"},"dateTimeFormat_%X":{"_":"%I:%M:%S %p"},"shortTimeFormat":{"_":"%I:%M %p"},"shortDateTimeFormat":{"_":"%x %I:%M %p"},"weekStartsOnMonday":{"_":"0"},"time_am":{"_":"午前"},"time_pm":{"_":"午後"},"perm-contacts":{"_":"連絡先"},"perm-contacts-appRequest":{"_":"{{app}} が連絡先リストへのアクセス許可を求めています。"},"perm-contacts-webRequest":{"_":"{{site}} サイトが連絡先リストへのアクセス許可を求めています。"},"perm-desktop-notification":{"_":"通知"},"perm-desktop-notification-appRequest":{"_":"{{app}} が通知の表示を求めています。"},"perm-desktop-notification-webRequest":{"_":"{{site}} サイトが通知の表示を求めています。"},"perm-device-storage-music":{"_":"音楽のストレージ"},"perm-device-storage-music-appRequest":{"_":"{{app}} が音楽へのアクセス許可を求めています。"},"perm-device-storage-music-webRequest":{"_":"{{site}} サイトが音楽へのアクセス許可を求めています。"},"perm-device-storage-pictures":{"_":"写真のストレージ"},"perm-device-storage-pictures-appRequest":{"_":"{{app}} が写真へのアクセス許可を求めています。"},"perm-device-storage-pictures-webRequest":{"_":"{{site}} サイトが写真へのアクセス許可を求めています。"},"perm-device-storage-sdcard":{"_":"メモリーカードのストレージ"},"perm-device-storage-sdcard-appRequest":{"_":"{{app}} がメモリーカードへのアクセス許可を求めています。"},"perm-device-storage-sdcard-webRequest":{"_":"{{site}} サイトがメモリーカードへのアクセス許可を求めています。"},"perm-device-storage-videos":{"_":"動画のストレージ"},"perm-device-storage-videos-appRequest":{"_":"{{app}} が動画へのアクセス許可を求めています。"},"perm-device-storage-videos-webRequest":{"_":"{{site}} サイトが動画へのアクセス許可を求めています。"},"perm-fmradio":{"_":"FM ラジオ"},"perm-fmradio-appRequest":{"_":"{{app}} が FM ラジオの使用許可を求めています。"},"perm-fmradio-webRequest":{"_":"{{site}} サイトが FM ラジオの使用許可を求めています。"},"perm-geolocation":{"_":"位置情報の送信"},"perm-geolocation-appRequest":{"_":"{{app}} があなたの位置情報を求めています。"},"perm-geolocation-webRequest":{"_":"{{site}} サイトがあなたの位置情報を求めています。"},"perm-geolocation-more-info":{"_":"{{brandShortName}} は、GPS や Wi-Fi、近くのモバイルネットワークなどのデータを、ユーザのおおよその現在位置の決定に利用します。このデータは、 Mozilla と他のサービスプロバイダに送信され、位置情報データベースを改善するために集計されます。このデータは、ご使用の端末に保存され、アプリが実行中でない時にもデータが収集されることがあります。"},"perm-video-capture":{"_":"カメラ"},"perm-video-capture-appRequest":{"_":"カメラの共有を {{app}} に許可しますか？"},"perm-video-capture-webRequest":{"_":"カメラの共有を {{site}} に許可しますか？"},"perm-audio-capture":{"_":"マイク"},"perm-audio-capture-appRequest":{"_":"マイクの共有を {{app}} に許可しますか？"},"perm-audio-capture-webRequest":{"_":"マイクの共有を {{site}} に許可しますか？"},"perm-media-capture":{"_":"カメラとマイク"},"perm-media-capture-appRequest":{"_":"カメラとマイクの共有を {{app}} に許可しますか？"},"perm-media-capture-webRequest":{"_":"カメラとマイクの共有を {{site}} に許可しますか？"},"stopped_download_title":{"_":"ダウンロードを中止しました"},"stopped_download_message":{"_":"ダウンロードが中止されました。再度ダウンロードしますか？"},"stopped_download_left_button":{"_":"キャンセル"},"stopped_download_right_button":{"_":"再試行"},"failed_download_title":{"_":"ダウンロードに失敗しました"},"failed_download_message":{"_":"{{name}} のダウンロードに失敗しました。再度ダウンロードしますか？"},"failed_download_left_button":{"_":"キャンセル"},"failed_download_right_button":{"_":"再試行"},"stop_download_title":{"_":"ダウンロードを中止します"},"stop_download_message":{"_":"本当にダウンロードを中止してもよろしいですか？"},"stop_download_left_button":{"_":"いいえ"},"stop_download_right_button":{"_":"はい"},"delete_download_title":{"_":"削除"},"delete_download_message":{"_":"{{name}} を削除しますか？"},"delete_download_left_button":{"_":"キャンセル"},"delete_download_right_button":{"_":"削除"},"delete_all_download_title":{"_":"削除"},"delete_all_download_left_button":{"_":"キャンセル"},"delete_all_download_right_button":{"_":"削除"},"delete_all_download_message":{"_":"{[ plural(number) ]}","_[zero]":"ファイルを削除しません","_[one]":"1 個のファイルを削除しますか？","_[two]":"{{number}} 個のファイルを削除しますか？","_[few]":"{{number}} 個のファイルを削除しますか？","_[many]":"{{number}} 個のファイルを削除しますか？","_[other]":"{{number}} 個のファイルを削除しますか？"},"unsupported_file_type_download_title":{"_":"データが開けません"},"unsupported_file_type_download_message":{"_":"{{name}} を扱えるアプリがありません。これをファイルに保存または削除してください。"},"unsupported_file_type_download_left_button":{"_":"ファイルに保存"},"unsupported_file_type_download_right_button":{"_":"削除"},"file_not_found_download_title":{"_":"ファイルが見つかりませんでした"},"file_not_found_download_message":{"_":"端末上にファイルが見つかりませんでした。"},"file_not_found_download_right_button":{"_":"OK"},"unmounted_sdcard_2_download_title":{"_":"メモリーカードが使用中です"},"unmounted_sdcard_2_download_message":{"_":"USB ケーブルを抜いてください"},"unmounted_sdcard_2_download_right_button":{"_":"OK"},"no_provider_download_title":{"_":"共有できません"},"no_provider_download_message":{"_":"プロバイダが見つかりませんでした。"},"no_provider_download_right_button":{"_":"OK"},"no_memory_download_title":{"_":"SD カードが満杯です"},"no_memory_download_message":{"_":"SD カードにダウンロードしたファイルを保存するための空き領域が足りません。ダウンロードを再開する前に不要なファイルを削除してください。"},"no_memory_download_right_button":{"_":"OK"},"no_sdcard_found_2_download_title":{"_":"メモリーカードが見つかりませんでした"},"no_sdcard_found_2_download_message":{"_":"メモリーカードを挿入するか、環境設定で既定のメディアの場所を選択してください。"},"no_sdcard_found_2_download_right_button":{"_":"OK"},"file_open_error_download_title":{"_":"データが開けません"},"file_open_error_download_message":{"_":"{{name}} を開く時に問題が発生しました。これをファイルに保存または削除してください。"},"file_open_error_download_left_button":{"_":"ファイルに保存"},"file_open_error_download_right_button":{"_":"削除"},"restart_download_error":{"_":"ダウンロードの再開中にエラーが発生しました。ダウンロードを再度試してください。"},"no-downloads":{"_":"ダウンロードなし"},"percentage":{"_":"{{percentage}} %"},"partialResult":{"_":"{{partial}} / {{total}}"},"summary":{"_":"{{date}} - {{status}}"},"download-stopped":{"_":"ダウンロード中止"},"download-failed":{"_":"ダウンロード失敗"},"open_downloaded_file":{"_":"開く"},"share_downloaded_file":{"_":"共有する"},"wallpaper_downloaded_file":{"_":"壁紙に設定する"},"ringtone_downloaded_file":{"_":"着信音に設定する"},"cancel_downloaded_file":{"_":"キャンセル"},"sim-picker-dial-via-with-number":{"_":"ダイヤル先 {{ phoneNumber }} への使用回線"},"sim-picker-select-sim":{"_":"SIM を選択してください"},"sim-picker-button":{"_":"SIM{{ n }}"},"sim-picker-button-default":{"_":"(既定)"}}