{"ok":{"_":"យល់​ព្រម"},"back":{"_":"ថយក្រោយ"},"help":{"_":"ជំនួយ"},"cancel":{"_":"បោះបង់"},"close":{"_":"បិទ"},"skip":{"_":"រំលង"},"airplaneMode":{"_":"របៀប​លើ​យន្តហោះ"},"searching":{"_":"កំពុង​ស្វែងរក..."},"noNetwork":{"_":"គ្មាន​បណ្ដាញ"},"roaming":{"_":"{{operator}} (Roaming)"},"emergencyCallsOnly":{"_":"បាន​តែ​ការ​ហៅ​បន្ទាន់​ប៉ុណ្ណោះ"},"emergencyCallsOnly-unknownSIMState":{"_":"(មិន​ស្គាល់​ស្ថានភាព SIM)"},"emergencyCallsOnly-noSIM":{"_":"(គ្មាន​ SIM)"},"emergencyCallsOnly-pinRequired":{"_":"(ទាមទារ SIM PIN)"},"emergencyCallsOnly-pukRequired":{"_":"(ទាមទារ SIM PUK)"},"emergencyCallsOnly-networkLocked":{"_":"(បាន​ចាក់​បណ្ដាញ)"},"emergencyCallsOnly-serviceProviderLocked":{"_":"(ជាប់​សោ​អ្នក​ផ្ដល់​សេវា)"},"emergencyCallsOnly-corporateLocked":{"_":"(ជាប់​សោ​សហការ)"},"enterPIN":{"_":"បញ្ចូល PIN"},"statusbarLabel":{"_":"{{date}}, {{operator}}"},"statusbarDateFormat":{"_":"%b %e"},"notifications":{"_":"ការ​ជូនដំណឹង"},"clear-all":{"_":"សម្អាត​ទាំងអស់"},"newVoicemails":{"_":"{[ plural(n) ]}","_[zero]":"គ្មាន​សារ​​ជា​សំឡេង​ថ្មី","_[one]":"សារ​ជា​សំឡេង​​​ថ្មី​មួយ","_[two]":"សារ​ជា​សំឡេង​ថ្មី {{n}}","_[few]":"សារ​ជា​សំឡេង​ថ្មី {{n}}","_[many]":"សារ​ជា​សំឡេង​ថ្មី {{n}}","_[other]":"សារ​ជា​សំឡេង​ថ្មី {{n}}"},"newVoicemailsUnknown":{"_":"សារ​ជា​សំឡេង​ថ្មី"},"dialNumber":{"_":"ហៅ​ទៅ {{number}}"},"deviceMenu":{"_":"ទូរស័ព្ទ"},"airplane":{"_":"បើក​របៀប​លើ​យន្តហោះ"},"airplaneOff":{"_":"បិទ​របៀប​លើ​យន្ត​ហោះ"},"silent":{"_":"ការ​ហៅ​ចូល​ស្ងាត់"},"normal":{"_":"ការ​ហៅ​ចូល​​រោទ៍"},"restart":{"_":"ចាប់ផ្ដើម​ឡើងវិញ"},"power":{"_":"បិទ​ម៉ាស៊ីន"},"asyncpanzoom":{"_":"បិទ APZ សម្រាប់​កម្មវិធី"},"asyncpanzoomOff":{"_":"បើក APZ សម្រាប់​កម្មវិធី"},"enableScreenReaderSteps":{"_":"ដើម្បី​បើក screen reader, ចុច​ប៊ូតុង​​បង្កើន​កម្រិត​សំឡេង បន្ទាប់​មក​ចុច​ប៊ូតុង​បន្ថយ​កម្រិត​សំឡេង​បី​ដង"},"disableScreenReaderSteps":{"_":"ដើម្បី​បើក screen reader, ចុច​ប៊ូតុង​​​បង្កើន​កម្រិត​សំឡេង បន្ទាប់​មក​ចុច​​ប៊ូតុង​បន្ថយ​កម្រិត​សំឡេង​បី​ដង​"},"no-recent-apps":{"_":"គ្មាន​កម្មវិធី​ថ្មីៗ"},"yes":{"_":"បាទ/ចាស"},"no":{"_":"គ្មាន"},"deny":{"_":"បដិសេធ"},"allow":{"_":"អនុញ្ញាត"},"dontshare-geolocation":{"_":"កុំ​ចែករំលែក"},"share-geolocation":{"_":"ចែក​រំលែក"},"dontshare-audio-capture":{"_":"កុំ​ចែករំលែក"},"share-audio-capture":{"_":"ចែក​រំលែក"},"dontshare-video-capture":{"_":"កុំ​ចែករំលែក"},"share-video-capture":{"_":"ចែក​រំលែក"},"dontshare-media-capture":{"_":"កុំ​ចែករំលែក"},"share-media-capture":{"_":"ចែក​រំលែក"},"device-front":{"_":"ម៉ាស៊ីន​ថត​ខាង​មុខ"},"device-back":{"_":"ម៉ាស៊ីន​ថត​ខាង​ក្រោយ"},"remember-my-choice":{"_":"ចងចាំ​ជម្រើស​ខ្ញុំ"},"more-info":{"_":"ព័ត៌មាន​បន្ថែម…"},"install-app":{"_":"ដំឡើង {{name}}?"},"size":{"_":"ទំហំ"},"author":{"_":"អ្នក​និពន្ធ"},"size-unknown":{"_":"មិន​ស្គាល់"},"author-unknown":{"_":"មិន​ស្គាល់"},"install":{"_":"ដំឡើង"},"bytes":{"_":"បៃ"},"kB":{"_":"KB"},"MB":{"_":"MB"},"GB":{"_":"GB"},"TB":{"_":"TB"},"PB":{"_":"PB"},"app-install-generic-error":{"_":"ការ​ទាញយក {{ appName }} បាន​ឈប់"},"app-install-download-failed":{"_":"បាន​បរាជ័យ​​​ទាញ​យក {{ appName }}"},"app-install-install-failed":{"_":"បាន​បរាជ័យ​ដំឡើង {{ appName }}"},"cancelling-will-not-refund":{"_":"ការ​បោះបង់​នឹង​មិន​​ប្រគល់​ឲ្យ​វិញ​អ្វី​ដែល​ជាវ។ ការ​​ប្រគល់​ឲ្យ​វិញ​សម្រាប់​មាតិកា​ដែល​បាន​បង់ប្រាក់​​នឹង​​ត្រូវ​ផ្ដល់​ឲ្យ​ដោយ​អ្នក​លក់​ដើម។"},"apps-can-be-installed-later":{"_":"អាច​ដំឡើង​កម្មវិធី​ពេលក្រោយ​ពី​ប្រភព​ដំឡើង​ដើម។"},"are-you-sure-you-want-to-cancel":{"_":"តើ​អ្នក​ប្រាកដ​ជា​ចង់​បោះបង់​ការ​ដំឡើង​នេះ​ឬ?"},"cancel-install":{"_":"បោះបង់​ការ​ដំឡើង"},"resume":{"_":"បន្ត"},"continue":{"_":"បន្ត"},"stopDownloading":{"_":"ឈប់​ទាញ​យក {{ app }} ឬ?"},"app-download-can-be-restarted":{"_":"ការ​ទាញយក​អាច​ចាប់ផ្ដើម​ឡើងវិញ​ពេល​ក្រោយ​បាន។"},"app-download-stop-button":{"_":"ឈប់​ទាញយក"},"not-enough-space":{"_":"ទំហំ​មិន​គ្រប់គ្រាន់"},"not-enough-space-message":{"_":"មិន​មាន​ទំហំ​គ្រប់គ្រាន់​ដើម្បី​ដំឡើង​កម្មវិធី​នេះ។ បង្កើន​ទំហំ​ទំនេរ​ដោយ​លុប​កម្មវិធី ឬ​ព័ត៌មាន​ចាស់ៗ និង​ព្យាយាម​ដំឡើង​ម្ដង​ទៀត​ពី​ប្រភព​ដើម។"},"app-install-success":{"_":"បាន​ដំឡើង {{ appName }}"},"setup":{"_":"រៀបចំ"},"ime-addkeyboards":{"_":"បន្ថែម​ក្ដារ​ចុច"},"later":{"_":"ពេលក្រោយ"},"download":{"_":"ទាញយក"},"wantToDownload":{"_":"ទាញយក​បច្ចុប្បន្នភាព​ឥឡូវ?"},"wantToInstall":{"_":"ដំឡើង​បច្ចុប្បន្នភាព​ឥឡូវ?"},"installNow":{"_":"ដំឡើង​ឥឡូវ"},"notNow":{"_":"មិន​មែន​ឥឡូវ"},"downloadingUpdateMessage":{"innerHTML":"កំពុង​ទាញយក​បច្ចុប្បន្នភាព… <span>បាន​ទាញយក {{ progress }} ។</span>"},"downloadingAppMessage":{"_":"កំពុង​ទាញយក {{ appName }}"},"downloadingAppProgressNoMax":{"_":"បាន​ទាញយក {{ progress }}"},"downloadingAppProgressIndeterminate":{"_":"កំពុង​ទាញ​យក"},"downloadingAppProgress":{"_":"បាន​ទាញយក {{ progress }} / {{ max }}"},"cancelAllDownloads":{"_":"បោះបង់​ការ​ទាញយក​ទាំងអស់"},"wantToCancelAll":{"_":"តើ​អ្នក​ប្រាកដ​ជា​ចង់​បោះបង់​ការ​ទាញយក​ទាំងអស់​ឬ?"},"downloadError":{"_":"មាន​កំហុស​​ខណៈពេល​កំពុង​ទាញយក​បច្ចុប្បន្នភាព។"},"updateAvailableInfo":{"innerHTML":"{[ plural(n) ]}","innerHTML[one]":"មាន​បច្ចុប្បន្នភាព {{ n }} ។ <span>ចុច​​សម្រាប់​ព័ត៌មាន​បន្ថែម</span>","innerHTML[two]":"មាន​បច្ចុប្បន្នភាព {{ n }} ។ <span>សម្រាប់​ព័ត៌មាន​បន្ថែម សូម​ប៉ះ។</span>","innerHTML[few]":"មាន​បច្ចុប្បន្នភាព {{ n }} ។ <span>​សម្រាប់​ព័ត៌មាន​បន្ថែម សូម​ចុច</span>","innerHTML[many]":"មាន​បច្ចុប្បន្នភាព {{ n }} ។ <span>​សម្រាប់​ព័ត៌មាន​បន្ថែម សូម​ចុច</span>","innerHTML[other]":"មាន​បច្ចុប្បន្នភាព {{ n }} ។ <span>សម្រាប់​ព័ត៌មាន​បន្ថែម សូម​ចុច</span>"},"numberOfUpdates":{"_":"{[ plural(n) ]}","_[one]":"មាន​បច្ចុប្បន្នភាព {{ n }}","_[two]":"មាន​បច្ចុប្បន្នភាព {{ n }}","_[few]":"មាន​បច្ចុប្បន្នភាព {{ n }}","_[many]":"មាន​បច្ចុប្បន្នភាព {{ n }}","_[other]":"មាន​បច្ចុប្បន្នភាព {{ n }}"},"systemUpdate":{"_":"បច្ចុប្បន្នភាព​ប្រព័ន្ធ"},"systemUpdateReady":{"_":"ធ្វើ​បច្ចុប្បន្នភាព​ប្រព័ន្ធ​រួចរាល់"},"required":{"_":"ទាមទារ"},"uncompressingMessage":{"innerHTML":"កំពុង​មិន​បង្ហាប់… <span>នេះ​​អាច​ចំណាយ​ពេល​ប៉ុន្មាន​នាទី។</span>"},"downloadNoWifiWarning":{"_":"មិន​​មាន​ Wi-Fi ​ទេ។ ការ​ធ្វើ​បច្ចុប្បន្នភាព​​​តាម​ការ​ភ្ជាប់​បច្ចប្បន្ន​​អាច​​នាំ​មក​នូវ​ការ​​ផ្ទុក​បន្ថែម។"},"downloadOfflineWarning":{"_":"មិន​មាន​ការ​តភ្ជាប់​ទេ។ ភ្ជាប់​ទៅ​បណ្ដាញ​ដើម្បី​ទាញ​យក​បច្ចុប្បន្នភាព។"},"downloadDataConnectionWarning":{"_":"ទាញ​យក​បច្ចុប្បន្នភាព​តាម​បណ្ដាញ​ទិន្នន័យ​នៅ​ពេល​មិន​មាន​ Wi-Fi ។ អាច​​​​គិត​ថ្លៃ​​​លើ​ទិន្នន័យ​បន្ថែម។"},"downloadUpdatesViaDataConnection":{"_":"ទាញយក​បច្ចុប្បន្នភាព​តាម​បណ្ដាញ​ទិន្នន័យឬ?"},"downloadUpdatesViaDataConnectionMessage":{"_":"ទាញ​យក​បច្ចុប្បន្នភាព​តាម​បណ្ដាញ​ទិន្នន័យ​នៅ​ពេល​មិន​មាន​ Wi-Fi ។ នៅ​ពេល​ប្រើ​​​ការ​ភ្ជាប់​បណ្ដាញ​ទិន្នន័យ ការ​ហៅ​តាម​ទូរស័ព្ទ​អាច​ត្រូវ​បាន​បិទ ហើយ​ក៏​អាច​​​គិត​ថ្លៃ​​​លើ​ទិន្នន័យ​បន្ថែម។"},"screenshotSaved":{"_":"បាន​រក្សាទុក​រូបភាព​ទៅ​​វិចិត្រសាល"},"screenshotFailed":{"_":"មិន​អាច​រក្សាទុក​រូបភាព"},"screenshotNoSDCard":{"_":"រក​មិន​ឃើញ​កាត​អង្គ​ចងចាំ"},"screenshotSDCardInUse":{"_":"កំពុង​ប្រើ​កាត​អង្គ​ចងចាំ"},"screenshotSDCardLow":{"_":"មាន​ទំហំ​មិន​គ្រប់គ្រាន់​លើ​កាត​អង្គ​ចងចាំ"},"emergency-call-button":{"_":"ការ​ហៅ​បន្ទាន់"},"emergency-call":{"_":"ការ​ហៅ​បន្ទាន់"},"unlock-a11y-button":{"ariaLabel":"ដោះ​សោ"},"camera-a11y-button":{"ariaLabel":"ម៉ាស៊ីន​ថត"},"longDateFormat":{"_":"%A, %B %e"},"softwareHomeButton":{"ariaLabel":"ដើម"},"login":{"_":"ចូល"},"username":{"_":"ឈ្មោះ​អ្នក​ប្រើ"},"password":{"_":"ពាក្យ​សម្ងាត់"},"http-authentication-message":{"_":"ឈ្មោះ​អ្នក​ប្រើ និង​ពាក្យ​សម្ងាត់​​កំពុង​ស្នើ​សុំ​ដោយ {{host}}។ បណ្ដាញ​ប្រាប់​ថា៖ “{{realm}}”"},"error-message":{"_":"{{name}} កំពុង​ផ្ទុក​មិន​សមរម្យ"},"error-title":{"_":"{{name}} កំពុង​មាន​បញ្ហា"},"airplane-is-on":{"_":"បាន​បើក​របៀប​លើ​យន្តហោះ"},"airplane-is-turned-on":{"_":"{{name}} ទាមទារ​ការ​ភ្ជាប់​បណ្ដាញ។ បិទ​របៀប​លើ​យន្តហោះ​ពី​ការ​កំណត់ និង​ភ្ជាប់​ទៅ​ Wi-Fi ឬ​បណ្ដាញ​ទិន្នន័យ​ទូរស័ព្ទ​ចល័ត។"},"server-not-found":{"_":"រក​មិន​ឃើញ​ម៉ាស៊ីន​មេ"},"server-not-found-error":{"_":"មិន​អាច​រក​ឃើញ​ម៉ាស៊ីន​មេ​នៅ {{name}} ។"},"network-connection-unavailable":{"_":"មិន​មាន​ការ​ភ្ជាប់​បណ្ដាញ​ទេ"},"network-error":{"_":"{{name}} ទាមទារ​ការ​ភ្ជាប់​បណ្ដាញ។ ព្យាយាម​តភ្ជាប់​ទៅ​បណ្ដាញ Wi-Fi ឬ​ទិន្នន័យ​ទូរស័ព្ទ។"},"unable-to-connect":{"_":"មិន​អាច​តភ្ជាប់"},"tap-to-retry":{"_":"ប៉ះ​ដើម្បី​សាកល្បង​ម្ដង​ទៀត"},"try-again":{"_":"ព្យាយាម​ម្ដង​ទៀត"},"select-time":{"_":"ជ្រើស​ពេលវេលា"},"choose-option":{"_":"ជ្រើស"},"choose-options":{"_":"ជ្រើស"},"select-day":{"_":"ជ្រើស​ថ្ងៃ"},"battery-almost-empty":{"_":"ថ្ម​ជិត​អស់​ហើយ"},"add-to-home-screen":{"_":"បន្ថែមទៅអេក្រង់ដើម"},"crash-dialog2-os":{"_":"{{brandShortName}} ទើប​បាន​សង្គ្រោះ​ពី​ការ​ជាប់​គាំង"},"crash-dialog-app":{"_":"{{name}} ទើប​​ជាប់​គាំង"},"crash-dialog-message":{"_":"តើ​អ្នក​ចង់​ផ្ញើ​របាយការណ៍​អំពី​ភាព​ជាប់គាំង​ទៅ Mozilla ដើម្បី​ជួយ​យើង​​ដោះស្រាយ​បញ្ហា​​នេះ​ឬ​ទេ? (បាន​ផ្ញើ​របាយការណ៍​តាម Wi-Fi ប៉ុណ្ណោះ។)"},"crash-info-link":{"_":"អ្វី​នៅ​ក្នុង​របាយការណ៍​ភាព​ជាប់​គាំង?"},"crash-always-report":{"_":"តែងតែ​ផ្ញើ​របាយការណ៍​ទៅ Mozilla នៅ​ពេល​គាំង។"},"crash-dont-send":{"_":"កុំ​ផ្ញើ"},"crash-end":{"_":"ផ្ញើ​របាយការណ៍"},"crashReports":{"_":"របាយការណ៍​ភាព​ជាប់​គាំង"},"done":{"_":"ធ្វើ​រួច"},"crash-reports-description-1":{"_":"របាយការណ៍​ភាព​ជាប់គាំង​មាន​​សេចក្ដី​លម្អិត​ខ្លះ​អំពី​ភាព​ជាប់គាំង និង​ឧបករណ៍​របស់​អ្នក ក៏ដូចជា​រូបថត​អំពី​សភាព​ឧបករណ៍​របស់​អ្នក​នៅ​ពេល​វា​បាន​គាំង។"},"crash-reports-description-2":{"_":"នេះ​​អាច​មាន​​អ្វីៗ​ដូចជា​​​​ទំព័រ និង​កម្មវិធី​ដែល​បើក អត្ថបទ​ដែល​បាន​វាយ​បញ្ចូល​ក្នុង​ទម្រង់ និង​​មាតិកា​នៃ​សារ​​ដែល​បើក ប្រវត្តិ​រុករក​ថ្មីៗ ឬ​​ទីតាំង​ភូមិសាស្ត្រ​បាន​ប្រើ​ដោយ​កម្មវិធី​ដែល​បើក។"},"crash-reports-description-3-start":{"_":"យើង​ប្រើ​របាយការណ៍​គាំង​ដើម្បី​កែ​បញ្ហា​ និង​ធ្វើ​ឲ្យ​ផលិតផល​របស់​យើង​ប្រសើរ​ឡើង។ យើង​​ប្រើ​ព័ត៌មាន​របស់​អ្នក​​ដូច​យើង​ពណ៌នា​​នៅ​ក្នុង ourȀ"},"crash-reports-description-3-privacy":{"_":"គោលនយោបាយ​ភាព​ឯកជន"},"crash-reports-description-3-end":{"_":"."},"crash-banner-os2":{"_":"{{brandShortName}} ទើប​​បាន​គាំង។"},"crash-banner-app":{"_":"{{name}} ទើប​បាន​គាំង។"},"crash-banner-report":{"_":"របាយការណ៍"},"bluetooth-sendingTitle":{"_":"កំពុង​បញ្ជូន​ការ​ផ្ទេរ​តាម​ប្ល៊ូធូស.."},"bluetooth-receivingTitle":{"_":"កំពុង​ទទួល​ការ​ផ្ទេរ​តាម​ប្ល៊ូធូស.."},"bluetooth-sending-progress":{"_":"កំពុង​បញ្ជូន​ការ​ផ្ទេរ​តាម​ប្ល៊ូធូស.."},"bluetooth-receiving-progress":{"_":"កំពុង​ទទួល​ការ​ផ្ទេរ​តាម​ប្ល៊ូធូស.."},"acceptFileTransfer":{"_":"យល់ព្រម​​ការ​ផ្ទេរ​ឯកសារ​តាម​ប្ល៊ូធូស​ឬ?"},"wantToReceiveFile":{"_":"{{deviceName}} ចង់​ផ្ទេរ {{fileName}} ({{fileSize}})។"},"transfer-confirmation-title":{"_":"{{deviceName}}"},"transfer-confirmation-description":{"_":"ពិនិត្យ​សំណើ​ផ្ទេរ។"},"byteUnit-B":{"_":"បៃ"},"byteUnit-KB":{"_":"KB"},"byteUnit-MB":{"_":"MB"},"byteUnit-GB":{"_":"GB"},"byteUnit-TB":{"_":"TB"},"byteUnit-PB":{"_":"PB"},"byteUnit-EB":{"_":"EB"},"byteUnit-ZB":{"_":"ZB"},"byteUnit-YB":{"_":"YB"},"fileSize":{"_":"{{size}} {{unit}}"},"transfer":{"_":"ផ្ទេរ"},"cancelFileTransfer":{"_":"បោះបង់​ការ​ផ្ទេរ​ឯកសារ​តាម​ប៊ូធូស?"},"transfer-has-started-title":{"_":"ការ​ផ្ទេរ​បាន​ចាប់ផ្ដើម"},"transfer-has-started-description":{"_":"ពិនិត្យ​វឌ្ឍនភាព​ក្នុង​មជ្ឈមណ្ឌល​ជូន​ដំណឹង"},"transferFinished-sentSuccessful-title":{"_":"បាន​ផ្ញើ​ឯកសារ"},"transferFinished-receivedSuccessful-title":{"_":"បាន​ទទួល​ឯកសារ"},"transferFinished-sentFailed-title":{"_":"មិន​អាច​ផ្ញើ​ឯកសារ​បាន​ទេ"},"transferFinished-receivedFailed-title":{"_":"មិន​អាច​ទទួល​ឯកសារ​បាន​ទេ"},"transferReport-title":{"_":"របាយការណ៍​ផ្ទេរ៖"},"transferReport-description":{"_":"ឯកសារ {{numSuccessful}} ជោគជ័យ,  ឯកសារ {{numUnsuccessful}} មិន​ជោគជ័យ"},"unknown-file":{"_":"មិន​ស្គាល់​ឯកសារ"},"unknown-device":{"_":"មិន​ស្គាល់​ឧបករណ៍"},"cannotOpenFile":{"_":"មិន​អាច​បើក​​ឯកសារ​ដែល​បាន​ទទួល"},"unknownMediaTypeToOpen":{"_":"មិន​អាច​បើក​ប្រភេទ​មេឌៀ​ដែល​មិន​ស្គាល់៖"},"cannotReceiveFile":{"_":"មិន​អាច​ទទួល​ឯកសារ"},"cannotGetStorageState":{"_":"មិន​អាច​​​ទទួល​ស្ថានភាព​ការ​ផ្ទុក​របស់​ឧបករណ៍"},"sdcard-not-exist2":{"_":"រក​មិន​ឃើញ​កាត​អង្គ​ចងចាំ។ សូម​បញ្ចូល​កាត​អង្គ​​ចងចាំ។"},"sdcard-in-use":{"_":"មិន​អាច​ប្រើ​ប្ល៊ូធូស​អំឡុង​ពេល​ទូរស័ព្ទ​ដោត​ចូល។ សូម​​ដក​ទូរស័ព្ទ​ចេញ​ដើម្បី​ទទួល​ឯកសារ។"},"sdcard-no-space2":{"_":"មិន​អាច​បញ្ចប់​ការ​ផ្ទេរ៖ កាត​អង្គ​ចងចាំ​បាន​ពេញ។"},"unknown-error":{"_":"កំហុស​ដែល​មិន​ស្គាល់"},"confirm":{"_":"អះអាង"},"microphone-is-on":{"_":"ម៉ីក្រុហ្វូន​បើក​ហើយ"},"camera-is-on":{"_":"ម៉ាស៊ីនថត​បើក​ហើយ"},"media-is-on":{"_":"បើក​កាមេរ៉ា & មីក្រូហ្វូន"},"noSimCard":{"_":"គ្មាន​ SIM កាត"},"simPin":{"_":"SIM PIN"},"pukCode":{"_":"កូដ PUK"},"nckCode":{"_":"កូដ NCK"},"cckCode":{"_":"លេខ​កូដ CCK"},"spckCode":{"_":"លេខ​កូដ SPCK"},"whatIsSimPin":{"_":"តើ​អ្វី​ជា SIM PIN?"},"simPinIntro1":{"_":"SIM PIN ទប់​ស្កាត់​ការ​ចូល​ទៅ​បណ្ដាញ​ទិន្នន័យ​​ជា​ប្រព័ន្ធ​តាម​​​ SIM កាត។ នៅ​ពេល​​​​អនុញ្ញាត​​វា​ឲ្យ​ប្រើ​បាន ឧបករណ៍​នីមួយៗ​​ដែល​មាន​​ SIM កាត​នឹង​ស្នើ​​លេខ​កូដ PIN នៅ​ពេល​ចាប់​ផ្ដើម​ឡើងវិញ។"},"simPinIntro2":{"_":"SIM PIN គឺ​មិន​ដូច​គ្នា​នឹង​​លេខ​កូដ​ ដែល​បាន​ប្រើ​ដើម្បី​ដោះ​សោ​ឧបករណ៍​ទេ។"},"changeSimPin":{"_":"ផ្លាស់ប្ដូរ PIN"},"pinTitle":{"_":"បញ្ចូល SIM PIN"},"multiSIMpinTitle":{"_":"បញ្ចូល SIM {{n}} PIN"},"pukTitle":{"_":"បញ្ចូល​លេខ​កូដ PUK"},"nckTitle":{"_":"បញ្ចូល​លេខ​កូដ NCK"},"cckTitle":{"_":"បញ្ចូល​លេខ​កូដ CCK"},"spckTitle":{"_":"បញ្ចូល​លេខ​កូដ SPCK"},"newpinTitle":{"_":"PIN ថ្មី"},"inputCodeRetriesLeft":{"_":"{[ plural(n) ]}","_[one]":"ការ​ព្យាយាម​ចុងក្រោយ។","_[two]":"នៅ​សល់​ការ​ព្យាយាម {{n}} ដង​ទៀត។","_[few]":"នៅ​សល់​ការ​ព្យាយាម {{n}} ដង​ទៀត។","_[many]":"នៅ​សល់​ការ​ព្យាយាម {{n}} ដង​ទៀត។","_[other]":"នៅ​សល់​ការ​ព្យាយាម {{n}} ដង​ទៀត។"},"pinErrorMsg":{"_":"លេខ​កូដ PIN មិន​ត្រឹមត្រូវ។"},"pinAttemptMsg2":{"_":"{[ plural(n) ]}","_[one]":"អ្នក​នៅសល់​ការ​ព្យាយាម​ម្ដងទៀត​ដើម្បី​បញ្ចូល​លេខ​កូដ​ត្រឹមត្រូវ មុន​ពេល​ចាក់សោ​ SIM កាត​នេះ។","_[two]":"អ្នក​នៅសល់​ការ​ព្យាយាម {{n}} ដង​ទៀត​ក្នុង​ការ​បញ្ចូល​កូដ​ត្រឹមត្រូវ មុន​ពេល​ចាក់សោ​ SIM កាត​នេះ។","_[few]":"អ្នក​នៅសល់​ការ​ព្យាយាម {{n}} ដង​ទៀត​ក្នុង​ការ​បញ្ចូល​កូដ​ត្រឹមត្រូវ មុន​ពេល​ចាក់សោ​ SIM កាត​នេះ។","_[many]":"អ្នក​នៅសល់​ការ​ព្យាយាម {{n}} ដង​ទៀត​ក្នុង​ការ​បញ្ចូល​កូដ​ត្រឹមត្រូវ មុន​ពេល​ចាក់សោ​ SIM កាត។","_[other]":"អ្នក​នៅសល់​ការ​ព្យាយាម {{n}} ដង​ទៀត​ក្នុង​ការ​បញ្ចូល​កូដ​ត្រឹមត្រូវ មុន​ពេល​ចាក់សោ​ SIM កាត។"},"pinLastChanceMsg":{"_":"នេះ​ជា​លើក​​ចុងក្រោយ​របស់​អ្នក​​ដើម្បី​បញ្ចូល​កូដ PIN ​ដែល​​ត្រឹមត្រូវ។ បើ​មិន​ដូច្នេះ​ទេ អ្នក​ត្រូវតែ​បញ្ចូល​កូដ PUK ដើម្បី​​អាច​ប្រើ​​ SIM កាត​នេះ​បាន​។"},"simCardLockedMsg":{"_":"បាន​បិទ SIM កាត​នេះ។"},"enterPukMsg":{"_":"អ្នក​ត្រូវតែ​បញ្ចូល​កូដ​ពាក្យ​គន្លឹះ​ដោះ​សោ​ផ្ទាល់ខ្លួន (PUK) សម្រាប់​​ SIM ​កាត​នេះ។ យោង​តាម​​ឯកសារ​ SIM កាត​របស់​អ្នក ឬ​ទាក់ទង​​ក្រុមហ៊ុន​គមនាគមន៍​របស់​អ្នក​សម្រាប់​ព័ត៌មាន​បន្ថែម។"},"pukErrorMsg":{"_":"លេខ​កូដ PUK មិន​ត្រឹមត្រូវ។"},"pukAttemptMsg2":{"_":"{[ plural(n) ]}","_[one]":"អ្នក​នៅ​សល់​ការ​ព្យាយាម​ម្ដង​ទៀត​ដើម្បី​បញ្ចូល​លេខ​កូដ​​ត្រឹមត្រូវ មុន​ពេល​ SIM កាត​នេះ​នឹង​មិន​អាច​ប្រើ​បាន​ជា​រៀង​រហូត។ យោង​តាម​ឯកសារ​ SIM កាត​របស់​អ្នក​ ឬ​ទាក់ទង​ក្រុមហ៊ុន​គមនាគមន៍​របស់​អ្នក​សម្រាប់​ព័ត៌មាន​បន្ថែម។","_[two]":"អ្នក​​នៅ​សល់​ការ​ព្យាយាម {{n}} ដង​ទៀត​ក្នុង​ការ​បញ្ចូល​កូដ​ត្រឹមត្រូវ មុន​ពេល​ SIM កាត​នេះ​មិន​អាច​ប្រើ​បាន​ជា​រៀង​រហូត។ យោង​តាម​ឯកសារ​ SIM ​កាត​របស់​អ្នក ឬ​ទាក់ទង​ក្រុមហ៊ុន​គមនាគមន៍​​​សម្រាប់​ព័ត៌មាន​បន្ថែម។","_[few]":"អ្នក​​នៅ​សល់​ការ​ព្យាយាម {{n}} ដង​ទៀត​ក្នុង​ការ​បញ្ចូល​កូដ​ត្រឹមត្រូវ មុន​ពេល​ SIM កាត​នេះ​មិន​អាច​ប្រើ​បាន​ជា​រៀង​រហូត។ យោង​តាម​ឯកសារ​ SIM ​កាត​របស់​អ្នក ឬ​ទាក់ទង​ក្រុមហ៊ុន​គមនាគមន៍​​​សម្រាប់​ព័ត៌មាន​បន្ថែម។","_[many]":"អ្នក​​នៅ​សល់​ការ​ព្យាយាម {{n}} ដង​ទៀត​ក្នុង​ការ​បញ្ចូល​កូដ​ត្រឹមត្រូវ មុន​ពេល​ SIM កាត​នេះ​មិន​អាច​ប្រើ​បាន​ជា​រៀង​រហូត។ យោង​តាម​ឯកសារ​ SIM ​កាត​របស់​អ្នក ឬ​ទាក់ទង​ក្រុមហ៊ុន​គមនាគមន៍​​​សម្រាប់​ព័ត៌មាន​បន្ថែម។","_[other]":"អ្នក​នៅ​សល់​ការ​ព្យាយាម {{n}} ដង​ទៀត​ដើម្បី​បញ្ចូល​​​លេខ​កូដ​ត្រឹមត្រូវ មុន​ពេល​​​ SIM ​កាត​នេះ​​​មិន​អាច​ប្រើ​បាន​ជា​រៀង​រហូត។ យោង​តាម​​​ឯកសារ​ SIM ​កាត​របស់​អ្នក ឬ​ទាក់ទង​ក្រុមហ៊ុន​​​សារ​គមនាគមន៍​សម្រាប់​ព័ត៌មាន​បន្ថែម។"},"pukLastChanceMsg":{"_":"លើក​ចុង​ក្រោយ​ដើម្បី​បញ្ចូល​លេខ​កូដ PUK ដែល​ត្រឹមត្រូវ។ SIM កាត​របស់​អ្នក​នឹង​មិន​អាច​ប្រើ​បាន​ជា​រៀង​រហូត បើ​អ្នក​បញ្ចូល​លេខ​កូដ PUK ខុស។ យោង​តាម​​ឯកសារ​ SIM កាត​របស់​អ្នក ឬ​ទាក់ទង​ក្រុមហ៊ុន​គមនាគមន៍​របស់​អ្នក​សម្រាប់​ព័ត៌មាន​បន្ថែម។"},"newSimPinMsg":{"_":"បង្កើត​​លេខ​កូដ PIN (ត្រូវតែ​មាន 4 ទៅ 8 ខ្ទង់)"},"confirmNewSimPinMsg":{"_":"អះអាង​ PIN ថ្មី"},"newPinErrorMsg":{"_":"PIN មិន​ត្រូវ​គ្នា។"},"nckErrorMsg":{"_":"លេខ​កូដ NCK មិន​ត្រឹមត្រូវ។"},"nckAttemptMsg2":{"_":"{[ plural(n) ]}","_[one]":"បរាជ័យ​ការ​ស្នើ​​​បណ្ដាញ​​មិន​​មាន​លក្ខណៈ​បុគ្គល។ អ្នក​នៅ​សល់​ការ​ព្យាយាម​ម្ដង​ទៀត​ដើម្បី​បញ្ចូល​លេខ​កូដ​ត្រឹមត្រូវ។ សូម​មើល​ឯកសារ​ឧបករណ៍​របស់​អ្នក ឬ​ទាក់ទង​ក្រុមហ៊ុន​បញ្ជូន​សម្រាប់​ព័ត៌មាន​បន្ថែម។","_[two]":"បរាជ័យ​ការ​ស្នើ​​​បណ្ដាញ​​មិន​​មាន​លក្ខណៈ​បុគ្គល។ អ្នក​នៅ​សល់ {{n}} ដង​ទៀត​ដើម្បី​បញ្ចូល​លេខ​កូដ​ត្រឹមត្រូវ។ សូម​មើល​ឯកសារ​ឧបករណ៍​របស់​អ្នក ឬ​ទាក់ទង​ក្រុមហ៊ុន​បញ្ជូន​សម្រាប់​ព័ត៌មាន​បន្ថែម។","_[few]":"បរាជ័យ​ការ​ស្នើ​​​បណ្ដាញ​​មិន​​មាន​លក្ខណៈ​បុគ្គល។ អ្នក​នៅ​សល់ {{n}} ដង​ទៀត​ដើម្បី​បញ្ចូល​លេខ​កូដ​ត្រឹមត្រូវ។ សូម​មើល​ឯកសារ​ឧបករណ៍​របស់​អ្នក ឬ​ទាក់ទង​ក្រុមហ៊ុន​បញ្ជូន​សម្រាប់​ព័ត៌មាន​បន្ថែម។","_[many]":"បរាជ័យ​ការ​ស្នើ​​​បណ្ដាញ​​មិន​​មាន​លក្ខណៈ​បុគ្គល។ អ្នក​នៅ​សល់ {{n}} ដង​ទៀត​ដើម្បី​បញ្ចូល​លេខ​កូដ​ត្រឹមត្រូវ។ សូម​មើល​ឯកសារ​ឧបករណ៍​របស់​អ្នក ឬ​ទាក់ទង​ក្រុមហ៊ុន​បញ្ជូន​សម្រាប់​ព័ត៌មាន​បន្ថែម។","_[other]":"បរាជ័យ​ការ​ស្នើ​​​បណ្ដាញ​​មិន​​មាន​លក្ខណៈ​បុគ្គល។ អ្នក​នៅ​សល់ {{n}} ដង​ទៀត​ដើម្បី​បញ្ចូល​លេខ​កូដ​ត្រឹមត្រូវ។ សូម​មើល​ឯកសារ​ឧបករណ៍​របស់​អ្នក ឬ​ទាក់ទង​ក្រុមហ៊ុន​បញ្ជូន​សម្រាប់​ព័ត៌មាន​បន្ថែម។"},"nckLastChanceMsg":{"_":"បរាជ័យ​ការ​ស្នើ​​​បណ្ដាញ​​មិន​​មាន​លក្ខណៈ​បុគ្គល។ ឱកាស​ចុង​ក្រោយ​ដើម្បី​បញ្ចូល​លេខ​កូដ NCK ត្រឹមត្រូវ។ យោង​តាម​ឯកសារ​ឧបករណ៍​របស់​អ្នក ឬ​ទាក់ទង​ក្រុមហ៊ុន​គមនាគមន៍​របស់​អ្នក​សម្រាប់​ព័ត៌មាន​បន្ថែម។"},"activity-pick":{"_":"ជ្រើស​ពី៖"},"activity-view":{"_":"មើល​​ជាមួយ៖"},"activity-test":{"_":"សាកល្បង​ជាមួយ៖"},"activity-share":{"_":"ចែករំលែក​ជាមួយ៖"},"activity-new":{"_":"បង្កើត​ជាមួយ៖"},"activity-open":{"_":"បើក​ជាមួយ៖"},"activity-save-bookmark":{"_":"ចំណាំ​ទៅ៖"},"activity-record":{"_":"កត់ត្រា​ចេញ​ពី៖"},"activity-browse":{"_":"រក​មើល​ជាមួយ៖"},"activity-configure":{"_":"កំណត់​រចនាសម្ព័ន្ធ​ជាមួយ៖"},"activity-dial":{"_":"ហៅ​​លេខ​ចេញ​ពី៖"},"persona-signin":{"_":"ចូល"},"payment-flow":{"_":"ជាវ"},"remoteDebuggerMessage":{"_":"សំណើ​ចូល​មក​មួយ​ដើម្បី​​អនុញ្ញាត​ឲ្យ​​រក​ឃើញ​​ការ​ភ្ជាប់​​​កែ​កំហុស​ពី​ចម្ងាយ។ អនុញ្ញាត​ការ​ភ្ជាប់?"},"fullscreen-request":{"_":"{{origin}} ឥឡូវ​​ពេញ​អេក្រង់។"},"captive-wifi-available":{"_":"រក​ឃើញ​បណ្ដាញ {{networkName}} ។ ចូលរួម​បណ្ដាញ​ឬ?"},"ceWarningtitle":{"_":"ការ​ព្រមាន​​​​​កម្រិត​សំឡេង"},"ceWarningcontent":{"_":"ដើម្បី​កុំ​ឲ្យ​មាន​បញ្ហា​ត្រចៀក សូម​កុំ​ស្ដាប់​នៅ​កម្រិត​សំឡេង​ខ្ពស់​ក្នុង​រយៈពេល​យូរ។"},"notification-powersaving-mode-on-title":{"_":"របៀប​សន្សំ​ថាមពល"},"notification-powersaving-mode-on-description":{"_":"បាន​បើក​របៀប​សន្សំ​ថាមពល​។"},"low-device-storage":{"_":"ទំហំ​​ផ្ទុក​ឧបករណ៍​ទាប។\n"},"free-space":{"_":"{[ plural(value) ]}","_[zero]":"មិន​មាន​ទំហំ​ទំនេរ​នៅ​សល់​ទេ។","_[one]":"នៅសល់​តិច​ជាង {{value}} {{unit}} ។","_[two]":"នៅសល់​តិច​ជាង {{value}} {{unit}} ។","_[few]":"នៅសល់​តិច​ជាង {{value}} {{unit}} ។","_[many]":"នៅសល់​តិច​ជាង{{value}} {{unit}} ។","_[other]":"នៅសល់​តិច​ជាង {{value}} {{unit}} ។"},"unknown-free-space":{"_":"មិន​ស្គាល់​​ទំហំ​នៅសល់។"},"system-alert":{"_":"ការ​ជូនដំណឹង​ប្រព័ន្ធ"},"cb-channel":{"_":"ប៉ុស្តិ៍ {{channel}}"},"icc-message-title":{"_":"សារ​ប្រតិបត្តិ​ករ​ពី SIM {{id}}"},"icc-confirmCall-defaultmessage":{"_":"ហៅ {{number}}?"},"icc-alertMessage-defaultmessage":{"_":"ផ្ញើ​សារ"},"icc-confirmMessage-defaultmessage":{"_":"ផ្ញើ​សារ?"},"icc-inputbox-title":{"_":"សំណួរ STK ពី​ SIM {{id}}"},"emergency-callback-mode":{"_":"របៀប​ហៅ​ត្រឡប់​ពេល​អាសន្ន"},"emergency-callback-message":{"_":"អ្នក​មិន​អាច​ធ្វើ​ការ​ហៅ​បាន​ទេ, ផ្ញើ​សារ ឬ​​នៅ​លើ​បណ្ដាញ ពីព្រោះ​​​របៀប​ការ​ហៅ​ត្រឡប់​វិញ​នៅ​ពេល​មាន​អាសន្ន​ត្រូវ​បាន​បើក។ តើ​អ្នក​ចង់​បិទ​វា​ឬ?"},"cdma-record-info":{"_":"ព័ត៌មាន​កំណត់​ត្រា CDMA"},"ime-switching-title":{"_":"{{appName}}: {{name}}"},"ime-switching-tip":{"_":"ប៉ះ ដើម្បី​ប្ដូរ​​វិធីសាស្ត្រ​បញ្ចូល"},"layout-selection":{"_":"ការ​ជ្រើស​ប្លង់"},"shrinking-tip":{"_":"អូស​ដើម្បីចែករំលែក"},"download_started":{"_":"បាន​ចាប់ផ្ដើម​ទាញយក"},"download_stopped":{"_":"បាន​បញ្ឈប់ការ​ទាញ​យក"},"download_downloading":{"_":"កំពុង​ទាញ​យក..."},"download_succeeded":{"_":"ការ​ទាញ​យក​ចប់​ហើយ"},"download_failed":{"_":"ការ​ទាញយក​បាន​បរាជ័យ"},"download_text_by_default":{"_":"{{name}}"},"download_downloading_text_2":{"_":"{{percentage}}% - {{name}}"},"search":{"_":"ស្វែងរក"},"search-or-type-address":{"placeholder":"ស្វែងរក ឬ​បញ្ចូល​អាសយដ្ឋាន"},"noSIMCardInHotspot":{"_":"មិន​មាន​ SIM កាត ឬ​បាន​បញ្ចូល​មិន​ត្រឹមត្រូវ, ដូច្នេះ​សូម​បិទ​ហត់ស្ប៉ត"},"brandShortName":{"_":"B2G OS"},"browserBrandShortName":{"_":"កម្មវិធី​អ៊ីនធឺណិត"},"browserBrandFullName":{"_":"កម្មវិធី​អ៊ីនធឺណិត​ Mozilla"},"weekday-0-long":{"_":"អាទិត្យ"},"weekday-1-long":{"_":"ច័ន្ទ"},"weekday-2-long":{"_":"អង្គារ"},"weekday-3-long":{"_":"ពុធ"},"weekday-4-long":{"_":"ព្រហស្បតិ៍"},"weekday-5-long":{"_":"សុក្រ"},"weekday-6-long":{"_":"សៅរ៍"},"weekday-0-short":{"_":"អាទិត្យ"},"weekday-1-short":{"_":"ច័ន្ទ"},"weekday-2-short":{"_":"អង្គារ"},"weekday-3-short":{"_":"ពុធ"},"weekday-4-short":{"_":"ព្រហស្បតិ៍"},"weekday-5-short":{"_":"សុក្រ"},"weekday-6-short":{"_":"សៅរ៍"},"month-0-long":{"_":"មករា"},"month-1-long":{"_":"កុម្ភៈ"},"month-2-long":{"_":"មីនា"},"month-3-long":{"_":"មេសា"},"month-4-long":{"_":"ឧសភា"},"month-5-long":{"_":"មិថុនា"},"month-6-long":{"_":"កក្កដា"},"month-7-long":{"_":"សីហា"},"month-8-long":{"_":"កញ្ញា"},"month-9-long":{"_":"តុលា"},"month-10-long":{"_":"វិច្ឆិកា"},"month-11-long":{"_":"ធ្នូ"},"month-0-genitive":{"_":"មករា"},"month-1-genitive":{"_":"កុម្ភៈ"},"month-2-genitive":{"_":"មីនា"},"month-3-genitive":{"_":"មេសា"},"month-4-genitive":{"_":"ឧសភា"},"month-5-genitive":{"_":"មិថុនា"},"month-6-genitive":{"_":"កក្កដា"},"month-7-genitive":{"_":"សីហា"},"month-8-genitive":{"_":"កញ្ញា"},"month-9-genitive":{"_":"តុលា"},"month-10-genitive":{"_":"វិច្ឆិកា"},"month-11-genitive":{"_":"ធ្នូ"},"month-0-short":{"_":"មករា"},"month-1-short":{"_":"កុម្ភៈ"},"month-2-short":{"_":"មីនា"},"month-3-short":{"_":"មេសា"},"month-4-short":{"_":"ឧសភា"},"month-5-short":{"_":"មិថុនា"},"month-6-short":{"_":"កក្កដា"},"month-7-short":{"_":"សីហា"},"month-8-short":{"_":"កញ្ញា"},"month-9-short":{"_":"តុលា"},"month-10-short":{"_":"វិច្ឆិកា"},"month-11-short":{"_":"ធ្នូ"},"minutes-ago-long":{"_":"{[ plural(value) ]}","_[zero]":"អម្បាញ់មិញនេះ","_[one]":"មួយ​នាទី​មុន","_[two]":"{{value}} នាទី​មុន","_[few]":"{{value}} នាទី​មុន","_[many]":"{{value}} នាទី​មុន","_[other]":"{{value}} នាទី​មុន"},"hours-ago-long":{"_":"{[ plural(value) ]}","_[zero]":"អម្បាញ់មិញនេះ","_[one]":"មួយ​ម៉ោង​មុន","_[two]":"{{value}} ម៉ោង​មុន","_[few]":"{{value}} ម៉ោង​មុន","_[many]":"{{value}} ម៉ោង​មុន","_[other]":"{{value}} ម៉ោង​មុន"},"days-ago-long":{"_":"{[ plural(value) ]}","_[zero]":"ថ្ងៃ​នេះ","_[one]":"ម្សិលមិញ","_[two]":"{{value}} ថ្ងៃ​មុន","_[few]":"{{value}} ថ្ងៃ​មុន","_[many]":"{{value}} ថ្ងៃ​មុន","_[other]":"{{value}} ថ្ងៃ​មុន"},"weeks-ago-long":{"_":"{[ plural(value) ]}","_[zero]":"សប្ដាហ៍​នេះ","_[one]":"សប្ដាហ៍​មុន","_[two]":"{{value}} សប្ដាហ៍​មុន","_[few]":"{{value}} សប្ដាហ៍​មុន","_[many]":"{{value}} សប្ដាហ៍​មុន","_[other]":"{{value}} សប្ដាហ៍​មុន"},"months-ago-long":{"_":"{[ plural(value) ]}","_[zero]":"ខែ​នេះ","_[one]":"ខែ​មុន","_[two]":"{{value}} ខែ​មុន","_[few]":"{{value}} ខែ​មុន","_[many]":"{{value}} ខែ​មុន","_[other]":"{{value}} ខែ​មុន"},"years-ago-long":{"_":"{[ plural(value) ]}","_[zero]":"ឆ្នាំនេះ","_[one]":"ឆ្នាំ​មុន","_[two]":"{{value}} ឆ្នាំ​មុន","_[few]":"{{value}} ឆ្នាំ​មុន","_[many]":"{{value}} ឆ្នាំ​មុន","_[other]":"{{value}} ឆ្នាំ​មុន"},"minutes-until-long":{"_":"{[ plural(value) ]}","_[zero]":"ឥឡូវ","_[one]":"ក្នុង​ពេល​មួយ​នាទី","_[two]":"ក្នុង​ពេល {{value}} នាទី","_[few]":"ក្នុង​ពេល {{value}} នាទី","_[many]":"ក្នុង​ពេល​ {{value}} នាទី​","_[other]":"ក្នុង​ពេល {{value}} នាទី"},"hours-until-long":{"_":"{[ plural(value) ]}","_[zero]":"ឥឡូវ","_[one]":"ក្នុង​រយៈពេល​១​ម៉ោង","_[two]":"ក្នុង​ពេល​​ {{value}} ម៉ោង","_[few]":"ក្នុង​ពេល​​ {{value}} ម៉ោង","_[many]":"ក្នុង​ពេល​​ {{value}} ម៉ោង","_[other]":"ក្នុង​ពេល​​ {{value}} ម៉ោង"},"days-until-long":{"_":"{[ plural(value) ]}","_[zero]":"ថ្ងៃ​នេះ","_[one]":"ថ្ងៃស្អែក","_[two]":"ក្នុង​ពេល​​ {{value}} ថ្ងៃ","_[few]":"ក្នុង​ពេល​​ {{value}} ថ្ងៃ","_[many]":"ក្នុង​ពេល​​ {{value}} ថ្ងៃ","_[other]":"ក្នុង​ពេល​​ {{value}} ថ្ងៃ"},"weeks-until-long":{"_":"{[ plural(value) ]}","_[zero]":"សប្ដាហ៍​នេះ","_[one]":"សប្ដាហ៍​ក្រោយ","_[two]":"ក្នុង​ពេល {{value}} សប្ដាហ៍","_[few]":"ក្នុង​ពេល {{value}} សប្ដាហ៍","_[many]":"ក្នុង​ពេល {{value}} សប្ដាហ៍","_[other]":"ក្នុង​ពេល {{value}} សប្ដាហ៍"},"months-until-long":{"_":"{[ plural(value) ]}","_[zero]":"ខែ​នេះ","_[one]":"ខែ​ក្រោយ","_[two]":"ក្នុង​ពេល {{value}} ខែ","_[few]":"ក្នុង​ពេល {{value}} ខែ","_[many]":"ក្នុង​ពេល {{value}} ខែ","_[other]":"ក្នុង​ពេល {{value}} ខែ"},"years-until-long":{"_":"{[ plural(value) ]}","_[zero]":"ឆ្នាំនេះ","_[one]":"ឆ្នាំ​ក្រោយ","_[two]":"ក្នុង​ពេល {{value}} ឆ្នាំ","_[few]":"ក្នុង​ពេល {{value}} ឆ្នាំ","_[many]":"ក្នុង​ពេល {{value}} ឆ្នាំ","_[other]":"ក្នុង​ពេល {{value}} ឆ្នាំ"},"minutes-ago-short":{"_":"{[ plural(value) ]}","_[zero]":"អម្បាញ់មិញនេះ","_[other]":"{{value}}នាទី​មុន"},"hours-ago-short":{"_":"{[ plural(value) ]}","_[zero]":"អម្បាញ់មិញនេះ","_[other]":"{{value}}ម៉ោង​មុន"},"days-ago-short":{"_":"{[ plural(value) ]}","_[zero]":"ថ្ងៃ​នេះ","_[other]":"{{value}}ថ្ងៃ​មុន"},"minutes-until-short":{"_":"{[ plural(value) ]}","_[zero]":"ឥឡូវ","_[other]":"ក្នុង​ពេល {{value}}នាទី"},"hours-until-short":{"_":"{[ plural(value) ]}","_[zero]":"ឥឡូវ","_[other]":"ក្នុង​ពេល {{value}}ម៉ោង"},"days-until-short":{"_":"{[ plural(value) ]}","_[zero]":"ថ្ងៃ​នេះ","_[other]":"ក្នុង​ពេល {{value}}ថ្ងៃ"},"incorrectDate":{"_":"(កាលបរិច្ឆេទ​មិន​ត្រឹមត្រូវ)"},"dateTimeFormat_%c":{"_":"%a %b %e %Y %I:%M:%S %p"},"dateTimeFormat_%x":{"_":"%m/%d/%Y"},"dateTimeFormat_%X":{"_":"%I:%M:%S %p"},"shortTimeFormat":{"_":"%I:%M %p"},"shortDateTimeFormat":{"_":"%x %I:%M %p"},"weekStartsOnMonday":{"_":"0"},"time_am":{"_":"ព្រឹក"},"time_pm":{"_":"PM"},"perm-contacts":{"_":"ទំនាក់ទំនង"},"perm-contacts-appRequest":{"_":"{{app}} ចង់​ចូល​​ដំណើរការ​​បញ្ជី​ទំនាក់ទំនង​របស់​អ្នក។"},"perm-contacts-webRequest":{"_":"{{site}} ចង់​ចូល​​ដំណើរការ​បញ្ជី​ទំនាក់ទំនង​របស់​អ្នក។"},"perm-desktop-notification":{"_":"ការ​ជូនដំណឹង"},"perm-desktop-notification-appRequest":{"_":"{{app}} ចង់​បង្ហាញ​ការ​ជូន​ដំណឹង។"},"perm-desktop-notification-webRequest":{"_":"{{site}} ចង់​បង្ហាញ​ការ​ជូន​ដំណឹង។"},"perm-device-storage-music":{"_":"កន្លែង​​​ផ្ទុក​តន្ត្រី"},"perm-device-storage-music-appRequest":{"_":"{{app}} ចង់​ចូល​ទៅ​កាន់​តន្ត្រី​របស់​អ្នក។"},"perm-device-storage-music-webRequest":{"_":"{{site}} ចង់​ចូល​ទៅ​កាន់​តន្ត្រី​របស់​អ្នក។"},"perm-device-storage-pictures":{"_":"កន្លែង​​​ផ្ទុក​រូបភាព"},"perm-device-storage-pictures-appRequest":{"_":"{{app}} ចង់​ចូល​​ទៅ​កាន់​​រូបភាព​របស់​អ្នក។"},"perm-device-storage-pictures-webRequest":{"_":"{{site}} ចង់​ចូល​ទៅ​កាន់​រូបភាព​របស់​អ្នក។"},"perm-device-storage-sdcard":{"_":"កន្លែង​ផ្ទុក​កាត​អង្គ​ចងចាំ"},"perm-device-storage-sdcard-appRequest":{"_":"{{app}} ចង់​ចូល​​ទៅ​កាន់​កាត​អង្គ​ចងចាំ​របស់​អ្នក។"},"perm-device-storage-sdcard-webRequest":{"_":"{{site}} ចង់​ចូល​​ទៅ​កាន់​កាត​អង្គ​ចងចាំ​របស់​អ្នក។"},"perm-device-storage-videos":{"_":"កន្លែង​ផ្ទុក​វីដេអូ"},"perm-device-storage-videos-appRequest":{"_":"{{app}} ចង់​ចូល​​ទៅ​កាន់​​វីដេអូ​របស់​អ្នក។"},"perm-device-storage-videos-webRequest":{"_":"{{site}} ចង់​ចូល​​ទៅ​កាន់​​វីដេអូ​របស់​អ្នក។"},"perm-fmradio":{"_":"វិទ្យុ FM"},"perm-fmradio-appRequest":{"_":"{{app}} ចង់​ប្រើ​វិទ្យុ FM ។"},"perm-fmradio-webRequest":{"_":"{{site}} ចង់​ប្រើ​វិទ្យុ FM ។"},"perm-geolocation":{"_":"ទីតាំង​ភូមិសាស្ដ្រ"},"perm-geolocation-appRequest":{"_":"{{app}} ចង់​ដឹង​ទីតាំង​របស់​អ្នក។"},"perm-geolocation-webRequest":{"_":"{{site}} ចង់​ដឹង​ទីតាំង​របស់​អ្នក។"},"perm-geolocation-more-info":{"_":"{{brandShortName}} ប្រើ​ទិន្នន័យ​ដូចជា GPS, Wi-Fi និង​បណ្ដាញ​ទិន្នន័យ​ចល័ត​ដែល​នៅ​ជិត​អ្នក ដើម្បី​ជួយ​កំណត់​ទីតាំង​ប្រហាក់ប្រហែល​របស់​អ្នក។ ទិន្នន័យ​ត្រូវ​បាន​ផ្ញើ​ទៅ Mozilla និង​អ្នក​ផ្ដល់​សេវាកម្ម​ផ្សេងៗ​ទៀត ហើយ​នឹង​ត្រូវ​បាន​ប្រើ​នៅ​ក្នុង​​កន្លែង​ផ្ទុក​​រួម​ដើម្បី​ធ្វើ​ឲ្យ​​​​មូលដ្ឋាន​ទិន្នន័យ​ទីតាំង​ទាំងនោះ​​ប្រសើរ​ឡើង។  ទិន្នន័យ​អាច​ត្រូវ​បាន​ផ្ទុក​នៅ​លើ​ឧបករណ៍​របស់​អ្នក និង​​ការ​ប្រមូល​ទិន្នន័យ​​អាច​កើត​មាន​ ទោះបី​នៅ​ពេល​​គ្មាន​កម្មវិធី​​កំពុង​ដំណើរការ​​ក៏​ដោយ។"},"perm-video-capture":{"_":"ម៉ាស៊ីន​ថត"},"perm-video-capture-appRequest":{"_":"តើ​អ្នក​ចង់​ចែករំលែក​ម៉ាស៊ីន​ថត​របស់​អ្នក​ជា​មួយ {{app}}?"},"perm-video-capture-webRequest":{"_":"តើ​អ្នក​ចង់​ចែករំលែក​ម៉ាស៊ីន​ថត​របស់​អ្នក​ជា​មួយ {{site}}?"},"perm-audio-capture":{"_":"មីក្រូហ្វូន"},"perm-audio-capture-appRequest":{"_":"តើ​អ្នក​ចង់​ចែករំលែក​មីក្រូហ្វូន​របស់​អ្នក​ជា​មួយ {{app}}?"},"perm-audio-capture-webRequest":{"_":"តើ​អ្នក​ចង់​ចែករំលែក​មីក្រូន​របស់​អ្នក​ជា​មួយ {{site}}?"},"perm-media-capture":{"_":"ម៉ាស៊ីន​ថត និង​មីក្រូហ្វូន"},"perm-media-capture-appRequest":{"_":"តើ​អ្នក​ចង់​ចែករំលែក​ម៉ាស៊ីន​ថត​ និងមីក្រូនហ្វូន​របស់​អ្នក​ជា​មួយ {{app}}?"},"perm-media-capture-webRequest":{"_":"តើ​អ្នកចង់​ចែករំលែក​ម៉ាស៊ីន​ថត និង​មីក្រូហ្វូន​របស់​អ្នក​ជា​មួយ {{site}}?"},"stopped_download_title":{"_":"បាន​បឈ្ឈប់​ការ​ទាញ​យក"},"stopped_download_message":{"_":"ការទាញ​យក​ត្រូវ​បាន​បញ្ឈប់។ ព្យាយាម​ទាញយក​ម្ដង​ទៀត?"},"stopped_download_left_button":{"_":"បោះបង់"},"stopped_download_right_button":{"_":"ព្យាយាម​ម្ដង​ទៀត"},"failed_download_title":{"_":"ការ​ទាញយក​បាន​បរាជ័យ"},"failed_download_message":{"_":"ការ​ទាញ​យក {{name}} បាន​បរាជ័យ។ ព្យាយាម​​ទាញ​យក​ម្ដង​ទៀត?"},"failed_download_left_button":{"_":"បោះបង់"},"failed_download_right_button":{"_":"ព្យាយាម​ម្ដង​ទៀត"},"stop_download_title":{"_":"បញ្ឈប់​ការ​ទាញ​យក"},"stop_download_message":{"_":"តើ​អ្នក​ប្រាកដ​ជា​ចង់​បញ្ឈប់​ការ​ទាញ​យ​ក?"},"stop_download_left_button":{"_":"ទេ"},"stop_download_right_button":{"_":"បាទ/ចាស"},"delete_download_title":{"_":"លុប"},"delete_download_message":{"_":"លុប {{name}}?"},"delete_download_left_button":{"_":"បោះបង់"},"delete_download_right_button":{"_":"​លុប​"},"delete_all_download_title":{"_":"លុប"},"delete_all_download_left_button":{"_":"បោះបង់"},"delete_all_download_right_button":{"_":"លុប"},"delete_all_download_message":{"_":"{[ plural(number) ]}","_[zero]":"គ្មាន​ឯកសារ​លុប?","_[one]":"គ្មាន​ឯកសារ​លុប?","_[two]":"លុប​ឯកសារ {{number}} ?","_[few]":"លុប​ឯកសារ {{number}} ?","_[many]":"លុប​ឯកសារ {{number}} ?","_[other]":"លុប​ឯកសារ {{number}} ?"},"unsupported_file_type_download_title":{"_":"មិន​អាច​បើក"},"unsupported_file_type_download_message":{"_":"មិន​មាន​កម្មវិធី​ដែល​អាច​បើក {{name}} ។ តើ​អ្នក​​ចង់​រក្សាទុក​ឯកសារ ឬ​លុប​វា?"},"unsupported_file_type_download_left_button":{"_":"រក្សាទុក​ឯកសារ"},"unsupported_file_type_download_right_button":{"_":"​លុប​"},"file_not_found_download_title":{"_":"រក​មិន​ឃើញ​ឯកសារ"},"file_not_found_download_message":{"_":"រក​មិន​ឃើញ​ឯកសារ​លើ​ឧបករណ៍"},"file_not_found_download_right_button":{"_":"យល់ព្រម"},"unmounted_sdcard_2_download_title":{"_":"កាត​អង្គ​ចងចាំ​កំពុង​ប្រើ"},"unmounted_sdcard_2_download_message":{"_":"ដក​ទូរស័ព្ទ"},"unmounted_sdcard_2_download_right_button":{"_":"យល់ព្រម"},"no_provider_download_title":{"_":"មិន​អាច​ចែករំលែក"},"no_provider_download_message":{"_":"រកមិន​ឃើញ​ក្រុមហ៊ុន​ផ្ដល់"},"no_provider_download_right_button":{"_":"យល់ព្រម"},"no_memory_download_title":{"_":"SD កាត​​ពេញ"},"no_memory_download_message":{"_":"មិន​មាន​បន្ទប់​ច្រើន​នៅ​លើ​ SD កាត​​របស់​អ្នក​ដើម្បី​រក្សាទុក​ការ​ទាញ​យក​របស់​អ្នក​ឡើយ។ សូម​លុប​ឯកសារ​មួយ​ចំនួន​ចេញ​មុន​ពេល​ចាប់ផ្ដើម​ទាញ​យក។"},"no_memory_download_right_button":{"_":"យល់ព្រម"},"no_sdcard_found_2_download_title":{"_":"រក​មិន​ឃើញ​កាត​អង្គ​ចងចាំ"},"no_sdcard_found_2_download_message":{"_":"បញ្ចូល​កាត​ទូរស័ព្ទ ឬ​ជ្រើស​មេឌៀ​លំនាំដើម​ជំនួស​ទីតាំង​ក្នុង​ការ​កំណត់"},"no_sdcard_found_2_download_right_button":{"_":"យល់ព្រម"},"file_open_error_download_title":{"_":"មិនអាច​បើក"},"file_open_error_download_message":{"_":"មាន​បញ្ហា​ក្នុង​ការ​បើក {{name}} ។ តើ​អ្នក​ចង់​រក្សាទុក​ឯកសារ ឬ​លុប​វា?"},"file_open_error_download_left_button":{"_":"រក្សាទុក​ឯកសារ"},"file_open_error_download_right_button":{"_":"​លុប​"},"restart_download_error":{"_":"មាន​កំហុស​ខណៈ​ដែល​ចាប់ផ្ដើម​ការ​ទាញយក​ឡើងវិញ។ សូម​ព្យាយាម​ទាញយក​ម្ដង​ទៀត។"},"no-downloads":{"_":"គ្មាន​ការ​ទាញ​យក​"},"percentage":{"_":"{{percentage}} %"},"partialResult":{"_":"{{partial}} នៃ {{total}}"},"summary":{"_":"{{date}} - {{status}}"},"download-stopped":{"_":"បាន​បញ្ឈប់"},"download-failed":{"_":"ការ​ទាញ​យក​បាន​បរាជ័យ"},"open_downloaded_file":{"_":"បើក​"},"share_downloaded_file":{"_":"ចែក​រំលែក"},"wallpaper_downloaded_file":{"_":"កំណត់​ជា​ផ្ទាំង​រូបភាព"},"ringtone_downloaded_file":{"_":"កំណត់​ជា​សំឡេង​រោទ៍"},"cancel_downloaded_file":{"_":"បោះបង់"},"sim-picker-dial-via-with-number":{"_":"ហៅ​លេខ {{ phoneNumber }} តាមរយៈ"},"sim-picker-select-sim":{"_":"ជ្រើស SIM"},"sim-picker-button":{"_":"SIM{{ n }}"},"sim-picker-button-default":{"_":"(លំនាំដើម)"}}