{"ok":{"_":"확인"},"back":{"_":"뒤로"},"help":{"_":"도움말"},"cancel":{"_":"취소"},"close":{"_":"닫기"},"skip":{"_":"건너뛰기"},"airplaneMode":{"_":"비행기 모드"},"searching":{"_":"검색 중…"},"noNetwork":{"_":"네트워크 없음"},"roaming":{"_":"{{operator}} (로밍)"},"emergencyCallsOnly":{"_":"비상 전화만 가능"},"emergencyCallsOnly-unknownSIMState":{"_":"(알 수 없는 SIM 상태)"},"emergencyCallsOnly-noSIM":{"_":"(SIM 없음)"},"emergencyCallsOnly-pinRequired":{"_":"(SIM PIN 필요)"},"emergencyCallsOnly-pukRequired":{"_":"(SIM PUK 필요)"},"emergencyCallsOnly-networkLocked":{"_":"(네트워크 잠김)"},"emergencyCallsOnly-serviceProviderLocked":{"_":"(서비스 제공자 잠김)"},"emergencyCallsOnly-corporateLocked":{"_":"(회사 잠김)"},"enterPIN":{"_":"PIN 입력"},"statusbarLabel":{"_":"{{date}}, {{operator}}"},"statusbarDateFormat":{"_":"%b %e일"},"notifications":{"_":"알림"},"clear-all":{"_":"모두 삭제"},"newVoicemails":{"_":"{[ plural(n) ]}","_[zero]":"새 보이스메일 없음","_[one]":"새 보이스메일 한 통","_[two]":"새 보이스메일 {{n}}통","_[few]":"새 보이스메일 {{n}}통","_[many]":"새 보이스메일 {{n}}통","_[other]":"새 보이스메일 {{n}}통"},"newVoicemailsUnknown":{"_":"새 보이스메일"},"dialNumber":{"_":"{{number}}로 걸기"},"deviceMenu":{"_":"폰"},"airplane":{"_":"비행기 모드 켜기"},"airplaneOff":{"_":"비행기 모드 끄기"},"silent":{"_":"진동 켜기"},"normal":{"_":"진동 끄기"},"restart":{"_":"다시 시작"},"power":{"_":"전원 끄기"},"asyncpanzoom":{"_":"앱 APZ 사용 안함"},"asyncpanzoomOff":{"_":"앱 APZ 사용"},"enableScreenReaderSteps":{"_":"스크린 리더를 사용하려면, 볼륨 올리기 및 낮추기 버튼을 번갈아 3회 이상 누르세요."},"disableScreenReaderSteps":{"_":"스크린 리더를 중지하려면, 볼륨 올리기 및 낮추기 버튼을 번갈아 3회 이상 누르세요."},"no-recent-apps":{"_":"최근 앱이 없음"},"yes":{"_":"예"},"no":{"_":"아니오"},"deny":{"_":"아니오"},"allow":{"_":"허용"},"dontshare-geolocation":{"_":"공유 안함"},"share-geolocation":{"_":"공유하기"},"dontshare-audio-capture":{"_":"공유 안함"},"share-audio-capture":{"_":"공유하기"},"dontshare-video-capture":{"_":"공유 안함"},"share-video-capture":{"_":"공유하기"},"dontshare-media-capture":{"_":"공유 안함"},"share-media-capture":{"_":"공유하기"},"device-front":{"_":"전면 카메라"},"device-back":{"_":"후면 카메라"},"remember-my-choice":{"_":"현재 설정 저장"},"more-info":{"_":"상세 정보"},"install-app":{"_":"{{name}}을 설치하시겠습니까?"},"size":{"_":"크기"},"author":{"_":"제작자"},"size-unknown":{"_":"알 수 없음"},"author-unknown":{"_":"알 수 없음"},"install":{"_":"설치"},"bytes":{"_":"바이트"},"kB":{"_":"kB"},"MB":{"_":"MB"},"GB":{"_":"GB"},"TB":{"_":"TB"},"PB":{"_":"PB"},"app-install-generic-error":{"_":"{{ appName }} 다운로드가 정지됨"},"app-install-download-failed":{"_":"{{ appName }} 다운로드 실패"},"app-install-install-failed":{"_":"{{ appName }} 설치 실패"},"cancelling-will-not-refund":{"_":"취소해도 구입액 환불은 되지 않습니다. 유로 컨텐츠의 환불은 원 판매자에서 제공합니다."},"apps-can-be-installed-later":{"_":"앱은 나중에 설치 원 출처에서도 설치할 수 있습니다."},"are-you-sure-you-want-to-cancel":{"_":"정말로 설치를 취소하시겠습니까?"},"cancel-install":{"_":"설치 취소"},"resume":{"_":"재개"},"continue":{"_":"계속"},"stopDownloading":{"_":"{{ app }}을 그만 다운로드하시겠습니까?"},"app-download-can-be-restarted":{"_":"다운로드는 나중에 다시 할 수 있습니다."},"app-download-stop-button":{"_":"그만 다운로드"},"not-enough-space":{"_":"공간이 얼마 없음"},"not-enough-space-message":{"_":"이 앱을 설치할 만큼 충분한 공간이 없습니다. 오래된 앱이나 미디어를 삭제해 남은 공간을 늘린 다음 원래 출처에서 다시 설치해 보십시오."},"app-install-success":{"_":"{{ appName }}가 설치됨"},"setup":{"_":"설정"},"ime-addkeyboards":{"_":"키보드 추가"},"later":{"_":"나중에"},"download":{"_":"다운로드"},"wantToDownload":{"_":"지금 업데이트를 다운로드하시겠습니까?"},"wantToInstall":{"_":"지금 업데이트를 설치하시겠습니까?"},"installNow":{"_":"지금 설치"},"notNow":{"_":"나중에 설치"},"downloadingUpdateMessage":{"innerHTML":"업데이트 다운로드 중… <span>{{ progress }} 다운로드함.</span>"},"downloadingAppMessage":{"_":"{{ appName }} 다운로드 중"},"downloadingAppProgressNoMax":{"_":"{{ progress }} 다운로드"},"downloadingAppProgressIndeterminate":{"_":"다운로드 중"},"downloadingAppProgress":{"_":"{{ progress }} / {{ max }} 다운로드"},"cancelAllDownloads":{"_":"다운로드 모두 취소"},"wantToCancelAll":{"_":"정말 진행 중 다운로드를 모두 취소하시겠습니까?"},"downloadError":{"_":"업데이트를 다운로드하는 중 오류가 발생했습니다."},"updateAvailableInfo":{"innerHTML":"{[ plural(n) ]}","innerHTML[one]":"업데이트가 {{ n }}개 있습니다. <span>자세히 알아보시려면 탭하세요.</span>","innerHTML[two]":"업데이트가 {{ n }}개 있습니다. <span>자세히 알아보시려면 탭하세요.</span>","innerHTML[few]":"업데이트가 {{ n }}개 있습니다. <span>자세히 알아보시려면 탭하세요.</span>","innerHTML[many]":"업데이트가 {{ n }}개 있습니다. <span>자세히 알아보시려면 탭하세요.</span>","innerHTML[other]":"업데이트가 {{ n }}개 있습니다. <span>자세히 알아보시려면 탭하세요.</span>"},"numberOfUpdates":{"_":"{[ plural(n) ]}","_[one]":"업데이트 {{ n }}개 있음","_[two]":"업데이트 {{ n }}개 있음","_[few]":"업데이트 {{ n }}개 있음","_[many]":"업데이트 {{ n }}개 있음","_[other]":"업데이트 {{ n }}개 있음"},"systemUpdate":{"_":"시스템 업데이트"},"systemUpdateReady":{"_":"시스템 업데이트 완료"},"required":{"_":"필요함"},"uncompressingMessage":{"innerHTML":"압축을 푸는 중… <span>몇 분 정도 걸릴 수 있습니다.</span>"},"downloadNoWifiWarning":{"_":"Wi-Fi를 쓸 수 없습니다. 현재 연결로 업데이트를 하면 추가적인 비용이 들 수 있습니다."},"downloadOfflineWarning":{"_":"활성화된 연결이 없습니다. 업데이트를 다운로드하기 위해서 네트워크에 연결해주십시오."},"downloadDataConnectionWarning":{"_":"Wi-Fi를 사용할 수 없을 때 데이터 통신을 통해 업데이트를 다운로드 합니다. 추가적인 데이터 요금이 발생할 수 있습니다."},"downloadUpdatesViaDataConnection":{"_":"데이터 통신을 통해서 다운로드 하시겠습니까?"},"downloadUpdatesViaDataConnectionMessage":{"_":"Wi-Fi를 사용할 수 없을 때 데이터 통신을 통해 업데이트를 다운로드 합니다. 데이터 통신을 사용하면 전화 사용이 일시 중단되거나 추가적인 데이터 요금이 발생할 수 있습니다."},"screenshotSaved":{"_":"갤러리에 스크린샷이 저장됨"},"screenshotFailed":{"_":"스크린샷을 저장하지 못함"},"screenshotNoSDCard":{"_":"메모리 카드를 찾지 못함"},"screenshotSDCardInUse":{"_":"메모리 카드가 사용 중임"},"screenshotSDCardLow":{"_":"메모리 카드에 남은 용량이 없음"},"emergency-call-button":{"_":"비상 전화"},"emergency-call":{"_":"비상 전화"},"unlock-a11y-button":{"ariaLabel":"잠금 풀기"},"camera-a11y-button":{"ariaLabel":"카메라"},"longDateFormat":{"_":"%B %e일 %A"},"softwareHomeButton":{"ariaLabel":"홈"},"login":{"_":"로그인"},"username":{"_":"사용자명"},"password":{"_":"암호"},"http-authentication-message":{"_":"{{host}}에서 “{{realm}}”라며 사용자명과 암호를 요청합니다."},"error-message":{"_":"앱을 제대로 읽어들이지 못함"},"error-title":{"_":"문제가 있는 앱"},"airplane-is-on":{"_":"비행기 모드가 켜져 있음"},"airplane-is-turned-on":{"_":"{{name}}은 네트워크 연결을 필요로 합니다. 설정의 비행기 모드를 끄고 Wi-Fi나 모바일 데이터 네트워크에 연결하십시오."},"server-not-found":{"_":"서버 없음"},"server-not-found-error":{"_":"{{name}}에서 서버를 찾을 수 없습니다."},"network-connection-unavailable":{"_":"네트워크 연결 없음"},"network-error":{"_":"{{name}}은 네트워크 연결을 필요로 합니다.  requires a network connection. Wi-Fi나 모바일 데이터 네트워크에 연결해 보십시오."},"unable-to-connect":{"_":"연결 중단"},"tap-to-retry":{"_":"탭하여 다시 실행"},"try-again":{"_":"다시 시도"},"select-time":{"_":"시간 선택"},"choose-option":{"_":"선택"},"choose-options":{"_":"선택"},"select-day":{"_":"날짜 선택"},"battery-almost-empty":{"_":"배터리가 거의 없음"},"add-to-home-screen":{"_":"홈 화면에 추가"},"crash-dialog2-os":{"_":"{{brandShortName}} 프로그램 중단에서 복구되었습니다."},"crash-dialog-app":{"_":"{{name}} 프로그램 중단"},"crash-dialog-message":{"_":"Mozilla에 프로그램 중단 관련 보고서를 보내 문제 수정에 도움을 주시겠습니까? (Wi-Fi로만 전달)"},"crash-info-link":{"_":"항목 보기"},"crash-always-report":{"_":"보고서 항상 보내기"},"crash-dont-send":{"_":"보내지 않음"},"crash-end":{"_":"보내기"},"crashReports":{"_":"문제 보고서"},"done":{"_":"완료"},"crash-reports-description-1":{"_":"문제 보고서에는 프로그램 중단 문제가 일어났을 때 당시 정보를 담을 수 있도록 자세한 상태와 기기 정보가 들어갑니다."},"crash-reports-description-2":{"_":"여기에는 열려있는 페이지와 앱, 양식이나 메시지에 입력한 텍스트, 최근 웹 방문 기록, 또는 실행한 앱에서 쓴 위치 정보가 들어있을 수 있습니다."},"crash-reports-description-3-start":{"_":"우리는 문제 보고서로 제품을 개선하는 데 이용합니다. 우리는 여러분의 정보를 다음에 설명되어 있는 대로 관리합니다:"},"crash-reports-description-3-privacy":{"_":"개인정보 보호 정책"},"crash-reports-description-3-end":{"_":"."},"crash-banner-os2":{"_":"{{brandShortName}}가 프로그램 중단에서 복구되었습니다."},"crash-banner-app":{"_":"{{name}} 프로그램 중단"},"crash-banner-report":{"_":"문제보고"},"bluetooth-sendingTitle":{"_":"블루투스 전송으로 보내는 중.."},"bluetooth-receivingTitle":{"_":"블루투스 전송으로 받는 중.."},"bluetooth-sending-progress":{"_":"블루투스 전송으로 보내는 중.."},"bluetooth-receiving-progress":{"_":"블루투스 전송으로 받는 중.."},"acceptFileTransfer":{"_":"블루투스 파일 전송을 허락하시겠습니까?"},"wantToReceiveFile":{"_":"{{deviceName}}이 {{fileName}}({{fileSize}}byte)을 전송하려 합니다."},"transfer-confirmation-title":{"_":"{{deviceName}}"},"transfer-confirmation-description":{"_":"전송 요구 사항을 검토해 주십시오."},"byteUnit-B":{"_":"B"},"byteUnit-KB":{"_":"KB"},"byteUnit-MB":{"_":"MB"},"byteUnit-GB":{"_":"GB"},"byteUnit-TB":{"_":"TB"},"byteUnit-PB":{"_":"PB"},"byteUnit-EB":{"_":"EB"},"byteUnit-ZB":{"_":"ZB"},"byteUnit-YB":{"_":"YB"},"fileSize":{"_":"{{size}}{{unit}}"},"transfer":{"_":"전송"},"cancelFileTransfer":{"_":"블루투스 파일 전송을 취소하시겠습니까?"},"transfer-has-started-title":{"_":"전송이 시작됨"},"transfer-has-started-description":{"_":"알림 서버에서 진행 상태 체크하기"},"transferFinished-sentSuccessful-title":{"_":"파일 보냄"},"transferFinished-receivedSuccessful-title":{"_":"파일 받음"},"transferFinished-sentFailed-title":{"_":"파일을 보내지 못함"},"transferFinished-receivedFailed-title":{"_":"파일을 받지 못함"},"transferReport-title":{"_":"전송 보고서"},"transferReport-description":{"_":"{{numSuccessful}} 전송은 성공했으나,  {{numUnsuccessful}} 파일은 아직 완료되지 않음"},"unknown-file":{"_":"알 수 없는 파일"},"unknown-device":{"_":"알 수 없는 장비"},"cannotOpenFile":{"_":"받은 파일 열 수 없음"},"unknownMediaTypeToOpen":{"_":"열 수 없는 모르는 미디어 형식:"},"cannotReceiveFile":{"_":"파일을 받을 수 없음"},"cannotGetStorageState":{"_":"기기 저장소 상태를 알 수 없음"},"sdcard-not-exist2":{"_":"메모리 카드가 없습니다. 메모리 카드를 넣으십시오."},"sdcard-in-use":{"_":"전화가 꽂혀있으면 블루투스를 쓸 수 없습니다. 파일을 받으려면 전화를 뽑으십시오."},"sdcard-no-space2":{"_":"전송을 완료할 수 없음: 메모리 카드가 가득 차 있습니다."},"unknown-error":{"_":"알 수 없는 오류"},"confirm":{"_":"확인"},"microphone-is-on":{"_":"마이크 켜짐"},"camera-is-on":{"_":"카메라 켜짐"},"media-is-on":{"_":"카메라와 마이크 켜짐"},"noSimCard":{"_":"SIM 카드 없음"},"simPin":{"_":"SIM PIN"},"pukCode":{"_":"PUK 코드"},"nckCode":{"_":"NCK 코드"},"cckCode":{"_":"CCK 코드"},"spckCode":{"_":"SPCK 코드"},"whatIsSimPin":{"_":"SIM PIN이 무엇입니까?"},"simPinIntro1":{"_":"SIM PIN은 SIM 카드가 통신망에 접속하는 것을 제한할 수 있습니다. 설정이 켜졌을 때, 재시작하면 SIM 카드가 포함된 장치에서 PIN 코드를 요청합니다."},"simPinIntro2":{"_":"SIM PIN은 기기의 잠금을 해제하는 암호와는 다릅니다."},"changeSimPin":{"_":"PIN 변경"},"pinTitle":{"_":"SIM PIN 입력"},"multiSIMpinTitle":{"_":"SIM {{n}} PIN 입력하기"},"pukTitle":{"_":"PUK 코드 입력"},"nckTitle":{"_":"NCK 코드 입력"},"cckTitle":{"_":"CCK 코드 입력"},"spckTitle":{"_":"SPCK 코드 입력"},"newpinTitle":{"_":"새 PIN"},"inputCodeRetriesLeft":{"_":"{[ plural(n) ]}","_[one]":"한번 남았습니다.","_[two]":"{{n}}번 남았습니다.","_[few]":"{{n}}번 남았습니다.","_[many]":"{{n}}번 남았습니다.","_[other]":"{{n}}번 남았습니다."},"pinErrorMsg":{"_":"PIN이 맞지 않습니다."},"pinAttemptMsg2":{"_":"{[ plural(n) ]}","_[one]":"SIM 카드가 잠기기 전까지 올바른 코드를 입력할 수 있는 마지막 기회입니다.","_[two]":"SIM 카드가 잠기기 전까지 올바른 코드를 입력할 수 있는 기회가 {{n}}번 남았습니다.","_[few]":"SIM 카드가 잠기기 전까지 올바른 코드를 입력할 수 있는 기회가 {{n}}번 남았습니다.","_[many]":"SIM 카드가 잠기기 전까지 올바른 코드를 입력할 수 있는 기회가 {{n}}번 남았습니다.","_[other]":"SIM 카드가 잠기기 전까지 올바른 코드를 입력할 수 있는 기회가 {{n}}번 남았습니다."},"pinLastChanceMsg":{"_":"PIN 코드를 입력할 수 있는 마지막 기회입니다. 그렇지 않으면, 이 SIM 카드를 사용하기 위해선 PUK 코드를 입력해야 합니다."},"simCardLockedMsg":{"_":"SIM 카드가 잠겼습니다."},"enterPukMsg":{"_":"SIM 카드를 사용하기 위해서는 PUK (Personal Unlocking Key) 코드를 입력하십시오. 더 알아보시려면 SIM 카드의 문서를 찾아보시거나 통신사에 연락해 보십시오."},"pukErrorMsg":{"_":"PUK 코드가 옳지 않습니다."},"pukAttemptMsg2":{"_":"{[ plural(n) ]}","_[one]":"SIM 카드를 완전히 사용할 수 없을 때까지 올바른 코드를 한번 입력하실 수 있습니다. 더 알아보시려면 SIM 카드의 문서를 찾아보시거나 통신사에 연락해 보십시오.","_[two]":"SIM 카드를 완전히 사용할 수 없을 때까지 올바른 코드를 {{n}}번 입력하실 수 있습니다. 더 알아보시려면 SIM 카드의 문서를 찾아보시거나 통신사에 연락해 보십시오.","_[few]":"SIM 카드를 완전히 사용할 수 없을 때까지 올바른 코드를 {{n}}번 입력하실 수 있습니다. 더 알아보시려면 SIM 카드의 문서를 찾아보시거나 통신사에 연락해 보십시오.","_[many]":"SIM 카드를 완전히 사용할 수 없을 때까지 올바른 코드를 {{n}}번 입력하실 수 있습니다. 더 알아보시려면 SIM 카드의 문서를 찾아보시거나 통신사에 연락해 보십시오.","_[other]":"SIM 카드를 완전히 사용할 수 없을 때까지 올바른 코드를 {{n}}번 입력하실 수 있습니다. 더 알아보시려면 SIM 카드의 문서를 찾아보시거나 통신사에 연락해 보십시오."},"pukLastChanceMsg":{"_":"PUK 코드를 입력할 수 있는 마지막 기회입니다. 만약 PUK 코드를 틀리신다면 SIM 카드를 완전히 사용할 수 없게 됩니다. 더 알아보시려면 SIM 카드의 문서를 찾아보시거나 통신사에 연락해 보십시오."},"newSimPinMsg":{"_":"PIN 만들기 (4~8자리 숫자)"},"confirmNewSimPinMsg":{"_":"새 PIN 확인"},"newPinErrorMsg":{"_":"PIN이 맞지 않습니다."},"nckErrorMsg":{"_":"NCK code가 옳지 않습니다."},"nckAttemptMsg2":{"_":"{[ plural(n) ]}","_[one]":"네트워크 잠금 해제 요청이 실패되었습니다. 올바른 코드를 입력할 수 있는 마지막 기회입니다. 더 알아보시려면 기기 문서를 찾아보시거나 통신사에 연락해 보십시오.","_[two]":"네트워크 잠금 해제 요청이 실패되었습니다. 올바른 코드를 입력할 수 있는 기회가 {{n}}번 남았습니다. 더 알아보시려면 기기 문서를 찾아보시거나 통신사에 연락해 보십시오.","_[few]":"네트워크 잠금 해제 요청이 실패되었습니다. 올바른 코드를 입력할 수 있는 기회가 {{n}}번 남았습니다. 더 알아보시려면 기기 문서를 찾아보시거나 통신사에 연락해 보십시오.","_[many]":"네트워크 잠금 해제 요청이 실패되었습니다. 올바른 코드를 입력할 수 있는 기회가 {{n}}번 남았습니다. 더 알아보시려면 기기 문서를 찾아보시거나 통신사에 연락해 보십시오.","_[other]":"네트워크 잠금 해제 요청이 실패되었습니다. 올바른 코드를 입력할 수 있는 기회가 {{n}}번 남았습니다. 더 알아보시려면 기기 문서를 찾아보시거나 통신사에 연락해 보십시오."},"nckLastChanceMsg":{"_":"네트워크 잠금 해제 요청이 실패되었습니다. 올바른 NCK 코드를 입력할 수 있는 마지막 기회입니다. 더 알아보시려면 기기 문서를 찾아보시거나 통신사에 연락해 보십시오."},"activity-pick":{"_":"다음 중 선택:"},"activity-view":{"_":"보기:"},"activity-test":{"_":"테스트:"},"activity-share":{"_":"공유:"},"activity-new":{"_":"만들기:"},"activity-open":{"_":"열기:"},"activity-save-bookmark":{"_":"북마크:"},"activity-record":{"_":"기록:"},"activity-browse":{"_":"찾아보기:"},"activity-configure":{"_":"설정:"},"activity-dial":{"_":"전화걸기:"},"persona-signin":{"_":"로그인"},"payment-flow":{"_":"구매"},"remoteDebuggerMessage":{"_":"원격 디버깅 연결 요청이 들어오는 것을 감지했습니다. 연결을 허용하시겠습니까?"},"fullscreen-request":{"_":"{{origin}}는 현재 전체 화면 표시 모드입니다."},"captive-wifi-available":{"_":"{{networkName}} 네트워크가 검색되었습니다. 연결하시겠습니까?"},"ceWarningtitle":{"_":"볼륨 경고"},"ceWarningcontent":{"_":"장시간 최고 볼륨으로 들을 경우 청각에 손상을 입을 수 있습니다."},"notification-powersaving-mode-on-title":{"_":"배터리 절약 모드"},"notification-powersaving-mode-on-description":{"_":"배터리 절약 모드가 켜져있습니다."},"low-device-storage":{"_":"여유 공간이 부족합니다.\n"},"free-space":{"_":"{[ plural(value) ]}","_[zero]":"남은 여유공간이 없습니다.","_[one]":"{{value}} {{unit}} 이하가 남았습니다.","_[two]":"{{value}} {{unit}} 이하가 남았습니다.","_[few]":"{{value}} {{unit}} 이하가 남았습니다.","_[many]":"{{value}} {{unit}} 이하가 남았습니다.","_[other]":"{{value}} {{unit}} 이하가 남았습니다."},"unknown-free-space":{"_":"남은 공간을 알 수 없습니다."},"system-alert":{"_":"시스템 알림"},"cb-channel":{"_":"채널 {{channel}}"},"icc-message-title":{"_":"망 사업자 메시지(SIM {{id}})"},"icc-confirmCall-defaultmessage":{"_":"{{number}}에 거시겠습니까?"},"icc-alertMessage-defaultmessage":{"_":"메시지 전송"},"icc-confirmMessage-defaultmessage":{"_":"메시지를 전송할까요?"},"icc-inputbox-title":{"_":"STK 쿼리(SIM {{id}})"},"emergency-callback-mode":{"_":"비상 전화 모드"},"emergency-callback-message":{"_":"비상 전화 모드이기 때문에 전화 걸기, 메시지 보내기 및  인터넷이 비활성화 되었습니다. 현재 모드를 끄시겠습니까?"},"cdma-record-info":{"_":"CDMA 기록 정보"},"ime-switching-title":{"_":"{{appName}}: {{name}}"},"ime-switching-tip":{"_":"탭해서 입력 모드 전환"},"layout-selection":{"_":"레이아웃 선택"},"shrinking-tip":{"_":"안으로 스윕 하고 공유합니다"},"download_started":{"_":"다운로드 시작"},"download_stopped":{"_":"다운로드 중단"},"download_downloading":{"_":"다운로드 중..."},"download_succeeded":{"_":"다운로드 완료"},"download_failed":{"_":"다운로드 실패"},"download_text_by_default":{"_":"{{name}}"},"download_downloading_text_2":{"_":"{{percentage}}% - {{name}}"},"search":{"_":"검색"},"search-or-type-address":{"placeholder":"검색어 또는 주소를 입력해 주세요."},"noSIMCardInHotspot":{"_":"SIM 카드가 빠졌거나 잘못 삽입되어 있어 핫스팟을 끕니다."},"brandShortName":{"_":"B2G OS"},"browserBrandShortName":{"_":"웹 브라우저"},"browserBrandFullName":{"_":"Mozilla 웹 브라우저"},"weekday-0-long":{"_":"일요일"},"weekday-1-long":{"_":"월요일"},"weekday-2-long":{"_":"화요일"},"weekday-3-long":{"_":"수요일"},"weekday-4-long":{"_":"목요일"},"weekday-5-long":{"_":"금요일"},"weekday-6-long":{"_":"토요일"},"weekday-0-short":{"_":"일"},"weekday-1-short":{"_":"월"},"weekday-2-short":{"_":"화"},"weekday-3-short":{"_":"수"},"weekday-4-short":{"_":"목"},"weekday-5-short":{"_":"금"},"weekday-6-short":{"_":"토"},"month-0-long":{"_":"1월"},"month-1-long":{"_":"2월"},"month-2-long":{"_":"3월"},"month-3-long":{"_":"4월"},"month-4-long":{"_":"5월"},"month-5-long":{"_":"6월"},"month-6-long":{"_":"7월"},"month-7-long":{"_":"8월"},"month-8-long":{"_":"9월"},"month-9-long":{"_":"10월"},"month-10-long":{"_":"11월"},"month-11-long":{"_":"12월"},"month-0-genitive":{"_":"1월"},"month-1-genitive":{"_":"2월"},"month-2-genitive":{"_":"3월"},"month-3-genitive":{"_":"4월"},"month-4-genitive":{"_":"5월"},"month-5-genitive":{"_":"6월"},"month-6-genitive":{"_":"7월"},"month-7-genitive":{"_":"8월"},"month-8-genitive":{"_":"9월"},"month-9-genitive":{"_":"10월"},"month-10-genitive":{"_":"11월"},"month-11-genitive":{"_":"12월"},"month-0-short":{"_":"1월"},"month-1-short":{"_":"2월"},"month-2-short":{"_":"3월"},"month-3-short":{"_":"4월"},"month-4-short":{"_":"5월"},"month-5-short":{"_":"6월"},"month-6-short":{"_":"7월"},"month-7-short":{"_":"8월"},"month-8-short":{"_":"9월"},"month-9-short":{"_":"10월"},"month-10-short":{"_":"11월"},"month-11-short":{"_":"12월"},"minutes-ago-long":{"_":"{[ plural(value) ]}","_[zero]":"지금","_[one]":"1분 전","_[two]":"{{value}}분 전","_[few]":"{{value}}분 전","_[many]":"{{value}}분 전","_[other]":"{{value}}분 전"},"hours-ago-long":{"_":"{[ plural(value) ]}","_[zero]":"지금","_[one]":"1시간 전","_[two]":"{{value}}시간 전","_[few]":"{{value}}시간 전","_[many]":"{{value}}시간 전","_[other]":"{{value}}시간 전"},"days-ago-long":{"_":"{[ plural(value) ]}","_[zero]":"오늘","_[one]":"어제","_[two]":"{{value}}일 전","_[few]":"{{value}}일 전","_[many]":"{{value}}일 전","_[other]":"{{value}}일 전"},"weeks-ago-long":{"_":"{[ plural(value) ]}","_[zero]":"이번 주","_[one]":"지난 주","_[two]":"{{value}}주 전","_[few]":"{{value}}주 전","_[many]":"{{value}}주 전","_[other]":"{{value}}주 전"},"months-ago-long":{"_":"{[ plural(value) ]}","_[zero]":"이번 달","_[one]":"지난 달","_[two]":"{{value}}개월 전","_[few]":"{{value}}개월 전","_[many]":"{{value}}개월 전","_[other]":"{{value}}개월 전"},"years-ago-long":{"_":"{[ plural(value) ]}","_[zero]":"올해","_[one]":"작년","_[two]":"{{value}}년 전","_[few]":"{{value}}년 전","_[many]":"{{value}}년 전","_[other]":"{{value}}년 전"},"minutes-until-long":{"_":"{[ plural(value) ]}","_[zero]":"지금","_[one]":"1분 후","_[two]":"{{value}}분 후","_[few]":"{{value}}분 후","_[many]":"{{value}}분 후","_[other]":"{{value}}분 후"},"hours-until-long":{"_":"{[ plural(value) ]}","_[zero]":"지금","_[one]":"한 시간 후","_[two]":"{{value}}시간 후","_[few]":"{{value}}시간 후","_[many]":"{{value}}시간 후","_[other]":"{{value}}시간 후"},"days-until-long":{"_":"{[ plural(value) ]}","_[zero]":"오늘","_[one]":"내일","_[two]":"{{value}}일 후","_[few]":"{{value}}일 후","_[many]":"{{value}}일 후","_[other]":"{{value}}일 후"},"weeks-until-long":{"_":"{[ plural(value) ]}","_[zero]":"이번 주","_[one]":"다음 주","_[two]":"{{value}}주 후","_[few]":"{{value}}주 후","_[many]":"{{value}}주 후","_[other]":"{{value}}주 후"},"months-until-long":{"_":"{[ plural(value) ]}","_[zero]":"이번 달","_[one]":"다음 달","_[two]":"{{value}}개월 후","_[few]":"{{value}}개월 후","_[many]":"{{value}}개월 후","_[other]":"{{value}}개월 후"},"years-until-long":{"_":"{[ plural(value) ]}","_[zero]":"올해","_[one]":"내년","_[two]":"{{value}}년 후","_[few]":"{{value}}년 후","_[many]":"{{value}}년 후","_[other]":"{{value}}년 후"},"minutes-ago-short":{"_":"{[ plural(value) ]}","_[zero]":"지금","_[other]":"{{value}}분 전"},"hours-ago-short":{"_":"{[ plural(value) ]}","_[zero]":"지금","_[other]":"{{value}}시간 전"},"days-ago-short":{"_":"{[ plural(value) ]}","_[zero]":"오늘","_[other]":"{{value}}일 전"},"minutes-until-short":{"_":"{[ plural(value) ]}","_[zero]":"지금","_[other]":"{{value}}분 후"},"hours-until-short":{"_":"{[ plural(value) ]}","_[zero]":"지금","_[other]":"{{value}}시간 후"},"days-until-short":{"_":"{[ plural(value) ]}","_[zero]":"오늘","_[other]":"{{value}}일 후"},"incorrectDate":{"_":"(잘못된 날짜)"},"dateTimeFormat_%c":{"_":"%Y년 %B %e일 %a %I:%M:%S %p"},"dateTimeFormat_%x":{"_":"%Y/%m/%d"},"dateTimeFormat_%X":{"_":"%I:%M:%S %p"},"shortTimeFormat":{"_":"%I:%M %p"},"shortDateTimeFormat":{"_":"%x %I:%M %p"},"weekStartsOnMonday":{"_":"0"},"time_am":{"_":"오전"},"time_pm":{"_":"오후"},"perm-contacts":{"_":"연락처"},"perm-contacts-appRequest":{"_":"{{app}}에서 연락처 목록에 접근하려 합니다."},"perm-contacts-webRequest":{"_":"{{site}}에서 연락처 목록에 접근하려 합니다."},"perm-desktop-notification":{"_":"알림"},"perm-desktop-notification-appRequest":{"_":"{{app}}에서 알림을 띄우려 합니다."},"perm-desktop-notification-webRequest":{"_":"{{site}}에서 알림을 띄우려 합니다."},"perm-device-storage-music":{"_":"음악 저장소"},"perm-device-storage-music-appRequest":{"_":"{{app}}에서 음악에 접근하려 합니다."},"perm-device-storage-music-webRequest":{"_":"{{site}}에서 음악에 접근하려 합니다."},"perm-device-storage-pictures":{"_":"이미지 저장소"},"perm-device-storage-pictures-appRequest":{"_":"{{app}}에서 이미지에 접근하려 합니다."},"perm-device-storage-pictures-webRequest":{"_":"{{site}}에서 이미지에 접근하려 합니다."},"perm-device-storage-sdcard":{"_":"메모리 카드 저장소"},"perm-device-storage-sdcard-appRequest":{"_":"{{app}}에서 메모리 카드에 접근하려 합니다."},"perm-device-storage-sdcard-webRequest":{"_":"{{site}}에서 메모리 카드에 접근하려 합니다."},"perm-device-storage-videos":{"_":"동영상 저장소"},"perm-device-storage-videos-appRequest":{"_":"{{app}}에서 동영상에 접근하려 합니다."},"perm-device-storage-videos-webRequest":{"_":"{{site}}에서 동영상에 접근하려 합니다."},"perm-fmradio":{"_":"FM 라디오"},"perm-fmradio-appRequest":{"_":"{{app}}에서 FM 라디오를 사용하려 합니다."},"perm-fmradio-webRequest":{"_":"{{site}}에서 FM 라디오를 사용하려 합니다."},"perm-geolocation":{"_":"위치 정보"},"perm-geolocation-appRequest":{"_":"{{app}}에서 위치를 공유하려고 합니다."},"perm-geolocation-webRequest":{"_":"{{site}}에서 위치를 공유하려고 합니다."},"perm-geolocation-more-info":{"_":"{{brandShortName}}는 GPS나 Wi-Fi 및 모바일 네트워크 등을 사용자의 대체적인 현재 위치 결정에 이용합니다. 이 데이터는 Mozilla와 다른 서비스 공급자에게 전송되고, 위치 정보 데이터베이스를 개선하기 위해 집계됩니다. 현재 데이터는 사용의 단말기에 저장되고 앱이 실행 중이 아닌 때에도 데이터가 수집될 수 있습니다."},"perm-video-capture":{"_":"카메라"},"perm-video-capture-appRequest":{"_":"{{app}}에서 카메라를 사용하시겠습니까?"},"perm-video-capture-webRequest":{"_":"{{site}}에서 카메라를 사용하시겠습니까?"},"perm-audio-capture":{"_":"마이크"},"perm-audio-capture-appRequest":{"_":"{{app}}에서 마이크를 사용하시겠습니까?"},"perm-audio-capture-webRequest":{"_":"{{site}}에서 마이크를 사용하시겠습니까?"},"perm-media-capture":{"_":"카메라와 마이크"},"perm-media-capture-appRequest":{"_":"{{app}}에서 카메라와 마이크를 사용하시겠습니까?"},"perm-media-capture-webRequest":{"_":"{{site}}에서 카메라와 마이크를 사용하시겠습니까?"},"stopped_download_title":{"_":"다운로드 중지"},"stopped_download_message":{"_":"다운로드가 중지되었습니다. 다시 시작하시겠습니까?"},"stopped_download_left_button":{"_":"취소"},"stopped_download_right_button":{"_":"다시 시도"},"failed_download_title":{"_":"다운로드 실패"},"failed_download_message":{"_":"{{name}} 다운로드에 실패했습니다. 다시 시작하시겠습니까?"},"failed_download_left_button":{"_":"취소"},"failed_download_right_button":{"_":"다시 시도"},"stop_download_title":{"_":"다운로드 중지"},"stop_download_message":{"_":"정말로 다운로드를 중단하시겠습니까?"},"stop_download_left_button":{"_":"아니요"},"stop_download_right_button":{"_":"예"},"delete_download_title":{"_":"삭제"},"delete_download_message":{"_":"{{name}}을 삭제하시겠습니까?"},"delete_download_left_button":{"_":"취소"},"delete_download_right_button":{"_":"삭제"},"delete_all_download_title":{"_":"삭제"},"delete_all_download_left_button":{"_":"취소"},"delete_all_download_right_button":{"_":"삭제"},"delete_all_download_message":{"_":"{[plural(number)]}","_[zero]":"파일을 삭제하지 않습니다","_[one]":"한 개의 파일을 삭제하시겠습니까?","_[two]":"{{number}}개의 파일을 삭제하시겠습니까?","_[few]":"{{number}}개의 파일을 삭제하시겠습니까?","_[many]":"{{number}}개의 파일을 삭제하시겠습니까?","_[other]":"{{number}}개의 파일을 삭제하시겠습니까?"},"unsupported_file_type_download_title":{"_":"데이터가 열리지 않음"},"unsupported_file_type_download_message":{"_":"{{name}}를 취급하는 앱이 없습니다. 파일을 저장 또는 삭제해 주십시오."},"unsupported_file_type_download_left_button":{"_":"파일 저장"},"unsupported_file_type_download_right_button":{"_":"삭제"},"file_not_found_download_title":{"_":"파일이 없음"},"file_not_found_download_message":{"_":"기기에 파일을 찾을 수 없습니다."},"file_not_found_download_right_button":{"_":"확인"},"unmounted_sdcard_2_download_title":{"_":"메모리 카드 사용 중"},"unmounted_sdcard_2_download_message":{"_":"USB 케이블을 뽑아 주십시오."},"unmounted_sdcard_2_download_right_button":{"_":"확인"},"no_provider_download_title":{"_":"공유 제공사 없음"},"no_provider_download_message":{"_":"공유 기능 제공사를 찾을 수 없습니다."},"no_provider_download_right_button":{"_":"확인"},"no_memory_download_title":{"_":"SD카드 용량 부족"},"no_memory_download_message":{"_":"SD카드에 다운로드한 파일을 저장하기 위한 용량이 부족합니다. 다운로드를 재개하기 전에 불필요한 파일을 삭제해 주십시오."},"no_memory_download_right_button":{"_":"확인"},"no_sdcard_found_2_download_title":{"_":"메모리 카드 없음"},"no_sdcard_found_2_download_message":{"_":"메모리 카드를 삽입하거나, 환경 설정에서 기존 미디어 위치를 선택하십시오."},"no_sdcard_found_2_download_right_button":{"_":"확인"},"file_open_error_download_title":{"_":"데이터를 열 수 없음"},"file_open_error_download_message":{"_":"{{name}}를 열때에 문제가 발생했습니다. 이를 파일에 저장 또는 삭제해 주십시오."},"file_open_error_download_left_button":{"_":"파일에 저장"},"file_open_error_download_right_button":{"_":"삭제"},"restart_download_error":{"_":"다운로드 재시작 중에 오류가 발생했습니다. 다운로드를 다시 시도해 주십시오."},"no-downloads":{"_":"다운로드 안함"},"percentage":{"_":"{{percentage}}%"},"partialResult":{"_":"{{partial}}/{{total}}"},"summary":{"_":"{{date}}-{{status}}"},"download-stopped":{"_":"다운로드 중지"},"download-failed":{"_":"다운로드 실패"},"open_downloaded_file":{"_":"열기"},"share_downloaded_file":{"_":"공유하기"},"wallpaper_downloaded_file":{"_":"배경 화면 설정"},"ringtone_downloaded_file":{"_":"벨소리 설정"},"cancel_downloaded_file":{"_":"취소"},"sim-picker-dial-via-with-number":{"_":"{{ phoneNumber }} 전화걸기-"},"sim-picker-select-sim":{"_":"SIM 선택"},"sim-picker-button":{"_":"SIM{{ n }}"},"sim-picker-button-default":{"_":"(기본)"}}