{"ok":{"_":"Gerai"},"back":{"_":"Atgal"},"help":{"_":"Žinynas"},"cancel":{"_":"Atsisakyti"},"close":{"_":"Užverti"},"skip":{"_":"Praleisti"},"airplaneMode":{"_":"Skrydžio veiksena"},"searching":{"_":"Ieškoma…"},"noNetwork":{"_":"Nerastas tinklas"},"roaming":{"_":"{{operator}} (tarptinklinis ryšys)"},"emergencyCallsOnly":{"_":"Tik pagalbos skambučiai"},"emergencyCallsOnly-unknownSIMState":{"_":"(nežinoma SIM būsena)"},"emergencyCallsOnly-noSIM":{"_":"(be SIM)"},"emergencyCallsOnly-pinRequired":{"_":"(reikalingas SIM PIN)"},"emergencyCallsOnly-pukRequired":{"_":"(reikalingas SIM PUK)"},"emergencyCallsOnly-networkLocked":{"_":"(„pririštas“ prie tinklo)"},"emergencyCallsOnly-serviceProviderLocked":{"_":"(„pririštas“ prie paslaugos teikėjo)"},"emergencyCallsOnly-corporateLocked":{"_":"(užrakintas įmonės)"},"enterPIN":{"_":"Įveskite PIN"},"statusbarLabel":{"_":"{{date}}, {{operator}}"},"statusbarDateFormat":{"_":"%b %e"},"notifications":{"_":"Pranešimai"},"clear-all":{"_":"Išvalyti"},"newVoicemails":{"_":"{[ plural(n) ]}","_[zero]":"Balso pranešimų nėra","_[one]":"{{n}} balso pranešimas","_[two]":"{{n}} balso pranešimai","_[few]":"{{n}} pašto pranešimai","_[many]":"{{n}} balso pranešimų","_[other]":"{{n}} balso pranešimų"},"newVoicemailsUnknown":{"_":"Yra balso pranešimų"},"dialNumber":{"_":"Skambinti {{number}}"},"deviceMenu":{"_":"Telefonas"},"airplane":{"_":"Įgalinti skrydžio veikseną"},"airplaneOff":{"_":"Išjungti skrydžio veikseną"},"silent":{"_":"Nutildyti skambučius"},"normal":{"_":"Grąžinti skambučių garsą"},"restart":{"_":"Perleisti"},"power":{"_":"Išjungti"},"asyncpanzoom":{"_":"Išjungti APZ programoms"},"asyncpanzoomOff":{"_":"Įjungti APZ programoms"},"enableScreenReaderSteps":{"_":"Jeigu norite įjungti ekrano skaitytuvą, spustelėkite pagarsinimo mygtuką, o tada tris kartus nutildymo mygtuką"},"disableScreenReaderSteps":{"_":"Jeigu norite išjungti ekrano skaityvuą, spustelėkite pagarsinimo mygtuką, o tada tris kartus nutildymo mygtuką"},"no-recent-apps":{"_":"Paskiausiai naudotų programų nėra"},"yes":{"_":"Taip"},"no":{"_":"Ne"},"deny":{"_":"Nepriimti"},"allow":{"_":"Leisti"},"dontshare-geolocation":{"_":"Neatskleisti"},"share-geolocation":{"_":"Atskleisti"},"dontshare-audio-capture":{"_":"Neleisti"},"share-audio-capture":{"_":"Leisti"},"dontshare-video-capture":{"_":"Neleisti"},"share-video-capture":{"_":"Leisti"},"dontshare-media-capture":{"_":"Neleisti"},"share-media-capture":{"_":"Leisti"},"device-front":{"_":"Kamera priekyje"},"device-back":{"_":"Kamera nugarėlėje"},"remember-my-choice":{"_":"Įsiminti pasirinkimą"},"more-info":{"_":"Išsamiau…"},"install-app":{"_":"Įdiegti „{{name}}“?"},"size":{"_":"Dydis"},"author":{"_":"Autorius"},"size-unknown":{"_":"nežinomas"},"author-unknown":{"_":"nežinomas"},"install":{"_":"Įdiegti"},"bytes":{"_":"B"},"kB":{"_":"KB"},"MB":{"_":"MB"},"GB":{"_":"GB"},"TB":{"_":"TB"},"PB":{"_":"PB"},"app-install-generic-error":{"_":"„{{ appName }}“ siuntimas sustojo"},"app-install-download-failed":{"_":"Parsiųsti „{{ appName }}“ nepavyko"},"app-install-install-failed":{"_":"Įdiegti „{{ appName }}“ nepavyko"},"cancelling-will-not-refund":{"_":"Nutraukus diegimą, už programą sumokėta suma nebus grąžinta. Grąžinimus už mokamą turinį vykdo pirminiai pardavėjai."},"apps-can-be-installed-later":{"_":"Programas iš pirminio šaltinio galima įdiegti ir vėliau."},"are-you-sure-you-want-to-cancel":{"_":"Ar tikrai norite nutraukti šį diegimą?"},"cancel-install":{"_":"Nutraukti diegimą"},"resume":{"_":"Tęsti"},"continue":{"_":"Tęsti"},"stopDownloading":{"_":"Nutraukti „{{ app }}“ parsiuntimą?"},"app-download-can-be-restarted":{"_":"Parsiuntimą galima pradėti iš naujo vėliau."},"app-download-stop-button":{"_":"Nutraukti parsiuntimą"},"not-enough-space":{"_":"Nepakanka vietos"},"not-enough-space-message":{"_":"Šiai programai įdiegti nepakanka vietos. Atlaisvinkite vietos, pašalindami nebenaudojamas programas, garso, ar vaizdo įrašus, ir iš naujo bandykite įdiegti programą iš pirminio šaltinio."},"app-install-success":{"_":"Programa „{{ appName }}“ įdiegta"},"setup":{"_":"Diegimas"},"ime-addkeyboards":{"_":"Pridėti klaviatūrų"},"later":{"_":"Vėliau"},"download":{"_":"Parsiųsti"},"wantToDownload":{"_":"Parsiųsti atnaujinimą dabar?"},"wantToInstall":{"_":"Įdiegti atnaujinimą dabar?"},"installNow":{"_":"Įdiegti"},"notNow":{"_":"Ne dabar"},"downloadingUpdateMessage":{"innerHTML":"Parsiunčiami naujinimai… <span>Parsiųsta {{ progress }}.</span>"},"downloadingAppMessage":{"_":"Parsiunčiama „{{ appName }}“"},"downloadingAppProgressNoMax":{"_":"Parsiųsta {{ progress }}"},"downloadingAppProgressIndeterminate":{"_":"Parsiunčiama"},"downloadingAppProgress":{"_":"Parsiųsta {{ progress }} iš {{ max }}"},"cancelAllDownloads":{"_":"Nutraukti visus parsiuntimus"},"wantToCancelAll":{"_":"Ar tikrai norite nutraukti visus parsiuntimus?"},"downloadError":{"_":"Parsiunčiant naujinimus, įvyko klaida."},"updateAvailableInfo":{"innerHTML":"{[ plural(n) ]}","innerHTML[one]":"Yra {{ n }} naujinimas. <span>Bakstelėkite išsamesnei informacijai.</span>","innerHTML[two]":"Yra {{ n }} naujinimai. <span>Bakstelėkite išsamesnei informacijai.</span>","innerHTML[few]":"Yra {{ n }} naujinimai. <span>Bakstelėkite išsamesnei informacijai.</span>","innerHTML[many]":"Yra {{ n }} naujinimų. <span>Bakstelėkite išsamesnei informacijai.</span>","innerHTML[other]":"Yra {{ n }} naujinimų. <span>Bakstelėkite išsamesnei informacijai.</span>"},"numberOfUpdates":{"_":"{[ plural(n) ]}","_[one]":"Yra {{ n }} naujinimas","_[two]":"Yra {{ n }} naujinimai","_[few]":"Yra {{ n }} naujinimai","_[many]":"Yra {{ n }} naujinimų","_[other]":"Yra {{ n }} naujinimų"},"systemUpdate":{"_":"Sistemos naujinimas"},"systemUpdateReady":{"_":"Parengtas sistemos naujinimas"},"required":{"_":"Būtinas"},"uncompressingMessage":{"innerHTML":"Išskleidžiama… <span>Tai gali trukti keletą minučių.</span>"},"downloadNoWifiWarning":{"_":"Belaidis tinklas nepasiekiamas. Parsiunčiant naujinimus esamu ryšiu, gali būti taikomi papildomi mokesčiai."},"downloadOfflineWarning":{"_":"Neprisijungta prie jokio ryšio. Norint siųsti naujinimus, būtina prisijungti."},"downloadDataConnectionWarning":{"_":"Kai belaidis tinklas nepasiekiamas, naujinimai siunčiami mobiliuoju ryšiu. Tokiu atveju gali būti taikomi papildomi mokesčiai už duomenų perdavimą."},"downloadUpdatesViaDataConnection":{"_":"Ar siųsti naujinimus mobiliuoju ryšiu?"},"downloadUpdatesViaDataConnectionMessage":{"_":"Kai belaidis tinklas nepasiekiamas, naujinimai siunčiami mobiliuoju ryšiu. Naudojant mobilųjį ryšį, gali būti blokuojami skambučiai ir taikomi papildomi mokesčiai."},"screenshotSaved":{"_":"Ekrano nuotrauka įrašyta"},"screenshotFailed":{"_":"Ekr. nuotrauka neįrašyta"},"screenshotNoSDCard":{"_":"Atminties kortelė neaptikta"},"screenshotSDCardInUse":{"_":"Atminties kortelė naudojama"},"screenshotSDCardLow":{"_":"Atminties kortelėje nepakanka vietos"},"emergency-call-button":{"_":"Pagalbos skambutis"},"emergency-call":{"_":"Pagalbos skambutis"},"unlock-a11y-button":{"ariaLabel":"Atrakinti"},"camera-a11y-button":{"ariaLabel":"Kamera"},"longDateFormat":{"_":"%A, %Eb %e d."},"softwareHomeButton":{"ariaLabel":"Pradžia"},"login":{"_":"Prisijungti"},"username":{"_":"Abonento vardas"},"password":{"_":"Slaptažodis"},"http-authentication-message":{"_":"Serveris {{host}} reikalauja abonento vardo ir slaptažodžio. Serverio pranešimas: „{{realm}}“"},"error-message":{"_":"Nepavyksta įkelti {{name}}"},"error-title":{"_":"Problema su {{name}}"},"airplane-is-on":{"_":"Įgalinta skrydžio veiksena"},"airplane-is-turned-on":{"_":"Prisijungimui prie {{name}} būtinas tinklo ryšys. Nuostatose išjunkite skrydžio veikseną ir prisijunkite prie belaidžio tinklo arba mobiliojo duomenų ryšio."},"server-not-found":{"_":"Serveris nerastas"},"server-not-found-error":{"_":"Serverio {{name}} rasti nepavyko."},"network-connection-unavailable":{"_":"Nėra tinklo ryšio"},"network-error":{"_":"{{name}} būtinas tinklo ryšys. Pabandykite prisijungti prie belaidžio tinklo arba mobiliojo duomenų ryšio."},"unable-to-connect":{"_":"Nepavyko prisijungti"},"tap-to-retry":{"_":"Bakstelėkite pakartotiniam bandymui"},"try-again":{"_":"Bandyti vėl"},"select-time":{"_":"Pasirinkite laiką"},"choose-option":{"_":"Pasirinkite"},"choose-options":{"_":"Pasirinkite"},"select-day":{"_":"Pasirinkite dieną"},"battery-almost-empty":{"_":"Baterija beveik išsikrovė"},"add-to-home-screen":{"_":"Įtraukti į Pradžios ekraną"},"crash-dialog2-os":{"_":"„{{brandShortName}}“ ką tik buvo strigusi"},"crash-dialog-app":{"_":"Programa „{{name}}“ ką tik strigo"},"crash-dialog-message":{"_":"Ar norėtumėte išsiųsti „Mozillai“ pranešimą apie šią strigtį ir padėti pašalinti šią problemą? Strigčių pranešimai siunčiami tik belaidžiu ryšiu."},"crash-info-link":{"_":"Kas patenka į strigties pranešimą?"},"crash-always-report":{"_":"Visada siųsti strigčių pranešimus „Mozillai“."},"crash-dont-send":{"_":"Nesiųsti"},"crash-end":{"_":"Siųsti pranešimą"},"crashReports":{"_":"Strigčių pranešimai"},"done":{"_":"Baigta"},"crash-reports-description-1":{"_":"Strigties pranešimą sudaro tam tikri duomenys apie įvykusią strigtį ir jūsų įrenginį, o taip pat įrenginio būsenos strigties akimirką atvaizdis."},"crash-reports-description-2":{"_":"Ši informacija gali aprėpti tokius dalykus kaip atverti tinklalapiai ir programos, į formų laukus įvestas tekstas, atvertų pranešimų turinys, paskiausia naršymo istorija ir atvertos programos naudoti duomenys apie gepgrafinę vietą."},"crash-reports-description-3-start":{"_":"Strigčių pranešimais mes naudojamės aptikdami ir taisydami klaidas, pasitaikančias mūsų produktuose. Kaip mes elgiamės su jūsų pateikta informacija, aprašyta mūsų "},"crash-reports-description-3-privacy":{"_":"privatumo nuostatuose"},"crash-reports-description-3-end":{"_":"."},"crash-banner-os2":{"_":"„{{brandShortName}}“ ką tik buvo strigusi."},"crash-banner-app":{"_":"Programa „{{name}}“ ką tik strigo."},"crash-banner-report":{"_":"Pranešti"},"bluetooth-sendingTitle":{"_":"Per „Bluetooth“ siunčiamas failas…"},"bluetooth-receivingTitle":{"_":"Per „Bluetooth“ priimamas failas…"},"bluetooth-sending-progress":{"_":"Per „Bluetooth“ siunčiamas failas…"},"bluetooth-receiving-progress":{"_":"Per „Bluetooth“ priimamas failas…"},"acceptFileTransfer":{"_":"Priimti failą per „Bluetooth“?"},"wantToReceiveFile":{"_":"Įrenginys „{{deviceName}}“ bando perduoti failą {{fileName}} ({{fileSize}})."},"transfer-confirmation-title":{"_":"{{deviceName}}"},"transfer-confirmation-description":{"_":"Peržiūrėti siuntimo užklausą."},"byteUnit-B":{"_":"B"},"byteUnit-KB":{"_":"KB"},"byteUnit-MB":{"_":"MB"},"byteUnit-GB":{"_":"GB"},"byteUnit-TB":{"_":"TB"},"byteUnit-PB":{"_":"PB"},"byteUnit-EB":{"_":"EB"},"byteUnit-ZB":{"_":"ZB"},"byteUnit-YB":{"_":"YB"},"fileSize":{"_":"{{size}} {{unit}}"},"transfer":{"_":"Priimti"},"cancelFileTransfer":{"_":"Nutraukti failo siuntimą per „Bluetooth“?"},"transfer-has-started-title":{"_":"Siuntimas pradėtas"},"transfer-has-started-description":{"_":"Siuntimo eigą galite stebėti Pranešimų centre"},"transferFinished-sentSuccessful-title":{"_":"Failas išsiųstas"},"transferFinished-receivedSuccessful-title":{"_":"Failas priimtas"},"transferFinished-sentFailed-title":{"_":"Failo išsiųsti nepavyko"},"transferFinished-receivedFailed-title":{"_":"Failo priimti nepavyko"},"transferReport-title":{"_":"Siuntimų ataskaita:"},"transferReport-description":{"_":"{{numSuccessful}} f. pavyko, {{numUnsuccessful}} f. nepavyko"},"unknown-file":{"_":"Nežinomas failas"},"unknown-device":{"_":"Nežinomas įrenginys"},"cannotOpenFile":{"_":"Nepavyko atverti priimtojo failo"},"unknownMediaTypeToOpen":{"_":"Nepavyko atverti nežinomo medijos tipo:"},"cannotReceiveFile":{"_":"Nepavyksta priimti failo"},"cannotGetStorageState":{"_":"Nepavyksta sužinoti įrenginio atmintinės būklės."},"sdcard-not-exist2":{"_":"Nerasta atminties kortelė. Įdėkite atminties kortelę."},"sdcard-in-use":{"_":"Kol šis įrenginys prijungtas prie kito, „Bluetooth“ ryšiu priimti failų negalima. Jeigu norite priimti failą (-us), atjunkite šį įrenginį nuo kitų."},"sdcard-no-space2":{"_":"Nepavyko priimti failo – atminties kortelė pilna."},"unknown-error":{"_":"Nežinoma klaida"},"confirm":{"_":"Patvirtinkite"},"microphone-is-on":{"_":"Mikrofonas įjungtas"},"camera-is-on":{"_":"Kamera įjungta"},"media-is-on":{"_":"Kamera ir mikrofonas įjungti"},"noSimCard":{"_":"Nėra SIM kortelės"},"simPin":{"_":"SIM PIN kodas"},"pukCode":{"_":"PUK kodas"},"nckCode":{"_":"NCK kodas"},"cckCode":{"_":"CCK kodas"},"spckCode":{"_":"SPCK kodas"},"whatIsSimPin":{"_":"Kas yra SIM PIN kodas?"},"simPinIntro1":{"_":"SIM PIN kodas apsaugo SIM kortelę nuo nesankcionuoto panaudojimo. Kai šio kodo reikalavimas įjungtas, bet kuris įrenginys, į kurį įdėsite SIM kortelę, įjungimo metu reikalaus įvesti PIN kodą."},"simPinIntro2":{"_":"SIM PIN kodas yra ne tas pats, kas įrenginio atrakinimo kodas."},"changeSimPin":{"_":"Keisti PIN kodą"},"pinTitle":{"_":"Įveskite SIM PIN kodą"},"multiSIMpinTitle":{"_":"Įveskite SIM {{n}} PIN kodą"},"pukTitle":{"_":"Įveskite PUK kodą"},"nckTitle":{"_":"Įveskite NCK kodą"},"cckTitle":{"_":"Įveskite CCK kodą"},"spckTitle":{"_":"Įveskite SPCK kodą"},"newpinTitle":{"_":"Naujas PIN kodas"},"inputCodeRetriesLeft":{"_":"{[ plural(n) ]}","_[one]":"Paskutinis bandymas.","_[two]":"Liko {{n}} bandymai.","_[few]":"Liko {{n}} bandymai.","_[many]":"Liko {{n}} bandymų.","_[other]":"Liko {{n}} bandymų."},"pinErrorMsg":{"_":"Įvestas neteisingas PIN kodas."},"pinAttemptMsg2":{"_":"{[ plural(n) ]}","_[one]":"Jums liko {{n}} bandymas įvesti teisingą PIN kodą. Jeigu suklysite, SIM kortelė užsirakins.","_[two]":"Jums liko {{n}} bandymai įvesti teisingą PIN kodą. Jeigu jie bus nesėkmingi, SIM kortelė užsirakins.","_[few]":"Jums liko {{n}} bandymai įvesti teisingą PIN kodą. Jeigu jie bus nesėkmingi, SIM kortelė užsirakins.","_[many]":"Jums liko {{n}} bandymų įvesti teisingą PIN kodą. Jeigu jie bus nesėkmingi, SIM kortelė užsirakins","_[other]":"Jums liko {{n}} bandymų įvesti teisingą PIN kodą. Jeigu jie bus nesėkmingi, SIM kortelė užsirakins."},"pinLastChanceMsg":{"_":"Tai – paskutinė galimybė įvesti teisingą PIN kodą. Jeigu dabar suklysite, norėdami toliau naudotis šia SIM kortele, turėsite įvesti jos PUK kodą."},"simCardLockedMsg":{"_":"SIM kortelė užrakinta."},"enterPukMsg":{"_":"Privalote įvesti šios SIM kortelės PUK kodą. Išsamesnės informacijos apie jį ieškokite kortelės dokumentacijoje arba susisiekę su savo mobiliojo ryšio operatoriumi."},"pukErrorMsg":{"_":"PUK kodas neteisingas."},"pukAttemptMsg2":{"_":"{[ plural(n) ]}","_[one]":"Jums liko {{n}} bandymas įvesti teisingą PUK kodą. Jeigu suklysite, SIM kortelė užsiblokuos visam laikui. Daugiau informacijos apie PUK kodą ieškokite kortelės dokumentacijoje arba susisiekę su savo mobiliojo ryšio operatoriumi.","_[two]":"Jums liko {{n}} bandymai įvesti teisingą PUK kodą. Jeigu jie bus nesėkmingi, SIM kortelė užsiblokuos visam laikui. Daugiau informacijos apie PUK kodą ieškokite kortelės dokumentacijoje arba susisiekę su savo mobiliojo ryšio operatoriumi.","_[few]":"Jums liko {{n}} bandymai įvesti teisingą PUK kodą. Jeigu jie bus nesėkmingi, SIM kortelė užsiblokuos visam laikui. Daugiau informacijos apie PUK kodą ieškokite kortelės dokumentacijoje arba susisiekę su savo mobiliojo ryšio operatoriumi.","_[many]":"Jums liko {{n}} bandymų įvesti teisingą PUK kodą. Jeigu jie bus nesėkmingi, SIM kortelė užsiblokuos visam laikui. Daugiau informacijos apie PUK kodą ieškokite kortelės dokumentacijoje arba susisiekę su savo mobiliojo ryšio operatoriumi.","_[other]":"Jums liko {{n}} bandymų įvesti teisingą PUK kodą. Jeigu jie bus nesėkmingi, SIM kortelė užsiblokuos visam laikui. Daugiau informacijos apie PUK kodą ieškokite kortelės dokumentacijoje arba susisiekę su savo mobiliojo ryšio operatoriumi."},"pukLastChanceMsg":{"_":"Tai – paskutinė galimybė įvesti teisingą PUK kodą. Jeigu dabar suklysite, jūsų SIM kortelė negrįžtamai užsiblokuos. Daugiau informacijos apie PUK kodą ieškokite kortelės dokumentacijoje arba susisiekę su savo mobiliojo ryšio operatoriumi."},"newSimPinMsg":{"_":"Įveskite naująjį PIN kodą (4–8 skaitmenis)"},"confirmNewSimPinMsg":{"_":"Patvirtinkite naująjį PIN kodą"},"newPinErrorMsg":{"_":"Įvesti PIN kodai nesutampa"},"nckErrorMsg":{"_":"NCK kodas neteisingas."},"nckAttemptMsg2":{"_":"{[ plural(n) ]}","_[one]":"Įrenginio „atrišti“ nuo tinklo nepavyko. Jums liko {{n}} bandymas įvesti teisingą NCK kodą. Daugiau informacijos apie šį kodą ieškokite įrenginio dokumentacijoje arba susisiekę su savo mobiliojo ryšio operatoriumi.","_[two]":"Įrenginio „atrišti“ nuo tinklo nepavyko. Jums liko {{n}} bandymai įvesti teisingą NCK kodą. Daugiau informacijos apie šį kodą ieškokite įrenginio dokumentacijoje arba susisiekę su savo mobiliojo ryšio operatoriumi.","_[few]":"Įrenginio „atrišti“ nuo tinklo nepavyko. Jums liko {{n}} bandymai įvesti teisingą NCK kodą. Daugiau informacijos apie šį kodą ieškokite įrenginio dokumentacijoje arba susisiekę su savo mobiliojo ryšio operatoriumi.","_[many]":"Įrenginio „atrišti“ nuo tinklo nepavyko. Jums liko {{n}} bandymų įvesti teisingą NCK kodą. Daugiau informacijos apie šį kodą ieškokite įrenginio dokumentacijoje arba susisiekę su savo mobiliojo ryšio operatoriumi.","_[other]":"Įrenginio „atrišti“ nuo tinklo nepavyko. Jums liko {{n}} bandymų įvesti teisingą NCK kodą. Daugiau informacijos apie šį kodą ieškokite įrenginio dokumentacijoje arba susisiekę su savo mobiliojo ryšio operatoriumi."},"nckLastChanceMsg":{"_":"Įrenginio „atrišti“ nuo tinklo nepavyko. Jums liko paskutinis bandymas įvesti teisingą NCK kodą. Daugiau informacijos apie šį kodą ieškokite įrenginio dokumentacijoje arba susisiekę su savo mobiliojo ryšio operatoriumi."},"activity-pick":{"_":"Pasirinkite iš:"},"activity-view":{"_":"Peržiūrėti naudojant:"},"activity-test":{"_":"Išbandyti naudojant:"},"activity-share":{"_":"Dalintis naudojant:"},"activity-new":{"_":"Kurti naudojant:"},"activity-open":{"_":"Atverti naudojant:"},"activity-save-bookmark":{"_":"Pridėti žymę į:"},"activity-record":{"_":"Įrašyti iš:"},"activity-browse":{"_":"Naršyti naudojant:"},"activity-configure":{"_":"Konfigūruoti naudojant:"},"activity-dial":{"_":"Skambinti naudojant:"},"persona-signin":{"_":"Prisijungti"},"payment-flow":{"_":"Pirkti"},"remoteDebuggerMessage":{"_":"Gauta užklausa leisti nuotolinį derinimą. Ar leisti užmegzti šį ryšį?"},"fullscreen-request":{"_":"{{origin}} rodoma visame ekrane."},"captive-wifi-available":{"_":"Aptiktas tinklas „{{networkName}}“. Ar jungtis prie jo?"},"ceWarningtitle":{"_":"Įspėjimas apie garsį"},"ceWarningcontent":{"_":"Kad išvengtumėte galimų klausos sutrikimų, neklausykite muzikos dideliu garsu ilgai."},"notification-powersaving-mode-on-title":{"_":"Energijos taupymo veiksena"},"notification-powersaving-mode-on-description":{"_":"Energijos taupymo veiksena įgalinta."},"low-device-storage":{"_":"Įrenginyje liko mažai laisvos vietos.\n"},"free-space":{"_":"{[ plural(value) ]}","_[zero]":"Neliko laisvos vietos.","_[one]":"Liko mažiau nei {{value}} {{unit}} laisvos vietos.","_[two]":"Liko mažiau nei {{value}} {{unit}} laisvos vietos.","_[few]":"Liko mažiau nei {{value}} {{unit}} laisvos vietos.","_[many]":"Liko mažiau nei {{value}} {{unit}} laisvos vietos.","_[other]":"Liko mažiau nei {{value}} {{unit}} laisvos vietos."},"unknown-free-space":{"_":"Likusios laisvos vietos kiekis nežinomas."},"system-alert":{"_":"Tinklo pranešimas"},"cb-channel":{"_":"Kanalas Nr. {{channel}}"},"icc-message-title":{"_":"Operatoriaus pranešimas (SIM {{id}})"},"icc-confirmCall-defaultmessage":{"_":"Skambinti {{number}}?"},"icc-alertMessage-defaultmessage":{"_":"Siunčiamas pranešimas"},"icc-confirmMessage-defaultmessage":{"_":"Siųsti pranešimą?"},"icc-inputbox-title":{"_":"STK užklausa (SIM {{id}})"},"emergency-callback-mode":{"_":"Grįžtamojo pagalbos skambučio veiksena"},"emergency-callback-message":{"_":"Skambinti, siųsti žinučių ar jungtis prie interneto šiuo metu negalite, nes įgalinta grįžtamojo pagalbos skambučio veiksena. Ar norite šią veikseną išjungti?"},"cdma-record-info":{"_":"CDMA įrašų informacija"},"ime-switching-title":{"_":"{{appName}}: {{name}}"},"ime-switching-tip":{"_":"Bakstelėkite įvesties metodui pakeisti"},"layout-selection":{"_":"Išdėstymo pasirinkimas"},"shrinking-tip":{"_":"Perbraukite dalijimuisi"},"download_started":{"_":"Parsiuntimas pradėtas"},"download_stopped":{"_":"Parsiuntimas sustabdytas"},"download_downloading":{"_":"Parsiunčiama…"},"download_succeeded":{"_":"Parsiuntimas baigtas"},"download_failed":{"_":"Parsiuntimas nepavyko"},"download_text_by_default":{"_":"{{name}}"},"download_downloading_text_2":{"_":"{{percentage}}% – {{name}}"},"search":{"_":"Ieškoti"},"search-or-type-address":{"placeholder":"Ieškokite arba įveskite adresą"},"noSIMCardInHotspot":{"_":"SIM kortelė neįdėta arba įdėta neteisingai. Išjunkite belaidžio tinklo prieigos tašką"},"brandShortName":{"_":"B2G OS"},"browserBrandShortName":{"_":"Saityno naršyklė"},"browserBrandFullName":{"_":"„Mozillos“ saityno naršyklė"},"weekday-0-long":{"_":"Sekmadienis"},"weekday-1-long":{"_":"Pirmadienis"},"weekday-2-long":{"_":"Antradienis"},"weekday-3-long":{"_":"Trečiadienis"},"weekday-4-long":{"_":"Ketvirtadienis"},"weekday-5-long":{"_":"Penktadienis"},"weekday-6-long":{"_":"Šeštadienis"},"weekday-0-short":{"_":"Sk"},"weekday-1-short":{"_":"Pr"},"weekday-2-short":{"_":"An"},"weekday-3-short":{"_":"Tr"},"weekday-4-short":{"_":"Kt"},"weekday-5-short":{"_":"Pn"},"weekday-6-short":{"_":"Št"},"month-0-long":{"_":"sausis"},"month-1-long":{"_":"vasaris"},"month-2-long":{"_":"kovas"},"month-3-long":{"_":"balandis"},"month-4-long":{"_":"gegužė"},"month-5-long":{"_":"birželis"},"month-6-long":{"_":"liepa"},"month-7-long":{"_":"rugpjūtis"},"month-8-long":{"_":"rugsėjis"},"month-9-long":{"_":"spalis"},"month-10-long":{"_":"lapkritis"},"month-11-long":{"_":"gruodis"},"month-0-genitive":{"_":"sausio"},"month-1-genitive":{"_":"vasario"},"month-2-genitive":{"_":"kovo"},"month-3-genitive":{"_":"balandžio"},"month-4-genitive":{"_":"gegužės"},"month-5-genitive":{"_":"birželio"},"month-6-genitive":{"_":"liepos"},"month-7-genitive":{"_":"rugpjūčio"},"month-8-genitive":{"_":"rugsėjo"},"month-9-genitive":{"_":"spalio"},"month-10-genitive":{"_":"lapkričio"},"month-11-genitive":{"_":"gruodžio"},"month-0-short":{"_":"Sau"},"month-1-short":{"_":"Vas"},"month-2-short":{"_":"Kov"},"month-3-short":{"_":"Bal"},"month-4-short":{"_":"Geg"},"month-5-short":{"_":"Bir"},"month-6-short":{"_":"Lie"},"month-7-short":{"_":"Rgp"},"month-8-short":{"_":"Rgs"},"month-9-short":{"_":"Spa"},"month-10-short":{"_":"Lap"},"month-11-short":{"_":"Grd"},"minutes-ago-long":{"_":"{[ plural(value) ]}","_[zero]":"ką tik","_[one]":"prieš {{value}} minutę","_[two]":"prieš {{value}} minutes","_[few]":"prieš {{value}} minutes","_[many]":"prieš {{value}} minučių","_[other]":"prieš {{value}} minučių"},"hours-ago-long":{"_":"{[ plural(value) ]}","_[zero]":"ką tik","_[one]":"prieš {{value}} valandą","_[two]":"prieš {{value}} valandas","_[few]":"prieš {{value}} valandas","_[many]":"prieš {{value}} valandų","_[other]":"prieš {{value}} valandų"},"days-ago-long":{"_":"{[ plural(value) ]}","_[zero]":"šiandien","_[one]":"vakar","_[two]":"prieš {{value}} dienas","_[few]":"prieš {{value}} dienas","_[many]":"prieš {{value}} dienų","_[other]":"prieš {{value}} dienų"},"weeks-ago-long":{"_":"{[ plural(value) ]}","_[zero]":"šią savaitę","_[one]":"praėjusią savaitę","_[two]":"prieš {{value}} savaites","_[few]":"prieš {{value}} savaites","_[many]":"prieš {{value}} savaičių","_[other]":"prieš {{value}} savaičių"},"months-ago-long":{"_":"{[ plural(value) ]}","_[zero]":"šį mėnesį","_[one]":"praėjusį mėnesį","_[two]":"prieš {{value}} mėnesius","_[few]":"prieš {{value}} mėnesius","_[many]":"prieš {{value}} mėnesių","_[other]":"prieš {{value}} mėnesių"},"years-ago-long":{"_":"{[ plural(value) ]}","_[zero]":"šiemet","_[one]":"prieš {{value}} metus","_[two]":"prieš {{value}} metus","_[few]":"prieš {{value}} metus","_[many]":"prieš {{value}} metų","_[other]":"prieš {{value}} metų"},"minutes-until-long":{"_":"{[ plural(value) ]}","_[zero]":"dabar","_[one]":"už {{value}} minutės","_[two]":"už {{value}} minučių","_[few]":"už {{value}} minučių","_[many]":"už {{value}} minučių","_[other]":"už {{value}} minučių"},"hours-until-long":{"_":"{[ plural(value) ]}","_[zero]":"dabar","_[one]":"už {{value}} valandos","_[two]":"už {{value}} valandų","_[few]":"už {{value}} valandų","_[many]":"už {{value}} valandų","_[other]":"už {{value}} valandų"},"days-until-long":{"_":"{[ plural(value) ]}","_[zero]":"šiandien","_[one]":"rytoj","_[two]":"už {{value}} dienų","_[few]":"už {{value}} dienų","_[many]":"už {{value}} dienų","_[other]":"už {{value}} dienų"},"weeks-until-long":{"_":"{[ plural(value) ]}","_[zero]":"šią savaitę","_[one]":"kitą savaitę","_[two]":"už {{value}} savaičių","_[few]":"už {{value}} savaičių","_[many]":"už {{value}} savaičių","_[other]":"už {{value}} savaičių"},"months-until-long":{"_":"{[ plural(value) ]}","_[zero]":"šį mėnesį","_[one]":"kitą mėnesį","_[two]":"už {{value}} mėnesių","_[few]":"už {{value}} mėnesių","_[many]":"už {{value}} mėnesių","_[other]":"už {{value}} mėnesių"},"years-until-long":{"_":"{[ plural(value) ]}","_[zero]":"šiemet","_[one]":"kitais metais","_[two]":"už {{value}} metų","_[few]":"už {{value}} metų","_[many]":"už {{value}} metų","_[other]":"už {{value}} metų"},"minutes-ago-short":{"_":"{[ plural(value) ]}","_[zero]":"ką tik","_[other]":"prieš {{value}} min."},"hours-ago-short":{"_":"{[ plural(value) ]}","_[zero]":"ką tik","_[other]":"prieš {{value}} val."},"days-ago-short":{"_":"{[ plural(value) ]}","_[zero]":"šiandien","_[other]":"prieš {{value}} d."},"minutes-until-short":{"_":"{[ plural(value) ]}","_[zero]":"dabar","_[other]":"už {{value}} min."},"hours-until-short":{"_":"{[ plural(value) ]}","_[zero]":"dabar","_[other]":"už {{value}} val."},"days-until-short":{"_":"{[ plural(value) ]}","_[zero]":"šiandien","_[other]":"už {{value}} d."},"incorrectDate":{"_":"(negalima data)"},"dateTimeFormat_%c":{"_":"%Y m. %Eb %e d. %H:%M:%S"},"dateTimeFormat_%x":{"_":"%Y-%m-%d"},"dateTimeFormat_%X":{"_":"%H:%M:%S"},"shortTimeFormat":{"_":"%H:%M"},"shortDateTimeFormat":{"_":"%x %H:%M"},"weekStartsOnMonday":{"_":"1"},"time_am":{"_":"priešpiet"},"time_pm":{"_":"popiet"},"perm-contacts":{"_":"Adresatai"},"perm-contacts-appRequest":{"_":"Programa „{{app}}“ prašo prieigos prie jūsų adresatų sąrašo."},"perm-contacts-webRequest":{"_":"Svetainė {{site}} prašo prieigos prie jūsų adresatų sąrašo."},"perm-desktop-notification":{"_":"Pranešimai"},"perm-desktop-notification-appRequest":{"_":"Programa „{{app}}“ prašo leidimo rodyti pranešimus."},"perm-desktop-notification-webRequest":{"_":"Svetainė {{site}} prašo leidimo rodyti pranešimus."},"perm-device-storage-music":{"_":"Muzikos talpykla"},"perm-device-storage-music-appRequest":{"_":"Programa „{{app}}“ prašo prieigos prie jūsų muzikos."},"perm-device-storage-music-webRequest":{"_":"Svetainė „{{site}}“ prašo prieigos prie jūsų muzikos."},"perm-device-storage-pictures":{"_":"Paveikslų talpykla"},"perm-device-storage-pictures-appRequest":{"_":"Programa „{{app}}“ prašo prieigos prie jūsų paveikslų."},"perm-device-storage-pictures-webRequest":{"_":"Svetainė {{site}} prašo prieigos prie jūsų paveikslų."},"perm-device-storage-sdcard":{"_":"Atminties kortelė"},"perm-device-storage-sdcard-appRequest":{"_":"Programa „{{app}}“ prašo prieigos prie jūsų atminties kortelės."},"perm-device-storage-sdcard-webRequest":{"_":"Svetainė {{site}} prašo prieigos prie jūsų atminties kortelės."},"perm-device-storage-videos":{"_":"Vaizdo įrašų talpykla"},"perm-device-storage-videos-appRequest":{"_":"Programa „{{app}}“ prašo prieigos prie jūsų vaizdo įrašų."},"perm-device-storage-videos-webRequest":{"_":"Svetainė {{site}} prašo prieigos prie jūsų vaizdo įrašų."},"perm-fmradio":{"_":"FM radijas"},"perm-fmradio-appRequest":{"_":"Programa „{{app}}“ prašo leidimo naudotis FM radijo imtuvu."},"perm-fmradio-webRequest":{"_":"Svetainė {{site}} prašo leidimo naudotis FM radijo imtuvu."},"perm-geolocation":{"_":"Geografinė vieta"},"perm-geolocation-appRequest":{"_":"Programa „{{app}}“ prašo atskleisti jūsų geografinę vietą."},"perm-geolocation-webRequest":{"_":"Svetainė {{site}} prašo atskleisti jūsų geografinę vietą."},"perm-geolocation-more-info":{"_":"„{{brandShortName}}“ jūsų buvimo vietai nustatyti naudoja duomenis, tokius, kaip GPS signalas ir pasiekiamų belaidžių bei mobiliojo ryšio tinklų sąrašas. Šie duomenys siunčiami „Mozillai“ ir jos paslaugų teikėjams ir, agregavus, yra naudojami geografinių vietų duomenų bazėms tobulinti. Šie duomenys gali būti saugomi jūsų įrenginyje ir kaupiami net tada, kai nėra paleistos jokios juos naudojančios programos."},"perm-video-capture":{"_":"Kamera"},"perm-video-capture-appRequest":{"_":"Ar suteiksite programai „{{app}}“ prieigą prie jūsų kameros?"},"perm-video-capture-webRequest":{"_":"Ar suteiksite svetainei {{site}} prieigą prie jūsų kameros?"},"perm-audio-capture":{"_":"Mikrofonas"},"perm-audio-capture-appRequest":{"_":"Ar suteiksite programai „{{app}}“ prieigą prie jūsų mikforono?"},"perm-audio-capture-webRequest":{"_":"Ar suteiksite svetainei {{site}} prieigą prie jūsų mikrofono?"},"perm-media-capture":{"_":"Kamera ir mikrofonas"},"perm-media-capture-appRequest":{"_":"Ar suteiksite programai „{{app}}“ prieigą prie jūsų kameros ir mikrofono?"},"perm-media-capture-webRequest":{"_":"Ar suteiksite svetainei {{site}} prieigą prie jūsų kameros ir mikrofono?"},"stopped_download_title":{"_":"Parsiuntimas sustabdytas"},"stopped_download_message":{"_":"Parsiuntimas sustabdytas. Ar bandyti siųsti iš naujo?"},"stopped_download_left_button":{"_":"Atsisakyti"},"stopped_download_right_button":{"_":"Bandyti iš naujo"},"failed_download_title":{"_":"Parsiuntimas nepavyko"},"failed_download_message":{"_":"Failo „{{name}}“ parsiųsti nepavyko. Ar bandyti siųsti iš naujo?"},"failed_download_left_button":{"_":"Atsisakyti"},"failed_download_right_button":{"_":"Bandyti iš naujo"},"stop_download_title":{"_":"Parsiuntimo stabdymas"},"stop_download_message":{"_":"Ar tikrai norite stabdyti šį parsiuntimą?"},"stop_download_left_button":{"_":"Ne"},"stop_download_right_button":{"_":"Taip"},"delete_download_title":{"_":"Šalinimas"},"delete_download_message":{"_":"Pašalinti „{{name}}“?"},"delete_download_left_button":{"_":"Atsisakyti"},"delete_download_right_button":{"_":"Šalinti"},"delete_all_download_title":{"_":"Šalinimas"},"delete_all_download_left_button":{"_":"Atsisakyti"},"delete_all_download_right_button":{"_":"Šalinti"},"delete_all_download_message":{"_":"{[ plural(number) ]}","_[zero]":"Šalinti nulį failų?","_[one]":"Pašalinti {{number}} failą?","_[two]":"Pašalinti {{number}} failus?","_[few]":"Pašalinti {{number}} failus?","_[many]":"Pašalinti {{number}} failų?","_[other]":"Pašalinti {{number}} failų?"},"unsupported_file_type_download_title":{"_":"Failo nepavyko atverti"},"unsupported_file_type_download_message":{"_":"Nerasta programa, galinti atverti failą „{{name}}“. Ar norite įrašyti šį failą, ar pašalinti jį?"},"unsupported_file_type_download_left_button":{"_":"Įrašyti"},"unsupported_file_type_download_right_button":{"_":"Šalinti"},"file_not_found_download_title":{"_":"Failas nerastas"},"file_not_found_download_message":{"_":"Failas šiame įrenginyje nerastas"},"file_not_found_download_right_button":{"_":"Gerai"},"unmounted_sdcard_2_download_title":{"_":"Atminties kortelė naudojama"},"unmounted_sdcard_2_download_message":{"_":"Atjunkite telefoną nuo kito įrenginio"},"unmounted_sdcard_2_download_right_button":{"_":"Gerai"},"no_provider_download_title":{"_":"Pasidalinti nepavyko"},"no_provider_download_message":{"_":"Neaptikta dalijimosi būdų"},"no_provider_download_right_button":{"_":"Gerai"},"no_memory_download_title":{"_":"Atminties kortelė pilna"},"no_memory_download_message":{"_":"Įdėtoje atminties kortelėje nebėra laisvos vietos šiam siuntiniui įrašyti. Pašalinkite dalį failų iš kortelės, tada bandykite siųstis iš naujo."},"no_memory_download_right_button":{"_":"Gerai"},"no_sdcard_found_2_download_title":{"_":"Neaptikta atminties kortelė"},"no_sdcard_found_2_download_message":{"_":"Įdėkite atminties kortelę arba nuostatose pasirinkite kitą atmintinę kaip pagrindinę medijai."},"no_sdcard_found_2_download_right_button":{"_":"Gerai"},"file_open_error_download_title":{"_":"Nepavyko atverti"},"file_open_error_download_message":{"_":"Iškilo problema, bandant atverti failą „{{name}}“. Ar norite įrašyti šį failą, ar pašalinti jį?"},"file_open_error_download_left_button":{"_":"Įrašyti"},"file_open_error_download_right_button":{"_":"Šalinti"},"restart_download_error":{"_":"Bandant iš naujo pradėti parsiuntimą, įvyko klaida. Bandykite failą parsiųsti iš naujo."},"no-downloads":{"_":"Parsiuntimų nėra"},"percentage":{"_":"{{percentage}} %"},"partialResult":{"_":"{{partial}} iš {{total}}"},"summary":{"_":"{{date}} – {{status}}"},"download-stopped":{"_":"Sustabdytas"},"download-failed":{"_":"Nepavyko parsiųsti"},"open_downloaded_file":{"_":"Atverti"},"share_downloaded_file":{"_":"Dalintis"},"wallpaper_downloaded_file":{"_":"Naudoti kaip ekrano foną"},"ringtone_downloaded_file":{"_":"Naudoti kaip skambučio garsą"},"cancel_downloaded_file":{"_":"Atsisakyti"},"sim-picker-dial-via-with-number":{"_":"Skambinti {{ phoneNumber }}, naudojant"},"sim-picker-select-sim":{"_":"Pasirinkite SIM kortelę"},"sim-picker-button":{"_":"SIM{{ n }}"},"sim-picker-button-default":{"_":"(numatytoji)"}}