{"ok":{"_":"Во ред"},"back":{"_":"Назад"},"help":{"_":"Помош"},"cancel":{"_":"Откажи"},"close":{"_":"Затвори"},"skip":{"_":"Прескокни"},"airplaneMode":{"_":"Авионски режим"},"searching":{"_":"Барам…"},"noNetwork":{"_":"Нема мрежа"},"roaming":{"_":"{{operator}} (Роаминг)"},"emergencyCallsOnly":{"_":"Само итни повици"},"emergencyCallsOnly-unknownSIMState":{"_":"(непозната состојба на SIM)"},"emergencyCallsOnly-noSIM":{"_":"(нема SIM)"},"emergencyCallsOnly-pinRequired":{"_":"(потребен е SIM PIN)"},"emergencyCallsOnly-pukRequired":{"_":"(потребен е SIM PUK)"},"emergencyCallsOnly-networkLocked":{"_":"(мрежата е заклучена)"},"emergencyCallsOnly-serviceProviderLocked":{"_":"(провајдерот на услуга е заклучен)"},"emergencyCallsOnly-corporateLocked":{"_":"(корпоративно заклучен)"},"enterPIN":{"_":"Внесете PIN"},"statusbarLabel":{"_":"{{date}}, {{operator}}"},"statusbarDateFormat":{"_":"%e %b"},"notifications":{"_":"Известувања"},"clear-all":{"_":"Исчисти сѐ"},"newVoicemails":{"_":"{[ plural(n) ]}","_[zero]":"Нема нови говорни пораки","_[one]":"Една нова говорна порака","_[two]":"{{n}} нови говорни пораки","_[few]":"{{n}} нови говорни пораки","_[many]":"{{n}} нови говорни пораки","_[other]":"{{n}} нови говорни пораки"},"newVoicemailsUnknown":{"_":"Нова говорна порака"},"dialNumber":{"_":"Сврти на {{number}}"},"deviceMenu":{"_":"Телефон"},"airplane":{"_":"Вклучи авионски режим"},"airplaneOff":{"_":"Исклучи авионски режим"},"silent":{"_":"Вклучи тивок режим"},"normal":{"_":"Исклучи тивок режим"},"restart":{"_":"Рестартирај"},"power":{"_":"Исклучи"},"asyncpanzoom":{"_":"Disable APZ for Apps"},"asyncpanzoomOff":{"_":"Enable APZ for Apps"},"enableScreenReaderSteps":{"_":"Да го овозможите читачот на екран, притиснете ги копчињата Зголеми гласност па Намали гласност уште три пати"},"disableScreenReaderSteps":{"_":"Да го оневозможите читачот на екран, притиснете ги копчињата Зголеми гласност па Намали гласност уште три пати"},"no-recent-apps":{"_":"Нема скорешни апликации"},"yes":{"_":"Да"},"no":{"_":"Не"},"deny":{"_":"Одбиј"},"allow":{"_":"Дозволи"},"dontshare-geolocation":{"_":"Не споделувај"},"share-geolocation":{"_":"Сподели"},"dontshare-audio-capture":{"_":"Не споделувај"},"share-audio-capture":{"_":"Сподели"},"dontshare-video-capture":{"_":"Не споделувај"},"share-video-capture":{"_":"Сподели"},"dontshare-media-capture":{"_":"Не споделувај"},"share-media-capture":{"_":"Сподели"},"device-front":{"_":"Предна камера"},"device-back":{"_":"Задна камера"},"remember-my-choice":{"_":"Памти го мојот избор"},"more-info":{"_":"Повеќе…"},"install-app":{"_":"Инсталирај {{name}}?"},"size":{"_":"Име"},"author":{"_":"Автор"},"size-unknown":{"_":"Unknown"},"author-unknown":{"_":"Непознат"},"install":{"_":"Инсталирај"},"bytes":{"_":"бајти"},"kB":{"_":"kB"},"MB":{"_":"MB"},"GB":{"_":"GB"},"TB":{"_":"TB"},"PB":{"_":"PB"},"app-install-generic-error":{"_":"{{ appName }} преземањето сопре"},"app-install-download-failed":{"_":"{{ appName }} преземањето не успеа"},"app-install-install-failed":{"_":"{{ appName }} инсталирањето не успеа"},"cancelling-will-not-refund":{"_":"Откажувњето не ја рефундира продажбата. Рефундирањето за платена содржина се добиваат од оригиналниот продавач."},"apps-can-be-installed-later":{"_":"Апликациите можат да се инсталираат подоцна од оригиналниот инсталациски извор."},"are-you-sure-you-want-to-cancel":{"_":"Сигурно сакате да ја откажете оваа инсталација?"},"cancel-install":{"_":"Откажи инсталација"},"resume":{"_":"Продолжи"},"continue":{"_":"Продолжи"},"stopDownloading":{"_":"Сопри со преземањето на {{ app }}?"},"app-download-can-be-restarted":{"_":"Преземањето може подоцна да биде рестартирано."},"app-download-stop-button":{"_":"Сопри преземање"},"not-enough-space":{"_":"Нема доволно место"},"not-enough-space-message":{"_":"Нема доволно место за да се инсталира оваа апликација. Ослободете место со бришење на некои податоци или апликации и инсталирајте повторно од оригиналниот извор."},"app-install-success":{"_":"{{ appName }} е инталирана"},"setup":{"_":"Setup"},"ime-addkeyboards":{"_":"Додај тастатури"},"later":{"_":"Подоцна"},"download":{"_":"Преземи"},"wantToDownload":{"_":"Преземи ја наградбата сега?"},"wantToInstall":{"_":"Инсталирај ја наградбата сега?"},"installNow":{"_":"Инсталирај сега"},"notNow":{"_":"Не сега"},"downloadingUpdateMessage":{"innerHTML":"Преземам надградби… <span>{{ progress }} преземени.</span>"},"downloadingAppMessage":{"_":"Се презема {{ appName }}"},"downloadingAppProgressNoMax":{"_":"{{ progress }} преземено"},"downloadingAppProgressIndeterminate":{"_":"Се презема"},"downloadingAppProgress":{"_":"{{ progress }} / {{ max }} преземено"},"cancelAllDownloads":{"_":"Откажи ги сите преземања"},"wantToCancelAll":{"_":"Сигурно сакате да ги откажете сите преземања?"},"downloadError":{"_":"Имаше грешка при преземањето на надградбите."},"updateAvailableInfo":{"innerHTML":"{[ plural(n) ]}","innerHTML[one]":"{{ n }} надградба достапна. <span>Допрете за повеќе информации.</span>","innerHTML[two]":"{{ n }} надградби достапни. <span>Допрете за повеќе информации.</span>","innerHTML[few]":"{{ n }} надградби достапни. <span>Допрете за повеќе информации.</span>","innerHTML[many]":"{{ n }} надградби достапни. <span>Допрете за повеќе информации.</span>","innerHTML[other]":"{{ n }} надградби достапни. <span>Допрете за повеќе информации.</span>"},"numberOfUpdates":{"_":"{[ plural(n) ]}","_[one]":"{{ n }} има достапна надградба","_[two]":"{{ n }} има достапни надградби","_[few]":"{{ n }} има достапни надградби","_[many]":"{{ n }} има достапни надградби","_[other]":"{{ n }} има достапни надградби"},"systemUpdate":{"_":"Системска надградба"},"systemUpdateReady":{"_":"Системската надградба е спремна"},"required":{"_":"Потребно"},"uncompressingMessage":{"innerHTML":"Отпакувам… <span>Ова може да потрае неколку минути.</span>"},"downloadNoWifiWarning":{"_":"Нема достапна Wi-Fi мрежа. Надградбата преку тековната врска може да предизвика дополнителни трошоци."},"downloadOfflineWarning":{"_":"Нема достапна интернет врска. Поврзете се на мрежа за да ги преземете надградбите."},"downloadDataConnectionWarning":{"_":"Надградбите се преземаат преку мобилен интернет кога наме достапна Wi-Fi мрежа. При тоа може да настанат дополнителни трошоци."},"downloadUpdatesViaDataConnection":{"_":"Преземи ги надградбите преку мобилен интернет?"},"downloadUpdatesViaDataConnectionMessage":{"_":"Надградбите се преземаат преку мобилен интернет кога наме достапна Wi-Fi мрежа. При тоа може да настанат дополнителни трошоци и да бидат блокирани повиците."},"screenshotSaved":{"_":"Сликата од екранот е снимена во галеријата"},"screenshotFailed":{"_":"Сликата од екранот не може да се сними"},"screenshotNoSDCard":{"_":"Не е пронајдена мемориска картичка"},"screenshotSDCardInUse":{"_":"Мемориската картичка е во употреба"},"screenshotSDCardLow":{"_":"Нема доволно место на мемориската картичка"},"emergency-call-button":{"_":"Итен повик"},"emergency-call":{"_":"Итен повик"},"unlock-a11y-button":{"ariaLabel":"Отклучи"},"camera-a11y-button":{"ariaLabel":"Камера"},"longDateFormat":{"_":"%A, %e %B"},"softwareHomeButton":{"ariaLabel":"Дома"},"login":{"_":"Пријави се"},"username":{"_":"Корисничко име"},"password":{"_":"Лозинка"},"http-authentication-message":{"_":"{{host}} бара корисничко име и лозинка. Местото вели: “{{realm}}”"},"error-message":{"_":"{{name}} не се вчитува правилно"},"error-title":{"_":"{{name}} има проблеми"},"airplane-is-on":{"_":"Вклучен е авионски режим"},"airplane-is-turned-on":{"_":"{{name}} бара мрежна врска. Исклучете го авионскиот режим во поставките и поврзете се на Wi-Fi или мобилна интернет врска."},"server-not-found":{"_":"Сервер не е пронајден"},"server-not-found-error":{"_":"Не може да се најде серверот на {{name}}."},"network-connection-unavailable":{"_":"Нема достапна мрежна врска"},"network-error":{"_":"{{name}} бара мрежна врска. Поврзете се на Wi-Fi или мобилна интернет врска."},"unable-to-connect":{"_":"Не може да се поврзе"},"tap-to-retry":{"_":"Притиснете за повторно"},"try-again":{"_":"Обидете се повторно"},"select-time":{"_":"Избери време"},"choose-option":{"_":"Избери"},"choose-options":{"_":"Избери"},"select-day":{"_":"Избери ден"},"battery-almost-empty":{"_":"Батеријата е речиси празна"},"add-to-home-screen":{"_":"Додај на домашноит екран"},"crash-dialog2-os":{"_":"{{brandShortName}} се врати од уривање"},"crash-dialog-app":{"_":"{{name}} се урна"},"crash-dialog-message":{"_":"Дали сакате да испратите извештај за уривањето до Mozilla и со тоа да помогнете да се поправи проблемот. (Извештаите секогаш се праќаат преку Wi-Fi.)"},"crash-info-link":{"_":"Што содржи извештајот за уривање?"},"crash-always-report":{"_":"Секогаш праќај извештај до Mozilla кога ќе се случи уривање."},"crash-dont-send":{"_":"Не праќај"},"crash-end":{"_":"Прати извештај"},"crashReports":{"_":"Извештаи за уривање"},"done":{"_":"Заврши"},"crash-reports-description-1":{"_":"Извештајот за уривање содржи некои детали за уривањето и за Вашиот уред, како и слика на состојбата на Вашиот уред во моментот кога тој се урнал."},"crash-reports-description-2":{"_":"Ова може да вклучи нешта како отворени страници и апликации, текст внесен во формулари и содржина н аотворени пораки, скорашна сурферска историја или местоположба од отворена апликација."},"crash-reports-description-3-start":{"_":"Ги користиме извештаите од уривањата за да ги поправиме проблемите и да ги подобиме нашите производи. Со Вашите податоци работиме онака како што е опишано во нашата"},"crash-reports-description-3-privacy":{"_":"политика за приватност"},"crash-reports-description-3-end":{"_":"."},"crash-banner-os2":{"_":"{{brandShortName}} штотуку се урна."},"crash-banner-app":{"_":"{{name}} штотуку се урна."},"crash-banner-report":{"_":"Извести"},"bluetooth-sendingTitle":{"_":"Испраќање на податоци преку блутут.."},"bluetooth-receivingTitle":{"_":"Примање на податоци преку блутут.."},"bluetooth-sending-progress":{"_":"Испраќање на податоци преку блутут.."},"bluetooth-receiving-progress":{"_":"Примање на податоци преку блутут.."},"acceptFileTransfer":{"_":"Прифати пренос преку блутут?"},"wantToReceiveFile":{"_":"{{deviceName}} сака да го пренесе {{fileName}} ({{fileSize}})."},"transfer-confirmation-title":{"_":"{{deviceName}}"},"transfer-confirmation-description":{"_":"Преглед на барањето за пренос."},"byteUnit-B":{"_":"бајти"},"byteUnit-KB":{"_":"KB"},"byteUnit-MB":{"_":"MB"},"byteUnit-GB":{"_":"GB"},"byteUnit-TB":{"_":"TB"},"byteUnit-PB":{"_":"PB"},"byteUnit-EB":{"_":"EB"},"byteUnit-ZB":{"_":"ZB"},"byteUnit-YB":{"_":"YB"},"fileSize":{"_":"{{size}} {{unit}}"},"transfer":{"_":"Прифати"},"cancelFileTransfer":{"_":"Откажи го преносот преку блутут?"},"transfer-has-started-title":{"_":"Преносот започна"},"transfer-has-started-description":{"_":"Проверете го напредокот во Центарот за известувања"},"transferFinished-sentSuccessful-title":{"_":"Датотеката е испратена"},"transferFinished-receivedSuccessful-title":{"_":"Датотеката е примена"},"transferFinished-sentFailed-title":{"_":"Датотеката не може да биде испратена"},"transferFinished-receivedFailed-title":{"_":"Датотеката не може да биде примена"},"transferReport-title":{"_":"Извештај за пренос:"},"transferReport-description":{"_":"{{numSuccessful}} датотеки успешно, {{numUnsuccessful}} датотеки неуспешно"},"unknown-file":{"_":"Непозната датотека"},"unknown-device":{"_":"Непознат уред"},"cannotOpenFile":{"_":"Примената датотека не може да се отвори"},"unknownMediaTypeToOpen":{"_":"Не може да се отвори непознат тип на медиум:"},"cannotReceiveFile":{"_":"Датотеката не може да се прими"},"cannotGetStorageState":{"_":"Не може да се добие состојбата на уредот за складирање"},"sdcard-not-exist2":{"_":"Не е пронајдена мемориска картичка. Ве молам внесете мемориска картичка."},"sdcard-in-use":{"_":"Блутутот не може да се користи додека телефонот е вклучен. Извадете го кабелот за да примате датотеки."},"sdcard-no-space2":{"_":"Не може да се комплетира преносот: мемориската картичка е полна."},"unknown-error":{"_":"Непозната грешка"},"confirm":{"_":"Потврди"},"microphone-is-on":{"_":"Микрофонот е вклучен"},"camera-is-on":{"_":"Камерата е вклучена"},"media-is-on":{"_":"Камерата и микрофонот се ВКЛУЧЕНИ"},"noSimCard":{"_":"Нема SIM картичка"},"simPin":{"_":"SIM PIN"},"pukCode":{"_":"PUK код"},"nckCode":{"_":"NCK код"},"cckCode":{"_":"CCK код"},"spckCode":{"_":"SPCK код"},"whatIsSimPin":{"_":"Што е SIM PIN?"},"simPinIntro1":{"_":"SIM PIN-от спречува пристап до SIM картичката за мобилни мрежи. Кога е овозможен, SIM картичката ќе побара PIN при секое рестартирање."},"simPinIntro2":{"_":"SIM PIN-от не е исто со кодот што се користи за отклучување на овој уред."},"changeSimPin":{"_":"Смени PIN"},"pinTitle":{"_":"Внеси SIM PIN"},"multiSIMpinTitle":{"_":"Внесете СИМ {{n}} ПИН"},"pukTitle":{"_":"Внеси PUK код"},"nckTitle":{"_":"Внеси NCK код"},"cckTitle":{"_":"Внеси CCK код"},"spckTitle":{"_":"Внеси SPCK код"},"newpinTitle":{"_":"Нов PIN"},"inputCodeRetriesLeft":{"_":"{[ plural(n) ]}","_[one]":"последен обид.","_[two]":"уште {{n}} обиди.","_[few]":"уште {{n}} обиди.","_[many]":"уште {{n}} обиди.","_[other]":"уште {{n}} обиди."},"pinErrorMsg":{"_":"Неточен PIN."},"pinAttemptMsg2":{"_":"{[ plural(n) ]}","_[one]":"Имате уште еден обид за да го внесете точниот код пред да се заклучи SIM картичката.","_[two]":"Имате уште {{n}} обиди за да го внесете точниот код пред да се заклучи SIM картичката.","_[few]":"Имате уште {{n}} обиди за да го внесете точниот код пред да се заклучи SIM картичката.","_[many]":"Имате уште {{n}} обиди за да го внесете точниот код пред да се заклучи SIM картичката.","_[other]":"Имате уште {{n}} обиди за да го внесете точниот код пред да се заклучи SIM картичката."},"pinLastChanceMsg":{"_":"Ова е Вашата последна шанса да внесете точен PIN код. Понатаму, ќе треба да го венсете Вашиот PUK код за да ја користите оваа SIM картичка"},"simCardLockedMsg":{"_":"SIM картичката е заклучена."},"enterPukMsg":{"_":"Мора да го внесете PUK кодот за SIM картичката. За повеќе информации погледајте ја документацијата за SIM картичката или контактирајте со Вашиот оператор."},"pukErrorMsg":{"_":"PUK кодот е погрешен."},"pukAttemptMsg2":{"_":"{[ plural(n) ]}","_[one]":"Имате уште еден обид за да го внесете точниот код пред SIM картичката да стане целосно неупотреблива. За повеќе информации погледајте ја документацијата за SIM картичката или контактирајте со Вашиот оператор.","_[two]":"Имате уште {{n}} обиди за да го внесете точниот код пред SIM картичката да стане целосно неупотреблива. За повеќе информации погледајте ја документацијата за SIM картичката или контактирајте со Вашиот оператор.","_[few]":"Имате уште {{n}} обиди за да го внесете точниот код пред SIM картичката да стане целосно неупотреблива. За повеќе информации погледајте ја документацијата за SIM картичката или контактирајте со Вашиот оператор.","_[many]":"Имате уште {{n}} обиди за да го внесете точниот код пред SIM картичката да стане целосно неупотреблива. За повеќе информации погледајте ја документацијата за SIM картичката или контактирајте со Вашиот оператор.","_[other]":"Имате уште {{n}} обиди за да го внесете точниот код пред SIM картичката да стане целосно неупотреблива. За повеќе информации погледајте ја документацијата за SIM картичката или контактирајте со Вашиот оператор."},"pukLastChanceMsg":{"_":"Полседна шанса да внесете точен PUK код. Вашата SIM картичка ќе тане целосно неупотреблива ако внесете погрешен код. За повеќе информации погледајте ја документацијата за SIM картичката или контактирајте со Вашиот оператор."},"newSimPinMsg":{"_":"Креирај PIN (мора да содржи 4-8 бројки)"},"confirmNewSimPinMsg":{"_":"Потврди нов PIN"},"newPinErrorMsg":{"_":"PIN-овите не се совпаѓаат."},"nckErrorMsg":{"_":"NCK кодот е неточен."},"nckAttemptMsg2":{"_":"{[ plural(n) ]}","_[one]":"Неуспешна мрежна деперсонализација. Имате уште еден обид за да го внесете точниот код. За повеќе информации погледајте ја документацијата за SIM картичката или контактирајте со Вашиот оператор.","_[two]":"Неуспешна мрежна деперсонализација. Имате уште еден обид за да го внесете точниот код. За повеќе информации погледајте ја документацијата за SIM картичката или контактирајте со Вашиот оператор.","_[few]":"Неуспешна мрежна деперсонализација. Имате уште {{n}} обиди за да го внесете точниот код. За повеќе информации погледајте ја документацијата за SIM картичката или контактирајте со Вашиот оператор.","_[many]":"Неуспешна мрежна деперсонализација. Имате уште {{n}} обиди за да го внесете точниот код. За повеќе информации погледајте ја документацијата за SIM картичката или контактирајте со Вашиот оператор.","_[other]":"Неуспешна мрежна деперсонализација. Имате уште {{n}} обиди за да го внесете точниот код. За повеќе информации погледајте ја документацијата за SIM картичката или контактирајте со Вашиот оператор."},"nckLastChanceMsg":{"_":"Неуспешна мрежна деперсонализација. Последна шанса за да го внесете точниот NCK код. За повеќе информации погледајте ја документацијата за SIM картичката или контактирајте со Вашиот оператор."},"activity-pick":{"_":"Избери од:"},"activity-view":{"_":"Види со:"},"activity-test":{"_":"Тестирај со:"},"activity-share":{"_":"Сподели со:"},"activity-new":{"_":"Создади со:"},"activity-open":{"_":"Отвори со:"},"activity-save-bookmark":{"_":"Обележи во:"},"activity-record":{"_":"Сними со:"},"activity-browse":{"_":"Разгледај со:"},"activity-configure":{"_":"Конфигурирај со:"},"activity-dial":{"_":"Сврти од:"},"persona-signin":{"_":"Пријави се"},"payment-flow":{"_":"Купи"},"remoteDebuggerMessage":{"_":"Пристигна барање за дозвола за дебагирање преку мрежа. Дозволи ја врската?"},"fullscreen-request":{"_":"{{origin}} сега е на цел екран."},"captive-wifi-available":{"_":"Пронајдена е мрежата {{networkName}}. Приклучи се на мрежата?"},"ceWarningtitle":{"_":"Предупредување за гласност"},"ceWarningcontent":{"_":"За да се заштите од оштетување на слухот, не слушајте гласни звуци во подолги периоди."},"notification-powersaving-mode-on-title":{"_":"Режим на штедење енергија"},"notification-powersaving-mode-on-description":{"_":"Вклучен е режим на штедење енергија."},"low-device-storage":{"_":"Слободниот простор на уредот е при крај.\n"},"free-space":{"_":"{[ plural(value) ]}","_[zero]":"Нема повеќе слободно место","_[one]":"Останува помалку од {{value}} {{unit}}.","_[two]":"Остануваат помалку од {{value}} {{unit}}.","_[few]":"Остануваат помалку од {{value}} {{unit}}.","_[many]":"Остануваат помалку од {{value}} {{unit}}.","_[other]":"Остануваат помалку од {{value}} {{unit}}."},"unknown-free-space":{"_":"Непознато колку простор преостанува."},"system-alert":{"_":"Системско предупредување"},"cb-channel":{"_":"Канал {{channel}}"},"icc-message-title":{"_":"Operator message from SIM {{id}}"},"icc-confirmCall-defaultmessage":{"_":"Јави се на {{number}}?"},"icc-alertMessage-defaultmessage":{"_":"Пораката се праќа"},"icc-confirmMessage-defaultmessage":{"_":"Прати порака?"},"icc-inputbox-title":{"_":"STK Query from SIM {{id}}"},"emergency-callback-mode":{"_":"Режим за итни повици"},"emergency-callback-message":{"_":"Не можете да правите повици, праќате пораки или да одите на интернет бидејќи е овозможен режимот за итни повратни повици е овозможен. Дали сакате да го исклучите?"},"cdma-record-info":{"_":"Информации за запис на CDMA"},"ime-switching-title":{"_":"{{appName}}: {{name}}"},"ime-switching-tip":{"_":"Допрете за промена на начинот на внесување"},"layout-selection":{"_":"Избор на распоред"},"shrinking-tip":{"_":"Повлечете за да споделите"},"download_started":{"_":"Започна преземање"},"download_stopped":{"_":"Прекина преземање"},"download_downloading":{"_":"Преземање…"},"download_succeeded":{"_":"Заврши преземање"},"download_failed":{"_":"Неуспеа преземање"},"download_text_by_default":{"_":"{{name}}"},"download_downloading_text_2":{"_":"{{percentage}}% - {{name}}"},"search":{"_":"Барај"},"search-or-type-address":{"placeholder":"Барајте или внесете адреса"},"noSIMCardInHotspot":{"_":"СИМ картичката не е присутна или внесена неправилно, па исклучете го Хотспот"},"brandShortName":{"_":"B2G OS"},"browserBrandShortName":{"_":"Прелистувач"},"browserBrandFullName":{"_":"Прелистувач на Mozilla"},"weekday-0-long":{"_":"Недела"},"weekday-1-long":{"_":"Понеделник"},"weekday-2-long":{"_":"Вторник"},"weekday-3-long":{"_":"Среда"},"weekday-4-long":{"_":"Четврток"},"weekday-5-long":{"_":"Петок"},"weekday-6-long":{"_":"Сабота"},"weekday-0-short":{"_":"Нед"},"weekday-1-short":{"_":"Пон"},"weekday-2-short":{"_":"Вто"},"weekday-3-short":{"_":"Сре"},"weekday-4-short":{"_":"Чет"},"weekday-5-short":{"_":"Пет"},"weekday-6-short":{"_":"Саб"},"month-0-long":{"_":"јануари"},"month-1-long":{"_":"февруари"},"month-2-long":{"_":"март"},"month-3-long":{"_":"април"},"month-4-long":{"_":"мај"},"month-5-long":{"_":"јуни"},"month-6-long":{"_":"јули"},"month-7-long":{"_":"август"},"month-8-long":{"_":"септември"},"month-9-long":{"_":"октомври"},"month-10-long":{"_":"ноември"},"month-11-long":{"_":"декември"},"month-0-genitive":{"_":"јануари"},"month-1-genitive":{"_":"февруари"},"month-2-genitive":{"_":"март"},"month-3-genitive":{"_":"април"},"month-4-genitive":{"_":"мај"},"month-5-genitive":{"_":"јуни"},"month-6-genitive":{"_":"јули"},"month-7-genitive":{"_":"август"},"month-8-genitive":{"_":"септември"},"month-9-genitive":{"_":"октомври"},"month-10-genitive":{"_":"ноември"},"month-11-genitive":{"_":"декември"},"month-0-short":{"_":"јан"},"month-1-short":{"_":"фев"},"month-2-short":{"_":"мар"},"month-3-short":{"_":"апр"},"month-4-short":{"_":"мај"},"month-5-short":{"_":"јун"},"month-6-short":{"_":"јул"},"month-7-short":{"_":"авг"},"month-8-short":{"_":"сеп"},"month-9-short":{"_":"окт"},"month-10-short":{"_":"ное"},"month-11-short":{"_":"дек"},"minutes-ago-long":{"_":"{[ plural(value) ]}","_[zero]":"сега","_[one]":"пред една минута","_[two]":"пред {{value}} минути","_[few]":"пред {{value}} минути","_[many]":"пред {{value}} минути","_[other]":"пред {{value}} минути"},"hours-ago-long":{"_":"{[ plural(value) ]}","_[zero]":"сега","_[one]":"пред еден час","_[two]":"пред {{value}} часа","_[few]":"пред {{value}} часа","_[many]":"пред {{value}} часови","_[other]":"пред {{value}} часови"},"days-ago-long":{"_":"{[ plural(value) ]}","_[zero]":"денес","_[one]":"вчера","_[two]":"пред {{value}} дена","_[few]":"пред {{value}} дена","_[many]":"пред {{value}} денови","_[other]":"пред {{value}} денови"},"weeks-ago-long":{"_":"{[ plural(value) ]}","_[zero]":"оваа недела","_[one]":"минатата недела","_[two]":"пред {{value}} недели","_[few]":"пред {{value}} недели","_[many]":"пред {{value}} недели","_[other]":"пред {{value}} недели"},"months-ago-long":{"_":"{[ plural(value) ]}","_[zero]":"овој месец","_[one]":"минатиот месец","_[two]":"пред {{value}} месеци","_[few]":"пред {{value}} месеци","_[many]":"пред {{value}} месеци","_[other]":"пред {{value}} месеци"},"years-ago-long":{"_":"{[ plural(value) ]}","_[zero]":"оваа година","_[one]":"минатата година","_[two]":"пред {{value}} години","_[few]":"пред {{value}} години","_[many]":"пред {{value}} години","_[other]":"пред {{value}} години"},"minutes-until-long":{"_":"{[ plural(value) ]}","_[zero]":"сега","_[one]":"за една минута","_[two]":"за {{value}} минути","_[few]":"за {{value}} минути","_[many]":"за {{value}} минути","_[other]":"за {{value}} минути"},"hours-until-long":{"_":"{[ plural(value) ]}","_[zero]":"сега","_[one]":"за еден час","_[two]":"за {{value}} часа","_[few]":"за {{value}} часа","_[many]":"за {{value}} часови","_[other]":"за {{value}} часови"},"days-until-long":{"_":"{[ plural(value) ]}","_[zero]":"денес","_[one]":"утре","_[two]":"за {{value}} дена","_[few]":"за {{value}} дена","_[many]":"за {{value}} денови","_[other]":"за {{value}} денови"},"weeks-until-long":{"_":"{[ plural(value) ]}","_[zero]":"оваа седмица","_[one]":"следната седмица","_[two]":"за {{value}} седмици","_[few]":"за {{value}} седмици","_[many]":"за {{value}} седмици","_[other]":"за {{value}} седмици"},"months-until-long":{"_":"{[ plural(value) ]}","_[zero]":"овој месец","_[one]":"следниот месец","_[two]":"за {{value}} месеци","_[few]":"за {{value}} месеци","_[many]":"за {{value}} месеци","_[other]":"за {{value}} месеци"},"years-until-long":{"_":"{[ plural(value) ]}","_[zero]":"оваа година","_[one]":"следната година","_[two]":"за {{value}} години","_[few]":"за {{value}} години","_[many]":"за {{value}} години","_[other]":"за {{value}} години"},"minutes-ago-short":{"_":"{[ plural(value) ]}","_[zero]":"сега","_[other]":"пред {{value}}m"},"hours-ago-short":{"_":"{[ plural(value) ]}","_[zero]":"сега","_[other]":"пред {{value}}h"},"days-ago-short":{"_":"{[ plural(value) ]}","_[zero]":"денес","_[other]":"пред {{value}}d"},"minutes-until-short":{"_":"{[ plural(value) ]}","_[zero]":"сега","_[other]":"за {{value}}m"},"hours-until-short":{"_":"{[ plural(value) ]}","_[zero]":"сега","_[other]":"за {{value}}h"},"days-until-short":{"_":"{[ plural(value) ]}","_[zero]":"денес","_[other]":"за {{value}}d"},"incorrectDate":{"_":"(неточен датум)"},"dateTimeFormat_%c":{"_":"%a %b %e %Y %H:%M:%S"},"dateTimeFormat_%x":{"_":"%d/%m/%Y"},"dateTimeFormat_%X":{"_":"%H:%M:%S"},"shortTimeFormat":{"_":"%H:%M"},"shortDateTimeFormat":{"_":"%x %H:%M"},"weekStartsOnMonday":{"_":"1"},"time_am":{"_":"AM"},"time_pm":{"_":"PM"},"perm-contacts":{"_":"Контакти"},"perm-contacts-appRequest":{"_":"{{app}} сака да има пристап до Вашиот адресар."},"perm-contacts-webRequest":{"_":"{{site}} сака да има пристап до Вашиот адресар."},"perm-desktop-notification":{"_":"Известувања"},"perm-desktop-notification-appRequest":{"_":"{{app}} сака да прикажува известувања."},"perm-desktop-notification-webRequest":{"_":"{{site}} сака да прикажува известувања."},"perm-device-storage-music":{"_":"Музичка библиотека"},"perm-device-storage-music-appRequest":{"_":"{{app}} сака да пристапи до Вашата музика."},"perm-device-storage-music-webRequest":{"_":"{{site}} сака да пристапи до Вашата музика."},"perm-device-storage-pictures":{"_":"Фото библиотека"},"perm-device-storage-pictures-appRequest":{"_":"{{app}} сака да пристапи до Вашите фотографии."},"perm-device-storage-pictures-webRequest":{"_":"{{site}} сака да пристапи до Вашите фотографии."},"perm-device-storage-sdcard":{"_":"Мемориска картичка"},"perm-device-storage-sdcard-appRequest":{"_":"{{app}} сака да пристапи до Вашата мемориска картичка."},"perm-device-storage-sdcard-webRequest":{"_":"{{site}} сака да пристапи до Вашата мемориска картичка."},"perm-device-storage-videos":{"_":"Видео библиотека"},"perm-device-storage-videos-appRequest":{"_":"{{app}} сака да пристапи до Вашите видеа."},"perm-device-storage-videos-webRequest":{"_":"{{site}} сака да пристапи до Вашите видеа."},"perm-fmradio":{"_":"FM радио"},"perm-fmradio-appRequest":{"_":"{{app}} сака да го користи FM радиото."},"perm-fmradio-webRequest":{"_":"{{site}} сака да го користи FM радиото."},"perm-geolocation":{"_":"Геолокација"},"perm-geolocation-appRequest":{"_":"{{app}} сака да ја знае Вашата местоположба."},"perm-geolocation-webRequest":{"_":"{{site}} сака да ја знае Вашата местоположба."},"perm-geolocation-more-info":{"_":"{{brandShortName}} ги користи GPS, Wi-Fi, и мобилните мрежи во близина за да ја одреди Вашата приближна местоположба. Податоци се испраќаат до Mozilla и други сервисни провајдери и ќе бидат искористени за подобрување на тие дата-бази на местоположба. Податоци може да бидат снимени на Вашиот уред и збирки на податоци може да се појават дури и кога нема апликации што работат."},"perm-video-capture":{"_":"Камера"},"perm-video-capture-appRequest":{"_":"Дали сакате да ја споделите Вашата камера со {{app}}?"},"perm-video-capture-webRequest":{"_":"Дали сакате да ја споделите Вашата камера со {{site}}?"},"perm-audio-capture":{"_":"Микрофон"},"perm-audio-capture-appRequest":{"_":"Дали сакате да го споделите Вашиот микрофон со {{app}}?"},"perm-audio-capture-webRequest":{"_":"Дали сакате да го споделите Вашиот микрофон со {{site}}?"},"perm-media-capture":{"_":"Камера и микрофон"},"perm-media-capture-appRequest":{"_":"Дали сакате да ги споделите Вашите камера и микрофон со {{app}}?"},"perm-media-capture-webRequest":{"_":"Дали сакате да ги споделите Вашите камера и микрофон со {{site}}?"},"stopped_download_title":{"_":"Преземањето се прекина"},"stopped_download_message":{"_":"Преземањето беше прекинато. Да се обидам повторно?"},"stopped_download_left_button":{"_":"Откажи"},"stopped_download_right_button":{"_":"Повторно"},"failed_download_title":{"_":"Преземањето не успеа"},"failed_download_message":{"_":"Преземањето на {{name}} не успеа. Да се обидам повторно?"},"failed_download_left_button":{"_":"Откажи"},"failed_download_right_button":{"_":"Повторно"},"stop_download_title":{"_":"Запри преземање"},"stop_download_message":{"_":"Сигурни сте дека сакате да го стопирам преземањето?"},"stop_download_left_button":{"_":"Не"},"stop_download_right_button":{"_":"Да"},"delete_download_title":{"_":"Избриши"},"delete_download_message":{"_":"Избриши {{name}}?"},"delete_download_left_button":{"_":"Откажи"},"delete_download_right_button":{"_":"Избриши"},"delete_all_download_title":{"_":"Избриши"},"delete_all_download_left_button":{"_":"Откажи"},"delete_all_download_right_button":{"_":"Избриши"},"delete_all_download_message":{"_":"{[ plural(number) ]}","_[zero]":"Без бришење на датотеки?","_[one]":"Избриши една датотека?","_[two]":"Избриши {{number}} датотеки?","_[few]":"Избриши {{number}} датотеки?","_[many]":"Избриши {{number}} датотеки?","_[other]":"Избриши {{number}} датотеки?"},"unsupported_file_type_download_title":{"_":"Не е можно да се отвори"},"unsupported_file_type_download_message":{"_":"Не постои апликација за отворање на {{name}}. Сакате да ја зачувате датотеката или да ја избришете?"},"unsupported_file_type_download_left_button":{"_":"Зачувај"},"unsupported_file_type_download_right_button":{"_":"Избриши"},"file_not_found_download_title":{"_":"Датотеката не постои"},"file_not_found_download_message":{"_":"Датотеката не постои на овој уред"},"file_not_found_download_right_button":{"_":"Во ред"},"unmounted_sdcard_2_download_title":{"_":"Мемориската картичка е во употреба"},"unmounted_sdcard_2_download_message":{"_":"Исклучете го кабел од телефонот"},"unmounted_sdcard_2_download_right_button":{"_":"Во ред"},"no_provider_download_title":{"_":"Не може да се сподели"},"no_provider_download_message":{"_":"Нема опслужувач"},"no_provider_download_right_button":{"_":"Во ред"},"no_memory_download_title":{"_":"Картичката е полна"},"no_memory_download_message":{"_":"На вашата картичка нема повеќе простор за да се сними преземањето. Избришете некои датотеки пред да преземате повторно."},"no_memory_download_right_button":{"_":"Во ред"},"no_sdcard_found_2_download_title":{"_":"Нема мемориска картичка"},"no_sdcard_found_2_download_message":{"_":"Внесете мемориска картичка или изберете алтернативно складиште за медии во Поставувања"},"no_sdcard_found_2_download_right_button":{"_":"Во ред"},"file_open_error_download_title":{"_":"Не може да се отвори"},"file_open_error_download_message":{"_":"Има проблем при отворањето на {{name}}. Сакате да ја зачувате или да ја избришете датотеката?"},"file_open_error_download_left_button":{"_":"Зачувај"},"file_open_error_download_right_button":{"_":"Избриши"},"restart_download_error":{"_":"Се случи грешка при рестартирањето на преземањето. Ве молам, обидете се повторно."},"no-downloads":{"_":"Нема преземања"},"percentage":{"_":"{{percentage}} %"},"partialResult":{"_":"{{partial}} од {{total}}"},"summary":{"_":"{{date}} - {{status}}"},"download-stopped":{"_":"Стопирано"},"download-failed":{"_":"Преземањето не успеа"},"open_downloaded_file":{"_":"Отвори"},"share_downloaded_file":{"_":"Сподели"},"wallpaper_downloaded_file":{"_":"Постави како тапет"},"ringtone_downloaded_file":{"_":"Постави како мелодија"},"cancel_downloaded_file":{"_":"Откажи"},"sim-picker-dial-via-with-number":{"_":"Сврти {{ phoneNumber }} од"},"sim-picker-select-sim":{"_":"Избери SIM"},"sim-picker-button":{"_":"SIM{{ n }}"},"sim-picker-button-default":{"_":"(default)"}}