{"ok":{"_":"OK"},"back":{"_":"Undur"},"help":{"_":"Bantuan"},"cancel":{"_":"Batal"},"close":{"_":"Tutup"},"skip":{"_":"Langkau"},"airplaneMode":{"_":"Mod pesawat"},"searching":{"_":"Mencari..."},"noNetwork":{"_":"Tiada rangkaian"},"roaming":{"_":"{{operator}} (Perayauan)"},"emergencyCallsOnly":{"_":"Panggilan kecemasan sahaja"},"emergencyCallsOnly-unknownSIMState":{"_":"(Keadaan SIM tidak diketahui)"},"emergencyCallsOnly-noSIM":{"_":"(tiada SIM)"},"emergencyCallsOnly-pinRequired":{"_":"(PIN SIM diperlukan)"},"emergencyCallsOnly-pukRequired":{"_":"(PUK SIM diperlukan)"},"emergencyCallsOnly-networkLocked":{"_":"(rangkaian dikunci)"},"emergencyCallsOnly-serviceProviderLocked":{"_":"(penyedia servis dikunci)"},"emergencyCallsOnly-corporateLocked":{"_":"(korporat dikunci)"},"enterPIN":{"_":"Masukkan PIN"},"statusbarLabel":{"_":"{{date}}, {{operator}}"},"statusbarDateFormat":{"_":"%b %e"},"notifications":{"_":"Pemberitahuan"},"clear-all":{"_":"Lapangkan semua"},"newVoicemails":{"_":"{[ plural(n) ]}","_[zero]":"Tiada mel suara baru","_[one]":"Satu mel suara baru","_[two]":"{{n}} mel suara baru","_[few]":"{{n}} mel suara baru","_[many]":"{{n}} mel suara baru","_[other]":"{{n}} mel suara baru"},"newVoicemailsUnknown":{"_":"Mel suara baru"},"dialNumber":{"_":"Dial {{number}}"},"deviceMenu":{"_":"Telefon"},"airplane":{"_":"Hidupkan mod pesawat"},"airplaneOff":{"_":"Matikan mod pesawat"},"silent":{"_":"Senyapkan panggilan masuk"},"normal":{"_":"Dering panggilan masuk"},"restart":{"_":"Ulang mula"},"power":{"_":"Tutup kuasa"},"asyncpanzoom":{"_":"Lumpuhkan APZ untuk App"},"asyncpanzoomOff":{"_":"Bolehkan APZ untuk App"},"enableScreenReaderSteps":{"_":"Untuk membolehkan pembaca skrin, tekan butang volum menaik kemudian menurun tiga kali lagi"},"disableScreenReaderSteps":{"_":"Untuk melumpuhkan pembaca skrin, tekan butang volum menaik kemudian volum menurun tiga kali lagi"},"no-recent-apps":{"_":"Tiada app kebelakangan"},"yes":{"_":"Ya"},"no":{"_":"Tidak"},"deny":{"_":"Nafi"},"allow":{"_":"Benarkan"},"dontshare-geolocation":{"_":"Jangan Kongsi"},"share-geolocation":{"_":"Kongsi"},"dontshare-audio-capture":{"_":"Jangan Kongsi"},"share-audio-capture":{"_":"Kongsi"},"dontshare-video-capture":{"_":"Jangan Kongsi"},"share-video-capture":{"_":"Kongsi"},"dontshare-media-capture":{"_":"Jangan Kongsi"},"share-media-capture":{"_":"Kongsi"},"device-front":{"_":"Kamera Depan"},"device-back":{"_":"Kamera Belakang"},"remember-my-choice":{"_":"Ingiti pilihan saya"},"more-info":{"_":"Info lanjut..."},"install-app":{"_":"Pasang {{name}}?"},"size":{"_":"Saiz"},"author":{"_":"Pengarang"},"size-unknown":{"_":"Tidak diketahui"},"author-unknown":{"_":"Tidak diketahui"},"install":{"_":"Pemasangan"},"bytes":{"_":"bait"},"kB":{"_":"KB"},"MB":{"_":"MB"},"GB":{"_":"GB"},"TB":{"_":"TB"},"PB":{"_":"PB"},"app-install-generic-error":{"_":"Muat turun {{ appName }} dihenti"},"app-install-download-failed":{"_":"Muat turun {{ appName }} gagal"},"app-install-install-failed":{"_":"Pemasangan {{ appName }} gagal"},"cancelling-will-not-refund":{"_":"Pembatalan tidak dapat memulangkan pembelian. Pemulangan kandungan yang telah dibeli disediakan oleh penjual asal."},"apps-can-be-installed-later":{"_":"App dapat dipasang kemudiannya daripada sumber pemasangan asal."},"are-you-sure-you-want-to-cancel":{"_":"Pastikah anda ingin batalkan pemasangan ini?"},"cancel-install":{"_":"Pembatalan Pemasangan"},"resume":{"_":"Sambung"},"continue":{"_":"Terus"},"stopDownloading":{"_":"Henti muat turun {{ app }}?"},"app-download-can-be-restarted":{"_":"Muat turun boleh diulang mula kemudia."},"app-download-stop-button":{"_":"Henti Muat turun"},"not-enough-space":{"_":"Tidak cukup ruang"},"not-enough-space-message":{"_":"Ruang tidak mencukupi untuk memasang app ini. Lapangkan ruang dengan menghapus app atau media lama, dan cuba lagi daripada sumber asal."},"app-install-success":{"_":"{{ appName }} dipasang"},"setup":{"_":"Penetapan"},"ime-addkeyboards":{"_":"Tambah papan kekunci"},"later":{"_":"Kemudian"},"download":{"_":"Muat turun"},"wantToDownload":{"_":"Muat turun kemaskini sekarang?"},"wantToInstall":{"_":"Pasang kemaskini sekarang?"},"installNow":{"_":"Pasang Sekarang"},"notNow":{"_":"Bukan Sekarang"},"downloadingUpdateMessage":{"innerHTML":"Muat turun kemaskini... <span>{{ progress}} dimaut turun.</span>"},"downloadingAppMessage":{"_":"Memuat turun {{ appName }}"},"downloadingAppProgressNoMax":{"_":"{{ progress }} dimuat turun"},"downloadingAppProgressIndeterminate":{"_":"Memuat turun"},"downloadingAppProgress":{"_":"{{ progress }} / {{ max }} dimuat turun"},"cancelAllDownloads":{"_":"Batal semua muat turun"},"wantToCancelAll":{"_":"Pastikah anda untuk membatalkan semua muat turun?"},"downloadError":{"_":"Terdapat ralat ketika memuat turun kemaskini."},"updateAvailableInfo":{"innerHTML":"{[ plural(n) ]}","innerHTML[one]":"{{ n }} kemaskini tersedia. <span>Tap untuk info lanjut.</span>","innerHTML[two]":"{{ n }} kemaskini tersedia. <span>Tap untuk info lanjut.</span>","innerHTML[few]":"{{ n }} kemaskini tersedia. <span>Tap untuk info lanjut.</span>","innerHTML[many]":"{{ n }} kemaskini tersedia. <span>Tap untuk info lanjut.</span>","innerHTML[other]":"{{ n }} kemaskini tersedia. <span>Tap untuk info lanjut.</span>"},"numberOfUpdates":{"_":"{[ plural(n) ]}","_[one]":"{{ n }} kemaskini tersedia","_[two]":"{{ n }} kemaskini tersedia","_[few]":"{{ n }} kemaskini tersedia","_[many]":"{{ n }} kemaskini tersedia","_[other]":"{{ n }} kemaskini tersedia"},"systemUpdate":{"_":"Kemaskini sistem"},"systemUpdateReady":{"_":"Kemaskini Sistem Sedia"},"required":{"_":"Diperlukan"},"uncompressingMessage":{"innerHTML":"Menyahmampat... <span>Ini akan mengambil masam beberapa minit.</span>"},"downloadNoWifiWarning":{"_":"Wi-Fi tidak tersedia. Mengemaskini menggunakan sambungan semasa bakal menanggung cas tambahan."},"downloadOfflineWarning":{"_":"Sambungan tidak tersedia. Sambung kepada rangkaian untuk memuat turun kemaskini."},"downloadDataConnectionWarning":{"_":"Kemaskini dimuat turun melalui sambungn data ketika Wi-Fi tidak tersedia. Mungkin dikenakan cas data tambahan."},"downloadUpdatesViaDataConnection":{"_":"Muat turun kemaskini melalui sambungan data?"},"downloadUpdatesViaDataConnectionMessage":{"_":"Kemaskini dimuat turun melalui sambungn data ketika Wi-Fi tidak tersedia. Apabilamenggunakan sambungan data, panggilan telefon akan disekat dan cas tambahan akan dikenakan."},"screenshotSaved":{"_":"Cekupan layar disimpan ke Galeri"},"screenshotFailed":{"_":"Cekupan layar tidak dapat disimpan"},"screenshotNoSDCard":{"_":"Kad memori tidak ditemui"},"screenshotSDCardInUse":{"_":"Kad memori sedang diguna"},"screenshotSDCardLow":{"_":"Tidak cukup ruang pada kad memori"},"emergency-call-button":{"_":"Panggilan Kecemasan"},"emergency-call":{"_":"Panggilan Kecemasan"},"unlock-a11y-button":{"ariaLabel":"Buka kunci"},"camera-a11y-button":{"ariaLabel":"Kamera"},"longDateFormat":{"_":"%A, %B %e"},"softwareHomeButton":{"ariaLabel":"Laman Utama"},"login":{"_":"Daftar masuk"},"username":{"_":"Nama pengguna"},"password":{"_":"Kata laluan"},"http-authentication-message":{"_":"Nama pengguna dan katalaluan dipohon oleh {{host}}. Laman berkata: “{{realm}}”"},"error-message":{"_":"{{name}} tidak dimuat dengan sempurna"},"error-title":{"_":"{{name}} terdapat masalah"},"airplane-is-on":{"_":"Mod pesawat telah hidup"},"airplane-is-turned-on":{"_":"{{name}} memerlukan sambungan rangkaian. Matikan mod pesawat daripada Tetapan dan sambung kepada Wi-Fi atau rangkaian data selular."},"server-not-found":{"_":"Pelayan tidak ditemui"},"server-not-found-error":{"_":"Tidak menemui pelayan di {{name}}."},"network-connection-unavailable":{"_":"Sambungan rangkaian tidak tersedia"},"network-error":{"_":"{{name}} memerlukan sambungan rangkaian. Cuba menyambuung kepada Wi-Fi atau rangkaian data selular."},"unable-to-connect":{"_":"Tidak dapat menyambung "},"tap-to-retry":{"_":"Tap untuk cuba lagi"},"try-again":{"_":"Cuba lagi"},"select-time":{"_":"Pilih masa"},"choose-option":{"_":"Pilih"},"choose-options":{"_":"Pilih"},"select-day":{"_":"Pilih hari"},"battery-almost-empty":{"_":"Bateri hampir tiada"},"add-to-home-screen":{"_":"Tambah ke Skrin Utama"},"crash-dialog2-os":{"_":"{{brandShortName}} telah pulih dari kemusnahan"},"crash-dialog-app":{"_":"{{name}} telah musnah"},"crash-dialog-message":{"_":"Adakah anda ingin menghantar laporan ke Mozilla perihal kemusnahan bagi membantu kami memperbaiki masalah? (Laporan dihantar melalui Wi-Fi sahaja.)"},"crash-info-link":{"_":"Apa kandungan laporan nahas?"},"crash-always-report":{"_":"Sentiasa menghantar ke Mozilla laporan apabila kemusnahan berlaku."},"crash-dont-send":{"_":"Jangan Hantar"},"crash-end":{"_":"Hantar Laporan"},"crashReports":{"_":"Laporan Nahas"},"done":{"_":"Selesai"},"crash-reports-description-1":{"_":"Laporan nahas mengandungi beberapa perincian perihal nahas dan peranti anda, juga cekupan layar keadaan peranti anda ketika ia musnah."},"crash-reports-description-2":{"_":"Ini juga termasuk perkara seperti laman dibuka dan app, teks ditaip pada borang dan kandungan mesej dibuka, sejarah pelayaran kebelakangan, atau geolokasi digunakan oleh app yang dibuka."},"crash-reports-description-3-start":{"_":"Kami gunakan laporan nahas untk memperbaiki masalah dan meningkatkan produk kami. Kami mengendalikan maklumat anda sebagaimana yang diterangkan di dalam"},"crash-reports-description-3-privacy":{"_":"dasar privasi kamiȀ"},"crash-reports-description-3-end":{"_":"."},"crash-banner-os2":{"_":"{{brandShortName}} telah musnah."},"crash-banner-app":{"_":"{{name}} telah musnah."},"crash-banner-report":{"_":"Laporan"},"bluetooth-sendingTitle":{"_":"Menghantar pemindahan Bluetooth.."},"bluetooth-receivingTitle":{"_":"Menerima pemindahan Bluetooth.."},"bluetooth-sending-progress":{"_":"Menghantar pemindahan Bluetooth.."},"bluetooth-receiving-progress":{"_":"Menerima pemindahan Bluetooth.."},"acceptFileTransfer":{"_":"Menerima pemindahan fail Bluetooth?"},"wantToReceiveFile":{"_":"{{deviceName}} meminta untuk memindahkan {{fileName}} ({{fileSize}})."},"transfer-confirmation-title":{"_":"{{deviceName}}"},"transfer-confirmation-description":{"_":"Semak permohonan pindahan."},"byteUnit-B":{"_":"Bait"},"byteUnit-KB":{"_":"KB"},"byteUnit-MB":{"_":"MB"},"byteUnit-GB":{"_":"GB"},"byteUnit-TB":{"_":"TB"},"byteUnit-PB":{"_":"PB"},"byteUnit-EB":{"_":"EB"},"byteUnit-ZB":{"_":"ZB"},"byteUnit-YB":{"_":"YB"},"fileSize":{"_":"{{size}} {{unit}}"},"transfer":{"_":"Pindah"},"cancelFileTransfer":{"_":"Batak pemindahan fail Bluetooth"},"transfer-has-started-title":{"_":"Pemindahan telah bermula"},"transfer-has-started-description":{"_":"Periksa kemajuan dalam pusat Pemberitahuan"},"transferFinished-sentSuccessful-title":{"_":"Fail dihantar"},"transferFinished-receivedSuccessful-title":{"_":"Fail diterima"},"transferFinished-sentFailed-title":{"_":"Fail tidak dapat dihantar"},"transferFinished-receivedFailed-title":{"_":"Fail tidak dapat diterima"},"transferReport-title":{"_":"Laporan pemindahan::"},"transferReport-description":{"_":"{{numSuccessful}} fail berjaya, {{numUnsuccessful}} fail tidak berjaya"},"unknown-file":{"_":"Fail tidak dikenali"},"unknown-device":{"_":"Peranti tidak dikenali"},"cannotOpenFile":{"_":"Tidak dapat membuka fail yang diterima"},"unknownMediaTypeToOpen":{"_":"Tidak dapat membuka jenis media tidak dikenali:"},"cannotReceiveFile":{"_":"Tidak dapat menerima fail"},"cannotGetStorageState":{"_":"Gagal mendapatkan keadaan storan peranti."},"sdcard-not-exist2":{"_":"Tiada kad memori ditemui. Sila masukkan kad memori."},"sdcard-in-use":{"_":"Bluetooth tidak dapat digunakan ketika telefon dipalam. Sila cabut palam telefon untuk menerima fail."},"sdcard-no-space2":{"_":"Tidak dapat menyelesaikan pemindahan: kad memori penuh."},"unknown-error":{"_":"Ralat tidak dikenali"},"confirm":{"_":"Pasti"},"microphone-is-on":{"_":"Mikrofon hidup"},"camera-is-on":{"_":"Kamera hidup"},"media-is-on":{"_":"Kamera & Mikrofon HIDUP"},"noSimCard":{"_":"Tiada kad SIM"},"simPin":{"_":"PIN SIM"},"pukCode":{"_":"Kod PUK"},"nckCode":{"_":"Kod NCK"},"cckCode":{"_":"Koc CCK"},"spckCode":{"_":"Koc SPCK"},"whatIsSimPin":{"_":"Apa itu PIN SIM?"},"simPinIntro1":{"_":"PIN SIm menghalang capaian kepada kad SIM rangkaran data selular. Apabila dibolehkan, sebarang peranti yang mengandungi kad SIM akan memohon PIN apabile dimulakan."},"simPinIntro2":{"_":"PIN SIM tidak sama dengan kod laluan yang digunakan untuk buka kunci peranti."},"changeSimPin":{"_":"Tukar PIN"},"pinTitle":{"_":"Masukkan PIN SIM"},"multiSIMpinTitle":{"_":"Masukkan PIN SIM {{n}}"},"pukTitle":{"_":"Masukkan kod PUK"},"nckTitle":{"_":"Masukkan kod NCK"},"cckTitle":{"_":"Masukkan kod CCK"},"spckTitle":{"_":"Masukkan kod SPCK"},"newpinTitle":{"_":"PIN Baru"},"inputCodeRetriesLeft":{"_":"{[ plural(n) ]}","_[one]":"Cubaan terakhir.","_[two]":"{{n}} cubaan berbaki.","_[few]":"{{n}} cubaan berbaki.","_[many]":"{{n}} cubaan berbaki.","_[other]":"{{n}} cubaan berbaki."},"pinErrorMsg":{"_":"PIN salah."},"pinAttemptMsg2":{"_":"{[ plural(n) ]}","_[one]":"Anda mempunyai satu cubaan berbaki untuk memasukkan kod yang betul sebelum mengunci kad SIM.","_[two]":"Anda mempunyai {{n}} cubaan berbaki untuk memasukkan kod yang betul sebelum mengunci kad SIM.","_[few]":"Anda mempunyai {{n}} cubaan berbaki untuk memasukkan kod yang betul sebelum mengunci kad SIM.","_[many]":"Anda mempunyai {{n}} cubaan berbaki untuk memasukkan kod yang betul sebelum mengunci kad SIM.","_[other]":"Anda mempunyai {{n}} cubaan berbaki untuk memasukkan kod yang betul sebelum mengunci kad SIM."},"pinLastChanceMsg":{"_":"Ini adalah peluang terakhir anda untuk memasukkan PIN yang betul. Jika tidak, anda harus memasukkan kod PUK untuk menggunakan kad sim ini."},"simCardLockedMsg":{"_":"Kad SIM terkunci."},"enterPukMsg":{"_":"Anda mestilah memasukkan Kod Pembuka Kunci Peribadi (PUK) untuk kad SIM. Rujuk dokumentasi kad SIM anda atau hubungi operator anda untuk maklumat lanjut."},"pukErrorMsg":{"_":"Kod PUK salah."},"pukAttemptMsg2":{"_":"{[ plural(n) ]}","_[one]":"Anda mempunyai satu cubaan berbaki untuk memasukkan kod yang betul sebelum kad SIM ini tidak boleh digunakan secara kekal. Rujuk dokumentasi kad SIM anda atau hubungi operator anda untuk maklumat lanjut.","_[two]":"Anda mempunyai {{n}} cubaan berbaki untuk memasukkan kod yang betul sebelum kad SIM ini tidak boleh digunakan secara kekal. Rujuk dokumentasi kad SIM anda atau hubungi operator anda untuk maklumat lanjut.","_[few]":"Anda mempunyai {{n}} cubaan berbaki untuk memasukkan kod yang betul sebelum kad SIM ini tidak boleh digunakan secara kekal. Rujuk dokumentasi kad SIM anda atau hubungi operator anda untuk maklumat lanjut.","_[many]":"Anda mempunyai {{n}} cubaan berbaki untuk memasukkan kod yang betul sebelum kad SIM ini tidak boleh digunakan secara kekal. Rujuk dokumentasi kad SIM anda atau hubungi operator anda untuk maklumat lanjut.","_[other]":"Anda mempunyai {{n}} cubaan berbaki untuk memasukkan kod yang betul sebelum kad SIM ini tidak boleh digunakan secara kekal. Rujuk dokumentasi kad SIM anda atau hubungi operator anda untuk maklumat lanjut."},"pukLastChanceMsg":{"_":"Percubaan terakhir untuk memasukkan kod PUK yang betul. Kad SIM anda akan kekal tidak berguna jika anda memasukkan kod PUK yang salah. RUjuk dokumentasi kad SIM anda atau hubungi operator anda untuk maklumat lanjut."},"newSimPinMsg":{"_":"Buat PIN (mesti mengandungi antara 4 k 8 digit)"},"confirmNewSimPinMsg":{"_":"Sahkan PIN baru"},"newPinErrorMsg":{"_":"PIN tidak sepadan."},"nckErrorMsg":{"_":"Kod NCK salah."},"nckAttemptMsg2":{"_":"{[ plural(n) ]}","_[one]":"Kegagalan permintaan rangkaian depersonalisasi. Anda mempunyai satu cubaan berbaki untuk memasukkan kod yang betul. Lihat dokumentasi peranti atau hubungi operator anda untuk maklumat lanjut.","_[two]":"Kegagalan permintaan rangkaian depersonalisasi. Anda mempunyai {{n}} cubaan berbaki untuk memasukkan kod yang betul. Lihat dokumentasi peranti atau hubungi operator anda untuk maklumat.","_[few]":"Kegagalan permintaan rangkaian depersonalisasi. Anda mempunyai {{n}} cubaan berbaki untuk memasukkan kod yang betul. Lihat dokumentasi peranti atau hubungi operator anda untuk maklumat.","_[many]":"Kegagalan permintaan rangkaian depersonalisasi. Anda mempunyai {{n}} cubaan berbaki untuk memasukkan kod yang betul. Lihat dokumentasi peranti atau hubungi operator anda untuk maklumat.","_[other]":"Kegagalan permintaan rangkaian depersonalisasi. Anda mempunyai {{n}} cubaan berbaki untuk memasukkan kod yang betul. Lihat dokumentasi peranti atau hubungi operator anda untuk maklumat."},"nckLastChanceMsg":{"_":"Kegagalan permintaan rangkaian depersonalisasi. Peluang terakhir untuk memasukkan kod NCK yang betul. Lihat dokumentasi peranti atau hubungi operator anda untuk maklumat lanjut."},"activity-pick":{"_":"Pilih daripada:"},"activity-view":{"_":"Lihat dengan:"},"activity-test":{"_":"Cuba dengan:"},"activity-share":{"_":"Kongsi dengan:"},"activity-new":{"_":"Buat dengan:"},"activity-open":{"_":"Buka dengan:"},"activity-save-bookmark":{"_":"Tandabuku dengan:"},"activity-record":{"_":"Rakam dengan:"},"activity-browse":{"_":"Layari dengan:"},"activity-configure":{"_":"Konfigur dengan:"},"activity-dial":{"_":"Dial dengan:"},"persona-signin":{"_":"Daftar Masuk"},"payment-flow":{"_":"Beli"},"remoteDebuggerMessage":{"_":"Permohonan masuk untuk kebenaran sambungan menyahpijat jarak jauh telah dikesan. Benarkan sambungan?"},"fullscreen-request":{"_":"{{origin}} kini dengan skrin penuh."},"captive-wifi-available":{"_":"Rangkaian {{networkName}} telah ditemui. Sertai rangkaian?"},"ceWarningtitle":{"_":"Amaran bahana"},"ceWarningcontent":{"_":"Bagi mengelakkan kemungkinan berlaku kerosakan pendengaran, jangan dengar pada paras bahana yang tinggi dalam jangka masa yang panjang."},"notification-powersaving-mode-on-title":{"_":"Mod Jimat Kuasa"},"notification-powersaving-mode-on-description":{"_":"Mod penjimatan kuasa hidup."},"low-device-storage":{"_":"Ruang peranti rendah.\n"},"free-space":{"_":"{[ plural(value) ]}","_[zero]":"Tiada baki ruang kosong.","_[one]":"Kurang daripada {{value}} {{unit}} berbaki.","_[two]":"Kurang daripada {{value}} {{unit}} berbaki.","_[few]":"Kurang daripada {{value}} {{unit}} berbaki.","_[many]":"Kurang daripada {{value}} {{unit}} berbaki.","_[other]":"Kurang daripada {{value}} {{unit}} berbaki."},"unknown-free-space":{"_":"Ruang berbaki tidak diketahui."},"system-alert":{"_":"Waspada Sistem"},"cb-channel":{"_":"Saluran {{channel}}"},"icc-message-title":{"_":"Mesej pengendali dari SIM {{id}}"},"icc-confirmCall-defaultmessage":{"_":"Panggil {{number}}?"},"icc-alertMessage-defaultmessage":{"_":"Menghantar mesej"},"icc-confirmMessage-defaultmessage":{"_":"Hantar mesej?"},"icc-inputbox-title":{"_":"STK kueri dari SIM {{id}}"},"emergency-callback-mode":{"_":"Mod panggil balik kecemasan"},"emergency-callback-message":{"_":"Anda tidak boleh membuat panggilan, menghantar mesej atau pergi ke dalam talian kerana mod panggil balik kecemasan yang aktif. Adakah anda ingin untuk menjadikan ia di luar?"},"cdma-record-info":{"_":"Maklumat rakaman CDMA"},"ime-switching-title":{"_":"{{appName}}: {{name}}"},"ime-switching-tip":{"_":"Tap untuk tukar kaedah input"},"layout-selection":{"_":"Pemilihan susun atur"},"shrinking-tip":{"_":"Leret untuk kongsi"},"download_started":{"_":"Muat turun bermula"},"download_stopped":{"_":"Muat turun dihentikan"},"download_downloading":{"_":"Memuat turun..."},"download_succeeded":{"_":"Muat turun selesai"},"download_failed":{"_":"Muat turun gagal"},"download_text_by_default":{"_":"{{name}}"},"download_downloading_text_2":{"_":"{{percentage}}% - {{name}}"},"search":{"_":"Cari"},"search-or-type-address":{"placeholder":"Carian atau taipkan alamat"},"noSIMCardInHotspot":{"_":"Kad SIM tiada atau tersalah masuk, jadi matikan hotspot"},"brandShortName":{"_":"B2G OS"},"browserBrandShortName":{"_":"Pelayar Web"},"browserBrandFullName":{"_":"Pelayar Web Mozilla"},"weekday-0-long":{"_":"Ahad"},"weekday-1-long":{"_":"Isnin"},"weekday-2-long":{"_":"Selasa"},"weekday-3-long":{"_":"Rabu"},"weekday-4-long":{"_":"Khamis"},"weekday-5-long":{"_":"Jumaat"},"weekday-6-long":{"_":"Sabtu"},"weekday-0-short":{"_":"Ahad"},"weekday-1-short":{"_":"Isnin"},"weekday-2-short":{"_":"Selasa"},"weekday-3-short":{"_":"Rabu"},"weekday-4-short":{"_":"Khamis"},"weekday-5-short":{"_":"Jumaat"},"weekday-6-short":{"_":"Sabtu"},"month-0-long":{"_":"Januari"},"month-1-long":{"_":"Februari"},"month-2-long":{"_":"Mac"},"month-3-long":{"_":"April"},"month-4-long":{"_":"Mei"},"month-5-long":{"_":"Jun"},"month-6-long":{"_":"Julai"},"month-7-long":{"_":"Ogos"},"month-8-long":{"_":"September"},"month-9-long":{"_":"Oktober"},"month-10-long":{"_":"November"},"month-11-long":{"_":"Disember"},"month-0-genitive":{"_":"Januari"},"month-1-genitive":{"_":"Februari"},"month-2-genitive":{"_":"Mac"},"month-3-genitive":{"_":"April"},"month-4-genitive":{"_":"Mei"},"month-5-genitive":{"_":"Jun"},"month-6-genitive":{"_":"Julai"},"month-7-genitive":{"_":"Ogos"},"month-8-genitive":{"_":"September"},"month-9-genitive":{"_":"Oktober"},"month-10-genitive":{"_":"November"},"month-11-genitive":{"_":"Disember"},"month-0-short":{"_":"Jan"},"month-1-short":{"_":"Feb"},"month-2-short":{"_":"Mac"},"month-3-short":{"_":"Apr"},"month-4-short":{"_":"Mei"},"month-5-short":{"_":"Jun"},"month-6-short":{"_":"Jul"},"month-7-short":{"_":"Ogos"},"month-8-short":{"_":"Sep"},"month-9-short":{"_":"Okt"},"month-10-short":{"_":"Nov"},"month-11-short":{"_":"Dis"},"minutes-ago-long":{"_":"{[ plural(value) ]}","_[zero]":"sebentar tadi","_[one]":"satu minit lalu","_[two]":"{{value}} minit lalu","_[few]":"{{value}} minit lalu","_[many]":"{{value}} minit lalu","_[other]":"{{value}} minit lalu"},"hours-ago-long":{"_":"{[ plural(value) ]}","_[zero]":"sebentar tadi","_[one]":"sejam yang lalu","_[two]":"{{value}} jam lalu","_[few]":"{{value}} jam lalu","_[many]":"{{value}} jam lalu","_[other]":"{{value}} jam lalu"},"days-ago-long":{"_":"{[ plural(value) ]}","_[zero]":"hari ini","_[one]":"semalam","_[two]":"{{value}} hari lalu","_[few]":"{{value}} hari lalu","_[many]":"{{value}} hari lalu","_[other]":"{{value}} hari lalu"},"weeks-ago-long":{"_":"{[ plural(value) ]}","_[zero]":"minggu ini","_[one]":"minggu lalu","_[two]":"{{value}} minggu lalu","_[few]":"{{value}} minggu lalu","_[many]":"{{value}} minggu lalu","_[other]":"{{value}} minggu lalu"},"months-ago-long":{"_":"{[ plural(value) ]}","_[zero]":"bulan ini","_[one]":"bulan lalu","_[two]":"{{value}} bulan lalu","_[few]":"{{value}} bulan lalu","_[many]":"{{value}} minit lalu","_[other]":"{{value}} minit lalu"},"years-ago-long":{"_":"{[ plural(value) ]}","_[zero]":"tahun ini","_[one]":"tahun lalu","_[two]":"{{value}} tahun lalu","_[few]":"{{value}} tahun lalu","_[many]":"{{value}} tahun lalu","_[other]":"{{value}} tahun lalu"},"minutes-until-long":{"_":"{[ plural(value) ]}","_[zero]":"sekarang","_[one]":"dalam satu minit","_[two]":"dalam {{value}} minit","_[few]":"dalam {{value}} minit","_[many]":"dalam {{value}} minit","_[other]":"dalam {{value}} minit"},"hours-until-long":{"_":"{[ plural(value) ]}","_[zero]":"sekarang","_[one]":"dalam satu jam","_[two]":"dalam {{value}} jam","_[few]":"dalam {{value}} jam","_[many]":"dalam {{value}} jam","_[other]":"dalam {{value}} jam"},"days-until-long":{"_":"{[ plural(value) ]}","_[zero]":"hari ini","_[one]":"esok","_[two]":"dalam {{value}} hari","_[few]":"dalam {{value}} hari","_[many]":"dalam {{value}} hari","_[other]":"dalam {{value}} hari"},"weeks-until-long":{"_":"{[ plural(value) ]}","_[zero]":"minggu ini","_[one]":"minggu depan","_[two]":"dalam {{value}} minggu","_[few]":"dalam {{value}} minggu","_[many]":"dalam {{value}} minggu","_[other]":"dalam {{value}} minggu"},"months-until-long":{"_":"{[ plural(value) ]}","_[zero]":"bulan ini","_[one]":"bulan depan","_[two]":"dalam {{value}} bulan","_[few]":"dalam {{value}} bulan","_[many]":"dalam {{value}} bulan","_[other]":"dalam {{value}} bulan"},"years-until-long":{"_":"{[ plural(value) ]}","_[zero]":"tahun ini","_[one]":"tahun depan","_[two]":"dalam {{value}} tahun","_[few]":"dalam {{value}} tahun","_[many]":"dalam {{value}} tahun","_[other]":"dalam {{value}} tahun"},"minutes-ago-short":{"_":"{[ plural(value) ]}","_[zero]":"sebentar tadi","_[other]":"{{value}} minit lalu"},"hours-ago-short":{"_":"{[ plural(value) ]}","_[zero]":"sebentar tadi","_[other]":"{{value}} jam lalu"},"days-ago-short":{"_":"{[ plural(value) ]}","_[zero]":"hari ini","_[other]":"{{value}} hari lalu"},"minutes-until-short":{"_":"{[ plural(value) ]}","_[zero]":"sekarang","_[other]":"dalam {{value}} minit"},"hours-until-short":{"_":"{[ plural(value) ]}","_[zero]":"sekarang","_[other]":"dalam {{value}} jam"},"days-until-short":{"_":"{[ plural(value) ]}","_[zero]":"hari ini","_[other]":"dalam {{value}} hari"},"incorrectDate":{"_":"(tarikh tidak betul)"},"dateTimeFormat_%c":{"_":"%a %b %e %Y %I:%M:%S %p"},"dateTimeFormat_%x":{"_":"%m/%d/%Y"},"dateTimeFormat_%X":{"_":"%I:%M:%S %p"},"shortTimeFormat":{"_":"%I:%M %p"},"shortDateTimeFormat":{"_":"%x %I:%M %p"},"weekStartsOnMonday":{"_":"0"},"time_am":{"_":"PG"},"time_pm":{"_":"PTG"},"perm-contacts":{"_":"Kenalan"},"perm-contacts-appRequest":{"_":"{{app}} ingin mencapai senarai kenalan anda."},"perm-contacts-webRequest":{"_":"{{site}} ingin mencapai senarai kenalan anda."},"perm-desktop-notification":{"_":"Notifikasi"},"perm-desktop-notification-appRequest":{"_":"{{app}} ingin memaparkan notis."},"perm-desktop-notification-webRequest":{"_":"{{site}} ingin memaparkan notis."},"perm-device-storage-music":{"_":"Storan Muzik"},"perm-device-storage-music-appRequest":{"_":"{{app}} ingin mencapai muzik anda. "},"perm-device-storage-music-webRequest":{"_":"{{site}} ingin mencapai muzik anda. "},"perm-device-storage-pictures":{"_":"Storan Imej"},"perm-device-storage-pictures-appRequest":{"_":"{{app}} ingin mencapai imej anda. "},"perm-device-storage-pictures-webRequest":{"_":"{{site}}ingin mencapai imej anda. "},"perm-device-storage-sdcard":{"_":"Storan Kad Ingatan"},"perm-device-storage-sdcard-appRequest":{"_":"{{app}} ingin mencapat kad ingatan anda."},"perm-device-storage-sdcard-webRequest":{"_":"{{site}}ingin mencapai kad ingatan anda."},"perm-device-storage-videos":{"_":"Storan Video"},"perm-device-storage-videos-appRequest":{"_":"{{app}} ingin mencapai video anda. "},"perm-device-storage-videos-webRequest":{"_":"{{site}} ingin mencapai video anda. "},"perm-fmradio":{"_":"Radio FM"},"perm-fmradio-appRequest":{"_":"{{app}} ingin menggunakan Radio FM."},"perm-fmradio-webRequest":{"_":"{{site}} ingin menggunakan Radio FM."},"perm-geolocation":{"_":"Geolokasi"},"perm-geolocation-appRequest":{"_":"{{app}} ingin mengetahui lokasi anda."},"perm-geolocation-webRequest":{"_":"{{site}} ingin mengetahui lokasi anda."},"perm-geolocation-more-info":{"_":"{{brandShortName}} menggunakan data seperti GPS, Wi-Fi, dan rangkaian selular berhampiran anda untuk menentukan anggaran lokasi anda. Data dihantar kepada Mozilla dan penyedia servis lain dan akan digabungkan untuk menambah baik pangkalan data lokasi. Data mungkin disimpan pada peranti anda dan pengumpulan data mungkin berlaku apabila tiada aplikasi yang dilarikan."},"perm-video-capture":{"_":"Kamera"},"perm-video-capture-appRequest":{"_":"Mahukah anda berkongsi kamera dengan {{app}}?"},"perm-video-capture-webRequest":{"_":"Mahukah anda berkongsi kamera dengan {{site}}?"},"perm-audio-capture":{"_":"Mikrofon"},"perm-audio-capture-appRequest":{"_":"Mahukah anda berkongsi mikrofon dengan {{app}}?"},"perm-audio-capture-webRequest":{"_":"Mahukah anda berkongsi mikrofon dengan {{site}}?"},"perm-media-capture":{"_":"Kamera dan Mikrofon"},"perm-media-capture-appRequest":{"_":"Mahukah anda berkongsi kameran dan mikrofon dengan {{app}}?"},"perm-media-capture-webRequest":{"_":"Mahukah anda berkongsi kamera dan mikrofon dengan {{site}}?"},"stopped_download_title":{"_":"Muat turun terhenti"},"stopped_download_message":{"_":"Muat turun terhenti. Cuba muat turun semula?"},"stopped_download_left_button":{"_":"Batal"},"stopped_download_right_button":{"_":"Cuba lagi"},"failed_download_title":{"_":"Muat turun gagal"},"failed_download_message":{"_":"{{name}} gagal memuat turun. Cuba muat turun semula?"},"failed_download_left_button":{"_":"Batal"},"failed_download_right_button":{"_":"Cuba lagi"},"stop_download_title":{"_":"Henti muat turun"},"stop_download_message":{"_":"Pastikah anda untuk menghentikan muat turun?"},"stop_download_left_button":{"_":"Tidak"},"stop_download_right_button":{"_":"Ya"},"delete_download_title":{"_":"Hapus"},"delete_download_message":{"_":"Hapus {{name}}? "},"delete_download_left_button":{"_":"Batal"},"delete_download_right_button":{"_":"Hapus"},"delete_all_download_title":{"_":"Hapus"},"delete_all_download_left_button":{"_":"Batal"},"delete_all_download_right_button":{"_":"Hapus"},"delete_all_download_message":{"_":"{[ plural(number) ]}","_[zero]":"Tiada fail dihapus?","_[one]":"Hapus satu fail?","_[two]":"Hapus {{number}} fail?","_[few]":"Hapus {{number}} fail?","_[many]":"Hapus {{number}} fail?","_[other]":"Hapus {{number}} fail?"},"unsupported_file_type_download_title":{"_":"Tidak dapat membuka"},"unsupported_file_type_download_message":{"_":"Tidak terdapat app yang dapat membuka {{name}}. Mahukan anda meyimpan fail ini atau menghapuskannya?"},"unsupported_file_type_download_left_button":{"_":"Kekalkan Fail"},"unsupported_file_type_download_right_button":{"_":"Hapus"},"file_not_found_download_title":{"_":"Fail tidak ditemui"},"file_not_found_download_message":{"_":"Fail ini tidak ditemui pada peranti"},"file_not_found_download_right_button":{"_":"OK"},"unmounted_sdcard_2_download_title":{"_":"Kad memori sedang diguna"},"unmounted_sdcard_2_download_message":{"_":"Cabut palam telefon"},"unmounted_sdcard_2_download_right_button":{"_":"OK"},"no_provider_download_title":{"_":"Tidak dapat berkongsi"},"no_provider_download_message":{"_":"Tiada pembekal ditemui"},"no_provider_download_right_button":{"_":"OK"},"no_memory_download_title":{"_":"Kad SD penuh"},"no_memory_download_message":{"_":"Tiada ruang lagi pada kad SD anda untuk menyimpan muat turun anda. Sila singkirkan beberapa fail sebelum mengulang mula muat turun. "},"no_memory_download_right_button":{"_":"OK"},"no_sdcard_found_2_download_title":{"_":"Tiada kad memori ditemui"},"no_sdcard_found_2_download_message":{"_":"Masukkan kad memori atau pilih lokasi media lalai alternatif pada tetapan"},"no_sdcard_found_2_download_right_button":{"_":"OK"},"file_open_error_download_title":{"_":"Tidak dapat membuka"},"file_open_error_download_message":{"_":"Terdapat masalah membuka {{name}}. Mahukah anda menyimpannya atau menghapuskannya?"},"file_open_error_download_left_button":{"_":"Kekalkan Fail"},"file_open_error_download_right_button":{"_":"Hapus"},"restart_download_error":{"_":"Terdapat rakat ketika mengulang mula muat turun. Sila cuba muat turun semula."},"no-downloads":{"_":"Tiada muat turun"},"percentage":{"_":"{{percentage}} %"},"partialResult":{"_":"{{partial}} daripada {{total}}"},"summary":{"_":"{{date}} - {{status}}"},"download-stopped":{"_":"Terhenti"},"download-failed":{"_":"Muat turun gagal"},"open_downloaded_file":{"_":"Buka"},"share_downloaded_file":{"_":"Kongsi"},"wallpaper_downloaded_file":{"_":"Setkan sebagai wallpaper"},"ringtone_downloaded_file":{"_":"Setkan sebagai nada dering"},"cancel_downloaded_file":{"_":"Batal"},"sim-picker-dial-via-with-number":{"_":"Dail {{ phoneNumber }} via"},"sim-picker-select-sim":{"_":"Pilih SIM"},"sim-picker-button":{"_":"SIM{{ n }}"},"sim-picker-button-default":{"_":"(default)"}}