{"ok":{"_":"ठीक छ"},"back":{"_":"पछाडि"},"help":{"_":"मद्दत गर्नुहोस्"},"cancel":{"_":"रद्द गर्नुहोस्"},"close":{"_":"बन्द गर्नुहोस्"},"skip":{"_":"फड्काउनुहोस्"},"airplaneMode":{"_":"उडान शैली"},"searching":{"_":"खोजी गर्दैछ..."},"noNetwork":{"_":"सञ्जाल छैन"},"roaming":{"_":"{{operator}} (रोमिङ्ग)"},"emergencyCallsOnly":{"_":"आपत्कालिन कलहरु मात्र"},"emergencyCallsOnly-unknownSIMState":{"_":"(SIMको अज्ञात अवस्था)"},"emergencyCallsOnly-noSIM":{"_":"(सिम नभएको)"},"emergencyCallsOnly-pinRequired":{"_":"(सिम पिन चाहिएको)"},"emergencyCallsOnly-pukRequired":{"_":"(सिम पुक चाहिएको)"},"emergencyCallsOnly-networkLocked":{"_":"(नेटवर्क लक गरिएको)"},"emergencyCallsOnly-serviceProviderLocked":{"_":"(सेवाप्रधान कर्ता बन्द गरिएको)"},"emergencyCallsOnly-corporateLocked":{"_":"(संस्थागत बन्द गरिएको)"},"enterPIN":{"_":"PIN प्रविष्ट गर्नुहोस्"},"statusbarLabel":{"_":"{{date}}, {{operator}}"},"statusbarDateFormat":{"_":"%b %e"},"notifications":{"_":"सूचनाहरु"},"clear-all":{"_":"सबै खाली गर्नुहोस्"},"newVoicemails":{"_":"{[ plural(n) ]}","_[zero]":"नयाँ ध्वनिमेल छैन","_[one]":"एउटा नयाँ ध्वनिमेल","_[two]":"{{n}} नयाँ ध्वनिमेलहरु","_[few]":"{{n}} नयाँ ध्वनिमेलहरु","_[many]":"{{n}} नयाँ ध्वनिमेलहरु","_[other]":"{{n}} नयाँ ध्वनिमेलहरु"},"newVoicemailsUnknown":{"_":"नयाँ ध्वनिमेलहरु"},"dialNumber":{"_":"डायल {{number}}"},"deviceMenu":{"_":"फोन"},"airplane":{"_":"उडान शैली अन गर्नुहोस्"},"airplaneOff":{"_":"उडान शैली अफ गर्नुहोस्"},"silent":{"_":"आगमन कलहरु शान्त पार्नुहोस्"},"normal":{"_":"आगमन कलहरु बजाउनुहोस्"},"restart":{"_":"पुन:सुरु गर्नुहोस्"},"power":{"_":"पावर बन्द"},"asyncpanzoom":{"_":"एपहरुको लागि APZलाई अक्षम पार्नुहोस्"},"asyncpanzoomOff":{"_":"एपहरुको लागि APZलाई सक्षम पार्नुहोस्"},"enableScreenReaderSteps":{"_":"पर्दा पाठक सक्षम पार्नका लागि, आवाज माथि त्यसपछि आवाज तलका बटनहरु अझै तिन चोटी थिच्नुहोस्"},"disableScreenReaderSteps":{"_":"पर्दा पाठक असक्षम पार्नका लागि, आवाज माथि त्यसपछि आवाज तलका बटनहरु अझै तिन चोटी थिच्नुहोस्"},"no-recent-apps":{"_":"हालैको एप्स् कुनै पनि छैन"},"yes":{"_":"हो"},"no":{"_":"हँदैन"},"deny":{"_":"अस्वीकार गर्नुहोस्"},"allow":{"_":"अनुमति दिनुहोस्"},"dontshare-geolocation":{"_":"नबाँड्नुहोस्"},"share-geolocation":{"_":"साझेदारी"},"dontshare-audio-capture":{"_":"नबाँड्नुहोस्"},"share-audio-capture":{"_":"साझेदारी"},"dontshare-video-capture":{"_":"नबाँड्नुहोस्"},"share-video-capture":{"_":"बाँड्नुहोस्"},"dontshare-media-capture":{"_":"नबाँड्नुहोस्"},"share-media-capture":{"_":"बाँड्नुहोस्"},"device-front":{"_":"अगाडिको क्यामेरा"},"device-back":{"_":"पछाडिको क्यामेरा"},"remember-my-choice":{"_":"मेरो छनोट सम्झनुहोस्"},"more-info":{"_":"थप जानकारी…"},"install-app":{"_":"{{name}} स्थापित गर्ने?"},"size":{"_":"साइज"},"author":{"_":"लेखक"},"size-unknown":{"_":"अज्ञात"},"author-unknown":{"_":"अज्ञात"},"install":{"_":"स्थापना गर्नुहोस्"},"bytes":{"_":"बाइट्स"},"kB":{"_":"किलो बाइट"},"MB":{"_":"MB"},"GB":{"_":"GB"},"TB":{"_":"TB"},"PB":{"_":"PB"},"app-install-generic-error":{"_":"{{ appName }}को डाउनलोड रोकियो"},"app-install-download-failed":{"_":"{{ appName }}को डाउनलोड असफल भयो"},"app-install-install-failed":{"_":"{{ appName }}को डाउनलोड असफल भयो"},"cancelling-will-not-refund":{"_":"सामग्री रद्द गरेमा पैसा फिर्ता हुने छैन | पैसा तिरेको सामग्री रद्द गरेमा मूल बिक्रेताले पैसा दिनेछन्|"},"apps-can-be-installed-later":{"_":"एपहरु पछि पनि मूल स्थापना स्रोतबाट स्थापित गर्न सकिन्छ।"},"are-you-sure-you-want-to-cancel":{"_":"के तपाईँ यो कार्य रद्द गर्न निश्चित हुनुहुन्छ?"},"cancel-install":{"_":"स्थापना रद्द गर्नुहोस्"},"resume":{"_":"पुन: निरन्तरता दिनुहोस्"},"continue":{"_":"जारी राख्नुहोस्"},"stopDownloading":{"_":"{{ app }}को डाउनलोड रोक्ने?"},"app-download-can-be-restarted":{"_":"डाउनलोडलाई पछि पुन: शुरु गर्न सकिन्छ।"},"app-download-stop-button":{"_":"डाउनलोड रोक्नुहोस्"},"not-enough-space":{"_":"पर्याप्त खाली स्थान छैन"},"not-enough-space-message":{"_":"यो एप स्थापना गर्नका लागि पर्याप्त स्वतन्त्र स्थान छैन। पुराना एपहरु वा मिडियाहारु मेटाएर खाली स्थान बनाउनुहोस् र मूल स्रोतबाट फेरी स्थापनाको प्रयास गर्नुहोस्।"},"app-install-success":{"_":"{{ appName }} इन्स्टल भयो"},"setup":{"_":"सेटअप"},"ime-addkeyboards":{"_":"कुञ्जीपाटीहरु थप्नुहोस्"},"later":{"_":"पछि"},"download":{"_":"डाउनलोड"},"wantToDownload":{"_":"अपडेटहरु अहिले डाउनलोड गर्ने?"},"wantToInstall":{"_":"अपडेटहरु अहिले स्थापना गर्ने?"},"installNow":{"_":"अहिले स्थापना गर्नुहोस्"},"notNow":{"_":"अहिले होइन"},"downloadingUpdateMessage":{"innerHTML":"अपडेटहरु डाउनलोड हुदैछन्...<span>{{ progress }} डाउनलोड भइसक्यो.</span>"},"downloadingAppMessage":{"_":"{{ appName }} डाउनलोड गर्दै"},"downloadingAppProgressNoMax":{"_":"{{ progress }} डाउनलोड भइसक्यो"},"downloadingAppProgressIndeterminate":{"_":"डाउनलोड हुँदैछ"},"downloadingAppProgress":{"_":"{{ progress }} / {{ max }} डाउनलोड भइसक्यो"},"cancelAllDownloads":{"_":"सबै डाउनलोडहरु रद्द गर्नुहोस्"},"wantToCancelAll":{"_":"तपाईँ सबै डाउनलोडहरु रद्द गर्न निश्चित हुनुहुन्छ?"},"downloadError":{"_":"अपडेटहरु डाउनलोड गर्दा एउटा त्रुटि भेटियो।"},"updateAvailableInfo":{"innerHTML":"{[ plural(n) ]}","innerHTML[one]":"{{ n }} अपडेटहरु उपलब्ध छन् | <span>थप जानकारीका लागि थिच्नुहोस्।</span>","innerHTML[two]":"{{ n }} अपडेटहरु उपलब्ध छन्। <span>थप जानकारीको लागि थिच्नुहोस् |</span>","innerHTML[few]":"{{ n }} अपडेटहरु उपलब्ध छन्। <span>थप जानकारीका लागि थिच्नुहोस् |</span>","innerHTML[many]":"{{ n }} अपडेटहरु उपलब्ध छन्। <span>थप जानकारीका लागि थिच्नुहोस् |</span>","innerHTML[other]":"{{ n }} अपडेटहरु उपलब्ध छन्। <span>थप जानकारीका लागि थिच्नुहोस् |</span>"},"numberOfUpdates":{"_":"{[ plural(n) ]}","_[one]":"{{ n }} अपडेटहरु उपलब्ध छन्","_[two]":"{{ n }} अपडेटहरु उपलब्ध छन्","_[few]":"{{ n }} अपडेटहरु उपलब्ध छन्","_[many]":"{{ n }} अपडेटहरु उपलब्ध छन्","_[other]":"{{ n }} अपडेटहरु उपलब्ध छन्"},"systemUpdate":{"_":"प्रणाली अपडेट"},"systemUpdateReady":{"_":"प्रणाली अपडेट तयार"},"required":{"_":"आवश्यक"},"uncompressingMessage":{"innerHTML":"फुकाउदै…<span>केही मिनेट लग्न सक्छ |</span>"},"downloadNoWifiWarning":{"_":"वाई-फाई अनुपलब्ध | हाल जडान आधुनिकतम गरे थप रकम लाग्न सक्नेछ |"},"downloadOfflineWarning":{"_":"जडान अनुपलब्ध।अपडेटहरु डाउनलोड गर्न सञ्जालमा जडित हुनुहोस्।"},"downloadDataConnectionWarning":{"_":"वाई-फाई अनउपलब्ध भएको खन्डमा डाटा जडान मर्फत अपडेटहरु डाउनलोड गरिन्छ। थप डाटा शुल्क लाग्न सक्छ।"},"downloadUpdatesViaDataConnection":{"_":"डाटा जडान मर्फत अपडेटहरु डाउनलोड गर्नु चाहानुहुन्छ?"},"downloadUpdatesViaDataConnectionMessage":{"_":"वाई-फाई अनउपलब्ध भएको खन्डमा डाटा जडान मर्फत अपडेटहरु डाउनलोड गरिन्छ। डाटा जडान प्रयोग गरेको बेलामा, फोन कलहरु बन्द हुन सक्छन् र थप डाटा पनि शुल्क लाग्न सक्छ।"},"screenshotSaved":{"_":"स्क्रिनसट गलिअरीमा बचत गर्नुहोस्"},"screenshotFailed":{"_":"स्क्रिनसट बचत हुन सकेन ।"},"screenshotNoSDCard":{"_":"कुनैपनि मेमोरी कार्ड भेटिएन"},"screenshotSDCardInUse":{"_":"मेमोरी कार्ड प्रयोगमा छ"},"screenshotSDCardLow":{"_":"मेमोरी कार्डमा पर्याप्त खाली स्थान छैन"},"emergency-call-button":{"_":"आपतकालिन कल"},"emergency-call":{"_":"आपतकालिन कल"},"unlock-a11y-button":{"ariaLabel":"ताल्चा खोल्नुहोस्"},"camera-a11y-button":{"ariaLabel":"क्यामेरा"},"longDateFormat":{"_":"%A, %B %e"},"softwareHomeButton":{"ariaLabel":"गृह"},"login":{"_":"हस्ताक्षर गर्दै"},"username":{"_":"प्रयोगकर्ता नाम"},"password":{"_":"पासवर्ड"},"http-authentication-message":{"_":"{{host}} ले प्रयोगकार्ता नाम रा पासवर्ड माग्दैछ। साइटले यसो भन्छ: “{{realm}}”"},"error-message":{"_":"{{name}} गतिलोसँग लोड भइरहेको छैन"},"error-title":{"_":"{{name}} मा समस्या हुदैछ"},"airplane-is-on":{"_":"उडान शैली खोल्लै छ"},"airplane-is-turned-on":{"_":"{{name}}का लागि सञ्जाल जडान आवश्यक छ | सेटिङमा गएर उडान शैली बन्द गरी वाई-फाई अथवा मोबाइल डाटा सञ्जाल जडान गर्नुहोस् |"},"server-not-found":{"_":"सर्भर फेला परेन"},"server-not-found-error":{"_":"{{name}} मा सर्भर भेटाउन सकिएन ।"},"network-connection-unavailable":{"_":"सञ्जाल जडान अनुपलब्ध"},"network-error":{"_":"{{name}}का लागि सञ्जाल जडान आवश्यक छ | यसका लागि वाई-फाई अथवा मोबाइल डाटा सञ्जाल जडान गर्न प्रयास गर्नुहोस् |"},"unable-to-connect":{"_":"जडान गर्न असमर्थ"},"tap-to-retry":{"_":"पुन: प्रयास गर्नका लागि ट्याप गर्नुहोस्"},"try-again":{"_":"फेरि प्रयास गर्नुहोस्"},"select-time":{"_":"समय चयन गर्नुहोस"},"choose-option":{"_":"छान्नुहोस्"},"choose-options":{"_":"चयन गर्नुहोस्"},"select-day":{"_":"दिन चयन गर्नुहोस"},"battery-almost-empty":{"_":"ब्याटरी खाली हुनै लाग्यो"},"add-to-home-screen":{"_":"गृह पर्दामा थप्नुहोस्"},"crash-dialog2-os":{"_":"{{brandShortName}} भर्खरै क्र्यासबाट रिकभर भयो"},"crash-dialog-app":{"_":"{{name}} भर्खरै क्र्यास भयो"},"crash-dialog-message":{"_":"के समस्याको समाधानका लागि तपाईको क्र्यासको प्रतिवेदन मोजिल्लालाई दिन चाहनुहुन्छ ? (प्रतिवेदनहरु Wi-Fi का माध्यम बाट मात्रय पठाइनेछ।)"},"crash-info-link":{"_":"क्र्यास प्रतिवेदनमा के छ ?"},"crash-always-report":{"_":"क्र्यास भएकि सधै मोजिल्लालाई प्रतिवेदन पठाउनुहोस्।"},"crash-dont-send":{"_":"नपठाउनुहोस्"},"crash-end":{"_":"प्रतिवेदन पठाउनुहोस्"},"crashReports":{"_":"क्र्यास प्रतिवेदनहरू"},"done":{"_":"गरियो"},"crash-reports-description-1":{"_":"एउटा क्र्यास प्रतिवेदनमा क्र्यास र तपाईँको यन्त्रको बारे केही विवरण साथसाथै तपाईँको यन्त्र क्र्यास भएको अवस्थाको एउटा स्न्यापसट हुन्छ।"},"crash-reports-description-2":{"_":"खुला पृष्ठहरु र एपहरु, फारममा लेखिएका अक्षरहरु र खुला सन्देशका  सामग्रीहरु, हालसालैको ब्राउजिङ्ग इतिहास, अथवा खुला एपले प्रयोग गरेकाो भू-स्थानजस्ता कुराहरु यसमा समावेश हुन सक्छन।"},"crash-reports-description-3-start":{"_":"हामी क्र्याश प्रतिवेदनहरुको प्रयोग समस्या समाधान गर्न र हाम्रा उत्पादनहरु सुधार्नमा प्रयोग गर्छौ| तपाईंको सूचनालाई हामी हाम्रो ourȀ वर्णन गरे जस्तैगरी सम्हाल्छौँ।"},"crash-reports-description-3-privacy":{"_":"गोपनीयता नीति"},"crash-reports-description-3-end":{"_":"।"},"crash-banner-os2":{"_":"{{brandShortName}} भर्खरै क्र्यास भयो।"},"crash-banner-app":{"_":"{{name}} भर्खरै क्र्यास भयो।"},"crash-banner-report":{"_":"प्रतिवेदन"},"bluetooth-sendingTitle":{"_":"ब्लुटुथ स्थानान्तरण पठाउँदैछ.."},"bluetooth-receivingTitle":{"_":"ब्लुटुथ स्थानान्तरण प्राप्त गर्दैछ.."},"bluetooth-sending-progress":{"_":"ब्लुटुथ स्थानान्तरण पठाउँदैछ.."},"bluetooth-receiving-progress":{"_":"ब्लुटुथ स्थानान्तरण प्राप्त गर्दैछ.."},"acceptFileTransfer":{"_":"ब्लुटुथ फाइल स्थानान्तरण स्वीकार गर्नुहुन्छ?"},"wantToReceiveFile":{"_":"{{deviceName}}ले {{fileName}} ({{fileSize}}byte) स्थानान्तर गर्न चाहन्छ |"},"transfer-confirmation-title":{"_":"{{deviceName}}"},"transfer-confirmation-description":{"_":"स्थानान्तर अनुरोध पुनरावलोकन गर्नुहोस् ।"},"byteUnit-B":{"_":"बाइट्स"},"byteUnit-KB":{"_":"किलोबाइट"},"byteUnit-MB":{"_":"MB"},"byteUnit-GB":{"_":"GB"},"byteUnit-TB":{"_":"TB"},"byteUnit-PB":{"_":"PB"},"byteUnit-EB":{"_":"EB"},"byteUnit-ZB":{"_":"ZB"},"byteUnit-YB":{"_":"YB"},"fileSize":{"_":"{{size}} {{unit}}"},"transfer":{"_":"स्थानान्तर गर्नुहोस्"},"cancelFileTransfer":{"_":"ब्लुटुथ फाइल स्थानान्तर गर्नुहोस रद्द गर्न चाहनुहुन्छ?"},"transfer-has-started-title":{"_":"स्थानान्तरण सुरु भइसकेको छ"},"transfer-has-started-description":{"_":"सूचना केन्द्रमा प्रगति जाँच्नुहोस्"},"transferFinished-sentSuccessful-title":{"_":"फाइल पठाइयो"},"transferFinished-receivedSuccessful-title":{"_":"फाइल प्राप्त गरियो"},"transferFinished-sentFailed-title":{"_":"फाइल पठाउन सकिएन"},"transferFinished-receivedFailed-title":{"_":"फाइल प्राप्त गर्न सकिएन"},"transferReport-title":{"_":"स्थानान्तर प्रतिवेदन:"},"transferReport-description":{"_":"{{numSuccessful}} फाइलमा सफलता, {{numUnsuccessful}} फाइलमा असफलता"},"unknown-file":{"_":"अज्ञात फाइल"},"unknown-device":{"_":"अज्ञात यन्त्र"},"cannotOpenFile":{"_":"प्राप्त गरिएको फाइल खोल्न सकिएन"},"unknownMediaTypeToOpen":{"_":"अज्ञात मिडियाको प्रकार खोल्न सकिदैन: "},"cannotReceiveFile":{"_":"फाइल प्राप्त गर्न सकिदैन"},"cannotGetStorageState":{"_":"यन्त्र भण्डार स्थिति पाउन सकिएन ।"},"sdcard-not-exist2":{"_":"स्मृति कार्ड भेटिएन । कृपया स्मृति कार्ड घुसाउनुहोस् ।"},"sdcard-in-use":{"_":"फोन जोडिएको बेलामा ब्लुटुथको प्रयोग गर्न सकिदैन। फाइल(हरु) प्राप्त गर्नका लागि कृपया फोन छुटाउनुहोस्।"},"sdcard-no-space2":{"_":"स्थानान्तरण पूरा हुनसकेन:मेमोरी कार्ड भरि छ।"},"unknown-error":{"_":"अज्ञात त्रुटि"},"confirm":{"_":"यकिन गर्नुहोस्"},"microphone-is-on":{"_":"माइक्रोफोन चालू छ"},"camera-is-on":{"_":"क्यामेरा चालू छ"},"media-is-on":{"_":"क्यामेरा र माइक्रोफोन चालू छ"},"noSimCard":{"_":"सिम कार्ड छैन"},"simPin":{"_":"सिम PIN"},"pukCode":{"_":"PUK कोड"},"nckCode":{"_":"NCK कोड"},"cckCode":{"_":"CCK कोड"},"spckCode":{"_":"SPCK कोड"},"whatIsSimPin":{"_":"सिम PIN क हो?"},"simPinIntro1":{"_":"SIM PINले सिम कार्डमा सेलुलर डाटा सञ्जालहरु रोक्छ | जब SIM PIN सक्षम पर्नुहुन्छ, कुनै पनि सिम कार्ड भएको यन्त्रले फेरि सुरु हुदा PIN माग्छ |"},"simPinIntro2":{"_":"यन्त्र खोल्न प्रयोग हुने पासकोड र SIM PIN एउटै होइनन् |"},"changeSimPin":{"_":"PIN परिवर्तन गर्नुहोस्"},"pinTitle":{"_":"सिम PIN प्रविष्ट गर्नुहोस्"},"multiSIMpinTitle":{"_":"सिम {{n}} PIN प्रविष्ट गर्नुहोस्"},"pukTitle":{"_":"PUK कोड प्रविष्ट गर्नुहोस्"},"nckTitle":{"_":"NCK कोड प्रविष्ट गर्नुहोस्"},"cckTitle":{"_":"CCK कोड प्रविष्ट गर्नुहोस्"},"spckTitle":{"_":"SPCK कोड प्रविष्ट गर्नुहोस्"},"newpinTitle":{"_":"नयाँ PIN"},"inputCodeRetriesLeft":{"_":"{[ plural(n) ]}","_[one]":"अन्तिम कोशिस ।","_[two]":"{{n}} प्रयासहरु बाँकी।","_[few]":"{{n}} प्रयासहरु बाँकी।","_[many]":"{{n}} प्रयासहरु बाँकी।","_[other]":"{{n}} प्रयासहरु बाँकी।"},"pinErrorMsg":{"_":"PIN गलत रहेछ।"},"pinAttemptMsg2":{"_":"{[ plural(n) ]}","_[one]":"यस सिम कार्ड बन्द हुनु अघि तपाईसंग ठिक कोड प्रविष्ट गर्न एक कोसिस बाँकी छ।","_[two]":"तपाईसंग यस सिम कार्ड बन्द हुन अघि ठिक कोड प्रविष्ट गर्न {{n}} कोसिस बाँकी छन्।","_[few]":"तपाईसंग यस सिम कार्ड बन्द हुन अघि ठिक कोड प्रविष्ट गर्न {{n}} कोसिस बाँकी छन्।","_[many]":"तपाईसंग यस सिम कार्ड बन्द हुन अघि ठिक कोड प्रविष्ट गर्न {{n}} कोसिस बाँकी छन्।","_[other]":"तपाईसंग यस सिम कार्ड बन्द हुन अघि ठिक कोड प्रविष्ट गर्न {{n}} कोसिस बाँकी छन्।"},"pinLastChanceMsg":{"_":"सहि PIN प्रविष्ट गर्ने यो तपाईको अन्तिम मौका हो। नत्रभने, तपाईले यो सिम कार्ड प्रयोग गर्नका लागि PUK कोड प्रविष्ट गर्नुपर्दछ।"},"simCardLockedMsg":{"_":"सिम कार्ड बन्द भयो।"},"enterPukMsg":{"_":"तपाईले सिम कार्डका लागि व्यक्तिगत ताल्चा खोल्ने चाबी (PUK) कोड प्रविष्ट गर्नुपर्छ | थप जानकारीका लागि तपाईले आफ्नो सिम कार्ड कागजात अथवा तपाईको सिम कार्ड वाहकसंग सम्पर्क राख्नुहोस् |"},"pukErrorMsg":{"_":"PUK कोड गलत छ।"},"pukAttemptMsg2":{"_":"{[ plural(n) ]}","_[one]":"यस सिम कार्ड सधैका लागि नचल्नु अघि तपाईसंग ठिक कोड प्रविष्ट गर्न एक कोसिस बाँकी छ। थप जानकारीका लागि तपाईको सिम कार्ड कागजात हेर्नुहोस् अथवा सिम कार्ड वाहकसंग सम्पर्क राख्नुहोस्।","_[two]":"यस सिम कार्ड सधैका लागि नचल्नु अघि तपाईसंग ठिक कोड प्रविष्ट गर्न {{n}} कोसिस बाँकी छन्। थप जानकारीका लागि तपाईको सिम कार्ड कागजात हेर्नुहोस् अथवा सिम कार्ड वाहकसंग सम्पर्क राख्नुहोस्।","_[few]":"यस सिम कार्ड सधैका लागि नचल्नु अघि तपाईसंग ठिक कोड प्रविष्ट गर्न {{n}} कोसिस बाँकी छन्। थप जानकारीका लागि तपाईको सिम कार्ड कागजात हेर्नुहोस् अथवा सिम कार्ड वाहकसंग सम्पर्क राख्नुहोस्।","_[many]":"यस सिम कार्ड सधैका लागि नचल्नु अघि तपाईसंग ठिक कोड प्रविष्ट गर्न {{n}} कोसिस बाँकी छन्। थप जानकारीका लागि तपाईको सिम कार्ड कागजात हेर्नुहोस् अथवा सिम कार्ड वाहकसंग सम्पर्क राख्नुहोस्।","_[other]":"यस सिम कार्ड सधैका लागि नचल्नु अघि तपाईसंग ठिक कोड प्रविष्ट गर्न {{n}} कोसिस बाँकी छन्। थप जानकारीका लागि तपाईको सिम कार्ड कागजात हेर्नुहोस् अथवा सिम कार्ड वाहकसंग सम्पर्क राख्नुहोस्।"},"pukLastChanceMsg":{"_":"ठिक PUK कोड प्रविष्ट गर्न यो अन्तिम मौका हो | तपाईले गलत PUK कोड प्रविष्ट गरेमा तपाईको यस सिम कार्ड सधैका लागि चल्दैन | थप जानकारीका लागि तपाईको सिम कार्ड कागजात हेर्नुहोस् अथवा सिम कार्ड वाहकसंग सम्पर्क राख्नुहोस् |"},"newSimPinMsg":{"_":"PIN सृजना गर्नुहोस् (४ देखि ८ वटा अङ्कहरु हुनु पर्दछ)"},"confirmNewSimPinMsg":{"_":"नयाँ PIN को पुष्टि गर्नुहोस्"},"newPinErrorMsg":{"_":"PIN हरु मिल्दैनन्।"},"nckErrorMsg":{"_":"NCK कोड गलत छ।"},"nckAttemptMsg2":{"_":"{[ plural(n) ]}","_[one]":"सञ्जाल निजीकरण नगर्ने अनुरोध असफल। तपाईँसँग ठिक कोड प्रविष्ट गर्न एउटा कोसिस बाँकी छ। थप जानकारीका लागि आफ्नो यन्त्रको कागजत हेर्नुहोस् वा तपाईँको यन्त्र वाहकसँग सम्पर्क राख्नुहोस्।","_[two]":"व्यक्तिगत अपहिचान सञ्जाल अनुरोध असफल। तपाईसंग ठिक कोड प्रविष्ट गर्न {{n}} कोसिस बाँकी छन्। थप जानकारीका लागि आफ्नो यन्त्रको कागजत हेर्नुहोस् वा तपाईको यन्त्र वाहकसंग सम्पर्क राख्नुहोस्।","_[few]":"व्यक्तिगत अपहिचान सञ्जाल अनुरोध असफल। तपाईसंग ठिक कोड प्रविष्ट गर्न {{n}} कोसिस बाँकी छन्। थप जानकारीका लागि आफ्नो यन्त्रको कागजत हेर्नुहोस् वा तपाईको यन्त्र वाहकसंग सम्पर्क राख्नुहोस्।","_[many]":"व्यक्तिगत अपहिचान सञ्जाल अनुरोध असफल। तपाईसंग ठिक कोड प्रविष्ट गर्न {{n}} कोसिस बाँकी छन्। थप जानकारीका लागि आफ्नो यन्त्रको कागजत हेर्नुहोस् वा तपाईको यन्त्र वाहकसंग सम्पर्क राख्नुहोस्।","_[other]":"व्यक्तिगत अपहिचान सञ्जाल अनुरोध असफल। तपाईसंग ठिक कोड प्रविष्ट गर्न {{n}} कोसिस बाँकी छन्। थप जानकारीका लागि आफ्नो यन्त्रको कागजत हेर्नुहोस् वा तपाईको यन्त्र वाहकसंग सम्पर्क राख्नुहोस्।"},"nckLastChanceMsg":{"_":"वेक्तिगत अपहिचान सञ्जाल अनुरोध असफल | ठिक NCK कोड प्रविष्ट गर्ने अन्तिम मौका | थप जानकारीका लागि आफ्नो यन्त्रको कागजत हेर्नुहोस् वा तपाईको यन्त्र वाहकसंग सम्पर्क राख्नुहोस् |"},"activity-pick":{"_":"यहादेखि चयन गर:"},"activity-view":{"_":"यससँग अवोलोकन गर्ने:"},"activity-test":{"_":"यससँग जाँच्ने:"},"activity-share":{"_":"यससँग बाँड्ने:"},"activity-new":{"_":"यससँग सृजना गर्ने :"},"activity-open":{"_":"योसँग खोल्ने:"},"activity-save-bookmark":{"_":"यहाँ पुस्तकचिनो:"},"activity-record":{"_":"यहाँदेखि रेकर्ड:"},"activity-browse":{"_":"यससँग हेर्ने:"},"activity-configure":{"_":"यससँग कन्फिगर गर्ने:"},"activity-dial":{"_":"यहाँदेखि डायल:"},"persona-signin":{"_":"साइन इन"},"payment-flow":{"_":"खरीद गर्नुहोस्"},"remoteDebuggerMessage":{"_":"रिमोट डीबगइंग जडानका लागि आगमन अनुरोध अनुमति पत्ता लगाइयो | जडान स्वीकारनुहुन्छ?"},"fullscreen-request":{"_":"{{origin}} अब पूर्ण पर्दा भयो |"},"captive-wifi-available":{"_":"{{networkName}} भन्ने सञ्जाल भेटियो। सञ्जालसँग जोड्न चाहानुहुन्छ?"},"ceWarningtitle":{"_":"भोल्युम सवधान"},"ceWarningcontent":{"_":"संभवत सुनवाई नष्ट नगुनबाट रोकनका लागी, लामो समयसम्म उच्च भोल्युमको स्तरमा नसुन्नहोला।"},"notification-powersaving-mode-on-title":{"_":"शक्ति बचत शैली"},"notification-powersaving-mode-on-description":{"_":"शक्ति बचत शैली चालू छ।"},"low-device-storage":{"_":"यन्त्रको खाली स्थान थोरै छ।\n"},"free-space":{"_":"{[ plural(value) ]}","_[zero]":"कुनै पनि खाली स्थान बाकि छैन।","_[one]":"{{मान}} {{एकाइ}} भन्दा कम बाकि।","_[two]":"{{मान}} {{एकाइ}} भन्दा कम बाकि।","_[few]":"{{मान}} {{एकाइ}} भन्दा कम बाकि।","_[many]":"{{value}} {{unit}} भन्दा कम बांकी छ।","_[other]":"{{value}} {{unit}} भन्दा कम बांकी छ।"},"unknown-free-space":{"_":"अज्ञात खाली स्थान।"},"system-alert":{"_":"प्रणाली सतर्कता"},"cb-channel":{"_":"माध्यम {{माध्यम}}"},"icc-message-title":{"_":"SIM {{id}} बाट सञ्चालक सन्देश"},"icc-confirmCall-defaultmessage":{"_":"कल {{सङ्ख्या}}?"},"icc-alertMessage-defaultmessage":{"_":"सन्देश पठाउँदै"},"icc-confirmMessage-defaultmessage":{"_":"सन्देश पठाउनुहोस्?"},"icc-inputbox-title":{"_":"सिम {{id}} बाट एस टि के क्वेरी"},"emergency-callback-mode":{"_":"आपतकालीन कल फिर्ता गर्ने शैली"},"emergency-callback-message":{"_":"तपाईंले कल गर्न, सन्देश पठाउन अथवा अनलाइन जान सक्नुहुन्न किनभने आकसमिक कलब्याक मोड सक्षम परिएको छैन । के तपाईं यसलाई बन्द गर्न चाहनुहुन्छ ?"},"cdma-record-info":{"_":"सि डी एम् ए रेकर्ड सूचना"},"ime-switching-title":{"_":"{{appName}}: {{name}}"},"ime-switching-tip":{"_":"प्रणाली बदल्न थिच्नुहोस"},"layout-selection":{"_":"सजावट चयन गर्नुहोस्"},"shrinking-tip":{"_":"साझेदारी गर्नका लागि स्वाइप गर्नुहोस्"},"download_started":{"_":"डाउनलोड सुरु गरियो"},"download_stopped":{"_":"डाउनलोड रोकियो"},"download_downloading":{"_":"डाउनलोड हुँदैछ…"},"download_succeeded":{"_":"डाउनलोड समाप्त"},"download_failed":{"_":"डाउनलोड असफल भयो"},"download_text_by_default":{"_":"{{नाम}}"},"download_downloading_text_2":{"_":"{{प्रतिशत}}%-{{नाम}}"},"search":{"_":"खोजी गर्नुहोस्"},"search-or-type-address":{"placeholder":"खोज्नुहोस वा स्थान लेख्नुहोस्"},"noSIMCardInHotspot":{"_":"सिम कार्ड अनुपस्थित छ अथवा गलत तरिकाले घुसाइएको छ, त्यस कारण हटस्पट बन्द गर्नुहोस्"},"brandShortName":{"_":"बिटुजि अोएस"},"browserBrandShortName":{"_":"वेब ब्राउजर"},"browserBrandFullName":{"_":"मोजिल्ला वेब ब्राउजर"},"weekday-0-long":{"_":"आइतबार"},"weekday-1-long":{"_":"सोमबार"},"weekday-2-long":{"_":"मंगलबार"},"weekday-3-long":{"_":"बुधबार"},"weekday-4-long":{"_":"बिहिबार"},"weekday-5-long":{"_":"शुक्रबार"},"weekday-6-long":{"_":"शनिबार"},"weekday-0-short":{"_":"आइत"},"weekday-1-short":{"_":"सोम"},"weekday-2-short":{"_":"मङ्गल"},"weekday-3-short":{"_":"बुध"},"weekday-4-short":{"_":"बिहि"},"weekday-5-short":{"_":"शुक्र"},"weekday-6-short":{"_":"शनि"},"month-0-long":{"_":"जनवरी"},"month-1-long":{"_":"फेब्रुअरी"},"month-2-long":{"_":"ंमार्च"},"month-3-long":{"_":"अप्रिल"},"month-4-long":{"_":"मे"},"month-5-long":{"_":"जुन"},"month-6-long":{"_":"जुलाई"},"month-7-long":{"_":"अगस्ट"},"month-8-long":{"_":"सेप्टेम्बर"},"month-9-long":{"_":"अक्टोबर"},"month-10-long":{"_":"नोभेम्बर"},"month-11-long":{"_":"डिसेम्बर"},"month-0-genitive":{"_":"जनवरी"},"month-1-genitive":{"_":"फेब्रुअरी"},"month-2-genitive":{"_":"ंमार्च"},"month-3-genitive":{"_":"अप्रिल"},"month-4-genitive":{"_":"मे"},"month-5-genitive":{"_":"जुन"},"month-6-genitive":{"_":"जुलाई"},"month-7-genitive":{"_":"अगस्ट"},"month-8-genitive":{"_":"सेप्टेम्बर"},"month-9-genitive":{"_":"अक्टोबर"},"month-10-genitive":{"_":"नोभेम्बर"},"month-11-genitive":{"_":"डिसेम्बर"},"month-0-short":{"_":"जन"},"month-1-short":{"_":"फेब"},"month-2-short":{"_":"मार्च"},"month-3-short":{"_":"अप्रिल"},"month-4-short":{"_":"मे"},"month-5-short":{"_":"जुन"},"month-6-short":{"_":"जुलाई"},"month-7-short":{"_":"अगस्ट"},"month-8-short":{"_":"सेप्टेम्वर"},"month-9-short":{"_":"अक्टुवर"},"month-10-short":{"_":"नोभेम्वर"},"month-11-short":{"_":"डिसेम्वर"},"minutes-ago-long":{"_":"{[ plural(value) ]}","_[zero]":"भर्खरै","_[one]":"एक मिनेट अगाडि","_[two]":"{{value}} मिनेट अगाडि","_[few]":"{{value}} मिनेट अगाडि","_[many]":"{{value}} मिनेट अगाडि","_[other]":"{{value}} मिनेट अगाडि"},"hours-ago-long":{"_":"{[ plural(value) ]}","_[zero]":"भर्खरै","_[one]":"एक घन्टा अगाडि","_[two]":"{{value}} घण्टा अगाडि","_[few]":"{{value}} घण्टा अगाडि","_[many]":"{{value}} घण्टा अगाडि","_[other]":"{{value}} घण्टा अगाडि"},"days-ago-long":{"_":"{[ plural(value) ]}","_[zero]":"आज","_[one]":"हिजो","_[two]":"{{value}} दिन अगाडि","_[few]":"{{value}} दिन अगाडि","_[many]":"{{value}} दिन अगाडि","_[other]":"{{value}} दिन अगाडि"},"weeks-ago-long":{"_":"{[ plural(value) ]}","_[zero]":"यो हप्ता","_[one]":"गएको हप्ता","_[two]":"{{value}} हप्ता अगाडि","_[few]":"{{value}} हप्ता अगाडि","_[many]":"{{value}} हप्ता अगाडि","_[other]":"{{value}} हप्ता अगाडि"},"months-ago-long":{"_":"{[ plural(value) ]}","_[zero]":"यो महिना","_[one]":"गएको महिना","_[two]":"{{value}} महिना अगाडि","_[few]":"{{value}} महिना अगाडि","_[many]":"{{value}} महिना अगाडि","_[other]":"{{value}} महिना अगाडि"},"years-ago-long":{"_":"{[ plural(value) ]}","_[zero]":"यो वर्ष","_[one]":"अघिल्लो वर्ष","_[two]":"{{value}} वर्ष अगाडि","_[few]":"{{value}} वर्ष अगाडि","_[many]":"{{value}} वर्ष अगाडि","_[other]":"{{value}} वर्ष अगाडि"},"minutes-until-long":{"_":"{[ plural(value) ]}","_[zero]":"अहिले","_[one]":"एक मिनेटमा","_[two]":"{{value}} मिनेटमा","_[few]":"{{value}} मिनेटमा","_[many]":"{{value}} मिनेटमा","_[other]":"{{value}} मिनेटमा"},"hours-until-long":{"_":"{[ plural(value) ]}","_[zero]":"अहिले","_[one]":"एक घण्टामा","_[two]":"{{value}} घण्टामा","_[few]":"{{value}} घण्टामा","_[many]":"{{value}} घण्टामा","_[other]":"{{value}} घण्टामा"},"days-until-long":{"_":"{[ plural(value) ]}","_[zero]":"आज","_[one]":"भोलि","_[two]":"{{value}} दिनमा","_[few]":"{{value}} दिनमा","_[many]":"{{value}} दिनमा","_[other]":"{{value}} दिनमा"},"weeks-until-long":{"_":"{[ plural(value) ]}","_[zero]":"यो हप्ता","_[one]":"पछिल्लो हप्ता","_[two]":"{{value}} हप्तामा","_[few]":"{{value}} हप्तामा","_[many]":"{{value}} हप्तामा","_[other]":"{{value}} हप्तामा"},"months-until-long":{"_":"{[ plural(value) ]}","_[zero]":"यस महिना","_[one]":"पछिल्लो महिना","_[two]":"{{value}} महिनामा","_[few]":"{{value}} महिनामा","_[many]":"{{value}} महिनामा","_[other]":"{{value}} महिनामा"},"years-until-long":{"_":"{[ plural(value) ]}","_[zero]":"यस बर्ष","_[one]":"आर्को बर्ष","_[two]":"{{value}} बर्षमा","_[few]":"{{value}} बर्षमा","_[many]":"{{value}} वर्षमा","_[other]":"{{value}} वर्षमा"},"minutes-ago-short":{"_":"{[ plural(value) ]}","_[zero]":"भर्खरै","_[other]":"{{value}}मिनेट अघि"},"hours-ago-short":{"_":"{[ plural(value) ]}","_[zero]":"भर्खरै","_[other]":"{{value}}घण्टा अघि"},"days-ago-short":{"_":"{[ plural(value) ]}","_[zero]":"आज","_[other]":"{{value}}दिन अघि"},"minutes-until-short":{"_":"{[ plural(value) ]}","_[zero]":"अहिले","_[other]":"{{value}}मिनेटमा"},"hours-until-short":{"_":"{[ plural(value) ]}","_[zero]":"अहिले","_[other]":"{{value}}घण्टामा"},"days-until-short":{"_":"{[ plural(value) ]}","_[zero]":"आज","_[other]":"{{value}}दिनमा"},"incorrectDate":{"_":"(गलत मिति)"},"dateTimeFormat_%c":{"_":"%a %b %e %Y %I:%M:%S %p"},"dateTimeFormat_%x":{"_":"%m/%d/%Y"},"dateTimeFormat_%X":{"_":"%I:%M:%S %p"},"shortTimeFormat":{"_":"%I:%M %p"},"shortDateTimeFormat":{"_":"%x %I:%M %p"},"weekStartsOnMonday":{"_":"0"},"time_am":{"_":"ए एम"},"time_pm":{"_":"पी एम"},"perm-contacts":{"_":"सम्पर्कहरू"},"perm-contacts-appRequest":{"_":"{{app}}ले तपाईको सम्पर्क सूचीसंग पहुंच पुग्न चाहन्छ |"},"perm-contacts-webRequest":{"_":"{{site}}ले तपाईको सम्पर्क सूचीसंग पहुंच पुग्न चाहन्छ |"},"perm-desktop-notification":{"_":"सूचनाहरु"},"perm-desktop-notification-appRequest":{"_":"{{app}}ले सूचनाहरू देखाउन चाहन्छ |"},"perm-desktop-notification-webRequest":{"_":"{{site}}ले सूचनाहरू देखाउन चाहन्छ।"},"perm-device-storage-music":{"_":"सङ्गित भण्डारण"},"perm-device-storage-music-appRequest":{"_":"{{app}} तपाईको संगीत प्रयोग गर्ने चाहन्छ |"},"perm-device-storage-music-webRequest":{"_":"{{site}} तपाईको संगीतको उपयोग गर्ने चाहन्छ |"},"perm-device-storage-pictures":{"_":"छवि भण्डारण"},"perm-device-storage-pictures-appRequest":{"_":"{{app}} तपाईको चित्रहरु प्रयोग गर्ने चाहन्छ |"},"perm-device-storage-pictures-webRequest":{"_":"{{site}}ले तपाईको चित्रहरुसंग पहुंच पुग्न चाहन्छ |"},"perm-device-storage-sdcard":{"_":"मेमोरी कार्ड भण्डार"},"perm-device-storage-sdcard-appRequest":{"_":"{{app}} तपाईको मेमोरी कार्डसंग पहुंच पुग्न चाहन्छ |"},"perm-device-storage-sdcard-webRequest":{"_":"{{site}}ले तपाईको मेमोरी कार्डसंग पहुंच पुग्न चाहन्छ |"},"perm-device-storage-videos":{"_":"भिडियो भण्डार"},"perm-device-storage-videos-appRequest":{"_":"{{app}}ले तपाईको भिडियोहरुसंग पहुंच पुग्न चाहन्छ |"},"perm-device-storage-videos-webRequest":{"_":"{{site}}ले तपाईको भिडियोहरुसंग पहुंच पुग्न चाहन्छ |"},"perm-fmradio":{"_":"FM रेडियो"},"perm-fmradio-appRequest":{"_":"{{app}} FM रेडियो प्रयोग गर्न चाहन्छ |"},"perm-fmradio-webRequest":{"_":"{{site}} FM रेडियो प्रयोग गर्न चाहन्छ |"},"perm-geolocation":{"_":"भू-स्थान"},"perm-geolocation-appRequest":{"_":"{{app}} तपाईको स्थान जान्न चाहन्छ ।"},"perm-geolocation-webRequest":{"_":"{{site}} तपाईको स्थान जान्न चाहन्छ।"},"perm-geolocation-more-info":{"_":"{{brandShortName}} तपाईको अनुमानित स्थान निर्धारित गर्न मद्दत गर्नको लागि  जिपिएस, वाई फाई, र तपाई सँग भएको मोबाइल नेटवर्कको रुपमा डाटाको उपयोग गर्छ । डाटा मोजिला र अन्य सेवा प्रदाताको लागि पठाएको छ र त्यस स्थान डाटाबेसमा सुधार गर्नको लागि समग्र रुपमा उपयोग गरिनेछ। डाटा आफनो डिवाइसमा संग्रहित गर्न सकिन्छ र अरु कुनै एप्स चलिरहेछ, तब पनि जब डाटा संग्रह हुन सक्छ ।"},"perm-video-capture":{"_":"क्यामेरा"},"perm-video-capture-appRequest":{"_":"के तपाईं {{app}} सँग आफ्नो क्यामेरा बाँड्न चाहनुहुन्छ?"},"perm-video-capture-webRequest":{"_":"के तपाईं {{site}} सँग आफ्नो क्यामेरा बाँड्न चाहनुहुन्छ?"},"perm-audio-capture":{"_":"माईक्रोफोन"},"perm-audio-capture-appRequest":{"_":"के तपाईं {{app}} सँग आफ्नो माईक्रोफोन बाँड्न चाहनुहुन्छ?"},"perm-audio-capture-webRequest":{"_":"के तपाईं {{app}} सँग आफ्नो माईक्रोफोन बाँड्न चाहनुहुन्छ?"},"perm-media-capture":{"_":"क्यामेरा र माइऋोफोन"},"perm-media-capture-appRequest":{"_":"के तपाई आफ्नो क्यामेरा र माइक्रोफोन {{अनुप्रयोग}} संग बाँड्न चाहनु हुन्छ ?"},"perm-media-capture-webRequest":{"_":"के तपाई आफ्नो क्यामेरा र माइक्रोफोन {{साइट}} संग बाँड्न चाहनु हुन्छ ?"},"stopped_download_title":{"_":"डाउनलोड रोकिएको"},"stopped_download_message":{"_":"डाउनलोड रोकिएको थियो । पुन: डाउनलोड गर्ने प्रयास गर्न चाहनु हुन्छ ?"},"stopped_download_left_button":{"_":"रद्द गर्नुहोस्"},"stopped_download_right_button":{"_":"फेरि प्रयास गर्नुहोस्"},"failed_download_title":{"_":"डाउनलोड असफल भयो"},"failed_download_message":{"_":"{{name}} डाउनलोड गर्न असफल भयो । पुन: डाउनलोड गर्न चाहनुहुन्छ ?"},"failed_download_left_button":{"_":"रद्द गर्नुहोस्"},"failed_download_right_button":{"_":"पुन: प्रयास गर्नुहोस्"},"stop_download_title":{"_":"डाउनलोड रोक"},"stop_download_message":{"_":"के तपाईँ डाउनलोड विराम गर्न चाहानुमा निश्चित हुनुहुन्छ ?"},"stop_download_left_button":{"_":"हुन्न"},"stop_download_right_button":{"_":"हो"},"delete_download_title":{"_":"मेटाउनुहोस्"},"delete_download_message":{"_":"मेटाउनुहोस्{{नाम}}?"},"delete_download_left_button":{"_":"रद्द गर्नुहोस्"},"delete_download_right_button":{"_":"मेटाउनुहोस्"},"delete_all_download_title":{"_":"मेटाउनुहोस्"},"delete_all_download_left_button":{"_":"रद्द गर्नुहोस्"},"delete_all_download_right_button":{"_":"मेटाउनुहोस्"},"delete_all_download_message":{"_":"{[ plural(number) ]}","_[zero]":"कुनै फाइल मेटाउन चाहनु हुन्न ?","_[one]":"एउटा फाइल मेटाउन चाहनु हुन्छ ?","_[two]":"{{number}} फाइलहरु मेटाउनुहुन्छ ?","_[few]":"{{number}} फाइलहरु मेटाउनुहुन्छ ?","_[many]":"{{number}} फाइलहरु मेटाउनुहुन्छ ?","_[other]":"{{number}} फाइलहरु मेटाउनुहुन्छ ?"},"unsupported_file_type_download_title":{"_":"खोल्न असक्षम"},"unsupported_file_type_download_message":{"_":"{{name}} खोल्नमा समस्या भयो। बचत गर्न चाहनु हुन्छ कि मेटाउन चाहनु हुन्छ?"},"unsupported_file_type_download_left_button":{"_":"फाइल राख्नुहोस्"},"unsupported_file_type_download_right_button":{"_":"मेट्नुहोस्"},"file_not_found_download_title":{"_":"फाइल फेला परेन"},"file_not_found_download_message":{"_":"डिभाइसमा फाइल फेला परेन"},"file_not_found_download_right_button":{"_":"ठिक छ"},"unmounted_sdcard_2_download_title":{"_":"मेमोरी कार्ड प्रयोगमा छ"},"unmounted_sdcard_2_download_message":{"_":"फोन निकाल्नुहोस्"},"unmounted_sdcard_2_download_right_button":{"_":"ठीक छ"},"no_provider_download_title":{"_":"सेयर गर्न असक्षम छ"},"no_provider_download_message":{"_":"कुनै पार्श्वचित्र पाइएन ।"},"no_provider_download_right_button":{"_":"ठीक छ"},"no_memory_download_title":{"_":"SD कार्ड भरियो"},"no_memory_download_message":{"_":"एसडी कार्डमा डाउनलोड बचत गर्न ठाउँ छैन । कृपया डाउनलोड सुरु गर्नु अघि केहि फाइलहरु हटाउनु होस् ।"},"no_memory_download_right_button":{"_":"ठीक छ"},"no_sdcard_found_2_download_title":{"_":"मेमोरी कार्ड भेटिएन"},"no_sdcard_found_2_download_message":{"_":"मेमोरी कार्ड घुसाउनुहोस् अथवा सेटिंगमा अन्य बैकल्पिक मिडिया स्थान चयन गर्नु होस् "},"no_sdcard_found_2_download_right_button":{"_":"ठीक छ"},"file_open_error_download_title":{"_":"खोल्न असक्षम"},"file_open_error_download_message":{"_":"{{name}} खोल्नमा समस्या भयो । बचत गर्न चाहनु हुन्छ कि मेटाउन ?"},"file_open_error_download_left_button":{"_":"फाइल राख्नुहोस्"},"file_open_error_download_right_button":{"_":"मेटाउनुहोस्"},"restart_download_error":{"_":"डाउनलोड पुन सुचारु गर्न समस्या भयो । कृपया पुन प्रयास गर्नु होस् ।"},"no-downloads":{"_":"डाउनलोड हुन्न"},"percentage":{"_":"{{प्रतिशत}}%"},"partialResult":{"_":"{{total}} को {{partial}}"},"summary":{"_":"{{मिति}}-{{स्थिति}}"},"download-stopped":{"_":"रोकियो"},"download-failed":{"_":"डाउनलोड असफल भयो"},"open_downloaded_file":{"_":"खोल्नुहोस्"},"share_downloaded_file":{"_":"साझेदारी गर्नुहोस्"},"wallpaper_downloaded_file":{"_":"वालपेपरको रुपमा सेट गर्नुहोस्"},"ringtone_downloaded_file":{"_":"रिङ्गटोनको रुपमा सेट गर्नुहोस् "},"cancel_downloaded_file":{"_":"रद्द गर्नुहोस्"},"sim-picker-dial-via-with-number":{"_":"यस बाट {{ phoneNumber }} डायल गर्नुहोस"},"sim-picker-select-sim":{"_":"सिम चयन गर्नुहोस्"},"sim-picker-button":{"_":"सिम{{ n }}"},"sim-picker-button-default":{"_":"(पूर्वनिर्धारित)"}}