{"ok":{"_":"OK"},"back":{"_":"Terug"},"help":{"_":"Help"},"cancel":{"_":"Annuleren"},"close":{"_":"Sluiten"},"skip":{"_":"Overslaan"},"airplaneMode":{"_":"Vliegtuigmodus"},"searching":{"_":"Zoeken…"},"noNetwork":{"_":"Geen netwerk"},"roaming":{"_":"{{operator}} (Roaming)"},"emergencyCallsOnly":{"_":"Alleen noodoproepen"},"emergencyCallsOnly-unknownSIMState":{"_":"(onbekende simstatus)"},"emergencyCallsOnly-noSIM":{"_":"(geen simkaart)"},"emergencyCallsOnly-pinRequired":{"_":"(simpincode vereist)"},"emergencyCallsOnly-pukRequired":{"_":"(simpukcode vereist)"},"emergencyCallsOnly-networkLocked":{"_":"(netwerk vergrendeld)"},"emergencyCallsOnly-serviceProviderLocked":{"_":"(serviceprovider vergrendeld)"},"emergencyCallsOnly-corporateLocked":{"_":"(zakelijk vergrendeld)"},"enterPIN":{"_":"Voer pincode in"},"statusbarLabel":{"_":"{{date}}, {{operator}}"},"statusbarDateFormat":{"_":"%e %b"},"notifications":{"_":"Meldingen"},"clear-all":{"_":"Alles wissen"},"newVoicemails":{"_":"{[ plural(n) ]}","_[zero]":"Geen nieuwe voicemailberichten","_[one]":"Eén nieuw voicemailbericht","_[two]":"{{n}} nieuwe voicemailberichten","_[few]":"{{n}} nieuwe voicemailberichten","_[many]":"{{n}} nieuwe voicemailberichten","_[other]":"{{n}} nieuwe voicemailberichten"},"newVoicemailsUnknown":{"_":"Nieuw voicemailbericht"},"dialNumber":{"_":"{{number}} kiezen"},"deviceMenu":{"_":"Telefoon"},"airplane":{"_":"Vliegtuigmodus aanzetten"},"airplaneOff":{"_":"Vliegtuigmodus uitzetten"},"silent":{"_":"Inkomende oproepen dempen"},"normal":{"_":"Inkomende oproepen laten overgaan"},"restart":{"_":"Herstarten"},"power":{"_":"Uitschakelen"},"asyncpanzoom":{"_":"Disable APZ for Apps"},"asyncpanzoomOff":{"_":"Enable APZ for Apps"},"enableScreenReaderSteps":{"_":"Druk nog drie keer op de knoppen volume omhoog en volume omlaag om de schermlezer in te schakelen"},"disableScreenReaderSteps":{"_":"Druk nog drie keer op de knoppen volume omhoog en volume omlaag om de schermlezer uit te schakelen"},"no-recent-apps":{"_":"Geen recente apps"},"yes":{"_":"Ja"},"no":{"_":"Nee"},"deny":{"_":"Weigeren"},"allow":{"_":"Toestaan"},"dontshare-geolocation":{"_":"Niet delen"},"share-geolocation":{"_":"Delen"},"dontshare-audio-capture":{"_":"Niet delen"},"share-audio-capture":{"_":"Delen"},"dontshare-video-capture":{"_":"Niet delen"},"share-video-capture":{"_":"Delen"},"dontshare-media-capture":{"_":"Niet delen"},"share-media-capture":{"_":"Delen"},"device-front":{"_":"Camera voor"},"device-back":{"_":"Camera achter"},"remember-my-choice":{"_":"Mijn keuze onthouden"},"more-info":{"_":"Meer info…"},"install-app":{"_":"{{name}} installeren?"},"size":{"_":"Grootte"},"author":{"_":"Auteur"},"size-unknown":{"_":"Onbekend"},"author-unknown":{"_":"Onbekend"},"install":{"_":"Installeren"},"bytes":{"_":"bytes"},"kB":{"_":"KB"},"MB":{"_":"MB"},"GB":{"_":"GB"},"TB":{"_":"TB"},"PB":{"_":"PB"},"app-install-generic-error":{"_":"Downloaden van {{ appName }} gestopt"},"app-install-download-failed":{"_":"Downloaden van {{ appName }} mislukt"},"app-install-install-failed":{"_":"Installatie van {{ appName }} mislukt"},"cancelling-will-not-refund":{"_":"Annuleren zal geen aankoop vergoeden. Vergoedingen voor betaalde inhoud worden door de oorspronkelijke verkoper aangeboden."},"apps-can-be-installed-later":{"_":"Apps kunnen later worden geïnstalleerd vanaf de oorspronkelijke installatiebron."},"are-you-sure-you-want-to-cancel":{"_":"Weet u zeker dat u deze installatie wilt annuleren?"},"cancel-install":{"_":"Installatie annuleren"},"resume":{"_":"Hervatten"},"continue":{"_":"Doorgaan"},"stopDownloading":{"_":"Downloaden van {{ app }} stoppen?"},"app-download-can-be-restarted":{"_":"De download kan later opnieuw worden gestart."},"app-download-stop-button":{"_":"Downloaden stoppen"},"not-enough-space":{"_":"Niet genoeg ruimte"},"not-enough-space-message":{"_":"Er is niet genoeg ruimte om deze app te installeren. Maak ruimte vrij door oude apps of media te verwijderen en probeer opnieuw te installeren vanaf de oorspronkelijke bronlocatie."},"app-install-success":{"_":"{{ appName }} geïnstalleerd"},"setup":{"_":"Configuratie"},"ime-addkeyboards":{"_":"Toetsenborden toevoegen"},"later":{"_":"Later"},"download":{"_":"Downloaden"},"wantToDownload":{"_":"Update nu downloaden?"},"wantToInstall":{"_":"Update nu installeren?"},"installNow":{"_":"Nu installeren"},"notNow":{"_":"Niet nu"},"downloadingUpdateMessage":{"innerHTML":"Updates downloaden… <span>{{ progress }} gedownload.</span>"},"downloadingAppMessage":{"_":"{{ appName }} downloaden"},"downloadingAppProgressNoMax":{"_":"{{ progress }} gedownload"},"downloadingAppProgressIndeterminate":{"_":"Downloaden"},"downloadingAppProgress":{"_":"{{ progress }} / {{ max }} gedownload"},"cancelAllDownloads":{"_":"Alle downloads annuleren"},"wantToCancelAll":{"_":"Weet u zeker dat u alle downloads wilt annuleren?"},"downloadError":{"_":"Er is een fout opgetreden tijdens het downloaden van de updates."},"updateAvailableInfo":{"innerHTML":"{[ plural(n) ]}","innerHTML[one]":"{{ n }} update beschikbaar. <span>Tik voor meer info.</span>","innerHTML[two]":"{{ n }} updates beschikbaar. <span>Tik voor meer info.</span>","innerHTML[few]":"{{ n }} updates beschikbaar. <span>Tik voor meer info.</span>","innerHTML[many]":"{{ n }} updates beschikbaar. <span>Tik voor meer info.</span>","innerHTML[other]":"{{ n }} updates beschikbaar. <span>Tik voor meer info.</span>"},"numberOfUpdates":{"_":"{[ plural(n) ]}","_[one]":"{{ n }} update beschikbaar","_[two]":"{{ n }} updates beschikbaar","_[few]":"{{ n }} updates beschikbaar","_[many]":"{{ n }} updates beschikbaar","_[other]":"{{ n }} updates beschikbaar"},"systemUpdate":{"_":"Systeemupdate"},"systemUpdateReady":{"_":"Systeemupdate gereed"},"required":{"_":"Vereist"},"uncompressingMessage":{"innerHTML":"Decomprimeren… <span>Dit kan enkele minuten duren.</span>"},"downloadNoWifiWarning":{"_":"Wifi niet beschikbaar. Bijwerken via huidige verbinding kan extra kosten met zich meebrengen."},"downloadOfflineWarning":{"_":"Verbinding niet beschikbaar. Maak verbinding met een netwerk om updates te downloaden."},"downloadDataConnectionWarning":{"_":"Updates worden via gegevensverbinding gedownload als wifi niet beschikbaar is. Er kunnen extra kosten in rekening worden gebracht."},"downloadUpdatesViaDataConnection":{"_":"Updates via gegevensverbinding downloaden?"},"downloadUpdatesViaDataConnectionMessage":{"_":"Updates worden via gegevensverbinding gedownload als wifi niet beschikbaar is. Tijdens het gebruik van de gegevensverbinding kunnen telefoonoproepen worden geblokkeerd en tevens extra kosten in rekening worden gebracht."},"screenshotSaved":{"_":"Afbeelding opgeslagen in Galerij"},"screenshotFailed":{"_":"De schermafbeelding kon niet worden opgeslagen"},"screenshotNoSDCard":{"_":"Geen geheugenkaart gevonden"},"screenshotSDCardInUse":{"_":"Geheugenkaart is in gebruik"},"screenshotSDCardLow":{"_":"Niet genoeg ruimte op geheugenkaart"},"emergency-call-button":{"_":"Noodoproep"},"emergency-call":{"_":"Noodoproep"},"unlock-a11y-button":{"ariaLabel":"Ontgrendelen"},"camera-a11y-button":{"ariaLabel":"Camera"},"longDateFormat":{"_":"%A %e %B"},"softwareHomeButton":{"ariaLabel":"Start"},"login":{"_":"Aanmelden"},"username":{"_":"Gebruikersnaam"},"password":{"_":"Wachtwoord"},"http-authentication-message":{"_":"{{host}} vraagt om een gebruikersnaam en wachtwoord. De website meldt: “{{realm}}”"},"error-message":{"_":"{{name}} wordt niet goed geladen"},"error-title":{"_":"{{name}} ondervindt problemen"},"airplane-is-on":{"_":"Vliegtuigmodus is ingeschakeld"},"airplane-is-turned-on":{"_":"{{name}} vereist een netwerkverbinding. Zet de vliegtuigmodus uit via Instellingen en maak verbinding met een wifi- of mobielegegevensnetwerk."},"server-not-found":{"_":"Server niet gevonden"},"server-not-found-error":{"_":"Kan de server op {{name}} niet vinden."},"network-connection-unavailable":{"_":"Netwerkverbinding niet beschikbaar"},"network-error":{"_":"{{name}} vereist een netwerkverbinding. Probeer verbinding te maken met een wifi- of mobielegegevensnetwerk."},"unable-to-connect":{"_":"Kan geen verbinding maken"},"tap-to-retry":{"_":"Tap to retry"},"try-again":{"_":"Opnieuw"},"select-time":{"_":"Tijd selecteren"},"choose-option":{"_":"Selecteren"},"choose-options":{"_":"Selecteren"},"select-day":{"_":"Dag selecteren"},"battery-almost-empty":{"_":"Batterij bijna leeg"},"add-to-home-screen":{"_":"Toevoegen aan startscherm"},"crash-dialog2-os":{"_":"{{brandShortName}} is zojuist van een crash hersteld"},"crash-dialog-app":{"_":"{{name}} is zojuist gecrasht"},"crash-dialog-message":{"_":"Wilt u een rapport over de crash naar Mozilla verzenden om ons te helpen het probleem op te lossen? (Rapporten worden alleen via wifi verzonden.)"},"crash-info-link":{"_":"Wat staat er in een crashrapport?"},"crash-always-report":{"_":"Altijd een rapport naar Mozilla verzenden als een crash optreedt"},"crash-dont-send":{"_":"Niet verzenden"},"crash-end":{"_":"Verzenden"},"crashReports":{"_":"Crashrapporten"},"done":{"_":"Gereed"},"crash-reports-description-1":{"_":"Een crashrapport bevat enkele details over de crash en uw apparaat, evenals een momentopname van de status van uw apparaat tijdens de crash."},"crash-reports-description-2":{"_":"Hieronder vallen mogelijk zaken als geopende pagina’s en apps, tekst die in formulieren is ingevuld en de inhoud van geopende berichten, recente navigatiegeschiedenis, of geolocatiegegevens die door een geopende app worden gebruikt."},"crash-reports-description-3-start":{"_":"We gebruiken crashrapporten om problemen te kunnen verhelpen en onze producten te verbeteren. We gaan met uw gegevens om zoals beschreven in ons "},"crash-reports-description-3-privacy":{"_":"privacybeleid"},"crash-reports-description-3-end":{"_":"."},"crash-banner-os2":{"_":"{{brandShortName}} is zojuist gecrasht."},"crash-banner-app":{"_":"{{name}} is zojuist gecrasht."},"crash-banner-report":{"_":"Rapport"},"bluetooth-sendingTitle":{"_":"Sending Bluetooth transfer.."},"bluetooth-receivingTitle":{"_":"Receiving Bluetooth transfer.."},"bluetooth-sending-progress":{"_":"Bluetooth-overdracht verzenden…"},"bluetooth-receiving-progress":{"_":"Bluetooth-overdracht ontvangen…"},"acceptFileTransfer":{"_":"Bluetooth-bestandsoverdracht accepteren?"},"wantToReceiveFile":{"_":"{{deviceName}} wil {{fileName}} ({{fileSize}}) overbrengen."},"transfer-confirmation-title":{"_":"{{deviceName}}"},"transfer-confirmation-description":{"_":"Beoordeel aanvraag voor overdracht."},"byteUnit-B":{"_":"Bytes"},"byteUnit-KB":{"_":"KB"},"byteUnit-MB":{"_":"MB"},"byteUnit-GB":{"_":"GB"},"byteUnit-TB":{"_":"TB"},"byteUnit-PB":{"_":"PB"},"byteUnit-EB":{"_":"EB"},"byteUnit-ZB":{"_":"ZB"},"byteUnit-YB":{"_":"YB"},"fileSize":{"_":"{{size}} {{unit}}"},"transfer":{"_":"Overbrengen"},"cancelFileTransfer":{"_":"Bluetooth-bestandsoverdracht annuleren?"},"transfer-has-started-title":{"_":"De overdracht is gestart"},"transfer-has-started-description":{"_":"Controleer de voortgang in Meldingencentrum"},"transferFinished-sentSuccessful-title":{"_":"Bestand verzonden"},"transferFinished-receivedSuccessful-title":{"_":"Bestand ontvangen"},"transferFinished-sentFailed-title":{"_":"Bestand kon niet worden verzonden"},"transferFinished-receivedFailed-title":{"_":"Bestand kon niet worden ontvangen"},"transferReport-title":{"_":"Transferrapport:"},"transferReport-description":{"_":"{{numSuccessful}} bestanden gelukt, {{numUnsuccessful}} bestanden niet gelukt"},"unknown-file":{"_":"Onbekend bestand"},"unknown-device":{"_":"Onbekend apparaat"},"cannotOpenFile":{"_":"Kan ontvangen bestand niet openen"},"unknownMediaTypeToOpen":{"_":"Kan onbekend mediatype niet openen:"},"cannotReceiveFile":{"_":"Kan geen bestand ontvangen"},"cannotGetStorageState":{"_":"Kan status van apparaatopslag niet verkrijgen."},"sdcard-not-exist2":{"_":"Geen geheugenkaart gevonden. Plaats een geheugenkaart."},"sdcard-in-use":{"_":"Bluetooth kan niet worden gebruikt bij aangesloten telefoon. Ontkoppel de telefoon om bestanden te ontvangen."},"sdcard-no-space2":{"_":"Kan overdracht niet voltooien: geheugenkaart is vol."},"unknown-error":{"_":"Onbekende fout"},"confirm":{"_":"Bevestigen"},"microphone-is-on":{"_":"Mic is aan"},"camera-is-on":{"_":"Camera is aan"},"media-is-on":{"_":"Camera & mic zijn AAN"},"noSimCard":{"_":"Geen simkaart"},"simPin":{"_":"Simpincode"},"pukCode":{"_":"Pukcode"},"nckCode":{"_":"NCK-code"},"cckCode":{"_":"CCK-code"},"spckCode":{"_":"SPCK-code"},"whatIsSimPin":{"_":"Wat is een simpincode?"},"simPinIntro1":{"_":"Een simpincode voorkomt toegang tot de simkaart van mobielegegevensnetwerken. Als deze is ingeschakeld, zullen apparaten die de simkaart bevatten bij het herstarten om de pincode vragen."},"simPinIntro2":{"_":"Een simpincode is niet hetzelfde als de wachtwoordcode die voor het ontgrendelen van het apparaat wordt gebruikt."},"changeSimPin":{"_":"Pincode wijzigen"},"pinTitle":{"_":"Voer pincode in"},"multiSIMpinTitle":{"_":"Voer pincode van simkaart {{n}} in"},"pukTitle":{"_":"Voer pukcode in"},"nckTitle":{"_":"Voer NCK-code in"},"cckTitle":{"_":"Voer CCK-code in"},"spckTitle":{"_":"Voer SPCK-code in"},"newpinTitle":{"_":"Nieuwe pincode"},"inputCodeRetriesLeft":{"_":"{[ plural(n) ]}","_[one]":"Laatste poging.","_[two]":"{{n}} pogingen over.","_[few]":"{{n}} pogingen over.","_[many]":"{{n}} pogingen over.","_[other]":"{{n}} pogingen over."},"pinErrorMsg":{"_":"De pincode was onjuist."},"pinAttemptMsg2":{"_":"{[ plural(n) ]}","_[one]":"U hebt één poging over om de juiste code in te voeren voordat de simkaart wordt vergrendeld.","_[two]":"U hebt {{n}} pogingen over om de juiste code in te voeren voordat de simkaart wordt vergrendeld.","_[few]":"U hebt {{n}} pogingen over om de juiste code in te voeren voordat de simkaart wordt vergrendeld.","_[many]":"U hebt {{n}} pogingen over om de juiste code in te voeren voordat de simkaart wordt vergrendeld.","_[other]":"U hebt {{n}} pogingen over om de juiste code in te voeren voordat de simkaart wordt vergrendeld."},"pinLastChanceMsg":{"_":"Dit is uw laatste kans om de juiste pincode in te voeren. Anders moet u de pukcode invoeren om deze simkaart te gebruiken."},"simCardLockedMsg":{"_":"De simkaart is vergrendeld."},"enterPukMsg":{"_":"U moet de persoonlijke deblokkeringscode (pukcode) voor de simkaart invoeren. Kijk in de documentatie van uw simkaart of neem contact op met uw mobiele provider voor meer informatie."},"pukErrorMsg":{"_":"De pukcode is onjuist."},"pukAttemptMsg2":{"_":"{[ plural(n) ]}","_[one]":"U hebt één poging over om de juiste code in te voeren voordat deze simkaart blijvend onbruikbaar wordt. Kijk in de documentatie van uw simkaart of neem contact op met uw mobiele provider voor meer informatie.","_[two]":"U hebt {{n}} pogingen over om de juiste code in te voeren voordat deze simkaart blijvend onbruikbaar wordt. Kijk in de documentatie van uw simkaart of neem contact op met uw mobiele provider voor meer informatie.","_[few]":"U hebt {{n}} pogingen over om de juiste code in te voeren voordat deze simkaart blijvend onbruikbaar wordt. Kijk in de documentatie van uw simkaart of neem contact op met uw mobiele provider voor meer informatie.","_[many]":"U hebt {{n}} pogingen over om de juiste code in te voeren voordat deze simkaart blijvend onbruikbaar wordt. Kijk in de documentatie van uw simkaart of neem contact op met uw mobiele provider voor meer informatie.","_[other]":"U hebt {{n}} pogingen over om de juiste code in te voeren voordat deze simkaart blijvend onbruikbaar wordt. Kijk in de documentatie van uw simkaart of neem contact op met uw mobiele provider voor meer informatie."},"pukLastChanceMsg":{"_":"Laatste kans om de juiste pukcode in te voeren. Uw simkaart zal blijvend onbruikbaar worden als u de verkeerde pukcode invoert. Kijk in de documentatie van uw simkaart of neem contact op met uw mobiele provider voor meer informatie."},"newSimPinMsg":{"_":"Creëer pincode (moet 4 tot 8 cijfers bevatten)"},"confirmNewSimPinMsg":{"_":"Bevestig nieuwe pincode"},"newPinErrorMsg":{"_":"Pincodes komen niet overeen."},"nckErrorMsg":{"_":"De NCK-code is onjuist."},"nckAttemptMsg2":{"_":"{[ plural(n) ]}","_[one]":"Fout bij netwerkdepersonalisatieverzoek. U hebt één poging over om de juiste code in te voeren. Kijk in de documentatie van uw apparaat of neem contact op met uw mobiele provider voor meer informatie.","_[two]":"Fout bij netwerkdepersonalisatieverzoek. U hebt {{n}} pogingen over om de juiste code in te voeren. Kijk in de documentatie van uw apparaat of neem contact op met uw mobiele provider voor meer informatie.","_[few]":"Fout bij netwerkdepersonalisatieverzoek. U hebt {{n}} pogingen over om de juiste code in te voeren. Kijk in de documentatie van uw apparaat of neem contact op met uw mobiele provider voor meer informatie.","_[many]":"Fout bij netwerkdepersonalisatieverzoek. U hebt {{n}} pogingen over om de juiste code in te voeren. Kijk in de documentatie van uw apparaat of neem contact op met uw mobiele provider voor meer informatie.","_[other]":"Fout bij netwerkdepersonalisatieverzoek. U hebt {{n}} pogingen over om de juiste code in te voeren. Kijk in de documentatie van uw apparaat of neem contact op met uw mobiele provider voor meer informatie."},"nckLastChanceMsg":{"_":"Fout bij netwerkdepersonalisatieverzoek. Laatste kans om de juiste NCK-code in te voeren. Kijk in de documentatie van uw apparaat of neem contact op met uw mobiele provider voor meer informatie."},"activity-pick":{"_":"Kiezen uit:"},"activity-view":{"_":"Weergeven met:"},"activity-test":{"_":"Testen met:"},"activity-share":{"_":"Delen met:"},"activity-new":{"_":"Aanmaken met:"},"activity-open":{"_":"Openen met:"},"activity-save-bookmark":{"_":"Bladwijzer naar:"},"activity-record":{"_":"Opnemen vanaf:"},"activity-browse":{"_":"Bladeren met:"},"activity-configure":{"_":"Configureren met:"},"activity-dial":{"_":"Bellen vanaf:"},"persona-signin":{"_":"Aanmelden"},"payment-flow":{"_":"Aanschaffen"},"remoteDebuggerMessage":{"_":"Er is een inkomend verzoek voor een externe debugverbinding gedetecteerd. Verbinding toestaan?"},"fullscreen-request":{"_":"{{origin}} gebruikt nu het volledige scherm."},"captive-wifi-available":{"_":"Het netwerk {{networkName}} is gevonden. Verbinden met netwerk?"},"ceWarningtitle":{"_":"Volumewaarschuwing"},"ceWarningcontent":{"_":"Luister niet langdurig naar hoge geluidsvolumes om mogelijke gehoorschade te voorkomen."},"notification-powersaving-mode-on-title":{"_":"Energiebesparende modus"},"notification-powersaving-mode-on-description":{"_":"Energiebesparende modus is aan."},"low-device-storage":{"_":"Weinig ruimte op apparaat.\n"},"free-space":{"_":"{[ plural(value) ]}","_[zero]":"Geen vrije ruimte meer.","_[one]":"Minder dan {{value}} {{unit}} resterend.","_[two]":"Minder dan {{value}} {{unit}} resterend.","_[few]":"Minder dan {{value}} {{unit}} resterend.","_[many]":"Minder dan {{value}} {{unit}} resterend.","_[other]":"Minder dan {{value}} {{unit}} resterend."},"unknown-free-space":{"_":"Onbekende resterende ruimte."},"system-alert":{"_":"Systeemmelding"},"cb-channel":{"_":"Kanaal {{channel}}"},"icc-message-title":{"_":"Operatorbericht van simkaart {{id}}"},"icc-confirmCall-defaultmessage":{"_":"{{number}} bellen?"},"icc-alertMessage-defaultmessage":{"_":"Bericht verzenden"},"icc-confirmMessage-defaultmessage":{"_":"Bericht verzenden?"},"icc-inputbox-title":{"_":"STK-query van simkaart {{id}}"},"emergency-callback-mode":{"_":"Modus Terugbellen bij noodgevallen"},"emergency-callback-message":{"_":"U kunt niet bellen, geen berichten verzenden of online gaan, omdat de modus Terugbellen bij noodgevallen is ingeschakeld. Wilt u de modus uitzetten?"},"cdma-record-info":{"_":"Gegevens in record voor CDMA"},"ime-switching-title":{"_":"{{appName}}: {{name}}"},"ime-switching-tip":{"_":"Tik om invoermethode om te schakelen"},"layout-selection":{"_":"Indeling selecteren"},"shrinking-tip":{"_":"Veeg om te delen"},"download_started":{"_":"Downloaden gestart"},"download_stopped":{"_":"Downloaden gestopt"},"download_downloading":{"_":"Downloaden…"},"download_succeeded":{"_":"Downloaden voltooid"},"download_failed":{"_":"Downloaden mislukt"},"download_text_by_default":{"_":"{{name}}"},"download_downloading_text_2":{"_":"{{percentage}}% - {{name}}"},"search":{"_":"Search"},"search-or-type-address":{"placeholder":"Search or type address"},"noSIMCardInHotspot":{"_":"Simkaart ontbreekt of is verkeerd geplaatst, dus zet hotspot uit"},"emergencyCallsOnly-network1Locked":{"_":"(netwerk1 vergrendeld)"},"emergencyCallsOnly-network2Locked":{"_":"(netwerk2 vergrendeld)"},"emergencyCallsOnly-hrpdNetworkLocked":{"_":"(hrpd-netwerk vergrendeld)"},"emergencyCallsOnly-ruimCorporateLocked":{"_":"(ruim-zakelijk vergrendeld)"},"emergencyCallsOnly-ruimServiceProviderLocked":{"_":"(ruim-serviceprovider vergrendeld)"},"voicemailNotificationMultiSim":{"_":"(Simkaart {{n}}) {{title}}"},"confirmNFCConnectBTenabledNameUnknown":{"_":"Weet u zeker dat u verbinding met het apparaat wilt maken?"},"confirmNFCConnectBTdisabledNameUnknown":{"_":"Bluetooth aanzetten en verbinding met het apparaat maken?"},"confirmNFCConnectBTenabledNameKnown":{"_":"Weet u zeker dat u verbinding met {{deviceName}} wilt maken?"},"confirmNFCConnectBTdisabledNameKnown":{"_":"Bluetooth aanzetten en verbinding met {{deviceName}} maken?"},"dontallow":{"_":"Niet toestaan"},"hide-info":{"_":"Info verbergen"},"cancel-install-button":{"_":"Installatie annuleren"},"file-not-found":{"_":"Bestand niet gevonden"},"file-not-found-error":{"_":"Het apparaat kan deze pagina niet weergeven, omdat het bestand niet kan worden gevonden."},"connection-failed":{"_":"Kan geen verbinding maken"},"connection-failed-error":{"_":"Er is een netwerkfout opgetreden tijdens het benaderen van de website."},"invalid-connection":{"_":"Kan geen verbinding maken"},"invalid-connection-error":{"_":"Er is een netwerkfout opgetreden tijdens het benaderen van de website."},"malformed-uri":{"_":"URL niet geldig"},"malformed-uri-error":{"_":"De ingevoerde URL is niet geldig en kan niet worden geladen."},"redirect-loop":{"_":"Kan pagina niet weergeven"},"redirect-loop-error":{"_":"Het apparaat kan deze pagina niet weergeven, omdat deze niet op een juiste manier doorverwijst. Probeer deze pagina later opnieuw te laden."},"not-cached":{"_":"Pagina verlopen"},"not-cached-error":{"_":"Als veiligheidsvoorzorgsmaatregel kan deze pagina niet door het apparaat worden weergegeven, omdat deze is verlopen."},"is-printing-error":{"_":"Het document kan niet worden gewijzigd tijdens het afdrukken of weergeven als afdrukvoorbeeld."},"denied-port-access":{"_":"Dit adres heeft beperkte toegang"},"denied-port-access-error":{"_":"Dit adres gebruikt een netwerkpoort die normaal gesproken wordt gebruikt voor andere doeleinden dan webbrowsen. Het apparaat heeft het verzoek geannuleerd om u te beschermen."},"proxy-resolve-failure":{"_":"Proxyserverfout"},"proxy-resolve-failure-error":{"_":"Het apparaat is ingesteld om een proxyserver te gebruiken die niet kan worden gevonden."},"proxy-connect-failure":{"_":"Proxyserverfout"},"proxy-connect-failure-error":{"_":"Het apparaat is ingesteld om een proxyserver te gebruiken die verbindingen weigert."},"content-encoding":{"_":"Kan pagina niet weergeven"},"content-encoding-error":{"_":"Het apparaat kan deze pagina niet weergeven, omdat een inhoudcoderingsfout is opgetreden."},"remote-xul":{"_":"Pagina niet ondersteund"},"remote-xul-error":{"_":"Deze pagina kan niet worden weergegeven, omdat deze een technologie gebruikt die niet op het apparaat wordt ondersteund."},"phishing-blocked":{"_":"Waarschuwing"},"phishing-blocked-error":{"_":"De website is gerapporteerd als een vervalsing, ontworpen om gebruikers persoonlijke of financiële gegevens te laten delen."},"malware-blocked":{"_":"Malwareaanval geblokkeerd"},"malware-blocked-error":{"_":"De website is gerapporteerd als een aanvalsite en is geblokkeerd."},"unsafe-content-type":{"_":"Onveilige inhoud"},"unsafe-content-type-error":{"_":"De pagina kan niet worden weergegeven, omdat deze mogelijk niet veilig is om te openen."},"corrupted-content":{"_":"Kan pagina niet weergeven"},"corrupted-content-error":{"_":"De pagina kan niet worden weergegeven, omdat een fout in de gegevensoverdracht is gedetecteerd."},"network-error-launching":{"_":"{{name}} vereist een internetverbinding."},"network-error-in-app":{"_":"Er is momenteel geen internettoegang."},"check-settings":{"_":"Instellingen controleren"},"tap-to-check-settings":{"_":"Tik om instellingen te controleren"},"continueFileTransfer":{"_":"Doorgaan"},"nck1code":{"_":"NCK1-code"},"nck2code":{"_":"NCK2-code"},"hnckcode":{"_":"HNCK-code"},"rcckcode":{"_":"RCCK-code"},"rspckcode":{"_":"RSPCK-code"},"nck1Title":{"_":"Voer NCK1-code in"},"nck2Title":{"_":"Voer NCK2-code in"},"hnckTitle":{"_":"Voer HNCK-code in"},"rcckTitle":{"_":"Voer RCCK-code in"},"rspckTitle":{"_":"Voer RSPCK-code in"},"search-or-enter-address":{"_":"Voer zoekterm of adres in","placeholder":"Voer zoekterm of adres in"},"brandShortName":{"_":"B2G OS"},"browserBrandShortName":{"_":"Webbrowser"},"browserBrandFullName":{"_":"Mozilla-webbrowser"},"weekday-0-long":{"_":"zondag"},"weekday-1-long":{"_":"maandag"},"weekday-2-long":{"_":"dinsdag"},"weekday-3-long":{"_":"woensdag"},"weekday-4-long":{"_":"donderdag"},"weekday-5-long":{"_":"vrijdag"},"weekday-6-long":{"_":"zaterdag"},"weekday-0-short":{"_":"zon"},"weekday-1-short":{"_":"maa"},"weekday-2-short":{"_":"din"},"weekday-3-short":{"_":"woe"},"weekday-4-short":{"_":"don"},"weekday-5-short":{"_":"vrij"},"weekday-6-short":{"_":"zat"},"month-0-long":{"_":"januari"},"month-1-long":{"_":"februari"},"month-2-long":{"_":"maart"},"month-3-long":{"_":"april"},"month-4-long":{"_":"mei"},"month-5-long":{"_":"juni"},"month-6-long":{"_":"juli"},"month-7-long":{"_":"augustus"},"month-8-long":{"_":"september"},"month-9-long":{"_":"oktober"},"month-10-long":{"_":"november"},"month-11-long":{"_":"december"},"month-0-genitive":{"_":"januari"},"month-1-genitive":{"_":"februari"},"month-2-genitive":{"_":"maart"},"month-3-genitive":{"_":"april"},"month-4-genitive":{"_":"mei"},"month-5-genitive":{"_":"juni"},"month-6-genitive":{"_":"juli"},"month-7-genitive":{"_":"augustus"},"month-8-genitive":{"_":"september"},"month-9-genitive":{"_":"oktober"},"month-10-genitive":{"_":"november"},"month-11-genitive":{"_":"december"},"month-0-short":{"_":"jan"},"month-1-short":{"_":"feb"},"month-2-short":{"_":"mrt"},"month-3-short":{"_":"apr"},"month-4-short":{"_":"mei"},"month-5-short":{"_":"jun"},"month-6-short":{"_":"jul"},"month-7-short":{"_":"aug"},"month-8-short":{"_":"sep"},"month-9-short":{"_":"okt"},"month-10-short":{"_":"nov"},"month-11-short":{"_":"dec"},"minutes-ago-long":{"_":"{[ plural(value) ]}","_[zero]":"zojuist","_[one]":"een minuut geleden","_[two]":"{{value}} minuten geleden","_[few]":"{{value}} minuten geleden","_[many]":"{{value}} minuten geleden","_[other]":"{{value}} minuten geleden"},"hours-ago-long":{"_":"{[ plural(value) ]}","_[zero]":"zojuist","_[one]":"een uur geleden","_[two]":"{{value}} uur geleden","_[few]":"{{value}} uur geleden","_[many]":"{{value}} uur geleden","_[other]":"{{value}} uur geleden"},"days-ago-long":{"_":"{[ plural(value) ]}","_[zero]":"vandaag","_[one]":"gisteren","_[two]":"{{value}} dagen geleden","_[few]":"{{value}} dagen geleden","_[many]":"{{value}} dagen geleden","_[other]":"{{value}} dagen geleden"},"weeks-ago-long":{"_":"{[ plural(value) ]}","_[zero]":"deze week","_[one]":"vorige week","_[two]":"{{value}} weken geleden","_[few]":"{{value}} weken geleden","_[many]":"{{value}} weken geleden","_[other]":"{{value}} weken geleden"},"months-ago-long":{"_":"{[ plural(value) ]}","_[zero]":"deze maand","_[one]":"vorige maand","_[two]":"{{value}} maanden geleden","_[few]":"{{value}} maanden geleden","_[many]":"{{value}} maanden geleden","_[other]":"{{value}} maanden geleden"},"years-ago-long":{"_":"{[ plural(value) ]}","_[zero]":"dit jaar","_[one]":"vorig jaar","_[two]":"{{value}} jaar geleden","_[few]":"{{value}} jaar geleden","_[many]":"{{value}} jaar geleden","_[other]":"{{value}} jaar geleden"},"minutes-until-long":{"_":"{[ plural(value) ]}","_[zero]":"nu","_[one]":"zo meteen","_[two]":"over {{value}} minuten","_[few]":"over {{value}} minuten","_[many]":"over {{value}} minuten","_[other]":"over {{value}} minuten"},"hours-until-long":{"_":"{[ plural(value) ]}","_[zero]":"nu","_[one]":"over een uur","_[two]":"over {{value}} uur","_[few]":"over {{value}} uur","_[many]":"over {{value}} uur","_[other]":"over {{value}} uur"},"days-until-long":{"_":"{[ plural(value) ]}","_[zero]":"vandaag","_[one]":"morgen","_[two]":"over {{value}} dagen","_[few]":"over {{value}} dagen","_[many]":"over {{value}} dagen","_[other]":"over {{value}} dagen"},"weeks-until-long":{"_":"{[ plural(value) ]}","_[zero]":"deze week","_[one]":"volgende week","_[two]":"over {{value}} weken","_[few]":"over {{value}} weken","_[many]":"over {{value}} weken","_[other]":"over {{value}} weken"},"months-until-long":{"_":"{[ plural(value) ]}","_[zero]":"deze maand","_[one]":"volgende maand","_[two]":"over {{value}} maanden","_[few]":"over {{value}} maanden","_[many]":"over {{value}} maanden","_[other]":"over {{value}} maanden"},"years-until-long":{"_":"{[ plural(value) ]}","_[zero]":"dit jaar","_[one]":"volgend jaar","_[two]":"over {{value}} jaar","_[few]":"over {{value}} jaar","_[many]":"over {{value}} jaar","_[other]":"over {{value}} jaar"},"minutes-ago-short":{"_":"{[ plural(value) ]}","_[zero]":"zojuist","_[other]":"{{value}}m geleden"},"hours-ago-short":{"_":"{[ plural(value) ]}","_[zero]":"zojuist","_[other]":"{{value}}h geleden"},"days-ago-short":{"_":"{[ plural(value) ]}","_[zero]":"vandaag","_[other]":"{{value}}d geleden"},"minutes-until-short":{"_":"{[ plural(value) ]}","_[zero]":"nu","_[other]":"over {{value}}m"},"hours-until-short":{"_":"{[ plural(value) ]}","_[zero]":"nu","_[other]":"over {{value}}h"},"days-until-short":{"_":"{[ plural(value) ]}","_[zero]":"vandaag","_[other]":"over {{value}}d"},"incorrectDate":{"_":"(onjuiste datum)"},"dateTimeFormat_%c":{"_":"%a %e %b %Y %H:%M:%S"},"dateTimeFormat_%x":{"_":"%d-%m-%Y"},"dateTimeFormat_%X":{"_":"%H:%M:%S"},"shortTimeFormat":{"_":"%H:%M"},"shortDateTimeFormat":{"_":"%x %H:%M"},"weekStartsOnMonday":{"_":"1"},"time_am":{"_":"AM"},"time_pm":{"_":"PM"},"perm-contacts":{"_":"Contacten"},"perm-contacts-appRequest":{"_":"{{app}} vraagt om toegang tot uw contactenlijst."},"perm-contacts-webRequest":{"_":"{{site}} vraagt om toegang tot uw contactenlijst."},"perm-desktop-notification":{"_":"Meldingen"},"perm-desktop-notification-appRequest":{"_":"{{app}} wil meldingen weergeven."},"perm-desktop-notification-webRequest":{"_":"{{site}} wil meldingen weergeven."},"perm-device-storage-music":{"_":"Muziekopslag"},"perm-device-storage-music-appRequest":{"_":"{{app}} vraagt om toegang tot uw muziek."},"perm-device-storage-music-webRequest":{"_":"{{site}} vraagt om toegang tot uw muziek."},"perm-device-storage-pictures":{"_":"Afbeeldingenopslag"},"perm-device-storage-pictures-appRequest":{"_":"{{app}} vraagt om toegang tot uw afbeeldingen."},"perm-device-storage-pictures-webRequest":{"_":"{{site}} vraagt om toegang tot uw afbeeldingen."},"perm-device-storage-sdcard":{"_":"Geheugenkaartopslag"},"perm-device-storage-sdcard-appRequest":{"_":"{{app}} vraagt om toegang tot uw geheugenkaart."},"perm-device-storage-sdcard-webRequest":{"_":"{{site}} vraagt om toegang tot uw geheugenkaart."},"perm-device-storage-videos":{"_":"Video-opslag"},"perm-device-storage-videos-appRequest":{"_":"{{app}} vraagt om toegang tot uw video’s."},"perm-device-storage-videos-webRequest":{"_":"{{site}} vraagt om toegang tot uw video’s."},"perm-fmradio":{"_":"FM-radio"},"perm-fmradio-appRequest":{"_":"{{app}} wil de FM-radio gebruiken."},"perm-fmradio-webRequest":{"_":"{{site}} wil de FM-radio gebruiken."},"perm-geolocation":{"_":"Geolocatie"},"perm-geolocation-appRequest":{"_":"{{app}} wil uw locatie weten."},"perm-geolocation-webRequest":{"_":"{{site}} wil uw locatie weten."},"perm-geolocation-more-info":{"_":"{{brandShortName}} gebruikt gegevens als gps, wifi en mobiele netwerken in uw omgeving om uw geschatte locatie te helpen bepalen. Deze gegevens worden naar Mozilla en andere serviceproviders verzonden en gezamenlijk gebruikt om de locatiedatabases te verbeteren. Mogelijk worden gegevens op uw apparaat bewaard, en gegevensverzameling kan ook plaatsvinden als er geen apps actief zijn."},"perm-video-capture":{"_":"Camera"},"perm-video-capture-appRequest":{"_":"Wilt u uw camera delen met {{app}}?"},"perm-video-capture-webRequest":{"_":"Wilt u uw camera delen met {{site}}?"},"perm-audio-capture":{"_":"Microfoon"},"perm-audio-capture-appRequest":{"_":"Wilt u uw microfoon delen met {{app}}?"},"perm-audio-capture-webRequest":{"_":"Wilt u uw microfoon delen met {{site}}?"},"perm-media-capture":{"_":"Camera en microfoon"},"perm-media-capture-appRequest":{"_":"Wilt u uw camera en microfoon delen met {{app}}?"},"perm-media-capture-webRequest":{"_":"Wilt u uw camera en microfoon delen met {{site}}?"},"stopped_download_title":{"_":"Downloaden gestopt"},"stopped_download_message":{"_":"Downloaden is gestopt. Opnieuw proberen te downloaden?"},"stopped_download_left_button":{"_":"Annuleren"},"stopped_download_right_button":{"_":"Opnieuw proberen"},"failed_download_title":{"_":"Downloaden mislukt"},"failed_download_message":{"_":"Downloaden van {{name}} is mislukt. Opnieuw proberen te downloaden?"},"failed_download_left_button":{"_":"Annuleren"},"failed_download_right_button":{"_":"Opnieuw proberen"},"stop_download_title":{"_":"Downloaden stoppen"},"stop_download_message":{"_":"Weet u zeker dat u het downloaden wilt stoppen?"},"stop_download_left_button":{"_":"Nee"},"stop_download_right_button":{"_":"Ja"},"delete_download_title":{"_":"Verwijderen"},"delete_download_message":{"_":"{{name}} verwijderen?"},"delete_download_left_button":{"_":"Annuleren"},"delete_download_right_button":{"_":"Verwijderen"},"delete_all_download_title":{"_":"Verwijderen"},"delete_all_download_left_button":{"_":"Annuleren"},"delete_all_download_right_button":{"_":"Verwijderen"},"delete_all_download_message":{"_":"{[ plural(number) ]}","_[zero]":"Geen bestanden verwijderen?","_[one]":"Eén bestand verwijderen?","_[two]":"{{number}} bestanden verwijderen?","_[few]":"{{number}} bestanden verwijderen?","_[many]":"{{number}} bestanden verwijderen?","_[other]":"{{number}} bestanden verwijderen?"},"unsupported_file_type_download_title":{"_":"Kan niet openen"},"unsupported_file_type_download_message":{"_":"Er is geen app die {{name}} kan openen. Wilt u het bestand opslaan of het verwijderen?"},"unsupported_file_type_download_left_button":{"_":"Bestand behouden"},"unsupported_file_type_download_right_button":{"_":"Verwijderen"},"file_not_found_download_title":{"_":"Bestand niet gevonden"},"file_not_found_download_message":{"_":"Het bestand is niet op het apparaat aangetroffen"},"file_not_found_download_right_button":{"_":"OK"},"unmounted_sdcard_2_download_title":{"_":"Geheugenkaart in gebruik"},"unmounted_sdcard_2_download_message":{"_":"Ontkoppel de telefoon"},"unmounted_sdcard_2_download_right_button":{"_":"OK"},"no_provider_download_title":{"_":"Kan niet delen"},"no_provider_download_message":{"_":"Geen provider gevonden"},"no_provider_download_right_button":{"_":"OK"},"no_memory_download_title":{"_":"SD-kaart is vol"},"no_memory_download_message":{"_":"Er is geen ruimte meer op uw SD-kaart om uw download op te slaan. Verwijder enkele bestanden voordat u het downloaden opnieuw start."},"no_memory_download_right_button":{"_":"OK"},"no_sdcard_found_2_download_title":{"_":"Geen geheugenkaart gevonden"},"no_sdcard_found_2_download_message":{"_":"Plaats een geheugenkaart of selecteer een alternatieve standaard medialocatie in de instellingen"},"no_sdcard_found_2_download_right_button":{"_":"OK"},"file_open_error_download_title":{"_":"Kan niet openen"},"file_open_error_download_message":{"_":"Er is een probleem met het openen van {{name}}. Wilt u het bestand opslaan of het verwijderen?"},"file_open_error_download_left_button":{"_":"Bestand behouden"},"file_open_error_download_right_button":{"_":"Verwijderen"},"restart_download_error":{"_":"Er was een probleem bij het herstarten van de download. Probeer opnieuw te downloaden."},"no-downloads":{"_":"Geen downloads"},"percentage":{"_":"{{percentage}} %"},"partialResult":{"_":"{{partial}} van {{total}}"},"summary":{"_":"{{date}} - {{status}}"},"download-stopped":{"_":"Gestopt"},"download-failed":{"_":"Downloaden mislukt"},"open_downloaded_file":{"_":"Openen"},"share_downloaded_file":{"_":"Delen"},"wallpaper_downloaded_file":{"_":"Instellen als achtergrond"},"ringtone_downloaded_file":{"_":"Instellen als beltoon"},"cancel_downloaded_file":{"_":"Annuleren"},"sim-picker-dial-via-with-number":{"_":"{{ phoneNumber }} kiezen via"},"sim-picker-select-sim":{"_":"Selecteer simkaart"},"sim-picker-button":{"_":"Simkaart{{ n }}"},"sim-picker-button-default":{"_":"(standaard)"}}