{"ok":{"_":"ਠੀਕ ਹੈ"},"back":{"_":"ਪਿੱਛੇ"},"help":{"_":"ਮੱਦਦ"},"cancel":{"_":"ਰੱਦ ਕਰੋ"},"close":{"_":"ਬੰਦ ਕਰੋ"},"skip":{"_":"ਛੱਡੋ"},"airplaneMode":{"_":"ਏਅਰਪਲੇਨ ਮੋਡ"},"searching":{"_":"…ਖੋਜ ਜਾਰੀ ਹੈ"},"noNetwork":{"_":"ਨੈੱਟਵਰਕ ਨਹੀਂ ਲੱਭਿਆ"},"roaming":{"_":"{{operator}} (ਰੋਮਿੰਗ)"},"emergencyCallsOnly":{"_":"ਐਮਰਜੈਂਸੀ ਕਾਲਾਂ ਹੀ"},"emergencyCallsOnly-unknownSIMState":{"_":"(ਅਣਜਾਣ SIM ਸਥਿਤੀ)"},"emergencyCallsOnly-noSIM":{"_":"(SIM ਨਹੀਂ)"},"emergencyCallsOnly-pinRequired":{"_":"(SIM PIN ਚਾਹੀਦਾ ਹੈ)"},"emergencyCallsOnly-pukRequired":{"_":"(SIM PUK ਚਾਹੀਦਾ ਹੈ)"},"emergencyCallsOnly-networkLocked":{"_":"(ਨੈੱਟਵਰਕ ਲਾਕ ਹੈ)"},"emergencyCallsOnly-serviceProviderLocked":{"_":"(ਸੇਵਾ ਦੇਣ ਵਾਲਾ ਲਾਕ ਹੈ)"},"emergencyCallsOnly-corporateLocked":{"_":"(ਕਾਰਪੋਰੇਟ ਲਾਕ ਹੈ)"},"enterPIN":{"_":"PIN ਦਿਓ"},"statusbarLabel":{"_":"{{date}}, {{operator}}"},"statusbarDateFormat":{"_":"%e %b"},"notifications":{"_":"ਸੂਚਨਾ"},"clear-all":{"_":"ਸਭ ਸਾਫ਼ ਕਰੋ"},"newVoicemails":{"_":"{[ plural(n) ]}","_[zero]":"ਨਵੀਂ ਵਾਈਸ ਮੇਲ ਨਹੀਂ","_[one]":"ਇੱਕ ਨਵੀਂ ਵਾਈਸ ਮੇਲ","_[two]":"{{n}} ਨਵੀਆਂ ਵਾਈਸ ਮੇਲ","_[few]":"{{n}} ਨਵੀਆਂ ਵਾਈਸ ਮੇਲ","_[many]":"{{n}} ਨਵੀਆਂ ਵਾਈਸ ਮੇਲ","_[other]":"{{n}} ਨਵੀਆਂ ਵਾਈਸ ਮੇਲ"},"newVoicemailsUnknown":{"_":"ਨਵੀਂ ਵਾਈਸ ਮੇਲ"},"dialNumber":{"_":"{{number}} ਡਾਇਲ"},"deviceMenu":{"_":"ਫੋਨ"},"airplane":{"_":"ਏਅਰਪਲੇਨ ਮੋਡ ਚਾਲੂ ਕਰੋ"},"airplaneOff":{"_":"ਏਅਰਪਲੇਨ ਮੋਡ ਬੰਦ ਕਰੋ"},"silent":{"_":"ਆਉਣ ਵਾਲੀਆਂ ਕਾਲਾਂ ਮੌਨ"},"normal":{"_":"ਆਉਣ ਵਾਲੀਆਂ ਕਾਲਾਂ ਲਈ ਰਿੰਗ "},"restart":{"_":"ਮੁੜ-ਚਾਲੂ ਕਰੋ"},"power":{"_":"ਬੰਦ ਕਰੋ"},"asyncpanzoom":{"_":"ਐਪਸ ਲਈ APZ ਬੰਦ"},"asyncpanzoomOff":{"_":"ਐਪਸ ਲਈ APZ ਚਾਲੂ"},"enableScreenReaderSteps":{"_":"ਸਕਰੀਨ ਰੀਡਰ ਚਾਲੂ ਕਰਨ ਲਈ, ਵਾਲੀਅਮ ਵਧਾਉਣ ਵਾਲਾ ਬਟਨ ਦੱਬੋ, ਫੇਰ ਵਾਲੀਅਮ ਘਾਟਾਉਣ ਵਾਲਾ ਬਟਨ ਤਿੰਨ ਤੋਂ ਵੱਧ ਵਾਰ ਦੱਬੋ"},"disableScreenReaderSteps":{"_":"ਸਕਰੀਨ ਰੀਡਰ ਬੰਦ ਕਰਨ ਲਈ, ਵਾਲੀਅਮ ਵਧਾਉਣ ਵਾਲਾ ਬਟਨ ਦੱਬਣ ਦੇ ਬਾਅਦ ਵਾਲੀਅਮ ਘਟਾਉਣ ਵਾਲਾ ਬਟਨ ਤਿੰਨ ਤੋ ਵੱਧ ਵਾਰ ਦੱਬੋ"},"no-recent-apps":{"_":"ਕੋਈ ਤਾਜ਼ਾ ਐਪਸ ਨਹੀਂ ਹੈ"},"yes":{"_":"ਹਾਂ"},"no":{"_":"ਨਹੀਂ"},"deny":{"_":"ਇਨਕਾਰ"},"allow":{"_":"ਮਨਜ਼ੂਰ"},"dontshare-geolocation":{"_":"ਸਾਂਝਾ ਨਾ ਕਰੋ"},"share-geolocation":{"_":"ਸਾਂਝਾ ਕਰੋ"},"dontshare-audio-capture":{"_":"ਸਾਂਝਾ ਨਾ ਕਰੋ"},"share-audio-capture":{"_":"ਸਾਂਝਾ ਕਰੋ"},"dontshare-video-capture":{"_":"ਸਾਂਝਾ ਨਾ ਕਰੋ"},"share-video-capture":{"_":"ਸਾਂਝਾ ਕਰੋ"},"dontshare-media-capture":{"_":"ਸਾਂਝਾ ਨਾ ਕਰੋ"},"share-media-capture":{"_":"ਸਾਂਝਾ ਕਰੋ"},"device-front":{"_":"ਅੱਗੇ ਵਾਲਾ ਕੈਮਰਾ"},"device-back":{"_":"ਪਿਛਲਾ ਕੈਮਰਾ"},"remember-my-choice":{"_":"ਮੇਰੀ ਚੋਣ ਯਾਦ ਰੱਖੋ"},"more-info":{"_":"…ਹੋਰ ਜਾਣਕਾਰੀ"},"install-app":{"_":"{{name}} ਇੰਸਟਾਲ ਕਰਨੀ ਹੈ?"},"size":{"_":"ਆਕਾਰ"},"author":{"_":"ਲੇਖਕ"},"size-unknown":{"_":"ਅਣਜਾਣ"},"author-unknown":{"_":"ਅਣਜਾਣ"},"install":{"_":"ਇੰਸਟਾਲ"},"bytes":{"_":"ਬਾਈਟ"},"kB":{"_":"KB"},"MB":{"_":"MB"},"GB":{"_":"GB"},"TB":{"_":"TB"},"PB":{"_":"PB"},"app-install-generic-error":{"_":"{{ appName }} ਡਾਊਨਲੋਡ ਰੁਕਿਆ"},"app-install-download-failed":{"_":"{{ appName }} ਡਾਊਨਲੋਡ ਫੇਲ੍ਹ ਹੈ"},"app-install-install-failed":{"_":"{{ appName }} ਇੰਸਟਾਲ ਫੇਲ੍ਹ ਹੈ"},"cancelling-will-not-refund":{"_":"ਰੱਦ ਕਰਨ ਨਾਲ ਖਰੀਦ ਲਈ ਰਕਮ ਵਾਪਿਸ ਨਹੀਂ ਹੋਵੇਗੀ। ਸਮੱਗਰੀ ਲਈ ਰਕਮ ਨੂੰ ਅਸਲੀ ਵਿਕਰੇਤਾ ਵਲੋਂ ਵਾਪਿਸ ਕੀਤਾ ਜਾਵੇਗਾ।"},"apps-can-be-installed-later":{"_":"ਐਪਸ ਨੂੰ ਇਸਲ ਇੰਸਟਾਲੇਸ਼ਨ ਸਰੋਤ ਤੋਂ ਬਾਅਦ ਵਿੱਚ ਇੰਸਟਾਲ ਕੀਤਾ ਜਾ ਸਕਦਾ ਹੈ।"},"are-you-sure-you-want-to-cancel":{"_":"ਕੀ ਤੁਸੀਂ ਇਹ ਇੰਸਟਾਲ ਕਰਨਾ ਚਾਹੁੰਦੇ ਹੋ?"},"cancel-install":{"_":"ਇੰਸਟਾਲ ਕਰਨਾ ਰੱਦ ਕਰੋ"},"resume":{"_":"ਮੁੜ-ਚਾਲੂ"},"continue":{"_":"ਜਾਰੀ ਰੱਖੋ"},"stopDownloading":{"_":"{{ app }} ਡਾਊਨਲੋਡ ਰੋਕਣਾ ਹੈ?"},"app-download-can-be-restarted":{"_":"ਡਾਊਨਲੋਡ ਨੂੰ ਬਾਅਦ ਵਿੱਚ ਮੁੜ-ਸ਼ੁਰੂ ਕੀਤਾ ਜਾ ਸਕਦਾ ਹੈ।"},"app-download-stop-button":{"_":"ਡਾਊਨਲੋਡ ਰੋਕੋ"},"not-enough-space":{"_":"ਲੋੜੀਂਦੀ ਖਾਲੀ ਥਾਂ ਨਹੀਂ ਹੈ"},"not-enough-space-message":{"_":"ਇਹ ਐਪ ਇੰਸਟਾਲ ਕਰਨ ਲਈ ਲੋੜੀਂਦੀ ਥਾਂ ਨਹੀਂ ਹੈ। ਪੁਰਾਣੀਆਂ ਐਪਸ ਜਾਂ ਮੀਡਿਆ ਹਟਾ ਕੇ ਥਾਂ ਖਾਲੀ ਕਰੋ ਅਤੇ ਅਸਲ ਸਰੋਤ ਤੋਂ ਐਪ ਮੁੜ-ਇੰਸਟਾਲ ਕਰਨ ਦੀ ਕੋਸ਼ਿਸ਼  ਕਰੋ।"},"app-install-success":{"_":"{{ appName }} ਇੰਸਟਾਲ ਹੈ"},"setup":{"_":"ਸੈਟਅੱਪ"},"ime-addkeyboards":{"_":"ਕੀਬੋਰਡ ਜੋੜੋ"},"later":{"_":"ਬਾਅਦ 'ਚ"},"download":{"_":"ਡਾਊਨਲੋਡ"},"wantToDownload":{"_":"ਅੱਪਡੇਟ ਹੁਣੇ ਡਾਊਨਲੋਡ ਕਰਨਾ ਹੈ?"},"wantToInstall":{"_":"ਅੱਪਡੇਟ ਹੁਣੇ ਇੰਸਟਾਲ ਕਰਨਾ ਹੈ?"},"installNow":{"_":"ਹੁਣੇ ਇੰਸਟਾਲ ਕਰੋ"},"notNow":{"_":"ਹੁਣੇ ਨਹੀਂ"},"downloadingUpdateMessage":{"innerHTML":"…ਅੱਪਡੇਟ ਡਾਊਨਲੋਡ ਕੀਤੇ ਜਾ ਰਹੇ ਹਨ<span>{{ progress }} ਡਾਊਨਲੋਡ ਕੀਤੇ।</span>"},"downloadingAppMessage":{"_":"{{ appName }} ਡਾਊਨਲੋਡ ਕੀਤੀ ਜਾ ਰਹੀ ਹੈ"},"downloadingAppProgressNoMax":{"_":"{{ progress }} ਡਾਊਨਲੋਡ ਹੈ"},"downloadingAppProgressIndeterminate":{"_":"ਡਾਊਨਲੋਡ ਜਾਰੀ"},"downloadingAppProgress":{"_":"{{ progress }} / {{ max }} ਡਾਊਨਲੋਡ ਕੀਤਾ"},"cancelAllDownloads":{"_":"ਸਭ ਡਾਊਨਲੋਡ ਰੱਦ ਕਰੋ"},"wantToCancelAll":{"_":"ਕੀ ਤੁਸੀਂ ਸਭ ਡਾਊਨਲੋਡ ਰੱਦ ਕਰਨਾ ਚਾਹੁੰਦੇ ਹੋ?"},"downloadError":{"_":"ਅੱਪਡੇਟ ਡਾਊਨਲੋਡ ਕਰਨ ਦੌਰਾਨ ਗਲਤੀ ਆਈ ਹੈ।"},"updateAvailableInfo":{"innerHTML":"{[ plural(n) ]}","innerHTML[one]":"{{ n }} ਅੱਪਡੇਟ ਉਪਲੱਬਧ ਹੈ। <span>ਹੋਰ ਜਾਣਕਾਰੀ ਲਈ ਛੂਹੋ।</span>","innerHTML[two]":"{{ n }} ਅੱਪਡੇਟ ਉਪਲੱਬਧ ਹਨ। <span>ਹੋਰ ਜਾਣਕਾਰੀ ਲਈ ਛੂਹੋ।</span>","innerHTML[few]":"{{ n }} ਅੱਪਡੇਟ ਉਪਲੱਬਧ ਹਨ। <span>ਹੋਰ ਜਾਣਕਾਰੀ ਲਈ ਛੂਹੋ।</span>","innerHTML[many]":"{{ n }} ਅੱਪਡੇਟ ਉਪਲੱਬਧ ਹਨ। <span>ਹੋਰ ਜਾਣਕਾਰੀ ਲਈ ਛੂਹੋ।</span>","innerHTML[other]":"{{ n }} ਅੱਪਡੇਟ ਉਪਲੱਬਧ ਹਨ। <span>ਹੋਰ ਜਾਣਕਾਰੀ ਲਈ ਛੂਹੋ।</span>"},"numberOfUpdates":{"_":"{[ plural(n) ]}","_[one]":"{{ n }} ਅੱਪਡੇਟ ਉਪਲੱਬਧ ਹੈ","_[two]":"{{ n }} ਅੱਪਡੇਟ ਉਪਲੱਬਧ ਹਨ","_[few]":"{{ n }} ਅੱਪਡੇਟ ਉਪਲੱਬਧ ਹਨ","_[many]":"{{ n }} ਅੱਪਡੇਟ ਉਪਲੱਬਧ ਹਨ","_[other]":"{{ n }} ਅੱਪਡੇਟ ਉਪਲੱਬਧ ਹਨ"},"systemUpdate":{"_":"ਸਿਸਟਮ ਅੱਪਡੇਟ"},"systemUpdateReady":{"_":"ਸਿਸਟਮ ਅੱਪਡੇਟ ਤਿਆਰ ਹੈ"},"required":{"_":"ਚਾਹੀਦਾ ਹੈ"},"uncompressingMessage":{"innerHTML":"…ਖਿਲਾਰਿਆ ਜਾ ਰਿਹਾ ਹੈ<span>ਇਸ ਨੂੰ ਕੁਝ ਮਿੰਟ ਲੱਗ ਸਕਦੇ ਹਨ।</span>"},"downloadNoWifiWarning":{"_":"ਵਾਈ-ਫਾਈ ਉਪਲੱਬਧ ਨਹੀਂ ਹੈ। ਮੌਜੂਦਾ ਕੁਨੈਕਸ਼ਨ ਉੱਤੇ ਅੱਪਡੇਟ ਕਰਨ ਨਾਲ ਵਾਧੂ ਖਰਚੇ ਹੋ ਸਕਦੇ ਹਨ।"},"downloadOfflineWarning":{"_":"ਕੁਨੈਕਸ਼ਨ ਉਪਲੱਬਧ ਨਹੀਂ ਹੈ। ਅੱਪਡੇਟ ਡਾਊਨਲੋਡ ਕਰਨ ਲਈ ਨੈੱਟਵਰਕ ਨਾਲ ਕੁਨੈਕਟ ਕਰੋ"},"downloadDataConnectionWarning":{"_":"ਅੱਪਡੇਟ ਨੂੰ ਡਾਟਾ ਕੁਨੈਕਸ਼ਨ ਰਾਹੀਂ ਡਾਊਨਲੋਡ ਕੀਤਾ ਜਾਂਦਾ ਹੈ, ਜਦੋਂ ਵਾਈ-ਫਾਈ ਉਪਲੱਬਧ ਨਹੀਂ ਹੁੰਦਾ ਹੈ। ਵਾਧੂ ਡਾਟਾ ਖਰਚਾ ਲਾਗੂ ਹੋ ਸਕਦਾ ਹੈ।"},"downloadUpdatesViaDataConnection":{"_":"ਅੱਪਡੇਟ ਡਾਟਾ ਕੁਨੈਕਸ਼ਨ ਰਾਹੀਂ ਡਾਊਨਲੋਡ ਕਰਨੇ ਹਨ?"},"downloadUpdatesViaDataConnectionMessage":{"_":"ਅੱਪਡੇਟ ਨੂੰ ਡਾਟਾ ਕੁਨੈਕਸ਼ਨ ਰਾਹੀਂ ਡਾਊਨਲੋਡ ਕੀਤਾ ਜਾਂਦਾ ਹੈ, ਜਦੋਂ ਵਾਈ-ਫਾਈ ਉਪਲੱਬਧ ਨਹੀਂ ਹੁੰਦਾ ਹੈ। ਜਦੋਂ ਡਾਟਾ ਕੁਨੈਕਸ਼ਨ ਵਰਤਿਆ ਜਾਂਦਾ ਹੈ ਤਾਂ ਫੋਨ ਕਾਲਾਂ ਉੱਤੇ ਰੋਕ ਲੱਗ ਸਕਦੀ ਹੈ ਅਤੇ ਵਾਧੂ ਖਰਚਾ ਵੀ ਲਾਗੂ ਹੋ ਸਕਦਾ ਹੈ।"},"screenshotSaved":{"_":"ਸਕਰੀਨਸ਼ਾਟ ਗੈਲਰੀ 'ਚ ਸੰਭਾਲਿਆ"},"screenshotFailed":{"_":"ਸਕਰੀਨਸ਼ਾਟ  ਸੰਭਾਲਿਆ ਨਹੀਂ ਜਾ ਸਕਿਆ"},"screenshotNoSDCard":{"_":"ਕੋਈ ਮੈਮੋਰੀ ਕਾਰਡ ਨਹੀਂ ਲੱਭਿਆ"},"screenshotSDCardInUse":{"_":"ਮੈਮੋਰੀ ਕਾਰਡ ਵਰਤੋਂ ਵਿੱਚ ਹੈ"},"screenshotSDCardLow":{"_":"ਮੈਮੋਰੀ ਕਾਰਡ ਉੱਤੇ ਲੋੜੀਂਦੀ ਥਾਂ ਨਹੀਂ ਹੈ"},"emergency-call-button":{"_":"ਐਮਰਜੈਂਸੀ ਕਾਲ"},"emergency-call":{"_":"ਐਮਰਜੈਂਸੀ ਕਾਲ"},"unlock-a11y-button":{"ariaLabel":"ਲਾਕ ਖੋਲ੍ਹੋ"},"camera-a11y-button":{"ariaLabel":"ਕੈਮਰਾ"},"longDateFormat":{"_":"%A, %e %B "},"softwareHomeButton":{"ariaLabel":"ਮੁੱਖ ਸਫ਼ਾ"},"login":{"_":"ਸਾਇਨ ਇਨ"},"username":{"_":"ਯੂਜ਼ਰ ਨਾਂ"},"password":{"_":"ਪਾਸਵਰਡ"},"http-authentication-message":{"_":"{{host}} ਵਲੋਂ ਯੂਜ਼ਰ-ਨਾਂ ਤੇ ਪਾਸਵਰਡ ਦੀ ਮੰਗ ਕੀਤੀ ਗਈ ਹੈ। ਸਾਈਟ ਸੁਨੇਹਾ ਹੈ: “{{realm}}”"},"error-message":{"_":"{{name}} ਠੀਕ ਤਰ੍ਹਾਂ ਲੋਡ ਨਹੀਂ ਹੋ ਰਿਹਾ ਹੈ"},"error-title":{"_":"{{name}} ਨੂੰ ਸਮੱਸਿਆਵਾਂ ਹਨ"},"airplane-is-on":{"_":"ਏਅਰਪਲੇਨ ਮੋਡ ਚਾਲੂ ਹੈ"},"airplane-is-turned-on":{"_":"{{name}} ਨੂੰ ਨੈੱਟਵਰਕ ਕੁਨਕੈਸ਼ਨ ਚਾਹੀਦਾ ਹੈ। ਸੈਟਿੰਗ ਤੋਂ ਏਅਰਪਲੇਨ ਮੋਡ ਬੰਦ ਕਰੋ ਅਤੇ ਵਾਈ-ਫਾਈ ਜਾਂ ਹੋਰ ਮੋਬਾਇਲ ਡਾਟਾ ਨੈੱਟਵਰਕ ਨਾਲ ਕੁਨੈਕਟ ਕਰੋ।"},"server-not-found":{"_":"ਸਰਵਰ ਨਹੀਂ ਲੱਭਿਆ"},"server-not-found-error":{"_":"{{name}} ਉੱਤੇ ਸਰਵਰ ਲੱਭਿਆ ਨਹੀਂ ਜਾ ਸਕਿਆ।"},"network-connection-unavailable":{"_":"ਨੈੱਟਵਰਕ ਕੁਨੈਕਸ਼ਨ ਉਪਲੱਬਧ ਨਹੀਂ ਹੈ"},"network-error":{"_":"{{name}} ਲਈ ਨੈੱਟਵਰਕ ਕੁਨੈਕਸ਼ਨ ਦੀ ਲੋੜ ਹੈ। ਵਾਈ-ਫਾਈ ਜਾਂ ਮੋਬਾਇਲ ਡਾਟਾ ਨੈੱਟਵਰਕ ਨਾਲ ਕੁਨੈਕਟ ਕਰਨ ਦੀ ਕੋਸ਼ਿਸ਼ ਕਰੋ।"},"unable-to-connect":{"_":"ਕੁਨੈਕਟ ਕਰਨ ਲਈ ਅਸਮਰੱਥ"},"tap-to-retry":{"_":"ਮੁੜ-ਕੋਸ਼ਿਸ਼ ਲਈ ਛੂਹੋ"},"try-again":{"_":"ਮੁੜ-ਕੋਸ਼ਿਸ਼"},"select-time":{"_":"ਸਮਾਂ ਚੁਣੋ"},"choose-option":{"_":"ਚੁਣੋ"},"choose-options":{"_":"ਚੁਣੋ"},"select-day":{"_":"ਦਿਨ ਚੁਣੋ"},"battery-almost-empty":{"_":"ਬੈਟਰੀ ਲਗਭਗ ਖਤਮ ਹੋ ਗਈ"},"add-to-home-screen":{"_":"ਮੁੱਖ ਸਕਰੀਨ ਤੇ ਜੋੜੋ"},"crash-dialog2-os":{"_":"{{brandShortName}} ਨਸ਼ਟ ਹੋਣ ਦੇ ਬਾਅਦ ਮੁੜ-ਪ੍ਰਾਪਤ ਕੀਤਾ ਗਿਆ"},"crash-dialog-app":{"_":"{{name}} ਨਸ਼ਟ ਹੋਈ"},"crash-dialog-message":{"_":"ਕੀ ਤੁਸੀਂ ਸਮੱਸਿਆ ਨੂੰ ਹੱਲ਼ ਕਰਨ ਵਾਸਤੇ ਕਰੈਸ਼ ਦੇ ਬਾਰੇ ਜਾਣਕਾਰੀ ਮੋਜ਼ੀਲਾ ਨੂੰ ਭੇਜਣਾ ਚਾਹੁੰਦੇ ਹੋ? (ਰਿਪੋਰਟਾਂ ਕੇਵਲ ਵਾਈ-ਫਾਈ ਉੱਤੇ ਹੀ ਭੇਜੀਆਂ ਜਾਂਦੀਆਂ ਹਨ।)"},"crash-info-link":{"_":"ਨਸ਼ਟ ਰਿਪੋਰਟ ਵਿੱਚ ਕੀ ਹੈ?"},"crash-always-report":{"_":"ਜਦੋਂ ਵੀ ਨਸ਼ਟ ਹੋਵੇ ਤਾਂ ਹਮੇਸ਼ਾ ਮੋਜ਼ੀਲਾ ਨੂੰ ਰਿਪੋਰਟ ਭੇਜੋ।"},"crash-dont-send":{"_":"ਨਾ ਭੇਜੋ"},"crash-end":{"_":"ਰਿਪੋਰਟ ਭੇਜੋ"},"crashReports":{"_":"ਕਰੈਸ਼ ਰਿਪੋਰਟ"},"done":{"_":"ਮੁਕੰਮਲ"},"crash-reports-description-1":{"_":"ਕਰੈਸ਼ ਰਿਪੋਰਟ ਵਿੱਚ ਕਰੈਸ਼ ਤੇ ਤੁਹਾਡੇ ਜੰਤਰ ਦੇ ਬਾਰੇ ਕੁਝ ਵੇਰਵੇ ਦੇ ਨਾਲ ਨਾਲ ਤੁਹਾਡੇ ਜੰਤਰ ਦੀ ਉਹ ਹਾਲਤ, ਜਦੋਂ ਇਹ ਕਰੈਸ਼ ਹੋਇਆ ਸੀ ਦਾ ਸਨੈਪਸ਼ਾਟ ਹੁੰਦਾ ਹੈ।"},"crash-reports-description-2":{"_":"ਇਸ ਵਿੱਚ ਖੁੱਲ੍ਹੇ ਸਫ਼ੇ ਤੇ ਐਪਸ, ਫਾਰਮ ਵਿੱਚ ਲਿਖਿਆ ਪਾਠ ਅਤੇ ਖੁੱਲ੍ਹੇ ਸੁਨੇਹਿਆਂ ਦੀ ਸਮਗੱਰੀ, ਤਾਜ਼ਾ ਬਰਾਊਜ਼ਿੰਗ ਅਤੀਤ ਜਾਂ ਖੁੱਲ੍ਹੀ ਐਪ ਵਲੋਂ ਵਰਤਿਆ ਭੂਗੋਲਿਕ-ਟਿਕਾਣਾ ਹੁੰਦਾ ਹੈ।"},"crash-reports-description-3-start":{"_":"ਅਸੀਂ ਕਰੈਸ਼ ਰਿਪੋਰਟ ਨੂੰ ਸਾਡੇ ਉਤਪਾਦ ਵਿੱਚ ਸਮੱਸਿਆਵਾਂ ਠੀਕ ਕਰਨ ਤੇ ਸੁਧਾਰ ਕਰਨ ਲਈ ਵਰਤਦੇ ਹਾਂ। ਅਸੀਂ ਤੁਹਾਡੀ ਜਾਣਕਾਰੀ ਨੂੰ ਸਾਡੇ ਵਲੋਂ "},"crash-reports-description-3-privacy":{"_":"ਪਰਦੇਦਾਰੀ ਨੀਤੀ"},"crash-reports-description-3-end":{"_":"ਦੇ ਤਹਿਤ ਵਰਤਦੇ ਹਾਂ।"},"crash-banner-os2":{"_":"{{brandShortName}} ਕਰੈਸ਼ ਹੋਇਆ ਹੈ।"},"crash-banner-app":{"_":"{{name}} ਹੁਣੇ ਕਰੈਸ਼ ਹੋਈ।"},"crash-banner-report":{"_":"ਰਿਪੋਰਟ"},"bluetooth-sendingTitle":{"_":"..ਬਲਿਊਟੁੱਥ ਟਰਾਂਸਫਰ ਭੇਜਣਾ"},"bluetooth-receivingTitle":{"_":"..ਬਲਿਊਟੁੱਥ ਟਰਾਂਸਫਰ ਪ੍ਰਾਪਤੀ"},"bluetooth-sending-progress":{"_":"..ਬਲਿਊਟੁੱਥ ਟਰਾਂਸਫਰ ਭੇਜਿਆ ਜਾ ਰਿਹਾ ਹੈ"},"bluetooth-receiving-progress":{"_":"..ਬਲਿਊਟੁੱਥ ਟਰਾਂਸਫਰ ਪ੍ਰਾਪਤ ਕੀਤਾ ਜਾ ਰਿਹਾ ਹੈ"},"acceptFileTransfer":{"_":"ਬਲਿਊਟੁੱਥ ਫਾਇਲ ਟਰਾਂਸਫਰ ਮਨਜ਼ੂਰ ਕਰਨਾ ਹੈ?"},"wantToReceiveFile":{"_":"{{deviceName}} {{fileName}} ({{fileSize}}) ਟਰਾਂਸਫਰ ਕਰਨਾ ਚਾਹੁੰਦਾ ਹੈ।"},"transfer-confirmation-title":{"_":"{{deviceName}}"},"transfer-confirmation-description":{"_":"ਟਰਾਂਸਫਰ ਬੇਨਤੀ ਦੀ ਪੜਤਾਲ।"},"byteUnit-B":{"_":"ਬਾਈਟ"},"byteUnit-KB":{"_":"KB"},"byteUnit-MB":{"_":"MB"},"byteUnit-GB":{"_":"GB"},"byteUnit-TB":{"_":"TB"},"byteUnit-PB":{"_":"PB"},"byteUnit-EB":{"_":"EB"},"byteUnit-ZB":{"_":"ZB"},"byteUnit-YB":{"_":"YB"},"fileSize":{"_":"{{size}} {{unit}}"},"transfer":{"_":"ਟਰਾਂਸਫਰ"},"cancelFileTransfer":{"_":"ਬਲਿਊਟੁੱਥ ਫਾਇਲ ਟਰਾਂਸਫਰ ਰੱਦ ਕਰਨਾ ਹੈ?"},"transfer-has-started-title":{"_":"ਟਰਾਂਸਫਰ ਸ਼ੁਰੂ ਕੀਤਾ ਜਾ ਚੁੱਕਾ ਹੈ"},"transfer-has-started-description":{"_":"ਤਰੱਕੀ ਸੂਚਨਾ ਕੇਂਦਰ ਵਿੱਚ ਵੇਖੋ"},"transferFinished-sentSuccessful-title":{"_":"ਫਾਇਲ ਭੇਜੀ"},"transferFinished-receivedSuccessful-title":{"_":"ਫਾਇਲ ਪ੍ਰਾਪਤ ਕੀਤੀ"},"transferFinished-sentFailed-title":{"_":"ਫਾਇਲ ਭੇਜੀ ਨਹੀਂ ਜਾ ਸਕੀ"},"transferFinished-receivedFailed-title":{"_":"ਫਾਇਲ ਪ੍ਰਾਪਤ ਨਹੀਂ ਕੀਤੀ ਜਾ ਸਕੀ"},"transferReport-title":{"_":"ਟਰਾਂਸਫਰ ਰਿਪਰੋਟ:"},"transferReport-description":{"_":"{{numSuccessful}} ਫਾਇਲਾਂ ਠੀਕ ਤਰ੍ਹਾਂ,, {{numUnsuccessful}} ਫਾਇਲਾਂ ਅਸਫ਼ਲ"},"unknown-file":{"_":"ਅਣਜਾਣ ਫਾਇਲ"},"unknown-device":{"_":"ਅਣਜਾਣ ਜੰਤਰ"},"cannotOpenFile":{"_":"ਪ੍ਰਾਪਤ ਹੋਈ ਫਾਇਲ ਖੋਲ੍ਹੀ ਨਹੀਂ ਜਾ ਸਕਦੀ"},"unknownMediaTypeToOpen":{"_":"ਅਣਝਾਣ ਮੀਡਿਆ ਕਿਸਮ ਖੋਲ੍ਹੀ ਨਹੀਂ ਜਾ ਸਕਦੀ:"},"cannotReceiveFile":{"_":"ਫਾਇਲ ਪ੍ਰਾਪਤ ਨਹੀਂ ਕੀਤੀ ਜਾ ਸਕਦੀ"},"cannotGetStorageState":{"_":"ਜੰਤਰ ਸਟੋਰੇਜ਼ ਸਥਿਤੀ ਪ੍ਰਾਪਤ ਨਹੀਂ ਕੀਤੀ ਜਾ ਸਕਦੀ"},"sdcard-not-exist2":{"_":"ਕੋਈ ਮੈਮੋਰੀ ਕਾਰਡ ਨਹੀਂ ਮਿਲਿਆ। ਮੈਮੋਰੀ ਕਾਰਡ ਪਾਉ ਜੀ।"},"sdcard-in-use":{"_":"ਫੋਨ ਦਾ ਪਲੱਗ ਲੱਗਾ ਹੋਣ ਦੇ ਦੌਰਾਨ ਬਲਿਊਟੁੱਥ ਦੀ ਵਰਤੋਂ ਨਹੀਂ ਕੀਤੀ ਜਾ ਸਕਦੀ। ਫਾਇਲਾਂ ਪ੍ਰਾਪਤ ਕਰਨ ਲਈ ਫੋਨ ਦਾ ਪਲੱਗ ਕੱਢੋ ਜੀ।"},"sdcard-no-space2":{"_":"ਟਰਾਂਸਫਰ ਪੂਰਾ ਨਹੀਂ ਹੋ ਸਕਿਆ: ਮੈਮੋਰੀ ਕਾਰਡ ਭਰ ਗਿਆ ਹੈ।"},"unknown-error":{"_":"ਅਣਜਾਣ ਗਲਤੀ"},"confirm":{"_":"ਪੁਸ਼ਟੀ"},"microphone-is-on":{"_":"ਮਾਈਕ ਚਾਲੂ ਹੈ"},"camera-is-on":{"_":"ਕੈਮਰਾ ਚਾਲੂ ਹੈ"},"media-is-on":{"_":"ਕੈਮਰਾ ਤੇ ਮਾਈਕ ਚਾਲੂ ਹੈ"},"noSimCard":{"_":"ਸਿਮ ਕਾਰਡ ਨਹੀਂ ਹੈ"},"simPin":{"_":"ਸਿਮ ਪਿੰਨ"},"pukCode":{"_":"PUK ਕੋਡ"},"nckCode":{"_":"NCK ਕੋਡ"},"cckCode":{"_":"CCK ਕੋਡ"},"spckCode":{"_":"SPCK ਕੋਡ"},"whatIsSimPin":{"_":"ਸਿਮ ਪਿੰਨ ਕੀ ਹੁੰਦਾ ਹੈ?"},"simPinIntro1":{"_":"SIM ਪਿੰਨ ਸਿਮ ਕਾਰਡ ਸੈਲੂਲਰ ਡਾਟਾ ਨੈੱਟਵਰਕ ਨੂੰ ਵਰਤਣ ਤੋਂ ਰੋਕਦਾ ਹੈ। ਜੇ ਇਹ ਚਾਲੂ ਹੈ ਤਾਂ ਸਿਮ ਕਾਰਡ ਰੱਖਣ ਵਾਲੇ ਕਿਸੇ ਵੀ ਜੰਤਰ ਤੋਂ ਮੁੜ-ਚਾਲੂ ਕਰਨ ਉੱਤੇ ਪਿੰਨ ਦੀ ਮੰਗ ਕੀਤੀ ਜਾਵੇਗੀ।"},"simPinIntro2":{"_":"SIM ਪਿੰਨ ਜੰਤਰ ਨੂੰ ਅਣ-ਲਾਕ ਕਰਨ ਲਈ ਵਰਤਿਆ ਜਾਂਦਾ ਪਾਸ-ਕੋਡ ਨਹੀਂ ਹੈ।"},"changeSimPin":{"_":"PIN ਬਦਲੋ"},"pinTitle":{"_":"Enter SIM PIN"},"multiSIMpinTitle":{"_":"SIM {{n}} PIN ਦਿਉ"},"pukTitle":{"_":"PUK ਕੋਡ ਦਿਓ"},"nckTitle":{"_":"NCK ਕੋਡ ਦਿਓ"},"cckTitle":{"_":"CCK ਕੋਡ ਦਿਓ"},"spckTitle":{"_":"SPCK ਕੋਡ ਦਿਓ"},"newpinTitle":{"_":"ਨਵਾਂ PIN"},"inputCodeRetriesLeft":{"_":"{[ plural(n) ]}","_[one]":"ਆਖਰੀ ਕੋਸ਼ਿਸ਼","_[two]":"{{n}} ਕੋਸ਼ਿਸ਼ਾਂ ਬਾਕੀ।","_[few]":"{{n}} ਕੋਸ਼ਿਸ਼ਾਂ ਬਾਕੀ।","_[many]":"{{n}} ਕੋਸ਼ਿਸ਼ਾਂ ਬਾਕੀ।","_[other]":"{{n}} ਕੋਸ਼ਿਸ਼ਾਂ ਬਾਕੀ।"},"pinErrorMsg":{"_":"ਪਿੰਨ ਗਲਤ ਹੈ।"},"pinAttemptMsg2":{"_":"{[ plural(n) ]}","_[one]":"ਤੁਹਾਡੇ ਕੋਲ ਸਿਮ ਕਾਰਡ ਨੂੰ ਲਾਕ ਹੋਣ ਤੋਂ ਪਹਿਲਾਂ ਠੀਕ ਕੋਡ ਦੇਣ ਦੀ ਇੱਕ ਕੋਸ਼ਿਸ਼ ਬਾਕੀ ਬਚੀ ਹੈ।","_[two]":"ਤੁਹਾਡੇ ਕੋਲ ਸਿਮ ਕਾਰਡ ਨੂੰ ਲਾਕ ਹੋਣ ਤੋਂ ਪਹਿਲਾਂ ਠੀਕ ਕੋਡ ਦੇਣ ਦੀਆਂ {{n}} ਕੋਸ਼ਿਸ਼ ਬਾਕੀ ਬਚੀਆਂ ਹਨ।","_[few]":"ਤੁਹਾਡੇ ਕੋਲ ਸਿਮ ਕਾਰਡ ਨੂੰ ਲਾਕ ਹੋਣ ਤੋਂ ਪਹਿਲਾਂ ਠੀਕ ਕੋਡ ਦੇਣ ਦੀਆਂ {{n}} ਕੋਸ਼ਿਸ਼ ਬਾਕੀ ਬਚੀਆਂ ਹਨ।","_[many]":"ਤੁਹਾਡੇ ਕੋਲ ਸਿਮ ਕਾਰਡ ਨੂੰ ਲਾਕ ਹੋਣ ਤੋਂ ਪਹਿਲਾਂ ਠੀਕ ਕੋਡ ਦੇਣ ਦੀਆਂ {{n}} ਕੋਸ਼ਿਸ਼ ਬਾਕੀ ਬਚੀਆਂ ਹਨ।","_[other]":"ਤੁਹਾਡੇ ਕੋਲ ਸਿਮ ਕਾਰਡ ਨੂੰ ਲਾਕ ਹੋਣ ਤੋਂ ਪਹਿਲਾਂ ਠੀਕ ਕੋਡ ਦੇਣ ਦੀਆਂ {{n}} ਕੋਸ਼ਿਸ਼ ਬਾਕੀ ਬਚੀਆਂ ਹਨ।"},"pinLastChanceMsg":{"_":"ਇਹ ਤੁਹਾਡੇ ਕੋਲ ਠੀਕ ਪਿੰਨ ਦਾ ਆਖਰੀ ਮੌਕਾ ਹੈ। ਨਹੀਂ ਤਾਂ ਤੁਹਾਨੂੰ ਇਹ ਸਿਮ ਕਾਰਡ ਨੂੰ ਵਰਤਣ ਲਈ PUK ਕੋਡ ਦੇਣਾ ਪਵੇਗਾ।"},"simCardLockedMsg":{"_":"SIM ਕਾਰਡ ਬਲਾਕ ਹੈ।"},"enterPukMsg":{"_":"ਤੁਹਾਨੂੰ ਸਿਮ ਕਾਰਡ ਲਈ ਪਰਸਨਲ ਅਣਲਾਕਿੰਗ ਕੀ (PUK) ਕੋਡ ਦੇਣਾ ਪਵੇਗਾ। ਆਪਣੇ ਸਿਮ ਦਸਤਾਵੇਜ਼ ਨੂੰ ਵੇਖੋ ਜਾਂ ਆਪਣੇ ਕੈਰੀਅਰ ਨਾਲ ਹੋਰ ਜਾਣਕਾਰੀ ਲਈ ਸੰਪਰਕ ਕਰੋ।"},"pukErrorMsg":{"_":"PUK ਕੋਡ ਗਲਤ ਹੈ"},"pukAttemptMsg2":{"_":"{[ plural(n) ]}","_[one]":"ਤੁਹਾਡੇ ਕੋਲ ਠੀਕ ਕੋਡ ਦੇਣ ਦੀ ਕੇਵਲ ਇੱਕ ਹੀ ਕੋਸ਼ਿਸ਼ ਬਾਕੀ ਬਚੀ ਹੈ, ਜਿਸ ਤੋਂ ਬਾਅਦ ਸਿਮ ਕਾਰਡ ਪੱਕੇ ਤੌਰ ਉੱਤੇ ਬੇਕਾਰ ਹੋ ਜਾਵੇਗਾ। ਆਪਣੇ ਸਿਮ ਦਸਤਾਵੇਜ਼ ਨੂੰ ਵੇਖੋ ਜਾਂ ਆਪਣੇ ਕੈਰੀਅਰ ਨਾਲ ਹੋਰ ਜਾਣਕਾਰੀ ਲਈ ਸੰਪਰਕ ਕਰੋ।","_[two]":"ਤੁਹਾਡੇ ਕੋਲ ਠੀਕ ਕੋਡ ਦੇਣ ਦੀ {{n}} ਕੋਸ਼ਿਸ਼ਾਂ ਬਾਕੀ ਬਚੀਆਂ ਹਨ, ਜਿਸ ਤੋਂ ਬਾਅਦ ਸਿਮ ਕਾਰਡ ਪੱਕੇ ਤੌਰ ਉੱਤੇ ਬੇਕਾਰ ਹੋ ਜਾਵੇਗਾ। ਆਪਣੇ ਸਿਮ ਦਸਤਾਵੇਜ਼ ਨੂੰ ਵੇਖੋ ਜਾਂ ਆਪਣੇ ਕੈਰੀਅਰ ਨਾਲ ਹੋਰ ਜਾਣਕਾਰੀ ਲਈ ਸੰਪਰਕ ਕਰੋ।","_[few]":"ਤੁਹਾਡੇ ਕੋਲ ਠੀਕ ਕੋਡ ਦੇਣ ਦੀ {{n}} ਕੋਸ਼ਿਸ਼ਾਂ ਬਾਕੀ ਬਚੀਆਂ ਹਨ, ਜਿਸ ਤੋਂ ਬਾਅਦ ਸਿਮ ਕਾਰਡ ਪੱਕੇ ਤੌਰ ਉੱਤੇ ਬੇਕਾਰ ਹੋ ਜਾਵੇਗਾ। ਆਪਣੇ ਸਿਮ ਦਸਤਾਵੇਜ਼ ਨੂੰ ਵੇਖੋ ਜਾਂ ਆਪਣੇ ਕੈਰੀਅਰ ਨਾਲ ਹੋਰ ਜਾਣਕਾਰੀ ਲਈ ਸੰਪਰਕ ਕਰੋ।","_[many]":"ਤੁਹਾਡੇ ਕੋਲ ਠੀਕ ਕੋਡ ਦੇਣ ਦੀ {{n}} ਕੋਸ਼ਿਸ਼ਾਂ ਬਾਕੀ ਬਚੀਆਂ ਹਨ, ਜਿਸ ਤੋਂ ਬਾਅਦ ਸਿਮ ਕਾਰਡ ਪੱਕੇ ਤੌਰ ਉੱਤੇ ਬੇਕਾਰ ਹੋ ਜਾਵੇਗਾ। ਆਪਣੇ ਸਿਮ ਦਸਤਾਵੇਜ਼ ਨੂੰ ਵੇਖੋ ਜਾਂ ਆਪਣੇ ਕੈਰੀਅਰ ਨਾਲ ਹੋਰ ਜਾਣਕਾਰੀ ਲਈ ਸੰਪਰਕ ਕਰੋ।","_[other]":"ਤੁਹਾਡੇ ਕੋਲ ਠੀਕ ਕੋਡ ਦੇਣ ਦੀ {{n}} ਕੋਸ਼ਿਸ਼ਾਂ ਬਾਕੀ ਬਚੀਆਂ ਹਨ, ਜਿਸ ਤੋਂ ਬਾਅਦ ਸਿਮ ਕਾਰਡ ਪੱਕੇ ਤੌਰ ਉੱਤੇ ਬੇਕਾਰ ਹੋ ਜਾਵੇਗਾ। ਆਪਣੇ ਸਿਮ ਦਸਤਾਵੇਜ਼ ਨੂੰ ਵੇਖੋ ਜਾਂ ਆਪਣੇ ਕੈਰੀਅਰ ਨਾਲ ਹੋਰ ਜਾਣਕਾਰੀ ਲਈ ਸੰਪਰਕ ਕਰੋ।"},"pukLastChanceMsg":{"_":"ਠੀਕ PUK ਕੋਡ ਦੇਣ ਦਾ ਆਖਰੀ ਮੌਕਾ ਹੈ। ਜੇ ਤੁਸੀਂ ਗਲਤ PUK ਦਿੱਤਾ ਤਾਂ ਤੁਹਾਡਾ ਸਿਮ ਪੱਕੇ ਤੌਰ ਉੱਤੇ ਖਰਾਬ ਹੋ ਜਾਵੇਗਾ। ਆਪਣੇ ਸਿਮ ਦਸਤਾਵੇਜ਼ ਨੂੰ ਵੇਖੋ ਜਾਂ ਆਪਣੇ ਕੈਰੀਅਰ ਨਾਲ ਹੋਰ ਜਾਣਕਾਰੀ ਲਈ ਸੰਪਰਕ ਕਰੋ।"},"newSimPinMsg":{"_":"ਪਿੰਨ ਬਣਾਓ (4 ਤੋਂ 8 ਅੰਕਾਂ ਦਾ ਹੋਣਾ ਚਾਹੀਦਾ ਹੈ)"},"confirmNewSimPinMsg":{"_":"ਨਵੇਂ ਪਿੰਨ ਦੀ ਪੁਸ਼ਟੀ"},"newPinErrorMsg":{"_":"ਪਿੰਨ ਮਿਲਦੇ ਨਹੀਂ ਹਨ"},"nckErrorMsg":{"_":"NCK ਕੋਡ ਗਲਤ ਹੈ।"},"nckAttemptMsg2":{"_":"{[ plural(n) ]}","_[one]":"ਨੈੱਟਵਰਕ ਡੀ-ਪਰਨਸਲਾਈਜ਼ ਬੇਨਤੀ ਫੇਲ੍ਹ ਹੈ। ਤੁਹਾਡੇ ਕੋਲ ਕੋਡ ਦੇਣ ਲਈ ਇੱਕ ਮੌਕਾ ਬਚਿਆ ਹੈ। ਹੋਰ ਜਾਣਕਾਰੀ ਲਈ ਆਪਣੇ ਜੰਤਰ ਦੇ ਦਸਤਾਵੇਜ਼ ਵੇਖੋ ਜਾਂ ਆਪਣੇ ਕੈਰੀਅਰ ਨਾਲ ਸੰਪਰਕ ਕਰੋ।","_[two]":"ਨੈੱਟਵਰਕ ਡੀ-ਪਰਨਸਲਾਈਜ਼ ਬੇਨਤੀ ਫੇਲ੍ਹ ਹੈ। ਤੁਹਾਡੇ ਕੋਲ ਕੋਡ ਦੇਣ ਲਈ {{n}} ਮੌਕੇ ਬਚੇ ਹਨ। ਹੋਰ ਜਾਣਕਾਰੀ ਲਈ ਆਪਣੇ ਜੰਤਰ ਦੇ ਦਸਤਾਵੇਜ਼ ਵੇਖੋ ਜਾਂ ਆਪਣੇ ਕੈਰੀਅਰ ਨਾਲ ਸੰਪਰਕ ਕਰੋ।","_[few]":"ਨੈੱਟਵਰਕ ਡੀ-ਪਰਨਸਲਾਈਜ਼ ਬੇਨਤੀ ਫੇਲ੍ਹ ਹੈ। ਤੁਹਾਡੇ ਕੋਲ ਕੋਡ ਦੇਣ ਲਈ {{n}} ਮੌਕੇ ਬਚੇ ਹਨ। ਹੋਰ ਜਾਣਕਾਰੀ ਲਈ ਆਪਣੇ ਜੰਤਰ ਦੇ ਦਸਤਾਵੇਜ਼ ਵੇਖੋ ਜਾਂ ਆਪਣੇ ਕੈਰੀਅਰ ਨਾਲ ਸੰਪਰਕ ਕਰੋ।","_[many]":"ਨੈੱਟਵਰਕ ਡੀ-ਪਰਨਸਲਾਈਜ਼ ਬੇਨਤੀ ਫੇਲ੍ਹ ਹੈ। ਤੁਹਾਡੇ ਕੋਲ ਕੋਡ ਦੇਣ ਲਈ {{n}} ਮੌਕੇ ਬਚੇ ਹਨ। ਹੋਰ ਜਾਣਕਾਰੀ ਲਈ ਆਪਣੇ ਜੰਤਰ ਦੇ ਦਸਤਾਵੇਜ਼ ਵੇਖੋ ਜਾਂ ਆਪਣੇ ਕੈਰੀਅਰ ਨਾਲ ਸੰਪਰਕ ਕਰੋ।","_[other]":"ਨੈੱਟਵਰਕ ਡੀ-ਪਰਨਸਲਾਈਜ਼ ਬੇਨਤੀ ਫੇਲ੍ਹ ਹੈ। ਤੁਹਾਡੇ ਕੋਲ ਕੋਡ ਦੇਣ ਲਈ {{n}} ਮੌਕੇ ਬਚੇ ਹਨ। ਹੋਰ ਜਾਣਕਾਰੀ ਲਈ ਆਪਣੇ ਜੰਤਰ ਦੇ ਦਸਤਾਵੇਜ਼ ਵੇਖੋ ਜਾਂ ਆਪਣੇ ਕੈਰੀਅਰ ਨਾਲ ਸੰਪਰਕ ਕਰੋ।"},"nckLastChanceMsg":{"_":"ਨੈੱਟਵਰਕ ਡੀ-ਪਰਨਸਲਾਈਜ਼ ਬੇਨਤੀ ਫੇਲ੍ਹ ਹੈ। ਤੁਹਾਡੇ ਕੋਲ ਕੋਡ ਦੇਣ ਲਈ ਆਖਰੀ ਮੌਕਾ ਹੈ। ਹੋਰ ਜਾਣਕਾਰੀ ਲਈ ਆਪਣੇ ਜੰਤਰ ਦੇ ਦਸਤਾਵੇਜ਼ ਵੇਖੋ ਜਾਂ ਆਪਣੇ ਕੈਰੀਅਰ ਨਾਲ ਸੰਪਰਕ ਕਰੋ।"},"activity-pick":{"_":"ਇਸ ਵਿੱਚੋਂ ਚੁਣੋ:"},"activity-view":{"_":"ਇਸ ਨਾਲ ਵੇਖੋ:"},"activity-test":{"_":"ਇਸ ਨਾਲ ਟੈਸਟ:"},"activity-share":{"_":"ਇਸ ਨਾਲ ਸਾਂਝਾ:"},"activity-new":{"_":"ਇਸ ਨਾਲ ਬਣਾਓ:"},"activity-open":{"_":"ਇਸ ਨਾਲ ਖੋਲ੍ਹੋ:"},"activity-save-bookmark":{"_":"ਬੁੱਕਮਾਰਕ:"},"activity-record":{"_":"ਇਸ ਤੋਂ ਰਿਕਾਰਡ:"},"activity-browse":{"_":"ਇਸ ਨਾਲ ਝਲਕ:"},"activity-configure":{"_":"ਇਸ ਨਾਲ ਸੰਰਚਨਾ:"},"activity-dial":{"_":"ਡਾਇਲ ਇਸ ਤੋਂ:"},"persona-signin":{"_":"ਸਾਇਨ ਇਨ"},"payment-flow":{"_":"ਖਰੀਦੋ"},"remoteDebuggerMessage":{"_":"ਰਿਮੋਟ ਡੀਬੱਗ ਕੁਨੈਕਸ਼ਨ ਲਈ ਆਉਣ ਵਾਲੀ ਬੇਨਤੀ ਖੋਜੀ ਗਈ ਹੈ। ਕੀ ਕੁਨੈਕਸ਼ਨ ਮਨਜ਼ੂਰ ਕਰਨਾ ਹੈ?"},"fullscreen-request":{"_":"{{origin}} ਹੁਣ ਪੂਰੀ ਸਕਰੀਨ ਉੱਤੇ ਹੈ।"},"captive-wifi-available":{"_":"ਨੈੱਟਵਰਕ {{networkName}} ਨਹੀਂ ਲੱਭਿਆ। ਨੈੱਟਵਰਕ ਨਾਲ ਜੁੜਨਾ ਹੈ?"},"ceWarningtitle":{"_":"ਵਾਲੀਅਮ ਚੇਤਾਵਨੀ"},"ceWarningcontent":{"_":"ਸੁਣਨ ਤੋਂ ਹੋਣ ਵਾਲੇ ਨੁਕਸਾਨ ਤੋਂ ਬਚਣ ਲਈ, ਉੱਚੀ ਆਵਾਜ਼ੀ ਵਿੱਚ ਜ਼ਿਆਦਾ ਦੇਰ ਨਾ ਸੁਣੋ।"},"notification-powersaving-mode-on-title":{"_":"ਊਰਜਾ ਬੱਚਤ ਮੋਡ"},"notification-powersaving-mode-on-description":{"_":"ਊਰਜਾ ਬੱਚਤ ਮੋਡ ਚਾਲੂ ਹੈ।"},"low-device-storage":{"_":"Device space low.\n"},"free-space":{"_":"{[ plural(value) ]}","_[zero]":"ਕੋਈ ਖਾਲੀ ਥਾਂ ਬਾਕੀ ਨਹੀਂ ਬਚੀ ਹੈ।","_[one]":"{{value}} {{unit}} ਤੋਂ ਘੱਟ ਥਾਂ ਬਾਕੀ ਬਚੀ ਹੈ।","_[two]":"{{value}} {{unit}} ਤੋਂ ਘੱਟ ਥਾਂ ਬਾਕੀ ਬਚੀ ਹੈ।","_[few]":"{{value}} {{unit}} ਤੋਂ ਘੱਟ ਥਾਂ ਬਾਕੀ ਬਚੀ ਹੈ।","_[many]":"{{value}} {{unit}} ਤੋਂ ਘੱਟ ਥਾਂ ਬਾਕੀ ਬਚੀ ਹੈ।","_[other]":"{{value}} {{unit}} ਤੋਂ ਘੱਟ ਥਾਂ ਬਾਕੀ ਬਚੀ ਹੈ।"},"unknown-free-space":{"_":"ਅਣਜਾਣ ਖਾਲੀ ਥਾਂ ਬਾਕੀ ਬਚੀ ਹੈ।"},"system-alert":{"_":"ਸਿਸਟਮ ਚੇਤਾਵਨੀ"},"cb-channel":{"_":"ਚੈਨਲ{{channel}}"},"icc-message-title":{"_":"ਸਿਮ {{id}} ਤੋਂ ਓਪਰੇਟਰ ਸੁਨੇਹਾ"},"icc-confirmCall-defaultmessage":{"_":"{{number}} ਨੂੰ ਕਾਲ ਕਰਨੀ ਹੈ?"},"icc-alertMessage-defaultmessage":{"_":"ਸੁਨੇਹਾ ਭੇਜਿਆ ਜਾ ਰਿਹਾ ਹੈ"},"icc-confirmMessage-defaultmessage":{"_":"ਸੁਨੇਹਾ ਭੇਜਣਾ ਹੈ?"},"icc-inputbox-title":{"_":"ਸਿਮ {{id}} ਤੋਂ STK ਕਿਊਰੀ"},"emergency-callback-mode":{"_":"ਐਮਰਜੈਂਸੀ ਕਾਲ ਬੈਕ ਮੋਡ"},"emergency-callback-message":{"_":"ਤੁਸੀਂ ਕਾਲ ਨਹੀਂ ਕਰ ਸਕਦੇ, ਸੁਨੇੇਹੇ ਨਹੀਂ ਭੇਜ ਸਕਦੇ ਜਾਂ ਆਨਲਾਈਨ ਹੋ ਸਕਦੇ, ਕਿਉਂਕਿ ਐਮਰਜੈਂਸੀ ਕਾਲਬੈਕ ਮੋਡ ਚਾਲੂ ਹੈ। ਕੀ ਤੁਸੀਂ ਇਸ ਨੂੰ ਬੰਦ ਕਰਨਾ ਚਾਹੁੰਦੇ ਹੋ?"},"cdma-record-info":{"_":"CDMA ਰਿਕਾਰਡ ਜਾਣਕਾਰੀ"},"ime-switching-title":{"_":"{{appName}}: {{name}}"},"ime-switching-tip":{"_":"ਇੰਪੁੱਟ ਢੰਗ ਬਦਲਣ ਲਈ ਛੂਹੋ"},"layout-selection":{"_":"ਲੇਆਉਟ ਚੁਣੋ"},"shrinking-tip":{"_":"ਸਾਂਝਾ ਕਰਨ ਲਈ ਘਸਾਓ"},"download_started":{"_":"ਡਾਊਨਲੋਡ ਸ਼ੁਰੂ ਹੋਇਆ"},"download_stopped":{"_":"ਡਾਊਨਲੋਡ ਰੋਕਿਆ"},"download_downloading":{"_":"…ਡਾਊਨਲੋਡ ਜਾਰੀ ਹੈ"},"download_succeeded":{"_":"ਡਾਊਨਲੋਡ ਪੂਰਾ ਹੋਇਆ"},"download_failed":{"_":"ਡਾਊਨਲੋਡ ਫੇਲ੍ਹ ਹੈ"},"download_text_by_default":{"_":"{{name}}"},"download_downloading_text_2":{"_":"{{percentage}}% - {{name}}"},"search":{"_":"ਖੋਜ"},"search-or-type-address":{"placeholder":"ਖੋਜੋ ਜਾਂ ਸਿਰਨਾਵਾਂ ਲੱਭੋ"},"noSIMCardInHotspot":{"_":"SIM ਮੌਜੂਦ ਨਹੀਂ ਹੈ ਜਾਂ ਗਲਤ ਢੰਗ ਨਾਲ ਪਾਇਆ ਗਿਆ ਹੈ, ਇਸਕਰਕੇ ਹਾਟ-ਸਪਾਟ ਬੰਦ ਹੈ।"},"brandShortName":{"_":"B2G OS"},"browserBrandShortName":{"_":"ਵੈੱਬ ਬਰਾਊਜ਼ਰ"},"browserBrandFullName":{"_":"ਮੋਜ਼ੀਲਾ ਵੈੱਬ ਬਰਾਊਜ਼ਰ"},"weekday-0-long":{"_":"ਐਤਵਾਰ"},"weekday-1-long":{"_":"ਸੋਮਵਾਰ"},"weekday-2-long":{"_":"ਮੰਗਲਵਾਰ"},"weekday-3-long":{"_":"ਬੁੱਧਵਾਰ"},"weekday-4-long":{"_":"ਵੀਰਵਾਰ"},"weekday-5-long":{"_":"ਸ਼ੁੱਕਰਵਾਰ"},"weekday-6-long":{"_":"ਸ਼ਨਿੱਚਰਵਾਰ"},"weekday-0-short":{"_":"ਐਤ"},"weekday-1-short":{"_":"ਸੋਮ"},"weekday-2-short":{"_":"ਮੰਗਲ"},"weekday-3-short":{"_":"ਬੁੱਧ"},"weekday-4-short":{"_":"ਵੀਰ"},"weekday-5-short":{"_":"ਸ਼ੁੱਕਰ"},"weekday-6-short":{"_":"ਸ਼ਨਿੱ"},"month-0-long":{"_":"ਜਨਵਰੀ"},"month-1-long":{"_":"ਫਰਵਰੀ"},"month-2-long":{"_":"ਮਾਰਚ"},"month-3-long":{"_":"ਅਪਰੈਲ"},"month-4-long":{"_":"ਮਈ"},"month-5-long":{"_":"ਜੂਨ"},"month-6-long":{"_":"ਜੁਲਾਈ"},"month-7-long":{"_":"ਅਗਸਤ"},"month-8-long":{"_":"ਸਤੰਬਰ"},"month-9-long":{"_":"ਅਕਤੂਬਰ"},"month-10-long":{"_":"ਨਵੰਬਰ"},"month-11-long":{"_":"ਦਸੰਬਰ"},"month-0-genitive":{"_":"ਜਨਵਰੀ"},"month-1-genitive":{"_":"ਫਰਵਰੀ"},"month-2-genitive":{"_":"ਮਾਰਚ"},"month-3-genitive":{"_":"ਅਪਰੈਲ"},"month-4-genitive":{"_":"ਮਈ"},"month-5-genitive":{"_":"ਜੂਨ"},"month-6-genitive":{"_":"ਜੁਲਾਈ"},"month-7-genitive":{"_":"ਅਗਸਤ"},"month-8-genitive":{"_":"ਸਤੰਬਰ"},"month-9-genitive":{"_":"ਅਕਤੂਬਰ"},"month-10-genitive":{"_":"ਨਵੰਬਰ"},"month-11-genitive":{"_":"ਦਸੰਬਰ"},"month-0-short":{"_":"ਜਨ"},"month-1-short":{"_":"ਫਰ"},"month-2-short":{"_":"ਮਾਰ"},"month-3-short":{"_":"ਅਪ"},"month-4-short":{"_":"ਮਈ"},"month-5-short":{"_":"ਜੂਨ"},"month-6-short":{"_":"ਜੁਲਾ"},"month-7-short":{"_":"ਅਗ"},"month-8-short":{"_":"ਸਤੰ"},"month-9-short":{"_":"ਅਕਤੂ"},"month-10-short":{"_":"ਨਵੰ"},"month-11-short":{"_":"ਦਸੰ"},"minutes-ago-long":{"_":"{[ plural(value) ]}","_[zero]":"ਹੁਣੇ ਹੀਂ","_[one]":"ਮਿੰਟ ਕੁ ਪਹਿਲਾਂ","_[two]":"{{value}} ਮਿੰਟ ਪਹਿਲਾਂ","_[few]":"{{value}} ਮਿੰਟ ਪਹਿਲਾਂ","_[many]":"{{value}} ਮਿੰਟ ਪਹਿਲਾਂ","_[other]":"{{value}}  ਮਿੰਟ ਪਹਿਲਾਂ"},"hours-ago-long":{"_":"{[ plural(value) ]}","_[zero]":"ਹੁਣੇ ਹੀ","_[one]":"ਘੰਟਾ ਪਹਿਲਾਂ","_[two]":"{{value}} ਘੰਟੇ ਪਹਿਲਾਂ","_[few]":"{{value}} ਘੰਟੇ ਪਹਿਲਾਂ","_[many]":"{{value}} ਘੰਟੇ ਪਹਿਲਾਂ","_[other]":"{{value}} ਘੰਟੇ ਪਹਿਲਾਂ"},"days-ago-long":{"_":"{[ plural(value) ]}","_[zero]":"ਅੱਜ","_[one]":"ਕੱਲ੍ਹ","_[two]":"{{value}} ਦਿਨ ਪਹਿਲਾਂ","_[few]":"{{value}} ਦਿਨ ਪਹਿਲਾਂ","_[many]":"{{value}} ਦਿਨ ਪਹਿਲਾਂ","_[other]":"{{value}} ਦਿਨ ਪਹਿਲਾਂ"},"weeks-ago-long":{"_":"{[ plural(value) ]}","_[zero]":"ਇਹ ਹਫ਼ਤੇ","_[one]":"ਪਿਛਲੇ ਹਫ਼ਤੇ","_[two]":"{{value}} ਹਫ਼ਤੇ ਪਹਿਲਾਂ","_[few]":"{{value}} ਹਫ਼ਤੇ ਪਹਿਲਾਂ","_[many]":"{{value}} ਹਫ਼ਤੇ ਪਹਿਲਾਂ","_[other]":"{{value}} ਹਫ਼ਤੇ ਪਹਿਲਾਂ"},"months-ago-long":{"_":"{[ plural(value) ]}","_[zero]":"ਇਹ ਮਹੀਨੇ","_[one]":"ਪਿਛਲੇ ਮਹੀਨੇ","_[two]":"{{value}} ਮਹੀਨੇ ਪਹਿਲਾਂ","_[few]":"{{value}} ਮਹੀਨੇ ਪਹਿਲਾਂ","_[many]":"{{value}} ਮਹੀਨੇ ਪਹਿਲਾਂ","_[other]":"{{value}} ਮਹੀਨੇ ਪਹਿਲਾਂ"},"years-ago-long":{"_":"{[ plural(value) ]}","_[zero]":"ਇਹ ਸਾਲ","_[one]":"ਪਿਛਲੇ ਸਾਲ","_[two]":"{{value}} ਸਾਲ ਪਹਿਲਾਂ","_[few]":"{{value}} ਸਾਲ ਪਹਿਲਾਂ","_[many]":"{{value}} ਸਾਲ ਪਹਿਲਾਂ","_[other]":"{{value}} ਸਾਲ ਪਹਿਲਾਂ"},"minutes-until-long":{"_":"{[ plural(value) ]}","_[zero]":"ਹੁਣ","_[one]":"ਮਿੰਟ ਵਿੱਚ","_[two]":"{{value}} ਮਿੰਟਾਂ ਵਿੱਚ","_[few]":"{{value}} ਮਿੰਟਾਂ ਵਿੱਚ","_[many]":"{{value}} ਮਿੰਟਾਂ ਵਿੱਚ","_[other]":"{{value}} ਮਿੰਟਾਂ ਵਿੱਚ"},"hours-until-long":{"_":"{[ plural(value) ]}","_[zero]":"ਹੁਣ","_[one]":"ਇੱਕ ਘੰਟੇ ਵਿੱਚ","_[two]":"{{value}} ਘੰਟਿਆਂ ਵਿੱਚ","_[few]":"{{value}} ਘੰਟਿਆਂ ਵਿੱਚ","_[many]":"{{value}} ਘੰਟਿਆਂ ਵਿੱਚ","_[other]":"{{value}} ਘੰਟਿਆਂ ਵਿੱਚ"},"days-until-long":{"_":"{[ plural(value) ]}","_[zero]":"ਅੱਜ","_[one]":"ਭਲਕੇ","_[two]":"{{value}} ਦਿਨਾਂ ਵਿੱਚ","_[few]":"{{value}} ਦਿਨਾਂ ਵਿੱਚ","_[many]":"{{value}} ਦਿਨਾਂ ਵਿੱਚ","_[other]":"{{value}} ਦਿਨਾਂ ਵਿੱਚ"},"weeks-until-long":{"_":"{[ plural(value) ]}","_[zero]":"ਇਸ ਹਫ਼ਤੇ","_[one]":"ਅਗਲੇ ਹਫ਼ਤੇ","_[two]":"{{value}} ਹਫ਼ਤਿਆਂ ਵਿੱਚ","_[few]":"{{value}} ਹਫ਼ਤਿਆਂ ਵਿੱਚ","_[many]":"{{value}} ਹਫ਼ਤਿਆਂ ਵਿੱਚ","_[other]":"{{value}} ਹਫ਼ਤਿਆਂ ਵਿੱਚ"},"months-until-long":{"_":"{[ plural(value) ]}","_[zero]":"ਇਸ ਮਹੀਨੇ","_[one]":"ਅਗਲੇ ਮਹੀਨੇ","_[two]":"{{value}} ਮਹੀਨਿਆਂ ਵਿੱਚ","_[few]":"{{value}} ਮਹੀਨਿਆਂ ਵਿੱਚ","_[many]":"{{value}} ਮਹੀਨਿਆਂ ਵਿੱਚ","_[other]":"{{value}} ਮਹੀਨਿਆਂ ਵਿੱਚ"},"years-until-long":{"_":"{[ plural(value) ]}","_[zero]":"ਇਸ ਸਾਲ","_[one]":"ਅਗਲੇ ਸਾਲ","_[two]":"{{value}} ਸਾਲਾਂ ਵਿੱਚ","_[few]":"{{value}} ਸਾਲਾਂ ਵਿੱਚ","_[many]":"{{value}} ਸਾਲਾਂ ਵਿੱਚ","_[other]":"{{value}} ਸਾਲਾਂ ਵਿੱਚ"},"minutes-ago-short":{"_":"{[ plural(value) ]}","_[zero]":"ਹੁਣੇ ਹੀ","_[other]":"{{value}}ਮਿੰ ਪਹਿਲਾਂ"},"hours-ago-short":{"_":"{[ plural(value) ]}","_[zero]":"ਹੁਣੇ ਹੀਂ","_[other]":"{{value}}ਘੰ ਪਹਿਲਾਂ"},"days-ago-short":{"_":"{[ plural(value) ]}","_[zero]":"ਅੱਜ","_[other]":"{{value}}ਦਿ ਪਹਿਲਾਂ"},"minutes-until-short":{"_":"{[ plural(value) ]}","_[zero]":"ਹੁਣ","_[other]":"{{value}}ਮਿੰ ਵਿੱਚ"},"hours-until-short":{"_":"{[ plural(value) ]}","_[zero]":"ਹੁਣ","_[other]":"{{value}}ਘੰ ਵਿੱਚ"},"days-until-short":{"_":"{[ plural(value) ]}","_[zero]":"ਅੱਜ","_[other]":"{{value}}ਦਿ ਵਿੱਚ"},"incorrectDate":{"_":"(ਗਲਤ ਮਿਤੀ)"},"dateTimeFormat_%c":{"_":"%a %e %b  %Y %I:%M:%S %p"},"dateTimeFormat_%x":{"_":"%d/%m/%Y"},"dateTimeFormat_%X":{"_":"%I:%M:%S %p"},"shortTimeFormat":{"_":"%I:%M %p"},"shortDateTimeFormat":{"_":"%x %I:%M %p"},"weekStartsOnMonday":{"_":"1"},"time_am":{"_":"ਸਵੇਰੇ"},"time_pm":{"_":"ਸ਼ਾਮ"},"perm-contacts":{"_":"ਸੰਪਰਕ"},"perm-contacts-appRequest":{"_":"{{app}} ਤੁਹਾਡੀ ਸੰਪਰਕ ਸੂਚੀ ਨੂੰ ਵਰਤਣਾ ਚਾਹੁੰਦੀ ਹੈ।"},"perm-contacts-webRequest":{"_":"{{site}} ਤੁਹਾਡੀ ਸੰਪਰਕ ਸੂਚੀ ਨੂੰ ਵਰਤਣਾ ਚਾਹੁੰਦੀ ਹੈ।"},"perm-desktop-notification":{"_":"ਸੂਚਨਾਵਾਂ"},"perm-desktop-notification-appRequest":{"_":"{{app}} ਸੂਚਨਾ ਵਿਖਾਉਣਾ ਚਾਹੁੰਦੀ ਹੈ।"},"perm-desktop-notification-webRequest":{"_":"{{site}} ਸੂਚਨਾ ਵਿਖਾਉਣਾ ਚਾਹੁੰਦੀ ਹੈ।"},"perm-device-storage-music":{"_":"ਸੰਗੀਤ ਸਟੋਰੇਜ਼"},"perm-device-storage-music-appRequest":{"_":"{{app}} ਤੁਹਾਡੇ ਸੰਗੀਤ ਨੂੰ ਵਰਤਣਾ ਚਾਹੁੰਦੀ ਹੈ।"},"perm-device-storage-music-webRequest":{"_":"{{site}} ਤੁਹਾਡੇ ਚਿੱਤਰਾਂ ਨੂੰ ਵਰਤਣਾ ਚਾਹੁੰਦੀ ਹੈ।"},"perm-device-storage-pictures":{"_":"ਚਿੱਤਰ ਸਟੋਰੇਜ਼"},"perm-device-storage-pictures-appRequest":{"_":"{{app}}  ਤੁਹਾਡੇ ਚਿੱਤਰਾਂ ਨੂੰ ਵਰਤਣਾ ਚਾਹੁੰਦੀ ਹੈ।"},"perm-device-storage-pictures-webRequest":{"_":"{{site}} ਤੁਹਾਡੇ ਚਿੱਤਰਾਂ ਨੂੰ ਵਰਤਣਾ ਚਾਹੁੰਦੀ ਹੈ।"},"perm-device-storage-sdcard":{"_":"ਮੈਮੋਰੀ ਕਾਰਡ ਸਟੋਰੇਜ਼"},"perm-device-storage-sdcard-appRequest":{"_":"{{app}} ਤੁਹਾਡੇ ਮੈਮੋਰੀ ਕਾਰਡ ਨੂੰ ਵਰਤਣਾ ਚਾਹੁੰਦੀ ਹੈ।"},"perm-device-storage-sdcard-webRequest":{"_":"{{site}} ਤੁਹਾਡੇ ਮੈਮੋਰੀ ਕਾਰਡ ਨੂੰ ਵਰਤਣਾ ਚਾਹੁੰਦੀ ਹੈ।"},"perm-device-storage-videos":{"_":"ਵੀਡੀਓ ਸਟੋਰੇਜ਼"},"perm-device-storage-videos-appRequest":{"_":"{{app}} ਤੁਹਾਡੀਆਂ ਵੀਡੀਓ ਨੂੰ ਵਰਤਣਾ ਚਾਹੁੰਦੀ ਹੈ।"},"perm-device-storage-videos-webRequest":{"_":"{{site}} ਤੁਹਾਡੀਆਂ ਵੀਡੀਓ ਨੂੰ ਵਰਤਣਾ ਚਾਹੁੰਦੀ ਹੈ।"},"perm-fmradio":{"_":"FM ਰੇਡੀਓ"},"perm-fmradio-appRequest":{"_":"{{app}} FM ਰੇਡੀਓ ਵਰਤਣਾ ਚਾਹੁੰਦੀ ਹੈ।"},"perm-fmradio-webRequest":{"_":"{{site}} FM ਰੇਡੀਓ ਵਰਤਣਾ ਚਾਹੁੰਦੀ ਹੈ।"},"perm-geolocation":{"_":"Geolocation"},"perm-geolocation-appRequest":{"_":"{{app}} ਤੁਹਾਡਾ ਟਿਕਾਣਾ ਪਤਾ ਕਰਨਾ ਚਾਹੁੰਦੀ ਹੈ।"},"perm-geolocation-webRequest":{"_":"{{site}} ਤੁਹਾਡਾ ਟਿਕਾਣਾ ਪਤਾ ਕਰਨਾ ਚਾਹੁੰਦੀ ਹੈ।"},"perm-geolocation-more-info":{"_":"{{brandShortName}} ਡਾਟਾ ਜਿਵੇਂ ਕਿ GPS, ਵਾਈ-ਫਾਈ, ਅਤੇ ਤੁਹਾਡੇ ਨੇੜਲੇ ਮੋਬਾਇਲ ਨੈੱਟਵਰਕ ਨੂੰ ਤੁਹਾਡਾ ਲਗਭਗ ਟਿਕਾਣਾ ਪਤਾ ਕਰਨ ਲਈ ਮਦਦ ਵਾਸਤੇ ਵਰਤਦਾ ਹੈ। ਡਾਟਾ ਮੋਜ਼ੀਲਾ ਅਤੇ ਹੋਰ ਸੇਵਾ ਦੇਣ ਵਾਲਿਆਂ ਨੂੰ ਭੇਜਿਆ ਜਾਂਦਾ ਹੈ ਅਤੇ ਉਹ ਟਿਕਾਣਾ ਡਾਟਾਬੇਸ ਨੂੰ ਸੁਧਾਰਨ ਲਈ ਵਰਤਿਆ ਜਾਵੇਗਾ। ਡਾਟਾ ਤੁਹਾਡੇ ਜੰਤਰ ਉੱਤੇ ਸਟੋਰ ਕੀਤਾ ਜਾ ਸਕਦਾ ਹੈ ਅਤੇ ਤਾਂ ਵੀ ਇੱਕਠੀ ਕੀਤਾ ਜਾ ਸਕਦਾ ਹੈ, ਜਦੋਂ ਕੋਈ ਵੀ ਐਪਸ ਨਾਲ ਚੱਲ ਰਹੀ ਹੋਵੇ।"},"perm-video-capture":{"_":"ਕੈਮਰਾ"},"perm-video-capture-appRequest":{"_":"ਕੀ ਤੁਸੀਂ {{app}} ਨਾਲ ਕੈਮਰਾ ਸਾਂਝਾ ਕਰਨਾ ਚਾਹੁੰਦੇ ਹੋ?"},"perm-video-capture-webRequest":{"_":"ਕੀ ਤੁਸੀਂ {{site}} ਨਾਲ ਕੈਮਰਾ ਸਾਂਝਾ ਕਰਨਾ ਚਾਹੁੰਦੇ ਹੋ?"},"perm-audio-capture":{"_":"ਮਾਈਕਰੋਫੋਨ"},"perm-audio-capture-appRequest":{"_":"ਕੀ ਤੁਸੀਂ {{app}} ਨਾਲ ਮਾਈਕਰੋਫੋਨ ਸਾਂਝਾ ਕਰਨਾ ਚਾਹੁੰਦੇ ਹੋ?"},"perm-audio-capture-webRequest":{"_":"ਕੀ ਤੁਸੀਂ {{site}} ਨਾਲ ਮਾਈਕਰੋਫੋਨ ਸਾਂਝਾ ਕਰਨਾ ਚਾਹੁੰਦੇ ਹੋ?"},"perm-media-capture":{"_":"ਕੈਮਰਾ ਤੇ ਮਾਈਕਰੋਫੋਨ"},"perm-media-capture-appRequest":{"_":"ਕੀ ਤੁਸੀਂ {{app}} ਨਾਲ ਕੈਮਰਾ ਅਤੇ ਮਾਈਕਰੋਫੋਨ ਸਾਂਝਾ ਕਰਨਾ ਚਾਹੁੰਦੇ ਹੋ?"},"perm-media-capture-webRequest":{"_":"ਕੀ ਤੁਸੀਂ {{site}} ਨਾਲ ਕੈਮਰਾ ਅਤੇ ਮਾਈਕਰੋਫੋਨ ਸਾਂਝਾ ਕਰਨਾ ਚਾਹੁੰਦੇ ਹੋ?"},"stopped_download_title":{"_":"ਡਾਊਨਲੋਡ ਰੋਕਿਆ ਗਿਆ"},"stopped_download_message":{"_":"ਡਾਊਨਲੋਡ ਨੂੰ ਰੋਕਿਆ ਗਿਆ ਸੀ। ਫੇਰ ਡਾਊਨਲੋਡ ਕਰਨ ਦੀ ਕੋਸ਼ਿਸ਼ ਕਰਨੀ ਹੈ?"},"stopped_download_left_button":{"_":"ਰੱਦ ਕਰੋ"},"stopped_download_right_button":{"_":"ਫੇਰ ਕੋਸ਼ਿਸ਼ ਕਰੋ"},"failed_download_title":{"_":"ਡਾਊਨਲੋਡ ਫੇਲ੍ਹ ਹੈ"},"failed_download_message":{"_":"{{name}} ਡਾਊਨਲੋਡ ਕਰਨ ਲਈ ਫੇਲ੍ਹ ਹੈ। ਫੇਰ ਡਾਊਨਲੋਡ ਕਰਨ ਦੀ ਕੋਸ਼ਿਸ਼ ਕਰਨੀ ਹੈ?"},"failed_download_left_button":{"_":"ਰੱਦ ਕਰੋ"},"failed_download_right_button":{"_":"ਫੇਰ ਕੋਸ਼ਿਸ਼ ਕਰੋ"},"stop_download_title":{"_":"ਡਾਊਨਲੋਡ ਰੋਕੋ"},"stop_download_message":{"_":"ਕੀ ਤੁਸੀਂ ਡਾਊਨਲੋਡ ਨੂੰ ਰੋਕਣਾ ਚਾਹੁੰਦੇ ਹੋ?"},"stop_download_left_button":{"_":"ਨਹੀਂ"},"stop_download_right_button":{"_":"ਹਾਂ"},"delete_download_title":{"_":"ਹਟਾਓ"},"delete_download_message":{"_":"{{name}} ਹਟਾਉਣਾ ਹੈ?"},"delete_download_left_button":{"_":"ਰੱਦ ਕਰੋ"},"delete_download_right_button":{"_":"ਹਟਾਓ"},"delete_all_download_title":{"_":"ਹਟਾਓ"},"delete_all_download_left_button":{"_":"ਰੱਦ ਕਰੋ"},"delete_all_download_right_button":{"_":"ਹਟਾਓ"},"delete_all_download_message":{"_":"{[ plural(number) ]}","_[zero]":"Delete no files?","_[one]":"Delete one file?","_[two]":"Delete {{number}} files?","_[few]":"Delete {{number}} files?","_[many]":"Delete {{number}} files?","_[other]":"Delete {{number}} files?"},"unsupported_file_type_download_title":{"_":"Unable to open"},"unsupported_file_type_download_message":{"_":"There isn’t an app that can open {{name}}. Would you like to save the file or delete it?"},"unsupported_file_type_download_left_button":{"_":"ਫਾਇਲ ਰੱਖੋ"},"unsupported_file_type_download_right_button":{"_":"ਹਟਾਓ"},"file_not_found_download_title":{"_":"File not found"},"file_not_found_download_message":{"_":"The file wasn’t found on the device"},"file_not_found_download_right_button":{"_":"OK"},"unmounted_sdcard_2_download_title":{"_":"Memory card in use"},"unmounted_sdcard_2_download_message":{"_":"Unplug the phone"},"unmounted_sdcard_2_download_right_button":{"_":"OK"},"no_provider_download_title":{"_":"ਸਾਂਝਾ ਕਰਨ ਲਈ ਅਸਮਰੱਥ"},"no_provider_download_message":{"_":"ਕੋਈ ਉਪਲੱਬਧ ਕਰਤਾ ਨਹੀਂ ਲੱਭਿਆ"},"no_provider_download_right_button":{"_":"ਠੀਕ ਹੈ"},"no_memory_download_title":{"_":"SD Card is full"},"no_memory_download_message":{"_":"There is no more room on your SD card to save your download. Please remove some files before restarting the download."},"no_memory_download_right_button":{"_":"ਠੀਕ ਹੈ"},"no_sdcard_found_2_download_title":{"_":"No memory card found"},"no_sdcard_found_2_download_message":{"_":"Insert a memory card or select an alternate default media location in settings"},"no_sdcard_found_2_download_right_button":{"_":"ਠੀਕ ਹੈ"},"file_open_error_download_title":{"_":"ਖੋਲ੍ਹਣ ਲਈ ਅਸਮਰੱਥ"},"file_open_error_download_message":{"_":"{{name}} ਖੋਲ੍ਹਣ ਵਿੱਚ ਗਲਤੀ ਹੈ। ਕੀ ਤੁਸੀਂ ਫਾਇਲ ਸੰਭਾਲਣੀ ਚਾਹੁੰਦੇ ਹੋ ਜਾਂ ਹਟਾਉਣਾ ਚਾਹੁੰਦੇ ਹੋ?"},"file_open_error_download_left_button":{"_":"ਫਾਇਲ ਰੱਖੋ"},"file_open_error_download_right_button":{"_":"ਹਟਾਓ"},"restart_download_error":{"_":"ਡਾਊਨਲੋਡ ਮੁੜ-ਚਾਲੂ ਕਰਨ ਦੌਰਾਨ ਗਲਤੀ ਸੀ। ਡਾਊਨਲੋਡ ਕਰਨ ਦੀ ਫੇਰ ਕੋਸ਼ਿਸ਼ ਕਰੋ ਜੀ।"},"no-downloads":{"_":"ਕੋਈ ਡਾਊਨਲੋਡ ਨਹੀਂ ਹੈ"},"percentage":{"_":"{{percentage}} %"},"partialResult":{"_":"{{total}} ਵਿੱਚੋਂ {{partial}}"},"summary":{"_":"{{date}} - {{status}}"},"download-stopped":{"_":"ਰੁਕੇ"},"download-failed":{"_":"ਡਾਊਨਲੋਡ ਫੇਲ੍ਹ ਹੈ"},"open_downloaded_file":{"_":"ਖੋਲ੍ਹੋ"},"share_downloaded_file":{"_":"ਸਾਂਝਾ ਕਰੋ"},"wallpaper_downloaded_file":{"_":"ਵਾਲਪੇਪਰ ਲਗਾਓ"},"ringtone_downloaded_file":{"_":"ਰਿੰਗਟੋਨ ਲਗਾਓ"},"cancel_downloaded_file":{"_":"ਰੱਦ ਕਰੋ"},"sim-picker-dial-via-with-number":{"_":"{{ phoneNumber }} ਡਾਇਲ ਕਰੋ ਇਸ ਰਾਹੀਂ"},"sim-picker-select-sim":{"_":"ਸਿਮ ਚੁਣੋ"},"sim-picker-button":{"_":"SIM{{ n }}"},"sim-picker-button-default":{"_":"(ਮੂਲ)"}}