{"ok":{"_":"OK"},"back":{"_":"Wstecz"},"help":{"_":"Pomoc"},"cancel":{"_":"Anuluj"},"close":{"_":"Zamknij"},"skip":{"_":"Pomiń"},"airplaneMode":{"_":"Tryb lotu"},"searching":{"_":"Wyszukiwanie…"},"noNetwork":{"_":"Brak sieci"},"roaming":{"_":"{{operator}} (roaming)"},"emergencyCallsOnly":{"_":"Tylko połączenia alarmowe"},"emergencyCallsOnly-unknownSIMState":{"_":"(nieznany status karty SIM)"},"emergencyCallsOnly-noSIM":{"_":"(brak karty SIM)"},"emergencyCallsOnly-pinRequired":{"_":"(wymagany kod PIN karty SIM)"},"emergencyCallsOnly-pukRequired":{"_":"(wymagany kod PUK karty SIM)"},"emergencyCallsOnly-networkLocked":{"_":"(sieć zablokowana)"},"emergencyCallsOnly-serviceProviderLocked":{"_":"(blokada operatora)"},"emergencyCallsOnly-corporateLocked":{"_":"(blokada korporacyjna)"},"enterPIN":{"_":"Wprowadź PIN"},"statusbarLabel":{"_":"{{date}}, {{operator}}"},"statusbarDateFormat":{"_":"%e %b"},"notifications":{"_":"Powiadomienia"},"clear-all":{"_":"Wyczyść"},"newVoicemails":{"_":"{[plural(n)]}","_[zero]":"Brak wiadomości na poczcie głosowej","_[one]":"Nowa wiadomość na poczcie głosowej","_[two]":"2 nowe wiadomości na poczcie głosowej","_[few]":"{{n}} nowe wiadomości na poczcie głosowej","_[many]":"{{n}} nowych wiadomości na poczcie głosowej","_[other]":"{{n}} new voicemails"},"newVoicemailsUnknown":{"_":"Nowe wiadomości na poczcie głosowej"},"dialNumber":{"_":"Połącz z {{number}}"},"deviceMenu":{"_":"Telefon"},"airplane":{"_":"Włącz tryb lotu"},"airplaneOff":{"_":"Wyłącz tryb lotu"},"silent":{"_":"Wycisz połączenia"},"normal":{"_":"Włącz dzwonki połączeń"},"restart":{"_":"Uruchom ponownie"},"power":{"_":"Wyłącz"},"asyncpanzoom":{"_":"Wyłącz APZ dla aplikacji"},"asyncpanzoomOff":{"_":"Włącz APZ dla aplikacji"},"enableScreenReaderSteps":{"_":"Aby włączyć czytnik ekranowy, naciśnij przycisk podgłaśniania po czym ściszania jeszcze trzy razy"},"disableScreenReaderSteps":{"_":"Aby wyłączyć czytnik ekranowy, naciśnij przycisk podgłaśniania po czym ściszania jeszcze trzy razy"},"no-recent-apps":{"_":"Brak ostatnio otwieranych aplikacji"},"yes":{"_":"Tak"},"no":{"_":"Nie"},"deny":{"_":"Odmów"},"allow":{"_":"Zezwól"},"dontshare-geolocation":{"_":"Nie udostępniaj"},"share-geolocation":{"_":"Udostępnij"},"dontshare-audio-capture":{"_":"Nie udostępniaj"},"share-audio-capture":{"_":"Udostępnij"},"dontshare-video-capture":{"_":"Nie udostępniaj"},"share-video-capture":{"_":"Udostępnij"},"dontshare-media-capture":{"_":"Nie udostępniaj"},"share-media-capture":{"_":"Udostępnij"},"device-front":{"_":"Aparat z przodu"},"device-back":{"_":"Aparat z tyłu"},"remember-my-choice":{"_":"Zapamiętaj wybór"},"more-info":{"_":"Więcej informacji…"},"install-app":{"_":"Zainstalować aplikację „{{name}}”?"},"size":{"_":"Rozmiar"},"author":{"_":"Autor"},"size-unknown":{"_":"Nieznany"},"author-unknown":{"_":"Nieznany"},"install":{"_":"Zainstaluj"},"bytes":{"_":"b"},"kB":{"_":"KB"},"MB":{"_":"MB"},"GB":{"_":"GB"},"TB":{"_":"TB"},"PB":{"_":"PB"},"app-install-generic-error":{"_":"Pobieranie aplikacji „{{appName}}” wstrzymane"},"app-install-download-failed":{"_":"Pobieranie aplikacji „{{appName}}” nie powiodło się"},"app-install-install-failed":{"_":"Instalowanie aplikacji „{{appName}}” nie powiodło się"},"cancelling-will-not-refund":{"_":"Anulowanie nie oznacza rezygnacji z zakupu. Zwroty za zakupione treści są rozpatrywane przez oryginalnego sprzedawcę."},"apps-can-be-installed-later":{"_":"Aplikacje mogą być instalowane w późniejszym terminie z oryginalnej lokalizacji instalacji."},"are-you-sure-you-want-to-cancel":{"_":"Czy na pewno anulować instalację?"},"cancel-install":{"_":"Anuluj"},"resume":{"_":"Wznów instalację"},"continue":{"_":"Kontynuuj"},"stopDownloading":{"_":"Wstrzymać pobieranie aplikacji „{{app}}”?"},"app-download-can-be-restarted":{"_":"Pobieranie będzie można później wznowić."},"app-download-stop-button":{"_":"Wstrzymaj pobieranie"},"not-enough-space":{"_":"Zbyt mało miejsca"},"not-enough-space-message":{"_":"Nie ma wystarczająco dużo miejsca, aby zainstalować tę aplikację. Miejsce można zwolnić, usuwając stare aplikacje lub pliki, i następnie spróbować ponownie zainstalować aplikację z oryginalnego źródła."},"app-install-success":{"_":"Aplikacja „{{appName}}” została zainstalowana"},"setup":{"_":"Ustaw"},"ime-addkeyboards":{"_":"Wybór klawiatur"},"later":{"_":"Później"},"download":{"_":"Pobierz"},"wantToDownload":{"_":"Pobrać aktualizację?"},"wantToInstall":{"_":"Zainstalować aktualizację?"},"installNow":{"_":"Zainstaluj teraz"},"notNow":{"_":"Nie teraz"},"downloadingUpdateMessage":{"innerHTML":"Pobieranie aktualizacji… <span>Pobrano {{progress}}</span>"},"downloadingAppMessage":{"_":"Pobieranie aplikacji „{{appName}}”"},"downloadingAppProgressNoMax":{"_":"Pobrano {{progress}}"},"downloadingAppProgressIndeterminate":{"_":"Pobieranie"},"downloadingAppProgress":{"_":"Pobrano {{progress}} z {{max}}"},"cancelAllDownloads":{"_":"Anuluj wszystkie pobierania"},"wantToCancelAll":{"_":"Czy na pewno anulować wszystkie pobierania?"},"downloadError":{"_":"Wystąpił błąd podczas pobierania aktualizacji."},"updateAvailableInfo":{"innerHTML":"{[plural(n)]}","innerHTML[one]":"Dostępna aktualizacja <span>Więcej informacji</span>","innerHTML[two]":"Dostępne dwie aktualizacje <span>Więcej informacji</span>","innerHTML[few]":"Dostępne {{n}} aktualizacje <span>Więcej informacji</span>","innerHTML[many]":"{{n}} dostępnych aktualizacji <span>Więcej informacji</span>","innerHTML[other]":"{{ n }} updates available. <span>Tap for more info.</span>"},"numberOfUpdates":{"_":"{[plural(n)]}","_[one]":"Dostępna aktualizacja","_[two]":"Dwie dostępne aktualizacje","_[few]":"{{n}} dostępne aktualizacje","_[many]":"{{n}} dostępnych aktualizacji","_[other]":"{{ n }} updates available"},"systemUpdate":{"_":"Aktualizacja systemu"},"systemUpdateReady":{"_":"Aktualizacja systemu gotowa do instalacji"},"required":{"_":"Wymagana"},"uncompressingMessage":{"innerHTML":"Rozpakowywanie… <span>(może potrwać kilka minut)</span>"},"downloadNoWifiWarning":{"_":"Sieć Wi-Fi niedostępna. Aktualizacja przy użyciu obecnego połączenia może skutkować dodatkowymi opłatami."},"downloadOfflineWarning":{"_":"Połączenie niedostępne. Nawiąż połączenie z siecią, aby pobrać aktualizacje."},"downloadDataConnectionWarning":{"_":"Aktualizacje pobierane są poprzez sieć komórkową, gdy sieć Wi-Fi jest niedostępna, co może skutkować dodatkowymi opłatami."},"downloadUpdatesViaDataConnection":{"_":"Pobrać aktualizacje poprzez sieć komórkową?"},"downloadUpdatesViaDataConnectionMessage":{"_":"Aktualizacje pobierane są poprzez sieć komórkową, gdy sieć Wi-Fi jest niedostępna. Podczas przesyłania danych przez sieć komórkową mogą być blokowane rozmowy głosowe oraz naliczane dodatkowe opłaty."},"screenshotSaved":{"_":"Zrzut dodany do Galerii"},"screenshotFailed":{"_":"Błąd zapisywania zrzutu"},"screenshotNoSDCard":{"_":"Brak karty pamięci"},"screenshotSDCardInUse":{"_":"Karta pamięci obecnie używana"},"screenshotSDCardLow":{"_":"Za mało miejsca na karcie pamięci"},"emergency-call-button":{"_":"Połączenie alarmowe"},"emergency-call":{"_":"Połączenie alarmowe"},"unlock-a11y-button":{"ariaLabel":"Odblokuj"},"camera-a11y-button":{"ariaLabel":"Kamera"},"longDateFormat":{"_":"%A, %e %Eb"},"softwareHomeButton":{"ariaLabel":"Przycisk początek"},"login":{"_":"Zaloguj się"},"username":{"_":"Nazwa użytkownika"},"password":{"_":"Hasło"},"http-authentication-message":{"_":"{{host}} prosi o podanie nazwy użytkownika i hasła. Komunikat strony: „{{realm}}”"},"error-message":{"_":"Aplikacja „{{name}}” nie wczytuje się poprawnie"},"error-title":{"_":"Problem z aplikacją „{{name}}”"},"airplane-is-on":{"_":"Tryb lotu jest włączony"},"airplane-is-turned-on":{"_":"Aplikacja „{{name}}” wymaga połączenia z siecią. Wyłącz w ustawieniach tryb lotu i połącz się z siecią Wi-Fi lub siecią komórkową w celu przesyłania danych."},"server-not-found":{"_":"Nie odnaleziono serwera"},"server-not-found-error":{"_":"Nie udało się odnaleźć serwera „{{name}}”."},"network-connection-unavailable":{"_":"Połączenie sieciowe niedostępne"},"network-error":{"_":"Aplikacja „{{name}}” wymaga połączenia z siecią. Spróbuj połączyć się z siecią Wi-Fi lub komórkową, aby umożliwić przesyłanie danych."},"unable-to-connect":{"_":"Nie udało się połączyć"},"tap-to-retry":{"_":"Pacnij, aby spróbować ponownie"},"try-again":{"_":"Spróbuj ponownie"},"select-time":{"_":"Ustaw czas"},"choose-option":{"_":"Ustaw"},"choose-options":{"_":"Ustaw"},"select-day":{"_":"Ustaw datę"},"battery-almost-empty":{"_":"Bateria prawie rozładowana"},"add-to-home-screen":{"_":"Dodaj do ekranu głównego"},"crash-dialog2-os":{"_":"{{brandShortName}} wznowił działanie po awarii"},"crash-dialog-app":{"_":"Aplikacja „{{name}}” uległa awarii"},"crash-dialog-message":{"_":"Wysłać Mozilli raport z awarii w celu ułatwienia jego naprawy? (Raporty są wysyłane wyłącznie przez sieć Wi-Fi)"},"crash-info-link":{"_":"Czym jest raport z awarii?"},"crash-always-report":{"_":"Zawsze wysyłaj Mozilli raporty z awarii."},"crash-dont-send":{"_":"Nie wysyłaj"},"crash-end":{"_":"Wyślij"},"crashReports":{"_":"Raporty z awarii"},"done":{"_":"Gotowe"},"crash-reports-description-1":{"_":"Raport z awarii zawiera informacje na temat awarii, urządzenia oraz zapis stanu urządzenia z momentu awarii."},"crash-reports-description-2":{"_":"W tym takie szczegóły, jak otwarte strony i aplikacje, dane wprowadzone w formularze i treść otwartych wiadomości, historia ostatnio odwiedzanych stron, czy dane o położeniu pochodzące z otwartych aplikacji."},"crash-reports-description-3-start":{"_":"Raporty z awarii są używane do rozwiązywania problemów i doskonalenia naszych produktów. Dowiedz się, jak Mozilla obchodzi się z Twoimi danymi, czytając "},"crash-reports-description-3-privacy":{"_":"o polityce prywatności"},"crash-reports-description-3-end":{"_":"."},"crash-banner-os2":{"_":"{{brandShortName}} uległ awarii."},"crash-banner-app":{"_":"Aplikacja „{{name}}” uległa awarii."},"crash-banner-report":{"_":"Raport"},"bluetooth-sendingTitle":{"_":"Wysłanie danych przez Bluetooth"},"bluetooth-receivingTitle":{"_":"Odbieranie danych przez Bluetooth"},"bluetooth-sending-progress":{"_":"Wysłanie danych przez Bluetooth…"},"bluetooth-receiving-progress":{"_":"Odbieranie danych przez Bluetooth…"},"acceptFileTransfer":{"_":"Zaakceptować przychodzący przez Bluetooth transfer pliku?"},"wantToReceiveFile":{"_":"Urządzenie „{{deviceName}}” prosi o możliwość przesłania pliku „{{fileName}}” ({{fileSize}})."},"transfer-confirmation-title":{"_":"{{deviceName}}"},"transfer-confirmation-description":{"_":"Przychodzący transfer pliku"},"byteUnit-B":{"_":"B"},"byteUnit-KB":{"_":"KB"},"byteUnit-MB":{"_":"MB"},"byteUnit-GB":{"_":"GB"},"byteUnit-TB":{"_":"TB"},"byteUnit-PB":{"_":"PB"},"byteUnit-EB":{"_":"EB"},"byteUnit-ZB":{"_":"ZB"},"byteUnit-YB":{"_":"YB"},"fileSize":{"_":"{{size}} {{unit}}"},"transfer":{"_":"Prześlij"},"cancelFileTransfer":{"_":"Anulować przesyłanie plików przez Bluetooth?"},"transfer-has-started-title":{"_":"Rozpoczęto przesyłanie"},"transfer-has-started-description":{"_":"Postęp można sprawdzić poniżej"},"transferFinished-sentSuccessful-title":{"_":"Wysłano plik"},"transferFinished-receivedSuccessful-title":{"_":"Odebrano plik"},"transferFinished-sentFailed-title":{"_":"Nie można wysłać pliku"},"transferFinished-receivedFailed-title":{"_":"Nie można odebrać pliku"},"transferReport-title":{"_":"Raport z przesyłania:"},"transferReport-description":{"_":"gotowe: {{numSuccessful}} plików, nieduane: {{numUnsuccessful}} plików"},"unknown-file":{"_":"Nieznany plik"},"unknown-device":{"_":"Nieznane urządzenie"},"cannotOpenFile":{"_":"Nie można otworzyć otrzymanego pliku"},"unknownMediaTypeToOpen":{"_":"Nie można otworzyć nieznanego typu pliku:"},"cannotReceiveFile":{"_":"Nie można pobrać pliku"},"cannotGetStorageState":{"_":"Nie można uzyskać informacji o pamięci urządzenia"},"sdcard-not-exist2":{"_":"Nie znaleziono karty pamięci. Proszę włożyć kartę pamięci."},"sdcard-in-use":{"_":"Bluetooth nie może być używany podczas ładowania. Należy odłączyć telefon, aby przesyłać pliki."},"sdcard-no-space2":{"_":"Nie można ukończyć przesyłania plików, ponieważ karta pamięci jest pełna."},"unknown-error":{"_":"Nieznany błąd"},"confirm":{"_":"Potwierdź"},"microphone-is-on":{"_":"Mikrofon włączony"},"camera-is-on":{"_":"Kamera włączona"},"media-is-on":{"_":"Mikrofon i kamera włączone"},"noSimCard":{"_":"Brak karty SIM"},"simPin":{"_":"Kod PIN karty SIM:"},"pukCode":{"_":"Kod PUK"},"nckCode":{"_":"Kod NCK"},"cckCode":{"_":"Kod CCK"},"spckCode":{"_":"Kod SPCK"},"whatIsSimPin":{"_":"Czym jest kod PIN karty SIM?"},"simPinIntro1":{"_":"Kod PIN karty SIM kontroluje możliwość łączenia się z siecią komórkową. Jeśli aktywny, każde urządzenie zawierające tę kartę będzie wymagało jego wprowadzenia przed połączeniem z siecią komórkową (np. po ponownym uruchomieniu)."},"simPinIntro2":{"_":"Kod PIN karty SIM to inny kod niż ten do odblokowywania urządzenia."},"changeSimPin":{"_":"Zmień PIN"},"pinTitle":{"_":"Wprowadź PIN"},"multiSIMpinTitle":{"_":"Wprowadź PIN karty SIM {{n}}"},"pukTitle":{"_":"Wprowadź PUK"},"nckTitle":{"_":"Wprowadź NCK"},"cckTitle":{"_":"Wprowadź CCK"},"spckTitle":{"_":"Wprowadź SPCK"},"newpinTitle":{"_":"Nowy PIN"},"inputCodeRetriesLeft":{"_":"{[plural(n)]}","_[one]":"Ostatnia próba.","_[two]":"Pozostały dwie próby.","_[few]":"Pozostały {{n}} próby.","_[many]":"Pozostało {{n}} prób.","_[other]":"{{n}} tries left."},"pinErrorMsg":{"_":"Wprowadzono nieprawidłowy kod PIN."},"pinAttemptMsg2":{"_":"{[plural(n)]}","_[one]":"Pozostała jedna próba wprowadzenia poprawnego kodu przed zablokowaniem karty SIM.","_[two]":"Pozostały dwie próby wprowadzenia poprawnego kodu przed zablokowaniem karty SIM.","_[few]":"Pozostały {{n}} próby wprowadzenia poprawnego kodu przed zablokowaniem karty SIM.","_[many]":"Pozostało {{n}} prób wprowadzenia poprawnego kodu przed zablokowaniem karty SIM.","_[other]":"You have {{n}} tries left to enter the correct code before locking the SIM card."},"pinLastChanceMsg":{"_":"Ostatnia szansa na wprowadzenie poprawnego kodu PIN. Jeśli kod będzie nieprawidłowy, konieczne będzie wprowadzenie kodu PUK, aby używać tej karty SIM."},"simCardLockedMsg":{"_":"Karta SIM jest zablokowana."},"enterPukMsg":{"_":"Konieczne jest wprowadzenie kodu PUK dla tej karty SIM. Aby uzyskać więcej informacji, należy sprawdzić dokumenty karty SIM lub skontaktować się z operatorem."},"pukErrorMsg":{"_":"Nieprawidłowy kod PUK"},"pukAttemptMsg2":{"_":"{[plural(n)]}","_[one]":"Pozostała ostatnia próba wprowadzenia prawidłowego kodu przed permanentną blokadą karty SIM powodującą jej bezużyteczność. Aby uzyskać więcej informacji, należy sprawdzić dokumenty karty SIM lub skontaktować się z operatorem.","_[two]":"Pozostały dwie próby wprowadzenia prawidłowego kodu przed permanentną blokadą karty SIM powodującą jej bezużyteczność. Aby uzyskać więcej informacji, należy sprawdzić dokumenty karty SIM lub skontaktować się z operatorem.","_[few]":"Pozostały {{n}} próby wprowadzenia prawidłowego kodu przed permanentną blokadą karty SIM powodującą jej bezużyteczność. Aby uzyskać więcej informacji, należy sprawdzić dokumenty karty SIM lub skontaktować się z operatorem.","_[many]":"Pozostało {{n}} prób wprowadzenia prawidłowego kodu przed permanentną blokadą karty SIM powodującą jej bezużyteczność. Aby uzyskać więcej informacji, należy sprawdzić dokumenty karty SIM lub skontaktować się z operatorem.","_[other]":"You have {{n}} tries left to enter the correct code before this SIM card will be permanently unusable. Refer to your SIM card documentation or contact your carrier for more information."},"pukLastChanceMsg":{"_":"Ostatnia szansa na wprowadzenie prawidłowego kodu PUK. Karta SIM zostanie permanentnie zablokowana i bezużyteczna, jeśli zostanie wprowadzony nieprawidłowy kod PUK. Aby uzyskać więcej informacji, należy sprawdzić dokumenty karty SIM lub skontaktować się z operatorem."},"newSimPinMsg":{"_":"Utwórz PIN (musi składać się z 4 do 8 cyfr)"},"confirmNewSimPinMsg":{"_":"Potwierdź nowy PIN"},"newPinErrorMsg":{"_":"Wprowadzone kody nie zgadzają się."},"nckErrorMsg":{"_":"Nieprawidłowy kod NCK."},"nckAttemptMsg2":{"_":"{[plural(n)]}","_[one]":"Błąd żądania depersonalizacji sieci. Pozostała ostatnia próba wprowadzenia poprawnego kodu. Aby uzyskać więcej informacji, należy sprawdzić instrukcję urządzenia lub skontaktować się z operatorem.","_[two]":"Błąd żądania depersonalizacji sieci. Pozostały dwie próby wprowadzenia poprawnego kodu. Aby uzyskać więcej informacji, należy sprawdzić instrukcję urządzenia lub skontaktować się z operatorem.","_[few]":"Błąd żądania depersonalizacji sieci. Pozostały {{n}} próby wprowadzenia poprawnego kodu. Aby uzyskać więcej informacji, należy sprawdzić instrukcję urządzenia lub skontaktować się z operatorem.","_[many]":"Błąd żądania depersonalizacji sieci. Pozostało {{n}} prób wprowadzenia poprawnego kodu. Aby uzyskać więcej informacji, należy sprawdzić instrukcję urządzenia lub skontaktować się z operatorem.","_[other]":"Network depersonalization request failure. You have {{n}} tries left to enter the correct code. Refer to your device documentation or contact your carrier for more information."},"nckLastChanceMsg":{"_":"Błąd żądania depersonalizacji sieci. Ostatnia szansa na wprowadzenie poprawnego kodu NCK. Aby uzyskać więcej informacji, należy sprawdzić instrukcję urządzenia lub skontaktować się z operatorem."},"activity-pick":{"_":"Wybierz z:"},"activity-view":{"_":"Wyświetl w:"},"activity-test":{"_":"Przetestuj w:"},"activity-share":{"_":"Wyślij poprzez:"},"activity-new":{"_":"Utwórz w:"},"activity-open":{"_":"Otwórz w:"},"activity-save-bookmark":{"_":"Dodaj do:"},"activity-record":{"_":"Nagraj z:"},"activity-browse":{"_":"Przeglądaj z:"},"activity-configure":{"_":"Skonfiguruj z:"},"activity-dial":{"_":"Zadzwoń przez:"},"persona-signin":{"_":"Zaloguj się"},"payment-flow":{"_":"Zamówienie"},"remoteDebuggerMessage":{"_":"Przychodzące żądanie zezwolenia na połączenie zdalnego debugowania zostało wykryte. Zezwolić na połączenie?"},"fullscreen-request":{"_":"{{origin}} działa teraz w trybie pełnoekranowym."},"captive-wifi-available":{"_":"Wykryto sieć „{{networkName}}” z ograniczonym dostępem do Internetu. Połączyć?"},"ceWarningtitle":{"_":"Ostrzeżenie o głośności"},"ceWarningcontent":{"_":"Aby zapobiec ewentualnym uszkodzeniom słuchu, należy unikać słuchania na wysokich poziomach głośności przez długie okresy."},"notification-powersaving-mode-on-title":{"_":"Tryb oszczędzania energii"},"notification-powersaving-mode-on-description":{"_":"Uaktywniono tryb oszczędzania energii."},"low-device-storage":{"_":"Mało wolnego miejsca.\n"},"free-space":{"_":"{[plural(value)]}","_[zero]":"Brak wolnej przestrzeni.","_[one]":"Pozostało mniej niż {{value}} {{unit}}.","_[two]":"Pozostało mniej niż {{value}} {{unit}}.","_[few]":"Pozostało mniej niż {{value}} {{unit}}.","_[many]":"Pozostało mniej niż {{value}} {{unit}}.","_[other]":"Pozostało mniej niż {{value}} {{unit}}."},"unknown-free-space":{"_":"Nieznany rozmiar pozostałej przestrzeni."},"system-alert":{"_":"Komunikat sieciowy"},"cb-channel":{"_":"Kanał „{{channel}}”"},"icc-message-title":{"_":"Wiadomość operatora karty SIM {{id}}"},"icc-confirmCall-defaultmessage":{"_":"Połączyć z {{number}}?"},"icc-alertMessage-defaultmessage":{"_":"Wysyłanie wiadomości"},"icc-confirmMessage-defaultmessage":{"_":"Wysłać wiadomość?"},"icc-inputbox-title":{"_":"Wyszukiwanie STK dla karty SIM {{id}}"},"emergency-callback-mode":{"_":"Tryb zwrotnych połączeń alarmowych"},"emergency-callback-message":{"_":"Nie można wykonywać połączeń, wysyłać wiadomości i przesyłać danych w trybie zwrotnych połączeń alarmowych. Wyłączyć ten tryb?"},"cdma-record-info":{"_":"Informacje rekordu CDMA"},"ime-switching-title":{"_":"{{appName}}: {{name}}"},"ime-switching-tip":{"_":"Zmień klawiaturę"},"layout-selection":{"_":"Wybór układu klawiatury"},"shrinking-tip":{"_":"Przesuń, aby udostępnić"},"download_started":{"_":"Rozpoczęto pobieranie"},"download_stopped":{"_":"Zatrzymano pobieranie"},"download_downloading":{"_":"Pobieranie…"},"download_succeeded":{"_":"Zakończono pobieranie"},"download_failed":{"_":"Pobieranie nieudane"},"download_text_by_default":{"_":"{{name}}"},"download_downloading_text_2":{"_":"{{percentage}}% - {{name}}"},"search":{"_":"Szukaj"},"search-or-type-address":{"placeholder":"Wprowadź adres lub szukaj"},"noSIMCardInHotspot":{"_":"Hotspot Wi-Fi został wyłączony, ponieważ nie wykryto karty SIM"},"brandShortName":{"_":"B2G OS"},"browserBrandShortName":{"_":"Web Browser"},"browserBrandFullName":{"_":"Mozilla Web Browser"},"weekday-0-long":{"_":"Niedziela"},"weekday-1-long":{"_":"Poniedziałek"},"weekday-2-long":{"_":"Wtorek"},"weekday-3-long":{"_":"Środa"},"weekday-4-long":{"_":"Czwartek"},"weekday-5-long":{"_":"Piątek"},"weekday-6-long":{"_":"Sobota"},"weekday-0-short":{"_":"Nd"},"weekday-1-short":{"_":"Pn"},"weekday-2-short":{"_":"Wt"},"weekday-3-short":{"_":"Śr"},"weekday-4-short":{"_":"Cz"},"weekday-5-short":{"_":"Pt"},"weekday-6-short":{"_":"Sb"},"month-0-long":{"_":"Styczeń"},"month-1-long":{"_":"Luty"},"month-2-long":{"_":"Marzec"},"month-3-long":{"_":"Kwiecień"},"month-4-long":{"_":"Maj"},"month-5-long":{"_":"Czerwiec"},"month-6-long":{"_":"Lipiec"},"month-7-long":{"_":"Sierpień"},"month-8-long":{"_":"Wrzesień"},"month-9-long":{"_":"Październik"},"month-10-long":{"_":"Listopad"},"month-11-long":{"_":"Grudzień"},"month-0-genitive":{"_":"stycznia"},"month-1-genitive":{"_":"lutego"},"month-2-genitive":{"_":"marca"},"month-3-genitive":{"_":"kwietnia"},"month-4-genitive":{"_":"maja"},"month-5-genitive":{"_":"czerwca"},"month-6-genitive":{"_":"lipca"},"month-7-genitive":{"_":"sierpnia"},"month-8-genitive":{"_":"września"},"month-9-genitive":{"_":"października"},"month-10-genitive":{"_":"listopada"},"month-11-genitive":{"_":"grudnia"},"month-0-short":{"_":"sty"},"month-1-short":{"_":"lut"},"month-2-short":{"_":"mar"},"month-3-short":{"_":"kwi"},"month-4-short":{"_":"maj"},"month-5-short":{"_":"cze"},"month-6-short":{"_":"lip"},"month-7-short":{"_":"sie"},"month-8-short":{"_":"wrz"},"month-9-short":{"_":"paź"},"month-10-short":{"_":"lis"},"month-11-short":{"_":"gru"},"minutes-ago-long":{"_":"{[plural(value)]}","_[zero]":"w tym momencie","_[one]":"przed minutą","_[two]":"dwie minuty temu","_[few]":"{{value}} minuty temu","_[many]":"{{value}} minut temu","_[other]":"{{value}} minut temu"},"hours-ago-long":{"_":"{[plural(value)]}","_[zero]":"w tej godzinie","_[one]":"godzinę temu","_[two]":"dwie godziny temu","_[few]":"{{value}} godziny temu","_[many]":"{{value}} godzin temu","_[other]":"{{value}} godzin temu"},"days-ago-long":{"_":"{[plural(value)]}","_[zero]":"dzisiaj","_[one]":"wczoraj","_[two]":"przedwczoraj","_[few]":"{{value}} dni temu","_[many]":"{{value}} dni temu","_[other]":"{{value}} dni temu"},"weeks-ago-long":{"_":"{[plural(value)]}","_[zero]":"w tym tygodniu","_[one]":"w zeszłym tygodniu","_[two]":"dwa tygodnie temu","_[few]":"{{value}} tygodnie temu","_[many]":"{{value}} tygodni temu","_[other]":"{{value}} tygodni temu"},"months-ago-long":{"_":"{[plural(value)]}","_[zero]":"w tym miesiącu","_[one]":"w zeszłym miesiącu","_[two]":"dwa miesiące temu","_[few]":"{{value}} miesiące temu","_[many]":"{{value}} miesięcy temu","_[other]":"{{value}} miesięcy temu"},"years-ago-long":{"_":"{[plural(value)]}","_[zero]":"w tym roku","_[one]":"w zeszłym roku","_[two]":"dwa lata temu","_[few]":"{{value}} lata temu","_[many]":"{{value}} lat temu","_[other]":"{{value}} lat temu"},"minutes-until-long":{"_":"{[plural(value)]}","_[zero]":"teraz","_[one]":"za minutę","_[two]":"za dwie minuty","_[few]":"za {{value}} minuty","_[many]":"za {{value}} minut","_[other]":"za {{value}} minut"},"hours-until-long":{"_":"{[plural(value)]}","_[zero]":"teraz","_[one]":"za godzinę","_[two]":"za dwie godziny","_[few]":"za {{value}} godziny","_[many]":"za {{value}} godzin","_[other]":"za {{value}} godzin"},"days-until-long":{"_":"{[plural(value)]}","_[zero]":"dzisiaj","_[one]":"jutro","_[two]":"za dwa dni","_[few]":"za {{value}} dni","_[many]":"za {{value}} dni","_[other]":"za {{value}} dni"},"weeks-until-long":{"_":"{[plural(value)]}","_[zero]":"w tym tygodniu","_[one]":"w przyszłym tygodniu","_[two]":"za dwa tygodnie","_[few]":"za {{value}} tygodnie","_[many]":"za {{value}} tygodni","_[other]":"za {{value}} tygodni"},"months-until-long":{"_":"{[plural(value)]}","_[zero]":"w tym miesiącu","_[one]":"w przyszłym miesiącu","_[two]":"za dwa miesiące","_[few]":"za {{value}} miesiące","_[many]":"za {{value}} miesięcy","_[other]":"za {{value}} miesięcy"},"years-until-long":{"_":"{[plural(value)]}","_[zero]":"w tym roku","_[one]":"w przyszłym roku","_[two]":"za dwa lata","_[few]":"za {{value}} lata","_[many]":"za {{value}} lat","_[other]":"za {{value}} lat"},"minutes-ago-short":{"_":"{[plural(value)]}","_[zero]":"teraz","_[other]":"{{value}} min temu"},"hours-ago-short":{"_":"{[plural(value)]}","_[zero]":"teraz","_[other]":"{{value}} godz. temu"},"days-ago-short":{"_":"{[plural(value)]}","_[zero]":"dzisiaj","_[other]":"{{value}} dni temu"},"minutes-until-short":{"_":"{[plural(value)]}","_[zero]":"teraz","_[other]":"za {{value}} min"},"hours-until-short":{"_":"{[plural(value)]}","_[zero]":"teraz","_[other]":"za {{value}} godz."},"days-until-short":{"_":"{[plural(value)]}","_[zero]":"dzisiaj","_[other]":"za {{value}} dni"},"incorrectDate":{"_":"(nieprawidłowa data)"},"dateTimeFormat_%c":{"_":"%a, %e %b %Y, %H:%M:%S"},"dateTimeFormat_%x":{"_":"%e.%m.%Y"},"dateTimeFormat_%X":{"_":"%H:%M:%S"},"shortTimeFormat":{"_":"%H:%M"},"shortDateTimeFormat":{"_":"%x %H:%M"},"weekStartsOnMonday":{"_":"1"},"time_am":{"_":"AM"},"time_pm":{"_":"PM"},"perm-contacts":{"_":"Książka adresowa"},"perm-contacts-appRequest":{"_":"Aplikacja „{{app}}” chciałaby uzyskać dostęp do książki adresowej telefonu."},"perm-contacts-webRequest":{"_":"Strona „{{site}}” chciałaby uzyskać dostęp do książki adresowej telefonu."},"perm-desktop-notification":{"_":"Powiadomienia"},"perm-desktop-notification-appRequest":{"_":"Aplikacja „{{app}}” chciałaby wyświetlać powiadomienia na telefonie."},"perm-desktop-notification-webRequest":{"_":"Strona „{{site}}” chciałaby wyświetlać powiadomienia na telefonie."},"perm-device-storage-music":{"_":"Muzyka"},"perm-device-storage-music-appRequest":{"_":"Aplikacja „{{app}}” chciałaby uzyskać dostęp do zgromadzonej muzyki."},"perm-device-storage-music-webRequest":{"_":"Strona „{{site}}” chciałaby uzyskać dostęp do zgromadzonej muzyki."},"perm-device-storage-pictures":{"_":"Zdjęcia"},"perm-device-storage-pictures-appRequest":{"_":"Aplikacja „{{app}}” chciałaby uzyskać dostęp do zgromadzonych zdjęć."},"perm-device-storage-pictures-webRequest":{"_":"Strona „{{site}}” chciałaby uzyskać dostęp do zgromadzonych zdjęć."},"perm-device-storage-sdcard":{"_":"Karta pamięci"},"perm-device-storage-sdcard-appRequest":{"_":"Aplikacja „{{app}}” chciałaby uzyskać dostęp do karty pamięci."},"perm-device-storage-sdcard-webRequest":{"_":"Strona „{{site}}” chciałaby uzyskać dostęp do karty pamięci."},"perm-device-storage-videos":{"_":"Filmy"},"perm-device-storage-videos-appRequest":{"_":"Aplikacja „{{app}}” chciałaby uzyskać dostęp do zgromadzonych filmów."},"perm-device-storage-videos-webRequest":{"_":"Strona „{{site}}” chciałaby uzyskać dostęp do zgromadzonych filmów."},"perm-fmradio":{"_":"Radio"},"perm-fmradio-appRequest":{"_":"Aplikacja „{{app}}” chciałaby uzyskać dostęp do radia telefonu."},"perm-fmradio-webRequest":{"_":"Strona „{{site}}” chciałaby uzyskać dostęp do radia telefonu."},"perm-geolocation":{"_":"Usługi lokalizacji położenia"},"perm-geolocation-appRequest":{"_":"Aplikacja „{{app}}” chciałaby uzyskać dostęp do informacji o położeniu urządzenia."},"perm-geolocation-webRequest":{"_":"Strona „{{site}}” chciałaby uzyskać dostęp dostęp do informacji o położeniu urządzenia."},"perm-geolocation-more-info":{"_":"{{brandShortName}} wykorzystuje dane pochodzące z GPS, z sieci komórkowych oraz Wi-Fi, aby ustalić przybliżone położenie. Dane są wysyłane do Mozilli oraz innych usługodawców i zagregowane będą wykorzystywane do doskonalenia ich baz danych położenia. Dane mogą być przechowywane na urządzeniu, a ich zbieranie może następować, nawet jeśli nie uruchomiono żadnych aplikacji."},"perm-video-capture":{"_":"Aparat"},"perm-video-capture-appRequest":{"_":"Aplikacja „{{app}}” chciałaby uzyskać dostęp do aparatu."},"perm-video-capture-webRequest":{"_":"Strona „{{site}}” chciałaby uzyskać dostęp do aparatu."},"perm-audio-capture":{"_":"Mikrofon"},"perm-audio-capture-appRequest":{"_":"Aplikacja „{{app}}” chciałaby uzyskać dostęp do mikrofonu."},"perm-audio-capture-webRequest":{"_":"Strona „{{site}}” chciałaby uzyskać dostęp do mikrofonu."},"perm-media-capture":{"_":"Aparat i mikrofon"},"perm-media-capture-appRequest":{"_":"Aplikacja „{{app}}” chciałaby uzyskać dostęp do aparatu i mikrofonu."},"perm-media-capture-webRequest":{"_":"Strona „{{site}}” chciałaby uzyskać dostęp do aparatu i mikrofonu."},"stopped_download_title":{"_":"Przerwane pobieranie"},"stopped_download_message":{"_":"Pobieranie zostało przerwane, spróbować ponownie?"},"stopped_download_left_button":{"_":"Anuluj"},"stopped_download_right_button":{"_":"Spróbuj ponownie"},"failed_download_title":{"_":"Nieudane pobieranie"},"failed_download_message":{"_":"Pobieranie „{{name}}” nie powiodło się, spróbować ponownie?"},"failed_download_left_button":{"_":"Anuluj"},"failed_download_right_button":{"_":"Spróbuj ponownie"},"stop_download_title":{"_":"Zatrzymywanie pobierania"},"stop_download_message":{"_":"Na pewno przerwać pobieranie?"},"stop_download_left_button":{"_":"Nie"},"stop_download_right_button":{"_":"Tak"},"delete_download_title":{"_":"Usuwanie pliku"},"delete_download_message":{"_":"Usunąć „{{name}}”?"},"delete_download_left_button":{"_":"Anuluj"},"delete_download_right_button":{"_":"Usuń"},"delete_all_download_title":{"_":"Usuwanie plików"},"delete_all_download_left_button":{"_":"Anuluj"},"delete_all_download_right_button":{"_":"Usuń"},"delete_all_download_message":{"_":"{[plural(number)]}","_[zero]":"Nic nie usuwać?","_[one]":"Usunąć plik?","_[two]":"Usunąć dwa pliki?","_[few]":"Usunąć {{number}} pliki?","_[many]":"Usunąć {{number}} plików?","_[other]":"Delete {{number}} files?"},"unsupported_file_type_download_title":{"_":"Błąd otwierania"},"unsupported_file_type_download_message":{"_":"Brakuje aplikacji, która może otworzyć plik „{{name}}”. Mimo tego zatrzymać plik czy go usunąć?"},"unsupported_file_type_download_left_button":{"_":"Zatrzymaj plik"},"unsupported_file_type_download_right_button":{"_":"Usuń"},"file_not_found_download_title":{"_":"Nie odnaleziono pliku"},"file_not_found_download_message":{"_":"Nie udało się odnaleźć pliku na urządzeniu."},"file_not_found_download_right_button":{"_":"OK"},"unmounted_sdcard_2_download_title":{"_":"Karta pamięci obecnie używana"},"unmounted_sdcard_2_download_message":{"_":"Odłącz telefon"},"unmounted_sdcard_2_download_right_button":{"_":"OK"},"no_provider_download_title":{"_":"Błąd udostępniania"},"no_provider_download_message":{"_":"Brak konfiguracji dostawcy usługi"},"no_provider_download_right_button":{"_":"OK"},"no_memory_download_title":{"_":"Pełna karta pamięci"},"no_memory_download_message":{"_":"Na karcie pamięci nie ma wystarczającej ilości wolnego miejsca, aby zapisać ten plik. Proszę usunąć jakieś pliki przed wznowieniem pobierania."},"no_memory_download_right_button":{"_":"OK"},"no_sdcard_found_2_download_title":{"_":"Brak karty pamięci"},"no_sdcard_found_2_download_message":{"_":"Należy włożyć kartę pamięci lub wybrać inną domyślną lokalizację plików w ustawieniach"},"no_sdcard_found_2_download_right_button":{"_":"OK"},"file_open_error_download_title":{"_":"Błąd otwierania"},"file_open_error_download_message":{"_":"Wystąpił błąd podczas otwierania pliku „{{name}}”. Mimo tego zatrzymać plik czy go usunąć?"},"file_open_error_download_left_button":{"_":"Zatrzymaj plik"},"file_open_error_download_right_button":{"_":"Usuń"},"restart_download_error":{"_":"Wystąpił błąd podczas wznawiania pobierania. Proszę spróbować pobrać ponownie."},"no-downloads":{"_":"Brak pobranych plików"},"percentage":{"_":"{{percentage}}%"},"partialResult":{"_":"{{partial}} z {{total}}"},"summary":{"_":"{{date}} - {{status}}"},"download-stopped":{"_":"Zatrzymano"},"download-failed":{"_":"Niepowodzenie"},"open_downloaded_file":{"_":"Otwórz"},"share_downloaded_file":{"_":"Udostępnij"},"wallpaper_downloaded_file":{"_":"Ustaw jako tło ekranu"},"ringtone_downloaded_file":{"_":"Ustaw jako dzwonek"},"cancel_downloaded_file":{"_":"Anuluj"},"sim-picker-dial-via-with-number":{"_":"Połącz z {{phoneNumber}} poprzez"},"sim-picker-select-sim":{"_":"Wybór karty SIM"},"sim-picker-button":{"_":"SIM {{n}}"},"sim-picker-button-default":{"_":"(domyślna)"}}