{"ok":{"_":"OK"},"back":{"_":"Voltar"},"help":{"_":"Ajuda"},"cancel":{"_":"Cancelar"},"close":{"_":"Fechar"},"skip":{"_":"Pular"},"airplaneMode":{"_":"Modo avião"},"searching":{"_":"Procurando…"},"noNetwork":{"_":"Sem rede"},"roaming":{"_":"{{operator}} (roaming)"},"emergencyCallsOnly":{"_":"Apenas Chamadas de Emergência"},"emergencyCallsOnly-unknownSIMState":{"_":"(estado do cartão SIM desconhecido)"},"emergencyCallsOnly-noSIM":{"_":"(sem cartão SIM)"},"emergencyCallsOnly-pinRequired":{"_":"(PIN solicitado)"},"emergencyCallsOnly-pukRequired":{"_":"(PUK solicitado)"},"emergencyCallsOnly-networkLocked":{"_":"(rede bloqueada)"},"emergencyCallsOnly-serviceProviderLocked":{"_":"(bloqueio da operadora)"},"emergencyCallsOnly-corporateLocked":{"_":"(bloqueio coorporativo)"},"enterPIN":{"_":"Digite o PIN"},"statusbarLabel":{"_":"{{date}}, {{operator}}"},"statusbarDateFormat":{"_":"%e de %b"},"notifications":{"_":"Notificações"},"clear-all":{"_":"Limpar tudo"},"newVoicemails":{"_":"{[ plural(n) ]}","_[zero]":"Nenhuma mensagem de voz","_[one]":"Uma mensagem de voz nova","_[two]":"{{n}} novas mensagens de voz","_[few]":"{{n}} novas mensagens de voz","_[many]":"{{n}} novas mensagens de voz","_[other]":"{{n}} novas mensagens de voz"},"newVoicemailsUnknown":{"_":"Novas mensagens de voz"},"dialNumber":{"_":"Chamar {{number}}"},"deviceMenu":{"_":"Telefone"},"airplane":{"_":"Ativar modo avião"},"airplaneOff":{"_":"Desativar modo avião"},"silent":{"_":"Silenciar chamadas"},"normal":{"_":"Tocar chamadas"},"restart":{"_":"Reiniciar"},"power":{"_":"Desligar"},"asyncpanzoom":{"_":"Desativar APZ em aplicativos"},"asyncpanzoomOff":{"_":"Ativar APZ em aplicativos"},"enableScreenReaderSteps":{"_":"To enable screen reader, press volume up then volume down buttons three more times"},"disableScreenReaderSteps":{"_":"To disable screen reader, press volume up then volume down buttons three more times"},"no-recent-apps":{"_":"Nenhum aplicativo recente"},"yes":{"_":"Sim"},"no":{"_":"Não"},"deny":{"_":"Negar"},"allow":{"_":"Permitir"},"dontshare-geolocation":{"_":"Não compartilhar"},"share-geolocation":{"_":"Compartilhar"},"dontshare-audio-capture":{"_":"Não compartilhar"},"share-audio-capture":{"_":"Compartilhar"},"dontshare-video-capture":{"_":"Não compartilhar"},"share-video-capture":{"_":"Compartilhar"},"dontshare-media-capture":{"_":"Não compartilhar"},"share-media-capture":{"_":"Compartilhar"},"device-front":{"_":"Câmera frontal"},"device-back":{"_":"Câmera traseira"},"remember-my-choice":{"_":"Memorizar minha decisão"},"more-info":{"_":"Mais informações…"},"install-app":{"_":"Instalar {{name}}?"},"size":{"_":"Tamanho"},"author":{"_":"Autor"},"size-unknown":{"_":"Desconhecido"},"author-unknown":{"_":"Desconhecido"},"install":{"_":"Instalar"},"bytes":{"_":"bytes"},"kB":{"_":"KB"},"MB":{"_":"MB"},"GB":{"_":"GB"},"TB":{"_":"TB"},"PB":{"_":"PB"},"app-install-generic-error":{"_":"O download de {{ appName }} parou"},"app-install-download-failed":{"_":"O download de {{ appName }} falhou"},"app-install-install-failed":{"_":"A instalação de {{ appName }} falhou"},"cancelling-will-not-refund":{"_":"Cancelar o download não reembolsará sua compra. Reembolsos de conteúdos pagos são realizados pelo vendedor."},"apps-can-be-installed-later":{"_":"Os aplicativos podem ser instalados mais tarde na fonte de instalação original."},"are-you-sure-you-want-to-cancel":{"_":"Tem certeza de que deseja cancelar esta instalação?"},"cancel-install":{"_":"Cancelar instalação"},"resume":{"_":"Continuar"},"continue":{"_":"Continuar"},"stopDownloading":{"_":"Parar o download de {{ app }}?"},"app-download-can-be-restarted":{"_":"O download poderá ser reiniciado mais tarde."},"app-download-stop-button":{"_":"Parar download"},"not-enough-space":{"_":"Não há espaço suficiente"},"not-enough-space-message":{"_":"Não há espaço suficiente para instalar esse aplicativo. Libere espaço apagando aplicativos antigos ou mídias e tente instalá-lo novamente."},"app-install-success":{"_":"{{ appName }} instalado"},"setup":{"_":"Configurar"},"ime-addkeyboards":{"_":"Adicionar teclados"},"later":{"_":"Mais tarde"},"download":{"_":"Baixar"},"wantToDownload":{"_":"Baixar atualização agora?"},"wantToInstall":{"_":"Instalar atualização agora?"},"installNow":{"_":"Instalar agora"},"notNow":{"_":"Agora não"},"downloadingUpdateMessage":{"innerHTML":"Baixando atualizações… <span>{{ progress }} baixados.</span>"},"downloadingAppMessage":{"_":"Baixando {{ appName }}"},"downloadingAppProgressNoMax":{"_":"{{ progress }} baixados"},"downloadingAppProgressIndeterminate":{"_":"Baixando"},"downloadingAppProgress":{"_":"{{ progress }} baixados de {{ max }}"},"cancelAllDownloads":{"_":"Cancelar todos os downloads"},"wantToCancelAll":{"_":"Tem certeza de que quer cancelar todos os downloads?"},"downloadError":{"_":"Ocorreu um erro ao baixar as atualizações."},"updateAvailableInfo":{"innerHTML":"{[ plural(n) ]}","innerHTML[one]":"{{ n }} atualização disponível. <span>Toque para mais informações.</span>","innerHTML[two]":"{{ n }} atualizações disponíveis. <span>Toque para mais informações.</span>","innerHTML[few]":"{{ n }} atualizações disponíveis. <span>Toque para mais informações.</span>","innerHTML[many]":"{{ n }} atualizações disponíveis. <span>Toque para mais informações.</span>","innerHTML[other]":"{{ n }} atualizações disponíveis. <span>Toque para mais informações.</span>"},"numberOfUpdates":{"_":"{[ plural(n) ]}","_[one]":"{{ n }} atualização disponível","_[two]":"{{ n }} atualizações disponíveis","_[few]":"{{ n }} atualizações disponíveis","_[many]":"{{ n }} atualizações disponíveis","_[other]":"{{ n }} atualizações disponíveis"},"systemUpdate":{"_":"Atualização do sistema"},"systemUpdateReady":{"_":"Atualização do sistema pronta"},"required":{"_":"Obrigatória"},"uncompressingMessage":{"innerHTML":"Descompactando… <span>Isso pode levar alguns minutos.</span>"},"downloadNoWifiWarning":{"_":"Wi-Fi indisponível. Atualizar com a conexão atual pode gerar custos adicionais."},"downloadOfflineWarning":{"_":"Conexão indisponível. Conecte-se a uma rede para baixar atualizações."},"downloadDataConnectionWarning":{"_":"Atualizações são baixadas via conexão de dados quando Wi-Fi não está disponível. Taxas adicionais podem ser cobradas."},"downloadUpdatesViaDataConnection":{"_":"Baixar atualizações via conexão de dados?"},"downloadUpdatesViaDataConnectionMessage":{"_":"Atualizações são baixadas via conexão de dados quando Wi-Fi não está disponível. Ao usar a conexão de dados, chamadas podem ser bloqueadas e taxas adicionais podem ser cobradas."},"screenshotSaved":{"_":"Captura de tela salva"},"screenshotFailed":{"_":"A captura de tela não pôde ser salva"},"screenshotNoSDCard":{"_":"Nenhum cartão de memória encontrado"},"screenshotSDCardInUse":{"_":"O cartão de memória está em uso"},"screenshotSDCardLow":{"_":"Não há espaço suficiente no cartão de memória"},"emergency-call-button":{"_":"Chamada de Emergência"},"emergency-call":{"_":"Chamada de Emergência"},"unlock-a11y-button":{"ariaLabel":"Desbloquear"},"camera-a11y-button":{"ariaLabel":"Câmera"},"longDateFormat":{"_":"%A, %e de %B"},"softwareHomeButton":{"ariaLabel":"Início"},"login":{"_":"Entrar"},"username":{"_":"Nome de usuário"},"password":{"_":"Senha"},"http-authentication-message":{"_":"Um nome de usuário e senha estão sendo solicitados por {{host}}. O site diz: “{{realm}}”"},"error-message":{"_":"O aplicativo não está carregando adequadamente"},"error-title":{"_":"O aplicativo está tendo problemas"},"airplane-is-on":{"_":"O modo avião está ativado"},"airplane-is-turned-on":{"_":"{{name}} requer uma conexão de rede. Desative o modo avião nas Configurações e conecte-se a uma rede móvel ou Wi-Fi."},"server-not-found":{"_":"Servidor não encontrado"},"server-not-found-error":{"_":"Não foi possível encontrar o servidor em {{name}}."},"network-connection-unavailable":{"_":"Conexão de rede indisponível"},"network-error":{"_":"{{name}} requer uma conexão de rede. Tente conectar-se a uma rede móvel ou Wi-Fi."},"unable-to-connect":{"_":"Não foi possível conectar"},"tap-to-retry":{"_":"Toque para tentar novamente"},"try-again":{"_":"Tentar novamente"},"select-time":{"_":"Selecionar hora"},"choose-option":{"_":"Selecionar"},"choose-options":{"_":"Selecionar"},"select-day":{"_":"Selecionar dia"},"battery-almost-empty":{"_":"Bateria quase vazia"},"add-to-home-screen":{"_":"Adicionar à tela inicial"},"crash-dialog2-os":{"_":"O {{brandShortName}} recuperou-se de um travamento"},"crash-dialog-app":{"_":"{{name}} travou"},"crash-dialog-message":{"_":"Você gostaria de enviar um relatório de travamento à Mozilla para nos ajudar a corrigir o problema? (Relatórios são enviados somente via Wi-Fi)"},"crash-info-link":{"_":"O que está incluso em um relatório de travamento?"},"crash-always-report":{"_":"Sempre enviar um relatório à Mozilla quando um travamento ocorrer."},"crash-dont-send":{"_":"Não enviar"},"crash-end":{"_":"Enviar relatório"},"crashReports":{"_":"Relatórios de travamento"},"done":{"_":"Concluído"},"crash-reports-description-1":{"_":"Um relatório de travamento contém alguns detalhes do travamento e do seu aparelho, além de uma cópia do estado do seu aparelho quando ele travou."},"crash-reports-description-2":{"_":"Isso pode incluir coisas como páginas e aplicativos abertos, texto digitado em formulários e o conteúdo de mensagens abertas, histórico de navegação ou geolocalização usada por algum aplicativo aberto."},"crash-reports-description-3-start":{"_":"Nós usamos os relatórios de travamentos para tentar corrigir problemas e melhorar nossos produtos. Nós lidamos com suas informações conforme detalhado em nossa"},"crash-reports-description-3-privacy":{"_":"política de privacidade"},"crash-reports-description-3-end":{"_":"."},"crash-banner-os2":{"_":"O {{brandShortName}} travou."},"crash-banner-app":{"_":"{{name}} travou."},"crash-banner-report":{"_":"Enviar relatório"},"bluetooth-sendingTitle":{"_":"Enviando tranferência Bluetooth…"},"bluetooth-receivingTitle":{"_":"Recebendo tranferência Bluetooth…"},"bluetooth-sending-progress":{"_":"Enviando tranferência Bluetooth…"},"bluetooth-receiving-progress":{"_":"Recebendo tranferência Bluetooth…"},"acceptFileTransfer":{"_":"Aceitar transferência de arquivo via Bluetooth?"},"wantToReceiveFile":{"_":"{{deviceName}} gostaria de enviar {{fileName}} ({{fileSize}})."},"transfer-confirmation-title":{"_":"{{deviceName}}"},"transfer-confirmation-description":{"_":"Aceitar o pedido de transferência."},"byteUnit-B":{"_":"Bytes"},"byteUnit-KB":{"_":"kB"},"byteUnit-MB":{"_":"MB"},"byteUnit-GB":{"_":"GB"},"byteUnit-TB":{"_":"TB"},"byteUnit-PB":{"_":"PB"},"byteUnit-EB":{"_":"EB"},"byteUnit-ZB":{"_":"ZB"},"byteUnit-YB":{"_":"YB"},"fileSize":{"_":"{{size}} {{unit}}"},"transfer":{"_":"Receber"},"cancelFileTransfer":{"_":"Cancelar transferência de arquivo via Bluetooth?"},"transfer-has-started-title":{"_":"A transferência começou"},"transfer-has-started-description":{"_":"Confira o progresso no centro de notificações"},"transferFinished-sentSuccessful-title":{"_":"Arquivo enviado"},"transferFinished-receivedSuccessful-title":{"_":"Arquivo recebido"},"transferFinished-sentFailed-title":{"_":"O arquivo não pôde ser enviado"},"transferFinished-receivedFailed-title":{"_":"O arquivo não pôde ser recebido"},"transferReport-title":{"_":"Relatório da transferência:"},"transferReport-description":{"_":"{{numSuccessful}} arquivos transferidos, {{numUnsuccessful}} arquivos falharam"},"unknown-file":{"_":"Arquivo desconhecido"},"unknown-device":{"_":"Dispositivo desconhecido"},"cannotOpenFile":{"_":"Não foi possível abrir o arquivo recebido"},"unknownMediaTypeToOpen":{"_":"Não é possível abrir tipo de mídia desconhecido:"},"cannotReceiveFile":{"_":"Não foi possível receber o arquivo"},"cannotGetStorageState":{"_":"Não foi possível obter o estado da memória do aparelho"},"sdcard-not-exist2":{"_":"Nenhum cartão de memória foi encontrado. Por favor, insira um cartão de memória."},"sdcard-in-use":{"_":"Não é possível transferir arquivos enquanto o cartão de memória estiver em uso. Por favor, desplugue seu aparelho para receber arquivos."},"sdcard-no-space2":{"_":"Não foi possível completar a transferência: o cartão de memória está cheio."},"unknown-error":{"_":"Erro desconhecido"},"confirm":{"_":"Confirmar"},"microphone-is-on":{"_":"Microfone ligado"},"camera-is-on":{"_":"Câmera ligada"},"media-is-on":{"_":"Câmera e microfone ligados"},"noSimCard":{"_":"Nenhum cartão SIM inserido"},"simPin":{"_":"PIN do cartão SIM"},"pukCode":{"_":"Código PUK"},"nckCode":{"_":"Código NCK"},"cckCode":{"_":"Código CCK"},"spckCode":{"_":"Código SPCK"},"whatIsSimPin":{"_":"O que é o PIN do cartão SIM?"},"simPinIntro1":{"_":"Um código PIN impede o acesso às redes de dados do seu cartão SIM. Quando ativado, qualquer aparelho com um cartão SIM solicitará o código PIN ao ser ligado."},"simPinIntro2":{"_":"O código PIN do cartão SIM não é o mesmo que o código usado para desbloquear seu aparelho."},"changeSimPin":{"_":"Alterar PIN"},"pinTitle":{"_":"Inserir PIN do cartão SIM"},"multiSIMpinTitle":{"_":"Inserir PIN do cartão SIM {{n}}"},"pukTitle":{"_":"Inserir código PUK"},"nckTitle":{"_":"Inserir código NCK"},"cckTitle":{"_":"Inserir código CCK"},"spckTitle":{"_":"Inserir código SPCK"},"newpinTitle":{"_":"Novo PIN"},"inputCodeRetriesLeft":{"_":"{[ plural(n) ]}","_[one]":"última tentativa.","_[two]":"restam {{n}} tentativas.","_[few]":"restam {{n}} tentativas.","_[many]":"restam {{n}} tentativas.","_[other]":"restam {{n}} tentativas."},"pinErrorMsg":{"_":"O PIN está incorreto."},"pinAttemptMsg2":{"_":"{[ plural(n) ]}","_[one]":"Você tem mais uma tentativa para inserir o código correto antes de bloquear o cartão SIM.","_[two]":"Você tem {{n}} tentativas para inserir o código correto antes de bloquear o cartão SIM.","_[few]":"Você tem {{n}} tentativas para inserir o código correto antes de bloquear o cartão SIM.","_[many]":"Você tem {{n}} tentativas para inserir o código correto antes de bloquear o cartão SIM.","_[other]":"Você tem {{n}} tentativas para inserir o código correto antes de bloquear o cartão SIM."},"pinLastChanceMsg":{"_":"Esta é a sua última chance de inserir o PIN correto. Caso contrário, você deverá inserir o código PUK para usar esse cartão SIM."},"simCardLockedMsg":{"_":"O cartão SIM está bloqueado."},"enterPukMsg":{"_":"Você deve inserir o código PUK do cartão SIM. Consulte a documentação do cartão SIM ou entre em contato com sua operadora para mais informações."},"pukErrorMsg":{"_":"O código PUK está incorreto."},"pukAttemptMsg2":{"_":"{[ plural(n) ]}","_[one]":"Você tem mais uma tentativa para inserir o código correto antes de tornar este cartão SIM permanentemente inutilizável. Consulte a documentação do cartão SIM ou entre em contato com sua operadora para mais informações.","_[two]":"Você tem {{n}} tentativas para inserir o código correto antes de tornar este cartão SIM permanentemente inutilizável. Consulte a documentação do cartão SIM ou entre em contato com sua operadora para mais informações.","_[few]":"Você tem {{n}} tentativas para inserir o código correto antes de tornar este cartão SIM permanentemente inutilizável. Consulte a documentação do cartão SIM ou entre em contato com sua operadora para mais informações.","_[many]":"Você tem {{n}} tentativas para inserir o código correto antes de tornar este cartão SIM permanentemente inutilizável. Consulte a documentação do cartão SIM ou entre em contato com sua operadora para mais informações.","_[other]":"Você tem {{n}} tentativas para inserir o código correto antes de tornar este cartão SIM permanentemente inutilizável. Consulte a documentação do cartão SIM ou entre em contato com sua operadora para mais informações."},"pukLastChanceMsg":{"_":"Esta é a sua última chance de inserir o código PUK correto. Seu cartão SIM se tornará permanentemte inutilizável se você inserir o código PUK errado."},"newSimPinMsg":{"_":"Criar PIN (deve conter entre 4 e 8 dígitos)"},"confirmNewSimPinMsg":{"_":"Confirmar novo PIN"},"newPinErrorMsg":{"_":"Os PINs não correspondem."},"nckErrorMsg":{"_":"O código NCK está incorreto."},"nckAttemptMsg2":{"_":"{[ plural(n) ]}","_[one]":"A solicitação de desbloqueio falhou. Você tem mais uma tentativa para inserir o código correto. Consulte a documentação do seu aparelho ou entre em contato com sua operadora para mais informações.","_[two]":"A solicitação de desbloqueio falhou. Você tem {{n}} tentativas para inserir o código correto. Consulte a documentação do seu aparelho ou entre em contato com sua operadora para mais informações.","_[few]":"A solicitação de desbloqueio falhou. Você tem {{n}} tentativas para inserir o código correto. Consulte a documentação do seu aparelho ou entre em contato com sua operadora para mais informações.","_[many]":"A solicitação de desbloqueio falhou. Você tem {{n}} tentativas para inserir o código correto. Consulte a documentação do seu aparelho ou entre em contato com sua operadora para mais informações.","_[other]":"A solicitação de desbloqueio falhou. Você tem {{n}} tentativas para inserir o código correto. Consulte a documentação do seu aparelho ou entre em contato com sua operadora para mais informações."},"nckLastChanceMsg":{"_":"A solicitação de desbloqueio falhou. Esta é a sua última chance de inserir o código correto. Consulte a documentação do seu aparelho ou entre em contato com sua operadora para mais informações."},"activity-pick":{"_":"Selecionar de:"},"activity-view":{"_":"Visualizar com:"},"activity-test":{"_":"Testar com:"},"activity-share":{"_":"Compartilhar usando:"},"activity-new":{"_":"Criar com:"},"activity-open":{"_":"Abrir com:"},"activity-save-bookmark":{"_":"Marcar em:"},"activity-record":{"_":"Gravar de:"},"activity-browse":{"_":"Navegar com:"},"activity-configure":{"_":"Configurar com:"},"activity-dial":{"_":"Ligar de:"},"persona-signin":{"_":"Entrar"},"payment-flow":{"_":"Adquirir"},"remoteDebuggerMessage":{"_":"Um pedido para estabelecer uma conexão remota de debugging foi detectado. Permitir conexão?"},"fullscreen-request":{"_":"{{origin}} agora está em tela cheia."},"captive-wifi-available":{"_":"A rede {{networkName}} foi encontrada. Conectar-se?"},"ceWarningtitle":{"_":"Alerta de volume"},"ceWarningcontent":{"_":"Para proteger sua audição, evite ouvir som alto por longos períodos de tempo."},"notification-powersaving-mode-on-title":{"_":"Economia de energia"},"notification-powersaving-mode-on-description":{"_":"O modo de economia de energia está ativado."},"low-device-storage":{"_":"Pouco espaço disponível.\n"},"free-space":{"_":"{[ plural(value) ]}","_[zero]":"Não há espaço livre.","_[one]":"Restam menos de {{value}} {{unit}}.","_[two]":"Restam menos de {{value}} {{unit}}.","_[few]":"Restam menos de {{value}} {{unit}}.","_[many]":"Restam menos de {{value}} {{unit}}.","_[other]":"Restam menos de {{value}} {{unit}}."},"unknown-free-space":{"_":"Espaço livre desconhecido."},"system-alert":{"_":"Alerta do sistema"},"cb-channel":{"_":"Canal {{channel}}"},"icc-message-title":{"_":"Operator message from SIM {{id}}"},"icc-confirmCall-defaultmessage":{"_":"Chamar {{number}}?"},"icc-alertMessage-defaultmessage":{"_":"Enviando mensagem"},"icc-confirmMessage-defaultmessage":{"_":"Enviar mensagem?"},"icc-inputbox-title":{"_":"STK Query from SIM {{id}}"},"emergency-callback-mode":{"_":"Modo de retorno de chamada de emergência"},"emergency-callback-message":{"_":"You can not make calls, send messages or go online because emergency callback mode is enabled. Would you like to turn it off?"},"cdma-record-info":{"_":"Informações do registro CDMA"},"ime-switching-title":{"_":"{{appName}}: {{name}}"},"ime-switching-tip":{"_":"Toque para trocar o método de entrada"},"layout-selection":{"_":"Selecionar layout"},"shrinking-tip":{"_":"Toque e arraste para compartilhar"},"download_started":{"_":"Download started"},"download_stopped":{"_":"Download stopped"},"download_downloading":{"_":"Downloading…"},"download_succeeded":{"_":"Download complete"},"download_failed":{"_":"Download failed"},"download_text_by_default":{"_":"{{name}}"},"download_downloading_text_2":{"_":"{{percentage}}% - {{name}}"},"search":{"_":"Search"},"search-or-type-address":{"placeholder":"Search or type address"},"noSIMCardInHotspot":{"_":"SIM card is absent or inserted incorrectly, so turn off hotspot"},"statusbarTimeFormat":{"_":"%Hh%M"},"icc-message":{"_":"Mensagem da operadora"},"icc-inputtitle":{"_":"Consulta STK"},"emergency-callback-dialog-message":{"_":"Serviços de telefonia e Internet estão disativados devido ao modo de retorno de chamada de emergência. Você gostaria de desativá-lo?"},"brandShortName":{"_":"B2G OS"},"browserBrandShortName":{"_":"Navegador da Web"},"browserBrandFullName":{"_":"Navegador da Web Mozilla"},"weekday-0-long":{"_":"Domingo"},"weekday-1-long":{"_":"Segunda-feira"},"weekday-2-long":{"_":"Terça-feira"},"weekday-3-long":{"_":"Quarta-feira"},"weekday-4-long":{"_":"Quinta-feira"},"weekday-5-long":{"_":"Sexta-feira"},"weekday-6-long":{"_":"Sábado"},"weekday-0-short":{"_":"Dom"},"weekday-1-short":{"_":"Seg"},"weekday-2-short":{"_":"Ter"},"weekday-3-short":{"_":"Qua"},"weekday-4-short":{"_":"Qui"},"weekday-5-short":{"_":"Sex"},"weekday-6-short":{"_":"Sáb"},"month-0-long":{"_":"Janeiro"},"month-1-long":{"_":"Fevereiro"},"month-2-long":{"_":"Março"},"month-3-long":{"_":"Abril"},"month-4-long":{"_":"Maio"},"month-5-long":{"_":"Junho"},"month-6-long":{"_":"Julho"},"month-7-long":{"_":"Agosto"},"month-8-long":{"_":"Setembro"},"month-9-long":{"_":"Outubro"},"month-10-long":{"_":"Novembro"},"month-11-long":{"_":"Dezembro"},"month-0-genitive":{"_":"Janeiro"},"month-1-genitive":{"_":"Fevereiro"},"month-2-genitive":{"_":"Março"},"month-3-genitive":{"_":"Abril"},"month-4-genitive":{"_":"Maio"},"month-5-genitive":{"_":"Junho"},"month-6-genitive":{"_":"Julho"},"month-7-genitive":{"_":"Agosto"},"month-8-genitive":{"_":"Setembro"},"month-9-genitive":{"_":"Outubro"},"month-10-genitive":{"_":"Novembro"},"month-11-genitive":{"_":"Dezembro"},"month-0-short":{"_":"Jan"},"month-1-short":{"_":"Fev"},"month-2-short":{"_":"Mar"},"month-3-short":{"_":"Abr"},"month-4-short":{"_":"Mai"},"month-5-short":{"_":"Jun"},"month-6-short":{"_":"Jul"},"month-7-short":{"_":"Ago"},"month-8-short":{"_":"Set"},"month-9-short":{"_":"Out"},"month-10-short":{"_":"Nov"},"month-11-short":{"_":"Dez"},"minutes-ago-long":{"_":"{[ plural(value) ]}","_[zero]":"há pouco","_[one]":"um minuto atrás","_[two]":"{{value}} minutos atrás","_[few]":"{{value}} minutos atrás","_[many]":"{{value}} minutos atrás","_[other]":"{{value}} minutos atrás"},"hours-ago-long":{"_":"{[ plural(value) ]}","_[zero]":"há pouco","_[one]":"uma hora atrás","_[two]":"{{value}} horas atrás","_[few]":"{{value}} horas atrás","_[many]":"{{value}} horas atrás","_[other]":"{{value}} horas atrás"},"days-ago-long":{"_":"{[ plural(value) ]}","_[zero]":"hoje","_[one]":"ontem","_[two]":"{{value}} dias atrás","_[few]":"{{value}} dias atrás","_[many]":"{{value}} dias atrás","_[other]":"{{value}} dias atrás"},"weeks-ago-long":{"_":"{[ plural(value) ]}","_[zero]":"esta semana","_[one]":"semana passada","_[two]":"{{value}} semanas atrás","_[few]":"{{value}} semanas atrás","_[many]":"{{value}} semanas atrás","_[other]":"{{value}} semanas atrás"},"months-ago-long":{"_":"{[ plural(value) ]}","_[zero]":"este mês","_[one]":"mês passado","_[two]":"{{value}} meses atrás","_[few]":"{{value}} meses atrás","_[many]":"{{value}} meses atrás","_[other]":"{{value}} meses atrás"},"years-ago-long":{"_":"{[ plural(value) ]}","_[zero]":"este ano","_[one]":"ano passado","_[two]":"{{value}} anos atrás","_[few]":"{{value}} anos atrás","_[many]":"{{value}} anos atrás","_[other]":"{{value}} anos atrás"},"minutes-until-long":{"_":"{[ plural(value) ]}","_[zero]":"agora","_[one]":"em um minuto","_[two]":"em {{value}} minutos","_[few]":"em {{value}} minutos","_[many]":"em {{value}} minutos","_[other]":"em {{value}} minutos"},"hours-until-long":{"_":"{[ plural(value) ]}","_[zero]":"agora","_[one]":"em uma hora","_[two]":"em {{value}} horas","_[few]":"em {{value}} horas","_[many]":"em {{value}} horas","_[other]":"em {{value}} horas"},"days-until-long":{"_":"{[ plural(value) ]}","_[zero]":"hoje","_[one]":"amanhã","_[two]":"em {{value}} dias","_[few]":"em {{value}} dias","_[many]":"em {{value}} dias","_[other]":"em {{value}} dias"},"weeks-until-long":{"_":"{[ plural(value) ]}","_[zero]":"esta semana","_[one]":"semana que vem","_[two]":"em {{value}} semanas","_[few]":"em {{value}} semanas","_[many]":"em {{value}} semanas","_[other]":"em {{value}} semanas"},"months-until-long":{"_":"{[ plural(value) ]}","_[zero]":"este mês","_[one]":"mês que vem","_[two]":"em {{value}} meses","_[few]":"em {{value}} meses","_[many]":"em {{value}} meses","_[other]":"em {{value}} meses"},"years-until-long":{"_":"{[ plural(value) ]}","_[zero]":"este ano","_[one]":"ano que vem","_[two]":"em {{value}} anos","_[few]":"em {{value}} anos","_[many]":"em {{value}} anos","_[other]":"em {{value}} anos"},"minutes-ago-short":{"_":"{[ plural(value) ]}","_[zero]":"há pouco","_[other]":"{{value}}min atrás"},"hours-ago-short":{"_":"{[ plural(value) ]}","_[zero]":"há pouco","_[other]":"{{value}}h atrás"},"days-ago-short":{"_":"{[ plural(value) ]}","_[zero]":"hoje","_[other]":"{{value}}d atrás"},"minutes-until-short":{"_":"{[ plural(value) ]}","_[zero]":"agora","_[other]":"em {{value}}min"},"hours-until-short":{"_":"{[ plural(value) ]}","_[zero]":"agora","_[other]":"em {{value}}h"},"days-until-short":{"_":"{[ plural(value) ]}","_[zero]":"hoje","_[other]":"em {{value}}d"},"incorrectDate":{"_":"(data incorreta)"},"dateTimeFormat_%c":{"_":"%A, %e de %B de %Y %Hh %Mmin %Ss"},"dateTimeFormat_%x":{"_":"%d/%m/%Y"},"dateTimeFormat_%X":{"_":"%Hh %Mmin %Ss"},"shortTimeFormat":{"_":"%Hh%M"},"shortDateTimeFormat":{"_":"%x %Hh%M"},"weekStartsOnMonday":{"_":"0"},"time_am":{"_":"AM"},"time_pm":{"_":"PM"},"perm-contacts":{"_":"Contatos"},"perm-contacts-appRequest":{"_":"{{app}} gostaria de acessar sua lista de contatos."},"perm-contacts-webRequest":{"_":"{{site}} gostaria de acessar sua lista de contatos."},"perm-desktop-notification":{"_":"Notificações"},"perm-desktop-notification-appRequest":{"_":"{{app}} gostaria de exibir notificações."},"perm-desktop-notification-webRequest":{"_":"{{site}} gostaria de exibir notificações."},"perm-device-storage-music":{"_":"Acessar músicas"},"perm-device-storage-music-appRequest":{"_":"{{app}} gostaria de acessar suas músicas."},"perm-device-storage-music-webRequest":{"_":"{{site}} gostaria de acessar suas músicas."},"perm-device-storage-pictures":{"_":"Acessar imagens"},"perm-device-storage-pictures-appRequest":{"_":"{{app}} gostaria de acessar suas imagens."},"perm-device-storage-pictures-webRequest":{"_":"{{site}} gostaria de acessar suas imagens."},"perm-device-storage-sdcard":{"_":"Acessar cartão de memória"},"perm-device-storage-sdcard-appRequest":{"_":"{{app}} gostaria de acessar seu cartão de memória."},"perm-device-storage-sdcard-webRequest":{"_":"{{site}} gostaria de acessar seu cartão de memória."},"perm-device-storage-videos":{"_":"Acessar vídeos"},"perm-device-storage-videos-appRequest":{"_":"{{app}} gostaria de acessar seus vídeos."},"perm-device-storage-videos-webRequest":{"_":"{{site}} gostaria de acessar seus vídeos."},"perm-fmradio":{"_":"Rádio FM"},"perm-fmradio-appRequest":{"_":"{{app}} gostaria de usar o rádio FM."},"perm-fmradio-webRequest":{"_":"{{site}} gostaria de usar o rádio FM."},"perm-geolocation":{"_":"Geolocalização"},"perm-geolocation-appRequest":{"_":"{{app}} gostaria de saber sua localização."},"perm-geolocation-webRequest":{"_":"{{site}} gostaria de saber sua localização."},"perm-geolocation-more-info":{"_":"O {{brandShortName}} usa dados como GPS, Wi-Fi e redes móveis ao seu redor para ajudar a determinar sua localização aproximada. Os dados são enviados à Mozilla e outros provedores de serviços e serão usados para melhorar essas bases de dados de localização. Os dados podem ser armazenados no seu aparelho e a coleta de dados pode ocorrer até mesmo quando nenhum aplicativo estiver sendo executado."},"perm-video-capture":{"_":"Câmera"},"perm-video-capture-appRequest":{"_":"Você gostaria de compartilhar sua câmera com {{app}}?"},"perm-video-capture-webRequest":{"_":"Você gostaria de compartilhar sua câmera com {{site}}?"},"perm-audio-capture":{"_":"Microfone"},"perm-audio-capture-appRequest":{"_":"Você gostaria de compartilhar seu microfone com {{app}}?"},"perm-audio-capture-webRequest":{"_":"Você gostaria de compartilhar seu microfone com {{site}}?"},"perm-media-capture":{"_":"Camera and Microfone"},"perm-media-capture-appRequest":{"_":"Você gostaria de compartilhar sua câmera e seu microfone com {{app}}?"},"perm-media-capture-webRequest":{"_":"Você gostaria de compartilhar sua câmera e seu microfone com {{site}}?"},"stopped_download_title":{"_":"Download stopped"},"stopped_download_message":{"_":"Download was stopped. Try downloading again?"},"stopped_download_left_button":{"_":"Cancel"},"stopped_download_right_button":{"_":"Try again"},"failed_download_title":{"_":"Download failed"},"failed_download_message":{"_":"{{name}} failed to download. Try downloading again?"},"failed_download_left_button":{"_":"Cancel"},"failed_download_right_button":{"_":"Try again"},"stop_download_title":{"_":"Stop download"},"stop_download_message":{"_":"Are you sure you want to stop the download?"},"stop_download_left_button":{"_":"No"},"stop_download_right_button":{"_":"Yes"},"delete_download_title":{"_":"Delete"},"delete_download_message":{"_":"Delete {{name}}?"},"delete_download_left_button":{"_":"Cancel"},"delete_download_right_button":{"_":"Delete"},"delete_all_download_title":{"_":"Delete"},"delete_all_download_left_button":{"_":"Cancel"},"delete_all_download_right_button":{"_":"Delete"},"delete_all_download_message":{"_":"{[ plural(number) ]}","_[zero]":"Delete no files?","_[one]":"Delete one file?","_[two]":"Delete {{number}} files?","_[few]":"Delete {{number}} files?","_[many]":"Delete {{number}} files?","_[other]":"Delete {{number}} files?"},"unsupported_file_type_download_title":{"_":"Unable to open"},"unsupported_file_type_download_message":{"_":"There isn’t an app that can open {{name}}. Would you like to save the file or delete it?"},"unsupported_file_type_download_left_button":{"_":"Keep File"},"unsupported_file_type_download_right_button":{"_":"Delete"},"file_not_found_download_title":{"_":"File not found"},"file_not_found_download_message":{"_":"The file wasn’t found on the device"},"file_not_found_download_right_button":{"_":"OK"},"unmounted_sdcard_2_download_title":{"_":"Memory card in use"},"unmounted_sdcard_2_download_message":{"_":"Unplug the phone"},"unmounted_sdcard_2_download_right_button":{"_":"OK"},"no_provider_download_title":{"_":"Unable to share"},"no_provider_download_message":{"_":"No provider found"},"no_provider_download_right_button":{"_":"OK"},"no_memory_download_title":{"_":"SD Card is full"},"no_memory_download_message":{"_":"There is no more room on your SD card to save your download. Please remove some files before restarting the download."},"no_memory_download_right_button":{"_":"OK"},"no_sdcard_found_2_download_title":{"_":"No memory card found"},"no_sdcard_found_2_download_message":{"_":"Insert a memory card or select an alternate default media location in settings"},"no_sdcard_found_2_download_right_button":{"_":"OK"},"file_open_error_download_title":{"_":"Unable to open"},"file_open_error_download_message":{"_":"There is a problem opening {{name}}. Would you like to save the file or delete it?"},"file_open_error_download_left_button":{"_":"Keep File"},"file_open_error_download_right_button":{"_":"Delete"},"restart_download_error":{"_":"There was an error while restarting the download. Please try to download again."},"no-downloads":{"_":"No downloads"},"percentage":{"_":"{{percentage}} %"},"partialResult":{"_":"{{partial}} of {{total}}"},"summary":{"_":"{{date}} - {{status}}"},"download-stopped":{"_":"Stopped"},"download-failed":{"_":"Download failed"},"open_downloaded_file":{"_":"Open"},"share_downloaded_file":{"_":"Share"},"wallpaper_downloaded_file":{"_":"Set as wallpaper"},"ringtone_downloaded_file":{"_":"Set as ringtone"},"cancel_downloaded_file":{"_":"Cancel"},"sim-picker-dial-via-with-number":{"_":"Dial {{ phoneNumber }} via"},"sim-picker-select-sim":{"_":"Select SIM"},"sim-picker-button":{"_":"SIM{{ n }}"},"sim-picker-button-default":{"_":"(default)"}}