{"ok":{"_":"Ok"},"back":{"_":"Înapoi"},"help":{"_":"Ajutor"},"cancel":{"_":"Renunță"},"close":{"_":"Închide"},"skip":{"_":"Omite"},"airplaneMode":{"_":"Mod avion"},"searching":{"_":"Căutare…"},"noNetwork":{"_":"Fără rețea"},"roaming":{"_":"{{operator}} (Roaming)"},"emergencyCallsOnly":{"_":"Doar apeluri de urgență"},"emergencyCallsOnly-unknownSIMState":{"_":"(stare necunoscută a cartelei SIM)"},"emergencyCallsOnly-noSIM":{"_":"(fără cartelă SIM)"},"emergencyCallsOnly-pinRequired":{"_":"(Codul PIN necesar)"},"emergencyCallsOnly-pukRequired":{"_":"(Codul PUK necesar)"},"emergencyCallsOnly-networkLocked":{"_":"(rețea blocată)"},"emergencyCallsOnly-serviceProviderLocked":{"_":"(furnizor de servicii blocat)"},"emergencyCallsOnly-corporateLocked":{"_":"(corporație blocată)"},"enterPIN":{"_":"Introdu codul PIN"},"statusbarLabel":{"_":"{{date}}, {{operator}}"},"statusbarDateFormat":{"_":"%e %b."},"notifications":{"_":"Notificări"},"clear-all":{"_":"Curăță toate"},"newVoicemails":{"_":"{[ plural(n) ]}","_[zero]":"Niciun mesaj vocal nou","_[one]":"Un mesaj vocal nou","_[two]":"{{n}} mesaje vocale noi","_[few]":"{{n}} mesaje vocale noi","_[many]":"{{n}} mesaje vocale noi","_[other]":"{{n}} mesaje vocale noi"},"newVoicemailsUnknown":{"_":"Mesaj vocal nou"},"dialNumber":{"_":"Apelează {{number}}"},"deviceMenu":{"_":"Telefon"},"airplane":{"_":"Pornește modul avion"},"airplaneOff":{"_":"Oprește modul avion"},"silent":{"_":"Silențios pentru apeluri"},"normal":{"_":"Sonerie pentru apeluri"},"restart":{"_":"Repornește"},"power":{"_":"Oprește alimentarea"},"asyncpanzoom":{"_":"Dezactivează APZ pentru aplicații"},"asyncpanzoomOff":{"_":"Activează APZ pentru aplicații"},"enableScreenReaderSteps":{"_":"Pentru a activa cititorul de ecran, apasă volumul în sus, pe urmă butoanele de volum în jos de încă trei ori"},"disableScreenReaderSteps":{"_":"Pentru a dezactiva cititorul de ecran, apasă volum în sus apoi butonul de volum în jos de încă trei ori"},"no-recent-apps":{"_":"Nicio aplicație recentă"},"yes":{"_":"Da"},"no":{"_":"Nu"},"deny":{"_":"Nu permite"},"allow":{"_":"Permite"},"dontshare-geolocation":{"_":"Nu împărtăși"},"share-geolocation":{"_":"Împărtășește"},"dontshare-audio-capture":{"_":"Nu împărtăși"},"share-audio-capture":{"_":"Împărtășește"},"dontshare-video-capture":{"_":"Nu împărtăși"},"share-video-capture":{"_":"Împărtășește"},"dontshare-media-capture":{"_":"Nu împărtăși"},"share-media-capture":{"_":"Împărtășește"},"device-front":{"_":"Cameră frontală"},"device-back":{"_":"Camera din spate"},"remember-my-choice":{"_":"Ține minte alegerea mea"},"more-info":{"_":"Mai multe informații…"},"install-app":{"_":"Instalezi {{name}}?"},"size":{"_":"Mărime"},"author":{"_":"Autor"},"size-unknown":{"_":"Necunoscută"},"author-unknown":{"_":"Necunoscută"},"install":{"_":"Instalează"},"bytes":{"_":"bytes"},"kB":{"_":"KB"},"MB":{"_":"MB"},"GB":{"_":"GB"},"TB":{"_":"TB"},"PB":{"_":"PB"},"app-install-generic-error":{"_":"Descărcarea {{ appName }} a fost oprită"},"app-install-download-failed":{"_":"Descărcarea {{ appName }} a eșuat"},"app-install-install-failed":{"_":"Instalarea {{ appName }} a eșuat"},"cancelling-will-not-refund":{"_":"Anularea nu va rambursa o achiziție. Rambursările pentru conținutul plătit sunt furnizate de către vânzătorul original."},"apps-can-be-installed-later":{"_":"Aplicațiile nu pot fi instalate mai târziu din sursa de instalare originală."},"are-you-sure-you-want-to-cancel":{"_":"Sigur dorești să anulezi această instalare?"},"cancel-install":{"_":"Anulează instalarea"},"resume":{"_":"Reia"},"continue":{"_":"Continuă"},"stopDownloading":{"_":"Oprești descărcarea {{ app }}?"},"app-download-can-be-restarted":{"_":"Descărcarea poate fi repornită mai târziu."},"app-download-stop-button":{"_":"Oprește descărcarea"},"not-enough-space":{"_":"Spațiu insuficient"},"not-enough-space-message":{"_":"Nu există spațiu suficient pentru a instala această aplicație. Eliberează spațiu ștergând aplicații sau conținut media vechi și încearcă să instalezi din nou de la sursa originală."},"app-install-success":{"_":"{{ appName }} s-a instalat"},"setup":{"_":"Configurare"},"ime-addkeyboards":{"_":"Adaugă tastaturi"},"later":{"_":"Mai târziu"},"download":{"_":"Descarcă"},"wantToDownload":{"_":"Descarci actualizarea acum?"},"wantToInstall":{"_":"Instalezi actualizarea acum?"},"installNow":{"_":"Instalează acum"},"notNow":{"_":"Nu acum"},"downloadingUpdateMessage":{"innerHTML":"Se descarcă actualizările… <span>{{ progress }} descărcat.</span>"},"downloadingAppMessage":{"_":"Se descarcă {{ appName }}"},"downloadingAppProgressNoMax":{"_":"{{ progress }} descărcat"},"downloadingAppProgressIndeterminate":{"_":"Se descarcă"},"downloadingAppProgress":{"_":"{{ progress }} / {{ max }} descărcați"},"cancelAllDownloads":{"_":"Anulează toate descărcările"},"wantToCancelAll":{"_":"Sigur dorești să anulezi toate descărcările?"},"downloadError":{"_":"A apărut o eroare la descărcarea actualizărilor."},"updateAvailableInfo":{"innerHTML":"{[ plural(n) ]}","innerHTML[one]":"{{ n }} actualizări disponibile. <span>Apasă pentru mai multe informații.</span>","innerHTML[two]":"{{ n }} actualizări disponibile. <span>Apasă pentru mai multe informații.</span>","innerHTML[few]":"{{ n }} actualizări disponibile. <span>Apasă pentru mai multe informații.</span>","innerHTML[many]":"{{ n }} actualizări disponibile. <span>Apasă pentru mai multe informații.</span>","innerHTML[other]":"{{ n }} actualizări disponibile. <span>Apasă pentru mai multe informații.</span>"},"numberOfUpdates":{"_":"{[ plural(n) ]}","_[one]":"{{ n }} actualizare disponibilă","_[two]":"{{ n }} actualizări disponibile","_[few]":"{{ n }} actualizări disponibile","_[many]":"{{ n }} actualizări disponibile","_[other]":"{{ n }} actualizări disponibile"},"systemUpdate":{"_":"Actualizare de sistem"},"systemUpdateReady":{"_":"Actualizare de sistem pregătită"},"required":{"_":"Necesară"},"uncompressingMessage":{"innerHTML":"Dezarhivare… <span>Aceasta poate dura câteva minute.</span>"},"downloadNoWifiWarning":{"_":"Wi-Fi indisponibil. Actualizarea de pe conexiunea actuală poate atrage costuri în plus."},"downloadOfflineWarning":{"_":"Conexiune indisponibilă. Conectează-te la o rețea pentru a descărca actualizările."},"downloadDataConnectionWarning":{"_":"Actualizările sunt descărcate via conexiunea de date când Wi-Fi nu este disponibil. Se pot aplica costuri în plus pentru traficul de date."},"downloadUpdatesViaDataConnection":{"_":"Descarci actualizările via conexiunea de date?"},"downloadUpdatesViaDataConnectionMessage":{"_":"Actualizările sunt descărcate via conexiunea de date când Wi-Fi nu este disponibil. Când folosești conexiunea de date, apelurile telefonice pot fi blocate și se pot aplica și costuri în plus."},"screenshotSaved":{"_":"Captură salvată în Galerie"},"screenshotFailed":{"_":"Captura n-a putut fi salvată"},"screenshotNoSDCard":{"_":"Niciun card de memorie găsit"},"screenshotSDCardInUse":{"_":"Cardul de memorie e în uz"},"screenshotSDCardLow":{"_":"Spațiu insuficient pe cardul de memorie"},"emergency-call-button":{"_":"Apel de urgență"},"emergency-call":{"_":"Apel de urgență"},"unlock-a11y-button":{"ariaLabel":"Deblochează"},"camera-a11y-button":{"ariaLabel":"Cameră"},"longDateFormat":{"_":"%A, %e %B"},"softwareHomeButton":{"ariaLabel":"Acasă"},"login":{"_":"Autentificare"},"username":{"_":"Utilizator"},"password":{"_":"Parolă"},"http-authentication-message":{"_":"Un nume de utilizator și o parolă sunt solicitate de către {{host}}. Saitul spune: „{{realm}}”"},"error-message":{"_":"{{name}} nu se încarcă corespunzător"},"error-title":{"_":"{{name}} are probleme"},"airplane-is-on":{"_":"Modul avion este activat"},"airplane-is-turned-on":{"_":"{{name}} solicită o conexiune la internet. Oprește modul avion din Setări și conectează-te la o rețea Wi-Fi sau la o rețea de date mobile."},"server-not-found":{"_":"Server negăsit"},"server-not-found-error":{"_":"Nu se poate găsi serverul la {{name}}."},"network-connection-unavailable":{"_":"Conexiune la internet indisponibilă"},"network-error":{"_":"{{name}} solicită o conexiune la internet. Încearcă conectarea la o rețea Wi-Fi sau la o rețea de date mobile."},"unable-to-connect":{"_":"Nu se poate conecta"},"tap-to-retry":{"_":"Apasă pentru a reîncerca"},"try-again":{"_":"Reîncearcă"},"select-time":{"_":"Selectează ora"},"choose-option":{"_":"Selectează"},"choose-options":{"_":"Selectează"},"select-day":{"_":"Selectează ziua"},"battery-almost-empty":{"_":"Baterie aproape goală"},"add-to-home-screen":{"_":"Adaugă la ecran"},"crash-dialog2-os":{"_":"{{brandShortName}} tocmai s-a recuperat după o defecțiune"},"crash-dialog-app":{"_":"{{name}} tocmai s-a închis neașteptat"},"crash-dialog-message":{"_":"Dorești să trimiți Mozillei un raport cu privire la defecțiune pentru a ne ajuta să reparăm problema? (Rapoartele sunt trimise numai prin Wi-Fi)"},"crash-info-link":{"_":"Ce este într-un raport de eroare?"},"crash-always-report":{"_":"Trimite mereu Mozillei un raport când apare o defecțiune."},"crash-dont-send":{"_":"Nu trimite"},"crash-end":{"_":"Trimite raportul"},"crashReports":{"_":"Raport de eroare"},"done":{"_":"Gata"},"crash-reports-description-1":{"_":"Un raport de eroare conține niște detalii despre defecțiune și despre dispozitiv, precum și un instantaneu al stării telefonului în momentul în care s-a închis neașteptat."},"crash-reports-description-2":{"_":"Aceasta se poate să includă lucruri precum paginile și aplicațiile deschise, textele tastate în formulare și conținutul din mesajele deschise, istoricul recent a navigării sau geolocația folosită de către o altă aplicație deschisă."},"crash-reports-description-3-start":{"_":"Folosim rapoartele de eroare pentru a încerca și a repara problemele și a îmbunătăți produsele noastre. Gestionăm informațiile tale așa cum descriem în"},"crash-reports-description-3-privacy":{"_":"politica de confidențialitate"},"crash-reports-description-3-end":{"_":"."},"crash-banner-os2":{"_":"{{brandShortName}} tocmai s-a închis neașteptat."},"crash-banner-app":{"_":"{{name}} tocmai s-a închis neașteptat."},"crash-banner-report":{"_":"Raportează"},"bluetooth-sendingTitle":{"_":"Se trimite transferul prin Bluetooth.."},"bluetooth-receivingTitle":{"_":"Se primește transferul prin Bluetooth.."},"bluetooth-sending-progress":{"_":"Se trimite transferul prin Bluetooth.."},"bluetooth-receiving-progress":{"_":"Se primește transferul prin Bluetooth.."},"acceptFileTransfer":{"_":"Accepți transferul de fișiere prin Bluetooth?"},"wantToReceiveFile":{"_":"{{deviceName}} dorește să transfere {{fileName}} ({{fileSize}})."},"transfer-confirmation-title":{"_":"{{deviceName}}"},"transfer-confirmation-description":{"_":"Verifică cererea de transfer."},"byteUnit-B":{"_":"Bytes"},"byteUnit-KB":{"_":"KB"},"byteUnit-MB":{"_":"MB"},"byteUnit-GB":{"_":"GB"},"byteUnit-TB":{"_":"TB"},"byteUnit-PB":{"_":"PB"},"byteUnit-EB":{"_":"EB"},"byteUnit-ZB":{"_":"ZB"},"byteUnit-YB":{"_":"YB"},"fileSize":{"_":"{{size}} {{unit}}"},"transfer":{"_":"Transferă"},"cancelFileTransfer":{"_":"Anulezi transferul de fișiere prin Bluetooth?"},"transfer-has-started-title":{"_":"Transferul a început"},"transfer-has-started-description":{"_":"Verifică progresul în centrul de notificare"},"transferFinished-sentSuccessful-title":{"_":"Fișier trimis"},"transferFinished-receivedSuccessful-title":{"_":"Fișier primit"},"transferFinished-sentFailed-title":{"_":"Fișierul nu a putut fi trimis"},"transferFinished-receivedFailed-title":{"_":"Fișierul nu a putut fi primit"},"transferReport-title":{"_":"Raport de transfer:"},"transferReport-description":{"_":"{{numSuccessful}} fișiere cu succes, {{numUnsuccessful}} fișiere fără succes"},"unknown-file":{"_":"Fișier necunoscut"},"unknown-device":{"_":"Dispozitiv necunoscut"},"cannotOpenFile":{"_":"Nu se poate deschide fișierul primit"},"unknownMediaTypeToOpen":{"_":"Nu se poate deschide tipul de media necunoscut:"},"cannotReceiveFile":{"_":"Nu se poate primi fișierul"},"cannotGetStorageState":{"_":"Nu se poate obține situația de stocare a dispozitivului"},"sdcard-not-exist2":{"_":"Niciun card de memorie găsit. Te rugăm să inserezi un card de memorie."},"sdcard-in-use":{"_":"Bluetooth nu poate fi folosit cât timp telefonul este conectat. Te rugăm deconectează telefonul pentru a primi fișierul/fișierele."},"sdcard-no-space2":{"_":"Nu se poate încheia transferul: cardul de memorie este plin."},"unknown-error":{"_":"Eroare necunoscută"},"confirm":{"_":"Confirmă"},"microphone-is-on":{"_":"Microfonul e pornit"},"camera-is-on":{"_":"Camera e pornită"},"media-is-on":{"_":"Camera și microfonul sunt pornite"},"noSimCard":{"_":"Nicio cartelă SIM"},"simPin":{"_":"Cod PIN"},"pukCode":{"_":"Cod PUK"},"nckCode":{"_":"Cod NCK"},"cckCode":{"_":"Cod CCK"},"spckCode":{"_":"Cod SPCK"},"whatIsSimPin":{"_":"Ce este un cod PIN pentru cartela SIM?"},"simPinIntro1":{"_":"Un cod PIN împiedică accesul la rețelele telefonice de date ale cartelei SIM. Când codul este activ, orice telefon care conține o cartelă SIM va solicita codul PIN la repornire."},"simPinIntro2":{"_":"Un cod PIN nu este același lucru cu codul de acces folosit pentru a debloca dispozitivul."},"changeSimPin":{"_":"Schimbă codul PIN"},"pinTitle":{"_":"Introdu codul PIN"},"multiSIMpinTitle":{"_":"Introdu codul PIN al cartelei SIM {{n}}"},"pukTitle":{"_":"Introdu codul PUK"},"nckTitle":{"_":"Introdu codul NCK"},"cckTitle":{"_":"Introdu codul CCK"},"spckTitle":{"_":"Introdu codul SPCK"},"newpinTitle":{"_":"Cod PIN nou"},"inputCodeRetriesLeft":{"_":"{[ plural(n) ]}","_[one]":"ultima încercare.","_[two]":"{{n}} încercări rămase.","_[few]":"{{n}} încercări rămase.","_[many]":"{{n}} încercări rămase.","_[other]":"{{n}} încercări rămase."},"pinErrorMsg":{"_":"Codul PIN a fost incorect."},"pinAttemptMsg2":{"_":"{[ plural(n) ]}","_[one]":"Ai o încercare rămasă pentru a introduce codul corect înainte de a bloca cartela SIM.","_[two]":"Ai {{n}} încercări rămase pentru a introduce codul corect înainte de a bloca cartela SIM.","_[few]":"Ai {{n}} încercări rămase pentru a introduce codul corect înainte de a bloca cartela SIM.","_[many]":"Ai {{n}} încercări rămase pentru a introduce codul corect înainte de a bloca cartela SIM.","_[other]":"Ai {{n}} încercări rămase pentru a introduce codul corect înainte de a bloca cartela SIM."},"pinLastChanceMsg":{"_":"Aceasta este ultima ta șansă pentru a introduce codul PIN corect. În caz contrar, trebuie să introduci codul PUK pentru a folosi această cartelă SIM."},"simCardLockedMsg":{"_":"Cartela SIM este blocată."},"enterPukMsg":{"_":"Trebuie să introduci codul cheii personale de deblocare (PUK) pentru cartela SIM. Consultă documentația cartelei SIM sau contactează operatorul pentru mai multe informații."},"pukErrorMsg":{"_":"Codul PUK este incorect."},"pukAttemptMsg2":{"_":"{[ plural(n) ]}","_[one]":"Ai o încercare rămasă pentru a introduce codul corect înainte ca această cartelă SIM să devină inutilizabilă permanent. Consultă documentația cartelei SIM sau contactează operatorul pentru mai multe informații.","_[two]":"Ai {{n}} încercări rămase pentru a introduce codul corect înainte ca această cartelă SIM să devină inutilizabilă permanent. Consultă documentația cartelei SIM sau contactează operatorul pentru mai multe informații.","_[few]":"Ai {{n}} încercări rămase pentru a introduce codul corect înainte ca această cartelă SIM să devină inutilizabilă permanent. Consultă documentația cartelei SIM sau contactează operatorul pentru mai multe informații.","_[many]":"Ai {{n}} încercări rămase pentru a introduce codul corect înainte ca această cartelă SIM să devină inutilizabilă permanent. Consultă documentația cartelei SIM sau contactează operatorul pentru mai multe informații.","_[other]":"Ai {{n}} încercări rămase pentru a introduce codul corect înainte ca această cartelă SIM să devină inutilizabilă permanent. Consultă documentația cartelei SIM sau contactează operatorul pentru mai multe informații."},"pukLastChanceMsg":{"_":"Ultima șansă pentru a introduce codul PUK corect. Cartela ta SIM va deveni inutilizabilă permanent dacă introduci codul PUK greșit. Consultă documentația cartelei SIM sau contactează operatorul pentru mai multe informații."},"newSimPinMsg":{"_":"Crează un cod PIN (trebuie să conțină între 4 și 8 cifre)"},"confirmNewSimPinMsg":{"_":"Confirmă codul PIN nou"},"newPinErrorMsg":{"_":"Codurile PIN nu se potrivesc."},"nckErrorMsg":{"_":"Codul NCK este incorect."},"nckAttemptMsg2":{"_":"{[ plural(n) ]}","_[one]":"Cererea de depersonalizare a rețelei a eșuat. Ai o încercare rămasă pentru a introduce codul corect. Consultă documentația dispozitivului sau contactează operatorul pentru mai multe informații.","_[two]":"Cererea de depersonalizare a rețelei a eșuat. Ai {{n}} încercări rămase pentru a introduce codul corect. Consultă documentația dispozitivului sau contactează operatorul pentru mai multe informații.","_[few]":"Cererea de depersonalizare a rețelei a eșuat. Ai {{n}} încercări rămase pentru a introduce codul corect. Consultă documentația dispozitivului sau contactează operatorul pentru mai multe informații.","_[many]":"Cererea de depersonalizare a rețelei a eșuat. Ai {{n}} încercări rămase pentru a introduce codul corect. Consultă documentația dispozitivului sau contactează operatorul pentru mai multe informații.","_[other]":"Cererea de depersonalizare a rețelei a eșuat. Ai {{n}} încercări rămase pentru a introduce codul corect. Consultă documentația dispozitivului sau contactează operatorul pentru mai multe informații."},"nckLastChanceMsg":{"_":"Cererea de depersonalizare a rețelei a eșuat. Ultima șansă pentru a introduce codul NCK corect. Consultă documentația dispozitivului sau contactează operatorul pentru mai multe informații."},"activity-pick":{"_":"Selectează de la:"},"activity-view":{"_":"Vezi cu:"},"activity-test":{"_":"Testează cu:"},"activity-share":{"_":"Împărtășește cu:"},"activity-new":{"_":"Creează cu:"},"activity-open":{"_":"Deschide cu:"},"activity-save-bookmark":{"_":"Semn de carte la:"},"activity-record":{"_":"Înregistrare de la:"},"activity-browse":{"_":"Navighează cu:"},"activity-configure":{"_":"Configurează cu:"},"activity-dial":{"_":"Apel de la:"},"persona-signin":{"_":"Autentificare"},"payment-flow":{"_":"Achiziționează"},"remoteDebuggerMessage":{"_":"O cerere de intrare pentru a permite depanarea la distanță a fost detectată. Permiți conexiunea?"},"fullscreen-request":{"_":"{{origin}} este acum pe tot ecranul."},"captive-wifi-available":{"_":"A fost găsită rețeaua {{networkName}}. Te conectezi la rețea?"},"ceWarningtitle":{"_":"Avertizare pentru volum"},"ceWarningcontent":{"_":"Pentru a preveni posibila deteriorare a auzului, nu asculta sunete la volum ridicat pentru perioade lungi de timp."},"notification-powersaving-mode-on-title":{"_":"Mod de economisire a energiei"},"notification-powersaving-mode-on-description":{"_":"Modul de economisire al energiei este activat."},"low-device-storage":{"_":"Spațiu redus pe dispozitiv.\n"},"free-space":{"_":"{[ plural(value) ]}","_[zero]":"Fără spațiu liber rămas.","_[one]":"Mai puțin de {{value}} {{unit}} rămas.","_[two]":"Mai puțin de {{value}} {{unit}} rămas.","_[few]":"Mai puțin de {{value}} {{unit}} rămas.","_[many]":"Mai puțin de {{value}} {{unit}} rămas.","_[other]":"Mai puțin de {{value}} {{unit}} rămas."},"unknown-free-space":{"_":"Spațiu rămas necunoscut."},"system-alert":{"_":"Alertă de sistem"},"cb-channel":{"_":"Sursa {{channel}}"},"icc-message-title":{"_":"Mesaj de la operatorul SIM {{id}}"},"icc-confirmCall-defaultmessage":{"_":"Apelezi {{number}}?"},"icc-alertMessage-defaultmessage":{"_":"Se trimite mesajul"},"icc-confirmMessage-defaultmessage":{"_":"Trimiți mesajul?"},"icc-inputbox-title":{"_":"Interograre STK de la SIM {{id}}"},"emergency-callback-mode":{"_":"Regim de apelare inversă de urgență"},"emergency-callback-message":{"_":"Nu poți realiza apeluri, trimite mesaje sau să fii online deoarece regimul de apelare inversă de urgență este activat. Dorești să-l oprești?"},"cdma-record-info":{"_":"Informații de înregistrare CDMA"},"ime-switching-title":{"_":"{{appName}}: {{name}}"},"ime-switching-tip":{"_":"Apasă pentru a comuta metoda de introducere"},"layout-selection":{"_":"Selectarea aspectului"},"shrinking-tip":{"_":"Glisează pentru a partaja"},"download_started":{"_":"Descărcarea a început"},"download_stopped":{"_":"Descărcare oprită"},"download_downloading":{"_":"Se descarcă…"},"download_succeeded":{"_":"Descărcare încheiată"},"download_failed":{"_":"Descărcare eșuată"},"download_text_by_default":{"_":"{{name}}"},"download_downloading_text_2":{"_":"{{percentage}}% - {{name}}"},"search":{"_":"Caută"},"search-or-type-address":{"placeholder":"Caută sau tastează adresa"},"noSIMCardInHotspot":{"_":"Cartela SIM este absentă sau inserată incorect, așadar oprește hotspotul."},"brandShortName":{"_":"SO B2G"},"browserBrandShortName":{"_":"Navigator web"},"browserBrandFullName":{"_":"Navigator web Mozilla"},"weekday-0-long":{"_":"duminică"},"weekday-1-long":{"_":"luni"},"weekday-2-long":{"_":"marți"},"weekday-3-long":{"_":"miercuri"},"weekday-4-long":{"_":"joi"},"weekday-5-long":{"_":"vineri"},"weekday-6-long":{"_":"sâmbătă"},"weekday-0-short":{"_":"dum"},"weekday-1-short":{"_":"lun"},"weekday-2-short":{"_":"mar"},"weekday-3-short":{"_":"mie"},"weekday-4-short":{"_":"joi"},"weekday-5-short":{"_":"vin"},"weekday-6-short":{"_":"sâm"},"month-0-long":{"_":"ianuarie"},"month-1-long":{"_":"februarie"},"month-2-long":{"_":"martie"},"month-3-long":{"_":"aprilie"},"month-4-long":{"_":"mai"},"month-5-long":{"_":"iunie"},"month-6-long":{"_":"iulie"},"month-7-long":{"_":"august"},"month-8-long":{"_":"septembrie"},"month-9-long":{"_":"octombrie"},"month-10-long":{"_":"noiembrie"},"month-11-long":{"_":"decembrie"},"month-0-genitive":{"_":"ianuarie"},"month-1-genitive":{"_":"februarie"},"month-2-genitive":{"_":"martie"},"month-3-genitive":{"_":"aprilie"},"month-4-genitive":{"_":"mai"},"month-5-genitive":{"_":"iunie"},"month-6-genitive":{"_":"iulie"},"month-7-genitive":{"_":"august"},"month-8-genitive":{"_":"septembrie"},"month-9-genitive":{"_":"octombrie"},"month-10-genitive":{"_":"noiembrie"},"month-11-genitive":{"_":"decembrie"},"month-0-short":{"_":"ian"},"month-1-short":{"_":"feb"},"month-2-short":{"_":"mar"},"month-3-short":{"_":"apr"},"month-4-short":{"_":"mai"},"month-5-short":{"_":"iun"},"month-6-short":{"_":"iul"},"month-7-short":{"_":"aug"},"month-8-short":{"_":"sep"},"month-9-short":{"_":"oct"},"month-10-short":{"_":"noi"},"month-11-short":{"_":"dec"},"minutes-ago-long":{"_":"{[ plural(value) ]}","_[zero]":"chiar acum","_[one]":"acum un minut","_[two]":"acum {{value}} minute","_[few]":"acum {{value}} minute","_[many]":"acum {{value}} minute","_[other]":"acum {{value}} minute"},"hours-ago-long":{"_":"{[ plural(value) ]}","_[zero]":"chiar acum","_[one]":"acum cu o oră","_[two]":"acum {{value}} ore","_[few]":"acum {{value}} ore","_[many]":"acum {{value}} ore","_[other]":"acum {{value}} ore"},"days-ago-long":{"_":"{[ plural(value) ]}","_[zero]":"astăzi","_[one]":"ieri","_[two]":"acum {{value}} zile","_[few]":"acum {{value}} zile","_[many]":"acum {{value}} zile","_[other]":"acum {{value}} zile"},"weeks-ago-long":{"_":"{[ plural(value) ]}","_[zero]":"săptămâna aceasta","_[one]":"săptămâna trecută","_[two]":"acum {{value}} săptămâni","_[few]":"acum {{value}} săptămâni","_[many]":"acum {{value}} săptămâni","_[other]":"acum {{value}} săptămâni"},"months-ago-long":{"_":"{[ plural(value) ]}","_[zero]":"luna aceasta","_[one]":"luna trecută","_[two]":"acum {{value}} luni","_[few]":"acum {{value}} luni","_[many]":"acum {{value}} luni","_[other]":"acum {{value}} luni"},"years-ago-long":{"_":"{[ plural(value) ]}","_[zero]":"anul acesta","_[one]":"anul trecut","_[two]":"acum {{value}} ani","_[few]":"acum {{value}} ani","_[many]":"acum {{value}} ani","_[other]":"acum {{value}} ani"},"minutes-until-long":{"_":"{[ plural(value) ]}","_[zero]":"acum","_[one]":"într-un minut","_[two]":"în {{value}} minute","_[few]":"în {{value}} minute","_[many]":"în {{value}} minute","_[other]":"în {{value}} minute"},"hours-until-long":{"_":"{[ plural(value) ]}","_[zero]":"acum","_[one]":"într-o oră","_[two]":"în {{value}} ore","_[few]":"în {{value}} ore","_[many]":"în {{value}} ore","_[other]":"în {{value}} ore"},"days-until-long":{"_":"{[ plural(value) ]}","_[zero]":"astăzi","_[one]":"mâine","_[two]":"în {{value}} zile","_[few]":"în {{value}} zile","_[many]":"în {{value}} zile","_[other]":"în {{value}} zile"},"weeks-until-long":{"_":"{[ plural(value) ]}","_[zero]":"săptămâna aceasta","_[one]":"săptămâna următoare","_[two]":"în {{value}} săptămâni","_[few]":"în {{value}} săptămâni","_[many]":"în {{value}} săptămâni","_[other]":"în {{value}} săptămâni"},"months-until-long":{"_":"{[ plural(value) ]}","_[zero]":"luna aceasta","_[one]":"luna următoare","_[two]":"în {{value}} luni","_[few]":"în {{value}} luni","_[many]":"în {{value}} luni","_[other]":"în {{value}} luni"},"years-until-long":{"_":"{[ plural(value) ]}","_[zero]":"anul acesta","_[one]":"anul următor","_[two]":"în {{value}} ani","_[few]":"în {{value}} ani","_[many]":"în {{value}} ani","_[other]":"în {{value}} ani"},"minutes-ago-short":{"_":"{[ plural(value) ]}","_[zero]":"chiar acum","_[other]":"acum {{value}} min."},"hours-ago-short":{"_":"{[ plural(value) ]}","_[zero]":"chiar acum","_[other]":"acum {{value}}h"},"days-ago-short":{"_":"{[ plural(value) ]}","_[zero]":"astăzi","_[other]":"acum {{value}}z"},"minutes-until-short":{"_":"{[ plural(value) ]}","_[zero]":"acum","_[other]":"în {{value}}m"},"hours-until-short":{"_":"{[ plural(value) ]}","_[zero]":"acum","_[other]":"în {{value}}h"},"days-until-short":{"_":"{[ plural(value) ]}","_[zero]":"astăzi","_[other]":"în {{value}}z"},"incorrectDate":{"_":"(dată incorectă)"},"dateTimeFormat_%c":{"_":"%a, %e %b %Y %H:%M:%S"},"dateTimeFormat_%x":{"_":"%d/%m/%Y"},"dateTimeFormat_%X":{"_":"%H:%M:%S"},"shortTimeFormat":{"_":"%H:%M"},"shortDateTimeFormat":{"_":"%x %H:%M"},"weekStartsOnMonday":{"_":"0"},"time_am":{"_":"AM"},"time_pm":{"_":"PM"},"perm-contacts":{"_":"Contacte"},"perm-contacts-appRequest":{"_":"Aplicația {{app}} dorește să-ți acceseze lista de contacte."},"perm-contacts-webRequest":{"_":"{{site}} dorește să-ți acceseze lista de contacte."},"perm-desktop-notification":{"_":"Notificări"},"perm-desktop-notification-appRequest":{"_":"Aplicația {{app}} dorește să afișeze notificări."},"perm-desktop-notification-webRequest":{"_":"{{site}} dorește să afișeze notificări."},"perm-device-storage-music":{"_":"Stocare de muzică"},"perm-device-storage-music-appRequest":{"_":"Aplicația {{app}} dorește să-ți acceseze muzica."},"perm-device-storage-music-webRequest":{"_":"{{site}} dorește să-ți acceseze muzica."},"perm-device-storage-pictures":{"_":"Stocare de imagini"},"perm-device-storage-pictures-appRequest":{"_":"Aplicația {{app}} dorește să-ți acceseze imaginile."},"perm-device-storage-pictures-webRequest":{"_":"{{site}} dorește să-ți acceseze imaginile."},"perm-device-storage-sdcard":{"_":"Stocare pe cardul de memorie"},"perm-device-storage-sdcard-appRequest":{"_":"Aplicația {{app}} dorește să acceseze cardul de memorie."},"perm-device-storage-sdcard-webRequest":{"_":"{{site}} dorește să acceseze cardul de memorie."},"perm-device-storage-videos":{"_":"Stocare de videoclipuri"},"perm-device-storage-videos-appRequest":{"_":"Aplicația {{app}} dorește să-ți acceseze videoclipurile."},"perm-device-storage-videos-webRequest":{"_":"{{site}} dorește să-ți acceseze videoclipurile."},"perm-fmradio":{"_":"Radio FM"},"perm-fmradio-appRequest":{"_":"Aplicația {{app}} dorește să-ți folosească radioul FM."},"perm-fmradio-webRequest":{"_":"{{site}} dorește să-ți folosească radioul FM."},"perm-geolocation":{"_":"Geolocație"},"perm-geolocation-appRequest":{"_":"Aplicația {{app}} dorește să-ți cunoască locația."},"perm-geolocation-webRequest":{"_":"{{site}} dorește să-ți cunoască locația."},"perm-geolocation-more-info":{"_":"{{brandShortName}} folosește date precum GPS, Wi-Fi și rețele mobile din apropierea ta pentru a ajuta la determinarea locației tale actuale. Datele sunt trimise Mozillei și altor furnizori de servicii și vor fi folosite per ansamblu pentru a îmbunătăți aceste baze de date privind locațiile.  Datele pot fi stocate pe dispozitivul tău și colectarea de date poate avea loc când nicio aplicație nu rulează."},"perm-video-capture":{"_":"Cameră"},"perm-video-capture-appRequest":{"_":"Dorești să împărtășești camera cu {{app}}?"},"perm-video-capture-webRequest":{"_":"Dorești să împărtășești camera cu {{site}}?"},"perm-audio-capture":{"_":"Microfon"},"perm-audio-capture-appRequest":{"_":"Dorești să împărtășești microfonul cu {{app}}?"},"perm-audio-capture-webRequest":{"_":"Dorești să împărtășești camera cu {{site}}?"},"perm-media-capture":{"_":"Cameră și microfon"},"perm-media-capture-appRequest":{"_":"Dorești să împărtășești camera și microfonul cu {{app}}?"},"perm-media-capture-webRequest":{"_":"Dorești să împărtășești camera și microfonul cu {{site}}?"},"stopped_download_title":{"_":"Descărcare oprită"},"stopped_download_message":{"_":"Descărcarea a fost oprită. Încerci descărcarea din nou?"},"stopped_download_left_button":{"_":"Renunță"},"stopped_download_right_button":{"_":"Încearcă din nou"},"failed_download_title":{"_":"Descărcare eșuată"},"failed_download_message":{"_":"A eșuat descărcarea lui {{name}}. Încerci să descarci din nou?"},"failed_download_left_button":{"_":"Renunță"},"failed_download_right_button":{"_":"Încearcă din nou"},"stop_download_title":{"_":"Oprește descărcarea"},"stop_download_message":{"_":"Sigur dorești să oprești descărcarea?"},"stop_download_left_button":{"_":"Nu"},"stop_download_right_button":{"_":"Da"},"delete_download_title":{"_":"Șterge"},"delete_download_message":{"_":"Ștergi {{name}}?"},"delete_download_left_button":{"_":"Renunță"},"delete_download_right_button":{"_":"Șterge"},"delete_all_download_title":{"_":"Șterge"},"delete_all_download_left_button":{"_":"Renunță"},"delete_all_download_right_button":{"_":"Șterge"},"delete_all_download_message":{"_":"{[ plural(number) ]}","_[zero]":"Nu ștergi niciun fișier?","_[one]":"Ștergi un fișier?","_[two]":"Ștergi  {{number}} fișiere?","_[few]":"Ștergi  {{number}} fișiere?","_[many]":"Ștergi  {{number}} fișiere?","_[other]":"Ștergi  {{number}} fișiere?"},"unsupported_file_type_download_title":{"_":"Nu se poate deschide"},"unsupported_file_type_download_message":{"_":"Nu există o aplicație care poate deschide {{name}}. Dorești să salvezi fișierul sau să-l ștergi?"},"unsupported_file_type_download_left_button":{"_":"Păstrează fișierul"},"unsupported_file_type_download_right_button":{"_":"Șterge"},"file_not_found_download_title":{"_":"Fișier negăsit"},"file_not_found_download_message":{"_":"Fișierul nu a fost găsit pe dispozitiv"},"file_not_found_download_right_button":{"_":"Ok"},"unmounted_sdcard_2_download_title":{"_":"Card de memorie în uz"},"unmounted_sdcard_2_download_message":{"_":"Deconectează telefonul"},"unmounted_sdcard_2_download_right_button":{"_":"Ok"},"no_provider_download_title":{"_":"Nu se poate partaja"},"no_provider_download_message":{"_":"Niciun furnizor găsit"},"no_provider_download_right_button":{"_":"Ok"},"no_memory_download_title":{"_":"Cardul SD este plin"},"no_memory_download_message":{"_":"Nu mai ai loc pe cardul SD pentru a salva descărcarea. Te rugăm să ștergi niște fișiere înainte de a reporni descărcarea."},"no_memory_download_right_button":{"_":"Ok"},"no_sdcard_found_2_download_title":{"_":"Niciun card de memorie găsit"},"no_sdcard_found_2_download_message":{"_":"Inserează un card de memorie sau selectează o locație media implicită alternativă în Setări."},"no_sdcard_found_2_download_right_button":{"_":"Ok"},"file_open_error_download_title":{"_":"Nu se poate deschide"},"file_open_error_download_message":{"_":"A apărut o eroare la deschiderea {{name}}. Dorești să salvezi fișierul sau să-l ștergi?"},"file_open_error_download_left_button":{"_":"Păstrează fișierul"},"file_open_error_download_right_button":{"_":"Șterge"},"restart_download_error":{"_":"A apărut o eroare la repornirea descărcării. Te rugăm să reîncerci descărcarea."},"no-downloads":{"_":"Nicio descărcare"},"percentage":{"_":"{{percentage}} %"},"partialResult":{"_":"{{partial}} din {{total}}"},"summary":{"_":"{{date}} - {{status}}"},"download-stopped":{"_":"Oprită"},"download-failed":{"_":"Descărcare eșuată"},"open_downloaded_file":{"_":"Deschide"},"share_downloaded_file":{"_":"Partajează"},"wallpaper_downloaded_file":{"_":"Setează ca fundal"},"ringtone_downloaded_file":{"_":"Setează ca ton de apel"},"cancel_downloaded_file":{"_":"Renunță"},"sim-picker-dial-via-with-number":{"_":"Apelează {{ phoneNumber }} via"},"sim-picker-select-sim":{"_":"Selectează SIM-ul"},"sim-picker-button":{"_":"SIM{{ n }}"},"sim-picker-button-default":{"_":"(implicit)"}}