{"ok":{"_":"OK"},"back":{"_":"Назад"},"help":{"_":"Справка"},"cancel":{"_":"Отмена"},"close":{"_":"Закрыть"},"skip":{"_":"Пропустить"},"airplaneMode":{"_":"Режим Полёта"},"searching":{"_":"Поиск…"},"noNetwork":{"_":"Нет сети"},"roaming":{"_":"{{operator}} (роуминг)"},"emergencyCallsOnly":{"_":"Только экстренные вызовы"},"emergencyCallsOnly-unknownSIMState":{"_":"(неизвестное состояние SIM)"},"emergencyCallsOnly-noSIM":{"_":"(без SIM)"},"emergencyCallsOnly-pinRequired":{"_":"(нужен PIN для SIM)"},"emergencyCallsOnly-pukRequired":{"_":"(нужен PUK для SIM)"},"emergencyCallsOnly-networkLocked":{"_":"(сеть заблокирована)"},"emergencyCallsOnly-serviceProviderLocked":{"_":"(заблокировано оператором связи)"},"emergencyCallsOnly-corporateLocked":{"_":"(заблокировано корпоративно)"},"enterPIN":{"_":"Введите PIN"},"statusbarLabel":{"_":"{{date}}, {{operator}}"},"statusbarDateFormat":{"_":"%e %Eb"},"notifications":{"_":"Уведомления"},"clear-all":{"_":"Очистить всё"},"newVoicemails":{"_":"{[ plural(n) ]}","_[zero]":"Нет новых голосовых сообщ.","_[one]":"{{n}} новое голосовое сообщ.","_[two]":"{{n}} новых голосовых сообщ.","_[few]":"{{n}} новых голосовых сообщ.","_[many]":"{{n}} новых голосовых сообщ.","_[other]":"{{n}} новых голосовых сообщ."},"newVoicemailsUnknown":{"_":"Новое голосовое сообщ."},"dialNumber":{"_":"Набрать {{number}}"},"deviceMenu":{"_":"Телефон"},"airplane":{"_":"Включить Режим Полёта"},"airplaneOff":{"_":"Отключить Режим Полёта"},"silent":{"_":"Отключить звонок"},"normal":{"_":"Включить звонок"},"restart":{"_":"Перезагрузить"},"power":{"_":"Отключить питание"},"asyncpanzoom":{"_":"Отключить APZ для Приложений"},"asyncpanzoomOff":{"_":"Включить APZ для Приложений"},"enableScreenReaderSteps":{"_":"Чтобы включить чтение с экрана, нажмите кнопки повышения громкости затем понижения громкости ещё три раза"},"disableScreenReaderSteps":{"_":"Чтобы отключить чтение с экрана, нажмите кнопки повышения громкости затем понижения громкости ещё три раза"},"no-recent-apps":{"_":"Нет недавних приложений"},"yes":{"_":"Да"},"no":{"_":"Нет"},"deny":{"_":"Не разрешать"},"allow":{"_":"Разрешить"},"dontshare-geolocation":{"_":"Не давать доступ"},"share-geolocation":{"_":"Дать доступ"},"dontshare-audio-capture":{"_":"Не давать доступ"},"share-audio-capture":{"_":"Дать доступ"},"dontshare-video-capture":{"_":"Не давать доступ"},"share-video-capture":{"_":"Дать доступ"},"dontshare-media-capture":{"_":"Не давать доступ"},"share-media-capture":{"_":"Дать доступ"},"device-front":{"_":"Передняя камера"},"device-back":{"_":"Задняя камера"},"remember-my-choice":{"_":"Запомнить мой выбор"},"more-info":{"_":"Подробнее…"},"install-app":{"_":"Установить {{name}}?"},"size":{"_":"Размер"},"author":{"_":"Автор"},"size-unknown":{"_":"Неизвестен"},"author-unknown":{"_":"Неизвестен"},"install":{"_":"Установить"},"bytes":{"_":"байт"},"kB":{"_":"КБ"},"MB":{"_":"МБ"},"GB":{"_":"ГБ"},"TB":{"_":"ТБ"},"PB":{"_":"PB"},"app-install-generic-error":{"_":"загрузка {{ appName }} остановлена"},"app-install-download-failed":{"_":"загрузка {{ appName }} не удалась"},"app-install-install-failed":{"_":"установка {{ appName }} не удалась"},"cancelling-will-not-refund":{"_":"Отмена не вернет деньги за покупку. Возврат денег за платный контент производится первоначальным продавцом."},"apps-can-be-installed-later":{"_":"Приложения могут быть установлены позже из оригинального источника установки."},"are-you-sure-you-want-to-cancel":{"_":"Вы действительно хотите отменить эту установку?"},"cancel-install":{"_":"Отменить установку"},"resume":{"_":"Возобновить"},"continue":{"_":"Продолжить"},"stopDownloading":{"_":"Остановить загрузку {{ app }}?"},"app-download-can-be-restarted":{"_":"Загрузка может быть возобновлена позже."},"app-download-stop-button":{"_":"Остановить загрузку"},"not-enough-space":{"_":"Недостаточно места"},"not-enough-space-message":{"_":"Недостаточно места для установки этого приложения. Освободите место, удалив старые приложения или медиа, и попробуйте установить снова из оригинального источника."},"app-install-success":{"_":"{{ appName }} установлено"},"setup":{"_":"Настройка"},"ime-addkeyboards":{"_":"Добавить раскладки"},"later":{"_":"Позже"},"download":{"_":"Загрузить"},"wantToDownload":{"_":"Загрузить обновление сейчас?"},"wantToInstall":{"_":"Установить обновление сейчас?"},"installNow":{"_":"Установить"},"notNow":{"_":"Не сейчас"},"downloadingUpdateMessage":{"innerHTML":"Загрузка обновлений… <span>{{ progress }} загружено.</span>"},"downloadingAppMessage":{"_":"Загрузка {{ appName }}"},"downloadingAppProgressNoMax":{"_":"{{ progress }} загружено"},"downloadingAppProgressIndeterminate":{"_":"Загрузка"},"downloadingAppProgress":{"_":"{{ progress }} / {{ max }} загружено"},"cancelAllDownloads":{"_":"Отменить все загрузки"},"wantToCancelAll":{"_":"Вы уверены, что хотите отменить все загрузки?"},"downloadError":{"_":"При загрузке обновлений произошла ошибка."},"updateAvailableInfo":{"innerHTML":"{[ plural(n) ]}","innerHTML[one]":"доступно {{ n }} обновление. <span>Нажмите для подробностей.</span>","innerHTML[two]":"доступно {{ n }} обновления. <span>Нажмите для подробностей.</span>","innerHTML[few]":"доступно {{ n }} обновления. <span>Нажмите для подробностей.</span>","innerHTML[many]":"доступно {{ n }} обновлений. <span>Нажмите для подробностей.</span>","innerHTML[other]":"доступно {{ n }} обновлений. <span>Нажмите для подробностей.</span>"},"numberOfUpdates":{"_":"{[ plural(n) ]}","_[one]":"доступно {{ n }} обновление","_[two]":"доступно {{ n }} обновления","_[few]":"доступно {{ n }} обновления","_[many]":"доступно {{ n }} обновлений","_[other]":"доступно {{ n }} обновлений"},"systemUpdate":{"_":"Обновление системы"},"systemUpdateReady":{"_":"Готово обновление системы"},"required":{"_":"Необходимо"},"uncompressingMessage":{"innerHTML":"Распаковка… <span>Это может занять несколько минут.</span>"},"downloadNoWifiWarning":{"_":"Wi-Fi недоступен. Обновление по текущему соединению может привести к дополнительным финансовым расходам."},"downloadOfflineWarning":{"_":"Соединение недоступно. Для загрузки обновлений соединитесь с сетью."},"downloadDataConnectionWarning":{"_":"Когда Wi-Fi недоступен, обновления загружаются через соединение для передачи данных. Это может привести к дополнительным финансовым расходам."},"downloadUpdatesViaDataConnection":{"_":"Загружать обновления через соединение для передачи данных?"},"downloadUpdatesViaDataConnectionMessage":{"_":"Когда Wi-Fi недоступен, обновления загружаются через соединение для передачи данных. При использовании соединения для передачи данных телефонные звонки могут быть заблокированы. Также это может привести к дополнительным финансовым расходам."},"screenshotSaved":{"_":"Снимок послан в Галерею"},"screenshotFailed":{"_":"Ошибка сохранения скриншота"},"screenshotNoSDCard":{"_":"Не найдена карта памяти"},"screenshotSDCardInUse":{"_":"Карта памяти сейчас используется"},"screenshotSDCardLow":{"_":"Недостаточно места на карте памяти"},"emergency-call-button":{"_":"Экстренный вызов"},"emergency-call":{"_":"Экстренный вызов"},"unlock-a11y-button":{"ariaLabel":"Разблокирован"},"camera-a11y-button":{"ariaLabel":"Камера"},"longDateFormat":{"_":"%A, %e %Eb"},"softwareHomeButton":{"ariaLabel":"Дом"},"login":{"_":"Авторизация"},"username":{"_":"Имя пользователя"},"password":{"_":"Пароль"},"http-authentication-message":{"_":"{{host}} запросил имя пользователя и пароль. Сайт сообщает: “{{realm}}”"},"error-message":{"_":"{{name}} загружается некорректно"},"error-title":{"_":"У {{name}} возникли проблемы"},"airplane-is-on":{"_":"Включён Режим Полёта"},"airplane-is-turned-on":{"_":"{{name}} требует соединения с сетью. Отключите Режим Полёта в Настройках и соединитесь с Wi-Fi или мобильной сетью."},"server-not-found":{"_":"Сервер не найден"},"server-not-found-error":{"_":"Не удалось найти сервер {{name}}."},"network-connection-unavailable":{"_":"Соединение с сетью недоступно"},"network-error":{"_":"{{name}} требует соединения с сетью. Попробуйте соединиться с Wi-Fi или мобильной сетью."},"unable-to-connect":{"_":"Попытка соединения не удалась"},"tap-to-retry":{"_":"Нажмите для повтора"},"try-again":{"_":"Повторить"},"select-time":{"_":"Выберите время"},"choose-option":{"_":"Выбрать"},"choose-options":{"_":"Выбрать"},"select-day":{"_":"Выберите день"},"battery-almost-empty":{"_":"Батарея почти разряжена"},"add-to-home-screen":{"_":"На домашний экран"},"crash-dialog2-os":{"_":"{{brandShortName}} только что восстановилась после падения"},"crash-dialog-app":{"_":"{{name}} только что упал"},"crash-dialog-message":{"_":"Вы хотите послать в Mozilla сообщение о падении, чтобы помочь нам решить эту проблему? (Сообщения передаются только через Wi-Fi)."},"crash-info-link":{"_":"Что находится в сообщении о падении?"},"crash-always-report":{"_":"Всегда отправлять в Mozilla сообщение, когда происходит падение."},"crash-dont-send":{"_":"Не отправлять"},"crash-end":{"_":"Послать"},"crashReports":{"_":"О падениях"},"done":{"_":"Готово"},"crash-reports-description-1":{"_":"Сообщение о падении содержит некоторые детали о падении и вашем устройстве, а также снимок состояния вашего устройства в момент его падения."},"crash-reports-description-2":{"_":"Это может включать в себя такие вещи, как открытые страницы и приложения, введенный в формы текст, содержание открытых сообщений, недавнюю историю веб-сёрфинга или данные геолокации использованные открытым приложением."},"crash-reports-description-3-start":{"_":"Мы используем сообщения о падениях, чтобы попытаться исправить проблемы и улучшить наши продукты. Мы обрабатываем вашу информацию так, как описано в нашей "},"crash-reports-description-3-privacy":{"_":"политика приватности"},"crash-reports-description-3-end":{"_":"."},"crash-banner-os2":{"_":"{{brandShortName}} только что упала."},"crash-banner-app":{"_":"{{name}} только что упало."},"crash-banner-report":{"_":"Сообщение"},"bluetooth-sendingTitle":{"_":"Отправка данных через Bluetooth…"},"bluetooth-receivingTitle":{"_":"Приём данных через Bluetooth…"},"bluetooth-sending-progress":{"_":"Отправка данных через Bluetooth…"},"bluetooth-receiving-progress":{"_":"Приём данных через Bluetooth…"},"acceptFileTransfer":{"_":"Принять файл, передаваемый через Bluetooth?"},"wantToReceiveFile":{"_":"{{deviceName}} хочет передать {{fileName}} ({{fileSize}})."},"transfer-confirmation-title":{"_":"{{deviceName}}"},"transfer-confirmation-description":{"_":"Рассмотреть запрос на передачу."},"byteUnit-B":{"_":"байт"},"byteUnit-KB":{"_":"КБ"},"byteUnit-MB":{"_":"МБ"},"byteUnit-GB":{"_":"ГБ"},"byteUnit-TB":{"_":"ТБ"},"byteUnit-PB":{"_":"PB"},"byteUnit-EB":{"_":"ЭБ"},"byteUnit-ZB":{"_":"ЗБ"},"byteUnit-YB":{"_":"ЙБ"},"fileSize":{"_":"{{size}} {{unit}}"},"transfer":{"_":"Передача"},"cancelFileTransfer":{"_":"Отменить передачу файла через Bluetooth?"},"transfer-has-started-title":{"_":"Передача запущена"},"transfer-has-started-description":{"_":"Следите за её ходом в Центре уведомлений"},"transferFinished-sentSuccessful-title":{"_":"Файл отправлен"},"transferFinished-receivedSuccessful-title":{"_":"Файл получен"},"transferFinished-sentFailed-title":{"_":"Файл не мог быть отправлен"},"transferFinished-receivedFailed-title":{"_":"Файл не мог быть получен"},"transferReport-title":{"_":"Отчёт о передаче:"},"transferReport-description":{"_":"{{numSuccessful}} файлов успешно, {{numUnsuccessful}} файлов успешно"},"unknown-file":{"_":"Неизвестный файл"},"unknown-device":{"_":"Неизвестное устройство"},"cannotOpenFile":{"_":"Не удалось открыть полученный файл"},"unknownMediaTypeToOpen":{"_":"Не удалось открыть неизвестный тип медиа:"},"cannotReceiveFile":{"_":"Не удалось получить файл"},"cannotGetStorageState":{"_":"Не удалось получить состояние устройства для хранения."},"sdcard-not-exist2":{"_":"Не найдена карта памяти. Пожалуйста, вставьте карту памяти."},"sdcard-in-use":{"_":"Bluetooth не может быть использован пока телефон подключён с помощью кабеля. Для получения файла(ов), пожалуйста, отсоедините телефон."},"sdcard-no-space2":{"_":"Не удалось завершить передачу: нет места на карте памяти."},"unknown-error":{"_":"Неизвестная ошибка"},"confirm":{"_":"Подтверждение"},"microphone-is-on":{"_":"Микрофон включён"},"camera-is-on":{"_":"Камера включена"},"media-is-on":{"_":"Камера и микрофон включены"},"noSimCard":{"_":"Нет SIM-карты"},"simPin":{"_":"SIM PIN"},"pukCode":{"_":"PUK-код"},"nckCode":{"_":"NCK-код"},"cckCode":{"_":"CCK-код"},"spckCode":{"_":"SPCK-код"},"whatIsSimPin":{"_":"Что такое SIM PIN?"},"simPinIntro1":{"_":"PIN-код SIM предотвращает доступ к SIM-карте для работы в сотовой сети. Когда он включён, любое устройство, содержащее SIM-карту, при перезагрузке будет запрашивать PIN-код."},"simPinIntro2":{"_":"PIN-код SIM не имеет никакого отношения к коду для разблокировки устройства."},"changeSimPin":{"_":"Сменить PIN"},"pinTitle":{"_":"Ввод SIM PIN"},"multiSIMpinTitle":{"_":"Ввод SIM {{n}} PIN"},"pukTitle":{"_":"Введите PUK-код"},"nckTitle":{"_":"Введите NCK-код"},"cckTitle":{"_":"Введите CCK-код"},"spckTitle":{"_":"Введите SPCK-код"},"newpinTitle":{"_":"Новый PIN"},"inputCodeRetriesLeft":{"_":"{[ plural(n) ]}","_[one]":"осталась {{n}} попытка.","_[two]":"осталось {{n}} попытки.","_[few]":"осталось {{n}} попытки.","_[many]":"осталось {{n}} попыток.","_[other]":"осталось {{n}} попыток."},"pinErrorMsg":{"_":"Неверный PIN."},"pinAttemptMsg2":{"_":"{[ plural(n) ]}","_[one]":"У вас осталась {{n}} попытка для ввода правильного кода перед тем, как ваша SIM-карта будет заблокирована.","_[two]":"У вас осталось {{n}} попытки для ввода правильного кода перед тем, как ваша SIM-карта будет заблокирована.","_[few]":"У вас осталось {{n}} попытки для ввода правильного кода перед тем, как ваша SIM-карта будет заблокирована.","_[many]":"У вас осталось {{n}} попыток для ввода правильного кода перед тем, как ваша SIM-карта будет заблокирована.","_[other]":"У вас осталось {{n}} попыток для ввода правильного кода перед тем, как ваша SIM-карта будет заблокирована."},"pinLastChanceMsg":{"_":"Это ваша последняя попытка ввода правильного PIN-кода. В случае неудачи для дальнейшего использования этой SIM-карты надо будет ввести PUK-код."},"simCardLockedMsg":{"_":"SIM-карта заблокирована."},"enterPukMsg":{"_":"Вы должны ввести персональный код разблокировки (PUK-код) этой SIM-карты. Для получения дополнительной информации обратитесь к документации на SIM-карту или свяжитесь с вашим оператором."},"pukErrorMsg":{"_":"Неверный PUK-код."},"pukAttemptMsg2":{"_":"{[ plural(n) ]}","_[one]":"У вас осталась {{n}} попытка для ввода правильного кода перед тем, как эта SIM-карта будет навсегда заблокирована. Для получения дополнительной информации обратитесь к документации на SIM-карту или свяжитесь с вашим оператором.","_[two]":"У вас осталось {{n}} попытки для ввода правильного кода перед тем, как эта SIM-карта будет навсегда заблокирована. Для получения дополнительной информации обратитесь к документации на SIM-карту или свяжитесь с вашим оператором.","_[few]":"У вас осталось {{n}} попытки для ввода правильного кода перед тем, как эта SIM-карта будет навсегда заблокирована. Для получения дополнительной информации обратитесь к документации на SIM-карту или свяжитесь с вашим оператором.","_[many]":"У вас осталось {{n}} попыток для ввода правильного кода перед тем, как эта SIM-карта будет навсегда заблокирована. Для получения дополнительной информации обратитесь к документации на SIM-карту или свяжитесь с вашим оператором.","_[other]":"У вас осталось {{n}} попыток для ввода правильного кода перед тем, как эта SIM-карта будет навсегда заблокирована. Для получения дополнительной информации обратитесь к документации на SIM-карту или свяжитесь с вашим оператором."},"pukLastChanceMsg":{"_":"Это последняя попытка ввода правильного PUK-кода. Если вы не введёте сейчас правильный PUK-код, ваша SIM-карта будет навсегда заблокирована. Для получения дополнительной информации обратитесь к документации на SIM-карту или свяжитесь с вашим оператором."},"newSimPinMsg":{"_":"Создать PIN (должен содержать от 4 до 8 цифр)"},"confirmNewSimPinMsg":{"_":"Подтвердите новый PIN"},"newPinErrorMsg":{"_":"PINы не совпадают."},"nckErrorMsg":{"_":"Неверный NCK-код."},"nckAttemptMsg2":{"_":"{[ plural(n) ]}","_[one]":"Запрос на снятие кодировки под оператора не удался. У вас осталась {{n}} попытка для ввода правильного кода. Для получения дополнительной информации обратитесь к документации на ваше устройство или свяжитесь с вашим оператором.","_[two]":"Запрос на снятие кодировки под оператора не удался. У вас осталось {{n}} попытки для ввода правильного кода. Для получения дополнительной информации обратитесь к документации на ваше устройство или свяжитесь с вашим оператором.","_[few]":"Запрос на снятие кодировки под оператора не удался. У вас осталось {{n}} попытки для ввода правильного кода. Для получения дополнительной информации обратитесь к документации на ваше устройство или свяжитесь с вашим оператором.","_[many]":"Запрос на снятие кодировки под оператора не удался. У вас осталось {{n}} попыток для ввода правильного кода. Для получения дополнительной информации обратитесь к документации на ваше устройство или свяжитесь с вашим оператором.","_[other]":"Запрос на снятие кодировки под оператора не удался. У вас осталось {{n}} попыток для ввода правильного кода. Для получения дополнительной информации обратитесь к документации на ваше устройство или свяжитесь с вашим оператором."},"nckLastChanceMsg":{"_":"Запрос на снятие кодировки под оператора не удался. Это последняя попытка ввода правильного NCK-кода. Для получения дополнительной информации обратитесь к документации на ваше устройство или свяжитесь с вашим оператором."},"activity-pick":{"_":"Выбрать из:"},"activity-view":{"_":"Просмотреть через:"},"activity-test":{"_":"Протестировать в:"},"activity-share":{"_":"Поделиться через:"},"activity-new":{"_":"Создать в:"},"activity-open":{"_":"Открыть в:"},"activity-save-bookmark":{"_":"Заложить в:"},"activity-record":{"_":"Записать с:"},"activity-browse":{"_":"Обзор через:"},"activity-configure":{"_":"Настроить через:"},"activity-dial":{"_":"Набрать из:"},"persona-signin":{"_":"Войти"},"payment-flow":{"_":"Купить"},"remoteDebuggerMessage":{"_":"Был обнаружен входящий запрос на установку соединения для удалённой отладки. Разрешить соединение?"},"fullscreen-request":{"_":"{{origin}} теперь развернут на полный экран."},"captive-wifi-available":{"_":"Была найдена сеть {{networkName}}. Присоединиться к сети?"},"ceWarningtitle":{"_":"Предупреждение о громкости"},"ceWarningcontent":{"_":"Чтобы предотвратить возможное повреждение слуха, не используйте высокий уровень громкости в течение длительного времени."},"notification-powersaving-mode-on-title":{"_":"Режим экономии"},"notification-powersaving-mode-on-description":{"_":"Режим экономии включён."},"low-device-storage":{"_":"На устройстве мало места.\n"},"free-space":{"_":"{[ plural(value) ]}","_[zero]":"Свободного места не осталось.","_[one]":"Осталось менее {{value}} {{unit}}.","_[two]":"Осталось менее {{value}} {{unit}}.","_[few]":"Осталось менее {{value}} {{unit}}.","_[many]":"Осталось менее {{value}} {{unit}}.","_[other]":"Осталось менее {{value}} {{unit}}."},"unknown-free-space":{"_":"Оставшееся место неизвестно."},"system-alert":{"_":"Системное уведомление"},"cb-channel":{"_":"Канал {{channel}}"},"icc-message-title":{"_":"Сообщение оператора с SIM {{id}}"},"icc-confirmCall-defaultmessage":{"_":"Вызвать {{number}}?"},"icc-alertMessage-defaultmessage":{"_":"Отправка сообщения"},"icc-confirmMessage-defaultmessage":{"_":"Послать сообщение?"},"icc-inputbox-title":{"_":"Запрос STK с SIM {{id}}"},"emergency-callback-mode":{"_":"Режим экстренного обратного вызова"},"emergency-callback-message":{"_":"Вы не можете совершать звонки, отправлять сообщения или выходить в Интернет, так как включён режим экстренного обратного вызова. Вы хотите его выключить?"},"cdma-record-info":{"_":"Информация CDMA записи"},"ime-switching-title":{"_":"{{appName}}: {{name}}"},"ime-switching-tip":{"_":"Нажмите для переключения метода ввода"},"layout-selection":{"_":"Выбор раскладки"},"shrinking-tip":{"_":"Проведите, чтобы поделиться"},"download_started":{"_":"Загрузка началась"},"download_stopped":{"_":"Загрузка остановлена"},"download_downloading":{"_":"Загрузка…"},"download_succeeded":{"_":"Загрузка завершена"},"download_failed":{"_":"Загрузка не удалась"},"download_text_by_default":{"_":"{{name}}"},"download_downloading_text_2":{"_":"{{percentage}}% - {{name}}"},"search":{"_":"Поиск"},"search-or-type-address":{"placeholder":"Наберите поисковый запрос или адрес"},"noSIMCardInHotspot":{"_":"SIM-карта отсутствует или вставлена неправильно, поэтому отключите точку доступа"},"brandShortName":{"_":"B2G OS"},"browserBrandShortName":{"_":"Веб-браузер"},"browserBrandFullName":{"_":"Веб-браузер Mozilla"},"weekday-0-long":{"_":"Воскресенье"},"weekday-1-long":{"_":"Понедельник"},"weekday-2-long":{"_":"Вторник"},"weekday-3-long":{"_":"Среда"},"weekday-4-long":{"_":"Четверг"},"weekday-5-long":{"_":"Пятница"},"weekday-6-long":{"_":"Суббота"},"weekday-0-short":{"_":"Вс"},"weekday-1-short":{"_":"Пн"},"weekday-2-short":{"_":"Вт"},"weekday-3-short":{"_":"Ср"},"weekday-4-short":{"_":"Чт"},"weekday-5-short":{"_":"Пт"},"weekday-6-short":{"_":"Сб"},"month-0-long":{"_":"Январь"},"month-1-long":{"_":"Февраль"},"month-2-long":{"_":"Март"},"month-3-long":{"_":"Апрель"},"month-4-long":{"_":"Май"},"month-5-long":{"_":"Июнь"},"month-6-long":{"_":"Июль"},"month-7-long":{"_":"Август"},"month-8-long":{"_":"Сентябрь"},"month-9-long":{"_":"Октябрь"},"month-10-long":{"_":"Ноябрь"},"month-11-long":{"_":"Декабрь"},"month-0-genitive":{"_":"января"},"month-1-genitive":{"_":"февраля"},"month-2-genitive":{"_":"марта"},"month-3-genitive":{"_":"апреля"},"month-4-genitive":{"_":"мая"},"month-5-genitive":{"_":"июня"},"month-6-genitive":{"_":"июля"},"month-7-genitive":{"_":"августа"},"month-8-genitive":{"_":"сентября"},"month-9-genitive":{"_":"октября"},"month-10-genitive":{"_":"ноября"},"month-11-genitive":{"_":"декабря"},"month-0-short":{"_":"Январь"},"month-1-short":{"_":"Февраль"},"month-2-short":{"_":"Март"},"month-3-short":{"_":"Апрель"},"month-4-short":{"_":"Май"},"month-5-short":{"_":"Июнь"},"month-6-short":{"_":"Июль"},"month-7-short":{"_":"Август"},"month-8-short":{"_":"Сентябрь"},"month-9-short":{"_":"Октябрь"},"month-10-short":{"_":"Ноябрь"},"month-11-short":{"_":"Декабрь"},"minutes-ago-long":{"_":"{[ plural(value) ]}","_[zero]":"прямо сейчас","_[one]":"{{value}} минуту назад","_[two]":"{{value}} минуты назад","_[few]":"{{value}} минуты назад","_[many]":"{{value}} минут назад","_[other]":"{{value}} минут назад"},"hours-ago-long":{"_":"{[ plural(value) ]}","_[zero]":"прямо сейчас","_[one]":"{{value}} час назад","_[two]":"{{value}} часа назад","_[few]":"{{value}} часа назад","_[many]":"{{value}} часов назад","_[other]":"{{value}} часов назад"},"days-ago-long":{"_":"{[ plural(value) ]}","_[zero]":"сегодня","_[one]":"{{value}} день назад","_[two]":"{{value}} дня назад","_[few]":"{{value}} дня назад","_[many]":"{{value}} дней назад","_[other]":"{{value}} дней назад"},"weeks-ago-long":{"_":"{[ plural(value) ]}","_[zero]":"эта неделя","_[one]":"{{value}} неделя назад","_[two]":"{{value}} недели назад","_[few]":"{{value}} недели назад","_[many]":"{{value}} недель назад","_[other]":"{{value}} недель назад"},"months-ago-long":{"_":"{[ plural(value) ]}","_[zero]":"этот месяц","_[one]":"{{value}} месяц назад","_[two]":"{{value}} месяца назад","_[few]":"{{value}} месяца назад","_[many]":"{{value}} месяцев назад","_[other]":"{{value}} месяцев назад"},"years-ago-long":{"_":"{[ plural(value) ]}","_[zero]":"этот год","_[one]":"{{value}} год назад","_[two]":"{{value}} года назад","_[few]":"{{value}} года назад","_[many]":"{{value}} лет назад","_[other]":"{{value}} лет назад"},"minutes-until-long":{"_":"{[ plural(value) ]}","_[zero]":"сейчас","_[one]":"через {{value}} минуту","_[two]":"через {{value}} минуты","_[few]":"через {{value}} минуты","_[many]":"через {{value}} минут","_[other]":"через {{value}} минут"},"hours-until-long":{"_":"{[ plural(value) ]}","_[zero]":"сейчас","_[one]":"через {{value}} час","_[two]":"через {{value}} часа","_[few]":"через {{value}} часа","_[many]":"через {{value}} часов","_[other]":"через {{value}} часов"},"days-until-long":{"_":"{[ plural(value) ]}","_[zero]":"сегодня","_[one]":"через {{value}} день","_[two]":"через {{value}} дня","_[few]":"через {{value}} дня","_[many]":"через {{value}} дней","_[other]":"через {{value}} дней"},"weeks-until-long":{"_":"{[ plural(value) ]}","_[zero]":"эта неделя","_[one]":"через {{value}} неделю","_[two]":"через {{value}} недели","_[few]":"через {{value}} недели","_[many]":"через {{value}} недель","_[other]":"через {{value}} недель"},"months-until-long":{"_":"{[ plural(value) ]}","_[zero]":"этот месяц","_[one]":"через {{value}} месяц","_[two]":"через {{value}} месяца","_[few]":"через {{value}} месяца","_[many]":"через {{value}} месяцев","_[other]":"через {{value}} месяцев"},"years-until-long":{"_":"{[ plural(value) ]}","_[zero]":"этот год","_[one]":"через {{value}} год","_[two]":"через {{value}} года","_[few]":"через {{value}} года","_[many]":"через {{value}} лет","_[other]":"через {{value}} лет"},"minutes-ago-short":{"_":"{[ plural(value) ]}","_[zero]":"сейчас","_[other]":"{{value}}м назад"},"hours-ago-short":{"_":"{[ plural(value) ]}","_[zero]":"сейчас","_[other]":"{{value}}ч назад"},"days-ago-short":{"_":"{[ plural(value) ]}","_[zero]":"сегодня","_[other]":"{{value}}д назад"},"minutes-until-short":{"_":"{[ plural(value) ]}","_[zero]":"сейчас","_[other]":"через {{value}}м"},"hours-until-short":{"_":"{[ plural(value) ]}","_[zero]":"сейчас","_[other]":"через {{value}}ч"},"days-until-short":{"_":"{[ plural(value) ]}","_[zero]":"сегодня","_[other]":"через {{value}}д"},"incorrectDate":{"_":"(некорректная дата)"},"dateTimeFormat_%c":{"_":"%a, %e %Eb %Y, %H:%M:%S"},"dateTimeFormat_%x":{"_":"%d.%m.%Y"},"dateTimeFormat_%X":{"_":"%H:%M:%S"},"shortTimeFormat":{"_":"%H:%M"},"shortDateTimeFormat":{"_":"%x %H:%M"},"weekStartsOnMonday":{"_":"1"},"time_am":{"_":"AM"},"time_pm":{"_":"PM"},"perm-contacts":{"_":"Контакты"},"perm-contacts-appRequest":{"_":"{{app}} хотело бы получить доступ к списку ваших контактов."},"perm-contacts-webRequest":{"_":"{{site}} хотел бы получить доступ к списку ваших контактов."},"perm-desktop-notification":{"_":"Уведомления"},"perm-desktop-notification-appRequest":{"_":"{{app}} хотело бы отображать уведомления."},"perm-desktop-notification-webRequest":{"_":"{{site}} хотел бы отображать уведомления."},"perm-device-storage-music":{"_":"Память для музыки"},"perm-device-storage-music-appRequest":{"_":"{{app}} хотело бы получить доступ к вашей музыке."},"perm-device-storage-music-webRequest":{"_":"{{site}} хотел бы получить доступ к вашей музыке."},"perm-device-storage-pictures":{"_":"Память для изображений"},"perm-device-storage-pictures-appRequest":{"_":"{{app}} хотело бы получить доступ к вашим изображениям."},"perm-device-storage-pictures-webRequest":{"_":"{{site}} хотел бы получить доступ к вашим изображениям."},"perm-device-storage-sdcard":{"_":"Память на карте памяти"},"perm-device-storage-sdcard-appRequest":{"_":"{{app}} хотело бы получить доступ к вашей карте памяти."},"perm-device-storage-sdcard-webRequest":{"_":"{{site}} хотел бы получить доступ к вашей карте памяти."},"perm-device-storage-videos":{"_":"Память для видео"},"perm-device-storage-videos-appRequest":{"_":"{{app}} хотело бы получить доступ к вашим видео."},"perm-device-storage-videos-webRequest":{"_":"{{site}} хотел бы получить доступ к вашим видео."},"perm-fmradio":{"_":"FM-радио"},"perm-fmradio-appRequest":{"_":"{{app}} хотело бы использовать FM-радио."},"perm-fmradio-webRequest":{"_":"{{site}} хотел бы использовать FM-радио."},"perm-geolocation":{"_":"Местоположение"},"perm-geolocation-appRequest":{"_":"{{app}} хотело бы знать ваше местоположение."},"perm-geolocation-webRequest":{"_":"{{site}} хотел бы знать ваше местоположение."},"perm-geolocation-more-info":{"_":"{{brandShortName}} использует данные, полученные от GPS, Wi-Fi и работающих поблизости мобильных сетей, чтобы помочь определить ваше приблизительное местоположение. Данные передаются Mozilla и другим поставщикам услуг и будут использоваться в совокупности для улучшения баз данных этих местоположений. Данные могут храниться на вашем устройстве и сбор данных может происходить даже тогда, когда не запущено никаких приложений."},"perm-video-capture":{"_":"Камера"},"perm-video-capture-appRequest":{"_":"Вы хотите разрешить доступ к своей камере {{app}}?"},"perm-video-capture-webRequest":{"_":"Вы хотите разрешить доступ к своей камере {{site}}?"},"perm-audio-capture":{"_":"Микрофон"},"perm-audio-capture-appRequest":{"_":"Вы хотите разрешить доступ к своему микрофону {{app}}?"},"perm-audio-capture-webRequest":{"_":"Вы хотите разрешить доступ к своему микрофону {{site}}?"},"perm-media-capture":{"_":"Камера и микрофон"},"perm-media-capture-appRequest":{"_":"Вы хотите разрешить доступ к своим камере и микрофону {{app}}?"},"perm-media-capture-webRequest":{"_":"Вы хотите разрешить доступ к своим камере и микрофону {{site}}?"},"stopped_download_title":{"_":"Загрузка остановлена"},"stopped_download_message":{"_":"Загрузка остановлена. Повторить попытку загрузки?"},"stopped_download_left_button":{"_":"Отмена"},"stopped_download_right_button":{"_":"Повторить"},"failed_download_title":{"_":"Загрузка не удалась"},"failed_download_message":{"_":"Не удалось загрузить {{name}}. Повторить попытку загрузки?"},"failed_download_left_button":{"_":"Отмена"},"failed_download_right_button":{"_":"Повторить"},"stop_download_title":{"_":"Остановить загрузку"},"stop_download_message":{"_":"Вы уверены, что хотите остановить загрузку?"},"stop_download_left_button":{"_":"Нет"},"stop_download_right_button":{"_":"Да"},"delete_download_title":{"_":"Удалить"},"delete_download_message":{"_":"Удалить {{name}}?"},"delete_download_left_button":{"_":"Отмена"},"delete_download_right_button":{"_":"Удалить"},"delete_all_download_title":{"_":"Удалить"},"delete_all_download_left_button":{"_":"Отмена"},"delete_all_download_right_button":{"_":"Удалить"},"delete_all_download_message":{"_":"{[ plural(number) ]}","_[zero]":"Не удалять файлы?","_[one]":"Удалить один файл?","_[two]":"Удалить {{number}} файла?","_[few]":"Удалить {{number}} файла?","_[many]":"Удалить {{number}} файлов?","_[other]":"Удалить {{number}} файлов?"},"unsupported_file_type_download_title":{"_":"Невозможно открыть"},"unsupported_file_type_download_message":{"_":"Нет приложения, которое могло бы открыть {{name}}. Вы хотите сохранить файл или удалить его?"},"unsupported_file_type_download_left_button":{"_":"Сохранить файл"},"unsupported_file_type_download_right_button":{"_":"Удалить"},"file_not_found_download_title":{"_":"Файл не найден"},"file_not_found_download_message":{"_":"Файл не найден на устройстве"},"file_not_found_download_right_button":{"_":"OK"},"unmounted_sdcard_2_download_title":{"_":"Карта памяти сейчас используется"},"unmounted_sdcard_2_download_message":{"_":"Отсоединить телефон"},"unmounted_sdcard_2_download_right_button":{"_":"OK"},"no_provider_download_title":{"_":"Не удалось поделиться"},"no_provider_download_message":{"_":"Не найден провайдер"},"no_provider_download_right_button":{"_":"OK"},"no_memory_download_title":{"_":"На SD-карте больше нет места"},"no_memory_download_message":{"_":"На вашей SD-карте больше нет места для сохранения загрузки. Пожалуйста, удалите несколько файлов перед перезапуском загрузки."},"no_memory_download_right_button":{"_":"OK"},"no_sdcard_found_2_download_title":{"_":"Не найдена карта памяти"},"no_sdcard_found_2_download_message":{"_":"Вставьте карту памяти или выберите в параметрах другое расположение медиа по умолчанию"},"no_sdcard_found_2_download_right_button":{"_":"OK"},"file_open_error_download_title":{"_":"Не удалось открыть"},"file_open_error_download_message":{"_":"При открытии {{name}} возникла проблема. Вы хотите сохранить файл или удалить его?"},"file_open_error_download_left_button":{"_":"Сохранить файл"},"file_open_error_download_right_button":{"_":"Удалить"},"restart_download_error":{"_":"При перезапуске загрузки произошла ошибка. Пожалуйста, попробуйте загрузить снова."},"no-downloads":{"_":"Нет загрузок"},"percentage":{"_":"{{percentage}} %"},"partialResult":{"_":"{{partial}} из {{total}}"},"summary":{"_":"{{date}} - {{status}}"},"download-stopped":{"_":"Остановлена"},"download-failed":{"_":"Загрузка не удалась"},"open_downloaded_file":{"_":"Открыть"},"share_downloaded_file":{"_":"Поделиться"},"wallpaper_downloaded_file":{"_":"Установить как обои"},"ringtone_downloaded_file":{"_":"Установить как мелодию"},"cancel_downloaded_file":{"_":"Отмена"},"sim-picker-dial-via-with-number":{"_":"Набрать {{ phoneNumber }} через"},"sim-picker-select-sim":{"_":"Выбрать SIM"},"sim-picker-button":{"_":"SIM{{ n }}"},"sim-picker-button-default":{"_":"(по умолчанию)"}}