{"ok":{"_":"OK"},"back":{"_":"Naspäť"},"help":{"_":"Pomocník"},"cancel":{"_":"Zrušiť"},"close":{"_":"Zavrieť"},"skip":{"_":"Preskočiť"},"airplaneMode":{"_":"Režim V lietadle"},"searching":{"_":"Vyhľadáva sa…"},"noNetwork":{"_":"Žiadna sieť"},"roaming":{"_":"{{operator}} (roaming)"},"emergencyCallsOnly":{"_":"Len tiesňové volania"},"emergencyCallsOnly-unknownSIMState":{"_":"(neznámy stav karty SIM)"},"emergencyCallsOnly-noSIM":{"_":"(žiadna karta SIM)"},"emergencyCallsOnly-pinRequired":{"_":"(vyžaduje sa zadanie kódu PIN)"},"emergencyCallsOnly-pukRequired":{"_":"(vyžaduje sa zadanie kódu PUK)"},"emergencyCallsOnly-networkLocked":{"_":"(sieť uzamknutá)"},"emergencyCallsOnly-serviceProviderLocked":{"_":"(blokovaný na operátora)"},"emergencyCallsOnly-corporateLocked":{"_":"(blokovaný na firmu)"},"enterPIN":{"_":"Zadajte PIN"},"statusbarLabel":{"_":"{{date}}, {{operator}}"},"statusbarDateFormat":{"_":"%e. %b"},"notifications":{"_":"Upozornenia"},"clear-all":{"_":"Vymazať"},"newVoicemails":{"_":"{[ plural(n) ]}","_[zero]":"Žiadna hlasová správa","_[one]":"Jedna hlasová správa","_[two]":"Dve hlasové správy","_[few]":"{{n}} hlasové správy","_[many]":"{{n}} hlasových správ","_[other]":"{{n}} hlasových správ"},"newVoicemailsUnknown":{"_":"Nová hlasová správa"},"dialNumber":{"_":"Volať {{number}}"},"deviceMenu":{"_":"Telefón"},"airplane":{"_":"Zapnúť režim V lietadle"},"airplaneOff":{"_":"Vypnúť režim V lietadle"},"silent":{"_":"Tichý režim"},"normal":{"_":"Normálny režim"},"restart":{"_":"Reštartovať"},"power":{"_":"Vypnúť"},"asyncpanzoom":{"_":"Vypnúť APZ pre aplikácie"},"asyncpanzoomOff":{"_":"Zapnúť APZ pre aplikácie"},"enableScreenReaderSteps":{"_":"Ak chcete zapnúť čítačku obrazovky, stlačte tlačidlo uspatia telefónu trikrát za sebou"},"disableScreenReaderSteps":{"_":"Ak chcete vypnúť čítačku obrazovky, stlačte tlačidlo uspatia telefónu trikrát za sebou"},"no-recent-apps":{"_":"Žiadne nedávne aplikácie"},"yes":{"_":"Áno"},"no":{"_":"Nie"},"deny":{"_":"Odmietnuť"},"allow":{"_":"Povoliť"},"dontshare-geolocation":{"_":"Nezdieľať"},"share-geolocation":{"_":"Zdieľať"},"dontshare-audio-capture":{"_":"Nezdieľať"},"share-audio-capture":{"_":"Zdieľať"},"dontshare-video-capture":{"_":"Nezdieľať"},"share-video-capture":{"_":"Zdieľať"},"dontshare-media-capture":{"_":"Nezdieľať"},"share-media-capture":{"_":"Zdieľať"},"device-front":{"_":"Predná kamera"},"device-back":{"_":"Zadná kamera"},"remember-my-choice":{"_":"Zapamätať si túto voľbu"},"more-info":{"_":"Ďalšie informácie…"},"install-app":{"_":"Nainštalovať {{name}}?"},"size":{"_":"Veľkosť"},"author":{"_":"Autor"},"size-unknown":{"_":"neznáma"},"author-unknown":{"_":"neznámy"},"install":{"_":"Nainštalovať"},"bytes":{"_":"bajtov"},"kB":{"_":"kB"},"MB":{"_":"MB"},"GB":{"_":"GB"},"TB":{"_":"TB"},"PB":{"_":"PB"},"app-install-generic-error":{"_":"Preberanie {{ appName }} zastavené"},"app-install-download-failed":{"_":"Preberanie {{ appName }} skončilo s chybou"},"app-install-install-failed":{"_":"Inštalácia {{ appName }} skončila s chybou"},"cancelling-will-not-refund":{"_":"Zrušením inštalácie sa nevrátia peniaze za nákup. Vrátenie peňazí za platený obsah je možné len u pôvodného predajcu."},"apps-can-be-installed-later":{"_":"Aplikáciu je možné nainštalovať neskôr z pôvodného inštalačného zdroja."},"are-you-sure-you-want-to-cancel":{"_":"Naozaj chcete zrušiť inštaláciu?"},"cancel-install":{"_":"Zrušiť"},"resume":{"_":"Začať znovu"},"continue":{"_":"Pokračovať"},"stopDownloading":{"_":"Zastaviť preberanie {{ app }}?"},"app-download-can-be-restarted":{"_":"Preberanie môže byť obnovené neskôr."},"app-download-stop-button":{"_":"Zastaviť preberanie"},"not-enough-space":{"_":"Nedostatok miesta"},"not-enough-space-message":{"_":"Pre nainštalovanie tejto aplikácie nie je dostatok miesta. Uvoľnite miesto odstránením nepoužívaných aplikácií alebo médií a inštaláciu zopakujte z pôvodného zdroja."},"app-install-success":{"_":"Aplikácia {{ appName }} bola nainštalovaná"},"setup":{"_":"Nastavenie"},"ime-addkeyboards":{"_":"Pridať klávesnicu"},"later":{"_":"Neskôr"},"download":{"_":"Prevziať"},"wantToDownload":{"_":"Prevziať aktualizáciu?"},"wantToInstall":{"_":"Nainštalovať aktualizáciu?"},"installNow":{"_":"Nainštalovať"},"notNow":{"_":"Teraz nie"},"downloadingUpdateMessage":{"innerHTML":"Preberajú sa aktualizácie… <span>Prevzaté: {{ progress }}</span>"},"downloadingAppMessage":{"_":"Preberá sa {{ appName }}"},"downloadingAppProgressNoMax":{"_":"Prevzaté: {{ progress }}"},"downloadingAppProgressIndeterminate":{"_":"Preberá sa"},"downloadingAppProgress":{"_":"Prevzaté: {{ progress }} / {{ max }}"},"cancelAllDownloads":{"_":"Zrušiť všetky preberania"},"wantToCancelAll":{"_":"Naozaj chcete zrušiť všetky preberania?"},"downloadError":{"_":"Počas preberania aktualizácií sa vyskytla chyba."},"updateAvailableInfo":{"innerHTML":"{[ plural(n) ]}","innerHTML[one]":"Dostupná {{ n }} aktualizácia <span>Ťuknutím zobrazíte ďalšie informácie</span>","innerHTML[two]":"Dostupné {{ n }} aktualizácie <span>Ťuknutím zobrazíte ďalšie informácie</span>","innerHTML[few]":"Dostupné {{ n }} aktualizácie <span>Ťuknutím zobrazíte ďalšie informácie</span>","innerHTML[many]":"Dostupných {{ n }} aktualizácií <span>Ťuknutím zobrazíte ďalšie informácie</span>","innerHTML[other]":"Dostupných {{ n }} aktualizácií <span>Ťuknutím zobrazíte ďalšie informácie</span>"},"numberOfUpdates":{"_":"{[ plural(n) ]}","_[one]":"Dostupná {{ n }} aktualizácia","_[two]":"Dostupné {{ n }} aktualizácie","_[few]":"Dostupné {{ n }} aktualizácie","_[many]":"Dostupných {{ n }} aktualizácií","_[other]":"Dostupných {{ n }} aktualizácií"},"systemUpdate":{"_":"Aktualizácia systému"},"systemUpdateReady":{"_":"Aktualizácia systému je pripravená"},"required":{"_":"Požadované"},"uncompressingMessage":{"innerHTML":"Extrahuje sa… <span>Môže to trvať niekoľko minút</span>"},"downloadNoWifiWarning":{"_":"Sieť Wi-Fi nie je dostupná. Pri aktualizácií pomocou súčasného pripojenia môžu byť účtované ďalšie poplatky."},"downloadOfflineWarning":{"_":"Pripojenie nedostupné. Ak chcete prevziať aktualizácie, musíte sa pripojiť k sieti."},"downloadDataConnectionWarning":{"_":"Aktualizácie sú preberané prostredníctvom dátového pripojenia, pretože sieť Wi-Fi nie je dostupná. Prenesené dáta môžu byť spoplatnené."},"downloadUpdatesViaDataConnection":{"_":"Prevziať aktualizácie cez dátové pripojenie?"},"downloadUpdatesViaDataConnectionMessage":{"_":"Aktualizácie sú preberané prostredníctvom dátového pripojenia, pretože sieť Wi-Fi nie je dostupná. Použitím tohto pripojenia môžu byť blokované prichádzajúce hovory a prenesené dáta môžu byť spoplatnené."},"screenshotSaved":{"_":"Snímka uložená do Galérie"},"screenshotFailed":{"_":"Snímku sa nepodarilo uložiť"},"screenshotNoSDCard":{"_":"Pamäťová karta nebola nájdená"},"screenshotSDCardInUse":{"_":"Pamäťová karta sa práve používa"},"screenshotSDCardLow":{"_":"Na pamäťovej karte nie je dostatok miesta"},"emergency-call-button":{"_":"Tiesňové volanie"},"emergency-call":{"_":"Tiesňové volanie"},"unlock-a11y-button":{"ariaLabel":"Odomknúť"},"camera-a11y-button":{"ariaLabel":"Fotoaparát"},"longDateFormat":{"_":"%A, %e. %Eb"},"softwareHomeButton":{"ariaLabel":"Domov"},"login":{"_":"Prihlásiť"},"username":{"_":"Používateľ"},"password":{"_":"Heslo"},"http-authentication-message":{"_":"{{host}} požaduje meno používateľa a heslo s oznámením: „{{realm}}“"},"error-message":{"_":"Pri načítaní {{name}} sa vyskytla chyba"},"error-title":{"_":"Chyba v {{name}}"},"airplane-is-on":{"_":"Režim V lietadle je zapnutý"},"airplane-is-turned-on":{"_":"{{name}} požaduje pripojenie k sieti. Vypnite v nastaveniach režim V lietadle a pripojte sa k sieti Wi-Fi alebo mobilnému internetu."},"server-not-found":{"_":"Server nebol nájdený"},"server-not-found-error":{"_":"Nebolo možné nájsť server {{name}}."},"network-connection-unavailable":{"_":"Pripojenie k sieti je nedostupné"},"network-error":{"_":"{{name}} požaduje pripojenie k sieti. Skúste sa pripojiť k sieti Wi-Fi alebo k mobilnému internetu."},"unable-to-connect":{"_":"Nepodarilo sa pripojiť"},"tap-to-retry":{"_":"Ťuknutím to skúsite znova "},"try-again":{"_":"Skúsiť znova"},"select-time":{"_":"Zadajte čas"},"choose-option":{"_":"Zvoľte"},"choose-options":{"_":"Zvoľte"},"select-day":{"_":"Zvoľte deň"},"battery-almost-empty":{"_":"Batéria je takmer vybitá"},"add-to-home-screen":{"_":"Pridať na úvodnú obrazovku"},"crash-dialog2-os":{"_":"Systém {{brandShortName}} bol obnovený po zlyhaní"},"crash-dialog-app":{"_":"Aplikácia {{name}} zlyhala"},"crash-dialog-message":{"_":"Chcete odoslať Mozille hlásenie o zlyhaní a pomôcť tak opraviť problém? Hlásenia sú odosielané iba cez sieť Wi-Fi."},"crash-info-link":{"_":"Čo obsahuje hlásenie o zlyhaní?"},"crash-always-report":{"_":"Ak dôjde k zlyhaniu, vždy odoslať Mozille hlásenie"},"crash-dont-send":{"_":"Neodosielať"},"crash-end":{"_":"Odoslať hlásenie"},"crashReports":{"_":"Hlásenie o zlyhaní"},"done":{"_":"Hotovo"},"crash-reports-description-1":{"_":"Hlásenie o zlyhaní obsahuje niektoré informácie o zlyhaní a vašom zariadení. Rovnako tak obsahuje obrázok stavu vášho zariadenia v čase jeho zlyhania."},"crash-reports-description-2":{"_":"Môže ísť o otvorené stránky, aplikácie, text zadaný do formulárov, obsah otvorených správ, nedávnu históriu prehliadania alebo informácie o polohe používané otvorenou aplikáciou."},"crash-reports-description-3-start":{"_":"Hlásenia o zlyhaniach používame pri opravách problémov a vylepšovaní našich produktov. S vašimi informáciami pracujeme tak, ako je popísané v našich "},"crash-reports-description-3-privacy":{"_":"zásadách ochrany súkromia"},"crash-reports-description-3-end":{"_":"."},"crash-banner-os2":{"_":"{{brandShortName}} zlyhal."},"crash-banner-app":{"_":"Aplikácia {{name}} zlyhala."},"crash-banner-report":{"_":"Správa"},"bluetooth-sendingTitle":{"_":"Odchádzajúci prenos Bluetooth"},"bluetooth-receivingTitle":{"_":"Prichádzajúci prenos Bluetooth"},"bluetooth-sending-progress":{"_":"Odchádzajúci prenos Bluetooth"},"bluetooth-receiving-progress":{"_":"Prichádzajúci prenos Bluetooth"},"acceptFileTransfer":{"_":"Prijať prenos súboru cez Bluetooth?"},"wantToReceiveFile":{"_":"Zariadenie {{deviceName}} sa pokúša o prenos súboru {{fileName}} ({{fileSize}})."},"transfer-confirmation-title":{"_":"{{deviceName}}"},"transfer-confirmation-description":{"_":"Požiadavka na prijatie súboru"},"byteUnit-B":{"_":"bajtov"},"byteUnit-KB":{"_":"kB"},"byteUnit-MB":{"_":"MB"},"byteUnit-GB":{"_":"GB"},"byteUnit-TB":{"_":"TB"},"byteUnit-PB":{"_":"PB"},"byteUnit-EB":{"_":"EB"},"byteUnit-ZB":{"_":"ZB"},"byteUnit-YB":{"_":"YB"},"fileSize":{"_":"{{size}} {{unit}}"},"transfer":{"_":"Preniesť"},"cancelFileTransfer":{"_":"Zrušiť prenos súboru cez Bluetooth?"},"transfer-has-started-title":{"_":"Prenos spustený"},"transfer-has-started-description":{"_":"Stav zistíte na paneli upozornení"},"transferFinished-sentSuccessful-title":{"_":"Súbor odoslaný"},"transferFinished-receivedSuccessful-title":{"_":"Súbor prijatý"},"transferFinished-sentFailed-title":{"_":"Súbor nemohol byť odoslaný"},"transferFinished-receivedFailed-title":{"_":"Súbor nemohol byť prijatý"},"transferReport-title":{"_":"Správa o prenose:"},"transferReport-description":{"_":"Úspešne prenesené: {{numSuccessful}}, neúspešné: {{numUnsuccessful}}"},"unknown-file":{"_":"Neznámy súbor"},"unknown-device":{"_":"Neznáme zariadenie"},"cannotOpenFile":{"_":"Prenesený súbor nie je možné otvoriť"},"unknownMediaTypeToOpen":{"_":"Nie je možné otvoriť neznámy typ média:"},"cannotReceiveFile":{"_":"Súbor nie je možné prijať"},"cannotGetStorageState":{"_":"Nie je možné zistiť stav úložného priestoru"},"sdcard-not-exist2":{"_":"Nebola nájdená žiadna pamäťová karta. Prosím, vložte pamäťovú kartu."},"sdcard-in-use":{"_":"Bluetooth nie je možné použiť pri pripojenom telefóne. Pre prijatie súboru odpojte telefón."},"sdcard-no-space2":{"_":"Prenos sa nepodarilo dokončiť: pamäťová karta je plná."},"unknown-error":{"_":"Neznáma chyba"},"confirm":{"_":"Potvrdiť"},"microphone-is-on":{"_":"Mikrofón je zapnutý"},"camera-is-on":{"_":"Kamera je zapnutá"},"media-is-on":{"_":"Kamera a mikrofón sú zapnuté"},"noSimCard":{"_":"Žiadna karta SIM"},"simPin":{"_":"Kód PIN karty SIM"},"pukCode":{"_":"Kód PUK"},"nckCode":{"_":"Kód NCK"},"cckCode":{"_":"Kód CCK"},"spckCode":{"_":"Kód SPCK"},"whatIsSimPin":{"_":"Čo je SIM PIN?"},"simPinIntro1":{"_":"Kód PIN chráni prístup karty SIM k mobilným sieťam. Keď je povolený, akékoľvek zariadenie s touto kartou SIM bude po reštarte vyžadovať zadanie kódu PIN."},"simPinIntro2":{"_":"Kód PIN nie je to isté ako heslo používané na odblokovanie zariadenia."},"changeSimPin":{"_":"Zmeniť PIN"},"pinTitle":{"_":"Zadajte kód PIN"},"multiSIMpinTitle":{"_":"Zadajte kód SIM{{n}} PIN"},"pukTitle":{"_":"Zadajte kód PUK"},"nckTitle":{"_":"Zadajte kód NCK"},"cckTitle":{"_":"Zadajte kód CCK"},"spckTitle":{"_":"Zadajte kód SPCK"},"newpinTitle":{"_":"Nový PIN"},"inputCodeRetriesLeft":{"_":"{[ plural(n) ]}","_[one]":"Posledný pokus.","_[two]":"Ostávajú {{n}} pokusy.","_[few]":"Ostávajú {{n}} pokusy.","_[many]":"Ostáva {{n}} pokusov.","_[other]":"Ostáva {{n}} pokusov."},"pinErrorMsg":{"_":"Kód PIN nie je správny."},"pinAttemptMsg2":{"_":"{[ plural(n) ]}","_[one]":"Máte posledný pokus na zadanie správneho kódu pred uzamknutím karty SIM.","_[two]":"Ostávajú {{n}} pokusy na zadanie správneho kódu pred uzamknutím karty SIM.","_[few]":"Ostávajú {{n}} pokusy na zadanie správneho kódu pred uzamknutím karty SIM.","_[many]":"Ostáva {{n}} pokusov na zadanie správneho kódu pred uzamknutím karty SIM.","_[other]":"Ostáva {{n}} pokusov na zadanie správneho kódu pred uzamknutím karty SIM."},"pinLastChanceMsg":{"_":"Toto je posledná šanca na zadanie správneho kódu PIN. V opačnom prípade bude nutné zadať kód PUK tejto karty SIM."},"simCardLockedMsg":{"_":"Karta SIM je uzamknutá."},"enterPukMsg":{"_":"Musíte zadať kód PUK (Personal Unlocking Key) pridelený vašej karte SIM. Ďalšie informácie nájdete v dokumentácii k vašej karte SIM alebo kontaktujte svojho operátora."},"pukErrorMsg":{"_":"Kód PUK je nesprávny."},"pukAttemptMsg2":{"_":"{[ plural(n) ]}","_[one]":"Máte posledný pokus na zadanie správneho kódu pred úplným zablokovaním karty SIM. Ďalšie informácie nájdete v dokumentácii k vašej karte SIM alebo kontaktujte svojho operátora.","_[two]":"Ostávajú {{n}} pokusy na zadanie správneho kódu pred úplným zablokovaním karty SIM. Ďalšie informácie nájdete v dokumentácii k vašej karte SIM alebo kontaktujte svojho operátora.","_[few]":"Ostávajú {{n}} pokusy na zadanie správneho kódu pred úplným zablokovaním karty SIM. Ďalšie informácie nájdete v dokumentácii k vašej karte SIM alebo kontaktujte svojho operátora.","_[many]":"Ostáva {{n}} pokusov na zadanie správneho kódu pred úplným zablokovaním karty SIM. Ďalšie informácie nájdete v dokumentácii k vašej karte SIM alebo kontaktujte svojho operátora.","_[other]":"Ostáva {{n}} pokusov na zadanie správneho kódu pred úplným zablokovaním karty SIM. Ďalšie informácie nájdete v dokumentácii k vašej karte SIM alebo kontaktujte svojho operátora."},"pukLastChanceMsg":{"_":"Ostáva {{n}} pokusov na zadanie správneho kódu pred úplným zablokovaním karty SIM. Ďalšie informácie nájdete v dokumentácii k vašej karte SIM alebo kontaktujte svojho operátora."},"newSimPinMsg":{"_":"Vytvoriť kód PIN (musí obsahovať 4 až 8 číslic)"},"confirmNewSimPinMsg":{"_":"Potvrdiť nový PIN"},"newPinErrorMsg":{"_":"Zadané kódy PIN sa nezhodujú."},"nckErrorMsg":{"_":"Kód NCK je nesprávny."},"nckAttemptMsg2":{"_":"{[ plural(n) ]}","_[one]":"Požiadavka 'Network depersonalization' zlyhala. Máte posledný pokus na zadanie správneho kódu. Ďalšie informácie nájdete v dokumentácii k vášmu zariadeniu alebo kontaktujte svojho operátora.","_[two]":"Požiadavka 'Network depersonalization' zlyhala. Ostávajú {{n}} pokusy na zadanie správneho kódu. Ďalšie informácie nájdete v dokumentácii k vášmu zariadeniu alebo kontaktujte svojho operátora.","_[few]":"Požiadavka 'Network depersonalization' zlyhala. Ostávajú {{n}} pokusy na zadanie správneho kódu. Ďalšie informácie nájdete v dokumentácii k vášmu zariadeniu alebo kontaktujte svojho operátora.","_[many]":"Požiadavka 'Network depersonalization' zlyhala. Ostáva {{n}} pokusov na zadanie správneho kódu. Ďalšie informácie nájdete v dokumentácii k vášmu zariadeniu alebo kontaktujte svojho operátora.","_[other]":"Požiadavka 'Network depersonalization' zlyhala. Ostáva {{n}} pokusov na zadanie správneho kódu. Ďalšie informácie nájdete v dokumentácii k vášmu zariadeniu alebo kontaktujte svojho operátora."},"nckLastChanceMsg":{"_":"Požiadavka 'Network depersonalization' zlyhala. Toto je posledná šanca na zadanie správneho kódu NCK. Ďalšie informácie nájdete v dokumentácii k vášmu zariadeniu alebo kontaktujte svojho operátora."},"activity-pick":{"_":"Vybrať z:"},"activity-view":{"_":"Zobraziť pomocou:"},"activity-test":{"_":"Otestovať pomocou:"},"activity-share":{"_":"Zdieľať pomocou:"},"activity-new":{"_":"Vytvoriť pomocou:"},"activity-open":{"_":"Otvoriť pomocou:"},"activity-save-bookmark":{"_":"Pridať medzi záložky:"},"activity-record":{"_":"Nahrať z:"},"activity-browse":{"_":"Prehliadať pomocou:"},"activity-configure":{"_":"Nastaviť pomocou:"},"activity-dial":{"_":"Zavolať z:"},"persona-signin":{"_":"Prihlásiť"},"payment-flow":{"_":"Kúpiť"},"remoteDebuggerMessage":{"_":"Bola zaznamenaná požiadavka na vzdialené pripojenie pre účely ladenia. Povoliť pripojenie?"},"fullscreen-request":{"_":"{{origin}} je teraz v režime celej obrazovky."},"captive-wifi-available":{"_":"Zistená sieť {{networkName}}. Pripojiť k sieti?"},"ceWarningtitle":{"_":"Zvukové upozornenie"},"ceWarningcontent":{"_":"Aby sa zabránilo poškodeniu sluchu, prosím, nepočúvajte hudbu pri vysokej hlasitosti v dlhších časových úsekoch."},"notification-powersaving-mode-on-title":{"_":"Režim úspory energie"},"notification-powersaving-mode-on-description":{"_":"Režim úspory energie je zapnutý."},"low-device-storage":{"_":"Málo voľného miesta.\n"},"free-space":{"_":"{[ plural(value) ]}","_[zero]":"Nezostáva žiadne voľné miesto.","_[one]":"Zostáva menej ako {{value}} {{unit}}.","_[two]":"Zostáva menej ako {{value}} {{unit}}.","_[few]":"Zostáva menej ako {{value}} {{unit}}.","_[many]":"Zostáva menej ako {{value}} {{unit}}.","_[other]":"Zostáva menej ako {{value}} {{unit}}."},"unknown-free-space":{"_":"Neznáme množstvo zostávajúceho miesta."},"system-alert":{"_":"Systémové upozornenie"},"cb-channel":{"_":"Kanál {{channel}}"},"icc-message-title":{"_":"Správa operátora z karty SIM{{id}}"},"icc-confirmCall-defaultmessage":{"_":"Volať {{number}}?"},"icc-alertMessage-defaultmessage":{"_":"Odosiela sa správa"},"icc-confirmMessage-defaultmessage":{"_":"Odoslať správu?"},"icc-inputbox-title":{"_":"Dotaz STK z karty SIM{{id}}"},"emergency-callback-mode":{"_":"Režim tiesňového spätného volania"},"emergency-callback-message":{"_":"Kvôli režimu tiesňového spätného volania sú volania, posielanie správ a internet vypnuté. Chcete vypnúť tento režim?"},"cdma-record-info":{"_":"Informácie o zázname CDMA"},"ime-switching-title":{"_":"{{appName}}: {{name}}"},"ime-switching-tip":{"_":"Ťuknutím prepnete metódu vstupu"},"layout-selection":{"_":"Voľba rozloženia"},"shrinking-tip":{"_":"Potiahnutím zdieľať"},"download_started":{"_":"Preberanie spustené"},"download_stopped":{"_":"Preberanie zastavené"},"download_downloading":{"_":"Preberá sa…"},"download_succeeded":{"_":"Preberanie dokončené"},"download_failed":{"_":"Preberanie zlyhalo"},"download_text_by_default":{"_":"{{name}}"},"download_downloading_text_2":{"_":"{{percentage}}% - {{name}}"},"search":{"_":"Vyhľadávanie"},"search-or-type-address":{"placeholder":"Zadajte hľadanie alebo adresu"},"noSIMCardInHotspot":{"_":"Karta SIM chýba alebo nie je vložená správne, takže hotspot bude vypnutý"},"brandShortName":{"_":"B2G OS"},"browserBrandShortName":{"_":"Webový prehliadač"},"browserBrandFullName":{"_":"Webový prehliadač Mozilla"},"weekday-0-long":{"_":"Nedeľa"},"weekday-1-long":{"_":"Pondelok"},"weekday-2-long":{"_":"Utorok"},"weekday-3-long":{"_":"Streda"},"weekday-4-long":{"_":"Štvrtok"},"weekday-5-long":{"_":"Piatok"},"weekday-6-long":{"_":"Sobota"},"weekday-0-short":{"_":"Ne"},"weekday-1-short":{"_":"Po"},"weekday-2-short":{"_":"Ut"},"weekday-3-short":{"_":"St"},"weekday-4-short":{"_":"Št"},"weekday-5-short":{"_":"Pi"},"weekday-6-short":{"_":"So"},"month-0-long":{"_":"Január"},"month-1-long":{"_":"Február"},"month-2-long":{"_":"Marec"},"month-3-long":{"_":"Apríl"},"month-4-long":{"_":"Máj"},"month-5-long":{"_":"Jún"},"month-6-long":{"_":"Júl"},"month-7-long":{"_":"August"},"month-8-long":{"_":"September"},"month-9-long":{"_":"Október"},"month-10-long":{"_":"November"},"month-11-long":{"_":"December"},"month-0-genitive":{"_":"januára"},"month-1-genitive":{"_":"februára"},"month-2-genitive":{"_":"marca"},"month-3-genitive":{"_":"apríla"},"month-4-genitive":{"_":"mája"},"month-5-genitive":{"_":"júna"},"month-6-genitive":{"_":"júla"},"month-7-genitive":{"_":"augusta"},"month-8-genitive":{"_":"septembra"},"month-9-genitive":{"_":"októbra"},"month-10-genitive":{"_":"novembra"},"month-11-genitive":{"_":"decembra"},"month-0-short":{"_":"jan"},"month-1-short":{"_":"feb"},"month-2-short":{"_":"mar"},"month-3-short":{"_":"apr"},"month-4-short":{"_":"máj"},"month-5-short":{"_":"jún"},"month-6-short":{"_":"júl"},"month-7-short":{"_":"aug"},"month-8-short":{"_":"sep"},"month-9-short":{"_":"okt"},"month-10-short":{"_":"nov"},"month-11-short":{"_":"dec"},"minutes-ago-long":{"_":"{[ plural(value) ]}","_[zero]":"teraz","_[one]":"pred minútou","_[two]":"pred {{value}} minútami","_[few]":"pred {{value}} minútami","_[many]":"pred {{value}} minútami","_[other]":"pred {{value}} minútami"},"hours-ago-long":{"_":"{[ plural(value) ]}","_[zero]":"teraz","_[one]":"pred hodinou","_[two]":"pred {{value}} hodinami","_[few]":"pred {{value}} hodinami","_[many]":"pred {{value}} hodinami","_[other]":"pred {{value}} hodinami"},"days-ago-long":{"_":"{[ plural(value) ]}","_[zero]":"dnes","_[one]":"včera","_[two]":"pred {{value}} dňami","_[few]":"pred {{value}} dňami","_[many]":"pred {{value}} dňami","_[other]":"pred {{value}} dňami"},"weeks-ago-long":{"_":"{[ plural(value) ]}","_[zero]":"tento týždeň","_[one]":"minulý týždeň","_[two]":"pred {{value}} týždňami","_[few]":"pred {{value}} týždňami","_[many]":"pred {{value}} týždňami","_[other]":"pred {{value}} týždňami"},"months-ago-long":{"_":"{[ plural(value) ]}","_[zero]":"tento mesiac","_[one]":"minulý mesiac","_[two]":"pred {{value}} mesiacmi","_[few]":"pred {{value}} mesiacmi","_[many]":"pred {{value}} mesiacmi","_[other]":"pred {{value}} mesiacmi"},"years-ago-long":{"_":"{[ plural(value) ]}","_[zero]":"tento rok","_[one]":"minulý rok","_[two]":"pred {{value}} rokmi","_[few]":"pred {{value}} rokmi","_[many]":"pred {{value}} rokmi","_[other]":"pred {{value}} rokmi"},"minutes-until-long":{"_":"{[ plural(value) ]}","_[zero]":"teraz","_[one]":"o minútu","_[two]":"o {{value}} minúty","_[few]":"o {{value}} minúty","_[many]":"o {{value}} minút","_[other]":"o {{value}} minút"},"hours-until-long":{"_":"{[ plural(value) ]}","_[zero]":"teraz","_[one]":"o hodinu","_[two]":"o {{value}} hodiny","_[few]":"o {{value}} hodiny","_[many]":"o {{value}} hodín","_[other]":"o {{value}} hodín"},"days-until-long":{"_":"{[ plural(value) ]}","_[zero]":"dnes","_[one]":"zajtra","_[two]":"o {{value}} dni","_[few]":"o {{value}} dni","_[many]":"o {{value}} dní","_[other]":"o {{value}} dní"},"weeks-until-long":{"_":"{[ plural(value) ]}","_[zero]":"tento týždeň","_[one]":"budúci týždeň","_[two]":"o {{value}} týždne","_[few]":"o {{value}} týždne","_[many]":"o {{value}} týždňov","_[other]":"o {{value}} týždňov"},"months-until-long":{"_":"{[ plural(value) ]}","_[zero]":"tento mesiac","_[one]":"budúci mesiac","_[two]":"o {{value}} mesiace","_[few]":"o {{value}} mesiace","_[many]":"o {{value}} mesiacov","_[other]":"o {{value}} mesiacov"},"years-until-long":{"_":"{[ plural(value) ]}","_[zero]":"tento rok","_[one]":"budúci rok","_[two]":"o {{value}} roky","_[few]":"o {{value}} roky","_[many]":"o {{value}} rokov","_[other]":"o {{value}} rokov"},"minutes-ago-short":{"_":"{[ plural(value) ]}","_[zero]":"teraz","_[other]":"pred {{value}}m"},"hours-ago-short":{"_":"{[ plural(value) ]}","_[zero]":"teraz","_[other]":"pred {{value}}h"},"days-ago-short":{"_":"{[ plural(value) ]}","_[zero]":"dnes","_[other]":"pred {{value}}d"},"minutes-until-short":{"_":"{[ plural(value) ]}","_[zero]":"teraz","_[other]":"o {{value}}m"},"hours-until-short":{"_":"{[ plural(value) ]}","_[zero]":"teraz","_[other]":"o {{value}}h"},"days-until-short":{"_":"{[ plural(value) ]}","_[zero]":"dnes","_[other]":"o {{value}}d"},"incorrectDate":{"_":"(neplatný dátum)"},"dateTimeFormat_%c":{"_":"%a, %e. %b %Y %H:%M:%S"},"dateTimeFormat_%x":{"_":"%d.%m.%Y"},"dateTimeFormat_%X":{"_":"%H:%M:%S"},"shortTimeFormat":{"_":"%H:%M"},"shortDateTimeFormat":{"_":"%x %H:%M"},"weekStartsOnMonday":{"_":"1"},"time_am":{"_":"AM"},"time_pm":{"_":"PM"},"perm-contacts":{"_":"Kontakty"},"perm-contacts-appRequest":{"_":"{{app}} chce získať prístup k vašim kontaktom."},"perm-contacts-webRequest":{"_":"{{site}} chce získať prístup k vašim kontaktom."},"perm-desktop-notification":{"_":"Notifikácie"},"perm-desktop-notification-appRequest":{"_":"{{app}} chce zobrazovať notifikácie."},"perm-desktop-notification-webRequest":{"_":"{{site}} chce zobrazovať notifikácie."},"perm-device-storage-music":{"_":"Úložisko pre hudbu"},"perm-device-storage-music-appRequest":{"_":"{{app}} chce získať prístup k vašej hudbe."},"perm-device-storage-music-webRequest":{"_":"{{site}} chce získať prístup k vašej hudbe."},"perm-device-storage-pictures":{"_":"Úložisko pre obrázky"},"perm-device-storage-pictures-appRequest":{"_":"{{app}} chce získať prístup k vašim obrázkom."},"perm-device-storage-pictures-webRequest":{"_":"{{site}} chce získať prístup k vašim obrázkom."},"perm-device-storage-sdcard":{"_":"SD karta"},"perm-device-storage-sdcard-appRequest":{"_":"{{app}} chce získať prístup k vašej pamäťovej karte."},"perm-device-storage-sdcard-webRequest":{"_":"{{site}} chce získať prístup k vašej pamäťovej karte."},"perm-device-storage-videos":{"_":"Úložisko pre videá"},"perm-device-storage-videos-appRequest":{"_":"{{app}} chce získať prístup k vašim videám."},"perm-device-storage-videos-webRequest":{"_":"{{site}} chce získať prístup k vašim videám."},"perm-fmradio":{"_":"FM Rádio"},"perm-fmradio-appRequest":{"_":"{{app}} chce používať vaše FM Rádio."},"perm-fmradio-webRequest":{"_":"{{site}} chce používať vaše FM Rádio."},"perm-geolocation":{"_":"Zisťovanie polohy"},"perm-geolocation-appRequest":{"_":"{{app}} chce vedieť, kde sa nachádzate."},"perm-geolocation-webRequest":{"_":"{{site}} chce vedieť, kde sa nachádzate."},"perm-geolocation-more-info":{"_":"{{brandShortName}} používa údaje ako GPS, Wi-Fi a mobilné siete vo vašom okolí na zistenie vašej približnej polohy. Údaje sú odosielané spoločnosti Mozilla a poskytovateľom služby a budú použité na zlepšenie presnosti služby. Údaje môžu byť uložené vo vašom zariadení a ich zbieranie môže prebiehať aj v prípade, že nie sú spustené žiadne aplikácie."},"perm-video-capture":{"_":"Kamera"},"perm-video-capture-appRequest":{"_":"Chcete zdieľať vašu kameru s aplikáciou {{app}}?"},"perm-video-capture-webRequest":{"_":"Chcete zdieľať vašu kameru so stránkou {{site}}?"},"perm-audio-capture":{"_":"Mikrofón"},"perm-audio-capture-appRequest":{"_":"Chcete zdieľať váš mikrofón s aplikáciou {{app}}?"},"perm-audio-capture-webRequest":{"_":"Chcete zdieľať váš mikrofón so stránkou {{site}}?"},"perm-media-capture":{"_":"Kamera a mikrofón"},"perm-media-capture-appRequest":{"_":"Chcete zdieľať vašu kameru a mikrofón s aplikáciou {{app}}?"},"perm-media-capture-webRequest":{"_":"Chcete zdieľať vašu kameru a mikrofón so stránkou {{site}}?"},"stopped_download_title":{"_":"Preberanie zastavené"},"stopped_download_message":{"_":"Preberanie bolo zastavené. Skúsiť znova?"},"stopped_download_left_button":{"_":"Zrušiť"},"stopped_download_right_button":{"_":"Skúsiť znova"},"failed_download_title":{"_":"Preberanie zlyhalo"},"failed_download_message":{"_":"Nepodarilo sa prevziať {{name}}. Skúsiť znova?"},"failed_download_left_button":{"_":"Zrušiť"},"failed_download_right_button":{"_":"Skúsiť znova"},"stop_download_title":{"_":"Zastavenie preberania"},"stop_download_message":{"_":"Naozaj chcete zastaviť preberenie?"},"stop_download_left_button":{"_":"Nie"},"stop_download_right_button":{"_":"Áno"},"delete_download_title":{"_":"Odstránenie"},"delete_download_message":{"_":"Odstrániť {{name}}?"},"delete_download_left_button":{"_":"Zrušiť"},"delete_download_right_button":{"_":"Odstrániť"},"delete_all_download_title":{"_":"Odstránenie"},"delete_all_download_left_button":{"_":"Zrušiť"},"delete_all_download_right_button":{"_":"Odstrániť"},"delete_all_download_message":{"_":"{[ plural(number) ]}","_[zero]":"Odstrániť žiadny súbor","_[one]":"Odstrániť jeden súbor?","_[two]":"Odstrániť {{number}} súbory?","_[few]":"Odstrániť {{number}} súbory?","_[many]":"Odstrániť {{number}} súborov?","_[other]":"Odstrániť {{number}} súborov?"},"unsupported_file_type_download_title":{"_":"Nepodarilo sa otvoriť"},"unsupported_file_type_download_message":{"_":"Nie je dostupná aplikácia schopná otvoriť {{name}}. Chcete súbor uložiť alebo odstrániť?"},"unsupported_file_type_download_left_button":{"_":"Ponechať súbor"},"unsupported_file_type_download_right_button":{"_":"Odstrániť"},"file_not_found_download_title":{"_":"Súbor nebol nájdený"},"file_not_found_download_message":{"_":"Súbor nebol v zariadení nájdený"},"file_not_found_download_right_button":{"_":"OK"},"unmounted_sdcard_2_download_title":{"_":"Pamäťová karta sa práve používa"},"unmounted_sdcard_2_download_message":{"_":"Odpojte telefón"},"unmounted_sdcard_2_download_right_button":{"_":"OK"},"no_provider_download_title":{"_":"Zdieľanie nie je možné"},"no_provider_download_message":{"_":"Nebol nájdený žiadny poskytovateľ"},"no_provider_download_right_button":{"_":"OK"},"no_memory_download_title":{"_":"Pamäťová karta je plná"},"no_memory_download_message":{"_":"Na vašej pamäťovej karte nie je dostatok voľného miesta na uloženie preberaného súboru. Uvoľnite miesto a skúste to znova."},"no_memory_download_right_button":{"_":"OK"},"no_sdcard_found_2_download_title":{"_":"Nebola nájdená žiadna pamäťová karta"},"no_sdcard_found_2_download_message":{"_":"Vložte pamäťovú kartu alebo v nastaveniach zvoľte alternatívne úložisko pre médiá"},"no_sdcard_found_2_download_right_button":{"_":"OK"},"file_open_error_download_title":{"_":"Nepodarilo sa otvoriť"},"file_open_error_download_message":{"_":"Pri otváraní súboru {{name}} sa vyskytla chyba. Chcete súbor uložiť alebo odstrániť?"},"file_open_error_download_left_button":{"_":"Ponechať súbor"},"file_open_error_download_right_button":{"_":"Odstrániť"},"restart_download_error":{"_":"Pri opätovnom spustení preberania sa vyskytla chyba. Skúste to znova."},"no-downloads":{"_":"Žiadne prevzaté súbory"},"percentage":{"_":"{{percentage}} %"},"partialResult":{"_":"{{partial}} z {{total}}"},"summary":{"_":"{{date}} - {{status}}"},"download-stopped":{"_":"Zrušené"},"download-failed":{"_":"Prevzatie zlyhalo"},"open_downloaded_file":{"_":"Otvoriť"},"share_downloaded_file":{"_":"Zdieľať"},"wallpaper_downloaded_file":{"_":"Nastaviť ako tapetu"},"ringtone_downloaded_file":{"_":"Nastaviť ako tón vyzváňania"},"cancel_downloaded_file":{"_":"Zrušiť"},"sim-picker-dial-via-with-number":{"_":"Volať {{ phoneNumber }} cez"},"sim-picker-select-sim":{"_":"Zvoľte kartu SIM"},"sim-picker-button":{"_":"SIM{{ n }}"},"sim-picker-button-default":{"_":"(predvolená)"}}