{"ok":{"_":"OK"},"back":{"_":"Mbrapsht"},"help":{"_":"Ndihmë"},"cancel":{"_":"Anuloje"},"close":{"_":"Mbylle"},"skip":{"_":"Anashkaloje"},"airplaneMode":{"_":"Mënyra Aeroplan"},"searching":{"_":"Po kërkohet…"},"noNetwork":{"_":"Pa rrjet"},"roaming":{"_":"{{operator}} (Roaming)"},"emergencyCallsOnly":{"_":"Vetëm thirrje urgjencash"},"emergencyCallsOnly-unknownSIMState":{"_":"(gjendje e panjohur SIM-i)"},"emergencyCallsOnly-noSIM":{"_":"(pa SIM)"},"emergencyCallsOnly-pinRequired":{"_":"(PIN SIM-i i domosdoshëm)"},"emergencyCallsOnly-pukRequired":{"_":"(PUK SIM-i i domosdoshëm)"},"emergencyCallsOnly-networkLocked":{"_":"(kyçur nga rrjeti)"},"emergencyCallsOnly-serviceProviderLocked":{"_":"(kyçur nga mundësuesi i shërbimit)"},"emergencyCallsOnly-corporateLocked":{"_":"(kyçur nga korporata)"},"enterPIN":{"_":"Jepni PIN-in"},"statusbarLabel":{"_":"{{date}}, {{operator}}"},"statusbarDateFormat":{"_":"%e. %b"},"notifications":{"_":"Njoftime"},"clear-all":{"_":"Fshiji krejt"},"newVoicemails":{"_":"{[ plural(n) ]}","_[zero]":"Pa mesazh zanor të ri","_[one]":"Një mesazh zanor i ri","_[two]":"{{n}} mesazhe zanorë të rinj","_[few]":"{{n}} mesazhe zanorë të rinj","_[many]":"{{n}} mesazhe zanorë të rinj","_[other]":"{{n}} mesazhe zanorë të rinj"},"newVoicemailsUnknown":{"_":"Mesazh i ri zanor"},"dialNumber":{"_":"Bjeri {{number}}"},"deviceMenu":{"_":"Telefon"},"airplane":{"_":"Aktivizoni Mënyrën Aeroplan"},"airplaneOff":{"_":"Dil nga Mënyra Aeroplan"},"silent":{"_":"Heshturazi për thirrjet ardhëse"},"normal":{"_":"Thirrjet ardhëse të dëgjohen"},"restart":{"_":"Rinise"},"power":{"_":"Fike"},"asyncpanzoom":{"_":"Çaktivizoni APZ-n për Zbatimet"},"asyncpanzoomOff":{"_":"Aktivizoni APZ-n për Zbatimet"},"enableScreenReaderSteps":{"_":"Që të aktivizoni lexuesin e ekranit, shtypni butonin e rritjes së volumit, mandej të fikjes. Përsëriteni tre herë"},"disableScreenReaderSteps":{"_":"Që të çaktivizoni lexuesin e ekranit, shtypni butonin e rritjes së volumit, mandej të fikjes. Përsëriteni tre herë"},"no-recent-apps":{"_":"Pa zbatime së fundi"},"yes":{"_":"Po"},"no":{"_":"Jo"},"deny":{"_":"Mos e Prano"},"allow":{"_":"Lejoje"},"dontshare-geolocation":{"_":"Jepe"},"share-geolocation":{"_":"Mos e Jep"},"dontshare-audio-capture":{"_":"Mos e Ndaj"},"share-audio-capture":{"_":"Ndaje Me të Tjerët"},"dontshare-video-capture":{"_":"Mos e Ndaj"},"share-video-capture":{"_":"Ndaje Me të Tjerët"},"dontshare-media-capture":{"_":"Mos e Ndaj"},"share-media-capture":{"_":"Ndaje Me të Tjerët"},"device-front":{"_":"Kamera Ballore"},"device-back":{"_":"Kamera e Pasme"},"remember-my-choice":{"_":"Mbaje mend zgjedhjen time"},"more-info":{"_":"Më tepër të dhëna…"},"install-app":{"_":"Të instalohet {{name}}?"},"size":{"_":"Madhësi"},"author":{"_":"Autor"},"size-unknown":{"_":"E panjohur"},"author-unknown":{"_":"I panjohur"},"install":{"_":"Instaloje"},"bytes":{"_":"bajte"},"kB":{"_":"kB"},"MB":{"_":"MB"},"GB":{"_":"GB"},"TB":{"_":"TB"},"PB":{"_":"PB"},"app-install-generic-error":{"_":"Shkarkimi i {{ appName }} u ndal"},"app-install-download-failed":{"_":"Shkarkimi i {{ appName }} dështoi"},"app-install-install-failed":{"_":"Instalimi i {{ appName }} dështoi"},"cancelling-will-not-refund":{"_":"Anulimi nuk do të sjellë rimbursim blerjeje. Rimbursimi për lëndë të paguar bëhet nga shitësi origjinal."},"apps-can-be-installed-later":{"_":"Zbatimet mund të instalohen më vonë nga burimi origjinal i instalimit."},"are-you-sure-you-want-to-cancel":{"_":"Jeni i sigurt se doni të anulohet ky instalim?"},"cancel-install":{"_":"Anuloje Instalimin"},"resume":{"_":"Rimerre"},"continue":{"_":"Vazhdo"},"stopDownloading":{"_":"Të ndalet shkarkimi i {{ app }}?"},"app-download-can-be-restarted":{"_":"Shkarkimi mund të riniset më vonë."},"app-download-stop-button":{"_":"Ndale Shkarkimin"},"not-enough-space":{"_":"Hapësirë e pamjaftueshme"},"not-enough-space-message":{"_":"Nuk ka hapësirë të mjaftueshme për instalimin e këtij zbatimi. Lironi ca vend, duke fshirë zbatime ose media të vjetër, dhe riprovoni instalimin prej burimit origjinal."},"app-install-success":{"_":"{{ appName }} u instalua"},"setup":{"_":"Rregullim"},"ime-addkeyboards":{"_":"Shtoni fjalëkyçe"},"later":{"_":"Më vonë"},"download":{"_":"Shkarkoje"},"wantToDownload":{"_":"Të shkarkohet përditësimi tani?"},"wantToInstall":{"_":"Të instalohet përditësimi tani?"},"installNow":{"_":"Instaloje Tani"},"notNow":{"_":"Jo Tani"},"downloadingUpdateMessage":{"innerHTML":"Po shkarkohen përditësime… <span>është shkarkuar {{ progress }}.</span>"},"downloadingAppMessage":{"_":"Po shkarkohet {{ appName }}"},"downloadingAppProgressNoMax":{"_":"{{ progress }} e shkarkimit"},"downloadingAppProgressIndeterminate":{"_":"Po shkarkohet"},"downloadingAppProgress":{"_":"{{ progress }} / {{ max }} e shkarkuar"},"cancelAllDownloads":{"_":"Anuloji krejt shkarkimet"},"wantToCancelAll":{"_":"Jeni i sigurt se doni të anuloni krejt shkarkimet?"},"downloadError":{"_":"Pati një gabim gjatë shkarkimit të përditësimeve."},"updateAvailableInfo":{"innerHTML":"{[ plural(n) ]}","innerHTML[one]":"{{ n }} përditësim gati. <span>Për më tepër info, prekeni.</span>","innerHTML[two]":"{{ n }} përditësime gati. <span>Për më tepër info, prekeni.</span>","innerHTML[few]":"{{ n }} përditësime gati. <span>Për më tepër info, prekeni.</span>","innerHTML[many]":"{{ n }} përditësime gati. <span>Për më tepër info, prekeni.</span>","innerHTML[other]":"{{ n }} përditësime gati. <span>Për më tepër info, prekeni.</span>"},"numberOfUpdates":{"_":"{[ plural(n) ]}","_[one]":"{{ n }} përditësim gati","_[two]":"{{ n }} përditësime gati","_[few]":"{{ n }} përditësime gati","_[many]":"{{ n }} përditësime gati","_[other]":"{{ n }} përditësime gati"},"systemUpdate":{"_":"Përditësim sistemi"},"systemUpdateReady":{"_":"Gati Përditësimi i Sistemit"},"required":{"_":"I domosdoshëm"},"uncompressingMessage":{"innerHTML":"Po çngjeshet… <span>Kjo mund të hajë ca minuta.</span>"},"downloadNoWifiWarning":{"_":"Nuk gjendet Wi-Fi. Përditësimi përmes lidhjes së tanishme mund të sjellë pagesa shtesë."},"downloadOfflineWarning":{"_":"Nuk gjendet lidhje. Lidhuni me një rrjet që të shkarkohen përditësimet."},"downloadDataConnectionWarning":{"_":"Kur nuk gjendet rrjet Wi-Fi, përditësimet shkarkohen përmes një rrjeti të dhënash. Për këtë mundet të aplikohen pagesa shtesë."},"downloadUpdatesViaDataConnection":{"_":"Të shkarkohen përditësimet përmes lidhjesh për të dhëna?"},"downloadUpdatesViaDataConnectionMessage":{"_":"Kur nuk gjendet rrjet Wi-Fi, përditësimet shkarkohen përmes një rrjeti të dhënash. Kur përdoret lidhje të dhënash,mund të bllokohen thirrjet telefonike dhe mundet gjithashtu t'ju aplikohen pagesa shtesë."},"screenshotSaved":{"_":"Fotoja u ruajt te Galeria"},"screenshotFailed":{"_":"Fotoja nuk u ruajt dot"},"screenshotNoSDCard":{"_":"Nuk u gjet kartë kujtese"},"screenshotSDCardInUse":{"_":"Karta e kujtesës e zënë në tjetër akt"},"screenshotSDCardLow":{"_":"Pa vend të mjaftë te karta e kujtesës"},"emergency-call-button":{"_":"Thirrje Urgjence"},"emergency-call":{"_":"Thirrje Urgjence"},"unlock-a11y-button":{"ariaLabel":"Çkyçe"},"camera-a11y-button":{"ariaLabel":"Kamera"},"longDateFormat":{"_":"%A, %e %B"},"softwareHomeButton":{"ariaLabel":"Kreu"},"login":{"_":"Hyni"},"username":{"_":"Emër përdorimi"},"password":{"_":"Fjalëkalim"},"http-authentication-message":{"_":"Nga {{host}} po kërkohet të jepen emër përdoruesi dhe fjalëkalim. Sajti thotë: “{{realm}}”"},"error-message":{"_":"{{name}} nuk po ngarkohet siç duhet"},"error-title":{"_":"{{name}} po ka probleme"},"airplane-is-on":{"_":"Mënyra Aeroplan është aktive"},"airplane-is-turned-on":{"_":"{{name}} lyp lidhje me një rrjet. Çaktivizojeni Mënyrën Aeroplan prej Rregullimeve dhe lidhuni me një rrjet Wi-Fi ose të dhënash për celular."},"server-not-found":{"_":"S'u gjet shërbyes"},"server-not-found-error":{"_":"S'gjendet shërbyesi për {{name}}."},"network-connection-unavailable":{"_":"Nuk ka gati lidhje rrjeti"},"network-error":{"_":"{{name}} lyp lidhje me një rrjet. Provoni të lidheni me një rrjet Wi-Fi ose të dhënash për celular."},"unable-to-connect":{"_":"Nuk arrin të lidhet"},"tap-to-retry":{"_":"Prekeni që të riprovohet"},"try-again":{"_":"Riprovoni"},"select-time":{"_":"Përzgjidhni kohën"},"choose-option":{"_":"Përzgjidheni"},"choose-options":{"_":"Përzgjidhini"},"select-day":{"_":"Përzgjidhni ditën"},"battery-almost-empty":{"_":"Bateri thuajse e zbrazët"},"add-to-home-screen":{"_":"Shtojeni te Skena e Hyrjes"},"crash-dialog2-os":{"_":"{{brandShortName}} sapo u rikthye pas një vithisjeje"},"crash-dialog-app":{"_":"{{name}} sapo u vithis"},"crash-dialog-message":{"_":"Do të donit t'i dërgonit Mozilla-s një njoftim rreth vithisjes që të na ndihmonte ta zgjidhim problemin? (Njoftimet dërgohen vetëm përmes Wi-Fi-së.)"},"crash-info-link":{"_":"Ç'përmban njoftimi i vithisjes?"},"crash-always-report":{"_":"Dërgoji përherë Mozilla-s një njoftim, kur ndodh një vithisje."},"crash-dont-send":{"_":"Mos Dërgo"},"crash-end":{"_":"Dërgoje Njoftimin"},"crashReports":{"_":"Njoftime Vithisjesh"},"done":{"_":"U bë"},"crash-reports-description-1":{"_":"Një njoftim vithisjeje përmban disa hollësi rreth vithisjes dhe pajisjes suaj, si dhe një përshkrim të gjendjes së pajisjes suaj në kohën kur u vithis."},"crash-reports-description-2":{"_":"Këtu mund të përfshihen gjëra të tilla si faqet dhe zbatimet e hapura, tekst i shtypur në formularë, lëndë në mesazhe të hapur, historiku i shfletimeve së fundi, ose të dhëna gjeovendëzimi të përdorura nga një zbatim i hapur."},"crash-reports-description-3-start":{"_":"Njoftimet e vithisjeve përpiqemi t'i përdorim për zgjidhjen e problemeve dhe për përmirësimin e produkteve tona. Të dhënat tuaja i përdorim siç e përshkruajmë te"},"crash-reports-description-3-privacy":{"_":"rregullat tona mbi privatësinë"},"crash-reports-description-3-end":{"_":"."},"crash-banner-os2":{"_":"{{brandShortName}} sapo u vithis."},"crash-banner-app":{"_":"{{name}} sapo u vithis."},"crash-banner-report":{"_":"Njoftojeni"},"bluetooth-sendingTitle":{"_":"Dërgim transferte Bluetooth…"},"bluetooth-receivingTitle":{"_":"Marrje transferte Bluetooth…"},"bluetooth-sending-progress":{"_":"Po dërgohet transfertë Bluetooth…"},"bluetooth-receiving-progress":{"_":"Po merret transfertë Bluetooth…"},"acceptFileTransfer":{"_":"Të pranohet kartelë transferte Bluetooth?"},"wantToReceiveFile":{"_":"{{deviceName}} do të donte të transferonte {{fileName}} ({{fileSize}})."},"transfer-confirmation-title":{"_":"{{deviceName}}"},"transfer-confirmation-description":{"_":"Shqyrtoni kërkesën për transfertë."},"byteUnit-B":{"_":"Bajte"},"byteUnit-KB":{"_":"KB"},"byteUnit-MB":{"_":"MB"},"byteUnit-GB":{"_":"GB"},"byteUnit-TB":{"_":"TB"},"byteUnit-PB":{"_":"PB"},"byteUnit-EB":{"_":"EB"},"byteUnit-ZB":{"_":"ZB"},"byteUnit-YB":{"_":"YB"},"fileSize":{"_":"{{size}} {{unit}}"},"transfer":{"_":"Transferoje"},"cancelFileTransfer":{"_":"Të anulohet transferta e kartelës Bluetooth?"},"transfer-has-started-title":{"_":"Transferta filloi"},"transfer-has-started-description":{"_":"Ndiqini përmbushjen te qendra e Njoftimeve"},"transferFinished-sentSuccessful-title":{"_":"Kartela u dërgua"},"transferFinished-receivedSuccessful-title":{"_":"Kartela u mor"},"transferFinished-sentFailed-title":{"_":"Kartela nuk u dërgua dot"},"transferFinished-receivedFailed-title":{"_":"Kartela nuk u mor dot"},"transferReport-title":{"_":"Njoftim transferte:"},"transferReport-description":{"_":"Sukses për {{numSuccessful}} kartela, dështim për {{numUnsuccessful}} kartela"},"unknown-file":{"_":"Kartelë e panjohur"},"unknown-device":{"_":"Pajisje e panjohur"},"cannotOpenFile":{"_":"Nuk hapet dot kartela e marrë"},"unknownMediaTypeToOpen":{"_":"Nuk hapet dot lloji i panjohur i medias:"},"cannotReceiveFile":{"_":"Kartela nuk merret dot"},"cannotGetStorageState":{"_":"Nuk analizohet dot gjendje depozitimi e pajisjes"},"sdcard-not-exist2":{"_":"Nuk u gjet kartë kujtese. Ju lutemi, futni një kartë kujtese."},"sdcard-in-use":{"_":"Bluetooth-i nuk mund të përdoret sa kohë që telefoni është në prizë. Ju lutemi, hiqeni telefonin nga priza që të merrni kartela."},"sdcard-no-space2":{"_":"Nuk plotësohet dot transferta: karta e kujtesës është plot."},"unknown-error":{"_":"Gabim i panjohur"},"confirm":{"_":"Ripohojeni"},"microphone-is-on":{"_":"Mikrofoni është i hapur"},"camera-is-on":{"_":"Kamera është e hapur"},"media-is-on":{"_":"Kamera & Mikrofoni janë HAPUR"},"noSimCard":{"_":"Pa kartë SIM"},"simPin":{"_":"PIN SIM-i"},"pukCode":{"_":"Kod PUK-u"},"nckCode":{"_":"Kod NCK-je"},"cckCode":{"_":"Kod CCK-je"},"spckCode":{"_":"Kod SPCK-je"},"whatIsSimPin":{"_":"Çfarë është një PIN SIM-i?"},"simPinIntro1":{"_":"PIN-i i SIM-it pengon hyrjen te rrjete të dhënash celulari me kartë SIM. Kur është i aktivizuar, cilado pajisje që përmban kartën SIM do të kërkojë PIN-in gjatë rinisjes."},"simPinIntro2":{"_":"PIN-i i SIM-it nuk është i njëjtë me kodkalimin e përdorur për çkyçjen e pajisjes."},"changeSimPin":{"_":"Ndryshoni PIN-in"},"pinTitle":{"_":"Jepni PIN SIM-i"},"multiSIMpinTitle":{"_":"Jepni PIN SIM-i {{n}}"},"pukTitle":{"_":"Jepni kodin PUK"},"nckTitle":{"_":"Jepni kodin NCK"},"cckTitle":{"_":"Jepni kodin CCK"},"spckTitle":{"_":"Jepni kodin SPCK"},"newpinTitle":{"_":"PIN i ri"},"inputCodeRetriesLeft":{"_":"{[ plural(n) ]}","_[one]":"Prova e fundit.","_[two]":"Edhe {{n}} prova.","_[few]":"Edhe {{n}} prova.","_[many]":"Edhe {{n}} prova.","_[other]":"Edhe {{n}} prova."},"pinErrorMsg":{"_":"PIN-i nu qe i saktë."},"pinAttemptMsg2":{"_":"{[ plural(n) ]}","_[one]":"Ju mbetet ende një provë për të dhënë kodin e saktë, përpara se të kyçet karta SIM.","_[two]":"Ju mbeten ende {{n}} prova për të dhënë kodin e saktë, përpara se të kyçet karta SIM.","_[few]":"Ju mbeten ende {{n}} prova për të dhënë kodin e saktë, përpara se të kyçet karta SIM.","_[many]":"Ju mbeten ende {{n}} prova për të dhënë kodin e saktë, përpara se të kyçet karta SIM.","_[other]":"Ju mbeten ende {{n}} prova për të dhënë kodin e saktë, përpara se të kyçet karta SIM."},"pinLastChanceMsg":{"_":"Ky është shansi juaj i fundit për të dhënë PIN-in e saktë. Përndryshe, që të përdorni këtë kartë SIM duhet të jepni kodin PUK."},"simCardLockedMsg":{"_":"Karta SIM është kyçur."},"enterPukMsg":{"_":"Duhet të jepni kodin e Kyçit Personal të Çkyçjes (PUK) për kartën SIM. Për më tepër të dhëna, shihni dokumentimin e kartës suaj SIM ose lidhuni me operatorin tuaj."},"pukErrorMsg":{"_":"Kodi PUK është i pasaktë."},"pukAttemptMsg2":{"_":"{[ plural(n) ]}","_[one]":"Ju mbetet edhe një provë që të jepni kodin e saktë, përpara se kjo kartë SIM të bëhet përgjithmonë e papërdorshme. Për më tepër të dhëna, shihni dokumentimin e kartës suaj SIM ose lidhuni me operatorin tuaj.","_[two]":"Ju mbeten ende {{n}} prova që të jepni kodin e saktë, përpara se kjo kartë SIM të bëhet përgjithmonë e papërdorshme. Për më tepër të dhëna, shihni dokumentimin e kartës suaj SIM ose lidhuni me operatorin tuaj.","_[few]":"Ju mbeten ende {{n}} prova që të jepni kodin e saktë, përpara se kjo kartë SIM të bëhet përgjithmonë e papërdorshme. Për më tepër të dhëna, shihni dokumentimin e kartës suaj SIM ose lidhuni me operatorin tuaj.","_[many]":"Ju mbeten ende {{n}} prova që të jepni e saktë, përpara se kjo kartë SIM të bëhet përgjithmonë e papërdorshme. Për më tepër të dhëna, shihni dokumentimin e kartës suaj SIM ose lidhuni me operatorin tuaj.","_[other]":"Ju mbeten ende {{n}} prova që të jepni kodin e saktë, përpara se kjo kartë SIM të bëhet përgjithmonë e papërdorshme. Për më tepër të dhëna, shihni dokumentimin e kartës suaj SIM ose lidhuni me operatorin tuaj."},"pukLastChanceMsg":{"_":"Shansi i fundit që të jepni kodin e saktë PUK. Karta juaj SIM do të bëhet përgjithmonë e papërdorshme, në rast se jepni gabim kodin PUK. Për më tepër të dhëna, shihni dokumentimin e kartës suaj SIM ose lidhuni me operatorin tuaj."},"newSimPinMsg":{"_":"Krijoni PIN-in (duhet të përmbajë 4 deri në 8 shifra)"},"confirmNewSimPinMsg":{"_":"Ripohoni PIN-in e ri"},"newPinErrorMsg":{"_":"PIN-et nuk përputhen."},"nckErrorMsg":{"_":"Kodi NCK është i pasaktë."},"nckAttemptMsg2":{"_":"{[ plural(n) ]}","_[one]":"Dështim kërkese heqjeje personalizimi të rrjetit. Ju mbetet edhe një provë që të jepni kodin e saktë. Për më tepër të dhëna, shihni dokumentimin e kartës suaj SIM ose lidhuni me operatorin tuaj.","_[two]":"Dështim kërkese heqjeje personalizimi të rrjetit. Ju mbeten ende {{n}} prova që të jepni kodin e saktë. Për më tepër të dhëna, shihni dokumentimin e kartës suaj SIM ose lidhuni me operatorin tuaj.","_[few]":"Dështim kërkese heqjeje personalizimi të rrjetit. Ju mbeten ende {{n}} prova që të jepni kodin e saktë. Për më tepër të dhëna, shihni dokumentimin e kartës suaj SIM ose lidhuni me operatorin tuaj.","_[many]":"Dështim kërkese heqjeje personalizimi të rrjetit. Ju mbeten ende {{n}} prova që të jepni kodin e saktë. Për më tepër të dhëna, shihni dokumentimin e kartës suaj SIM ose lidhuni me operatorin tuaj.","_[other]":"Dështim kërkese heqjeje personalizimi të rrjetit. Ju mbeten ende {{n}} prova që të jepni kodin e saktë. Për më tepër të dhëna, shihni dokumentimin e kartës suaj SIM ose lidhuni me operatorin tuaj."},"nckLastChanceMsg":{"_":"Dështim kërkese heqjeje personalizimi të rrjetit. Shansi i fundit që të jepni kodin e saktë NCK. Për më tepër të dhëna, shihni dokumentimin e kartës suaj SIM ose lidhuni me operatorin tuaj."},"activity-pick":{"_":"Përzgjidhni një prej:"},"activity-view":{"_":"Shiheni me:"},"activity-test":{"_":"Testojeni me:"},"activity-share":{"_":"Ndajeni me të tjerët përmes:"},"activity-new":{"_":"Krijoni me:"},"activity-open":{"_":"Hapeni me:"},"activity-save-bookmark":{"_":"Faqeruajeni te:"},"activity-record":{"_":"Regjistroni nga:"},"activity-browse":{"_":"Shfletoni me:"},"activity-configure":{"_":"Formësojeni me:"},"activity-dial":{"_":"Formoni numrin prej:"},"persona-signin":{"_":"Hyni"},"payment-flow":{"_":"Blini"},"remoteDebuggerMessage":{"_":"U kap një kërkesë për lejim lidhjeje diagnostikimi të largët. Të lejohet lidhja?"},"fullscreen-request":{"_":"{{origin}} shfaqet tani sa krejt ekrani."},"captive-wifi-available":{"_":"U gjet rrjeti {{networkName}}. Të hyhet në rrjet?"},"ceWarningtitle":{"_":"Sinjalizim volumi"},"ceWarningcontent":{"_":"Për të parandaluar dëmtim të mundshëm të dëgjimit, mos dëgjoni për kohë të gjatë me volum të lartë."},"notification-powersaving-mode-on-title":{"_":"Mënyrë Ruajtje Energjie"},"notification-powersaving-mode-on-description":{"_":"Mënyra e ruajtjes së energjisë është aktive."},"low-device-storage":{"_":"Hapësirë e pakët në pajisje.\n"},"free-space":{"_":"{[ plural(value) ]}","_[zero]":"Nuk ka më hapësirë të lirë.","_[one]":"Mbetet më pak se {{value}} {{unit}}.","_[two]":"Mbetet më pak se {{value}} {{unit}}.","_[few]":"Mbetet më pak se {{value}} {{unit}}.","_[many]":"Mbetet më pak se {{value}} {{unit}}.","_[other]":"Mbetet më pak se {{value}} {{unit}}."},"unknown-free-space":{"_":"Nuk dihet sa hapësirë ka mbetur."},"system-alert":{"_":"Sinjalizim Sistemi"},"cb-channel":{"_":"Kanali {{channel}}"},"icc-message-title":{"_":"Mesazh operatori nga SIM-i {{id}}"},"icc-confirmCall-defaultmessage":{"_":"Të thirret {{number}}?"},"icc-alertMessage-defaultmessage":{"_":"Dërgim mesazhi"},"icc-confirmMessage-defaultmessage":{"_":"Të dërgohet mesazhi?"},"icc-inputbox-title":{"_":"Kërkesë STK prej SIM-i {{id}}"},"emergency-callback-mode":{"_":"Mënyra rithirrje urgjence"},"emergency-callback-message":{"_":"Nuk mund të bëni thirrje, të dërgoni mesazhe, ose të jeni në linjë, ngaqë është e aktivizuar mënyra emergency callback. Do të donit të çaktivizohet?"},"cdma-record-info":{"_":"Të dhëna regjistrimi CDMA"},"ime-switching-title":{"_":"{{appName}}: {{name}}"},"ime-switching-tip":{"_":"Prekeni që të ndryshoni metodë futjesh"},"layout-selection":{"_":"Përzgjedhje skeme"},"shrinking-tip":{"_":"Rrëshqisni gishtin që të ndahet"},"download_started":{"_":"Shkarkimi filloi"},"download_stopped":{"_":"Shkarkimi u ndal"},"download_downloading":{"_":"Po shkarkohet…"},"download_succeeded":{"_":"Shkarkim i plotë"},"download_failed":{"_":"Shkarkimi dështoi"},"download_text_by_default":{"_":"{{name}}"},"download_downloading_text_2":{"_":"{{percentage}}% - {{name}}"},"search":{"_":"Kërkoni"},"search-or-type-address":{"placeholder":"Kërkoni ose shkruani adresë"},"noSIMCardInHotspot":{"_":"Karta SIM mungon ose është futur keq, ndaj fikeni pikën e aksesit"},"brandShortName":{"_":"B2G OS"},"browserBrandShortName":{"_":"Shfletues Web"},"browserBrandFullName":{"_":"Shfletuesi Web i Mozilla-s"},"weekday-0-long":{"_":"E diel"},"weekday-1-long":{"_":"E hënë"},"weekday-2-long":{"_":"E martë"},"weekday-3-long":{"_":"E mërkurë"},"weekday-4-long":{"_":"E enjte"},"weekday-5-long":{"_":"E premte"},"weekday-6-long":{"_":"E shtunë"},"weekday-0-short":{"_":"Die"},"weekday-1-short":{"_":"Hën"},"weekday-2-short":{"_":"Mar"},"weekday-3-short":{"_":"Mër"},"weekday-4-short":{"_":"Enj"},"weekday-5-short":{"_":"Pre"},"weekday-6-short":{"_":"Sht"},"month-0-long":{"_":"Janar"},"month-1-long":{"_":"Shkurt"},"month-2-long":{"_":"Mars"},"month-3-long":{"_":"Prill"},"month-4-long":{"_":"Maj"},"month-5-long":{"_":"Qershor"},"month-6-long":{"_":"Korrik"},"month-7-long":{"_":"Gusht"},"month-8-long":{"_":"Shtator"},"month-9-long":{"_":"Tetor"},"month-10-long":{"_":"Nëntor"},"month-11-long":{"_":"Dhjetor"},"month-0-genitive":{"_":"të Janarit"},"month-1-genitive":{"_":"të Shkurtit"},"month-2-genitive":{"_":"të Marsit"},"month-3-genitive":{"_":"të Prillit"},"month-4-genitive":{"_":"të Majit"},"month-5-genitive":{"_":"të Qershorit"},"month-6-genitive":{"_":"të Korrikut"},"month-7-genitive":{"_":"të Gushtit"},"month-8-genitive":{"_":"të Shtatorit"},"month-9-genitive":{"_":"të Tetorit"},"month-10-genitive":{"_":"të Nëntorit"},"month-11-genitive":{"_":"të Dhjetorit"},"month-0-short":{"_":"Jan"},"month-1-short":{"_":"Shk"},"month-2-short":{"_":"Mar"},"month-3-short":{"_":"Pri"},"month-4-short":{"_":"Maj"},"month-5-short":{"_":"Qer"},"month-6-short":{"_":"Kor"},"month-7-short":{"_":"Gus"},"month-8-short":{"_":"Sht"},"month-9-short":{"_":"Tet"},"month-10-short":{"_":"Nën"},"month-11-short":{"_":"Dhj"},"minutes-ago-long":{"_":"{[ plural(value) ]}","_[zero]":"mu tani","_[one]":"një minutë më parë","_[two]":"{{value}} minuta më parë","_[few]":"{{value}} minuta më parë","_[many]":"{{value}} minuta më parë","_[other]":"{{value}} minuta më parë"},"hours-ago-long":{"_":"{[ plural(value) ]}","_[zero]":"mu tani","_[one]":"një orë më parë","_[two]":"{{value}} orë më parë","_[few]":"{{value}} orë më parë","_[many]":"{{value}} orë më parë","_[other]":"{{value}} orë më parë"},"days-ago-long":{"_":"{[ plural(value) ]}","_[zero]":"sot","_[one]":"dje","_[two]":"{{value}} ditë më parë","_[few]":"{{value}} ditë më parë","_[many]":"{{value}} ditë më parë","_[other]":"{{value}} ditë më parë"},"weeks-ago-long":{"_":"{[ plural(value) ]}","_[zero]":"këtë javë","_[one]":"javën e kaluar","_[two]":"{{value}} javë më parë","_[few]":"{{value}} javë më parë","_[many]":"{{value}} javë më parë","_[other]":"{{value}} javë më parë"},"months-ago-long":{"_":"{[ plural(value) ]}","_[zero]":"këtë muaj","_[one]":"muajin e kaluar","_[two]":"{{value}} muaj më parë","_[few]":"{{value}} muaj më parë","_[many]":"{{value}} muaj më parë","_[other]":"{{value}} muaj më parë"},"years-ago-long":{"_":"{[ plural(value) ]}","_[zero]":"këtë vit","_[one]":"vitin e kaluar","_[two]":"{{value}} vite më parë","_[few]":"{{value}} vite më parë","_[many]":"{{value}} vite më parë","_[other]":"{{value}} vite më parë"},"minutes-until-long":{"_":"{[ plural(value) ]}","_[zero]":"tani","_[one]":"për një minutë","_[two]":"për {{value}} minuta","_[few]":"për {{value}} minuta","_[many]":"për {{value}} minuta","_[other]":"për {{value}} minuta"},"hours-until-long":{"_":"{[ plural(value) ]}","_[zero]":"tani","_[one]":"për një orë","_[two]":"për {{value}} orë","_[few]":"për {{value}} orë","_[many]":"për {{value}} orë","_[other]":"për {{value}} orë"},"days-until-long":{"_":"{[ plural(value) ]}","_[zero]":"sot","_[one]":"nesër","_[two]":"për {{value}} ditë","_[few]":"për {{value}} ditë","_[many]":"për {{value}} ditë","_[other]":"për {{value}} ditë"},"weeks-until-long":{"_":"{[ plural(value) ]}","_[zero]":"këtë javë","_[one]":"javën pasuese","_[two]":"për {{value}} javë","_[few]":"për {{value}} javë","_[many]":"për {{value}} javë","_[other]":"për {{value}} javë"},"months-until-long":{"_":"{[ plural(value) ]}","_[zero]":"këtë muaj","_[one]":"muajin pasues","_[two]":"për {{value}} muaj","_[few]":"për {{value}} muaj","_[many]":"për {{value}} muaj","_[other]":"për {{value}} muaj"},"years-until-long":{"_":"{[ plural(value) ]}","_[zero]":"këtë vit","_[one]":"vitin pasues","_[two]":"për {{value}} vjet","_[few]":"për {{value}} vjet","_[many]":"për {{value}} vjet","_[other]":"për {{value}} vjet"},"minutes-ago-short":{"_":"{[ plural(value) ]}","_[zero]":"mu tani","_[other]":"{{value}}m më parë"},"hours-ago-short":{"_":"{[ plural(value) ]}","_[zero]":"mu tani","_[other]":"{{value}}h më parë"},"days-ago-short":{"_":"{[ plural(value) ]}","_[zero]":"sot","_[other]":"{{value}}d më parë"},"minutes-until-short":{"_":"{[ plural(value) ]}","_[zero]":"tani","_[other]":"për {{value}}m"},"hours-until-short":{"_":"{[ plural(value) ]}","_[zero]":"tani","_[other]":"për {{value}}h"},"days-until-short":{"_":"{[ plural(value) ]}","_[zero]":"sot","_[other]":"për {{value}}d"},"incorrectDate":{"_":"(datë e pasaktë)"},"dateTimeFormat_%c":{"_":"%a %e %b %Y %I:%M:%S %p"},"dateTimeFormat_%x":{"_":"%m/%d/%Y"},"dateTimeFormat_%X":{"_":"%I:%M:%S %p"},"shortTimeFormat":{"_":"%I:%M %p"},"shortDateTimeFormat":{"_":"%x %I:%M %p"},"weekStartsOnMonday":{"_":"0"},"time_am":{"_":"AM"},"time_pm":{"_":"PM"},"perm-contacts":{"_":"Kontakte"},"perm-contacts-appRequest":{"_":"{{app}} dëshiron të përdorë listën e kontakteve tuaja."},"perm-contacts-webRequest":{"_":"{{site}} dëshiron të përdorë listën e kontakteve tuaja."},"perm-desktop-notification":{"_":"Njoftime"},"perm-desktop-notification-appRequest":{"_":"{{app}} dëshiron të shfaqë njoftime."},"perm-desktop-notification-webRequest":{"_":"{{site}} dëshiron të shfaqë njoftime."},"perm-device-storage-music":{"_":"Depozitim Muzike"},"perm-device-storage-music-appRequest":{"_":"{{app}} dëshiron të përdorë muzikë nga e juaja."},"perm-device-storage-music-webRequest":{"_":"{{site}} dëshiron të përdorë muzikë nga e juaja."},"perm-device-storage-pictures":{"_":"Depozitim Figurash"},"perm-device-storage-pictures-appRequest":{"_":"{{app}} dëshiron të përdorë figura nga të tuajat."},"perm-device-storage-pictures-webRequest":{"_":"{{site}} dëshiron të përdorë figura nga të tuajat."},"perm-device-storage-sdcard":{"_":"Depozitim Në Kartë Kujtese"},"perm-device-storage-sdcard-appRequest":{"_":"{{app}} dëshiron të përdorë kartën tuaj të kujtesës."},"perm-device-storage-sdcard-webRequest":{"_":"{{site}} dëshiron të përdorë kartën tuaj të kujtesës."},"perm-device-storage-videos":{"_":"Depozitim Videosh"},"perm-device-storage-videos-appRequest":{"_":"{{app}} dëshiron të përdorë video nga të tuajat."},"perm-device-storage-videos-webRequest":{"_":"{{site}} dëshiron të përdorë video nga të tuajat."},"perm-fmradio":{"_":"Radio FM"},"perm-fmradio-appRequest":{"_":"{{app}} dëshiron të përdorë Radion FM."},"perm-fmradio-webRequest":{"_":"{{site}} dëshiron të përdorë Radion FM."},"perm-geolocation":{"_":"Gjeovendëzim"},"perm-geolocation-appRequest":{"_":"{{app}} dëshiron të dijë vendndodhjen tuaj."},"perm-geolocation-webRequest":{"_":"{{site}} dëshiron të dijë vendndodhjen tuaj."},"perm-geolocation-more-info":{"_":"Në ndihmë të përcaktimit përafërsisht të vendndodhjes suaj, {{brandShortName}}-i përdor të dhëna të tilla si GPS, Wi-Fi, dhe rrjete celularësh pranë jush. Të dhënat dërgohen te Mozilla dhe të tjerë mundësues shërbimesh dhe do të përdoren si pjesë e të dhënave për përmirësimin e këtyre bazave të të dhënave.  Të dhënat mund të depozitohen në pajisjen tuaj dhe grumbullimi i të dhënave mund të ngjasë edhe kur nuk ka zbatime në punë e sipër."},"perm-video-capture":{"_":"Kamerë"},"perm-video-capture-appRequest":{"_":"Do të donit ta ndanit kamerën tuaj me {{app}}?"},"perm-video-capture-webRequest":{"_":"Do të donit ta ndanit kamerën tuaj me {{site}}?"},"perm-audio-capture":{"_":"Mikrofon"},"perm-audio-capture-appRequest":{"_":"Do të donit ta ndanit mikrofonin tuaj me {{app}}?"},"perm-audio-capture-webRequest":{"_":"Do të donit ta ndanit mikrofonin tuaj me {{site}}?"},"perm-media-capture":{"_":"Kamerë dhe Mikrofon"},"perm-media-capture-appRequest":{"_":"Do të donit ta ndanit kamerën dhe mikrofonin tuaj me {{app}}?"},"perm-media-capture-webRequest":{"_":"Do të donit ta ndanit kamerën dhe mikrofonin tuaj me {{site}}?"},"stopped_download_title":{"_":"Shkarkimi u ndal"},"stopped_download_message":{"_":"Shkarkimi u ndal. Të provohet të shkarkohet sërish?"},"stopped_download_left_button":{"_":"Anuloje"},"stopped_download_right_button":{"_":"Riprovo"},"failed_download_title":{"_":"Shkarkimi dështoi"},"failed_download_message":{"_":"Shkarkimi i {{name}} dështoi. Të provohet të shkarkohet sërish?"},"failed_download_left_button":{"_":"Anuloje"},"failed_download_right_button":{"_":"Riprovo"},"stop_download_title":{"_":"Ndalni shkarkimin"},"stop_download_message":{"_":"Jeni i sigurt se doni të ndalet shkarkimi?"},"stop_download_left_button":{"_":"Po"},"stop_download_right_button":{"_":"Jo"},"delete_download_title":{"_":"Fshijeni"},"delete_download_message":{"_":"Të fshihet {{name}}?"},"delete_download_left_button":{"_":"Anuloje"},"delete_download_right_button":{"_":"Fshije"},"delete_all_download_title":{"_":"Fshini"},"delete_all_download_left_button":{"_":"Anuloje"},"delete_all_download_right_button":{"_":"Fshije"},"delete_all_download_message":{"_":"{[ plural(number) ]}","_[zero]":"Të fshihen 0 kartela?","_[one]":"Të fshihet një kartelë?","_[two]":"Të fshihen {{number}} kartela?","_[few]":"Të fshihen {{number}} kartela?","_[many]":"Të fshihen {{number}} kartela?","_[other]":"Të fshihen {{number}} kartela?"},"unsupported_file_type_download_title":{"_":"Nuk arrin ta hapë"},"unsupported_file_type_download_message":{"_":"Nuk ka zbatim që mund të hapë {{name}}. Doni ta ruani kartelën apo të fshihet?"},"unsupported_file_type_download_left_button":{"_":"Mbaje Kartelën"},"unsupported_file_type_download_right_button":{"_":"Fshije"},"file_not_found_download_title":{"_":"Nuk u gjetë kartelë"},"file_not_found_download_message":{"_":"Nuk u gjet kartela te pajisja"},"file_not_found_download_right_button":{"_":"OK"},"unmounted_sdcard_2_download_title":{"_":"Karta e kujtesës po përdoret"},"unmounted_sdcard_2_download_message":{"_":"Hiqeni telefonin nga priza"},"unmounted_sdcard_2_download_right_button":{"_":"OK"},"no_provider_download_title":{"_":"Nuk arrin ta ndajë me të tjerët"},"no_provider_download_message":{"_":"Nuk u gjet mundësues shërbimi"},"no_provider_download_right_button":{"_":"OK"},"no_memory_download_title":{"_":"Karta SD është plot"},"no_memory_download_message":{"_":"Në kartën tuaj SD nuk ka më vend ku të ruhet shkarkimi juaj. Ju lutemi, hiqni ca kartela, përpara se të rifilloni shkarkimin."},"no_memory_download_right_button":{"_":"OK"},"no_sdcard_found_2_download_title":{"_":"Nuk u gjet kartë kujtese"},"no_sdcard_found_2_download_message":{"_":"Futni një kartë kujtese ose përzgjidhni te rregullimet një vend alternativ si parazgjedhje për media"},"no_sdcard_found_2_download_right_button":{"_":"OK"},"file_open_error_download_title":{"_":"Nuk arrin ta hapë"},"file_open_error_download_message":{"_":"Ka një problem me hapjen e {{name}}. Doni ta ruani kartelën apo të fshihet?"},"file_open_error_download_left_button":{"_":"Mbaje Kartelën"},"file_open_error_download_right_button":{"_":"Fshije"},"restart_download_error":{"_":"Pati një gabim teksa rinisej shkarkimi. Ju lutemi, riprovoni ta shkarkoni."},"no-downloads":{"_":"Pa shkarkime"},"percentage":{"_":"{{percentage}} %"},"partialResult":{"_":"{{partial}} nga {{total}}"},"summary":{"_":"{{date}} - {{status}}"},"download-stopped":{"_":"I ndalur"},"download-failed":{"_":"Shkarkimi dështoi"},"open_downloaded_file":{"_":"Hape"},"share_downloaded_file":{"_":"Ndaje me të tjerët"},"wallpaper_downloaded_file":{"_":"Vëre si sfond"},"ringtone_downloaded_file":{"_":"Vëre si zile"},"cancel_downloaded_file":{"_":"Anuloje"},"sim-picker-dial-via-with-number":{"_":"Bjeri {{ phoneNumber }} përmes"},"sim-picker-select-sim":{"_":"Përzgjidhni SIM"},"sim-picker-button":{"_":"SIM{{ n }}"},"sim-picker-button-default":{"_":"(parazgjedhja)"}}