{"ok":{"_":"У реду"},"back":{"_":"Назад"},"help":{"_":"Помоћ"},"cancel":{"_":"Откажи"},"close":{"_":"Затвори"},"skip":{"_":"Прескочи"},"airplaneMode":{"_":"Режим рада у авиону"},"searching":{"_":"Претрага…"},"noNetwork":{"_":"Нема мреже"},"roaming":{"_":"{{operator}} (Роминг)"},"emergencyCallsOnly":{"_":"Само хитни позиви"},"emergencyCallsOnly-unknownSIMState":{"_":"(непознат SIM статус)"},"emergencyCallsOnly-noSIM":{"_":"(Нема SIM картице)"},"emergencyCallsOnly-pinRequired":{"_":"(SIM PIN је неопходан)"},"emergencyCallsOnly-pukRequired":{"_":"(SIM PUK је неопходан)"},"emergencyCallsOnly-networkLocked":{"_":"(мрежа је закључана)"},"emergencyCallsOnly-serviceProviderLocked":{"_":"(закључан од стране провајдера)"},"emergencyCallsOnly-corporateLocked":{"_":"(закључан од стране компаније)"},"enterPIN":{"_":"Унесите PIN"},"statusbarLabel":{"_":"{{date}}, {{operator}}"},"statusbarDateFormat":{"_":"%e %b"},"notifications":{"_":"Обавештења"},"clear-all":{"_":"Очисти све"},"newVoicemails":{"_":"{[ plural(n) ]}","_[zero]":"Нема нове говорне поруке","_[one]":"Једна нова говорна порука","_[two]":"{{n}} нове говорне поруке","_[few]":"{{n}} нове говорних порука","_[many]":"{{n}} нових говорних порука","_[other]":"{{n}} нових говорних порука"},"newVoicemailsUnknown":{"_":"Нова говорна порука"},"dialNumber":{"_":"Позови {{number}}"},"deviceMenu":{"_":"Телефон"},"airplane":{"_":"Укључи режим рада у авиону"},"airplaneOff":{"_":"Искључи режим рада у авиону"},"silent":{"_":"Утишај долазне позиве"},"normal":{"_":"Укључи звоно долазним позивима"},"restart":{"_":"Поново покрени систем"},"power":{"_":"Искључи"},"asyncpanzoom":{"_":"Онемогући APZ за апликације"},"asyncpanzoomOff":{"_":"Oмогући APZ за апликације"},"enableScreenReaderSteps":{"_":"Да омогућите читач екрана, притисните дугме за појачање јачине звука и затим дугме за смањење јачине звука још три пута"},"disableScreenReaderSteps":{"_":"Да онемогућите читач екрана, притисните дугме за појачање јачине звука и затим дугме за смањење јачине звука још три пута"},"no-recent-apps":{"_":"Нема активних апликација"},"yes":{"_":"Да"},"no":{"_":"Не"},"deny":{"_":"Одбиј"},"allow":{"_":"Дозволи"},"dontshare-geolocation":{"_":"Немој"},"share-geolocation":{"_":"Дозволи"},"dontshare-audio-capture":{"_":"Немој\t"},"share-audio-capture":{"_":"Дозволи"},"dontshare-video-capture":{"_":"Немој"},"share-video-capture":{"_":"Дозволи"},"dontshare-media-capture":{"_":"Немој"},"share-media-capture":{"_":"Дозволи"},"device-front":{"_":"Предња камера"},"device-back":{"_":"Камера на полеђини"},"remember-my-choice":{"_":"Запамти мој избор"},"more-info":{"_":"Више информација…"},"install-app":{"_":"Инсталирати {{name}}?"},"size":{"_":"Величина"},"author":{"_":"Аутор"},"size-unknown":{"_":"Непозната"},"author-unknown":{"_":"Непознат"},"install":{"_":"Инсталирај"},"bytes":{"_":"бајта"},"kB":{"_":"kB"},"MB":{"_":"MB"},"GB":{"_":"GB"},"TB":{"_":"TB"},"PB":{"_":"PB"},"app-install-generic-error":{"_":"Преузимање {{ appName }} заустављено"},"app-install-download-failed":{"_":"{{ appName }} неуспешно преузет"},"app-install-install-failed":{"_":"{{ appName }} неуспешно инсталиран"},"cancelling-will-not-refund":{"_":"Одустанак неће поништити извршено плаћање. Повраћај плаћеног садржаја пружа изворни продавац."},"apps-can-be-installed-later":{"_":"Апликације могу бити инсталиране касније из изворног порекла инсталације."},"are-you-sure-you-want-to-cancel":{"_":"Да ли сте сигурни да желите отказати инсталацију?"},"cancel-install":{"_":"Откажи"},"resume":{"_":"Настави"},"continue":{"_":"Настави"},"stopDownloading":{"_":"Зауставити преузимање {{ app }}?"},"app-download-can-be-restarted":{"_":"Преузимање може бити настављено касније."},"app-download-stop-button":{"_":"Заустави преузимање"},"not-enough-space":{"_":"Нема довољно простора"},"not-enough-space-message":{"_":"Нема довољно простора за инсталацију ове апликације. Ослободите простор брисањем старих апликација или садржаја, затим поновите инсталацију из првобитног извора."},"app-install-success":{"_":"{{ appName }} инсталиран"},"setup":{"_":"Конфигурација"},"ime-addkeyboards":{"_":"Додај тастатуре"},"later":{"_":"Касније"},"download":{"_":"Преузимање"},"wantToDownload":{"_":"Преузети надоградњу сада?"},"wantToInstall":{"_":"Надоградити сада?"},"installNow":{"_":"Инсталирај сада"},"notNow":{"_":"Не сада"},"downloadingUpdateMessage":{"innerHTML":"Преузимање надоградњи… <span>{{ progress }} преузето.</span>"},"downloadingAppMessage":{"_":"Преузимање {{ appName }}"},"downloadingAppProgressNoMax":{"_":"{{ progress }} је преузето"},"downloadingAppProgressIndeterminate":{"_":"Преузимање"},"downloadingAppProgress":{"_":"{{ progress }} / {{ max }} је преузето"},"cancelAllDownloads":{"_":"Откажи сва преузимања"},"wantToCancelAll":{"_":"Да ли сте сигурни да желите отказати сва преузимања?"},"downloadError":{"_":"Десила се грешка приликом преузимања надоградњи."},"updateAvailableInfo":{"innerHTML":"{[ plural(n) ]}","innerHTML[one]":"{{ n }} надоградња је доступна. <span>Притисните за више информација.</span>","innerHTML[two]":"{{ n }} надоградње су доступне. <span>Притисните за више информација.</span>","innerHTML[few]":"{{ n }} надоградњи је доступно. <span>Притисните за више информација.</span>","innerHTML[many]":"{{ n }} надоградњи је доступно. <span>Притисните за више информација.</span>","innerHTML[other]":"{{ n }} надоградњи је доступно. <span>Притисните за више информација.</span>"},"numberOfUpdates":{"_":"{[ plural(n) ]}","_[one]":"{{ n }} надоградња је доступна","_[two]":"{{ n }} надоградње су доступне","_[few]":"{{ n }} надоградњи је доступно","_[many]":"{{ n }} надорадњи је доступно","_[other]":"{{ n }} надорадњи је доступно"},"systemUpdate":{"_":"Надоградња система"},"systemUpdateReady":{"_":"Надоградња система је спремна"},"required":{"_":"Неопходна"},"uncompressingMessage":{"innerHTML":"Распакивање… <span>Ово може потрајати неколико минута.</span>"},"downloadNoWifiWarning":{"_":"Wi-Fi мрежа није доступна. Надоградња преко тренутне везе може узроковати додатне трошкове."},"downloadOfflineWarning":{"_":"Веза није доступна. Повежите се на мрежу да бисте преузели надоградње."},"downloadDataConnectionWarning":{"_":"Надоградње се преузимају путем мобилне мреже када Wi-Fi мрежа није доступна. Ова услуга може бити додатно наплаћена."},"downloadUpdatesViaDataConnection":{"_":"Преузми надоградње преко мобилне мреже?"},"downloadUpdatesViaDataConnectionMessage":{"_":"Надоградње се преузимају путем мобилне мреже када Wi-Fi мрежа није доступна. Када користите мобилну мрежу за интернет, позиви могу бити блокирани и ова услуга може бити додатно наплаћена."},"screenshotSaved":{"_":"Снимак екрана сачуван"},"screenshotFailed":{"_":"Снимак није сачуван"},"screenshotNoSDCard":{"_":"Није пронађена меморијска картица"},"screenshotSDCardInUse":{"_":"Меморијска картица је у употреби"},"screenshotSDCardLow":{"_":"Нема довољно простора на меморијској картици"},"emergency-call-button":{"_":"Хитан позив"},"emergency-call":{"_":"Хитaн позив"},"unlock-a11y-button":{"ariaLabel":"Откључај"},"camera-a11y-button":{"ariaLabel":"Камера"},"longDateFormat":{"_":"%A, %e %B"},"softwareHomeButton":{"ariaLabel":"Почетна"},"login":{"_":"Пријави се"},"username":{"_":"Корисничко име"},"password":{"_":"Лозинка"},"http-authentication-message":{"_":"{{host}} захтева корисничко име и лозинку. Веб сајт поручује: “{{realm}}”"},"error-message":{"_":"{{name}} се не учитава ваљано"},"error-title":{"_":"{{name}} има потешкоћа"},"airplane-is-on":{"_":"Режим рада у авиону је укључен"},"airplane-is-turned-on":{"_":"{{name}} захтева мрежну везу. Искључите режим рада у авиону из поставки и повежите се на Wi-Fi мрежу или укључите пренос података."},"server-not-found":{"_":"Сервер није пронађен"},"server-not-found-error":{"_":"Не могу пронаћи сервер на {{name}}."},"network-connection-unavailable":{"_":"Мрежна веза није доступна"},"network-error":{"_":"{{name}} захтева мрежну везу. Покушајте да се повежете на бежичну мрежу или укључите пренос података."},"unable-to-connect":{"_":"Није се могуће повезати"},"tap-to-retry":{"_":"Притисните да покушате поново"},"try-again":{"_":"Покушај поново"},"select-time":{"_":"Одаберите време"},"choose-option":{"_":"Одабери"},"choose-options":{"_":"Одабери"},"select-day":{"_":"Одаберите дан"},"battery-almost-empty":{"_":"Батерија је скоро празна"},"add-to-home-screen":{"_":"Додај на почетни екран"},"crash-dialog2-os":{"_":"{{brandShortName}} се управо опоравио од рушења"},"crash-dialog-app":{"_":"{{name}} се управо срушио"},"crash-dialog-message":{"_":"Да ли бисте желели да пошаљете Mozilla фондацији извештај о рушењу како бисте нам помогли да решимо потешкоће? (Извештаји се шаљу само преко Wi-Fi мреже)"},"crash-info-link":{"_":"Шта садржи извештај о рушењу?"},"crash-always-report":{"_":"Увек пошаљи извештај Mozilla фондацији када дође до рушења."},"crash-dont-send":{"_":"Не шаљи"},"crash-end":{"_":"Пошаљи"},"crashReports":{"_":"Извештај"},"done":{"_":"Готово"},"crash-reports-description-1":{"_":"Извештај о рушењу садржи неке појединости о рушењу и Вашем уређају, као и слику стања уређаја у тренутку рушења"},"crash-reports-description-2":{"_":"У њему могу бити обухваћене ставке попут отворених страница и апликација, текста уношеног у образце, садржаја отворених порука или геолокацијске информације коришћеног у отвореној апликацији."},"crash-reports-description-3-start":{"_":"Извештаје о рушењу користимо да бисмо покушали исправити потешкоће и побољшали наше производе. Вашим подацима управљамо на начин описан у нашој"},"crash-reports-description-3-privacy":{"_":"полиси приватности"},"crash-reports-description-3-end":{"_":"."},"crash-banner-os2":{"_":"{{brandShortName}} се управо срушио."},"crash-banner-app":{"_":"{{name}} се управо срушио."},"crash-banner-report":{"_":"Извештај"},"bluetooth-sendingTitle":{"_":"Слање датотеке.."},"bluetooth-receivingTitle":{"_":"Примање датотеке.."},"bluetooth-sending-progress":{"_":"Шаљем датотеку.."},"bluetooth-receiving-progress":{"_":"Примам датотеку.."},"acceptFileTransfer":{"_":"Прихвати датотеку?"},"wantToReceiveFile":{"_":"{{deviceName}} би желео да пренесе {{fileName}} ({{fileSize}})."},"transfer-confirmation-title":{"_":"{{deviceName}}"},"transfer-confirmation-description":{"_":"Прегледајте захтев за пренос."},"byteUnit-B":{"_":"бајта"},"byteUnit-KB":{"_":"KB"},"byteUnit-MB":{"_":"MB"},"byteUnit-GB":{"_":"GB"},"byteUnit-TB":{"_":"TB"},"byteUnit-PB":{"_":"PB"},"byteUnit-EB":{"_":"EB"},"byteUnit-ZB":{"_":"ZB"},"byteUnit-YB":{"_":"YB"},"fileSize":{"_":"{{size}} {{unit}}"},"transfer":{"_":"Пренеси"},"cancelFileTransfer":{"_":"Откажи пренос датотека преко Bluetooth-a?"},"transfer-has-started-title":{"_":"Пренос је почео"},"transfer-has-started-description":{"_":"Проверите ток преноса"},"transferFinished-sentSuccessful-title":{"_":"Датотека послата"},"transferFinished-receivedSuccessful-title":{"_":"Датотека примљена"},"transferFinished-sentFailed-title":{"_":"Датотека није послата"},"transferFinished-receivedFailed-title":{"_":"Примање нeуспело"},"transferReport-title":{"_":"Извештај преноса:"},"transferReport-description":{"_":"{{numSuccessful}} успешно, {{numUnsuccessful}} неуспешно"},"unknown-file":{"_":"Непозната датотека"},"unknown-device":{"_":"Непознати уређај"},"cannotOpenFile":{"_":"Примљена датотека се не може отворити"},"unknownMediaTypeToOpen":{"_":"Не може се отворити непозната врста медија:"},"cannotReceiveFile":{"_":"Не може се примити датотека"},"cannotGetStorageState":{"_":"Није могуће добавити стање складишта уређаја"},"sdcard-not-exist2":{"_":"Није пронађена меморијска картица. Молим Вас, уметните меморијску картицу."},"sdcard-in-use":{"_":"Bluetooth се не може користити док је телефон прикачен на кабел. Молим Вас, откачите кабел за примање датотеке(а)."},"sdcard-no-space2":{"_":"Није могуће завршити пренос: меморијска картица је пуна."},"unknown-error":{"_":"Непозната грешка"},"confirm":{"_":"Потврди"},"microphone-is-on":{"_":"Микрофон је укључен"},"camera-is-on":{"_":"Камера је укључена"},"media-is-on":{"_":"Камера и микрофон су укључени"},"noSimCard":{"_":"Нема SIM картице"},"simPin":{"_":"SIM PIN"},"pukCode":{"_":"PUK код"},"nckCode":{"_":"NCK код"},"cckCode":{"_":"CCK код"},"spckCode":{"_":"SPCK код"},"whatIsSimPin":{"_":"Шта је SIM PIN?"},"simPinIntro1":{"_":"SIM PIN спречава приступ мрежним подацима мобилне телефоније SIM картице. Када је омогућен, било који уређај који садржи SIM картицу ће тражити унос PIN-а после поновног покретања"},"simPinIntro2":{"_":"SIM PIN није исто што и лозинка која се користи за откључавање уређаја."},"changeSimPin":{"_":"Промени PIN"},"pinTitle":{"_":"Унесите SIM PIN"},"multiSIMpinTitle":{"_":"Унесите SIM {{n}} PIN"},"pukTitle":{"_":"Унесите PUK код"},"nckTitle":{"_":"Унесите NCK код"},"cckTitle":{"_":"Унесите CCK код"},"spckTitle":{"_":"Унесите SPCK код"},"newpinTitle":{"_":"Нови PIN"},"inputCodeRetriesLeft":{"_":"{[ plural(n) ]}","_[one]":"последњи покушај.","_[two]":"преостала {{n}} покушаја.","_[few]":"преостало {{n}} покушаја.","_[many]":"преостало {{n}} покушаја.","_[other]":"преостало {{n}} покушаја."},"pinErrorMsg":{"_":"PIN није исправан."},"pinAttemptMsg2":{"_":"{[ plural(n) ]}","_[one]":"Имате још један покушај да унесете исправан код пре него што SIM картица буде закључана.","_[two]":"Имате још {{n}} покушаја да унесете исправан код пре него што SIM картица буде закључана.","_[few]":"Имате још {{n}} покушаја да унесете исправан код пре него што SIM картица буде закључана.","_[many]":"Имате још {{n}} покушаја да унесете исправан код пре него што SIM картица буде закључана.","_[other]":"Имате још {{n}} покушаја да унесете исправан код пре него што SIM картица буде закључана."},"pinLastChanceMsg":{"_":"Ово је последња прилика да унесете исправан PIN. У супротном, морате унети PUK код да би користили ову SIM картицу."},"simCardLockedMsg":{"_":"SIM картица је закључана."},"enterPukMsg":{"_":"Морате унети Лични кључ за откључавање (PUK) SIM картице. Погледајте упутство SIM картице или се обратите оператеру за више информација."},"pukErrorMsg":{"_":"PUK код је нетачан."},"pukAttemptMsg2":{"_":"{[ plural(n) ]}","_[one]":"Имате још један покушај да унесете исправан код пре него што Вам се трајно закључа SIM картица. Погледајте документацију коју сте добили уз SIM картицу или контактирајте мрежног оператера за више информација.","_[two]":"Имате још {{n}} покушаја да унесете исправан код пре него што Вам се трајно закључа SIM картица. Погледајте документацију коју сте добили уз SIM картицу или контактирајте мрежног оператера за више информација.","_[few]":"Имате још {{n}} покушаја да унесете исправан код пре него што Вам се трајно закључа SIM картица. Погледајте документацију коју сте добили уз SIM картицу или контактирајте мрежног оператера за више информација.","_[many]":"Имате још {{n}} покушаја да унесете исправан код пре него што Вам се трајно закључа SIM картица. Погледајте документацију коју сте добили уз SIM картицу или контактирајте мрежног оператера за више информација.","_[other]":"Имате још {{n}} покушаја да унесете исправан код пре него што Вам се трајно закључа SIM картица. Погледајте документацију коју сте добили уз SIM картицу или контактирајте мрежног оператера за више информација."},"pukLastChanceMsg":{"_":"Ово је последња прилика да унесете исправну PUK шифру. Ваша SIM картица ће бити трајно неупотребљива уколико унесете погрешну PUK шифру. Погледајте упутство SIM картице или се обратите оператеру за више информација."},"newSimPinMsg":{"_":"Направите PIN (мора садржати 4 до 8 цифара)"},"confirmNewSimPinMsg":{"_":"Потврдите нови PIN"},"newPinErrorMsg":{"_":"PIN шифре се не слажу."},"nckErrorMsg":{"_":"NCK је нетачан."},"nckAttemptMsg2":{"_":"{[ plural(n) ]}","_[one]":"Грешка при захтеву за откључавање телефона (Network depersonalization request). Имате још један покушај да унесете исправан код. Погледајте документацију коју сте добили уз уређај који користите или контактирајте свог мрежног оператера за више информација.","_[two]":"Грешка при захтеву за откључавање телефона (Network depersonalization request). Имате још {{n}} покушаја да унесете исправан код. Погледајте документацију коју сте добили уз уређај који користите или контактирајте свог мрежног оператера за више информација.","_[few]":"Грешка при захтеву за откључавање телефона (Network depersonalization request). Имате још {{n}} покушаја да унесете исправан код. Погледајте документацију коју сте добили уз уређај који користите или контактирајте свог мрежног оператера за више информација.","_[many]":"Грешка при захтеву за откључавање телефона (Network depersonalization request). Имате још {{n}} покушаја да унесете исправан код. Погледајте документацију коју сте добили уз уређај који користите или контактирајте свог мрежног оператера за више информација.","_[other]":"Грешка при захтеву за откључавање телефона (Network depersonalization request). Имате још {{n}} покушаја да унесете исправан код. Погледајте документацију коју сте добили уз уређај који користите или контактирајте свог мрежног оператера за више информација."},"nckLastChanceMsg":{"_":"Неуспешан захтев деперсонализације мреже. Ово је последња прилика за унос исправне NCK шифре. Погледајте упутство за уређај или се обратите оператеру за више информација."},"activity-pick":{"_":"Изабери у:"},"activity-view":{"_":"Прегледај помоћу:"},"activity-test":{"_":"Испробај помоћу:"},"activity-share":{"_":"Подели са:"},"activity-new":{"_":"Направи помоћу:"},"activity-open":{"_":"Отвори помоћу:"},"activity-save-bookmark":{"_":"Забележи у:"},"activity-record":{"_":"Сними из:"},"activity-browse":{"_":"Прегледај помоћу:"},"activity-configure":{"_":"Подеси помоћу:"},"activity-dial":{"_":"Позови из:"},"persona-signin":{"_":"Пријава"},"payment-flow":{"_":"Купи"},"remoteDebuggerMessage":{"_":"Примљен је долазни захтев за дозволу удаљене исправке грешака. Дозволити везу?"},"fullscreen-request":{"_":"{{origin}} је сада преко целог екрана."},"captive-wifi-available":{"_":"Нађена је мрежа {{networkName}}. Повежи се?"},"ceWarningtitle":{"_":"Упозорење о јачини"},"ceWarningcontent":{"_":"Да бисте избегли могуће оштећење слуха, немојте дуго користити максималну јачину звука."},"notification-powersaving-mode-on-title":{"_":"Режим штедње батерије"},"notification-powersaving-mode-on-description":{"_":"Режим штедње батерије је укључен."},"low-device-storage":{"_":"Понестаје Вам простора на уређају.\n"},"free-space":{"_":"{[ plural(value) ]}","_[zero]":"Нема слободног простора.","_[one]":"Остало је мање од {{value}} {{unit}}.","_[two]":"Остало је мање од {{value}} {{unit}}.","_[few]":"Остало је мање од {{value}} {{unit}}.","_[many]":"Остало је мање од {{value}} {{unit}}.","_[other]":"Остало је мање од {{value}} {{unit}}."},"unknown-free-space":{"_":"Непозната величина слободног простора."},"system-alert":{"_":"Системска узбуна"},"cb-channel":{"_":"Канал {{channel}}"},"icc-message-title":{"_":"Порука оператера од SIM {{id}}"},"icc-confirmCall-defaultmessage":{"_":"Позвати {{number}}?"},"icc-alertMessage-defaultmessage":{"_":"Слање поруке"},"icc-confirmMessage-defaultmessage":{"_":"Послати поруку?"},"icc-inputbox-title":{"_":"STK упит од SIM {{id}}"},"emergency-callback-mode":{"_":"Режим хитног позива"},"emergency-callback-message":{"_":"Позиви, поруке и интернет су онемогућени због режима хитног позива. Да ли желите да искључите овај режим?"},"cdma-record-info":{"_":"Информације CDMA записа"},"ime-switching-title":{"_":"{{appName}}: {{name}}"},"ime-switching-tip":{"_":"Притисните за промену методе уноса"},"layout-selection":{"_":"Одабир распореда"},"shrinking-tip":{"_":"Превуците да бисте поделили"},"download_started":{"_":"Преузимање је започело"},"download_stopped":{"_":"Преузимање је заустављено"},"download_downloading":{"_":"Преузимам…"},"download_succeeded":{"_":"Преузимање успешно"},"download_failed":{"_":"Преузимање неуспешно"},"download_text_by_default":{"_":"{{name}}"},"download_downloading_text_2":{"_":"{{percentage}}% - {{name}}"},"search":{"_":"Претражи"},"search-or-type-address":{"placeholder":"Претражите или укуцајте адресу"},"noSIMCardInHotspot":{"_":"SIM картица није пронађена или је неправилно убачена, искључите hotspot"},"brandShortName":{"_":"B2G OS"},"browserBrandShortName":{"_":"Веб прегледач"},"browserBrandFullName":{"_":"Mozilla веб прегледач"},"weekday-0-long":{"_":"Недеља"},"weekday-1-long":{"_":"Понедељак"},"weekday-2-long":{"_":"Уторак"},"weekday-3-long":{"_":"Среда"},"weekday-4-long":{"_":"Четвртак"},"weekday-5-long":{"_":"Петак"},"weekday-6-long":{"_":"Субота"},"weekday-0-short":{"_":"Нед"},"weekday-1-short":{"_":"Пон"},"weekday-2-short":{"_":"Уто"},"weekday-3-short":{"_":"Сре"},"weekday-4-short":{"_":"Чет"},"weekday-5-short":{"_":"Пет"},"weekday-6-short":{"_":"Суб"},"month-0-long":{"_":"јануар"},"month-1-long":{"_":"фебруар"},"month-2-long":{"_":"март"},"month-3-long":{"_":"април"},"month-4-long":{"_":"мај"},"month-5-long":{"_":"јун"},"month-6-long":{"_":"јул"},"month-7-long":{"_":"август"},"month-8-long":{"_":"септембар"},"month-9-long":{"_":"октобар"},"month-10-long":{"_":"новембар"},"month-11-long":{"_":"децембар"},"month-0-genitive":{"_":"јануара"},"month-1-genitive":{"_":"фебруара"},"month-2-genitive":{"_":"марта"},"month-3-genitive":{"_":"априла"},"month-4-genitive":{"_":"маја"},"month-5-genitive":{"_":"јуна"},"month-6-genitive":{"_":"јула"},"month-7-genitive":{"_":"августа"},"month-8-genitive":{"_":"септембра"},"month-9-genitive":{"_":"октобра"},"month-10-genitive":{"_":"новембра"},"month-11-genitive":{"_":"децембра"},"month-0-short":{"_":"јан"},"month-1-short":{"_":"феб"},"month-2-short":{"_":"мар"},"month-3-short":{"_":"апр"},"month-4-short":{"_":"мај"},"month-5-short":{"_":"јун"},"month-6-short":{"_":"јул"},"month-7-short":{"_":"авг"},"month-8-short":{"_":"сеп"},"month-9-short":{"_":"окт"},"month-10-short":{"_":"нов"},"month-11-short":{"_":"дец"},"minutes-ago-long":{"_":"{[ plural(value) ]}","_[zero]":"управо","_[one]":"пре минут","_[two]":"пре {{value}} минута","_[few]":"пре {{value}} минута","_[many]":"пре {{value}} минута","_[other]":"пре {{value}} минута"},"hours-ago-long":{"_":"{[ plural(value) ]}","_[zero]":"управо","_[one]":"пре сат времена","_[two]":"пре {{value}} сата","_[few]":"пре {{value}} сати","_[many]":"пре {{value}} сати","_[other]":"пре {{value}} сати"},"days-ago-long":{"_":"{[ plural(value) ]}","_[zero]":"данас","_[one]":"јуче","_[two]":"пре {{value}} дана","_[few]":"пре {{value}} дана","_[many]":"пре {{value}} дана","_[other]":"пре {{value}} дана"},"weeks-ago-long":{"_":"{[ plural(value) ]}","_[zero]":"ове недеље","_[one]":"прошле недеље","_[two]":"пре {{value}} недеље","_[few]":"пре {{value}} недеља","_[many]":"пре {{value}} недеља","_[other]":"пре {{value}} недеља"},"months-ago-long":{"_":"{[ plural(value) ]}","_[zero]":"овог месеца","_[one]":"прошлог месеца","_[two]":"пре {{value}} месеца","_[few]":"пре {{value}} месеци","_[many]":"пре {{value}} месеци","_[other]":"пре {{value}} месеци"},"years-ago-long":{"_":"{[ plural(value) ]}","_[zero]":"ове године","_[one]":"прошле године","_[two]":"пре {{value}} године","_[few]":"пре {{value}} година","_[many]":"пре {{value}} година","_[other]":"пре {{value}} година"},"minutes-until-long":{"_":"{[ plural(value) ]}","_[zero]":"управо","_[one]":"за један минут","_[two]":"за {{value}} минута","_[few]":"за {{value}} минута","_[many]":"за {{value}} минута","_[other]":"за {{value}} минута"},"hours-until-long":{"_":"{[ plural(value) ]}","_[zero]":"управо","_[one]":"за сат времена","_[two]":"за {{value}} сата","_[few]":"за {{value}} сати","_[many]":"за {{value}} сати","_[other]":"за {{value}} сати"},"days-until-long":{"_":"{[ plural(value) ]}","_[zero]":"данас","_[one]":"сутра","_[two]":"за {{value}} дана","_[few]":"за {{value}} дана","_[many]":"за {{value}} дана","_[other]":"за {{value}} дана"},"weeks-until-long":{"_":"{[ plural(value) ]}","_[zero]":"ове недеље","_[one]":"следеће недеље","_[two]":"за {{value}} недеље","_[few]":"за {{value}} недеља","_[many]":"за {{value}} недеља","_[other]":"за {{value}} недеља"},"months-until-long":{"_":"{[ plural(value) ]}","_[zero]":"овог месеца","_[one]":"следећег месеца","_[two]":"за {{value}} месеца","_[few]":"за {{value}} месеци","_[many]":"за {{value}} месеци","_[other]":"за {{value}} месеци"},"years-until-long":{"_":"{[ plural(value) ]}","_[zero]":"ове године","_[one]":"следеће године","_[two]":"за {{value}} године","_[few]":"за {{value}} година","_[many]":"за {{value}} година","_[other]":"за {{value}} година"},"minutes-ago-short":{"_":"{[ plural(value) ]}","_[zero]":"управо","_[other]":"пре {{value}}м"},"hours-ago-short":{"_":"{[ plural(value) ]}","_[zero]":"управо","_[other]":"пре {{value}}с"},"days-ago-short":{"_":"{[ plural(value) ]}","_[zero]":"данас","_[other]":"пре {{value}}д"},"minutes-until-short":{"_":"{[ plural(value) ]}","_[zero]":"управо","_[other]":"за {{value}}м"},"hours-until-short":{"_":"{[ plural(value) ]}","_[zero]":"управо","_[other]":"за {{value}}с"},"days-until-short":{"_":"{[ plural(value) ]}","_[zero]":"данас","_[other]":"за {{value}}д"},"incorrectDate":{"_":"(нетачан датум)"},"dateTimeFormat_%c":{"_":"%a %e %b %Y %H:%M:%S"},"dateTimeFormat_%x":{"_":"%d.%m.%Y"},"dateTimeFormat_%X":{"_":"%H:%M:%S"},"shortTimeFormat":{"_":"%H:%M"},"shortDateTimeFormat":{"_":"%x %H:%M"},"weekStartsOnMonday":{"_":"1"},"time_am":{"_":"AM"},"time_pm":{"_":"PM"},"perm-contacts":{"_":"Контакти"},"perm-contacts-appRequest":{"_":"{{app}} жели да приступи Вашим контактима."},"perm-contacts-webRequest":{"_":"{{site}} жели да приступи Вашим контактима."},"perm-desktop-notification":{"_":"Обавештења"},"perm-desktop-notification-appRequest":{"_":"{{app}} жели да приказује обавештења."},"perm-desktop-notification-webRequest":{"_":"{{site}} жели да приказује обавештења."},"perm-device-storage-music":{"_":"Складиште музике"},"perm-device-storage-music-appRequest":{"_":"{{app}} жели да приступи Вашој музици."},"perm-device-storage-music-webRequest":{"_":"{{site}} жели да приступи Вашој музици."},"perm-device-storage-pictures":{"_":"Складиште слика"},"perm-device-storage-pictures-appRequest":{"_":"{{app}} жели да приступи Вашим сликама."},"perm-device-storage-pictures-webRequest":{"_":"{{site}} жели да приступи Вашим сликама."},"perm-device-storage-sdcard":{"_":"Складиште меморијске картице"},"perm-device-storage-sdcard-appRequest":{"_":"{{app}} жели да приступи Вашој меморијској картици."},"perm-device-storage-sdcard-webRequest":{"_":"{{site}} жели да приступи Вашој меморијској картици."},"perm-device-storage-videos":{"_":"Складиште видео снимака"},"perm-device-storage-videos-appRequest":{"_":"{{app}} жели да приступи Вашим видео снимцима."},"perm-device-storage-videos-webRequest":{"_":"{{site}} жели да приступи Вашим видео снимцима."},"perm-fmradio":{"_":"FМ Радио"},"perm-fmradio-appRequest":{"_":"{{app}} жели да користи FM радио."},"perm-fmradio-webRequest":{"_":"{{site}} жели да користи FM радио."},"perm-geolocation":{"_":"Геолокација"},"perm-geolocation-appRequest":{"_":"{{app}} жели да зна Вашу локацију."},"perm-geolocation-webRequest":{"_":"{{site}} жели да зна Вашу локацију."},"perm-geolocation-more-info":{"_":"{{brandShortName}} користи GPS податке, Wi-Fi податке и податке мобилних мрежа у Вашој близини ради утврђивања Ваше приближне локације. Подаци се шаљу Mozilla фондацији и осталим пружаоцима услуга и биће коришћени за унапређивање базе података са локацијама. Подаци могу бити смештени на Вашем уређају а прикупљање података може почети у било ком тренутку, чак и када ни једна апликација није покренута."},"perm-video-capture":{"_":"Камера"},"perm-video-capture-appRequest":{"_":"Да ли бисте желели да поделите Вашу камеру са {{app}}?"},"perm-video-capture-webRequest":{"_":"Да ли бисте желели да поделите Вашу камеру са {{site}}?"},"perm-audio-capture":{"_":"Микрофон"},"perm-audio-capture-appRequest":{"_":"Да ли бисте желели да поделите Ваш микрофон са {{app}}?"},"perm-audio-capture-webRequest":{"_":"Да ли бисте желели да поделите Ваш микрофон са {{site}}?"},"perm-media-capture":{"_":"Камера и микрофон"},"perm-media-capture-appRequest":{"_":"Да ли бисте желели да поделите Вашу камеру и микрофон са {{app}}?"},"perm-media-capture-webRequest":{"_":"Да ли бисте желели да поделите Вашу камеру и микрофон са {{site}}?"},"stopped_download_title":{"_":"Преузимање заустављено"},"stopped_download_message":{"_":"Прузимање је заустављено. Покушати поново преузети?"},"stopped_download_left_button":{"_":"Откажи"},"stopped_download_right_button":{"_":"Покушај"},"failed_download_title":{"_":"Преузимање неуспешно"},"failed_download_message":{"_":"{{name}} није преузет. Покушати поново преузети?"},"failed_download_left_button":{"_":"Откажи"},"failed_download_right_button":{"_":"Покушај"},"stop_download_title":{"_":"Заустави преузимање"},"stop_download_message":{"_":"Да ли сте сигурни да желите зауставити преузимање?"},"stop_download_left_button":{"_":"Не"},"stop_download_right_button":{"_":"Да"},"delete_download_title":{"_":"Избриши"},"delete_download_message":{"_":"Избриши {{name}}?"},"delete_download_left_button":{"_":"Откажи"},"delete_download_right_button":{"_":"Избриши"},"delete_all_download_title":{"_":"Избриши"},"delete_all_download_left_button":{"_":"Откажи"},"delete_all_download_right_button":{"_":"Избриши"},"delete_all_download_message":{"_":"{[ plural(number) ]}","_[zero]":"Немој избрисати датотеке?","_[one]":"Избрисати једну датотеку?","_[two]":"Избрисати {{number}} датотеке?","_[few]":"Избрисати {{number}} датотека?","_[many]":"Избрисати {{number}} датотека?","_[other]":"Избрисати {{number}} датотека?"},"unsupported_file_type_download_title":{"_":"Не могу отворити"},"unsupported_file_type_download_message":{"_":"Не постоји апликација са којом можете отворити {{name}}. Да ли желите да сачувате датотеку или да је избришете?"},"unsupported_file_type_download_left_button":{"_":"Сачувај"},"unsupported_file_type_download_right_button":{"_":"Избриши"},"file_not_found_download_title":{"_":"Датотека није пронађена"},"file_not_found_download_message":{"_":"Датотека није пронађена на уређају"},"file_not_found_download_right_button":{"_":"У реду"},"unmounted_sdcard_2_download_title":{"_":"Меморијска картица је у употреби"},"unmounted_sdcard_2_download_message":{"_":"Искључите кабел из телефона"},"unmounted_sdcard_2_download_right_button":{"_":"У реду"},"no_provider_download_title":{"_":"Не могу делити"},"no_provider_download_message":{"_":"Није пронађен провајдер"},"no_provider_download_right_button":{"_":"У реду"},"no_memory_download_title":{"_":"SD картица је пуна"},"no_memory_download_message":{"_":"Нема више места на Вашој SD картици за чувавање преузимања. Молимо Вас избришите неке датотеке пре него што поново покушате преузети датотеке."},"no_memory_download_right_button":{"_":"У реду"},"no_sdcard_found_2_download_title":{"_":"Није пронађена меморијска картица"},"no_sdcard_found_2_download_message":{"_":"Убаците меморијску картицу или одаберите друго подразумевано место за чување медија у поставкама"},"no_sdcard_found_2_download_right_button":{"_":"У реду"},"file_open_error_download_title":{"_":"Не могу отворити"},"file_open_error_download_message":{"_":"Не могу отворити датотеку {{name}}. Да ли желите да је сачувате или избришете?"},"file_open_error_download_left_button":{"_":"Сачувај"},"file_open_error_download_right_button":{"_":"Избриши"},"restart_download_error":{"_":"Дошло је до грешке приликом поновног покушаја преузимања. Молимо Вас покушајте да поново преузмете."},"no-downloads":{"_":"Нема преузимања"},"percentage":{"_":"{{percentage}} %"},"partialResult":{"_":"{{partial}} од {{total}}"},"summary":{"_":"{{date}} - {{status}}"},"download-stopped":{"_":"Заустављено"},"download-failed":{"_":"Преузимање неуспешно"},"open_downloaded_file":{"_":"Отвори"},"share_downloaded_file":{"_":"Подели"},"wallpaper_downloaded_file":{"_":"Постави као позадину"},"ringtone_downloaded_file":{"_":"Постави као мелодију"},"cancel_downloaded_file":{"_":"Откажи"},"sim-picker-dial-via-with-number":{"_":"Позови {{ phoneNumber }} преко"},"sim-picker-select-sim":{"_":"Изабери SIM"},"sim-picker-button":{"_":"SIM{{ n }}"},"sim-picker-button-default":{"_":"(подразумеван)"}}