{"ok":{"_":"U redu"},"back":{"_":"Nazad"},"help":{"_":"Pomoć"},"cancel":{"_":"Otkaži"},"close":{"_":"Zatvori"},"skip":{"_":"Preskoči"},"airplaneMode":{"_":"Režim rada u avionu"},"searching":{"_":"Pretraga…"},"noNetwork":{"_":"Nema mreže"},"roaming":{"_":"{{operator}} (Roming)"},"emergencyCallsOnly":{"_":"Samo hitni pozivi"},"emergencyCallsOnly-unknownSIMState":{"_":"(nepoznat SIM status)"},"emergencyCallsOnly-noSIM":{"_":"(Nema SIM kartice)"},"emergencyCallsOnly-pinRequired":{"_":"(SIM PIN je neophodan)"},"emergencyCallsOnly-pukRequired":{"_":"(SIM PUK je neophodan)"},"emergencyCallsOnly-networkLocked":{"_":"(mreža je zaključana)"},"emergencyCallsOnly-serviceProviderLocked":{"_":"(zaključan od strane provajdera)"},"emergencyCallsOnly-corporateLocked":{"_":"(zaključan od strane kompanije)"},"enterPIN":{"_":"Unesite PIN"},"statusbarLabel":{"_":"{{date}}, {{operator}}"},"statusbarDateFormat":{"_":"%e %b"},"notifications":{"_":"Obaveštenja"},"clear-all":{"_":"Očisti sve"},"newVoicemails":{"_":"{[ plural(n) ]}","_[zero]":"Nema nove govorne poruke","_[one]":"Jedna nova govorna poruka","_[two]":"{{n}} nove govorne poruke","_[few]":"{{n}} nove govornih poruka","_[many]":"{{n}} novih govornih poruka","_[other]":"{{n}} novih govornih poruka"},"newVoicemailsUnknown":{"_":"Nova govorna poruka"},"dialNumber":{"_":"Pozovi {{number}}"},"deviceMenu":{"_":"Telefon"},"airplane":{"_":"Uključi režim rada u avionu"},"airplaneOff":{"_":"Isključi režim rada u avionu"},"silent":{"_":"Utišaj dolazne pozive"},"normal":{"_":"Uključi zvono dolaznim pozivima"},"restart":{"_":"Ponovo pokreni sistem"},"power":{"_":"Isključi"},"asyncpanzoom":{"_":"Onemogući APZ za aplikacije"},"asyncpanzoomOff":{"_":"Omogući APZ za aplikacije"},"enableScreenReaderSteps":{"_":"Da omogućite čitač ekrana, pritisnite dugme za pojačanje jačine zvuka i zatim dugme za smanjenje jačine zvuka još tri puta"},"disableScreenReaderSteps":{"_":"Da onemogućite čitač ekrana, pritisnite dugme za pojačanje jačine zvuka i zatim dugme za smanjenje jačine zvuka još tri puta"},"no-recent-apps":{"_":"Nema aktivnih aplikacija"},"yes":{"_":"Da"},"no":{"_":"Ne"},"deny":{"_":"Odbij"},"allow":{"_":"Dozvoli"},"dontshare-geolocation":{"_":"Nemoj"},"share-geolocation":{"_":"Dozvoli"},"dontshare-audio-capture":{"_":"Nemoj\t"},"share-audio-capture":{"_":"Dozvoli"},"dontshare-video-capture":{"_":"Nemoj"},"share-video-capture":{"_":"Dozvoli"},"dontshare-media-capture":{"_":"Nemoj"},"share-media-capture":{"_":"Dozvoli"},"device-front":{"_":"Prednja kamera"},"device-back":{"_":"Kamera na poleđini"},"remember-my-choice":{"_":"Zapamti moj izbor"},"more-info":{"_":"Više informacija…"},"install-app":{"_":"Instalirati {{name}}?"},"size":{"_":"Veličina"},"author":{"_":"Autor"},"size-unknown":{"_":"Nepoznata"},"author-unknown":{"_":"Nepoznat"},"install":{"_":"Instaliraj"},"bytes":{"_":"bajta"},"kB":{"_":"kB"},"MB":{"_":"MB"},"GB":{"_":"GB"},"TB":{"_":"TB"},"PB":{"_":"PB"},"app-install-generic-error":{"_":"Preuzimanje {{ appName }} zaustavljeno"},"app-install-download-failed":{"_":"{{ appName }} neuspešno preuzet"},"app-install-install-failed":{"_":"{{ appName }} neuspešno instaliran"},"cancelling-will-not-refund":{"_":"Odustanak neće poništiti izvršeno plaćanje. Povraćaj plaćenog sadržaja pruža izvorni prodavac."},"apps-can-be-installed-later":{"_":"Aplikacije mogu biti instalirane kasnije iz izvornog porekla instalacije."},"are-you-sure-you-want-to-cancel":{"_":"Da li ste sigurni da želite otkazati instalaciju?"},"cancel-install":{"_":"Otkaži"},"resume":{"_":"Nastavi"},"continue":{"_":"Nastavi"},"stopDownloading":{"_":"Zaustaviti preuzimanje {{ app }}?"},"app-download-can-be-restarted":{"_":"Preuzimanje može biti nastavljeno kasnije."},"app-download-stop-button":{"_":"Zaustavi preuzimanje"},"not-enough-space":{"_":"Nema dovoljno prostora"},"not-enough-space-message":{"_":"Nema dovoljno prostora za instalaciju ove aplikacije. Oslobodite prostor brisanjem starih aplikacija ili sadržaja, zatim ponovite instalaciju iz prvobitnog izvora."},"app-install-success":{"_":"{{ appName }} instaliran"},"setup":{"_":"Konfiguracija"},"ime-addkeyboards":{"_":"Dodaj tastature"},"later":{"_":"Kasnije"},"download":{"_":"Preuzimanje"},"wantToDownload":{"_":"Preuzeti nadogradnju sada?"},"wantToInstall":{"_":"Nadograditi sada?"},"installNow":{"_":"Instaliraj sada"},"notNow":{"_":"Ne sada"},"downloadingUpdateMessage":{"innerHTML":"Preuzimanje nadogradnji… <span>{{ progress }} preuzeto.</span>"},"downloadingAppMessage":{"_":"Preuzimanje {{ appName }}"},"downloadingAppProgressNoMax":{"_":"{{ progress }} je preuzeto"},"downloadingAppProgressIndeterminate":{"_":"Preuzimanje"},"downloadingAppProgress":{"_":"{{ progress }} / {{ max }} je preuzeto"},"cancelAllDownloads":{"_":"Otkaži sva preuzimanja"},"wantToCancelAll":{"_":"Da li ste sigurni da želite otkazati sva preuzimanja?"},"downloadError":{"_":"Desila se greška prilikom preuzimanja nadogradnji."},"updateAvailableInfo":{"innerHTML":"{[ plural(n) ]}","innerHTML[one]":"{{ n }} nadogradnja je dostupna. <span>Pritisnite za više informacija.</span>","innerHTML[two]":"{{ n }} nadogradnje su dostupne. <span>Pritisnite za više informacija.</span>","innerHTML[few]":"{{ n }} nadogradnji je dostupno. <span>Pritisnite za više informacija.</span>","innerHTML[many]":"{{ n }} nadogradnji je dostupno. <span>Pritisnite za više informacija.</span>","innerHTML[other]":"{{ n }} nadogradnji je dostupno. <span>Pritisnite za više informacija.</span>"},"numberOfUpdates":{"_":"{[ plural(n) ]}","_[one]":"{{ n }} nadogradnja je dostupna","_[two]":"{{ n }} nadogradnje su dostupne","_[few]":"{{ n }} nadogradnji je dostupno","_[many]":"{{ n }} nadoradnji je dostupno","_[other]":"{{ n }} nadoradnji je dostupno"},"systemUpdate":{"_":"Nadogradnja sistema"},"systemUpdateReady":{"_":"Nadogradnja sistema je spremna"},"required":{"_":"Neophodna"},"uncompressingMessage":{"innerHTML":"Raspakivanje… <span>Ovo može potrajati nekoliko minuta.</span>"},"downloadNoWifiWarning":{"_":"Wi-Fi mreža nije dostupna. Nadogradnja preko trenutne veze može uzrokovati dodatne troškove."},"downloadOfflineWarning":{"_":"Veza nije dostupna. Povežite se na mrežu da biste preuzeli nadogradnje."},"downloadDataConnectionWarning":{"_":"Nadogradnje se preuzimaju putem mobilne mreže kada Wi-Fi mreža nije dostupna. Ova usluga može biti dodatno naplaćena."},"downloadUpdatesViaDataConnection":{"_":"Preuzmi nadogradnje preko mobilne mreže?"},"downloadUpdatesViaDataConnectionMessage":{"_":"Nadogradnje se preuzimaju putem mobilne mreže kada Wi-Fi mreža nije dostupna. Kada koristite mobilnu mrežu za internet, pozivi mogu biti blokirani i ova usluga može biti dodatno naplaćena."},"screenshotSaved":{"_":"Snimak ekrana sačuvan"},"screenshotFailed":{"_":"Snimak nije sačuvan"},"screenshotNoSDCard":{"_":"Nije pronađena memorijska kartica"},"screenshotSDCardInUse":{"_":"Memorijska kartica je u upotrebi"},"screenshotSDCardLow":{"_":"Nema dovoljno prostora na memorijskoj kartici"},"emergency-call-button":{"_":"Hitan poziv"},"emergency-call":{"_":"Hitan poziv"},"unlock-a11y-button":{"ariaLabel":"Otključaj"},"camera-a11y-button":{"ariaLabel":"Kamera"},"longDateFormat":{"_":"%A, %e %B"},"softwareHomeButton":{"ariaLabel":"Početna"},"login":{"_":"Prijavi se"},"username":{"_":"Korisničko ime"},"password":{"_":"Lozinka"},"http-authentication-message":{"_":"{{host}} zahteva korisničko ime i lozinku. Veb sajt poručuje: “{{realm}}”"},"error-message":{"_":"{{name}} se ne učitava valjano"},"error-title":{"_":"{{name}} ima poteškoća"},"airplane-is-on":{"_":"Režim rada u avionu je uključen"},"airplane-is-turned-on":{"_":"{{name}} zahteva mrežnu vezu. Isključite režim rada u avionu iz postavki i povežite se na Wi-Fi mrežu ili uključite prenos podataka."},"server-not-found":{"_":"Server nije pronađen"},"server-not-found-error":{"_":"Ne mogu pronaći server na {{name}}."},"network-connection-unavailable":{"_":"Mrežna veza nije dostupna"},"network-error":{"_":"{{name}} zahteva mrežnu vezu. Pokušajte da se povežete na bežičnu mrežu ili uključite prenos podataka."},"unable-to-connect":{"_":"Nije se moguće povezati"},"tap-to-retry":{"_":"Pritisnite da pokušate ponovo"},"try-again":{"_":"Pokušaj ponovo"},"select-time":{"_":"Odaberite vreme"},"choose-option":{"_":"Odaberi"},"choose-options":{"_":"Odaberi"},"select-day":{"_":"Odaberite dan"},"battery-almost-empty":{"_":"Baterija je skoro prazna"},"add-to-home-screen":{"_":"Dodaj na početni ekran"},"crash-dialog2-os":{"_":"{{brandShortName}} se upravo oporavio od rušenja"},"crash-dialog-app":{"_":"{{name}} se upravo srušio"},"crash-dialog-message":{"_":"Da li biste želeli da pošaljete Mozilla fondaciji izveštaj o rušenju kako biste nam pomogli da rešimo poteškoće? (Izveštaji se šalju samo preko Wi-Fi mreže)"},"crash-info-link":{"_":"Šta sadrži izveštaj o rušenju?"},"crash-always-report":{"_":"Uvek pošalji izveštaj Mozilla fondaciji kada dođe do rušenja."},"crash-dont-send":{"_":"Ne šalji"},"crash-end":{"_":"Pošalji"},"crashReports":{"_":"Izveštaj"},"done":{"_":"Gotovo"},"crash-reports-description-1":{"_":"Izveštaj o rušenju sadrži neke pojedinosti o rušenju i Vašem uređaju, kao i sliku stanja uređaja u trenutku rušenja"},"crash-reports-description-2":{"_":"U njemu mogu biti obuhvaćene stavke poput otvorenih stranica i aplikacija, teksta unošenog u obrazce, sadržaja otvorenih poruka ili geolokacijske informacije korišćenog u otvorenoj aplikaciji."},"crash-reports-description-3-start":{"_":"Izveštaje o rušenju koristimo da bismo pokušali ispraviti poteškoće i poboljšali naše proizvode. Vašim podacima upravljamo na način opisan u našoj"},"crash-reports-description-3-privacy":{"_":"polisi privatnosti"},"crash-reports-description-3-end":{"_":"."},"crash-banner-os2":{"_":"{{brandShortName}} se upravo srušio."},"crash-banner-app":{"_":"{{name}} se upravo srušio."},"crash-banner-report":{"_":"Izveštaj"},"bluetooth-sendingTitle":{"_":"Slanje datoteke.."},"bluetooth-receivingTitle":{"_":"Primanje datoteke.."},"bluetooth-sending-progress":{"_":"Šaljem datoteku.."},"bluetooth-receiving-progress":{"_":"Primam datoteku.."},"acceptFileTransfer":{"_":"Prihvati datoteku?"},"wantToReceiveFile":{"_":"{{deviceName}} bi želeo da prenese {{fileName}} ({{fileSize}})."},"transfer-confirmation-title":{"_":"{{deviceName}}"},"transfer-confirmation-description":{"_":"Pregledajte zahtev za prenos."},"byteUnit-B":{"_":"bajta"},"byteUnit-KB":{"_":"KB"},"byteUnit-MB":{"_":"MB"},"byteUnit-GB":{"_":"GB"},"byteUnit-TB":{"_":"TB"},"byteUnit-PB":{"_":"PB"},"byteUnit-EB":{"_":"EB"},"byteUnit-ZB":{"_":"ZB"},"byteUnit-YB":{"_":"YB"},"fileSize":{"_":"{{size}} {{unit}}"},"transfer":{"_":"Prenesi"},"cancelFileTransfer":{"_":"Otkaži prenos datoteka preko Bluetooth-a?"},"transfer-has-started-title":{"_":"Prenos je počeo"},"transfer-has-started-description":{"_":"Proverite tok prenosa"},"transferFinished-sentSuccessful-title":{"_":"Datoteka poslata"},"transferFinished-receivedSuccessful-title":{"_":"Datoteka primljena"},"transferFinished-sentFailed-title":{"_":"Datoteka nije poslata"},"transferFinished-receivedFailed-title":{"_":"Primanje neuspelo"},"transferReport-title":{"_":"Izveštaj prenosa:"},"transferReport-description":{"_":"{{numSuccessful}} uspešno, {{numUnsuccessful}} neuspešno"},"unknown-file":{"_":"Nepoznata datoteka"},"unknown-device":{"_":"Nepoznati uređaj"},"cannotOpenFile":{"_":"Primljena datoteka se ne može otvoriti"},"unknownMediaTypeToOpen":{"_":"Ne može se otvoriti nepoznata vrsta medija:"},"cannotReceiveFile":{"_":"Ne može se primiti datoteka"},"cannotGetStorageState":{"_":"Nije moguće dobaviti stanje skladišta uređaja"},"sdcard-not-exist2":{"_":"Nije pronađena memorijska kartica. Molim Vas, umetnite memorijsku karticu."},"sdcard-in-use":{"_":"Bluetooth se ne može koristiti dok je telefon prikačen na kabel. Molim Vas, otkačite kabel za primanje datoteke(a)."},"sdcard-no-space2":{"_":"Nije moguće završiti prenos: memorijska kartica je puna."},"unknown-error":{"_":"Nepoznata greška"},"confirm":{"_":"Potvrdi"},"microphone-is-on":{"_":"Mikrofon je uključen"},"camera-is-on":{"_":"Kamera je uključena"},"media-is-on":{"_":"Kamera i mikrofon su uključeni"},"noSimCard":{"_":"Nema SIM kartice"},"simPin":{"_":"SIM PIN"},"pukCode":{"_":"PUK kod"},"nckCode":{"_":"NCK kod"},"cckCode":{"_":"CCK kod"},"spckCode":{"_":"SPCK kod"},"whatIsSimPin":{"_":"Šta je SIM PIN?"},"simPinIntro1":{"_":"SIM PIN sprečava pristup mrežnim podacima mobilne telefonije SIM kartice. Kada je omogućen, bilo koji uređaj koji sadrži SIM karticu će tražiti unos PIN-a posle ponovnog pokretanja"},"simPinIntro2":{"_":"SIM PIN nije isto što i lozinka koja se koristi za otključavanje uređaja."},"changeSimPin":{"_":"Promeni PIN"},"pinTitle":{"_":"Unesite SIM PIN"},"multiSIMpinTitle":{"_":"Unesite SIM {{n}} PIN"},"pukTitle":{"_":"Unesite PUK kod"},"nckTitle":{"_":"Unesite NCK kod"},"cckTitle":{"_":"Unesite CCK kod"},"spckTitle":{"_":"Unesite SPCK kod"},"newpinTitle":{"_":"Novi PIN"},"inputCodeRetriesLeft":{"_":"{[ plural(n) ]}","_[one]":"poslednji pokušaj.","_[two]":"preostala {{n}} pokušaja.","_[few]":"preostalo {{n}} pokušaja.","_[many]":"preostalo {{n}} pokušaja.","_[other]":"preostalo {{n}} pokušaja."},"pinErrorMsg":{"_":"PIN nije ispravan."},"pinAttemptMsg2":{"_":"{[ plural(n) ]}","_[one]":"Imate još jedan pokušaj da unesete ispravan kod pre nego što SIM kartica bude zaključana.","_[two]":"Imate još {{n}} pokušaja da unesete ispravan kod pre nego što SIM kartica bude zaključana.","_[few]":"Imate još {{n}} pokušaja da unesete ispravan kod pre nego što SIM kartica bude zaključana.","_[many]":"Imate još {{n}} pokušaja da unesete ispravan kod pre nego što SIM kartica bude zaključana.","_[other]":"Imate još {{n}} pokušaja da unesete ispravan kod pre nego što SIM kartica bude zaključana."},"pinLastChanceMsg":{"_":"Ovo je poslednja prilika da unesete ispravan PIN. U suprotnom, morate uneti PUK kod da bi koristili ovu SIM karticu."},"simCardLockedMsg":{"_":"SIM kartica je zaključana."},"enterPukMsg":{"_":"Morate uneti Lični ključ za otključavanje (PUK) SIM kartice. Pogledajte uputstvo SIM kartice ili se obratite operateru za više informacija."},"pukErrorMsg":{"_":"PUK kod je netačan."},"pukAttemptMsg2":{"_":"{[ plural(n) ]}","_[one]":"Imate još jedan pokušaj da unesete ispravan kod pre nego što Vam se trajno zaključa SIM kartica. Pogledajte dokumentaciju koju ste dobili uz SIM karticu ili kontaktirajte mrežnog operatera za više informacija.","_[two]":"Imate još {{n}} pokušaja da unesete ispravan kod pre nego što Vam se trajno zaključa SIM kartica. Pogledajte dokumentaciju koju ste dobili uz SIM karticu ili kontaktirajte mrežnog operatera za više informacija.","_[few]":"Imate još {{n}} pokušaja da unesete ispravan kod pre nego što Vam se trajno zaključa SIM kartica. Pogledajte dokumentaciju koju ste dobili uz SIM karticu ili kontaktirajte mrežnog operatera za više informacija.","_[many]":"Imate još {{n}} pokušaja da unesete ispravan kod pre nego što Vam se trajno zaključa SIM kartica. Pogledajte dokumentaciju koju ste dobili uz SIM karticu ili kontaktirajte mrežnog operatera za više informacija.","_[other]":"Imate još {{n}} pokušaja da unesete ispravan kod pre nego što Vam se trajno zaključa SIM kartica. Pogledajte dokumentaciju koju ste dobili uz SIM karticu ili kontaktirajte mrežnog operatera za više informacija."},"pukLastChanceMsg":{"_":"Ovo je poslednja prilika da unesete ispravnu PUK šifru. Vaša SIM kartica će biti trajno neupotrebljiva ukoliko unesete pogrešnu PUK šifru. Pogledajte uputstvo SIM kartice ili se obratite operateru za više informacija."},"newSimPinMsg":{"_":"Napravite PIN (mora sadržati 4 do 8 cifara)"},"confirmNewSimPinMsg":{"_":"Potvrdite novi PIN"},"newPinErrorMsg":{"_":"PIN šifre se ne slažu."},"nckErrorMsg":{"_":"NCK je netačan."},"nckAttemptMsg2":{"_":"{[ plural(n) ]}","_[one]":"Greška pri zahtevu za otključavanje telefona (Network depersonalization request). Imate još jedan pokušaj da unesete ispravan kod. Pogledajte dokumentaciju koju ste dobili uz uređaj koji koristite ili kontaktirajte svog mrežnog operatera za više informacija.","_[two]":"Greška pri zahtevu za otključavanje telefona (Network depersonalization request). Imate još {{n}} pokušaja da unesete ispravan kod. Pogledajte dokumentaciju koju ste dobili uz uređaj koji koristite ili kontaktirajte svog mrežnog operatera za više informacija.","_[few]":"Greška pri zahtevu za otključavanje telefona (Network depersonalization request). Imate još {{n}} pokušaja da unesete ispravan kod. Pogledajte dokumentaciju koju ste dobili uz uređaj koji koristite ili kontaktirajte svog mrežnog operatera za više informacija.","_[many]":"Greška pri zahtevu za otključavanje telefona (Network depersonalization request). Imate još {{n}} pokušaja da unesete ispravan kod. Pogledajte dokumentaciju koju ste dobili uz uređaj koji koristite ili kontaktirajte svog mrežnog operatera za više informacija.","_[other]":"Greška pri zahtevu za otključavanje telefona (Network depersonalization request). Imate još {{n}} pokušaja da unesete ispravan kod. Pogledajte dokumentaciju koju ste dobili uz uređaj koji koristite ili kontaktirajte svog mrežnog operatera za više informacija."},"nckLastChanceMsg":{"_":"Neuspešan zahtev depersonalizacije mreže. Ovo je poslednja prilika za unos ispravne NCK šifre. Pogledajte uputstvo za uređaj ili se obratite operateru za više informacija."},"activity-pick":{"_":"Izaberi u:"},"activity-view":{"_":"Pregledaj pomoću:"},"activity-test":{"_":"Isprobaj pomoću:"},"activity-share":{"_":"Podeli sa:"},"activity-new":{"_":"Napravi pomoću:"},"activity-open":{"_":"Otvori pomoću:"},"activity-save-bookmark":{"_":"Zabeleži u:"},"activity-record":{"_":"Snimi iz:"},"activity-browse":{"_":"Pregledaj pomoću:"},"activity-configure":{"_":"Podesi pomoću:"},"activity-dial":{"_":"Pozovi iz:"},"persona-signin":{"_":"Prijava"},"payment-flow":{"_":"Kupi"},"remoteDebuggerMessage":{"_":"Primljen je dolazni zahtev za dozvolu udaljene ispravke grešaka. Dozvoliti vezu?"},"fullscreen-request":{"_":"{{origin}} je sada preko celog ekrana."},"captive-wifi-available":{"_":"Nađena je mreža {{networkName}}. Poveži se?"},"ceWarningtitle":{"_":"Upozorenje o jačini"},"ceWarningcontent":{"_":"Da biste izbegli moguće oštećenje sluha, nemojte dugo koristiti maksimalnu jačinu zvuka."},"notification-powersaving-mode-on-title":{"_":"Režim štednje baterije"},"notification-powersaving-mode-on-description":{"_":"Režim štednje baterije je uključen."},"low-device-storage":{"_":"Ponestaje Vam prostora na uređaju.\n"},"free-space":{"_":"{[ plural(value) ]}","_[zero]":"Nema slobodnog prostora.","_[one]":"Ostalo je manje od {{value}} {{unit}}.","_[two]":"Ostalo je manje od {{value}} {{unit}}.","_[few]":"Ostalo je manje od {{value}} {{unit}}.","_[many]":"Ostalo je manje od {{value}} {{unit}}.","_[other]":"Ostalo je manje od {{value}} {{unit}}."},"unknown-free-space":{"_":"Nepoznata veličina slobodnog prostora."},"system-alert":{"_":"Sistemska uzbuna"},"cb-channel":{"_":"Kanal {{channel}}"},"icc-message-title":{"_":"Poruka operatera od SIM {{id}}"},"icc-confirmCall-defaultmessage":{"_":"Pozvati {{number}}?"},"icc-alertMessage-defaultmessage":{"_":"Slanje poruke"},"icc-confirmMessage-defaultmessage":{"_":"Poslati poruku?"},"icc-inputbox-title":{"_":"STK upit od SIM {{id}}"},"emergency-callback-mode":{"_":"Režim hitnog poziva"},"emergency-callback-message":{"_":"Pozivi, poruke i internet su onemogućeni zbog režima hitnog poziva. Da li želite da isključite ovaj režim?"},"cdma-record-info":{"_":"Informacije CDMA zapisa"},"ime-switching-title":{"_":"{{appName}}: {{name}}"},"ime-switching-tip":{"_":"Pritisnite za promenu metode unosa"},"layout-selection":{"_":"Odabir rasporeda"},"shrinking-tip":{"_":"Prevucite da biste podelili"},"download_started":{"_":"Preuzimanje je započelo"},"download_stopped":{"_":"Preuzimanje je zaustavljeno"},"download_downloading":{"_":"Preuzimam…"},"download_succeeded":{"_":"Preuzimanje uspešno"},"download_failed":{"_":"Preuzimanje neuspešno"},"download_text_by_default":{"_":"{{name}}"},"download_downloading_text_2":{"_":"{{percentage}}% - {{name}}"},"search":{"_":"Pretraži"},"search-or-type-address":{"placeholder":"Pretražite ili ukucajte adresu"},"noSIMCardInHotspot":{"_":"SIM kartica nije pronađena ili je nepravilno ubačena, isključite hotspot"},"brandShortName":{"_":"B2G OS"},"browserBrandShortName":{"_":"Veb pregledač"},"browserBrandFullName":{"_":"Mozilla veb pregledač"},"weekday-0-long":{"_":"Nedelja"},"weekday-1-long":{"_":"Ponedeljak"},"weekday-2-long":{"_":"Utorak"},"weekday-3-long":{"_":"Sreda"},"weekday-4-long":{"_":"Četvrtak"},"weekday-5-long":{"_":"Petak"},"weekday-6-long":{"_":"Subota"},"weekday-0-short":{"_":"Ned"},"weekday-1-short":{"_":"Pon"},"weekday-2-short":{"_":"Uto"},"weekday-3-short":{"_":"Sre"},"weekday-4-short":{"_":"Čet"},"weekday-5-short":{"_":"Pet"},"weekday-6-short":{"_":"Sub"},"month-0-long":{"_":"januar"},"month-1-long":{"_":"februar"},"month-2-long":{"_":"mart"},"month-3-long":{"_":"april"},"month-4-long":{"_":"maj"},"month-5-long":{"_":"jun"},"month-6-long":{"_":"jul"},"month-7-long":{"_":"avgust"},"month-8-long":{"_":"septembar"},"month-9-long":{"_":"oktobar"},"month-10-long":{"_":"novembar"},"month-11-long":{"_":"decembar"},"month-0-genitive":{"_":"januara"},"month-1-genitive":{"_":"februara"},"month-2-genitive":{"_":"marta"},"month-3-genitive":{"_":"aprila"},"month-4-genitive":{"_":"maja"},"month-5-genitive":{"_":"juna"},"month-6-genitive":{"_":"jula"},"month-7-genitive":{"_":"avgusta"},"month-8-genitive":{"_":"septembra"},"month-9-genitive":{"_":"oktobra"},"month-10-genitive":{"_":"novembra"},"month-11-genitive":{"_":"decembra"},"month-0-short":{"_":"jan"},"month-1-short":{"_":"feb"},"month-2-short":{"_":"mar"},"month-3-short":{"_":"apr"},"month-4-short":{"_":"maj"},"month-5-short":{"_":"jun"},"month-6-short":{"_":"jul"},"month-7-short":{"_":"avg"},"month-8-short":{"_":"sep"},"month-9-short":{"_":"okt"},"month-10-short":{"_":"nov"},"month-11-short":{"_":"dec"},"minutes-ago-long":{"_":"{[ plural(value) ]}","_[zero]":"upravo","_[one]":"pre minut","_[two]":"pre {{value}} minuta","_[few]":"pre {{value}} minuta","_[many]":"pre {{value}} minuta","_[other]":"pre {{value}} minuta"},"hours-ago-long":{"_":"{[ plural(value) ]}","_[zero]":"upravo","_[one]":"pre sat vremena","_[two]":"pre {{value}} sata","_[few]":"pre {{value}} sati","_[many]":"pre {{value}} sati","_[other]":"pre {{value}} sati"},"days-ago-long":{"_":"{[ plural(value) ]}","_[zero]":"danas","_[one]":"juče","_[two]":"pre {{value}} dana","_[few]":"pre {{value}} dana","_[many]":"pre {{value}} dana","_[other]":"pre {{value}} dana"},"weeks-ago-long":{"_":"{[ plural(value) ]}","_[zero]":"ove nedelje","_[one]":"prošle nedelje","_[two]":"pre {{value}} nedelje","_[few]":"pre {{value}} nedelja","_[many]":"pre {{value}} nedelja","_[other]":"pre {{value}} nedelja"},"months-ago-long":{"_":"{[ plural(value) ]}","_[zero]":"ovog meseca","_[one]":"prošlog meseca","_[two]":"pre {{value}} meseca","_[few]":"pre {{value}} meseci","_[many]":"pre {{value}} meseci","_[other]":"pre {{value}} meseci"},"years-ago-long":{"_":"{[ plural(value) ]}","_[zero]":"ove godine","_[one]":"prošle godine","_[two]":"pre {{value}} godine","_[few]":"pre {{value}} godina","_[many]":"pre {{value}} godina","_[other]":"pre {{value}} godina"},"minutes-until-long":{"_":"{[ plural(value) ]}","_[zero]":"upravo","_[one]":"za jedan minut","_[two]":"za {{value}} minuta","_[few]":"za {{value}} minuta","_[many]":"za {{value}} minuta","_[other]":"za {{value}} minuta"},"hours-until-long":{"_":"{[ plural(value) ]}","_[zero]":"upravo","_[one]":"za sat vremena","_[two]":"za {{value}} sata","_[few]":"za {{value}} sati","_[many]":"za {{value}} sati","_[other]":"za {{value}} sati"},"days-until-long":{"_":"{[ plural(value) ]}","_[zero]":"danas","_[one]":"sutra","_[two]":"za {{value}} dana","_[few]":"za {{value}} dana","_[many]":"za {{value}} dana","_[other]":"za {{value}} dana"},"weeks-until-long":{"_":"{[ plural(value) ]}","_[zero]":"ove nedelje","_[one]":"sledeće nedelje","_[two]":"za {{value}} nedelje","_[few]":"za {{value}} nedelja","_[many]":"za {{value}} nedelja","_[other]":"za {{value}} nedelja"},"months-until-long":{"_":"{[ plural(value) ]}","_[zero]":"ovog meseca","_[one]":"sledećeg meseca","_[two]":"za {{value}} meseca","_[few]":"za {{value}} meseci","_[many]":"za {{value}} meseci","_[other]":"za {{value}} meseci"},"years-until-long":{"_":"{[ plural(value) ]}","_[zero]":"ove godine","_[one]":"sledeće godine","_[two]":"za {{value}} godine","_[few]":"za {{value}} godina","_[many]":"za {{value}} godina","_[other]":"za {{value}} godina"},"minutes-ago-short":{"_":"{[ plural(value) ]}","_[zero]":"upravo","_[other]":"pre {{value}}m"},"hours-ago-short":{"_":"{[ plural(value) ]}","_[zero]":"upravo","_[other]":"pre {{value}}s"},"days-ago-short":{"_":"{[ plural(value) ]}","_[zero]":"danas","_[other]":"pre {{value}}d"},"minutes-until-short":{"_":"{[ plural(value) ]}","_[zero]":"upravo","_[other]":"za {{value}}m"},"hours-until-short":{"_":"{[ plural(value) ]}","_[zero]":"upravo","_[other]":"za {{value}}s"},"days-until-short":{"_":"{[ plural(value) ]}","_[zero]":"danas","_[other]":"za {{value}}d"},"incorrectDate":{"_":"(netačan datum)"},"dateTimeFormat_%c":{"_":"%a %e %b %Y %H:%M:%S"},"dateTimeFormat_%x":{"_":"%d.%m.%Y"},"dateTimeFormat_%X":{"_":"%H:%M:%S"},"shortTimeFormat":{"_":"%H:%M"},"shortDateTimeFormat":{"_":"%x %H:%M"},"weekStartsOnMonday":{"_":"1"},"time_am":{"_":"AM"},"time_pm":{"_":"PM"},"perm-contacts":{"_":"Kontakti"},"perm-contacts-appRequest":{"_":"{{app}} želi da pristupi Vašim kontaktima."},"perm-contacts-webRequest":{"_":"{{site}} želi da pristupi Vašim kontaktima."},"perm-desktop-notification":{"_":"Obaveštenja"},"perm-desktop-notification-appRequest":{"_":"{{app}} želi da prikazuje obaveštenja."},"perm-desktop-notification-webRequest":{"_":"{{site}} želi da prikazuje obaveštenja."},"perm-device-storage-music":{"_":"Skladište muzike"},"perm-device-storage-music-appRequest":{"_":"{{app}} želi da pristupi Vašoj muzici."},"perm-device-storage-music-webRequest":{"_":"{{site}} želi da pristupi Vašoj muzici."},"perm-device-storage-pictures":{"_":"Skladište slika"},"perm-device-storage-pictures-appRequest":{"_":"{{app}} želi da pristupi Vašim slikama."},"perm-device-storage-pictures-webRequest":{"_":"{{site}} želi da pristupi Vašim slikama."},"perm-device-storage-sdcard":{"_":"Skladište memorijske kartice"},"perm-device-storage-sdcard-appRequest":{"_":"{{app}} želi da pristupi Vašoj memorijskoj kartici."},"perm-device-storage-sdcard-webRequest":{"_":"{{site}} želi da pristupi Vašoj memorijskoj kartici."},"perm-device-storage-videos":{"_":"Skladište video snimaka"},"perm-device-storage-videos-appRequest":{"_":"{{app}} želi da pristupi Vašim video snimcima."},"perm-device-storage-videos-webRequest":{"_":"{{site}} želi da pristupi Vašim video snimcima."},"perm-fmradio":{"_":"FM Radio"},"perm-fmradio-appRequest":{"_":"{{app}} želi da koristi FM radio."},"perm-fmradio-webRequest":{"_":"{{site}} želi da koristi FM radio."},"perm-geolocation":{"_":"Geolokacija"},"perm-geolocation-appRequest":{"_":"{{app}} želi da zna Vašu lokaciju."},"perm-geolocation-webRequest":{"_":"{{site}} želi da zna Vašu lokaciju."},"perm-geolocation-more-info":{"_":"{{brandShortName}} koristi GPS podatke, Wi-Fi podatke i podatke mobilnih mreža u Vašoj blizini radi utvrđivanja Vaše približne lokacije. Podaci se šalju Mozilla fondaciji i ostalim pružaocima usluga i biće korišćeni za unapređivanje baze podataka sa lokacijama. Podaci mogu biti smešteni na Vašem uređaju a prikupljanje podataka može početi u bilo kom trenutku, čak i kada ni jedna aplikacija nije pokrenuta."},"perm-video-capture":{"_":"Kamera"},"perm-video-capture-appRequest":{"_":"Da li biste želeli da podelite Vašu kameru sa {{app}}?"},"perm-video-capture-webRequest":{"_":"Da li biste želeli da podelite Vašu kameru sa {{site}}?"},"perm-audio-capture":{"_":"Mikrofon"},"perm-audio-capture-appRequest":{"_":"Da li biste želeli da podelite Vaš mikrofon sa {{app}}?"},"perm-audio-capture-webRequest":{"_":"Da li biste želeli da podelite Vaš mikrofon sa {{site}}?"},"perm-media-capture":{"_":"Kamera i mikrofon"},"perm-media-capture-appRequest":{"_":"Da li biste želeli da podelite Vašu kameru i mikrofon sa {{app}}?"},"perm-media-capture-webRequest":{"_":"Da li biste želeli da podelite Vašu kameru i mikrofon sa {{site}}?"},"stopped_download_title":{"_":"Preuzimanje zaustavljeno"},"stopped_download_message":{"_":"Pruzimanje je zaustavljeno. Pokušati ponovo preuzeti?"},"stopped_download_left_button":{"_":"Otkaži"},"stopped_download_right_button":{"_":"Pokušaj"},"failed_download_title":{"_":"Preuzimanje neuspešno"},"failed_download_message":{"_":"{{name}} nije preuzet. Pokušati ponovo preuzeti?"},"failed_download_left_button":{"_":"Otkaži"},"failed_download_right_button":{"_":"Pokušaj"},"stop_download_title":{"_":"Zaustavi preuzimanje"},"stop_download_message":{"_":"Da li ste sigurni da želite zaustaviti preuzimanje?"},"stop_download_left_button":{"_":"Ne"},"stop_download_right_button":{"_":"Da"},"delete_download_title":{"_":"Izbriši"},"delete_download_message":{"_":"Izbriši {{name}}?"},"delete_download_left_button":{"_":"Otkaži"},"delete_download_right_button":{"_":"Izbriši"},"delete_all_download_title":{"_":"Izbriši"},"delete_all_download_left_button":{"_":"Otkaži"},"delete_all_download_right_button":{"_":"Izbriši"},"delete_all_download_message":{"_":"{[ plural(number) ]}","_[zero]":"Nemoj izbrisati datoteke?","_[one]":"Izbrisati jednu datoteku?","_[two]":"Izbrisati {{number}} datoteke?","_[few]":"Izbrisati {{number}} datoteka?","_[many]":"Izbrisati {{number}} datoteka?","_[other]":"Izbrisati {{number}} datoteka?"},"unsupported_file_type_download_title":{"_":"Ne mogu otvoriti"},"unsupported_file_type_download_message":{"_":"Ne postoji aplikacija sa kojom možete otvoriti {{name}}. Da li želite da sačuvate datoteku ili da je izbrišete?"},"unsupported_file_type_download_left_button":{"_":"Sačuvaj"},"unsupported_file_type_download_right_button":{"_":"Izbriši"},"file_not_found_download_title":{"_":"Datoteka nije pronađena"},"file_not_found_download_message":{"_":"Datoteka nije pronađena na uređaju"},"file_not_found_download_right_button":{"_":"U redu"},"unmounted_sdcard_2_download_title":{"_":"Memorijska kartica je u upotrebi"},"unmounted_sdcard_2_download_message":{"_":"Isključite kabel iz telefona"},"unmounted_sdcard_2_download_right_button":{"_":"U redu"},"no_provider_download_title":{"_":"Ne mogu deliti"},"no_provider_download_message":{"_":"Nije pronađen provajder"},"no_provider_download_right_button":{"_":"U redu"},"no_memory_download_title":{"_":"SD kartica je puna"},"no_memory_download_message":{"_":"Nema više mesta na Vašoj SD kartici za čuvavanje preuzimanja. Molimo Vas izbrišite neke datoteke pre nego što ponovo pokušate preuzeti datoteke."},"no_memory_download_right_button":{"_":"U redu"},"no_sdcard_found_2_download_title":{"_":"Nije pronađena memorijska kartica"},"no_sdcard_found_2_download_message":{"_":"Ubacite memorijsku karticu ili odaberite drugo podrazumevano mesto za čuvanje medija u postavkama"},"no_sdcard_found_2_download_right_button":{"_":"U redu"},"file_open_error_download_title":{"_":"Ne mogu otvoriti"},"file_open_error_download_message":{"_":"Ne mogu otvoriti datoteku {{name}}. Da li želite da je sačuvate ili izbrišete?"},"file_open_error_download_left_button":{"_":"Sačuvaj"},"file_open_error_download_right_button":{"_":"Izbriši"},"restart_download_error":{"_":"Došlo je do greške prilikom ponovnog pokušaja preuzimanja. Molimo Vas pokušajte da ponovo preuzmete."},"no-downloads":{"_":"Nema preuzimanja"},"percentage":{"_":"{{percentage}} %"},"partialResult":{"_":"{{partial}} od {{total}}"},"summary":{"_":"{{date}} - {{status}}"},"download-stopped":{"_":"Zaustavljeno"},"download-failed":{"_":"Preuzimanje neuspešno"},"open_downloaded_file":{"_":"Otvori"},"share_downloaded_file":{"_":"Podeli"},"wallpaper_downloaded_file":{"_":"Postavi kao pozadinu"},"ringtone_downloaded_file":{"_":"Postavi kao melodiju"},"cancel_downloaded_file":{"_":"Otkaži"},"sim-picker-dial-via-with-number":{"_":"Pozovi {{ phoneNumber }} preko"},"sim-picker-select-sim":{"_":"Izaberi SIM"},"sim-picker-button":{"_":"SIM{{ n }}"},"sim-picker-button-default":{"_":"(podrazumevan)"}}