{"ok":{"_":"OK"},"back":{"_":"Tillbaka"},"help":{"_":"Hjälp"},"cancel":{"_":"Avbryt"},"close":{"_":"Stäng"},"skip":{"_":"Hoppa över"},"airplaneMode":{"_":"Flygplansläge"},"searching":{"_":"Söker…"},"noNetwork":{"_":"Inget nät"},"roaming":{"_":"{{operator}} (roaming)"},"emergencyCallsOnly":{"_":"Endast nödsamtal"},"emergencyCallsOnly-unknownSIMState":{"_":"(okänt SIM-kortstillstånd)"},"emergencyCallsOnly-noSIM":{"_":"(inget SIM-kort)"},"emergencyCallsOnly-pinRequired":{"_":"(SIM-kortets PIN-kod krävs)"},"emergencyCallsOnly-pukRequired":{"_":"(SIM-kortets PUK-kod krävs)"},"emergencyCallsOnly-networkLocked":{"_":"(nätverkslåst)"},"emergencyCallsOnly-serviceProviderLocked":{"_":"(operatörslåst)"},"emergencyCallsOnly-corporateLocked":{"_":"(företagslåst)"},"enterPIN":{"_":"Ange PIN"},"statusbarLabel":{"_":"{{date}}, {{operator}}"},"statusbarDateFormat":{"_":"%e %B"},"notifications":{"_":"Aviseringar"},"clear-all":{"_":"Rensa alla"},"newVoicemails":{"_":"{[ plural(n) ]}","_[zero]":"Inga nya röstmeddelanden","_[one]":"Ett nytt röstmeddelande","_[two]":"{{n}} nya röstmeddelanden","_[few]":"{{n}} nya röstmeddelanden","_[many]":"{{n}} nya röstmeddelanden","_[other]":"{{n}} nya röstmeddelanden"},"newVoicemailsUnknown":{"_":"Nytt röstmeddelande"},"dialNumber":{"_":"Ring {{number}}"},"deviceMenu":{"_":"Telefon"},"airplane":{"_":"Flygplansläge"},"airplaneOff":{"_":"Flygplansläge av"},"silent":{"_":"Tyst läge"},"normal":{"_":"Ringsignal på"},"restart":{"_":"Starta om"},"power":{"_":"Stäng av"},"asyncpanzoom":{"_":"Inaktivera APZ för appar"},"asyncpanzoomOff":{"_":"Aktivera APZ för appar"},"enableScreenReaderSteps":{"_":"För att aktivera skärmläsare, tryck volym upp sedan volym ner tre gånger"},"disableScreenReaderSteps":{"_":"Om du vill avaktivera skärmläsare, tryck på volym upp sedan volym ner tre gånger"},"no-recent-apps":{"_":"Inga senare appar"},"yes":{"_":"Ja"},"no":{"_":"Nej"},"deny":{"_":"Neka"},"allow":{"_":"Tillåt"},"dontshare-geolocation":{"_":"Dela inte"},"share-geolocation":{"_":"Dela"},"dontshare-audio-capture":{"_":"Dela inte"},"share-audio-capture":{"_":"Dela"},"dontshare-video-capture":{"_":"Dela inte"},"share-video-capture":{"_":"Dela"},"dontshare-media-capture":{"_":"Dela inte"},"share-media-capture":{"_":"Dela"},"device-front":{"_":"Främre kamera"},"device-back":{"_":"Bakre kamera"},"remember-my-choice":{"_":"Kom ihåg mitt val"},"more-info":{"_":"Mer info…"},"install-app":{"_":"Installera {{name}}?"},"size":{"_":"Storlek"},"author":{"_":"Utvecklare"},"size-unknown":{"_":"Okänd"},"author-unknown":{"_":"Okänd"},"install":{"_":"Installera"},"bytes":{"_":"byte"},"kB":{"_":"kB"},"MB":{"_":"MB"},"GB":{"_":"GB"},"TB":{"_":"TB"},"PB":{"_":"PB"},"app-install-generic-error":{"_":"{{ appName }} nedladdning stoppad"},"app-install-download-failed":{"_":"{{ appName }} nedladdning misslyckades"},"app-install-install-failed":{"_":"{{ appName }} installation misslyckades"},"cancelling-will-not-refund":{"_":"Avbryta kommer inte att återbetala köpet. Återbetalning för betalt innehåll ges av den ursprungliga säljaren."},"apps-can-be-installed-later":{"_":"Appar kan installeras senare från den ursprungliga installationskällan."},"are-you-sure-you-want-to-cancel":{"_":"Är du säker du vill avbryta installationen?"},"cancel-install":{"_":"Avbryt installation"},"resume":{"_":"Återuppta"},"continue":{"_":"Fortsätt"},"stopDownloading":{"_":"Avbryt hämtning av {{ app }}?"},"app-download-can-be-restarted":{"_":"Hämtningen kan startas senare."},"app-download-stop-button":{"_":"Avbryt hämtning"},"not-enough-space":{"_":"Inte tillräckligt med utrymme"},"not-enough-space-message":{"_":"Det finns inte tillräckligt med utrymme för att installera appen. Frigör utrymme genom att radera gamla appar eller media, och försök installera igen från den ursprungliga källan."},"app-install-success":{"_":"{{ appName }} installerad"},"setup":{"_":"Inställningar"},"ime-addkeyboards":{"_":"Lägg till tangentbord"},"later":{"_":"Senare"},"download":{"_":"Ladda ner"},"wantToDownload":{"_":"Hämta uppdatering nu?"},"wantToInstall":{"_":"Installera uppdatering nu?"},"installNow":{"_":"Installera nu"},"notNow":{"_":"Inte nu"},"downloadingUpdateMessage":{"innerHTML":"Laddar ner uppdateringar… <span>{{ progress }} hämtat.</span>"},"downloadingAppMessage":{"_":"Laddar ner {{ appName }}"},"downloadingAppProgressNoMax":{"_":"{{ progress }} hämtat"},"downloadingAppProgressIndeterminate":{"_":"Nedladdning"},"downloadingAppProgress":{"_":"{{ progress }} / {{ max }} hämtat"},"cancelAllDownloads":{"_":"Avbryt alla hämtningar"},"wantToCancelAll":{"_":"Är du säker på att du vill avbryta alla hämtningar?"},"downloadError":{"_":"Det uppstod ett fel när du hämtade uppdateringarna. "},"updateAvailableInfo":{"innerHTML":"{[ plural(n) ]}","innerHTML[one]":"{{ n }} uppdatering tillgänglig. <span>Tryck för mer info.</span>","innerHTML[two]":"{{ n }} uppdateringar tillgängliga. <span>Tryck för mer info.</span>","innerHTML[few]":"{{ n }} uppdateringar tillgängliga. <span>Tryck för mer info.</span>","innerHTML[many]":"{{ n }} uppdateringar tillgängliga. <span>Tryck för mer info.</span>","innerHTML[other]":"{{ n }} uppdateringar tillgängliga. <span>Tryck för mer info.</span>"},"numberOfUpdates":{"_":"{[ plural(n) ]}","_[one]":"{{ n }} uppdatering tillgänglig","_[two]":"{{ n }} uppdateringar tillgängliga","_[few]":"{{ n }} uppdateringar tillgängliga","_[many]":"{{ n }} uppdateringar tillgängliga","_[other]":"{{ n }} uppdateringar tillgängliga"},"systemUpdate":{"_":"Systemuppdatering"},"systemUpdateReady":{"_":"Systemuppdatering redo"},"required":{"_":"Krävs"},"uncompressingMessage":{"innerHTML":"Packar upp… <span>Det kan ta några minuter.</span>"},"downloadNoWifiWarning":{"_":"Wi-Fi inte tillgänglig. Uppdatering via aktuell anslutning kan medföra extra kostnader."},"downloadOfflineWarning":{"_":"Anslutning inte tillgänglig. Anslut till ett nätverk för att ladda ner uppdateringar."},"downloadDataConnectionWarning":{"_":"Uppdateringar hämtas via dataanslutning när Wi-Fi inte är tillgänglig. Ytterligare avgifter kan tillkomma."},"downloadUpdatesViaDataConnection":{"_":"Hämta uppdateringar via dataanslutning?"},"downloadUpdatesViaDataConnectionMessage":{"_":"Uppdateringar hämtas via dataanslutningen när Wi-Fi inte är tillgänglig. När du använder dataanslutning kan telefonsamtal blockeras och ytterligare avgifter kan tillkomma."},"screenshotSaved":{"_":"Skärmdump sparad till Galleri"},"screenshotFailed":{"_":"Skärmdumpen kunde inte sparas"},"screenshotNoSDCard":{"_":"Inget minneskort hittades"},"screenshotSDCardInUse":{"_":"Minneskortet används"},"screenshotSDCardLow":{"_":"Inte tillräckligt med utrymme på minneskortet"},"emergency-call-button":{"_":"Nödsamtal"},"emergency-call":{"_":"Nödsamtal"},"unlock-a11y-button":{"ariaLabel":"Lås upp"},"camera-a11y-button":{"ariaLabel":"Kamera"},"longDateFormat":{"_":"%A, %e %B"},"softwareHomeButton":{"ariaLabel":"Hem"},"login":{"_":"Logga in"},"username":{"_":"Användarnamn"},"password":{"_":"Lösenord"},"http-authentication-message":{"_":"Ett användarnamn och lösenord begärs av {{host}}. Webbplatsen säger: “{{realm}}”"},"error-message":{"_":"{{name}} laddas inte korrekt"},"error-title":{"_":"{{name}} har problem"},"airplane-is-on":{"_":"Flygplansläge är på"},"airplane-is-turned-on":{"_":"{{name}} kräver en nätverksanslutning. Stäng av flygplansläge från inställningar och anslut till Wi-Fi eller mobilt datanätverk."},"server-not-found":{"_":"Servern hittades inte"},"server-not-found-error":{"_":"Kan inte hitta servern på {{name}}."},"network-connection-unavailable":{"_":"Nätverksanslutning inte tillgänglig"},"network-error":{"_":"{{name}} kräver en nätverksanslutning. Försökt ansluta till Wi-Fi eller mobilt datanätverk."},"unable-to-connect":{"_":"Kan inte ansluta"},"tap-to-retry":{"_":"Peka för att försöka igen"},"try-again":{"_":"Försök igen"},"select-time":{"_":"Välj tid"},"choose-option":{"_":"Välj"},"choose-options":{"_":"Välj"},"select-day":{"_":"Välj dag"},"battery-almost-empty":{"_":"Batteriet är nästan urladdat"},"add-to-home-screen":{"_":"Lägg till på startskärmen"},"crash-dialog2-os":{"_":"{{brandShortName}} har precis återhämtat sig från en krasch."},"crash-dialog-app":{"_":"{{name}} kraschade precis"},"crash-dialog-message":{"_":"Vill du skicka Mozilla en rapport om kraschen för att hjälpa oss lösa problemet? (Rapporter skickas endast över Wi-Fi.)"},"crash-info-link":{"_":"Vad finns i en kraschrapport?"},"crash-always-report":{"_":"Skicka alltid rapporter till Mozilla vid en krasch."},"crash-dont-send":{"_":"Skicka inte"},"crash-end":{"_":"Skicka rapport"},"crashReports":{"_":"Kraschrapporter"},"done":{"_":"Klar"},"crash-reports-description-1":{"_":"En kraschrapport innehåller några detaljer om kraschen och enheten samt en ögonblicksbild av läget i enheten när den kraschade."},"crash-reports-description-2":{"_":"Det kan omfatta saker som öppna sidor och appar, text i formulär och innehållet i öppna meddelanden, webbhistorik, eller geolokalisering som används av en öppen app."},"crash-reports-description-3-start":{"_":"Vi använder kraschrapporter för att försöka lösa problem och förbättra våra produkter. Vi hanterar din information enligt"},"crash-reports-description-3-privacy":{"_":"sekretesspolicyn"},"crash-reports-description-3-end":{"_":"."},"crash-banner-os2":{"_":"{{brandShortName}} kraschade precis."},"crash-banner-app":{"_":"{{name}} kraschade precis."},"crash-banner-report":{"_":"Rapportera"},"bluetooth-sendingTitle":{"_":"Skickar överföring via Bluetooth.."},"bluetooth-receivingTitle":{"_":"Tar emot överföring via Bluetooth.."},"bluetooth-sending-progress":{"_":"Skickar överföring via Bluetooth.."},"bluetooth-receiving-progress":{"_":"Tar emot överföring via Bluetooth.."},"acceptFileTransfer":{"_":"Acceptera filöverföring via Bluetooth?"},"wantToReceiveFile":{"_":"{{deviceName}} vill överföra {{fileName}} ({{fileSize}})."},"transfer-confirmation-title":{"_":"{{deviceName}}"},"transfer-confirmation-description":{"_":"Granska överföringsbegäran."},"byteUnit-B":{"_":"byte"},"byteUnit-KB":{"_":"kB"},"byteUnit-MB":{"_":"MB"},"byteUnit-GB":{"_":"GB"},"byteUnit-TB":{"_":"TB"},"byteUnit-PB":{"_":"PB"},"byteUnit-EB":{"_":"EB"},"byteUnit-ZB":{"_":"ZB"},"byteUnit-YB":{"_":"YB"},"fileSize":{"_":"{{size}} {{unit}}"},"transfer":{"_":"Överför"},"cancelFileTransfer":{"_":"Avbryt överföring via Bluetooth?"},"transfer-has-started-title":{"_":"Överföringen har startat"},"transfer-has-started-description":{"_":"Kontrollera framsteg i aviseringsfönstret"},"transferFinished-sentSuccessful-title":{"_":"Fil skickad"},"transferFinished-receivedSuccessful-title":{"_":"Fil mottagen"},"transferFinished-sentFailed-title":{"_":"Filen kunde inte skickas"},"transferFinished-receivedFailed-title":{"_":"Filen kunde inte tas emot"},"transferReport-title":{"_":"Överföringsrapport:"},"transferReport-description":{"_":"{{numSuccessful}} filer lyckades, {{numUnsuccessful}} filer misslyckades"},"unknown-file":{"_":"Okänd fil"},"unknown-device":{"_":"Okänd enhet"},"cannotOpenFile":{"_":"Kan inte öppna mottagen fil"},"unknownMediaTypeToOpen":{"_":"Kan inte öppna okänd mediatyp:"},"cannotReceiveFile":{"_":"Kan inte ta emot fil"},"cannotGetStorageState":{"_":"Kan inte läsa lagringsenhetens tillstånd "},"sdcard-not-exist2":{"_":"Inget minneskort hittades. Sätt i ett minneskort."},"sdcard-in-use":{"_":"Bluetooth kan inte användas medan telefonen är inkopplad. Vänligen koppla ur telefonen för att ta emot fil(er)."},"sdcard-no-space2":{"_":"Kan inte slutföra överföring: minneskortet är fullt."},"unknown-error":{"_":"Okänt fel"},"confirm":{"_":"Bekräfta"},"microphone-is-on":{"_":"Mikrofon är på"},"camera-is-on":{"_":"Kamera är på"},"media-is-on":{"_":"Kamera & mikrofon ä på"},"noSimCard":{"_":"Inget SIM-kort"},"simPin":{"_":"PIN-kod"},"pukCode":{"_":"PUK-kod"},"nckCode":{"_":"NCK-kod"},"cckCode":{"_":"CCK-kod"},"spckCode":{"_":"SPCK-kod"},"whatIsSimPin":{"_":"Vad är en PIN-kod?"},"simPinIntro1":{"_":"En PIN-kod förhindrar åtkomst till SIM-kortets mobila datanät. När den är aktiverad, kommer alla enheter som innehåller SIM-kortet begära PIN-kod vid omstart."},"simPinIntro2":{"_":"En PIN-kod är inte samma sak som koden som används för att låsa upp enheten."},"changeSimPin":{"_":"Ändra PIN-kod"},"pinTitle":{"_":"Ange PIN-kod"},"multiSIMpinTitle":{"_":"Ange SIM {{n}} PIN-kod"},"pukTitle":{"_":"Ange PUK-kod"},"nckTitle":{"_":"Ange NCK-kod"},"cckTitle":{"_":"Ange CCK-kod"},"spckTitle":{"_":"Ange SPCK-kod"},"newpinTitle":{"_":"Ny PIN-kod"},"inputCodeRetriesLeft":{"_":"{[ plural(n) ]}","_[one]":"sista försöket.","_[two]":"{{n}} försök kvar.","_[few]":"{{n}} försök kvar.","_[many]":"{{n}} försök kvar.","_[other]":"{{n}} försök kvar."},"pinErrorMsg":{"_":"Felaktig PIN-kod."},"pinAttemptMsg2":{"_":"{[ plural(n) ]}","_[one]":"Du har ett försök kvar att ange rätt kod innan SIM-kortet låser sig.","_[two]":"Du har {{n}} försök kvar att ange rätt kod innan SIM-kortet låser sig.","_[few]":"Du har {{n}} försök kvar att ange rätt kod innan SIM-kortet låser sig.","_[many]":"Du har {{n}} försök kvar att ange rätt kod innan SIM-kortet låser sig.","_[other]":"Du har {{n}} försök kvar att ange rätt kod innan SIM-kortet låser sig."},"pinLastChanceMsg":{"_":"Detta är sista chansen att ange rätt PIN-kod. Annars måste du ange PUK-koden för att låsa upp SIM-kortet."},"simCardLockedMsg":{"_":"SIM-kortet är låst."},"enterPukMsg":{"_":"Du måste ange din personliga upplåsningskod (PUK) för SIM-kortet. Se SIM-kortets dokumentation eller kontakta din operatör för mer information. "},"pukErrorMsg":{"_":"Felaktig PUK-kod."},"pukAttemptMsg2":{"_":"{[ plural(n) ]}","_[one]":"Du har ett försök kvar att ange rätt kod innan SIM-kortet kommer att vara permanent oanvändbart. Se SIM-kortets dokumentation eller kontakta din operatör för mer information.","_[two]":"Du har {{n}} försök kvar att ange rätt kod innan SIM-kortet kommer att vara permanent oanvändbart. Se SIM-kortets dokumentation eller kontakta din operatör för mer information.","_[few]":"Du har {{n}} försök kvar att ange rätt kod innan SIM-kortet kommer att vara permanent oanvändbart. Se SIM-kortets dokumentation eller kontakta din operatör för mer information.","_[many]":"Du har {{n}} försök kvar att ange rätt kod innan SIM-kortet kommer att vara permanent oanvändbart. Se SIM-kortets dokumentation eller kontakta din operatör för mer information.","_[other]":"Du har {{n}} försök kvar att ange rätt kod innan SIM-kortet kommer att vara permanent oanvändbart. Se SIM-kortets dokumentation eller kontakta din operatör för mer information."},"pukLastChanceMsg":{"_":"Detta är sista chansen att ange rätt PUK-kod. Ditt SIM-kort kommer att vara permanent oanvändbart om du anger fel PUK-kod."},"newSimPinMsg":{"_":"Skapa ny PIN-kod (måste innehålla 4 till 8 siffror)"},"confirmNewSimPinMsg":{"_":"Bekräfta ny PIN-kod"},"newPinErrorMsg":{"_":"PIN-koderna matchar inte."},"nckErrorMsg":{"_":"Felaktig NCK-kod."},"nckAttemptMsg2":{"_":"{[ plural(n) ]}","_[one]":"Operatörsupplåsning misslyckades. Du har ett försök kvar att ange rätt kod. Se enhetens dokumentation eller kontakta din operatör för mer information.","_[two]":"Operatörsupplåsning misslyckades. Du har {{n}} försök kvar att ange rätt kod. Se enhetens dokumentation eller kontakta din operatör för mer information.","_[few]":"Operatörsupplåsning misslyckades. Du har {{n}} försök kvar att ange rätt kod. Se enhetens dokumentation eller kontakta din operatör för mer information.","_[many]":"Operatörsupplåsning misslyckades. Du har {{n}} försök kvar att ange rätt kod. Se enhetens dokumentation eller kontakta din operatör för mer information.","_[other]":"Operatörsupplåsning misslyckades. Du har {{n}} försök kvar att ange rätt kod. Se enhetens dokumentation eller kontakta din operatör för mer information."},"nckLastChanceMsg":{"_":"Operatörsupplåsning misslyckades. Sista chansen att ange rätt NCK-kod. Se enhetens dokumentation eller kontakta din operatör för mer information."},"activity-pick":{"_":"Välj från:"},"activity-view":{"_":"Visa med:"},"activity-test":{"_":"Testa med:"},"activity-share":{"_":"Dela med:"},"activity-new":{"_":"Skapa med:"},"activity-open":{"_":"Öppna med:"},"activity-save-bookmark":{"_":"Bokmärke till:"},"activity-record":{"_":"Spela in från:"},"activity-browse":{"_":"Surfa med:"},"activity-configure":{"_":"Konfigurera med:"},"activity-dial":{"_":"Ringa från:"},"persona-signin":{"_":"Logga in"},"payment-flow":{"_":"Köp"},"remoteDebuggerMessage":{"_":"En inkommande begäran om att tillåta fjärrfelsökning upptäcktes. Tillåt anslutning?"},"fullscreen-request":{"_":"{{origin}} är nu helskärm."},"captive-wifi-available":{"_":"Nätverket {{networkName}} hittades. Anslut?"},"ceWarningtitle":{"_":"Varning hög volym"},"ceWarningcontent":{"_":"För att förhindra hörselskada, lyssna inte på hög volym under långa perioder."},"notification-powersaving-mode-on-title":{"_":"Energisparläge"},"notification-powersaving-mode-on-description":{"_":"Energisparläge är på."},"low-device-storage":{"_":"Lågt lagringsutrymme.\n"},"free-space":{"_":"{[ plural(value) ]}","_[zero]":"Inget ledigt utrymme.","_[one]":"Mindre än {{value}} {{unit}} återstår.","_[two]":"Mindre än {{value}} {{unit}} återstår.","_[few]":"Mindre än {{value}} {{unit}} återstår.","_[many]":"Mindre än {{value}} {{unit}} återstår.","_[other]":"Mindre än {{value}} {{unit}} återstår."},"unknown-free-space":{"_":"Okänt återstående utrymme."},"system-alert":{"_":"Systemmeddelande"},"cb-channel":{"_":"Kanal {{channel}}"},"icc-message-title":{"_":"Operatörsmeddelande från SIM {{id}}"},"icc-confirmCall-defaultmessage":{"_":"Ring {{number}}?"},"icc-alertMessage-defaultmessage":{"_":"Skickar meddelande"},"icc-confirmMessage-defaultmessage":{"_":"Skicka meddelande?"},"icc-inputbox-title":{"_":"STK-fråga fån SIM {{id}}"},"emergency-callback-mode":{"_":"Nödsituationsläge"},"emergency-callback-message":{"_":"Du kan inte ringa samtal, skicka meddelanden eller surfa eftersom nödsituationsläget är aktivt. Vill du stänga av det?"},"cdma-record-info":{"_":"CDMA registerinformation"},"ime-switching-title":{"_":"{{appName}}: {{name}}"},"ime-switching-tip":{"_":"Tryck för att växla inmatningsmetod"},"layout-selection":{"_":"Layout val"},"shrinking-tip":{"_":"Dra för att dela"},"download_started":{"_":"Nedladdning startad"},"download_stopped":{"_":"Nedladdning stoppad"},"download_downloading":{"_":"Laddar ner…"},"download_succeeded":{"_":"Nedladdning färdig"},"download_failed":{"_":"Nedladdning misslyckades"},"download_text_by_default":{"_":"{{name}}"},"download_downloading_text_2":{"_":"{{percentage}}% - {{name}}"},"search":{"_":"Sök"},"search-or-type-address":{"placeholder":"Sök eller skriv adress"},"noSIMCardInHotspot":{"_":"SIM-kortet saknas eller är felaktigt isatt, så stäng av hotspot"},"brandShortName":{"_":"B2G OS"},"browserBrandShortName":{"_":"Webbläsare"},"browserBrandFullName":{"_":"Webbläsare Mozilla"},"weekday-0-long":{"_":"Söndag"},"weekday-1-long":{"_":"Måndag"},"weekday-2-long":{"_":"Tisdag"},"weekday-3-long":{"_":"Onsdag"},"weekday-4-long":{"_":"Torsdag"},"weekday-5-long":{"_":"Fredag"},"weekday-6-long":{"_":"Lördag"},"weekday-0-short":{"_":"Sön"},"weekday-1-short":{"_":"Mån"},"weekday-2-short":{"_":"Tis"},"weekday-3-short":{"_":"Ons"},"weekday-4-short":{"_":"Tor"},"weekday-5-short":{"_":"Fre"},"weekday-6-short":{"_":"Lör"},"month-0-long":{"_":"Januari"},"month-1-long":{"_":"Februari"},"month-2-long":{"_":"Mars"},"month-3-long":{"_":"April"},"month-4-long":{"_":"Maj"},"month-5-long":{"_":"Juni"},"month-6-long":{"_":"Juli"},"month-7-long":{"_":"Augusti"},"month-8-long":{"_":"September"},"month-9-long":{"_":"Oktober"},"month-10-long":{"_":"November"},"month-11-long":{"_":"December"},"month-0-genitive":{"_":"Januari"},"month-1-genitive":{"_":"Februari"},"month-2-genitive":{"_":"Mars"},"month-3-genitive":{"_":"April"},"month-4-genitive":{"_":"Maj"},"month-5-genitive":{"_":"Juni"},"month-6-genitive":{"_":"Juli"},"month-7-genitive":{"_":"Augusti"},"month-8-genitive":{"_":"September"},"month-9-genitive":{"_":"Oktober"},"month-10-genitive":{"_":"November"},"month-11-genitive":{"_":"December"},"month-0-short":{"_":"Jan"},"month-1-short":{"_":"Feb"},"month-2-short":{"_":"Mar"},"month-3-short":{"_":"Apr"},"month-4-short":{"_":"Maj"},"month-5-short":{"_":"Jun"},"month-6-short":{"_":"Jul"},"month-7-short":{"_":"Aug"},"month-8-short":{"_":"Sep"},"month-9-short":{"_":"Okt"},"month-10-short":{"_":"Nov"},"month-11-short":{"_":"Dec"},"minutes-ago-long":{"_":"{[ plural(value) ]}","_[zero]":"nyss","_[one]":"en minut sen","_[two]":"{{value}} minuter sen","_[few]":"{{value}} minuter sen","_[many]":"{{value}} minuter sen","_[other]":"{{value}} minuter sen"},"hours-ago-long":{"_":"{[ plural(value) ]}","_[zero]":"nyss","_[one]":"en timme sen","_[two]":"{{value}} timmar sen","_[few]":"{{value}} timmar sen","_[many]":"{{value}} timmar sen","_[other]":"{{value}} timmar sen"},"days-ago-long":{"_":"{[ plural(value) ]}","_[zero]":"idag","_[one]":"igår","_[two]":"{{value}} dagar sen","_[few]":"{{value}} dagar sen","_[many]":"{{value}} dagar sen","_[other]":"{{value}} dagar sen"},"weeks-ago-long":{"_":"{[ plural(value) ]}","_[zero]":"denna vecka","_[one]":"förra veckan","_[two]":"{{value}} veckor sen","_[few]":"{{value}} veckor sen","_[many]":"{{value}} veckor sen","_[other]":"{{value}} veckor sen"},"months-ago-long":{"_":"{[ plural(value) ]}","_[zero]":"denna månad","_[one]":"förra månaden","_[two]":"{{value}} månader sen","_[few]":"{{value}} månader sen","_[many]":"{{value}} månader sen","_[other]":"{{value}} månader sen"},"years-ago-long":{"_":"{[ plural(value) ]}","_[zero]":"detta år","_[one]":"förra året","_[two]":"{{value}} år sen","_[few]":"{{value}} år sen","_[many]":"{{value}} år sen","_[other]":"{{value}} år sen"},"minutes-until-long":{"_":"{[ plural(value) ]}","_[zero]":"nu","_[one]":"om en minut","_[two]":"om {{value}} minuter","_[few]":"om {{value}} minuter","_[many]":"om {{value}} minuter","_[other]":"om {{value}} minuter"},"hours-until-long":{"_":"{[ plural(value) ]}","_[zero]":"nu","_[one]":"om en timme","_[two]":"om {{value}} timmar","_[few]":"om {{value}} timmar","_[many]":"om {{value}} timmar","_[other]":"om {{value}} timmar"},"days-until-long":{"_":"{[ plural(value) ]}","_[zero]":"idag","_[one]":"imorgon","_[two]":"om {{value}} dagar","_[few]":"om {{value}} dagar","_[many]":"om {{value}} dagar","_[other]":"om {{value}} dagar"},"weeks-until-long":{"_":"{[ plural(value) ]}","_[zero]":"denna vecka","_[one]":"nästa vecka","_[two]":"om {{value}} veckor","_[few]":"om {{value}} veckor","_[many]":"om {{value}} veckor","_[other]":"om {{value}} veckor"},"months-until-long":{"_":"{[ plural(value) ]}","_[zero]":"denna månad","_[one]":"nästa månad","_[two]":"om {{value}} månader","_[few]":"om {{value}} månader","_[many]":"om {{value}} månader","_[other]":"om {{value}} månader"},"years-until-long":{"_":"{[ plural(value) ]}","_[zero]":"detta år","_[one]":"nästa år","_[two]":"om {{value}} år","_[few]":"om {{value}} år","_[many]":"om {{value}} år","_[other]":"om {{value}} år"},"minutes-ago-short":{"_":"{[ plural(value) ]}","_[zero]":"nyss","_[other]":"{{value}}min sen"},"hours-ago-short":{"_":"{[ plural(value) ]}","_[zero]":"nyss","_[other]":"{{value}}tim. sen"},"days-ago-short":{"_":"{[ plural(value) ]}","_[zero]":"idag","_[other]":"{{value}}dygn sen"},"minutes-until-short":{"_":"{[ plural(value) ]}","_[zero]":"nu","_[other]":"om {{value}}min"},"hours-until-short":{"_":"{[ plural(value) ]}","_[zero]":"nu","_[other]":"om {{value}}tim."},"days-until-short":{"_":"{[ plural(value) ]}","_[zero]":"idag","_[other]":"om {{value}}dygn"},"incorrectDate":{"_":"(felaktigt datum)"},"dateTimeFormat_%c":{"_":"%a %e %b %Y %H:%M:%S"},"dateTimeFormat_%x":{"_":"%d/%m/%Y"},"dateTimeFormat_%X":{"_":"%H:%M:%S"},"shortTimeFormat":{"_":"%H:%M"},"shortDateTimeFormat":{"_":"%x %H:%M"},"weekStartsOnMonday":{"_":"1"},"time_am":{"_":"AM"},"time_pm":{"_":"PM"},"perm-contacts":{"_":"Kontakter"},"perm-contacts-appRequest":{"_":"{{app}} vill komma åt din kontaktlista."},"perm-contacts-webRequest":{"_":"{{site}} vill komma åt din kontaktlista."},"perm-desktop-notification":{"_":"Aviseringar"},"perm-desktop-notification-appRequest":{"_":"{{app}} vill visa aviseringar."},"perm-desktop-notification-webRequest":{"_":"{{site}} vill visa aviseringar."},"perm-device-storage-music":{"_":"Musik"},"perm-device-storage-music-appRequest":{"_":"{{app}} vill komma åt din musik."},"perm-device-storage-music-webRequest":{"_":"{{site}} vill komma åt din musik."},"perm-device-storage-pictures":{"_":"Bilder"},"perm-device-storage-pictures-appRequest":{"_":"{{app}} vill komma åt dina bilder."},"perm-device-storage-pictures-webRequest":{"_":"{{site}} vill komma åt dina bilder."},"perm-device-storage-sdcard":{"_":"Minneskort"},"perm-device-storage-sdcard-appRequest":{"_":"{{app}} vill komma åt minneskortet."},"perm-device-storage-sdcard-webRequest":{"_":"{{site}} vill komma åt minneskortet."},"perm-device-storage-videos":{"_":"Videor"},"perm-device-storage-videos-appRequest":{"_":"{{app}} vill komma åt dina videor."},"perm-device-storage-videos-webRequest":{"_":"{{site}} vill komma åt dina videor."},"perm-fmradio":{"_":"FM-radio"},"perm-fmradio-appRequest":{"_":"{{app}} vill använda FM-radio."},"perm-fmradio-webRequest":{"_":"{{site}} vill använda FM-radio."},"perm-geolocation":{"_":"Geolokalisering"},"perm-geolocation-appRequest":{"_":"{{app}} vill veta din position."},"perm-geolocation-webRequest":{"_":"{{site}} vill veta din position."},"perm-geolocation-more-info":{"_":"{{brandShortName}} använder data såsom GPS, Wi-Fi och mobila nätverk för att avgöra din ungefärliga position. Data skickas till Mozilla och andra tjänsteleverantörer och kommer att användas för att förbättra dessa databaser. Data kan lagras på enheten och datainsamling kan förekomma även om inga appar körs."},"perm-video-capture":{"_":"Kamera"},"perm-video-capture-appRequest":{"_":"Vill du dela din kamera med {{app}}?"},"perm-video-capture-webRequest":{"_":"Vill du dela din kamera med {{site}}?"},"perm-audio-capture":{"_":"Mikrofon"},"perm-audio-capture-appRequest":{"_":"Vill du dela din mikrofon med {{app}}?"},"perm-audio-capture-webRequest":{"_":"Vill du dela din mikrofon med {{site}}?"},"perm-media-capture":{"_":"Kamera och mikrofon"},"perm-media-capture-appRequest":{"_":"Vill du dela din kamera och mikrofon med {{app}}?"},"perm-media-capture-webRequest":{"_":"Vill du dela din kamera och mikrofon med {{site}}?"},"stopped_download_title":{"_":"Nedladdning stoppad"},"stopped_download_message":{"_":"Nedladdning stoppades. Försök att ladda ner igen?"},"stopped_download_left_button":{"_":"Avbryt"},"stopped_download_right_button":{"_":"Försök igen"},"failed_download_title":{"_":"Nerladdning misslyckades"},"failed_download_message":{"_":"{{name}} misslyckades att laddas ner. Försök att ladda ner igen?"},"failed_download_left_button":{"_":"Avbryt"},"failed_download_right_button":{"_":"Försök igen"},"stop_download_title":{"_":"Avbryt nedladdning"},"stop_download_message":{"_":"Är du säker på att du vill avbryta nedladdning?"},"stop_download_left_button":{"_":"Nej"},"stop_download_right_button":{"_":"Ja"},"delete_download_title":{"_":"Ta bort"},"delete_download_message":{"_":"Ta bort {{name}}?"},"delete_download_left_button":{"_":"Avbryt"},"delete_download_right_button":{"_":"Ta bort"},"delete_all_download_title":{"_":"Ta bort"},"delete_all_download_left_button":{"_":"Avbryt"},"delete_all_download_right_button":{"_":"Ta bort"},"delete_all_download_message":{"_":"{[ plural(number) ]}","_[zero]":"Ta bort inga filer?","_[one]":"Ta bort en fil?","_[two]":"Ta bort {{number}} filer?","_[few]":"Ta bort {{number}} filer?","_[many]":"Ta bort {{number}} filer?","_[other]":"Ta bort {{number}} filer?"},"unsupported_file_type_download_title":{"_":"Kan inte öppna"},"unsupported_file_type_download_message":{"_":"Det finns ingen app som kan öppna {{name}}. Vill du spara eller ta bort den?"},"unsupported_file_type_download_left_button":{"_":"Behåll fil"},"unsupported_file_type_download_right_button":{"_":"Ta bort"},"file_not_found_download_title":{"_":"Filen hittades inte"},"file_not_found_download_message":{"_":"Filen hittades inte på enheten"},"file_not_found_download_right_button":{"_":"OK"},"unmounted_sdcard_2_download_title":{"_":"Minneskortet används"},"unmounted_sdcard_2_download_message":{"_":"Koppla ur telefonen"},"unmounted_sdcard_2_download_right_button":{"_":"OK"},"no_provider_download_title":{"_":"Kan inte dela"},"no_provider_download_message":{"_":"Ingen leverantör hittades"},"no_provider_download_right_button":{"_":"OK"},"no_memory_download_title":{"_":"Minneskortet är fullt"},"no_memory_download_message":{"_":"Det finns ingen mer plats på minneskortet för att spara din nedladdning. Ta bort några filer innan du startar om nedladdningen."},"no_memory_download_right_button":{"_":"OK"},"no_sdcard_found_2_download_title":{"_":"Inget minneskort hittades"},"no_sdcard_found_2_download_message":{"_":"Sätt i ett minneskort eller välj en annan standardplats för media i inställningar"},"no_sdcard_found_2_download_right_button":{"_":"OK"},"file_open_error_download_title":{"_":"Kan inte öppna"},"file_open_error_download_message":{"_":"Det uppstod ett problem med att öppna {{name}}. Vill du spara filen eller ta bort den?"},"file_open_error_download_left_button":{"_":"Behåll fil"},"file_open_error_download_right_button":{"_":"Ta bort"},"restart_download_error":{"_":"Det uppstod ett fel när du startade om nedladdningen. Försök att ladda ner igen."},"no-downloads":{"_":"Inga nedladdningar"},"percentage":{"_":"{{percentage}} %"},"partialResult":{"_":"{{partial}} av {{total}}"},"summary":{"_":"{{date}} - {{status}}"},"download-stopped":{"_":"Stoppad"},"download-failed":{"_":"Nedladdning misslyckades"},"open_downloaded_file":{"_":"Öppna"},"share_downloaded_file":{"_":"Dela"},"wallpaper_downloaded_file":{"_":"Sätt som bakgrundsbild"},"ringtone_downloaded_file":{"_":"Sätt som ringsignal"},"cancel_downloaded_file":{"_":"Avbryt"},"sim-picker-dial-via-with-number":{"_":"Ring {{ phoneNumber }} via"},"sim-picker-select-sim":{"_":"Välj SIM"},"sim-picker-button":{"_":"SIM{{ n }}"},"sim-picker-button-default":{"_":"(standard)"}}