{"ok":{"_":"Tamam"},"back":{"_":"Geri"},"help":{"_":"Yardım"},"cancel":{"_":"İptal"},"close":{"_":"Kapat"},"skip":{"_":"Atla"},"airplaneMode":{"_":"Uçak modu"},"searching":{"_":"Aranıyor…"},"noNetwork":{"_":"Şebeke yok"},"roaming":{"_":"{{operator}} (Dolaşımda)"},"emergencyCallsOnly":{"_":"Yalnızca acil aramalar"},"emergencyCallsOnly-unknownSIMState":{"_":"(bilinmeyen SIM durumu)"},"emergencyCallsOnly-noSIM":{"_":"(SIM yok)"},"emergencyCallsOnly-pinRequired":{"_":"(SIM PIN'i gerekli)"},"emergencyCallsOnly-pukRequired":{"_":"(SIM PUK'u gerekli)"},"emergencyCallsOnly-networkLocked":{"_":"(şebeke kilitli)"},"emergencyCallsOnly-serviceProviderLocked":{"_":"(servis sağlayıcı kilidi)"},"emergencyCallsOnly-corporateLocked":{"_":"(şirket kilidi)"},"enterPIN":{"_":"PIN'i girin"},"statusbarLabel":{"_":"{{date}}, {{operator}}"},"statusbarDateFormat":{"_":"%e %B"},"notifications":{"_":"Bildirimler"},"clear-all":{"_":"Temizle"},"newVoicemails":{"_":"{[ plural(n) ]}","_[zero]":"Yeni sesli mesaj yok","_[one]":"Bir yeni sesli mesaj","_[two]":"{{n}} yeni sesli mesaj","_[few]":"{{n}} yeni sesli mesaj","_[many]":"{{n}} yeni sesli mesaj","_[other]":"{{n}} yeni sesli mesaj"},"newVoicemailsUnknown":{"_":"Yeni sesli mesaj"},"dialNumber":{"_":"Ara: {{number}}"},"deviceMenu":{"_":"Telefon"},"airplane":{"_":"Uçak modunu aç"},"airplaneOff":{"_":"Uçak modunu kapat"},"silent":{"_":"Gelen aramaları sessizleştir"},"normal":{"_":"Gelen aramalarda sesli çal"},"restart":{"_":"Yeniden başlat"},"power":{"_":"Kapat"},"asyncpanzoom":{"_":"Uygulamalar için APZ'yi kapat"},"asyncpanzoomOff":{"_":"Uygulamalar için APZ'yi aç"},"enableScreenReaderSteps":{"_":"Ekran okuyucuyu açmak için önce ses artırma düğmesine, sonra üç kez ses azaltma düğmesine basın"},"disableScreenReaderSteps":{"_":"Ekran okuyucuyu kapatmak için önce ses artırma düğmesine, sonra üç kez ses azaltma düğmesine basın"},"no-recent-apps":{"_":"Güncel uygulama yok"},"yes":{"_":"Evet"},"no":{"_":"Hayır"},"deny":{"_":"Reddet"},"allow":{"_":"İzin ver"},"dontshare-geolocation":{"_":"Paylaşma"},"share-geolocation":{"_":"Paylaş"},"dontshare-audio-capture":{"_":"Paylaşma"},"share-audio-capture":{"_":"Paylaş"},"dontshare-video-capture":{"_":"Paylaşma"},"share-video-capture":{"_":"Paylaş"},"dontshare-media-capture":{"_":"Paylaşma"},"share-media-capture":{"_":"Paylaş"},"device-front":{"_":"Ön kamera"},"device-back":{"_":"Arka kamera"},"remember-my-choice":{"_":"Tercihimi hatırla"},"more-info":{"_":"Daha fazla bilgi…"},"install-app":{"_":"{{name}} yüklensin mi?"},"size":{"_":"Boyut"},"author":{"_":"Yazan"},"size-unknown":{"_":"Bilinmiyor"},"author-unknown":{"_":"Bilinmiyor"},"install":{"_":"Yükle"},"bytes":{"_":"bayt"},"kB":{"_":"KB"},"MB":{"_":"MB"},"GB":{"_":"GB"},"TB":{"_":"TB"},"PB":{"_":"PB"},"app-install-generic-error":{"_":"{{ appName }} indirmesi durduruldu"},"app-install-download-failed":{"_":"{{ appName }} indirmesi başarısız oldu"},"app-install-install-failed":{"_":"{{ appName }} yüklenmesi başarısız oldu"},"cancelling-will-not-refund":{"_":"Siparişi iptal etmek para iadesi yapmaz. Satın alınmış içerikler için iadeler satıcı tarafından yapılır."},"apps-can-be-installed-later":{"_":"Uygulamalar daha sonra orijinal yükleme kaynağından yüklenebilir."},"are-you-sure-you-want-to-cancel":{"_":"Bu yüklemeyi iptal etmek istediğinizden emin misiniz?"},"cancel-install":{"_":"Yüklemeyi iptal et"},"resume":{"_":"Devam et"},"continue":{"_":"Devam et"},"stopDownloading":{"_":"{{ app }} indirmesi durdurulsun mu?"},"app-download-can-be-restarted":{"_":"İndirme daha sonra yeniden başlatılabilir."},"app-download-stop-button":{"_":"İndirmeyi durdur"},"not-enough-space":{"_":"Yeterli alan yok"},"not-enough-space-message":{"_":"Bu uygulamayı yüklemek için yeterli alan yok. Eski uygulamaları ve medyaları silerek yer açın ve orijinal kaynağından tekrar yüklemeyi deneyin."},"app-install-success":{"_":"{{ appName }} yüklendi"},"setup":{"_":"Kur"},"ime-addkeyboards":{"_":"Klavye ekle"},"later":{"_":"Daha sonra"},"download":{"_":"İndir"},"wantToDownload":{"_":"Güncelleme şimdi indirilsin mi?"},"wantToInstall":{"_":"Güncelleme şimdi yüklensin mi?"},"installNow":{"_":"Şimdi yükle"},"notNow":{"_":"Daha sonra"},"downloadingUpdateMessage":{"innerHTML":"Güncellemeler indiriliyor… <span>{{ progress }} indirildi.</span>"},"downloadingAppMessage":{"_":"{{ appName }} indiriliyor"},"downloadingAppProgressNoMax":{"_":"{{ progress }} indirildi"},"downloadingAppProgressIndeterminate":{"_":"İndiriliyor"},"downloadingAppProgress":{"_":"{{ progress }} / {{ max }} indirildi"},"cancelAllDownloads":{"_":"Tüm indirmeleri iptal et"},"wantToCancelAll":{"_":"Tüm indirmeleri iptal etmek istediğinizden emin misiniz?"},"downloadError":{"_":"Güncellemeler indirilirken bir hata oluştu."},"updateAvailableInfo":{"innerHTML":"{[ plural(n) ]}","innerHTML[one]":"{{ n }} güncelleme var. <span>Daha fazla bilgi için dokunun.</span>","innerHTML[two]":"{{ n }} güncelleme var. <span>Daha fazla bilgi için dokunun.</span>","innerHTML[few]":"{{ n }} güncelleme var. <span>Daha fazla bilgi için dokunun.</span>","innerHTML[many]":"{{ n }} güncelleme var. <span>Daha fazla bilgi için dokunun.</span>","innerHTML[other]":"{{ n }} güncelleme var. <span>Daha fazla bilgi için dokunun.</span>"},"numberOfUpdates":{"_":"{[ plural(n) ]}","_[one]":"{{ n }} güncelleme var","_[two]":"{{ n }} güncelleme var","_[few]":"{{ n }} güncelleme var","_[many]":"{{ n }} güncelleme var","_[other]":"{{ n }} güncelleme var"},"systemUpdate":{"_":"Sistem güncellemesi"},"systemUpdateReady":{"_":"Sistem Güncellemesi Hazır"},"required":{"_":"Gerekli"},"uncompressingMessage":{"innerHTML":"Genişletiliyor… <span>Bu işlem birkaç dakika sürebilir.</span>"},"downloadNoWifiWarning":{"_":"Wi-Fi kullanılamıyor. Mevcut bağlantı üzerinden güncelleme ek ücretlendirmeye neden olabilir."},"downloadOfflineWarning":{"_":"Bağlantı kullanılamıyor. Güncellemeleri indirmek için bir şebekeye bağlanın."},"downloadDataConnectionWarning":{"_":"Wi-Fi kullanılamadığında güncellemeler veri şebekesi üzerinden indirilir. Ek veri ücretlendirmesi uygulanabilir."},"downloadUpdatesViaDataConnection":{"_":"Güncellemeler veri şebekesi üzerinden indirilsin mi?"},"downloadUpdatesViaDataConnectionMessage":{"_":"Wi-Fi kullanılamadığında güncellemeler veri şebekesi üzerinden indirilir. Veri şebekesi kullanılırken telefon görüşmeleri engellenebilir ve ek ücretlendirmeler de uygulanabilir."},"screenshotSaved":{"_":"Görüntü Galeri'ye kaydedildi"},"screenshotFailed":{"_":"Görüntü kaydedilemedi"},"screenshotNoSDCard":{"_":"Bellek kartı bulunamadı"},"screenshotSDCardInUse":{"_":"Bellek kartı kullanımda"},"screenshotSDCardLow":{"_":"Bellek kartında yeterli alan yok"},"emergency-call-button":{"_":"Acil Arama"},"emergency-call":{"_":"Acil Arama"},"unlock-a11y-button":{"ariaLabel":"Kilidi Aç"},"camera-a11y-button":{"ariaLabel":"Kamera"},"longDateFormat":{"_":"%e %B %A"},"softwareHomeButton":{"ariaLabel":"Başlangıç"},"login":{"_":"Giriş yap"},"username":{"_":"Kullanıcı adı"},"password":{"_":"Parola"},"http-authentication-message":{"_":"{{host}} bir kullanıcı adı ve parola istiyor. Site diyor ki: “{{realm}}”"},"error-message":{"_":"{{name}} doğru şekilde yüklenemiyor"},"error-title":{"_":"{{name}} sorun yaşıyor"},"airplane-is-on":{"_":"Uçak modu açık"},"airplane-is-turned-on":{"_":"{{name}} bir şebeke bağlantısı gerektirir. Ayarlar'dan uçak modunu kapatın ve bir Wi-Fi veya mobil veri şebekesine bağlanın."},"server-not-found":{"_":"Sunucu bulunamadı"},"server-not-found-error":{"_":"{{name}} sunucusu bulunamadı."},"network-connection-unavailable":{"_":"Şebeke bağlantısı yok"},"network-error":{"_":"{{name}} bir şebeke bağlantısı gerektirir. Bir Wi-Fi veya mobil veri şebekesine bağlanmayı deneyin."},"unable-to-connect":{"_":"Bağlanılamadı"},"tap-to-retry":{"_":"Yeniden dene"},"try-again":{"_":"Tekrar dene"},"select-time":{"_":"Saati seçin"},"choose-option":{"_":"Seç"},"choose-options":{"_":"Seç"},"select-day":{"_":"Günü seçin"},"battery-almost-empty":{"_":"Pil boşalmak üzere"},"add-to-home-screen":{"_":"Ana Ekran'a ekle"},"crash-dialog2-os":{"_":"{{brandShortName}} az önce bir çökmeden kurtarıldı"},"crash-dialog-app":{"_":"{{name}} biraz önce çöktü"},"crash-dialog-message":{"_":"Bu sorunu düzeltmemize yardım etmek için Mozilla'ya bu çökme hakkındaki raporu göndermek ister misiniz? (Raporlar yalnızca Wi-Fi üzerinden gönderilir.)"},"crash-info-link":{"_":"Çökme raporunda neler var?"},"crash-always-report":{"_":"Çökme olduğunda her zaman Mozilla'ya rapor gönder."},"crash-dont-send":{"_":"Gönderme"},"crash-end":{"_":"Raporu Gönder"},"crashReports":{"_":"Çökme Raporları"},"done":{"_":"Bitti"},"crash-reports-description-1":{"_":"Bir çökme raporu, çökme ve aygıtınız hakkında bazı ayrıntıların yanı sıra aygıtınızın çökme zamandaki durumunu gösteren bir anlık görüntüsünü içerir."},"crash-reports-description-2":{"_":"Bu rapor; açık sayfalar ve uygulamalar, formlara yazılmış metinler ve açık mesajların içeriği, yakın tarama geçmişi veya açık bir uygulamanın kullandığı coğrafi konum gibi şeyleri içerebilir."},"crash-reports-description-3-start":{"_":"Çökme raporlarını sorunları düzeltmek ve ürünlerimizi geliştirmek için kullanıyoruz. Bilgilerinizi "},"crash-reports-description-3-privacy":{"_":"gizlilik ilkelerimizde"},"crash-reports-description-3-end":{"_":"açıklandığı şekilde kullanıyoruz."},"crash-banner-os2":{"_":"{{brandShortName}} az önce çöktü."},"crash-banner-app":{"_":"{{name}} biraz önce çöktü."},"crash-banner-report":{"_":"Rapor gönder"},"bluetooth-sendingTitle":{"_":"Bluetooth aktarımı gönderiliyor.."},"bluetooth-receivingTitle":{"_":"Bluetooth aktarımı alınıyor.."},"bluetooth-sending-progress":{"_":"Bluetooth aktarımı gönderiliyor.."},"bluetooth-receiving-progress":{"_":"Bluetooth aktarımı alınıyor.."},"acceptFileTransfer":{"_":"Bluetooth dosya aktarımı kabul edilsin mi?"},"wantToReceiveFile":{"_":"{{deviceName}}, {{fileName}} ({{fileSize}}) dosyasını aktarmak istiyor."},"transfer-confirmation-title":{"_":"{{deviceName}}"},"transfer-confirmation-description":{"_":"Aktarım isteğini gözden geçirin."},"byteUnit-B":{"_":"Bayt"},"byteUnit-KB":{"_":"KB"},"byteUnit-MB":{"_":"MB"},"byteUnit-GB":{"_":"GB"},"byteUnit-TB":{"_":"TB"},"byteUnit-PB":{"_":"PB"},"byteUnit-EB":{"_":"EB"},"byteUnit-ZB":{"_":"ZB"},"byteUnit-YB":{"_":"YB"},"fileSize":{"_":"{{size}} {{unit}}"},"transfer":{"_":"Aktar"},"cancelFileTransfer":{"_":"Bluetooth dosya aktarımı iptal edilsin mi?"},"transfer-has-started-title":{"_":"Aktarım başladı"},"transfer-has-started-description":{"_":"Bildirim merkezinden kontrol edin"},"transferFinished-sentSuccessful-title":{"_":"Dosya gönderildi"},"transferFinished-receivedSuccessful-title":{"_":"Dosya alındı"},"transferFinished-sentFailed-title":{"_":"Dosya gönderilemedi"},"transferFinished-receivedFailed-title":{"_":"Dosya alınamadı"},"transferReport-title":{"_":"Aktarım raporu:"},"transferReport-description":{"_":"{{numSuccessful}} dosya başarılı, {{numUnsuccessful}} dosya başarısız"},"unknown-file":{"_":"Bilinmeyen dosya"},"unknown-device":{"_":"Bilinmeyen aygıt"},"cannotOpenFile":{"_":"Alınan dosya açılamıyor"},"unknownMediaTypeToOpen":{"_":"Bilinmeyen ortam türü açılamıyor:"},"cannotReceiveFile":{"_":"Dosya alınamıyor"},"cannotGetStorageState":{"_":"Aygıt depolama durumu alınamadı."},"sdcard-not-exist2":{"_":"Bellek kartı bulunamadı. Lütfen bir bellek kartı takın."},"sdcard-in-use":{"_":"Bluetooth, telefon fişe takılıyken kullanılamaz. Dosya almak için telefonun fişini çekin."},"sdcard-no-space2":{"_":"Aktarım tamamlanamadı: Bellek kartı dolu."},"unknown-error":{"_":"Bilinmeyen hata"},"confirm":{"_":"Onayla"},"microphone-is-on":{"_":"Mikrofon açık"},"camera-is-on":{"_":"Kamera açık"},"media-is-on":{"_":"Kamera ve mikrofon AÇIK"},"noSimCard":{"_":"SIM kartı yok"},"simPin":{"_":"SIM PIN'i"},"pukCode":{"_":"PUK kodu"},"nckCode":{"_":"NCK kodu"},"cckCode":{"_":"CCK kodu"},"spckCode":{"_":"SPCK kodu"},"whatIsSimPin":{"_":"SIM PIN'i nedir?"},"simPinIntro1":{"_":"SIM PIN'i, SIM kartın hücresel veri şebekelerine erişmesini önler. Etkinleştirildiğinde, SIM kartın bulunduğu herhangi bir aygıt başlatılırken PIN'i soracaktır."},"simPinIntro2":{"_":"SIM PIN'i cihazın kilidini açmak için kullanılan şifre ile aynı değildir."},"changeSimPin":{"_":"PIN'i değiştir"},"pinTitle":{"_":"SIM PIN'ini girin"},"multiSIMpinTitle":{"_":"SIM {{n}} PIN'ini girin"},"pukTitle":{"_":"PUK kodunu girin"},"nckTitle":{"_":"NCK kodunu girin"},"cckTitle":{"_":"CCK kodunu girin"},"spckTitle":{"_":"SPCK kodunu girin"},"newpinTitle":{"_":"Yeni PIN"},"inputCodeRetriesLeft":{"_":"{[ plural(n) ]}","_[one]":"son hakkınız.","_[two]":"{{n}} deneme kaldı.","_[few]":"{{n}} deneme kaldı.","_[many]":"{{n}} deneme kaldı.","_[other]":"{{n}} deneme kaldı."},"pinErrorMsg":{"_":"PIN yanlış."},"pinAttemptMsg2":{"_":"{[ plural(n) ]}","_[one]":"SIM kart kilitlenmeden önce doğru kodu girmek için sadece bir hakkınız kaldı.","_[two]":"SIM kart kilitlenmeden önce doğru kodu girmek için {{n}} deneme hakkınız kaldı.","_[few]":"SIM kart kilitlenmeden önce doğru kodu girmek için {{n}} deneme hakkınız kaldı.","_[many]":"SIM kart kilitlenmeden önce doğru kodu girmek için {{n}} deneme hakkınız kaldı.","_[other]":"SIM kart kilitlenmeden önce doğru kodu girmek için {{n}} deneme hakkınız kaldı."},"pinLastChanceMsg":{"_":"Bu sizin doğru PIN'i girmek için son şansınız. Aksi halde, bu SIM kartını kullanmak için PUK kodunu girmeniz gerekecek."},"simCardLockedMsg":{"_":"SIM kart kilitli."},"enterPukMsg":{"_":"SIM kartınızın Kişisel Kilit Açma Anahtarı'nı (PUK) girmelisiniz. Daha fazla bilgi için SIM kartınızın belgelerine bakın veya operatörünüzle irtibata geçin."},"pukErrorMsg":{"_":"PUK kodu yanlış."},"pukAttemptMsg2":{"_":"{[ plural(n) ]}","_[one]":"Bu SIM kart kalıcı olarak kullanılamaz halde gelmeden önce doğru kodu girmeniz için sadece bir hakkınız kaldı. Daha fazla bilgi için SIM kartınızın belgelerine başvurun veya operatörünüzle iletişime geçin.","_[two]":"Bu SIM kart kalıcı olarak kullanılamaz halde gelmeden önce doğru kodu girmeniz için {{n}} hakkınız kaldı. Daha fazla bilgi için SIM kartınızın belgelerine başvurun veya operatörünüzle iletişime geçin.","_[few]":"Bu SIM kart kalıcı olarak kullanılamaz halde gelmeden önce doğru kodu girmeniz için {{n}} hakkınız kaldı. Daha fazla bilgi için SIM kartınızın belgelerine başvurun veya operatörünüzle iletişime geçin.","_[many]":"Bu SIM kart kalıcı olarak kullanılamaz halde gelmeden önce doğru kodu girmeniz için {{n}} hakkınız kaldı. Daha fazla bilgi için SIM kartınızın belgelerine başvurun veya operatörünüzle iletişime geçin.","_[other]":"Bu SIM kart kalıcı olarak kullanılamaz halde gelmeden önce doğru kodu girmeniz için {{n}} hakkınız kaldı. Daha fazla bilgi için SIM kartınızın belgelerine başvurun veya operatörünüzle iletişime geçin."},"pukLastChanceMsg":{"_":"Doğru PUK'u girmek için son şansınız. Yanlış PUK girerseniz SIM kartınız kalıcı olarak kullanılamaz halde gelecektir. Daha fazla bilgi için SIM kartınızın belgelerine bakın veya operatörünüzle iletişime geçin."},"newSimPinMsg":{"_":"PIN oluştur (4-8 haneli olmalı)"},"confirmNewSimPinMsg":{"_":"Yeni PIN'i onaylayın"},"newPinErrorMsg":{"_":"PIN'ler uyuşmuyor."},"nckErrorMsg":{"_":"NCK kodu yanlış."},"nckAttemptMsg2":{"_":"{[ plural(n) ]}","_[one]":"Şebeke kişiselleştirmesini kaldırma isteği başarısız oldu. Doğru kodu girmek için bir hakkınız kaldı. Daha fazla bilgi için aygıt belgelerinize bakın veya operatörünüzle iletişime geçin.","_[two]":"Şebeke kişiselleştirmesini kaldırma isteği başarısız oldu. Doğru kodu girmek için {{n}} hakkınız kaldı. Daha fazla bilgi için aygıt belgelerinize bakın veya operatörünüzle iletişime geçin.","_[few]":"Şebeke kişiselleştirmesini kaldırma isteği başarısız oldu. Doğru kodu girmek için {{n}} hakkınız kaldı. Daha fazla bilgi için aygıt belgelerinize bakın veya operatörünüzle iletişime geçin.","_[many]":"Şebeke kişiselleştirmesini kaldırma isteği başarısız oldu. Doğru kodu girmek için {{n}} hakkınız kaldı. Daha fazla bilgi için aygıt belgelerinize bakın veya operatörünüzle iletişime geçin.","_[other]":"Şebeke kişiselleştirmesini kaldırma isteği başarısız oldu. Doğru kodu girmek için {{n}} hakkınız kaldı. Daha fazla bilgi için aygıt belgelerinize bakın veya operatörünüzle iletişime geçin."},"nckLastChanceMsg":{"_":"Şebeke kişiselleştirmesini kaldırma isteği başarısız oldu. Doğru NCK kodunu girmek için son şansınız. Daha fazla bilgi için aygıt belgelerinize bakın veya operatörünüzle iletişime geçin."},"activity-pick":{"_":"Şuradan seç:"},"activity-view":{"_":"Bununla görüntüle:"},"activity-test":{"_":"Bununla test et:"},"activity-share":{"_":"Bununla paylaş:"},"activity-new":{"_":"Bununla oluştur:"},"activity-open":{"_":"Bununla aç:"},"activity-save-bookmark":{"_":"Yer imi ekle:"},"activity-record":{"_":"Buradan kaydet:"},"activity-browse":{"_":"Bununla göz at:"},"activity-configure":{"_":"Bununla yapılandır:"},"activity-dial":{"_":"Buradan ara:"},"persona-signin":{"_":"Giriş yap"},"payment-flow":{"_":"Satın al"},"remoteDebuggerMessage":{"_":"Gelen bir uzaktan hata ayıklama bağlantısı talebi algılandı. Bağlantıya izin verilsin mi?"},"fullscreen-request":{"_":"{{origin}} şimdi tam ekran."},"captive-wifi-available":{"_":"{{networkName}} ağı bulundu. Ağa katılınsın mı?"},"ceWarningtitle":{"_":"Ses düzeyi uyarısı"},"ceWarningcontent":{"_":"Olası işitme hasarını önlemek için yüksek ses düzeyinde uzun süre dinlemeyin.                "},"notification-powersaving-mode-on-title":{"_":"Güç Tasarrufu Modu"},"notification-powersaving-mode-on-description":{"_":"Güç tasarrufu modu açık."},"low-device-storage":{"_":"Aygıtta boş alan az.\n"},"free-space":{"_":"{[ plural(value) ]}","_[zero]":"Boş alan kalmadı.","_[one]":"{{value}} {{unit}} kaldı.","_[two]":"{{value}} {{unit}} kaldı.","_[few]":"{{value}} {{unit}} kaldı.","_[many]":"{{value}} {{unit}} kaldı.","_[other]":"{{value}} {{unit}} kaldı."},"unknown-free-space":{"_":"Kalan alan bilinmiyor."},"system-alert":{"_":"Sistem Uyarısı"},"cb-channel":{"_":"Kanal {{channel}}"},"icc-message-title":{"_":"SIM {{id}} operatör mesajı"},"icc-confirmCall-defaultmessage":{"_":"Ara: {{number}}"},"icc-alertMessage-defaultmessage":{"_":"Mesaj gönderiliyor"},"icc-confirmMessage-defaultmessage":{"_":"Mesaj gönderilsin mi?"},"icc-inputbox-title":{"_":"SIM {{id}} STK sorgusu"},"emergency-callback-mode":{"_":"Acil durum geri arama modu"},"emergency-callback-message":{"_":"Acil geri arama modu etkin olduğu için arama yapamaz, mesaj gönderemez ve internete giremezsiniz. Bu modu kapatmak ister misiniz?"},"cdma-record-info":{"_":"CDMA kayıt bilgileri"},"ime-switching-title":{"_":"{{appName}}: {{name}}"},"ime-switching-tip":{"_":"Giriş yöntemini değiştirmek için dokunun"},"layout-selection":{"_":"Yerleşim seçimi"},"shrinking-tip":{"_":"Paylaşmak için kaydır"},"download_started":{"_":"İndirme başlatıldı"},"download_stopped":{"_":"İndirme durduruldu"},"download_downloading":{"_":"İndiriliyor…"},"download_succeeded":{"_":"İndirme tamamlandı"},"download_failed":{"_":"İndirme başarısız"},"download_text_by_default":{"_":"{{name}}"},"download_downloading_text_2":{"_":"%{{percentage}} - {{name}}"},"search":{"_":"Arama"},"search-or-type-address":{"placeholder":"Arama terimi veya adres yazın"},"noSIMCardInHotspot":{"_":"SIM kart takılı olmadığı için erişim noktası kapatıldı"},"brandShortName":{"_":"B2G OS"},"browserBrandShortName":{"_":"Web Tarayıcısı"},"browserBrandFullName":{"_":"Mozilla Web Tarayıcısı"},"weekday-0-long":{"_":"Pazar"},"weekday-1-long":{"_":"Pazartesi"},"weekday-2-long":{"_":"Salı"},"weekday-3-long":{"_":"Çarşamba"},"weekday-4-long":{"_":"Perşembe"},"weekday-5-long":{"_":"Cuma"},"weekday-6-long":{"_":"Cumartesi"},"weekday-0-short":{"_":"Pzr"},"weekday-1-short":{"_":"Pzt"},"weekday-2-short":{"_":"Sal"},"weekday-3-short":{"_":"Çar"},"weekday-4-short":{"_":"Per"},"weekday-5-short":{"_":"Cum"},"weekday-6-short":{"_":"Cmt"},"month-0-long":{"_":"Ocak"},"month-1-long":{"_":"Şubat"},"month-2-long":{"_":"Mart"},"month-3-long":{"_":"Nisan"},"month-4-long":{"_":"Mayıs"},"month-5-long":{"_":"Haziran"},"month-6-long":{"_":"Temmuz"},"month-7-long":{"_":"Ağustos"},"month-8-long":{"_":"Eylül"},"month-9-long":{"_":"Ekim"},"month-10-long":{"_":"Kasım"},"month-11-long":{"_":"Aralık"},"month-0-genitive":{"_":"Ocak"},"month-1-genitive":{"_":"Şubat"},"month-2-genitive":{"_":"Mart"},"month-3-genitive":{"_":"Nisan"},"month-4-genitive":{"_":"Mayıs"},"month-5-genitive":{"_":"Haziran"},"month-6-genitive":{"_":"Temmuz"},"month-7-genitive":{"_":"Ağustos"},"month-8-genitive":{"_":"Eylül"},"month-9-genitive":{"_":"Ekim"},"month-10-genitive":{"_":"Kasım"},"month-11-genitive":{"_":"Aralık"},"month-0-short":{"_":"Oca"},"month-1-short":{"_":"Şub"},"month-2-short":{"_":"Mar"},"month-3-short":{"_":"Nis"},"month-4-short":{"_":"May"},"month-5-short":{"_":"Haz"},"month-6-short":{"_":"Tem"},"month-7-short":{"_":"Ağu"},"month-8-short":{"_":"Eyl"},"month-9-short":{"_":"Eki"},"month-10-short":{"_":"Kas"},"month-11-short":{"_":"Ara"},"minutes-ago-long":{"_":"{[ plural(value) ]}","_[zero]":"biraz önce","_[one]":"bir dakika önce","_[two]":"{{value}} dakika önce","_[few]":"{{value}} dakika önce","_[many]":"{{value}} dakika önce","_[other]":"{{value}} dakika önce"},"hours-ago-long":{"_":"{[ plural(value) ]}","_[zero]":"biraz önce","_[one]":"bir saat önce","_[two]":"{{value}} saat önce","_[few]":"{{value}} saat önce","_[many]":"{{value}} saat önce","_[other]":"{{value}} saat önce"},"days-ago-long":{"_":"{[ plural(value) ]}","_[zero]":"bugün","_[one]":"dün","_[two]":"{{value}} gün önce","_[few]":"{{value}} gün önce","_[many]":"{{value}} gün önce","_[other]":"{{value}} gün önce"},"weeks-ago-long":{"_":"{[ plural(value) ]}","_[zero]":"bu hafta","_[one]":"geçen hafta","_[two]":"{{value}} hafta önce","_[few]":"{{value}} hafta önce","_[many]":"{{value}} hafta önce","_[other]":"{{value}} hafta önce"},"months-ago-long":{"_":"{[ plural(value) ]}","_[zero]":"bu ay","_[one]":"geçen ay","_[two]":"{{value}} ay önce","_[few]":"{{value}} ay önce","_[many]":"{{value}} ay önce","_[other]":"{{value}} ay önce"},"years-ago-long":{"_":"{[ plural(value) ]}","_[zero]":"bu yıl","_[one]":"geçen yıl","_[two]":"{{value}} yıl önce","_[few]":"{{value}} yıl önce","_[many]":"{{value}} yıl önce","_[other]":"{{value}} yıl önce"},"minutes-until-long":{"_":"{[ plural(value) ]}","_[zero]":"şimdi","_[one]":"bir dakika önce","_[two]":"{{value}} dakika içinde","_[few]":"{{value}} dakika içinde","_[many]":"{{value}} dakika içinde","_[other]":"{{value}} dakika içinde"},"hours-until-long":{"_":"{[ plural(value) ]}","_[zero]":"şimdi","_[one]":"bir saat içinde","_[two]":"{{value}} saat içinde","_[few]":"{{value}} saat içinde","_[many]":"{{value}} saat içinde","_[other]":"{{value}} saat içinde"},"days-until-long":{"_":"{[ plural(value) ]}","_[zero]":"bugün","_[one]":"dün","_[two]":"{{value}} gün içinde","_[few]":"{{value}} gün içinde","_[many]":"{{value}} gün içinde","_[other]":"{{value}} gün içinde"},"weeks-until-long":{"_":"{[ plural(value) ]}","_[zero]":"bu hafta","_[one]":"gelecek hafta","_[two]":"{{value}} hafta içinde","_[few]":"{{value}} hafta içinde","_[many]":"{{value}} hafta içinde","_[other]":"{{value}} hafta içinde"},"months-until-long":{"_":"{[ plural(value) ]}","_[zero]":"bu ay","_[one]":"gelecek ay","_[two]":"{{value}} ay içinde","_[few]":"{{value}} ay içinde","_[many]":"{{value}} ay içinde","_[other]":"{{value}} ay içinde"},"years-until-long":{"_":"{[ plural(value) ]}","_[zero]":"bu yıl","_[one]":"gelecek yıl","_[two]":"{{value}} yıl içinde","_[few]":"{{value}} yıl içinde","_[many]":"{{value}} yıl içinde","_[other]":"{{value}} yıl içinde"},"minutes-ago-short":{"_":"{[ plural(value) ]}","_[zero]":"biraz önce","_[other]":"{{value}} dk önce"},"hours-ago-short":{"_":"{[ plural(value) ]}","_[zero]":"biraz önce","_[other]":"{{value}} saat önce"},"days-ago-short":{"_":"{[ plural(value) ]}","_[zero]":"bugün","_[other]":"{{value}} gün önce"},"minutes-until-short":{"_":"{[ plural(value) ]}","_[zero]":"şimdi","_[other]":"{{value}} dk içinde"},"hours-until-short":{"_":"{[ plural(value) ]}","_[zero]":"şimdi","_[other]":"{{value}} saat içinde"},"days-until-short":{"_":"{[ plural(value) ]}","_[zero]":"bugün","_[other]":"{{value}} gün içinde"},"incorrectDate":{"_":"(geçersiz tarih)"},"dateTimeFormat_%c":{"_":"%e %b %Y %a %H:%M:%S"},"dateTimeFormat_%x":{"_":"%d/%m/%Y"},"dateTimeFormat_%X":{"_":"%H:%M:%S"},"shortTimeFormat":{"_":"%H:%M"},"shortDateTimeFormat":{"_":"%x %H:%M"},"weekStartsOnMonday":{"_":"1"},"time_am":{"_":"ÖÖ"},"time_pm":{"_":"ÖS"},"perm-contacts":{"_":"Kişiler"},"perm-contacts-appRequest":{"_":"{{app}} kişi listenize erişmek istiyor."},"perm-contacts-webRequest":{"_":"{{site}} kişi listenize erişmek istiyor."},"perm-desktop-notification":{"_":"Bildirimler"},"perm-desktop-notification-appRequest":{"_":"{{app}} bildirimler göstermek istiyor."},"perm-desktop-notification-webRequest":{"_":"{{site}} bildirimler göstermek istiyor."},"perm-device-storage-music":{"_":"Müzik Depolama"},"perm-device-storage-music-appRequest":{"_":"{{app}} müziklerinize erişmek istiyor."},"perm-device-storage-music-webRequest":{"_":"{{site}} müziklerinize erişmek istiyor."},"perm-device-storage-pictures":{"_":"Resim Depolama"},"perm-device-storage-pictures-appRequest":{"_":"{{app}} resimlerinize erişmek istiyor."},"perm-device-storage-pictures-webRequest":{"_":"{{site}} resimlerinize erişmek istiyor."},"perm-device-storage-sdcard":{"_":"Bellek Kartı Depolama"},"perm-device-storage-sdcard-appRequest":{"_":"{{app}} bellek kartınıza erişmek istiyor."},"perm-device-storage-sdcard-webRequest":{"_":"{{site}} bellek kartınıza erişmek istiyor."},"perm-device-storage-videos":{"_":"Video Depolama"},"perm-device-storage-videos-appRequest":{"_":"{{app}} videolarınıza erişmek istiyor."},"perm-device-storage-videos-webRequest":{"_":"{{site}} videolarınıza erişmek istiyor."},"perm-fmradio":{"_":"FM Radyo"},"perm-fmradio-appRequest":{"_":"{{app}} FM Radyo'yu kullanmak istiyor."},"perm-fmradio-webRequest":{"_":"{{site}} FM Radyo'yu kullanmak istiyor."},"perm-geolocation":{"_":"Coğrafi Konum"},"perm-geolocation-appRequest":{"_":"{{app}} konumunuzu bilmek istiyor."},"perm-geolocation-webRequest":{"_":"{{site}} konumunuzu bilmek istiyor."},"perm-geolocation-more-info":{"_":"{{brandShortName}} yaklaşık konumunuzu belirlemek için GPS, Wi-Fi ve yakınınızdaki baz istasyonları gibi verileri kullanır. Bu veriler Mozilla'ya ve diğer hizmet sağlayıcılara gönderilir, ilgili konum veritabanlarını geliştirmek için toplanarak kullanılır. Veriler cihazınızda depolanabilir ve hiçbir uygulama çalışmadığı sırada dahi veri toplanabilir."},"perm-video-capture":{"_":"Kamera"},"perm-video-capture-appRequest":{"_":"Kameranızı {{app}} ile paylaşmak istiyor musunuz?"},"perm-video-capture-webRequest":{"_":"Kameranızı {{site}} ile paylaşmak istiyor musunuz?"},"perm-audio-capture":{"_":"Mikrofon"},"perm-audio-capture-appRequest":{"_":"Mikrofonunuzu {{app}} ile paylaşmak istiyor musunuz?"},"perm-audio-capture-webRequest":{"_":"Mikrofonunuzu {{site}} ile paylaşmak istiyor musunuz?"},"perm-media-capture":{"_":"Kamera ve Mikrofon"},"perm-media-capture-appRequest":{"_":"Kamera ve mikrofonunuzu {{app}} ile paylaşmak istiyor musunuz?"},"perm-media-capture-webRequest":{"_":"Kamera ve mikrofonunuzu {{site}} ile paylaşmak istiyor musunuz?"},"stopped_download_title":{"_":"İndirme durduruldu"},"stopped_download_message":{"_":"İndirme durduruldu. Tekrar denensin mi?"},"stopped_download_left_button":{"_":"İptal"},"stopped_download_right_button":{"_":"Tekrar dene"},"failed_download_title":{"_":"İndirme başarısız"},"failed_download_message":{"_":"{{name}} indirmesi başarısız oldu. Tekrar denensin mi?"},"failed_download_left_button":{"_":"İptal"},"failed_download_right_button":{"_":"Tekrar dene"},"stop_download_title":{"_":"İndirmeyi durdur"},"stop_download_message":{"_":"İndirmeyi durdurmak istediğinizden emin misiniz?"},"stop_download_left_button":{"_":"Hayır"},"stop_download_right_button":{"_":"Evet"},"delete_download_title":{"_":"Sil"},"delete_download_message":{"_":"{{name}} silinsin mi?"},"delete_download_left_button":{"_":"İptal"},"delete_download_right_button":{"_":"Sil"},"delete_all_download_title":{"_":"Sil"},"delete_all_download_left_button":{"_":"İptal"},"delete_all_download_right_button":{"_":"Sil"},"delete_all_download_message":{"_":"{[ plural(number) ]}","_[zero]":"Hiçbir dosya silinmesin mi?","_[one]":"Bir dosya silinsin mi?","_[two]":"{{number}} dosya silinsin mi?","_[few]":"{{number}} dosya silinsin mi?","_[many]":"{{number}} dosya silinsin mi?","_[other]":"{{number}} dosya silinsin mi?"},"unsupported_file_type_download_title":{"_":"Açılamadı"},"unsupported_file_type_download_message":{"_":"{{name}} dosyasını açabilen bir uygulama yok. Dosyayı kaydetmek mi yoksa silmek mi istersiniz?"},"unsupported_file_type_download_left_button":{"_":"Dosyayı tut"},"unsupported_file_type_download_right_button":{"_":"Sil"},"file_not_found_download_title":{"_":"Dosya bulunamadı"},"file_not_found_download_message":{"_":"Dosya cihazda bulunamadı"},"file_not_found_download_right_button":{"_":"Tamam"},"unmounted_sdcard_2_download_title":{"_":"Bellek kartı kullanımda"},"unmounted_sdcard_2_download_message":{"_":"Telefonun bağlantısını kesin"},"unmounted_sdcard_2_download_right_button":{"_":"Tamam"},"no_provider_download_title":{"_":"Paylaşılamadı"},"no_provider_download_message":{"_":"Sağlayıcı bulunamadı"},"no_provider_download_right_button":{"_":"Tamam"},"no_memory_download_title":{"_":"SD kart dolu"},"no_memory_download_message":{"_":"İndirdiğiniz dosyayı kaydetmek için SD kartınızda yer kalmadı. İndirmeyi yeniden başlatmadan önce lütfen bazı dosyaları silin."},"no_memory_download_right_button":{"_":"Tamam"},"no_sdcard_found_2_download_title":{"_":"Bellek kartı bulunamadı"},"no_sdcard_found_2_download_message":{"_":"Bellek kartı takın veya ayarlardan alternatif bir varsayılan medya konumu seçin"},"no_sdcard_found_2_download_right_button":{"_":"Tamam"},"file_open_error_download_title":{"_":"Açılamıyor"},"file_open_error_download_message":{"_":"{{name}} açılırken bir sorun oluştu. Dosyayı kaydetmek mi yoksa silmek mi istersiniz?"},"file_open_error_download_left_button":{"_":"Dosyayı tut"},"file_open_error_download_right_button":{"_":"Sil"},"restart_download_error":{"_":"İndirme yeniden başlatılırken bir hata oluştu. Lütfen tekrar indirmeyi deneyin."},"no-downloads":{"_":"İndirme yok"},"percentage":{"_":"% {{percentage}}"},"partialResult":{"_":"{{partial}} / {{total}}"},"summary":{"_":"{{date}} - {{status}}"},"download-stopped":{"_":"Durduruldu"},"download-failed":{"_":"İndirme başarısız"},"open_downloaded_file":{"_":"Aç"},"share_downloaded_file":{"_":"Paylaş"},"wallpaper_downloaded_file":{"_":"Duvar kâğıdı yap"},"ringtone_downloaded_file":{"_":"Zil sesi yap"},"cancel_downloaded_file":{"_":"İptal"},"sim-picker-dial-via-with-number":{"_":"{{ phoneNumber }} numarasını ara:"},"sim-picker-select-sim":{"_":"SIM seçin"},"sim-picker-button":{"_":"SIM{{ n }}"},"sim-picker-button-default":{"_":"(varsayılan)"}}