{"ok":{"_":"确定"},"back":{"_":"后退"},"help":{"_":"帮助"},"cancel":{"_":"取消"},"close":{"_":"关闭"},"skip":{"_":"跳过"},"airplaneMode":{"_":"飞行模式"},"searching":{"_":"正在搜索…"},"noNetwork":{"_":"无网络"},"roaming":{"_":"{{operator}}（漫游）"},"emergencyCallsOnly":{"_":"仅限紧急呼叫"},"emergencyCallsOnly-unknownSIMState":{"_":"（未知的SIM状态）"},"emergencyCallsOnly-noSIM":{"_":"（无 SIM 卡）"},"emergencyCallsOnly-pinRequired":{"_":"（需要 SIM PIN 密码）"},"emergencyCallsOnly-pukRequired":{"_":"（需要 SIM PUK 码）"},"emergencyCallsOnly-networkLocked":{"_":"（网络锁开启）"},"emergencyCallsOnly-serviceProviderLocked":{"_":"（服务提供者已锁定）"},"emergencyCallsOnly-corporateLocked":{"_":"（公司已锁定）"},"enterPIN":{"_":"输入 PIN"},"statusbarLabel":{"_":"{{date}}，{{operator}}"},"statusbarDateFormat":{"_":"%b %e 日"},"notifications":{"_":"通知"},"clear-all":{"_":"全部清除"},"newVoicemails":{"_":"{[ plural(n) ]}","_[zero]":"没有新的语音邮件","_[one]":"1 封新语音邮件","_[two]":"{{n}} 封新语音邮件","_[few]":"{{n}} 封新语音邮件","_[many]":"{{n}} 封新语音邮件","_[other]":"{{n}} 封新语音邮件"},"newVoicemailsUnknown":{"_":"新语音邮件"},"dialNumber":{"_":"拨打 {{number}}"},"deviceMenu":{"_":"手机"},"airplane":{"_":"开启飞行模式"},"airplaneOff":{"_":"关闭飞行模式"},"silent":{"_":"来电静音"},"normal":{"_":"来电响铃"},"restart":{"_":"重新启动"},"power":{"_":"关机"},"asyncpanzoom":{"_":"对应用禁用 APZ"},"asyncpanzoomOff":{"_":"对应用启用 APZ"},"enableScreenReaderSteps":{"_":"若要启用屏幕阅读器，按“音量+”后再按“音量-”按钮三次以上"},"disableScreenReaderSteps":{"_":"若要禁用屏幕阅读器，按“音量+”后再按“音量-”按钮三次以上"},"no-recent-apps":{"_":"没有最近的应用"},"yes":{"_":"是"},"no":{"_":"否"},"deny":{"_":"拒绝"},"allow":{"_":"允许"},"dontshare-geolocation":{"_":"不分享"},"share-geolocation":{"_":"分享"},"dontshare-audio-capture":{"_":"不分享"},"share-audio-capture":{"_":"分享"},"dontshare-video-capture":{"_":"不分享"},"share-video-capture":{"_":"分享"},"dontshare-media-capture":{"_":"不分享"},"share-media-capture":{"_":"分享"},"device-front":{"_":"前置摄像头"},"device-back":{"_":"后退 Camera"},"remember-my-choice":{"_":"记住我的选择"},"more-info":{"_":"更多信息…"},"install-app":{"_":"安装 {{name}}?"},"size":{"_":"大小"},"author":{"_":"作者"},"size-unknown":{"_":"未知"},"author-unknown":{"_":"未知"},"install":{"_":"安装"},"bytes":{"_":"字节"},"kB":{"_":"kB"},"MB":{"_":"MB"},"GB":{"_":"GB"},"TB":{"_":"TB"},"PB":{"_":"PB"},"app-install-generic-error":{"_":"“{{ appName }}”下载已停止"},"app-install-download-failed":{"_":"下载 {{ appName }} 失败"},"app-install-install-failed":{"_":"安装 {{ appName }} 失败"},"cancelling-will-not-refund":{"_":"取消不会导致退款。付费内容的退款由原始销售者提供。"},"apps-can-be-installed-later":{"_":"也可以以后再从最初的安装来源安装应用。"},"are-you-sure-you-want-to-cancel":{"_":"确定要取消此次安装吗？"},"cancel-install":{"_":"取消安装"},"resume":{"_":"继续"},"continue":{"_":"继续"},"stopDownloading":{"_":"要停止下载“{{ app }}”吗?"},"app-download-can-be-restarted":{"_":"以后可以重新开始下载。"},"app-download-stop-button":{"_":"停止下载"},"not-enough-space":{"_":"空间不足"},"not-enough-space-message":{"_":"没有足够的空间安装此应用。请通过删除旧的应用或媒体文件释放空间，然后再尝试从原始来源安装。"},"app-install-success":{"_":"{{ appName }} 已安装"},"setup":{"_":"设置"},"ime-addkeyboards":{"_":"添加键盘"},"later":{"_":"稍后"},"download":{"_":"下载"},"wantToDownload":{"_":"现在下载更新吗？"},"wantToInstall":{"_":"现在安装更新吗？"},"installNow":{"_":"立即安装"},"notNow":{"_":"暂不操作"},"downloadingUpdateMessage":{"innerHTML":"正在下载更新…<span>已下载 {{ progress }}。</span>"},"downloadingAppMessage":{"_":"正在下载“{{ appName }}”"},"downloadingAppProgressNoMax":{"_":"已下载 {{ progress }}"},"downloadingAppProgressIndeterminate":{"_":"正在下载"},"downloadingAppProgress":{"_":"已下载 {{ progress }} / {{ max }}"},"cancelAllDownloads":{"_":"取消所有下载"},"wantToCancelAll":{"_":"确定要取消所有下载吗？"},"downloadError":{"_":"下载更新时发生错误。"},"updateAvailableInfo":{"innerHTML":"{[ plural(n) ]}","innerHTML[one]":"{{ n }} 个可用更新。<span>点按查看更多信息。</span>","innerHTML[two]":"{{ n }} 个可用更新。<span>点按查看更多信息。</span>","innerHTML[few]":"{{ n }} 个可用更新。<span>点按查看更多信息。</span>","innerHTML[many]":"{{ n }} 个可用更新。<span>点按查看更多信息。</span>","innerHTML[other]":"{{ n }} 个可用更新。<span>点按查看更多信息。</span>"},"numberOfUpdates":{"_":"{[ plural(n) ]}","_[one]":"{{ n }} 个可用更新","_[two]":"{{ n }} 个可用更新","_[few]":"{{ n }} 个可用更新","_[many]":"{{ n }} 个可用更新","_[other]":"{{ n }} 个可用更新"},"systemUpdate":{"_":"系统更新"},"systemUpdateReady":{"_":"系统更新已就绪"},"required":{"_":"必需"},"uncompressingMessage":{"innerHTML":"正在解压缩… <span>这可能需要花费几分钟。</span>"},"downloadNoWifiWarning":{"_":"Wi-Fi 不可用。通过当前连接进行更新可能会产生额外费用。"},"downloadOfflineWarning":{"_":"连接不可用。连接到网络以下载更新。"},"downloadDataConnectionWarning":{"_":"Wi-Fi不可用时更新通过数据连接下载。数据可能被收取附加费用。"},"downloadUpdatesViaDataConnection":{"_":"通过数据连接下载更新？"},"downloadUpdatesViaDataConnectionMessage":{"_":"Wi-Fi 不可用时通过数据连接下载更新。使用数据连接时，电话可能被阻塞且数据可能被收取附加费用。"},"screenshotSaved":{"_":"屏幕截图已保存到相册"},"screenshotFailed":{"_":"屏幕截图无法保存"},"screenshotNoSDCard":{"_":"没有找到存储卡"},"screenshotSDCardInUse":{"_":"存储卡正在使用中"},"screenshotSDCardLow":{"_":"存储卡空间不足"},"emergency-call-button":{"_":"紧急呼叫"},"emergency-call":{"_":"紧急呼叫"},"unlock-a11y-button":{"ariaLabel":"解锁"},"camera-a11y-button":{"ariaLabel":"相机"},"longDateFormat":{"_":"%B %e 日 %A"},"softwareHomeButton":{"ariaLabel":"住宅"},"login":{"_":"登录"},"username":{"_":"用户名"},"password":{"_":"密码"},"http-authentication-message":{"_":"“{{host}}”要求提供用户名与密码。该网站说：“{{realm}}”"},"error-message":{"_":"“{{name}}”未能正常载入"},"error-title":{"_":"“{{name}}”存在问题"},"airplane-is-on":{"_":"飞行模式开启"},"airplane-is-turned-on":{"_":"“{{name}}”需要网络连接。请在“设置”中关闭飞行模式并连接到 Wi-Fi 或移动数据网络。"},"server-not-found":{"_":"找不到服务器"},"server-not-found-error":{"_":"无法找到服务器 {{name}}。"},"network-connection-unavailable":{"_":"网络连接不可用"},"network-error":{"_":"“{{name}}”需要网络连接。请尝试连接到 Wi-Fi 或者移动数据网络。"},"unable-to-connect":{"_":"无法连接"},"tap-to-retry":{"_":"Tap to retry"},"try-again":{"_":"重试"},"select-time":{"_":"选择时间"},"choose-option":{"_":"选择"},"choose-options":{"_":"选择"},"select-day":{"_":"选择日期"},"battery-almost-empty":{"_":"极低电量"},"add-to-home-screen":{"_":"添加到主屏幕"},"crash-dialog2-os":{"_":"{{brandShortName}} 刚刚从崩溃中恢复"},"crash-dialog-app":{"_":"“{{name}}”刚刚崩溃了"},"crash-dialog-message":{"_":"你是否愿意向 Mozilla 发送关于本次崩溃的报告以帮助我们修复问题？（报告仅通过 Wi-Fi 发送。）"},"crash-info-link":{"_":"崩溃报告里有什么内容？"},"crash-always-report":{"_":"发生崩溃时总是向 Mozilla 发送报告。"},"crash-dont-send":{"_":"不发送"},"crash-end":{"_":"发送报告"},"crashReports":{"_":"崩溃报告"},"done":{"_":"完成"},"crash-reports-description-1":{"_":"崩溃报告包含关于崩溃及您的设备的一些详细信息，相当于崩溃发生时您的设备的状态快照。"},"crash-reports-description-2":{"_":"这份报告可能包含像打开的页面和应用、输入到表单的文本和打开的信息的内容、最近的浏览历史记录或是打开的应用程序使用的地理位置定位信息等内容。"},"crash-reports-description-3-start":{"_":"我们使用崩溃报告尝试修复问题和改进我们的产品，我们处理您提交的信息时会遵照我们的"},"crash-reports-description-3-privacy":{"_":"隐私政策"},"crash-reports-description-3-end":{"_":"。"},"crash-banner-os2":{"_":"{{brandShortName}} 刚刚崩溃了。"},"crash-banner-app":{"_":"{{name}} 刚刚崩溃了。"},"crash-banner-report":{"_":"报告"},"bluetooth-sendingTitle":{"_":"Sending Bluetooth transfer.."},"bluetooth-receivingTitle":{"_":"Receiving Bluetooth transfer.."},"bluetooth-sending-progress":{"_":"正在发送蓝牙传输…"},"bluetooth-receiving-progress":{"_":"正在接收蓝牙传输…"},"acceptFileTransfer":{"_":"要接受蓝牙文件传输吗？"},"wantToReceiveFile":{"_":"{{deviceName}} 想要传输 {{fileName}} ({{fileSize}})。"},"transfer-confirmation-title":{"_":"接收文件？"},"transfer-confirmation-description":{"_":"从另一个设备接收文件"},"byteUnit-B":{"_":"字节"},"byteUnit-KB":{"_":"KB"},"byteUnit-MB":{"_":"MB"},"byteUnit-GB":{"_":"GB"},"byteUnit-TB":{"_":"TB"},"byteUnit-PB":{"_":"PB"},"byteUnit-EB":{"_":"EB"},"byteUnit-ZB":{"_":"ZB"},"byteUnit-YB":{"_":"YB"},"fileSize":{"_":"{{size}} {{unit}}"},"transfer":{"_":"传输"},"cancelFileTransfer":{"_":"要取消蓝牙文件传输吗？"},"transfer-has-started-title":{"_":"传输已开始"},"transfer-has-started-description":{"_":"请在通知中心查看进度"},"transferFinished-sentSuccessful-title":{"_":"文件已发送"},"transferFinished-receivedSuccessful-title":{"_":"文件已接收"},"transferFinished-sentFailed-title":{"_":"文件无法发送"},"transferFinished-receivedFailed-title":{"_":"文件无法接收"},"transferReport-title":{"_":"传输报告："},"transferReport-description":{"_":"{{numSuccessful}} 个文件成功，{{numUnsuccessful}} 个文件失败"},"unknown-file":{"_":"未知文件"},"unknown-device":{"_":"未知设备"},"cannotOpenFile":{"_":"无法打开接收的文件"},"unknownMediaTypeToOpen":{"_":"无法打开未知的媒体类型："},"cannotReceiveFile":{"_":"无法接收文件"},"cannotGetStorageState":{"_":"无法获取设备存储状态"},"sdcard-not-exist2":{"_":"没有找到存储卡。请插入一个存储卡。"},"sdcard-in-use":{"_":"手机处于插接状态时不能使用蓝牙。请拔出手机以接收文件。"},"sdcard-no-space2":{"_":"无法完成传输：存储卡已满。"},"unknown-error":{"_":"未知错误"},"confirm":{"_":"确认"},"microphone-is-on":{"_":"麦克风已开"},"camera-is-on":{"_":"摄像头已开"},"media-is-on":{"_":"摄像头和麦克风已开"},"noSimCard":{"_":"无 SIM 卡"},"simPin":{"_":"SIM 卡 PIN"},"pukCode":{"_":"PUK 码"},"nckCode":{"_":"NCK 码"},"cckCode":{"_":"CCK码"},"spckCode":{"_":"SPCK码"},"whatIsSimPin":{"_":"SIM 卡 PIN 是什么？"},"simPinIntro1":{"_":"SIM 卡 PIN 可以防止对 SIM 卡蜂窝数据网络的非授权访问。当它被启用时，任何装有该 SIM 卡的设备在重新启动后都将被要求提供 PIN。"},"simPinIntro2":{"_":"SIM 卡 PIN 与用于解锁设备的密码是不同的。"},"changeSimPin":{"_":"更改 PIN"},"pinTitle":{"_":"输入 SIM 卡 PIN"},"multiSIMpinTitle":{"_":"请输入 SIM {{n}} PIN"},"pukTitle":{"_":"输入 PUK 码"},"nckTitle":{"_":"输入 NCK 码"},"cckTitle":{"_":"请输入CCK码"},"spckTitle":{"_":"请输入SPCK码"},"newpinTitle":{"_":"新 PIN"},"inputCodeRetriesLeft":{"_":"{[ plural(n) ]}","_[one]":"最后一次尝试。","_[two]":"还有 {{n}} 次机会。","_[few]":"还有 {{n}} 次机会。","_[many]":"还有 {{n}} 次机会。","_[other]":"还有 {{n}} 次机会。"},"pinErrorMsg":{"_":"PIN 错误。"},"pinAttemptMsg2":{"_":"{[ plural(n) ]}","_[one]":"最后一次机会。","_[two]":"还有 {{n}} 次机会。","_[few]":"还有 {{n}} 次机会。","_[many]":"还有 {{n}} 次机会。","_[other]":"还有 {{n}} 次机会。"},"pinLastChanceMsg":{"_":"这是您最后一次机会来输入正确的 PIN。如果您输入了错误的 PIN，您将必须输入 PUK 码才能使用此 SIM 卡。"},"simCardLockedMsg":{"_":"SIM 卡已被锁定。"},"enterPukMsg":{"_":"您必须为此 SIM 卡输入个人解锁密钥（PUK）。请查阅您的 SIM 卡说明书或联系您的运营商以了解详细信息。"},"pukErrorMsg":{"_":"PUK 码错误。"},"pukAttemptMsg2":{"_":"{[ plural(n) ]}","_[one]":"如果再次输入错误的代码，这个 SIM 卡将会永久失效。参阅你的 SIM 卡手册或者联系你的运营商了解更多信息。","_[two]":"在您的 SIM 卡被永久锁定前您还有 {{n}} 次机会来输入正确的 PUK 码。请查阅您的 SIM 卡说明书或联系您的运营商以了解详细信息。","_[few]":"在您的 SIM 卡被永久锁定前您还有 {{n}} 次机会来输入正确的 PUK 码。请查阅您的 SIM 卡说明书或联系您的运营商以了解详细信息。","_[many]":"在您的 SIM 卡被永久锁定前您还有 {{n}} 次机会来输入正确的 PUK 码。请查阅您的 SIM 卡说明书或联系您的运营商以了解详细信息。","_[other]":"在您的 SIM 卡被永久锁定前您还有 {{n}} 次机会来输入正确的 PUK 码。请查阅您的 SIM 卡说明书或联系您的运营商以了解详细信息。"},"pukLastChanceMsg":{"_":"这是您最后一次机会来输入正确的 PUK 码。如果您输入了错误的 PUK 码，您的 SIM 卡将被永久锁定。请查阅您的 SIM 卡说明书或联系您的运营商以了解详细信息。"},"newSimPinMsg":{"_":"创建 PIN（4 至 8 位数字）"},"confirmNewSimPinMsg":{"_":"确认新 PIN"},"newPinErrorMsg":{"_":"PIN 不匹配。"},"nckErrorMsg":{"_":"NCK 码不正确。"},"nckAttemptMsg2":{"_":"{[ plural(n) ]}","_[one]":"网络解锁请求失败。你还有一次机会输入正确的代码。参阅你的设备文档或者联系你的运营商了解更多信息。","_[two]":"网络解锁请求失败。你还有 {{n}} 次机会可以尝试输入正确代码。参看你的设备文档或者联系你的运营商获取更多信息。","_[few]":"网络解锁请求失败。你还有 {{n}} 次机会可以尝试输入正确代码。参看你的设备文档或者联系你的运营商获取更多信息。","_[many]":"网络解锁请求失败。你还有 {{n}} 次机会可以尝试输入正确代码。参看你的设备文档或者联系你的运营商获取更多信息。","_[other]":"网络解锁请求失败。你还有 {{n}} 次机会可以尝试输入正确代码。参看你的设备文档或者联系你的运营商获取更多信息。"},"nckLastChanceMsg":{"_":"网络解锁请求失败。还有最后一次机会可以输入 NCK 码。参考你的设备文档或者联系你的运营商获取更多信息。"},"activity-pick":{"_":"选择来源："},"activity-view":{"_":"查看方式："},"activity-test":{"_":"测试方式："},"activity-share":{"_":"分享方式："},"activity-new":{"_":"创建方式："},"activity-open":{"_":"打开方式："},"activity-save-bookmark":{"_":"书签添加到："},"activity-record":{"_":"录音来源："},"activity-browse":{"_":"浏览方式："},"activity-configure":{"_":"配置方式："},"activity-dial":{"_":"拨号来源："},"persona-signin":{"_":"登录"},"payment-flow":{"_":"购买"},"remoteDebuggerMessage":{"_":"检测到一个远程调试的连接请求，允许连接？"},"fullscreen-request":{"_":"{{origin}} 现在全屏显示。"},"captive-wifi-available":{"_":"发现 {{networkName}} 网络。加入网络？"},"ceWarningtitle":{"_":"音量警告"},"ceWarningcontent":{"_":"为了避免可能的听力损伤，请勿在高音量下长时间倾听。"},"notification-powersaving-mode-on-title":{"_":"省电模式"},"notification-powersaving-mode-on-description":{"_":"省电模式已开。"},"low-device-storage":{"_":"设备空间紧缺。\n"},"free-space":{"_":"{[ plural(value) ]}","_[zero]":"没有剩余的可用空间。","_[one]":"剩余空间少于 {{value}} {{unit}}。","_[two]":"剩余空间少于 {{value}} {{unit}}。","_[few]":"剩余空间少于 {{value}} {{unit}}。","_[many]":"剩余空间少于 {{value}} {{unit}}。","_[other]":"剩余空间少于 {{value}} {{unit}}。"},"unknown-free-space":{"_":"剩余空间未知。"},"system-alert":{"_":"系统警报"},"cb-channel":{"_":"频道 {{channel}}"},"icc-message-title":{"_":"来自 SIM {{id}} 的运营商信息"},"icc-confirmCall-defaultmessage":{"_":"呼叫{{number}}？"},"icc-alertMessage-defaultmessage":{"_":"正在发送信息"},"icc-confirmMessage-defaultmessage":{"_":"发送信息？"},"icc-inputbox-title":{"_":"来自 SIM {{id}} 的 STK 查询"},"emergency-callback-mode":{"_":"紧急回拨模式"},"emergency-callback-message":{"_":"因为紧急呼叫模式已启用，您不能拨叫电话、发送短信或上网。您要关闭紧急呼叫模式吗？"},"cdma-record-info":{"_":"CDMA 记录信息"},"ime-switching-title":{"_":"{{appName}}：{{name}}"},"ime-switching-tip":{"_":"轻触即可切换输入法"},"layout-selection":{"_":"布局选择"},"shrinking-tip":{"_":"滑动分享"},"download_started":{"_":"下载已开始"},"download_stopped":{"_":"下载已停止"},"download_downloading":{"_":"正在下载…"},"download_succeeded":{"_":"下载完成"},"download_failed":{"_":"下载失败"},"download_text_by_default":{"_":"{{name}}"},"download_downloading_text_2":{"_":"{{percentage}}% - {{name}}"},"search":{"_":"Search"},"search-or-type-address":{"placeholder":"Search or type address"},"noSIMCardInHotspot":{"_":"SIM 卡缺失或插入不正确，因此热点已关闭"},"emergencyCallsOnly-network1Locked":{"_":"(网络1 已锁定)"},"emergencyCallsOnly-network2Locked":{"_":"(网络2 已锁定)"},"emergencyCallsOnly-hrpdNetworkLocked":{"_":"(HRPD 网络已锁定)"},"emergencyCallsOnly-ruimCorporateLocked":{"_":"（RUIM 公司被锁定）"},"emergencyCallsOnly-ruimServiceProviderLocked":{"_":"（RUIM 服务提供者被锁定）"},"voicemailNotificationMultiSim":{"_":"(SIM {{n}}) {{title}}"},"dontallow":{"_":"不允许"},"hide-info":{"_":"隐藏信息"},"cancel-install-button":{"_":"取消安装"},"file-not-found":{"_":"未找到文件"},"file-not-found-error":{"_":"因无法找到文件，设备无法显示此页面。"},"connection-failed":{"_":"无法连接"},"connection-failed-error":{"_":"尝试连接此站点时遇到网络错误。"},"invalid-connection":{"_":"无法连接"},"invalid-connection-error":{"_":"尝试连接此站点时遇到网络错误。"},"malformed-uri":{"_":"网址无效"},"malformed-uri-error":{"_":"输入的网址无效而无法加载。"},"redirect-loop":{"_":"无法显示页面"},"redirect-loop-error":{"_":"因为该页面进行不正确地重定向，设备无法显示此页面。请以后再尝试此页面。"},"not-cached":{"_":"页面已过期"},"not-cached-error":{"_":"由于它已过期，为安全起见，设备不能显示此页面。"},"is-printing-error":{"_":"正在打印或者打印预览时文档无法修改。"},"denied-port-access":{"_":"此地址访问受限"},"denied-port-access-error":{"_":"此地址使用了一个通常用于网络浏览以外目的的端口。为了保护您的安全，设备取消了该请求。"},"proxy-resolve-failure":{"_":"代理服务器错误"},"proxy-resolve-failure-error":{"_":"无法找到此设备配置使用的代理服务器。"},"proxy-connect-failure":{"_":"代理服务器错误"},"proxy-connect-failure-error":{"_":"此设备配置使用的代理服务器拒绝连接。"},"content-encoding":{"_":"无法显示页面"},"content-encoding-error":{"_":"发生内容编码错误，设备无法显示此页面。"},"remote-xul":{"_":"页面不支持"},"remote-xul-error":{"_":"此页面使用了此设备不支持的一项技术，因而无法显示。"},"phishing-blocked":{"_":"警告"},"phishing-blocked-error":{"_":"此网站已被举报为是一个诱骗用户透露个人或财务信息的钓鱼网站。"},"malware-blocked":{"_":"恶意攻击已阻挡"},"malware-blocked-error":{"_":"此网站已被举报为是一个攻击性网站，现已被阻止。"},"unsafe-content-type":{"_":"不安全的内容"},"unsafe-content-type-error":{"_":"此页面因不是安全地打开而无法显示。"},"corrupted-content":{"_":"无法显示页面"},"corrupted-content-error":{"_":"因检测到数据传输错误，无法显示此页面。"},"network-error-launching":{"_":"{{name}} 需要互联网连接。"},"network-error-in-app":{"_":"现在没有连接到互联网。"},"check-settings":{"_":"检查设置"},"tap-to-check-settings":{"_":"点击检查设置"},"continueFileTransfer":{"_":"继续"},"nck1code":{"_":"NCK1 码"},"nck2code":{"_":"NCK2 码"},"hnckcode":{"_":"HNCK 码"},"rcckcode":{"_":"RCCK 码"},"rspckcode":{"_":"RSPCK 码"},"nck1Title":{"_":"请输入 NCK1 码"},"nck2Title":{"_":"请输入 NCK2 码"},"hnckTitle":{"_":"请输入 HNCK 码"},"rcckTitle":{"_":"请输入 RCCK 码"},"rspckTitle":{"_":"请输入 RSPCK 码"},"search-or-enter-address":{"_":"搜索或输入网址","placeholder":"搜索或输入网址"},"brandShortName":{"_":"B2G OS"},"browserBrandShortName":{"_":"网络浏览器"},"browserBrandFullName":{"_":"Mozilla 网络浏览器"},"weekday-0-long":{"_":"星期日"},"weekday-1-long":{"_":"星期一"},"weekday-2-long":{"_":"星期二"},"weekday-3-long":{"_":"星期三"},"weekday-4-long":{"_":"星期四"},"weekday-5-long":{"_":"星期五"},"weekday-6-long":{"_":"星期六"},"weekday-0-short":{"_":"周日"},"weekday-1-short":{"_":"周一"},"weekday-2-short":{"_":"周二"},"weekday-3-short":{"_":"周三"},"weekday-4-short":{"_":"周四"},"weekday-5-short":{"_":"周五"},"weekday-6-short":{"_":"周六"},"month-0-long":{"_":"1 月"},"month-1-long":{"_":"2 月"},"month-2-long":{"_":"3 月"},"month-3-long":{"_":"4 月"},"month-4-long":{"_":"5 月"},"month-5-long":{"_":"6 月"},"month-6-long":{"_":"7 月"},"month-7-long":{"_":"8 月"},"month-8-long":{"_":"9 月"},"month-9-long":{"_":"10 月"},"month-10-long":{"_":"11 月"},"month-11-long":{"_":"12 月"},"month-0-genitive":{"_":"一月"},"month-1-genitive":{"_":"二月"},"month-2-genitive":{"_":"三月"},"month-3-genitive":{"_":"四月"},"month-4-genitive":{"_":"五月"},"month-5-genitive":{"_":"六月"},"month-6-genitive":{"_":"七月"},"month-7-genitive":{"_":"八月"},"month-8-genitive":{"_":"九月"},"month-9-genitive":{"_":"十月"},"month-10-genitive":{"_":"十一月"},"month-11-genitive":{"_":"十二月"},"month-0-short":{"_":"1 月"},"month-1-short":{"_":"2 月"},"month-2-short":{"_":"3 月"},"month-3-short":{"_":"4 月"},"month-4-short":{"_":"5 月"},"month-5-short":{"_":"6 月"},"month-6-short":{"_":"7 月"},"month-7-short":{"_":"8 月"},"month-8-short":{"_":"9 月"},"month-9-short":{"_":"10 月"},"month-10-short":{"_":"11 月"},"month-11-short":{"_":"12 月"},"minutes-ago-long":{"_":"{[ plural(value) ]}","_[zero]":"刚才","_[one]":"1 分钟前","_[two]":"{{ value }} 分钟前","_[few]":"{{ value }} 分钟前","_[many]":"{{ value }} 分钟前","_[other]":"{{ value }} 分钟前"},"hours-ago-long":{"_":"{[ plural(value) ]}","_[zero]":"刚才","_[one]":"1 小时前","_[two]":"{{ value }} 小时前","_[few]":"{{ value }} 小时前","_[many]":"{{ value }} 小时前","_[other]":"{{ value }} 小时前"},"days-ago-long":{"_":"{[ plural(value) ]}","_[zero]":"今天","_[one]":"昨天","_[two]":"{{value}} 天前","_[few]":"{{value}} 天前","_[many]":"{{value}} 天前","_[other]":"{{value}} 天前"},"weeks-ago-long":{"_":"{[ plural(value) ]}","_[zero]":"本周","_[one]":"上周","_[two]":"{{value}} 周前","_[few]":"{{value}} 周前","_[many]":"{{value}} 周前","_[other]":"{{value}} 周前"},"months-ago-long":{"_":"{[ plural(value) ]}","_[zero]":"本月","_[one]":"上月","_[two]":"{{value}} 个月前","_[few]":"{{value}} 个月前","_[many]":"{{value}} 个月前","_[other]":"{{value}} 个月前"},"years-ago-long":{"_":"{[ plural(value) ]}","_[zero]":"今年","_[one]":"去年","_[two]":"{{value}} 年前","_[few]":"{{value}} 年前","_[many]":"{{value}} 年前","_[other]":"{{value}} 年前"},"minutes-until-long":{"_":"{[ plural(value) ]}","_[zero]":"现在","_[one]":"1 分钟内","_[two]":"剩{{value}}分钟","_[few]":"剩{{value}}分钟","_[many]":"剩{{value}}分钟","_[other]":"剩{{value}}分钟"},"hours-until-long":{"_":"{[ plural(value) ]}","_[zero]":"现在","_[one]":"1 小时内","_[two]":"剩{{value}}小时","_[few]":"剩{{value}}小时","_[many]":"剩{{value}}小时","_[other]":"剩{{value}}小时"},"days-until-long":{"_":"{[ plural(value) ]}","_[zero]":"今天","_[one]":"明天","_[two]":"剩{{value}}天","_[few]":"剩{{value}}天","_[many]":"剩{{value}}天","_[other]":"剩{{value}}天"},"weeks-until-long":{"_":"{[ plural(value) ]}","_[zero]":"本周","_[one]":"下周","_[two]":"剩{{value}}周","_[few]":"剩{{value}}周","_[many]":"剩{{value}}周","_[other]":"剩{{value}}周"},"months-until-long":{"_":"{[ plural(value) ]}","_[zero]":"本月","_[one]":"下月","_[two]":"剩{{value}}个月","_[few]":"剩{{value}}个月","_[many]":"剩{{value}}个月","_[other]":"剩{{value}}个月"},"years-until-long":{"_":"{[ plural(value) ]}","_[zero]":"今年","_[one]":"明年","_[two]":"剩{{value}}年","_[few]":"剩{{value}}年","_[many]":"剩{{value}}年","_[other]":"剩{{value}}年"},"minutes-ago-short":{"_":"{[ plural(value) ]}","_[zero]":"刚才","_[other]":"{{value}} 分钟前"},"hours-ago-short":{"_":"{[ plural(value) ]}","_[zero]":"刚才","_[other]":"{{value}}小时前"},"days-ago-short":{"_":"{[ plural(value) ]}","_[zero]":"今天","_[other]":"{{value}} 天前"},"minutes-until-short":{"_":"{[ plural(value) ]}","_[zero]":"现在","_[other]":"剩{{value}}分钟"},"hours-until-short":{"_":"{[ plural(value) ]}","_[zero]":"现在","_[other]":"剩{{value}}小时"},"days-until-short":{"_":"{[ plural(value) ]}","_[zero]":"今天","_[other]":"剩{{value}}天"},"incorrectDate":{"_":"（日期不正确）"},"dateTimeFormat_%c":{"_":"%Y 年 %b %e 日 %a %H:%M:%S"},"dateTimeFormat_%x":{"_":"%Y/%m/%d"},"dateTimeFormat_%X":{"_":"%H:%M:%S"},"shortTimeFormat":{"_":"%H:%M"},"shortDateTimeFormat":{"_":"%x %H:%M"},"weekStartsOnMonday":{"_":"0"},"time_am":{"_":"上午"},"time_pm":{"_":"下午"},"perm-contacts":{"_":"联系人"},"perm-contacts-appRequest":{"_":"{{app}} 想要访问你的联系人列表。"},"perm-contacts-webRequest":{"_":"{{site}} 想要访问你的联系人。"},"perm-desktop-notification":{"_":"通知"},"perm-desktop-notification-appRequest":{"_":"{{app}} 想要显示通知。"},"perm-desktop-notification-webRequest":{"_":"{{site}} 想要显示通知。"},"perm-device-storage-music":{"_":"音乐存储"},"perm-device-storage-music-appRequest":{"_":"{{app}} 想要访问你的音乐。"},"perm-device-storage-music-webRequest":{"_":"{{site}} 想要访问你的音乐。"},"perm-device-storage-pictures":{"_":"图片存储"},"perm-device-storage-pictures-appRequest":{"_":"{{app}} 想要访问你的照片。"},"perm-device-storage-pictures-webRequest":{"_":"{{site}} 想要访问你的照片。"},"perm-device-storage-sdcard":{"_":"存储卡存储"},"perm-device-storage-sdcard-appRequest":{"_":"{{app}} 想要访问你的存储卡。"},"perm-device-storage-sdcard-webRequest":{"_":"{{site}} 想要访问的存储卡。"},"perm-device-storage-videos":{"_":"视频存储"},"perm-device-storage-videos-appRequest":{"_":"{{app}} 想要访问你的视频。"},"perm-device-storage-videos-webRequest":{"_":"{{site}} 想要访问你的视频。"},"perm-fmradio":{"_":"调频收音机"},"perm-fmradio-appRequest":{"_":"{{app}} 想要使用你的调频收音机。"},"perm-fmradio-webRequest":{"_":"{{site}} 想要使用调频收音机。"},"perm-geolocation":{"_":"地理位置定位"},"perm-geolocation-appRequest":{"_":"{{app}} 想要获取你的位置。"},"perm-geolocation-webRequest":{"_":"{{site}} 想要获取你的位置。"},"perm-geolocation-more-info":{"_":"{{brandShortName}} 使用诸如 GPS、Wi-Fi 以及您附近的移动网络帮助测定您的地理位置。数据将发送到 Mozilla 及其他服务提供商，并将用作改善这些地理位置数据库。数据可能被存储在您的设备上，以及可能在没有应用在运行时收集数据。"},"perm-video-capture":{"_":"相机"},"perm-video-capture-appRequest":{"_":"您想要与 {{app}} 分享您的相机吗？"},"perm-video-capture-webRequest":{"_":"您想要与 {{site}} 分享您的相机吗？"},"perm-audio-capture":{"_":"麦克风"},"perm-audio-capture-appRequest":{"_":"您想要与 {{app}} 分享您的麦克风吗？"},"perm-audio-capture-webRequest":{"_":"您想要与 {{site}} 分享您的麦克风吗？"},"perm-media-capture":{"_":"相机与麦克风"},"perm-media-capture-appRequest":{"_":"您想要与 {{app}} 分享您的相机和麦克风吗？"},"perm-media-capture-webRequest":{"_":"您想要与 {{site}} 分享您的相机和麦克风吗？"},"stopped_download_title":{"_":"下载已停止"},"stopped_download_message":{"_":"下载已停止。尝试继续下载吗？"},"stopped_download_left_button":{"_":"取消"},"stopped_download_right_button":{"_":"重试"},"failed_download_title":{"_":"下载失败"},"failed_download_message":{"_":"下载 {{name}} 失败。再次尝试吗？"},"failed_download_left_button":{"_":"取消"},"failed_download_right_button":{"_":"重试"},"stop_download_title":{"_":"停止下载"},"stop_download_message":{"_":"你确定要停止这个下载吗？"},"stop_download_left_button":{"_":"否"},"stop_download_right_button":{"_":"是"},"delete_download_title":{"_":"删除"},"delete_download_message":{"_":"删除 {{name}}？"},"delete_download_left_button":{"_":"取消"},"delete_download_right_button":{"_":"删除"},"delete_all_download_title":{"_":"删除"},"delete_all_download_left_button":{"_":"取消"},"delete_all_download_right_button":{"_":"删除"},"delete_all_download_message":{"_":"{[ plural(number) ]}","_[zero]":"不删除文件？","_[one]":"删除一个文件？","_[two]":"删除 {{number}} 个文件？","_[few]":"删除 {{number}} 个文件？","_[many]":"删除 {{number}} 个文件？","_[other]":"删除 {{number}} 个文件？"},"unsupported_file_type_download_title":{"_":"无法打开"},"unsupported_file_type_download_message":{"_":"还没有应用可以打开 {{name}}。你想保存或删除该文件吗？"},"unsupported_file_type_download_left_button":{"_":"保留文件"},"unsupported_file_type_download_right_button":{"_":"删除"},"file_not_found_download_title":{"_":"未找到文件"},"file_not_found_download_message":{"_":"未能在设备上找到此文件"},"file_not_found_download_right_button":{"_":"确定"},"unmounted_sdcard_2_download_title":{"_":"存储卡使用中"},"unmounted_sdcard_2_download_message":{"_":"拔出手机"},"unmounted_sdcard_2_download_right_button":{"_":"确定"},"no_provider_download_title":{"_":"无法分享"},"no_provider_download_message":{"_":"未找到提供者"},"no_provider_download_right_button":{"_":"确定"},"no_memory_download_title":{"_":"SD 卡已满"},"no_memory_download_message":{"_":"您的 SD 卡没有更多闲置空间保存您的下载。请在再次尝试下载前删除一些文件。"},"no_memory_download_right_button":{"_":"确定"},"no_sdcard_found_2_download_title":{"_":"没有找到存储卡"},"no_sdcard_found_2_download_message":{"_":"请插入一个存储卡，或者在设置中选择一个替代的默认媒体位置"},"no_sdcard_found_2_download_right_button":{"_":"确定"},"file_open_error_download_title":{"_":"无法打开"},"file_open_error_download_message":{"_":"打开 {{name}} 时遇到问题。你想保存或删除该文件吗？"},"file_open_error_download_left_button":{"_":"保留文件"},"file_open_error_download_right_button":{"_":"删除"},"restart_download_error":{"_":"重新开始该下载时遇到错误。请尝试重新下载。"},"no-downloads":{"_":"没有下载项"},"percentage":{"_":"{{percentage}} %"},"partialResult":{"_":"{{partial}} / {{total}}"},"summary":{"_":"{{date}} - {{status}}"},"download-stopped":{"_":"已停止"},"download-failed":{"_":"下载失败"},"open_downloaded_file":{"_":"打开"},"share_downloaded_file":{"_":"分享"},"wallpaper_downloaded_file":{"_":"设置为壁纸"},"ringtone_downloaded_file":{"_":"设为铃声"},"cancel_downloaded_file":{"_":"取消"},"sim-picker-dial-via-with-number":{"_":"拨叫 {{ phoneNumber }} 通过"},"sim-picker-select-sim":{"_":"选择 SIM 卡"},"sim-picker-button":{"_":"SIM{{ n }}"},"sim-picker-button-default":{"_":"（默认）"}}