{"ok":{"_":"確定"},"back":{"_":"上一頁"},"help":{"_":"說明"},"cancel":{"_":"取消"},"close":{"_":"關閉"},"skip":{"_":"略過"},"airplaneMode":{"_":"飛航模式"},"searching":{"_":"搜尋中…"},"noNetwork":{"_":"無網路"},"roaming":{"_":"{{operator}}（漫遊中）"},"emergencyCallsOnly":{"_":"僅可撥打緊急電話"},"emergencyCallsOnly-unknownSIMState":{"_":"(SIM 卡狀態未知)"},"emergencyCallsOnly-noSIM":{"_":"(無 SIM 卡)"},"emergencyCallsOnly-pinRequired":{"_":"(需要輸入 SIM PIN)"},"emergencyCallsOnly-pukRequired":{"_":"(需要輸入 SIM PUK)"},"emergencyCallsOnly-networkLocked":{"_":"（網路已鎖定）"},"emergencyCallsOnly-serviceProviderLocked":{"_":"（電信業者已鎖定）"},"emergencyCallsOnly-corporateLocked":{"_":"（公司已鎖定）"},"enterPIN":{"_":"輸入 PIN"},"statusbarLabel":{"_":"{{date}}, {{operator}}"},"statusbarDateFormat":{"_":"%b %e 日"},"notifications":{"_":"通知"},"clear-all":{"_":"清除全部"},"newVoicemails":{"_":"{[ plural(n) ]}","_[zero]":"沒有新的語音留言","_[one]":"一通新的語音留言","_[two]":"{{n}} 通新的語音留言","_[few]":"{{n}} 通新的語音留言","_[many]":"{{n}} 通新的語音留言","_[other]":"{{n}} 通新的語音留言"},"newVoicemailsUnknown":{"_":"有新的語音留言"},"dialNumber":{"_":"撥給 {{number}}"},"deviceMenu":{"_":"電話"},"airplane":{"_":"開啟飛航模式"},"airplaneOff":{"_":"關閉飛航模式"},"silent":{"_":"來電靜音"},"normal":{"_":"取消來電靜音"},"restart":{"_":"重新啟動"},"power":{"_":"關機"},"asyncpanzoom":{"_":"停用應用程式的 APZ"},"asyncpanzoomOff":{"_":"啟用應用程式的 APZ"},"enableScreenReaderSteps":{"_":"要啟用螢幕閱讀器，請按增加音量，然後按降低音量按鈕三次"},"disableScreenReaderSteps":{"_":"要停用螢幕閱讀器，請按增加音量，然後按降低音量按鈕三次"},"no-recent-apps":{"_":"沒有最近使用的應用程式"},"yes":{"_":"是"},"no":{"_":"否"},"deny":{"_":"拒絕"},"allow":{"_":"允許"},"dontshare-geolocation":{"_":"不要透露"},"share-geolocation":{"_":"透露"},"dontshare-audio-capture":{"_":"不要分享"},"share-audio-capture":{"_":"分享"},"dontshare-video-capture":{"_":"不要分享"},"share-video-capture":{"_":"分享"},"dontshare-media-capture":{"_":"不要分享"},"share-media-capture":{"_":"分享"},"device-front":{"_":"前相機"},"device-back":{"_":"後相機"},"remember-my-choice":{"_":"記住我的選擇"},"more-info":{"_":"更多資訊…"},"install-app":{"_":"要安裝 {{name}} 嗎?"},"size":{"_":"大小"},"author":{"_":"作者"},"size-unknown":{"_":"未知"},"author-unknown":{"_":"未知"},"install":{"_":"安裝"},"bytes":{"_":"位元組"},"kB":{"_":"KB"},"MB":{"_":"MB"},"GB":{"_":"GB"},"TB":{"_":"TB"},"PB":{"_":"PB"},"app-install-generic-error":{"_":"{{ appName }} 下載已停止"},"app-install-download-failed":{"_":"{{ appName }} 下載失敗"},"app-install-install-failed":{"_":"{{ appName }} 安裝失敗"},"cancelling-will-not-refund":{"_":"現在取消將不會退費。付費內容的退費機制將由原內容銷售商提供。"},"apps-can-be-installed-later":{"_":"您之後可以於原始安裝來源再次安裝應用程式"},"are-you-sure-you-want-to-cancel":{"_":"您確定要取消這次的安裝嗎?"},"cancel-install":{"_":"取消安裝"},"resume":{"_":"繼續"},"continue":{"_":"繼續"},"stopDownloading":{"_":"要停止下載 {{ app }} 嗎?"},"app-download-can-be-restarted":{"_":"可在稍後重新開始下載。"},"app-download-stop-button":{"_":"停止下載"},"not-enough-space":{"_":"空間不足"},"not-enough-space-message":{"_":"沒有足夠的空間可安裝此程式。您可以刪除舊程式或媒體檔案來釋放空間，接著再從原始來源嘗試安裝。"},"app-install-success":{"_":"已安裝 {{ appName }}"},"setup":{"_":"設定"},"ime-addkeyboards":{"_":"新增鍵盤"},"later":{"_":"稍候"},"download":{"_":"下載"},"wantToDownload":{"_":"現在開始下載更新？"},"wantToInstall":{"_":"現在開始安裝更新？"},"installNow":{"_":"立刻安裝"},"notNow":{"_":"現在不要"},"downloadingUpdateMessage":{"innerHTML":"正在下載更新… <span>已下載 {{ progress }}。</span>"},"downloadingAppMessage":{"_":"正在下載 {{ appName }}"},"downloadingAppProgressNoMax":{"_":"已下載 {{ progress }}"},"downloadingAppProgressIndeterminate":{"_":"下載中"},"downloadingAppProgress":{"_":"已下載 {{ progress }} / {{ max }}"},"cancelAllDownloads":{"_":"取消所有下載"},"wantToCancelAll":{"_":"您確定要取消所有下載?"},"downloadError":{"_":"下載更新時發生錯誤。"},"updateAvailableInfo":{"innerHTML":"{[ plural(n) ]}","innerHTML[one]":"有 {{ n }} 個可用更新。<span>點擊這裡取得更多資訊。</span>","innerHTML[two]":"有 {{ n }} 個可用更新。<span>點擊這裡取得更多資訊。</span>","innerHTML[few]":"有 {{ n }} 個可用更新。<span>點擊這裡取得更多資訊。</span>","innerHTML[many]":"有 {{ n }} 個可用更新。<span>點擊這裡取得更多資訊。</span>","innerHTML[other]":"有 {{ n }} 個可用更新。<span>點擊這裡取得更多資訊。</span>"},"numberOfUpdates":{"_":"{[ plural(n) ]}","_[one]":"有 {{ n }} 個更新可用","_[two]":"有 {{ n }} 個更新可用","_[few]":"有 {{ n }} 個更新可用","_[many]":"有 {{ n }} 個更新可用","_[other]":"有 {{ n }} 個更新可用"},"systemUpdate":{"_":"系統更新"},"systemUpdateReady":{"_":"已準備好進行系統更新"},"required":{"_":"必需"},"uncompressingMessage":{"innerHTML":"正在解壓縮… <span>可能會花上幾分鐘。</span>"},"downloadNoWifiWarning":{"_":"無法使用 Wi-Fi。透過目前的連線更新可能需要另外付費。"},"downloadOfflineWarning":{"_":"網路不通。請連線到網路以下載更新。"},"downloadDataConnectionWarning":{"_":"無法使用 Wi-Fi 連線時將透過數據連線下載更新，數據連線可能需要另外付費。"},"downloadUpdatesViaDataConnection":{"_":"透過數據連線下載更新？"},"downloadUpdatesViaDataConnectionMessage":{"_":"無法使用 Wi-Fi 連線時將透過數據連線下載更新。使用數據連線時，可能暫時無法接到來電且可能需要另外付費。"},"screenshotSaved":{"_":"已將畫面擷圖儲存至圖片庫"},"screenshotFailed":{"_":"無法儲存畫面擷圖"},"screenshotNoSDCard":{"_":"找不到記憶卡"},"screenshotSDCardInUse":{"_":"記憶卡使用中"},"screenshotSDCardLow":{"_":"記憶卡的空間不足"},"emergency-call-button":{"_":"緊急撥號"},"emergency-call":{"_":"緊急撥號"},"unlock-a11y-button":{"ariaLabel":"解鎖"},"camera-a11y-button":{"ariaLabel":"相機"},"longDateFormat":{"_":"%b %e 日 %A"},"softwareHomeButton":{"ariaLabel":"主畫面"},"login":{"_":"登入"},"username":{"_":"使用者名稱"},"password":{"_":"密碼"},"http-authentication-message":{"_":"{{host}} 要求您輸入使用者名稱與密碼。網站說:「{{realm}}」"},"error-message":{"_":"無法正確載入 {{name}}"},"error-title":{"_":"發生問題 {{name}}"},"airplane-is-on":{"_":"已開啟飛航模式"},"airplane-is-turned-on":{"_":"{{name}} 需要網路連線。請於手機設定中關閉飛航模式，並連接至 Wi-Fi 或行動數據網路。"},"server-not-found":{"_":"找不到伺服器"},"server-not-found-error":{"_":"找不到伺服器 {{name}}。"},"network-connection-unavailable":{"_":"無法使用網路連線"},"network-error":{"_":"{{name}} 需要網路連線。請連接至 Wi-Fi 或行動數據網路。"},"unable-to-connect":{"_":"連線失敗"},"tap-to-retry":{"_":"Tap to retry"},"try-again":{"_":"重試"},"select-time":{"_":"選擇時間"},"choose-option":{"_":"選取"},"choose-options":{"_":"選取"},"select-day":{"_":"選擇日期"},"battery-almost-empty":{"_":"電力快要耗盡"},"add-to-home-screen":{"_":"新增至裝置主畫面"},"crash-dialog2-os":{"_":"{{brandShortName}} 剛自錯誤中恢復"},"crash-dialog-app":{"_":"{{name}} 剛發生錯誤"},"crash-dialog-message":{"_":"您願意傳送關於此錯誤的報告至 Mozilla，以幫助我們修正這個問題嗎？（報告將只透過 Wi-Fi 傳送。）"},"crash-info-link":{"_":"錯誤報告當中有哪些東西？"},"crash-always-report":{"_":"總是在發生程式錯誤時傳送報告給 Mozilla。"},"crash-dont-send":{"_":"不要傳送"},"crash-end":{"_":"傳送報告"},"crashReports":{"_":"錯誤資訊報表"},"done":{"_":"完成"},"crash-reports-description-1":{"_":"錯誤報告包含了該次錯誤與您的裝置的一些詳細資訊，以及錯誤發生時您的裝置的使用狀態。"},"crash-reports-description-2":{"_":"可能包含諸如開啟的頁面與應用程式、輸入至表單中的文字、開啟訊息的內容、最近的瀏覽紀錄、與開啟的應用程式所取得的地理位置資訊。"},"crash-reports-description-3-start":{"_":"我們使用錯誤報告來試著修復問題並改進產品。我們將依照"},"crash-reports-description-3-privacy":{"_":"隱私權保護政策"},"crash-reports-description-3-end":{"_":"當中所描述的方式處理您的資訊。"},"crash-banner-os2":{"_":"{{brandShortName}} 剛發生錯誤。"},"crash-banner-app":{"_":"{{name}} 剛發生錯誤。"},"crash-banner-report":{"_":"報告"},"bluetooth-sendingTitle":{"_":"Sending Bluetooth transfer.."},"bluetooth-receivingTitle":{"_":"Receiving Bluetooth transfer.."},"bluetooth-sending-progress":{"_":"正在傳送藍牙傳輸資料…"},"bluetooth-receiving-progress":{"_":"正在接收藍牙傳輸資料…"},"acceptFileTransfer":{"_":"允許藍牙檔案傳輸嗎？"},"wantToReceiveFile":{"_":"{{deviceName}} 想要傳送 {{fileName}} ({{fileSize}})。"},"transfer-confirmation-title":{"_":"{{deviceName}}"},"transfer-confirmation-description":{"_":"確認傳輸請求。"},"byteUnit-B":{"_":"位元組"},"byteUnit-KB":{"_":"KB"},"byteUnit-MB":{"_":"MB"},"byteUnit-GB":{"_":"GB"},"byteUnit-TB":{"_":"TB"},"byteUnit-PB":{"_":"PB"},"byteUnit-EB":{"_":"EB"},"byteUnit-ZB":{"_":"ZB"},"byteUnit-YB":{"_":"YB"},"fileSize":{"_":"{{size}} {{unit}}"},"transfer":{"_":"傳輸"},"cancelFileTransfer":{"_":"取消藍牙檔案傳輸？"},"transfer-has-started-title":{"_":"已開始傳輸"},"transfer-has-started-description":{"_":"請在通知中心檢視進度"},"transferFinished-sentSuccessful-title":{"_":"已傳送檔案"},"transferFinished-receivedSuccessful-title":{"_":"已接收檔案"},"transferFinished-sentFailed-title":{"_":"無法傳送檔案"},"transferFinished-receivedFailed-title":{"_":"無法接收檔案"},"transferReport-title":{"_":"傳輸報告:"},"transferReport-description":{"_":"成功傳輸 {{numSuccessful}} 個檔案、未成功傳輸 {{numUnsuccessful}} 個檔案"},"unknown-file":{"_":"未知檔案"},"unknown-device":{"_":"未知的裝置"},"cannotOpenFile":{"_":"無法開啟接收的檔案"},"unknownMediaTypeToOpen":{"_":"無法開啟未知的媒體類型："},"cannotReceiveFile":{"_":"無法接收檔案"},"cannotGetStorageState":{"_":"無法取得裝置儲存空間狀態。"},"sdcard-not-exist2":{"_":"找不到記憶卡，請插入記憶卡。"},"sdcard-in-use":{"_":"當手機連接至電腦時無法使用藍牙。請拔除手機傳輸線以接收檔案。"},"sdcard-no-space2":{"_":"無法完成傳輸：記憶卡已滿。"},"unknown-error":{"_":"未知錯誤"},"confirm":{"_":"確認"},"microphone-is-on":{"_":"麥克風已開啟"},"camera-is-on":{"_":"已開啟相機"},"media-is-on":{"_":"已開啟相機與麥克風"},"noSimCard":{"_":"未插入 SIM 卡"},"simPin":{"_":"SIM PIN"},"pukCode":{"_":"PUK 碼"},"nckCode":{"_":"NCK 碼"},"cckCode":{"_":"CCK 碼"},"spckCode":{"_":"SPCK 碼"},"whatIsSimPin":{"_":"SIM PIN 是什麼?"},"simPinIntro1":{"_":"SIM PIN 阻止了手機存取行動數據網路。開啟 PIN 時，任何插入了 SIM 卡的裝置將會在重開機時向您詢問 PIN 碼。"},"simPinIntro2":{"_":"SIM 卡的 PIN 碼與用來解鎖裝置的解鎖碼不同。"},"changeSimPin":{"_":"修改 PIN 碼"},"pinTitle":{"_":"輸入 SIM PIN 碼"},"multiSIMpinTitle":{"_":"輸入 SIM {{n}} 的 PIN 碼"},"pukTitle":{"_":"輸入 PUK 碼"},"nckTitle":{"_":"輸入 NCK 碼"},"cckTitle":{"_":"輸入 CCK 碼"},"spckTitle":{"_":"輸入 SPCK 碼"},"newpinTitle":{"_":"設定 PIN 碼"},"inputCodeRetriesLeft":{"_":"{[ plural(n) ]}","_[one]":"最後一次機會。","_[two]":"還有 {{n}} 次機會。","_[few]":"還有 {{n}} 次機會。","_[many]":"還有 {{n}} 次機會。","_[other]":"還有 {{n}} 次機會。"},"pinErrorMsg":{"_":"PIN 不正確。"},"pinAttemptMsg2":{"_":"{[ plural(n) ]}","_[one]":"這是您最後一次輸入正確 PIN 碼的機會。若您這次輸入的 PIN 碼還是錯誤，您的 SIM 卡將會被鎖定。","_[two]":"您還有 {{n}} 次輸入正確 PIN 碼的機會。若您一直輸入錯誤的 PIN 碼，您的 SIM 卡將會被鎖定。","_[few]":"您還有 {{n}} 次輸入正確 PIN 碼的機會。若您一直輸入錯誤的 PIN 碼，您的 SIM 卡將會被鎖定。","_[many]":"您還有 {{n}} 次輸入正確 PIN 碼的機會。若您一直輸入錯誤的 PIN 碼，您的 SIM 卡將會被鎖定。","_[other]":"您還有 {{n}} 次輸入正確 PIN 碼的機會。若您一直輸入錯誤的 PIN 碼，您的 SIM 卡將會被鎖定。"},"pinLastChanceMsg":{"_":"這是您最後一次能輸入正確 PIN 碼的機會。否則您必須輸入 PUK 碼才能使用此 SIM 卡。"},"simCardLockedMsg":{"_":"SIM 卡已鎖定。"},"enterPukMsg":{"_":"您必須輸入 SIM 卡的 PUK 碼。若需更多資訊，請參考您的 SIM 卡文件或洽詢您的電信業者。"},"pukErrorMsg":{"_":"PUK 碼不正確。"},"pukAttemptMsg2":{"_":"{[ plural(n) ]}","_[one]":"您只剩下最後一次輸入正確 PUK 碼的機會，若您這次輸入的 PUK 碼還是錯誤，您的 SIM 卡將會永久無法使用。請參考您的 SIM 卡文件或聯絡您的電信業者以取得更多資訊。","_[two]":"您還有 {{n}} 次機會可以輸入正確的 PUK 解鎖碼，否則此 SIM 卡將永久失效。若需更多資訊，請參考您的 SIM 卡文件或洽詢您的電信業者。","_[few]":"您還有 {{n}} 次機會可以輸入正確的 PUK 解鎖碼，否則此 SIM 卡將永久失效。若需更多資訊，請參考您的 SIM 卡文件或洽詢您的電信業者。","_[many]":"您還有 {{n}} 次機會可以輸入正確的 PUK 解鎖碼，否則此 SIM 卡將永久失效。若需更多資訊，請參考您的 SIM 卡文件或洽詢您的電信業者。","_[other]":"您還有 {{n}} 次機會可以輸入正確的 PUK 解鎖碼，否則此 SIM 卡將永久失效。若需更多資訊，請參考您的 SIM 卡文件或洽詢您的電信業者。"},"pukLastChanceMsg":{"_":"這是您最後一次能輸入正確 PUK 解鎖碼的機會。若您這次還是輸入錯誤，您的 SIM 將會永久失效。若需更多資訊，請參考您的 SIM 卡文件或洽詢您的電信業者。"},"newSimPinMsg":{"_":"設定 PIN（須包含 4 ~ 8 碼數字）"},"confirmNewSimPinMsg":{"_":"確認新 PIN 碼"},"newPinErrorMsg":{"_":"兩次輸入的 PIN 不相同。"},"nckErrorMsg":{"_":"NCK 碼不正確。"},"nckAttemptMsg2":{"_":"{[ plural(n) ]}","_[one]":"請求網路解鎖失敗。您只剩下最後一次機會可以輸入正確的 NCK 碼。請參考您的裝置說明書或聯絡電信商以取得更多資訊。","_[two]":"請求網路解鎖失敗。您還剩下 {{n}} 次機會可以輸入正確的 NCK 碼。請參考您的裝置說明書或聯絡電信商以取得更多資訊。","_[few]":"請求網路解鎖失敗。您還剩下 {{n}} 次機會可以輸入正確的 NCK 碼。請參考您的裝置說明書或聯絡電信商以取得更多資訊。","_[many]":"請求網路解鎖失敗。您還剩下 {{n}} 次機會可以輸入正確的 NCK 碼。請參考您的裝置說明書或聯絡電信商以取得更多資訊。","_[other]":"請求網路解鎖失敗。您還剩下 {{n}} 次機會可以輸入正確的 NCK 碼。請參考您的裝置說明書或聯絡電信商以取得更多資訊。"},"nckLastChanceMsg":{"_":"請求網路解鎖失敗。您還剩下最後一次機會可以輸入正確的 NCK 碼。請參考您的裝置說明書或聯絡電信商以取得更多資訊。"},"activity-pick":{"_":"自下列項目選擇:"},"activity-view":{"_":"使用下列項目檢視:"},"activity-test":{"_":"使用下列項目測試:"},"activity-share":{"_":"使用下列項目分享:"},"activity-new":{"_":"使用下列項目建立:"},"activity-open":{"_":"使用下列項目開啟:"},"activity-save-bookmark":{"_":"加入書籤到:"},"activity-record":{"_":"使用下列項目錄製:"},"activity-browse":{"_":"使用下列項目瀏覽:"},"activity-configure":{"_":"使用下列項目設定:"},"activity-dial":{"_":"使用下列項目撥號:"},"persona-signin":{"_":"登入"},"payment-flow":{"_":"購買"},"remoteDebuggerMessage":{"_":"偵測到遠端除錯連線的請求，要允許連線嗎？"},"fullscreen-request":{"_":"{{origin}} 已進入全螢幕模式。"},"captive-wifi-available":{"_":"找到 {{networkName}}。加入該網路？"},"ceWarningtitle":{"_":"音量警告"},"ceWarningcontent":{"_":"為了避免聽力損傷發生，請不要長時間使用大音量聆聽音樂。"},"notification-powersaving-mode-on-title":{"_":"省電模式"},"notification-powersaving-mode-on-description":{"_":"已開啟省電模式。"},"low-device-storage":{"_":"裝置空間不足。\n"},"free-space":{"_":"{[ plural(value) ]}","_[zero]":"剩餘空間不足。","_[one]":"剩下不到 {{value}} {{unit}}。","_[two]":"剩下不到 {{value}} {{unit}}。","_[few]":"剩下不到 {{value}} {{unit}}。","_[many]":"剩下不到 {{value}} {{unit}}。","_[other]":"剩下不到 {{value}} {{unit}}。"},"unknown-free-space":{"_":"剩餘空間未知。"},"system-alert":{"_":"系統警示"},"cb-channel":{"_":"頻道 {{channel}}"},"icc-message-title":{"_":"來自 SIM {{id}} 的電信業者簡訊"},"icc-confirmCall-defaultmessage":{"_":"打給 {{number}}？"},"icc-alertMessage-defaultmessage":{"_":"傳送訊息"},"icc-confirmMessage-defaultmessage":{"_":"傳送訊息？"},"icc-inputbox-title":{"_":"SIM {{id}} 的 STK 查詢"},"emergency-callback-mode":{"_":"緊急通話回電模式"},"emergency-callback-message":{"_":"您不能在開啟緊急回撥模式時撥打電話、傳送簡訊或連線至網路。您想要關閉嗎？"},"cdma-record-info":{"_":"CDMA 紀錄資訊"},"ime-switching-title":{"_":"{{appName}}: {{name}}"},"ime-switching-tip":{"_":"點擊以切換輸入法"},"layout-selection":{"_":"鍵盤選擇"},"shrinking-tip":{"_":"滑動以分享"},"download_started":{"_":"已開始下載"},"download_stopped":{"_":"下載已停止"},"download_downloading":{"_":"下載中…"},"download_succeeded":{"_":"下載完成"},"download_failed":{"_":"下載失敗"},"download_text_by_default":{"_":"{{name}}"},"download_downloading_text_2":{"_":"{{percentage}}% - {{name}}"},"search":{"_":"Search"},"search-or-type-address":{"placeholder":"Search or type address"},"noSIMCardInHotspot":{"_":"SIM 卡不存在或並未正確安裝，將關閉熱點"},"emergencyCallsOnly-network1Locked":{"_":"（網路 1 已鎖定）"},"emergencyCallsOnly-network2Locked":{"_":"（網路 2 已鎖定）"},"emergencyCallsOnly-hrpdNetworkLocked":{"_":"（hrpd 網路鎖定）"},"emergencyCallsOnly-ruimCorporateLocked":{"_":"（ruim 公司鎖定）"},"emergencyCallsOnly-ruimServiceProviderLocked":{"_":"（ruim 電信業者鎖定）"},"voicemailNotificationMultiSim":{"_":"(SIM {{n}}) {{title}}"},"dontallow":{"_":"不允許"},"hide-info":{"_":"隱藏資訊"},"cancel-install-button":{"_":"取消安裝"},"file-not-found":{"_":"找不到檔案"},"file-not-found-error":{"_":"因為找不到檔案，無法顯示此網頁"},"connection-failed":{"_":"連線失敗"},"connection-failed-error":{"_":"連線至網站時發生網路錯誤。"},"invalid-connection":{"_":"連線失敗"},"invalid-connection-error":{"_":"連線至網站時發生網路錯誤。"},"malformed-uri":{"_":"網址無效"},"malformed-uri-error":{"_":"輸入的網址無效，無法載入。"},"redirect-loop":{"_":"無法顯示頁面"},"redirect-loop-error":{"_":"因為頁面重導不正常，無法顯示此網頁。請稍後再重開此頁面。"},"not-cached":{"_":"頁面已過期"},"not-cached-error":{"_":"因為此網頁已經過期，為了保護您而無法顯示此網頁。"},"is-printing-error":{"_":"不能修改列印或預覽列印中的文件。"},"denied-port-access":{"_":"此網址已被限制"},"denied-port-access-error":{"_":"此網址使用了通常不被用來作為網頁瀏覽的通訊埠，為了保護您已取消此瀏覽請求。"},"proxy-resolve-failure":{"_":"代理伺服器錯誤"},"proxy-resolve-failure-error":{"_":"設定了要使用代理伺服器連線，卻找不到該伺服器。"},"proxy-connect-failure":{"_":"代理伺服器錯誤"},"proxy-connect-failure-error":{"_":"代理伺服器拒絕連線。"},"content-encoding":{"_":"無法顯示頁面"},"content-encoding-error":{"_":"因為內容編碼錯誤，無法顯示此頁面。"},"remote-xul":{"_":"不支援的頁面"},"remote-xul-error":{"_":"因為使用了裝置不支援的技術，無法顯示此頁面。"},"phishing-blocked":{"_":"警告"},"phishing-blocked-error":{"_":"此網站已被回報為偽造網站，用來欺騙使用者提供個人財務資訊。"},"malware-blocked":{"_":"已封鎖惡意程式攻擊"},"malware-blocked-error":{"_":"此網站被回報為惡意攻擊網站，已被封鎖。"},"unsafe-content-type":{"_":"不安全的內容"},"unsafe-content-type-error":{"_":"因為內容可能不安全，無法顯示此頁面。"},"corrupted-content":{"_":"無法顯示頁面"},"corrupted-content-error":{"_":"因為資料傳輸時偵測到錯誤，無法顯示此頁面。"},"network-error-launching":{"_":"{{name}} 需要網際網路連線。"},"network-error-in-app":{"_":"目前無法連線至網際網路。"},"check-settings":{"_":"檢查設定"},"tap-to-check-settings":{"_":"點擊以檢查設定"},"continueFileTransfer":{"_":"繼續"},"nck1code":{"_":"NCK1 碼"},"nck2code":{"_":"NCK2 碼"},"hnckcode":{"_":"HNCK 碼"},"rcckcode":{"_":"RCCK 碼"},"rspckcode":{"_":"RSPCK 碼"},"nck1Title":{"_":"輸入 NCK1 碼"},"nck2Title":{"_":"輸入 NCK2 碼"},"hnckTitle":{"_":"輸入 HNCK 碼"},"rcckTitle":{"_":"輸入 RCCK 碼"},"rspckTitle":{"_":"輸入 RSPCK 碼"},"search-or-enter-address":{"_":"搜尋或輸入網址","placeholder":"搜尋或輸入網址"},"brandShortName":{"_":"B2G OS"},"browserBrandShortName":{"_":"網頁瀏覽器"},"browserBrandFullName":{"_":"Mozilla 網頁瀏覽器"},"weekday-0-long":{"_":"星期日"},"weekday-1-long":{"_":"星期一"},"weekday-2-long":{"_":"星期二"},"weekday-3-long":{"_":"星期三"},"weekday-4-long":{"_":"星期四"},"weekday-5-long":{"_":"星期五"},"weekday-6-long":{"_":"星期六"},"weekday-0-short":{"_":"週日"},"weekday-1-short":{"_":"週一"},"weekday-2-short":{"_":"週二"},"weekday-3-short":{"_":"週三"},"weekday-4-short":{"_":"週四"},"weekday-5-short":{"_":"週五"},"weekday-6-short":{"_":"週六"},"month-0-long":{"_":"一月"},"month-1-long":{"_":"二月"},"month-2-long":{"_":"三月"},"month-3-long":{"_":"四月"},"month-4-long":{"_":"五月"},"month-5-long":{"_":"六月"},"month-6-long":{"_":"七月"},"month-7-long":{"_":"八月"},"month-8-long":{"_":"九月"},"month-9-long":{"_":"十月"},"month-10-long":{"_":"十一月"},"month-11-long":{"_":"十二月"},"month-0-genitive":{"_":"1 月"},"month-1-genitive":{"_":"2 月"},"month-2-genitive":{"_":"3 月"},"month-3-genitive":{"_":"4 月"},"month-4-genitive":{"_":"5 月"},"month-5-genitive":{"_":"6 月"},"month-6-genitive":{"_":"7 月"},"month-7-genitive":{"_":"8 月"},"month-8-genitive":{"_":"9 月"},"month-9-genitive":{"_":"10 月"},"month-10-genitive":{"_":"11 月"},"month-11-genitive":{"_":"12 月"},"month-0-short":{"_":"1 月"},"month-1-short":{"_":"2 月"},"month-2-short":{"_":"3 月"},"month-3-short":{"_":"4 月"},"month-4-short":{"_":"5 月"},"month-5-short":{"_":"6 月"},"month-6-short":{"_":"7 月"},"month-7-short":{"_":"8 月"},"month-8-short":{"_":"9 月"},"month-9-short":{"_":"10 月"},"month-10-short":{"_":"11 月"},"month-11-short":{"_":"12 月"},"minutes-ago-long":{"_":"{[ plural(value) ]}","_[zero]":"剛剛","_[one]":"1 分鐘前","_[two]":"{{value}} 分鐘前","_[few]":"{{value}} 分鐘前","_[many]":"{{value}} 分鐘前","_[other]":"{{value}} 分鐘前"},"hours-ago-long":{"_":"{[ plural(value) ]}","_[zero]":"剛剛","_[one]":"1 小時前","_[two]":"{{value}} 小時前","_[few]":"{{value}} 小時前","_[many]":"{{value}} 小時前","_[other]":"{{value}} 小時前"},"days-ago-long":{"_":"{[ plural(value) ]}","_[zero]":"今天","_[one]":"昨天","_[two]":"{{value}} 天前","_[few]":"{{value}} 天前","_[many]":"{{value}} 天前","_[other]":"{{value}} 天前"},"weeks-ago-long":{"_":"{[ plural(value) ]}","_[zero]":"本週","_[one]":"上週","_[two]":"{{value}} 週前","_[few]":"{{value}} 週前","_[many]":"{{value}} 週前","_[other]":"{{value}} 週前"},"months-ago-long":{"_":"{[ plural(value) ]}","_[zero]":"本月","_[one]":"上月","_[two]":"{{value}} 月前","_[few]":"{{value}} 月前","_[many]":"{{value}} 月前","_[other]":"{{value}} 月前"},"years-ago-long":{"_":"{[ plural(value) ]}","_[zero]":"今年","_[one]":"去年","_[two]":"{{value}} 年前","_[few]":"{{value}} 年前","_[many]":"{{value}} 年前","_[other]":"{{value}} 年前"},"minutes-until-long":{"_":"{[ plural(value) ]}","_[zero]":"現在","_[one]":"1 分鐘內","_[two]":"{{value}} 分鐘內","_[few]":"{{value}} 分鐘內","_[many]":"{{value}} 分鐘內","_[other]":"{{value}} 分鐘內"},"hours-until-long":{"_":"{[ plural(value) ]}","_[zero]":"現在","_[one]":"1 小時內","_[two]":"{{value}} 小時前","_[few]":"{{value}} 小時前","_[many]":"{{value}} 小時前","_[other]":"{{value}} 小時前"},"days-until-long":{"_":"{[ plural(value) ]}","_[zero]":"今天","_[one]":"明天","_[two]":"{{value}} 天內","_[few]":"{{value}} 天內","_[many]":"{{value}} 天內","_[other]":"{{value}} 天內"},"weeks-until-long":{"_":"{[ plural(value) ]}","_[zero]":"本週","_[one]":"下週","_[two]":"{{value}} 週內","_[few]":"{{value}} 週內","_[many]":"{{value}} 週內","_[other]":"{{value}} 週內"},"months-until-long":{"_":"{[ plural(value) ]}","_[zero]":"本月","_[one]":"下月","_[two]":"{{value}} 月內","_[few]":"{{value}} 月內","_[many]":"{{value}} 月內","_[other]":"{{value}} 月內"},"years-until-long":{"_":"{[ plural(value) ]}","_[zero]":"今年","_[one]":"明年","_[two]":"{{value}} 年內","_[few]":"{{value}} 年內","_[many]":"{{value}} 年內","_[other]":"{{value}} 年內"},"minutes-ago-short":{"_":"{[ plural(value) ]}","_[zero]":"剛剛","_[other]":"{{value}} 分前"},"hours-ago-short":{"_":"{[ plural(value) ]}","_[zero]":"剛剛","_[other]":"{{value}} 時前"},"days-ago-short":{"_":"{[ plural(value) ]}","_[zero]":"今天","_[other]":"{{value}} 天前"},"minutes-until-short":{"_":"{[ plural(value) ]}","_[zero]":"現在","_[other]":"{{value}} 分內"},"hours-until-short":{"_":"{[ plural(value) ]}","_[zero]":"現在","_[other]":"{{value}} 時內"},"days-until-short":{"_":"{[ plural(value) ]}","_[zero]":"今天","_[other]":"{{value}} 天內"},"incorrectDate":{"_":"（日期不正確）"},"dateTimeFormat_%c":{"_":"%Y年%b%d日 %a %p %I:%M:%S"},"dateTimeFormat_%x":{"_":"%Y/%m/%d"},"dateTimeFormat_%X":{"_":"%p %I:%M:%S"},"shortTimeFormat":{"_":"%p %I:%M"},"shortDateTimeFormat":{"_":"%x %p %I:%M"},"weekStartsOnMonday":{"_":"1"},"time_am":{"_":"上午"},"time_pm":{"_":"下午"},"perm-contacts":{"_":"聯絡人"},"perm-contacts-appRequest":{"_":"{{app}} 想要存取您的聯絡人清單。"},"perm-contacts-webRequest":{"_":"{{site}} 想要存取您的聯絡人清單。"},"perm-desktop-notification":{"_":"通知"},"perm-desktop-notification-appRequest":{"_":"{{app}} 想要顯示通知。"},"perm-desktop-notification-webRequest":{"_":"{{site}} 想要顯示通知。"},"perm-device-storage-music":{"_":"音樂儲存空間"},"perm-device-storage-music-appRequest":{"_":"{{app}} 想要存取您的音樂。"},"perm-device-storage-music-webRequest":{"_":"{{site}} 想要存取您的音樂。"},"perm-device-storage-pictures":{"_":"圖片儲存空間"},"perm-device-storage-pictures-appRequest":{"_":"{{app}} 想要存取您的圖片。"},"perm-device-storage-pictures-webRequest":{"_":"{{site}} 想要存取您的圖片。"},"perm-device-storage-sdcard":{"_":"記憶卡儲存空間"},"perm-device-storage-sdcard-appRequest":{"_":"{{app}} 想要存取您的記憶卡。"},"perm-device-storage-sdcard-webRequest":{"_":"{{site}} 想要存取您的記憶卡。"},"perm-device-storage-videos":{"_":"影片儲存空間"},"perm-device-storage-videos-appRequest":{"_":"{{app}} 想要存取您的影片庫。"},"perm-device-storage-videos-webRequest":{"_":"{{site}} 想要存取您的影片庫。"},"perm-fmradio":{"_":"FM 收音機"},"perm-fmradio-appRequest":{"_":"{{app}} 想要使用 FM 收音機。"},"perm-fmradio-webRequest":{"_":"{{site}} 想要使用 FM 收音機。"},"perm-geolocation":{"_":"地理資訊"},"perm-geolocation-appRequest":{"_":"{{app}} 想要知道您所在的地理位置。"},"perm-geolocation-webRequest":{"_":"{{site}} 想要知道您所在的地理位置。"},"perm-geolocation-more-info":{"_":"{{brandShortName}} 將會使用諸如 GPS、Wi-Fi、與您附近的數據網路基地台等資料來幫助判斷您的大略位置。這些資料將會傳送到 Mozilla 與其他的服務提供者，並結合起來改善位置資料庫的準確度。這些資料可能也會儲存在您的裝置上；就算沒有執行程式時也可能會收集這些資料。"},"perm-video-capture":{"_":"相機"},"perm-video-capture-appRequest":{"_":"您想要與 {{app}} 分享您的相機嗎？"},"perm-video-capture-webRequest":{"_":"您想要與 {{site}} 分享您的相機嗎？"},"perm-audio-capture":{"_":"麥克風"},"perm-audio-capture-appRequest":{"_":"您想要與 {{app}} 分享您的麥克風嗎？"},"perm-audio-capture-webRequest":{"_":"您想要與 {{site}} 分享您的麥克風嗎？"},"perm-media-capture":{"_":"相機與麥克風"},"perm-media-capture-appRequest":{"_":"您想要與 {{app}} 分享您的相機與麥克風嗎？"},"perm-media-capture-webRequest":{"_":"您想要與 {{site}} 分享您的相機與麥克風嗎？"},"stopped_download_title":{"_":"下載已停止"},"stopped_download_message":{"_":"已經停止下載，要再試著下載一次嗎？"},"stopped_download_left_button":{"_":"取消"},"stopped_download_right_button":{"_":"重試"},"failed_download_title":{"_":"下載失敗"},"failed_download_message":{"_":"{{name}} 下載失敗，要再試著下載一次嗎？"},"failed_download_left_button":{"_":"取消"},"failed_download_right_button":{"_":"重試"},"stop_download_title":{"_":"停止下載"},"stop_download_message":{"_":"您確定真的要停止下載嗎？"},"stop_download_left_button":{"_":"否"},"stop_download_right_button":{"_":"是"},"delete_download_title":{"_":"刪除"},"delete_download_message":{"_":"刪除 {{name}}？"},"delete_download_left_button":{"_":"取消"},"delete_download_right_button":{"_":"刪除"},"delete_all_download_title":{"_":"刪除"},"delete_all_download_left_button":{"_":"取消"},"delete_all_download_right_button":{"_":"刪除"},"delete_all_download_message":{"_":"{[ plural(number) ]}","_[zero]":"不刪除檔案？","_[one]":"刪除 1 個檔案？","_[two]":"刪除 {{number}} 個檔案？","_[few]":"刪除 {{number}} 個檔案？","_[many]":"刪除 {{number}} 個檔案？","_[other]":"刪除 {{number}} 個檔案？"},"unsupported_file_type_download_title":{"_":"無法開啟"},"unsupported_file_type_download_message":{"_":"沒有應用程式可開啟 {{name}}。您想要儲存或刪除該檔案？"},"unsupported_file_type_download_left_button":{"_":"保留檔案"},"unsupported_file_type_download_right_button":{"_":"刪除"},"file_not_found_download_title":{"_":"找不到檔案"},"file_not_found_download_message":{"_":"無法在裝置中找到該檔案"},"file_not_found_download_right_button":{"_":"確定"},"unmounted_sdcard_2_download_title":{"_":"記憶卡現正使用中"},"unmounted_sdcard_2_download_message":{"_":"拔除傳輸線"},"unmounted_sdcard_2_download_right_button":{"_":"確定"},"no_provider_download_title":{"_":"無法分享"},"no_provider_download_message":{"_":"找不到提供者"},"no_provider_download_right_button":{"_":"確定"},"no_memory_download_title":{"_":"SD 卡已滿"},"no_memory_download_message":{"_":"您的 SD 卡上已經沒有剩餘空間可以儲存下載檔案，請先移除一些檔案再重新下載。"},"no_memory_download_right_button":{"_":"確定"},"no_sdcard_found_2_download_title":{"_":"找不到記憶卡"},"no_sdcard_found_2_download_message":{"_":"插入記憶卡或在設定中選擇不同的預設媒體儲存位置"},"no_sdcard_found_2_download_right_button":{"_":"確定"},"file_open_error_download_title":{"_":"無法開啟"},"file_open_error_download_message":{"_":"開啟 {{name}} 時發生問題。您想要儲存或刪除該檔案？"},"file_open_error_download_left_button":{"_":"保留檔案"},"file_open_error_download_right_button":{"_":"刪除"},"restart_download_error":{"_":"重新開始下載時發生錯誤，請再次下載。"},"no-downloads":{"_":"沒有任何下載檔案"},"percentage":{"_":"{{percentage}} %"},"partialResult":{"_":"{{total}} 當中的第 {{partial}} 個"},"summary":{"_":"{{date}} - {{status}}"},"download-stopped":{"_":"停止"},"download-failed":{"_":"下載失敗"},"open_downloaded_file":{"_":"開啟"},"share_downloaded_file":{"_":"分享"},"wallpaper_downloaded_file":{"_":"設為桌面背景"},"ringtone_downloaded_file":{"_":"設為鈴聲"},"cancel_downloaded_file":{"_":"取消"},"sim-picker-dial-via-with-number":{"_":"撥打 {{ phoneNumber }} 經由"},"sim-picker-select-sim":{"_":"選擇 SIM"},"sim-picker-button":{"_":"SIM{{ n }}"},"sim-picker-button-default":{"_":"(預設)"}}