{"nospace2-title":"Carte mémoire saturée","nospace2-text":"Essayez de libérer de l’espace en supprimant des médias.","error-saving-title":"Photo non enregistrée","error-saving-text":"Une erreur a empêché l’application Photo d’enregistrer la photo.","error-recording-title":"Vidéo non enregistrée","error-recording-text":"Une erreur a empêché l’application Photo d’enregistrer la vidéo.","nocard2-title":"Aucune carte mémoire","nocard3-text":"Pour prendre des photos, insérez une carte mémoire.","pluggedin-title":"L’application Photo ne peut pas être utilisée tant que le téléphone est branché","pluggedin-text":"Pour afficher les photos, débranchez le téléphone.","storage-size-limit-reached":"Vous avez épuisé l’espace alloué pour le stockage des médias.","activity-size-limit-reached":"Vous avez atteint la taille maximale pour cette pièce jointe.","retake-button":"Recommencer","select-button":"Sélectionner","close-button":"Fermer","delete-photo?":"Supprimer la photo ?","delete-video?":"Supprimer la vidéo ?","cancel":"Annuler","delete":"Supprimer","mp":"Mpx","camera-resolution":"Définition du capteur photo","camera-resolution-header":"Définition photo","video-resolution":"Définition du capteur vidéo","video-resolution-header":"Définition vidéo","scene-mode":"Mode scène","scene-mode-header":"Mode scène","self-timer":"Retardateur","self-timer-header":"Retardateur","self-timer-off":"Désactivé","self-timer-3-seconds":"3 secondes","self-timer-5-seconds":"5 secondes","self-timer-10-seconds":"10 secondes","battery-shutdown-title":"Batterie faible","battery-shutdown-text":"La batterie est trop faible pour utiliser l’appareil photo.","battery-critical-text":"Niveau de batterie critique","battery-verylow-text":"10 % de batterie restants","battery-low-text":"15 % de batterie restants","hdr":"HDR","hdr-header":"HDR","hdr-on":"Activé","hdr-off":"Désactivé","hdr-deactivated":"(HDR désactivé)","grid":"Grille","grid-header":"Grille","grid-on":"Activée","grid-off":"Désactivée","flash":"Flash","flash-on":"Activé","flash-off":"Désactivé","flash-auto":"Automatique","flash-deactivated":"(Flash désactivé)","options":"Options","open-gallery":"Ouvrir l’application Galerie","preview":"Aperçu","weekday-0-long":"Dimanche","weekday-1-long":"Lundi","weekday-2-long":"Mardi","weekday-3-long":"Mercredi","weekday-4-long":"Jeudi","weekday-5-long":"Vendredi","weekday-6-long":"Samedi","weekday-0-short":"dim","weekday-1-short":"lun","weekday-2-short":"mar","weekday-3-short":"mer","weekday-4-short":"jeu","weekday-5-short":"ven","weekday-6-short":"sam","month-0-long":"Janvier","month-1-long":"Février","month-2-long":"Mars","month-3-long":"Avril","month-4-long":"Mai","month-5-long":"Juin","month-6-long":"Juillet","month-7-long":"Août","month-8-long":"Septembre","month-9-long":"Octobre","month-10-long":"Novembre","month-11-long":"Décembre","month-0-genitive":"janvier","month-1-genitive":"février","month-2-genitive":"mars","month-3-genitive":"avril","month-4-genitive":"mai","month-5-genitive":"juin","month-6-genitive":"juillet","month-7-genitive":"août","month-8-genitive":"septembre","month-9-genitive":"octobre","month-10-genitive":"novembre","month-11-genitive":"décembre","month-0-short":"jan.","month-1-short":"fév.","month-2-short":"mars","month-3-short":"avr.","month-4-short":"mai","month-5-short":"juin","month-6-short":"juil.","month-7-short":"août","month-8-short":"sep.","month-9-short":"oct.","month-10-short":"nov.","month-11-short":"déc.","minutes-ago-long":{"_index":["plural","value"],"_":{"zero":"à l’instant","one":"il y a {{value}} minute","two":"il y a {{value}} minutes","few":"il y a {{value}} minutes","many":"il y a {{value}} minutes","other":"il y a {{value}} minutes"}},"hours-ago-long":{"_index":["plural","value"],"_":{"zero":"à l’instant","one":"il y a {{value}} heure","two":"il y a {{value}} heures","few":"il y a {{value}} heures","many":"il y a {{value}} heures","other":"il y a {{value}} heures"}},"days-ago-long":{"_index":["plural","value"],"_":{"zero":"aujourd’hui","one":"hier","two":"il y a {{value}} jours","few":"il y a {{value}} jours","many":"il y a {{value}} jours","other":"il y a {{value}} jours"}},"weeks-ago-long":{"_index":["plural","value"],"_":{"zero":"cette semaine","one":"la semaine dernière","two":"il y a {{value}} semaines","few":"il y a {{value}} semaines","many":"il y a {{value}} semaines","other":"il y a {{value}} semaines"}},"months-ago-long":{"_index":["plural","value"],"_":{"zero":"ce mois-ci","one":"le mois dernier","two":"il y a {{value}} mois","few":"il y a {{value}} mois","many":"il y a {{value}} mois","other":"il y a {{value}} mois"}},"years-ago-long":{"_index":["plural","value"],"_":{"zero":"cette année","one":"l’année dernière","two":"il y a {{value}} ans","few":"il y a {{value}} ans","many":"il y a {{value}} ans","other":"il y a {{value}} ans"}},"minutes-until-long":{"_index":["plural","value"],"_":{"zero":"maintenant","one":"dans {{value}} minute","two":"dans {{value}} minutes","few":"dans {{value}} minutes","many":"dans {{value}} minutes","other":"dans {{value}} minutes"}},"hours-until-long":{"_index":["plural","value"],"_":{"zero":"maintenant","one":"dans {{value}} heure","two":"dans {{value}} heures","few":"dans {{value}} heures","many":"dans {{value}} heures","other":"dans {{value}} heures"}},"days-until-long":{"_index":["plural","value"],"_":{"zero":"aujourd’hui","one":"demain","two":"dans {{value}} jours","few":"dans {{value}} jours","many":"dans {{value}} jours","other":"dans {{value}} jours"}},"weeks-until-long":{"_index":["plural","value"],"_":{"zero":"cette semaine","one":"la semaine prochaine","two":"dans {{value}} semaines","few":"dans {{value}} semaines","many":"dans {{value}} semaines","other":"dans {{value}} semaines"}},"months-until-long":{"_index":["plural","value"],"_":{"zero":"ce mois-ci","one":"le mois prochain","two":"dans {{value}} mois","few":"dans {{value}} mois","many":"dans {{value}} mois","other":"dans {{value}} mois"}},"years-until-long":{"_index":["plural","value"],"_":{"zero":"cette année","one":"l’année prochaine","two":"dans {{value}} ans","few":"dans {{value}} ans","many":"dans {{value}} ans","other":"dans {{value}} ans"}},"minutes-ago-short":{"_index":["plural","value"],"_":{"zero":"à l’instant","other":"il y a {{value}} min"}},"hours-ago-short":{"_index":["plural","value"],"_":{"zero":"à l’instant","other":"il y a {{value}}h"}},"days-ago-short":{"_index":["plural","value"],"_":{"zero":"aujourd’hui","other":"il y a {{value}}j"}},"minutes-until-short":{"_index":["plural","value"],"_":{"zero":"maintenant","other":"dans {{value}}m"}},"hours-until-short":{"_index":["plural","value"],"_":{"zero":"maintenant","other":"dans {{value}}h"}},"days-until-short":{"_index":["plural","value"],"_":{"zero":"aujourd’hui","other":"dans {{value}}j"}},"incorrectDate":"(date incorrecte)","dateTimeFormat_%c":"%a %e %b %Y %H:%M:%S","dateTimeFormat_%x":"%d/%m/%Y","dateTimeFormat_%X":"%H:%M:%S","shortTimeFormat":"%H:%M","shortDateTimeFormat":"%x %H:%M","weekStartsOnMonday":"1","time_am":"AM","time_pm":"PM"}