{"nospace2-title":"Nema dovoljno prostora na memorijskoj kartici","nospace2-text":"Pokušajte osloboditi prostor brisanjem sadržaja.","error-saving-title":"Fotografija nije spremljena","error-saving-text":"Greška je spriječila spremanje fotografije.","error-recording-title":"Video nije snimljen","error-recording-text":"Greška je spriječila spremanje video zapisa.","nocard2-title":"Memorijska kartica nije pronađena","nocard3-text":"Insert a memory card to take pictures.","pluggedin-title":"Kamera se ne može koristiti dok je telefon priključen.","pluggedin-text":"Odspojite telefon da biste pregledali fotografije.","storage-size-limit-reached":"Ponestalo vam je prostora za multimediju.","activity-size-limit-reached":"Vaš privitak prelazi maksimalnu dozvoljenu veličinu. ","retake-button":"Ponovno uslikaj","select-button":"Označi","close-button":"Zatvori","delete-photo?":"Obrisati fotografiju?","delete-video?":"Obrisati video?","cancel":"Cancel","delete":"Delete","mp":"MP","camera-resolution":"Camera Resolution","camera-resolution-header":"{{camera-resolution}}","video-resolution":"Video Resolution","video-resolution-header":"{{video-resolution}}","scene-mode":"Scene Mode","scene-mode-header":"{{scene-mode}}","self-timer":"Self-Timer","self-timer-header":"{{self-timer}}","self-timer-off":"Off","self-timer-3-seconds":"3 seconds","self-timer-5-seconds":"5 seconds","self-timer-10-seconds":"10 seconds","battery-shutdown-title":"Low Battery","battery-shutdown-text":"The battery is too low to use the camera.","battery-critical-text":"Critically low battery","battery-verylow-text":"10% battery remaining","battery-low-text":"15% battery remaining","hdr":"HDR","hdr-header":"{{hdr}}","hdr-on":"On","hdr-off":"Off","hdr-deactivated":"(HDR deactivated)","grid":"Grid Lines","grid-header":"{{grid}}","grid-on":"On","grid-off":"Off","flash":"Flash","flash-on":"On","flash-off":"Off","flash-auto":"Auto","flash-deactivated":"(Flash deactivated)","options":"Options","open-gallery":"Open Gallery","preview":"Preview","weekday-0-long":"Nedjelja","weekday-1-long":"Ponedjeljak","weekday-2-long":"Utorak","weekday-3-long":"Srijeda","weekday-4-long":"Četvrtak","weekday-5-long":"Petak","weekday-6-long":"Subota","weekday-0-short":"Ned","weekday-1-short":"Pon","weekday-2-short":"Uto","weekday-3-short":"Sri","weekday-4-short":"Čet","weekday-5-short":"Pet","weekday-6-short":"Sub","month-0-long":"Siječanj","month-1-long":"Veljača","month-2-long":"Ožujak","month-3-long":"Travanj","month-4-long":"Svibanj","month-5-long":"Lipanj","month-6-long":"Srpanj","month-7-long":"Kolovoz","month-8-long":"Rujan","month-9-long":"Listopad","month-10-long":"Studeni","month-11-long":"Prosinac","month-0-genitive":"Siječnja","month-1-genitive":"Veljače","month-2-genitive":"Ožujka","month-3-genitive":"Travnja","month-4-genitive":"Svibnja","month-5-genitive":"Lipnja","month-6-genitive":"Srpnja","month-7-genitive":"Kolovoza","month-8-genitive":"Rujna","month-9-genitive":"Listopada","month-10-genitive":"Studenoga","month-11-genitive":"Prosinca","month-0-short":"Sij","month-1-short":"Velj","month-2-short":"Ožu","month-3-short":"Tra","month-4-short":"Svi","month-5-short":"Lip","month-6-short":"Srp","month-7-short":"Kol","month-8-short":"Ruj","month-9-short":"Lis","month-10-short":"Stu","month-11-short":"Pro","minutes-ago-long":{"_index":["plural","value"],"_":{"zero":"upravo","one":"prije minutu","two":"prije {{value}} minute","few":"prije {{value}} minutes","many":"prije {{value}} minuta","other":"prije {{value}} minuta"}},"hours-ago-long":{"_index":["plural","value"],"_":{"zero":"upravo","one":"prije sat vremena","two":"prije {{value}} sata","few":"prije {{value}} sati","many":"prije {{value}} sati","other":"prije {{value}} sati"}},"days-ago-long":{"_index":["plural","value"],"_":{"zero":"danas","one":"jučer","two":"prije {{value}} dana","few":"prije {{value}} dana","many":"prije {{value}} dana","other":"prije {{value}} dana"}},"weeks-ago-long":{"_index":["plural","value"],"_":{"zero":"ovaj tjedan","one":"prošli tjedan","two":"prije {{value}} tjedna","few":"prije {{value}} tjedana","many":"prije {{value}} tjedana","other":"prije {{value}} tjedana"}},"months-ago-long":{"_index":["plural","value"],"_":{"zero":"ovaj mjesec","one":"prošli mjesec","two":"prije {{value}} mjeseca","few":"prije {{value}} mjeseci","many":"prije {{value}} mjeseci","other":"prije {{value}} mjeseci"}},"years-ago-long":{"_index":["plural","value"],"_":{"zero":"ove godine","one":"prošle godine","two":"prije {{value}} godine","few":"prije {{value}} godina","many":"prije {{value}} godina","other":"prije {{value}} godina"}},"minutes-until-long":{"_index":["plural","value"],"_":{"zero":"upravo","one":"za minutu","two":"za {{value}} minute","few":"za {{value}} minuta","many":"za {{value}} minuta","other":"za {{value}} minuta"}},"hours-until-long":{"_index":["plural","value"],"_":{"zero":"upravo","one":"za sat vremena","two":"za {{value}} sata","few":"za {{value}} sati","many":"za {{value}} sati","other":"za {{value}} sati"}},"days-until-long":{"_index":["plural","value"],"_":{"zero":"danas","one":"sutra","two":"za {{value}} dana","few":"za {{value}} dana","many":"za {{value}} dana","other":"za {{value}} dana"}},"weeks-until-long":{"_index":["plural","value"],"_":{"zero":"ovaj tjedan","one":"idući tjedan","two":"za {{value}} tjedna","few":"za {{value}} tjedana","many":"za {{value}} tjedana","other":"za {{value}} tjedana"}},"months-until-long":{"_index":["plural","value"],"_":{"zero":"ovaj mjesec","one":"idući mjesec","two":"za {{value}} mjeseca","few":"za {{value}} mjeseci","many":"za {{value}} mjeseci","other":"za {{value}} mjeseci"}},"years-until-long":{"_index":["plural","value"],"_":{"zero":"ove godine","one":"iduće godine","two":"za {{value}} godine","few":"za {{value}} godina","many":"za {{value}} godina","other":"za {{value}} godina"}},"minutes-ago-short":{"_index":["plural","value"],"_":{"zero":"upravo","other":"prije {{value}}m"}},"hours-ago-short":{"_index":["plural","value"],"_":{"zero":"upravo","other":"prije {{value}}s"}},"days-ago-short":{"_index":["plural","value"],"_":{"zero":"danas","other":"prije {{value}}d"}},"minutes-until-short":{"_index":["plural","value"],"_":{"zero":"sada","other":"za {{value}}m"}},"hours-until-short":{"_index":["plural","value"],"_":{"zero":"sada","other":"za {{value}}s"}},"days-until-short":{"_index":["plural","value"],"_":{"zero":"danas","other":"za {{value}}d"}},"incorrectDate":"(netočan datum)","dateTimeFormat_%c":"%a %e %b %Y %H:%M:%S","dateTimeFormat_%x":"%d.%m.%Y","dateTimeFormat_%X":"%H:%M:%S","shortTimeFormat":"%H:%M","shortDateTimeFormat":"%x %H:%M","weekStartsOnMonday":"1","time_am":"AM","time_pm":"PM"}