{"nospace2-title":"កាត​​អង្គ​ចងចាំ​មាន​ទំហំ​មិន​គ្រប់គ្រាន់","nospace2-text":"ព្យាយាម​បង្កើន​ទំហំ​ទំនេរ​ដោយ​លុប​ព័ត៌មាន។","error-saving-title":"មិន​បាន​រក្សាទុក​រូបភាព","error-saving-text":"មាន​កំហុស​កើតឡើង​ធ្វើ​ឲ្យ​កាមេរ៉ា​មិន​អាច​រក្សាទុក​រូបភាព។","error-recording-title":"មិន​បាន​កត់ត្រា​វីដេអូ","error-recording-text":"មាន​កំហុស​កើតឡើង​ធ្វើ​ឲ្យ​កាមេរ៉ា​មិន​អាច​ថត​វីដេអូ​បាន។","nocard2-title":"រក​មិន​ឃើញ​កាត​អង្គ​ចងចាំ","nocard3-text":"បញ្ចូល​កាត​អង្គ​ចងចាំ​ដើម្បី​ថត​រូប។","pluggedin-title":"មិន​អាច​ប្រើ​កាមេរ៉ា​បាន​ពេល​ដោត​ចូល","pluggedin-text":"ដក​​ទូរស័ព្ទ​ចេញ​ដើម្បី​មើល​រូបភាព។","storage-size-limit-reached":"អ្នក​អស់ទំហំ​ផ្ទុក​មេឌៀ​ហើយ។","activity-size-limit-reached":"ឯកសារ​​ដែល​អ្នក​​ភ្ជាប់​មាន​ទំហំ​​អតិបរមា។","retake-button":"យក​ម្ដង​ទៀត","select-button":"ជ្រើស","close-button":"បិទ","delete-photo?":"លុប​រូបថត​ឬ?","delete-video?":"លុប​វីដេអូ​ឬ?","cancel":"បោះបង់","delete":"​លុប​","mp":"MP","camera-resolution":"គុណភាព​បង្ហាញ​ម៉ាស៊ីន​ថត","camera-resolution-header":"{{camera-resolution}}","video-resolution":"គុណភាព​បង្ហាញ​វីដេអូ","video-resolution-header":"{{video-resolution}}","scene-mode":"របៀប​រូបភាព","scene-mode-header":"{{scene-mode}}","self-timer":"Self-Timer","self-timer-header":"{{self-timer}}","self-timer-off":"បិទ","self-timer-3-seconds":"3 វិនាទី","self-timer-5-seconds":"5 វិនាទី","self-timer-10-seconds":"10 វិនាទី","battery-shutdown-title":"ជិត​អស់​ថ្ម","battery-shutdown-text":"ថ្ម​ជិត​អស់​ហើយ​ក្នុង​ការ​ប្រើ​ម៉ាស៊ីន​ថត។","battery-critical-text":"ជិត​អស់​ថ្ម","battery-verylow-text":"ថ្ម​នៅ​សល់ 10%","battery-low-text":"ថ្ម​នៅ​សល់ 15%","hdr":"HDR","hdr-header":"{{hdr}}","hdr-on":"បើក","hdr-off":"បិទ","hdr-deactivated":"(បាន​ធ្វើ​ឲ្យ​អសកម្ម HDR)","grid":"បន្ទាត់​ក្រឡាចត្រង្គ","grid-header":"{{grid}}","grid-on":"បើក","grid-off":"បិទ","flash":"បញ្ចេញ​ពន្លឺ​","flash-on":"បើក","flash-off":"បិទ","flash-auto":"ស្វ័យប្រវត្តិ","flash-deactivated":"(បាន​ធ្វើ​ឲ្យ​អសកម្ម Flash)","options":"ជម្រើស","open-gallery":"បើក​វិចិត្រសាល","preview":"មើល​ជាមុន​","weekday-0-long":"អាទិត្យ","weekday-1-long":"ច័ន្ទ","weekday-2-long":"អង្គារ","weekday-3-long":"ពុធ","weekday-4-long":"ព្រហស្បតិ៍","weekday-5-long":"សុក្រ","weekday-6-long":"សៅរ៍","weekday-0-short":"អាទិត្យ","weekday-1-short":"ច័ន្ទ","weekday-2-short":"អង្គារ","weekday-3-short":"ពុធ","weekday-4-short":"ព្រហស្បតិ៍","weekday-5-short":"សុក្រ","weekday-6-short":"សៅរ៍","month-0-long":"មករា","month-1-long":"កុម្ភៈ","month-2-long":"មីនា","month-3-long":"មេសា","month-4-long":"ឧសភា","month-5-long":"មិថុនា","month-6-long":"កក្កដា","month-7-long":"សីហា","month-8-long":"កញ្ញា","month-9-long":"តុលា","month-10-long":"វិច្ឆិកា","month-11-long":"ធ្នូ","month-0-genitive":"មករា","month-1-genitive":"កុម្ភៈ","month-2-genitive":"មីនា","month-3-genitive":"មេសា","month-4-genitive":"ឧសភា","month-5-genitive":"មិថុនា","month-6-genitive":"កក្កដា","month-7-genitive":"សីហា","month-8-genitive":"កញ្ញា","month-9-genitive":"តុលា","month-10-genitive":"វិច្ឆិកា","month-11-genitive":"ធ្នូ","month-0-short":"មករា","month-1-short":"កុម្ភៈ","month-2-short":"មីនា","month-3-short":"មេសា","month-4-short":"ឧសភា","month-5-short":"មិថុនា","month-6-short":"កក្កដា","month-7-short":"សីហា","month-8-short":"កញ្ញា","month-9-short":"តុលា","month-10-short":"វិច្ឆិកា","month-11-short":"ធ្នូ","minutes-ago-long":{"_index":["plural","value"],"_":{"zero":"អម្បាញ់មិញនេះ","one":"មួយ​នាទី​មុន","two":"{{value}} នាទី​មុន","few":"{{value}} នាទី​មុន","many":"{{value}} នាទី​មុន","other":"{{value}} នាទី​មុន"}},"hours-ago-long":{"_index":["plural","value"],"_":{"zero":"អម្បាញ់មិញនេះ","one":"មួយ​ម៉ោង​មុន","two":"{{value}} ម៉ោង​មុន","few":"{{value}} ម៉ោង​មុន","many":"{{value}} ម៉ោង​មុន","other":"{{value}} ម៉ោង​មុន"}},"days-ago-long":{"_index":["plural","value"],"_":{"zero":"ថ្ងៃ​នេះ","one":"ម្សិលមិញ","two":"{{value}} ថ្ងៃ​មុន","few":"{{value}} ថ្ងៃ​មុន","many":"{{value}} ថ្ងៃ​មុន","other":"{{value}} ថ្ងៃ​មុន"}},"weeks-ago-long":{"_index":["plural","value"],"_":{"zero":"សប្ដាហ៍​នេះ","one":"សប្ដាហ៍​មុន","two":"{{value}} សប្ដាហ៍​មុន","few":"{{value}} សប្ដាហ៍​មុន","many":"{{value}} សប្ដាហ៍​មុន","other":"{{value}} សប្ដាហ៍​មុន"}},"months-ago-long":{"_index":["plural","value"],"_":{"zero":"ខែ​នេះ","one":"ខែ​មុន","two":"{{value}} ខែ​មុន","few":"{{value}} ខែ​មុន","many":"{{value}} ខែ​មុន","other":"{{value}} ខែ​មុន"}},"years-ago-long":{"_index":["plural","value"],"_":{"zero":"ឆ្នាំនេះ","one":"ឆ្នាំ​មុន","two":"{{value}} ឆ្នាំ​មុន","few":"{{value}} ឆ្នាំ​មុន","many":"{{value}} ឆ្នាំ​មុន","other":"{{value}} ឆ្នាំ​មុន"}},"minutes-until-long":{"_index":["plural","value"],"_":{"zero":"ឥឡូវ","one":"ក្នុង​ពេល​មួយ​នាទី","two":"ក្នុង​ពេល {{value}} នាទី","few":"ក្នុង​ពេល {{value}} នាទី","many":"ក្នុង​ពេល​ {{value}} នាទី​","other":"ក្នុង​ពេល {{value}} នាទី"}},"hours-until-long":{"_index":["plural","value"],"_":{"zero":"ឥឡូវ","one":"ក្នុង​រយៈពេល​១​ម៉ោង","two":"ក្នុង​ពេល​​ {{value}} ម៉ោង","few":"ក្នុង​ពេល​​ {{value}} ម៉ោង","many":"ក្នុង​ពេល​​ {{value}} ម៉ោង","other":"ក្នុង​ពេល​​ {{value}} ម៉ោង"}},"days-until-long":{"_index":["plural","value"],"_":{"zero":"ថ្ងៃ​នេះ","one":"ថ្ងៃស្អែក","two":"ក្នុង​ពេល​​ {{value}} ថ្ងៃ","few":"ក្នុង​ពេល​​ {{value}} ថ្ងៃ","many":"ក្នុង​ពេល​​ {{value}} ថ្ងៃ","other":"ក្នុង​ពេល​​ {{value}} ថ្ងៃ"}},"weeks-until-long":{"_index":["plural","value"],"_":{"zero":"សប្ដាហ៍​នេះ","one":"សប្ដាហ៍​ក្រោយ","two":"ក្នុង​ពេល {{value}} សប្ដាហ៍","few":"ក្នុង​ពេល {{value}} សប្ដាហ៍","many":"ក្នុង​ពេល {{value}} សប្ដាហ៍","other":"ក្នុង​ពេល {{value}} សប្ដាហ៍"}},"months-until-long":{"_index":["plural","value"],"_":{"zero":"ខែ​នេះ","one":"ខែ​ក្រោយ","two":"ក្នុង​ពេល {{value}} ខែ","few":"ក្នុង​ពេល {{value}} ខែ","many":"ក្នុង​ពេល {{value}} ខែ","other":"ក្នុង​ពេល {{value}} ខែ"}},"years-until-long":{"_index":["plural","value"],"_":{"zero":"ឆ្នាំនេះ","one":"ឆ្នាំ​ក្រោយ","two":"ក្នុង​ពេល {{value}} ឆ្នាំ","few":"ក្នុង​ពេល {{value}} ឆ្នាំ","many":"ក្នុង​ពេល {{value}} ឆ្នាំ","other":"ក្នុង​ពេល {{value}} ឆ្នាំ"}},"minutes-ago-short":{"_index":["plural","value"],"_":{"zero":"អម្បាញ់មិញនេះ","other":"{{value}}នាទី​មុន"}},"hours-ago-short":{"_index":["plural","value"],"_":{"zero":"អម្បាញ់មិញនេះ","other":"{{value}}ម៉ោង​មុន"}},"days-ago-short":{"_index":["plural","value"],"_":{"zero":"ថ្ងៃ​នេះ","other":"{{value}}ថ្ងៃ​មុន"}},"minutes-until-short":{"_index":["plural","value"],"_":{"zero":"ឥឡូវ","other":"ក្នុង​ពេល {{value}}នាទី"}},"hours-until-short":{"_index":["plural","value"],"_":{"zero":"ឥឡូវ","other":"ក្នុង​ពេល {{value}}ម៉ោង"}},"days-until-short":{"_index":["plural","value"],"_":{"zero":"ថ្ងៃ​នេះ","other":"ក្នុង​ពេល {{value}}ថ្ងៃ"}},"incorrectDate":"(កាលបរិច្ឆេទ​មិន​ត្រឹមត្រូវ)","dateTimeFormat_%c":"%a %b %e %Y %I:%M:%S %p","dateTimeFormat_%x":"%m/%d/%Y","dateTimeFormat_%X":"%I:%M:%S %p","shortTimeFormat":"%I:%M %p","shortDateTimeFormat":"%x %I:%M %p","weekStartsOnMonday":"0","time_am":"ព្រឹក","time_pm":"PM"}