{"nospace2-title":"Недостаточно места на карте памяти","nospace2-text":"Попробуйте освободить место, удалив медиафайлы.","error-saving-title":"Фотография не сохранена","error-saving-text":"Произошла ошибка и Камере не удалось сохранить фотографию.","error-recording-title":"Видео не записано","error-recording-text":"Произошла ошибка и Камере не удалось записать видео.","nocard2-title":"Не найдена карта памяти","nocard3-text":"Для снятия фотографий вставьте карту памяти.","pluggedin-title":"При подключении телефона к компьютеру камера не работает","pluggedin-text":"Для просмотра фотографий, отсоедините телефон.","storage-size-limit-reached":"У вас закончилась память для хранения медиа.","activity-size-limit-reached":"Размер файла этого вложения достиг максимального.","retake-button":"Повторить","select-button":"Выбрать","close-button":"Закрыть","delete-photo?":"Удалить фото?","delete-video?":"Удалить видео?","cancel":"Отмена","delete":"Удалить","mp":"Мп","camera-resolution":"Разрешение камеры","camera-resolution-header":"{{camera-resolution}}","video-resolution":"Разрешение видео","video-resolution-header":"{{video-resolution}}","scene-mode":"Режим съёмки","scene-mode-header":"{{scene-mode}}","self-timer":"Таймер автоспуска","self-timer-header":"{{self-timer}}","self-timer-off":"Выкл.","self-timer-3-seconds":"3 секунды","self-timer-5-seconds":"5 секунд","self-timer-10-seconds":"10 секунд","battery-shutdown-title":"Батарея почти разряжена","battery-shutdown-text":"В батарее слишком мало заряда для работы камеры.","battery-critical-text":"Осталось очень мало заряда батареи","battery-verylow-text":"Осталось 10% заряда батареи","battery-low-text":"Осталось 15% заряда батареи","hdr":"HDR","hdr-header":"{{hdr}}","hdr-on":"Вкл.","hdr-off":"Выкл.","hdr-deactivated":"(HDR отключён)","grid":"Линии сетки","grid-header":"{{grid}}","grid-on":"Вкл.","grid-off":"Выкл.","flash":"Вспышка","flash-on":"Вкл.","flash-off":"Выкл.","flash-auto":"Авто","flash-deactivated":"(Вспышка отключена)","options":"Настройки","open-gallery":"Открыть галерею","preview":"Предпросмотр","weekday-0-long":"Воскресенье","weekday-1-long":"Понедельник","weekday-2-long":"Вторник","weekday-3-long":"Среда","weekday-4-long":"Четверг","weekday-5-long":"Пятница","weekday-6-long":"Суббота","weekday-0-short":"Вс","weekday-1-short":"Пн","weekday-2-short":"Вт","weekday-3-short":"Ср","weekday-4-short":"Чт","weekday-5-short":"Пт","weekday-6-short":"Сб","month-0-long":"Январь","month-1-long":"Февраль","month-2-long":"Март","month-3-long":"Апрель","month-4-long":"Май","month-5-long":"Июнь","month-6-long":"Июль","month-7-long":"Август","month-8-long":"Сентябрь","month-9-long":"Октябрь","month-10-long":"Ноябрь","month-11-long":"Декабрь","month-0-genitive":"января","month-1-genitive":"февраля","month-2-genitive":"марта","month-3-genitive":"апреля","month-4-genitive":"мая","month-5-genitive":"июня","month-6-genitive":"июля","month-7-genitive":"августа","month-8-genitive":"сентября","month-9-genitive":"октября","month-10-genitive":"ноября","month-11-genitive":"декабря","month-0-short":"Январь","month-1-short":"Февраль","month-2-short":"Март","month-3-short":"Апрель","month-4-short":"Май","month-5-short":"Июнь","month-6-short":"Июль","month-7-short":"Август","month-8-short":"Сентябрь","month-9-short":"Октябрь","month-10-short":"Ноябрь","month-11-short":"Декабрь","minutes-ago-long":{"_index":["plural","value"],"_":{"zero":"прямо сейчас","one":"{{value}} минуту назад","two":"{{value}} минуты назад","few":"{{value}} минуты назад","many":"{{value}} минут назад","other":"{{value}} минут назад"}},"hours-ago-long":{"_index":["plural","value"],"_":{"zero":"прямо сейчас","one":"{{value}} час назад","two":"{{value}} часа назад","few":"{{value}} часа назад","many":"{{value}} часов назад","other":"{{value}} часов назад"}},"days-ago-long":{"_index":["plural","value"],"_":{"zero":"сегодня","one":"{{value}} день назад","two":"{{value}} дня назад","few":"{{value}} дня назад","many":"{{value}} дней назад","other":"{{value}} дней назад"}},"weeks-ago-long":{"_index":["plural","value"],"_":{"zero":"эта неделя","one":"{{value}} неделя назад","two":"{{value}} недели назад","few":"{{value}} недели назад","many":"{{value}} недель назад","other":"{{value}} недель назад"}},"months-ago-long":{"_index":["plural","value"],"_":{"zero":"этот месяц","one":"{{value}} месяц назад","two":"{{value}} месяца назад","few":"{{value}} месяца назад","many":"{{value}} месяцев назад","other":"{{value}} месяцев назад"}},"years-ago-long":{"_index":["plural","value"],"_":{"zero":"этот год","one":"{{value}} год назад","two":"{{value}} года назад","few":"{{value}} года назад","many":"{{value}} лет назад","other":"{{value}} лет назад"}},"minutes-until-long":{"_index":["plural","value"],"_":{"zero":"сейчас","one":"через {{value}} минуту","two":"через {{value}} минуты","few":"через {{value}} минуты","many":"через {{value}} минут","other":"через {{value}} минут"}},"hours-until-long":{"_index":["plural","value"],"_":{"zero":"сейчас","one":"через {{value}} час","two":"через {{value}} часа","few":"через {{value}} часа","many":"через {{value}} часов","other":"через {{value}} часов"}},"days-until-long":{"_index":["plural","value"],"_":{"zero":"сегодня","one":"через {{value}} день","two":"через {{value}} дня","few":"через {{value}} дня","many":"через {{value}} дней","other":"через {{value}} дней"}},"weeks-until-long":{"_index":["plural","value"],"_":{"zero":"эта неделя","one":"через {{value}} неделю","two":"через {{value}} недели","few":"через {{value}} недели","many":"через {{value}} недель","other":"через {{value}} недель"}},"months-until-long":{"_index":["plural","value"],"_":{"zero":"этот месяц","one":"через {{value}} месяц","two":"через {{value}} месяца","few":"через {{value}} месяца","many":"через {{value}} месяцев","other":"через {{value}} месяцев"}},"years-until-long":{"_index":["plural","value"],"_":{"zero":"этот год","one":"через {{value}} год","two":"через {{value}} года","few":"через {{value}} года","many":"через {{value}} лет","other":"через {{value}} лет"}},"minutes-ago-short":{"_index":["plural","value"],"_":{"zero":"сейчас","other":"{{value}}м назад"}},"hours-ago-short":{"_index":["plural","value"],"_":{"zero":"сейчас","other":"{{value}}ч назад"}},"days-ago-short":{"_index":["plural","value"],"_":{"zero":"сегодня","other":"{{value}}д назад"}},"minutes-until-short":{"_index":["plural","value"],"_":{"zero":"сейчас","other":"через {{value}}м"}},"hours-until-short":{"_index":["plural","value"],"_":{"zero":"сейчас","other":"через {{value}}ч"}},"days-until-short":{"_index":["plural","value"],"_":{"zero":"сегодня","other":"через {{value}}д"}},"incorrectDate":"(некорректная дата)","dateTimeFormat_%c":"%a, %e %Eb %Y, %H:%M:%S","dateTimeFormat_%x":"%d.%m.%Y","dateTimeFormat_%X":"%H:%M:%S","shortTimeFormat":"%H:%M","shortDateTimeFormat":"%x %H:%M","weekStartsOnMonday":"1","time_am":"AM","time_pm":"PM"}