{"nospace2-title":"Nema dovoljno prostora na memorijskoj kartici","nospace2-text":"Pokušajte da oslobodite prostor tako što ćete izbrisati multimedije.","error-saving-title":"Fotografija nije snimljena","error-saving-text":"Zbog određene greške, fotografija nije snimljena.","error-recording-title":"Video snimak nije snimljen","error-recording-text":"Zbog određene greške, video snimak nije snimljen.","nocard2-title":"Memorijska kartica nije pronađena","nocard3-text":"Umetnite memorisku karticu da biste napravili fotografije.","pluggedin-title":"Kamera ne može da se koristi dok je telefon povezan kablom","pluggedin-text":"Izvucite kabel iz telefona da biste pregledali fotografije.","storage-size-limit-reached":"Nemate više prostora za skladištenje multimedija.","activity-size-limit-reached":"Dostigli ste maksimalnu veličinu datoteke za ovaj prilog.","retake-button":"Uslikaj ponovo","select-button":"Označi","close-button":"Zatvori","delete-photo?":"Obrisati fotografiju?","delete-video?":"Obrisati video snimak?","cancel":"Otkaži","delete":"Obriši","mp":"MP","camera-resolution":"Rezolucija kamere","camera-resolution-header":"{{camera-resolution}}","video-resolution":"Rezolucija videa","video-resolution-header":"{{video-resolution}}","scene-mode":"Režim scene","scene-mode-header":"{{scene-mode}}","self-timer":"Tajmer","self-timer-header":"{{self-timer}}","self-timer-off":"Isključen","self-timer-3-seconds":"3 sekunde","self-timer-5-seconds":"5 sekundi","self-timer-10-seconds":"10 sekundi","battery-shutdown-title":"Baterija","battery-shutdown-text":"Ne možete da koristite kameru jer je baterija skoro prazna","battery-critical-text":"Baterija je skoro prazna","battery-verylow-text":"10% baterije ostalo","battery-low-text":"15% baterije ostalo","hdr":"HDR","hdr-header":"{{hdr}}","hdr-on":"Uključen","hdr-off":"Isključen","hdr-deactivated":"(HDR deaktiviran)","grid":"Mreža","grid-header":"{{grid}}","grid-on":"Uključena","grid-off":"Isključena","flash":"Blic","flash-on":"Uključen","flash-off":"Isključen","flash-auto":"Automatski","flash-deactivated":"(Blic deaktiviran)","options":"Opcije","open-gallery":"Galerija","preview":"Prikaži","weekday-0-long":"Nedelja","weekday-1-long":"Ponedeljak","weekday-2-long":"Utorak","weekday-3-long":"Sreda","weekday-4-long":"Četvrtak","weekday-5-long":"Petak","weekday-6-long":"Subota","weekday-0-short":"Ned","weekday-1-short":"Pon","weekday-2-short":"Uto","weekday-3-short":"Sre","weekday-4-short":"Čet","weekday-5-short":"Pet","weekday-6-short":"Sub","month-0-long":"januar","month-1-long":"februar","month-2-long":"mart","month-3-long":"april","month-4-long":"maj","month-5-long":"jun","month-6-long":"jul","month-7-long":"avgust","month-8-long":"septembar","month-9-long":"oktobar","month-10-long":"novembar","month-11-long":"decembar","month-0-genitive":"januara","month-1-genitive":"februara","month-2-genitive":"marta","month-3-genitive":"aprila","month-4-genitive":"maja","month-5-genitive":"juna","month-6-genitive":"jula","month-7-genitive":"avgusta","month-8-genitive":"septembra","month-9-genitive":"oktobra","month-10-genitive":"novembra","month-11-genitive":"decembra","month-0-short":"jan","month-1-short":"feb","month-2-short":"mar","month-3-short":"apr","month-4-short":"maj","month-5-short":"jun","month-6-short":"jul","month-7-short":"avg","month-8-short":"sep","month-9-short":"okt","month-10-short":"nov","month-11-short":"dec","minutes-ago-long":{"_index":["plural","value"],"_":{"zero":"upravo","one":"pre minut","two":"pre {{value}} minuta","few":"pre {{value}} minuta","many":"pre {{value}} minuta","other":"pre {{value}} minuta"}},"hours-ago-long":{"_index":["plural","value"],"_":{"zero":"upravo","one":"pre sat vremena","two":"pre {{value}} sata","few":"pre {{value}} sati","many":"pre {{value}} sati","other":"pre {{value}} sati"}},"days-ago-long":{"_index":["plural","value"],"_":{"zero":"danas","one":"juče","two":"pre {{value}} dana","few":"pre {{value}} dana","many":"pre {{value}} dana","other":"pre {{value}} dana"}},"weeks-ago-long":{"_index":["plural","value"],"_":{"zero":"ove nedelje","one":"prošle nedelje","two":"pre {{value}} nedelje","few":"pre {{value}} nedelja","many":"pre {{value}} nedelja","other":"pre {{value}} nedelja"}},"months-ago-long":{"_index":["plural","value"],"_":{"zero":"ovog meseca","one":"prošlog meseca","two":"pre {{value}} meseca","few":"pre {{value}} meseci","many":"pre {{value}} meseci","other":"pre {{value}} meseci"}},"years-ago-long":{"_index":["plural","value"],"_":{"zero":"ove godine","one":"prošle godine","two":"pre {{value}} godine","few":"pre {{value}} godina","many":"pre {{value}} godina","other":"pre {{value}} godina"}},"minutes-until-long":{"_index":["plural","value"],"_":{"zero":"upravo","one":"za jedan minut","two":"za {{value}} minuta","few":"za {{value}} minuta","many":"za {{value}} minuta","other":"za {{value}} minuta"}},"hours-until-long":{"_index":["plural","value"],"_":{"zero":"upravo","one":"za sat vremena","two":"za {{value}} sata","few":"za {{value}} sati","many":"za {{value}} sati","other":"za {{value}} sati"}},"days-until-long":{"_index":["plural","value"],"_":{"zero":"danas","one":"sutra","two":"za {{value}} dana","few":"za {{value}} dana","many":"za {{value}} dana","other":"za {{value}} dana"}},"weeks-until-long":{"_index":["plural","value"],"_":{"zero":"ove nedelje","one":"sledeće nedelje","two":"za {{value}} nedelje","few":"za {{value}} nedelja","many":"za {{value}} nedelja","other":"za {{value}} nedelja"}},"months-until-long":{"_index":["plural","value"],"_":{"zero":"ovog meseca","one":"sledećeg meseca","two":"za {{value}} meseca","few":"za {{value}} meseci","many":"za {{value}} meseci","other":"za {{value}} meseci"}},"years-until-long":{"_index":["plural","value"],"_":{"zero":"ove godine","one":"sledeće godine","two":"za {{value}} godine","few":"za {{value}} godina","many":"za {{value}} godina","other":"za {{value}} godina"}},"minutes-ago-short":{"_index":["plural","value"],"_":{"zero":"upravo","other":"pre {{value}}m"}},"hours-ago-short":{"_index":["plural","value"],"_":{"zero":"upravo","other":"pre {{value}}s"}},"days-ago-short":{"_index":["plural","value"],"_":{"zero":"danas","other":"pre {{value}}d"}},"minutes-until-short":{"_index":["plural","value"],"_":{"zero":"upravo","other":"za {{value}}m"}},"hours-until-short":{"_index":["plural","value"],"_":{"zero":"upravo","other":"za {{value}}s"}},"days-until-short":{"_index":["plural","value"],"_":{"zero":"danas","other":"za {{value}}d"}},"incorrectDate":"(netačan datum)","dateTimeFormat_%c":"%a %e %b %Y %H:%M:%S","dateTimeFormat_%x":"%d.%m.%Y","dateTimeFormat_%X":"%H:%M:%S","shortTimeFormat":"%H:%M","shortDateTimeFormat":"%x %H:%M","weekStartsOnMonday":"1","time_am":"AM","time_pm":"PM"}